case_id,modalidad,min,max,media,p99
BraTS-GLI-02405-100,t1n,1.5570486783981323,2126.009521484375,555.9800415039062,1050.707763671875
BraTS-GLI-02405-100,t1c,0.5997071862220764,5939.568359375,819.3809204101562,2942.637939453125
BraTS-GLI-02405-100,t2w,0.18408897519111633,3018.031494140625,1288.451416015625,2435.02490234375
BraTS-GLI-02405-100,t2f,0.993646502494812,2017.7744140625,609.4400024414062,1046.45849609375
BraTS-GLI-02405-101,t1n,0.9680985808372498,2570.8974609375,552.4498291015625,1072.1595458984375
BraTS-GLI-02405-101,t1c,0.12229098379611969,7025.9326171875,825.3097534179688,3476.40283203125
BraTS-GLI-02405-101,t2w,0.038624357432127,2976.02880859375,1216.157470703125,2357.234130859375
BraTS-GLI-02405-101,t2f,0.028075523674488068,2065.62255859375,580.0236206054688,1185.8326416015625
BraTS-GLI-02406-100,t1n,2.7960076332092285,2337.17919921875,573.43359375,1025.203369140625
BraTS-GLI-02406-100,t1c,0.1346805840730667,5476.7080078125,786.4530029296875,2597.094482421875
BraTS-GLI-02406-100,t2w,0.01210425328463316,3992.0244140625,1188.431396484375,2563.36181640625
BraTS-GLI-02406-100,t2f,0.12156952917575836,2005.5389404296875,647.8741455078125,1097.755615234375
BraTS-GLI-02407-100,t1n,0.05114343762397766,2313.962158203125,562.649169921875,1010.1992797851562
BraTS-GLI-02407-100,t1c,0.06530750542879105,5668.75537109375,801.0795288085938,2864.01318359375
BraTS-GLI-02407-100,t2w,0.0004306788323447108,3730.449951171875,1239.2398681640625,2735.52978515625
BraTS-GLI-02407-100,t2f,0.027437789365649223,2100.708984375,606.9684448242188,1000.5971069335938
BraTS-GLI-02408-100,t1n,18.342731475830078,2019.3406982421875,564.105224609375,1056.2550048828125
BraTS-GLI-02408-100,t1c,0.8793064951896667,6285.45263671875,791.7251586914062,2627.155517578125
BraTS-GLI-02408-100,t2w,0.0822233185172081,3774.08056640625,1332.0374755859375,2781.39453125
BraTS-GLI-02408-100,t2f,0.18316645920276642,2001.8089599609375,680.7371826171875,1680.6981201171875
BraTS-GLI-02409-100,t1n,0.669915497303009,2351.29345703125,554.9517822265625,1044.2125244140625
BraTS-GLI-02409-100,t1c,0.04635191336274147,5525.12646484375,781.3605346679688,2861.4970703125
BraTS-GLI-02409-100,t2w,0.015355506911873817,4022.7822265625,1241.9688720703125,2760.49658203125
BraTS-GLI-02409-100,t2f,0.07292558997869492,2083.158203125,690.4141845703125,1615.751220703125
BraTS-GLI-02410-100,t1n,0.7331106066703796,3022.55908203125,576.2863159179688,1027.3577880859375
BraTS-GLI-02410-100,t1c,0.5032150149345398,5617.357421875,803.8638305664062,2722.60400390625
BraTS-GLI-02410-100,t2w,0.010327455587685108,3624.903076171875,1088.925537109375,2406.61962890625
BraTS-GLI-02410-100,t2f,0.053902264684438705,3607.873046875,654.2159423828125,1316.7139892578125
BraTS-GLI-02410-101,t1n,2.2003870010375977,1880.414794921875,583.3118896484375,1052.0545654296875
BraTS-GLI-02410-101,t1c,0.11283717304468155,5941.29541015625,769.5928344726562,2588.604736328125
BraTS-GLI-02410-101,t2w,0.11526060104370117,3504.012451171875,1195.900390625,2601.654052734375
BraTS-GLI-02410-101,t2f,0.01216355711221695,2437.7197265625,637.7393798828125,1091.1556396484375
BraTS-GLI-02411-100,t1n,0.6934787631034851,2861.741943359375,534.446533203125,1042.407470703125
BraTS-GLI-02411-100,t1c,0.023341869935393333,6406.1611328125,770.0660400390625,3190.17822265625
BraTS-GLI-02411-100,t2w,0.04454129934310913,5153.24658203125,1439.950927734375,3209.96142578125
BraTS-GLI-02411-100,t2f,0.01349575724452734,2468.868408203125,584.8173217773438,1145.118896484375
BraTS-GLI-02412-100,t1n,1.8369390964508057,1920.2967529296875,545.1412353515625,1039.905029296875
BraTS-GLI-02412-100,t1c,0.044014908373355865,6577.19775390625,775.8904418945312,3006.341796875
BraTS-GLI-02412-100,t2w,0.037057988345623016,3250.831298828125,1140.145751953125,2385.372802734375
BraTS-GLI-02412-100,t2f,0.011072062887251377,2157.002197265625,660.0523681640625,1337.559814453125
BraTS-GLI-02413-100,t1n,0.2804262936115265,2441.214111328125,572.7335205078125,1054.1962890625
BraTS-GLI-02413-100,t1c,0.11697059124708176,7578.43310546875,815.327880859375,3142.04345703125
BraTS-GLI-02413-100,t2w,0.10589294135570526,3125.394775390625,1138.4696044921875,2235.6875
BraTS-GLI-02413-100,t2f,0.0810834988951683,1822.3662109375,622.6724853515625,1104.5914306640625
BraTS-GLI-02414-100,t1n,0.5194725394248962,2048.3359375,568.9762573242188,1065.38818359375
BraTS-GLI-02414-100,t1c,0.02661348693072796,5544.9072265625,768.9779052734375,2767.255615234375
BraTS-GLI-02414-100,t2w,0.0024546110071241856,4519.4248046875,1364.150634765625,2773.016357421875
BraTS-GLI-02414-100,t2f,0.0313277468085289,2100.490966796875,647.2262573242188,1303.6270751953125
BraTS-GLI-02415-100,t1n,0.1473790407180786,2364.072265625,563.1126098632812,1047.3294677734375
BraTS-GLI-02415-100,t1c,0.005702378693968058,6557.98486328125,784.7000732421875,2683.777099609375
BraTS-GLI-02415-100,t2w,0.11868777126073837,5358.13330078125,1548.2271728515625,3407.9638671875
BraTS-GLI-02415-100,t2f,0.0018660352798178792,2067.137451171875,625.6741943359375,1160.1124267578125
BraTS-GLI-02416-100,t1n,2.5395395755767822,2312.608642578125,536.0367431640625,1036.83740234375
BraTS-GLI-02416-100,t1c,0.040533196181058884,5936.681640625,756.9205322265625,2742.712646484375
BraTS-GLI-02416-100,t2w,0.14519959688186646,3328.1572265625,1370.4815673828125,2603.17041015625
BraTS-GLI-02416-100,t2f,0.03836313635110855,2196.90185546875,579.633544921875,1031.4456787109375
BraTS-GLI-02417-100,t1n,0.6281408667564392,3456.972412109375,580.0303344726562,1031.335693359375
BraTS-GLI-02417-100,t1c,0.026088325306773186,4865.2568359375,782.1241455078125,2692.704345703125
BraTS-GLI-02417-100,t2w,0.021518567577004433,3629.769287109375,1145.3756103515625,2597.810302734375
BraTS-GLI-02417-100,t2f,0.049775611609220505,3928.83544921875,645.9071044921875,1463.765380859375
BraTS-GLI-02417-101,t1n,0.12536919116973877,2832.56884765625,589.6329956054688,1061.808349609375
BraTS-GLI-02417-101,t1c,0.37056541442871094,5856.24658203125,812.4112548828125,2911.073486328125
BraTS-GLI-02417-101,t2w,0.05819946154952049,4433.18994140625,1460.898193359375,3156.867919921875
BraTS-GLI-02417-101,t2f,0.11074060946702957,4357.2490234375,650.779541015625,1609.9422607421875
BraTS-GLI-02418-100,t1n,0.20346608757972717,2388.525634765625,561.5630493164062,1041.2130126953125
BraTS-GLI-02418-100,t1c,0.05157362297177315,6856.55126953125,830.5923461914062,3456.080810546875
BraTS-GLI-02418-100,t2w,0.10467982292175293,3341.66259765625,1175.8348388671875,2479.1806640625
BraTS-GLI-02418-100,t2f,0.10317377001047134,3154.500244140625,608.8816528320312,954.05126953125
BraTS-GLI-02418-101,t1n,0.2559453248977661,1862.76953125,559.2290649414062,1036.798828125
BraTS-GLI-02418-101,t1c,0.14244534075260162,6391.36572265625,798.4089965820312,3149.79736328125
BraTS-GLI-02418-101,t2w,0.19419878721237183,3625.45556640625,1326.6595458984375,2770.82470703125
BraTS-GLI-02418-101,t2f,0.12100552767515182,2121.978271484375,596.796630859375,898.9758911132812
BraTS-GLI-02418-102,t1n,0.06470546126365662,2020.6083984375,554.7522583007812,1079.746826171875
BraTS-GLI-02418-102,t1c,0.09697800874710083,7074.8466796875,800.21240234375,3329.818603515625
BraTS-GLI-02418-102,t2w,0.06294114887714386,3444.602294921875,1245.746337890625,2491.281005859375
BraTS-GLI-02418-102,t2f,0.0022420245222747326,1625.0377197265625,589.620849609375,1003.8433227539062
BraTS-GLI-02419-100,t1n,0.38949477672576904,2546.54931640625,584.4459228515625,1013.7433471679688
BraTS-GLI-02419-100,t1c,0.24859797954559326,4778.4228515625,773.4197998046875,2427.831787109375
BraTS-GLI-02419-100,t2w,0.00012242398224771023,3841.75244140625,1176.961669921875,2656.546875
BraTS-GLI-02419-100,t2f,0.018008770421147346,3552.764404296875,656.6265869140625,1312.1270751953125
BraTS-GLI-02420-100,t1n,0.009673422202467918,3035.086181640625,563.7809448242188,1388.9940185546875
BraTS-GLI-02420-100,t1c,0.00698007782921195,6848.64599609375,896.209716796875,3802.43798828125
BraTS-GLI-02420-100,t2w,0.0018202977953478694,4733.29248046875,1229.96875,2944.32421875
BraTS-GLI-02420-100,t2f,0.022378770634531975,2558.606689453125,568.0869140625,1376.4776611328125
BraTS-GLI-02420-101,t1n,0.04095348343253136,2790.44189453125,541.408203125,1050.299560546875
BraTS-GLI-02420-101,t1c,0.03837862238287926,5894.5771484375,748.358642578125,2810.9580078125
BraTS-GLI-02420-101,t2w,0.049443915486335754,4196.765625,1363.245361328125,2845.6083984375
BraTS-GLI-02420-101,t2f,0.0010882256319746375,2258.928466796875,583.0001220703125,1117.3050537109375
BraTS-GLI-02421-100,t1n,0.021578771993517876,2783.92626953125,542.2249145507812,1046.9248046875
BraTS-GLI-02421-100,t1c,0.25431349873542786,5798.6162109375,818.796875,3280.34033203125
BraTS-GLI-02421-100,t2w,0.00834075827151537,4466.6083984375,1551.845947265625,3337.0341796875
BraTS-GLI-02421-100,t2f,0.02450094185769558,2545.596923828125,641.3870239257812,1121.2896728515625
BraTS-GLI-02422-100,t1n,1.0386161804199219,2261.0537109375,514.12841796875,1031.35693359375
BraTS-GLI-02422-100,t1c,0.1806965321302414,6897.93896484375,728.8446655273438,3015.09326171875
BraTS-GLI-02422-100,t2w,0.28210192918777466,3153.804931640625,1268.3680419921875,2433.139892578125
BraTS-GLI-02422-100,t2f,0.04899205267429352,2710.81005859375,553.37255859375,1280.484130859375
BraTS-GLI-02422-101,t1n,1.0733873844146729,2135.57861328125,518.0474853515625,1036.389404296875
BraTS-GLI-02422-101,t1c,0.07615801692008972,6938.5859375,744.162109375,2906.781982421875
BraTS-GLI-02422-101,t2w,0.05398700013756752,3059.702392578125,1250.71826171875,2387.3154296875
BraTS-GLI-02422-101,t2f,0.006990162190049887,2406.61328125,553.8151245117188,1163.9755859375
BraTS-GLI-02423-100,t1n,0.32421717047691345,2761.171142578125,580.9163208007812,1015.0301513671875
BraTS-GLI-02423-100,t1c,0.14164948463439941,6327.05419921875,843.5469970703125,3534.740234375
BraTS-GLI-02423-100,t2w,0.005179583095014095,3530.31103515625,1164.509521484375,2422.653564453125
BraTS-GLI-02423-100,t2f,0.051171571016311646,2020.3289794921875,641.3131103515625,1078.79736328125
BraTS-GLI-02424-100,t1n,1.1452330350875854,2189.72119140625,590.4658813476562,1012.7865600585938
BraTS-GLI-02424-100,t1c,0.07218533754348755,6517.49951171875,843.3524169921875,3408.61474609375
BraTS-GLI-02424-100,t2w,0.07224149256944656,3365.4833984375,1135.8321533203125,2328.572265625
BraTS-GLI-02424-100,t2f,0.07242890447378159,2470.441162109375,656.2796020507812,1157.173095703125
BraTS-GLI-02425-100,t1n,0.8360702395439148,2630.206787109375,577.6433715820312,1049.3011474609375
BraTS-GLI-02425-100,t1c,0.08614852279424667,6418.6025390625,841.0164184570312,3297.13623046875
BraTS-GLI-02425-100,t2w,0.00434137275442481,3281.898681640625,1119.8699951171875,2378.515380859375
BraTS-GLI-02425-100,t2f,0.03658178076148033,2138.489990234375,630.7899780273438,997.0550537109375
BraTS-GLI-02426-100,t1n,0.6281387209892273,3675.261962890625,585.1072998046875,1015.9799194335938
BraTS-GLI-02426-100,t1c,0.04557175561785698,6507.24072265625,808.7918090820312,3149.5751953125
BraTS-GLI-02426-100,t2w,0.04015776887536049,3578.4755859375,1235.428466796875,2591.8818359375
BraTS-GLI-02426-100,t2f,0.004508086480200291,2984.5810546875,621.5010375976562,1125.5972900390625
BraTS-GLI-02427-100,t1n,0.2556970715522766,1905.76318359375,546.0059204101562,1040.0064697265625
BraTS-GLI-02427-100,t1c,0.006125687155872583,6267.85693359375,746.6502075195312,2791.989013671875
BraTS-GLI-02427-100,t2w,0.09758198261260986,3952.855224609375,1273.1328125,2778.22216796875
BraTS-GLI-02427-100,t2f,0.03927609696984291,2018.8857421875,588.9462280273438,1164.8157958984375
BraTS-GLI-02427-101,t1n,2.0512890815734863,2202.467529296875,536.2577514648438,1043.90673828125
BraTS-GLI-02427-101,t1c,0.010206921026110649,6449.8173828125,733.2603759765625,2636.764892578125
BraTS-GLI-02427-101,t2w,0.011295200325548649,3520.658935546875,1143.541259765625,2453.203125
BraTS-GLI-02427-101,t2f,0.010676044039428234,2163.940185546875,586.4680786132812,1242.408935546875
BraTS-GLI-02428-100,t1n,0.034427862614393234,2748.195556640625,542.7969360351562,1073.5408935546875
BraTS-GLI-02428-100,t1c,0.10445258766412735,6368.49658203125,796.945068359375,3609.015380859375
BraTS-GLI-02428-100,t2w,0.07120141386985779,3812.679931640625,1415.6875,2868.611328125
BraTS-GLI-02428-100,t2f,0.017816869542002678,2133.517333984375,567.16650390625,1166.22900390625
BraTS-GLI-02429-100,t1n,0.5844722390174866,2387.648193359375,567.9619750976562,1033.0264892578125
BraTS-GLI-02429-100,t1c,0.1934901773929596,5589.72412109375,784.9979248046875,2971.12158203125
BraTS-GLI-02429-100,t2w,0.11925076693296432,3631.029541015625,1182.0045166015625,2472.79296875
BraTS-GLI-02429-100,t2f,0.09161639213562012,2092.481689453125,632.8719482421875,1341.244140625
BraTS-GLI-02429-101,t1n,1.2419171333312988,2291.236083984375,566.736083984375,1066.7784423828125
BraTS-GLI-02429-101,t1c,0.043663110584020615,5597.0341796875,778.386962890625,2774.9638671875
BraTS-GLI-02429-101,t2w,0.06518591940402985,3184.951416015625,1141.646728515625,2303.169189453125
BraTS-GLI-02429-101,t2f,0.056832969188690186,2217.240966796875,626.98388671875,1299.340576171875
BraTS-GLI-02430-100,t1n,0.004389842506498098,2166.81884765625,585.1085205078125,1026.8145751953125
BraTS-GLI-02430-100,t1c,0.11645552515983582,6165.177734375,835.792724609375,3713.42236328125
BraTS-GLI-02430-100,t2w,0.004753220360726118,3417.136962890625,1135.326171875,2463.83203125
BraTS-GLI-02430-100,t2f,0.031067294999957085,2008.7906494140625,629.0343017578125,947.8651123046875
BraTS-GLI-02431-100,t1n,1.8301076889038086,2638.00146484375,555.087646484375,1086.261962890625
BraTS-GLI-02431-100,t1c,0.1849065124988556,6920.83837890625,798.6466064453125,3149.693603515625
BraTS-GLI-02431-100,t2w,0.1246781200170517,3748.924560546875,1443.9044189453125,2923.943115234375
BraTS-GLI-02431-100,t2f,0.015078011900186539,1826.03173828125,575.1661376953125,1035.0206298828125
BraTS-GLI-02431-101,t1n,0.6066482067108154,2631.81396484375,561.4833374023438,1097.2091064453125
BraTS-GLI-02431-101,t1c,0.09941301494836807,6826.50439453125,806.64453125,3228.37646484375
BraTS-GLI-02431-101,t2w,0.1519164890050888,3452.963623046875,1357.264404296875,2788.885009765625
BraTS-GLI-02431-101,t2f,0.01338836457580328,1850.1490478515625,592.4111328125,1119.0318603515625
BraTS-GLI-02432-100,t1n,0.3796856999397278,2414.592529296875,558.3901977539062,1050.8603515625
BraTS-GLI-02432-100,t1c,0.5854671001434326,7742.0546875,852.6689453125,3861.36474609375
BraTS-GLI-02432-100,t2w,0.003180286381393671,4379.365234375,1233.5267333984375,2532.10107421875
BraTS-GLI-02432-100,t2f,0.0007356551941484213,2058.85302734375,618.9807739257812,1242.572998046875
BraTS-GLI-02433-100,t1n,5.430366039276123,5174.91845703125,570.2098388671875,1073.9078369140625
BraTS-GLI-02433-100,t1c,0.04257236421108246,6542.34716796875,843.9317016601562,3416.982177734375
BraTS-GLI-02433-100,t2w,0.1278080940246582,3309.599365234375,1260.2374267578125,2603.33740234375
BraTS-GLI-02433-100,t2f,0.051892586052417755,3106.6357421875,655.1650390625,1904.4322509765625
BraTS-GLI-02433-101,t1n,4.478413105010986,2754.667724609375,533.6092529296875,1039.82275390625
BraTS-GLI-02433-101,t1c,0.0008556358516216278,6184.0634765625,783.0768432617188,3384.3427734375
BraTS-GLI-02433-101,t2w,0.4594842791557312,3242.907958984375,1334.88623046875,2456.15478515625
BraTS-GLI-02433-101,t2f,0.05852904170751572,1910.900390625,577.8681030273438,1049.241455078125
BraTS-GLI-02478-100,t1n,34.924991607666016,559.330078125,260.1461486816406,372.8404541015625
BraTS-GLI-02478-100,t1c,36.500450134277344,993.1239013671875,287.7666320800781,536.7823486328125
BraTS-GLI-02478-100,t2w,0.018494443967938423,1559.202880859375,430.3025207519531,1259.4052734375
BraTS-GLI-02478-100,t2f,0.18522928655147552,974.252685546875,354.76922607421875,641.1868286132812
BraTS-GLI-02478-101,t1n,27.87769317626953,2734.76416015625,379.3463439941406,565.3782958984375
BraTS-GLI-02478-101,t1c,50.6934928894043,3893.88232421875,428.1811828613281,987.5817260742188
BraTS-GLI-02478-101,t2w,0.02397127076983452,2176.412109375,667.4462280273438,1759.5963134765625
BraTS-GLI-02478-101,t2f,0.23341770470142365,1181.2711181640625,342.2950134277344,608.0682373046875
BraTS-GLI-02479-100,t1n,0.0007554261828772724,653.4644775390625,212.69285583496094,270.36199951171875
BraTS-GLI-02479-100,t1c,0.06649523973464966,945.4853515625,263.690673828125,402.71240234375
BraTS-GLI-02479-100,t2w,0.000939832825679332,957.4554443359375,284.33917236328125,667.0333862304688
BraTS-GLI-02479-100,t2f,0.0010276933899149299,681.9607543945312,253.82992553710938,384.2752685546875
BraTS-GLI-02479-101,t1n,1.471701741218567,556.5,357.7275085449219,471.471923828125
BraTS-GLI-02479-101,t1c,22.244253158569336,1889.2684326171875,398.904052734375,844.4642333984375
BraTS-GLI-02479-101,t2w,0.33291512727737427,1522.9288330078125,503.07781982421875,1144.5333251953125
BraTS-GLI-02479-101,t2f,0.005024211015552282,821.94580078125,392.0993957519531,689.66650390625
BraTS-GLI-02479-102,t1n,1.5085252523422241,886.4829711914062,391.08685302734375,506.79974365234375
BraTS-GLI-02479-102,t1c,28.365633010864258,1924.6771240234375,413.219970703125,854.6106567382812
BraTS-GLI-02479-102,t2w,0.003267135703936219,1727.2381591796875,602.5862426757812,1187.5283203125
BraTS-GLI-02479-102,t2f,0.05380496010184288,1324.6805419921875,451.3948669433594,785.6123657226562
BraTS-GLI-02479-103,t1n,2.1957290172576904,366.9471435546875,204.97982788085938,316.3793029785156
BraTS-GLI-02479-103,t1c,1.962828516960144,1142.65380859375,232.26840209960938,401.3352355957031
BraTS-GLI-02479-103,t2w,1.1125560998916626,1602.990478515625,621.4149780273438,1341.789794921875
BraTS-GLI-02479-103,t2f,0.006764092482626438,799.6303100585938,390.20489501953125,651.9634399414062
BraTS-GLI-02479-104,t1n,18.41779327392578,615.1931762695312,248.7300262451172,400.27984619140625
BraTS-GLI-02479-104,t1c,1.962828516960144,1142.65380859375,234.04193115234375,386.280029296875
BraTS-GLI-02479-104,t2w,0.004664002452045679,1734.775634765625,542.8497314453125,1352.6768798828125
BraTS-GLI-02479-104,t2f,0.042641978710889816,734.2186279296875,381.2063293457031,624.0850219726562
BraTS-GLI-02480-100,t1n,0.7263259291648865,609.2244262695312,241.575439453125,346.12957763671875
BraTS-GLI-02480-100,t1c,3.064234495162964,907.6724853515625,274.5877685546875,564.1571655273438
BraTS-GLI-02480-100,t2w,0.007465713191777468,1196.844970703125,420.59942626953125,954.2244262695312
BraTS-GLI-02480-100,t2f,0.15407899022102356,271.9135437011719,120.36851501464844,202.24400329589844
BraTS-GLI-02480-101,t1n,28.290904998779297,846.709716796875,293.93109130859375,455.1939697265625
BraTS-GLI-02480-101,t1c,30.117094039916992,1246.529296875,327.53375244140625,594.7528686523438
BraTS-GLI-02480-101,t2w,0.3090521991252899,1886.1968994140625,621.9461059570312,1505.8094482421875
BraTS-GLI-02480-101,t2f,0.13065673410892487,872.2003173828125,423.4397277832031,656.7957153320312
BraTS-GLI-02481-100,t1n,20.141904830932617,695.00634765625,290.0669250488281,404.9588317871094
BraTS-GLI-02481-100,t1c,32.975494384765625,1125.4534912109375,322.20428466796875,612.1329345703125
BraTS-GLI-02481-100,t2w,0.005414468236267567,1353.95263671875,391.33538818359375,1020.1925048828125
BraTS-GLI-02481-100,t2f,0.16471844911575317,807.9912109375,345.2308654785156,679.8675537109375
BraTS-GLI-02481-102,t1n,1.8075615167617798,368.0623779296875,200.614013671875,318.0451354980469
BraTS-GLI-02481-102,t1c,1.8064745664596558,666.1634521484375,213.3033447265625,327.8810119628906
BraTS-GLI-02481-102,t2w,0.44549211859703064,1067.3651123046875,381.1751403808594,871.4357299804688
BraTS-GLI-02481-102,t2f,0.006345959845930338,717.2677612304688,279.46942138671875,509.8202819824219
BraTS-GLI-02481-103,t1n,27.126279830932617,422.20404052734375,257.265869140625,367.97210693359375
BraTS-GLI-02481-103,t1c,24.7348690032959,990.30419921875,285.2757568359375,542.6924438476562
BraTS-GLI-02481-103,t2w,0.013855282217264175,1240.1390380859375,465.762939453125,992.11572265625
BraTS-GLI-02481-103,t2f,0.0012678996426984668,665.217529296875,282.2698974609375,495.7460021972656
BraTS-GLI-02481-104,t1n,24.256072998046875,452.5069885253906,261.9571533203125,377.2911071777344
BraTS-GLI-02481-104,t1c,36.79249954223633,946.2755737304688,286.1229553222656,541.365234375
BraTS-GLI-02481-104,t2w,0.08162519335746765,1368.5244140625,479.3948669433594,1017.7318115234375
BraTS-GLI-02481-104,t2f,0.011707919649779797,889.8084106445312,290.87969970703125,509.1061096191406
BraTS-GLI-02482-100,t1n,2.2112114429473877,378.3681945800781,178.50326538085938,303.35479736328125
BraTS-GLI-02482-100,t1c,4.570976734161377,977.1851806640625,194.34361267089844,369.8320007324219
BraTS-GLI-02482-100,t2w,0.7878222465515137,1060.448486328125,348.3746643066406,914.9974975585938
BraTS-GLI-02482-100,t2f,0.0022779556456953287,224.30223083496094,80.0606689453125,131.281005859375
BraTS-GLI-02483-100,t1n,12.695876121520996,662.777099609375,195.67703247070312,270.77557373046875
BraTS-GLI-02483-100,t1c,16.193950653076172,970.7880859375,240.8952178955078,608.331298828125
BraTS-GLI-02483-100,t2w,0.005467946175485849,1231.9852294921875,441.4783020019531,922.7474365234375
BraTS-GLI-02483-100,t2f,0.035500992089509964,806.6114501953125,296.6940002441406,535.380859375
BraTS-GLI-02484-100,t1n,22.90297508239746,634.2188720703125,250.77731323242188,336.47930908203125
BraTS-GLI-02484-100,t1c,30.278169631958008,792.6249389648438,271.587646484375,495.54058837890625
BraTS-GLI-02484-100,t2w,0.01963198371231556,1382.05419921875,407.59954833984375,835.0164794921875
BraTS-GLI-02484-100,t2f,0.0009113831911236048,1027.270751953125,301.17828369140625,494.88946533203125
BraTS-GLI-02485-100,t1n,15.715967178344727,659.1671752929688,262.6138610839844,349.8932189941406
BraTS-GLI-02485-100,t1c,16.00269889831543,1093.926025390625,297.6933288574219,594.279541015625
BraTS-GLI-02485-100,t2w,0.011699243448674679,1507.96240234375,402.8717041015625,824.7650756835938
BraTS-GLI-02485-100,t2f,0.0016342714661732316,1252.7884521484375,312.5469055175781,517.7201538085938
BraTS-GLI-02485-101,t1n,0.16939833760261536,352.72430419921875,188.4268035888672,285.39190673828125
BraTS-GLI-02485-101,t1c,0.14689645171165466,737.4898071289062,205.7686767578125,313.5713806152344
BraTS-GLI-02485-101,t2w,3.328636646270752,1172.7364501953125,343.2032470703125,786.7405395507812
BraTS-GLI-02485-101,t2f,0.0019169554580003023,702.5404052734375,316.5307312011719,454.8463134765625
BraTS-GLI-02485-102,t1n,2.8930928707122803,330.77789306640625,195.73171997070312,283.7254638671875
BraTS-GLI-02485-102,t1c,10.664131164550781,718.7070922851562,258.341796875,415.0750732421875
BraTS-GLI-02485-102,t2w,0.00015516846906393766,1141.1146240234375,380.0065002441406,849.4432373046875
BraTS-GLI-02485-102,t2f,2.038290602968118e-07,223.26771545410156,85.65083312988281,138.71360778808594
BraTS-GLI-02486-100,t1n,27.590177536010742,1081.1197509765625,274.29180908203125,416.8917236328125
BraTS-GLI-02486-100,t1c,41.648406982421875,1170.1885986328125,308.6499328613281,570.2286376953125
BraTS-GLI-02486-100,t2w,3.7241814136505127,1785.4969482421875,503.7785949707031,1324.263671875
BraTS-GLI-02486-100,t2f,0.02370302937924862,1206.3797607421875,410.89044189453125,719.8671875
BraTS-GLI-02486-101,t1n,37.78502655029297,978.0619506835938,288.7300720214844,430.17138671875
BraTS-GLI-02486-101,t1c,37.1750373840332,1290.9674072265625,343.8634948730469,748.4154052734375
BraTS-GLI-02486-101,t2w,0.6010637283325195,2109.33447265625,507.44720458984375,1334.8272705078125
BraTS-GLI-02486-101,t2f,4.043874650960788e-05,1704.6478271484375,420.47314453125,957.62109375
BraTS-GLI-02487-100,t1n,18.161346435546875,685.815185546875,254.552001953125,356.962890625
BraTS-GLI-02487-100,t1c,23.910446166992188,938.9005737304688,283.4529113769531,540.817138671875
BraTS-GLI-02487-100,t2w,0.0008239979506470263,1246.26318359375,489.0930480957031,985.4481201171875
BraTS-GLI-02487-100,t2f,0.001443089684471488,928.4130249023438,335.1094665527344,644.339111328125
BraTS-GLI-02488-100,t1n,27.590177536010742,1081.1197509765625,274.29180908203125,416.8917236328125
BraTS-GLI-02488-100,t1c,41.648406982421875,1170.1885986328125,308.6499328613281,570.2286376953125
BraTS-GLI-02488-100,t2w,3.7241814136505127,1785.4969482421875,503.7785949707031,1324.263671875
BraTS-GLI-02488-100,t2f,0.02370302937924862,1206.3797607421875,410.89044189453125,719.8671875
BraTS-GLI-02488-101,t1n,37.78502655029297,978.0619506835938,288.7300720214844,430.17138671875
BraTS-GLI-02488-101,t1c,37.1750373840332,1290.9674072265625,343.8634948730469,748.4154052734375
BraTS-GLI-02488-101,t2w,0.6010637283325195,2109.33447265625,507.44720458984375,1334.8272705078125
BraTS-GLI-02488-101,t2f,4.043874650960788e-05,1704.6478271484375,420.47314453125,957.62109375
BraTS-GLI-02489-100,t1n,35.0378303527832,613.8656616210938,325.4249267578125,495.57586669921875
BraTS-GLI-02489-100,t1c,44.97053146362305,1734.2935791015625,375.0506896972656,873.6296997070312
BraTS-GLI-02489-100,t2w,0.0643070787191391,1949.636962890625,558.595947265625,1536.623291015625
BraTS-GLI-02489-100,t2f,0.0034979733172804117,1003.868896484375,431.5334167480469,723.478271484375
BraTS-GLI-02490-100,t1n,15.373567581176758,380.0740966796875,217.4776153564453,307.52557373046875
BraTS-GLI-02490-100,t1c,24.60625457763672,744.3203735351562,236.4385528564453,416.33428955078125
BraTS-GLI-02490-100,t2w,0.02200373075902462,1042.9705810546875,410.49609375,834.396728515625
BraTS-GLI-02490-100,t2f,0.006846457254141569,596.52587890625,254.6171417236328,429.8455810546875
BraTS-GLI-02490-101,t1n,1.3357863426208496,343.8811950683594,177.92572021484375,286.34320068359375
BraTS-GLI-02490-101,t1c,5.929805755615234,960.6511840820312,199.504638671875,376.9640197753906
BraTS-GLI-02490-101,t2w,7.289721488952637,909.4354248046875,297.6235046386719,748.4883422851562
BraTS-GLI-02490-101,t2f,0.0023954228963702917,235.840576171875,69.95895385742188,112.8075180053711
BraTS-GLI-02491-100,t1n,9.720410346984863,568.8597412109375,265.39630126953125,404.8717041015625
BraTS-GLI-02491-100,t1c,17.45352554321289,1328.0389404296875,302.1263122558594,542.4895629882812
BraTS-GLI-02491-100,t2w,0.12718257308006287,1649.7984619140625,446.3194274902344,1024.624267578125
BraTS-GLI-02491-100,t2f,6.124310311861336e-05,844.4221801757812,377.9715270996094,674.459716796875
BraTS-GLI-02491-101,t1n,24.074790954589844,442.8092346191406,226.52676391601562,355.04302978515625
BraTS-GLI-02491-101,t1c,25.019134521484375,1299.048095703125,277.87115478515625,643.9885864257812
BraTS-GLI-02491-101,t2w,0.4336956739425659,1493.222412109375,473.9445495605469,1036.7349853515625
BraTS-GLI-02491-101,t2f,0.005209015682339668,714.5861206054688,337.15228271484375,618.9518432617188
BraTS-GLI-02491-102,t1n,30.86585235595703,504.0834655761719,274.9429016113281,414.9746398925781
BraTS-GLI-02491-102,t1c,30.60668182373047,1319.567138671875,309.6658020019531,577.716796875
BraTS-GLI-02491-102,t2w,0.12530140578746796,1656.183837890625,493.83819580078125,1213.9732666015625
BraTS-GLI-02491-102,t2f,0.03508337587118149,706.1679077148438,374.55792236328125,611.76318359375
BraTS-GLI-02491-103,t1n,2.2231647968292236,367.23321533203125,185.3644256591797,288.2091369628906
BraTS-GLI-02491-103,t1c,2.719982624053955,849.4979858398438,217.38487243652344,505.2678527832031
BraTS-GLI-02491-103,t2w,0.10034559667110443,1019.2156982421875,410.3866882324219,824.5479736328125
BraTS-GLI-02491-103,t2f,0.10284733772277832,286.7833251953125,115.09666442871094,198.99342346191406
BraTS-GLI-02491-104,t1n,12.759570121765137,964.4749755859375,308.4184265136719,470.45501708984375
BraTS-GLI-02491-104,t1c,25.04345703125,1513.1390380859375,362.2205810546875,817.034912109375
BraTS-GLI-02491-104,t2w,0.026513390243053436,1967.5340576171875,552.001220703125,1261.9505615234375
BraTS-GLI-02491-104,t2f,0.08507522940635681,1273.1563720703125,394.0263671875,727.673583984375
BraTS-GLI-02492-100,t1n,14.588785171508789,636.5700073242188,254.56158447265625,388.0294189453125
BraTS-GLI-02492-100,t1c,0.08865383267402649,1162.9820556640625,321.30413818359375,608.0225219726562
BraTS-GLI-02492-100,t2w,0.010539843700826168,896.4429931640625,336.0232849121094,658.2406005859375
BraTS-GLI-02492-100,t2f,0.0006095832213759422,645.7655639648438,295.54571533203125,415.05987548828125
BraTS-GLI-02492-101,t1n,10.076452255249023,683.78271484375,253.9771728515625,383.4580993652344
BraTS-GLI-02492-101,t1c,8.238578796386719,1017.892333984375,311.962890625,569.3576049804688
BraTS-GLI-02492-101,t2w,0.09589194506406784,897.3028564453125,333.2029724121094,652.7484130859375
BraTS-GLI-02492-101,t2f,0.03635813295841217,630.1495971679688,283.9599914550781,398.5397644042969
BraTS-GLI-02492-102,t1n,0.9737745523452759,794.4397583007812,257.44244384765625,492.04742431640625
BraTS-GLI-02492-102,t1c,17.256912231445312,1209.49658203125,321.91693115234375,660.455810546875
BraTS-GLI-02492-102,t2w,1.8865443468093872,978.241943359375,350.50079345703125,718.114501953125
BraTS-GLI-02492-102,t2f,0.001892190077342093,748.0375366210938,283.46417236328125,463.85809326171875
BraTS-GLI-02492-103,t1n,13.579349517822266,667.562744140625,280.17596435546875,357.03619384765625
BraTS-GLI-02492-103,t1c,3.9525041580200195,1206.135009765625,343.69647216796875,452.79876708984375
BraTS-GLI-02492-103,t2w,5.224078178405762,1076.0123291015625,397.73992919921875,810.763427734375
BraTS-GLI-02492-103,t2f,3.542078733444214,919.57373046875,375.20166015625,524.6408081054688
BraTS-GLI-02492-104,t1n,15.190214157104492,686.3999633789062,276.7801818847656,413.10479736328125
BraTS-GLI-02492-104,t1c,97.35931396484375,1546.5875244140625,698.5905151367188,859.1173706054688
BraTS-GLI-02492-104,t2w,0.2198239117860794,1065.91357421875,399.8050842285156,823.453857421875
BraTS-GLI-02492-104,t2f,0.0003863801248371601,678.3330078125,284.90374755859375,457.05401611328125
BraTS-GLI-02493-100,t1n,3.048370838165283,541.1097412109375,239.0243682861328,318.77947998046875
BraTS-GLI-02493-100,t1c,16.241613388061523,519.5955200195312,203.27415466308594,335.3630065917969
BraTS-GLI-02493-100,t2w,0.5190685987472534,922.7440185546875,279.1366271972656,605.992919921875
BraTS-GLI-02493-100,t2f,0.013428458012640476,581.4117431640625,209.6282501220703,340.4493103027344
BraTS-GLI-02493-101,t1n,18.100296020507812,489.5675354003906,231.51133728027344,366.6766052246094
BraTS-GLI-02493-101,t1c,23.066755294799805,956.2298583984375,267.6131896972656,482.840576171875
BraTS-GLI-02493-101,t2w,3.24320912361145,1263.2728271484375,358.6365051269531,1023.192626953125
BraTS-GLI-02493-101,t2f,0.002855821745470166,626.1826782226562,293.7798156738281,433.426513671875
BraTS-GLI-02494-100,t1n,15.297405242919922,431.1559143066406,223.30560302734375,360.3006286621094
BraTS-GLI-02494-100,t1c,14.08594036102295,1093.295654296875,249.68472290039062,517.0625
BraTS-GLI-02494-100,t2w,0.0014728973619639874,1452.087158203125,487.70184326171875,1148.7415771484375
BraTS-GLI-02494-100,t2f,0.0009678973001427948,566.5948486328125,317.2135314941406,483.8255310058594
BraTS-GLI-02494-101,t1n,19.369123458862305,490.37396240234375,188.32818603515625,270.3854675292969
BraTS-GLI-02494-101,t1c,16.224040985107422,826.3150634765625,220.28860473632812,484.1808776855469
BraTS-GLI-02494-101,t2w,0.017600413411855698,1225.067626953125,449.2950744628906,900.6517944335938
BraTS-GLI-02494-101,t2f,0.0010219227988272905,844.2308959960938,290.5365905761719,486.1851806640625
BraTS-GLI-02494-102,t1n,10.240364074707031,283.5845031738281,157.16058349609375,227.72525024414062
BraTS-GLI-02494-102,t1c,17.960756301879883,601.1014404296875,177.73306274414062,347.6436767578125
BraTS-GLI-02494-102,t2w,0.02993706241250038,836.1572265625,352.29150390625,709.2412719726562
BraTS-GLI-02494-102,t2f,4.641675332095474e-05,502.95989990234375,202.58993530273438,374.32257080078125
BraTS-GLI-02494-103,t1n,22.614809036254883,507.66876220703125,261.9785461425781,422.0924072265625
BraTS-GLI-02494-103,t1c,36.11197280883789,1232.7509765625,306.58526611328125,557.513671875
BraTS-GLI-02494-103,t2w,0.0132004264742136,1696.462646484375,587.5076904296875,1329.21435546875
BraTS-GLI-02494-103,t2f,0.01721354015171528,974.1176147460938,345.6063232421875,617.2062377929688
BraTS-GLI-02494-104,t1n,5.1571044921875,345.5216979980469,141.4501190185547,253.72235107421875
BraTS-GLI-02494-104,t1c,0.9592267274856567,490.6678161621094,153.14620971679688,273.49664306640625
BraTS-GLI-02494-104,t2w,0.05500221252441406,877.995361328125,330.7295837402344,710.5118408203125
BraTS-GLI-02494-104,t2f,0.036597419530153275,186.3026580810547,79.80986022949219,137.43653869628906
BraTS-GLI-02501-100,t1n,12.380997657775879,661.626953125,187.38063049316406,293.222412109375
BraTS-GLI-02501-100,t1c,11.200333595275879,704.9249267578125,214.2869110107422,433.7532958984375
BraTS-GLI-02501-100,t2w,0.0014378486666828394,2564.68212890625,425.7271728515625,930.218505859375
BraTS-GLI-02501-100,t2f,0.0013867691159248352,1349.8614501953125,286.8283996582031,502.821044921875
BraTS-GLI-02501-101,t1n,11.087787628173828,463.98028564453125,215.8785858154297,308.62200927734375
BraTS-GLI-02501-101,t1c,21.2042236328125,716.6176147460938,245.5026397705078,488.3525390625
BraTS-GLI-02501-101,t2w,0.012631029821932316,1153.844482421875,520.0665893554688,971.9054565429688
BraTS-GLI-02501-101,t2f,0.0011772732250392437,782.6085205078125,312.2942199707031,516.533203125
BraTS-GLI-02502-100,t1n,15.15326976776123,439.42132568359375,187.05282592773438,267.9180603027344
BraTS-GLI-02502-100,t1c,22.39790153503418,677.6221313476562,216.25689697265625,478.30059814453125
BraTS-GLI-02502-100,t2w,0.001274240668863058,1269.4093017578125,512.7328491210938,1015.350830078125
BraTS-GLI-02502-100,t2f,0.019982730969786644,873.89404296875,289.6684265136719,522.1156005859375
BraTS-GLI-02503-100,t1n,47.93610763549805,478.44561767578125,289.8027648925781,419.0602111816406
BraTS-GLI-02503-100,t1c,36.01301574707031,994.7676391601562,314.7655334472656,533.008544921875
BraTS-GLI-02503-100,t2w,0.003381772432476282,1529.626708984375,464.63397216796875,1149.95654296875
BraTS-GLI-02503-100,t2f,0.007044849917292595,642.7716674804688,348.2239990234375,585.4453735351562
BraTS-GLI-02503-101,t1n,11.201881408691406,1362.5687255859375,622.370849609375,906.0033569335938
BraTS-GLI-02503-101,t1c,7.408147811889648,2068.570556640625,628.21337890625,938.9859619140625
BraTS-GLI-02503-101,t2w,13.921018600463867,2166.83203125,835.8203125,1715.0096435546875
BraTS-GLI-02503-101,t2f,12.108009338378906,1218.4393310546875,645.0925903320312,1133.055419921875
BraTS-GLI-02503-102,t1n,14.123669624328613,432.8475341796875,203.9464111328125,333.233154296875
BraTS-GLI-02503-102,t1c,20.43325424194336,845.3016967773438,240.41876220703125,427.5140075683594
BraTS-GLI-02503-102,t2w,5.730034828186035,1483.8277587890625,417.74420166015625,950.2122192382812
BraTS-GLI-02503-102,t2f,0.18215416371822357,750.1607055664062,265.1820983886719,451.326416015625
BraTS-GLI-02504-100,t1n,18.749935150146484,321.8060607910156,204.77200317382812,281.91796875
BraTS-GLI-02504-100,t1c,22.332305908203125,674.8505859375,234.89244079589844,470.209716796875
BraTS-GLI-02504-100,t2w,0.05174072086811066,1078.6573486328125,410.36614990234375,873.269287109375
BraTS-GLI-02504-100,t2f,0.05376679450273514,577.2748413085938,290.6285095214844,512.4078979492188
BraTS-GLI-02504-101,t1n,17.440601348876953,516.6101684570312,249.81385803222656,339.21527099609375
BraTS-GLI-02504-101,t1c,29.261518478393555,818.1655883789062,278.5774841308594,539.4547729492188
BraTS-GLI-02504-101,t2w,0.07302393764257431,1466.9388427734375,466.8143005371094,968.2509765625
BraTS-GLI-02504-101,t2f,0.018145082518458366,1199.4482421875,333.9100341796875,597.45751953125
BraTS-GLI-02504-102,t1n,33.343448638916016,847.2208862304688,294.1431884765625,460.0820617675781
BraTS-GLI-02504-102,t1c,40.542999267578125,1376.6143798828125,358.4589538574219,799.2155151367188
BraTS-GLI-02504-102,t2w,0.3815608620643616,1831.1160888671875,584.601318359375,1346.232666015625
BraTS-GLI-02504-102,t2f,0.009275219403207302,1431.697265625,441.8314514160156,743.5208740234375
BraTS-GLI-02504-103,t1n,4.045801162719727,397.4564208984375,197.44606018066406,321.9305725097656
BraTS-GLI-02504-103,t1c,9.815018653869629,965.5266723632812,220.0164337158203,453.7030334472656
BraTS-GLI-02504-103,t2w,0.46830829977989197,1209.8087158203125,344.7613525390625,879.593017578125
BraTS-GLI-02504-103,t2f,0.08261014521121979,265.686767578125,87.39899444580078,142.97023010253906
BraTS-GLI-02504-104,t1n,0.3310956358909607,351.42327880859375,176.0731964111328,286.3529357910156
BraTS-GLI-02504-104,t1c,2.2392385005950928,709.2919921875,203.8130340576172,418.9339294433594
BraTS-GLI-02504-104,t2w,0.08103888481855392,1119.8958740234375,399.2583923339844,867.1293334960938
BraTS-GLI-02504-104,t2f,0.0012757839867845178,658.6517944335938,286.7091979980469,536.2015991210938
BraTS-GLI-02504-105,t1n,39.021453857421875,499.7490539550781,281.7554016113281,436.32818603515625
BraTS-GLI-02504-105,t1c,50.08540344238281,1215.6243896484375,333.9339294433594,710.2723388671875
BraTS-GLI-02504-105,t2w,0.08445567637681961,1769.6060791015625,566.0503540039062,1356.0028076171875
BraTS-GLI-02504-105,t2f,0.022463791072368622,734.5901489257812,394.6131896972656,652.0625
BraTS-GLI-02505-100,t1n,15.496087074279785,1059.5523681640625,247.91127014160156,394.0931701660156
BraTS-GLI-02505-100,t1c,23.989532470703125,1182.292236328125,290.3955078125,688.7445678710938
BraTS-GLI-02505-100,t2w,0.4186466932296753,1947.0059814453125,495.36346435546875,1198.537841796875
BraTS-GLI-02505-100,t2f,0.011663682758808136,1094.7869873046875,340.3717956542969,543.2955322265625
BraTS-GLI-02505-101,t1n,16.671314239501953,604.8084716796875,202.43399047851562,345.390625
BraTS-GLI-02505-101,t1c,18.824594497680664,1119.610595703125,246.89657592773438,618.8111572265625
BraTS-GLI-02505-101,t2w,1.7449288368225098,1408.188232421875,497.5792541503906,1165.1053466796875
BraTS-GLI-02505-101,t2f,0.002237161388620734,855.2247924804688,295.0979309082031,574.0303955078125
BraTS-GLI-02506-100,t1n,22.758081436157227,956.3883056640625,329.39007568359375,505.2290954589844
BraTS-GLI-02506-100,t1c,23.744558334350586,1282.4866943359375,362.2807312011719,589.3702392578125
BraTS-GLI-02506-100,t2w,0.015352013520896435,2171.3515625,531.7310180664062,1339.06689453125
BraTS-GLI-02506-100,t2f,0.0958159863948822,1159.630615234375,412.2945556640625,693.5111694335938
BraTS-GLI-02506-101,t1n,32.22820281982422,560.8291015625,300.62152099609375,449.66888427734375
BraTS-GLI-02506-101,t1c,44.71263885498047,1162.9400634765625,340.3866271972656,704.2431030273438
BraTS-GLI-02506-101,t2w,0.00079248909605667,1586.484375,467.5422668457031,1188.9730224609375
BraTS-GLI-02506-101,t2f,0.4875894784927368,850.3221435546875,363.2215881347656,599.4716796875
BraTS-GLI-02507-100,t1n,16.365705490112305,814.2587890625,249.03512573242188,388.461181640625
BraTS-GLI-02507-100,t1c,35.99192810058594,1292.9874267578125,293.92108154296875,687.3663330078125
BraTS-GLI-02507-100,t2w,0.0002465409052092582,1573.189208984375,456.65155029296875,1047.0059814453125
BraTS-GLI-02507-100,t2f,0.0478600449860096,966.91162109375,364.08782958984375,632.1444702148438
BraTS-GLI-02507-101,t1n,13.270689964294434,1305.17724609375,585.8917236328125,861.8267822265625
BraTS-GLI-02507-101,t1c,24.280073165893555,2219.374267578125,577.21337890625,871.2575073242188
BraTS-GLI-02507-101,t2w,17.72981071472168,2151.7373046875,856.6427612304688,1899.475341796875
BraTS-GLI-02507-101,t2f,10.852205276489258,1680.716064453125,675.2503662109375,1080.5404052734375
BraTS-GLI-02508-100,t1n,20.615530014038086,645.4710693359375,301.5033874511719,436.29693603515625
BraTS-GLI-02508-100,t1c,32.51630783081055,1114.0260009765625,353.31878662109375,699.7131958007812
BraTS-GLI-02508-100,t2w,0.11561141163110733,1571.890869140625,487.95941162109375,1271.6190185546875
BraTS-GLI-02508-100,t2f,0.005281930789351463,696.0100708007812,371.6199645996094,594.73095703125
BraTS-GLI-02508-101,t1n,26.14274024963379,538.744384765625,215.83885192871094,304.2415771484375
BraTS-GLI-02508-101,t1c,19.069047927856445,846.376708984375,248.18109130859375,524.2876586914062
BraTS-GLI-02508-101,t2w,0.21005414426326752,1394.9503173828125,475.28265380859375,1028.0147705078125
BraTS-GLI-02508-101,t2f,0.05950113385915756,1039.3570556640625,305.1205749511719,509.8205261230469
BraTS-GLI-02508-102,t1n,29.31502342224121,963.9054565429688,324.319580078125,502.5241394042969
BraTS-GLI-02508-102,t1c,37.32645034790039,1508.018798828125,379.3548278808594,867.2987060546875
BraTS-GLI-02508-102,t2w,0.5587822794914246,1838.8153076171875,586.4581298828125,1517.7440185546875
BraTS-GLI-02508-102,t2f,0.4651522636413574,1405.036865234375,407.3771667480469,646.2784423828125
BraTS-GLI-02508-103,t1n,19.81749153137207,736.6585083007812,251.69015502929688,390.08807373046875
BraTS-GLI-02508-103,t1c,35.59710693359375,1314.4810791015625,333.2950744628906,796.4581909179688
BraTS-GLI-02508-103,t2w,0.042614877223968506,1790.455810546875,541.3023071289062,1374.6434326171875
BraTS-GLI-02508-103,t2f,0.03850123658776283,948.5418701171875,373.7910461425781,578.3026123046875
BraTS-GLI-02508-104,t1n,22.769760131835938,448.9034423828125,238.9706573486328,378.2253112792969
BraTS-GLI-02508-104,t1c,25.463966369628906,1128.6348876953125,270.1110534667969,585.9285888671875
BraTS-GLI-02508-104,t2w,0.048556964844465256,1503.1876220703125,503.56683349609375,1217.2142333984375
BraTS-GLI-02508-104,t2f,0.02772456966340542,613.48779296875,306.9744567871094,499.991455078125
BraTS-GLI-02508-105,t1n,1.306318998336792,356.5775146484375,161.2596893310547,258.4677429199219
BraTS-GLI-02508-105,t1c,2.6967930793762207,629.5109252929688,178.5666046142578,349.9144287109375
BraTS-GLI-02508-105,t2w,0.7488353252410889,1137.6141357421875,394.3305969238281,853.106201171875
BraTS-GLI-02508-105,t2f,0.001389890443533659,733.5764770507812,249.6814727783203,453.12725830078125
BraTS-GLI-02509-100,t1n,27.787979125976562,852.679443359375,332.4471740722656,480.5055236816406
BraTS-GLI-02509-100,t1c,45.60295104980469,1476.4921875,369.5215148925781,660.1887817382812
BraTS-GLI-02509-100,t2w,10.442728996276855,1134.5638427734375,439.229736328125,898.7364501953125
BraTS-GLI-02509-100,t2f,2.569012403488159,703.3984985351562,270.58538818359375,495.71307373046875
BraTS-GLI-02509-101,t1n,23.170629501342773,471.22308349609375,250.07943725585938,342.51165771484375
BraTS-GLI-02509-101,t1c,28.562694549560547,963.7771606445312,292.4418029785156,655.6027221679688
BraTS-GLI-02509-101,t2w,0.03830979764461517,1149.488525390625,417.3144836425781,850.2232055664062
BraTS-GLI-02509-101,t2f,0.04192497953772545,779.536376953125,312.1632995605469,531.9894409179688
BraTS-GLI-02509-102,t1n,19.23211669921875,571.5282592773438,219.73776245117188,305.65460205078125
BraTS-GLI-02509-102,t1c,17.25249481201172,970.6547241210938,262.2626037597656,511.18316650390625
BraTS-GLI-02509-102,t2w,0.036867327988147736,1322.2730712890625,431.2066345214844,944.2615356445312
BraTS-GLI-02509-102,t2f,0.001861691940575838,1043.3402099609375,313.9133605957031,566.2101440429688
BraTS-GLI-02509-103,t1n,0.12779945135116577,462.8302917480469,162.4073486328125,220.23524475097656
BraTS-GLI-02509-103,t1c,2.5840554237365723,752.8392944335938,184.94354248046875,370.2555236816406
BraTS-GLI-02509-103,t2w,0.35943832993507385,1259.4464111328125,436.49456787109375,885.60888671875
BraTS-GLI-02509-103,t2f,1.3988451957702637,1095.47314453125,297.39166259765625,488.8399658203125
BraTS-GLI-02509-104,t1n,3.8999083042144775,468.5164794921875,217.42918395996094,343.02886962890625
BraTS-GLI-02509-104,t1c,2.532280206680298,764.461181640625,237.609130859375,430.04388427734375
BraTS-GLI-02509-104,t2w,0.6977574229240417,1196.6680908203125,450.8924255371094,966.249267578125
BraTS-GLI-02509-104,t2f,0.0737195834517479,255.50479125976562,107.04713439941406,182.18466186523438
BraTS-GLI-02509-105,t1n,21.31521224975586,485.3544006347656,237.505859375,339.21319580078125
BraTS-GLI-02509-105,t1c,30.569469451904297,912.9954223632812,271.0827941894531,600.0701293945312
BraTS-GLI-02509-105,t2w,0.0012898662826046348,1194.3463134765625,442.83770751953125,897.7504272460938
BraTS-GLI-02509-105,t2f,0.03132377192378044,692.4219970703125,278.4515380859375,466.3427734375
BraTS-GLI-02510-100,t1n,10.369025230407715,464.75146484375,204.7691192626953,281.2830505371094
BraTS-GLI-02510-100,t1c,11.715697288513184,719.0335083007812,236.4774932861328,523.7532348632812
BraTS-GLI-02510-100,t2w,0.013534236699342728,1237.7188720703125,378.2947082519531,860.0625
BraTS-GLI-02510-100,t2f,0.00021294211910571903,852.8753051757812,278.5979309082031,402.4872741699219
BraTS-GLI-02510-101,t1n,15.699495315551758,732.9340209960938,200.08238220214844,281.8011474609375
BraTS-GLI-02510-101,t1c,20.507936477661133,913.7864379882812,236.8865966796875,523.7734985351562
BraTS-GLI-02510-101,t2w,0.0006434114766307175,2071.402099609375,406.1292419433594,884.5270385742188
BraTS-GLI-02510-101,t2f,0.08887974172830582,1953.572021484375,270.7165832519531,391.4735107421875
BraTS-GLI-02510-102,t1n,13.353501319885254,686.9094848632812,175.64674377441406,290.87249755859375
BraTS-GLI-02510-102,t1c,17.21538734436035,1000.9473876953125,201.0641632080078,530.3348388671875
BraTS-GLI-02510-102,t2w,0.0659153014421463,1547.94873046875,323.1399230957031,835.9369506835938
BraTS-GLI-02510-102,t2f,0.3175201714038849,279.8850402832031,80.27928161621094,125.70321655273438
BraTS-GLI-02510-103,t1n,31.83584213256836,905.9331665039062,242.13064575195312,378.4608154296875
BraTS-GLI-02510-103,t1c,30.724576950073242,1069.8333740234375,281.0128479003906,663.989501953125
BraTS-GLI-02510-103,t2w,0.0752217024564743,2150.46923828125,438.092529296875,1039.729736328125
BraTS-GLI-02510-103,t2f,0.0947803258895874,1146.9163818359375,268.74310302734375,386.18096923828125
BraTS-GLI-02511-100,t1n,19.01704216003418,685.5380859375,282.41302490234375,418.7560119628906
BraTS-GLI-02511-100,t1c,24.283246994018555,1103.099853515625,322.8367004394531,604.6984252929688
BraTS-GLI-02511-100,t2w,0.06543856114149094,1697.2557373046875,526.3359985351562,1266.981201171875
BraTS-GLI-02511-100,t2f,0.004596223589032888,1336.4454345703125,368.0011291503906,638.4313354492188
BraTS-GLI-02512-100,t1n,5.938755989074707,938.75732421875,318.93963623046875,415.0946044921875
BraTS-GLI-02512-100,t1c,34.27045440673828,1516.3280029296875,427.54168701171875,605.6345825195312
BraTS-GLI-02512-100,t2w,0.3497132360935211,1353.9951171875,467.11407470703125,1012.5552368164062
BraTS-GLI-02512-100,t2f,0.004257561173290014,1524.926025390625,413.9321594238281,695.3825073242188
BraTS-GLI-02512-101,t1n,29.521116256713867,472.5461730957031,260.5429382324219,391.5513000488281
BraTS-GLI-02512-101,t1c,29.58456039428711,1402.5069580078125,294.7170104980469,574.2291259765625
BraTS-GLI-02512-101,t2w,0.32639744877815247,1540.556884765625,472.1988830566406,1135.7110595703125
BraTS-GLI-02512-101,t2f,0.012396848760545254,832.2042236328125,338.8257751464844,558.79931640625
BraTS-GLI-02512-102,t1n,9.299973487854004,411.26190185546875,205.84666442871094,290.0091552734375
BraTS-GLI-02512-102,t1c,15.289592742919922,826.661865234375,234.21258544921875,477.6614990234375
BraTS-GLI-02512-102,t2w,0.020830601453781128,1758.3616943359375,438.5643005371094,959.4287109375
BraTS-GLI-02512-102,t2f,0.0022420119494199753,877.3524780273438,287.3921813964844,490.7281799316406
BraTS-GLI-02513-100,t1n,30.90593147277832,334.8419189453125,185.95382690429688,236.4857177734375
BraTS-GLI-02513-100,t1c,25.830760955810547,587.9678344726562,200.5214385986328,289.273681640625
BraTS-GLI-02513-100,t2w,2.119377613067627,737.4617309570312,306.8763427734375,637.4291381835938
BraTS-GLI-02513-100,t2f,0.10170217603445053,410.11053466796875,211.61326599121094,324.4407958984375
BraTS-GLI-02513-101,t1n,6.279069423675537,485.7437744140625,201.51522827148438,250.21258544921875
BraTS-GLI-02513-101,t1c,8.002471923828125,711.3150024414062,219.69419860839844,312.9862976074219
BraTS-GLI-02513-101,t2w,1.1536974906921387,823.4229125976562,288.129150390625,713.500244140625
BraTS-GLI-02513-101,t2f,0.01530362106859684,333.27667236328125,176.11634826660156,266.524658203125
BraTS-GLI-02534-100,t1n,7.422650337219238,920.480224609375,294.3388366699219,437.9280090332031
BraTS-GLI-02534-100,t1c,11.730696678161621,1592.8397216796875,339.1089172363281,752.1386108398438
BraTS-GLI-02534-100,t2w,0.12166155129671097,1598.7882080078125,481.7756652832031,1085.265869140625
BraTS-GLI-02534-100,t2f,0.004794821608811617,555.12060546875,173.63970947265625,300.0436706542969
BraTS-GLI-02535-100,t1n,7.0358123779296875,885.6141967773438,272.9608459472656,435.68536376953125
BraTS-GLI-02535-100,t1c,18.101089477539062,1514.5164794921875,321.9560241699219,776.8455810546875
BraTS-GLI-02535-100,t2w,0.014705645851790905,1809.8682861328125,554.68017578125,1389.46484375
BraTS-GLI-02535-100,t2f,0.0039838757365942,506.5179748535156,169.35763549804688,296.281982421875
BraTS-GLI-02535-101,t1n,12.929137229919434,598.734375,242.6621551513672,421.4955749511719
BraTS-GLI-02535-101,t1c,9.433391571044922,1535.1146240234375,288.5225830078125,745.1476440429688
BraTS-GLI-02535-101,t2w,0.009479988366365433,1672.8018798828125,614.9854125976562,1423.4927978515625
BraTS-GLI-02535-101,t2f,0.01877131313085556,522.4785766601562,153.68978881835938,268.52227783203125
BraTS-GLI-02536-100,t1n,12.457781791687012,804.3772583007812,245.90689086914062,382.59368896484375
BraTS-GLI-02536-100,t1c,13.29731559753418,1169.3062744140625,282.6791687011719,546.7133178710938
BraTS-GLI-02536-100,t2w,0.07640524953603745,1601.654296875,442.12939453125,1285.681884765625
BraTS-GLI-02536-100,t2f,0.0014388200361281633,404.76519775390625,149.5709991455078,262.79534912109375
BraTS-GLI-02536-101,t1n,3.7899086475372314,330.45806884765625,154.57449340820312,262.1995544433594
BraTS-GLI-02536-101,t1c,4.809505462646484,940.0305786132812,177.40036010742188,386.88641357421875
BraTS-GLI-02536-101,t2w,0.17174744606018066,1143.01953125,368.63720703125,896.1300659179688
BraTS-GLI-02536-101,t2f,1.0023528375313617e-05,210.8261260986328,79.14280700683594,125.1611099243164
BraTS-GLI-02536-102,t1n,2.6213138103485107,325.5091552734375,151.7914276123047,259.5840759277344
BraTS-GLI-02536-102,t1c,3.821791410446167,930.459228515625,177.68777465820312,385.6407165527344
BraTS-GLI-02536-102,t2w,0.5883362889289856,1180.834228515625,381.8236389160156,919.5130004882812
BraTS-GLI-02536-102,t2f,3.320078394608572e-05,194.9864501953125,78.8065414428711,126.38224029541016
BraTS-GLI-02537-100,t1n,12.258125305175781,562.3577270507812,276.1104736328125,389.6959228515625
BraTS-GLI-02537-100,t1c,11.89109992980957,842.2922973632812,299.7242736816406,484.3616638183594
BraTS-GLI-02537-100,t2w,0.00430673873052001,1655.697021484375,437.1303405761719,1026.0
BraTS-GLI-02537-100,t2f,0.00024714722530916333,431.14556884765625,125.90670013427734,259.3148193359375
BraTS-GLI-02537-101,t1n,19.683074951171875,466.6974182128906,280.9722900390625,401.4579772949219
BraTS-GLI-02537-101,t1c,6.739776611328125,966.283935546875,307.61590576171875,564.6270751953125
BraTS-GLI-02537-101,t2w,1.0933154821395874,1312.8599853515625,467.2397155761719,1077.827880859375
BraTS-GLI-02537-101,t2f,8.809909923002124e-05,289.2434387207031,103.50695037841797,182.5332794189453
BraTS-GLI-02537-102,t1n,15.245854377746582,451.6587219238281,268.8232421875,398.39459228515625
BraTS-GLI-02537-102,t1c,11.006869316101074,813.1402587890625,284.9674072265625,419.7279052734375
BraTS-GLI-02537-102,t2w,0.3223415017127991,1227.417724609375,477.9643859863281,1023.044921875
BraTS-GLI-02537-102,t2f,0.00015568600792903453,274.8327331542969,108.43829345703125,181.24749755859375
BraTS-GLI-02538-100,t1n,15.070804595947266,1146.8834228515625,279.4409484863281,455.8344421386719
BraTS-GLI-02538-100,t1c,16.892942428588867,1412.7852783203125,318.3305969238281,723.9754638671875
BraTS-GLI-02538-100,t2w,0.024002855643630028,1756.9783935546875,563.2926635742188,1331.48388671875
BraTS-GLI-02538-100,t2f,0.000526905176229775,547.784912109375,177.17971801757812,300.8457946777344
BraTS-GLI-02539-100,t1n,14.638045310974121,748.3033447265625,211.06996154785156,280.2535095214844
BraTS-GLI-02539-100,t1c,11.16700267791748,851.347900390625,236.7925262451172,469.6312561035156
BraTS-GLI-02539-100,t2w,0.12901939451694489,880.3858642578125,302.642822265625,652.6851196289062
BraTS-GLI-02539-100,t2f,9.719147783471271e-05,206.8898162841797,89.50289916992188,132.09005737304688
BraTS-GLI-02539-101,t1n,16.051420211791992,507.0605163574219,225.36354064941406,310.814697265625
BraTS-GLI-02539-101,t1c,9.09915828704834,836.9913330078125,246.1827850341797,394.7033996582031
BraTS-GLI-02539-101,t2w,0.00915369763970375,1075.0084228515625,379.52606201171875,824.9464721679688
BraTS-GLI-02539-101,t2f,0.0006181829376146197,218.2842254638672,89.49836730957031,134.2834930419922
BraTS-GLI-02539-102,t1n,3.8779945373535156,400.1322326660156,167.82456970214844,261.39434814453125
BraTS-GLI-02539-102,t1c,8.519161224365234,862.2288208007812,186.04954528808594,331.2872009277344
BraTS-GLI-02539-102,t2w,0.005586676299571991,1065.74365234375,316.5306396484375,782.7554931640625
BraTS-GLI-02539-102,t2f,0.000727103091776371,167.78163146972656,75.50613403320312,119.184814453125
BraTS-GLI-02540-100,t1n,6.309414386749268,986.182373046875,255.74456787109375,404.7835998535156
BraTS-GLI-02540-100,t1c,5.656257629394531,1080.75146484375,286.12908935546875,636.3425903320312
BraTS-GLI-02540-100,t2w,0.007164269220083952,1614.302734375,480.0680236816406,1174.626220703125
BraTS-GLI-02540-100,t2f,0.00013649453467223793,619.8471069335938,152.38821411132812,267.0469970703125
BraTS-GLI-02540-101,t1n,9.668336868286133,417.9488220214844,234.3102569580078,357.6995849609375
BraTS-GLI-02540-101,t1c,9.756064414978027,756.0072631835938,265.7975769042969,534.2528076171875
BraTS-GLI-02540-101,t2w,0.007152639329433441,1179.0562744140625,521.3323364257812,1010.7100830078125
BraTS-GLI-02540-101,t2f,0.0013254854129627347,278.0893859863281,103.68927001953125,183.027587890625
BraTS-GLI-02541-100,t1n,5.911816596984863,359.3150634765625,158.0888671875,286.91455078125
BraTS-GLI-02541-100,t1c,6.368951797485352,954.13427734375,186.05886840820312,553.2953491210938
BraTS-GLI-02541-100,t2w,0.02376996912062168,1239.6751708984375,469.37286376953125,1025.2579345703125
BraTS-GLI-02541-100,t2f,0.0007665869197808206,364.4733581542969,89.49030303955078,198.9154510498047
BraTS-GLI-02542-100,t1n,4.316009998321533,566.7401733398438,204.35191345214844,296.37286376953125
BraTS-GLI-02542-100,t1c,4.507696151733398,717.673828125,227.09121704101562,407.7684631347656
BraTS-GLI-02542-100,t2w,0.13127896189689636,1301.21533203125,404.8704528808594,915.4071655273438
BraTS-GLI-02542-100,t2f,9.254269389202818e-05,269.4318542480469,89.04304504394531,159.30792236328125
BraTS-GLI-02542-101,t1n,9.454566955566406,590.372802734375,211.93997192382812,353.7101135253906
BraTS-GLI-02542-101,t1c,8.729776382446289,1186.146240234375,252.2294158935547,686.3775634765625
BraTS-GLI-02542-101,t2w,0.0034524472430348396,1403.5946044921875,504.2684020996094,1149.950927734375
BraTS-GLI-02542-101,t2f,0.00184654223266989,476.2298278808594,149.17031860351562,297.71331787109375
BraTS-GLI-02543-100,t1n,0.05399433895945549,342.3874206542969,159.87571716308594,247.716552734375
BraTS-GLI-02543-100,t1c,0.10655437409877777,531.8822021484375,174.98605346679688,330.0093688964844
BraTS-GLI-02543-100,t2w,0.02270360104739666,788.7662353515625,247.08416748046875,563.4073486328125
BraTS-GLI-02543-100,t2f,0.010782171040773392,266.419189453125,87.66448211669922,146.81704711914062
BraTS-GLI-02544-100,t1n,5.147393703460693,158.3056182861328,83.25399017333984,123.13556671142578
BraTS-GLI-02544-100,t1c,3.6186304092407227,279.01812744140625,90.98761749267578,145.119384765625
BraTS-GLI-02544-100,t2w,7.00808668625541e-05,347.4322509765625,140.155517578125,286.9384765625
BraTS-GLI-02544-100,t2f,3.3294047170784324e-05,80.21926879882812,33.090389251708984,53.44540023803711
BraTS-GLI-02562-100,t1n,0.7957560420036316,346.2088623046875,195.94329833984375,295.5389709472656
BraTS-GLI-02562-100,t1c,0.1802966445684433,983.498291015625,223.94544982910156,469.89642333984375
BraTS-GLI-02562-100,t2w,0.1355462223291397,1163.820068359375,341.98773193359375,745.2691040039062
BraTS-GLI-02562-100,t2f,0.0007272773655131459,290.99462890625,102.80145263671875,149.3761444091797
BraTS-GLI-02562-101,t1n,7.827305316925049,366.1952209472656,196.65225219726562,309.8289794921875
BraTS-GLI-02562-101,t1c,8.790536880493164,1085.576171875,228.90536499023438,481.9012756347656
BraTS-GLI-02562-101,t2w,0.0403740219771862,1067.798095703125,331.74713134765625,783.9287109375
BraTS-GLI-02562-101,t2f,0.3029988408088684,1893.3916015625,519.7703247070312,775.6952514648438
BraTS-GLI-02562-102,t1n,3.2297353744506836,397.78656005859375,214.91102600097656,336.40972900390625
BraTS-GLI-02562-102,t1c,3.3825244903564453,1356.434326171875,278.58074951171875,625.26025390625
BraTS-GLI-02562-102,t2w,0.02977903001010418,1634.5986328125,396.8664855957031,1033.079345703125
BraTS-GLI-02562-102,t2f,0.0020195774268358946,1886.677734375,462.634033203125,944.4176635742188
BraTS-GLI-02563-100,t1n,2.2781589031219482,445.7784423828125,188.25177001953125,267.5830383300781
BraTS-GLI-02563-100,t1c,0.359733909368515,760.7071533203125,207.8362274169922,338.2610778808594
BraTS-GLI-02563-100,t2w,0.005649767816066742,921.2295532226562,303.4731750488281,659.8850708007812
BraTS-GLI-02563-100,t2f,0.00031833149841986597,218.2945556640625,84.47864532470703,150.79689025878906
BraTS-GLI-02564-100,t1n,0.6540062427520752,399.187744140625,200.33729553222656,297.3007507324219
BraTS-GLI-02564-100,t1c,0.9656697511672974,693.3202514648438,220.65611267089844,348.72003173828125
BraTS-GLI-02564-100,t2w,0.0008034893544390798,1447.42236328125,425.88104248046875,922.7915649414062
BraTS-GLI-02564-100,t2f,5.000929013476707e-05,212.72108459472656,101.518310546875,146.36672973632812
BraTS-GLI-02564-101,t1n,6.530145645141602,420.65631103515625,196.59983825683594,325.6536560058594
BraTS-GLI-02564-101,t1c,6.696136951446533,1161.175537109375,229.5526885986328,519.82470703125
BraTS-GLI-02564-101,t2w,0.15891480445861816,1599.1280517578125,384.2141418457031,955.98681640625
BraTS-GLI-02564-101,t2f,2.4409289835602976e-05,342.87030029296875,104.72943115234375,173.17770385742188
BraTS-GLI-02564-102,t1n,4.18491268157959,394.7936706542969,195.12295532226562,329.69476318359375
BraTS-GLI-02564-102,t1c,3.0959830284118652,957.717041015625,213.99343872070312,432.26788330078125
BraTS-GLI-02564-102,t2w,0.8674099445343018,1629.796630859375,372.2091369628906,960.0537719726562
BraTS-GLI-02564-102,t2f,0.00025826774071902037,1813.7938232421875,513.6702880859375,819.6614990234375
BraTS-GLI-02565-100,t1n,0.7209795117378235,395.2132873535156,178.7506103515625,285.672119140625
BraTS-GLI-02565-100,t1c,0.024711381644010544,642.727783203125,199.0984344482422,348.04815673828125
BraTS-GLI-02565-100,t2w,0.01633700542151928,1041.83544921875,352.9762268066406,757.6890869140625
BraTS-GLI-02565-100,t2f,0.000204013311304152,209.34878540039062,91.77281188964844,151.29637145996094
BraTS-GLI-02565-101,t1n,8.798266410827637,524.58154296875,243.88296508789062,321.4451904296875
BraTS-GLI-02565-101,t1c,12.621350288391113,762.3521728515625,265.1783447265625,435.5813293457031
BraTS-GLI-02565-101,t2w,0.0007175501668825746,1246.960205078125,423.465087890625,868.350830078125
BraTS-GLI-02565-101,t2f,0.0019994210451841354,301.38525390625,80.50953674316406,138.55429077148438
BraTS-GLI-02565-102,t1n,0.02541600540280342,357.1614685058594,170.88026428222656,277.1159362792969
BraTS-GLI-02565-102,t1c,0.018555957823991776,683.0030517578125,191.59800720214844,375.86773681640625
BraTS-GLI-02565-102,t2w,0.09213116019964218,1150.9622802734375,446.29840087890625,942.38037109375
BraTS-GLI-02565-102,t2f,1.8610899132909253e-05,264.15972900390625,83.87592315673828,147.51210021972656
BraTS-GLI-02565-103,t1n,0.15380361676216125,309.38873291015625,161.35484313964844,258.79913330078125
BraTS-GLI-02565-103,t1c,0.025975564494729042,657.7754516601562,179.76210021972656,324.9346618652344
BraTS-GLI-02565-103,t2w,1.3633657693862915,963.4693603515625,391.5781555175781,816.6209106445312
BraTS-GLI-02565-103,t2f,0.0008108283509500325,192.05787658691406,72.73069763183594,119.65251159667969
BraTS-GLI-02565-104,t1n,7.195573329925537,402.5772705078125,214.99600219726562,336.271240234375
BraTS-GLI-02565-104,t1c,0.013560640625655651,819.322509765625,209.12384033203125,321.4635009765625
BraTS-GLI-02565-104,t2w,1.5648341178894043,1504.06689453125,489.30841064453125,1228.3948974609375
BraTS-GLI-02565-104,t2f,2.536456122470554e-05,260.7619323730469,90.99818420410156,157.2096405029297
BraTS-GLI-02565-105,t1n,1.984248161315918,558.120361328125,250.19610595703125,413.3982849121094
BraTS-GLI-02565-105,t1c,3.0279765129089355,1037.8948974609375,308.550048828125,515.4601440429688
BraTS-GLI-02565-105,t2w,0.000198375855688937,1761.387939453125,578.4390869140625,1466.88525390625
BraTS-GLI-02565-105,t2f,4.363393964013085e-05,465.04058837890625,140.21788024902344,245.80947875976562
BraTS-GLI-02566-100,t1n,0.18505944311618805,422.56378173828125,201.9365997314453,302.9557800292969
BraTS-GLI-02566-100,t1c,0.09040241688489914,786.0205078125,218.1480712890625,399.44195556640625
BraTS-GLI-02566-100,t2w,0.3234890103340149,1117.2288818359375,390.5276794433594,851.4846801757812
BraTS-GLI-02566-100,t2f,1.07447322079679e-05,239.7259521484375,98.33149719238281,160.79298400878906
BraTS-GLI-02567-100,t1n,1.2420134544372559,558.6438598632812,207.32325744628906,322.0068359375
BraTS-GLI-02567-100,t1c,0.4496921896934509,847.6642456054688,230.144287109375,445.4902648925781
BraTS-GLI-02567-100,t2w,0.014487860724329948,1558.953369140625,508.4140319824219,1133.40283203125
BraTS-GLI-02567-100,t2f,2.5442168407607824e-05,312.1285705566406,113.33258056640625,196.240966796875
BraTS-GLI-02567-101,t1n,1.0967220067977905,340.26763916015625,176.47979736328125,285.93743896484375
BraTS-GLI-02567-101,t1c,0.08035963773727417,765.9932250976562,195.1615447998047,363.39569091796875
BraTS-GLI-02567-101,t2w,0.05845189094543457,1090.9154052734375,453.3240966796875,921.0198974609375
BraTS-GLI-02567-101,t2f,0.0005429864395409822,227.2477264404297,81.22789001464844,126.579345703125
BraTS-GLI-02567-102,t1n,2.5538015365600586,492.43182373046875,212.4138641357422,378.257080078125
BraTS-GLI-02567-102,t1c,0.715434730052948,753.492431640625,159.83717346191406,283.0748291015625
BraTS-GLI-02567-102,t2w,0.007923363707959652,2105.96826171875,642.14111328125,1692.588134765625
BraTS-GLI-02567-102,t2f,2.5538015365600586,492.43182373046875,212.4138641357422,378.257080078125
BraTS-GLI-02567-103,t1n,13.183664321899414,598.1647338867188,261.09033203125,449.8702392578125
BraTS-GLI-02567-103,t1c,0.8025762438774109,1484.360595703125,330.8589782714844,734.3937377929688
BraTS-GLI-02567-103,t2w,0.011175256222486496,1889.6942138671875,629.024169921875,1547.478271484375
BraTS-GLI-02567-103,t2f,0.0006145602674223483,464.1451110839844,145.1284942626953,271.7319030761719
BraTS-GLI-02568-100,t1n,27.66704559326172,558.8636474609375,290.2586975097656,466.6724548339844
BraTS-GLI-02568-100,t1c,8.735343933105469,1726.7052001953125,329.79718017578125,794.6526489257812
BraTS-GLI-02568-100,t2w,0.02196074277162552,2054.746337890625,657.6864013671875,1594.099609375
BraTS-GLI-02568-100,t2f,0.0038914205506443977,473.7920837402344,163.0021514892578,253.5282745361328
BraTS-GLI-02568-101,t1n,8.422285079956055,968.6513061523438,267.73419189453125,361.53912353515625
BraTS-GLI-02568-101,t1c,8.573389053344727,893.9219360351562,247.8077850341797,418.010986328125
BraTS-GLI-02568-101,t2w,0.2536300718784332,1253.8558349609375,391.74169921875,819.35546875
BraTS-GLI-02568-101,t2f,0.23161368072032928,525.5795288085938,239.8656768798828,381.2873840332031
BraTS-GLI-02569-100,t1n,13.378397941589355,708.9985961914062,200.61085510253906,322.7353515625
BraTS-GLI-02569-100,t1c,8.872593879699707,1229.1173095703125,248.92030334472656,577.9361572265625
BraTS-GLI-02569-100,t2w,0.10979114472866058,1235.9283447265625,407.8228454589844,962.9617919921875
BraTS-GLI-02569-100,t2f,0.1520177721977234,384.1828308105469,137.3878631591797,234.32809448242188
BraTS-GLI-02570-100,t1n,1.0794663429260254,637.6456298828125,245.18492126464844,368.9486999511719
BraTS-GLI-02570-100,t1c,0.0699993371963501,1070.930419921875,265.26690673828125,474.1998596191406
BraTS-GLI-02570-100,t2w,0.015175560489296913,1493.0909423828125,483.0813903808594,1051.836669921875
BraTS-GLI-02570-100,t2f,0.0004116529307793826,281.3323974609375,111.56057739257812,181.9779052734375
BraTS-GLI-02570-101,t1n,3.025818109512329,377.6656494140625,191.45770263671875,313.6322937011719
BraTS-GLI-02570-101,t1c,9.170256614685059,960.9125366210938,213.80618286132812,490.532958984375
BraTS-GLI-02570-101,t2w,0.1138070672750473,1319.19189453125,351.351806640625,883.7354125976562
BraTS-GLI-02570-101,t2f,0.005927558522671461,2117.4384765625,541.349609375,1010.3198852539062
BraTS-GLI-02570-102,t1n,12.594866752624512,390.7239074707031,196.50892639160156,311.8646545410156
BraTS-GLI-02570-102,t1c,0.0013066616374999285,746.656005859375,143.5864715576172,253.4537353515625
BraTS-GLI-02570-102,t2w,0.010025061666965485,1535.275634765625,418.53961181640625,1041.123046875
BraTS-GLI-02570-102,t2f,0.00031563517404720187,1282.02294921875,415.9665832519531,681.199462890625
BraTS-GLI-02570-103,t1n,6.690479278564453,411.0726623535156,197.46096801757812,314.44110107421875
BraTS-GLI-02570-103,t1c,0.02207214944064617,692.52587890625,156.3391571044922,231.08270263671875
BraTS-GLI-02570-103,t2w,0.008423058316111565,1452.3834228515625,411.3166198730469,1106.049072265625
BraTS-GLI-02570-103,t2f,0.0006571347475983202,1126.724609375,408.8016357421875,670.82080078125
BraTS-GLI-02570-104,t1n,12.887516975402832,565.8737182617188,284.2412109375,452.43890380859375
BraTS-GLI-02570-104,t1c,9.275209426879883,1886.3360595703125,363.862548828125,732.1682739257812
BraTS-GLI-02570-104,t2w,8.52384400786832e-05,2305.2578125,555.7128295898438,1479.22802734375
BraTS-GLI-02570-104,t2f,6.057786322344327e-06,484.3674621582031,169.10874938964844,309.1326599121094
BraTS-GLI-02570-105,t1n,4.065715312957764,409.503662109375,194.79603576660156,309.9697265625
BraTS-GLI-02570-105,t1c,2.697892427444458,1255.208251953125,250.1248321533203,562.625732421875
BraTS-GLI-02570-105,t2w,0.000697610666975379,1464.5167236328125,430.0026550292969,1024.433837890625
BraTS-GLI-02570-105,t2f,0.0006148068350739777,1513.032470703125,446.3374938964844,839.8165893554688
BraTS-GLI-02571-100,t1n,20.64937973022461,1056.1876220703125,306.5057678222656,464.9642639160156
BraTS-GLI-02571-100,t1c,20.81043815612793,1161.812255859375,357.6559753417969,804.6475219726562
BraTS-GLI-02571-100,t2w,0.007073681335896254,2016.2535400390625,634.4532470703125,1478.35400390625
BraTS-GLI-02571-100,t2f,0.01475862693041563,855.0245361328125,187.41224670410156,283.2663879394531
BraTS-GLI-02571-101,t1n,11.96490478515625,464.88153076171875,181.83445739746094,307.4659423828125
BraTS-GLI-02571-101,t1c,8.239285469055176,908.9224243164062,212.1822052001953,537.3106079101562
BraTS-GLI-02571-101,t2w,0.0029005680698901415,1511.5826416015625,446.91522216796875,1005.4508056640625
BraTS-GLI-02571-101,t2f,2.9600749257951975e-05,324.04998779296875,84.77714538574219,143.1693878173828
BraTS-GLI-02571-102,t1n,28.368785858154297,599.189208984375,338.0299377441406,513.3873291015625
BraTS-GLI-02571-102,t1c,25.879230499267578,1433.3487548828125,393.0296936035156,940.9697875976562
BraTS-GLI-02571-102,t2w,0.08957450091838837,1810.1048583984375,610.8436279296875,1422.616943359375
BraTS-GLI-02571-102,t2f,0.0019218260422348976,440.5457458496094,177.41644287109375,287.6327819824219
BraTS-GLI-02571-103,t1n,7.474422454833984,718.076904296875,309.9056701660156,498.2381286621094
BraTS-GLI-02571-103,t1c,3.291856050491333,1085.4732666015625,254.724365234375,587.2428588867188
BraTS-GLI-02571-103,t2w,0.0018043960444629192,2641.574951171875,754.9182739257812,2047.556640625
BraTS-GLI-02571-103,t2f,1.6118867279146798e-05,480.7027587890625,187.76634216308594,317.01019287109375
BraTS-GLI-02571-104,t1n,2.215270757675171,447.8420104980469,230.91949462890625,365.4880065917969
BraTS-GLI-02571-104,t1c,0.015646755695343018,839.9534301757812,213.60166931152344,479.70648193359375
BraTS-GLI-02571-104,t2w,0.0030707602854818106,1325.487060546875,517.8353881835938,1078.7080078125
BraTS-GLI-02571-104,t2f,4.575610000756569e-05,369.9477233886719,120.97090148925781,210.530517578125
BraTS-GLI-02572-100,t1n,0.3180829584598541,460.82598876953125,245.24098205566406,361.21453857421875
BraTS-GLI-02572-100,t1c,0.06855497509241104,905.6517333984375,270.343017578125,450.2044372558594
BraTS-GLI-02572-100,t2w,0.0017402470111846924,1219.9827880859375,426.96697998046875,918.318603515625
BraTS-GLI-02572-100,t2f,0.0002517036336939782,258.1233215332031,117.69120025634766,174.0823974609375
BraTS-GLI-02573-100,t1n,10.005964279174805,720.1998291015625,259.4419860839844,407.40997314453125
BraTS-GLI-02573-100,t1c,2.5088722705841064,736.6226196289062,188.65570068359375,298.9320983886719
BraTS-GLI-02573-100,t2w,0.0003328012826386839,2441.71240234375,589.3306274414062,1722.586669921875
BraTS-GLI-02573-100,t2f,0.0006879765423946083,430.02056884765625,155.68409729003906,240.7931671142578
BraTS-GLI-02574-100,t1n,8.653243064880371,590.2495727539062,238.33737182617188,349.57269287109375
BraTS-GLI-02574-100,t1c,0.001316160662099719,651.958740234375,201.3327178955078,299.2605895996094
BraTS-GLI-02574-100,t2w,0.004602652974426746,1547.4622802734375,450.0357666015625,1140.8271484375
BraTS-GLI-02574-100,t2f,7.974916661623865e-05,291.01593017578125,114.3035659790039,181.65585327148438
BraTS-GLI-02574-101,t1n,1.9764978885650635,511.4330749511719,266.1845703125,413.06365966796875
BraTS-GLI-02574-101,t1c,15.497498512268066,1486.6966552734375,370.596435546875,882.5059204101562
BraTS-GLI-02574-101,t2w,0.00028825976187363267,1852.217529296875,552.2454833984375,1393.808837890625
BraTS-GLI-02574-101,t2f,0.0004987632273696363,513.9627685546875,159.6173553466797,297.85968017578125
BraTS-GLI-02574-102,t1n,10.633763313293457,370.7135314941406,188.59283447265625,295.35748291015625
BraTS-GLI-02574-102,t1c,8.220613479614258,994.0250244140625,244.293701171875,589.994873046875
BraTS-GLI-02574-102,t2w,0.07493717968463898,1298.11181640625,429.9173583984375,1030.9608154296875
BraTS-GLI-02574-102,t2f,0.0019178407965227962,1310.27685546875,409.7240905761719,797.8999633789062
BraTS-GLI-02574-103,t1n,1.8995684385299683,640.2311401367188,198.85574340820312,333.1484680175781
BraTS-GLI-02574-103,t1c,5.845627307891846,1163.8314208984375,261.6263122558594,660.1532592773438
BraTS-GLI-02574-103,t2w,0.0019213918130844831,1418.2109375,455.28070068359375,1081.26220703125
BraTS-GLI-02574-103,t2f,0.0036373897455632687,1423.9864501953125,452.19140625,889.589111328125
BraTS-GLI-02575-100,t1n,5.565438270568848,574.347900390625,232.4210968017578,323.6807861328125
BraTS-GLI-02575-100,t1c,0.00023355623125098646,701.9380493164062,187.05487060546875,269.3745422363281
BraTS-GLI-02575-100,t2w,0.022115178406238556,1576.490234375,395.515380859375,1095.712890625
BraTS-GLI-02575-100,t2f,2.0864450561930425e-05,246.53497314453125,94.42498779296875,149.08602905273438
BraTS-GLI-02575-101,t1n,0.5949196219444275,396.17529296875,221.52723693847656,328.2204895019531
BraTS-GLI-02575-101,t1c,1.551363229751587,1021.4386596679688,305.7658386230469,486.9746398925781
BraTS-GLI-02575-101,t2w,0.1575269252061844,1301.2381591796875,377.8791198730469,915.2639770507812
BraTS-GLI-02575-101,t2f,0.0002496789675205946,309.7112731933594,104.7533187866211,169.45176696777344
BraTS-GLI-02576-100,t1n,2.1145238876342773,397.02862548828125,212.82418823242188,324.0286865234375
BraTS-GLI-02576-100,t1c,2.5798609256744385,950.9508666992188,293.7173767089844,538.06640625
BraTS-GLI-02576-100,t2w,0.00014630891382694244,1281.7464599609375,442.0810852050781,894.0673217773438
BraTS-GLI-02576-100,t2f,7.569432455056813e-06,264.10693359375,107.75028228759766,176.63894653320312
BraTS-GLI-02576-101,t1n,3.0600953102111816,412.2751770019531,224.91502380371094,338.00140380859375
BraTS-GLI-02576-101,t1c,0.4902362525463104,1119.9305419921875,319.5701599121094,679.1681518554688
BraTS-GLI-02576-101,t2w,0.0009720729431137443,1245.76806640625,441.40283203125,910.6177978515625
BraTS-GLI-02576-101,t2f,2.8665259378612973e-05,304.4366149902344,118.90731811523438,197.758056640625
BraTS-GLI-02576-102,t1n,2.698967456817627,400.61248779296875,204.6433563232422,324.4437255859375
BraTS-GLI-02576-102,t1c,6.4945068359375,1266.2835693359375,279.9427795410156,720.5538940429688
BraTS-GLI-02576-102,t2w,0.00983201153576374,1665.67236328125,460.7826843261719,1076.811767578125
BraTS-GLI-02576-102,t2f,1.9429257008596323e-05,1888.72705078125,500.6893615722656,1088.9256591796875
BraTS-GLI-02577-100,t1n,1.6725280284881592,825.37451171875,262.0486145019531,409.30865478515625
BraTS-GLI-02577-100,t1c,4.192290782928467,1462.8262939453125,329.8958740234375,583.2774658203125
BraTS-GLI-02577-100,t2w,0.0037944309879094362,1842.7674560546875,471.3557434082031,1229.5919189453125
BraTS-GLI-02577-100,t2f,1.2455543583200779e-05,423.3825378417969,157.8558349609375,267.8321533203125
BraTS-GLI-02577-101,t1n,0.9561582803726196,1156.995361328125,283.5431213378906,437.4878234863281
BraTS-GLI-02577-101,t1c,4.755143642425537,2037.5968017578125,355.318359375,701.3184204101562
BraTS-GLI-02577-101,t2w,0.0005938522517681122,1838.7034912109375,483.4110412597656,1331.873291015625
BraTS-GLI-02577-101,t2f,0.00019199993403162807,437.5689697265625,159.6379852294922,243.2442169189453
BraTS-GLI-02578-100,t1n,6.340710163116455,603.8561401367188,231.1968231201172,346.947998046875
BraTS-GLI-02578-100,t1c,1.3302582502365112,923.7457275390625,311.3719787597656,530.311279296875
BraTS-GLI-02578-100,t2w,0.0006045009940862656,1262.3392333984375,475.48150634765625,1006.44287109375
BraTS-GLI-02578-100,t2f,3.154888690914959e-05,333.5741882324219,117.78033447265625,199.25743103027344
BraTS-GLI-02579-100,t1n,0.32510557770729065,509.462646484375,255.28652954101562,337.22479248046875
BraTS-GLI-02579-100,t1c,9.843368530273438,1063.3289794921875,301.0068359375,556.489013671875
BraTS-GLI-02579-100,t2w,0.009208346717059612,1073.9571533203125,414.28363037109375,923.6168823242188
BraTS-GLI-02579-100,t2f,7.503905362682417e-05,717.5369262695312,321.1300354003906,495.33172607421875
BraTS-GLI-02579-101,t1n,0.08354200422763824,696.7440795898438,284.7160339355469,395.04388427734375
BraTS-GLI-02579-101,t1c,11.918683052062988,944.2697143554688,301.54449462890625,537.5602416992188
BraTS-GLI-02579-101,t2w,0.0007932057487778366,1188.4287109375,474.1160888671875,1006.7351684570312
BraTS-GLI-02579-101,t2f,0.00036578020080924034,819.1876831054688,332.67034912109375,570.647216796875
BraTS-GLI-02579-102,t1n,10.721747398376465,1474.202392578125,608.5059814453125,810.6634521484375
BraTS-GLI-02579-102,t1c,9.092191696166992,1443.944580078125,316.9952087402344,700.1123046875
BraTS-GLI-02579-102,t2w,0.027065817266702652,1547.1121826171875,554.529052734375,1327.0364990234375
BraTS-GLI-02579-102,t2f,0.003918773494660854,836.3471069335938,357.0216064453125,690.5057983398438
BraTS-GLI-02580-100,t1n,3.254680871963501,517.4517211914062,262.65509033203125,346.2947692871094
BraTS-GLI-02580-100,t1c,9.945911407470703,1275.897216796875,315.4511413574219,575.5191040039062
BraTS-GLI-02580-100,t2w,0.6568590402603149,1167.6328125,417.9324035644531,884.619873046875
BraTS-GLI-02580-100,t2f,0.0010845176875591278,594.826904296875,298.3482360839844,434.35693359375
BraTS-GLI-02581-101,t1n,24.944448471069336,892.12548828125,294.0379333496094,374.25555419921875
BraTS-GLI-02581-101,t1c,13.09897232055664,900.1014404296875,313.83319091796875,417.1147766113281
BraTS-GLI-02581-101,t2w,31.104291915893555,1338.678466796875,465.1092834472656,1110.5032958984375
BraTS-GLI-02581-101,t2f,0.16065040230751038,580.5906372070312,286.3852844238281,428.9071044921875
BraTS-GLI-02582-100,t1n,0.9200767278671265,1018.1206665039062,604.834716796875,730.7828369140625
BraTS-GLI-02582-100,t1c,11.756927490234375,1610.3863525390625,330.38055419921875,703.4422607421875
BraTS-GLI-02582-100,t2w,2.931503149739001e-05,1414.9781494140625,424.17913818359375,1034.8253173828125
BraTS-GLI-02582-100,t2f,0.05125962197780609,813.4772338867188,360.2826232910156,545.7363891601562
BraTS-GLI-02582-101,t1n,0.42506471276283264,360.9459228515625,209.25880432128906,277.064697265625
BraTS-GLI-02582-101,t1c,10.671468734741211,1141.13818359375,248.81764221191406,480.33526611328125
BraTS-GLI-02582-101,t2w,0.0023042752873152494,1071.2998046875,375.86517333984375,832.15283203125
BraTS-GLI-02582-101,t2f,0.00541708804666996,535.6292724609375,275.3746337890625,421.9677734375
BraTS-GLI-02582-102,t1n,8.545222282409668,362.08734130859375,202.66818237304688,310.8404541015625
BraTS-GLI-02582-102,t1c,9.601494789123535,1102.76220703125,235.20626831054688,507.1897888183594
BraTS-GLI-02582-102,t2w,0.02916337177157402,1049.80224609375,325.8636474609375,814.2687377929688
BraTS-GLI-02582-102,t2f,4.641326086129993e-05,285.0592956542969,103.76356506347656,169.5239715576172
BraTS-GLI-02583-100,t1n,46.709327697753906,1092.2674560546875,578.7470703125,756.9566650390625
BraTS-GLI-02583-100,t1c,75.91343688964844,1857.3402099609375,771.7307739257812,969.632080078125
BraTS-GLI-02583-100,t2w,0.0021076002158224583,4770.109375,1347.8582763671875,3332.07666015625
BraTS-GLI-02583-100,t2f,8.401664733886719,1099.298583984375,422.7842712402344,608.0391845703125
BraTS-GLI-02583-101,t1n,0.465103417634964,409.8706359863281,230.08251953125,310.23028564453125
BraTS-GLI-02583-101,t1c,8.03489875793457,1122.3931884765625,253.88885498046875,532.1881103515625
BraTS-GLI-02583-101,t2w,0.0011944349389523268,990.2406005859375,366.7910461425781,809.7422485351562
BraTS-GLI-02583-101,t2f,0.00012956485443282872,525.7698974609375,270.2688293457031,372.4559326171875
BraTS-GLI-02584-100,t1n,0.4847373366355896,358.58905029296875,195.3475799560547,257.7210998535156
BraTS-GLI-02584-100,t1c,3.6514759063720703,1223.2166748046875,234.13580322265625,517.9107666015625
BraTS-GLI-02584-100,t2w,0.03555627539753914,917.8700561523438,332.5293273925781,698.8851318359375
BraTS-GLI-02584-100,t2f,0.003808788489550352,504.0381774902344,255.59445190429688,358.3719787597656
BraTS-GLI-02584-101,t1n,5.778872966766357,377.51220703125,229.90225219726562,325.6089782714844
BraTS-GLI-02584-101,t1c,10.737483978271484,1072.709716796875,264.7312316894531,548.8837890625
BraTS-GLI-02584-101,t2w,0.16949115693569183,1073.5777587890625,388.76885986328125,768.7042846679688
BraTS-GLI-02584-101,t2f,0.000100094017398078,281.9056396484375,100.2128677368164,164.4117431640625
BraTS-GLI-02584-102,t1n,7.872003078460693,323.61260986328125,203.21693420410156,283.88665771484375
BraTS-GLI-02584-102,t1c,12.72287654876709,846.501708984375,240.52236938476562,583.1978759765625
BraTS-GLI-02584-102,t2w,0.0008525926386937499,1042.2757568359375,351.96685791015625,743.1362915039062
BraTS-GLI-02584-102,t2f,0.00023751049593556672,313.8001708984375,93.09708404541016,157.6839599609375
BraTS-GLI-02585-101,t1n,3.9123663902282715,765.8733520507812,377.37469482421875,543.2672729492188
BraTS-GLI-02585-101,t1c,24.1119441986084,1884.989990234375,431.37884521484375,827.3314208984375
BraTS-GLI-02585-101,t2w,0.24376577138900757,1818.9095458984375,496.64801025390625,1269.5931396484375
BraTS-GLI-02585-101,t2f,0.0035780537873506546,552.6220703125,181.51364135742188,266.1835021972656
BraTS-GLI-02591-101,t1n,7.853285789489746,323.9856262207031,170.88479614257812,275.49176025390625
BraTS-GLI-02591-101,t1c,3.3924317359924316,822.2603149414062,193.17198181152344,400.0956726074219
BraTS-GLI-02591-101,t2w,0.0019519308116286993,1001.4754638671875,310.95111083984375,836.988037109375
BraTS-GLI-02591-101,t2f,0.002163159428164363,226.68771362304688,81.54547119140625,126.0217514038086
BraTS-GLI-02591-102,t1n,14.505895614624023,492.8648376464844,275.2585144042969,391.4901123046875
BraTS-GLI-02591-102,t1c,12.653014183044434,876.4111938476562,294.0600891113281,455.5798034667969
BraTS-GLI-02591-102,t2w,0.019446516409516335,1070.07080078125,434.62353515625,942.6891479492188
BraTS-GLI-02591-102,t2f,0.00021034132805652916,250.40606689453125,111.9219970703125,175.778564453125
BraTS-GLI-02591-103,t1n,7.015852451324463,724.0570678710938,256.42413330078125,426.1368713378906
BraTS-GLI-02591-103,t1c,6.018263816833496,1436.856201171875,291.4171447753906,690.7034912109375
BraTS-GLI-02591-103,t2w,0.056106217205524445,1583.8441162109375,536.6694946289062,1326.9619140625
BraTS-GLI-02591-103,t2f,0.0013320972211658955,341.1266174316406,149.6930389404297,250.1771697998047
BraTS-GLI-02592-100,t1n,26.069477081298828,1292.14697265625,599.4882202148438,713.9700927734375
BraTS-GLI-02592-100,t1c,32.04524230957031,1486.77685546875,336.1585388183594,629.859375
BraTS-GLI-02592-100,t2w,0.0937914326786995,1552.190185546875,415.8476257324219,1076.9346923828125
BraTS-GLI-02592-100,t2f,0.4323192536830902,625.5408935546875,338.46630859375,512.8194580078125
BraTS-GLI-02592-101,t1n,19.328981399536133,580.4874267578125,326.586669921875,479.130859375
BraTS-GLI-02592-101,t1c,26.46539306640625,1575.515869140625,370.80987548828125,758.2146606445312
BraTS-GLI-02592-101,t2w,0.019496342167258263,1732.7021484375,510.82379150390625,1331.5833740234375
BraTS-GLI-02592-101,t2f,0.011219936423003674,431.3746032714844,159.24746704101562,244.44093322753906
BraTS-GLI-02592-102,t1n,0.12659135460853577,358.2361755371094,159.37579345703125,275.33770751953125
BraTS-GLI-02592-102,t1c,0.06509231775999069,892.099853515625,180.13583374023438,354.6649475097656
BraTS-GLI-02592-102,t2w,0.11421485245227814,938.7489624023438,289.81182861328125,761.3873901367188
BraTS-GLI-02592-102,t2f,0.020148320123553276,220.50564575195312,98.7833251953125,151.57583618164062
BraTS-GLI-02594-100,t1n,4.65699577331543,353.7295837402344,165.87490844726562,274.25164794921875
BraTS-GLI-02594-100,t1c,6.252869129180908,1017.3912963867188,187.85177612304688,370.1873779296875
BraTS-GLI-02594-100,t2w,0.04030156880617142,1176.0877685546875,341.0047302246094,821.1136474609375
BraTS-GLI-02594-100,t2f,0.00010060165368486196,231.8380126953125,79.01991271972656,129.22463989257812
BraTS-GLI-02594-101,t1n,7.113129615783691,816.2000732421875,243.679443359375,397.6749267578125
BraTS-GLI-02594-101,t1c,9.734176635742188,1574.2138671875,286.24627685546875,575.933349609375
BraTS-GLI-02594-101,t2w,0.12346955388784409,1812.7548828125,497.7026672363281,1239.900634765625
BraTS-GLI-02594-101,t2f,0.0019592128228396177,323.9734191894531,148.5514678955078,224.3870849609375
BraTS-GLI-02594-102,t1n,4.713805675506592,718.6063232421875,189.63087463378906,314.8551025390625
BraTS-GLI-02594-102,t1c,4.420284271240234,1084.986083984375,216.21446228027344,379.6204528808594
BraTS-GLI-02594-102,t2w,0.01610812358558178,1233.3416748046875,379.4205017089844,907.404541015625
BraTS-GLI-02594-102,t2f,5.0953214667970315e-05,259.2117614746094,90.63874816894531,136.9603271484375
BraTS-GLI-02595-100,t1n,9.120125770568848,505.1690368652344,268.8652038574219,418.3629150390625
BraTS-GLI-02595-100,t1c,11.740340232849121,1167.9937744140625,294.9288330078125,566.463623046875
BraTS-GLI-02595-100,t2w,0.02507365494966507,1827.731201171875,459.720458984375,1210.697509765625
BraTS-GLI-02595-100,t2f,0.00955854170024395,414.04193115234375,159.1427001953125,234.99769592285156
BraTS-GLI-02595-101,t1n,9.735478401184082,331.10845947265625,171.57264709472656,268.49560546875
BraTS-GLI-02595-101,t1c,6.3683929443359375,748.8106689453125,187.56222534179688,333.43182373046875
BraTS-GLI-02595-101,t2w,0.00019894649449270219,1104.6268310546875,333.0994873046875,786.1859741210938
BraTS-GLI-02595-101,t2f,0.017336519435048103,330.93878173828125,103.35848999023438,155.3301239013672
BraTS-GLI-02595-102,t1n,6.96671199798584,424.75775146484375,223.72586059570312,361.494140625
BraTS-GLI-02595-102,t1c,8.998873710632324,1050.791015625,257.2491455078125,524.5696411132812
BraTS-GLI-02595-102,t2w,0.017457567155361176,1310.54833984375,364.9617004394531,913.6973876953125
BraTS-GLI-02595-102,t2f,0.04422672092914581,2337.50537109375,587.3826904296875,914.3629760742188
BraTS-GLI-02596-100,t1n,10.837985038757324,371.2511901855469,231.17723083496094,328.3890075683594
BraTS-GLI-02596-100,t1c,14.534871101379395,777.6974487304688,252.09344482421875,437.4384460449219
BraTS-GLI-02596-100,t2w,0.0034065567888319492,1107.1669921875,393.0664978027344,801.2289428710938
BraTS-GLI-02596-100,t2f,0.0004909906419925392,241.74327087402344,96.97600555419922,140.7719268798828
BraTS-GLI-02596-101,t1n,8.549226760864258,361.8808288574219,185.16883850097656,288.17791748046875
BraTS-GLI-02596-101,t1c,13.380234718322754,931.0769653320312,211.49876403808594,475.1936340332031
BraTS-GLI-02596-101,t2w,0.008111887611448765,1051.7152099609375,294.2187194824219,689.131591796875
BraTS-GLI-02596-101,t2f,0.0013056716416031122,268.6278076171875,109.24613189697266,163.12310791015625
BraTS-GLI-02596-102,t1n,0.6003680229187012,397.71795654296875,196.2337646484375,315.75238037109375
BraTS-GLI-02596-102,t1c,7.549341678619385,1003.507568359375,222.4801025390625,480.369140625
BraTS-GLI-02596-102,t2w,0.07268540561199188,1304.0167236328125,389.2294616699219,855.7017211914062
BraTS-GLI-02596-102,t2f,0.0033978382125496864,221.9752655029297,93.17021179199219,139.04763793945312
BraTS-GLI-02597-100,t1n,11.834344863891602,523.9852905273438,239.43470764160156,348.3565979003906
BraTS-GLI-02597-100,t1c,10.874712944030762,900.833251953125,263.3875732421875,464.3194274902344
BraTS-GLI-02597-100,t2w,0.08901731669902802,1298.264892578125,454.2704772949219,1002.89599609375
BraTS-GLI-02597-100,t2f,0.00014708888193126768,288.2882385253906,97.10260009765625,154.5869140625
BraTS-GLI-02597-101,t1n,5.418125629425049,542.470458984375,281.89697265625,443.5425109863281
BraTS-GLI-02597-101,t1c,9.337431907653809,1400.2158203125,317.1479187011719,642.7922973632812
BraTS-GLI-02597-101,t2w,0.050742439925670624,1575.0721435546875,484.5015563964844,1181.6446533203125
BraTS-GLI-02597-101,t2f,0.00023564609000459313,412.65911865234375,158.0506591796875,246.1444091796875
BraTS-GLI-02597-102,t1n,15.466449737548828,619.616455078125,289.6614990234375,444.7865295410156
BraTS-GLI-02597-102,t1c,12.556594848632812,1261.6971435546875,327.09429931640625,676.4769897460938
BraTS-GLI-02597-102,t2w,0.06904106587171555,2016.7188720703125,519.8872680664062,1340.8480224609375
BraTS-GLI-02597-102,t2f,0.008152274414896965,489.9493408203125,159.9384002685547,267.52264404296875
BraTS-GLI-02597-103,t1n,0.045480877161026,355.1000061035156,189.53515625,299.1399841308594
BraTS-GLI-02597-103,t1c,0.03816661238670349,799.4785766601562,207.1645965576172,347.3692932128906
BraTS-GLI-02597-103,t2w,0.08754123002290726,1116.8990478515625,433.27490234375,956.4705810546875
BraTS-GLI-02597-103,t2f,1.2877970220870338e-05,209.61546325683594,92.36270141601562,152.8468475341797
BraTS-GLI-02614-100,t1n,18.560392379760742,497.10076904296875,195.16354370117188,309.62786865234375
BraTS-GLI-02614-100,t1c,14.294770240783691,1021.67529296875,223.17636108398438,410.43450927734375
BraTS-GLI-02614-100,t2w,2.995790719985962,1070.9029541015625,347.4752502441406,905.4066162109375
BraTS-GLI-02614-100,t2f,0.027813544496893883,570.633056640625,278.7387390136719,399.0032043457031
BraTS-GLI-02614-101,t1n,21.337297439575195,365.7901306152344,201.61141967773438,315.4808349609375
BraTS-GLI-02614-101,t1c,25.153316497802734,843.1156616210938,222.32211303710938,373.24078369140625
BraTS-GLI-02614-101,t2w,0.038228657096624374,1081.118408203125,350.9608154296875,887.4021606445312
BraTS-GLI-02614-101,t2f,0.01469007320702076,398.2882385253906,111.77548217773438,175.58871459960938
BraTS-GLI-02614-102,t1n,24.0054874420166,366.8254089355469,200.52587890625,316.699462890625
BraTS-GLI-02614-102,t1c,12.074883460998535,885.22705078125,224.23861694335938,386.8542785644531
BraTS-GLI-02614-102,t2w,0.2776138186454773,1072.3927001953125,353.11871337890625,882.0180053710938
BraTS-GLI-02614-102,t2f,0.055373337119817734,594.4310302734375,277.9966735839844,396.6871032714844
BraTS-GLI-02614-103,t1n,22.206287384033203,377.22747802734375,205.4386749267578,327.0887145996094
BraTS-GLI-02614-103,t1c,0.19449666142463684,686.869140625,151.81512451171875,264.1526794433594
BraTS-GLI-02614-103,t2w,0.000882315740454942,1335.6302490234375,413.9183349609375,1085.1951904296875
BraTS-GLI-02614-103,t2f,7.211020469665527,1537.9814453125,423.2402038574219,657.0037841796875
BraTS-GLI-02614-104,t1n,10.471890449523926,466.9226989746094,205.0263214111328,322.8550720214844
BraTS-GLI-02614-104,t1c,1.0233982801437378,617.071044921875,178.45510864257812,267.74346923828125
BraTS-GLI-02614-104,t2w,0.0009417789988219738,1474.2589111328125,411.50396728515625,1070.57470703125
BraTS-GLI-02614-104,t2f,2.322779655456543,1254.598876953125,424.1340026855469,675.0458984375
BraTS-GLI-02614-105,t1n,23.381120681762695,661.7603149414062,294.72509765625,467.4084777832031
BraTS-GLI-02614-105,t1c,19.549097061157227,1580.382568359375,384.5678405761719,706.2041015625
BraTS-GLI-02614-105,t2w,0.0003577180323190987,2383.367919921875,613.4166870117188,1776.71240234375
BraTS-GLI-02614-105,t2f,0.0010436250595375896,867.8111572265625,409.8846130371094,624.7144165039062
BraTS-GLI-02615-100,t1n,2.4699313640594482,478.2994384765625,197.1762237548828,290.5889587402344
BraTS-GLI-02615-100,t1c,3.309232234954834,797.3555908203125,247.76158142089844,399.35675048828125
BraTS-GLI-02615-100,t2w,0.001186093664728105,1286.1441650390625,416.4197082519531,883.7684936523438
BraTS-GLI-02615-100,t2f,0.03857344761490822,991.8406372070312,303.69097900390625,566.7322998046875
BraTS-GLI-02616-100,t1n,4.354104995727539,367.7871398925781,181.989990234375,263.688720703125
BraTS-GLI-02616-100,t1c,1.22737717628479,541.00927734375,197.7967987060547,301.9462585449219
BraTS-GLI-02616-100,t2w,0.34522244334220886,1012.8705444335938,346.94970703125,825.1287841796875
BraTS-GLI-02616-100,t2f,0.004100806079804897,558.4137573242188,245.53768920898438,334.9250793457031
BraTS-GLI-02616-101,t1n,10.872963905334473,470.7547302246094,219.5951385498047,338.81536865234375
BraTS-GLI-02616-101,t1c,9.399797439575195,1112.0626220703125,278.9656066894531,531.01123046875
BraTS-GLI-02616-101,t2w,0.005951498635113239,1340.535400390625,409.90740966796875,984.712646484375
BraTS-GLI-02616-101,t2f,0.32044070959091187,610.5040893554688,300.46575927734375,413.00445556640625
BraTS-GLI-02617-100,t1n,0.0035712425597012043,633.4765625,238.9538116455078,340.3689270019531
BraTS-GLI-02617-100,t1c,28.657978057861328,1478.9620361328125,578.78369140625,848.5777587890625
BraTS-GLI-02617-100,t2w,0.0013581013772636652,1250.048583984375,455.16168212890625,965.8492431640625
BraTS-GLI-02617-100,t2f,0.002743019722402096,671.421875,258.5233154296875,447.5443115234375
BraTS-GLI-02617-101,t1n,11.03213119506836,1125.6009521484375,218.4563751220703,324.41583251953125
BraTS-GLI-02617-101,t1c,22.45928192138672,1803.587890625,540.5372314453125,1136.768310546875
BraTS-GLI-02617-101,t2w,0.07928210496902466,2757.862548828125,428.65423583984375,817.4227294921875
BraTS-GLI-02617-101,t2f,0.003949211910367012,1710.80029296875,216.08619689941406,442.06549072265625
BraTS-GLI-02617-102,t1n,4.7749786376953125,832.5037841796875,260.97308349609375,368.2890930175781
BraTS-GLI-02617-102,t1c,0.12724387645721436,932.8492431640625,273.6723327636719,544.015625
BraTS-GLI-02617-102,t2w,0.5070168375968933,2621.819580078125,474.2511901855469,1042.662109375
BraTS-GLI-02617-102,t2f,0.1833111047744751,830.2337036132812,241.24752807617188,473.87286376953125
BraTS-GLI-02618-100,t1n,0.19963866472244263,765.992431640625,314.30218505859375,400.5185852050781
BraTS-GLI-02618-100,t1c,55.149051666259766,2168.49462890625,808.546142578125,965.138427734375
BraTS-GLI-02618-100,t2w,0.5317484140396118,1383.030517578125,405.3176574707031,977.309814453125
BraTS-GLI-02618-100,t2f,0.017929106950759888,757.0682983398438,338.31488037109375,487.55499267578125
BraTS-GLI-02618-101,t1n,39.098167419433594,968.7090454101562,378.9474792480469,522.6139526367188
BraTS-GLI-02618-101,t1c,76.26103210449219,1430.1806640625,427.6114501953125,783.3656005859375
BraTS-GLI-02618-101,t2w,0.10977943986654282,1826.9820556640625,474.86688232421875,1305.55859375
BraTS-GLI-02618-101,t2f,0.011240972205996513,858.1951293945312,422.07177734375,621.9290771484375
BraTS-GLI-02618-102,t1n,11.406847953796387,419.8120422363281,219.0000457763672,342.7808837890625
BraTS-GLI-02618-102,t1c,17.531864166259766,979.6466674804688,238.6729736328125,456.4378662109375
BraTS-GLI-02618-102,t2w,0.4313814043998718,1098.12744140625,293.3348388671875,821.752685546875
BraTS-GLI-02618-102,t2f,0.2647017538547516,506.12030029296875,262.84423828125,357.2462158203125
BraTS-GLI-02619-100,t1n,0.0013514136662706733,621.444580078125,256.6456298828125,331.18841552734375
BraTS-GLI-02619-100,t1c,26.410263061523438,1379.9752197265625,629.4924926757812,767.6022338867188
BraTS-GLI-02619-100,t2w,0.0034315648954361677,1396.9281005859375,365.8888244628906,828.6697998046875
BraTS-GLI-02619-100,t2f,0.0022402447648346424,1203.21533203125,280.0243225097656,503.28564453125
BraTS-GLI-02619-101,t1n,37.0814208984375,1170.7174072265625,609.6665649414062,739.185546875
BraTS-GLI-02619-101,t1c,29.536062240600586,1361.825927734375,314.5071105957031,576.0604858398438
BraTS-GLI-02619-101,t2w,0.051199667155742645,1537.041748046875,483.4080810546875,1254.3338623046875
BraTS-GLI-02619-101,t2f,0.001350918784737587,715.2051391601562,348.47637939453125,597.885498046875
BraTS-GLI-02620-100,t1n,49.731231689453125,1388.530517578125,617.6594848632812,786.6524658203125
BraTS-GLI-02620-100,t1c,65.56114959716797,2244.90869140625,675.7734375,1022.8387451171875
BraTS-GLI-02620-100,t2w,0.08995769172906876,1792.0740966796875,451.5517272949219,1155.0462646484375
BraTS-GLI-02620-100,t2f,1.0920330169028603e-05,1403.0830078125,354.67138671875,625.5623779296875
BraTS-GLI-02620-101,t1n,9.389413833618164,662.9365844726562,256.9945983886719,326.5663757324219
BraTS-GLI-02620-101,t1c,12.300115585327148,991.5159912109375,289.2373046875,618.5576171875
BraTS-GLI-02620-101,t2w,0.2555270195007324,1007.6797485351562,334.43560791015625,767.3668823242188
BraTS-GLI-02620-101,t2f,0.04884733259677887,661.4707641601562,297.3351745605469,535.8302612304688
BraTS-GLI-02620-102,t1n,10.614082336425781,354.5686950683594,129.73391723632812,179.905517578125
BraTS-GLI-02620-102,t1c,6.584707260131836,505.81378173828125,141.3351287841797,211.04290771484375
BraTS-GLI-02620-102,t2w,21.278278350830078,1455.6116943359375,405.69476318359375,1116.74853515625
BraTS-GLI-02620-102,t2f,5.204489707946777,767.0062866210938,267.5643310546875,449.5317077636719
BraTS-GLI-02621-100,t1n,16.109094619750977,1073.5008544921875,525.3515014648438,641.0432739257812
BraTS-GLI-02621-100,t1c,15.493544578552246,1242.161865234375,282.6750183105469,561.7789916992188
BraTS-GLI-02621-100,t2w,0.06918556988239288,1225.4940185546875,410.53375244140625,966.5364990234375
BraTS-GLI-02621-100,t2f,0.0028235462959855795,738.434814453125,301.0143127441406,491.6496887207031
BraTS-GLI-02621-101,t1n,12.668956756591797,579.1102294921875,245.21124267578125,373.69854736328125
BraTS-GLI-02621-101,t1c,18.094276428222656,842.0968627929688,212.4459686279297,379.5049133300781
BraTS-GLI-02621-101,t2w,0.5226183533668518,940.1997680664062,392.6313171386719,778.4057006835938
BraTS-GLI-02621-101,t2f,8.77419879543595e-05,583.4609375,254.65492248535156,440.4242858886719
BraTS-GLI-02621-102,t1n,25.974571228027344,371.8777770996094,196.2491912841797,311.7249755859375
BraTS-GLI-02621-102,t1c,19.75388526916504,915.7907104492188,224.27696228027344,447.08349609375
BraTS-GLI-02621-102,t2w,0.14599204063415527,1324.979736328125,463.3331604003906,1061.47900390625
BraTS-GLI-02621-102,t2f,1.5078425407409668,478.53118896484375,212.00680541992188,402.573486328125
BraTS-GLI-02624-100,t1n,29.432527542114258,1362.8358154296875,574.324462890625,695.56982421875
BraTS-GLI-02624-100,t1c,29.81509780883789,1452.8662109375,323.86865234375,826.857177734375
BraTS-GLI-02624-100,t2w,1.2262250185012817,1373.986083984375,448.2515869140625,1130.8583984375
BraTS-GLI-02624-100,t2f,0.024972176179289818,752.9505004882812,219.6758270263672,385.157470703125
BraTS-GLI-02630-100,t1n,7.668072700500488,749.0723876953125,230.47962951660156,379.691650390625
BraTS-GLI-02630-100,t1c,8.921856880187988,1102.0799560546875,259.24951171875,448.3858642578125
BraTS-GLI-02630-100,t2w,0.00037856324343010783,1477.50439453125,432.71588134765625,1102.434814453125
BraTS-GLI-02630-100,t2f,0.003339568618685007,381.7227783203125,140.9284210205078,217.47120666503906
BraTS-GLI-02630-101,t1n,5.4443230628967285,658.9912719726562,167.82347106933594,273.843017578125
BraTS-GLI-02630-101,t1c,6.0609941482543945,997.2801513671875,192.51043701171875,371.693603515625
BraTS-GLI-02630-101,t2w,0.008434304967522621,949.0341186523438,300.3077697753906,759.66259765625
BraTS-GLI-02630-101,t2f,7.334866040764609e-06,197.29859924316406,79.44133758544922,125.86688232421875
BraTS-GLI-02630-102,t1n,4.239516735076904,433.45306396484375,165.52549743652344,277.02032470703125
BraTS-GLI-02630-102,t1c,6.550117015838623,1031.9249267578125,189.26800537109375,369.7472229003906
BraTS-GLI-02630-102,t2w,0.017910411581397057,1126.31201171875,371.9499816894531,889.7180786132812
BraTS-GLI-02630-102,t2f,0.0002889522002078593,212.71847534179688,78.7800521850586,130.2248077392578
BraTS-GLI-02630-103,t1n,5.054891109466553,449.09661865234375,153.1260986328125,261.7428894042969
BraTS-GLI-02630-103,t1c,4.608983516693115,994.1082153320312,173.94337463378906,347.045654296875
BraTS-GLI-02630-103,t2w,0.03852522000670433,1070.6524658203125,363.7625427246094,855.1998291015625
BraTS-GLI-02630-103,t2f,3.259574805269949e-05,201.1856231689453,74.13851165771484,135.47781372070312
BraTS-GLI-02639-100,t1n,21.016475677490234,707.8671264648438,363.0708923339844,557.0714721679688
BraTS-GLI-02639-100,t1c,23.692829132080078,1664.918212890625,410.1262512207031,933.094970703125
BraTS-GLI-02639-100,t2w,0.0006627446855418384,2281.96044921875,640.7423095703125,1565.8299560546875
BraTS-GLI-02639-100,t2f,0.0006750076427124441,578.0177612304688,208.49893188476562,378.21044921875
BraTS-GLI-02639-101,t1n,4.065715312957764,409.503662109375,194.79603576660156,309.9697265625
BraTS-GLI-02639-101,t1c,2.697892427444458,1255.208251953125,250.1248321533203,562.625732421875
BraTS-GLI-02639-101,t2w,0.000697610666975379,1464.5167236328125,430.0026550292969,1024.433837890625
BraTS-GLI-02639-101,t2f,0.0006148068350739777,1513.032470703125,446.3374938964844,839.8165893554688
BraTS-GLI-02640-100,t1n,7.969961643218994,552.8444213867188,245.29661560058594,357.8519287109375
BraTS-GLI-02640-100,t1c,1.144169807434082,771.2784423828125,270.4659729003906,441.7926330566406
BraTS-GLI-02640-100,t2w,0.014572721906006336,1219.378662109375,427.9205322265625,919.7684326171875
BraTS-GLI-02640-100,t2f,0.0012562860501930118,538.261962890625,289.51715087890625,396.5160827636719
BraTS-GLI-02640-101,t1n,142.41221618652344,1076.775146484375,640.3883666992188,762.8981323242188
BraTS-GLI-02640-101,t1c,150.11373901367188,2402.0341796875,696.9413452148438,994.7041015625
BraTS-GLI-02640-101,t2w,34.70938491821289,7726.70361328125,1450.4398193359375,5611.2568359375
BraTS-GLI-02640-101,t2f,23.558366775512695,1725.9886474609375,464.2521057128906,635.4523315429688
BraTS-GLI-02640-102,t1n,87.02584838867188,2720.75146484375,1362.3585205078125,2202.19189453125
BraTS-GLI-02640-102,t1c,99.04158782958984,7053.53759765625,1500.8018798828125,3063.145263671875
BraTS-GLI-02640-102,t2w,25.870487213134766,8072.052734375,1488.8809814453125,5521.9404296875
BraTS-GLI-02640-102,t2f,1.299338936805725,1551.0322265625,494.101318359375,666.6515502929688
BraTS-GLI-02641-100,t1n,4.648104667663574,430.7216491699219,232.80661010742188,339.69891357421875
BraTS-GLI-02641-100,t1c,3.4532337188720703,740.7073364257812,260.51080322265625,424.8251037597656
BraTS-GLI-02641-100,t2w,0.17124398052692413,1340.0623779296875,416.11578369140625,1022.941650390625
BraTS-GLI-02641-100,t2f,0.24269942939281464,618.9393310546875,270.9539794921875,385.465087890625
BraTS-GLI-02641-101,t1n,7.533600330352783,388.3150329589844,215.5857696533203,320.1846008300781
BraTS-GLI-02641-101,t1c,1.185296893119812,712.7227783203125,187.40643310546875,274.56146240234375
BraTS-GLI-02641-101,t2w,0.004325898364186287,1505.529541015625,437.580810546875,1171.406005859375
BraTS-GLI-02641-101,t2f,0.00010676495003281161,200.28773498535156,93.59376525878906,146.20053100585938
BraTS-GLI-02641-102,t1n,8.486273765563965,464.5073547363281,272.6465148925781,405.81146240234375
BraTS-GLI-02641-102,t1c,7.028465270996094,995.2973022460938,364.1731262207031,589.1239013671875
BraTS-GLI-02641-102,t2w,0.0005432656616903841,1642.4918212890625,535.4849853515625,1255.4931640625
BraTS-GLI-02641-102,t2f,0.015664763748645782,644.800048828125,303.207763671875,436.5582275390625
BraTS-GLI-02642-100,t1n,33.11453628540039,883.64990234375,310.72454833984375,437.6974792480469
BraTS-GLI-02642-100,t1c,34.78574752807617,1113.873291015625,344.14453125,569.4334716796875
BraTS-GLI-02642-100,t2w,0.007368250750005245,1533.85107421875,375.96966552734375,869.0364379882812
BraTS-GLI-02642-100,t2f,0.016763504594564438,1005.0003662109375,326.45867919921875,517.804931640625
BraTS-GLI-02642-101,t1n,5.020871639251709,327.3358154296875,188.9034423828125,269.9803771972656
BraTS-GLI-02642-101,t1c,1.2117215394973755,486.5401306152344,159.24533081054688,217.31578063964844
BraTS-GLI-02642-101,t2w,0.007676107343286276,1251.6593017578125,335.643798828125,811.7942504882812
BraTS-GLI-02642-101,t2f,0.0004705529718194157,196.85752868652344,83.17514038085938,122.150390625
BraTS-GLI-02642-102,t1n,9.030206680297852,646.4591064453125,221.5657196044922,337.4742126464844
BraTS-GLI-02642-102,t1c,8.784058570861816,1207.2193603515625,289.64569091796875,586.2601928710938
BraTS-GLI-02642-102,t2w,0.00035972980549558997,1260.3463134765625,353.33282470703125,811.8051147460938
BraTS-GLI-02642-102,t2f,0.011606409214437008,662.6590576171875,295.8326416015625,405.4395446777344
BraTS-GLI-02643-100,t1n,0.6979559659957886,483.5245056152344,197.39996337890625,282.3193664550781
BraTS-GLI-02643-100,t1c,0.003291233442723751,541.8375244140625,168.58387756347656,246.7661895751953
BraTS-GLI-02643-100,t2w,4.427789826877415e-05,1339.514404296875,368.9234619140625,1027.3824462890625
BraTS-GLI-02643-100,t2f,1.2928303476655856e-06,232.74215698242188,89.61404418945312,144.97755432128906
BraTS-GLI-02643-101,t1n,3.1908633708953857,430.5783386230469,234.5518341064453,363.11175537109375
BraTS-GLI-02643-101,t1c,10.132050514221191,1317.2076416015625,307.11962890625,678.2386474609375
BraTS-GLI-02643-101,t2w,6.1219216149766e-05,1628.6043701171875,437.3248596191406,1207.3980712890625
BraTS-GLI-02643-101,t2f,0.12492125481367111,717.1524658203125,310.29901123046875,440.921630859375
BraTS-GLI-02643-102,t1n,6.755166530609131,343.975830078125,198.10800170898438,305.3222961425781
BraTS-GLI-02643-102,t1c,9.120733261108398,856.8139038085938,278.6420593261719,484.2192077636719
BraTS-GLI-02643-102,t2w,0.002419592346996069,1124.3385009765625,357.52471923828125,834.3255615234375
BraTS-GLI-02643-102,t2f,0.0015724755357950926,559.97216796875,258.8606262207031,366.0186767578125
BraTS-GLI-02644-100,t1n,13.041046142578125,381.24822998046875,200.23208618164062,313.345703125
BraTS-GLI-02644-100,t1c,25.247095108032227,1074.3189697265625,261.664794921875,547.9813232421875
BraTS-GLI-02644-100,t2w,0.004413830116391182,1251.781982421875,388.2725830078125,989.0187377929688
BraTS-GLI-02644-100,t2f,0.036673422902822495,526.5072631835938,273.6083068847656,459.8961181640625
BraTS-GLI-02645-100,t1n,15.053210258483887,547.088134765625,230.81036376953125,319.487060546875
BraTS-GLI-02645-100,t1c,0.16459225118160248,653.3029174804688,186.1809844970703,266.5418395996094
BraTS-GLI-02645-100,t2w,0.0003373512881807983,1581.899658203125,395.9828796386719,1094.365234375
BraTS-GLI-02645-100,t2f,6.982367631280795e-05,238.61795043945312,93.60782623291016,145.81143188476562
BraTS-GLI-02645-101,t1n,1.0096230506896973,382.61669921875,219.93699645996094,323.7435607910156
BraTS-GLI-02645-101,t1c,3.271714210510254,909.7973022460938,305.04840087890625,483.00335693359375
BraTS-GLI-02645-101,t2w,0.0653151422739029,1362.99853515625,378.677490234375,918.3299560546875
BraTS-GLI-02645-101,t2f,0.003242927137762308,633.8821411132812,276.0360107421875,404.4370422363281
BraTS-GLI-02646-100,t1n,0.00016207556473091245,637.1771240234375,227.45713806152344,282.93585205078125
BraTS-GLI-02646-100,t1c,0.30965104699134827,991.9324951171875,283.5306091308594,429.5322265625
BraTS-GLI-02646-100,t2w,0.014337277971208096,1027.0914306640625,290.0196533203125,564.7817993164062
BraTS-GLI-02646-100,t2f,0.004181394353508949,685.9306030273438,259.2086486816406,352.92724609375
BraTS-GLI-02646-101,t1n,0.009477995336055756,1889.9134521484375,703.3474731445312,864.3460083007812
BraTS-GLI-02646-101,t1c,12.353822708129883,1669.9366455078125,363.7515563964844,724.8888549804688
BraTS-GLI-02646-101,t2w,0.0011458145454525948,1698.2332763671875,452.860107421875,1063.2642822265625
BraTS-GLI-02646-101,t2f,0.06287360936403275,884.6224975585938,424.15301513671875,626.1732177734375
BraTS-GLI-02646-102,t1n,14.339642524719238,354.56573486328125,202.69088745117188,307.944580078125
BraTS-GLI-02646-102,t1c,9.98537540435791,871.5909423828125,224.47525024414062,388.3952941894531
BraTS-GLI-02646-102,t2w,1.4166722297668457,1128.704833984375,303.9803466796875,728.38671875
BraTS-GLI-02646-102,t2f,1.229842185974121,524.912109375,284.8554382324219,388.2123107910156
