case_id,method,source,component_label,component_rank_by_volume,volume_vox,enh_max,enh_mean,candidate_policy,n_metric_components_in_mask,ph_error,ph_h0_max_persistence,ph_h0_second_persistence,ph_h0_n_ge_0_10,ph_h1_max_persistence,ph_h2_max_persistence,ph_downsample_step,ph_crop_voxels,ph_runtime_s
BraTS-GLI-00009-101,GT_ET,true_et_cohort,1,1,11303,0.6750447154045105,0.0802418515086174,all_components,2,,0.6750447154045105,0.4886818081140518,24,0.18352055549621582,0.08293218165636063,1,72072,0.35482570016756654
BraTS-GLI-00009-101,GT_ET,true_et_cohort,2,2,17,0.0,0.0,all_components,2,,0.0,0.0,0,0.0,0.0,1,360,0.0014730002731084824
BraTS-GLI-00009-101,otsu_T1c,prediction_component,1,1,14599,1.0,0.13896973431110382,top5_volume_union_top5_enh,1,,1.0,0.9961053729057312,56,0.3596184253692627,0.10369880497455597,2,53580,0.2613337002694607
BraTS-GLI-00009-101,gmm_T1c,prediction_component,1,1,21499,1.0,0.1125684529542923,top5_volume_union_top5_enh,1,,1.0,0.8882277607917786,69,0.5303661227226257,0.09327477216720581,2,73008,0.36051709996536374
BraTS-GLI-00009-101,sustraccion,prediction_component,11,1,10586,1.0,0.5255175828933716,top5_volume_union_top5_enh,65,,1.0,0.8904094696044922,31,0.15835291147232056,0.2578931003808975,2,110000,0.686930799856782
BraTS-GLI-00009-101,sustraccion,prediction_component,33,2,2983,0.6750447154045105,0.2669813632965088,top5_volume_union_top5_enh,65,,0.6750447154045105,0.3674214258790016,15,0.13201752305030823,0.17817291617393494,1,33060,0.15318059967830777
BraTS-GLI-00009-101,sustraccion,prediction_component,22,3,853,1.0,0.38012057542800903,top5_volume_union_top5_enh,65,,1.0,0.554097443819046,18,0.34395909309387207,0.12083563208580017,1,37536,0.1824239999987185
BraTS-GLI-00009-101,sustraccion,prediction_component,50,4,516,1.0,0.48785400390625,top5_volume_union_top5_enh,65,,1.0,0.4753342270851135,13,0.4719190299510956,0.0048871636390686035,1,28652,0.13465060014277697
BraTS-GLI-00009-101,sustraccion,prediction_component,4,5,244,1.0,0.5549898147583008,top5_volume_union_top5_enh,65,,1.0,0.21902823448181152,3,0.13076898455619812,0.06766948103904724,1,5236,0.02156620007008314
BraTS-GLI-00009-101,sustraccion,prediction_component,63,31,27,1.0,0.6719624996185303,top5_volume_union_top5_enh,65,,1.0,0.0,1,0.0,0.0,1,576,0.002435799688100815
BraTS-GLI-00009-101,sustraccion,prediction_component,16,28,35,1.0,0.8534591794013977,top5_volume_union_top5_enh,65,,1.0,0.08170092105865479,1,0.0,0.0,1,1188,0.004788300022482872
BraTS-GLI-00009-101,sustraccion,prediction_component,60,31,27,1.0,0.7840699553489685,top5_volume_union_top5_enh,65,,1.0,0.007242798805236816,1,0.0,0.0,1,770,0.0030526001937687397
BraTS-GLI-00009-101,sustraccion,prediction_component,59,8,157,1.0,0.47715988755226135,top5_volume_union_top5_enh,65,,1.0,0.18600112199783325,2,0.03391611576080322,0.0,1,2990,0.012925299815833569
BraTS-GLI-00009-101,sustraccion,prediction_component,56,28,35,1.0,0.7377499341964722,top5_volume_union_top5_enh,65,,1.0,0.06909894943237305,1,0.0,0.0,1,1650,0.0089953001588583
BraTS-GLI-00009-101,gmm_2d,prediction_component,11,1,16043,1.0,0.374906450510025,top5_volume_union_top5_enh,55,,0.9811403155326843,0.4141952395439148,30,0.6773951053619385,0.03111962415277958,2,117096,0.6398192998021841
BraTS-GLI-00009-101,gmm_2d,prediction_component,32,2,5771,0.6750447154045105,0.15695585310459137,top5_volume_union_top5_enh,55,,0.6750447154045105,0.4370666965842247,24,0.4022338390350342,0.084245465695858,1,63360,0.32316960021853447
BraTS-GLI-00009-101,gmm_2d,prediction_component,16,3,3565,0.8892054557800293,0.006658580619841814,top5_volume_union_top5_enh,55,,0.8892054557800293,0.5012165904045105,13,0.0,0.0,1,47040,0.24283239990472794
BraTS-GLI-00009-101,gmm_2d,prediction_component,42,4,2252,0.8640241622924805,0.009004298597574234,top5_volume_union_top5_enh,55,,0.8640241622924805,0.23113349080085754,5,0.048730939626693726,0.0,1,23250,0.1159235998056829
BraTS-GLI-00009-101,gmm_2d,prediction_component,24,5,1962,1.0,0.23933085799217224,top5_volume_union_top5_enh,55,,1.0,0.9119439721107483,23,0.3762166202068329,0.12083563208580017,1,82620,0.4395771003328264
BraTS-GLI-00009-101,gmm_2d,prediction_component,51,29,51,1.0,0.5454339981079102,top5_volume_union_top5_enh,55,,1.0,0.007242798805236816,1,0.0,0.0,1,1089,0.007667100057005882
BraTS-GLI-00009-101,gmm_2d,prediction_component,46,25,67,1.0,0.47981736063957214,top5_volume_union_top5_enh,55,,1.0,0.195256769657135,2,0.0,0.0,1,1430,0.0072778998874127865
BraTS-GLI-00009-101,gmm_2d,prediction_component,33,21,105,1.0,0.6666846871376038,top5_volume_union_top5_enh,55,,1.0,0.06663775444030762,1,0.7352375984191895,0.0,1,2184,0.010476200375705957
BraTS-GLI-00009-101,gmm_2d,prediction_component,41,24,71,1.0,0.49321460723876953,top5_volume_union_top5_enh,55,,1.0,0.148212730884552,2,0.20120243728160858,0.0,1,1638,0.006561600137501955
BraTS-GLI-00009-101,gmm_2d,prediction_component,45,8,538,1.0,0.27363482117652893,top5_volume_union_top5_enh,55,,1.0,0.3635619878768921,6,0.04571697115898132,0.06470087915658951,1,9504,0.0476752002723515
BraTS-GLI-00009-101,variational_spline,prediction_component,1,1,21555,1.0,0.11234024167060852,top5_volume_union_top5_enh,1,,1.0,0.8882277607917786,69,0.5303661227226257,0.09327477216720581,2,73008,0.378578900359571
BraTS-GLI-00046-100,GT_ET,true_et_cohort,1,1,6126,0.8568297624588013,0.05458446964621544,all_components,2,,0.8568297624588013,0.5808060327544808,22,0.1277196854352951,0.0,1,52675,0.25358910020440817
BraTS-GLI-00046-100,GT_ET,true_et_cohort,2,2,61,0.19567786157131195,0.03522520512342453,all_components,2,,0.19567786157131195,0.0,1,0.022393718361854553,0.0,1,810,0.0033574001863598824
BraTS-GLI-00046-100,otsu_T1c,prediction_component,1,1,10577,1.0,0.3524208068847656,top5_volume_union_top5_enh,1,,1.0,0.7938020378351212,46,0.33608879148960114,0.11704633757472038,2,91086,0.46623470028862357
BraTS-GLI-00046-100,gmm_T1c,prediction_component,1,1,11199,1.0,0.34449172019958496,top5_volume_union_top5_enh,1,,1.0,0.7102235555648804,41,0.3118085265159607,0.005218237638473511,2,92684,0.46802249969914556
BraTS-GLI-00046-100,sustraccion,prediction_component,13,1,14700,1.0,0.3416909873485565,top5_volume_union_top5_enh,240,,1.0,0.9700435996055603,53,0.3716944456100464,0.08282066322863102,2,105450,0.5378912999294698
BraTS-GLI-00046-100,sustraccion,prediction_component,45,2,6382,1.0,0.28660330176353455,top5_volume_union_top5_enh,240,,1.0,0.6915388703346252,27,0.286336213350296,0.21579726040363312,1,257742,1.3954710997641087
BraTS-GLI-00046-100,sustraccion,prediction_component,136,3,5078,1.0,0.302093505859375,top5_volume_union_top5_enh,240,,1.0,0.752889409661293,43,0.4862951636314392,0.05196875333786011,1,123750,0.6335770003497601
BraTS-GLI-00046-100,sustraccion,prediction_component,37,4,4224,1.0,0.27386999130249023,top5_volume_union_top5_enh,240,,1.0,0.6330152451992035,14,0.340471088886261,0.02578219771385193,1,154752,0.7943625999614596
BraTS-GLI-00046-100,sustraccion,prediction_component,15,5,3773,1.0,0.4386085867881775,top5_volume_union_top5_enh,240,,1.0,0.7685488164424896,31,0.3890208899974823,0.04859346151351929,1,185500,0.9895502999424934
BraTS-GLI-00046-100,sustraccion,prediction_component,234,98,49,1.0,0.4970921576023102,top5_volume_union_top5_enh,240,,1.0,0.025166571140289307,1,0.0,0.0,1,1080,0.004565599840134382
BraTS-GLI-00046-100,sustraccion,prediction_component,233,20,298,1.0,0.28649649024009705,top5_volume_union_top5_enh,240,,1.0,0.45189329981803894,3,0.07605701684951782,0.0,1,3289,0.013372200075536966
BraTS-GLI-00046-100,sustraccion,prediction_component,236,99,48,1.0,0.6023932099342346,top5_volume_union_top5_enh,240,,1.0,0.3087097406387329,2,0.0,0.0,1,1800,0.007129200268536806
BraTS-GLI-00046-100,sustraccion,prediction_component,213,72,76,1.0,0.48710542917251587,top5_volume_union_top5_enh,240,,1.0,0.37737178802490234,4,0.1352696418762207,0.0,1,3136,0.012190900277346373
BraTS-GLI-00046-100,sustraccion,prediction_component,155,60,95,1.0,0.5296458601951599,top5_volume_union_top5_enh,240,,1.0,0.15378963947296143,3,0.027461707592010498,0.0,1,2704,0.011098199989646673
BraTS-GLI-00046-100,gmm_2d,prediction_component,1,1,452950,1.0,0.04948898404836655,top5_volume_union_top5_enh,35,,1.0,0.971243679523468,402,0.23864219710230827,0.058903541415929794,3,128968,0.6610535997897387
BraTS-GLI-00046-100,gmm_2d,prediction_component,27,2,979,0.4199800193309784,0.01539543829858303,top5_volume_union_top5_enh,35,,0.4199800193309784,0.3968324363231659,9,0.01739446260035038,0.0,1,14400,0.06412320025265217
BraTS-GLI-00046-100,gmm_2d,prediction_component,19,3,664,0.535790205001831,0.0532122403383255,top5_volume_union_top5_enh,35,,0.535790205001831,0.4965915195643902,4,0.026857933029532433,0.0,1,5888,0.024408599827438593
BraTS-GLI-00046-100,gmm_2d,prediction_component,4,4,547,0.5703913569450378,0.033434655517339706,top5_volume_union_top5_enh,35,,0.5703913569450378,0.23838964104652405,6,0.018019608920440078,0.0,1,10400,0.0455081001855433
BraTS-GLI-00046-100,gmm_2d,prediction_component,16,5,522,0.3839375972747803,0.016116509214043617,top5_volume_union_top5_enh,35,,0.3839375972747803,0.08908204734325409,1,0.0,0.0,1,5168,0.022226700093597174
BraTS-GLI-00046-100,gmm_2d,prediction_component,8,7,370,0.8336560726165771,0.03282647952437401,top5_volume_union_top5_enh,35,,0.8336560726165771,0.4513704087585211,3,0.0,0.0,1,4410,0.019154800102114677
BraTS-GLI-00046-100,gmm_2d,prediction_component,26,25,25,0.7776933312416077,0.10927627235651016,top5_volume_union_top5_enh,35,,0.7776933312416077,0.3195148706436157,2,0.0,0.0,1,729,0.0031103999353945255
BraTS-GLI-00046-100,gmm_2d,prediction_component,17,13,104,0.5995478630065918,0.014956371858716011,top5_volume_union_top5_enh,35,,0.5995478630065918,0.0,1,0.0,0.0,1,1400,0.005584999918937683
BraTS-GLI-00046-100,variational_spline,prediction_component,1,1,11199,1.0,0.34449172019958496,top5_volume_union_top5_enh,1,,1.0,0.7102235555648804,41,0.3118085265159607,0.005218237638473511,2,92684,0.4507649000734091
BraTS-GLI-00543-101,otsu_T1c,absent_fp_component,1,1,13935,1.0,0.43656808137893677,top5_volume_union_top5_enh,1,,0.9829751253128052,0.5510539412498474,54,0.5344672799110413,0.024496763944625854,2,142506,0.7638718001544476
BraTS-GLI-00543-101,gmm_T1c,absent_fp_component,1,1,16769,1.0,0.4030093848705292,top5_volume_union_top5_enh,1,,0.999283492565155,0.7573961168527603,50,0.5134960412979126,0.4146502614021301,2,219008,1.1820344999432564
BraTS-GLI-00543-101,sustraccion,absent_fp_component,8,1,21555,1.0,0.3928905129432678,top5_volume_union_top5_enh,106,,1.0,0.8350379317998886,105,0.5414619445800781,0.17144282162189484,2,262080,1.4090080000460148
BraTS-GLI-00543-101,sustraccion,absent_fp_component,74,2,1432,1.0,0.31799328327178955,top5_volume_union_top5_enh,106,,1.0,0.7040795087814331,21,0.2904985249042511,0.13762745261192322,1,73920,0.37113900016993284
BraTS-GLI-00543-101,sustraccion,absent_fp_component,36,3,1262,1.0,0.45307615399360657,top5_volume_union_top5_enh,106,,1.0,0.6068077981472015,16,0.18761684000492096,0.0,1,79464,0.389987800270319
BraTS-GLI-00543-101,sustraccion,absent_fp_component,64,4,1062,1.0,0.32745999097824097,top5_volume_union_top5_enh,106,,1.0,0.517083078622818,19,0.3821517527103424,0.09105544537305832,1,37842,0.17609609989449382
BraTS-GLI-00543-101,sustraccion,absent_fp_component,13,5,806,0.9583211541175842,0.3239388167858124,top5_volume_union_top5_enh,106,,0.9583211541175842,0.7364370822906494,11,0.1381230503320694,0.0,1,32250,0.14466889994218946
BraTS-GLI-00543-101,sustraccion,absent_fp_component,103,7,661,1.0,0.436733603477478,top5_volume_union_top5_enh,106,,1.0,0.7197845876216888,13,0.10664379596710205,0.06291694194078445,1,16200,0.0719555001705885
BraTS-GLI-00543-101,sustraccion,absent_fp_component,104,23,148,1.0,0.6757149696350098,top5_volume_union_top5_enh,106,,1.0,0.104647696018219,2,0.0012906193733215332,0.0,1,3003,0.012403000146150589
BraTS-GLI-00543-101,sustraccion,absent_fp_component,97,17,223,1.0,0.4861834943294525,top5_volume_union_top5_enh,106,,1.0,0.3614111840724945,4,0.12129563838243484,0.0015594991855323315,1,13104,0.05599260004237294
BraTS-GLI-00543-101,sustraccion,absent_fp_component,88,16,241,1.0,0.4510023593902588,top5_volume_union_top5_enh,106,,1.0,0.42841190099716187,6,0.0,0.0,1,17280,0.07847849978134036
BraTS-GLI-00543-101,sustraccion,absent_fp_component,81,31,88,1.0,0.5304441452026367,top5_volume_union_top5_enh,106,,1.0,0.596666544675827,3,0.8951318860054016,0.0,1,2550,0.011293699964880943
BraTS-GLI-00543-101,gmm_2d,absent_fp_component,29,1,6620,1.0,0.13155736029148102,top5_volume_union_top5_enh,212,,0.9113518595695496,0.6615766882896423,41,0.37453100085258484,0.0,2,51700,0.2384151997976005
BraTS-GLI-00543-101,gmm_2d,absent_fp_component,158,2,6030,1.0,0.1618453413248062,top5_volume_union_top5_enh,212,,1.0,0.7040795087814331,58,0.35806621611118317,0.13762745261192322,1,166796,0.8649101001210511
BraTS-GLI-00543-101,gmm_2d,absent_fp_component,77,3,2425,1.0,0.1400347501039505,top5_volume_union_top5_enh,212,,1.0,0.9893578886985779,19,0.44299960136413574,0.0027049826458096504,1,87120,0.41558199981227517
BraTS-GLI-00543-101,gmm_2d,absent_fp_component,25,4,1814,0.9305427670478821,0.1511439085006714,top5_volume_union_top5_enh,212,,0.9305427670478821,0.5501370429992676,19,0.3216564953327179,0.03806518390774727,1,103530,0.5170523999258876
BraTS-GLI-00543-101,gmm_2d,absent_fp_component,157,5,1595,0.9960287809371948,0.23677484691143036,top5_volume_union_top5_enh,212,,0.9960287809371948,0.934410035610199,20,0.494009405374527,0.296625018119812,1,53280,0.2544664996676147
BraTS-GLI-00543-101,gmm_2d,absent_fp_component,212,30,262,1.0,0.3084852397441864,top5_volume_union_top5_enh,212,,1.0,0.45108315348625183,6,0.035870492458343506,0.0,1,4389,0.019264899659901857
BraTS-GLI-00543-101,gmm_2d,absent_fp_component,201,54,127,1.0,0.24313735961914062,top5_volume_union_top5_enh,212,,1.0,0.09511464834213257,1,0.0,0.0,1,2002,0.007914000190794468
BraTS-GLI-00543-101,gmm_2d,absent_fp_component,206,31,243,1.0,0.22691118717193604,top5_volume_union_top5_enh,212,,1.0,0.6460128277540207,9,0.3905538022518158,0.0,1,6720,0.02806080039590597
BraTS-GLI-00543-101,gmm_2d,absent_fp_component,205,35,221,1.0,0.29107430577278137,top5_volume_union_top5_enh,212,,1.0,0.4855090081691742,4,0.1488591879606247,0.0,1,3536,0.014976399950683117
BraTS-GLI-00543-101,gmm_2d,absent_fp_component,195,129,38,1.0,0.3411668539047241,top5_volume_union_top5_enh,212,,1.0,0.04944252967834473,1,0.0,0.0,1,900,0.003474100027233362
BraTS-GLI-00543-101,variational_spline,absent_fp_component,1,1,16775,1.0,0.40287014842033386,top5_volume_union_top5_enh,1,,0.999283492565155,0.7573961168527603,50,0.5134960412979126,0.4146502614021301,2,219008,1.1905657001771033
BraTS-GLI-00548-100,otsu_T1c,absent_fp_component,1,1,13841,1.0,0.4857553541660309,top5_volume_union_top5_enh,1,,1.0,0.8966150283813477,72,0.42460545897483826,0.043076395988464355,2,135720,0.7053613001480699
BraTS-GLI-00548-100,gmm_T1c,absent_fp_component,1,1,1109623,0.7399582862854004,0.0008775537135079503,top5_volume_union_top5_enh,1,,0.6089534759521484,0.5872937440872192,106,0.17129088938236237,0.0,3,131130,0.6686220001429319
BraTS-GLI-00548-100,sustraccion,absent_fp_component,10,1,85384,1.0,0.2309509515762329,top5_volume_union_top5_enh,196,,1.0,1.0,247,0.4533413555473089,0.0,3,120780,0.6138531002216041
BraTS-GLI-00548-100,sustraccion,absent_fp_component,7,2,2214,1.0,0.09785902500152588,top5_volume_union_top5_enh,196,,1.0,0.6423042416572571,16,0.18978340923786163,0.0,1,43586,0.1984780002385378
BraTS-GLI-00548-100,sustraccion,absent_fp_component,27,3,1083,1.0,0.1659374088048935,top5_volume_union_top5_enh,196,,1.0,0.6625997126102448,16,0.12014663219451904,0.032330989837646484,1,41040,0.18732589995488524
BraTS-GLI-00548-100,sustraccion,absent_fp_component,6,4,1037,1.0,0.2648000121116638,top5_volume_union_top5_enh,196,,1.0,0.8060058504343033,10,0.23055186867713928,0.018379822373390198,1,19872,0.08942779991775751
BraTS-GLI-00548-100,sustraccion,absent_fp_component,22,5,951,0.993061900138855,0.038068871945142746,top5_volume_union_top5_enh,196,,0.993061900138855,0.45798180252313614,5,0.022749945521354675,0.0,1,11628,0.050921499729156494
BraTS-GLI-00548-100,sustraccion,absent_fp_component,194,46,62,1.0,0.3791463375091553,top5_volume_union_top5_enh,196,,1.0,0.06746354699134827,1,0.16350102424621582,0.0,1,1386,0.006539700087159872
BraTS-GLI-00548-100,sustraccion,absent_fp_component,156,14,216,1.0,0.36850735545158386,top5_volume_union_top5_enh,196,,1.0,0.2277461290359497,4,0.0,0.0,1,5070,0.020812800154089928
BraTS-GLI-00548-100,sustraccion,absent_fp_component,159,7,583,1.0,0.1625726819038391,top5_volume_union_top5_enh,196,,1.0,0.3068770170211792,5,0.0,0.0,1,21896,0.09538770001381636
BraTS-GLI-00548-100,sustraccion,absent_fp_component,170,10,295,1.0,0.2780369222164154,top5_volume_union_top5_enh,196,,1.0,0.20698869228363037,3,0.15002326667308807,0.0,1,4785,0.021034100092947483
BraTS-GLI-00548-100,gmm_2d,absent_fp_component,11,1,70417,1.0,0.22077974677085876,top5_volume_union_top5_enh,114,,1.0,1.0,156,0.397104412317276,0.0,3,92400,0.44942239997908473
BraTS-GLI-00548-100,gmm_2d,absent_fp_component,64,2,5644,1.0,0.273408442735672,top5_volume_union_top5_enh,114,,1.0,0.6806183531880379,24,0.47916778922080994,0.0,2,45632,0.2081140000373125
BraTS-GLI-00548-100,gmm_2d,absent_fp_component,8,3,1394,1.0,0.1367741823196411,top5_volume_union_top5_enh,114,,1.0,0.8684633821249008,14,0.15555410087108612,0.0,1,36890,0.16973820002749562
BraTS-GLI-00548-100,gmm_2d,absent_fp_component,6,4,1204,1.0,0.21681492030620575,top5_volume_union_top5_enh,114,,1.0,0.8060058504343033,10,0.23055186867713928,0.018379822373390198,1,18144,0.08035949990153313
BraTS-GLI-00548-100,gmm_2d,absent_fp_component,61,5,1091,0.9240406155586243,0.19055096805095673,top5_volume_union_top5_enh,114,,0.9240406155586243,0.5725918114185333,12,0.37038424611091614,0.03495146334171295,1,21964,0.09706280007958412
BraTS-GLI-00548-100,gmm_2d,absent_fp_component,102,26,130,1.0,0.2582409083843231,top5_volume_union_top5_enh,114,,1.0,0.29191717505455017,3,0.0,0.07527970522642136,1,2856,0.011961099691689014
BraTS-GLI-00548-100,gmm_2d,absent_fp_component,111,64,38,1.0,0.36318549513816833,top5_volume_union_top5_enh,114,,1.0,0.0,1,0.0,0.0,1,810,0.0030744001269340515
BraTS-GLI-00548-100,gmm_2d,absent_fp_component,75,19,192,1.0,0.2107623815536499,top5_volume_union_top5_enh,114,,1.0,0.29028400778770447,3,0.35070669651031494,0.0,1,6498,0.027007400058209896
BraTS-GLI-00548-100,gmm_2d,absent_fp_component,69,6,802,1.0,0.2764449715614319,top5_volume_union_top5_enh,114,,1.0,0.8711891556158662,7,0.14357388019561768,0.04816138744354248,1,22644,0.0993045000359416
BraTS-GLI-00548-100,gmm_2d,absent_fp_component,94,20,182,1.0,0.32928329706192017,top5_volume_union_top5_enh,114,,1.0,0.2277461290359497,2,0.0,0.0,1,3192,0.013441700022667646
BraTS-GLI-00548-100,variational_spline,absent_fp_component,1,1,209037,1.0,0.11644824594259262,top5_volume_union_top5_enh,1,,1.0,1.0,413,0.6154751181602478,0.0,3,129015,0.6580698001198471
BraTS-GLI-00549-100,otsu_T1c,absent_fp_component,1,1,13510,1.0,0.42218929529190063,top5_volume_union_top5_enh,1,,1.0,1.0,64,0.45234036445617676,0.1094827651977539,2,178695,0.9215941000729799
BraTS-GLI-00549-100,gmm_T1c,absent_fp_component,1,1,20792,1.0,0.3645564019680023,top5_volume_union_top5_enh,1,,1.0,0.9488722681999207,118,0.7119847536087036,0.14311808347702026,2,201898,1.0566851999610662
BraTS-GLI-00549-100,sustraccion,absent_fp_component,7,1,79882,1.0,0.22420379519462585,top5_volume_union_top5_enh,153,,1.0,1.0,298,0.6101153492927551,0.0,3,113160,0.5802449998445809
BraTS-GLI-00549-100,sustraccion,absent_fp_component,64,2,2382,0.9737040400505066,0.18948695063591003,top5_volume_union_top5_enh,153,,0.9737040400505066,0.7102872133255005,26,0.2775940001010895,0.0,1,164640,0.8634624001570046
BraTS-GLI-00549-100,sustraccion,absent_fp_component,85,3,1373,1.0,0.21491238474845886,top5_volume_union_top5_enh,153,,1.0,0.45244413800537586,17,0.02597874402999878,0.0,1,69190,0.3535998002626002
BraTS-GLI-00549-100,sustraccion,absent_fp_component,89,4,1183,1.0,0.2897509038448334,top5_volume_union_top5_enh,153,,1.0,0.4563342332839966,16,0.24144098162651062,0.0,1,83230,0.4667763998731971
BraTS-GLI-00549-100,sustraccion,absent_fp_component,119,5,822,1.0,0.2729433476924896,top5_volume_union_top5_enh,153,,1.0,0.7410883605480194,7,0.04563219100236893,0.0,1,29696,0.14845959981903434
BraTS-GLI-00549-100,sustraccion,absent_fp_component,145,28,93,1.0,0.43336021900177,top5_volume_union_top5_enh,153,,1.0,0.0622062087059021,1,0.0,0.0,1,2366,0.011405599769204855
BraTS-GLI-00549-100,sustraccion,absent_fp_component,143,15,161,1.0,0.3154374659061432,top5_volume_union_top5_enh,153,,1.0,0.3751305937767029,4,0.0,0.0,1,4560,0.019203600008040667
BraTS-GLI-00549-100,sustraccion,absent_fp_component,27,131,12,1.0,0.43153873085975647,top5_volume_union_top5_enh,153,,1.0,0.0,1,0.0,0.0,1,392,0.0015218998305499554
BraTS-GLI-00549-100,sustraccion,absent_fp_component,1,19,135,1.0,0.4803140163421631,top5_volume_union_top5_enh,153,,1.0,0.0,1,0.0,0.0,1,1890,0.007438800297677517
BraTS-GLI-00549-100,sustraccion,absent_fp_component,2,20,130,1.0,0.31235063076019287,top5_volume_union_top5_enh,153,,1.0,0.5079454779624939,3,0.35212138295173645,0.12325244396924973,1,1680,0.008331499993801117
BraTS-GLI-00549-100,gmm_2d,absent_fp_component,7,1,54316,1.0,0.21198490262031555,top5_volume_union_top5_enh,137,,1.0,1.0,220,0.5576393753290176,0.18055905401706696,2,252960,1.42174579994753
BraTS-GLI-00549-100,gmm_2d,absent_fp_component,93,2,2768,1.0,0.1990123987197876,top5_volume_union_top5_enh,137,,1.0,0.9352719187736511,18,0.2740740180015564,0.02350565791130066,1,55100,0.264956200029701
BraTS-GLI-00549-100,gmm_2d,absent_fp_component,34,3,2461,1.0,0.2052106112241745,top5_volume_union_top5_enh,137,,1.0,0.7930105030536652,14,0.16222155094146729,0.0,1,244224,1.295640300028026
BraTS-GLI-00549-100,gmm_2d,absent_fp_component,56,4,1622,1.0,0.20429161190986633,top5_volume_union_top5_enh,137,,1.0,0.662534773349762,11,0.3182118088006973,0.03810949623584747,1,48510,0.2271396997384727
BraTS-GLI-00549-100,gmm_2d,absent_fp_component,28,5,1404,1.0,0.3599565029144287,top5_volume_union_top5_enh,137,,1.0,0.30713075399398804,14,0.2152322232723236,0.030952930450439453,1,33350,0.1537958001717925
BraTS-GLI-00549-100,gmm_2d,absent_fp_component,133,37,119,1.0,0.23803146183490753,top5_volume_union_top5_enh,137,,1.0,0.28387123346328735,2,0.0,0.0,1,2380,0.010069099720567465
BraTS-GLI-00549-100,gmm_2d,absent_fp_component,134,82,38,1.0,0.4096143841743469,top5_volume_union_top5_enh,137,,1.0,0.0,1,0.0,0.0,1,900,0.0036857002414762974
BraTS-GLI-00549-100,gmm_2d,absent_fp_component,95,9,981,1.0,0.22792446613311768,top5_volume_union_top5_enh,137,,1.0,0.3380064070224762,8,0.0,0.0,1,38272,0.17555809998884797
BraTS-GLI-00549-100,gmm_2d,absent_fp_component,82,29,159,1.0,0.23583778738975525,top5_volume_union_top5_enh,137,,1.0,0.4928901493549347,2,0.0,0.0,1,2640,0.011176600120961666
BraTS-GLI-00549-100,gmm_2d,absent_fp_component,87,93,25,1.0,0.3004564344882965,top5_volume_union_top5_enh,137,,1.0,0.0,1,0.0,0.0,1,729,0.002779100090265274
BraTS-GLI-00549-100,variational_spline,absent_fp_component,1,1,20792,1.0,0.3645564019680023,top5_volume_union_top5_enh,1,,1.0,0.9488722681999207,118,0.7119847536087036,0.14311808347702026,2,201898,1.0362163996323943
BraTS-GLI-02061-100,GT_ET,true_et_cohort,1,1,427,1.0,0.4326231777667999,all_components,1,,1.0,0.6120699942111969,4,0.13972926139831543,0.0,1,6800,0.029145800042897463
BraTS-GLI-02061-100,otsu_T1c,prediction_component,1,1,4347,1.0,0.6529219150543213,top5_volume_union_top5_enh,1,,1.0,0.7020871043205261,21,0.10765612125396729,0.07948535680770874,2,46305,0.24687890009954572
BraTS-GLI-02061-100,gmm_T1c,prediction_component,1,1,4541,1.0,0.6465912461280823,top5_volume_union_top5_enh,1,,1.0,0.31330204010009766,20,0.10765612125396729,0.07948535680770874,2,49735,0.23466219985857606
BraTS-GLI-02061-100,sustraccion,prediction_component,2,1,65743,1.0,0.34578078985214233,top5_volume_union_top5_enh,211,,1.0,1.0,261,0.8309544324874878,0.0,3,116160,0.5904091000556946
BraTS-GLI-02061-100,sustraccion,prediction_component,9,2,562,1.0,0.37178000807762146,top5_volume_union_top5_enh,211,,1.0,0.7324994206428528,13,0.3283180296421051,0.0,1,15456,0.0687135998159647
BraTS-GLI-02061-100,sustraccion,prediction_component,158,3,393,1.0,0.4510127007961273,top5_volume_union_top5_enh,211,,1.0,0.6879820823669434,6,0.0,0.0,1,15066,0.06320449989289045
BraTS-GLI-02061-100,sustraccion,prediction_component,154,4,338,1.0,0.5649256706237793,top5_volume_union_top5_enh,211,,1.0,0.13112115859985352,4,0.0,0.0,1,18240,0.08015970000997186
BraTS-GLI-02061-100,sustraccion,prediction_component,4,5,324,0.8844408392906189,0.3491915762424469,top5_volume_union_top5_enh,211,,0.8844408392906189,0.20716673135757446,3,0.5337249040603638,0.0,1,6776,0.02850390039384365
BraTS-GLI-02061-100,sustraccion,prediction_component,203,70,29,1.0,0.584744930267334,top5_volume_union_top5_enh,211,,1.0,0.06250804662704468,1,0.0,0.0,1,792,0.0035000001080334187
BraTS-GLI-02061-100,sustraccion,prediction_component,206,122,19,1.0,0.37004032731056213,top5_volume_union_top5_enh,211,,1.0,0.19463768601417542,3,0.0,0.0,1,704,0.0029589999467134476
BraTS-GLI-02061-100,sustraccion,prediction_component,208,62,34,1.0,0.6739445328712463,top5_volume_union_top5_enh,211,,1.0,0.0,1,0.0,0.0,1,880,0.003503700252622366
BraTS-GLI-02061-100,sustraccion,prediction_component,193,20,107,1.0,0.4064702093601227,top5_volume_union_top5_enh,211,,1.0,0.41288259625434875,3,0.12334929406642914,0.0,1,3822,0.01637169998139143
BraTS-GLI-02061-100,sustraccion,prediction_component,195,77,28,1.0,0.5138100981712341,top5_volume_union_top5_enh,211,,1.0,0.0,1,0.0,0.0,1,648,0.0024731000885367393
BraTS-GLI-02061-100,gmm_2d,prediction_component,10,1,80588,1.0,0.25235822796821594,top5_volume_union_top5_enh,165,,1.0,1.0,191,0.6647220849990845,0.007983982563018799,3,99792,0.496337799821049
BraTS-GLI-02061-100,gmm_2d,prediction_component,27,2,3207,1.0,0.3280043303966522,top5_volume_union_top5_enh,165,,1.0,0.396544873714447,29,0.6632235646247864,0.054528698325157166,1,89250,0.43495689984411
BraTS-GLI-02061-100,gmm_2d,prediction_component,82,3,2357,1.0,0.28333964943885803,top5_volume_union_top5_enh,165,,1.0,0.909408412873745,16,0.10122483968734741,0.0,1,135256,0.6965365000069141
BraTS-GLI-02061-100,gmm_2d,prediction_component,14,4,1167,1.0,0.25531497597694397,top5_volume_union_top5_enh,165,,1.0,0.8348876684904099,15,0.27658140659332275,0.0,1,36288,0.1663957997225225
BraTS-GLI-02061-100,gmm_2d,prediction_component,7,5,654,0.9298455715179443,0.24294941127300262,top5_volume_union_top5_enh,165,,0.9298455715179443,0.8844408392906189,5,0.07494285702705383,0.0,1,13398,0.05784070026129484
BraTS-GLI-02061-100,gmm_2d,prediction_component,165,9,357,1.0,0.4346449375152588,top5_volume_union_top5_enh,165,,1.0,0.09586817026138306,1,0.271811842918396,0.05770425498485565,1,3240,0.013372499961405993
BraTS-GLI-02061-100,gmm_2d,prediction_component,162,81,38,1.0,0.3921404480934143,top5_volume_union_top5_enh,165,,1.0,0.0,1,0.0,0.0,1,900,0.0039061997085809708
BraTS-GLI-02061-100,gmm_2d,prediction_component,148,50,71,1.0,0.4131874442100525,top5_volume_union_top5_enh,165,,1.0,0.0993531346321106,1,0.11423233896493912,0.0,1,1980,0.00912570022046566
BraTS-GLI-02061-100,gmm_2d,prediction_component,157,81,38,1.0,0.37023264169692993,top5_volume_union_top5_enh,165,,1.0,0.0,1,0.0,0.0,1,900,0.0036909999325871468
BraTS-GLI-02061-100,gmm_2d,prediction_component,160,56,63,1.0,0.4024556279182434,top5_volume_union_top5_enh,165,,1.0,0.15243196487426758,2,0.0,0.0,1,1215,0.004749400075525045
BraTS-GLI-02061-100,variational_spline,prediction_component,1,1,4541,1.0,0.6465912461280823,top5_volume_union_top5_enh,1,,1.0,0.31330204010009766,20,0.10765612125396729,0.07948535680770874,2,49735,0.23194140009582043
BraTS-GLI-02086-100,GT_ET,true_et_cohort,1,1,26318,0.9256817102432251,0.10313490778207779,all_components,2,,0.9256817102432251,0.7829579859972,61,0.24190069735050201,0.09801725298166275,1,159030,0.82262650039047
BraTS-GLI-02086-100,GT_ET,true_et_cohort,2,2,26,0.4534529149532318,0.23366405069828033,all_components,2,,0.4534529149532318,0.0,1,0.0,0.0,1,432,0.001990700140595436
BraTS-GLI-02086-100,otsu_T1c,prediction_component,1,1,7548,0.9256817102432251,0.20891135931015015,top5_volume_union_top5_enh,1,,0.9256817102432251,0.6115894299000502,28,0.2598978877067566,0.08657250553369522,1,60762,0.2823172998614609
BraTS-GLI-02086-100,gmm_T1c,prediction_component,1,1,8476,0.9256817102432251,0.18934211134910583,top5_volume_union_top5_enh,1,,0.9256817102432251,0.5703542977571487,30,0.24190069735050201,0.08657250553369522,1,62361,0.29298510029911995
BraTS-GLI-02086-100,sustraccion,prediction_component,8,1,69276,1.0,0.2813660502433777,top5_volume_union_top5_enh,140,,1.0,1.0,227,0.6371259689331055,0.08482682704925537,3,98560,0.48444509971886873
BraTS-GLI-02086-100,sustraccion,prediction_component,24,2,1013,1.0,0.41320914030075073,top5_volume_union_top5_enh,140,,1.0,0.6766843199729919,17,0.32957038283348083,0.08936329931020737,1,107328,0.5395678002387285
BraTS-GLI-02086-100,sustraccion,prediction_component,1,3,892,1.0,0.3361463248729706,top5_volume_union_top5_enh,140,,1.0,0.6318404078483582,16,0.8168865442276001,0.0,1,27648,0.12414899980649352
BraTS-GLI-02086-100,sustraccion,prediction_component,25,4,282,0.8887011408805847,0.3259478211402893,top5_volume_union_top5_enh,140,,0.8887011408805847,0.5812914371490479,10,0.31306175887584686,0.0,1,12960,0.05513059999793768
BraTS-GLI-02086-100,sustraccion,prediction_component,7,5,212,0.663059413433075,0.2186977118253708,top5_volume_union_top5_enh,140,,0.663059413433075,0.155157208442688,4,0.0016753971576690674,0.0,1,4896,0.020017399918287992
BraTS-GLI-02086-100,sustraccion,prediction_component,131,27,52,1.0,0.46440765261650085,top5_volume_union_top5_enh,140,,1.0,0.03717303276062012,1,0.0,0.0,1,1080,0.0043577998876571655
BraTS-GLI-02086-100,sustraccion,prediction_component,133,39,38,1.0,0.6429867148399353,top5_volume_union_top5_enh,140,,1.0,0.0,1,0.0,0.0,1,1320,0.005240300204604864
BraTS-GLI-02086-100,sustraccion,prediction_component,18,60,28,1.0,0.6043586730957031,top5_volume_union_top5_enh,140,,1.0,0.07645344734191895,1,0.0,0.0,1,891,0.00331429997459054
BraTS-GLI-02086-100,sustraccion,prediction_component,28,115,12,1.0,0.6065481305122375,top5_volume_union_top5_enh,140,,1.0,0.0,1,0.0,0.0,1,392,0.0014488999731838703
BraTS-GLI-02086-100,sustraccion,prediction_component,90,41,36,1.0,0.34726476669311523,top5_volume_union_top5_enh,140,,1.0,0.1754882037639618,2,0.0,0.0,1,1280,0.005235400050878525
BraTS-GLI-02086-100,gmm_2d,prediction_component,7,1,111748,1.0,0.19352015852928162,top5_volume_union_top5_enh,108,,1.0,1.0,263,0.7366454005241394,0.08526699244976044,3,105165,0.5170419001951814
BraTS-GLI-02086-100,gmm_2d,prediction_component,1,2,2120,1.0,0.18828321993350983,top5_volume_union_top5_enh,108,,1.0,0.7010194212198257,20,0.8168865442276001,0.0,1,49680,0.2314478000625968
BraTS-GLI-02086-100,gmm_2d,prediction_component,23,3,507,0.8887011408805847,0.21989987790584564,top5_volume_union_top5_enh,108,,0.8887011408805847,0.5812914371490479,6,0.20357629656791687,0.038117049261927605,1,14508,0.060337299946695566
BraTS-GLI-02086-100,gmm_2d,prediction_component,26,4,312,0.9253243207931519,0.1672762632369995,top5_volume_union_top5_enh,108,,0.9253243207931519,0.4054635167121887,4,0.11680454760789871,0.0,1,5980,0.02453439962118864
BraTS-GLI-02086-100,gmm_2d,prediction_component,85,5,272,0.7887567281723022,0.16875015199184418,top5_volume_union_top5_enh,108,,0.7887567281723022,0.1831449270248413,4,0.12407645583152771,0.0,1,5184,0.020664299838244915
BraTS-GLI-02086-100,gmm_2d,prediction_component,106,39,51,1.0,0.4467754662036896,top5_volume_union_top5_enh,108,,1.0,0.050814926624298096,1,0.0,0.0,1,990,0.003941699862480164
BraTS-GLI-02086-100,gmm_2d,prediction_component,98,23,98,1.0,0.3188539147377014,top5_volume_union_top5_enh,108,,1.0,0.1357458233833313,2,0.0,0.0,1,1716,0.0067969998344779015
BraTS-GLI-02086-100,gmm_2d,prediction_component,101,24,94,1.0,0.3320009708404541,top5_volume_union_top5_enh,108,,1.0,0.046998023986816406,1,0.0,0.0,1,1512,0.005866600200533867
BraTS-GLI-02086-100,gmm_2d,prediction_component,104,28,81,1.0,0.38150736689567566,top5_volume_union_top5_enh,108,,1.0,0.0,1,0.0,0.0,1,1716,0.006615700200200081
BraTS-GLI-02086-100,gmm_2d,prediction_component,99,53,38,1.0,0.3624603748321533,top5_volume_union_top5_enh,108,,1.0,0.0,1,0.0,0.0,1,900,0.003978699911385775
BraTS-GLI-02086-100,variational_spline,prediction_component,1,1,8555,0.7335148453712463,0.14628717303276062,top5_volume_union_top5_enh,1,,0.7335148453712463,0.36069777607917786,22,0.24190069735050201,0.09801725298166275,1,37584,0.16811960004270077
BraTS-GLI-02093-106,GT_ET,true_et_cohort,1,2,146,1.0,0.6988514065742493,all_components,5,,1.0,0.3658052682876587,3,0.03486919403076172,0.0,1,4332,0.017199499998241663
BraTS-GLI-02093-106,GT_ET,true_et_cohort,2,1,753,1.0,0.4207488000392914,all_components,5,,1.0,0.7935318127274513,6,0.3958580493927002,0.051014214754104614,1,27552,0.12192719988524914
BraTS-GLI-02093-106,GT_ET,true_et_cohort,3,4,17,0.7850019335746765,0.49793708324432373,all_components,5,,0.7850019335746765,0.0,1,0.0,0.0,1,420,0.0017640003934502602
BraTS-GLI-02093-106,GT_ET,true_et_cohort,4,3,125,1.0,0.748285174369812,all_components,5,,1.0,0.08777976036071777,1,0.0,0.0,1,2250,0.008938099723309278
BraTS-GLI-02093-106,GT_ET,true_et_cohort,5,5,13,1.0,0.7965328693389893,all_components,5,,1.0,0.0,1,0.0,0.0,1,336,0.0013486002571880817
BraTS-GLI-02093-106,otsu_T1c,prediction_component,1,1,833819,1.0,0.020349981263279915,top5_volume_union_top5_enh,1,,1.0,1.0,297,0.6915460824966431,0.0,3,136206,0.7176240002736449
BraTS-GLI-02093-106,gmm_T1c,prediction_component,1,1,1038035,0.6496552228927612,0.00173982756678015,top5_volume_union_top5_enh,1,,0.5048827528953552,0.465378075838089,185,0.057596392929553986,0.0,3,139104,0.7116127000190318
BraTS-GLI-02093-106,sustraccion,prediction_component,2,1,59766,1.0,0.3206348419189453,top5_volume_union_top5_enh,266,,1.0,1.0,190,0.682090986520052,0.0,3,97290,0.47712900023907423
BraTS-GLI-02093-106,sustraccion,prediction_component,39,2,7025,1.0,0.4235450327396393,top5_volume_union_top5_enh,266,,1.0,0.8306048586964607,52,0.9245509505271912,0.10147562623023987,1,222950,1.1500060996040702
BraTS-GLI-02093-106,sustraccion,prediction_component,40,3,2482,1.0,0.3611624538898468,top5_volume_union_top5_enh,266,,1.0,0.7545273303985596,33,0.16255450248718262,0.0,2,51516,0.2434530002065003
BraTS-GLI-02093-106,sustraccion,prediction_component,130,4,1254,1.0,0.441511869430542,top5_volume_union_top5_enh,266,,1.0,0.43778714537620544,17,0.21359510719776154,0.06398665904998779,1,119568,0.5973092000931501
BraTS-GLI-02093-106,sustraccion,prediction_component,115,5,1190,1.0,0.43362298607826233,top5_volume_union_top5_enh,266,,1.0,0.324929416179657,14,0.2445874661207199,0.012520551681518555,1,64728,0.31417550006881356
BraTS-GLI-02093-106,sustraccion,prediction_component,266,216,12,1.0,0.6510778665542603,top5_volume_union_top5_enh,266,,1.0,0.0,1,0.0,0.0,1,392,0.0016013002023100853
BraTS-GLI-02093-106,sustraccion,prediction_component,265,174,16,1.0,0.6036487817764282,top5_volume_union_top5_enh,266,,1.0,0.0,1,0.0,0.0,1,448,0.001742199994623661
BraTS-GLI-02093-106,sustraccion,prediction_component,263,90,33,1.0,0.6009122133255005,top5_volume_union_top5_enh,266,,1.0,0.45311087369918823,2,0.0,0.0,1,1260,0.005018800031393766
BraTS-GLI-02093-106,gmm_2d,prediction_component,7,1,69940,1.0,0.25144538283348083,top5_volume_union_top5_enh,166,,1.0,0.9508207440376282,169,0.6235379576683044,0.0,3,93104,0.4574496001005173
BraTS-GLI-02093-106,gmm_2d,prediction_component,44,2,4542,1.0,0.3549138307571411,top5_volume_union_top5_enh,166,,1.0,0.9028162211179733,30,0.5077460519969463,0.11576393246650696,1,137445,0.7046671998687088
BraTS-GLI-02093-106,gmm_2d,prediction_component,25,3,2973,1.0,0.343467652797699,top5_volume_union_top5_enh,166,,1.0,0.6319506764411926,15,0.29626548290252686,0.0,1,83190,0.39710129983723164
BraTS-GLI-02093-106,gmm_2d,prediction_component,84,4,2345,1.0,0.3153679370880127,top5_volume_union_top5_enh,166,,1.0,0.5468178391456604,14,0.12152417004108429,0.10886377096176147,1,152693,0.7920677000656724
BraTS-GLI-02093-106,gmm_2d,prediction_component,134,5,1964,1.0,0.28625574707984924,top5_volume_union_top5_enh,166,,1.0,0.6137073040008545,17,0.397479772567749,0.0,1,25200,0.11337899975478649
BraTS-GLI-02093-106,gmm_2d,prediction_component,166,77,38,1.0,0.3885866105556488,top5_volume_union_top5_enh,166,,1.0,0.0,1,0.0,0.0,1,810,0.0032615000382065773
BraTS-GLI-02093-106,gmm_2d,prediction_component,165,65,46,1.0,0.36721593141555786,top5_volume_union_top5_enh,166,,1.0,0.07832705974578857,1,0.0,0.0,1,990,0.004314300138503313
BraTS-GLI-02093-106,gmm_2d,prediction_component,164,95,25,1.0,0.4081227779388428,top5_volume_union_top5_enh,166,,1.0,0.0,1,0.0,0.0,1,729,0.0028038001619279385
BraTS-GLI-02093-106,gmm_2d,prediction_component,163,14,447,1.0,0.45073673129081726,top5_volume_union_top5_enh,166,,1.0,0.12376534938812256,2,0.03979986906051636,0.004464924335479736,1,5208,0.021968699991703033
BraTS-GLI-02093-106,gmm_2d,prediction_component,157,34,88,1.0,0.41146528720855713,top5_volume_union_top5_enh,166,,1.0,0.0,1,0.4614515006542206,0.0,1,2548,0.009895400144159794
BraTS-GLI-02093-106,variational_spline,prediction_component,1,1,224020,1.0,0.17722509801387787,top5_volume_union_top5_enh,1,,1.0,1.0,631,0.5512070953845978,0.10663389787077904,3,139104,0.7273259996436536
BraTS-GLI-02101-101,GT_ET,true_et_cohort,1,2,544,0.8149592280387878,0.17845790088176727,all_components,2,,0.8149592280387878,0.17377415299415588,2,0.12535873800516129,0.04441706836223602,1,3840,0.015332099981606007
BraTS-GLI-02101-101,GT_ET,true_et_cohort,2,1,3820,0.7496169209480286,0.10715624690055847,all_components,2,,0.7496169209480286,0.695541501045227,9,0.10329069197177887,0.07622557878494263,1,29785,0.13329929998144507
BraTS-GLI-02101-101,otsu_T1c,prediction_component,1,1,623713,1.0,0.01759440079331398,top5_volume_union_top5_enh,1,,1.0,1.0,178,0.2983236610889435,0.1025448590517044,3,125280,0.646396900061518
BraTS-GLI-02101-101,gmm_T1c,prediction_component,1,1,917639,0.8130061030387878,0.002579678315669298,top5_volume_union_top5_enh,1,,0.6436249017715454,0.5892907977104187,223,0.04844236373901367,0.0,3,125280,0.6427365997806191
BraTS-GLI-02101-101,sustraccion,prediction_component,2,1,49041,1.0,0.37166470289230347,top5_volume_union_top5_enh,175,,1.0,1.0,214,0.583331286907196,0.0,3,93280,0.47443410009145737
BraTS-GLI-02101-101,sustraccion,prediction_component,21,2,552,1.0,0.4238623082637787,top5_volume_union_top5_enh,175,,1.0,0.7016143500804901,11,0.3661978542804718,0.0099833644926548,1,12760,0.054597700014710426
BraTS-GLI-02101-101,sustraccion,prediction_component,11,3,545,0.8149592280387878,0.18150874972343445,top5_volume_union_top5_enh,175,,0.8149592280387878,0.17377415299415588,2,0.12535873800516129,0.04441706836223602,1,4080,0.01615939987823367
BraTS-GLI-02101-101,sustraccion,prediction_component,48,4,416,1.0,0.3574517071247101,top5_volume_union_top5_enh,175,,1.0,0.32492172718048096,6,0.382553179631941,0.011852651834487915,1,9828,0.041969300247728825
BraTS-GLI-02101-101,sustraccion,prediction_component,86,5,250,1.0,0.4398096799850464,top5_volume_union_top5_enh,175,,1.0,0.3058602511882782,4,0.0967593789100647,0.0,1,6336,0.02573850005865097
BraTS-GLI-02101-101,sustraccion,prediction_component,175,38,44,1.0,0.46639764308929443,top5_volume_union_top5_enh,175,,1.0,0.1600833535194397,3,0.0,0.000658765435218811,1,864,0.003364100120961666
BraTS-GLI-02101-101,sustraccion,prediction_component,169,57,32,1.0,0.49258577823638916,top5_volume_union_top5_enh,175,,1.0,0.21890407800674438,2,0.32563865184783936,0.0,1,880,0.003585600294172764
BraTS-GLI-02101-101,sustraccion,prediction_component,168,81,22,1.0,0.644714891910553,top5_volume_union_top5_enh,175,,1.0,0.03957939147949219,1,0.0,0.0,1,576,0.00215969979763031
BraTS-GLI-02101-101,sustraccion,prediction_component,161,128,14,1.0,0.5161696672439575,top5_volume_union_top5_enh,175,,1.0,0.0,1,0.0,0.0,1,512,0.0019151000306010246
BraTS-GLI-02101-101,sustraccion,prediction_component,148,41,39,1.0,0.4349149465560913,top5_volume_union_top5_enh,175,,1.0,0.2421918511390686,3,0.0,0.0,1,840,0.0036470997147262096
BraTS-GLI-02101-101,gmm_2d,prediction_component,2,1,63147,1.0,0.26850515604019165,top5_volume_union_top5_enh,125,,1.0,1.0,184,0.6929286122322083,0.0,3,93600,0.47236649971455336
BraTS-GLI-02101-101,gmm_2d,prediction_component,102,2,1683,1.0,0.32490280270576477,top5_volume_union_top5_enh,125,,1.0,0.41606760025024414,18,0.32800382375717163,0.023924700915813446,1,36120,0.16342870006337762
BraTS-GLI-02101-101,gmm_2d,prediction_component,32,3,722,1.0,0.23789598047733307,top5_volume_union_top5_enh,125,,1.0,0.32492172718048096,6,0.22078982926905155,0.011852651834487915,1,12320,0.05176870012655854
BraTS-GLI-02101-101,gmm_2d,prediction_component,49,4,709,1.0,0.29386869072914124,top5_volume_union_top5_enh,125,,1.0,0.317907452583313,7,0.14107447862625122,0.0,1,15500,0.06559460004791617
BraTS-GLI-02101-101,gmm_2d,prediction_component,10,5,655,0.8149592280387878,0.1518247425556183,top5_volume_union_top5_enh,125,,0.8149592280387878,0.17377415299415588,2,0.12535873800516129,0.04441706836223602,1,4913,0.01967030018568039
BraTS-GLI-02101-101,gmm_2d,prediction_component,123,79,25,1.0,0.4418739378452301,top5_volume_union_top5_enh,125,,1.0,0.0,1,0.0,0.0,1,729,0.0030364999547600746
BraTS-GLI-02101-101,gmm_2d,prediction_component,122,67,38,1.0,0.38256460428237915,top5_volume_union_top5_enh,125,,1.0,0.03957939147949219,1,0.0,0.0,1,810,0.0032039997167885303
BraTS-GLI-02101-101,gmm_2d,prediction_component,114,33,76,1.0,0.2561267018318176,top5_volume_union_top5_enh,125,,1.0,0.0622597336769104,1,0.0,0.0,1,1500,0.005929499864578247
BraTS-GLI-02101-101,gmm_2d,prediction_component,116,67,38,1.0,0.33975064754486084,top5_volume_union_top5_enh,125,,1.0,0.0,1,0.0,0.0,1,810,0.0030018999241292477
BraTS-GLI-02101-101,gmm_2d,prediction_component,117,79,25,1.0,0.33266812562942505,top5_volume_union_top5_enh,125,,1.0,0.0,1,0.0,0.0,1,729,0.002880999818444252
BraTS-GLI-02101-101,variational_spline,prediction_component,1,1,146428,1.0,0.21260754764080048,top5_volume_union_top5_enh,1,,1.0,0.970396876335144,479,0.49012577533721924,0.06834729388356209,3,120555,0.6272936002351344
BraTS-GLI-02123-101,GT_ET,true_et_cohort,1,2,71,0.4722118377685547,0.13105426728725433,all_components,2,,0.4722118377685547,0.009343743324279785,1,0.0,0.0,1,792,0.0032504997216165066
BraTS-GLI-02123-101,GT_ET,true_et_cohort,2,1,436,0.0484725721180439,0.0006309173768386245,all_components,2,,0.0484725721180439,0.0351015068590641,0,0.0,0.0,1,3332,0.013527600094676018
BraTS-GLI-02123-101,otsu_T1c,prediction_component,1,1,5671,1.0,0.7159526348114014,top5_volume_union_top5_enh,1,,1.0,0.8901886940002441,14,0.07811129093170166,0.0,2,52173,0.25848580012097955
BraTS-GLI-02123-101,gmm_T1c,prediction_component,1,1,955707,0.6918956637382507,0.009528766386210918,top5_volume_union_top5_enh,1,,0.6001819968223572,0.5992496609687805,546,0.18929704278707504,0.0,3,108790,0.5356132001616061
BraTS-GLI-02123-101,sustraccion,prediction_component,8,1,58412,1.0,0.37861180305480957,top5_volume_union_top5_enh,140,,1.0,1.0,191,0.6405764818191528,0.0,3,93439,0.4560471000149846
BraTS-GLI-02123-101,sustraccion,prediction_component,13,2,592,0.8426775336265564,0.27132654190063477,top5_volume_union_top5_enh,140,,0.8426775336265564,0.6149443984031677,12,0.2080148458480835,0.0,1,14430,0.061787099577486515
BraTS-GLI-02123-101,sustraccion,prediction_component,10,3,526,0.9824806451797485,0.21394571661949158,top5_volume_union_top5_enh,140,,0.9824806451797485,0.4954528510570526,6,0.04301409423351288,0.0,1,15624,0.06681149965152144
BraTS-GLI-02123-101,sustraccion,prediction_component,9,4,383,1.0,0.37045592069625854,top5_volume_union_top5_enh,140,,1.0,0.3725361227989197,5,0.08283114433288574,0.0,1,8640,0.036667299922555685
BraTS-GLI-02123-101,sustraccion,prediction_component,36,5,338,1.0,0.4854068160057068,top5_volume_union_top5_enh,140,,1.0,0.25011146068573,6,0.3386993110179901,0.0,1,9408,0.039316900074481964
BraTS-GLI-02123-101,sustraccion,prediction_component,140,71,23,1.0,0.5327495336532593,top5_volume_union_top5_enh,140,,1.0,0.17956280708312988,2,0.0,0.0,1,640,0.002692500129342079
BraTS-GLI-02123-101,sustraccion,prediction_component,139,24,65,1.0,0.5273686051368713,top5_volume_union_top5_enh,140,,1.0,0.12081891298294067,2,0.0,0.0,1,1280,0.004844099748879671
BraTS-GLI-02123-101,sustraccion,prediction_component,135,112,12,1.0,0.5782429575920105,top5_volume_union_top5_enh,140,,1.0,0.0,1,0.0,0.0,1,448,0.0018758000805974007
BraTS-GLI-02123-101,sustraccion,prediction_component,136,80,19,1.0,0.5513166189193726,top5_volume_union_top5_enh,140,,1.0,0.0,1,0.0,0.0,1,648,0.0024446998722851276
BraTS-GLI-02123-101,sustraccion,prediction_component,131,97,14,1.0,0.6483233571052551,top5_volume_union_top5_enh,140,,1.0,0.036308467388153076,1,0.0,0.0,1,504,0.0018825000151991844
BraTS-GLI-02123-101,gmm_2d,prediction_component,7,1,85443,1.0,0.27027884125709534,top5_volume_union_top5_enh,118,,1.0,0.9257819354534149,179,0.5414290428161621,0.11619574576616287,3,97524,0.4815787998959422
BraTS-GLI-02123-101,gmm_2d,prediction_component,8,2,1242,1.0,0.21539658308029175,top5_volume_union_top5_enh,118,,1.0,0.8816333711147308,11,0.12974213063716888,0.0,1,26312,0.11571859987452626
BraTS-GLI-02123-101,gmm_2d,prediction_component,12,3,721,0.8426775336265564,0.1937580555677414,top5_volume_union_top5_enh,118,,0.8426775336265564,0.8086525201797485,7,0.2161230742931366,0.0,1,11160,0.045813499949872494
BraTS-GLI-02123-101,gmm_2d,prediction_component,48,4,507,1.0,0.26616135239601135,top5_volume_union_top5_enh,118,,1.0,0.4202113747596741,6,0.4229910373687744,0.0,1,6600,0.02644929988309741
BraTS-GLI-02123-101,gmm_2d,prediction_component,21,5,497,0.4722118377685547,0.03314455226063728,top5_volume_union_top5_enh,118,,0.4722118377685547,0.2655127290636301,2,0.01059210766106844,0.0,1,5355,0.02067539980635047
BraTS-GLI-02123-101,gmm_2d,prediction_component,118,44,64,1.0,0.36503395438194275,top5_volume_union_top5_enh,118,,1.0,0.12081891298294067,2,0.0,0.0,1,1080,0.004337099846452475
BraTS-GLI-02123-101,gmm_2d,prediction_component,117,48,59,1.0,0.3646521270275116,top5_volume_union_top5_enh,118,,1.0,0.0,1,0.0,0.0,1,1080,0.004423299804329872
BraTS-GLI-02123-101,gmm_2d,prediction_component,116,74,25,1.0,0.34216317534446716,top5_volume_union_top5_enh,118,,1.0,0.0,1,0.0,0.0,1,729,0.002809499856084585
BraTS-GLI-02123-101,gmm_2d,prediction_component,115,74,25,1.0,0.34080779552459717,top5_volume_union_top5_enh,118,,1.0,0.0,1,0.0,0.0,1,729,0.0026726997457444668
BraTS-GLI-02123-101,gmm_2d,prediction_component,114,74,25,1.0,0.42750123143196106,top5_volume_union_top5_enh,118,,1.0,0.0,1,0.0,0.0,1,729,0.003088700119405985
BraTS-GLI-02123-101,variational_spline,prediction_component,1,1,150956,1.0,0.2259046584367752,top5_volume_union_top5_enh,1,,1.0,1.0,365,0.7230582237243652,0.0,3,99846,0.49968010000884533
BraTS-GLI-02137-100,GT_ET,true_et_cohort,1,1,2834,0.5266702771186829,0.019503258168697357,all_components,2,,0.5266702771186829,0.4884115755558014,10,0.2629082202911377,0.0,1,42656,0.19360349979251623
BraTS-GLI-02137-100,GT_ET,true_et_cohort,2,2,10,0.0,0.0,all_components,2,,0.0,0.0,0,0.0,0.0,1,378,0.0016868002712726593
BraTS-GLI-02137-100,otsu_T1c,prediction_component,1,1,13096,1.0,0.6135143637657166,top5_volume_union_top5_enh,1,,1.0,0.7065538763999939,41,0.5865238308906555,0.16722945868968964,2,200750,1.0733344997279346
BraTS-GLI-02137-100,gmm_T1c,prediction_component,1,1,13510,1.0,0.6056495904922485,top5_volume_union_top5_enh,1,,1.0,0.7360130548477173,44,0.6369704604148865,0.21869659423828125,2,200750,1.0344026000238955
BraTS-GLI-02137-100,sustraccion,prediction_component,4,1,89402,1.0,0.35664013028144836,top5_volume_union_top5_enh,129,,1.0,1.0,277,0.5828466564416885,0.0,3,121800,0.6294364999048412
BraTS-GLI-02137-100,sustraccion,prediction_component,100,2,814,1.0,0.36650508642196655,top5_volume_union_top5_enh,129,,1.0,0.37069808691740036,11,0.3696849048137665,0.0,1,59136,0.28917649993672967
BraTS-GLI-02137-100,sustraccion,prediction_component,46,3,527,1.0,0.44224870204925537,top5_volume_union_top5_enh,129,,1.0,0.23212844133377075,3,0.07413369417190552,0.1572531759738922,1,9200,0.03817950002849102
BraTS-GLI-02137-100,sustraccion,prediction_component,102,4,256,0.4049319624900818,0.017596866935491562,top5_volume_union_top5_enh,129,,0.4049319624900818,0.24313540756702423,3,0.0,0.0,1,4598,0.01975269988179207
BraTS-GLI-02137-100,sustraccion,prediction_component,109,5,205,1.0,0.5550311803817749,top5_volume_union_top5_enh,129,,1.0,0.6307530999183655,7,0.8295275568962097,0.0,1,12825,0.05371870007365942
BraTS-GLI-02137-100,sustraccion,prediction_component,129,94,16,1.0,0.5060862302780151,top5_volume_union_top5_enh,129,,1.0,0.0,1,0.0,0.0,1,448,0.0019129002466797829
BraTS-GLI-02137-100,sustraccion,prediction_component,126,85,17,1.0,0.551773190498352,top5_volume_union_top5_enh,129,,1.0,0.0,1,0.0,0.0,1,504,0.002171100117266178
BraTS-GLI-02137-100,sustraccion,prediction_component,124,8,134,1.0,0.551651656627655,top5_volume_union_top5_enh,129,,1.0,0.20089954137802124,2,0.0,0.0,1,3584,0.01464089984074235
BraTS-GLI-02137-100,sustraccion,prediction_component,123,76,20,1.0,0.6524536609649658,top5_volume_union_top5_enh,129,,1.0,0.0,1,0.0,0.0,1,504,0.0020560999400913715
BraTS-GLI-02137-100,sustraccion,prediction_component,120,52,29,1.0,0.4206743538379669,top5_volume_union_top5_enh,129,,1.0,0.05679628252983093,1,0.0,0.0,1,700,0.0026710997335612774
BraTS-GLI-02137-100,gmm_2d,prediction_component,5,1,147374,1.0,0.2285071164369583,top5_volume_union_top5_enh,125,,1.0,1.0,275,0.6532971856649965,0.024702459573745728,3,131580,0.6783998003229499
BraTS-GLI-02137-100,gmm_2d,prediction_component,49,2,1076,1.0,0.25848230719566345,top5_volume_union_top5_enh,125,,1.0,0.3229169249534607,7,0.13280747830867767,0.1572531759738922,1,14400,0.06230650003999472
BraTS-GLI-02137-100,gmm_2d,prediction_component,100,3,957,1.0,0.2640164792537689,top5_volume_union_top5_enh,125,,1.0,0.297890841960907,5,0.3294910788536072,0.0,1,24800,0.10890610003843904
BraTS-GLI-02137-100,gmm_2d,prediction_component,47,4,553,0.0,0.0,top5_volume_union_top5_enh,125,,0.0,0.0,0,0.0,0.0,1,6384,0.02718360023573041
BraTS-GLI-02137-100,gmm_2d,prediction_component,69,5,343,0.7078123092651367,0.1253303736448288,top5_volume_union_top5_enh,125,,0.7078123092651367,0.3280286341905594,2,0.06707870960235596,0.0,1,5040,0.02086549997329712
BraTS-GLI-02137-100,gmm_2d,prediction_component,123,65,38,1.0,0.35637807846069336,top5_volume_union_top5_enh,125,,1.0,0.0,1,0.0,0.0,1,900,0.0036851000040769577
BraTS-GLI-02137-100,gmm_2d,prediction_component,121,77,25,1.0,0.4325505793094635,top5_volume_union_top5_enh,125,,1.0,0.0,1,0.0,0.0,1,729,0.002778199966996908
BraTS-GLI-02137-100,gmm_2d,prediction_component,116,61,44,1.0,0.32778993248939514,top5_volume_union_top5_enh,125,,1.0,0.18173056840896606,3,0.0,0.0,1,1000,0.004086600150913
BraTS-GLI-02137-100,gmm_2d,prediction_component,117,77,25,1.0,0.3553234934806824,top5_volume_union_top5_enh,125,,1.0,0.09115630388259888,1,0.0,0.0,1,729,0.0027116001583635807
BraTS-GLI-02137-100,gmm_2d,prediction_component,119,65,38,1.0,0.3835386633872986,top5_volume_union_top5_enh,125,,1.0,0.0,1,0.0,0.0,1,810,0.0031289998441934586
BraTS-GLI-02137-100,variational_spline,prediction_component,1,1,13510,1.0,0.6056495904922485,top5_volume_union_top5_enh,1,,1.0,0.7360130548477173,44,0.6369704604148865,0.21869659423828125,2,200750,1.028010600246489
BraTS-GLI-02139-103,GT_ET,true_et_cohort,1,1,556,1.0,0.4257153570652008,all_components,2,,1.0,0.3079521954059601,4,0.2059134542942047,0.0,1,7840,0.032930999994277954
BraTS-GLI-02139-103,GT_ET,true_et_cohort,2,2,548,0.9040758013725281,0.35089433193206787,all_components,2,,0.9040758013725281,0.7043149024248123,6,0.03939485549926758,0.0,1,10488,0.04465819988399744
BraTS-GLI-02139-103,otsu_T1c,prediction_component,1,1,9833,1.0,0.6077866554260254,top5_volume_union_top5_enh,1,,1.0,0.5997111797332764,28,0.5926662087440491,0.0,2,201780,1.0603722999803722
BraTS-GLI-02139-103,gmm_T1c,prediction_component,1,1,12736,1.0,0.577062726020813,top5_volume_union_top5_enh,1,,0.9955655932426453,0.986568808555603,45,0.773934543132782,0.006582379341125488,2,245499,1.2890109000727534
BraTS-GLI-02139-103,sustraccion,prediction_component,5,1,39796,1.0,0.4058757424354553,top5_volume_union_top5_enh,130,,1.0,1.0,170,0.6159608364105225,0.0,3,107010,0.5403200001455843
BraTS-GLI-02139-103,sustraccion,prediction_component,18,2,2939,1.0,0.36188268661499023,top5_volume_union_top5_enh,130,,1.0,0.8382444381713867,25,0.33503755927085876,0.03014451265335083,1,73920,0.3600368998013437
BraTS-GLI-02139-103,sustraccion,prediction_component,39,3,625,0.887309730052948,0.2879866659641266,top5_volume_union_top5_enh,130,,0.887309730052948,0.5860686600208282,14,0.18818140774965286,0.027283847332000732,1,24354,0.10619879979640245
BraTS-GLI-02139-103,sustraccion,prediction_component,2,4,530,1.0,0.36190932989120483,top5_volume_union_top5_enh,130,,1.0,0.5583927631378174,8,0.4972500167787075,0.0,1,12768,0.05365150002762675
BraTS-GLI-02139-103,sustraccion,prediction_component,85,5,268,1.0,0.48896846175193787,top5_volume_union_top5_enh,130,,1.0,0.28687596321105957,6,0.0,0.0,1,14430,0.062250500079244375
BraTS-GLI-02139-103,sustraccion,prediction_component,129,68,19,1.0,0.8343403339385986,top5_volume_union_top5_enh,130,,1.0,0.0,1,0.0,0.0,1,576,0.0023183999583125114
BraTS-GLI-02139-103,sustraccion,prediction_component,128,30,57,1.0,0.712624192237854,top5_volume_union_top5_enh,130,,1.0,0.0,1,0.0,0.0,1,1650,0.007101600058376789
BraTS-GLI-02139-103,sustraccion,prediction_component,29,53,26,1.0,0.37566298246383667,top5_volume_union_top5_enh,130,,1.0,0.0,1,0.0,0.0,1,700,0.002814700361341238
BraTS-GLI-02139-103,sustraccion,prediction_component,127,12,161,1.0,0.6404743790626526,top5_volume_union_top5_enh,130,,1.0,0.10906809568405151,3,0.01901113986968994,0.0,1,4968,0.02008889988064766
BraTS-GLI-02139-103,sustraccion,prediction_component,126,47,30,1.0,0.6581082940101624,top5_volume_union_top5_enh,130,,1.0,0.0,1,0.0,0.0,1,729,0.0035218000411987305
BraTS-GLI-02139-103,gmm_2d,prediction_component,23,1,16333,1.0,0.1073112040758133,top5_volume_union_top5_enh,328,,1.0,0.9525514077395201,120,0.35699866339564323,0.047877032309770584,2,68544,0.3377248998731375
BraTS-GLI-02139-103,gmm_2d,prediction_component,115,2,5300,0.931882381439209,0.051591549068689346,top5_volume_union_top5_enh,328,,0.931882381439209,0.8485367298126221,44,0.1399972140789032,0.0,1,122892,0.6098977997899055
BraTS-GLI-02139-103,gmm_2d,prediction_component,82,3,3084,0.8774511814117432,0.11089557409286499,top5_volume_union_top5_enh,328,,0.8774511814117432,0.8074404746294022,32,0.324826180934906,0.0518413782119751,1,78260,0.3797655999660492
BraTS-GLI-02139-103,gmm_2d,prediction_component,232,4,1781,0.9034417867660522,0.102754607796669,top5_volume_union_top5_enh,328,,0.9034417867660522,0.6966273784637451,18,0.3013901337981224,0.07624395191669464,1,34874,0.15909500000998378
BraTS-GLI-02139-103,gmm_2d,prediction_component,92,5,1727,1.0,0.18335825204849243,top5_volume_union_top5_enh,328,,1.0,0.6756357848644257,18,0.22701548039913177,0.4359368085861206,1,22848,0.09687910042703152
BraTS-GLI-02139-103,gmm_2d,prediction_component,34,52,159,1.0,0.20924779772758484,top5_volume_union_top5_enh,328,,1.0,0.2895798981189728,5,0.15927918255329132,0.0,1,2288,0.009452699683606625
BraTS-GLI-02139-103,gmm_2d,prediction_component,32,71,121,1.0,0.15800713002681732,top5_volume_union_top5_enh,328,,1.0,0.7437932379543781,3,0.0,0.0,1,2496,0.009954999666661024
BraTS-GLI-02139-103,gmm_2d,prediction_component,29,7,1405,1.0,0.1441786289215088,top5_volume_union_top5_enh,328,,1.0,0.8693712949752808,19,0.20011340081691742,0.05546901747584343,1,23247,0.10112829972058535
BraTS-GLI-02139-103,gmm_2d,prediction_component,19,66,132,1.0,0.1587778627872467,top5_volume_union_top5_enh,328,,1.0,0.5960352420806885,4,0.1379065364599228,0.0,1,2574,0.010418400168418884
BraTS-GLI-02139-103,variational_spline,prediction_component,1,1,12736,1.0,0.577062726020813,top5_volume_union_top5_enh,1,,0.9955655932426453,0.986568808555603,45,0.773934543132782,0.006582379341125488,2,245499,1.2892702999524772
BraTS-GLI-02143-100,GT_ET,true_et_cohort,1,1,50428,0.9575870037078857,0.0919593796133995,all_components,2,,0.9575870037078857,0.647294744849205,93,0.40653544664382935,0.31556689739227295,1,241133,1.2748992000706494
BraTS-GLI-02143-100,GT_ET,true_et_cohort,2,2,12,0.04778899997472763,0.01173730194568634,all_components,2,,0.04778899997472763,0.0028089620172977448,0,0.0,0.0,1,448,0.0020766002126038074
BraTS-GLI-02143-100,otsu_T1c,prediction_component,1,1,23313,1.0,0.3707735538482666,top5_volume_union_top5_enh,1,,1.0,0.9463836550712585,59,0.4735593795776367,0.233812615275383,2,143370,0.7361789001151919
BraTS-GLI-02143-100,gmm_T1c,prediction_component,1,1,22358,1.0,0.38019058108329773,top5_volume_union_top5_enh,1,,1.0,0.9463836550712585,58,0.4735593795776367,0.233812615275383,2,143370,0.7640839996747673
BraTS-GLI-02143-100,sustraccion,prediction_component,14,1,43816,1.0,0.2580072283744812,top5_volume_union_top5_enh,69,,1.0,1.0,116,0.5622401833534241,0.1525527387857437,2,194346,0.9986615995876491
BraTS-GLI-02143-100,sustraccion,prediction_component,8,2,786,1.0,0.5746472477912903,top5_volume_union_top5_enh,69,,1.0,0.35458141565322876,7,0.4446622431278229,0.06375689804553986,1,17952,0.08022740017622709
BraTS-GLI-02143-100,sustraccion,prediction_component,19,3,192,1.0,0.5956182479858398,top5_volume_union_top5_enh,69,,1.0,0.09417760372161865,1,0.0,0.0,1,2464,0.009778799954801798
BraTS-GLI-02143-100,sustraccion,prediction_component,63,4,159,0.8623766303062439,0.4739736318588257,top5_volume_union_top5_enh,69,,0.8623766303062439,0.16867917776107788,2,0.08567547798156738,0.0,1,2800,0.010825800243765116
BraTS-GLI-02143-100,sustraccion,prediction_component,56,5,135,0.4019392728805542,0.16868799924850464,top5_volume_union_top5_enh,69,,0.4019392728805542,0.1494438499212265,2,0.0,0.0,1,2002,0.007481299806386232
BraTS-GLI-02143-100,sustraccion,prediction_component,68,16,60,1.0,0.7300744652748108,top5_volume_union_top5_enh,69,,1.0,0.2054840326309204,2,0.6958177089691162,0.0,1,2520,0.00994030013680458
BraTS-GLI-02143-100,sustraccion,prediction_component,66,34,28,1.0,0.7877546548843384,top5_volume_union_top5_enh,69,,1.0,0.0,1,0.0,0.0,1,792,0.003058900125324726
BraTS-GLI-02143-100,sustraccion,prediction_component,67,12,72,1.0,0.8098421096801758,top5_volume_union_top5_enh,69,,1.0,0.012186050415039062,1,0.0,0.0,1,3640,0.014365999959409237
BraTS-GLI-02143-100,sustraccion,prediction_component,65,53,14,1.0,0.7639712691307068,top5_volume_union_top5_enh,69,,1.0,0.24924135208129883,2,0.6085939407348633,0.0,1,648,0.002536300104111433
BraTS-GLI-02143-100,sustraccion,prediction_component,57,38,22,1.0,0.8080843091011047,top5_volume_union_top5_enh,69,,1.0,0.0,1,0.0,0.0,1,560,0.0021869000047445297
BraTS-GLI-02143-100,gmm_2d,prediction_component,43,1,46486,0.91280597448349,0.03149016574025154,top5_volume_union_top5_enh,206,,0.7735825181007385,0.7482731938362122,105,0.2815098166465759,0.04734087735414505,2,62160,0.300469399895519
BraTS-GLI-02143-100,gmm_2d,prediction_component,11,2,4737,0.9258092641830444,0.0949041098356247,top5_volume_union_top5_enh,206,,0.9258092641830444,0.8292092680931091,64,0.34971144795417786,0.04523499682545662,1,237160,1.2529569999314845
BraTS-GLI-02143-100,gmm_2d,prediction_component,30,3,1628,1.0,0.09921088069677353,top5_volume_union_top5_enh,206,,1.0,0.8067213892936707,25,0.200683131814003,0.0542667917907238,1,47320,0.2213281001895666
BraTS-GLI-02143-100,gmm_2d,prediction_component,165,4,1561,1.0,0.20903588831424713,top5_volume_union_top5_enh,206,,1.0,0.6612426489591599,15,0.25859376788139343,0.028936870396137238,1,28208,0.12774749984964728
BraTS-GLI-02143-100,gmm_2d,prediction_component,142,5,814,0.7303971648216248,0.1594403237104416,top5_volume_union_top5_enh,206,,0.7303971648216248,0.3944586217403412,7,0.013156630098819733,0.0,1,14112,0.06129799969494343
BraTS-GLI-02143-100,gmm_2d,prediction_component,162,129,25,1.0,0.379639595746994,top5_volume_union_top5_enh,206,,1.0,0.0,1,0.0,0.0,1,729,0.002938300371170044
BraTS-GLI-02143-100,gmm_2d,prediction_component,63,99,47,1.0,0.35020989179611206,top5_volume_union_top5_enh,206,,1.0,0.10726410150527954,2,0.0,0.0,1,900,0.003591699991375208
BraTS-GLI-02143-100,gmm_2d,prediction_component,33,23,202,1.0,0.217374786734581,top5_volume_union_top5_enh,206,,1.0,0.34077903628349304,7,0.30128857493400574,0.0,1,3920,0.0185373998247087
BraTS-GLI-02143-100,gmm_2d,prediction_component,23,24,198,1.0,0.1961711198091507,top5_volume_union_top5_enh,206,,1.0,0.4873623549938202,6,0.16264933347702026,0.0,1,4760,0.0188251999206841
BraTS-GLI-02143-100,variational_spline,prediction_component,1,1,12548,0.8969740271568298,0.2198619246482849,top5_volume_union_top5_enh,1,,0.8969740271568298,0.4655570387840271,27,0.2691323757171631,0.31556689739227295,1,61864,0.276125100441277
BraTS-GLI-02143-101,GT_ET,true_et_cohort,1,1,96026,0.9662607908248901,0.06972998380661011,all_components,2,,0.863187849521637,0.6269471645355225,93,0.39629822969436646,0.15959049761295319,2,52360,0.24050409998744726
BraTS-GLI-02143-101,GT_ET,true_et_cohort,2,2,12,0.05427512153983116,0.004522926639765501,all_components,2,,0.05427512153983116,0.0,0,0.0,0.0,1,616,0.0029488997533917427
BraTS-GLI-02143-101,otsu_T1c,prediction_component,1,1,42725,1.0,0.20970243215560913,top5_volume_union_top5_enh,1,,1.0,0.9096805453300476,89,0.7202737927436829,0.19064824283123016,2,100800,0.5001520002260804
BraTS-GLI-02143-101,gmm_T1c,prediction_component,1,1,59598,1.0,0.19549831748008728,top5_volume_union_top5_enh,1,,1.0,0.7761878222227097,116,0.42522818222641945,0.1163158193230629,2,181170,0.9262362001463771
BraTS-GLI-02143-101,sustraccion,prediction_component,12,1,102113,1.0,0.1304551213979721,top5_volume_union_top5_enh,92,,1.0,0.8849447965621948,154,0.528937578201294,0.17890267074108124,2,233508,1.2280288003385067
BraTS-GLI-02143-101,sustraccion,prediction_component,13,2,1558,1.0,0.3581627309322357,top5_volume_union_top5_enh,92,,1.0,0.6072936952114105,22,0.5593537092208862,0.0,1,50112,0.22931450000032783
BraTS-GLI-02143-101,sustraccion,prediction_component,10,3,880,1.0,0.4605157971382141,top5_volume_union_top5_enh,92,,1.0,0.7064749449491501,22,0.5305840373039246,0.032686904072761536,1,42624,0.19812300009652972
BraTS-GLI-02143-101,sustraccion,prediction_component,11,4,586,1.0,0.5710929036140442,top5_volume_union_top5_enh,92,,1.0,0.49071004986763,12,0.20018444955348969,0.0,1,60480,0.28976149996742606
BraTS-GLI-02143-101,sustraccion,prediction_component,32,5,380,1.0,0.5369999408721924,top5_volume_union_top5_enh,92,,1.0,0.2863696217536926,9,0.0,0.0,1,21964,0.09559480007737875
BraTS-GLI-02143-101,sustraccion,prediction_component,92,42,26,1.0,0.6613641977310181,top5_volume_union_top5_enh,92,,1.0,0.1876646876335144,2,0.0,0.0,1,792,0.0034799999557435513
BraTS-GLI-02143-101,sustraccion,prediction_component,91,63,16,1.0,0.671088457107544,top5_volume_union_top5_enh,92,,1.0,0.009456396102905273,1,0.0,0.0,1,448,0.0017099003307521343
BraTS-GLI-02143-101,sustraccion,prediction_component,90,55,21,1.0,0.8489513397216797,top5_volume_union_top5_enh,92,,1.0,0.02064383029937744,1,0.0,0.0,1,810,0.002995199989527464
BraTS-GLI-02143-101,sustraccion,prediction_component,89,68,14,1.0,0.8231142163276672,top5_volume_union_top5_enh,92,,1.0,0.0,1,0.0,0.0,1,504,0.0021979999728500843
BraTS-GLI-02143-101,sustraccion,prediction_component,81,7,316,1.0,0.736002504825592,top5_volume_union_top5_enh,92,,1.0,0.42141151428222656,2,0.5639907121658325,0.0,1,24738,0.10474149975925684
BraTS-GLI-02143-101,gmm_2d,prediction_component,29,1,78639,1.0,0.020880229771137238,top5_volume_union_top5_enh,198,,1.0,0.8687767274677753,165,0.23431478440761566,0.016578491777181625,2,89544,0.44964849995449185
BraTS-GLI-02143-101,gmm_2d,prediction_component,26,2,1833,1.0,0.10941223055124283,top5_volume_union_top5_enh,198,,1.0,0.6035842299461365,23,0.33664247393608093,0.032686904072761536,1,39474,0.1894280998967588
BraTS-GLI-02143-101,gmm_2d,prediction_component,163,3,1031,0.6712158918380737,0.07634014636278152,top5_volume_union_top5_enh,198,,0.6712158918380737,0.48388053476810455,8,0.1633167266845703,0.0,1,21964,0.09767119958996773
BraTS-GLI-02143-101,gmm_2d,prediction_component,129,4,835,0.81252121925354,0.11205267161130905,top5_volume_union_top5_enh,198,,0.81252121925354,0.5848203897476196,14,0.07227624952793121,0.0,1,13728,0.06130010029301047
BraTS-GLI-02143-101,gmm_2d,prediction_component,118,5,514,0.85135817527771,0.18038007616996765,top5_volume_union_top5_enh,198,,0.85135817527771,0.7165596187114716,8,0.11054675281047821,0.0,1,12000,0.05035319970920682
BraTS-GLI-02143-101,gmm_2d,prediction_component,136,80,69,1.0,0.28843408823013306,top5_volume_union_top5_enh,198,,1.0,0.07441964745521545,1,0.0,0.0,1,1540,0.006469099782407284
BraTS-GLI-02143-101,gmm_2d,prediction_component,183,78,72,1.0,0.24820300936698914,top5_volume_union_top5_enh,198,,1.0,0.0,1,0.0,0.0,1,1452,0.00559399975463748
BraTS-GLI-02143-101,gmm_2d,prediction_component,14,7,414,1.0,0.12059387564659119,top5_volume_union_top5_enh,198,,1.0,0.4647986888885498,6,0.12156973779201508,0.0,1,4896,0.020720299798995256
BraTS-GLI-02143-101,gmm_2d,prediction_component,80,22,217,1.0,0.14725366234779358,top5_volume_union_top5_enh,198,,1.0,0.4868440330028534,5,0.11495109647512436,0.0,1,3360,0.013439200352877378
BraTS-GLI-02143-101,gmm_2d,prediction_component,76,29,171,1.0,0.23467524349689484,top5_volume_union_top5_enh,198,,1.0,0.2023288607597351,3,0.539411723613739,0.0,1,2548,0.010317600332200527
BraTS-GLI-02143-101,variational_spline,prediction_component,1,1,67053,0.9109169840812683,0.07770014554262161,top5_volume_union_top5_enh,1,,0.8353831768035889,0.6247687339782715,61,0.39521265029907227,0.12241784855723381,2,44032,0.22055190009996295
BraTS-GLI-02151-100,GT_ET,true_et_cohort,1,1,39816,1.0,0.1619769185781479,all_components,3,,1.0,0.6827530264854431,146,0.500145673751831,0.18945930738118477,1,198800,1.0600518002174795
BraTS-GLI-02151-100,GT_ET,true_et_cohort,2,2,40,0.6257246136665344,0.22888579964637756,all_components,3,,0.6257246136665344,0.03802764415740967,1,0.012789919972419739,0.0,1,640,0.0027123000472784042
BraTS-GLI-02151-100,GT_ET,true_et_cohort,3,3,23,0.15655410289764404,0.024722624570131302,all_components,3,,0.15655410289764404,0.14111462235450745,2,0.0,0.0,1,840,0.0032269000075757504
BraTS-GLI-02151-100,otsu_T1c,prediction_component,1,1,28341,1.0,0.21976156532764435,top5_volume_union_top5_enh,1,,1.0,0.7040595710277557,126,0.500145673751831,0.18945930738118477,1,189750,0.9705643998458982
BraTS-GLI-02151-100,gmm_T1c,prediction_component,1,1,15909,1.0,0.31695759296417236,top5_volume_union_top5_enh,1,,1.0,0.5743253231048584,72,0.4509821832180023,0.21928386390209198,1,174240,0.8808070998638868
BraTS-GLI-02151-100,sustraccion,prediction_component,2,1,73872,1.0,0.2727886140346527,top5_volume_union_top5_enh,124,,1.0,1.0,188,0.6365261077880859,0.2479957789182663,3,113344,0.566132000181824
BraTS-GLI-02151-100,sustraccion,prediction_component,56,2,1527,1.0,0.45394232869148254,top5_volume_union_top5_enh,124,,1.0,0.3476685881614685,17,0.6061367988586426,0.0,1,224532,1.15649010008201
BraTS-GLI-02151-100,sustraccion,prediction_component,98,3,617,1.0,0.41634780168533325,top5_volume_union_top5_enh,124,,1.0,0.41429391503334045,8,0.0,0.0,1,46342,0.2232242999598384
BraTS-GLI-02151-100,sustraccion,prediction_component,112,4,520,1.0,0.4018940031528473,top5_volume_union_top5_enh,124,,1.0,0.30294591188430786,8,0.1671983003616333,0.0,1,16650,0.08460099995136261
BraTS-GLI-02151-100,sustraccion,prediction_component,57,5,394,1.0,0.34728989005088806,top5_volume_union_top5_enh,124,,1.0,0.29058246314525604,6,0.05556634068489075,0.09333163499832153,1,8280,0.04265230009332299
BraTS-GLI-02151-100,sustraccion,prediction_component,115,100,12,1.0,0.5751528143882751,top5_volume_union_top5_enh,124,,1.0,0.0,1,0.0,0.0,1,392,0.0016101999208331108
BraTS-GLI-02151-100,sustraccion,prediction_component,118,27,63,1.0,0.4523734450340271,top5_volume_union_top5_enh,124,,1.0,0.0,1,0.0,0.0,1,2197,0.00870640017092228
BraTS-GLI-02151-100,sustraccion,prediction_component,110,32,59,1.0,0.4639349579811096,top5_volume_union_top5_enh,124,,1.0,0.2673105001449585,3,0.1806372106075287,0.0,1,1440,0.005541500169783831
BraTS-GLI-02151-100,sustraccion,prediction_component,108,74,19,1.0,0.7542647123336792,top5_volume_union_top5_enh,124,,1.0,0.04824018478393555,1,0.0,0.0,1,630,0.002427400089800358
BraTS-GLI-02151-100,gmm_2d,prediction_component,22,1,12419,1.0,0.047959133982658386,top5_volume_union_top5_enh,361,,1.0,0.7736424207687378,221,0.27149444073438644,0.06921404600143433,1,152256,0.7881165998987854
BraTS-GLI-02151-100,gmm_2d,prediction_component,283,2,2027,0.8791078925132751,0.11528149247169495,top5_volume_union_top5_enh,361,,0.8791078925132751,0.730711042881012,27,0.23646816611289978,0.0,1,51920,0.23961149994283915
BraTS-GLI-02151-100,gmm_2d,prediction_component,72,3,1731,1.0,0.1613111048936844,top5_volume_union_top5_enh,361,,1.0,0.8896627351641655,31,0.38911259174346924,0.18929550051689148,1,47520,0.22232990013435483
BraTS-GLI-02151-100,gmm_2d,prediction_component,331,4,1401,0.7696134448051453,0.08046463131904602,top5_volume_union_top5_enh,361,,0.7696134448051453,0.6238642930984497,18,0.23608721792697906,0.1281958371400833,1,39270,0.17653909977525473
BraTS-GLI-02151-100,gmm_2d,prediction_component,77,5,1210,0.8865696787834167,0.11311768740415573,top5_volume_union_top5_enh,361,,0.8865696787834167,0.7859673574566841,24,0.27943406999111176,0.032967403531074524,1,29946,0.1329037002287805
BraTS-GLI-02151-100,gmm_2d,prediction_component,28,217,25,1.0,0.25175172090530396,top5_volume_union_top5_enh,361,,1.0,0.0,1,0.0,0.0,1,729,0.003001399803906679
BraTS-GLI-02151-100,gmm_2d,prediction_component,61,6,1165,1.0,0.1310500055551529,top5_volume_union_top5_enh,361,,1.0,0.7599472999572754,16,0.2611883580684662,0.05573311448097229,1,15435,0.06571200024336576
BraTS-GLI-02151-100,gmm_2d,prediction_component,50,95,95,1.0,0.17904628813266754,top5_volume_union_top5_enh,361,,1.0,0.05459889769554138,1,0.27308814227581024,0.0,1,2160,0.00881549995392561
BraTS-GLI-02151-100,gmm_2d,prediction_component,304,38,261,1.0,0.17409148812294006,top5_volume_union_top5_enh,361,,1.0,0.6384939253330231,2,0.1806372106075287,0.11184768378734589,1,6048,0.024125900119543076
BraTS-GLI-02151-100,variational_spline,prediction_component,1,1,25592,1.0,0.1901203840970993,top5_volume_union_top5_enh,1,,1.0,0.5216513276100159,81,0.4331225212663412,0.17504848379758187,1,137052,0.6824565003626049
BraTS-GLI-02153-101,GT_ET,true_et_cohort,1,1,342,0.8992987275123596,0.22611263394355774,all_components,3,,0.8992987275123596,0.15452980995178223,2,0.0,0.0,1,2880,0.011184799950569868
BraTS-GLI-02153-101,GT_ET,true_et_cohort,2,2,153,0.7466059327125549,0.3681642413139343,all_components,3,,0.7466059327125549,0.0395510196685791,1,0.1357923448085785,0.0,1,1573,0.006144700106233358
BraTS-GLI-02153-101,GT_ET,true_et_cohort,3,3,24,0.35846659541130066,0.11333173513412476,all_components,3,,0.35846659541130066,0.026683703064918518,1,0.0,0.0,1,486,0.002025300171226263
BraTS-GLI-02153-101,otsu_T1c,prediction_component,1,1,689912,1.0,0.02101779915392399,top5_volume_union_top5_enh,1,,1.0,1.0,224,0.7621339559555054,0.0,3,123648,0.6414902000688016
BraTS-GLI-02153-101,gmm_T1c,prediction_component,1,1,4435,1.0,0.7130874991416931,top5_volume_union_top5_enh,1,,0.9751338362693787,0.9140903949737549,12,0.6732780933380127,0.0,2,43725,0.1993479998782277
BraTS-GLI-02153-101,sustraccion,prediction_component,1,1,63548,1.0,0.38667038083076477,top5_volume_union_top5_enh,192,,1.0,1.0,243,0.6639408469200134,0.0,3,106032,0.5212557003833354
BraTS-GLI-02153-101,sustraccion,prediction_component,118,2,855,1.0,0.44530805945396423,top5_volume_union_top5_enh,192,,1.0,0.726228266954422,12,0.4053190350532532,0.0,1,18018,0.07627670001238585
BraTS-GLI-02153-101,sustraccion,prediction_component,37,3,634,1.0,0.5111479163169861,top5_volume_union_top5_enh,192,,1.0,0.26453372836112976,5,0.6038022041320801,0.0,1,29624,0.15470830025151372
BraTS-GLI-02153-101,sustraccion,prediction_component,150,4,500,1.0,0.49803581833839417,top5_volume_union_top5_enh,192,,1.0,0.3791799545288086,5,0.7226880565285683,0.0,1,18096,0.07902220031246543
BraTS-GLI-02153-101,sustraccion,prediction_component,20,5,476,0.9621926546096802,0.255102276802063,top5_volume_union_top5_enh,192,,0.9621926546096802,0.18236106634140015,2,0.06479296088218689,0.019695162773132324,1,4352,0.017367399763315916
BraTS-GLI-02153-101,sustraccion,prediction_component,191,160,12,1.0,0.5434662699699402,top5_volume_union_top5_enh,192,,1.0,0.0,1,0.0,0.0,1,392,0.0019076000899076462
BraTS-GLI-02153-101,sustraccion,prediction_component,187,14,191,1.0,0.568272590637207,top5_volume_union_top5_enh,192,,1.0,0.23951268196105957,3,0.11879235506057739,0.0,1,6300,0.025449399836361408
BraTS-GLI-02153-101,sustraccion,prediction_component,186,59,42,1.0,0.622373104095459,top5_volume_union_top5_enh,192,,1.0,0.011700928211212158,1,0.0,0.0,1,1296,0.0051506999880075455
BraTS-GLI-02153-101,sustraccion,prediction_component,183,46,47,1.0,0.5882216095924377,top5_volume_union_top5_enh,192,,1.0,0.10220122337341309,2,0.006694436073303223,0.0,1,1560,0.006165100261569023
BraTS-GLI-02153-101,sustraccion,prediction_component,180,31,66,1.0,0.5563338994979858,top5_volume_union_top5_enh,192,,1.0,0.34636351466178894,2,0.0,0.0,1,2970,0.011909299995750189
BraTS-GLI-02153-101,gmm_2d,prediction_component,1,1,65035,1.0,0.3156123757362366,top5_volume_union_top5_enh,132,,1.0,1.0,150,0.590077817440033,0.09621348977088928,3,97290,0.474110399838537
BraTS-GLI-02153-101,gmm_2d,prediction_component,15,2,3776,1.0,0.26960131525993347,top5_volume_union_top5_enh,132,,1.0,0.7355224788188934,23,0.31410935521125793,0.1713375300168991,1,128649,0.6526375003159046
BraTS-GLI-02153-101,gmm_2d,prediction_component,29,3,830,1.0,0.39258643984794617,top5_volume_union_top5_enh,132,,1.0,0.6756526678800583,5,0.5082218050956726,0.0,1,50400,0.23319929977878928
BraTS-GLI-02153-101,gmm_2d,prediction_component,84,4,809,1.0,0.3847420811653137,top5_volume_union_top5_enh,132,,1.0,0.36264434456825256,9,0.1690676212310791,0.0,1,13920,0.059984799940139055
BraTS-GLI-02153-101,gmm_2d,prediction_component,107,5,617,1.0,0.3798920214176178,top5_volume_union_top5_enh,132,,1.0,0.13964027166366577,2,0.4623100757598877,0.0,1,13920,0.05932309990748763
BraTS-GLI-02153-101,gmm_2d,prediction_component,132,59,48,1.0,0.5343039631843567,top5_volume_union_top5_enh,132,,1.0,0.007153451442718506,1,0.0,0.0,1,972,0.003929000347852707
BraTS-GLI-02153-101,gmm_2d,prediction_component,131,23,135,1.0,0.4824008643627167,top5_volume_union_top5_enh,132,,1.0,0.029996514320373535,1,0.15054285526275635,0.0,1,3080,0.011904899962246418
BraTS-GLI-02153-101,gmm_2d,prediction_component,130,82,25,1.0,0.43008941411972046,top5_volume_union_top5_enh,132,,1.0,0.0,1,0.0,0.0,1,729,0.0029591997154057026
BraTS-GLI-02153-101,gmm_2d,prediction_component,129,82,25,1.0,0.4548850953578949,top5_volume_union_top5_enh,132,,1.0,0.0,1,0.0,0.0,1,729,0.002714300062507391
BraTS-GLI-02153-101,gmm_2d,prediction_component,128,82,25,1.0,0.4032794237136841,top5_volume_union_top5_enh,132,,1.0,0.0,1,0.0,0.0,1,729,0.0029035001061856747
BraTS-GLI-02153-101,variational_spline,prediction_component,1,1,4435,1.0,0.7130874991416931,top5_volume_union_top5_enh,1,,0.9751338362693787,0.9140903949737549,12,0.6732780933380127,0.0,2,43725,0.20111260004341602
BraTS-GLI-02171-101,GT_ET,true_et_cohort,1,1,164,1.0,0.5871306657791138,all_components,1,,1.0,0.07363724708557129,1,0.6340646743774414,0.0,1,2688,0.010902199894189835
BraTS-GLI-02171-101,otsu_T1c,prediction_component,1,1,5967,1.0,0.6359249353408813,top5_volume_union_top5_enh,1,,0.9751250147819519,0.8068249225616455,22,0.7322316765785217,0.6253250241279602,2,90948,0.4593350999057293
BraTS-GLI-02171-101,gmm_T1c,prediction_component,1,1,5961,1.0,0.6361528038978577,top5_volume_union_top5_enh,1,,0.9751250147819519,0.8068249225616455,22,0.7322316765785217,0.6253250241279602,2,90948,0.4431519997306168
BraTS-GLI-02171-101,sustraccion,prediction_component,10,1,62836,1.0,0.35153695940971375,top5_volume_union_top5_enh,228,,1.0,1.0,259,0.7772067785263062,0.0,3,123464,0.6164250001311302
BraTS-GLI-02171-101,sustraccion,prediction_component,128,2,3212,1.0,0.3006140887737274,top5_volume_union_top5_enh,228,,1.0,0.8995773270726204,37,0.29002469778060913,0.09911796450614929,1,95082,0.4883500002324581
BraTS-GLI-02171-101,sustraccion,prediction_component,177,3,914,1.0,0.5003991723060608,top5_volume_union_top5_enh,228,,1.0,0.5461451411247253,14,0.2511104941368103,0.0,1,67080,0.3243475998751819
BraTS-GLI-02171-101,sustraccion,prediction_component,157,4,442,1.0,0.4528748393058777,top5_volume_union_top5_enh,228,,1.0,0.630303293466568,8,0.41321027278900146,0.0,1,22932,0.0998087003827095
BraTS-GLI-02171-101,sustraccion,prediction_component,1,5,328,1.0,0.3027094006538391,top5_volume_union_top5_enh,228,,1.0,0.5497444570064545,7,0.10600975900888443,0.0,1,7392,0.03186800004914403
BraTS-GLI-02171-101,sustraccion,prediction_component,225,116,21,1.0,0.616862952709198,top5_volume_union_top5_enh,228,,1.0,0.1308976411819458,2,0.21317163109779358,0.0,1,1089,0.004179099574685097
BraTS-GLI-02171-101,sustraccion,prediction_component,220,37,62,1.0,0.5507910251617432,top5_volume_union_top5_enh,228,,1.0,0.25876957178115845,2,0.0,0.0,1,1620,0.006680299993604422
BraTS-GLI-02171-101,sustraccion,prediction_component,222,141,17,1.0,0.5919561386108398,top5_volume_union_top5_enh,228,,1.0,0.0,1,0.0,0.0,1,512,0.0022259000688791275
BraTS-GLI-02171-101,sustraccion,prediction_component,223,67,36,1.0,0.5970499515533447,top5_volume_union_top5_enh,228,,1.0,0.060770392417907715,1,0.0,0.0,1,1040,0.003952499944716692
BraTS-GLI-02171-101,sustraccion,prediction_component,211,184,12,1.0,0.5595750212669373,top5_volume_union_top5_enh,228,,1.0,0.013917684555053711,1,0.0,0.0,1,392,0.001508400309830904
BraTS-GLI-02171-101,gmm_2d,prediction_component,19,1,53822,1.0,0.17071594297885895,top5_volume_union_top5_enh,322,,1.0,0.9844011664390564,286,0.6400639303028584,0.018161797896027565,2,298080,1.6009068000130355
BraTS-GLI-02171-101,gmm_2d,prediction_component,88,2,4088,1.0,0.1923208236694336,top5_volume_union_top5_enh,322,,1.0,0.9659808874130249,53,0.4581547677516937,0.17295283265411854,1,126672,0.6376179000362754
BraTS-GLI-02171-101,gmm_2d,prediction_component,52,3,3176,1.0,0.17230013012886047,top5_volume_union_top5_enh,322,,1.0,0.8931652754545212,39,0.6874973550438881,0.021449334919452667,1,130380,0.6717875003814697
BraTS-GLI-02171-101,gmm_2d,prediction_component,64,4,2273,1.0,0.16938526928424835,top5_volume_union_top5_enh,322,,1.0,1.0,31,0.6751275062561035,0.6751216053962708,1,43290,0.20190420001745224
BraTS-GLI-02171-101,gmm_2d,prediction_component,214,5,2075,1.0,0.16514630615711212,top5_volume_union_top5_enh,322,,1.0,1.0,25,0.5812166929244995,0.09911796450614929,1,71896,0.34551999997347593
BraTS-GLI-02171-101,gmm_2d,prediction_component,1,6,1835,1.0,0.1279352456331253,top5_volume_union_top5_enh,322,,1.0,0.9462404251098633,31,0.4235929548740387,0.0,1,69190,0.33194460021331906
BraTS-GLI-02171-101,gmm_2d,prediction_component,290,113,65,1.0,0.3454302251338959,top5_volume_union_top5_enh,322,,1.0,0.0,1,0.0,0.0,1,1452,0.005888800136744976
BraTS-GLI-02171-101,gmm_2d,prediction_component,291,194,25,1.0,0.32053038477897644,top5_volume_union_top5_enh,322,,1.0,0.0,1,0.0,0.0,1,729,0.0030176001600921154
BraTS-GLI-02171-101,gmm_2d,prediction_component,302,54,150,1.0,0.26972493529319763,top5_volume_union_top5_enh,322,,1.0,0.15864157676696777,4,0.0,0.0,1,2717,0.011038199998438358
BraTS-GLI-02171-101,variational_spline,prediction_component,1,1,5963,1.0,0.6360400915145874,top5_volume_union_top5_enh,1,,0.9751250147819519,0.8068249225616455,22,0.7322316765785217,0.6253250241279602,2,90948,0.44052209984511137
BraTS-GLI-02181-102,GT_ET,true_et_cohort,1,3,179,1.0,0.46378982067108154,all_components,6,,1.0,0.46011069416999817,2,0.02260717749595642,0.0,1,3300,0.013123899698257446
BraTS-GLI-02181-102,GT_ET,true_et_cohort,2,1,679,1.0,0.5068266987800598,all_components,6,,1.0,0.2721679210662842,8,0.2057151049375534,0.06313067674636841,1,19734,0.08603230025619268
BraTS-GLI-02181-102,GT_ET,true_et_cohort,3,4,160,0.3051427900791168,0.07533572614192963,all_components,6,,0.3051427900791168,0.16417355835437775,2,0.0,0.0,1,2448,0.00985440006479621
BraTS-GLI-02181-102,GT_ET,true_et_cohort,4,2,654,0.18662701547145844,0.024394294247031212,all_components,6,,0.18662701547145844,0.10272052511572838,2,0.014474175870418549,0.0,1,6800,0.028009900357574224
BraTS-GLI-02181-102,GT_ET,true_et_cohort,5,5,117,0.08968567848205566,0.003910955041646957,all_components,6,,0.08968567848205566,0.0,0,0.0,0.0,1,1170,0.00507230032235384
BraTS-GLI-02181-102,GT_ET,true_et_cohort,6,6,18,0.0,0.0,all_components,6,,0.0,0.0,0,0.0,0.0,1,392,0.0016549997963011265
BraTS-GLI-02181-102,otsu_T1c,prediction_component,1,1,18229,1.0,0.6736844182014465,top5_volume_union_top5_enh,1,,1.0,0.893772542476654,28,0.69173663854599,0.0,3,93439,0.4847241002134979
BraTS-GLI-02181-102,gmm_T1c,prediction_component,1,1,18796,1.0,0.6654120087623596,top5_volume_union_top5_enh,1,,1.0,1.0,32,0.3906363844871521,0.0,3,95612,0.4756640000268817
BraTS-GLI-02181-102,sustraccion,prediction_component,3,1,108474,1.0,0.1795753687620163,top5_volume_union_top5_enh,100,,1.0,1.0,143,0.5917507410049438,0.0,3,130284,0.6686001000925899
BraTS-GLI-02181-102,sustraccion,prediction_component,16,2,2782,1.0,0.4780162572860718,top5_volume_union_top5_enh,100,,1.0,0.49714434146881104,24,0.7091342210769653,0.11465197801589966,1,191352,0.9870282998308539
BraTS-GLI-02181-102,sustraccion,prediction_component,24,3,802,1.0,0.5707918405532837,top5_volume_union_top5_enh,100,,1.0,0.3072853684425354,9,0.5353707671165466,0.15881813690066338,1,20160,0.08898299979045987
BraTS-GLI-02181-102,sustraccion,prediction_component,17,4,553,1.0,0.38747644424438477,top5_volume_union_top5_enh,100,,1.0,0.6855964660644531,7,0.29481102526187897,0.13337545096874237,1,26676,0.12071709986776114
BraTS-GLI-02181-102,sustraccion,prediction_component,58,5,383,0.9045354723930359,0.36686673760414124,top5_volume_union_top5_enh,100,,0.9045354723930359,0.3295649290084839,4,0.11663952469825745,0.1217389702796936,1,7830,0.03454570006579161
BraTS-GLI-02181-102,sustraccion,prediction_component,99,42,22,1.0,0.5379263162612915,top5_volume_union_top5_enh,100,,1.0,0.0,1,0.0,0.0,1,576,0.0026511000469326973
BraTS-GLI-02181-102,sustraccion,prediction_component,97,37,24,1.0,0.732441246509552,top5_volume_union_top5_enh,100,,1.0,0.0,1,0.0,0.0,1,720,0.0026952000334858894
BraTS-GLI-02181-102,sustraccion,prediction_component,93,74,12,1.0,0.8177309036254883,top5_volume_union_top5_enh,100,,1.0,0.0,1,0.0,0.0,1,448,0.0017071999609470367
BraTS-GLI-02181-102,sustraccion,prediction_component,96,18,62,1.0,0.6972148418426514,top5_volume_union_top5_enh,100,,1.0,0.0,1,0.0,0.0,1,1836,0.007468799594789743
BraTS-GLI-02181-102,sustraccion,prediction_component,84,28,37,1.0,0.6440746188163757,top5_volume_union_top5_enh,100,,1.0,0.049288034439086914,1,0.0,0.0,1,1183,0.00465879961848259
BraTS-GLI-02181-102,gmm_2d,prediction_component,50,1,376778,1.0,0.03384890779852867,top5_volume_union_top5_enh,227,,1.0,1.0,338,0.24794593453407288,0.0,3,111872,0.5605913000181317
BraTS-GLI-02181-102,gmm_2d,prediction_component,118,2,4678,1.0,0.04953344166278839,top5_volume_union_top5_enh,227,,1.0,0.9118126034736633,26,0.15631863474845886,0.04665438085794449,1,159192,0.820996199734509
BraTS-GLI-02181-102,gmm_2d,prediction_component,204,3,4284,1.0,0.07756593078374863,top5_volume_union_top5_enh,227,,1.0,1.0,31,0.18380649387836456,0.10644799470901489,1,71944,0.3495248002000153
BraTS-GLI-02181-102,gmm_2d,prediction_component,164,4,2740,0.8305040001869202,0.06594812124967575,top5_volume_union_top5_enh,227,,0.8305040001869202,0.7970748199149966,13,0.15860210359096527,0.046048860996961594,1,77400,0.3740640999749303
BraTS-GLI-02181-102,gmm_2d,prediction_component,36,5,1696,0.5293593406677246,0.017251497134566307,top5_volume_union_top5_enh,227,,0.5293593406677246,0.5256534814834595,11,0.0,0.0,1,48807,0.22451089974492788
BraTS-GLI-02181-102,gmm_2d,prediction_component,225,142,38,1.0,0.05333235487341881,top5_volume_union_top5_enh,227,,1.0,0.0,1,0.0,0.0,1,810,0.0032214000821113586
BraTS-GLI-02181-102,gmm_2d,prediction_component,215,129,48,1.0,0.2994183599948883,top5_volume_union_top5_enh,227,,1.0,0.29217803478240967,3,0.0,0.0,1,1080,0.004633599892258644
BraTS-GLI-02181-102,gmm_2d,prediction_component,193,36,233,1.0,0.09620607644319534,top5_volume_union_top5_enh,227,,1.0,0.3811666965484619,2,0.37151408195495605,0.0,1,3640,0.014794299844652414
BraTS-GLI-02181-102,gmm_2d,prediction_component,168,9,1031,1.0,0.09190332889556885,top5_volume_union_top5_enh,227,,1.0,0.2773689329624176,8,0.16994783282279968,0.058601878583431244,1,13800,0.05805569980293512
BraTS-GLI-02181-102,variational_spline,prediction_component,1,1,18796,1.0,0.6654120087623596,top5_volume_union_top5_enh,1,,1.0,1.0,32,0.3906363844871521,0.0,3,95612,0.4714990998618305
BraTS-GLI-02184-101,GT_ET,true_et_cohort,1,3,11,0.0,0.0,all_components,3,,0.0,0.0,0,0.0,0.0,1,378,0.0016106003895401955
BraTS-GLI-02184-101,GT_ET,true_et_cohort,2,2,41,0.8341646790504456,0.29475030303001404,all_components,3,,0.8341646790504456,0.213596910238266,3,0.0,0.0,1,840,0.003539800178259611
BraTS-GLI-02184-101,GT_ET,true_et_cohort,3,1,49,0.32519763708114624,0.0620863102376461,all_components,3,,0.32519763708114624,0.14448662102222443,3,0.0,0.0,1,990,0.0036582998000085354
BraTS-GLI-02184-101,otsu_T1c,prediction_component,1,1,15259,1.0,0.6756330728530884,top5_volume_union_top5_enh,1,,1.0,0.25107741355895996,18,0.584318995475769,0.12102645635604858,2,201666,1.035773599985987
BraTS-GLI-02184-101,gmm_T1c,prediction_component,1,1,17688,1.0,0.630721390247345,top5_volume_union_top5_enh,1,,1.0,0.4954649806022644,27,0.6310369372367859,0.026466012001037598,2,204972,1.060366699937731
BraTS-GLI-02184-101,sustraccion,prediction_component,4,1,55511,1.0,0.3815552294254303,top5_volume_union_top5_enh,118,,1.0,1.0,156,0.7518090009689331,0.02803000807762146,3,96390,0.4777971999719739
BraTS-GLI-02184-101,sustraccion,prediction_component,22,2,1155,0.9819247126579285,0.2776431441307068,top5_volume_union_top5_enh,118,,0.9819247126579285,0.3118170201778412,12,0.17963358759880066,0.013893429189920425,1,51414,0.2513361000455916
BraTS-GLI-02184-101,sustraccion,prediction_component,100,3,687,0.34784039855003357,0.051396969705820084,top5_volume_union_top5_enh,118,,0.34784039855003357,0.19662098586559296,2,0.07704494893550873,0.06983757764101028,1,7182,0.030871199909597635
BraTS-GLI-02184-101,sustraccion,prediction_component,18,4,510,0.7863504886627197,0.15686170756816864,top5_volume_union_top5_enh,118,,0.7863504886627197,0.4413745105266571,9,0.16293929517269135,0.0,1,11132,0.04616020014509559
BraTS-GLI-02184-101,sustraccion,prediction_component,20,5,369,0.5470640659332275,0.1561254858970642,top5_volume_union_top5_enh,118,,0.5470640659332275,0.3081715703010559,7,0.13706906139850616,0.0,1,8512,0.03540209960192442
BraTS-GLI-02184-101,sustraccion,prediction_component,117,43,41,1.0,0.7430674433708191,top5_volume_union_top5_enh,118,,1.0,0.07729977369308472,1,0.016240358352661133,0.0,1,864,0.003339099697768688
BraTS-GLI-02184-101,sustraccion,prediction_component,116,20,101,1.0,0.597196102142334,top5_volume_union_top5_enh,118,,1.0,0.12149137258529663,2,0.0,0.0,1,3388,0.013541600201278925
BraTS-GLI-02184-101,sustraccion,prediction_component,113,28,69,1.0,0.6248815655708313,top5_volume_union_top5_enh,118,,1.0,0.16351318359375,2,0.36886414885520935,0.0,1,4704,0.01836040010675788
BraTS-GLI-02184-101,sustraccion,prediction_component,114,99,12,1.0,0.6661954522132874,top5_volume_union_top5_enh,118,,1.0,0.0,1,0.0,0.0,1,392,0.001492300070822239
BraTS-GLI-02184-101,sustraccion,prediction_component,101,9,323,1.0,0.6331674456596375,top5_volume_union_top5_enh,118,,1.0,0.1785334348678589,4,0.04546386003494263,0.0,1,19516,0.08461260003969073
BraTS-GLI-02184-101,gmm_2d,prediction_component,3,1,102653,1.0,0.23023487627506256,top5_volume_union_top5_enh,97,,1.0,1.0,202,0.48801442980766296,0.0,3,98685,0.49030639976263046
BraTS-GLI-02184-101,gmm_2d,prediction_component,82,2,2072,0.8341646790504456,0.02774563431739807,top5_volume_union_top5_enh,97,,0.8341646790504456,0.34784039855003357,3,0.07704494893550873,0.009802840650081635,1,28050,0.12460049986839294
BraTS-GLI-02184-101,gmm_2d,prediction_component,12,3,1055,0.6942660808563232,0.09825089573860168,top5_volume_union_top5_enh,97,,0.6942660808563232,0.4413745105266571,10,0.16293929517269135,0.0,1,14400,0.061712199822068214
BraTS-GLI-02184-101,gmm_2d,prediction_component,2,4,770,0.8603320717811584,0.18380363285541534,top5_volume_union_top5_enh,97,,0.8603320717811584,0.4723065495491028,11,0.12626421451568604,0.09576378762722015,1,12350,0.050311900209635496
BraTS-GLI-02184-101,gmm_2d,prediction_component,84,5,682,1.0,0.3813249170780182,top5_volume_union_top5_enh,97,,1.0,0.1785334348678589,6,0.04546386003494263,0.0,1,22140,0.09746249997988343
BraTS-GLI-02184-101,gmm_2d,prediction_component,96,14,207,1.0,0.4390327036380768,top5_volume_union_top5_enh,97,,1.0,0.1395891308784485,2,0.029237210750579834,0.0,1,5712,0.023477399721741676
BraTS-GLI-02184-101,gmm_2d,prediction_component,94,58,25,1.0,0.3844258487224579,top5_volume_union_top5_enh,97,,1.0,0.0,1,0.0,0.0,1,729,0.0032178000546991825
BraTS-GLI-02184-101,gmm_2d,prediction_component,90,16,183,1.0,0.2835734486579895,top5_volume_union_top5_enh,97,,1.0,0.32461875677108765,3,0.26899197697639465,0.0,1,5244,0.020956399850547314
BraTS-GLI-02184-101,gmm_2d,prediction_component,91,31,75,1.0,0.35314685106277466,top5_volume_union_top5_enh,97,,1.0,0.42353659868240356,2,0.0,0.0,1,1950,0.007888299878686666
BraTS-GLI-02184-101,variational_spline,prediction_component,1,1,17688,1.0,0.630721390247345,top5_volume_union_top5_enh,1,,1.0,0.4954649806022644,27,0.6310369372367859,0.026466012001037598,2,204972,1.055835799779743
BraTS-GLI-02185-100,GT_ET,true_et_cohort,1,1,9652,0.8908130526542664,0.07681992650032043,all_components,3,,0.8908130526542664,0.7927925512194633,61,0.1527404710650444,0.042036425322294235,1,183535,0.9550602999515831
BraTS-GLI-02185-100,GT_ET,true_et_cohort,2,3,21,0.4020366370677948,0.23727048933506012,all_components,3,,0.4020366370677948,0.012454330921173096,1,0.0,0.0,1,432,0.0018798001110553741
BraTS-GLI-02185-100,GT_ET,true_et_cohort,3,2,341,0.5135806798934937,0.08487074077129364,all_components,3,,0.5135806798934937,0.16773873567581177,2,0.07055748999118805,0.08692248910665512,1,2184,0.008503000251948833
BraTS-GLI-02185-100,otsu_T1c,prediction_component,1,1,25886,1.0,0.5262710452079773,top5_volume_union_top5_enh,1,,1.0,0.9821963906288147,54,0.44792282581329346,0.0,3,99330,0.4899084996432066
BraTS-GLI-02185-100,gmm_T1c,prediction_component,1,1,34502,1.0,0.4676966071128845,top5_volume_union_top5_enh,1,,1.0,1.0,83,0.7086514234542847,0.0,3,108360,0.5485654002986848
BraTS-GLI-02185-100,sustraccion,prediction_component,11,1,77219,1.0,0.34939610958099365,top5_volume_union_top5_enh,114,,1.0,0.9961909055709839,221,0.6661186218261719,0.0,3,118440,0.5989005998708308
BraTS-GLI-02185-100,sustraccion,prediction_component,38,2,1115,0.681662917137146,0.15205182135105133,top5_volume_union_top5_enh,114,,0.681662917137146,0.38032008707523346,6,0.1527404710650444,0.0,1,32640,0.14968600030988455
BraTS-GLI-02185-100,sustraccion,prediction_component,69,3,318,1.0,0.5690519213676453,top5_volume_union_top5_enh,114,,1.0,0.09786200523376465,1,0.0025001168251037598,0.0,1,7104,0.030038900207728148
BraTS-GLI-02185-100,sustraccion,prediction_component,47,4,269,1.0,0.55164635181427,top5_volume_union_top5_enh,114,,1.0,0.29488909244537354,3,0.1030990481376648,0.0,1,6090,0.024207700043916702
BraTS-GLI-02185-100,sustraccion,prediction_component,66,5,248,1.0,0.5385265946388245,top5_volume_union_top5_enh,114,,1.0,0.20574051141738892,3,0.19557204842567444,0.0,1,6426,0.02526880009099841
BraTS-GLI-02185-100,sustraccion,prediction_component,113,39,44,1.0,0.6363325715065002,top5_volume_union_top5_enh,114,,1.0,0.0,1,0.0,0.0,1,990,0.0040437001734972
BraTS-GLI-02185-100,sustraccion,prediction_component,112,47,33,1.0,0.6718045473098755,top5_volume_union_top5_enh,114,,1.0,0.0,1,0.0,0.0,1,891,0.0033994996920228004
BraTS-GLI-02185-100,sustraccion,prediction_component,105,24,64,1.0,0.6952926516532898,top5_volume_union_top5_enh,114,,1.0,0.016322731971740723,1,0.0,0.0,1,2100,0.008326599840074778
BraTS-GLI-02185-100,sustraccion,prediction_component,109,39,44,1.0,0.5809879302978516,top5_volume_union_top5_enh,114,,1.0,0.12980878353118896,2,0.0,0.0,1,1287,0.004889399744570255
BraTS-GLI-02185-100,sustraccion,prediction_component,106,93,14,1.0,0.6578207015991211,top5_volume_union_top5_enh,114,,1.0,0.05972164869308472,1,0.0,0.0,1,504,0.0021415003575384617
BraTS-GLI-02185-100,gmm_2d,prediction_component,3,1,116923,1.0,0.09352180361747742,top5_volume_union_top5_enh,236,,1.0,0.9546555876731873,272,0.3679766356945038,0.00273629417642951,3,134064,0.693488699849695
BraTS-GLI-02185-100,gmm_2d,prediction_component,38,2,6447,1.0,0.11746367812156677,top5_volume_union_top5_enh,236,,1.0,0.9984660744667053,70,0.4951125383377075,0.11694618314504623,1,220864,1.16476079961285
BraTS-GLI-02185-100,gmm_2d,prediction_component,35,3,2707,0.8685848116874695,0.1458131968975067,top5_volume_union_top5_enh,236,,0.8685848116874695,0.6293626576662064,36,0.20549573749303818,0.14790068566799164,1,111264,0.5587097997777164
BraTS-GLI-02185-100,gmm_2d,prediction_component,2,4,1849,0.7240495085716248,0.05505520477890968,top5_volume_union_top5_enh,236,,0.7240495085716248,0.6042788028717041,16,0.14707426726818085,0.0,1,67680,0.3282705997116864
BraTS-GLI-02185-100,gmm_2d,prediction_component,226,5,1305,1.0,0.2767930328845978,top5_volume_union_top5_enh,236,,1.0,1.0,26,0.41538870334625244,0.6086645722389221,1,28413,0.12997209979221225
BraTS-GLI-02185-100,gmm_2d,prediction_component,210,55,115,1.0,0.38192641735076904,top5_volume_union_top5_enh,236,,1.0,0.37017393112182617,4,0.16340970993041992,0.0,1,1980,0.009742500260472298
BraTS-GLI-02185-100,gmm_2d,prediction_component,215,105,51,1.0,0.4314005970954895,top5_volume_union_top5_enh,236,,1.0,0.0,1,0.0,0.0,1,1089,0.0059068999253213406
BraTS-GLI-02185-100,gmm_2d,prediction_component,218,151,25,1.0,0.37297728657722473,top5_volume_union_top5_enh,236,,1.0,0.0598568320274353,1,0.0,0.0,1,729,0.003009200096130371
BraTS-GLI-02185-100,gmm_2d,prediction_component,207,29,199,1.0,0.2799118459224701,top5_volume_union_top5_enh,236,,1.0,0.18777787685394287,3,0.0,0.0,1,2964,0.011994099710136652
BraTS-GLI-02185-100,variational_spline,prediction_component,1,1,34450,1.0,0.46840256452560425,top5_volume_union_top5_enh,1,,1.0,1.0,83,0.7086514234542847,0.0,3,108360,0.5424356004223228
BraTS-GLI-02192-101,GT_ET,true_et_cohort,1,1,4961,0.7947466373443604,0.11928711831569672,all_components,2,,0.7947466373443604,0.49363456666469574,17,0.09128385782241821,0.1652570180594921,1,28675,0.12854979978874326
BraTS-GLI-02192-101,GT_ET,true_et_cohort,2,2,23,0.033646758645772934,0.006725309882313013,all_components,2,,0.033646758645772934,0.0,0,0.0,0.0,1,640,0.0031403000466525555
BraTS-GLI-02192-101,otsu_T1c,prediction_component,1,1,8568,1.0,0.5769837498664856,top5_volume_union_top5_enh,1,,1.0,0.8303238153457642,34,0.49097195267677307,0.0498928427696228,2,67032,0.3365735998377204
BraTS-GLI-02192-101,gmm_T1c,prediction_component,1,1,8602,1.0,0.5761827230453491,top5_volume_union_top5_enh,1,,1.0,0.8303238153457642,34,0.49097195267677307,0.0498928427696228,2,67032,0.3278330001048744
BraTS-GLI-02192-101,sustraccion,prediction_component,4,1,67910,1.0,0.35242393612861633,top5_volume_union_top5_enh,188,,1.0,1.0,248,0.5388361755758524,0.04571050405502319,3,130095,0.6601885999552906
BraTS-GLI-02192-101,sustraccion,prediction_component,73,2,2933,1.0,0.08650772273540497,top5_volume_union_top5_enh,188,,1.0,0.7600091695785522,45,0.42224686313420534,0.0,1,154698,0.7934801001101732
BraTS-GLI-02192-101,sustraccion,prediction_component,41,3,1323,0.9778532981872559,0.4008590579032898,top5_volume_union_top5_enh,188,,0.9778532981872559,0.31331667304039,14,0.2579711675643921,0.024676233530044556,1,14950,0.06330779986456037
BraTS-GLI-02192-101,sustraccion,prediction_component,5,4,1258,1.0,0.25943097472190857,top5_volume_union_top5_enh,188,,1.0,0.7318588197231293,23,0.2846890985965729,0.0,1,45750,0.21260329987853765
BraTS-GLI-02192-101,sustraccion,prediction_component,128,5,890,1.0,0.43082210421562195,top5_volume_union_top5_enh,188,,1.0,0.3708651475608349,7,0.0,0.0,1,59940,0.28606260009109974
BraTS-GLI-02192-101,sustraccion,prediction_component,187,63,28,1.0,0.6512197256088257,top5_volume_union_top5_enh,188,,1.0,0.0,1,0.0,0.0,1,1000,0.004047600086778402
BraTS-GLI-02192-101,sustraccion,prediction_component,183,121,14,1.0,0.637138843536377,top5_volume_union_top5_enh,188,,1.0,0.0,1,0.0,0.0,1,576,0.0026710000820457935
BraTS-GLI-02192-101,sustraccion,prediction_component,182,27,82,1.0,0.6278718709945679,top5_volume_union_top5_enh,188,,1.0,0.05610460042953491,1,0.0,0.0,1,1728,0.006928799673914909
BraTS-GLI-02192-101,sustraccion,prediction_component,176,63,28,1.0,0.5480560064315796,top5_volume_union_top5_enh,188,,1.0,0.03530651330947876,1,0.0,0.0,1,576,0.002274000085890293
BraTS-GLI-02192-101,sustraccion,prediction_component,167,121,14,1.0,0.45278915762901306,top5_volume_union_top5_enh,188,,1.0,0.0,1,0.0,0.0,1,512,0.0020488998852670193
BraTS-GLI-02192-101,gmm_2d,prediction_component,2,1,86479,1.0,0.2660939395427704,top5_volume_union_top5_enh,136,,1.0,1.0,211,0.6211633458733559,0.0,3,123480,0.63386519998312
BraTS-GLI-02192-101,gmm_2d,prediction_component,44,2,4554,0.8912409543991089,0.04575309902429581,top5_volume_union_top5_enh,136,,0.8912409543991089,0.7600091695785522,38,0.10970579087734222,0.0,1,147744,0.7471945001743734
BraTS-GLI-02192-101,gmm_2d,prediction_component,3,3,1581,1.0,0.1883140504360199,top5_volume_union_top5_enh,136,,1.0,0.6968568116426468,18,0.2846890985965729,0.0,1,40500,0.183028900064528
BraTS-GLI-02192-101,gmm_2d,prediction_component,25,4,1433,0.9778532981872559,0.34284651279449463,top5_volume_union_top5_enh,136,,0.9778532981872559,0.31331667304039,15,0.2181437611579895,0.024676233530044556,1,13524,0.054879999719560146
BraTS-GLI-02192-101,gmm_2d,prediction_component,96,5,1269,1.0,0.2956313192844391,top5_volume_union_top5_enh,136,,1.0,0.25914204120635986,6,0.0,0.0,1,61864,0.29026579996570945
BraTS-GLI-02192-101,gmm_2d,prediction_component,135,46,63,1.0,0.3587404787540436,top5_volume_union_top5_enh,136,,1.0,0.0,1,0.05011439323425293,0.0,1,1331,0.005635699722915888
BraTS-GLI-02192-101,gmm_2d,prediction_component,134,49,61,1.0,0.36156022548675537,top5_volume_union_top5_enh,136,,1.0,0.020447492599487305,1,0.0,0.0,1,1170,0.004594600293785334
BraTS-GLI-02192-101,gmm_2d,prediction_component,131,16,168,1.0,0.36904376745224,top5_volume_union_top5_enh,136,,1.0,0.05610460042953491,1,0.0,0.0,1,2772,0.011476399842649698
BraTS-GLI-02192-101,gmm_2d,prediction_component,132,71,25,1.0,0.37528732419013977,top5_volume_union_top5_enh,136,,1.0,0.0,1,0.0,0.0,1,729,0.002831200137734413
BraTS-GLI-02192-101,gmm_2d,prediction_component,129,71,25,1.0,0.4572541117668152,top5_volume_union_top5_enh,136,,1.0,0.0,1,0.0,0.0,1,729,0.0031386003829538822
BraTS-GLI-02192-101,variational_spline,prediction_component,1,1,8602,1.0,0.5761827230453491,top5_volume_union_top5_enh,1,,1.0,0.8303238153457642,34,0.49097195267677307,0.0498928427696228,2,67032,0.3254774999804795
BraTS-GLI-02194-101,GT_ET,true_et_cohort,1,1,3632,0.6755924224853516,0.06070727854967117,all_components,2,,0.6755924224853516,0.4249350428581238,17,0.17076045274734497,0.21577614545822144,1,39852,0.18437989987432957
BraTS-GLI-02194-101,GT_ET,true_et_cohort,2,2,84,0.0,0.0,all_components,2,,0.0,0.0,0,0.0,0.0,1,990,0.0040522003546357155
BraTS-GLI-02194-101,otsu_T1c,prediction_component,1,1,655031,1.0,0.0207917932420969,top5_volume_union_top5_enh,1,,1.0,1.0,221,0.6427265405654907,0.0,3,113344,0.5742254997603595
BraTS-GLI-02194-101,gmm_T1c,prediction_component,1,1,4417,1.0,0.658889651298523,top5_volume_union_top5_enh,1,,1.0,0.37105095386505127,25,0.2613036334514618,0.06441330909729004,1,260352,1.3763171997852623
BraTS-GLI-02194-101,sustraccion,prediction_component,2,1,72274,1.0,0.2753973603248596,top5_volume_union_top5_enh,194,,1.0,1.0,238,0.6268907785415649,0.0,3,104490,0.5141509999521077
BraTS-GLI-02194-101,sustraccion,prediction_component,68,2,1230,1.0,0.3381315767765045,top5_volume_union_top5_enh,194,,1.0,0.43426036834716797,14,0.2965406475123018,0.0,1,77220,0.3761297999881208
BraTS-GLI-02194-101,sustraccion,prediction_component,169,3,531,1.0,0.5694863796234131,top5_volume_union_top5_enh,194,,1.0,0.31002575159072876,3,0.14559131860733032,0.0,1,45500,0.20908519998192787
BraTS-GLI-02194-101,sustraccion,prediction_component,80,4,416,0.9644993543624878,0.2580708861351013,top5_volume_union_top5_enh,194,,0.9644993543624878,0.7152240723371506,9,0.1029791310429573,0.0,1,38610,0.17611199989914894
BraTS-GLI-02194-101,sustraccion,prediction_component,16,5,381,0.8443067073822021,0.2272084504365921,top5_volume_union_top5_enh,194,,0.8443067073822021,0.5846597254276276,8,0.08378522098064423,0.0,1,7392,0.029887699987739325
BraTS-GLI-02194-101,sustraccion,prediction_component,194,59,43,1.0,0.7047734260559082,top5_volume_union_top5_enh,194,,1.0,0.2968074679374695,2,0.0,0.0,1,1377,0.0057426998391747475
BraTS-GLI-02194-101,sustraccion,prediction_component,193,90,28,1.0,0.26842615008354187,top5_volume_union_top5_enh,194,,1.0,0.05591069161891937,1,0.0,0.0,1,880,0.0035333000123500824
BraTS-GLI-02194-101,sustraccion,prediction_component,186,77,34,1.0,0.420684814453125,top5_volume_union_top5_enh,194,,1.0,0.0,1,0.0,0.0,1,960,0.003816399723291397
BraTS-GLI-02194-101,sustraccion,prediction_component,188,147,14,1.0,0.6558658480644226,top5_volume_union_top5_enh,194,,1.0,0.0,1,0.0,0.0,1,576,0.0021660998463630676
BraTS-GLI-02194-101,sustraccion,prediction_component,184,95,27,1.0,0.6880264282226562,top5_volume_union_top5_enh,194,,1.0,0.0,1,0.0,0.0,1,729,0.0033193998970091343
BraTS-GLI-02194-101,gmm_2d,prediction_component,6,1,61734,1.0,0.2594285309314728,top5_volume_union_top5_enh,124,,1.0,1.0,141,0.6524303555488586,0.09307075291872025,3,94500,0.4644872001372278
BraTS-GLI-02194-101,gmm_2d,prediction_component,12,2,1893,1.0,0.2529318332672119,top5_volume_union_top5_enh,124,,1.0,0.7957736104726791,14,0.6064140796661377,0.0,1,28675,0.1283405004069209
BraTS-GLI-02194-101,gmm_2d,prediction_component,60,3,1246,1.0,0.30621978640556335,top5_volume_union_top5_enh,124,,1.0,0.5776145458221436,6,0.2982587218284607,0.0,1,51678,0.24349830020219088
BraTS-GLI-02194-101,gmm_2d,prediction_component,43,4,681,0.6260075569152832,0.08663775026798248,top5_volume_union_top5_enh,124,,0.6260075569152832,0.3904244601726532,6,0.1696038693189621,0.021291926503181458,1,10725,0.04689260013401508
BraTS-GLI-02194-101,gmm_2d,prediction_component,111,5,672,1.0,0.4251265823841095,top5_volume_union_top5_enh,124,,1.0,0.04209643602371216,1,0.14559131860733032,0.0,1,28275,0.12775589991360903
BraTS-GLI-02194-101,gmm_2d,prediction_component,124,78,25,1.0,0.5096386671066284,top5_volume_union_top5_enh,124,,1.0,0.0,1,0.0,0.0,1,729,0.0029727001674473286
BraTS-GLI-02194-101,gmm_2d,prediction_component,121,37,77,1.0,0.43440479040145874,top5_volume_union_top5_enh,124,,1.0,0.0,1,0.0,0.0,1,1452,0.0058813998475670815
BraTS-GLI-02194-101,gmm_2d,prediction_component,115,41,65,1.0,0.4335029721260071,top5_volume_union_top5_enh,124,,1.0,0.0,1,0.0,0.0,1,1452,0.006057700142264366
BraTS-GLI-02194-101,gmm_2d,prediction_component,118,45,57,1.0,0.38913050293922424,top5_volume_union_top5_enh,124,,1.0,0.0,1,0.0,0.0,1,1210,0.004775300156325102
BraTS-GLI-02194-101,gmm_2d,prediction_component,113,66,38,1.0,0.3430473804473877,top5_volume_union_top5_enh,124,,1.0,0.0,1,0.0,0.0,1,810,0.0036909999325871468
BraTS-GLI-02194-101,variational_spline,prediction_component,1,1,4417,1.0,0.658889651298523,top5_volume_union_top5_enh,1,,1.0,0.37105095386505127,25,0.2613036334514618,0.06441330909729004,1,260352,1.3707141000777483
BraTS-GLI-02196-100,GT_ET,true_et_cohort,1,1,45946,0.9437854290008545,0.08457967638969421,all_components,3,,0.7680463790893555,0.557919055223465,69,0.20035822689533234,0.09462442249059677,2,40600,0.18824050016701221
BraTS-GLI-02196-100,GT_ET,true_et_cohort,2,2,228,0.44116851687431335,0.14139248430728912,all_components,3,,0.44116851687431335,0.10827866196632385,2,0.04508334398269653,0.02179226279258728,1,1820,0.007178700063377619
BraTS-GLI-02196-100,GT_ET,true_et_cohort,3,3,64,0.0,0.0,all_components,3,,0.0,0.0,0,0.0,0.0,1,720,0.0029747001826763153
BraTS-GLI-02196-100,otsu_T1c,prediction_component,1,1,17676,1.0,0.634454607963562,top5_volume_union_top5_enh,1,,1.0,1.0,44,0.7499837875366211,0.0537988655269146,3,91168,0.45972179993987083
BraTS-GLI-02196-100,gmm_T1c,prediction_component,1,1,17410,1.0,0.6384079456329346,top5_volume_union_top5_enh,1,,1.0,1.0,44,0.7499837875366211,0.0537988655269146,3,91168,0.44082630006596446
BraTS-GLI-02196-100,sustraccion,prediction_component,3,1,82861,1.0,0.35424327850341797,top5_volume_union_top5_enh,107,,1.0,1.0,241,0.6538293957710266,0.1526593118906021,3,110880,0.5593085000291467
BraTS-GLI-02196-100,sustraccion,prediction_component,23,2,1631,1.0,0.5161315202713013,top5_volume_union_top5_enh,107,,1.0,0.7352973818778992,20,0.35510310530662537,0.1695805788040161,1,127200,0.6314896000549197
BraTS-GLI-02196-100,sustraccion,prediction_component,57,3,798,1.0,0.4450972080230713,top5_volume_union_top5_enh,107,,1.0,0.4589252173900604,7,0.47759711742401123,0.04434803128242493,1,26325,0.11855609994381666
BraTS-GLI-02196-100,sustraccion,prediction_component,25,4,618,1.0,0.5667739510536194,top5_volume_union_top5_enh,107,,1.0,0.3310348391532898,4,0.007967472076416016,0.0,1,15015,0.06324419984593987
BraTS-GLI-02196-100,sustraccion,prediction_component,44,5,539,0.9482489228248596,0.3841341435909271,top5_volume_union_top5_enh,107,,0.9482489228248596,0.3319615125656128,7,0.21782808005809784,0.17545126378536224,1,13728,0.05820739967748523
BraTS-GLI-02196-100,sustraccion,prediction_component,97,16,157,1.0,0.6421157717704773,top5_volume_union_top5_enh,107,,1.0,0.24667656421661377,3,0.013612508773803711,0.0,1,6555,0.027059399988502264
BraTS-GLI-02196-100,sustraccion,prediction_component,99,27,48,1.0,0.5255802273750305,top5_volume_union_top5_enh,107,,1.0,0.16700446605682373,2,0.2753913700580597,0.0,1,1680,0.006842900067567825
BraTS-GLI-02196-100,sustraccion,prediction_component,92,12,202,1.0,0.47695183753967285,top5_volume_union_top5_enh,107,,1.0,0.6203367412090302,4,0.0,0.0,1,7072,0.029348299838602543
BraTS-GLI-02196-100,sustraccion,prediction_component,74,67,17,1.0,0.48809051513671875,top5_volume_union_top5_enh,107,,1.0,0.0,1,0.0,0.0,1,512,0.002105100080370903
BraTS-GLI-02196-100,sustraccion,prediction_component,65,18,149,1.0,0.49194714426994324,top5_volume_union_top5_enh,107,,1.0,0.23255378007888794,2,0.1467195749282837,0.0,1,5632,0.02346480032429099
BraTS-GLI-02196-100,gmm_2d,prediction_component,3,1,203888,1.0,0.19963346421718597,top5_volume_union_top5_enh,107,,1.0,1.0,334,0.5558376908302307,0.21602782607078552,3,123234,0.6257552998140454
BraTS-GLI-02196-100,gmm_2d,prediction_component,4,2,763,0.8598520159721375,0.1235799491405487,top5_volume_union_top5_enh,107,,0.8598520159721375,0.3480605036020279,9,0.25185346603393555,0.0,1,14950,0.06516640027984977
BraTS-GLI-02196-100,gmm_2d,prediction_component,72,3,624,0.4800567328929901,0.0806719958782196,top5_volume_union_top5_enh,107,,0.4800567328929901,0.10830655694007874,2,0.04508334398269653,0.02179226279258728,1,4368,0.0175093999132514
BraTS-GLI-02196-100,gmm_2d,prediction_component,38,4,613,0.8260171413421631,0.18730977177619934,top5_volume_union_top5_enh,107,,0.8260171413421631,0.4387938752770424,8,0.1780599057674408,0.0,1,14875,0.061538499779999256
BraTS-GLI-02196-100,gmm_2d,prediction_component,7,5,497,0.7241652011871338,0.11438250541687012,top5_volume_union_top5_enh,107,,0.7241652011871338,0.27212589979171753,3,0.10555164888501167,0.04091031104326248,1,6460,0.026734800077974796
BraTS-GLI-02196-100,gmm_2d,prediction_component,28,13,147,1.0,0.24732394516468048,top5_volume_union_top5_enh,107,,1.0,0.2639720141887665,3,0.13481564819812775,0.0,1,3360,0.014705500099807978
BraTS-GLI-02196-100,gmm_2d,prediction_component,54,65,25,1.0,0.37145066261291504,top5_volume_union_top5_enh,107,,1.0,0.0,1,0.0,0.0,1,729,0.0028837001882493496
BraTS-GLI-02196-100,gmm_2d,prediction_component,41,6,289,0.9074739217758179,0.1982133686542511,top5_volume_union_top5_enh,107,,0.9074739217758179,0.41292406618595123,3,0.07333167642354965,0.0,1,7500,0.031146999914199114
BraTS-GLI-02196-100,gmm_2d,prediction_component,34,29,89,0.8866613507270813,0.2460968792438507,top5_volume_union_top5_enh,107,,0.8866613507270813,0.0,1,0.0,0.0,1,2002,0.007980199996381998
BraTS-GLI-02196-100,variational_spline,prediction_component,1,1,17410,1.0,0.6384079456329346,top5_volume_union_top5_enh,1,,1.0,1.0,44,0.7499837875366211,0.0537988655269146,3,91168,0.44616949977353215
BraTS-GLI-02198-101,otsu_T1c,absent_fp_component,1,1,696896,1.0,0.022075532004237175,top5_volume_union_top5_enh,1,,1.0,1.0,217,0.47821810096502304,0.0,3,126900,0.6662045996636152
BraTS-GLI-02198-101,gmm_T1c,absent_fp_component,1,1,893152,0.7868865728378296,0.002054874086752534,top5_volume_union_top5_enh,1,,0.7868865728378296,0.5671530365943909,183,0.07665352523326874,0.0,3,129600,0.6702835001051426
BraTS-GLI-02198-101,sustraccion,absent_fp_component,4,1,52276,1.0,0.36438125371932983,top5_volume_union_top5_enh,156,,1.0,1.0,150,0.5567235127091408,0.0,3,104060,0.5009794998914003
BraTS-GLI-02198-101,sustraccion,absent_fp_component,20,2,2160,1.0,0.296315997838974,top5_volume_union_top5_enh,156,,1.0,0.7698933333158493,36,0.4211571514606476,0.17656268179416656,1,106848,0.5223320000804961
BraTS-GLI-02198-101,sustraccion,absent_fp_component,31,3,1514,1.0,0.2117222100496292,top5_volume_union_top5_enh,156,,1.0,0.9988261461257935,43,0.5016055107116699,0.0,1,105560,0.5580470999702811
BraTS-GLI-02198-101,sustraccion,absent_fp_component,33,4,789,1.0,0.5248982310295105,top5_volume_union_top5_enh,156,,1.0,0.5911713242530823,8,0.38016775250434875,0.04334622621536255,1,13520,0.056027399841696024
BraTS-GLI-02198-101,sustraccion,absent_fp_component,121,5,693,1.0,0.5027174949645996,top5_volume_union_top5_enh,156,,1.0,0.4979555606842041,8,0.19805631041526794,0.0,1,47250,0.22022579982876778
BraTS-GLI-02198-101,sustraccion,absent_fp_component,153,23,89,1.0,0.6429235339164734,top5_volume_union_top5_enh,156,,1.0,0.0,1,0.0,0.0,1,2431,0.009750599972903728
BraTS-GLI-02198-101,sustraccion,absent_fp_component,152,67,26,1.0,0.618855893611908,top5_volume_union_top5_enh,156,,1.0,0.0,1,0.0,0.0,1,880,0.0036828001029789448
BraTS-GLI-02198-101,sustraccion,absent_fp_component,142,126,12,1.0,0.4749581515789032,top5_volume_union_top5_enh,156,,1.0,0.0,1,0.0,0.0,1,448,0.0017369003035128117
BraTS-GLI-02198-101,sustraccion,absent_fp_component,144,37,50,1.0,0.471232533454895,top5_volume_union_top5_enh,156,,1.0,0.09636557102203369,1,0.0,0.0,1,1694,0.006813599728047848
BraTS-GLI-02198-101,sustraccion,absent_fp_component,136,9,419,1.0,0.5125306248664856,top5_volume_union_top5_enh,156,,1.0,0.3065175414085388,5,0.0,0.0,1,35910,0.16315329959616065
BraTS-GLI-02198-101,gmm_2d,absent_fp_component,3,1,58400,1.0,0.3027998208999634,top5_volume_union_top5_enh,86,,1.0,1.0,120,0.5141448974609375,0.0,3,96800,0.47032560035586357
BraTS-GLI-02198-101,gmm_2d,absent_fp_component,12,2,1642,1.0,0.19467008113861084,top5_volume_union_top5_enh,86,,1.0,0.5633181631565094,18,0.4319496750831604,0.054780393838882446,1,25584,0.11357379984110594
BraTS-GLI-02198-101,gmm_2d,absent_fp_component,22,3,1184,0.9988261461257935,0.13272206485271454,top5_volume_union_top5_enh,86,,0.9988261461257935,0.7424151748418808,20,0.18008467555046082,0.0,1,37752,0.18150760000571609
BraTS-GLI-02198-101,gmm_2d,absent_fp_component,24,4,885,0.983936071395874,0.1633145660161972,top5_volume_union_top5_enh,86,,0.983936071395874,0.38889816403388977,15,0.5016055107116699,0.0,1,17748,0.07741260016337037
BraTS-GLI-02198-101,gmm_2d,absent_fp_component,25,5,727,1.0,0.4595993459224701,top5_volume_union_top5_enh,86,,1.0,0.11828082799911499,2,0.12489807605743408,0.04334622621536255,1,8840,0.03679879987612367
BraTS-GLI-02198-101,gmm_2d,absent_fp_component,85,44,38,1.0,0.5001108050346375,top5_volume_union_top5_enh,86,,1.0,0.0,1,0.0,0.0,1,810,0.0033081998117268085
BraTS-GLI-02198-101,gmm_2d,absent_fp_component,84,26,100,1.0,0.4821901321411133,top5_volume_union_top5_enh,86,,1.0,1.0,2,0.5233728289604187,0.0,1,2688,0.010337099898606539
BraTS-GLI-02198-101,gmm_2d,absent_fp_component,83,44,38,1.0,0.3660344183444977,top5_volume_union_top5_enh,86,,1.0,0.0,1,0.0,0.0,1,810,0.0033821999095380306
BraTS-GLI-02198-101,gmm_2d,absent_fp_component,77,7,610,1.0,0.40327924489974976,top5_volume_union_top5_enh,86,,1.0,0.20537835359573364,2,0.0,0.0,1,18900,0.08284449996426702
BraTS-GLI-02198-101,gmm_2d,absent_fp_component,78,10,472,1.0,0.3772415816783905,top5_volume_union_top5_enh,86,,1.0,0.3065175414085388,3,0.40398773550987244,0.0,1,21750,0.10644100001081824
BraTS-GLI-02198-101,variational_spline,absent_fp_component,1,1,167058,1.0,0.20965835452079773,top5_volume_union_top5_enh,1,,1.0,0.9424620755016804,446,0.5859013795852661,0.03824359178543091,3,121500,0.6198469996452332
BraTS-GLI-02205-100,otsu_T1c,absent_fp_component,1,1,12073,1.0,0.7053806185722351,top5_volume_union_top5_enh,1,,1.0,0.5540552139282227,24,0.7517827153205872,0.14956450462341309,2,258216,1.3811240000650287
BraTS-GLI-02205-100,gmm_T1c,absent_fp_component,1,1,13371,1.0,0.6776305437088013,top5_volume_union_top5_enh,1,,1.0,0.994113028049469,35,0.49486827850341797,0.0,2,267120,1.4513445999473333
BraTS-GLI-02205-100,sustraccion,absent_fp_component,12,1,60070,1.0,0.19949138164520264,top5_volume_union_top5_enh,93,,1.0,1.0,72,0.5750532746315002,0.17590588331222534,2,283284,1.5050726998597383
BraTS-GLI-02205-100,sustraccion,absent_fp_component,28,2,28209,0.944495677947998,0.004385953303426504,top5_volume_union_top5_enh,93,,0.944495677947998,0.4501723051071167,8,0.16339772939682007,0.0,1,239904,1.3021312998607755
BraTS-GLI-02205-100,sustraccion,absent_fp_component,27,3,15189,0.0,0.0,top5_volume_union_top5_enh,93,,0.0,0.0,0,0.0,0.0,1,105820,0.5252567999996245
BraTS-GLI-02205-100,sustraccion,absent_fp_component,24,4,472,0.7330120801925659,0.2342245727777481,top5_volume_union_top5_enh,93,,0.7330120801925659,0.36486995220184326,6,0.5024933815002441,0.0,1,18252,0.07820639992132783
BraTS-GLI-02205-100,sustraccion,absent_fp_component,60,5,468,1.0,0.6850417852401733,top5_volume_union_top5_enh,93,,1.0,0.5433595180511475,7,0.04180705547332764,0.0,1,74958,0.35928580025210977
BraTS-GLI-02205-100,sustraccion,absent_fp_component,93,30,74,1.0,0.570007860660553,top5_volume_union_top5_enh,93,,1.0,0.5852152705192566,3,0.05729407072067261,0.0,1,1620,0.00645969994366169
BraTS-GLI-02205-100,sustraccion,absent_fp_component,89,20,109,1.0,0.6742661595344543,top5_volume_union_top5_enh,93,,1.0,0.4599630832672119,2,0.0,0.0,1,4675,0.01915450021624565
BraTS-GLI-02205-100,sustraccion,absent_fp_component,72,14,151,1.0,0.45572420954704285,top5_volume_union_top5_enh,93,,1.0,0.14473503828048706,2,0.0,0.0,1,2744,0.010654599871486425
BraTS-GLI-02205-100,sustraccion,absent_fp_component,10,8,323,1.0,0.29417598247528076,top5_volume_union_top5_enh,93,,1.0,0.5406633019447327,7,0.03874480724334717,0.0,1,14720,0.06458850018680096
BraTS-GLI-02205-100,sustraccion,absent_fp_component,9,17,139,1.0,0.4067917466163635,top5_volume_union_top5_enh,93,,1.0,0.2070125937461853,2,0.0,0.0,1,1683,0.006482500117272139
BraTS-GLI-02205-100,gmm_2d,absent_fp_component,1,1,798102,1.0,0.009006847627460957,top5_volume_union_top5_enh,39,,0.7506118416786194,0.72718745470047,327,0.5857484340667725,0.0,3,123704,0.6336427996866405
BraTS-GLI-02205-100,gmm_2d,absent_fp_component,3,2,2148,0.6816802620887756,0.005005921237170696,top5_volume_union_top5_enh,39,,0.6816802620887756,0.6704413890838623,9,0.012520074844360352,0.0,1,24150,0.1057064002379775
BraTS-GLI-02205-100,gmm_2d,absent_fp_component,4,3,330,0.41588979959487915,0.005718695931136608,top5_volume_union_top5_enh,39,,0.41588979959487915,0.14870677888393402,2,0.0,0.0,1,7140,0.029301899950951338
BraTS-GLI-02205-100,gmm_2d,absent_fp_component,38,4,263,0.4730187654495239,0.17989131808280945,top5_volume_union_top5_enh,39,,0.4730187654495239,0.08441343903541565,1,0.0384405255317688,0.0,1,3136,0.012386100366711617
BraTS-GLI-02205-100,gmm_2d,absent_fp_component,10,5,204,0.0,0.0,top5_volume_union_top5_enh,39,,0.0,0.0,0,0.0,0.0,1,2700,0.010649099946022034
BraTS-GLI-02205-100,gmm_2d,absent_fp_component,33,6,188,0.5388514995574951,0.012832557782530785,top5_volume_union_top5_enh,39,,0.5388514995574951,0.3318525552749634,4,0.0,0.0,1,3825,0.015657900366932154
BraTS-GLI-02205-100,gmm_2d,absent_fp_component,34,25,25,0.48025059700012207,0.03870551288127899,top5_volume_union_top5_enh,39,,0.48025059700012207,0.0,1,0.0,0.0,1,729,0.002825300209224224
BraTS-GLI-02205-100,variational_spline,absent_fp_component,1,1,13371,1.0,0.6776305437088013,top5_volume_union_top5_enh,1,,1.0,0.994113028049469,35,0.49486827850341797,0.0,2,267120,1.4197813998907804
BraTS-GLI-02206-104,otsu_T1c,absent_fp_component,1,1,687810,1.0,0.023949308320879936,top5_volume_union_top5_enh,1,,1.0,1.0,238,0.6641975045204163,0.0,3,123648,0.6301181996241212
BraTS-GLI-02206-104,gmm_T1c,absent_fp_component,1,1,1180551,0.7550802230834961,0.00300623569637537,top5_volume_union_top5_enh,1,,0.5795854926109314,0.5563283562660217,326,0.052977703511714935,0.0,3,129024,0.669709200039506
BraTS-GLI-02206-104,sustraccion,absent_fp_component,1,1,78509,1.0,0.3314466178417206,top5_volume_union_top5_enh,203,,1.0,0.9601033329963684,293,0.8276367783546448,0.45892268419265747,3,122112,0.6169787999242544
BraTS-GLI-02206-104,sustraccion,absent_fp_component,194,2,250,1.0,0.6035357117652893,top5_volume_union_top5_enh,203,,1.0,0.2742142677307129,4,0.020732223987579346,0.0,1,9724,0.039593799971044064
BraTS-GLI-02206-104,sustraccion,absent_fp_component,17,3,192,1.0,0.34946930408477783,top5_volume_union_top5_enh,203,,1.0,0.6066710352897644,4,0.0743253231048584,0.0,1,5187,0.02110509993508458
BraTS-GLI-02206-104,sustraccion,absent_fp_component,201,4,178,1.0,0.49693846702575684,top5_volume_union_top5_enh,203,,1.0,0.5069698095321655,3,0.0,0.0,1,4992,0.020686599891632795
BraTS-GLI-02206-104,sustraccion,absent_fp_component,135,5,162,1.0,0.4340926706790924,top5_volume_union_top5_enh,203,,1.0,0.19621378183364868,3,0.0,0.0,1,6084,0.024261699989438057
BraTS-GLI-02206-104,sustraccion,absent_fp_component,202,22,72,1.0,0.6392562389373779,top5_volume_union_top5_enh,203,,1.0,0.06722360849380493,1,0.0,0.0,1,2244,0.008717999793589115
BraTS-GLI-02206-104,sustraccion,absent_fp_component,200,155,14,1.0,0.6210082173347473,top5_volume_union_top5_enh,203,,1.0,0.0,1,0.0,0.0,1,512,0.002333099953830242
BraTS-GLI-02206-104,sustraccion,absent_fp_component,199,170,12,1.0,0.6873043179512024,top5_volume_union_top5_enh,203,,1.0,0.009186625480651855,1,0.0,0.0,1,448,0.0022641997784376144
BraTS-GLI-02206-104,gmm_2d,absent_fp_component,2,1,106704,1.0,0.24160781502723694,top5_volume_union_top5_enh,155,,1.0,0.9990100010763854,288,0.6422544717788696,0.25015512108802795,3,124416,0.6276486995629966
BraTS-GLI-02206-104,gmm_2d,absent_fp_component,145,2,618,1.0,0.36382508277893066,top5_volume_union_top5_enh,155,,1.0,0.8969394043087959,4,0.09768962860107422,0.0,1,13685,0.05721979960799217
BraTS-GLI-02206-104,gmm_2d,absent_fp_component,108,3,485,0.48834970593452454,0.056884899735450745,top5_volume_union_top5_enh,155,,0.48834970593452454,0.2027701586484909,4,0.139903973788023,0.01980792434187606,1,4410,0.017934300005435944
BraTS-GLI-02206-104,gmm_2d,absent_fp_component,144,4,465,1.0,0.36409279704093933,top5_volume_union_top5_enh,155,,1.0,0.2214166522026062,4,0.09507441520690918,0.0,1,11385,0.047533500008285046
BraTS-GLI-02206-104,gmm_2d,absent_fp_component,56,5,377,0.9449491500854492,0.1814798265695572,top5_volume_union_top5_enh,155,,0.9449491500854492,0.5525471568107605,5,0.08339568972587585,0.0,1,6804,0.026816099882125854
BraTS-GLI-02206-104,gmm_2d,absent_fp_component,155,22,89,1.0,0.33366259932518005,top5_volume_union_top5_enh,155,,1.0,0.0,1,0.0,0.0,1,1584,0.006039600353688002
BraTS-GLI-02206-104,gmm_2d,absent_fp_component,154,17,110,1.0,0.4200129508972168,top5_volume_union_top5_enh,155,,1.0,0.06722360849380493,1,0.014828801155090332,0.0,1,2160,0.008532200008630753
BraTS-GLI-02206-104,gmm_2d,absent_fp_component,152,23,84,1.0,0.45695269107818604,top5_volume_union_top5_enh,155,,1.0,0.0,1,0.0,0.0,1,1694,0.007635900285094976
BraTS-GLI-02206-104,gmm_2d,absent_fp_component,151,87,25,1.0,0.448954313993454,top5_volume_union_top5_enh,155,,1.0,0.009186625480651855,1,0.0,0.0,1,729,0.0027854000218212605
BraTS-GLI-02206-104,variational_spline,absent_fp_component,1,1,193773,1.0,0.18727700412273407,top5_volume_union_top5_enh,1,,1.0,1.0,525,0.6006096601486206,0.08874683082103729,3,131712,0.6790449996478856
BraTS-GLI-02208-100,otsu_T1c,absent_fp_component,1,1,13772,1.0,0.6695151925086975,top5_volume_union_top5_enh,1,,1.0,1.0,43,0.8264590501785278,0.34898272156715393,2,265216,1.4362522000446916
BraTS-GLI-02208-100,gmm_T1c,absent_fp_component,1,1,19990,1.0,0.6152253150939941,top5_volume_union_top5_enh,1,,1.0,0.9753001928329468,56,0.6093472838401794,0.0,3,102600,0.5362477996386588
BraTS-GLI-02208-100,sustraccion,absent_fp_component,7,1,67870,1.0,0.39072930812835693,top5_volume_union_top5_enh,136,,1.0,1.0,277,0.6582641005516052,0.0,3,113693,0.5716643999330699
BraTS-GLI-02208-100,sustraccion,absent_fp_component,41,2,583,0.6528178453445435,0.0959588959813118,top5_volume_union_top5_enh,136,,0.6528178453445435,0.17024732008576393,6,0.15231084823608398,0.0,1,28512,0.13241369975730777
BraTS-GLI-02208-100,sustraccion,absent_fp_component,46,3,562,0.7399434447288513,0.11588229238986969,top5_volume_union_top5_enh,136,,0.7399434447288513,0.1791437864303589,4,0.10546118952333927,0.09851089864969254,1,26912,0.12051670020446181
BraTS-GLI-02208-100,sustraccion,absent_fp_component,125,4,550,0.7993862628936768,0.23429834842681885,top5_volume_union_top5_enh,136,,0.7993862628936768,0.4249403178691864,8,0.35003823041915894,0.0,1,20160,0.08834150014445186
BraTS-GLI-02208-100,sustraccion,absent_fp_component,56,5,510,1.0,0.3430291414260864,top5_volume_union_top5_enh,136,,1.0,0.5528278052806854,7,0.07531026005744934,0.0,1,21840,0.09776350017637014
BraTS-GLI-02208-100,sustraccion,absent_fp_component,1,7,327,1.0,0.2523439824581146,top5_volume_union_top5_enh,136,,1.0,0.4492645859718323,6,0.33135026693344116,0.009786166250705719,1,7293,0.029305099975317717
BraTS-GLI-02208-100,sustraccion,absent_fp_component,4,28,62,1.0,0.4081152677536011,top5_volume_union_top5_enh,136,,1.0,0.6115215867757797,2,0.0,0.0,1,1232,0.00467139994725585
BraTS-GLI-02208-100,sustraccion,absent_fp_component,13,106,12,1.0,0.5493326783180237,top5_volume_union_top5_enh,136,,1.0,0.0,1,0.0,0.0,1,392,0.0016084997914731503
BraTS-GLI-02208-100,sustraccion,absent_fp_component,12,46,40,1.0,0.6536733508110046,top5_volume_union_top5_enh,136,,1.0,0.0,1,0.0,0.0,1,891,0.0032834000885486603
BraTS-GLI-02208-100,sustraccion,absent_fp_component,24,54,31,1.0,0.6435397863388062,top5_volume_union_top5_enh,136,,1.0,0.0,1,0.0,0.0,1,567,0.0021069999784231186
BraTS-GLI-02208-100,gmm_2d,absent_fp_component,1,1,128984,1.0,0.1128629818558693,top5_volume_union_top5_enh,212,,1.0,1.0,378,0.3651221478357911,0.0,3,116640,0.5866112997755408
BraTS-GLI-02208-100,gmm_2d,absent_fp_component,111,2,1566,1.0,0.129110649228096,top5_volume_union_top5_enh,212,,1.0,0.6581678986549377,17,0.3934163749217987,0.0,1,24990,0.10774469980970025
BraTS-GLI-02208-100,gmm_2d,absent_fp_component,101,3,728,0.9701123833656311,0.10876020789146423,top5_volume_union_top5_enh,212,,0.9701123833656311,0.9221979603171349,14,0.05463074706494808,0.0,1,28728,0.1313972999341786
BraTS-GLI-02208-100,gmm_2d,absent_fp_component,130,4,667,0.029649779200553894,9.566798689775169e-05,top5_volume_union_top5_enh,212,,0.029649779200553894,0.01117793656885624,0,0.0,0.0,1,7182,0.030674700159579515
BraTS-GLI-02208-100,gmm_2d,absent_fp_component,10,5,636,0.7591695189476013,0.09045688807964325,top5_volume_union_top5_enh,212,,0.7591695189476013,0.36182326078414917,10,0.030053578317165375,0.0,1,20358,0.08705369988456368
BraTS-GLI-02208-100,gmm_2d,absent_fp_component,159,112,50,1.0,0.2896605432033539,top5_volume_union_top5_enh,212,,1.0,0.034029603004455566,1,0.523784875869751,0.0,1,1287,0.005102099850773811
BraTS-GLI-02208-100,gmm_2d,absent_fp_component,156,13,402,1.0,0.17093734443187714,top5_volume_union_top5_enh,212,,1.0,0.5817307233810425,8,0.24677161872386932,0.0,1,7245,0.029454300180077553
BraTS-GLI-02208-100,gmm_2d,absent_fp_component,175,16,298,1.0,0.20924581587314606,top5_volume_union_top5_enh,212,,1.0,0.6670063138008118,6,0.22526657581329346,0.0,1,5152,0.022279600147157907
BraTS-GLI-02208-100,gmm_2d,absent_fp_component,117,135,25,1.0,0.17924600839614868,top5_volume_union_top5_enh,212,,1.0,0.08535420894622803,1,0.0,0.0,1,729,0.0028523998335003853
BraTS-GLI-02208-100,gmm_2d,absent_fp_component,64,88,69,1.0,0.2237071394920349,top5_volume_union_top5_enh,212,,1.0,0.0,1,0.0,0.0,1,1331,0.0058038001880049706
BraTS-GLI-02208-100,variational_spline,absent_fp_component,1,1,19993,1.0,0.61517333984375,top5_volume_union_top5_enh,1,,1.0,0.9753001928329468,56,0.6093472838401794,0.0,3,102600,0.5171026000753045
BraTS-GLI-02216-100,GT_ET,true_et_cohort,1,1,4147,0.9217606782913208,0.0312504917383194,all_components,2,,0.9217606782913208,0.2908358871936798,10,0.1318763792514801,0.0,1,34596,0.15910249995067716
BraTS-GLI-02216-100,GT_ET,true_et_cohort,2,2,55,0.4059363603591919,0.10503431409597397,all_components,2,,0.4059363603591919,0.24266821146011353,2,0.0,0.0,1,1080,0.004492900334298611
BraTS-GLI-02216-100,otsu_T1c,prediction_component,1,1,7148,1.0,0.6636289954185486,top5_volume_union_top5_enh,1,,1.0,0.8334532380104065,20,0.6730445623397827,0.0,2,102312,0.5311340996995568
BraTS-GLI-02216-100,gmm_T1c,prediction_component,1,1,9671,1.0,0.49325281381607056,top5_volume_union_top5_enh,1,,1.0,0.9902490377426147,54,0.6218919157981873,0.11656978726387024,2,99840,0.516531000379473
BraTS-GLI-02216-100,sustraccion,prediction_component,3,1,70547,1.0,0.34864234924316406,top5_volume_union_top5_enh,111,,1.0,1.0,243,0.6747783422470093,0.07210415229201317,3,101136,0.5079748998396099
BraTS-GLI-02216-100,sustraccion,prediction_component,70,2,1382,1.0,0.5007674694061279,top5_volume_union_top5_enh,111,,1.0,0.32050827145576477,9,0.04223954677581787,0.0,1,136884,0.6982156997546554
BraTS-GLI-02216-100,sustraccion,prediction_component,39,3,816,0.9168063402175903,0.23671598732471466,top5_volume_union_top5_enh,111,,0.9168063402175903,0.3118305206298828,4,0.23054125905036926,0.21100238151848316,1,20088,0.08563179988414049
BraTS-GLI-02216-100,sustraccion,prediction_component,43,4,702,0.8733838796615601,0.20462320744991302,top5_volume_union_top5_enh,111,,0.8733838796615601,0.3174433708190918,4,0.34777548909187317,0.08671629428863525,1,15834,0.06649119965732098
BraTS-GLI-02216-100,sustraccion,prediction_component,4,5,408,0.8676236867904663,0.18498985469341278,top5_volume_union_top5_enh,111,,0.8676236867904663,0.43721283972263336,7,0.0012788623571395874,0.0,1,11592,0.049008899834007025
BraTS-GLI-02216-100,sustraccion,prediction_component,69,10,185,1.0,0.35493895411491394,top5_volume_union_top5_enh,111,,1.0,0.2091788351535797,4,0.028810231015086174,0.0,1,7040,0.029845300130546093
BraTS-GLI-02216-100,sustraccion,prediction_component,67,42,36,1.0,0.4588238000869751,top5_volume_union_top5_enh,111,,1.0,0.36529457569122314,2,0.0,0.0,1,1080,0.004486800171434879
BraTS-GLI-02216-100,sustraccion,prediction_component,10,16,82,1.0,0.5458146333694458,top5_volume_union_top5_enh,111,,1.0,0.0,1,0.0,0.0,1,1440,0.005867700092494488
BraTS-GLI-02216-100,gmm_2d,prediction_component,5,1,77977,1.0,0.27172401547431946,top5_volume_union_top5_enh,100,,1.0,1.0,192,0.5205342322587967,0.02825096994638443,3,105336,0.5199079001322389
BraTS-GLI-02216-100,gmm_2d,prediction_component,9,2,2695,1.0,0.27895888686180115,top5_volume_union_top5_enh,100,,1.0,0.8050668388605118,22,0.19359153136610985,0.0750669613480568,1,108376,0.5389698999933898
BraTS-GLI-02216-100,gmm_2d,prediction_component,64,3,1962,1.0,0.3567483127117157,top5_volume_union_top5_enh,100,,1.0,0.5132485628128052,4,0.07532799243927002,0.0,1,147560,0.7568947998806834
BraTS-GLI-02216-100,gmm_2d,prediction_component,83,4,1659,1.0,0.31317657232284546,top5_volume_union_top5_enh,100,,1.0,0.4693589210510254,13,0.17119266092777252,0.2408156543970108,1,84000,0.4142897999845445
BraTS-GLI-02216-100,gmm_2d,prediction_component,40,5,871,0.9168063402175903,0.21457746624946594,top5_volume_union_top5_enh,100,,0.9168063402175903,0.3118305206298828,4,0.23054125905036926,0.21100238151848316,1,12880,0.05342910019680858
BraTS-GLI-02216-100,gmm_2d,prediction_component,97,25,140,1.0,0.2798444628715515,top5_volume_union_top5_enh,100,,1.0,0.0827743411064148,1,0.0,0.0,1,2352,0.009357099886983633
BraTS-GLI-02216-100,gmm_2d,prediction_component,88,20,170,1.0,0.2815781533718109,top5_volume_union_top5_enh,100,,1.0,0.1931677758693695,2,0.3438567817211151,0.0,1,4256,0.01721790013834834
BraTS-GLI-02216-100,gmm_2d,prediction_component,81,18,177,1.0,0.3081164062023163,top5_volume_union_top5_enh,100,,1.0,0.1672409176826477,3,0.03885280713438988,0.0,1,2618,0.01009450014680624
BraTS-GLI-02216-100,gmm_2d,prediction_component,71,23,159,1.0,0.2664732038974762,top5_volume_union_top5_enh,100,,1.0,0.14178401231765747,2,0.0,0.0,1,4284,0.01668780017644167
BraTS-GLI-02216-100,variational_spline,prediction_component,1,1,9671,1.0,0.49325281381607056,top5_volume_union_top5_enh,1,,1.0,0.9902490377426147,54,0.6218919157981873,0.11656978726387024,2,99840,0.4932182002812624
BraTS-GLI-02217-100,otsu_T1c,prediction_component,1,1,7517,1.0,0.6831777691841125,top5_volume_union_top5_enh,1,,1.0,1.0,27,0.7391716837882996,0.0,2,98532,0.4901780001819134
BraTS-GLI-02217-100,gmm_T1c,prediction_component,1,1,6441,1.0,0.6902260780334473,top5_volume_union_top5_enh,1,,1.0,0.32220882177352905,19,0.6926717758178711,0.0662846565246582,2,93840,0.45877989986911416
BraTS-GLI-02217-100,sustraccion,prediction_component,7,1,57320,1.0,0.3692324757575989,top5_volume_union_top5_enh,171,,1.0,1.0,270,0.7533722519874573,0.0,3,107184,0.5280373003333807
BraTS-GLI-02217-100,sustraccion,prediction_component,2,2,1433,1.0,0.24603897333145142,top5_volume_union_top5_enh,171,,1.0,0.8978393226861954,33,0.38252753019332886,0.020475968718528748,1,45322,0.2086970000527799
BraTS-GLI-02217-100,sustraccion,prediction_component,94,3,797,1.0,0.46977105736732483,top5_volume_union_top5_enh,171,,1.0,0.33390307426452637,10,0.35944053530693054,0.0,1,51646,0.23416760005056858
BraTS-GLI-02217-100,sustraccion,prediction_component,55,4,739,1.0,0.2738378942012787,top5_volume_union_top5_enh,171,,1.0,0.4570591449737549,12,0.25747978687286377,0.0,1,38657,0.17901729978621006
BraTS-GLI-02217-100,sustraccion,prediction_component,87,5,300,1.0,0.39358222484588623,top5_volume_union_top5_enh,171,,1.0,0.21140116453170776,7,0.0,0.0,1,18304,0.08094470016658306
BraTS-GLI-02217-100,sustraccion,prediction_component,169,133,12,1.0,0.661243200302124,top5_volume_union_top5_enh,171,,1.0,0.0,1,0.0,0.0,1,448,0.001949099823832512
BraTS-GLI-02217-100,sustraccion,prediction_component,161,20,89,1.0,0.47752809524536133,top5_volume_union_top5_enh,171,,1.0,0.2830507755279541,4,0.0,0.0,1,4116,0.017402099911123514
BraTS-GLI-02217-100,sustraccion,prediction_component,168,85,21,1.0,0.6294037103652954,top5_volume_union_top5_enh,171,,1.0,0.0,1,0.0,0.0,1,720,0.0029079997912049294
BraTS-GLI-02217-100,sustraccion,prediction_component,157,6,233,1.0,0.4595092535018921,top5_volume_union_top5_enh,171,,1.0,0.06816989183425903,1,0.0,0.0,1,13824,0.05946739995852113
BraTS-GLI-02217-100,sustraccion,prediction_component,91,16,112,1.0,0.4862830936908722,top5_volume_union_top5_enh,171,,1.0,0.20652717351913452,3,0.0,0.0,1,4212,0.017504400108009577
BraTS-GLI-02217-100,gmm_2d,prediction_component,9,1,57479,1.0,0.3038453459739685,top5_volume_union_top5_enh,119,,1.0,1.0,255,0.633294403553009,0.16370349377393723,2,297375,1.598296399693936
BraTS-GLI-02217-100,gmm_2d,prediction_component,87,2,1013,1.0,0.306700736284256,top5_volume_union_top5_enh,119,,1.0,0.45307496190071106,9,0.27586501836776733,0.004055293742567301,1,59643,0.2826542002148926
BraTS-GLI-02217-100,gmm_2d,prediction_component,85,3,919,1.0,0.35094064474105835,top5_volume_union_top5_enh,119,,1.0,0.5803800523281097,6,0.1569744348526001,0.0,1,37665,0.16920959996059537
BraTS-GLI-02217-100,gmm_2d,prediction_component,23,4,907,1.0,0.3763428032398224,top5_volume_union_top5_enh,119,,1.0,0.3778454661369324,8,0.11004054546356201,0.0,1,15870,0.06722939992323518
BraTS-GLI-02217-100,gmm_2d,prediction_component,100,5,903,0.9008966088294983,0.1810489296913147,top5_volume_union_top5_enh,119,,0.9008966088294983,0.6425415277481079,12,0.32385462522506714,0.0,1,12936,0.0537605001591146
BraTS-GLI-02217-100,gmm_2d,prediction_component,119,68,25,1.0,0.43032723665237427,top5_volume_union_top5_enh,119,,1.0,0.0,1,0.0,0.0,1,729,0.002907400019466877
BraTS-GLI-02217-100,gmm_2d,prediction_component,117,55,46,1.0,0.37021374702453613,top5_volume_union_top5_enh,119,,1.0,0.2611016631126404,2,0.0,0.0,1,1100,0.004557100124657154
BraTS-GLI-02217-100,gmm_2d,prediction_component,113,6,585,1.0,0.3631936311721802,top5_volume_union_top5_enh,119,,1.0,0.7638709545135498,4,0.2204286754131317,0.0,1,21112,0.09154519997537136
BraTS-GLI-02217-100,gmm_2d,prediction_component,114,8,526,1.0,0.3261280059814453,top5_volume_union_top5_enh,119,,1.0,0.6562412679195404,4,0.0,0.0,1,18216,0.07834879960864782
BraTS-GLI-02217-100,gmm_2d,prediction_component,112,10,340,1.0,0.3284425735473633,top5_volume_union_top5_enh,119,,1.0,0.10774180293083191,2,0.0,0.0,1,13248,0.05689350003376603
BraTS-GLI-02217-100,variational_spline,prediction_component,1,1,6441,1.0,0.6902260780334473,top5_volume_union_top5_enh,1,,1.0,0.32220882177352905,19,0.6926717758178711,0.0662846565246582,2,93840,0.45863990020006895
BraTS-GLI-02220-102,otsu_T1c,absent_fp_component,1,1,454265,1.0,0.021259110420942307,top5_volume_union_top5_enh,1,,1.0,1.0,87,0.582537055015564,0.0,3,96432,0.49025070015341043
BraTS-GLI-02220-102,gmm_T1c,absent_fp_component,1,1,1046839,0.8085148930549622,0.006713567301630974,top5_volume_union_top5_enh,1,,0.7753145694732666,0.7373679876327515,517,0.21018314361572266,0.0,3,120060,0.6068934998475015
BraTS-GLI-02220-102,sustraccion,absent_fp_component,1,1,39144,1.0,0.413504958152771,top5_volume_union_top5_enh,189,,1.0,1.0,153,0.531021773815155,0.0031911730766296387,3,100491,0.4935637000016868
BraTS-GLI-02220-102,sustraccion,absent_fp_component,77,2,1195,1.0,0.5620589852333069,top5_volume_union_top5_enh,189,,1.0,0.7874862253665924,15,0.42782294750213623,0.0,1,35712,0.16318050026893616
BraTS-GLI-02220-102,sustraccion,absent_fp_component,44,3,1188,0.9034819006919861,0.32623517513275146,top5_volume_union_top5_enh,189,,0.9034819006919861,0.49919700622558594,20,0.4491484463214874,0.09230172634124756,1,39200,0.18002260010689497
BraTS-GLI-02220-102,sustraccion,absent_fp_component,64,4,944,0.924247682094574,0.33886370062828064,top5_volume_union_top5_enh,189,,0.924247682094574,0.35761964321136475,11,0.41113221645355225,0.1961822360754013,1,46368,0.21201719995588064
BraTS-GLI-02220-102,sustraccion,absent_fp_component,121,5,622,1.0,0.4553880989551544,top5_volume_union_top5_enh,189,,1.0,0.5596517622470856,9,0.3655948042869568,0.0,1,38332,0.1781365000642836
BraTS-GLI-02220-102,sustraccion,absent_fp_component,189,159,12,1.0,0.7241048812866211,top5_volume_union_top5_enh,189,,1.0,0.0,1,0.0,0.0,1,448,0.002156099770218134
BraTS-GLI-02220-102,sustraccion,absent_fp_component,185,35,73,1.0,0.6863090991973877,top5_volume_union_top5_enh,189,,1.0,0.0,1,0.0,0.0,1,2431,0.009515800047665834
BraTS-GLI-02220-102,sustraccion,absent_fp_component,186,108,19,1.0,0.6798458099365234,top5_volume_union_top5_enh,189,,1.0,0.0,1,0.0,0.0,1,648,0.0024073999375104904
BraTS-GLI-02220-102,sustraccion,absent_fp_component,182,159,12,1.0,0.5880764126777649,top5_volume_union_top5_enh,189,,1.0,0.0,1,0.0,0.0,1,448,0.001769800204783678
BraTS-GLI-02220-102,sustraccion,absent_fp_component,184,136,14,1.0,0.7594048380851746,top5_volume_union_top5_enh,189,,1.0,0.0,1,0.0,0.0,1,504,0.0022827000357210636
BraTS-GLI-02220-102,gmm_2d,absent_fp_component,1,1,56843,1.0,0.2899710237979889,top5_volume_union_top5_enh,159,,1.0,1.0,133,0.531021773815155,0.0031911730766296387,3,102942,0.5050858999602497
BraTS-GLI-02220-102,gmm_2d,absent_fp_component,70,2,1913,1.0,0.3770494759082794,top5_volume_union_top5_enh,159,,1.0,0.9140795469284058,17,0.7792935371398926,0.24104921519756317,1,37800,0.16953500034287572
BraTS-GLI-02220-102,gmm_2d,absent_fp_component,6,3,1032,1.0,0.29808664321899414,top5_volume_union_top5_enh,159,,1.0,0.5987787246704102,8,0.07712763547897339,0.0,1,60800,0.2873809998854995
BraTS-GLI-02220-102,gmm_2d,absent_fp_component,119,4,798,1.0,0.3023335337638855,top5_volume_union_top5_enh,159,,1.0,0.32205110788345337,5,0.7015510201454163,0.0,1,42780,0.19525139965116978
BraTS-GLI-02220-102,gmm_2d,absent_fp_component,102,5,644,1.0,0.27910614013671875,top5_volume_union_top5_enh,159,,1.0,0.5249245762825012,7,0.14569613337516785,0.0,1,15004,0.06264600018039346
BraTS-GLI-02220-102,gmm_2d,absent_fp_component,159,98,25,1.0,0.390226811170578,top5_volume_union_top5_enh,159,,1.0,0.0,1,0.0,0.0,1,729,0.002874900121241808
BraTS-GLI-02220-102,gmm_2d,absent_fp_component,154,55,71,1.0,0.391781210899353,top5_volume_union_top5_enh,159,,1.0,0.0,1,0.0,0.0,1,1680,0.006769099738448858
BraTS-GLI-02220-102,gmm_2d,absent_fp_component,155,38,112,1.0,0.4211905300617218,top5_volume_union_top5_enh,159,,1.0,0.0,1,0.0,0.0,1,2184,0.00873410003259778
BraTS-GLI-02220-102,gmm_2d,absent_fp_component,153,35,120,1.0,0.4378538131713867,top5_volume_union_top5_enh,159,,1.0,0.04631990194320679,1,0.0,0.0,1,2912,0.01183489989489317
BraTS-GLI-02220-102,gmm_2d,absent_fp_component,147,15,288,1.0,0.35780468583106995,top5_volume_union_top5_enh,159,,1.0,0.14081501960754395,3,0.10073065757751465,0.0,1,7500,0.03006620006635785
BraTS-GLI-02220-102,variational_spline,absent_fp_component,1,1,151459,1.0,0.23685726523399353,top5_volume_union_top5_enh,1,,1.0,1.0,524,0.7248112559318542,0.03159381449222565,3,109620,0.5459555997513235
BraTS-GLI-02221-100,GT_ET,true_et_cohort,1,2,384,0.7412510514259338,0.13516093790531158,all_components,2,,0.7412510514259338,0.2687545418739319,2,0.019691050052642822,0.0,1,3120,0.013087499886751175
BraTS-GLI-02221-100,GT_ET,true_et_cohort,2,1,6067,0.6489982008934021,0.04393135756254196,all_components,2,,0.6489982008934021,0.5984749384224415,22,0.1512162685394287,0.04282498359680176,1,33495,0.15784280002117157
BraTS-GLI-02221-100,otsu_T1c,prediction_component,1,1,14781,1.0,0.687163770198822,top5_volume_union_top5_enh,1,,1.0,1.0,38,0.7697579860687256,0.0,2,278850,1.495220699813217
BraTS-GLI-02221-100,gmm_T1c,prediction_component,1,1,16525,1.0,0.6611868739128113,top5_volume_union_top5_enh,1,,1.0,0.4488779902458191,46,0.8333922624588013,0.0,2,278850,1.507562099955976
BraTS-GLI-02221-100,sustraccion,prediction_component,15,1,58035,1.0,0.4276551306247711,top5_volume_union_top5_enh,168,,1.0,1.0,212,0.753196656703949,0.03478321433067322,3,124785,0.632193099707365
BraTS-GLI-02221-100,sustraccion,prediction_component,115,2,3222,0.6489982008934021,0.07956874370574951,top5_volume_union_top5_enh,168,,0.6489982008934021,0.5984749384224415,22,0.1512162685394287,0.04282498359680176,1,28000,0.12694890005514026
BraTS-GLI-02221-100,sustraccion,prediction_component,24,3,1247,1.0,0.3380778431892395,top5_volume_union_top5_enh,168,,1.0,0.5854142308235168,23,0.19635993242263794,0.00020247697830200195,1,87296,0.4375628000125289
BraTS-GLI-02221-100,sustraccion,prediction_component,63,4,656,0.8791629672050476,0.31450867652893066,top5_volume_union_top5_enh,168,,0.8791629672050476,0.6941488087177277,10,0.27821290493011475,0.0,1,30464,0.1394752999767661
BraTS-GLI-02221-100,sustraccion,prediction_component,12,5,451,1.0,0.30004915595054626,top5_volume_union_top5_enh,168,,1.0,0.44318169355392456,11,0.07881376892328262,0.0,1,12000,0.05167010007426143
BraTS-GLI-02221-100,sustraccion,prediction_component,165,128,14,1.0,0.5835432410240173,top5_volume_union_top5_enh,168,,1.0,0.0,1,0.0,0.0,1,576,0.0023407000117003918
BraTS-GLI-02221-100,sustraccion,prediction_component,161,25,87,1.0,0.6532500982284546,top5_volume_union_top5_enh,168,,1.0,0.0,1,0.0,0.0,1,2496,0.010391300078481436
BraTS-GLI-02221-100,sustraccion,prediction_component,145,7,268,1.0,0.5328465700149536,top5_volume_union_top5_enh,168,,1.0,0.3137952387332916,6,0.48314931988716125,0.0,1,21964,0.09886270016431808
BraTS-GLI-02221-100,sustraccion,prediction_component,148,99,21,1.0,0.7483365535736084,top5_volume_union_top5_enh,168,,1.0,0.0,1,0.0,0.0,1,576,0.0022999998182058334
BraTS-GLI-02221-100,sustraccion,prediction_component,150,6,387,1.0,0.5250644683837891,top5_volume_union_top5_enh,168,,1.0,0.17722249031066895,4,0.057113587856292725,0.052141182124614716,1,10010,0.04248390020802617
BraTS-GLI-02221-100,gmm_2d,prediction_component,12,1,59780,1.0,0.3558448553085327,top5_volume_union_top5_enh,121,,1.0,1.0,143,0.6993263363838196,0.03478321433067322,3,119944,0.6038224003277719
BraTS-GLI-02221-100,gmm_2d,prediction_component,87,2,5807,0.6489982008934021,0.04342789202928543,top5_volume_union_top5_enh,121,,0.6489982008934021,0.6319490075111389,22,0.1512162685394287,0.04282498359680176,1,36482,0.16557889990508556
BraTS-GLI-02221-100,gmm_2d,prediction_component,26,3,999,0.06614632904529572,0.0001935745240189135,top5_volume_union_top5_enh,121,,0.06614632904529572,0.05024055764079094,0,0.0,0.0,1,8928,0.03712760005146265
BraTS-GLI-02221-100,gmm_2d,prediction_component,2,4,775,0.8261114358901978,0.009041390381753445,top5_volume_union_top5_enh,121,,0.8261114358901978,0.09220710396766663,1,0.0,0.0,1,7140,0.029081699904054403
BraTS-GLI-02221-100,gmm_2d,prediction_component,108,5,511,1.0,0.39807239174842834,top5_volume_union_top5_enh,121,,1.0,0.2228512167930603,4,0.0,0.0,1,10780,0.04428210016340017
BraTS-GLI-02221-100,gmm_2d,prediction_component,120,23,145,1.0,0.3438524603843689,top5_volume_union_top5_enh,121,,1.0,0.05366551876068115,1,0.0,0.0,1,3276,0.01321809971705079
BraTS-GLI-02221-100,gmm_2d,prediction_component,114,42,77,1.0,0.2945021688938141,top5_volume_union_top5_enh,121,,1.0,0.0895422101020813,1,0.0,0.0,1,1430,0.005782899912446737
BraTS-GLI-02221-100,gmm_2d,prediction_component,116,52,63,1.0,0.4876214265823364,top5_volume_union_top5_enh,121,,1.0,0.0,1,0.0,0.0,1,1331,0.005361299961805344
BraTS-GLI-02221-100,gmm_2d,prediction_component,98,80,25,1.0,0.47784218192100525,top5_volume_union_top5_enh,121,,1.0,0.0,1,0.0,0.0,1,729,0.0027728998102247715
BraTS-GLI-02221-100,gmm_2d,prediction_component,99,27,124,1.0,0.408002108335495,top5_volume_union_top5_enh,121,,1.0,0.16266632080078125,2,0.0,0.0,1,2145,0.008243000134825706
BraTS-GLI-02221-100,variational_spline,prediction_component,1,1,16533,1.0,0.6609957218170166,top5_volume_union_top5_enh,1,,1.0,0.4488779902458191,46,0.7228946089744568,0.0,2,278850,1.4735352001152933
BraTS-GLI-02227-100,otsu_T1c,prediction_component,1,1,7462,1.0,0.6419685482978821,top5_volume_union_top5_enh,1,,1.0,0.5572482049465179,24,0.786400556564331,0.0,2,108650,0.5678178002126515
BraTS-GLI-02227-100,gmm_T1c,prediction_component,1,1,7234,1.0,0.6459940075874329,top5_volume_union_top5_enh,1,,1.0,1.0,23,0.35883384943008423,0.0,2,108650,0.5711038000881672
BraTS-GLI-02227-100,sustraccion,absent_fp_component,2,1,54971,1.0,0.3032466769218445,top5_volume_union_top5_enh,208,,1.0,1.0,156,0.7309090495109558,0.0,3,92988,0.5464878003112972
BraTS-GLI-02227-100,sustraccion,absent_fp_component,34,2,983,1.0,0.3956232964992523,top5_volume_union_top5_enh,208,,1.0,0.5316098928451538,9,0.30788591504096985,0.0,1,15457,0.07699459977447987
BraTS-GLI-02227-100,sustraccion,absent_fp_component,140,3,611,1.0,0.43104851245880127,top5_volume_union_top5_enh,208,,1.0,0.32013726234436035,9,0.011457681655883789,0.0,1,39780,0.19106550002470613
BraTS-GLI-02227-100,sustraccion,absent_fp_component,32,4,530,1.0,0.45043620467185974,top5_volume_union_top5_enh,208,,1.0,0.6737423837184906,10,0.2764626443386078,0.0,1,45375,0.2386765000410378
BraTS-GLI-02227-100,sustraccion,absent_fp_component,163,5,479,1.0,0.43300431966781616,top5_volume_union_top5_enh,208,,1.0,0.3139820247888565,5,0.15391051769256592,0.0,1,23184,0.10027409996837378
BraTS-GLI-02227-100,sustraccion,absent_fp_component,208,155,14,1.0,0.6554126739501953,top5_volume_union_top5_enh,208,,1.0,0.0,1,0.0,0.0,1,576,0.002367599867284298
BraTS-GLI-02227-100,sustraccion,absent_fp_component,207,68,40,1.0,0.5979635119438171,top5_volume_union_top5_enh,208,,1.0,0.0,1,0.0,0.0,1,968,0.003972100093960762
BraTS-GLI-02227-100,sustraccion,absent_fp_component,202,171,12,1.0,0.6304791569709778,top5_volume_union_top5_enh,208,,1.0,0.0,1,0.0,0.0,1,392,0.0014788000844419003
BraTS-GLI-02227-100,sustraccion,absent_fp_component,203,38,63,1.0,0.4359654188156128,top5_volume_union_top5_enh,208,,1.0,0.03001326322555542,1,0.0,0.0,1,1456,0.0059623997658491135
BraTS-GLI-02227-100,sustraccion,absent_fp_component,198,171,12,1.0,0.524115800857544,top5_volume_union_top5_enh,208,,1.0,0.0,1,0.0,0.0,1,392,0.0014988998882472515
BraTS-GLI-02227-100,gmm_2d,absent_fp_component,4,1,72438,1.0,0.22672967612743378,top5_volume_union_top5_enh,133,,1.0,0.9990755915641785,161,0.6757899522781372,0.0,3,94710,0.46296439971774817
BraTS-GLI-02227-100,gmm_2d,absent_fp_component,99,2,766,1.0,0.33685436844825745,top5_volume_union_top5_enh,133,,1.0,0.46902960538864136,4,0.04060954600572586,0.0,1,41125,0.1882659001275897
BraTS-GLI-02227-100,gmm_2d,absent_fp_component,28,3,765,1.0,0.38382843136787415,top5_volume_union_top5_enh,133,,1.0,0.12702393531799316,2,0.1554541289806366,0.0,1,9324,0.038300300016999245
BraTS-GLI-02227-100,gmm_2d,absent_fp_component,100,4,727,1.0,0.333818256855011,top5_volume_union_top5_enh,133,,1.0,0.3239055275917053,5,0.12888245284557343,0.0,1,36855,0.16854819981381297
BraTS-GLI-02227-100,gmm_2d,absent_fp_component,3,5,657,0.8320834636688232,0.15028445422649384,top5_volume_union_top5_enh,133,,0.8320834636688232,0.3756786584854126,3,0.12761320173740387,0.005656678229570389,1,14094,0.060912400018423796
BraTS-GLI-02227-100,gmm_2d,absent_fp_component,133,79,25,1.0,0.4485473334789276,top5_volume_union_top5_enh,133,,1.0,0.0,1,0.0,0.0,1,729,0.00290969992056489
BraTS-GLI-02227-100,gmm_2d,absent_fp_component,131,79,25,1.0,0.5380167961120605,top5_volume_union_top5_enh,133,,1.0,0.0,1,0.0,0.0,1,729,0.0028560999780893326
BraTS-GLI-02227-100,gmm_2d,absent_fp_component,130,79,25,1.0,0.5135446786880493,top5_volume_union_top5_enh,133,,1.0,0.0,1,0.0,0.0,1,729,0.0032886997796595097
BraTS-GLI-02227-100,gmm_2d,absent_fp_component,129,50,72,1.0,0.4023391306400299,top5_volume_union_top5_enh,133,,1.0,0.0,1,0.0,0.0,1,1440,0.00608769990503788
BraTS-GLI-02227-100,gmm_2d,absent_fp_component,127,79,25,1.0,0.35629257559776306,top5_volume_union_top5_enh,133,,1.0,0.0,1,0.0,0.0,1,729,0.0028432002291083336
BraTS-GLI-02227-100,variational_spline,prediction_component,1,1,7234,1.0,0.6459940075874329,top5_volume_union_top5_enh,1,,1.0,1.0,23,0.35883384943008423,0.0,2,108650,0.5517552001401782
BraTS-GLI-02229-100,otsu_T1c,absent_fp_component,1,1,13528,1.0,0.6826600432395935,top5_volume_union_top5_enh,1,,1.0,0.9980716705322266,31,0.1525161862373352,0.23105093836784363,2,229710,1.209421900101006
BraTS-GLI-02229-100,gmm_T1c,absent_fp_component,1,1,14117,1.0,0.6718630790710449,top5_volume_union_top5_enh,1,,1.0,1.0,31,0.47914472222328186,0.23105093836784363,2,229710,1.2110589002259076
BraTS-GLI-02229-100,sustraccion,absent_fp_component,3,1,70292,1.0,0.43754303455352783,top5_volume_union_top5_enh,118,,1.0,1.0,214,0.7141408920288086,0.08307749032974243,3,117218,0.5902293003164232
BraTS-GLI-02229-100,sustraccion,absent_fp_component,25,2,705,0.8994144797325134,0.3964025676250458,top5_volume_union_top5_enh,118,,0.8994144797325134,0.36810824275016785,7,0.2534545361995697,0.0,1,20358,0.08856219984591007
BraTS-GLI-02229-100,sustraccion,absent_fp_component,1,3,330,1.0,0.40155652165412903,top5_volume_union_top5_enh,118,,1.0,0.4314201772212982,6,0.1827196478843689,0.03672340512275696,1,6264,0.025321200024336576
BraTS-GLI-02229-100,sustraccion,absent_fp_component,5,4,256,0.5830485820770264,0.2387879192829132,top5_volume_union_top5_enh,118,,0.5830485820770264,0.3840210735797882,2,0.04994723200798035,0.0,1,4590,0.018618700094521046
BraTS-GLI-02229-100,sustraccion,absent_fp_component,76,5,247,1.0,0.5762758255004883,top5_volume_union_top5_enh,118,,1.0,0.18494057655334473,3,0.0,0.0,1,13754,0.058251900132745504
BraTS-GLI-02229-100,sustraccion,absent_fp_component,118,12,129,1.0,0.6277815699577332,top5_volume_union_top5_enh,118,,1.0,0.18304693698883057,2,0.03872495889663696,0.0,1,1728,0.007881400175392628
BraTS-GLI-02229-100,sustraccion,absent_fp_component,117,62,26,1.0,0.7182998061180115,top5_volume_union_top5_enh,118,,1.0,0.09826183319091797,1,0.0,0.0,1,891,0.0033748000860214233
BraTS-GLI-02229-100,sustraccion,absent_fp_component,116,76,19,1.0,0.6676923036575317,top5_volume_union_top5_enh,118,,1.0,0.0,1,0.0,0.0,1,576,0.002122200094163418
BraTS-GLI-02229-100,sustraccion,absent_fp_component,115,28,66,1.0,0.6940469741821289,top5_volume_union_top5_enh,118,,1.0,0.05690664052963257,1,0.0,0.0,1,1650,0.006354800425469875
BraTS-GLI-02229-100,sustraccion,absent_fp_component,114,95,14,1.0,0.632411777973175,top5_volume_union_top5_enh,118,,1.0,0.0,1,0.0,0.0,1,512,0.00235249986872077
BraTS-GLI-02229-100,gmm_2d,absent_fp_component,6,1,136678,1.0,0.2716778516769409,top5_volume_union_top5_enh,125,,1.0,1.0,281,0.5437341928482056,0.1328382045030594,3,127440,0.6453521996736526
BraTS-GLI-02229-100,gmm_2d,absent_fp_component,4,2,893,1.0,0.22105558216571808,top5_volume_union_top5_enh,125,,1.0,0.34897881746292114,8,0.1827196478843689,0.03672340512275696,1,20925,0.09283730015158653
BraTS-GLI-02229-100,gmm_2d,absent_fp_component,36,3,689,0.9773098826408386,0.2603619694709778,top5_volume_union_top5_enh,125,,0.9773098826408386,0.28609469532966614,10,0.20134738087654114,0.1066972091794014,1,36120,0.16729260003194213
BraTS-GLI-02229-100,gmm_2d,absent_fp_component,53,4,584,1.0,0.2985033094882965,top5_volume_union_top5_enh,125,,1.0,0.3776203393936157,7,0.2816823422908783,0.0,1,20010,0.08653969969600439
BraTS-GLI-02229-100,gmm_2d,absent_fp_component,40,5,563,0.985785186290741,0.17008565366268158,top5_volume_union_top5_enh,125,,0.985785186290741,0.24842235445976257,3,0.003490760922431946,0.0,1,9900,0.04247509967535734
BraTS-GLI-02229-100,gmm_2d,absent_fp_component,124,80,25,1.0,0.5216150283813477,top5_volume_union_top5_enh,125,,1.0,0.057143330574035645,1,0.0,0.0,1,729,0.003262799698859453
BraTS-GLI-02229-100,gmm_2d,absent_fp_component,122,63,46,1.0,0.46587616205215454,top5_volume_union_top5_enh,125,,1.0,0.008074045181274414,1,0.08261281251907349,0.0,1,1100,0.0045206001959741116
BraTS-GLI-02229-100,gmm_2d,absent_fp_component,123,80,25,1.0,0.5238898992538452,top5_volume_union_top5_enh,125,,1.0,0.0,1,0.0,0.0,1,729,0.0031876000575721264
BraTS-GLI-02229-100,gmm_2d,absent_fp_component,119,80,25,1.0,0.4715496003627777,top5_volume_union_top5_enh,125,,1.0,0.0,1,0.0,0.0,1,729,0.0027967998757958412
BraTS-GLI-02229-100,gmm_2d,absent_fp_component,120,19,158,1.0,0.417462557554245,top5_volume_union_top5_enh,125,,1.0,0.05690664052963257,1,0.0,0.0,1,2652,0.011316699907183647
BraTS-GLI-02229-100,variational_spline,absent_fp_component,1,1,14118,1.0,0.6718423962593079,top5_volume_union_top5_enh,1,,1.0,1.0,31,0.47914472222328186,0.23105093836784363,2,229710,1.2154073999263346
BraTS-GLI-02230-100,otsu_T1c,prediction_component,1,1,7981,1.0,0.6690323352813721,top5_volume_union_top5_enh,1,,1.0,0.993013322353363,36,0.6549096703529358,0.1644527018070221,2,127840,0.6606223997659981
BraTS-GLI-02230-100,gmm_T1c,absent_fp_component,1,1,1152995,0.8290719389915466,0.0022622132673859596,top5_volume_union_top5_enh,1,,0.7281765341758728,0.5776232481002808,236,0.12164364755153656,0.0,3,134456,0.6939821997657418
BraTS-GLI-02230-100,sustraccion,absent_fp_component,1,1,61533,1.0,0.31529220938682556,top5_volume_union_top5_enh,217,,1.0,1.0,218,0.6549096703529358,0.0,3,116424,0.5910911997780204
BraTS-GLI-02230-100,sustraccion,absent_fp_component,44,2,1510,1.0,0.48750466108322144,top5_volume_union_top5_enh,217,,1.0,0.9811201095581055,18,0.0,0.0,2,44075,0.2021687999367714
BraTS-GLI-02230-100,sustraccion,absent_fp_component,171,3,549,1.0,0.45758357644081116,top5_volume_union_top5_enh,217,,1.0,0.1980106234550476,5,0.016407489776611328,0.0,1,53998,0.2572560999542475
BraTS-GLI-02230-100,sustraccion,absent_fp_component,164,4,367,1.0,0.40360715985298157,top5_volume_union_top5_enh,217,,1.0,0.35826483368873596,5,0.0,0.0,1,21120,0.0917158997617662
BraTS-GLI-02230-100,sustraccion,absent_fp_component,43,5,330,1.0,0.43637990951538086,top5_volume_union_top5_enh,217,,1.0,0.2368958592414856,5,0.0,0.0,1,17940,0.07935740007087588
BraTS-GLI-02230-100,sustraccion,absent_fp_component,217,175,12,1.0,0.6073303818702698,top5_volume_union_top5_enh,217,,1.0,0.0,1,0.0,0.0,1,448,0.0022567003034055233
BraTS-GLI-02230-100,sustraccion,absent_fp_component,216,126,19,1.0,0.6858231425285339,top5_volume_union_top5_enh,217,,1.0,0.0033822059631347656,1,0.0,0.0,1,576,0.0024236999452114105
BraTS-GLI-02230-100,sustraccion,absent_fp_component,215,145,16,1.0,0.477694571018219,top5_volume_union_top5_enh,217,,1.0,0.0,1,0.0,0.0,1,448,0.0017541996203362942
BraTS-GLI-02230-100,sustraccion,absent_fp_component,214,53,41,1.0,0.6368040442466736,top5_volume_union_top5_enh,217,,1.0,0.1970321536064148,2,0.0,0.0,1,1170,0.004713600035756826
BraTS-GLI-02230-100,sustraccion,absent_fp_component,213,60,37,1.0,0.4637872278690338,top5_volume_union_top5_enh,217,,1.0,0.0,1,0.0,0.0,1,729,0.0028213998302817345
BraTS-GLI-02230-100,gmm_2d,absent_fp_component,2,1,79379,1.0,0.23445524275302887,top5_volume_union_top5_enh,130,,1.0,1.0,195,0.6122135519981384,0.2681128978729248,3,107800,0.5345005001872778
BraTS-GLI-02230-100,gmm_2d,absent_fp_component,54,2,2172,1.0,0.3454318344593048,top5_volume_union_top5_enh,130,,1.0,0.9867070466279984,19,0.14729267358779907,0.1306067556142807,1,282864,1.4976403000764549
BraTS-GLI-02230-100,gmm_2d,absent_fp_component,30,3,1178,1.0,0.30219075083732605,top5_volume_union_top5_enh,130,,1.0,0.6105018854141235,9,0.22717510163784027,0.0,1,18760,0.08175839995965362
BraTS-GLI-02230-100,gmm_2d,absent_fp_component,1,4,1013,1.0,0.11100059747695923,top5_volume_union_top5_enh,130,,1.0,0.7206513285636902,11,0.1652381867170334,0.08766166865825653,1,25984,0.11512929992750287
BraTS-GLI-02230-100,gmm_2d,absent_fp_component,11,5,641,0.8937792181968689,0.17741361260414124,top5_volume_union_top5_enh,130,,0.8937792181968689,0.7856144309043884,7,0.19566407706588507,0.050626397132873535,1,13020,0.05556890042498708
BraTS-GLI-02230-100,gmm_2d,absent_fp_component,130,25,93,1.0,0.41216281056404114,top5_volume_union_top5_enh,130,,1.0,0.11015444993972778,3,0.0,0.0,1,1815,0.00797280017286539
BraTS-GLI-02230-100,gmm_2d,absent_fp_component,129,69,38,1.0,0.4184635877609253,top5_volume_union_top5_enh,130,,1.0,0.0,1,0.0,0.0,1,810,0.00335350027307868
BraTS-GLI-02230-100,gmm_2d,absent_fp_component,128,43,59,1.0,0.30495181679725647,top5_volume_union_top5_enh,130,,1.0,0.034039974212646484,1,0.0,0.0,1,1188,0.0045425002463161945
BraTS-GLI-02230-100,gmm_2d,absent_fp_component,127,18,162,1.0,0.40117329359054565,top5_volume_union_top5_enh,130,,1.0,0.0,1,0.0,0.0,1,2880,0.011834399774670601
BraTS-GLI-02230-100,gmm_2d,absent_fp_component,125,82,25,1.0,0.45570090413093567,top5_volume_union_top5_enh,130,,1.0,0.0,1,0.0,0.0,1,729,0.0027348999865353107
BraTS-GLI-02230-100,variational_spline,absent_fp_component,1,1,184551,1.0,0.15579479932785034,top5_volume_union_top5_enh,1,,1.0,1.0,476,0.625669002532959,0.0,3,123480,0.6517990999855101
BraTS-GLI-02238-102,GT_ET,true_et_cohort,1,1,26,0.3940049409866333,0.1368086338043213,all_components,1,,0.3940049409866333,0.0,1,0.0,0.0,1,392,0.0020400001667439938
BraTS-GLI-02238-102,otsu_T1c,prediction_component,1,1,10849,1.0,0.6086367964744568,top5_volume_union_top5_enh,1,,1.0,0.947820782661438,51,0.7188626527786255,0.08002829551696777,2,224640,1.189419999718666
BraTS-GLI-02238-102,gmm_T1c,prediction_component,1,1,10634,1.0,0.6137970685958862,top5_volume_union_top5_enh,1,,1.0,0.947820782661438,49,0.7188626527786255,0.0,2,224640,1.158047600183636
BraTS-GLI-02238-102,sustraccion,prediction_component,4,1,69364,1.0,0.3536876142024994,top5_volume_union_top5_enh,179,,1.0,1.0,216,0.7850321531295776,0.1271699219942093,3,113160,0.567119900137186
BraTS-GLI-02238-102,sustraccion,prediction_component,67,2,698,0.9920194149017334,0.3928503692150116,top5_volume_union_top5_enh,179,,0.9920194149017334,0.4307062029838562,10,0.40506604313850403,0.0,1,28512,0.13318210002034903
BraTS-GLI-02238-102,sustraccion,prediction_component,55,3,593,1.0,0.4177684485912323,top5_volume_union_top5_enh,179,,1.0,0.42688658833503723,6,0.0,0.033168522641062737,1,25584,0.11344509990885854
BraTS-GLI-02238-102,sustraccion,prediction_component,95,4,446,1.0,0.4356437623500824,top5_volume_union_top5_enh,179,,1.0,0.8467601090669632,16,0.5381699800491333,0.0,1,37884,0.17495359992608428
BraTS-GLI-02238-102,sustraccion,prediction_component,136,5,426,0.9705988168716431,0.3574880063533783,top5_volume_union_top5_enh,179,,0.9705988168716431,0.4162452667951584,8,0.2821207642555237,0.08772511035203934,1,30030,0.13231310015544295
BraTS-GLI-02238-102,sustraccion,prediction_component,171,80,34,1.0,0.508732259273529,top5_volume_union_top5_enh,179,,1.0,0.025963246822357178,1,0.2552722990512848,0.0,1,1320,0.005226399749517441
BraTS-GLI-02238-102,sustraccion,prediction_component,169,16,177,1.0,0.5676040053367615,top5_volume_union_top5_enh,179,,1.0,0.1802119016647339,4,0.29839086532592773,0.0,1,12600,0.05199560010805726
BraTS-GLI-02238-102,sustraccion,prediction_component,170,58,51,1.0,0.4423292577266693,top5_volume_union_top5_enh,179,,1.0,0.34050923585891724,4,0.11868042312562466,0.0,1,1287,0.005088400095701218
BraTS-GLI-02238-102,sustraccion,prediction_component,163,32,87,1.0,0.410599023103714,top5_volume_union_top5_enh,179,,1.0,0.20548176765441895,2,0.0,0.0,1,1680,0.007113699801266193
BraTS-GLI-02238-102,sustraccion,prediction_component,165,147,12,1.0,0.6006920337677002,top5_volume_union_top5_enh,179,,1.0,0.0,1,0.0,0.0,1,392,0.0017423001118004322
BraTS-GLI-02238-102,gmm_2d,prediction_component,1,1,150714,1.0,0.18915851414203644,top5_volume_union_top5_enh,163,,1.0,1.0,266,0.551914632320404,0.11931538581848145,3,126900,0.6383858001790941
BraTS-GLI-02238-102,gmm_2d,prediction_component,60,2,1747,0.9920194149017334,0.21186354756355286,top5_volume_union_top5_enh,163,,0.9920194149017334,0.7456724513322115,15,0.21515335142612457,0.051688916981220245,1,43524,0.1984124998562038
BraTS-GLI-02238-102,gmm_2d,prediction_component,14,3,1042,0.09635820239782333,0.000808097654953599,top5_volume_union_top5_enh,163,,0.09635820239782333,0.09175948798656464,0,0.0,0.0,1,6885,0.02889369986951351
BraTS-GLI-02238-102,gmm_2d,prediction_component,102,4,640,0.9406100511550903,0.24224519729614258,top5_volume_union_top5_enh,163,,0.9406100511550903,0.2983044981956482,8,0.5579450130462646,0.0,1,11362,0.046565599739551544
BraTS-GLI-02238-102,gmm_2d,prediction_component,59,5,488,1.0,0.27542614936828613,top5_volume_union_top5_enh,163,,1.0,0.5742832124233246,5,0.0,0.0,1,10098,0.042998400051146746
BraTS-GLI-02238-102,gmm_2d,prediction_component,163,78,51,1.0,0.35163071751594543,top5_volume_union_top5_enh,163,,1.0,0.0,1,0.0,0.0,1,891,0.003889199811965227
BraTS-GLI-02238-102,gmm_2d,prediction_component,153,80,50,1.0,0.29956158995628357,top5_volume_union_top5_enh,163,,1.0,0.0,1,0.0,0.0,1,1000,0.00396369956433773
BraTS-GLI-02238-102,gmm_2d,prediction_component,154,9,381,1.0,0.24484333395957947,top5_volume_union_top5_enh,163,,1.0,0.2554665207862854,2,0.050900012254714966,0.0,1,5720,0.023311599623411894
BraTS-GLI-02238-102,gmm_2d,prediction_component,134,12,355,1.0,0.27706852555274963,top5_volume_union_top5_enh,163,,1.0,0.23876851797103882,3,0.015735328197479248,0.0,1,7020,0.027979900129139423
BraTS-GLI-02238-102,gmm_2d,prediction_component,138,15,300,1.0,0.23558196425437927,top5_volume_union_top5_enh,163,,1.0,0.44939303398132324,4,0.052275463938713074,0.0,1,9600,0.03997959988191724
BraTS-GLI-02238-102,variational_spline,prediction_component,1,1,10636,1.0,0.613716721534729,top5_volume_union_top5_enh,1,,1.0,0.947820782661438,49,0.7188626527786255,0.0,2,224640,1.8943299003876746
BraTS-GLI-02243-101,otsu_T1c,prediction_component,1,1,9214,1.0,0.6352645754814148,top5_volume_union_top5_enh,1,,1.0,0.8812601566314697,41,0.7102553248405457,0.0,2,163863,0.8560367999598384
BraTS-GLI-02243-101,gmm_T1c,prediction_component,1,1,10263,1.0,0.6094946265220642,top5_volume_union_top5_enh,1,,1.0,0.9072363972663879,44,0.7006009221076965,0.0,2,169728,0.8885085000656545
BraTS-GLI-02243-101,sustraccion,prediction_component,1,1,71700,1.0,0.2707463502883911,top5_volume_union_top5_enh,214,,1.0,1.0,236,0.6597576141357422,0.0,3,123234,0.6173003003932536
BraTS-GLI-02243-101,sustraccion,prediction_component,132,2,1565,1.0,0.49416211247444153,top5_volume_union_top5_enh,214,,1.0,0.23986800014972687,12,0.3811047375202179,0.037689030170440674,1,159477,0.825378299690783
BraTS-GLI-02243-101,sustraccion,prediction_component,142,3,897,1.0,0.333514928817749,top5_volume_union_top5_enh,214,,1.0,0.8160446286201477,17,0.1442747861146927,0.0,1,80352,0.39238670002669096
BraTS-GLI-02243-101,sustraccion,prediction_component,129,4,757,1.0,0.27650630474090576,top5_volume_union_top5_enh,214,,1.0,0.4538121521472931,15,0.1370161436498165,0.0,1,55986,0.2709872000850737
BraTS-GLI-02243-101,sustraccion,prediction_component,35,5,753,1.0,0.3697327673435211,top5_volume_union_top5_enh,214,,1.0,0.3083421587944031,14,0.3140772581100464,0.0,1,13020,0.0551593997515738
BraTS-GLI-02243-101,sustraccion,prediction_component,209,40,50,1.0,0.562997043132782,top5_volume_union_top5_enh,214,,1.0,0.0,1,0.0,0.0,1,990,0.005193099845200777
BraTS-GLI-02243-101,sustraccion,prediction_component,203,34,59,1.0,0.47997698187828064,top5_volume_union_top5_enh,214,,1.0,0.10292041301727295,2,0.0,0.0,1,1573,0.006541500333696604
BraTS-GLI-02243-101,sustraccion,prediction_component,204,18,87,1.0,0.4270418882369995,top5_volume_union_top5_enh,214,,1.0,0.35952871665358543,3,0.04368272423744202,0.0,1,3328,0.016117500141263008
BraTS-GLI-02243-101,gmm_2d,prediction_component,3,1,103513,1.0,0.19087940454483032,top5_volume_union_top5_enh,159,,1.0,1.0,233,0.6644646525382996,0.0,3,118272,0.673734599724412
BraTS-GLI-02243-101,gmm_2d,prediction_component,103,2,2670,1.0,0.3122941553592682,top5_volume_union_top5_enh,159,,1.0,0.32449719309806824,9,0.23961587715893984,0.037689030170440674,1,174460,1.0282749999314547
BraTS-GLI-02243-101,gmm_2d,prediction_component,92,3,1877,1.0,0.20863045752048492,top5_volume_union_top5_enh,159,,1.0,0.5242392271757126,21,0.19868232309818268,0.0,1,122400,0.6268456997349858
BraTS-GLI-02243-101,gmm_2d,prediction_component,71,4,890,1.0,0.17655447125434875,top5_volume_union_top5_enh,159,,1.0,0.41556110978126526,8,0.0,0.0,1,16192,0.06995810009539127
BraTS-GLI-02243-101,gmm_2d,prediction_component,68,5,799,0.9253648519515991,0.09600751101970673,top5_volume_union_top5_enh,159,,0.9253648519515991,0.7221538126468658,14,0.11193947494029999,0.0,1,25839,0.11471239989623427
BraTS-GLI-02243-101,gmm_2d,prediction_component,158,31,106,1.0,0.39679038524627686,top5_volume_union_top5_enh,159,,1.0,0.15828943252563477,2,0.02391362190246582,0.0,1,2112,0.008655100129544735
BraTS-GLI-02243-101,gmm_2d,prediction_component,154,29,113,1.0,0.34471967816352844,top5_volume_union_top5_enh,159,,1.0,1.0,2,0.0,0.0,1,2112,0.008629200048744678
BraTS-GLI-02243-101,gmm_2d,prediction_component,152,60,51,1.0,0.35166135430336,top5_volume_union_top5_enh,159,,1.0,0.09470999240875244,1,0.0,0.0,1,1089,0.004301699809730053
BraTS-GLI-02243-101,gmm_2d,prediction_component,151,19,185,1.0,0.21895834803581238,top5_volume_union_top5_enh,159,,1.0,0.117481529712677,2,0.0,0.0,1,4046,0.016329099889844656
BraTS-GLI-02243-101,gmm_2d,prediction_component,17,90,25,1.0,0.3426121473312378,top5_volume_union_top5_enh,159,,1.0,0.0,1,0.0,0.0,1,729,0.002962999977171421
BraTS-GLI-02243-101,variational_spline,prediction_component,1,1,10263,1.0,0.6094946265220642,top5_volume_union_top5_enh,1,,1.0,0.9072363972663879,44,0.7006009221076965,0.0,2,169728,0.8830419001169503
BraTS-GLI-02245-100,otsu_T1c,absent_fp_component,1,1,18535,1.0,0.6787871718406677,top5_volume_union_top5_enh,1,,1.0,0.9101707935333252,34,0.7198312878608704,0.0,3,104632,0.5279389000497758
BraTS-GLI-02245-100,gmm_T1c,absent_fp_component,1,1,19865,1.0,0.6595226526260376,top5_volume_union_top5_enh,1,,1.0,0.9463663101196289,31,0.6014184951782227,0.0,3,107184,0.5599692999385297
BraTS-GLI-02245-100,sustraccion,absent_fp_component,3,1,45428,1.0,0.5052085518836975,top5_volume_union_top5_enh,96,,1.0,1.0,159,0.6112210154533386,0.09250149130821228,3,113400,0.5730599001981318
BraTS-GLI-02245-100,sustraccion,absent_fp_component,32,2,550,0.8624143004417419,0.28607335686683655,top5_volume_union_top5_enh,96,,0.8624143004417419,0.22709518671035767,7,0.3103066086769104,0.0,1,25110,0.10877760034054518
BraTS-GLI-02245-100,sustraccion,absent_fp_component,31,3,519,0.7647066712379456,0.2530197501182556,top5_volume_union_top5_enh,96,,0.7647066712379456,0.35060611367225647,4,0.08079712837934494,0.04208531975746155,1,26071,0.11715060006827116
BraTS-GLI-02245-100,sustraccion,absent_fp_component,95,4,383,1.0,0.5597609281539917,top5_volume_union_top5_enh,96,,1.0,0.3177953362464905,7,0.10643285512924194,0.0,1,15048,0.06672029988840222
BraTS-GLI-02245-100,sustraccion,absent_fp_component,72,5,327,0.9880795478820801,0.49562495946884155,top5_volume_union_top5_enh,96,,0.9880795478820801,0.329817533493042,5,0.0,0.0,1,24518,0.10764549998566508
BraTS-GLI-02245-100,sustraccion,absent_fp_component,94,38,37,1.0,0.5800638794898987,top5_volume_union_top5_enh,96,,1.0,0.01716679334640503,1,0.0,0.0,1,768,0.003145799972116947
BraTS-GLI-02245-100,sustraccion,absent_fp_component,91,79,14,1.0,0.661145806312561,top5_volume_union_top5_enh,96,,1.0,0.0,1,0.0,0.0,1,512,0.0022133998572826385
BraTS-GLI-02245-100,sustraccion,absent_fp_component,92,16,105,1.0,0.5929219722747803,top5_volume_union_top5_enh,96,,1.0,0.21576547622680664,2,0.0,0.0,1,3822,0.01576399989426136
BraTS-GLI-02245-100,sustraccion,absent_fp_component,90,10,196,1.0,0.534278929233551,top5_volume_union_top5_enh,96,,1.0,0.33310264348983765,7,0.0,0.0,1,9300,0.03713020030409098
BraTS-GLI-02245-100,gmm_2d,absent_fp_component,6,1,160451,1.0,0.1253436654806137,top5_volume_union_top5_enh,138,,1.0,1.0,418,0.5986424684524536,0.0,3,126148,0.6370418001897633
BraTS-GLI-02245-100,gmm_2d,absent_fp_component,1,2,3114,1.0,0.04831504076719284,top5_volume_union_top5_enh,138,,1.0,0.8430684804916382,27,0.03536312282085419,0.0,1,83160,0.40447810012847185
BraTS-GLI-02245-100,gmm_2d,absent_fp_component,8,3,1813,0.8372908234596252,0.07780786603689194,top5_volume_union_top5_enh,138,,0.8372908234596252,0.6560958325862885,18,0.26041895151138306,0.014254700392484665,1,43400,0.19452530005946755
BraTS-GLI-02245-100,gmm_2d,absent_fp_component,38,4,1587,1.0,0.1563321352005005,top5_volume_union_top5_enh,138,,1.0,0.3714985102415085,11,0.1497526615858078,0.008791618049144745,1,43296,0.20412859972566366
BraTS-GLI-02245-100,gmm_2d,absent_fp_component,47,5,1074,0.8384038805961609,0.10364990681409836,top5_volume_union_top5_enh,138,,0.8384038805961609,0.8346880674362183,15,0.33297455543652177,0.0,1,27048,0.13244329998269677
BraTS-GLI-02245-100,gmm_2d,absent_fp_component,3,36,69,1.0,0.26850825548171997,top5_volume_union_top5_enh,138,,1.0,0.027865827083587646,1,0.0,0.0,1,1728,0.007350599858909845
BraTS-GLI-02245-100,gmm_2d,absent_fp_component,42,12,192,1.0,0.15232467651367188,top5_volume_union_top5_enh,138,,1.0,0.19142872095108032,3,0.05023445188999176,0.030143696814775467,1,3060,0.012565899640321732
BraTS-GLI-02245-100,variational_spline,absent_fp_component,1,1,19868,1.0,0.6594564914703369,top5_volume_union_top5_enh,1,,1.0,0.9463663101196289,31,0.6014184951782227,0.0,3,107184,0.5345014999620616
BraTS-GLI-02245-103,GT_ET,true_et_cohort,1,2,278,0.0,0.0,all_components,3,,0.0,0.0,0,0.0,0.0,1,2420,0.01078839972615242
BraTS-GLI-02245-103,GT_ET,true_et_cohort,2,3,44,0.060289666056632996,0.00137021963018924,all_components,3,,0.060289666056632996,0.0,0,0.0,0.0,1,576,0.0022259997203946114
BraTS-GLI-02245-103,GT_ET,true_et_cohort,3,1,765,0.7424560189247131,0.211305633187294,all_components,3,,0.7424560189247131,0.2301432192325592,2,0.06043696403503418,0.11721191555261612,1,4080,0.0160262999124825
BraTS-GLI-02245-103,otsu_T1c,prediction_component,1,1,12908,1.0,0.6694175601005554,top5_volume_union_top5_enh,1,,1.0,0.8077730536460876,36,0.6491343975067139,0.23833221197128296,2,232320,1.2307149996049702
BraTS-GLI-02245-103,gmm_T1c,prediction_component,1,1,14309,1.0,0.6424664855003357,top5_volume_union_top5_enh,1,,1.0,0.9579458236694336,42,0.6495441198348999,0.2582671642303467,2,240768,1.2683749999850988
BraTS-GLI-02245-103,sustraccion,prediction_component,3,1,63278,1.0,0.3131710886955261,top5_volume_union_top5_enh,204,,1.0,1.0,181,0.6942145824432373,0.19920732080936432,3,92880,0.4559996002353728
BraTS-GLI-02245-103,sustraccion,prediction_component,88,2,982,1.0,0.22744393348693848,top5_volume_union_top5_enh,204,,1.0,0.6554604172706604,16,0.2222881317138672,0.0,1,26730,0.11828340031206608
BraTS-GLI-02245-103,sustraccion,prediction_component,56,3,706,1.0,0.29841870069503784,top5_volume_union_top5_enh,204,,1.0,0.24791067838668823,6,0.3553825914859772,0.0,1,10560,0.044883900322020054
BraTS-GLI-02245-103,sustraccion,prediction_component,24,4,578,1.0,0.2575119733810425,top5_volume_union_top5_enh,204,,1.0,0.7609184645116329,11,0.181587353348732,0.0,1,17680,0.07690860005095601
BraTS-GLI-02245-103,sustraccion,prediction_component,103,5,322,0.8827229142189026,0.1981046050786972,top5_volume_union_top5_enh,204,,0.8827229142189026,0.36611608415842056,7,0.0375467985868454,0.0,1,22680,0.10198060004040599
BraTS-GLI-02245-103,sustraccion,prediction_component,204,86,26,1.0,0.7279493808746338,top5_volume_union_top5_enh,204,,1.0,0.0,1,0.03344845771789551,0.0,1,640,0.003517800010740757
BraTS-GLI-02245-103,sustraccion,prediction_component,203,60,35,1.0,0.6295568346977234,top5_volume_union_top5_enh,204,,1.0,0.5245694518089294,3,0.0,0.0,1,1260,0.005017600022256374
BraTS-GLI-02245-103,sustraccion,prediction_component,202,64,34,1.0,0.7093132734298706,top5_volume_union_top5_enh,204,,1.0,0.0,1,0.0,0.0,1,880,0.004173099994659424
BraTS-GLI-02245-103,sustraccion,prediction_component,201,52,42,1.0,0.6055747270584106,top5_volume_union_top5_enh,204,,1.0,0.21517395973205566,2,0.0,0.0,1,1815,0.007234000135213137
BraTS-GLI-02245-103,sustraccion,prediction_component,198,7,274,1.0,0.5572238564491272,top5_volume_union_top5_enh,204,,1.0,0.22497528791427612,4,0.15322960913181305,0.0,1,10944,0.044309299904853106
BraTS-GLI-02245-103,gmm_2d,prediction_component,5,1,98367,1.0,0.20634591579437256,top5_volume_union_top5_enh,171,,1.0,0.9901520013809204,173,0.6527365446090698,0.00020682231115642935,3,97020,0.47829699981957674
BraTS-GLI-02245-103,gmm_2d,prediction_component,22,2,1820,0.9651910066604614,0.20507729053497314,top5_volume_union_top5_enh,171,,0.9651910066604614,0.7157448381185532,17,0.14191803336143494,0.02620065212249756,1,27930,0.1254187999293208
BraTS-GLI-02245-103,gmm_2d,prediction_component,103,3,854,1.0,0.18509343266487122,top5_volume_union_top5_enh,171,,1.0,0.4011938273906708,6,0.18350309133529663,0.0,1,12012,0.051103499718010426
BraTS-GLI-02245-103,gmm_2d,prediction_component,4,4,686,1.0,0.15780974924564362,top5_volume_union_top5_enh,171,,1.0,0.5502580851316452,6,0.1438349485397339,0.02176814153790474,1,11310,0.04692379990592599
BraTS-GLI-02245-103,gmm_2d,prediction_component,106,5,607,1.0,0.281866192817688,top5_volume_union_top5_enh,171,,1.0,0.26499783992767334,6,0.0,0.0,1,20976,0.09239070024341345
BraTS-GLI-02245-103,gmm_2d,prediction_component,171,61,64,1.0,0.4624866247177124,top5_volume_union_top5_enh,171,,1.0,0.0,1,0.08557784557342529,0.0,1,1200,0.004688400309532881
BraTS-GLI-02245-103,gmm_2d,prediction_component,170,72,56,1.0,0.43798643350601196,top5_volume_union_top5_enh,171,,1.0,0.10104447603225708,2,0.0,0.0,1,1100,0.004329099785536528
BraTS-GLI-02245-103,gmm_2d,prediction_component,169,69,59,1.0,0.496651291847229,top5_volume_union_top5_enh,171,,1.0,0.0,1,0.0,0.0,1,1320,0.005311500281095505
BraTS-GLI-02245-103,gmm_2d,prediction_component,167,26,122,1.0,0.38580867648124695,top5_volume_union_top5_enh,171,,1.0,0.2785435914993286,3,0.0,0.0,1,2873,0.011863499879837036
BraTS-GLI-02245-103,gmm_2d,prediction_component,166,6,532,1.0,0.34821051359176636,top5_volume_union_top5_enh,171,,1.0,0.17859971523284912,3,0.0825377106666565,0.0,1,11840,0.049295200034976006
BraTS-GLI-02245-103,variational_spline,prediction_component,1,1,14312,1.0,0.6423635482788086,top5_volume_union_top5_enh,1,,1.0,0.9579458236694336,42,0.6495441198348999,0.2582671642303467,2,240768,1.2641871003434062
BraTS-GLI-02247-100,otsu_T1c,prediction_component,1,1,18791,1.0,0.6409985423088074,top5_volume_union_top5_enh,1,,1.0,1.0,44,0.47498416900634766,0.0,3,107010,0.5525471000000834
BraTS-GLI-02247-100,gmm_T1c,prediction_component,1,1,21386,1.0,0.6062036156654358,top5_volume_union_top5_enh,1,,1.0,1.0,49,0.4744654893875122,0.0,3,107010,0.5338297002017498
BraTS-GLI-02247-100,sustraccion,prediction_component,16,1,82396,0.9539092779159546,0.001780905295163393,top5_volume_union_top5_enh,81,,0.8944814205169678,0.6412328481674194,7,0.28881967067718506,0.0,2,72150,0.35924839973449707
BraTS-GLI-02247-100,sustraccion,prediction_component,1,2,25092,1.0,0.5613317489624023,top5_volume_union_top5_enh,81,,1.0,1.0,54,0.34003904461860657,0.0,3,114840,0.5820204997435212
BraTS-GLI-02247-100,sustraccion,prediction_component,31,3,2793,0.09113362431526184,0.00024936982663348317,top5_volume_union_top5_enh,81,,0.09113362431526184,0.0638367235660553,0,0.0,0.0,1,38688,0.17680309992283583
BraTS-GLI-02247-100,sustraccion,prediction_component,46,4,2237,0.15585091710090637,0.00029678348801098764,top5_volume_union_top5_enh,81,,0.15585091710090637,0.1418839693069458,2,0.0,0.0,1,38440,0.17817870015278459
BraTS-GLI-02247-100,sustraccion,prediction_component,48,5,1336,0.0,0.0,top5_volume_union_top5_enh,81,,0.0,0.0,0,0.0,0.0,1,30504,0.1367426998913288
BraTS-GLI-02247-100,sustraccion,prediction_component,60,25,54,1.0,0.6038863658905029,top5_volume_union_top5_enh,81,,1.0,0.01997554302215576,1,0.0,0.0,1,882,0.003926699981093407
BraTS-GLI-02247-100,sustraccion,prediction_component,15,21,64,1.0,0.6830062866210938,top5_volume_union_top5_enh,81,,1.0,0.22598189115524292,2,0.0,0.0,1,1848,0.007780199870467186
BraTS-GLI-02247-100,sustraccion,prediction_component,8,15,149,1.0,0.4296972155570984,top5_volume_union_top5_enh,81,,1.0,0.37015247344970703,3,0.06471216678619385,0.022909462451934814,1,2040,0.007579500321298838
BraTS-GLI-02247-100,sustraccion,prediction_component,10,44,30,1.0,0.7163390517234802,top5_volume_union_top5_enh,81,,1.0,0.0,1,0.0,0.0,1,616,0.0023079998791217804
BraTS-GLI-02247-100,gmm_2d,prediction_component,1,1,1036464,1.0,0.007892219349741936,top5_volume_union_top5_enh,8,,0.8049838542938232,0.7603136897087097,402,0.18846066296100616,0.0,3,127440,0.6522773997858167
BraTS-GLI-02247-100,gmm_2d,prediction_component,2,2,65,0.0,0.0,top5_volume_union_top5_enh,8,,0.0,0.0,0,0.0,0.0,1,990,0.005329499952495098
BraTS-GLI-02247-100,gmm_2d,prediction_component,8,3,25,0.1004299521446228,0.004972019232809544,top5_volume_union_top5_enh,8,,0.1004299521446228,0.0,1,0.0,0.0,1,729,0.002788000274449587
BraTS-GLI-02247-100,gmm_2d,prediction_component,7,3,25,0.0,0.0,top5_volume_union_top5_enh,8,,0.0,0.0,0,0.0,0.0,1,729,0.003234300296753645
BraTS-GLI-02247-100,gmm_2d,prediction_component,5,3,25,0.0,0.0,top5_volume_union_top5_enh,8,,0.0,0.0,0,0.0,0.0,1,729,0.002735299989581108
BraTS-GLI-02247-100,gmm_2d,prediction_component,6,3,25,0.0,0.0,top5_volume_union_top5_enh,8,,0.0,0.0,0,0.0,0.0,1,729,0.002987300045788288
BraTS-GLI-02247-100,variational_spline,prediction_component,1,1,21345,1.0,0.6072224974632263,top5_volume_union_top5_enh,1,,1.0,1.0,49,0.4744654893875122,0.0,3,107010,0.5424456000328064
BraTS-GLI-02247-103,GT_ET,true_et_cohort,1,1,18,0.13813547790050507,0.007674193009734154,all_components,1,,0.13813547790050507,0.0,1,0.0,0.0,1,294,0.0014248001389205456
BraTS-GLI-02247-103,otsu_T1c,prediction_component,1,1,10611,1.0,0.6408731937408447,top5_volume_union_top5_enh,1,,1.0,0.7468976974487305,19,0.7362545728683472,0.0,2,129920,0.6809308999218047
BraTS-GLI-02247-103,gmm_T1c,prediction_component,1,1,1249231,0.7219452857971191,0.0020289537496864796,top5_volume_union_top5_enh,1,,0.6626744866371155,0.56812584400177,265,0.07666420936584473,0.0,3,132300,0.6954700998030603
BraTS-GLI-02247-103,sustraccion,prediction_component,6,1,58361,1.0,0.2821289598941803,top5_volume_union_top5_enh,198,,1.0,1.0,181,0.5329785943031311,0.026988839730620384,3,109032,0.5786497998051345
BraTS-GLI-02247-103,sustraccion,prediction_component,9,2,1625,1.0,0.3686032295227051,top5_volume_union_top5_enh,198,,1.0,0.9610256385058165,31,0.5302359461784363,0.14377176761627197,1,79900,0.3887577001005411
BraTS-GLI-02247-103,sustraccion,prediction_component,69,3,1621,1.0,0.31547853350639343,top5_volume_union_top5_enh,198,,1.0,0.6339396238327026,16,0.09386706352233887,0.0,1,113400,0.5723556000739336
BraTS-GLI-02247-103,sustraccion,prediction_component,90,4,1293,1.0,0.3149045407772064,top5_volume_union_top5_enh,198,,1.0,0.32963961362838745,15,0.5007677972316742,0.0,1,139920,0.7263118997216225
BraTS-GLI-02247-103,sustraccion,prediction_component,63,5,597,1.0,0.4785498082637787,top5_volume_union_top5_enh,198,,1.0,0.46647584438323975,9,0.3103823959827423,0.0,1,43296,0.2007371000945568
BraTS-GLI-02247-103,sustraccion,prediction_component,198,71,33,1.0,0.639811635017395,top5_volume_union_top5_enh,198,,1.0,0.03772425651550293,1,0.0,0.0,1,1260,0.005160899832844734
BraTS-GLI-02247-103,sustraccion,prediction_component,197,25,89,1.0,0.5008956789970398,top5_volume_union_top5_enh,198,,1.0,0.13632333278656006,2,0.0,0.0,1,2730,0.01066530030220747
BraTS-GLI-02247-103,sustraccion,prediction_component,138,6,535,1.0,0.3791537582874298,top5_volume_union_top5_enh,198,,1.0,0.28533071279525757,7,0.4136243462562561,0.0,1,27378,0.12305350042879581
BraTS-GLI-02247-103,sustraccion,prediction_component,169,45,47,1.0,0.47599419951438904,top5_volume_union_top5_enh,198,,1.0,0.0,1,0.0,0.0,1,972,0.004075600299984217
BraTS-GLI-02247-103,sustraccion,prediction_component,106,18,116,1.0,0.46573689579963684,top5_volume_union_top5_enh,198,,1.0,0.10949796438217163,3,0.15285080671310425,0.0,1,3360,0.012999000027775764
BraTS-GLI-02247-103,gmm_2d,prediction_component,6,1,63047,1.0,0.24421335756778717,top5_volume_union_top5_enh,140,,1.0,0.9868309497833252,134,0.679277241230011,0.0,3,105780,0.5211769002489746
BraTS-GLI-02247-103,gmm_2d,prediction_component,18,2,3748,1.0,0.2792515456676483,top5_volume_union_top5_enh,140,,0.897966206073761,0.7145758271217346,22,0.19441339373588562,0.0,2,43904,0.20305819995701313
BraTS-GLI-02247-103,gmm_2d,prediction_component,92,3,1597,1.0,0.28296196460723877,top5_volume_union_top5_enh,140,,1.0,0.25478166341781616,9,0.19952335953712463,0.0,1,60760,0.2922908002510667
BraTS-GLI-02247-103,gmm_2d,prediction_component,88,4,1285,1.0,0.29894959926605225,top5_volume_union_top5_enh,140,,1.0,0.32963961362838745,5,0.2338133007287979,0.0,1,95700,0.49943789979442954
BraTS-GLI-02247-103,gmm_2d,prediction_component,4,5,625,0.6878837943077087,0.07545676827430725,top5_volume_union_top5_enh,140,,0.6878837943077087,0.5841363668441772,6,0.0338764488697052,0.0,1,14784,0.06436560023576021
BraTS-GLI-02247-103,gmm_2d,prediction_component,140,29,94,1.0,0.3319379687309265,top5_volume_union_top5_enh,140,,1.0,0.0410730242729187,1,0.0,0.0,1,1980,0.008117299992591143
BraTS-GLI-02247-103,gmm_2d,prediction_component,132,51,51,1.0,0.35086527466773987,top5_volume_union_top5_enh,140,,1.0,0.08822566270828247,1,0.0,0.0,1,990,0.004230200313031673
BraTS-GLI-02247-103,gmm_2d,prediction_component,82,80,25,1.0,0.2843722105026245,top5_volume_union_top5_enh,140,,1.0,0.0,1,0.0,0.0,1,729,0.002706499770283699
BraTS-GLI-02247-103,gmm_2d,prediction_component,91,6,570,1.0,0.35676687955856323,top5_volume_union_top5_enh,140,,1.0,0.20044302940368652,4,0.04866218566894531,0.0,1,12825,0.05261249979957938
BraTS-GLI-02247-103,variational_spline,prediction_component,1,1,173580,1.0,0.1469411849975586,top5_volume_union_top5_enh,1,,1.0,1.0,405,0.6354539394378662,0.0,3,119475,0.608597599901259
BraTS-GLI-02248-102,otsu_T1c,absent_fp_component,1,1,11100,1.0,0.6439632773399353,top5_volume_union_top5_enh,1,,1.0,0.8386991024017334,41,0.7459785342216492,0.004667162895202637,2,128700,0.6791664003394544
BraTS-GLI-02248-102,gmm_T1c,absent_fp_component,1,1,12388,1.0,0.6273516416549683,top5_volume_union_top5_enh,1,,1.0,0.9178985953330994,49,0.7459785342216492,0.011120438575744629,2,163944,0.8506566998548806
BraTS-GLI-02248-102,sustraccion,absent_fp_component,5,1,47260,1.0,0.40456148982048035,top5_volume_union_top5_enh,223,,1.0,1.0,190,0.6023164391517639,0.16053028404712677,3,96432,0.4713093996979296
BraTS-GLI-02248-102,sustraccion,absent_fp_component,185,2,2163,1.0,0.3922126889228821,top5_volume_union_top5_enh,223,,1.0,0.5359984040260315,32,0.5120330192148685,0.06304904073476791,1,41040,0.19091240037232637
BraTS-GLI-02248-102,sustraccion,absent_fp_component,147,3,1393,1.0,0.4122106730937958,top5_volume_union_top5_enh,223,,1.0,0.45650503039360046,19,0.38392341136932373,0.0,1,103680,0.5104207000695169
BraTS-GLI-02248-102,sustraccion,absent_fp_component,183,4,1326,0.9893138408660889,0.33887389302253723,top5_volume_union_top5_enh,223,,0.9893138408660889,0.6365014016628265,26,0.3788898289203644,0.08028598874807358,1,33210,0.1557499999180436
BraTS-GLI-02248-102,sustraccion,absent_fp_component,122,5,652,1.0,0.4021356403827667,top5_volume_union_top5_enh,223,,1.0,0.5048103630542755,16,0.5062738656997681,0.03429287672042847,1,13608,0.05696449987590313
BraTS-GLI-02248-102,sustraccion,absent_fp_component,222,70,41,1.0,0.6804625988006592,top5_volume_union_top5_enh,223,,1.0,0.0,1,0.0,0.0,1,900,0.003591999877244234
BraTS-GLI-02248-102,sustraccion,absent_fp_component,221,187,12,1.0,0.6616330742835999,top5_volume_union_top5_enh,223,,1.0,0.0,1,0.0,0.0,1,392,0.0015165000222623348
BraTS-GLI-02248-102,sustraccion,absent_fp_component,219,65,46,1.0,0.6573243737220764,top5_volume_union_top5_enh,223,,1.0,0.004437506198883057,1,0.0,0.0,1,1440,0.0055761998519301414
BraTS-GLI-02248-102,sustraccion,absent_fp_component,217,29,118,1.0,0.688834547996521,top5_volume_union_top5_enh,223,,1.0,0.007291078567504883,1,0.0,0.0,1,5292,0.02123820036649704
BraTS-GLI-02248-102,sustraccion,absent_fp_component,218,43,80,1.0,0.5304892659187317,top5_volume_union_top5_enh,223,,1.0,0.22684884071350098,3,0.0,0.0,1,3120,0.012241799850016832
BraTS-GLI-02248-102,gmm_2d,absent_fp_component,7,1,102974,1.0,0.23851285874843597,top5_volume_union_top5_enh,178,,1.0,1.0,284,0.7072558999061584,0.4796677529811859,3,112455,0.5730268000625074
BraTS-GLI-02248-102,gmm_2d,absent_fp_component,77,2,2211,1.0,0.25469478964805603,top5_volume_union_top5_enh,178,,1.0,0.6694795042276382,29,0.34123513102531433,0.03429287672042847,1,45240,0.2070708996616304
BraTS-GLI-02248-102,gmm_2d,absent_fp_component,9,3,1125,1.0,0.12784907221794128,top5_volume_union_top5_enh,178,,1.0,0.42524997889995575,14,0.12714354693889618,0.0,1,24128,0.10579119995236397
BraTS-GLI-02248-102,gmm_2d,absent_fp_component,112,4,988,1.0,0.1800903081893921,top5_volume_union_top5_enh,178,,1.0,0.4927198886871338,9,0.0,0.0,1,31680,0.14507689978927374
BraTS-GLI-02248-102,gmm_2d,absent_fp_component,136,5,961,1.0,0.2180730104446411,top5_volume_union_top5_enh,178,,1.0,0.8895634114742279,11,0.08501309901475906,0.0,1,34510,0.16160489991307259
BraTS-GLI-02248-102,gmm_2d,absent_fp_component,175,20,218,1.0,0.43645933270454407,top5_volume_union_top5_enh,178,,1.0,0.007291078567504883,1,0.0,0.0,1,5852,0.024206799920648336
BraTS-GLI-02248-102,gmm_2d,absent_fp_component,176,106,25,1.0,0.33860644698143005,top5_volume_union_top5_enh,178,,1.0,0.0,1,0.0,0.0,1,729,0.0027924999594688416
BraTS-GLI-02248-102,gmm_2d,absent_fp_component,164,106,25,1.0,0.41509026288986206,top5_volume_union_top5_enh,178,,1.0,0.0,1,0.0,0.0,1,729,0.0027030999772250652
BraTS-GLI-02248-102,gmm_2d,absent_fp_component,162,10,504,1.0,0.3392579257488251,top5_volume_union_top5_enh,178,,1.0,0.17149436473846436,2,0.012921392917633057,0.0,1,14000,0.06252520019188523
BraTS-GLI-02248-102,gmm_2d,absent_fp_component,173,23,195,1.0,0.36907556653022766,top5_volume_union_top5_enh,178,,1.0,0.133958101272583,2,0.0,0.23849423229694366,1,3808,0.015629800036549568
BraTS-GLI-02248-102,variational_spline,absent_fp_component,1,1,12388,1.0,0.6273516416549683,top5_volume_union_top5_enh,1,,1.0,0.9178985953330994,49,0.7459785342216492,0.011120438575744629,2,163944,0.8471862999722362
BraTS-GLI-02285-100,GT_ET,true_et_cohort,1,1,8873,0.970866322517395,0.1604260504245758,all_components,2,,0.970866322517395,0.6694151759147644,68,0.49599266052246094,0.21442008018493652,1,76960,0.37657570000737906
BraTS-GLI-02285-100,GT_ET,true_et_cohort,2,2,47,0.7193580269813538,0.29580676555633545,all_components,2,,0.7193580269813538,0.014402687549591064,1,0.0,0.09428326785564423,1,576,0.0023635001853108406
BraTS-GLI-02285-100,otsu_T1c,prediction_component,1,1,14772,1.0,0.7197441458702087,top5_volume_union_top5_enh,1,,1.0,0.6669068932533264,41,0.7121325731277466,0.25668078660964966,2,182400,0.9340600003488362
BraTS-GLI-02285-100,gmm_T1c,prediction_component,1,1,21811,1.0,0.5961499214172363,top5_volume_union_top5_enh,1,,1.0,1.0,77,0.5908464193344116,0.25668078660964966,2,210018,1.074007899966091
BraTS-GLI-02285-100,sustraccion,prediction_component,4,1,70052,1.0,0.3140071928501129,top5_volume_union_top5_enh,150,,1.0,1.0,211,0.5919498801231384,0.13723456859588623,3,109392,0.585039300378412
BraTS-GLI-02285-100,sustraccion,prediction_component,14,2,756,0.6737921833992004,0.06588638573884964,top5_volume_union_top5_enh,150,,0.6737921833992004,0.40169496461749077,7,0.1123058944940567,0.0,1,21560,0.0943431998603046
BraTS-GLI-02285-100,sustraccion,prediction_component,10,3,423,1.0,0.5021080374717712,top5_volume_union_top5_enh,150,,1.0,0.1338825225830078,3,0.1436139941215515,0.0,1,8580,0.03534800000488758
BraTS-GLI-02285-100,sustraccion,prediction_component,77,4,398,1.0,0.3136559724807739,top5_volume_union_top5_enh,150,,1.0,0.6439030095934868,17,0.13519282639026642,0.0,1,17680,0.07589579978957772
BraTS-GLI-02285-100,sustraccion,prediction_component,114,5,313,0.6696783304214478,0.07832171767950058,top5_volume_union_top5_enh,150,,0.6696783304214478,0.3614506721496582,5,0.023236185312271118,0.0,1,9216,0.04015630017966032
BraTS-GLI-02285-100,sustraccion,prediction_component,150,68,27,1.0,0.7097520232200623,top5_volume_union_top5_enh,150,,1.0,0.03423494100570679,1,0.0,0.0,1,768,0.002961799968034029
BraTS-GLI-02285-100,sustraccion,prediction_component,148,30,70,1.0,0.49016907811164856,top5_volume_union_top5_enh,150,,1.0,0.3064286708831787,2,0.0,0.0,1,2925,0.011398500297218561
BraTS-GLI-02285-100,sustraccion,prediction_component,147,14,152,1.0,0.5672835111618042,top5_volume_union_top5_enh,150,,1.0,0.12517082691192627,2,0.0,0.0,1,3696,0.01454490004107356
BraTS-GLI-02285-100,sustraccion,prediction_component,137,73,24,1.0,0.43502771854400635,top5_volume_union_top5_enh,150,,1.0,0.40804946422576904,2,0.13610291481018066,0.0,1,880,0.003781300038099289
BraTS-GLI-02285-100,sustraccion,prediction_component,140,21,120,1.0,0.4955875277519226,top5_volume_union_top5_enh,150,,1.0,0.22873646020889282,3,0.0,0.0,1,5168,0.022662300150841475
BraTS-GLI-02285-100,gmm_2d,prediction_component,17,1,82347,1.0,0.028097331523895264,top5_volume_union_top5_enh,438,,0.9946597218513489,0.854907751083374,311,0.18407195806503296,0.0,2,283140,1.5168969999067485
BraTS-GLI-02285-100,gmm_2d,prediction_component,232,2,6584,0.979559600353241,0.058717451989650726,top5_volume_union_top5_enh,438,,0.979559600353241,0.9161321520805359,63,0.18978556990623474,0.022027667611837387,1,241133,1.2674818998202682
BraTS-GLI-02285-100,gmm_2d,prediction_component,153,3,4233,0.7817358374595642,0.04347091540694237,top5_volume_union_top5_enh,438,,0.7817358374595642,0.6799716949462891,50,0.1770397424697876,0.0071389079093933105,1,120555,0.6096179001033306
BraTS-GLI-02285-100,gmm_2d,prediction_component,315,4,2899,1.0,0.05000502988696098,top5_volume_union_top5_enh,438,,1.0,0.7647242546081543,51,0.17813482508063316,0.025664666667580605,1,92120,0.44572799978777766
BraTS-GLI-02285-100,gmm_2d,prediction_component,295,5,2805,1.0,0.0021314378827810287,top5_volume_union_top5_enh,438,,1.0,0.37750354409217834,2,0.0,0.0,1,33120,0.1509283003397286
BraTS-GLI-02285-100,gmm_2d,prediction_component,1,11,832,1.0,0.03376493230462074,top5_volume_union_top5_enh,438,,1.0,0.9707608595490456,11,0.0658489391207695,0.0,1,12480,0.053660699632018805
BraTS-GLI-02285-100,gmm_2d,prediction_component,38,68,121,1.0,0.17077669501304626,top5_volume_union_top5_enh,438,,1.0,0.34890979528427124,4,0.24835868179798126,0.0,1,1716,0.006775300018489361
BraTS-GLI-02285-100,gmm_2d,prediction_component,326,10,1183,1.0,0.05030771344900131,top5_volume_union_top5_enh,438,,1.0,0.9158765990287066,15,0.1980979759246111,0.0,1,43993,0.19923330005258322
BraTS-GLI-02285-100,gmm_2d,prediction_component,357,273,25,1.0,0.17698636651039124,top5_volume_union_top5_enh,438,,1.0,0.0,1,0.0,0.0,1,729,0.0033672000281512737
BraTS-GLI-02285-100,gmm_2d,prediction_component,381,41,178,1.0,0.06794824451208115,top5_volume_union_top5_enh,438,,1.0,0.15931697934865952,3,0.0,0.0,1,4080,0.01759920036420226
BraTS-GLI-02285-100,variational_spline,prediction_component,1,1,21816,1.0,0.5960155129432678,top5_volume_union_top5_enh,1,,1.0,1.0,77,0.5908464193344116,0.25668078660964966,2,210018,1.0920032998546958
BraTS-GLI-02300-101,GT_ET,true_et_cohort,1,1,12667,1.0,0.3248951733112335,all_components,1,,1.0,0.7135726809501648,47,0.6146275997161865,0.2511489689350128,1,81900,0.3978772000409663
BraTS-GLI-02300-101,otsu_T1c,prediction_component,1,1,15208,1.0,0.7065171003341675,top5_volume_union_top5_enh,1,,1.0,0.9397203326225281,30,0.7078131437301636,0.13571211695671082,2,141360,0.7375545003451407
BraTS-GLI-02300-101,gmm_T1c,prediction_component,1,1,22582,1.0,0.583465576171875,top5_volume_union_top5_enh,1,,1.0,0.7868334054946899,49,0.8453740477561951,0.32126903533935547,2,218790,1.138531600125134
BraTS-GLI-02300-101,sustraccion,prediction_component,2,1,74101,1.0,0.35397452116012573,top5_volume_union_top5_enh,134,,1.0,1.0,217,0.6163239479064941,0.4681360423564911,3,107640,0.5337129002436996
BraTS-GLI-02300-101,sustraccion,prediction_component,77,2,750,1.0,0.44005826115608215,top5_volume_union_top5_enh,134,,1.0,0.7959239780902863,13,0.5301375389099121,0.00576820969581604,1,56240,0.2637105998583138
BraTS-GLI-02300-101,sustraccion,prediction_component,60,3,270,0.9890792369842529,0.32105445861816406,top5_volume_union_top5_enh,134,,0.9890792369842529,0.25529372692108154,4,0.24608375132083893,0.050763681530952454,1,7163,0.029551999643445015
BraTS-GLI-02300-101,sustraccion,prediction_component,127,4,180,1.0,0.47597089409828186,top5_volume_union_top5_enh,134,,1.0,0.670306995511055,4,0.33767205476760864,0.0,1,9200,0.03764050034806132
BraTS-GLI-02300-101,sustraccion,prediction_component,122,5,142,1.0,0.49576327204704285,top5_volume_union_top5_enh,134,,1.0,0.18102926015853882,3,0.22530530393123627,0.0,1,6144,0.02506290003657341
BraTS-GLI-02300-101,sustraccion,prediction_component,131,18,70,1.0,0.5659675598144531,top5_volume_union_top5_enh,134,,1.0,0.3814808130264282,3,0.21616923809051514,0.0,1,1920,0.007617800030857325
BraTS-GLI-02300-101,sustraccion,prediction_component,132,61,22,1.0,0.5115452408790588,top5_volume_union_top5_enh,134,,1.0,0.0,1,0.0,0.0,1,560,0.0022687003947794437
BraTS-GLI-02300-101,sustraccion,prediction_component,130,106,12,1.0,0.6890591979026794,top5_volume_union_top5_enh,134,,1.0,0.036240577697753906,1,0.0,0.0,1,392,0.0017192000523209572
BraTS-GLI-02300-101,sustraccion,prediction_component,129,11,110,1.0,0.41834262013435364,top5_volume_union_top5_enh,134,,1.0,0.14793545007705688,3,0.1070793867111206,0.0,1,1690,0.0065830000676214695
BraTS-GLI-02300-101,gmm_2d,prediction_component,1,1,125477,1.0,0.038101546466350555,top5_volume_union_top5_enh,294,,0.6781192421913147,0.6458367705345154,252,0.14676591753959656,0.0,3,109604,0.5794760002754629
BraTS-GLI-02300-101,gmm_2d,prediction_component,35,2,18813,1.0,0.04558176547288895,top5_volume_union_top5_enh,294,,0.8986254930496216,0.6175016891211271,69,0.1419948786497116,0.03516010195016861,2,81432,0.414557000156492
BraTS-GLI-02300-101,gmm_2d,prediction_component,16,3,6596,0.9289050102233887,0.024885529652237892,top5_volume_union_top5_enh,294,,0.9289050102233887,0.9189480533823371,57,0.17034322023391724,0.015042298473417759,1,193546,1.0071177002973855
BraTS-GLI-02300-101,gmm_2d,prediction_component,68,4,5272,0.9467098116874695,0.05029679462313652,top5_volume_union_top5_enh,294,,0.9467098116874695,0.802058070898056,53,0.21220672130584717,0.014093690551817417,1,187264,0.9737197002395988
BraTS-GLI-02300-101,gmm_2d,prediction_component,214,5,3384,1.0,0.03876814246177673,top5_volume_union_top5_enh,294,,1.0,0.6988834738731384,33,0.27081969380378723,0.12645632028579712,1,75465,0.36107580037787557
BraTS-GLI-02300-101,gmm_2d,prediction_component,245,13,903,1.0,0.047264955937862396,top5_volume_union_top5_enh,294,,1.0,0.7412663847208023,10,0.12547440826892853,0.03484301641583443,1,14880,0.06438229978084564
BraTS-GLI-02300-101,gmm_2d,prediction_component,280,10,1471,1.0,0.04300089180469513,top5_volume_union_top5_enh,294,,1.0,0.9887130856513977,11,0.11359060555696487,0.008974550291895866,1,30504,0.13799370033666492
BraTS-GLI-02300-101,variational_spline,prediction_component,1,1,22584,1.0,0.5834157466888428,top5_volume_union_top5_enh,1,,1.0,0.7868334054946899,49,0.8453740477561951,0.32126903533935547,2,218790,1.157061900012195
BraTS-GLI-02306-100,GT_ET,true_et_cohort,1,1,31760,1.0,0.38326674699783325,all_components,1,,1.0,0.8434675654862076,57,0.5611038208007812,0.47014476731419563,1,114034,0.5335566001012921
BraTS-GLI-02306-100,otsu_T1c,prediction_component,1,1,22101,1.0,0.5096965432167053,top5_volume_union_top5_enh,1,,1.0,0.37627553939819336,41,0.7023189067840576,0.47861403226852417,1,112024,0.5241486998274922
BraTS-GLI-02306-100,gmm_T1c,prediction_component,1,1,35197,1.0,0.40076422691345215,top5_volume_union_top5_enh,1,,1.0,0.6758478581905365,54,0.4959494397044182,0.4584675133228302,2,51150,0.23258440010249615
BraTS-GLI-02306-100,sustraccion,prediction_component,2,1,93235,1.0,0.3436785936355591,top5_volume_union_top5_enh,144,,1.0,0.9075340256094933,200,0.5819367617368698,0.3242369592189789,3,114750,0.5893447999842465
BraTS-GLI-02306-100,sustraccion,prediction_component,1,2,946,1.0,0.41038891673088074,top5_volume_union_top5_enh,144,,1.0,0.21111825853586197,7,0.6465516686439514,0.0,1,31008,0.13926919968798757
BraTS-GLI-02306-100,sustraccion,prediction_component,123,3,497,0.8203883767127991,0.2688351571559906,top5_volume_union_top5_enh,144,,0.8203883767127991,0.2646220028400421,9,0.3149775266647339,0.011148195248097181,1,8910,0.0365081001073122
BraTS-GLI-02306-100,sustraccion,prediction_component,116,4,364,0.8752001523971558,0.383156955242157,top5_volume_union_top5_enh,144,,0.8752001523971558,0.36096036434173584,7,0.04426676034927368,0.0,1,31080,0.13596959970891476
BraTS-GLI-02306-100,sustraccion,prediction_component,99,5,363,0.8851083517074585,0.2760505676269531,top5_volume_union_top5_enh,144,,0.8851083517074585,0.20812970399856567,7,0.08023349940776825,0.024284902960062027,1,6156,0.023682199884206057
BraTS-GLI-02306-100,sustraccion,prediction_component,139,18,104,1.0,0.44324544072151184,top5_volume_union_top5_enh,144,,1.0,0.21387290954589844,2,0.0,0.0,1,3003,0.012406500056385994
BraTS-GLI-02306-100,sustraccion,prediction_component,131,24,75,1.0,0.589102566242218,top5_volume_union_top5_enh,144,,1.0,0.271406352519989,2,0.1371864676475525,0.0,1,2912,0.012002100236713886
BraTS-GLI-02306-100,sustraccion,prediction_component,126,104,14,1.0,0.6823326349258423,top5_volume_union_top5_enh,144,,1.0,0.002758204936981201,1,0.3256928324699402,0.0,1,648,0.002417100127786398
BraTS-GLI-02306-100,sustraccion,prediction_component,4,6,362,1.0,0.20130252838134766,top5_volume_union_top5_enh,144,,1.0,0.45084843039512634,12,0.24345555901527405,0.0,1,11970,0.05147100007161498
BraTS-GLI-02306-100,gmm_2d,prediction_component,1,1,202896,1.0,0.02480909414589405,top5_volume_union_top5_enh,276,,0.8333109617233276,0.791083037853241,314,0.20242014527320862,0.0,3,140760,0.7225287002511322
BraTS-GLI-02306-100,gmm_2d,prediction_component,141,2,7382,0.8733525276184082,0.026578020304441452,top5_volume_union_top5_enh,276,,0.8733525276184082,0.8527847528457642,27,0.09737563878297806,0.0,2,39032,0.19027270004153252
BraTS-GLI-02306-100,gmm_2d,prediction_component,228,3,1960,0.7106114029884338,0.040304720401763916,top5_volume_union_top5_enh,276,,0.7106114029884338,0.5581843480467796,20,0.1087050512433052,0.05091698840260506,1,39270,0.18634419981390238
BraTS-GLI-02306-100,gmm_2d,prediction_component,140,4,1890,0.817362368106842,0.011906172148883343,top5_volume_union_top5_enh,276,,0.817362368106842,0.45769166946411133,13,0.03933301195502281,0.0,1,46483,0.21933709969744086
BraTS-GLI-02306-100,gmm_2d,prediction_component,58,5,1775,0.841540515422821,0.020545531064271927,top5_volume_union_top5_enh,276,,0.841540515422821,0.7028432488441467,20,0.056148964911699295,0.0,1,64750,0.31400350015610456
BraTS-GLI-02306-100,gmm_2d,prediction_component,138,151,38,1.0,0.07642842829227448,top5_volume_union_top5_enh,276,,1.0,0.0,1,0.0,0.0,1,810,0.003414799924939871
BraTS-GLI-02306-100,gmm_2d,prediction_component,111,95,75,1.0,0.021306274458765984,top5_volume_union_top5_enh,276,,1.0,0.2213403880596161,2,0.0,0.0,1,1350,0.006128999870270491
BraTS-GLI-02306-100,gmm_2d,prediction_component,251,175,25,0.9959743618965149,0.11346906423568726,top5_volume_union_top5_enh,276,,0.9959743618965149,0.0,1,0.0,0.0,1,729,0.0029288004152476788
BraTS-GLI-02306-100,gmm_2d,prediction_component,164,119,56,0.9700886011123657,0.05540848523378372,top5_volume_union_top5_enh,276,,0.9700886011123657,0.0,1,0.0,0.0,1,990,0.0040373001247644424
BraTS-GLI-02306-100,variational_spline,prediction_component,1,1,26502,1.0,0.4142359495162964,top5_volume_union_top5_enh,1,,1.0,0.4815170168876648,40,0.5611038208007812,0.47014476731419563,1,84546,0.41137030022218823
BraTS-GLI-02307-101,GT_ET,true_et_cohort,1,1,8167,0.36959418654441833,0.010382134467363358,all_components,7,,0.36959418654441833,0.2436772584915161,8,0.09821289777755737,0.0,1,75900,0.37155740009620786
BraTS-GLI-02307-101,GT_ET,true_et_cohort,2,7,15,0.0,0.0,all_components,7,,0.0,0.0,0,0.0,0.0,1,294,0.0011995001696050167
BraTS-GLI-02307-101,GT_ET,true_et_cohort,3,5,19,0.0,0.0,all_components,7,,0.0,0.0,0,0.0,0.0,1,392,0.001632200088351965
BraTS-GLI-02307-101,GT_ET,true_et_cohort,4,2,1504,0.5152771472930908,0.006410593166947365,all_components,7,,0.5152771472930908,0.3343946933746338,3,0.014410862699151039,0.0,1,15444,0.0667114001698792
BraTS-GLI-02307-101,GT_ET,true_et_cohort,5,3,1195,0.49598366022109985,0.037147678434848785,all_components,7,,0.49598366022109985,0.41897934675216675,6,0.09629641473293304,0.0,1,10626,0.04328589979559183
BraTS-GLI-02307-101,GT_ET,true_et_cohort,6,4,41,0.0878794938325882,0.003719112602993846,all_components,7,,0.0878794938325882,0.0,0,0.0,0.0,1,900,0.0034664003178477287
BraTS-GLI-02307-101,GT_ET,true_et_cohort,7,6,18,0.13912895321846008,0.021739061921834946,all_components,7,,0.13912895321846008,0.06749655678868294,1,0.0,0.0,1,576,0.002198700327426195
BraTS-GLI-02307-101,otsu_T1c,prediction_component,1,1,20090,1.0,0.7251715660095215,top5_volume_union_top5_enh,1,,1.0,1.0,32,0.7547057867050171,0.31392237544059753,2,193546,1.0689528998918831
BraTS-GLI-02307-101,gmm_T1c,prediction_component,1,1,29882,1.0,0.5913726091384888,top5_volume_union_top5_enh,1,,1.0,1.0,53,0.7322252988815308,0.2511630058288574,3,94815,0.4587583001703024
BraTS-GLI-02307-101,sustraccion,prediction_component,1,1,86157,1.0,0.35097596049308777,top5_volume_union_top5_enh,142,,1.0,1.0,305,0.7584595084190369,0.1980542466044426,3,135700,0.7067043003626168
BraTS-GLI-02307-101,sustraccion,prediction_component,25,2,5148,0.36959418654441833,0.016216278076171875,top5_volume_union_top5_enh,142,,0.36959418654441833,0.21495117247104645,7,0.08385682851076126,0.0,1,52416,0.2429639999754727
BraTS-GLI-02307-101,sustraccion,prediction_component,84,3,891,0.49598366022109985,0.054070454090833664,top5_volume_union_top5_enh,142,,0.49598366022109985,0.41897934675216675,6,0.09629641473293304,0.0,1,10488,0.04369969991967082
BraTS-GLI-02307-101,sustraccion,prediction_component,43,4,807,0.5152771472930908,0.011273009702563286,top5_volume_union_top5_enh,142,,0.5152771472930908,0.3343946933746338,2,0.014410862699151039,0.0,1,10560,0.04327440029010177
BraTS-GLI-02307-101,sustraccion,prediction_component,5,5,585,1.0,0.314203143119812,top5_volume_union_top5_enh,142,,1.0,0.587040089070797,10,0.3119198977947235,0.0,1,15840,0.06657960033044219
BraTS-GLI-02307-101,sustraccion,prediction_component,134,11,154,1.0,0.6342628002166748,top5_volume_union_top5_enh,142,,1.0,0.10471183061599731,2,0.0,0.0,1,4224,0.018472000025212765
BraTS-GLI-02307-101,sustraccion,prediction_component,133,82,17,1.0,0.6875081062316895,top5_volume_union_top5_enh,142,,1.0,0.0,1,0.0,0.0,1,512,0.0020710001699626446
BraTS-GLI-02307-101,sustraccion,prediction_component,129,6,369,1.0,0.315826416015625,top5_volume_union_top5_enh,142,,1.0,0.2928701341152191,7,0.1341368705034256,0.0,1,13050,0.05395620036870241
BraTS-GLI-02307-101,sustraccion,prediction_component,121,18,94,1.0,0.482573002576828,top5_volume_union_top5_enh,142,,1.0,0.043445885181427,1,0.0,0.0,1,3456,0.013808799907565117
BraTS-GLI-02307-101,sustraccion,prediction_component,124,13,138,1.0,0.6464703679084778,top5_volume_union_top5_enh,142,,1.0,0.10314667224884033,2,0.25142985582351685,0.0,1,3780,0.014900099951773882
BraTS-GLI-02307-101,gmm_2d,prediction_component,2,1,278720,1.0,0.03711966425180435,top5_volume_union_top5_enh,184,,1.0,1.0,518,0.1473950445652008,0.0,3,146640,0.7830227999947965
BraTS-GLI-02307-101,gmm_2d,prediction_component,114,2,565,0.7157853245735168,0.047691624611616135,top5_volume_union_top5_enh,184,,0.7157853245735168,0.5018752664327621,5,0.03934125229716301,0.0,1,16875,0.07345669995993376
BraTS-GLI-02307-101,gmm_2d,prediction_component,152,3,418,0.8007127642631531,0.058799661695957184,top5_volume_union_top5_enh,184,,0.8007127642631531,0.24361519515514374,4,0.001989029347896576,0.0,1,9500,0.0384814003482461
BraTS-GLI-02307-101,gmm_2d,prediction_component,29,4,328,0.45492079854011536,0.026952402666211128,top5_volume_union_top5_enh,184,,0.45492079854011536,0.34321317076683044,5,0.0027761608362197876,0.0,1,11088,0.04446600005030632
BraTS-GLI-02307-101,gmm_2d,prediction_component,110,5,288,0.5755651593208313,0.06064053252339363,top5_volume_union_top5_enh,184,,0.5755651593208313,0.07290279865264893,1,0.004263713955879211,0.007970340782776475,1,5832,0.0233130999840796
BraTS-GLI-02307-101,gmm_2d,prediction_component,144,68,47,1.0,0.2653065621852875,top5_volume_union_top5_enh,184,,1.0,0.3394257128238678,3,0.04602115601301193,0.0,1,900,0.003366599790751934
BraTS-GLI-02307-101,gmm_2d,prediction_component,160,22,134,1.0,0.07942894846200943,top5_volume_union_top5_enh,184,,1.0,0.15005053579807281,2,0.0,0.0,1,2805,0.011884599924087524
BraTS-GLI-02307-101,gmm_2d,prediction_component,168,93,25,0.9782852530479431,0.10541177541017532,top5_volume_union_top5_enh,184,,0.9782852530479431,0.0,1,0.0,0.0,1,729,0.002926900051534176
BraTS-GLI-02307-101,gmm_2d,prediction_component,73,93,25,0.9512268900871277,0.10260996222496033,top5_volume_union_top5_enh,184,,0.9512268900871277,0.0,1,0.0,0.0,1,729,0.002767799887806177
BraTS-GLI-02307-101,variational_spline,prediction_component,1,1,29882,1.0,0.5913726091384888,top5_volume_union_top5_enh,1,,1.0,1.0,53,0.7322252988815308,0.2511630058288574,3,94815,0.4696645000949502
BraTS-GLI-02344-100,GT_ET,true_et_cohort,1,1,5435,1.0,0.04736630618572235,all_components,1,,1.0,0.4350548982620239,29,0.20947127044200897,0.002154120709747076,1,25839,0.11902779992669821
BraTS-GLI-02344-100,otsu_T1c,prediction_component,1,1,16642,1.0,0.6726157665252686,top5_volume_union_top5_enh,1,,1.0,0.7407894730567932,56,0.7949493527412415,0.03535863757133484,2,254448,1.556330000050366
BraTS-GLI-02344-100,gmm_T1c,prediction_component,1,1,23601,1.0,0.5789480805397034,top5_volume_union_top5_enh,1,,1.0,0.7546325325965881,76,0.827571451663971,0.16880139708518982,2,283272,1.566299100406468
BraTS-GLI-02344-100,sustraccion,prediction_component,2,1,66643,1.0,0.3120957612991333,top5_volume_union_top5_enh,104,,1.0,1.0,186,0.7120702862739563,0.0,3,92400,0.5082870000042021
BraTS-GLI-02344-100,sustraccion,prediction_component,92,2,530,1.0,0.38469675183296204,top5_volume_union_top5_enh,104,,1.0,0.3505222797393799,6,0.06076979637145996,0.0,1,27440,0.13458909979090095
BraTS-GLI-02344-100,sustraccion,prediction_component,99,3,395,1.0,0.3275963366031647,top5_volume_union_top5_enh,104,,1.0,0.3644576668739319,9,0.5916662216186523,0.04762240871787071,1,6270,0.029643500223755836
BraTS-GLI-02344-100,sustraccion,prediction_component,17,4,308,0.8007707595825195,0.29773417115211487,top5_volume_union_top5_enh,104,,0.8007707595825195,0.5016550421714783,6,0.18881972134113312,0.0,1,12000,0.05071270000189543
BraTS-GLI-02344-100,sustraccion,prediction_component,8,5,182,0.39187705516815186,0.03673684969544411,top5_volume_union_top5_enh,104,,0.39187705516815186,0.24640685319900513,5,0.00433659553527832,0.0,1,5187,0.02039529988542199
BraTS-GLI-02344-100,sustraccion,prediction_component,24,17,80,1.0,0.38031473755836487,top5_volume_union_top5_enh,104,,1.0,0.6112536787986755,3,0.0417292769998312,0.0,1,2652,0.010416700039058924
BraTS-GLI-02344-100,sustraccion,prediction_component,62,9,117,1.0,0.3735847473144531,top5_volume_union_top5_enh,104,,1.0,0.29239653050899506,2,0.0796937420964241,0.0,1,2340,0.009360000025480986
BraTS-GLI-02344-100,gmm_2d,prediction_component,15,1,13425,1.0,0.023070523515343666,top5_volume_union_top5_enh,237,,0.6316758990287781,0.4877603054046631,67,0.07856264617294073,0.0,2,64575,0.31301800021901727
BraTS-GLI-02344-100,gmm_2d,prediction_component,59,2,2806,0.8112094402313232,0.03537411615252495,top5_volume_union_top5_enh,237,,0.8112094402313232,0.6909083724021912,29,0.3304423987865448,0.05644167773425579,1,77400,0.37392579996958375
BraTS-GLI-02344-100,gmm_2d,prediction_component,45,3,2359,0.9439689517021179,0.07270500808954239,top5_volume_union_top5_enh,237,,0.9439689517021179,0.8517005480825901,29,0.16146638989448547,0.04787418991327286,1,50784,0.23804050032049417
BraTS-GLI-02344-100,gmm_2d,prediction_component,140,4,2078,0.7590288519859314,0.053176239132881165,top5_volume_union_top5_enh,237,,0.7590288519859314,0.46566811203956604,22,0.11505410820245743,0.05154216289520264,1,52470,0.24619280034676194
BraTS-GLI-02344-100,gmm_2d,prediction_component,41,5,1761,0.9728920459747314,0.10208826512098312,top5_volume_union_top5_enh,237,,0.9728920459747314,0.704175665974617,27,0.29219329357147217,0.027531100437045097,1,77220,0.3871408002451062
BraTS-GLI-02344-100,gmm_2d,prediction_component,233,46,106,1.0,0.24924921989440918,top5_volume_union_top5_enh,237,,1.0,0.5970665812492371,6,0.25875040888786316,0.1076248362660408,1,2464,0.009617699775844812
BraTS-GLI-02344-100,gmm_2d,prediction_component,129,124,25,1.0,0.18772445619106293,top5_volume_union_top5_enh,237,,1.0,0.4276287853717804,2,0.0,0.0,1,729,0.0028130998834967613
BraTS-GLI-02344-100,gmm_2d,prediction_component,161,47,101,1.0,0.24446514248847961,top5_volume_union_top5_enh,237,,1.0,0.31710177659988403,4,0.183871790766716,0.022108446806669235,1,1452,0.005549500230699778
BraTS-GLI-02344-100,gmm_2d,prediction_component,224,16,280,0.9860178232192993,0.23420186340808868,top5_volume_union_top5_enh,237,,0.9860178232192993,0.815021276473999,14,0.36436840891838074,0.012841753661632538,1,5200,0.02047669980674982
BraTS-GLI-02344-100,variational_spline,prediction_component,1,1,23604,1.0,0.57887864112854,top5_volume_union_top5_enh,1,,1.0,0.7546325325965881,76,0.827571451663971,0.16880139708518982,2,283272,1.5080645000562072
BraTS-GLI-02382-100,GT_ET,true_et_cohort,1,1,22808,1.0,0.3306425213813782,all_components,3,,1.0,0.38994714617729187,56,0.8439913392066956,0.24914006143808365,1,132192,0.6500718002207577
BraTS-GLI-02382-100,GT_ET,true_et_cohort,2,3,80,0.3689991533756256,0.06069253757596016,all_components,3,,0.3689991533756256,0.05716627836227417,1,0.0,0.0,1,720,0.008211200125515461
BraTS-GLI-02382-100,GT_ET,true_et_cohort,3,2,638,0.7441747784614563,0.16015125811100006,all_components,3,,0.7441747784614563,0.20205318927764893,2,0.2283083200454712,0.13104289770126343,1,3808,0.017521000001579523
BraTS-GLI-02382-100,otsu_T1c,prediction_component,1,1,15158,1.0,0.47533923387527466,top5_volume_union_top5_enh,1,,1.0,0.46494513750076294,68,0.9456478953361511,0.2536987066268921,1,183768,0.9557050000876188
BraTS-GLI-02382-100,gmm_T1c,prediction_component,1,1,45390,1.0,0.41761288046836853,top5_volume_union_top5_enh,1,,1.0,0.870246946811676,96,0.7805853486061096,0.2821219861507416,2,182910,0.9437366002239287
BraTS-GLI-02382-100,sustraccion,prediction_component,5,1,88392,1.0,0.3108706474304199,top5_volume_union_top5_enh,130,,1.0,1.0,224,0.7503543496131897,0.152120441198349,3,105570,0.5249636000953615
BraTS-GLI-02382-100,sustraccion,prediction_component,59,2,2303,0.9490788578987122,0.28499624133110046,top5_volume_union_top5_enh,130,,0.9490788578987122,0.5920949280261993,43,0.3185010850429535,0.08863916993141174,1,102200,0.5022367998026311
BraTS-GLI-02382-100,sustraccion,prediction_component,57,3,598,0.7441747784614563,0.1709766983985901,top5_volume_union_top5_enh,130,,0.7441747784614563,0.20205318927764893,2,0.2283083200454712,0.13104289770126343,1,3584,0.01528559997677803
BraTS-GLI-02382-100,sustraccion,prediction_component,9,4,447,1.0,0.49511536955833435,top5_volume_union_top5_enh,130,,1.0,0.07634967565536499,1,0.8803419470787048,0.0,1,14036,0.061372899916023016
BraTS-GLI-02382-100,sustraccion,prediction_component,126,5,389,0.8654561042785645,0.2510097622871399,top5_volume_union_top5_enh,130,,0.8654561042785645,0.4231269955635071,4,0.0831463411450386,0.0,1,7392,0.031270400155335665
BraTS-GLI-02382-100,sustraccion,prediction_component,125,94,16,1.0,0.5301730632781982,top5_volume_union_top5_enh,130,,1.0,0.0,1,0.0,0.0,1,448,0.0017150002531707287
BraTS-GLI-02382-100,sustraccion,prediction_component,128,11,148,1.0,0.5716966390609741,top5_volume_union_top5_enh,130,,1.0,0.2605796456336975,5,0.025848865509033203,0.0,1,5040,0.02014450030401349
BraTS-GLI-02382-100,sustraccion,prediction_component,73,9,162,1.0,0.28182512521743774,top5_volume_union_top5_enh,130,,1.0,0.28578412532806396,3,0.0,0.0,1,3510,0.01366779999807477
BraTS-GLI-02382-100,sustraccion,prediction_component,120,33,40,1.0,0.4588630795478821,top5_volume_union_top5_enh,130,,1.0,0.16910845041275024,3,0.0,0.0,1,1512,0.005767799913883209
BraTS-GLI-02382-100,gmm_2d,prediction_component,1,1,228863,1.0,0.033324576914310455,top5_volume_union_top5_enh,254,,0.9934059977531433,0.9499561190605164,370,0.22183833690360188,0.0,3,136800,0.7228816002607346
BraTS-GLI-02382-100,gmm_2d,prediction_component,4,2,2534,0.6739851832389832,0.03517294302582741,top5_volume_union_top5_enh,254,,0.6739851832389832,0.5473457425832748,23,0.10621655732393265,0.0,1,41760,0.19520899979397655
BraTS-GLI-02382-100,gmm_2d,prediction_component,238,3,2303,0.8865069150924683,0.028027990832924843,top5_volume_union_top5_enh,254,,0.8865069150924683,0.8376462906599045,16,0.04114416614174843,0.006024651229381561,1,58968,0.2840328998863697
BraTS-GLI-02382-100,gmm_2d,prediction_component,154,4,1496,0.4196010231971741,0.032071229070425034,top5_volume_union_top5_enh,254,,0.4196010231971741,0.27939510345458984,8,0.05756391026079655,0.0,1,27216,0.12296489998698235
BraTS-GLI-02382-100,gmm_2d,prediction_component,173,5,1033,0.6860448122024536,0.03837483376264572,top5_volume_union_top5_enh,254,,0.6860448122024536,0.5870007993653417,7,0.07239791005849838,0.021557497966568917,1,25088,0.11592879984527826
BraTS-GLI-02382-100,gmm_2d,prediction_component,128,108,50,1.0,0.1312485784292221,top5_volume_union_top5_enh,254,,1.0,0.17799147963523865,3,0.0,0.0,1,1000,0.005421199835836887
BraTS-GLI-02382-100,gmm_2d,prediction_component,216,7,767,0.9845176339149475,0.058878712356090546,top5_volume_union_top5_enh,254,,0.9845176339149475,0.7851028181612492,7,0.06781729310750961,0.0,1,19488,0.0842094998806715
BraTS-GLI-02382-100,gmm_2d,prediction_component,241,39,174,0.9330317378044128,0.06582392752170563,top5_volume_union_top5_enh,254,,0.9330317378044128,0.26308409683406353,2,0.0,0.0,1,2600,0.010673999786376953
BraTS-GLI-02382-100,gmm_2d,prediction_component,101,125,44,0.9057694673538208,0.09761936962604523,top5_volume_union_top5_enh,254,,0.9057694673538208,0.023536723107099533,1,0.021943742409348488,0.0,1,1000,0.004030199721455574
BraTS-GLI-02382-100,variational_spline,prediction_component,1,1,45555,1.0,0.4161570370197296,top5_volume_union_top5_enh,1,,1.0,0.870246946811676,96,0.7805853486061096,0.25136298686265945,2,182910,0.9197139996103942
BraTS-GLI-02498-101,GT_ET,true_et_cohort,1,1,261,0.008168171159923077,3.129567630821839e-05,all_components,4,,0.008168171159923077,0.0,0,0.0,0.0,1,3780,0.01507049985229969
BraTS-GLI-02498-101,GT_ET,true_et_cohort,2,3,40,0.10092233121395111,0.015544441528618336,all_components,4,,0.10092233121395111,0.0,1,0.0,0.0,1,936,0.003960100002586842
BraTS-GLI-02498-101,GT_ET,true_et_cohort,3,4,11,0.715302050113678,0.13883616030216217,all_components,4,,0.715302050113678,0.0,1,0.0,0.0,1,567,0.002187300007790327
BraTS-GLI-02498-101,GT_ET,true_et_cohort,4,2,77,0.8055914640426636,0.44016033411026,all_components,4,,0.8055914640426636,0.034935176372528076,1,0.0003134608268737793,0.0,1,1080,0.0042152004316449165
BraTS-GLI-02498-101,otsu_T1c,prediction_component,1,1,838142,1.0,0.03561755642294884,top5_volume_union_top5_enh,1,,1.0,1.0,261,0.6481490135192871,0.0,3,152256,0.8085775999352336
BraTS-GLI-02498-101,gmm_T1c,prediction_component,1,1,1308551,0.7649513483047485,0.0056461188942193985,top5_volume_union_top5_enh,1,,0.6837783455848694,0.6118748784065247,409,0.2767084836959839,0.0,3,157976,0.8202589000575244
BraTS-GLI-02498-101,sustraccion,prediction_component,3,1,118005,1.0,0.33983299136161804,top5_volume_union_top5_enh,148,,1.0,1.0,295,0.470467209815979,0.012476174160838127,3,146880,0.7618706999346614
BraTS-GLI-02498-101,sustraccion,prediction_component,69,2,2295,1.0,0.4995516240596771,top5_volume_union_top5_enh,148,,1.0,0.5514634847640991,22,0.5706801414489746,0.010148346424102783,1,170520,0.8733095000497997
BraTS-GLI-02498-101,sustraccion,prediction_component,8,3,615,0.40936407446861267,0.05445360019803047,top5_volume_union_top5_enh,148,,0.40936407446861267,0.27125677466392517,4,0.041706833988428116,0.0,1,12672,0.07952339993789792
BraTS-GLI-02498-101,sustraccion,prediction_component,141,4,577,1.0,0.6211702227592468,top5_volume_union_top5_enh,148,,1.0,0.02928292751312256,1,0.029089629650115967,0.0,1,12540,0.05328529980033636
BraTS-GLI-02498-101,sustraccion,prediction_component,101,5,433,0.9119187593460083,0.35405969619750977,top5_volume_union_top5_enh,148,,0.9119187593460083,0.5011317133903503,6,0.22093622386455536,0.0,1,35805,0.162185899913311
BraTS-GLI-02498-101,sustraccion,prediction_component,131,6,370,1.0,0.631604015827179,top5_volume_union_top5_enh,148,,1.0,0.27898165583610535,2,0.048802703619003296,0.009746044874191284,1,7488,0.029506999999284744
BraTS-GLI-02498-101,sustraccion,prediction_component,138,12,206,1.0,0.48116564750671387,top5_volume_union_top5_enh,148,,1.0,0.22482424974441528,4,0.0,0.0,1,5760,0.022300399839878082
BraTS-GLI-02498-101,sustraccion,prediction_component,139,15,200,1.0,0.5794325470924377,top5_volume_union_top5_enh,148,,1.0,0.14873003959655762,3,0.0,0.0,1,4368,0.017238900065422058
BraTS-GLI-02498-101,sustraccion,prediction_component,106,11,242,1.0,0.6322652101516724,top5_volume_union_top5_enh,148,,1.0,0.3249654769897461,3,0.4174288809299469,0.0,1,10557,0.043837400153279305
BraTS-GLI-02498-101,gmm_2d,prediction_component,4,1,133983,1.0,0.2760832905769348,top5_volume_union_top5_enh,125,,1.0,0.9182690382003784,228,0.6114476919174194,0.05478733777999878,3,149940,0.7721166000701487
BraTS-GLI-02498-101,gmm_2d,prediction_component,3,2,3646,1.0,0.2811470925807953,top5_volume_union_top5_enh,125,,1.0,0.5654938071966171,19,0.16596901416778564,0.036828093230724335,1,67473,0.32989339996129274
BraTS-GLI-02498-101,gmm_2d,prediction_component,108,3,2307,1.0,0.38970014452934265,top5_volume_union_top5_enh,125,,1.0,0.4569609761238098,12,0.2828720510005951,0.18200291693210602,1,53856,0.24675799999386072
BraTS-GLI-02498-101,gmm_2d,prediction_component,7,4,1252,1.0,0.20934927463531494,top5_volume_union_top5_enh,125,,1.0,0.7765757292509079,7,0.08949795365333557,0.0,1,27608,0.12414780026301742
BraTS-GLI-02498-101,gmm_2d,prediction_component,79,5,895,0.14669457077980042,0.0004520830698311329,top5_volume_union_top5_enh,125,,0.14669457077980042,0.008168171159923077,1,0.0,0.0,1,9680,0.038217900320887566
BraTS-GLI-02498-101,gmm_2d,prediction_component,121,6,850,1.0,0.4425944983959198,top5_volume_union_top5_enh,125,,1.0,0.02928292751312256,1,0.029089629650115967,0.0,1,13860,0.057023399975150824
BraTS-GLI-02498-101,gmm_2d,prediction_component,122,22,188,1.0,0.4235040247440338,top5_volume_union_top5_enh,125,,1.0,0.5911466777324677,3,0.3055947422981262,0.0,1,3960,0.015824200119823217
BraTS-GLI-02498-101,gmm_2d,prediction_component,120,10,375,1.0,0.3540263772010803,top5_volume_union_top5_enh,125,,1.0,0.3331698775291443,4,0.05537426471710205,0.0,1,9690,0.038697900250554085
BraTS-GLI-02498-101,gmm_2d,prediction_component,119,12,296,1.0,0.4271712303161621,top5_volume_union_top5_enh,125,,1.0,0.14873003959655762,3,0.0,0.0,1,5096,0.021373200230300426
BraTS-GLI-02498-101,gmm_2d,prediction_component,112,8,439,1.0,0.5138258337974548,top5_volume_union_top5_enh,125,,1.0,0.065360426902771,1,0.048802703619003296,0.009746044874191284,1,5520,0.02162740007042885
BraTS-GLI-02498-101,variational_spline,prediction_component,1,1,246259,1.0,0.20790249109268188,top5_volume_union_top5_enh,1,,1.0,0.9495655745267868,424,0.5717661455273628,0.16838572919368744,3,158417,0.8402903997339308
BraTS-GLI-02549-102,GT_ET,true_et_cohort,1,1,4065,1.0,0.40616899728775024,all_components,1,,1.0,0.3723044991493225,15,0.5792349465191364,0.021841615438461304,1,21600,0.09360429970547557
BraTS-GLI-02549-102,otsu_T1c,prediction_component,1,1,536503,1.0,0.02861252799630165,top5_volume_union_top5_enh,1,,1.0,1.0,102,0.5879015922546387,0.16842146217823029,3,118680,0.607239699922502
BraTS-GLI-02549-102,gmm_T1c,prediction_component,1,1,602545,1.0,0.026816880330443382,top5_volume_union_top5_enh,1,,1.0,1.0,116,0.6174633502960205,0.27297117188572884,3,120658,0.6079850001260638
BraTS-GLI-02549-102,sustraccion,prediction_component,5,1,53007,1.0,0.40928706526756287,top5_volume_union_top5_enh,168,,1.0,1.0,147,0.5324273109436035,0.10640057921409607,3,94500,0.47124799992889166
BraTS-GLI-02549-102,sustraccion,prediction_component,35,2,707,1.0,0.3724213242530823,top5_volume_union_top5_enh,168,,1.0,0.6379245817661285,11,0.4649183750152588,0.19647251069545746,1,21054,0.09383350005373359
BraTS-GLI-02549-102,sustraccion,prediction_component,26,3,586,1.0,0.34036925435066223,top5_volume_union_top5_enh,168,,1.0,0.4085710570216179,11,0.12022840976715088,0.1449081301689148,1,22100,0.09537479979917407
BraTS-GLI-02549-102,sustraccion,prediction_component,6,4,565,1.0,0.331933856010437,top5_volume_union_top5_enh,168,,1.0,0.7218824625015259,9,0.38801640272140503,0.0,1,20384,0.09596149995923042
BraTS-GLI-02549-102,sustraccion,prediction_component,130,5,419,1.0,0.38852107524871826,top5_volume_union_top5_enh,168,,1.0,0.22916877269744873,2,0.23795662820339203,0.0,1,6804,0.032766999676823616
BraTS-GLI-02549-102,sustraccion,prediction_component,168,87,22,1.0,0.5683619976043701,top5_volume_union_top5_enh,168,,1.0,0.0,1,0.0,0.0,1,490,0.0024341000244021416
BraTS-GLI-02549-102,sustraccion,prediction_component,166,21,109,1.0,0.6775270700454712,top5_volume_union_top5_enh,168,,1.0,0.17302966117858887,2,0.16696369647979736,0.0,1,3192,0.012665399815887213
BraTS-GLI-02549-102,sustraccion,prediction_component,164,109,17,1.0,0.6911017894744873,top5_volume_union_top5_enh,168,,1.0,0.0,1,0.0,0.0,1,441,0.0019064000807702541
BraTS-GLI-02549-102,sustraccion,prediction_component,135,53,39,1.0,0.578719437122345,top5_volume_union_top5_enh,168,,1.0,0.01943647861480713,1,0.0,0.0,1,1331,0.008091299794614315
BraTS-GLI-02549-102,sustraccion,prediction_component,137,68,28,1.0,0.5929760932922363,top5_volume_union_top5_enh,168,,1.0,0.0,1,0.0,0.0,1,810,0.0031205001287162304
BraTS-GLI-02549-102,gmm_2d,prediction_component,3,1,56910,1.0,0.3463675379753113,top5_volume_union_top5_enh,100,,1.0,0.8282783031463623,118,0.5866186022758484,0.08435297757387161,2,299691,1.6285623000003397
BraTS-GLI-02549-102,gmm_2d,prediction_component,32,2,1272,1.0,0.3290480077266693,top5_volume_union_top5_enh,100,,1.0,0.35667258501052856,8,0.5833568572998047,0.034078825265169144,1,30272,0.1396028003655374
BraTS-GLI-02549-102,gmm_2d,prediction_component,25,3,814,1.0,0.30396848917007446,top5_volume_union_top5_enh,100,,1.0,0.6632904708385468,8,0.4649183750152588,0.19647251069545746,1,16200,0.06768199987709522
BraTS-GLI-02549-102,gmm_2d,prediction_component,22,4,770,1.0,0.25334683060646057,top5_volume_union_top5_enh,100,,1.0,0.4429756700992584,8,0.14980478584766388,0.1449081301689148,1,14976,0.06351569993421435
BraTS-GLI-02549-102,gmm_2d,prediction_component,2,5,734,1.0,0.37689441442489624,top5_volume_union_top5_enh,100,,1.0,0.32672178745269775,3,0.07055389881134033,0.0,1,11550,0.04916610009968281
BraTS-GLI-02549-102,gmm_2d,prediction_component,100,22,123,1.0,0.48410332202911377,top5_volume_union_top5_enh,100,,1.0,0.024683475494384766,1,0.0,0.0,1,2244,0.008945500012487173
BraTS-GLI-02549-102,gmm_2d,prediction_component,98,66,25,1.0,0.5266016125679016,top5_volume_union_top5_enh,100,,1.0,0.0,1,0.0,0.0,1,729,0.0028111999854445457
BraTS-GLI-02549-102,gmm_2d,prediction_component,97,17,170,1.0,0.3948380947113037,top5_volume_union_top5_enh,100,,1.0,0.20617181062698364,2,0.2877308428287506,0.0,1,4080,0.01742639997974038
BraTS-GLI-02549-102,gmm_2d,prediction_component,95,39,64,1.0,0.46178144216537476,top5_volume_union_top5_enh,100,,1.0,0.0,1,0.0,0.0,1,1080,0.004086200147867203
BraTS-GLI-02549-102,gmm_2d,prediction_component,70,21,135,1.0,0.31377965211868286,top5_volume_union_top5_enh,100,,1.0,0.12435156106948853,2,0.0,0.0,1,2736,0.012599099893122911
BraTS-GLI-02549-102,variational_spline,prediction_component,1,1,140277,1.0,0.23245663940906525,top5_volume_union_top5_enh,1,,1.0,1.0,341,0.4702134430408478,0.314090758562088,3,123281,0.6354306000284851
BraTS-GLI-02553-101,GT_ET,true_et_cohort,1,1,21481,1.0,0.08857377618551254,all_components,2,,1.0,0.8843103479593992,83,0.3648034334182739,0.030285745859146118,1,269390,1.5190757000818849
BraTS-GLI-02553-101,GT_ET,true_et_cohort,2,2,67,0.9562382698059082,0.5197643637657166,all_components,2,,0.9562382698059082,0.04754495620727539,1,0.03711611032485962,0.0,1,840,0.00332729984074831
BraTS-GLI-02553-101,otsu_T1c,prediction_component,1,1,16783,1.0,0.612824022769928,top5_volume_union_top5_enh,1,,1.0,0.7240274772047997,39,0.7737071514129639,0.41326525807380676,2,77330,0.4052952001802623
BraTS-GLI-02553-101,gmm_T1c,prediction_component,1,1,20003,1.0,0.5542194247245789,top5_volume_union_top5_enh,1,,1.0,0.6636231653392315,53,0.6812878847122192,0.12709474563598633,2,83600,0.4100897000171244
BraTS-GLI-02553-101,sustraccion,prediction_component,6,1,65631,1.0,0.2729925215244293,top5_volume_union_top5_enh,87,,1.0,1.0,235,0.6936079859733582,0.27108194679021835,2,261954,1.3638869002461433
BraTS-GLI-02553-101,sustraccion,prediction_component,23,2,1708,1.0,0.40863609313964844,top5_volume_union_top5_enh,87,,1.0,0.47448453307151794,25,0.7102010250091553,0.06687554717063904,1,94600,0.46413199976086617
BraTS-GLI-02553-101,sustraccion,prediction_component,33,3,1212,1.0,0.39497238397598267,top5_volume_union_top5_enh,87,,1.0,0.3274070620536804,21,0.6304611563682556,0.0,1,44688,0.20607579965144396
BraTS-GLI-02553-101,sustraccion,prediction_component,78,4,1191,0.9668320417404175,0.38549453020095825,top5_volume_union_top5_enh,87,,0.9668320417404175,0.4198758900165558,13,0.49066033959388733,0.10341349244117737,1,21600,0.09324060007929802
BraTS-GLI-02553-101,sustraccion,prediction_component,16,5,1186,1.0,0.5111621618270874,top5_volume_union_top5_enh,87,,1.0,0.7572465389966965,12,0.3452310860157013,0.02264571189880371,1,85305,0.4276229999959469
BraTS-GLI-02553-101,sustraccion,prediction_component,76,52,19,1.0,0.499142050743103,top5_volume_union_top5_enh,87,,1.0,0.0,1,0.0,0.0,1,576,0.005379999987781048
BraTS-GLI-02553-101,sustraccion,prediction_component,79,59,17,1.0,0.6325895190238953,top5_volume_union_top5_enh,87,,1.0,0.0,1,0.0,0.0,1,504,0.004015600308775902
BraTS-GLI-02553-101,sustraccion,prediction_component,80,71,12,1.0,0.7011802196502686,top5_volume_union_top5_enh,87,,1.0,0.0,1,0.0,0.0,1,448,0.002559300046414137
BraTS-GLI-02553-101,sustraccion,prediction_component,14,71,12,1.0,0.26734238862991333,top5_volume_union_top5_enh,87,,1.0,0.0,1,0.0,0.0,1,392,0.0044283997267484665
BraTS-GLI-02553-101,gmm_2d,prediction_component,8,1,127927,1.0,0.16726802289485931,top5_volume_union_top5_enh,91,,1.0,1.0,181,0.6545485854148865,0.1500193476676941,3,110352,0.5719604999758303
BraTS-GLI-02553-101,gmm_2d,prediction_component,26,2,6236,1.0,0.18057052791118622,top5_volume_union_top5_enh,91,,1.0,1.0,53,0.7102010250091553,0.09515545889735222,1,269352,1.437982500065118
BraTS-GLI-02553-101,gmm_2d,prediction_component,7,3,3143,0.966459333896637,0.076680988073349,top5_volume_union_top5_enh,91,,0.966459333896637,0.7497797459363937,30,0.3098541647195816,0.0,1,58368,0.28917340002954006
BraTS-GLI-02553-101,gmm_2d,prediction_component,4,4,2563,1.0,0.25929269194602966,top5_volume_union_top5_enh,91,,1.0,0.5515685975551605,14,0.8392431735992432,0.004682362079620361,1,52164,0.2366933999583125
BraTS-GLI-02553-101,gmm_2d,prediction_component,22,5,2199,1.0,0.2308051586151123,top5_volume_union_top5_enh,91,,1.0,0.950157880783081,17,0.2079392671585083,0.0,1,61074,0.291072899941355
BraTS-GLI-02553-101,gmm_2d,prediction_component,83,43,50,1.0,0.26053303480148315,top5_volume_union_top5_enh,91,,1.0,0.38070791959762573,2,0.0,0.0,1,1440,0.00582870002835989
BraTS-GLI-02553-101,gmm_2d,prediction_component,77,21,127,1.0,0.3001820743083954,top5_volume_union_top5_enh,91,,1.0,0.10096156597137451,2,0.0,0.0,1,2520,0.0097288996912539
BraTS-GLI-02553-101,gmm_2d,prediction_component,79,32,75,1.0,0.28727057576179504,top5_volume_union_top5_enh,91,,1.0,0.16703778505325317,2,0.0,0.0,1,1728,0.006699900142848492
BraTS-GLI-02553-101,gmm_2d,prediction_component,76,58,25,1.0,0.2875927686691284,top5_volume_union_top5_enh,91,,1.0,0.0,1,0.0,0.0,1,729,0.002893600147217512
BraTS-GLI-02553-101,gmm_2d,prediction_component,75,58,25,1.0,0.3012787699699402,top5_volume_union_top5_enh,91,,1.0,0.0,1,0.0,0.0,1,729,0.002678500022739172
BraTS-GLI-02553-101,variational_spline,prediction_component,1,1,20009,1.0,0.5540884733200073,top5_volume_union_top5_enh,1,,1.0,0.6636231653392315,53,0.6812878847122192,0.12709474563598633,2,83600,0.4128371002152562
BraTS-GLI-02558-101,GT_ET,true_et_cohort,1,3,757,0.8952215313911438,0.171066552400589,all_components,7,,0.8952215313911438,0.3236886337399483,10,0.14437572471797466,0.0,1,28700,0.12940519955009222
BraTS-GLI-02558-101,GT_ET,true_et_cohort,2,1,2870,0.905870795249939,0.21092788875102997,all_components,7,,0.905870795249939,0.8157057911157608,26,0.29365459084510803,0.034417927265167236,1,43890,0.20210310025140643
BraTS-GLI-02558-101,GT_ET,true_et_cohort,3,6,13,0.017287690192461014,0.0013298223493620753,all_components,7,,0.017287690192461014,0.0,0,0.0,0.0,1,392,0.0017652004025876522
BraTS-GLI-02558-101,GT_ET,true_et_cohort,4,2,810,0.9032579660415649,0.08900851011276245,all_components,7,,0.9032579660415649,0.5936928391456604,7,0.05579167604446411,0.0,1,12636,0.05096690030768514
BraTS-GLI-02558-101,GT_ET,true_et_cohort,5,7,12,0.4804304540157318,0.2936285734176636,all_components,7,,0.4804304540157318,0.0,1,0.0,0.0,1,343,0.0013112998567521572
BraTS-GLI-02558-101,GT_ET,true_et_cohort,6,5,16,0.1917426735162735,0.04451921582221985,all_components,7,,0.1917426735162735,0.02129131183028221,1,0.0,0.0,1,504,0.002149099949747324
BraTS-GLI-02558-101,GT_ET,true_et_cohort,7,4,26,0.4159446060657501,0.25501492619514465,all_components,7,,0.4159446060657501,0.10477720201015472,2,0.0,0.0,1,616,0.002248599659651518
BraTS-GLI-02558-101,otsu_T1c,prediction_component,1,1,476803,1.0,0.030623795464634895,top5_volume_union_top5_enh,1,,1.0,1.0,169,0.6543149352073669,0.0,3,111456,0.5793794002383947
BraTS-GLI-02558-101,gmm_T1c,prediction_component,1,1,4530,1.0,0.7699382305145264,top5_volume_union_top5_enh,1,,1.0,0.30572372674942017,8,0.25278177857398987,0.034417927265167236,1,195804,0.9926578998565674
BraTS-GLI-02558-101,sustraccion,prediction_component,2,1,37983,1.0,0.4736446738243103,top5_volume_union_top5_enh,181,,1.0,1.0,208,0.6991465389728546,0.03244964778423309,2,277248,1.5069527002051473
BraTS-GLI-02558-101,sustraccion,prediction_component,37,2,740,1.0,0.42796146869659424,top5_volume_union_top5_enh,181,,1.0,0.7214359045028687,14,0.25497958064079285,0.005244135856628418,1,30240,0.13778469990938902
BraTS-GLI-02558-101,sustraccion,prediction_component,25,3,738,0.9781454205513,0.2804180681705475,top5_volume_union_top5_enh,181,,0.9781454205513,0.5977459847927094,9,0.2841642200946808,0.0,1,26880,0.1220591003075242
BraTS-GLI-02558-101,sustraccion,prediction_component,63,4,638,0.9964659810066223,0.4769693613052368,top5_volume_union_top5_enh,181,,0.9964659810066223,0.28348949551582336,8,0.5633079409599304,0.0,1,9504,0.04475919995456934
BraTS-GLI-02558-101,sustraccion,prediction_component,65,5,459,1.0,0.47753992676734924,top5_volume_union_top5_enh,181,,1.0,0.5001028180122375,5,0.40190693736076355,0.0,1,18720,0.08256810018792748
BraTS-GLI-02558-101,sustraccion,prediction_component,179,141,14,1.0,0.7135487198829651,top5_volume_union_top5_enh,181,,1.0,0.0,1,0.0,0.0,1,512,0.0021009999327361584
BraTS-GLI-02558-101,sustraccion,prediction_component,173,21,112,1.0,0.6217344999313354,top5_volume_union_top5_enh,181,,1.0,0.2004755735397339,2,0.0,0.0,1,5434,0.022844599559903145
BraTS-GLI-02558-101,sustraccion,prediction_component,135,141,14,1.0,0.426657497882843,top5_volume_union_top5_enh,181,,1.0,0.0,1,0.0,0.0,1,512,0.0020169997587800026
BraTS-GLI-02558-101,sustraccion,prediction_component,130,25,102,1.0,0.5399613976478577,top5_volume_union_top5_enh,181,,1.0,0.23443084955215454,2,0.49678829312324524,0.0,1,2340,0.008893799968063831
BraTS-GLI-02558-101,sustraccion,prediction_component,154,29,85,1.0,0.4666278064250946,top5_volume_union_top5_enh,181,,1.0,0.14616596698760986,2,0.0,0.0,1,1836,0.007006400264799595
BraTS-GLI-02558-101,gmm_2d,prediction_component,4,1,56523,1.0,0.2888365089893341,top5_volume_union_top5_enh,189,,1.0,1.0,171,0.47845160961151123,0.16254732012748718,2,240240,1.2797895995900035
BraTS-GLI-02558-101,gmm_2d,prediction_component,60,2,13823,1.0,0.301742821931839,top5_volume_union_top5_enh,189,,1.0,0.6749404966831207,66,0.5586119890213013,0.19658569991588593,1,266616,1.4210231001488864
BraTS-GLI-02558-101,gmm_2d,prediction_component,39,3,4677,1.0,0.1603493094444275,top5_volume_union_top5_enh,189,,1.0,0.9781454205513,34,0.25591129064559937,0.0,1,137800,0.7095204000361264
BraTS-GLI-02558-101,gmm_2d,prediction_component,55,4,3351,1.0,0.2478441596031189,top5_volume_union_top5_enh,189,,1.0,0.6928919553756714,31,0.3599185347557068,0.005244135856628418,1,157620,0.8104771999642253
BraTS-GLI-02558-101,gmm_2d,prediction_component,78,5,1106,0.9964659810066223,0.34800985455513,top5_volume_union_top5_enh,189,,0.9964659810066223,0.3264053463935852,6,0.4456520080566406,0.0,1,10800,0.04652550024911761
BraTS-GLI-02558-101,gmm_2d,prediction_component,186,120,25,1.0,0.4048088490962982,top5_volume_union_top5_enh,189,,1.0,0.0,1,0.0,0.0,1,729,0.0027585001662373543
BraTS-GLI-02558-101,gmm_2d,prediction_component,182,22,212,1.0,0.453143835067749,top5_volume_union_top5_enh,189,,1.0,0.0749325156211853,1,0.046864330768585205,0.0050199031829833984,1,3120,0.012346300296485424
BraTS-GLI-02558-101,gmm_2d,prediction_component,179,33,132,1.0,0.37853389978408813,top5_volume_union_top5_enh,189,,1.0,0.6356098353862762,2,0.009758174419403076,0.0,1,3150,0.012439900077879429
BraTS-GLI-02558-101,gmm_2d,prediction_component,181,20,228,1.0,0.4125000834465027,top5_volume_union_top5_enh,189,,1.0,0.7037092447280884,2,0.0,0.0,1,6720,0.026577400043606758
BraTS-GLI-02558-101,gmm_2d,prediction_component,161,23,208,1.0,0.26068252325057983,top5_volume_union_top5_enh,189,,1.0,0.14616596698760986,2,0.0,0.0,1,2926,0.01097920024767518
BraTS-GLI-02558-101,variational_spline,prediction_component,1,1,4530,1.0,0.7699382305145264,top5_volume_union_top5_enh,1,,1.0,0.30572372674942017,8,0.25278177857398987,0.034417927265167236,1,195804,1.0101101999171078
BraTS-GLI-02561-101,GT_ET,true_et_cohort,1,1,299,0.5092549324035645,0.09466779977083206,all_components,1,,0.5092549324035645,0.33270110189914703,4,0.04986070096492767,0.0,1,6120,0.024045999627560377
BraTS-GLI-02561-101,otsu_T1c,prediction_component,1,1,10684,1.0,0.721411943435669,top5_volume_union_top5_enh,1,,1.0,0.20873361825942993,14,0.5326524972915649,0.012069463729858398,2,56100,0.3125951001420617
BraTS-GLI-02561-101,gmm_T1c,prediction_component,1,1,11968,1.0,0.683534562587738,top5_volume_union_top5_enh,1,,1.0,0.7540730237960815,19,0.5194320678710938,0.016671955585479736,2,58956,0.3241588003002107
BraTS-GLI-02561-101,sustraccion,prediction_component,4,1,51379,1.0,0.26343095302581787,top5_volume_union_top5_enh,107,,1.0,0.9411729574203491,148,0.648611843585968,0.020373523235321045,2,243360,1.2921176999807358
BraTS-GLI-02561-101,sustraccion,prediction_component,42,2,1194,1.0,0.18565848469734192,top5_volume_union_top5_enh,107,,1.0,0.6273391842842102,25,0.4385851323604584,0.0,1,49972,0.2421575002372265
BraTS-GLI-02561-101,sustraccion,prediction_component,34,3,807,1.0,0.17541027069091797,top5_volume_union_top5_enh,107,,1.0,0.6861530616879463,16,0.08604897931218147,0.0,1,29120,0.12952429987490177
BraTS-GLI-02561-101,sustraccion,prediction_component,3,4,698,0.9656692147254944,0.2923499643802643,top5_volume_union_top5_enh,107,,0.9656692147254944,0.6105784140527248,9,0.6512295007705688,0.0,1,14112,0.05875669978559017
BraTS-GLI-02561-101,sustraccion,prediction_component,76,5,686,0.6202751398086548,0.09175825864076614,top5_volume_union_top5_enh,107,,0.6202751398086548,0.3648613691329956,6,0.1215709000825882,0.0010849237442016602,1,6783,0.02795040002092719
BraTS-GLI-02561-101,sustraccion,prediction_component,100,7,426,1.0,0.3040519654750824,top5_volume_union_top5_enh,107,,1.0,0.654548168182373,7,0.29249700903892517,0.0,1,15456,0.1199707998894155
BraTS-GLI-02561-101,sustraccion,prediction_component,83,82,12,1.0,0.716696560382843,top5_volume_union_top5_enh,107,,1.0,0.0,1,0.0,0.0,1,392,0.0016503003425896168
BraTS-GLI-02561-101,sustraccion,prediction_component,93,35,36,1.0,0.6618360877037048,top5_volume_union_top5_enh,107,,1.0,0.0,1,0.0,0.0,1,792,0.006148400250822306
BraTS-GLI-02561-101,sustraccion,prediction_component,31,6,470,1.0,0.28436848521232605,top5_volume_union_top5_enh,107,,1.0,0.11919965595006943,2,0.06777340918779373,0.0,1,6552,0.051968800369650126
BraTS-GLI-02561-101,gmm_2d,prediction_component,4,1,66289,1.0,0.20713163912296295,top5_volume_union_top5_enh,63,,1.0,1.0,128,0.597820021212101,0.02167367935180664,2,243873,1.2837094003334641
BraTS-GLI-02561-101,gmm_2d,prediction_component,1,2,2922,1.0,0.0610404871404171,top5_volume_union_top5_enh,63,,1.0,0.8371211290359497,19,0.1167372539639473,0.009095899760723114,1,60680,0.2914851000532508
BraTS-GLI-02561-101,gmm_2d,prediction_component,27,3,1478,0.0,0.0,top5_volume_union_top5_enh,63,,0.0,0.0,0,0.0,0.0,1,8736,0.04229920031502843
BraTS-GLI-02561-101,gmm_2d,prediction_component,26,4,1420,1.0,0.14488691091537476,top5_volume_union_top5_enh,63,,1.0,0.6273391842842102,16,0.4385851323604584,0.007875263690948486,1,43904,0.20548950042575598
BraTS-GLI-02561-101,gmm_2d,prediction_component,2,5,1135,0.9656692147254944,0.191458597779274,top5_volume_union_top5_enh,63,,0.9656692147254944,0.5294435769319534,8,0.4584094434976578,0.0,1,17457,0.07735660020262003
BraTS-GLI-02561-101,gmm_2d,prediction_component,60,7,770,1.0,0.1983388066291809,top5_volume_union_top5_enh,63,,1.0,0.654548168182373,10,0.24173478782176971,0.0,1,16800,0.07602969976142049
BraTS-GLI-02561-101,gmm_2d,prediction_component,53,39,38,1.0,0.3417785167694092,top5_volume_union_top5_enh,63,,1.0,0.0,1,0.0,0.0,1,810,0.003198799677193165
BraTS-GLI-02561-101,gmm_2d,prediction_component,56,32,47,1.0,0.47218602895736694,top5_volume_union_top5_enh,63,,1.0,0.0,1,0.0,0.0,1,900,0.0042687999084591866
BraTS-GLI-02561-101,gmm_2d,prediction_component,23,6,954,1.0,0.13748566806316376,top5_volume_union_top5_enh,63,,1.0,0.3523588180541992,8,0.06412475742399693,0.0,1,29754,0.1407272000797093
BraTS-GLI-02561-101,gmm_2d,prediction_component,22,8,668,1.0,0.21214453876018524,top5_volume_union_top5_enh,63,,1.0,0.11919965595006943,2,0.06777340918779373,0.0,1,6552,0.03304379992187023
BraTS-GLI-02561-101,variational_spline,prediction_component,1,1,11969,1.0,0.6834774613380432,top5_volume_union_top5_enh,1,,1.0,0.7540730237960815,19,0.5194320678710938,0.016671955585479736,2,58956,0.3026832998730242
BraTS-GLI-02635-100,otsu_T1c,absent_fp_component,1,1,464359,1.0,0.016624515876173973,top5_volume_union_top5_enh,1,,1.0,1.0,120,0.5857374668121338,0.0,3,102060,0.5155140999704599
BraTS-GLI-02635-100,gmm_T1c,absent_fp_component,1,1,498518,1.0,0.01750020869076252,top5_volume_union_top5_enh,1,,1.0,1.0,150,0.5857374668121338,0.0,3,102060,0.5035299998708069
BraTS-GLI-02635-100,sustraccion,absent_fp_component,12,1,45529,1.0,0.38183844089508057,top5_volume_union_top5_enh,125,,1.0,1.0,264,0.7753589153289795,0.20426739007234573,2,220374,1.2581885997205973
BraTS-GLI-02635-100,sustraccion,absent_fp_component,4,2,2463,0.9064024686813354,0.27155157923698425,top5_volume_union_top5_enh,125,,0.9064024686813354,0.8066554889082909,39,0.4748761057853699,0.023340431973338127,1,83776,0.42742389999330044
BraTS-GLI-02635-100,sustraccion,absent_fp_component,30,3,2203,1.0,0.4477146863937378,top5_volume_union_top5_enh,125,,1.0,0.3078264594078064,22,0.8793099522590637,0.04425348341464996,1,60639,0.292663199827075
BraTS-GLI-02635-100,sustraccion,absent_fp_component,29,4,979,1.0,0.4150039851665497,top5_volume_union_top5_enh,125,,1.0,0.22835910320281982,2,0.46730439364910126,0.15172932296991348,1,21700,0.09870909992605448
BraTS-GLI-02635-100,sustraccion,absent_fp_component,44,5,448,1.0,0.4946978986263275,top5_volume_union_top5_enh,125,,1.0,0.21950799226760864,4,0.7074890732765198,0.0,1,9856,0.04232789995148778
BraTS-GLI-02635-100,sustraccion,absent_fp_component,112,11,164,1.0,0.46622276306152344,top5_volume_union_top5_enh,125,,1.0,0.06430268287658691,1,0.15948110818862915,0.0,1,3888,0.015326299704611301
BraTS-GLI-02635-100,sustraccion,absent_fp_component,102,12,162,1.0,0.35636070370674133,top5_volume_union_top5_enh,125,,1.0,0.3652442395687103,5,0.30055469274520874,0.0,1,6624,0.027921500150114298
BraTS-GLI-02635-100,sustraccion,absent_fp_component,79,60,24,1.0,0.47503209114074707,top5_volume_union_top5_enh,125,,1.0,0.0,1,0.0,0.0,1,648,0.0033749002031981945
BraTS-GLI-02635-100,sustraccion,absent_fp_component,81,15,139,1.0,0.45843079686164856,top5_volume_union_top5_enh,125,,1.0,0.2817700207233429,2,0.07288022339344025,0.0,1,3072,0.013269500341266394
BraTS-GLI-02635-100,sustraccion,absent_fp_component,93,107,12,1.0,0.584204912185669,top5_volume_union_top5_enh,125,,1.0,0.0,1,0.0,0.0,1,448,0.001773499883711338
BraTS-GLI-02635-100,gmm_2d,absent_fp_component,10,1,41497,1.0,0.31669899821281433,top5_volume_union_top5_enh,80,,1.0,0.9661224484443665,156,0.9177479147911072,0.16292545199394226,2,210600,1.103639000095427
BraTS-GLI-02635-100,gmm_2d,absent_fp_component,17,2,4221,1.0,0.3662150204181671,top5_volume_union_top5_enh,80,,1.0,0.8262326419353485,16,0.7837126851081848,0.2243148684501648,1,134504,0.6942112999968231
BraTS-GLI-02635-100,gmm_2d,absent_fp_component,22,3,2476,1.0,0.3509131968021393,top5_volume_union_top5_enh,80,,1.0,0.3560907244682312,12,0.8793099522590637,0.04425348341464996,1,55080,0.26997270015999675
BraTS-GLI-02635-100,gmm_2d,absent_fp_component,2,4,1688,0.895809531211853,0.23271197080612183,top5_volume_union_top5_enh,80,,0.895809531211853,0.7346015423536301,17,0.4367561787366867,0.020431190729141235,1,40250,0.18891280004754663
BraTS-GLI-02635-100,gmm_2d,absent_fp_component,18,5,1420,1.0,0.35928672552108765,top5_volume_union_top5_enh,80,,1.0,0.9701935481280088,7,0.46730439364910126,0.12574443221092224,1,30400,0.14371810015290976
BraTS-GLI-02635-100,gmm_2d,absent_fp_component,79,45,25,1.0,0.3814327120780945,top5_volume_union_top5_enh,80,,1.0,0.0,1,0.0,0.0,1,729,0.003128199838101864
BraTS-GLI-02635-100,gmm_2d,absent_fp_component,77,23,67,1.0,0.5061249136924744,top5_volume_union_top5_enh,80,,1.0,0.0,1,0.0,0.0,1,1440,0.005540700163692236
BraTS-GLI-02635-100,gmm_2d,absent_fp_component,68,13,180,1.0,0.3533300757408142,top5_volume_union_top5_enh,80,,1.0,0.09857016801834106,1,0.0,0.0,1,3978,0.018134099896997213
BraTS-GLI-02635-100,gmm_2d,absent_fp_component,67,45,25,1.0,0.4023953676223755,top5_volume_union_top5_enh,80,,1.0,0.0,1,0.0,0.0,1,729,0.0045611001551151276
BraTS-GLI-02635-100,gmm_2d,absent_fp_component,9,15,171,1.0,0.34742140769958496,top5_volume_union_top5_enh,80,,1.0,0.06223493814468384,1,0.0,0.0,1,2002,0.009376300033181906
BraTS-GLI-02635-100,variational_spline,absent_fp_component,1,1,142154,1.0,0.175832599401474,top5_volume_union_top5_enh,1,,1.0,0.8527487069368362,441,0.5865837931632996,0.18684911727905273,2,260700,1.4039411996491253
BraTS-GLI-02664-100,otsu_T1c,absent_fp_component,1,1,578786,1.0,0.034157317131757736,top5_volume_union_top5_enh,1,,1.0,1.0,212,0.6326779127120972,0.0,3,161650,0.8831869000568986
BraTS-GLI-02664-100,gmm_T1c,absent_fp_component,1,1,10389,1.0,0.48154857754707336,top5_volume_union_top5_enh,1,,1.0,0.6915923953056335,16,0.5120009183883667,0.03101712465286255,2,113778,0.572738700080663
BraTS-GLI-02664-100,sustraccion,absent_fp_component,1,1,106564,1.0,0.16921719908714294,top5_volume_union_top5_enh,140,,1.0,0.8766150698065758,166,0.45637959241867065,0.09530118852853775,3,122451,0.6261464999988675
BraTS-GLI-02664-100,sustraccion,absent_fp_component,37,2,5804,1.0,0.448273241519928,top5_volume_union_top5_enh,140,,1.0,1.0,32,0.2503220736980438,0.0,2,58512,0.28610350005328655
BraTS-GLI-02664-100,sustraccion,absent_fp_component,38,3,1154,1.0,0.45755454897880554,top5_volume_union_top5_enh,140,,1.0,0.4410499930381775,10,0.5392717123031616,0.0222584530711174,1,11310,0.04665450006723404
BraTS-GLI-02664-100,sustraccion,absent_fp_component,98,4,950,0.7766802906990051,0.26552507281303406,top5_volume_union_top5_enh,140,,0.7766802906990051,0.4861125499010086,13,0.22832293808460236,0.0,1,53196,0.2601355002261698
BraTS-GLI-02664-100,sustraccion,absent_fp_component,7,5,666,1.0,0.44324538111686707,top5_volume_union_top5_enh,140,,1.0,0.287900447845459,3,0.1210595965385437,0.0,1,12400,0.05156739987432957
BraTS-GLI-02664-100,sustraccion,absent_fp_component,131,7,396,1.0,0.39643412828445435,top5_volume_union_top5_enh,140,,1.0,0.36227065324783325,8,0.5375140309333801,0.05342292785644531,1,6912,0.02746330015361309
BraTS-GLI-02664-100,sustraccion,absent_fp_component,3,26,74,1.0,0.2844095230102539,top5_volume_union_top5_enh,140,,1.0,0.03902781009674072,1,0.0,0.0,1,1320,0.005079400260001421
BraTS-GLI-02664-100,sustraccion,absent_fp_component,80,95,16,1.0,0.5677573084831238,top5_volume_union_top5_enh,140,,1.0,0.0,1,0.0,0.0,1,448,0.0020502000115811825
BraTS-GLI-02664-100,sustraccion,absent_fp_component,122,17,105,1.0,0.5445486903190613,top5_volume_union_top5_enh,140,,1.0,0.3150978684425354,2,0.0,0.0,1,2880,0.011368199717253447
BraTS-GLI-02664-100,sustraccion,absent_fp_component,50,16,109,1.0,0.6012364625930786,top5_volume_union_top5_enh,140,,1.0,0.09695959091186523,1,0.0,0.0,1,2548,0.01128469966351986
BraTS-GLI-02664-100,gmm_2d,absent_fp_component,8,1,95281,1.0,0.1855613738298416,top5_volume_union_top5_enh,131,,1.0,0.9119294136762619,138,0.47139400243759155,0.18739218078553677,3,110250,0.5992224998772144
BraTS-GLI-02664-100,gmm_2d,absent_fp_component,37,2,7147,1.0,0.3352527320384979,top5_volume_union_top5_enh,131,,1.0,0.8741755038499832,37,0.3818034827709198,0.0962337851524353,1,287616,1.595612000208348
BraTS-GLI-02664-100,gmm_2d,absent_fp_component,95,3,1803,0.7766802906990051,0.17471277713775635,top5_volume_union_top5_enh,131,,0.7766802906990051,0.467074915766716,17,0.3428226113319397,0.0,1,88560,0.4556380999274552
BraTS-GLI-02664-100,gmm_2d,absent_fp_component,110,4,1156,0.9198694229125977,0.2650279700756073,top5_volume_union_top5_enh,131,,0.9198694229125977,0.2624254524707794,5,0.06608545780181885,0.036796076223254204,1,16744,0.07169870007783175
BraTS-GLI-02664-100,gmm_2d,absent_fp_component,40,5,1121,1.0,0.38570085167884827,top5_volume_union_top5_enh,131,,1.0,0.4625591039657593,7,0.5555791854858398,0.0,1,12180,0.04982479987666011
BraTS-GLI-02664-100,gmm_2d,absent_fp_component,119,55,50,1.0,0.4830588102340698,top5_volume_union_top5_enh,131,,1.0,0.1180768609046936,2,0.2618887424468994,0.0,1,1440,0.005981700029224157
BraTS-GLI-02664-100,gmm_2d,absent_fp_component,126,7,826,1.0,0.2553430199623108,top5_volume_union_top5_enh,131,,1.0,0.36227065324783325,11,0.5118687152862549,0.015823647379875183,1,15624,0.06549929967150092
BraTS-GLI-02664-100,gmm_2d,absent_fp_component,125,59,47,1.0,0.4653671681880951,top5_volume_union_top5_enh,131,,1.0,0.0,1,0.0,0.0,1,900,0.003791400231420994
BraTS-GLI-02664-100,gmm_2d,absent_fp_component,2,22,175,1.0,0.16242751479148865,top5_volume_union_top5_enh,131,,1.0,0.03902781009674072,1,0.0,0.0,1,2730,0.010365700349211693
BraTS-GLI-02664-100,variational_spline,absent_fp_component,1,1,10389,1.0,0.48154857754707336,top5_volume_union_top5_enh,1,,1.0,0.6915923953056335,16,0.5120009183883667,0.03101712465286255,2,113778,0.5694813998416066
BraTS-GLI-02699-100,GT_ET,true_et_cohort,1,2,209,0.3602369725704193,0.1145716980099678,all_components,4,,0.3602369725704193,0.012286067008972168,1,0.0,0.0,1,1859,0.008219000417739153
BraTS-GLI-02699-100,GT_ET,true_et_cohort,2,1,13969,0.7549928426742554,0.10646606981754303,all_components,4,,0.7549928426742554,0.3726310133934021,21,0.27618807554244995,0.07617884874343872,1,77490,0.35625729989260435
BraTS-GLI-02699-100,GT_ET,true_et_cohort,3,4,93,0.1603870987892151,0.024429619312286377,all_components,4,,0.1603870987892151,0.0,1,0.0,0.0,1,1000,0.0037671001628041267
BraTS-GLI-02699-100,GT_ET,true_et_cohort,4,3,113,0.0,0.0,all_components,4,,0.0,0.0,0,0.0,0.0,1,1210,0.004890099633485079
BraTS-GLI-02699-100,otsu_T1c,prediction_component,1,1,21372,1.0,0.6298540234565735,top5_volume_union_top5_enh,1,,1.0,0.3473140597343445,31,0.7169451713562012,0.08453574776649475,2,235872,1.252500900067389
BraTS-GLI-02699-100,gmm_T1c,prediction_component,1,1,29113,1.0,0.5298198461532593,top5_volume_union_top5_enh,1,,1.0,0.5863026976585388,37,0.46447837352752686,0.16003304719924927,3,99360,0.4875483000651002
BraTS-GLI-02699-100,sustraccion,prediction_component,7,1,100592,1.0,0.29350733757019043,top5_volume_union_top5_enh,156,,1.0,1.0,179,0.4994870722293854,0.14755946397781372,3,151900,0.8397345999255776
BraTS-GLI-02699-100,sustraccion,prediction_component,42,2,791,0.5807631611824036,0.1664590686559677,top5_volume_union_top5_enh,156,,0.5807631611824036,0.34192270040512085,4,0.22065147757530212,0.14802145957946777,1,15525,0.06638740003108978
BraTS-GLI-02699-100,sustraccion,prediction_component,18,3,736,1.0,0.4875868558883667,top5_volume_union_top5_enh,156,,1.0,0.31577789783477783,8,0.10714417695999146,0.10016286373138428,1,28224,0.1266835001297295
BraTS-GLI-02699-100,sustraccion,prediction_component,138,4,445,0.2742556631565094,0.08227984607219696,top5_volume_union_top5_enh,156,,0.2742556631565094,0.19005697965621948,3,0.10102631151676178,0.0,1,7000,0.02983370004221797
BraTS-GLI-02699-100,sustraccion,prediction_component,1,5,354,0.8125712871551514,0.30360013246536255,top5_volume_union_top5_enh,156,,0.8125712871551514,0.37416401505470276,5,0.07123029232025146,0.0,1,9120,0.03893600031733513
BraTS-GLI-02699-100,sustraccion,prediction_component,15,122,12,1.0,0.46771278977394104,top5_volume_union_top5_enh,156,,1.0,0.0,1,0.0,0.0,1,392,0.0015038000419735909
BraTS-GLI-02699-100,sustraccion,prediction_component,19,7,219,1.0,0.35955530405044556,top5_volume_union_top5_enh,156,,1.0,0.3079950213432312,3,0.2731999456882477,0.005055516958236694,1,3888,0.015332600101828575
BraTS-GLI-02699-100,sustraccion,prediction_component,136,29,56,0.9750514030456543,0.27647122740745544,top5_volume_union_top5_enh,156,,0.9750514030456543,0.06290894746780396,1,0.0,0.0,1,864,0.003338600043207407
BraTS-GLI-02699-100,gmm_2d,prediction_component,8,1,102083,1.0,0.1536875069141388,top5_volume_union_top5_enh,176,,1.0,1.0,184,0.3849773705005646,0.13210150599479675,3,133672,0.6887015998363495
BraTS-GLI-02699-100,gmm_2d,prediction_component,144,2,1521,0.24895818531513214,0.019273631274700165,top5_volume_union_top5_enh,176,,0.24895818531513214,0.10196629166603088,2,0.09116291999816895,0.0,1,17100,0.07323400024324656
BraTS-GLI-02699-100,gmm_2d,prediction_component,1,3,851,0.8125712871551514,0.17166170477867126,top5_volume_union_top5_enh,176,,0.8125712871551514,0.5260806977748871,7,0.07123029232025146,0.0,1,13440,0.05618100007995963
BraTS-GLI-02699-100,gmm_2d,prediction_component,40,4,606,1.0,0.2359379678964615,top5_volume_union_top5_enh,176,,1.0,0.7539282441139221,7,0.6948041915893555,0.0,1,16588,0.07569839991629124
BraTS-GLI-02699-100,gmm_2d,prediction_component,49,5,509,0.3602369725704193,0.06182558089494705,top5_volume_union_top5_enh,176,,0.3602369725704193,0.020517408847808838,1,0.015120074152946472,0.0,1,4998,0.020684000104665756
BraTS-GLI-02699-100,gmm_2d,prediction_component,24,12,338,1.0,0.24017183482646942,top5_volume_union_top5_enh,176,,1.0,0.3326183557510376,4,0.07557374238967896,0.04079809784889221,1,5985,0.023327399976551533
BraTS-GLI-02699-100,gmm_2d,prediction_component,33,62,68,1.0,0.7802095413208008,top5_volume_union_top5_enh,176,,1.0,0.0,1,0.07121479511260986,0.021731317043304443,1,1210,0.004893900360912085
BraTS-GLI-02699-100,gmm_2d,prediction_component,43,120,25,1.0,0.4549226462841034,top5_volume_union_top5_enh,176,,1.0,0.0,1,0.0,0.0,1,729,0.003319800365716219
BraTS-GLI-02699-100,variational_spline,prediction_component,1,1,29115,1.0,0.5298091769218445,top5_volume_union_top5_enh,1,,1.0,0.5863026976585388,37,0.46447837352752686,0.16003304719924927,3,99360,0.49187290016561747
BraTS-GLI-02701-100,otsu_T1c,absent_fp_component,1,1,24591,1.0,0.42621859908103943,top5_volume_union_top5_enh,1,,1.0,1.0,54,0.349445104598999,0.01817917823791504,3,111510,0.5890293996781111
BraTS-GLI-02701-100,gmm_T1c,absent_fp_component,1,1,27803,1.0,0.4036642014980316,top5_volume_union_top5_enh,1,,1.0,1.0,62,0.41256827116012573,0.01817917823791504,3,111510,0.5717095998115838
BraTS-GLI-02701-100,sustraccion,absent_fp_component,8,1,102644,1.0,0.24925024807453156,top5_volume_union_top5_enh,176,,1.0,0.9355576038360596,194,0.408113956451416,0.0691414475440979,3,135240,0.697059900034219
BraTS-GLI-02701-100,sustraccion,absent_fp_component,2,2,2109,0.5352357029914856,0.06728105992078781,top5_volume_union_top5_enh,176,,0.5352357029914856,0.37119701504707336,9,0.058004230260849,0.0,1,34776,0.15945669962093234
BraTS-GLI-02701-100,sustraccion,absent_fp_component,6,3,1385,0.4422118663787842,0.04559402912855148,top5_volume_union_top5_enh,176,,0.4422118663787842,0.30986419320106506,5,0.09531450271606445,0.0,1,23345,0.09884849982336164
BraTS-GLI-02701-100,sustraccion,absent_fp_component,81,4,1122,0.4741296172142029,0.10661263018846512,top5_volume_union_top5_enh,176,,0.4741296172142029,0.33106064796447754,4,0.10501877963542938,0.0,1,21168,0.09467789996415377
BraTS-GLI-02701-100,sustraccion,absent_fp_component,124,5,770,1.0,0.344374418258667,top5_volume_union_top5_enh,176,,1.0,0.5939573049545288,7,0.12089380621910095,0.03279811143875122,1,53460,0.28927520010620356
BraTS-GLI-02701-100,sustraccion,absent_fp_component,163,7,500,1.0,0.451571524143219,top5_volume_union_top5_enh,176,,1.0,0.32308006286621094,10,0.15746697783470154,0.025103747844696045,1,42336,0.19564509997144341
BraTS-GLI-02701-100,sustraccion,absent_fp_component,157,21,131,1.0,0.44521570205688477,top5_volume_union_top5_enh,176,,1.0,0.18813157081604004,3,0.0,0.0,1,3696,0.016213099937886
BraTS-GLI-02701-100,sustraccion,absent_fp_component,134,78,33,1.0,0.4713987410068512,top5_volume_union_top5_enh,176,,1.0,0.0,1,0.0,0.0,1,704,0.003548900131136179
BraTS-GLI-02701-100,gmm_2d,absent_fp_component,27,1,64599,0.9691214561462402,0.020715398713946342,top5_volume_union_top5_enh,387,,0.7555391788482666,0.7131350040435791,142,0.14845243096351624,0.0,2,231000,1.213233900256455
BraTS-GLI-02701-100,gmm_2d,absent_fp_component,1,2,10639,0.6466532349586487,0.024173852056264877,top5_volume_union_top5_enh,387,,0.6466532349586487,0.34611767530441284,21,0.17710351943969727,0.11139610409736633,1,113850,0.5718861999921501
BraTS-GLI-02701-100,gmm_2d,absent_fp_component,71,3,8176,0.9310556650161743,0.12693050503730774,top5_volume_union_top5_enh,387,,0.9310556650161743,0.856258749961853,61,0.5536597371101379,0.3757479786872864,1,114608,0.5724061001092196
BraTS-GLI-02701-100,gmm_2d,absent_fp_component,57,4,4903,0.9744040966033936,0.1752396821975708,top5_volume_union_top5_enh,387,,0.9744040966033936,0.4968211054801941,49,0.6370459198951721,0.4628593921661377,1,70840,0.34657130017876625
BraTS-GLI-02701-100,gmm_2d,absent_fp_component,160,5,1628,0.5346764326095581,0.027641447260975838,top5_volume_union_top5_enh,387,,0.5346764326095581,0.3744845688343048,10,0.11017414927482605,0.0,1,30720,0.13854609988629818
BraTS-GLI-02701-100,gmm_2d,absent_fp_component,66,16,466,0.9145500659942627,0.15083937346935272,top5_volume_union_top5_enh,387,,0.9145500659942627,0.5734197795391083,4,0.4761786162853241,0.0,1,12650,0.0542109003290534
BraTS-GLI-02701-100,gmm_2d,absent_fp_component,2,73,116,0.9048619866371155,0.24974875152111053,top5_volume_union_top5_enh,387,,0.9048619866371155,0.16718155145645142,2,0.0024756193161010742,0.0,1,1716,0.00695009995251894
BraTS-GLI-02701-100,variational_spline,absent_fp_component,1,1,27798,1.0,0.40373682975769043,top5_volume_union_top5_enh,1,,1.0,1.0,62,0.41256827116012573,0.01817917823791504,3,111510,0.5551430997438729
BraTS-GLI-02744-100,GT_ET,true_et_cohort,1,1,68,0.0,0.0,all_components,1,,0.0,0.0,0,0.0,0.0,1,792,0.0034302999265491962
BraTS-GLI-02744-100,otsu_T1c,prediction_component,1,1,13696,1.0,0.4527880549430847,top5_volume_union_top5_enh,1,,1.0,0.7534634470939636,64,0.4945651888847351,0.0260392427444458,2,105450,0.5124133001081645
BraTS-GLI-02744-100,gmm_T1c,prediction_component,1,1,18359,1.0,0.4009380340576172,top5_volume_union_top5_enh,1,,1.0,0.9312170743942261,95,0.5744728446006775,0.023882299661636353,2,178640,0.9352775001898408
BraTS-GLI-02744-100,sustraccion,prediction_component,1,1,79606,1.0,0.1737111359834671,top5_volume_union_top5_enh,154,,1.0,1.0,183,0.37232068181037903,0.0,3,114210,0.5749258999712765
BraTS-GLI-02744-100,sustraccion,prediction_component,21,2,931,1.0,0.2342006117105484,top5_volume_union_top5_enh,154,,1.0,0.5915034711360931,10,0.022436976432800293,0.0,1,18700,0.08097600005567074
BraTS-GLI-02744-100,sustraccion,prediction_component,4,3,637,0.9097776412963867,0.06321819871664047,top5_volume_union_top5_enh,154,,0.9097776412963867,0.7630013227462769,6,0.0,0.0,1,19448,0.08786340011283755
BraTS-GLI-02744-100,sustraccion,prediction_component,22,4,620,0.7321344017982483,0.05954666808247566,top5_volume_union_top5_enh,154,,0.7321344017982483,0.30400794744491577,11,0.08495921827852726,0.0,1,16000,0.07006870023906231
BraTS-GLI-02744-100,sustraccion,prediction_component,101,5,381,0.8048565983772278,0.04647527262568474,top5_volume_union_top5_enh,154,,0.8048565983772278,0.4418521225452423,5,0.06584960222244263,0.0,1,10206,0.04250670038163662
BraTS-GLI-02744-100,sustraccion,prediction_component,126,26,100,0.9711540341377258,0.31384751200675964,top5_volume_union_top5_enh,154,,0.9711540341377258,0.16043627262115479,2,0.0,0.0,1,2002,0.008006899617612362
BraTS-GLI-02744-100,sustraccion,prediction_component,91,72,27,0.9221217632293701,0.23821012675762177,top5_volume_union_top5_enh,154,,0.9221217632293701,0.0,1,0.0,0.0,1,616,0.0022892002016305923
BraTS-GLI-02744-100,gmm_2d,prediction_component,2,1,78069,1.0,0.16812552511692047,top5_volume_union_top5_enh,124,,1.0,1.0,158,0.49271494150161743,0.0,3,109296,0.544319000095129
BraTS-GLI-02744-100,gmm_2d,prediction_component,105,2,1442,0.7174531817436218,0.10337743908166885,top5_volume_union_top5_enh,124,,0.7174531817436218,0.5697549358010292,12,0.24666625261306763,0.0060795447789132595,1,48633,0.22393660014495254
BraTS-GLI-02744-100,gmm_2d,prediction_component,24,3,1146,1.0,0.18960419297218323,top5_volume_union_top5_enh,124,,1.0,0.7389876507222652,9,0.022436976432800293,0.0,1,14850,0.061253500171005726
BraTS-GLI-02744-100,gmm_2d,prediction_component,38,4,1083,1.0,0.10570841282606125,top5_volume_union_top5_enh,124,,1.0,0.7021691203117371,10,0.14029721170663834,0.0666513741016388,1,25740,0.11107419990003109
BraTS-GLI-02744-100,gmm_2d,prediction_component,20,5,657,0.7509844303131104,0.08603154867887497,top5_volume_union_top5_enh,124,,0.7509844303131104,0.31090691685676575,5,0.0,0.0,1,13120,0.0585054000839591
BraTS-GLI-02744-100,gmm_2d,prediction_component,98,31,119,0.9711540341377258,0.24599240720272064,top5_volume_union_top5_enh,124,,0.9711540341377258,0.009241580963134766,1,0.0,0.0,1,1859,0.007347799837589264
BraTS-GLI-02744-100,gmm_2d,prediction_component,69,73,25,0.9221217632293701,0.2167624682188034,top5_volume_union_top5_enh,124,,0.9221217632293701,0.0,1,0.0,0.0,1,729,0.0027817999944090843
BraTS-GLI-02744-100,variational_spline,prediction_component,1,1,18359,1.0,0.4009380340576172,top5_volume_union_top5_enh,1,,1.0,0.9312170743942261,95,0.5744728446006775,0.023882299661636353,2,178640,0.9427244998514652
BraTS-GLI-02744-101,GT_ET,true_et_cohort,1,1,51,0.7892248630523682,0.435212105512619,all_components,1,,0.7892248630523682,0.0,1,0.0,0.0,1,880,0.003691599704325199
BraTS-GLI-02744-101,otsu_T1c,prediction_component,1,1,9747,1.0,0.4254626929759979,top5_volume_union_top5_enh,1,,1.0,0.9194784313440323,41,0.5981908440589905,0.010618865489959717,2,115640,0.6132498001679778
BraTS-GLI-02744-101,gmm_T1c,prediction_component,1,1,10437,1.0,0.41557174921035767,top5_volume_union_top5_enh,1,,1.0,0.9194784313440323,44,0.5981908440589905,0.010618865489959717,2,119560,0.5989861004054546
BraTS-GLI-02744-101,sustraccion,prediction_component,1,1,21416,1.0,0.39748984575271606,top5_volume_union_top5_enh,235,,1.0,1.0,74,0.3609265089035034,0.0,3,93808,0.4663526997901499
BraTS-GLI-02744-101,sustraccion,prediction_component,91,2,9318,1.0,0.32754769921302795,top5_volume_union_top5_enh,235,,1.0,0.8268269002437592,21,0.4439233988523483,0.1814151555299759,1,202540,1.0560892997309566
BraTS-GLI-02744-101,sustraccion,prediction_component,51,3,7091,1.0,0.33002495765686035,top5_volume_union_top5_enh,235,,1.0,0.6207801699638367,17,0.3721903860569,0.03231886029243469,1,148074,0.8013579999096692
BraTS-GLI-02744-101,sustraccion,prediction_component,58,4,6016,1.0,0.34058651328086853,top5_volume_union_top5_enh,235,,1.0,0.8450615853071213,17,0.3659595251083374,0.06491035223007202,1,113529,0.5815400001592934
BraTS-GLI-02744-101,sustraccion,prediction_component,115,5,1322,1.0,0.3520205020904541,top5_volume_union_top5_enh,235,,1.0,0.3558740019798279,5,0.35219210386276245,0.08398966491222382,1,20646,0.09436540026217699
BraTS-GLI-02744-101,sustraccion,prediction_component,235,177,17,1.0,0.7225940227508545,top5_volume_union_top5_enh,235,,1.0,0.0,1,0.0,0.0,1,441,0.0018007000908255577
BraTS-GLI-02744-101,sustraccion,prediction_component,229,87,59,1.0,0.6582641005516052,top5_volume_union_top5_enh,235,,1.0,0.0,1,0.0,0.0,1,1170,0.005628800019621849
BraTS-GLI-02744-101,sustraccion,prediction_component,231,121,39,1.0,0.723822295665741,top5_volume_union_top5_enh,235,,1.0,0.0,1,0.0,0.0,1,770,0.003226699773222208
BraTS-GLI-02744-101,sustraccion,prediction_component,219,11,767,1.0,0.6185703873634338,top5_volume_union_top5_enh,235,,1.0,0.3516916036605835,6,0.9429100155830383,0.0,1,16606,0.07398559991270304
BraTS-GLI-02744-101,sustraccion,prediction_component,92,75,72,1.0,0.4076264798641205,top5_volume_union_top5_enh,235,,1.0,0.008856505155563354,1,0.0,0.0,1,1287,0.005267799831926823
BraTS-GLI-02744-101,gmm_2d,prediction_component,1,1,394312,1.0,0.07406263798475266,top5_volume_union_top5_enh,87,,1.0,1.0,341,0.3671658933162689,0.01581432204693556,3,116640,0.5898209000006318
BraTS-GLI-02744-101,gmm_2d,prediction_component,18,2,962,0.7563179135322571,0.036049798130989075,top5_volume_union_top5_enh,87,,0.7563179135322571,0.293072909116745,5,0.08005113014951348,0.0,1,8602,0.035266300197690725
BraTS-GLI-02744-101,gmm_2d,prediction_component,27,3,921,1.0,0.1137368455529213,top5_volume_union_top5_enh,87,,1.0,0.1478050947189331,2,0.0362011194229126,0.0,1,5491,0.02083190018311143
BraTS-GLI-02744-101,gmm_2d,prediction_component,23,4,603,0.7400854825973511,0.03725805506110191,top5_volume_union_top5_enh,87,,0.7400854825973511,0.03473120927810669,1,0.02960183098912239,0.0,1,5168,0.020329900085926056
BraTS-GLI-02744-101,gmm_2d,prediction_component,4,5,592,1.0,0.13342270255088806,top5_volume_union_top5_enh,87,,1.0,0.774010956287384,5,0.16739386320114136,0.0008461624383926392,1,6732,0.02956860000267625
BraTS-GLI-02744-101,gmm_2d,prediction_component,78,57,44,1.0,0.2602374851703644,top5_volume_union_top5_enh,87,,1.0,0.0,1,0.0,0.0,1,1000,0.004345700144767761
BraTS-GLI-02744-101,gmm_2d,prediction_component,22,16,227,0.9761238694190979,0.05982906371355057,top5_volume_union_top5_enh,87,,0.9761238694190979,0.0,1,0.0,0.0,1,2184,0.00848110020160675
BraTS-GLI-02744-101,variational_spline,prediction_component,1,1,10438,1.0,0.4155370593070984,top5_volume_union_top5_enh,1,,1.0,0.9194784313440323,44,0.5981908440589905,0.010618865489959717,2,119560,0.5941296997480094
BraTS-GLI-02746-100,GT_ET,true_et_cohort,1,1,120,1.0,0.6632848381996155,all_components,1,,1.0,0.11133033037185669,2,0.06464141607284546,0.012757420539855957,1,1980,0.007991400081664324
BraTS-GLI-02746-100,otsu_T1c,prediction_component,1,1,564641,1.0,0.042230650782585144,top5_volume_union_top5_enh,1,,1.0,1.0,239,0.5679895281791687,0.06328713893890381,3,137616,0.7603851002641022
BraTS-GLI-02746-100,gmm_T1c,prediction_component,1,1,15865,1.0,0.5741420984268188,top5_volume_union_top5_enh,1,,1.0,0.794253408908844,60,0.7038176655769348,0.03856736421585083,2,136998,0.7007892997935414
BraTS-GLI-02746-100,sustraccion,prediction_component,2,1,105869,1.0,0.3369169533252716,top5_volume_union_top5_enh,169,,1.0,0.9051888659596443,343,0.49060510098934174,0.17611216008663177,3,134505,0.6979195000603795
BraTS-GLI-02746-100,sustraccion,prediction_component,1,2,1662,1.0,0.3078738749027252,top5_volume_union_top5_enh,169,,1.0,0.5494128428399563,8,0.22390645742416382,0.04329794645309448,1,44064,0.22825999977067113
BraTS-GLI-02746-100,sustraccion,prediction_component,78,3,383,1.0,0.4100372791290283,top5_volume_union_top5_enh,169,,1.0,0.5262185335159302,6,0.016906678676605225,0.0,1,13824,0.0611183000728488
BraTS-GLI-02746-100,sustraccion,prediction_component,37,4,352,1.0,0.3249140977859497,top5_volume_union_top5_enh,169,,1.0,0.32346150279045105,4,0.2556939423084259,0.0,1,12673,0.05121019994840026
BraTS-GLI-02746-100,sustraccion,prediction_component,126,5,320,1.0,0.3500688374042511,top5_volume_union_top5_enh,169,,1.0,0.18344935774803162,5,0.05908489227294922,0.0,1,11050,0.046980100218206644
BraTS-GLI-02746-100,sustraccion,prediction_component,167,34,59,1.0,0.4515496790409088,top5_volume_union_top5_enh,169,,1.0,0.8251337483525276,2,0.0,0.0,1,1440,0.0056884996592998505
BraTS-GLI-02746-100,sustraccion,prediction_component,163,79,26,1.0,0.41583555936813354,top5_volume_union_top5_enh,169,,1.0,0.31359952688217163,2,0.0,0.0,1,648,0.0025117998011410236
BraTS-GLI-02746-100,sustraccion,prediction_component,136,6,223,1.0,0.33192622661590576,top5_volume_union_top5_enh,169,,1.0,0.3914361000061035,5,0.2996443808078766,0.0,1,7956,0.03318620007485151
BraTS-GLI-02746-100,sustraccion,prediction_component,135,7,215,1.0,0.5005865693092346,top5_volume_union_top5_enh,169,,1.0,0.08310437202453613,1,0.0,0.0,1,9724,0.04027780005708337
BraTS-GLI-02746-100,sustraccion,prediction_component,160,17,104,1.0,0.4280526041984558,top5_volume_union_top5_enh,169,,1.0,0.40985433757305145,2,0.011846698820590973,0.0,1,2704,0.010904799681156874
BraTS-GLI-02746-100,gmm_2d,prediction_component,2,1,168070,1.0,0.22186705470085144,top5_volume_union_top5_enh,134,,1.0,0.9823561906814575,348,0.6769020557403564,0.02155357599258423,3,140300,0.7176843998022377
BraTS-GLI-02746-100,gmm_2d,prediction_component,1,2,1849,1.0,0.26715192198753357,top5_volume_union_top5_enh,134,,1.0,0.38899731636047363,4,0.22390645742416382,0.04329794645309448,1,27048,0.12306659994646907
BraTS-GLI-02746-100,gmm_2d,prediction_component,8,3,949,0.5731868147850037,0.0541989728808403,top5_volume_union_top5_enh,134,,0.5731868147850037,0.27441853284835815,4,0.0,0.0,1,14812,0.061994200106710196
BraTS-GLI-02746-100,gmm_2d,prediction_component,35,4,813,1.0,0.26448899507522583,top5_volume_union_top5_enh,134,,1.0,0.4229189157485962,8,0.05520734563469887,0.0,1,24725,0.10851950012147427
BraTS-GLI-02746-100,gmm_2d,prediction_component,61,5,694,1.0,0.25941142439842224,top5_volume_union_top5_enh,134,,1.0,0.6076790392398834,5,0.16095681488513947,0.0,1,14375,0.060140099842101336
BraTS-GLI-02746-100,gmm_2d,prediction_component,133,28,117,1.0,0.27980583906173706,top5_volume_union_top5_enh,134,,1.0,0.09587621688842773,1,0.0,0.0,1,2028,0.008408500347286463
BraTS-GLI-02746-100,gmm_2d,prediction_component,129,74,38,1.0,0.2668379545211792,top5_volume_union_top5_enh,134,,1.0,0.0,1,0.0,0.0,1,900,0.0037197000347077847
BraTS-GLI-02746-100,gmm_2d,prediction_component,110,7,445,1.0,0.24947211146354675,top5_volume_union_top5_enh,134,,1.0,0.17007344961166382,4,0.05908489227294922,0.0,1,7938,0.032069199718534946
BraTS-GLI-02746-100,gmm_2d,prediction_component,105,8,438,1.0,0.28516915440559387,top5_volume_union_top5_enh,134,,1.0,0.22535133361816406,2,0.0,0.0,1,12236,0.051613299641758204
BraTS-GLI-02746-100,gmm_2d,prediction_component,123,25,127,1.0,0.2876763939857483,top5_volume_union_top5_enh,134,,1.0,0.08689814805984497,1,0.008251845836639404,0.0,1,1716,0.0074304998852312565
BraTS-GLI-02746-100,variational_spline,prediction_component,1,1,15866,1.0,0.5741162300109863,top5_volume_union_top5_enh,1,,1.0,0.794253408908844,60,0.7038176655769348,0.03856736421585083,2,136998,0.7011004998348653
BraTS-GLI-02753-100,GT_ET,true_et_cohort,1,3,248,0.21272523701190948,0.012195438146591187,all_components,5,,0.21272523701190948,0.009039782918989658,1,0.0,0.0,1,2550,0.01023019989952445
BraTS-GLI-02753-100,GT_ET,true_et_cohort,2,5,19,0.0,0.0,all_components,5,,0.0,0.0,0,0.0,0.0,1,392,0.001697000116109848
BraTS-GLI-02753-100,GT_ET,true_et_cohort,3,1,3760,0.9822127819061279,0.03851993754506111,all_components,5,,0.9822127819061279,0.9065612554550171,8,0.11883805692195892,0.0,1,40600,0.18206819985061884
BraTS-GLI-02753-100,GT_ET,true_et_cohort,4,4,174,0.22677263617515564,0.008279258385300636,all_components,5,,0.22677263617515564,0.09503164887428284,1,0.0,0.0,1,2520,0.010513199958950281
BraTS-GLI-02753-100,GT_ET,true_et_cohort,5,2,1888,0.6992393136024475,0.021784618496894836,all_components,5,,0.6992393136024475,0.3645133674144745,7,0.0024320988450199366,0.0,1,18800,0.08193059964105487
BraTS-GLI-02753-100,otsu_T1c,prediction_component,1,1,20399,1.0,0.4867132306098938,top5_volume_union_top5_enh,1,,1.0,0.9391841888427734,62,0.5547136068344116,0.0,3,114480,0.5754475998692214
BraTS-GLI-02753-100,gmm_T1c,prediction_component,1,1,19737,1.0,0.4927428364753723,top5_volume_union_top5_enh,1,,1.0,0.9391841888427734,60,0.5547136068344116,0.0,3,114480,0.5755193997174501
BraTS-GLI-02753-100,sustraccion,prediction_component,4,1,34925,1.0,0.42477840185165405,top5_volume_union_top5_enh,262,,1.0,1.0,107,0.49962517619132996,0.0,3,126900,0.6432782998308539
BraTS-GLI-02753-100,sustraccion,prediction_component,8,2,13858,1.0,0.3436111807823181,top5_volume_union_top5_enh,262,,1.0,0.8113717585802078,34,0.63490229845047,0.0,2,57195,0.27474060002714396
BraTS-GLI-02753-100,sustraccion,prediction_component,13,3,7402,1.0,0.3809424042701721,top5_volume_union_top5_enh,262,,1.0,0.8174116313457489,29,0.7547240853309631,0.0025485455989837646,1,260072,1.346892399713397
BraTS-GLI-02753-100,sustraccion,prediction_component,81,4,6879,1.0,0.35789263248443604,top5_volume_union_top5_enh,262,,1.0,0.7240197062492371,21,0.3606140613555908,0.0,1,188370,0.9674937999807298
BraTS-GLI-02753-100,sustraccion,prediction_component,20,5,3494,0.627760112285614,0.3230949640274048,top5_volume_union_top5_enh,262,,0.627760112285614,0.14735034108161926,3,0.32653477787971497,0.0,1,143360,0.7397722997702658
BraTS-GLI-02753-100,sustraccion,prediction_component,262,128,46,1.0,0.5726193189620972,top5_volume_union_top5_enh,262,,1.0,0.0,1,0.0,0.0,1,864,0.0036615999415516853
BraTS-GLI-02753-100,sustraccion,prediction_component,21,76,90,1.0,0.5323559045791626,top5_volume_union_top5_enh,262,,1.0,0.024436771869659424,1,0.12635385990142822,0.0,1,2340,0.010075600352138281
BraTS-GLI-02753-100,sustraccion,prediction_component,57,74,94,1.0,0.4743541181087494,top5_volume_union_top5_enh,262,,1.0,0.013831734657287598,1,0.3952524662017822,0.0,1,1792,0.007464800029993057
BraTS-GLI-02753-100,sustraccion,prediction_component,42,11,1276,1.0,0.348340779542923,top5_volume_union_top5_enh,262,,1.0,0.17293184995651245,3,0.32511600852012634,0.0,1,14580,0.06303470022976398
BraTS-GLI-02753-100,gmm_2d,prediction_component,1,1,565020,1.0,0.06849405169487,top5_volume_union_top5_enh,50,,1.0,0.986620306968689,523,0.33641931414604187,0.01475289836525917,3,148400,0.7751627997495234
BraTS-GLI-02753-100,gmm_2d,prediction_component,6,2,2179,0.788419783115387,0.04529504105448723,top5_volume_union_top5_enh,50,,0.788419783115387,0.3138730525970459,6,0.046245276927948,0.0,1,42042,0.19293730007484555
BraTS-GLI-02753-100,gmm_2d,prediction_component,24,3,1011,0.9148472547531128,0.06257886439561844,top5_volume_union_top5_enh,50,,0.9148472547531128,0.5571738183498383,7,0.05459586903452873,0.0,1,22344,0.09639040008187294
BraTS-GLI-02753-100,gmm_2d,prediction_component,39,4,783,0.7841379046440125,0.04693903028964996,top5_volume_union_top5_enh,50,,0.7841379046440125,0.6409889459609985,5,0.11045023798942566,0.0,1,15686,0.06680170027539134
BraTS-GLI-02753-100,gmm_2d,prediction_component,23,5,637,0.9266454577445984,0.06786671280860901,top5_volume_union_top5_enh,50,,0.9266454577445984,0.7151082633063197,5,0.035945385694503784,0.0,1,10353,0.04355420032516122
BraTS-GLI-02753-100,gmm_2d,prediction_component,50,23,77,1.0,0.2779256999492645,top5_volume_union_top5_enh,50,,1.0,0.26920729875564575,2,0.0,0.0,1,1170,0.004607100039720535
BraTS-GLI-02753-100,gmm_2d,prediction_component,45,19,100,1.0,0.05327014625072479,top5_volume_union_top5_enh,50,,1.0,0.0,1,0.0,0.0,1,1872,0.00733509985730052
BraTS-GLI-02753-100,gmm_2d,prediction_component,20,7,441,0.941875159740448,0.04301159456372261,top5_volume_union_top5_enh,50,,0.941875159740448,0.22496537864208221,2,0.0390213206410408,0.0,1,5940,0.023664299864321947
BraTS-GLI-02753-100,variational_spline,prediction_component,1,1,19658,1.0,0.49472299218177795,top5_volume_union_top5_enh,1,,1.0,0.9391841888427734,60,0.5547136068344116,0.0,3,114480,0.5803701998665929
BraTS-GLI-02755-101,GT_ET,true_et_cohort,1,1,488,0.265906423330307,0.019775183871388435,all_components,3,,0.265906423330307,0.1591794639825821,3,0.026796475052833557,0.0,1,7524,0.030550800263881683
BraTS-GLI-02755-101,GT_ET,true_et_cohort,2,3,57,1.0,0.7031657695770264,all_components,3,,1.0,0.01624244451522827,1,0.0,0.0,1,1050,0.004373699892312288
BraTS-GLI-02755-101,GT_ET,true_et_cohort,3,2,160,1.0,0.5971267819404602,all_components,3,,1.0,0.2283605933189392,4,0.07589274644851685,0.0,1,1600,0.006232900079339743
BraTS-GLI-02755-101,otsu_T1c,prediction_component,1,1,12591,0.9951856136322021,0.47180700302124023,top5_volume_union_top5_enh,1,,0.9338642358779907,0.8347210884094238,42,0.507388174533844,0.2058457899838686,2,161280,0.8661581999622285
BraTS-GLI-02755-101,gmm_T1c,prediction_component,1,1,21959,1.0,0.3576759099960327,top5_volume_union_top5_enh,1,,1.0,0.8092150092124939,94,0.44354715943336487,0.30882062017917633,2,247632,1.323714999947697
BraTS-GLI-02755-101,sustraccion,prediction_component,1,1,81530,1.0,0.2503634989261627,top5_volume_union_top5_enh,170,,1.0,1.0,278,0.529338538646698,0.0,3,135877,0.705090600065887
BraTS-GLI-02755-101,sustraccion,prediction_component,146,2,914,0.9275791049003601,0.218465656042099,top5_volume_union_top5_enh,170,,0.9275791049003601,0.7886816263198853,24,0.5002398164942861,0.0,1,37740,0.17550779972225428
BraTS-GLI-02755-101,sustraccion,prediction_component,15,3,664,0.8486036658287048,0.14172470569610596,top5_volume_union_top5_enh,170,,0.8486036658287048,0.7817763090133667,7,0.1969013512134552,0.0,1,14880,0.06309799989685416
BraTS-GLI-02755-101,sustraccion,prediction_component,2,4,635,0.914672315120697,0.2792072594165802,top5_volume_union_top5_enh,170,,0.914672315120697,0.3828451931476593,10,0.5415424108505249,0.0,1,20412,0.09236459992825985
BraTS-GLI-02755-101,sustraccion,prediction_component,152,5,605,1.0,0.29218557476997375,top5_volume_union_top5_enh,170,,1.0,0.814801037311554,17,0.3499431908130646,0.0,1,26912,0.12230669986456633
BraTS-GLI-02755-101,sustraccion,prediction_component,165,26,93,1.0,0.2785932421684265,top5_volume_union_top5_enh,170,,1.0,0.4890514612197876,6,0.0,0.0,1,3952,0.016287100035697222
BraTS-GLI-02755-101,sustraccion,prediction_component,167,23,101,1.0,0.39646604657173157,top5_volume_union_top5_enh,170,,1.0,0.1989670991897583,3,0.017643719911575317,0.0,1,1890,0.007377400062978268
BraTS-GLI-02755-101,sustraccion,prediction_component,147,81,24,1.0,0.6113839149475098,top5_volume_union_top5_enh,170,,1.0,0.021411895751953125,1,0.0,0.0,1,720,0.002960499841719866
BraTS-GLI-02755-101,sustraccion,prediction_component,157,38,51,1.0,0.5372394323348999,top5_volume_union_top5_enh,170,,1.0,0.5105057954788208,2,0.25518324971199036,0.0,1,1575,0.006082700099796057
BraTS-GLI-02755-101,gmm_2d,prediction_component,2,1,9524,1.0,0.11371392756700516,top5_volume_union_top5_enh,205,,0.8679152131080627,0.8313089194707572,71,0.744025707244873,0.0,2,68880,0.3334693000651896
BraTS-GLI-02755-101,gmm_2d,prediction_component,74,2,5672,0.8419179320335388,0.17392486333847046,top5_volume_union_top5_enh,205,,0.8419179320335388,0.8258985877037048,27,0.5138985514640808,0.0,2,40656,0.18574050022289157
BraTS-GLI-02755-101,gmm_2d,prediction_component,17,3,4984,1.0,0.18690437078475952,top5_volume_union_top5_enh,205,,1.0,0.9503056667745113,52,0.4920070767402649,0.2162982001900673,1,158100,0.811964999884367
BraTS-GLI-02755-101,gmm_2d,prediction_component,138,4,2742,1.0,0.1906210333108902,top5_volume_union_top5_enh,205,,1.0,0.8073593378067017,30,0.38708531856536865,0.06970816105604172,1,107184,0.5300731002353132
BraTS-GLI-02755-101,gmm_2d,prediction_component,29,5,2724,1.0,0.1524125188589096,top5_volume_union_top5_enh,205,,1.0,0.8257598429918289,45,0.4427748918533325,0.3217819631099701,1,137641,0.7016873001120985
BraTS-GLI-02755-101,gmm_2d,prediction_component,202,115,46,1.0,0.25217095017433167,top5_volume_union_top5_enh,205,,1.0,0.1487877368927002,2,0.0,0.0,1,1100,0.005051000043749809
BraTS-GLI-02755-101,gmm_2d,prediction_component,153,12,905,1.0,0.3346883952617645,top5_volume_union_top5_enh,205,,1.0,0.8131377100944519,14,0.8342760801315308,0.3840281069278717,1,21546,0.096299699973315
BraTS-GLI-02755-101,gmm_2d,prediction_component,155,85,77,1.0,0.33430179953575134,top5_volume_union_top5_enh,205,,1.0,0.1303066611289978,2,0.05373108386993408,0.0,1,1430,0.006533200386911631
BraTS-GLI-02755-101,gmm_2d,prediction_component,182,8,1852,1.0,0.22244596481323242,top5_volume_union_top5_enh,205,,1.0,0.630891352891922,21,0.29408659785985947,0.0,1,28842,0.12911560013890266
BraTS-GLI-02755-101,gmm_2d,prediction_component,179,109,50,1.0,0.28243640065193176,top5_volume_union_top5_enh,205,,1.0,0.0,1,0.0,0.0,1,1296,0.005917999893426895
BraTS-GLI-02755-101,variational_spline,prediction_component,1,1,21959,1.0,0.3576759099960327,top5_volume_union_top5_enh,1,,1.0,0.8092150092124939,94,0.44354715943336487,0.30882062017917633,2,247632,1.2989439996890724
BraTS-GLI-02761-101,GT_ET,true_et_cohort,1,1,3264,0.8956592679023743,0.2809116542339325,all_components,1,,0.8956592679023743,0.16057023406028748,6,0.13276498019695282,0.08980214595794678,1,15444,0.06281379982829094
BraTS-GLI-02761-101,otsu_T1c,prediction_component,1,1,11109,0.9705052971839905,0.5512346625328064,top5_volume_union_top5_enh,1,,0.9348888397216797,0.9247176647186279,20,0.1921042501926422,0.0297662615776062,2,154752,0.8102337997406721
BraTS-GLI-02761-101,gmm_T1c,prediction_component,1,1,16539,1.0,0.4687933027744293,top5_volume_union_top5_enh,1,,0.9705052971839905,0.6977716535329819,34,0.5795606970787048,0.1860101893544197,2,198588,1.0125911999493837
BraTS-GLI-02761-101,sustraccion,prediction_component,3,1,62160,1.0,0.3025887608528137,top5_volume_union_top5_enh,134,,1.0,0.924641321413219,163,0.48503389954566956,0.0,3,104940,0.5182141000404954
BraTS-GLI-02761-101,sustraccion,prediction_component,32,2,5460,1.0,0.30919602513313293,top5_volume_union_top5_enh,134,,1.0,0.6820376217365265,42,0.5557435154914856,0.0,1,168084,0.8462863001041114
BraTS-GLI-02761-101,sustraccion,prediction_component,95,3,1276,0.8874338865280151,0.2038111388683319,top5_volume_union_top5_enh,134,,0.8874338865280151,0.5635594129562378,13,0.129683718085289,0.0,1,44880,0.20482310000807047
BraTS-GLI-02761-101,sustraccion,prediction_component,49,4,958,0.917044997215271,0.25988197326660156,top5_volume_union_top5_enh,134,,0.917044997215271,0.3094664216041565,7,0.21400156617164612,0.0,1,37128,0.16726489970460534
BraTS-GLI-02761-101,sustraccion,prediction_component,51,5,704,0.7901867628097534,0.17550377547740936,top5_volume_union_top5_enh,134,,0.7901867628097534,0.30411817133426666,4,0.1332421898841858,0.0,1,38220,0.17418000008910894
BraTS-GLI-02761-101,sustraccion,prediction_component,130,109,12,1.0,0.4831373989582062,top5_volume_union_top5_enh,134,,1.0,0.0,1,0.0,0.0,1,448,0.002202299889177084
BraTS-GLI-02761-101,sustraccion,prediction_component,6,19,138,1.0,0.5291513800621033,top5_volume_union_top5_enh,134,,1.0,0.0,1,0.0,0.0,1,1755,0.006818699650466442
BraTS-GLI-02761-101,sustraccion,prediction_component,107,14,189,1.0,0.32374149560928345,top5_volume_union_top5_enh,134,,1.0,0.31647661328315735,3,0.0,0.0,1,6600,0.02604210004210472
BraTS-GLI-02761-101,sustraccion,prediction_component,111,34,78,1.0,0.3851507008075714,top5_volume_union_top5_enh,134,,1.0,0.0631418228149414,1,0.0,0.0,1,1540,0.005766100250184536
BraTS-GLI-02761-101,gmm_2d,prediction_component,80,1,5099,1.0,0.1828373223543167,top5_volume_union_top5_enh,229,,1.0,0.8732431530952454,37,0.5913805365562439,0.21637819707393646,1,141900,0.7300381003879011
BraTS-GLI-02761-101,gmm_2d,prediction_component,15,2,4888,1.0,0.16629062592983246,top5_volume_union_top5_enh,229,,1.0,0.961538553237915,53,0.5120768547058105,0.06805180758237839,1,144196,0.7623544000089169
BraTS-GLI-02761-101,gmm_2d,prediction_component,28,3,4187,1.0,0.06576401740312576,top5_volume_union_top5_enh,229,,1.0,0.7304717404767871,36,0.20381036400794983,0.017313480377197266,1,191760,0.9817045996896923
BraTS-GLI-02761-101,gmm_2d,prediction_component,32,4,3583,1.0,0.15738555788993835,top5_volume_union_top5_enh,229,,1.0,0.687639445066452,33,0.5544394254684448,0.1478489488363266,1,59400,0.2827908000908792
BraTS-GLI-02761-101,gmm_2d,prediction_component,12,5,2382,1.0,0.11542560160160065,top5_volume_union_top5_enh,229,,1.0,0.6931686997413635,29,0.33058011531829834,0.09927763789892197,1,121524,0.6126411999575794
BraTS-GLI-02761-101,gmm_2d,prediction_component,158,98,74,1.0,0.26328831911087036,top5_volume_union_top5_enh,229,,1.0,0.11970454454421997,2,0.0,0.0,1,1300,0.005213600117713213
BraTS-GLI-02761-101,gmm_2d,prediction_component,77,28,328,1.0,0.1867120862007141,top5_volume_union_top5_enh,229,,1.0,0.8993890956044197,4,0.7483147382736206,0.0,1,4732,0.018856899812817574
BraTS-GLI-02761-101,gmm_2d,prediction_component,76,25,353,1.0,0.23400144279003143,top5_volume_union_top5_enh,229,,1.0,0.7784972190856934,6,0.26532530784606934,0.0,1,6600,0.02703210012987256
BraTS-GLI-02761-101,gmm_2d,prediction_component,106,53,161,1.0,0.1234707236289978,top5_volume_union_top5_enh,229,,1.0,0.15817859768867493,2,0.04837723448872566,0.0,1,2310,0.009223199915140867
BraTS-GLI-02761-101,variational_spline,prediction_component,1,1,16539,1.0,0.4687933027744293,top5_volume_union_top5_enh,1,,0.9705052971839905,0.6977716535329819,34,0.5795606970787048,0.1860101893544197,2,198588,1.0121778002940118
BraTS-GLI-02789-101,otsu_T1c,absent_fp_component,1,1,13813,1.0,0.48825523257255554,top5_volume_union_top5_enh,1,,0.9606419205665588,0.7845041751861572,33,0.3167957663536072,0.03916814923286438,2,171654,0.88845119997859
BraTS-GLI-02789-101,gmm_T1c,absent_fp_component,1,1,15792,1.0,0.4592662453651428,top5_volume_union_top5_enh,1,,0.9606419205665588,0.8353922367095947,39,0.46160584688186646,0.03916814923286438,2,183915,0.9421382998116314
BraTS-GLI-02789-101,sustraccion,prediction_component,1,1,4672,0.8098416924476624,0.5117825269699097,top5_volume_union_top5_enh,32,,0.7576850652694702,0.4157043993473053,9,0.0581967830657959,0.0011187195777893066,2,39235,0.18243250017985702
BraTS-GLI-02789-101,sustraccion,prediction_component,2,2,2217,1.0,0.6413068771362305,top5_volume_union_top5_enh,32,,1.0,0.25312840938568115,11,0.5886114239692688,0.09848320484161377,1,80340,0.39047540025785565
BraTS-GLI-02789-101,sustraccion,prediction_component,7,3,510,1.0,0.6735583543777466,top5_volume_union_top5_enh,32,,1.0,0.31695979833602905,12,0.7793669104576111,0.07033491134643555,1,37944,0.1749324998818338
BraTS-GLI-02789-101,sustraccion,prediction_component,15,4,357,0.8327644467353821,0.6776900291442871,top5_volume_union_top5_enh,32,,0.8327644467353821,0.08666878938674927,1,0.02154719829559326,0.0,1,5130,0.020542600192129612
BraTS-GLI-02789-101,sustraccion,prediction_component,18,5,230,1.0,0.8225696086883545,top5_volume_union_top5_enh,32,,1.0,0.04471909999847412,1,0.12777549028396606,0.02229517698287964,1,4536,0.01832279982045293
BraTS-GLI-02789-101,sustraccion,prediction_component,29,13,36,1.0,0.8726122975349426,top5_volume_union_top5_enh,32,,1.0,0.09824621677398682,1,0.0,0.0,1,1040,0.00431239977478981
BraTS-GLI-02789-101,sustraccion,prediction_component,25,12,38,1.0,0.6858130693435669,top5_volume_union_top5_enh,32,,1.0,0.17955553531646729,2,0.057034969329833984,0.006120741367340088,1,1287,0.00526919960975647
BraTS-GLI-02789-101,sustraccion,prediction_component,20,21,19,1.0,0.8320282697677612,top5_volume_union_top5_enh,32,,1.0,0.1420072317123413,2,0.0,0.0,1,630,0.00243790028616786
BraTS-GLI-02789-101,sustraccion,prediction_component,21,15,32,1.0,0.6183370351791382,top5_volume_union_top5_enh,32,,1.0,0.0,1,0.0,0.0,1,720,0.002765299752354622
BraTS-GLI-02789-101,gmm_2d,absent_fp_component,1,1,58548,1.0,0.2659868597984314,top5_volume_union_top5_enh,152,,1.0,1.0,121,0.6070042848587036,0.0,3,147392,0.7514733001589775
BraTS-GLI-02789-101,gmm_2d,absent_fp_component,9,2,15705,1.0,0.3206231892108917,top5_volume_union_top5_enh,152,,1.0,0.8729255497455597,75,0.663722368888557,0.3389301896095276,2,137475,0.6947896997444332
BraTS-GLI-02789-101,gmm_2d,absent_fp_component,90,3,2106,1.0,0.22478920221328735,top5_volume_union_top5_enh,152,,1.0,0.574792355298996,14,0.3516501784324646,0.09600549517199397,1,144760,0.7275633998215199
BraTS-GLI-02789-101,gmm_2d,absent_fp_component,75,4,1915,0.9390347599983215,0.2923538386821747,top5_volume_union_top5_enh,152,,0.9390347599983215,0.42989103496074677,12,0.17013424634933472,0.08831522613763809,1,97524,0.4765301002189517
BraTS-GLI-02789-101,gmm_2d,absent_fp_component,74,5,1319,1.0,0.3373834788799286,top5_volume_union_top5_enh,152,,1.0,0.36697912216186523,8,0.2746945321559906,0.0,1,50388,0.22695309994742274
BraTS-GLI-02789-101,gmm_2d,absent_fp_component,151,55,64,1.0,0.4630350172519684,top5_volume_union_top5_enh,152,,1.0,0.0,1,0.0,0.05283701419830322,1,1320,0.0062500000931322575
BraTS-GLI-02789-101,gmm_2d,absent_fp_component,148,74,50,1.0,0.37121185660362244,top5_volume_union_top5_enh,152,,1.0,0.013663113117218018,1,0.0,0.0,1,1000,0.004075199831277132
BraTS-GLI-02789-101,gmm_2d,absent_fp_component,11,34,122,1.0,0.3104991018772125,top5_volume_union_top5_enh,152,,1.0,0.01577538251876831,1,0.0,0.0,1,2002,0.008082699961960316
BraTS-GLI-02789-101,variational_spline,absent_fp_component,1,1,15792,1.0,0.4592662453651428,top5_volume_union_top5_enh,1,,0.9606419205665588,0.8353922367095947,39,0.46160584688186646,0.03916814923286438,2,183915,0.9400781001895666
BraTS-GLI-02793-100,otsu_T1c,absent_fp_component,1,1,19983,1.0,0.5003184676170349,top5_volume_union_top5_enh,1,,1.0,0.6417189240455627,72,0.6371389627456665,0.2891930341720581,2,235290,1.2434898000210524
BraTS-GLI-02793-100,gmm_T1c,absent_fp_component,1,1,21010,1.0,0.4888792335987091,top5_volume_union_top5_enh,1,,1.0,0.59257972240448,73,0.6371389627456665,0.2891930341720581,2,235290,1.224075899925083
BraTS-GLI-02793-100,sustraccion,absent_fp_component,4,1,101584,1.0,0.2440675050020218,top5_volume_union_top5_enh,185,,1.0,1.0,292,0.42853498458862305,0.14024963229894638,3,142786,0.7397133000195026
BraTS-GLI-02793-100,sustraccion,absent_fp_component,66,2,2750,1.0,0.1567217856645584,top5_volume_union_top5_enh,185,,1.0,0.675900936126709,23,0.2966916337609291,0.002619478851556778,1,63726,0.30358680011704564
BraTS-GLI-02793-100,sustraccion,absent_fp_component,156,3,2223,0.8740455508232117,0.1383170336484909,top5_volume_union_top5_enh,185,,0.8740455508232117,0.7748984694480896,23,0.15244433283805847,0.0,1,73226,0.35696010012179613
BraTS-GLI-02793-100,sustraccion,absent_fp_component,75,4,347,0.6245092153549194,0.09978263080120087,top5_volume_union_top5_enh,185,,0.6245092153549194,0.4673091024160385,6,0.01615442894399166,0.0,1,10404,0.04279589978978038
BraTS-GLI-02793-100,sustraccion,absent_fp_component,21,5,339,1.0,0.3451031744480133,top5_volume_union_top5_enh,185,,1.0,0.7380024194717407,5,0.0,0.0,1,17160,0.07470200024545193
BraTS-GLI-02793-100,sustraccion,absent_fp_component,71,14,142,1.0,0.2512168288230896,top5_volume_union_top5_enh,185,,1.0,0.31266525387763977,4,0.0,0.0,1,3888,0.016017400193959475
BraTS-GLI-02793-100,sustraccion,absent_fp_component,20,143,12,0.9966837167739868,0.34232938289642334,top5_volume_union_top5_enh,185,,0.9966837167739868,0.0,1,0.0,0.0,1,392,0.0016328999772667885
BraTS-GLI-02793-100,gmm_2d,absent_fp_component,4,1,116382,1.0,0.19382251799106598,top5_volume_union_top5_enh,147,,1.0,1.0,235,0.5801895149052143,0.04584681987762451,3,117600,0.5937068001367152
BraTS-GLI-02793-100,gmm_2d,absent_fp_component,114,2,4346,0.9744929671287537,0.2153020054101944,top5_volume_union_top5_enh,147,,0.9744929671287537,0.5277739763259888,17,0.2992851138114929,0.05250179581344128,1,84747,0.42765620024874806
BraTS-GLI-02793-100,gmm_2d,absent_fp_component,64,3,3147,1.0,0.132991224527359,top5_volume_union_top5_enh,147,,1.0,0.675900936126709,19,0.2966916337609291,0.002619478851556778,1,56700,0.2662006998434663
BraTS-GLI-02793-100,gmm_2d,absent_fp_component,47,4,2971,0.9967248439788818,0.2010098248720169,top5_volume_union_top5_enh,147,,0.9967248439788818,0.576903760433197,17,0.38519662618637085,0.006556287407875061,1,95571,0.4686591001227498
BraTS-GLI-02793-100,gmm_2d,absent_fp_component,121,5,2838,0.8740455508232117,0.10709226876497269,top5_volume_union_top5_enh,147,,0.8740455508232117,0.7145869135856628,20,0.15244433283805847,0.0,1,67821,0.3237769999541342
BraTS-GLI-02793-100,gmm_2d,absent_fp_component,63,56,53,1.0,0.2854084372520447,top5_volume_union_top5_enh,147,,1.0,0.0,1,0.0,0.0,1,1000,0.004157399758696556
BraTS-GLI-02793-100,gmm_2d,absent_fp_component,19,7,586,1.0,0.2174082100391388,top5_volume_union_top5_enh,147,,1.0,0.9878408685326576,3,0.0,0.0,1,16926,0.07204069988802075
BraTS-GLI-02793-100,variational_spline,absent_fp_component,1,1,21010,1.0,0.4888792335987091,top5_volume_union_top5_enh,1,,1.0,0.59257972240448,73,0.6371389627456665,0.2891930341720581,2,235290,1.2204666999168694
BraTS-GLI-02793-101,otsu_T1c,absent_fp_component,1,1,16382,1.0,0.4218047261238098,top5_volume_union_top5_enh,1,,1.0,0.6780791282653809,50,0.4533587098121643,0.08013496920466423,2,236640,1.2606043997220695
BraTS-GLI-02793-101,gmm_T1c,absent_fp_component,1,1,18837,1.0,0.40274879336357117,top5_volume_union_top5_enh,1,,1.0,0.7579195499420166,63,0.5519565343856812,0.08013496920466423,2,252126,1.3109800000675023
BraTS-GLI-02793-101,sustraccion,absent_fp_component,16,1,40530,1.0,0.33751198649406433,top5_volume_union_top5_enh,142,,1.0,1.0,133,0.41699159145355225,0.02332462929189205,3,94987,0.4649374997243285
BraTS-GLI-02793-101,sustraccion,absent_fp_component,83,2,1921,1.0,0.4374942481517792,top5_volume_union_top5_enh,142,,1.0,0.4012640714645386,36,0.7616866827011108,0.24298125505447388,1,146944,0.7711474001407623
BraTS-GLI-02793-101,sustraccion,absent_fp_component,22,3,1851,1.0,0.26998835802078247,top5_volume_union_top5_enh,142,,1.0,0.6222466677427292,30,0.30115729570388794,0.1334843635559082,1,77922,0.4116583000868559
BraTS-GLI-02793-101,sustraccion,absent_fp_component,43,4,1055,1.0,0.40587833523750305,top5_volume_union_top5_enh,142,,1.0,0.3967413902282715,9,0.2621646523475647,0.12339992821216583,1,45920,0.21034080022946
BraTS-GLI-02793-101,sustraccion,absent_fp_component,50,5,974,1.0,0.403568297624588,top5_volume_union_top5_enh,142,,1.0,0.46645593643188477,8,0.30477364361286163,0.055368341505527496,1,29484,0.1282017999328673
BraTS-GLI-02793-101,sustraccion,absent_fp_component,138,101,14,1.0,0.5570968985557556,top5_volume_union_top5_enh,142,,1.0,0.1688886284828186,2,0.0,0.0,1,640,0.0026182997971773148
BraTS-GLI-02793-101,sustraccion,absent_fp_component,129,48,37,1.0,0.6172789335250854,top5_volume_union_top5_enh,142,,1.0,0.09019142389297485,1,0.0,0.0,1,1248,0.005038099829107523
BraTS-GLI-02793-101,sustraccion,absent_fp_component,132,15,176,1.0,0.5152328610420227,top5_volume_union_top5_enh,142,,1.0,0.362814724445343,4,0.19920402765274048,0.0,1,6688,0.02810119977220893
BraTS-GLI-02793-101,sustraccion,absent_fp_component,130,27,71,1.0,0.6107723712921143,top5_volume_union_top5_enh,142,,1.0,0.15437722206115723,2,0.0,0.0,1,1638,0.006748899817466736
BraTS-GLI-02793-101,sustraccion,absent_fp_component,134,84,19,1.0,0.5969715714454651,top5_volume_union_top5_enh,142,,1.0,0.0,1,0.0,0.0,1,576,0.002409399952739477
BraTS-GLI-02793-101,gmm_2d,absent_fp_component,14,1,70818,1.0,0.21567638218402863,top5_volume_union_top5_enh,142,,1.0,1.0,149,0.4297933802008629,0.18137061223387718,3,101332,0.4864187999628484
BraTS-GLI-02793-101,gmm_2d,absent_fp_component,92,2,2862,1.0,0.298978328704834,top5_volume_union_top5_enh,142,,1.0,0.8199206814169884,31,0.5132997632026672,0.0698363184928894,1,140220,0.7132713999599218
BraTS-GLI-02793-101,gmm_2d,absent_fp_component,48,3,1636,1.0,0.2787337601184845,top5_volume_union_top5_enh,142,,1.0,0.6077377498149872,9,0.2621646523475647,0.12339992821216583,1,43560,0.20015590032562613
BraTS-GLI-02793-101,gmm_2d,absent_fp_component,40,4,1489,1.0,0.19341064989566803,top5_volume_union_top5_enh,142,,1.0,0.39173275232315063,17,0.4664948284626007,0.014014188200235367,1,29016,0.1294704000465572
BraTS-GLI-02793-101,gmm_2d,absent_fp_component,3,5,869,1.0,0.14405082166194916,top5_volume_union_top5_enh,142,,1.0,1.0,15,0.04983292520046234,0.08826079219579697,1,31680,0.14300360018387437
BraTS-GLI-02793-101,gmm_2d,absent_fp_component,141,85,25,1.0,0.4431101083755493,top5_volume_union_top5_enh,142,,1.0,0.0,1,0.0,0.0,1,729,0.0031783999875187874
BraTS-GLI-02793-101,gmm_2d,absent_fp_component,140,85,25,1.0,0.3388000428676605,top5_volume_union_top5_enh,142,,1.0,0.0,1,0.0,0.0,1,729,0.002679599914699793
BraTS-GLI-02793-101,gmm_2d,absent_fp_component,137,14,231,1.0,0.32394349575042725,top5_volume_union_top5_enh,142,,1.0,0.1707441806793213,3,0.14309793710708618,0.0,1,3570,0.013940600212663412
BraTS-GLI-02793-101,gmm_2d,absent_fp_component,130,26,141,1.0,0.35103893280029297,top5_volume_union_top5_enh,142,,1.0,0.15437722206115723,2,0.0,0.0,1,2310,0.008701100014150143
BraTS-GLI-02793-101,gmm_2d,absent_fp_component,129,75,38,1.0,0.40515100955963135,top5_volume_union_top5_enh,142,,1.0,0.0,1,0.0,0.0,1,900,0.003916999790817499
BraTS-GLI-02793-101,variational_spline,absent_fp_component,1,1,18837,1.0,0.40274879336357117,top5_volume_union_top5_enh,1,,1.0,0.7579195499420166,63,0.5519565343856812,0.08013496920466423,2,252126,1.3097593998536468
BraTS-GLI-02799-100,GT_ET,true_et_cohort,1,3,43,0.5476312041282654,0.13657407462596893,all_components,3,,0.5476312041282654,0.10603675991296768,2,0.0,0.0,1,1512,0.006099999882280827
BraTS-GLI-02799-100,GT_ET,true_et_cohort,2,2,77,0.25886625051498413,0.019951408728957176,all_components,3,,0.25886625051498413,0.0,1,0.0,0.0,1,990,0.003709800075739622
BraTS-GLI-02799-100,GT_ET,true_et_cohort,3,1,103,0.2990274429321289,0.03105589561164379,all_components,3,,0.2990274429321289,0.12784631550312042,2,0.0,0.0,1,1352,0.0057935998775064945
BraTS-GLI-02799-100,otsu_T1c,prediction_component,1,1,14188,1.0,0.45916229486465454,top5_volume_union_top5_enh,1,,1.0,1.0,52,0.5264204144477844,0.09615877270698547,2,168840,0.8944663996808231
BraTS-GLI-02799-100,gmm_T1c,prediction_component,1,1,14753,1.0,0.4496375322341919,top5_volume_union_top5_enh,1,,1.0,1.0,53,0.5264204144477844,0.09615877270698547,2,171520,0.8724873000755906
BraTS-GLI-02799-100,sustraccion,prediction_component,6,1,57906,1.0,0.2871505916118622,top5_volume_union_top5_enh,149,,1.0,1.0,188,0.4194219410419464,0.0,3,120960,0.6276539997197688
BraTS-GLI-02799-100,sustraccion,prediction_component,37,2,1214,0.9325575232505798,0.2663417458534241,top5_volume_union_top5_enh,149,,0.9325575232505798,0.7121925055980682,13,0.4945417046546936,0.0,1,69300,0.3362527000717819
BraTS-GLI-02799-100,sustraccion,prediction_component,114,3,855,1.0,0.37233272194862366,top5_volume_union_top5_enh,149,,1.0,0.27971258759498596,7,0.030477821826934814,0.0,1,88550,0.42401000019162893
BraTS-GLI-02799-100,sustraccion,prediction_component,4,4,754,1.0,0.3309597671031952,top5_volume_union_top5_enh,149,,1.0,0.4268859624862671,9,0.1800839900970459,0.0,1,19448,0.08555029984563589
BraTS-GLI-02799-100,sustraccion,prediction_component,7,5,620,1.0,0.36389902234077454,top5_volume_union_top5_enh,149,,1.0,0.36320430040359497,5,0.26131606101989746,0.0,1,12276,0.054065899923443794
BraTS-GLI-02799-100,sustraccion,prediction_component,147,12,233,1.0,0.4800349175930023,top5_volume_union_top5_enh,149,,1.0,0.37921082973480225,3,0.026758134365081787,0.0,1,4693,0.01826419960707426
BraTS-GLI-02799-100,sustraccion,prediction_component,131,14,226,1.0,0.31651273369789124,top5_volume_union_top5_enh,149,,1.0,0.18354177474975586,3,0.045531585812568665,0.0,1,9196,0.03814999992027879
BraTS-GLI-02799-100,sustraccion,prediction_component,143,24,114,1.0,0.4469381272792816,top5_volume_union_top5_enh,149,,1.0,0.05020564794540405,1,0.0,0.0,1,1848,0.007190600037574768
BraTS-GLI-02799-100,sustraccion,prediction_component,122,8,383,1.0,0.4137480556964874,top5_volume_union_top5_enh,149,,1.0,0.09213769435882568,1,0.0,0.0,1,11904,0.04917880007997155
BraTS-GLI-02799-100,gmm_2d,prediction_component,5,1,60025,1.0,0.21410515904426575,top5_volume_union_top5_enh,106,,1.0,1.0,188,0.5704444535076618,0.15045124292373657,2,290177,1.5335119999945164
BraTS-GLI-02799-100,gmm_2d,prediction_component,75,2,5397,1.0,0.221536785364151,top5_volume_union_top5_enh,106,,1.0,0.8090478777885437,32,0.3675597906112671,0.10316908359527588,1,224400,1.1902801003307104
BraTS-GLI-02799-100,gmm_2d,prediction_component,92,3,2813,0.8723374605178833,0.2279079258441925,top5_volume_union_top5_enh,106,,0.8723374605178833,0.5178987383842468,19,0.5327020883560181,0.020488470792770386,1,41040,0.18997030006721616
BraTS-GLI-02799-100,gmm_2d,prediction_component,89,4,1536,1.0,0.33011719584465027,top5_volume_union_top5_enh,106,,1.0,0.392428994178772,6,0.19759589433670044,0.10312547348439693,1,41600,0.1914240000769496
BraTS-GLI-02799-100,gmm_2d,prediction_component,38,5,1341,0.9325575232505798,0.17372992634773254,top5_volume_union_top5_enh,106,,0.9325575232505798,0.41608554124832153,10,0.4945417046546936,0.0,1,50225,0.23775490000844002
BraTS-GLI-02799-100,gmm_2d,prediction_component,106,13,340,1.0,0.33218711614608765,top5_volume_union_top5_enh,106,,1.0,0.37921082973480225,3,0.026758134365081787,0.0,1,5586,0.02266470016911626
BraTS-GLI-02799-100,gmm_2d,prediction_component,103,17,268,1.0,0.20780400931835175,top5_volume_union_top5_enh,106,,1.0,0.28384411334991455,3,0.0,0.0,1,7854,0.03243830008432269
BraTS-GLI-02799-100,gmm_2d,prediction_component,100,37,89,1.0,0.2978319227695465,top5_volume_union_top5_enh,106,,1.0,0.21378588676452637,2,0.0,0.0,1,1540,0.006115300115197897
BraTS-GLI-02799-100,gmm_2d,prediction_component,102,29,127,1.0,0.38970640301704407,top5_volume_union_top5_enh,106,,1.0,0.05020564794540405,1,0.0,0.0,1,1848,0.007573599927127361
BraTS-GLI-02799-100,variational_spline,prediction_component,1,1,14753,1.0,0.4496375322341919,top5_volume_union_top5_enh,1,,1.0,1.0,53,0.5264204144477844,0.09615877270698547,2,171520,0.8875096999108791
BraTS-GLI-02801-100,GT_ET,true_et_cohort,1,1,11712,0.8657793998718262,0.168822780251503,all_components,2,,0.8657793998718262,0.2939999997615814,15,0.49618226289749146,0.3330406118184328,1,76050,0.44520230032503605
BraTS-GLI-02801-100,GT_ET,true_et_cohort,2,2,1477,0.8254258632659912,0.289261132478714,all_components,2,,0.8254258632659912,0.05124533176422119,1,0.0,0.03315579891204834,1,9918,0.044546599965542555
BraTS-GLI-02801-100,otsu_T1c,prediction_component,1,1,20565,1.0,0.40634921193122864,top5_volume_union_top5_enh,1,,1.0,0.8919823169708252,91,0.6417497396469116,0.2143726497888565,2,227760,1.3009029002860188
BraTS-GLI-02801-100,gmm_T1c,prediction_component,1,1,23557,1.0,0.3805978000164032,top5_volume_union_top5_enh,1,,1.0,0.8919823169708252,100,0.6417497396469116,0.2143726497888565,2,227760,1.2983798999339342
BraTS-GLI-02801-100,sustraccion,prediction_component,1,1,96056,1.0,0.23990212380886078,top5_volume_union_top5_enh,158,,1.0,0.9769639652222395,321,0.6049865484237671,0.33134177327156067,3,134750,0.6794707998633385
BraTS-GLI-02801-100,sustraccion,prediction_component,59,2,1378,0.8254258632659912,0.3103786110877991,top5_volume_union_top5_enh,158,,0.8254258632659912,0.08754213154315948,1,0.0,0.03315579891204834,1,11600,0.04792270017787814
BraTS-GLI-02801-100,sustraccion,prediction_component,45,3,1223,1.0,0.21059300005435944,top5_volume_union_top5_enh,158,,1.0,0.8272063583135605,26,0.39293942227959633,0.05104539543390274,1,56700,0.28076850017532706
BraTS-GLI-02801-100,sustraccion,prediction_component,2,4,1059,1.0,0.2703947424888611,top5_volume_union_top5_enh,158,,1.0,0.8517736792564392,12,0.22656375169754028,0.0,1,46690,0.2149137002415955
BraTS-GLI-02801-100,sustraccion,prediction_component,9,5,354,0.8233087062835693,0.1664542257785797,top5_volume_union_top5_enh,158,,0.8233087062835693,0.2899079918861389,3,0.0537145733833313,0.018830737099051476,1,7920,0.0316384001635015
BraTS-GLI-02801-100,sustraccion,prediction_component,71,81,24,1.0,0.22226464748382568,top5_volume_union_top5_enh,158,,1.0,0.0,1,0.0,0.0,1,648,0.002678699791431427
BraTS-GLI-02801-100,sustraccion,prediction_component,94,6,280,1.0,0.2377411425113678,top5_volume_union_top5_enh,158,,1.0,0.7357563972473145,8,0.0,0.0,1,32928,0.15180760016664863
BraTS-GLI-02801-100,sustraccion,prediction_component,103,17,119,1.0,0.2629048228263855,top5_volume_union_top5_enh,158,,1.0,0.2800420820713043,4,0.08593178633600473,0.0,1,2772,0.01088570011779666
BraTS-GLI-02801-100,sustraccion,prediction_component,14,13,151,1.0,0.2143092304468155,top5_volume_union_top5_enh,158,,1.0,0.09394499659538269,1,0.0,0.0,1,2535,0.010480699595063925
BraTS-GLI-02801-100,gmm_2d,prediction_component,1,1,94693,1.0,0.1943608671426773,top5_volume_union_top5_enh,114,,1.0,1.0,224,0.4462168216705322,0.01605994999408722,3,103275,0.5113244000822306
BraTS-GLI-02801-100,gmm_2d,prediction_component,86,2,2933,0.9140998125076294,0.2239907830953598,top5_volume_union_top5_enh,114,,0.9140998125076294,0.5545551478862762,23,0.28262612223625183,0.02468530833721161,1,75480,0.36264790035784245
BraTS-GLI-02801-100,gmm_2d,prediction_component,57,3,1881,0.8254258632659912,0.22737997770309448,top5_volume_union_top5_enh,114,,0.8254258632659912,0.08754213154315948,1,0.0,0.03315579891204834,1,15004,0.0656725000590086
BraTS-GLI-02801-100,gmm_2d,prediction_component,9,4,1565,1.0,0.16078561544418335,top5_volume_union_top5_enh,114,,1.0,0.6055949330329895,15,0.22557996958494186,0.009774059057235718,1,32340,0.14470429997891188
BraTS-GLI-02801-100,gmm_2d,prediction_component,46,5,1265,1.0,0.1403074562549591,top5_volume_union_top5_enh,114,,1.0,0.8272063583135605,14,0.39293942227959633,0.05104539543390274,1,29568,0.1387660000473261
BraTS-GLI-02801-100,gmm_2d,prediction_component,104,6,973,1.0,0.20231610536575317,top5_volume_union_top5_enh,114,,1.0,0.6315178871154785,8,0.031609028577804565,0.02697703242301941,1,13949,0.05728329997509718
BraTS-GLI-02801-100,gmm_2d,prediction_component,110,11,470,1.0,0.2679333984851837,top5_volume_union_top5_enh,114,,1.0,0.14484000205993652,3,0.0,0.0,1,12240,0.049711199942976236
BraTS-GLI-02801-100,gmm_2d,prediction_component,101,54,63,1.0,0.29848527908325195,top5_volume_union_top5_enh,114,,1.0,0.019075751304626465,1,0.0,0.0,1,1331,0.0053443000651896
BraTS-GLI-02801-100,gmm_2d,prediction_component,69,28,154,1.0,0.3017835319042206,top5_volume_union_top5_enh,114,,1.0,0.13865000009536743,2,0.0,0.0,1,2112,0.008187000174075365
BraTS-GLI-02801-100,gmm_2d,prediction_component,67,20,189,1.0,0.2374151051044464,top5_volume_union_top5_enh,114,,1.0,0.4124263525009155,3,0.2903565466403961,0.0,1,4624,0.01870139967650175
BraTS-GLI-02801-100,variational_spline,prediction_component,1,1,23589,1.0,0.3800833225250244,top5_volume_union_top5_enh,1,,1.0,0.8919823169708252,100,0.6417497396469116,0.2143726497888565,2,227760,1.1920302999205887
BraTS-GLI-02801-101,GT_ET,true_et_cohort,1,1,9953,0.9493211507797241,0.17946065962314606,all_components,2,,0.9493211507797241,0.23795324563980103,24,0.4740097224712372,0.33174803853034973,1,67868,0.3287391001358628
BraTS-GLI-02801-101,GT_ET,true_et_cohort,2,2,1393,0.9125194549560547,0.3719596266746521,all_components,2,,0.9125194549560547,0.1305292584002018,2,0.08151844888925552,0.6018375158309937,1,9747,0.03960389969870448
BraTS-GLI-02801-101,otsu_T1c,prediction_component,1,1,15066,1.0,0.44816356897354126,top5_volume_union_top5_enh,1,,0.955223023891449,0.7909687459468842,60,0.5971172451972961,0.341561496257782,2,204480,1.064615699928254
BraTS-GLI-02801-101,gmm_T1c,prediction_component,1,1,18159,1.0,0.41722729802131653,top5_volume_union_top5_enh,1,,1.0,0.694091260433197,70,0.4664192199707031,0.32543529011309147,2,204480,1.0533256004564464
BraTS-GLI-02801-101,sustraccion,prediction_component,2,1,77646,1.0,0.2996988296508789,top5_volume_union_top5_enh,172,,1.0,1.0,308,0.6666500568389893,0.0,3,132192,0.688389599788934
BraTS-GLI-02801-101,sustraccion,prediction_component,7,2,1651,1.0,0.217849463224411,top5_volume_union_top5_enh,172,,1.0,0.8511444702744484,28,0.31217503547668457,0.0,1,48298,0.21875729970633984
BraTS-GLI-02801-101,sustraccion,prediction_component,69,3,1367,0.9125194549560547,0.382042795419693,top5_volume_union_top5_enh,172,,0.9125194549560547,0.1305292584002018,2,0.08151844888925552,0.37178854644298553,1,10640,0.042367300018668175
BraTS-GLI-02801-101,sustraccion,prediction_component,51,4,714,0.9952505826950073,0.18699203431606293,top5_volume_union_top5_enh,172,,0.9952505826950073,0.7424428295344114,15,0.3183521330356598,0.04851565882563591,1,39897,0.17852549999952316
BraTS-GLI-02801-101,sustraccion,prediction_component,70,5,395,1.0,0.3437740206718445,top5_volume_union_top5_enh,172,,1.0,0.5146331489086151,6,0.17922408878803253,0.0,1,13770,0.05854689981788397
BraTS-GLI-02801-101,sustraccion,prediction_component,134,132,12,1.0,0.4498457908630371,top5_volume_union_top5_enh,172,,1.0,0.0,1,0.0,0.0,1,392,0.00166229996830225
BraTS-GLI-02801-101,sustraccion,prediction_component,9,21,81,1.0,0.1549316644668579,top5_volume_union_top5_enh,172,,1.0,0.3494964689016342,5,0.09708932787179947,0.0,1,2618,0.010311800055205822
BraTS-GLI-02801-101,sustraccion,prediction_component,100,73,23,1.0,0.40970587730407715,top5_volume_union_top5_enh,172,,1.0,0.10738515853881836,2,0.2679462432861328,0.0,1,700,0.0026474003680050373
BraTS-GLI-02801-101,sustraccion,prediction_component,53,11,151,1.0,0.2616983950138092,top5_volume_union_top5_enh,172,,1.0,0.47417598962783813,6,0.17628268897533417,0.0,1,7480,0.031209700275212526
BraTS-GLI-02801-101,gmm_2d,prediction_component,44,1,11849,0.9427341818809509,0.10944169759750366,top5_volume_union_top5_enh,241,,0.9427341818809509,0.7323784828186035,67,0.557333767414093,0.0,2,41184,0.18885150039568543
BraTS-GLI-02801-101,gmm_2d,prediction_component,173,2,9153,1.0,0.27267879247665405,top5_volume_union_top5_enh,241,,1.0,0.6780572235584259,62,0.8396362662315369,0.0500619113445282,1,130410,0.9587906999513507
BraTS-GLI-02801-101,gmm_2d,prediction_component,11,3,7984,1.0,0.16650491952896118,top5_volume_union_top5_enh,241,,1.0,0.9026897549629211,61,0.4135510325431824,0.08313474804162979,2,47424,0.24587460001930594
BraTS-GLI-02801-101,gmm_2d,prediction_component,137,4,2407,1.0,0.20364950597286224,top5_volume_union_top5_enh,241,,1.0,0.5654678344726562,19,0.22888579964637756,0.0,1,107648,0.5418678000569344
BraTS-GLI-02801-101,gmm_2d,prediction_component,99,5,1532,1.0,0.3417888283729553,top5_volume_union_top5_enh,241,,1.0,0.7646301835775375,18,0.43808871507644653,0.19318318367004395,1,58824,0.2793149999342859
BraTS-GLI-02801-101,gmm_2d,prediction_component,203,14,549,1.0,0.24528895318508148,top5_volume_union_top5_enh,241,,1.0,0.5043626427650452,6,0.18887437880039215,0.0,1,9072,0.04166590003296733
BraTS-GLI-02801-101,gmm_2d,prediction_component,160,96,67,1.0,0.5245190262794495,top5_volume_union_top5_enh,241,,1.0,0.13193506002426147,2,0.07543951272964478,0.0,1,1287,0.005543699953705072
BraTS-GLI-02801-101,gmm_2d,prediction_component,154,158,25,1.0,0.33747586607933044,top5_volume_union_top5_enh,241,,1.0,0.0,1,0.0,0.0,1,729,0.00304230023175478
BraTS-GLI-02801-101,gmm_2d,prediction_component,145,137,38,1.0,0.43190309405326843,top5_volume_union_top5_enh,241,,1.0,0.0,1,0.0,0.0,1,900,0.003642700146883726
BraTS-GLI-02801-101,gmm_2d,prediction_component,146,30,244,1.0,0.27814483642578125,top5_volume_union_top5_enh,241,,1.0,0.24918407201766968,2,0.17922408878803253,0.0,1,3705,0.015226699877530336
BraTS-GLI-02801-101,variational_spline,prediction_component,1,1,18164,1.0,0.417117178440094,top5_volume_union_top5_enh,1,,1.0,0.694091260433197,70,0.4664192199707031,0.32543529011309147,2,204480,1.0622438001446426
BraTS-GLI-02808-100,GT_ET,true_et_cohort,1,1,1211,0.0,0.0,all_components,1,,0.0,0.0,0,0.0,0.0,1,12420,0.0495475004427135
BraTS-GLI-02808-100,otsu_T1c,prediction_component,1,1,16020,1.0,0.5258793830871582,top5_volume_union_top5_enh,1,,1.0,0.4269487261772156,34,0.4229738116264343,0.032535552978515625,2,182133,0.9499853001907468
BraTS-GLI-02808-100,gmm_T1c,prediction_component,1,1,21100,1.0,0.4617874324321747,top5_volume_union_top5_enh,1,,1.0,0.8089084923267365,51,0.7188541889190674,0.032116807997226715,2,206976,1.1352858003228903
BraTS-GLI-02808-100,sustraccion,prediction_component,3,1,82199,1.0,0.23097671568393707,top5_volume_union_top5_enh,122,,1.0,1.0,196,0.4304110184311867,0.0,3,112746,0.5720378998667002
BraTS-GLI-02808-100,sustraccion,prediction_component,32,2,1342,0.6416748762130737,0.06027998775243759,top5_volume_union_top5_enh,122,,0.6416748762130737,0.2108776718378067,6,0.035815972834825516,0.0,1,38148,0.17401900002732873
BraTS-GLI-02808-100,sustraccion,prediction_component,103,3,799,1.0,0.36022233963012695,top5_volume_union_top5_enh,122,,1.0,0.5291762053966522,9,0.05713650584220886,0.0,1,59040,0.2789779999293387
BraTS-GLI-02808-100,sustraccion,prediction_component,107,4,573,0.9855801463127136,0.23228512704372406,top5_volume_union_top5_enh,122,,0.9855801463127136,0.26455189287662506,9,0.0,0.0,1,31920,0.1446456997655332
BraTS-GLI-02808-100,sustraccion,prediction_component,84,5,485,1.0,0.2943989038467407,top5_volume_union_top5_enh,122,,1.0,0.12972664833068848,6,0.04886713624000549,0.0,1,32144,0.16490420000627637
BraTS-GLI-02808-100,sustraccion,prediction_component,116,31,66,0.9716945290565491,0.4345966875553131,top5_volume_union_top5_enh,122,,0.9716945290565491,0.09510517120361328,1,0.0,0.0,1,936,0.00397029984742403
BraTS-GLI-02808-100,gmm_2d,prediction_component,1,1,72273,1.0,0.1971544623374939,top5_volume_union_top5_enh,112,,1.0,0.962816946208477,98,0.5265592932701111,0.0,3,115368,0.5815907996147871
BraTS-GLI-02808-100,gmm_2d,prediction_component,12,2,17242,1.0,0.14512906968593597,top5_volume_union_top5_enh,112,,1.0,0.8788977935910225,58,0.4563409090042114,0.0,2,90585,0.45273630041629076
BraTS-GLI-02808-100,gmm_2d,prediction_component,74,3,10046,0.9937904477119446,0.14451926946640015,top5_volume_union_top5_enh,112,,0.9937904477119446,0.9716945290565491,32,0.3253190815448761,0.09083303436636925,1,192192,0.9898234000429511
BraTS-GLI-02808-100,gmm_2d,prediction_component,45,4,1852,1.0,0.19144602119922638,top5_volume_union_top5_enh,112,,1.0,0.311111718416214,9,0.0,0.0,1,107800,0.5337272002361715
BraTS-GLI-02808-100,gmm_2d,prediction_component,41,5,1552,0.6416748762130737,0.051549047231674194,top5_volume_union_top5_enh,112,,0.6416748762130737,0.2108776718378067,6,0.035815972834825516,0.0,1,40460,0.1844510999508202
BraTS-GLI-02808-100,gmm_2d,prediction_component,105,6,833,1.0,0.25767800211906433,top5_volume_union_top5_enh,112,,1.0,0.44492098689079285,5,0.1173071414232254,0.0,1,17391,0.07604309963062406
BraTS-GLI-02808-100,gmm_2d,prediction_component,104,13,366,1.0,0.29952847957611084,top5_volume_union_top5_enh,112,,1.0,0.08951056003570557,1,0.03339308500289917,0.013533949851989746,1,6279,0.02540499996393919
BraTS-GLI-02808-100,gmm_2d,prediction_component,79,9,655,1.0,0.20902018249034882,top5_volume_union_top5_enh,112,,1.0,0.12972664833068848,5,0.04886713624000549,0.0,1,29970,0.1368289003148675
BraTS-GLI-02808-100,variational_spline,prediction_component,1,1,21100,1.0,0.4617874324321747,top5_volume_union_top5_enh,1,,1.0,0.8089084923267365,51,0.7188541889190674,0.032116807997226715,2,206976,1.0684683001600206
BraTS-GLI-02817-101,GT_ET,true_et_cohort,1,2,1386,0.8569787740707397,0.3957369029521942,all_components,2,,0.8569787740707397,0.12712699174880981,3,0.12019121646881104,0.18664729595184326,1,8265,0.031801499892026186
BraTS-GLI-02817-101,GT_ET,true_et_cohort,2,1,1423,1.0,0.3196917176246643,all_components,2,,1.0,0.40263213217258453,10,0.19087378680706024,0.0,1,15120,0.06193209998309612
BraTS-GLI-02817-101,otsu_T1c,prediction_component,1,1,862861,1.0,0.02295636013150215,top5_volume_union_top5_enh,1,,1.0,1.0,482,0.5262587070465088,0.0,3,120099,0.6363846999593079
BraTS-GLI-02817-101,gmm_T1c,prediction_component,1,1,946153,0.9091562032699585,0.014139702543616295,top5_volume_union_top5_enh,1,,0.8041434288024902,0.7795536518096924,498,0.47030773758888245,0.0,3,120099,0.6123405997641385
BraTS-GLI-02817-101,gmm_2d,prediction_component,1,1,20892,1.0,0.15427613258361816,top5_volume_union_top5_enh,133,,1.0,0.8692378401756287,46,0.6099669337272644,0.42106378078460693,2,96525,0.4753352999687195
BraTS-GLI-02817-101,gmm_2d,prediction_component,90,2,10610,1.0,0.19480854272842407,top5_volume_union_top5_enh,133,,1.0,0.7474164515733719,77,0.46857985854148865,0.2720656096935272,1,180336,0.9172356999479234
BraTS-GLI-02817-101,gmm_2d,prediction_component,4,3,4175,1.0,0.3428131341934204,top5_volume_union_top5_enh,133,,1.0,1.0,35,0.4492149204015732,0.5344041585922241,1,143820,0.7372197001241148
BraTS-GLI-02817-101,gmm_2d,prediction_component,113,4,4080,1.0,0.3889378309249878,top5_volume_union_top5_enh,133,,1.0,1.0,41,0.7268125414848328,0.18492670357227325,1,190485,0.9708459000103176
BraTS-GLI-02817-101,gmm_2d,prediction_component,71,5,2575,0.7363230586051941,0.01110287569463253,top5_volume_union_top5_enh,133,,0.7363230586051941,0.5369155406951904,19,0.356680303812027,0.0,1,42484,0.20398329989984632
BraTS-GLI-02817-101,gmm_2d,prediction_component,133,22,285,1.0,0.6066110730171204,top5_volume_union_top5_enh,133,,1.0,0.10272926092147827,2,0.0052242279052734375,0.33203625679016113,1,3900,0.01518840016797185
BraTS-GLI-02817-101,gmm_2d,prediction_component,132,26,179,1.0,0.5511293411254883,top5_volume_union_top5_enh,133,,1.0,0.03245145082473755,1,0.0,0.0,1,2970,0.011420200113207102
BraTS-GLI-02817-101,gmm_2d,prediction_component,131,18,310,1.0,0.4749807119369507,top5_volume_union_top5_enh,133,,1.0,0.2989872097969055,2,0.3844105005264282,0.061166226863861084,1,6348,0.025262999814003706
BraTS-GLI-02817-101,gmm_2d,prediction_component,125,29,159,1.0,0.5715815424919128,top5_volume_union_top5_enh,133,,1.0,0.0,1,0.0,0.0,1,4284,0.018790800124406815
BraTS-GLI-02817-101,gmm_2d,prediction_component,128,20,307,1.0,0.46256864070892334,top5_volume_union_top5_enh,133,,1.0,0.23261630535125732,3,0.12412476539611816,0.0,1,6426,0.024913599714636803
BraTS-GLI-02817-101,variational_spline,prediction_component,1,1,948692,0.9091562032699585,0.014175926335155964,top5_volume_union_top5_enh,1,,0.8041434288024902,0.7795536518096924,500,0.47030773758888245,0.0,3,120099,0.6152371000498533
BraTS-GLI-02828-100,otsu_T1c,absent_fp_component,1,1,740909,1.0,0.04006022587418556,top5_volume_union_top5_enh,1,,1.0,1.0,355,0.6467763781547546,0.0,3,154224,0.7962270001880825
BraTS-GLI-02828-100,gmm_T1c,absent_fp_component,1,1,1420869,0.8969762325286865,0.0107329823076725,top5_volume_union_top5_enh,1,,0.7947366237640381,0.7780808210372925,588,0.38019993901252747,0.0,3,156672,0.8279413999989629
BraTS-GLI-02828-100,sustraccion,absent_fp_component,1,1,122092,1.0,0.3437526524066925,top5_volume_union_top5_enh,152,,1.0,0.9919741749763489,362,0.6957244873046875,0.0,3,154224,0.7950726998969913
BraTS-GLI-02828-100,sustraccion,absent_fp_component,103,2,1739,1.0,0.35018330812454224,top5_volume_union_top5_enh,152,,1.0,0.6139386594295502,12,0.25930535793304443,0.10826557874679565,1,79254,0.3970773001201451
BraTS-GLI-02828-100,sustraccion,absent_fp_component,73,3,974,1.0,0.43236565589904785,top5_volume_union_top5_enh,152,,1.0,0.45504239201545715,12,0.31270426511764526,0.0,1,55125,0.26653819996863604
BraTS-GLI-02828-100,sustraccion,absent_fp_component,24,4,844,1.0,0.3436937630176544,top5_volume_union_top5_enh,152,,1.0,0.6957066506147385,6,0.014180862344801426,0.0,1,31255,0.1422500000335276
BraTS-GLI-02828-100,sustraccion,absent_fp_component,139,5,782,1.0,0.35555413365364075,top5_volume_union_top5_enh,152,,1.0,0.675073653459549,8,0.2709393799304962,0.010484039783477783,1,18480,0.0796127999201417
BraTS-GLI-02828-100,sustraccion,absent_fp_component,129,12,214,1.0,0.2734606862068176,top5_volume_union_top5_enh,152,,1.0,0.16785124689340591,4,0.0,0.0,1,8970,0.036558300256729126
BraTS-GLI-02828-100,sustraccion,absent_fp_component,119,10,301,1.0,0.37792834639549255,top5_volume_union_top5_enh,152,,1.0,0.25171929597854614,5,0.0779038667678833,0.0,1,12996,0.05309790000319481
BraTS-GLI-02828-100,gmm_2d,absent_fp_component,1,1,141537,1.0,0.27513277530670166,top5_volume_union_top5_enh,135,,1.0,0.9153839945793152,302,0.6155992150306702,0.0616285502910614,3,160524,0.8190361997112632
BraTS-GLI-02828-100,gmm_2d,absent_fp_component,83,2,2302,0.9950851798057556,0.24159415066242218,top5_volume_union_top5_enh,135,,0.9950851798057556,0.6139386594295502,11,0.22559377551078796,0.10826557874679565,1,60270,0.2890594000928104
BraTS-GLI-02828-100,gmm_2d,absent_fp_component,17,3,1240,1.0,0.23705118894577026,top5_volume_union_top5_enh,135,,1.0,0.6957066506147385,6,0.053960010409355164,0.0,1,29841,0.1354136997833848
BraTS-GLI-02828-100,gmm_2d,absent_fp_component,50,4,1171,1.0,0.2674081027507782,top5_volume_union_top5_enh,135,,1.0,0.38788753747940063,5,0.2505379915237427,0.0,1,51408,0.23496940033510327
BraTS-GLI-02828-100,gmm_2d,absent_fp_component,116,5,975,1.0,0.25907623767852783,top5_volume_union_top5_enh,135,,1.0,0.675073653459549,8,0.2673757076263428,0.010484039783477783,1,19343,0.08536290004849434
BraTS-GLI-02828-100,gmm_2d,absent_fp_component,109,14,339,1.0,0.27821794152259827,top5_volume_union_top5_enh,135,,1.0,0.25171929597854614,4,0.0779038667678833,0.0,1,7056,0.028155900072306395
BraTS-GLI-02828-100,gmm_2d,absent_fp_component,105,38,99,1.0,0.37642955780029297,top5_volume_union_top5_enh,135,,1.0,0.0,1,0.0,0.0,1,1848,0.008133800234645605
BraTS-GLI-02828-100,gmm_2d,absent_fp_component,97,16,216,1.0,0.41562792658805847,top5_volume_union_top5_enh,135,,1.0,0.16722548007965088,2,0.0,0.027974247932434082,1,4480,0.018481700215488672
BraTS-GLI-02828-100,gmm_2d,absent_fp_component,112,32,128,1.0,0.3623291552066803,top5_volume_union_top5_enh,135,,1.0,0.08742648363113403,1,0.0,0.0809473991394043,1,1872,0.007287700194865465
BraTS-GLI-02828-100,variational_spline,absent_fp_component,1,1,278959,1.0,0.19879385828971863,top5_volume_union_top5_enh,1,,1.0,0.8385636210441589,540,0.5568578243255615,0.1950864940881729,3,156672,0.8134686998091638
BraTS-GLI-02833-101,GT_ET,true_et_cohort,1,1,199,0.3248206079006195,0.01230461522936821,all_components,1,,0.3248206079006195,0.2277892790734768,2,0.0,0.0,1,2688,0.011972399894148111
BraTS-GLI-02833-101,otsu_T1c,prediction_component,1,1,18673,1.0,0.6213733553886414,top5_volume_union_top5_enh,1,,1.0,1.0,36,0.8044071197509766,0.0,3,91840,0.4504219996742904
BraTS-GLI-02833-101,gmm_T1c,prediction_component,1,1,20741,1.0,0.5961604714393616,top5_volume_union_top5_enh,1,,1.0,1.0,38,0.6832438111305237,0.02578669786453247,3,98728,0.4831149000674486
BraTS-GLI-02833-101,sustraccion,prediction_component,6,1,79264,1.0,0.3339117169380188,top5_volume_union_top5_enh,171,,1.0,1.0,276,0.46906447410583496,0.13199148699641228,3,117450,0.5912243002094328
BraTS-GLI-02833-101,sustraccion,prediction_component,2,2,1111,0.9445485472679138,0.15006715059280396,top5_volume_union_top5_enh,171,,0.9445485472679138,0.5327884554862976,18,0.11509866267442703,0.0,1,42240,0.20061790011823177
BraTS-GLI-02833-101,sustraccion,prediction_component,7,3,989,1.0,0.4072664976119995,top5_volume_union_top5_enh,171,,1.0,0.4606185853481293,7,0.335721492767334,0.0,1,23328,0.10142290033400059
BraTS-GLI-02833-101,sustraccion,prediction_component,25,4,883,1.0,0.3432866334915161,top5_volume_union_top5_enh,171,,1.0,0.7907111793756485,16,0.4713473618030548,0.0,1,48360,0.22245669970288873
BraTS-GLI-02833-101,sustraccion,prediction_component,30,5,588,0.8826883435249329,0.15493756532669067,top5_volume_union_top5_enh,171,,0.8826883435249329,0.43101008608937263,6,0.09172402322292328,0.021393250674009323,1,39424,0.1784699996933341
BraTS-GLI-02833-101,sustraccion,prediction_component,113,67,31,1.0,0.4140109121799469,top5_volume_union_top5_enh,171,,1.0,0.42924440652132034,2,0.0,0.0,1,960,0.004310099873691797
BraTS-GLI-02833-101,sustraccion,prediction_component,3,24,92,1.0,0.3603944778442383,top5_volume_union_top5_enh,171,,1.0,0.10071039199829102,2,0.016296803951263428,0.0,1,1296,0.005323600023984909
BraTS-GLI-02833-101,sustraccion,prediction_component,1,15,221,1.0,0.3196806311607361,top5_volume_union_top5_enh,171,,1.0,0.1811608076095581,3,0.18606646358966827,0.0,1,3500,0.013935999944806099
BraTS-GLI-02833-101,gmm_2d,prediction_component,4,1,105005,1.0,0.24539177119731903,top5_volume_union_top5_enh,126,,1.0,1.0,237,0.7377556469291449,0.06238319352269173,3,124844,0.6338370000012219
BraTS-GLI-02833-101,gmm_2d,prediction_component,6,2,1743,1.0,0.24348464608192444,top5_volume_union_top5_enh,126,,1.0,0.2621832489967346,6,0.22257459163665771,0.0,1,27898,0.12105580000206828
BraTS-GLI-02833-101,gmm_2d,prediction_component,1,3,1016,1.0,0.13036562502384186,top5_volume_union_top5_enh,126,,1.0,0.8536973595619202,10,0.0,0.0,1,23660,0.1025479999370873
BraTS-GLI-02833-101,gmm_2d,prediction_component,5,4,876,0.7290050387382507,0.10907138884067535,top5_volume_union_top5_enh,126,,0.7290050387382507,0.4479714632034302,7,0.07505808770656586,0.0,1,16038,0.06956430012360215
BraTS-GLI-02833-101,gmm_2d,prediction_component,13,5,607,0.8497915863990784,0.11798593401908875,top5_volume_union_top5_enh,126,,0.8497915863990784,0.37003186345100403,5,0.053104642778635025,0.0,1,9248,0.038676800206303596
BraTS-GLI-02833-101,gmm_2d,prediction_component,98,23,160,1.0,0.2578323781490326,top5_volume_union_top5_enh,126,,1.0,0.30676043033599854,3,0.0,0.0,1,3510,0.014072299934923649
BraTS-GLI-02833-101,gmm_2d,prediction_component,109,19,201,1.0,0.262334406375885,top5_volume_union_top5_enh,126,,1.0,0.12173104286193848,2,0.0,0.0,1,3600,0.014407299924641848
BraTS-GLI-02833-101,gmm_2d,prediction_component,85,11,380,1.0,0.3587278723716736,top5_volume_union_top5_enh,126,,1.0,0.1923670768737793,2,0.023492097854614258,0.0,1,13500,0.057725599966943264
BraTS-GLI-02833-101,gmm_2d,prediction_component,93,66,38,1.0,0.28801435232162476,top5_volume_union_top5_enh,126,,1.0,0.0,1,0.0,0.0,1,810,0.003399899695068598
BraTS-GLI-02833-101,gmm_2d,prediction_component,2,20,197,1.0,0.21590371429920197,top5_volume_union_top5_enh,126,,1.0,0.10071039199829102,2,0.016296803951263428,0.0,1,2156,0.008710300084203482
BraTS-GLI-02833-101,variational_spline,prediction_component,1,1,20742,1.0,0.5961345434188843,top5_volume_union_top5_enh,1,,1.0,1.0,38,0.6832438111305237,0.02578669786453247,3,98728,0.5076811998151243
BraTS-GLI-02835-100,otsu_T1c,absent_fp_component,1,1,19628,1.0,0.39670103788375854,top5_volume_union_top5_enh,1,,1.0,0.8670868277549744,45,0.48672187328338623,0.0,3,102080,0.5305878003127873
BraTS-GLI-02835-100,gmm_T1c,absent_fp_component,1,1,27959,1.0,0.35361573100090027,top5_volume_union_top5_enh,1,,1.0,1.0,81,0.5260827541351318,0.014287218451499939,3,112288,0.5598825998604298
BraTS-GLI-02835-100,sustraccion,absent_fp_component,4,1,64675,1.0,0.2469160407781601,top5_volume_union_top5_enh,110,,1.0,1.0,226,0.46056991815567017,0.0,3,124080,0.6191541999578476
BraTS-GLI-02835-100,sustraccion,absent_fp_component,94,2,875,0.889238715171814,0.16273322701454163,top5_volume_union_top5_enh,110,,0.889238715171814,0.5270838737487793,10,0.08628599345684052,0.0,1,60639,0.29078599996864796
BraTS-GLI-02835-100,sustraccion,absent_fp_component,56,3,715,0.9339615702629089,0.19730685651302338,top5_volume_union_top5_enh,110,,0.9339615702629089,0.3027152121067047,6,0.1074385792016983,0.0,1,17248,0.07855239976197481
BraTS-GLI-02835-100,sustraccion,absent_fp_component,6,4,679,1.0,0.11213214695453644,top5_volume_union_top5_enh,110,,1.0,0.8181081619113684,13,0.01487332209944725,0.0,1,17472,0.07778219971805811
BraTS-GLI-02835-100,sustraccion,absent_fp_component,83,5,499,0.8022545576095581,0.1973038762807846,top5_volume_union_top5_enh,110,,0.8022545576095581,0.36390161886811256,6,0.0,0.0,1,33345,0.15581179969012737
BraTS-GLI-02835-100,sustraccion,absent_fp_component,2,13,109,1.0,0.3454291522502899,top5_volume_union_top5_enh,110,,1.0,0.2818451523780823,3,0.02872842736542225,0.0,1,1536,0.0058914003893733025
BraTS-GLI-02835-100,sustraccion,absent_fp_component,1,6,443,1.0,0.33760395646095276,top5_volume_union_top5_enh,110,,1.0,0.6299279928207397,14,0.3048861026763916,0.0,1,11136,0.0466800001449883
BraTS-GLI-02835-100,gmm_2d,absent_fp_component,4,1,79844,1.0,0.1845206767320633,top5_volume_union_top5_enh,108,,1.0,1.0,178,0.5781111717224121,0.0,3,124080,0.7715070000849664
BraTS-GLI-02835-100,gmm_2d,absent_fp_component,6,2,880,1.0,0.07897359877824783,top5_volume_union_top5_enh,108,,1.0,0.8372585773468018,11,0.010217156261205673,0.0,1,18225,0.08485210034996271
BraTS-GLI-02835-100,gmm_2d,absent_fp_component,74,3,829,0.9144747853279114,0.2137182503938675,top5_volume_union_top5_enh,108,,0.9144747853279114,0.25748342275619507,3,0.09658873081207275,0.019980400800704956,1,39997,0.18372899992391467
BraTS-GLI-02835-100,gmm_2d,absent_fp_component,89,4,672,0.8846105933189392,0.12016961723566055,top5_volume_union_top5_enh,108,,0.8846105933189392,0.7359535451978445,4,0.08897534757852554,0.0,1,10032,0.04131849994882941
BraTS-GLI-02835-100,gmm_2d,absent_fp_component,50,5,663,0.9339615702629089,0.18703140318393707,top5_volume_union_top5_enh,108,,0.9339615702629089,0.3027152121067047,4,0.1283724308013916,0.0,1,11638,0.0475399000570178
BraTS-GLI-02835-100,gmm_2d,absent_fp_component,18,7,534,0.9885846972465515,0.12862101197242737,top5_volume_union_top5_enh,108,,0.9885846972465515,0.4605635404586792,3,0.04051955044269562,0.0,1,12789,0.05622499994933605
BraTS-GLI-02835-100,gmm_2d,absent_fp_component,88,9,499,0.9854817986488342,0.2086351364850998,top5_volume_union_top5_enh,108,,0.9854817986488342,0.37447768449783325,7,0.022465646266937256,0.0,1,19488,0.0871585002169013
BraTS-GLI-02835-100,gmm_2d,absent_fp_component,34,10,401,0.9554958939552307,0.22543203830718994,top5_volume_union_top5_enh,108,,0.9554958939552307,0.21971529722213745,3,0.0,0.0,1,8568,0.037533500231802464
BraTS-GLI-02835-100,variational_spline,absent_fp_component,1,1,27953,1.0,0.35369163751602173,top5_volume_union_top5_enh,1,,1.0,1.0,81,0.5260827541351318,0.014287218451499939,3,112288,0.5681457999162376
BraTS-GLI-02836-101,otsu_T1c,absent_fp_component,1,1,13813,1.0,0.5706580877304077,top5_volume_union_top5_enh,1,,1.0,0.4313833713531494,44,0.5839299559593201,0.14356407523155212,2,133045,0.6952824001200497
BraTS-GLI-02836-101,gmm_T1c,absent_fp_component,1,1,15997,1.0,0.5314635038375854,top5_volume_union_top5_enh,1,,1.0,0.5282057523727417,49,0.5882653594017029,0.4335244819521904,2,151085,0.7826108001172543
BraTS-GLI-02836-101,sustraccion,absent_fp_component,4,1,20288,1.0,0.5156244039535522,top5_volume_union_top5_enh,112,,1.0,1.0,82,0.49912871420383453,0.15964901447296143,2,252280,1.3305362998507917
BraTS-GLI-02836-101,sustraccion,absent_fp_component,38,2,747,1.0,0.42385801672935486,top5_volume_union_top5_enh,112,,1.0,0.7554006576538086,12,0.1889415979385376,0.007947564125061035,1,23490,0.10424569994211197
BraTS-GLI-02836-101,sustraccion,absent_fp_component,91,3,567,1.0,0.4425503611564636,top5_volume_union_top5_enh,112,,1.0,0.6367059946060181,8,0.1690617799758911,0.05709318071603775,1,33292,0.15363849978893995
BraTS-GLI-02836-101,sustraccion,absent_fp_component,50,4,531,1.0,0.5058160424232483,top5_volume_union_top5_enh,112,,1.0,0.8203092068433762,12,0.5155434608459473,0.04374117078259587,1,40368,0.18707899982109666
BraTS-GLI-02836-101,sustraccion,absent_fp_component,20,5,459,1.0,0.44407889246940613,top5_volume_union_top5_enh,112,,1.0,0.3016051650047302,4,0.284962460398674,0.0,1,7056,0.028580500278621912
BraTS-GLI-02836-101,sustraccion,absent_fp_component,109,47,39,1.0,0.7057706117630005,top5_volume_union_top5_enh,112,,1.0,0.2514428496360779,2,0.0,0.0,1,945,0.003627999685704708
BraTS-GLI-02836-101,sustraccion,absent_fp_component,105,42,47,1.0,0.694634199142456,top5_volume_union_top5_enh,112,,1.0,0.14249837398529053,2,0.026295185089111328,0.0,1,1287,0.0052490998059511185
BraTS-GLI-02836-101,sustraccion,absent_fp_component,107,97,12,1.0,0.6814818382263184,top5_volume_union_top5_enh,112,,1.0,0.0,1,0.0,0.0,1,392,0.0015567000955343246
BraTS-GLI-02836-101,sustraccion,absent_fp_component,108,66,26,1.0,0.6762294769287109,top5_volume_union_top5_enh,112,,1.0,0.0,1,0.0,0.0,1,640,0.002681899815797806
BraTS-GLI-02836-101,sustraccion,absent_fp_component,99,6,443,1.0,0.5707890391349792,top5_volume_union_top5_enh,112,,1.0,0.6221388578414917,12,0.3867965042591095,0.021874189376831055,1,15624,0.06802009977400303
BraTS-GLI-02836-101,gmm_2d,absent_fp_component,6,1,55253,1.0,0.14871610701084137,top5_volume_union_top5_enh,181,,1.0,1.0,143,0.3207430839538574,0.0,3,109956,0.5510117998346686
BraTS-GLI-02836-101,gmm_2d,absent_fp_component,32,2,10477,1.0,0.1428232491016388,top5_volume_union_top5_enh,181,,0.9842050671577454,0.9252254962921143,58,0.32808322459459305,0.0,2,53000,0.2533529996871948
BraTS-GLI-02836-101,gmm_2d,absent_fp_component,134,3,6552,1.0,0.11507616937160492,top5_volume_union_top5_enh,181,,1.0,0.8630193136632442,54,0.5299695134162903,0.09860368818044662,1,258336,1.3486478999257088
BraTS-GLI-02836-101,gmm_2d,absent_fp_component,63,4,5096,1.0,0.17216268181800842,top5_volume_union_top5_enh,181,,1.0,0.9705082718282938,44,0.7902920246124268,0.42235273122787476,1,159588,0.8216669000685215
BraTS-GLI-02836-101,gmm_2d,absent_fp_component,144,5,2533,1.0,0.10788719356060028,top5_volume_union_top5_enh,181,,1.0,0.8192411065101624,21,0.19135164842009544,0.0,1,65892,0.3239712999202311
BraTS-GLI-02836-101,gmm_2d,absent_fp_component,178,131,25,1.0,0.39964020252227783,top5_volume_union_top5_enh,181,,1.0,0.07184487581253052,1,0.0,0.0,1,729,0.0028777001425623894
BraTS-GLI-02836-101,gmm_2d,absent_fp_component,164,106,46,1.0,0.27693474292755127,top5_volume_union_top5_enh,181,,1.0,0.0,1,0.0,0.0,1,990,0.0043357000686228275
BraTS-GLI-02836-101,gmm_2d,absent_fp_component,170,28,291,1.0,0.23161709308624268,top5_volume_union_top5_enh,181,,1.0,0.8463040143251419,6,0.12239588052034378,0.0,1,6048,0.02414549980312586
BraTS-GLI-02836-101,gmm_2d,absent_fp_component,172,14,519,1.0,0.26410195231437683,top5_volume_union_top5_enh,181,,1.0,0.3483564853668213,10,0.3865937292575836,0.008019950240850449,1,6120,0.024790499825030565
BraTS-GLI-02836-101,gmm_2d,absent_fp_component,173,109,38,1.0,0.30636006593704224,top5_volume_union_top5_enh,181,,1.0,0.0,1,0.0,0.0,1,900,0.003815900068730116
BraTS-GLI-02836-101,variational_spline,absent_fp_component,1,1,15997,1.0,0.5314635038375854,top5_volume_union_top5_enh,1,,1.0,0.5282057523727417,49,0.5882653594017029,0.4335244819521904,2,151085,0.7709313002415001
BraTS-GLI-02851-100,otsu_T1c,absent_fp_component,1,1,17160,1.0,0.390590101480484,top5_volume_union_top5_enh,1,,0.9995455741882324,0.8418615460395813,60,0.42847782745957375,0.028603404760360718,2,177840,0.9118776000104845
BraTS-GLI-02851-100,gmm_T1c,absent_fp_component,1,1,20360,1.0,0.3546272814273834,top5_volume_union_top5_enh,1,,1.0,0.7228164672851562,63,0.41237038373947144,0.030277609825134277,2,193980,1.008433099836111
BraTS-GLI-02851-100,sustraccion,absent_fp_component,5,1,69941,1.0,0.21109597384929657,top5_volume_union_top5_enh,149,,1.0,1.0,225,0.47128424048423767,0.0,3,105840,0.5181081001646817
BraTS-GLI-02851-100,sustraccion,absent_fp_component,81,2,1246,1.0,0.19650518894195557,top5_volume_union_top5_enh,149,,1.0,0.8800969645380974,17,0.05616100877523422,0.0020520687103271484,1,85680,0.4213938000611961
BraTS-GLI-02851-100,sustraccion,absent_fp_component,115,3,976,0.9962214827537537,0.13772623240947723,top5_volume_union_top5_enh,149,,0.9962214827537537,0.4840919077396393,14,0.11556011438369751,0.0,1,41400,0.19011420011520386
BraTS-GLI-02851-100,sustraccion,absent_fp_component,1,4,760,1.0,0.33728504180908203,top5_volume_union_top5_enh,149,,1.0,0.23012816905975342,4,0.22486557066440582,0.0,1,12768,0.05312999989837408
BraTS-GLI-02851-100,sustraccion,absent_fp_component,37,5,713,0.5785008668899536,0.09316620975732803,top5_volume_union_top5_enh,149,,0.5785008668899536,0.4805491827428341,6,0.053235962986946106,0.0,1,39440,0.17801070027053356
BraTS-GLI-02851-100,sustraccion,absent_fp_component,138,9,392,1.0,0.2616845667362213,top5_volume_union_top5_enh,149,,1.0,0.36281299591064453,3,0.0,0.0,1,14007,0.06116800010204315
BraTS-GLI-02851-100,sustraccion,absent_fp_component,122,7,483,1.0,0.18548594415187836,top5_volume_union_top5_enh,149,,1.0,0.46754831075668335,7,0.0,0.0,1,22330,0.09626249969005585
BraTS-GLI-02851-100,gmm_2d,absent_fp_component,5,1,61811,1.0,0.1852179616689682,top5_volume_union_top5_enh,100,,1.0,1.0,120,0.3782574534416199,0.007632851600646973,3,105840,0.5211735996417701
BraTS-GLI-02851-100,gmm_2d,absent_fp_component,80,2,2078,0.8092662692070007,0.16585111618041992,top5_volume_union_top5_enh,100,,0.8092662692070007,0.8009220957756042,12,0.39139509201049805,0.0,1,39353,0.17890490032732487
BraTS-GLI-02851-100,gmm_2d,absent_fp_component,21,3,1441,0.9345673322677612,0.2126087099313736,top5_volume_union_top5_enh,100,,0.9345673322677612,0.27111756801605225,10,0.7184473872184753,0.02394503355026245,1,61200,0.29446469992399216
BraTS-GLI-02851-100,gmm_2d,absent_fp_component,1,4,966,1.0,0.26603734493255615,top5_volume_union_top5_enh,100,,1.0,0.23012816905975342,4,0.22486557066440582,0.0,1,13340,0.05812350008636713
BraTS-GLI-02851-100,gmm_2d,absent_fp_component,4,5,833,0.7518895864486694,0.04620939865708351,top5_volume_union_top5_enh,100,,0.7518895864486694,0.27065128087997437,5,0.0031734276562929153,0.0,1,23250,0.10187279991805553
BraTS-GLI-02851-100,gmm_2d,absent_fp_component,91,17,223,1.0,0.295011967420578,top5_volume_union_top5_enh,100,,1.0,0.06889551877975464,1,0.0,0.0,1,6384,0.025313599966466427
BraTS-GLI-02851-100,gmm_2d,absent_fp_component,95,23,156,1.0,0.38100671768188477,top5_volume_union_top5_enh,100,,1.0,0.12445753812789917,2,0.0,0.38057321310043335,1,3528,0.014233100228011608
BraTS-GLI-02851-100,gmm_2d,absent_fp_component,44,63,38,1.0,0.4251415431499481,top5_volume_union_top5_enh,100,,1.0,0.0,1,0.0,0.0,1,810,0.003092600032687187
BraTS-GLI-02851-100,gmm_2d,absent_fp_component,38,60,46,1.0,0.3855080306529999,top5_volume_union_top5_enh,100,,1.0,0.08677780628204346,1,0.0,0.0,1,990,0.004077599849551916
BraTS-GLI-02851-100,gmm_2d,absent_fp_component,28,44,69,1.0,0.3762306272983551,top5_volume_union_top5_enh,100,,1.0,0.0,1,0.0,0.0,1,1331,0.005253199953585863
BraTS-GLI-02851-100,variational_spline,absent_fp_component,1,1,20360,1.0,0.3546272814273834,top5_volume_union_top5_enh,1,,1.0,0.7228164672851562,63,0.41237038373947144,0.030277609825134277,2,193980,0.9987122998572886
BraTS-GLI-02866-100,otsu_T1c,absent_fp_component,1,1,14396,1.0,0.4210134446620941,top5_volume_union_top5_enh,1,,1.0,0.6310425102710724,68,0.6407641172409058,0.17333348095417023,2,136192,0.7275974000804126
BraTS-GLI-02866-100,gmm_T1c,absent_fp_component,1,1,18512,1.0,0.37332257628440857,top5_volume_union_top5_enh,1,,1.0,0.6787827610969543,83,0.545758843421936,0.2215816229581833,2,185250,0.9571857000701129
BraTS-GLI-02866-100,sustraccion,absent_fp_component,4,1,82279,1.0,0.18553639948368073,top5_volume_union_top5_enh,182,,1.0,1.0,256,0.5451181530952454,0.0,3,122892,0.6163591002114117
BraTS-GLI-02866-100,sustraccion,absent_fp_component,129,2,2612,1.0,0.26151859760284424,top5_volume_union_top5_enh,182,,1.0,0.6427554786205292,29,0.2649514079093933,0.029957056045532227,1,167040,0.8541441997513175
BraTS-GLI-02866-100,sustraccion,absent_fp_component,11,3,1772,1.0,0.26837754249572754,top5_volume_union_top5_enh,182,,1.0,0.34326231479644775,15,0.7642300352454185,0.13673724979162216,1,33046,0.15331390034407377
BraTS-GLI-02866-100,sustraccion,absent_fp_component,101,4,1250,0.9183573722839355,0.20860058069229126,top5_volume_union_top5_enh,182,,0.9183573722839355,0.3034132122993469,12,0.044481001794338226,0.0,1,73872,0.3521436001174152
BraTS-GLI-02866-100,sustraccion,absent_fp_component,45,5,1034,1.0,0.08608363568782806,top5_volume_union_top5_enh,182,,1.0,0.5075870119035244,12,0.15249256789684296,0.0,1,47151,0.21937249973416328
BraTS-GLI-02866-100,sustraccion,absent_fp_component,180,26,83,1.0,0.2686993479728699,top5_volume_union_top5_enh,182,,1.0,0.507558673620224,3,0.0,0.0,1,2090,0.008606800343841314
BraTS-GLI-02866-100,sustraccion,absent_fp_component,10,39,56,1.0,0.45545774698257446,top5_volume_union_top5_enh,182,,1.0,0.03444463014602661,1,0.0,0.0,1,1755,0.006665400229394436
BraTS-GLI-02866-100,gmm_2d,absent_fp_component,16,1,95183,1.0,0.1477072536945343,top5_volume_union_top5_enh,136,,1.0,1.0,196,0.610986003652215,0.15437737107276917,3,116522,0.5848432001657784
BraTS-GLI-02866-100,gmm_2d,absent_fp_component,105,2,3116,1.0,0.2065267264842987,top5_volume_union_top5_enh,136,,1.0,1.0,22,0.31774407625198364,0.029957056045532227,1,126360,0.6331651001237333
BraTS-GLI-02866-100,gmm_2d,absent_fp_component,8,3,2400,1.0,0.2020101398229599,top5_volume_union_top5_enh,136,,1.0,0.34326231479644775,14,0.7642300352454185,0.13673724979162216,1,29822,0.13498440012335777
BraTS-GLI-02866-100,gmm_2d,absent_fp_component,12,4,2279,1.0,0.2933655083179474,top5_volume_union_top5_enh,136,,1.0,0.9592568539083004,11,0.41480740904808044,0.14552682638168335,1,29600,0.13425010023638606
BraTS-GLI-02866-100,gmm_2d,absent_fp_component,86,5,1643,0.9183573722839355,0.1601790189743042,top5_volume_union_top5_enh,136,,0.9183573722839355,0.3034132122993469,11,0.06938671320676804,0.0,1,67821,0.33261699974536896
BraTS-GLI-02866-100,gmm_2d,absent_fp_component,135,39,113,1.0,0.23956860601902008,top5_volume_union_top5_enh,136,,1.0,0.6352860331535339,3,0.10979676246643066,0.0,1,3024,0.012023100163787603
BraTS-GLI-02866-100,gmm_2d,absent_fp_component,9,50,76,1.0,0.358807772397995,top5_volume_union_top5_enh,136,,1.0,0.08891057968139648,1,0.0,0.0,1,1820,0.006979499943554401
BraTS-GLI-02866-100,variational_spline,absent_fp_component,1,1,18518,1.0,0.3732016682624817,top5_volume_union_top5_enh,1,,1.0,0.6787827610969543,83,0.545758843421936,0.2215816229581833,2,185250,0.9552933000959456
BraTS-GLI-02866-101,otsu_T1c,absent_fp_component,1,1,12156,1.0,0.45669829845428467,top5_volume_union_top5_enh,1,,1.0,0.8324639201164246,49,0.6491314172744751,0.024753868579864502,2,163020,0.8465140000917017
BraTS-GLI-02866-101,gmm_T1c,absent_fp_component,1,1,13851,1.0,0.42825236916542053,top5_volume_union_top5_enh,1,,1.0,0.7518659420311451,50,0.5744981169700623,0.03859981894493103,2,174928,0.8901659999974072
BraTS-GLI-02866-101,sustraccion,absent_fp_component,12,1,23887,1.0,0.38839298486709595,top5_volume_union_top5_enh,256,,1.0,0.9611141085624695,72,0.4233670234680176,0.0,3,101200,0.4926733998581767
BraTS-GLI-02866-101,sustraccion,absent_fp_component,17,2,10114,1.0,0.28529247641563416,top5_volume_union_top5_enh,256,,1.0,0.9830504655838013,48,0.3255518823862076,0.08748214691877365,2,39585,0.18365499982610345
BraTS-GLI-02866-101,sustraccion,absent_fp_component,57,3,4204,1.0,0.2730865478515625,top5_volume_union_top5_enh,256,,1.0,0.7577973157167435,32,0.2952425181865692,0.021755725145339966,1,121680,0.6133586000651121
BraTS-GLI-02866-101,sustraccion,absent_fp_component,80,4,2403,1.0,0.2928066551685333,top5_volume_union_top5_enh,256,,1.0,0.6136163175106049,12,0.32845330238342285,0.0,1,74936,0.3623439003713429
BraTS-GLI-02866-101,sustraccion,absent_fp_component,112,5,1289,1.0,0.2731543481349945,top5_volume_union_top5_enh,256,,1.0,0.5981886088848114,6,0.168512761592865,0.06234569847583771,1,37835,0.17416090006008744
BraTS-GLI-02866-101,sustraccion,absent_fp_component,255,149,28,1.0,0.5992475748062134,top5_volume_union_top5_enh,256,,1.0,0.0,1,0.0,0.0,1,576,0.0026382002979516983
BraTS-GLI-02866-101,sustraccion,absent_fp_component,254,104,46,1.0,0.5273188948631287,top5_volume_union_top5_enh,256,,1.0,0.0339779257774353,1,0.0,0.0,1,1080,0.004056100267916918
BraTS-GLI-02866-101,sustraccion,absent_fp_component,251,79,68,1.0,0.5426860451698303,top5_volume_union_top5_enh,256,,1.0,0.07354623079299927,1,0.2183956652879715,0.0,1,2574,0.010238100308924913
BraTS-GLI-02866-101,sustraccion,absent_fp_component,248,144,29,1.0,0.5145255327224731,top5_volume_union_top5_enh,256,,1.0,0.22210729122161865,2,0.30408865213394165,0.0,1,1152,0.004509699996560812
BraTS-GLI-02866-101,sustraccion,absent_fp_component,246,104,46,1.0,0.6253504753112793,top5_volume_union_top5_enh,256,,1.0,0.07506877183914185,1,0.0,0.0,1,1404,0.005826499778777361
BraTS-GLI-02866-101,gmm_2d,absent_fp_component,5,1,25069,1.0,0.2914389669895172,top5_volume_union_top5_enh,85,,1.0,0.9716671109199524,62,0.4291725754737854,0.19586504995822906,2,236640,1.2172385002486408
BraTS-GLI-02866-101,gmm_2d,absent_fp_component,9,2,2792,1.0,0.265542596578598,top5_volume_union_top5_enh,85,,1.0,0.711593896150589,15,0.33408111333847046,0.0,1,67158,0.329371300060302
BraTS-GLI-02866-101,gmm_2d,absent_fp_component,54,3,1674,1.0,0.40562331676483154,top5_volume_union_top5_enh,85,,1.0,0.4089125394821167,14,0.5499024391174316,0.03613102436065674,1,76032,0.37165489979088306
BraTS-GLI-02866-101,gmm_2d,absent_fp_component,14,4,1640,1.0,0.2806748151779175,top5_volume_union_top5_enh,85,,1.0,0.734576016664505,11,0.17575466632843018,0.00491178035736084,1,71604,0.34069660026580095
BraTS-GLI-02866-101,gmm_2d,absent_fp_component,2,5,1033,1.0,0.28734156489372253,top5_volume_union_top5_enh,85,,1.0,0.5914303660392761,5,0.17317509651184082,0.009463386610150337,1,17864,0.08036219980567694
BraTS-GLI-02866-101,gmm_2d,absent_fp_component,85,60,25,1.0,0.5577101111412048,top5_volume_union_top5_enh,85,,1.0,0.0,1,0.0,0.0,1,729,0.002840300090610981
BraTS-GLI-02866-101,gmm_2d,absent_fp_component,84,36,77,1.0,0.36112281680107117,top5_volume_union_top5_enh,85,,1.0,0.0339779257774353,1,0.0,0.0,1,1573,0.006244299933314323
BraTS-GLI-02866-101,gmm_2d,absent_fp_component,82,28,92,1.0,0.3552549183368683,top5_volume_union_top5_enh,85,,1.0,0.43328791856765747,2,0.0,0.0,1,2210,0.008884800132364035
BraTS-GLI-02866-101,gmm_2d,absent_fp_component,81,18,207,1.0,0.3695296049118042,top5_volume_union_top5_enh,85,,1.0,0.16130048036575317,2,0.08674836158752441,0.03385484218597412,1,4046,0.015983599703758955
BraTS-GLI-02866-101,gmm_2d,absent_fp_component,79,50,46,1.0,0.46623897552490234,top5_volume_union_top5_enh,85,,1.0,0.0,1,0.0,0.0,1,1100,0.004367799963802099
BraTS-GLI-02866-101,variational_spline,absent_fp_component,1,1,13853,1.0,0.42821305990219116,top5_volume_union_top5_enh,1,,1.0,0.7518659420311451,50,0.5744981169700623,0.03859981894493103,2,174928,0.8892501001246274
BraTS-GLI-02895-101,otsu_T1c,absent_fp_component,1,1,10694,0.9354401230812073,0.6045076251029968,top5_volume_union_top5_enh,1,,0.893841564655304,0.8755372762680054,19,0.6709493398666382,0.0007926821708679199,2,121088,0.6412579999305308
BraTS-GLI-02895-101,gmm_T1c,absent_fp_component,1,1,13041,0.9589574337005615,0.578632652759552,top5_volume_union_top5_enh,1,,0.9589574337005615,0.9501535296440125,31,0.6724979281425476,0.0007926821708679199,2,148500,0.7656375002115965
BraTS-GLI-02895-101,sustraccion,absent_fp_component,7,1,12555,1.0,0.6036805510520935,top5_volume_union_top5_enh,82,,1.0,0.9589574337005615,31,0.6752235889434814,0.0007926821708679199,2,143418,0.8166092997416854
BraTS-GLI-02895-101,sustraccion,absent_fp_component,12,2,1372,1.0,0.7760674357414246,top5_volume_union_top5_enh,82,,1.0,0.41507768630981445,4,0.5719144344329834,0.04288065433502197,1,61152,0.3300007004290819
BraTS-GLI-02895-101,sustraccion,absent_fp_component,75,3,651,0.9667264223098755,0.6063793301582336,top5_volume_union_top5_enh,82,,0.9667264223098755,0.28564316034317017,8,0.10272681713104248,0.05394050478935242,1,18525,0.10054420027881861
BraTS-GLI-02895-101,sustraccion,absent_fp_component,6,4,593,0.9130825400352478,0.5926242470741272,top5_volume_union_top5_enh,82,,0.9130825400352478,0.26632821559906006,5,0.5478798151016235,0.02760547399520874,1,24960,0.11049879994243383
BraTS-GLI-02895-101,sustraccion,absent_fp_component,37,5,557,1.0,0.6880096793174744,top5_volume_union_top5_enh,82,,1.0,0.2436366081237793,10,0.08404558897018433,0.03645700216293335,1,70875,0.3759866002947092
BraTS-GLI-02895-101,sustraccion,absent_fp_component,36,24,44,1.0,0.7532751560211182,top5_volume_union_top5_enh,82,,1.0,0.050029218196868896,1,0.0,0.0,1,990,0.00393339991569519
BraTS-GLI-02895-101,sustraccion,absent_fp_component,27,26,41,1.0,0.7240650653839111,top5_volume_union_top5_enh,82,,1.0,0.039224088191986084,1,0.0,0.0,1,840,0.0034941998310387135
BraTS-GLI-02895-101,sustraccion,absent_fp_component,17,8,268,1.0,0.646843433380127,top5_volume_union_top5_enh,82,,1.0,0.3525294065475464,3,0.09426796436309814,0.0,1,10710,0.044150799978524446
BraTS-GLI-02895-101,gmm_2d,absent_fp_component,21,1,39469,1.0,0.32026973366737366,top5_volume_union_top5_enh,140,,1.0,0.9019925594329834,67,0.6085381507873535,0.0,3,116064,0.5890762000344694
BraTS-GLI-02895-101,gmm_2d,absent_fp_component,25,2,3621,1.0,0.44014570116996765,top5_volume_union_top5_enh,140,,1.0,0.24041098356246948,4,0.2805904746055603,0.04288065433502197,1,92340,0.4442692999728024
BraTS-GLI-02895-101,gmm_2d,absent_fp_component,19,3,3452,1.0,0.3419031798839569,top5_volume_union_top5_enh,140,,1.0,0.777998898178339,26,0.49480369687080383,0.03645700216293335,1,261360,1.3732479000464082
BraTS-GLI-02895-101,gmm_2d,absent_fp_component,20,4,2225,0.9130825400352478,0.31104937195777893,top5_volume_union_top5_enh,140,,0.9130825400352478,0.29871034622192383,13,0.21870754659175873,0.0437639057636261,1,93100,0.4516770998016
BraTS-GLI-02895-101,gmm_2d,absent_fp_component,119,5,1651,1.0,0.34905654191970825,top5_volume_union_top5_enh,140,,1.0,0.8347721290774643,15,0.10568094253540039,0.06817936897277832,1,74480,0.36356589989736676
BraTS-GLI-02895-101,gmm_2d,absent_fp_component,134,102,25,1.0,0.3880749046802521,top5_volume_union_top5_enh,140,,1.0,0.0,1,0.0,0.0,1,729,0.003165200352668762
BraTS-GLI-02895-101,gmm_2d,absent_fp_component,39,60,72,1.0,0.446602463722229,top5_volume_union_top5_enh,140,,1.0,0.0,1,0.0,0.0,1,1287,0.0053368001244962215
BraTS-GLI-02895-101,gmm_2d,absent_fp_component,33,51,93,1.0,0.39308178424835205,top5_volume_union_top5_enh,140,,1.0,0.11706829071044922,2,0.0,0.0,1,1848,0.007385400123894215
BraTS-GLI-02895-101,gmm_2d,absent_fp_component,36,81,50,1.0,0.38344383239746094,top5_volume_union_top5_enh,140,,1.0,0.0,1,0.22789035737514496,0.0,1,1440,0.005503400228917599
BraTS-GLI-02895-101,gmm_2d,absent_fp_component,15,9,537,1.0,0.22947309911251068,top5_volume_union_top5_enh,140,,1.0,0.3309142291545868,4,0.1627868413925171,0.0,1,10368,0.043485000263899565
BraTS-GLI-02895-101,variational_spline,absent_fp_component,1,1,13041,0.9589574337005615,0.578632652759552,top5_volume_union_top5_enh,1,,0.9589574337005615,0.9501535296440125,31,0.6724979281425476,0.0007926821708679199,2,148500,0.7636055997572839
BraTS-GLI-02897-101,otsu_T1c,absent_fp_component,1,1,11827,1.0,0.4694206416606903,top5_volume_union_top5_enh,1,,1.0,0.6660997271537781,48,0.5709680914878845,0.12720295786857605,2,154008,0.8149576997384429
BraTS-GLI-02897-101,gmm_T1c,absent_fp_component,1,1,15370,1.0,0.4317969083786011,top5_volume_union_top5_enh,1,,1.0,0.9662093259394169,76,0.5277533531188965,0.16700225323438644,2,187110,0.960236500017345
BraTS-GLI-02897-101,sustraccion,absent_fp_component,6,1,74744,1.0,0.2759729325771332,top5_volume_union_top5_enh,182,,1.0,1.0,277,0.6196420192718506,0.0,3,131760,0.6821523997932673
BraTS-GLI-02897-101,sustraccion,absent_fp_component,13,2,1069,0.9084422588348389,0.12700314819812775,top5_volume_union_top5_enh,182,,0.9084422588348389,0.7492410689592361,14,0.2288699746131897,0.041268421802669764,1,32604,0.1580310999415815
BraTS-GLI-02897-101,sustraccion,absent_fp_component,3,3,944,0.8507109880447388,0.1254536360502243,top5_volume_union_top5_enh,182,,0.8507109880447388,0.5848645605146885,20,0.2647400498390198,0.0,1,16200,0.07026360044255853
BraTS-GLI-02897-101,sustraccion,absent_fp_component,120,4,433,0.9560384154319763,0.2860386371612549,top5_volume_union_top5_enh,182,,0.9560384154319763,0.3501480519771576,10,0.11776997148990631,0.0,1,39556,0.1824626000598073
BraTS-GLI-02897-101,sustraccion,absent_fp_component,17,5,423,0.822074294090271,0.1539427787065506,top5_volume_union_top5_enh,182,,0.822074294090271,0.5900436043739319,8,0.1172773614525795,0.0,1,8160,0.034613499883562326
BraTS-GLI-02897-101,sustraccion,absent_fp_component,180,18,133,1.0,0.370932936668396,top5_volume_union_top5_enh,182,,1.0,0.39170217514038086,4,0.0950053334236145,0.0,1,2688,0.010775199625641108
BraTS-GLI-02897-101,sustraccion,absent_fp_component,153,19,131,1.0,0.39794984459877014,top5_volume_union_top5_enh,182,,1.0,0.6430781781673431,2,0.0,0.0,1,3315,0.013522499706596136
BraTS-GLI-02897-101,sustraccion,absent_fp_component,148,53,43,1.0,0.5065805912017822,top5_volume_union_top5_enh,182,,1.0,0.09586381912231445,1,0.0,0.0,1,968,0.003704099915921688
BraTS-GLI-02897-101,sustraccion,absent_fp_component,28,37,66,1.0,0.3540353775024414,top5_volume_union_top5_enh,182,,1.0,0.14060288667678833,2,0.0,0.0,1,2184,0.00871009984984994
BraTS-GLI-02897-101,gmm_2d,absent_fp_component,7,1,88470,1.0,0.19409601390361786,top5_volume_union_top5_enh,145,,1.0,1.0,213,0.6994375586509705,0.0,3,115584,0.5998753001913428
BraTS-GLI-02897-101,gmm_2d,absent_fp_component,76,2,5530,1.0,0.23554004728794098,top5_volume_union_top5_enh,145,,1.0,0.4889591336250305,40,0.5300689339637756,0.10631610453128815,1,95557,0.467979300301522
BraTS-GLI-02897-101,gmm_2d,absent_fp_component,114,3,3320,1.0,0.18489748239517212,top5_volume_union_top5_enh,145,,1.0,0.47718626260757446,25,0.3656041622161865,0.0,1,45632,0.20962140010669827
BraTS-GLI-02897-101,gmm_2d,absent_fp_component,2,4,1631,0.7982596158981323,0.07410536706447601,top5_volume_union_top5_enh,145,,0.7982596158981323,0.5540751591324806,17,0.3226929008960724,0.0,1,18870,0.08260420011356473
BraTS-GLI-02897-101,gmm_2d,absent_fp_component,117,5,1605,1.0,0.23780235648155212,top5_volume_union_top5_enh,145,,1.0,0.35263246297836304,14,0.3698921501636505,0.0,1,42471,0.19338009972125292
BraTS-GLI-02897-101,gmm_2d,absent_fp_component,144,21,222,1.0,0.24557176232337952,top5_volume_union_top5_enh,145,,1.0,0.39170217514038086,4,0.10435792058706284,0.0,1,3570,0.014786200132220984
BraTS-GLI-02897-101,gmm_2d,absent_fp_component,132,30,143,1.0,0.3021024167537689,top5_volume_union_top5_enh,145,,1.0,0.089183509349823,1,0.0,0.0,1,2240,0.009044399950653315
BraTS-GLI-02897-101,gmm_2d,absent_fp_component,131,7,1247,1.0,0.1960236132144928,top5_volume_union_top5_enh,145,,1.0,0.8445484042167664,16,0.389786534011364,0.08478713035583496,1,39060,0.17880359990522265
BraTS-GLI-02897-101,gmm_2d,absent_fp_component,136,73,38,1.0,0.3622618615627289,top5_volume_union_top5_enh,145,,1.0,0.0379176139831543,1,0.0,0.0,1,900,0.0035705999471247196
BraTS-GLI-02897-101,variational_spline,absent_fp_component,1,1,15371,1.0,0.4317797124385834,top5_volume_union_top5_enh,1,,1.0,0.9662093259394169,76,0.5277533531188965,0.16700225323438644,2,187110,1.0838739001192153
BraTS-GLI-02901-100,otsu_T1c,absent_fp_component,1,1,16726,1.0,0.4329581558704376,top5_volume_union_top5_enh,1,,0.9866998195648193,0.5699293613433838,68,0.6186641454696655,0.026977717876434326,2,180306,0.9448064002208412
BraTS-GLI-02901-100,gmm_T1c,absent_fp_component,1,1,18667,1.0,0.4138663411140442,top5_volume_union_top5_enh,1,,1.0,1.0,69,0.628332257270813,0.08243420720100403,2,190575,0.9796080999076366
BraTS-GLI-02901-100,sustraccion,absent_fp_component,2,1,94126,1.0,0.21740084886550903,top5_volume_union_top5_enh,167,,1.0,1.0,284,0.5866560935974121,0.0,3,134044,0.6879851999692619
BraTS-GLI-02901-100,sustraccion,absent_fp_component,41,2,2553,1.0,0.22878384590148926,top5_volume_union_top5_enh,167,,1.0,0.7801164090633392,24,0.31505173444747925,0.01672673225402832,1,144942,0.7374920002184808
BraTS-GLI-02901-100,sustraccion,absent_fp_component,95,3,2294,1.0,0.1983145773410797,top5_volume_union_top5_enh,167,,1.0,0.7421036213636398,28,0.39969369769096375,0.03681755065917969,1,160650,0.8147925003431737
BraTS-GLI-02901-100,sustraccion,absent_fp_component,105,4,663,1.0,0.22238589823246002,top5_volume_union_top5_enh,167,,1.0,0.5158904902637005,11,0.005194962024688721,0.0,1,62016,0.29935939982533455
BraTS-GLI-02901-100,sustraccion,absent_fp_component,93,5,323,0.8625240921974182,0.2395530492067337,top5_volume_union_top5_enh,167,,0.8625240921974182,0.3379479981958866,6,0.010515020228922367,0.0,1,16416,0.07741860020905733
BraTS-GLI-02901-100,sustraccion,absent_fp_component,164,58,39,1.0,0.48324286937713623,top5_volume_union_top5_enh,167,,1.0,0.03502446413040161,1,0.0,0.0,1,864,0.0034651001915335655
BraTS-GLI-02901-100,sustraccion,absent_fp_component,3,37,54,1.0,0.7185204029083252,top5_volume_union_top5_enh,167,,1.0,0.0,1,0.0,0.0,1,847,0.0031876000575721264
BraTS-GLI-02901-100,sustraccion,absent_fp_component,1,13,152,1.0,0.3498739004135132,top5_volume_union_top5_enh,167,,1.0,0.4174323081970215,2,0.2516269367188215,0.0,1,4480,0.017842699773609638
BraTS-GLI-02901-100,gmm_2d,absent_fp_component,1,1,244398,1.0,0.03518892079591751,top5_volume_union_top5_enh,186,,1.0,1.0,359,0.10537778586149216,0.0,3,142002,0.7295555002056062
BraTS-GLI-02901-100,gmm_2d,absent_fp_component,46,2,3558,0.8300696015357971,0.030644649639725685,top5_volume_union_top5_enh,186,,0.8300696015357971,0.7209341153502464,19,0.35440725088119507,0.0,1,71424,0.35091300029307604
BraTS-GLI-02901-100,gmm_2d,absent_fp_component,18,3,3343,0.7235909700393677,0.013169784098863602,top5_volume_union_top5_enh,186,,0.7235909700393677,0.6809024810791016,10,0.01589694246649742,0.0,1,46208,0.2133351000957191
BraTS-GLI-02901-100,gmm_2d,absent_fp_component,3,4,799,0.8228830695152283,0.051168039441108704,top5_volume_union_top5_enh,186,,0.8228830695152283,0.6520397067070007,7,0.012832332402467728,0.0,1,14384,0.061440800316631794
BraTS-GLI-02901-100,gmm_2d,absent_fp_component,162,5,723,0.9565289616584778,0.012673708610236645,top5_volume_union_top5_enh,186,,0.9565289616584778,0.02879035472869873,1,0.024924401193857193,0.0,1,19800,0.08556099981069565
BraTS-GLI-02901-100,gmm_2d,absent_fp_component,175,79,50,1.0,0.07085780799388885,top5_volume_union_top5_enh,186,,1.0,0.0,1,0.0,0.0,1,1300,0.005188199691474438
BraTS-GLI-02901-100,gmm_2d,absent_fp_component,41,115,25,1.0,0.2370876669883728,top5_volume_union_top5_enh,186,,1.0,0.0,1,0.0,0.0,1,729,0.002869300078600645
BraTS-GLI-02901-100,gmm_2d,absent_fp_component,89,16,331,0.9435661435127258,0.0498717725276947,top5_volume_union_top5_enh,186,,0.9435661435127258,0.1976242959499359,3,0.10358121991157532,0.0,1,3808,0.01515089999884367
BraTS-GLI-02901-100,variational_spline,absent_fp_component,1,1,18667,1.0,0.4138663411140442,top5_volume_union_top5_enh,1,,1.0,1.0,69,0.628332257270813,0.08243420720100403,2,190575,0.9700503996573389
BraTS-GLI-02905-100,GT_ET,true_et_cohort,1,2,208,0.7374356985092163,0.2818908095359802,all_components,2,,0.7374356985092163,0.002338409423828125,1,0.0,0.0,1,1584,0.006021600216627121
BraTS-GLI-02905-100,GT_ET,true_et_cohort,2,1,659,0.8629464507102966,0.30326226353645325,all_components,2,,0.8629464507102966,0.0663287341594696,1,0.15702873468399048,0.07483597844839096,1,5040,0.02015079976990819
BraTS-GLI-02905-100,otsu_T1c,prediction_component,1,1,849890,1.0,0.023612091317772865,top5_volume_union_top5_enh,1,,1.0,1.0,250,0.7483862042427063,0.0,3,148614,0.781992600299418
BraTS-GLI-02905-100,gmm_T1c,prediction_component,1,1,1104436,1.0,0.025859704241156578,top5_volume_union_top5_enh,1,,1.0,1.0,375,0.5965507626533508,0.0,3,154224,0.8204366001300514
BraTS-GLI-02905-100,sustraccion,prediction_component,1,1,19889,1.0,0.5663431286811829,top5_volume_union_top5_enh,157,,1.0,1.0,92,0.631009042263031,0.007879585027694702,2,257816,1.354067400097847
BraTS-GLI-02905-100,sustraccion,prediction_component,63,2,5102,1.0,0.5175416469573975,top5_volume_union_top5_enh,157,,1.0,0.48595231771469116,46,0.5223719477653503,0.18875658512115479,1,263736,1.3908632998354733
BraTS-GLI-02905-100,sustraccion,prediction_component,11,3,4459,1.0,0.6189123392105103,top5_volume_union_top5_enh,157,,1.0,1.0,31,0.8247399926185608,0.0,2,51840,0.24279960012063384
BraTS-GLI-02905-100,sustraccion,prediction_component,10,4,713,0.9469922780990601,0.5091960430145264,top5_volume_union_top5_enh,157,,0.9469922780990601,0.3836035132408142,9,0.244331955909729,0.02041664719581604,1,14040,0.0566701996140182
BraTS-GLI-02905-100,sustraccion,prediction_component,45,5,696,1.0,0.6146234273910522,top5_volume_union_top5_enh,157,,1.0,0.3581697940826416,7,0.6251124143600464,0.23865662515163422,1,29016,0.1297144996933639
BraTS-GLI-02905-100,sustraccion,prediction_component,157,76,33,1.0,0.6570426821708679,top5_volume_union_top5_enh,157,,1.0,0.0,1,0.0,0.0,1,729,0.002951200120151043
BraTS-GLI-02905-100,sustraccion,prediction_component,156,44,60,1.0,0.6464809775352478,top5_volume_union_top5_enh,157,,1.0,0.08480364084243774,1,0.0,0.0,1,1344,0.0052836001850664616
BraTS-GLI-02905-100,sustraccion,prediction_component,155,33,95,1.0,0.6847527623176575,top5_volume_union_top5_enh,157,,1.0,0.014900028705596924,1,0.0,0.0,1,1638,0.00634200032800436
BraTS-GLI-02905-100,sustraccion,prediction_component,151,70,37,1.0,0.6681312918663025,top5_volume_union_top5_enh,157,,1.0,0.0,1,0.0,0.0,1,810,0.00300810020416975
BraTS-GLI-02905-100,sustraccion,prediction_component,152,64,38,1.0,0.6792702674865723,top5_volume_union_top5_enh,157,,1.0,0.0,1,0.0,0.0,1,720,0.0030304999090731144
BraTS-GLI-02905-100,gmm_2d,prediction_component,2,1,86350,1.0,0.3107641637325287,top5_volume_union_top5_enh,160,,1.0,1.0,176,0.4909764528274536,0.06467202305793762,3,151200,0.7796427998691797
BraTS-GLI-02905-100,gmm_2d,prediction_component,85,2,3697,0.8629464507102966,0.1886373907327652,top5_volume_union_top5_enh,160,,0.8629464507102966,0.7374356985092163,10,0.3578794226050377,0.016515910625457764,1,53922,0.24622669955715537
BraTS-GLI-02905-100,gmm_2d,prediction_component,45,3,1852,1.0,0.33825770020484924,top5_volume_union_top5_enh,160,,1.0,0.7666620425879955,13,0.19835153222084045,0.050981421023607254,1,64672,0.3055282002314925
BraTS-GLI-02905-100,gmm_2d,prediction_component,35,4,1810,1.0,0.39701730012893677,top5_volume_union_top5_enh,160,,1.0,0.5345568656921387,12,0.34508851170539856,0.0,1,60480,0.29034770000725985
BraTS-GLI-02905-100,gmm_2d,prediction_component,146,5,1453,1.0,0.39044612646102905,top5_volume_union_top5_enh,160,,1.0,0.5841805636882782,9,0.3900834023952484,0.07612156867980957,1,47212,0.2135316003113985
BraTS-GLI-02905-100,gmm_2d,prediction_component,160,74,56,1.0,0.4839150011539459,top5_volume_union_top5_enh,160,,1.0,0.0,1,0.0,0.0,1,1000,0.004121299833059311
BraTS-GLI-02905-100,gmm_2d,prediction_component,159,74,56,1.0,0.4341138005256653,top5_volume_union_top5_enh,160,,1.0,0.0,1,0.0,0.0,1,900,0.003607899881899357
BraTS-GLI-02905-100,gmm_2d,prediction_component,158,28,182,1.0,0.48719125986099243,top5_volume_union_top5_enh,160,,1.0,0.014900028705596924,1,0.10296867787837982,0.0,1,2640,0.01045059971511364
BraTS-GLI-02905-100,gmm_2d,prediction_component,157,53,101,1.0,0.3952054977416992,top5_volume_union_top5_enh,160,,1.0,0.09298253059387207,1,0.0,0.0,1,1320,0.0053183999843895435
BraTS-GLI-02905-100,gmm_2d,prediction_component,156,55,89,1.0,0.4167374074459076,top5_volume_union_top5_enh,160,,1.0,0.0,1,0.0,0.0,1,1452,0.005337400361895561
BraTS-GLI-02905-100,variational_spline,prediction_component,1,1,82854,1.0,0.417717844247818,top5_volume_union_top5_enh,1,,1.0,0.9734125733375549,281,0.7646639943122864,0.0,3,154224,0.8326260996982455
BraTS-GLI-02917-101,GT_ET,true_et_cohort,1,1,5875,0.5396427512168884,0.03944773226976395,all_components,4,,0.5396427512168884,0.39319564402103424,26,0.1256745085120201,0.0,1,57190,0.27283950010314584
BraTS-GLI-02917-101,GT_ET,true_et_cohort,2,2,182,0.7355384230613708,0.1546468585729599,all_components,4,,0.7355384230613708,0.11727386713027954,3,0.2824239879846573,0.0013794302940368652,1,2366,0.009819400031119585
BraTS-GLI-02917-101,GT_ET,true_et_cohort,3,3,39,0.14918655157089233,0.0098869102075696,all_components,4,,0.14918655157089233,0.0,1,0.0,0.0,1,660,0.0026573999784886837
BraTS-GLI-02917-101,GT_ET,true_et_cohort,4,4,14,0.044866133481264114,0.003204723820090294,all_components,4,,0.044866133481264114,0.0,0,0.0,0.0,1,360,0.001677399966865778
BraTS-GLI-02917-101,otsu_T1c,prediction_component,1,1,14315,1.0,0.4409259259700775,top5_volume_union_top5_enh,1,,0.9686617851257324,0.6480555832386017,38,0.4492802619934082,0.006230592727661133,2,120393,0.6118950000964105
BraTS-GLI-02917-101,gmm_T1c,prediction_component,1,1,21882,1.0,0.3623380661010742,top5_volume_union_top5_enh,1,,1.0,1.0,76,0.44025784730911255,0.19015468657016754,2,207680,1.0625138999894261
BraTS-GLI-02917-101,sustraccion,prediction_component,7,1,66406,1.0,0.24674442410469055,top5_volume_union_top5_enh,159,,1.0,1.0,208,0.6907942295074463,0.0,3,111360,0.5708479997701943
BraTS-GLI-02917-101,sustraccion,prediction_component,94,2,4755,0.5396427512168884,0.0434114895761013,top5_volume_union_top5_enh,159,,0.5396427512168884,0.351920485496521,23,0.10278268903493881,0.0,1,60996,0.28716510022059083
BraTS-GLI-02917-101,sustraccion,prediction_component,5,3,1181,1.0,0.22918802499771118,top5_volume_union_top5_enh,159,,1.0,0.6123889833688736,22,0.3671240210533142,0.0,1,36540,0.16617010021582246
BraTS-GLI-02917-101,sustraccion,prediction_component,2,4,1140,1.0,0.280289888381958,top5_volume_union_top5_enh,159,,1.0,0.6777390241622925,15,0.2960597276687622,0.00895017385482788,1,30914,0.13900270033627748
BraTS-GLI-02917-101,sustraccion,prediction_component,128,5,599,0.9520778656005859,0.3278876841068268,top5_volume_union_top5_enh,159,,0.9520778656005859,0.3599894940853119,15,0.30219802260398865,0.0,1,32368,0.14609109982848167
BraTS-GLI-02917-101,sustraccion,prediction_component,153,17,111,1.0,0.5149039626121521,top5_volume_union_top5_enh,159,,1.0,0.23915225267410278,5,0.0,0.0,1,4800,0.019761099945753813
BraTS-GLI-02917-101,sustraccion,prediction_component,145,16,117,1.0,0.3882492780685425,top5_volume_union_top5_enh,159,,1.0,0.34988367557525635,5,0.0,0.0,1,2052,0.008478399831801653
BraTS-GLI-02917-101,sustraccion,prediction_component,4,8,279,1.0,0.2328340858221054,top5_volume_union_top5_enh,159,,1.0,0.4065960571169853,7,0.20842215418815613,0.0,1,6188,0.024669900070875883
BraTS-GLI-02917-101,sustraccion,prediction_component,69,25,60,1.0,0.35563594102859497,top5_volume_union_top5_enh,159,,1.0,0.20072108507156372,2,0.0,0.0,1,1377,0.0054512000642716885
BraTS-GLI-02917-101,gmm_2d,prediction_component,1,1,94173,1.0,0.09372639656066895,top5_volume_union_top5_enh,209,,1.0,1.0,217,0.42987340688705444,0.0,3,111800,0.5833640997298062
BraTS-GLI-02917-101,gmm_2d,prediction_component,62,2,3171,1.0,0.17466267943382263,top5_volume_union_top5_enh,209,,1.0,0.8035307303071022,37,0.5225749015808105,0.04233797639608383,1,49476,0.22986819967627525
BraTS-GLI-02917-101,gmm_2d,prediction_component,36,3,1859,1.0,0.13454480469226837,top5_volume_union_top5_enh,209,,1.0,0.6093149781227112,22,0.3445928022265434,0.04752728343009949,1,55440,0.26456720009446144
BraTS-GLI-02917-101,gmm_2d,prediction_component,60,4,1756,1.0,0.16737426817417145,top5_volume_union_top5_enh,209,,1.0,1.0,21,0.6256328821182251,0.02060278702992946,1,57970,0.3053844999521971
BraTS-GLI-02917-101,gmm_2d,prediction_component,174,5,1177,1.0,0.17276878654956818,top5_volume_union_top5_enh,209,,1.0,0.8803359493613243,18,0.46765992045402527,0.0,1,42840,0.19549599988386035
BraTS-GLI-02917-101,gmm_2d,prediction_component,203,126,25,1.0,0.26947787404060364,top5_volume_union_top5_enh,209,,1.0,0.0,1,0.0,0.0,1,729,0.0037762001156806946
BraTS-GLI-02917-101,gmm_2d,prediction_component,53,54,91,1.0,0.15090987086296082,top5_volume_union_top5_enh,209,,1.0,0.5940124094486237,2,0.0,0.0,1,1560,0.006123500410467386
BraTS-GLI-02917-101,variational_spline,prediction_component,1,1,21882,1.0,0.3623380661010742,top5_volume_union_top5_enh,1,,1.0,1.0,76,0.44025784730911255,0.19015468657016754,2,207680,1.0649853004142642
BraTS-GLI-02934-101,otsu_T1c,absent_fp_component,1,1,11031,1.0,0.6212226748466492,top5_volume_union_top5_enh,1,,0.9762575030326843,0.6812905669212341,29,0.560631275177002,0.020098865032196045,2,132553,0.7202251995913684
BraTS-GLI-02934-101,gmm_T1c,absent_fp_component,1,1,10852,1.0,0.6241478323936462,top5_volume_union_top5_enh,1,,0.9762575030326843,0.6812905669212341,28,0.560631275177002,0.020098865032196045,2,132553,0.6948250001296401
BraTS-GLI-02934-101,sustraccion,absent_fp_component,3,1,77395,1.0,0.3597649335861206,top5_volume_union_top5_enh,178,,1.0,1.0,333,0.7254278883337975,0.09175390750169754,3,127558,0.6386543000116944
BraTS-GLI-02934-101,sustraccion,absent_fp_component,66,2,645,0.733717143535614,0.16710186004638672,top5_volume_union_top5_enh,178,,0.733717143535614,0.29370683431625366,4,0.09566617012023926,0.026192739605903625,1,26622,0.11831390019506216
BraTS-GLI-02934-101,sustraccion,absent_fp_component,4,3,565,0.9310355186462402,0.2892833650112152,top5_volume_union_top5_enh,178,,0.9310355186462402,0.5762236714363098,8,0.4033746123313904,0.0,1,15732,0.06753850029781461
BraTS-GLI-02934-101,sustraccion,absent_fp_component,2,4,368,1.0,0.2336597442626953,top5_volume_union_top5_enh,178,,1.0,0.29659363627433777,4,0.05185207724571228,0.0,1,6240,0.024549900088459253
BraTS-GLI-02934-101,sustraccion,absent_fp_component,17,5,347,1.0,0.38449448347091675,top5_volume_union_top5_enh,178,,1.0,0.4279884546995163,2,0.08571836352348328,0.0,1,8602,0.03479770012199879
BraTS-GLI-02934-101,sustraccion,absent_fp_component,178,12,108,1.0,0.5390422344207764,top5_volume_union_top5_enh,178,,1.0,0.15164875984191895,3,0.09443533420562744,0.0,1,1638,0.00647500017657876
BraTS-GLI-02934-101,sustraccion,absent_fp_component,166,92,26,1.0,0.5944363474845886,top5_volume_union_top5_enh,178,,1.0,0.0,1,0.0,0.0,1,720,0.002721599768847227
BraTS-GLI-02934-101,sustraccion,absent_fp_component,141,153,12,1.0,0.618970513343811,top5_volume_union_top5_enh,178,,1.0,0.0,1,0.0,0.0,1,448,0.001650799997150898
BraTS-GLI-02934-101,sustraccion,absent_fp_component,134,138,14,1.0,0.5730835199356079,top5_volume_union_top5_enh,178,,1.0,0.0,1,0.0,0.0,1,512,0.0022064000368118286
BraTS-GLI-02934-101,sustraccion,absent_fp_component,150,127,17,1.0,0.6454439759254456,top5_volume_union_top5_enh,178,,1.0,0.0,1,0.0,0.0,1,504,0.0019394997507333755
BraTS-GLI-02934-101,gmm_2d,absent_fp_component,3,1,105870,1.0,0.24605952203273773,top5_volume_union_top5_enh,183,,1.0,1.0,266,0.624794602394104,0.0,3,135360,0.7015427001751959
BraTS-GLI-02934-101,gmm_2d,absent_fp_component,1,2,820,0.06350654363632202,0.00018307367281522602,top5_volume_union_top5_enh,183,,0.06350654363632202,0.04080461710691452,0,0.0,0.0,1,4536,0.01836249977350235
BraTS-GLI-02934-101,gmm_2d,absent_fp_component,81,3,755,1.0,0.227713480591774,top5_volume_union_top5_enh,183,,1.0,0.7476859092712402,12,0.18428261578083038,0.0,1,19488,0.08418270014226437
BraTS-GLI-02934-101,gmm_2d,absent_fp_component,16,4,648,1.0,0.23329685628414154,top5_volume_union_top5_enh,183,,1.0,0.30192476511001587,6,0.07100553810596466,0.0,1,12960,0.05305059999227524
BraTS-GLI-02934-101,gmm_2d,absent_fp_component,69,5,596,0.8575286269187927,0.1927815079689026,top5_volume_union_top5_enh,183,,0.8575286269187927,0.18376189470291138,5,0.08293376117944717,0.0,1,10500,0.04512959998100996
BraTS-GLI-02934-101,gmm_2d,absent_fp_component,180,18,184,1.0,0.36437880992889404,top5_volume_union_top5_enh,183,,1.0,0.15164875984191895,3,0.09443533420562744,0.0,1,2475,0.00987609988078475
BraTS-GLI-02934-101,gmm_2d,absent_fp_component,179,83,46,1.0,0.4060852527618408,top5_volume_union_top5_enh,183,,1.0,0.06410497426986694,1,0.0,0.0,1,990,0.004104499705135822
BraTS-GLI-02934-101,gmm_2d,absent_fp_component,171,89,38,1.0,0.3775720000267029,top5_volume_union_top5_enh,183,,1.0,0.0,1,0.0,0.0,1,810,0.003132999874651432
BraTS-GLI-02934-101,gmm_2d,absent_fp_component,166,106,25,1.0,0.4716554284095764,top5_volume_union_top5_enh,183,,1.0,0.0,1,0.0,0.0,1,729,0.00307529978454113
BraTS-GLI-02934-101,gmm_2d,absent_fp_component,160,89,38,1.0,0.4067848026752472,top5_volume_union_top5_enh,183,,1.0,0.0,1,0.0,0.0,1,900,0.003330300096422434
BraTS-GLI-02934-101,variational_spline,absent_fp_component,1,1,10852,1.0,0.6241478323936462,top5_volume_union_top5_enh,1,,0.9762575030326843,0.6812905669212341,28,0.560631275177002,0.020098865032196045,2,132553,0.6926325000822544
BraTS-GLI-02947-100,GT_ET,true_et_cohort,1,2,128,0.14075152575969696,0.004868116229772568,all_components,4,,0.14075152575969696,0.02331569790840149,1,0.0,0.0,1,1560,0.006840200163424015
BraTS-GLI-02947-100,GT_ET,true_et_cohort,2,1,233,0.583373486995697,0.16784535348415375,all_components,4,,0.583373486995697,0.01971721649169922,1,0.00562874972820282,0.0,1,2310,0.008551800157874823
BraTS-GLI-02947-100,GT_ET,true_et_cohort,3,4,45,0.0,0.0,all_components,4,,0.0,0.0,0,0.0,0.0,1,720,0.002698100171983242
BraTS-GLI-02947-100,GT_ET,true_et_cohort,4,3,76,0.0,0.0,all_components,4,,0.0,0.0,0,0.0,0.0,1,900,0.0034361998550593853
BraTS-GLI-02947-100,otsu_T1c,prediction_component,1,1,768624,1.0,0.028345957398414612,top5_volume_union_top5_enh,1,,1.0,1.0,250,0.701093316078186,0.0,3,134064,0.7149685998447239
BraTS-GLI-02947-100,gmm_T1c,prediction_component,1,1,1236057,0.7386727333068848,0.004773839842528105,top5_volume_union_top5_enh,1,,0.704156756401062,0.5824961066246033,390,0.22385038435459137,0.0,3,139258,0.7141821999102831
BraTS-GLI-02947-100,sustraccion,prediction_component,2,1,72477,1.0,0.3845263123512268,top5_volume_union_top5_enh,148,,1.0,0.959735095500946,210,0.6432958245277405,0.044339001178741455,3,136857,0.7049882998690009
BraTS-GLI-02947-100,sustraccion,prediction_component,60,2,1289,0.976831316947937,0.33783480525016785,top5_volume_union_top5_enh,148,,0.976831316947937,0.37183527648448944,17,0.20878055691719055,0.0,1,40425,0.1882659001275897
BraTS-GLI-02947-100,sustraccion,prediction_component,5,3,1051,0.9960559010505676,0.41915401816368103,top5_volume_union_top5_enh,148,,0.9960559010505676,0.5966229140758514,6,0.17340177297592163,0.0,1,22330,0.12028679996728897
BraTS-GLI-02947-100,sustraccion,prediction_component,40,4,906,0.8746046423912048,0.23755376040935516,top5_volume_union_top5_enh,148,,0.8746046423912048,0.44607628881931305,7,0.10576704144477844,0.0,1,32640,0.15137729980051517
BraTS-GLI-02947-100,sustraccion,prediction_component,45,5,646,0.8118618130683899,0.2097594141960144,top5_volume_union_top5_enh,148,,0.8118618130683899,0.24703454971313477,4,0.04370010644197464,0.0,1,24960,0.10785540007054806
BraTS-GLI-02947-100,sustraccion,prediction_component,148,23,100,1.0,0.5342524647712708,top5_volume_union_top5_enh,148,,1.0,0.0,1,0.0,0.0,1,1408,0.006206300109624863
BraTS-GLI-02947-100,sustraccion,prediction_component,141,15,169,1.0,0.5077623128890991,top5_volume_union_top5_enh,148,,1.0,0.34357503056526184,3,0.0039711594581604,0.0,1,7820,0.03167580021545291
BraTS-GLI-02947-100,sustraccion,prediction_component,130,13,220,1.0,0.49168917536735535,top5_volume_union_top5_enh,148,,1.0,0.2404385805130005,2,0.05484884977340698,0.0,1,4104,0.01619299966841936
BraTS-GLI-02947-100,sustraccion,prediction_component,115,20,116,1.0,0.3836638331413269,top5_volume_union_top5_enh,148,,1.0,0.20251452922821045,2,0.08678989112377167,0.0,1,3146,0.012172500137239695
BraTS-GLI-02947-100,gmm_2d,prediction_component,5,1,74924,1.0,0.30989038944244385,top5_volume_union_top5_enh,116,,1.0,0.9901912808418274,141,0.578623078763485,0.0,3,134064,0.6976419999264181
BraTS-GLI-02947-100,gmm_2d,prediction_component,46,2,2374,1.0,0.3876289427280426,top5_volume_union_top5_enh,116,,1.0,0.48816680908203125,16,0.23705190420150757,0.056631386280059814,1,122640,0.6152587002143264
BraTS-GLI-02947-100,gmm_2d,prediction_component,4,3,1196,0.9960559010505676,0.3204904794692993,top5_volume_union_top5_enh,116,,0.9960559010505676,0.5966229140758514,4,0.10333675146102905,0.0,1,15870,0.06717970035970211
BraTS-GLI-02947-100,gmm_2d,prediction_component,3,4,856,1.0,0.2975565791130066,top5_volume_union_top5_enh,116,,1.0,0.5337971448898315,7,0.25111624598503113,0.18700078129768372,1,11362,0.0462915999814868
BraTS-GLI-02947-100,gmm_2d,prediction_component,67,5,794,0.9396602511405945,0.29851898550987244,top5_volume_union_top5_enh,116,,0.9396602511405945,0.7053562849760056,6,0.18908965587615967,0.0,1,17500,0.07618239987641573
BraTS-GLI-02947-100,gmm_2d,prediction_component,116,75,25,1.0,0.565543532371521,top5_volume_union_top5_enh,116,,1.0,0.0,1,0.0,0.0,1,729,0.0029796003364026546
BraTS-GLI-02947-100,gmm_2d,prediction_component,115,58,47,1.0,0.5648131966590881,top5_volume_union_top5_enh,116,,1.0,0.0,1,0.0,0.0,1,900,0.0038584000431001186
BraTS-GLI-02947-100,gmm_2d,prediction_component,113,24,149,1.0,0.43342241644859314,top5_volume_union_top5_enh,116,,1.0,0.0,1,0.0,0.0,1,2808,0.011137300170958042
BraTS-GLI-02947-100,gmm_2d,prediction_component,112,32,122,1.0,0.4283900260925293,top5_volume_union_top5_enh,116,,1.0,0.08137375116348267,1,0.0039711594581604,0.0,1,2160,0.008450300432741642
BraTS-GLI-02947-100,gmm_2d,prediction_component,97,42,77,1.0,0.33104828000068665,top5_volume_union_top5_enh,116,,1.0,0.14581817388534546,2,0.0,0.0,1,1320,0.005220900289714336
BraTS-GLI-02947-100,variational_spline,prediction_component,1,1,182201,1.0,0.21578948199748993,top5_volume_union_top5_enh,1,,1.0,0.8670684844255447,350,0.3335368186235428,0.1191004142165184,3,142100,0.7411572998389602
BraTS-GLI-02983-101,GT_ET,true_et_cohort,1,2,39,0.552841067314148,0.19098414480686188,all_components,2,,0.552841067314148,0.058616310358047485,1,0.0,0.0,1,810,0.003086499869823456
BraTS-GLI-02983-101,GT_ET,true_et_cohort,2,1,1806,0.40114152431488037,0.041806116700172424,all_components,2,,0.40114152431488037,0.21134698390960693,4,0.040716249495744705,0.0,1,13662,0.059889400377869606
BraTS-GLI-02983-101,otsu_T1c,prediction_component,1,1,12508,0.8773097991943359,0.3284358084201813,top5_volume_union_top5_enh,1,,0.8449192643165588,0.44429585337638855,34,0.4072047472000122,0.19939406216144562,2,128856,0.6938955998048186
BraTS-GLI-02983-101,gmm_T1c,prediction_component,1,1,19121,1.0,0.29633378982543945,top5_volume_union_top5_enh,1,,0.9688605666160583,0.6725419759750366,68,0.3909478485584259,0.17515444662421942,2,206388,1.0629572002217174
BraTS-GLI-02983-101,sustraccion,prediction_component,7,1,26620,1.0,0.2797970175743103,top5_volume_union_top5_enh,137,,1.0,0.9598618447780609,126,0.5724427103996277,0.18776901438832283,2,243712,1.2798302001319826
BraTS-GLI-02983-101,sustraccion,prediction_component,25,2,6910,1.0,0.3854195475578308,top5_volume_union_top5_enh,137,,1.0,1.0,63,0.4908629357814789,0.0,2,145089,0.7457770998589694
BraTS-GLI-02983-101,sustraccion,prediction_component,108,3,1504,0.7462634444236755,0.24625638127326965,top5_volume_union_top5_enh,137,,0.7462634444236755,0.34526917338371277,18,0.21894077956676483,0.0,1,27000,0.11606730008497834
BraTS-GLI-02983-101,sustraccion,prediction_component,48,4,1436,0.9634362459182739,0.3916909396648407,top5_volume_union_top5_enh,137,,0.9634362459182739,0.2829305827617645,8,0.37786930799484253,0.17343701422214508,1,48960,0.225186999887228
BraTS-GLI-02983-101,sustraccion,prediction_component,4,5,547,1.0,0.26247504353523254,top5_volume_union_top5_enh,137,,1.0,0.48793770372867584,7,0.18138566613197327,0.0,1,24360,0.10872989986091852
BraTS-GLI-02983-101,sustraccion,prediction_component,1,27,85,1.0,0.44663184881210327,top5_volume_union_top5_enh,137,,1.0,0.23527827858924866,3,0.0977228581905365,0.0,1,1920,0.007991900201886892
BraTS-GLI-02983-101,sustraccion,prediction_component,3,27,85,1.0,0.5978723168373108,top5_volume_union_top5_enh,137,,1.0,0.0027315616607666016,1,0.0,0.0,1,2400,0.010633499827235937
BraTS-GLI-02983-101,sustraccion,prediction_component,2,23,110,1.0,0.697115957736969,top5_volume_union_top5_enh,137,,1.0,0.0,1,0.0,0.0,1,2805,0.010903500020503998
BraTS-GLI-02983-101,gmm_2d,prediction_component,21,1,9552,0.8605204820632935,0.12729942798614502,top5_volume_union_top5_enh,216,,0.8245714902877808,0.7677396535873413,64,0.16163896024227142,0.0,2,97440,0.4742787000723183
BraTS-GLI-02983-101,gmm_2d,prediction_component,94,2,5205,0.8218295574188232,0.13513079285621643,top5_volume_union_top5_enh,216,,0.8218295574188232,0.5619510412216187,46,0.31786036491394043,0.05853017792105675,1,271425,1.4671176001429558
BraTS-GLI-02983-101,gmm_2d,prediction_component,29,3,2281,0.9329468607902527,0.1240445077419281,top5_volume_union_top5_enh,216,,0.9329468607902527,0.7922748178243637,25,0.2886825203895569,0.018349124118685722,1,67200,0.32909099990502
BraTS-GLI-02983-101,gmm_2d,prediction_component,42,4,2189,1.0,0.04949653893709183,top5_volume_union_top5_enh,216,,1.0,0.6550968289375305,10,0.2784859240055084,0.22499684989452362,1,26928,0.12039679987356067
BraTS-GLI-02983-101,gmm_2d,prediction_component,67,5,1753,0.9138231873512268,0.2088126838207245,top5_volume_union_top5_enh,216,,0.9138231873512268,0.790429949760437,13,0.78095543384552,0.15819157660007477,1,54400,0.258101100102067
BraTS-GLI-02983-101,gmm_2d,prediction_component,130,91,60,1.0,0.3111376166343689,top5_volume_union_top5_enh,216,,1.0,0.21499013900756836,2,0.0,0.0,1,990,0.00393269956111908
BraTS-GLI-02983-101,gmm_2d,prediction_component,139,139,25,1.0,0.3471575081348419,top5_volume_union_top5_enh,216,,1.0,0.0,1,0.0,0.0,1,729,0.0029171998612582684
BraTS-GLI-02983-101,gmm_2d,prediction_component,88,26,180,1.0,0.399652361869812,top5_volume_union_top5_enh,216,,1.0,0.38665997982025146,4,0.3327111005783081,0.0020773708820343018,1,3564,0.014393100049346685
BraTS-GLI-02983-101,gmm_2d,prediction_component,73,139,25,1.0,0.2876673936843872,top5_volume_union_top5_enh,216,,1.0,0.0,1,0.0,0.0,1,729,0.003080500289797783
BraTS-GLI-02983-101,gmm_2d,prediction_component,71,68,76,1.0,0.22318382561206818,top5_volume_union_top5_enh,216,,1.0,0.043931663036346436,1,0.0,0.0,1,1560,0.006281800102442503
BraTS-GLI-02983-101,variational_spline,prediction_component,1,1,19125,1.0,0.29627180099487305,top5_volume_union_top5_enh,1,,0.9688605666160583,0.6725419759750366,68,0.3909478485584259,0.17515444662421942,2,206388,1.0618008999153972
BraTS-GLI-02984-101,otsu_T1c,absent_fp_component,1,1,13855,0.9911682605743408,0.4672067165374756,top5_volume_union_top5_enh,1,,0.9536492824554443,0.36065414547920227,42,0.6207944750785828,0.0,2,234484,1.222982400096953
BraTS-GLI-02984-101,gmm_T1c,absent_fp_component,1,1,16573,1.0,0.4385592043399811,top5_volume_union_top5_enh,1,,1.0,0.6232118159532547,52,0.6207944750785828,0.0,2,257796,1.3476617000997066
BraTS-GLI-02984-101,sustraccion,absent_fp_component,9,1,73843,1.0,0.27980154752731323,top5_volume_union_top5_enh,182,,1.0,0.9467081427574158,250,0.3977653831243515,0.0,3,118440,0.6092638000845909
BraTS-GLI-02984-101,sustraccion,absent_fp_component,85,2,1324,0.9699957370758057,0.35700133442878723,top5_volume_union_top5_enh,182,,0.9699957370758057,0.5653896927833557,23,0.38058921694755554,0.04636037349700928,1,112926,0.5669350000098348
BraTS-GLI-02984-101,sustraccion,absent_fp_component,2,3,1012,1.0,0.2793928384780884,top5_volume_union_top5_enh,182,,1.0,0.3221733570098877,12,0.4229241609573364,0.0,1,19278,0.08261810010299087
BraTS-GLI-02984-101,sustraccion,absent_fp_component,155,4,938,0.7127379179000854,0.26747721433639526,top5_volume_union_top5_enh,182,,0.7127379179000854,0.3540618121623993,15,0.07281267642974854,0.0,1,68992,0.33432350028306246
BraTS-GLI-02984-101,sustraccion,absent_fp_component,100,5,654,0.7260362505912781,0.18682704865932465,top5_volume_union_top5_enh,182,,0.7260362505912781,0.3453928679227829,6,0.1943172663450241,0.0,1,49280,0.22376039996743202
BraTS-GLI-02984-101,sustraccion,absent_fp_component,20,25,94,1.0,0.3078060746192932,top5_volume_union_top5_enh,182,,1.0,0.0,1,0.0,0.0,1,1716,0.006728099659085274
BraTS-GLI-02984-101,sustraccion,absent_fp_component,58,35,68,1.0,0.39617908000946045,top5_volume_union_top5_enh,182,,1.0,0.361599862575531,2,0.0,0.0,1,2079,0.008165000006556511
BraTS-GLI-02984-101,sustraccion,absent_fp_component,51,67,32,0.9945436716079712,0.24531318247318268,top5_volume_union_top5_enh,182,,0.9945436716079712,0.3042081296443939,2,0.0,0.0,1,792,0.0031575998291373253
BraTS-GLI-02984-101,gmm_2d,absent_fp_component,14,1,7985,1.0,0.08220010995864868,top5_volume_union_top5_enh,322,,0.7319523096084595,0.6830504536628723,41,0.1603047102689743,0.0,2,59220,0.27815029956400394
BraTS-GLI-02984-101,gmm_2d,absent_fp_component,170,2,5251,0.7617531418800354,0.10155151784420013,top5_volume_union_top5_enh,322,,0.7617531418800354,0.5304532498121262,44,0.28878698498010635,0.10868845880031586,1,154440,0.787780400365591
BraTS-GLI-02984-101,gmm_2d,absent_fp_component,247,3,3343,0.8724295496940613,0.1493772566318512,top5_volume_union_top5_enh,322,,0.8724295496940613,0.5931348651647568,31,0.26099368929862976,0.06627627462148666,1,65268,0.31420120038092136
BraTS-GLI-02984-101,gmm_2d,absent_fp_component,97,4,1480,0.8465365171432495,0.1134759858250618,top5_volume_union_top5_enh,322,,0.8465365171432495,0.4696275293827057,16,0.2648793961852789,0.0,1,42750,0.19530909974128008
BraTS-GLI-02984-101,gmm_2d,absent_fp_component,322,5,1237,1.0,0.29711905121803284,top5_volume_union_top5_enh,322,,1.0,0.3099607229232788,10,0.36349084973335266,0.2641088664531708,1,10868,0.04452140023931861
BraTS-GLI-02984-101,gmm_2d,absent_fp_component,1,8,721,1.0,0.17574205994606018,top5_volume_union_top5_enh,322,,1.0,0.7492502629756927,15,0.2047329545021057,0.1893562376499176,1,13068,0.0542815001681447
BraTS-GLI-02984-101,gmm_2d,absent_fp_component,24,17,336,1.0,0.08183906227350235,top5_volume_union_top5_enh,322,,1.0,0.5983632802963257,4,0.08156848698854446,0.0,1,4860,0.019784200005233288
BraTS-GLI-02984-101,gmm_2d,absent_fp_component,209,58,139,1.0,0.23918837308883667,top5_volume_union_top5_enh,322,,1.0,0.4575085937976837,4,0.10112684965133667,0.0,1,2288,0.008910700213164091
BraTS-GLI-02984-101,gmm_2d,absent_fp_component,82,37,174,1.0,0.23031263053417206,top5_volume_union_top5_enh,322,,1.0,0.1908702254295349,2,0.0,0.13410116732120514,1,2880,0.011506299953907728
BraTS-GLI-02984-101,variational_spline,absent_fp_component,1,1,16574,1.0,0.4385433495044708,top5_volume_union_top5_enh,1,,1.0,0.6232118159532547,52,0.6207944750785828,0.0,2,257796,1.3435974000021815
BraTS-GLI-02985-101,otsu_T1c,absent_fp_component,1,1,553928,1.0,0.020098194479942322,top5_volume_union_top5_enh,1,,1.0,1.0,177,0.5184804201126099,0.0,3,116820,0.6051674000918865
BraTS-GLI-02985-101,gmm_T1c,absent_fp_component,1,1,1033716,0.9053966403007507,0.0034992846194654703,top5_volume_union_top5_enh,1,,0.7533441185951233,0.6777875423431396,283,0.1559474766254425,0.0,3,116702,0.584256200119853
BraTS-GLI-02985-101,sustraccion,absent_fp_component,6,1,3440,1.0,0.5384585857391357,top5_volume_union_top5_enh,63,,1.0,0.48579275608062744,16,0.32353711128234863,0.0,2,42930,0.1939416998066008
BraTS-GLI-02985-101,sustraccion,absent_fp_component,28,2,2816,1.0,0.5763131976127625,top5_volume_union_top5_enh,63,,1.0,0.37585681676864624,16,0.6771447658538818,0.09042680263519287,1,128000,0.6514181001111865
BraTS-GLI-02985-101,sustraccion,absent_fp_component,37,3,2411,1.0,0.408134788274765,top5_volume_union_top5_enh,63,,1.0,0.5623866617679596,31,0.48116689920425415,0.06912410259246826,1,138600,0.7108167996630073
BraTS-GLI-02985-101,sustraccion,absent_fp_component,5,4,295,1.0,0.5878748893737793,top5_volume_union_top5_enh,63,,1.0,0.4069926142692566,6,0.10343188047409058,0.08922266960144043,1,6783,0.028070899657905102
BraTS-GLI-02985-101,sustraccion,absent_fp_component,17,5,187,1.0,0.7958449721336365,top5_volume_union_top5_enh,63,,1.0,0.17129892110824585,5,0.03126341104507446,0.0015451908111572266,1,7072,0.02918370021507144
BraTS-GLI-02985-101,sustraccion,absent_fp_component,60,11,84,1.0,0.7061407566070557,top5_volume_union_top5_enh,63,,1.0,0.12926560640335083,2,0.0,0.0,1,2430,0.010256600100547075
BraTS-GLI-02985-101,sustraccion,absent_fp_component,58,12,83,1.0,0.7901714444160461,top5_volume_union_top5_enh,63,,1.0,0.15080153942108154,2,0.6979090571403503,0.0,1,2660,0.011123800184577703
BraTS-GLI-02985-101,sustraccion,absent_fp_component,49,28,31,1.0,0.7242665886878967,top5_volume_union_top5_enh,63,,1.0,0.0,1,0.0,0.0,1,990,0.003959599882364273
BraTS-GLI-02985-101,sustraccion,absent_fp_component,52,23,41,1.0,0.7310469746589661,top5_volume_union_top5_enh,63,,1.0,0.05288618803024292,1,0.03518432378768921,0.0,1,1440,0.005913199856877327
BraTS-GLI-02985-101,sustraccion,absent_fp_component,51,42,17,1.0,0.6202433705329895,top5_volume_union_top5_enh,63,,1.0,0.10466820001602173,2,0.0,0.0,1,567,0.0023856996558606625
BraTS-GLI-02985-101,gmm_2d,absent_fp_component,3,1,43660,1.0,0.2563376724720001,top5_volume_union_top5_enh,118,,1.0,1.0,171,0.5440823435783386,0.04163959622383118,2,256200,1.3352093999274075
BraTS-GLI-02985-101,gmm_2d,absent_fp_component,30,2,14638,1.0,0.23570016026496887,top5_volume_union_top5_enh,118,,1.0,0.8455507755279541,49,0.5438379645347595,0.08613482862710953,2,99330,0.4857204998843372
BraTS-GLI-02985-101,gmm_2d,absent_fp_component,21,3,1078,1.0,0.2291882187128067,top5_volume_union_top5_enh,118,,1.0,0.4688020348548889,7,0.049190402030944824,0.0,1,54180,0.25590689992532134
BraTS-GLI-02985-101,gmm_2d,absent_fp_component,32,4,915,0.8737021684646606,0.17084947228431702,top5_volume_union_top5_enh,118,,0.8737021684646606,0.20703870058059692,6,0.08483868837356567,0.0,1,22568,0.09881399990990758
BraTS-GLI-02985-101,gmm_2d,absent_fp_component,89,5,847,1.0,0.3207435607910156,top5_volume_union_top5_enh,118,,1.0,0.3191947937011719,5,0.3378679156303406,0.0,1,42920,0.19757269974797964
BraTS-GLI-02985-101,gmm_2d,absent_fp_component,114,14,331,1.0,0.31863266229629517,top5_volume_union_top5_enh,118,,1.0,0.6400146633386612,4,0.09674805402755737,0.0,1,7956,0.0318571999669075
BraTS-GLI-02985-101,gmm_2d,absent_fp_component,109,52,50,1.0,0.30185815691947937,top5_volume_union_top5_enh,118,,1.0,0.01998913288116455,1,0.0,0.0,1,1000,0.0040456997230648994
BraTS-GLI-02985-101,gmm_2d,absent_fp_component,104,18,198,1.0,0.26524174213409424,top5_volume_union_top5_enh,118,,1.0,0.3030902147293091,2,0.03723728656768799,0.0,1,3179,0.01232930039986968
BraTS-GLI-02985-101,gmm_2d,absent_fp_component,78,6,811,1.0,0.29840168356895447,top5_volume_union_top5_enh,118,,1.0,0.41679322719573975,8,0.25776655226945877,0.0909595787525177,1,36244,0.16451570019125938
BraTS-GLI-02985-101,variational_spline,absent_fp_component,1,1,29469,1.0,0.3312421143054962,top5_volume_union_top5_enh,1,,1.0,0.7474859356880188,111,0.6198040246963501,0.030856966972351074,2,235480,1.238076699897647
BraTS-GLI-02992-101,otsu_T1c,absent_fp_component,1,1,10295,1.0,0.6737188696861267,top5_volume_union_top5_enh,1,,1.0,0.8728483319282532,24,0.719585120677948,0.0,2,123310,0.6498810998164117
BraTS-GLI-02992-101,gmm_T1c,absent_fp_component,1,1,11004,1.0,0.6586213111877441,top5_volume_union_top5_enh,1,,1.0,0.9564494490623474,27,0.7226717472076416,0.687018871307373,2,137883,0.7103560999967158
BraTS-GLI-02992-101,sustraccion,prediction_component,6,1,3016,1.0,0.7883163094520569,top5_volume_union_top5_enh,12,,0.9429673552513123,0.1181570291519165,3,0.8502907156944275,0.0,2,40920,0.18626420013606548
BraTS-GLI-02992-101,sustraccion,prediction_component,3,2,836,0.9022769927978516,0.7019354701042175,top5_volume_union_top5_enh,12,,0.9022769927978516,0.18412631750106812,8,0.04522418975830078,0.0759539008140564,1,56700,0.2733443998731673
BraTS-GLI-02992-101,sustraccion,prediction_component,9,3,134,0.9345300197601318,0.7745377421379089,top5_volume_union_top5_enh,12,,0.9345300197601318,0.05674946308135986,1,0.006878495216369629,0.0,1,2057,0.008388800080865622
BraTS-GLI-02992-101,sustraccion,prediction_component,5,4,92,1.0,0.7453774809837341,top5_volume_union_top5_enh,12,,1.0,0.004335582256317139,1,0.02249807119369507,0.0,1,1452,0.005699200090020895
BraTS-GLI-02992-101,sustraccion,prediction_component,1,5,67,1.0,0.8045247793197632,top5_volume_union_top5_enh,12,,1.0,0.10183095932006836,2,0.003541886806488037,0.0,1,1800,0.007655499968677759
BraTS-GLI-02992-101,sustraccion,prediction_component,7,8,23,1.0,0.9161911606788635,top5_volume_union_top5_enh,12,,1.0,0.0,1,0.0,0.0,1,648,0.0026940996758639812
BraTS-GLI-02992-101,sustraccion,prediction_component,8,9,22,1.0,0.8947235345840454,top5_volume_union_top5_enh,12,,1.0,0.0,1,0.0,0.0,1,490,0.0018710996955633163
BraTS-GLI-02992-101,gmm_2d,absent_fp_component,4,1,16219,1.0,0.47902989387512207,top5_volume_union_top5_enh,39,,1.0,1.0,21,0.48313388228416443,0.018891751766204834,2,140220,0.7296094000339508
BraTS-GLI-02992-101,gmm_2d,absent_fp_component,11,2,1451,1.0,0.3438393473625183,top5_volume_union_top5_enh,39,,1.0,0.8173905611038208,11,0.3757806420326233,0.01627737283706665,1,17661,0.0773228001780808
BraTS-GLI-02992-101,gmm_2d,absent_fp_component,6,3,1325,1.0,0.309663325548172,top5_volume_union_top5_enh,39,,1.0,0.41272929310798645,9,0.24558022618293762,0.0391823947429657,1,19320,0.08410960016772151
BraTS-GLI-02992-101,gmm_2d,absent_fp_component,1,4,1044,1.0,0.4399486482143402,top5_volume_union_top5_enh,39,,1.0,1.0,4,0.08494532108306885,0.004704892635345459,1,19980,0.08561829989776015
BraTS-GLI-02992-101,gmm_2d,absent_fp_component,30,5,617,0.9345300197601318,0.4634741544723511,top5_volume_union_top5_enh,39,,0.9345300197601318,0.05967611074447632,1,0.023743510246276855,0.0,1,5236,0.020789199974387884
BraTS-GLI-02992-101,gmm_2d,absent_fp_component,38,11,184,1.0,0.572069525718689,top5_volume_union_top5_enh,39,,1.0,0.18556499481201172,2,0.08101576566696167,0.0,1,4200,0.017737099900841713
BraTS-GLI-02992-101,gmm_2d,absent_fp_component,37,25,25,1.0,0.6768746376037598,top5_volume_union_top5_enh,39,,1.0,0.025653302669525146,1,0.040280282497406006,0.0,1,729,0.002964900340884924
BraTS-GLI-02992-101,gmm_2d,absent_fp_component,36,9,252,1.0,0.5162969827651978,top5_volume_union_top5_enh,39,,1.0,0.12917828559875488,2,0.0,0.0,1,5832,0.023132999893277884
BraTS-GLI-02992-101,gmm_2d,absent_fp_component,33,19,68,1.0,0.6398074626922607,top5_volume_union_top5_enh,39,,1.0,0.03148174285888672,1,0.0,0.0,1,1188,0.0049956003203988075
BraTS-GLI-02992-101,gmm_2d,absent_fp_component,22,17,81,1.0,0.41266655921936035,top5_volume_union_top5_enh,39,,1.0,0.08145338296890259,1,0.0,0.0,1,1560,0.006197500042617321
BraTS-GLI-02992-101,variational_spline,absent_fp_component,1,1,11005,1.0,0.6585825085639954,top5_volume_union_top5_enh,1,,1.0,0.9564494490623474,27,0.7226717472076416,0.45489048957824707,2,137883,0.7061846000142395
BraTS-GLI-02996-101,GT_ET,true_et_cohort,1,1,18666,1.0,0.07633381336927414,all_components,2,,1.0,0.8059532642364502,61,0.4050534851849079,0.08281684666872025,1,173052,0.9034021003171802
BraTS-GLI-02996-101,GT_ET,true_et_cohort,2,2,27,0.0,0.0,all_components,2,,0.0,0.0,0,0.0,0.0,1,660,0.0027024997398257256
BraTS-GLI-02996-101,otsu_T1c,prediction_component,1,1,11907,1.0,0.6763803958892822,top5_volume_union_top5_enh,1,,1.0,0.44207602739334106,31,0.7245753407478333,0.5944510102272034,2,150660,0.7687401999719441
BraTS-GLI-02996-101,gmm_T1c,prediction_component,1,1,12893,1.0,0.6554594039916992,top5_volume_union_top5_enh,1,,1.0,0.40126025676727295,31,0.8073757886886597,0.5944510102272034,2,157356,0.7975844000466168
BraTS-GLI-02996-101,sustraccion,prediction_component,8,1,98373,1.0,0.29209232330322266,top5_volume_union_top5_enh,162,,1.0,1.0,253,0.5471144318580627,0.05799001082777977,3,144900,0.7421088996343315
BraTS-GLI-02996-101,sustraccion,prediction_component,39,2,1397,0.7249934673309326,0.062062498182058334,top5_volume_union_top5_enh,162,,0.7249934673309326,0.44916579127311707,7,0.005725473165512085,0.0,1,17052,0.07426150003448129
BraTS-GLI-02996-101,sustraccion,prediction_component,64,3,801,1.0,0.16938242316246033,top5_volume_union_top5_enh,162,,1.0,0.58408522605896,11,0.11725645512342453,0.0,1,33088,0.15117739979177713
BraTS-GLI-02996-101,sustraccion,prediction_component,52,4,753,0.9961111545562744,0.1741277426481247,top5_volume_union_top5_enh,162,,0.9961111545562744,0.6546351481229067,13,0.04508780315518379,0.06201215088367462,1,42840,0.19830370042473078
BraTS-GLI-02996-101,sustraccion,prediction_component,117,5,462,0.9254807829856873,0.22268465161323547,top5_volume_union_top5_enh,162,,0.9254807829856873,0.22832292318344116,7,0.40590956807136536,0.0,1,14355,0.06267490005120635
BraTS-GLI-02996-101,sustraccion,prediction_component,161,63,30,1.0,0.37101346254348755,top5_volume_union_top5_enh,162,,1.0,0.0,1,0.0,0.0,1,640,0.002538799773901701
BraTS-GLI-02996-101,sustraccion,prediction_component,153,112,14,1.0,0.514172375202179,top5_volume_union_top5_enh,162,,1.0,0.0,1,0.0,0.0,1,504,0.002316900063306093
BraTS-GLI-02996-101,sustraccion,prediction_component,138,29,61,1.0,0.44454440474510193,top5_volume_union_top5_enh,162,,1.0,0.0,1,0.0,0.0,1,1452,0.005500399973243475
BraTS-GLI-02996-101,sustraccion,prediction_component,151,129,12,1.0,0.5435085892677307,top5_volume_union_top5_enh,162,,1.0,0.05678582191467285,1,0.0,0.0,1,448,0.0019898000173270702
BraTS-GLI-02996-101,sustraccion,prediction_component,142,100,17,1.0,0.5350751280784607,top5_volume_union_top5_enh,162,,1.0,0.0,1,0.0,0.0,1,512,0.0020617996342480183
BraTS-GLI-02996-101,gmm_2d,prediction_component,11,1,131678,1.0,0.2003462314605713,top5_volume_union_top5_enh,127,,1.0,1.0,211,0.7432140111923218,0.10719962045550346,3,123750,0.6247584000229836
BraTS-GLI-02996-101,gmm_2d,prediction_component,96,2,3727,1.0,0.31661033630371094,top5_volume_union_top5_enh,127,,1.0,0.4773285388946533,27,0.45401981472969055,0.10633586347103119,1,63388,0.29833339992910624
BraTS-GLI-02996-101,gmm_2d,prediction_component,115,3,1024,1.0,0.23197732865810394,top5_volume_union_top5_enh,127,,1.0,0.5108736455440521,7,0.061052799224853516,0.0,1,33264,0.15393520006909966
BraTS-GLI-02996-101,gmm_2d,prediction_component,1,4,708,1.0,0.2660347521305084,top5_volume_union_top5_enh,127,,1.0,0.19915831089019775,6,0.13485047221183777,0.0,1,14112,0.059602000284940004
BraTS-GLI-02996-101,gmm_2d,prediction_component,101,5,702,0.9254807829856873,0.1980983316898346,top5_volume_union_top5_enh,127,,0.9254807829856873,0.32017606496810913,7,0.35926681756973267,0.0,1,10500,0.04331090021878481
BraTS-GLI-02996-101,gmm_2d,prediction_component,127,69,38,1.0,0.3484836220741272,top5_volume_union_top5_enh,127,,1.0,0.0,1,0.0,0.0,1,900,0.003401199821382761
BraTS-GLI-02996-101,gmm_2d,prediction_component,119,29,126,1.0,0.28693729639053345,top5_volume_union_top5_enh,127,,1.0,0.09559851884841919,1,0.01169276237487793,0.0,1,1950,0.0076593998819589615
BraTS-GLI-02996-101,gmm_2d,prediction_component,114,34,107,1.0,0.2911694645881653,top5_volume_union_top5_enh,127,,1.0,0.0,1,0.0,0.0,1,1728,0.007261999882757664
BraTS-GLI-02996-101,gmm_2d,prediction_component,105,27,134,1.0,0.39294227957725525,top5_volume_union_top5_enh,127,,1.0,0.06028783321380615,1,0.04309582710266113,0.0,1,2970,0.012588600162416697
BraTS-GLI-02996-101,variational_spline,prediction_component,1,1,12893,1.0,0.6554594039916992,top5_volume_union_top5_enh,1,,1.0,0.40126025676727295,31,0.8073757886886597,0.5944510102272034,2,157356,0.8046611999161541
BraTS-GLI-03009-100,GT_ET,true_et_cohort,1,1,11023,0.8509994745254517,0.0556795708835125,all_components,5,,0.8509994745254517,0.7407467365264893,50,0.18003639578819275,0.000299893319606781,1,133308,0.6818623999133706
BraTS-GLI-03009-100,GT_ET,true_et_cohort,2,5,11,0.0,0.0,all_components,5,,0.0,0.0,0,0.0,0.0,1,294,0.0012147999368607998
BraTS-GLI-03009-100,GT_ET,true_et_cohort,3,2,49,0.5103648900985718,0.06877187639474869,all_components,5,,0.5103648900985718,0.0,1,0.0,0.0,1,800,0.003338699694722891
BraTS-GLI-03009-100,GT_ET,true_et_cohort,4,3,30,0.0,0.0,all_components,5,,0.0,0.0,0,0.0,0.0,1,648,0.0024224002845585346
BraTS-GLI-03009-100,GT_ET,true_et_cohort,5,4,16,0.0,0.0,all_components,5,,0.0,0.0,0,0.0,0.0,1,343,0.001278500072658062
BraTS-GLI-03009-100,otsu_T1c,prediction_component,1,1,21831,1.0,0.3562034070491791,top5_volume_union_top5_enh,1,,1.0,0.9080049395561218,90,0.6593077778816223,0.10303840786218643,2,177000,0.9065254000015557
BraTS-GLI-03009-100,gmm_T1c,prediction_component,1,1,34501,1.0,0.25859248638153076,top5_volume_union_top5_enh,1,,1.0,0.9807263612747192,125,0.6214785575866699,0.05164293944835663,2,208800,1.0696300002746284
BraTS-GLI-03009-100,sustraccion,prediction_component,5,1,85131,1.0,0.16057215631008148,top5_volume_union_top5_enh,119,,1.0,1.0,186,0.635935366153717,0.10641501843929291,3,103224,0.5069776996970177
BraTS-GLI-03009-100,sustraccion,prediction_component,3,2,1194,1.0,0.0667487233877182,top5_volume_union_top5_enh,119,,1.0,1.0,21,0.0,0.0,1,36859,0.17045320011675358
BraTS-GLI-03009-100,sustraccion,prediction_component,17,3,658,1.0,0.24170905351638794,top5_volume_union_top5_enh,119,,1.0,0.7733967006206512,10,0.42323409020900726,0.0,1,23529,0.10359389986842871
BraTS-GLI-03009-100,sustraccion,prediction_component,44,4,394,0.7083336114883423,0.08300432562828064,top5_volume_union_top5_enh,119,,0.7083336114883423,0.48780837655067444,9,0.0,0.0,1,10140,0.04167940001934767
BraTS-GLI-03009-100,sustraccion,prediction_component,42,5,275,1.0,0.3004780411720276,top5_volume_union_top5_enh,119,,1.0,0.45291265845298767,6,0.008519589900970459,0.0,1,11284,0.04710009973496199
BraTS-GLI-03009-100,sustraccion,prediction_component,116,95,14,1.0,0.3614564836025238,top5_volume_union_top5_enh,119,,1.0,0.0,1,0.0,0.0,1,504,0.00223210034891963
BraTS-GLI-03009-100,sustraccion,prediction_component,101,10,175,1.0,0.34142032265663147,top5_volume_union_top5_enh,119,,1.0,0.34477943181991577,3,0.5870974063873291,0.0,1,5202,0.020934599917382002
BraTS-GLI-03009-100,sustraccion,prediction_component,102,8,196,1.0,0.24360644817352295,top5_volume_union_top5_enh,119,,1.0,0.4366098642349243,4,0.012452274560928345,0.0,1,8525,0.03593400027602911
BraTS-GLI-03009-100,sustraccion,prediction_component,96,18,92,1.0,0.27547580003738403,top5_volume_union_top5_enh,119,,1.0,0.1853111982345581,2,0.0,0.0,1,2250,0.009215000085532665
BraTS-GLI-03009-100,gmm_2d,prediction_component,1,1,174273,1.0,0.028677091002464294,top5_volume_union_top5_enh,186,,1.0,1.0,255,0.22755484282970428,0.0,3,117312,0.5941283996216953
BraTS-GLI-03009-100,gmm_2d,prediction_component,90,2,1421,1.0,0.028251515701413155,top5_volume_union_top5_enh,186,,1.0,0.8803643584251404,7,0.0,0.0,1,114800,0.5766099998727441
BraTS-GLI-03009-100,gmm_2d,prediction_component,74,3,957,0.572080671787262,0.009890529327094555,top5_volume_union_top5_enh,186,,0.572080671787262,0.343732625246048,7,0.0,0.0,1,20412,0.09003169974312186
BraTS-GLI-03009-100,gmm_2d,prediction_component,61,4,901,0.7168583869934082,0.03156883269548416,top5_volume_union_top5_enh,186,,0.7168583869934082,0.6844378113746643,9,0.022929422557353973,0.0,1,22680,0.09998210007324815
BraTS-GLI-03009-100,gmm_2d,prediction_component,6,5,838,1.0,0.044414620846509933,top5_volume_union_top5_enh,186,,1.0,0.9261559844017029,8,0.29645854234695435,0.0,1,21600,0.0954920002259314
BraTS-GLI-03009-100,gmm_2d,prediction_component,166,49,120,1.0,0.0717182606458664,top5_volume_union_top5_enh,186,,1.0,0.023912429809570312,1,0.0,0.0,1,2640,0.010657800361514091
BraTS-GLI-03009-100,gmm_2d,prediction_component,146,39,139,1.0,0.06097906082868576,top5_volume_union_top5_enh,186,,1.0,0.03887084173038602,1,0.0,0.0,1,2184,0.009855799842625856
BraTS-GLI-03009-100,gmm_2d,prediction_component,13,121,25,1.0,0.18231257796287537,top5_volume_union_top5_enh,186,,1.0,0.0,1,0.0,0.0,1,729,0.002810100093483925
BraTS-GLI-03009-100,gmm_2d,prediction_component,4,9,546,1.0,0.05886081978678703,top5_volume_union_top5_enh,186,,1.0,0.6757778450846672,4,0.301848441362381,0.0,1,10472,0.04251760011538863
BraTS-GLI-03009-100,variational_spline,prediction_component,1,1,34552,1.0,0.25821077823638916,top5_volume_union_top5_enh,1,,1.0,0.9807263612747192,125,0.6214785575866699,0.05164293944835663,2,208800,1.0826210002414882
BraTS-GLI-03010-100,otsu_T1c,absent_fp_component,1,1,17138,1.0,0.34967684745788574,top5_volume_union_top5_enh,1,,1.0,0.8893840312957764,63,0.5695713758468628,0.04676693677902222,2,166950,0.8712848997674882
BraTS-GLI-03010-100,gmm_T1c,absent_fp_component,1,1,21903,1.0,0.31762322783470154,top5_volume_union_top5_enh,1,,1.0,0.7888414859771729,94,0.5569897294044495,0.02848440408706665,2,188650,0.9828809001483023
BraTS-GLI-03010-100,sustraccion,absent_fp_component,9,1,75076,1.0,0.22151833772659302,top5_volume_union_top5_enh,154,,1.0,1.0,250,0.8916016817092896,0.01879534125328064,3,123281,0.6263120002113283
BraTS-GLI-03010-100,sustraccion,absent_fp_component,11,2,1233,1.0,0.15430620312690735,top5_volume_union_top5_enh,154,,1.0,0.7092161625623703,17,0.17879129946231842,0.0,1,40800,0.18385840021073818
BraTS-GLI-03010-100,sustraccion,absent_fp_component,4,3,569,1.0,0.28966227173805237,top5_volume_union_top5_enh,154,,1.0,0.26996761560440063,4,0.36031532287597656,0.0,1,11040,0.045275299809873104
BraTS-GLI-03010-100,sustraccion,absent_fp_component,3,4,559,0.8399394750595093,0.18948091566562653,top5_volume_union_top5_enh,154,,0.8399394750595093,0.4292003810405731,7,0.1903941035270691,0.0,1,16170,0.07195129990577698
BraTS-GLI-03010-100,sustraccion,absent_fp_component,81,5,472,0.855861485004425,0.14278507232666016,top5_volume_union_top5_enh,154,,0.855861485004425,0.5518099516630173,5,0.0,0.0,1,19596,0.08662099996581674
BraTS-GLI-03010-100,sustraccion,absent_fp_component,12,80,25,1.0,0.4649166762828827,top5_volume_union_top5_enh,154,,1.0,0.0,1,0.0,0.0,1,576,0.003205500077456236
BraTS-GLI-03010-100,sustraccion,absent_fp_component,90,11,182,1.0,0.295574426651001,top5_volume_union_top5_enh,154,,1.0,0.17416039109230042,3,0.0,0.0,1,5082,0.020479199942201376
BraTS-GLI-03010-100,gmm_2d,absent_fp_component,31,1,139313,1.0,0.03444075956940651,top5_volume_union_top5_enh,300,,1.0,1.0,239,0.1529003232717514,0.0,3,117936,0.5951824998483062
BraTS-GLI-03010-100,gmm_2d,absent_fp_component,18,2,7144,1.0,0.029697271063923836,top5_volume_union_top5_enh,300,,1.0,0.8046655058860779,41,0.2149410992860794,0.07721098512411118,1,178710,0.9098089998587966
BraTS-GLI-03010-100,gmm_2d,absent_fp_component,80,3,6338,0.8422479629516602,0.015639640390872955,top5_volume_union_top5_enh,300,,0.8422479629516602,0.8230401873588562,40,0.24752327799797058,0.2872239351272583,1,214968,1.1237995997071266
BraTS-GLI-03010-100,gmm_2d,absent_fp_component,180,4,4100,0.8317160606384277,0.029447268694639206,top5_volume_union_top5_enh,300,,0.8317160606384277,0.6504570841789246,17,0.10645731538534164,0.0,1,126087,0.6360373999923468
BraTS-GLI-03010-100,gmm_2d,absent_fp_component,188,5,1614,0.5797304511070251,0.012881648726761341,top5_volume_union_top5_enh,300,,0.5797304511070251,0.5322045683860779,5,0.0,0.0,1,28210,0.1238990998826921
BraTS-GLI-03010-100,gmm_2d,absent_fp_component,23,72,143,1.0,0.1165657564997673,top5_volume_union_top5_enh,300,,1.0,0.2653195858001709,2,0.058437779545784,0.0,1,2535,0.010607799980789423
BraTS-GLI-03010-100,gmm_2d,absent_fp_component,126,208,25,0.9875379800796509,0.15228992700576782,top5_volume_union_top5_enh,300,,0.9875379800796509,0.20704597234725952,2,0.0,0.0,1,729,0.0028603998944163322
BraTS-GLI-03010-100,gmm_2d,absent_fp_component,113,31,283,0.9317384362220764,0.008224074728786945,top5_volume_union_top5_enh,300,,0.9317384362220764,0.0,1,0.0,0.0,1,4830,0.019102599937468767
BraTS-GLI-03010-100,variational_spline,absent_fp_component,1,1,21903,1.0,0.31762322783470154,top5_volume_union_top5_enh,1,,1.0,0.7888414859771729,94,0.5569897294044495,0.02848440408706665,2,188650,0.9671275001019239
BraTS-GLI-03019-101,GT_ET,true_et_cohort,1,9,320,0.4300088584423065,0.09350050985813141,all_components,21,,0.4300088584423065,0.06744047999382019,1,0.01956731081008911,0.008196882903575897,1,2992,0.012318299617618322
BraTS-GLI-03019-101,GT_ET,true_et_cohort,2,3,7938,1.0,0.04212590679526329,all_components,21,,1.0,0.7180092930793762,22,0.08266770094633102,0.0050248391926288605,1,70500,0.3529328000731766
BraTS-GLI-03019-101,GT_ET,true_et_cohort,3,10,295,0.3767310678958893,0.04430314525961876,all_components,21,,0.3767310678958893,0.0,1,0.0,0.0,1,2080,0.008922599721699953
BraTS-GLI-03019-101,GT_ET,true_et_cohort,4,14,79,0.3289394676685333,0.04179617017507553,all_components,21,,0.3289394676685333,0.0,1,0.021838843822479248,0.0,1,924,0.0036828001029789448
BraTS-GLI-03019-101,GT_ET,true_et_cohort,5,5,3633,0.7277793884277344,0.057993777096271515,all_components,21,,0.7277793884277344,0.38592928647994995,9,0.3155805729329586,0.08505534380674362,1,30176,0.13448249967768788
BraTS-GLI-03019-101,GT_ET,true_et_cohort,6,17,21,0.0,0.0,all_components,21,,0.0,0.0,0,0.0,0.0,1,432,0.0017742998898029327
BraTS-GLI-03019-101,GT_ET,true_et_cohort,7,1,9364,0.6241979598999023,0.07121279090642929,all_components,21,,0.6241979598999023,0.41472455859184265,6,0.05809284746646881,0.0377783440053463,1,57288,0.291733100079
BraTS-GLI-03019-101,GT_ET,true_et_cohort,8,15,56,0.4728762209415436,0.20099656283855438,all_components,21,,0.4728762209415436,0.0,1,0.0,0.0,1,900,0.0037024999037384987
BraTS-GLI-03019-101,GT_ET,true_et_cohort,9,11,101,0.42391425371170044,0.10440652072429657,all_components,21,,0.42391425371170044,0.2231062799692154,5,0.10749942064285278,0.0,1,2700,0.011039000004529953
BraTS-GLI-03019-101,GT_ET,true_et_cohort,10,6,924,0.5798419117927551,0.144468292593956,all_components,21,,0.5798419117927551,0.1726124882698059,2,0.20021037757396698,0.020703762769699097,1,5780,0.024795399978756905
BraTS-GLI-03019-101,GT_ET,true_et_cohort,11,2,8474,0.6143293380737305,0.061814092099666595,all_components,21,,0.6143293380737305,0.47302811592817307,13,0.12242773175239563,0.042925912886857986,1,68850,0.3464600001461804
BraTS-GLI-03019-101,GT_ET,true_et_cohort,12,13,94,0.8225752711296082,0.357392817735672,all_components,21,,0.8225752711296082,0.26224008202552795,5,0.052500247955322266,0.0,1,1368,0.006950199604034424
BraTS-GLI-03019-101,GT_ET,true_et_cohort,13,8,368,0.5830797553062439,0.1260976791381836,all_components,21,,0.5830797553062439,0.13921880722045898,3,0.011899987235665321,0.0,1,3332,0.013033200055360794
BraTS-GLI-03019-101,GT_ET,true_et_cohort,14,21,10,0.0,0.0,all_components,21,,0.0,0.0,0,0.0,0.0,1,343,0.001541800331324339
BraTS-GLI-03019-101,GT_ET,true_et_cohort,15,7,621,0.3237723112106323,0.011760207824409008,all_components,21,,0.3237723112106323,0.20593100786209106,2,0.023831119760870934,0.0,1,3825,0.014678000006824732
BraTS-GLI-03019-101,GT_ET,true_et_cohort,16,4,4254,0.42744994163513184,0.03711669147014618,all_components,21,,0.42744994163513184,0.3369678258895874,7,0.07131582498550415,0.0,1,25056,0.10818539978936315
BraTS-GLI-03019-101,GT_ET,true_et_cohort,17,19,19,0.2231210321187973,0.10111944377422333,all_components,21,,0.2231210321187973,0.019229233264923096,1,0.0,0.0,1,567,0.0026202998124063015
BraTS-GLI-03019-101,GT_ET,true_et_cohort,18,16,22,0.0,0.0,all_components,21,,0.0,0.0,0,0.0,0.0,1,384,0.001586800441145897
BraTS-GLI-03019-101,GT_ET,true_et_cohort,19,18,20,0.0,0.0,all_components,21,,0.0,0.0,0,0.0,0.0,1,392,0.001743599772453308
BraTS-GLI-03019-101,GT_ET,true_et_cohort,20,20,17,0.0,0.0,all_components,21,,0.0,0.0,0,0.0,0.0,1,448,0.002270300406962633
BraTS-GLI-03019-101,GT_ET,true_et_cohort,21,12,98,0.0,0.0,all_components,21,,0.0,0.0,0,0.0,0.0,1,1188,0.004646200221031904
BraTS-GLI-03019-101,otsu_T1c,prediction_component,1,1,15827,1.0,0.5856047868728638,top5_volume_union_top5_enh,1,,1.0,0.7646322846412659,20,0.4662282168865204,0.0,3,99200,0.48804529989138246
BraTS-GLI-03019-101,gmm_T1c,prediction_component,1,1,17405,1.0,0.5679969191551208,top5_volume_union_top5_enh,1,,1.0,0.9976027607917786,24,0.4662282168865204,0.0,3,101680,0.49838020000606775
BraTS-GLI-03019-101,sustraccion,prediction_component,9,1,35334,1.0,0.45536163449287415,top5_volume_union_top5_enh,158,,1.0,1.0,111,0.7073862552642822,0.04432094097137451,3,124614,0.6220107995904982
BraTS-GLI-03019-101,sustraccion,prediction_component,10,2,7087,1.0,0.4475710391998291,top5_volume_union_top5_enh,158,,1.0,1.0,59,0.5681033134460449,0.03670789301395416,2,149930,0.7729923003353179
BraTS-GLI-03019-101,sustraccion,prediction_component,26,3,5640,1.0,0.11443427205085754,top5_volume_union_top5_enh,158,,1.0,0.7888091802597046,34,0.21236391365528107,0.08468855172395706,1,110262,0.5495291999541223
BraTS-GLI-03019-101,sustraccion,prediction_component,51,4,4986,0.6241979598999023,0.12648339569568634,top5_volume_union_top5_enh,158,,0.6241979598999023,0.2957080379128456,5,0.12353911995887756,0.023631691932678223,1,31590,0.13588800001889467
BraTS-GLI-03019-101,sustraccion,prediction_component,71,5,3976,0.6143293380737305,0.12426532059907913,top5_volume_union_top5_enh,158,,0.6143293380737305,0.47302811592817307,11,0.12242773175239563,0.08964920789003372,1,30720,0.1368231000378728
BraTS-GLI-03019-101,sustraccion,prediction_component,158,48,50,1.0,0.7042650580406189,top5_volume_union_top5_enh,158,,1.0,0.0,1,0.0,0.0,1,1200,0.004575400147587061
BraTS-GLI-03019-101,sustraccion,prediction_component,147,33,111,1.0,0.6648421287536621,top5_volume_union_top5_enh,158,,1.0,0.06111133098602295,1,0.054775118827819824,0.0,1,3780,0.015608400106430054
BraTS-GLI-03019-101,sustraccion,prediction_component,1,64,39,1.0,0.5402817130088806,top5_volume_union_top5_enh,158,,1.0,0.14075946807861328,2,0.031012117862701416,0.0,1,810,0.003169099800288677
BraTS-GLI-03019-101,sustraccion,prediction_component,18,9,1409,1.0,0.27462273836135864,top5_volume_union_top5_enh,158,,1.0,0.6584213674068451,15,0.15684637427330017,0.030604898929595947,1,27456,0.12240719981491566
BraTS-GLI-03019-101,sustraccion,prediction_component,27,15,334,1.0,0.3561253249645233,top5_volume_union_top5_enh,158,,1.0,0.730093240737915,11,0.0455804169178009,0.0,1,14688,0.06308329990133643
BraTS-GLI-03019-101,gmm_2d,prediction_component,3,1,202604,1.0,0.06549086421728134,top5_volume_union_top5_enh,256,,1.0,1.0,389,0.6071583367884159,0.030259791761636734,3,139872,0.7169408998452127
BraTS-GLI-03019-101,gmm_2d,prediction_component,107,2,2693,1.0,0.11361759155988693,top5_volume_union_top5_enh,256,,1.0,0.7314713001251221,29,0.3293949067592621,0.06593024730682373,1,66584,0.3247648999094963
BraTS-GLI-03019-101,gmm_2d,prediction_component,60,3,1067,0.7311412692070007,0.0939982458949089,top5_volume_union_top5_enh,256,,0.7311412692070007,0.3056080937385559,5,0.07316472008824348,0.0766921117901802,1,23712,0.10829290002584457
BraTS-GLI-03019-101,gmm_2d,prediction_component,22,4,900,0.49085089564323425,0.04223780706524849,top5_volume_union_top5_enh,256,,0.49085089564323425,0.4319000095129013,6,0.11201851814985275,0.0,1,15552,0.08233609981834888
BraTS-GLI-03019-101,gmm_2d,prediction_component,152,5,818,0.10002357512712479,0.00039783568354323506,top5_volume_union_top5_enh,256,,0.10002357512712479,0.0805157870054245,1,0.0,0.0,1,15000,0.06277390010654926
BraTS-GLI-03019-101,gmm_2d,prediction_component,135,167,25,1.0,0.2258443832397461,top5_volume_union_top5_enh,256,,1.0,0.0,1,0.0,0.0,1,729,0.002846900373697281
BraTS-GLI-03019-101,gmm_2d,prediction_component,134,63,106,1.0,0.20472191274166107,top5_volume_union_top5_enh,256,,1.0,0.24481402337551117,2,0.0,0.0,1,2431,0.009553800337016582
BraTS-GLI-03019-101,gmm_2d,prediction_component,128,167,25,1.0,0.2594907283782959,top5_volume_union_top5_enh,256,,1.0,0.0,1,0.0,0.0,1,729,0.002712099812924862
BraTS-GLI-03019-101,variational_spline,prediction_component,1,1,17405,1.0,0.5679969191551208,top5_volume_union_top5_enh,1,,1.0,0.9976027607917786,24,0.4662282168865204,0.0,3,101680,0.5026632002554834
BraTS-GLI-03020-100,GT_ET,true_et_cohort,1,1,13618,1.0,0.28279370069503784,all_components,2,,1.0,0.5159841477870941,14,0.5657271146774292,0.06628122460097075,1,70400,0.3307807999663055
BraTS-GLI-03020-100,GT_ET,true_et_cohort,2,2,10,0.4162985384464264,0.16118153929710388,all_components,2,,0.4162985384464264,0.1492722611874342,2,0.0,0.0,1,360,0.0014871000312268734
BraTS-GLI-03020-100,otsu_T1c,prediction_component,1,1,18977,1.0,0.6243746876716614,top5_volume_union_top5_enh,1,,1.0,0.993760883808136,63,0.8285495638847351,0.025907278060913086,2,225522,1.1862721997313201
BraTS-GLI-03020-100,gmm_T1c,prediction_component,1,1,17578,1.0,0.6393806338310242,top5_volume_union_top5_enh,1,,1.0,0.993760883808136,58,0.8285495638847351,0.025907278060913086,2,225522,1.1919808997772634
BraTS-GLI-03020-100,sustraccion,prediction_component,1,1,117628,1.0,0.3188530504703522,top5_volume_union_top5_enh,107,,1.0,1.0,319,0.4585583209991455,0.08749455958604813,3,128340,0.6481000003404915
BraTS-GLI-03020-100,sustraccion,prediction_component,62,2,1177,1.0,0.3949875831604004,top5_volume_union_top5_enh,107,,1.0,0.30180197954177856,9,0.48575180768966675,0.11947047710418701,1,65231,0.3172773001715541
BraTS-GLI-03020-100,sustraccion,prediction_component,93,3,1059,1.0,0.3552294075489044,top5_volume_union_top5_enh,107,,1.0,0.5596619844436646,12,0.005637168884277344,0.0,1,83232,0.4114114996045828
BraTS-GLI-03020-100,sustraccion,prediction_component,5,4,455,0.9447073340415955,0.30466482043266296,top5_volume_union_top5_enh,107,,0.9447073340415955,0.402675598859787,4,0.10850399732589722,0.0,1,12672,0.0524252001196146
BraTS-GLI-03020-100,sustraccion,prediction_component,88,5,379,0.8592379689216614,0.3345411717891693,top5_volume_union_top5_enh,107,,0.8592379689216614,0.3537672758102417,5,0.3327496647834778,0.0,1,21275,0.10624179989099503
BraTS-GLI-03020-100,sustraccion,prediction_component,2,9,272,1.0,0.5226725935935974,top5_volume_union_top5_enh,107,,1.0,0.1512746810913086,2,0.8267995119094849,0.0,1,5130,0.020971499849110842
BraTS-GLI-03020-100,sustraccion,prediction_component,3,8,290,1.0,0.24666842818260193,top5_volume_union_top5_enh,107,,1.0,0.5235470235347748,5,0.0,0.0,1,6468,0.025034000165760517
BraTS-GLI-03020-100,sustraccion,prediction_component,6,17,135,1.0,0.3516826033592224,top5_volume_union_top5_enh,107,,1.0,0.12550711631774902,2,0.0,0.0,1,1760,0.006747399922460318
BraTS-GLI-03020-100,gmm_2d,prediction_component,10,1,99995,1.0,0.14660809934139252,top5_volume_union_top5_enh,200,,1.0,1.0,260,0.5876554243732244,0.06361787021160126,3,125550,0.6338169001974165
BraTS-GLI-03020-100,gmm_2d,prediction_component,48,2,12875,1.0,0.190566748380661,top5_volume_union_top5_enh,200,,1.0,0.6933785974979401,67,0.6228838562965393,0.05300304293632507,2,61740,0.2990309000015259
BraTS-GLI-03020-100,gmm_2d,prediction_component,82,3,1503,0.8146873116493225,0.11283954977989197,top5_volume_union_top5_enh,200,,0.8146873116493225,0.30905815958976746,7,0.14676225185394287,0.08067797124385834,1,51984,0.2391967000439763
BraTS-GLI-03020-100,gmm_2d,prediction_component,103,4,1311,0.8570719361305237,0.12143337726593018,top5_volume_union_top5_enh,200,,0.8570719361305237,0.32788869738578796,5,0.0383453369140625,0.0,1,21280,0.09461549995467067
BraTS-GLI-03020-100,gmm_2d,prediction_component,144,5,1037,0.8001708984375,0.14498546719551086,top5_volume_union_top5_enh,200,,0.8001708984375,0.5776377767324448,9,0.1364377737045288,0.0,1,22176,0.09843720030039549
BraTS-GLI-03020-100,gmm_2d,prediction_component,1,8,828,1.0,0.1031791940331459,top5_volume_union_top5_enh,200,,1.0,0.4884013384580612,6,0.0,0.00470652524381876,1,14674,0.062355800066143274
BraTS-GLI-03020-100,gmm_2d,prediction_component,64,115,38,1.0,0.30060887336730957,top5_volume_union_top5_enh,200,,1.0,0.0,1,0.0,0.0,1,810,0.003175400197505951
BraTS-GLI-03020-100,gmm_2d,prediction_component,18,84,59,1.0,0.3792937695980072,top5_volume_union_top5_enh,200,,1.0,0.1735261082649231,2,0.0,0.0,1,1200,0.0050029996782541275
BraTS-GLI-03020-100,variational_spline,prediction_component,1,1,17578,1.0,0.6393806338310242,top5_volume_union_top5_enh,1,,1.0,0.993760883808136,58,0.8285495638847351,0.025907278060913086,2,225522,1.185986400116235
BraTS-GLI-03025-101,GT_ET,true_et_cohort,1,1,762,1.0,0.7034645676612854,all_components,1,,1.0,0.3968648314476013,2,0.5727109909057617,0.03903377056121826,1,10626,0.043936199974268675
BraTS-GLI-03025-101,otsu_T1c,prediction_component,1,1,11444,1.0,0.5602812170982361,top5_volume_union_top5_enh,1,,1.0,1.0,31,0.6450181603431702,0.0,2,141895,0.7419859999790788
BraTS-GLI-03025-101,gmm_T1c,prediction_component,1,1,11656,1.0,0.5570367574691772,top5_volume_union_top5_enh,1,,1.0,1.0,31,0.6450181603431702,0.0,2,141895,0.7484939000569284
BraTS-GLI-03025-101,sustraccion,prediction_component,1,1,95746,1.0,0.2891319692134857,top5_volume_union_top5_enh,197,,1.0,1.0,329,0.5749766230583191,0.18927320837974548,3,144550,0.7465679999440908
BraTS-GLI-03025-101,sustraccion,prediction_component,139,2,807,0.9191380143165588,0.17484858632087708,top5_volume_union_top5_enh,197,,0.9191380143165588,0.5062800198793411,12,0.16381561756134033,0.0,1,52675,0.2517335000447929
BraTS-GLI-03025-101,sustraccion,prediction_component,5,3,595,0.9465940594673157,0.3856911361217499,top5_volume_union_top5_enh,197,,0.9465940594673157,0.16696631908416748,3,0.20540954172611237,0.06454963982105255,1,12420,0.050989499781280756
BraTS-GLI-03025-101,sustraccion,prediction_component,7,4,534,0.8539505004882812,0.40505707263946533,top5_volume_union_top5_enh,197,,0.8539505004882812,0.7996706031262875,3,0.4199884831905365,0.0,1,14256,0.060601199977099895
BraTS-GLI-03025-101,sustraccion,prediction_component,40,5,407,0.8579644560813904,0.3030969798564911,top5_volume_union_top5_enh,197,,0.8579644560813904,0.31270214915275574,5,0.05005083978176117,0.03194825351238251,1,14858,0.06289090029895306
BraTS-GLI-03025-101,sustraccion,prediction_component,197,63,36,1.0,0.637116551399231,top5_volume_union_top5_enh,197,,1.0,0.02913951873779297,1,0.0,0.0,1,693,0.0031753000803291798
BraTS-GLI-03025-101,sustraccion,prediction_component,196,31,72,1.0,0.6580170392990112,top5_volume_union_top5_enh,197,,1.0,0.028034567832946777,1,0.0,0.0,1,1352,0.005211700219660997
BraTS-GLI-03025-101,sustraccion,prediction_component,194,66,34,1.0,0.6398530006408691,top5_volume_union_top5_enh,197,,1.0,0.0,1,0.0,0.0,1,720,0.003084300085902214
BraTS-GLI-03025-101,sustraccion,prediction_component,134,11,173,1.0,0.29976823925971985,top5_volume_union_top5_enh,197,,1.0,0.2092866599559784,2,0.09377948194742203,0.0,1,7392,0.030182200018316507
BraTS-GLI-03025-101,sustraccion,prediction_component,174,66,34,1.0,0.5305463671684265,top5_volume_union_top5_enh,197,,1.0,0.2185533046722412,2,0.0,0.0,1,891,0.0033288002014160156
BraTS-GLI-03025-101,gmm_2d,prediction_component,6,1,135453,1.0,0.20601914823055267,top5_volume_union_top5_enh,150,,1.0,1.0,285,0.5575041472911835,0.35121262818574905,3,146217,0.7526924000121653
BraTS-GLI-03025-101,gmm_2d,prediction_component,1,2,3403,1.0,0.08393972367048264,top5_volume_union_top5_enh,150,,1.0,0.5987020134925842,15,0.38830724358558655,0.0,1,66000,0.32378119975328445
BraTS-GLI-03025-101,gmm_2d,prediction_component,104,3,1619,0.903048038482666,0.10084445774555206,top5_volume_union_top5_enh,150,,0.903048038482666,0.5062800198793411,16,0.16005434095859528,0.04176488518714905,1,61560,0.2936050998978317
BraTS-GLI-03025-101,gmm_2d,prediction_component,4,4,1060,1.0,0.2571713328361511,top5_volume_union_top5_enh,150,,1.0,0.5957332253456116,6,0.5641142725944519,0.0,1,20102,0.08744260016828775
BraTS-GLI-03025-101,gmm_2d,prediction_component,5,5,1046,0.9465940594673157,0.23053400218486786,top5_volume_union_top5_enh,150,,0.9465940594673157,0.16696631908416748,4,0.48731960356235504,0.06454963982105255,1,15360,0.06574710039421916
BraTS-GLI-03025-101,gmm_2d,prediction_component,150,64,47,1.0,0.455288827419281,top5_volume_union_top5_enh,150,,1.0,0.007532954216003418,1,0.0,0.0,1,900,0.0036733001470565796
BraTS-GLI-03025-101,gmm_2d,prediction_component,149,30,106,1.0,0.48257216811180115,top5_volume_union_top5_enh,150,,1.0,0.0,1,0.0,0.0,1,1296,0.005233800038695335
BraTS-GLI-03025-101,gmm_2d,prediction_component,148,50,69,1.0,0.3997572362422943,top5_volume_union_top5_enh,150,,1.0,0.0,1,0.0,0.0,1,1188,0.0050328997895121574
BraTS-GLI-03025-101,gmm_2d,prediction_component,131,45,76,1.0,0.3054458200931549,top5_volume_union_top5_enh,150,,1.0,0.18869280815124512,2,0.0,0.0,1,1452,0.006256100255995989
BraTS-GLI-03025-101,gmm_2d,prediction_component,105,85,25,1.0,0.4105563461780548,top5_volume_union_top5_enh,150,,1.0,0.0,1,0.0,0.0,1,729,0.003094600047916174
BraTS-GLI-03025-101,variational_spline,prediction_component,1,1,11656,1.0,0.5570367574691772,top5_volume_union_top5_enh,1,,1.0,1.0,31,0.6450181603431702,0.0,2,141895,0.7345875003375113
BraTS-GLI-03026-101,GT_ET,true_et_cohort,1,1,4167,1.0,0.4894212782382965,all_components,4,,1.0,0.07742127776145935,1,0.7807717770338058,0.10514134168624878,1,31620,0.14136689994484186
BraTS-GLI-03026-101,GT_ET,true_et_cohort,2,4,12,0.8544974327087402,0.5216102004051208,all_components,4,,0.8544974327087402,0.0,1,0.0,0.0,1,315,0.0014408002607524395
BraTS-GLI-03026-101,GT_ET,true_et_cohort,3,3,27,0.6785910129547119,0.2869502604007721,all_components,4,,0.6785910129547119,0.0,1,0.0,0.0,1,486,0.0018259002827107906
BraTS-GLI-03026-101,GT_ET,true_et_cohort,4,2,114,0.45154768228530884,0.13026946783065796,all_components,4,,0.45154768228530884,0.08561700582504272,1,0.07639165222644806,0.0,1,1248,0.004751299973577261
BraTS-GLI-03026-101,otsu_T1c,prediction_component,1,1,16597,1.0,0.45691317319869995,top5_volume_union_top5_enh,1,,1.0,0.9601651653647423,57,0.8052884340286255,0.0,2,257280,1.426770200021565
BraTS-GLI-03026-101,gmm_T1c,prediction_component,1,1,17735,1.0,0.44500112533569336,top5_volume_union_top5_enh,1,,1.0,0.866031676530838,63,0.5085585713386536,0.01525866985321045,2,257280,1.3453913000412285
BraTS-GLI-03026-101,sustraccion,prediction_component,5,1,35103,1.0,0.44037243723869324,top5_volume_union_top5_enh,236,,1.0,0.9066544622182846,85,0.620492696762085,0.29010888934135437,2,284700,1.5352449002675712
BraTS-GLI-03026-101,sustraccion,prediction_component,8,2,10201,1.0,0.4023495316505432,top5_volume_union_top5_enh,236,,1.0,0.7884084135293961,21,0.5054864287376404,0.01848408579826355,2,40362,0.18744800006970763
BraTS-GLI-03026-101,sustraccion,prediction_component,10,3,10009,1.0,0.3860219717025757,top5_volume_union_top5_enh,236,,1.0,0.6998043656349182,26,0.42798298597335815,0.0,2,54945,0.26785429986193776
BraTS-GLI-03026-101,sustraccion,prediction_component,28,4,3935,0.6272144913673401,0.4096972644329071,top5_volume_union_top5_enh,236,,0.6272144913673401,0.17682501673698425,3,0.34582629799842834,0.011070281267166138,1,105336,0.5167624000459909
BraTS-GLI-03026-101,sustraccion,prediction_component,83,5,3134,0.7456614375114441,0.32909315824508667,top5_volume_union_top5_enh,236,,0.7456614375114441,0.3080521523952484,8,0.37492749094963074,0.00837785005569458,1,98600,0.4863128000870347
BraTS-GLI-03026-101,sustraccion,prediction_component,201,19,517,1.0,0.4418497085571289,top5_volume_union_top5_enh,236,,1.0,0.5976265966892242,12,0.3363438844680786,0.26169486343860626,1,20102,0.08599850023165345
BraTS-GLI-03026-101,sustraccion,prediction_component,193,49,138,1.0,0.80373215675354,top5_volume_union_top5_enh,236,,1.0,0.01964801549911499,1,0.08393758535385132,0.0,1,5852,0.023763500154018402
BraTS-GLI-03026-101,sustraccion,prediction_component,224,55,117,1.0,0.5101922750473022,top5_volume_union_top5_enh,236,,1.0,0.27419865131378174,2,0.0,0.0,1,3570,0.01419349992647767
BraTS-GLI-03026-101,sustraccion,prediction_component,174,86,64,1.0,0.4834933876991272,top5_volume_union_top5_enh,236,,1.0,0.06517118215560913,1,0.0,0.0,1,1320,0.005155700258910656
BraTS-GLI-03026-101,sustraccion,prediction_component,175,24,372,1.0,0.4718431830406189,top5_volume_union_top5_enh,236,,1.0,0.3464154601097107,4,0.622690737247467,0.0,1,5940,0.02381560020148754
BraTS-GLI-03026-101,gmm_2d,prediction_component,1,1,402128,1.0,0.10876243561506271,top5_volume_union_top5_enh,125,,1.0,0.9415299445390701,430,0.4767478108406067,0.03175988048315048,3,148800,0.7717653997242451
BraTS-GLI-03026-101,gmm_2d,prediction_component,44,2,3056,1.0,0.05803162232041359,top5_volume_union_top5_enh,125,,1.0,0.574996329843998,8,0.17193244397640228,0.0,1,28512,0.1304367003031075
BraTS-GLI-03026-101,gmm_2d,prediction_component,66,3,2036,0.37372684478759766,0.040875017642974854,top5_volume_union_top5_enh,125,,0.37372684478759766,0.2434912696480751,6,0.19867122173309326,0.0,1,34713,0.16494629997760057
BraTS-GLI-03026-101,gmm_2d,prediction_component,45,4,1596,0.7132239937782288,0.11271453648805618,top5_volume_union_top5_enh,125,,0.7132239937782288,0.3547845035791397,3,0.0015375614166259766,0.0,1,13520,0.05682490020990372
BraTS-GLI-03026-101,gmm_2d,prediction_component,33,5,1428,0.8429132699966431,0.12051773816347122,top5_volume_union_top5_enh,125,,0.8429132699966431,0.32837915420532227,3,0.04604297876358032,0.0,1,12096,0.05090110003948212
BraTS-GLI-03026-101,gmm_2d,prediction_component,47,88,25,1.0,0.5750621557235718,top5_volume_union_top5_enh,125,,1.0,0.10268509387969971,2,0.2902987003326416,0.010170906782150269,1,729,0.0029413998126983643
BraTS-GLI-03026-101,gmm_2d,prediction_component,57,40,131,1.0,0.12131580710411072,top5_volume_union_top5_enh,125,,1.0,0.1945841908454895,2,0.008985472843050957,0.0,1,1560,0.0062317997217178345
BraTS-GLI-03026-101,gmm_2d,prediction_component,61,88,25,1.0,0.4832431375980377,top5_volume_union_top5_enh,125,,1.0,0.030856788158416748,1,0.0,0.0,1,729,0.0028579002246260643
BraTS-GLI-03026-101,variational_spline,prediction_component,1,1,17736,1.0,0.4449864327907562,top5_volume_union_top5_enh,1,,1.0,0.866031676530838,63,0.5085585713386536,0.01525866985321045,2,257280,1.3506364999338984
BraTS-GLI-03027-100,GT_ET,true_et_cohort,1,2,748,0.5430341362953186,0.011492285877466202,all_components,2,,0.5430341362953186,0.3410591185092926,4,0.0,0.0,1,12325,0.05314370011910796
BraTS-GLI-03027-100,GT_ET,true_et_cohort,2,1,1113,0.6324127316474915,0.01245164405554533,all_components,2,,0.6324127316474915,0.43812525272369385,6,0.0,0.0,1,27608,0.1250233999453485
BraTS-GLI-03027-100,otsu_T1c,prediction_component,1,1,17711,1.0,0.4446532130241394,top5_volume_union_top5_enh,1,,1.0,0.7812881469726562,87,0.6466059684753418,0.02566985785961151,2,206310,1.0897258999757469
BraTS-GLI-03027-100,gmm_T1c,prediction_component,1,1,24521,1.0,0.4080534279346466,top5_volume_union_top5_enh,1,,1.0,0.9763048887252808,74,0.40165287256240845,0.0,3,94944,0.4626328004524112
BraTS-GLI-03027-100,sustraccion,prediction_component,3,1,96143,1.0,0.20825175940990448,top5_volume_union_top5_enh,189,,1.0,1.0,244,0.4908738136291504,0.09933575242757797,3,128122,0.6701961001381278
BraTS-GLI-03027-100,sustraccion,prediction_component,1,2,589,1.0,0.1321539431810379,top5_volume_union_top5_enh,189,,1.0,0.8122666925191879,9,0.10997968167066574,0.0,1,13167,0.05671160016208887
BraTS-GLI-03027-100,sustraccion,prediction_component,7,3,517,1.0,0.13456088304519653,top5_volume_union_top5_enh,189,,1.0,0.7738284468650818,10,0.3219650089740753,0.0,1,16704,0.07325599994510412
BraTS-GLI-03027-100,sustraccion,prediction_component,90,4,423,0.9700706601142883,0.21377578377723694,top5_volume_union_top5_enh,189,,0.9700706601142883,0.854174017906189,8,0.08675022423267365,0.0,1,17160,0.07492220029234886
BraTS-GLI-03027-100,sustraccion,prediction_component,53,5,397,0.7966384887695312,0.07436095923185349,top5_volume_union_top5_enh,189,,0.7966384887695312,0.5304635465145111,7,0.0,0.0,1,8208,0.03434159979224205
BraTS-GLI-03027-100,sustraccion,prediction_component,189,88,32,1.0,0.4222111701965332,top5_volume_union_top5_enh,189,,1.0,0.0,1,0.2696141004562378,0.0,1,880,0.003712199628353119
BraTS-GLI-03027-100,sustraccion,prediction_component,179,14,167,1.0,0.3785274624824524,top5_volume_union_top5_enh,189,,1.0,0.3095608353614807,3,0.0,0.0,1,4368,0.01759839989244938
BraTS-GLI-03027-100,sustraccion,prediction_component,178,35,91,1.0,0.40391212701797485,top5_volume_union_top5_enh,189,,1.0,0.2004660964012146,2,0.0,0.0,1,2340,0.009274200070649385
BraTS-GLI-03027-100,sustraccion,prediction_component,172,69,44,1.0,0.3758445084095001,top5_volume_union_top5_enh,189,,1.0,0.07024437189102173,1,0.0,0.0,1,1170,0.0047113001346588135
BraTS-GLI-03027-100,sustraccion,prediction_component,135,46,72,1.0,0.425549179315567,top5_volume_union_top5_enh,189,,1.0,0.1213718056678772,2,0.0,0.0,1,1904,0.0078096999786794186
BraTS-GLI-03027-100,gmm_2d,prediction_component,3,1,104141,1.0,0.17955078184604645,top5_volume_union_top5_enh,111,,1.0,1.0,207,0.5489207049831748,0.0,3,128122,0.6496874000877142
BraTS-GLI-03027-100,gmm_2d,prediction_component,50,2,1409,1.0,0.22837479412555695,top5_volume_union_top5_enh,111,,1.0,0.5561791956424713,13,0.3311895728111267,0.0,1,55648,0.2666708999313414
BraTS-GLI-03027-100,gmm_2d,prediction_component,1,3,575,1.0,0.11161141097545624,top5_volume_union_top5_enh,111,,1.0,0.8900203183293343,6,0.00413450226187706,0.0,1,10584,0.045664199627935886
BraTS-GLI-03027-100,gmm_2d,prediction_component,70,4,496,0.9539108276367188,0.12316936254501343,top5_volume_union_top5_enh,111,,0.9539108276367188,0.5595387518405914,5,0.04387123882770538,0.0,1,10557,0.04412899957969785
BraTS-GLI-03027-100,gmm_2d,prediction_component,105,5,487,0.9484235644340515,0.21969568729400635,top5_volume_union_top5_enh,111,,0.9484235644340515,0.27764183282852173,2,0.15975745022296906,0.0,1,5187,0.02103709988296032
BraTS-GLI-03027-100,gmm_2d,prediction_component,106,72,25,1.0,0.2690503001213074,top5_volume_union_top5_enh,111,,1.0,0.0,1,0.0,0.0,1,729,0.0028038001619279385
BraTS-GLI-03027-100,gmm_2d,prediction_component,107,32,81,1.0,0.3367411196231842,top5_volume_union_top5_enh,111,,1.0,0.06258821487426758,1,0.0,0.0,1,1560,0.006271999794989824
BraTS-GLI-03027-100,gmm_2d,prediction_component,108,13,237,1.0,0.28587606549263,top5_volume_union_top5_enh,111,,1.0,0.3095608353614807,3,0.012816309928894043,0.0,1,4998,0.02001300035044551
BraTS-GLI-03027-100,gmm_2d,prediction_component,99,50,51,1.0,0.3407096862792969,top5_volume_union_top5_enh,111,,1.0,0.06047636270523071,1,0.0,0.0,1,990,0.003876300062984228
BraTS-GLI-03027-100,gmm_2d,prediction_component,65,57,47,1.0,0.24070817232131958,top5_volume_union_top5_enh,111,,1.0,0.0,1,0.0,0.0,1,900,0.003505299799144268
BraTS-GLI-03027-100,variational_spline,prediction_component,1,1,24521,1.0,0.4080534279346466,top5_volume_union_top5_enh,1,,1.0,0.9763048887252808,74,0.40165287256240845,0.0,3,94944,0.4640947999432683
BraTS-GLI-03027-101,GT_ET,true_et_cohort,1,3,179,0.1812722384929657,0.006044482346624136,all_components,4,,0.1812722384929657,0.10755018889904022,2,0.0,0.0,1,3344,0.01439390005543828
BraTS-GLI-03027-101,GT_ET,true_et_cohort,2,1,344,0.7053661346435547,0.060090795159339905,all_components,4,,0.7053661346435547,0.24758027493953705,4,0.1454913318157196,0.0,1,7728,0.03126540035009384
BraTS-GLI-03027-101,GT_ET,true_et_cohort,3,2,184,0.21719297766685486,0.015755511820316315,all_components,4,,0.21719297766685486,0.05515168607234955,1,0.0,0.0,1,2040,0.008067899849265814
BraTS-GLI-03027-101,GT_ET,true_et_cohort,4,4,40,0.33400458097457886,0.06149709224700928,all_components,4,,0.33400458097457886,0.0,1,0.0,0.0,1,756,0.002907699905335903
BraTS-GLI-03027-101,otsu_T1c,prediction_component,1,1,12409,1.0,0.5102006196975708,top5_volume_union_top5_enh,1,,1.0,0.8998690247535706,48,0.5575017929077148,0.04088914394378662,2,133956,0.7019748999737203
BraTS-GLI-03027-101,gmm_T1c,prediction_component,1,1,13076,1.0,0.5008487105369568,top5_volume_union_top5_enh,1,,1.0,0.8998690247535706,50,0.4694088101387024,0.04088914394378662,2,137677,0.7043477999977767
BraTS-GLI-03027-101,sustraccion,prediction_component,5,1,77670,1.0,0.3012198507785797,top5_volume_union_top5_enh,190,,1.0,1.0,245,0.675705935806036,0.07558904588222504,3,120555,0.6397792003117502
BraTS-GLI-03027-101,sustraccion,prediction_component,1,2,543,1.0,0.26482611894607544,top5_volume_union_top5_enh,190,,1.0,0.7899594008922577,8,0.1502856221050024,0.0,1,17472,0.07665070006623864
BraTS-GLI-03027-101,sustraccion,prediction_component,17,3,454,1.0,0.2536013722419739,top5_volume_union_top5_enh,190,,1.0,0.8199854791164398,9,0.44827839732170105,0.0,1,12144,0.04974769987165928
BraTS-GLI-03027-101,sustraccion,prediction_component,50,4,431,1.0,0.15769554674625397,top5_volume_union_top5_enh,190,,1.0,0.7077077850699425,7,0.0776166170835495,0.0034110520500689745,1,21924,0.09581420011818409
BraTS-GLI-03027-101,sustraccion,prediction_component,139,5,217,0.21719297766685486,0.015157422050833702,top5_volume_union_top5_enh,190,,0.21719297766685486,0.05515168607234955,1,0.0,0.0,1,3360,0.01326390029862523
BraTS-GLI-03027-101,sustraccion,prediction_component,189,72,35,1.0,0.5167558789253235,top5_volume_union_top5_enh,190,,1.0,0.0,1,0.6411466598510742,0.0,1,880,0.003333199769258499
BraTS-GLI-03027-101,sustraccion,prediction_component,187,66,37,1.0,0.5095762014389038,top5_volume_union_top5_enh,190,,1.0,0.25903767347335815,2,0.0,0.0,1,720,0.0028049000538885593
BraTS-GLI-03027-101,sustraccion,prediction_component,179,19,112,1.0,0.4996498227119446,top5_volume_union_top5_enh,190,,1.0,0.048893868923187256,1,0.0,0.0,1,2970,0.011234700214117765
BraTS-GLI-03027-101,sustraccion,prediction_component,177,134,17,1.0,0.5942074656486511,top5_volume_union_top5_enh,190,,1.0,0.0,1,0.0,0.0,1,504,0.0020375996828079224
BraTS-GLI-03027-101,sustraccion,prediction_component,181,57,45,1.0,0.6445128321647644,top5_volume_union_top5_enh,190,,1.0,0.0809062123298645,1,0.0,0.0,1,1248,0.004810200072824955
BraTS-GLI-03027-101,gmm_2d,prediction_component,7,1,99454,1.0,0.22414200007915497,top5_volume_union_top5_enh,136,,1.0,1.0,207,0.5693299174308777,0.030970580875873566,3,122670,0.6350241997279227
BraTS-GLI-03027-101,gmm_2d,prediction_component,69,2,1319,1.0,0.34592291712760925,top5_volume_union_top5_enh,136,,1.0,0.45827245712280273,10,0.4212024509906769,0.07603760063648224,1,36750,0.16881160018965602
BraTS-GLI-03027-101,gmm_2d,prediction_component,1,3,764,1.0,0.1971626877784729,top5_volume_union_top5_enh,136,,1.0,0.8236798048019409,9,0.11010634899139404,0.0,1,18144,0.07929830020293593
BraTS-GLI-03027-101,gmm_2d,prediction_component,20,4,451,1.0,0.198324516415596,top5_volume_union_top5_enh,136,,1.0,0.38030844926834106,6,0.44827839732170105,0.0,1,6256,0.025036100298166275
BraTS-GLI-03027-101,gmm_2d,prediction_component,58,5,334,1.0,0.10646072030067444,top5_volume_union_top5_enh,136,,1.0,0.21229729056358337,4,0.0,0.0,1,2970,0.012198599986732006
BraTS-GLI-03027-101,gmm_2d,prediction_component,134,68,44,1.0,0.4291485846042633,top5_volume_union_top5_enh,136,,1.0,0.25903767347335815,2,0.0,0.0,1,1000,0.004045700188726187
BraTS-GLI-03027-101,gmm_2d,prediction_component,129,16,189,1.0,0.3046751320362091,top5_volume_union_top5_enh,136,,1.0,0.020961761474609375,1,0.0,0.0,1,3648,0.014734500087797642
BraTS-GLI-03027-101,gmm_2d,prediction_component,130,32,102,1.0,0.2856617867946625,top5_volume_union_top5_enh,136,,1.0,0.05256319046020508,1,0.0,0.0,1,2145,0.008755600079894066
BraTS-GLI-03027-101,gmm_2d,prediction_component,131,39,76,1.0,0.37177446484565735,top5_volume_union_top5_enh,136,,1.0,0.0531657338142395,1,0.0,0.0,1,1440,0.005515600088983774
BraTS-GLI-03027-101,gmm_2d,prediction_component,124,84,25,1.0,0.25686511397361755,top5_volume_union_top5_enh,136,,1.0,0.0,1,0.0,0.0,1,729,0.0029070000164210796
BraTS-GLI-03027-101,variational_spline,prediction_component,1,1,13076,1.0,0.5008487105369568,top5_volume_union_top5_enh,1,,1.0,0.8998690247535706,50,0.4694088101387024,0.04088914394378662,2,137677,0.7142875003628433
BraTS-GLI-03059-100,GT_ET,true_et_cohort,1,1,292,1.0,0.4926776587963104,all_components,6,,1.0,0.12546420097351074,2,0.036732494831085205,0.0,1,4320,0.017494400031864643
BraTS-GLI-03059-100,GT_ET,true_et_cohort,2,6,24,0.7395488619804382,0.22415339946746826,all_components,6,,0.7395488619804382,0.007157027721405029,1,0.0,0.0,1,528,0.0020061000250279903
BraTS-GLI-03059-100,GT_ET,true_et_cohort,3,4,64,1.0,0.48051103949546814,all_components,6,,1.0,0.11418002843856812,2,0.0,0.0,1,1260,0.0050849998369812965
BraTS-GLI-03059-100,GT_ET,true_et_cohort,4,3,108,0.454528272151947,0.2001951038837433,all_components,6,,0.454528272151947,0.03987377882003784,1,0.0,0.0,1,1232,0.005282000172883272
BraTS-GLI-03059-100,GT_ET,true_et_cohort,5,2,248,0.7675980925559998,0.21199844777584076,all_components,6,,0.7675980925559998,0.24947798252105713,4,0.24092800915241241,0.0,1,2970,0.011510000098496675
BraTS-GLI-03059-100,GT_ET,true_et_cohort,6,5,39,0.7417638301849365,0.35676294565200806,all_components,6,,0.7417638301849365,0.07503873109817505,1,0.0,0.0,1,720,0.00296520022675395
BraTS-GLI-03059-100,otsu_T1c,prediction_component,1,1,511672,1.0,0.04424399137496948,top5_volume_union_top5_enh,1,,1.0,1.0,258,0.6458633132278919,0.0,3,125396,0.7107003000564873
BraTS-GLI-03059-100,gmm_T1c,prediction_component,1,1,12235,1.0,0.561370313167572,top5_volume_union_top5_enh,1,,1.0,0.8323671668767929,51,0.6624075770378113,0.0,2,199420,1.0400859997607768
BraTS-GLI-03059-100,sustraccion,prediction_component,12,1,71945,1.0,0.3969806134700775,top5_volume_union_top5_enh,221,,1.0,0.9429723024368286,269,0.5797155499458313,0.0,3,113176,0.5780795002356172
BraTS-GLI-03059-100,sustraccion,prediction_component,43,2,2410,1.0,0.45316773653030396,top5_volume_union_top5_enh,221,,1.0,0.48656609654426575,12,0.40046781301498413,0.05080243945121765,1,71040,0.34982060035690665
BraTS-GLI-03059-100,sustraccion,prediction_component,174,3,1959,1.0,0.20779146254062653,top5_volume_union_top5_enh,221,,1.0,0.9107759818434715,30,0.3591969311237335,0.10054263472557068,1,52416,0.24428300000727177
BraTS-GLI-03059-100,sustraccion,prediction_component,40,4,1889,1.0,0.4200623631477356,top5_volume_union_top5_enh,221,,1.0,0.23518818616867065,14,0.24252864718437195,0.09734576940536499,1,59220,0.2833301001228392
BraTS-GLI-03059-100,sustraccion,prediction_component,5,5,1130,0.9748227000236511,0.2571144700050354,top5_volume_union_top5_enh,221,,0.9748227000236511,0.4683213233947754,24,0.29101672768592834,0.04902530461549759,1,33480,0.15364779997617006
BraTS-GLI-03059-100,sustraccion,prediction_component,202,71,43,1.0,0.4342827796936035,top5_volume_union_top5_enh,221,,1.0,0.0,1,0.0,0.0,1,891,0.0036065001040697098
BraTS-GLI-03059-100,sustraccion,prediction_component,143,41,66,1.0,0.4796237647533417,top5_volume_union_top5_enh,221,,1.0,0.08094221353530884,1,0.0,0.0,1,1320,0.005337600130587816
BraTS-GLI-03059-100,sustraccion,prediction_component,162,59,50,1.0,0.4145449697971344,top5_volume_union_top5_enh,221,,1.0,0.09398239850997925,1,0.0,0.0,1,1089,0.004077699966728687
BraTS-GLI-03059-100,sustraccion,prediction_component,188,64,47,1.0,0.5793407559394836,top5_volume_union_top5_enh,221,,1.0,0.0754440426826477,1,0.0,0.0,1,1755,0.0069149998016655445
BraTS-GLI-03059-100,gmm_2d,prediction_component,13,1,102905,1.0,0.280799925327301,top5_volume_union_top5_enh,189,,1.0,1.0,234,0.6386718153953552,0.0533021567389369,3,115197,0.5843875999562442
BraTS-GLI-03059-100,gmm_2d,prediction_component,46,2,1836,1.0,0.376725435256958,top5_volume_union_top5_enh,189,,1.0,0.3156539797782898,13,0.3214731514453888,0.11222732067108154,1,80408,0.39359059976413846
BraTS-GLI-03059-100,gmm_2d,prediction_component,5,3,1260,0.9748227000236511,0.2050292044878006,top5_volume_union_top5_enh,189,,0.9748227000236511,0.7457826137542725,15,0.29101672768592834,0.017573639750480652,1,27378,0.12322970014065504
BraTS-GLI-03059-100,gmm_2d,prediction_component,19,4,906,1.0,0.36002054810523987,top5_volume_union_top5_enh,189,,1.0,0.7521737366914749,7,0.1950547993183136,0.0,1,27540,0.12346530007198453
BraTS-GLI-03059-100,gmm_2d,prediction_component,81,5,892,1.0,0.2513542175292969,top5_volume_union_top5_enh,189,,1.0,0.704732358455658,11,0.03267832100391388,0.056726571172475815,1,18954,0.08765619993209839
BraTS-GLI-03059-100,gmm_2d,prediction_component,187,43,125,1.0,0.30347880721092224,top5_volume_union_top5_enh,189,,1.0,0.1493016481399536,2,0.0905841588973999,0.0,1,1404,0.005668500438332558
BraTS-GLI-03059-100,gmm_2d,prediction_component,184,65,73,1.0,0.31999239325523376,top5_volume_union_top5_enh,189,,1.0,0.00015181303024291992,1,0.0,0.0,1,1210,0.005077000241726637
BraTS-GLI-03059-100,gmm_2d,prediction_component,147,30,175,1.0,0.35419100522994995,top5_volume_union_top5_enh,189,,1.0,0.09663516283035278,1,0.0,0.0,1,3094,0.012939699925482273
BraTS-GLI-03059-100,gmm_2d,prediction_component,155,7,644,1.0,0.21378828585147858,top5_volume_union_top5_enh,189,,1.0,0.797727108001709,7,0.14150279760360718,0.07005874812602997,1,11067,0.04649560013785958
BraTS-GLI-03059-100,gmm_2d,prediction_component,158,70,69,1.0,0.34114202857017517,top5_volume_union_top5_enh,189,,1.0,0.19973278045654297,2,0.2830650210380554,0.0,1,1716,0.006741800345480442
BraTS-GLI-03059-100,variational_spline,prediction_component,1,1,12238,1.0,0.5612326264381409,top5_volume_union_top5_enh,1,,1.0,0.8323671668767929,51,0.6624075770378113,0.0,2,199420,1.0309172999113798
BraTS-GLI-03060-102,GT_ET,true_et_cohort,1,1,1007,1.0,0.2687012553215027,all_components,1,,1.0,0.7655175030231476,10,0.37551045417785645,0.12110283225774765,1,11880,0.04911019979044795
BraTS-GLI-03060-102,otsu_T1c,prediction_component,1,1,489113,1.0,0.024373475462198257,top5_volume_union_top5_enh,1,,1.0,1.0,175,0.4576725661754608,0.0,3,106812,0.5521649001166224
BraTS-GLI-03060-102,gmm_T1c,prediction_component,1,1,5407,1.0,0.6964026689529419,top5_volume_union_top5_enh,1,,0.9479747414588928,0.257737398147583,15,0.7192372679710388,0.0,2,55080,0.27178699988871813
BraTS-GLI-03060-102,sustraccion,prediction_component,24,1,40922,1.0,0.4167352616786957,top5_volume_union_top5_enh,198,,1.0,1.0,226,0.5404229760169983,0.25538012385368347,2,293248,1.5612236000597477
BraTS-GLI-03060-102,sustraccion,prediction_component,140,2,1815,0.8720097541809082,0.22414425015449524,top5_volume_union_top5_enh,198,,0.8720097541809082,0.610569417476654,16,0.30283552408218384,0.0,1,43710,0.1972401002421975
BraTS-GLI-03060-102,sustraccion,prediction_component,156,3,1574,1.0,0.1723240315914154,top5_volume_union_top5_enh,198,,1.0,0.5949737429618835,10,0.2500684857368469,0.0,1,30160,0.13966980017721653
BraTS-GLI-03060-102,sustraccion,prediction_component,5,4,1244,0.9527959227561951,0.20495958626270294,top5_volume_union_top5_enh,198,,0.9527959227561951,0.6204313561320305,24,0.1865510195493698,0.0,1,43290,0.19407259998843074
BraTS-GLI-03060-102,sustraccion,prediction_component,141,5,1222,0.9364399909973145,0.2204514443874359,top5_volume_union_top5_enh,198,,0.9364399909973145,0.35481569170951843,6,0.205057755112648,0.0,1,22176,0.09712009970098734
BraTS-GLI-03060-102,sustraccion,prediction_component,198,173,12,1.0,0.6818259358406067,top5_volume_union_top5_enh,198,,1.0,0.0,1,0.0,0.0,1,392,0.0016279998235404491
BraTS-GLI-03060-102,sustraccion,prediction_component,195,173,12,1.0,0.6957430243492126,top5_volume_union_top5_enh,198,,1.0,0.0,1,0.0,0.0,1,392,0.0015297997742891312
BraTS-GLI-03060-102,sustraccion,prediction_component,142,6,1208,1.0,0.26505711674690247,top5_volume_union_top5_enh,198,,1.0,0.3267922103404999,6,0.09296813607215881,0.027529358863830566,1,28700,0.1272766999900341
BraTS-GLI-03060-102,sustraccion,prediction_component,175,10,508,1.0,0.2587708532810211,top5_volume_union_top5_enh,198,,1.0,0.6086840480566025,3,0.021810173988342285,0.0,1,5808,0.023676199838519096
BraTS-GLI-03060-102,sustraccion,prediction_component,179,49,76,1.0,0.1821027249097824,top5_volume_union_top5_enh,198,,1.0,0.07273975014686584,1,0.01694515347480774,0.0,1,1573,0.006249000318348408
BraTS-GLI-03060-102,gmm_2d,prediction_component,11,1,29945,1.0,0.38490158319473267,top5_volume_union_top5_enh,120,,1.0,1.0,108,0.5714429020881653,0.0269927978515625,2,222430,1.167601099703461
BraTS-GLI-03060-102,gmm_2d,prediction_component,25,2,1310,1.0,0.3250330686569214,top5_volume_union_top5_enh,120,,1.0,0.5630313754081726,11,0.8487609624862671,0.11648814380168915,1,35904,0.16724300011992455
BraTS-GLI-03060-102,gmm_2d,prediction_component,87,3,1145,0.7655282616615295,0.25309136509895325,top5_volume_union_top5_enh,120,,0.7655282616615295,0.5102495700120926,6,0.1620185524225235,0.0,1,17199,0.07511180033907294
BraTS-GLI-03060-102,gmm_2d,prediction_component,33,4,1108,1.0,0.479465126991272,top5_volume_union_top5_enh,120,,1.0,0.3794577717781067,2,0.4268295466899872,0.0,1,32200,0.1461853999644518
BraTS-GLI-03060-102,gmm_2d,prediction_component,42,5,1029,0.9093075394630432,0.3211437463760376,top5_volume_union_top5_enh,120,,0.9093075394630432,0.7904293015599251,9,0.11547312140464783,0.03336013853549957,1,40256,0.18492079991847277
BraTS-GLI-03060-102,gmm_2d,prediction_component,113,37,86,1.0,0.4298310875892639,top5_volume_union_top5_enh,120,,1.0,0.31339186429977417,2,0.42604121565818787,0.0,1,1836,0.00808580033481121
BraTS-GLI-03060-102,gmm_2d,prediction_component,98,19,198,1.0,0.3839290142059326,top5_volume_union_top5_enh,120,,1.0,0.11717206239700317,3,0.07829511165618896,0.0,1,2550,0.010565800126641989
BraTS-GLI-03060-102,gmm_2d,prediction_component,102,12,303,1.0,0.4514012634754181,top5_volume_union_top5_enh,120,,1.0,0.16350394487380981,2,0.8007017970085144,0.0,1,10626,0.043255400378257036
BraTS-GLI-03060-102,gmm_2d,prediction_component,72,31,114,1.0,0.3548222482204437,top5_volume_union_top5_enh,120,,1.0,0.2696494460105896,2,0.3846589922904968,0.0,1,3072,0.01193269994109869
BraTS-GLI-03060-102,gmm_2d,prediction_component,68,11,315,1.0,0.43123042583465576,top5_volume_union_top5_enh,120,,1.0,0.5248080193996429,3,0.3525336682796478,0.0,1,5510,0.021736300084739923
BraTS-GLI-03060-102,variational_spline,prediction_component,1,1,5407,1.0,0.6964026689529419,top5_volume_union_top5_enh,1,,0.9479747414588928,0.257737398147583,15,0.7192372679710388,0.0,2,55080,0.2654086002148688
BraTS-GLI-03063-100,GT_ET,true_et_cohort,1,4,94,0.9123799800872803,0.45049944519996643,all_components,4,,0.9123799800872803,0.2805197238922119,3,0.13258874416351318,0.0,1,1728,0.006701199803501368
BraTS-GLI-03063-100,GT_ET,true_et_cohort,2,1,6198,1.0,0.06775069236755371,all_components,4,,1.0,0.7524405717849731,21,0.11848538741469383,0.0,1,62775,0.2943265996873379
BraTS-GLI-03063-100,GT_ET,true_et_cohort,3,2,327,0.9631929397583008,0.261994868516922,all_components,4,,0.9631929397583008,0.6719950437545776,4,0.0,0.0,1,9408,0.03944619977846742
BraTS-GLI-03063-100,GT_ET,true_et_cohort,4,3,310,0.8999833464622498,0.10563674569129944,all_components,4,,0.8999833464622498,0.3369952142238617,3,0.03844173485413194,0.0,1,5670,0.02377629978582263
BraTS-GLI-03063-100,otsu_T1c,prediction_component,1,1,8094,1.0,0.631024956703186,top5_volume_union_top5_enh,1,,1.0,0.6141724586486816,26,0.771452009677887,0.0,2,83790,0.4180129999294877
BraTS-GLI-03063-100,gmm_T1c,prediction_component,1,1,9629,1.0,0.6055740714073181,top5_volume_union_top5_enh,1,,1.0,0.9830660223960876,31,0.771452009677887,0.0,2,124992,0.6307021998800337
BraTS-GLI-03063-100,sustraccion,prediction_component,1,1,62886,1.0,0.3649906814098358,top5_volume_union_top5_enh,176,,1.0,1.0,246,0.7315043807029724,0.0,3,111780,0.5678142001852393
BraTS-GLI-03063-100,sustraccion,prediction_component,68,2,3578,1.0,0.10954344272613525,top5_volume_union_top5_enh,176,,1.0,0.6493618488311768,17,0.11848538741469383,0.0,1,51772,0.2389885000884533
BraTS-GLI-03063-100,sustraccion,prediction_component,56,3,959,0.8541949987411499,0.2472972422838211,top5_volume_union_top5_enh,176,,0.8541949987411499,0.5446885377168655,10,0.26878851652145386,0.03842804208397865,1,47151,0.21208180021494627
BraTS-GLI-03063-100,sustraccion,prediction_component,113,4,466,1.0,0.4700374901294708,top5_volume_union_top5_enh,176,,1.0,0.4743081331253052,8,0.3048415184020996,0.0,1,27000,0.12140059983357787
BraTS-GLI-03063-100,sustraccion,prediction_component,107,5,402,1.0,0.31648704409599304,top5_volume_union_top5_enh,176,,1.0,0.5740816593170166,9,0.29064981639385223,0.0797179713845253,1,7980,0.03236369974911213
BraTS-GLI-03063-100,sustraccion,prediction_component,166,36,53,1.0,0.6551473140716553,top5_volume_union_top5_enh,176,,1.0,0.0,1,0.0,0.0,1,1694,0.006494400091469288
BraTS-GLI-03063-100,sustraccion,prediction_component,162,9,219,1.0,0.4401398301124573,top5_volume_union_top5_enh,176,,1.0,0.2394377887248993,4,0.19963514804840088,0.0,1,10206,0.041536400094628334
BraTS-GLI-03063-100,sustraccion,prediction_component,165,14,144,1.0,0.23663575947284698,top5_volume_union_top5_enh,176,,1.0,0.3128800392150879,2,0.0,0.0,1,7106,0.027994100004434586
BraTS-GLI-03063-100,sustraccion,prediction_component,135,24,91,1.0,0.27513301372528076,top5_volume_union_top5_enh,176,,1.0,0.0741528868675232,1,0.0,0.0,1,2057,0.008592500351369381
BraTS-GLI-03063-100,sustraccion,prediction_component,93,57,36,1.0,0.49392345547676086,top5_volume_union_top5_enh,176,,1.0,0.36851048469543457,3,0.0,0.0,1,1400,0.0053599001839756966
BraTS-GLI-03063-100,gmm_2d,prediction_component,82,1,31229,1.0,0.10469022393226624,top5_volume_union_top5_enh,324,,1.0,1.0,154,0.33688779920339584,0.0689430832862854,2,154160,0.7989278002642095
BraTS-GLI-03063-100,gmm_2d,prediction_component,89,2,4416,1.0,0.16362527012825012,top5_volume_union_top5_enh,324,,1.0,0.9736310057342052,53,0.6529688239097595,0.1113751018201583,1,109098,0.5522372000850737
BraTS-GLI-03063-100,gmm_2d,prediction_component,88,3,4250,1.0,0.15069982409477234,top5_volume_union_top5_enh,324,,1.0,0.8628024458885193,50,0.8046852350234985,0.30355390906333923,1,91800,0.45105160027742386
BraTS-GLI-03063-100,gmm_2d,prediction_component,58,4,4183,1.0,0.11553043127059937,top5_volume_union_top5_enh,324,,1.0,1.0,68,0.33781909942626953,0.11845428496599197,1,158400,0.9261154998093843
BraTS-GLI-03063-100,gmm_2d,prediction_component,164,5,1708,1.0,0.1705349087715149,top5_volume_union_top5_enh,324,,1.0,0.9503389000892639,24,0.5005177855491638,0.06761601939797401,1,29172,0.23393090022727847
BraTS-GLI-03063-100,gmm_2d,prediction_component,26,36,239,1.0,0.11443998664617538,top5_volume_union_top5_enh,324,,1.0,0.10248267650604248,2,0.014303892850875854,0.0,1,3168,0.028698400128632784
BraTS-GLI-03063-100,gmm_2d,prediction_component,40,78,125,1.0,0.16697676479816437,top5_volume_union_top5_enh,324,,1.0,0.1888798177242279,2,0.0,0.0,1,1950,0.01292770029976964
BraTS-GLI-03063-100,gmm_2d,prediction_component,56,118,79,1.0,0.2879105806350708,top5_volume_union_top5_enh,324,,1.0,0.5796323418617249,2,0.26075851917266846,0.0,1,1452,0.01121419994160533
BraTS-GLI-03063-100,gmm_2d,prediction_component,285,18,516,1.0,0.08721965551376343,top5_volume_union_top5_enh,324,,1.0,0.3128800392150879,3,0.02621839940547943,0.0,1,13608,0.08462610002607107
BraTS-GLI-03063-100,variational_spline,prediction_component,1,1,9629,1.0,0.6055740714073181,top5_volume_union_top5_enh,1,,1.0,0.9830660223960876,31,0.771452009677887,0.0,2,124992,0.775448199827224
BraTS-GLI-00533-100,GT_ET,true_et_old20,1,1,31750,0.7540850639343262,0.16260890662670135,all_components,1,,0.7540850639343262,0.3752306401729584,49,0.28030943870544434,0.15594397485256195,1,246000,1.2650696001946926
BraTS-GLI-00533-100,gmm_T1c,peri_cavity_fp_component,1,1,15501,1.0,0.8003895282745361,top5_volume_union_top5_enh,1,,1.0,0.5053153336048126,17,0.820867121219635,0.0,2,218624,1.1399236000142992
BraTS-GLI-00533-100,variational_spline,peri_cavity_fp_component,1,1,15501,1.0,0.8003895282745361,top5_volume_union_top5_enh,1,,1.0,0.5053153336048126,17,0.820867121219635,0.0,2,218624,1.142758599948138
BraTS-GLI-02078-100,GT_ET,true_et_old20,1,1,21057,1.0,0.44023606181144714,all_components,2,,1.0,0.5529776811599731,30,0.351068913936615,0.20231865346431732,1,78890,0.4001601003110409
BraTS-GLI-02078-100,GT_ET,true_et_old20,2,2,14,0.6370205879211426,0.36644479632377625,all_components,2,,0.6370205879211426,0.09169091284275055,1,0.0,0.0,1,486,0.003893499728292227
BraTS-GLI-02078-100,gmm_T1c,peri_cavity_fp_component,1,1,13220,1.0,0.79530268907547,top5_volume_union_top5_enh,1,,1.0,0.6149221658706665,10,0.5791195631027222,0.0,2,182784,0.9746517003513873
BraTS-GLI-02078-100,variational_spline,peri_cavity_fp_component,1,1,13220,1.0,0.79530268907547,top5_volume_union_top5_enh,1,,1.0,0.6149221658706665,10,0.5791195631027222,0.0,2,182784,0.9393414999358356
