case_id,fold,method,vol_bin,k_top_persistent_components,gt_vox,pred_vox,global_dice,global_jaccard,overseg_ratio,correct_absent_pred_lt_10_vox,flood_gt_10000_vox,gt_components,pred_components,matched_components,lesion_tp,lesion_fn,lesion_fp,lesion_dice_sum,lesionwise_dice_mean,lesionwise_dice_median,lesion_detection_rate_dice_gt_0,lesion_detection_rate_dice_ge_0_1
BraTS-GLI-00009-101,4,otsu_T1c,large,0,11334,0,0.0,0.0,0.0,,False,2,0,0.0,0.0,2.0,0.0,0.0,0.0,0.0,0.0,0.0
BraTS-GLI-00009-101,4,otsu_T1c,large,1,11334,14599,0.5336058304091312,0.3638897654359945,1.288071289924122,,True,2,1,1.0,1.0,1.0,0.0,0.5340127944946289,0.2670063972473144,0.2670063972473144,0.5,0.5
BraTS-GLI-00009-101,4,otsu_T1c,large,2,11334,14599,0.5336058304091312,0.3638897654359945,1.288071289924122,,True,2,1,1.0,1.0,1.0,0.0,0.5340127944946289,0.2670063972473144,0.2670063972473144,0.5,0.5
BraTS-GLI-00009-101,4,otsu_T1c,large,3,11334,14599,0.5336058304091312,0.3638897654359945,1.288071289924122,,True,2,1,1.0,1.0,1.0,0.0,0.5340127944946289,0.2670063972473144,0.2670063972473144,0.5,0.5
BraTS-GLI-00009-101,4,otsu_T1c,large,4,11334,14599,0.5336058304091312,0.3638897654359945,1.288071289924122,,True,2,1,1.0,1.0,1.0,0.0,0.5340127944946289,0.2670063972473144,0.2670063972473144,0.5,0.5
BraTS-GLI-00009-101,4,otsu_T1c,large,5,11334,14599,0.5336058304091312,0.3638897654359945,1.288071289924122,,True,2,1,1.0,1.0,1.0,0.0,0.5340127944946289,0.2670063972473144,0.2670063972473144,0.5,0.5
BraTS-GLI-00009-101,4,gmm_T1c,large,0,11334,0,0.0,0.0,0.0,,False,2,0,0.0,0.0,2.0,0.0,0.0,0.0,0.0,0.0,0.0
BraTS-GLI-00009-101,4,gmm_T1c,large,1,11334,21499,0.5517619468217951,0.3809884332281809,1.8968590082936296,,True,2,1,1.0,1.0,1.0,0.0,0.5519785284996033,0.2759892642498016,0.2759892642498016,0.5,0.5
BraTS-GLI-00009-101,4,gmm_T1c,large,2,11334,21499,0.5517619468217951,0.3809884332281809,1.8968590082936296,,True,2,1,1.0,1.0,1.0,0.0,0.5519785284996033,0.2759892642498016,0.2759892642498016,0.5,0.5
BraTS-GLI-00009-101,4,gmm_T1c,large,3,11334,21499,0.5517619468217951,0.3809884332281809,1.8968590082936296,,True,2,1,1.0,1.0,1.0,0.0,0.5519785284996033,0.2759892642498016,0.2759892642498016,0.5,0.5
BraTS-GLI-00009-101,4,gmm_T1c,large,4,11334,21499,0.5517619468217951,0.3809884332281809,1.8968590082936296,,True,2,1,1.0,1.0,1.0,0.0,0.5519785284996033,0.2759892642498016,0.2759892642498016,0.5,0.5
BraTS-GLI-00009-101,4,gmm_T1c,large,5,11334,21499,0.5517619468217951,0.3809884332281809,1.8968590082936296,,True,2,1,1.0,1.0,1.0,0.0,0.5519785284996033,0.2759892642498016,0.2759892642498016,0.5,0.5
BraTS-GLI-00009-101,4,sustraccion,large,0,11334,0,0.0,0.0,0.0,,False,2,0,0.0,0.0,2.0,0.0,0.0,0.0,0.0,0.0,0.0
BraTS-GLI-00009-101,4,sustraccion,large,1,11334,10586,0.0,0.0,0.9340038821245809,,True,2,1,0.0,0.0,2.0,1.0,0.0,0.0,0.0,0.0,0.0
BraTS-GLI-00009-101,4,sustraccion,large,2,11334,11439,0.000263469898564,0.0001317523056653,1.00926416093171,,True,2,2,0.0,0.0,2.0,2.0,0.0,0.0,0.0,0.0,0.0
BraTS-GLI-00009-101,4,sustraccion,large,3,11334,11955,0.0002576323586242,0.0001288327750579,1.0547908946532556,,True,2,3,0.0,0.0,2.0,3.0,0.0,0.0,0.0,0.0,0.0
BraTS-GLI-00009-101,4,sustraccion,large,4,11334,12199,0.0002549611184294,0.0001274968125796,1.0763190400564673,,True,2,4,0.0,0.0,2.0,4.0,0.0,0.0,0.0,0.0,0.0
BraTS-GLI-00009-101,4,sustraccion,large,5,11334,12356,0.0002532714225411,0.000126651749905,1.0901711664019764,,True,2,5,0.0,0.0,2.0,5.0,0.0,0.0,0.0,0.0,0.0
BraTS-GLI-00009-101,4,gmm_2d,large,0,11334,0,0.0,0.0,0.0,,False,2,0,0.0,0.0,2.0,0.0,0.0,0.0,0.0,0.0,0.0
BraTS-GLI-00009-101,4,gmm_2d,large,1,11334,1962,0.0012033694344163,0.0006020469596628,0.1731074642668078,,False,2,1,1.0,1.0,1.0,0.0,0.0006030908552929,0.0003015454276464,0.0003015454276464,0.5,0.0
BraTS-GLI-00009-101,4,gmm_2d,large,2,11334,2500,0.0011565707676738,0.0005786199913207,0.2205752602788071,,False,2,2,1.0,1.0,1.0,1.0,0.0006030908552929,0.0002010302850976,0.0003015454276464,0.5,0.0
BraTS-GLI-00009-101,4,gmm_2d,large,3,11334,2605,0.0011478585264366,0.0005742588471753,0.229839421210517,,False,2,3,1.0,1.0,1.0,2.0,0.0006030908552929,0.0001507727138232,0.0003015454276464,0.5,0.0
BraTS-GLI-00009-101,4,gmm_2d,large,4,11334,2676,0.0011420413990007,0.0005713469504356,0.2361037586024351,,False,2,4,1.0,1.0,1.0,3.0,0.0006030908552929,0.0001206181696034,0.0003015454276464,0.5,0.0
BraTS-GLI-00009-101,4,gmm_2d,large,5,11334,2743,0.0011366058108972,0.000568626057289,0.2420151755779072,,False,2,5,1.0,1.0,1.0,4.0,0.0006030908552929,0.0001005151425488,0.0003015454276464,0.5,0.0
BraTS-GLI-00009-101,4,variational_spline,large,0,11334,0,0.0,0.0,0.0,,False,2,0,0.0,0.0,2.0,0.0,0.0,0.0,0.0,0.0,0.0
BraTS-GLI-00009-101,4,variational_spline,large,1,11334,21555,0.5525251603879716,0.3817165903457547,1.901799894123875,,True,2,1,1.0,1.0,1.0,0.0,0.5527421236038208,0.2763710618019104,0.2763710618019104,0.5,0.5
BraTS-GLI-00009-101,4,variational_spline,large,2,11334,21555,0.5525251603879716,0.3817165903457547,1.901799894123875,,True,2,1,1.0,1.0,1.0,0.0,0.5527421236038208,0.2763710618019104,0.2763710618019104,0.5,0.5
BraTS-GLI-00009-101,4,variational_spline,large,3,11334,21555,0.5525251603879716,0.3817165903457547,1.901799894123875,,True,2,1,1.0,1.0,1.0,0.0,0.5527421236038208,0.2763710618019104,0.2763710618019104,0.5,0.5
BraTS-GLI-00009-101,4,variational_spline,large,4,11334,21555,0.5525251603879716,0.3817165903457547,1.901799894123875,,True,2,1,1.0,1.0,1.0,0.0,0.5527421236038208,0.2763710618019104,0.2763710618019104,0.5,0.5
BraTS-GLI-00009-101,4,variational_spline,large,5,11334,21555,0.5525251603879716,0.3817165903457547,1.901799894123875,,True,2,1,1.0,1.0,1.0,0.0,0.5527421236038208,0.2763710618019104,0.2763710618019104,0.5,0.5
BraTS-GLI-00046-100,1,otsu_T1c,medium,0,6187,0,0.0,0.0,0.0,,False,2,0,0.0,0.0,2.0,0.0,0.0,0.0,0.0,0.0,0.0
BraTS-GLI-00046-100,1,otsu_T1c,medium,1,6187,10577,0.0,0.0,1.7095522870534994,,True,2,1,0.0,0.0,2.0,1.0,0.0,0.0,0.0,0.0,0.0
BraTS-GLI-00046-100,1,otsu_T1c,medium,2,6187,10577,0.0,0.0,1.7095522870534994,,True,2,1,0.0,0.0,2.0,1.0,0.0,0.0,0.0,0.0,0.0
BraTS-GLI-00046-100,1,otsu_T1c,medium,3,6187,10577,0.0,0.0,1.7095522870534994,,True,2,1,0.0,0.0,2.0,1.0,0.0,0.0,0.0,0.0,0.0
BraTS-GLI-00046-100,1,otsu_T1c,medium,4,6187,10577,0.0,0.0,1.7095522870534994,,True,2,1,0.0,0.0,2.0,1.0,0.0,0.0,0.0,0.0,0.0
BraTS-GLI-00046-100,1,otsu_T1c,medium,5,6187,10577,0.0,0.0,1.7095522870534994,,True,2,1,0.0,0.0,2.0,1.0,0.0,0.0,0.0,0.0,0.0
BraTS-GLI-00046-100,1,gmm_T1c,medium,0,6187,0,0.0,0.0,0.0,,False,2,0,0.0,0.0,2.0,0.0,0.0,0.0,0.0,0.0,0.0
BraTS-GLI-00046-100,1,gmm_T1c,medium,1,6187,11199,0.0,0.0,1.8100856634879583,,True,2,1,0.0,0.0,2.0,1.0,0.0,0.0,0.0,0.0,0.0
BraTS-GLI-00046-100,1,gmm_T1c,medium,2,6187,11199,0.0,0.0,1.8100856634879583,,True,2,1,0.0,0.0,2.0,1.0,0.0,0.0,0.0,0.0,0.0
BraTS-GLI-00046-100,1,gmm_T1c,medium,3,6187,11199,0.0,0.0,1.8100856634879583,,True,2,1,0.0,0.0,2.0,1.0,0.0,0.0,0.0,0.0,0.0
BraTS-GLI-00046-100,1,gmm_T1c,medium,4,6187,11199,0.0,0.0,1.8100856634879583,,True,2,1,0.0,0.0,2.0,1.0,0.0,0.0,0.0,0.0,0.0
BraTS-GLI-00046-100,1,gmm_T1c,medium,5,6187,11199,0.0,0.0,1.8100856634879583,,True,2,1,0.0,0.0,2.0,1.0,0.0,0.0,0.0,0.0,0.0
BraTS-GLI-00046-100,1,sustraccion,medium,0,6187,0,0.0,0.0,0.0,,False,2,0,0.0,0.0,2.0,0.0,0.0,0.0,0.0,0.0,0.0
BraTS-GLI-00046-100,1,sustraccion,medium,1,6187,14700,0.0,0.0,2.3759495716825603,,True,2,1,0.0,0.0,2.0,1.0,0.0,0.0,0.0,0.0,0.0
BraTS-GLI-00046-100,1,sustraccion,medium,2,6187,21082,0.0,0.0,3.407467270082431,,True,2,2,0.0,0.0,2.0,2.0,0.0,0.0,0.0,0.0,0.0
BraTS-GLI-00046-100,1,sustraccion,medium,3,6187,26160,0.1312022753269236,0.0702067824648469,4.228220462259577,,True,2,3,1.0,1.0,1.0,2.0,0.3787932991981506,0.0946983247995376,0.1893966495990753,0.5,0.5
BraTS-GLI-00046-100,1,sustraccion,medium,4,6187,30384,0.1160482349402532,0.0615983047403407,4.910942298367545,,True,2,4,1.0,1.0,1.0,3.0,0.3787932991981506,0.075758658349514,0.1893966495990753,0.5,0.5
BraTS-GLI-00046-100,1,sustraccion,medium,5,6187,34157,0.1051953202458853,0.0555177646381665,5.520769355099402,,True,2,5,1.0,1.0,1.0,4.0,0.3787932991981506,0.0631322190165519,0.1893966495990753,0.5,0.5
BraTS-GLI-00046-100,1,gmm_2d,medium,0,6187,0,0.0,0.0,0.0,,False,2,0,0.0,0.0,2.0,0.0,0.0,0.0,0.0,0.0,0.0
BraTS-GLI-00046-100,1,gmm_2d,medium,1,6187,452950,0.0141744185286744,0.0071377963205471,73.20995636010991,,True,2,1,1.0,1.0,1.0,0.0,0.0139105506241321,0.006955275312066,0.006955275312066,0.5,0.0
BraTS-GLI-00046-100,1,gmm_2d,medium,2,6187,453320,0.0141630051337629,0.0071320078991261,73.26975917245838,,True,2,2,1.0,1.0,1.0,1.0,0.0139105506241321,0.004636850208044,0.006955275312066,0.5,0.0
BraTS-GLI-00046-100,1,gmm_2d,medium,3,6187,453345,0.0141622346213103,0.0071316171281543,73.27379990302246,,True,2,3,1.0,1.0,1.0,2.0,0.0139105506241321,0.003477637656033,0.006955275312066,0.5,0.0
BraTS-GLI-00046-100,1,gmm_2d,medium,4,6187,453449,0.0141590301891061,0.0071299919804023,73.29060934216906,,True,2,4,1.0,1.0,1.0,3.0,0.0139105506241321,0.0027821101248264,0.006955275312066,0.5,0.0
BraTS-GLI-00046-100,1,gmm_2d,medium,5,6187,453996,0.0141421999508891,0.0071214565063718,73.37902052691126,,True,2,5,1.0,1.0,1.0,4.0,0.0139105506241321,0.002318425104022,0.006955275312066,0.5,0.0
BraTS-GLI-00046-100,1,variational_spline,medium,0,6187,0,0.0,0.0,0.0,,False,2,0,0.0,0.0,2.0,0.0,0.0,0.0,0.0,0.0,0.0
BraTS-GLI-00046-100,1,variational_spline,medium,1,6187,11199,0.0,0.0,1.8100856634879583,,True,2,1,0.0,0.0,2.0,1.0,0.0,0.0,0.0,0.0,0.0
BraTS-GLI-00046-100,1,variational_spline,medium,2,6187,11199,0.0,0.0,1.8100856634879583,,True,2,1,0.0,0.0,2.0,1.0,0.0,0.0,0.0,0.0,0.0
BraTS-GLI-00046-100,1,variational_spline,medium,3,6187,11199,0.0,0.0,1.8100856634879583,,True,2,1,0.0,0.0,2.0,1.0,0.0,0.0,0.0,0.0,0.0
BraTS-GLI-00046-100,1,variational_spline,medium,4,6187,11199,0.0,0.0,1.8100856634879583,,True,2,1,0.0,0.0,2.0,1.0,0.0,0.0,0.0,0.0,0.0
BraTS-GLI-00046-100,1,variational_spline,medium,5,6187,11199,0.0,0.0,1.8100856634879583,,True,2,1,0.0,0.0,2.0,1.0,0.0,0.0,0.0,0.0,0.0
BraTS-GLI-00543-101,2,otsu_T1c,absent,0,0,0,,,,True,False,0,0,,,,,,,,,
BraTS-GLI-00543-101,2,otsu_T1c,absent,1,0,13935,,,,False,True,0,1,,,,,,,,,
BraTS-GLI-00543-101,2,otsu_T1c,absent,2,0,13935,,,,False,True,0,1,,,,,,,,,
BraTS-GLI-00543-101,2,otsu_T1c,absent,3,0,13935,,,,False,True,0,1,,,,,,,,,
BraTS-GLI-00543-101,2,otsu_T1c,absent,4,0,13935,,,,False,True,0,1,,,,,,,,,
BraTS-GLI-00543-101,2,otsu_T1c,absent,5,0,13935,,,,False,True,0,1,,,,,,,,,
BraTS-GLI-00543-101,2,gmm_T1c,absent,0,0,0,,,,True,False,0,0,,,,,,,,,
BraTS-GLI-00543-101,2,gmm_T1c,absent,1,0,16769,,,,False,True,0,1,,,,,,,,,
BraTS-GLI-00543-101,2,gmm_T1c,absent,2,0,16769,,,,False,True,0,1,,,,,,,,,
BraTS-GLI-00543-101,2,gmm_T1c,absent,3,0,16769,,,,False,True,0,1,,,,,,,,,
BraTS-GLI-00543-101,2,gmm_T1c,absent,4,0,16769,,,,False,True,0,1,,,,,,,,,
BraTS-GLI-00543-101,2,gmm_T1c,absent,5,0,16769,,,,False,True,0,1,,,,,,,,,
BraTS-GLI-00543-101,2,sustraccion,absent,0,0,0,,,,True,False,0,0,,,,,,,,,
BraTS-GLI-00543-101,2,sustraccion,absent,1,0,21555,,,,False,True,0,1,,,,,,,,,
BraTS-GLI-00543-101,2,sustraccion,absent,2,0,22987,,,,False,True,0,2,,,,,,,,,
BraTS-GLI-00543-101,2,sustraccion,absent,3,0,24249,,,,False,True,0,3,,,,,,,,,
BraTS-GLI-00543-101,2,sustraccion,absent,4,0,25311,,,,False,True,0,4,,,,,,,,,
BraTS-GLI-00543-101,2,sustraccion,absent,5,0,25972,,,,False,True,0,5,,,,,,,,,
BraTS-GLI-00543-101,2,gmm_2d,absent,0,0,0,,,,True,False,0,0,,,,,,,,,
BraTS-GLI-00543-101,2,gmm_2d,absent,1,0,6030,,,,False,False,0,1,,,,,,,,,
BraTS-GLI-00543-101,2,gmm_2d,absent,2,0,8455,,,,False,False,0,2,,,,,,,,,
BraTS-GLI-00543-101,2,gmm_2d,absent,3,0,8717,,,,False,False,0,3,,,,,,,,,
BraTS-GLI-00543-101,2,gmm_2d,absent,4,0,8960,,,,False,False,0,4,,,,,,,,,
BraTS-GLI-00543-101,2,gmm_2d,absent,5,0,9181,,,,False,False,0,5,,,,,,,,,
BraTS-GLI-00543-101,2,variational_spline,absent,0,0,0,,,,True,False,0,0,,,,,,,,,
BraTS-GLI-00543-101,2,variational_spline,absent,1,0,16775,,,,False,True,0,1,,,,,,,,,
BraTS-GLI-00543-101,2,variational_spline,absent,2,0,16775,,,,False,True,0,1,,,,,,,,,
BraTS-GLI-00543-101,2,variational_spline,absent,3,0,16775,,,,False,True,0,1,,,,,,,,,
BraTS-GLI-00543-101,2,variational_spline,absent,4,0,16775,,,,False,True,0,1,,,,,,,,,
BraTS-GLI-00543-101,2,variational_spline,absent,5,0,16775,,,,False,True,0,1,,,,,,,,,
BraTS-GLI-00548-100,1,otsu_T1c,absent,0,0,0,,,,True,False,0,0,,,,,,,,,
BraTS-GLI-00548-100,1,otsu_T1c,absent,1,0,13841,,,,False,True,0,1,,,,,,,,,
BraTS-GLI-00548-100,1,otsu_T1c,absent,2,0,13841,,,,False,True,0,1,,,,,,,,,
BraTS-GLI-00548-100,1,otsu_T1c,absent,3,0,13841,,,,False,True,0,1,,,,,,,,,
BraTS-GLI-00548-100,1,otsu_T1c,absent,4,0,13841,,,,False,True,0,1,,,,,,,,,
BraTS-GLI-00548-100,1,otsu_T1c,absent,5,0,13841,,,,False,True,0,1,,,,,,,,,
BraTS-GLI-00548-100,1,gmm_T1c,absent,0,0,0,,,,True,False,0,0,,,,,,,,,
BraTS-GLI-00548-100,1,gmm_T1c,absent,1,0,1109623,,,,False,True,0,1,,,,,,,,,
BraTS-GLI-00548-100,1,gmm_T1c,absent,2,0,1109623,,,,False,True,0,1,,,,,,,,,
BraTS-GLI-00548-100,1,gmm_T1c,absent,3,0,1109623,,,,False,True,0,1,,,,,,,,,
BraTS-GLI-00548-100,1,gmm_T1c,absent,4,0,1109623,,,,False,True,0,1,,,,,,,,,
BraTS-GLI-00548-100,1,gmm_T1c,absent,5,0,1109623,,,,False,True,0,1,,,,,,,,,
BraTS-GLI-00548-100,1,sustraccion,absent,0,0,0,,,,True,False,0,0,,,,,,,,,
BraTS-GLI-00548-100,1,sustraccion,absent,1,0,85384,,,,False,True,0,1,,,,,,,,,
BraTS-GLI-00548-100,1,sustraccion,absent,2,0,87598,,,,False,True,0,2,,,,,,,,,
BraTS-GLI-00548-100,1,sustraccion,absent,3,0,88681,,,,False,True,0,3,,,,,,,,,
BraTS-GLI-00548-100,1,sustraccion,absent,4,0,89718,,,,False,True,0,4,,,,,,,,,
BraTS-GLI-00548-100,1,sustraccion,absent,5,0,90301,,,,False,True,0,5,,,,,,,,,
BraTS-GLI-00548-100,1,gmm_2d,absent,0,0,0,,,,True,False,0,0,,,,,,,,,
BraTS-GLI-00548-100,1,gmm_2d,absent,1,0,70417,,,,False,True,0,1,,,,,,,,,
BraTS-GLI-00548-100,1,gmm_2d,absent,2,0,76061,,,,False,True,0,2,,,,,,,,,
BraTS-GLI-00548-100,1,gmm_2d,absent,3,0,77455,,,,False,True,0,3,,,,,,,,,
BraTS-GLI-00548-100,1,gmm_2d,absent,4,0,78659,,,,False,True,0,4,,,,,,,,,
BraTS-GLI-00548-100,1,gmm_2d,absent,5,0,79461,,,,False,True,0,5,,,,,,,,,
BraTS-GLI-00548-100,1,variational_spline,absent,0,0,0,,,,True,False,0,0,,,,,,,,,
BraTS-GLI-00548-100,1,variational_spline,absent,1,0,209037,,,,False,True,0,1,,,,,,,,,
BraTS-GLI-00548-100,1,variational_spline,absent,2,0,209037,,,,False,True,0,1,,,,,,,,,
BraTS-GLI-00548-100,1,variational_spline,absent,3,0,209037,,,,False,True,0,1,,,,,,,,,
BraTS-GLI-00548-100,1,variational_spline,absent,4,0,209037,,,,False,True,0,1,,,,,,,,,
BraTS-GLI-00548-100,1,variational_spline,absent,5,0,209037,,,,False,True,0,1,,,,,,,,,
BraTS-GLI-00549-100,1,otsu_T1c,absent,0,0,0,,,,True,False,0,0,,,,,,,,,
BraTS-GLI-00549-100,1,otsu_T1c,absent,1,0,13510,,,,False,True,0,1,,,,,,,,,
BraTS-GLI-00549-100,1,otsu_T1c,absent,2,0,13510,,,,False,True,0,1,,,,,,,,,
BraTS-GLI-00549-100,1,otsu_T1c,absent,3,0,13510,,,,False,True,0,1,,,,,,,,,
BraTS-GLI-00549-100,1,otsu_T1c,absent,4,0,13510,,,,False,True,0,1,,,,,,,,,
BraTS-GLI-00549-100,1,otsu_T1c,absent,5,0,13510,,,,False,True,0,1,,,,,,,,,
BraTS-GLI-00549-100,1,gmm_T1c,absent,0,0,0,,,,True,False,0,0,,,,,,,,,
BraTS-GLI-00549-100,1,gmm_T1c,absent,1,0,20792,,,,False,True,0,1,,,,,,,,,
BraTS-GLI-00549-100,1,gmm_T1c,absent,2,0,20792,,,,False,True,0,1,,,,,,,,,
BraTS-GLI-00549-100,1,gmm_T1c,absent,3,0,20792,,,,False,True,0,1,,,,,,,,,
BraTS-GLI-00549-100,1,gmm_T1c,absent,4,0,20792,,,,False,True,0,1,,,,,,,,,
BraTS-GLI-00549-100,1,gmm_T1c,absent,5,0,20792,,,,False,True,0,1,,,,,,,,,
BraTS-GLI-00549-100,1,sustraccion,absent,0,0,0,,,,True,False,0,0,,,,,,,,,
BraTS-GLI-00549-100,1,sustraccion,absent,1,0,79882,,,,False,True,0,1,,,,,,,,,
BraTS-GLI-00549-100,1,sustraccion,absent,2,0,81255,,,,False,True,0,2,,,,,,,,,
BraTS-GLI-00549-100,1,sustraccion,absent,3,0,82438,,,,False,True,0,3,,,,,,,,,
BraTS-GLI-00549-100,1,sustraccion,absent,4,0,83260,,,,False,True,0,4,,,,,,,,,
BraTS-GLI-00549-100,1,sustraccion,absent,5,0,83421,,,,False,True,0,5,,,,,,,,,
BraTS-GLI-00549-100,1,gmm_2d,absent,0,0,0,,,,True,False,0,0,,,,,,,,,
BraTS-GLI-00549-100,1,gmm_2d,absent,1,0,54316,,,,False,True,0,1,,,,,,,,,
BraTS-GLI-00549-100,1,gmm_2d,absent,2,0,57084,,,,False,True,0,2,,,,,,,,,
BraTS-GLI-00549-100,1,gmm_2d,absent,3,0,59545,,,,False,True,0,3,,,,,,,,,
BraTS-GLI-00549-100,1,gmm_2d,absent,4,0,61167,,,,False,True,0,4,,,,,,,,,
BraTS-GLI-00549-100,1,gmm_2d,absent,5,0,62571,,,,False,True,0,5,,,,,,,,,
BraTS-GLI-00549-100,1,variational_spline,absent,0,0,0,,,,True,False,0,0,,,,,,,,,
BraTS-GLI-00549-100,1,variational_spline,absent,1,0,20792,,,,False,True,0,1,,,,,,,,,
BraTS-GLI-00549-100,1,variational_spline,absent,2,0,20792,,,,False,True,0,1,,,,,,,,,
BraTS-GLI-00549-100,1,variational_spline,absent,3,0,20792,,,,False,True,0,1,,,,,,,,,
BraTS-GLI-00549-100,1,variational_spline,absent,4,0,20792,,,,False,True,0,1,,,,,,,,,
BraTS-GLI-00549-100,1,variational_spline,absent,5,0,20792,,,,False,True,0,1,,,,,,,,,
BraTS-GLI-02061-100,1,otsu_T1c,small,0,427,0,0.0,0.0,0.0,,False,1,0,0.0,0.0,1.0,0.0,0.0,0.0,0.0,0.0,0.0
BraTS-GLI-02061-100,1,otsu_T1c,small,1,427,4347,0.0,0.0,10.18032786885246,,False,1,1,0.0,0.0,1.0,1.0,0.0,0.0,0.0,0.0,0.0
BraTS-GLI-02061-100,1,otsu_T1c,small,2,427,4347,0.0,0.0,10.18032786885246,,False,1,1,0.0,0.0,1.0,1.0,0.0,0.0,0.0,0.0,0.0
BraTS-GLI-02061-100,1,otsu_T1c,small,3,427,4347,0.0,0.0,10.18032786885246,,False,1,1,0.0,0.0,1.0,1.0,0.0,0.0,0.0,0.0,0.0
BraTS-GLI-02061-100,1,otsu_T1c,small,4,427,4347,0.0,0.0,10.18032786885246,,False,1,1,0.0,0.0,1.0,1.0,0.0,0.0,0.0,0.0,0.0
BraTS-GLI-02061-100,1,otsu_T1c,small,5,427,4347,0.0,0.0,10.18032786885246,,False,1,1,0.0,0.0,1.0,1.0,0.0,0.0,0.0,0.0,0.0
BraTS-GLI-02061-100,1,gmm_T1c,small,0,427,0,0.0,0.0,0.0,,False,1,0,0.0,0.0,1.0,0.0,0.0,0.0,0.0,0.0,0.0
BraTS-GLI-02061-100,1,gmm_T1c,small,1,427,4541,0.0,0.0,10.634660421545668,,False,1,1,0.0,0.0,1.0,1.0,0.0,0.0,0.0,0.0,0.0
BraTS-GLI-02061-100,1,gmm_T1c,small,2,427,4541,0.0,0.0,10.634660421545668,,False,1,1,0.0,0.0,1.0,1.0,0.0,0.0,0.0,0.0,0.0
BraTS-GLI-02061-100,1,gmm_T1c,small,3,427,4541,0.0,0.0,10.634660421545668,,False,1,1,0.0,0.0,1.0,1.0,0.0,0.0,0.0,0.0,0.0
BraTS-GLI-02061-100,1,gmm_T1c,small,4,427,4541,0.0,0.0,10.634660421545668,,False,1,1,0.0,0.0,1.0,1.0,0.0,0.0,0.0,0.0,0.0
BraTS-GLI-02061-100,1,gmm_T1c,small,5,427,4541,0.0,0.0,10.634660421545668,,False,1,1,0.0,0.0,1.0,1.0,0.0,0.0,0.0,0.0,0.0
BraTS-GLI-02061-100,1,sustraccion,small,0,427,0,0.0,0.0,0.0,,False,1,0,0.0,0.0,1.0,0.0,0.0,0.0,0.0,0.0,0.0
BraTS-GLI-02061-100,1,sustraccion,small,1,427,65743,0.0089768777391567,0.004508675785223,153.96487119437938,,True,1,1,1.0,1.0,0.0,0.0,0.0089768776670098,0.0089768776670098,0.0089768776670098,1.0,0.0
BraTS-GLI-02061-100,1,sustraccion,small,2,427,66305,0.0089012767487861,0.0044705351095055,155.28103044496487,,True,1,2,1.0,1.0,0.0,1.0,0.0089768776670098,0.0044884388335049,0.0089768776670098,1.0,0.0
BraTS-GLI-02061-100,1,sustraccion,small,3,427,66698,0.0088491620111731,0.0044442449272759,156.20140515222482,,True,1,3,1.0,1.0,0.0,2.0,0.0089768776670098,0.0029922926332801,0.0089768776670098,1.0,0.0
BraTS-GLI-02061-100,1,sustraccion,small,4,427,67036,0.0088048263492581,0.0044218801179168,156.9929742388759,,True,1,4,1.0,1.0,0.0,3.0,0.0089768776670098,0.0022442194167524,0.0089768776670098,1.0,0.0
BraTS-GLI-02061-100,1,sustraccion,small,5,427,67143,0.0087908835281929,0.0044148469668366,157.24355971896955,,True,1,5,1.0,1.0,0.0,4.0,0.0089768776670098,0.0017953754868358,0.0089768776670098,1.0,0.0
BraTS-GLI-02061-100,1,gmm_2d,small,0,427,0,0.0,0.0,0.0,,False,1,0,0.0,0.0,1.0,0.0,0.0,0.0,0.0,0.0,0.0
BraTS-GLI-02061-100,1,gmm_2d,small,1,427,80588,0.0063445041041782,0.0031823472597142,188.73067915690868,,True,1,1,1.0,1.0,0.0,0.0,0.0063445041887462,0.0063445041887462,0.0063445041887462,1.0,0.0
BraTS-GLI-02061-100,1,gmm_2d,small,2,427,83795,0.0061029184773574,0.0030607991424998,196.24121779859485,,True,1,2,1.0,1.0,0.0,1.0,0.0063445041887462,0.0031722520943731,0.0063445041887462,1.0,0.0
BraTS-GLI-02061-100,1,gmm_2d,small,3,427,86152,0.00593677450652,0.0029772248094344,201.76112412177983,,True,1,3,1.0,1.0,0.0,2.0,0.0063445041887462,0.002114834729582,0.0063445041887462,1.0,0.0
BraTS-GLI-02061-100,1,gmm_2d,small,4,427,87319,0.0058578168805415,0.0029375121443838,204.49414519906324,,True,1,4,1.0,1.0,0.0,3.0,0.0063445041887462,0.0015861260471865,0.0063445041887462,1.0,0.0
BraTS-GLI-02061-100,1,gmm_2d,small,5,427,87676,0.0064697002372223,0.0032453483340545,205.3302107728337,,True,1,5,1.0,1.0,0.0,4.0,0.0714285746216774,0.0142857152968645,0.0714285746216774,1.0,0.0
BraTS-GLI-02061-100,1,variational_spline,small,0,427,0,0.0,0.0,0.0,,False,1,0,0.0,0.0,1.0,0.0,0.0,0.0,0.0,0.0,0.0
BraTS-GLI-02061-100,1,variational_spline,small,1,427,4541,0.0,0.0,10.634660421545668,,False,1,1,0.0,0.0,1.0,1.0,0.0,0.0,0.0,0.0,0.0
BraTS-GLI-02061-100,1,variational_spline,small,2,427,4541,0.0,0.0,10.634660421545668,,False,1,1,0.0,0.0,1.0,1.0,0.0,0.0,0.0,0.0,0.0
BraTS-GLI-02061-100,1,variational_spline,small,3,427,4541,0.0,0.0,10.634660421545668,,False,1,1,0.0,0.0,1.0,1.0,0.0,0.0,0.0,0.0,0.0
BraTS-GLI-02061-100,1,variational_spline,small,4,427,4541,0.0,0.0,10.634660421545668,,False,1,1,0.0,0.0,1.0,1.0,0.0,0.0,0.0,0.0,0.0
BraTS-GLI-02061-100,1,variational_spline,small,5,427,4541,0.0,0.0,10.634660421545668,,False,1,1,0.0,0.0,1.0,1.0,0.0,0.0,0.0,0.0,0.0
BraTS-GLI-02086-100,0,otsu_T1c,large,0,26344,0,0.0,0.0,0.0,,False,2,0,0.0,0.0,2.0,0.0,0.0,0.0,0.0,0.0,0.0
BraTS-GLI-02086-100,0,otsu_T1c,large,1,26344,7548,0.4451788032574059,0.2863215424320631,0.2865168539325842,,False,2,1,1.0,1.0,1.0,0.0,0.4455205798149109,0.2227602899074554,0.2227602899074554,0.5,0.5
BraTS-GLI-02086-100,0,otsu_T1c,large,2,26344,7548,0.4451788032574059,0.2863215424320631,0.2865168539325842,,False,2,1,1.0,1.0,1.0,0.0,0.4455205798149109,0.2227602899074554,0.2227602899074554,0.5,0.5
BraTS-GLI-02086-100,0,otsu_T1c,large,3,26344,7548,0.4451788032574059,0.2863215424320631,0.2865168539325842,,False,2,1,1.0,1.0,1.0,0.0,0.4455205798149109,0.2227602899074554,0.2227602899074554,0.5,0.5
BraTS-GLI-02086-100,0,otsu_T1c,large,4,26344,7548,0.4451788032574059,0.2863215424320631,0.2865168539325842,,False,2,1,1.0,1.0,1.0,0.0,0.4455205798149109,0.2227602899074554,0.2227602899074554,0.5,0.5
BraTS-GLI-02086-100,0,otsu_T1c,large,5,26344,7548,0.4451788032574059,0.2863215424320631,0.2865168539325842,,False,2,1,1.0,1.0,1.0,0.0,0.4455205798149109,0.2227602899074554,0.2227602899074554,0.5,0.5
BraTS-GLI-02086-100,0,gmm_T1c,large,0,26344,0,0.0,0.0,0.0,,False,2,0,0.0,0.0,2.0,0.0,0.0,0.0,0.0,0.0,0.0
BraTS-GLI-02086-100,0,gmm_T1c,large,1,26344,8476,0.4862148190695003,0.3211914247770821,0.3217430914060127,,False,2,1,1.0,1.0,1.0,0.0,0.4865781366825104,0.2432890683412552,0.2432890683412552,0.5,0.5
BraTS-GLI-02086-100,0,gmm_T1c,large,2,26344,8476,0.4862148190695003,0.3211914247770821,0.3217430914060127,,False,2,1,1.0,1.0,1.0,0.0,0.4865781366825104,0.2432890683412552,0.2432890683412552,0.5,0.5
BraTS-GLI-02086-100,0,gmm_T1c,large,3,26344,8476,0.4862148190695003,0.3211914247770821,0.3217430914060127,,False,2,1,1.0,1.0,1.0,0.0,0.4865781366825104,0.2432890683412552,0.2432890683412552,0.5,0.5
BraTS-GLI-02086-100,0,gmm_T1c,large,4,26344,8476,0.4862148190695003,0.3211914247770821,0.3217430914060127,,False,2,1,1.0,1.0,1.0,0.0,0.4865781366825104,0.2432890683412552,0.2432890683412552,0.5,0.5
BraTS-GLI-02086-100,0,gmm_T1c,large,5,26344,8476,0.4862148190695003,0.3211914247770821,0.3217430914060127,,False,2,1,1.0,1.0,1.0,0.0,0.4865781366825104,0.2432890683412552,0.2432890683412552,0.5,0.5
BraTS-GLI-02086-100,0,sustraccion,large,0,26344,0,0.0,0.0,0.0,,False,2,0,0.0,0.0,2.0,0.0,0.0,0.0,0.0,0.0,0.0
BraTS-GLI-02086-100,0,sustraccion,large,1,26344,69276,0.4722443003555741,0.3091098272226938,2.6296689948375342,,True,2,1,1.0,1.0,1.0,0.0,0.4723727405071258,0.2361863702535629,0.2361863702535629,0.5,0.5
BraTS-GLI-02086-100,0,sustraccion,large,2,26344,70289,0.4672937816273944,0.3048815069880494,2.6681217734588523,,True,2,2,1.0,1.0,1.0,1.0,0.4723727405071258,0.1574575752019882,0.2361863702535629,0.5,0.5
BraTS-GLI-02086-100,0,sustraccion,large,3,26344,71181,0.4630197385285824,0.3012528853723298,2.70198147585788,,True,2,3,1.0,1.0,1.0,2.0,0.4723727405071258,0.1180931851267814,0.2361863702535629,0.5,0.5
BraTS-GLI-02086-100,0,sustraccion,large,4,26344,71233,0.4627729895364686,0.3010440139201856,2.7039553598542363,,True,2,4,1.0,1.0,1.0,3.0,0.4723727405071258,0.094474546611309,0.2361863702535629,0.5,0.5
BraTS-GLI-02086-100,0,sustraccion,large,5,26344,71271,0.4625928392152845,0.3008915601636526,2.7053978135438808,,True,2,5,1.0,1.0,1.0,4.0,0.4723727405071258,0.0787287876009941,0.2361863702535629,0.5,0.5
BraTS-GLI-02086-100,0,gmm_2d,large,0,26344,0,0.0,0.0,0.0,,False,2,0,0.0,0.0,2.0,0.0,0.0,0.0,0.0,0.0,0.0
BraTS-GLI-02086-100,0,gmm_2d,large,1,26344,111748,0.3529096544332764,0.2142624752692899,4.241876708168843,,True,2,1,1.0,1.0,1.0,0.0,0.3529761135578155,0.1764880567789077,0.1764880567789077,0.5,0.5
BraTS-GLI-02086-100,0,gmm_2d,large,2,26344,113868,0.347573674150572,0.2103414044628598,4.322350440327968,,True,2,2,1.0,1.0,1.0,1.0,0.3529761135578155,0.1176587045192718,0.1764880567789077,0.5,0.5
BraTS-GLI-02086-100,0,gmm_2d,large,3,26344,113966,0.3473309101275746,0.2101636148797253,4.326070452474947,,True,2,3,1.0,1.0,1.0,2.0,0.3529761135578155,0.0882440283894538,0.1764880567789077,0.5,0.5
BraTS-GLI-02086-100,0,gmm_2d,large,4,26344,114060,0.3470983732657189,0.2099933641855615,4.329638627391437,,True,2,4,1.0,1.0,1.0,3.0,0.3529761135578155,0.0705952197313308,0.1764880567789077,0.5,0.5
BraTS-GLI-02086-100,0,gmm_2d,large,5,26344,114141,0.3468982453642737,0.2098468798980347,4.332713331308837,,True,2,5,1.0,1.0,1.0,4.0,0.3529761135578155,0.0588293522596359,0.1764880567789077,0.5,0.5
BraTS-GLI-02086-100,0,variational_spline,large,0,26344,0,0.0,0.0,0.0,,False,2,0,0.0,0.0,2.0,0.0,0.0,0.0,0.0,0.0,0.0
BraTS-GLI-02086-100,0,variational_spline,large,1,26344,8555,0.4643112983180034,0.3023472776803373,0.3247418767081688,,False,2,1,1.0,1.0,1.0,0.0,0.4646574854850769,0.2323287427425384,0.2323287427425384,0.5,0.5
BraTS-GLI-02086-100,0,variational_spline,large,2,26344,8555,0.4643112983180034,0.3023472776803373,0.3247418767081688,,False,2,1,1.0,1.0,1.0,0.0,0.4646574854850769,0.2323287427425384,0.2323287427425384,0.5,0.5
BraTS-GLI-02086-100,0,variational_spline,large,3,26344,8555,0.4643112983180034,0.3023472776803373,0.3247418767081688,,False,2,1,1.0,1.0,1.0,0.0,0.4646574854850769,0.2323287427425384,0.2323287427425384,0.5,0.5
BraTS-GLI-02086-100,0,variational_spline,large,4,26344,8555,0.4643112983180034,0.3023472776803373,0.3247418767081688,,False,2,1,1.0,1.0,1.0,0.0,0.4646574854850769,0.2323287427425384,0.2323287427425384,0.5,0.5
BraTS-GLI-02086-100,0,variational_spline,large,5,26344,8555,0.4643112983180034,0.3023472776803373,0.3247418767081688,,False,2,1,1.0,1.0,1.0,0.0,0.4646574854850769,0.2323287427425384,0.2323287427425384,0.5,0.5
BraTS-GLI-02093-106,1,otsu_T1c,small,0,1054,0,0.0,0.0,0.0,,False,5,0,0.0,0.0,5.0,0.0,0.0,0.0,0.0,0.0,0.0
BraTS-GLI-02093-106,1,otsu_T1c,small,1,1054,833819,0.0002898644464487,0.0001449532316184,791.0996204933587,,True,5,1,1.0,1.0,4.0,0.0,0.000242222493398,4.844449722440913e-05,0.0,0.2,0.0
BraTS-GLI-02093-106,1,otsu_T1c,small,2,1054,833819,0.0002898644464487,0.0001449532316184,791.0996204933587,,True,5,1,1.0,1.0,4.0,0.0,0.000242222493398,4.844449722440913e-05,0.0,0.2,0.0
BraTS-GLI-02093-106,1,otsu_T1c,small,3,1054,833819,0.0002898644464487,0.0001449532316184,791.0996204933587,,True,5,1,1.0,1.0,4.0,0.0,0.000242222493398,4.844449722440913e-05,0.0,0.2,0.0
BraTS-GLI-02093-106,1,otsu_T1c,small,4,1054,833819,0.0002898644464487,0.0001449532316184,791.0996204933587,,True,5,1,1.0,1.0,4.0,0.0,0.000242222493398,4.844449722440913e-05,0.0,0.2,0.0
BraTS-GLI-02093-106,1,otsu_T1c,small,5,1054,833819,0.0002898644464487,0.0001449532316184,791.0996204933587,,True,5,1,1.0,1.0,4.0,0.0,0.000242222493398,4.844449722440913e-05,0.0,0.2,0.0
BraTS-GLI-02093-106,1,gmm_T1c,small,0,1054,0,0.0,0.0,0.0,,False,5,0,0.0,0.0,5.0,0.0,0.0,0.0,0.0,0.0,0.0
BraTS-GLI-02093-106,1,gmm_T1c,small,1,1054,1038035,0.0,0.0,984.8529411764706,,True,5,1,0.0,0.0,5.0,1.0,0.0,0.0,0.0,0.0,0.0
BraTS-GLI-02093-106,1,gmm_T1c,small,2,1054,1038035,0.0,0.0,984.8529411764706,,True,5,1,0.0,0.0,5.0,1.0,0.0,0.0,0.0,0.0,0.0
BraTS-GLI-02093-106,1,gmm_T1c,small,3,1054,1038035,0.0,0.0,984.8529411764706,,True,5,1,0.0,0.0,5.0,1.0,0.0,0.0,0.0,0.0,0.0
BraTS-GLI-02093-106,1,gmm_T1c,small,4,1054,1038035,0.0,0.0,984.8529411764706,,True,5,1,0.0,0.0,5.0,1.0,0.0,0.0,0.0,0.0,0.0
BraTS-GLI-02093-106,1,gmm_T1c,small,5,1054,1038035,0.0,0.0,984.8529411764706,,True,5,1,0.0,0.0,5.0,1.0,0.0,0.0,0.0,0.0,0.0
BraTS-GLI-02093-106,1,sustraccion,small,0,1054,0,0.0,0.0,0.0,,False,5,0,0.0,0.0,5.0,0.0,0.0,0.0,0.0,0.0,0.0
BraTS-GLI-02093-106,1,sustraccion,small,1,1054,59766,0.0,0.0,56.703984819734345,,True,5,1,0.0,0.0,5.0,1.0,0.0,0.0,0.0,0.0,0.0
BraTS-GLI-02093-106,1,sustraccion,small,2,1054,66791,0.0286830274891296,0.014550185428879,63.36907020872865,,True,5,2,1.0,1.0,4.0,1.0,0.1787091791629791,0.0297848638147115,0.0,0.2,0.2
BraTS-GLI-02093-106,1,sustraccion,small,3,1054,69273,0.0276707381233381,0.0140294719843123,65.72390891840607,,True,5,3,1.0,1.0,4.0,2.0,0.1787091791629791,0.0255298819392919,0.0,0.2,0.2
BraTS-GLI-02093-106,1,sustraccion,small,4,1054,70527,0.0271859851077799,0.0137803081803761,66.91366223908918,,True,5,4,1.0,1.0,4.0,3.0,0.1787091791629791,0.0223386473953723,0.0,0.2,0.2
BraTS-GLI-02093-106,1,sustraccion,small,5,1054,71717,0.0267414217201907,0.0135519095239421,68.0426944971537,,True,5,5,1.0,1.0,4.0,4.0,0.1787091791629791,0.0198565758764743,0.0,0.2,0.2
BraTS-GLI-02093-106,1,gmm_2d,small,0,1054,0,0.0,0.0,0.0,,False,5,0,0.0,0.0,5.0,0.0,0.0,0.0,0.0,0.0,0.0
BraTS-GLI-02093-106,1,gmm_2d,small,1,1054,69940,0.0,0.0,66.35673624288425,,True,5,1,0.0,0.0,5.0,1.0,0.0,0.0,0.0,0.0,0.0
BraTS-GLI-02093-106,1,gmm_2d,small,2,1054,74482,0.0150127091717856,0.007563126092118,70.66603415559773,,True,5,2,1.0,1.0,4.0,1.0,0.1624173820018768,0.0270695630460977,0.0,0.2,0.2
BraTS-GLI-02093-106,1,gmm_2d,small,3,1054,77455,0.018978715816021,0.0095802685047065,73.48671726755218,,True,5,3,2.0,2.0,3.0,1.0,0.248342365026474,0.0413903929293155,0.0,0.4,0.2
BraTS-GLI-02093-106,1,gmm_2d,small,4,1054,79800,0.018428278130952,0.0092998289830106,75.71157495256168,,True,5,4,2.0,2.0,3.0,2.0,0.248342365026474,0.0354774817824363,0.0,0.4,0.2
BraTS-GLI-02093-106,1,gmm_2d,small,5,1054,81764,0.0179912579390953,0.0090772848561646,77.57495256166983,,True,5,5,2.0,2.0,3.0,3.0,0.248342365026474,0.0310427956283092,0.0,0.4,0.2
BraTS-GLI-02093-106,1,variational_spline,small,0,1054,0,0.0,0.0,0.0,,False,5,0,0.0,0.0,5.0,0.0,0.0,0.0,0.0,0.0,0.0
BraTS-GLI-02093-106,1,variational_spline,small,1,1054,224020,0.0093658085785119,0.0047049370591911,212.5426944971537,,True,5,1,1.0,1.0,4.0,0.0,0.0067000929266214,0.0013400185853242,0.0,0.2,0.0
BraTS-GLI-02093-106,1,variational_spline,small,2,1054,224020,0.0093658085785119,0.0047049370591911,212.5426944971537,,True,5,1,1.0,1.0,4.0,0.0,0.0067000929266214,0.0013400185853242,0.0,0.2,0.0
BraTS-GLI-02093-106,1,variational_spline,small,3,1054,224020,0.0093658085785119,0.0047049370591911,212.5426944971537,,True,5,1,1.0,1.0,4.0,0.0,0.0067000929266214,0.0013400185853242,0.0,0.2,0.0
BraTS-GLI-02093-106,1,variational_spline,small,4,1054,224020,0.0093658085785119,0.0047049370591911,212.5426944971537,,True,5,1,1.0,1.0,4.0,0.0,0.0067000929266214,0.0013400185853242,0.0,0.2,0.0
BraTS-GLI-02093-106,1,variational_spline,small,5,1054,224020,0.0093658085785119,0.0047049370591911,212.5426944971537,,True,5,1,1.0,1.0,4.0,0.0,0.0067000929266214,0.0013400185853242,0.0,0.2,0.0
BraTS-GLI-02101-101,1,otsu_T1c,medium,0,4365,0,0.0,0.0,0.0,,False,2,0,0.0,0.0,2.0,0.0,0.0,0.0,0.0,0.0,0.0
BraTS-GLI-02101-101,1,otsu_T1c,medium,1,4365,623713,0.0096293772429539,0.0048379819983553,142.88957617411225,,True,2,1,1.0,1.0,1.0,0.0,0.0096377404406666,0.0048188702203333,0.0048188702203333,0.5,0.0
BraTS-GLI-02101-101,1,otsu_T1c,medium,2,4365,623713,0.0096293772429539,0.0048379819983553,142.88957617411225,,True,2,1,1.0,1.0,1.0,0.0,0.0096377404406666,0.0048188702203333,0.0048188702203333,0.5,0.0
BraTS-GLI-02101-101,1,otsu_T1c,medium,3,4365,623713,0.0096293772429539,0.0048379819983553,142.88957617411225,,True,2,1,1.0,1.0,1.0,0.0,0.0096377404406666,0.0048188702203333,0.0048188702203333,0.5,0.0
BraTS-GLI-02101-101,1,otsu_T1c,medium,4,4365,623713,0.0096293772429539,0.0048379819983553,142.88957617411225,,True,2,1,1.0,1.0,1.0,0.0,0.0096377404406666,0.0048188702203333,0.0048188702203333,0.5,0.0
BraTS-GLI-02101-101,1,otsu_T1c,medium,5,4365,623713,0.0096293772429539,0.0048379819983553,142.88957617411225,,True,2,1,1.0,1.0,1.0,0.0,0.0096377404406666,0.0048188702203333,0.0048188702203333,0.5,0.0
BraTS-GLI-02101-101,1,gmm_T1c,medium,0,4365,0,0.0,0.0,0.0,,False,2,0,0.0,0.0,2.0,0.0,0.0,0.0,0.0,0.0,0.0
BraTS-GLI-02101-101,1,gmm_T1c,medium,1,4365,917639,0.0049934707441616,0.0025029846624232,210.2265750286369,,True,2,1,1.0,1.0,1.0,0.0,0.0049942536279559,0.0024971268139779,0.0024971268139779,0.5,0.0
BraTS-GLI-02101-101,1,gmm_T1c,medium,2,4365,917639,0.0049934707441616,0.0025029846624232,210.2265750286369,,True,2,1,1.0,1.0,1.0,0.0,0.0049942536279559,0.0024971268139779,0.0024971268139779,0.5,0.0
BraTS-GLI-02101-101,1,gmm_T1c,medium,3,4365,917639,0.0049934707441616,0.0025029846624232,210.2265750286369,,True,2,1,1.0,1.0,1.0,0.0,0.0049942536279559,0.0024971268139779,0.0024971268139779,0.5,0.0
BraTS-GLI-02101-101,1,gmm_T1c,medium,4,4365,917639,0.0049934707441616,0.0025029846624232,210.2265750286369,,True,2,1,1.0,1.0,1.0,0.0,0.0049942536279559,0.0024971268139779,0.0024971268139779,0.5,0.0
BraTS-GLI-02101-101,1,gmm_T1c,medium,5,4365,917639,0.0049934707441616,0.0025029846624232,210.2265750286369,,True,2,1,1.0,1.0,1.0,0.0,0.0049942536279559,0.0024971268139779,0.0024971268139779,0.5,0.0
BraTS-GLI-02101-101,1,sustraccion,medium,0,4365,0,0.0,0.0,0.0,,False,2,0,0.0,0.0,2.0,0.0,0.0,0.0,0.0,0.0,0.0
BraTS-GLI-02101-101,1,sustraccion,medium,1,4365,49041,0.1335055986218777,0.0715274573142593,11.235051546391752,,True,2,1,1.0,1.0,1.0,0.0,0.1348820477724075,0.0674410238862037,0.0674410238862037,0.5,0.5
BraTS-GLI-02101-101,1,sustraccion,medium,2,4365,49593,0.1321398124467178,0.0707439525330899,11.36151202749141,,True,2,2,1.0,1.0,1.0,1.0,0.1348820477724075,0.044960681349039,0.0674410238862037,0.5,0.5
BraTS-GLI-02101-101,1,sustraccion,medium,3,4365,50009,0.1311288483466362,0.0701647345942648,11.456815578465063,,True,2,3,1.0,1.0,1.0,2.0,0.1348820477724075,0.0337205119431018,0.0674410238862037,0.5,0.5
BraTS-GLI-02101-101,1,sustraccion,medium,4,4365,50259,0.13052870533099,0.0698211872539611,11.514089347079038,,True,2,4,1.0,1.0,1.0,3.0,0.1348820477724075,0.0269764102995395,0.0674410238862037,0.5,0.5
BraTS-GLI-02101-101,1,sustraccion,medium,5,4365,50303,0.1304236482037023,0.0697610707786235,11.524169530355096,,True,2,5,1.0,1.0,1.0,4.0,0.1348820477724075,0.0224803406745195,0.0674410238862037,0.5,0.5
BraTS-GLI-02101-101,1,gmm_2d,medium,0,4365,0,0.0,0.0,0.0,,False,2,0,0.0,0.0,2.0,0.0,0.0,0.0,0.0,0.0,0.0
BraTS-GLI-02101-101,1,gmm_2d,medium,1,4365,63147,0.1058182249081644,0.0558648733187363,14.466666666666669,,True,2,1,1.0,1.0,1.0,0.0,0.1066794097423553,0.0533397048711776,0.0533397048711776,0.5,0.5
BraTS-GLI-02101-101,1,gmm_2d,medium,2,4365,64830,0.1032444540790519,0.0544321350745927,14.852233676975946,,True,2,2,1.0,1.0,1.0,1.0,0.1066794097423553,0.0355598032474517,0.0533397048711776,0.5,0.5
BraTS-GLI-02101-101,1,gmm_2d,medium,3,4365,65552,0.1021782971237324,0.0538397769236566,15.017640320733104,,True,2,3,1.0,1.0,1.0,2.0,0.1066794097423553,0.0266698524355888,0.0533397048711776,0.5,0.5
BraTS-GLI-02101-101,1,gmm_2d,medium,4,4365,66261,0.1011525500523886,0.0532704984042711,15.180068728522336,,True,2,4,1.0,1.0,1.0,3.0,0.1066794097423553,0.021335881203413,0.0533397048711776,0.5,0.5
BraTS-GLI-02101-101,1,gmm_2d,medium,5,4365,66337,0.1010438177137846,0.0532101891851631,15.197479954180984,,True,2,5,1.0,1.0,1.0,4.0,0.1066794097423553,0.0177799016237258,0.0533397048711776,0.5,0.5
BraTS-GLI-02101-101,1,variational_spline,medium,0,4365,0,0.0,0.0,0.0,,False,2,0,0.0,0.0,2.0,0.0,0.0,0.0,0.0,0.0,0.0
BraTS-GLI-02101-101,1,variational_spline,medium,1,4365,146428,0.0505991657437679,0.0259562655635537,33.54593356242841,,True,2,1,1.0,1.0,1.0,0.0,0.0507693961262702,0.0253846980631351,0.0253846980631351,0.5,0.0
BraTS-GLI-02101-101,1,variational_spline,medium,2,4365,146428,0.0505991657437679,0.0259562655635537,33.54593356242841,,True,2,1,1.0,1.0,1.0,0.0,0.0507693961262702,0.0253846980631351,0.0253846980631351,0.5,0.0
BraTS-GLI-02101-101,1,variational_spline,medium,3,4365,146428,0.0505991657437679,0.0259562655635537,33.54593356242841,,True,2,1,1.0,1.0,1.0,0.0,0.0507693961262702,0.0253846980631351,0.0253846980631351,0.5,0.0
BraTS-GLI-02101-101,1,variational_spline,medium,4,4365,146428,0.0505991657437679,0.0259562655635537,33.54593356242841,,True,2,1,1.0,1.0,1.0,0.0,0.0507693961262702,0.0253846980631351,0.0253846980631351,0.5,0.0
BraTS-GLI-02101-101,1,variational_spline,medium,5,4365,146428,0.0505991657437679,0.0259562655635537,33.54593356242841,,True,2,1,1.0,1.0,1.0,0.0,0.0507693961262702,0.0253846980631351,0.0253846980631351,0.5,0.0
BraTS-GLI-02123-101,3,otsu_T1c,small,0,507,0,0.0,0.0,0.0,,False,2,0,0.0,0.0,2.0,0.0,0.0,0.0,0.0,0.0,0.0
BraTS-GLI-02123-101,3,otsu_T1c,small,1,507,5671,0.0,0.0,11.185404339250493,,False,2,1,0.0,0.0,2.0,1.0,0.0,0.0,0.0,0.0,0.0
BraTS-GLI-02123-101,3,otsu_T1c,small,2,507,5671,0.0,0.0,11.185404339250493,,False,2,1,0.0,0.0,2.0,1.0,0.0,0.0,0.0,0.0,0.0
BraTS-GLI-02123-101,3,otsu_T1c,small,3,507,5671,0.0,0.0,11.185404339250493,,False,2,1,0.0,0.0,2.0,1.0,0.0,0.0,0.0,0.0,0.0
BraTS-GLI-02123-101,3,otsu_T1c,small,4,507,5671,0.0,0.0,11.185404339250493,,False,2,1,0.0,0.0,2.0,1.0,0.0,0.0,0.0,0.0,0.0
BraTS-GLI-02123-101,3,otsu_T1c,small,5,507,5671,0.0,0.0,11.185404339250493,,False,2,1,0.0,0.0,2.0,1.0,0.0,0.0,0.0,0.0,0.0
BraTS-GLI-02123-101,3,gmm_T1c,small,0,507,0,0.0,0.0,0.0,,False,2,0,0.0,0.0,2.0,0.0,0.0,0.0,0.0,0.0,0.0
BraTS-GLI-02123-101,3,gmm_T1c,small,1,507,955707,0.0008972886822405,0.0004488457132095,1885.0236686390533,,True,2,1,1.0,1.0,1.0,0.0,0.0008973553194664,0.0004486776597332,0.0004486776597332,0.5,0.0
BraTS-GLI-02123-101,3,gmm_T1c,small,2,507,955707,0.0008972886822405,0.0004488457132095,1885.0236686390533,,True,2,1,1.0,1.0,1.0,0.0,0.0008973553194664,0.0004486776597332,0.0004486776597332,0.5,0.0
BraTS-GLI-02123-101,3,gmm_T1c,small,3,507,955707,0.0008972886822405,0.0004488457132095,1885.0236686390533,,True,2,1,1.0,1.0,1.0,0.0,0.0008973553194664,0.0004486776597332,0.0004486776597332,0.5,0.0
BraTS-GLI-02123-101,3,gmm_T1c,small,4,507,955707,0.0008972886822405,0.0004488457132095,1885.0236686390533,,True,2,1,1.0,1.0,1.0,0.0,0.0008973553194664,0.0004486776597332,0.0004486776597332,0.5,0.0
BraTS-GLI-02123-101,3,gmm_T1c,small,5,507,955707,0.0008972886822405,0.0004488457132095,1885.0236686390533,,True,2,1,1.0,1.0,1.0,0.0,0.0008973553194664,0.0004486776597332,0.0004486776597332,0.5,0.0
BraTS-GLI-02123-101,3,sustraccion,small,0,507,0,0.0,0.0,0.0,,False,2,0,0.0,0.0,2.0,0.0,0.0,0.0,0.0,0.0,0.0
BraTS-GLI-02123-101,3,sustraccion,small,1,507,58412,0.0,0.0,115.21104536489152,,True,2,1,0.0,0.0,2.0,1.0,0.0,0.0,0.0,0.0,0.0
BraTS-GLI-02123-101,3,sustraccion,small,2,507,58795,0.0,0.0,115.96646942800788,,True,2,2,0.0,0.0,2.0,2.0,0.0,0.0,0.0,0.0,0.0
BraTS-GLI-02123-101,3,sustraccion,small,3,507,59133,0.0,0.0,116.63313609467455,,True,2,3,0.0,0.0,2.0,3.0,0.0,0.0,0.0,0.0,0.0
BraTS-GLI-02123-101,3,sustraccion,small,4,507,59198,0.0,0.0,116.76134122287968,,True,2,4,0.0,0.0,2.0,4.0,0.0,0.0,0.0,0.0,0.0
BraTS-GLI-02123-101,3,sustraccion,small,5,507,59221,0.0,0.0,116.80670611439842,,True,2,5,0.0,0.0,2.0,5.0,0.0,0.0,0.0,0.0,0.0
BraTS-GLI-02123-101,3,gmm_2d,small,0,507,0,0.0,0.0,0.0,,False,2,0,0.0,0.0,2.0,0.0,0.0,0.0,0.0,0.0,0.0
BraTS-GLI-02123-101,3,gmm_2d,small,1,507,85443,0.0,0.0,168.52662721893492,,True,2,1,0.0,0.0,2.0,1.0,0.0,0.0,0.0,0.0,0.0
BraTS-GLI-02123-101,3,gmm_2d,small,2,507,86685,0.0,0.0,170.97633136094674,,True,2,2,0.0,0.0,2.0,2.0,0.0,0.0,0.0,0.0,0.0
BraTS-GLI-02123-101,3,gmm_2d,small,3,507,87192,0.0,0.0,171.97633136094674,,True,2,3,0.0,0.0,2.0,3.0,0.0,0.0,0.0,0.0,0.0
BraTS-GLI-02123-101,3,gmm_2d,small,4,507,87256,0.0,0.0,172.10256410256412,,True,2,4,0.0,0.0,2.0,4.0,0.0,0.0,0.0,0.0,0.0
BraTS-GLI-02123-101,3,gmm_2d,small,5,507,87315,0.0,0.0,172.2189349112426,,True,2,5,0.0,0.0,2.0,5.0,0.0,0.0,0.0,0.0,0.0
BraTS-GLI-02123-101,3,variational_spline,small,0,507,0,0.0,0.0,0.0,,False,2,0,0.0,0.0,2.0,0.0,0.0,0.0,0.0,0.0,0.0
BraTS-GLI-02123-101,3,variational_spline,small,1,507,150956,0.0052818180017562,0.0026479018687567,297.7435897435897,,True,2,1,1.0,1.0,1.0,0.0,0.0052842949517071,0.0026421474758535,0.0026421474758535,0.5,0.0
BraTS-GLI-02123-101,3,variational_spline,small,2,507,150956,0.0052818180017562,0.0026479018687567,297.7435897435897,,True,2,1,1.0,1.0,1.0,0.0,0.0052842949517071,0.0026421474758535,0.0026421474758535,0.5,0.0
BraTS-GLI-02123-101,3,variational_spline,small,3,507,150956,0.0052818180017562,0.0026479018687567,297.7435897435897,,True,2,1,1.0,1.0,1.0,0.0,0.0052842949517071,0.0026421474758535,0.0026421474758535,0.5,0.0
BraTS-GLI-02123-101,3,variational_spline,small,4,507,150956,0.0052818180017562,0.0026479018687567,297.7435897435897,,True,2,1,1.0,1.0,1.0,0.0,0.0052842949517071,0.0026421474758535,0.0026421474758535,0.5,0.0
BraTS-GLI-02123-101,3,variational_spline,small,5,507,150956,0.0052818180017562,0.0026479018687567,297.7435897435897,,True,2,1,1.0,1.0,1.0,0.0,0.0052842949517071,0.0026421474758535,0.0026421474758535,0.5,0.0
BraTS-GLI-02137-100,0,otsu_T1c,medium,0,2862,0,0.0,0.0,0.0,,False,2,0,0.0,0.0,2.0,0.0,0.0,0.0,0.0,0.0,0.0
BraTS-GLI-02137-100,0,otsu_T1c,medium,1,2862,13096,0.0003759869657851,0.0001880288310874,4.575821104122991,,True,2,1,1.0,1.0,1.0,0.0,0.0004578055813908,0.0002289027906954,0.0002289027906954,0.5,0.0
BraTS-GLI-02137-100,0,otsu_T1c,medium,2,2862,13096,0.0003759869657851,0.0001880288310874,4.575821104122991,,True,2,1,1.0,1.0,1.0,0.0,0.0004578055813908,0.0002289027906954,0.0002289027906954,0.5,0.0
BraTS-GLI-02137-100,0,otsu_T1c,medium,3,2862,13096,0.0003759869657851,0.0001880288310874,4.575821104122991,,True,2,1,1.0,1.0,1.0,0.0,0.0004578055813908,0.0002289027906954,0.0002289027906954,0.5,0.0
BraTS-GLI-02137-100,0,otsu_T1c,medium,4,2862,13096,0.0003759869657851,0.0001880288310874,4.575821104122991,,True,2,1,1.0,1.0,1.0,0.0,0.0004578055813908,0.0002289027906954,0.0002289027906954,0.5,0.0
BraTS-GLI-02137-100,0,otsu_T1c,medium,5,2862,13096,0.0003759869657851,0.0001880288310874,4.575821104122991,,True,2,1,1.0,1.0,1.0,0.0,0.0004578055813908,0.0002289027906954,0.0002289027906954,0.5,0.0
BraTS-GLI-02137-100,0,gmm_T1c,medium,0,2862,0,0.0,0.0,0.0,,False,2,0,0.0,0.0,2.0,0.0,0.0,0.0,0.0,0.0,0.0
BraTS-GLI-02137-100,0,gmm_T1c,medium,1,2862,13510,0.0006107989249938,0.0003054927598215,4.720475192173305,,True,2,1,1.0,1.0,1.0,0.0,0.000739644980058,0.000369822490029,0.000369822490029,0.5,0.0
BraTS-GLI-02137-100,0,gmm_T1c,medium,2,2862,13510,0.0006107989249938,0.0003054927598215,4.720475192173305,,True,2,1,1.0,1.0,1.0,0.0,0.000739644980058,0.000369822490029,0.000369822490029,0.5,0.0
BraTS-GLI-02137-100,0,gmm_T1c,medium,3,2862,13510,0.0006107989249938,0.0003054927598215,4.720475192173305,,True,2,1,1.0,1.0,1.0,0.0,0.000739644980058,0.000369822490029,0.000369822490029,0.5,0.0
BraTS-GLI-02137-100,0,gmm_T1c,medium,4,2862,13510,0.0006107989249938,0.0003054927598215,4.720475192173305,,True,2,1,1.0,1.0,1.0,0.0,0.000739644980058,0.000369822490029,0.000369822490029,0.5,0.0
BraTS-GLI-02137-100,0,gmm_T1c,medium,5,2862,13510,0.0006107989249938,0.0003054927598215,4.720475192173305,,True,2,1,1.0,1.0,1.0,0.0,0.000739644980058,0.000369822490029,0.000369822490029,0.5,0.0
BraTS-GLI-02137-100,0,sustraccion,medium,0,2862,0,0.0,0.0,0.0,,False,2,0,0.0,0.0,2.0,0.0,0.0,0.0,0.0,0.0,0.0
BraTS-GLI-02137-100,0,sustraccion,medium,1,2862,89402,0.0307595595248417,0.0156200121085365,31.23759608665269,,True,2,1,1.0,1.0,1.0,0.0,0.0307688973844051,0.0153844486922025,0.0153844486922025,0.5,0.0
BraTS-GLI-02137-100,0,sustraccion,medium,2,2862,90216,0.0304905563076129,0.0154812947992013,31.52201257861635,,True,2,2,1.0,1.0,1.0,1.0,0.0307688973844051,0.0102562988176941,0.0153844486922025,0.5,0.0
BraTS-GLI-02137-100,0,sustraccion,medium,3,2862,90743,0.0303188932215159,0.0153927928318833,31.70614954577219,,True,2,3,1.0,1.0,1.0,2.0,0.0307688973844051,0.0076922243461012,0.0153844486922025,0.5,0.0
BraTS-GLI-02137-100,0,sustraccion,medium,4,2862,90948,0.0302526383114806,0.0153586388284573,31.77777777777778,,True,2,4,1.0,1.0,1.0,3.0,0.0307688973844051,0.0061537795700132,0.0153844486922025,0.5,0.0
BraTS-GLI-02137-100,0,sustraccion,medium,5,2862,91082,0.0302094865025972,0.0153363955687651,31.82459818308875,,True,2,5,1.0,1.0,1.0,4.0,0.0307688973844051,0.005128149408847,0.0153844486922025,0.5,0.0
BraTS-GLI-02137-100,0,gmm_2d,medium,0,2862,0,0.0,0.0,0.0,,False,2,0,0.0,0.0,2.0,0.0,0.0,0.0,0.0,0.0,0.0
BraTS-GLI-02137-100,0,gmm_2d,medium,1,2862,147374,0.0322692297452008,0.0163992098070522,51.49336128581412,,True,2,1,1.0,1.0,1.0,0.0,0.0319956317543983,0.0159978158771991,0.0159978158771991,0.5,0.0
BraTS-GLI-02137-100,0,gmm_2d,medium,2,2862,148450,0.0320397589087448,0.0162806942130997,51.86932215234102,,True,2,2,1.0,1.0,1.0,1.0,0.0319956317543983,0.0106652108952403,0.0159978158771991,0.5,0.0
BraTS-GLI-02137-100,0,gmm_2d,medium,3,2862,149407,0.0318383912680847,0.0161767159398044,52.2037037037037,,True,2,3,1.0,1.0,1.0,2.0,0.0319956317543983,0.0079989079385995,0.0159978158771991,0.5,0.0
BraTS-GLI-02137-100,0,gmm_2d,medium,4,2862,149451,0.031829193831124,0.0161719672557692,52.219077568134175,,True,2,4,1.0,1.0,1.0,3.0,0.0319956317543983,0.0063991262577474,0.0159978158771991,0.5,0.0
BraTS-GLI-02137-100,0,gmm_2d,medium,5,2862,149489,0.0318212548654094,0.0161678683626031,52.23235499650594,,True,2,5,1.0,1.0,1.0,4.0,0.0319956317543983,0.0053326054476201,0.0159978158771991,0.5,0.0
BraTS-GLI-02137-100,0,variational_spline,medium,0,2862,0,0.0,0.0,0.0,,False,2,0,0.0,0.0,2.0,0.0,0.0,0.0,0.0,0.0,0.0
BraTS-GLI-02137-100,0,variational_spline,medium,1,2862,13510,0.0006107989249938,0.0003054927598215,4.720475192173305,,True,2,1,1.0,1.0,1.0,0.0,0.000739644980058,0.000369822490029,0.000369822490029,0.5,0.0
BraTS-GLI-02137-100,0,variational_spline,medium,2,2862,13510,0.0006107989249938,0.0003054927598215,4.720475192173305,,True,2,1,1.0,1.0,1.0,0.0,0.000739644980058,0.000369822490029,0.000369822490029,0.5,0.0
BraTS-GLI-02137-100,0,variational_spline,medium,3,2862,13510,0.0006107989249938,0.0003054927598215,4.720475192173305,,True,2,1,1.0,1.0,1.0,0.0,0.000739644980058,0.000369822490029,0.000369822490029,0.5,0.0
BraTS-GLI-02137-100,0,variational_spline,medium,4,2862,13510,0.0006107989249938,0.0003054927598215,4.720475192173305,,True,2,1,1.0,1.0,1.0,0.0,0.000739644980058,0.000369822490029,0.000369822490029,0.5,0.0
BraTS-GLI-02137-100,0,variational_spline,medium,5,2862,13510,0.0006107989249938,0.0003054927598215,4.720475192173305,,True,2,1,1.0,1.0,1.0,0.0,0.000739644980058,0.000369822490029,0.000369822490029,0.5,0.0
BraTS-GLI-02139-103,4,otsu_T1c,small,0,1109,0,0.0,0.0,0.0,,False,2,0,0.0,0.0,2.0,0.0,0.0,0.0,0.0,0.0,0.0
BraTS-GLI-02139-103,4,otsu_T1c,small,1,1109,9833,0.0,0.0,8.866546438232643,,False,2,1,0.0,0.0,2.0,1.0,0.0,0.0,0.0,0.0,0.0
BraTS-GLI-02139-103,4,otsu_T1c,small,2,1109,9833,0.0,0.0,8.866546438232643,,False,2,1,0.0,0.0,2.0,1.0,0.0,0.0,0.0,0.0,0.0
BraTS-GLI-02139-103,4,otsu_T1c,small,3,1109,9833,0.0,0.0,8.866546438232643,,False,2,1,0.0,0.0,2.0,1.0,0.0,0.0,0.0,0.0,0.0
BraTS-GLI-02139-103,4,otsu_T1c,small,4,1109,9833,0.0,0.0,8.866546438232643,,False,2,1,0.0,0.0,2.0,1.0,0.0,0.0,0.0,0.0,0.0
BraTS-GLI-02139-103,4,otsu_T1c,small,5,1109,9833,0.0,0.0,8.866546438232643,,False,2,1,0.0,0.0,2.0,1.0,0.0,0.0,0.0,0.0,0.0
BraTS-GLI-02139-103,4,gmm_T1c,small,0,1109,0,0.0,0.0,0.0,,False,2,0,0.0,0.0,2.0,0.0,0.0,0.0,0.0,0.0,0.0
BraTS-GLI-02139-103,4,gmm_T1c,small,1,1109,12736,0.0,0.0,11.484220018034264,,True,2,1,0.0,0.0,2.0,1.0,0.0,0.0,0.0,0.0,0.0
BraTS-GLI-02139-103,4,gmm_T1c,small,2,1109,12736,0.0,0.0,11.484220018034264,,True,2,1,0.0,0.0,2.0,1.0,0.0,0.0,0.0,0.0,0.0
BraTS-GLI-02139-103,4,gmm_T1c,small,3,1109,12736,0.0,0.0,11.484220018034264,,True,2,1,0.0,0.0,2.0,1.0,0.0,0.0,0.0,0.0,0.0
BraTS-GLI-02139-103,4,gmm_T1c,small,4,1109,12736,0.0,0.0,11.484220018034264,,True,2,1,0.0,0.0,2.0,1.0,0.0,0.0,0.0,0.0,0.0
BraTS-GLI-02139-103,4,gmm_T1c,small,5,1109,12736,0.0,0.0,11.484220018034264,,True,2,1,0.0,0.0,2.0,1.0,0.0,0.0,0.0,0.0,0.0
BraTS-GLI-02139-103,4,sustraccion,small,0,1109,0,0.0,0.0,0.0,,False,2,0,0.0,0.0,2.0,0.0,0.0,0.0,0.0,0.0,0.0
BraTS-GLI-02139-103,4,sustraccion,small,1,1109,39796,0.0,0.0,35.88458070333634,,True,2,1,0.0,0.0,2.0,1.0,0.0,0.0,0.0,0.0,0.0
BraTS-GLI-02139-103,4,sustraccion,small,2,1109,42735,0.0440653225070705,0.0225290358692103,38.53471596032462,,True,2,2,1.0,1.0,1.0,1.0,0.2969956994056701,0.0989985689520835,0.148497849702835,0.5,0.5
BraTS-GLI-02139-103,4,sustraccion,small,3,1109,43265,0.0435390093297877,0.0222539624032436,39.01262398557259,,True,2,3,1.0,1.0,1.0,2.0,0.2969956994056701,0.0742489248514175,0.148497849702835,0.5,0.5
BraTS-GLI-02139-103,4,sustraccion,small,4,1109,43533,0.0432776309305138,0.0221174100192325,39.254283137962126,,True,2,4,1.0,1.0,1.0,3.0,0.2969956994056701,0.0593991391360759,0.148497849702835,0.5,0.5
BraTS-GLI-02139-103,4,sustraccion,small,5,1109,43694,0.0431221123585474,0.022036179483085,39.39945897204689,,True,2,5,1.0,1.0,1.0,4.0,0.2969956994056701,0.0494992844760417,0.148497849702835,0.5,0.5
BraTS-GLI-02139-103,4,gmm_2d,small,0,1109,0,0.0,0.0,0.0,,False,2,0,0.0,0.0,2.0,0.0,0.0,0.0,0.0,0.0,0.0
BraTS-GLI-02139-103,4,gmm_2d,small,1,1109,16333,0.0,0.0,14.727682596934176,,True,2,1,0.0,0.0,2.0,1.0,0.0,0.0,0.0,0.0,0.0
BraTS-GLI-02139-103,4,gmm_2d,small,2,1109,18060,0.0282748187177213,0.0143401418139485,16.284941388638412,,True,2,2,1.0,1.0,1.0,1.0,0.2382417619228363,0.0794139206409454,0.1191208809614181,0.5,0.5
BraTS-GLI-02139-103,4,gmm_2d,small,3,1109,19465,0.0263439292310683,0.0133477811160912,17.55184851217313,,True,2,3,1.0,1.0,1.0,2.0,0.2382417619228363,0.059560440480709,0.1191208809614181,0.5,0.5
BraTS-GLI-02139-103,4,gmm_2d,small,4,1109,19624,0.0261418993874499,0.0132440621640113,17.69522091974752,,True,2,4,1.0,1.0,1.0,3.0,0.2382417619228363,0.0476483516395092,0.1191208809614181,0.5,0.5
BraTS-GLI-02139-103,4,gmm_2d,small,5,1109,19756,0.0259765156961418,0.0131591725745362,17.81424706943192,,True,2,5,1.0,1.0,1.0,4.0,0.2382417619228363,0.0397069603204727,0.1191208809614181,0.5,0.5
BraTS-GLI-02139-103,4,variational_spline,small,0,1109,0,0.0,0.0,0.0,,False,2,0,0.0,0.0,2.0,0.0,0.0,0.0,0.0,0.0,0.0
BraTS-GLI-02139-103,4,variational_spline,small,1,1109,12736,0.0,0.0,11.484220018034264,,True,2,1,0.0,0.0,2.0,1.0,0.0,0.0,0.0,0.0,0.0
BraTS-GLI-02139-103,4,variational_spline,small,2,1109,12736,0.0,0.0,11.484220018034264,,True,2,1,0.0,0.0,2.0,1.0,0.0,0.0,0.0,0.0,0.0
BraTS-GLI-02139-103,4,variational_spline,small,3,1109,12736,0.0,0.0,11.484220018034264,,True,2,1,0.0,0.0,2.0,1.0,0.0,0.0,0.0,0.0,0.0
BraTS-GLI-02139-103,4,variational_spline,small,4,1109,12736,0.0,0.0,11.484220018034264,,True,2,1,0.0,0.0,2.0,1.0,0.0,0.0,0.0,0.0,0.0
BraTS-GLI-02139-103,4,variational_spline,small,5,1109,12736,0.0,0.0,11.484220018034264,,True,2,1,0.0,0.0,2.0,1.0,0.0,0.0,0.0,0.0,0.0
BraTS-GLI-02143-100,3,otsu_T1c,large,0,50441,0,0.0,0.0,0.0,,False,2,0,0.0,0.0,2.0,0.0,0.0,0.0,0.0,0.0,0.0
BraTS-GLI-02143-100,3,otsu_T1c,large,1,50441,23313,0.4101201290777449,0.2579566774688726,0.4621835411669078,,True,2,1,1.0,1.0,1.0,0.0,0.4101924300193786,0.2050962150096893,0.2050962150096893,0.5,0.5
BraTS-GLI-02143-100,3,otsu_T1c,large,2,50441,23313,0.4101201290777449,0.2579566774688726,0.4621835411669078,,True,2,1,1.0,1.0,1.0,0.0,0.4101924300193786,0.2050962150096893,0.2050962150096893,0.5,0.5
BraTS-GLI-02143-100,3,otsu_T1c,large,3,50441,23313,0.4101201290777449,0.2579566774688726,0.4621835411669078,,True,2,1,1.0,1.0,1.0,0.0,0.4101924300193786,0.2050962150096893,0.2050962150096893,0.5,0.5
BraTS-GLI-02143-100,3,otsu_T1c,large,4,50441,23313,0.4101201290777449,0.2579566774688726,0.4621835411669078,,True,2,1,1.0,1.0,1.0,0.0,0.4101924300193786,0.2050962150096893,0.2050962150096893,0.5,0.5
BraTS-GLI-02143-100,3,otsu_T1c,large,5,50441,23313,0.4101201290777449,0.2579566774688726,0.4621835411669078,,True,2,1,1.0,1.0,1.0,0.0,0.4101924300193786,0.2050962150096893,0.2050962150096893,0.5,0.5
BraTS-GLI-02143-100,3,gmm_T1c,large,0,50441,0,0.0,0.0,0.0,,False,2,0,0.0,0.0,2.0,0.0,0.0,0.0,0.0,0.0,0.0
BraTS-GLI-02143-100,3,gmm_T1c,large,1,50441,22358,0.3955274110908117,0.2465155302900585,0.443250530322555,,True,2,1,1.0,1.0,1.0,0.0,0.3955980539321899,0.1977990269660949,0.1977990269660949,0.5,0.5
BraTS-GLI-02143-100,3,gmm_T1c,large,2,50441,22358,0.3955274110908117,0.2465155302900585,0.443250530322555,,True,2,1,1.0,1.0,1.0,0.0,0.3955980539321899,0.1977990269660949,0.1977990269660949,0.5,0.5
BraTS-GLI-02143-100,3,gmm_T1c,large,3,50441,22358,0.3955274110908117,0.2465155302900585,0.443250530322555,,True,2,1,1.0,1.0,1.0,0.0,0.3955980539321899,0.1977990269660949,0.1977990269660949,0.5,0.5
BraTS-GLI-02143-100,3,gmm_T1c,large,4,50441,22358,0.3955274110908117,0.2465155302900585,0.443250530322555,,True,2,1,1.0,1.0,1.0,0.0,0.3955980539321899,0.1977990269660949,0.1977990269660949,0.5,0.5
BraTS-GLI-02143-100,3,gmm_T1c,large,5,50441,22358,0.3955274110908117,0.2465155302900585,0.443250530322555,,True,2,1,1.0,1.0,1.0,0.0,0.3955980539321899,0.1977990269660949,0.1977990269660949,0.5,0.5
BraTS-GLI-02143-100,3,sustraccion,large,0,50441,0,0.0,0.0,0.0,,False,2,0,0.0,0.0,2.0,0.0,0.0,0.0,0.0,0.0,0.0
BraTS-GLI-02143-100,3,sustraccion,large,1,50441,43816,0.6293431787559545,0.459154449897054,0.8686584326242541,,True,2,1,1.0,1.0,1.0,0.0,0.6294299960136414,0.3147149980068207,0.3147149980068207,0.5,0.5
BraTS-GLI-02143-100,3,sustraccion,large,2,50441,44602,0.6241385478151994,0.4536347368582047,0.8842409944291351,,True,2,2,1.0,1.0,1.0,1.0,0.6294299960136414,0.2098100036382675,0.3147149980068207,0.5,0.5
BraTS-GLI-02143-100,3,sustraccion,large,3,50441,44794,0.6228802436079173,0.452306519252764,0.888047421740251,,True,2,3,1.0,1.0,1.0,2.0,0.6294299960136414,0.1573574990034103,0.3147149980068207,0.5,0.5
BraTS-GLI-02143-100,3,sustraccion,large,4,50441,44866,0.6224096865917509,0.451810440690359,0.8894748319819195,,True,2,4,1.0,1.0,1.0,3.0,0.6294299960136414,0.1258859932422638,0.3147149980068207,0.5,0.5
BraTS-GLI-02143-100,3,sustraccion,large,5,50441,44926,0.6220180985036753,0.4513978723728065,0.8906643405166432,,True,2,5,1.0,1.0,1.0,4.0,0.6294299960136414,0.1049050018191337,0.3147149980068207,0.5,0.5
BraTS-GLI-02143-100,3,gmm_2d,large,0,50441,0,0.0,0.0,0.0,,False,2,0,0.0,0.0,2.0,0.0,0.0,0.0,0.0,0.0,0.0
BraTS-GLI-02143-100,3,gmm_2d,large,1,50441,1628,0.0,0.0,0.032275331575504,,False,2,1,0.0,0.0,2.0,1.0,0.0,0.0,0.0,0.0,0.0
BraTS-GLI-02143-100,3,gmm_2d,large,2,50441,3189,0.0,0.0,0.0632223786205666,,False,2,2,0.0,0.0,2.0,2.0,0.0,0.0,0.0,0.0,0.0
BraTS-GLI-02143-100,3,gmm_2d,large,3,50441,3391,0.0,0.0,0.0672270573541365,,False,2,3,0.0,0.0,2.0,3.0,0.0,0.0,0.0,0.0,0.0
BraTS-GLI-02143-100,3,gmm_2d,large,4,50441,3589,0.0,0.0,0.0711524355187248,,False,2,4,0.0,0.0,2.0,4.0,0.0,0.0,0.0,0.0,0.0
BraTS-GLI-02143-100,3,gmm_2d,large,5,50441,3636,0.0,0.0,0.0720842172042584,,False,2,5,0.0,0.0,2.0,5.0,0.0,0.0,0.0,0.0,0.0
BraTS-GLI-02143-100,3,variational_spline,large,0,50441,0,0.0,0.0,0.0,,False,2,0,0.0,0.0,2.0,0.0,0.0,0.0,0.0,0.0,0.0
BraTS-GLI-02143-100,3,variational_spline,large,1,50441,12548,0.370255123910524,0.2271859413965087,0.2487658848952241,,True,2,1,1.0,1.0,1.0,0.0,0.3703315556049347,0.1851657778024673,0.1851657778024673,0.5,0.5
BraTS-GLI-02143-100,3,variational_spline,large,2,50441,12548,0.370255123910524,0.2271859413965087,0.2487658848952241,,True,2,1,1.0,1.0,1.0,0.0,0.3703315556049347,0.1851657778024673,0.1851657778024673,0.5,0.5
BraTS-GLI-02143-100,3,variational_spline,large,3,50441,12548,0.370255123910524,0.2271859413965087,0.2487658848952241,,True,2,1,1.0,1.0,1.0,0.0,0.3703315556049347,0.1851657778024673,0.1851657778024673,0.5,0.5
BraTS-GLI-02143-100,3,variational_spline,large,4,50441,12548,0.370255123910524,0.2271859413965087,0.2487658848952241,,True,2,1,1.0,1.0,1.0,0.0,0.3703315556049347,0.1851657778024673,0.1851657778024673,0.5,0.5
BraTS-GLI-02143-100,3,variational_spline,large,5,50441,12548,0.370255123910524,0.2271859413965087,0.2487658848952241,,True,2,1,1.0,1.0,1.0,0.0,0.3703315556049347,0.1851657778024673,0.1851657778024673,0.5,0.5
BraTS-GLI-02143-101,2,otsu_T1c,large,0,96040,0,0.0,0.0,0.0,,False,2,0,0.0,0.0,2.0,0.0,0.0,0.0,0.0,0.0,0.0
BraTS-GLI-02143-101,2,otsu_T1c,large,1,96040,42725,0.5392426044031275,0.3691527463961875,0.4448667221990837,,True,2,1,1.0,1.0,1.0,0.0,0.5392969846725464,0.2696484923362732,0.2696484923362732,0.5,0.5
BraTS-GLI-02143-101,2,otsu_T1c,large,2,96040,42725,0.5392426044031275,0.3691527463961875,0.4448667221990837,,True,2,1,1.0,1.0,1.0,0.0,0.5392969846725464,0.2696484923362732,0.2696484923362732,0.5,0.5
BraTS-GLI-02143-101,2,otsu_T1c,large,3,96040,42725,0.5392426044031275,0.3691527463961875,0.4448667221990837,,True,2,1,1.0,1.0,1.0,0.0,0.5392969846725464,0.2696484923362732,0.2696484923362732,0.5,0.5
BraTS-GLI-02143-101,2,otsu_T1c,large,4,96040,42725,0.5392426044031275,0.3691527463961875,0.4448667221990837,,True,2,1,1.0,1.0,1.0,0.0,0.5392969846725464,0.2696484923362732,0.2696484923362732,0.5,0.5
BraTS-GLI-02143-101,2,otsu_T1c,large,5,96040,42725,0.5392426044031275,0.3691527463961875,0.4448667221990837,,True,2,1,1.0,1.0,1.0,0.0,0.5392969846725464,0.2696484923362732,0.2696484923362732,0.5,0.5
BraTS-GLI-02143-101,2,gmm_T1c,large,0,96040,0,0.0,0.0,0.0,,False,2,0,0.0,0.0,2.0,0.0,0.0,0.0,0.0,0.0,0.0
BraTS-GLI-02143-101,2,gmm_T1c,large,1,96040,59598,0.6171243526645164,0.4462616388202278,0.6205539358600584,,True,2,1,1.0,1.0,1.0,0.0,0.6171798706054688,0.3085899353027344,0.3085899353027344,0.5,0.5
BraTS-GLI-02143-101,2,gmm_T1c,large,2,96040,59598,0.6171243526645164,0.4462616388202278,0.6205539358600584,,True,2,1,1.0,1.0,1.0,0.0,0.6171798706054688,0.3085899353027344,0.3085899353027344,0.5,0.5
BraTS-GLI-02143-101,2,gmm_T1c,large,3,96040,59598,0.6171243526645164,0.4462616388202278,0.6205539358600584,,True,2,1,1.0,1.0,1.0,0.0,0.6171798706054688,0.3085899353027344,0.3085899353027344,0.5,0.5
BraTS-GLI-02143-101,2,gmm_T1c,large,4,96040,59598,0.6171243526645164,0.4462616388202278,0.6205539358600584,,True,2,1,1.0,1.0,1.0,0.0,0.6171798706054688,0.3085899353027344,0.3085899353027344,0.5,0.5
BraTS-GLI-02143-101,2,gmm_T1c,large,5,96040,59598,0.6171243526645164,0.4462616388202278,0.6205539358600584,,True,2,1,1.0,1.0,1.0,0.0,0.6171798706054688,0.3085899353027344,0.3085899353027344,0.5,0.5
BraTS-GLI-02143-101,2,sustraccion,large,0,96040,0,0.0,0.0,0.0,,False,2,0,0.0,0.0,2.0,0.0,0.0,0.0,0.0,0.0,0.0
BraTS-GLI-02143-101,2,sustraccion,large,1,96040,102113,0.8449430490580511,0.7315163536906125,1.0632340691378592,,True,2,1,1.0,1.0,1.0,0.0,0.8449320793151855,0.4224660396575928,0.4224660396575928,0.5,0.5
BraTS-GLI-02143-101,2,sustraccion,large,2,96040,103671,0.8383514177987191,0.7216910782175401,1.0794564764681382,,True,2,2,1.0,1.0,1.0,1.0,0.8449320793151855,0.2816440165042877,0.4224660396575928,0.5,0.5
BraTS-GLI-02143-101,2,sustraccion,large,3,96040,104551,0.8346735396902154,0.7162572619078176,1.088619325281133,,True,2,3,1.0,1.0,1.0,2.0,0.8449320793151855,0.2112330198287964,0.4224660396575928,0.5,0.5
BraTS-GLI-02143-101,2,sustraccion,large,4,96040,105137,0.8322422543332488,0.7126839941087831,1.0947209496043315,,True,2,4,1.0,1.0,1.0,3.0,0.8449320793151855,0.1689864099025726,0.4224660396575928,0.5,0.5
BraTS-GLI-02143-101,2,sustraccion,large,5,96040,105517,0.8306732090674102,0.7103858523628896,1.0986776343190336,,True,2,5,1.0,1.0,1.0,4.0,0.8449320793151855,0.1408220082521438,0.4224660396575928,0.5,0.5
BraTS-GLI-02143-101,2,gmm_2d,large,0,96040,0,0.0,0.0,0.0,,False,2,0,0.0,0.0,2.0,0.0,0.0,0.0,0.0,0.0,0.0
BraTS-GLI-02143-101,2,gmm_2d,large,1,96040,78639,0.680482485015371,0.5157055342484772,0.8188150770512287,,True,2,1,1.0,1.0,1.0,0.0,0.6803881525993347,0.3401940762996673,0.3401940762996673,0.5,0.5
BraTS-GLI-02143-101,2,gmm_2d,large,2,96040,80472,0.6734159717186367,0.5076315991766244,0.8379008746355685,,True,2,2,1.0,1.0,1.0,1.0,0.6803881525993347,0.2267960458993911,0.3401940762996673,0.5,0.5
BraTS-GLI-02143-101,2,gmm_2d,large,3,96040,80886,0.671840204379232,0.5058429012792252,0.8422115785089546,,True,2,3,1.0,1.0,1.0,2.0,0.6803881525993347,0.1700970381498336,0.3401940762996673,0.5,0.5
BraTS-GLI-02143-101,2,gmm_2d,large,4,96040,81103,0.67101720079258,0.5049103729504715,0.8444710537276134,,True,2,4,1.0,1.0,1.0,3.0,0.6803881525993347,0.1360776275396347,0.3401940762996673,0.5,0.5
BraTS-GLI-02143-101,2,gmm_2d,large,5,96040,81274,0.6703700779408281,0.5041779421620108,0.8462515618492295,,True,2,5,1.0,1.0,1.0,4.0,0.6803881525993347,0.1133980229496955,0.3401940762996673,0.5,0.5
BraTS-GLI-02143-101,2,variational_spline,large,0,96040,0,0.0,0.0,0.0,,False,2,0,0.0,0.0,2.0,0.0,0.0,0.0,0.0,0.0,0.0
BraTS-GLI-02143-101,2,variational_spline,large,1,96040,67053,0.7485054539434556,0.5980892655920828,0.6981778425655977,,True,2,1,1.0,1.0,1.0,0.0,0.7485697269439697,0.3742848634719848,0.3742848634719848,0.5,0.5
BraTS-GLI-02143-101,2,variational_spline,large,2,96040,67053,0.7485054539434556,0.5980892655920828,0.6981778425655977,,True,2,1,1.0,1.0,1.0,0.0,0.7485697269439697,0.3742848634719848,0.3742848634719848,0.5,0.5
BraTS-GLI-02143-101,2,variational_spline,large,3,96040,67053,0.7485054539434556,0.5980892655920828,0.6981778425655977,,True,2,1,1.0,1.0,1.0,0.0,0.7485697269439697,0.3742848634719848,0.3742848634719848,0.5,0.5
BraTS-GLI-02143-101,2,variational_spline,large,4,96040,67053,0.7485054539434556,0.5980892655920828,0.6981778425655977,,True,2,1,1.0,1.0,1.0,0.0,0.7485697269439697,0.3742848634719848,0.3742848634719848,0.5,0.5
BraTS-GLI-02143-101,2,variational_spline,large,5,96040,67053,0.7485054539434556,0.5980892655920828,0.6981778425655977,,True,2,1,1.0,1.0,1.0,0.0,0.7485697269439697,0.3742848634719848,0.3742848634719848,0.5,0.5
BraTS-GLI-02151-100,3,otsu_T1c,large,0,39885,0,0.0,0.0,0.0,,False,3,0,0.0,0.0,3.0,0.0,0.0,0.0,0.0,0.0,0.0
BraTS-GLI-02151-100,3,otsu_T1c,large,1,39885,28341,0.8212118547181426,0.6966577141151895,0.7105678826626551,,True,3,1,1.0,1.0,2.0,0.0,0.822043240070343,0.274014413356781,0.0,0.3333333333333333,0.3333333333333333
BraTS-GLI-02151-100,3,otsu_T1c,large,2,39885,28341,0.8212118547181426,0.6966577141151895,0.7105678826626551,,True,3,1,1.0,1.0,2.0,0.0,0.822043240070343,0.274014413356781,0.0,0.3333333333333333,0.3333333333333333
BraTS-GLI-02151-100,3,otsu_T1c,large,3,39885,28341,0.8212118547181426,0.6966577141151895,0.7105678826626551,,True,3,1,1.0,1.0,2.0,0.0,0.822043240070343,0.274014413356781,0.0,0.3333333333333333,0.3333333333333333
BraTS-GLI-02151-100,3,otsu_T1c,large,4,39885,28341,0.8212118547181426,0.6966577141151895,0.7105678826626551,,True,3,1,1.0,1.0,2.0,0.0,0.822043240070343,0.274014413356781,0.0,0.3333333333333333,0.3333333333333333
BraTS-GLI-02151-100,3,otsu_T1c,large,5,39885,28341,0.8212118547181426,0.6966577141151895,0.7105678826626551,,True,3,1,1.0,1.0,2.0,0.0,0.822043240070343,0.274014413356781,0.0,0.3333333333333333,0.3333333333333333
BraTS-GLI-02151-100,3,gmm_T1c,large,0,39885,0,0.0,0.0,0.0,,False,3,0,0.0,0.0,3.0,0.0,0.0,0.0,0.0,0.0,0.0
BraTS-GLI-02151-100,3,gmm_T1c,large,1,39885,15909,0.5656522206688891,0.3943619733093417,0.3988717562993606,,True,3,1,1.0,1.0,2.0,0.0,0.5663526058197021,0.1887841969728469,0.0,0.3333333333333333,0.3333333333333333
BraTS-GLI-02151-100,3,gmm_T1c,large,2,39885,15909,0.5656522206688891,0.3943619733093417,0.3988717562993606,,True,3,1,1.0,1.0,2.0,0.0,0.5663526058197021,0.1887841969728469,0.0,0.3333333333333333,0.3333333333333333
BraTS-GLI-02151-100,3,gmm_T1c,large,3,39885,15909,0.5656522206688891,0.3943619733093417,0.3988717562993606,,True,3,1,1.0,1.0,2.0,0.0,0.5663526058197021,0.1887841969728469,0.0,0.3333333333333333,0.3333333333333333
BraTS-GLI-02151-100,3,gmm_T1c,large,4,39885,15909,0.5656522206688891,0.3943619733093417,0.3988717562993606,,True,3,1,1.0,1.0,2.0,0.0,0.5663526058197021,0.1887841969728469,0.0,0.3333333333333333,0.3333333333333333
BraTS-GLI-02151-100,3,gmm_T1c,large,5,39885,15909,0.5656522206688891,0.3943619733093417,0.3988717562993606,,True,3,1,1.0,1.0,2.0,0.0,0.5663526058197021,0.1887841969728469,0.0,0.3333333333333333,0.3333333333333333
BraTS-GLI-02151-100,3,sustraccion,large,0,39885,0,0.0,0.0,0.0,,False,3,0,0.0,0.0,3.0,0.0,0.0,0.0,0.0,0.0,0.0
BraTS-GLI-02151-100,3,sustraccion,large,1,39885,73872,0.6321017607707657,0.4620970644182818,1.8521248589695372,,True,3,1,1.0,1.0,2.0,0.0,0.6317816972732544,0.210593894124031,0.0,0.3333333333333333,0.3333333333333333
BraTS-GLI-02151-100,3,sustraccion,large,2,39885,75399,0.6237292252177232,0.4532024051127554,1.8904099285445657,,True,3,2,1.0,1.0,2.0,1.0,0.6317816972732544,0.1579454243183136,0.0,0.3333333333333333,0.3333333333333333
BraTS-GLI-02151-100,3,sustraccion,large,3,39885,76016,0.620408797163096,0.4497048081252814,1.9058794032844428,,True,3,3,1.0,1.0,2.0,2.0,0.6317816972732544,0.1263563334941864,0.0,0.3333333333333333,0.3333333333333333
BraTS-GLI-02151-100,3,sustraccion,large,4,39885,76536,0.6176377114094537,0.44679872744445,1.9189168860473864,,True,3,4,1.0,1.0,2.0,3.0,0.6317816972732544,0.1052969470620155,0.0,0.3333333333333333,0.3333333333333333
BraTS-GLI-02151-100,3,sustraccion,large,5,39885,76930,0.6155545092667893,0.4446217011698944,1.92879528644854,,True,3,5,1.0,1.0,2.0,4.0,0.6317816972732544,0.0902545303106308,0.0,0.3333333333333333,0.3333333333333333
BraTS-GLI-02151-100,3,gmm_2d,large,0,39885,0,0.0,0.0,0.0,,False,3,0,0.0,0.0,3.0,0.0,0.0,0.0,0.0,0.0,0.0
BraTS-GLI-02151-100,3,gmm_2d,large,1,39885,12419,0.3590165188130927,0.2187813118956076,0.3113701892942209,,True,3,1,1.0,1.0,2.0,0.0,0.3594907522201538,0.1198302507400512,0.0,0.3333333333333333,0.3333333333333333
BraTS-GLI-02151-100,3,gmm_2d,large,2,39885,14150,0.3475154992134727,0.2102987949648344,0.3547699636454807,,True,3,2,1.0,1.0,2.0,1.0,0.3594907522201538,0.0898726880550384,0.0,0.3333333333333333,0.3333333333333333
BraTS-GLI-02151-100,3,gmm_2d,large,3,39885,15315,0.3401811594202898,0.2049507760144943,0.3839789394509214,,True,3,3,1.0,1.0,2.0,2.0,0.3594907522201538,0.0718981474637985,0.0,0.3333333333333333,0.3333333333333333
BraTS-GLI-02151-100,3,gmm_2d,large,4,39885,15576,0.3385802636086619,0.2037897204375759,0.3905227529146295,,True,3,4,1.0,1.0,2.0,3.0,0.3594907522201538,0.0599151253700256,0.0,0.3333333333333333,0.3333333333333333
BraTS-GLI-02151-100,3,gmm_2d,large,5,39885,15671,0.3380012959896321,0.2033703727770918,0.3929046007270904,,True,3,5,1.0,1.0,2.0,4.0,0.3594907522201538,0.0513558201491832,0.0,0.3333333333333333,0.3333333333333333
BraTS-GLI-02151-100,3,variational_spline,large,0,39885,0,0.0,0.0,0.0,,False,3,0,0.0,0.0,3.0,0.0,0.0,0.0,0.0,0.0,0.0
BraTS-GLI-02151-100,3,variational_spline,large,1,39885,25592,0.7432533561403241,0.5914106552595761,0.6416447285947098,,True,3,1,1.0,1.0,2.0,0.0,0.7440374493598938,0.2480124831199646,0.0,0.3333333333333333,0.3333333333333333
BraTS-GLI-02151-100,3,variational_spline,large,2,39885,25592,0.7432533561403241,0.5914106552595761,0.6416447285947098,,True,3,1,1.0,1.0,2.0,0.0,0.7440374493598938,0.2480124831199646,0.0,0.3333333333333333,0.3333333333333333
BraTS-GLI-02151-100,3,variational_spline,large,3,39885,25592,0.7432533561403241,0.5914106552595761,0.6416447285947098,,True,3,1,1.0,1.0,2.0,0.0,0.7440374493598938,0.2480124831199646,0.0,0.3333333333333333,0.3333333333333333
BraTS-GLI-02151-100,3,variational_spline,large,4,39885,25592,0.7432533561403241,0.5914106552595761,0.6416447285947098,,True,3,1,1.0,1.0,2.0,0.0,0.7440374493598938,0.2480124831199646,0.0,0.3333333333333333,0.3333333333333333
BraTS-GLI-02151-100,3,variational_spline,large,5,39885,25592,0.7432533561403241,0.5914106552595761,0.6416447285947098,,True,3,1,1.0,1.0,2.0,0.0,0.7440374493598938,0.2480124831199646,0.0,0.3333333333333333,0.3333333333333333
BraTS-GLI-02153-101,1,otsu_T1c,small,0,519,0,0.0,0.0,0.0,,False,3,0,0.0,0.0,3.0,0.0,0.0,0.0,0.0,0.0,0.0
BraTS-GLI-02153-101,1,otsu_T1c,small,1,519,689912,0.0003418154746817,0.0001709369517885,1329.31021194605,,True,3,1,1.0,1.0,2.0,0.0,0.0003419967542868,0.0001139989180956,0.0,0.3333333333333333,0.0
BraTS-GLI-02153-101,1,otsu_T1c,small,2,519,689912,0.0003418154746817,0.0001709369517885,1329.31021194605,,True,3,1,1.0,1.0,2.0,0.0,0.0003419967542868,0.0001139989180956,0.0,0.3333333333333333,0.0
BraTS-GLI-02153-101,1,otsu_T1c,small,3,519,689912,0.0003418154746817,0.0001709369517885,1329.31021194605,,True,3,1,1.0,1.0,2.0,0.0,0.0003419967542868,0.0001139989180956,0.0,0.3333333333333333,0.0
BraTS-GLI-02153-101,1,otsu_T1c,small,4,519,689912,0.0003418154746817,0.0001709369517885,1329.31021194605,,True,3,1,1.0,1.0,2.0,0.0,0.0003419967542868,0.0001139989180956,0.0,0.3333333333333333,0.0
BraTS-GLI-02153-101,1,otsu_T1c,small,5,519,689912,0.0003418154746817,0.0001709369517885,1329.31021194605,,True,3,1,1.0,1.0,2.0,0.0,0.0003419967542868,0.0001139989180956,0.0,0.3333333333333333,0.0
BraTS-GLI-02153-101,1,gmm_T1c,small,0,519,0,0.0,0.0,0.0,,False,3,0,0.0,0.0,3.0,0.0,0.0,0.0,0.0,0.0,0.0
BraTS-GLI-02153-101,1,gmm_T1c,small,1,519,4435,0.0,0.0,8.545279383429673,,False,3,1,0.0,0.0,3.0,1.0,0.0,0.0,0.0,0.0,0.0
BraTS-GLI-02153-101,1,gmm_T1c,small,2,519,4435,0.0,0.0,8.545279383429673,,False,3,1,0.0,0.0,3.0,1.0,0.0,0.0,0.0,0.0,0.0
BraTS-GLI-02153-101,1,gmm_T1c,small,3,519,4435,0.0,0.0,8.545279383429673,,False,3,1,0.0,0.0,3.0,1.0,0.0,0.0,0.0,0.0,0.0
BraTS-GLI-02153-101,1,gmm_T1c,small,4,519,4435,0.0,0.0,8.545279383429673,,False,3,1,0.0,0.0,3.0,1.0,0.0,0.0,0.0,0.0,0.0
BraTS-GLI-02153-101,1,gmm_T1c,small,5,519,4435,0.0,0.0,8.545279383429673,,False,3,1,0.0,0.0,3.0,1.0,0.0,0.0,0.0,0.0,0.0
BraTS-GLI-02153-101,1,sustraccion,small,0,519,0,0.0,0.0,0.0,,False,3,0,0.0,0.0,3.0,0.0,0.0,0.0,0.0,0.0,0.0
BraTS-GLI-02153-101,1,sustraccion,small,1,519,63548,0.0,0.0,122.44315992292871,,True,3,1,0.0,0.0,3.0,1.0,0.0,0.0,0.0,0.0,0.0
BraTS-GLI-02153-101,1,sustraccion,small,2,519,64403,0.0,0.0,124.09055876685936,,True,3,2,0.0,0.0,3.0,2.0,0.0,0.0,0.0,0.0,0.0
BraTS-GLI-02153-101,1,sustraccion,small,3,519,65037,0.0,0.0,125.3121387283237,,True,3,3,0.0,0.0,3.0,3.0,0.0,0.0,0.0,0.0,0.0
BraTS-GLI-02153-101,1,sustraccion,small,4,519,65537,0.0,0.0,126.27552986512524,,True,3,4,0.0,0.0,3.0,4.0,0.0,0.0,0.0,0.0,0.0
BraTS-GLI-02153-101,1,sustraccion,small,5,519,65728,0.0,0.0,126.64354527938345,,True,3,5,0.0,0.0,3.0,5.0,0.0,0.0,0.0,0.0,0.0
BraTS-GLI-02153-101,1,gmm_2d,small,0,519,0,0.0,0.0,0.0,,False,3,0,0.0,0.0,3.0,0.0,0.0,0.0,0.0,0.0,0.0
BraTS-GLI-02153-101,1,gmm_2d,small,1,519,65035,0.0,0.0,125.30828516377647,,True,3,1,0.0,0.0,3.0,1.0,0.0,0.0,0.0,0.0,0.0
BraTS-GLI-02153-101,1,gmm_2d,small,2,519,68811,0.0,0.0,132.58381502890174,,True,3,2,0.0,0.0,3.0,2.0,0.0,0.0,0.0,0.0,0.0
BraTS-GLI-02153-101,1,gmm_2d,small,3,519,69641,0.0,0.0,134.1830443159923,,True,3,3,0.0,0.0,3.0,3.0,0.0,0.0,0.0,0.0,0.0
BraTS-GLI-02153-101,1,gmm_2d,small,4,519,70450,0.0,0.0,135.74181117533718,,True,3,4,0.0,0.0,3.0,4.0,0.0,0.0,0.0,0.0,0.0
BraTS-GLI-02153-101,1,gmm_2d,small,5,519,71067,0.0,0.0,136.9306358381503,,True,3,5,0.0,0.0,3.0,5.0,0.0,0.0,0.0,0.0,0.0
BraTS-GLI-02153-101,1,variational_spline,small,0,519,0,0.0,0.0,0.0,,False,3,0,0.0,0.0,3.0,0.0,0.0,0.0,0.0,0.0,0.0
BraTS-GLI-02153-101,1,variational_spline,small,1,519,4435,0.0,0.0,8.545279383429673,,False,3,1,0.0,0.0,3.0,1.0,0.0,0.0,0.0,0.0,0.0
BraTS-GLI-02153-101,1,variational_spline,small,2,519,4435,0.0,0.0,8.545279383429673,,False,3,1,0.0,0.0,3.0,1.0,0.0,0.0,0.0,0.0,0.0
BraTS-GLI-02153-101,1,variational_spline,small,3,519,4435,0.0,0.0,8.545279383429673,,False,3,1,0.0,0.0,3.0,1.0,0.0,0.0,0.0,0.0,0.0
BraTS-GLI-02153-101,1,variational_spline,small,4,519,4435,0.0,0.0,8.545279383429673,,False,3,1,0.0,0.0,3.0,1.0,0.0,0.0,0.0,0.0,0.0
BraTS-GLI-02153-101,1,variational_spline,small,5,519,4435,0.0,0.0,8.545279383429673,,False,3,1,0.0,0.0,3.0,1.0,0.0,0.0,0.0,0.0,0.0
BraTS-GLI-02171-101,1,otsu_T1c,small,0,164,0,0.0,0.0,0.0,,False,1,0,0.0,0.0,1.0,0.0,0.0,0.0,0.0,0.0,0.0
BraTS-GLI-02171-101,1,otsu_T1c,small,1,164,5967,0.0,0.0,36.38414634146341,,False,1,1,0.0,0.0,1.0,1.0,0.0,0.0,0.0,0.0,0.0
BraTS-GLI-02171-101,1,otsu_T1c,small,2,164,5967,0.0,0.0,36.38414634146341,,False,1,1,0.0,0.0,1.0,1.0,0.0,0.0,0.0,0.0,0.0
BraTS-GLI-02171-101,1,otsu_T1c,small,3,164,5967,0.0,0.0,36.38414634146341,,False,1,1,0.0,0.0,1.0,1.0,0.0,0.0,0.0,0.0,0.0
BraTS-GLI-02171-101,1,otsu_T1c,small,4,164,5967,0.0,0.0,36.38414634146341,,False,1,1,0.0,0.0,1.0,1.0,0.0,0.0,0.0,0.0,0.0
BraTS-GLI-02171-101,1,otsu_T1c,small,5,164,5967,0.0,0.0,36.38414634146341,,False,1,1,0.0,0.0,1.0,1.0,0.0,0.0,0.0,0.0,0.0
BraTS-GLI-02171-101,1,gmm_T1c,small,0,164,0,0.0,0.0,0.0,,False,1,0,0.0,0.0,1.0,0.0,0.0,0.0,0.0,0.0,0.0
BraTS-GLI-02171-101,1,gmm_T1c,small,1,164,5961,0.0,0.0,36.34756097560975,,False,1,1,0.0,0.0,1.0,1.0,0.0,0.0,0.0,0.0,0.0
BraTS-GLI-02171-101,1,gmm_T1c,small,2,164,5961,0.0,0.0,36.34756097560975,,False,1,1,0.0,0.0,1.0,1.0,0.0,0.0,0.0,0.0,0.0
BraTS-GLI-02171-101,1,gmm_T1c,small,3,164,5961,0.0,0.0,36.34756097560975,,False,1,1,0.0,0.0,1.0,1.0,0.0,0.0,0.0,0.0,0.0
BraTS-GLI-02171-101,1,gmm_T1c,small,4,164,5961,0.0,0.0,36.34756097560975,,False,1,1,0.0,0.0,1.0,1.0,0.0,0.0,0.0,0.0,0.0
BraTS-GLI-02171-101,1,gmm_T1c,small,5,164,5961,0.0,0.0,36.34756097560975,,False,1,1,0.0,0.0,1.0,1.0,0.0,0.0,0.0,0.0,0.0
BraTS-GLI-02171-101,1,sustraccion,small,0,164,0,0.0,0.0,0.0,,False,1,0,0.0,0.0,1.0,0.0,0.0,0.0,0.0,0.0,0.0
BraTS-GLI-02171-101,1,sustraccion,small,1,164,62836,0.0,0.0,383.1463414634146,,True,1,1,0.0,0.0,1.0,1.0,0.0,0.0,0.0,0.0,0.0
BraTS-GLI-02171-101,1,sustraccion,small,2,164,66048,0.0049537848124207,0.0024830426356589,402.7317073170732,,True,1,2,1.0,1.0,0.0,1.0,0.0971563979983329,0.0485781989991664,0.0971563979983329,1.0,0.0
BraTS-GLI-02171-101,1,sustraccion,small,3,164,66962,0.0048863331644966,0.002449150264329,408.3048780487805,,True,1,3,1.0,1.0,0.0,2.0,0.0971563979983329,0.0323854647576808,0.0971563979983329,1.0,0.0
BraTS-GLI-02171-101,1,sustraccion,small,4,164,67404,0.0048543689320388,0.0024330900243309,411.0,,True,1,4,1.0,1.0,0.0,3.0,0.0971563979983329,0.0242890994995832,0.0971563979983329,1.0,0.0
BraTS-GLI-02171-101,1,sustraccion,small,5,164,67732,0.0048309178743961,0.0024213075060532,413.0,,True,1,5,1.0,1.0,0.0,4.0,0.0971563979983329,0.0194312799721956,0.0971563979983329,1.0,0.0
BraTS-GLI-02171-101,1,gmm_2d,small,0,164,0,0.0,0.0,0.0,,False,1,0,0.0,0.0,1.0,0.0,0.0,0.0,0.0,0.0,0.0
BraTS-GLI-02171-101,1,gmm_2d,small,1,164,53822,0.0,0.0,328.1829268292683,,True,1,1,0.0,0.0,1.0,1.0,0.0,0.0,0.0,0.0,0.0
BraTS-GLI-02171-101,1,gmm_2d,small,2,164,57910,0.0,0.0,353.109756097561,,True,1,2,0.0,0.0,1.0,2.0,0.0,0.0,0.0,0.0,0.0
BraTS-GLI-02171-101,1,gmm_2d,small,3,164,61086,0.0,0.0,372.4756097560976,,True,1,3,0.0,0.0,1.0,3.0,0.0,0.0,0.0,0.0,0.0
BraTS-GLI-02171-101,1,gmm_2d,small,4,164,63359,0.0,0.0,386.3353658536585,,True,1,4,0.0,0.0,1.0,4.0,0.0,0.0,0.0,0.0,0.0
BraTS-GLI-02171-101,1,gmm_2d,small,5,164,65434,0.000914662032379,0.0004575402635431,398.9878048780488,,True,1,5,1.0,1.0,0.0,4.0,0.0267976783215999,0.0053595355711877,0.0267976783215999,1.0,0.0
BraTS-GLI-02171-101,1,variational_spline,small,0,164,0,0.0,0.0,0.0,,False,1,0,0.0,0.0,1.0,0.0,0.0,0.0,0.0,0.0,0.0
BraTS-GLI-02171-101,1,variational_spline,small,1,164,5963,0.0,0.0,36.359756097560975,,False,1,1,0.0,0.0,1.0,1.0,0.0,0.0,0.0,0.0,0.0
BraTS-GLI-02171-101,1,variational_spline,small,2,164,5963,0.0,0.0,36.359756097560975,,False,1,1,0.0,0.0,1.0,1.0,0.0,0.0,0.0,0.0,0.0
BraTS-GLI-02171-101,1,variational_spline,small,3,164,5963,0.0,0.0,36.359756097560975,,False,1,1,0.0,0.0,1.0,1.0,0.0,0.0,0.0,0.0,0.0
BraTS-GLI-02171-101,1,variational_spline,small,4,164,5963,0.0,0.0,36.359756097560975,,False,1,1,0.0,0.0,1.0,1.0,0.0,0.0,0.0,0.0,0.0
BraTS-GLI-02171-101,1,variational_spline,small,5,164,5963,0.0,0.0,36.359756097560975,,False,1,1,0.0,0.0,1.0,1.0,0.0,0.0,0.0,0.0,0.0
BraTS-GLI-02181-102,3,otsu_T1c,small,0,1816,0,0.0,0.0,0.0,,False,6,0,0.0,0.0,6.0,0.0,0.0,0.0,0.0,0.0,0.0
BraTS-GLI-02181-102,3,otsu_T1c,small,1,1816,18229,0.0,0.0,10.037995594713657,,True,6,1,0.0,0.0,6.0,1.0,0.0,0.0,0.0,0.0,0.0
BraTS-GLI-02181-102,3,otsu_T1c,small,2,1816,18229,0.0,0.0,10.037995594713657,,True,6,1,0.0,0.0,6.0,1.0,0.0,0.0,0.0,0.0,0.0
BraTS-GLI-02181-102,3,otsu_T1c,small,3,1816,18229,0.0,0.0,10.037995594713657,,True,6,1,0.0,0.0,6.0,1.0,0.0,0.0,0.0,0.0,0.0
BraTS-GLI-02181-102,3,otsu_T1c,small,4,1816,18229,0.0,0.0,10.037995594713657,,True,6,1,0.0,0.0,6.0,1.0,0.0,0.0,0.0,0.0,0.0
BraTS-GLI-02181-102,3,otsu_T1c,small,5,1816,18229,0.0,0.0,10.037995594713657,,True,6,1,0.0,0.0,6.0,1.0,0.0,0.0,0.0,0.0,0.0
BraTS-GLI-02181-102,3,gmm_T1c,small,0,1816,0,0.0,0.0,0.0,,False,6,0,0.0,0.0,6.0,0.0,0.0,0.0,0.0,0.0,0.0
BraTS-GLI-02181-102,3,gmm_T1c,small,1,1816,18796,0.0,0.0,10.35022026431718,,True,6,1,0.0,0.0,6.0,1.0,0.0,0.0,0.0,0.0,0.0
BraTS-GLI-02181-102,3,gmm_T1c,small,2,1816,18796,0.0,0.0,10.35022026431718,,True,6,1,0.0,0.0,6.0,1.0,0.0,0.0,0.0,0.0,0.0
BraTS-GLI-02181-102,3,gmm_T1c,small,3,1816,18796,0.0,0.0,10.35022026431718,,True,6,1,0.0,0.0,6.0,1.0,0.0,0.0,0.0,0.0,0.0
BraTS-GLI-02181-102,3,gmm_T1c,small,4,1816,18796,0.0,0.0,10.35022026431718,,True,6,1,0.0,0.0,6.0,1.0,0.0,0.0,0.0,0.0,0.0
BraTS-GLI-02181-102,3,gmm_T1c,small,5,1816,18796,0.0,0.0,10.35022026431718,,True,6,1,0.0,0.0,6.0,1.0,0.0,0.0,0.0,0.0,0.0
BraTS-GLI-02181-102,3,sustraccion,small,0,1816,0,0.0,0.0,0.0,,False,6,0,0.0,0.0,6.0,0.0,0.0,0.0,0.0,0.0,0.0
BraTS-GLI-02181-102,3,sustraccion,small,1,1816,108474,0.0,0.0,59.73237885462555,,True,6,1,0.0,0.0,6.0,1.0,0.0,0.0,0.0,0.0,0.0
BraTS-GLI-02181-102,3,sustraccion,small,2,1816,111256,0.0131951323050799,0.0066413831169987,61.26431718061674,,True,6,2,1.0,1.0,5.0,1.0,0.3426755368709564,0.0489536486566066,0.0,0.1666666666666666,0.1666666666666666
BraTS-GLI-02181-102,3,sustraccion,small,3,1816,112058,0.0131022006779422,0.0065943002616505,61.70594713656388,,True,6,3,1.0,1.0,5.0,2.0,0.3426755368709564,0.0428344421088695,0.0,0.1666666666666666,0.1666666666666666
BraTS-GLI-02181-102,3,sustraccion,small,4,1816,112611,0.0130388806837547,0.0065622223590573,62.01046255506608,,True,6,4,1.0,1.0,5.0,3.0,0.3426755368709564,0.0380750596523284,0.0,0.1666666666666666,0.1666666666666666
BraTS-GLI-02181-102,3,sustraccion,small,5,1816,112673,0.0130318196507961,0.0065586453671874,62.04460352422908,,True,6,5,1.0,1.0,5.0,4.0,0.3426755368709564,0.0342675521969795,0.0,0.1666666666666666,0.1666666666666666
BraTS-GLI-02181-102,3,gmm_2d,small,0,1816,0,0.0,0.0,0.0,,False,6,0,0.0,0.0,6.0,0.0,0.0,0.0,0.0,0.0,0.0
BraTS-GLI-02181-102,3,gmm_2d,small,1,1816,376778,0.0067460128792321,0.0033844221172117,207.47687224669605,,True,6,1,1.0,1.0,5.0,0.0,0.0034655248746275,0.000577587459702,0.0,0.1666666666666666,0.0
BraTS-GLI-02181-102,3,gmm_2d,small,2,1816,381456,0.0066636748836335,0.0033429756933991,210.05286343612332,,True,6,2,1.0,1.0,5.0,1.0,0.0034655248746275,0.0004950749571435,0.0,0.1666666666666666,0.0
BraTS-GLI-02181-102,3,gmm_2d,small,3,1816,385740,0.0065900153784227,0.0033059006572969,212.41189427312776,,True,6,3,1.0,1.0,5.0,2.0,0.0034655248746275,0.0004331906093284,0.0,0.1666666666666666,0.0
BraTS-GLI-02181-102,3,gmm_2d,small,4,1816,386771,0.0065725307331434,0.0032971005138003,212.9796255506608,,True,6,4,1.0,1.0,5.0,3.0,0.0034655248746275,0.0003850583161693,0.0,0.1666666666666666,0.0
BraTS-GLI-02181-102,3,gmm_2d,small,5,1816,387004,0.0065685921506095,0.0032951182191395,213.1079295154185,,True,6,5,1.0,1.0,5.0,4.0,0.0034655248746275,0.0003465524932835,0.0,0.1666666666666666,0.0
BraTS-GLI-02181-102,3,variational_spline,small,0,1816,0,0.0,0.0,0.0,,False,6,0,0.0,0.0,6.0,0.0,0.0,0.0,0.0,0.0,0.0
BraTS-GLI-02181-102,3,variational_spline,small,1,1816,18796,0.0,0.0,10.35022026431718,,True,6,1,0.0,0.0,6.0,1.0,0.0,0.0,0.0,0.0,0.0
BraTS-GLI-02181-102,3,variational_spline,small,2,1816,18796,0.0,0.0,10.35022026431718,,True,6,1,0.0,0.0,6.0,1.0,0.0,0.0,0.0,0.0,0.0
BraTS-GLI-02181-102,3,variational_spline,small,3,1816,18796,0.0,0.0,10.35022026431718,,True,6,1,0.0,0.0,6.0,1.0,0.0,0.0,0.0,0.0,0.0
BraTS-GLI-02181-102,3,variational_spline,small,4,1816,18796,0.0,0.0,10.35022026431718,,True,6,1,0.0,0.0,6.0,1.0,0.0,0.0,0.0,0.0,0.0
BraTS-GLI-02181-102,3,variational_spline,small,5,1816,18796,0.0,0.0,10.35022026431718,,True,6,1,0.0,0.0,6.0,1.0,0.0,0.0,0.0,0.0,0.0
BraTS-GLI-02184-101,3,otsu_T1c,small,0,101,0,0.0,0.0,0.0,,False,3,0,0.0,0.0,3.0,0.0,0.0,0.0,0.0,0.0,0.0
BraTS-GLI-02184-101,3,otsu_T1c,small,1,101,15259,0.0,0.0,151.07920792079207,,True,3,1,0.0,0.0,3.0,1.0,0.0,0.0,0.0,0.0,0.0
BraTS-GLI-02184-101,3,otsu_T1c,small,2,101,15259,0.0,0.0,151.07920792079207,,True,3,1,0.0,0.0,3.0,1.0,0.0,0.0,0.0,0.0,0.0
BraTS-GLI-02184-101,3,otsu_T1c,small,3,101,15259,0.0,0.0,151.07920792079207,,True,3,1,0.0,0.0,3.0,1.0,0.0,0.0,0.0,0.0,0.0
BraTS-GLI-02184-101,3,otsu_T1c,small,4,101,15259,0.0,0.0,151.07920792079207,,True,3,1,0.0,0.0,3.0,1.0,0.0,0.0,0.0,0.0,0.0
BraTS-GLI-02184-101,3,otsu_T1c,small,5,101,15259,0.0,0.0,151.07920792079207,,True,3,1,0.0,0.0,3.0,1.0,0.0,0.0,0.0,0.0,0.0
BraTS-GLI-02184-101,3,gmm_T1c,small,0,101,0,0.0,0.0,0.0,,False,3,0,0.0,0.0,3.0,0.0,0.0,0.0,0.0,0.0,0.0
BraTS-GLI-02184-101,3,gmm_T1c,small,1,101,17688,0.0,0.0,175.12871287128712,,True,3,1,0.0,0.0,3.0,1.0,0.0,0.0,0.0,0.0,0.0
BraTS-GLI-02184-101,3,gmm_T1c,small,2,101,17688,0.0,0.0,175.12871287128712,,True,3,1,0.0,0.0,3.0,1.0,0.0,0.0,0.0,0.0,0.0
BraTS-GLI-02184-101,3,gmm_T1c,small,3,101,17688,0.0,0.0,175.12871287128712,,True,3,1,0.0,0.0,3.0,1.0,0.0,0.0,0.0,0.0,0.0
BraTS-GLI-02184-101,3,gmm_T1c,small,4,101,17688,0.0,0.0,175.12871287128712,,True,3,1,0.0,0.0,3.0,1.0,0.0,0.0,0.0,0.0,0.0
BraTS-GLI-02184-101,3,gmm_T1c,small,5,101,17688,0.0,0.0,175.12871287128712,,True,3,1,0.0,0.0,3.0,1.0,0.0,0.0,0.0,0.0,0.0
BraTS-GLI-02184-101,3,sustraccion,small,0,101,0,0.0,0.0,0.0,,False,3,0,0.0,0.0,3.0,0.0,0.0,0.0,0.0,0.0,0.0
BraTS-GLI-02184-101,3,sustraccion,small,1,101,55511,0.0,0.0,549.6138613861386,,True,3,1,0.0,0.0,3.0,1.0,0.0,0.0,0.0,0.0,0.0
BraTS-GLI-02184-101,3,sustraccion,small,2,101,55834,0.0,0.0,552.8118811881188,,True,3,2,0.0,0.0,3.0,2.0,0.0,0.0,0.0,0.0,0.0
BraTS-GLI-02184-101,3,sustraccion,small,3,101,55935,0.0,0.0,553.8118811881188,,True,3,3,0.0,0.0,3.0,3.0,0.0,0.0,0.0,0.0,0.0
BraTS-GLI-02184-101,3,sustraccion,small,4,101,56004,0.0,0.0,554.4950495049505,,True,3,4,0.0,0.0,3.0,4.0,0.0,0.0,0.0,0.0,0.0
BraTS-GLI-02184-101,3,sustraccion,small,5,101,56045,0.0,0.0,554.9009900990098,,True,3,5,0.0,0.0,3.0,5.0,0.0,0.0,0.0,0.0,0.0
BraTS-GLI-02184-101,3,gmm_2d,small,0,101,0,0.0,0.0,0.0,,False,3,0,0.0,0.0,3.0,0.0,0.0,0.0,0.0,0.0,0.0
BraTS-GLI-02184-101,3,gmm_2d,small,1,101,102653,0.0,0.0,1016.3663366336634,,True,3,1,0.0,0.0,3.0,1.0,0.0,0.0,0.0,0.0,0.0
BraTS-GLI-02184-101,3,gmm_2d,small,2,101,103335,0.0,0.0,1023.118811881188,,True,3,2,0.0,0.0,3.0,2.0,0.0,0.0,0.0,0.0,0.0
BraTS-GLI-02184-101,3,gmm_2d,small,3,101,103542,0.0,0.0,1025.1683168316831,,True,3,3,0.0,0.0,3.0,3.0,0.0,0.0,0.0,0.0,0.0
BraTS-GLI-02184-101,3,gmm_2d,small,4,101,103725,0.0,0.0,1026.980198019802,,True,3,4,0.0,0.0,3.0,4.0,0.0,0.0,0.0,0.0,0.0
BraTS-GLI-02184-101,3,gmm_2d,small,5,101,103800,0.0,0.0,1027.7227722772277,,True,3,5,0.0,0.0,3.0,5.0,0.0,0.0,0.0,0.0,0.0
BraTS-GLI-02184-101,3,variational_spline,small,0,101,0,0.0,0.0,0.0,,False,3,0,0.0,0.0,3.0,0.0,0.0,0.0,0.0,0.0,0.0
BraTS-GLI-02184-101,3,variational_spline,small,1,101,17688,0.0,0.0,175.12871287128712,,True,3,1,0.0,0.0,3.0,1.0,0.0,0.0,0.0,0.0,0.0
BraTS-GLI-02184-101,3,variational_spline,small,2,101,17688,0.0,0.0,175.12871287128712,,True,3,1,0.0,0.0,3.0,1.0,0.0,0.0,0.0,0.0,0.0
BraTS-GLI-02184-101,3,variational_spline,small,3,101,17688,0.0,0.0,175.12871287128712,,True,3,1,0.0,0.0,3.0,1.0,0.0,0.0,0.0,0.0,0.0
BraTS-GLI-02184-101,3,variational_spline,small,4,101,17688,0.0,0.0,175.12871287128712,,True,3,1,0.0,0.0,3.0,1.0,0.0,0.0,0.0,0.0,0.0
BraTS-GLI-02184-101,3,variational_spline,small,5,101,17688,0.0,0.0,175.12871287128712,,True,3,1,0.0,0.0,3.0,1.0,0.0,0.0,0.0,0.0,0.0
BraTS-GLI-02185-100,4,otsu_T1c,medium,0,10020,0,0.0,0.0,0.0,,False,3,0,0.0,0.0,3.0,0.0,0.0,0.0,0.0,0.0,0.0
BraTS-GLI-02185-100,4,otsu_T1c,medium,1,10020,25886,0.0827716816131008,0.0431725740848344,2.583433133732535,,True,3,1,1.0,1.0,2.0,0.0,0.0835162326693534,0.0278387442231178,0.0,0.3333333333333333,0.0
BraTS-GLI-02185-100,4,otsu_T1c,medium,2,10020,25886,0.0827716816131008,0.0431725740848344,2.583433133732535,,True,3,1,1.0,1.0,2.0,0.0,0.0835162326693534,0.0278387442231178,0.0,0.3333333333333333,0.0
BraTS-GLI-02185-100,4,otsu_T1c,medium,3,10020,25886,0.0827716816131008,0.0431725740848344,2.583433133732535,,True,3,1,1.0,1.0,2.0,0.0,0.0835162326693534,0.0278387442231178,0.0,0.3333333333333333,0.0
BraTS-GLI-02185-100,4,otsu_T1c,medium,4,10020,25886,0.0827716816131008,0.0431725740848344,2.583433133732535,,True,3,1,1.0,1.0,2.0,0.0,0.0835162326693534,0.0278387442231178,0.0,0.3333333333333333,0.0
BraTS-GLI-02185-100,4,otsu_T1c,medium,5,10020,25886,0.0827716816131008,0.0431725740848344,2.583433133732535,,True,3,1,1.0,1.0,2.0,0.0,0.0835162326693534,0.0278387442231178,0.0,0.3333333333333333,0.0
BraTS-GLI-02185-100,4,gmm_T1c,medium,0,10020,0,0.0,0.0,0.0,,False,3,0,0.0,0.0,3.0,0.0,0.0,0.0,0.0,0.0,0.0
BraTS-GLI-02185-100,4,gmm_T1c,medium,1,10020,34502,0.0909662638695476,0.0476504223827564,3.443313373253493,,True,3,1,1.0,1.0,2.0,0.0,0.0915432348847389,0.0305144116282463,0.0,0.3333333333333333,0.0
BraTS-GLI-02185-100,4,gmm_T1c,medium,2,10020,34502,0.0909662638695476,0.0476504223827564,3.443313373253493,,True,3,1,1.0,1.0,2.0,0.0,0.0915432348847389,0.0305144116282463,0.0,0.3333333333333333,0.0
BraTS-GLI-02185-100,4,gmm_T1c,medium,3,10020,34502,0.0909662638695476,0.0476504223827564,3.443313373253493,,True,3,1,1.0,1.0,2.0,0.0,0.0915432348847389,0.0305144116282463,0.0,0.3333333333333333,0.0
BraTS-GLI-02185-100,4,gmm_T1c,medium,4,10020,34502,0.0909662638695476,0.0476504223827564,3.443313373253493,,True,3,1,1.0,1.0,2.0,0.0,0.0915432348847389,0.0305144116282463,0.0,0.3333333333333333,0.0
BraTS-GLI-02185-100,4,gmm_T1c,medium,5,10020,34502,0.0909662638695476,0.0476504223827564,3.443313373253493,,True,3,1,1.0,1.0,2.0,0.0,0.0915432348847389,0.0305144116282463,0.0,0.3333333333333333,0.0
BraTS-GLI-02185-100,4,sustraccion,medium,0,10020,0,0.0,0.0,0.0,,False,3,0,0.0,0.0,3.0,0.0,0.0,0.0,0.0,0.0,0.0
BraTS-GLI-02185-100,4,sustraccion,medium,1,10020,77219,0.0496108391888948,0.0254363796650014,7.706487025948104,,True,3,1,1.0,1.0,2.0,0.0,0.0497058853507041,0.0165686290711164,0.0,0.3333333333333333,0.0
BraTS-GLI-02185-100,4,sustraccion,medium,2,10020,77537,0.0494306566008428,0.025341655639221,7.738223552894212,,True,3,2,1.0,1.0,2.0,1.0,0.0497058853507041,0.012426471337676,0.0,0.3333333333333333,0.0
BraTS-GLI-02185-100,4,sustraccion,medium,3,10020,77806,0.0492792567121353,0.025262076533352,7.765069860279441,,True,3,3,1.0,1.0,2.0,2.0,0.0497058853507041,0.0099411774426698,0.0,0.3333333333333333,0.0
BraTS-GLI-02185-100,4,sustraccion,medium,4,10020,78054,0.0491404954924268,0.0251891514375509,7.789820359281437,,True,3,4,1.0,1.0,2.0,3.0,0.0497058853507041,0.0082843145355582,0.0,0.3333333333333333,0.0
BraTS-GLI-02185-100,4,sustraccion,medium,5,10020,78118,0.0491048129070321,0.0251704003535952,7.79620758483034,,True,3,5,1.0,1.0,2.0,4.0,0.0497058853507041,0.0071008405648171,0.0,0.3333333333333333,0.0
BraTS-GLI-02185-100,4,gmm_2d,medium,0,10020,0,0.0,0.0,0.0,,False,3,0,0.0,0.0,3.0,0.0,0.0,0.0,0.0,0.0,0.0
BraTS-GLI-02185-100,4,gmm_2d,medium,1,10020,116923,0.0920885751872887,0.0482666930915456,11.668962075848304,,True,3,1,1.0,1.0,2.0,0.0,0.0922773033380508,0.0307591017335653,0.0,0.3333333333333333,0.0
BraTS-GLI-02185-100,4,gmm_2d,medium,2,10020,123370,0.0876377539545693,0.0458269630326551,12.312375249501,,True,3,2,1.0,1.0,2.0,1.0,0.0922773033380508,0.0230693258345127,0.0,0.3333333333333333,0.0
BraTS-GLI-02185-100,4,gmm_2d,medium,3,10020,124675,0.0867886707004714,0.0453628249902988,12.442614770459082,,True,3,3,1.0,1.0,2.0,2.0,0.0922773033380508,0.0184554606676101,0.0,0.3333333333333333,0.0
BraTS-GLI-02185-100,4,gmm_2d,medium,4,10020,124874,0.086660637241093,0.0452928732496958,12.4624750499002,,True,3,4,1.0,1.0,2.0,3.0,0.0922773033380508,0.0153795508667826,0.0,0.3333333333333333,0.0
BraTS-GLI-02185-100,4,gmm_2d,medium,5,10020,124989,0.0865868201379167,0.0452525471493605,12.473952095808384,,True,3,5,1.0,1.0,2.0,4.0,0.0922773033380508,0.0131824715062975,0.0,0.3333333333333333,0.0
BraTS-GLI-02185-100,4,variational_spline,medium,0,10020,0,0.0,0.0,0.0,,False,3,0,0.0,0.0,3.0,0.0,0.0,0.0,0.0,0.0,0.0
BraTS-GLI-02185-100,4,variational_spline,medium,1,10020,34450,0.0904879694175848,0.0473880069715954,3.43812375249501,,True,3,1,1.0,1.0,2.0,0.0,0.0910616293549537,0.0303538758307695,0.0,0.3333333333333333,0.0
BraTS-GLI-02185-100,4,variational_spline,medium,2,10020,34450,0.0904879694175848,0.0473880069715954,3.43812375249501,,True,3,1,1.0,1.0,2.0,0.0,0.0910616293549537,0.0303538758307695,0.0,0.3333333333333333,0.0
BraTS-GLI-02185-100,4,variational_spline,medium,3,10020,34450,0.0904879694175848,0.0473880069715954,3.43812375249501,,True,3,1,1.0,1.0,2.0,0.0,0.0910616293549537,0.0303538758307695,0.0,0.3333333333333333,0.0
BraTS-GLI-02185-100,4,variational_spline,medium,4,10020,34450,0.0904879694175848,0.0473880069715954,3.43812375249501,,True,3,1,1.0,1.0,2.0,0.0,0.0910616293549537,0.0303538758307695,0.0,0.3333333333333333,0.0
BraTS-GLI-02185-100,4,variational_spline,medium,5,10020,34450,0.0904879694175848,0.0473880069715954,3.43812375249501,,True,3,1,1.0,1.0,2.0,0.0,0.0910616293549537,0.0303538758307695,0.0,0.3333333333333333,0.0
BraTS-GLI-02192-101,3,otsu_T1c,medium,0,4984,0,0.0,0.0,0.0,,False,2,0,0.0,0.0,2.0,0.0,0.0,0.0,0.0,0.0,0.0
BraTS-GLI-02192-101,3,otsu_T1c,medium,1,4984,8568,0.0,0.0,1.7191011235955056,,False,2,1,0.0,0.0,2.0,1.0,0.0,0.0,0.0,0.0,0.0
BraTS-GLI-02192-101,3,otsu_T1c,medium,2,4984,8568,0.0,0.0,1.7191011235955056,,False,2,1,0.0,0.0,2.0,1.0,0.0,0.0,0.0,0.0,0.0
BraTS-GLI-02192-101,3,otsu_T1c,medium,3,4984,8568,0.0,0.0,1.7191011235955056,,False,2,1,0.0,0.0,2.0,1.0,0.0,0.0,0.0,0.0,0.0
BraTS-GLI-02192-101,3,otsu_T1c,medium,4,4984,8568,0.0,0.0,1.7191011235955056,,False,2,1,0.0,0.0,2.0,1.0,0.0,0.0,0.0,0.0,0.0
BraTS-GLI-02192-101,3,otsu_T1c,medium,5,4984,8568,0.0,0.0,1.7191011235955056,,False,2,1,0.0,0.0,2.0,1.0,0.0,0.0,0.0,0.0,0.0
BraTS-GLI-02192-101,3,gmm_T1c,medium,0,4984,0,0.0,0.0,0.0,,False,2,0,0.0,0.0,2.0,0.0,0.0,0.0,0.0,0.0,0.0
BraTS-GLI-02192-101,3,gmm_T1c,medium,1,4984,8602,0.0,0.0,1.7259229534510434,,False,2,1,0.0,0.0,2.0,1.0,0.0,0.0,0.0,0.0,0.0
BraTS-GLI-02192-101,3,gmm_T1c,medium,2,4984,8602,0.0,0.0,1.7259229534510434,,False,2,1,0.0,0.0,2.0,1.0,0.0,0.0,0.0,0.0,0.0
BraTS-GLI-02192-101,3,gmm_T1c,medium,3,4984,8602,0.0,0.0,1.7259229534510434,,False,2,1,0.0,0.0,2.0,1.0,0.0,0.0,0.0,0.0,0.0
BraTS-GLI-02192-101,3,gmm_T1c,medium,4,4984,8602,0.0,0.0,1.7259229534510434,,False,2,1,0.0,0.0,2.0,1.0,0.0,0.0,0.0,0.0,0.0
BraTS-GLI-02192-101,3,gmm_T1c,medium,5,4984,8602,0.0,0.0,1.7259229534510434,,False,2,1,0.0,0.0,2.0,1.0,0.0,0.0,0.0,0.0,0.0
BraTS-GLI-02192-101,3,sustraccion,medium,0,4984,0,0.0,0.0,0.0,,False,2,0,0.0,0.0,2.0,0.0,0.0,0.0,0.0,0.0,0.0
BraTS-GLI-02192-101,3,sustraccion,medium,1,4984,67910,0.1030811863802233,0.0543413801582365,13.625601926163723,,True,2,1,1.0,1.0,1.0,0.0,0.1024824678897857,0.0512412339448928,0.0512412339448928,0.5,0.5
BraTS-GLI-02192-101,3,sustraccion,medium,2,4984,70843,0.099093990267319,0.0521298737338698,14.21408507223114,,True,2,2,1.0,1.0,1.0,1.0,0.1024824678897857,0.0341608226299285,0.0512412339448928,0.5,0.5
BraTS-GLI-02192-101,3,sustraccion,medium,3,4984,72101,0.0974768113121878,0.0512355444032293,14.466492776886035,,True,2,3,1.0,1.0,1.0,2.0,0.1024824678897857,0.0256206169724464,0.0512412339448928,0.5,0.5
BraTS-GLI-02192-101,3,sustraccion,medium,4,4984,72991,0.096364219301058,0.0506211431189199,14.645064205457464,,True,2,4,1.0,1.0,1.0,3.0,0.1024824678897857,0.0204964932054281,0.0512412339448928,0.5,0.5
BraTS-GLI-02192-101,3,sustraccion,medium,5,4984,73073,0.0962629873041495,0.0505652759084791,14.661516853932584,,True,2,5,1.0,1.0,1.0,4.0,0.1024824678897857,0.0170804113149642,0.0512412339448928,0.5,0.5
BraTS-GLI-02192-101,3,gmm_2d,medium,0,4984,0,0.0,0.0,0.0,,False,2,0,0.0,0.0,2.0,0.0,0.0,0.0,0.0,0.0,0.0
BraTS-GLI-02192-101,3,gmm_2d,medium,1,4984,86479,0.0962793697998097,0.0505743165632896,17.351324237560192,,True,2,1,1.0,1.0,1.0,0.0,0.0958005264401435,0.0479002632200717,0.0479002632200717,0.5,0.0
BraTS-GLI-02192-101,3,gmm_2d,medium,2,4984,88060,0.0946433945230213,0.0496722735528705,17.668539325842698,,True,2,2,1.0,1.0,1.0,1.0,0.0958005264401435,0.0319335088133811,0.0479002632200717,0.5,0.0
BraTS-GLI-02192-101,3,gmm_2d,medium,3,4984,89329,0.0933699489996076,0.0489711934156378,17.923154093097914,,True,2,3,1.0,1.0,1.0,2.0,0.0958005264401435,0.0239501316100358,0.0479002632200717,0.5,0.0
BraTS-GLI-02192-101,3,gmm_2d,medium,4,4984,89497,0.0932039245985965,0.0488798596771686,17.95686195826645,,True,2,4,1.0,1.0,1.0,3.0,0.0958005264401435,0.0191601049154996,0.0479002632200717,0.5,0.0
BraTS-GLI-02192-101,3,gmm_2d,medium,5,4984,89560,0.0931418175664241,0.0488456972964577,17.969502407704656,,True,2,5,1.0,1.0,1.0,4.0,0.0958005264401435,0.0159667544066905,0.0479002632200717,0.5,0.0
BraTS-GLI-02192-101,3,variational_spline,medium,0,4984,0,0.0,0.0,0.0,,False,2,0,0.0,0.0,2.0,0.0,0.0,0.0,0.0,0.0,0.0
BraTS-GLI-02192-101,3,variational_spline,medium,1,4984,8602,0.0,0.0,1.7259229534510434,,False,2,1,0.0,0.0,2.0,1.0,0.0,0.0,0.0,0.0,0.0
BraTS-GLI-02192-101,3,variational_spline,medium,2,4984,8602,0.0,0.0,1.7259229534510434,,False,2,1,0.0,0.0,2.0,1.0,0.0,0.0,0.0,0.0,0.0
BraTS-GLI-02192-101,3,variational_spline,medium,3,4984,8602,0.0,0.0,1.7259229534510434,,False,2,1,0.0,0.0,2.0,1.0,0.0,0.0,0.0,0.0,0.0
BraTS-GLI-02192-101,3,variational_spline,medium,4,4984,8602,0.0,0.0,1.7259229534510434,,False,2,1,0.0,0.0,2.0,1.0,0.0,0.0,0.0,0.0,0.0
BraTS-GLI-02192-101,3,variational_spline,medium,5,4984,8602,0.0,0.0,1.7259229534510434,,False,2,1,0.0,0.0,2.0,1.0,0.0,0.0,0.0,0.0,0.0
BraTS-GLI-02194-101,2,otsu_T1c,medium,0,3716,0,0.0,0.0,0.0,,False,2,0,0.0,0.0,2.0,0.0,0.0,0.0,0.0,0.0,0.0
BraTS-GLI-02194-101,2,otsu_T1c,medium,1,3716,655031,0.0108721557745234,0.005465790349316,176.2731431646932,,True,2,1,1.0,1.0,1.0,0.0,0.0106184799224138,0.0053092399612069,0.0053092399612069,0.5,0.0
BraTS-GLI-02194-101,2,otsu_T1c,medium,2,3716,655031,0.0108721557745234,0.005465790349316,176.2731431646932,,True,2,1,1.0,1.0,1.0,0.0,0.0106184799224138,0.0053092399612069,0.0053092399612069,0.5,0.0
BraTS-GLI-02194-101,2,otsu_T1c,medium,3,3716,655031,0.0108721557745234,0.005465790349316,176.2731431646932,,True,2,1,1.0,1.0,1.0,0.0,0.0106184799224138,0.0053092399612069,0.0053092399612069,0.5,0.0
BraTS-GLI-02194-101,2,otsu_T1c,medium,4,3716,655031,0.0108721557745234,0.005465790349316,176.2731431646932,,True,2,1,1.0,1.0,1.0,0.0,0.0106184799224138,0.0053092399612069,0.0053092399612069,0.5,0.0
BraTS-GLI-02194-101,2,otsu_T1c,medium,5,3716,655031,0.0108721557745234,0.005465790349316,176.2731431646932,,True,2,1,1.0,1.0,1.0,0.0,0.0106184799224138,0.0053092399612069,0.0053092399612069,0.5,0.0
BraTS-GLI-02194-101,2,gmm_T1c,medium,0,3716,0,0.0,0.0,0.0,,False,2,0,0.0,0.0,2.0,0.0,0.0,0.0,0.0,0.0,0.0
BraTS-GLI-02194-101,2,gmm_T1c,medium,1,3716,4417,0.0,0.0,1.188643702906351,,False,2,1,0.0,0.0,2.0,1.0,0.0,0.0,0.0,0.0,0.0
BraTS-GLI-02194-101,2,gmm_T1c,medium,2,3716,4417,0.0,0.0,1.188643702906351,,False,2,1,0.0,0.0,2.0,1.0,0.0,0.0,0.0,0.0,0.0
BraTS-GLI-02194-101,2,gmm_T1c,medium,3,3716,4417,0.0,0.0,1.188643702906351,,False,2,1,0.0,0.0,2.0,1.0,0.0,0.0,0.0,0.0,0.0
BraTS-GLI-02194-101,2,gmm_T1c,medium,4,3716,4417,0.0,0.0,1.188643702906351,,False,2,1,0.0,0.0,2.0,1.0,0.0,0.0,0.0,0.0,0.0
BraTS-GLI-02194-101,2,gmm_T1c,medium,5,3716,4417,0.0,0.0,1.188643702906351,,False,2,1,0.0,0.0,2.0,1.0,0.0,0.0,0.0,0.0,0.0
BraTS-GLI-02194-101,2,sustraccion,medium,0,3716,0,0.0,0.0,0.0,,False,2,0,0.0,0.0,2.0,0.0,0.0,0.0,0.0,0.0,0.0
BraTS-GLI-02194-101,2,sustraccion,medium,1,3716,72274,0.0795367811554151,0.041415414976428,19.44940796555436,,True,2,1,1.0,1.0,1.0,0.0,0.0796248018741607,0.0398124009370803,0.0398124009370803,0.5,0.0
BraTS-GLI-02194-101,2,sustraccion,medium,2,3716,73504,0.0782698782698782,0.0407288606161891,19.780409041980626,,True,2,2,1.0,1.0,1.0,1.0,0.0796248018741607,0.0265416000038385,0.0398124009370803,0.5,0.0
BraTS-GLI-02194-101,2,sustraccion,medium,3,3716,74035,0.0777353345937672,0.0404394545624857,19.923304628632938,,True,2,3,1.0,1.0,1.0,2.0,0.0796248018741607,0.0199062004685401,0.0398124009370803,0.5,0.0
BraTS-GLI-02194-101,2,sustraccion,medium,4,3716,74078,0.0776923670205928,0.0404161985770074,19.93487621097955,,True,2,4,1.0,1.0,1.0,3.0,0.0796248018741607,0.0159249603748321,0.0398124009370803,0.5,0.0
BraTS-GLI-02194-101,2,sustraccion,medium,5,3716,74112,0.0776584262733206,0.0403978290511456,19.94402583423036,,True,2,5,1.0,1.0,1.0,4.0,0.0796248018741607,0.0132708000019192,0.0398124009370803,0.5,0.0
BraTS-GLI-02194-101,2,gmm_2d,medium,0,3716,0,0.0,0.0,0.0,,False,2,0,0.0,0.0,2.0,0.0,0.0,0.0,0.0,0.0,0.0
BraTS-GLI-02194-101,2,gmm_2d,medium,1,3716,61734,0.1058823529411764,0.0559006211180124,16.61302475780409,,True,2,1,1.0,1.0,1.0,0.0,0.106018416583538,0.053009208291769,0.053009208291769,0.5,0.5
BraTS-GLI-02194-101,2,gmm_2d,medium,2,3716,63627,0.1029060184428968,0.0542440276777607,17.122443487621098,,True,2,2,1.0,1.0,1.0,1.0,0.106018416583538,0.0353394709527492,0.053009208291769,0.5,0.5
BraTS-GLI-02194-101,2,gmm_2d,medium,3,3716,64873,0.1010366093688492,0.0532061912658927,17.457750269106565,,True,2,3,1.0,1.0,1.0,2.0,0.106018416583538,0.0265046041458845,0.053009208291769,0.5,0.5
BraTS-GLI-02194-101,2,gmm_2d,medium,4,3716,65545,0.1000563087451812,0.0526627758526354,17.63858988159311,,True,2,4,1.0,1.0,1.0,3.0,0.106018416583538,0.0212036836892366,0.053009208291769,0.5,0.5
BraTS-GLI-02194-101,2,gmm_2d,medium,5,3716,65622,0.0999451959964233,0.0526012174942692,17.659311087190527,,True,2,5,1.0,1.0,1.0,4.0,0.106018416583538,0.0176697354763746,0.053009208291769,0.5,0.5
BraTS-GLI-02194-101,2,variational_spline,medium,0,3716,0,0.0,0.0,0.0,,False,2,0,0.0,0.0,2.0,0.0,0.0,0.0,0.0,0.0,0.0
BraTS-GLI-02194-101,2,variational_spline,medium,1,3716,4417,0.0,0.0,1.188643702906351,,False,2,1,0.0,0.0,2.0,1.0,0.0,0.0,0.0,0.0,0.0
BraTS-GLI-02194-101,2,variational_spline,medium,2,3716,4417,0.0,0.0,1.188643702906351,,False,2,1,0.0,0.0,2.0,1.0,0.0,0.0,0.0,0.0,0.0
BraTS-GLI-02194-101,2,variational_spline,medium,3,3716,4417,0.0,0.0,1.188643702906351,,False,2,1,0.0,0.0,2.0,1.0,0.0,0.0,0.0,0.0,0.0
BraTS-GLI-02194-101,2,variational_spline,medium,4,3716,4417,0.0,0.0,1.188643702906351,,False,2,1,0.0,0.0,2.0,1.0,0.0,0.0,0.0,0.0,0.0
BraTS-GLI-02194-101,2,variational_spline,medium,5,3716,4417,0.0,0.0,1.188643702906351,,False,2,1,0.0,0.0,2.0,1.0,0.0,0.0,0.0,0.0,0.0
BraTS-GLI-02196-100,4,otsu_T1c,large,0,46257,0,0.0,0.0,0.0,,False,3,0,0.0,0.0,3.0,0.0,0.0,0.0,0.0,0.0,0.0
BraTS-GLI-02196-100,4,otsu_T1c,large,1,46257,17676,0.0580607823815556,0.0298983520466517,0.3821259485050911,,True,3,1,1.0,1.0,2.0,0.0,0.0583445988595485,0.0194482002407312,0.0,0.3333333333333333,0.0
BraTS-GLI-02196-100,4,otsu_T1c,large,2,46257,17676,0.0580607823815556,0.0298983520466517,0.3821259485050911,,True,3,1,1.0,1.0,2.0,0.0,0.0583445988595485,0.0194482002407312,0.0,0.3333333333333333,0.0
BraTS-GLI-02196-100,4,otsu_T1c,large,3,46257,17676,0.0580607823815556,0.0298983520466517,0.3821259485050911,,True,3,1,1.0,1.0,2.0,0.0,0.0583445988595485,0.0194482002407312,0.0,0.3333333333333333,0.0
BraTS-GLI-02196-100,4,otsu_T1c,large,4,46257,17676,0.0580607823815556,0.0298983520466517,0.3821259485050911,,True,3,1,1.0,1.0,2.0,0.0,0.0583445988595485,0.0194482002407312,0.0,0.3333333333333333,0.0
BraTS-GLI-02196-100,4,otsu_T1c,large,5,46257,17676,0.0580607823815556,0.0298983520466517,0.3821259485050911,,True,3,1,1.0,1.0,2.0,0.0,0.0583445988595485,0.0194482002407312,0.0,0.3333333333333333,0.0
BraTS-GLI-02196-100,4,gmm_T1c,large,0,46257,0,0.0,0.0,0.0,,False,3,0,0.0,0.0,3.0,0.0,0.0,0.0,0.0,0.0,0.0
BraTS-GLI-02196-100,4,gmm_T1c,large,1,46257,17410,0.0572667158810686,0.02947739473514,0.3763754674968113,,True,3,1,1.0,1.0,2.0,0.0,0.0575478263199329,0.0191826093941926,0.0,0.3333333333333333,0.0
BraTS-GLI-02196-100,4,gmm_T1c,large,2,46257,17410,0.0572667158810686,0.02947739473514,0.3763754674968113,,True,3,1,1.0,1.0,2.0,0.0,0.0575478263199329,0.0191826093941926,0.0,0.3333333333333333,0.0
BraTS-GLI-02196-100,4,gmm_T1c,large,3,46257,17410,0.0572667158810686,0.02947739473514,0.3763754674968113,,True,3,1,1.0,1.0,2.0,0.0,0.0575478263199329,0.0191826093941926,0.0,0.3333333333333333,0.0
BraTS-GLI-02196-100,4,gmm_T1c,large,4,46257,17410,0.0572667158810686,0.02947739473514,0.3763754674968113,,True,3,1,1.0,1.0,2.0,0.0,0.0575478263199329,0.0191826093941926,0.0,0.3333333333333333,0.0
BraTS-GLI-02196-100,4,gmm_T1c,large,5,46257,17410,0.0572667158810686,0.02947739473514,0.3763754674968113,,True,3,1,1.0,1.0,2.0,0.0,0.0575478263199329,0.0191826093941926,0.0,0.3333333333333333,0.0
BraTS-GLI-02196-100,4,sustraccion,large,0,46257,0,0.0,0.0,0.0,,False,3,0,0.0,0.0,3.0,0.0,0.0,0.0,0.0,0.0,0.0
BraTS-GLI-02196-100,4,sustraccion,large,1,46257,82861,0.4466457039297387,0.2875362723492516,1.7913180707784768,,True,3,1,1.0,1.0,2.0,0.0,0.4476930499076843,0.1492310166358947,0.0,0.3333333333333333,0.3333333333333333
BraTS-GLI-02196-100,4,sustraccion,large,2,46257,84492,0.4410741191137217,0.2829346311596051,1.8265775990660875,,True,3,2,1.0,1.0,2.0,1.0,0.4476930499076843,0.111923262476921,0.0,0.3333333333333333,0.3333333333333333
BraTS-GLI-02196-100,4,sustraccion,large,3,46257,85290,0.4383984431419949,0.280736428070722,1.843829042090927,,True,3,3,1.0,1.0,2.0,2.0,0.4476930499076843,0.0895386114716529,0.0,0.3333333333333333,0.3333333333333333
BraTS-GLI-02196-100,4,sustraccion,large,4,46257,85908,0.4363485037642341,0.2790573889480305,1.8571891821778328,,True,3,4,1.0,1.0,2.0,3.0,0.4476930499076843,0.0746155083179473,0.0,0.3333333333333333,0.3333333333333333
BraTS-GLI-02196-100,4,sustraccion,large,5,46257,86110,0.4356826097139015,0.2785129235405478,1.8615560888081804,,True,3,5,1.0,1.0,2.0,4.0,0.4476930499076843,0.0639561489224433,0.0,0.3333333333333333,0.3333333333333333
BraTS-GLI-02196-100,4,gmm_2d,large,0,46257,0,0.0,0.0,0.0,,False,3,0,0.0,0.0,3.0,0.0,0.0,0.0,0.0,0.0,0.0
BraTS-GLI-02196-100,4,gmm_2d,large,1,46257,203888,0.3410661816146635,0.2055936034546742,4.407722074496833,,True,3,1,1.0,1.0,2.0,0.0,0.3409703969955444,0.1136567965149879,0.0,0.3333333333333333,0.3333333333333333
BraTS-GLI-02196-100,4,gmm_2d,large,2,46257,204035,0.3408658686653988,0.2054480480075517,4.4108999718961455,,True,3,2,1.0,1.0,2.0,1.0,0.3409703969955444,0.0852425992488861,0.0,0.3333333333333333,0.3333333333333333
BraTS-GLI-02196-100,4,gmm_2d,large,3,46257,204060,0.3408318252455886,0.2054233141833486,4.411440430637525,,True,3,3,1.0,1.0,2.0,2.0,0.3409703969955444,0.0681940764188766,0.0,0.3333333333333333,0.3333333333333333
BraTS-GLI-02196-100,4,gmm_2d,large,4,46257,204349,0.3404387764059918,0.2051378229172678,4.417688133687874,,True,3,4,1.0,1.0,2.0,3.0,0.3409703969955444,0.0568283982574939,0.0,0.3333333333333333,0.3333333333333333
BraTS-GLI-02196-100,4,gmm_2d,large,5,46257,204438,0.3403179161929835,0.2050500632099098,4.419612166807186,,True,3,5,1.0,1.0,2.0,4.0,0.3409703969955444,0.0487100556492805,0.0,0.3333333333333333,0.3333333333333333
BraTS-GLI-02196-100,4,variational_spline,large,0,46257,0,0.0,0.0,0.0,,False,3,0,0.0,0.0,3.0,0.0,0.0,0.0,0.0,0.0,0.0
BraTS-GLI-02196-100,4,variational_spline,large,1,46257,17410,0.0572667158810686,0.02947739473514,0.3763754674968113,,True,3,1,1.0,1.0,2.0,0.0,0.0575478263199329,0.0191826093941926,0.0,0.3333333333333333,0.0
BraTS-GLI-02196-100,4,variational_spline,large,2,46257,17410,0.0572667158810686,0.02947739473514,0.3763754674968113,,True,3,1,1.0,1.0,2.0,0.0,0.0575478263199329,0.0191826093941926,0.0,0.3333333333333333,0.0
BraTS-GLI-02196-100,4,variational_spline,large,3,46257,17410,0.0572667158810686,0.02947739473514,0.3763754674968113,,True,3,1,1.0,1.0,2.0,0.0,0.0575478263199329,0.0191826093941926,0.0,0.3333333333333333,0.0
BraTS-GLI-02196-100,4,variational_spline,large,4,46257,17410,0.0572667158810686,0.02947739473514,0.3763754674968113,,True,3,1,1.0,1.0,2.0,0.0,0.0575478263199329,0.0191826093941926,0.0,0.3333333333333333,0.0
BraTS-GLI-02196-100,4,variational_spline,large,5,46257,17410,0.0572667158810686,0.02947739473514,0.3763754674968113,,True,3,1,1.0,1.0,2.0,0.0,0.0575478263199329,0.0191826093941926,0.0,0.3333333333333333,0.0
BraTS-GLI-02198-101,0,otsu_T1c,absent,0,0,0,,,,True,False,0,0,,,,,,,,,
BraTS-GLI-02198-101,0,otsu_T1c,absent,1,0,696896,,,,False,True,0,1,,,,,,,,,
BraTS-GLI-02198-101,0,otsu_T1c,absent,2,0,696896,,,,False,True,0,1,,,,,,,,,
BraTS-GLI-02198-101,0,otsu_T1c,absent,3,0,696896,,,,False,True,0,1,,,,,,,,,
BraTS-GLI-02198-101,0,otsu_T1c,absent,4,0,696896,,,,False,True,0,1,,,,,,,,,
BraTS-GLI-02198-101,0,otsu_T1c,absent,5,0,696896,,,,False,True,0,1,,,,,,,,,
BraTS-GLI-02198-101,0,gmm_T1c,absent,0,0,0,,,,True,False,0,0,,,,,,,,,
BraTS-GLI-02198-101,0,gmm_T1c,absent,1,0,893152,,,,False,True,0,1,,,,,,,,,
BraTS-GLI-02198-101,0,gmm_T1c,absent,2,0,893152,,,,False,True,0,1,,,,,,,,,
BraTS-GLI-02198-101,0,gmm_T1c,absent,3,0,893152,,,,False,True,0,1,,,,,,,,,
BraTS-GLI-02198-101,0,gmm_T1c,absent,4,0,893152,,,,False,True,0,1,,,,,,,,,
BraTS-GLI-02198-101,0,gmm_T1c,absent,5,0,893152,,,,False,True,0,1,,,,,,,,,
BraTS-GLI-02198-101,0,sustraccion,absent,0,0,0,,,,True,False,0,0,,,,,,,,,
BraTS-GLI-02198-101,0,sustraccion,absent,1,0,52276,,,,False,True,0,1,,,,,,,,,
BraTS-GLI-02198-101,0,sustraccion,absent,2,0,54436,,,,False,True,0,2,,,,,,,,,
BraTS-GLI-02198-101,0,sustraccion,absent,3,0,55950,,,,False,True,0,3,,,,,,,,,
BraTS-GLI-02198-101,0,sustraccion,absent,4,0,56739,,,,False,True,0,4,,,,,,,,,
BraTS-GLI-02198-101,0,sustraccion,absent,5,0,57432,,,,False,True,0,5,,,,,,,,,
BraTS-GLI-02198-101,0,gmm_2d,absent,0,0,0,,,,True,False,0,0,,,,,,,,,
BraTS-GLI-02198-101,0,gmm_2d,absent,1,0,58400,,,,False,True,0,1,,,,,,,,,
BraTS-GLI-02198-101,0,gmm_2d,absent,2,0,60042,,,,False,True,0,2,,,,,,,,,
BraTS-GLI-02198-101,0,gmm_2d,absent,3,0,60769,,,,False,True,0,3,,,,,,,,,
BraTS-GLI-02198-101,0,gmm_2d,absent,4,0,61379,,,,False,True,0,4,,,,,,,,,
BraTS-GLI-02198-101,0,gmm_2d,absent,5,0,61851,,,,False,True,0,5,,,,,,,,,
BraTS-GLI-02198-101,0,variational_spline,absent,0,0,0,,,,True,False,0,0,,,,,,,,,
BraTS-GLI-02198-101,0,variational_spline,absent,1,0,167058,,,,False,True,0,1,,,,,,,,,
BraTS-GLI-02198-101,0,variational_spline,absent,2,0,167058,,,,False,True,0,1,,,,,,,,,
BraTS-GLI-02198-101,0,variational_spline,absent,3,0,167058,,,,False,True,0,1,,,,,,,,,
BraTS-GLI-02198-101,0,variational_spline,absent,4,0,167058,,,,False,True,0,1,,,,,,,,,
BraTS-GLI-02198-101,0,variational_spline,absent,5,0,167058,,,,False,True,0,1,,,,,,,,,
BraTS-GLI-02205-100,1,otsu_T1c,absent,0,0,0,,,,True,False,0,0,,,,,,,,,
BraTS-GLI-02205-100,1,otsu_T1c,absent,1,0,12073,,,,False,True,0,1,,,,,,,,,
BraTS-GLI-02205-100,1,otsu_T1c,absent,2,0,12073,,,,False,True,0,1,,,,,,,,,
BraTS-GLI-02205-100,1,otsu_T1c,absent,3,0,12073,,,,False,True,0,1,,,,,,,,,
BraTS-GLI-02205-100,1,otsu_T1c,absent,4,0,12073,,,,False,True,0,1,,,,,,,,,
BraTS-GLI-02205-100,1,otsu_T1c,absent,5,0,12073,,,,False,True,0,1,,,,,,,,,
BraTS-GLI-02205-100,1,gmm_T1c,absent,0,0,0,,,,True,False,0,0,,,,,,,,,
BraTS-GLI-02205-100,1,gmm_T1c,absent,1,0,13371,,,,False,True,0,1,,,,,,,,,
BraTS-GLI-02205-100,1,gmm_T1c,absent,2,0,13371,,,,False,True,0,1,,,,,,,,,
BraTS-GLI-02205-100,1,gmm_T1c,absent,3,0,13371,,,,False,True,0,1,,,,,,,,,
BraTS-GLI-02205-100,1,gmm_T1c,absent,4,0,13371,,,,False,True,0,1,,,,,,,,,
BraTS-GLI-02205-100,1,gmm_T1c,absent,5,0,13371,,,,False,True,0,1,,,,,,,,,
BraTS-GLI-02205-100,1,sustraccion,absent,0,0,0,,,,True,False,0,0,,,,,,,,,
BraTS-GLI-02205-100,1,sustraccion,absent,1,0,60070,,,,False,True,0,1,,,,,,,,,
BraTS-GLI-02205-100,1,sustraccion,absent,2,0,60538,,,,False,True,0,2,,,,,,,,,
BraTS-GLI-02205-100,1,sustraccion,absent,3,0,60861,,,,False,True,0,3,,,,,,,,,
BraTS-GLI-02205-100,1,sustraccion,absent,4,0,61012,,,,False,True,0,4,,,,,,,,,
BraTS-GLI-02205-100,1,sustraccion,absent,5,0,61151,,,,False,True,0,5,,,,,,,,,
BraTS-GLI-02205-100,1,gmm_2d,absent,0,0,0,,,,True,False,0,0,,,,,,,,,
BraTS-GLI-02205-100,1,gmm_2d,absent,1,0,798102,,,,False,True,0,1,,,,,,,,,
BraTS-GLI-02205-100,1,gmm_2d,absent,2,0,800250,,,,False,True,0,2,,,,,,,,,
BraTS-GLI-02205-100,1,gmm_2d,absent,3,0,800438,,,,False,True,0,3,,,,,,,,,
BraTS-GLI-02205-100,1,gmm_2d,absent,4,0,800463,,,,False,True,0,4,,,,,,,,,
BraTS-GLI-02205-100,1,gmm_2d,absent,5,0,800726,,,,False,True,0,5,,,,,,,,,
BraTS-GLI-02205-100,1,variational_spline,absent,0,0,0,,,,True,False,0,0,,,,,,,,,
BraTS-GLI-02205-100,1,variational_spline,absent,1,0,13371,,,,False,True,0,1,,,,,,,,,
BraTS-GLI-02205-100,1,variational_spline,absent,2,0,13371,,,,False,True,0,1,,,,,,,,,
BraTS-GLI-02205-100,1,variational_spline,absent,3,0,13371,,,,False,True,0,1,,,,,,,,,
BraTS-GLI-02205-100,1,variational_spline,absent,4,0,13371,,,,False,True,0,1,,,,,,,,,
BraTS-GLI-02205-100,1,variational_spline,absent,5,0,13371,,,,False,True,0,1,,,,,,,,,
BraTS-GLI-02206-104,4,otsu_T1c,absent,0,0,0,,,,True,False,0,0,,,,,,,,,
BraTS-GLI-02206-104,4,otsu_T1c,absent,1,0,687810,,,,False,True,0,1,,,,,,,,,
BraTS-GLI-02206-104,4,otsu_T1c,absent,2,0,687810,,,,False,True,0,1,,,,,,,,,
BraTS-GLI-02206-104,4,otsu_T1c,absent,3,0,687810,,,,False,True,0,1,,,,,,,,,
BraTS-GLI-02206-104,4,otsu_T1c,absent,4,0,687810,,,,False,True,0,1,,,,,,,,,
BraTS-GLI-02206-104,4,otsu_T1c,absent,5,0,687810,,,,False,True,0,1,,,,,,,,,
BraTS-GLI-02206-104,4,gmm_T1c,absent,0,0,0,,,,True,False,0,0,,,,,,,,,
BraTS-GLI-02206-104,4,gmm_T1c,absent,1,0,1180551,,,,False,True,0,1,,,,,,,,,
BraTS-GLI-02206-104,4,gmm_T1c,absent,2,0,1180551,,,,False,True,0,1,,,,,,,,,
BraTS-GLI-02206-104,4,gmm_T1c,absent,3,0,1180551,,,,False,True,0,1,,,,,,,,,
BraTS-GLI-02206-104,4,gmm_T1c,absent,4,0,1180551,,,,False,True,0,1,,,,,,,,,
BraTS-GLI-02206-104,4,gmm_T1c,absent,5,0,1180551,,,,False,True,0,1,,,,,,,,,
BraTS-GLI-02206-104,4,sustraccion,absent,0,0,0,,,,True,False,0,0,,,,,,,,,
BraTS-GLI-02206-104,4,sustraccion,absent,1,0,78509,,,,False,True,0,1,,,,,,,,,
BraTS-GLI-02206-104,4,sustraccion,absent,2,0,78759,,,,False,True,0,2,,,,,,,,,
BraTS-GLI-02206-104,4,sustraccion,absent,3,0,78951,,,,False,True,0,3,,,,,,,,,
BraTS-GLI-02206-104,4,sustraccion,absent,4,0,79129,,,,False,True,0,4,,,,,,,,,
BraTS-GLI-02206-104,4,sustraccion,absent,5,0,79291,,,,False,True,0,5,,,,,,,,,
BraTS-GLI-02206-104,4,gmm_2d,absent,0,0,0,,,,True,False,0,0,,,,,,,,,
BraTS-GLI-02206-104,4,gmm_2d,absent,1,0,106704,,,,False,True,0,1,,,,,,,,,
BraTS-GLI-02206-104,4,gmm_2d,absent,2,0,107322,,,,False,True,0,2,,,,,,,,,
BraTS-GLI-02206-104,4,gmm_2d,absent,3,0,107787,,,,False,True,0,3,,,,,,,,,
BraTS-GLI-02206-104,4,gmm_2d,absent,4,0,107897,,,,False,True,0,4,,,,,,,,,
BraTS-GLI-02206-104,4,gmm_2d,absent,5,0,107986,,,,False,True,0,5,,,,,,,,,
BraTS-GLI-02206-104,4,variational_spline,absent,0,0,0,,,,True,False,0,0,,,,,,,,,
BraTS-GLI-02206-104,4,variational_spline,absent,1,0,193773,,,,False,True,0,1,,,,,,,,,
BraTS-GLI-02206-104,4,variational_spline,absent,2,0,193773,,,,False,True,0,1,,,,,,,,,
BraTS-GLI-02206-104,4,variational_spline,absent,3,0,193773,,,,False,True,0,1,,,,,,,,,
BraTS-GLI-02206-104,4,variational_spline,absent,4,0,193773,,,,False,True,0,1,,,,,,,,,
BraTS-GLI-02206-104,4,variational_spline,absent,5,0,193773,,,,False,True,0,1,,,,,,,,,
BraTS-GLI-02208-100,0,otsu_T1c,absent,0,0,0,,,,True,False,0,0,,,,,,,,,
BraTS-GLI-02208-100,0,otsu_T1c,absent,1,0,13772,,,,False,True,0,1,,,,,,,,,
BraTS-GLI-02208-100,0,otsu_T1c,absent,2,0,13772,,,,False,True,0,1,,,,,,,,,
BraTS-GLI-02208-100,0,otsu_T1c,absent,3,0,13772,,,,False,True,0,1,,,,,,,,,
BraTS-GLI-02208-100,0,otsu_T1c,absent,4,0,13772,,,,False,True,0,1,,,,,,,,,
BraTS-GLI-02208-100,0,otsu_T1c,absent,5,0,13772,,,,False,True,0,1,,,,,,,,,
BraTS-GLI-02208-100,0,gmm_T1c,absent,0,0,0,,,,True,False,0,0,,,,,,,,,
BraTS-GLI-02208-100,0,gmm_T1c,absent,1,0,19990,,,,False,True,0,1,,,,,,,,,
BraTS-GLI-02208-100,0,gmm_T1c,absent,2,0,19990,,,,False,True,0,1,,,,,,,,,
BraTS-GLI-02208-100,0,gmm_T1c,absent,3,0,19990,,,,False,True,0,1,,,,,,,,,
BraTS-GLI-02208-100,0,gmm_T1c,absent,4,0,19990,,,,False,True,0,1,,,,,,,,,
BraTS-GLI-02208-100,0,gmm_T1c,absent,5,0,19990,,,,False,True,0,1,,,,,,,,,
BraTS-GLI-02208-100,0,sustraccion,absent,0,0,0,,,,True,False,0,0,,,,,,,,,
BraTS-GLI-02208-100,0,sustraccion,absent,1,0,67870,,,,False,True,0,1,,,,,,,,,
BraTS-GLI-02208-100,0,sustraccion,absent,2,0,68380,,,,False,True,0,2,,,,,,,,,
BraTS-GLI-02208-100,0,sustraccion,absent,3,0,68707,,,,False,True,0,3,,,,,,,,,
BraTS-GLI-02208-100,0,sustraccion,absent,4,0,68769,,,,False,True,0,4,,,,,,,,,
BraTS-GLI-02208-100,0,sustraccion,absent,5,0,68809,,,,False,True,0,5,,,,,,,,,
BraTS-GLI-02208-100,0,gmm_2d,absent,0,0,0,,,,True,False,0,0,,,,,,,,,
BraTS-GLI-02208-100,0,gmm_2d,absent,1,0,128984,,,,False,True,0,1,,,,,,,,,
BraTS-GLI-02208-100,0,gmm_2d,absent,2,0,130550,,,,False,True,0,2,,,,,,,,,
BraTS-GLI-02208-100,0,gmm_2d,absent,3,0,130952,,,,False,True,0,3,,,,,,,,,
BraTS-GLI-02208-100,0,gmm_2d,absent,4,0,131250,,,,False,True,0,4,,,,,,,,,
BraTS-GLI-02208-100,0,gmm_2d,absent,5,0,131319,,,,False,True,0,5,,,,,,,,,
BraTS-GLI-02208-100,0,variational_spline,absent,0,0,0,,,,True,False,0,0,,,,,,,,,
BraTS-GLI-02208-100,0,variational_spline,absent,1,0,19993,,,,False,True,0,1,,,,,,,,,
BraTS-GLI-02208-100,0,variational_spline,absent,2,0,19993,,,,False,True,0,1,,,,,,,,,
BraTS-GLI-02208-100,0,variational_spline,absent,3,0,19993,,,,False,True,0,1,,,,,,,,,
BraTS-GLI-02208-100,0,variational_spline,absent,4,0,19993,,,,False,True,0,1,,,,,,,,,
BraTS-GLI-02208-100,0,variational_spline,absent,5,0,19993,,,,False,True,0,1,,,,,,,,,
BraTS-GLI-02216-100,1,otsu_T1c,medium,0,4202,0,0.0,0.0,0.0,,False,2,0,0.0,0.0,2.0,0.0,0.0,0.0,0.0,0.0,0.0
BraTS-GLI-02216-100,1,otsu_T1c,medium,1,4202,7148,0.0,0.0,1.7010947168015231,,False,2,1,0.0,0.0,2.0,1.0,0.0,0.0,0.0,0.0,0.0
BraTS-GLI-02216-100,1,otsu_T1c,medium,2,4202,7148,0.0,0.0,1.7010947168015231,,False,2,1,0.0,0.0,2.0,1.0,0.0,0.0,0.0,0.0,0.0
BraTS-GLI-02216-100,1,otsu_T1c,medium,3,4202,7148,0.0,0.0,1.7010947168015231,,False,2,1,0.0,0.0,2.0,1.0,0.0,0.0,0.0,0.0,0.0
BraTS-GLI-02216-100,1,otsu_T1c,medium,4,4202,7148,0.0,0.0,1.7010947168015231,,False,2,1,0.0,0.0,2.0,1.0,0.0,0.0,0.0,0.0,0.0
BraTS-GLI-02216-100,1,otsu_T1c,medium,5,4202,7148,0.0,0.0,1.7010947168015231,,False,2,1,0.0,0.0,2.0,1.0,0.0,0.0,0.0,0.0,0.0
BraTS-GLI-02216-100,1,gmm_T1c,medium,0,4202,0,0.0,0.0,0.0,,False,2,0,0.0,0.0,2.0,0.0,0.0,0.0,0.0,0.0,0.0
BraTS-GLI-02216-100,1,gmm_T1c,medium,1,4202,9671,0.0197505946803142,0.0099737914967967,2.301523084245597,,False,2,1,1.0,1.0,1.0,0.0,0.0198292080312967,0.0099146040156483,0.0099146040156483,0.5,0.0
BraTS-GLI-02216-100,1,gmm_T1c,medium,2,4202,9671,0.0197505946803142,0.0099737914967967,2.301523084245597,,False,2,1,1.0,1.0,1.0,0.0,0.0198292080312967,0.0099146040156483,0.0099146040156483,0.5,0.0
BraTS-GLI-02216-100,1,gmm_T1c,medium,3,4202,9671,0.0197505946803142,0.0099737914967967,2.301523084245597,,False,2,1,1.0,1.0,1.0,0.0,0.0198292080312967,0.0099146040156483,0.0099146040156483,0.5,0.0
BraTS-GLI-02216-100,1,gmm_T1c,medium,4,4202,9671,0.0197505946803142,0.0099737914967967,2.301523084245597,,False,2,1,1.0,1.0,1.0,0.0,0.0198292080312967,0.0099146040156483,0.0099146040156483,0.5,0.0
BraTS-GLI-02216-100,1,gmm_T1c,medium,5,4202,9671,0.0197505946803142,0.0099737914967967,2.301523084245597,,False,2,1,1.0,1.0,1.0,0.0,0.0198292080312967,0.0099146040156483,0.0099146040156483,0.5,0.0
BraTS-GLI-02216-100,1,sustraccion,medium,0,4202,0,0.0,0.0,0.0,,False,2,0,0.0,0.0,2.0,0.0,0.0,0.0,0.0,0.0,0.0
BraTS-GLI-02216-100,1,sustraccion,medium,1,4202,70547,0.032027184310158,0.0162742005655862,16.788910042836743,,True,2,1,1.0,1.0,1.0,0.0,0.0320507660508155,0.0160253830254077,0.0160253830254077,0.5,0.0
BraTS-GLI-02216-100,1,sustraccion,medium,2,4202,71929,0.0314457973755763,0.0159740571703098,17.11780104712042,,True,2,2,1.0,1.0,1.0,1.0,0.0320507660508155,0.0106835886836051,0.0160253830254077,0.5,0.0
BraTS-GLI-02216-100,1,sustraccion,medium,3,4202,72114,0.0313695686356727,0.0159347169158268,17.161827701094715,,True,2,3,1.0,1.0,1.0,2.0,0.0320507660508155,0.0080126915127038,0.0160253830254077,0.5,0.0
BraTS-GLI-02216-100,1,sustraccion,medium,4,4202,72196,0.0313358988455195,0.0159173415247137,17.181342217991432,,True,2,4,1.0,1.0,1.0,3.0,0.0320507660508155,0.0064101531170308,0.0160253830254077,0.5,0.0
BraTS-GLI-02216-100,1,sustraccion,medium,5,4202,72232,0.0313211398068922,0.0159097252681526,17.189909566872917,,True,2,5,1.0,1.0,1.0,4.0,0.0320507660508155,0.0053417943418025,0.0160253830254077,0.5,0.0
BraTS-GLI-02216-100,1,gmm_2d,medium,0,4202,0,0.0,0.0,0.0,,False,2,0,0.0,0.0,2.0,0.0,0.0,0.0,0.0,0.0,0.0
BraTS-GLI-02216-100,1,gmm_2d,medium,1,4202,77977,0.0371141045765949,0.018907927691125,18.5571156592099,,True,2,1,1.0,1.0,1.0,0.0,0.0371389612555503,0.0185694806277751,0.0185694806277751,0.5,0.0
BraTS-GLI-02216-100,1,gmm_2d,medium,2,4202,80672,0.035935622216462,0.0182965602466736,19.1984769157544,,True,2,2,1.0,1.0,1.0,1.0,0.0371389612555503,0.0123796537518501,0.0185694806277751,0.5,0.0
BraTS-GLI-02216-100,1,gmm_2d,medium,3,4202,82634,0.0351236814224515,0.0178757721747488,19.66539742979533,,True,2,3,1.0,1.0,1.0,2.0,0.0371389612555503,0.0092847403138875,0.0185694806277751,0.5,0.0
BraTS-GLI-02216-100,1,gmm_2d,medium,4,4202,84293,0.0344652240239561,0.0175347821087731,20.06020942408377,,True,2,4,1.0,1.0,1.0,3.0,0.0371389612555503,0.0074277920648455,0.0185694806277751,0.5,0.0
BraTS-GLI-02216-100,1,gmm_2d,medium,5,4202,84470,0.0343964272825694,0.0174991680723375,20.10233222275107,,True,2,5,1.0,1.0,1.0,4.0,0.0371389612555503,0.006189826875925,0.0185694806277751,0.5,0.0
BraTS-GLI-02216-100,1,variational_spline,medium,0,4202,0,0.0,0.0,0.0,,False,2,0,0.0,0.0,2.0,0.0,0.0,0.0,0.0,0.0,0.0
BraTS-GLI-02216-100,1,variational_spline,medium,1,4202,9671,0.0197505946803142,0.0099737914967967,2.301523084245597,,False,2,1,1.0,1.0,1.0,0.0,0.0198292080312967,0.0099146040156483,0.0099146040156483,0.5,0.0
BraTS-GLI-02216-100,1,variational_spline,medium,2,4202,9671,0.0197505946803142,0.0099737914967967,2.301523084245597,,False,2,1,1.0,1.0,1.0,0.0,0.0198292080312967,0.0099146040156483,0.0099146040156483,0.5,0.0
BraTS-GLI-02216-100,1,variational_spline,medium,3,4202,9671,0.0197505946803142,0.0099737914967967,2.301523084245597,,False,2,1,1.0,1.0,1.0,0.0,0.0198292080312967,0.0099146040156483,0.0099146040156483,0.5,0.0
BraTS-GLI-02216-100,1,variational_spline,medium,4,4202,9671,0.0197505946803142,0.0099737914967967,2.301523084245597,,False,2,1,1.0,1.0,1.0,0.0,0.0198292080312967,0.0099146040156483,0.0099146040156483,0.5,0.0
BraTS-GLI-02216-100,1,variational_spline,medium,5,4202,9671,0.0197505946803142,0.0099737914967967,2.301523084245597,,False,2,1,1.0,1.0,1.0,0.0,0.0198292080312967,0.0099146040156483,0.0099146040156483,0.5,0.0
BraTS-GLI-02217-100,4,otsu_T1c,small,0,2,0,0.0,0.0,0.0,,False,0,0,0.0,0.0,0.0,0.0,0.0,,,,
BraTS-GLI-02217-100,4,otsu_T1c,small,1,2,7517,0.0,0.0,3758.5,,False,0,1,0.0,0.0,0.0,1.0,0.0,,,,
BraTS-GLI-02217-100,4,otsu_T1c,small,2,2,7517,0.0,0.0,3758.5,,False,0,1,0.0,0.0,0.0,1.0,0.0,,,,
BraTS-GLI-02217-100,4,otsu_T1c,small,3,2,7517,0.0,0.0,3758.5,,False,0,1,0.0,0.0,0.0,1.0,0.0,,,,
BraTS-GLI-02217-100,4,otsu_T1c,small,4,2,7517,0.0,0.0,3758.5,,False,0,1,0.0,0.0,0.0,1.0,0.0,,,,
BraTS-GLI-02217-100,4,otsu_T1c,small,5,2,7517,0.0,0.0,3758.5,,False,0,1,0.0,0.0,0.0,1.0,0.0,,,,
BraTS-GLI-02217-100,4,gmm_T1c,small,0,2,0,0.0,0.0,0.0,,False,0,0,0.0,0.0,0.0,0.0,0.0,,,,
BraTS-GLI-02217-100,4,gmm_T1c,small,1,2,6441,0.0,0.0,3220.5,,False,0,1,0.0,0.0,0.0,1.0,0.0,,,,
BraTS-GLI-02217-100,4,gmm_T1c,small,2,2,6441,0.0,0.0,3220.5,,False,0,1,0.0,0.0,0.0,1.0,0.0,,,,
BraTS-GLI-02217-100,4,gmm_T1c,small,3,2,6441,0.0,0.0,3220.5,,False,0,1,0.0,0.0,0.0,1.0,0.0,,,,
BraTS-GLI-02217-100,4,gmm_T1c,small,4,2,6441,0.0,0.0,3220.5,,False,0,1,0.0,0.0,0.0,1.0,0.0,,,,
BraTS-GLI-02217-100,4,gmm_T1c,small,5,2,6441,0.0,0.0,3220.5,,False,0,1,0.0,0.0,0.0,1.0,0.0,,,,
BraTS-GLI-02217-100,4,sustraccion,small,0,2,0,0.0,0.0,0.0,,False,0,0,0.0,0.0,0.0,0.0,0.0,,,,
BraTS-GLI-02217-100,4,sustraccion,small,1,2,57320,6.978123582568647e-05,3.4891835310537335e-05,28660.0,,True,0,1,0.0,0.0,0.0,1.0,0.0,,,,
BraTS-GLI-02217-100,4,sustraccion,small,2,2,58753,6.807931239894478e-05,3.4040814937109595e-05,29376.5,,True,0,2,0.0,0.0,0.0,2.0,0.0,,,,
BraTS-GLI-02217-100,4,sustraccion,small,3,2,59550,6.716818914562064e-05,3.358522250209908e-05,29775.0,,True,0,3,0.0,0.0,0.0,3.0,0.0,,,,
BraTS-GLI-02217-100,4,sustraccion,small,4,2,60289,6.634489393110083e-05,3.317354741329264e-05,30144.5,,True,0,4,0.0,0.0,0.0,4.0,0.0,,,,
BraTS-GLI-02217-100,4,sustraccion,small,5,2,60589,6.601640507666154e-05,3.300929211573058e-05,30294.5,,True,0,5,0.0,0.0,0.0,5.0,0.0,,,,
BraTS-GLI-02217-100,4,gmm_2d,small,0,2,0,0.0,0.0,0.0,,False,0,0,0.0,0.0,0.0,0.0,0.0,,,,
BraTS-GLI-02217-100,4,gmm_2d,small,1,2,57479,0.0,0.0,28739.5,,True,0,1,0.0,0.0,0.0,1.0,0.0,,,,
BraTS-GLI-02217-100,4,gmm_2d,small,2,2,58492,0.0,0.0,29246.0,,True,0,2,0.0,0.0,0.0,2.0,0.0,,,,
BraTS-GLI-02217-100,4,gmm_2d,small,3,2,59411,0.0,0.0,29705.5,,True,0,3,0.0,0.0,0.0,3.0,0.0,,,,
BraTS-GLI-02217-100,4,gmm_2d,small,4,2,60318,0.0,0.0,30159.0,,True,0,4,0.0,0.0,0.0,4.0,0.0,,,,
BraTS-GLI-02217-100,4,gmm_2d,small,5,2,60903,0.0,0.0,30451.5,,True,0,5,0.0,0.0,0.0,5.0,0.0,,,,
BraTS-GLI-02217-100,4,variational_spline,small,0,2,0,0.0,0.0,0.0,,False,0,0,0.0,0.0,0.0,0.0,0.0,,,,
BraTS-GLI-02217-100,4,variational_spline,small,1,2,6441,0.0,0.0,3220.5,,False,0,1,0.0,0.0,0.0,1.0,0.0,,,,
BraTS-GLI-02217-100,4,variational_spline,small,2,2,6441,0.0,0.0,3220.5,,False,0,1,0.0,0.0,0.0,1.0,0.0,,,,
BraTS-GLI-02217-100,4,variational_spline,small,3,2,6441,0.0,0.0,3220.5,,False,0,1,0.0,0.0,0.0,1.0,0.0,,,,
BraTS-GLI-02217-100,4,variational_spline,small,4,2,6441,0.0,0.0,3220.5,,False,0,1,0.0,0.0,0.0,1.0,0.0,,,,
BraTS-GLI-02217-100,4,variational_spline,small,5,2,6441,0.0,0.0,3220.5,,False,0,1,0.0,0.0,0.0,1.0,0.0,,,,
BraTS-GLI-02220-102,2,otsu_T1c,absent,0,0,0,,,,True,False,0,0,,,,,,,,,
BraTS-GLI-02220-102,2,otsu_T1c,absent,1,0,454265,,,,False,True,0,1,,,,,,,,,
BraTS-GLI-02220-102,2,otsu_T1c,absent,2,0,454265,,,,False,True,0,1,,,,,,,,,
BraTS-GLI-02220-102,2,otsu_T1c,absent,3,0,454265,,,,False,True,0,1,,,,,,,,,
BraTS-GLI-02220-102,2,otsu_T1c,absent,4,0,454265,,,,False,True,0,1,,,,,,,,,
BraTS-GLI-02220-102,2,otsu_T1c,absent,5,0,454265,,,,False,True,0,1,,,,,,,,,
BraTS-GLI-02220-102,2,gmm_T1c,absent,0,0,0,,,,True,False,0,0,,,,,,,,,
BraTS-GLI-02220-102,2,gmm_T1c,absent,1,0,1046839,,,,False,True,0,1,,,,,,,,,
BraTS-GLI-02220-102,2,gmm_T1c,absent,2,0,1046839,,,,False,True,0,1,,,,,,,,,
BraTS-GLI-02220-102,2,gmm_T1c,absent,3,0,1046839,,,,False,True,0,1,,,,,,,,,
BraTS-GLI-02220-102,2,gmm_T1c,absent,4,0,1046839,,,,False,True,0,1,,,,,,,,,
BraTS-GLI-02220-102,2,gmm_T1c,absent,5,0,1046839,,,,False,True,0,1,,,,,,,,,
BraTS-GLI-02220-102,2,sustraccion,absent,0,0,0,,,,True,False,0,0,,,,,,,,,
BraTS-GLI-02220-102,2,sustraccion,absent,1,0,39144,,,,False,True,0,1,,,,,,,,,
BraTS-GLI-02220-102,2,sustraccion,absent,2,0,40339,,,,False,True,0,2,,,,,,,,,
BraTS-GLI-02220-102,2,sustraccion,absent,3,0,40961,,,,False,True,0,3,,,,,,,,,
BraTS-GLI-02220-102,2,sustraccion,absent,4,0,41034,,,,False,True,0,4,,,,,,,,,
BraTS-GLI-02220-102,2,sustraccion,absent,5,0,41053,,,,False,True,0,5,,,,,,,,,
BraTS-GLI-02220-102,2,gmm_2d,absent,0,0,0,,,,True,False,0,0,,,,,,,,,
BraTS-GLI-02220-102,2,gmm_2d,absent,1,0,56843,,,,False,True,0,1,,,,,,,,,
BraTS-GLI-02220-102,2,gmm_2d,absent,2,0,58756,,,,False,True,0,2,,,,,,,,,
BraTS-GLI-02220-102,2,gmm_2d,absent,3,0,59788,,,,False,True,0,3,,,,,,,,,
BraTS-GLI-02220-102,2,gmm_2d,absent,4,0,60586,,,,False,True,0,4,,,,,,,,,
BraTS-GLI-02220-102,2,gmm_2d,absent,5,0,61230,,,,False,True,0,5,,,,,,,,,
BraTS-GLI-02220-102,2,variational_spline,absent,0,0,0,,,,True,False,0,0,,,,,,,,,
BraTS-GLI-02220-102,2,variational_spline,absent,1,0,151459,,,,False,True,0,1,,,,,,,,,
BraTS-GLI-02220-102,2,variational_spline,absent,2,0,151459,,,,False,True,0,1,,,,,,,,,
BraTS-GLI-02220-102,2,variational_spline,absent,3,0,151459,,,,False,True,0,1,,,,,,,,,
BraTS-GLI-02220-102,2,variational_spline,absent,4,0,151459,,,,False,True,0,1,,,,,,,,,
BraTS-GLI-02220-102,2,variational_spline,absent,5,0,151459,,,,False,True,0,1,,,,,,,,,
BraTS-GLI-02221-100,2,otsu_T1c,medium,0,6451,0,0.0,0.0,0.0,,False,2,0,0.0,0.0,2.0,0.0,0.0,0.0,0.0,0.0,0.0
BraTS-GLI-02221-100,2,otsu_T1c,medium,1,6451,14781,0.0,0.0,2.291272670903736,,True,2,1,0.0,0.0,2.0,1.0,0.0,0.0,0.0,0.0,0.0
BraTS-GLI-02221-100,2,otsu_T1c,medium,2,6451,14781,0.0,0.0,2.291272670903736,,True,2,1,0.0,0.0,2.0,1.0,0.0,0.0,0.0,0.0,0.0
BraTS-GLI-02221-100,2,otsu_T1c,medium,3,6451,14781,0.0,0.0,2.291272670903736,,True,2,1,0.0,0.0,2.0,1.0,0.0,0.0,0.0,0.0,0.0
BraTS-GLI-02221-100,2,otsu_T1c,medium,4,6451,14781,0.0,0.0,2.291272670903736,,True,2,1,0.0,0.0,2.0,1.0,0.0,0.0,0.0,0.0,0.0
BraTS-GLI-02221-100,2,otsu_T1c,medium,5,6451,14781,0.0,0.0,2.291272670903736,,True,2,1,0.0,0.0,2.0,1.0,0.0,0.0,0.0,0.0,0.0
BraTS-GLI-02221-100,2,gmm_T1c,medium,0,6451,0,0.0,0.0,0.0,,False,2,0,0.0,0.0,2.0,0.0,0.0,0.0,0.0,0.0,0.0
BraTS-GLI-02221-100,2,gmm_T1c,medium,1,6451,16525,0.0,0.0,2.5616183537436057,,True,2,1,0.0,0.0,2.0,1.0,0.0,0.0,0.0,0.0,0.0
BraTS-GLI-02221-100,2,gmm_T1c,medium,2,6451,16525,0.0,0.0,2.5616183537436057,,True,2,1,0.0,0.0,2.0,1.0,0.0,0.0,0.0,0.0,0.0
BraTS-GLI-02221-100,2,gmm_T1c,medium,3,6451,16525,0.0,0.0,2.5616183537436057,,True,2,1,0.0,0.0,2.0,1.0,0.0,0.0,0.0,0.0,0.0
BraTS-GLI-02221-100,2,gmm_T1c,medium,4,6451,16525,0.0,0.0,2.5616183537436057,,True,2,1,0.0,0.0,2.0,1.0,0.0,0.0,0.0,0.0,0.0
BraTS-GLI-02221-100,2,gmm_T1c,medium,5,6451,16525,0.0,0.0,2.5616183537436057,,True,2,1,0.0,0.0,2.0,1.0,0.0,0.0,0.0,0.0,0.0
BraTS-GLI-02221-100,2,sustraccion,medium,0,6451,0,0.0,0.0,0.0,,False,2,0,0.0,0.0,2.0,0.0,0.0,0.0,0.0,0.0,0.0
BraTS-GLI-02221-100,2,sustraccion,medium,1,6451,58035,0.0,0.0,8.996279646566423,,True,2,1,0.0,0.0,2.0,1.0,0.0,0.0,0.0,0.0,0.0
BraTS-GLI-02221-100,2,sustraccion,medium,2,6451,59282,0.0,0.0,9.189583010385986,,True,2,2,0.0,0.0,2.0,2.0,0.0,0.0,0.0,0.0,0.0
BraTS-GLI-02221-100,2,sustraccion,medium,3,6451,59733,0.0,0.0,9.25949465199194,,True,2,3,0.0,0.0,2.0,3.0,0.0,0.0,0.0,0.0,0.0
BraTS-GLI-02221-100,2,sustraccion,medium,4,6451,60120,0.0,0.0,9.319485351108357,,True,2,4,0.0,0.0,2.0,4.0,0.0,0.0,0.0,0.0,0.0
BraTS-GLI-02221-100,2,sustraccion,medium,5,6451,60388,0.0,0.0,9.36102929778329,,True,2,5,0.0,0.0,2.0,5.0,0.0,0.0,0.0,0.0,0.0
BraTS-GLI-02221-100,2,gmm_2d,medium,0,6451,0,0.0,0.0,0.0,,False,2,0,0.0,0.0,2.0,0.0,0.0,0.0,0.0,0.0,0.0
BraTS-GLI-02221-100,2,gmm_2d,medium,1,6451,59780,0.0,0.0,9.266780344132693,,True,2,1,0.0,0.0,2.0,1.0,0.0,0.0,0.0,0.0,0.0
BraTS-GLI-02221-100,2,gmm_2d,medium,2,6451,60291,0.0,0.0,9.345992869322586,,True,2,2,0.0,0.0,2.0,2.0,0.0,0.0,0.0,0.0,0.0
BraTS-GLI-02221-100,2,gmm_2d,medium,3,6451,60436,0.0,0.0,9.368470004650442,,True,2,3,0.0,0.0,2.0,3.0,0.0,0.0,0.0,0.0,0.0
BraTS-GLI-02221-100,2,gmm_2d,medium,4,6451,60560,0.0,0.0,9.387691830723918,,True,2,4,0.0,0.0,2.0,4.0,0.0,0.0,0.0,0.0,0.0
BraTS-GLI-02221-100,2,gmm_2d,medium,5,6451,60637,0.0,0.0,9.399627964656643,,True,2,5,0.0,0.0,2.0,5.0,0.0,0.0,0.0,0.0,0.0
BraTS-GLI-02221-100,2,variational_spline,medium,0,6451,0,0.0,0.0,0.0,,False,2,0,0.0,0.0,2.0,0.0,0.0,0.0,0.0,0.0,0.0
BraTS-GLI-02221-100,2,variational_spline,medium,1,6451,16533,0.0,0.0,2.5628584715547977,,True,2,1,0.0,0.0,2.0,1.0,0.0,0.0,0.0,0.0,0.0
BraTS-GLI-02221-100,2,variational_spline,medium,2,6451,16533,0.0,0.0,2.5628584715547977,,True,2,1,0.0,0.0,2.0,1.0,0.0,0.0,0.0,0.0,0.0
BraTS-GLI-02221-100,2,variational_spline,medium,3,6451,16533,0.0,0.0,2.5628584715547977,,True,2,1,0.0,0.0,2.0,1.0,0.0,0.0,0.0,0.0,0.0
BraTS-GLI-02221-100,2,variational_spline,medium,4,6451,16533,0.0,0.0,2.5628584715547977,,True,2,1,0.0,0.0,2.0,1.0,0.0,0.0,0.0,0.0,0.0
BraTS-GLI-02221-100,2,variational_spline,medium,5,6451,16533,0.0,0.0,2.5628584715547977,,True,2,1,0.0,0.0,2.0,1.0,0.0,0.0,0.0,0.0,0.0
BraTS-GLI-02227-100,1,otsu_T1c,absent,0,0,0,,,,True,False,0,0,,,,,,,,,
BraTS-GLI-02227-100,1,otsu_T1c,absent,1,0,7462,,,,False,False,0,1,,,,,,,,,
BraTS-GLI-02227-100,1,otsu_T1c,absent,2,0,7462,,,,False,False,0,1,,,,,,,,,
BraTS-GLI-02227-100,1,otsu_T1c,absent,3,0,7462,,,,False,False,0,1,,,,,,,,,
BraTS-GLI-02227-100,1,otsu_T1c,absent,4,0,7462,,,,False,False,0,1,,,,,,,,,
BraTS-GLI-02227-100,1,otsu_T1c,absent,5,0,7462,,,,False,False,0,1,,,,,,,,,
BraTS-GLI-02227-100,1,gmm_T1c,absent,0,0,0,,,,True,False,0,0,,,,,,,,,
BraTS-GLI-02227-100,1,gmm_T1c,absent,1,0,7234,,,,False,False,0,1,,,,,,,,,
BraTS-GLI-02227-100,1,gmm_T1c,absent,2,0,7234,,,,False,False,0,1,,,,,,,,,
BraTS-GLI-02227-100,1,gmm_T1c,absent,3,0,7234,,,,False,False,0,1,,,,,,,,,
BraTS-GLI-02227-100,1,gmm_T1c,absent,4,0,7234,,,,False,False,0,1,,,,,,,,,
BraTS-GLI-02227-100,1,gmm_T1c,absent,5,0,7234,,,,False,False,0,1,,,,,,,,,
BraTS-GLI-02227-100,1,sustraccion,absent,0,0,0,,,,True,False,0,0,,,,,,,,,
BraTS-GLI-02227-100,1,sustraccion,absent,1,0,54971,,,,False,True,0,1,,,,,,,,,
BraTS-GLI-02227-100,1,sustraccion,absent,2,0,55954,,,,False,True,0,2,,,,,,,,,
BraTS-GLI-02227-100,1,sustraccion,absent,3,0,56565,,,,False,True,0,3,,,,,,,,,
BraTS-GLI-02227-100,1,sustraccion,absent,4,0,57095,,,,False,True,0,4,,,,,,,,,
BraTS-GLI-02227-100,1,sustraccion,absent,5,0,57574,,,,False,True,0,5,,,,,,,,,
BraTS-GLI-02227-100,1,gmm_2d,absent,0,0,0,,,,True,False,0,0,,,,,,,,,
BraTS-GLI-02227-100,1,gmm_2d,absent,1,0,72438,,,,False,True,0,1,,,,,,,,,
BraTS-GLI-02227-100,1,gmm_2d,absent,2,0,73204,,,,False,True,0,2,,,,,,,,,
BraTS-GLI-02227-100,1,gmm_2d,absent,3,0,73969,,,,False,True,0,3,,,,,,,,,
BraTS-GLI-02227-100,1,gmm_2d,absent,4,0,74696,,,,False,True,0,4,,,,,,,,,
BraTS-GLI-02227-100,1,gmm_2d,absent,5,0,74768,,,,False,True,0,5,,,,,,,,,
BraTS-GLI-02227-100,1,variational_spline,absent,0,0,0,,,,True,False,0,0,,,,,,,,,
BraTS-GLI-02227-100,1,variational_spline,absent,1,0,7234,,,,False,False,0,1,,,,,,,,,
BraTS-GLI-02227-100,1,variational_spline,absent,2,0,7234,,,,False,False,0,1,,,,,,,,,
BraTS-GLI-02227-100,1,variational_spline,absent,3,0,7234,,,,False,False,0,1,,,,,,,,,
BraTS-GLI-02227-100,1,variational_spline,absent,4,0,7234,,,,False,False,0,1,,,,,,,,,
BraTS-GLI-02227-100,1,variational_spline,absent,5,0,7234,,,,False,False,0,1,,,,,,,,,
BraTS-GLI-02229-100,4,otsu_T1c,absent,0,0,0,,,,True,False,0,0,,,,,,,,,
BraTS-GLI-02229-100,4,otsu_T1c,absent,1,0,13528,,,,False,True,0,1,,,,,,,,,
BraTS-GLI-02229-100,4,otsu_T1c,absent,2,0,13528,,,,False,True,0,1,,,,,,,,,
BraTS-GLI-02229-100,4,otsu_T1c,absent,3,0,13528,,,,False,True,0,1,,,,,,,,,
BraTS-GLI-02229-100,4,otsu_T1c,absent,4,0,13528,,,,False,True,0,1,,,,,,,,,
BraTS-GLI-02229-100,4,otsu_T1c,absent,5,0,13528,,,,False,True,0,1,,,,,,,,,
BraTS-GLI-02229-100,4,gmm_T1c,absent,0,0,0,,,,True,False,0,0,,,,,,,,,
BraTS-GLI-02229-100,4,gmm_T1c,absent,1,0,14117,,,,False,True,0,1,,,,,,,,,
BraTS-GLI-02229-100,4,gmm_T1c,absent,2,0,14117,,,,False,True,0,1,,,,,,,,,
BraTS-GLI-02229-100,4,gmm_T1c,absent,3,0,14117,,,,False,True,0,1,,,,,,,,,
BraTS-GLI-02229-100,4,gmm_T1c,absent,4,0,14117,,,,False,True,0,1,,,,,,,,,
BraTS-GLI-02229-100,4,gmm_T1c,absent,5,0,14117,,,,False,True,0,1,,,,,,,,,
BraTS-GLI-02229-100,4,sustraccion,absent,0,0,0,,,,True,False,0,0,,,,,,,,,
BraTS-GLI-02229-100,4,sustraccion,absent,1,0,70292,,,,False,True,0,1,,,,,,,,,
BraTS-GLI-02229-100,4,sustraccion,absent,2,0,70622,,,,False,True,0,2,,,,,,,,,
BraTS-GLI-02229-100,4,sustraccion,absent,3,0,70869,,,,False,True,0,3,,,,,,,,,
BraTS-GLI-02229-100,4,sustraccion,absent,4,0,70998,,,,False,True,0,4,,,,,,,,,
BraTS-GLI-02229-100,4,sustraccion,absent,5,0,71064,,,,False,True,0,5,,,,,,,,,
BraTS-GLI-02229-100,4,gmm_2d,absent,0,0,0,,,,True,False,0,0,,,,,,,,,
BraTS-GLI-02229-100,4,gmm_2d,absent,1,0,136678,,,,False,True,0,1,,,,,,,,,
BraTS-GLI-02229-100,4,gmm_2d,absent,2,0,137571,,,,False,True,0,2,,,,,,,,,
BraTS-GLI-02229-100,4,gmm_2d,absent,3,0,138155,,,,False,True,0,3,,,,,,,,,
BraTS-GLI-02229-100,4,gmm_2d,absent,4,0,138313,,,,False,True,0,4,,,,,,,,,
BraTS-GLI-02229-100,4,gmm_2d,absent,5,0,138359,,,,False,True,0,5,,,,,,,,,
BraTS-GLI-02229-100,4,variational_spline,absent,0,0,0,,,,True,False,0,0,,,,,,,,,
BraTS-GLI-02229-100,4,variational_spline,absent,1,0,14118,,,,False,True,0,1,,,,,,,,,
BraTS-GLI-02229-100,4,variational_spline,absent,2,0,14118,,,,False,True,0,1,,,,,,,,,
BraTS-GLI-02229-100,4,variational_spline,absent,3,0,14118,,,,False,True,0,1,,,,,,,,,
BraTS-GLI-02229-100,4,variational_spline,absent,4,0,14118,,,,False,True,0,1,,,,,,,,,
BraTS-GLI-02229-100,4,variational_spline,absent,5,0,14118,,,,False,True,0,1,,,,,,,,,
BraTS-GLI-02230-100,2,otsu_T1c,absent,0,0,0,,,,True,False,0,0,,,,,,,,,
BraTS-GLI-02230-100,2,otsu_T1c,absent,1,0,7981,,,,False,False,0,1,,,,,,,,,
BraTS-GLI-02230-100,2,otsu_T1c,absent,2,0,7981,,,,False,False,0,1,,,,,,,,,
BraTS-GLI-02230-100,2,otsu_T1c,absent,3,0,7981,,,,False,False,0,1,,,,,,,,,
BraTS-GLI-02230-100,2,otsu_T1c,absent,4,0,7981,,,,False,False,0,1,,,,,,,,,
BraTS-GLI-02230-100,2,otsu_T1c,absent,5,0,7981,,,,False,False,0,1,,,,,,,,,
BraTS-GLI-02230-100,2,gmm_T1c,absent,0,0,0,,,,True,False,0,0,,,,,,,,,
BraTS-GLI-02230-100,2,gmm_T1c,absent,1,0,1152995,,,,False,True,0,1,,,,,,,,,
BraTS-GLI-02230-100,2,gmm_T1c,absent,2,0,1152995,,,,False,True,0,1,,,,,,,,,
BraTS-GLI-02230-100,2,gmm_T1c,absent,3,0,1152995,,,,False,True,0,1,,,,,,,,,
BraTS-GLI-02230-100,2,gmm_T1c,absent,4,0,1152995,,,,False,True,0,1,,,,,,,,,
BraTS-GLI-02230-100,2,gmm_T1c,absent,5,0,1152995,,,,False,True,0,1,,,,,,,,,
BraTS-GLI-02230-100,2,sustraccion,absent,0,0,0,,,,True,False,0,0,,,,,,,,,
BraTS-GLI-02230-100,2,sustraccion,absent,1,0,61533,,,,False,True,0,1,,,,,,,,,
BraTS-GLI-02230-100,2,sustraccion,absent,2,0,63043,,,,False,True,0,2,,,,,,,,,
BraTS-GLI-02230-100,2,sustraccion,absent,3,0,63592,,,,False,True,0,3,,,,,,,,,
BraTS-GLI-02230-100,2,sustraccion,absent,4,0,63959,,,,False,True,0,4,,,,,,,,,
BraTS-GLI-02230-100,2,sustraccion,absent,5,0,64289,,,,False,True,0,5,,,,,,,,,
BraTS-GLI-02230-100,2,gmm_2d,absent,0,0,0,,,,True,False,0,0,,,,,,,,,
BraTS-GLI-02230-100,2,gmm_2d,absent,1,0,79379,,,,False,True,0,1,,,,,,,,,
BraTS-GLI-02230-100,2,gmm_2d,absent,2,0,81551,,,,False,True,0,2,,,,,,,,,
BraTS-GLI-02230-100,2,gmm_2d,absent,3,0,82729,,,,False,True,0,3,,,,,,,,,
BraTS-GLI-02230-100,2,gmm_2d,absent,4,0,83742,,,,False,True,0,4,,,,,,,,,
BraTS-GLI-02230-100,2,gmm_2d,absent,5,0,83904,,,,False,True,0,5,,,,,,,,,
BraTS-GLI-02230-100,2,variational_spline,absent,0,0,0,,,,True,False,0,0,,,,,,,,,
BraTS-GLI-02230-100,2,variational_spline,absent,1,0,184551,,,,False,True,0,1,,,,,,,,,
BraTS-GLI-02230-100,2,variational_spline,absent,2,0,184551,,,,False,True,0,1,,,,,,,,,
BraTS-GLI-02230-100,2,variational_spline,absent,3,0,184551,,,,False,True,0,1,,,,,,,,,
BraTS-GLI-02230-100,2,variational_spline,absent,4,0,184551,,,,False,True,0,1,,,,,,,,,
BraTS-GLI-02230-100,2,variational_spline,absent,5,0,184551,,,,False,True,0,1,,,,,,,,,
BraTS-GLI-02238-102,4,otsu_T1c,small,0,26,0,0.0,0.0,0.0,,False,1,0,0.0,0.0,1.0,0.0,0.0,0.0,0.0,0.0,0.0
BraTS-GLI-02238-102,4,otsu_T1c,small,1,26,10849,0.0,0.0,417.2692307692308,,True,1,1,0.0,0.0,1.0,1.0,0.0,0.0,0.0,0.0,0.0
BraTS-GLI-02238-102,4,otsu_T1c,small,2,26,10849,0.0,0.0,417.2692307692308,,True,1,1,0.0,0.0,1.0,1.0,0.0,0.0,0.0,0.0,0.0
BraTS-GLI-02238-102,4,otsu_T1c,small,3,26,10849,0.0,0.0,417.2692307692308,,True,1,1,0.0,0.0,1.0,1.0,0.0,0.0,0.0,0.0,0.0
BraTS-GLI-02238-102,4,otsu_T1c,small,4,26,10849,0.0,0.0,417.2692307692308,,True,1,1,0.0,0.0,1.0,1.0,0.0,0.0,0.0,0.0,0.0
BraTS-GLI-02238-102,4,otsu_T1c,small,5,26,10849,0.0,0.0,417.2692307692308,,True,1,1,0.0,0.0,1.0,1.0,0.0,0.0,0.0,0.0,0.0
BraTS-GLI-02238-102,4,gmm_T1c,small,0,26,0,0.0,0.0,0.0,,False,1,0,0.0,0.0,1.0,0.0,0.0,0.0,0.0,0.0,0.0
BraTS-GLI-02238-102,4,gmm_T1c,small,1,26,10634,0.0,0.0,409.0,,True,1,1,0.0,0.0,1.0,1.0,0.0,0.0,0.0,0.0,0.0
BraTS-GLI-02238-102,4,gmm_T1c,small,2,26,10634,0.0,0.0,409.0,,True,1,1,0.0,0.0,1.0,1.0,0.0,0.0,0.0,0.0,0.0
BraTS-GLI-02238-102,4,gmm_T1c,small,3,26,10634,0.0,0.0,409.0,,True,1,1,0.0,0.0,1.0,1.0,0.0,0.0,0.0,0.0,0.0
BraTS-GLI-02238-102,4,gmm_T1c,small,4,26,10634,0.0,0.0,409.0,,True,1,1,0.0,0.0,1.0,1.0,0.0,0.0,0.0,0.0,0.0
BraTS-GLI-02238-102,4,gmm_T1c,small,5,26,10634,0.0,0.0,409.0,,True,1,1,0.0,0.0,1.0,1.0,0.0,0.0,0.0,0.0,0.0
BraTS-GLI-02238-102,4,sustraccion,small,0,26,0,0.0,0.0,0.0,,False,1,0,0.0,0.0,1.0,0.0,0.0,0.0,0.0,0.0,0.0
BraTS-GLI-02238-102,4,sustraccion,small,1,26,69364,0.0,0.0,2667.846153846154,,True,1,1,0.0,0.0,1.0,1.0,0.0,0.0,0.0,0.0,0.0
BraTS-GLI-02238-102,4,sustraccion,small,2,26,69957,0.0,0.0,2690.653846153846,,True,1,2,0.0,0.0,1.0,2.0,0.0,0.0,0.0,0.0,0.0
BraTS-GLI-02238-102,4,sustraccion,small,3,26,70403,0.0,0.0,2707.8076923076924,,True,1,3,0.0,0.0,1.0,3.0,0.0,0.0,0.0,0.0,0.0
BraTS-GLI-02238-102,4,sustraccion,small,4,26,70580,0.0,0.0,2714.6153846153848,,True,1,4,0.0,0.0,1.0,4.0,0.0,0.0,0.0,0.0,0.0
BraTS-GLI-02238-102,4,sustraccion,small,5,26,70667,0.0,0.0,2717.9615384615386,,True,1,5,0.0,0.0,1.0,5.0,0.0,0.0,0.0,0.0,0.0
BraTS-GLI-02238-102,4,gmm_2d,small,0,26,0,0.0,0.0,0.0,,False,1,0,0.0,0.0,1.0,0.0,0.0,0.0,0.0,0.0,0.0
BraTS-GLI-02238-102,4,gmm_2d,small,1,26,150714,0.0,0.0,5796.692307692308,,True,1,1,0.0,0.0,1.0,1.0,0.0,0.0,0.0,0.0,0.0
BraTS-GLI-02238-102,4,gmm_2d,small,2,26,151202,0.0,0.0,5815.461538461538,,True,1,2,0.0,0.0,1.0,2.0,0.0,0.0,0.0,0.0,0.0
BraTS-GLI-02238-102,4,gmm_2d,small,3,26,151583,0.0,0.0,5830.115384615385,,True,1,3,0.0,0.0,1.0,3.0,0.0,0.0,0.0,0.0,0.0
BraTS-GLI-02238-102,4,gmm_2d,small,4,26,151938,0.0,0.0,5843.769230769231,,True,1,4,0.0,0.0,1.0,4.0,0.0,0.0,0.0,0.0,0.0
BraTS-GLI-02238-102,4,gmm_2d,small,5,26,152238,0.0,0.0,5855.307692307692,,True,1,5,0.0,0.0,1.0,5.0,0.0,0.0,0.0,0.0,0.0
BraTS-GLI-02238-102,4,variational_spline,small,0,26,0,0.0,0.0,0.0,,False,1,0,0.0,0.0,1.0,0.0,0.0,0.0,0.0,0.0,0.0
BraTS-GLI-02238-102,4,variational_spline,small,1,26,10636,0.0,0.0,409.0769230769231,,True,1,1,0.0,0.0,1.0,1.0,0.0,0.0,0.0,0.0,0.0
BraTS-GLI-02238-102,4,variational_spline,small,2,26,10636,0.0,0.0,409.0769230769231,,True,1,1,0.0,0.0,1.0,1.0,0.0,0.0,0.0,0.0,0.0
BraTS-GLI-02238-102,4,variational_spline,small,3,26,10636,0.0,0.0,409.0769230769231,,True,1,1,0.0,0.0,1.0,1.0,0.0,0.0,0.0,0.0,0.0
BraTS-GLI-02238-102,4,variational_spline,small,4,26,10636,0.0,0.0,409.0769230769231,,True,1,1,0.0,0.0,1.0,1.0,0.0,0.0,0.0,0.0,0.0
BraTS-GLI-02238-102,4,variational_spline,small,5,26,10636,0.0,0.0,409.0769230769231,,True,1,1,0.0,0.0,1.0,1.0,0.0,0.0,0.0,0.0,0.0
BraTS-GLI-02243-101,0,otsu_T1c,small,0,2,0,0.0,0.0,0.0,,False,0,0,0.0,0.0,0.0,0.0,0.0,,,,
BraTS-GLI-02243-101,0,otsu_T1c,small,1,2,9214,0.0,0.0,4607.0,,False,0,1,0.0,0.0,0.0,1.0,0.0,,,,
BraTS-GLI-02243-101,0,otsu_T1c,small,2,2,9214,0.0,0.0,4607.0,,False,0,1,0.0,0.0,0.0,1.0,0.0,,,,
BraTS-GLI-02243-101,0,otsu_T1c,small,3,2,9214,0.0,0.0,4607.0,,False,0,1,0.0,0.0,0.0,1.0,0.0,,,,
BraTS-GLI-02243-101,0,otsu_T1c,small,4,2,9214,0.0,0.0,4607.0,,False,0,1,0.0,0.0,0.0,1.0,0.0,,,,
BraTS-GLI-02243-101,0,otsu_T1c,small,5,2,9214,0.0,0.0,4607.0,,False,0,1,0.0,0.0,0.0,1.0,0.0,,,,
BraTS-GLI-02243-101,0,gmm_T1c,small,0,2,0,0.0,0.0,0.0,,False,0,0,0.0,0.0,0.0,0.0,0.0,,,,
BraTS-GLI-02243-101,0,gmm_T1c,small,1,2,10263,0.0,0.0,5131.5,,True,0,1,0.0,0.0,0.0,1.0,0.0,,,,
BraTS-GLI-02243-101,0,gmm_T1c,small,2,2,10263,0.0,0.0,5131.5,,True,0,1,0.0,0.0,0.0,1.0,0.0,,,,
BraTS-GLI-02243-101,0,gmm_T1c,small,3,2,10263,0.0,0.0,5131.5,,True,0,1,0.0,0.0,0.0,1.0,0.0,,,,
BraTS-GLI-02243-101,0,gmm_T1c,small,4,2,10263,0.0,0.0,5131.5,,True,0,1,0.0,0.0,0.0,1.0,0.0,,,,
BraTS-GLI-02243-101,0,gmm_T1c,small,5,2,10263,0.0,0.0,5131.5,,True,0,1,0.0,0.0,0.0,1.0,0.0,,,,
BraTS-GLI-02243-101,0,sustraccion,small,0,2,0,0.0,0.0,0.0,,False,0,0,0.0,0.0,0.0,0.0,0.0,,,,
BraTS-GLI-02243-101,0,sustraccion,small,1,2,71700,0.0,0.0,35850.0,,True,0,1,0.0,0.0,0.0,1.0,0.0,,,,
BraTS-GLI-02243-101,0,sustraccion,small,2,2,73265,0.0,0.0,36632.5,,True,0,2,0.0,0.0,0.0,2.0,0.0,,,,
BraTS-GLI-02243-101,0,sustraccion,small,3,2,74162,0.0,0.0,37081.0,,True,0,3,0.0,0.0,0.0,3.0,0.0,,,,
BraTS-GLI-02243-101,0,sustraccion,small,4,2,74919,0.0,0.0,37459.5,,True,0,4,0.0,0.0,0.0,4.0,0.0,,,,
BraTS-GLI-02243-101,0,sustraccion,small,5,2,75672,0.0,0.0,37836.0,,True,0,5,0.0,0.0,0.0,5.0,0.0,,,,
BraTS-GLI-02243-101,0,gmm_2d,small,0,2,0,0.0,0.0,0.0,,False,0,0,0.0,0.0,0.0,0.0,0.0,,,,
BraTS-GLI-02243-101,0,gmm_2d,small,1,2,103513,0.0,0.0,51756.5,,True,0,1,0.0,0.0,0.0,1.0,0.0,,,,
BraTS-GLI-02243-101,0,gmm_2d,small,2,2,106183,0.0,0.0,53091.5,,True,0,2,0.0,0.0,0.0,2.0,0.0,,,,
BraTS-GLI-02243-101,0,gmm_2d,small,3,2,108060,0.0,0.0,54030.0,,True,0,3,0.0,0.0,0.0,3.0,0.0,,,,
BraTS-GLI-02243-101,0,gmm_2d,small,4,2,108950,0.0,0.0,54475.0,,True,0,4,0.0,0.0,0.0,4.0,0.0,,,,
BraTS-GLI-02243-101,0,gmm_2d,small,5,2,109135,0.0,0.0,54567.5,,True,0,5,0.0,0.0,0.0,5.0,0.0,,,,
BraTS-GLI-02243-101,0,variational_spline,small,0,2,0,0.0,0.0,0.0,,False,0,0,0.0,0.0,0.0,0.0,0.0,,,,
BraTS-GLI-02243-101,0,variational_spline,small,1,2,10263,0.0,0.0,5131.5,,True,0,1,0.0,0.0,0.0,1.0,0.0,,,,
BraTS-GLI-02243-101,0,variational_spline,small,2,2,10263,0.0,0.0,5131.5,,True,0,1,0.0,0.0,0.0,1.0,0.0,,,,
BraTS-GLI-02243-101,0,variational_spline,small,3,2,10263,0.0,0.0,5131.5,,True,0,1,0.0,0.0,0.0,1.0,0.0,,,,
BraTS-GLI-02243-101,0,variational_spline,small,4,2,10263,0.0,0.0,5131.5,,True,0,1,0.0,0.0,0.0,1.0,0.0,,,,
BraTS-GLI-02243-101,0,variational_spline,small,5,2,10263,0.0,0.0,5131.5,,True,0,1,0.0,0.0,0.0,1.0,0.0,,,,
BraTS-GLI-02245-100,2,otsu_T1c,absent,0,0,0,,,,True,False,0,0,,,,,,,,,
BraTS-GLI-02245-100,2,otsu_T1c,absent,1,0,18535,,,,False,True,0,1,,,,,,,,,
BraTS-GLI-02245-100,2,otsu_T1c,absent,2,0,18535,,,,False,True,0,1,,,,,,,,,
BraTS-GLI-02245-100,2,otsu_T1c,absent,3,0,18535,,,,False,True,0,1,,,,,,,,,
BraTS-GLI-02245-100,2,otsu_T1c,absent,4,0,18535,,,,False,True,0,1,,,,,,,,,
BraTS-GLI-02245-100,2,otsu_T1c,absent,5,0,18535,,,,False,True,0,1,,,,,,,,,
BraTS-GLI-02245-100,2,gmm_T1c,absent,0,0,0,,,,True,False,0,0,,,,,,,,,
BraTS-GLI-02245-100,2,gmm_T1c,absent,1,0,19865,,,,False,True,0,1,,,,,,,,,
BraTS-GLI-02245-100,2,gmm_T1c,absent,2,0,19865,,,,False,True,0,1,,,,,,,,,
BraTS-GLI-02245-100,2,gmm_T1c,absent,3,0,19865,,,,False,True,0,1,,,,,,,,,
BraTS-GLI-02245-100,2,gmm_T1c,absent,4,0,19865,,,,False,True,0,1,,,,,,,,,
BraTS-GLI-02245-100,2,gmm_T1c,absent,5,0,19865,,,,False,True,0,1,,,,,,,,,
BraTS-GLI-02245-100,2,sustraccion,absent,0,0,0,,,,True,False,0,0,,,,,,,,,
BraTS-GLI-02245-100,2,sustraccion,absent,1,0,45428,,,,False,True,0,1,,,,,,,,,
BraTS-GLI-02245-100,2,sustraccion,absent,2,0,45811,,,,False,True,0,2,,,,,,,,,
BraTS-GLI-02245-100,2,sustraccion,absent,3,0,46007,,,,False,True,0,3,,,,,,,,,
BraTS-GLI-02245-100,2,sustraccion,absent,4,0,46112,,,,False,True,0,4,,,,,,,,,
BraTS-GLI-02245-100,2,sustraccion,absent,5,0,46149,,,,False,True,0,5,,,,,,,,,
BraTS-GLI-02245-100,2,gmm_2d,absent,0,0,0,,,,True,False,0,0,,,,,,,,,
BraTS-GLI-02245-100,2,gmm_2d,absent,1,0,160451,,,,False,True,0,1,,,,,,,,,
BraTS-GLI-02245-100,2,gmm_2d,absent,2,0,163565,,,,False,True,0,2,,,,,,,,,
BraTS-GLI-02245-100,2,gmm_2d,absent,3,0,165152,,,,False,True,0,3,,,,,,,,,
BraTS-GLI-02245-100,2,gmm_2d,absent,4,0,165344,,,,False,True,0,4,,,,,,,,,
BraTS-GLI-02245-100,2,gmm_2d,absent,5,0,165413,,,,False,True,0,5,,,,,,,,,
BraTS-GLI-02245-100,2,variational_spline,absent,0,0,0,,,,True,False,0,0,,,,,,,,,
BraTS-GLI-02245-100,2,variational_spline,absent,1,0,19868,,,,False,True,0,1,,,,,,,,,
BraTS-GLI-02245-100,2,variational_spline,absent,2,0,19868,,,,False,True,0,1,,,,,,,,,
BraTS-GLI-02245-100,2,variational_spline,absent,3,0,19868,,,,False,True,0,1,,,,,,,,,
BraTS-GLI-02245-100,2,variational_spline,absent,4,0,19868,,,,False,True,0,1,,,,,,,,,
BraTS-GLI-02245-100,2,variational_spline,absent,5,0,19868,,,,False,True,0,1,,,,,,,,,
BraTS-GLI-02245-103,2,otsu_T1c,small,0,1089,0,0.0,0.0,0.0,,False,3,0,0.0,0.0,3.0,0.0,0.0,0.0,0.0,0.0,0.0
BraTS-GLI-02245-103,2,otsu_T1c,small,1,1089,12908,0.0,0.0,11.85307621671258,,True,3,1,0.0,0.0,3.0,1.0,0.0,0.0,0.0,0.0,0.0
BraTS-GLI-02245-103,2,otsu_T1c,small,2,1089,12908,0.0,0.0,11.85307621671258,,True,3,1,0.0,0.0,3.0,1.0,0.0,0.0,0.0,0.0,0.0
BraTS-GLI-02245-103,2,otsu_T1c,small,3,1089,12908,0.0,0.0,11.85307621671258,,True,3,1,0.0,0.0,3.0,1.0,0.0,0.0,0.0,0.0,0.0
BraTS-GLI-02245-103,2,otsu_T1c,small,4,1089,12908,0.0,0.0,11.85307621671258,,True,3,1,0.0,0.0,3.0,1.0,0.0,0.0,0.0,0.0,0.0
BraTS-GLI-02245-103,2,otsu_T1c,small,5,1089,12908,0.0,0.0,11.85307621671258,,True,3,1,0.0,0.0,3.0,1.0,0.0,0.0,0.0,0.0,0.0
BraTS-GLI-02245-103,2,gmm_T1c,small,0,1089,0,0.0,0.0,0.0,,False,3,0,0.0,0.0,3.0,0.0,0.0,0.0,0.0,0.0,0.0
BraTS-GLI-02245-103,2,gmm_T1c,small,1,1089,14309,0.0445512404208338,0.022783128528728,13.139577594123049,,True,3,1,1.0,1.0,2.0,0.0,0.045508824288845,0.0151696084067225,0.0,0.3333333333333333,0.0
BraTS-GLI-02245-103,2,gmm_T1c,small,2,1089,14309,0.0445512404208338,0.022783128528728,13.139577594123049,,True,3,1,1.0,1.0,2.0,0.0,0.045508824288845,0.0151696084067225,0.0,0.3333333333333333,0.0
BraTS-GLI-02245-103,2,gmm_T1c,small,3,1089,14309,0.0445512404208338,0.022783128528728,13.139577594123049,,True,3,1,1.0,1.0,2.0,0.0,0.045508824288845,0.0151696084067225,0.0,0.3333333333333333,0.0
BraTS-GLI-02245-103,2,gmm_T1c,small,4,1089,14309,0.0445512404208338,0.022783128528728,13.139577594123049,,True,3,1,1.0,1.0,2.0,0.0,0.045508824288845,0.0151696084067225,0.0,0.3333333333333333,0.0
BraTS-GLI-02245-103,2,gmm_T1c,small,5,1089,14309,0.0445512404208338,0.022783128528728,13.139577594123049,,True,3,1,1.0,1.0,2.0,0.0,0.045508824288845,0.0151696084067225,0.0,0.3333333333333333,0.0
BraTS-GLI-02245-103,2,sustraccion,small,0,1089,0,0.0,0.0,0.0,,False,3,0,0.0,0.0,3.0,0.0,0.0,0.0,0.0,0.0,0.0
BraTS-GLI-02245-103,2,sustraccion,small,1,1089,63278,0.0206316901517858,0.0104233709558419,58.10651974288338,,True,3,1,1.0,1.0,2.0,0.0,0.0207360684871673,0.0069120228290557,0.0,0.3333333333333333,0.0
BraTS-GLI-02245-103,2,sustraccion,small,2,1089,64260,0.0203216575617071,0.0102651310195563,59.00826446280992,,True,3,2,1.0,1.0,2.0,1.0,0.0207360684871673,0.0051840171217918,0.0,0.3333333333333333,0.0
BraTS-GLI-02245-103,2,sustraccion,small,3,1089,64966,0.0201044584058738,0.0101543025798657,59.65656565656565,,True,3,3,1.0,1.0,2.0,2.0,0.0207360684871673,0.0041472138836979,0.0,0.3333333333333333,0.0
BraTS-GLI-02245-103,2,sustraccion,small,4,1089,65544,0.0199300646826647,0.010065333717352,60.18732782369146,,True,3,4,1.0,1.0,2.0,3.0,0.0207360684871673,0.0034560114145278,0.0,0.3333333333333333,0.0
BraTS-GLI-02245-103,2,sustraccion,small,5,1089,65818,0.0198484463509049,0.0100237006174237,60.43893480257117,,True,3,5,1.0,1.0,2.0,4.0,0.0207360684871673,0.0029622954316437,0.0,0.3333333333333333,0.0
BraTS-GLI-02245-103,2,gmm_2d,small,0,1089,0,0.0,0.0,0.0,,False,3,0,0.0,0.0,3.0,0.0,0.0,0.0,0.0,0.0,0.0
BraTS-GLI-02245-103,2,gmm_2d,small,1,1089,98367,0.0150217181467181,0.0075676989940127,90.32782369146004,,True,3,1,1.0,1.0,2.0,0.0,0.0150708146393299,0.0050236047245562,0.0,0.3333333333333333,0.0
BraTS-GLI-02245-103,2,gmm_2d,small,2,1089,99221,0.0148938291296979,0.0075027871799764,91.11202938475664,,True,3,2,1.0,1.0,2.0,1.0,0.0150708146393299,0.0037677036598324,0.0,0.3333333333333333,0.0
BraTS-GLI-02245-103,2,gmm_2d,small,3,1089,99907,0.0147926650560418,0.0074514458997097,91.74196510560148,,True,3,3,1.0,1.0,2.0,2.0,0.0150708146393299,0.0030141628812998,0.0,0.3333333333333333,0.0
BraTS-GLI-02245-103,2,gmm_2d,small,4,1089,100514,0.0147042902276507,0.0074065995082097,92.29935720844811,,True,3,4,1.0,1.0,2.0,3.0,0.0150708146393299,0.0025118023622781,0.0,0.3333333333333333,0.0
BraTS-GLI-02245-103,2,gmm_2d,small,5,1089,101046,0.0146276986341606,0.007367735826725,92.78787878787878,,True,3,5,1.0,1.0,2.0,4.0,0.0150708146393299,0.0021529735531657,0.0,0.3333333333333333,0.0
BraTS-GLI-02245-103,2,variational_spline,small,0,1089,0,0.0,0.0,0.0,,False,3,0,0.0,0.0,3.0,0.0,0.0,0.0,0.0,0.0,0.0
BraTS-GLI-02245-103,2,variational_spline,small,1,1089,14312,0.0445425621712875,0.0227785894541107,13.142332415059688,,True,3,1,1.0,1.0,2.0,0.0,0.0454997681081295,0.0151665890589356,0.0,0.3333333333333333,0.0
BraTS-GLI-02245-103,2,variational_spline,small,2,1089,14312,0.0445425621712875,0.0227785894541107,13.142332415059688,,True,3,1,1.0,1.0,2.0,0.0,0.0454997681081295,0.0151665890589356,0.0,0.3333333333333333,0.0
BraTS-GLI-02245-103,2,variational_spline,small,3,1089,14312,0.0445425621712875,0.0227785894541107,13.142332415059688,,True,3,1,1.0,1.0,2.0,0.0,0.0454997681081295,0.0151665890589356,0.0,0.3333333333333333,0.0
BraTS-GLI-02245-103,2,variational_spline,small,4,1089,14312,0.0445425621712875,0.0227785894541107,13.142332415059688,,True,3,1,1.0,1.0,2.0,0.0,0.0454997681081295,0.0151665890589356,0.0,0.3333333333333333,0.0
BraTS-GLI-02245-103,2,variational_spline,small,5,1089,14312,0.0445425621712875,0.0227785894541107,13.142332415059688,,True,3,1,1.0,1.0,2.0,0.0,0.0454997681081295,0.0151665890589356,0.0,0.3333333333333333,0.0
BraTS-GLI-02247-100,2,otsu_T1c,small,0,8,0,0.0,0.0,0.0,,False,0,0,0.0,0.0,0.0,0.0,0.0,,,,
BraTS-GLI-02247-100,2,otsu_T1c,small,1,8,18791,0.0,0.0,2348.875,,True,0,1,0.0,0.0,0.0,1.0,0.0,,,,
BraTS-GLI-02247-100,2,otsu_T1c,small,2,8,18791,0.0,0.0,2348.875,,True,0,1,0.0,0.0,0.0,1.0,0.0,,,,
BraTS-GLI-02247-100,2,otsu_T1c,small,3,8,18791,0.0,0.0,2348.875,,True,0,1,0.0,0.0,0.0,1.0,0.0,,,,
BraTS-GLI-02247-100,2,otsu_T1c,small,4,8,18791,0.0,0.0,2348.875,,True,0,1,0.0,0.0,0.0,1.0,0.0,,,,
BraTS-GLI-02247-100,2,otsu_T1c,small,5,8,18791,0.0,0.0,2348.875,,True,0,1,0.0,0.0,0.0,1.0,0.0,,,,
BraTS-GLI-02247-100,2,gmm_T1c,small,0,8,0,0.0,0.0,0.0,,False,0,0,0.0,0.0,0.0,0.0,0.0,,,,
BraTS-GLI-02247-100,2,gmm_T1c,small,1,8,21386,0.0,0.0,2673.25,,True,0,1,0.0,0.0,0.0,1.0,0.0,,,,
BraTS-GLI-02247-100,2,gmm_T1c,small,2,8,21386,0.0,0.0,2673.25,,True,0,1,0.0,0.0,0.0,1.0,0.0,,,,
BraTS-GLI-02247-100,2,gmm_T1c,small,3,8,21386,0.0,0.0,2673.25,,True,0,1,0.0,0.0,0.0,1.0,0.0,,,,
BraTS-GLI-02247-100,2,gmm_T1c,small,4,8,21386,0.0,0.0,2673.25,,True,0,1,0.0,0.0,0.0,1.0,0.0,,,,
BraTS-GLI-02247-100,2,gmm_T1c,small,5,8,21386,0.0,0.0,2673.25,,True,0,1,0.0,0.0,0.0,1.0,0.0,,,,
BraTS-GLI-02247-100,2,sustraccion,small,0,8,0,0.0,0.0,0.0,,False,0,0,0.0,0.0,0.0,0.0,0.0,,,,
BraTS-GLI-02247-100,2,sustraccion,small,1,8,25092,0.0,0.0,3136.5,,True,0,1,0.0,0.0,0.0,1.0,0.0,,,,
BraTS-GLI-02247-100,2,sustraccion,small,2,8,25241,0.0,0.0,3155.125,,True,0,2,0.0,0.0,0.0,2.0,0.0,,,,
BraTS-GLI-02247-100,2,sustraccion,small,3,8,25305,0.0,0.0,3163.125,,True,0,3,0.0,0.0,0.0,3.0,0.0,,,,
BraTS-GLI-02247-100,2,sustraccion,small,4,8,25359,0.0,0.0,3169.875,,True,0,4,0.0,0.0,0.0,4.0,0.0,,,,
BraTS-GLI-02247-100,2,sustraccion,small,5,8,25389,0.0,0.0,3173.625,,True,0,5,0.0,0.0,0.0,5.0,0.0,,,,
BraTS-GLI-02247-100,2,gmm_2d,small,0,8,0,0.0,0.0,0.0,,False,0,0,0.0,0.0,0.0,0.0,0.0,,,,
BraTS-GLI-02247-100,2,gmm_2d,small,1,8,1036464,1.1577736784013462e-05,5.788901903197983e-06,129558.0,,True,0,1,0.0,0.0,0.0,1.0,0.0,,,,
BraTS-GLI-02247-100,2,gmm_2d,small,2,8,1036489,1.157745753243859e-05,5.788762275794001e-06,129561.125,,True,0,2,0.0,0.0,0.0,2.0,0.0,,,,
BraTS-GLI-02247-100,2,gmm_2d,small,3,8,1036554,1.157673154138392e-05,5.788399276064197e-06,129569.25,,True,0,3,0.0,0.0,0.0,3.0,0.0,,,,
BraTS-GLI-02247-100,2,gmm_2d,small,4,8,1036579,1.1576452338298666e-05,5.7882596729054456e-06,129572.375,,True,0,4,0.0,0.0,0.0,4.0,0.0,,,,
BraTS-GLI-02247-100,2,gmm_2d,small,5,8,1036604,1.1576173148680509e-05,5.78812007648036e-06,129575.5,,True,0,5,0.0,0.0,0.0,5.0,0.0,,,,
BraTS-GLI-02247-100,2,variational_spline,small,0,8,0,0.0,0.0,0.0,,False,0,0,0.0,0.0,0.0,0.0,0.0,,,,
BraTS-GLI-02247-100,2,variational_spline,small,1,8,21345,0.0,0.0,2668.125,,True,0,1,0.0,0.0,0.0,1.0,0.0,,,,
BraTS-GLI-02247-100,2,variational_spline,small,2,8,21345,0.0,0.0,2668.125,,True,0,1,0.0,0.0,0.0,1.0,0.0,,,,
BraTS-GLI-02247-100,2,variational_spline,small,3,8,21345,0.0,0.0,2668.125,,True,0,1,0.0,0.0,0.0,1.0,0.0,,,,
BraTS-GLI-02247-100,2,variational_spline,small,4,8,21345,0.0,0.0,2668.125,,True,0,1,0.0,0.0,0.0,1.0,0.0,,,,
BraTS-GLI-02247-100,2,variational_spline,small,5,8,21345,0.0,0.0,2668.125,,True,0,1,0.0,0.0,0.0,1.0,0.0,,,,
BraTS-GLI-02247-103,2,otsu_T1c,small,0,18,0,0.0,0.0,0.0,,False,1,0,0.0,0.0,1.0,0.0,0.0,0.0,0.0,0.0,0.0
BraTS-GLI-02247-103,2,otsu_T1c,small,1,18,10611,0.0,0.0,589.5,,True,1,1,0.0,0.0,1.0,1.0,0.0,0.0,0.0,0.0,0.0
BraTS-GLI-02247-103,2,otsu_T1c,small,2,18,10611,0.0,0.0,589.5,,True,1,1,0.0,0.0,1.0,1.0,0.0,0.0,0.0,0.0,0.0
BraTS-GLI-02247-103,2,otsu_T1c,small,3,18,10611,0.0,0.0,589.5,,True,1,1,0.0,0.0,1.0,1.0,0.0,0.0,0.0,0.0,0.0
BraTS-GLI-02247-103,2,otsu_T1c,small,4,18,10611,0.0,0.0,589.5,,True,1,1,0.0,0.0,1.0,1.0,0.0,0.0,0.0,0.0,0.0
BraTS-GLI-02247-103,2,otsu_T1c,small,5,18,10611,0.0,0.0,589.5,,True,1,1,0.0,0.0,1.0,1.0,0.0,0.0,0.0,0.0,0.0
BraTS-GLI-02247-103,2,gmm_T1c,small,0,18,0,0.0,0.0,0.0,,False,1,0,0.0,0.0,1.0,0.0,0.0,0.0,0.0,0.0,0.0
BraTS-GLI-02247-103,2,gmm_T1c,small,1,18,1249231,0.0,0.0,69401.72222222222,,True,1,1,0.0,0.0,1.0,1.0,0.0,0.0,0.0,0.0,0.0
BraTS-GLI-02247-103,2,gmm_T1c,small,2,18,1249231,0.0,0.0,69401.72222222222,,True,1,1,0.0,0.0,1.0,1.0,0.0,0.0,0.0,0.0,0.0
BraTS-GLI-02247-103,2,gmm_T1c,small,3,18,1249231,0.0,0.0,69401.72222222222,,True,1,1,0.0,0.0,1.0,1.0,0.0,0.0,0.0,0.0,0.0
BraTS-GLI-02247-103,2,gmm_T1c,small,4,18,1249231,0.0,0.0,69401.72222222222,,True,1,1,0.0,0.0,1.0,1.0,0.0,0.0,0.0,0.0,0.0
BraTS-GLI-02247-103,2,gmm_T1c,small,5,18,1249231,0.0,0.0,69401.72222222222,,True,1,1,0.0,0.0,1.0,1.0,0.0,0.0,0.0,0.0,0.0
BraTS-GLI-02247-103,2,sustraccion,small,0,18,0,0.0,0.0,0.0,,False,1,0,0.0,0.0,1.0,0.0,0.0,0.0,0.0,0.0,0.0
BraTS-GLI-02247-103,2,sustraccion,small,1,18,58361,0.0,0.0,3242.277777777778,,True,1,1,0.0,0.0,1.0,1.0,0.0,0.0,0.0,0.0,0.0
BraTS-GLI-02247-103,2,sustraccion,small,2,18,59986,0.0,0.0,3332.555555555556,,True,1,2,0.0,0.0,1.0,2.0,0.0,0.0,0.0,0.0,0.0
BraTS-GLI-02247-103,2,sustraccion,small,3,18,61607,0.0,0.0,3422.6111111111118,,True,1,3,0.0,0.0,1.0,3.0,0.0,0.0,0.0,0.0,0.0
BraTS-GLI-02247-103,2,sustraccion,small,4,18,62900,0.0,0.0,3494.4444444444443,,True,1,4,0.0,0.0,1.0,4.0,0.0,0.0,0.0,0.0,0.0
BraTS-GLI-02247-103,2,sustraccion,small,5,18,63497,0.0,0.0,3527.6111111111118,,True,1,5,0.0,0.0,1.0,5.0,0.0,0.0,0.0,0.0,0.0
BraTS-GLI-02247-103,2,gmm_2d,small,0,18,0,0.0,0.0,0.0,,False,1,0,0.0,0.0,1.0,0.0,0.0,0.0,0.0,0.0,0.0
BraTS-GLI-02247-103,2,gmm_2d,small,1,18,63047,0.0,0.0,3502.6111111111118,,True,1,1,0.0,0.0,1.0,1.0,0.0,0.0,0.0,0.0,0.0
BraTS-GLI-02247-103,2,gmm_2d,small,2,18,64644,0.0,0.0,3591.333333333333,,True,1,2,0.0,0.0,1.0,2.0,0.0,0.0,0.0,0.0,0.0
BraTS-GLI-02247-103,2,gmm_2d,small,3,18,65929,0.0,0.0,3662.722222222222,,True,1,3,0.0,0.0,1.0,3.0,0.0,0.0,0.0,0.0,0.0
BraTS-GLI-02247-103,2,gmm_2d,small,4,18,66499,0.0,0.0,3694.3888888888887,,True,1,4,0.0,0.0,1.0,4.0,0.0,0.0,0.0,0.0,0.0
BraTS-GLI-02247-103,2,gmm_2d,small,5,18,66593,0.0,0.0,3699.6111111111113,,True,1,5,0.0,0.0,1.0,5.0,0.0,0.0,0.0,0.0,0.0
BraTS-GLI-02247-103,2,variational_spline,small,0,18,0,0.0,0.0,0.0,,False,1,0,0.0,0.0,1.0,0.0,0.0,0.0,0.0,0.0,0.0
BraTS-GLI-02247-103,2,variational_spline,small,1,18,173580,0.0,0.0,9643.333333333334,,True,1,1,0.0,0.0,1.0,1.0,0.0,0.0,0.0,0.0,0.0
BraTS-GLI-02247-103,2,variational_spline,small,2,18,173580,0.0,0.0,9643.333333333334,,True,1,1,0.0,0.0,1.0,1.0,0.0,0.0,0.0,0.0,0.0
BraTS-GLI-02247-103,2,variational_spline,small,3,18,173580,0.0,0.0,9643.333333333334,,True,1,1,0.0,0.0,1.0,1.0,0.0,0.0,0.0,0.0,0.0
BraTS-GLI-02247-103,2,variational_spline,small,4,18,173580,0.0,0.0,9643.333333333334,,True,1,1,0.0,0.0,1.0,1.0,0.0,0.0,0.0,0.0,0.0
BraTS-GLI-02247-103,2,variational_spline,small,5,18,173580,0.0,0.0,9643.333333333334,,True,1,1,0.0,0.0,1.0,1.0,0.0,0.0,0.0,0.0,0.0
BraTS-GLI-02248-102,0,otsu_T1c,absent,0,0,0,,,,True,False,0,0,,,,,,,,,
BraTS-GLI-02248-102,0,otsu_T1c,absent,1,0,11100,,,,False,True,0,1,,,,,,,,,
BraTS-GLI-02248-102,0,otsu_T1c,absent,2,0,11100,,,,False,True,0,1,,,,,,,,,
BraTS-GLI-02248-102,0,otsu_T1c,absent,3,0,11100,,,,False,True,0,1,,,,,,,,,
BraTS-GLI-02248-102,0,otsu_T1c,absent,4,0,11100,,,,False,True,0,1,,,,,,,,,
BraTS-GLI-02248-102,0,otsu_T1c,absent,5,0,11100,,,,False,True,0,1,,,,,,,,,
BraTS-GLI-02248-102,0,gmm_T1c,absent,0,0,0,,,,True,False,0,0,,,,,,,,,
BraTS-GLI-02248-102,0,gmm_T1c,absent,1,0,12388,,,,False,True,0,1,,,,,,,,,
BraTS-GLI-02248-102,0,gmm_T1c,absent,2,0,12388,,,,False,True,0,1,,,,,,,,,
BraTS-GLI-02248-102,0,gmm_T1c,absent,3,0,12388,,,,False,True,0,1,,,,,,,,,
BraTS-GLI-02248-102,0,gmm_T1c,absent,4,0,12388,,,,False,True,0,1,,,,,,,,,
BraTS-GLI-02248-102,0,gmm_T1c,absent,5,0,12388,,,,False,True,0,1,,,,,,,,,
BraTS-GLI-02248-102,0,sustraccion,absent,0,0,0,,,,True,False,0,0,,,,,,,,,
BraTS-GLI-02248-102,0,sustraccion,absent,1,0,47260,,,,False,True,0,1,,,,,,,,,
BraTS-GLI-02248-102,0,sustraccion,absent,2,0,49423,,,,False,True,0,2,,,,,,,,,
BraTS-GLI-02248-102,0,sustraccion,absent,3,0,50816,,,,False,True,0,3,,,,,,,,,
BraTS-GLI-02248-102,0,sustraccion,absent,4,0,51468,,,,False,True,0,4,,,,,,,,,
BraTS-GLI-02248-102,0,sustraccion,absent,5,0,51586,,,,False,True,0,5,,,,,,,,,
BraTS-GLI-02248-102,0,gmm_2d,absent,0,0,0,,,,True,False,0,0,,,,,,,,,
BraTS-GLI-02248-102,0,gmm_2d,absent,1,0,102974,,,,False,True,0,1,,,,,,,,,
BraTS-GLI-02248-102,0,gmm_2d,absent,2,0,105185,,,,False,True,0,2,,,,,,,,,
BraTS-GLI-02248-102,0,gmm_2d,absent,3,0,106310,,,,False,True,0,3,,,,,,,,,
BraTS-GLI-02248-102,0,gmm_2d,absent,4,0,107298,,,,False,True,0,4,,,,,,,,,
BraTS-GLI-02248-102,0,gmm_2d,absent,5,0,108259,,,,False,True,0,5,,,,,,,,,
BraTS-GLI-02248-102,0,variational_spline,absent,0,0,0,,,,True,False,0,0,,,,,,,,,
BraTS-GLI-02248-102,0,variational_spline,absent,1,0,12388,,,,False,True,0,1,,,,,,,,,
BraTS-GLI-02248-102,0,variational_spline,absent,2,0,12388,,,,False,True,0,1,,,,,,,,,
BraTS-GLI-02248-102,0,variational_spline,absent,3,0,12388,,,,False,True,0,1,,,,,,,,,
BraTS-GLI-02248-102,0,variational_spline,absent,4,0,12388,,,,False,True,0,1,,,,,,,,,
BraTS-GLI-02248-102,0,variational_spline,absent,5,0,12388,,,,False,True,0,1,,,,,,,,,
BraTS-GLI-02285-100,0,otsu_T1c,medium,0,8920,0,0.0,0.0,0.0,,False,2,0,0.0,0.0,2.0,0.0,0.0,0.0,0.0,0.0,0.0
BraTS-GLI-02285-100,0,otsu_T1c,medium,1,8920,14772,0.0,0.0,1.6560538116591927,,True,2,1,0.0,0.0,2.0,1.0,0.0,0.0,0.0,0.0,0.0
BraTS-GLI-02285-100,0,otsu_T1c,medium,2,8920,14772,0.0,0.0,1.6560538116591927,,True,2,1,0.0,0.0,2.0,1.0,0.0,0.0,0.0,0.0,0.0
BraTS-GLI-02285-100,0,otsu_T1c,medium,3,8920,14772,0.0,0.0,1.6560538116591927,,True,2,1,0.0,0.0,2.0,1.0,0.0,0.0,0.0,0.0,0.0
BraTS-GLI-02285-100,0,otsu_T1c,medium,4,8920,14772,0.0,0.0,1.6560538116591927,,True,2,1,0.0,0.0,2.0,1.0,0.0,0.0,0.0,0.0,0.0
BraTS-GLI-02285-100,0,otsu_T1c,medium,5,8920,14772,0.0,0.0,1.6560538116591927,,True,2,1,0.0,0.0,2.0,1.0,0.0,0.0,0.0,0.0,0.0
BraTS-GLI-02285-100,0,gmm_T1c,medium,0,8920,0,0.0,0.0,0.0,,False,2,0,0.0,0.0,2.0,0.0,0.0,0.0,0.0,0.0,0.0
BraTS-GLI-02285-100,0,gmm_T1c,medium,1,8920,21811,0.0115843936090592,0.0058259418060419,2.4451793721973094,,True,2,1,1.0,1.0,1.0,0.0,0.0116021381691098,0.0058010690845549,0.0058010690845549,0.5,0.0
BraTS-GLI-02285-100,0,gmm_T1c,medium,2,8920,21811,0.0115843936090592,0.0058259418060419,2.4451793721973094,,True,2,1,1.0,1.0,1.0,0.0,0.0116021381691098,0.0058010690845549,0.0058010690845549,0.5,0.0
BraTS-GLI-02285-100,0,gmm_T1c,medium,3,8920,21811,0.0115843936090592,0.0058259418060419,2.4451793721973094,,True,2,1,1.0,1.0,1.0,0.0,0.0116021381691098,0.0058010690845549,0.0058010690845549,0.5,0.0
BraTS-GLI-02285-100,0,gmm_T1c,medium,4,8920,21811,0.0115843936090592,0.0058259418060419,2.4451793721973094,,True,2,1,1.0,1.0,1.0,0.0,0.0116021381691098,0.0058010690845549,0.0058010690845549,0.5,0.0
BraTS-GLI-02285-100,0,gmm_T1c,medium,5,8920,21811,0.0115843936090592,0.0058259418060419,2.4451793721973094,,True,2,1,1.0,1.0,1.0,0.0,0.0116021381691098,0.0058010690845549,0.0058010690845549,0.5,0.0
BraTS-GLI-02285-100,0,sustraccion,medium,0,8920,0,0.0,0.0,0.0,,False,2,0,0.0,0.0,2.0,0.0,0.0,0.0,0.0,0.0,0.0
BraTS-GLI-02285-100,0,sustraccion,medium,1,8920,70052,0.1775312769082712,0.0974125232761735,7.853363228699552,,True,2,1,1.0,1.0,1.0,0.0,0.1776369959115982,0.0888184979557991,0.0888184979557991,0.5,0.5
BraTS-GLI-02285-100,0,sustraccion,medium,2,8920,70475,0.1765854272939102,0.096843268633004,7.9007847533632285,,True,2,2,1.0,1.0,1.0,1.0,0.1776369959115982,0.0592123307287693,0.0888184979557991,0.5,0.5
BraTS-GLI-02285-100,0,sustraccion,medium,3,8920,70873,0.1757046357449901,0.0963136996276603,7.945403587443947,,True,2,3,1.0,1.0,1.0,2.0,0.1776369959115982,0.0444092489778995,0.0888184979557991,0.5,0.5
BraTS-GLI-02285-100,0,sustraccion,medium,4,8920,71025,0.1753705672649946,0.0961129773085624,7.96244394618834,,True,2,4,1.0,1.0,1.0,3.0,0.1776369959115982,0.0355274006724357,0.0888184979557991,0.5,0.5
BraTS-GLI-02285-100,0,sustraccion,medium,5,8920,71145,0.175107724973459,0.0959551023201697,7.9758968609865475,,True,2,5,1.0,1.0,1.0,4.0,0.1776369959115982,0.0296061653643846,0.0888184979557991,0.5,0.5
BraTS-GLI-02285-100,0,gmm_2d,medium,0,8920,0,0.0,0.0,0.0,,False,2,0,0.0,0.0,2.0,0.0,0.0,0.0,0.0,0.0,0.0
BraTS-GLI-02285-100,0,gmm_2d,medium,1,8920,2899,0.0,0.0,0.325,,False,2,1,0.0,0.0,2.0,1.0,0.0,0.0,0.0,0.0,0.0
BraTS-GLI-02285-100,0,gmm_2d,medium,2,8920,5704,0.0,0.0,0.6394618834080718,,False,2,2,0.0,0.0,2.0,2.0,0.0,0.0,0.0,0.0,0.0
BraTS-GLI-02285-100,0,gmm_2d,medium,3,8920,6887,0.0,0.0,0.772085201793722,,False,2,3,0.0,0.0,2.0,3.0,0.0,0.0,0.0,0.0,0.0
BraTS-GLI-02285-100,0,gmm_2d,medium,4,8920,7719,0.0,0.0,0.8653587443946188,,False,2,4,0.0,0.0,2.0,4.0,0.0,0.0,0.0,0.0,0.0
BraTS-GLI-02285-100,0,gmm_2d,medium,5,8920,7897,0.0,0.0,0.8853139013452915,,False,2,5,0.0,0.0,2.0,5.0,0.0,0.0,0.0,0.0,0.0
BraTS-GLI-02285-100,0,variational_spline,medium,0,8920,0,0.0,0.0,0.0,,False,2,0,0.0,0.0,2.0,0.0,0.0,0.0,0.0,0.0,0.0
BraTS-GLI-02285-100,0,variational_spline,medium,1,8920,21816,0.0115825091098386,0.0058249885463708,2.4457399103139013,,True,2,1,1.0,1.0,1.0,0.0,0.0116002475842833,0.0058001237921416,0.0058001237921416,0.5,0.0
BraTS-GLI-02285-100,0,variational_spline,medium,2,8920,21816,0.0115825091098386,0.0058249885463708,2.4457399103139013,,True,2,1,1.0,1.0,1.0,0.0,0.0116002475842833,0.0058001237921416,0.0058001237921416,0.5,0.0
BraTS-GLI-02285-100,0,variational_spline,medium,3,8920,21816,0.0115825091098386,0.0058249885463708,2.4457399103139013,,True,2,1,1.0,1.0,1.0,0.0,0.0116002475842833,0.0058001237921416,0.0058001237921416,0.5,0.0
BraTS-GLI-02285-100,0,variational_spline,medium,4,8920,21816,0.0115825091098386,0.0058249885463708,2.4457399103139013,,True,2,1,1.0,1.0,1.0,0.0,0.0116002475842833,0.0058001237921416,0.0058001237921416,0.5,0.0
BraTS-GLI-02285-100,0,variational_spline,medium,5,8920,21816,0.0115825091098386,0.0058249885463708,2.4457399103139013,,True,2,1,1.0,1.0,1.0,0.0,0.0116002475842833,0.0058001237921416,0.0058001237921416,0.5,0.0
BraTS-GLI-02300-101,1,otsu_T1c,large,0,12673,0,0.0,0.0,0.0,,False,1,0,0.0,0.0,1.0,0.0,0.0,0.0,0.0,0.0,0.0
BraTS-GLI-02300-101,1,otsu_T1c,large,1,12673,15208,0.0,0.0,1.2000315631657856,,True,1,1,0.0,0.0,1.0,1.0,0.0,0.0,0.0,0.0,0.0
BraTS-GLI-02300-101,1,otsu_T1c,large,2,12673,15208,0.0,0.0,1.2000315631657856,,True,1,1,0.0,0.0,1.0,1.0,0.0,0.0,0.0,0.0,0.0
BraTS-GLI-02300-101,1,otsu_T1c,large,3,12673,15208,0.0,0.0,1.2000315631657856,,True,1,1,0.0,0.0,1.0,1.0,0.0,0.0,0.0,0.0,0.0
BraTS-GLI-02300-101,1,otsu_T1c,large,4,12673,15208,0.0,0.0,1.2000315631657856,,True,1,1,0.0,0.0,1.0,1.0,0.0,0.0,0.0,0.0,0.0
BraTS-GLI-02300-101,1,otsu_T1c,large,5,12673,15208,0.0,0.0,1.2000315631657856,,True,1,1,0.0,0.0,1.0,1.0,0.0,0.0,0.0,0.0,0.0
BraTS-GLI-02300-101,1,gmm_T1c,large,0,12673,0,0.0,0.0,0.0,,False,1,0,0.0,0.0,1.0,0.0,0.0,0.0,0.0,0.0,0.0
BraTS-GLI-02300-101,1,gmm_T1c,large,1,12673,22582,0.0,0.0,1.7818985244219996,,True,1,1,0.0,0.0,1.0,1.0,0.0,0.0,0.0,0.0,0.0
BraTS-GLI-02300-101,1,gmm_T1c,large,2,12673,22582,0.0,0.0,1.7818985244219996,,True,1,1,0.0,0.0,1.0,1.0,0.0,0.0,0.0,0.0,0.0
BraTS-GLI-02300-101,1,gmm_T1c,large,3,12673,22582,0.0,0.0,1.7818985244219996,,True,1,1,0.0,0.0,1.0,1.0,0.0,0.0,0.0,0.0,0.0
BraTS-GLI-02300-101,1,gmm_T1c,large,4,12673,22582,0.0,0.0,1.7818985244219996,,True,1,1,0.0,0.0,1.0,1.0,0.0,0.0,0.0,0.0,0.0
BraTS-GLI-02300-101,1,gmm_T1c,large,5,12673,22582,0.0,0.0,1.7818985244219996,,True,1,1,0.0,0.0,1.0,1.0,0.0,0.0,0.0,0.0,0.0
BraTS-GLI-02300-101,1,sustraccion,large,0,12673,0,0.0,0.0,0.0,,False,1,0,0.0,0.0,1.0,0.0,0.0,0.0,0.0,0.0,0.0
BraTS-GLI-02300-101,1,sustraccion,large,1,12673,74101,0.2645492889575218,0.1524383765405864,5.84715536968358,,True,1,1,1.0,1.0,0.0,0.0,0.2645675837993622,0.2645675837993622,0.2645675837993622,1.0,1.0
BraTS-GLI-02300-101,1,sustraccion,large,2,12673,74851,0.2622823454138293,0.1509349604186939,5.906336305531445,,True,1,2,1.0,1.0,0.0,1.0,0.2645675837993622,0.1322837918996811,0.2645675837993622,1.0,1.0
BraTS-GLI-02300-101,1,sustraccion,large,3,12673,75031,0.2617440481619995,0.1505785427544407,5.920539730134933,,True,1,3,1.0,1.0,0.0,2.0,0.2645675837993622,0.0881891921162605,0.2645675837993622,1.0,1.0
BraTS-GLI-02300-101,1,sustraccion,large,4,12673,75173,0.261320948022676,0.1502985543683218,5.931744653988795,,True,1,4,1.0,1.0,0.0,3.0,0.2645675837993622,0.0661418959498405,0.2645675837993622,1.0,1.0
BraTS-GLI-02300-101,1,sustraccion,large,5,12673,75283,0.2609941334303515,0.150082376631188,5.940424524579815,,True,1,5,1.0,1.0,0.0,4.0,0.2645675837993622,0.0529135167598724,0.2645675837993622,1.0,1.0
BraTS-GLI-02300-101,1,gmm_2d,large,0,12673,0,0.0,0.0,0.0,,False,1,0,0.0,0.0,1.0,0.0,0.0,0.0,0.0,0.0,0.0
BraTS-GLI-02300-101,1,gmm_2d,large,1,12673,3384,0.120321355172199,0.0640116625803459,0.2670243825455693,,False,1,1,1.0,1.0,0.0,0.0,0.1196187138557434,0.1196187138557434,0.1196187138557434,1.0,1.0
BraTS-GLI-02300-101,1,gmm_2d,large,2,12673,4855,0.1102236421725239,0.0583262890955198,0.3830979247218496,,False,1,2,1.0,1.0,0.0,1.0,0.1196187138557434,0.0598093569278717,0.1196187138557434,1.0,1.0
BraTS-GLI-02300-101,1,gmm_2d,large,3,12673,5758,0.104823395366502,0.0553106212424849,0.4543517714826797,,False,1,3,1.0,1.0,0.0,2.0,0.1196187138557434,0.0398729033768177,0.1196187138557434,1.0,1.0
BraTS-GLI-02300-101,1,gmm_2d,large,4,12673,11030,0.0815086697886343,0.0424858160707217,0.8703542965359425,,True,1,4,1.0,1.0,0.0,3.0,0.1196187138557434,0.0299046784639358,0.1196187138557434,1.0,1.0
BraTS-GLI-02300-101,1,gmm_2d,large,5,12673,17626,0.0637644806759299,0.0329321924112774,1.390830900339304,,True,1,5,1.0,1.0,0.0,4.0,0.1196187138557434,0.0239237435162067,0.1196187138557434,1.0,1.0
BraTS-GLI-02300-101,1,variational_spline,large,0,12673,0,0.0,0.0,0.0,,False,1,0,0.0,0.0,1.0,0.0,0.0,0.0,0.0,0.0,0.0
BraTS-GLI-02300-101,1,variational_spline,large,1,12673,22584,0.0,0.0,1.782056340250927,,True,1,1,0.0,0.0,1.0,1.0,0.0,0.0,0.0,0.0,0.0
BraTS-GLI-02300-101,1,variational_spline,large,2,12673,22584,0.0,0.0,1.782056340250927,,True,1,1,0.0,0.0,1.0,1.0,0.0,0.0,0.0,0.0,0.0
BraTS-GLI-02300-101,1,variational_spline,large,3,12673,22584,0.0,0.0,1.782056340250927,,True,1,1,0.0,0.0,1.0,1.0,0.0,0.0,0.0,0.0,0.0
BraTS-GLI-02300-101,1,variational_spline,large,4,12673,22584,0.0,0.0,1.782056340250927,,True,1,1,0.0,0.0,1.0,1.0,0.0,0.0,0.0,0.0,0.0
BraTS-GLI-02300-101,1,variational_spline,large,5,12673,22584,0.0,0.0,1.782056340250927,,True,1,1,0.0,0.0,1.0,1.0,0.0,0.0,0.0,0.0,0.0
BraTS-GLI-02306-100,3,otsu_T1c,large,0,31760,0,0.0,0.0,0.0,,False,1,0,0.0,0.0,1.0,0.0,0.0,0.0,0.0,0.0,0.0
BraTS-GLI-02306-100,3,otsu_T1c,large,1,31760,22101,0.8166948255695216,0.6901810650516208,0.6958753148614609,,True,1,1,1.0,1.0,0.0,0.0,0.8166947960853577,0.8166947960853577,0.8166947960853577,1.0,1.0
BraTS-GLI-02306-100,3,otsu_T1c,large,2,31760,22101,0.8166948255695216,0.6901810650516208,0.6958753148614609,,True,1,1,1.0,1.0,0.0,0.0,0.8166947960853577,0.8166947960853577,0.8166947960853577,1.0,1.0
BraTS-GLI-02306-100,3,otsu_T1c,large,3,31760,22101,0.8166948255695216,0.6901810650516208,0.6958753148614609,,True,1,1,1.0,1.0,0.0,0.0,0.8166947960853577,0.8166947960853577,0.8166947960853577,1.0,1.0
BraTS-GLI-02306-100,3,otsu_T1c,large,4,31760,22101,0.8166948255695216,0.6901810650516208,0.6958753148614609,,True,1,1,1.0,1.0,0.0,0.0,0.8166947960853577,0.8166947960853577,0.8166947960853577,1.0,1.0
BraTS-GLI-02306-100,3,otsu_T1c,large,5,31760,22101,0.8166948255695216,0.6901810650516208,0.6958753148614609,,True,1,1,1.0,1.0,0.0,0.0,0.8166947960853577,0.8166947960853577,0.8166947960853577,1.0,1.0
BraTS-GLI-02306-100,3,gmm_T1c,large,0,31760,0,0.0,0.0,0.0,,False,1,0,0.0,0.0,1.0,0.0,0.0,0.0,0.0,0.0,0.0
BraTS-GLI-02306-100,3,gmm_T1c,large,1,31760,35197,0.8614782621682573,0.7566638681918354,1.1082178841309824,,True,1,1,1.0,1.0,0.0,0.0,0.8614782691001892,0.8614782691001892,0.8614782691001892,1.0,1.0
BraTS-GLI-02306-100,3,gmm_T1c,large,2,31760,35197,0.8614782621682573,0.7566638681918354,1.1082178841309824,,True,1,1,1.0,1.0,0.0,0.0,0.8614782691001892,0.8614782691001892,0.8614782691001892,1.0,1.0
BraTS-GLI-02306-100,3,gmm_T1c,large,3,31760,35197,0.8614782621682573,0.7566638681918354,1.1082178841309824,,True,1,1,1.0,1.0,0.0,0.0,0.8614782691001892,0.8614782691001892,0.8614782691001892,1.0,1.0
BraTS-GLI-02306-100,3,gmm_T1c,large,4,31760,35197,0.8614782621682573,0.7566638681918354,1.1082178841309824,,True,1,1,1.0,1.0,0.0,0.0,0.8614782691001892,0.8614782691001892,0.8614782691001892,1.0,1.0
BraTS-GLI-02306-100,3,gmm_T1c,large,5,31760,35197,0.8614782621682573,0.7566638681918354,1.1082178841309824,,True,1,1,1.0,1.0,0.0,0.0,0.8614782691001892,0.8614782691001892,0.8614782691001892,1.0,1.0
BraTS-GLI-02306-100,3,sustraccion,large,0,31760,0,0.0,0.0,0.0,,False,1,0,0.0,0.0,1.0,0.0,0.0,0.0,0.0,0.0,0.0
BraTS-GLI-02306-100,3,sustraccion,large,1,31760,93235,0.4864034561382455,0.3213560827096283,2.935610831234257,,True,1,1,1.0,1.0,0.0,0.0,0.4864034652709961,0.4864034652709961,0.4864034652709961,1.0,1.0
BraTS-GLI-02306-100,3,sustraccion,large,2,31760,94181,0.4827498590609889,0.3181742061083084,2.9653967254408062,,True,1,2,1.0,1.0,0.0,1.0,0.4864034652709961,0.243201732635498,0.4864034652709961,1.0,1.0
BraTS-GLI-02306-100,3,sustraccion,large,3,31760,94543,0.481366238331631,0.3169732232232232,2.976794710327456,,True,1,3,1.0,1.0,0.0,2.0,0.4864034652709961,0.1621344834566116,0.4864034652709961,1.0,1.0
BraTS-GLI-02306-100,3,sustraccion,large,4,31760,94647,0.4809701994351578,0.3166298641779851,2.9800692695214104,,True,1,4,1.0,1.0,0.0,3.0,0.4864034652709961,0.121600866317749,0.4864034652709961,1.0,1.0
BraTS-GLI-02306-100,3,sustraccion,large,5,31760,94722,0.4806849986559352,0.3163827107813036,2.982430730478589,,True,1,5,1.0,1.0,0.0,4.0,0.4864034652709961,0.0972806960344314,0.4864034652709961,1.0,1.0
BraTS-GLI-02306-100,3,gmm_2d,large,0,31760,0,0.0,0.0,0.0,,False,1,0,0.0,0.0,1.0,0.0,0.0,0.0,0.0,0.0,0.0
BraTS-GLI-02306-100,3,gmm_2d,large,1,31760,75,0.0,0.0,0.0023614609571788,,False,1,1,0.0,0.0,1.0,1.0,0.0,0.0,0.0,0.0,0.0
BraTS-GLI-02306-100,3,gmm_2d,large,2,31760,113,0.0,0.0,0.0035579345088161,,False,1,2,0.0,0.0,1.0,2.0,0.0,0.0,0.0,0.0,0.0
BraTS-GLI-02306-100,3,gmm_2d,large,3,31760,138,0.0,0.0,0.004345088161209,,False,1,3,0.0,0.0,1.0,3.0,0.0,0.0,0.0,0.0,0.0
BraTS-GLI-02306-100,3,gmm_2d,large,4,31760,194,0.0,0.0,0.0061083123425692,,False,1,4,0.0,0.0,1.0,4.0,0.0,0.0,0.0,0.0,0.0
BraTS-GLI-02306-100,3,gmm_2d,large,5,31760,7576,0.0,0.0,0.2385390428211587,,False,1,5,0.0,0.0,1.0,5.0,0.0,0.0,0.0,0.0,0.0
BraTS-GLI-02306-100,3,variational_spline,large,0,31760,0,0.0,0.0,0.0,,False,1,0,0.0,0.0,1.0,0.0,0.0,0.0,0.0,0.0,0.0
BraTS-GLI-02306-100,3,variational_spline,large,1,31760,26502,0.8533177714462257,0.7441623757633816,0.8344458438287153,,True,1,1,1.0,1.0,0.0,0.0,0.8533177971839905,0.8533177971839905,0.8533177971839905,1.0,1.0
BraTS-GLI-02306-100,3,variational_spline,large,2,31760,26502,0.8533177714462257,0.7441623757633816,0.8344458438287153,,True,1,1,1.0,1.0,0.0,0.0,0.8533177971839905,0.8533177971839905,0.8533177971839905,1.0,1.0
BraTS-GLI-02306-100,3,variational_spline,large,3,31760,26502,0.8533177714462257,0.7441623757633816,0.8344458438287153,,True,1,1,1.0,1.0,0.0,0.0,0.8533177971839905,0.8533177971839905,0.8533177971839905,1.0,1.0
BraTS-GLI-02306-100,3,variational_spline,large,4,31760,26502,0.8533177714462257,0.7441623757633816,0.8344458438287153,,True,1,1,1.0,1.0,0.0,0.0,0.8533177971839905,0.8533177971839905,0.8533177971839905,1.0,1.0
BraTS-GLI-02306-100,3,variational_spline,large,5,31760,26502,0.8533177714462257,0.7441623757633816,0.8344458438287153,,True,1,1,1.0,1.0,0.0,0.0,0.8533177971839905,0.8533177971839905,0.8533177971839905,1.0,1.0
BraTS-GLI-02307-101,4,otsu_T1c,medium,0,10974,0,0.0,0.0,0.0,,False,7,0,0.0,0.0,7.0,0.0,0.0,0.0,0.0,0.0,0.0
BraTS-GLI-02307-101,4,otsu_T1c,medium,1,10974,20090,0.0,0.0,1.83069072352834,,True,7,1,0.0,0.0,7.0,1.0,0.0,0.0,0.0,0.0,0.0
BraTS-GLI-02307-101,4,otsu_T1c,medium,2,10974,20090,0.0,0.0,1.83069072352834,,True,7,1,0.0,0.0,7.0,1.0,0.0,0.0,0.0,0.0,0.0
BraTS-GLI-02307-101,4,otsu_T1c,medium,3,10974,20090,0.0,0.0,1.83069072352834,,True,7,1,0.0,0.0,7.0,1.0,0.0,0.0,0.0,0.0,0.0
BraTS-GLI-02307-101,4,otsu_T1c,medium,4,10974,20090,0.0,0.0,1.83069072352834,,True,7,1,0.0,0.0,7.0,1.0,0.0,0.0,0.0,0.0,0.0
BraTS-GLI-02307-101,4,otsu_T1c,medium,5,10974,20090,0.0,0.0,1.83069072352834,,True,7,1,0.0,0.0,7.0,1.0,0.0,0.0,0.0,0.0,0.0
BraTS-GLI-02307-101,4,gmm_T1c,medium,0,10974,0,0.0,0.0,0.0,,False,7,0,0.0,0.0,7.0,0.0,0.0,0.0,0.0,0.0,0.0
BraTS-GLI-02307-101,4,gmm_T1c,medium,1,10974,29882,0.0010769532014881,0.0005387667140128,2.722981592855841,,True,7,1,1.0,1.0,6.0,0.0,0.0013367643114179,0.0001909663260448,0.0,0.1428571428571428,0.0
BraTS-GLI-02307-101,4,gmm_T1c,medium,2,10974,29882,0.0010769532014881,0.0005387667140128,2.722981592855841,,True,7,1,1.0,1.0,6.0,0.0,0.0013367643114179,0.0001909663260448,0.0,0.1428571428571428,0.0
BraTS-GLI-02307-101,4,gmm_T1c,medium,3,10974,29882,0.0010769532014881,0.0005387667140128,2.722981592855841,,True,7,1,1.0,1.0,6.0,0.0,0.0013367643114179,0.0001909663260448,0.0,0.1428571428571428,0.0
BraTS-GLI-02307-101,4,gmm_T1c,medium,4,10974,29882,0.0010769532014881,0.0005387667140128,2.722981592855841,,True,7,1,1.0,1.0,6.0,0.0,0.0013367643114179,0.0001909663260448,0.0,0.1428571428571428,0.0
BraTS-GLI-02307-101,4,gmm_T1c,medium,5,10974,29882,0.0010769532014881,0.0005387667140128,2.722981592855841,,True,7,1,1.0,1.0,6.0,0.0,0.0013367643114179,0.0001909663260448,0.0,0.1428571428571428,0.0
BraTS-GLI-02307-101,4,sustraccion,medium,0,10974,0,0.0,0.0,0.0,,False,7,0,0.0,0.0,7.0,0.0,0.0,0.0,0.0,0.0,0.0
BraTS-GLI-02307-101,4,sustraccion,medium,1,10974,86157,0.0011119004231398,0.0005562594641367,7.85101148168398,,True,7,1,1.0,1.0,6.0,0.0,0.0009512981632724,0.0001358997396891,0.0,0.1428571428571428,0.0
BraTS-GLI-02307-101,4,sustraccion,medium,2,10974,86742,0.0011052437676531,0.0005529274436321,7.904319300164024,,True,7,2,1.0,1.0,6.0,1.0,0.0009512981632724,0.000118912270409,0.0,0.1428571428571428,0.0
BraTS-GLI-02307-101,4,sustraccion,medium,3,10974,87111,0.0011010857929346,0.0005508461609082,7.937944231820667,,True,7,3,1.0,1.0,6.0,2.0,0.0009512981632724,0.0001056997934938,0.0,0.1428571428571428,0.0
BraTS-GLI-02307-101,4,sustraccion,medium,4,10974,87265,0.0010993597247528,0.0005499821765035,7.951977401129944,,True,7,4,1.0,1.0,6.0,3.0,0.0009512981632724,9.5129813416861e-05,0.0,0.1428571428571428,0.0
BraTS-GLI-02307-101,4,sustraccion,medium,5,10974,87403,0.0010978175793122,0.000549210255993,7.964552578822672,,True,7,5,1.0,1.0,6.0,4.0,0.0009512981632724,8.648165385238826e-05,0.0,0.1428571428571428,0.0
BraTS-GLI-02307-101,4,gmm_2d,medium,0,10974,0,0.0,0.0,0.0,,False,7,0,0.0,0.0,7.0,0.0,0.0,0.0,0.0,0.0,0.0
BraTS-GLI-02307-101,4,gmm_2d,medium,1,10974,278720,0.074678799008609,0.0387877092768496,25.39821396026973,,True,7,1,1.0,1.0,6.0,0.0,0.0561963431537151,0.0080280490219593,0.0,0.1428571428571428,0.0
BraTS-GLI-02307-101,4,gmm_2d,medium,2,10974,278854,0.0746442717749837,0.0387690807889294,25.41042464005832,,True,7,2,1.0,1.0,6.0,1.0,0.0561963431537151,0.0070245428942143,0.0,0.1428571428571428,0.0
BraTS-GLI-02307-101,4,gmm_2d,medium,3,10974,278901,0.0746321690383786,0.0387625511542403,25.41470749043193,,True,7,3,1.0,1.0,6.0,2.0,0.0561963431537151,0.0062440382316708,0.0,0.1428571428571428,0.0
BraTS-GLI-02307-101,4,gmm_2d,medium,4,10974,278926,0.0746257330113832,0.0387590788403449,25.416985602332787,,True,7,4,1.0,1.0,6.0,3.0,0.0561963431537151,0.0056196344085037,0.0,0.1428571428571428,0.0
BraTS-GLI-02307-101,4,gmm_2d,medium,5,10974,278951,0.0746192980943347,0.0387556071484873,25.419263714233644,,True,7,5,1.0,1.0,6.0,4.0,0.0561963431537151,0.005108758341521,0.0,0.1428571428571428,0.0
BraTS-GLI-02307-101,4,variational_spline,medium,0,10974,0,0.0,0.0,0.0,,False,7,0,0.0,0.0,7.0,0.0,0.0,0.0,0.0,0.0,0.0
BraTS-GLI-02307-101,4,variational_spline,medium,1,10974,29882,0.0010769532014881,0.0005387667140128,2.722981592855841,,True,7,1,1.0,1.0,6.0,0.0,0.0013367643114179,0.0001909663260448,0.0,0.1428571428571428,0.0
BraTS-GLI-02307-101,4,variational_spline,medium,2,10974,29882,0.0010769532014881,0.0005387667140128,2.722981592855841,,True,7,1,1.0,1.0,6.0,0.0,0.0013367643114179,0.0001909663260448,0.0,0.1428571428571428,0.0
BraTS-GLI-02307-101,4,variational_spline,medium,3,10974,29882,0.0010769532014881,0.0005387667140128,2.722981592855841,,True,7,1,1.0,1.0,6.0,0.0,0.0013367643114179,0.0001909663260448,0.0,0.1428571428571428,0.0
BraTS-GLI-02307-101,4,variational_spline,medium,4,10974,29882,0.0010769532014881,0.0005387667140128,2.722981592855841,,True,7,1,1.0,1.0,6.0,0.0,0.0013367643114179,0.0001909663260448,0.0,0.1428571428571428,0.0
BraTS-GLI-02307-101,4,variational_spline,medium,5,10974,29882,0.0010769532014881,0.0005387667140128,2.722981592855841,,True,7,1,1.0,1.0,6.0,0.0,0.0013367643114179,0.0001909663260448,0.0,0.1428571428571428,0.0
BraTS-GLI-02344-100,0,otsu_T1c,medium,0,5435,0,0.0,0.0,0.0,,False,1,0,0.0,0.0,1.0,0.0,0.0,0.0,0.0,0.0,0.0
BraTS-GLI-02344-100,0,otsu_T1c,medium,1,5435,16642,0.0,0.0,3.0620055197792087,,True,1,1,0.0,0.0,1.0,1.0,0.0,0.0,0.0,0.0,0.0
BraTS-GLI-02344-100,0,otsu_T1c,medium,2,5435,16642,0.0,0.0,3.0620055197792087,,True,1,1,0.0,0.0,1.0,1.0,0.0,0.0,0.0,0.0,0.0
BraTS-GLI-02344-100,0,otsu_T1c,medium,3,5435,16642,0.0,0.0,3.0620055197792087,,True,1,1,0.0,0.0,1.0,1.0,0.0,0.0,0.0,0.0,0.0
BraTS-GLI-02344-100,0,otsu_T1c,medium,4,5435,16642,0.0,0.0,3.0620055197792087,,True,1,1,0.0,0.0,1.0,1.0,0.0,0.0,0.0,0.0,0.0
BraTS-GLI-02344-100,0,otsu_T1c,medium,5,5435,16642,0.0,0.0,3.0620055197792087,,True,1,1,0.0,0.0,1.0,1.0,0.0,0.0,0.0,0.0,0.0
BraTS-GLI-02344-100,0,gmm_T1c,medium,0,5435,0,0.0,0.0,0.0,,False,1,0,0.0,0.0,1.0,0.0,0.0,0.0,0.0,0.0,0.0
BraTS-GLI-02344-100,0,gmm_T1c,medium,1,5435,23601,0.0,0.0,4.342410303587856,,True,1,1,0.0,0.0,1.0,1.0,0.0,0.0,0.0,0.0,0.0
BraTS-GLI-02344-100,0,gmm_T1c,medium,2,5435,23601,0.0,0.0,4.342410303587856,,True,1,1,0.0,0.0,1.0,1.0,0.0,0.0,0.0,0.0,0.0
BraTS-GLI-02344-100,0,gmm_T1c,medium,3,5435,23601,0.0,0.0,4.342410303587856,,True,1,1,0.0,0.0,1.0,1.0,0.0,0.0,0.0,0.0,0.0
BraTS-GLI-02344-100,0,gmm_T1c,medium,4,5435,23601,0.0,0.0,4.342410303587856,,True,1,1,0.0,0.0,1.0,1.0,0.0,0.0,0.0,0.0,0.0
BraTS-GLI-02344-100,0,gmm_T1c,medium,5,5435,23601,0.0,0.0,4.342410303587856,,True,1,1,0.0,0.0,1.0,1.0,0.0,0.0,0.0,0.0,0.0
BraTS-GLI-02344-100,0,sustraccion,medium,0,5435,0,0.0,0.0,0.0,,False,1,0,0.0,0.0,1.0,0.0,0.0,0.0,0.0,0.0,0.0
BraTS-GLI-02344-100,0,sustraccion,medium,1,5435,66643,0.1458697522128804,0.078672872300624,12.261821527138917,,True,1,1,1.0,1.0,0.0,0.0,0.1458697468042373,0.1458697468042373,0.1458697468042373,1.0,1.0
BraTS-GLI-02344-100,0,sustraccion,medium,2,5435,67173,0.1448049801674746,0.0780537779691467,12.35933762649494,,True,1,2,1.0,1.0,0.0,1.0,0.1458697468042373,0.0729348734021186,0.1458697468042373,1.0,1.0
BraTS-GLI-02344-100,0,sustraccion,medium,3,5435,67568,0.1440214785693738,0.0775986774126885,12.432014719411224,,True,1,3,1.0,1.0,0.0,2.0,0.1458697468042373,0.0486232489347457,0.1458697468042373,1.0,1.0
BraTS-GLI-02344-100,0,sustraccion,medium,4,5435,67685,0.1437910284463895,0.0774648925040154,12.453541858325668,,True,1,4,1.0,1.0,0.0,3.0,0.1458697468042373,0.0364674367010593,0.1458697468042373,1.0,1.0
BraTS-GLI-02344-100,0,sustraccion,medium,5,5435,67765,0.1436338797814207,0.0773736808795608,12.46826126954922,,True,1,5,1.0,1.0,0.0,4.0,0.1458697468042373,0.0291739497333765,0.1458697468042373,1.0,1.0
BraTS-GLI-02344-100,0,gmm_2d,medium,0,5435,0,0.0,0.0,0.0,,False,1,0,0.0,0.0,1.0,0.0,0.0,0.0,0.0,0.0,0.0
BraTS-GLI-02344-100,0,gmm_2d,medium,1,5435,106,0.0,0.0,0.0195032198712051,,False,1,1,0.0,0.0,1.0,1.0,0.0,0.0,0.0,0.0,0.0
BraTS-GLI-02344-100,0,gmm_2d,medium,2,5435,207,0.0,0.0,0.0380864765409383,,False,1,2,0.0,0.0,1.0,2.0,0.0,0.0,0.0,0.0,0.0
BraTS-GLI-02344-100,0,gmm_2d,medium,3,5435,232,0.0,0.0,0.042686292548298,,False,1,3,0.0,0.0,1.0,3.0,0.0,0.0,0.0,0.0,0.0
BraTS-GLI-02344-100,0,gmm_2d,medium,4,5435,512,0.0,0.0,0.0942042318307267,,False,1,4,0.0,0.0,1.0,4.0,0.0,0.0,0.0,0.0,0.0
BraTS-GLI-02344-100,0,gmm_2d,medium,5,5435,2273,0.0,0.0,0.4182152713891444,,False,1,5,0.0,0.0,1.0,5.0,0.0,0.0,0.0,0.0,0.0
BraTS-GLI-02344-100,0,variational_spline,medium,0,5435,0,0.0,0.0,0.0,,False,1,0,0.0,0.0,1.0,0.0,0.0,0.0,0.0,0.0,0.0
BraTS-GLI-02344-100,0,variational_spline,medium,1,5435,23604,0.0,0.0,4.34296228150874,,True,1,1,0.0,0.0,1.0,1.0,0.0,0.0,0.0,0.0,0.0
BraTS-GLI-02344-100,0,variational_spline,medium,2,5435,23604,0.0,0.0,4.34296228150874,,True,1,1,0.0,0.0,1.0,1.0,0.0,0.0,0.0,0.0,0.0
BraTS-GLI-02344-100,0,variational_spline,medium,3,5435,23604,0.0,0.0,4.34296228150874,,True,1,1,0.0,0.0,1.0,1.0,0.0,0.0,0.0,0.0,0.0
BraTS-GLI-02344-100,0,variational_spline,medium,4,5435,23604,0.0,0.0,4.34296228150874,,True,1,1,0.0,0.0,1.0,1.0,0.0,0.0,0.0,0.0,0.0
BraTS-GLI-02344-100,0,variational_spline,medium,5,5435,23604,0.0,0.0,4.34296228150874,,True,1,1,0.0,0.0,1.0,1.0,0.0,0.0,0.0,0.0,0.0
BraTS-GLI-02382-100,4,otsu_T1c,large,0,23526,0,0.0,0.0,0.0,,False,3,0,0.0,0.0,3.0,0.0,0.0,0.0,0.0,0.0,0.0
BraTS-GLI-02382-100,4,otsu_T1c,large,1,23526,15158,0.6972391686485369,0.535201206444956,0.6443084247215847,,True,3,1,1.0,1.0,2.0,0.0,0.7104251384735107,0.2368083745241165,0.0,0.3333333333333333,0.3333333333333333
BraTS-GLI-02382-100,4,otsu_T1c,large,2,23526,15158,0.6972391686485369,0.535201206444956,0.6443084247215847,,True,3,1,1.0,1.0,2.0,0.0,0.7104251384735107,0.2368083745241165,0.0,0.3333333333333333,0.3333333333333333
BraTS-GLI-02382-100,4,otsu_T1c,large,3,23526,15158,0.6972391686485369,0.535201206444956,0.6443084247215847,,True,3,1,1.0,1.0,2.0,0.0,0.7104251384735107,0.2368083745241165,0.0,0.3333333333333333,0.3333333333333333
BraTS-GLI-02382-100,4,otsu_T1c,large,4,23526,15158,0.6972391686485369,0.535201206444956,0.6443084247215847,,True,3,1,1.0,1.0,2.0,0.0,0.7104251384735107,0.2368083745241165,0.0,0.3333333333333333,0.3333333333333333
BraTS-GLI-02382-100,4,otsu_T1c,large,5,23526,15158,0.6972391686485369,0.535201206444956,0.6443084247215847,,True,3,1,1.0,1.0,2.0,0.0,0.7104251384735107,0.2368083745241165,0.0,0.3333333333333333,0.3333333333333333
BraTS-GLI-02382-100,4,gmm_T1c,large,0,23526,0,0.0,0.0,0.0,,False,3,0,0.0,0.0,3.0,0.0,0.0,0.0,0.0,0.0,0.0
BraTS-GLI-02382-100,4,gmm_T1c,large,1,23526,45390,0.5475361309420164,0.3769705688425343,1.929354756439684,,True,3,1,1.0,1.0,2.0,0.0,0.553300678730011,0.184433564543724,0.0,0.3333333333333333,0.3333333333333333
BraTS-GLI-02382-100,4,gmm_T1c,large,2,23526,45390,0.5475361309420164,0.3769705688425343,1.929354756439684,,True,3,1,1.0,1.0,2.0,0.0,0.553300678730011,0.184433564543724,0.0,0.3333333333333333,0.3333333333333333
BraTS-GLI-02382-100,4,gmm_T1c,large,3,23526,45390,0.5475361309420164,0.3769705688425343,1.929354756439684,,True,3,1,1.0,1.0,2.0,0.0,0.553300678730011,0.184433564543724,0.0,0.3333333333333333,0.3333333333333333
BraTS-GLI-02382-100,4,gmm_T1c,large,4,23526,45390,0.5475361309420164,0.3769705688425343,1.929354756439684,,True,3,1,1.0,1.0,2.0,0.0,0.553300678730011,0.184433564543724,0.0,0.3333333333333333,0.3333333333333333
BraTS-GLI-02382-100,4,gmm_T1c,large,5,23526,45390,0.5475361309420164,0.3769705688425343,1.929354756439684,,True,3,1,1.0,1.0,2.0,0.0,0.553300678730011,0.184433564543724,0.0,0.3333333333333333,0.3333333333333333
BraTS-GLI-02382-100,4,sustraccion,large,0,23526,0,0.0,0.0,0.0,,False,3,0,0.0,0.0,3.0,0.0,0.0,0.0,0.0,0.0,0.0
BraTS-GLI-02382-100,4,sustraccion,large,1,23526,88392,0.3836380206937222,0.2373466003316749,3.757204794695231,,True,3,1,1.0,1.0,2.0,0.0,0.3861151039600372,0.1287050396203994,0.0,0.3333333333333333,0.3333333333333333
BraTS-GLI-02382-100,4,sustraccion,large,2,23526,88839,0.3821118675744226,0.2361794118617776,3.7762050497322113,,True,3,2,1.0,1.0,2.0,1.0,0.3861151039600372,0.0965287759900093,0.0,0.3333333333333333,0.3333333333333333
BraTS-GLI-02382-100,4,sustraccion,large,3,23526,89001,0.3815617585112906,0.2357592330247422,3.783091048201989,,True,3,3,1.0,1.0,2.0,2.0,0.3861151039600372,0.0772230178117752,0.0,0.3333333333333333,0.3333333333333333
BraTS-GLI-02382-100,4,sustraccion,large,4,23526,89149,0.3810605724428667,0.235376670650279,3.789381960384256,,True,3,4,1.0,1.0,2.0,3.0,0.3861151039600372,0.0643525198101997,0.0,0.3333333333333333,0.3333333333333333
BraTS-GLI-02382-100,4,sustraccion,large,5,23526,89189,0.3809253426784367,0.2352734884434556,3.791082206920003,,True,3,5,1.0,1.0,2.0,4.0,0.3861151039600372,0.0551593005657196,0.0,0.3333333333333333,0.3333333333333333
BraTS-GLI-02382-100,4,gmm_2d,large,0,23526,0,0.0,0.0,0.0,,False,3,0,0.0,0.0,3.0,0.0,0.0,0.0,0.0,0.0,0.0
BraTS-GLI-02382-100,4,gmm_2d,large,1,23526,50,0.0,0.0,0.0021253081696846,,False,3,1,0.0,0.0,3.0,1.0,0.0,0.0,0.0,0.0,0.0
BraTS-GLI-02382-100,4,gmm_2d,large,2,23526,228913,0.027230340795202,0.0138031019831166,9.730213380940237,,True,3,2,1.0,1.0,2.0,1.0,0.0272895954549312,0.0068223988637328,0.0,0.3333333333333333,0.0
BraTS-GLI-02382-100,4,gmm_2d,large,3,23526,229680,0.0271478558959898,0.0137607149005681,9.762815608263198,,True,3,3,1.0,1.0,2.0,2.0,0.0272895954549312,0.0054579190909862,0.0,0.3333333333333333,0.0
BraTS-GLI-02382-100,4,gmm_2d,large,4,23526,229854,0.0271292130397032,0.013751135258839,9.7702116806937,,True,3,4,1.0,1.0,2.0,3.0,0.0272895954549312,0.0045482660643756,0.0,0.3333333333333333,0.0
BraTS-GLI-02382-100,4,gmm_2d,large,5,23526,229898,0.0271245028095208,0.0137487149331765,9.772081951883022,,True,3,5,1.0,1.0,2.0,4.0,0.0272895954549312,0.0038985137362033,0.0,0.3333333333333333,0.0
BraTS-GLI-02382-100,4,variational_spline,large,0,23526,0,0.0,0.0,0.0,,False,3,0,0.0,0.0,3.0,0.0,0.0,0.0,0.0,0.0,0.0
BraTS-GLI-02382-100,4,variational_spline,large,1,23526,45555,0.5494130079182409,0.3787521954334983,1.936368273399643,,True,3,1,1.0,1.0,2.0,0.0,0.5551833510398865,0.1850611120462417,0.0,0.3333333333333333,0.3333333333333333
BraTS-GLI-02382-100,4,variational_spline,large,2,23526,45555,0.5494130079182409,0.3787521954334983,1.936368273399643,,True,3,1,1.0,1.0,2.0,0.0,0.5551833510398865,0.1850611120462417,0.0,0.3333333333333333,0.3333333333333333
BraTS-GLI-02382-100,4,variational_spline,large,3,23526,45555,0.5494130079182409,0.3787521954334983,1.936368273399643,,True,3,1,1.0,1.0,2.0,0.0,0.5551833510398865,0.1850611120462417,0.0,0.3333333333333333,0.3333333333333333
BraTS-GLI-02382-100,4,variational_spline,large,4,23526,45555,0.5494130079182409,0.3787521954334983,1.936368273399643,,True,3,1,1.0,1.0,2.0,0.0,0.5551833510398865,0.1850611120462417,0.0,0.3333333333333333,0.3333333333333333
BraTS-GLI-02382-100,4,variational_spline,large,5,23526,45555,0.5494130079182409,0.3787521954334983,1.936368273399643,,True,3,1,1.0,1.0,2.0,0.0,0.5551833510398865,0.1850611120462417,0.0,0.3333333333333333,0.3333333333333333
BraTS-GLI-02498-101,2,otsu_T1c,small,0,404,0,0.0,0.0,0.0,,False,4,0,0.0,0.0,4.0,0.0,0.0,0.0,0.0,0.0,0.0
BraTS-GLI-02498-101,2,otsu_T1c,small,1,404,838142,0.0009015605583951,0.0004509835736988,2074.608910891089,,True,4,1,1.0,1.0,3.0,0.0,0.0006226122495718,0.0001556530623929,0.0,0.25,0.0
BraTS-GLI-02498-101,2,otsu_T1c,small,2,404,838142,0.0009015605583951,0.0004509835736988,2074.608910891089,,True,4,1,1.0,1.0,3.0,0.0,0.0006226122495718,0.0001556530623929,0.0,0.25,0.0
BraTS-GLI-02498-101,2,otsu_T1c,small,3,404,838142,0.0009015605583951,0.0004509835736988,2074.608910891089,,True,4,1,1.0,1.0,3.0,0.0,0.0006226122495718,0.0001556530623929,0.0,0.25,0.0
BraTS-GLI-02498-101,2,otsu_T1c,small,4,404,838142,0.0009015605583951,0.0004509835736988,2074.608910891089,,True,4,1,1.0,1.0,3.0,0.0,0.0006226122495718,0.0001556530623929,0.0,0.25,0.0
BraTS-GLI-02498-101,2,otsu_T1c,small,5,404,838142,0.0009015605583951,0.0004509835736988,2074.608910891089,,True,4,1,1.0,1.0,3.0,0.0,0.0006226122495718,0.0001556530623929,0.0,0.25,0.0
BraTS-GLI-02498-101,2,gmm_T1c,small,0,404,0,0.0,0.0,0.0,,False,4,0,0.0,0.0,4.0,0.0,0.0,0.0,0.0,0.0,0.0
BraTS-GLI-02498-101,2,gmm_T1c,small,1,404,1308551,0.0001054276121027,5.271658494322653e-05,3238.987623762376,,True,4,1,1.0,1.0,3.0,0.0,5.654937194776721e-05,1.4137342986941803e-05,0.0,0.25,0.0
BraTS-GLI-02498-101,2,gmm_T1c,small,2,404,1308551,0.0001054276121027,5.271658494322653e-05,3238.987623762376,,True,4,1,1.0,1.0,3.0,0.0,5.654937194776721e-05,1.4137342986941803e-05,0.0,0.25,0.0
BraTS-GLI-02498-101,2,gmm_T1c,small,3,404,1308551,0.0001054276121027,5.271658494322653e-05,3238.987623762376,,True,4,1,1.0,1.0,3.0,0.0,5.654937194776721e-05,1.4137342986941803e-05,0.0,0.25,0.0
BraTS-GLI-02498-101,2,gmm_T1c,small,4,404,1308551,0.0001054276121027,5.271658494322653e-05,3238.987623762376,,True,4,1,1.0,1.0,3.0,0.0,5.654937194776721e-05,1.4137342986941803e-05,0.0,0.25,0.0
BraTS-GLI-02498-101,2,gmm_T1c,small,5,404,1308551,0.0001054276121027,5.271658494322653e-05,3238.987623762376,,True,4,1,1.0,1.0,3.0,0.0,5.654937194776721e-05,1.4137342986941803e-05,0.0,0.25,0.0
BraTS-GLI-02498-101,2,sustraccion,small,0,404,0,0.0,0.0,0.0,,False,4,0,0.0,0.0,4.0,0.0,0.0,0.0,0.0,0.0,0.0
BraTS-GLI-02498-101,2,sustraccion,small,1,404,118005,1.6890607977434147e-05,8.445375312478886e-06,292.09158415841586,,True,4,1,0.0,0.0,4.0,1.0,0.0,0.0,0.0,0.0,0.0
BraTS-GLI-02498-101,2,sustraccion,small,2,404,120300,0.0012095705196182,0.0006051512463628,297.7722772277228,,True,4,2,1.0,1.0,3.0,1.0,0.0607082620263099,0.0121416524052619,0.0,0.25,0.0
BraTS-GLI-02498-101,2,sustraccion,small,3,404,120877,0.0012038159315968,0.0006022704771962,299.2004950495049,,True,4,3,1.0,1.0,3.0,2.0,0.0607082620263099,0.0101180439814925,0.0,0.25,0.0
BraTS-GLI-02498-101,2,sustraccion,small,4,404,121247,0.0012001545404476,0.0006004375791672,300.11633663366337,,True,4,4,1.0,1.0,3.0,3.0,0.0607082620263099,0.0086726089939475,0.0,0.25,0.0
BraTS-GLI-02498-101,2,sustraccion,small,5,404,121489,0.001197771816265,0.0005992447873912,300.71534653465346,,True,4,5,1.0,1.0,3.0,4.0,0.0607082620263099,0.0075885327532887,0.0,0.25,0.0
BraTS-GLI-02498-101,2,gmm_2d,small,0,404,0,0.0,0.0,0.0,,False,4,0,0.0,0.0,4.0,0.0,0.0,0.0,0.0,0.0,0.0
BraTS-GLI-02498-101,2,gmm_2d,small,1,404,133983,0.0,0.0,331.6410891089109,,True,4,1,0.0,0.0,4.0,1.0,0.0,0.0,0.0,0.0,0.0
BraTS-GLI-02498-101,2,gmm_2d,small,2,404,137629,0.0,0.0,340.66584158415844,,True,4,2,0.0,0.0,4.0,2.0,0.0,0.0,0.0,0.0,0.0
BraTS-GLI-02498-101,2,gmm_2d,small,3,404,139936,0.0010973350434658,0.0005489687230417,346.3762376237624,,True,4,3,1.0,1.0,3.0,2.0,0.0645973160862922,0.0107662193477153,0.0,0.25,0.0
BraTS-GLI-02498-101,2,gmm_2d,small,4,404,141188,0.0010876320696084,0.0005441119315973,349.4752475247525,,True,4,4,1.0,1.0,3.0,3.0,0.0645973160862922,0.0092281876131892,0.0,0.25,0.0
BraTS-GLI-02498-101,2,gmm_2d,small,5,404,142038,0.0010811417980651,0.0005408632739788,351.5792079207921,,True,4,5,1.0,1.0,3.0,4.0,0.0645973160862922,0.0080746645107865,0.0,0.25,0.0
BraTS-GLI-02498-101,2,variational_spline,small,0,404,0,0.0,0.0,0.0,,False,4,0,0.0,0.0,4.0,0.0,0.0,0.0,0.0,0.0,0.0
BraTS-GLI-02498-101,2,variational_spline,small,1,404,246259,0.0019865160157786,0.0009942455502438,609.5519801980198,,True,4,1,1.0,1.0,3.0,0.0,0.001289956155233,0.0003224890388082,0.0,0.25,0.0
BraTS-GLI-02498-101,2,variational_spline,small,2,404,246259,0.0019865160157786,0.0009942455502438,609.5519801980198,,True,4,1,1.0,1.0,3.0,0.0,0.001289956155233,0.0003224890388082,0.0,0.25,0.0
BraTS-GLI-02498-101,2,variational_spline,small,3,404,246259,0.0019865160157786,0.0009942455502438,609.5519801980198,,True,4,1,1.0,1.0,3.0,0.0,0.001289956155233,0.0003224890388082,0.0,0.25,0.0
BraTS-GLI-02498-101,2,variational_spline,small,4,404,246259,0.0019865160157786,0.0009942455502438,609.5519801980198,,True,4,1,1.0,1.0,3.0,0.0,0.001289956155233,0.0003224890388082,0.0,0.25,0.0
BraTS-GLI-02498-101,2,variational_spline,small,5,404,246259,0.0019865160157786,0.0009942455502438,609.5519801980198,,True,4,1,1.0,1.0,3.0,0.0,0.001289956155233,0.0003224890388082,0.0,0.25,0.0
BraTS-GLI-02549-102,2,otsu_T1c,medium,0,4065,0,0.0,0.0,0.0,,False,1,0,0.0,0.0,1.0,0.0,0.0,0.0,0.0,0.0,0.0
BraTS-GLI-02549-102,2,otsu_T1c,medium,1,4065,536503,0.0125534622841159,0.0063163773444408,131.9810578105781,,True,1,1,1.0,1.0,0.0,0.0,0.0125534618273377,0.0125534618273377,0.0125534618273377,1.0,0.0
BraTS-GLI-02549-102,2,otsu_T1c,medium,2,4065,536503,0.0125534622841159,0.0063163773444408,131.9810578105781,,True,1,1,1.0,1.0,0.0,0.0,0.0125534618273377,0.0125534618273377,0.0125534618273377,1.0,0.0
BraTS-GLI-02549-102,2,otsu_T1c,medium,3,4065,536503,0.0125534622841159,0.0063163773444408,131.9810578105781,,True,1,1,1.0,1.0,0.0,0.0,0.0125534618273377,0.0125534618273377,0.0125534618273377,1.0,0.0
BraTS-GLI-02549-102,2,otsu_T1c,medium,4,4065,536503,0.0125534622841159,0.0063163773444408,131.9810578105781,,True,1,1,1.0,1.0,0.0,0.0,0.0125534618273377,0.0125534618273377,0.0125534618273377,1.0,0.0
BraTS-GLI-02549-102,2,otsu_T1c,medium,5,4065,536503,0.0125534622841159,0.0063163773444408,131.9810578105781,,True,1,1,1.0,1.0,0.0,0.0,0.0125534618273377,0.0125534618273377,0.0125534618273377,1.0,0.0
BraTS-GLI-02549-102,2,gmm_T1c,medium,0,4065,0,0.0,0.0,0.0,,False,1,0,0.0,0.0,1.0,0.0,0.0,0.0,0.0,0.0,0.0
BraTS-GLI-02549-102,2,gmm_T1c,medium,1,4065,602545,0.0116780138804174,0.0058733011865991,148.22755227552275,,True,1,1,1.0,1.0,0.0,0.0,0.0116780139505863,0.0116780139505863,0.0116780139505863,1.0,0.0
BraTS-GLI-02549-102,2,gmm_T1c,medium,2,4065,602545,0.0116780138804174,0.0058733011865991,148.22755227552275,,True,1,1,1.0,1.0,0.0,0.0,0.0116780139505863,0.0116780139505863,0.0116780139505863,1.0,0.0
BraTS-GLI-02549-102,2,gmm_T1c,medium,3,4065,602545,0.0116780138804174,0.0058733011865991,148.22755227552275,,True,1,1,1.0,1.0,0.0,0.0,0.0116780139505863,0.0116780139505863,0.0116780139505863,1.0,0.0
BraTS-GLI-02549-102,2,gmm_T1c,medium,4,4065,602545,0.0116780138804174,0.0058733011865991,148.22755227552275,,True,1,1,1.0,1.0,0.0,0.0,0.0116780139505863,0.0116780139505863,0.0116780139505863,1.0,0.0
BraTS-GLI-02549-102,2,gmm_T1c,medium,5,4065,602545,0.0116780138804174,0.0058733011865991,148.22755227552275,,True,1,1,1.0,1.0,0.0,0.0,0.0116780139505863,0.0116780139505863,0.0116780139505863,1.0,0.0
BraTS-GLI-02549-102,2,sustraccion,medium,0,4065,0,0.0,0.0,0.0,,False,1,0,0.0,0.0,1.0,0.0,0.0,0.0,0.0,0.0,0.0
BraTS-GLI-02549-102,2,sustraccion,medium,1,4065,53007,0.1348822539949537,0.0723183586043627,13.039852398523983,,True,1,1,1.0,1.0,0.0,0.0,0.1348822563886642,0.1348822563886642,0.1348822563886642,1.0,1.0
BraTS-GLI-02549-102,2,sustraccion,medium,2,4065,53714,0.1332317970196784,0.0713702948266271,13.213776137761378,,True,1,2,1.0,1.0,0.0,1.0,0.1348822563886642,0.0674411281943321,0.1348822563886642,1.0,1.0
BraTS-GLI-02549-102,2,sustraccion,medium,3,4065,54300,0.1318941146234901,0.0706031256878714,13.357933579335793,,True,1,3,1.0,1.0,0.0,2.0,0.1348822563886642,0.0449607521295547,0.1348822563886642,1.0,1.0
BraTS-GLI-02549-102,2,sustraccion,medium,4,4065,54865,0.1306295604955031,0.0698789056117354,13.496924969249692,,True,1,4,1.0,1.0,0.0,3.0,0.1348822563886642,0.033720564097166,0.1348822563886642,1.0,1.0
BraTS-GLI-02549-102,2,sustraccion,medium,5,4065,55284,0.1297073244705049,0.0693513513513513,13.6,,True,1,5,1.0,1.0,0.0,4.0,0.1348822563886642,0.0269764512777328,0.1348822563886642,1.0,1.0
BraTS-GLI-02549-102,2,gmm_2d,medium,0,4065,0,0.0,0.0,0.0,,False,1,0,0.0,0.0,1.0,0.0,0.0,0.0,0.0,0.0,0.0
BraTS-GLI-02549-102,2,gmm_2d,medium,1,4065,56910,0.1285444854448544,0.0686869040942232,14.0,,True,1,1,1.0,1.0,0.0,0.0,0.1285444796085357,0.1285444796085357,0.1285444796085357,1.0,1.0
BraTS-GLI-02549-102,2,gmm_2d,medium,2,4065,58182,0.1259177149099554,0.0671890001371554,14.31291512915129,,True,1,2,1.0,1.0,0.0,1.0,0.1285444796085357,0.0642722398042678,0.1285444796085357,1.0,1.0
BraTS-GLI-02549-102,2,gmm_2d,medium,3,4065,58996,0.1242923518497962,0.0662642453755368,14.513161131611316,,True,1,3,1.0,1.0,0.0,2.0,0.1285444796085357,0.0428481586277484,0.1285444796085357,1.0,1.0
BraTS-GLI-02549-102,2,gmm_2d,medium,4,4065,59766,0.1227930002663282,0.0654126051542262,14.702583025830258,,True,1,4,1.0,1.0,0.0,3.0,0.1285444796085357,0.0321361199021339,0.1285444796085357,1.0,1.0
BraTS-GLI-02549-102,2,gmm_2d,medium,5,4065,60500,0.1213970417408812,0.0646209148171355,14.883148831488317,,True,1,5,1.0,1.0,0.0,4.0,0.1285444796085357,0.025708895176649,0.1285444796085357,1.0,1.0
BraTS-GLI-02549-102,2,variational_spline,medium,0,4065,0,0.0,0.0,0.0,,False,1,0,0.0,0.0,1.0,0.0,0.0,0.0,0.0,0.0,0.0
BraTS-GLI-02549-102,2,variational_spline,medium,1,4065,140277,0.0557148993362985,0.0286557250874779,34.50848708487085,,True,1,1,1.0,1.0,0.0,0.0,0.0557148978114128,0.0557148978114128,0.0557148978114128,1.0,0.0
BraTS-GLI-02549-102,2,variational_spline,medium,2,4065,140277,0.0557148993362985,0.0286557250874779,34.50848708487085,,True,1,1,1.0,1.0,0.0,0.0,0.0557148978114128,0.0557148978114128,0.0557148978114128,1.0,0.0
BraTS-GLI-02549-102,2,variational_spline,medium,3,4065,140277,0.0557148993362985,0.0286557250874779,34.50848708487085,,True,1,1,1.0,1.0,0.0,0.0,0.0557148978114128,0.0557148978114128,0.0557148978114128,1.0,0.0
BraTS-GLI-02549-102,2,variational_spline,medium,4,4065,140277,0.0557148993362985,0.0286557250874779,34.50848708487085,,True,1,1,1.0,1.0,0.0,0.0,0.0557148978114128,0.0557148978114128,0.0557148978114128,1.0,0.0
BraTS-GLI-02549-102,2,variational_spline,medium,5,4065,140277,0.0557148993362985,0.0286557250874779,34.50848708487085,,True,1,1,1.0,1.0,0.0,0.0,0.0557148978114128,0.0557148978114128,0.0557148978114128,1.0,0.0
BraTS-GLI-02553-101,3,otsu_T1c,large,0,21553,0,0.0,0.0,0.0,,False,2,0,0.0,0.0,2.0,0.0,0.0,0.0,0.0,0.0,0.0
BraTS-GLI-02553-101,3,otsu_T1c,large,1,21553,16783,0.0762729549248747,0.0396485328415685,0.7786851018419709,,True,2,1,1.0,1.0,1.0,0.0,0.0735939815640449,0.0367969907820224,0.0367969907820224,0.5,0.0
BraTS-GLI-02553-101,3,otsu_T1c,large,2,21553,16783,0.0762729549248747,0.0396485328415685,0.7786851018419709,,True,2,1,1.0,1.0,1.0,0.0,0.0735939815640449,0.0367969907820224,0.0367969907820224,0.5,0.0
BraTS-GLI-02553-101,3,otsu_T1c,large,3,21553,16783,0.0762729549248747,0.0396485328415685,0.7786851018419709,,True,2,1,1.0,1.0,1.0,0.0,0.0735939815640449,0.0367969907820224,0.0367969907820224,0.5,0.0
BraTS-GLI-02553-101,3,otsu_T1c,large,4,21553,16783,0.0762729549248747,0.0396485328415685,0.7786851018419709,,True,2,1,1.0,1.0,1.0,0.0,0.0735939815640449,0.0367969907820224,0.0367969907820224,0.5,0.0
BraTS-GLI-02553-101,3,otsu_T1c,large,5,21553,16783,0.0762729549248747,0.0396485328415685,0.7786851018419709,,True,2,1,1.0,1.0,1.0,0.0,0.0735939815640449,0.0367969907820224,0.0367969907820224,0.5,0.0
BraTS-GLI-02553-101,3,gmm_T1c,large,0,21553,0,0.0,0.0,0.0,,False,2,0,0.0,0.0,2.0,0.0,0.0,0.0,0.0,0.0,0.0
BraTS-GLI-02553-101,3,gmm_T1c,large,1,21553,20003,0.1346616613726056,0.0721915475514732,0.9280842574119612,,True,2,1,1.0,1.0,1.0,0.0,0.1320509165525436,0.0660254582762718,0.0660254582762718,0.5,0.5
BraTS-GLI-02553-101,3,gmm_T1c,large,2,21553,20003,0.1346616613726056,0.0721915475514732,0.9280842574119612,,True,2,1,1.0,1.0,1.0,0.0,0.1320509165525436,0.0660254582762718,0.0660254582762718,0.5,0.5
BraTS-GLI-02553-101,3,gmm_T1c,large,3,21553,20003,0.1346616613726056,0.0721915475514732,0.9280842574119612,,True,2,1,1.0,1.0,1.0,0.0,0.1320509165525436,0.0660254582762718,0.0660254582762718,0.5,0.5
BraTS-GLI-02553-101,3,gmm_T1c,large,4,21553,20003,0.1346616613726056,0.0721915475514732,0.9280842574119612,,True,2,1,1.0,1.0,1.0,0.0,0.1320509165525436,0.0660254582762718,0.0660254582762718,0.5,0.5
BraTS-GLI-02553-101,3,gmm_T1c,large,5,21553,20003,0.1346616613726056,0.0721915475514732,0.9280842574119612,,True,2,1,1.0,1.0,1.0,0.0,0.1320509165525436,0.0660254582762718,0.0660254582762718,0.5,0.5
BraTS-GLI-02553-101,3,sustraccion,large,0,21553,0,0.0,0.0,0.0,,False,2,0,0.0,0.0,2.0,0.0,0.0,0.0,0.0,0.0,0.0
BraTS-GLI-02553-101,3,sustraccion,large,1,21553,65631,0.4122774821068086,0.2596659538808299,3.0450981301906928,,True,2,1,1.0,1.0,1.0,0.0,0.411080002784729,0.2055400013923645,0.2055400013923645,0.5,0.5
BraTS-GLI-02553-101,3,sustraccion,large,2,21553,67339,0.4043558475453359,0.2534122955442752,3.1243446387973832,,True,2,2,1.0,1.0,1.0,1.0,0.411080002784729,0.1370266675949096,0.2055400013923645,0.5,0.5
BraTS-GLI-02553-101,3,sustraccion,large,3,21553,68551,0.3989168072449613,0.2491543281761215,3.1805781097759014,,True,2,3,1.0,1.0,1.0,2.0,0.411080002784729,0.1027700006961822,0.2055400013923645,0.5,0.5
BraTS-GLI-02553-101,3,sustraccion,large,4,21553,69737,0.3937342534779275,0.2451239804686434,3.2356052521690715,,True,2,4,1.0,1.0,1.0,3.0,0.411080002784729,0.0822160020470619,0.2055400013923645,0.5,0.5
BraTS-GLI-02553-101,3,sustraccion,large,5,21553,69756,0.3936523234292348,0.2450604742490148,3.2364867999814413,,True,2,5,1.0,1.0,1.0,4.0,0.411080002784729,0.0685133337974548,0.2055400013923645,0.5,0.5
BraTS-GLI-02553-101,3,gmm_2d,large,0,21553,0,0.0,0.0,0.0,,False,2,0,0.0,0.0,2.0,0.0,0.0,0.0,0.0,0.0,0.0
BraTS-GLI-02553-101,3,gmm_2d,large,1,21553,127927,0.286018196414236,0.1668735314551571,5.935461420683896,,True,2,1,1.0,1.0,1.0,0.0,0.2852189838886261,0.142609491944313,0.142609491944313,0.5,0.5
BraTS-GLI-02553-101,3,gmm_2d,large,2,21553,134163,0.2745639497546816,0.1591272824719553,6.224794692154225,,True,2,2,1.0,1.0,1.0,1.0,0.2852189838886261,0.0950729921460151,0.142609491944313,0.5,0.5
BraTS-GLI-02553-101,3,gmm_2d,large,3,21553,136726,0.2701179562670979,0.1561481935983404,6.343710852317543,,True,2,3,1.0,1.0,1.0,2.0,0.2852189838886261,0.0713047459721565,0.142609491944313,0.5,0.5
BraTS-GLI-02553-101,3,gmm_2d,large,4,21553,138925,0.2664165804658582,0.1536797003616077,6.445738412285992,,True,2,4,1.0,1.0,1.0,3.0,0.2852189838886261,0.0570437982678413,0.142609491944313,0.5,0.5
BraTS-GLI-02553-101,3,gmm_2d,large,5,21553,139052,0.2662059089069456,0.1535395179130634,6.451630863452883,,True,2,5,1.0,1.0,1.0,4.0,0.2852189838886261,0.0475364960730075,0.142609491944313,0.5,0.5
BraTS-GLI-02553-101,3,variational_spline,large,0,21553,0,0.0,0.0,0.0,,False,2,0,0.0,0.0,2.0,0.0,0.0,0.0,0.0,0.0,0.0
BraTS-GLI-02553-101,3,variational_spline,large,1,21553,20009,0.1346422212598046,0.072180373542462,0.9283626409316568,,True,2,1,1.0,1.0,1.0,0.0,0.1320318132638931,0.0660159066319465,0.0660159066319465,0.5,0.5
BraTS-GLI-02553-101,3,variational_spline,large,2,21553,20009,0.1346422212598046,0.072180373542462,0.9283626409316568,,True,2,1,1.0,1.0,1.0,0.0,0.1320318132638931,0.0660159066319465,0.0660159066319465,0.5,0.5
BraTS-GLI-02553-101,3,variational_spline,large,3,21553,20009,0.1346422212598046,0.072180373542462,0.9283626409316568,,True,2,1,1.0,1.0,1.0,0.0,0.1320318132638931,0.0660159066319465,0.0660159066319465,0.5,0.5
BraTS-GLI-02553-101,3,variational_spline,large,4,21553,20009,0.1346422212598046,0.072180373542462,0.9283626409316568,,True,2,1,1.0,1.0,1.0,0.0,0.1320318132638931,0.0660159066319465,0.0660159066319465,0.5,0.5
BraTS-GLI-02553-101,3,variational_spline,large,5,21553,20009,0.1346422212598046,0.072180373542462,0.9283626409316568,,True,2,1,1.0,1.0,1.0,0.0,0.1320318132638931,0.0660159066319465,0.0660159066319465,0.5,0.5
BraTS-GLI-02558-101,2,otsu_T1c,medium,0,4525,0,0.0,0.0,0.0,,False,7,0,0.0,0.0,7.0,0.0,0.0,0.0,0.0,0.0,0.0
BraTS-GLI-02558-101,2,otsu_T1c,medium,1,4525,476803,0.0168035102882026,0.0084729427343049,105.37082872928175,,True,7,1,1.0,1.0,6.0,0.0,0.0102861737832427,0.0014694534474983,0.0,0.1428571428571428,0.0
BraTS-GLI-02558-101,2,otsu_T1c,medium,2,4525,476803,0.0168035102882026,0.0084729427343049,105.37082872928175,,True,7,1,1.0,1.0,6.0,0.0,0.0102861737832427,0.0014694534474983,0.0,0.1428571428571428,0.0
BraTS-GLI-02558-101,2,otsu_T1c,medium,3,4525,476803,0.0168035102882026,0.0084729427343049,105.37082872928175,,True,7,1,1.0,1.0,6.0,0.0,0.0102861737832427,0.0014694534474983,0.0,0.1428571428571428,0.0
BraTS-GLI-02558-101,2,otsu_T1c,medium,4,4525,476803,0.0168035102882026,0.0084729427343049,105.37082872928175,,True,7,1,1.0,1.0,6.0,0.0,0.0102861737832427,0.0014694534474983,0.0,0.1428571428571428,0.0
BraTS-GLI-02558-101,2,otsu_T1c,medium,5,4525,476803,0.0168035102882026,0.0084729427343049,105.37082872928175,,True,7,1,1.0,1.0,6.0,0.0,0.0102861737832427,0.0014694534474983,0.0,0.1428571428571428,0.0
BraTS-GLI-02558-101,2,gmm_T1c,medium,0,4525,0,0.0,0.0,0.0,,False,7,0,0.0,0.0,7.0,0.0,0.0,0.0,0.0,0.0,0.0
BraTS-GLI-02558-101,2,gmm_T1c,medium,1,4525,4530,0.0909994478188846,0.0476686335763045,1.0011049723756906,,False,7,1,1.0,1.0,6.0,0.0,0.1113513484597206,0.0159073360264301,0.0,0.1428571428571428,0.1428571428571428
BraTS-GLI-02558-101,2,gmm_T1c,medium,2,4525,4530,0.0909994478188846,0.0476686335763045,1.0011049723756906,,False,7,1,1.0,1.0,6.0,0.0,0.1113513484597206,0.0159073360264301,0.0,0.1428571428571428,0.1428571428571428
BraTS-GLI-02558-101,2,gmm_T1c,medium,3,4525,4530,0.0909994478188846,0.0476686335763045,1.0011049723756906,,False,7,1,1.0,1.0,6.0,0.0,0.1113513484597206,0.0159073360264301,0.0,0.1428571428571428,0.1428571428571428
BraTS-GLI-02558-101,2,gmm_T1c,medium,4,4525,4530,0.0909994478188846,0.0476686335763045,1.0011049723756906,,False,7,1,1.0,1.0,6.0,0.0,0.1113513484597206,0.0159073360264301,0.0,0.1428571428571428,0.1428571428571428
BraTS-GLI-02558-101,2,gmm_T1c,medium,5,4525,4530,0.0909994478188846,0.0476686335763045,1.0011049723756906,,False,7,1,1.0,1.0,6.0,0.0,0.1113513484597206,0.0159073360264301,0.0,0.1428571428571428,0.1428571428571428
BraTS-GLI-02558-101,2,sustraccion,medium,0,4525,0,0.0,0.0,0.0,,False,7,0,0.0,0.0,7.0,0.0,0.0,0.0,0.0,0.0,0.0
BraTS-GLI-02558-101,2,sustraccion,medium,1,4525,37983,0.0975816316928578,0.0512934658950388,8.394033149171271,,True,7,1,1.0,1.0,6.0,0.0,0.0882676914334297,0.0126096699386835,0.0,0.1428571428571428,0.0
BraTS-GLI-02558-101,2,sustraccion,medium,2,4525,38723,0.0959119496855346,0.0503715937241948,8.557569060773481,,True,7,2,1.0,1.0,6.0,1.0,0.0882676914334297,0.0110334614291787,0.0,0.1428571428571428,0.0
BraTS-GLI-02558-101,2,sustraccion,medium,3,4525,39182,0.0949047063399455,0.0498162515312372,8.659005524861879,,True,7,3,1.0,1.0,6.0,2.0,0.0882676914334297,0.0098075214773416,0.0,0.1428571428571428,0.0
BraTS-GLI-02558-101,2,sustraccion,medium,4,4525,39294,0.094662132864739,0.0496825967181698,8.683756906077347,,True,7,4,1.0,1.0,6.0,3.0,0.0882676914334297,0.0088267689570784,0.0,0.1428571428571428,0.0
BraTS-GLI-02558-101,2,sustraccion,medium,5,4525,39396,0.0944422941189863,0.0495614978373599,8.706298342541437,,True,7,5,1.0,1.0,6.0,4.0,0.0882676914334297,0.0080243358388543,0.0,0.1428571428571428,0.0
BraTS-GLI-02558-101,2,gmm_2d,medium,0,4525,0,0.0,0.0,0.0,,False,7,0,0.0,0.0,7.0,0.0,0.0,0.0,0.0,0.0,0.0
BraTS-GLI-02558-101,2,gmm_2d,medium,1,4525,56523,0.1088979163936574,0.0575843669877347,12.491270718232045,,True,7,1,1.0,1.0,6.0,0.0,0.0873503610491752,0.0124786226078867,0.0,0.1428571428571428,0.0
BraTS-GLI-02558-101,2,gmm_2d,medium,2,4525,70346,0.0887927234843931,0.0464589710260388,15.546077348066298,,True,7,2,1.0,1.0,6.0,1.0,0.0873503610491752,0.0109187951311469,0.0,0.1428571428571428,0.0
BraTS-GLI-02558-101,2,gmm_2d,medium,3,4525,75023,0.0977020163926182,0.0513599957706642,16.57966850828729,,True,7,3,2.0,2.0,5.0,1.0,0.2930919826030731,0.0366364978253841,0.0,0.2857142857142857,0.1428571428571428
BraTS-GLI-02558-101,2,gmm_2d,medium,4,4525,78374,0.0937526387531815,0.0491817802133826,17.32022099447514,,True,7,4,2.0,2.0,5.0,2.0,0.2930919826030731,0.032565776258707,0.0,0.2857142857142857,0.1428571428571428
BraTS-GLI-02558-101,2,gmm_2d,medium,5,4525,78602,0.0934954948452368,0.049040269557426,17.37060773480663,,True,7,5,2.0,2.0,5.0,3.0,0.2930919826030731,0.0293091982603073,0.0,0.2857142857142857,0.1428571428571428
BraTS-GLI-02558-101,2,variational_spline,medium,0,4525,0,0.0,0.0,0.0,,False,7,0,0.0,0.0,7.0,0.0,0.0,0.0,0.0,0.0,0.0
BraTS-GLI-02558-101,2,variational_spline,medium,1,4525,4530,0.0909994478188846,0.0476686335763045,1.0011049723756906,,False,7,1,1.0,1.0,6.0,0.0,0.1113513484597206,0.0159073360264301,0.0,0.1428571428571428,0.1428571428571428
BraTS-GLI-02558-101,2,variational_spline,medium,2,4525,4530,0.0909994478188846,0.0476686335763045,1.0011049723756906,,False,7,1,1.0,1.0,6.0,0.0,0.1113513484597206,0.0159073360264301,0.0,0.1428571428571428,0.1428571428571428
BraTS-GLI-02558-101,2,variational_spline,medium,3,4525,4530,0.0909994478188846,0.0476686335763045,1.0011049723756906,,False,7,1,1.0,1.0,6.0,0.0,0.1113513484597206,0.0159073360264301,0.0,0.1428571428571428,0.1428571428571428
BraTS-GLI-02558-101,2,variational_spline,medium,4,4525,4530,0.0909994478188846,0.0476686335763045,1.0011049723756906,,False,7,1,1.0,1.0,6.0,0.0,0.1113513484597206,0.0159073360264301,0.0,0.1428571428571428,0.1428571428571428
BraTS-GLI-02558-101,2,variational_spline,medium,5,4525,4530,0.0909994478188846,0.0476686335763045,1.0011049723756906,,False,7,1,1.0,1.0,6.0,0.0,0.1113513484597206,0.0159073360264301,0.0,0.1428571428571428,0.1428571428571428
BraTS-GLI-02561-101,2,otsu_T1c,small,0,299,0,0.0,0.0,0.0,,False,1,0,0.0,0.0,1.0,0.0,0.0,0.0,0.0,0.0,0.0
BraTS-GLI-02561-101,2,otsu_T1c,small,1,299,10684,0.0,0.0,35.7324414715719,,True,1,1,0.0,0.0,1.0,1.0,0.0,0.0,0.0,0.0,0.0
BraTS-GLI-02561-101,2,otsu_T1c,small,2,299,10684,0.0,0.0,35.7324414715719,,True,1,1,0.0,0.0,1.0,1.0,0.0,0.0,0.0,0.0,0.0
BraTS-GLI-02561-101,2,otsu_T1c,small,3,299,10684,0.0,0.0,35.7324414715719,,True,1,1,0.0,0.0,1.0,1.0,0.0,0.0,0.0,0.0,0.0
BraTS-GLI-02561-101,2,otsu_T1c,small,4,299,10684,0.0,0.0,35.7324414715719,,True,1,1,0.0,0.0,1.0,1.0,0.0,0.0,0.0,0.0,0.0
BraTS-GLI-02561-101,2,otsu_T1c,small,5,299,10684,0.0,0.0,35.7324414715719,,True,1,1,0.0,0.0,1.0,1.0,0.0,0.0,0.0,0.0,0.0
BraTS-GLI-02561-101,2,gmm_T1c,small,0,299,0,0.0,0.0,0.0,,False,1,0,0.0,0.0,1.0,0.0,0.0,0.0,0.0,0.0,0.0
BraTS-GLI-02561-101,2,gmm_T1c,small,1,299,11968,0.0,0.0,40.02675585284281,,True,1,1,0.0,0.0,1.0,1.0,0.0,0.0,0.0,0.0,0.0
BraTS-GLI-02561-101,2,gmm_T1c,small,2,299,11968,0.0,0.0,40.02675585284281,,True,1,1,0.0,0.0,1.0,1.0,0.0,0.0,0.0,0.0,0.0
BraTS-GLI-02561-101,2,gmm_T1c,small,3,299,11968,0.0,0.0,40.02675585284281,,True,1,1,0.0,0.0,1.0,1.0,0.0,0.0,0.0,0.0,0.0
BraTS-GLI-02561-101,2,gmm_T1c,small,4,299,11968,0.0,0.0,40.02675585284281,,True,1,1,0.0,0.0,1.0,1.0,0.0,0.0,0.0,0.0,0.0
BraTS-GLI-02561-101,2,gmm_T1c,small,5,299,11968,0.0,0.0,40.02675585284281,,True,1,1,0.0,0.0,1.0,1.0,0.0,0.0,0.0,0.0,0.0
BraTS-GLI-02561-101,2,sustraccion,small,0,299,0,0.0,0.0,0.0,,False,1,0,0.0,0.0,1.0,0.0,0.0,0.0,0.0,0.0,0.0
BraTS-GLI-02561-101,2,sustraccion,small,1,299,51379,0.0115716552498161,0.0058194982385799,171.83612040133778,,True,1,1,1.0,1.0,0.0,0.0,0.01157165504992,0.01157165504992,0.01157165504992,1.0,0.0
BraTS-GLI-02561-101,2,sustraccion,small,2,299,52573,0.011310334392495,0.005687329998288,175.8294314381271,,True,1,2,1.0,1.0,0.0,1.0,0.01157165504992,0.00578582752496,0.01157165504992,1.0,0.0
BraTS-GLI-02561-101,2,sustraccion,small,3,299,53380,0.0111402969503902,0.0056013488197826,178.5284280936455,,True,1,3,1.0,1.0,0.0,2.0,0.01157165504992,0.0038572184275835,0.01157165504992,1.0,0.0
BraTS-GLI-02561-101,2,sustraccion,small,4,299,53850,0.0110436019132393,0.0055524605385329,180.10033444816054,,True,1,4,1.0,1.0,0.0,3.0,0.01157165504992,0.00289291376248,0.01157165504992,1.0,0.0
BraTS-GLI-02561-101,2,sustraccion,small,5,299,54276,0.0109573980760421,0.005508880536517,181.5250836120401,,True,1,5,1.0,1.0,0.0,4.0,0.01157165504992,0.002314331009984,0.01157165504992,1.0,0.0
BraTS-GLI-02561-101,2,gmm_2d,small,0,299,0,0.0,0.0,0.0,,False,1,0,0.0,0.0,1.0,0.0,0.0,0.0,0.0,0.0,0.0
BraTS-GLI-02561-101,2,gmm_2d,small,1,299,66289,0.0089805971045834,0.0045105522786586,221.7023411371237,,True,1,1,1.0,1.0,0.0,0.0,0.0089805973693728,0.0089805973693728,0.0089805973693728,1.0,0.0
BraTS-GLI-02561-101,2,gmm_2d,small,2,299,69211,0.0086030786937131,0.0043201225238762,231.4749163879599,,True,1,2,1.0,1.0,0.0,1.0,0.0089805973693728,0.0044902986846864,0.0089805973693728,1.0,0.0
BraTS-GLI-02561-101,2,gmm_2d,small,3,299,70631,0.0084308473142534,0.0042332686780592,236.2240802675585,,True,1,3,1.0,1.0,0.0,2.0,0.0089805973693728,0.0029935324564576,0.0089805973693728,1.0,0.0
BraTS-GLI-02561-101,2,gmm_2d,small,4,299,71585,0.0083189583217405,0.0041768526926031,239.41471571906357,,True,1,4,1.0,1.0,0.0,3.0,0.0089805973693728,0.0022451493423432,0.0089805973693728,1.0,0.0
BraTS-GLI-02561-101,2,gmm_2d,small,5,299,72355,0.0082307925234673,0.0041324027365074,241.98996655518397,,True,1,5,1.0,1.0,0.0,4.0,0.0089805973693728,0.0017961194971576,0.0089805973693728,1.0,0.0
BraTS-GLI-02561-101,2,variational_spline,small,0,299,0,0.0,0.0,0.0,,False,1,0,0.0,0.0,1.0,0.0,0.0,0.0,0.0,0.0,0.0
BraTS-GLI-02561-101,2,variational_spline,small,1,299,11969,0.0,0.0,40.03010033444816,,True,1,1,0.0,0.0,1.0,1.0,0.0,0.0,0.0,0.0,0.0
BraTS-GLI-02561-101,2,variational_spline,small,2,299,11969,0.0,0.0,40.03010033444816,,True,1,1,0.0,0.0,1.0,1.0,0.0,0.0,0.0,0.0,0.0
BraTS-GLI-02561-101,2,variational_spline,small,3,299,11969,0.0,0.0,40.03010033444816,,True,1,1,0.0,0.0,1.0,1.0,0.0,0.0,0.0,0.0,0.0
BraTS-GLI-02561-101,2,variational_spline,small,4,299,11969,0.0,0.0,40.03010033444816,,True,1,1,0.0,0.0,1.0,1.0,0.0,0.0,0.0,0.0,0.0
BraTS-GLI-02561-101,2,variational_spline,small,5,299,11969,0.0,0.0,40.03010033444816,,True,1,1,0.0,0.0,1.0,1.0,0.0,0.0,0.0,0.0,0.0
BraTS-GLI-02635-100,4,otsu_T1c,absent,0,0,0,,,,True,False,0,0,,,,,,,,,
BraTS-GLI-02635-100,4,otsu_T1c,absent,1,0,464359,,,,False,True,0,1,,,,,,,,,
BraTS-GLI-02635-100,4,otsu_T1c,absent,2,0,464359,,,,False,True,0,1,,,,,,,,,
BraTS-GLI-02635-100,4,otsu_T1c,absent,3,0,464359,,,,False,True,0,1,,,,,,,,,
BraTS-GLI-02635-100,4,otsu_T1c,absent,4,0,464359,,,,False,True,0,1,,,,,,,,,
BraTS-GLI-02635-100,4,otsu_T1c,absent,5,0,464359,,,,False,True,0,1,,,,,,,,,
BraTS-GLI-02635-100,4,gmm_T1c,absent,0,0,0,,,,True,False,0,0,,,,,,,,,
BraTS-GLI-02635-100,4,gmm_T1c,absent,1,0,498518,,,,False,True,0,1,,,,,,,,,
BraTS-GLI-02635-100,4,gmm_T1c,absent,2,0,498518,,,,False,True,0,1,,,,,,,,,
BraTS-GLI-02635-100,4,gmm_T1c,absent,3,0,498518,,,,False,True,0,1,,,,,,,,,
BraTS-GLI-02635-100,4,gmm_T1c,absent,4,0,498518,,,,False,True,0,1,,,,,,,,,
BraTS-GLI-02635-100,4,gmm_T1c,absent,5,0,498518,,,,False,True,0,1,,,,,,,,,
BraTS-GLI-02635-100,4,sustraccion,absent,0,0,0,,,,True,False,0,0,,,,,,,,,
BraTS-GLI-02635-100,4,sustraccion,absent,1,0,45529,,,,False,True,0,1,,,,,,,,,
BraTS-GLI-02635-100,4,sustraccion,absent,2,0,47732,,,,False,True,0,2,,,,,,,,,
BraTS-GLI-02635-100,4,sustraccion,absent,3,0,48711,,,,False,True,0,3,,,,,,,,,
BraTS-GLI-02635-100,4,sustraccion,absent,4,0,49159,,,,False,True,0,4,,,,,,,,,
BraTS-GLI-02635-100,4,sustraccion,absent,5,0,49323,,,,False,True,0,5,,,,,,,,,
BraTS-GLI-02635-100,4,gmm_2d,absent,0,0,0,,,,True,False,0,0,,,,,,,,,
BraTS-GLI-02635-100,4,gmm_2d,absent,1,0,41497,,,,False,True,0,1,,,,,,,,,
BraTS-GLI-02635-100,4,gmm_2d,absent,2,0,45718,,,,False,True,0,2,,,,,,,,,
BraTS-GLI-02635-100,4,gmm_2d,absent,3,0,48194,,,,False,True,0,3,,,,,,,,,
BraTS-GLI-02635-100,4,gmm_2d,absent,4,0,49614,,,,False,True,0,4,,,,,,,,,
BraTS-GLI-02635-100,4,gmm_2d,absent,5,0,49794,,,,False,True,0,5,,,,,,,,,
BraTS-GLI-02635-100,4,variational_spline,absent,0,0,0,,,,True,False,0,0,,,,,,,,,
BraTS-GLI-02635-100,4,variational_spline,absent,1,0,142154,,,,False,True,0,1,,,,,,,,,
BraTS-GLI-02635-100,4,variational_spline,absent,2,0,142154,,,,False,True,0,1,,,,,,,,,
BraTS-GLI-02635-100,4,variational_spline,absent,3,0,142154,,,,False,True,0,1,,,,,,,,,
BraTS-GLI-02635-100,4,variational_spline,absent,4,0,142154,,,,False,True,0,1,,,,,,,,,
BraTS-GLI-02635-100,4,variational_spline,absent,5,0,142154,,,,False,True,0,1,,,,,,,,,
BraTS-GLI-02664-100,2,otsu_T1c,absent,0,0,0,,,,True,False,0,0,,,,,,,,,
BraTS-GLI-02664-100,2,otsu_T1c,absent,1,0,578786,,,,False,True,0,1,,,,,,,,,
BraTS-GLI-02664-100,2,otsu_T1c,absent,2,0,578786,,,,False,True,0,1,,,,,,,,,
BraTS-GLI-02664-100,2,otsu_T1c,absent,3,0,578786,,,,False,True,0,1,,,,,,,,,
BraTS-GLI-02664-100,2,otsu_T1c,absent,4,0,578786,,,,False,True,0,1,,,,,,,,,
BraTS-GLI-02664-100,2,otsu_T1c,absent,5,0,578786,,,,False,True,0,1,,,,,,,,,
BraTS-GLI-02664-100,2,gmm_T1c,absent,0,0,0,,,,True,False,0,0,,,,,,,,,
BraTS-GLI-02664-100,2,gmm_T1c,absent,1,0,10389,,,,False,True,0,1,,,,,,,,,
BraTS-GLI-02664-100,2,gmm_T1c,absent,2,0,10389,,,,False,True,0,1,,,,,,,,,
BraTS-GLI-02664-100,2,gmm_T1c,absent,3,0,10389,,,,False,True,0,1,,,,,,,,,
BraTS-GLI-02664-100,2,gmm_T1c,absent,4,0,10389,,,,False,True,0,1,,,,,,,,,
BraTS-GLI-02664-100,2,gmm_T1c,absent,5,0,10389,,,,False,True,0,1,,,,,,,,,
BraTS-GLI-02664-100,2,sustraccion,absent,0,0,0,,,,True,False,0,0,,,,,,,,,
BraTS-GLI-02664-100,2,sustraccion,absent,1,0,106564,,,,False,True,0,1,,,,,,,,,
BraTS-GLI-02664-100,2,sustraccion,absent,2,0,112368,,,,False,True,0,2,,,,,,,,,
BraTS-GLI-02664-100,2,sustraccion,absent,3,0,113522,,,,False,True,0,3,,,,,,,,,
BraTS-GLI-02664-100,2,sustraccion,absent,4,0,114188,,,,False,True,0,4,,,,,,,,,
BraTS-GLI-02664-100,2,sustraccion,absent,5,0,114584,,,,False,True,0,5,,,,,,,,,
BraTS-GLI-02664-100,2,gmm_2d,absent,0,0,0,,,,True,False,0,0,,,,,,,,,
BraTS-GLI-02664-100,2,gmm_2d,absent,1,0,95281,,,,False,True,0,1,,,,,,,,,
BraTS-GLI-02664-100,2,gmm_2d,absent,2,0,102428,,,,False,True,0,2,,,,,,,,,
BraTS-GLI-02664-100,2,gmm_2d,absent,3,0,103549,,,,False,True,0,3,,,,,,,,,
BraTS-GLI-02664-100,2,gmm_2d,absent,4,0,104375,,,,False,True,0,4,,,,,,,,,
BraTS-GLI-02664-100,2,gmm_2d,absent,5,0,104550,,,,False,True,0,5,,,,,,,,,
BraTS-GLI-02664-100,2,variational_spline,absent,0,0,0,,,,True,False,0,0,,,,,,,,,
BraTS-GLI-02664-100,2,variational_spline,absent,1,0,10389,,,,False,True,0,1,,,,,,,,,
BraTS-GLI-02664-100,2,variational_spline,absent,2,0,10389,,,,False,True,0,1,,,,,,,,,
BraTS-GLI-02664-100,2,variational_spline,absent,3,0,10389,,,,False,True,0,1,,,,,,,,,
BraTS-GLI-02664-100,2,variational_spline,absent,4,0,10389,,,,False,True,0,1,,,,,,,,,
BraTS-GLI-02664-100,2,variational_spline,absent,5,0,10389,,,,False,True,0,1,,,,,,,,,
BraTS-GLI-02699-100,2,otsu_T1c,large,0,14387,0,0.0,0.0,0.0,,False,4,0,0.0,0.0,4.0,0.0,0.0,0.0,0.0,0.0,0.0
BraTS-GLI-02699-100,2,otsu_T1c,large,1,14387,21372,0.0,0.0,1.4855077500521303,,True,4,1,0.0,0.0,4.0,1.0,0.0,0.0,0.0,0.0,0.0
BraTS-GLI-02699-100,2,otsu_T1c,large,2,14387,21372,0.0,0.0,1.4855077500521303,,True,4,1,0.0,0.0,4.0,1.0,0.0,0.0,0.0,0.0,0.0
BraTS-GLI-02699-100,2,otsu_T1c,large,3,14387,21372,0.0,0.0,1.4855077500521303,,True,4,1,0.0,0.0,4.0,1.0,0.0,0.0,0.0,0.0,0.0
BraTS-GLI-02699-100,2,otsu_T1c,large,4,14387,21372,0.0,0.0,1.4855077500521303,,True,4,1,0.0,0.0,4.0,1.0,0.0,0.0,0.0,0.0,0.0
BraTS-GLI-02699-100,2,otsu_T1c,large,5,14387,21372,0.0,0.0,1.4855077500521303,,True,4,1,0.0,0.0,4.0,1.0,0.0,0.0,0.0,0.0,0.0
BraTS-GLI-02699-100,2,gmm_T1c,large,0,14387,0,0.0,0.0,0.0,,False,4,0,0.0,0.0,4.0,0.0,0.0,0.0,0.0,0.0,0.0
BraTS-GLI-02699-100,2,gmm_T1c,large,1,14387,29113,0.2530574712643678,0.1448573534056216,2.023562938764162,,True,4,1,1.0,1.0,3.0,0.0,0.2555127441883087,0.0638781860470771,0.0,0.25,0.25
BraTS-GLI-02699-100,2,gmm_T1c,large,2,14387,29113,0.2530574712643678,0.1448573534056216,2.023562938764162,,True,4,1,1.0,1.0,3.0,0.0,0.2555127441883087,0.0638781860470771,0.0,0.25,0.25
BraTS-GLI-02699-100,2,gmm_T1c,large,3,14387,29113,0.2530574712643678,0.1448573534056216,2.023562938764162,,True,4,1,1.0,1.0,3.0,0.0,0.2555127441883087,0.0638781860470771,0.0,0.25,0.25
BraTS-GLI-02699-100,2,gmm_T1c,large,4,14387,29113,0.2530574712643678,0.1448573534056216,2.023562938764162,,True,4,1,1.0,1.0,3.0,0.0,0.2555127441883087,0.0638781860470771,0.0,0.25,0.25
BraTS-GLI-02699-100,2,gmm_T1c,large,5,14387,29113,0.2530574712643678,0.1448573534056216,2.023562938764162,,True,4,1,1.0,1.0,3.0,0.0,0.2555127441883087,0.0638781860470771,0.0,0.25,0.25
BraTS-GLI-02699-100,2,sustraccion,large,0,14387,0,0.0,0.0,0.0,,False,4,0,0.0,0.0,4.0,0.0,0.0,0.0,0.0,0.0,0.0
BraTS-GLI-02699-100,2,sustraccion,large,1,14387,100592,0.2063681193957157,0.1150560054308296,6.991867658302635,,True,4,1,1.0,1.0,3.0,0.0,0.2071211040019989,0.0517802760004997,0.0,0.25,0.25
BraTS-GLI-02699-100,2,sustraccion,large,2,14387,101328,0.2050555243486151,0.1142405946981733,7.043024953082644,,True,4,2,1.0,1.0,3.0,1.0,0.2071211040019989,0.0414242222905159,0.0,0.25,0.25
BraTS-GLI-02699-100,2,sustraccion,large,3,14387,101547,0.204668173270999,0.1140001921783415,7.058247028567457,,True,4,3,1.0,1.0,3.0,2.0,0.2071211040019989,0.0345201827585697,0.0,0.25,0.25
BraTS-GLI-02699-100,2,sustraccion,large,4,14387,101559,0.2046469908405637,0.1139870486731615,7.059081114895392,,True,4,4,1.0,1.0,3.0,3.0,0.2071211040019989,0.0295887291431427,0.0,0.25,0.25
BraTS-GLI-02699-100,2,sustraccion,large,5,14387,101615,0.2045481974448716,0.1139257523670514,7.062973517759088,,True,4,5,1.0,1.0,3.0,4.0,0.2071211040019989,0.0258901380002498,0.0,0.25,0.25
BraTS-GLI-02699-100,2,gmm_2d,large,0,14387,0,0.0,0.0,0.0,,False,4,0,0.0,0.0,4.0,0.0,0.0,0.0,0.0,0.0,0.0
BraTS-GLI-02699-100,2,gmm_2d,large,1,14387,102083,0.233296127758221,0.1320516309630263,7.095502884548551,,True,4,1,1.0,1.0,3.0,0.0,0.2341364175081253,0.0585341043770313,0.0,0.25,0.25
BraTS-GLI-02699-100,2,gmm_2d,large,2,14387,102689,0.2320885578598517,0.1312783843849647,7.137624244109265,,True,4,2,1.0,1.0,3.0,1.0,0.2341364175081253,0.046827282756567,0.0,0.25,0.25
BraTS-GLI-02699-100,2,gmm_2d,large,3,14387,103027,0.2314204438993646,0.1308510228454752,7.161117675679433,,True,4,3,1.0,1.0,3.0,2.0,0.2341364175081253,0.0390227362513542,0.0,0.25,0.25
BraTS-GLI-02699-100,2,gmm_2d,large,4,14387,103095,0.2312864949524182,0.1307653807653807,7.165844164871064,,True,4,4,1.0,1.0,3.0,3.0,0.2341364175081253,0.0334480591118335,0.0,0.25,0.25
BraTS-GLI-02699-100,2,gmm_2d,large,5,14387,103120,0.2312372879913537,0.1307339228837289,7.167581844720929,,True,4,5,1.0,1.0,3.0,4.0,0.2341364175081253,0.0292670521885156,0.0,0.25,0.25
BraTS-GLI-02699-100,2,variational_spline,large,0,14387,0,0.0,0.0,0.0,,False,4,0,0.0,0.0,4.0,0.0,0.0,0.0,0.0,0.0,0.0
BraTS-GLI-02699-100,2,variational_spline,large,1,14387,29115,0.2530458369730127,0.1448497289331017,2.0237019531521514,,True,4,1,1.0,1.0,3.0,0.0,0.2555008828639984,0.0638752207159996,0.0,0.25,0.25
BraTS-GLI-02699-100,2,variational_spline,large,2,14387,29115,0.2530458369730127,0.1448497289331017,2.0237019531521514,,True,4,1,1.0,1.0,3.0,0.0,0.2555008828639984,0.0638752207159996,0.0,0.25,0.25
BraTS-GLI-02699-100,2,variational_spline,large,3,14387,29115,0.2530458369730127,0.1448497289331017,2.0237019531521514,,True,4,1,1.0,1.0,3.0,0.0,0.2555008828639984,0.0638752207159996,0.0,0.25,0.25
BraTS-GLI-02699-100,2,variational_spline,large,4,14387,29115,0.2530458369730127,0.1448497289331017,2.0237019531521514,,True,4,1,1.0,1.0,3.0,0.0,0.2555008828639984,0.0638752207159996,0.0,0.25,0.25
BraTS-GLI-02699-100,2,variational_spline,large,5,14387,29115,0.2530458369730127,0.1448497289331017,2.0237019531521514,,True,4,1,1.0,1.0,3.0,0.0,0.2555008828639984,0.0638752207159996,0.0,0.25,0.25
BraTS-GLI-02701-100,3,otsu_T1c,absent,0,0,0,,,,True,False,0,0,,,,,,,,,
BraTS-GLI-02701-100,3,otsu_T1c,absent,1,0,24591,,,,False,True,0,1,,,,,,,,,
BraTS-GLI-02701-100,3,otsu_T1c,absent,2,0,24591,,,,False,True,0,1,,,,,,,,,
BraTS-GLI-02701-100,3,otsu_T1c,absent,3,0,24591,,,,False,True,0,1,,,,,,,,,
BraTS-GLI-02701-100,3,otsu_T1c,absent,4,0,24591,,,,False,True,0,1,,,,,,,,,
BraTS-GLI-02701-100,3,otsu_T1c,absent,5,0,24591,,,,False,True,0,1,,,,,,,,,
BraTS-GLI-02701-100,3,gmm_T1c,absent,0,0,0,,,,True,False,0,0,,,,,,,,,
BraTS-GLI-02701-100,3,gmm_T1c,absent,1,0,27803,,,,False,True,0,1,,,,,,,,,
BraTS-GLI-02701-100,3,gmm_T1c,absent,2,0,27803,,,,False,True,0,1,,,,,,,,,
BraTS-GLI-02701-100,3,gmm_T1c,absent,3,0,27803,,,,False,True,0,1,,,,,,,,,
BraTS-GLI-02701-100,3,gmm_T1c,absent,4,0,27803,,,,False,True,0,1,,,,,,,,,
BraTS-GLI-02701-100,3,gmm_T1c,absent,5,0,27803,,,,False,True,0,1,,,,,,,,,
BraTS-GLI-02701-100,3,sustraccion,absent,0,0,0,,,,True,False,0,0,,,,,,,,,
BraTS-GLI-02701-100,3,sustraccion,absent,1,0,102644,,,,False,True,0,1,,,,,,,,,
BraTS-GLI-02701-100,3,sustraccion,absent,2,0,103414,,,,False,True,0,2,,,,,,,,,
BraTS-GLI-02701-100,3,sustraccion,absent,3,0,103914,,,,False,True,0,3,,,,,,,,,
BraTS-GLI-02701-100,3,sustraccion,absent,4,0,104045,,,,False,True,0,4,,,,,,,,,
BraTS-GLI-02701-100,3,sustraccion,absent,5,0,104078,,,,False,True,0,5,,,,,,,,,
BraTS-GLI-02701-100,3,gmm_2d,absent,0,0,0,,,,True,False,0,0,,,,,,,,,
BraTS-GLI-02701-100,3,gmm_2d,absent,1,0,4903,,,,False,False,0,1,,,,,,,,,
BraTS-GLI-02701-100,3,gmm_2d,absent,2,0,13079,,,,False,True,0,2,,,,,,,,,
BraTS-GLI-02701-100,3,gmm_2d,absent,3,0,13545,,,,False,True,0,3,,,,,,,,,
BraTS-GLI-02701-100,3,gmm_2d,absent,4,0,13661,,,,False,True,0,4,,,,,,,,,
BraTS-GLI-02701-100,3,gmm_2d,absent,5,0,78260,,,,False,True,0,5,,,,,,,,,
BraTS-GLI-02701-100,3,variational_spline,absent,0,0,0,,,,True,False,0,0,,,,,,,,,
BraTS-GLI-02701-100,3,variational_spline,absent,1,0,27798,,,,False,True,0,1,,,,,,,,,
BraTS-GLI-02701-100,3,variational_spline,absent,2,0,27798,,,,False,True,0,1,,,,,,,,,
BraTS-GLI-02701-100,3,variational_spline,absent,3,0,27798,,,,False,True,0,1,,,,,,,,,
BraTS-GLI-02701-100,3,variational_spline,absent,4,0,27798,,,,False,True,0,1,,,,,,,,,
BraTS-GLI-02701-100,3,variational_spline,absent,5,0,27798,,,,False,True,0,1,,,,,,,,,
BraTS-GLI-02744-100,3,otsu_T1c,small,0,68,0,0.0,0.0,0.0,,False,1,0,0.0,0.0,1.0,0.0,0.0,0.0,0.0,0.0,0.0
BraTS-GLI-02744-100,3,otsu_T1c,small,1,68,13696,0.0,0.0,201.41176470588235,,True,1,1,0.0,0.0,1.0,1.0,0.0,0.0,0.0,0.0,0.0
BraTS-GLI-02744-100,3,otsu_T1c,small,2,68,13696,0.0,0.0,201.41176470588235,,True,1,1,0.0,0.0,1.0,1.0,0.0,0.0,0.0,0.0,0.0
BraTS-GLI-02744-100,3,otsu_T1c,small,3,68,13696,0.0,0.0,201.41176470588235,,True,1,1,0.0,0.0,1.0,1.0,0.0,0.0,0.0,0.0,0.0
BraTS-GLI-02744-100,3,otsu_T1c,small,4,68,13696,0.0,0.0,201.41176470588235,,True,1,1,0.0,0.0,1.0,1.0,0.0,0.0,0.0,0.0,0.0
BraTS-GLI-02744-100,3,otsu_T1c,small,5,68,13696,0.0,0.0,201.41176470588235,,True,1,1,0.0,0.0,1.0,1.0,0.0,0.0,0.0,0.0,0.0
BraTS-GLI-02744-100,3,gmm_T1c,small,0,68,0,0.0,0.0,0.0,,False,1,0,0.0,0.0,1.0,0.0,0.0,0.0,0.0,0.0,0.0
BraTS-GLI-02744-100,3,gmm_T1c,small,1,68,18359,0.0,0.0,269.9852941176471,,True,1,1,0.0,0.0,1.0,1.0,0.0,0.0,0.0,0.0,0.0
BraTS-GLI-02744-100,3,gmm_T1c,small,2,68,18359,0.0,0.0,269.9852941176471,,True,1,1,0.0,0.0,1.0,1.0,0.0,0.0,0.0,0.0,0.0
BraTS-GLI-02744-100,3,gmm_T1c,small,3,68,18359,0.0,0.0,269.9852941176471,,True,1,1,0.0,0.0,1.0,1.0,0.0,0.0,0.0,0.0,0.0
BraTS-GLI-02744-100,3,gmm_T1c,small,4,68,18359,0.0,0.0,269.9852941176471,,True,1,1,0.0,0.0,1.0,1.0,0.0,0.0,0.0,0.0,0.0
BraTS-GLI-02744-100,3,gmm_T1c,small,5,68,18359,0.0,0.0,269.9852941176471,,True,1,1,0.0,0.0,1.0,1.0,0.0,0.0,0.0,0.0,0.0
BraTS-GLI-02744-100,3,sustraccion,small,0,68,0,0.0,0.0,0.0,,False,1,0,0.0,0.0,1.0,0.0,0.0,0.0,0.0,0.0,0.0
BraTS-GLI-02744-100,3,sustraccion,small,1,68,79606,0.0013053191756407,0.0006530858305493,1170.6764705882354,,True,1,1,1.0,1.0,0.0,0.0,0.0013053191360086,0.0013053191360086,0.0013053191360086,1.0,0.0
BraTS-GLI-02744-100,3,sustraccion,small,2,68,80537,0.0012902425407853,0.0006455377205069,1184.3676470588234,,True,1,2,1.0,1.0,0.0,1.0,0.0013053191360086,0.0006526595680043,0.0013053191360086,1.0,0.0
BraTS-GLI-02744-100,3,sustraccion,small,3,68,80637,0.0012886438262808,0.0006447373315313,1185.8382352941176,,True,1,3,1.0,1.0,0.0,2.0,0.0013053191360086,0.0004351063689682,0.0013053191360086,1.0,0.0
BraTS-GLI-02744-100,3,sustraccion,small,4,68,80664,0.0012882128524005,0.0006445215666831,1186.235294117647,,True,1,4,1.0,1.0,0.0,3.0,0.0013053191360086,0.0003263297840021,0.0013053191360086,1.0,0.0
BraTS-GLI-02744-100,3,sustraccion,small,5,68,81301,0.0012781280340178,0.0006394726809892,1195.6029411764705,,True,1,5,1.0,1.0,0.0,4.0,0.0013053191360086,0.0002610638330224,0.0013053191360086,1.0,0.0
BraTS-GLI-02744-100,3,gmm_2d,small,0,68,0,0.0,0.0,0.0,,False,1,0,0.0,0.0,1.0,0.0,0.0,0.0,0.0,0.0,0.0
BraTS-GLI-02744-100,3,gmm_2d,small,1,68,78069,0.0005119213688777,0.0002560262170846,1148.0735294117646,,True,1,1,1.0,1.0,0.0,0.0,0.0005119213601574,0.0005119213601574,0.0005119213601574,1.0,0.0
BraTS-GLI-02744-100,3,gmm_2d,small,2,68,79215,0.0005045217764211,0.0002523245398231,1164.9264705882354,,True,1,2,1.0,1.0,0.0,1.0,0.0005119213601574,0.0002559606800787,0.0005119213601574,1.0,0.0
BraTS-GLI-02744-100,3,gmm_2d,small,3,68,80298,0.0004977229176517,0.0002489234062678,1180.8529411764705,,True,1,3,1.0,1.0,0.0,2.0,0.0005119213601574,0.0001706404582364,0.0005119213601574,1.0,0.0
BraTS-GLI-02744-100,3,gmm_2d,small,4,68,80417,0.0004969870162142,0.0002485552724787,1182.6029411764705,,True,1,4,1.0,1.0,0.0,3.0,0.0005119213601574,0.0001279803400393,0.0005119213601574,1.0,0.0
BraTS-GLI-02744-100,3,gmm_2d,small,5,68,80442,0.0004968326915911,0.0002484780718101,1182.970588235294,,True,1,5,1.0,1.0,0.0,4.0,0.0005119213601574,0.0001023842705762,0.0005119213601574,1.0,0.0
BraTS-GLI-02744-100,3,variational_spline,small,0,68,0,0.0,0.0,0.0,,False,1,0,0.0,0.0,1.0,0.0,0.0,0.0,0.0,0.0,0.0
BraTS-GLI-02744-100,3,variational_spline,small,1,68,18359,0.0,0.0,269.9852941176471,,True,1,1,0.0,0.0,1.0,1.0,0.0,0.0,0.0,0.0,0.0
BraTS-GLI-02744-100,3,variational_spline,small,2,68,18359,0.0,0.0,269.9852941176471,,True,1,1,0.0,0.0,1.0,1.0,0.0,0.0,0.0,0.0,0.0
BraTS-GLI-02744-100,3,variational_spline,small,3,68,18359,0.0,0.0,269.9852941176471,,True,1,1,0.0,0.0,1.0,1.0,0.0,0.0,0.0,0.0,0.0
BraTS-GLI-02744-100,3,variational_spline,small,4,68,18359,0.0,0.0,269.9852941176471,,True,1,1,0.0,0.0,1.0,1.0,0.0,0.0,0.0,0.0,0.0
BraTS-GLI-02744-100,3,variational_spline,small,5,68,18359,0.0,0.0,269.9852941176471,,True,1,1,0.0,0.0,1.0,1.0,0.0,0.0,0.0,0.0,0.0
BraTS-GLI-02744-101,2,otsu_T1c,small,0,51,0,0.0,0.0,0.0,,False,1,0,0.0,0.0,1.0,0.0,0.0,0.0,0.0,0.0,0.0
BraTS-GLI-02744-101,2,otsu_T1c,small,1,51,9747,0.0,0.0,191.11764705882356,,False,1,1,0.0,0.0,1.0,1.0,0.0,0.0,0.0,0.0,0.0
BraTS-GLI-02744-101,2,otsu_T1c,small,2,51,9747,0.0,0.0,191.11764705882356,,False,1,1,0.0,0.0,1.0,1.0,0.0,0.0,0.0,0.0,0.0
BraTS-GLI-02744-101,2,otsu_T1c,small,3,51,9747,0.0,0.0,191.11764705882356,,False,1,1,0.0,0.0,1.0,1.0,0.0,0.0,0.0,0.0,0.0
BraTS-GLI-02744-101,2,otsu_T1c,small,4,51,9747,0.0,0.0,191.11764705882356,,False,1,1,0.0,0.0,1.0,1.0,0.0,0.0,0.0,0.0,0.0
BraTS-GLI-02744-101,2,otsu_T1c,small,5,51,9747,0.0,0.0,191.11764705882356,,False,1,1,0.0,0.0,1.0,1.0,0.0,0.0,0.0,0.0,0.0
BraTS-GLI-02744-101,2,gmm_T1c,small,0,51,0,0.0,0.0,0.0,,False,1,0,0.0,0.0,1.0,0.0,0.0,0.0,0.0,0.0,0.0
BraTS-GLI-02744-101,2,gmm_T1c,small,1,51,10437,0.0,0.0,204.64705882352945,,True,1,1,0.0,0.0,1.0,1.0,0.0,0.0,0.0,0.0,0.0
BraTS-GLI-02744-101,2,gmm_T1c,small,2,51,10437,0.0,0.0,204.64705882352945,,True,1,1,0.0,0.0,1.0,1.0,0.0,0.0,0.0,0.0,0.0
BraTS-GLI-02744-101,2,gmm_T1c,small,3,51,10437,0.0,0.0,204.64705882352945,,True,1,1,0.0,0.0,1.0,1.0,0.0,0.0,0.0,0.0,0.0
BraTS-GLI-02744-101,2,gmm_T1c,small,4,51,10437,0.0,0.0,204.64705882352945,,True,1,1,0.0,0.0,1.0,1.0,0.0,0.0,0.0,0.0,0.0
BraTS-GLI-02744-101,2,gmm_T1c,small,5,51,10437,0.0,0.0,204.64705882352945,,True,1,1,0.0,0.0,1.0,1.0,0.0,0.0,0.0,0.0,0.0
BraTS-GLI-02744-101,2,sustraccion,small,0,51,0,0.0,0.0,0.0,,False,1,0,0.0,0.0,1.0,0.0,0.0,0.0,0.0,0.0,0.0
BraTS-GLI-02744-101,2,sustraccion,small,1,51,21416,0.0007453300414589,0.0003728039517218,419.921568627451,,True,1,1,1.0,1.0,0.0,0.0,0.0007453300640918,0.0007453300640918,0.0007453300640918,1.0,0.0
BraTS-GLI-02744-101,2,sustraccion,small,2,51,30734,0.0005197336365112,0.0002599343665724,602.6274509803922,,True,1,2,1.0,1.0,0.0,1.0,0.0007453300640918,0.0003726650320459,0.0007453300640918,1.0,0.0
BraTS-GLI-02744-101,2,sustraccion,small,3,51,37825,0.0004224310909282,0.0002112601668955,741.6666666666666,,True,1,3,1.0,1.0,0.0,2.0,0.0007453300640918,0.0002484433643985,0.0007453300640918,1.0,0.0
BraTS-GLI-02744-101,2,sustraccion,small,4,51,43841,0.0003645311218445,0.000182298787713,859.6274509803922,,True,1,4,1.0,1.0,0.0,3.0,0.0007453300640918,0.0001863325160229,0.0007453300640918,1.0,0.0
BraTS-GLI-02744-101,2,sustraccion,small,5,51,45163,0.0003538726942982,0.0001769676591602,885.5490196078431,,True,1,5,1.0,1.0,0.0,4.0,0.0007453300640918,0.0001490660069976,0.0007453300640918,1.0,0.0
BraTS-GLI-02744-101,2,gmm_2d,small,0,51,0,0.0,0.0,0.0,,False,1,0,0.0,0.0,1.0,0.0,0.0,0.0,0.0,0.0,0.0
BraTS-GLI-02744-101,2,gmm_2d,small,1,51,394312,0.0,0.0,7731.607843137255,,True,1,1,0.0,0.0,1.0,1.0,0.0,0.0,0.0,0.0,0.0
BraTS-GLI-02744-101,2,gmm_2d,small,2,51,395233,0.0,0.0,7749.666666666667,,True,1,2,0.0,0.0,1.0,2.0,0.0,0.0,0.0,0.0,0.0
BraTS-GLI-02744-101,2,gmm_2d,small,3,51,395825,0.0,0.0,7761.274509803921,,True,1,3,0.0,0.0,1.0,3.0,0.0,0.0,0.0,0.0,0.0
BraTS-GLI-02744-101,2,gmm_2d,small,4,51,395869,0.0,0.0,7762.137254901961,,True,1,4,0.0,0.0,1.0,4.0,0.0,0.0,0.0,0.0,0.0
BraTS-GLI-02744-101,2,gmm_2d,small,5,51,396096,0.0,0.0,7766.588235294118,,True,1,5,0.0,0.0,1.0,5.0,0.0,0.0,0.0,0.0,0.0
BraTS-GLI-02744-101,2,variational_spline,small,0,51,0,0.0,0.0,0.0,,False,1,0,0.0,0.0,1.0,0.0,0.0,0.0,0.0,0.0,0.0
BraTS-GLI-02744-101,2,variational_spline,small,1,51,10438,0.0,0.0,204.66666666666663,,True,1,1,0.0,0.0,1.0,1.0,0.0,0.0,0.0,0.0,0.0
BraTS-GLI-02744-101,2,variational_spline,small,2,51,10438,0.0,0.0,204.66666666666663,,True,1,1,0.0,0.0,1.0,1.0,0.0,0.0,0.0,0.0,0.0
BraTS-GLI-02744-101,2,variational_spline,small,3,51,10438,0.0,0.0,204.66666666666663,,True,1,1,0.0,0.0,1.0,1.0,0.0,0.0,0.0,0.0,0.0
BraTS-GLI-02744-101,2,variational_spline,small,4,51,10438,0.0,0.0,204.66666666666663,,True,1,1,0.0,0.0,1.0,1.0,0.0,0.0,0.0,0.0,0.0
BraTS-GLI-02744-101,2,variational_spline,small,5,51,10438,0.0,0.0,204.66666666666663,,True,1,1,0.0,0.0,1.0,1.0,0.0,0.0,0.0,0.0,0.0
BraTS-GLI-02746-100,0,otsu_T1c,small,0,120,0,0.0,0.0,0.0,,False,1,0,0.0,0.0,1.0,0.0,0.0,0.0,0.0,0.0,0.0
BraTS-GLI-02746-100,0,otsu_T1c,small,1,120,564641,0.0004214172012585,0.0002107530081007,4705.341666666666,,True,1,1,1.0,1.0,0.0,0.0,0.0004214172076899,0.0004214172076899,0.0004214172076899,1.0,0.0
BraTS-GLI-02746-100,0,otsu_T1c,small,2,120,564641,0.0004214172012585,0.0002107530081007,4705.341666666666,,True,1,1,1.0,1.0,0.0,0.0,0.0004214172076899,0.0004214172076899,0.0004214172076899,1.0,0.0
BraTS-GLI-02746-100,0,otsu_T1c,small,3,120,564641,0.0004214172012585,0.0002107530081007,4705.341666666666,,True,1,1,1.0,1.0,0.0,0.0,0.0004214172076899,0.0004214172076899,0.0004214172076899,1.0,0.0
BraTS-GLI-02746-100,0,otsu_T1c,small,4,120,564641,0.0004214172012585,0.0002107530081007,4705.341666666666,,True,1,1,1.0,1.0,0.0,0.0,0.0004214172076899,0.0004214172076899,0.0004214172076899,1.0,0.0
BraTS-GLI-02746-100,0,otsu_T1c,small,5,120,564641,0.0004214172012585,0.0002107530081007,4705.341666666666,,True,1,1,1.0,1.0,0.0,0.0,0.0004214172076899,0.0004214172076899,0.0004214172076899,1.0,0.0
BraTS-GLI-02746-100,0,gmm_T1c,small,0,120,0,0.0,0.0,0.0,,False,1,0,0.0,0.0,1.0,0.0,0.0,0.0,0.0,0.0,0.0
BraTS-GLI-02746-100,0,gmm_T1c,small,1,120,15865,0.0,0.0,132.20833333333334,,True,1,1,0.0,0.0,1.0,1.0,0.0,0.0,0.0,0.0,0.0
BraTS-GLI-02746-100,0,gmm_T1c,small,2,120,15865,0.0,0.0,132.20833333333334,,True,1,1,0.0,0.0,1.0,1.0,0.0,0.0,0.0,0.0,0.0
BraTS-GLI-02746-100,0,gmm_T1c,small,3,120,15865,0.0,0.0,132.20833333333334,,True,1,1,0.0,0.0,1.0,1.0,0.0,0.0,0.0,0.0,0.0
BraTS-GLI-02746-100,0,gmm_T1c,small,4,120,15865,0.0,0.0,132.20833333333334,,True,1,1,0.0,0.0,1.0,1.0,0.0,0.0,0.0,0.0,0.0
BraTS-GLI-02746-100,0,gmm_T1c,small,5,120,15865,0.0,0.0,132.20833333333334,,True,1,1,0.0,0.0,1.0,1.0,0.0,0.0,0.0,0.0,0.0
BraTS-GLI-02746-100,0,sustraccion,small,0,120,0,0.0,0.0,0.0,,False,1,0,0.0,0.0,1.0,0.0,0.0,0.0,0.0,0.0,0.0
BraTS-GLI-02746-100,0,sustraccion,small,1,120,105869,0.0022455160441177,0.0011240200245584,882.2416666666667,,True,1,1,1.0,1.0,0.0,0.0,0.0022455160506069,0.0022455160506069,0.0022455160506069,1.0,0.0
BraTS-GLI-02746-100,0,sustraccion,small,2,120,107531,0.0022108480181326,0.0011066473235873,896.0916666666667,,True,1,2,1.0,1.0,0.0,1.0,0.0022455160506069,0.0011227580253034,0.0022455160506069,1.0,0.0
BraTS-GLI-02746-100,0,sustraccion,small,3,120,107914,0.002203010163467,0.0011027197331232,899.2833333333333,,True,1,3,1.0,1.0,0.0,2.0,0.0022455160506069,0.0007485053502023,0.0022455160506069,1.0,0.0
BraTS-GLI-02746-100,0,sustraccion,small,4,120,108266,0.0021958555533002,0.0010991345469995,902.2166666666668,,True,1,4,1.0,1.0,0.0,3.0,0.0022455160506069,0.0005613790126517,0.0022455160506069,1.0,0.0
BraTS-GLI-02746-100,0,sustraccion,small,5,120,108586,0.0021893915699225,0.0010958954570989,904.8833333333332,,True,1,5,1.0,1.0,0.0,4.0,0.0022455160506069,0.0004491032159421,0.0022455160506069,1.0,0.0
BraTS-GLI-02746-100,0,gmm_2d,small,0,120,0,0.0,0.0,0.0,,False,1,0,0.0,0.0,1.0,0.0,0.0,0.0,0.0,0.0,0.0
BraTS-GLI-02746-100,0,gmm_2d,small,1,120,168070,0.0014269576074677,0.0007139882191943,1400.5833333333333,,True,1,1,1.0,1.0,0.0,0.0,0.0014269576640799,0.0014269576640799,0.0014269576640799,1.0,0.0
BraTS-GLI-02746-100,0,gmm_2d,small,2,120,169919,0.0014114409047336,0.0007062188454498,1415.9916666666666,,True,1,2,1.0,1.0,0.0,1.0,0.0014269576640799,0.0007134788320399,0.0014269576640799,1.0,0.0
BraTS-GLI-02746-100,0,gmm_2d,small,3,120,170732,0.0014047245569264,0.0007028559379612,1422.7666666666669,,True,1,3,1.0,1.0,0.0,2.0,0.0014269576640799,0.000475652544992,0.0014269576640799,1.0,0.0
BraTS-GLI-02746-100,0,gmm_2d,small,4,120,171426,0.0013990416564653,0.0007000105001575,1428.55,,True,1,4,1.0,1.0,0.0,3.0,0.0014269576640799,0.0003567394160199,0.0014269576640799,1.0,0.0
BraTS-GLI-02746-100,0,gmm_2d,small,5,120,171871,0.001395421853469,0.000698198067155,1432.2583333333334,,True,1,5,1.0,1.0,0.0,4.0,0.0014269576640799,0.0002853915211744,0.0014269576640799,1.0,0.0
BraTS-GLI-02746-100,0,variational_spline,small,0,120,0,0.0,0.0,0.0,,False,1,0,0.0,0.0,1.0,0.0,0.0,0.0,0.0,0.0,0.0
BraTS-GLI-02746-100,0,variational_spline,small,1,120,15866,0.0,0.0,132.21666666666667,,True,1,1,0.0,0.0,1.0,1.0,0.0,0.0,0.0,0.0,0.0
BraTS-GLI-02746-100,0,variational_spline,small,2,120,15866,0.0,0.0,132.21666666666667,,True,1,1,0.0,0.0,1.0,1.0,0.0,0.0,0.0,0.0,0.0
BraTS-GLI-02746-100,0,variational_spline,small,3,120,15866,0.0,0.0,132.21666666666667,,True,1,1,0.0,0.0,1.0,1.0,0.0,0.0,0.0,0.0,0.0
BraTS-GLI-02746-100,0,variational_spline,small,4,120,15866,0.0,0.0,132.21666666666667,,True,1,1,0.0,0.0,1.0,1.0,0.0,0.0,0.0,0.0,0.0
BraTS-GLI-02746-100,0,variational_spline,small,5,120,15866,0.0,0.0,132.21666666666667,,True,1,1,0.0,0.0,1.0,1.0,0.0,0.0,0.0,0.0,0.0
BraTS-GLI-02753-100,3,otsu_T1c,medium,0,6097,0,0.0,0.0,0.0,,False,5,0,0.0,0.0,5.0,0.0,0.0,0.0,0.0,0.0,0.0
BraTS-GLI-02753-100,3,otsu_T1c,medium,1,6097,20399,0.0020380434782608,0.0010200612036722,3.345743808430376,,True,5,1,1.0,1.0,4.0,0.0,0.002235191874206,0.0004470383864827,0.0,0.2,0.0
BraTS-GLI-02753-100,3,otsu_T1c,medium,2,6097,20399,0.0020380434782608,0.0010200612036722,3.345743808430376,,True,5,1,1.0,1.0,4.0,0.0,0.002235191874206,0.0004470383864827,0.0,0.2,0.0
BraTS-GLI-02753-100,3,otsu_T1c,medium,3,6097,20399,0.0020380434782608,0.0010200612036722,3.345743808430376,,True,5,1,1.0,1.0,4.0,0.0,0.002235191874206,0.0004470383864827,0.0,0.2,0.0
BraTS-GLI-02753-100,3,otsu_T1c,medium,4,6097,20399,0.0020380434782608,0.0010200612036722,3.345743808430376,,True,5,1,1.0,1.0,4.0,0.0,0.002235191874206,0.0004470383864827,0.0,0.2,0.0
BraTS-GLI-02753-100,3,otsu_T1c,medium,5,6097,20399,0.0020380434782608,0.0010200612036722,3.345743808430376,,True,5,1,1.0,1.0,4.0,0.0,0.002235191874206,0.0004470383864827,0.0,0.2,0.0
BraTS-GLI-02753-100,3,gmm_T1c,medium,0,6097,0,0.0,0.0,0.0,,False,5,0,0.0,0.0,5.0,0.0,0.0,0.0,0.0,0.0,0.0
BraTS-GLI-02753-100,3,gmm_T1c,medium,1,6097,19737,0.0020902686382286,0.0010462277676599,3.237165819255372,,True,5,1,1.0,1.0,4.0,0.0,0.0022981658112257,0.0004596331564243,0.0,0.2,0.0
BraTS-GLI-02753-100,3,gmm_T1c,medium,2,6097,19737,0.0020902686382286,0.0010462277676599,3.237165819255372,,True,5,1,1.0,1.0,4.0,0.0,0.0022981658112257,0.0004596331564243,0.0,0.2,0.0
BraTS-GLI-02753-100,3,gmm_T1c,medium,3,6097,19737,0.0020902686382286,0.0010462277676599,3.237165819255372,,True,5,1,1.0,1.0,4.0,0.0,0.0022981658112257,0.0004596331564243,0.0,0.2,0.0
BraTS-GLI-02753-100,3,gmm_T1c,medium,4,6097,19737,0.0020902686382286,0.0010462277676599,3.237165819255372,,True,5,1,1.0,1.0,4.0,0.0,0.0022981658112257,0.0004596331564243,0.0,0.2,0.0
BraTS-GLI-02753-100,3,gmm_T1c,medium,5,6097,19737,0.0020902686382286,0.0010462277676599,3.237165819255372,,True,5,1,1.0,1.0,4.0,0.0,0.0022981658112257,0.0004596331564243,0.0,0.2,0.0
BraTS-GLI-02753-100,3,sustraccion,medium,0,6097,0,0.0,0.0,0.0,,False,5,0,0.0,0.0,5.0,0.0,0.0,0.0,0.0,0.0,0.0
BraTS-GLI-02753-100,3,sustraccion,medium,1,6097,34925,0.0157476476037248,0.0079363129315216,5.728226996883714,,True,5,1,1.0,1.0,4.0,0.0,0.0154064884409308,0.0030812977347522,0.0,0.2,0.0
BraTS-GLI-02753-100,3,sustraccion,medium,2,6097,48783,0.011771137026239,0.0059204135124731,8.001148105625717,,True,5,2,1.0,1.0,4.0,1.0,0.0154064884409308,0.0025677480734884,0.0,0.2,0.0
BraTS-GLI-02753-100,3,sustraccion,medium,3,6097,56185,0.010372178157413,0.005213124808341,9.21518779727735,,True,5,3,1.0,1.0,4.0,2.0,0.0154064884409308,0.0022009268868714,0.0,0.2,0.0
BraTS-GLI-02753-100,3,sustraccion,medium,4,6097,63064,0.0093405242839172,0.0046921758331154,10.34344759717894,,True,5,4,1.0,1.0,4.0,3.0,0.0154064884409308,0.0019258110551163,0.0,0.2,0.0
BraTS-GLI-02753-100,3,sustraccion,medium,5,6097,64340,0.0091713162116501,0.0046067832387255,10.552730851238314,,True,5,5,1.0,1.0,4.0,4.0,0.0154064884409308,0.0017118320101872,0.0,0.2,0.0
BraTS-GLI-02753-100,3,gmm_2d,medium,0,6097,0,0.0,0.0,0.0,,False,5,0,0.0,0.0,5.0,0.0,0.0,0.0,0.0,0.0,0.0
BraTS-GLI-02753-100,3,gmm_2d,medium,1,6097,565020,0.015180777318833,0.0076484433168308,92.67180580613416,,True,5,1,1.0,1.0,4.0,0.0,0.0084672458469867,0.0016934492159634,0.0,0.2,0.0
BraTS-GLI-02753-100,3,gmm_2d,medium,2,6097,565120,0.0151781196988184,0.0076470941042403,92.688207315073,,True,5,2,1.0,1.0,4.0,1.0,0.0084672458469867,0.0014112076023593,0.0,0.2,0.0
BraTS-GLI-02753-100,3,gmm_2d,medium,3,6097,565197,0.0151760739654188,0.0076460555348799,92.70083647695589,,True,5,3,1.0,1.0,4.0,2.0,0.0084672458469867,0.0012096065329387,0.0,0.2,0.0
BraTS-GLI-02753-100,3,gmm_2d,medium,4,6097,565638,0.0151643681076022,0.0076401127952062,92.77316713137608,,True,5,4,1.0,1.0,4.0,3.0,0.0084672458469867,0.0010584057308733,0.0,0.2,0.0
BraTS-GLI-02753-100,3,gmm_2d,medium,5,6097,566275,0.0151474914915474,0.0076315451282222,92.87764474331638,,True,5,5,1.0,1.0,4.0,4.0,0.0084672458469867,0.0009408050682395,0.0,0.2,0.0
BraTS-GLI-02753-100,3,variational_spline,medium,0,6097,0,0.0,0.0,0.0,,False,5,0,0.0,0.0,5.0,0.0,0.0,0.0,0.0,0.0,0.0
BraTS-GLI-02753-100,3,variational_spline,medium,1,6097,19658,0.0020966802562609,0.0010494402985074,3.224208627193702,,True,5,1,1.0,1.0,4.0,0.0,0.0023059186059981,0.0004611837211996,0.0,0.2,0.0
BraTS-GLI-02753-100,3,variational_spline,medium,2,6097,19658,0.0020966802562609,0.0010494402985074,3.224208627193702,,True,5,1,1.0,1.0,4.0,0.0,0.0023059186059981,0.0004611837211996,0.0,0.2,0.0
BraTS-GLI-02753-100,3,variational_spline,medium,3,6097,19658,0.0020966802562609,0.0010494402985074,3.224208627193702,,True,5,1,1.0,1.0,4.0,0.0,0.0023059186059981,0.0004611837211996,0.0,0.2,0.0
BraTS-GLI-02753-100,3,variational_spline,medium,4,6097,19658,0.0020966802562609,0.0010494402985074,3.224208627193702,,True,5,1,1.0,1.0,4.0,0.0,0.0023059186059981,0.0004611837211996,0.0,0.2,0.0
BraTS-GLI-02753-100,3,variational_spline,medium,5,6097,19658,0.0020966802562609,0.0010494402985074,3.224208627193702,,True,5,1,1.0,1.0,4.0,0.0,0.0023059186059981,0.0004611837211996,0.0,0.2,0.0
BraTS-GLI-02755-101,3,otsu_T1c,small,0,705,0,0.0,0.0,0.0,,False,3,0,0.0,0.0,3.0,0.0,0.0,0.0,0.0,0.0,0.0
BraTS-GLI-02755-101,3,otsu_T1c,small,1,705,12591,0.0,0.0,17.859574468085107,,True,3,1,0.0,0.0,3.0,1.0,0.0,0.0,0.0,0.0,0.0
BraTS-GLI-02755-101,3,otsu_T1c,small,2,705,12591,0.0,0.0,17.859574468085107,,True,3,1,0.0,0.0,3.0,1.0,0.0,0.0,0.0,0.0,0.0
BraTS-GLI-02755-101,3,otsu_T1c,small,3,705,12591,0.0,0.0,17.859574468085107,,True,3,1,0.0,0.0,3.0,1.0,0.0,0.0,0.0,0.0,0.0
BraTS-GLI-02755-101,3,otsu_T1c,small,4,705,12591,0.0,0.0,17.859574468085107,,True,3,1,0.0,0.0,3.0,1.0,0.0,0.0,0.0,0.0,0.0
BraTS-GLI-02755-101,3,otsu_T1c,small,5,705,12591,0.0,0.0,17.859574468085107,,True,3,1,0.0,0.0,3.0,1.0,0.0,0.0,0.0,0.0,0.0
BraTS-GLI-02755-101,3,gmm_T1c,small,0,705,0,0.0,0.0,0.0,,False,3,0,0.0,0.0,3.0,0.0,0.0,0.0,0.0,0.0,0.0
BraTS-GLI-02755-101,3,gmm_T1c,small,1,705,21959,0.0,0.0,31.147517730496453,,True,3,1,0.0,0.0,3.0,1.0,0.0,0.0,0.0,0.0,0.0
BraTS-GLI-02755-101,3,gmm_T1c,small,2,705,21959,0.0,0.0,31.147517730496453,,True,3,1,0.0,0.0,3.0,1.0,0.0,0.0,0.0,0.0,0.0
BraTS-GLI-02755-101,3,gmm_T1c,small,3,705,21959,0.0,0.0,31.147517730496453,,True,3,1,0.0,0.0,3.0,1.0,0.0,0.0,0.0,0.0,0.0
BraTS-GLI-02755-101,3,gmm_T1c,small,4,705,21959,0.0,0.0,31.147517730496453,,True,3,1,0.0,0.0,3.0,1.0,0.0,0.0,0.0,0.0,0.0
BraTS-GLI-02755-101,3,gmm_T1c,small,5,705,21959,0.0,0.0,31.147517730496453,,True,3,1,0.0,0.0,3.0,1.0,0.0,0.0,0.0,0.0,0.0
BraTS-GLI-02755-101,3,sustraccion,small,0,705,0,0.0,0.0,0.0,,False,3,0,0.0,0.0,3.0,0.0,0.0,0.0,0.0,0.0,0.0
BraTS-GLI-02755-101,3,sustraccion,small,1,705,81530,0.0052045965829634,0.0026090879165091,115.645390070922,,True,3,1,1.0,1.0,2.0,0.0,0.0038437996990978,0.0012812665663659,0.0,0.3333333333333333,0.0
BraTS-GLI-02755-101,3,sustraccion,small,2,705,82135,0.0051665861902462,0.0025899837823445,116.5035460992908,,True,3,2,1.0,1.0,2.0,1.0,0.0038437996990978,0.0009609499247744,0.0,0.3333333333333333,0.0
BraTS-GLI-02755-101,3,sustraccion,small,3,705,82236,0.0051602946672936,0.0025868217147968,116.6468085106383,,True,3,3,1.0,1.0,2.0,2.0,0.0038437996990978,0.000768759928178,0.0,0.3333333333333333,0.0
BraTS-GLI-02755-101,3,sustraccion,small,4,705,82329,0.0051545150179444,0.0025839169282781,116.77872340425532,,True,3,4,1.0,1.0,2.0,3.0,0.0038437996990978,0.0006406332831829,0.0,0.3333333333333333,0.0
BraTS-GLI-02755-101,3,sustraccion,small,5,705,82380,0.0051513510260576,0.0025823267488023,116.85106382978724,,True,3,5,1.0,1.0,2.0,4.0,0.0038437996990978,0.0005491142510436,0.0,0.3333333333333333,0.0
BraTS-GLI-02755-101,3,gmm_2d,small,0,705,0,0.0,0.0,0.0,,False,3,0,0.0,0.0,3.0,0.0,0.0,0.0,0.0,0.0,0.0
BraTS-GLI-02755-101,3,gmm_2d,small,1,705,4984,0.0,0.0,7.069503546099291,,False,3,1,0.0,0.0,3.0,1.0,0.0,0.0,0.0,0.0,0.0
BraTS-GLI-02755-101,3,gmm_2d,small,2,705,7726,0.0,0.0,10.95886524822695,,False,3,2,0.0,0.0,3.0,2.0,0.0,0.0,0.0,0.0,0.0
BraTS-GLI-02755-101,3,gmm_2d,small,3,705,10450,0.0,0.0,14.822695035460994,,True,3,3,0.0,0.0,3.0,3.0,0.0,0.0,0.0,0.0,0.0
BraTS-GLI-02755-101,3,gmm_2d,small,4,705,12302,0.008918274775121,0.004479110356012,17.449645390070923,,True,3,4,1.0,1.0,2.0,3.0,0.0576540753245353,0.00960901286453,0.0,0.3333333333333333,0.0
BraTS-GLI-02755-101,3,gmm_2d,small,5,705,13207,0.0142323174238067,0.0071671613697241,18.73333333333333,,True,3,5,2.0,2.0,1.0,3.0,0.1428931653499603,0.0238155275583267,0.0576540753245353,0.6666666666666666,0.0
BraTS-GLI-02755-101,3,variational_spline,small,0,705,0,0.0,0.0,0.0,,False,3,0,0.0,0.0,3.0,0.0,0.0,0.0,0.0,0.0,0.0
BraTS-GLI-02755-101,3,variational_spline,small,1,705,21959,0.0,0.0,31.147517730496453,,True,3,1,0.0,0.0,3.0,1.0,0.0,0.0,0.0,0.0,0.0
BraTS-GLI-02755-101,3,variational_spline,small,2,705,21959,0.0,0.0,31.147517730496453,,True,3,1,0.0,0.0,3.0,1.0,0.0,0.0,0.0,0.0,0.0
BraTS-GLI-02755-101,3,variational_spline,small,3,705,21959,0.0,0.0,31.147517730496453,,True,3,1,0.0,0.0,3.0,1.0,0.0,0.0,0.0,0.0,0.0
BraTS-GLI-02755-101,3,variational_spline,small,4,705,21959,0.0,0.0,31.147517730496453,,True,3,1,0.0,0.0,3.0,1.0,0.0,0.0,0.0,0.0,0.0
BraTS-GLI-02755-101,3,variational_spline,small,5,705,21959,0.0,0.0,31.147517730496453,,True,3,1,0.0,0.0,3.0,1.0,0.0,0.0,0.0,0.0,0.0
BraTS-GLI-02761-101,4,otsu_T1c,medium,0,3264,0,0.0,0.0,0.0,,False,1,0,0.0,0.0,1.0,0.0,0.0,0.0,0.0,0.0,0.0
BraTS-GLI-02761-101,4,otsu_T1c,medium,1,3264,11109,0.0,0.0,3.403492647058824,,True,1,1,0.0,0.0,1.0,1.0,0.0,0.0,0.0,0.0,0.0
BraTS-GLI-02761-101,4,otsu_T1c,medium,2,3264,11109,0.0,0.0,3.403492647058824,,True,1,1,0.0,0.0,1.0,1.0,0.0,0.0,0.0,0.0,0.0
BraTS-GLI-02761-101,4,otsu_T1c,medium,3,3264,11109,0.0,0.0,3.403492647058824,,True,1,1,0.0,0.0,1.0,1.0,0.0,0.0,0.0,0.0,0.0
BraTS-GLI-02761-101,4,otsu_T1c,medium,4,3264,11109,0.0,0.0,3.403492647058824,,True,1,1,0.0,0.0,1.0,1.0,0.0,0.0,0.0,0.0,0.0
BraTS-GLI-02761-101,4,otsu_T1c,medium,5,3264,11109,0.0,0.0,3.403492647058824,,True,1,1,0.0,0.0,1.0,1.0,0.0,0.0,0.0,0.0,0.0
BraTS-GLI-02761-101,4,gmm_T1c,medium,0,3264,0,0.0,0.0,0.0,,False,1,0,0.0,0.0,1.0,0.0,0.0,0.0,0.0,0.0,0.0
BraTS-GLI-02761-101,4,gmm_T1c,medium,1,3264,16539,0.2947028228046255,0.1728161089724607,5.067095588235294,,True,1,1,1.0,1.0,0.0,0.0,0.2947028279304504,0.2947028279304504,0.2947028279304504,1.0,1.0
BraTS-GLI-02761-101,4,gmm_T1c,medium,2,3264,16539,0.2947028228046255,0.1728161089724607,5.067095588235294,,True,1,1,1.0,1.0,0.0,0.0,0.2947028279304504,0.2947028279304504,0.2947028279304504,1.0,1.0
BraTS-GLI-02761-101,4,gmm_T1c,medium,3,3264,16539,0.2947028228046255,0.1728161089724607,5.067095588235294,,True,1,1,1.0,1.0,0.0,0.0,0.2947028279304504,0.2947028279304504,0.2947028279304504,1.0,1.0
BraTS-GLI-02761-101,4,gmm_T1c,medium,4,3264,16539,0.2947028228046255,0.1728161089724607,5.067095588235294,,True,1,1,1.0,1.0,0.0,0.0,0.2947028279304504,0.2947028279304504,0.2947028279304504,1.0,1.0
BraTS-GLI-02761-101,4,gmm_T1c,medium,5,3264,16539,0.2947028228046255,0.1728161089724607,5.067095588235294,,True,1,1,1.0,1.0,0.0,0.0,0.2947028279304504,0.2947028279304504,0.2947028279304504,1.0,1.0
BraTS-GLI-02761-101,4,sustraccion,medium,0,3264,0,0.0,0.0,0.0,,False,1,0,0.0,0.0,1.0,0.0,0.0,0.0,0.0,0.0,0.0
BraTS-GLI-02761-101,4,sustraccion,medium,1,3264,62160,0.0985571044265101,0.0518327974276527,19.044117647058822,,True,1,1,1.0,1.0,0.0,0.0,0.0985571071505546,0.0985571071505546,0.0985571071505546,1.0,0.0
BraTS-GLI-02761-101,4,sustraccion,medium,2,3264,67620,0.0909655211331189,0.0476500147797812,20.716911764705884,,True,1,2,1.0,1.0,0.0,1.0,0.0985571071505546,0.0492785535752773,0.0985571071505546,1.0,0.0
BraTS-GLI-02761-101,4,sustraccion,medium,3,3264,67809,0.0907236221912681,0.0475172810210909,20.774816176470587,,True,1,3,1.0,1.0,0.0,2.0,0.0985571071505546,0.0328523702919483,0.0985571071505546,1.0,0.0
BraTS-GLI-02761-101,4,sustraccion,medium,4,3264,67947,0.0905478086250719,0.0474208304528806,20.817095588235293,,True,1,4,1.0,1.0,0.0,3.0,0.0985571071505546,0.0246392767876386,0.0985571071505546,1.0,0.0
BraTS-GLI-02761-101,4,sustraccion,medium,5,3264,68025,0.0904487368317692,0.0473664879159626,20.840992647058822,,True,1,5,1.0,1.0,0.0,4.0,0.0985571071505546,0.0197114218026399,0.0985571071505546,1.0,0.0
BraTS-GLI-02761-101,4,gmm_2d,medium,0,3264,0,0.0,0.0,0.0,,False,1,0,0.0,0.0,1.0,0.0,0.0,0.0,0.0,0.0,0.0
BraTS-GLI-02761-101,4,gmm_2d,medium,1,3264,5099,0.0,0.0,1.5621936274509804,,False,1,1,0.0,0.0,1.0,1.0,0.0,0.0,0.0,0.0,0.0
BraTS-GLI-02761-101,4,gmm_2d,medium,2,3264,9987,0.0,0.0,3.059742647058824,,False,1,2,0.0,0.0,1.0,2.0,0.0,0.0,0.0,0.0,0.0
BraTS-GLI-02761-101,4,gmm_2d,medium,3,3264,14174,0.0,0.0,4.342524509803922,,True,1,3,0.0,0.0,1.0,3.0,0.0,0.0,0.0,0.0,0.0
BraTS-GLI-02761-101,4,gmm_2d,medium,4,3264,17757,0.0,0.0,5.440257352941177,,True,1,4,0.0,0.0,1.0,4.0,0.0,0.0,0.0,0.0,0.0
BraTS-GLI-02761-101,4,gmm_2d,medium,5,3264,20139,0.0023928556168012,0.0011978609625668,6.170036764705882,,True,1,5,1.0,1.0,0.0,4.0,0.0099185267463326,0.0019837054423987,0.0099185267463326,1.0,0.0
BraTS-GLI-02761-101,4,variational_spline,medium,0,3264,0,0.0,0.0,0.0,,False,1,0,0.0,0.0,1.0,0.0,0.0,0.0,0.0,0.0,0.0
BraTS-GLI-02761-101,4,variational_spline,medium,1,3264,16539,0.2947028228046255,0.1728161089724607,5.067095588235294,,True,1,1,1.0,1.0,0.0,0.0,0.2947028279304504,0.2947028279304504,0.2947028279304504,1.0,1.0
BraTS-GLI-02761-101,4,variational_spline,medium,2,3264,16539,0.2947028228046255,0.1728161089724607,5.067095588235294,,True,1,1,1.0,1.0,0.0,0.0,0.2947028279304504,0.2947028279304504,0.2947028279304504,1.0,1.0
BraTS-GLI-02761-101,4,variational_spline,medium,3,3264,16539,0.2947028228046255,0.1728161089724607,5.067095588235294,,True,1,1,1.0,1.0,0.0,0.0,0.2947028279304504,0.2947028279304504,0.2947028279304504,1.0,1.0
BraTS-GLI-02761-101,4,variational_spline,medium,4,3264,16539,0.2947028228046255,0.1728161089724607,5.067095588235294,,True,1,1,1.0,1.0,0.0,0.0,0.2947028279304504,0.2947028279304504,0.2947028279304504,1.0,1.0
BraTS-GLI-02761-101,4,variational_spline,medium,5,3264,16539,0.2947028228046255,0.1728161089724607,5.067095588235294,,True,1,1,1.0,1.0,0.0,0.0,0.2947028279304504,0.2947028279304504,0.2947028279304504,1.0,1.0
BraTS-GLI-02789-101,4,otsu_T1c,absent,0,0,0,,,,True,False,0,0,,,,,,,,,
BraTS-GLI-02789-101,4,otsu_T1c,absent,1,0,13813,,,,False,True,0,1,,,,,,,,,
BraTS-GLI-02789-101,4,otsu_T1c,absent,2,0,13813,,,,False,True,0,1,,,,,,,,,
BraTS-GLI-02789-101,4,otsu_T1c,absent,3,0,13813,,,,False,True,0,1,,,,,,,,,
BraTS-GLI-02789-101,4,otsu_T1c,absent,4,0,13813,,,,False,True,0,1,,,,,,,,,
BraTS-GLI-02789-101,4,otsu_T1c,absent,5,0,13813,,,,False,True,0,1,,,,,,,,,
BraTS-GLI-02789-101,4,gmm_T1c,absent,0,0,0,,,,True,False,0,0,,,,,,,,,
BraTS-GLI-02789-101,4,gmm_T1c,absent,1,0,15792,,,,False,True,0,1,,,,,,,,,
BraTS-GLI-02789-101,4,gmm_T1c,absent,2,0,15792,,,,False,True,0,1,,,,,,,,,
BraTS-GLI-02789-101,4,gmm_T1c,absent,3,0,15792,,,,False,True,0,1,,,,,,,,,
BraTS-GLI-02789-101,4,gmm_T1c,absent,4,0,15792,,,,False,True,0,1,,,,,,,,,
BraTS-GLI-02789-101,4,gmm_T1c,absent,5,0,15792,,,,False,True,0,1,,,,,,,,,
BraTS-GLI-02789-101,4,sustraccion,absent,0,0,0,,,,True,False,0,0,,,,,,,,,
BraTS-GLI-02789-101,4,sustraccion,absent,1,0,2217,,,,False,False,0,1,,,,,,,,,
BraTS-GLI-02789-101,4,sustraccion,absent,2,0,2727,,,,False,False,0,2,,,,,,,,,
BraTS-GLI-02789-101,4,sustraccion,absent,3,0,2957,,,,False,False,0,3,,,,,,,,,
BraTS-GLI-02789-101,4,sustraccion,absent,4,0,2995,,,,False,False,0,4,,,,,,,,,
BraTS-GLI-02789-101,4,sustraccion,absent,5,0,3031,,,,False,False,0,5,,,,,,,,,
BraTS-GLI-02789-101,4,gmm_2d,absent,0,0,0,,,,True,False,0,0,,,,,,,,,
BraTS-GLI-02789-101,4,gmm_2d,absent,1,0,58548,,,,False,True,0,1,,,,,,,,,
BraTS-GLI-02789-101,4,gmm_2d,absent,2,0,74253,,,,False,True,0,2,,,,,,,,,
BraTS-GLI-02789-101,4,gmm_2d,absent,3,0,76359,,,,False,True,0,3,,,,,,,,,
BraTS-GLI-02789-101,4,gmm_2d,absent,4,0,77678,,,,False,True,0,4,,,,,,,,,
BraTS-GLI-02789-101,4,gmm_2d,absent,5,0,77800,,,,False,True,0,5,,,,,,,,,
BraTS-GLI-02789-101,4,variational_spline,absent,0,0,0,,,,True,False,0,0,,,,,,,,,
BraTS-GLI-02789-101,4,variational_spline,absent,1,0,15792,,,,False,True,0,1,,,,,,,,,
BraTS-GLI-02789-101,4,variational_spline,absent,2,0,15792,,,,False,True,0,1,,,,,,,,,
BraTS-GLI-02789-101,4,variational_spline,absent,3,0,15792,,,,False,True,0,1,,,,,,,,,
BraTS-GLI-02789-101,4,variational_spline,absent,4,0,15792,,,,False,True,0,1,,,,,,,,,
BraTS-GLI-02789-101,4,variational_spline,absent,5,0,15792,,,,False,True,0,1,,,,,,,,,
BraTS-GLI-02793-100,4,otsu_T1c,absent,0,0,0,,,,True,False,0,0,,,,,,,,,
BraTS-GLI-02793-100,4,otsu_T1c,absent,1,0,19983,,,,False,True,0,1,,,,,,,,,
BraTS-GLI-02793-100,4,otsu_T1c,absent,2,0,19983,,,,False,True,0,1,,,,,,,,,
BraTS-GLI-02793-100,4,otsu_T1c,absent,3,0,19983,,,,False,True,0,1,,,,,,,,,
BraTS-GLI-02793-100,4,otsu_T1c,absent,4,0,19983,,,,False,True,0,1,,,,,,,,,
BraTS-GLI-02793-100,4,otsu_T1c,absent,5,0,19983,,,,False,True,0,1,,,,,,,,,
BraTS-GLI-02793-100,4,gmm_T1c,absent,0,0,0,,,,True,False,0,0,,,,,,,,,
BraTS-GLI-02793-100,4,gmm_T1c,absent,1,0,21010,,,,False,True,0,1,,,,,,,,,
BraTS-GLI-02793-100,4,gmm_T1c,absent,2,0,21010,,,,False,True,0,1,,,,,,,,,
BraTS-GLI-02793-100,4,gmm_T1c,absent,3,0,21010,,,,False,True,0,1,,,,,,,,,
BraTS-GLI-02793-100,4,gmm_T1c,absent,4,0,21010,,,,False,True,0,1,,,,,,,,,
BraTS-GLI-02793-100,4,gmm_T1c,absent,5,0,21010,,,,False,True,0,1,,,,,,,,,
BraTS-GLI-02793-100,4,sustraccion,absent,0,0,0,,,,True,False,0,0,,,,,,,,,
BraTS-GLI-02793-100,4,sustraccion,absent,1,0,101584,,,,False,True,0,1,,,,,,,,,
BraTS-GLI-02793-100,4,sustraccion,absent,2,0,104334,,,,False,True,0,2,,,,,,,,,
BraTS-GLI-02793-100,4,sustraccion,absent,3,0,104673,,,,False,True,0,3,,,,,,,,,
BraTS-GLI-02793-100,4,sustraccion,absent,4,0,104815,,,,False,True,0,4,,,,,,,,,
BraTS-GLI-02793-100,4,sustraccion,absent,5,0,104827,,,,False,True,0,5,,,,,,,,,
BraTS-GLI-02793-100,4,gmm_2d,absent,0,0,0,,,,True,False,0,0,,,,,,,,,
BraTS-GLI-02793-100,4,gmm_2d,absent,1,0,116382,,,,False,True,0,1,,,,,,,,,
BraTS-GLI-02793-100,4,gmm_2d,absent,2,0,119529,,,,False,True,0,2,,,,,,,,,
BraTS-GLI-02793-100,4,gmm_2d,absent,3,0,120115,,,,False,True,0,3,,,,,,,,,
BraTS-GLI-02793-100,4,gmm_2d,absent,4,0,120168,,,,False,True,0,4,,,,,,,,,
BraTS-GLI-02793-100,4,gmm_2d,absent,5,0,123139,,,,False,True,0,5,,,,,,,,,
BraTS-GLI-02793-100,4,variational_spline,absent,0,0,0,,,,True,False,0,0,,,,,,,,,
BraTS-GLI-02793-100,4,variational_spline,absent,1,0,21010,,,,False,True,0,1,,,,,,,,,
BraTS-GLI-02793-100,4,variational_spline,absent,2,0,21010,,,,False,True,0,1,,,,,,,,,
BraTS-GLI-02793-100,4,variational_spline,absent,3,0,21010,,,,False,True,0,1,,,,,,,,,
BraTS-GLI-02793-100,4,variational_spline,absent,4,0,21010,,,,False,True,0,1,,,,,,,,,
BraTS-GLI-02793-100,4,variational_spline,absent,5,0,21010,,,,False,True,0,1,,,,,,,,,
BraTS-GLI-02793-101,3,otsu_T1c,absent,0,0,0,,,,True,False,0,0,,,,,,,,,
BraTS-GLI-02793-101,3,otsu_T1c,absent,1,0,16382,,,,False,True,0,1,,,,,,,,,
BraTS-GLI-02793-101,3,otsu_T1c,absent,2,0,16382,,,,False,True,0,1,,,,,,,,,
BraTS-GLI-02793-101,3,otsu_T1c,absent,3,0,16382,,,,False,True,0,1,,,,,,,,,
BraTS-GLI-02793-101,3,otsu_T1c,absent,4,0,16382,,,,False,True,0,1,,,,,,,,,
BraTS-GLI-02793-101,3,otsu_T1c,absent,5,0,16382,,,,False,True,0,1,,,,,,,,,
BraTS-GLI-02793-101,3,gmm_T1c,absent,0,0,0,,,,True,False,0,0,,,,,,,,,
BraTS-GLI-02793-101,3,gmm_T1c,absent,1,0,18837,,,,False,True,0,1,,,,,,,,,
BraTS-GLI-02793-101,3,gmm_T1c,absent,2,0,18837,,,,False,True,0,1,,,,,,,,,
BraTS-GLI-02793-101,3,gmm_T1c,absent,3,0,18837,,,,False,True,0,1,,,,,,,,,
BraTS-GLI-02793-101,3,gmm_T1c,absent,4,0,18837,,,,False,True,0,1,,,,,,,,,
BraTS-GLI-02793-101,3,gmm_T1c,absent,5,0,18837,,,,False,True,0,1,,,,,,,,,
BraTS-GLI-02793-101,3,sustraccion,absent,0,0,0,,,,True,False,0,0,,,,,,,,,
BraTS-GLI-02793-101,3,sustraccion,absent,1,0,40530,,,,False,True,0,1,,,,,,,,,
BraTS-GLI-02793-101,3,sustraccion,absent,2,0,42451,,,,False,True,0,2,,,,,,,,,
BraTS-GLI-02793-101,3,sustraccion,absent,3,0,44302,,,,False,True,0,3,,,,,,,,,
BraTS-GLI-02793-101,3,sustraccion,absent,4,0,45357,,,,False,True,0,4,,,,,,,,,
BraTS-GLI-02793-101,3,sustraccion,absent,5,0,46331,,,,False,True,0,5,,,,,,,,,
BraTS-GLI-02793-101,3,gmm_2d,absent,0,0,0,,,,True,False,0,0,,,,,,,,,
BraTS-GLI-02793-101,3,gmm_2d,absent,1,0,70818,,,,False,True,0,1,,,,,,,,,
BraTS-GLI-02793-101,3,gmm_2d,absent,2,0,73680,,,,False,True,0,2,,,,,,,,,
BraTS-GLI-02793-101,3,gmm_2d,absent,3,0,75316,,,,False,True,0,3,,,,,,,,,
BraTS-GLI-02793-101,3,gmm_2d,absent,4,0,76805,,,,False,True,0,4,,,,,,,,,
BraTS-GLI-02793-101,3,gmm_2d,absent,5,0,77674,,,,False,True,0,5,,,,,,,,,
BraTS-GLI-02793-101,3,variational_spline,absent,0,0,0,,,,True,False,0,0,,,,,,,,,
BraTS-GLI-02793-101,3,variational_spline,absent,1,0,18837,,,,False,True,0,1,,,,,,,,,
BraTS-GLI-02793-101,3,variational_spline,absent,2,0,18837,,,,False,True,0,1,,,,,,,,,
BraTS-GLI-02793-101,3,variational_spline,absent,3,0,18837,,,,False,True,0,1,,,,,,,,,
BraTS-GLI-02793-101,3,variational_spline,absent,4,0,18837,,,,False,True,0,1,,,,,,,,,
BraTS-GLI-02793-101,3,variational_spline,absent,5,0,18837,,,,False,True,0,1,,,,,,,,,
BraTS-GLI-02799-100,0,otsu_T1c,small,0,225,0,0.0,0.0,0.0,,False,3,0,0.0,0.0,3.0,0.0,0.0,0.0,0.0,0.0,0.0
BraTS-GLI-02799-100,0,otsu_T1c,small,1,225,14188,0.0,0.0,63.05777777777778,,True,3,1,0.0,0.0,3.0,1.0,0.0,0.0,0.0,0.0,0.0
BraTS-GLI-02799-100,0,otsu_T1c,small,2,225,14188,0.0,0.0,63.05777777777778,,True,3,1,0.0,0.0,3.0,1.0,0.0,0.0,0.0,0.0,0.0
BraTS-GLI-02799-100,0,otsu_T1c,small,3,225,14188,0.0,0.0,63.05777777777778,,True,3,1,0.0,0.0,3.0,1.0,0.0,0.0,0.0,0.0,0.0
BraTS-GLI-02799-100,0,otsu_T1c,small,4,225,14188,0.0,0.0,63.05777777777778,,True,3,1,0.0,0.0,3.0,1.0,0.0,0.0,0.0,0.0,0.0
BraTS-GLI-02799-100,0,otsu_T1c,small,5,225,14188,0.0,0.0,63.05777777777778,,True,3,1,0.0,0.0,3.0,1.0,0.0,0.0,0.0,0.0,0.0
BraTS-GLI-02799-100,0,gmm_T1c,small,0,225,0,0.0,0.0,0.0,,False,3,0,0.0,0.0,3.0,0.0,0.0,0.0,0.0,0.0,0.0
BraTS-GLI-02799-100,0,gmm_T1c,small,1,225,14753,0.0,0.0,65.56888888888889,,True,3,1,0.0,0.0,3.0,1.0,0.0,0.0,0.0,0.0,0.0
BraTS-GLI-02799-100,0,gmm_T1c,small,2,225,14753,0.0,0.0,65.56888888888889,,True,3,1,0.0,0.0,3.0,1.0,0.0,0.0,0.0,0.0,0.0
BraTS-GLI-02799-100,0,gmm_T1c,small,3,225,14753,0.0,0.0,65.56888888888889,,True,3,1,0.0,0.0,3.0,1.0,0.0,0.0,0.0,0.0,0.0
BraTS-GLI-02799-100,0,gmm_T1c,small,4,225,14753,0.0,0.0,65.56888888888889,,True,3,1,0.0,0.0,3.0,1.0,0.0,0.0,0.0,0.0,0.0
BraTS-GLI-02799-100,0,gmm_T1c,small,5,225,14753,0.0,0.0,65.56888888888889,,True,3,1,0.0,0.0,3.0,1.0,0.0,0.0,0.0,0.0,0.0
BraTS-GLI-02799-100,0,sustraccion,small,0,225,0,0.0,0.0,0.0,,False,3,0,0.0,0.0,3.0,0.0,0.0,0.0,0.0,0.0,0.0
BraTS-GLI-02799-100,0,sustraccion,small,1,225,57906,0.0014794171784417,0.0007402561630629,257.36,,True,3,1,1.0,1.0,2.0,0.0,0.0014840635703876,0.0004946878761984,0.0,0.3333333333333333,0.0
BraTS-GLI-02799-100,0,sustraccion,small,2,225,58761,0.0014579730783575,0.0007295183482347,261.16,,True,3,2,1.0,1.0,2.0,1.0,0.0014840635703876,0.0003710158925969,0.0,0.3333333333333333,0.0
BraTS-GLI-02799-100,0,sustraccion,small,3,225,59515,0.0014395714763977,0.0007203042028912,264.5111111111111,,True,3,3,1.0,1.0,2.0,2.0,0.0014840635703876,0.0002968127082567,0.0,0.3333333333333333,0.0
BraTS-GLI-02799-100,0,sustraccion,small,4,225,60135,0.0014247846255798,0.000712900177396,267.26666666666665,,True,3,4,1.0,1.0,2.0,3.0,0.0014840635703876,0.0002473439380992,0.0,0.3333333333333333,0.0
BraTS-GLI-02799-100,0,sustraccion,small,5,225,60518,0.0014158009976458,0.0007084019769357,268.9688888888889,,True,3,5,1.0,1.0,2.0,4.0,0.0014840635703876,0.0002120090794051,0.0,0.3333333333333333,0.0
BraTS-GLI-02799-100,0,gmm_2d,small,0,225,0,0.0,0.0,0.0,,False,3,0,0.0,0.0,3.0,0.0,0.0,0.0,0.0,0.0,0.0
BraTS-GLI-02799-100,0,gmm_2d,small,1,225,60025,0.0014937759336099,0.0007474462253965,266.77777777777777,,True,3,1,1.0,1.0,2.0,0.0,0.0014317107852548,0.0004772369284182,0.0,0.3333333333333333,0.0
BraTS-GLI-02799-100,0,gmm_2d,small,2,225,65422,0.0013709689704023,0.0006859546965031,290.76444444444445,,True,3,2,1.0,1.0,2.0,1.0,0.0014317107852548,0.0003579276963137,0.0,0.3333333333333333,0.0
BraTS-GLI-02799-100,0,gmm_2d,small,3,225,66958,0.0013396246074155,0.0006702612529417,297.5911111111111,,True,3,3,1.0,1.0,2.0,2.0,0.0014317107852548,0.0002863421686924,0.0,0.3333333333333333,0.0
BraTS-GLI-02799-100,0,gmm_2d,small,4,225,67298,0.0013328791670986,0.0006668840214588,299.1022222222222,,True,3,4,1.0,1.0,2.0,3.0,0.0014317107852548,0.0002386184642091,0.0,0.3333333333333333,0.0
BraTS-GLI-02799-100,0,gmm_2d,small,5,225,67566,0.0013276098597158,0.0006642458595341,300.2933333333333,,True,3,5,1.0,1.0,2.0,4.0,0.0014317107852548,0.0002045301080215,0.0,0.3333333333333333,0.0
BraTS-GLI-02799-100,0,variational_spline,small,0,225,0,0.0,0.0,0.0,,False,3,0,0.0,0.0,3.0,0.0,0.0,0.0,0.0,0.0,0.0
BraTS-GLI-02799-100,0,variational_spline,small,1,225,14753,0.0,0.0,65.56888888888889,,True,3,1,0.0,0.0,3.0,1.0,0.0,0.0,0.0,0.0,0.0
BraTS-GLI-02799-100,0,variational_spline,small,2,225,14753,0.0,0.0,65.56888888888889,,True,3,1,0.0,0.0,3.0,1.0,0.0,0.0,0.0,0.0,0.0
BraTS-GLI-02799-100,0,variational_spline,small,3,225,14753,0.0,0.0,65.56888888888889,,True,3,1,0.0,0.0,3.0,1.0,0.0,0.0,0.0,0.0,0.0
BraTS-GLI-02799-100,0,variational_spline,small,4,225,14753,0.0,0.0,65.56888888888889,,True,3,1,0.0,0.0,3.0,1.0,0.0,0.0,0.0,0.0,0.0
BraTS-GLI-02799-100,0,variational_spline,small,5,225,14753,0.0,0.0,65.56888888888889,,True,3,1,0.0,0.0,3.0,1.0,0.0,0.0,0.0,0.0,0.0
BraTS-GLI-02801-100,0,otsu_T1c,large,0,13195,0,0.0,0.0,0.0,,False,2,0,0.0,0.0,2.0,0.0,0.0,0.0,0.0,0.0,0.0
BraTS-GLI-02801-100,0,otsu_T1c,large,1,13195,20565,0.4196682464454976,0.2655570550307392,1.5585449033724896,,True,2,1,1.0,1.0,1.0,0.0,0.4389503300189972,0.2194751650094986,0.2194751650094986,0.5,0.5
BraTS-GLI-02801-100,0,otsu_T1c,large,2,13195,20565,0.4196682464454976,0.2655570550307392,1.5585449033724896,,True,2,1,1.0,1.0,1.0,0.0,0.4389503300189972,0.2194751650094986,0.2194751650094986,0.5,0.5
BraTS-GLI-02801-100,0,otsu_T1c,large,3,13195,20565,0.4196682464454976,0.2655570550307392,1.5585449033724896,,True,2,1,1.0,1.0,1.0,0.0,0.4389503300189972,0.2194751650094986,0.2194751650094986,0.5,0.5
BraTS-GLI-02801-100,0,otsu_T1c,large,4,13195,20565,0.4196682464454976,0.2655570550307392,1.5585449033724896,,True,2,1,1.0,1.0,1.0,0.0,0.4389503300189972,0.2194751650094986,0.2194751650094986,0.5,0.5
BraTS-GLI-02801-100,0,otsu_T1c,large,5,13195,20565,0.4196682464454976,0.2655570550307392,1.5585449033724896,,True,2,1,1.0,1.0,1.0,0.0,0.4389503300189972,0.2194751650094986,0.2194751650094986,0.5,0.5
BraTS-GLI-02801-100,0,gmm_T1c,large,0,13195,0,0.0,0.0,0.0,,False,2,0,0.0,0.0,2.0,0.0,0.0,0.0,0.0,0.0,0.0
BraTS-GLI-02801-100,0,gmm_T1c,large,1,13195,23557,0.4239769264257727,0.269016953834467,1.78529746115953,,True,2,1,1.0,1.0,1.0,0.0,0.4418044090270996,0.2209022045135498,0.2209022045135498,0.5,0.5
BraTS-GLI-02801-100,0,gmm_T1c,large,2,13195,23557,0.4239769264257727,0.269016953834467,1.78529746115953,,True,2,1,1.0,1.0,1.0,0.0,0.4418044090270996,0.2209022045135498,0.2209022045135498,0.5,0.5
BraTS-GLI-02801-100,0,gmm_T1c,large,3,13195,23557,0.4239769264257727,0.269016953834467,1.78529746115953,,True,2,1,1.0,1.0,1.0,0.0,0.4418044090270996,0.2209022045135498,0.2209022045135498,0.5,0.5
BraTS-GLI-02801-100,0,gmm_T1c,large,4,13195,23557,0.4239769264257727,0.269016953834467,1.78529746115953,,True,2,1,1.0,1.0,1.0,0.0,0.4418044090270996,0.2209022045135498,0.2209022045135498,0.5,0.5
BraTS-GLI-02801-100,0,gmm_T1c,large,5,13195,23557,0.4239769264257727,0.269016953834467,1.78529746115953,,True,2,1,1.0,1.0,1.0,0.0,0.4418044090270996,0.2209022045135498,0.2209022045135498,0.5,0.5
BraTS-GLI-02801-100,0,sustraccion,large,0,13195,0,0.0,0.0,0.0,,False,2,0,0.0,0.0,2.0,0.0,0.0,0.0,0.0,0.0,0.0
BraTS-GLI-02801-100,0,sustraccion,large,1,13195,96056,0.182222588351594,0.1002447203843016,7.279727169382342,,True,2,1,1.0,1.0,1.0,0.0,0.1846373677253723,0.0923186838626861,0.0923186838626861,0.5,0.5
BraTS-GLI-02801-100,0,sustraccion,large,2,13195,97279,0.1802052971739957,0.099025069637883,7.372413793103449,,True,2,2,1.0,1.0,1.0,1.0,0.1846373677253723,0.0615457892417907,0.0923186838626861,0.5,0.5
BraTS-GLI-02801-100,0,sustraccion,large,3,13195,98338,0.1784942573050128,0.0979926953405723,7.45267146646457,,True,2,3,1.0,1.0,1.0,2.0,0.1846373677253723,0.046159341931343,0.0923186838626861,0.5,0.5
BraTS-GLI-02801-100,0,sustraccion,large,4,13195,98618,0.1780472753615411,0.0977233234176656,7.473891625615764,,True,2,4,1.0,1.0,1.0,3.0,0.1846373677253723,0.0369274728000164,0.0923186838626861,0.5,0.5
BraTS-GLI-02801-100,0,sustraccion,large,5,13195,98769,0.1778071522989532,0.0975786687579649,7.485335354300871,,True,2,5,1.0,1.0,1.0,4.0,0.1846373677253723,0.0307728946208953,0.0923186838626861,0.5,0.5
BraTS-GLI-02801-100,0,gmm_2d,large,0,13195,0,0.0,0.0,0.0,,False,2,0,0.0,0.0,2.0,0.0,0.0,0.0,0.0,0.0,0.0
BraTS-GLI-02801-100,0,gmm_2d,large,1,13195,94693,0.2107370606554945,0.1177786987152921,7.176430466085638,,True,2,1,1.0,1.0,1.0,0.0,0.2135613858699798,0.1067806929349899,0.1067806929349899,0.5,0.5
BraTS-GLI-02801-100,0,gmm_2d,large,2,13195,96258,0.2077238632106931,0.1158994749452005,7.295035998484274,,True,2,2,1.0,1.0,1.0,1.0,0.2135613858699798,0.0711871311068534,0.1067806929349899,0.5,0.5
BraTS-GLI-02801-100,0,gmm_2d,large,3,13195,97523,0.2053505301757618,0.1144237544036235,7.3909056460780596,,True,2,3,1.0,1.0,1.0,2.0,0.2135613858699798,0.0533903464674949,0.1067806929349899,0.5,0.5
BraTS-GLI-02801-100,0,gmm_2d,large,4,13195,98496,0.2035616119472473,0.1133139957935867,7.464645699128457,,True,2,4,1.0,1.0,1.0,3.0,0.2135613858699798,0.042712278664112,0.1067806929349899,0.5,0.5
BraTS-GLI-02801-100,0,gmm_2d,large,5,13195,98966,0.2027086063783311,0.1127856101118133,7.50026525198939,,True,2,5,1.0,1.0,1.0,4.0,0.2135613858699798,0.0355935655534267,0.1067806929349899,0.5,0.5
BraTS-GLI-02801-100,0,variational_spline,large,0,13195,0,0.0,0.0,0.0,,False,2,0,0.0,0.0,2.0,0.0,0.0,0.0,0.0,0.0,0.0
BraTS-GLI-02801-100,0,variational_spline,large,1,13195,23589,0.4247498912570683,0.2696396520778683,1.7877226222053808,,True,2,1,1.0,1.0,1.0,0.0,0.4425936937332153,0.2212968468666076,0.2212968468666076,0.5,0.5
BraTS-GLI-02801-100,0,variational_spline,large,2,13195,23589,0.4247498912570683,0.2696396520778683,1.7877226222053808,,True,2,1,1.0,1.0,1.0,0.0,0.4425936937332153,0.2212968468666076,0.2212968468666076,0.5,0.5
BraTS-GLI-02801-100,0,variational_spline,large,3,13195,23589,0.4247498912570683,0.2696396520778683,1.7877226222053808,,True,2,1,1.0,1.0,1.0,0.0,0.4425936937332153,0.2212968468666076,0.2212968468666076,0.5,0.5
BraTS-GLI-02801-100,0,variational_spline,large,4,13195,23589,0.4247498912570683,0.2696396520778683,1.7877226222053808,,True,2,1,1.0,1.0,1.0,0.0,0.4425936937332153,0.2212968468666076,0.2212968468666076,0.5,0.5
BraTS-GLI-02801-100,0,variational_spline,large,5,13195,23589,0.4247498912570683,0.2696396520778683,1.7877226222053808,,True,2,1,1.0,1.0,1.0,0.0,0.4425936937332153,0.2212968468666076,0.2212968468666076,0.5,0.5
BraTS-GLI-02801-101,1,otsu_T1c,large,0,11347,0,0.0,0.0,0.0,,False,2,0,0.0,0.0,2.0,0.0,0.0,0.0,0.0,0.0,0.0
BraTS-GLI-02801-101,1,otsu_T1c,large,1,11347,15066,0.3596713739446485,0.2192678761021096,1.3277518286771834,,True,2,1,1.0,1.0,1.0,0.0,0.3797114193439483,0.1898557096719741,0.1898557096719741,0.5,0.5
BraTS-GLI-02801-101,1,otsu_T1c,large,2,11347,15066,0.3596713739446485,0.2192678761021096,1.3277518286771834,,True,2,1,1.0,1.0,1.0,0.0,0.3797114193439483,0.1898557096719741,0.1898557096719741,0.5,0.5
BraTS-GLI-02801-101,1,otsu_T1c,large,3,11347,15066,0.3596713739446485,0.2192678761021096,1.3277518286771834,,True,2,1,1.0,1.0,1.0,0.0,0.3797114193439483,0.1898557096719741,0.1898557096719741,0.5,0.5
BraTS-GLI-02801-101,1,otsu_T1c,large,4,11347,15066,0.3596713739446485,0.2192678761021096,1.3277518286771834,,True,2,1,1.0,1.0,1.0,0.0,0.3797114193439483,0.1898557096719741,0.1898557096719741,0.5,0.5
BraTS-GLI-02801-101,1,otsu_T1c,large,5,11347,15066,0.3596713739446485,0.2192678761021096,1.3277518286771834,,True,2,1,1.0,1.0,1.0,0.0,0.3797114193439483,0.1898557096719741,0.1898557096719741,0.5,0.5
BraTS-GLI-02801-101,1,gmm_T1c,large,0,11347,0,0.0,0.0,0.0,,False,2,0,0.0,0.0,2.0,0.0,0.0,0.0,0.0,0.0,0.0
BraTS-GLI-02801-101,1,gmm_T1c,large,1,11347,18159,0.403917847217515,0.2530683314222618,1.600334890279369,,True,2,1,1.0,1.0,1.0,0.0,0.4239470660686493,0.2119735330343246,0.2119735330343246,0.5,0.5
BraTS-GLI-02801-101,1,gmm_T1c,large,2,11347,18159,0.403917847217515,0.2530683314222618,1.600334890279369,,True,2,1,1.0,1.0,1.0,0.0,0.4239470660686493,0.2119735330343246,0.2119735330343246,0.5,0.5
BraTS-GLI-02801-101,1,gmm_T1c,large,3,11347,18159,0.403917847217515,0.2530683314222618,1.600334890279369,,True,2,1,1.0,1.0,1.0,0.0,0.4239470660686493,0.2119735330343246,0.2119735330343246,0.5,0.5
BraTS-GLI-02801-101,1,gmm_T1c,large,4,11347,18159,0.403917847217515,0.2530683314222618,1.600334890279369,,True,2,1,1.0,1.0,1.0,0.0,0.4239470660686493,0.2119735330343246,0.2119735330343246,0.5,0.5
BraTS-GLI-02801-101,1,gmm_T1c,large,5,11347,18159,0.403917847217515,0.2530683314222618,1.600334890279369,,True,2,1,1.0,1.0,1.0,0.0,0.4239470660686493,0.2119735330343246,0.2119735330343246,0.5,0.5
BraTS-GLI-02801-101,1,sustraccion,large,0,11347,0,0.0,0.0,0.0,,False,2,0,0.0,0.0,2.0,0.0,0.0,0.0,0.0,0.0,0.0
BraTS-GLI-02801-101,1,sustraccion,large,1,11347,77646,0.1900374186733788,0.1049952195885121,6.842865955759232,,True,2,1,1.0,1.0,1.0,0.0,0.1930615603923797,0.0965307801961898,0.0965307801961898,0.5,0.5
BraTS-GLI-02801-101,1,sustraccion,large,2,11347,79297,0.1865760557786505,0.1028860660923735,6.988366969242971,,True,2,2,1.0,1.0,1.0,1.0,0.1930615603923797,0.0643538534641265,0.0965307801961898,0.5,0.5
BraTS-GLI-02801-101,1,sustraccion,large,3,11347,79692,0.1857665396148903,0.102393955172372,7.02317793249317,,True,2,3,1.0,1.0,1.0,2.0,0.1930615603923797,0.0482653900980949,0.0965307801961898,0.5,0.5
BraTS-GLI-02801-101,1,sustraccion,large,4,11347,79843,0.1854589319004276,0.1022070732709647,7.036485414647044,,True,2,4,1.0,1.0,1.0,3.0,0.1930615603923797,0.038612313568592,0.0965307801961898,0.5,0.5
BraTS-GLI-02801-101,1,sustraccion,large,5,11347,79924,0.1852943432196426,0.1021071062005675,7.043623865338856,,True,2,5,1.0,1.0,1.0,4.0,0.1930615603923797,0.0321769267320632,0.0965307801961898,0.5,0.5
BraTS-GLI-02801-101,1,gmm_2d,large,0,11347,0,0.0,0.0,0.0,,False,2,0,0.0,0.0,2.0,0.0,0.0,0.0,0.0,0.0,0.0
BraTS-GLI-02801-101,1,gmm_2d,large,1,11347,9153,0.0,0.0,0.806644928174848,,False,2,1,0.0,0.0,2.0,1.0,0.0,0.0,0.0,0.0,0.0
BraTS-GLI-02801-101,1,gmm_2d,large,2,11347,17137,0.0,0.0,1.5102670309332864,,True,2,2,0.0,0.0,2.0,2.0,0.0,0.0,0.0,0.0,0.0
BraTS-GLI-02801-101,1,gmm_2d,large,3,11347,19544,0.0,0.0,1.7223935842072795,,True,2,3,0.0,0.0,2.0,3.0,0.0,0.0,0.0,0.0,0.0
BraTS-GLI-02801-101,1,gmm_2d,large,4,11347,21076,0.0,0.0,1.857407244205517,,True,2,4,0.0,0.0,2.0,4.0,0.0,0.0,0.0,0.0,0.0
BraTS-GLI-02801-101,1,gmm_2d,large,5,11347,21625,0.0,0.0,1.905790076672248,,True,2,5,0.0,0.0,2.0,5.0,0.0,0.0,0.0,0.0,0.0
BraTS-GLI-02801-101,1,variational_spline,large,0,11347,0,0.0,0.0,0.0,,False,2,0,0.0,0.0,2.0,0.0,0.0,0.0,0.0,0.0,0.0
BraTS-GLI-02801-101,1,variational_spline,large,1,11347,18164,0.4041204974416319,0.2532274503142517,1.6007755353838018,,True,2,1,1.0,1.0,1.0,0.0,0.4241562187671661,0.212078109383583,0.212078109383583,0.5,0.5
BraTS-GLI-02801-101,1,variational_spline,large,2,11347,18164,0.4041204974416319,0.2532274503142517,1.6007755353838018,,True,2,1,1.0,1.0,1.0,0.0,0.4241562187671661,0.212078109383583,0.212078109383583,0.5,0.5
BraTS-GLI-02801-101,1,variational_spline,large,3,11347,18164,0.4041204974416319,0.2532274503142517,1.6007755353838018,,True,2,1,1.0,1.0,1.0,0.0,0.4241562187671661,0.212078109383583,0.212078109383583,0.5,0.5
BraTS-GLI-02801-101,1,variational_spline,large,4,11347,18164,0.4041204974416319,0.2532274503142517,1.6007755353838018,,True,2,1,1.0,1.0,1.0,0.0,0.4241562187671661,0.212078109383583,0.212078109383583,0.5,0.5
BraTS-GLI-02801-101,1,variational_spline,large,5,11347,18164,0.4041204974416319,0.2532274503142517,1.6007755353838018,,True,2,1,1.0,1.0,1.0,0.0,0.4241562187671661,0.212078109383583,0.212078109383583,0.5,0.5
BraTS-GLI-02808-100,4,otsu_T1c,small,0,1211,0,0.0,0.0,0.0,,False,1,0,0.0,0.0,1.0,0.0,0.0,0.0,0.0,0.0,0.0
BraTS-GLI-02808-100,4,otsu_T1c,small,1,1211,16020,0.0,0.0,13.228736581337737,,True,1,1,0.0,0.0,1.0,1.0,0.0,0.0,0.0,0.0,0.0
BraTS-GLI-02808-100,4,otsu_T1c,small,2,1211,16020,0.0,0.0,13.228736581337737,,True,1,1,0.0,0.0,1.0,1.0,0.0,0.0,0.0,0.0,0.0
BraTS-GLI-02808-100,4,otsu_T1c,small,3,1211,16020,0.0,0.0,13.228736581337737,,True,1,1,0.0,0.0,1.0,1.0,0.0,0.0,0.0,0.0,0.0
BraTS-GLI-02808-100,4,otsu_T1c,small,4,1211,16020,0.0,0.0,13.228736581337737,,True,1,1,0.0,0.0,1.0,1.0,0.0,0.0,0.0,0.0,0.0
BraTS-GLI-02808-100,4,otsu_T1c,small,5,1211,16020,0.0,0.0,13.228736581337737,,True,1,1,0.0,0.0,1.0,1.0,0.0,0.0,0.0,0.0,0.0
BraTS-GLI-02808-100,4,gmm_T1c,small,0,1211,0,0.0,0.0,0.0,,False,1,0,0.0,0.0,1.0,0.0,0.0,0.0,0.0,0.0,0.0
BraTS-GLI-02808-100,4,gmm_T1c,small,1,1211,21100,0.0,0.0,17.423616845582163,,True,1,1,0.0,0.0,1.0,1.0,0.0,0.0,0.0,0.0,0.0
BraTS-GLI-02808-100,4,gmm_T1c,small,2,1211,21100,0.0,0.0,17.423616845582163,,True,1,1,0.0,0.0,1.0,1.0,0.0,0.0,0.0,0.0,0.0
BraTS-GLI-02808-100,4,gmm_T1c,small,3,1211,21100,0.0,0.0,17.423616845582163,,True,1,1,0.0,0.0,1.0,1.0,0.0,0.0,0.0,0.0,0.0
BraTS-GLI-02808-100,4,gmm_T1c,small,4,1211,21100,0.0,0.0,17.423616845582163,,True,1,1,0.0,0.0,1.0,1.0,0.0,0.0,0.0,0.0,0.0
BraTS-GLI-02808-100,4,gmm_T1c,small,5,1211,21100,0.0,0.0,17.423616845582163,,True,1,1,0.0,0.0,1.0,1.0,0.0,0.0,0.0,0.0,0.0
BraTS-GLI-02808-100,4,sustraccion,small,0,1211,0,0.0,0.0,0.0,,False,1,0,0.0,0.0,1.0,0.0,0.0,0.0,0.0,0.0,0.0
BraTS-GLI-02808-100,4,sustraccion,small,1,1211,82199,0.0,0.0,67.87696118909992,,True,1,1,0.0,0.0,1.0,1.0,0.0,0.0,0.0,0.0,0.0
BraTS-GLI-02808-100,4,sustraccion,small,2,1211,82998,0.0,0.0,68.53674649050372,,True,1,2,0.0,0.0,1.0,2.0,0.0,0.0,0.0,0.0,0.0
BraTS-GLI-02808-100,4,sustraccion,small,3,1211,83483,0.0,0.0,68.93724194880264,,True,1,3,0.0,0.0,1.0,3.0,0.0,0.0,0.0,0.0,0.0
BraTS-GLI-02808-100,4,sustraccion,small,4,1211,84056,0.0,0.0,69.41040462427746,,True,1,4,0.0,0.0,1.0,4.0,0.0,0.0,0.0,0.0,0.0
BraTS-GLI-02808-100,4,sustraccion,small,5,1211,84122,0.0,0.0,69.46490503715937,,True,1,5,0.0,0.0,1.0,5.0,0.0,0.0,0.0,0.0,0.0
BraTS-GLI-02808-100,4,gmm_2d,small,0,1211,0,0.0,0.0,0.0,,False,1,0,0.0,0.0,1.0,0.0,0.0,0.0,0.0,0.0,0.0
BraTS-GLI-02808-100,4,gmm_2d,small,1,1211,72273,0.0,0.0,59.680429397192405,,True,1,1,0.0,0.0,1.0,1.0,0.0,0.0,0.0,0.0,0.0
BraTS-GLI-02808-100,4,gmm_2d,small,2,1211,89515,0.0,0.0,73.91824938067712,,True,1,2,0.0,0.0,1.0,2.0,0.0,0.0,0.0,0.0,0.0
BraTS-GLI-02808-100,4,gmm_2d,small,3,1211,91367,0.0,0.0,75.44756399669694,,True,1,3,0.0,0.0,1.0,3.0,0.0,0.0,0.0,0.0,0.0
BraTS-GLI-02808-100,4,gmm_2d,small,4,1211,92200,0.0,0.0,76.13542526837324,,True,1,4,0.0,0.0,1.0,4.0,0.0,0.0,0.0,0.0,0.0
BraTS-GLI-02808-100,4,gmm_2d,small,5,1211,92855,0.0,0.0,76.67630057803468,,True,1,5,0.0,0.0,1.0,5.0,0.0,0.0,0.0,0.0,0.0
BraTS-GLI-02808-100,4,variational_spline,small,0,1211,0,0.0,0.0,0.0,,False,1,0,0.0,0.0,1.0,0.0,0.0,0.0,0.0,0.0,0.0
BraTS-GLI-02808-100,4,variational_spline,small,1,1211,21100,0.0,0.0,17.423616845582163,,True,1,1,0.0,0.0,1.0,1.0,0.0,0.0,0.0,0.0,0.0
BraTS-GLI-02808-100,4,variational_spline,small,2,1211,21100,0.0,0.0,17.423616845582163,,True,1,1,0.0,0.0,1.0,1.0,0.0,0.0,0.0,0.0,0.0
BraTS-GLI-02808-100,4,variational_spline,small,3,1211,21100,0.0,0.0,17.423616845582163,,True,1,1,0.0,0.0,1.0,1.0,0.0,0.0,0.0,0.0,0.0
BraTS-GLI-02808-100,4,variational_spline,small,4,1211,21100,0.0,0.0,17.423616845582163,,True,1,1,0.0,0.0,1.0,1.0,0.0,0.0,0.0,0.0,0.0
BraTS-GLI-02808-100,4,variational_spline,small,5,1211,21100,0.0,0.0,17.423616845582163,,True,1,1,0.0,0.0,1.0,1.0,0.0,0.0,0.0,0.0,0.0
BraTS-GLI-02817-101,3,otsu_T1c,medium,0,2809,0,0.0,0.0,0.0,,False,2,0,0.0,0.0,2.0,0.0,0.0,0.0,0.0,0.0,0.0
BraTS-GLI-02817-101,3,otsu_T1c,medium,1,2809,862861,0.0049926646412605,0.002502579590948,307.1772872908508,,True,2,1,1.0,1.0,1.0,0.0,0.0031865891069173,0.0015932945534586,0.0015932945534586,0.5,0.0
BraTS-GLI-02817-101,3,otsu_T1c,medium,2,2809,862861,0.0049926646412605,0.002502579590948,307.1772872908508,,True,2,1,1.0,1.0,1.0,0.0,0.0031865891069173,0.0015932945534586,0.0015932945534586,0.5,0.0
BraTS-GLI-02817-101,3,otsu_T1c,medium,3,2809,862861,0.0049926646412605,0.002502579590948,307.1772872908508,,True,2,1,1.0,1.0,1.0,0.0,0.0031865891069173,0.0015932945534586,0.0015932945534586,0.5,0.0
BraTS-GLI-02817-101,3,otsu_T1c,medium,4,2809,862861,0.0049926646412605,0.002502579590948,307.1772872908508,,True,2,1,1.0,1.0,1.0,0.0,0.0031865891069173,0.0015932945534586,0.0015932945534586,0.5,0.0
BraTS-GLI-02817-101,3,otsu_T1c,medium,5,2809,862861,0.0049926646412605,0.002502579590948,307.1772872908508,,True,2,1,1.0,1.0,1.0,0.0,0.0031865891069173,0.0015932945534586,0.0015932945534586,0.5,0.0
BraTS-GLI-02817-101,3,gmm_T1c,medium,0,2809,0,0.0,0.0,0.0,,False,2,0,0.0,0.0,2.0,0.0,0.0,0.0,0.0,0.0,0.0
BraTS-GLI-02817-101,3,gmm_T1c,medium,1,2809,946153,0.0004510191135156,0.0002255604227887,336.82912068351726,,True,2,1,1.0,1.0,1.0,0.0,0.0003419250715523,0.0001709625357761,0.0001709625357761,0.5,0.0
BraTS-GLI-02817-101,3,gmm_T1c,medium,2,2809,946153,0.0004510191135156,0.0002255604227887,336.82912068351726,,True,2,1,1.0,1.0,1.0,0.0,0.0003419250715523,0.0001709625357761,0.0001709625357761,0.5,0.0
BraTS-GLI-02817-101,3,gmm_T1c,medium,3,2809,946153,0.0004510191135156,0.0002255604227887,336.82912068351726,,True,2,1,1.0,1.0,1.0,0.0,0.0003419250715523,0.0001709625357761,0.0001709625357761,0.5,0.0
BraTS-GLI-02817-101,3,gmm_T1c,medium,4,2809,946153,0.0004510191135156,0.0002255604227887,336.82912068351726,,True,2,1,1.0,1.0,1.0,0.0,0.0003419250715523,0.0001709625357761,0.0001709625357761,0.5,0.0
BraTS-GLI-02817-101,3,gmm_T1c,medium,5,2809,946153,0.0004510191135156,0.0002255604227887,336.82912068351726,,True,2,1,1.0,1.0,1.0,0.0,0.0003419250715523,0.0001709625357761,0.0001709625357761,0.5,0.0
BraTS-GLI-02817-101,3,sustraccion,medium,0,2809,0,0.0,0.0,0.0,,False,2,0,0.0,0.0,2.0,0.0,0.0,0.0,0.0,0.0,0.0
BraTS-GLI-02817-101,3,sustraccion,medium,1,2809,0,0.0,0.0,0.0,,False,2,0,0.0,0.0,2.0,0.0,0.0,0.0,0.0,0.0,0.0
BraTS-GLI-02817-101,3,sustraccion,medium,2,2809,0,0.0,0.0,0.0,,False,2,0,0.0,0.0,2.0,0.0,0.0,0.0,0.0,0.0,0.0
BraTS-GLI-02817-101,3,sustraccion,medium,3,2809,0,0.0,0.0,0.0,,False,2,0,0.0,0.0,2.0,0.0,0.0,0.0,0.0,0.0,0.0
BraTS-GLI-02817-101,3,sustraccion,medium,4,2809,0,0.0,0.0,0.0,,False,2,0,0.0,0.0,2.0,0.0,0.0,0.0,0.0,0.0,0.0
BraTS-GLI-02817-101,3,sustraccion,medium,5,2809,0,0.0,0.0,0.0,,False,2,0,0.0,0.0,2.0,0.0,0.0,0.0,0.0,0.0,0.0
BraTS-GLI-02817-101,3,gmm_2d,medium,0,2809,0,0.0,0.0,0.0,,False,2,0,0.0,0.0,2.0,0.0,0.0,0.0,0.0,0.0,0.0
BraTS-GLI-02817-101,3,gmm_2d,medium,1,2809,20892,0.0,0.0,7.437522249911001,,True,2,1,0.0,0.0,2.0,1.0,0.0,0.0,0.0,0.0,0.0
BraTS-GLI-02817-101,3,gmm_2d,medium,2,2809,31502,0.0475066305266532,0.0243312634344399,11.214667141331434,,True,2,2,1.0,1.0,1.0,1.0,0.1354608088731765,0.0451536029577255,0.0677304044365882,0.5,0.5
BraTS-GLI-02817-101,3,gmm_2d,medium,3,2809,35677,0.0423530634516447,0.0216346791961986,12.700961196155216,,True,2,3,1.0,1.0,1.0,2.0,0.1354608088731765,0.0338652022182941,0.0677304044365882,0.5,0.5
BraTS-GLI-02817-101,3,gmm_2d,medium,4,2809,39757,0.038293473664427,0.019520490527173,14.153435386258456,,True,2,4,1.0,1.0,1.0,3.0,0.1354608088731765,0.0270921625196933,0.0677304044365882,0.5,0.5
BraTS-GLI-02817-101,3,gmm_2d,medium,5,2809,40067,0.0380166060266815,0.0193766196714295,14.26379494482022,,True,2,5,1.0,1.0,1.0,4.0,0.1354608088731765,0.0225768014788627,0.0677304044365882,0.5,0.5
BraTS-GLI-02817-101,3,variational_spline,medium,0,2809,0,0.0,0.0,0.0,,False,2,0,0.0,0.0,2.0,0.0,0.0,0.0,0.0,0.0,0.0
BraTS-GLI-02817-101,3,variational_spline,medium,1,2809,948692,0.0004498156071302,0.0002249583984643,337.7330010679957,,True,2,1,1.0,1.0,1.0,0.0,0.0003410113567952,0.0001705056783976,0.0001705056783976,0.5,0.0
BraTS-GLI-02817-101,3,variational_spline,medium,2,2809,948692,0.0004498156071302,0.0002249583984643,337.7330010679957,,True,2,1,1.0,1.0,1.0,0.0,0.0003410113567952,0.0001705056783976,0.0001705056783976,0.5,0.0
BraTS-GLI-02817-101,3,variational_spline,medium,3,2809,948692,0.0004498156071302,0.0002249583984643,337.7330010679957,,True,2,1,1.0,1.0,1.0,0.0,0.0003410113567952,0.0001705056783976,0.0001705056783976,0.5,0.0
BraTS-GLI-02817-101,3,variational_spline,medium,4,2809,948692,0.0004498156071302,0.0002249583984643,337.7330010679957,,True,2,1,1.0,1.0,1.0,0.0,0.0003410113567952,0.0001705056783976,0.0001705056783976,0.5,0.0
BraTS-GLI-02817-101,3,variational_spline,medium,5,2809,948692,0.0004498156071302,0.0002249583984643,337.7330010679957,,True,2,1,1.0,1.0,1.0,0.0,0.0003410113567952,0.0001705056783976,0.0001705056783976,0.5,0.0
BraTS-GLI-02828-100,0,otsu_T1c,absent,0,0,0,,,,True,False,0,0,,,,,,,,,
BraTS-GLI-02828-100,0,otsu_T1c,absent,1,0,740909,,,,False,True,0,1,,,,,,,,,
BraTS-GLI-02828-100,0,otsu_T1c,absent,2,0,740909,,,,False,True,0,1,,,,,,,,,
BraTS-GLI-02828-100,0,otsu_T1c,absent,3,0,740909,,,,False,True,0,1,,,,,,,,,
BraTS-GLI-02828-100,0,otsu_T1c,absent,4,0,740909,,,,False,True,0,1,,,,,,,,,
BraTS-GLI-02828-100,0,otsu_T1c,absent,5,0,740909,,,,False,True,0,1,,,,,,,,,
BraTS-GLI-02828-100,0,gmm_T1c,absent,0,0,0,,,,True,False,0,0,,,,,,,,,
BraTS-GLI-02828-100,0,gmm_T1c,absent,1,0,1420869,,,,False,True,0,1,,,,,,,,,
BraTS-GLI-02828-100,0,gmm_T1c,absent,2,0,1420869,,,,False,True,0,1,,,,,,,,,
BraTS-GLI-02828-100,0,gmm_T1c,absent,3,0,1420869,,,,False,True,0,1,,,,,,,,,
BraTS-GLI-02828-100,0,gmm_T1c,absent,4,0,1420869,,,,False,True,0,1,,,,,,,,,
BraTS-GLI-02828-100,0,gmm_T1c,absent,5,0,1420869,,,,False,True,0,1,,,,,,,,,
BraTS-GLI-02828-100,0,sustraccion,absent,0,0,0,,,,True,False,0,0,,,,,,,,,
BraTS-GLI-02828-100,0,sustraccion,absent,1,0,122092,,,,False,True,0,1,,,,,,,,,
BraTS-GLI-02828-100,0,sustraccion,absent,2,0,123831,,,,False,True,0,2,,,,,,,,,
BraTS-GLI-02828-100,0,sustraccion,absent,3,0,124805,,,,False,True,0,3,,,,,,,,,
BraTS-GLI-02828-100,0,sustraccion,absent,4,0,125649,,,,False,True,0,4,,,,,,,,,
BraTS-GLI-02828-100,0,sustraccion,absent,5,0,126431,,,,False,True,0,5,,,,,,,,,
BraTS-GLI-02828-100,0,gmm_2d,absent,0,0,0,,,,True,False,0,0,,,,,,,,,
BraTS-GLI-02828-100,0,gmm_2d,absent,1,0,141537,,,,False,True,0,1,,,,,,,,,
BraTS-GLI-02828-100,0,gmm_2d,absent,2,0,142777,,,,False,True,0,2,,,,,,,,,
BraTS-GLI-02828-100,0,gmm_2d,absent,3,0,143948,,,,False,True,0,3,,,,,,,,,
BraTS-GLI-02828-100,0,gmm_2d,absent,4,0,144923,,,,False,True,0,4,,,,,,,,,
BraTS-GLI-02828-100,0,gmm_2d,absent,5,0,145262,,,,False,True,0,5,,,,,,,,,
BraTS-GLI-02828-100,0,variational_spline,absent,0,0,0,,,,True,False,0,0,,,,,,,,,
BraTS-GLI-02828-100,0,variational_spline,absent,1,0,278959,,,,False,True,0,1,,,,,,,,,
BraTS-GLI-02828-100,0,variational_spline,absent,2,0,278959,,,,False,True,0,1,,,,,,,,,
BraTS-GLI-02828-100,0,variational_spline,absent,3,0,278959,,,,False,True,0,1,,,,,,,,,
BraTS-GLI-02828-100,0,variational_spline,absent,4,0,278959,,,,False,True,0,1,,,,,,,,,
BraTS-GLI-02828-100,0,variational_spline,absent,5,0,278959,,,,False,True,0,1,,,,,,,,,
BraTS-GLI-02833-101,4,otsu_T1c,small,0,199,0,0.0,0.0,0.0,,False,1,0,0.0,0.0,1.0,0.0,0.0,0.0,0.0,0.0,0.0
BraTS-GLI-02833-101,4,otsu_T1c,small,1,199,18673,0.0,0.0,93.83417085427136,,True,1,1,0.0,0.0,1.0,1.0,0.0,0.0,0.0,0.0,0.0
BraTS-GLI-02833-101,4,otsu_T1c,small,2,199,18673,0.0,0.0,93.83417085427136,,True,1,1,0.0,0.0,1.0,1.0,0.0,0.0,0.0,0.0,0.0
BraTS-GLI-02833-101,4,otsu_T1c,small,3,199,18673,0.0,0.0,93.83417085427136,,True,1,1,0.0,0.0,1.0,1.0,0.0,0.0,0.0,0.0,0.0
BraTS-GLI-02833-101,4,otsu_T1c,small,4,199,18673,0.0,0.0,93.83417085427136,,True,1,1,0.0,0.0,1.0,1.0,0.0,0.0,0.0,0.0,0.0
BraTS-GLI-02833-101,4,otsu_T1c,small,5,199,18673,0.0,0.0,93.83417085427136,,True,1,1,0.0,0.0,1.0,1.0,0.0,0.0,0.0,0.0,0.0
BraTS-GLI-02833-101,4,gmm_T1c,small,0,199,0,0.0,0.0,0.0,,False,1,0,0.0,0.0,1.0,0.0,0.0,0.0,0.0,0.0,0.0
BraTS-GLI-02833-101,4,gmm_T1c,small,1,199,20741,0.0,0.0,104.22613065326634,,True,1,1,0.0,0.0,1.0,1.0,0.0,0.0,0.0,0.0,0.0
BraTS-GLI-02833-101,4,gmm_T1c,small,2,199,20741,0.0,0.0,104.22613065326634,,True,1,1,0.0,0.0,1.0,1.0,0.0,0.0,0.0,0.0,0.0
BraTS-GLI-02833-101,4,gmm_T1c,small,3,199,20741,0.0,0.0,104.22613065326634,,True,1,1,0.0,0.0,1.0,1.0,0.0,0.0,0.0,0.0,0.0
BraTS-GLI-02833-101,4,gmm_T1c,small,4,199,20741,0.0,0.0,104.22613065326634,,True,1,1,0.0,0.0,1.0,1.0,0.0,0.0,0.0,0.0,0.0
BraTS-GLI-02833-101,4,gmm_T1c,small,5,199,20741,0.0,0.0,104.22613065326634,,True,1,1,0.0,0.0,1.0,1.0,0.0,0.0,0.0,0.0,0.0
BraTS-GLI-02833-101,4,sustraccion,small,0,199,0,0.0,0.0,0.0,,False,1,0,0.0,0.0,1.0,0.0,0.0,0.0,0.0,0.0,0.0
BraTS-GLI-02833-101,4,sustraccion,small,1,199,79264,0.0026679083346966,0.0013357359779225,398.3115577889447,,True,1,1,1.0,1.0,0.0,0.0,0.0026679083239287,0.0026679083239287,0.0026679083239287,1.0,0.0
BraTS-GLI-02833-101,4,sustraccion,small,2,199,80253,0.0026351116193506,0.0013192940532198,403.2814070351759,,True,1,2,1.0,1.0,0.0,1.0,0.0026679083239287,0.0013339541619643,0.0026679083239287,1.0,0.0
BraTS-GLI-02833-101,4,sustraccion,small,3,199,81136,0.0026065039650826,0.0013049526646887,407.7185929648241,,True,1,3,1.0,1.0,0.0,2.0,0.0026679083239287,0.0008893027552403,0.0026679083239287,1.0,0.0
BraTS-GLI-02833-101,4,sustraccion,small,4,199,81357,0.0025994408749816,0.0013014119091467,408.8291457286432,,True,1,4,1.0,1.0,0.0,3.0,0.0026679083239287,0.0006669770809821,0.0026679083239287,1.0,0.0
BraTS-GLI-02833-101,4,sustraccion,small,5,199,81449,0.0025965118557711,0.0012999435873537,409.29145728643215,,True,1,5,1.0,1.0,0.0,4.0,0.0026679083239287,0.0005335816531442,0.0026679083239287,1.0,0.0
BraTS-GLI-02833-101,4,gmm_2d,small,0,199,0,0.0,0.0,0.0,,False,1,0,0.0,0.0,1.0,0.0,0.0,0.0,0.0,0.0,0.0
BraTS-GLI-02833-101,4,gmm_2d,small,1,199,105005,0.0032698376487586,0.0016375961611699,527.6633165829146,,True,1,1,1.0,1.0,0.0,0.0,0.0032698377035558,0.0032698377035558,0.0032698377035558,1.0,0.0
BraTS-GLI-02833-101,4,gmm_2d,small,2,199,106748,0.0032165465136936,0.0016108639662842,536.4221105527638,,True,1,2,1.0,1.0,0.0,1.0,0.0032698377035558,0.0016349188517779,0.0032698377035558,1.0,0.0
BraTS-GLI-02833-101,4,gmm_2d,small,3,199,107764,0.0031862767800079,0.0015956805299143,541.5276381909548,,True,1,3,1.0,1.0,0.0,2.0,0.0032698377035558,0.0010899459011852,0.0032698377035558,1.0,0.0
BraTS-GLI-02833-101,4,gmm_2d,small,4,199,108144,0.0031751012986533,0.0015900749738839,543.4371859296482,,True,1,4,1.0,1.0,0.0,3.0,0.0032698377035558,0.0008174594258889,0.0032698377035558,1.0,0.0
BraTS-GLI-02833-101,4,gmm_2d,small,5,199,108345,0.0031692216981132,0.001587125825859,544.4472361809045,,True,1,5,1.0,1.0,0.0,4.0,0.0032698377035558,0.0006539675523526,0.0032698377035558,1.0,0.0
BraTS-GLI-02833-101,4,variational_spline,small,0,199,0,0.0,0.0,0.0,,False,1,0,0.0,0.0,1.0,0.0,0.0,0.0,0.0,0.0,0.0
BraTS-GLI-02833-101,4,variational_spline,small,1,199,20742,0.0,0.0,104.23115577889448,,True,1,1,0.0,0.0,1.0,1.0,0.0,0.0,0.0,0.0,0.0
BraTS-GLI-02833-101,4,variational_spline,small,2,199,20742,0.0,0.0,104.23115577889448,,True,1,1,0.0,0.0,1.0,1.0,0.0,0.0,0.0,0.0,0.0
BraTS-GLI-02833-101,4,variational_spline,small,3,199,20742,0.0,0.0,104.23115577889448,,True,1,1,0.0,0.0,1.0,1.0,0.0,0.0,0.0,0.0,0.0
BraTS-GLI-02833-101,4,variational_spline,small,4,199,20742,0.0,0.0,104.23115577889448,,True,1,1,0.0,0.0,1.0,1.0,0.0,0.0,0.0,0.0,0.0
BraTS-GLI-02833-101,4,variational_spline,small,5,199,20742,0.0,0.0,104.23115577889448,,True,1,1,0.0,0.0,1.0,1.0,0.0,0.0,0.0,0.0,0.0
BraTS-GLI-02835-100,3,otsu_T1c,absent,0,0,0,,,,True,False,0,0,,,,,,,,,
BraTS-GLI-02835-100,3,otsu_T1c,absent,1,0,19628,,,,False,True,0,1,,,,,,,,,
BraTS-GLI-02835-100,3,otsu_T1c,absent,2,0,19628,,,,False,True,0,1,,,,,,,,,
BraTS-GLI-02835-100,3,otsu_T1c,absent,3,0,19628,,,,False,True,0,1,,,,,,,,,
BraTS-GLI-02835-100,3,otsu_T1c,absent,4,0,19628,,,,False,True,0,1,,,,,,,,,
BraTS-GLI-02835-100,3,otsu_T1c,absent,5,0,19628,,,,False,True,0,1,,,,,,,,,
BraTS-GLI-02835-100,3,gmm_T1c,absent,0,0,0,,,,True,False,0,0,,,,,,,,,
BraTS-GLI-02835-100,3,gmm_T1c,absent,1,0,27959,,,,False,True,0,1,,,,,,,,,
BraTS-GLI-02835-100,3,gmm_T1c,absent,2,0,27959,,,,False,True,0,1,,,,,,,,,
BraTS-GLI-02835-100,3,gmm_T1c,absent,3,0,27959,,,,False,True,0,1,,,,,,,,,
BraTS-GLI-02835-100,3,gmm_T1c,absent,4,0,27959,,,,False,True,0,1,,,,,,,,,
BraTS-GLI-02835-100,3,gmm_T1c,absent,5,0,27959,,,,False,True,0,1,,,,,,,,,
BraTS-GLI-02835-100,3,sustraccion,absent,0,0,0,,,,True,False,0,0,,,,,,,,,
BraTS-GLI-02835-100,3,sustraccion,absent,1,0,64675,,,,False,True,0,1,,,,,,,,,
BraTS-GLI-02835-100,3,sustraccion,absent,2,0,65354,,,,False,True,0,2,,,,,,,,,
BraTS-GLI-02835-100,3,sustraccion,absent,3,0,65797,,,,False,True,0,3,,,,,,,,,
BraTS-GLI-02835-100,3,sustraccion,absent,4,0,65906,,,,False,True,0,4,,,,,,,,,
BraTS-GLI-02835-100,3,sustraccion,absent,5,0,66621,,,,False,True,0,5,,,,,,,,,
BraTS-GLI-02835-100,3,gmm_2d,absent,0,0,0,,,,True,False,0,0,,,,,,,,,
BraTS-GLI-02835-100,3,gmm_2d,absent,1,0,79844,,,,False,True,0,1,,,,,,,,,
BraTS-GLI-02835-100,3,gmm_2d,absent,2,0,80724,,,,False,True,0,2,,,,,,,,,
BraTS-GLI-02835-100,3,gmm_2d,absent,3,0,81258,,,,False,True,0,3,,,,,,,,,
BraTS-GLI-02835-100,3,gmm_2d,absent,4,0,81757,,,,False,True,0,4,,,,,,,,,
BraTS-GLI-02835-100,3,gmm_2d,absent,5,0,82158,,,,False,True,0,5,,,,,,,,,
BraTS-GLI-02835-100,3,variational_spline,absent,0,0,0,,,,True,False,0,0,,,,,,,,,
BraTS-GLI-02835-100,3,variational_spline,absent,1,0,27953,,,,False,True,0,1,,,,,,,,,
BraTS-GLI-02835-100,3,variational_spline,absent,2,0,27953,,,,False,True,0,1,,,,,,,,,
BraTS-GLI-02835-100,3,variational_spline,absent,3,0,27953,,,,False,True,0,1,,,,,,,,,
BraTS-GLI-02835-100,3,variational_spline,absent,4,0,27953,,,,False,True,0,1,,,,,,,,,
BraTS-GLI-02835-100,3,variational_spline,absent,5,0,27953,,,,False,True,0,1,,,,,,,,,
BraTS-GLI-02836-101,2,otsu_T1c,absent,0,0,0,,,,True,False,0,0,,,,,,,,,
BraTS-GLI-02836-101,2,otsu_T1c,absent,1,0,13813,,,,False,True,0,1,,,,,,,,,
BraTS-GLI-02836-101,2,otsu_T1c,absent,2,0,13813,,,,False,True,0,1,,,,,,,,,
BraTS-GLI-02836-101,2,otsu_T1c,absent,3,0,13813,,,,False,True,0,1,,,,,,,,,
BraTS-GLI-02836-101,2,otsu_T1c,absent,4,0,13813,,,,False,True,0,1,,,,,,,,,
BraTS-GLI-02836-101,2,otsu_T1c,absent,5,0,13813,,,,False,True,0,1,,,,,,,,,
BraTS-GLI-02836-101,2,gmm_T1c,absent,0,0,0,,,,True,False,0,0,,,,,,,,,
BraTS-GLI-02836-101,2,gmm_T1c,absent,1,0,15997,,,,False,True,0,1,,,,,,,,,
BraTS-GLI-02836-101,2,gmm_T1c,absent,2,0,15997,,,,False,True,0,1,,,,,,,,,
BraTS-GLI-02836-101,2,gmm_T1c,absent,3,0,15997,,,,False,True,0,1,,,,,,,,,
BraTS-GLI-02836-101,2,gmm_T1c,absent,4,0,15997,,,,False,True,0,1,,,,,,,,,
BraTS-GLI-02836-101,2,gmm_T1c,absent,5,0,15997,,,,False,True,0,1,,,,,,,,,
BraTS-GLI-02836-101,2,sustraccion,absent,0,0,0,,,,True,False,0,0,,,,,,,,,
BraTS-GLI-02836-101,2,sustraccion,absent,1,0,20288,,,,False,True,0,1,,,,,,,,,
BraTS-GLI-02836-101,2,sustraccion,absent,2,0,21035,,,,False,True,0,2,,,,,,,,,
BraTS-GLI-02836-101,2,sustraccion,absent,3,0,21602,,,,False,True,0,3,,,,,,,,,
BraTS-GLI-02836-101,2,sustraccion,absent,4,0,22133,,,,False,True,0,4,,,,,,,,,
BraTS-GLI-02836-101,2,sustraccion,absent,5,0,22592,,,,False,True,0,5,,,,,,,,,
BraTS-GLI-02836-101,2,gmm_2d,absent,0,0,0,,,,True,False,0,0,,,,,,,,,
BraTS-GLI-02836-101,2,gmm_2d,absent,1,0,55253,,,,False,True,0,1,,,,,,,,,
BraTS-GLI-02836-101,2,gmm_2d,absent,2,0,61805,,,,False,True,0,2,,,,,,,,,
BraTS-GLI-02836-101,2,gmm_2d,absent,3,0,66901,,,,False,True,0,3,,,,,,,,,
BraTS-GLI-02836-101,2,gmm_2d,absent,4,0,69434,,,,False,True,0,4,,,,,,,,,
BraTS-GLI-02836-101,2,gmm_2d,absent,5,0,69953,,,,False,True,0,5,,,,,,,,,
BraTS-GLI-02836-101,2,variational_spline,absent,0,0,0,,,,True,False,0,0,,,,,,,,,
BraTS-GLI-02836-101,2,variational_spline,absent,1,0,15997,,,,False,True,0,1,,,,,,,,,
BraTS-GLI-02836-101,2,variational_spline,absent,2,0,15997,,,,False,True,0,1,,,,,,,,,
BraTS-GLI-02836-101,2,variational_spline,absent,3,0,15997,,,,False,True,0,1,,,,,,,,,
BraTS-GLI-02836-101,2,variational_spline,absent,4,0,15997,,,,False,True,0,1,,,,,,,,,
BraTS-GLI-02836-101,2,variational_spline,absent,5,0,15997,,,,False,True,0,1,,,,,,,,,
BraTS-GLI-02851-100,3,otsu_T1c,absent,0,0,0,,,,True,False,0,0,,,,,,,,,
BraTS-GLI-02851-100,3,otsu_T1c,absent,1,0,17160,,,,False,True,0,1,,,,,,,,,
BraTS-GLI-02851-100,3,otsu_T1c,absent,2,0,17160,,,,False,True,0,1,,,,,,,,,
BraTS-GLI-02851-100,3,otsu_T1c,absent,3,0,17160,,,,False,True,0,1,,,,,,,,,
BraTS-GLI-02851-100,3,otsu_T1c,absent,4,0,17160,,,,False,True,0,1,,,,,,,,,
BraTS-GLI-02851-100,3,otsu_T1c,absent,5,0,17160,,,,False,True,0,1,,,,,,,,,
BraTS-GLI-02851-100,3,gmm_T1c,absent,0,0,0,,,,True,False,0,0,,,,,,,,,
BraTS-GLI-02851-100,3,gmm_T1c,absent,1,0,20360,,,,False,True,0,1,,,,,,,,,
BraTS-GLI-02851-100,3,gmm_T1c,absent,2,0,20360,,,,False,True,0,1,,,,,,,,,
BraTS-GLI-02851-100,3,gmm_T1c,absent,3,0,20360,,,,False,True,0,1,,,,,,,,,
BraTS-GLI-02851-100,3,gmm_T1c,absent,4,0,20360,,,,False,True,0,1,,,,,,,,,
BraTS-GLI-02851-100,3,gmm_T1c,absent,5,0,20360,,,,False,True,0,1,,,,,,,,,
BraTS-GLI-02851-100,3,sustraccion,absent,0,0,0,,,,True,False,0,0,,,,,,,,,
BraTS-GLI-02851-100,3,sustraccion,absent,1,0,69941,,,,False,True,0,1,,,,,,,,,
BraTS-GLI-02851-100,3,sustraccion,absent,2,0,71187,,,,False,True,0,2,,,,,,,,,
BraTS-GLI-02851-100,3,sustraccion,absent,3,0,71947,,,,False,True,0,3,,,,,,,,,
BraTS-GLI-02851-100,3,sustraccion,absent,4,0,72430,,,,False,True,0,4,,,,,,,,,
BraTS-GLI-02851-100,3,sustraccion,absent,5,0,72822,,,,False,True,0,5,,,,,,,,,
BraTS-GLI-02851-100,3,gmm_2d,absent,0,0,0,,,,True,False,0,0,,,,,,,,,
BraTS-GLI-02851-100,3,gmm_2d,absent,1,0,61811,,,,False,True,0,1,,,,,,,,,
BraTS-GLI-02851-100,3,gmm_2d,absent,2,0,62777,,,,False,True,0,2,,,,,,,,,
BraTS-GLI-02851-100,3,gmm_2d,absent,3,0,63000,,,,False,True,0,3,,,,,,,,,
BraTS-GLI-02851-100,3,gmm_2d,absent,4,0,63156,,,,False,True,0,4,,,,,,,,,
BraTS-GLI-02851-100,3,gmm_2d,absent,5,0,63225,,,,False,True,0,5,,,,,,,,,
BraTS-GLI-02851-100,3,variational_spline,absent,0,0,0,,,,True,False,0,0,,,,,,,,,
BraTS-GLI-02851-100,3,variational_spline,absent,1,0,20360,,,,False,True,0,1,,,,,,,,,
BraTS-GLI-02851-100,3,variational_spline,absent,2,0,20360,,,,False,True,0,1,,,,,,,,,
BraTS-GLI-02851-100,3,variational_spline,absent,3,0,20360,,,,False,True,0,1,,,,,,,,,
BraTS-GLI-02851-100,3,variational_spline,absent,4,0,20360,,,,False,True,0,1,,,,,,,,,
BraTS-GLI-02851-100,3,variational_spline,absent,5,0,20360,,,,False,True,0,1,,,,,,,,,
BraTS-GLI-02866-100,4,otsu_T1c,absent,0,0,0,,,,True,False,0,0,,,,,,,,,
BraTS-GLI-02866-100,4,otsu_T1c,absent,1,0,14396,,,,False,True,0,1,,,,,,,,,
BraTS-GLI-02866-100,4,otsu_T1c,absent,2,0,14396,,,,False,True,0,1,,,,,,,,,
BraTS-GLI-02866-100,4,otsu_T1c,absent,3,0,14396,,,,False,True,0,1,,,,,,,,,
BraTS-GLI-02866-100,4,otsu_T1c,absent,4,0,14396,,,,False,True,0,1,,,,,,,,,
BraTS-GLI-02866-100,4,otsu_T1c,absent,5,0,14396,,,,False,True,0,1,,,,,,,,,
BraTS-GLI-02866-100,4,gmm_T1c,absent,0,0,0,,,,True,False,0,0,,,,,,,,,
BraTS-GLI-02866-100,4,gmm_T1c,absent,1,0,18512,,,,False,True,0,1,,,,,,,,,
BraTS-GLI-02866-100,4,gmm_T1c,absent,2,0,18512,,,,False,True,0,1,,,,,,,,,
BraTS-GLI-02866-100,4,gmm_T1c,absent,3,0,18512,,,,False,True,0,1,,,,,,,,,
BraTS-GLI-02866-100,4,gmm_T1c,absent,4,0,18512,,,,False,True,0,1,,,,,,,,,
BraTS-GLI-02866-100,4,gmm_T1c,absent,5,0,18512,,,,False,True,0,1,,,,,,,,,
BraTS-GLI-02866-100,4,sustraccion,absent,0,0,0,,,,True,False,0,0,,,,,,,,,
BraTS-GLI-02866-100,4,sustraccion,absent,1,0,82279,,,,False,True,0,1,,,,,,,,,
BraTS-GLI-02866-100,4,sustraccion,absent,2,0,84891,,,,False,True,0,2,,,,,,,,,
BraTS-GLI-02866-100,4,sustraccion,absent,3,0,86663,,,,False,True,0,3,,,,,,,,,
BraTS-GLI-02866-100,4,sustraccion,absent,4,0,87697,,,,False,True,0,4,,,,,,,,,
BraTS-GLI-02866-100,4,sustraccion,absent,5,0,87780,,,,False,True,0,5,,,,,,,,,
BraTS-GLI-02866-100,4,gmm_2d,absent,0,0,0,,,,True,False,0,0,,,,,,,,,
BraTS-GLI-02866-100,4,gmm_2d,absent,1,0,95183,,,,False,True,0,1,,,,,,,,,
BraTS-GLI-02866-100,4,gmm_2d,absent,2,0,98299,,,,False,True,0,2,,,,,,,,,
BraTS-GLI-02866-100,4,gmm_2d,absent,3,0,100699,,,,False,True,0,3,,,,,,,,,
BraTS-GLI-02866-100,4,gmm_2d,absent,4,0,102978,,,,False,True,0,4,,,,,,,,,
BraTS-GLI-02866-100,4,gmm_2d,absent,5,0,103091,,,,False,True,0,5,,,,,,,,,
BraTS-GLI-02866-100,4,variational_spline,absent,0,0,0,,,,True,False,0,0,,,,,,,,,
BraTS-GLI-02866-100,4,variational_spline,absent,1,0,18518,,,,False,True,0,1,,,,,,,,,
BraTS-GLI-02866-100,4,variational_spline,absent,2,0,18518,,,,False,True,0,1,,,,,,,,,
BraTS-GLI-02866-100,4,variational_spline,absent,3,0,18518,,,,False,True,0,1,,,,,,,,,
BraTS-GLI-02866-100,4,variational_spline,absent,4,0,18518,,,,False,True,0,1,,,,,,,,,
BraTS-GLI-02866-100,4,variational_spline,absent,5,0,18518,,,,False,True,0,1,,,,,,,,,
BraTS-GLI-02866-101,1,otsu_T1c,absent,0,0,0,,,,True,False,0,0,,,,,,,,,
BraTS-GLI-02866-101,1,otsu_T1c,absent,1,0,12156,,,,False,True,0,1,,,,,,,,,
BraTS-GLI-02866-101,1,otsu_T1c,absent,2,0,12156,,,,False,True,0,1,,,,,,,,,
BraTS-GLI-02866-101,1,otsu_T1c,absent,3,0,12156,,,,False,True,0,1,,,,,,,,,
BraTS-GLI-02866-101,1,otsu_T1c,absent,4,0,12156,,,,False,True,0,1,,,,,,,,,
BraTS-GLI-02866-101,1,otsu_T1c,absent,5,0,12156,,,,False,True,0,1,,,,,,,,,
BraTS-GLI-02866-101,1,gmm_T1c,absent,0,0,0,,,,True,False,0,0,,,,,,,,,
BraTS-GLI-02866-101,1,gmm_T1c,absent,1,0,13851,,,,False,True,0,1,,,,,,,,,
BraTS-GLI-02866-101,1,gmm_T1c,absent,2,0,13851,,,,False,True,0,1,,,,,,,,,
BraTS-GLI-02866-101,1,gmm_T1c,absent,3,0,13851,,,,False,True,0,1,,,,,,,,,
BraTS-GLI-02866-101,1,gmm_T1c,absent,4,0,13851,,,,False,True,0,1,,,,,,,,,
BraTS-GLI-02866-101,1,gmm_T1c,absent,5,0,13851,,,,False,True,0,1,,,,,,,,,
BraTS-GLI-02866-101,1,sustraccion,absent,0,0,0,,,,True,False,0,0,,,,,,,,,
BraTS-GLI-02866-101,1,sustraccion,absent,1,0,23887,,,,False,True,0,1,,,,,,,,,
BraTS-GLI-02866-101,1,sustraccion,absent,2,0,34001,,,,False,True,0,2,,,,,,,,,
BraTS-GLI-02866-101,1,sustraccion,absent,3,0,38205,,,,False,True,0,3,,,,,,,,,
BraTS-GLI-02866-101,1,sustraccion,absent,4,0,40608,,,,False,True,0,4,,,,,,,,,
BraTS-GLI-02866-101,1,sustraccion,absent,5,0,41897,,,,False,True,0,5,,,,,,,,,
BraTS-GLI-02866-101,1,gmm_2d,absent,0,0,0,,,,True,False,0,0,,,,,,,,,
BraTS-GLI-02866-101,1,gmm_2d,absent,1,0,25069,,,,False,True,0,1,,,,,,,,,
BraTS-GLI-02866-101,1,gmm_2d,absent,2,0,27861,,,,False,True,0,2,,,,,,,,,
BraTS-GLI-02866-101,1,gmm_2d,absent,3,0,29535,,,,False,True,0,3,,,,,,,,,
BraTS-GLI-02866-101,1,gmm_2d,absent,4,0,31175,,,,False,True,0,4,,,,,,,,,
BraTS-GLI-02866-101,1,gmm_2d,absent,5,0,32208,,,,False,True,0,5,,,,,,,,,
BraTS-GLI-02866-101,1,variational_spline,absent,0,0,0,,,,True,False,0,0,,,,,,,,,
BraTS-GLI-02866-101,1,variational_spline,absent,1,0,13853,,,,False,True,0,1,,,,,,,,,
BraTS-GLI-02866-101,1,variational_spline,absent,2,0,13853,,,,False,True,0,1,,,,,,,,,
BraTS-GLI-02866-101,1,variational_spline,absent,3,0,13853,,,,False,True,0,1,,,,,,,,,
BraTS-GLI-02866-101,1,variational_spline,absent,4,0,13853,,,,False,True,0,1,,,,,,,,,
BraTS-GLI-02866-101,1,variational_spline,absent,5,0,13853,,,,False,True,0,1,,,,,,,,,
BraTS-GLI-02895-101,2,otsu_T1c,absent,0,0,0,,,,True,False,0,0,,,,,,,,,
BraTS-GLI-02895-101,2,otsu_T1c,absent,1,0,10694,,,,False,True,0,1,,,,,,,,,
BraTS-GLI-02895-101,2,otsu_T1c,absent,2,0,10694,,,,False,True,0,1,,,,,,,,,
BraTS-GLI-02895-101,2,otsu_T1c,absent,3,0,10694,,,,False,True,0,1,,,,,,,,,
BraTS-GLI-02895-101,2,otsu_T1c,absent,4,0,10694,,,,False,True,0,1,,,,,,,,,
BraTS-GLI-02895-101,2,otsu_T1c,absent,5,0,10694,,,,False,True,0,1,,,,,,,,,
BraTS-GLI-02895-101,2,gmm_T1c,absent,0,0,0,,,,True,False,0,0,,,,,,,,,
BraTS-GLI-02895-101,2,gmm_T1c,absent,1,0,13041,,,,False,True,0,1,,,,,,,,,
BraTS-GLI-02895-101,2,gmm_T1c,absent,2,0,13041,,,,False,True,0,1,,,,,,,,,
BraTS-GLI-02895-101,2,gmm_T1c,absent,3,0,13041,,,,False,True,0,1,,,,,,,,,
BraTS-GLI-02895-101,2,gmm_T1c,absent,4,0,13041,,,,False,True,0,1,,,,,,,,,
BraTS-GLI-02895-101,2,gmm_T1c,absent,5,0,13041,,,,False,True,0,1,,,,,,,,,
BraTS-GLI-02895-101,2,sustraccion,absent,0,0,0,,,,True,False,0,0,,,,,,,,,
BraTS-GLI-02895-101,2,sustraccion,absent,1,0,12555,,,,False,True,0,1,,,,,,,,,
BraTS-GLI-02895-101,2,sustraccion,absent,2,0,13927,,,,False,True,0,2,,,,,,,,,
BraTS-GLI-02895-101,2,sustraccion,absent,3,0,14484,,,,False,True,0,3,,,,,,,,,
BraTS-GLI-02895-101,2,sustraccion,absent,4,0,14752,,,,False,True,0,4,,,,,,,,,
BraTS-GLI-02895-101,2,sustraccion,absent,5,0,14796,,,,False,True,0,5,,,,,,,,,
BraTS-GLI-02895-101,2,gmm_2d,absent,0,0,0,,,,True,False,0,0,,,,,,,,,
BraTS-GLI-02895-101,2,gmm_2d,absent,1,0,39469,,,,False,True,0,1,,,,,,,,,
BraTS-GLI-02895-101,2,gmm_2d,absent,2,0,43090,,,,False,True,0,2,,,,,,,,,
BraTS-GLI-02895-101,2,gmm_2d,absent,3,0,46542,,,,False,True,0,3,,,,,,,,,
BraTS-GLI-02895-101,2,gmm_2d,absent,4,0,48193,,,,False,True,0,4,,,,,,,,,
BraTS-GLI-02895-101,2,gmm_2d,absent,5,0,48730,,,,False,True,0,5,,,,,,,,,
BraTS-GLI-02895-101,2,variational_spline,absent,0,0,0,,,,True,False,0,0,,,,,,,,,
BraTS-GLI-02895-101,2,variational_spline,absent,1,0,13041,,,,False,True,0,1,,,,,,,,,
BraTS-GLI-02895-101,2,variational_spline,absent,2,0,13041,,,,False,True,0,1,,,,,,,,,
BraTS-GLI-02895-101,2,variational_spline,absent,3,0,13041,,,,False,True,0,1,,,,,,,,,
BraTS-GLI-02895-101,2,variational_spline,absent,4,0,13041,,,,False,True,0,1,,,,,,,,,
BraTS-GLI-02895-101,2,variational_spline,absent,5,0,13041,,,,False,True,0,1,,,,,,,,,
BraTS-GLI-02897-101,1,otsu_T1c,absent,0,0,0,,,,True,False,0,0,,,,,,,,,
BraTS-GLI-02897-101,1,otsu_T1c,absent,1,0,11827,,,,False,True,0,1,,,,,,,,,
BraTS-GLI-02897-101,1,otsu_T1c,absent,2,0,11827,,,,False,True,0,1,,,,,,,,,
BraTS-GLI-02897-101,1,otsu_T1c,absent,3,0,11827,,,,False,True,0,1,,,,,,,,,
BraTS-GLI-02897-101,1,otsu_T1c,absent,4,0,11827,,,,False,True,0,1,,,,,,,,,
BraTS-GLI-02897-101,1,otsu_T1c,absent,5,0,11827,,,,False,True,0,1,,,,,,,,,
BraTS-GLI-02897-101,1,gmm_T1c,absent,0,0,0,,,,True,False,0,0,,,,,,,,,
BraTS-GLI-02897-101,1,gmm_T1c,absent,1,0,15370,,,,False,True,0,1,,,,,,,,,
BraTS-GLI-02897-101,1,gmm_T1c,absent,2,0,15370,,,,False,True,0,1,,,,,,,,,
BraTS-GLI-02897-101,1,gmm_T1c,absent,3,0,15370,,,,False,True,0,1,,,,,,,,,
BraTS-GLI-02897-101,1,gmm_T1c,absent,4,0,15370,,,,False,True,0,1,,,,,,,,,
BraTS-GLI-02897-101,1,gmm_T1c,absent,5,0,15370,,,,False,True,0,1,,,,,,,,,
BraTS-GLI-02897-101,1,sustraccion,absent,0,0,0,,,,True,False,0,0,,,,,,,,,
BraTS-GLI-02897-101,1,sustraccion,absent,1,0,74744,,,,False,True,0,1,,,,,,,,,
BraTS-GLI-02897-101,1,sustraccion,absent,2,0,74877,,,,False,True,0,2,,,,,,,,,
BraTS-GLI-02897-101,1,sustraccion,absent,3,0,75008,,,,False,True,0,3,,,,,,,,,
BraTS-GLI-02897-101,1,sustraccion,absent,4,0,75074,,,,False,True,0,4,,,,,,,,,
BraTS-GLI-02897-101,1,sustraccion,absent,5,0,75117,,,,False,True,0,5,,,,,,,,,
BraTS-GLI-02897-101,1,gmm_2d,absent,0,0,0,,,,True,False,0,0,,,,,,,,,
BraTS-GLI-02897-101,1,gmm_2d,absent,1,0,88470,,,,False,True,0,1,,,,,,,,,
BraTS-GLI-02897-101,1,gmm_2d,absent,2,0,94000,,,,False,True,0,2,,,,,,,,,
BraTS-GLI-02897-101,1,gmm_2d,absent,3,0,97320,,,,False,True,0,3,,,,,,,,,
BraTS-GLI-02897-101,1,gmm_2d,absent,4,0,98925,,,,False,True,0,4,,,,,,,,,
BraTS-GLI-02897-101,1,gmm_2d,absent,5,0,100172,,,,False,True,0,5,,,,,,,,,
BraTS-GLI-02897-101,1,variational_spline,absent,0,0,0,,,,True,False,0,0,,,,,,,,,
BraTS-GLI-02897-101,1,variational_spline,absent,1,0,15371,,,,False,True,0,1,,,,,,,,,
BraTS-GLI-02897-101,1,variational_spline,absent,2,0,15371,,,,False,True,0,1,,,,,,,,,
BraTS-GLI-02897-101,1,variational_spline,absent,3,0,15371,,,,False,True,0,1,,,,,,,,,
BraTS-GLI-02897-101,1,variational_spline,absent,4,0,15371,,,,False,True,0,1,,,,,,,,,
BraTS-GLI-02897-101,1,variational_spline,absent,5,0,15371,,,,False,True,0,1,,,,,,,,,
BraTS-GLI-02901-100,0,otsu_T1c,absent,0,0,0,,,,True,False,0,0,,,,,,,,,
BraTS-GLI-02901-100,0,otsu_T1c,absent,1,0,16726,,,,False,True,0,1,,,,,,,,,
BraTS-GLI-02901-100,0,otsu_T1c,absent,2,0,16726,,,,False,True,0,1,,,,,,,,,
BraTS-GLI-02901-100,0,otsu_T1c,absent,3,0,16726,,,,False,True,0,1,,,,,,,,,
BraTS-GLI-02901-100,0,otsu_T1c,absent,4,0,16726,,,,False,True,0,1,,,,,,,,,
BraTS-GLI-02901-100,0,otsu_T1c,absent,5,0,16726,,,,False,True,0,1,,,,,,,,,
BraTS-GLI-02901-100,0,gmm_T1c,absent,0,0,0,,,,True,False,0,0,,,,,,,,,
BraTS-GLI-02901-100,0,gmm_T1c,absent,1,0,18667,,,,False,True,0,1,,,,,,,,,
BraTS-GLI-02901-100,0,gmm_T1c,absent,2,0,18667,,,,False,True,0,1,,,,,,,,,
BraTS-GLI-02901-100,0,gmm_T1c,absent,3,0,18667,,,,False,True,0,1,,,,,,,,,
BraTS-GLI-02901-100,0,gmm_T1c,absent,4,0,18667,,,,False,True,0,1,,,,,,,,,
BraTS-GLI-02901-100,0,gmm_T1c,absent,5,0,18667,,,,False,True,0,1,,,,,,,,,
BraTS-GLI-02901-100,0,sustraccion,absent,0,0,0,,,,True,False,0,0,,,,,,,,,
BraTS-GLI-02901-100,0,sustraccion,absent,1,0,94126,,,,False,True,0,1,,,,,,,,,
BraTS-GLI-02901-100,0,sustraccion,absent,2,0,96679,,,,False,True,0,2,,,,,,,,,
BraTS-GLI-02901-100,0,sustraccion,absent,3,0,98973,,,,False,True,0,3,,,,,,,,,
BraTS-GLI-02901-100,0,sustraccion,absent,4,0,99636,,,,False,True,0,4,,,,,,,,,
BraTS-GLI-02901-100,0,sustraccion,absent,5,0,99788,,,,False,True,0,5,,,,,,,,,
BraTS-GLI-02901-100,0,gmm_2d,absent,0,0,0,,,,True,False,0,0,,,,,,,,,
BraTS-GLI-02901-100,0,gmm_2d,absent,1,0,244398,,,,False,True,0,1,,,,,,,,,
BraTS-GLI-02901-100,0,gmm_2d,absent,2,0,244448,,,,False,True,0,2,,,,,,,,,
BraTS-GLI-02901-100,0,gmm_2d,absent,3,0,244473,,,,False,True,0,3,,,,,,,,,
BraTS-GLI-02901-100,0,gmm_2d,absent,4,0,245196,,,,False,True,0,4,,,,,,,,,
BraTS-GLI-02901-100,0,gmm_2d,absent,5,0,245527,,,,False,True,0,5,,,,,,,,,
BraTS-GLI-02901-100,0,variational_spline,absent,0,0,0,,,,True,False,0,0,,,,,,,,,
BraTS-GLI-02901-100,0,variational_spline,absent,1,0,18667,,,,False,True,0,1,,,,,,,,,
BraTS-GLI-02901-100,0,variational_spline,absent,2,0,18667,,,,False,True,0,1,,,,,,,,,
BraTS-GLI-02901-100,0,variational_spline,absent,3,0,18667,,,,False,True,0,1,,,,,,,,,
BraTS-GLI-02901-100,0,variational_spline,absent,4,0,18667,,,,False,True,0,1,,,,,,,,,
BraTS-GLI-02901-100,0,variational_spline,absent,5,0,18667,,,,False,True,0,1,,,,,,,,,
BraTS-GLI-02905-100,0,otsu_T1c,small,0,867,0,0.0,0.0,0.0,,False,2,0,0.0,0.0,2.0,0.0,0.0,0.0,0.0,0.0,0.0
BraTS-GLI-02905-100,0,otsu_T1c,small,1,867,849890,0.0020170271887272,0.001009531720828,980.2652825836216,,True,2,1,1.0,1.0,1.0,0.0,0.0015284245600923,0.0007642122800461,0.0007642122800461,0.5,0.0
BraTS-GLI-02905-100,0,otsu_T1c,small,2,867,849890,0.0020170271887272,0.001009531720828,980.2652825836216,,True,2,1,1.0,1.0,1.0,0.0,0.0015284245600923,0.0007642122800461,0.0007642122800461,0.5,0.0
BraTS-GLI-02905-100,0,otsu_T1c,small,3,867,849890,0.0020170271887272,0.001009531720828,980.2652825836216,,True,2,1,1.0,1.0,1.0,0.0,0.0015284245600923,0.0007642122800461,0.0007642122800461,0.5,0.0
BraTS-GLI-02905-100,0,otsu_T1c,small,4,867,849890,0.0020170271887272,0.001009531720828,980.2652825836216,,True,2,1,1.0,1.0,1.0,0.0,0.0015284245600923,0.0007642122800461,0.0007642122800461,0.5,0.0
BraTS-GLI-02905-100,0,otsu_T1c,small,5,867,849890,0.0020170271887272,0.001009531720828,980.2652825836216,,True,2,1,1.0,1.0,1.0,0.0,0.0015284245600923,0.0007642122800461,0.0007642122800461,0.5,0.0
BraTS-GLI-02905-100,0,gmm_T1c,small,0,867,0,0.0,0.0,0.0,,False,2,0,0.0,0.0,2.0,0.0,0.0,0.0,0.0,0.0,0.0
BraTS-GLI-02905-100,0,gmm_T1c,small,1,867,1104436,0.001568800591331,0.000785016062497,1273.8592848904268,,True,2,1,1.0,1.0,1.0,0.0,0.0011926576262339,0.0005963288131169,0.0005963288131169,0.5,0.0
BraTS-GLI-02905-100,0,gmm_T1c,small,2,867,1104436,0.001568800591331,0.000785016062497,1273.8592848904268,,True,2,1,1.0,1.0,1.0,0.0,0.0011926576262339,0.0005963288131169,0.0005963288131169,0.5,0.0
BraTS-GLI-02905-100,0,gmm_T1c,small,3,867,1104436,0.001568800591331,0.000785016062497,1273.8592848904268,,True,2,1,1.0,1.0,1.0,0.0,0.0011926576262339,0.0005963288131169,0.0005963288131169,0.5,0.0
BraTS-GLI-02905-100,0,gmm_T1c,small,4,867,1104436,0.001568800591331,0.000785016062497,1273.8592848904268,,True,2,1,1.0,1.0,1.0,0.0,0.0011926576262339,0.0005963288131169,0.0005963288131169,0.5,0.0
BraTS-GLI-02905-100,0,gmm_T1c,small,5,867,1104436,0.001568800591331,0.000785016062497,1273.8592848904268,,True,2,1,1.0,1.0,1.0,0.0,0.0011926576262339,0.0005963288131169,0.0005963288131169,0.5,0.0
BraTS-GLI-02905-100,0,sustraccion,small,0,867,0,0.0,0.0,0.0,,False,2,0,0.0,0.0,2.0,0.0,0.0,0.0,0.0,0.0,0.0
BraTS-GLI-02905-100,0,sustraccion,small,1,867,19889,0.0,0.0,22.94002306805075,,True,2,1,0.0,0.0,2.0,1.0,0.0,0.0,0.0,0.0,0.0
BraTS-GLI-02905-100,0,sustraccion,small,2,867,24991,0.0,0.0,28.824682814302196,,True,2,2,0.0,0.0,2.0,2.0,0.0,0.0,0.0,0.0,0.0
BraTS-GLI-02905-100,0,sustraccion,small,3,867,29450,0.0,0.0,33.9677047289504,,True,2,3,0.0,0.0,2.0,3.0,0.0,0.0,0.0,0.0,0.0
BraTS-GLI-02905-100,0,sustraccion,small,4,867,30146,0.0,0.0,34.77047289504037,,True,2,4,0.0,0.0,2.0,4.0,0.0,0.0,0.0,0.0,0.0
BraTS-GLI-02905-100,0,sustraccion,small,5,867,30241,0.0,0.0,34.8800461361015,,True,2,5,0.0,0.0,2.0,5.0,0.0,0.0,0.0,0.0,0.0
BraTS-GLI-02905-100,0,gmm_2d,small,0,867,0,0.0,0.0,0.0,,False,2,0,0.0,0.0,2.0,0.0,0.0,0.0,0.0,0.0,0.0
BraTS-GLI-02905-100,0,gmm_2d,small,1,867,86350,0.0,0.0,99.59630911188005,,True,2,1,0.0,0.0,2.0,1.0,0.0,0.0,0.0,0.0,0.0
BraTS-GLI-02905-100,0,gmm_2d,small,2,867,88202,0.0,0.0,101.73241061130337,,True,2,2,0.0,0.0,2.0,2.0,0.0,0.0,0.0,0.0,0.0
BraTS-GLI-02905-100,0,gmm_2d,small,3,867,90012,0.0,0.0,103.82006920415223,,True,2,3,0.0,0.0,2.0,3.0,0.0,0.0,0.0,0.0,0.0
BraTS-GLI-02905-100,0,gmm_2d,small,4,867,91465,0.0,0.0,105.4959630911188,,True,2,4,0.0,0.0,2.0,4.0,0.0,0.0,0.0,0.0,0.0
BraTS-GLI-02905-100,0,gmm_2d,small,5,867,91647,0.0,0.0,105.70588235294116,,True,2,5,0.0,0.0,2.0,5.0,0.0,0.0,0.0,0.0,0.0
BraTS-GLI-02905-100,0,variational_spline,small,0,867,0,0.0,0.0,0.0,,False,2,0,0.0,0.0,2.0,0.0,0.0,0.0,0.0,0.0,0.0
BraTS-GLI-02905-100,0,variational_spline,small,1,867,82854,0.0,0.0,95.56401384083046,,True,2,1,0.0,0.0,2.0,1.0,0.0,0.0,0.0,0.0,0.0
BraTS-GLI-02905-100,0,variational_spline,small,2,867,82854,0.0,0.0,95.56401384083046,,True,2,1,0.0,0.0,2.0,1.0,0.0,0.0,0.0,0.0,0.0
BraTS-GLI-02905-100,0,variational_spline,small,3,867,82854,0.0,0.0,95.56401384083046,,True,2,1,0.0,0.0,2.0,1.0,0.0,0.0,0.0,0.0,0.0
BraTS-GLI-02905-100,0,variational_spline,small,4,867,82854,0.0,0.0,95.56401384083046,,True,2,1,0.0,0.0,2.0,1.0,0.0,0.0,0.0,0.0,0.0
BraTS-GLI-02905-100,0,variational_spline,small,5,867,82854,0.0,0.0,95.56401384083046,,True,2,1,0.0,0.0,2.0,1.0,0.0,0.0,0.0,0.0,0.0
BraTS-GLI-02917-101,1,otsu_T1c,medium,0,6110,0,0.0,0.0,0.0,,False,4,0,0.0,0.0,4.0,0.0,0.0,0.0,0.0,0.0,0.0
BraTS-GLI-02917-101,1,otsu_T1c,medium,1,6110,14315,0.0,0.0,2.3428805237315875,,True,4,1,0.0,0.0,4.0,1.0,0.0,0.0,0.0,0.0,0.0
BraTS-GLI-02917-101,1,otsu_T1c,medium,2,6110,14315,0.0,0.0,2.3428805237315875,,True,4,1,0.0,0.0,4.0,1.0,0.0,0.0,0.0,0.0,0.0
BraTS-GLI-02917-101,1,otsu_T1c,medium,3,6110,14315,0.0,0.0,2.3428805237315875,,True,4,1,0.0,0.0,4.0,1.0,0.0,0.0,0.0,0.0,0.0
BraTS-GLI-02917-101,1,otsu_T1c,medium,4,6110,14315,0.0,0.0,2.3428805237315875,,True,4,1,0.0,0.0,4.0,1.0,0.0,0.0,0.0,0.0,0.0
BraTS-GLI-02917-101,1,otsu_T1c,medium,5,6110,14315,0.0,0.0,2.3428805237315875,,True,4,1,0.0,0.0,4.0,1.0,0.0,0.0,0.0,0.0,0.0
BraTS-GLI-02917-101,1,gmm_T1c,medium,0,6110,0,0.0,0.0,0.0,,False,4,0,0.0,0.0,4.0,0.0,0.0,0.0,0.0,0.0,0.0
BraTS-GLI-02917-101,1,gmm_T1c,medium,1,6110,21882,0.0,0.0,3.581342062193126,,True,4,1,0.0,0.0,4.0,1.0,0.0,0.0,0.0,0.0,0.0
BraTS-GLI-02917-101,1,gmm_T1c,medium,2,6110,21882,0.0,0.0,3.581342062193126,,True,4,1,0.0,0.0,4.0,1.0,0.0,0.0,0.0,0.0,0.0
BraTS-GLI-02917-101,1,gmm_T1c,medium,3,6110,21882,0.0,0.0,3.581342062193126,,True,4,1,0.0,0.0,4.0,1.0,0.0,0.0,0.0,0.0,0.0
BraTS-GLI-02917-101,1,gmm_T1c,medium,4,6110,21882,0.0,0.0,3.581342062193126,,True,4,1,0.0,0.0,4.0,1.0,0.0,0.0,0.0,0.0,0.0
BraTS-GLI-02917-101,1,gmm_T1c,medium,5,6110,21882,0.0,0.0,3.581342062193126,,True,4,1,0.0,0.0,4.0,1.0,0.0,0.0,0.0,0.0,0.0
BraTS-GLI-02917-101,1,sustraccion,medium,0,6110,0,0.0,0.0,0.0,,False,4,0,0.0,0.0,4.0,0.0,0.0,0.0,0.0,0.0,0.0
BraTS-GLI-02917-101,1,sustraccion,medium,1,6110,66406,0.0,0.0,10.868412438625205,,True,4,1,0.0,0.0,4.0,1.0,0.0,0.0,0.0,0.0,0.0
BraTS-GLI-02917-101,1,sustraccion,medium,2,6110,67587,0.0,0.0,11.061702127659574,,True,4,2,0.0,0.0,4.0,2.0,0.0,0.0,0.0,0.0,0.0
BraTS-GLI-02917-101,1,sustraccion,medium,3,6110,68727,0.0,0.0,11.248281505728317,,True,4,3,0.0,0.0,4.0,3.0,0.0,0.0,0.0,0.0,0.0
BraTS-GLI-02917-101,1,sustraccion,medium,4,6110,69006,0.0,0.0,11.29394435351882,,True,4,4,0.0,0.0,4.0,4.0,0.0,0.0,0.0,0.0,0.0
BraTS-GLI-02917-101,1,sustraccion,medium,5,6110,69123,0.0,0.0,11.313093289689034,,True,4,5,0.0,0.0,4.0,5.0,0.0,0.0,0.0,0.0,0.0
BraTS-GLI-02917-101,1,gmm_2d,medium,0,6110,0,0.0,0.0,0.0,,False,4,0,0.0,0.0,4.0,0.0,0.0,0.0,0.0,0.0,0.0
BraTS-GLI-02917-101,1,gmm_2d,medium,1,6110,94173,0.106518552496435,0.0562553980324829,15.41292962356792,,True,4,1,1.0,1.0,3.0,0.0,0.1060091182589531,0.0265022795647382,0.0,0.25,0.25
BraTS-GLI-02917-101,1,gmm_2d,medium,2,6110,97344,0.1032536199663618,0.0544372305402953,15.93191489361702,,True,4,2,1.0,1.0,3.0,1.0,0.1060091182589531,0.0212018229067325,0.0,0.25,0.25
BraTS-GLI-02917-101,1,gmm_2d,medium,3,6110,99203,0.1014309724345522,0.0534249589885167,16.23617021276596,,True,4,3,1.0,1.0,3.0,2.0,0.1060091182589531,0.0176681857556104,0.0,0.25,0.25
BraTS-GLI-02917-101,1,gmm_2d,medium,4,6110,100959,0.0997674396884252,0.0525027524378735,16.52356792144026,,True,4,4,1.0,1.0,3.0,3.0,0.1060091182589531,0.0151441600173711,0.0,0.25,0.25
BraTS-GLI-02917-101,1,gmm_2d,medium,5,6110,102136,0.0986826303050459,0.0519022399300325,16.71620294599018,,True,4,5,1.0,1.0,3.0,4.0,0.1060091182589531,0.0132511397823691,0.0,0.25,0.25
BraTS-GLI-02917-101,1,variational_spline,medium,0,6110,0,0.0,0.0,0.0,,False,4,0,0.0,0.0,4.0,0.0,0.0,0.0,0.0,0.0,0.0
BraTS-GLI-02917-101,1,variational_spline,medium,1,6110,21882,0.0,0.0,3.581342062193126,,True,4,1,0.0,0.0,4.0,1.0,0.0,0.0,0.0,0.0,0.0
BraTS-GLI-02917-101,1,variational_spline,medium,2,6110,21882,0.0,0.0,3.581342062193126,,True,4,1,0.0,0.0,4.0,1.0,0.0,0.0,0.0,0.0,0.0
BraTS-GLI-02917-101,1,variational_spline,medium,3,6110,21882,0.0,0.0,3.581342062193126,,True,4,1,0.0,0.0,4.0,1.0,0.0,0.0,0.0,0.0,0.0
BraTS-GLI-02917-101,1,variational_spline,medium,4,6110,21882,0.0,0.0,3.581342062193126,,True,4,1,0.0,0.0,4.0,1.0,0.0,0.0,0.0,0.0,0.0
BraTS-GLI-02917-101,1,variational_spline,medium,5,6110,21882,0.0,0.0,3.581342062193126,,True,4,1,0.0,0.0,4.0,1.0,0.0,0.0,0.0,0.0,0.0
BraTS-GLI-02934-101,3,otsu_T1c,absent,0,0,0,,,,True,False,0,0,,,,,,,,,
BraTS-GLI-02934-101,3,otsu_T1c,absent,1,0,11031,,,,False,True,0,1,,,,,,,,,
BraTS-GLI-02934-101,3,otsu_T1c,absent,2,0,11031,,,,False,True,0,1,,,,,,,,,
BraTS-GLI-02934-101,3,otsu_T1c,absent,3,0,11031,,,,False,True,0,1,,,,,,,,,
BraTS-GLI-02934-101,3,otsu_T1c,absent,4,0,11031,,,,False,True,0,1,,,,,,,,,
BraTS-GLI-02934-101,3,otsu_T1c,absent,5,0,11031,,,,False,True,0,1,,,,,,,,,
BraTS-GLI-02934-101,3,gmm_T1c,absent,0,0,0,,,,True,False,0,0,,,,,,,,,
BraTS-GLI-02934-101,3,gmm_T1c,absent,1,0,10852,,,,False,True,0,1,,,,,,,,,
BraTS-GLI-02934-101,3,gmm_T1c,absent,2,0,10852,,,,False,True,0,1,,,,,,,,,
BraTS-GLI-02934-101,3,gmm_T1c,absent,3,0,10852,,,,False,True,0,1,,,,,,,,,
BraTS-GLI-02934-101,3,gmm_T1c,absent,4,0,10852,,,,False,True,0,1,,,,,,,,,
BraTS-GLI-02934-101,3,gmm_T1c,absent,5,0,10852,,,,False,True,0,1,,,,,,,,,
BraTS-GLI-02934-101,3,sustraccion,absent,0,0,0,,,,True,False,0,0,,,,,,,,,
BraTS-GLI-02934-101,3,sustraccion,absent,1,0,77395,,,,False,True,0,1,,,,,,,,,
BraTS-GLI-02934-101,3,sustraccion,absent,2,0,77763,,,,False,True,0,2,,,,,,,,,
BraTS-GLI-02934-101,3,sustraccion,absent,3,0,78110,,,,False,True,0,3,,,,,,,,,
BraTS-GLI-02934-101,3,sustraccion,absent,4,0,78218,,,,False,True,0,4,,,,,,,,,
BraTS-GLI-02934-101,3,sustraccion,absent,5,0,78244,,,,False,True,0,5,,,,,,,,,
BraTS-GLI-02934-101,3,gmm_2d,absent,0,0,0,,,,True,False,0,0,,,,,,,,,
BraTS-GLI-02934-101,3,gmm_2d,absent,1,0,105870,,,,False,True,0,1,,,,,,,,,
BraTS-GLI-02934-101,3,gmm_2d,absent,2,0,106625,,,,False,True,0,2,,,,,,,,,
BraTS-GLI-02934-101,3,gmm_2d,absent,3,0,107273,,,,False,True,0,3,,,,,,,,,
BraTS-GLI-02934-101,3,gmm_2d,absent,4,0,107457,,,,False,True,0,4,,,,,,,,,
BraTS-GLI-02934-101,3,gmm_2d,absent,5,0,107503,,,,False,True,0,5,,,,,,,,,
BraTS-GLI-02934-101,3,variational_spline,absent,0,0,0,,,,True,False,0,0,,,,,,,,,
BraTS-GLI-02934-101,3,variational_spline,absent,1,0,10852,,,,False,True,0,1,,,,,,,,,
BraTS-GLI-02934-101,3,variational_spline,absent,2,0,10852,,,,False,True,0,1,,,,,,,,,
BraTS-GLI-02934-101,3,variational_spline,absent,3,0,10852,,,,False,True,0,1,,,,,,,,,
BraTS-GLI-02934-101,3,variational_spline,absent,4,0,10852,,,,False,True,0,1,,,,,,,,,
BraTS-GLI-02934-101,3,variational_spline,absent,5,0,10852,,,,False,True,0,1,,,,,,,,,
BraTS-GLI-02947-100,0,otsu_T1c,small,0,482,0,0.0,0.0,0.0,,False,4,0,0.0,0.0,4.0,0.0,0.0,0.0,0.0,0.0,0.0
BraTS-GLI-02947-100,0,otsu_T1c,small,1,482,768624,0.0010505704025192,0.0005255612708175,1594.655601659751,,True,4,1,1.0,1.0,3.0,0.0,0.0006060944870114,0.0001515236217528,0.0,0.25,0.0
BraTS-GLI-02947-100,0,otsu_T1c,small,2,482,768624,0.0010505704025192,0.0005255612708175,1594.655601659751,,True,4,1,1.0,1.0,3.0,0.0,0.0006060944870114,0.0001515236217528,0.0,0.25,0.0
BraTS-GLI-02947-100,0,otsu_T1c,small,3,482,768624,0.0010505704025192,0.0005255612708175,1594.655601659751,,True,4,1,1.0,1.0,3.0,0.0,0.0006060944870114,0.0001515236217528,0.0,0.25,0.0
BraTS-GLI-02947-100,0,otsu_T1c,small,4,482,768624,0.0010505704025192,0.0005255612708175,1594.655601659751,,True,4,1,1.0,1.0,3.0,0.0,0.0006060944870114,0.0001515236217528,0.0,0.25,0.0
BraTS-GLI-02947-100,0,otsu_T1c,small,5,482,768624,0.0010505704025192,0.0005255612708175,1594.655601659751,,True,4,1,1.0,1.0,3.0,0.0,0.0006060944870114,0.0001515236217528,0.0,0.25,0.0
BraTS-GLI-02947-100,0,gmm_T1c,small,0,482,0,0.0,0.0,0.0,,False,4,0,0.0,0.0,4.0,0.0,0.0,0.0,0.0,0.0,0.0
BraTS-GLI-02947-100,0,gmm_T1c,small,1,482,1236057,0.0002070294588363,0.0001035254458266,2564.433609958506,,True,4,1,1.0,1.0,3.0,0.0,6.957180448807776e-05,1.739295112201944e-05,0.0,0.25,0.0
BraTS-GLI-02947-100,0,gmm_T1c,small,2,482,1236057,0.0002070294588363,0.0001035254458266,2564.433609958506,,True,4,1,1.0,1.0,3.0,0.0,6.957180448807776e-05,1.739295112201944e-05,0.0,0.25,0.0
BraTS-GLI-02947-100,0,gmm_T1c,small,3,482,1236057,0.0002070294588363,0.0001035254458266,2564.433609958506,,True,4,1,1.0,1.0,3.0,0.0,6.957180448807776e-05,1.739295112201944e-05,0.0,0.25,0.0
BraTS-GLI-02947-100,0,gmm_T1c,small,4,482,1236057,0.0002070294588363,0.0001035254458266,2564.433609958506,,True,4,1,1.0,1.0,3.0,0.0,6.957180448807776e-05,1.739295112201944e-05,0.0,0.25,0.0
BraTS-GLI-02947-100,0,gmm_T1c,small,5,482,1236057,0.0002070294588363,0.0001035254458266,2564.433609958506,,True,4,1,1.0,1.0,3.0,0.0,6.957180448807776e-05,1.739295112201944e-05,0.0,0.25,0.0
BraTS-GLI-02947-100,0,sustraccion,small,0,482,0,0.0,0.0,0.0,,False,4,0,0.0,0.0,4.0,0.0,0.0,0.0,0.0,0.0,0.0
BraTS-GLI-02947-100,0,sustraccion,small,1,482,72477,0.0,0.0,150.36721991701245,,True,4,1,0.0,0.0,4.0,1.0,0.0,0.0,0.0,0.0,0.0
BraTS-GLI-02947-100,0,sustraccion,small,2,482,72697,0.0,0.0,150.82365145228215,,True,4,2,0.0,0.0,4.0,2.0,0.0,0.0,0.0,0.0,0.0
BraTS-GLI-02947-100,0,sustraccion,small,3,482,72866,0.0,0.0,151.17427385892117,,True,4,3,0.0,0.0,4.0,3.0,0.0,0.0,0.0,0.0,0.0
BraTS-GLI-02947-100,0,sustraccion,small,4,482,72982,0.0,0.0,151.4149377593361,,True,4,4,0.0,0.0,4.0,4.0,0.0,0.0,0.0,0.0,0.0
BraTS-GLI-02947-100,0,sustraccion,small,5,482,73082,0.0,0.0,151.62240663900414,,True,4,5,0.0,0.0,4.0,5.0,0.0,0.0,0.0,0.0,0.0
BraTS-GLI-02947-100,0,gmm_2d,small,0,482,0,0.0,0.0,0.0,,False,4,0,0.0,0.0,4.0,0.0,0.0,0.0,0.0,0.0,0.0
BraTS-GLI-02947-100,0,gmm_2d,small,1,482,74924,0.0,0.0,155.44398340248964,,True,4,1,0.0,0.0,4.0,1.0,0.0,0.0,0.0,0.0,0.0
BraTS-GLI-02947-100,0,gmm_2d,small,2,482,77298,0.0,0.0,160.36929460580913,,True,4,2,0.0,0.0,4.0,2.0,0.0,0.0,0.0,0.0,0.0
BraTS-GLI-02947-100,0,gmm_2d,small,3,482,78154,0.0,0.0,162.14522821576764,,True,4,3,0.0,0.0,4.0,3.0,0.0,0.0,0.0,0.0,0.0
BraTS-GLI-02947-100,0,gmm_2d,small,4,482,78303,0.0,0.0,162.45435684647302,,True,4,4,0.0,0.0,4.0,4.0,0.0,0.0,0.0,0.0,0.0
BraTS-GLI-02947-100,0,gmm_2d,small,5,482,78425,0.0,0.0,162.70746887966806,,True,4,5,0.0,0.0,4.0,5.0,0.0,0.0,0.0,0.0,0.0
BraTS-GLI-02947-100,0,variational_spline,small,0,482,0,0.0,0.0,0.0,,False,4,0,0.0,0.0,4.0,0.0,0.0,0.0,0.0,0.0,0.0
BraTS-GLI-02947-100,0,variational_spline,small,1,482,182201,0.0025289709496778,0.0012660864227303,378.0103734439834,,True,4,1,1.0,1.0,3.0,0.0,0.0025324227754026,0.0006331056938506,0.0,0.25,0.0
BraTS-GLI-02947-100,0,variational_spline,small,2,482,182201,0.0025289709496778,0.0012660864227303,378.0103734439834,,True,4,1,1.0,1.0,3.0,0.0,0.0025324227754026,0.0006331056938506,0.0,0.25,0.0
BraTS-GLI-02947-100,0,variational_spline,small,3,482,182201,0.0025289709496778,0.0012660864227303,378.0103734439834,,True,4,1,1.0,1.0,3.0,0.0,0.0025324227754026,0.0006331056938506,0.0,0.25,0.0
BraTS-GLI-02947-100,0,variational_spline,small,4,482,182201,0.0025289709496778,0.0012660864227303,378.0103734439834,,True,4,1,1.0,1.0,3.0,0.0,0.0025324227754026,0.0006331056938506,0.0,0.25,0.0
BraTS-GLI-02947-100,0,variational_spline,small,5,482,182201,0.0025289709496778,0.0012660864227303,378.0103734439834,,True,4,1,1.0,1.0,3.0,0.0,0.0025324227754026,0.0006331056938506,0.0,0.25,0.0
BraTS-GLI-02983-101,0,otsu_T1c,small,0,1845,0,0.0,0.0,0.0,,False,2,0,0.0,0.0,2.0,0.0,0.0,0.0,0.0,0.0,0.0
BraTS-GLI-02983-101,0,otsu_T1c,small,1,1845,12508,0.0,0.0,6.779403794037941,,True,2,1,0.0,0.0,2.0,1.0,0.0,0.0,0.0,0.0,0.0
BraTS-GLI-02983-101,0,otsu_T1c,small,2,1845,12508,0.0,0.0,6.779403794037941,,True,2,1,0.0,0.0,2.0,1.0,0.0,0.0,0.0,0.0,0.0
BraTS-GLI-02983-101,0,otsu_T1c,small,3,1845,12508,0.0,0.0,6.779403794037941,,True,2,1,0.0,0.0,2.0,1.0,0.0,0.0,0.0,0.0,0.0
BraTS-GLI-02983-101,0,otsu_T1c,small,4,1845,12508,0.0,0.0,6.779403794037941,,True,2,1,0.0,0.0,2.0,1.0,0.0,0.0,0.0,0.0,0.0
BraTS-GLI-02983-101,0,otsu_T1c,small,5,1845,12508,0.0,0.0,6.779403794037941,,True,2,1,0.0,0.0,2.0,1.0,0.0,0.0,0.0,0.0,0.0
BraTS-GLI-02983-101,0,gmm_T1c,small,0,1845,0,0.0,0.0,0.0,,False,2,0,0.0,0.0,2.0,0.0,0.0,0.0,0.0,0.0,0.0
BraTS-GLI-02983-101,0,gmm_T1c,small,1,1845,19121,0.0,0.0,10.363685636856369,,True,2,1,0.0,0.0,2.0,1.0,0.0,0.0,0.0,0.0,0.0
BraTS-GLI-02983-101,0,gmm_T1c,small,2,1845,19121,0.0,0.0,10.363685636856369,,True,2,1,0.0,0.0,2.0,1.0,0.0,0.0,0.0,0.0,0.0
BraTS-GLI-02983-101,0,gmm_T1c,small,3,1845,19121,0.0,0.0,10.363685636856369,,True,2,1,0.0,0.0,2.0,1.0,0.0,0.0,0.0,0.0,0.0
BraTS-GLI-02983-101,0,gmm_T1c,small,4,1845,19121,0.0,0.0,10.363685636856369,,True,2,1,0.0,0.0,2.0,1.0,0.0,0.0,0.0,0.0,0.0
BraTS-GLI-02983-101,0,gmm_T1c,small,5,1845,19121,0.0,0.0,10.363685636856369,,True,2,1,0.0,0.0,2.0,1.0,0.0,0.0,0.0,0.0,0.0
BraTS-GLI-02983-101,0,sustraccion,small,0,1845,0,0.0,0.0,0.0,,False,2,0,0.0,0.0,2.0,0.0,0.0,0.0,0.0,0.0,0.0
BraTS-GLI-02983-101,0,sustraccion,small,1,1845,26620,0.0,0.0,14.42818428184282,,True,2,1,0.0,0.0,2.0,1.0,0.0,0.0,0.0,0.0,0.0
BraTS-GLI-02983-101,0,sustraccion,small,2,1845,33530,0.0567632508833922,0.0292106717872625,18.173441734417345,,True,2,2,1.0,1.0,1.0,1.0,0.2303809076547622,0.0767936334013938,0.1151904538273811,0.5,0.5
BraTS-GLI-02983-101,0,sustraccion,small,3,1845,34077,0.0558988920438728,0.0287530786413883,18.46991869918699,,True,2,3,1.0,1.0,1.0,2.0,0.2303809076547622,0.0575952269136905,0.1151904538273811,0.5,0.5
BraTS-GLI-02983-101,0,sustraccion,small,4,1845,34187,0.055728241563055,0.0286627840584675,18.529539295392954,,True,2,4,1.0,1.0,1.0,3.0,0.2303809076547622,0.0460761822760105,0.1151904538273811,0.5,0.5
BraTS-GLI-02983-101,0,sustraccion,small,5,1845,34272,0.055597087244234,0.0285933984564121,18.57560975609756,,True,2,5,1.0,1.0,1.0,4.0,0.2303809076547622,0.0383968167006969,0.1151904538273811,0.5,0.5
BraTS-GLI-02983-101,0,gmm_2d,small,0,1845,0,0.0,0.0,0.0,,False,2,0,0.0,0.0,2.0,0.0,0.0,0.0,0.0,0.0,0.0
BraTS-GLI-02983-101,0,gmm_2d,small,1,1845,2189,0.7754090233019336,0.6331983805668017,1.186449864498645,,False,2,1,1.0,1.0,1.0,0.0,0.7829787135124207,0.3914893567562103,0.3914893567562103,0.5,0.5
BraTS-GLI-02983-101,0,gmm_2d,small,2,1845,2369,0.7422876127195064,0.5901886792452831,1.2840108401084012,,False,2,2,1.0,1.0,1.0,1.0,0.7829787135124207,0.2609929144382477,0.3914893567562103,0.5,0.5
BraTS-GLI-02983-101,0,gmm_2d,small,3,1845,2445,0.7291375291375292,0.5737344093910491,1.3252032520325203,,False,2,3,1.0,1.0,1.0,2.0,0.7829787135124207,0.1957446783781051,0.3914893567562103,0.5,0.5
BraTS-GLI-02983-101,0,gmm_2d,small,4,1845,2505,0.7190804597701149,0.5613783201722901,1.3577235772357723,,False,2,4,1.0,1.0,1.0,3.0,0.7829787135124207,0.1565957367420196,0.3914893567562103,0.5,0.5
BraTS-GLI-02983-101,0,gmm_2d,small,5,1845,2530,0.7149714285714286,0.5563856278904304,1.3712737127371273,,False,2,5,1.0,1.0,1.0,4.0,0.7829787135124207,0.1304964572191238,0.3914893567562103,0.5,0.5
BraTS-GLI-02983-101,0,variational_spline,small,0,1845,0,0.0,0.0,0.0,,False,2,0,0.0,0.0,2.0,0.0,0.0,0.0,0.0,0.0,0.0
BraTS-GLI-02983-101,0,variational_spline,small,1,1845,19125,0.0,0.0,10.365853658536585,,True,2,1,0.0,0.0,2.0,1.0,0.0,0.0,0.0,0.0,0.0
BraTS-GLI-02983-101,0,variational_spline,small,2,1845,19125,0.0,0.0,10.365853658536585,,True,2,1,0.0,0.0,2.0,1.0,0.0,0.0,0.0,0.0,0.0
BraTS-GLI-02983-101,0,variational_spline,small,3,1845,19125,0.0,0.0,10.365853658536585,,True,2,1,0.0,0.0,2.0,1.0,0.0,0.0,0.0,0.0,0.0
BraTS-GLI-02983-101,0,variational_spline,small,4,1845,19125,0.0,0.0,10.365853658536585,,True,2,1,0.0,0.0,2.0,1.0,0.0,0.0,0.0,0.0,0.0
BraTS-GLI-02983-101,0,variational_spline,small,5,1845,19125,0.0,0.0,10.365853658536585,,True,2,1,0.0,0.0,2.0,1.0,0.0,0.0,0.0,0.0,0.0
BraTS-GLI-02984-101,0,otsu_T1c,absent,0,0,0,,,,True,False,0,0,,,,,,,,,
BraTS-GLI-02984-101,0,otsu_T1c,absent,1,0,13855,,,,False,True,0,1,,,,,,,,,
BraTS-GLI-02984-101,0,otsu_T1c,absent,2,0,13855,,,,False,True,0,1,,,,,,,,,
BraTS-GLI-02984-101,0,otsu_T1c,absent,3,0,13855,,,,False,True,0,1,,,,,,,,,
BraTS-GLI-02984-101,0,otsu_T1c,absent,4,0,13855,,,,False,True,0,1,,,,,,,,,
BraTS-GLI-02984-101,0,otsu_T1c,absent,5,0,13855,,,,False,True,0,1,,,,,,,,,
BraTS-GLI-02984-101,0,gmm_T1c,absent,0,0,0,,,,True,False,0,0,,,,,,,,,
BraTS-GLI-02984-101,0,gmm_T1c,absent,1,0,16573,,,,False,True,0,1,,,,,,,,,
BraTS-GLI-02984-101,0,gmm_T1c,absent,2,0,16573,,,,False,True,0,1,,,,,,,,,
BraTS-GLI-02984-101,0,gmm_T1c,absent,3,0,16573,,,,False,True,0,1,,,,,,,,,
BraTS-GLI-02984-101,0,gmm_T1c,absent,4,0,16573,,,,False,True,0,1,,,,,,,,,
BraTS-GLI-02984-101,0,gmm_T1c,absent,5,0,16573,,,,False,True,0,1,,,,,,,,,
BraTS-GLI-02984-101,0,sustraccion,absent,0,0,0,,,,True,False,0,0,,,,,,,,,
BraTS-GLI-02984-101,0,sustraccion,absent,1,0,73843,,,,False,True,0,1,,,,,,,,,
BraTS-GLI-02984-101,0,sustraccion,absent,2,0,74855,,,,False,True,0,2,,,,,,,,,
BraTS-GLI-02984-101,0,sustraccion,absent,3,0,74949,,,,False,True,0,3,,,,,,,,,
BraTS-GLI-02984-101,0,sustraccion,absent,4,0,75017,,,,False,True,0,4,,,,,,,,,
BraTS-GLI-02984-101,0,sustraccion,absent,5,0,75049,,,,False,True,0,5,,,,,,,,,
BraTS-GLI-02984-101,0,gmm_2d,absent,0,0,0,,,,True,False,0,0,,,,,,,,,
BraTS-GLI-02984-101,0,gmm_2d,absent,1,0,1237,,,,False,False,0,1,,,,,,,,,
BraTS-GLI-02984-101,0,gmm_2d,absent,2,0,1958,,,,False,False,0,2,,,,,,,,,
BraTS-GLI-02984-101,0,gmm_2d,absent,3,0,2294,,,,False,False,0,3,,,,,,,,,
BraTS-GLI-02984-101,0,gmm_2d,absent,4,0,2468,,,,False,False,0,4,,,,,,,,,
BraTS-GLI-02984-101,0,gmm_2d,absent,5,0,2607,,,,False,False,0,5,,,,,,,,,
BraTS-GLI-02984-101,0,variational_spline,absent,0,0,0,,,,True,False,0,0,,,,,,,,,
BraTS-GLI-02984-101,0,variational_spline,absent,1,0,16574,,,,False,True,0,1,,,,,,,,,
BraTS-GLI-02984-101,0,variational_spline,absent,2,0,16574,,,,False,True,0,1,,,,,,,,,
BraTS-GLI-02984-101,0,variational_spline,absent,3,0,16574,,,,False,True,0,1,,,,,,,,,
BraTS-GLI-02984-101,0,variational_spline,absent,4,0,16574,,,,False,True,0,1,,,,,,,,,
BraTS-GLI-02984-101,0,variational_spline,absent,5,0,16574,,,,False,True,0,1,,,,,,,,,
BraTS-GLI-02985-101,1,otsu_T1c,absent,0,0,0,,,,True,False,0,0,,,,,,,,,
BraTS-GLI-02985-101,1,otsu_T1c,absent,1,0,553928,,,,False,True,0,1,,,,,,,,,
BraTS-GLI-02985-101,1,otsu_T1c,absent,2,0,553928,,,,False,True,0,1,,,,,,,,,
BraTS-GLI-02985-101,1,otsu_T1c,absent,3,0,553928,,,,False,True,0,1,,,,,,,,,
BraTS-GLI-02985-101,1,otsu_T1c,absent,4,0,553928,,,,False,True,0,1,,,,,,,,,
BraTS-GLI-02985-101,1,otsu_T1c,absent,5,0,553928,,,,False,True,0,1,,,,,,,,,
BraTS-GLI-02985-101,1,gmm_T1c,absent,0,0,0,,,,True,False,0,0,,,,,,,,,
BraTS-GLI-02985-101,1,gmm_T1c,absent,1,0,1033716,,,,False,True,0,1,,,,,,,,,
BraTS-GLI-02985-101,1,gmm_T1c,absent,2,0,1033716,,,,False,True,0,1,,,,,,,,,
BraTS-GLI-02985-101,1,gmm_T1c,absent,3,0,1033716,,,,False,True,0,1,,,,,,,,,
BraTS-GLI-02985-101,1,gmm_T1c,absent,4,0,1033716,,,,False,True,0,1,,,,,,,,,
BraTS-GLI-02985-101,1,gmm_T1c,absent,5,0,1033716,,,,False,True,0,1,,,,,,,,,
BraTS-GLI-02985-101,1,sustraccion,absent,0,0,0,,,,True,False,0,0,,,,,,,,,
BraTS-GLI-02985-101,1,sustraccion,absent,1,0,3440,,,,False,False,0,1,,,,,,,,,
BraTS-GLI-02985-101,1,sustraccion,absent,2,0,6256,,,,False,False,0,2,,,,,,,,,
BraTS-GLI-02985-101,1,sustraccion,absent,3,0,8667,,,,False,False,0,3,,,,,,,,,
BraTS-GLI-02985-101,1,sustraccion,absent,4,0,8962,,,,False,False,0,4,,,,,,,,,
BraTS-GLI-02985-101,1,sustraccion,absent,5,0,9149,,,,False,False,0,5,,,,,,,,,
BraTS-GLI-02985-101,1,gmm_2d,absent,0,0,0,,,,True,False,0,0,,,,,,,,,
BraTS-GLI-02985-101,1,gmm_2d,absent,1,0,43660,,,,False,True,0,1,,,,,,,,,
BraTS-GLI-02985-101,1,gmm_2d,absent,2,0,58298,,,,False,True,0,2,,,,,,,,,
BraTS-GLI-02985-101,1,gmm_2d,absent,3,0,59376,,,,False,True,0,3,,,,,,,,,
BraTS-GLI-02985-101,1,gmm_2d,absent,4,0,60223,,,,False,True,0,4,,,,,,,,,
BraTS-GLI-02985-101,1,gmm_2d,absent,5,0,61034,,,,False,True,0,5,,,,,,,,,
BraTS-GLI-02985-101,1,variational_spline,absent,0,0,0,,,,True,False,0,0,,,,,,,,,
BraTS-GLI-02985-101,1,variational_spline,absent,1,0,29469,,,,False,True,0,1,,,,,,,,,
BraTS-GLI-02985-101,1,variational_spline,absent,2,0,29469,,,,False,True,0,1,,,,,,,,,
BraTS-GLI-02985-101,1,variational_spline,absent,3,0,29469,,,,False,True,0,1,,,,,,,,,
BraTS-GLI-02985-101,1,variational_spline,absent,4,0,29469,,,,False,True,0,1,,,,,,,,,
BraTS-GLI-02985-101,1,variational_spline,absent,5,0,29469,,,,False,True,0,1,,,,,,,,,
BraTS-GLI-02992-101,0,otsu_T1c,absent,0,0,0,,,,True,False,0,0,,,,,,,,,
BraTS-GLI-02992-101,0,otsu_T1c,absent,1,0,10295,,,,False,True,0,1,,,,,,,,,
BraTS-GLI-02992-101,0,otsu_T1c,absent,2,0,10295,,,,False,True,0,1,,,,,,,,,
BraTS-GLI-02992-101,0,otsu_T1c,absent,3,0,10295,,,,False,True,0,1,,,,,,,,,
BraTS-GLI-02992-101,0,otsu_T1c,absent,4,0,10295,,,,False,True,0,1,,,,,,,,,
BraTS-GLI-02992-101,0,otsu_T1c,absent,5,0,10295,,,,False,True,0,1,,,,,,,,,
BraTS-GLI-02992-101,0,gmm_T1c,absent,0,0,0,,,,True,False,0,0,,,,,,,,,
BraTS-GLI-02992-101,0,gmm_T1c,absent,1,0,11004,,,,False,True,0,1,,,,,,,,,
BraTS-GLI-02992-101,0,gmm_T1c,absent,2,0,11004,,,,False,True,0,1,,,,,,,,,
BraTS-GLI-02992-101,0,gmm_T1c,absent,3,0,11004,,,,False,True,0,1,,,,,,,,,
BraTS-GLI-02992-101,0,gmm_T1c,absent,4,0,11004,,,,False,True,0,1,,,,,,,,,
BraTS-GLI-02992-101,0,gmm_T1c,absent,5,0,11004,,,,False,True,0,1,,,,,,,,,
BraTS-GLI-02992-101,0,sustraccion,absent,0,0,0,,,,True,False,0,0,,,,,,,,,
BraTS-GLI-02992-101,0,sustraccion,absent,1,0,92,,,,False,False,0,1,,,,,,,,,
BraTS-GLI-02992-101,0,sustraccion,absent,2,0,159,,,,False,False,0,2,,,,,,,,,
BraTS-GLI-02992-101,0,sustraccion,absent,3,0,182,,,,False,False,0,3,,,,,,,,,
BraTS-GLI-02992-101,0,sustraccion,absent,4,0,204,,,,False,False,0,4,,,,,,,,,
BraTS-GLI-02992-101,0,sustraccion,absent,5,0,3220,,,,False,False,0,5,,,,,,,,,
BraTS-GLI-02992-101,0,gmm_2d,absent,0,0,0,,,,True,False,0,0,,,,,,,,,
BraTS-GLI-02992-101,0,gmm_2d,absent,1,0,16219,,,,False,True,0,1,,,,,,,,,
BraTS-GLI-02992-101,0,gmm_2d,absent,2,0,17670,,,,False,True,0,2,,,,,,,,,
BraTS-GLI-02992-101,0,gmm_2d,absent,3,0,18995,,,,False,True,0,3,,,,,,,,,
BraTS-GLI-02992-101,0,gmm_2d,absent,4,0,20039,,,,False,True,0,4,,,,,,,,,
BraTS-GLI-02992-101,0,gmm_2d,absent,5,0,20291,,,,False,True,0,5,,,,,,,,,
BraTS-GLI-02992-101,0,variational_spline,absent,0,0,0,,,,True,False,0,0,,,,,,,,,
BraTS-GLI-02992-101,0,variational_spline,absent,1,0,11005,,,,False,True,0,1,,,,,,,,,
BraTS-GLI-02992-101,0,variational_spline,absent,2,0,11005,,,,False,True,0,1,,,,,,,,,
BraTS-GLI-02992-101,0,variational_spline,absent,3,0,11005,,,,False,True,0,1,,,,,,,,,
BraTS-GLI-02992-101,0,variational_spline,absent,4,0,11005,,,,False,True,0,1,,,,,,,,,
BraTS-GLI-02992-101,0,variational_spline,absent,5,0,11005,,,,False,True,0,1,,,,,,,,,
BraTS-GLI-02996-101,0,otsu_T1c,large,0,18701,0,0.0,0.0,0.0,,False,2,0,0.0,0.0,2.0,0.0,0.0,0.0,0.0,0.0,0.0
BraTS-GLI-02996-101,0,otsu_T1c,large,1,18701,11907,0.0,0.0,0.6367039195764932,,True,2,1,0.0,0.0,2.0,1.0,0.0,0.0,0.0,0.0,0.0
BraTS-GLI-02996-101,0,otsu_T1c,large,2,18701,11907,0.0,0.0,0.6367039195764932,,True,2,1,0.0,0.0,2.0,1.0,0.0,0.0,0.0,0.0,0.0
BraTS-GLI-02996-101,0,otsu_T1c,large,3,18701,11907,0.0,0.0,0.6367039195764932,,True,2,1,0.0,0.0,2.0,1.0,0.0,0.0,0.0,0.0,0.0
BraTS-GLI-02996-101,0,otsu_T1c,large,4,18701,11907,0.0,0.0,0.6367039195764932,,True,2,1,0.0,0.0,2.0,1.0,0.0,0.0,0.0,0.0,0.0
BraTS-GLI-02996-101,0,otsu_T1c,large,5,18701,11907,0.0,0.0,0.6367039195764932,,True,2,1,0.0,0.0,2.0,1.0,0.0,0.0,0.0,0.0,0.0
BraTS-GLI-02996-101,0,gmm_T1c,large,0,18701,0,0.0,0.0,0.0,,False,2,0,0.0,0.0,2.0,0.0,0.0,0.0,0.0,0.0,0.0
BraTS-GLI-02996-101,0,gmm_T1c,large,1,18701,12893,0.0,0.0,0.689428372814288,,True,2,1,0.0,0.0,2.0,1.0,0.0,0.0,0.0,0.0,0.0
BraTS-GLI-02996-101,0,gmm_T1c,large,2,18701,12893,0.0,0.0,0.689428372814288,,True,2,1,0.0,0.0,2.0,1.0,0.0,0.0,0.0,0.0,0.0
BraTS-GLI-02996-101,0,gmm_T1c,large,3,18701,12893,0.0,0.0,0.689428372814288,,True,2,1,0.0,0.0,2.0,1.0,0.0,0.0,0.0,0.0,0.0
BraTS-GLI-02996-101,0,gmm_T1c,large,4,18701,12893,0.0,0.0,0.689428372814288,,True,2,1,0.0,0.0,2.0,1.0,0.0,0.0,0.0,0.0,0.0
BraTS-GLI-02996-101,0,gmm_T1c,large,5,18701,12893,0.0,0.0,0.689428372814288,,True,2,1,0.0,0.0,2.0,1.0,0.0,0.0,0.0,0.0,0.0
BraTS-GLI-02996-101,0,sustraccion,large,0,18701,0,0.0,0.0,0.0,,False,2,0,0.0,0.0,2.0,0.0,0.0,0.0,0.0,0.0,0.0
BraTS-GLI-02996-101,0,sustraccion,large,1,18701,98373,0.2476211626834309,0.1413057253433938,5.260306935457997,,True,2,1,1.0,1.0,1.0,0.0,0.2475585043430328,0.1237792521715164,0.1237792521715164,0.5,0.5
BraTS-GLI-02996-101,0,sustraccion,large,2,18701,99174,0.2459384941675503,0.1402108725091894,5.303138869579167,,True,2,2,1.0,1.0,1.0,1.0,0.2475585043430328,0.0825195014476776,0.1237792521715164,0.5,0.5
BraTS-GLI-02996-101,0,sustraccion,large,3,18701,99235,0.2458112874779541,0.1401281890159608,5.306400727233838,,True,2,3,1.0,1.0,1.0,2.0,0.2475585043430328,0.0618896260857582,0.1237792521715164,0.5,0.5
BraTS-GLI-02996-101,0,sustraccion,large,4,18701,99265,0.2457487750707831,0.1400875607658184,5.30800491952302,,True,2,4,1.0,1.0,1.0,3.0,0.2475585043430328,0.0495117008686065,0.1237792521715164,0.5,0.5
BraTS-GLI-02996-101,0,sustraccion,large,5,18701,99282,0.2457133654848579,0.1400645485466914,5.308913961820224,,True,2,5,1.0,1.0,1.0,4.0,0.2475585043430328,0.0412597507238388,0.1237792521715164,0.5,0.5
BraTS-GLI-02996-101,0,gmm_2d,large,0,18701,0,0.0,0.0,0.0,,False,2,0,0.0,0.0,2.0,0.0,0.0,0.0,0.0,0.0,0.0
BraTS-GLI-02996-101,0,gmm_2d,large,1,18701,131678,0.2252043170921471,0.1268902777153305,7.041227741831988,,True,2,1,1.0,1.0,1.0,0.0,0.225150316953659,0.1125751584768295,0.1125751584768295,0.5,0.5
BraTS-GLI-02996-101,0,gmm_2d,large,2,18701,135405,0.2197578290267737,0.1234426599986877,7.240521897224747,,True,2,2,1.0,1.0,1.0,1.0,0.225150316953659,0.0750501081347465,0.1125751584768295,0.5,0.5
BraTS-GLI-02996-101,0,gmm_2d,large,3,18701,136429,0.2183072261973828,0.122527985412129,7.295278327362173,,True,2,3,1.0,1.0,1.0,2.0,0.225150316953659,0.0562875792384147,0.1125751584768295,0.5,0.5
BraTS-GLI-02996-101,0,gmm_2d,large,4,18701,137137,0.2173154172923163,0.1219034591987329,7.333137265386878,,True,2,4,1.0,1.0,1.0,3.0,0.225150316953659,0.0450300648808479,0.1125751584768295,0.5,0.5
BraTS-GLI-02996-101,0,gmm_2d,large,5,18701,137271,0.2171287154104582,0.1217859737196038,7.340302657611892,,True,2,5,1.0,1.0,1.0,4.0,0.225150316953659,0.0375250540673732,0.1125751584768295,0.5,0.5
BraTS-GLI-02996-101,0,variational_spline,large,0,18701,0,0.0,0.0,0.0,,False,2,0,0.0,0.0,2.0,0.0,0.0,0.0,0.0,0.0,0.0
BraTS-GLI-02996-101,0,variational_spline,large,1,18701,12893,0.0,0.0,0.689428372814288,,True,2,1,0.0,0.0,2.0,1.0,0.0,0.0,0.0,0.0,0.0
BraTS-GLI-02996-101,0,variational_spline,large,2,18701,12893,0.0,0.0,0.689428372814288,,True,2,1,0.0,0.0,2.0,1.0,0.0,0.0,0.0,0.0,0.0
BraTS-GLI-02996-101,0,variational_spline,large,3,18701,12893,0.0,0.0,0.689428372814288,,True,2,1,0.0,0.0,2.0,1.0,0.0,0.0,0.0,0.0,0.0
BraTS-GLI-02996-101,0,variational_spline,large,4,18701,12893,0.0,0.0,0.689428372814288,,True,2,1,0.0,0.0,2.0,1.0,0.0,0.0,0.0,0.0,0.0
BraTS-GLI-02996-101,0,variational_spline,large,5,18701,12893,0.0,0.0,0.689428372814288,,True,2,1,0.0,0.0,2.0,1.0,0.0,0.0,0.0,0.0,0.0
BraTS-GLI-03009-100,2,otsu_T1c,large,0,11130,0,0.0,0.0,0.0,,False,5,0,0.0,0.0,5.0,0.0,0.0,0.0,0.0,0.0,0.0
BraTS-GLI-03009-100,2,otsu_T1c,large,1,11130,21831,0.238827705470101,0.1356072351421188,1.961455525606469,,True,5,1,1.0,1.0,4.0,0.0,0.2396055310964584,0.0479211062192916,0.0,0.2,0.2
BraTS-GLI-03009-100,2,otsu_T1c,large,2,11130,21831,0.238827705470101,0.1356072351421188,1.961455525606469,,True,5,1,1.0,1.0,4.0,0.0,0.2396055310964584,0.0479211062192916,0.0,0.2,0.2
BraTS-GLI-03009-100,2,otsu_T1c,large,3,11130,21831,0.238827705470101,0.1356072351421188,1.961455525606469,,True,5,1,1.0,1.0,4.0,0.0,0.2396055310964584,0.0479211062192916,0.0,0.2,0.2
BraTS-GLI-03009-100,2,otsu_T1c,large,4,11130,21831,0.238827705470101,0.1356072351421188,1.961455525606469,,True,5,1,1.0,1.0,4.0,0.0,0.2396055310964584,0.0479211062192916,0.0,0.2,0.2
BraTS-GLI-03009-100,2,otsu_T1c,large,5,11130,21831,0.238827705470101,0.1356072351421188,1.961455525606469,,True,5,1,1.0,1.0,4.0,0.0,0.2396055310964584,0.0479211062192916,0.0,0.2,0.2
BraTS-GLI-03009-100,2,gmm_T1c,large,0,11130,0,0.0,0.0,0.0,,False,5,0,0.0,0.0,5.0,0.0,0.0,0.0,0.0,0.0,0.0
BraTS-GLI-03009-100,2,gmm_T1c,large,1,11130,34501,0.292125966996121,0.171046553405533,3.0998203054806828,,True,5,1,1.0,1.0,4.0,0.0,0.2928125858306885,0.0585625171661376,0.0,0.2,0.2
BraTS-GLI-03009-100,2,gmm_T1c,large,2,11130,34501,0.292125966996121,0.171046553405533,3.0998203054806828,,True,5,1,1.0,1.0,4.0,0.0,0.2928125858306885,0.0585625171661376,0.0,0.2,0.2
BraTS-GLI-03009-100,2,gmm_T1c,large,3,11130,34501,0.292125966996121,0.171046553405533,3.0998203054806828,,True,5,1,1.0,1.0,4.0,0.0,0.2928125858306885,0.0585625171661376,0.0,0.2,0.2
BraTS-GLI-03009-100,2,gmm_T1c,large,4,11130,34501,0.292125966996121,0.171046553405533,3.0998203054806828,,True,5,1,1.0,1.0,4.0,0.0,0.2928125858306885,0.0585625171661376,0.0,0.2,0.2
BraTS-GLI-03009-100,2,gmm_T1c,large,5,11130,34501,0.292125966996121,0.171046553405533,3.0998203054806828,,True,5,1,1.0,1.0,4.0,0.0,0.2928125858306885,0.0585625171661376,0.0,0.2,0.2
BraTS-GLI-03009-100,2,sustraccion,large,0,11130,0,0.0,0.0,0.0,,False,5,0,0.0,0.0,5.0,0.0,0.0,0.0,0.0,0.0,0.0
BraTS-GLI-03009-100,2,sustraccion,large,1,11130,85131,0.1982111135350765,0.1100079565503165,7.648787061994609,,True,5,1,1.0,1.0,4.0,0.0,0.1967468857765197,0.0393493771553039,0.0,0.2,0.2
BraTS-GLI-03009-100,2,sustraccion,large,2,11130,86325,0.1957826689241188,0.108513905476881,7.756064690026954,,True,5,2,1.0,1.0,4.0,1.0,0.1967468857765197,0.0327911488711833,0.0,0.2,0.2
BraTS-GLI-03009-100,2,sustraccion,large,3,11130,86983,0.1944696421473199,0.1077077664751109,7.8151841868823,,True,5,3,1.0,1.0,4.0,2.0,0.1967468857765197,0.0281066987663507,0.0,0.2,0.2
BraTS-GLI-03009-100,2,sustraccion,large,4,11130,87258,0.1939260885473838,0.1073743922204213,7.83989218328841,,True,5,4,1.0,1.0,4.0,3.0,0.1967468857765197,0.0245933607220649,0.0,0.2,0.2
BraTS-GLI-03009-100,2,sustraccion,large,5,11130,87454,0.1935405339608861,0.1071380441130227,7.857502246181491,,True,5,5,1.0,1.0,4.0,4.0,0.1967468857765197,0.0218607652932405,0.0,0.2,0.2
BraTS-GLI-03009-100,2,gmm_2d,large,0,11130,0,0.0,0.0,0.0,,False,5,0,0.0,0.0,5.0,0.0,0.0,0.0,0.0,0.0,0.0
BraTS-GLI-03009-100,2,gmm_2d,large,1,11130,174273,0.0970534457371239,0.0510016666099792,15.657951482479785,,True,5,1,1.0,1.0,4.0,0.0,0.0961380675435066,0.0192276127636432,0.0,0.2,0.0
BraTS-GLI-03009-100,2,gmm_2d,large,2,11130,175694,0.0963152485762,0.0505941167539237,15.785624438454628,,True,5,2,1.0,1.0,4.0,1.0,0.0961380675435066,0.0160230118781328,0.0,0.2,0.0
BraTS-GLI-03009-100,2,gmm_2d,large,3,11130,176532,0.0958851552258848,0.0503568130299722,15.860916442048518,,True,5,3,1.0,1.0,4.0,2.0,0.0961380675435066,0.0137340100482106,0.0,0.2,0.0
BraTS-GLI-03009-100,2,gmm_2d,large,4,11130,177078,0.0956069880132619,0.0502033915328858,15.909973045822102,,True,5,4,1.0,1.0,4.0,3.0,0.0961380675435066,0.0120172584429383,0.0,0.2,0.0
BraTS-GLI-03009-100,2,gmm_2d,large,5,11130,177217,0.0955364300997626,0.0501644828547532,15.922461814914644,,True,5,5,1.0,1.0,4.0,4.0,0.0961380675435066,0.0106820072978734,0.0,0.2,0.0
BraTS-GLI-03009-100,2,variational_spline,large,0,11130,0,0.0,0.0,0.0,,False,5,0,0.0,0.0,5.0,0.0,0.0,0.0,0.0,0.0,0.0
BraTS-GLI-03009-100,2,variational_spline,large,1,11130,34552,0.2922814237555273,0.1711531559247295,3.10440251572327,,True,5,1,1.0,1.0,4.0,0.0,0.2929676473140716,0.0585935302078723,0.0,0.2,0.2
BraTS-GLI-03009-100,2,variational_spline,large,2,11130,34552,0.2922814237555273,0.1711531559247295,3.10440251572327,,True,5,1,1.0,1.0,4.0,0.0,0.2929676473140716,0.0585935302078723,0.0,0.2,0.2
BraTS-GLI-03009-100,2,variational_spline,large,3,11130,34552,0.2922814237555273,0.1711531559247295,3.10440251572327,,True,5,1,1.0,1.0,4.0,0.0,0.2929676473140716,0.0585935302078723,0.0,0.2,0.2
BraTS-GLI-03009-100,2,variational_spline,large,4,11130,34552,0.2922814237555273,0.1711531559247295,3.10440251572327,,True,5,1,1.0,1.0,4.0,0.0,0.2929676473140716,0.0585935302078723,0.0,0.2,0.2
BraTS-GLI-03009-100,2,variational_spline,large,5,11130,34552,0.2922814237555273,0.1711531559247295,3.10440251572327,,True,5,1,1.0,1.0,4.0,0.0,0.2929676473140716,0.0585935302078723,0.0,0.2,0.2
BraTS-GLI-03010-100,3,otsu_T1c,absent,0,0,0,,,,True,False,0,0,,,,,,,,,
BraTS-GLI-03010-100,3,otsu_T1c,absent,1,0,17138,,,,False,True,0,1,,,,,,,,,
BraTS-GLI-03010-100,3,otsu_T1c,absent,2,0,17138,,,,False,True,0,1,,,,,,,,,
BraTS-GLI-03010-100,3,otsu_T1c,absent,3,0,17138,,,,False,True,0,1,,,,,,,,,
BraTS-GLI-03010-100,3,otsu_T1c,absent,4,0,17138,,,,False,True,0,1,,,,,,,,,
BraTS-GLI-03010-100,3,otsu_T1c,absent,5,0,17138,,,,False,True,0,1,,,,,,,,,
BraTS-GLI-03010-100,3,gmm_T1c,absent,0,0,0,,,,True,False,0,0,,,,,,,,,
BraTS-GLI-03010-100,3,gmm_T1c,absent,1,0,21903,,,,False,True,0,1,,,,,,,,,
BraTS-GLI-03010-100,3,gmm_T1c,absent,2,0,21903,,,,False,True,0,1,,,,,,,,,
BraTS-GLI-03010-100,3,gmm_T1c,absent,3,0,21903,,,,False,True,0,1,,,,,,,,,
BraTS-GLI-03010-100,3,gmm_T1c,absent,4,0,21903,,,,False,True,0,1,,,,,,,,,
BraTS-GLI-03010-100,3,gmm_T1c,absent,5,0,21903,,,,False,True,0,1,,,,,,,,,
BraTS-GLI-03010-100,3,sustraccion,absent,0,0,0,,,,True,False,0,0,,,,,,,,,
BraTS-GLI-03010-100,3,sustraccion,absent,1,0,75076,,,,False,True,0,1,,,,,,,,,
BraTS-GLI-03010-100,3,sustraccion,absent,2,0,76309,,,,False,True,0,2,,,,,,,,,
BraTS-GLI-03010-100,3,sustraccion,absent,3,0,76878,,,,False,True,0,3,,,,,,,,,
BraTS-GLI-03010-100,3,sustraccion,absent,4,0,77060,,,,False,True,0,4,,,,,,,,,
BraTS-GLI-03010-100,3,sustraccion,absent,5,0,77085,,,,False,True,0,5,,,,,,,,,
BraTS-GLI-03010-100,3,gmm_2d,absent,0,0,0,,,,True,False,0,0,,,,,,,,,
BraTS-GLI-03010-100,3,gmm_2d,absent,1,0,139313,,,,False,True,0,1,,,,,,,,,
BraTS-GLI-03010-100,3,gmm_2d,absent,2,0,146457,,,,False,True,0,2,,,,,,,,,
BraTS-GLI-03010-100,3,gmm_2d,absent,3,0,146600,,,,False,True,0,3,,,,,,,,,
BraTS-GLI-03010-100,3,gmm_2d,absent,4,0,146625,,,,False,True,0,4,,,,,,,,,
BraTS-GLI-03010-100,3,gmm_2d,absent,5,0,146908,,,,False,True,0,5,,,,,,,,,
BraTS-GLI-03010-100,3,variational_spline,absent,0,0,0,,,,True,False,0,0,,,,,,,,,
BraTS-GLI-03010-100,3,variational_spline,absent,1,0,21903,,,,False,True,0,1,,,,,,,,,
BraTS-GLI-03010-100,3,variational_spline,absent,2,0,21903,,,,False,True,0,1,,,,,,,,,
BraTS-GLI-03010-100,3,variational_spline,absent,3,0,21903,,,,False,True,0,1,,,,,,,,,
BraTS-GLI-03010-100,3,variational_spline,absent,4,0,21903,,,,False,True,0,1,,,,,,,,,
BraTS-GLI-03010-100,3,variational_spline,absent,5,0,21903,,,,False,True,0,1,,,,,,,,,
BraTS-GLI-03019-101,4,otsu_T1c,large,0,36755,0,0.0,0.0,0.0,,False,21,0,0.0,0.0,21.0,0.0,0.0,0.0,0.0,0.0,0.0
BraTS-GLI-03019-101,4,otsu_T1c,large,1,36755,15827,0.0007226807652808,0.0003614709967087,0.4306080805332608,,True,21,1,1.0,1.0,20.0,0.0,0.0023980815894901,0.000114194364869,0.0,0.0476190476190476,0.0
BraTS-GLI-03019-101,4,otsu_T1c,large,2,36755,15827,0.0007226807652808,0.0003614709967087,0.4306080805332608,,True,21,1,1.0,1.0,20.0,0.0,0.0023980815894901,0.000114194364869,0.0,0.0476190476190476,0.0
BraTS-GLI-03019-101,4,otsu_T1c,large,3,36755,15827,0.0007226807652808,0.0003614709967087,0.4306080805332608,,True,21,1,1.0,1.0,20.0,0.0,0.0023980815894901,0.000114194364869,0.0,0.0476190476190476,0.0
BraTS-GLI-03019-101,4,otsu_T1c,large,4,36755,15827,0.0007226807652808,0.0003614709967087,0.4306080805332608,,True,21,1,1.0,1.0,20.0,0.0,0.0023980815894901,0.000114194364869,0.0,0.0476190476190476,0.0
BraTS-GLI-03019-101,4,otsu_T1c,large,5,36755,15827,0.0007226807652808,0.0003614709967087,0.4306080805332608,,True,21,1,1.0,1.0,20.0,0.0,0.0023980815894901,0.000114194364869,0.0,0.0476190476190476,0.0
BraTS-GLI-03019-101,4,gmm_T1c,large,0,36755,0,0.0,0.0,0.0,,False,21,0,0.0,0.0,21.0,0.0,0.0,0.0,0.0,0.0,0.0
BraTS-GLI-03019-101,4,gmm_T1c,large,1,36755,17405,0.0038404726735598,0.0019239307384934,0.4735410148279145,,True,21,1,1.0,1.0,20.0,0.0,0.00971095636487,0.0004624264838639,0.0,0.0476190476190476,0.0
BraTS-GLI-03019-101,4,gmm_T1c,large,2,36755,17405,0.0038404726735598,0.0019239307384934,0.4735410148279145,,True,21,1,1.0,1.0,20.0,0.0,0.00971095636487,0.0004624264838639,0.0,0.0476190476190476,0.0
BraTS-GLI-03019-101,4,gmm_T1c,large,3,36755,17405,0.0038404726735598,0.0019239307384934,0.4735410148279145,,True,21,1,1.0,1.0,20.0,0.0,0.00971095636487,0.0004624264838639,0.0,0.0476190476190476,0.0
BraTS-GLI-03019-101,4,gmm_T1c,large,4,36755,17405,0.0038404726735598,0.0019239307384934,0.4735410148279145,,True,21,1,1.0,1.0,20.0,0.0,0.00971095636487,0.0004624264838639,0.0,0.0476190476190476,0.0
BraTS-GLI-03019-101,4,gmm_T1c,large,5,36755,17405,0.0038404726735598,0.0019239307384934,0.4735410148279145,,True,21,1,1.0,1.0,20.0,0.0,0.00971095636487,0.0004624264838639,0.0,0.0476190476190476,0.0
BraTS-GLI-03019-101,4,sustraccion,large,0,36755,0,0.0,0.0,0.0,,False,21,0,0.0,0.0,21.0,0.0,0.0,0.0,0.0,0.0,0.0
BraTS-GLI-03019-101,4,sustraccion,large,1,36755,35334,0.0350677634590575,0.0178468055065301,0.9613385933886546,,True,21,1,1.0,1.0,20.0,0.0,0.0409289002418518,0.0019489952828735,0.0,0.0476190476190476,0.0
BraTS-GLI-03019-101,4,sustraccion,large,2,36755,42421,0.0338233808224714,0.0172026157225997,1.1541558971568493,,True,21,2,2.0,2.0,19.0,0.0,0.061817355453968,0.0029436836484819,0.0,0.0952380952380952,0.0
BraTS-GLI-03019-101,4,sustraccion,large,3,36755,48061,0.1271694019996227,0.0679022449416415,1.3076044075635969,,True,21,3,3.0,3.0,18.0,0.0,0.6554246544837952,0.0312106981873512,0.0,0.1428571428571428,0.0476190476190476
BraTS-GLI-03019-101,4,sustraccion,large,4,36755,49470,0.1250913308205277,0.0667186262866191,1.3459393279825873,,True,21,4,3.0,3.0,18.0,1.0,0.6554246544837952,0.0297920294106006,0.0,0.1428571428571428,0.0476190476190476
BraTS-GLI-03019-101,4,sustraccion,large,5,36755,49804,0.1246086484363266,0.0664440775694256,1.3550265270031288,,True,21,5,3.0,3.0,18.0,2.0,0.6554246544837952,0.0284967236220836,0.0,0.1428571428571428,0.0476190476190476
BraTS-GLI-03019-101,4,gmm_2d,large,0,36755,0,0.0,0.0,0.0,,False,21,0,0.0,0.0,21.0,0.0,0.0,0.0,0.0,0.0,0.0
BraTS-GLI-03019-101,4,gmm_2d,large,1,36755,202604,0.2753687974966473,0.15966822187662,5.512284042987349,,True,21,1,1.0,1.0,20.0,0.0,0.088220864534378,0.0042009935714304,0.0,0.0476190476190476,0.0
BraTS-GLI-03019-101,4,gmm_2d,large,2,36755,205297,0.2723051245186985,0.1576118146688602,5.585552985988301,,True,21,2,1.0,1.0,20.0,1.0,0.088220864534378,0.0040100393816828,0.0,0.0476190476190476,0.0
BraTS-GLI-03019-101,4,gmm_2d,large,3,36755,205403,0.2721859281956408,0.1575319547614267,5.588436947354102,,True,21,3,1.0,1.0,20.0,2.0,0.088220864534378,0.0038356897421181,0.0,0.0476190476190476,0.0
BraTS-GLI-03019-101,4,gmm_2d,large,4,36755,205428,0.2721578310616352,0.1575131316703867,5.589117126921507,,True,21,4,1.0,1.0,20.0,3.0,0.088220864534378,0.0036758694332093,0.0,0.0476190476190476,0.0
BraTS-GLI-03019-101,4,gmm_2d,large,5,36755,205453,0.2721297397278372,0.1574943130770554,5.589797306488913,,True,21,5,1.0,1.0,20.0,4.0,0.088220864534378,0.0035288345534354,0.0,0.0476190476190476,0.0
BraTS-GLI-03019-101,4,variational_spline,large,0,36755,0,0.0,0.0,0.0,,False,21,0,0.0,0.0,21.0,0.0,0.0,0.0,0.0,0.0,0.0
BraTS-GLI-03019-101,4,variational_spline,large,1,36755,17405,0.0038404726735598,0.0019239307384934,0.4735410148279145,,True,21,1,1.0,1.0,20.0,0.0,0.00971095636487,0.0004624264838639,0.0,0.0476190476190476,0.0
BraTS-GLI-03019-101,4,variational_spline,large,2,36755,17405,0.0038404726735598,0.0019239307384934,0.4735410148279145,,True,21,1,1.0,1.0,20.0,0.0,0.00971095636487,0.0004624264838639,0.0,0.0476190476190476,0.0
BraTS-GLI-03019-101,4,variational_spline,large,3,36755,17405,0.0038404726735598,0.0019239307384934,0.4735410148279145,,True,21,1,1.0,1.0,20.0,0.0,0.00971095636487,0.0004624264838639,0.0,0.0476190476190476,0.0
BraTS-GLI-03019-101,4,variational_spline,large,4,36755,17405,0.0038404726735598,0.0019239307384934,0.4735410148279145,,True,21,1,1.0,1.0,20.0,0.0,0.00971095636487,0.0004624264838639,0.0,0.0476190476190476,0.0
BraTS-GLI-03019-101,4,variational_spline,large,5,36755,17405,0.0038404726735598,0.0019239307384934,0.4735410148279145,,True,21,1,1.0,1.0,20.0,0.0,0.00971095636487,0.0004624264838639,0.0,0.0476190476190476,0.0
BraTS-GLI-03020-100,1,otsu_T1c,large,0,13632,0,0.0,0.0,0.0,,False,2,0,0.0,0.0,2.0,0.0,0.0,0.0,0.0,0.0,0.0
BraTS-GLI-03020-100,1,otsu_T1c,large,1,13632,18977,0.0,0.0,1.3920921361502347,,True,2,1,0.0,0.0,2.0,1.0,0.0,0.0,0.0,0.0,0.0
BraTS-GLI-03020-100,1,otsu_T1c,large,2,13632,18977,0.0,0.0,1.3920921361502347,,True,2,1,0.0,0.0,2.0,1.0,0.0,0.0,0.0,0.0,0.0
BraTS-GLI-03020-100,1,otsu_T1c,large,3,13632,18977,0.0,0.0,1.3920921361502347,,True,2,1,0.0,0.0,2.0,1.0,0.0,0.0,0.0,0.0,0.0
BraTS-GLI-03020-100,1,otsu_T1c,large,4,13632,18977,0.0,0.0,1.3920921361502347,,True,2,1,0.0,0.0,2.0,1.0,0.0,0.0,0.0,0.0,0.0
BraTS-GLI-03020-100,1,otsu_T1c,large,5,13632,18977,0.0,0.0,1.3920921361502347,,True,2,1,0.0,0.0,2.0,1.0,0.0,0.0,0.0,0.0,0.0
BraTS-GLI-03020-100,1,gmm_T1c,large,0,13632,0,0.0,0.0,0.0,,False,2,0,0.0,0.0,2.0,0.0,0.0,0.0,0.0,0.0,0.0
BraTS-GLI-03020-100,1,gmm_T1c,large,1,13632,17578,0.0,0.0,1.2894659624413145,,True,2,1,0.0,0.0,2.0,1.0,0.0,0.0,0.0,0.0,0.0
BraTS-GLI-03020-100,1,gmm_T1c,large,2,13632,17578,0.0,0.0,1.2894659624413145,,True,2,1,0.0,0.0,2.0,1.0,0.0,0.0,0.0,0.0,0.0
BraTS-GLI-03020-100,1,gmm_T1c,large,3,13632,17578,0.0,0.0,1.2894659624413145,,True,2,1,0.0,0.0,2.0,1.0,0.0,0.0,0.0,0.0,0.0
BraTS-GLI-03020-100,1,gmm_T1c,large,4,13632,17578,0.0,0.0,1.2894659624413145,,True,2,1,0.0,0.0,2.0,1.0,0.0,0.0,0.0,0.0,0.0
BraTS-GLI-03020-100,1,gmm_T1c,large,5,13632,17578,0.0,0.0,1.2894659624413145,,True,2,1,0.0,0.0,2.0,1.0,0.0,0.0,0.0,0.0,0.0
BraTS-GLI-03020-100,1,sustraccion,large,0,13632,0,0.0,0.0,0.0,,False,2,0,0.0,0.0,2.0,0.0,0.0,0.0,0.0,0.0,0.0
BraTS-GLI-03020-100,1,sustraccion,large,1,13632,117628,0.2017522474478135,0.1121937993035019,8.62881455399061,,True,2,1,1.0,1.0,1.0,0.0,0.2017585337162017,0.1008792668581008,0.1008792668581008,0.5,0.5
BraTS-GLI-03020-100,1,sustraccion,large,2,13632,118805,0.1999592258960864,0.1110859424812913,8.715155516431924,,True,2,2,1.0,1.0,1.0,1.0,0.2017585337162017,0.0672528445720672,0.1008792668581008,0.5,0.5
BraTS-GLI-03020-100,1,sustraccion,large,3,13632,119864,0.1983729849583508,0.1101076878300278,8.792840375586854,,True,2,3,1.0,1.0,1.0,2.0,0.2017585337162017,0.0504396334290504,0.1008792668581008,0.5,0.5
BraTS-GLI-03020-100,1,sustraccion,large,4,13632,120154,0.1979429835707772,0.1098427972956157,8.814113849765258,,True,2,4,1.0,1.0,1.0,3.0,0.2017585337162017,0.0403517074882984,0.1008792668581008,0.5,0.5
BraTS-GLI-03020-100,1,sustraccion,large,5,13632,120426,0.1975413626937594,0.1095955039439813,8.83406690140845,,True,2,5,1.0,1.0,1.0,4.0,0.2017585337162017,0.0336264222860336,0.1008792668581008,0.5,0.5
BraTS-GLI-03020-100,1,gmm_2d,large,0,13632,0,0.0,0.0,0.0,,False,2,0,0.0,0.0,2.0,0.0,0.0,0.0,0.0,0.0,0.0
BraTS-GLI-03020-100,1,gmm_2d,large,1,13632,99995,0.1629014230772615,0.0886732073736251,7.33531396713615,,True,2,1,1.0,1.0,1.0,0.0,0.1627806723117828,0.0813903361558914,0.0813903361558914,0.5,0.5
BraTS-GLI-03020-100,1,gmm_2d,large,2,13632,112870,0.1463217972838374,0.0789359216014055,8.279782863849766,,True,2,2,1.0,1.0,1.0,1.0,0.1627806723117828,0.0542602241039276,0.0813903361558914,0.5,0.5
BraTS-GLI-03020-100,1,gmm_2d,large,3,13632,113698,0.1453702976517709,0.0783823840779165,8.340522300469484,,True,2,3,1.0,1.0,1.0,2.0,0.1627806723117828,0.0406951680779457,0.0813903361558914,0.5,0.5
BraTS-GLI-03020-100,1,gmm_2d,large,4,13632,113757,0.1453029696441608,0.078343237340647,8.344850352112676,,True,2,4,1.0,1.0,1.0,3.0,0.1627806723117828,0.0325561352074146,0.0813903361558914,0.5,0.5
BraTS-GLI-03020-100,1,gmm_2d,large,5,13632,113795,0.1452596388520486,0.0783180448837288,8.347637910798122,,True,2,5,1.0,1.0,1.0,4.0,0.1627806723117828,0.0271301120519638,0.0813903361558914,0.5,0.5
BraTS-GLI-03020-100,1,variational_spline,large,0,13632,0,0.0,0.0,0.0,,False,2,0,0.0,0.0,2.0,0.0,0.0,0.0,0.0,0.0,0.0
BraTS-GLI-03020-100,1,variational_spline,large,1,13632,17578,0.0,0.0,1.2894659624413145,,True,2,1,0.0,0.0,2.0,1.0,0.0,0.0,0.0,0.0,0.0
BraTS-GLI-03020-100,1,variational_spline,large,2,13632,17578,0.0,0.0,1.2894659624413145,,True,2,1,0.0,0.0,2.0,1.0,0.0,0.0,0.0,0.0,0.0
BraTS-GLI-03020-100,1,variational_spline,large,3,13632,17578,0.0,0.0,1.2894659624413145,,True,2,1,0.0,0.0,2.0,1.0,0.0,0.0,0.0,0.0,0.0
BraTS-GLI-03020-100,1,variational_spline,large,4,13632,17578,0.0,0.0,1.2894659624413145,,True,2,1,0.0,0.0,2.0,1.0,0.0,0.0,0.0,0.0,0.0
BraTS-GLI-03020-100,1,variational_spline,large,5,13632,17578,0.0,0.0,1.2894659624413145,,True,2,1,0.0,0.0,2.0,1.0,0.0,0.0,0.0,0.0,0.0
BraTS-GLI-03025-101,1,otsu_T1c,small,0,766,0,0.0,0.0,0.0,,False,1,0,0.0,0.0,1.0,0.0,0.0,0.0,0.0,0.0,0.0
BraTS-GLI-03025-101,1,otsu_T1c,small,1,766,11444,0.0,0.0,14.939947780678851,,True,1,1,0.0,0.0,1.0,1.0,0.0,0.0,0.0,0.0,0.0
BraTS-GLI-03025-101,1,otsu_T1c,small,2,766,11444,0.0,0.0,14.939947780678851,,True,1,1,0.0,0.0,1.0,1.0,0.0,0.0,0.0,0.0,0.0
BraTS-GLI-03025-101,1,otsu_T1c,small,3,766,11444,0.0,0.0,14.939947780678851,,True,1,1,0.0,0.0,1.0,1.0,0.0,0.0,0.0,0.0,0.0
BraTS-GLI-03025-101,1,otsu_T1c,small,4,766,11444,0.0,0.0,14.939947780678851,,True,1,1,0.0,0.0,1.0,1.0,0.0,0.0,0.0,0.0,0.0
BraTS-GLI-03025-101,1,otsu_T1c,small,5,766,11444,0.0,0.0,14.939947780678851,,True,1,1,0.0,0.0,1.0,1.0,0.0,0.0,0.0,0.0,0.0
BraTS-GLI-03025-101,1,gmm_T1c,small,0,766,0,0.0,0.0,0.0,,False,1,0,0.0,0.0,1.0,0.0,0.0,0.0,0.0,0.0,0.0
BraTS-GLI-03025-101,1,gmm_T1c,small,1,766,11656,0.0,0.0,15.216710182767624,,True,1,1,0.0,0.0,1.0,1.0,0.0,0.0,0.0,0.0,0.0
BraTS-GLI-03025-101,1,gmm_T1c,small,2,766,11656,0.0,0.0,15.216710182767624,,True,1,1,0.0,0.0,1.0,1.0,0.0,0.0,0.0,0.0,0.0
BraTS-GLI-03025-101,1,gmm_T1c,small,3,766,11656,0.0,0.0,15.216710182767624,,True,1,1,0.0,0.0,1.0,1.0,0.0,0.0,0.0,0.0,0.0
BraTS-GLI-03025-101,1,gmm_T1c,small,4,766,11656,0.0,0.0,15.216710182767624,,True,1,1,0.0,0.0,1.0,1.0,0.0,0.0,0.0,0.0,0.0
BraTS-GLI-03025-101,1,gmm_T1c,small,5,766,11656,0.0,0.0,15.216710182767624,,True,1,1,0.0,0.0,1.0,1.0,0.0,0.0,0.0,0.0,0.0
BraTS-GLI-03025-101,1,sustraccion,small,0,766,0,0.0,0.0,0.0,,False,1,0,0.0,0.0,1.0,0.0,0.0,0.0,0.0,0.0,0.0
BraTS-GLI-03025-101,1,sustraccion,small,1,766,95746,0.015625,0.0078740157480314,124.99477806788512,,True,1,1,1.0,1.0,0.0,0.0,0.0155427530407905,0.0155427530407905,0.0155427530407905,1.0,0.0
BraTS-GLI-03025-101,1,sustraccion,small,2,766,95919,0.0155970419403216,0.0078598159093515,125.2206266318538,,True,1,2,1.0,1.0,0.0,1.0,0.0155427530407905,0.0077713765203952,0.0155427530407905,1.0,0.0
BraTS-GLI-03025-101,1,sustraccion,small,3,766,95991,0.0155854356790723,0.0078539212316281,125.31462140992168,,True,1,3,1.0,1.0,0.0,2.0,0.0155427530407905,0.0051809176802635,0.0155427530407905,1.0,0.0
BraTS-GLI-03025-101,1,sustraccion,small,4,766,96027,0.0155796390234831,0.0078509772071762,125.36161879895562,,True,1,4,1.0,1.0,0.0,3.0,0.0155427530407905,0.0038856882601976,0.0155427530407905,1.0,0.0
BraTS-GLI-03025-101,1,sustraccion,small,5,766,96061,0.0155741683621303,0.007848198765522,125.40600522193212,,True,1,5,1.0,1.0,0.0,4.0,0.0155427530407905,0.0031085505615919,0.0155427530407905,1.0,0.0
BraTS-GLI-03025-101,1,gmm_2d,small,0,766,0,0.0,0.0,0.0,,False,1,0,0.0,0.0,1.0,0.0,0.0,0.0,0.0,0.0,0.0
BraTS-GLI-03025-101,1,gmm_2d,small,1,766,135453,0.0111291376386554,0.0055957065133137,176.83159268929504,,True,1,1,1.0,1.0,0.0,0.0,0.0111147817224264,0.0111147817224264,0.0111147817224264,1.0,0.0
BraTS-GLI-03025-101,1,gmm_2d,small,2,766,138856,0.01085788772543,0.0054585781772093,181.27415143603133,,True,1,2,1.0,1.0,0.0,1.0,0.0111147817224264,0.0055573908612132,0.0111147817224264,1.0,0.0
BraTS-GLI-03025-101,1,gmm_2d,small,3,766,139916,0.0107760765414196,0.0054172264943826,182.6579634464752,,True,1,3,1.0,1.0,0.0,2.0,0.0111147817224264,0.0037049271631985,0.0111147817224264,1.0,0.0
BraTS-GLI-03025-101,1,gmm_2d,small,4,766,140022,0.01076796317868,0.0054131257587659,182.7963446475196,,True,1,4,1.0,1.0,0.0,3.0,0.0111147817224264,0.0027786954306066,0.0111147817224264,1.0,0.0
BraTS-GLI-03025-101,1,gmm_2d,small,5,766,140098,0.0107621535665606,0.0054101894280045,182.89556135770235,,True,1,5,1.0,1.0,0.0,4.0,0.0111147817224264,0.0022229563910514,0.0111147817224264,1.0,0.0
BraTS-GLI-03025-101,1,variational_spline,small,0,766,0,0.0,0.0,0.0,,False,1,0,0.0,0.0,1.0,0.0,0.0,0.0,0.0,0.0,0.0
BraTS-GLI-03025-101,1,variational_spline,small,1,766,11656,0.0,0.0,15.216710182767624,,True,1,1,0.0,0.0,1.0,1.0,0.0,0.0,0.0,0.0,0.0
BraTS-GLI-03025-101,1,variational_spline,small,2,766,11656,0.0,0.0,15.216710182767624,,True,1,1,0.0,0.0,1.0,1.0,0.0,0.0,0.0,0.0,0.0
BraTS-GLI-03025-101,1,variational_spline,small,3,766,11656,0.0,0.0,15.216710182767624,,True,1,1,0.0,0.0,1.0,1.0,0.0,0.0,0.0,0.0,0.0
BraTS-GLI-03025-101,1,variational_spline,small,4,766,11656,0.0,0.0,15.216710182767624,,True,1,1,0.0,0.0,1.0,1.0,0.0,0.0,0.0,0.0,0.0
BraTS-GLI-03025-101,1,variational_spline,small,5,766,11656,0.0,0.0,15.216710182767624,,True,1,1,0.0,0.0,1.0,1.0,0.0,0.0,0.0,0.0,0.0
BraTS-GLI-03026-101,3,otsu_T1c,medium,0,4326,0,0.0,0.0,0.0,,False,4,0,0.0,0.0,4.0,0.0,0.0,0.0,0.0,0.0,0.0
BraTS-GLI-03026-101,3,otsu_T1c,medium,1,4326,16597,0.0005735315203364718,0.00028684801835827316,3.836569579288026,,True,4,1,1.0,1.0,3.0,0.0,0.0007224998553283513,0.00018062496383208781,0.0,0.25,0.0
BraTS-GLI-03026-101,3,otsu_T1c,medium,2,4326,16597,0.0005735315203364718,0.00028684801835827316,3.836569579288026,,True,4,1,1.0,1.0,3.0,0.0,0.0007224998553283513,0.00018062496383208781,0.0,0.25,0.0
BraTS-GLI-03026-101,3,otsu_T1c,medium,3,4326,16597,0.0005735315203364718,0.00028684801835827316,3.836569579288026,,True,4,1,1.0,1.0,3.0,0.0,0.0007224998553283513,0.00018062496383208781,0.0,0.25,0.0
BraTS-GLI-03026-101,3,otsu_T1c,medium,4,4326,16597,0.0005735315203364718,0.00028684801835827316,3.836569579288026,,True,4,1,1.0,1.0,3.0,0.0,0.0007224998553283513,0.00018062496383208781,0.0,0.25,0.0
BraTS-GLI-03026-101,3,otsu_T1c,medium,5,4326,16597,0.0005735315203364718,0.00028684801835827316,3.836569579288026,,True,4,1,1.0,1.0,3.0,0.0,0.0007224998553283513,0.00018062496383208781,0.0,0.25,0.0
BraTS-GLI-03026-101,3,gmm_T1c,medium,0,4326,0,0.0,0.0,0.0,,False,4,0,0.0,0.0,4.0,0.0,0.0,0.0,0.0,0.0,0.0
BraTS-GLI-03026-101,3,gmm_T1c,medium,1,4326,17735,0.0005439463306287113,0.0002720471548401723,4.099630143319463,,True,4,1,1.0,1.0,3.0,0.0,0.0006761706317774951,0.0001690426579443738,0.0,0.25,0.0
BraTS-GLI-03026-101,3,gmm_T1c,medium,2,4326,17735,0.0005439463306287113,0.0002720471548401723,4.099630143319463,,True,4,1,1.0,1.0,3.0,0.0,0.0006761706317774951,0.0001690426579443738,0.0,0.25,0.0
BraTS-GLI-03026-101,3,gmm_T1c,medium,3,4326,17735,0.0005439463306287113,0.0002720471548401723,4.099630143319463,,True,4,1,1.0,1.0,3.0,0.0,0.0006761706317774951,0.0001690426579443738,0.0,0.25,0.0
BraTS-GLI-03026-101,3,gmm_T1c,medium,4,4326,17735,0.0005439463306287113,0.0002720471548401723,4.099630143319463,,True,4,1,1.0,1.0,3.0,0.0,0.0006761706317774951,0.0001690426579443738,0.0,0.25,0.0
BraTS-GLI-03026-101,3,gmm_T1c,medium,5,4326,17735,0.0005439463306287113,0.0002720471548401723,4.099630143319463,,True,4,1,1.0,1.0,3.0,0.0,0.0006761706317774951,0.0001690426579443738,0.0,0.25,0.0
BraTS-GLI-03026-101,3,sustraccion,medium,0,4326,0,0.0,0.0,0.0,,False,4,0,0.0,0.0,4.0,0.0,0.0,0.0,0.0,0.0,0.0
BraTS-GLI-03026-101,3,sustraccion,medium,1,4326,35103,0.18970808288315708,0.10479419428955701,8.114424410540915,,True,4,1,1.0,1.0,3.0,0.0,0.1892029494047165,0.04730073735117912,0.0,0.25,0.25
BraTS-GLI-03026-101,3,sustraccion,medium,2,4326,45304,0.15071529316945395,0.08149923730660275,10.472491909385113,,True,4,2,1.0,1.0,3.0,1.0,0.1892029494047165,0.0378405898809433,0.0,0.25,0.25
BraTS-GLI-03026-101,3,sustraccion,medium,3,4326,55313,0.12542128472979092,0.0669063847296016,12.786176606564956,,True,4,3,1.0,1.0,3.0,2.0,0.1892029494047165,0.031533826142549515,0.0,0.25,0.25
BraTS-GLI-03026-101,3,sustraccion,medium,4,4326,55830,0.12434337389454087,0.06629325014180375,12.905686546463246,,True,4,4,1.0,1.0,3.0,3.0,0.1892029494047165,0.027028992772102356,0.0,0.25,0.25
BraTS-GLI-03026-101,3,sustraccion,medium,5,4326,56202,0.12357916997092255,0.06585898429245615,12.991678224687933,,True,4,5,1.0,1.0,3.0,4.0,0.1892029494047165,0.02365036867558956,0.0,0.25,0.25
BraTS-GLI-03026-101,3,gmm_2d,medium,0,4326,0,0.0,0.0,0.0,,False,4,0,0.0,0.0,4.0,0.0,0.0,0.0,0.0,0.0,0.0
BraTS-GLI-03026-101,3,gmm_2d,medium,1,4326,402128,0.004226800572758541,0.002117876206560732,92.95607951918632,,True,4,1,1.0,1.0,3.0,0.0,0.004110313951969147,0.0010275784879922867,0.0,0.25,0.0
BraTS-GLI-03026-101,3,gmm_2d,medium,2,4326,405184,0.004195257747063564,0.002102038169489369,93.66250577901063,,True,4,2,1.0,1.0,3.0,1.0,0.004110313951969147,0.0008220627787522972,0.0,0.25,0.0
BraTS-GLI-03026-101,3,gmm_2d,medium,3,4326,405315,0.004193916136324245,0.002101364541491553,93.69278779472954,,True,4,3,1.0,1.0,3.0,2.0,0.004110313951969147,0.0006850523059256375,0.0,0.25,0.0
BraTS-GLI-03026-101,3,gmm_2d,medium,4,4326,405340,0.004193660201237105,0.002101236035586475,93.69856680536292,,True,4,4,1.0,1.0,3.0,3.0,0.004110313951969147,0.0005871877074241638,0.0,0.25,0.0
BraTS-GLI-03026-101,3,gmm_2d,medium,5,4326,405365,0.004193404297385102,0.0021011075453976204,93.7043458159963,,True,4,5,1.0,1.0,3.0,4.0,0.004110313951969147,0.0005137892439961433,0.0,0.25,0.0
BraTS-GLI-03026-101,3,variational_spline,medium,0,4326,0,0.0,0.0,0.0,,False,4,0,0.0,0.0,4.0,0.0,0.0,0.0,0.0,0.0,0.0
BraTS-GLI-03026-101,3,variational_spline,medium,1,4326,17736,0.0005439216752787598,0.0002720348204570185,4.099861303744799,,True,4,1,1.0,1.0,3.0,0.0,0.0006761325057595968,0.0001690331264398992,0.0,0.25,0.0
BraTS-GLI-03026-101,3,variational_spline,medium,2,4326,17736,0.0005439216752787598,0.0002720348204570185,4.099861303744799,,True,4,1,1.0,1.0,3.0,0.0,0.0006761325057595968,0.0001690331264398992,0.0,0.25,0.0
BraTS-GLI-03026-101,3,variational_spline,medium,3,4326,17736,0.0005439216752787598,0.0002720348204570185,4.099861303744799,,True,4,1,1.0,1.0,3.0,0.0,0.0006761325057595968,0.0001690331264398992,0.0,0.25,0.0
BraTS-GLI-03026-101,3,variational_spline,medium,4,4326,17736,0.0005439216752787598,0.0002720348204570185,4.099861303744799,,True,4,1,1.0,1.0,3.0,0.0,0.0006761325057595968,0.0001690331264398992,0.0,0.25,0.0
BraTS-GLI-03026-101,3,variational_spline,medium,5,4326,17736,0.0005439216752787598,0.0002720348204570185,4.099861303744799,,True,4,1,1.0,1.0,3.0,0.0,0.0006761325057595968,0.0001690331264398992,0.0,0.25,0.0
BraTS-GLI-03027-100,1,otsu_T1c,small,0,1878,0,0.0,0.0,0.0,,False,2,0,0.0,0.0,2.0,0.0,0.0,0.0,0.0,0.0,0.0
BraTS-GLI-03027-100,1,otsu_T1c,small,1,1878,17711,0.0,0.0,9.430777422790202,,True,2,1,0.0,0.0,2.0,1.0,0.0,0.0,0.0,0.0,0.0
BraTS-GLI-03027-100,1,otsu_T1c,small,2,1878,17711,0.0,0.0,9.430777422790202,,True,2,1,0.0,0.0,2.0,1.0,0.0,0.0,0.0,0.0,0.0
BraTS-GLI-03027-100,1,otsu_T1c,small,3,1878,17711,0.0,0.0,9.430777422790202,,True,2,1,0.0,0.0,2.0,1.0,0.0,0.0,0.0,0.0,0.0
BraTS-GLI-03027-100,1,otsu_T1c,small,4,1878,17711,0.0,0.0,9.430777422790202,,True,2,1,0.0,0.0,2.0,1.0,0.0,0.0,0.0,0.0,0.0
BraTS-GLI-03027-100,1,otsu_T1c,small,5,1878,17711,0.0,0.0,9.430777422790202,,True,2,1,0.0,0.0,2.0,1.0,0.0,0.0,0.0,0.0,0.0
BraTS-GLI-03027-100,1,gmm_T1c,small,0,1878,0,0.0,0.0,0.0,,False,2,0,0.0,0.0,2.0,0.0,0.0,0.0,0.0,0.0,0.0
BraTS-GLI-03027-100,1,gmm_T1c,small,1,1878,24521,0.0,0.0,13.056975505857295,,True,2,1,0.0,0.0,2.0,1.0,0.0,0.0,0.0,0.0,0.0
BraTS-GLI-03027-100,1,gmm_T1c,small,2,1878,24521,0.0,0.0,13.056975505857295,,True,2,1,0.0,0.0,2.0,1.0,0.0,0.0,0.0,0.0,0.0
BraTS-GLI-03027-100,1,gmm_T1c,small,3,1878,24521,0.0,0.0,13.056975505857295,,True,2,1,0.0,0.0,2.0,1.0,0.0,0.0,0.0,0.0,0.0
BraTS-GLI-03027-100,1,gmm_T1c,small,4,1878,24521,0.0,0.0,13.056975505857295,,True,2,1,0.0,0.0,2.0,1.0,0.0,0.0,0.0,0.0,0.0
BraTS-GLI-03027-100,1,gmm_T1c,small,5,1878,24521,0.0,0.0,13.056975505857295,,True,2,1,0.0,0.0,2.0,1.0,0.0,0.0,0.0,0.0,0.0
BraTS-GLI-03027-100,1,sustraccion,small,0,1878,0,0.0,0.0,0.0,,False,2,0,0.0,0.0,2.0,0.0,0.0,0.0,0.0,0.0,0.0
BraTS-GLI-03027-100,1,sustraccion,small,1,1878,96143,0.031483049550606504,0.01599328344285744,51.194355697550584,,True,2,1,1.0,1.0,1.0,0.0,0.018898576498031616,0.009449288249015808,0.009449288249015808,0.5,0.0
BraTS-GLI-03027-100,1,sustraccion,small,2,1878,96732,0.03129500050704797,0.01589623662006655,51.50798722044728,,True,2,2,1.0,1.0,1.0,1.0,0.018898576498031616,0.006299525499343872,0.009449288249015808,0.5,0.0
BraTS-GLI-03027-100,1,sustraccion,small,3,1878,97249,0.031131780443269745,0.015812018363666174,51.78328008519702,,True,2,3,1.0,1.0,1.0,2.0,0.018898576498031616,0.004724644124507904,0.009449288249015808,0.5,0.0
BraTS-GLI-03027-100,1,sustraccion,small,4,1878,97416,0.031079420710214113,0.015785004756984584,51.87220447284345,,True,2,4,1.0,1.0,1.0,3.0,0.018898576498031616,0.0037797153927385807,0.009449288249015808,0.5,0.0
BraTS-GLI-03027-100,1,sustraccion,small,5,1878,97507,0.031050963425064144,0.0157703235829194,51.92066027689031,,True,2,5,1.0,1.0,1.0,4.0,0.018898576498031616,0.003149762749671936,0.009449288249015808,0.5,0.0
BraTS-GLI-03027-100,1,gmm_2d,small,0,1878,0,0.0,0.0,0.0,,False,2,0,0.0,0.0,2.0,0.0,0.0,0.0,0.0,0.0,0.0
BraTS-GLI-03027-100,1,gmm_2d,small,1,1878,104141,0.03071147624482404,0.015595214146813422,55.453141640042595,,True,2,1,1.0,1.0,1.0,0.0,0.01807057298719883,0.009035286493599415,0.009035286493599415,0.5,0.0
BraTS-GLI-03027-100,1,gmm_2d,small,2,1878,105550,0.030308671854637526,0.015387523629489603,56.20340788072417,,True,2,2,1.0,1.0,1.0,1.0,0.01807057298719883,0.0060235243290662766,0.009035286493599415,0.5,0.0
BraTS-GLI-03027-100,1,gmm_2d,small,3,1878,106125,0.03014731072285029,0.015304347826086957,56.50958466453674,,True,2,3,1.0,1.0,1.0,2.0,0.01807057298719883,0.004517643246799707,0.009035286493599415,0.5,0.0
BraTS-GLI-03027-100,1,gmm_2d,small,4,1878,106362,0.03008130081300813,0.015270326042096575,56.635782747603834,,True,2,4,1.0,1.0,1.0,3.0,0.01807057298719883,0.003614114597439766,0.009035286493599415,0.5,0.0
BraTS-GLI-03027-100,1,gmm_2d,small,5,1878,106443,0.03005880669491604,0.015258733000290554,56.67891373801917,,True,2,5,1.0,1.0,1.0,4.0,0.01807057298719883,0.0030117621645331383,0.009035286493599415,0.5,0.0
BraTS-GLI-03027-100,1,variational_spline,small,0,1878,0,0.0,0.0,0.0,,False,2,0,0.0,0.0,2.0,0.0,0.0,0.0,0.0,0.0,0.0
BraTS-GLI-03027-100,1,variational_spline,small,1,1878,24521,0.0,0.0,13.056975505857295,,True,2,1,0.0,0.0,2.0,1.0,0.0,0.0,0.0,0.0,0.0
BraTS-GLI-03027-100,1,variational_spline,small,2,1878,24521,0.0,0.0,13.056975505857295,,True,2,1,0.0,0.0,2.0,1.0,0.0,0.0,0.0,0.0,0.0
BraTS-GLI-03027-100,1,variational_spline,small,3,1878,24521,0.0,0.0,13.056975505857295,,True,2,1,0.0,0.0,2.0,1.0,0.0,0.0,0.0,0.0,0.0
BraTS-GLI-03027-100,1,variational_spline,small,4,1878,24521,0.0,0.0,13.056975505857295,,True,2,1,0.0,0.0,2.0,1.0,0.0,0.0,0.0,0.0,0.0
BraTS-GLI-03027-100,1,variational_spline,small,5,1878,24521,0.0,0.0,13.056975505857295,,True,2,1,0.0,0.0,2.0,1.0,0.0,0.0,0.0,0.0,0.0
BraTS-GLI-03027-101,3,otsu_T1c,small,0,775,0,0.0,0.0,0.0,,False,4,0,0.0,0.0,4.0,0.0,0.0,0.0,0.0,0.0,0.0
BraTS-GLI-03027-101,3,otsu_T1c,small,1,775,12409,0.0,0.0,16.011612903225807,,True,4,1,0.0,0.0,4.0,1.0,0.0,0.0,0.0,0.0,0.0
BraTS-GLI-03027-101,3,otsu_T1c,small,2,775,12409,0.0,0.0,16.011612903225807,,True,4,1,0.0,0.0,4.0,1.0,0.0,0.0,0.0,0.0,0.0
BraTS-GLI-03027-101,3,otsu_T1c,small,3,775,12409,0.0,0.0,16.011612903225807,,True,4,1,0.0,0.0,4.0,1.0,0.0,0.0,0.0,0.0,0.0
BraTS-GLI-03027-101,3,otsu_T1c,small,4,775,12409,0.0,0.0,16.011612903225807,,True,4,1,0.0,0.0,4.0,1.0,0.0,0.0,0.0,0.0,0.0
BraTS-GLI-03027-101,3,otsu_T1c,small,5,775,12409,0.0,0.0,16.011612903225807,,True,4,1,0.0,0.0,4.0,1.0,0.0,0.0,0.0,0.0,0.0
BraTS-GLI-03027-101,3,gmm_T1c,small,0,775,0,0.0,0.0,0.0,,False,4,0,0.0,0.0,4.0,0.0,0.0,0.0,0.0,0.0,0.0
BraTS-GLI-03027-101,3,gmm_T1c,small,1,775,13076,0.0,0.0,16.872258064516128,,True,4,1,0.0,0.0,4.0,1.0,0.0,0.0,0.0,0.0,0.0
BraTS-GLI-03027-101,3,gmm_T1c,small,2,775,13076,0.0,0.0,16.872258064516128,,True,4,1,0.0,0.0,4.0,1.0,0.0,0.0,0.0,0.0,0.0
BraTS-GLI-03027-101,3,gmm_T1c,small,3,775,13076,0.0,0.0,16.872258064516128,,True,4,1,0.0,0.0,4.0,1.0,0.0,0.0,0.0,0.0,0.0
BraTS-GLI-03027-101,3,gmm_T1c,small,4,775,13076,0.0,0.0,16.872258064516128,,True,4,1,0.0,0.0,4.0,1.0,0.0,0.0,0.0,0.0,0.0
BraTS-GLI-03027-101,3,gmm_T1c,small,5,775,13076,0.0,0.0,16.872258064516128,,True,4,1,0.0,0.0,4.0,1.0,0.0,0.0,0.0,0.0,0.0
BraTS-GLI-03027-101,3,sustraccion,small,0,775,0,0.0,0.0,0.0,,False,4,0,0.0,0.0,4.0,0.0,0.0,0.0,0.0,0.0,0.0
BraTS-GLI-03027-101,3,sustraccion,small,1,775,77670,0.008948945120785264,0.004494583450713243,100.21935483870968,,True,4,1,1.0,1.0,3.0,0.0,0.006665470078587532,0.001666367519646883,0.0,0.25,0.0
BraTS-GLI-03027-101,3,sustraccion,small,2,775,78213,0.008887425938117182,0.004463547693833692,100.92,,True,4,2,1.0,1.0,3.0,1.0,0.006665470078587532,0.0013330939691513777,0.0,0.25,0.0
BraTS-GLI-03027-101,3,sustraccion,small,3,775,78667,0.00883663553284157,0.004437925933418467,101.5058064516129,,True,4,3,1.0,1.0,3.0,2.0,0.006665470078587532,0.001110911718569696,0.0,0.25,0.0
BraTS-GLI-03027-101,3,sustraccion,small,4,775,79098,0.008788952462033478,0.004413872890520862,102.06193548387097,,True,4,4,1.0,1.0,3.0,3.0,0.006665470078587532,0.0009522099862806499,0.0,0.25,0.0
BraTS-GLI-03027-101,3,sustraccion,small,5,775,79210,0.008776645621053947,0.004407665067684657,102.20645161290322,,True,4,5,1.0,1.0,3.0,4.0,0.006665470078587532,0.0008331837598234415,0.0,0.25,0.0
BraTS-GLI-03027-101,3,gmm_2d,small,0,775,0,0.0,0.0,0.0,,False,4,0,0.0,0.0,4.0,0.0,0.0,0.0,0.0,0.0,0.0
BraTS-GLI-03027-101,3,gmm_2d,small,1,775,99454,0.011234273513653734,0.00564886721650312,128.32774193548386,,True,4,1,1.0,1.0,3.0,0.0,0.005471051670610905,0.0013677629176527262,0.0,0.25,0.0
BraTS-GLI-03027-101,3,gmm_2d,small,2,775,100773,0.0110883523062985,0.005575085408724068,130.02967741935484,,True,4,2,1.0,1.0,3.0,1.0,0.005471051670610905,0.0010942103108391166,0.0,0.25,0.0
BraTS-GLI-03027-101,3,gmm_2d,small,3,775,101537,0.011005551645945735,0.005533223913748538,131.01548387096773,,True,4,3,1.0,1.0,3.0,2.0,0.005471051670610905,0.0009118419256992638,0.0,0.25,0.0
BraTS-GLI-03027-101,3,gmm_2d,small,4,775,101988,0.010957251150705994,0.00550880626223092,131.5974193548387,,True,4,4,1.0,1.0,3.0,3.0,0.005471051670610905,0.0007815788267180324,0.0,0.25,0.0
BraTS-GLI-03027-101,3,gmm_2d,small,5,775,102322,0.010921753300290018,0.00549086156787017,132.0283870967742,,True,4,5,1.0,1.0,3.0,4.0,0.005471051670610905,0.0006838814588263631,0.0,0.25,0.0
BraTS-GLI-03027-101,3,variational_spline,small,0,775,0,0.0,0.0,0.0,,False,4,0,0.0,0.0,4.0,0.0,0.0,0.0,0.0,0.0,0.0
BraTS-GLI-03027-101,3,variational_spline,small,1,775,13076,0.0,0.0,16.872258064516128,,True,4,1,0.0,0.0,4.0,1.0,0.0,0.0,0.0,0.0,0.0
BraTS-GLI-03027-101,3,variational_spline,small,2,775,13076,0.0,0.0,16.872258064516128,,True,4,1,0.0,0.0,4.0,1.0,0.0,0.0,0.0,0.0,0.0
BraTS-GLI-03027-101,3,variational_spline,small,3,775,13076,0.0,0.0,16.872258064516128,,True,4,1,0.0,0.0,4.0,1.0,0.0,0.0,0.0,0.0,0.0
BraTS-GLI-03027-101,3,variational_spline,small,4,775,13076,0.0,0.0,16.872258064516128,,True,4,1,0.0,0.0,4.0,1.0,0.0,0.0,0.0,0.0,0.0
BraTS-GLI-03027-101,3,variational_spline,small,5,775,13076,0.0,0.0,16.872258064516128,,True,4,1,0.0,0.0,4.0,1.0,0.0,0.0,0.0,0.0,0.0
BraTS-GLI-03059-100,0,otsu_T1c,small,0,776,0,0.0,0.0,0.0,,False,6,0,0.0,0.0,6.0,0.0,0.0,0.0,0.0,0.0,0.0
BraTS-GLI-03059-100,0,otsu_T1c,small,1,776,511672,0.0028920007493443236,0.0014480943196008653,659.3711340206186,,True,6,1,1.0,1.0,5.0,0.0,0.0010860138572752476,0.0001810023095458746,0.0,0.16666666666666666,0.0
BraTS-GLI-03059-100,0,otsu_T1c,small,2,776,511672,0.0028920007493443236,0.0014480943196008653,659.3711340206186,,True,6,1,1.0,1.0,5.0,0.0,0.0010860138572752476,0.0001810023095458746,0.0,0.16666666666666666,0.0
BraTS-GLI-03059-100,0,otsu_T1c,small,3,776,511672,0.0028920007493443236,0.0014480943196008653,659.3711340206186,,True,6,1,1.0,1.0,5.0,0.0,0.0010860138572752476,0.0001810023095458746,0.0,0.16666666666666666,0.0
BraTS-GLI-03059-100,0,otsu_T1c,small,4,776,511672,0.0028920007493443236,0.0014480943196008653,659.3711340206186,,True,6,1,1.0,1.0,5.0,0.0,0.0010860138572752476,0.0001810023095458746,0.0,0.16666666666666666,0.0
BraTS-GLI-03059-100,0,otsu_T1c,small,5,776,511672,0.0028920007493443236,0.0014480943196008653,659.3711340206186,,True,6,1,1.0,1.0,5.0,0.0,0.0010860138572752476,0.0001810023095458746,0.0,0.16666666666666666,0.0
BraTS-GLI-03059-100,0,gmm_T1c,small,0,776,0,0.0,0.0,0.0,,False,6,0,0.0,0.0,6.0,0.0,0.0,0.0,0.0,0.0,0.0
BraTS-GLI-03059-100,0,gmm_T1c,small,1,776,12235,0.003381753900545692,0.0016937408576487797,15.766752577319588,,True,6,1,1.0,1.0,5.0,0.0,0.002936617936939001,0.0004894363228231668,0.0,0.16666666666666666,0.0
BraTS-GLI-03059-100,0,gmm_T1c,small,2,776,12235,0.003381753900545692,0.0016937408576487797,15.766752577319588,,True,6,1,1.0,1.0,5.0,0.0,0.002936617936939001,0.0004894363228231668,0.0,0.16666666666666666,0.0
BraTS-GLI-03059-100,0,gmm_T1c,small,3,776,12235,0.003381753900545692,0.0016937408576487797,15.766752577319588,,True,6,1,1.0,1.0,5.0,0.0,0.002936617936939001,0.0004894363228231668,0.0,0.16666666666666666,0.0
BraTS-GLI-03059-100,0,gmm_T1c,small,4,776,12235,0.003381753900545692,0.0016937408576487797,15.766752577319588,,True,6,1,1.0,1.0,5.0,0.0,0.002936617936939001,0.0004894363228231668,0.0,0.16666666666666666,0.0
BraTS-GLI-03059-100,0,gmm_T1c,small,5,776,12235,0.003381753900545692,0.0016937408576487797,15.766752577319588,,True,6,1,1.0,1.0,5.0,0.0,0.002936617936939001,0.0004894363228231668,0.0,0.16666666666666666,0.0
BraTS-GLI-03059-100,0,sustraccion,small,0,776,0,0.0,0.0,0.0,,False,6,0,0.0,0.0,6.0,0.0,0.0,0.0,0.0,0.0,0.0
BraTS-GLI-03059-100,0,sustraccion,small,1,776,71945,0.007095611996534701,0.0035604377406400507,92.71262886597938,,True,6,1,1.0,1.0,5.0,0.0,0.0067555406130850315,0.0011259234743192792,0.0,0.16666666666666666,0.0
BraTS-GLI-03059-100,0,sustraccion,small,2,776,74355,0.006894624056647722,0.0034592370979805533,95.81829896907216,,True,6,2,1.0,1.0,5.0,1.0,0.0067555406130850315,0.0009650772553868592,0.0,0.16666666666666666,0.0
BraTS-GLI-03059-100,0,sustraccion,small,3,776,76314,0.006719418861071475,0.003371035129049472,98.34278350515464,,True,6,3,1.0,1.0,5.0,2.0,0.0067555406130850315,0.0008444425766356289,0.0,0.16666666666666666,0.0
BraTS-GLI-03059-100,0,sustraccion,small,4,776,78203,0.006558705478671546,0.0032901422764227643,100.7770618556701,,True,6,4,1.0,1.0,5.0,3.0,0.0067555406130850315,0.0007506156107410789,0.0,0.16666666666666666,0.0
BraTS-GLI-03059-100,0,sustraccion,small,5,776,78269,0.00655322917325574,0.003287386083821999,100.86211340206185,,True,6,5,1.0,1.0,5.0,4.0,0.0067555406130850315,0.0006755540380254388,0.0,0.16666666666666666,0.0
BraTS-GLI-03059-100,0,gmm_2d,small,0,776,0,0.0,0.0,0.0,,False,6,0,0.0,0.0,6.0,0.0,0.0,0.0,0.0,0.0,0.0
BraTS-GLI-03059-100,0,gmm_2d,small,1,776,102905,0.0135801159325238,0.006836478048496266,132.60953608247422,,True,6,1,1.0,1.0,5.0,0.0,0.005581557750701904,0.0009302596445195377,0.0,0.16666666666666666,0.0
BraTS-GLI-03059-100,0,gmm_2d,small,2,776,104741,0.013343821374754778,0.006716724070487439,134.97551546391753,,True,6,2,1.0,1.0,5.0,1.0,0.005581557750701904,0.0007973653846420348,0.0,0.16666666666666666,0.0
BraTS-GLI-03059-100,0,gmm_2d,small,3,776,105647,0.013230222790186331,0.006659162496807575,136.1430412371134,,True,6,3,1.0,1.0,5.0,2.0,0.005581557750701904,0.000697694718837738,0.0,0.16666666666666666,0.0
BraTS-GLI-03059-100,0,gmm_2d,small,4,776,106539,0.01312025345944183,0.006603446173471781,137.29252577319588,,True,6,4,1.0,1.0,5.0,3.0,0.005581557750701904,0.0006201730575412512,0.0,0.16666666666666666,0.0
BraTS-GLI-03059-100,0,gmm_2d,small,5,776,107183,0.013041988162172677,0.006563796559600951,138.12242268041237,,True,6,5,1.0,1.0,5.0,4.0,0.005581557750701904,0.0005581557634286582,0.0,0.16666666666666666,0.0
BraTS-GLI-03059-100,0,variational_spline,small,0,776,0,0.0,0.0,0.0,,False,6,0,0.0,0.0,6.0,0.0,0.0,0.0,0.0,0.0,0.0
BraTS-GLI-03059-100,0,variational_spline,small,1,776,12238,0.003380974335331182,0.0016933497536945814,15.77061855670103,,True,6,1,1.0,1.0,5.0,0.0,0.0029358994215726852,0.0004893165896646678,0.0,0.16666666666666666,0.0
BraTS-GLI-03059-100,0,variational_spline,small,2,776,12238,0.003380974335331182,0.0016933497536945814,15.77061855670103,,True,6,1,1.0,1.0,5.0,0.0,0.0029358994215726852,0.0004893165896646678,0.0,0.16666666666666666,0.0
BraTS-GLI-03059-100,0,variational_spline,small,3,776,12238,0.003380974335331182,0.0016933497536945814,15.77061855670103,,True,6,1,1.0,1.0,5.0,0.0,0.0029358994215726852,0.0004893165896646678,0.0,0.16666666666666666,0.0
BraTS-GLI-03059-100,0,variational_spline,small,4,776,12238,0.003380974335331182,0.0016933497536945814,15.77061855670103,,True,6,1,1.0,1.0,5.0,0.0,0.0029358994215726852,0.0004893165896646678,0.0,0.16666666666666666,0.0
BraTS-GLI-03059-100,0,variational_spline,small,5,776,12238,0.003380974335331182,0.0016933497536945814,15.77061855670103,,True,6,1,1.0,1.0,5.0,0.0,0.0029358994215726852,0.0004893165896646678,0.0,0.16666666666666666,0.0
BraTS-GLI-03060-102,4,otsu_T1c,small,0,1007,0,0.0,0.0,0.0,,False,1,0,0.0,0.0,1.0,0.0,0.0,0.0,0.0,0.0,0.0
BraTS-GLI-03060-102,4,otsu_T1c,small,1,1007,489113,0.002648331020974455,0.0013259212496756702,485.71300893743796,,True,1,1,1.0,1.0,0.0,0.0,0.002648330992087722,0.002648330992087722,0.002648330992087722,1.0,0.0
BraTS-GLI-03060-102,4,otsu_T1c,small,2,1007,489113,0.002648331020974455,0.0013259212496756702,485.71300893743796,,True,1,1,1.0,1.0,0.0,0.0,0.002648330992087722,0.002648330992087722,0.002648330992087722,1.0,0.0
BraTS-GLI-03060-102,4,otsu_T1c,small,3,1007,489113,0.002648331020974455,0.0013259212496756702,485.71300893743796,,True,1,1,1.0,1.0,0.0,0.0,0.002648330992087722,0.002648330992087722,0.002648330992087722,1.0,0.0
BraTS-GLI-03060-102,4,otsu_T1c,small,4,1007,489113,0.002648331020974455,0.0013259212496756702,485.71300893743796,,True,1,1,1.0,1.0,0.0,0.0,0.002648330992087722,0.002648330992087722,0.002648330992087722,1.0,0.0
BraTS-GLI-03060-102,4,otsu_T1c,small,5,1007,489113,0.002648331020974455,0.0013259212496756702,485.71300893743796,,True,1,1,1.0,1.0,0.0,0.0,0.002648330992087722,0.002648330992087722,0.002648330992087722,1.0,0.0
BraTS-GLI-03060-102,4,gmm_T1c,small,0,1007,0,0.0,0.0,0.0,,False,1,0,0.0,0.0,1.0,0.0,0.0,0.0,0.0,0.0,0.0
BraTS-GLI-03060-102,4,gmm_T1c,small,1,1007,5407,0.0,0.0,5.369414101290963,,False,1,1,0.0,0.0,1.0,1.0,0.0,0.0,0.0,0.0,0.0
BraTS-GLI-03060-102,4,gmm_T1c,small,2,1007,5407,0.0,0.0,5.369414101290963,,False,1,1,0.0,0.0,1.0,1.0,0.0,0.0,0.0,0.0,0.0
BraTS-GLI-03060-102,4,gmm_T1c,small,3,1007,5407,0.0,0.0,5.369414101290963,,False,1,1,0.0,0.0,1.0,1.0,0.0,0.0,0.0,0.0,0.0
BraTS-GLI-03060-102,4,gmm_T1c,small,4,1007,5407,0.0,0.0,5.369414101290963,,False,1,1,0.0,0.0,1.0,1.0,0.0,0.0,0.0,0.0,0.0
BraTS-GLI-03060-102,4,gmm_T1c,small,5,1007,5407,0.0,0.0,5.369414101290963,,False,1,1,0.0,0.0,1.0,1.0,0.0,0.0,0.0,0.0,0.0
BraTS-GLI-03060-102,4,sustraccion,small,0,1007,0,0.0,0.0,0.0,,False,1,0,0.0,0.0,1.0,0.0,0.0,0.0,0.0,0.0,0.0
BraTS-GLI-03060-102,4,sustraccion,small,1,1007,40922,0.0,0.0,40.63753723932473,,True,1,1,0.0,0.0,1.0,1.0,0.0,0.0,0.0,0.0,0.0
BraTS-GLI-03060-102,4,sustraccion,small,2,1007,42496,0.0,0.0,42.20059582919563,,True,1,2,0.0,0.0,1.0,2.0,0.0,0.0,0.0,0.0,0.0
BraTS-GLI-03060-102,4,sustraccion,small,3,1007,43704,0.0,0.0,43.40019860973187,,True,1,3,0.0,0.0,1.0,3.0,0.0,0.0,0.0,0.0,0.0
BraTS-GLI-03060-102,4,sustraccion,small,4,1007,44212,0.0,0.0,43.904667328699105,,True,1,4,0.0,0.0,1.0,4.0,0.0,0.0,0.0,0.0,0.0
BraTS-GLI-03060-102,4,sustraccion,small,5,1007,44288,0.0,0.0,43.98013902681232,,True,1,5,0.0,0.0,1.0,5.0,0.0,0.0,0.0,0.0,0.0
BraTS-GLI-03060-102,4,gmm_2d,small,0,1007,0,0.0,0.0,0.0,,False,1,0,0.0,0.0,1.0,0.0,0.0,0.0,0.0,0.0,0.0
BraTS-GLI-03060-102,4,gmm_2d,small,1,1007,29945,0.0,0.0,29.736842105263158,,True,1,1,0.0,0.0,1.0,1.0,0.0,0.0,0.0,0.0,0.0
BraTS-GLI-03060-102,4,gmm_2d,small,2,1007,31255,0.0,0.0,31.037735849056602,,True,1,2,0.0,0.0,1.0,2.0,0.0,0.0,0.0,0.0,0.0
BraTS-GLI-03060-102,4,gmm_2d,small,3,1007,32363,0.0,0.0,32.13803376365442,,True,1,3,0.0,0.0,1.0,3.0,0.0,0.0,0.0,0.0,0.0
BraTS-GLI-03060-102,4,gmm_2d,small,4,1007,32678,0.0,0.0,32.45084409136048,,True,1,4,0.0,0.0,1.0,4.0,0.0,0.0,0.0,0.0,0.0
BraTS-GLI-03060-102,4,gmm_2d,small,5,1007,32981,0.0,0.0,32.751737835153925,,True,1,5,0.0,0.0,1.0,5.0,0.0,0.0,0.0,0.0,0.0
BraTS-GLI-03060-102,4,variational_spline,small,0,1007,0,0.0,0.0,0.0,,False,1,0,0.0,0.0,1.0,0.0,0.0,0.0,0.0,0.0,0.0
BraTS-GLI-03060-102,4,variational_spline,small,1,1007,5407,0.0,0.0,5.369414101290963,,False,1,1,0.0,0.0,1.0,1.0,0.0,0.0,0.0,0.0,0.0
BraTS-GLI-03060-102,4,variational_spline,small,2,1007,5407,0.0,0.0,5.369414101290963,,False,1,1,0.0,0.0,1.0,1.0,0.0,0.0,0.0,0.0,0.0
BraTS-GLI-03060-102,4,variational_spline,small,3,1007,5407,0.0,0.0,5.369414101290963,,False,1,1,0.0,0.0,1.0,1.0,0.0,0.0,0.0,0.0,0.0
BraTS-GLI-03060-102,4,variational_spline,small,4,1007,5407,0.0,0.0,5.369414101290963,,False,1,1,0.0,0.0,1.0,1.0,0.0,0.0,0.0,0.0,0.0
BraTS-GLI-03060-102,4,variational_spline,small,5,1007,5407,0.0,0.0,5.369414101290963,,False,1,1,0.0,0.0,1.0,1.0,0.0,0.0,0.0,0.0,0.0
BraTS-GLI-03063-100,4,otsu_T1c,medium,0,6973,0,0.0,0.0,0.0,,False,4,0,0.0,0.0,4.0,0.0,0.0,0.0,0.0,0.0,0.0
BraTS-GLI-03063-100,4,otsu_T1c,medium,1,6973,8094,0.008097165991902834,0.0040650406504065045,1.1607629427792916,,False,4,1,1.0,1.0,3.0,0.0,0.014655593782663345,0.0036638984456658363,0.0,0.25,0.0
BraTS-GLI-03063-100,4,otsu_T1c,medium,2,6973,8094,0.008097165991902834,0.0040650406504065045,1.1607629427792916,,False,4,1,1.0,1.0,3.0,0.0,0.014655593782663345,0.0036638984456658363,0.0,0.25,0.0
BraTS-GLI-03063-100,4,otsu_T1c,medium,3,6973,8094,0.008097165991902834,0.0040650406504065045,1.1607629427792916,,False,4,1,1.0,1.0,3.0,0.0,0.014655593782663345,0.0036638984456658363,0.0,0.25,0.0
BraTS-GLI-03063-100,4,otsu_T1c,medium,4,6973,8094,0.008097165991902834,0.0040650406504065045,1.1607629427792916,,False,4,1,1.0,1.0,3.0,0.0,0.014655593782663345,0.0036638984456658363,0.0,0.25,0.0
BraTS-GLI-03063-100,4,otsu_T1c,medium,5,6973,8094,0.008097165991902834,0.0040650406504065045,1.1607629427792916,,False,4,1,1.0,1.0,3.0,0.0,0.014655593782663345,0.0036638984456658363,0.0,0.25,0.0
BraTS-GLI-03063-100,4,gmm_T1c,medium,0,6973,0,0.0,0.0,0.0,,False,4,0,0.0,0.0,4.0,0.0,0.0,0.0,0.0,0.0,0.0
BraTS-GLI-03063-100,4,gmm_T1c,medium,1,6973,9629,0.008312251535959523,0.004173471239339503,1.3808977484583393,,False,4,1,1.0,1.0,3.0,0.0,0.01398745272308588,0.00349686318077147,0.0,0.25,0.0
BraTS-GLI-03063-100,4,gmm_T1c,medium,2,6973,9629,0.008312251535959523,0.004173471239339503,1.3808977484583393,,False,4,1,1.0,1.0,3.0,0.0,0.01398745272308588,0.00349686318077147,0.0,0.25,0.0
BraTS-GLI-03063-100,4,gmm_T1c,medium,3,6973,9629,0.008312251535959523,0.004173471239339503,1.3808977484583393,,False,4,1,1.0,1.0,3.0,0.0,0.01398745272308588,0.00349686318077147,0.0,0.25,0.0
BraTS-GLI-03063-100,4,gmm_T1c,medium,4,6973,9629,0.008312251535959523,0.004173471239339503,1.3808977484583393,,False,4,1,1.0,1.0,3.0,0.0,0.01398745272308588,0.00349686318077147,0.0,0.25,0.0
BraTS-GLI-03063-100,4,gmm_T1c,medium,5,6973,9629,0.008312251535959523,0.004173471239339503,1.3808977484583393,,False,4,1,1.0,1.0,3.0,0.0,0.01398745272308588,0.00349686318077147,0.0,0.25,0.0
BraTS-GLI-03063-100,4,sustraccion,medium,0,6973,0,0.0,0.0,0.0,,False,4,0,0.0,0.0,4.0,0.0,0.0,0.0,0.0,0.0,0.0
BraTS-GLI-03063-100,4,sustraccion,medium,1,6973,62886,0.009046794257003393,0.0045439512244223,9.018499928294851,,True,4,1,1.0,1.0,3.0,0.0,0.0037977087777107954,0.0009494271944276989,0.0,0.25,0.0
BraTS-GLI-03063-100,4,sustraccion,medium,2,6973,66464,0.10487901194220897,0.05534159169947978,9.53162197045748,,True,4,2,2.0,2.0,2.0,0.0,0.7269973754882812,0.1817493438720703,0.0018988543888553977,0.5,0.25
BraTS-GLI-03063-100,4,sustraccion,medium,3,6973,66930,0.10421769075680283,0.054973448295551876,9.59845116879392,,True,4,3,2.0,2.0,2.0,1.0,0.7269973754882812,0.14539948105812073,0.0018988543888553977,0.5,0.25
BraTS-GLI-03063-100,4,sustraccion,medium,4,6973,67332,0.1036538590942736,0.0546597780111846,9.656102108131364,,True,4,4,2.0,2.0,2.0,2.0,0.7269973754882812,0.12116622924804688,0.0018988543888553977,0.5,0.25
BraTS-GLI-03063-100,4,sustraccion,medium,5,6973,67551,0.10334925661531856,0.05449039944533273,9.687508963143554,,True,4,5,2.0,2.0,2.0,3.0,0.7269973754882812,0.10385676473379135,0.0018988543888553977,0.5,0.25
BraTS-GLI-03063-100,4,gmm_2d,medium,0,6973,0,0.0,0.0,0.0,,False,4,0,0.0,0.0,4.0,0.0,0.0,0.0,0.0,0.0,0.0
BraTS-GLI-03063-100,4,gmm_2d,medium,1,6973,31229,0.20286895974032773,0.11288490109826084,4.478560160619533,,True,4,1,1.0,1.0,3.0,0.0,0.19574104249477386,0.048935260623693466,0.0,0.25,0.25
BraTS-GLI-03063-100,4,gmm_2d,medium,2,6973,35645,0.18184804542681496,0.10001806777998606,5.111860031550266,,True,4,2,1.0,1.0,3.0,1.0,0.19574104249477386,0.03914820775389671,0.0,0.25,0.25
BraTS-GLI-03063-100,4,gmm_2d,medium,3,6973,39895,0.1653580267986686,0.09013095155025237,5.7213537932023515,,True,4,3,1.0,1.0,3.0,2.0,0.19574104249477386,0.03262350708246231,0.0,0.25,0.25
BraTS-GLI-03063-100,4,gmm_2d,medium,4,6973,44078,0.15192650486768133,0.08220804273631102,6.321239064964865,,True,4,4,2.0,2.0,2.0,2.0,0.19714389741420746,0.032857317477464676,0.0007014262373559177,0.5,0.25
BraTS-GLI-03063-100,4,gmm_2d,medium,5,6973,45786,0.1470080934058644,0.07933552914220249,6.566183852000574,,True,4,5,2.0,2.0,2.0,3.0,0.19714389741420746,0.02816341444849968,0.0007014262373559177,0.5,0.25
BraTS-GLI-03063-100,4,variational_spline,medium,0,6973,0,0.0,0.0,0.0,,False,4,0,0.0,0.0,4.0,0.0,0.0,0.0,0.0,0.0,0.0
BraTS-GLI-03063-100,4,variational_spline,medium,1,6973,9629,0.008312251535959523,0.004173471239339503,1.3808977484583393,,False,4,1,1.0,1.0,3.0,0.0,0.01398745272308588,0.00349686318077147,0.0,0.25,0.0
BraTS-GLI-03063-100,4,variational_spline,medium,2,6973,9629,0.008312251535959523,0.004173471239339503,1.3808977484583393,,False,4,1,1.0,1.0,3.0,0.0,0.01398745272308588,0.00349686318077147,0.0,0.25,0.0
BraTS-GLI-03063-100,4,variational_spline,medium,3,6973,9629,0.008312251535959523,0.004173471239339503,1.3808977484583393,,False,4,1,1.0,1.0,3.0,0.0,0.01398745272308588,0.00349686318077147,0.0,0.25,0.0
BraTS-GLI-03063-100,4,variational_spline,medium,4,6973,9629,0.008312251535959523,0.004173471239339503,1.3808977484583393,,False,4,1,1.0,1.0,3.0,0.0,0.01398745272308588,0.00349686318077147,0.0,0.25,0.0
BraTS-GLI-03063-100,4,variational_spline,medium,5,6973,9629,0.008312251535959523,0.004173471239339503,1.3808977484583393,,False,4,1,1.0,1.0,3.0,0.0,0.01398745272308588,0.00349686318077147,0.0,0.25,0.0
