# malla de superficie de la segmentacion (mm)
v 68.271 -21.000 22.000
v 68.000 -21.000 21.595
v 68.000 -21.330 22.000
v 68.000 -21.473 23.000
v 68.378 -21.000 23.000
v 68.000 -21.494 24.000
v 68.380 -21.000 24.000
v 68.000 -21.499 25.000
v 68.380 -21.000 25.000
v 68.000 -21.493 26.000
v 68.378 -21.000 26.000
v 68.000 -21.357 27.000
v 68.278 -21.000 27.000
v 68.000 -21.000 27.468
v 68.299 -20.000 21.000
v 68.000 -20.000 20.565
v 68.000 -20.435 21.000
v 68.479 -20.000 22.000
v 68.498 -20.000 23.000
v 68.498 -20.000 24.000
v 68.498 -20.000 25.000
v 68.498 -20.000 26.000
v 68.479 -20.000 27.000
v 68.000 -20.498 28.000
v 68.305 -20.000 28.000
v 68.000 -20.000 28.497
v 68.272 -19.000 20.000
v 68.000 -19.000 19.665
v 68.000 -19.406 20.000
v 68.479 -19.000 21.000
v 68.499 -19.000 22.000
v 68.500 -19.000 23.000
v 68.500 -19.000 24.000
v 68.500 -19.000 25.000
v 68.500 -19.000 26.000
v 68.499 -19.000 27.000
v 68.461 -19.000 28.000
v 68.000 -19.302 29.000
v 68.153 -19.000 29.000
v 68.000 -19.000 29.218
v 68.401 -18.000 20.000
v 68.000 -18.000 19.390
v 68.498 -18.000 21.000
v 68.500 -18.000 22.000
v 68.500 -18.000 23.000
v 68.500 -18.000 24.000
v 68.500 -18.000 25.000
v 68.500 -18.000 26.000
v 68.497 -18.000 27.000
v 68.400 -18.000 28.000
v 68.000 -18.000 28.616
v 68.000 -18.673 29.000
v 68.277 -17.000 19.000
v 68.000 -17.000 18.628
v 68.000 -17.489 19.000
v 68.480 -17.000 20.000
v 68.500 -17.000 21.000
v 68.500 -17.000 22.000
v 68.500 -17.000 23.000
v 68.500 -17.000 24.000
v 68.498 -17.000 25.000
v 68.481 -17.000 26.000
v 68.400 -17.000 27.000
v 68.251 -17.000 28.000
v 68.000 -17.000 28.350
v 68.277 -16.000 19.000
v 68.000 -16.000 18.623
v 68.479 -16.000 20.000
v 68.498 -16.000 21.000
v 68.498 -16.000 22.000
v 68.498 -16.000 23.000
v 68.481 -16.000 24.000
v 68.401 -16.000 25.000
v 68.279 -16.000 26.000
v 68.000 -16.000 26.500
v 68.000 -16.382 27.000
v 68.000 -16.650 28.000
v 68.000 -15.533 19.000
v 68.278 -15.000 20.000
v 68.000 -15.000 19.531
v 68.378 -15.000 21.000
v 68.380 -15.000 22.000
v 68.378 -15.000 23.000
v 68.279 -15.000 24.000
v 68.000 -15.000 24.500
v 68.000 -15.381 25.000
v 68.000 -15.619 26.000
v 68.000 -14.621 20.000
v 68.000 -14.502 21.000
v 68.000 -14.500 22.000
v 68.000 -14.502 23.000
v 68.000 -14.620 24.000
v 67.239 -23.000 24.000
v 67.000 -23.000 23.621
v 67.000 -23.238 24.000
v 67.000 -23.345 25.000
v 67.346 -23.000 25.000
v 67.000 -23.238 26.000
v 67.239 -23.000 26.000
v 67.000 -23.000 26.380
v 67.308 -22.000 22.000
v 67.000 -22.000 21.688
v 67.000 -22.259 22.000
v 67.000 -22.574 23.000
v 67.516 -22.000 23.000
v 67.601 -22.000 24.000
v 67.618 -22.000 25.000
v 67.600 -22.000 26.000
v 67.000 -22.571 27.000
v 67.495 -22.000 27.000
v 67.000 -22.371 28.000
v 67.371 -22.000 28.000
v 67.000 -22.237 29.000
v 67.237 -22.000 29.000
v 67.000 -22.000 29.377
v 67.468 -21.000 21.000
v 67.000 -21.000 20.533
v 67.000 -21.393 21.000
v 67.692 -21.000 28.000
v 67.500 -21.000 29.000
v 67.000 -21.543 30.000
v 67.395 -21.000 30.000
v 67.000 -21.182 31.000
v 67.174 -21.000 31.000
v 67.000 -21.000 31.175
v 67.492 -20.000 20.000
v 67.000 -20.000 19.502
v 67.000 -20.492 20.000
v 67.692 -20.000 29.000
v 67.516 -20.000 30.000
v 67.352 -20.000 31.000
v 67.000 -20.000 31.365
v 67.395 -19.000 19.000
v 67.000 -19.000 18.538
v 67.000 -19.474 19.000
v 67.575 -19.000 30.000
v 67.375 -19.000 31.000
v 67.000 -19.000 31.451
v 67.291 -18.000 18.000
v 67.000 -18.000 17.663
v 67.000 -18.407 18.000
v 67.701 -18.000 19.000
v 67.719 -18.000 29.000
v 67.518 -18.000 30.000
v 67.380 -18.000 31.000
v 67.000 -18.000 31.494
v 67.217 -17.000 17.000
v 67.000 -17.000 16.777
v 67.000 -17.268 17.000
v 67.573 -17.000 18.000
v 67.599 -17.000 29.000
v 67.500 -17.000 30.000
v 67.380 -17.000 31.000
v 67.000 -17.000 31.499
v 67.374 -16.000 17.000
v 67.000 -16.000 16.555
v 67.596 -16.000 18.000
v 67.721 -16.000 27.000
v 67.599 -16.000 28.000
v 67.518 -16.000 29.000
v 67.499 -16.000 30.000
v 67.380 -16.000 31.000
v 67.000 -16.000 31.500
v 67.380 -15.000 17.000
v 67.000 -15.000 16.529
v 67.518 -15.000 18.000
v 67.694 -15.000 19.000
v 67.721 -15.000 25.000
v 67.599 -15.000 26.000
v 67.519 -15.000 27.000
v 67.502 -15.000 28.000
v 67.500 -15.000 29.000
v 67.498 -15.000 30.000
v 67.378 -15.000 31.000
v 67.000 -15.000 31.498
v 67.400 -14.000 17.000
v 67.000 -14.000 16.424
v 67.499 -14.000 18.000
v 67.519 -14.000 19.000
v 67.598 -14.000 20.000
v 67.620 -14.000 21.000
v 67.620 -14.000 22.000
v 67.620 -14.000 23.000
v 67.598 -14.000 24.000
v 67.519 -14.000 25.000
v 67.502 -14.000 26.000
v 67.500 -14.000 27.000
v 67.500 -14.000 28.000
v 67.500 -14.000 29.000
v 67.481 -14.000 30.000
v 67.279 -14.000 31.000
v 67.000 -14.000 31.379
v 67.207 -13.000 16.000
v 67.000 -13.000 15.790
v 67.000 -13.365 16.000
v 67.400 -13.000 17.000
v 67.481 -13.000 18.000
v 67.500 -13.000 19.000
v 67.501 -13.000 20.000
v 67.502 -13.000 21.000
v 67.502 -13.000 22.000
v 67.501 -13.000 23.000
v 67.500 -13.000 24.000
v 67.499 -13.000 25.000
v 67.499 -13.000 26.000
v 67.500 -13.000 27.000
v 67.500 -13.000 28.000
v 67.498 -13.000 29.000
v 67.401 -13.000 30.000
v 67.000 -13.000 30.618
v 67.000 -13.501 31.000
v 67.212 -12.000 16.000
v 67.000 -12.000 15.768
v 67.000 -12.000 16.649
v 67.000 -12.191 17.000
v 67.308 -12.000 18.000
v 67.000 -12.000 17.251
v 67.480 -12.000 19.000
v 67.499 -12.000 20.000
v 67.500 -12.000 21.000
v 67.498 -12.000 22.000
v 67.481 -12.000 23.000
v 67.402 -12.000 24.000
v 67.381 -12.000 25.000
v 67.402 -12.000 26.000
v 67.481 -12.000 27.000
v 67.498 -12.000 28.000
v 67.479 -12.000 29.000
v 67.279 -12.000 30.000
v 67.000 -12.000 30.381
v 67.069 -11.000 16.000
v 67.000 -11.000 15.905
v 67.000 -11.000 16.121
v 67.000 -11.495 18.000
v 67.306 -11.000 19.000
v 67.000 -11.000 18.498
v 67.479 -11.000 20.000
v 67.480 -11.000 21.000
v 67.401 -11.000 22.000
v 67.279 -11.000 23.000
v 67.000 -11.000 23.500
v 67.000 -11.380 24.000
v 67.000 -11.497 25.000
v 67.000 -11.380 26.000
v 67.279 -11.000 27.000
v 67.000 -11.000 26.500
v 67.377 -11.000 28.000
v 67.278 -11.000 29.000
v 67.000 -11.000 29.469
v 67.000 -11.530 30.000
v 67.000 -10.895 16.000
v 67.000 -10.500 19.000
v 67.277 -10.000 20.000
v 67.000 -10.000 19.532
v 67.277 -10.000 21.000
v 67.000 -10.000 21.498
v 67.000 -10.381 22.000
v 67.000 -10.619 23.000
v 67.000 -10.620 27.000
v 67.000 -10.503 28.000
v 67.000 -10.621 29.000
v 67.000 -9.623 20.000
v 67.000 -9.623 21.000
v 66.429 -23.000 23.000
v 66.000 -23.000 22.648
v 66.000 -23.277 23.000
v 66.000 -23.479 24.000
v 66.000 -23.498 25.000
v 66.000 -23.479 26.000
v 66.000 -23.278 27.000
v 66.430 -23.000 27.000
v 66.000 -23.000 27.378
v 66.000 -22.000 21.488
v 66.000 -22.475 22.000
v 66.000 -22.596 28.000
v 66.000 -22.461 29.000
v 66.000 -22.152 30.000
v 66.267 -22.000 30.000
v 66.000 -22.000 30.202
v 66.244 -21.000 20.000
v 66.000 -21.000 19.820
v 66.000 -21.145 20.000
v 66.000 -21.581 21.000
v 66.000 -21.452 31.000
v 66.000 -21.000 31.470
v 66.432 -20.000 19.000
v 66.000 -20.000 18.664
v 66.000 -20.336 19.000
v 66.000 -20.000 31.751
v 66.240 -19.000 18.000
v 66.000 -19.000 17.854
v 66.000 -19.180 18.000
v 66.000 -19.608 32.000
v 66.423 -19.000 32.000
v 66.000 -19.000 32.506
v 66.000 -18.000 17.393
v 66.600 -18.000 32.000
v 66.000 -18.430 33.000
v 66.273 -18.000 33.000
v 66.000 -18.000 33.331
v 66.000 -17.000 16.397
v 66.000 -17.561 17.000
v 66.618 -17.000 32.000
v 66.380 -17.000 33.000
v 66.000 -17.000 33.473
v 66.360 -16.000 16.000
v 66.000 -16.000 15.704
v 66.000 -16.463 16.000
v 66.619 -16.000 32.000
v 66.381 -16.000 33.000
v 66.000 -16.000 33.495
v 66.494 -15.000 16.000
v 66.000 -15.000 15.525
v 66.618 -15.000 32.000
v 66.381 -15.000 33.000
v 66.000 -15.000 33.500
v 66.604 -14.000 16.000
v 66.000 -14.000 15.474
v 66.596 -14.000 32.000
v 66.380 -14.000 33.000
v 66.000 -14.000 33.498
v 66.000 -13.000 15.375
v 66.720 -13.000 31.000
v 66.500 -13.000 32.000
v 66.279 -13.000 33.000
v 66.000 -13.000 33.379
v 66.000 -12.000 15.253
v 66.877 -12.000 17.000
v 66.598 -12.000 31.000
v 66.402 -12.000 32.000
v 66.000 -12.000 32.619
v 66.000 -12.500 33.000
v 66.370 -11.000 15.000
v 66.000 -11.000 14.608
v 66.000 -11.585 15.000
v 66.621 -11.000 17.000
v 66.696 -11.000 18.000
v 66.721 -11.000 24.000
v 66.623 -11.000 25.000
v 66.721 -11.000 26.000
v 66.693 -11.000 30.000
v 66.499 -11.000 31.000
v 66.279 -11.000 32.000
v 66.000 -11.000 32.381
v 66.396 -10.000 15.000
v 66.000 -10.000 14.502
v 66.574 -10.000 16.000
v 66.518 -10.000 17.000
v 66.521 -10.000 18.000
v 66.694 -10.000 19.000
v 66.721 -10.000 22.000
v 66.599 -10.000 23.000
v 66.519 -10.000 24.000
v 66.502 -10.000 25.000
v 66.519 -10.000 26.000
v 66.598 -10.000 27.000
v 66.619 -10.000 28.000
v 66.596 -10.000 29.000
v 66.499 -10.000 30.000
v 66.306 -10.000 31.000
v 66.000 -10.000 31.500
v 66.000 -10.530 32.000
v 66.378 -9.000 15.000
v 66.000 -9.000 14.502
v 66.498 -9.000 16.000
v 66.499 -9.000 17.000
v 66.499 -9.000 18.000
v 66.518 -9.000 19.000
v 66.596 -9.000 20.000
v 66.596 -9.000 21.000
v 66.518 -9.000 22.000
v 66.500 -9.000 23.000
v 66.499 -9.000 24.000
v 66.498 -9.000 25.000
v 66.499 -9.000 26.000
v 66.499 -9.000 27.000
v 66.482 -9.000 28.000
v 66.402 -9.000 29.000
v 66.279 -9.000 30.000
v 66.000 -9.000 30.470
v 66.000 -9.501 31.000
v 66.250 -8.000 15.000
v 66.000 -8.000 14.653
v 66.378 -8.000 16.000
v 66.380 -8.000 17.000
v 66.380 -8.000 18.000
v 66.380 -8.000 19.000
v 66.381 -8.000 20.000
v 66.381 -8.000 21.000
v 66.380 -8.000 22.000
v 66.380 -8.000 23.000
v 66.380 -8.000 24.000
v 66.380 -8.000 25.000
v 66.380 -8.000 26.000
v 66.378 -8.000 27.000
v 66.278 -8.000 28.000
v 66.000 -8.000 28.498
v 66.000 -8.382 29.000
v 66.000 -8.624 30.000
v 66.000 -7.652 15.000
v 66.000 -7.502 16.000
v 66.000 -7.500 17.000
v 66.000 -7.500 18.000
v 66.000 -7.500 19.000
v 66.000 -7.500 20.000
v 66.000 -7.500 21.000
v 66.000 -7.500 22.000
v 66.000 -7.500 23.000
v 66.000 -7.500 24.000
v 66.000 -7.500 25.000
v 66.000 -7.506 26.000
v 66.000 -7.527 27.000
v 66.000 -7.646 28.000
v 65.000 -23.000 22.534
v 65.000 -23.377 23.000
v 65.000 -23.498 24.000
v 65.000 -23.500 25.000
v 65.000 -23.498 26.000
v 65.000 -23.377 27.000
v 65.000 -23.000 27.496
v 65.000 -22.000 21.497
v 65.000 -22.497 22.000
v 65.000 -22.618 28.000
v 65.000 -22.402 29.000
v 65.675 -22.000 30.000
v 65.000 -22.000 29.616
v 65.695 -21.000 20.000
v 65.000 -21.000 20.365
v 65.000 -21.521 21.000
v 65.000 -21.718 30.000
v 65.000 -21.495 31.000
v 65.000 -21.243 32.000
v 65.317 -21.000 32.000
v 65.000 -21.000 32.300
v 65.000 -20.000 18.739
v 65.000 -20.261 19.000
v 65.000 -20.700 20.000
v 65.739 -20.000 32.000
v 65.000 -20.313 33.000
v 65.266 -20.000 33.000
v 65.000 -20.000 33.425
v 65.694 -19.000 18.000
v 65.000 -19.000 18.298
v 65.598 -19.000 33.000
v 65.000 -19.000 33.655
v 65.000 -18.000 17.325
v 65.000 -18.639 18.000
v 65.000 -18.492 34.000
v 65.333 -18.000 34.000
v 65.000 -18.000 34.276
v 65.571 -17.000 16.000
v 65.000 -17.000 15.531
v 65.000 -17.972 16.000
v 65.000 -17.737 17.000
v 65.497 -17.000 34.000
v 65.000 -17.000 34.475
v 65.000 -16.000 15.326
v 65.597 -16.000 34.000
v 65.000 -16.269 35.000
v 65.207 -16.000 35.000
v 65.000 -16.000 35.204
v 65.212 -15.000 15.000
v 65.000 -15.000 14.846
v 65.000 -15.297 15.000
v 65.618 -15.000 34.000
v 65.351 -15.000 35.000
v 65.000 -15.000 35.362
v 65.483 -14.000 15.000
v 65.000 -14.000 14.549
v 65.618 -14.000 34.000
v 65.375 -14.000 35.000
v 65.000 -14.000 35.445
v 65.209 -13.000 14.000
v 65.000 -13.000 13.794
v 65.000 -13.268 14.000
v 65.625 -13.000 15.000
v 65.596 -13.000 34.000
v 65.379 -13.000 35.000
v 65.000 -13.000 35.468
v 65.366 -12.000 14.000
v 65.000 -12.000 13.647
v 65.759 -12.000 15.000
v 65.720 -12.000 33.000
v 65.500 -12.000 34.000
v 65.279 -12.000 35.000
v 65.000 -12.000 35.354
v 65.476 -11.000 14.000
v 65.000 -11.000 13.528
v 65.598 -11.000 33.000
v 65.402 -11.000 34.000
v 65.000 -11.000 34.618
v 65.000 -11.502 35.000
v 65.209 -10.000 13.000
v 65.000 -10.000 12.794
v 65.000 -10.272 13.000
v 65.597 -10.000 14.000
v 65.693 -10.000 32.000
v 65.499 -10.000 33.000
v 65.279 -10.000 34.000
v 65.000 -10.000 34.376
v 65.348 -9.000 13.000
v 65.000 -9.000 12.654
v 65.618 -9.000 14.000
v 65.692 -9.000 31.000
v 65.500 -9.000 32.000
v 65.306 -9.000 33.000
v 65.000 -9.000 33.499
v 65.000 -9.530 34.000
v 65.349 -8.000 13.000
v 65.000 -8.000 12.652
v 65.596 -8.000 14.000
v 65.719 -8.000 29.000
v 65.580 -8.000 30.000
v 65.420 -8.000 31.000
v 65.279 -8.000 32.000
v 65.000 -8.000 32.471
v 65.000 -8.500 33.000
v 65.352 -7.000 13.000
v 65.000 -7.000 12.636
v 65.516 -7.000 14.000
v 65.598 -7.000 15.000
v 65.620 -7.000 16.000
v 65.620 -7.000 17.000
v 65.620 -7.000 18.000
v 65.620 -7.000 19.000
v 65.620 -7.000 20.000
v 65.619 -7.000 21.000
v 65.619 -7.000 22.000
v 65.619 -7.000 23.000
v 65.620 -7.000 24.000
v 65.619 -7.000 25.000
v 65.601 -7.000 26.000
v 65.522 -7.000 27.000
v 65.477 -7.000 28.000
v 65.397 -7.000 29.000
v 65.280 -7.000 30.000
v 65.000 -7.000 30.499
v 65.000 -7.377 31.000
v 65.000 -7.619 32.000
v 65.272 -6.000 13.000
v 65.000 -6.000 12.669
v 65.481 -6.000 14.000
v 65.501 -6.000 15.000
v 65.502 -6.000 16.000
v 65.501 -6.000 17.000
v 65.500 -6.000 18.000
v 65.500 -6.000 19.000
v 65.482 -6.000 20.000
v 65.404 -6.000 21.000
v 65.382 -6.000 22.000
v 65.403 -6.000 23.000
v 65.463 -6.000 24.000
v 65.397 -6.000 25.000
v 65.247 -6.000 26.000
v 65.000 -6.000 26.416
v 65.000 -6.395 27.000
v 65.000 -6.504 28.000
v 65.000 -6.526 29.000
v 65.000 -6.646 30.000
v 65.000 -5.510 13.000
v 65.400 -5.000 14.000
v 65.000 -5.000 13.383
v 65.497 -5.000 15.000
v 65.498 -5.000 16.000
v 65.481 -5.000 17.000
v 65.402 -5.000 18.000
v 65.379 -5.000 19.000
v 65.279 -5.000 20.000
v 65.000 -5.000 20.500
v 65.000 -5.379 21.000
v 65.000 -5.496 22.000
v 65.000 -5.382 23.000
v 65.144 -5.000 24.000
v 65.000 -5.000 23.688
v 65.000 -5.000 24.261
v 65.000 -5.449 25.000
v 65.000 -5.743 26.000
v 65.250 -4.000 14.000
v 65.000 -4.000 13.655
v 65.378 -4.000 15.000
v 65.378 -4.000 16.000
v 65.279 -4.000 17.000
v 65.000 -4.000 17.500
v 65.000 -4.380 18.000
v 65.000 -4.500 19.000
v 65.000 -4.620 20.000
v 65.000 -4.817 24.000
v 65.000 -3.652 14.000
v 65.000 -3.502 15.000
v 65.000 -3.502 16.000
v 65.000 -3.620 17.000
v 64.000 -23.000 22.669
v 64.000 -23.272 23.000
v 64.000 -23.481 24.000
v 64.000 -23.499 25.000
v 64.000 -23.481 26.000
v 64.000 -23.279 27.000
v 64.000 -23.000 27.375
v 64.000 -22.000 21.634
v 64.000 -22.366 22.000
v 64.000 -22.579 28.000
v 64.000 -22.274 29.000
v 64.000 -22.000 29.357
v 64.000 -21.000 20.629
v 64.000 -21.367 21.000
v 64.000 -21.523 30.000
v 64.000 -21.462 31.000
v 64.000 -21.276 32.000
v 64.000 -21.000 32.373
v 64.664 -21.000 35.000
v 64.000 -21.000 34.767
v 64.000 -21.158 35.000
v 64.000 -21.000 35.168
v 64.603 -20.000 19.000
v 64.000 -20.000 19.506
v 64.000 -20.402 20.000
v 64.000 -20.577 33.000
v 64.000 -20.501 34.000
v 64.580 -20.000 34.000
v 64.918 -20.000 35.000
v 64.000 -20.000 35.343
v 64.010 -20.000 39.000
v 64.000 -20.000 38.985
v 64.000 -20.013 39.000
v 64.000 -20.000 39.011
v 64.000 -19.000 18.481
v 64.000 -19.575 19.000
v 64.662 -19.000 34.000
v 64.000 -19.000 34.655
v 64.000 -19.450 35.000
v 64.000 -19.817 39.000
v 64.786 -18.000 16.000
v 64.000 -18.000 15.925
v 64.000 -18.058 16.000
v 64.000 -18.000 16.162
v 64.000 -18.000 17.340
v 64.000 -18.508 18.000
v 64.000 -18.000 34.582
v 64.148 -17.000 15.000
v 64.000 -17.000 14.898
v 64.000 -17.130 15.000
v 64.000 -17.747 17.000
v 64.000 -17.000 34.619
v 64.425 -16.000 15.000
v 64.000 -16.000 14.753
v 64.000 -16.365 35.000
v 64.000 -16.000 35.249
v 64.433 -15.000 15.000
v 64.000 -15.304 15.000
v 64.000 -15.000 15.121
v 64.000 -15.000 35.474
v 64.000 -14.000 14.478
v 64.000 -14.829 15.000
v 64.000 -14.151 36.000
v 64.157 -14.000 36.000
v 64.000 -14.000 36.117
v 64.000 -13.000 13.624
v 64.000 -13.471 14.000
v 64.452 -13.000 36.000
v 64.000 -13.000 36.394
v 64.000 -12.000 13.502
v 64.472 -12.000 36.000
v 64.000 -12.000 36.500
v 64.000 -11.000 13.382
v 64.719 -11.000 35.000
v 64.392 -11.000 36.000
v 64.000 -11.000 36.478
v 64.000 -10.000 12.622
v 64.000 -10.497 13.000
v 64.580 -10.000 35.000
v 64.247 -10.000 36.000
v 64.000 -10.000 36.270
v 64.000 -9.000 12.504
v 64.693 -9.000 34.000
v 64.421 -9.000 35.000
v 64.000 -9.000 35.583
v 64.000 -9.584 36.000
v 64.000 -8.000 12.501
v 64.694 -8.000 33.000
v 64.519 -8.000 34.000
v 64.380 -8.000 35.000
v 64.000 -8.000 35.471
v 64.000 -7.000 12.405
v 64.720 -7.000 31.000
v 64.599 -7.000 32.000
v 64.519 -7.000 33.000
v 64.499 -7.000 34.000
v 64.378 -7.000 35.000
v 64.000 -7.000 35.468
v 64.300 -6.000 12.000
v 64.000 -6.000 11.758
v 64.000 -6.338 12.000
v 64.602 -6.000 27.000
v 64.477 -6.000 28.000
v 64.469 -6.000 29.000
v 64.452 -6.000 30.000
v 64.417 -6.000 31.000
v 64.484 -6.000 32.000
v 64.499 -6.000 33.000
v 64.479 -6.000 34.000
v 64.278 -6.000 35.000
v 64.000 -6.000 35.353
v 64.364 -5.000 12.000
v 64.000 -5.000 11.650
v 64.718 -5.000 13.000
v 64.721 -5.000 21.000
v 64.623 -5.000 22.000
v 64.719 -5.000 23.000
v 64.526 -5.000 25.000
v 64.000 -5.000 25.631
v 64.000 -5.256 26.000
v 64.000 -5.476 27.000
v 64.000 -5.598 28.000
v 64.000 -5.620 29.000
v 64.000 -5.603 30.000
v 64.000 -5.387 31.000
v 64.400 -5.000 32.000
v 64.000 -5.000 31.389
v 64.478 -5.000 33.000
v 64.306 -5.000 34.000
v 64.000 -5.000 34.499
v 64.000 -5.532 35.000
v 64.239 -4.000 12.000
v 64.000 -4.000 11.762
v 64.579 -4.000 13.000
v 64.721 -4.000 18.000
v 64.621 -4.000 19.000
v 64.598 -4.000 20.000
v 64.519 -4.000 21.000
v 64.502 -4.000 22.000
v 64.499 -4.000 23.000
v 64.373 -4.000 24.000
v 64.000 -4.000 24.494
v 64.000 -4.465 25.000
v 64.248 -4.000 32.000
v 64.000 -4.000 31.678
v 64.276 -4.000 33.000
v 64.000 -4.000 33.467
v 64.000 -4.500 34.000
v 64.000 -3.597 12.000
v 64.418 -3.000 13.000
v 64.000 -3.000 12.420
v 64.596 -3.000 14.000
v 64.620 -3.000 15.000
v 64.620 -3.000 16.000
v 64.598 -3.000 17.000
v 64.519 -3.000 18.000
v 64.502 -3.000 19.000
v 64.501 -3.000 20.000
v 64.500 -3.000 21.000
v 64.481 -3.000 22.000
v 64.299 -3.000 23.000
v 64.000 -3.000 23.436
v 64.000 -3.537 24.000
v 64.000 -3.655 32.000
v 64.000 -3.623 33.000
v 64.271 -2.000 13.000
v 64.000 -2.000 12.670
v 64.481 -2.000 14.000
v 64.501 -2.000 15.000
v 64.502 -2.000 16.000
v 64.501 -2.000 17.000
v 64.500 -2.000 18.000
v 64.500 -2.000 19.000
v 64.500 -2.000 20.000
v 64.498 -2.000 21.000
v 64.395 -2.000 22.000
v 64.000 -2.000 22.552
v 64.000 -2.542 23.000
v 64.000 -1.596 13.000
v 64.299 -1.000 14.000
v 64.000 -1.000 13.566
v 64.479 -1.000 15.000
v 64.498 -1.000 16.000
v 64.500 -1.000 17.000
v 64.500 -1.000 18.000
v 64.500 -1.000 19.000
v 64.499 -1.000 20.000
v 64.475 -1.000 21.000
v 64.215 -1.000 22.000
v 64.000 -1.000 22.222
v 64.000 -0.571 14.000
v 64.244 0.000 15.000
v 64.000 0.000 14.634
v 64.395 0.000 16.000
v 64.480 0.000 17.000
v 64.498 0.000 18.000
v 64.498 0.000 19.000
v 64.475 0.000 20.000
v 64.246 0.000 21.000
v 64.000 0.000 21.296
v 64.000 -0.737 22.000
v 64.000 0.254 15.000
v 64.000 0.544 16.000
v 64.242 1.000 17.000
v 64.000 1.000 16.617
v 64.373 1.000 18.000
v 64.372 1.000 19.000
v 64.215 1.000 20.000
v 64.000 1.000 20.263
v 64.000 0.296 21.000
v 64.000 1.254 17.000
v 64.000 1.463 18.000
v 64.000 1.447 19.000
v 64.000 1.221 20.000
v 63.545 -23.000 23.000
v 63.000 -23.000 23.415
v 63.000 -23.402 24.000
v 63.000 -23.497 25.000
v 63.000 -23.401 26.000
v 63.501 -23.000 27.000
v 63.000 -23.000 26.618
v 63.500 -22.000 22.000
v 63.000 -22.000 22.366
v 63.000 -22.627 23.000
v 63.000 -22.719 27.000
v 63.000 -22.420 28.000
v 63.543 -22.000 29.000
v 63.000 -22.000 28.589
v 63.499 -21.000 21.000
v 63.000 -21.000 21.366
v 63.000 -21.634 22.000
v 63.000 -21.628 29.000
v 63.150 -21.000 30.000
v 63.000 -21.000 29.853
v 63.000 -21.000 30.403
v 63.000 -21.156 31.000
v 63.536 -21.000 32.000
v 63.000 -21.000 31.306
v 63.000 -21.000 34.727
v 63.000 -21.177 35.000
v 63.000 -21.000 35.199
v 63.186 -21.000 38.000
v 63.000 -21.000 37.811
v 63.000 -21.178 38.000
v 63.000 -21.194 39.000
v 63.230 -21.000 39.000
v 63.000 -21.000 39.196
v 63.437 -20.000 20.000
v 63.000 -20.000 20.339
v 63.000 -20.634 21.000
v 63.000 -20.890 30.000
v 63.000 -20.691 32.000
v 63.000 -20.519 33.000
v 63.000 -20.612 34.000
v 63.000 -20.000 35.582
v 63.463 -20.000 38.000
v 63.000 -20.000 37.511
v 63.000 -20.000 39.451
v 63.000 -19.000 18.636
v 63.000 -19.299 19.000
v 63.000 -19.711 20.000
v 63.633 -19.000 35.000
v 63.000 -19.000 35.523
v 63.289 -19.000 38.000
v 63.000 -19.000 37.691
v 63.898 -19.000 39.000
v 63.000 -19.000 39.312
v 63.923 -18.000 16.000
v 63.000 -18.000 17.459
v 63.000 -18.478 18.000
v 63.385 -18.000 35.000
v 63.000 -18.000 35.299
v 63.000 -18.760 38.000
v 63.000 -18.690 39.000
v 63.824 -17.000 15.000
v 63.000 -17.000 15.573
v 63.000 -17.349 16.000
v 63.000 -17.622 17.000
v 63.000 -17.502 35.000
v 63.000 -17.000 34.700
v 63.000 -16.000 14.929
v 63.000 -16.125 15.000
v 63.656 -16.000 35.000
v 63.000 -16.000 34.503
v 63.000 -15.812 15.000
v 63.000 -15.000 15.266
v 63.386 -15.000 35.000
v 63.000 -15.000 34.622
v 63.276 -15.000 40.000
v 63.000 -15.000 39.512
v 63.000 -15.350 40.000
v 63.000 -15.328 41.000
v 63.270 -15.000 41.000
v 63.000 -15.000 41.426
v 63.000 -14.000 14.521
v 63.000 -14.650 15.000
v 63.000 -14.585 35.000
v 63.642 -14.000 36.000
v 63.000 -14.000 35.715
v 63.245 -14.000 38.000
v 63.000 -14.000 37.638
v 63.000 -14.307 38.000
v 63.000 -14.610 39.000
v 63.400 -14.000 39.000
v 63.480 -14.000 40.000
v 63.479 -14.000 41.000
v 63.000 -14.435 42.000
v 63.277 -14.000 42.000
v 63.000 -14.000 42.352
v 63.000 -13.000 13.722
v 63.000 -13.354 14.000
v 63.000 -13.769 36.000
v 63.000 -13.000 36.920
v 63.404 -13.000 38.000
v 63.000 -13.000 37.098
v 63.497 -13.000 39.000
v 63.498 -13.000 40.000
v 63.497 -13.000 41.000
v 63.376 -13.000 42.000
v 63.000 -13.000 42.466
v 63.000 -12.000 13.518
v 63.000 -12.916 37.000
v 63.543 -12.000 37.000
v 63.483 -12.000 38.000
v 63.481 -12.000 39.000
v 63.402 -12.000 40.000
v 63.378 -12.000 41.000
v 63.249 -12.000 42.000
v 63.000 -12.000 42.322
v 63.000 -11.000 13.380
v 63.542 -11.000 37.000
v 63.462 -11.000 38.000
v 63.305 -11.000 39.000
v 63.000 -11.000 39.528
v 63.000 -11.380 40.000
v 63.000 -11.506 41.000
v 63.000 -11.675 42.000
v 63.000 -10.000 12.622
v 63.000 -10.498 13.000
v 63.000 -10.100 37.000
v 63.000 -10.000 36.919
v 63.148 -10.000 38.000
v 63.000 -10.000 37.314
v 63.000 -10.000 38.267
v 63.000 -10.535 39.000
v 63.000 -9.000 12.503
v 63.606 -9.000 36.000
v 63.000 -9.000 36.571
v 63.000 -9.812 38.000
v 63.000 -8.000 12.499
v 63.501 -8.000 36.000
v 63.000 -8.000 36.505
v 63.000 -7.000 12.380
v 63.499 -7.000 36.000
v 63.000 -7.000 36.500
v 63.000 -6.000 11.622
v 63.000 -6.498 12.000
v 63.477 -6.000 36.000
v 63.000 -6.000 36.500
v 63.000 -5.000 11.504
v 63.753 -5.000 26.000
v 63.523 -5.000 27.000
v 63.000 -5.000 27.648
v 63.000 -5.276 28.000
v 63.000 -5.476 29.000
v 63.000 -5.355 30.000
v 63.642 -5.000 31.000
v 63.000 -5.000 30.418
v 63.692 -5.000 35.000
v 63.399 -5.000 36.000
v 63.000 -5.000 36.500
v 63.000 -4.000 11.520
v 63.605 -4.000 25.000
v 63.398 -4.000 26.000
v 63.216 -4.000 27.000
v 63.000 -4.000 27.230
v 63.474 -4.000 31.000
v 63.000 -4.000 30.519
v 63.694 -4.000 34.000
v 63.519 -4.000 35.000
v 63.380 -4.000 36.000
v 63.000 -4.000 36.499
v 63.553 -3.000 12.000
v 63.000 -3.000 11.624
v 63.470 -3.000 24.000
v 63.000 -3.000 24.520
v 63.000 -3.376 25.000
v 63.000 -3.526 26.000
v 63.000 -3.731 27.000
v 63.420 -3.000 31.000
v 63.000 -3.000 30.384
v 63.596 -3.000 32.000
v 63.598 -3.000 33.000
v 63.519 -3.000 34.000
v 63.498 -3.000 35.000
v 63.378 -3.000 36.000
v 63.000 -3.000 36.492
v 63.144 -2.000 12.000
v 63.000 -2.000 11.893
v 63.473 -2.000 23.000
v 63.000 -2.000 23.378
v 63.000 -2.603 24.000
v 63.279 -2.000 30.000
v 63.000 -2.000 29.625
v 63.000 -2.491 30.000
v 63.481 -2.000 31.000
v 63.501 -2.000 32.000
v 63.500 -2.000 33.000
v 63.481 -2.000 34.000
v 63.400 -2.000 35.000
v 63.250 -2.000 36.000
v 63.000 -2.000 36.326
v 63.000 -1.864 12.000
v 63.432 -1.000 13.000
v 63.000 -1.000 12.658
v 63.000 -1.610 23.000
v 63.000 -1.000 22.477
v 63.377 -1.000 30.000
v 63.000 -1.000 29.504
v 63.496 -1.000 31.000
v 63.481 -1.000 32.000
v 63.401 -1.000 33.000
v 63.279 -1.000 34.000
v 63.000 -1.000 34.500
v 63.000 -1.382 35.000
v 63.000 -1.656 36.000
v 63.000 -0.644 13.000
v 63.397 0.000 14.000
v 63.000 0.000 13.672
v 63.000 -0.505 22.000
v 63.000 0.000 21.499
v 63.250 0.000 30.000
v 63.000 0.000 29.652
v 63.377 0.000 31.000
v 63.279 0.000 32.000
v 63.000 0.000 32.500
v 63.000 -0.381 33.000
v 63.000 -0.619 34.000
v 63.000 0.270 14.000
v 63.000 0.555 15.000
v 63.217 1.000 16.000
v 63.000 1.000 15.830
v 63.000 0.498 21.000
v 63.000 1.000 20.487
v 63.000 0.348 30.000
v 63.000 0.496 31.000
v 63.000 0.380 32.000
v 63.000 1.126 16.000
v 63.000 1.502 17.000
v 63.441 2.000 18.000
v 63.000 2.000 17.550
v 63.219 2.000 19.000
v 63.000 2.000 19.206
v 63.000 1.453 20.000
v 63.236 3.000 18.000
v 63.000 3.000 17.755
v 63.000 3.000 18.252
v 63.000 2.208 19.000
v 63.109 4.000 16.000
v 63.000 4.000 15.779
v 63.000 3.860 16.000
v 63.000 4.000 16.276
v 63.881 4.000 18.000
v 63.000 4.000 17.436
v 63.000 4.000 18.329
v 63.271 4.000 23.000
v 63.000 4.000 22.595
v 63.000 3.666 23.000
v 63.000 3.508 24.000
v 63.378 4.000 24.000
v 63.000 3.500 25.000
v 63.380 4.000 25.000
v 63.000 3.502 26.000
v 63.378 4.000 26.000
v 63.000 3.620 27.000
v 63.279 4.000 27.000
v 63.000 4.000 27.499
v 63.244 5.000 15.000
v 63.000 5.000 14.684
v 63.000 4.581 15.000
v 63.241 5.000 16.000
v 63.000 5.000 16.445
v 63.643 5.000 18.000
v 63.000 5.000 17.672
v 63.000 5.000 18.169
v 63.271 5.000 22.000
v 63.000 5.000 21.670
v 63.000 4.596 22.000
v 63.479 5.000 23.000
v 63.498 5.000 24.000
v 63.498 5.000 25.000
v 63.498 5.000 26.000
v 63.480 5.000 27.000
v 63.000 4.403 28.000
v 63.377 5.000 28.000
v 63.000 4.819 29.000
v 63.117 5.000 29.000
v 63.000 5.000 29.168
v 63.093 6.000 15.000
v 63.000 6.000 14.874
v 63.000 6.000 15.165
v 63.000 5.367 16.000
v 63.000 5.161 18.000
v 63.376 6.000 22.000
v 63.000 6.000 21.534
v 63.498 6.000 23.000
v 63.500 6.000 24.000
v 63.500 6.000 25.000
v 63.499 6.000 26.000
v 63.479 6.000 27.000
v 63.297 6.000 28.000
v 63.000 6.000 28.454
v 63.000 5.218 29.000
v 63.000 6.113 15.000
v 63.278 7.000 22.000
v 63.000 7.000 21.648
v 63.479 7.000 23.000
v 63.498 7.000 24.000
v 63.498 7.000 25.000
v 63.479 7.000 26.000
v 63.299 7.000 27.000
v 63.000 7.000 27.435
v 63.000 6.433 28.000
v 63.000 7.461 22.000
v 63.278 8.000 23.000
v 63.000 8.000 22.539
v 63.378 8.000 24.000
v 63.373 8.000 25.000
v 63.244 8.000 26.000
v 63.000 8.000 26.366
v 63.000 7.429 27.000
v 63.000 8.352 23.000
v 63.000 8.467 24.000
v 63.000 8.444 25.000
v 63.000 8.253 26.000
v 62.000 -23.000 23.531
v 62.000 -23.378 24.000
v 62.000 -23.478 25.000
v 62.000 -23.279 26.000
v 62.000 -23.000 26.376
v 62.000 -22.000 22.498
v 62.000 -22.501 23.000
v 62.000 -22.580 27.000
v 62.000 -22.280 28.000
v 62.000 -22.000 28.355
v 62.000 -21.000 21.498
v 62.000 -21.502 22.000
v 62.000 -21.478 29.000
v 62.000 -21.000 29.548
v 62.780 -21.000 31.000
v 62.000 -21.000 34.888
v 62.000 -21.071 35.000
v 62.000 -21.000 35.105
v 62.000 -21.000 37.535
v 62.000 -21.369 38.000
v 62.000 -21.343 39.000
v 62.000 -21.000 39.343
v 62.000 -20.000 20.487
v 62.000 -20.502 21.000
v 62.000 -20.645 30.000
v 62.000 -20.561 31.000
v 62.000 -20.421 32.000
v 62.000 -20.404 33.000
v 62.000 -20.577 34.000
v 62.000 -20.473 36.000
v 62.517 -20.000 36.000
v 62.000 -20.492 37.000
v 62.492 -20.000 37.000
v 62.000 -20.000 39.473
v 62.321 -19.000 19.000
v 62.000 -19.000 19.201
v 62.000 -19.547 20.000
v 62.502 -19.000 36.000
v 62.422 -19.000 37.000
v 62.000 -19.000 39.207
v 62.000 -18.000 17.515
v 62.000 -18.417 18.000
v 62.000 -18.846 19.000
v 62.000 -18.485 36.000
v 62.000 -18.000 35.582
v 62.000 -18.649 37.000
v 62.000 -18.630 38.000
v 62.000 -18.794 39.000
v 62.602 -17.000 16.000
v 62.000 -17.000 16.494
v 62.000 -17.505 17.000
v 62.243 -17.000 35.000
v 62.000 -17.000 35.110
v 62.920 -16.000 15.000
v 62.095 -16.000 16.000
v 62.000 -16.000 16.081
v 62.206 -16.000 33.000
v 62.000 -16.204 33.000
v 62.000 -16.000 32.748
v 62.476 -16.000 34.000
v 62.000 -16.413 34.000
v 62.000 -16.882 35.000
v 62.255 -16.000 39.000
v 62.000 -16.000 38.632
v 62.000 -16.246 39.000
v 62.000 -16.373 40.000
v 62.443 -16.000 40.000
v 62.000 -16.272 41.000
v 62.331 -16.000 41.000
v 62.000 -16.000 41.453
v 62.000 -15.892 16.000
v 62.000 -15.000 15.432
v 62.015 -15.000 32.000
v 62.000 -15.021 32.000
v 62.000 -15.000 31.985
v 62.348 -15.000 33.000
v 62.496 -15.000 34.000
v 62.396 -15.000 38.000
v 62.000 -15.000 37.474
v 62.000 -15.465 38.000
v 62.701 -15.000 39.000
v 62.000 -15.620 42.000
v 62.596 -15.000 42.000
v 62.000 -15.274 43.000
v 62.231 -15.000 43.000
v 62.000 -15.000 43.236
v 62.000 -14.000 14.601
v 62.000 -14.506 15.000
v 62.000 -14.979 32.000
v 62.000 -14.562 33.000
v 62.000 -14.401 34.000
v 62.212 -14.000 35.000
v 62.000 -14.000 34.740
v 62.000 -14.373 36.000
v 62.000 -14.000 35.265
v 62.652 -14.000 36.000
v 62.000 -14.617 37.000
v 62.549 -14.000 37.000
v 62.471 -14.000 43.000
v 62.000 -14.000 43.493
v 62.502 -13.000 14.000
v 62.000 -13.000 14.281
v 62.000 -13.868 35.000
v 62.939 -13.000 37.000
v 62.499 -13.000 43.000
v 62.000 -13.000 43.529
v 62.000 -12.000 13.598
v 62.000 -12.618 14.000
v 62.470 -12.000 43.000
v 62.000 -12.000 43.498
v 62.000 -11.000 13.405
v 62.720 -11.000 40.000
v 62.602 -11.000 41.000
v 62.497 -11.000 42.000
v 62.231 -11.000 43.000
v 62.000 -11.000 43.248
v 62.000 -10.000 12.750
v 62.000 -10.348 13.000
v 62.927 -10.000 37.000
v 62.597 -10.000 39.000
v 62.398 -10.000 40.000
v 62.274 -10.000 41.000
v 62.000 -10.000 41.455
v 62.000 -10.395 42.000
v 62.000 -10.725 43.000
v 62.000 -9.000 12.600
v 62.629 -9.000 37.000
v 62.351 -9.000 38.000
v 62.000 -9.000 38.487
v 62.000 -9.377 39.000
v 62.000 -9.525 40.000
v 62.000 -9.668 41.000
v 62.000 -8.000 12.518
v 62.500 -8.000 37.000
v 62.000 -8.000 37.482
v 62.000 -8.620 38.000
v 62.000 -7.000 12.382
v 62.471 -7.000 37.000
v 62.000 -7.000 37.382
v 62.000 -6.000 11.622
v 62.000 -6.497 12.000
v 62.495 -6.000 37.000
v 62.000 -6.000 37.455
v 62.000 -5.000 11.504
v 62.584 -5.000 28.000
v 62.000 -5.000 28.541
v 62.000 -5.319 29.000
v 62.000 -5.047 30.000
v 62.000 -5.000 30.045
v 62.583 -5.000 37.000
v 62.000 -5.081 38.000
v 62.063 -5.000 38.000
v 62.000 -5.000 38.059
v 62.000 -4.000 11.521
v 62.000 -4.348 28.000
v 62.000 -4.000 27.768
v 62.424 -4.000 30.000
v 62.000 -4.000 29.456
v 62.000 -4.910 30.000
v 62.614 -4.000 37.000
v 62.321 -4.000 38.000
v 62.000 -4.000 38.317
v 62.000 -3.000 11.697
v 62.591 -3.000 25.000
v 62.475 -3.000 26.000
v 62.368 -3.000 27.000
v 62.000 -3.000 27.715
v 62.326 -3.000 29.000
v 62.000 -3.000 28.279
v 62.000 -3.517 29.000
v 62.702 -3.000 30.000
v 62.597 -3.000 37.000
v 62.206 -3.000 38.000
v 62.000 -3.000 38.203
v 62.000 -2.514 12.000
v 62.782 -2.000 12.000
v 62.000 -2.000 12.328
v 62.000 -2.262 24.000
v 62.000 -2.000 23.694
v 62.000 -2.570 25.000
v 62.000 -2.583 26.000
v 62.000 -2.495 27.000
v 62.000 -2.000 27.497
v 62.308 -2.000 28.000
v 62.000 -2.714 28.000
v 62.578 -2.000 29.000
v 62.474 -2.000 37.000
v 62.000 -2.000 37.470
v 62.000 -2.732 38.000
v 62.000 -1.000 12.713
v 62.000 -1.298 23.000
v 62.000 -1.000 22.702
v 62.403 -1.000 28.000
v 62.000 -1.000 27.386
v 62.618 -1.000 29.000
v 62.720 -1.000 35.000
v 62.579 -1.000 36.000
v 62.252 -1.000 37.000
v 62.000 -1.000 37.243
v 62.000 -0.665 13.000
v 62.000 0.000 13.702
v 62.000 -0.334 22.000
v 62.000 0.000 21.647
v 62.306 0.000 27.000
v 62.000 0.000 26.507
v 62.000 -0.524 27.000
v 62.482 0.000 28.000
v 62.597 0.000 29.000
v 62.721 0.000 33.000
v 62.599 0.000 34.000
v 62.518 0.000 35.000
v 62.397 0.000 36.000
v 62.000 0.000 36.544
v 62.000 -0.616 37.000
v 62.000 0.243 14.000
v 62.000 0.437 15.000
v 62.802 1.000 16.000
v 62.000 0.606 16.000
v 62.284 1.000 17.000
v 62.000 0.800 17.000
v 62.000 1.000 17.221
v 62.000 0.523 21.000
v 62.000 1.000 20.459
v 62.306 1.000 26.000
v 62.000 1.000 25.471
v 62.000 0.507 26.000
v 62.480 1.000 27.000
v 62.500 1.000 28.000
v 62.518 1.000 29.000
v 62.598 1.000 30.000
v 62.619 1.000 31.000
v 62.598 1.000 32.000
v 62.519 1.000 33.000
v 62.501 1.000 34.000
v 62.480 1.000 35.000
v 62.244 1.000 36.000
v 62.000 1.000 36.254
v 62.000 2.000 17.534
v 62.656 2.000 19.000
v 62.000 1.681 19.000
v 62.000 2.000 18.604
v 62.000 1.375 20.000
v 62.280 2.000 24.000
v 62.000 2.000 23.562
v 62.000 1.619 24.000
v 62.000 1.381 25.000
v 62.402 2.000 25.000
v 62.482 2.000 26.000
v 62.501 2.000 27.000
v 62.500 2.000 28.000
v 62.500 2.000 29.000
v 62.501 2.000 30.000
v 62.502 2.000 31.000
v 62.501 2.000 32.000
v 62.500 2.000 33.000
v 62.498 2.000 34.000
v 62.395 2.000 35.000
v 62.000 2.000 35.544
v 62.000 1.386 36.000
v 62.287 3.000 15.000
v 62.000 3.000 14.589
v 62.000 2.659 15.000
v 62.000 2.617 16.000
v 62.348 3.000 16.000
v 62.000 3.000 16.769
v 62.000 3.000 17.202
v 62.000 3.000 18.374
v 62.394 3.000 23.000
v 62.000 3.000 22.532
v 62.000 2.508 23.000
v 62.600 3.000 24.000
v 62.619 3.000 25.000
v 62.620 3.000 26.000
v 62.598 3.000 27.000
v 62.519 3.000 28.000
v 62.502 3.000 29.000
v 62.500 3.000 30.000
v 62.500 3.000 31.000
v 62.500 3.000 32.000
v 62.499 3.000 33.000
v 62.479 3.000 34.000
v 62.244 3.000 35.000
v 62.000 3.000 35.254
v 62.289 4.000 14.000
v 62.000 4.000 13.662
v 62.000 3.587 14.000
v 62.671 4.000 15.000
v 62.000 3.156 17.000
v 62.670 4.000 17.000
v 62.000 4.000 18.343
v 62.468 4.000 22.000
v 62.000 4.000 21.607
v 62.000 3.533 22.000
v 62.720 4.000 28.000
v 62.598 4.000 29.000
v 62.517 4.000 30.000
v 62.499 4.000 31.000
v 62.498 4.000 32.000
v 62.479 4.000 33.000
v 62.299 4.000 34.000
v 62.000 4.000 34.429
v 62.000 3.366 35.000
v 62.473 5.000 14.000
v 62.000 5.000 13.504
v 62.516 5.000 17.000
v 62.000 5.000 18.132
v 62.299 5.000 21.000
v 62.000 5.000 20.757
v 62.000 4.697 21.000
v 62.553 5.000 30.000
v 62.383 5.000 31.000
v 62.373 5.000 32.000
v 62.271 5.000 33.000
v 62.000 5.000 33.405
v 62.000 4.435 34.000
v 62.363 6.000 14.000
v 62.000 6.000 13.604
v 62.422 6.000 16.000
v 62.000 6.000 16.352
v 62.000 5.364 17.000
v 62.000 5.130 18.000
v 62.467 6.000 21.000
v 62.000 6.000 20.622
v 62.572 6.000 29.000
v 62.223 6.000 30.000
v 62.000 6.000 30.294
v 62.000 5.469 31.000
v 62.000 5.446 32.000
v 62.000 5.330 33.000
v 62.000 6.439 14.000
v 62.000 6.921 15.000
v 62.000 6.333 16.000
v 62.445 7.000 21.000
v 62.000 7.000 20.627
v 62.442 7.000 28.000
v 62.000 7.000 28.385
v 62.000 6.492 29.000
v 62.000 6.213 30.000
v 62.254 8.000 21.000
v 62.000 8.000 20.756
v 62.673 8.000 22.000
v 62.398 8.000 27.000
v 62.000 8.000 27.329
v 62.000 7.365 28.000
v 62.000 8.359 21.000
v 62.254 9.000 22.000
v 62.000 9.000 21.641
v 62.445 9.000 23.000
v 62.467 9.000 24.000
v 62.320 9.000 25.000
v 62.000 9.000 25.340
v 62.000 8.576 26.000
v 62.000 8.270 27.000
v 62.000 9.244 22.000
v 62.000 9.373 23.000
v 62.000 9.377 24.000
v 62.000 9.247 25.000
v 61.000 -23.000 23.680
v 61.000 -23.247 24.000
v 61.000 -23.276 25.000
v 61.531 -23.000 26.000
v 61.000 -23.000 25.466
v 61.000 -22.000 22.506
v 61.000 -22.475 23.000
v 61.000 -22.692 26.000
v 61.000 -22.420 27.000
v 61.508 -22.000 28.000
v 61.000 -22.000 27.616
v 61.000 -21.000 21.495
v 61.000 -21.500 22.000
v 61.000 -21.703 28.000
v 61.000 -21.299 29.000
v 61.000 -21.000 29.390
v 61.863 -21.000 35.000
v 61.000 -21.000 37.538
v 61.000 -21.368 38.000
v 61.000 -21.341 39.000
v 61.000 -21.000 39.341
v 61.000 -20.000 20.361
v 61.000 -20.523 21.000
v 61.000 -20.597 30.000
v 61.000 -20.405 31.000
v 61.339 -20.000 32.000
v 61.000 -20.000 31.657
v 61.376 -20.000 33.000
v 61.000 -20.000 33.454
v 61.000 -20.340 34.000
v 61.000 -20.627 35.000
v 61.000 -20.411 36.000
v 61.000 -20.470 37.000
v 61.000 -20.000 39.372
v 61.678 -19.000 19.000
v 61.000 -19.000 18.637
v 61.000 -19.298 19.000
v 61.000 -19.704 20.000
v 61.000 -19.754 32.000
v 61.000 -19.724 33.000
v 61.419 -19.000 38.000
v 61.000 -19.320 38.000
v 61.000 -19.000 37.440
v 61.729 -19.000 39.000
v 61.000 -19.558 39.000
v 61.000 -18.000 17.505
v 61.000 -18.477 18.000
v 61.000 -18.501 36.000
v 61.000 -18.000 35.516
v 61.000 -18.758 37.000
v 61.000 -17.000 16.521
v 61.000 -17.496 17.000
v 61.798 -17.000 35.000
v 61.000 -17.430 35.000
v 61.000 -17.000 34.460
v 61.808 -16.000 16.000
v 61.000 -16.000 15.717
v 61.000 -16.358 16.000
v 61.000 -16.419 33.000
v 61.000 -16.000 32.415
v 61.000 -16.689 34.000
v 61.438 -16.000 38.000
v 61.000 -16.000 37.533
v 61.000 -16.318 38.000
v 61.000 -16.577 39.000
v 61.000 -16.596 40.000
v 61.000 -16.500 41.000
v 61.000 -16.401 42.000
v 61.582 -16.000 42.000
v 61.000 -16.261 43.000
v 61.306 -16.000 43.000
v 61.000 -16.000 43.327
v 61.000 -15.000 15.399
v 61.000 -15.574 32.000
v 61.000 -15.000 31.554
v 61.313 -15.000 36.000
v 61.000 -15.000 35.680
v 61.000 -15.267 36.000
v 61.000 -15.598 37.000
v 61.628 -15.000 37.000
v 61.000 -15.000 43.762
v 61.000 -14.000 14.620
v 61.000 -14.493 15.000
v 61.258 -14.000 32.000
v 61.000 -14.000 31.779
v 61.443 -14.000 33.000
v 61.446 -14.000 34.000
v 61.000 -14.000 35.157
v 61.000 -14.706 44.000
v 61.521 -14.000 44.000
v 61.000 -14.269 45.000
v 61.215 -14.000 45.000
v 61.000 -14.000 45.226
v 61.000 -13.000 14.404
v 61.000 -13.790 32.000
v 61.000 -13.648 33.000
v 61.000 -13.732 34.000
v 61.000 -13.854 35.000
v 61.617 -13.000 44.000
v 61.374 -13.000 45.000
v 61.000 -13.000 45.449
v 61.000 -12.000 13.749
v 61.000 -12.349 14.000
v 61.543 -12.000 44.000
v 61.358 -12.000 45.000
v 61.000 -12.000 45.472
v 61.000 -11.000 13.582
v 61.000 -11.102 44.000
v 61.000 -11.000 43.915
v 61.238 -11.000 45.000
v 61.000 -11.000 44.214
v 61.000 -11.000 45.326
v 61.656 -10.000 13.000
v 61.000 -10.000 13.421
v 61.625 -10.000 42.000
v 61.310 -10.000 43.000
v 61.000 -10.000 43.357
v 61.000 -10.077 45.000
v 61.390 -9.000 13.000
v 61.000 -9.000 13.298
v 61.585 -9.000 39.000
v 61.469 -9.000 40.000
v 61.331 -9.000 41.000
v 61.000 -9.000 41.454
v 61.000 -9.376 42.000
v 61.000 -9.690 43.000
v 61.000 -8.000 12.746
v 61.000 -8.458 13.000
v 61.000 -8.368 38.000
v 61.000 -8.000 37.645
v 61.000 -8.596 39.000
v 61.000 -8.622 40.000
v 61.000 -8.728 41.000
v 61.000 -7.000 12.507
v 61.000 -7.000 37.500
v 61.000 -6.000 11.758
v 61.000 -6.318 12.000
v 61.000 -6.000 37.516
v 61.000 -5.000 11.629
v 61.351 -5.000 29.000
v 61.946 -5.000 30.000
v 61.869 -5.000 38.000
v 61.000 -5.000 37.689
v 61.000 -4.000 11.755
v 61.775 -4.000 28.000
v 61.657 -4.000 29.000
v 61.000 -4.459 38.000
v 61.000 -4.000 38.273
v 61.000 -3.610 12.000
v 61.542 -3.000 12.000
v 61.000 -3.000 12.423
v 61.857 -3.000 28.000
v 61.000 -3.000 38.244
v 61.000 -2.000 12.707
v 61.693 -2.000 24.000
v 61.000 -2.000 24.785
v 61.000 -2.172 25.000
v 61.000 -2.059 26.000
v 61.651 -2.000 27.000
v 61.000 -2.000 26.072
v 61.000 -2.664 38.000
v 61.000 -2.000 37.576
v 61.000 -1.582 13.000
v 61.587 -1.000 13.000
v 61.000 -1.000 13.529
v 61.752 -1.000 23.000
v 61.428 -1.000 24.000
v 61.000 -1.000 24.828
v 61.332 -1.000 26.000
v 61.000 -1.000 25.227
v 61.000 -1.881 26.000
v 61.706 -1.000 27.000
v 61.000 -1.000 37.377
v 61.696 0.000 14.000
v 61.000 -0.604 14.000
v 61.382 0.000 15.000
v 61.000 -0.296 15.000
v 61.000 0.000 15.501
v 61.640 0.000 22.000
v 61.503 0.000 23.000
v 61.484 0.000 24.000
v 61.000 -0.837 25.000
v 61.444 0.000 25.000
v 61.676 0.000 26.000
v 61.212 0.000 37.000
v 61.000 0.000 37.116
v 61.000 0.372 16.000
v 61.000 0.609 17.000
v 61.000 1.000 17.415
v 61.034 1.000 19.000
v 61.000 0.974 19.000
v 61.000 1.000 18.958
v 61.000 1.000 19.076
v 61.000 0.603 21.000
v 61.000 1.000 20.363
v 61.000 0.523 22.000
v 61.398 1.000 23.000
v 61.000 1.000 22.516
v 61.597 1.000 24.000
v 61.720 1.000 25.000
v 61.000 0.164 37.000
v 61.000 1.000 36.535
v 61.335 2.000 15.000
v 61.000 2.000 14.594
v 61.000 1.700 15.000
v 61.000 1.643 16.000
v 61.351 2.000 16.000
v 61.000 2.000 16.675
v 61.000 2.000 17.263
v 61.000 2.000 18.395
v 61.000 1.252 20.000
v 61.573 2.000 23.000
v 61.000 2.000 22.524
v 61.268 2.000 36.000
v 61.000 2.000 36.153
v 61.493 3.000 14.000
v 61.000 3.000 13.507
v 61.000 2.506 14.000
v 61.000 2.263 17.000
v 61.796 3.000 17.000
v 61.000 3.000 18.211
v 61.245 3.000 22.000
v 61.000 3.000 21.854
v 61.000 2.805 22.000
v 61.000 2.214 36.000
v 61.000 3.000 35.556
v 61.338 4.000 13.000
v 61.000 4.000 12.710
v 61.000 3.585 13.000
v 61.000 4.000 17.456
v 61.516 4.000 18.000
v 61.000 3.335 18.000
v 61.000 4.000 21.419
v 61.430 4.000 35.000
v 61.000 4.000 35.300
v 61.516 5.000 13.000
v 61.000 5.000 12.427
v 61.509 5.000 17.000
v 61.000 4.499 17.000
v 61.000 5.000 16.625
v 61.862 5.000 18.000
v 61.000 5.000 20.622
v 61.000 4.513 21.000
v 61.493 5.000 34.000
v 61.000 5.000 34.493
v 61.000 4.436 35.000
v 61.098 6.000 12.000
v 61.000 6.000 11.902
v 61.000 5.819 12.000
v 61.558 6.000 13.000
v 61.000 6.000 16.231
v 61.000 6.000 20.503
v 61.000 5.719 31.000
v 61.000 6.000 30.465
v 61.323 6.000 32.000
v 61.000 6.000 31.536
v 61.328 6.000 33.000
v 61.000 6.000 33.402
v 61.000 5.492 34.000
v 61.000 6.164 12.000
v 61.249 7.000 13.000
v 61.000 7.000 12.648
v 61.398 7.000 14.000
v 61.000 7.000 14.445
v 61.000 6.668 15.000
v 61.000 6.231 16.000
v 61.000 7.000 20.502
v 61.000 6.520 29.000
v 61.000 7.000 28.492
v 61.000 6.251 30.000
v 61.000 6.250 32.000
v 61.000 6.269 33.000
v 61.000 7.239 13.000
v 61.000 7.267 14.000
v 61.000 8.000 20.541
v 61.000 7.469 28.000
v 61.000 8.000 27.351
v 61.164 9.000 21.000
v 61.000 9.000 20.903
v 61.000 8.577 26.000
v 61.000 9.000 25.371
v 61.000 8.277 27.000
v 61.000 9.097 21.000
v 61.000 9.458 22.000
v 61.000 9.496 23.000
v 61.000 9.477 24.000
v 61.000 9.276 25.000
v 60.660 -23.000 24.000
v 60.623 -23.000 25.000
v 60.000 -22.000 22.640
v 60.000 -22.295 23.000
v 60.000 -22.577 24.000
v 60.000 -22.597 25.000
v 60.000 -22.500 26.000
v 60.000 -22.282 27.000
v 60.000 -22.000 27.367
v 60.000 -21.000 21.482
v 60.000 -21.476 22.000
v 60.000 -21.525 28.000
v 60.318 -21.000 29.000
v 60.000 -21.000 28.798
v 60.000 -21.000 37.823
v 60.000 -21.167 38.000
v 60.000 -21.158 39.000
v 60.000 -21.000 39.158
v 60.490 -20.000 20.000
v 60.000 -20.000 19.648
v 60.000 -20.278 20.000
v 60.000 -20.601 21.000
v 60.000 -20.848 29.000
v 60.000 -20.538 30.000
v 60.000 -20.405 31.000
v 60.000 -20.000 31.624
v 60.453 -20.000 34.000
v 60.000 -20.000 34.410
v 60.000 -20.944 35.000
v 60.501 -20.000 36.000
v 60.000 -20.000 35.483
v 60.551 -20.000 37.000
v 60.000 -20.000 37.735
v 60.000 -20.000 39.160
v 60.000 -19.000 18.506
v 60.000 -19.475 19.000
v 60.000 -19.724 32.000
v 60.000 -19.518 33.000
v 60.000 -19.658 34.000
v 60.482 -19.000 36.000
v 60.000 -19.000 35.563
v 60.749 -19.000 37.000
v 60.000 -19.789 38.000
v 60.000 -19.839 39.000
v 60.000 -18.000 17.500
v 60.000 -18.499 18.000
v 60.000 -18.000 35.230
v 60.000 -17.000 16.503
v 60.000 -17.498 17.000
v 60.527 -17.000 34.000
v 60.000 -17.414 34.000
v 60.000 -17.000 33.474
v 60.000 -17.763 35.000
v 60.373 -17.000 39.000
v 60.000 -17.000 38.511
v 60.000 -17.278 39.000
v 60.000 -17.277 40.000
v 60.377 -17.000 40.000
v 60.000 -17.000 40.468
v 60.000 -16.000 15.623
v 60.000 -16.466 16.000
v 60.461 -16.000 32.000
v 60.000 -16.291 32.000
v 60.000 -16.000 31.661
v 60.000 -16.679 33.000
v 60.500 -16.000 37.000
v 60.000 -16.000 36.438
v 60.000 -16.402 37.000
v 60.000 -16.702 38.000
v 60.000 -16.694 41.000
v 60.000 -16.520 42.000
v 60.000 -16.572 43.000
v 60.000 -16.947 44.000
v 60.450 -16.000 44.000
v 60.000 -16.000 44.445
v 60.000 -15.000 15.406
v 60.144 -15.000 31.000
v 60.000 -15.144 31.000
v 60.000 -15.000 30.893
v 60.376 -15.000 35.000
v 60.000 -15.000 34.555
v 60.000 -15.376 35.000
v 60.000 -15.706 36.000
v 60.765 -15.000 44.000
v 60.000 -15.324 45.000
v 60.310 -15.000 45.000
v 60.000 -15.000 45.263
v 60.000 -14.000 14.750
v 60.000 -14.347 15.000
v 60.000 -14.802 31.000
v 60.000 -14.000 31.479
v 60.577 -14.000 34.000
v 60.000 -14.000 33.453
v 60.000 -14.480 34.000
v 60.845 -14.000 35.000
v 60.000 -14.000 45.677
v 60.000 -13.000 14.582
v 60.000 -13.630 32.000
v 60.000 -13.705 33.000
v 60.000 -13.531 46.000
v 60.416 -13.000 46.000
v 60.000 -13.000 46.470
v 60.655 -12.000 14.000
v 60.000 -12.000 14.421
v 60.598 -12.000 46.000
v 60.000 -12.355 47.000
v 60.236 -12.000 47.000
v 60.000 -12.000 47.235
v 60.378 -11.000 14.000
v 60.000 -11.000 14.281
v 60.911 -11.000 44.000
v 60.518 -11.000 46.000
v 60.205 -11.000 47.000
v 60.000 -11.000 47.206
v 60.000 -10.000 13.728
v 60.000 -10.489 14.000
v 60.000 -10.027 44.000
v 60.000 -10.000 43.975
v 60.958 -10.000 45.000
v 60.000 -10.000 44.038
v 60.000 -10.000 45.637
v 60.000 -10.331 46.000
v 60.000 -10.746 47.000
v 60.000 -9.000 13.730
v 60.582 -9.000 42.000
v 60.269 -9.000 43.000
v 60.000 -9.000 43.308
v 60.000 -9.041 45.000
v 60.725 -8.000 13.000
v 60.000 -8.288 14.000
v 60.125 -8.000 14.000
v 60.000 -8.000 14.130
v 60.000 -8.349 38.000
v 60.000 -8.000 37.651
v 60.000 -8.499 39.000
v 60.000 -8.502 40.000
v 60.000 -8.518 41.000
v 60.000 -8.600 42.000
v 60.000 -8.783 43.000
v 60.423 -7.000 13.000
v 60.000 -7.000 13.492
v 60.000 -7.783 14.000
v 60.000 -7.000 37.482
v 60.700 -6.000 12.000
v 60.000 -6.000 12.664
v 60.000 -6.435 13.000
v 60.000 -6.000 37.402
v 60.557 -5.000 12.000
v 60.000 -5.000 12.614
v 60.000 -5.000 37.398
v 60.742 -4.000 12.000
v 60.000 -4.383 13.000
v 60.226 -4.000 13.000
v 60.000 -4.000 13.214
v 60.653 -4.000 38.000
v 60.000 -4.000 37.472
v 60.325 -3.000 13.000
v 60.000 -3.000 13.261
v 60.683 -3.000 38.000
v 60.000 -3.000 37.450
v 60.534 -2.000 13.000
v 60.000 -2.000 13.468
v 60.832 -2.000 25.000
v 60.945 -2.000 26.000
v 60.000 -2.000 37.255
v 60.500 -1.000 14.000
v 60.000 -1.488 14.000
v 60.000 -1.000 14.587
v 60.887 -1.000 25.000
v 60.446 -1.000 37.000
v 60.000 -1.586 37.000
v 60.000 -1.000 36.604
v 60.000 -0.719 15.000
v 60.612 0.000 16.000
v 60.000 -0.497 16.000
v 60.279 0.000 17.000
v 60.000 -0.275 17.000
v 60.000 0.000 17.247
v 60.836 0.000 37.000
v 60.000 0.000 36.475
v 60.000 1.000 17.293
v 60.000 0.715 19.000
v 60.000 1.000 18.661
v 60.000 1.000 19.789
v 60.000 0.597 21.000
v 60.000 1.000 20.119
v 60.000 0.652 22.000
v 60.000 1.000 22.350
v 60.000 1.000 36.295
v 60.476 2.000 14.000
v 60.000 2.000 13.495
v 60.000 1.579 14.000
v 60.000 1.393 15.000
v 60.000 1.386 16.000
v 60.000 1.338 17.000
v 60.738 2.000 17.000
v 60.000 2.000 18.345
v 60.000 1.074 20.000
v 60.000 2.000 22.482
v 60.699 2.000 36.000
v 60.000 1.475 36.000
v 60.000 2.000 35.692
v 60.470 3.000 13.000
v 60.000 3.000 12.604
v 60.000 2.500 13.000
v 60.000 3.000 16.768
v 60.363 3.000 17.000
v 60.000 2.638 17.000
v 60.000 2.396 18.000
v 60.727 3.000 18.000
v 60.686 3.000 22.000
v 60.000 3.000 22.281
v 60.000 3.000 35.518
v 60.000 4.000 12.298
v 60.623 4.000 17.000
v 60.000 4.000 16.401
v 60.000 4.000 21.478
v 60.000 3.356 22.000
v 60.000 4.000 35.479
v 60.457 5.000 12.000
v 60.000 5.000 11.696
v 60.000 4.481 12.000
v 60.372 5.000 16.000
v 60.000 4.527 16.000
v 60.000 5.000 15.632
v 60.000 5.000 20.622
v 60.000 4.527 21.000
v 60.403 5.000 35.000
v 60.000 5.000 35.269
v 60.000 6.000 11.567
v 60.728 6.000 16.000
v 60.000 6.000 15.336
v 60.000 6.000 20.504
v 60.166 6.000 29.000
v 60.000 5.878 29.000
v 60.000 6.000 28.852
v 60.646 6.000 30.000
v 60.000 5.552 30.000
v 60.000 5.629 31.000
v 60.000 6.000 31.484
v 60.403 6.000 34.000
v 60.000 6.000 34.328
v 60.000 5.328 35.000
v 60.098 7.000 12.000
v 60.000 7.000 11.943
v 60.000 6.342 15.000
v 60.000 7.000 14.301
v 60.000 7.000 20.521
v 60.000 7.000 28.253
v 60.000 6.377 32.000
v 60.000 6.477 33.000
v 60.000 6.269 34.000
v 60.000 7.056 12.000
v 60.000 7.349 13.000
v 60.000 7.239 14.000
v 60.000 8.000 20.702
v 60.540 8.000 27.000
v 60.000 7.671 27.000
v 60.000 8.000 26.498
v 60.000 7.242 28.000
v 60.000 8.427 21.000
v 60.833 9.000 21.000
v 60.000 9.000 21.603
v 60.541 9.000 25.000
v 60.000 8.674 25.000
v 60.000 9.000 24.461
v 60.000 8.323 26.000
v 60.000 9.270 22.000
v 60.000 9.376 23.000
v 60.000 9.278 24.000
v 59.530 -22.000 23.000
v 59.000 -22.000 23.504
v 59.000 -22.310 24.000
v 59.000 -22.483 25.000
v 59.000 -22.425 26.000
v 59.264 -22.000 27.000
v 59.000 -22.000 26.829
v 59.000 -21.000 21.618
v 59.000 -21.297 22.000
v 59.000 -21.676 23.000
v 59.000 -21.883 27.000
v 59.000 -21.627 28.000
v 59.000 -21.404 29.000
v 59.727 -21.000 29.000
v 59.000 -21.000 29.574
v 59.833 -21.000 38.000
v 59.842 -21.000 39.000
v 59.000 -20.000 19.649
v 59.000 -20.277 20.000
v 59.000 -20.577 21.000
v 59.000 -20.729 30.000
v 59.000 -20.603 31.000
v 59.000 -20.367 32.000
v 59.533 -20.000 32.000
v 59.000 -20.000 32.377
v 59.000 -20.000 34.852
v 59.000 -20.571 35.000
v 59.000 -20.000 35.132
v 59.800 -20.000 38.000
v 59.841 -20.000 39.000
v 59.000 -19.000 18.507
v 59.000 -19.474 19.000
v 59.000 -19.350 33.000
v 59.382 -19.000 34.000
v 59.000 -19.000 33.461
v 59.000 -19.000 34.982
v 59.000 -19.000 35.008
v 59.000 -18.000 17.525
v 59.000 -18.493 18.000
v 59.486 -18.000 34.000
v 59.000 -18.000 33.401
v 59.000 -18.990 35.000
v 59.745 -18.000 35.000
v 59.000 -17.000 16.629
v 59.000 -17.387 17.000
v 59.555 -17.000 33.000
v 59.000 -17.557 33.000
v 59.000 -17.000 32.471
v 59.306 -17.000 37.000
v 59.000 -17.000 36.677
v 59.000 -17.244 37.000
v 59.000 -17.401 38.000
v 59.610 -17.000 38.000
v 59.000 -17.480 39.000
v 59.000 -17.478 40.000
v 59.000 -17.304 41.000
v 59.497 -17.000 41.000
v 59.000 -17.000 41.500
v 59.870 -17.000 44.000
v 59.000 -17.000 43.715
v 59.000 -17.172 44.000
v 59.000 -17.000 44.185
v 59.000 -16.000 15.758
v 59.000 -16.300 16.000
v 59.000 -16.603 32.000
v 59.000 -16.000 31.373
v 59.311 -16.000 35.000
v 59.000 -16.000 34.694
v 59.000 -16.257 35.000
v 59.000 -16.503 36.000
v 59.640 -16.000 36.000
v 59.000 -16.696 42.000
v 59.000 -16.642 43.000
v 59.000 -16.000 44.620
v 59.000 -15.000 15.605
v 59.000 -15.591 31.000
v 59.000 -15.000 30.528
v 59.444 -15.000 34.000
v 59.000 -15.000 33.634
v 59.000 -15.369 34.000
v 59.000 -15.551 45.000
v 59.000 -15.000 45.500
v 59.676 -14.000 15.000
v 59.000 -14.000 15.522
v 59.415 -14.000 31.000
v 59.000 -14.000 30.674
v 59.518 -14.000 33.000
v 59.000 -14.000 32.565
v 59.000 -14.372 33.000
v 59.000 -14.405 46.000
v 59.504 -14.000 46.000
v 59.000 -14.000 46.371
v 59.419 -13.000 15.000
v 59.000 -13.000 15.396
v 59.000 -13.729 31.000
v 59.000 -13.621 32.000
v 59.000 -13.328 47.000
v 59.397 -13.000 47.000
v 59.000 -13.000 47.269
v 59.000 -12.000 14.760
v 59.000 -12.405 15.000
v 59.000 -12.000 47.478
v 59.000 -11.000 14.636
v 59.000 -11.000 47.475
v 59.670 -10.000 14.000
v 59.000 -10.000 14.667
v 59.973 -10.000 44.000
v 59.688 -10.000 46.000
v 59.298 -10.000 47.000
v 59.000 -10.000 47.247
v 59.717 -9.000 14.000
v 59.000 -9.349 15.000
v 59.171 -9.000 15.000
v 59.000 -9.000 15.265
v 59.000 -9.143 44.000
v 59.000 -9.000 43.809
v 59.934 -9.000 45.000
v 59.000 -9.000 44.287
v 59.000 -9.000 45.473
v 59.000 -9.348 46.000
v 59.000 -9.702 47.000
v 59.000 -8.665 15.000
v 59.000 -8.000 14.676
v 59.000 -8.377 38.000
v 59.000 -8.000 37.552
v 59.000 -8.498 39.000
v 59.000 -8.482 40.000
v 59.000 -8.424 41.000
v 59.000 -8.485 42.000
v 59.000 -8.602 43.000
v 59.000 -8.734 45.000
v 59.546 -7.000 14.000
v 59.000 -7.000 14.415
v 59.000 -7.000 37.274
v 59.709 -6.000 13.000
v 59.228 -6.000 14.000
v 59.000 -6.000 14.219
v 59.415 -6.000 37.000
v 59.000 -6.544 37.000
v 59.000 -6.000 36.627
v 59.608 -5.000 13.000
v 59.000 -5.000 13.505
v 59.000 -5.708 14.000
v 59.523 -5.000 37.000
v 59.000 -5.000 36.500
v 59.000 -4.000 13.394
v 59.528 -4.000 37.000
v 59.000 -4.000 36.388
v 59.501 -3.000 13.000
v 59.000 -3.000 12.695
v 59.000 -3.371 13.000
v 59.274 -3.000 36.000
v 59.000 -3.456 36.000
v 59.000 -3.000 35.668
v 59.608 -3.000 37.000
v 59.426 -2.000 13.000
v 59.000 -2.000 12.667
v 59.000 -2.296 14.000
v 59.000 -2.000 13.494
v 59.401 -2.000 14.000
v 59.289 -2.000 15.000
v 59.000 -2.356 15.000
v 59.000 -2.000 15.490
v 59.397 -2.000 36.000
v 59.000 -2.000 35.526
v 59.754 -2.000 37.000
v 59.207 -1.000 13.000
v 59.000 -1.000 12.748
v 59.000 -1.000 13.212
v 59.734 -1.000 15.000
v 59.000 -1.637 16.000
v 59.526 -1.000 16.000
v 59.439 -1.000 17.000
v 59.000 -1.449 17.000
v 59.082 -1.000 18.000
v 59.000 -1.086 18.000
v 59.000 -1.000 18.126
v 59.477 -1.000 36.000
v 59.000 -1.000 35.505
v 59.214 0.000 13.000
v 59.000 0.000 12.710
v 59.000 0.000 13.299
v 59.000 -0.811 18.000
v 59.000 0.000 17.593
v 59.000 0.000 18.699
v 59.172 0.000 19.000
v 59.000 -0.211 19.000
v 59.000 0.000 19.279
v 59.501 0.000 36.000
v 59.000 0.000 35.522
v 59.369 1.000 13.000
v 59.000 1.000 12.552
v 59.000 0.503 14.000
v 59.480 1.000 14.000
v 59.000 0.602 15.000
v 59.503 1.000 15.000
v 59.000 0.596 16.000
v 59.527 1.000 16.000
v 59.000 0.447 17.000
v 59.731 1.000 17.000
v 59.000 1.000 18.516
v 59.904 1.000 20.000
v 59.000 0.350 20.000
v 59.000 0.420 21.000
v 59.000 0.603 22.000
v 59.000 1.000 22.481
v 59.619 1.000 36.000
v 59.000 1.000 35.579
v 59.604 2.000 13.000
v 59.000 2.000 12.377
v 59.000 2.000 18.346
v 59.000 2.000 22.624
v 59.000 2.000 35.519
v 59.336 3.000 12.000
v 59.000 3.000 11.728
v 59.000 2.545 12.000
v 59.000 2.607 17.000
v 59.000 3.000 16.554
v 59.000 2.345 18.000
v 59.000 3.000 22.418
v 59.000 3.000 35.500
v 59.610 4.000 12.000
v 59.000 4.000 11.600
v 59.478 4.000 16.000
v 59.000 3.613 16.000
v 59.000 4.000 15.625
v 59.000 4.000 21.526
v 59.000 3.482 22.000
v 59.000 4.000 35.480
v 59.000 5.000 11.545
v 59.340 5.000 15.000
v 59.000 4.658 15.000
v 59.000 5.000 14.660
v 59.000 5.000 20.758
v 59.000 4.687 21.000
v 59.000 5.000 35.270
v 59.000 6.000 11.756
v 59.661 6.000 15.000
v 59.000 6.000 14.309
v 59.000 6.000 20.650
v 59.662 6.000 29.000
v 59.000 6.000 29.353
v 59.000 5.314 30.000
v 59.000 5.688 31.000
v 59.000 6.000 31.449
v 59.000 5.329 35.000
v 59.000 6.000 34.328
v 59.000 6.293 12.000
v 59.924 7.000 12.000
v 59.560 7.000 13.000
v 59.000 6.490 13.000
v 59.703 7.000 14.000
v 59.000 6.308 14.000
v 59.000 7.000 20.763
v 59.665 7.000 28.000
v 59.000 6.160 28.000
v 59.000 7.000 27.330
v 59.000 6.274 29.000
v 59.000 6.328 32.000
v 59.000 6.460 33.000
v 59.000 6.269 34.000
v 59.000 7.357 21.000
v 59.572 8.000 21.000
v 59.000 8.000 21.601
v 59.533 8.000 26.000
v 59.000 7.547 26.000
v 59.000 8.000 25.397
v 59.000 7.238 27.000
v 59.671 9.000 22.000
v 59.000 8.330 22.000
v 59.534 9.000 23.000
v 59.000 8.473 23.000
v 59.647 9.000 24.000
v 59.000 8.466 24.000
v 59.000 8.262 25.000
v 58.198 -25.000 33.000
v 58.000 -25.000 32.719
v 58.000 -25.750 33.000
v 58.000 -25.000 33.263
v 58.077 -24.000 33.000
v 58.000 -24.000 32.876
v 58.000 -24.000 33.113
v 58.000 -23.883 33.000
v 58.228 -22.000 24.000
v 58.000 -22.000 24.147
v 58.000 -22.544 25.000
v 58.000 -22.602 26.000
v 58.000 -22.525 27.000
v 58.835 -22.000 27.000
v 58.000 -22.500 28.000
v 58.547 -22.000 28.000
v 58.000 -22.393 29.000
v 58.377 -22.000 29.000
v 58.000 -22.000 29.545
v 58.500 -21.000 22.000
v 58.000 -21.000 22.378
v 58.000 -21.445 23.000
v 58.000 -21.890 24.000
v 58.000 -21.669 30.000
v 58.670 -21.000 30.000
v 58.000 -21.531 31.000
v 58.525 -21.000 31.000
v 58.000 -21.387 32.000
v 58.346 -21.000 32.000
v 58.000 -21.000 32.369
v 58.566 -20.000 20.000
v 58.000 -20.000 20.534
v 58.000 -20.317 21.000
v 58.000 -20.702 22.000
v 58.000 -20.000 32.597
v 58.876 -20.000 35.000
v 58.000 -19.000 18.727
v 58.000 -19.231 19.000
v 58.000 -19.593 20.000
v 58.601 -19.000 33.000
v 58.000 -19.000 32.618
v 58.992 -19.000 35.000
v 58.000 -18.000 17.770
v 58.000 -18.272 18.000
v 58.616 -18.000 33.000
v 58.000 -18.000 32.499
v 58.528 -17.000 17.000
v 58.000 -17.000 17.425
v 58.474 -17.000 32.000
v 58.000 -17.388 32.000
v 58.000 -17.000 31.632
v 58.000 -17.000 36.505
v 58.000 -17.376 37.000
v 58.000 -17.495 38.000
v 58.000 -17.480 39.000
v 58.000 -17.402 40.000
v 58.000 -17.377 41.000
v 58.000 -17.280 42.000
v 58.475 -17.000 42.000
v 58.000 -17.000 42.727
v 58.000 -17.000 43.307
v 58.000 -17.248 44.000
v 58.000 -17.000 44.356
v 58.701 -16.000 16.000
v 58.000 -16.000 16.669
v 58.000 -16.428 17.000
v 58.498 -16.000 31.000
v 58.000 -16.367 31.000
v 58.000 -16.000 30.634
v 58.000 -16.000 34.532
v 58.000 -16.380 35.000
v 58.000 -16.617 36.000
v 58.000 -16.879 43.000
v 58.000 -16.000 44.930
v 58.528 -15.000 16.000
v 58.000 -15.000 16.532
v 58.308 -15.000 30.000
v 58.000 -15.295 30.000
v 58.000 -15.000 29.762
v 58.000 -15.000 33.524
v 58.000 -15.493 34.000
v 58.000 -15.918 45.000
v 58.000 -15.000 45.807
v 58.505 -14.000 16.000
v 58.000 -14.000 16.530
v 58.263 -14.000 30.000
v 58.000 -14.000 29.789
v 58.000 -14.000 32.609
v 58.000 -14.386 33.000
v 58.000 -14.727 46.000
v 58.000 -14.000 46.425
v 58.478 -13.000 16.000
v 58.000 -13.000 16.525
v 58.000 -13.778 30.000
v 58.000 -13.429 31.000
v 58.000 -13.501 32.000
v 58.000 -13.348 47.000
v 58.000 -13.000 47.270
v 58.760 -12.000 15.000
v 58.399 -12.000 16.000
v 58.000 -12.000 16.506
v 58.000 -12.000 47.479
v 58.648 -11.000 15.000
v 58.382 -11.000 16.000
v 58.000 -11.000 16.501
v 58.000 -11.000 47.499
v 58.724 -10.000 15.000
v 58.400 -10.000 16.000
v 58.000 -10.000 16.507
v 58.000 -10.000 47.475
v 58.546 -9.000 16.000
v 58.000 -9.000 16.641
v 58.823 -9.000 44.000
v 58.606 -9.000 46.000
v 58.253 -9.000 47.000
v 58.000 -9.000 47.205
v 58.066 -8.000 15.000
v 58.746 -8.000 16.000
v 58.000 -8.314 17.000
v 58.166 -8.000 17.000
v 58.000 -8.000 17.180
v 58.283 -8.000 37.000
v 58.000 -8.217 37.000
v 58.000 -8.000 36.776
v 58.000 -8.477 38.000
v 58.000 -8.498 39.000
v 58.000 -8.404 40.000
v 58.119 -8.000 41.000
v 58.000 -8.000 40.874
v 58.000 -8.000 41.126
v 58.000 -8.404 42.000
v 58.000 -8.516 43.000
v 58.000 -8.577 44.000
v 58.000 -8.537 45.000
v 58.000 -8.602 46.000
v 58.000 -8.797 47.000
v 58.000 -7.000 14.681
v 58.000 -7.940 15.000
v 58.000 -7.515 16.000
v 58.000 -7.798 17.000
v 58.662 -7.000 37.000
v 58.000 -7.000 36.403
v 58.000 -7.921 41.000
v 58.000 -6.000 14.576
v 58.339 -6.000 36.000
v 58.000 -6.437 36.000
v 58.000 -6.000 35.710
v 58.000 -5.000 13.826
v 58.000 -5.232 14.000
v 58.117 -5.000 16.000
v 58.000 -5.173 16.000
v 58.000 -5.000 15.727
v 58.000 -5.000 16.168
v 58.495 -5.000 36.000
v 58.000 -5.000 35.518
v 58.000 -4.000 13.673
v 58.282 -4.000 15.000
v 58.000 -4.510 15.000
v 58.000 -4.000 14.448
v 58.353 -4.000 16.000
v 58.000 -4.000 16.470
v 58.628 -4.000 36.000
v 58.000 -4.000 35.340
v 58.203 -3.000 12.000
v 58.000 -3.000 11.838
v 58.000 -3.162 12.000
v 58.000 -3.432 13.000
v 58.498 -3.000 15.000
v 58.000 -3.000 14.277
v 58.419 -3.000 16.000
v 58.000 -3.000 16.624
v 58.373 -3.000 35.000
v 58.000 -3.536 35.000
v 58.000 -3.000 34.590
v 58.427 -2.000 12.000
v 58.000 -2.000 11.659
v 58.000 -2.724 14.000
v 58.000 -2.000 13.445
v 58.704 -2.000 16.000
v 58.000 -2.569 17.000
v 58.424 -2.000 17.000
v 58.000 -2.000 17.597
v 58.498 -2.000 35.000
v 58.000 -2.000 34.472
v 58.430 -1.000 12.000
v 58.000 -1.000 11.656
v 58.000 -1.000 13.347
v 58.000 -1.645 18.000
v 58.368 -1.000 19.000
v 58.000 -1.331 19.000
v 58.000 -1.000 19.420
v 58.499 -1.000 35.000
v 58.000 -1.000 34.477
v 58.437 0.000 12.000
v 58.000 0.000 11.649
v 58.000 0.000 13.520
v 58.000 0.000 17.532
v 58.000 -0.355 18.000
v 58.000 0.000 18.388
v 58.609 0.000 20.000
v 58.000 -0.573 20.000
v 58.383 0.000 21.000
v 58.000 -0.297 21.000
v 58.000 0.000 21.502
v 58.251 0.000 24.000
v 58.000 -0.243 24.000
v 58.000 0.000 23.582
v 58.263 0.000 25.000
v 58.000 -0.228 25.000
v 58.000 0.000 25.267
v 58.388 0.000 35.000
v 58.000 0.000 34.625
v 58.464 1.000 12.000
v 58.000 1.000 11.626
v 58.000 0.381 14.000
v 58.000 0.500 15.000
v 58.000 0.482 16.000
v 58.000 0.283 17.000
v 58.000 1.000 18.583
v 58.000 0.297 22.000
v 58.522 1.000 23.000
v 58.000 0.394 23.000
v 58.549 1.000 24.000
v 58.782 1.000 25.000
v 58.000 1.000 25.428
v 58.000 0.513 35.000
v 58.000 1.000 35.301
v 58.584 2.000 12.000
v 58.000 2.000 11.598
v 58.000 2.000 18.367
v 58.567 2.000 23.000
v 58.441 2.000 24.000
v 58.110 2.000 25.000
v 58.000 2.000 25.087
v 58.000 2.000 35.480
v 58.000 3.000 11.520
v 58.000 2.617 17.000
v 58.000 3.000 16.530
v 58.000 2.355 18.000
v 58.000 3.000 22.839
v 58.000 2.835 23.000
v 58.000 3.000 23.675
v 58.065 3.000 24.000
v 58.000 3.000 24.079
v 58.000 2.109 25.000
v 58.000 3.000 35.497
v 58.000 4.000 11.525
v 58.000 3.501 16.000
v 58.000 4.000 15.476
v 58.000 4.000 21.783
v 58.000 3.739 22.000
v 58.000 3.690 24.000
v 58.000 4.000 35.400
v 58.000 5.000 11.756
v 58.334 5.000 14.000
v 58.000 4.724 14.000
v 58.000 5.000 13.547
v 58.000 4.402 15.000
v 58.701 5.000 21.000
v 58.000 5.000 21.674
v 58.029 5.000 24.000
v 58.000 4.511 24.000
v 58.000 5.000 23.955
v 58.179 5.000 25.000
v 58.000 4.789 25.000
v 58.170 5.000 26.000
v 58.000 4.839 26.000
v 58.000 5.000 26.705
v 58.549 5.000 35.000
v 58.000 4.582 35.000
v 58.000 5.000 34.621
v 58.000 5.294 12.000
v 58.706 6.000 12.000
v 58.527 6.000 13.000
v 58.000 5.391 13.000
v 58.740 6.000 14.000
v 58.637 6.000 21.000
v 58.000 5.455 22.000
v 58.309 6.000 22.000
v 58.000 6.000 22.526
v 58.000 5.070 24.000
v 58.000 6.000 24.421
v 58.368 6.000 25.000
v 58.454 6.000 26.000
v 58.000 5.211 27.000
v 58.305 6.000 27.000
v 58.000 6.000 27.348
v 58.654 6.000 30.000
v 58.670 6.000 31.000
v 58.576 6.000 34.000
v 58.000 5.595 34.000
v 58.000 6.000 33.336
v 58.763 7.000 21.000
v 58.501 7.000 22.000
v 58.000 6.472 23.000
v 58.310 7.000 23.000
v 58.000 7.000 23.760
v 58.421 7.000 25.000
v 58.000 7.000 24.178
v 58.584 7.000 26.000
v 58.684 7.000 27.000
v 58.000 6.607 28.000
v 58.401 7.000 29.000
v 58.000 7.000 28.434
v 58.497 7.000 30.000
v 58.400 7.000 31.000
v 58.000 6.172 32.000
v 58.000 7.000 31.520
v 58.000 6.207 33.000
v 58.729 8.000 22.000
v 58.604 8.000 23.000
v 58.000 7.156 24.000
v 58.551 8.000 24.000
v 58.738 8.000 25.000
v 58.000 7.487 29.000
v 58.235 8.000 30.000
v 58.000 8.000 29.624
v 58.203 8.000 31.000
v 58.000 8.000 31.251
v 58.000 8.235 30.000
v 58.000 8.205 31.000
v 57.567 -26.000 33.000
v 57.000 -26.000 32.820
v 57.000 -26.094 33.000
v 57.000 -26.000 33.127
v 57.247 -25.000 31.000
v 57.000 -25.000 30.610
v 57.000 -25.257 31.000
v 57.000 -25.573 32.000
v 57.509 -25.000 32.000
v 57.000 -25.306 34.000
v 57.319 -25.000 34.000
v 57.000 -25.000 34.271
v 57.306 -24.000 30.000
v 57.000 -24.000 29.478
v 57.000 -24.460 30.000
v 57.481 -24.000 31.000
v 57.594 -24.000 32.000
v 57.470 -24.000 34.000
v 57.000 -24.000 34.609
v 57.200 -23.000 24.000
v 57.000 -23.000 23.818
v 57.000 -23.189 24.000
v 57.000 -23.470 25.000
v 57.498 -23.000 25.000
v 57.000 -23.500 26.000
v 57.524 -23.000 26.000
v 57.000 -23.500 27.000
v 57.505 -23.000 27.000
v 57.000 -23.506 28.000
v 57.500 -23.000 28.000
v 57.000 -23.635 29.000
v 57.500 -23.000 29.000
v 57.500 -23.000 30.000
v 57.502 -23.000 31.000
v 57.519 -23.000 32.000
v 57.575 -23.000 33.000
v 57.398 -23.000 34.000
v 57.000 -23.000 34.625
v 57.842 -22.000 24.000
v 57.000 -22.000 23.482
v 57.728 -22.000 30.000
v 57.622 -22.000 31.000
v 57.598 -22.000 32.000
v 57.500 -22.000 33.000
v 57.281 -22.000 34.000
v 57.000 -22.000 34.374
v 57.000 -21.000 22.522
v 57.000 -21.496 23.000
v 57.499 -21.000 33.000
v 57.000 -21.000 33.601
v 57.000 -21.538 34.000
v 57.561 -20.000 21.000
v 57.000 -20.000 21.554
v 57.000 -20.394 22.000
v 57.371 -20.000 33.000
v 57.000 -20.000 33.270
v 57.766 -19.000 19.000
v 57.407 -19.000 20.000
v 57.000 -19.000 20.532
v 57.000 -19.440 21.000
v 57.000 -19.647 33.000
v 57.000 -19.000 32.580
v 57.767 -18.000 18.000
v 57.329 -18.000 19.000
v 57.000 -18.000 19.500
v 57.000 -18.475 20.000
v 57.000 -18.000 32.275
v 57.506 -17.000 18.000
v 57.000 -17.000 18.634
v 57.000 -17.471 19.000
v 57.000 -17.666 32.000
v 57.000 -17.000 31.374
v 57.000 -17.000 36.653
v 57.000 -17.250 37.000
v 57.000 -17.376 38.000
v 57.000 -17.278 39.000
v 57.386 -17.000 40.000
v 57.000 -17.000 39.493
v 57.400 -17.000 41.000
v 57.000 -17.000 41.404
v 57.000 -17.374 42.000
v 57.000 -17.422 43.000
v 57.823 -17.000 43.000
v 57.000 -17.479 44.000
v 57.000 -17.481 45.000
v 57.519 -17.000 45.000
v 57.000 -17.465 46.000
v 57.449 -17.000 46.000
v 57.000 -17.191 47.000
v 57.190 -17.000 47.000
v 57.000 -17.000 47.183
v 57.727 -16.000 17.000
v 57.399 -16.000 18.000
v 57.000 -16.000 18.486
v 57.000 -16.605 31.000
v 57.000 -16.000 30.502
v 57.000 -16.000 34.532
v 57.000 -16.379 35.000
v 57.000 -16.595 36.000
v 57.000 -16.705 40.000
v 57.000 -16.680 41.000
v 57.936 -16.000 45.000
v 57.967 -16.000 46.000
v 57.419 -16.000 47.000
v 57.000 -16.000 47.366
v 57.621 -15.000 17.000
v 57.404 -15.000 18.000
v 57.000 -15.000 18.612
v 57.000 -15.352 30.000
v 57.000 -15.000 29.726
v 57.000 -15.000 33.603
v 57.000 -15.473 34.000
v 57.802 -15.000 46.000
v 57.211 -15.000 47.000
v 57.000 -15.000 47.192
v 57.620 -14.000 17.000
v 57.482 -14.000 18.000
v 57.000 -14.520 19.000
v 57.305 -14.000 19.000
v 57.000 -14.000 19.465
v 57.000 -14.000 29.614
v 57.488 -14.000 33.000
v 57.000 -14.000 33.301
v 57.000 -14.768 47.000
v 57.000 -14.000 46.092
v 57.621 -13.000 17.000
v 57.501 -13.000 18.000
v 57.480 -13.000 19.000
v 57.000 -13.459 20.000
v 57.299 -13.000 20.000
v 57.000 -13.000 20.459
v 57.000 -13.445 30.000
v 57.368 -13.000 31.000
v 57.000 -13.000 30.547
v 57.345 -13.000 32.000
v 57.000 -13.000 32.395
v 57.000 -13.570 33.000
v 57.589 -13.000 47.000
v 57.000 -13.000 46.531
v 57.620 -12.000 17.000
v 57.502 -12.000 18.000
v 57.499 -12.000 19.000
v 57.481 -12.000 20.000
v 57.000 -12.552 21.000
v 57.395 -12.000 21.000
v 57.216 -12.000 22.000
v 57.000 -12.227 22.000
v 57.000 -12.000 22.351
v 57.000 -12.726 31.000
v 57.000 -12.733 32.000
v 57.000 -12.443 47.000
v 57.000 -12.000 47.299
v 57.620 -11.000 17.000
v 57.502 -11.000 18.000
v 57.500 -11.000 19.000
v 57.500 -11.000 20.000
v 57.497 -11.000 21.000
v 57.378 -11.000 22.000
v 57.000 -11.000 22.518
v 57.000 -11.000 47.479
v 57.622 -10.000 17.000
v 57.502 -10.000 18.000
v 57.499 -10.000 19.000
v 57.498 -10.000 20.000
v 57.497 -10.000 21.000
v 57.378 -10.000 22.000
v 57.000 -10.000 22.492
v 57.000 -10.000 47.474
v 57.725 -9.000 17.000
v 57.500 -9.000 18.000
v 57.402 -9.000 19.000
v 57.380 -9.000 20.000
v 57.378 -9.000 21.000
v 57.242 -9.000 22.000
v 57.000 -9.000 22.304
v 57.000 -9.000 47.205
v 57.380 -8.000 18.000
v 57.000 -8.000 18.558
v 57.000 -8.379 19.000
v 57.000 -8.498 20.000
v 57.000 -8.503 21.000
v 57.000 -8.682 22.000
v 57.000 -8.395 37.000
v 57.000 -8.000 36.448
v 57.000 -8.498 38.000
v 57.000 -8.498 39.000
v 57.000 -8.383 40.000
v 57.000 -8.000 40.677
v 57.000 -8.384 42.000
v 57.000 -8.000 41.323
v 57.000 -8.500 43.000
v 57.000 -8.503 44.000
v 57.000 -8.520 45.000
v 57.000 -8.602 46.000
v 57.000 -8.797 47.000
v 57.685 -7.000 15.000
v 57.619 -7.000 16.000
v 57.503 -7.000 17.000
v 57.000 -7.000 17.649
v 57.000 -7.435 18.000
v 57.499 -7.000 36.000
v 57.000 -7.498 36.000
v 57.000 -7.000 35.594
v 57.000 -7.785 41.000
v 57.648 -6.000 15.000
v 57.579 -6.000 16.000
v 57.399 -6.000 17.000
v 57.000 -6.000 17.509
v 57.000 -6.000 35.264
v 57.827 -5.000 14.000
v 57.728 -5.000 15.000
v 57.498 -5.000 17.000
v 57.000 -5.000 17.642
v 57.425 -5.000 35.000
v 57.000 -5.600 35.000
v 57.000 -5.000 34.467
v 57.760 -4.000 14.000
v 57.602 -4.000 17.000
v 57.000 -4.501 18.000
v 57.281 -4.000 18.000
v 57.000 -4.000 18.364
v 57.324 -4.000 34.000
v 57.000 -4.501 34.000
v 57.000 -4.000 33.493
v 57.709 -4.000 35.000
v 57.198 -3.000 12.000
v 57.590 -3.000 13.000
v 57.793 -3.000 14.000
v 57.721 -3.000 17.000
v 57.422 -3.000 18.000
v 57.000 -3.000 18.617
v 57.280 -3.000 33.000
v 57.000 -3.470 33.000
v 57.000 -3.000 32.620
v 57.578 -3.000 34.000
v 57.000 -2.000 11.790
v 57.000 -2.840 12.000
v 57.000 -2.000 12.282
v 57.536 -2.000 13.000
v 57.733 -2.000 18.000
v 57.000 -2.553 19.000
v 57.404 -2.000 19.000
v 57.000 -2.000 19.530
v 57.378 -2.000 33.000
v 57.000 -2.000 32.509
v 57.618 -2.000 34.000
v 57.000 -1.000 11.666
v 57.545 -1.000 13.000
v 57.000 -1.000 12.429
v 57.472 -1.000 20.000
v 57.000 -1.505 20.000
v 57.000 -1.000 20.558
v 57.246 -1.000 33.000
v 57.000 -1.000 32.699
v 57.596 -1.000 34.000
v 57.000 0.000 11.618
v 57.349 0.000 13.000
v 57.000 0.000 12.622
v 57.498 0.000 17.000
v 57.000 0.000 16.621
v 57.000 -0.281 17.000
v 57.000 -0.475 18.000
v 57.000 -0.294 19.000
v 57.383 0.000 19.000
v 57.000 0.000 19.346
v 57.000 -0.702 21.000
v 57.627 0.000 22.000
v 57.000 -0.495 22.000
v 57.569 0.000 23.000
v 57.000 -0.413 23.000
v 57.000 -0.560 24.000
v 57.000 -0.583 25.000
v 57.088 0.000 26.000
v 57.000 -0.109 26.000
v 57.000 0.000 26.072
v 57.000 -0.698 33.000
v 57.000 0.000 33.660
v 57.342 0.000 34.000
v 57.000 1.000 11.538
v 57.000 0.308 13.000
v 57.000 0.574 14.000
v 57.000 0.516 15.000
v 57.000 0.403 16.000
v 57.417 1.000 19.000
v 57.000 1.000 19.386
v 57.000 1.000 25.363
v 57.000 0.095 26.000
v 57.000 0.343 34.000
v 57.540 1.000 35.000
v 57.000 1.000 34.597
v 57.000 2.000 11.507
v 57.000 1.470 19.000
v 57.000 2.000 18.554
v 57.849 2.000 25.000
v 57.000 2.000 24.426
v 57.000 1.431 25.000
v 57.000 1.564 35.000
v 57.000 2.000 35.278
v 57.000 3.000 11.502
v 57.000 2.619 17.000
v 57.000 3.000 16.525
v 57.000 2.398 18.000
v 57.825 3.000 23.000
v 57.000 2.480 24.000
v 57.000 3.000 23.602
v 57.866 3.000 24.000
v 57.000 3.000 35.376
v 57.000 4.000 11.623
v 57.000 3.477 16.000
v 57.000 4.000 15.354
v 57.788 4.000 22.000
v 57.500 4.000 23.000
v 57.000 4.000 23.478
v 57.000 4.000 35.242
v 57.000 4.446 12.000
v 57.688 5.000 12.000
v 57.582 5.000 13.000
v 57.000 4.596 13.000
v 57.000 4.500 14.000
v 57.000 4.279 15.000
v 57.731 5.000 22.000
v 57.497 5.000 23.000
v 57.931 5.000 24.000
v 57.000 5.000 23.609
v 57.760 5.000 25.000
v 57.785 5.000 26.000
v 57.000 4.300 35.000
v 57.000 5.000 34.310
v 57.692 6.000 23.000
v 57.000 5.475 24.000
v 57.529 6.000 24.000
v 57.000 5.557 25.000
v 57.000 5.685 26.000
v 57.695 6.000 27.000
v 57.000 6.000 26.320
v 57.632 6.000 33.000
v 57.000 5.630 33.000
v 57.000 6.000 32.631
v 57.000 5.261 34.000
v 57.870 7.000 24.000
v 57.387 7.000 27.000
v 57.000 7.000 26.607
v 57.715 7.000 28.000
v 57.497 7.000 32.000
v 57.000 7.000 32.372
v 57.000 7.441 27.000
v 57.256 8.000 28.000
v 57.000 8.000 27.614
v 57.545 8.000 29.000
v 57.077 8.000 32.000
v 57.000 8.000 32.057
v 57.000 8.243 28.000
v 57.000 8.394 29.000
v 57.000 8.478 30.000
v 57.000 8.454 31.000
v 57.000 8.058 32.000
v 56.274 -26.000 32.000
v 56.000 -26.000 31.680
v 56.000 -26.153 32.000
v 56.798 -26.000 33.000
v 56.000 -26.000 32.302
v 56.297 -25.000 29.000
v 56.000 -25.000 28.492
v 56.000 -25.362 29.000
v 56.000 -25.518 30.000
v 56.575 -25.000 30.000
v 56.000 -25.701 31.000
v 56.000 -25.692 33.000
v 56.000 -25.414 34.000
v 56.000 -25.000 34.580
v 56.322 -24.000 25.000
v 56.000 -24.000 24.693
v 56.000 -24.259 25.000
v 56.000 -24.480 26.000
v 56.493 -24.000 26.000
v 56.000 -24.526 27.000
v 56.501 -24.000 27.000
v 56.000 -24.646 28.000
v 56.524 -24.000 28.000
v 56.704 -24.000 29.000
v 56.000 -24.601 35.000
v 56.628 -24.000 35.000
v 56.000 -24.177 36.000
v 56.812 -24.000 36.000
v 56.000 -24.000 36.169
v 56.000 -23.000 23.730
v 56.000 -23.328 24.000
v 56.711 -23.000 35.000
v 56.877 -23.000 36.000
v 56.000 -23.000 36.201
v 56.000 -22.000 23.402
v 56.491 -22.000 35.000
v 56.000 -22.000 35.467
v 56.000 -22.735 36.000
v 56.000 -21.000 22.604
v 56.000 -21.497 23.000
v 56.603 -21.000 34.000
v 56.181 -21.000 35.000
v 56.000 -21.000 35.173
v 56.559 -20.000 22.000
v 56.000 -20.000 22.375
v 56.000 -20.486 34.000
v 56.000 -20.000 33.498
v 56.000 -20.827 35.000
v 56.652 -19.000 21.000
v 56.066 -19.000 22.000
v 56.000 -19.000 22.060
v 56.000 -19.501 33.000
v 56.000 -19.000 32.522
v 56.646 -18.000 20.000
v 56.110 -18.000 21.000
v 56.000 -18.000 21.118
v 56.000 -18.928 22.000
v 56.543 -18.000 32.000
v 56.000 -18.388 32.000
v 56.000 -18.000 31.628
v 56.355 -18.000 45.000
v 56.000 -18.000 44.533
v 56.000 -18.276 45.000
v 56.000 -18.276 46.000
v 56.350 -18.000 46.000
v 56.000 -18.000 46.433
v 56.677 -17.000 19.000
v 56.114 -17.000 20.000
v 56.000 -17.000 20.123
v 56.000 -17.881 21.000
v 56.454 -17.000 31.000
v 56.000 -17.331 31.000
v 56.000 -17.000 30.728
v 56.661 -17.000 37.000
v 56.529 -17.000 38.000
v 56.647 -17.000 39.000
v 56.000 -17.000 41.613
v 56.000 -17.355 42.000
v 56.000 -17.516 43.000
v 56.000 -17.693 44.000
v 56.000 -17.575 47.000
v 56.000 -17.000 47.493
v 56.437 -16.000 19.000
v 56.000 -16.000 19.447
v 56.000 -16.834 20.000
v 56.000 -16.000 30.500
v 56.000 -16.000 34.700
v 56.000 -16.243 35.000
v 56.000 -16.418 36.000
v 56.000 -16.560 37.000
v 56.000 -16.522 38.000
v 56.000 -16.476 39.000
v 56.000 -16.301 40.000
v 56.072 -16.000 41.000
v 56.000 -16.000 40.866
v 56.000 -16.000 41.059
v 56.000 -16.000 47.593
v 56.676 -15.000 19.000
v 56.000 -15.107 20.000
v 56.071 -15.000 20.000
v 56.000 -15.000 20.064
v 56.536 -15.000 30.000
v 56.000 -15.000 30.307
v 56.000 -15.000 33.728
v 56.000 -15.330 34.000
v 56.000 -15.944 41.000
v 56.000 -15.000 47.390
v 56.557 -14.000 20.000
v 56.000 -14.000 20.471
v 56.000 -14.465 30.000
v 56.000 -14.000 29.669
v 56.000 -14.000 33.495
v 56.000 -14.545 47.000
v 56.000 -14.000 46.427
v 56.473 -13.000 21.000
v 56.000 -13.388 21.000
v 56.000 -13.000 21.411
v 56.183 -13.000 29.000
v 56.000 -13.215 29.000
v 56.000 -13.000 28.772
v 56.410 -13.000 30.000
v 56.315 -13.000 33.000
v 56.000 -13.000 33.205
v 56.227 -13.000 46.000
v 56.000 -13.254 46.000
v 56.000 -13.000 45.856
v 56.000 -12.577 22.000
v 56.544 -12.000 23.000
v 56.000 -12.399 23.000
v 56.632 -12.000 24.000
v 56.000 -12.298 24.000
v 56.000 -12.000 24.310
v 56.230 -12.000 27.000
v 56.000 -12.196 27.000
v 56.000 -12.000 26.800
v 56.366 -12.000 28.000
v 56.000 -12.424 28.000
v 56.229 -12.000 29.000
v 56.000 -12.000 29.285
v 56.000 -12.702 30.000
v 56.000 -12.651 31.000
v 56.000 -12.625 32.000
v 56.000 -12.797 33.000
v 56.000 -12.740 46.000
v 56.570 -12.000 47.000
v 56.000 -12.000 46.472
v 56.639 -11.000 23.000
v 56.447 -11.000 24.000
v 56.000 -11.000 24.474
v 56.794 -11.000 27.000
v 56.000 -11.000 26.530
v 56.470 -11.000 28.000
v 56.000 -11.000 28.590
v 56.000 -11.609 29.000
v 56.000 -11.356 47.000
v 56.000 -11.000 47.235
v 56.600 -10.000 23.000
v 56.274 -10.000 24.000
v 56.000 -10.000 24.348
v 56.265 -10.000 27.000
v 56.000 -10.000 26.714
v 56.227 -10.000 28.000
v 56.000 -10.000 28.284
v 56.000 -10.000 47.206
v 56.400 -9.000 23.000
v 56.000 -9.000 23.500
v 56.000 -9.570 24.000
v 56.000 -9.771 27.000
v 56.000 -9.770 28.000
v 56.420 -9.000 46.000
v 56.000 -9.397 46.000
v 56.000 -9.000 45.453
v 56.748 -9.000 47.000
v 56.000 -9.746 47.000
v 56.722 -8.000 19.000
v 56.621 -8.000 20.000
v 56.617 -8.000 21.000
v 56.498 -8.000 22.000
v 56.000 -8.000 22.640
v 56.000 -8.439 23.000
v 56.459 -8.000 36.000
v 56.000 -8.300 36.000
v 56.000 -8.000 35.564
v 56.000 -8.482 37.000
v 56.000 -8.501 38.000
v 56.000 -8.499 39.000
v 56.000 -8.405 40.000
v 56.000 -8.000 40.890
v 56.000 -8.502 42.000
v 56.000 -8.000 41.101
v 56.000 -8.619 43.000
v 56.000 -8.622 44.000
v 56.000 -8.728 45.000
v 56.728 -7.000 18.000
v 56.521 -7.000 19.000
v 56.484 -7.000 20.000
v 56.402 -7.000 21.000
v 56.251 -7.000 22.000
v 56.000 -7.000 22.329
v 56.400 -7.000 35.000
v 56.000 -7.470 35.000
v 56.000 -7.000 34.505
v 56.000 -7.932 41.000
v 56.623 -6.000 18.000
v 56.501 -6.000 19.000
v 56.401 -6.000 20.000
v 56.000 -6.000 20.650
v 56.000 -6.350 21.000
v 56.000 -6.651 22.000
v 56.270 -6.000 31.000
v 56.000 -6.329 31.000
v 56.000 -6.000 30.568
v 56.278 -6.000 32.000
v 56.000 -6.353 32.000
v 56.000 -6.000 32.669
v 56.327 -6.000 34.000
v 56.000 -6.477 34.000
v 56.000 -6.000 33.297
v 56.736 -6.000 35.000
v 56.721 -5.000 18.000
v 56.500 -5.000 19.000
v 56.281 -5.000 20.000
v 56.000 -5.000 20.379
v 56.278 -5.000 30.000
v 56.000 -5.443 30.000
v 56.000 -5.000 29.624
v 56.479 -5.000 31.000
v 56.481 -5.000 32.000
v 56.000 -5.784 33.000
v 56.443 -5.000 33.000
v 56.677 -5.000 34.000
v 56.523 -4.000 19.000
v 56.000 -4.000 19.796
v 56.000 -4.327 20.000
v 56.400 -4.000 30.000
v 56.000 -4.000 29.410
v 56.499 -4.000 31.000
v 56.519 -4.000 32.000
v 56.693 -4.000 33.000
v 56.704 -3.000 19.000
v 56.000 -3.705 20.000
v 56.327 -3.000 20.000
v 56.000 -3.000 20.504
v 56.273 -3.000 29.000
v 56.000 -3.462 29.000
v 56.000 -3.000 28.627
v 56.479 -3.000 30.000
v 56.500 -3.000 31.000
v 56.598 -3.000 32.000
v 56.767 -2.000 12.000
v 56.680 -2.000 20.000
v 56.000 -2.501 21.000
v 56.324 -2.000 21.000
v 56.000 -2.000 21.507
v 56.280 -2.000 25.000
v 56.000 -2.375 25.000
v 56.000 -2.000 24.530
v 56.378 -2.000 26.000
v 56.000 -2.496 26.000
v 56.251 -2.000 27.000
v 56.000 -2.346 27.000
v 56.000 -2.000 27.498
v 56.355 -2.000 29.000
v 56.000 -2.000 28.391
v 56.400 -2.000 30.000
v 56.404 -2.000 31.000
v 56.600 -2.000 32.000
v 56.111 -1.000 12.000
v 56.699 -1.000 21.000
v 56.000 -1.501 22.000
v 56.392 -1.000 22.000
v 56.000 -1.000 22.692
v 56.413 -1.000 24.000
v 56.000 -1.506 24.000
v 56.000 -1.000 23.303
v 56.619 -1.000 25.000
v 56.578 -1.000 26.000
v 56.294 -1.000 27.000
v 56.000 -1.000 27.504
v 56.120 -1.000 29.000
v 56.000 -1.000 28.729
v 56.000 -1.000 29.272
v 56.000 -1.382 30.000
v 56.000 -1.377 31.000
v 56.000 -1.000 31.461
v 56.373 -1.000 32.000
v 56.000 0.000 11.865
v 56.000 -0.726 12.000
v 56.000 0.000 12.144
v 56.000 0.000 16.502
v 56.000 -0.378 17.000
v 56.000 -0.498 18.000
v 56.000 -0.480 19.000
v 56.000 -0.305 20.000
v 56.375 0.000 20.000
v 56.000 0.000 20.460
v 56.000 -0.690 23.000
v 56.000 -0.533 27.000
v 56.000 0.000 26.554
v 56.000 -0.824 29.000
v 56.000 -0.602 32.000
v 56.000 -0.264 33.000
v 56.000 0.000 33.310
v 56.000 1.000 11.792
v 56.341 1.000 13.000
v 56.000 1.000 12.394
v 56.349 1.000 14.000
v 56.000 1.000 14.354
v 56.000 0.596 15.000
v 56.000 0.382 16.000
v 56.474 1.000 20.000
v 56.000 0.756 21.000
v 56.123 1.000 21.000
v 56.000 1.000 21.250
v 56.267 1.000 23.000
v 56.000 1.000 22.560
v 56.000 0.558 23.000
v 56.000 0.499 24.000
v 56.400 1.000 24.000
v 56.000 0.559 25.000
v 56.599 1.000 25.000
v 56.000 0.387 26.000
v 56.000 0.661 34.000
v 56.000 1.000 34.289
v 56.000 2.000 11.644
v 56.000 1.341 13.000
v 56.000 1.265 14.000
v 56.459 2.000 19.000
v 56.000 2.000 19.485
v 56.000 1.585 20.000
v 56.000 1.174 21.000
v 56.308 2.000 23.000
v 56.000 2.000 22.600
v 56.690 2.000 24.000
v 56.631 2.000 35.000
v 56.000 2.000 34.558
v 56.000 3.000 11.526
v 56.000 2.620 17.000
v 56.000 3.000 16.506
v 56.000 2.482 18.000
v 56.000 2.300 19.000
v 56.000 2.543 23.000
v 56.000 3.000 23.261
v 56.529 3.000 35.000
v 56.000 3.000 34.515
v 56.000 4.000 11.654
v 56.501 4.000 15.000
v 56.000 3.719 15.000
v 56.000 4.000 14.619
v 56.000 3.399 16.000
v 56.000 4.000 23.373
v 56.700 4.000 35.000
v 56.000 4.000 34.309
v 56.000 4.347 12.000
v 56.000 4.497 13.000
v 56.000 4.402 14.000
v 56.000 5.000 23.401
v 56.306 5.000 33.000
v 56.000 4.698 33.000
v 56.000 5.000 32.752
v 56.690 5.000 34.000
v 56.000 4.310 34.000
v 56.495 6.000 24.000
v 56.000 6.000 23.628
v 56.632 6.000 25.000
v 56.755 6.000 26.000
v 56.000 6.000 32.502
v 56.000 6.470 24.000
v 56.416 7.000 25.000
v 56.000 7.000 24.445
v 56.599 7.000 26.000
v 56.000 7.000 32.297
v 56.177 8.000 25.000
v 56.000 8.000 24.818
v 56.364 8.000 26.000
v 56.526 8.000 27.000
v 56.898 8.000 32.000
v 56.000 7.425 32.000
v 56.000 8.000 31.397
v 56.000 8.174 25.000
v 56.000 8.351 26.000
v 56.000 8.372 27.000
v 56.000 8.377 28.000
v 56.000 8.378 29.000
v 56.000 8.378 30.000
v 56.000 8.270 31.000
v 55.279 -26.000 27.000
v 55.000 -26.000 26.564
v 55.000 -26.353 27.000
v 55.000 -26.474 28.000
v 55.397 -26.000 28.000
v 55.000 -26.472 29.000
v 55.472 -26.000 29.000
v 55.000 -26.399 30.000
v 55.481 -26.000 30.000
v 55.000 -26.401 31.000
v 55.609 -26.000 31.000
v 55.000 -26.378 32.000
v 55.000 -26.000 32.600
v 55.416 -25.000 26.000
v 55.000 -25.000 25.504
v 55.000 -25.498 26.000
v 55.602 -25.000 27.000
v 55.720 -25.000 28.000
v 55.000 -25.721 33.000
v 55.000 -25.481 34.000
v 55.000 -25.108 35.000
v 55.219 -25.000 35.000
v 55.000 -25.000 35.113
v 55.000 -24.000 24.588
v 55.000 -24.554 25.000
v 55.000 -24.000 35.556
v 55.762 -24.000 36.000
v 55.542 -23.000 24.000
v 55.000 -23.000 24.308
v 55.717 -23.000 36.000
v 55.000 -23.000 35.576
v 55.000 -22.000 23.599
v 55.000 -22.532 24.000
v 55.000 -22.000 35.411
v 55.000 -21.000 22.727
v 55.000 -21.335 23.000
v 55.000 -21.000 35.172
v 55.000 -20.000 22.421
v 55.000 -20.486 34.000
v 55.000 -20.000 33.498
v 55.000 -20.827 35.000
v 55.870 -19.000 22.000
v 55.000 -19.000 21.625
v 55.000 -19.412 22.000
v 55.000 -19.506 33.000
v 55.000 -19.000 32.499
v 55.789 -18.000 21.000
v 55.000 -18.000 20.632
v 55.000 -18.368 21.000
v 55.000 -18.500 32.000
v 55.000 -18.000 31.502
v 55.470 -18.000 44.000
v 55.000 -18.000 43.619
v 55.000 -18.279 44.000
v 55.000 -18.479 45.000
v 55.000 -18.480 46.000
v 55.000 -18.299 47.000
v 55.458 -18.000 47.000
v 55.000 -18.000 47.429
v 55.778 -17.000 20.000
v 55.000 -17.000 19.656
v 55.000 -17.360 20.000
v 55.000 -17.466 31.000
v 55.000 -17.000 30.624
v 55.000 -17.000 41.547
v 55.000 -17.379 42.000
v 55.000 -17.598 43.000
v 55.000 -17.397 48.000
v 55.347 -17.000 48.000
v 55.000 -17.000 48.269
v 55.000 -16.000 19.117
v 55.000 -16.000 30.503
v 55.695 -16.000 35.000
v 55.387 -16.000 36.000
v 55.000 -16.000 36.678
v 55.000 -16.155 37.000
v 55.356 -16.000 38.000
v 55.000 -16.000 37.330
v 55.474 -16.000 39.000
v 55.582 -16.000 40.000
v 55.000 -16.000 41.173
v 55.343 -16.000 48.000
v 55.000 -16.000 48.247
v 55.857 -15.000 20.000
v 55.000 -15.000 19.649
v 55.000 -15.000 30.501
v 55.572 -15.000 34.000
v 55.000 -15.000 34.501
v 55.000 -15.402 35.000
v 55.000 -15.701 36.000
v 55.000 -15.720 38.000
v 55.000 -15.622 39.000
v 55.000 -15.628 40.000
v 55.000 -15.827 41.000
v 55.000 -15.680 48.000
v 55.000 -15.000 47.475
v 55.000 -14.618 20.000
v 55.000 -14.000 20.527
v 55.638 -14.000 30.000
v 55.000 -14.000 30.607
v 55.000 -14.000 33.565
v 55.000 -14.560 34.000
v 55.000 -14.507 47.000
v 55.000 -14.000 46.493
v 55.000 -13.528 21.000
v 55.000 -13.000 21.646
v 55.000 -13.219 29.000
v 55.000 -13.000 28.691
v 55.656 -13.000 30.000
v 55.000 -13.000 29.309
v 55.000 -13.613 31.000
v 55.571 -13.000 31.000
v 55.000 -13.302 32.000
v 55.415 -13.000 32.000
v 55.000 -13.000 32.864
v 55.000 -13.000 33.060
v 55.000 -13.481 46.000
v 55.000 -13.000 45.548
v 55.000 -12.722 22.000
v 55.000 -12.536 23.000
v 55.000 -12.473 24.000
v 55.000 -12.000 24.574
v 55.000 -12.238 27.000
v 55.000 -12.000 26.739
v 55.000 -12.591 28.000
v 55.000 -12.000 29.477
v 55.000 -12.943 33.000
v 55.579 -12.000 46.000
v 55.000 -12.000 45.479
v 55.000 -11.476 25.000
v 55.398 -11.000 25.000
v 55.000 -11.000 25.577
v 55.000 -11.000 26.272
v 55.581 -11.000 29.000
v 55.000 -11.000 29.419
v 55.402 -11.000 46.000
v 55.000 -11.000 45.497
v 55.764 -11.000 47.000
v 55.473 -10.000 25.000
v 55.000 -10.548 26.000
v 55.350 -10.000 26.000
v 55.441 -10.000 29.000
v 55.000 -10.000 29.428
v 55.503 -10.000 46.000
v 55.000 -10.000 45.318
v 55.795 -10.000 47.000
v 55.598 -9.000 24.000
v 55.000 -9.000 24.686
v 55.000 -9.349 25.000
v 55.000 -9.613 26.000
v 55.000 -9.419 27.000
v 55.000 -9.296 28.000
v 55.075 -9.000 29.000
v 55.000 -9.000 28.825
v 55.000 -9.000 29.081
v 55.387 -9.000 42.000
v 55.000 -9.386 42.000
v 55.000 -9.000 41.519
v 55.529 -9.000 43.000
v 55.000 -9.528 43.000
v 55.533 -9.000 44.000
v 55.000 -9.532 44.000
v 55.669 -9.000 45.000
v 55.000 -9.700 45.000
v 55.710 -8.000 23.000
v 55.298 -8.000 24.000
v 55.000 -8.000 24.368
v 55.000 -8.878 29.000
v 55.444 -8.000 35.000
v 55.000 -8.318 35.000
v 55.000 -8.000 34.506
v 55.000 -8.578 36.000
v 55.000 -8.619 37.000
v 55.000 -8.598 38.000
v 55.000 -8.520 39.000
v 55.000 -8.503 40.000
v 55.910 -8.000 41.000
v 55.000 -8.627 41.000
v 55.501 -7.000 23.000
v 55.000 -7.000 23.642
v 55.000 -7.491 24.000
v 55.141 -7.000 29.000
v 55.000 -7.224 29.000
v 55.000 -7.000 28.766
v 55.000 -7.000 29.428
v 55.367 -7.000 31.000
v 55.000 -7.368 31.000
v 55.000 -7.000 30.344
v 55.475 -7.000 32.000
v 55.000 -7.493 32.000
v 55.418 -7.000 33.000
v 55.000 -7.482 33.000
v 55.600 -7.000 34.000
v 55.000 -7.624 34.000
v 55.749 -6.000 21.000
v 55.596 -6.000 22.000
v 55.396 -6.000 23.000
v 55.000 -6.000 23.527
v 55.272 -6.000 28.000
v 55.000 -6.398 28.000
v 55.000 -6.000 27.666
v 55.480 -6.000 29.000
v 55.000 -6.775 30.000
v 55.619 -6.000 30.000
v 55.846 -6.000 33.000
v 55.582 -5.000 21.000
v 55.405 -5.000 22.000
v 55.255 -5.000 23.000
v 55.000 -5.000 23.473
v 55.114 -5.000 25.000
v 55.000 -5.156 25.000
v 55.000 -5.000 24.739
v 55.000 -5.000 25.348
v 55.248 -5.000 27.000
v 55.000 -5.309 27.000
v 55.000 -5.000 26.437
v 55.398 -5.000 28.000
v 55.581 -5.000 29.000
v 55.846 -4.000 20.000
v 55.463 -4.000 21.000
v 55.000 -4.000 21.885
v 55.000 -4.127 22.000
v 55.000 -4.488 23.000
v 55.380 -4.000 25.000
v 55.000 -4.000 24.332
v 55.000 -4.725 26.000
v 55.422 -4.000 26.000
v 55.404 -4.000 27.000
v 55.102 -4.000 28.000
v 55.649 -4.000 29.000
v 55.678 -3.000 21.000
v 55.000 -3.876 22.000
v 55.424 -3.000 22.000
v 55.383 -3.000 23.000
v 55.000 -3.640 23.000
v 55.422 -3.000 24.000
v 55.000 -3.691 24.000
v 55.580 -3.000 25.000
v 55.618 -3.000 26.000
v 55.582 -3.000 27.000
v 55.546 -3.000 28.000
v 55.692 -2.000 22.000
v 55.537 -2.000 23.000
v 55.692 -2.000 24.000
v 55.747 -2.000 28.000
v 55.778 -1.000 23.000
v 55.716 -1.000 28.000
v 55.721 -1.000 30.000
v 55.723 -1.000 31.000
v 55.873 0.000 12.000
v 55.000 0.000 16.502
v 55.000 -0.378 17.000
v 55.000 -0.498 18.000
v 55.000 -0.499 19.000
v 55.000 -0.481 20.000
v 55.000 -0.402 21.000
v 55.580 0.000 21.000
v 55.000 -0.395 22.000
v 55.432 0.000 22.000
v 55.000 -0.476 23.000
v 55.589 0.000 23.000
v 55.409 0.000 24.000
v 55.000 -0.312 24.000
v 55.000 0.000 24.510
v 55.490 0.000 27.000
v 55.502 0.000 28.000
v 55.577 0.000 29.000
v 55.518 0.000 30.000
v 55.501 0.000 31.000
v 55.507 0.000 32.000
v 55.691 0.000 33.000
v 55.801 1.000 12.000
v 55.000 1.000 14.546
v 55.000 0.624 15.000
v 55.000 0.382 16.000
v 55.693 1.000 22.000
v 55.000 0.278 25.000
v 55.000 0.356 26.000
v 55.000 0.385 27.000
v 55.000 1.000 27.557
v 55.441 1.000 28.000
v 55.554 1.000 29.000
v 55.416 1.000 30.000
v 55.374 1.000 31.000
v 55.000 1.000 31.628
v 55.000 0.674 32.000
v 55.000 0.673 33.000
v 55.594 1.000 34.000
v 55.000 1.000 33.395
v 55.575 2.000 12.000
v 55.340 2.000 13.000
v 55.000 2.000 13.431
v 55.000 1.575 14.000
v 55.589 2.000 20.000
v 55.497 2.000 21.000
v 55.601 2.000 22.000
v 55.787 2.000 28.000
v 55.000 2.000 27.839
v 55.869 2.000 29.000
v 55.000 2.000 29.361
v 55.000 1.576 30.000
v 55.000 2.000 30.954
v 55.021 2.000 31.000
v 55.000 2.000 31.031
v 55.000 1.830 34.000
v 55.000 2.000 34.099
v 55.000 3.000 11.758
v 55.000 2.688 12.000
v 55.000 2.295 13.000
v 55.000 2.621 17.000
v 55.000 3.000 16.501
v 55.000 2.502 18.000
v 55.000 2.482 19.000
v 55.000 2.422 20.000
v 55.000 2.579 21.000
v 55.319 3.000 22.000
v 55.000 3.000 21.531
v 55.739 3.000 23.000
v 55.000 2.161 28.000
v 55.000 2.205 29.000
v 55.000 2.021 31.000
v 55.427 3.000 34.000
v 55.000 2.183 34.000
v 55.000 3.000 33.491
v 55.000 4.000 11.797
v 55.000 3.617 15.000
v 55.000 4.000 14.501
v 55.000 3.381 16.000
v 55.000 3.494 22.000
v 55.557 4.000 23.000
v 55.000 4.000 22.388
v 55.332 4.000 33.000
v 55.000 3.569 33.000
v 55.000 4.000 32.725
v 55.739 4.000 34.000
v 55.000 4.204 12.000
v 55.000 4.472 13.000
v 55.000 4.379 14.000
v 55.520 5.000 23.000
v 55.000 5.000 22.523
v 55.000 5.000 32.505
v 55.312 6.000 23.000
v 55.000 6.000 22.742
v 55.000 6.000 32.300
v 55.000 6.308 23.000
v 55.473 7.000 24.000
v 55.000 7.000 23.629
v 55.568 7.000 32.000
v 55.000 6.435 32.000
v 55.000 7.000 31.442
v 55.000 7.387 24.000
v 55.000 8.000 24.556
v 55.410 8.000 28.000
v 55.000 7.703 28.000
v 55.000 8.000 27.518
v 55.526 8.000 29.000
v 55.000 7.524 29.000
v 55.532 8.000 30.000
v 55.000 7.498 30.000
v 55.670 8.000 31.000
v 55.000 7.365 31.000
v 55.000 8.371 25.000
v 55.000 8.476 26.000
v 55.000 8.303 27.000
v 54.191 -27.000 26.000
v 54.000 -27.000 25.817
v 54.000 -27.190 26.000
v 54.000 -27.469 27.000
v 54.470 -27.000 27.000
v 54.000 -27.475 28.000
v 54.493 -27.000 28.000
v 54.000 -27.296 29.000
v 54.361 -27.000 29.000
v 54.000 -27.000 29.477
v 54.571 -26.000 26.000
v 54.000 -26.000 25.529
v 54.000 -26.693 30.000
v 54.000 -26.519 31.000
v 54.000 -26.481 32.000
v 54.000 -26.279 33.000
v 54.500 -26.000 33.000
v 54.000 -26.000 33.358
v 54.203 -25.000 25.000
v 54.000 -25.000 24.892
v 54.000 -25.147 25.000
v 54.000 -25.493 34.000
v 54.802 -25.000 35.000
v 54.000 -25.000 34.568
v 54.000 -24.000 24.645
v 54.000 -24.426 35.000
v 54.000 -24.000 35.276
v 54.000 -23.000 24.578
v 54.000 -23.000 35.271
v 54.467 -22.000 24.000
v 54.000 -22.000 24.317
v 54.445 -22.000 35.000
v 54.000 -22.573 35.000
v 54.000 -22.000 34.528
v 54.593 -21.000 23.000
v 54.000 -21.000 23.500
v 54.000 -21.556 24.000
v 54.362 -21.000 34.000
v 54.000 -21.411 34.000
v 54.000 -21.000 33.706
v 54.819 -21.000 35.000
v 54.000 -20.000 22.605
v 54.000 -20.470 23.000
v 54.000 -20.000 33.292
v 54.000 -19.000 21.636
v 54.000 -19.368 22.000
v 54.000 -19.661 33.000
v 54.000 -19.000 32.372
v 54.000 -18.000 20.637
v 54.000 -18.364 21.000
v 54.000 -18.607 32.000
v 54.000 -18.000 31.501
v 54.000 -18.000 43.384
v 54.000 -18.401 44.000
v 54.000 -18.516 45.000
v 54.000 -18.575 46.000
v 54.000 -18.495 47.000
v 54.000 -18.236 48.000
v 54.356 -18.000 48.000
v 54.000 -18.000 48.236
v 54.000 -17.000 19.744
v 54.000 -17.306 20.000
v 54.000 -17.326 31.000
v 54.000 -17.000 30.751
v 54.277 -17.000 41.000
v 54.000 -17.000 40.792
v 54.000 -17.209 41.000
v 54.000 -17.495 42.000
v 54.000 -17.718 43.000
v 54.000 -17.000 48.476
v 54.000 -16.000 19.550
v 54.000 -16.000 30.623
v 54.781 -16.000 37.000
v 54.768 -16.000 41.000
v 54.000 -16.000 40.447
v 54.000 -16.000 48.370
v 54.000 -15.000 19.744
v 54.000 -15.000 30.729
v 54.436 -15.000 35.000
v 54.000 -15.000 35.374
v 54.000 -15.420 36.000
v 54.000 -15.575 37.000
v 54.000 -15.519 38.000
v 54.000 -15.503 39.000
v 54.000 -15.620 40.000
v 54.000 -15.558 48.000
v 54.000 -15.000 47.386
v 54.000 -14.695 20.000
v 54.000 -14.000 20.663
v 54.000 -14.599 31.000
v 54.562 -14.000 31.000
v 54.000 -14.000 31.565
v 54.000 -14.000 33.497
v 54.000 -14.395 34.000
v 54.000 -14.722 35.000
v 54.000 -14.629 47.000
v 54.000 -14.000 46.309
v 54.000 -13.711 21.000
v 54.541 -13.000 22.000
v 54.000 -13.328 22.000
v 54.000 -13.000 22.702
v 54.152 -13.000 24.000
v 54.000 -13.112 24.000
v 54.000 -13.000 23.592
v 54.000 -13.000 24.149
v 54.000 -13.170 29.000
v 54.000 -13.000 28.756
v 54.000 -13.000 29.183
v 54.000 -13.686 32.000
v 54.000 -13.572 33.000
v 54.923 -13.000 33.000
v 54.350 -13.000 45.000
v 54.000 -13.344 45.000
v 54.000 -13.000 44.660
v 54.000 -13.737 46.000
v 54.000 -12.845 23.000
v 54.432 -12.000 25.000
v 54.000 -12.332 25.000
v 54.000 -12.000 25.302
v 54.594 -12.000 27.000
v 54.000 -12.000 27.395
v 54.000 -12.517 28.000
v 54.000 -12.000 29.477
v 54.526 -12.000 45.000
v 54.000 -12.000 44.363
v 54.000 -11.000 25.806
v 54.000 -11.608 27.000
v 54.000 -11.000 26.235
v 54.000 -11.000 29.596
v 54.074 -11.000 42.000
v 54.000 -11.076 42.000
v 54.000 -11.000 41.895
v 54.331 -11.000 43.000
v 54.000 -11.343 43.000
v 54.400 -11.000 44.000
v 54.000 -11.608 44.000
v 54.604 -11.000 45.000
v 54.000 -10.813 26.000
v 54.000 -10.130 30.000
v 54.111 -10.000 30.000
v 54.000 -10.000 30.083
v 54.480 -10.000 42.000
v 54.000 -10.000 41.377
v 54.614 -10.000 43.000
v 54.621 -10.000 44.000
v 54.757 -10.000 45.000
v 54.740 -9.000 25.000
v 54.527 -9.000 26.000
v 54.527 -9.000 27.000
v 54.659 -9.000 28.000
v 54.000 -9.000 29.598
v 54.000 -9.849 30.000
v 54.383 -9.000 36.000
v 54.000 -9.297 36.000
v 54.000 -9.000 35.499
v 54.522 -9.000 37.000
v 54.000 -9.479 37.000
v 54.416 -9.000 38.000
v 54.000 -9.389 38.000
v 54.000 -9.000 38.556
v 54.543 -9.000 41.000
v 54.000 -9.591 41.000
v 54.000 -9.000 40.364
v 54.502 -8.000 25.000
v 54.000 -8.000 25.675
v 54.000 -8.322 26.000
v 54.000 -8.443 27.000
v 54.000 -8.137 28.000
v 54.470 -8.000 29.000
v 54.000 -8.000 28.185
v 54.000 -8.000 29.762
v 54.343 -8.000 31.000
v 54.000 -8.308 31.000
v 54.000 -8.000 30.295
v 54.493 -8.000 32.000
v 54.000 -8.476 32.000
v 54.501 -8.000 33.000
v 54.000 -8.500 33.000
v 54.612 -8.000 34.000
v 54.000 -8.524 34.000
v 54.000 -8.704 35.000
v 54.000 -8.737 39.000
v 54.000 -8.758 40.000
v 54.721 -7.000 24.000
v 54.401 -7.000 25.000
v 54.000 -7.000 25.512
v 54.472 -7.000 28.000
v 54.000 -7.808 28.000
v 54.000 -7.000 27.547
v 54.788 -7.000 30.000
v 54.000 -7.838 30.000
v 54.643 -6.000 24.000
v 54.481 -6.000 25.000
v 54.000 -6.000 25.690
v 54.000 -6.000 27.190
v 54.721 -5.000 24.000
v 54.759 -5.000 26.000
v 54.000 -5.723 26.000
v 54.000 -5.809 27.000
v 54.921 -4.000 22.000
v 54.754 -4.000 23.000
v 54.780 -4.000 24.000
v 54.000 0.000 16.621
v 54.000 -0.279 17.000
v 54.000 -0.481 18.000
v 54.000 -0.500 19.000
v 54.000 -0.500 20.000
v 54.000 -0.499 21.000
v 54.000 -0.499 22.000
v 54.000 -0.518 23.000
v 54.000 -0.579 24.000
v 54.000 -0.527 25.000
v 54.647 0.000 25.000
v 54.000 -0.518 26.000
v 54.552 0.000 26.000
v 54.000 -0.304 27.000
v 54.431 0.000 27.000
v 54.000 0.000 27.252
v 54.000 1.000 14.634
v 54.000 0.647 15.000
v 54.000 0.406 16.000
v 54.000 1.000 27.599
v 54.750 1.000 32.000
v 54.732 1.000 33.000
v 54.391 2.000 14.000
v 54.000 2.000 14.251
v 54.000 1.471 28.000
v 54.772 2.000 28.000
v 54.000 1.719 29.000
v 54.596 2.000 29.000
v 54.000 1.778 30.000
v 54.000 2.000 30.338
v 54.476 2.000 32.000
v 54.521 2.000 33.000
v 54.901 2.000 34.000
v 54.707 3.000 12.000
v 54.000 3.000 12.698
v 54.000 2.737 13.000
v 54.000 2.274 14.000
v 54.000 2.719 17.000
v 54.000 3.000 16.535
v 54.000 2.599 18.000
v 54.000 2.539 19.000
v 54.000 2.700 20.000
v 54.524 3.000 21.000
v 54.000 3.000 20.436
v 54.000 2.376 31.000
v 54.000 2.504 32.000
v 54.000 3.000 32.476
v 54.579 3.000 33.000
v 54.749 4.000 12.000
v 54.000 4.000 12.710
v 54.000 3.688 15.000
v 54.000 4.000 14.583
v 54.000 3.324 16.000
v 54.000 3.529 21.000
v 54.622 4.000 22.000
v 54.000 4.000 21.397
v 54.000 4.000 32.516
v 54.000 4.241 13.000
v 54.000 4.371 14.000
v 54.331 5.000 22.000
v 54.000 5.000 21.733
v 54.000 5.000 32.397
v 54.000 5.330 22.000
v 54.000 6.000 22.525
v 54.541 6.000 32.000
v 54.000 5.554 32.000
v 54.000 6.000 31.498
v 54.000 6.493 23.000
v 54.000 7.000 23.503
v 54.354 7.000 29.000
v 54.000 6.720 29.000
v 54.000 7.000 28.509
v 54.476 7.000 30.000
v 54.000 6.601 30.000
v 54.631 7.000 31.000
v 54.000 6.400 31.000
v 54.000 7.496 24.000
v 54.000 8.000 24.557
v 54.536 8.000 27.000
v 54.000 7.598 27.000
v 54.000 8.000 26.456
v 54.000 7.298 28.000
v 54.000 8.352 25.000
v 54.000 8.297 26.000
v 53.320 -28.000 27.000
v 53.000 -28.000 26.680
v 53.000 -28.248 27.000
v 53.000 -28.277 28.000
v 53.351 -28.000 28.000
v 53.000 -28.000 28.459
v 53.000 -27.000 25.629
v 53.000 -27.442 26.000
v 53.000 -27.675 29.000
v 53.000 -27.325 30.000
v 53.507 -27.000 30.000
v 53.000 -27.000 30.508
v 53.000 -26.000 25.487
v 53.000 -26.695 31.000
v 53.000 -26.537 32.000
v 53.000 -26.449 33.000
v 53.000 -26.000 33.470
v 53.832 -25.000 25.000
v 53.000 -25.000 25.406
v 53.000 -25.334 34.000
v 53.000 -25.000 34.267
v 53.523 -24.000 25.000
v 53.000 -24.000 25.381
v 53.650 -24.000 35.000
v 53.000 -24.000 34.474
v 53.375 -23.000 25.000
v 53.000 -23.000 25.280
v 53.671 -23.000 35.000
v 53.000 -23.000 34.372
v 53.000 -22.000 24.675
v 53.000 -22.537 25.000
v 53.439 -22.000 34.000
v 53.000 -22.494 34.000
v 53.000 -22.000 33.681
v 53.414 -21.000 24.000
v 53.000 -21.000 24.290
v 53.000 -21.000 33.325
v 53.473 -20.000 23.000
v 53.000 -20.000 23.365
v 53.000 -20.661 24.000
v 53.563 -20.000 33.000
v 53.000 -20.526 33.000
v 53.000 -20.000 32.598
v 53.502 -19.000 22.000
v 53.000 -19.000 22.366
v 53.000 -19.634 23.000
v 53.456 -19.000 32.000
v 53.000 -19.336 32.000
v 53.000 -19.000 31.727
v 53.099 -19.000 46.000
v 53.000 -19.000 45.894
v 53.000 -19.066 46.000
v 53.000 -19.000 46.099
v 53.503 -18.000 21.000
v 53.000 -18.000 21.367
v 53.000 -18.634 22.000
v 53.000 -18.000 31.501
v 53.313 -18.000 43.000
v 53.000 -18.000 42.804
v 53.000 -18.145 43.000
v 53.000 -18.461 44.000
v 53.000 -18.593 45.000
v 53.000 -18.498 47.000
v 53.000 -18.314 48.000
v 53.000 -18.000 48.315
v 53.676 -17.000 20.000
v 53.000 -17.000 20.503
v 53.000 -17.612 21.000
v 53.653 -17.000 31.000
v 53.000 -17.000 31.403
v 53.000 -17.000 40.675
v 53.000 -17.322 41.000
v 53.000 -17.498 42.000
v 53.000 -17.000 48.453
v 53.491 -16.000 20.000
v 53.000 -16.000 20.402
v 53.509 -16.000 31.000
v 53.000 -16.000 31.399
v 53.000 -16.000 40.380
v 53.000 -16.000 48.208
v 53.691 -15.000 20.000
v 53.000 -15.000 20.607
v 53.666 -15.000 31.000
v 53.000 -15.000 31.606
v 53.000 -15.000 35.506
v 53.000 -15.306 36.000
v 53.000 -15.480 37.000
v 53.000 -15.498 38.000
v 53.000 -15.480 39.000
v 53.000 -15.540 40.000
v 53.529 -15.000 47.000
v 53.000 -15.439 47.000
v 53.000 -15.000 46.436
v 53.000 -15.786 48.000
v 53.587 -14.000 21.000
v 53.000 -14.532 21.000
v 53.000 -14.000 21.587
v 53.000 -14.532 32.000
v 53.561 -14.000 32.000
v 53.000 -14.000 32.757
v 53.000 -14.000 33.279
v 53.000 -14.328 34.000
v 53.000 -14.678 35.000
v 53.377 -14.000 45.000
v 53.000 -14.393 45.000
v 53.000 -14.000 44.527
v 53.691 -14.000 46.000
v 53.000 -14.661 46.000
v 53.000 -13.711 22.000
v 53.796 -13.000 23.000
v 53.000 -13.544 23.000
v 53.000 -13.475 24.000
v 53.000 -13.000 24.586
v 53.000 -13.025 29.000
v 53.000 -13.000 28.962
v 53.000 -13.000 29.028
v 53.000 -13.856 33.000
v 53.203 -13.000 41.000
v 53.000 -13.546 41.000
v 53.000 -13.000 40.618
v 53.000 -13.000 41.253
v 53.334 -13.000 44.000
v 53.000 -13.430 44.000
v 53.000 -13.000 43.713
v 53.000 -12.582 25.000
v 53.000 -12.000 25.420
v 53.000 -12.468 28.000
v 53.000 -12.000 27.526
v 53.000 -12.000 29.560
v 53.276 -12.000 40.000
v 53.000 -12.477 40.000
v 53.000 -12.000 39.610
v 53.345 -12.000 41.000
v 53.000 -12.000 41.385
v 53.637 -12.000 44.000
v 53.000 -12.000 43.465
v 53.000 -11.000 25.784
v 53.000 -11.402 27.000
v 53.000 -11.000 26.359
v 53.000 -11.000 29.781
v 53.112 -11.000 38.000
v 53.000 -11.145 38.000
v 53.000 -11.000 37.789
v 53.000 -11.000 38.283
v 53.380 -11.000 40.000
v 53.000 -11.000 39.368
v 53.477 -11.000 41.000
v 53.528 -11.000 42.000
v 53.000 -11.000 41.875
v 53.000 -11.000 42.115
v 53.000 -11.532 43.000
v 53.000 -10.795 26.000
v 53.000 -10.621 30.000
v 53.000 -10.000 30.439
v 53.421 -10.000 37.000
v 53.000 -10.502 37.000
v 53.000 -10.000 36.401
v 53.477 -10.000 38.000
v 53.000 -10.000 38.890
v 53.425 -10.000 40.000
v 53.000 -10.000 39.109
v 53.708 -10.000 41.000
v 53.000 -10.918 42.000
v 53.000 -9.000 29.995
v 53.000 -9.012 30.000
v 53.395 -9.000 32.000
v 53.000 -9.405 32.000
v 53.000 -9.000 31.361
v 53.499 -9.000 33.000
v 53.000 -9.518 33.000
v 53.506 -9.000 34.000
v 53.000 -9.505 34.000
v 53.639 -9.000 35.000
v 53.000 -9.529 35.000
v 53.000 -9.737 36.000
v 53.693 -9.000 39.000
v 53.000 -9.910 39.000
v 53.749 -9.000 40.000
v 53.752 -8.000 26.000
v 53.648 -8.000 27.000
v 53.899 -8.000 28.000
v 53.000 -8.993 30.000
v 53.833 -8.000 30.000
v 53.000 -8.785 31.000
v 53.626 -7.000 26.000
v 53.609 -7.000 27.000
v 53.767 -6.000 26.000
v 53.819 -6.000 27.000
v 53.100 -2.000 26.000
v 53.000 -2.000 25.816
v 53.000 -2.100 26.000
v 53.000 -2.000 26.168
v 53.353 -1.000 24.000
v 53.000 -1.000 23.642
v 53.000 -1.268 24.000
v 53.000 -1.572 25.000
v 53.521 -1.000 25.000
v 53.581 -1.000 26.000
v 53.000 -1.393 27.000
v 53.331 -1.000 27.000
v 53.000 -1.000 27.274
v 53.508 0.000 17.000
v 53.000 0.000 17.389
v 53.000 -0.401 18.000
v 53.000 -0.498 19.000
v 53.000 -0.500 20.000
v 53.000 -0.500 21.000
v 53.000 -0.502 22.000
v 53.000 -0.599 23.000
v 53.000 0.000 27.497
v 53.000 1.000 14.791
v 53.000 0.794 15.000
v 53.000 0.582 16.000
v 53.000 0.297 17.000
v 53.000 1.000 27.728
v 53.000 2.000 14.416
v 53.000 1.332 28.000
v 53.460 2.000 29.000
v 53.000 2.000 28.696
v 53.688 2.000 30.000
v 53.681 3.000 13.000
v 53.000 3.000 13.534
v 53.000 2.486 14.000
v 53.228 3.000 16.000
v 53.000 2.881 16.000
v 53.000 3.000 15.868
v 53.330 3.000 17.000
v 53.000 3.000 16.408
v 53.348 3.000 18.000
v 53.000 3.000 18.637
v 53.000 2.846 19.000
v 53.542 3.000 20.000
v 53.000 3.000 19.276
v 53.000 2.245 29.000
v 53.000 2.422 30.000
v 53.000 2.579 31.000
v 53.000 2.683 32.000
v 53.000 3.000 32.319
v 53.693 4.000 13.000
v 53.000 4.000 13.584
v 53.441 4.000 15.000
v 53.000 4.000 15.260
v 53.000 3.155 17.000
v 53.000 3.248 18.000
v 53.000 3.403 20.000
v 53.479 4.000 21.000
v 53.000 4.000 20.624
v 53.000 4.000 32.474
v 53.000 4.346 14.000
v 53.000 4.240 15.000
v 53.000 4.387 21.000
v 53.000 5.000 21.525
v 53.000 5.000 32.326
v 53.000 5.493 22.000
v 53.000 6.000 22.507
v 53.496 6.000 31.000
v 53.000 5.603 31.000
v 53.000 6.000 30.435
v 53.000 5.336 32.000
v 53.000 6.476 23.000
v 53.000 7.000 23.613
v 53.370 7.000 27.000
v 53.000 6.634 27.000
v 53.000 7.000 26.550
v 53.637 7.000 28.000
v 53.000 6.479 28.000
v 53.000 6.397 29.000
v 53.000 6.273 30.000
v 53.000 7.370 24.000
v 53.000 8.000 24.870
v 53.569 8.000 26.000
v 53.000 7.491 26.000
v 53.000 8.000 25.171
v 53.000 8.096 25.000
v 52.000 -28.000 26.526
v 52.000 -28.469 27.000
v 52.000 -28.576 28.000
v 52.000 -28.342 29.000
v 52.506 -28.000 29.000
v 52.000 -28.000 29.535
v 52.000 -27.000 25.751
v 52.000 -27.326 26.000
v 52.000 -27.700 30.000
v 52.000 -27.330 31.000
v 52.511 -27.000 31.000
v 52.000 -27.000 31.699
v 52.085 -27.000 33.000
v 52.000 -27.000 32.734
v 52.000 -27.062 33.000
v 52.000 -27.000 33.066
v 52.000 -26.000 25.622
v 52.000 -26.843 32.000
v 52.000 -26.000 33.479
v 52.000 -25.000 25.619
v 52.644 -25.000 34.000
v 52.000 -25.000 33.597
v 52.000 -24.000 25.618
v 52.478 -24.000 34.000
v 52.000 -24.000 33.618
v 52.000 -23.000 25.600
v 52.591 -23.000 34.000
v 52.000 -23.000 33.578
v 52.524 -22.000 25.000
v 52.000 -22.000 25.400
v 52.000 -22.000 33.324
v 52.000 -21.000 24.581
v 52.000 -21.501 25.000
v 52.501 -21.000 33.000
v 52.000 -21.501 33.000
v 52.000 -21.000 32.675
v 52.000 -20.000 23.505
v 52.000 -20.482 24.000
v 52.000 -20.000 32.298
v 52.000 -19.000 22.500
v 52.000 -19.500 23.000
v 52.000 -19.611 32.000
v 52.000 -19.000 31.599
v 52.316 -19.000 46.000
v 52.000 -18.000 21.524
v 52.000 -18.494 22.000
v 52.000 -18.000 31.501
v 52.743 -18.000 43.000
v 52.000 -18.000 43.614
v 52.000 -18.245 44.000
v 52.000 -18.440 45.000
v 52.000 -18.935 46.000
v 52.373 -18.000 47.000
v 52.000 -18.000 46.553
v 52.090 -18.000 48.000
v 52.000 -17.000 20.752
v 52.000 -17.322 21.000
v 52.000 -17.000 31.500
v 52.000 -17.000 40.792
v 52.000 -17.198 41.000
v 52.159 -17.000 42.000
v 52.000 -17.000 41.647
v 52.000 -17.000 42.170
v 52.000 -17.565 43.000
v 52.286 -17.000 47.000
v 52.000 -17.000 46.497
v 52.000 -17.000 47.961
v 52.000 -17.267 48.000
v 52.000 -17.000 48.015
v 52.000 -16.000 20.730
v 52.000 -16.000 31.598
v 52.000 -16.000 40.499
v 52.000 -16.857 42.000
v 52.325 -16.000 46.000
v 52.000 -16.536 46.000
v 52.000 -16.000 45.463
v 52.568 -16.000 47.000
v 52.000 -16.981 48.000
v 52.757 -16.000 48.000
v 52.000 -15.597 21.000
v 52.531 -15.000 21.000
v 52.000 -15.000 21.531
v 52.000 -15.416 32.000
v 52.482 -15.000 32.000
v 52.000 -15.000 32.384
v 52.178 -15.000 35.000
v 52.000 -15.000 34.896
v 52.000 -15.083 35.000
v 52.311 -15.000 36.000
v 52.000 -15.000 35.329
v 52.000 -15.000 36.343
v 52.000 -15.274 37.000
v 52.000 -15.379 38.000
v 52.000 -15.351 39.000
v 52.298 -15.000 40.000
v 52.000 -15.000 39.646
v 52.000 -15.000 40.256
v 52.232 -15.000 44.000
v 52.000 -15.294 44.000
v 52.000 -15.000 43.750
v 52.500 -15.000 45.000
v 52.000 -15.640 45.000
v 52.710 -15.000 46.000
v 52.658 -14.000 22.000
v 52.000 -14.606 22.000
v 52.485 -14.000 23.000
v 52.000 -14.399 23.000
v 52.316 -14.000 24.000
v 52.000 -14.244 24.000
v 52.000 -14.000 24.302
v 52.000 -14.434 33.000
v 52.758 -14.000 33.000
v 52.000 -14.124 34.000
v 52.000 -14.841 36.000
v 52.303 -14.000 40.000
v 52.000 -14.000 39.658
v 52.000 -14.000 40.488
v 52.576 -14.000 44.000
v 52.000 -14.000 43.457
v 52.453 -13.000 25.000
v 52.000 -13.332 25.000
v 52.000 -13.000 25.272
v 52.962 -13.000 29.000
v 52.298 -13.000 39.000
v 52.000 -13.387 39.000
v 52.000 -13.000 38.561
v 52.676 -13.000 40.000
v 52.000 -13.708 41.000
v 52.214 -13.000 42.000
v 52.000 -13.246 42.000
v 52.000 -13.000 42.394
v 52.000 -13.000 43.262
v 52.000 -12.000 25.488
v 52.000 -12.369 28.000
v 52.000 -12.000 27.628
v 52.000 -12.531 29.000
v 52.000 -12.113 30.000
v 52.168 -12.000 30.000
v 52.000 -12.000 30.129
v 52.375 -12.000 38.000
v 52.000 -12.483 38.000
v 52.000 -12.000 37.480
v 52.600 -12.000 39.000
v 52.000 -12.000 41.799
v 52.000 -12.541 42.000
v 52.000 -12.000 43.171
v 52.000 -11.000 25.677
v 52.398 -11.000 27.000
v 52.000 -11.000 27.237
v 52.747 -11.000 30.000
v 52.000 -11.133 31.000
v 52.126 -11.000 31.000
v 52.000 -11.000 31.206
v 52.063 -11.000 33.000
v 52.000 -11.063 33.000
v 52.000 -11.000 32.879
v 52.000 -11.000 33.133
v 52.292 -11.000 36.000
v 52.000 -11.341 36.000
v 52.000 -11.000 35.534
v 52.596 -11.000 37.000
v 52.000 -11.628 37.000
v 52.749 -11.000 39.000
v 52.000 -11.172 42.000
v 52.360 -11.000 42.000
v 52.000 -11.788 43.000
v 52.000 -10.680 26.000
v 52.000 -10.764 27.000
v 52.583 -10.000 31.000
v 52.000 -10.571 32.000
v 52.501 -10.000 32.000
v 52.579 -10.000 33.000
v 52.000 -10.604 34.000
v 52.523 -10.000 34.000
v 52.529 -10.000 35.000
v 52.000 -10.614 35.000
v 52.737 -10.000 36.000
v 52.931 -10.000 39.000
v 52.995 -9.000 30.000
v 52.795 -9.000 31.000
v 52.435 -2.000 25.000
v 52.000 -2.000 24.637
v 52.000 -2.294 25.000
v 52.000 -2.556 26.000
v 52.000 -2.337 27.000
v 52.401 -2.000 27.000
v 52.000 -2.000 27.291
v 52.000 -1.000 23.359
v 52.000 -1.498 24.000
v 52.000 -1.000 27.579
v 52.000 0.000 17.641
v 52.000 -0.279 18.000
v 52.000 -0.481 19.000
v 52.000 -0.500 20.000
v 52.000 -0.500 21.000
v 52.000 -0.519 22.000
v 52.000 -0.721 23.000
v 52.000 0.000 27.721
v 52.744 1.000 15.000
v 52.389 1.000 16.000
v 52.000 1.000 16.376
v 52.000 0.506 17.000
v 52.000 0.469 28.000
v 52.539 1.000 28.000
v 52.000 1.000 28.308
v 52.000 2.000 14.706
v 52.000 1.711 15.000
v 52.000 1.500 16.000
v 52.000 2.000 28.635
v 52.000 3.000 13.770
v 52.000 2.712 14.000
v 52.000 2.431 16.000
v 52.000 3.000 15.563
v 52.701 3.000 17.000
v 52.000 2.660 17.000
v 52.000 3.000 17.540
v 52.766 3.000 19.000
v 52.000 2.354 29.000
v 52.000 2.620 30.000
v 52.381 3.000 31.000
v 52.000 3.000 30.593
v 52.000 3.000 31.979
v 52.000 2.992 32.000
v 52.000 3.000 32.008
v 52.000 4.000 13.832
v 52.000 4.000 15.197
v 52.000 3.276 18.000
v 52.000 3.401 19.000
v 52.000 3.601 20.000
v 52.000 4.000 20.479
v 52.149 4.000 31.000
v 52.000 4.000 30.835
v 52.000 4.000 31.282
v 52.000 4.000 32.334
v 52.000 4.167 14.000
v 52.000 4.192 15.000
v 52.000 4.497 21.000
v 52.000 5.000 21.507
v 52.340 5.000 31.000
v 52.000 5.000 30.536
v 52.000 5.000 31.655
v 52.000 5.000 32.173
v 52.000 5.475 22.000
v 52.000 6.000 22.639
v 52.338 6.000 27.000
v 52.000 5.711 27.000
v 52.000 6.000 26.586
v 52.493 6.000 28.000
v 52.000 5.546 28.000
v 52.507 6.000 29.000
v 52.000 5.582 29.000
v 52.665 6.000 30.000
v 52.000 5.372 30.000
v 52.000 5.165 32.000
v 52.000 6.296 23.000
v 52.498 7.000 24.000
v 52.000 6.678 24.000
v 52.000 7.000 24.663
v 52.502 7.000 26.000
v 52.000 6.504 26.000
v 52.000 7.000 25.295
v 52.883 8.000 25.000
v 52.000 7.208 25.000
v 51.278 -29.000 27.000
v 51.000 -29.000 26.786
v 51.000 -29.220 27.000
v 51.000 -29.351 28.000
v 51.402 -29.000 28.000
v 51.000 -29.000 28.703
v 51.077 -29.000 30.000
v 51.000 -29.000 29.686
v 51.000 -29.088 30.000
v 51.000 -29.000 30.081
v 51.000 -28.000 26.506
v 51.000 -28.844 29.000
v 51.633 -28.000 30.000
v 51.000 -28.000 30.642
v 51.653 -27.000 26.000
v 51.000 -27.000 26.403
v 51.000 -27.709 31.000
v 51.000 -27.460 32.000
v 51.783 -27.000 32.000
v 51.000 -27.397 33.000
v 51.000 -27.000 33.349
v 51.502 -26.000 26.000
v 51.000 -26.000 26.380
v 51.000 -26.000 33.494
v 51.500 -25.000 26.000
v 51.000 -25.000 26.380
v 51.000 -25.000 33.483
v 51.500 -24.000 26.000
v 51.000 -24.000 26.381
v 51.000 -24.000 33.403
v 51.492 -23.000 26.000
v 51.000 -23.000 26.379
v 51.000 -23.000 33.280
v 51.304 -22.000 26.000
v 51.000 -22.000 26.243
v 51.501 -22.000 33.000
v 51.000 -22.537 33.000
v 51.000 -22.000 32.675
v 51.437 -21.000 25.000
v 51.000 -21.000 25.339
v 51.000 -21.699 26.000
v 51.000 -21.000 32.325
v 51.000 -20.000 23.662
v 51.000 -20.290 24.000
v 51.000 -20.710 25.000
v 51.521 -20.000 32.000
v 51.000 -20.492 32.000
v 51.000 -20.000 31.694
v 51.000 -19.000 22.666
v 51.000 -19.337 23.000
v 51.000 -19.000 31.519
v 51.000 -18.000 21.778
v 51.000 -18.264 22.000
v 51.000 -18.000 31.501
v 51.747 -18.000 44.000
v 51.627 -18.000 45.000
v 51.657 -18.000 46.000
v 51.680 -17.000 21.000
v 51.000 -17.000 21.557
v 51.000 -17.000 31.521
v 51.263 -17.000 41.000
v 51.021 -17.000 43.000
v 51.426 -17.000 44.000
v 51.521 -17.000 45.000
v 51.720 -17.000 46.000
v 51.985 -17.000 48.000
v 51.672 -16.000 21.000
v 51.000 -16.000 21.670
v 51.000 -16.000 31.729
v 51.000 -16.000 40.804
v 51.000 -16.695 41.000
v 51.299 -16.000 42.000
v 51.000 -16.000 41.368
v 51.000 -16.000 42.573
v 51.000 -16.948 43.000
v 51.000 -16.000 43.286
v 51.482 -16.000 44.000
v 51.720 -16.000 45.000
v 51.537 -15.000 22.000
v 51.000 -15.600 22.000
v 51.000 -15.000 22.632
v 51.000 -15.669 32.000
v 51.000 -15.000 32.693
v 51.000 -15.000 34.553
v 51.000 -15.236 35.000
v 51.000 -15.000 35.345
v 51.663 -15.000 37.000
v 51.505 -15.000 38.000
v 51.000 -15.000 38.698
v 51.000 -15.238 39.000
v 51.000 -15.000 39.304
v 51.000 -15.000 40.726
v 51.263 -15.000 42.000
v 51.000 -15.000 41.384
v 51.000 -15.000 42.910
v 51.000 -15.000 43.036
v 51.000 -14.753 23.000
v 51.000 -14.527 24.000
v 51.000 -14.000 24.636
v 51.000 -14.743 33.000
v 51.000 -14.679 34.000
v 51.000 -14.524 36.000
v 51.000 -14.310 37.000
v 51.000 -14.000 37.493
v 51.267 -14.000 38.000
v 51.000 -14.000 38.608
v 51.000 -14.000 39.253
v 51.000 -14.155 41.000
v 51.105 -14.000 41.000
v 51.505 -14.000 42.000
v 51.000 -14.957 43.000
v 51.573 -14.000 43.000
v 51.000 -13.610 25.000
v 51.000 -13.000 25.401
v 51.573 -13.000 38.000
v 51.000 -13.000 37.322
v 51.000 -13.813 39.000
v 51.757 -13.000 43.000
v 51.000 -12.000 25.502
v 51.000 -12.205 28.000
v 51.000 -12.000 27.791
v 51.000 -12.276 29.000
v 51.797 -12.000 30.000
v 51.000 -12.000 29.431
v 51.367 -12.000 36.000
v 51.000 -12.388 36.000
v 51.000 -12.000 35.527
v 51.633 -12.000 37.000
v 51.000 -12.699 37.000
v 51.805 -12.000 42.000
v 51.829 -12.000 43.000
v 51.000 -11.000 25.649
v 51.000 -11.000 27.391
v 51.000 -11.595 30.000
v 51.738 -11.000 31.000
v 51.000 -11.000 30.663
v 51.000 -11.355 33.000
v 51.000 -11.000 32.501
v 51.581 -11.000 34.000
v 51.000 -11.419 34.000
v 51.625 -11.000 35.000
v 51.000 -11.604 35.000
v 51.000 -10.638 26.000
v 51.000 -10.574 27.000
v 51.000 -10.727 31.000
v 51.000 -10.643 32.000
v 51.343 -3.000 26.000
v 51.000 -3.000 25.672
v 51.000 -3.265 26.000
v 51.000 -3.328 27.000
v 51.329 -3.000 27.000
v 51.000 -3.000 27.333
v 51.000 -2.000 24.482
v 51.000 -2.476 25.000
v 51.000 -2.000 27.699
v 51.501 -1.000 23.000
v 51.000 -1.000 22.619
v 51.000 -1.280 23.000
v 51.000 -1.601 24.000
v 51.000 -1.492 28.000
v 51.377 -1.000 28.000
v 51.000 -1.000 28.281
v 51.510 0.000 18.000
v 51.000 0.000 18.391
v 51.000 -0.400 19.000
v 51.000 -0.497 20.000
v 51.000 -0.501 21.000
v 51.000 -0.598 22.000
v 51.619 0.000 28.000
v 51.000 0.000 28.402
v 51.000 1.000 16.770
v 51.000 0.770 17.000
v 51.000 0.303 18.000
v 51.000 1.000 28.484
v 51.724 2.000 15.000
v 51.636 2.000 16.000
v 51.000 2.000 16.688
v 51.000 2.000 28.647
v 51.729 3.000 14.000
v 51.208 3.000 15.000
v 51.000 2.257 17.000
v 51.541 3.000 18.000
v 51.000 2.670 18.000
v 51.000 3.000 18.510
v 51.000 2.373 29.000
v 51.000 2.791 30.000
v 51.000 3.000 30.226
v 51.991 3.000 32.000
v 51.826 4.000 14.000
v 51.773 4.000 15.000
v 51.000 3.305 19.000
v 51.000 3.577 20.000
v 51.000 4.000 20.591
v 51.000 4.000 30.360
v 51.111 4.000 32.000
v 51.000 4.372 21.000
v 51.000 5.000 21.662
v 51.204 5.000 28.000
v 51.000 4.817 28.000
v 51.000 5.000 27.670
v 51.000 5.000 28.349
v 51.537 5.000 30.000
v 51.000 4.430 30.000
v 51.000 5.000 29.415
v 51.350 5.000 32.000
v 51.000 5.289 22.000
v 51.531 6.000 23.000
v 51.000 5.674 23.000
v 51.000 6.000 23.533
v 51.471 6.000 26.000
v 51.000 5.604 26.000
v 51.000 6.000 25.464
v 51.000 5.294 27.000
v 51.000 5.266 29.000
v 51.000 6.294 24.000
v 51.782 7.000 25.000
v 51.000 6.343 25.000
v 50.182 -30.000 28.000
v 50.000 -30.000 27.796
v 50.000 -30.172 28.000
v 50.000 -30.000 28.432
v 50.076 -30.000 30.000
v 50.000 -30.000 29.767
v 50.000 -30.063 30.000
v 50.000 -30.000 30.070
v 50.000 -29.000 26.630
v 50.000 -29.445 27.000
v 50.000 -29.782 29.000
v 50.822 -29.000 29.000
v 50.000 -29.000 30.654
v 50.000 -28.000 26.503
v 50.000 -28.564 31.000
v 50.593 -28.000 31.000
v 50.000 -28.000 31.768
v 50.134 -28.000 33.000
v 50.000 -28.000 32.588
v 50.000 -28.121 33.000
v 50.000 -28.000 33.107
v 50.000 -27.000 26.500
v 50.000 -27.860 32.000
v 50.000 -27.000 33.461
v 50.000 -26.000 26.500
v 50.000 -26.000 33.498
v 50.000 -25.000 26.518
v 50.000 -25.000 33.402
v 50.000 -24.000 26.596
v 50.349 -24.000 33.000
v 50.000 -24.349 33.000
v 50.000 -24.000 32.749
v 50.000 -23.000 26.594
v 50.624 -23.000 33.000
v 50.000 -23.000 32.580
v 50.000 -22.000 26.418
v 50.000 -22.000 32.324
v 50.000 -21.000 25.599
v 50.000 -21.420 26.000
v 50.492 -21.000 32.000
v 50.000 -21.492 32.000
v 50.000 -21.000 31.695
v 50.564 -20.000 24.000
v 50.000 -20.000 24.424
v 50.000 -20.495 25.000
v 50.000 -20.000 31.520
v 50.659 -19.000 23.000
v 50.000 -19.000 23.625
v 50.000 -19.472 24.000
v 50.000 -19.000 31.501
v 50.784 -18.000 22.000
v 50.404 -18.000 23.000
v 50.000 -18.000 23.478
v 50.000 -18.000 31.520
v 50.627 -17.000 22.000
v 50.382 -17.000 23.000
v 50.000 -17.000 23.477
v 50.000 -17.000 31.701
v 50.728 -16.000 22.000
v 50.423 -16.000 23.000
v 50.000 -16.000 23.649
v 50.000 -16.565 32.000
v 50.595 -16.000 32.000
v 50.000 -16.000 32.531
v 50.007 -16.000 39.000
v 50.000 -16.000 38.992
v 50.000 -16.006 39.000
v 50.000 -16.000 39.006
v 50.834 -16.000 41.000
v 50.797 -16.000 43.000
v 50.745 -15.000 23.000
v 50.000 -15.663 24.000
v 50.523 -15.000 24.000
v 50.226 -15.000 25.000
v 50.000 -15.269 25.000
v 50.000 -15.000 25.217
v 50.000 -15.606 33.000
v 50.691 -15.000 33.000
v 50.000 -15.421 34.000
v 50.624 -15.000 34.000
v 50.000 -15.361 35.000
v 50.000 -15.000 35.479
v 50.000 -15.000 38.539
v 50.000 -15.000 39.354
v 50.823 -15.000 41.000
v 50.969 -15.000 43.000
v 50.606 -14.000 25.000
v 50.000 -14.000 25.397
v 50.251 -14.000 36.000
v 50.000 -14.000 35.819
v 50.652 -14.000 37.000
v 50.000 -14.000 38.746
v 50.000 -14.000 39.182
v 50.000 -13.000 25.483
v 50.352 -13.000 36.000
v 50.000 -13.000 35.668
v 50.732 -13.000 37.000
v 50.000 -13.835 39.000
v 50.000 -12.000 25.502
v 50.731 -12.000 28.000
v 50.626 -12.000 29.000
v 50.473 -12.000 35.000
v 50.000 -12.366 35.000
v 50.000 -12.000 34.593
v 50.000 -11.000 25.628
v 50.000 -11.450 28.000
v 50.000 -11.000 27.582
v 50.000 -11.593 29.000
v 50.000 -11.399 30.000
v 50.000 -11.000 30.509
v 50.000 -11.381 33.000
v 50.000 -11.000 32.498
v 50.000 -11.595 34.000
v 50.000 -10.552 26.000
v 50.081 -10.000 27.000
v 50.000 -10.000 26.913
v 50.000 -10.000 27.063
v 50.000 -10.624 31.000
v 50.000 -10.623 32.000
v 50.000 -9.930 27.000
v 50.327 -4.000 27.000
v 50.000 -4.000 26.637
v 50.000 -4.896 27.000
v 50.000 -4.000 27.423
v 50.000 -3.000 25.507
v 50.000 -3.497 26.000
v 50.000 -3.434 28.000
v 50.343 -3.000 28.000
v 50.000 -3.000 28.290
v 50.000 -2.000 24.471
v 50.000 -2.500 25.000
v 50.632 -2.000 28.000
v 50.000 -2.000 28.499
v 50.000 -1.000 22.503
v 50.000 -1.379 23.000
v 50.000 -1.619 24.000
v 50.000 -1.000 28.601
v 50.000 0.000 18.732
v 50.000 -0.214 19.000
v 50.000 -0.395 20.000
v 50.000 -0.482 21.000
v 50.000 -0.618 22.000
v 50.000 0.000 28.619
v 50.731 1.000 17.000
v 50.000 1.000 17.707
v 50.000 0.702 18.000
v 50.000 1.000 28.622
v 50.705 2.000 17.000
v 50.000 2.000 17.739
v 50.000 2.000 28.756
v 50.000 2.223 18.000
v 50.542 3.000 19.000
v 50.000 2.551 19.000
v 50.000 3.000 19.601
v 50.000 2.341 29.000
v 50.725 3.000 30.000
v 50.000 3.000 29.476
v 50.000 3.263 20.000
v 50.521 4.000 21.000
v 50.000 3.599 21.000
v 50.000 4.000 21.477
v 50.028 4.000 28.000
v 50.000 3.976 28.000
v 50.000 4.000 27.966
v 50.000 4.000 28.042
v 50.629 4.000 30.000
v 50.000 4.000 29.464
v 50.587 5.000 22.000
v 50.000 4.493 22.000
v 50.000 5.000 22.587
v 50.337 5.000 26.000
v 50.000 4.726 26.000
v 50.000 5.000 25.544
v 50.635 5.000 27.000
v 50.000 4.505 27.000
v 50.075 5.000 29.000
v 50.000 4.950 29.000
v 50.000 5.289 23.000
v 50.642 6.000 24.000
v 50.000 5.474 24.000
v 50.643 6.000 25.000
v 50.000 5.373 25.000
v 49.119 -31.000 28.000
v 49.000 -31.000 27.894
v 49.000 -31.125 28.000
v 49.000 -31.000 28.234
v 49.000 -30.000 27.454
v 49.000 -30.675 29.000
v 49.771 -30.000 29.000
v 49.000 -30.477 30.000
v 49.000 -30.000 30.565
v 49.000 -29.000 26.750
v 49.000 -29.344 27.000
v 49.000 -29.531 31.000
v 49.558 -29.000 31.000
v 49.000 -29.000 31.704
v 49.062 -29.000 33.000
v 49.000 -29.000 32.803
v 49.000 -29.051 33.000
v 49.000 -29.000 33.054
v 49.000 -28.000 26.622
v 49.000 -28.785 32.000
v 49.833 -28.000 32.000
v 49.000 -28.000 33.443
v 49.000 -27.000 26.620
v 49.000 -27.000 33.496
v 49.000 -26.000 26.622
v 49.000 -26.000 33.498
v 49.000 -25.000 26.721
v 49.000 -25.000 33.380
v 49.000 -24.498 27.000
v 49.377 -24.000 27.000
v 49.000 -24.000 27.277
v 49.000 -24.504 33.000
v 49.000 -24.000 32.602
v 49.345 -23.000 27.000
v 49.000 -23.000 27.248
v 49.000 -23.000 32.308
v 49.000 -22.000 26.578
v 49.000 -22.659 27.000
v 49.492 -22.000 32.000
v 49.000 -22.499 32.000
v 49.000 -22.000 31.694
v 49.415 -21.000 26.000
v 49.000 -21.000 26.247
v 49.000 -21.000 31.520
v 49.000 -20.000 24.769
v 49.000 -20.233 25.000
v 49.000 -20.740 26.000
v 49.000 -20.000 31.501
v 49.613 -19.000 24.000
v 49.000 -19.000 24.525
v 49.000 -19.000 31.520
v 49.501 -18.000 24.000
v 49.000 -18.000 24.501
v 49.000 -18.000 31.695
v 49.524 -17.000 24.000
v 49.000 -17.000 24.612
v 49.000 -17.534 32.000
v 49.541 -17.000 32.000
v 49.000 -17.000 32.407
v 49.733 -16.000 24.000
v 49.000 -16.493 25.000
v 49.367 -16.000 25.000
v 49.000 -16.000 25.369
v 49.000 -16.407 33.000
v 49.507 -16.000 33.000
v 49.000 -16.000 33.564
v 49.365 -16.000 38.000
v 49.000 -16.000 37.510
v 49.000 -16.365 38.000
v 49.000 -16.409 39.000
v 49.000 -16.000 39.347
v 49.000 -15.000 25.596
v 49.000 -15.721 34.000
v 49.000 -15.601 35.000
v 49.000 -15.502 36.000
v 49.526 -15.000 36.000
v 49.000 -15.584 37.000
v 49.421 -15.000 37.000
v 49.624 -15.000 38.000
v 49.000 -15.000 39.454
v 49.000 -14.000 25.618
v 49.802 -14.000 36.000
v 49.478 -14.000 37.000
v 49.468 -14.000 38.000
v 49.000 -14.000 39.199
v 49.000 -13.000 25.597
v 49.467 -13.000 36.000
v 49.000 -13.000 36.318
v 49.000 -13.552 37.000
v 49.000 -13.649 38.000
v 49.000 -13.803 39.000
v 49.000 -12.000 25.520
v 49.000 -12.401 35.000
v 49.000 -12.000 34.495
v 49.000 -12.752 36.000
v 49.000 -11.000 25.600
v 49.000 -11.208 28.000
v 49.000 -11.000 27.779
v 49.000 -11.400 29.000
v 49.000 -11.356 30.000
v 49.000 -11.000 30.479
v 49.000 -11.382 33.000
v 49.000 -11.000 32.497
v 49.000 -11.620 34.000
v 49.000 -10.394 26.000
v 49.000 -10.000 26.441
v 49.000 -10.000 27.384
v 49.000 -10.622 31.000
v 49.000 -10.622 32.000
v 49.006 -9.000 27.000
v 49.000 -9.000 26.994
v 49.000 -9.000 27.006
v 49.000 -8.993 27.000
v 49.006 -6.000 27.000
v 49.000 -6.000 26.994
v 49.000 -6.007 27.000
v 49.000 -6.000 27.006
v 49.922 -5.000 27.000
v 49.000 -5.000 26.626
v 49.000 -5.000 27.531
v 49.000 -4.000 26.306
v 49.000 -4.526 28.000
v 49.494 -4.000 28.000
v 49.000 -4.000 28.405
v 49.000 -3.000 25.477
v 49.000 -3.645 26.000
v 49.000 -3.000 28.738
v 49.013 -3.000 31.000
v 49.000 -3.000 30.978
v 49.000 -3.288 31.000
v 49.000 -3.000 31.015
v 49.000 -2.000 24.475
v 49.000 -2.505 25.000
v 49.000 -2.579 29.000
v 49.400 -2.000 29.000
v 49.000 -2.000 29.436
v 49.000 -2.983 31.000
v 49.000 -1.000 22.650
v 49.000 -1.273 23.000
v 49.000 -1.601 24.000
v 49.523 -1.000 29.000
v 49.000 -1.000 29.504
v 49.775 0.000 19.000
v 49.456 0.000 20.000
v 49.000 0.000 20.622
v 49.000 -0.239 21.000
v 49.000 -0.475 22.000
v 49.530 0.000 29.000
v 49.000 0.000 29.500
v 49.758 1.000 18.000
v 49.449 1.000 19.000
v 49.000 1.000 19.787
v 49.000 0.733 20.000
v 49.527 1.000 29.000
v 49.000 1.000 29.477
v 49.789 2.000 18.000
v 49.587 2.000 19.000
v 49.000 1.294 20.000
v 49.326 2.000 20.000
v 49.000 2.000 20.510
v 49.664 2.000 29.000
v 49.000 2.000 29.420
v 49.736 3.000 20.000
v 49.000 2.466 21.000
v 49.407 3.000 21.000
v 49.000 3.000 21.533
v 49.000 3.000 29.439
v 49.507 4.000 22.000
v 49.000 3.443 22.000
v 49.000 4.000 22.586
v 49.000 3.753 28.000
v 49.000 4.000 27.643
v 49.000 4.000 28.821
v 49.000 4.000 29.067
v 49.662 5.000 23.000
v 49.000 4.338 23.000
v 49.503 5.000 24.000
v 49.000 4.516 24.000
v 49.590 5.000 25.000
v 49.000 4.579 25.000
v 49.000 4.516 26.000
v 49.000 4.383 27.000
v 49.000 4.075 29.000
v 48.311 -32.000 28.000
v 48.000 -32.000 27.669
v 48.000 -32.331 28.000
v 48.000 -32.351 29.000
v 48.287 -32.000 29.000
v 48.000 -32.000 29.435
v 48.000 -31.000 27.418
v 48.711 -31.000 29.000
v 48.000 -31.500 30.000
v 48.418 -31.000 30.000
v 48.000 -31.000 30.499
v 48.000 -30.000 27.384
v 48.000 -30.494 31.000
v 48.500 -30.000 31.000
v 48.000 -30.000 31.420
v 48.633 -29.000 27.000
v 48.000 -29.000 27.380
v 48.000 -29.524 32.000
v 48.761 -29.000 32.000
v 48.000 -29.322 33.000
v 48.000 -29.000 33.324
v 48.502 -28.000 27.000
v 48.000 -28.000 27.380
v 48.000 -28.000 33.494
v 48.500 -27.000 27.000
v 48.000 -27.000 27.380
v 48.000 -27.000 33.500
v 48.502 -26.000 27.000
v 48.000 -26.000 27.380
v 48.000 -26.000 33.498
v 48.620 -25.000 27.000
v 48.000 -25.000 27.402
v 48.000 -25.000 33.373
v 48.000 -24.000 27.479
v 48.000 -24.550 33.000
v 48.000 -24.000 32.423
v 48.000 -23.000 27.378
v 48.498 -23.000 32.000
v 48.000 -23.460 32.000
v 48.000 -23.000 31.695
v 48.000 -22.000 26.620
v 48.000 -22.501 27.000
v 48.000 -22.000 31.520
v 48.000 -21.000 26.398
v 48.000 -21.000 31.501
v 48.724 -20.000 25.000
v 48.000 -20.000 25.627
v 48.000 -20.420 26.000
v 48.000 -20.000 31.519
v 48.483 -19.000 25.000
v 48.000 -19.000 25.400
v 48.000 -19.000 31.694
v 48.472 -18.000 25.000
v 48.000 -18.000 25.383
v 48.000 -18.508 32.000
v 48.509 -18.000 32.000
v 48.000 -18.000 32.329
v 48.608 -17.000 25.000
v 48.000 -17.000 25.501
v 48.000 -17.000 32.766
v 48.331 -17.000 38.000
v 48.000 -17.000 37.548
v 48.000 -17.269 38.000
v 48.000 -17.203 39.000
v 48.264 -17.000 39.000
v 48.000 -17.000 39.205
v 48.304 -16.000 26.000
v 48.000 -16.320 26.000
v 48.000 -16.000 26.243
v 48.000 -16.769 33.000
v 48.000 -16.525 34.000
v 48.647 -16.000 34.000
v 48.000 -16.501 35.000
v 48.526 -16.000 35.000
v 48.000 -16.502 36.000
v 48.506 -16.000 36.000
v 48.000 -16.627 37.000
v 48.627 -16.000 37.000
v 48.000 -16.000 39.474
v 48.492 -15.000 26.000
v 48.000 -15.000 26.378
v 48.000 -15.000 39.395
v 48.498 -14.000 26.000
v 48.000 -14.000 26.378
v 48.673 -14.000 39.000
v 48.000 -14.455 39.000
v 48.000 -14.000 38.456
v 48.348 -13.000 26.000
v 48.000 -13.000 26.250
v 48.000 -13.425 37.000
v 48.000 -13.000 36.372
v 48.000 -13.696 38.000
v 48.000 -12.000 25.599
v 48.000 -12.650 26.000
v 48.000 -12.422 35.000
v 48.000 -12.000 34.375
v 48.000 -12.722 36.000
v 48.000 -11.000 25.521
v 48.740 -11.000 28.000
v 48.363 -11.000 29.000
v 48.000 -11.000 29.514
v 48.000 -11.250 30.000
v 48.000 -11.000 30.366
v 48.000 -11.399 33.000
v 48.000 -11.000 32.492
v 48.000 -11.720 34.000
v 48.515 -10.000 26.000
v 48.000 -10.000 25.696
v 48.000 -10.334 28.000
v 48.000 -10.000 27.698
v 48.000 -10.729 29.000
v 48.000 -10.619 31.000
v 48.000 -10.622 32.000
v 48.000 -9.485 26.000
v 48.000 -9.000 26.440
v 48.000 -9.000 27.381
v 48.242 -8.000 27.000
v 48.000 -8.000 26.726
v 48.000 -8.000 27.228
v 48.242 -7.000 27.000
v 48.000 -7.000 26.772
v 48.000 -7.000 27.280
v 48.000 -6.000 26.618
v 48.000 -6.000 27.602
v 48.000 -5.000 26.334
v 48.000 -5.617 28.000
v 48.556 -5.000 28.000
v 48.000 -5.000 28.541
v 48.530 -4.000 26.000
v 48.000 -4.000 25.693
v 48.000 -4.500 26.000
v 48.000 -4.510 29.000
v 48.404 -4.000 29.000
v 48.000 -4.000 29.721
v 48.941 -4.000 31.000
v 48.000 -4.000 30.251
v 48.000 -4.448 31.000
v 48.000 -4.894 32.000
v 48.281 -4.000 32.000
v 48.000 -4.000 32.232
v 48.000 -3.000 25.398
v 48.739 -3.000 29.000
v 48.000 -3.798 30.000
v 48.542 -3.000 30.000
v 48.000 -3.599 32.000
v 48.000 -3.000 31.640
v 48.000 -2.000 24.495
v 48.000 -2.525 25.000
v 48.600 -2.000 30.000
v 48.318 -2.000 31.000
v 48.000 -2.000 31.286
v 48.571 -1.000 23.000
v 48.000 -1.000 23.420
v 48.000 -1.517 24.000
v 48.518 -1.000 30.000
v 48.000 -1.000 30.577
v 48.000 -1.576 31.000
v 48.762 0.000 21.000
v 48.525 0.000 22.000
v 48.000 0.000 22.609
v 48.000 -0.472 23.000
v 48.474 0.000 30.000
v 48.000 0.000 30.398
v 48.848 1.000 20.000
v 48.539 1.000 21.000
v 48.382 1.000 22.000
v 48.000 1.000 22.474
v 48.323 1.000 30.000
v 48.000 1.000 30.250
v 48.694 2.000 21.000
v 48.422 2.000 22.000
v 48.000 2.000 22.590
v 48.000 1.348 30.000
v 48.000 2.000 29.596
v 48.683 3.000 22.000
v 48.000 2.506 23.000
v 48.319 3.000 23.000
v 48.000 3.000 23.445
v 48.000 3.000 29.374
v 48.710 4.000 23.000
v 48.000 3.523 24.000
v 48.419 4.000 24.000
v 48.000 4.000 24.570
v 48.000 3.641 28.000
v 48.000 4.000 27.497
v 48.913 4.000 29.000
v 48.000 3.426 29.000
v 48.000 4.273 25.000
v 48.000 4.399 26.000
v 48.000 4.355 27.000
v 47.059 -34.000 29.000
v 47.000 -34.000 28.895
v 47.000 -34.071 29.000
v 47.000 -34.000 29.066
v 47.366 -33.000 28.000
v 47.000 -33.000 27.633
v 47.000 -33.433 28.000
v 47.469 -33.000 29.000
v 47.000 -33.000 29.616
v 47.303 -32.000 27.000
v 47.000 -32.000 26.758
v 47.000 -32.304 27.000
v 47.000 -32.654 30.000
v 47.597 -32.000 30.000
v 47.000 -32.265 31.000
v 47.224 -32.000 31.000
v 47.000 -32.000 31.216
v 47.490 -31.000 27.000
v 47.000 -31.000 26.624
v 47.553 -31.000 31.000
v 47.000 -31.000 31.397
v 47.367 -30.000 27.000
v 47.000 -30.000 26.750
v 47.000 -30.000 31.632
v 47.000 -29.650 27.000
v 47.000 -29.000 27.401
v 47.000 -29.643 32.000
v 47.000 -29.349 33.000
v 47.000 -29.000 33.348
v 47.000 -28.000 27.497
v 47.000 -28.000 33.498
v 47.000 -27.000 27.498
v 47.000 -27.000 33.500
v 47.000 -26.000 27.498
v 47.000 -26.000 33.480
v 47.000 -25.000 27.499
v 47.000 -25.000 33.245
v 47.000 -24.000 27.498
v 47.390 -24.000 32.000
v 47.000 -24.256 32.000
v 47.000 -24.000 31.755
v 47.000 -24.745 33.000
v 47.000 -23.000 27.402
v 47.000 -23.000 31.521
v 47.000 -22.000 26.721
v 47.000 -22.379 27.000
v 47.000 -22.000 31.501
v 47.000 -21.000 26.501
v 47.000 -21.000 31.501
v 47.493 -20.000 26.000
v 47.000 -20.000 26.306
v 47.000 -20.000 31.598
v 47.000 -19.000 25.720
v 47.000 -19.470 26.000
v 47.000 -19.385 32.000
v 47.477 -19.000 32.000
v 47.000 -19.000 32.298
v 47.000 -18.000 25.622
v 47.000 -18.000 32.734
v 47.000 -17.000 25.749
v 47.000 -17.694 33.000
v 47.727 -17.000 33.000
v 47.000 -17.502 34.000
v 47.507 -17.000 34.000
v 47.000 -17.500 35.000
v 47.500 -17.000 35.000
v 47.000 -17.500 36.000
v 47.501 -17.000 36.000
v 47.000 -17.499 37.000
v 47.607 -17.000 37.000
v 47.000 -17.496 38.000
v 47.000 -17.344 39.000
v 47.000 -17.000 39.343
v 47.000 -16.650 26.000
v 47.000 -16.000 26.401
v 47.000 -16.000 39.476
v 47.000 -15.000 26.497
v 47.000 -15.000 39.245
v 47.000 -14.000 26.497
v 47.511 -14.000 38.000
v 47.000 -14.325 38.000
v 47.000 -14.000 37.500
v 47.000 -14.745 39.000
v 47.000 -13.000 26.400
v 47.510 -13.000 36.000
v 47.000 -13.297 36.000
v 47.000 -13.000 35.617
v 47.000 -13.676 37.000
v 47.000 -12.000 25.721
v 47.000 -12.381 26.000
v 47.499 -12.000 34.000
v 47.000 -12.279 34.000
v 47.000 -12.000 33.646
v 47.000 -12.579 35.000
v 47.000 -11.000 25.521
v 47.000 -11.209 30.000
v 47.000 -11.000 29.705
v 47.000 -11.000 30.300
v 47.000 -11.476 33.000
v 47.000 -11.000 32.480
v 47.000 -10.000 25.521
v 47.551 -10.000 28.000
v 47.000 -10.000 28.402
v 47.000 -10.515 29.000
v 47.000 -10.522 31.000
v 47.000 -10.600 32.000
v 47.605 -9.000 26.000
v 47.000 -9.000 25.602
v 47.000 -9.554 28.000
v 47.000 -9.000 27.606
v 47.354 -8.000 26.000
v 47.000 -8.000 25.724
v 47.000 -8.000 27.673
v 47.070 -8.000 30.000
v 47.000 -8.000 29.925
v 47.000 -8.077 30.000
v 47.000 -8.000 30.082
v 47.000 -7.503 26.000
v 47.000 -7.000 26.308
v 47.000 -7.545 28.000
v 47.423 -7.000 28.000
v 47.000 -7.000 28.772
v 47.653 -7.000 30.000
v 47.000 -7.000 29.245
v 47.000 -7.000 30.347
v 47.000 -6.000 26.291
v 47.734 -6.000 28.000
v 47.000 -6.816 29.000
v 47.439 -6.000 29.000
v 47.288 -6.000 30.000
v 47.000 -6.000 30.278
v 47.499 -5.000 26.000
v 47.000 -5.000 25.694
v 47.000 -5.531 26.000
v 47.627 -5.000 29.000
v 47.000 -5.000 29.865
v 47.000 -5.272 30.000
v 47.879 -5.000 32.000
v 47.000 -5.000 31.528
v 47.000 -5.204 32.000
v 47.000 -5.000 32.213
v 47.000 -4.000 25.519
v 47.000 -4.867 30.000
v 47.810 -4.000 30.000
v 47.000 -4.765 31.000
v 47.000 -4.000 32.458
v 47.000 -3.000 25.380
v 47.489 -3.000 32.000
v 47.000 -3.000 32.305
v 47.000 -2.000 24.523
v 47.000 -2.525 25.000
v 47.000 -2.509 32.000
v 47.000 -2.000 31.674
v 47.000 -1.000 23.733
v 47.000 -1.331 24.000
v 47.468 -1.000 31.000
v 47.000 -1.000 31.323
v 47.613 0.000 23.000
v 47.000 0.000 23.524
v 47.000 -0.495 31.000
v 47.000 0.000 30.691
v 47.503 1.000 23.000
v 47.000 1.000 23.502
v 47.000 1.000 30.419
v 47.628 2.000 23.000
v 47.000 2.000 23.635
v 47.000 1.623 30.000
v 47.000 2.000 29.719
v 47.496 3.000 24.000
v 47.000 2.448 24.000
v 47.000 3.000 24.551
v 47.000 3.000 29.368
v 47.667 4.000 25.000
v 47.000 3.367 25.000
v 47.421 4.000 26.000
v 47.000 3.623 26.000
v 47.000 4.000 26.779
v 47.000 3.594 28.000
v 47.000 4.000 27.169
v 47.000 3.356 29.000
v 47.000 4.108 27.000
v 46.117 -35.000 29.000
v 46.000 -35.000 28.814
v 46.000 -35.123 29.000
v 46.000 -35.000 29.105
v 46.433 -34.000 28.000
v 46.000 -34.000 27.684
v 46.000 -34.461 28.000
v 46.000 -34.000 29.569
v 46.000 -33.000 27.299
v 46.000 -33.546 30.000
v 46.643 -33.000 30.000
v 46.000 -33.207 31.000
v 46.256 -33.000 31.000
v 46.000 -33.000 31.208
v 46.000 -32.000 26.600
v 46.000 -32.610 27.000
v 46.000 -32.000 31.475
v 46.000 -31.000 26.505
v 46.000 -31.000 31.500
v 46.000 -30.000 26.622
v 46.000 -30.000 31.651
v 46.000 -29.502 27.000
v 46.000 -29.000 27.380
v 46.000 -29.650 32.000
v 46.000 -29.350 33.000
v 46.000 -29.000 33.348
v 46.000 -28.000 27.498
v 46.000 -28.000 33.498
v 46.000 -27.000 27.500
v 46.000 -27.000 33.498
v 46.000 -26.000 27.500
v 46.000 -26.000 33.397
v 46.000 -25.000 27.500
v 46.611 -25.000 33.000
v 46.000 -25.452 33.000
v 46.000 -25.000 32.500
v 46.000 -24.000 27.500
v 46.000 -24.547 32.000
v 46.000 -24.000 31.604
v 46.000 -23.000 27.481
v 46.000 -23.000 31.502
v 46.530 -22.000 27.000
v 46.000 -22.000 27.306
v 46.000 -22.000 31.500
v 46.000 -21.000 26.694
v 46.000 -21.500 27.000
v 46.000 -21.000 31.501
v 46.000 -20.000 26.501
v 46.000 -20.000 31.598
v 46.620 -19.000 26.000
v 46.000 -19.000 26.403
v 46.000 -19.414 32.000
v 46.000 -19.000 32.392
v 46.503 -18.000 26.000
v 46.000 -18.000 26.381
v 46.000 -18.500 33.000
v 46.672 -18.000 33.000
v 46.000 -18.381 34.000
v 46.472 -18.000 34.000
v 46.000 -18.379 35.000
v 46.470 -18.000 35.000
v 46.000 -18.378 36.000
v 46.468 -18.000 36.000
v 46.000 -18.249 37.000
v 46.326 -18.000 37.000
v 46.000 -18.000 37.342
v 46.651 -17.000 26.000
v 46.000 -17.000 26.402
v 46.000 -17.574 38.000
v 46.000 -17.207 39.000
v 46.000 -17.000 39.204
v 46.000 -16.000 26.482
v 46.000 -16.000 39.269
v 46.000 -15.000 26.500
v 46.633 -15.000 39.000
v 46.000 -15.603 39.000
v 46.000 -15.000 38.438
v 46.000 -14.000 26.500
v 46.470 -14.000 37.000
v 46.000 -14.296 37.000
v 46.000 -14.000 36.639
v 46.000 -14.681 38.000
v 46.000 -13.000 26.481
v 46.000 -13.476 36.000
v 46.000 -13.000 35.475
v 46.530 -12.000 26.000
v 46.000 -12.000 26.306
v 46.000 -12.375 34.000
v 46.000 -12.000 33.554
v 46.000 -12.620 35.000
v 46.000 -11.000 25.721
v 46.000 -11.470 26.000
v 46.000 -11.011 30.000
v 46.000 -11.000 29.984
v 46.000 -11.000 30.014
v 46.000 -11.388 33.000
v 46.000 -11.000 32.622
v 46.000 -10.000 25.600
v 46.000 -10.324 29.000
v 46.000 -10.000 28.674
v 46.359 -10.000 31.000
v 46.000 -10.000 30.569
v 46.000 -10.000 31.469
v 46.000 -10.374 32.000
v 46.000 -9.000 25.521
v 46.000 -9.127 28.000
v 46.000 -9.000 27.905
v 46.296 -9.000 30.000
v 46.000 -9.000 29.676
v 46.000 -9.397 30.000
v 46.338 -9.000 31.000
v 46.000 -9.000 31.342
v 46.000 -8.000 25.520
v 46.000 -8.836 28.000
v 46.572 -8.000 28.000
v 46.000 -8.000 28.829
v 46.000 -8.000 29.124
v 46.330 -8.000 31.000
v 46.000 -8.000 31.270
v 46.620 -7.000 26.000
v 46.000 -7.000 25.598
v 46.000 -7.882 29.000
v 46.854 -7.000 29.000
v 46.000 -7.510 31.000
v 46.000 -7.000 30.698
v 46.622 -6.000 26.000
v 46.000 -6.000 25.598
v 46.000 -6.000 30.744
v 46.000 -5.000 25.519
v 46.891 -5.000 30.000
v 46.000 -5.700 31.000
v 46.722 -5.000 31.000
v 46.000 -5.346 32.000
v 46.000 -5.000 32.332
v 46.000 -4.000 25.499
v 46.000 -4.000 32.494
v 46.000 -3.000 25.380
v 46.000 -3.000 32.479
v 46.000 -2.000 24.604
v 46.000 -2.504 25.000
v 46.462 -2.000 32.000
v 46.000 -2.000 32.279
v 46.645 -1.000 24.000
v 46.000 -1.000 24.404
v 46.000 -1.624 32.000
v 46.000 -1.000 31.579
v 46.476 0.000 24.000
v 46.000 0.000 24.380
v 46.470 0.000 31.000
v 46.000 0.000 31.280
v 46.477 1.000 24.000
v 46.000 1.000 24.399
v 46.000 0.377 31.000
v 46.000 1.000 30.580
v 46.631 2.000 24.000
v 46.000 2.000 24.630
v 46.499 2.000 30.000
v 46.000 2.000 30.280
v 46.629 3.000 25.000
v 46.000 2.371 25.000
v 46.311 3.000 26.000
v 46.000 2.738 26.000
v 46.000 3.000 26.332
v 46.000 2.355 30.000
v 46.000 3.000 29.448
v 46.852 4.000 27.000
v 46.000 3.478 27.000
v 46.000 3.515 28.000
v 46.000 3.375 29.000
v 45.228 -36.000 28.000
v 45.000 -36.000 27.769
v 45.000 -36.287 28.000
v 45.000 -36.370 29.000
v 45.318 -36.000 29.000
v 45.000 -36.000 29.353
v 45.572 -35.000 28.000
v 45.000 -35.000 27.507
v 45.000 -35.000 29.583
v 45.000 -34.000 27.298
v 45.000 -34.000 29.789
v 45.521 -33.000 27.000
v 45.000 -33.000 26.694
v 45.000 -33.522 27.000
v 45.000 -33.789 30.000
v 45.000 -33.369 31.000
v 45.000 -33.000 31.352
v 45.000 -32.000 26.519
v 45.000 -32.000 31.498
v 45.000 -31.000 26.502
v 45.000 -31.000 31.502
v 45.000 -30.000 26.622
v 45.000 -30.000 31.651
v 45.000 -29.502 27.000
v 45.000 -29.000 27.380
v 45.000 -29.649 32.000
v 45.000 -29.347 33.000
v 45.000 -29.000 33.346
v 45.000 -28.000 27.498
v 45.000 -28.000 33.493
v 45.000 -27.000 27.500
v 45.000 -27.000 33.478
v 45.000 -26.000 27.501
v 45.000 -26.000 33.324
v 45.000 -25.000 27.502
v 45.416 -25.000 32.000
v 45.000 -25.326 32.000
v 45.000 -25.000 31.731
v 45.000 -25.665 33.000
v 45.000 -24.000 27.501
v 45.000 -24.000 31.518
v 45.000 -23.000 27.500
v 45.000 -23.000 31.499
v 45.000 -22.000 27.480
v 45.000 -22.000 31.499
v 45.500 -21.000 27.000
v 45.000 -21.000 27.306
v 45.000 -21.000 31.500
v 45.000 -20.000 26.694
v 45.000 -20.500 27.000
v 45.000 -20.000 31.520
v 45.000 -19.000 26.519
v 45.412 -19.000 32.000
v 45.000 -19.000 31.762
v 45.000 -18.000 26.499
v 45.000 -18.762 32.000
v 45.000 -18.518 33.000
v 45.000 -18.499 34.000
v 45.000 -18.498 35.000
v 45.000 -18.497 36.000
v 45.000 -18.376 37.000
v 45.000 -18.000 37.470
v 45.000 -17.000 26.499
v 45.000 -17.495 38.000
v 45.731 -17.000 39.000
v 45.000 -17.000 38.473
v 45.000 -16.000 26.500
v 45.654 -16.000 39.000
v 45.000 -16.000 38.495
v 45.000 -15.000 26.500
v 45.507 -15.000 38.000
v 45.000 -15.396 38.000
v 45.000 -15.000 37.610
v 45.000 -14.000 26.500
v 45.000 -14.477 37.000
v 45.000 -14.000 36.501
v 45.000 -13.000 26.499
v 45.000 -13.523 36.000
v 45.000 -13.000 35.354
v 45.000 -12.000 26.481
v 45.000 -12.373 34.000
v 45.000 -12.000 33.627
v 45.000 -12.720 35.000
v 45.619 -11.000 26.000
v 45.000 -11.000 26.400
v 45.986 -11.000 30.000
v 45.456 -11.000 33.000
v 45.000 -11.000 33.274
v 45.348 -10.000 26.000
v 45.000 -10.000 26.251
v 45.628 -10.000 29.000
v 45.272 -10.000 30.000
v 45.529 -10.000 32.000
v 45.000 -10.000 32.399
v 45.000 -10.664 33.000
v 45.000 -9.000 25.598
v 45.000 -9.654 26.000
v 45.887 -9.000 28.000
v 45.171 -9.000 29.000
v 45.000 -9.440 32.000
v 45.000 -9.000 31.706
v 45.000 -8.000 25.502
v 45.883 -8.000 29.000
v 45.000 -8.000 31.602
v 45.000 -7.000 25.501
v 45.648 -7.000 31.000
v 45.000 -7.000 31.525
v 45.000 -6.000 25.501
v 45.704 -6.000 31.000
v 45.000 -6.000 31.658
v 45.000 -5.000 25.500
v 45.000 -5.608 32.000
v 45.000 -5.000 32.397
v 45.000 -4.000 25.499
v 45.000 -4.000 32.499
v 45.000 -3.000 25.402
v 45.000 -3.000 32.498
v 45.000 -2.000 24.721
v 45.000 -2.379 25.000
v 45.000 -2.000 32.401
v 45.000 -1.000 24.519
v 45.000 -1.382 32.000
v 45.000 -1.000 31.720
v 45.000 0.000 24.502
v 45.000 0.000 31.421
v 45.000 1.000 24.603
v 45.000 0.624 31.000
v 45.000 1.000 30.720
v 45.000 1.548 25.000
v 45.539 2.000 25.000
v 45.000 2.000 25.500
v 45.000 2.000 30.421
v 45.000 2.424 26.000
v 45.000 3.000 26.548
v 45.000 2.582 30.000
v 45.000 3.000 29.578
v 45.000 3.374 27.000
v 45.000 3.497 28.000
v 45.000 3.402 29.000
v 44.003 -43.000 28.000
v 44.000 -43.000 27.996
v 44.000 -43.027 28.000
v 44.000 -43.000 28.003
v 44.000 -42.995 28.000
v 44.017 -41.000 28.000
v 44.000 -41.000 27.974
v 44.000 -41.033 28.000
v 44.000 -41.000 28.019
v 44.178 -40.000 28.000
v 44.000 -40.000 27.749
v 44.000 -40.000 28.197
v 44.241 -39.000 28.000
v 44.000 -39.000 27.673
v 44.000 -39.000 28.391
v 44.355 -38.000 28.000
v 44.000 -38.000 27.554
v 44.000 -38.454 29.000
v 44.298 -38.000 29.000
v 44.000 -38.000 29.427
v 44.476 -37.000 28.000
v 44.000 -37.000 27.500
v 44.575 -37.000 29.000
v 44.000 -37.366 30.000
v 44.253 -37.000 30.000
v 44.000 -37.000 30.244
v 44.000 -36.000 27.300
v 44.449 -36.000 30.000
v 44.000 -36.000 30.373
v 44.359 -35.000 27.000
v 44.000 -35.000 26.721
v 44.000 -35.491 27.000
v 44.496 -35.000 30.000
v 44.000 -35.000 30.382
v 44.611 -34.000 27.000
v 44.000 -34.000 26.600
v 44.727 -34.000 30.000
v 44.000 -34.000 30.523
v 44.000 -33.000 26.521
v 44.000 -33.470 31.000
v 44.000 -33.000 31.375
v 44.000 -32.000 26.502
v 44.000 -32.000 31.498
v 44.000 -31.000 26.521
v 44.000 -31.000 31.502
v 44.000 -30.000 26.722
v 44.000 -30.000 31.622
v 44.000 -29.621 27.000
v 44.000 -29.000 27.403
v 44.000 -29.527 32.000
v 44.000 -29.167 33.000
v 44.000 -29.000 33.166
v 44.000 -28.000 27.501
v 44.000 -28.000 33.323
v 44.000 -27.000 27.520
v 44.023 -27.000 32.000
v 44.000 -27.032 32.000
v 44.000 -27.000 31.976
v 44.000 -27.000 32.086
v 44.000 -27.000 33.216
v 44.000 -26.000 27.603
v 44.311 -26.000 32.000
v 44.000 -26.000 31.725
v 44.000 -26.128 33.000
v 44.078 -26.000 33.000
v 44.000 -25.000 27.640
v 44.000 -25.000 31.439
v 44.000 -24.000 27.603
v 44.000 -24.000 31.381
v 44.000 -23.000 27.519
v 44.000 -23.000 31.380
v 44.000 -22.000 27.500
v 44.000 -22.000 31.402
v 44.000 -21.000 27.480
v 44.000 -21.000 31.481
v 44.500 -20.000 27.000
v 44.000 -20.000 27.306
v 44.000 -20.000 31.501
v 44.000 -19.000 26.694
v 44.000 -19.500 27.000
v 44.000 -19.000 31.653
v 44.000 -18.000 26.520
v 44.000 -18.654 32.000
v 44.000 -18.502 33.000
v 44.000 -18.500 34.000
v 44.000 -18.499 35.000
v 44.000 -18.479 36.000
v 44.000 -18.271 37.000
v 44.000 -18.000 37.330
v 44.000 -17.000 26.501
v 44.000 -17.297 38.000
v 44.000 -17.000 38.241
v 44.000 -16.000 26.500
v 44.000 -16.000 38.241
v 44.000 -15.000 26.500
v 44.000 -15.701 38.000
v 44.000 -15.000 37.373
v 44.000 -14.000 26.500
v 44.000 -14.612 37.000
v 44.000 -14.000 36.452
v 44.000 -13.000 26.500
v 44.500 -13.000 35.000
v 44.000 -13.281 35.000
v 44.000 -13.000 34.646
v 44.000 -13.607 36.000
v 44.000 -12.000 26.499
v 44.000 -12.447 34.000
v 44.000 -12.000 33.624
v 44.000 -11.000 26.479
v 44.000 -11.000 33.380
v 44.000 -10.000 26.279
v 44.000 -10.505 33.000
v 44.000 -10.000 32.602
v 44.000 -9.000 25.598
v 44.000 -9.621 26.000
v 44.620 -9.000 32.000
v 44.000 -9.000 32.404
v 44.000 -8.000 25.501
v 44.496 -8.000 32.000
v 44.000 -8.000 32.380
v 44.000 -7.000 25.500
v 44.476 -7.000 32.000
v 44.000 -7.000 32.380
v 44.000 -6.000 25.500
v 44.613 -6.000 32.000
v 44.000 -6.000 32.402
v 44.000 -5.000 25.500
v 44.000 -5.000 32.482
v 44.000 -4.000 25.500
v 44.000 -4.000 32.500
v 44.000 -3.000 25.481
v 44.000 -3.000 32.500
v 44.530 -2.000 25.000
v 44.000 -2.000 25.306
v 44.000 -2.000 32.481
v 44.000 -1.000 24.722
v 44.000 -1.469 25.000
v 44.529 -1.000 32.000
v 44.000 -1.000 32.306
v 44.000 0.000 24.624
v 44.000 -0.508 32.000
v 44.000 0.000 31.676
v 44.000 1.000 24.786
v 44.536 1.000 31.000
v 44.000 1.000 31.324
v 44.000 1.226 25.000
v 44.399 2.000 26.000
v 44.000 1.734 26.000
v 44.000 2.000 26.263
v 44.000 1.500 31.000
v 44.000 2.000 30.676
v 44.000 3.000 26.744
v 44.448 3.000 30.000
v 44.000 3.000 30.285
v 44.000 3.246 27.000
v 44.000 3.482 28.000
v 44.000 3.498 29.000
v 44.000 3.317 30.000
v 43.661 -44.000 28.000
v 43.000 -44.000 27.789
v 43.000 -44.157 28.000
v 43.000 -44.000 28.166
v 43.290 -43.000 27.000
v 43.000 -43.000 26.765
v 43.000 -43.303 27.000
v 43.000 -43.000 28.429
v 43.377 -42.000 27.000
v 43.000 -42.000 26.648
v 43.514 -42.000 28.000
v 43.000 -42.000 28.390
v 43.440 -41.000 27.000
v 43.000 -41.000 26.630
v 43.000 -41.000 28.456
v 43.464 -40.000 27.000
v 43.000 -40.000 26.623
v 43.000 -40.000 28.574
v 43.467 -39.000 27.000
v 43.000 -39.000 26.621
v 43.000 -39.411 29.000
v 43.468 -39.000 29.000
v 43.000 -39.000 29.369
v 43.469 -38.000 27.000
v 43.000 -38.000 26.621
v 43.000 -38.329 30.000
v 43.398 -38.000 30.000
v 43.000 -38.000 30.270
v 43.475 -37.000 27.000
v 43.000 -37.000 26.621
v 43.000 -37.000 30.478
v 43.611 -36.000 27.000
v 43.000 -36.000 26.600
v 43.000 -36.000 30.498
v 43.000 -35.000 26.521
v 43.000 -35.000 30.500
v 43.000 -34.000 26.521
v 43.000 -34.000 30.618
v 43.000 -33.000 26.598
v 43.000 -33.498 31.000
v 43.000 -33.000 31.378
v 43.000 -32.000 26.622
v 43.000 -32.000 31.498
v 43.000 -31.000 26.722
v 43.000 -31.000 31.500
v 43.000 -30.539 27.000
v 43.538 -30.000 27.000
v 43.000 -30.000 27.325
v 43.000 -30.000 31.522
v 43.000 -29.000 27.579
v 43.473 -29.000 32.000
v 43.000 -29.000 31.621
v 43.833 -29.000 33.000
v 43.000 -28.000 27.627
v 43.429 -28.000 32.000
v 43.000 -28.000 31.622
v 43.678 -28.000 33.000
v 43.000 -27.000 27.756
v 43.000 -27.000 31.502
v 43.793 -27.000 33.000
v 43.000 -26.611 28.000
v 43.452 -26.000 28.000
v 43.000 -26.000 28.530
v 43.000 -26.000 31.289
v 43.608 -25.000 28.000
v 43.000 -25.159 29.000
v 43.075 -25.000 29.000
v 43.000 -25.000 29.110
v 43.385 -25.000 31.000
v 43.000 -25.518 31.000
v 43.000 -25.000 30.630
v 43.419 -24.000 28.000
v 43.000 -24.000 28.374
v 43.000 -24.898 29.000
v 43.499 -24.000 31.000
v 43.000 -24.000 30.602
v 43.000 -23.000 27.695
v 43.000 -23.492 28.000
v 43.498 -23.000 31.000
v 43.000 -23.000 30.620
v 43.000 -22.000 27.521
v 43.380 -22.000 31.000
v 43.000 -22.000 30.721
v 43.000 -21.000 27.501
v 43.000 -21.500 31.000
v 43.000 -21.000 31.279
v 43.000 -20.000 27.480
v 43.000 -20.000 31.403
v 43.500 -19.000 27.000
v 43.000 -19.000 27.306
v 43.000 -19.000 31.633
v 43.000 -18.000 26.694
v 43.000 -18.500 27.000
v 43.000 -18.645 32.000
v 43.000 -18.502 33.000
v 43.000 -18.500 34.000
v 43.000 -18.481 35.000
v 43.000 -18.299 36.000
v 43.596 -18.000 37.000
v 43.000 -18.000 36.435
v 43.000 -17.000 26.521
v 43.000 -17.440 37.000
v 43.703 -17.000 38.000
v 43.000 -17.000 37.362
v 43.000 -16.000 26.502
v 43.702 -16.000 38.000
v 43.000 -16.000 37.369
v 43.000 -15.000 26.500
v 43.488 -15.000 37.000
v 43.000 -15.491 37.000
v 43.000 -15.000 36.693
v 43.000 -14.000 26.500
v 43.000 -14.000 36.343
v 43.000 -13.000 26.500
v 43.000 -13.456 35.000
v 43.000 -13.000 34.507
v 43.000 -13.672 36.000
v 43.000 -12.000 26.499
v 43.000 -12.473 34.000
v 43.000 -12.000 33.621
v 43.000 -11.000 26.423
v 43.000 -11.000 33.404
v 43.334 -10.000 26.000
v 43.000 -10.000 25.844
v 43.000 -10.222 26.000
v 43.000 -10.379 33.000
v 43.000 -10.000 32.721
v 43.000 -9.000 25.538
v 43.000 -9.000 32.518
v 43.000 -8.000 25.501
v 43.000 -8.000 32.497
v 43.000 -7.000 25.500
v 43.000 -7.000 32.497
v 43.000 -6.000 25.500
v 43.000 -6.000 32.497
v 43.000 -5.000 25.500
v 43.000 -5.000 32.498
v 43.000 -4.000 25.500
v 43.000 -4.000 32.500
v 43.000 -3.000 25.499
v 43.000 -3.000 32.500
v 43.000 -2.000 25.481
v 43.000 -2.000 32.499
v 43.621 -1.000 25.000
v 43.000 -1.000 25.402
v 43.000 -1.000 32.479
v 43.504 0.000 25.000
v 43.000 0.000 25.382
v 43.462 0.000 32.000
v 43.000 0.000 32.278
v 43.718 1.000 25.000
v 43.000 1.000 25.523
v 43.000 0.374 32.000
v 43.000 1.000 31.578
v 43.000 1.506 26.000
v 43.000 2.000 26.471
v 43.463 2.000 31.000
v 43.000 2.000 31.280
v 43.000 2.612 27.000
v 43.579 3.000 27.000
v 43.000 3.000 27.397
v 43.000 2.376 31.000
v 43.000 3.000 30.557
v 43.000 3.497 28.000
v 43.000 3.621 29.000
v 43.025 4.000 30.000
v 43.000 4.000 29.965
v 43.000 4.000 30.020
v 43.000 4.019 30.000
v 42.195 -44.000 28.000
v 42.000 -43.000 26.801
v 42.000 -43.246 27.000
v 42.000 -43.904 28.000
v 42.000 -43.000 28.314
v 42.000 -42.000 26.653
v 42.000 -42.000 28.367
v 42.000 -41.000 26.608
v 42.000 -41.000 28.459
v 42.000 -40.000 26.523
v 42.000 -40.000 28.590
v 42.000 -39.000 26.504
v 42.000 -39.391 29.000
v 42.000 -39.000 29.361
v 42.000 -38.000 26.504
v 42.000 -38.411 30.000
v 42.000 -38.000 30.344
v 42.000 -37.000 26.522
v 42.000 -37.000 30.474
v 42.000 -36.000 26.600
v 42.000 -36.000 30.476
v 42.000 -35.000 26.622
v 42.000 -35.000 30.477
v 42.000 -34.000 26.722
v 42.000 -34.000 30.576
v 42.000 -33.511 27.000
v 42.389 -33.000 27.000
v 42.000 -33.000 27.312
v 42.000 -33.377 31.000
v 42.000 -33.000 31.277
v 42.526 -32.000 27.000
v 42.000 -32.000 27.481
v 42.000 -32.000 31.475
v 42.647 -31.000 27.000
v 42.000 -31.000 27.525
v 42.000 -31.000 31.480
v 42.000 -30.000 27.711
v 42.000 -30.000 31.476
v 42.000 -29.538 28.000
v 42.411 -29.000 28.000
v 42.000 -29.000 28.399
v 42.000 -29.000 31.458
v 42.554 -28.000 28.000
v 42.000 -28.000 28.676
v 42.000 -28.000 31.350
v 42.746 -27.000 28.000
v 42.000 -27.655 29.000
v 42.421 -27.000 29.000
v 42.282 -27.000 30.000
v 42.000 -27.381 30.000
v 42.000 -27.000 30.852
v 42.000 -27.000 31.063
v 42.674 -26.000 29.000
v 42.440 -26.000 30.000
v 42.000 -26.918 31.000
v 42.669 -26.000 31.000
v 42.000 -25.046 30.000
v 42.000 -25.000 29.957
v 42.000 -25.000 30.032
v 42.000 -24.000 28.771
v 42.000 -24.286 29.000
v 42.000 -24.000 30.343
v 42.541 -23.000 28.000
v 42.000 -23.000 28.432
v 42.000 -23.000 30.457
v 42.000 -22.000 27.755
v 42.000 -22.389 28.000
v 42.000 -22.000 30.499
v 42.000 -21.000 27.604
v 42.619 -21.000 31.000
v 42.000 -21.000 30.594
v 42.000 -20.000 27.519
v 42.381 -20.000 31.000
v 42.000 -20.000 30.720
v 42.000 -19.000 27.482
v 42.000 -19.562 31.000
v 42.000 -19.000 31.427
v 42.501 -18.000 27.000
v 42.000 -18.000 27.308
v 42.000 -18.527 32.000
v 42.000 -18.483 33.000
v 42.000 -18.497 34.000
v 42.000 -18.396 35.000
v 42.542 -18.000 36.000
v 42.000 -18.000 35.553
v 42.000 -17.000 26.722
v 42.000 -17.469 27.000
v 42.000 -17.472 36.000
v 42.637 -17.000 37.000
v 42.000 -17.000 36.372
v 42.000 -16.000 26.599
v 42.615 -16.000 37.000
v 42.000 -16.000 36.470
v 42.000 -15.000 26.519
v 42.000 -15.000 36.348
v 42.000 -14.000 26.501
v 42.151 -14.000 35.000
v 42.000 -14.143 35.000
v 42.000 -14.000 34.881
v 42.000 -14.000 35.930
v 42.000 -14.000 36.010
v 42.000 -13.000 26.500
v 42.000 -13.000 34.439
v 42.000 -13.991 36.000
v 42.000 -12.000 26.503
v 42.000 -12.375 34.000
v 42.000 -12.000 33.721
v 42.000 -11.000 26.476
v 42.000 -11.000 33.500
v 42.500 -10.000 26.000
v 42.000 -10.000 26.158
v 42.497 -10.000 33.000
v 42.000 -10.000 33.276
v 42.000 -9.000 25.577
v 42.000 -9.778 26.000
v 42.000 -9.629 33.000
v 42.000 -9.000 32.557
v 42.000 -8.000 25.501
v 42.000 -8.000 32.374
v 42.000 -7.000 25.500
v 42.000 -7.000 32.354
v 42.000 -6.000 25.500
v 42.000 -6.000 32.375
v 42.000 -5.000 25.500
v 42.000 -5.000 32.402
v 42.000 -4.000 25.500
v 42.000 -4.000 32.481
v 42.000 -3.000 25.501
v 42.000 -3.000 32.499
v 42.000 -2.000 25.501
v 42.000 -2.000 32.500
v 42.000 -1.000 25.499
v 42.000 -1.000 32.498
v 42.000 0.000 25.500
v 42.000 0.000 32.378
v 42.000 1.000 25.619
v 42.000 0.498 32.000
v 42.000 1.000 31.618
v 42.000 1.470 26.000
v 42.000 2.000 26.502
v 42.000 2.000 31.403
v 42.000 2.524 27.000
v 42.000 3.000 27.415
v 42.000 2.650 31.000
v 42.000 3.000 30.735
v 42.312 4.000 28.000
v 42.000 4.000 27.750
v 42.000 4.000 28.791
v 42.000 3.927 29.000
v 42.000 4.000 29.177
v 42.000 4.000 30.374
v 42.000 4.880 28.000
v 42.000 4.339 30.000
v 41.799 -43.000 27.000
v 41.688 -43.000 28.000
v 41.641 -42.000 27.000
v 41.581 -42.000 28.000
v 41.460 -41.000 27.000
v 41.000 -41.000 27.888
v 41.000 -41.079 28.000
v 41.000 -41.000 28.061
v 41.000 -40.000 26.766
v 41.000 -40.372 27.000
v 41.000 -40.000 28.339
v 41.000 -39.000 26.656
v 41.614 -39.000 29.000
v 41.000 -39.000 28.466
v 41.000 -38.000 26.656
v 41.274 -38.000 29.000
v 41.000 -38.000 28.620
v 41.053 -38.000 30.000
v 41.000 -37.000 26.765
v 41.225 -37.000 29.000
v 41.000 -37.000 28.644
v 41.000 -37.000 29.580
v 41.000 -37.883 30.000
v 41.000 -37.000 30.182
v 41.000 -36.602 27.000
v 41.427 -36.000 27.000
v 41.000 -36.000 27.578
v 41.226 -36.000 29.000
v 41.000 -36.000 28.534
v 41.000 -36.000 29.577
v 41.000 -36.000 30.185
v 41.533 -35.000 27.000
v 41.000 -35.000 27.694
v 41.226 -35.000 29.000
v 41.000 -35.000 28.495
v 41.000 -35.000 29.578
v 41.000 -35.000 30.185
v 41.649 -34.000 27.000
v 41.000 -34.000 27.720
v 41.225 -34.000 29.000
v 41.000 -34.000 28.483
v 41.000 -34.000 29.561
v 41.000 -34.000 30.204
v 41.000 -33.000 27.919
v 41.125 -33.000 29.000
v 41.000 -33.000 28.357
v 41.000 -33.000 29.288
v 41.573 -33.000 31.000
v 41.000 -33.000 30.419
v 41.000 -32.859 28.000
v 41.424 -32.000 28.000
v 41.000 -32.000 28.570
v 41.000 -32.719 29.000
v 41.000 -32.337 31.000
v 41.000 -32.000 31.207
v 41.508 -31.000 28.000
v 41.000 -31.000 28.664
v 41.089 -31.000 30.000
v 41.000 -31.153 30.000
v 41.000 -31.000 29.763
v 41.000 -31.000 30.283
v 41.000 -31.000 31.216
v 41.663 -30.000 28.000
v 41.000 -30.000 28.901
v 41.255 -30.000 30.000
v 41.000 -30.000 29.195
v 41.000 -30.000 30.616
v 41.000 -30.000 31.183
v 41.523 -29.000 29.000
v 41.000 -29.899 29.000
v 41.386 -29.000 30.000
v 41.000 -29.000 30.971
v 41.000 -29.000 31.017
v 41.749 -28.000 29.000
v 41.584 -28.000 30.000
v 41.000 -28.978 31.000
v 41.604 -28.000 31.000
v 41.940 -27.000 31.000
v 41.971 -25.000 30.000
v 41.771 -24.000 29.000
v 41.612 -24.000 30.000
v 41.510 -23.000 29.000
v 41.000 -23.000 29.977
v 41.000 -23.021 30.000
v 41.000 -23.000 30.016
v 41.744 -22.000 28.000
v 41.302 -22.000 29.000
v 41.000 -22.000 29.611
v 41.000 -22.000 30.213
v 41.454 -21.000 28.000
v 41.000 -21.000 28.544
v 41.000 -21.514 29.000
v 41.000 -21.000 30.325
v 41.000 -20.000 27.763
v 41.000 -20.379 28.000
v 41.000 -20.000 30.368
v 41.000 -19.000 27.648
v 41.499 -19.000 31.000
v 41.000 -19.000 30.560
v 41.000 -18.000 27.607
v 41.000 -18.491 31.000
v 41.195 -18.000 32.000
v 41.000 -18.000 31.726
v 41.000 -18.000 32.244
v 41.000 -18.370 33.000
v 41.000 -18.401 34.000
v 41.000 -18.321 35.000
v 41.000 -18.000 35.336
v 41.641 -17.000 27.000
v 41.000 -17.000 27.500
v 41.000 -17.816 32.000
v 41.592 -17.000 36.000
v 41.000 -17.000 35.558
v 41.389 -16.000 27.000
v 41.000 -16.000 27.298
v 41.525 -16.000 36.000
v 41.000 -16.000 35.416
v 41.000 -15.000 26.694
v 41.000 -15.521 27.000
v 41.313 -15.000 35.000
v 41.000 -15.424 35.000
v 41.000 -15.000 34.714
v 41.654 -15.000 36.000
v 41.000 -14.000 26.519
v 41.000 -14.000 34.516
v 41.991 -14.000 36.000
v 41.000 -13.000 26.501
v 41.000 -13.000 34.463
v 41.000 -12.000 26.517
v 41.488 -12.000 34.000
v 41.000 -12.000 34.270
v 41.000 -11.000 26.481
v 41.000 -11.637 34.000
v 41.000 -11.000 33.572
v 41.667 -10.000 26.000
v 41.000 -10.000 25.720
v 41.000 -10.379 26.000
v 41.007 -10.000 31.000
v 41.000 -10.009 31.000
v 41.000 -10.000 30.992
v 41.000 -10.000 31.012
v 41.000 -10.000 33.241
v 41.000 -9.000 25.519
v 41.208 -9.000 31.000
v 41.000 -9.000 30.780
v 41.000 -9.000 31.756
v 41.000 -9.706 33.000
v 41.000 -9.000 32.101
v 41.000 -8.000 25.500
v 41.323 -8.000 31.000
v 41.000 -8.000 30.674
v 41.000 -8.898 32.000
v 41.573 -8.000 32.000
v 41.000 -7.000 25.500
v 41.239 -7.000 31.000
v 41.000 -7.000 30.761
v 41.632 -7.000 32.000
v 41.000 -6.000 25.500
v 41.000 -6.619 31.000
v 41.000 -6.000 31.425
v 41.547 -6.000 32.000
v 41.000 -5.000 25.501
v 41.388 -5.000 32.000
v 41.000 -5.000 31.703
v 41.000 -4.000 25.519
v 41.000 -4.522 32.000
v 41.000 -4.000 32.306
v 41.000 -3.000 25.598
v 41.000 -3.000 32.481
v 41.000 -2.000 25.598
v 41.000 -2.000 32.500
v 41.000 -1.000 25.519
v 41.000 -1.000 32.498
v 41.000 0.000 25.504
v 41.000 0.000 32.380
v 41.000 1.000 25.628
v 41.000 0.500 32.000
v 41.000 1.000 31.620
v 41.000 1.444 26.000
v 41.000 2.000 26.647
v 41.000 2.000 31.483
v 41.000 2.357 27.000
v 41.000 3.000 27.534
v 41.648 3.000 31.000
v 41.000 3.000 31.400
v 41.000 4.000 27.583
v 41.869 4.000 29.000
v 41.463 4.000 31.000
v 41.000 4.000 31.369
v 41.909 5.000 28.000
v 41.000 5.000 27.677
v 41.000 5.000 28.528
v 41.000 4.589 29.000
v 41.282 5.000 30.000
v 41.000 5.000 29.564
v 41.176 5.000 31.000
v 41.000 5.000 31.167
v 41.000 5.982 28.000
v 41.000 5.227 30.000
v 41.000 5.167 31.000
v 40.942 -41.000 28.000
v 40.766 -40.000 27.000
v 40.676 -40.000 28.000
v 40.656 -39.000 27.000
v 40.628 -39.000 28.000
v 40.656 -38.000 27.000
v 40.621 -38.000 28.000
v 40.765 -37.000 27.000
v 40.644 -37.000 28.000
v 40.828 -37.000 30.000
v 40.749 -36.000 28.000
v 40.825 -36.000 30.000
v 40.778 -35.000 28.000
v 40.825 -35.000 30.000
v 40.787 -34.000 28.000
v 40.816 -34.000 30.000
v 40.927 -33.000 28.000
v 40.729 -33.000 30.000
v 40.722 -32.000 29.000
v 40.624 -32.000 30.000
v 40.795 -32.000 31.000
v 40.752 -31.000 29.000
v 40.794 -31.000 31.000
v 40.928 -30.000 29.000
v 40.827 -30.000 31.000
v 40.984 -29.000 31.000
v 40.985 -23.000 30.000
v 40.797 -22.000 30.000
v 40.698 -21.000 29.000
v 40.679 -21.000 30.000
v 40.763 -20.000 28.000
v 40.522 -20.000 29.000
v 40.646 -20.000 30.000
v 40.636 -19.000 28.000
v 40.427 -19.000 29.000
v 40.585 -19.000 30.000
v 40.549 -18.000 28.000
v 40.000 -18.000 28.885
v 40.000 -18.118 29.000
v 40.000 -18.000 29.133
v 40.401 -18.000 30.000
v 40.622 -18.000 31.000
v 40.049 -18.000 33.000
v 40.430 -18.000 34.000
v 40.087 -18.000 35.000
v 40.403 -17.000 28.000
v 40.000 -17.000 28.581
v 40.248 -17.000 30.000
v 40.000 -17.000 29.502
v 40.000 -17.000 30.711
v 40.000 -17.148 31.000
v 40.350 -17.000 32.000
v 40.000 -17.000 31.240
v 40.000 -17.000 32.766
v 40.000 -17.821 33.000
v 40.000 -17.000 33.395
v 40.164 -17.000 34.000
v 40.000 -17.000 34.755
v 40.000 -17.602 35.000
v 40.000 -17.000 35.062
v 40.000 -16.000 27.746
v 40.000 -16.409 28.000
v 40.183 -16.000 30.000
v 40.000 -16.000 29.699
v 40.000 -16.000 30.302
v 40.331 -16.000 32.000
v 40.000 -16.000 31.528
v 40.000 -16.767 33.000
v 40.306 -16.000 33.000
v 40.000 -16.000 33.712
v 40.000 -16.465 34.000
v 40.000 -16.000 34.239
v 40.532 -16.000 35.000
v 40.000 -16.895 35.000
v 40.515 -15.000 27.000
v 40.000 -15.000 27.426
v 40.021 -15.000 30.000
v 40.000 -15.000 29.965
v 40.000 -15.000 30.035
v 40.348 -15.000 32.000
v 40.000 -15.000 31.555
v 40.380 -15.000 33.000
v 40.000 -15.000 33.721
v 40.000 -15.000 34.199
v 40.000 -14.000 26.630
v 40.000 -14.545 27.000
v 40.000 -14.970 30.000
v 40.345 -14.000 32.000
v 40.000 -14.000 31.623
v 40.379 -14.000 33.000
v 40.000 -14.000 33.730
v 40.000 -14.000 34.183
v 40.000 -13.000 26.526
v 40.205 -13.000 32.000
v 40.000 -13.000 31.770
v 40.254 -13.000 33.000
v 40.000 -13.000 33.568
v 40.000 -13.000 34.212
v 40.000 -12.000 26.541
v 40.000 -12.709 32.000
v 40.000 -12.624 33.000
v 40.000 -12.000 34.171
v 40.000 -11.000 26.503
v 40.658 -11.000 28.000
v 40.000 -11.411 28.000
v 40.000 -11.000 27.562
v 40.347 -11.000 29.000
v 40.000 -11.499 29.000
v 40.000 -11.000 29.685
v 40.185 -11.000 31.000
v 40.000 -11.222 31.000
v 40.000 -11.000 30.504
v 40.000 -11.000 31.337
v 40.000 -11.784 34.000
v 40.000 -11.000 33.294
v 40.000 -10.000 25.625
v 40.000 -10.492 26.000
v 40.270 -10.000 28.000
v 40.000 -10.000 27.750
v 40.265 -10.000 29.000
v 40.000 -10.000 29.556
v 40.000 -10.000 30.263
v 40.528 -10.000 32.000
v 40.000 -10.648 32.000
v 40.705 -10.000 33.000
v 40.000 -10.706 33.000
v 40.000 -9.000 25.503
v 40.000 -9.717 28.000
v 40.000 -9.666 29.000
v 40.000 -9.000 30.348
v 40.925 -9.000 32.000
v 40.000 -8.000 25.500
v 40.000 -8.000 30.379
v 40.000 -7.000 25.500
v 40.000 -7.000 30.401
v 40.000 -6.000 25.501
v 40.493 -6.000 31.000
v 40.000 -6.000 30.600
v 40.000 -5.000 25.520
v 40.000 -5.469 31.000
v 40.000 -5.000 31.319
v 40.000 -4.000 25.694
v 40.478 -4.000 32.000
v 40.000 -4.000 31.704
v 40.000 -3.468 26.000
v 40.377 -3.000 26.000
v 40.000 -3.000 26.277
v 40.000 -3.613 32.000
v 40.000 -3.000 32.402
v 40.378 -2.000 26.000
v 40.000 -2.000 26.278
v 40.000 -2.000 32.499
v 40.000 -1.000 25.722
v 40.000 -1.501 26.000
v 40.000 -1.000 32.498
v 40.000 0.000 25.630
v 40.000 0.000 32.378
v 40.000 1.000 25.821
v 40.263 1.000 28.000
v 40.000 0.692 28.000
v 40.000 1.000 27.539
v 40.180 1.000 29.000
v 40.000 0.812 29.000
v 40.000 1.000 29.189
v 40.000 0.498 32.000
v 40.000 1.000 31.615
v 40.000 1.187 26.000
v 40.659 2.000 27.000
v 40.000 1.360 27.000
v 40.501 2.000 28.000
v 40.372 2.000 29.000
v 40.000 2.000 29.451
v 40.000 2.000 31.461
v 40.550 3.000 28.000
v 40.372 3.000 29.000
v 40.000 3.000 29.476
v 40.000 3.000 31.368
v 40.000 4.000 27.945
v 40.000 3.928 28.000
v 40.000 4.000 28.130
v 40.411 4.000 29.000
v 40.000 4.000 29.406
v 40.000 4.000 31.341
v 40.000 5.000 27.696
v 40.000 5.000 28.420
v 40.000 5.000 29.721
v 40.000 5.000 31.159
v 40.979 6.000 28.000
v 40.000 6.000 27.705
v 40.000 6.000 28.310
v 40.000 5.172 30.000
v 40.000 5.158 31.000
v 40.000 6.866 28.000
v 39.921 -18.000 29.000
v 39.751 -17.000 29.000
v 39.866 -17.000 31.000
v 39.889 -17.000 33.000
v 39.942 -17.000 35.000
v 39.757 -16.000 28.000
v 39.642 -16.000 29.000
v 39.011 -16.000 31.000
v 39.856 -16.000 34.000
v 39.589 -15.000 28.000
v 39.596 -15.000 29.000
v 39.000 -15.000 30.663
v 39.000 -15.985 31.000
v 39.000 -15.000 31.306
v 39.821 -15.000 34.000
v 39.053 -14.000 27.000
v 39.424 -14.000 28.000
v 39.515 -14.000 29.000
v 39.431 -14.000 30.000
v 39.000 -14.000 30.535
v 39.000 -14.000 31.359
v 39.827 -14.000 34.000
v 39.000 -13.000 26.786
v 39.000 -13.892 27.000
v 39.000 -13.000 27.308
v 39.381 -13.000 28.000
v 39.516 -13.000 29.000
v 39.435 -13.000 30.000
v 39.000 -13.000 30.561
v 39.000 -13.000 31.353
v 39.797 -13.000 34.000
v 39.000 -12.000 26.668
v 39.476 -12.000 28.000
v 39.000 -12.000 27.429
v 39.695 -12.000 29.000
v 39.928 -12.000 30.000
v 39.000 -12.000 30.965
v 39.523 -12.000 32.000
v 39.000 -12.000 31.042
v 39.628 -12.000 33.000
v 39.829 -12.000 34.000
v 39.000 -11.000 26.560
v 39.000 -11.000 27.380
v 39.835 -11.000 30.000
v 39.000 -11.969 31.000
v 39.714 -11.000 32.000
v 39.760 -11.000 33.000
v 39.000 -10.000 25.726
v 39.000 -10.372 26.000
v 39.000 -10.000 27.484
v 39.786 -10.000 30.000
v 39.000 -9.000 25.523
v 39.297 -9.000 28.000
v 39.000 -9.000 27.748
v 39.500 -9.000 29.000
v 39.659 -9.000 30.000
v 39.000 -8.000 25.503
v 39.000 -8.701 28.000
v 39.000 -8.366 29.000
v 39.000 -8.000 29.364
v 39.549 -8.000 30.000
v 39.000 -7.000 25.502
v 39.499 -7.000 30.000
v 39.000 -7.000 29.598
v 39.000 -6.000 25.521
v 39.335 -6.000 30.000
v 39.000 -6.000 29.727
v 39.000 -5.000 25.695
v 39.000 -5.599 30.000
v 39.531 -5.000 31.000
v 39.000 -5.000 30.530
v 39.000 -4.501 26.000
v 39.500 -4.000 26.000
v 39.000 -4.000 26.307
v 39.000 -4.583 31.000
v 39.000 -4.000 31.519
v 39.000 -3.000 26.485
v 39.000 -3.476 32.000
v 39.000 -3.000 32.380
v 39.000 -2.000 26.519
v 39.000 -2.000 32.498
v 39.643 -1.000 26.000
v 39.000 -1.000 26.551
v 39.000 -1.000 32.479
v 39.560 0.000 26.000
v 39.000 0.000 26.845
v 39.240 0.000 28.000
v 39.000 -0.266 28.000
v 39.000 0.000 27.339
v 39.000 0.000 28.366
v 39.000 0.000 32.278
v 39.813 1.000 26.000
v 39.000 0.140 27.000
v 39.658 1.000 27.000
v 39.000 0.378 29.000
v 39.000 1.000 29.602
v 39.000 0.373 32.000
v 39.000 1.000 31.543
v 39.000 1.488 30.000
v 39.422 2.000 30.000
v 39.000 2.000 30.814
v 39.000 2.000 31.104
v 39.604 3.000 30.000
v 39.000 2.132 31.000
v 39.580 3.000 31.000
v 39.939 4.000 28.000
v 39.629 4.000 30.000
v 39.658 4.000 31.000
v 39.021 5.000 28.000
v 39.828 5.000 30.000
v 39.841 5.000 31.000
v 39.000 6.000 27.708
v 39.000 5.022 28.000
v 39.000 6.000 28.295
v 39.691 7.000 28.000
v 39.000 7.000 27.880
v 39.000 7.000 28.120
v 39.000 7.113 28.000
v 38.129 -15.000 31.000
v 38.000 -14.000 30.878
v 38.000 -14.695 31.000
v 38.000 -14.000 31.122
v 38.763 -13.000 27.000
v 38.000 -13.301 31.000
v 38.113 -13.000 31.000
v 38.113 -12.000 27.000
v 38.966 -12.000 31.000
v 38.000 -11.000 26.859
v 38.000 -11.724 27.000
v 38.000 -11.000 27.134
v 38.577 -10.000 26.000
v 38.000 -10.000 26.675
v 38.000 -10.000 27.207
v 38.000 -9.000 25.766
v 38.000 -9.372 26.000
v 38.000 -9.000 27.346
v 38.000 -8.000 25.650
v 38.337 -8.000 28.000
v 38.000 -8.000 27.631
v 38.657 -8.000 29.000
v 38.000 -7.000 25.628
v 38.000 -7.639 28.000
v 38.000 -7.257 29.000
v 38.000 -7.000 29.210
v 38.000 -6.000 25.723
v 38.000 -6.000 29.367
v 38.000 -5.540 26.000
v 38.509 -5.000 26.000
v 38.000 -5.000 26.344
v 38.439 -5.000 30.000
v 38.000 -5.000 29.587
v 38.000 -4.000 26.608
v 38.000 -4.608 30.000
v 38.000 -4.369 31.000
v 38.000 -4.000 31.446
v 38.000 -3.000 26.676
v 38.000 -3.468 32.000
v 38.000 -3.000 32.378
v 38.000 -2.000 26.935
v 38.158 -2.000 28.000
v 38.000 -2.225 28.000
v 38.000 -2.000 27.262
v 38.000 -2.000 28.308
v 38.000 -2.000 32.479
v 38.000 -1.917 27.000
v 38.575 -1.000 27.000
v 38.540 -1.000 28.000
v 38.000 -1.475 29.000
v 38.296 -1.000 29.000
v 38.000 -1.000 29.362
v 38.000 -1.000 32.305
v 38.890 0.000 27.000
v 38.627 0.000 29.000
v 38.000 0.000 29.632
v 38.539 0.000 32.000
v 38.000 -0.510 32.000
v 38.000 0.000 31.640
v 38.530 1.000 30.000
v 38.000 0.443 30.000
v 38.000 1.000 30.826
v 38.000 1.000 31.108
v 38.883 2.000 31.000
v 38.000 1.116 31.000
v 38.143 6.000 28.000
v 38.458 7.000 28.000
v 37.885 -14.000 31.000
v 37.874 -11.000 27.000
v 37.803 -10.000 27.000
v 37.766 -9.000 26.000
v 37.673 -9.000 27.000
v 37.638 -8.000 26.000
v 37.529 -8.000 27.000
v 37.558 -7.000 26.000
v 37.000 -7.000 26.901
v 37.000 -7.095 27.000
v 37.504 -7.000 28.000
v 37.000 -7.000 27.100
v 37.792 -7.000 29.000
v 37.650 -6.000 26.000
v 37.000 -6.000 26.727
v 37.386 -6.000 28.000
v 37.000 -6.000 27.312
v 37.646 -6.000 29.000
v 37.000 -5.000 26.969
v 37.407 -5.000 28.000
v 37.000 -5.000 27.045
v 37.601 -5.000 29.000
v 37.000 -4.962 27.000
v 37.570 -4.000 27.000
v 37.485 -4.000 28.000
v 37.517 -4.000 29.000
v 37.503 -4.000 30.000
v 37.000 -4.000 30.898
v 37.000 -4.068 31.000
v 37.000 -4.000 31.098
v 37.678 -3.000 27.000
v 37.579 -3.000 28.000
v 37.517 -3.000 29.000
v 37.357 -3.000 30.000
v 37.000 -3.000 30.392
v 37.000 -3.438 32.000
v 37.000 -3.000 32.368
v 37.938 -2.000 27.000
v 37.690 -2.000 29.000
v 37.368 -2.000 30.000
v 37.000 -2.000 30.374
v 37.000 -2.000 32.396
v 37.457 -1.000 30.000
v 37.000 -1.000 30.507
v 37.484 -1.000 32.000
v 37.000 -1.397 32.000
v 37.000 -1.000 31.585
v 37.635 0.000 30.000
v 37.000 0.000 30.919
v 37.000 0.000 31.066
v 37.884 1.000 31.000
v 37.000 0.071 31.000
v 36.932 -7.000 27.000
v 36.793 -6.000 27.000
v 36.973 -5.000 27.000
v 36.914 -4.000 31.000
v 36.000 -3.000 30.803
v 36.000 -3.230 31.000
v 36.000 -3.174 32.000
v 36.000 -3.000 32.167
v 36.000 -2.000 30.686
v 36.000 -2.000 32.199
v 36.000 -1.000 30.995
v 36.000 -1.750 32.000
v 36.000 -1.000 31.006
v 36.000 -0.995 31.000
v 36.930 0.000 31.000
v 35.806 -3.000 31.000
v 35.833 -3.000 32.000
v 35.690 -2.000 31.000
v 35.799 -2.000 32.000
v 35.996 -1.000 31.000
f 3 2 1
f 5 4 1
f 1 4 3
f 7 6 5
f 5 6 4
f 9 8 7
f 7 8 6
f 11 10 9
f 9 10 8
f 13 12 11
f 11 12 10
f 13 14 12
f 17 16 15
f 17 15 2
f 15 1 2
f 15 18 1
f 1 19 5
f 1 18 19
f 5 20 7
f 5 19 20
f 7 21 9
f 7 20 21
f 9 22 11
f 9 21 22
f 11 23 13
f 11 22 23
f 14 13 24
f 13 25 24
f 13 23 25
f 25 26 24
f 29 28 27
f 29 27 16
f 27 15 16
f 27 30 15
f 15 31 18
f 15 30 31
f 18 32 19
f 18 31 32
f 19 33 20
f 19 32 33
f 20 34 21
f 20 33 34
f 21 35 22
f 21 34 35
f 22 36 23
f 22 35 36
f 23 37 25
f 23 36 37
f 26 25 38
f 25 39 38
f 25 37 39
f 39 40 38
f 27 28 41
f 41 28 42
f 27 43 30
f 27 41 43
f 30 44 31
f 30 43 44
f 31 45 32
f 31 44 45
f 32 46 33
f 32 45 46
f 33 47 34
f 33 46 47
f 34 48 35
f 34 47 48
f 35 49 36
f 35 48 49
f 36 50 37
f 36 49 50
f 52 39 51
f 39 50 51
f 39 37 50
f 39 52 40
f 55 54 53
f 55 53 42
f 53 41 42
f 53 56 41
f 41 57 43
f 41 56 57
f 43 58 44
f 43 57 58
f 44 59 45
f 44 58 59
f 45 60 46
f 45 59 60
f 46 61 47
f 46 60 61
f 47 62 48
f 47 61 62
f 48 63 49
f 48 62 63
f 49 64 50
f 49 63 64
f 51 50 65
f 65 50 64
f 53 54 66
f 66 54 67
f 53 68 56
f 53 66 68
f 56 69 57
f 56 68 69
f 57 70 58
f 57 69 70
f 58 71 59
f 58 70 71
f 59 72 60
f 59 71 72
f 60 73 61
f 60 72 73
f 61 74 62
f 61 73 74
f 76 63 75
f 63 74 75
f 63 62 74
f 63 76 64
f 64 76 77
f 64 77 65
f 67 78 66
f 80 79 78
f 79 66 78
f 79 68 66
f 68 81 69
f 68 79 81
f 69 82 70
f 69 81 82
f 70 83 71
f 70 82 83
f 71 84 72
f 71 83 84
f 86 73 85
f 73 84 85
f 73 72 84
f 73 86 74
f 74 86 87
f 74 87 75
f 80 88 79
f 79 88 81
f 81 88 89
f 81 89 82
f 82 89 90
f 82 90 83
f 83 90 91
f 83 91 84
f 84 91 92
f 84 92 85
f 95 94 93
f 97 96 93
f 93 96 95
f 99 98 97
f 97 98 96
f 99 100 98
f 103 102 101
f 105 104 101
f 101 104 103
f 104 105 94
f 105 93 94
f 105 106 93
f 93 107 97
f 93 106 107
f 97 108 99
f 97 107 108
f 100 99 109
f 99 110 109
f 99 108 110
f 112 111 110
f 110 111 109
f 114 113 112
f 112 113 111
f 114 115 113
f 118 117 116
f 118 116 102
f 102 116 101
f 116 2 101
f 2 3 101
f 101 3 4
f 101 4 105
f 105 4 6
f 105 6 106
f 106 6 8
f 106 8 107
f 107 8 10
f 107 10 108
f 108 10 12
f 108 12 110
f 110 12 14
f 119 110 14
f 112 110 119
f 112 120 114
f 112 119 120
f 115 114 121
f 114 122 121
f 114 120 122
f 124 123 122
f 122 123 121
f 124 125 123
f 128 127 126
f 128 126 117
f 117 126 116
f 126 16 116
f 16 17 116
f 116 17 2
f 24 119 14
f 119 24 26
f 129 119 26
f 120 119 129
f 120 130 122
f 120 129 130
f 122 131 124
f 122 130 131
f 125 124 132
f 132 124 131
f 135 134 133
f 135 133 127
f 127 133 126
f 133 28 126
f 28 29 126
f 126 29 16
f 38 129 26
f 129 38 40
f 136 129 40
f 130 129 136
f 130 137 131
f 130 136 137
f 132 131 138
f 138 131 137
f 141 140 139
f 141 139 134
f 139 133 134
f 139 142 133
f 142 42 28
f 142 28 133
f 51 143 52
f 136 40 52
f 143 136 52
f 144 136 143
f 136 145 137
f 136 144 145
f 138 137 146
f 146 137 145
f 149 148 147
f 149 147 140
f 147 139 140
f 147 150 139
f 150 54 55
f 142 150 55
f 139 150 142
f 142 55 42
f 65 151 143
f 65 143 51
f 143 152 144
f 143 151 152
f 144 153 145
f 144 152 153
f 146 145 154
f 154 145 153
f 147 148 155
f 155 148 156
f 147 157 150
f 147 155 157
f 157 67 54
f 157 54 150
f 75 158 76
f 159 77 76
f 159 76 158
f 151 65 77
f 159 151 77
f 160 151 159
f 151 161 152
f 151 160 161
f 152 162 153
f 152 161 162
f 154 153 163
f 163 153 162
f 155 156 164
f 164 156 165
f 155 166 157
f 155 164 166
f 167 78 67
f 157 167 67
f 166 167 157
f 167 80 78
f 85 168 86
f 169 87 86
f 169 86 168
f 158 75 87
f 169 158 87
f 170 158 169
f 158 171 159
f 158 170 171
f 159 172 160
f 159 171 172
f 160 173 161
f 160 172 173
f 161 174 162
f 161 173 174
f 163 162 175
f 175 162 174
f 164 165 176
f 176 165 177
f 164 178 166
f 164 176 178
f 166 179 167
f 166 178 179
f 180 88 80
f 167 180 80
f 179 180 167
f 181 89 88
f 181 88 180
f 182 90 89
f 182 89 181
f 183 91 90
f 183 90 182
f 184 92 91
f 184 91 183
f 168 85 92
f 184 168 92
f 185 168 184
f 168 186 169
f 168 185 186
f 169 187 170
f 169 186 187
f 170 188 171
f 170 187 188
f 171 189 172
f 171 188 189
f 172 190 173
f 172 189 190
f 173 191 174
f 173 190 191
f 175 174 192
f 192 174 191
f 195 194 193
f 195 193 177
f 193 176 177
f 193 196 176
f 176 197 178
f 176 196 197
f 178 198 179
f 178 197 198
f 179 199 180
f 179 198 199
f 180 200 181
f 180 199 200
f 181 201 182
f 181 200 201
f 182 202 183
f 182 201 202
f 183 203 184
f 183 202 203
f 184 204 185
f 184 203 204
f 185 205 186
f 185 204 205
f 186 206 187
f 186 205 206
f 187 207 188
f 187 206 207
f 188 208 189
f 188 207 208
f 189 209 190
f 189 208 209
f 211 191 210
f 191 209 210
f 191 190 209
f 191 211 192
f 193 194 212
f 212 194 213
f 215 196 214
f 196 212 214
f 196 193 212
f 217 216 215
f 216 196 215
f 216 197 196
f 197 218 198
f 197 216 218
f 198 219 199
f 198 218 219
f 199 220 200
f 199 219 220
f 200 221 201
f 200 220 221
f 201 222 202
f 201 221 222
f 202 223 203
f 202 222 223
f 203 224 204
f 203 223 224
f 204 225 205
f 204 224 225
f 205 226 206
f 205 225 226
f 206 227 207
f 206 226 227
f 207 228 208
f 207 227 228
f 208 229 209
f 208 228 229
f 210 209 230
f 230 209 229
f 212 213 231
f 231 213 232
f 214 212 233
f 233 212 231
f 217 234 216
f 236 235 234
f 235 216 234
f 235 218 216
f 218 237 219
f 218 235 237
f 219 238 220
f 219 237 238
f 220 239 221
f 220 238 239
f 221 240 222
f 221 239 240
f 242 223 241
f 223 240 241
f 223 222 240
f 223 242 224
f 224 242 243
f 224 243 225
f 225 243 244
f 246 245 244
f 245 225 244
f 245 226 225
f 226 247 227
f 226 245 247
f 227 248 228
f 227 247 248
f 250 229 249
f 229 248 249
f 229 228 248
f 229 250 230
f 232 251 231
f 231 251 233
f 236 252 235
f 254 253 252
f 253 235 252
f 253 237 235
f 237 255 238
f 237 253 255
f 257 239 256
f 239 255 256
f 239 238 255
f 239 257 240
f 240 257 258
f 240 258 241
f 246 259 245
f 245 259 247
f 247 259 260
f 247 260 248
f 248 260 261
f 248 261 249
f 254 262 253
f 253 262 255
f 255 262 263
f 255 263 256
f 266 265 264
f 94 95 264
f 95 266 264
f 95 267 266
f 268 95 96
f 268 267 95
f 269 96 98
f 269 268 96
f 271 270 100
f 270 98 100
f 270 269 98
f 271 272 270
f 274 273 103
f 103 273 102
f 104 264 265
f 274 104 265
f 103 104 274
f 264 104 94
f 109 271 100
f 275 272 271
f 109 275 271
f 111 275 109
f 276 111 113
f 276 275 111
f 278 277 115
f 277 113 115
f 277 276 113
f 278 279 277
f 282 281 280
f 117 118 280
f 118 282 280
f 118 283 282
f 118 102 273
f 118 273 283
f 121 278 115
f 284 279 278
f 121 284 278
f 123 284 121
f 123 125 284
f 284 125 285
f 288 287 286
f 288 286 281
f 281 286 280
f 286 127 280
f 127 128 280
f 280 128 117
f 132 285 125
f 132 289 285
f 292 291 290
f 292 290 287
f 287 290 286
f 290 134 286
f 134 135 286
f 286 135 127
f 138 294 293
f 289 138 293
f 132 138 289
f 294 295 293
f 290 291 141
f 291 140 141
f 291 296 140
f 290 141 134
f 146 297 294
f 146 294 138
f 295 294 298
f 294 299 298
f 294 297 299
f 299 300 298
f 302 301 149
f 149 301 148
f 149 140 296
f 149 296 302
f 154 303 297
f 154 297 146
f 297 304 299
f 297 303 304
f 300 299 305
f 305 299 304
f 308 307 306
f 301 308 306
f 156 301 306
f 148 301 156
f 163 309 303
f 163 303 154
f 303 310 304
f 303 309 310
f 305 304 311
f 311 304 310
f 306 307 312
f 312 307 313
f 312 165 156
f 312 156 306
f 175 314 309
f 175 309 163
f 309 315 310
f 309 314 315
f 311 310 316
f 316 310 315
f 312 313 317
f 317 313 318
f 317 177 165
f 317 165 312
f 192 319 314
f 192 314 175
f 314 320 315
f 314 319 320
f 316 315 321
f 321 315 320
f 317 318 195
f 318 194 195
f 318 322 194
f 317 195 177
f 210 323 211
f 319 192 211
f 323 319 211
f 324 319 323
f 319 325 320
f 319 324 325
f 321 320 326
f 326 320 325
f 322 213 194
f 327 213 322
f 214 328 215
f 328 217 215
f 230 329 323
f 230 323 210
f 323 330 324
f 323 329 330
f 332 325 331
f 325 330 331
f 325 324 330
f 325 332 326
f 335 334 333
f 327 335 333
f 232 327 333
f 213 327 232
f 233 336 328
f 233 328 214
f 337 234 217
f 328 337 217
f 336 337 328
f 337 236 234
f 241 338 242
f 339 243 242
f 339 242 338
f 340 244 243
f 340 243 339
f 340 246 244
f 249 341 250
f 329 230 250
f 341 329 250
f 342 329 341
f 329 343 330
f 329 342 343
f 331 330 344
f 344 330 343
f 333 334 345
f 345 334 346
f 347 251 232
f 333 347 232
f 345 347 333
f 336 233 251
f 347 336 251
f 348 336 347
f 336 349 337
f 336 348 349
f 350 252 236
f 337 350 236
f 349 350 337
f 350 254 252
f 256 351 257
f 352 258 257
f 352 257 351
f 338 241 258
f 352 338 258
f 353 338 352
f 338 354 339
f 338 353 354
f 339 355 340
f 339 354 355
f 356 259 246
f 340 356 246
f 355 356 340
f 357 260 259
f 357 259 356
f 358 261 260
f 358 260 357
f 341 249 261
f 358 341 261
f 359 341 358
f 341 360 342
f 341 359 360
f 362 343 361
f 343 360 361
f 343 342 360
f 343 362 344
f 345 346 363
f 363 346 364
f 345 365 347
f 345 363 365
f 347 366 348
f 347 365 366
f 348 367 349
f 348 366 367
f 349 368 350
f 349 367 368
f 369 262 254
f 350 369 254
f 368 369 350
f 370 263 262
f 370 262 369
f 351 256 263
f 370 351 263
f 371 351 370
f 351 372 352
f 351 371 372
f 352 373 353
f 352 372 373
f 353 374 354
f 353 373 374
f 354 375 355
f 354 374 375
f 355 376 356
f 355 375 376
f 356 377 357
f 356 376 377
f 357 378 358
f 357 377 378
f 358 379 359
f 358 378 379
f 381 360 380
f 360 379 380
f 360 359 379
f 360 381 361
f 363 364 382
f 382 364 383
f 363 384 365
f 363 382 384
f 365 385 366
f 365 384 385
f 366 386 367
f 366 385 386
f 367 387 368
f 367 386 387
f 368 388 369
f 368 387 388
f 369 389 370
f 369 388 389
f 370 390 371
f 370 389 390
f 371 391 372
f 371 390 391
f 372 392 373
f 372 391 392
f 373 393 374
f 373 392 393
f 374 394 375
f 374 393 394
f 375 395 376
f 375 394 395
f 376 396 377
f 376 395 396
f 398 378 397
f 378 396 397
f 378 377 396
f 378 398 379
f 379 398 399
f 379 399 380
f 383 400 382
f 382 400 384
f 384 400 401
f 384 401 385
f 385 401 402
f 385 402 386
f 386 402 403
f 386 403 387
f 387 403 404
f 387 404 388
f 388 404 405
f 388 405 389
f 389 405 406
f 389 406 390
f 390 406 407
f 390 407 391
f 391 407 408
f 391 408 392
f 392 408 409
f 392 409 393
f 393 409 410
f 393 410 394
f 394 410 411
f 394 411 395
f 395 411 412
f 395 412 396
f 396 412 413
f 396 413 397
f 415 414 266
f 266 414 265
f 416 266 267
f 416 415 266
f 417 267 268
f 417 416 267
f 418 268 269
f 418 417 268
f 419 269 270
f 419 418 269
f 270 272 419
f 419 272 420
f 422 421 274
f 274 421 273
f 274 265 414
f 274 414 422
f 423 420 272
f 423 272 275
f 424 275 276
f 424 423 275
f 426 424 425
f 424 277 425
f 424 276 277
f 279 425 277
f 427 281 282
f 427 282 428
f 282 429 428
f 282 283 429
f 283 273 421
f 283 421 429
f 430 426 425
f 430 425 279
f 284 430 279
f 431 430 284
f 433 432 285
f 432 284 285
f 432 431 284
f 433 434 432
f 436 435 288
f 288 435 287
f 288 281 427
f 437 288 427
f 436 288 437
f 437 427 428
f 289 438 433
f 289 433 285
f 434 433 439
f 433 440 439
f 433 438 440
f 440 441 439
f 442 291 292
f 443 442 292
f 287 443 292
f 435 443 287
f 293 438 289
f 438 293 295
f 444 438 295
f 440 438 444
f 441 440 445
f 445 440 444
f 447 446 442
f 446 291 442
f 446 296 291
f 447 442 443
f 298 444 295
f 449 448 300
f 300 448 298
f 448 445 298
f 445 444 298
f 449 450 448
f 453 452 451
f 301 302 451
f 302 453 451
f 302 454 453
f 302 296 446
f 302 446 454
f 305 455 449
f 305 449 300
f 450 449 456
f 456 449 455
f 451 452 308
f 452 307 308
f 452 457 307
f 451 308 301
f 311 458 455
f 311 455 305
f 456 455 459
f 455 460 459
f 455 458 460
f 460 461 459
f 464 463 462
f 457 464 462
f 313 457 462
f 307 457 313
f 316 465 458
f 316 458 311
f 458 466 460
f 458 465 466
f 461 460 467
f 467 460 466
f 462 463 468
f 468 463 469
f 468 318 313
f 468 313 462
f 321 470 465
f 321 465 316
f 465 471 466
f 465 470 471
f 467 466 472
f 472 466 471
f 475 474 473
f 475 473 469
f 473 468 469
f 473 476 468
f 476 322 318
f 476 318 468
f 326 477 470
f 326 470 321
f 470 478 471
f 470 477 478
f 472 471 479
f 479 471 478
f 473 474 480
f 480 474 481
f 473 482 476
f 473 480 482
f 482 327 322
f 482 322 476
f 331 483 332
f 477 326 332
f 483 477 332
f 484 477 483
f 477 485 478
f 477 484 485
f 479 478 486
f 486 478 485
f 480 481 487
f 487 481 488
f 487 334 335
f 482 487 335
f 480 487 482
f 482 335 327
f 344 489 483
f 344 483 331
f 483 490 484
f 483 489 490
f 492 485 491
f 485 490 491
f 485 484 490
f 485 492 486
f 495 494 493
f 495 493 488
f 493 487 488
f 493 496 487
f 496 346 334
f 496 334 487
f 361 497 362
f 489 344 362
f 497 489 362
f 498 489 497
f 489 499 490
f 489 498 499
f 491 490 500
f 500 490 499
f 493 494 501
f 501 494 502
f 493 503 496
f 493 501 503
f 503 364 346
f 503 346 496
f 380 504 381
f 497 361 381
f 504 497 381
f 505 497 504
f 497 506 498
f 497 505 506
f 508 499 507
f 499 506 507
f 499 498 506
f 499 508 500
f 501 502 509
f 509 502 510
f 501 511 503
f 501 509 511
f 511 383 364
f 511 364 503
f 397 512 398
f 513 399 398
f 513 398 512
f 504 380 399
f 513 504 399
f 514 504 513
f 504 515 505
f 504 514 515
f 517 506 516
f 506 515 516
f 506 505 515
f 506 517 507
f 509 510 518
f 518 510 519
f 509 520 511
f 509 518 520
f 521 400 383
f 511 521 383
f 520 521 511
f 522 401 400
f 522 400 521
f 523 402 401
f 523 401 522
f 524 403 402
f 524 402 523
f 525 404 403
f 525 403 524
f 526 405 404
f 526 404 525
f 527 406 405
f 527 405 526
f 528 407 406
f 528 406 527
f 529 408 407
f 529 407 528
f 530 409 408
f 530 408 529
f 531 410 409
f 531 409 530
f 532 411 410
f 532 410 531
f 533 412 411
f 533 411 532
f 534 413 412
f 534 412 533
f 512 397 413
f 534 512 413
f 535 512 534
f 512 536 513
f 512 535 536
f 538 514 537
f 514 536 537
f 514 513 536
f 514 538 515
f 515 538 539
f 515 539 516
f 518 519 540
f 540 519 541
f 518 542 520
f 518 540 542
f 520 543 521
f 520 542 543
f 521 544 522
f 521 543 544
f 522 545 523
f 522 544 545
f 523 546 524
f 523 545 546
f 524 547 525
f 524 546 547
f 525 548 526
f 525 547 548
f 526 549 527
f 526 548 549
f 527 550 528
f 527 549 550
f 528 551 529
f 528 550 551
f 529 552 530
f 529 551 552
f 530 553 531
f 530 552 553
f 531 554 532
f 531 553 554
f 556 533 555
f 533 554 555
f 533 532 554
f 533 556 534
f 534 556 557
f 534 557 535
f 535 557 558
f 535 558 536
f 536 558 559
f 536 559 537
f 541 560 540
f 562 561 560
f 561 540 560
f 561 542 540
f 542 563 543
f 542 561 563
f 543 564 544
f 543 563 564
f 544 565 545
f 544 564 565
f 545 566 546
f 545 565 566
f 546 567 547
f 546 566 567
f 547 568 548
f 547 567 568
f 570 549 569
f 549 568 569
f 549 548 568
f 549 570 550
f 550 570 571
f 550 571 551
f 551 571 572
f 574 573 572
f 573 551 572
f 573 552 551
f 576 553 575
f 553 573 575
f 553 552 573
f 553 576 554
f 554 576 577
f 554 577 555
f 561 562 578
f 578 562 579
f 561 580 563
f 561 578 580
f 563 581 564
f 563 580 581
f 564 582 565
f 564 581 582
f 584 566 583
f 566 582 583
f 566 565 582
f 566 584 567
f 567 584 585
f 567 585 568
f 568 585 586
f 568 586 569
f 574 587 573
f 573 587 575
f 579 588 578
f 578 588 580
f 580 588 589
f 580 589 581
f 581 589 590
f 581 590 582
f 582 590 591
f 582 591 583
f 593 592 415
f 415 592 414
f 594 415 416
f 594 593 415
f 595 416 417
f 595 594 416
f 596 417 418
f 596 595 417
f 597 418 419
f 597 596 418
f 419 420 597
f 597 420 598
f 600 599 422
f 422 599 421
f 422 414 592
f 422 592 600
f 601 598 420
f 601 420 423
f 602 423 424
f 602 601 423
f 424 426 602
f 602 426 603
f 605 604 429
f 429 604 428
f 429 421 599
f 429 599 605
f 606 603 426
f 606 426 430
f 607 430 431
f 607 606 430
f 608 431 432
f 608 607 431
f 432 434 608
f 608 434 609
f 612 611 610
f 610 613 612
f 614 435 436
f 614 436 615
f 436 616 615
f 436 437 616
f 437 428 604
f 437 604 616
f 617 609 434
f 617 434 439
f 619 618 441
f 618 439 441
f 618 617 439
f 618 619 611
f 619 610 611
f 619 620 610
f 613 610 621
f 621 610 620
f 624 623 622
f 622 625 624
f 627 626 614
f 626 435 614
f 626 443 435
f 627 614 615
f 445 628 619
f 445 619 441
f 630 620 629
f 620 628 629
f 620 619 628
f 620 630 621
f 623 631 622
f 622 631 625
f 634 633 632
f 632 635 634
f 637 636 447
f 447 636 446
f 447 443 626
f 447 626 637
f 448 628 445
f 448 450 628
f 450 629 628
f 450 638 629
f 641 640 639
f 641 639 633
f 633 639 632
f 639 452 632
f 452 453 632
f 642 635 632
f 453 642 632
f 454 642 453
f 454 446 636
f 454 636 642
f 456 638 450
f 456 643 638
f 639 640 644
f 644 640 645
f 644 457 452
f 644 452 639
f 646 643 456
f 646 456 459
f 459 461 646
f 646 461 647
f 648 463 464
f 645 649 644
f 650 644 649
f 650 457 644
f 650 648 464
f 457 650 464
f 467 647 461
f 467 651 647
f 653 652 648
f 652 463 648
f 652 469 463
f 653 648 650
f 472 655 654
f 651 472 654
f 467 472 651
f 655 656 654
f 658 657 475
f 475 657 474
f 475 469 652
f 475 652 658
f 479 659 655
f 479 655 472
f 656 655 660
f 660 655 659
f 657 481 474
f 661 481 657
f 486 662 659
f 486 659 479
f 660 659 663
f 663 659 662
f 661 488 481
f 664 488 661
f 491 665 492
f 662 486 492
f 665 662 492
f 666 662 665
f 663 662 667
f 667 662 666
f 669 668 495
f 495 668 494
f 495 488 664
f 495 664 669
f 500 670 665
f 500 665 491
f 665 671 666
f 665 670 671
f 667 666 672
f 672 666 671
f 668 502 494
f 673 502 668
f 507 674 508
f 670 500 508
f 674 670 508
f 675 670 674
f 677 671 676
f 671 675 676
f 671 670 675
f 671 677 672
f 673 510 502
f 678 510 673
f 516 679 517
f 674 507 517
f 679 674 517
f 680 674 679
f 674 681 675
f 674 680 681
f 676 675 682
f 682 675 681
f 678 519 510
f 683 519 678
f 537 684 538
f 685 539 538
f 685 538 684
f 679 516 539
f 685 679 539
f 686 679 685
f 679 687 680
f 679 686 687
f 680 688 681
f 680 687 688
f 682 681 689
f 689 681 688
f 692 691 690
f 683 692 690
f 541 683 690
f 519 683 541
f 555 693 556
f 694 557 556
f 694 556 693
f 695 558 557
f 695 557 694
f 696 559 558
f 696 558 695
f 684 537 559
f 696 684 559
f 697 684 696
f 684 698 685
f 684 697 698
f 685 699 686
f 685 698 699
f 686 700 687
f 686 699 700
f 687 701 688
f 687 700 701
f 689 688 702
f 702 688 701
f 690 691 703
f 703 691 704
f 705 560 541
f 690 705 541
f 703 705 690
f 705 562 560
f 569 706 570
f 707 571 570
f 707 570 706
f 708 572 571
f 708 571 707
f 708 574 572
f 575 709 576
f 576 709 710
f 711 576 710
f 577 576 711
f 555 577 693
f 577 712 693
f 577 711 712
f 693 712 694
f 694 712 713
f 694 713 695
f 695 713 714
f 695 714 696
f 696 714 715
f 696 715 697
f 697 715 716
f 718 717 716
f 717 697 716
f 717 698 697
f 698 719 699
f 698 717 719
f 699 720 700
f 699 719 720
f 722 701 721
f 701 720 721
f 701 700 720
f 701 722 702
f 703 704 723
f 723 704 724
f 703 725 705
f 703 723 725
f 725 579 562
f 725 562 705
f 583 726 584
f 727 585 584
f 727 584 726
f 728 586 585
f 728 585 727
f 706 569 586
f 728 706 586
f 729 706 728
f 706 730 707
f 706 729 730
f 707 731 708
f 707 730 731
f 732 587 574
f 708 732 574
f 731 732 708
f 732 733 587
f 587 733 575
f 733 734 575
f 734 709 575
f 709 734 710
f 717 718 735
f 735 718 736
f 717 737 719
f 717 735 737
f 739 720 738
f 720 737 738
f 720 719 737
f 720 739 721
f 724 740 723
f 742 741 740
f 741 723 740
f 741 725 723
f 743 588 579
f 725 743 579
f 741 743 725
f 744 589 588
f 744 588 743
f 745 590 589
f 745 589 744
f 746 591 590
f 746 590 745
f 726 583 591
f 746 726 591
f 747 726 746
f 726 748 727
f 726 747 748
f 727 749 728
f 727 748 749
f 728 750 729
f 728 749 750
f 729 751 730
f 729 750 751
f 730 752 731
f 730 751 752
f 754 732 753
f 732 752 753
f 732 731 752
f 732 754 733
f 736 755 735
f 735 755 737
f 737 755 756
f 737 756 738
f 741 742 757
f 757 742 758
f 741 759 743
f 741 757 759
f 743 760 744
f 743 759 760
f 744 761 745
f 744 760 761
f 745 762 746
f 745 761 762
f 746 763 747
f 746 762 763
f 747 764 748
f 747 763 764
f 748 765 749
f 748 764 765
f 749 766 750
f 749 765 766
f 750 767 751
f 750 766 767
f 769 752 768
f 752 767 768
f 752 751 767
f 752 769 753
f 758 770 757
f 772 771 770
f 771 757 770
f 771 759 757
f 759 773 760
f 759 771 773
f 760 774 761
f 760 773 774
f 761 775 762
f 761 774 775
f 762 776 763
f 762 775 776
f 763 777 764
f 763 776 777
f 764 778 765
f 764 777 778
f 765 779 766
f 765 778 779
f 766 780 767
f 766 779 780
f 768 767 781
f 781 767 780
f 772 782 771
f 784 783 782
f 783 771 782
f 783 773 771
f 773 785 774
f 773 783 785
f 774 786 775
f 774 785 786
f 775 787 776
f 775 786 787
f 776 788 777
f 776 787 788
f 777 789 778
f 777 788 789
f 778 790 779
f 778 789 790
f 792 780 791
f 780 790 791
f 780 779 790
f 780 792 781
f 784 793 783
f 783 793 785
f 785 793 794
f 796 795 794
f 795 785 794
f 795 786 785
f 786 797 787
f 786 795 797
f 787 798 788
f 787 797 798
f 788 799 789
f 788 798 799
f 801 790 800
f 790 799 800
f 790 789 799
f 790 801 791
f 796 802 795
f 795 802 797
f 797 802 803
f 797 803 798
f 798 803 804
f 798 804 799
f 799 804 805
f 799 805 800
f 806 592 593
f 806 593 807
f 593 808 807
f 593 594 808
f 809 594 595
f 809 808 594
f 810 595 596
f 810 809 595
f 812 810 811
f 810 597 811
f 810 596 597
f 598 811 597
f 813 599 600
f 814 813 600
f 814 600 592
f 815 814 592
f 806 815 592
f 815 806 807
f 816 812 811
f 816 811 598
f 601 816 598
f 817 816 601
f 819 817 818
f 817 602 818
f 817 601 602
f 603 818 602
f 820 604 605
f 821 820 605
f 821 605 599
f 822 821 599
f 813 822 599
f 822 813 814
f 823 819 818
f 825 823 824
f 824 823 606
f 823 818 606
f 818 603 606
f 824 606 826
f 606 827 826
f 606 607 827
f 829 827 828
f 827 608 828
f 827 607 608
f 609 828 608
f 831 830 612
f 612 830 611
f 612 613 831
f 831 613 832
f 835 834 833
f 837 836 833
f 833 836 835
f 837 838 836
f 839 615 616
f 840 839 616
f 840 616 604
f 841 840 604
f 820 841 604
f 841 820 821
f 842 825 824
f 842 824 826
f 843 829 828
f 843 828 609
f 617 843 609
f 844 843 617
f 845 617 618
f 845 844 617
f 618 611 830
f 618 830 845
f 621 832 613
f 621 846 832
f 833 834 847
f 847 834 848
f 847 623 624
f 837 847 624
f 833 847 837
f 624 625 837
f 625 838 837
f 625 849 838
f 851 850 627
f 627 850 626
f 627 615 839
f 852 627 839
f 851 627 852
f 852 839 840
f 629 853 630
f 853 854 630
f 854 621 630
f 854 846 621
f 847 848 855
f 855 848 856
f 857 631 623
f 847 857 623
f 855 857 847
f 857 858 631
f 858 625 631
f 858 849 625
f 859 633 634
f 635 859 634
f 861 860 637
f 637 860 636
f 637 626 850
f 637 850 861
f 638 862 853
f 638 853 629
f 854 853 863
f 863 853 862
f 856 864 855
f 855 864 857
f 857 864 865
f 857 865 858
f 866 640 641
f 867 866 641
f 867 641 633
f 868 867 633
f 859 868 633
f 868 859 635
f 642 868 635
f 869 868 642
f 642 636 860
f 642 860 869
f 871 870 862
f 638 871 862
f 643 871 638
f 862 870 863
f 873 872 866
f 872 640 866
f 872 645 640
f 873 866 867
f 643 646 874
f 875 643 874
f 871 643 875
f 647 874 646
f 872 876 645
f 645 876 649
f 650 649 876
f 650 876 877
f 875 874 878
f 875 878 879
f 651 878 647
f 647 878 874
f 882 881 880
f 884 883 880
f 880 883 882
f 884 885 883
f 887 886 653
f 653 886 652
f 653 650 877
f 653 877 887
f 888 879 878
f 890 888 889
f 889 888 654
f 888 878 654
f 878 651 654
f 656 889 654
f 893 892 891
f 895 894 891
f 891 894 893
f 894 895 881
f 895 880 881
f 895 896 880
f 880 897 884
f 880 896 897
f 885 884 898
f 884 899 898
f 884 897 899
f 899 900 898
f 902 901 658
f 658 901 657
f 658 652 886
f 658 886 902
f 903 890 889
f 889 656 903
f 656 904 903
f 656 660 904
f 891 892 905
f 905 892 906
f 891 907 895
f 891 905 907
f 895 908 896
f 895 907 908
f 896 909 897
f 896 908 909
f 897 910 899
f 897 909 910
f 900 899 911
f 911 899 910
f 901 661 657
f 912 661 901
f 663 914 913
f 904 663 913
f 660 663 904
f 913 914 906
f 914 905 906
f 914 915 905
f 905 916 907
f 905 915 916
f 907 917 908
f 907 916 917
f 908 918 909
f 908 917 918
f 909 919 910
f 909 918 919
f 911 910 920
f 920 910 919
f 912 664 661
f 921 664 912
f 667 922 914
f 667 914 663
f 914 923 915
f 914 922 923
f 915 924 916
f 915 923 924
f 926 917 925
f 917 924 925
f 917 916 924
f 917 926 918
f 918 926 927
f 918 927 919
f 919 927 928
f 919 928 920
f 930 929 669
f 669 929 668
f 669 664 921
f 669 921 930
f 932 931 922
f 667 932 922
f 672 932 667
f 934 933 931
f 933 922 931
f 933 923 922
f 936 924 935
f 924 933 935
f 924 923 933
f 924 936 925
f 929 673 668
f 937 673 929
f 676 938 677
f 938 939 677
f 939 672 677
f 939 932 672
f 934 940 933
f 933 940 935
f 937 678 673
f 941 678 937
f 682 942 938
f 682 938 676
f 939 938 943
f 943 938 942
f 941 683 678
f 944 683 941
f 689 945 942
f 689 942 682
f 943 942 946
f 946 942 945
f 948 947 692
f 692 947 691
f 692 683 944
f 692 944 948
f 702 949 945
f 702 945 689
f 946 945 950
f 950 945 949
f 947 704 691
f 951 704 947
f 710 952 711
f 953 712 711
f 953 711 952
f 712 953 954
f 955 712 954
f 713 712 955
f 713 956 714
f 955 956 713
f 714 957 715
f 956 957 714
f 957 959 958
f 716 957 958
f 715 957 716
f 958 718 716
f 721 960 722
f 949 702 722
f 960 949 722
f 961 949 960
f 950 949 962
f 962 949 961
f 951 724 704
f 963 724 951
f 733 964 734
f 952 710 734
f 964 952 734
f 965 952 964
f 952 966 953
f 952 965 966
f 954 953 967
f 967 953 966
f 958 959 968
f 968 959 969
f 968 736 718
f 968 718 958
f 738 970 739
f 960 721 739
f 970 960 739
f 971 960 970
f 960 972 961
f 960 971 972
f 962 961 973
f 973 961 972
f 740 724 974
f 724 975 974
f 724 963 975
f 974 742 740
f 753 976 754
f 976 977 754
f 754 977 733
f 977 978 733
f 978 964 733
f 964 978 965
f 965 978 979
f 965 979 966
f 966 979 980
f 966 980 967
f 968 969 981
f 981 969 982
f 983 755 736
f 968 983 736
f 981 983 968
f 984 756 755
f 984 755 983
f 970 738 756
f 984 970 756
f 985 970 984
f 970 986 971
f 970 985 986
f 971 987 972
f 971 986 987
f 973 972 988
f 988 972 987
f 974 975 989
f 989 975 990
f 989 758 742
f 989 742 974
f 768 991 769
f 991 992 769
f 769 992 753
f 992 993 753
f 993 976 753
f 976 993 977
f 996 995 994
f 996 994 982
f 994 981 982
f 994 997 981
f 981 998 983
f 981 997 998
f 983 999 984
f 983 998 999
f 984 1000 985
f 984 999 1000
f 985 1001 986
f 985 1000 1001
f 986 1002 987
f 986 1001 1002
f 988 987 1003
f 1003 987 1002
f 990 1004 989
f 1004 1006 1005
f 1004 1005 770
f 989 1004 770
f 758 989 770
f 1005 772 770
f 1008 1007 991
f 768 1008 991
f 781 1008 768
f 991 1007 992
f 994 995 1009
f 1009 995 1010
f 994 1011 997
f 994 1009 1011
f 997 1012 998
f 997 1011 1012
f 998 1013 999
f 998 1012 1013
f 999 1014 1000
f 999 1013 1014
f 1016 1001 1015
f 1001 1014 1015
f 1001 1000 1014
f 1001 1016 1002
f 1002 1016 1017
f 1002 1017 1003
f 1006 1018 1005
f 1018 1020 1019
f 1018 1019 782
f 1005 1018 782
f 772 1005 782
f 1019 784 782
f 1022 1021 792
f 1022 792 791
f 781 792 1008
f 1008 792 1021
f 1009 1010 1023
f 1023 1010 1024
f 1009 1025 1011
f 1009 1023 1025
f 1011 1026 1012
f 1011 1025 1026
f 1028 1013 1027
f 1013 1026 1027
f 1013 1012 1026
f 1013 1028 1014
f 1014 1028 1029
f 1014 1029 1015
f 1020 1030 1019
f 1019 1030 784
f 1030 793 784
f 1030 1031 793
f 1031 1033 1032
f 794 1031 1032
f 793 1031 794
f 1032 796 794
f 1035 1034 801
f 1035 801 800
f 791 801 1022
f 1022 801 1034
f 1024 1036 1023
f 1023 1036 1025
f 1025 1036 1037
f 1025 1037 1026
f 1026 1037 1038
f 1026 1038 1027
f 1033 1039 1032
f 1032 1039 796
f 1039 802 796
f 1039 1040 802
f 1040 1042 1041
f 803 1040 1041
f 802 1040 803
f 1043 804 803
f 1043 803 1041
f 804 1043 1044
f 1045 804 1044
f 805 804 1045
f 800 805 1035
f 1035 805 1045
f 1041 1042 1046
f 1046 1042 1047
f 1049 1043 1048
f 1043 1046 1048
f 1043 1041 1046
f 1043 1049 1044
f 1052 1051 1050
f 1050 1053 1052
f 1046 1047 1054
f 1054 1047 1055
f 1048 1046 1056
f 1056 1046 1054
f 1059 1058 1057
f 1061 1060 1057
f 1057 1060 1059
f 1063 1062 1061
f 1061 1062 1060
f 1065 1064 1063
f 1063 1064 1062
f 1067 1066 1065
f 1065 1066 1064
f 1067 1068 1066
f 1071 1070 1069
f 1071 1069 1051
f 1069 1050 1051
f 1069 1072 1050
f 1053 1050 1073
f 1073 1050 1072
f 1054 1055 1074
f 1074 1055 1075
f 1056 1054 1076
f 1076 1054 1074
f 1079 1078 1077
f 1079 1077 1058
f 1077 1057 1058
f 1077 1080 1057
f 1057 1081 1061
f 1057 1080 1081
f 1061 1082 1063
f 1061 1081 1082
f 1063 1083 1065
f 1063 1082 1083
f 1065 1084 1067
f 1065 1083 1084
f 1068 1067 1085
f 1067 1086 1085
f 1067 1084 1086
f 1088 1087 1086
f 1086 1087 1085
f 1088 1089 1087
f 1069 1070 1090
f 1090 1070 1091
f 1093 1072 1092
f 1072 1090 1092
f 1072 1069 1090
f 1072 1093 1073
f 1075 1094 1074
f 1074 1094 1076
f 1077 1078 1095
f 1095 1078 1096
f 1077 1097 1080
f 1077 1095 1097
f 1080 1098 1081
f 1080 1097 1098
f 1081 1099 1082
f 1081 1098 1099
f 1082 1100 1083
f 1082 1099 1100
f 1083 1101 1084
f 1083 1100 1101
f 1084 1102 1086
f 1084 1101 1102
f 1104 1088 1103
f 1088 1102 1103
f 1088 1086 1102
f 1088 1104 1089
f 1091 1105 1090
f 1090 1105 1092
f 1095 1096 1106
f 1106 1096 1107
f 1095 1108 1097
f 1095 1106 1108
f 1097 1109 1098
f 1097 1108 1109
f 1098 1110 1099
f 1098 1109 1110
f 1099 1111 1100
f 1099 1110 1111
f 1100 1112 1101
f 1100 1111 1112
f 1114 1102 1113
f 1102 1112 1113
f 1102 1101 1112
f 1102 1114 1103
f 1107 1115 1106
f 1117 1116 1115
f 1116 1106 1115
f 1116 1108 1106
f 1108 1118 1109
f 1108 1116 1118
f 1109 1119 1110
f 1109 1118 1119
f 1110 1120 1111
f 1110 1119 1120
f 1122 1112 1121
f 1112 1120 1121
f 1112 1111 1120
f 1112 1122 1113
f 1117 1123 1116
f 1116 1123 1118
f 1118 1123 1124
f 1118 1124 1119
f 1119 1124 1125
f 1119 1125 1120
f 1120 1125 1126
f 1120 1126 1121
f 1128 1127 808
f 808 1127 807
f 1129 808 809
f 1129 1128 808
f 1130 809 810
f 1130 1129 809
f 810 812 1130
f 1130 812 1131
f 1133 1132 815
f 815 1132 814
f 815 807 1127
f 815 1127 1133
f 1134 1131 812
f 1134 812 816
f 1135 816 817
f 1135 1134 816
f 817 819 1135
f 1135 819 1136
f 1138 1137 822
f 822 1137 821
f 822 814 1132
f 822 1132 1138
f 1139 1136 819
f 1139 819 823
f 823 825 1139
f 1139 825 1140
f 1141 826 827
f 829 1141 827
f 1143 1142 831
f 831 1142 830
f 831 832 1143
f 1143 832 1144
f 1146 1145 835
f 835 1145 834
f 1147 835 836
f 1147 1146 835
f 836 838 1147
f 1147 838 1148
f 1150 1149 841
f 841 1149 840
f 841 821 1137
f 841 1137 1150
f 1151 1140 825
f 1151 825 842
f 842 826 1141
f 1152 842 1141
f 1151 842 1152
f 1152 1141 829
f 843 1152 829
f 1153 1152 843
f 1154 843 844
f 1154 1153 843
f 1155 844 845
f 1155 1154 844
f 845 830 1142
f 845 1142 1155
f 846 1157 1156
f 1144 846 1156
f 832 846 1144
f 1159 1158 1157
f 1157 1158 1156
f 1145 1158 1159
f 848 1145 1159
f 834 1145 848
f 849 1148 838
f 849 1160 1148
f 1161 850 851
f 1161 851 1162
f 851 1163 1162
f 851 852 1163
f 852 840 1149
f 852 1149 1163
f 854 1164 1157
f 854 1157 846
f 1157 1165 1159
f 1157 1164 1165
f 1165 856 848
f 1165 848 1159
f 858 1160 849
f 858 1166 1160
f 1168 1167 861
f 861 1167 860
f 861 850 1161
f 1169 861 1161
f 1168 861 1169
f 1169 1161 1162
f 1171 1170 1164
f 854 1171 1164
f 863 1171 854
f 1164 1170 1165
f 1165 1170 1172
f 1165 1172 856
f 1172 864 856
f 1172 1173 864
f 864 1174 865
f 1173 1174 864
f 858 865 1166
f 1166 865 1174
f 1175 867 868
f 1175 868 1176
f 868 1177 1176
f 868 869 1177
f 869 860 1167
f 869 1167 1177
f 871 1178 870
f 1178 1179 870
f 1179 863 870
f 1179 1171 863
f 1180 872 873
f 867 1175 873
f 1175 1180 873
f 1175 1181 1180
f 1175 1176 1182
f 1175 1182 1181
f 1185 1184 1183
f 1187 1186 1183
f 1187 1183 1184
f 1187 1188 1178
f 875 1187 1178
f 871 875 1178
f 1186 1187 875
f 1178 1188 1179
f 1191 1190 1189
f 1193 1192 1189
f 1189 1192 1191
f 1195 1194 1193
f 1193 1194 1192
f 1195 1196 1194
f 1180 876 872
f 1180 1181 1197
f 877 1180 1197
f 1198 877 1197
f 1180 877 876
f 1197 1181 1182
f 1201 1200 1199
f 1199 1200 1185
f 1183 1199 1185
f 1202 1199 1183
f 1203 1183 1186
f 1202 1183 1203
f 879 1203 875
f 875 1203 1186
f 1206 1205 1204
f 1206 1204 1190
f 1204 1189 1190
f 1204 1207 1189
f 1207 881 882
f 1193 1207 882
f 1189 1207 1193
f 1193 882 883
f 1193 883 1195
f 1209 1208 885
f 885 1208 883
f 1208 1196 883
f 1196 1195 883
f 1211 1210 1209
f 1209 1210 1208
f 1211 1212 1210
f 1214 1213 887
f 887 1213 886
f 887 877 1198
f 887 1198 1214
f 1215 1201 1199
f 1215 1199 1202
f 1215 1202 1216
f 1216 1202 1203
f 1216 1203 1217
f 1219 1217 1218
f 1218 1217 888
f 1217 1203 888
f 1203 879 888
f 1221 1218 1220
f 1218 888 1220
f 890 1222 1220
f 890 1220 888
f 1224 1223 1222
f 1222 1223 1220
f 1223 1224 1205
f 1205 1224 1204
f 1224 892 1204
f 892 893 1204
f 1204 893 894
f 1204 894 1207
f 1207 894 881
f 898 1209 885
f 1209 898 900
f 1225 1209 900
f 1211 1209 1225
f 1212 1211 1226
f 1226 1211 1225
f 1227 901 902
f 1228 1227 902
f 886 1228 902
f 1213 1228 886
f 1229 1219 1218
f 890 903 1222
f 1218 1221 1229
f 1222 903 904
f 1230 1222 904
f 1224 1222 1230
f 1230 906 892
f 1230 892 1224
f 911 1231 1225
f 911 1225 900
f 1226 1225 1232
f 1232 1225 1231
f 1234 1233 1227
f 1233 901 1227
f 1233 912 901
f 1234 1227 1228
f 913 1230 904
f 1230 913 906
f 920 1235 1231
f 920 1231 911
f 1232 1231 1236
f 1236 1231 1235
f 1233 921 912
f 1237 921 1233
f 925 1238 926
f 1239 927 926
f 1239 926 1238
f 1240 928 927
f 1240 927 1239
f 1235 920 928
f 1240 1235 928
f 1241 1235 1240
f 1236 1235 1242
f 1242 1235 1241
f 1244 1243 930
f 930 1243 929
f 930 921 1237
f 930 1237 1244
f 932 1245 931
f 1245 934 931
f 935 1246 936
f 1238 925 936
f 1246 1238 936
f 1247 1238 1246
f 1238 1248 1239
f 1238 1247 1248
f 1250 1240 1249
f 1240 1248 1249
f 1240 1239 1248
f 1240 1250 1241
f 1241 1250 1251
f 1241 1251 1242
f 1243 937 929
f 1252 937 1243
f 939 1253 1245
f 939 1245 932
f 1254 940 934
f 1245 1254 934
f 1253 1254 1245
f 1254 1255 940
f 940 1255 935
f 1255 1256 935
f 1256 1246 935
f 1246 1256 1247
f 1247 1256 1257
f 1247 1257 1248
f 1248 1257 1258
f 1248 1258 1249
f 1252 941 937
f 1259 941 1252
f 943 1260 1253
f 943 1253 939
f 1262 1254 1261
f 1254 1260 1261
f 1254 1253 1260
f 1254 1262 1255
f 1259 944 941
f 1263 944 1259
f 946 1264 1260
f 946 1260 943
f 1261 1260 1265
f 1265 1260 1264
f 1267 1266 948
f 948 1266 947
f 948 944 1263
f 948 1263 1267
f 950 1268 1264
f 950 1264 946
f 1265 1264 1269
f 1269 1264 1268
f 1266 951 947
f 1270 951 1266
f 954 1271 955
f 955 1271 1272
f 1273 955 1272
f 956 955 1273
f 956 1274 957
f 1273 1274 956
f 959 957 1274
f 959 1274 1275
f 962 1276 1268
f 962 1268 950
f 1269 1268 1277
f 1268 1278 1277
f 1268 1276 1278
f 1278 1279 1277
f 1270 963 951
f 1280 963 1270
f 1282 1281 1271
f 954 1282 1271
f 967 1282 954
f 1271 1281 1272
f 1285 1284 1283
f 1275 1285 1283
f 969 1275 1283
f 959 1275 969
f 973 1286 1276
f 973 1276 962
f 1276 1287 1278
f 1276 1286 1287
f 1279 1278 1288
f 1288 1278 1287
f 1280 975 963
f 1289 975 1280
f 977 1290 978
f 1291 979 978
f 1291 978 1290
f 1292 980 979
f 1292 979 1291
f 1292 1293 980
f 1293 967 980
f 1293 1282 967
f 1296 1295 1294
f 1296 1294 1284
f 1294 1283 1284
f 1294 1297 1283
f 1297 982 969
f 1297 969 1283
f 988 1298 1286
f 988 1286 973
f 1286 1299 1287
f 1286 1298 1299
f 1288 1287 1300
f 1300 1287 1299
f 1302 990 1301
f 990 1289 1301
f 990 975 1289
f 1303 1302 1301
f 1305 1304 993
f 1305 993 992
f 977 993 1290
f 993 1306 1290
f 993 1304 1306
f 1290 1306 1291
f 1291 1306 1307
f 1291 1307 1292
f 1292 1307 1308
f 1308 1309 1292
f 1309 1310 1292
f 1311 1293 1292
f 1311 1292 1310
f 1311 1310 1295
f 1310 1294 1295
f 1310 1312 1294
f 1312 995 996
f 1297 1312 996
f 1294 1312 1297
f 1297 996 982
f 1003 1313 1298
f 1003 1298 988
f 1315 1299 1314
f 1299 1313 1314
f 1299 1298 1313
f 1299 1315 1300
f 1302 1004 990
f 1006 1004 1302
f 1303 1006 1302
f 1316 1006 1303
f 1318 1317 1007
f 1318 1007 1008
f 992 1007 1305
f 1305 1007 1317
f 1310 1309 1319
f 1319 1309 1320
f 1310 1321 1312
f 1310 1319 1321
f 1321 1010 995
f 1321 995 1312
f 1015 1322 1016
f 1323 1017 1016
f 1323 1016 1322
f 1313 1003 1017
f 1323 1313 1017
f 1324 1313 1323
f 1314 1313 1325
f 1325 1313 1324
f 1316 1326 1006
f 1006 1326 1018
f 1020 1018 1326
f 1020 1326 1327
f 1329 1328 1021
f 1329 1021 1022
f 1008 1021 1318
f 1318 1021 1328
f 1332 1331 1330
f 1332 1330 1320
f 1330 1319 1320
f 1330 1333 1319
f 1319 1334 1321
f 1319 1333 1334
f 1334 1024 1010
f 1334 1010 1321
f 1027 1335 1028
f 1336 1029 1028
f 1336 1028 1335
f 1322 1015 1029
f 1336 1322 1029
f 1337 1322 1336
f 1322 1338 1323
f 1322 1337 1338
f 1340 1324 1339
f 1324 1338 1339
f 1324 1323 1338
f 1324 1340 1325
f 1327 1341 1020
f 1020 1341 1030
f 1030 1342 1031
f 1341 1342 1030
f 1344 1343 1033
f 1031 1344 1033
f 1342 1344 1031
f 1346 1345 1343
f 1346 1343 1344
f 1347 1345 1346
f 1349 1348 1034
f 1349 1034 1035
f 1022 1034 1329
f 1329 1034 1348
f 1352 1351 1350
f 1352 1350 1331
f 1350 1330 1331
f 1350 1353 1330
f 1330 1354 1333
f 1330 1353 1354
f 1333 1355 1334
f 1333 1354 1355
f 1356 1036 1024
f 1334 1356 1024
f 1355 1356 1334
f 1357 1037 1036
f 1357 1036 1356
f 1358 1038 1037
f 1358 1037 1357
f 1335 1027 1038
f 1358 1335 1038
f 1359 1335 1358
f 1335 1360 1336
f 1335 1359 1360
f 1336 1361 1337
f 1336 1360 1361
f 1337 1362 1338
f 1337 1361 1362
f 1339 1338 1363
f 1363 1338 1362
f 1343 1039 1033
f 1039 1343 1040
f 1040 1343 1345
f 1042 1040 1345
f 1347 1042 1345
f 1364 1042 1347
f 1367 1366 1365
f 1045 1044 1365
f 1366 1045 1365
f 1368 1045 1366
f 1035 1045 1349
f 1349 1045 1368
f 1371 1370 1369
f 1373 1372 1369
f 1369 1372 1371
f 1372 1373 1351
f 1373 1350 1351
f 1373 1374 1350
f 1350 1375 1353
f 1350 1374 1375
f 1353 1376 1354
f 1353 1375 1376
f 1354 1377 1355
f 1354 1376 1377
f 1355 1378 1356
f 1355 1377 1378
f 1356 1379 1357
f 1356 1378 1379
f 1357 1380 1358
f 1357 1379 1380
f 1358 1381 1359
f 1358 1380 1381
f 1359 1382 1360
f 1359 1381 1382
f 1360 1383 1361
f 1360 1382 1383
f 1385 1362 1384
f 1362 1383 1384
f 1362 1361 1383
f 1362 1385 1363
f 1388 1387 1386
f 1390 1389 1386
f 1386 1389 1388
f 1390 1391 1389
f 1364 1047 1042
f 1392 1047 1364
f 1367 1365 1049
f 1048 1367 1049
f 1393 1367 1048
f 1049 1365 1044
f 1396 1395 1394
f 1396 1394 1370
f 1394 1369 1370
f 1394 1397 1369
f 1369 1398 1373
f 1369 1397 1398
f 1373 1399 1374
f 1373 1398 1399
f 1374 1400 1375
f 1374 1399 1400
f 1375 1401 1376
f 1375 1400 1401
f 1376 1402 1377
f 1376 1401 1402
f 1377 1403 1378
f 1377 1402 1403
f 1378 1404 1379
f 1378 1403 1404
f 1379 1405 1380
f 1379 1404 1405
f 1380 1406 1381
f 1380 1405 1406
f 1381 1407 1382
f 1381 1406 1407
f 1382 1408 1383
f 1382 1407 1408
f 1384 1383 1409
f 1409 1383 1408
f 1412 1411 1410
f 1412 1410 1387
f 1410 1386 1387
f 1410 1413 1386
f 1413 1051 1052
f 1390 1413 1052
f 1386 1413 1390
f 1415 1414 1053
f 1053 1414 1052
f 1414 1391 1052
f 1391 1390 1052
f 1392 1414 1415
f 1055 1392 1415
f 1047 1392 1055
f 1056 1393 1048
f 1056 1416 1393
f 1419 1418 1417
f 1419 1417 1395
f 1395 1417 1394
f 1417 1058 1394
f 1058 1059 1394
f 1394 1059 1060
f 1394 1060 1397
f 1397 1060 1062
f 1397 1062 1398
f 1398 1062 1064
f 1398 1064 1399
f 1399 1064 1066
f 1399 1066 1400
f 1400 1066 1068
f 1420 1400 1068
f 1401 1400 1420
f 1401 1421 1402
f 1401 1420 1421
f 1402 1422 1403
f 1402 1421 1422
f 1403 1423 1404
f 1403 1422 1423
f 1404 1424 1405
f 1404 1423 1424
f 1405 1425 1406
f 1405 1424 1425
f 1406 1426 1407
f 1406 1425 1426
f 1428 1408 1427
f 1408 1426 1427
f 1408 1407 1426
f 1408 1428 1409
f 1410 1411 1429
f 1429 1411 1430
f 1429 1070 1071
f 1413 1429 1071
f 1410 1429 1413
f 1413 1071 1051
f 1073 1431 1415
f 1073 1415 1053
f 1431 1075 1055
f 1431 1055 1415
f 1076 1416 1056
f 1076 1432 1416
f 1435 1434 1433
f 1435 1433 1418
f 1418 1433 1417
f 1433 1078 1417
f 1078 1079 1417
f 1417 1079 1058
f 1085 1420 1068
f 1420 1085 1087
f 1420 1087 1421
f 1421 1087 1089
f 1436 1421 1089
f 1422 1421 1436
f 1422 1437 1423
f 1422 1436 1437
f 1423 1438 1424
f 1423 1437 1438
f 1424 1439 1425
f 1424 1438 1439
f 1441 1426 1440
f 1426 1439 1440
f 1426 1425 1439
f 1426 1441 1427
f 1429 1430 1442
f 1442 1430 1443
f 1442 1091 1070
f 1442 1070 1429
f 1092 1444 1093
f 1444 1445 1093
f 1093 1445 1073
f 1445 1446 1073
f 1446 1431 1073
f 1431 1446 1075
f 1446 1094 1075
f 1446 1447 1094
f 1076 1094 1432
f 1432 1094 1447
f 1433 1434 1448
f 1448 1434 1449
f 1448 1096 1078
f 1448 1078 1433
f 1103 1450 1104
f 1436 1089 1104
f 1450 1436 1104
f 1451 1436 1450
f 1453 1437 1452
f 1437 1451 1452
f 1437 1436 1451
f 1437 1453 1438
f 1438 1453 1454
f 1438 1454 1439
f 1439 1454 1455
f 1439 1455 1440
f 1443 1456 1442
f 1442 1456 1091
f 1456 1105 1091
f 1456 1457 1105
f 1092 1105 1444
f 1105 1458 1444
f 1105 1457 1458
f 1444 1458 1445
f 1448 1449 1459
f 1459 1449 1460
f 1459 1107 1096
f 1459 1096 1448
f 1113 1461 1114
f 1461 1462 1114
f 1114 1462 1103
f 1462 1463 1103
f 1463 1450 1103
f 1450 1463 1451
f 1451 1463 1464
f 1451 1464 1452
f 1459 1460 1465
f 1465 1460 1466
f 1467 1115 1107
f 1459 1467 1107
f 1465 1467 1459
f 1467 1117 1115
f 1121 1468 1122
f 1468 1469 1122
f 1122 1469 1113
f 1469 1470 1113
f 1470 1461 1113
f 1461 1470 1462
f 1466 1471 1465
f 1473 1472 1471
f 1472 1465 1471
f 1472 1467 1465
f 1474 1123 1117
f 1467 1474 1117
f 1472 1474 1467
f 1475 1124 1123
f 1475 1123 1474
f 1476 1125 1124
f 1476 1124 1475
f 1125 1476 1477
f 1478 1125 1477
f 1126 1125 1478
f 1121 1126 1468
f 1126 1479 1468
f 1126 1478 1479
f 1468 1479 1469
f 1473 1480 1472
f 1472 1480 1474
f 1474 1480 1481
f 1474 1481 1475
f 1475 1481 1482
f 1475 1482 1476
f 1476 1482 1483
f 1476 1483 1477
f 1485 1484 1128
f 1128 1484 1127
f 1486 1128 1129
f 1486 1485 1128
f 1488 1486 1487
f 1486 1130 1487
f 1486 1129 1130
f 1131 1487 1130
f 1490 1489 1133
f 1133 1489 1132
f 1133 1127 1484
f 1133 1484 1490
f 1491 1488 1487
f 1491 1487 1131
f 1134 1491 1131
f 1492 1491 1134
f 1494 1492 1493
f 1492 1135 1493
f 1492 1134 1135
f 1136 1493 1135
f 1496 1495 1138
f 1138 1495 1137
f 1138 1132 1489
f 1138 1489 1496
f 1497 1494 1493
f 1497 1493 1136
f 1139 1497 1136
f 1498 1497 1139
f 1139 1140 1498
f 1498 1140 1499
f 1500 1142 1143
f 1144 1500 1143
f 1502 1501 1146
f 1146 1501 1145
f 1503 1146 1147
f 1503 1502 1146
f 1147 1148 1503
f 1503 1148 1504
f 1506 1505 1150
f 1150 1505 1149
f 1150 1137 1495
f 1150 1495 1506
f 1507 1499 1140
f 1507 1140 1151
f 1508 1151 1152
f 1508 1507 1151
f 1510 1508 1509
f 1508 1153 1509
f 1508 1152 1153
f 1154 1511 1153
f 1153 1511 1509
f 1511 1154 1512
f 1154 1513 1512
f 1154 1155 1513
f 1155 1142 1500
f 1514 1155 1500
f 1513 1155 1514
f 1514 1500 1144
f 1156 1514 1144
f 1515 1514 1156
f 1516 1156 1158
f 1516 1515 1156
f 1158 1145 1501
f 1158 1501 1516
f 1160 1504 1148
f 1160 1517 1504
f 1520 1519 1518
f 1162 1163 1518
f 1163 1520 1518
f 1163 1521 1520
f 1163 1149 1505
f 1163 1505 1521
f 1522 1510 1509
f 1522 1509 1511
f 1522 1511 1523
f 1523 1511 1512
f 1526 1525 1524
f 1528 1527 1524
f 1528 1524 1525
f 1528 1517 1527
f 1517 1166 1527
f 1517 1160 1166
f 1530 1529 1168
f 1168 1529 1167
f 1169 1518 1519
f 1530 1169 1519
f 1168 1169 1530
f 1518 1169 1162
f 1532 1531 1170
f 1532 1170 1171
f 1170 1533 1172
f 1531 1533 1170
f 1524 1173 1526
f 1173 1533 1526
f 1173 1172 1533
f 1173 1524 1174
f 1174 1524 1527
f 1174 1527 1166
f 1535 1534 1177
f 1177 1534 1176
f 1177 1167 1529
f 1177 1529 1535
f 1538 1537 1536
f 1537 1532 1536
f 1532 1179 1536
f 1532 1171 1179
f 1541 1540 1539
f 1534 1541 1539
f 1182 1534 1539
f 1176 1534 1182
f 1543 1542 1184
f 1543 1184 1185
f 1184 1544 1187
f 1542 1544 1184
f 1536 1188 1538
f 1188 1544 1538
f 1188 1187 1544
f 1188 1536 1179
f 1547 1546 1545
f 1190 1191 1545
f 1191 1547 1545
f 1191 1548 1547
f 1549 1191 1192
f 1549 1548 1191
f 1550 1192 1194
f 1550 1549 1192
f 1552 1551 1196
f 1551 1194 1196
f 1551 1550 1194
f 1554 1553 1552
f 1552 1553 1551
f 1554 1555 1553
f 1539 1540 1197
f 1540 1198 1197
f 1540 1556 1198
f 1539 1197 1182
f 1558 1557 1200
f 1558 1200 1201
f 1185 1200 1543
f 1543 1200 1557
f 1561 1560 1559
f 1563 1562 1559
f 1559 1562 1561
f 1562 1563 1546
f 1546 1563 1545
f 1563 1205 1545
f 1205 1206 1545
f 1545 1206 1190
f 1208 1552 1196
f 1552 1208 1210
f 1552 1210 1554
f 1210 1212 1554
f 1212 1555 1554
f 1212 1564 1555
f 1566 1565 1214
f 1214 1565 1213
f 1214 1198 1556
f 1214 1556 1566
f 1201 1215 1567
f 1568 1201 1567
f 1558 1201 1568
f 1216 1569 1215
f 1215 1569 1567
f 1217 1570 1216
f 1216 1570 1569
f 1219 1570 1217
f 1559 1560 1220
f 1560 1221 1220
f 1560 1571 1221
f 1559 1220 1223
f 1559 1223 1563
f 1563 1223 1205
f 1226 1573 1572
f 1564 1226 1572
f 1212 1226 1564
f 1575 1574 1573
f 1573 1574 1572
f 1575 1576 1574
f 1565 1228 1213
f 1577 1228 1565
f 1578 1568 1567
f 1578 1567 1569
f 1578 1569 1579
f 1579 1569 1570
f 1579 1570 1580
f 1580 1570 1219
f 1229 1580 1219
f 1581 1580 1229
f 1229 1221 1571
f 1229 1571 1581
f 1232 1582 1573
f 1232 1573 1226
f 1573 1583 1575
f 1573 1582 1583
f 1576 1575 1584
f 1584 1575 1583
f 1586 1585 1234
f 1234 1585 1233
f 1234 1228 1577
f 1234 1577 1586
f 1236 1587 1582
f 1236 1582 1232
f 1582 1588 1583
f 1582 1587 1588
f 1584 1583 1589
f 1589 1583 1588
f 1585 1237 1233
f 1590 1237 1585
f 1592 1591 1587
f 1236 1592 1587
f 1242 1592 1236
f 1594 1593 1591
f 1593 1587 1591
f 1593 1588 1587
f 1589 1588 1595
f 1595 1588 1593
f 1596 1243 1244
f 1597 1596 1244
f 1237 1597 1244
f 1590 1597 1237
f 1249 1598 1250
f 1599 1251 1250
f 1599 1250 1598
f 1599 1600 1251
f 1600 1242 1251
f 1600 1592 1242
f 1594 1601 1593
f 1593 1601 1595
f 1602 1252 1596
f 1596 1252 1243
f 1596 1597 1603
f 1596 1603 1602
f 1255 1604 1256
f 1605 1257 1256
f 1605 1256 1604
f 1606 1258 1257
f 1606 1257 1605
f 1606 1607 1258
f 1258 1607 1249
f 1607 1608 1249
f 1608 1598 1249
f 1598 1608 1599
f 1599 1608 1609
f 1599 1609 1600
f 1611 1610 1602
f 1610 1252 1602
f 1610 1259 1252
f 1611 1602 1603
f 1613 1612 1262
f 1613 1262 1261
f 1255 1262 1604
f 1262 1614 1604
f 1262 1612 1614
f 1604 1614 1605
f 1605 1614 1615
f 1605 1615 1606
f 1606 1615 1616
f 1606 1616 1607
f 1610 1263 1259
f 1617 1263 1610
f 1265 1613 1261
f 1265 1618 1613
f 1620 1619 1267
f 1267 1619 1266
f 1267 1263 1617
f 1267 1617 1620
f 1269 1618 1265
f 1269 1621 1618
f 1619 1270 1266
f 1622 1270 1619
f 1272 1623 1273
f 1624 1274 1273
f 1624 1273 1623
f 1624 1275 1274
f 1269 1277 1625
f 1626 1269 1625
f 1621 1269 1626
f 1279 1625 1277
f 1622 1280 1270
f 1627 1280 1622
f 1282 1628 1281
f 1623 1272 1281
f 1628 1623 1281
f 1629 1623 1628
f 1629 1284 1285
f 1624 1629 1285
f 1623 1629 1624
f 1624 1285 1275
f 1630 1626 1625
f 1625 1279 1630
f 1279 1631 1630
f 1279 1288 1631
f 1633 1289 1632
f 1289 1627 1632
f 1289 1280 1627
f 1634 1633 1632
f 1293 1635 1628
f 1293 1628 1282
f 1635 1295 1296
f 1629 1635 1296
f 1628 1635 1629
f 1629 1296 1284
f 1300 1631 1288
f 1300 1636 1631
f 1633 1301 1289
f 1303 1301 1633
f 1634 1303 1633
f 1637 1303 1634
f 1305 1638 1304
f 1304 1638 1639
f 1640 1304 1639
f 1306 1304 1640
f 1306 1641 1307
f 1640 1641 1306
f 1641 1643 1642
f 1308 1641 1642
f 1307 1641 1308
f 1311 1635 1293
f 1309 1308 1642
f 1635 1311 1295
f 1645 1644 1315
f 1645 1315 1314
f 1300 1315 1636
f 1636 1315 1644
f 1647 1316 1646
f 1316 1637 1646
f 1316 1303 1637
f 1648 1647 1646
f 1318 1649 1317
f 1638 1305 1317
f 1649 1638 1317
f 1650 1638 1649
f 1639 1638 1651
f 1651 1638 1650
f 1654 1653 1652
f 1654 1652 1643
f 1652 1642 1643
f 1652 1655 1642
f 1655 1320 1309
f 1655 1309 1642
f 1325 1645 1314
f 1325 1656 1645
f 1647 1326 1316
f 1658 1657 1327
f 1658 1327 1326
f 1648 1658 1326
f 1647 1648 1326
f 1660 1659 1657
f 1660 1657 1658
f 1661 1659 1660
f 1329 1662 1328
f 1649 1318 1328
f 1662 1649 1328
f 1663 1649 1662
f 1649 1664 1650
f 1649 1663 1664
f 1651 1650 1665
f 1650 1666 1665
f 1650 1664 1666
f 1665 1666 1653
f 1666 1652 1653
f 1666 1667 1652
f 1667 1331 1332
f 1655 1667 1332
f 1652 1667 1655
f 1655 1332 1320
f 1339 1668 1340
f 1668 1669 1340
f 1669 1325 1340
f 1669 1656 1325
f 1657 1341 1327
f 1341 1657 1342
f 1342 1657 1659
f 1661 1670 1659
f 1670 1342 1659
f 1670 1344 1342
f 1344 1671 1346
f 1670 1671 1344
f 1347 1346 1671
f 1347 1671 1672
f 1675 1674 1673
f 1676 1673 1674
f 1678 1677 1348
f 1678 1348 1349
f 1329 1348 1662
f 1348 1679 1662
f 1348 1677 1679
f 1681 1680 1679
f 1680 1662 1679
f 1680 1663 1662
f 1663 1682 1664
f 1663 1680 1682
f 1664 1683 1666
f 1664 1682 1683
f 1683 1351 1352
f 1667 1683 1352
f 1666 1683 1667
f 1667 1352 1331
f 1685 1684 1668
f 1339 1685 1668
f 1363 1685 1339
f 1668 1684 1669
f 1688 1687 1686
f 1690 1689 1686
f 1686 1689 1688
f 1690 1691 1689
f 1672 1364 1347
f 1692 1364 1672
f 1675 1673 1366
f 1367 1675 1366
f 1693 1675 1367
f 1676 1694 1673
f 1694 1366 1673
f 1694 1368 1366
f 1349 1368 1678
f 1678 1368 1694
f 1680 1681 1695
f 1695 1681 1696
f 1695 1370 1371
f 1682 1695 1371
f 1680 1695 1682
f 1682 1371 1372
f 1682 1372 1683
f 1683 1372 1351
f 1384 1697 1385
f 1697 1698 1385
f 1698 1363 1385
f 1698 1685 1363
f 1701 1700 1699
f 1701 1699 1687
f 1687 1699 1686
f 1699 1387 1686
f 1387 1388 1686
f 1686 1388 1389
f 1686 1389 1690
f 1703 1702 1391
f 1391 1702 1389
f 1702 1691 1389
f 1691 1690 1389
f 1692 1702 1703
f 1392 1692 1703
f 1364 1692 1392
f 1393 1693 1367
f 1393 1704 1693
f 1707 1706 1705
f 1707 1705 1696
f 1696 1705 1695
f 1705 1395 1695
f 1395 1396 1695
f 1695 1396 1370
f 1709 1708 1697
f 1384 1709 1697
f 1409 1709 1384
f 1697 1708 1698
f 1712 1711 1710
f 1712 1710 1700
f 1700 1710 1699
f 1710 1411 1699
f 1411 1412 1699
f 1699 1412 1387
f 1414 1703 1391
f 1392 1703 1414
f 1715 1714 1713
f 1715 1704 1714
f 1704 1416 1714
f 1704 1393 1416
f 1705 1706 1419
f 1706 1418 1419
f 1706 1716 1418
f 1705 1419 1395
f 1427 1717 1428
f 1717 1718 1428
f 1718 1409 1428
f 1718 1709 1409
f 1710 1711 1719
f 1719 1711 1720
f 1719 1430 1411
f 1719 1411 1710
f 1723 1722 1721
f 1721 1722 1713
f 1714 1721 1713
f 1724 1721 1714
f 1432 1724 1416
f 1416 1724 1714
f 1726 1725 1435
f 1435 1725 1434
f 1435 1418 1716
f 1435 1716 1726
f 1440 1727 1441
f 1727 1728 1441
f 1441 1728 1427
f 1728 1729 1427
f 1729 1717 1427
f 1717 1729 1718
f 1732 1731 1730
f 1732 1730 1720
f 1730 1719 1720
f 1730 1733 1719
f 1733 1443 1430
f 1733 1430 1719
f 1723 1721 1446
f 1445 1723 1446
f 1734 1723 1445
f 1446 1721 1447
f 1447 1721 1724
f 1447 1724 1432
f 1725 1449 1434
f 1735 1449 1725
f 1737 1736 1453
f 1737 1453 1452
f 1736 1739 1738
f 1454 1736 1738
f 1453 1736 1454
f 1740 1455 1454
f 1740 1454 1738
f 1740 1741 1455
f 1455 1741 1440
f 1741 1742 1440
f 1742 1727 1440
f 1727 1742 1728
f 1731 1743 1730
f 1745 1744 1743
f 1744 1730 1743
f 1744 1733 1730
f 1746 1456 1443
f 1733 1746 1443
f 1744 1746 1733
f 1456 1746 1747
f 1748 1456 1747
f 1457 1456 1748
f 1457 1749 1458
f 1748 1749 1457
f 1445 1458 1734
f 1734 1458 1749
f 1735 1460 1449
f 1750 1460 1735
f 1752 1751 1463
f 1752 1463 1462
f 1463 1753 1464
f 1751 1753 1463
f 1452 1464 1737
f 1737 1464 1753
f 1739 1754 1738
f 1738 1754 1740
f 1740 1754 1755
f 1740 1755 1741
f 1745 1756 1744
f 1744 1756 1746
f 1746 1756 1757
f 1746 1757 1747
f 1750 1466 1460
f 1758 1466 1750
f 1760 1759 1470
f 1760 1470 1469
f 1462 1470 1752
f 1752 1470 1759
f 1471 1466 1761
f 1466 1762 1761
f 1466 1758 1762
f 1761 1473 1471
f 1764 1763 1478
f 1764 1478 1477
f 1478 1765 1479
f 1763 1765 1478
f 1469 1479 1760
f 1760 1479 1765
f 1762 1766 1761
f 1761 1766 1473
f 1766 1480 1473
f 1766 1767 1480
f 1480 1768 1481
f 1767 1768 1480
f 1481 1769 1482
f 1768 1769 1481
f 1482 1770 1483
f 1769 1770 1482
f 1477 1483 1764
f 1764 1483 1770
f 1771 1484 1485
f 1486 1772 1485
f 1485 1772 1771
f 1488 1772 1486
f 1774 1773 1490
f 1490 1773 1489
f 1490 1484 1771
f 1775 1490 1771
f 1774 1490 1775
f 1775 1771 1772
f 1775 1772 1776
f 1776 1772 1488
f 1491 1776 1488
f 1777 1776 1491
f 1778 1491 1492
f 1778 1777 1491
f 1492 1494 1778
f 1778 1494 1779
f 1781 1780 1496
f 1496 1780 1495
f 1496 1489 1773
f 1496 1773 1781
f 1782 1779 1494
f 1782 1494 1497
f 1784 1782 1783
f 1782 1498 1783
f 1782 1497 1498
f 1499 1783 1498
f 1786 1785 1502
f 1502 1785 1501
f 1787 1502 1503
f 1787 1786 1502
f 1503 1504 1787
f 1787 1504 1788
f 1791 1790 1789
f 1505 1506 1789
f 1506 1791 1789
f 1506 1792 1791
f 1506 1495 1780
f 1506 1780 1792
f 1793 1784 1783
f 1793 1783 1499
f 1507 1793 1499
f 1794 1793 1507
f 1795 1507 1508
f 1795 1794 1507
f 1508 1510 1795
f 1795 1510 1796
f 1797 1512 1513
f 1797 1513 1798
f 1513 1799 1798
f 1513 1514 1799
f 1801 1799 1800
f 1799 1515 1800
f 1799 1514 1515
f 1516 1802 1515
f 1515 1802 1800
f 1803 1802 1516
f 1501 1803 1516
f 1785 1803 1501
f 1517 1788 1504
f 1517 1804 1788
f 1806 1805 1520
f 1520 1805 1519
f 1521 1789 1790
f 1806 1521 1790
f 1520 1521 1806
f 1789 1521 1505
f 1807 1796 1510
f 1807 1510 1522
f 1808 1522 1523
f 1808 1807 1522
f 1523 1512 1797
f 1809 1523 1797
f 1808 1523 1809
f 1809 1797 1798
f 1801 1800 1810
f 1801 1810 1811
f 1812 1800 1802
f 1810 1800 1812
f 1813 1525 1526
f 1802 1813 1526
f 1812 1802 1526
f 1813 1802 1803
f 1525 1814 1528
f 1813 1814 1525
f 1517 1528 1804
f 1804 1528 1814
f 1816 1815 1530
f 1530 1815 1529
f 1530 1519 1805
f 1530 1805 1816
f 1811 1810 1531
f 1532 1811 1531
f 1817 1811 1532
f 1531 1810 1533
f 1533 1810 1812
f 1533 1812 1526
f 1819 1818 1535
f 1535 1818 1534
f 1535 1529 1815
f 1535 1815 1819
f 1822 1821 1820
f 1537 1538 1820
f 1821 1537 1820
f 1823 1537 1821
f 1532 1537 1817
f 1817 1537 1823
f 1826 1825 1824
f 1828 1827 1824
f 1824 1827 1826
f 1828 1829 1827
f 1831 1830 1541
f 1541 1830 1540
f 1541 1534 1818
f 1541 1818 1831
f 1834 1833 1832
f 1542 1543 1832
f 1833 1542 1832
f 1835 1542 1833
f 1820 1544 1822
f 1544 1835 1822
f 1544 1542 1835
f 1544 1820 1538
f 1838 1837 1836
f 1546 1547 1836
f 1547 1838 1836
f 1547 1839 1838
f 1548 1824 1825
f 1839 1548 1825
f 1547 1548 1839
f 1824 1548 1549
f 1824 1549 1828
f 1840 1829 1828
f 1549 1840 1828
f 1550 1840 1549
f 1841 1550 1551
f 1841 1840 1550
f 1842 1551 1553
f 1842 1841 1551
f 1844 1843 1555
f 1843 1553 1555
f 1843 1842 1553
f 1844 1845 1843
f 1830 1556 1540
f 1846 1556 1830
f 1849 1848 1847
f 1847 1848 1834
f 1847 1834 1832
f 1558 1847 1832
f 1557 1558 1832
f 1557 1832 1543
f 1852 1851 1850
f 1560 1561 1850
f 1561 1852 1850
f 1561 1853 1852
f 1562 1836 1837
f 1853 1562 1837
f 1561 1562 1853
f 1836 1562 1546
f 1564 1854 1844
f 1564 1844 1555
f 1845 1844 1855
f 1844 1856 1855
f 1844 1854 1856
f 1856 1857 1855
f 1859 1858 1566
f 1566 1858 1565
f 1566 1556 1846
f 1566 1846 1859
f 1860 1849 1847
f 1847 1558 1860
f 1558 1861 1860
f 1558 1568 1861
f 1864 1863 1862
f 1864 1862 1851
f 1862 1850 1851
f 1862 1865 1850
f 1865 1571 1560
f 1865 1560 1850
f 1572 1854 1564
f 1854 1572 1574
f 1854 1574 1856
f 1574 1576 1856
f 1576 1857 1856
f 1576 1866 1857
f 1858 1577 1565
f 1867 1577 1858
f 1868 1861 1568
f 1868 1568 1578
f 1869 1578 1579
f 1869 1868 1578
f 1580 1862 1863
f 1869 1580 1863
f 1579 1580 1869
f 1862 1580 1581
f 1862 1581 1865
f 1865 1581 1571
f 1584 1871 1870
f 1866 1584 1870
f 1576 1584 1866
f 1871 1872 1870
f 1873 1585 1586
f 1874 1873 1586
f 1577 1874 1586
f 1867 1874 1577
f 1589 1875 1871
f 1589 1871 1584
f 1872 1871 1876
f 1871 1877 1876
f 1871 1875 1877
f 1877 1878 1876
f 1879 1590 1873
f 1873 1590 1585
f 1873 1874 1880
f 1873 1880 1879
f 1592 1881 1591
f 1881 1594 1591
f 1595 1882 1875
f 1595 1875 1589
f 1875 1883 1877
f 1875 1882 1883
f 1878 1877 1884
f 1884 1877 1883
f 1886 1885 1879
f 1885 1590 1879
f 1885 1597 1590
f 1886 1879 1880
f 1888 1887 1881
f 1592 1888 1881
f 1600 1888 1592
f 1887 1890 1889
f 1887 1889 1601
f 1881 1887 1601
f 1594 1881 1601
f 1889 1891 1601
f 1601 1891 1595
f 1891 1892 1595
f 1892 1882 1595
f 1882 1892 1883
f 1883 1892 1893
f 1883 1893 1884
f 1885 1603 1597
f 1894 1603 1885
f 1607 1895 1608
f 1896 1609 1608
f 1896 1608 1895
f 1896 1897 1609
f 1897 1600 1609
f 1897 1888 1600
f 1890 1898 1889
f 1889 1898 1891
f 1899 1610 1611
f 1603 1894 1900
f 1899 1603 1900
f 1901 1899 1900
f 1611 1603 1899
f 1902 1901 1900
f 1904 1903 1612
f 1904 1612 1613
f 1612 1905 1614
f 1903 1905 1612
f 1614 1906 1615
f 1905 1906 1614
f 1615 1907 1616
f 1906 1907 1615
f 1607 1616 1895
f 1616 1908 1895
f 1616 1907 1908
f 1895 1908 1896
f 1896 1908 1909
f 1896 1909 1897
f 1910 1617 1899
f 1899 1617 1610
f 1901 1912 1911
f 1910 1901 1911
f 1899 1901 1910
f 1912 1901 1902
f 1618 1904 1613
f 1618 1913 1904
f 1914 1619 1620
f 1915 1914 1620
f 1915 1620 1617
f 1916 1915 1617
f 1910 1916 1617
f 1916 1910 1911
f 1621 1913 1618
f 1621 1917 1913
f 1918 1622 1914
f 1914 1622 1619
f 1914 1915 1919
f 1914 1919 1918
f 1626 1917 1621
f 1626 1920 1917
f 1921 1627 1918
f 1918 1627 1622
f 1918 1919 1922
f 1923 1918 1922
f 1921 1918 1923
f 1924 1923 1922
f 1626 1630 1925
f 1926 1626 1925
f 1920 1626 1926
f 1631 1925 1630
f 1921 1632 1627
f 1632 1921 1634
f 1921 1927 1634
f 1921 1923 1927
f 1923 1924 1928
f 1923 1928 1927
f 1926 1925 1929
f 1926 1929 1930
f 1636 1929 1631
f 1631 1929 1925
f 1931 1637 1927
f 1927 1637 1634
f 1927 1928 1932
f 1927 1932 1931
f 1639 1933 1640
f 1934 1641 1640
f 1934 1640 1933
f 1934 1643 1641
f 1930 1929 1644
f 1645 1930 1644
f 1935 1930 1645
f 1644 1929 1636
f 1931 1646 1637
f 1937 1936 1648
f 1937 1648 1646
f 1932 1937 1646
f 1931 1932 1646
f 1938 1936 1937
f 1651 1939 1933
f 1651 1933 1639
f 1939 1653 1654
f 1934 1939 1654
f 1933 1939 1934
f 1934 1654 1643
f 1942 1941 1940
f 1941 1935 1940
f 1935 1656 1940
f 1935 1645 1656
f 1936 1658 1648
f 1938 1943 1936
f 1943 1658 1936
f 1943 1660 1658
f 1945 1944 1661
f 1660 1945 1661
f 1943 1945 1660
f 1947 1946 1944
f 1947 1944 1945
f 1948 1946 1947
f 1665 1939 1651
f 1939 1665 1653
f 1942 1940 1949
f 1942 1949 1950
f 1669 1949 1656
f 1656 1949 1940
f 1944 1670 1661
f 1670 1944 1671
f 1671 1944 1946
f 1672 1671 1946
f 1948 1672 1946
f 1951 1672 1948
f 1953 1952 1674
f 1953 1674 1675
f 1676 1674 1952
f 1676 1952 1954
f 1956 1955 1677
f 1956 1677 1678
f 1677 1957 1679
f 1955 1957 1677
f 1681 1679 1957
f 1681 1957 1958
f 1950 1949 1684
f 1685 1950 1684
f 1959 1950 1685
f 1684 1949 1669
f 1962 1961 1960
f 1687 1688 1960
f 1688 1962 1960
f 1688 1963 1962
f 1964 1688 1689
f 1964 1963 1688
f 1966 1965 1691
f 1965 1689 1691
f 1965 1964 1689
f 1951 1965 1966
f 1692 1951 1966
f 1672 1951 1692
f 1693 1953 1675
f 1693 1967 1953
f 1954 1968 1676
f 1676 1968 1694
f 1678 1694 1956
f 1956 1694 1968
f 1958 1696 1681
f 1969 1696 1958
f 1972 1971 1970
f 1971 1959 1970
f 1959 1698 1970
f 1959 1685 1698
f 1975 1974 1973
f 1975 1973 1961
f 1961 1973 1960
f 1973 1700 1960
f 1700 1701 1960
f 1960 1701 1687
f 1966 1691 1702
f 1978 1977 1976
f 1966 1702 1692
f 1980 1978 1979
f 1978 1980 1977
f 1979 1967 1980
f 1967 1704 1980
f 1967 1693 1704
f 1981 1706 1707
f 1982 1981 1707
f 1696 1982 1707
f 1969 1982 1696
f 1972 1970 1708
f 1709 1972 1708
f 1983 1972 1709
f 1708 1970 1698
f 1973 1974 1712
f 1974 1711 1712
f 1974 1984 1711
f 1973 1712 1700
f 1976 1977 1985
f 1976 1985 1986
f 1713 1985 1715
f 1985 1980 1715
f 1985 1977 1980
f 1715 1980 1704
f 1988 1987 1981
f 1987 1706 1981
f 1987 1716 1706
f 1988 1981 1982
f 1718 1983 1709
f 1718 1989 1983
f 1992 1991 1990
f 1984 1992 1990
f 1720 1984 1990
f 1711 1984 1720
f 1995 1994 1993
f 1993 1994 1986
f 1993 1986 1985
f 1723 1993 1985
f 1722 1723 1985
f 1722 1985 1713
f 1997 1996 1726
f 1726 1996 1725
f 1726 1716 1987
f 1726 1987 1997
f 1728 1998 1729
f 1998 1999 1729
f 1999 1718 1729
f 1999 1989 1718
f 1990 1991 1732
f 1991 1731 1732
f 1991 2000 1731
f 1990 1732 1720
f 1995 1993 2001
f 1995 2001 2002
f 1734 2001 1723
f 1723 2001 1993
f 1996 1735 1725
f 2003 1735 1996
f 2006 2005 2004
f 2008 2007 2004
f 2008 2004 2005
f 1736 1737 2007
f 2008 1736 2007
f 2009 1736 2008
f 1739 1736 2009
f 1739 2009 2010
f 1741 2011 1742
f 2011 2012 1742
f 1742 2012 1728
f 2012 2013 1728
f 2013 1998 1728
f 1998 2013 1999
f 1743 1731 2014
f 1731 2015 2014
f 1731 2000 2015
f 2014 1745 1743
f 2017 2016 1748
f 2017 1748 1747
f 2001 1749 2002
f 1749 2016 2002
f 1749 1748 2016
f 1749 2001 1734
f 2003 1750 1735
f 2018 1750 2003
f 2006 2004 1751
f 1752 2006 1751
f 2019 2006 1752
f 1751 2004 1753
f 1753 2004 2007
f 1753 2007 1737
f 2010 2020 1739
f 1739 2020 1754
f 1754 2021 1755
f 2020 2021 1754
f 1741 1755 2011
f 1755 2022 2011
f 1755 2021 2022
f 2011 2022 2012
f 2015 2023 2014
f 2014 2023 1745
f 2023 1756 1745
f 2023 2024 1756
f 1756 2025 1757
f 2024 2025 1756
f 1747 1757 2017
f 2017 1757 2025
f 2018 1758 1750
f 2026 1758 2018
f 2029 2028 2027
f 1759 1760 2027
f 2028 1759 2027
f 2030 1759 2028
f 1752 1759 2019
f 2019 1759 2030
f 2032 1762 2031
f 1762 2026 2031
f 1762 1758 2026
f 2033 2032 2031
f 2036 2035 2034
f 1763 1764 2034
f 2035 1763 2034
f 2037 1763 2035
f 2027 1765 2029
f 1765 2037 2029
f 1765 1763 2037
f 1765 2027 1760
f 2032 1766 1762
f 2033 2038 2032
f 2038 1766 2032
f 2038 1767 1766
f 1767 2039 1768
f 2038 2039 1767
f 1768 2040 1769
f 2039 2040 1768
f 2034 1770 2036
f 1770 2040 2036
f 1770 1769 2040
f 1770 2034 1764
f 2041 1773 1774
f 2041 1774 2042
f 1774 2043 2042
f 1774 1775 2043
f 2044 1775 1776
f 2044 2043 1775
f 2045 1776 1777
f 2045 2044 1776
f 2047 2045 2046
f 2045 1778 2046
f 2045 1777 1778
f 1779 2046 1778
f 2049 2048 1781
f 1781 2048 1780
f 1781 1773 2041
f 2050 1781 2041
f 2049 1781 2050
f 2050 2041 2042
f 2051 2047 2046
f 2051 2046 1779
f 1782 2051 1779
f 2052 2051 1782
f 2054 2053 1784
f 2053 1782 1784
f 2053 2052 1782
f 2054 2055 2053
f 2056 1785 1786
f 1787 2057 1786
f 1786 2057 2056
f 1788 2057 1787
f 2059 2058 1791
f 1791 2058 1790
f 2060 1791 1792
f 2060 2059 1791
f 1792 1780 2048
f 1792 2048 2060
f 1793 2054 1784
f 2061 2055 2054
f 1793 2061 2054
f 1794 2061 1793
f 2062 1794 1795
f 2062 2061 1794
f 2064 2063 1796
f 2063 1795 1796
f 2063 2062 1795
f 2064 2065 2063
f 2067 2066 1799
f 1799 2066 1798
f 1799 1801 2067
f 2067 1801 2068
f 2069 1803 2056
f 2056 1803 1785
f 2070 2056 2057
f 2069 2056 2070
f 1804 2070 1788
f 1788 2070 2057
f 2072 2071 1806
f 1806 2071 1805
f 1806 1790 2058
f 1806 2058 2072
f 1807 2064 1796
f 2073 2065 2064
f 1807 2073 2064
f 1808 2073 1807
f 2075 2073 2074
f 2073 1809 2074
f 2073 1808 1809
f 2076 2074 1809
f 1798 2076 1809
f 2066 2076 1798
f 1811 2068 1801
f 1811 2077 2068
f 2069 1813 1803
f 1813 2069 1814
f 1814 2069 2070
f 1814 2070 1804
f 2079 2078 1816
f 1816 2078 1815
f 1816 1805 2071
f 1816 2071 2079
f 2075 2074 2080
f 2075 2080 2081
f 2074 2076 2082
f 2083 2074 2082
f 2080 2074 2083
f 2082 2077 2083
f 2077 1817 2083
f 2077 1811 1817
f 2085 2084 1819
f 1819 2084 1818
f 1819 1815 2078
f 1819 2078 2085
f 2088 2087 2086
f 2086 2087 2081
f 2086 2081 2080
f 1822 2086 2080
f 1821 1822 2080
f 1821 2080 1823
f 1823 2080 2083
f 1823 2083 1817
f 2091 2090 2089
f 2093 2092 2089
f 2089 2092 2091
f 1825 1826 2093
f 1826 2092 2093
f 1826 2094 2092
f 2095 1826 1827
f 2095 2094 1826
f 2097 2096 1829
f 2096 1827 1829
f 2096 2095 1827
f 2097 2098 2096
f 2101 2100 2099
f 2099 2102 2101
f 2104 2103 1831
f 1831 2103 1830
f 1831 1818 2084
f 1831 2084 2104
f 2106 2105 1833
f 2106 1833 1834
f 2086 1835 2088
f 1835 2105 2088
f 1835 1833 2105
f 1835 2086 1822
f 2109 2108 2107
f 2111 2110 2107
f 2107 2110 2109
f 2110 2111 2090
f 2090 2111 2089
f 2111 1837 2089
f 1837 1838 2089
f 2089 1838 1839
f 2089 1839 2093
f 2093 1839 1825
f 1840 2097 1829
f 2112 2098 2097
f 1840 2112 2097
f 1841 2112 1840
f 2113 1841 1842
f 2113 2112 1841
f 1843 2099 2100
f 2113 1843 2100
f 1842 1843 2113
f 1843 1845 2099
f 1845 2102 2099
f 1845 2114 2102
f 2103 1846 1830
f 2115 1846 2103
f 2117 2116 1848
f 2117 1848 1849
f 1834 1848 2106
f 2106 1848 2116
f 2120 2119 2118
f 2120 2118 2108
f 2108 2118 2107
f 2118 1851 2107
f 1851 1852 2107
f 2107 1852 1853
f 2107 1853 2111
f 2111 1853 1837
f 2121 2114 1845
f 2121 1845 1855
f 1855 1857 2121
f 2121 1857 2122
f 2123 1858 1859
f 2124 2123 1859
f 1846 2124 1859
f 2115 2124 1846
f 1849 1860 2125
f 2126 1849 2125
f 2117 1849 2126
f 1861 2125 1860
f 2129 2128 2127
f 2129 2127 2119
f 2119 2127 2118
f 2127 1863 2118
f 1863 1864 2118
f 2118 1864 1851
f 1866 2131 2130
f 2122 1866 2130
f 1857 1866 2122
f 2131 2132 2130
f 2133 1867 2123
f 2123 1867 1858
f 2123 2124 2134
f 2123 2134 2133
f 2135 2126 2125
f 2135 2125 1861
f 1868 2135 1861
f 2136 2135 1868
f 1869 2127 2128
f 2136 1869 2128
f 1868 1869 2136
f 2127 1869 1863
f 1870 2131 1866
f 2138 2137 1872
f 1872 2137 1870
f 2137 2132 1870
f 2132 2131 1870
f 2138 2139 2137
f 2141 2140 2133
f 2140 1867 2133
f 2140 1874 1867
f 2141 2133 2134
f 1876 2138 1872
f 1876 1878 2138
f 1878 2139 2138
f 1878 2142 2139
f 2140 1880 1874
f 2143 1880 2140
f 1884 2142 1878
f 1884 2144 2142
f 2145 1885 1886
f 2146 2145 1886
f 1880 2146 1886
f 2143 2146 1880
f 1888 2147 1887
f 2147 1890 1887
f 1891 2148 1892
f 2149 1893 1892
f 2149 1892 2148
f 2149 2150 1893
f 2150 1884 1893
f 2150 2144 1884
f 2151 1894 2145
f 2145 1894 1885
f 2145 2146 2152
f 2153 2145 2152
f 2151 2145 2153
f 2154 2153 2152
f 2156 2155 2147
f 1888 2156 2147
f 1897 2156 1888
f 2155 2158 2157
f 2155 2157 1898
f 2147 2155 1898
f 1890 2147 1898
f 2157 2159 1898
f 1898 2159 1891
f 2159 2160 1891
f 2160 2148 1891
f 2148 2160 2149
f 2149 2160 2161
f 2149 2161 2150
f 2151 1900 1894
f 2151 2153 2162
f 1902 2151 2162
f 2163 1902 2162
f 2151 1902 1900
f 2162 2153 2154
f 2165 2164 1903
f 2165 1903 1904
f 1903 2166 1905
f 2164 2166 1903
f 1905 2167 1906
f 2166 2167 1905
f 1906 2168 1907
f 2167 2168 1906
f 1907 2169 1908
f 2168 2169 1907
f 1908 2170 1909
f 2169 2170 1908
f 1897 1909 2156
f 2156 1909 2170
f 2158 2171 2157
f 2157 2171 2159
f 2172 1911 1912
f 2173 2172 1912
f 1902 2173 1912
f 2163 2173 1902
f 1913 2165 1904
f 1913 2174 2165
f 2175 1915 1916
f 1911 2172 1916
f 2172 2175 1916
f 2172 2176 2175
f 2172 2173 2177
f 2172 2177 2176
f 2180 2179 2178
f 2179 2174 2178
f 2174 1917 2178
f 2174 1913 1917
f 2181 1919 2175
f 2175 1919 1915
f 2176 2183 2182
f 2181 2176 2182
f 2175 2176 2181
f 2183 2176 2177
f 2180 2178 2184
f 2180 2184 2185
f 1920 2184 1917
f 1917 2184 2178
f 2181 1922 1919
f 1924 1922 2181
f 2182 1924 2181
f 2186 1924 2182
f 2185 2184 2187
f 2185 2187 2188
f 1926 2187 1920
f 1920 2187 2184
f 2191 2190 2189
f 2186 2191 2189
f 1928 2186 2189
f 1924 2186 1928
f 2194 2193 2192
f 2192 2193 2188
f 2187 2192 2188
f 2195 2192 2187
f 1930 2195 1926
f 1926 2195 2187
f 2189 2190 2196
f 2196 2190 2197
f 2200 2199 2198
f 2189 1932 1928
f 1932 2189 2196
f 2202 2201 2200
f 2202 2200 2198
f 2203 2201 2202
f 2194 2192 2204
f 2194 2204 2205
f 2206 2192 2195
f 2204 2192 2206
f 1935 2206 1930
f 1930 2206 2195
f 2196 2197 2207
f 2207 2197 2208
f 2199 2200 2209
f 1937 2209 2200
f 2209 1937 2207
f 1932 2207 1937
f 2207 1932 2196
f 1937 2200 1938
f 2200 2210 1938
f 2200 2201 2210
f 2201 2203 2211
f 2212 2201 2211
f 2210 2201 2212
f 2214 2213 2212
f 2214 2212 2211
f 2216 2215 2213
f 2216 2213 2214
f 2217 2215 2216
f 2205 2204 2218
f 2205 2218 2219
f 1942 2218 1941
f 2218 2206 1941
f 2218 2204 2206
f 1941 2206 1935
f 2207 2208 2220
f 2220 2208 2221
f 2209 2207 2222
f 2222 2207 2220
f 2210 1943 1938
f 1943 2210 1945
f 1945 2210 2212
f 1945 2212 1947
f 1947 2212 2213
f 2213 2215 2223
f 1948 2213 2223
f 2224 1948 2223
f 2213 1948 1947
f 2227 2226 2225
f 2217 2223 2215
f 2228 2226 2227
f 2219 2218 2229
f 2219 2229 2230
f 1950 2229 1942
f 1942 2229 2218
f 2220 2221 2231
f 2231 2221 2232
f 2222 2220 2233
f 2220 2234 2233
f 2220 2231 2234
f 2236 2235 2234
f 2234 2235 2233
f 2238 2237 2236
f 2236 2237 2235
f 2240 2239 2238
f 2238 2239 2237
f 2224 2239 2240
f 1951 2224 2240
f 1948 2224 1951
f 2225 2226 1952
f 1953 2225 1952
f 2241 2225 1953
f 2243 2242 1954
f 2243 1954 1952
f 2228 2243 1952
f 2226 2228 1952
f 1955 1956 2242
f 2243 1955 2242
f 2244 1955 2243
f 1955 2245 1957
f 2244 2245 1955
f 1958 1957 2245
f 1958 2245 2246
f 2230 2229 2247
f 2230 2247 2248
f 1959 2247 1950
f 1950 2247 2229
f 2231 2232 2249
f 2249 2232 2250
f 2249 1961 1962
f 2234 2249 1962
f 2231 2249 2234
f 2234 1962 1963
f 2234 1963 2236
f 2236 1963 1964
f 2236 1964 2238
f 2238 1964 1965
f 2238 1965 2240
f 2240 1965 1951
f 1967 2241 1953
f 1967 2251 2241
f 2242 1968 1954
f 1968 2242 1956
f 2246 1969 1958
f 2252 1969 2246
f 2248 2247 1971
f 1972 2248 1971
f 2253 2248 1972
f 1971 2247 1959
f 2256 2255 2254
f 2256 2254 2250
f 2250 2254 2249
f 2254 1974 2249
f 1974 1975 2249
f 2249 1975 1961
f 2258 2257 1978
f 2258 1978 1976
f 1978 2259 1979
f 2257 2259 1978
f 1967 1979 2251
f 2251 1979 2259
f 2252 1982 1969
f 2260 1982 2252
f 1983 2253 1972
f 1983 2261 2253
f 2254 2255 2262
f 2262 2255 2263
f 2262 1984 1974
f 2262 1974 2254
f 2266 2265 2264
f 2265 2258 2264
f 2258 1986 2264
f 2258 1976 1986
f 2268 2267 1988
f 1988 2267 1987
f 1988 1982 2260
f 1988 2260 2268
f 1989 2261 1983
f 1989 2269 2261
f 2262 2263 1992
f 2263 1991 1992
f 2263 2270 1991
f 2262 1992 1984
f 2273 2272 2271
f 2271 2272 2266
f 2271 2266 2264
f 1995 2271 2264
f 1994 1995 2264
f 1994 2264 1986
f 2275 2274 1997
f 1997 2274 1996
f 1997 1987 2267
f 1997 2267 2275
f 1999 2269 1989
f 1999 2276 2269
f 2270 2000 1991
f 2277 2000 2270
f 2273 2271 2278
f 2273 2278 2279
f 2002 2278 1995
f 1995 2278 2271
f 2274 2003 1996
f 2280 2003 2274
f 2006 2281 2005
f 2005 2281 2282
f 2283 2005 2282
f 2008 2005 2283
f 2008 2284 2009
f 2283 2284 2008
f 2010 2009 2284
f 2010 2284 2285
f 2287 2286 2013
f 2287 2013 2012
f 1999 2013 2276
f 2276 2013 2286
f 2289 2015 2288
f 2015 2277 2288
f 2015 2000 2277
f 2291 2290 2289
f 2291 2289 2288
f 2293 2292 2290
f 2293 2290 2291
f 2292 2293 2279
f 2292 2279 2278
f 2017 2292 2278
f 2016 2017 2278
f 2016 2278 2002
f 2280 2018 2003
f 2294 2018 2280
f 2297 2296 2295
f 2296 2298 2281
f 2019 2296 2281
f 2006 2019 2281
f 2295 2296 2019
f 2281 2298 2282
f 2285 2299 2010
f 2010 2299 2020
f 2020 2300 2021
f 2299 2300 2020
f 2021 2301 2022
f 2300 2301 2021
f 2012 2022 2287
f 2287 2022 2301
f 2289 2023 2015
f 2023 2289 2024
f 2024 2289 2290
f 2024 2290 2025
f 2025 2290 2292
f 2025 2292 2017
f 2303 2026 2302
f 2026 2294 2302
f 2026 2018 2294
f 2304 2303 2302
f 2307 2306 2305
f 2028 2029 2305
f 2306 2028 2305
f 2308 2028 2306
f 2295 2030 2297
f 2030 2308 2297
f 2030 2028 2308
f 2030 2295 2019
f 2303 2031 2026
f 2310 2309 2033
f 2310 2033 2031
f 2304 2310 2031
f 2303 2304 2031
f 2312 2311 2309
f 2312 2309 2310
f 2314 2313 2311
f 2314 2311 2312
f 2035 2036 2313
f 2314 2035 2313
f 2315 2035 2314
f 2305 2037 2307
f 2037 2315 2307
f 2037 2035 2315
f 2037 2305 2029
f 2309 2038 2033
f 2038 2309 2039
f 2039 2309 2311
f 2039 2311 2040
f 2040 2311 2313
f 2040 2313 2036
f 2318 2317 2316
f 2316 2319 2318
f 2316 2317 2320
f 2320 2317 2321
f 2319 2316 2322
f 2322 2316 2320
f 2321 2323 2320
f 2320 2323 2322
f 2324 2042 2043
f 2324 2043 2325
f 2043 2326 2325
f 2043 2044 2326
f 2327 2044 2045
f 2327 2326 2044
f 2329 2328 2047
f 2328 2045 2047
f 2328 2327 2045
f 2331 2330 2329
f 2329 2330 2328
f 2333 2332 2331
f 2331 2332 2330
f 2333 2334 2332
f 2335 2048 2049
f 2335 2049 2336
f 2049 2337 2336
f 2049 2050 2337
f 2050 2042 2324
f 2338 2050 2324
f 2337 2050 2338
f 2338 2324 2325
f 2051 2329 2047
f 2329 2051 2052
f 2329 2052 2331
f 2331 2052 2053
f 2331 2053 2333
f 2340 2339 2055
f 2055 2339 2053
f 2339 2334 2053
f 2334 2333 2053
f 2342 2341 2340
f 2340 2341 2339
f 2344 2343 2342
f 2342 2343 2341
f 2344 2345 2343
f 2346 2058 2059
f 2346 2059 2347
f 2059 2348 2347
f 2059 2060 2348
f 2060 2048 2335
f 2349 2060 2335
f 2348 2060 2349
f 2349 2335 2336
f 2061 2340 2055
f 2340 2061 2062
f 2340 2062 2342
f 2342 2062 2063
f 2342 2063 2344
f 2063 2065 2344
f 2065 2345 2344
f 2065 2350 2345
f 2351 2066 2067
f 2068 2351 2067
f 2353 2352 2072
f 2072 2352 2071
f 2072 2058 2346
f 2354 2072 2346
f 2353 2072 2354
f 2354 2346 2347
f 2065 2073 2355
f 2356 2065 2355
f 2350 2065 2356
f 2075 2355 2073
f 2357 2076 2351
f 2351 2076 2066
f 2077 2357 2068
f 2068 2357 2351
f 2359 2358 2079
f 2079 2358 2078
f 2079 2071 2352
f 2079 2352 2359
f 2356 2355 2360
f 2356 2360 2361
f 2081 2360 2075
f 2075 2360 2355
f 2357 2082 2076
f 2082 2357 2077
f 2362 2084 2085
f 2363 2362 2085
f 2078 2363 2085
f 2358 2363 2078
f 2366 2365 2364
f 2364 2365 2361
f 2364 2361 2360
f 2088 2364 2360
f 2087 2088 2360
f 2087 2360 2081
f 2368 2367 2091
f 2091 2367 2090
f 2369 2091 2092
f 2369 2368 2091
f 2370 2092 2094
f 2370 2369 2092
f 2371 2094 2095
f 2371 2370 2094
f 2372 2095 2096
f 2372 2371 2095
f 2374 2373 2098
f 2373 2096 2098
f 2373 2372 2096
f 2374 2375 2373
f 2377 2376 2101
f 2101 2376 2100
f 2101 2102 2377
f 2377 2102 2378
f 2379 2103 2104
f 2380 2379 2104
f 2380 2104 2084
f 2381 2380 2084
f 2362 2381 2084
f 2381 2362 2363
f 2384 2383 2382
f 2382 2383 2366
f 2382 2366 2364
f 2106 2382 2364
f 2105 2106 2364
f 2105 2364 2088
f 2386 2385 2109
f 2109 2385 2108
f 2387 2109 2110
f 2387 2386 2109
f 2110 2090 2367
f 2110 2367 2387
f 2112 2374 2098
f 2388 2375 2374
f 2112 2388 2374
f 2113 2388 2112
f 2113 2100 2376
f 2113 2376 2388
f 2114 2378 2102
f 2114 2389 2378
f 2390 2115 2379
f 2379 2115 2103
f 2379 2380 2391
f 2379 2391 2390
f 2394 2393 2392
f 2392 2393 2384
f 2392 2384 2382
f 2117 2392 2382
f 2116 2117 2382
f 2116 2382 2106
f 2396 2395 2120
f 2120 2395 2119
f 2120 2108 2385
f 2120 2385 2396
f 2397 2389 2114
f 2397 2114 2121
f 2121 2122 2397
f 2397 2122 2398
f 2399 2124 2390
f 2390 2124 2115
f 2390 2391 2400
f 2390 2400 2399
f 2394 2392 2401
f 2394 2401 2402
f 2126 2401 2117
f 2117 2401 2392
f 2404 2403 2129
f 2129 2403 2128
f 2129 2119 2395
f 2129 2395 2404
f 2405 2398 2122
f 2405 2122 2130
f 2130 2132 2405
f 2405 2132 2406
f 2407 2134 2399
f 2399 2134 2124
f 2399 2400 2408
f 2399 2408 2407
f 2409 2402 2401
f 2409 2401 2126
f 2135 2409 2126
f 2410 2409 2135
f 2411 2135 2136
f 2411 2410 2135
f 2136 2128 2403
f 2136 2403 2411
f 2412 2406 2132
f 2412 2132 2137
f 2137 2139 2412
f 2412 2139 2413
f 2414 2140 2141
f 2134 2407 2141
f 2407 2414 2141
f 2407 2415 2414
f 2407 2408 2416
f 2407 2416 2415
f 2142 2413 2139
f 2142 2417 2413
f 2418 2143 2414
f 2414 2143 2140
f 2419 2414 2415
f 2418 2414 2419
f 2415 2416 2420
f 2415 2420 2419
f 2144 2417 2142
f 2144 2421 2417
f 2422 2146 2418
f 2418 2146 2143
f 2423 2418 2419
f 2422 2418 2423
f 2419 2420 2424
f 2419 2424 2423
f 2150 2421 2144
f 2150 2425 2421
f 2422 2152 2146
f 2152 2422 2154
f 2422 2426 2154
f 2422 2423 2426
f 2423 2424 2427
f 2423 2427 2426
f 2156 2428 2155
f 2428 2158 2155
f 2159 2429 2160
f 2430 2161 2160
f 2430 2160 2429
f 2430 2431 2161
f 2431 2150 2161
f 2431 2425 2150
f 2432 2163 2162
f 2154 2426 2162
f 2426 2432 2162
f 2426 2433 2432
f 2426 2427 2434
f 2435 2426 2434
f 2433 2426 2435
f 2436 2435 2434
f 2439 2438 2437
f 2164 2165 2437
f 2438 2164 2437
f 2440 2164 2438
f 2164 2441 2166
f 2440 2441 2164
f 2166 2442 2167
f 2441 2442 2166
f 2442 2444 2443
f 2168 2442 2443
f 2167 2442 2168
f 2168 2443 2445
f 2446 2168 2445
f 2169 2168 2446
f 2169 2447 2170
f 2446 2447 2169
f 2156 2170 2428
f 2170 2448 2428
f 2170 2447 2448
f 2428 2448 2158
f 2448 2171 2158
f 2448 2449 2171
f 2159 2171 2429
f 2171 2450 2429
f 2171 2449 2450
f 2429 2450 2430
f 2430 2450 2451
f 2430 2451 2431
f 2453 2452 2432
f 2452 2163 2432
f 2452 2173 2163
f 2453 2432 2433
f 2453 2433 2454
f 2454 2433 2435
f 2454 2435 2455
f 2455 2435 2436
f 2439 2437 2456
f 2439 2456 2457
f 2174 2456 2165
f 2165 2456 2437
f 2444 2458 2443
f 2443 2458 2445
f 2452 2177 2173
f 2459 2177 2452
f 2462 2461 2460
f 2460 2461 2457
f 2460 2457 2456
f 2180 2460 2456
f 2179 2180 2456
f 2179 2456 2174
f 2464 2463 2183
f 2183 2463 2182
f 2183 2177 2459
f 2183 2459 2464
f 2467 2466 2465
f 2468 2465 2466
f 2462 2460 2469
f 2462 2469 2470
f 2185 2469 2180
f 2180 2469 2460
f 2463 2186 2182
f 2471 2186 2463
f 2474 2473 2472
f 2472 2473 2467
f 2465 2472 2467
f 2475 2472 2465
f 2465 2468 2476
f 2465 2476 2475
f 2470 2469 2477
f 2470 2477 2478
f 2188 2477 2185
f 2185 2477 2469
f 2481 2480 2479
f 2190 2191 2479
f 2191 2481 2479
f 2191 2482 2481
f 2191 2186 2471
f 2191 2471 2482
f 2474 2472 2483
f 2474 2483 2484
f 2485 2472 2475
f 2483 2472 2485
f 2475 2476 2486
f 2475 2486 2485
f 2489 2488 2487
f 2487 2488 2478
f 2487 2478 2477
f 2194 2487 2477
f 2193 2194 2477
f 2193 2477 2188
f 2479 2480 2490
f 2490 2480 2491
f 2490 2197 2190
f 2490 2190 2479
f 2493 2492 2198
f 2493 2198 2199
f 2483 2202 2484
f 2202 2492 2484
f 2202 2198 2492
f 2202 2483 2203
f 2483 2494 2203
f 2483 2485 2494
f 2485 2486 2495
f 2496 2485 2495
f 2494 2485 2496
f 2497 2496 2495
f 2489 2487 2498
f 2489 2498 2499
f 2205 2498 2194
f 2194 2498 2487
f 2490 2491 2500
f 2500 2491 2501
f 2500 2208 2197
f 2500 2197 2490
f 2209 2493 2199
f 2209 2502 2493
f 2494 2211 2203
f 2211 2494 2214
f 2214 2494 2496
f 2497 2503 2496
f 2503 2214 2496
f 2503 2216 2214
f 2505 2504 2217
f 2216 2505 2217
f 2503 2505 2216
f 2506 2504 2505
f 2499 2498 2507
f 2499 2507 2508
f 2219 2507 2205
f 2205 2507 2498
f 2500 2501 2509
f 2509 2501 2510
f 2509 2221 2208
f 2509 2208 2500
f 2222 2502 2209
f 2222 2511 2502
f 2513 2512 2223
f 2223 2512 2224
f 2223 2217 2513
f 2504 2513 2217
f 2513 2504 2514
f 2227 2514 2504
f 2514 2227 2225
f 2516 2515 2228
f 2516 2228 2227
f 2506 2516 2227
f 2504 2506 2227
f 2518 2517 2515
f 2518 2515 2516
f 2519 2517 2518
f 2522 2521 2520
f 2524 2523 2520
f 2524 2520 2521
f 2525 2523 2524
f 2508 2507 2526
f 2508 2526 2527
f 2230 2526 2219
f 2219 2526 2507
f 2509 2510 2528
f 2528 2510 2529
f 2528 2232 2221
f 2528 2221 2509
f 2530 2511 2222
f 2530 2222 2233
f 2531 2233 2235
f 2531 2530 2233
f 2532 2235 2237
f 2532 2531 2235
f 2533 2237 2239
f 2533 2532 2237
f 2239 2224 2512
f 2239 2512 2533
f 2241 2514 2225
f 2241 2534 2514
f 2515 2243 2228
f 2243 2515 2244
f 2244 2515 2517
f 2519 2535 2517
f 2535 2244 2517
f 2535 2245 2244
f 2537 2536 2246
f 2245 2537 2246
f 2535 2537 2245
f 2536 2537 2522
f 2520 2536 2522
f 2538 2536 2520
f 2539 2520 2523
f 2538 2520 2539
f 2523 2525 2540
f 2523 2540 2539
f 2541 2527 2526
f 2526 2230 2541
f 2230 2542 2541
f 2230 2248 2542
f 2528 2529 2543
f 2543 2529 2544
f 2543 2250 2232
f 2543 2232 2528
f 2251 2534 2241
f 2251 2545 2534
f 2546 2252 2536
f 2536 2252 2246
f 2547 2536 2538
f 2546 2536 2547
f 2548 2538 2539
f 2547 2538 2548
f 2539 2540 2549
f 2539 2549 2548
f 2253 2542 2248
f 2253 2550 2542
f 2543 2544 2256
f 2544 2255 2256
f 2544 2551 2255
f 2543 2256 2250
f 2553 2552 2257
f 2553 2257 2258
f 2257 2554 2259
f 2552 2554 2257
f 2251 2259 2545
f 2545 2259 2554
f 2556 2555 2546
f 2555 2252 2546
f 2555 2260 2252
f 2558 2557 2556
f 2546 2558 2556
f 2547 2558 2546
f 2548 2560 2559
f 2558 2548 2559
f 2547 2548 2558
f 2560 2548 2549
f 2261 2550 2253
f 2261 2561 2550
f 2551 2263 2255
f 2562 2263 2551
f 2564 2563 2265
f 2564 2265 2266
f 2258 2265 2553
f 2553 2265 2563
f 2566 2565 2268
f 2268 2565 2267
f 2268 2260 2555
f 2268 2555 2566
f 2567 2557 2558
f 2567 2558 2559
f 2269 2561 2261
f 2269 2568 2561
f 2562 2270 2263
f 2569 2270 2562
f 2572 2571 2570
f 2272 2273 2570
f 2571 2272 2570
f 2573 2272 2571
f 2266 2272 2564
f 2564 2272 2573
f 2574 2274 2275
f 2575 2574 2275
f 2267 2575 2275
f 2565 2575 2267
f 2578 2577 2576
f 2580 2579 2576
f 2580 2576 2577
f 2582 2581 2579
f 2582 2579 2580
f 2583 2581 2582
f 2586 2585 2584
f 2585 2568 2584
f 2568 2276 2584
f 2568 2269 2276
f 2588 2277 2587
f 2277 2569 2587
f 2277 2270 2569
f 2590 2589 2588
f 2590 2588 2587
f 2589 2590 2572
f 2570 2589 2572
f 2591 2589 2570
f 2279 2591 2273
f 2273 2591 2570
f 2592 2280 2574
f 2574 2280 2274
f 2574 2575 2593
f 2594 2574 2593
f 2592 2574 2594
f 2595 2594 2593
f 2596 2578 2576
f 2598 2597 2596
f 2576 2598 2596
f 2579 2598 2576
f 2599 2579 2581
f 2598 2579 2599
f 2581 2583 2600
f 2601 2581 2600
f 2599 2581 2601
f 2602 2601 2600
f 2282 2603 2283
f 2604 2284 2283
f 2604 2283 2603
f 2604 2285 2284
f 2607 2606 2605
f 2605 2606 2586
f 2605 2586 2584
f 2287 2605 2584
f 2286 2287 2584
f 2286 2584 2276
f 2588 2288 2277
f 2288 2588 2291
f 2291 2588 2589
f 2291 2589 2293
f 2293 2589 2591
f 2293 2591 2279
f 2608 2294 2592
f 2592 2294 2280
f 2609 2592 2594
f 2608 2592 2609
f 2594 2595 2610
f 2611 2594 2610
f 2609 2594 2611
f 2612 2611 2610
f 2597 2598 2613
f 2597 2613 2614
f 2615 2598 2599
f 2613 2598 2615
f 2616 2599 2601
f 2615 2599 2616
f 2617 2296 2297
f 2601 2617 2297
f 2616 2601 2297
f 2617 2601 2602
f 2617 2619 2618
f 2298 2617 2618
f 2296 2617 2298
f 2603 2282 2298
f 2618 2603 2298
f 2620 2603 2618
f 2603 2621 2604
f 2603 2620 2621
f 2604 2621 2285
f 2621 2622 2285
f 2622 2299 2285
f 2621 2623 2622
f 2299 2624 2300
f 2622 2624 2299
f 2605 2301 2607
f 2301 2624 2607
f 2301 2300 2624
f 2301 2605 2287
f 2608 2302 2294
f 2302 2608 2304
f 2608 2625 2304
f 2608 2609 2625
f 2626 2609 2611
f 2625 2609 2626
f 2611 2612 2627
f 2628 2611 2627
f 2626 2611 2628
f 2628 2627 2614
f 2613 2628 2614
f 2629 2628 2613
f 2307 2629 2306
f 2629 2615 2306
f 2629 2613 2615
f 2306 2615 2308
f 2308 2615 2616
f 2308 2616 2297
f 2619 2630 2618
f 2632 2631 2630
f 2631 2618 2630
f 2631 2620 2618
f 2620 2633 2621
f 2620 2631 2633
f 2623 2621 2634
f 2634 2621 2633
f 2625 2310 2304
f 2310 2625 2312
f 2312 2625 2626
f 2312 2626 2314
f 2314 2626 2628
f 2314 2628 2315
f 2315 2628 2629
f 2315 2629 2307
f 2632 2635 2631
f 2631 2635 2633
f 2633 2635 2636
f 2633 2636 2634
f 2639 2638 2637
f 2637 2640 2639
f 2643 2642 2641
f 2645 2644 2641
f 2641 2644 2643
f 2644 2645 2638
f 2638 2645 2637
f 2645 2317 2637
f 2317 2318 2637
f 2647 2646 2319
f 2319 2646 2318
f 2646 2640 2318
f 2640 2637 2318
f 2647 2648 2646
f 2651 2650 2649
f 2651 2649 2642
f 2649 2641 2642
f 2649 2652 2641
f 2641 2653 2645
f 2641 2652 2653
f 2653 2321 2317
f 2653 2317 2645
f 2322 2654 2647
f 2322 2647 2319
f 2648 2647 2655
f 2655 2647 2654
f 2658 2657 2656
f 2660 2659 2656
f 2656 2659 2658
f 2662 2661 2660
f 2660 2661 2659
f 2664 2663 2662
f 2662 2663 2661
f 2666 2665 2664
f 2664 2665 2663
f 2668 2667 2666
f 2666 2667 2665
f 2667 2668 2650
f 2668 2649 2650
f 2668 2669 2649
f 2649 2670 2652
f 2649 2669 2670
f 2652 2671 2653
f 2652 2670 2671
f 2672 2323 2321
f 2653 2672 2321
f 2671 2672 2653
f 2654 2322 2323
f 2672 2654 2323
f 2673 2654 2672
f 2655 2654 2674
f 2674 2654 2673
f 2656 2657 2675
f 2675 2657 2676
f 2675 2325 2326
f 2660 2675 2326
f 2656 2675 2660
f 2660 2326 2327
f 2660 2327 2662
f 2662 2327 2328
f 2662 2328 2664
f 2664 2328 2330
f 2664 2330 2666
f 2666 2330 2332
f 2666 2332 2668
f 2668 2332 2334
f 2677 2668 2334
f 2669 2668 2677
f 2669 2678 2670
f 2669 2677 2678
f 2670 2679 2671
f 2670 2678 2679
f 2671 2680 2672
f 2671 2679 2680
f 2672 2681 2673
f 2672 2680 2681
f 2674 2673 2682
f 2682 2673 2681
f 2684 2683 2337
f 2337 2683 2336
f 2338 2675 2676
f 2684 2338 2676
f 2337 2338 2684
f 2675 2338 2325
f 2339 2677 2334
f 2677 2339 2341
f 2677 2341 2678
f 2678 2341 2343
f 2678 2343 2679
f 2679 2343 2345
f 2685 2679 2345
f 2680 2679 2685
f 2687 2681 2686
f 2681 2685 2686
f 2681 2680 2685
f 2681 2687 2682
f 2688 2347 2348
f 2688 2348 2689
f 2348 2690 2689
f 2348 2349 2690
f 2349 2336 2683
f 2349 2683 2690
f 2350 2691 2685
f 2350 2685 2345
f 2686 2685 2692
f 2692 2685 2691
f 2693 2352 2353
f 2354 2694 2353
f 2353 2694 2693
f 2695 2694 2354
f 2695 2354 2347
f 2696 2695 2347
f 2688 2696 2347
f 2696 2688 2689
f 2698 2697 2691
f 2350 2698 2691
f 2356 2698 2350
f 2691 2697 2692
f 2699 2358 2359
f 2352 2693 2359
f 2693 2699 2359
f 2693 2700 2699
f 2694 2702 2701
f 2700 2694 2701
f 2693 2694 2700
f 2702 2694 2695
f 2361 2698 2356
f 2361 2703 2698
f 2704 2363 2699
f 2699 2363 2358
f 2700 2706 2705
f 2704 2700 2705
f 2699 2700 2704
f 2706 2700 2701
f 2708 2707 2365
f 2708 2365 2366
f 2361 2365 2703
f 2703 2365 2707
f 2710 2709 2368
f 2368 2709 2367
f 2711 2368 2369
f 2711 2710 2368
f 2712 2369 2370
f 2712 2711 2369
f 2714 2712 2713
f 2712 2371 2713
f 2712 2370 2371
f 2372 2715 2371
f 2371 2715 2713
f 2715 2372 2716
f 2372 2717 2716
f 2372 2373 2717
f 2719 2718 2375
f 2718 2373 2375
f 2718 2717 2373
f 2376 2377 2719
f 2377 2718 2719
f 2377 2720 2718
f 2722 2721 2378
f 2721 2377 2378
f 2721 2720 2377
f 2724 2723 2722
f 2722 2723 2721
f 2726 2725 2724
f 2724 2725 2723
f 2726 2727 2725
f 2728 2380 2381
f 2363 2704 2381
f 2704 2728 2381
f 2704 2729 2728
f 2704 2705 2730
f 2704 2730 2729
f 2732 2731 2383
f 2732 2383 2384
f 2366 2383 2708
f 2708 2383 2731
f 2734 2733 2386
f 2386 2733 2385
f 2735 2386 2387
f 2735 2734 2386
f 2387 2367 2709
f 2387 2709 2735
f 2736 2714 2713
f 2736 2713 2715
f 2736 2715 2737
f 2737 2715 2716
f 2388 2719 2375
f 2719 2388 2376
f 2389 2738 2722
f 2389 2722 2378
f 2722 2739 2724
f 2722 2738 2739
f 2724 2740 2726
f 2724 2739 2740
f 2727 2726 2741
f 2741 2726 2740
f 2742 2391 2728
f 2728 2391 2380
f 2743 2728 2729
f 2742 2728 2743
f 2729 2730 2744
f 2729 2744 2743
f 2746 2745 2393
f 2746 2393 2394
f 2384 2393 2732
f 2732 2393 2745
f 2748 2747 2396
f 2396 2747 2395
f 2396 2385 2733
f 2396 2733 2748
f 2397 2738 2389
f 2738 2397 2398
f 2749 2738 2398
f 2739 2738 2749
f 2739 2750 2740
f 2739 2749 2750
f 2741 2740 2751
f 2751 2740 2750
f 2752 2400 2742
f 2742 2400 2391
f 2753 2742 2743
f 2752 2742 2753
f 2743 2744 2754
f 2755 2743 2754
f 2753 2743 2755
f 2756 2755 2754
f 2402 2746 2394
f 2402 2757 2746
f 2758 2403 2404
f 2759 2758 2404
f 2395 2759 2404
f 2747 2759 2395
f 2405 2749 2398
f 2750 2749 2760
f 2749 2406 2760
f 2406 2761 2760
f 2406 2749 2405
f 2750 2760 2751
f 2762 2408 2752
f 2752 2408 2400
f 2763 2752 2753
f 2762 2752 2763
f 2764 2753 2755
f 2763 2753 2764
f 2755 2756 2765
f 2766 2755 2765
f 2764 2755 2766
f 2767 2766 2765
f 2768 2757 2402
f 2768 2402 2409
f 2770 2768 2769
f 2768 2410 2769
f 2768 2409 2410
f 2411 2771 2410
f 2410 2771 2769
f 2772 2771 2411
f 2772 2411 2403
f 2773 2772 2403
f 2758 2773 2403
f 2773 2758 2759
f 2406 2412 2774
f 2775 2406 2774
f 2761 2406 2775
f 2413 2774 2412
f 2776 2416 2762
f 2762 2416 2408
f 2777 2762 2763
f 2776 2762 2777
f 2778 2763 2764
f 2777 2763 2778
f 2779 2764 2766
f 2778 2764 2779
f 2766 2767 2780
f 2781 2766 2780
f 2779 2766 2781
f 2783 2782 2781
f 2783 2781 2780
f 2784 2782 2783
f 2785 2770 2769
f 2785 2769 2771
f 2785 2771 2786
f 2786 2771 2772
f 2787 2775 2774
f 2774 2413 2787
f 2413 2788 2787
f 2413 2417 2788
f 2789 2420 2776
f 2776 2420 2416
f 2790 2776 2777
f 2789 2776 2790
f 2791 2777 2778
f 2790 2777 2791
f 2792 2778 2779
f 2791 2778 2792
f 2793 2779 2781
f 2792 2779 2793
f 2794 2781 2782
f 2793 2781 2794
f 2782 2784 2795
f 2782 2795 2794
f 2421 2788 2417
f 2421 2796 2788
f 2797 2424 2789
f 2789 2424 2420
f 2798 2789 2790
f 2797 2789 2798
f 2799 2790 2791
f 2798 2790 2799
f 2800 2791 2792
f 2799 2791 2800
f 2801 2792 2793
f 2800 2792 2801
f 2802 2793 2794
f 2801 2793 2802
f 2794 2795 2803
f 2794 2803 2802
f 2425 2796 2421
f 2425 2804 2796
f 2805 2427 2797
f 2797 2427 2424
f 2806 2797 2798
f 2805 2797 2806
f 2807 2798 2799
f 2806 2798 2807
f 2808 2799 2800
f 2807 2799 2808
f 2809 2800 2801
f 2808 2800 2809
f 2810 2801 2802
f 2809 2801 2810
f 2802 2803 2811
f 2802 2811 2810
f 2431 2804 2425
f 2431 2812 2804
f 2805 2434 2427
f 2434 2805 2436
f 2805 2813 2436
f 2805 2806 2813
f 2807 2815 2814
f 2813 2807 2814
f 2806 2807 2813
f 2815 2807 2808
f 2815 2808 2816
f 2816 2808 2809
f 2816 2809 2817
f 2817 2809 2810
f 2817 2810 2818
f 2818 2810 2811
f 2820 2819 2438
f 2820 2438 2439
f 2438 2821 2440
f 2819 2821 2438
f 2440 2822 2441
f 2821 2822 2440
f 2441 2823 2442
f 2822 2823 2441
f 2444 2442 2823
f 2444 2823 2824
f 2826 2825 2446
f 2826 2446 2445
f 2446 2827 2447
f 2825 2827 2446
f 2447 2828 2448
f 2827 2828 2447
f 2448 2829 2449
f 2828 2829 2448
f 2449 2830 2450
f 2829 2830 2449
f 2450 2831 2451
f 2830 2831 2450
f 2431 2451 2812
f 2812 2451 2831
f 2832 2452 2453
f 2454 2833 2453
f 2453 2833 2832
f 2455 2834 2454
f 2454 2834 2833
f 2835 2834 2455
f 2835 2455 2436
f 2836 2835 2436
f 2813 2836 2436
f 2836 2813 2814
f 2839 2838 2837
f 2838 2820 2837
f 2820 2457 2837
f 2820 2439 2457
f 2824 2840 2444
f 2444 2840 2458
f 2445 2458 2826
f 2826 2458 2840
f 2841 2459 2832
f 2832 2459 2452
f 2842 2832 2833
f 2841 2832 2842
f 2843 2833 2834
f 2842 2833 2843
f 2834 2835 2844
f 2834 2844 2843
f 2839 2837 2461
f 2462 2839 2461
f 2845 2839 2462
f 2461 2837 2457
f 2846 2463 2464
f 2459 2841 2464
f 2841 2846 2464
f 2841 2847 2846
f 2467 2847 2466
f 2847 2842 2466
f 2847 2841 2842
f 2466 2842 2468
f 2842 2848 2468
f 2842 2843 2848
f 2843 2844 2849
f 2843 2849 2848
f 2852 2851 2850
f 2851 2845 2850
f 2845 2470 2850
f 2845 2462 2470
f 2853 2471 2846
f 2846 2471 2463
f 2474 2853 2473
f 2853 2847 2473
f 2853 2846 2847
f 2473 2847 2467
f 2854 2476 2848
f 2848 2476 2468
f 2848 2849 2855
f 2856 2848 2855
f 2854 2848 2856
f 2857 2856 2855
f 2860 2859 2858
f 2858 2859 2852
f 2850 2858 2852
f 2861 2858 2850
f 2478 2861 2470
f 2470 2861 2850
f 2862 2480 2481
f 2482 2863 2481
f 2481 2863 2862
f 2471 2853 2482
f 2853 2863 2482
f 2853 2864 2863
f 2484 2864 2474
f 2474 2864 2853
f 2865 2486 2854
f 2854 2486 2476
f 2866 2854 2856
f 2865 2854 2866
f 2856 2857 2867
f 2856 2867 2866
f 2870 2869 2868
f 2868 2869 2860
f 2858 2868 2860
f 2871 2868 2858
f 2489 2871 2488
f 2871 2861 2488
f 2871 2858 2861
f 2488 2861 2478
f 2873 2872 2862
f 2872 2480 2862
f 2872 2491 2480
f 2875 2874 2873
f 2862 2875 2873
f 2863 2875 2862
f 2493 2875 2492
f 2875 2864 2492
f 2875 2863 2864
f 2492 2864 2484
f 2865 2495 2486
f 2495 2865 2497
f 2865 2876 2497
f 2865 2866 2876
f 2866 2867 2877
f 2878 2866 2877
f 2876 2866 2878
f 2879 2878 2877
f 2870 2868 2880
f 2870 2880 2881
f 2882 2868 2871
f 2880 2868 2882
f 2499 2882 2489
f 2489 2882 2871
f 2872 2501 2491
f 2883 2501 2872
f 2874 2875 2884
f 2874 2884 2885
f 2502 2884 2493
f 2493 2884 2875
f 2876 2503 2497
f 2503 2876 2505
f 2505 2876 2878
f 2887 2886 2506
f 2887 2506 2505
f 2879 2887 2505
f 2878 2879 2505
f 2888 2886 2887
f 2881 2880 2889
f 2881 2889 2890
f 2891 2880 2882
f 2889 2880 2891
f 2508 2891 2499
f 2499 2891 2882
f 2883 2510 2501
f 2892 2510 2883
f 2885 2884 2893
f 2885 2893 2894
f 2511 2893 2502
f 2502 2893 2884
f 2897 2896 2895
f 2512 2513 2895
f 2513 2897 2895
f 2513 2898 2897
f 2900 2899 2514
f 2899 2513 2514
f 2899 2898 2513
f 2886 2516 2506
f 2901 2899 2900
f 2888 2902 2886
f 2902 2516 2886
f 2902 2518 2516
f 2904 2903 2519
f 2518 2904 2519
f 2902 2904 2518
f 2906 2905 2903
f 2906 2903 2904
f 2521 2522 2905
f 2906 2521 2905
f 2907 2521 2906
f 2521 2908 2524
f 2907 2908 2521
f 2910 2909 2525
f 2524 2910 2525
f 2908 2910 2524
f 2911 2909 2910
f 2912 2890 2889
f 2914 2913 2912
f 2889 2914 2912
f 2891 2914 2889
f 2527 2914 2508
f 2508 2914 2891
f 2892 2529 2510
f 2915 2529 2892
f 2916 2894 2893
f 2916 2893 2511
f 2530 2916 2511
f 2917 2916 2530
f 2918 2530 2531
f 2918 2917 2530
f 2919 2531 2532
f 2919 2918 2531
f 2533 2895 2896
f 2919 2533 2896
f 2532 2533 2919
f 2895 2533 2512
f 2534 2920 2900
f 2534 2900 2514
f 2901 2900 2921
f 2921 2900 2920
f 2903 2535 2519
f 2535 2903 2537
f 2537 2903 2905
f 2537 2905 2522
f 2923 2922 2909
f 2922 2525 2909
f 2922 2540 2525
f 2923 2909 2911
f 2924 2913 2914
f 2926 2924 2925
f 2925 2924 2541
f 2924 2914 2541
f 2914 2527 2541
f 2542 2925 2541
f 2915 2544 2529
f 2927 2544 2915
f 2929 2928 2920
f 2534 2929 2920
f 2545 2929 2534
f 2920 2928 2921
f 2932 2931 2930
f 2922 2932 2930
f 2549 2922 2930
f 2540 2922 2549
f 2933 2926 2925
f 2925 2542 2933
f 2542 2934 2933
f 2542 2550 2934
f 2927 2551 2544
f 2935 2551 2927
f 2937 2936 2552
f 2937 2552 2553
f 2552 2938 2554
f 2936 2938 2552
f 2545 2554 2929
f 2929 2554 2938
f 2939 2555 2556
f 2941 2939 2940
f 2939 2556 2940
f 2557 2942 2940
f 2557 2940 2556
f 2940 2942 2931
f 2931 2942 2930
f 2942 2559 2930
f 2559 2560 2930
f 2930 2560 2549
f 2561 2934 2550
f 2561 2943 2934
f 2935 2562 2551
f 2944 2562 2935
f 2946 2945 2563
f 2946 2563 2564
f 2553 2563 2937
f 2937 2563 2945
f 2947 2565 2566
f 2555 2939 2566
f 2939 2947 2566
f 2939 2948 2947
f 2942 2557 2567
f 2948 2941 2949
f 2941 2948 2939
f 2942 2567 2559
f 2568 2943 2561
f 2568 2950 2943
f 2952 2569 2951
f 2569 2944 2951
f 2569 2562 2944
f 2954 2953 2952
f 2954 2952 2951
f 2571 2572 2953
f 2954 2571 2953
f 2955 2571 2954
f 2571 2956 2573
f 2955 2956 2571
f 2564 2573 2946
f 2946 2573 2956
f 2957 2575 2947
f 2947 2575 2565
f 2958 2947 2948
f 2957 2947 2958
f 2577 2578 2959
f 2949 2960 2948
f 2958 2948 2960
f 2961 2580 2577
f 2961 2577 2959
f 2962 2582 2580
f 2962 2580 2961
f 2962 2583 2582
f 2964 2963 2585
f 2964 2585 2586
f 2568 2585 2950
f 2950 2585 2963
f 2952 2587 2569
f 2587 2952 2590
f 2590 2952 2953
f 2590 2953 2572
f 2957 2593 2575
f 2593 2957 2595
f 2957 2965 2595
f 2957 2958 2965
f 2959 2578 2596
f 2960 2966 2958
f 2967 2958 2966
f 2958 2967 2965
f 2968 2967 2966
f 2967 2968 2597
f 2961 2597 2968
f 2597 2961 2596
f 2959 2596 2961
f 2961 2968 2962
f 2962 2968 2969
f 2969 2971 2970
f 2969 2970 2600
f 2962 2969 2600
f 2583 2962 2600
f 2970 2602 2600
f 2974 2973 2972
f 2606 2607 2972
f 2973 2606 2972
f 2975 2606 2973
f 2586 2606 2964
f 2964 2606 2975
f 2965 2610 2595
f 2610 2965 2612
f 2965 2976 2612
f 2965 2967 2976
f 2614 2976 2597
f 2597 2976 2967
f 2970 2971 2977
f 2977 2971 2978
f 2979 2617 2602
f 2970 2979 2602
f 2977 2979 2970
f 2979 2619 2617
f 2623 2980 2622
f 2981 2974 2972
f 2622 2981 2972
f 2624 2622 2972
f 2981 2622 2980
f 2624 2972 2607
f 2976 2627 2612
f 2627 2976 2614
f 2978 2982 2977
f 2984 2983 2982
f 2983 2977 2982
f 2983 2979 2977
f 2985 2630 2619
f 2979 2985 2619
f 2983 2985 2979
f 2985 2632 2630
f 2634 2986 2980
f 2634 2980 2623
f 2981 2980 2987
f 2987 2980 2986
f 2984 2988 2983
f 2983 2988 2985
f 2985 2988 2989
f 2985 2989 2632
f 2989 2635 2632
f 2989 2990 2635
f 2635 2991 2636
f 2990 2991 2635
f 2634 2636 2986
f 2636 2992 2986
f 2636 2991 2992
f 2986 2992 2987
f 2995 2994 2993
f 2638 2639 2996
f 2995 2993 2997
f 2640 2996 2639
f 3000 2999 2998
f 3002 3001 2998
f 2998 3001 3000
f 2642 2643 3002
f 2643 3001 3002
f 2643 3003 3001
f 2644 2993 2994
f 3003 2644 2994
f 2643 2644 3003
f 2644 2997 2993
f 2644 3004 2997
f 2644 2638 2996
f 3004 2644 2996
f 3004 2996 2640
f 2646 3004 2640
f 3005 3004 2646
f 2646 2648 3005
f 3005 2648 3006
f 3009 3008 3007
f 3011 3010 3007
f 3007 3010 3009
f 3013 3012 3011
f 3011 3012 3010
f 3015 3014 3013
f 3013 3014 3012
f 3014 3015 2999
f 3015 2998 2999
f 3015 3016 2998
f 3016 2650 2651
f 3002 3016 2651
f 2998 3016 3002
f 3002 2651 2642
f 2655 3018 3017
f 3006 2655 3017
f 2648 2655 3006
f 3020 3019 3018
f 3018 3019 3017
f 3020 3021 3019
f 3023 3022 2658
f 2658 3022 2657
f 2659 3007 3008
f 3023 2659 3008
f 2658 2659 3023
f 3007 2659 2661
f 3007 2661 3011
f 3011 2661 2663
f 3011 2663 3013
f 3013 2663 2665
f 3013 2665 3015
f 3015 2665 2667
f 3015 2667 3016
f 3016 2667 2650
f 2674 3024 3018
f 2674 3018 2655
f 3018 3025 3020
f 3018 3024 3025
f 3021 3020 3026
f 3026 3020 3025
f 3022 2676 2657
f 3027 2676 3022
f 2682 3028 3024
f 2682 3024 2674
f 3030 3025 3029
f 3025 3028 3029
f 3025 3024 3028
f 3025 3030 3026
f 3032 3031 2684
f 2684 3031 2683
f 2684 2676 3027
f 2684 3027 3032
f 2686 3033 2687
f 3028 2682 2687
f 3033 3028 2687
f 3034 3028 3033
f 3029 3028 3035
f 3035 3028 3034
f 3036 2689 2690
f 3037 3036 2690
f 2683 3037 2690
f 3031 3037 2683
f 3039 3038 3033
f 2686 3039 3033
f 2692 3039 2686
f 3033 3038 3034
f 3034 3038 3040
f 3034 3040 3035
f 3041 2695 2696
f 2689 3036 2696
f 3036 3041 2696
f 3036 3042 3041
f 3036 3037 3043
f 3036 3043 3042
f 3045 3044 2697
f 3045 2697 2698
f 2692 2697 3039
f 3039 2697 3044
f 3046 2701 2702
f 2695 3041 2702
f 3041 3046 2702
f 3041 3047 3046
f 3042 3049 3048
f 3047 3042 3048
f 3041 3042 3047
f 3049 3042 3043
f 3052 3051 3050
f 3051 3045 3050
f 3045 2703 3050
f 3045 2698 2703
f 3055 3054 3053
f 3057 3056 3053
f 3053 3056 3055
f 3057 3058 3056
f 3059 2705 2706
f 2701 3046 2706
f 3046 3059 2706
f 3046 3060 3059
f 3047 3062 3061
f 3060 3047 3061
f 3046 3047 3060
f 3062 3047 3048
f 3065 3064 3063
f 3063 3064 3052
f 3063 3052 3050
f 2708 3063 3050
f 2707 2708 3050
f 2707 3050 2703
f 3066 2709 2710
f 2711 3067 2710
f 2710 3067 3066
f 2712 3068 2711
f 2711 3068 3067
f 2714 3068 2712
f 3070 3069 2717
f 2717 3069 2716
f 3071 2717 2718
f 3071 3070 2717
f 3072 2718 2720
f 3072 3071 2718
f 2721 3053 3054
f 3072 2721 3054
f 2720 2721 3072
f 3053 2721 2723
f 3053 2723 3057
f 3073 3058 3057
f 2723 3073 3057
f 2725 3073 2723
f 2725 2727 3073
f 3073 2727 3074
f 3075 2730 3059
f 3059 2730 2705
f 3060 3077 3076
f 3075 3060 3076
f 3059 3060 3075
f 3077 3060 3061
f 3065 3063 2731
f 2732 3065 2731
f 3078 3065 2732
f 2731 3063 2708
f 3080 3079 2734
f 2734 3079 2733
f 3081 2734 2735
f 3081 3080 2734
f 2735 2709 3066
f 3082 2735 3066
f 3081 2735 3082
f 3082 3066 3067
f 3082 3067 3083
f 3083 3067 3068
f 3083 3068 3084
f 3084 3068 2714
f 2736 3084 2714
f 3085 3084 2736
f 3087 3085 3086
f 3085 2737 3086
f 3085 2736 2737
f 3088 3086 2737
f 2716 3088 2737
f 3069 3088 2716
f 2741 3074 2727
f 2741 3089 3074
f 3090 2744 3075
f 3075 2744 2730
f 3075 3076 3091
f 3092 3075 3091
f 3090 3075 3092
f 3093 3092 3091
f 2746 3094 2745
f 3094 3095 2745
f 3095 2732 2745
f 3095 3078 2732
f 3097 3096 2748
f 2748 3096 2747
f 2748 2733 3079
f 2748 3079 3097
f 3098 3087 3086
f 3098 3086 3088
f 2751 3089 2741
f 2751 3099 3089
f 3090 2754 2744
f 2754 3090 2756
f 3090 3100 2756
f 3090 3092 3100
f 3092 3093 3101
f 3092 3101 3100
f 3103 3102 3094
f 2746 3103 3094
f 2757 3103 2746
f 3094 3102 3095
f 3096 2759 2747
f 3104 2759 3096
f 3106 3105 2760
f 3106 2760 2761
f 2751 2760 3099
f 3099 2760 3105
f 3100 2765 2756
f 3108 3107 2767
f 3108 2767 2765
f 3101 3108 2765
f 3100 3101 2765
f 3109 3107 3108
f 3112 3111 3110
f 3113 3110 2768
f 3110 3103 2768
f 3103 2757 2768
f 3103 3110 3111
f 2770 3113 2768
f 3114 2772 2773
f 3115 3114 2773
f 2759 3115 2773
f 3104 3115 2759
f 3118 3117 3116
f 3117 3106 3116
f 3106 2775 3116
f 3106 2761 2775
f 3107 2780 2767
f 3109 3119 3107
f 3119 2780 3107
f 3119 2783 2780
f 3121 3120 2784
f 2783 3121 2784
f 3119 3121 2783
f 3123 3122 3120
f 3123 3120 3121
f 3124 3122 3123
f 3127 3126 3125
f 3129 3128 3125
f 3129 3125 3126
f 3128 3129 3112
f 3110 3128 3112
f 3130 3128 3110
f 3113 3132 3131
f 3130 3113 3131
f 3110 3113 3130
f 3132 3113 2770
f 2785 3132 2770
f 3133 3132 2785
f 3134 2785 2786
f 3134 3133 2785
f 2786 2772 3114
f 3135 2786 3114
f 3134 2786 3135
f 3135 3114 3115
f 3136 3118 3116
f 3138 3136 3137
f 3137 3136 2787
f 3136 3116 2787
f 3116 2775 2787
f 2788 3137 2787
f 3139 2795 3120
f 3120 2795 2784
f 3140 3120 3122
f 3139 3120 3140
f 3122 3124 3141
f 3122 3141 3140
f 3127 3125 3142
f 3127 3142 3143
f 3144 3125 3128
f 3142 3125 3144
f 3130 3146 3145
f 3144 3130 3145
f 3128 3130 3144
f 3146 3130 3131
f 3147 3138 3137
f 3137 2788 3147
f 2788 3148 3147
f 2788 2796 3148
f 3149 2803 3139
f 3139 2803 2795
f 3150 3139 3140
f 3149 3139 3150
f 3140 3141 3151
f 3140 3151 3150
f 3143 3142 3152
f 3143 3152 3153
f 3154 3142 3144
f 3152 3142 3154
f 3144 3145 3155
f 3144 3155 3154
f 2804 3148 2796
f 2804 3156 3148
f 3157 2811 3149
f 3149 2811 2803
f 3150 3159 3158
f 3157 3150 3158
f 3149 3150 3157
f 3159 3150 3151
f 3160 3153 3152
f 3160 3152 3154
f 3160 3154 3161
f 3161 3154 3155
f 3164 3163 3162
f 3166 3165 3162
f 3166 3162 3163
f 3166 3156 3165
f 3156 2812 3165
f 3156 2804 2812
f 3167 2814 2815
f 2816 3168 2815
f 2815 3168 3167
f 2817 3169 2816
f 2816 3169 3168
f 2818 3170 2817
f 2817 3170 3169
f 3171 3170 2818
f 3171 2818 2811
f 3172 3171 2811
f 3157 3172 2811
f 3172 3157 3158
f 3175 3174 3173
f 2819 2820 3173
f 3174 2819 3173
f 3176 2819 3174
f 2819 3177 2821
f 3176 3177 2819
f 2821 3178 2822
f 3177 3178 2821
f 2822 3179 2823
f 3178 3179 2822
f 2824 2823 3179
f 2824 3179 3180
f 3182 3181 2825
f 3182 2825 2826
f 2825 3183 2827
f 3181 3183 2825
f 2827 3184 2828
f 3183 3184 2827
f 2828 3185 2829
f 3184 3185 2828
f 3162 2830 3164
f 2830 3185 3164
f 2830 2829 3185
f 2830 3162 2831
f 2831 3162 3165
f 2831 3165 2812
f 3186 2835 2836
f 2814 3167 2836
f 3167 3186 2836
f 3167 3187 3186
f 3188 3167 3168
f 3187 3167 3188
f 3189 3168 3169
f 3188 3168 3189
f 3190 3169 3170
f 3189 3169 3190
f 3170 3171 3191
f 3170 3191 3190
f 3194 3193 3192
f 3192 3193 3175
f 3192 3175 3173
f 2839 3192 3173
f 2838 2839 3173
f 2838 3173 2820
f 3180 3195 2824
f 2824 3195 2840
f 2826 2840 3182
f 3182 2840 3195
f 3196 2844 3186
f 3186 2844 2835
f 3197 3186 3187
f 3196 3186 3197
f 3198 3187 3188
f 3197 3187 3198
f 3189 3200 3199
f 3198 3189 3199
f 3188 3189 3198
f 3200 3189 3190
f 3200 3190 3201
f 3201 3190 3191
f 3204 3203 3202
f 3206 3205 3202
f 3206 3202 3203
f 3207 3205 3206
f 3210 3209 3208
f 3208 3209 3194
f 3192 3208 3194
f 3211 3208 3192
f 2845 3211 2839
f 2839 3211 3192
f 3212 2849 3196
f 3196 2849 2844
f 3213 3196 3197
f 3212 3196 3213
f 3214 3197 3198
f 3213 3197 3214
f 3198 3199 3215
f 3198 3215 3214
f 3218 3217 3216
f 3216 3217 3204
f 3202 3216 3204
f 3219 3216 3202
f 3220 3202 3205
f 3219 3202 3220
f 3205 3207 3221
f 3222 3205 3221
f 3220 3205 3222
f 3222 3221 3210
f 3208 3222 3210
f 3223 3222 3208
f 2852 3223 2851
f 3223 3211 2851
f 3223 3208 3211
f 2851 3211 2845
f 3212 2855 2849
f 2855 3212 2857
f 3212 3224 2857
f 3212 3213 3224
f 3214 3226 3225
f 3224 3214 3225
f 3213 3214 3224
f 3226 3214 3215
f 3218 3216 3227
f 3218 3227 3228
f 3229 3216 3219
f 3227 3216 3229
f 3230 3219 3220
f 3229 3219 3230
f 3231 3220 3222
f 3230 3220 3231
f 2860 3231 2859
f 3231 3223 2859
f 3231 3222 3223
f 2859 3223 2852
f 3232 2867 3224
f 3224 2867 2857
f 3224 3225 3233
f 3234 3224 3233
f 3232 3224 3234
f 3235 3234 3233
f 3238 3237 3236
f 3236 3237 3228
f 3227 3236 3228
f 3239 3236 3227
f 3240 3227 3229
f 3239 3227 3240
f 3241 3229 3230
f 3240 3229 3241
f 2870 3241 2869
f 3241 3231 2869
f 3241 3230 3231
f 2869 3231 2860
f 3242 2872 2873
f 2874 3242 2873
f 3232 2877 2867
f 2877 3232 2879
f 3232 3243 2879
f 3232 3234 3243
f 3234 3235 3244
f 3245 3234 3244
f 3243 3234 3245
f 3246 3245 3244
f 3249 3248 3247
f 3251 3250 3247
f 3251 3247 3248
f 3253 3252 3250
f 3253 3250 3251
f 3254 3252 3253
f 3238 3236 3255
f 3238 3255 3256
f 3257 3236 3239
f 3255 3236 3257
f 3258 3239 3240
f 3257 3239 3258
f 3259 3240 3241
f 3258 3240 3259
f 2881 3259 2870
f 2870 3259 3241
f 3260 2883 3242
f 3242 2883 2872
f 2885 3260 2874
f 2874 3260 3242
f 3243 2887 2879
f 2887 3243 2888
f 3243 3261 2888
f 3243 3245 3261
f 3245 3246 3262
f 3263 3245 3262
f 3261 3245 3263
f 3264 3263 3262
f 3267 3266 3265
f 3265 3266 3249
f 3247 3265 3249
f 3268 3265 3247
f 3269 3247 3250
f 3268 3247 3269
f 3270 3250 3252
f 3269 3250 3270
f 3252 3254 3271
f 3252 3271 3270
f 3256 3255 3272
f 3256 3272 3273
f 3257 3275 3274
f 3272 3257 3274
f 3255 3257 3272
f 3275 3257 3258
f 3275 3258 3276
f 3278 3277 3276
f 3258 3278 3276
f 3259 3278 3258
f 2890 3278 2881
f 2881 3278 3259
f 3280 3279 3260
f 3279 2883 3260
f 3279 2892 2883
f 3260 2885 3280
f 2885 3281 3280
f 2885 2894 3281
f 3283 3282 2897
f 2897 3282 2896
f 3284 2897 2898
f 3284 3283 2897
f 3285 2898 2899
f 3285 3284 2898
f 3287 3286 2901
f 3286 2899 2901
f 3286 3285 2899
f 3261 2902 2888
f 3288 3286 3287
f 2902 3261 2904
f 2904 3261 3263
f 3264 3289 3263
f 3289 2904 3263
f 3289 2906 2904
f 3265 2907 3267
f 2907 3289 3267
f 2907 2906 3289
f 2907 3265 2908
f 2908 3265 3268
f 2908 3268 2910
f 2910 3268 3269
f 3269 3270 3290
f 2911 3269 3290
f 3291 2911 3290
f 3269 2911 2910
f 3290 3270 3271
f 3292 3273 3272
f 3292 3272 3274
f 3293 3277 3278
f 3293 3278 2890
f 2912 3293 2890
f 3294 3293 2912
f 2912 2913 3294
f 3294 2913 3295
f 3279 2915 2892
f 3296 2915 3279
f 2894 2916 3297
f 3298 2894 3297
f 3281 2894 3298
f 2917 3299 2916
f 2916 3299 3297
f 3299 2917 3300
f 2917 3301 3300
f 2917 2918 3301
f 3302 2918 2919
f 3302 3301 2918
f 2919 2896 3282
f 2919 3282 3302
f 2921 3303 3287
f 2921 3287 2901
f 3288 3287 3304
f 3287 3305 3304
f 3287 3303 3305
f 3305 3306 3304
f 3309 3308 3307
f 3311 3310 3307
f 3307 3310 3309
f 3313 3312 3311
f 3311 3312 3310
f 2922 2923 3313
f 2923 3312 3313
f 2923 3314 3312
f 2923 2911 3291
f 2923 3291 3314
f 3315 3295 2913
f 3315 2913 2924
f 2924 2926 3315
f 3315 2926 3316
f 3296 2927 2915
f 3317 2927 3296
f 3318 3298 3297
f 3318 3297 3299
f 3318 3299 3319
f 3319 3299 3300
f 2929 3320 2928
f 3320 3321 2928
f 2928 3321 2921
f 3321 3322 2921
f 3322 3303 2921
f 3303 3322 3305
f 3305 3322 3323
f 3305 3323 3306
f 3307 3308 3324
f 3324 3308 3325
f 3307 3326 3311
f 3307 3324 3326
f 3326 2931 2932
f 3313 3326 2932
f 3311 3326 3313
f 3313 2932 2922
f 2926 2933 3327
f 3328 2926 3327
f 3316 2926 3328
f 2934 3327 2933
f 3317 2935 2927
f 3329 2935 3317
f 3331 3330 2936
f 3331 2936 2937
f 2936 3332 2938
f 3330 3332 2936
f 2929 2938 3320
f 2938 3333 3320
f 2938 3332 3333
f 3320 3333 3321
f 3325 3334 3324
f 3335 2941 2940
f 3324 3335 2940
f 3326 3324 2940
f 3334 3335 3324
f 3326 2940 2931
f 3328 3327 3336
f 3328 3336 3337
f 2943 3336 2934
f 2934 3336 3327
f 3329 2944 2935
f 3338 2944 3329
f 3341 3340 3339
f 2945 2946 3339
f 3340 2945 3339
f 3342 2945 3340
f 2937 2945 3331
f 3331 2945 3342
f 3335 2949 2941
f 3343 2949 3335
f 3337 3336 3344
f 3337 3344 3345
f 2950 3344 2943
f 2943 3344 3336
f 3338 3346 2944
f 2944 3346 2951
f 2951 3347 2954
f 3346 3347 2951
f 2954 3348 2955
f 3347 3348 2954
f 3339 2956 3341
f 2956 3348 3341
f 2956 2955 3348
f 2956 3339 2946
f 3343 2960 2949
f 3349 2960 3343
f 3352 3351 3350
f 3354 3353 3350
f 3354 3350 3351
f 3353 3354 3345
f 3353 3345 3344
f 2964 3353 3344
f 2963 2964 3344
f 2963 3344 2950
f 2966 2960 3355
f 2960 3356 3355
f 2960 3349 3356
f 3357 2968 2966
f 3357 2966 3355
f 3358 2969 2968
f 3358 2968 3357
f 3358 2971 2969
f 3352 3350 2973
f 2974 3352 2973
f 3359 3352 2974
f 2973 3350 2975
f 2975 3350 3353
f 2975 3353 2964
f 3356 3360 3355
f 3362 3361 3360
f 3361 3355 3360
f 3361 3357 3355
f 3357 3363 3358
f 3357 3361 3363
f 3363 2978 2971
f 3363 2971 3358
f 2981 3359 2974
f 2981 3364 3359
f 3361 3362 3365
f 3365 3362 3366
f 3361 3367 3363
f 3361 3365 3367
f 3368 2982 2978
f 3363 3368 2978
f 3367 3368 3363
f 3368 2984 2982
f 3371 3370 3369
f 3370 3364 3369
f 3364 2987 3369
f 3364 2981 2987
f 3366 3372 3365
f 3365 3372 3367
f 3367 3372 3373
f 3367 3373 3368
f 3368 3373 3374
f 3368 3374 2984
f 3374 2988 2984
f 3374 3375 2988
f 2988 3376 2989
f 3375 3376 2988
f 2989 3377 2990
f 3376 3377 2989
f 2990 3378 2991
f 3377 3378 2990
f 3369 2992 3371
f 2992 3378 3371
f 2992 2991 3378
f 2992 3369 2987
f 3381 3380 3379
f 3383 3382 3379
f 3379 3382 3381
f 3385 3384 3383
f 3383 3384 3382
f 3387 3386 3385
f 3385 3386 3384
f 3389 3388 3387
f 3387 3388 3386
f 2994 2995 3389
f 2995 3388 3389
f 2995 3390 3388
f 2995 2997 3390
f 3390 2997 3391
f 3394 3393 3392
f 3394 3392 3380
f 3392 3379 3380
f 3392 3395 3379
f 3379 3396 3383
f 3379 3395 3396
f 3396 2999 3000
f 3385 3396 3000
f 3383 3396 3385
f 3385 3000 3001
f 3385 3001 3387
f 3387 3001 3003
f 3387 3003 3389
f 3389 3003 2994
f 3397 3391 2997
f 3397 2997 3004
f 3398 3004 3005
f 3398 3397 3004
f 3400 3399 3006
f 3399 3005 3006
f 3399 3398 3005
f 3400 3401 3399
f 3403 3402 3009
f 3009 3402 3008
f 3010 3392 3393
f 3403 3010 3393
f 3009 3010 3403
f 3392 3010 3012
f 3392 3012 3395
f 3395 3012 3014
f 3395 3014 3396
f 3396 3014 2999
f 3017 3400 3006
f 3017 3019 3400
f 3019 3404 3400
f 3404 3401 3400
f 3019 3405 3404
f 3021 3405 3019
f 3406 3022 3023
f 3407 3406 3023
f 3008 3407 3023
f 3402 3407 3008
f 3404 3405 3408
f 3404 3408 3409
f 3026 3408 3021
f 3021 3408 3405
f 3411 3410 3406
f 3410 3022 3406
f 3410 3027 3022
f 3411 3406 3407
f 3409 3408 3030
f 3029 3409 3030
f 3412 3409 3029
f 3030 3408 3026
f 3414 3413 3032
f 3032 3413 3031
f 3032 3027 3410
f 3032 3410 3414
f 3035 3412 3029
f 3035 3415 3412
f 3413 3037 3031
f 3416 3037 3413
f 3418 3417 3038
f 3418 3038 3039
f 3038 3419 3040
f 3417 3419 3038
f 3035 3040 3415
f 3415 3040 3419
f 3422 3421 3420
f 3416 3422 3420
f 3043 3416 3420
f 3037 3416 3043
f 3424 3423 3044
f 3424 3044 3045
f 3039 3044 3418
f 3418 3044 3423
f 3427 3426 3425
f 3427 3425 3421
f 3421 3425 3420
f 3425 3048 3420
f 3048 3049 3420
f 3420 3049 3043
f 3429 3428 3051
f 3429 3051 3052
f 3045 3051 3424
f 3424 3051 3428
f 3432 3431 3430
f 3054 3055 3430
f 3055 3432 3430
f 3055 3433 3432
f 3434 3055 3056
f 3434 3433 3055
f 3436 3435 3058
f 3435 3056 3058
f 3435 3434 3056
f 3436 3437 3435
f 3440 3439 3438
f 3440 3438 3426
f 3426 3438 3425
f 3438 3061 3425
f 3061 3062 3425
f 3425 3062 3048
f 3442 3441 3064
f 3442 3064 3065
f 3052 3064 3429
f 3429 3064 3441
f 3444 3443 3070
f 3070 3443 3069
f 3445 3070 3071
f 3445 3444 3070
f 3072 3430 3431
f 3445 3072 3431
f 3071 3072 3445
f 3430 3072 3054
f 3073 3436 3058
f 3447 3446 3074
f 3074 3446 3073
f 3446 3437 3073
f 3437 3436 3073
f 3447 3448 3446
f 3438 3439 3077
f 3439 3076 3077
f 3439 3449 3076
f 3438 3077 3061
f 3078 3442 3065
f 3078 3450 3442
f 3451 3079 3080
f 3081 3452 3080
f 3080 3452 3451
f 3452 3081 3453
f 3081 3454 3453
f 3081 3082 3454
f 3456 3454 3455
f 3454 3083 3455
f 3454 3082 3083
f 3084 3457 3083
f 3083 3457 3455
f 3085 3458 3084
f 3084 3458 3457
f 3087 3458 3085
f 3443 3088 3069
f 3459 3088 3443
f 3089 3460 3447
f 3089 3447 3074
f 3448 3447 3461
f 3461 3447 3460
f 3091 3076 3462
f 3076 3463 3462
f 3076 3449 3463
f 3462 3093 3091
f 3095 3450 3078
f 3095 3464 3450
f 3465 3096 3097
f 3466 3465 3097
f 3466 3097 3079
f 3467 3466 3079
f 3451 3467 3079
f 3467 3451 3452
f 3467 3452 3468
f 3468 3452 3453
f 3469 3456 3455
f 3469 3455 3457
f 3469 3457 3470
f 3470 3457 3458
f 3470 3458 3471
f 3471 3458 3087
f 3098 3471 3087
f 3472 3471 3098
f 3098 3088 3459
f 3098 3459 3472
f 3474 3473 3460
f 3089 3474 3460
f 3099 3474 3089
f 3460 3473 3461
f 3463 3475 3462
f 3093 3462 3475
f 3476 3093 3475
f 3101 3093 3476
f 3103 3477 3102
f 3477 3478 3102
f 3478 3095 3102
f 3478 3464 3095
f 3480 3479 3465
f 3479 3096 3465
f 3479 3104 3096
f 3480 3465 3466
f 3482 3481 3105
f 3482 3105 3106
f 3099 3105 3474
f 3474 3105 3481
f 3476 3483 3101
f 3101 3483 3108
f 3109 3108 3483
f 3109 3483 3484
f 3486 3485 3111
f 3486 3111 3112
f 3111 3485 3103
f 3485 3487 3103
f 3487 3477 3103
f 3487 3485 3488
f 3478 3477 3489
f 3477 3490 3489
f 3477 3487 3490
f 3492 3491 3490
f 3490 3491 3489
f 3492 3493 3491
f 3479 3115 3104
f 3494 3115 3479
f 3496 3495 3117
f 3496 3117 3118
f 3106 3117 3482
f 3482 3117 3495
f 3484 3497 3109
f 3109 3497 3119
f 3119 3498 3121
f 3497 3498 3119
f 3121 3499 3123
f 3498 3499 3121
f 3124 3123 3499
f 3124 3499 3500
f 3502 3501 3126
f 3502 3126 3127
f 3126 3503 3129
f 3501 3503 3126
f 3112 3129 3486
f 3486 3129 3503
f 3487 3488 3132
f 3488 3131 3132
f 3488 3504 3131
f 3487 3132 3133
f 3487 3133 3490
f 3490 3133 3134
f 3490 3134 3492
f 3505 3493 3492
f 3134 3505 3492
f 3135 3505 3134
f 3135 3115 3494
f 3135 3494 3505
f 3118 3136 3506
f 3507 3118 3506
f 3496 3118 3507
f 3138 3506 3136
f 3509 3141 3508
f 3141 3500 3508
f 3141 3124 3500
f 3510 3509 3508
f 3143 3502 3127
f 3143 3511 3502
f 3512 3145 3146
f 3513 3512 3146
f 3131 3513 3146
f 3504 3513 3131
f 3507 3506 3514
f 3507 3514 3515
f 3147 3516 3138
f 3516 3506 3138
f 3516 3514 3506
f 3148 3516 3147
f 3517 3151 3509
f 3509 3151 3141
f 3509 3510 3518
f 3519 3509 3518
f 3517 3509 3519
f 3518 3511 3519
f 3511 3153 3519
f 3511 3143 3153
f 3520 3155 3512
f 3512 3155 3145
f 3512 3513 3521
f 3512 3521 3520
f 3515 3514 3522
f 3515 3522 3523
f 3524 3514 3516
f 3522 3514 3524
f 3156 3524 3148
f 3148 3524 3516
f 3525 3158 3159
f 3526 3525 3159
f 3526 3159 3151
f 3527 3526 3151
f 3517 3527 3151
f 3527 3517 3519
f 3527 3519 3528
f 3528 3519 3153
f 3160 3528 3153
f 3529 3528 3160
f 3530 3160 3161
f 3530 3529 3160
f 3530 3161 3155
f 3531 3530 3155
f 3520 3531 3155
f 3530 3531 3532
f 3520 3521 3533
f 3520 3533 3531
f 3536 3535 3534
f 3538 3537 3534
f 3538 3534 3535
f 3540 3539 3537
f 3540 3537 3538
f 3542 3541 3539
f 3542 3539 3540
f 3541 3542 3523
f 3541 3523 3522
f 3164 3541 3522
f 3163 3164 3522
f 3163 3522 3166
f 3166 3522 3524
f 3166 3524 3156
f 3543 3171 3172
f 3158 3525 3172
f 3525 3543 3172
f 3525 3544 3543
f 3525 3526 3545
f 3525 3545 3544
f 3546 3532 3531
f 3546 3531 3533
f 3549 3548 3547
f 3174 3175 3547
f 3548 3174 3547
f 3550 3174 3548
f 3174 3551 3176
f 3550 3551 3174
f 3176 3552 3177
f 3551 3552 3176
f 3177 3553 3178
f 3552 3553 3177
f 3178 3554 3179
f 3553 3554 3178
f 3556 3555 3180
f 3179 3556 3180
f 3554 3556 3179
f 3555 3556 3536
f 3555 3536 3534
f 3182 3555 3534
f 3181 3182 3534
f 3181 3534 3183
f 3183 3534 3537
f 3183 3537 3184
f 3184 3537 3539
f 3184 3539 3185
f 3185 3539 3541
f 3185 3541 3164
f 3557 3191 3543
f 3543 3191 3171
f 3544 3559 3558
f 3557 3544 3558
f 3543 3544 3557
f 3559 3544 3545
f 3562 3561 3560
f 3563 3560 3561
f 3566 3565 3564
f 3568 3567 3564
f 3568 3564 3565
f 3570 3569 3567
f 3570 3567 3568
f 3572 3571 3569
f 3572 3569 3570
f 3571 3572 3549
f 3571 3549 3547
f 3194 3571 3547
f 3193 3194 3547
f 3193 3547 3175
f 3555 3195 3180
f 3195 3555 3182
f 3573 3199 3200
f 3201 3574 3200
f 3200 3574 3573
f 3191 3557 3201
f 3557 3574 3201
f 3557 3575 3574
f 3557 3558 3576
f 3557 3576 3575
f 3579 3578 3577
f 3577 3578 3562
f 3560 3577 3562
f 3580 3577 3560
f 3560 3563 3581
f 3582 3560 3581
f 3580 3560 3582
f 3582 3581 3566
f 3582 3566 3564
f 3204 3582 3564
f 3203 3204 3564
f 3203 3564 3206
f 3206 3564 3567
f 3206 3567 3207
f 3567 3583 3207
f 3567 3569 3583
f 3210 3583 3209
f 3583 3571 3209
f 3583 3569 3571
f 3209 3571 3194
f 3584 3215 3573
f 3573 3215 3199
f 3585 3573 3574
f 3584 3573 3585
f 3586 3574 3575
f 3585 3574 3586
f 3575 3576 3587
f 3575 3587 3586
f 3590 3589 3588
f 3591 3588 3589
f 3594 3593 3592
f 3592 3593 3579
f 3577 3592 3579
f 3595 3592 3577
f 3596 3577 3580
f 3595 3577 3596
f 3218 3596 3217
f 3596 3582 3217
f 3596 3580 3582
f 3217 3582 3204
f 3583 3221 3207
f 3221 3583 3210
f 3597 3225 3226
f 3215 3584 3226
f 3584 3597 3226
f 3584 3598 3597
f 3585 3600 3599
f 3598 3585 3599
f 3584 3585 3598
f 3600 3585 3586
f 3600 3586 3601
f 3601 3586 3587
f 3590 3588 3602
f 3590 3602 3603
f 3588 3591 3604
f 3605 3588 3604
f 3602 3588 3605
f 3605 3604 3594
f 3592 3605 3594
f 3606 3605 3592
f 3607 3592 3595
f 3606 3592 3607
f 3608 3595 3596
f 3607 3595 3608
f 3228 3608 3218
f 3218 3608 3596
f 3597 3233 3225
f 3233 3597 3235
f 3597 3609 3235
f 3597 3598 3609
f 3598 3599 3610
f 3611 3598 3610
f 3609 3598 3611
f 3613 3612 3611
f 3613 3611 3610
f 3615 3614 3612
f 3615 3612 3613
f 3614 3615 3603
f 3602 3614 3603
f 3616 3614 3602
f 3617 3602 3605
f 3616 3602 3617
f 3618 3605 3606
f 3617 3605 3618
f 3619 3606 3607
f 3618 3606 3619
f 3238 3619 3237
f 3619 3608 3237
f 3619 3607 3608
f 3237 3608 3228
f 3609 3244 3235
f 3244 3609 3246
f 3609 3620 3246
f 3609 3611 3620
f 3621 3611 3612
f 3620 3611 3621
f 3622 3612 3614
f 3621 3612 3622
f 3249 3622 3248
f 3622 3616 3248
f 3622 3614 3616
f 3248 3616 3251
f 3251 3616 3617
f 3251 3617 3253
f 3253 3617 3618
f 3253 3618 3254
f 3618 3623 3254
f 3618 3619 3623
f 3256 3623 3238
f 3238 3623 3619
f 3620 3262 3246
f 3262 3620 3264
f 3620 3624 3264
f 3620 3621 3624
f 3267 3624 3266
f 3624 3622 3266
f 3624 3621 3622
f 3266 3622 3249
f 3625 3271 3623
f 3623 3271 3254
f 3273 3625 3256
f 3256 3625 3623
f 3626 3274 3275
f 3276 3627 3275
f 3275 3627 3626
f 3277 3627 3276
f 3628 3279 3280
f 3281 3628 3280
f 3630 3629 3283
f 3283 3629 3282
f 3631 3283 3284
f 3631 3630 3283
f 3632 3284 3285
f 3632 3631 3284
f 3633 3285 3286
f 3633 3632 3285
f 3635 3634 3288
f 3634 3286 3288
f 3634 3633 3286
f 3637 3636 3635
f 3635 3636 3634
f 3624 3289 3264
f 3637 3638 3636
f 3638 3637 3639
f 3267 3289 3624
f 3641 3638 3640
f 3639 3640 3638
f 3640 3642 3641
f 3643 3291 3290
f 3271 3625 3290
f 3625 3643 3290
f 3625 3644 3643
f 3292 3645 3273
f 3645 3625 3273
f 3645 3644 3625
f 3274 3626 3292
f 3626 3645 3292
f 3626 3646 3645
f 3647 3626 3627
f 3646 3626 3647
f 3293 3648 3277
f 3648 3627 3277
f 3648 3647 3627
f 3294 3649 3293
f 3293 3649 3648
f 3295 3649 3294
f 3650 3296 3628
f 3628 3296 3279
f 3298 3650 3281
f 3281 3650 3628
f 3652 3651 3301
f 3301 3651 3300
f 3653 3301 3302
f 3653 3652 3301
f 3302 3282 3629
f 3302 3629 3653
f 3304 3635 3288
f 3635 3304 3306
f 3654 3635 3306
f 3637 3635 3654
f 3654 3308 3309
f 3639 3654 3309
f 3637 3654 3639
f 3639 3309 3310
f 3639 3310 3640
f 3655 3642 3640
f 3310 3655 3640
f 3312 3655 3310
f 3656 3312 3314
f 3656 3655 3312
f 3314 3291 3643
f 3657 3314 3643
f 3656 3314 3657
f 3659 3658 3657
f 3643 3659 3657
f 3644 3659 3643
f 3660 3644 3645
f 3659 3644 3660
f 3661 3645 3646
f 3660 3645 3661
f 3662 3646 3647
f 3661 3646 3662
f 3648 3664 3663
f 3662 3648 3663
f 3647 3648 3662
f 3664 3648 3649
f 3664 3649 3665
f 3667 3665 3666
f 3666 3665 3315
f 3665 3649 3315
f 3649 3295 3315
f 3316 3666 3315
f 3668 3317 3650
f 3650 3317 3296
f 3318 3669 3298
f 3669 3650 3298
f 3669 3668 3650
f 3669 3318 3670
f 3318 3671 3670
f 3318 3319 3671
f 3319 3300 3651
f 3319 3651 3671
f 3321 3672 3322
f 3673 3323 3322
f 3673 3322 3672
f 3654 3306 3323
f 3673 3654 3323
f 3674 3654 3673
f 3674 3325 3308
f 3674 3308 3654
f 3658 3659 3675
f 3658 3675 3676
f 3677 3659 3660
f 3675 3659 3677
f 3661 3679 3678
f 3677 3661 3678
f 3660 3661 3677
f 3681 3680 3679
f 3661 3681 3679
f 3662 3681 3661
f 3662 3663 3682
f 3662 3682 3681
f 3683 3667 3666
f 3666 3316 3683
f 3316 3684 3683
f 3316 3328 3684
f 3686 3685 3668
f 3685 3317 3668
f 3685 3329 3317
f 3686 3668 3669
f 3686 3669 3687
f 3687 3669 3670
f 3689 3688 3330
f 3689 3330 3331
f 3330 3690 3332
f 3688 3690 3330
f 3332 3691 3333
f 3690 3691 3332
f 3321 3333 3672
f 3333 3692 3672
f 3333 3691 3692
f 3672 3692 3673
f 3673 3692 3693
f 3695 3694 3693
f 3694 3673 3693
f 3694 3674 3673
f 3696 3334 3325
f 3674 3696 3325
f 3694 3696 3674
f 3696 3335 3334
f 3697 3676 3675
f 3697 3675 3677
f 3697 3677 3698
f 3698 3677 3678
f 3699 3680 3681
f 3699 3681 3682
f 3702 3701 3700
f 3701 3684 3700
f 3684 3337 3700
f 3684 3328 3337
f 3685 3338 3329
f 3703 3338 3685
f 3705 3704 3340
f 3705 3340 3341
f 3340 3706 3342
f 3704 3706 3340
f 3331 3342 3689
f 3689 3342 3706
f 3695 3707 3694
f 3709 3708 3707
f 3708 3694 3707
f 3708 3696 3694
f 3708 3343 3335
f 3708 3335 3696
f 3712 3711 3710
f 3710 3711 3702
f 3700 3710 3702
f 3713 3710 3700
f 3345 3713 3337
f 3337 3713 3700
f 3703 3714 3338
f 3338 3714 3346
f 3346 3715 3347
f 3714 3715 3346
f 3347 3716 3348
f 3715 3716 3347
f 3341 3348 3705
f 3705 3348 3716
f 3708 3709 3717
f 3717 3709 3718
f 3717 3349 3343
f 3717 3343 3708
f 3712 3710 3351
f 3352 3712 3351
f 3719 3712 3352
f 3351 3710 3354
f 3354 3710 3713
f 3354 3713 3345
f 3717 3718 3720
f 3720 3718 3721
f 3720 3356 3349
f 3720 3349 3717
f 3359 3719 3352
f 3359 3722 3719
f 3721 3723 3720
f 3723 3725 3724
f 3723 3724 3360
f 3720 3723 3360
f 3356 3720 3360
f 3724 3362 3360
f 3728 3727 3726
f 3727 3722 3726
f 3722 3364 3726
f 3722 3359 3364
f 3725 3729 3724
f 3362 3724 3729
f 3730 3362 3729
f 3366 3362 3730
f 3733 3732 3731
f 3735 3734 3731
f 3735 3731 3732
f 3737 3736 3734
f 3737 3734 3735
f 3739 3738 3736
f 3739 3736 3737
f 3738 3739 3728
f 3738 3728 3726
f 3371 3738 3726
f 3370 3371 3726
f 3370 3726 3364
f 3730 3740 3366
f 3366 3740 3372
f 3372 3741 3373
f 3740 3741 3372
f 3373 3742 3374
f 3741 3742 3373
f 3731 3375 3733
f 3375 3742 3733
f 3375 3374 3742
f 3375 3731 3376
f 3376 3731 3734
f 3376 3734 3377
f 3377 3734 3736
f 3377 3736 3378
f 3378 3736 3738
f 3378 3738 3371
f 3745 3744 3743
f 3747 3746 3743
f 3743 3746 3745
f 3749 3748 3747
f 3747 3748 3746
f 3751 3750 3749
f 3749 3750 3748
f 3751 3752 3750
f 3743 3744 3753
f 3753 3744 3754
f 3753 3380 3381
f 3747 3753 3381
f 3743 3753 3747
f 3747 3381 3382
f 3747 3382 3749
f 3749 3382 3384
f 3749 3384 3751
f 3755 3752 3751
f 3384 3755 3751
f 3386 3755 3384
f 3756 3386 3388
f 3756 3755 3386
f 3757 3388 3390
f 3757 3756 3388
f 3759 3758 3391
f 3758 3390 3391
f 3758 3757 3390
f 3759 3760 3758
f 3763 3762 3761
f 3763 3761 3754
f 3754 3761 3753
f 3761 3393 3753
f 3393 3394 3753
f 3753 3394 3380
f 3397 3759 3391
f 3764 3760 3759
f 3397 3764 3759
f 3398 3764 3397
f 3766 3764 3765
f 3764 3399 3765
f 3764 3398 3399
f 3401 3765 3399
f 3761 3762 3403
f 3762 3402 3403
f 3762 3767 3402
f 3761 3403 3393
f 3768 3766 3765
f 3765 3401 3768
f 3401 3769 3768
f 3401 3404 3769
f 3767 3407 3402
f 3770 3407 3767
f 3409 3769 3404
f 3409 3771 3769
f 3772 3410 3411
f 3773 3772 3411
f 3407 3773 3411
f 3770 3773 3407
f 3776 3775 3774
f 3775 3771 3774
f 3771 3412 3774
f 3771 3409 3412
f 3777 3413 3414
f 3778 3777 3414
f 3778 3414 3410
f 3779 3778 3410
f 3772 3779 3410
f 3779 3772 3773
f 3782 3781 3780
f 3780 3781 3776
f 3774 3780 3776
f 3783 3780 3774
f 3415 3783 3412
f 3412 3783 3774
f 3785 3784 3777
f 3784 3413 3777
f 3784 3416 3413
f 3785 3777 3778
f 3782 3780 3417
f 3418 3782 3417
f 3786 3782 3418
f 3417 3780 3419
f 3419 3780 3783
f 3419 3783 3415
f 3788 3787 3422
f 3422 3787 3421
f 3422 3416 3784
f 3422 3784 3788
f 3790 3789 3423
f 3790 3423 3424
f 3418 3423 3786
f 3786 3423 3789
f 3792 3791 3427
f 3427 3791 3426
f 3427 3421 3787
f 3427 3787 3792
f 3794 3793 3428
f 3794 3428 3429
f 3424 3428 3790
f 3790 3428 3793
f 3796 3795 3432
f 3432 3795 3431
f 3797 3432 3433
f 3797 3796 3432
f 3798 3433 3434
f 3798 3797 3433
f 3799 3434 3435
f 3799 3798 3434
f 3801 3800 3437
f 3800 3435 3437
f 3800 3799 3435
f 3801 3802 3800
f 3804 3803 3440
f 3440 3803 3439
f 3440 3426 3791
f 3440 3791 3804
f 3806 3805 3441
f 3806 3441 3442
f 3429 3441 3794
f 3794 3441 3805
f 3809 3808 3807
f 3443 3444 3807
f 3444 3809 3807
f 3444 3810 3809
f 3811 3444 3445
f 3811 3810 3444
f 3445 3431 3795
f 3445 3795 3811
f 3446 3801 3437
f 3446 3448 3801
f 3448 3802 3801
f 3448 3812 3802
f 3803 3449 3439
f 3813 3449 3803
f 3450 3806 3442
f 3450 3814 3806
f 3815 3453 3454
f 3456 3815 3454
f 3807 3808 3816
f 3816 3808 3817
f 3816 3459 3443
f 3816 3443 3807
f 3461 3812 3448
f 3461 3818 3812
f 3813 3463 3449
f 3819 3463 3813
f 3464 3814 3450
f 3464 3820 3814
f 3821 3466 3467
f 3821 3467 3822
f 3467 3823 3822
f 3467 3468 3823
f 3468 3453 3815
f 3824 3468 3815
f 3823 3468 3824
f 3824 3815 3456
f 3469 3824 3456
f 3825 3824 3469
f 3826 3469 3470
f 3826 3825 3469
f 3827 3470 3471
f 3827 3826 3470
f 3472 3816 3817
f 3827 3472 3817
f 3471 3472 3827
f 3816 3472 3459
f 3829 3828 3473
f 3829 3473 3474
f 3461 3473 3818
f 3818 3473 3828
f 3819 3830 3463
f 3463 3830 3475
f 3476 3475 3830
f 3476 3830 3831
f 3478 3833 3832
f 3820 3478 3832
f 3464 3478 3820
f 3833 3834 3832
f 3836 3835 3480
f 3480 3835 3479
f 3480 3466 3821
f 3837 3480 3821
f 3836 3480 3837
f 3837 3821 3822
f 3839 3838 3481
f 3839 3481 3482
f 3474 3481 3829
f 3829 3481 3838
f 3831 3840 3476
f 3476 3840 3483
f 3842 3841 3484
f 3483 3842 3484
f 3840 3842 3483
f 3843 3841 3842
f 3846 3845 3844
f 3847 3844 3845
f 3849 3848 3485
f 3849 3485 3486
f 3488 3485 3848
f 3488 3848 3850
f 3489 3833 3478
f 3851 3834 3833
f 3489 3851 3833
f 3491 3851 3489
f 3853 3852 3493
f 3852 3491 3493
f 3852 3851 3491
f 3835 3852 3853
f 3494 3835 3853
f 3479 3835 3494
f 3856 3855 3854
f 3495 3496 3854
f 3855 3495 3854
f 3857 3495 3855
f 3482 3495 3839
f 3839 3495 3857
f 3841 3497 3484
f 3843 3858 3841
f 3858 3497 3841
f 3858 3498 3497
f 3844 3499 3846
f 3499 3858 3846
f 3499 3498 3858
f 3860 3859 3500
f 3860 3500 3499
f 3847 3860 3499
f 3844 3847 3499
f 3861 3859 3860
f 3502 3862 3501
f 3501 3862 3863
f 3864 3501 3863
f 3503 3501 3864
f 3486 3503 3849
f 3849 3503 3864
f 3850 3504 3488
f 3865 3504 3850
f 3505 3853 3493
f 3853 3505 3494
f 3856 3854 3866
f 3856 3866 3867
f 3507 3866 3496
f 3496 3866 3854
f 3859 3508 3500
f 3510 3508 3859
f 3861 3510 3859
f 3868 3510 3861
f 3870 3869 3862
f 3502 3870 3862
f 3511 3870 3502
f 3862 3869 3863
f 3865 3513 3504
f 3871 3513 3865
f 3874 3873 3872
f 3876 3875 3872
f 3876 3872 3873
f 3878 3877 3875
f 3878 3875 3876
f 3877 3878 3867
f 3866 3877 3867
f 3879 3877 3866
f 3515 3879 3507
f 3507 3879 3866
f 3868 3880 3510
f 3510 3880 3518
f 3511 3518 3870
f 3870 3518 3880
f 3882 3521 3881
f 3521 3871 3881
f 3521 3513 3871
f 3883 3882 3881
f 3874 3872 3884
f 3874 3884 3885
f 3886 3872 3875
f 3884 3872 3886
f 3887 3875 3877
f 3886 3875 3887
f 3888 3877 3879
f 3887 3877 3888
f 3523 3888 3515
f 3515 3888 3879
f 3889 3526 3527
f 3528 3890 3527
f 3527 3890 3889
f 3529 3891 3528
f 3528 3891 3890
f 3530 3892 3529
f 3529 3892 3891
f 3532 3892 3530
f 3894 3893 3882
f 3893 3521 3882
f 3893 3533 3521
f 3894 3882 3883
f 3897 3896 3895
f 3899 3898 3895
f 3899 3895 3896
f 3901 3900 3898
f 3901 3898 3899
f 3902 3900 3901
f 3905 3904 3903
f 3903 3904 3885
f 3903 3885 3884
f 3536 3903 3884
f 3535 3536 3884
f 3535 3884 3538
f 3538 3884 3886
f 3538 3886 3540
f 3540 3886 3887
f 3540 3887 3542
f 3542 3887 3888
f 3542 3888 3523
f 3906 3545 3889
f 3889 3545 3526
f 3890 3908 3907
f 3906 3890 3907
f 3889 3890 3906
f 3908 3890 3891
f 3908 3891 3909
f 3909 3891 3892
f 3909 3892 3910
f 3912 3910 3911
f 3911 3910 3546
f 3910 3892 3546
f 3892 3532 3546
f 3913 3911 3546
f 3533 3913 3546
f 3893 3913 3533
f 3916 3915 3914
f 3918 3917 3914
f 3918 3914 3915
f 3920 3919 3917
f 3920 3917 3918
f 3922 3921 3919
f 3922 3919 3920
f 3548 3549 3921
f 3922 3548 3921
f 3923 3548 3922
f 3895 3550 3897
f 3550 3923 3897
f 3550 3548 3923
f 3550 3895 3551
f 3551 3895 3898
f 3551 3898 3552
f 3552 3898 3900
f 3902 3924 3900
f 3924 3552 3900
f 3924 3553 3552
f 3553 3925 3554
f 3924 3925 3553
f 3903 3556 3905
f 3556 3925 3905
f 3556 3554 3925
f 3556 3903 3536
f 3926 3558 3559
f 3545 3906 3559
f 3906 3926 3559
f 3906 3927 3926
f 3906 3907 3928
f 3906 3928 3927
f 3931 3930 3929
f 3929 3930 3912
f 3929 3912 3911
f 3562 3929 3911
f 3561 3562 3911
f 3933 3932 3563
f 3933 3563 3561
f 3913 3933 3561
f 3911 3913 3561
f 3932 3933 3916
f 3932 3916 3914
f 3566 3932 3914
f 3565 3566 3914
f 3565 3914 3568
f 3568 3914 3917
f 3568 3917 3570
f 3570 3917 3919
f 3570 3919 3572
f 3572 3919 3921
f 3572 3921 3549
f 3934 3576 3926
f 3926 3576 3558
f 3935 3926 3927
f 3934 3926 3935
f 3927 3928 3936
f 3927 3936 3935
f 3931 3929 3578
f 3579 3931 3578
f 3937 3931 3579
f 3578 3929 3562
f 3932 3581 3563
f 3581 3932 3566
f 3938 3587 3934
f 3934 3587 3576
f 3590 3938 3589
f 3938 3935 3589
f 3938 3934 3935
f 3940 3939 3591
f 3940 3591 3589
f 3936 3940 3589
f 3935 3936 3589
f 3593 3594 3939
f 3940 3593 3939
f 3941 3593 3940
f 3579 3593 3937
f 3937 3593 3941
f 3942 3599 3600
f 3601 3943 3600
f 3600 3943 3942
f 3587 3938 3601
f 3938 3943 3601
f 3938 3944 3943
f 3603 3944 3590
f 3590 3944 3938
f 3939 3604 3591
f 3604 3939 3594
f 3942 3610 3599
f 3610 3942 3613
f 3613 3942 3943
f 3613 3943 3615
f 3615 3943 3944
f 3615 3944 3603
f 3946 3945 3630
f 3630 3945 3629
f 3947 3630 3631
f 3947 3946 3630
f 3948 3631 3632
f 3948 3947 3631
f 3949 3632 3633
f 3949 3948 3632
f 3950 3633 3634
f 3950 3949 3633
f 3951 3634 3636
f 3951 3950 3634
f 3952 3636 3638
f 3952 3951 3636
f 3953 3638 3641
f 3953 3952 3638
f 3955 3954 3642
f 3954 3641 3642
f 3954 3953 3641
f 3957 3956 3955
f 3955 3956 3954
f 3959 3958 3957
f 3957 3958 3956
f 3959 3960 3958
f 3962 3961 3652
f 3652 3961 3651
f 3963 3652 3653
f 3963 3962 3652
f 3653 3629 3945
f 3653 3945 3963
f 3655 3955 3642
f 3955 3655 3656
f 3955 3656 3957
f 3957 3656 3657
f 3957 3657 3959
f 3657 3658 3959
f 3658 3960 3959
f 3658 3964 3960
f 3965 3663 3664
f 3665 3966 3664
f 3664 3966 3965
f 3667 3966 3665
f 3967 3670 3671
f 3968 3967 3671
f 3651 3968 3671
f 3961 3968 3651
f 3676 3970 3969
f 3964 3676 3969
f 3658 3676 3964
f 3972 3971 3970
f 3970 3971 3969
f 3678 3679 3972
f 3679 3971 3972
f 3679 3973 3971
f 3679 3680 3973
f 3973 3680 3974
f 3975 3682 3965
f 3965 3682 3663
f 3976 3965 3966
f 3975 3965 3976
f 3683 3977 3667
f 3977 3966 3667
f 3977 3976 3966
f 3684 3977 3683
f 3978 3685 3686
f 3978 3686 3979
f 3686 3980 3979
f 3686 3687 3980
f 3687 3670 3967
f 3981 3687 3967
f 3980 3687 3981
f 3981 3967 3968
f 3983 3982 3688
f 3983 3688 3689
f 3688 3984 3690
f 3982 3984 3688
f 3690 3985 3691
f 3984 3985 3690
f 3691 3986 3692
f 3985 3986 3691
f 3986 3988 3987
f 3693 3986 3987
f 3692 3986 3693
f 3987 3695 3693
f 3697 3970 3676
f 3970 3697 3698
f 3970 3698 3972
f 3972 3698 3678
f 3989 3974 3680
f 3989 3680 3699
f 3699 3682 3975
f 3990 3699 3975
f 3989 3699 3990
f 3992 3991 3990
f 3975 3992 3990
f 3976 3992 3975
f 3702 3992 3701
f 3992 3977 3701
f 3992 3976 3977
f 3701 3977 3684
f 3993 3703 3978
f 3978 3703 3685
f 3978 3979 3994
f 3978 3994 3993
f 3996 3995 3704
f 3996 3704 3705
f 3704 3997 3706
f 3995 3997 3704
f 3689 3706 3983
f 3983 3706 3997
f 3988 3998 3987
f 3998 4000 3999
f 3998 3999 3707
f 3987 3998 3707
f 3695 3987 3707
f 3999 3709 3707
f 3991 3992 3711
f 3712 3991 3711
f 4001 3991 3712
f 3711 3992 3702
f 3993 3714 3703
f 3994 4002 3993
f 4002 3714 3993
f 4002 3715 3714
f 3715 4003 3716
f 4002 4003 3715
f 3705 3716 3996
f 3996 3716 4003
f 3999 4000 4004
f 4004 4000 4005
f 4004 3718 3709
f 4004 3709 3999
f 3719 4001 3712
f 3719 4006 4001
f 4005 4007 4004
f 3718 4004 4007
f 4008 3718 4007
f 3721 3718 4008
f 4011 4010 4009
f 4010 4006 4009
f 4006 3722 4009
f 4006 3719 3722
f 4008 4012 3721
f 3721 4012 3723
f 3725 3723 4012
f 3725 4012 4013
f 4016 4015 4014
f 4018 4017 4014
f 4018 4014 4015
f 4020 4019 4017
f 4020 4017 4018
f 4019 4020 4011
f 4019 4011 4009
f 3728 4019 4009
f 3727 3728 4009
f 3727 4009 3722
f 4013 4021 3725
f 3725 4021 3729
f 3730 3729 4021
f 3730 4021 4022
f 4025 4024 4023
f 3732 3733 4023
f 4024 3732 4023
f 4026 3732 4024
f 4014 3735 4016
f 3735 4026 4016
f 3735 3732 4026
f 3735 4014 3737
f 3737 4014 4017
f 3737 4017 3739
f 3739 4017 4019
f 3739 4019 3728
f 4022 4027 3730
f 3730 4027 3740
f 3740 4028 3741
f 4027 4028 3740
f 4023 3742 4025
f 3742 4028 4025
f 3742 3741 4028
f 3742 4023 3733
f 4031 4030 4029
f 4033 4032 4029
f 4029 4032 4031
f 4033 4034 4032
f 4036 4035 3745
f 3745 4035 3744
f 3746 4029 4030
f 4036 3746 4030
f 3745 3746 4036
f 4029 3746 3748
f 4029 3748 4033
f 4037 4034 4033
f 3748 4037 4033
f 3750 4037 3748
f 4039 4038 3752
f 4038 3750 3752
f 4038 4037 3750
f 4039 4040 4038
f 4035 3754 3744
f 4041 3754 4035
f 3755 4039 3752
f 4042 4040 4039
f 3755 4042 4039
f 3756 4042 3755
f 4043 3756 3757
f 4043 4042 3756
f 4044 3757 3758
f 4044 4043 3757
f 3758 3760 4044
f 4044 3760 4045
f 4046 3762 3763
f 4047 4046 3763
f 3754 4047 3763
f 4041 4047 3754
f 4048 4045 3760
f 4048 3760 3764
f 3764 3766 4048
f 4048 3766 4049
f 4050 3767 4046
f 4046 3767 3762
f 4046 4047 4051
f 4046 4051 4050
f 3766 3768 4052
f 4053 3766 4052
f 4049 3766 4053
f 3769 4052 3768
f 4054 3770 4050
f 4050 3770 3767
f 4050 4051 4055
f 4050 4055 4054
f 4053 4052 4056
f 4053 4056 4057
f 3771 4056 3769
f 3769 4056 4052
f 4059 4058 4054
f 4058 3770 4054
f 4058 3773 3770
f 4059 4054 4055
f 4062 4061 4060
f 4060 4061 4057
f 4060 4057 4056
f 3776 4060 4056
f 3775 3776 4056
f 3775 4056 3771
f 4063 3778 3779
f 4064 4063 3779
f 3773 4064 3779
f 4058 4064 3773
f 4062 4060 3781
f 3782 4062 3781
f 4065 4062 3782
f 3781 4060 3776
f 4066 3784 3785
f 4067 4066 3785
f 4067 3785 3778
f 4068 4067 3778
f 4063 4068 3778
f 4068 4063 4064
f 4071 4070 4069
f 4070 4065 4069
f 4065 3786 4069
f 4065 3782 3786
f 4072 3787 3788
f 4073 4072 3788
f 4073 3788 3784
f 4074 4073 3784
f 4066 4074 3784
f 4074 4066 4067
f 4077 4076 4075
f 4075 4076 4071
f 4075 4071 4069
f 3790 4075 4069
f 3789 3790 4069
f 3789 4069 3786
f 4080 4079 4078
f 4078 4081 4080
f 4082 3791 3792
f 4083 4082 3792
f 4083 3792 3787
f 4084 4083 3787
f 4072 4084 3787
f 4084 4072 4073
f 4077 4075 3793
f 3794 4077 3793
f 4085 4077 3794
f 3793 4075 3790
f 4088 4087 4086
f 3795 3796 4086
f 3796 4088 4086
f 3796 4089 4088
f 4090 3796 3797
f 4090 4089 3796
f 3798 4078 4079
f 4090 3798 4079
f 3797 3798 4090
f 4091 4081 4078
f 3798 4091 4078
f 3799 4091 3798
f 4092 3799 3800
f 4092 4091 3799
f 3800 3802 4092
f 4092 3802 4093
f 4094 3803 3804
f 4095 4094 3804
f 4095 3804 3791
f 4096 4095 3791
f 4082 4096 3791
f 4096 4082 4083
f 3806 4097 3805
f 4097 4098 3805
f 4098 3794 3805
f 4098 4085 3794
f 4100 4099 3809
f 3809 4099 3808
f 4101 3809 3810
f 4101 4100 3809
f 3811 4086 4087
f 4101 3811 4087
f 3810 3811 4101
f 4086 3811 3795
f 3812 4093 3802
f 3812 4102 4093
f 4103 3813 4094
f 4094 3813 3803
f 4094 4095 4104
f 4094 4104 4103
f 3814 4105 4097
f 3814 4097 3806
f 4098 4097 4106
f 4106 4097 4105
f 4099 3817 3808
f 4107 3817 4099
f 3818 4102 3812
f 3818 4108 4102
f 4109 3819 4103
f 4103 3819 3813
f 4103 4104 4110
f 4103 4110 4109
f 3820 4111 4105
f 3820 4105 3814
f 4106 4105 4112
f 4112 4105 4111
f 4114 4113 3823
f 3823 4113 3822
f 4115 3823 3824
f 4115 4114 3823
f 4116 3824 3825
f 4116 4115 3824
f 4117 3825 3826
f 4117 4116 3825
f 4118 3826 3827
f 4118 4117 3826
f 3827 3817 4107
f 3827 4107 4118
f 4121 4120 4119
f 3828 3829 4119
f 4120 3828 4119
f 4122 3828 4120
f 3818 3828 4108
f 4108 3828 4122
f 4109 3830 3819
f 4124 4123 3831
f 4124 3831 3830
f 4110 4124 3830
f 4109 4110 3830
f 4125 4123 4124
f 3832 4111 3820
f 4127 4126 3834
f 3834 4126 3832
f 4126 4112 3832
f 4112 4111 3832
f 4127 4128 4126
f 4130 4129 3836
f 3836 4129 3835
f 4131 3836 3837
f 4131 4130 3836
f 3837 3822 4113
f 3837 4113 4131
f 4134 4133 4132
f 4136 4135 4132
f 4136 4132 4133
f 4135 4136 4121
f 4135 4121 4119
f 3839 4135 4119
f 3838 3839 4119
f 3838 4119 3829
f 4123 3840 3831
f 4125 4137 4123
f 4137 3840 4123
f 4137 3842 3840
f 4139 4138 3843
f 3842 4139 3843
f 4137 4139 3842
f 3845 3846 4138
f 4139 3845 4138
f 4140 3845 4139
f 3847 3845 4140
f 3847 4140 4141
f 4143 4142 3848
f 4143 3848 3849
f 3850 3848 4142
f 3850 4142 4144
f 3851 4127 3834
f 4145 4128 4127
f 3851 4145 4127
f 3852 4145 3851
f 3852 3835 4129
f 3852 4129 4145
f 4148 4147 4146
f 4149 4146 4147
f 4152 4151 4150
f 4150 4151 4134
f 4150 4134 4132
f 3856 4150 4132
f 3855 3856 4132
f 3855 4132 3857
f 3857 4132 4135
f 3857 4135 3839
f 4138 3858 3843
f 3858 4138 3846
f 4141 4153 3847
f 3847 4153 3860
f 3861 3860 4153
f 3861 4153 4154
f 4156 4155 3864
f 4156 3864 3863
f 3849 3864 4143
f 4143 3864 4155
f 4144 3865 3850
f 4157 3865 4144
f 4160 4159 4158
f 4158 4159 4148
f 4146 4158 4148
f 4161 4158 4146
f 4146 4149 4162
f 4146 4162 4161
f 4152 4150 4163
f 4152 4163 4164
f 3867 4163 3856
f 3856 4163 4150
f 4154 3868 3861
f 4165 3868 4154
f 4167 4166 3869
f 4167 3869 3870
f 3863 3869 4156
f 4156 3869 4166
f 4157 3871 3865
f 4168 3871 4157
f 4171 4170 4169
f 4172 4169 4170
f 4160 4158 4173
f 4160 4173 4174
f 4175 4158 4161
f 4173 4158 4175
f 3873 3874 4176
f 4162 4177 4161
f 4175 4161 4177
f 3873 4176 4178
f 4179 3873 4178
f 3876 3873 4179
f 4163 3878 4164
f 3878 4179 4164
f 3878 3876 4179
f 3878 4163 3867
f 4165 4180 3868
f 3868 4180 3880
f 3870 3880 4167
f 4167 3880 4180
f 4168 4181 3871
f 3871 4181 3881
f 3883 3881 4181
f 3883 4181 4182
f 4185 4184 4183
f 4183 4184 4171
f 4169 4183 4171
f 4186 4183 4169
f 4169 4172 4187
f 4169 4187 4186
f 4174 4173 4188
f 4174 4188 4189
f 4190 4173 4175
f 4188 4173 4190
f 3885 4176 3874
f 4176 3885 4191
f 4190 4191 3885
f 4191 4190 4177
f 4175 4177 4190
f 4176 4191 4178
f 4193 4192 3894
f 3894 4192 3893
f 3894 3883 4182
f 3894 4182 4193
f 4196 4195 4194
f 4198 4197 4194
f 4198 4194 4195
f 4200 4199 4197
f 4200 4197 4198
f 4202 4201 4199
f 4202 4199 4200
f 3896 3897 4201
f 4202 3896 4201
f 4203 3896 4202
f 4183 3899 4185
f 3899 4203 4185
f 3899 3896 4203
f 3899 4183 3901
f 3901 4183 4186
f 4205 4204 3902
f 4205 3902 3901
f 4187 4205 3901
f 4186 4187 3901
f 4204 4205 4189
f 4188 4204 4189
f 4206 4204 4188
f 3905 4206 3904
f 4206 4190 3904
f 4206 4188 4190
f 3904 4190 3885
f 4207 3907 3908
f 3909 4208 3908
f 3908 4208 4207
f 3910 4209 3909
f 3909 4209 4208
f 3912 4209 3910
f 4211 3913 4210
f 3913 4192 4210
f 3913 3893 4192
f 3915 3916 4211
f 4210 3915 4211
f 4212 3915 4210
f 4194 3918 4196
f 3918 4212 4196
f 3918 3915 4212
f 3918 4194 3920
f 3920 4194 4197
f 3920 4197 3922
f 3922 4197 4199
f 3922 4199 3923
f 3923 4199 4201
f 3923 4201 3897
f 4204 3924 3902
f 3924 4204 3925
f 3925 4204 4206
f 3925 4206 3905
f 4213 3928 4207
f 4207 3928 3907
f 4214 4207 4208
f 4213 4207 4214
f 3931 4214 3930
f 4214 4209 3930
f 4214 4208 4209
f 3930 4209 3912
f 4211 3933 3913
f 3933 4211 3916
f 4215 3936 4213
f 4213 3936 3928
f 4216 4213 4214
f 4215 4213 4216
f 3937 4216 3931
f 3931 4216 4214
f 4215 3940 3936
f 3940 4215 3941
f 3941 4215 4216
f 3941 4216 3937
f 4219 4218 4217
f 4217 4220 4219
f 4223 4222 4221
f 4225 4224 4221
f 4221 4224 4223
f 4224 4225 4218
f 4225 4217 4218
f 4225 4226 4217
f 4220 4217 4227
f 4217 4228 4227
f 4217 4226 4228
f 4228 4229 4227
f 4230 3945 3946
f 4230 3946 4231
f 3946 4232 4231
f 3946 3947 4232
f 4233 3947 3948
f 4233 4232 3947
f 4234 3948 3949
f 4234 4233 3948
f 4235 3949 3950
f 4235 4234 3949
f 4236 3950 3951
f 4236 4235 3950
f 4237 3951 3952
f 4237 4236 3951
f 3953 4221 4222
f 4237 3953 4222
f 3952 3953 4237
f 4221 3953 3954
f 4221 3954 4225
f 4225 3954 3956
f 4225 3956 4226
f 4226 3956 3958
f 4226 3958 4228
f 3958 3960 4228
f 3960 4229 4228
f 3960 4238 4229
f 4240 4239 3962
f 3962 4239 3961
f 4241 3962 3963
f 4241 4240 3962
f 3963 3945 4230
f 4242 3963 4230
f 4241 3963 4242
f 4242 4230 4231
f 3964 4238 3960
f 3964 4243 4238
f 4239 3968 3961
f 4244 3968 4239
f 4245 4243 3964
f 4245 3964 3969
f 4247 4245 4246
f 4245 3971 4246
f 4245 3969 3971
f 3973 4248 3971
f 3971 4248 4246
f 3974 4248 3973
f 4249 3979 3980
f 4249 3980 4250
f 3980 4251 4250
f 3980 3981 4251
f 3981 3968 4244
f 3981 4244 4251
f 4254 4253 4252
f 4255 3982 3983
f 4256 4252 4253
f 4257 3984 3982
f 4257 3982 4255
f 3984 4257 4258
f 4259 3984 4258
f 3985 3984 4259
f 4259 4261 4260
f 3986 4259 4260
f 3985 4259 3986
f 4260 3988 3986
f 4262 4247 4246
f 4262 4246 4248
f 4262 4248 4263
f 4263 4248 3974
f 3989 4263 3974
f 4264 4263 3989
f 4265 3989 3990
f 4265 4264 3989
f 3990 3991 4265
f 4265 3991 4266
f 4267 3994 4249
f 4249 3994 3979
f 4249 4250 4268
f 4249 4268 4267
f 3996 4269 3995
f 4270 4254 4252
f 3995 4270 4252
f 3997 3995 4252
f 4270 3995 4269
f 4252 4256 3997
f 4256 4271 3997
f 4255 3983 3997
f 4255 3997 4271
f 4255 4271 4257
f 4257 4271 4272
f 4257 4272 4258
f 4261 4273 4260
f 4273 4275 4274
f 4273 4274 3998
f 4260 4273 3998
f 3988 4260 3998
f 4274 4000 3998
f 4001 4266 3991
f 4001 4276 4266
f 4267 4002 3994
f 4268 4277 4267
f 4277 4002 4267
f 4277 4003 4002
f 3996 4003 4269
f 4003 4278 4269
f 4003 4277 4278
f 4269 4278 4270
f 4275 4279 4274
f 4000 4274 4279
f 4280 4000 4279
f 4005 4000 4280
f 4006 4276 4001
f 4006 4281 4276
f 4280 4282 4005
f 4005 4282 4007
f 4008 4007 4282
f 4008 4282 4283
f 4286 4285 4284
f 4010 4011 4284
f 4285 4010 4284
f 4287 4010 4285
f 4006 4010 4281
f 4281 4010 4287
f 4283 4288 4008
f 4008 4288 4012
f 4013 4012 4288
f 4013 4288 4289
f 4292 4291 4290
f 4294 4293 4290
f 4294 4290 4291
f 4015 4016 4293
f 4294 4015 4293
f 4295 4015 4294
f 4015 4296 4018
f 4295 4296 4015
f 4284 4020 4286
f 4020 4296 4286
f 4020 4018 4296
f 4020 4284 4011
f 4289 4297 4013
f 4013 4297 4021
f 4022 4021 4297
f 4022 4297 4298
f 4301 4300 4299
f 4299 4300 4292
f 4299 4292 4290
f 4025 4299 4290
f 4024 4025 4290
f 4024 4290 4026
f 4026 4290 4293
f 4026 4293 4016
f 4298 4302 4022
f 4022 4302 4027
f 4299 4028 4301
f 4028 4302 4301
f 4028 4027 4302
f 4028 4299 4025
f 4304 4303 4031
f 4031 4303 4030
f 4305 4031 4032
f 4305 4304 4031
f 4307 4306 4034
f 4306 4032 4034
f 4306 4305 4032
f 4307 4308 4306
f 4310 4309 4036
f 4036 4309 4035
f 4036 4030 4303
f 4036 4303 4310
f 4037 4307 4034
f 4311 4308 4307
f 4037 4311 4307
f 4038 4311 4037
f 4313 4312 4040
f 4312 4038 4040
f 4312 4311 4038
f 4313 4314 4312
f 4317 4316 4315
f 4315 4318 4317
f 4309 4041 4035
f 4319 4041 4309
f 4042 4313 4040
f 4320 4314 4313
f 4042 4320 4313
f 4043 4320 4042
f 4044 4315 4316
f 4320 4044 4316
f 4043 4044 4320
f 4044 4045 4315
f 4045 4318 4315
f 4045 4321 4318
f 4319 4047 4041
f 4322 4047 4319
f 4045 4048 4323
f 4324 4045 4323
f 4321 4045 4324
f 4049 4323 4048
f 4322 4051 4047
f 4325 4051 4322
f 4324 4323 4326
f 4324 4326 4327
f 4053 4326 4049
f 4049 4326 4323
f 4325 4055 4051
f 4328 4055 4325
f 4327 4326 4329
f 4327 4329 4330
f 4057 4329 4053
f 4053 4329 4326
f 4331 4058 4059
f 4332 4331 4059
f 4055 4332 4059
f 4328 4332 4055
f 4330 4329 4061
f 4062 4330 4061
f 4333 4330 4062
f 4061 4329 4057
f 4335 4334 4331
f 4334 4058 4331
f 4334 4064 4058
f 4335 4331 4332
f 4338 4337 4336
f 4337 4333 4336
f 4333 4065 4336
f 4333 4062 4065
f 4340 4339 4068
f 4068 4339 4067
f 4068 4064 4334
f 4068 4334 4340
f 4338 4336 4070
f 4071 4338 4070
f 4341 4338 4071
f 4070 4336 4065
f 4343 4342 4074
f 4074 4342 4073
f 4074 4067 4339
f 4074 4339 4343
f 4345 4344 4076
f 4345 4076 4077
f 4071 4076 4341
f 4341 4076 4344
f 4346 4079 4080
f 4081 4346 4080
f 4348 4347 4084
f 4084 4347 4083
f 4084 4073 4342
f 4084 4342 4348
f 4085 4345 4077
f 4085 4349 4345
f 4350 4087 4088
f 4350 4088 4351
f 4088 4352 4351
f 4088 4089 4352
f 4353 4089 4090
f 4353 4352 4089
f 4090 4079 4346
f 4354 4090 4346
f 4353 4090 4354
f 4356 4354 4355
f 4355 4354 4091
f 4354 4346 4091
f 4346 4081 4091
f 4092 4357 4091
f 4091 4357 4355
f 4093 4357 4092
f 4359 4358 4096
f 4096 4358 4095
f 4096 4083 4347
f 4096 4347 4359
f 4098 4349 4085
f 4098 4360 4349
f 4362 4361 4100
f 4100 4361 4099
f 4364 4362 4363
f 4362 4101 4363
f 4362 4100 4101
f 4365 4363 4101
f 4365 4101 4087
f 4366 4365 4087
f 4350 4366 4087
f 4366 4350 4351
f 4356 4355 4367
f 4356 4367 4368
f 4357 4370 4369
f 4367 4357 4369
f 4355 4357 4367
f 4357 4093 4370
f 4093 4371 4370
f 4093 4102 4371
f 4358 4104 4095
f 4372 4104 4358
f 4106 4360 4098
f 4106 4373 4360
f 4361 4107 4099
f 4374 4107 4361
f 4375 4364 4363
f 4375 4363 4365
f 4378 4377 4376
f 4376 4377 4368
f 4367 4376 4368
f 4379 4376 4367
f 4367 4369 4380
f 4381 4367 4380
f 4379 4367 4381
f 4380 4371 4381
f 4371 4108 4381
f 4371 4102 4108
f 4383 4110 4382
f 4110 4372 4382
f 4110 4104 4372
f 4384 4383 4382
f 4112 4386 4385
f 4373 4112 4385
f 4106 4112 4373
f 4386 4387 4385
f 4390 4389 4388
f 4113 4114 4391
f 4390 4388 4392
f 4391 4114 4393
f 4114 4394 4393
f 4114 4115 4394
f 4395 4115 4116
f 4395 4394 4115
f 4396 4116 4117
f 4396 4395 4116
f 4398 4396 4397
f 4396 4118 4397
f 4396 4117 4118
f 4399 4397 4118
f 4107 4399 4118
f 4374 4399 4107
f 4402 4401 4400
f 4404 4403 4400
f 4404 4400 4401
f 4403 4404 4378
f 4376 4403 4378
f 4405 4403 4376
f 4121 4405 4120
f 4405 4379 4120
f 4405 4376 4379
f 4120 4379 4122
f 4122 4379 4381
f 4122 4381 4108
f 4383 4124 4110
f 4407 4406 4125
f 4407 4125 4124
f 4384 4407 4124
f 4383 4384 4124
f 4409 4408 4406
f 4409 4406 4407
f 4411 4410 4408
f 4411 4408 4409
f 4412 4410 4411
f 4126 4386 4112
f 4414 4413 4128
f 4128 4413 4126
f 4413 4387 4126
f 4387 4386 4126
f 4129 4130 4414
f 4130 4413 4414
f 4130 4415 4413
f 4131 4388 4389
f 4415 4131 4389
f 4130 4131 4415
f 4131 4392 4388
f 4131 4416 4392
f 4131 4113 4391
f 4416 4131 4391
f 4416 4391 4393
f 4398 4397 4417
f 4398 4417 4418
f 4397 4399 4419
f 4397 4419 4417
f 4402 4400 4420
f 4402 4420 4421
f 4134 4420 4133
f 4420 4403 4133
f 4420 4400 4403
f 4133 4403 4136
f 4136 4403 4405
f 4136 4405 4121
f 4406 4137 4125
f 4137 4406 4139
f 4139 4406 4408
f 4139 4408 4140
f 4140 4408 4410
f 4423 4422 4141
f 4423 4141 4140
f 4412 4423 4140
f 4410 4412 4140
f 4424 4422 4423
f 4143 4425 4142
f 4425 4144 4142
f 4145 4414 4128
f 4414 4145 4129
f 4428 4427 4426
f 4426 4427 4418
f 4417 4426 4418
f 4429 4426 4417
f 4430 4147 4148
f 4417 4430 4148
f 4429 4417 4148
f 4430 4417 4419
f 4432 4431 4149
f 4147 4432 4149
f 4430 4432 4147
f 4433 4431 4432
f 4421 4420 4151
f 4152 4421 4151
f 4434 4421 4152
f 4151 4420 4134
f 4422 4153 4141
f 4154 4153 4422
f 4424 4154 4422
f 4435 4154 4424
f 4437 4436 4155
f 4437 4155 4156
f 4143 4155 4425
f 4155 4438 4425
f 4155 4436 4438
f 4157 4144 4425
f 4439 4157 4425
f 4438 4439 4425
f 4157 4439 4440
f 4441 4440 4439
f 4444 4443 4442
f 4442 4443 4428
f 4426 4442 4428
f 4445 4442 4426
f 4160 4445 4159
f 4445 4429 4159
f 4445 4426 4429
f 4159 4429 4148
f 4447 4446 4431
f 4446 4149 4431
f 4446 4162 4149
f 4447 4431 4433
f 4164 4434 4152
f 4164 4448 4434
f 4435 4165 4154
f 4449 4165 4435
f 4167 4450 4166
f 4450 4451 4166
f 4451 4156 4166
f 4451 4437 4156
f 4452 4168 4440
f 4440 4168 4157
f 4440 4441 4453
f 4454 4440 4453
f 4452 4440 4454
f 4455 4454 4453
f 4458 4457 4456
f 4459 4456 4457
f 4462 4461 4460
f 4464 4463 4460
f 4464 4460 4461
f 4463 4464 4444
f 4463 4444 4442
f 4171 4463 4442
f 4170 4171 4442
f 4170 4442 4172
f 4442 4465 4172
f 4442 4445 4465
f 4174 4465 4160
f 4160 4465 4445
f 4467 4177 4466
f 4177 4446 4466
f 4177 4162 4446
f 4179 4178 4467
f 4466 4179 4467
f 4468 4179 4466
f 4164 4179 4448
f 4448 4179 4468
f 4449 4469 4165
f 4165 4469 4180
f 4167 4180 4450
f 4180 4470 4450
f 4180 4469 4470
f 4450 4470 4451
f 4452 4181 4168
f 4181 4452 4182
f 4452 4471 4182
f 4452 4454 4471
f 4454 4455 4472
f 4473 4454 4472
f 4471 4454 4473
f 4473 4472 4458
f 4456 4473 4458
f 4474 4473 4456
f 4456 4459 4475
f 4476 4456 4475
f 4474 4456 4476
f 4478 4477 4476
f 4478 4476 4475
f 4477 4478 4462
f 4460 4477 4462
f 4479 4477 4460
f 4185 4479 4184
f 4479 4463 4184
f 4479 4460 4463
f 4184 4463 4171
f 4480 4187 4465
f 4465 4187 4172
f 4189 4480 4174
f 4174 4480 4465
f 4467 4191 4177
f 4191 4467 4178
f 4481 4192 4193
f 4182 4471 4193
f 4471 4481 4193
f 4471 4482 4481
f 4196 4482 4195
f 4482 4473 4195
f 4482 4471 4473
f 4195 4473 4198
f 4198 4473 4474
f 4198 4474 4200
f 4200 4474 4476
f 4200 4476 4202
f 4202 4476 4477
f 4202 4477 4203
f 4203 4477 4479
f 4203 4479 4185
f 4480 4205 4187
f 4205 4480 4189
f 4481 4210 4192
f 4210 4481 4212
f 4212 4481 4482
f 4212 4482 4196
f 4485 4484 4483
f 4218 4219 4483
f 4219 4485 4483
f 4219 4486 4485
f 4488 4487 4220
f 4487 4219 4220
f 4487 4486 4219
f 4488 4489 4487
f 4491 4490 4223
f 4223 4490 4222
f 4224 4483 4484
f 4491 4224 4484
f 4223 4224 4491
f 4483 4224 4218
f 4227 4488 4220
f 4227 4229 4488
f 4229 4489 4488
f 4229 4492 4489
f 4494 4493 4232
f 4232 4493 4231
f 4495 4232 4233
f 4495 4494 4232
f 4496 4233 4234
f 4496 4495 4233
f 4497 4234 4235
f 4497 4496 4234
f 4498 4235 4236
f 4498 4497 4235
f 4499 4236 4237
f 4499 4498 4236
f 4237 4222 4490
f 4237 4490 4499
f 4238 4492 4229
f 4238 4500 4492
f 4501 4239 4240
f 4241 4502 4240
f 4240 4502 4501
f 4502 4241 4503
f 4241 4504 4503
f 4241 4242 4504
f 4242 4231 4493
f 4242 4493 4504
f 4243 4506 4505
f 4500 4243 4505
f 4238 4243 4500
f 4506 4507 4505
f 4509 4508 4501
f 4508 4239 4501
f 4508 4244 4239
f 4509 4501 4502
f 4509 4502 4510
f 4510 4502 4503
f 4245 4506 4243
f 4245 4247 4506
f 4247 4507 4506
f 4247 4511 4507
f 4513 4512 4251
f 4251 4512 4250
f 4251 4244 4508
f 4251 4508 4513
f 4515 4514 4253
f 4515 4253 4254
f 4517 4516 4256
f 4253 4517 4256
f 4514 4517 4253
f 4518 4516 4517
f 4258 4519 4259
f 4519 4261 4259
f 4520 4511 4247
f 4520 4247 4262
f 4521 4262 4263
f 4521 4520 4262
f 4523 4521 4522
f 4521 4264 4522
f 4521 4263 4264
f 4522 4264 4524
f 4264 4525 4524
f 4264 4265 4525
f 4265 4266 4525
f 4525 4266 4526
f 4512 4268 4250
f 4527 4268 4512
f 4270 4515 4254
f 4270 4528 4515
f 4516 4271 4256
f 4518 4529 4516
f 4529 4271 4516
f 4529 4272 4271
f 4258 4272 4519
f 4272 4530 4519
f 4272 4529 4530
f 4519 4530 4261
f 4530 4273 4261
f 4530 4531 4273
f 4275 4273 4531
f 4275 4531 4532
f 4523 4522 4533
f 4523 4533 4534
f 4522 4524 4535
f 4522 4535 4533
f 4276 4526 4266
f 4276 4536 4526
f 4527 4537 4268
f 4268 4537 4277
f 4277 4538 4278
f 4537 4538 4277
f 4270 4278 4528
f 4528 4278 4538
f 4532 4539 4275
f 4275 4539 4279
f 4280 4279 4539
f 4280 4539 4540
f 4534 4533 4541
f 4534 4541 4542
f 4533 4535 4543
f 4533 4543 4541
f 4281 4536 4276
f 4281 4544 4536
f 4540 4545 4280
f 4280 4545 4282
f 4283 4282 4545
f 4283 4545 4546
f 4549 4548 4547
f 4551 4550 4547
f 4551 4547 4548
f 4553 4552 4550
f 4553 4550 4551
f 4555 4554 4552
f 4555 4552 4553
f 4554 4555 4542
f 4554 4542 4541
f 4286 4554 4541
f 4285 4286 4541
f 4543 4556 4541
f 4556 4285 4541
f 4556 4287 4285
f 4281 4287 4544
f 4544 4287 4556
f 4546 4557 4283
f 4283 4557 4288
f 4559 4558 4289
f 4288 4559 4289
f 4557 4559 4288
f 4560 4558 4559
f 4563 4562 4561
f 4561 4562 4549
f 4561 4549 4547
f 4292 4561 4547
f 4291 4292 4547
f 4291 4547 4294
f 4294 4547 4550
f 4294 4550 4295
f 4295 4550 4552
f 4295 4552 4296
f 4296 4552 4554
f 4296 4554 4286
f 4558 4297 4289
f 4565 4564 4298
f 4565 4298 4297
f 4560 4565 4297
f 4558 4560 4297
f 4564 4565 4563
f 4564 4563 4561
f 4301 4564 4561
f 4300 4301 4561
f 4300 4561 4292
f 4564 4302 4298
f 4302 4564 4301
f 4568 4567 4566
f 4570 4569 4566
f 4566 4569 4568
f 4570 4571 4569
f 4574 4573 4572
f 4572 4575 4574
f 4566 4567 4304
f 4567 4303 4304
f 4567 4576 4303
f 4566 4304 4305
f 4566 4305 4570
f 4577 4571 4570
f 4305 4577 4570
f 4306 4577 4305
f 4578 4572 4308
f 4572 4577 4308
f 4577 4306 4308
f 4572 4573 4577
f 4575 4572 4579
f 4579 4572 4578
f 4580 4309 4310
f 4581 4580 4310
f 4303 4581 4310
f 4576 4581 4303
f 4311 4578 4308
f 4582 4579 4578
f 4311 4582 4578
f 4312 4582 4311
f 4584 4583 4314
f 4583 4312 4314
f 4583 4582 4312
f 4316 4317 4584
f 4317 4583 4584
f 4317 4585 4583
f 4317 4318 4585
f 4585 4318 4586
f 4587 4319 4580
f 4580 4319 4309
f 4580 4581 4588
f 4580 4588 4587
f 4320 4584 4314
f 4584 4320 4316
f 4321 4586 4318
f 4321 4589 4586
f 4590 4322 4587
f 4587 4322 4319
f 4587 4588 4591
f 4587 4591 4590
f 4324 4589 4321
f 4324 4592 4589
f 4593 4325 4590
f 4590 4325 4322
f 4590 4591 4594
f 4590 4594 4593
f 4327 4592 4324
f 4327 4595 4592
f 4596 4328 4593
f 4593 4328 4325
f 4593 4594 4597
f 4593 4597 4596
f 4330 4595 4327
f 4330 4598 4595
f 4599 4332 4596
f 4596 4332 4328
f 4596 4597 4600
f 4596 4600 4599
f 4603 4602 4601
f 4602 4598 4601
f 4598 4333 4601
f 4598 4330 4333
f 4604 4334 4335
f 4605 4604 4335
f 4605 4335 4332
f 4606 4605 4332
f 4599 4606 4332
f 4606 4599 4600
f 4603 4601 4337
f 4338 4603 4337
f 4607 4603 4338
f 4337 4601 4333
f 4609 4608 4340
f 4340 4608 4339
f 4340 4334 4604
f 4610 4340 4604
f 4609 4340 4610
f 4610 4604 4605
f 4613 4612 4611
f 4612 4607 4611
f 4607 4341 4611
f 4607 4338 4341
f 4615 4614 4343
f 4343 4614 4342
f 4343 4339 4608
f 4343 4608 4615
f 4613 4611 4344
f 4345 4613 4344
f 4616 4613 4345
f 4344 4611 4341
f 4618 4617 4348
f 4348 4617 4347
f 4348 4342 4614
f 4348 4614 4618
f 4349 4616 4345
f 4349 4619 4616
f 4620 4351 4352
f 4353 4621 4352
f 4352 4621 4620
f 4354 4622 4353
f 4353 4622 4621
f 4356 4622 4354
f 4623 4358 4359
f 4624 4623 4359
f 4347 4624 4359
f 4617 4624 4347
f 4360 4619 4349
f 4360 4625 4619
f 4626 4361 4362
f 4364 4626 4362
f 4627 4365 4366
f 4351 4620 4366
f 4620 4627 4366
f 4620 4628 4627
f 4629 4620 4621
f 4628 4620 4629
f 4630 4621 4622
f 4629 4621 4630
f 4368 4630 4356
f 4356 4630 4622
f 4631 4369 4370
f 4371 4631 4370
f 4632 4372 4623
f 4623 4372 4358
f 4623 4624 4633
f 4623 4633 4632
f 4373 4625 4360
f 4373 4634 4625
f 4636 4635 4626
f 4635 4361 4626
f 4635 4374 4361
f 4638 4636 4637
f 4637 4636 4375
f 4636 4626 4375
f 4626 4364 4375
f 4639 4637 4375
f 4639 4375 4365
f 4640 4639 4365
f 4627 4640 4365
f 4642 4641 4640
f 4627 4642 4640
f 4628 4642 4627
f 4643 4628 4629
f 4642 4628 4643
f 4378 4643 4377
f 4643 4630 4377
f 4643 4629 4630
f 4377 4630 4368
f 4631 4380 4369
f 4380 4631 4371
f 4632 4382 4372
f 4645 4644 4384
f 4645 4384 4382
f 4633 4645 4382
f 4632 4633 4382
f 4646 4644 4645
f 4647 4634 4373
f 4647 4373 4385
f 4385 4387 4647
f 4647 4387 4648
f 4650 4649 4390
f 4390 4649 4389
f 4390 4392 4650
f 4650 4392 4651
f 4652 4393 4394
f 4395 4653 4394
f 4394 4653 4652
f 4653 4395 4654
f 4395 4655 4654
f 4395 4396 4655
f 4396 4398 4655
f 4655 4398 4656
f 4635 4399 4374
f 4657 4399 4635
f 4638 4637 4658
f 4638 4658 4659
f 4637 4639 4660
f 4637 4660 4658
f 4641 4642 4401
f 4402 4641 4401
f 4661 4641 4402
f 4401 4642 4404
f 4404 4642 4643
f 4404 4643 4378
f 4644 4407 4384
f 4646 4662 4644
f 4662 4407 4644
f 4662 4409 4407
f 4409 4663 4411
f 4662 4663 4409
f 4412 4411 4663
f 4412 4663 4664
f 4665 4648 4387
f 4665 4387 4413
f 4666 4413 4415
f 4666 4665 4413
f 4415 4389 4649
f 4415 4649 4666
f 4667 4651 4392
f 4667 4392 4416
f 4416 4393 4652
f 4668 4416 4652
f 4667 4416 4668
f 4670 4669 4668
f 4652 4670 4668
f 4653 4670 4652
f 4653 4654 4671
f 4653 4671 4670
f 4418 4656 4398
f 4418 4672 4656
f 4674 4419 4673
f 4419 4657 4673
f 4419 4399 4657
f 4674 4673 4659
f 4658 4674 4659
f 4675 4674 4658
f 4658 4660 4676
f 4677 4658 4676
f 4675 4658 4677
f 4676 4661 4677
f 4661 4421 4677
f 4661 4402 4421
f 4664 4678 4412
f 4412 4678 4423
f 4424 4423 4678
f 4424 4678 4679
f 4669 4670 4680
f 4669 4680 4681
f 4682 4427 4428
f 4670 4682 4428
f 4680 4670 4428
f 4682 4670 4671
f 4418 4427 4672
f 4672 4427 4682
f 4674 4430 4419
f 4430 4674 4432
f 4432 4674 4675
f 4432 4675 4433
f 4675 4683 4433
f 4675 4677 4683
f 4434 4683 4421
f 4421 4683 4677
f 4679 4435 4424
f 4684 4435 4679
f 4686 4685 4436
f 4686 4436 4437
f 4436 4687 4438
f 4685 4687 4436
f 4687 4689 4688
f 4439 4687 4688
f 4438 4687 4439
f 4688 4441 4439
f 4692 4691 4690
f 4694 4693 4690
f 4694 4690 4691
f 4693 4694 4681
f 4693 4681 4680
f 4444 4693 4680
f 4443 4444 4680
f 4443 4680 4428
f 4695 4446 4447
f 4433 4683 4447
f 4683 4695 4447
f 4683 4696 4695
f 4448 4696 4434
f 4434 4696 4683
f 4684 4449 4435
f 4697 4449 4684
f 4451 4686 4437
f 4451 4698 4686
f 4689 4699 4688
f 4699 4701 4700
f 4699 4700 4453
f 4688 4699 4453
f 4441 4688 4453
f 4700 4455 4453
f 4703 4702 4457
f 4703 4457 4458
f 4705 4704 4459
f 4457 4705 4459
f 4702 4705 4457
f 4707 4706 4704
f 4707 4704 4705
f 4706 4707 4692
f 4706 4692 4690
f 4462 4706 4690
f 4461 4462 4690
f 4461 4690 4464
f 4464 4690 4693
f 4464 4693 4444
f 4695 4466 4446
f 4466 4695 4468
f 4468 4695 4696
f 4468 4696 4448
f 4697 4708 4449
f 4449 4708 4469
f 4469 4709 4470
f 4708 4709 4469
f 4451 4470 4698
f 4698 4470 4709
f 4701 4710 4700
f 4700 4710 4455
f 4710 4472 4455
f 4710 4711 4472
f 4458 4472 4703
f 4703 4472 4711
f 4704 4475 4459
f 4475 4704 4478
f 4478 4704 4706
f 4478 4706 4462
f 4714 4713 4712
f 4716 4715 4712
f 4712 4715 4714
f 4716 4717 4715
f 4719 4718 4485
f 4485 4718 4484
f 4486 4712 4713
f 4719 4486 4713
f 4485 4486 4719
f 4712 4486 4487
f 4712 4487 4716
f 4487 4489 4716
f 4489 4717 4716
f 4489 4720 4717
f 4723 4722 4721
f 4490 4491 4721
f 4491 4723 4721
f 4491 4724 4723
f 4491 4484 4718
f 4491 4718 4724
f 4492 4726 4725
f 4720 4492 4725
f 4489 4492 4720
f 4726 4727 4725
f 4728 4493 4494
f 4728 4494 4729
f 4494 4730 4729
f 4494 4495 4730
f 4731 4495 4496
f 4731 4730 4495
f 4732 4496 4497
f 4732 4731 4496
f 4733 4497 4498
f 4733 4732 4497
f 4499 4721 4722
f 4733 4499 4722
f 4498 4499 4733
f 4721 4499 4490
f 4500 4734 4726
f 4500 4726 4492
f 4727 4726 4735
f 4735 4726 4734
f 4737 4736 4504
f 4504 4736 4503
f 4504 4493 4728
f 4738 4504 4728
f 4737 4504 4738
f 4738 4728 4729
f 4505 4734 4500
f 4505 4507 4734
f 4507 4735 4734
f 4507 4739 4735
f 4740 4508 4509
f 4510 4741 4509
f 4509 4741 4740
f 4742 4741 4510
f 4503 4742 4510
f 4736 4742 4503
f 4511 4739 4507
f 4511 4743 4739
f 4744 4512 4513
f 4508 4740 4513
f 4740 4744 4513
f 4740 4745 4744
f 4515 4745 4514
f 4745 4741 4514
f 4745 4740 4741
f 4742 4746 4741
f 4746 4514 4741
f 4746 4517 4514
f 4748 4747 4518
f 4517 4748 4518
f 4746 4748 4517
f 4749 4747 4748
f 4750 4743 4511
f 4750 4511 4520
f 4751 4520 4521
f 4751 4750 4520
f 4521 4523 4751
f 4751 4523 4752
f 4753 4524 4525
f 4526 4753 4525
f 4754 4527 4744
f 4744 4527 4512
f 4755 4744 4745
f 4754 4744 4755
f 4528 4755 4515
f 4515 4755 4745
f 4747 4529 4518
f 4749 4756 4747
f 4756 4529 4747
f 4756 4530 4529
f 4530 4757 4531
f 4756 4757 4530
f 4532 4531 4757
f 4532 4757 4758
f 4534 4752 4523
f 4534 4759 4752
f 4760 4535 4753
f 4753 4535 4524
f 4536 4760 4526
f 4526 4760 4753
f 4754 4537 4527
f 4537 4754 4538
f 4538 4754 4755
f 4538 4755 4528
f 4758 4761 4532
f 4532 4761 4539
f 4540 4539 4761
f 4540 4761 4762
f 4765 4764 4763
f 4766 4763 4764
f 4769 4768 4767
f 4768 4759 4767
f 4759 4542 4767
f 4759 4534 4542
f 4770 4543 4760
f 4760 4543 4535
f 4544 4770 4536
f 4536 4770 4760
f 4762 4771 4540
f 4540 4771 4545
f 4773 4772 4546
f 4545 4773 4546
f 4771 4773 4545
f 4774 4772 4773
f 4777 4776 4775
f 4548 4549 4775
f 4776 4548 4775
f 4778 4548 4776
f 4763 4551 4765
f 4551 4778 4765
f 4551 4548 4778
f 4766 4779 4763
f 4779 4551 4763
f 4779 4553 4551
f 4767 4555 4769
f 4555 4779 4769
f 4555 4553 4779
f 4555 4767 4542
f 4770 4556 4543
f 4556 4770 4544
f 4772 4557 4546
f 4774 4780 4772
f 4780 4557 4772
f 4780 4559 4557
f 4782 4781 4560
f 4559 4782 4560
f 4780 4782 4559
f 4781 4782 4777
f 4781 4777 4775
f 4563 4781 4775
f 4562 4563 4775
f 4562 4775 4549
f 4781 4565 4560
f 4565 4781 4563
f 4785 4784 4783
f 4783 4786 4785
f 4789 4788 4787
f 4787 4790 4789
f 4792 4791 4568
f 4568 4791 4567
f 4569 4783 4784
f 4792 4569 4784
f 4568 4569 4792
f 4794 4793 4571
f 4571 4793 4569
f 4793 4786 4569
f 4786 4783 4569
f 4793 4794 4788
f 4788 4794 4787
f 4794 4573 4787
f 4573 4574 4787
f 4574 4575 4787
f 4575 4790 4787
f 4575 4795 4790
f 4791 4576 4567
f 4796 4576 4791
f 4577 4794 4571
f 4794 4577 4573
f 4579 4798 4797
f 4795 4579 4797
f 4575 4579 4795
f 4798 4799 4797
f 4802 4801 4800
f 4800 4803 4802
f 4796 4581 4576
f 4804 4581 4796
f 4582 4798 4579
f 4805 4799 4798
f 4582 4805 4798
f 4583 4805 4582
f 4585 4800 4801
f 4805 4585 4801
f 4583 4585 4805
f 4585 4586 4800
f 4586 4803 4800
f 4586 4806 4803
f 4804 4588 4581
f 4807 4588 4804
f 4589 4806 4586
f 4589 4808 4806
f 4807 4591 4588
f 4809 4591 4807
f 4592 4808 4589
f 4592 4810 4808
f 4809 4594 4591
f 4811 4594 4809
f 4814 4813 4812
f 4813 4810 4812
f 4810 4595 4812
f 4810 4592 4595
f 4811 4597 4594
f 4815 4597 4811
f 4814 4812 4816
f 4814 4816 4817
f 4598 4816 4595
f 4595 4816 4812
f 4815 4600 4597
f 4818 4600 4815
f 4817 4816 4602
f 4603 4817 4602
f 4819 4817 4603
f 4602 4816 4598
f 4821 4820 4606
f 4606 4820 4605
f 4606 4600 4818
f 4606 4818 4821
f 4824 4823 4822
f 4823 4819 4822
f 4819 4607 4822
f 4819 4603 4607
f 4825 4608 4609
f 4825 4609 4826
f 4609 4827 4826
f 4609 4610 4827
f 4610 4605 4820
f 4610 4820 4827
f 4824 4822 4612
f 4613 4824 4612
f 4828 4824 4613
f 4612 4822 4607
f 4829 4614 4615
f 4830 4829 4615
f 4830 4615 4608
f 4831 4830 4608
f 4825 4831 4608
f 4831 4825 4826
f 4616 4828 4613
f 4616 4832 4828
f 4833 4617 4618
f 4614 4829 4618
f 4829 4833 4618
f 4829 4834 4833
f 4829 4830 4835
f 4829 4835 4834
f 4619 4832 4616
f 4619 4836 4832
f 4837 4624 4833
f 4833 4624 4617
f 4838 4833 4834
f 4837 4833 4838
f 4834 4835 4839
f 4834 4839 4838
f 4625 4836 4619
f 4625 4840 4836
f 4841 4633 4837
f 4837 4633 4624
f 4842 4837 4838
f 4841 4837 4842
f 4838 4839 4843
f 4838 4843 4842
f 4634 4845 4844
f 4840 4634 4844
f 4625 4634 4840
f 4845 4846 4844
f 4849 4848 4847
f 4847 4850 4849
f 4851 4635 4636
f 4638 4851 4636
f 4852 4639 4640
f 4641 4852 4640
f 4841 4645 4633
f 4645 4841 4646
f 4841 4853 4646
f 4841 4842 4853
f 4842 4843 4854
f 4855 4842 4854
f 4853 4842 4855
f 4857 4856 4855
f 4857 4855 4854
f 4858 4856 4857
f 4647 4845 4634
f 4860 4859 4648
f 4648 4859 4647
f 4859 4846 4647
f 4846 4845 4647
f 4862 4861 4860
f 4860 4861 4859
f 4649 4650 4862
f 4650 4861 4862
f 4650 4863 4861
f 4650 4651 4863
f 4863 4651 4864
f 4847 4848 4655
f 4848 4654 4655
f 4848 4865 4654
f 4655 4656 4847
f 4656 4850 4847
f 4656 4866 4850
f 4867 4657 4851
f 4851 4657 4635
f 4659 4867 4638
f 4638 4867 4851
f 4868 4660 4852
f 4852 4660 4639
f 4661 4868 4641
f 4641 4868 4852
f 4853 4662 4646
f 4662 4853 4663
f 4663 4853 4855
f 4663 4855 4664
f 4855 4869 4664
f 4855 4856 4869
f 4856 4858 4870
f 4856 4870 4869
f 4665 4860 4648
f 4860 4665 4666
f 4860 4666 4862
f 4862 4666 4649
f 4651 4667 4871
f 4872 4651 4871
f 4864 4651 4872
f 4668 4873 4667
f 4667 4873 4871
f 4669 4873 4668
f 4865 4671 4654
f 4874 4671 4865
f 4672 4866 4656
f 4672 4875 4866
f 4867 4673 4657
f 4673 4867 4659
f 4868 4676 4660
f 4676 4868 4661
f 4869 4678 4664
f 4679 4678 4869
f 4870 4679 4869
f 4876 4679 4870
f 4872 4871 4877
f 4872 4877 4878
f 4879 4871 4873
f 4877 4871 4879
f 4681 4879 4669
f 4669 4879 4873
f 4874 4880 4671
f 4671 4880 4682
f 4672 4682 4875
f 4875 4682 4880
f 4876 4684 4679
f 4881 4684 4876
f 4686 4882 4685
f 4883 4687 4685
f 4883 4685 4882
f 4883 4689 4687
f 4886 4885 4884
f 4884 4885 4878
f 4884 4878 4877
f 4692 4884 4877
f 4691 4692 4877
f 4691 4877 4694
f 4694 4877 4879
f 4694 4879 4681
f 4881 4697 4684
f 4887 4697 4881
f 4889 4888 4882
f 4686 4889 4882
f 4698 4889 4686
f 4882 4888 4883
f 4883 4888 4890
f 4883 4890 4689
f 4890 4699 4689
f 4890 4891 4699
f 4701 4699 4891
f 4701 4891 4892
f 4894 4893 4702
f 4894 4702 4703
f 4702 4895 4705
f 4893 4895 4702
f 4884 4707 4886
f 4707 4895 4886
f 4707 4705 4895
f 4707 4884 4692
f 4887 4896 4697
f 4697 4896 4708
f 4896 4898 4897
f 4709 4896 4897
f 4708 4896 4709
f 4897 4899 4709
f 4899 4698 4709
f 4899 4889 4698
f 4892 4900 4701
f 4701 4900 4710
f 4710 4901 4711
f 4900 4901 4710
f 4703 4711 4894
f 4894 4711 4901
f 4898 4902 4897
f 4897 4902 4899
f 4905 4904 4903
f 4903 4906 4905
f 4908 4907 4714
f 4714 4907 4713
f 4715 4903 4904
f 4908 4715 4904
f 4714 4715 4908
f 4910 4909 4717
f 4717 4909 4715
f 4909 4906 4715
f 4906 4903 4715
f 4910 4911 4909
f 4913 4912 4719
f 4719 4912 4718
f 4719 4713 4907
f 4719 4907 4913
f 4720 4914 4910
f 4720 4910 4717
f 4911 4910 4915
f 4915 4910 4914
f 4917 4916 4723
f 4723 4916 4722
f 4918 4723 4724
f 4918 4917 4723
f 4724 4718 4912
f 4724 4912 4918
f 4725 4914 4720
f 4725 4727 4914
f 4727 4915 4914
f 4727 4919 4915
f 4921 4920 4730
f 4730 4920 4729
f 4922 4730 4731
f 4922 4921 4730
f 4923 4731 4732
f 4923 4922 4731
f 4924 4732 4733
f 4924 4923 4732
f 4733 4722 4916
f 4733 4916 4924
f 4735 4919 4727
f 4735 4925 4919
f 4926 4736 4737
f 4926 4737 4927
f 4737 4928 4927
f 4737 4738 4928
f 4738 4729 4920
f 4738 4920 4928
f 4739 4925 4735
f 4739 4929 4925
f 4930 4742 4926
f 4926 4742 4736
f 4926 4927 4931
f 4926 4931 4930
f 4743 4929 4739
f 4743 4932 4929
f 4930 4746 4742
f 4931 4933 4930
f 4933 4746 4930
f 4933 4748 4746
f 4935 4934 4749
f 4748 4935 4749
f 4933 4935 4748
f 4936 4934 4935
f 4937 4932 4743
f 4937 4743 4750
f 4939 4937 4938
f 4937 4751 4938
f 4937 4750 4751
f 4752 4938 4751
f 4934 4756 4749
f 4936 4940 4934
f 4940 4756 4934
f 4940 4757 4756
f 4942 4941 4758
f 4757 4942 4758
f 4940 4942 4757
f 4943 4941 4942
f 4946 4945 4944
f 4947 4944 4945
f 4939 4938 4948
f 4939 4948 4949
f 4759 4948 4752
f 4752 4948 4938
f 4941 4761 4758
f 4951 4950 4762
f 4951 4762 4761
f 4943 4951 4761
f 4941 4943 4761
f 4952 4950 4951
f 4955 4954 4953
f 4957 4956 4953
f 4957 4953 4954
f 4956 4957 4946
f 4956 4946 4944
f 4765 4956 4944
f 4764 4765 4944
f 4959 4958 4766
f 4959 4766 4764
f 4947 4959 4764
f 4944 4947 4764
f 4958 4959 4949
f 4958 4949 4948
f 4769 4958 4948
f 4768 4769 4948
f 4768 4948 4759
f 4950 4771 4762
f 4952 4960 4950
f 4960 4771 4950
f 4960 4773 4771
f 4962 4961 4774
f 4773 4962 4774
f 4960 4962 4773
f 4964 4963 4961
f 4964 4961 4962
f 4963 4964 4955
f 4963 4955 4953
f 4777 4963 4953
f 4776 4777 4953
f 4776 4953 4778
f 4778 4953 4956
f 4778 4956 4765
f 4958 4779 4766
f 4779 4958 4769
f 4961 4780 4774
f 4780 4961 4782
f 4782 4961 4963
f 4782 4963 4777
f 4967 4966 4965
f 4965 4968 4967
f 4965 4966 4785
f 4966 4784 4785
f 4966 4969 4784
f 4971 4970 4786
f 4786 4970 4785
f 4970 4968 4785
f 4968 4965 4785
f 4788 4789 4971
f 4789 4970 4971
f 4789 4972 4970
f 4789 4790 4972
f 4972 4790 4973
f 4975 4974 4792
f 4792 4974 4791
f 4792 4784 4969
f 4792 4969 4975
f 4793 4971 4786
f 4971 4793 4788
f 4795 4977 4976
f 4973 4795 4976
f 4790 4795 4973
f 4977 4978 4976
f 4981 4980 4979
f 4979 4982 4981
f 4974 4796 4791
f 4983 4796 4974
f 4797 4977 4795
f 4985 4984 4799
f 4799 4984 4797
f 4984 4978 4797
f 4978 4977 4797
f 4984 4985 4980
f 4980 4985 4979
f 4985 4801 4979
f 4801 4802 4979
f 4802 4803 4979
f 4803 4982 4979
f 4803 4986 4982
f 4983 4804 4796
f 4987 4804 4983
f 4805 4985 4799
f 4985 4805 4801
f 4806 4986 4803
f 4806 4988 4986
f 4987 4807 4804
f 4989 4807 4987
f 4808 4988 4806
f 4808 4990 4988
f 4989 4809 4807
f 4991 4809 4989
f 4810 4990 4808
f 4810 4992 4990
f 4994 4811 4993
f 4811 4991 4993
f 4811 4809 4991
f 4995 4994 4993
f 4997 4996 4813
f 4997 4813 4814
f 4810 4813 4992
f 4992 4813 4996
f 4998 4815 4994
f 4994 4815 4811
f 4994 4995 4999
f 4994 4999 4998
f 4817 4997 4814
f 4817 5000 4997
f 5002 5001 4998
f 5001 4815 4998
f 5001 4818 4815
f 5002 4998 4999
f 5005 5004 5003
f 5004 5000 5003
f 5000 4819 5003
f 5000 4817 4819
f 5006 4820 4821
f 5007 5006 4821
f 4818 5007 4821
f 5001 5007 4818
f 5005 5003 4823
f 4824 5005 4823
f 5008 5005 4824
f 4823 5003 4819
f 5010 5009 4827
f 4827 5009 4826
f 4827 4820 5006
f 5011 4827 5006
f 5010 4827 5011
f 5011 5006 5007
f 4828 5008 4824
f 4828 5012 5008
f 5013 4830 4831
f 5014 5013 4831
f 4826 5014 4831
f 5009 5014 4826
f 4832 5012 4828
f 4832 5015 5012
f 5016 4835 5013
f 5013 4835 4830
f 5013 5014 5017
f 5013 5017 5016
f 4836 5015 4832
f 4836 5018 5015
f 5019 4839 5016
f 5016 4839 4835
f 5016 5017 5020
f 5016 5020 5019
f 4840 5022 5021
f 5018 4840 5021
f 4836 4840 5018
f 5022 5023 5021
f 5024 4843 5019
f 5019 4843 4839
f 5019 5020 5025
f 5026 5019 5025
f 5024 5019 5026
f 5027 5026 5025
f 4844 5022 4840
f 5029 5028 4846
f 4846 5028 4844
f 5028 5023 4844
f 5023 5022 4844
f 5029 5030 5028
f 5033 5032 5031
f 4848 4849 5031
f 4849 5033 5031
f 4849 5034 5033
f 4849 4850 5034
f 5034 4850 5035
f 5024 4854 4843
f 4854 5024 4857
f 4857 5024 5026
f 4858 4857 5026
f 5027 4858 5026
f 5036 4858 5027
f 4859 5029 4846
f 5037 5030 5029
f 4859 5037 5029
f 4861 5037 4859
f 5038 4861 4863
f 5038 5037 4861
f 5040 5039 4864
f 5039 4863 4864
f 5039 5038 4863
f 5042 5041 5040
f 5040 5041 5039
f 5041 5042 5032
f 5042 5031 5032
f 5042 5043 5031
f 5043 4865 4848
f 5043 4848 5031
f 4866 5035 4850
f 4866 5044 5035
f 5036 4870 4858
f 5045 4870 5036
f 4872 5046 5040
f 4872 5040 4864
f 5040 5047 5042
f 5040 5046 5047
f 5042 5048 5043
f 5042 5047 5048
f 5048 4874 4865
f 5048 4865 5043
f 4875 5044 4866
f 4875 5049 5044
f 5045 4876 4870
f 5050 4876 5045
f 4878 5051 5046
f 4878 5046 4872
f 5053 5047 5052
f 5047 5051 5052
f 5047 5046 5051
f 5047 5053 5048
f 5048 5053 5054
f 5048 5054 4874
f 5054 4880 4874
f 5054 5055 4880
f 4875 4880 5049
f 5049 4880 5055
f 5050 4881 4876
f 5056 4881 5050
f 5058 5057 4885
f 5058 4885 4886
f 4878 4885 5051
f 4885 5059 5051
f 4885 5057 5059
f 5051 5059 5052
f 5056 4887 4881
f 5060 4887 5056
f 5062 5061 4888
f 5062 4888 4889
f 4888 5063 4890
f 5061 5063 4888
f 4890 5064 4891
f 5063 5064 4890
f 4892 4891 5064
f 4892 5064 5065
f 5067 5066 4893
f 5067 4893 4894
f 4893 5068 4895
f 5066 5068 4893
f 4886 4895 5058
f 5058 4895 5068
f 5060 5069 4887
f 4887 5069 4896
f 4898 4896 5069
f 4898 5069 5070
f 4899 5062 4889
f 4899 5071 5062
f 5065 5072 4892
f 4892 5072 4900
f 4900 5073 4901
f 5072 5073 4900
f 4894 4901 5067
f 5067 4901 5073
f 4902 4898 5074
f 4898 5075 5074
f 4898 5070 5075
f 5074 5076 4902
f 5076 4899 4902
f 5076 5071 4899
f 5075 5077 5074
f 5074 5077 5076
f 5080 5079 5078
f 5078 5081 5080
f 5078 5079 5082
f 5082 5079 5083
f 5081 5078 5084
f 5084 5078 5082
f 5082 5083 4905
f 5083 4904 4905
f 5083 5085 4904
f 5087 5086 4906
f 4906 5086 4905
f 5086 5084 4905
f 5084 5082 4905
f 5087 5088 5086
f 5090 5089 4908
f 4908 5089 4907
f 4908 4904 5085
f 4908 5085 5090
f 4909 5087 4906
f 4909 4911 5087
f 4911 5088 5087
f 4911 5091 5088
f 5094 5093 5092
f 5092 5095 5094
f 5097 5096 4913
f 4913 5096 4912
f 4913 4907 5089
f 4913 5089 5097
f 4915 5099 5098
f 5091 4915 5098
f 4911 4915 5091
f 5099 5100 5098
f 5093 5101 5092
f 5092 5101 5095
f 5103 5102 4917
f 4917 5102 4916
f 5104 4917 4918
f 5104 5103 4917
f 4918 4912 5096
f 4918 5096 5104
f 4919 5105 5099
f 4919 5099 4915
f 5100 5099 5106
f 5106 5099 5105
f 5107 4920 4921
f 4922 5108 4921
f 4921 5108 5107
f 5108 4922 5109
f 4922 5110 5109
f 4922 4923 5110
f 5111 4923 4924
f 5111 5110 4923
f 4924 4916 5102
f 4924 5102 5111
f 4925 5112 5105
f 4925 5105 4919
f 5106 5105 5113
f 5113 5105 5112
f 5114 4927 4928
f 4920 5107 4928
f 5107 5114 4928
f 5107 5115 5114
f 5108 5117 5116
f 5115 5108 5116
f 5107 5108 5115
f 5117 5108 5109
f 4929 5118 5112
f 4929 5112 4925
f 5113 5112 5119
f 5119 5112 5118
f 5120 4931 5114
f 5114 4931 4927
f 5121 5114 5115
f 5120 5114 5121
f 5115 5116 5122
f 5123 5115 5122
f 5121 5115 5123
f 5124 5123 5122
f 4932 5125 5118
f 4932 5118 4929
f 5119 5118 5126
f 5126 5118 5125
f 5120 4933 4931
f 4933 5120 4935
f 4935 5120 5121
f 4935 5121 4936
f 5121 5127 4936
f 5121 5123 5127
f 5123 5124 5128
f 5129 5123 5128
f 5127 5123 5129
f 5130 5129 5128
f 4937 5125 4932
f 4937 4939 5125
f 4939 5126 5125
f 4939 5131 5126
f 5127 4940 4936
f 4940 5127 4942
f 4942 5127 5129
f 5133 5132 4943
f 5133 4943 4942
f 5130 5133 4942
f 5129 5130 4942
f 5134 5132 5133
f 5136 5135 4945
f 5136 4945 4946
f 4947 4945 5135
f 4947 5135 5137
f 4949 5131 4939
f 4949 5138 5131
f 5132 4951 4943
f 5140 5139 4952
f 5140 4952 4951
f 5134 5140 4951
f 5132 5134 4951
f 5142 5141 5139
f 5142 5139 5140
f 5144 5143 5141
f 5144 5141 5142
f 4954 4955 5143
f 5144 4954 5143
f 5145 4954 5144
f 4954 5146 4957
f 5145 5146 4954
f 4946 4957 5136
f 5136 4957 5146
f 5137 5147 4947
f 4947 5147 4959
f 4949 4959 5138
f 5138 4959 5147
f 5139 4960 4952
f 4960 5139 4962
f 4962 5139 5141
f 4962 5141 4964
f 4964 5141 5143
f 4964 5143 4955
f 5150 5149 5148
f 5152 5151 5148
f 5148 5151 5150
f 5152 5153 5151
f 5148 5149 4967
f 5149 4966 4967
f 5149 5154 4966
f 5148 4967 4968
f 5155 5148 4968
f 5152 5148 5155
f 5153 5152 5156
f 5152 5157 5156
f 5152 5155 5157
f 5157 5158 5156
f 5154 4969 4966
f 5159 4969 5154
f 4970 5155 4968
f 5155 4970 4972
f 5155 4972 5157
f 5161 5160 4973
f 4973 5160 4972
f 5160 5158 4972
f 5158 5157 4972
f 5161 5162 5160
f 5163 4974 4975
f 5164 5163 4975
f 4969 5164 4975
f 5159 5164 4969
f 4976 5161 4973
f 5166 5165 4978
f 4978 5165 4976
f 5165 5162 4976
f 5162 5161 4976
f 4980 4981 5166
f 4981 5165 5166
f 4981 5167 5165
f 4981 4982 5167
f 5167 4982 5168
f 5169 4983 5163
f 5163 4983 4974
f 5163 5164 5170
f 5163 5170 5169
f 4984 5166 4978
f 5166 4984 4980
f 4986 5168 4982
f 4986 5171 5168
f 5172 4987 5169
f 5169 4987 4983
f 5169 5170 5173
f 5169 5173 5172
f 4988 5171 4986
f 4988 5174 5171
f 5175 4989 5172
f 5172 4989 4987
f 5172 5173 5176
f 5172 5176 5175
f 4990 5174 4988
f 4990 5177 5174
f 5178 4991 5175
f 5175 4991 4989
f 5175 5176 5179
f 5175 5179 5178
f 4992 5177 4990
f 4992 5180 5177
f 5178 4993 4991
f 4995 4993 5178
f 5179 4995 5178
f 5181 4995 5179
f 5183 5182 4996
f 5183 4996 4997
f 4992 4996 5180
f 5180 4996 5182
f 5181 4999 4995
f 5184 4999 5181
f 5187 5186 5185
f 5186 5183 5185
f 5183 5000 5185
f 5183 4997 5000
f 5189 5188 5002
f 5002 5188 5001
f 5002 4999 5184
f 5002 5184 5189
f 5187 5185 5004
f 5005 5187 5004
f 5190 5187 5005
f 5004 5185 5000
f 5188 5007 5001
f 5191 5007 5188
f 5008 5190 5005
f 5008 5192 5190
f 5193 5009 5010
f 5193 5010 5194
f 5010 5195 5194
f 5010 5011 5195
f 5011 5007 5191
f 5011 5191 5195
f 5012 5192 5008
f 5012 5196 5192
f 5197 5014 5193
f 5193 5014 5009
f 5193 5194 5198
f 5193 5198 5197
f 5015 5196 5012
f 5015 5199 5196
f 5200 5017 5197
f 5197 5017 5014
f 5197 5198 5201
f 5197 5201 5200
f 5018 5203 5202
f 5199 5018 5202
f 5015 5018 5199
f 5203 5204 5202
f 5205 5020 5200
f 5200 5020 5017
f 5200 5201 5206
f 5200 5206 5205
f 5021 5203 5018
f 5021 5023 5203
f 5023 5204 5203
f 5023 5207 5204
f 5210 5209 5208
f 5212 5211 5208
f 5208 5211 5210
f 5212 5213 5211
f 5205 5025 5020
f 5215 5214 5027
f 5215 5027 5025
f 5206 5215 5025
f 5205 5206 5025
f 5216 5214 5215
f 5217 5207 5023
f 5217 5023 5028
f 5219 5218 5030
f 5218 5028 5030
f 5218 5217 5028
f 5221 5220 5219
f 5219 5220 5218
f 5223 5222 5221
f 5221 5222 5220
f 5225 5224 5223
f 5223 5224 5222
f 5224 5225 5209
f 5209 5225 5208
f 5225 5032 5208
f 5032 5033 5208
f 5208 5033 5034
f 5208 5034 5212
f 5034 5035 5212
f 5035 5213 5212
f 5035 5226 5213
f 5227 5036 5214
f 5214 5036 5027
f 5214 5216 5228
f 5214 5228 5227
f 5037 5219 5030
f 5219 5037 5038
f 5219 5038 5221
f 5221 5038 5039
f 5221 5039 5223
f 5223 5039 5041
f 5223 5041 5225
f 5225 5041 5032
f 5044 5226 5035
f 5044 5229 5226
f 5230 5045 5227
f 5227 5045 5036
f 5227 5228 5231
f 5227 5231 5230
f 5234 5233 5232
f 5233 5229 5232
f 5229 5049 5232
f 5229 5044 5049
f 5235 5050 5230
f 5230 5050 5045
f 5230 5231 5236
f 5230 5236 5235
f 5238 5237 5053
f 5238 5053 5052
f 5053 5239 5054
f 5237 5239 5053
f 5232 5055 5234
f 5055 5239 5234
f 5055 5054 5239
f 5055 5232 5049
f 5241 5240 5235
f 5240 5050 5235
f 5240 5056 5050
f 5241 5235 5236
f 5243 5242 5057
f 5243 5057 5058
f 5057 5244 5059
f 5242 5244 5057
f 5052 5059 5238
f 5238 5059 5244
f 5240 5060 5056
f 5245 5060 5240
f 5062 5246 5061
f 5247 5063 5061
f 5247 5061 5246
f 5063 5247 5248
f 5249 5063 5248
f 5064 5063 5249
f 5065 5064 5249
f 5065 5249 5250
f 5252 5251 5066
f 5252 5066 5067
f 5066 5253 5068
f 5251 5253 5066
f 5058 5068 5243
f 5243 5068 5253
f 5069 5060 5254
f 5060 5255 5254
f 5060 5245 5255
f 5254 5070 5069
f 5257 5256 5246
f 5062 5257 5246
f 5071 5257 5062
f 5246 5256 5247
f 5247 5256 5258
f 5247 5258 5248
f 5250 5259 5065
f 5065 5259 5072
f 5072 5260 5073
f 5259 5260 5072
f 5067 5073 5252
f 5252 5073 5260
f 5255 5261 5254
f 5070 5254 5261
f 5262 5070 5261
f 5075 5070 5262
f 5076 5257 5071
f 5076 5263 5257
f 5077 5075 5264
f 5075 5265 5264
f 5075 5262 5265
f 5264 5266 5077
f 5266 5076 5077
f 5266 5263 5076
f 5264 5265 5267
f 5267 5265 5268
f 5266 5264 5269
f 5269 5264 5267
f 5267 5268 5080
f 5268 5079 5080
f 5268 5270 5079
f 5080 5081 5267
f 5081 5269 5267
f 5081 5271 5269
f 5270 5083 5079
f 5272 5083 5270
f 5084 5274 5273
f 5271 5084 5273
f 5081 5084 5271
f 5274 5275 5273
f 5278 5277 5276
f 5272 5278 5276
f 5085 5272 5276
f 5083 5272 5085
f 5086 5274 5084
f 5280 5279 5088
f 5088 5279 5086
f 5279 5275 5086
f 5275 5274 5086
f 5280 5281 5279
f 5284 5283 5282
f 5286 5285 5282
f 5282 5285 5284
f 5286 5287 5285
f 5276 5277 5090
f 5277 5089 5090
f 5277 5288 5089
f 5276 5090 5085
f 5091 5289 5280
f 5091 5280 5088
f 5281 5280 5290
f 5280 5291 5290
f 5280 5289 5291
f 5290 5291 5283
f 5283 5291 5282
f 5291 5093 5282
f 5093 5094 5282
f 5286 5282 5292
f 5282 5095 5292
f 5095 5293 5292
f 5095 5282 5094
f 5286 5292 5287
f 5295 5294 5097
f 5097 5294 5096
f 5097 5089 5288
f 5097 5288 5295
f 5098 5289 5091
f 5289 5098 5100
f 5296 5289 5100
f 5291 5289 5296
f 5297 5101 5093
f 5291 5297 5093
f 5296 5297 5291
f 5297 5298 5101
f 5298 5095 5101
f 5298 5293 5095
f 5299 5102 5103
f 5299 5103 5300
f 5103 5301 5300
f 5103 5104 5301
f 5104 5096 5294
f 5104 5294 5301
f 5106 5302 5296
f 5106 5296 5100
f 5304 5297 5303
f 5297 5302 5303
f 5297 5296 5302
f 5297 5304 5298
f 5305 5109 5110
f 5111 5306 5110
f 5110 5306 5305
f 5307 5306 5111
f 5307 5111 5102
f 5308 5307 5102
f 5299 5308 5102
f 5308 5299 5300
f 5113 5309 5302
f 5113 5302 5106
f 5303 5302 5310
f 5310 5302 5309
f 5311 5116 5117
f 5109 5305 5117
f 5305 5311 5117
f 5305 5312 5311
f 5313 5305 5306
f 5312 5305 5313
f 5306 5307 5314
f 5306 5314 5313
f 5119 5315 5309
f 5119 5309 5113
f 5310 5309 5316
f 5316 5309 5315
f 5311 5122 5116
f 5122 5311 5124
f 5311 5317 5124
f 5311 5312 5317
f 5318 5312 5313
f 5317 5312 5318
f 5313 5314 5319
f 5313 5319 5318
f 5321 5320 5315
f 5119 5321 5315
f 5126 5321 5119
f 5315 5320 5316
f 5317 5128 5124
f 5128 5317 5130
f 5317 5322 5130
f 5317 5318 5322
f 5318 5319 5323
f 5324 5318 5323
f 5322 5318 5324
f 5325 5324 5323
f 5131 5321 5126
f 5131 5326 5321
f 5322 5133 5130
f 5133 5322 5134
f 5322 5327 5134
f 5322 5324 5327
f 5324 5325 5328
f 5329 5324 5328
f 5327 5324 5329
f 5330 5329 5328
f 5332 5331 5135
f 5332 5135 5136
f 5334 5333 5137
f 5135 5334 5137
f 5331 5334 5135
f 5334 5326 5333
f 5326 5138 5333
f 5326 5131 5138
f 5327 5140 5134
f 5140 5327 5142
f 5142 5327 5329
f 5330 5335 5329
f 5335 5142 5329
f 5335 5144 5142
f 5144 5336 5145
f 5335 5336 5144
f 5145 5337 5146
f 5336 5337 5145
f 5136 5146 5332
f 5332 5146 5337
f 5333 5147 5137
f 5147 5333 5138
f 5340 5339 5338
f 5338 5341 5340
f 5344 5343 5342
f 5344 5342 5339
f 5342 5338 5339
f 5342 5345 5338
f 5341 5338 5346
f 5346 5338 5345
f 5349 5348 5347
f 5349 5347 5343
f 5343 5347 5342
f 5347 5149 5342
f 5149 5150 5342
f 5342 5150 5151
f 5342 5151 5345
f 5351 5350 5153
f 5153 5350 5151
f 5350 5346 5151
f 5346 5345 5151
f 5353 5352 5351
f 5351 5352 5350
f 5353 5354 5352
f 5347 5348 5355
f 5355 5348 5356
f 5355 5154 5149
f 5355 5149 5347
f 5156 5351 5153
f 5351 5156 5158
f 5357 5351 5158
f 5353 5351 5357
f 5354 5353 5358
f 5358 5353 5357
f 5355 5356 5359
f 5359 5356 5360
f 5359 5159 5154
f 5359 5154 5355
f 5160 5357 5158
f 5160 5162 5357
f 5162 5358 5357
f 5162 5361 5358
f 5360 5362 5359
f 5159 5359 5362
f 5363 5159 5362
f 5164 5159 5363
f 5364 5361 5162
f 5364 5162 5165
f 5365 5165 5167
f 5365 5364 5165
f 5167 5168 5365
f 5365 5168 5366
f 5363 5170 5164
f 5367 5170 5363
f 5171 5366 5168
f 5171 5368 5366
f 5367 5173 5170
f 5369 5173 5367
f 5174 5368 5171
f 5174 5370 5368
f 5369 5176 5173
f 5371 5176 5369
f 5177 5370 5174
f 5177 5372 5370
f 5371 5179 5176
f 5373 5179 5371
f 5180 5372 5177
f 5180 5374 5372
f 5373 5181 5179
f 5375 5181 5373
f 5378 5377 5376
f 5182 5183 5376
f 5377 5182 5376
f 5379 5182 5377
f 5180 5182 5374
f 5374 5182 5379
f 5375 5184 5181
f 5380 5184 5375
f 5378 5376 5186
f 5187 5378 5186
f 5381 5378 5187
f 5186 5376 5183
f 5383 5382 5189
f 5189 5382 5188
f 5189 5184 5380
f 5189 5380 5383
f 5190 5381 5187
f 5190 5384 5381
f 5382 5191 5188
f 5385 5191 5382
f 5192 5384 5190
f 5192 5386 5384
f 5387 5194 5195
f 5388 5387 5195
f 5191 5388 5195
f 5385 5388 5191
f 5196 5386 5192
f 5196 5389 5386
f 5391 5390 5387
f 5390 5194 5387
f 5390 5198 5194
f 5391 5387 5388
f 5199 5393 5392
f 5389 5199 5392
f 5196 5199 5389
f 5393 5394 5392
f 5390 5201 5198
f 5395 5201 5390
f 5202 5393 5199
f 5202 5204 5393
f 5204 5394 5393
f 5204 5396 5394
f 5395 5206 5201
f 5397 5206 5395
f 5207 5399 5398
f 5396 5207 5398
f 5204 5207 5396
f 5401 5400 5399
f 5399 5400 5398
f 5403 5402 5401
f 5401 5402 5400
f 5405 5404 5403
f 5403 5404 5402
f 5407 5406 5405
f 5405 5406 5404
f 5209 5210 5407
f 5210 5406 5407
f 5210 5408 5406
f 5409 5210 5211
f 5409 5408 5210
f 5211 5213 5409
f 5409 5213 5410
f 5397 5411 5206
f 5206 5411 5215
f 5216 5215 5411
f 5216 5411 5412
f 5217 5399 5207
f 5399 5217 5218
f 5399 5218 5401
f 5401 5218 5220
f 5401 5220 5403
f 5403 5220 5222
f 5403 5222 5405
f 5405 5222 5224
f 5405 5224 5407
f 5407 5224 5209
f 5226 5410 5213
f 5226 5413 5410
f 5412 5228 5216
f 5414 5228 5412
f 5229 5413 5226
f 5229 5415 5413
f 5414 5231 5228
f 5416 5231 5414
f 5419 5418 5417
f 5233 5234 5417
f 5418 5233 5417
f 5420 5233 5418
f 5229 5233 5415
f 5415 5233 5420
f 5416 5236 5231
f 5421 5236 5416
f 5424 5423 5422
f 5237 5238 5422
f 5423 5237 5422
f 5425 5237 5423
f 5417 5239 5419
f 5239 5425 5419
f 5239 5237 5425
f 5239 5417 5234
f 5427 5426 5241
f 5241 5426 5240
f 5241 5236 5421
f 5241 5421 5427
f 5430 5429 5428
f 5242 5243 5428
f 5429 5242 5428
f 5431 5242 5429
f 5422 5244 5424
f 5244 5431 5424
f 5244 5242 5431
f 5244 5422 5238
f 5426 5245 5240
f 5432 5245 5426
f 5434 5433 5249
f 5434 5249 5248
f 5250 5249 5433
f 5250 5433 5435
f 5437 5436 5251
f 5437 5251 5252
f 5428 5253 5430
f 5253 5436 5430
f 5253 5251 5436
f 5253 5428 5243
f 5432 5255 5245
f 5438 5255 5432
f 5257 5439 5256
f 5256 5439 5440
f 5441 5256 5440
f 5258 5256 5441
f 5248 5258 5434
f 5434 5258 5441
f 5435 5442 5250
f 5250 5442 5259
f 5259 5443 5260
f 5442 5443 5259
f 5252 5260 5437
f 5437 5260 5443
f 5261 5255 5444
f 5255 5445 5444
f 5255 5438 5445
f 5444 5262 5261
f 5447 5446 5439
f 5257 5447 5439
f 5263 5447 5257
f 5439 5446 5440
f 5444 5445 5448
f 5448 5445 5449
f 5448 5265 5262
f 5448 5262 5444
f 5266 5447 5263
f 5266 5450 5447
f 5453 5452 5451
f 5451 5454 5453
f 5449 5455 5448
f 5265 5448 5455
f 5456 5265 5455
f 5268 5265 5456
f 5269 5458 5457
f 5450 5269 5457
f 5266 5269 5450
f 5458 5459 5457
f 5451 5452 5460
f 5460 5452 5461
f 5454 5451 5462
f 5462 5451 5460
f 5456 5270 5268
f 5463 5270 5456
f 5271 5464 5458
f 5271 5458 5269
f 5459 5458 5465
f 5458 5466 5465
f 5458 5464 5466
f 5465 5466 5461
f 5466 5460 5461
f 5466 5467 5460
f 5462 5460 5468
f 5468 5460 5467
f 5471 5470 5469
f 5463 5471 5469
f 5272 5463 5469
f 5270 5463 5272
f 5273 5464 5271
f 5464 5273 5275
f 5472 5464 5275
f 5466 5464 5472
f 5474 5467 5473
f 5467 5472 5473
f 5467 5466 5472
f 5467 5474 5468
f 5477 5476 5475
f 5475 5478 5477
f 5469 5470 5278
f 5470 5277 5278
f 5470 5479 5277
f 5469 5278 5272
f 5279 5472 5275
f 5481 5480 5281
f 5281 5480 5279
f 5480 5473 5279
f 5473 5472 5279
f 5283 5284 5481
f 5284 5480 5481
f 5284 5482 5480
f 5285 5475 5476
f 5482 5285 5476
f 5284 5285 5482
f 5285 5287 5475
f 5287 5478 5475
f 5287 5483 5478
f 5479 5288 5277
f 5484 5288 5479
f 5290 5481 5281
f 5481 5290 5283
f 5293 5485 5292
f 5485 5486 5292
f 5486 5287 5292
f 5486 5483 5287
f 5488 5487 5295
f 5295 5487 5294
f 5295 5288 5484
f 5295 5484 5488
f 5490 5489 5485
f 5293 5490 5485
f 5298 5490 5293
f 5485 5489 5486
f 5492 5491 5301
f 5301 5491 5300
f 5301 5294 5487
f 5301 5487 5492
f 5303 5493 5304
f 5493 5494 5304
f 5494 5298 5304
f 5494 5490 5298
f 5495 5307 5308
f 5496 5495 5308
f 5300 5496 5308
f 5491 5496 5300
f 5498 5497 5493
f 5303 5498 5493
f 5310 5498 5303
f 5493 5497 5494
f 5499 5314 5495
f 5495 5314 5307
f 5495 5496 5500
f 5495 5500 5499
f 5316 5498 5310
f 5316 5501 5498
f 5502 5319 5499
f 5499 5319 5314
f 5499 5500 5503
f 5499 5503 5502
f 5505 5504 5320
f 5505 5320 5321
f 5316 5320 5501
f 5501 5320 5504
f 5502 5323 5319
f 5507 5506 5325
f 5507 5325 5323
f 5503 5507 5323
f 5502 5503 5323
f 5508 5506 5507
f 5326 5505 5321
f 5326 5509 5505
f 5506 5328 5325
f 5511 5510 5330
f 5511 5330 5328
f 5508 5511 5328
f 5506 5508 5328
f 5513 5512 5510
f 5513 5510 5511
f 5514 5512 5513
f 5516 5515 5331
f 5516 5331 5332
f 5331 5517 5334
f 5515 5517 5331
f 5326 5334 5509
f 5509 5334 5517
f 5510 5335 5330
f 5335 5510 5336
f 5336 5510 5512
f 5514 5518 5512
f 5518 5336 5512
f 5518 5337 5336
f 5332 5337 5516
f 5516 5337 5518
f 5521 5520 5519
f 5519 5522 5521
f 5525 5524 5523
f 5525 5523 5520
f 5520 5523 5519
f 5523 5339 5519
f 5339 5340 5519
f 5340 5341 5519
f 5341 5522 5519
f 5341 5526 5522
f 5523 5524 5344
f 5524 5343 5344
f 5524 5527 5343
f 5523 5344 5339
f 5346 5529 5528
f 5526 5346 5528
f 5341 5346 5526
f 5531 5530 5529
f 5529 5530 5528
f 5531 5532 5530
f 5534 5533 5349
f 5349 5533 5348
f 5349 5343 5527
f 5349 5527 5534
f 5350 5529 5346
f 5529 5350 5352
f 5529 5352 5531
f 5352 5354 5531
f 5354 5532 5531
f 5354 5535 5532
f 5533 5356 5348
f 5536 5356 5533
f 5358 5535 5354
f 5358 5537 5535
f 5536 5360 5356
f 5538 5360 5536
f 5361 5537 5358
f 5361 5539 5537
f 5538 5540 5360
f 5360 5540 5362
f 5363 5362 5540
f 5363 5540 5541
f 5542 5539 5361
f 5542 5361 5364
f 5543 5364 5365
f 5543 5542 5364
f 5365 5366 5543
f 5543 5366 5544
f 5541 5367 5363
f 5545 5367 5541
f 5368 5544 5366
f 5368 5546 5544
f 5545 5369 5367
f 5547 5369 5545
f 5370 5546 5368
f 5370 5548 5546
f 5547 5371 5369
f 5549 5371 5547
f 5372 5548 5370
f 5372 5550 5548
f 5549 5373 5371
f 5551 5373 5549
f 5554 5553 5552
f 5553 5550 5552
f 5550 5374 5552
f 5550 5372 5374
f 5551 5375 5373
f 5555 5375 5551
f 5557 5556 5377
f 5557 5377 5378
f 5552 5379 5554
f 5379 5556 5554
f 5379 5377 5556
f 5379 5552 5374
f 5555 5380 5375
f 5558 5380 5555
f 5381 5557 5378
f 5381 5559 5557
f 5560 5382 5383
f 5561 5560 5383
f 5380 5561 5383
f 5558 5561 5380
f 5384 5559 5381
f 5384 5562 5559
f 5564 5563 5560
f 5563 5382 5560
f 5563 5385 5382
f 5564 5560 5561
f 5386 5562 5384
f 5386 5565 5562
f 5563 5388 5385
f 5566 5388 5563
f 5389 5565 5386
f 5389 5567 5565
f 5568 5390 5391
f 5569 5568 5391
f 5388 5569 5391
f 5566 5569 5388
f 5570 5567 5389
f 5570 5389 5392
f 5392 5394 5570
f 5570 5394 5571
f 5572 5395 5568
f 5568 5395 5390
f 5568 5569 5573
f 5568 5573 5572
f 5396 5575 5574
f 5571 5396 5574
f 5394 5396 5571
f 5577 5576 5575
f 5575 5576 5574
f 5579 5578 5577
f 5577 5578 5576
f 5581 5580 5579
f 5579 5580 5578
f 5583 5582 5581
f 5581 5582 5580
f 5583 5584 5582
f 5585 5397 5572
f 5572 5397 5395
f 5572 5573 5586
f 5572 5586 5585
f 5398 5575 5396
f 5575 5398 5400
f 5575 5400 5577
f 5577 5400 5402
f 5577 5402 5579
f 5579 5402 5404
f 5579 5404 5581
f 5581 5404 5406
f 5581 5406 5583
f 5587 5584 5583
f 5406 5587 5583
f 5408 5587 5406
f 5588 5408 5409
f 5588 5587 5408
f 5409 5410 5588
f 5588 5410 5589
f 5585 5411 5397
f 5412 5411 5585
f 5586 5412 5585
f 5590 5412 5586
f 5413 5589 5410
f 5413 5591 5589
f 5590 5414 5412
f 5592 5414 5590
f 5595 5594 5593
f 5594 5591 5593
f 5591 5415 5593
f 5591 5413 5415
f 5592 5416 5414
f 5596 5416 5592
f 5599 5598 5597
f 5418 5419 5597
f 5598 5418 5597
f 5600 5418 5598
f 5593 5420 5595
f 5420 5600 5595
f 5420 5418 5600
f 5420 5593 5415
f 5596 5421 5416
f 5601 5421 5596
f 5603 5602 5423
f 5603 5423 5424
f 5597 5425 5599
f 5425 5602 5599
f 5425 5423 5602
f 5425 5597 5419
f 5604 5426 5427
f 5605 5604 5427
f 5421 5605 5427
f 5601 5605 5421
f 5607 5606 5429
f 5607 5429 5430
f 5429 5608 5431
f 5606 5608 5429
f 5424 5431 5603
f 5603 5431 5608
f 5610 5609 5604
f 5609 5426 5604
f 5609 5432 5426
f 5610 5604 5605
f 5612 5611 5433
f 5612 5433 5434
f 5435 5433 5611
f 5435 5611 5613
f 5615 5614 5436
f 5615 5436 5437
f 5430 5436 5607
f 5607 5436 5614
f 5609 5438 5432
f 5616 5438 5609
f 5618 5617 5441
f 5618 5441 5440
f 5434 5441 5612
f 5612 5441 5617
f 5442 5435 5619
f 5435 5620 5619
f 5435 5613 5620
f 5442 5619 5621
f 5622 5442 5621
f 5443 5442 5622
f 5437 5443 5615
f 5615 5443 5622
f 5616 5445 5438
f 5623 5445 5616
f 5625 5624 5446
f 5625 5446 5447
f 5440 5446 5618
f 5618 5446 5624
f 5628 5627 5626
f 5628 5626 5620
f 5626 5619 5620
f 5626 5629 5619
f 5621 5619 5630
f 5630 5619 5629
f 5623 5449 5445
f 5631 5449 5623
f 5450 5633 5632
f 5625 5450 5632
f 5447 5450 5625
f 5633 5634 5632
f 5626 5627 5453
f 5627 5452 5453
f 5627 5635 5452
f 5626 5453 5454
f 5636 5626 5454
f 5629 5626 5636
f 5630 5629 5637
f 5637 5629 5636
f 5455 5449 5638
f 5449 5639 5638
f 5449 5631 5639
f 5638 5456 5455
f 5457 5633 5450
f 5641 5640 5459
f 5459 5640 5457
f 5640 5634 5457
f 5634 5633 5457
f 5635 5640 5641
f 5461 5635 5641
f 5452 5635 5461
f 5643 5642 5636
f 5454 5643 5636
f 5462 5643 5454
f 5636 5642 5637
f 5638 5639 5644
f 5644 5639 5645
f 5644 5463 5456
f 5644 5456 5638
f 5465 5641 5459
f 5641 5465 5461
f 5468 5643 5462
f 5468 5646 5643
f 5644 5645 5471
f 5645 5470 5471
f 5645 5647 5470
f 5644 5471 5463
f 5473 5648 5474
f 5646 5468 5649
f 5468 5648 5649
f 5648 5650 5649
f 5468 5474 5648
f 5476 5477 5650
f 5477 5649 5650
f 5477 5651 5649
f 5477 5478 5651
f 5651 5478 5652
f 5647 5479 5470
f 5653 5479 5647
f 5480 5648 5473
f 5648 5480 5482
f 5648 5482 5650
f 5650 5482 5476
f 5483 5652 5478
f 5483 5654 5652
f 5653 5484 5479
f 5655 5484 5653
f 5486 5654 5483
f 5486 5656 5654
f 5658 5657 5488
f 5488 5657 5487
f 5488 5484 5655
f 5488 5655 5658
f 5490 5659 5489
f 5659 5660 5489
f 5660 5486 5489
f 5660 5656 5486
f 5661 5491 5492
f 5662 5661 5492
f 5487 5662 5492
f 5657 5662 5487
f 5664 5663 5659
f 5490 5664 5659
f 5494 5664 5490
f 5659 5663 5660
f 5665 5496 5661
f 5661 5496 5491
f 5661 5662 5666
f 5661 5666 5665
f 5498 5667 5497
f 5667 5668 5497
f 5668 5494 5497
f 5668 5664 5494
f 5669 5500 5665
f 5665 5500 5496
f 5665 5666 5670
f 5665 5670 5669
f 5672 5671 5667
f 5498 5672 5667
f 5501 5672 5498
f 5667 5671 5668
f 5673 5503 5669
f 5669 5503 5500
f 5669 5670 5674
f 5669 5674 5673
f 5505 5675 5504
f 5675 5676 5504
f 5676 5501 5504
f 5676 5672 5501
f 5673 5507 5503
f 5678 5677 5508
f 5678 5508 5507
f 5674 5678 5507
f 5673 5674 5507
f 5680 5679 5677
f 5680 5677 5678
f 5681 5679 5680
f 5683 5682 5675
f 5505 5683 5675
f 5509 5683 5505
f 5675 5682 5676
f 5677 5511 5508
f 5511 5677 5513
f 5513 5677 5679
f 5685 5684 5514
f 5685 5514 5513
f 5681 5685 5513
f 5679 5681 5513
f 5515 5516 5684
f 5685 5515 5684
f 5686 5515 5685
f 5515 5687 5517
f 5686 5687 5515
f 5509 5517 5683
f 5683 5517 5687
f 5684 5518 5514
f 5518 5684 5516
f 5690 5689 5688
f 5692 5691 5688
f 5688 5691 5690
f 5692 5693 5691
f 5688 5689 5694
f 5694 5689 5695
f 5694 5520 5521
f 5692 5694 5521
f 5688 5694 5692
f 5521 5522 5692
f 5522 5693 5692
f 5522 5696 5693
f 5694 5695 5525
f 5695 5524 5525
f 5695 5697 5524
f 5694 5525 5520
f 5526 5696 5522
f 5526 5698 5696
f 5701 5700 5699
f 5697 5701 5699
f 5527 5697 5699
f 5524 5697 5527
f 5702 5698 5526
f 5702 5526 5528
f 5703 5528 5530
f 5703 5702 5528
f 5530 5532 5703
f 5703 5532 5704
f 5699 5700 5534
f 5700 5533 5534
f 5700 5705 5533
f 5699 5534 5527
f 5535 5704 5532
f 5535 5706 5704
f 5705 5536 5533
f 5707 5536 5705
f 5537 5706 5535
f 5537 5708 5706
f 5707 5538 5536
f 5709 5538 5707
f 5539 5708 5537
f 5539 5710 5708
f 5709 5711 5538
f 5538 5711 5540
f 5541 5540 5711
f 5541 5711 5712
f 5713 5710 5539
f 5713 5539 5542
f 5714 5542 5543
f 5714 5713 5542
f 5543 5544 5714
f 5714 5544 5715
f 5712 5545 5541
f 5716 5545 5712
f 5546 5715 5544
f 5546 5717 5715
f 5716 5547 5545
f 5718 5547 5716
f 5548 5717 5546
f 5548 5719 5717
f 5718 5549 5547
f 5720 5549 5718
f 5550 5719 5548
f 5550 5721 5719
f 5720 5551 5549
f 5722 5551 5720
f 5725 5724 5723
f 5553 5554 5723
f 5724 5553 5723
f 5726 5553 5724
f 5550 5553 5721
f 5721 5553 5726
f 5722 5555 5551
f 5727 5555 5722
f 5725 5723 5556
f 5557 5725 5556
f 5728 5725 5557
f 5556 5723 5554
f 5727 5558 5555
f 5729 5558 5727
f 5559 5728 5557
f 5559 5730 5728
f 5729 5561 5558
f 5731 5561 5729
f 5562 5730 5559
f 5562 5732 5730
f 5733 5563 5564
f 5734 5733 5564
f 5561 5734 5564
f 5731 5734 5561
f 5565 5732 5562
f 5565 5735 5732
f 5737 5736 5733
f 5736 5563 5733
f 5736 5566 5563
f 5737 5733 5734
f 5567 5735 5565
f 5567 5738 5735
f 5736 5569 5566
f 5739 5569 5736
f 5567 5570 5740
f 5741 5567 5740
f 5738 5567 5741
f 5571 5740 5570
f 5739 5573 5569
f 5742 5573 5739
f 5743 5741 5740
f 5743 5740 5571
f 5574 5743 5571
f 5744 5743 5574
f 5745 5574 5576
f 5745 5744 5574
f 5746 5576 5578
f 5746 5745 5576
f 5747 5578 5580
f 5747 5746 5578
f 5748 5580 5582
f 5748 5747 5580
f 5582 5584 5748
f 5748 5584 5749
f 5742 5586 5573
f 5750 5586 5742
f 5751 5749 5584
f 5751 5584 5587
f 5753 5751 5752
f 5751 5588 5752
f 5751 5587 5588
f 5589 5752 5588
f 5750 5590 5586
f 5754 5590 5750
f 5753 5752 5755
f 5753 5755 5756
f 5591 5755 5589
f 5589 5755 5752
f 5754 5592 5590
f 5757 5592 5754
f 5760 5759 5758
f 5758 5759 5756
f 5758 5756 5755
f 5595 5758 5755
f 5594 5595 5755
f 5594 5755 5591
f 5757 5596 5592
f 5761 5596 5757
f 5763 5762 5598
f 5763 5598 5599
f 5758 5600 5760
f 5600 5762 5760
f 5600 5598 5762
f 5600 5758 5595
f 5761 5601 5596
f 5764 5601 5761
f 5766 5765 5602
f 5766 5602 5603
f 5599 5602 5763
f 5763 5602 5765
f 5764 5605 5601
f 5767 5605 5764
f 5769 5768 5606
f 5769 5606 5607
f 5606 5770 5608
f 5768 5770 5606
f 5603 5608 5766
f 5766 5608 5770
f 5771 5609 5610
f 5772 5771 5610
f 5605 5772 5610
f 5767 5772 5605
f 5612 5773 5611
f 5773 5613 5611
f 5615 5774 5614
f 5774 5775 5614
f 5775 5607 5614
f 5775 5769 5607
f 5776 5616 5771
f 5771 5616 5609
f 5771 5772 5777
f 5771 5777 5776
f 5618 5778 5617
f 5773 5612 5617
f 5778 5773 5617
f 5779 5773 5778
f 5779 5620 5613
f 5779 5613 5773
f 5621 5780 5622
f 5780 5781 5622
f 5622 5781 5615
f 5781 5782 5615
f 5782 5774 5615
f 5774 5782 5775
f 5784 5783 5776
f 5783 5616 5776
f 5783 5623 5616
f 5784 5776 5777
f 5625 5785 5624
f 5778 5618 5624
f 5785 5778 5624
f 5786 5778 5785
f 5786 5627 5628
f 5779 5786 5628
f 5778 5786 5779
f 5779 5628 5620
f 5788 5787 5780
f 5621 5788 5780
f 5630 5788 5621
f 5780 5787 5781
f 5783 5631 5623
f 5789 5631 5783
f 5632 5785 5625
f 5785 5632 5634
f 5790 5785 5634
f 5786 5785 5790
f 5790 5635 5627
f 5790 5627 5786
f 5637 5788 5630
f 5637 5791 5788
f 5789 5639 5631
f 5792 5639 5789
f 5640 5790 5634
f 5790 5640 5635
f 5643 5793 5642
f 5793 5794 5642
f 5794 5637 5642
f 5794 5791 5637
f 5792 5645 5639
f 5795 5645 5792
f 5646 5796 5793
f 5646 5793 5643
f 5794 5793 5797
f 5797 5793 5796
f 5795 5647 5645
f 5798 5647 5795
f 5649 5796 5646
f 5799 5797 5796
f 5649 5799 5796
f 5651 5799 5649
f 5651 5652 5799
f 5799 5652 5800
f 5798 5653 5647
f 5801 5653 5798
f 5654 5800 5652
f 5654 5802 5800
f 5801 5655 5653
f 5803 5655 5801
f 5656 5802 5654
f 5656 5804 5802
f 5806 5805 5658
f 5658 5805 5657
f 5658 5655 5803
f 5658 5803 5806
f 5660 5804 5656
f 5660 5807 5804
f 5805 5662 5657
f 5808 5662 5805
f 5810 5809 5663
f 5810 5663 5664
f 5660 5663 5807
f 5807 5663 5809
f 5808 5666 5662
f 5811 5666 5808
f 5668 5810 5664
f 5668 5812 5810
f 5811 5670 5666
f 5813 5670 5811
f 5815 5814 5671
f 5815 5671 5672
f 5668 5671 5812
f 5812 5671 5814
f 5817 5674 5816
f 5674 5813 5816
f 5674 5670 5813
f 5818 5817 5816
f 5676 5815 5672
f 5676 5819 5815
f 5817 5678 5674
f 5818 5820 5817
f 5820 5678 5817
f 5820 5680 5678
f 5681 5680 5820
f 5681 5820 5821
f 5823 5822 5682
f 5823 5682 5683
f 5676 5682 5819
f 5819 5682 5822
f 5821 5824 5681
f 5681 5824 5685
f 5685 5825 5686
f 5824 5825 5685
f 5686 5826 5687
f 5825 5826 5686
f 5683 5687 5823
f 5823 5687 5826
f 5829 5828 5827
f 5827 5830 5829
f 5828 5831 5827
f 5827 5831 5830
f 5834 5833 5832
f 5832 5835 5834
f 5832 5833 5836
f 5836 5833 5837
f 5835 5832 5838
f 5838 5832 5836
f 5836 5837 5839
f 5839 5837 5840
f 5838 5836 5841
f 5841 5836 5839
f 5839 5840 5842
f 5842 5840 5843
f 5841 5839 5844
f 5839 5845 5844
f 5839 5842 5845
f 5845 5846 5844
f 5842 5843 5847
f 5847 5843 5848
f 5842 5849 5845
f 5842 5847 5849
f 5846 5845 5850
f 5845 5851 5850
f 5845 5849 5851
f 5851 5852 5850
f 5847 5848 5690
f 5848 5689 5690
f 5848 5853 5689
f 5847 5690 5691
f 5847 5691 5849
f 5849 5691 5693
f 5854 5849 5693
f 5851 5849 5854
f 5852 5851 5855
f 5855 5851 5854
f 5858 5857 5856
f 5853 5858 5856
f 5695 5853 5856
f 5689 5853 5695
f 5696 5859 5854
f 5696 5854 5693
f 5855 5854 5860
f 5860 5854 5859
f 5856 5857 5861
f 5861 5857 5862
f 5861 5697 5695
f 5861 5695 5856
f 5698 5863 5859
f 5698 5859 5696
f 5860 5859 5864
f 5864 5859 5863
f 5861 5862 5701
f 5862 5700 5701
f 5862 5865 5700
f 5861 5701 5697
f 5702 5863 5698
f 5866 5864 5863
f 5702 5866 5863
f 5703 5866 5702
f 5703 5704 5866
f 5866 5704 5867
f 5865 5705 5700
f 5868 5705 5865
f 5706 5867 5704
f 5706 5869 5867
f 5868 5707 5705
f 5870 5707 5868
f 5708 5869 5706
f 5708 5871 5869
f 5870 5709 5707
f 5872 5709 5870
f 5710 5871 5708
f 5710 5873 5871
f 5872 5874 5709
f 5709 5874 5711
f 5712 5711 5874
f 5712 5874 5875
f 5876 5873 5710
f 5876 5710 5713
f 5877 5713 5714
f 5877 5876 5713
f 5714 5715 5877
f 5877 5715 5878
f 5875 5716 5712
f 5879 5716 5875
f 5717 5878 5715
f 5717 5880 5878
f 5879 5718 5716
f 5881 5718 5879
f 5884 5883 5882
f 5885 5882 5883
f 5719 5880 5717
f 5719 5886 5880
f 5881 5720 5718
f 5887 5720 5881
f 5884 5882 5888
f 5884 5888 5889
f 5882 5885 5890
f 5891 5882 5890
f 5888 5882 5891
f 5890 5886 5891
f 5886 5721 5891
f 5886 5719 5721
f 5887 5722 5720
f 5892 5722 5887
f 5889 5888 5724
f 5725 5889 5724
f 5893 5889 5725
f 5724 5888 5726
f 5726 5888 5891
f 5726 5891 5721
f 5892 5727 5722
f 5894 5727 5892
f 5728 5893 5725
f 5728 5895 5893
f 5894 5729 5727
f 5896 5729 5894
f 5730 5895 5728
f 5730 5897 5895
f 5896 5731 5729
f 5898 5731 5896
f 5732 5897 5730
f 5732 5899 5897
f 5898 5734 5731
f 5900 5734 5898
f 5735 5899 5732
f 5735 5901 5899
f 5902 5736 5737
f 5903 5902 5737
f 5734 5903 5737
f 5900 5903 5734
f 5738 5901 5735
f 5738 5904 5901
f 5906 5905 5902
f 5905 5736 5902
f 5905 5739 5736
f 5906 5902 5903
f 5741 5904 5738
f 5741 5907 5904
f 5905 5742 5739
f 5908 5742 5905
f 5909 5907 5741
f 5909 5741 5743
f 5910 5743 5744
f 5910 5909 5743
f 5911 5744 5745
f 5911 5910 5744
f 5912 5745 5746
f 5912 5911 5745
f 5913 5746 5747
f 5913 5912 5746
f 5914 5747 5748
f 5914 5913 5747
f 5748 5749 5914
f 5914 5749 5915
f 5908 5750 5742
f 5916 5750 5908
f 5917 5915 5749
f 5917 5749 5751
f 5751 5753 5917
f 5917 5753 5918
f 5916 5754 5750
f 5919 5754 5916
f 5756 5918 5753
f 5756 5920 5918
f 5919 5757 5754
f 5921 5757 5919
f 5923 5922 5759
f 5923 5759 5760
f 5756 5759 5920
f 5920 5759 5922
f 5921 5761 5757
f 5924 5761 5921
f 5926 5925 5762
f 5926 5762 5763
f 5760 5762 5923
f 5923 5762 5925
f 5924 5764 5761
f 5927 5764 5924
f 5930 5929 5928
f 5765 5766 5928
f 5929 5765 5928
f 5931 5765 5929
f 5763 5765 5926
f 5926 5765 5931
f 5927 5767 5764
f 5932 5767 5927
f 5934 5933 5768
f 5934 5768 5769
f 5928 5770 5930
f 5770 5933 5930
f 5770 5768 5933
f 5770 5928 5766
f 5932 5772 5767
f 5935 5772 5932
f 5775 5934 5769
f 5775 5936 5934
f 5935 5777 5772
f 5937 5777 5935
f 5939 5938 5782
f 5939 5782 5781
f 5775 5782 5936
f 5936 5782 5938
f 5941 5940 5784
f 5784 5940 5783
f 5784 5777 5937
f 5784 5937 5941
f 5788 5942 5787
f 5942 5943 5787
f 5943 5781 5787
f 5943 5939 5781
f 5940 5789 5783
f 5944 5789 5940
f 5791 5945 5942
f 5791 5942 5788
f 5943 5942 5946
f 5946 5942 5945
f 5944 5792 5789
f 5947 5792 5944
f 5794 5948 5945
f 5794 5945 5791
f 5946 5945 5949
f 5949 5945 5948
f 5947 5795 5792
f 5950 5795 5947
f 5797 5951 5948
f 5797 5948 5794
f 5949 5948 5952
f 5952 5948 5951
f 5950 5798 5795
f 5953 5798 5950
f 5799 5951 5797
f 5799 5800 5951
f 5800 5952 5951
f 5800 5954 5952
f 5953 5801 5798
f 5955 5801 5953
f 5802 5954 5800
f 5802 5956 5954
f 5955 5803 5801
f 5957 5803 5955
f 5804 5956 5802
f 5804 5958 5956
f 5959 5805 5806
f 5960 5959 5806
f 5803 5960 5806
f 5957 5960 5803
f 5807 5958 5804
f 5807 5961 5958
f 5963 5962 5959
f 5962 5805 5959
f 5962 5808 5805
f 5963 5959 5960
f 5810 5964 5809
f 5964 5965 5809
f 5965 5807 5809
f 5965 5961 5807
f 5962 5811 5808
f 5966 5811 5962
f 5968 5967 5964
f 5810 5968 5964
f 5812 5968 5810
f 5964 5967 5965
f 5966 5813 5811
f 5969 5813 5966
f 5815 5970 5814
f 5970 5971 5814
f 5971 5812 5814
f 5971 5968 5812
f 5969 5972 5813
f 5813 5972 5816
f 5974 5973 5818
f 5816 5974 5818
f 5972 5974 5816
f 5975 5973 5974
f 5977 5976 5970
f 5815 5977 5970
f 5819 5977 5815
f 5970 5976 5971
f 5973 5820 5818
f 5821 5820 5973
f 5975 5821 5973
f 5978 5821 5975
f 5823 5979 5822
f 5979 5980 5822
f 5980 5819 5822
f 5980 5977 5819
f 5978 5981 5821
f 5821 5981 5824
f 5824 5982 5825
f 5981 5982 5824
f 5825 5983 5826
f 5982 5983 5825
f 5823 5826 5979
f 5826 5984 5979
f 5826 5983 5984
f 5979 5984 5980
f 5987 5986 5985
f 5985 5988 5987
f 5991 5990 5989
f 5991 5989 5986
f 5986 5989 5985
f 5989 5828 5985
f 5828 5829 5985
f 5829 5830 5985
f 5830 5988 5985
f 5830 5992 5988
f 5989 5990 5993
f 5993 5990 5994
f 5995 5831 5828
f 5989 5995 5828
f 5993 5995 5989
f 5995 5996 5831
f 5996 5830 5831
f 5996 5992 5830
f 5993 5994 5997
f 5997 5994 5998
f 5997 5833 5834
f 5995 5997 5834
f 5993 5997 5995
f 5834 5835 5995
f 5835 5996 5995
f 5835 5999 5996
f 5997 5998 6000
f 6000 5998 6001
f 6000 5837 5833
f 6000 5833 5997
f 5838 5999 5835
f 5838 6002 5999
f 6000 6001 6003
f 6003 6001 6004
f 6003 5840 5837
f 6003 5837 6000
f 5841 6006 6005
f 6002 5841 6005
f 5838 5841 6002
f 6006 6007 6005
f 6003 6004 6008
f 6008 6004 6009
f 6008 5843 5840
f 6008 5840 6003
f 5844 6006 5841
f 6011 6010 5846
f 5846 6010 5844
f 6010 6007 5844
f 6007 6006 5844
f 6011 6012 6010
f 6008 6009 6013
f 6013 6009 6014
f 6013 5848 5843
f 6013 5843 6008
f 5850 6011 5846
f 5850 5852 6011
f 5852 6012 6011
f 5852 6015 6012
f 6013 6014 6016
f 6016 6014 6017
f 6016 5853 5848
f 6016 5848 6013
f 5855 6015 5852
f 5855 6018 6015
f 6016 6017 5858
f 6017 5857 5858
f 6017 6019 5857
f 6016 5858 5853
f 5860 6018 5855
f 5860 6020 6018
f 6019 5862 5857
f 6021 5862 6019
f 5864 6020 5860
f 5864 6022 6020
f 6021 5865 5862
f 6023 5865 6021
f 6024 6022 5864
f 6024 5864 5866
f 5866 5867 6024
f 6024 5867 6025
f 6023 5868 5865
f 6026 5868 6023
f 5869 6025 5867
f 5869 6027 6025
f 6026 5870 5868
f 6028 5870 6026
f 5871 6027 5869
f 5871 6029 6027
f 6031 5872 6030
f 5872 6028 6030
f 5872 5870 6028
f 6032 6031 6030
f 5873 6029 5871
f 5873 6033 6029
f 6031 5874 5872
f 5875 5874 6031
f 6032 5875 6031
f 6034 5875 6032
f 5873 5876 6035
f 6036 5873 6035
f 6033 5873 6036
f 5877 6037 5876
f 5876 6037 6035
f 5878 6037 5877
f 6034 5879 5875
f 6038 5879 6034
f 6036 6035 6039
f 6036 6039 6040
f 6041 6035 6037
f 6039 6035 6041
f 5880 6041 5878
f 5878 6041 6037
f 6038 5881 5879
f 6042 5881 6038
f 6040 6039 5883
f 5884 6040 5883
f 6043 6040 5884
f 5883 6039 5885
f 6039 6044 5885
f 6039 6041 6044
f 5886 6044 5880
f 5880 6044 6041
f 6046 5887 6045
f 5887 6042 6045
f 5887 5881 6042
f 6047 6046 6045
f 5889 6043 5884
f 5889 6048 6043
f 6044 5890 5885
f 5890 6044 5886
f 6049 5892 6046
f 6046 5892 5887
f 6046 6047 6050
f 6051 6046 6050
f 6049 6046 6051
f 6052 6051 6050
f 6055 6054 6053
f 6054 6048 6053
f 6048 5893 6053
f 6048 5889 5893
f 6056 5894 6049
f 6049 5894 5892
f 6051 6058 6057
f 6056 6051 6057
f 6049 6051 6056
f 6058 6051 6052
f 6055 6053 6059
f 6055 6059 6060
f 5895 6059 5893
f 5893 6059 6053
f 6062 6061 6056
f 6061 5894 6056
f 6061 5896 5894
f 6062 6056 6057
f 6060 6059 6063
f 6060 6063 6064
f 5897 6063 5895
f 5895 6063 6059
f 6061 5898 5896
f 6065 5898 6061
f 6064 6063 6066
f 6064 6066 6067
f 5899 6066 5897
f 5897 6066 6063
f 6065 5900 5898
f 6068 5900 6065
f 6069 6067 6066
f 6066 5899 6069
f 5899 6070 6069
f 5899 5901 6070
f 6068 5903 5900
f 6071 5903 6068
f 5904 6070 5901
f 5904 6072 6070
f 6073 5905 5906
f 6074 6073 5906
f 5903 6074 5906
f 6071 6074 5903
f 5907 6072 5904
f 5907 6075 6072
f 6077 6076 6073
f 6076 5905 6073
f 6076 5908 5905
f 6077 6073 6074
f 6078 6075 5907
f 6078 5907 5909
f 6079 5909 5910
f 6079 6078 5909
f 6080 5910 5911
f 6080 6079 5910
f 6081 5911 5912
f 6081 6080 5911
f 6082 5912 5913
f 6082 6081 5912
f 6084 6082 6083
f 6082 5914 6083
f 6082 5913 5914
f 5915 6083 5914
f 6076 5916 5908
f 6085 5916 6076
f 6086 6084 6083
f 6088 6086 6087
f 6087 6086 5917
f 6086 6083 5917
f 6083 5915 5917
f 5918 6087 5917
f 6085 5919 5916
f 6089 5919 6085
f 6088 6087 6090
f 6088 6090 6091
f 5920 6090 5918
f 5918 6090 6087
f 6089 5921 5919
f 6092 5921 6089
f 6095 6094 6093
f 6093 6094 6091
f 6093 6091 6090
f 5923 6093 6090
f 5922 5923 6090
f 5922 6090 5920
f 6092 5924 5921
f 6096 5924 6092
f 6095 6093 5925
f 5926 6095 5925
f 6097 6095 5926
f 5925 6093 5923
f 6096 5927 5924
f 6098 5927 6096
f 6100 6099 5929
f 6100 5929 5930
f 5929 6101 5931
f 6099 6101 5929
f 5926 5931 6097
f 6097 5931 6101
f 6098 5932 5927
f 6102 5932 6098
f 6104 6103 5933
f 6104 5933 5934
f 5930 5933 6100
f 6100 5933 6103
f 6102 5935 5932
f 6105 5935 6102
f 5936 6104 5934
f 5936 6106 6104
f 6109 6108 6107
f 6105 6109 6107
f 5937 6105 6107
f 5935 6105 5937
f 6111 6110 5938
f 6111 5938 5939
f 5936 5938 6106
f 6106 5938 6110
f 6107 6108 5941
f 6108 5940 5941
f 6108 6112 5940
f 6107 5941 5937
f 5943 6111 5939
f 5943 6113 6111
f 6112 5944 5940
f 6114 5944 6112
f 5946 6113 5943
f 5946 6115 6113
f 6114 5947 5944
f 6116 5947 6114
f 5949 6115 5946
f 5949 6117 6115
f 6116 5950 5947
f 6118 5950 6116
f 5952 6117 5949
f 5952 6119 6117
f 6118 5953 5950
f 6120 5953 6118
f 5954 6119 5952
f 5954 6121 6119
f 6120 5955 5953
f 6122 5955 6120
f 5956 6121 5954
f 5956 6123 6121
f 6122 5957 5955
f 6124 5957 6122
f 5958 6123 5956
f 5958 6125 6123
f 6124 5960 5957
f 6126 5960 6124
f 5961 6125 5958
f 5961 6127 6125
f 6128 5962 5963
f 6129 6128 5963
f 5960 6129 5963
f 6126 6129 5960
f 5965 6127 5961
f 5965 6130 6127
f 6131 5966 6128
f 6128 5966 5962
f 6128 6129 6132
f 6128 6132 6131
f 5968 6133 5967
f 6133 6134 5967
f 6134 5965 5967
f 6134 6130 5965
f 6135 5969 6131
f 6131 5969 5966
f 6131 6132 6136
f 6131 6136 6135
f 6138 6137 6133
f 5968 6138 6133
f 5971 6138 5968
f 6133 6137 6134
f 6135 5972 5969
f 6136 6139 6135
f 6139 5972 6135
f 6139 5974 5972
f 5975 5974 6139
f 5975 6139 6140
f 5977 6141 5976
f 6141 6142 5976
f 6142 5971 5976
f 6142 6138 5971
f 6144 5978 6143
f 5978 6140 6143
f 5978 5975 6140
f 6145 6144 6143
f 6147 6146 6141
f 5977 6147 6141
f 5980 6147 5977
f 6141 6146 6142
f 6144 5981 5978
f 6145 6148 6144
f 6148 5981 6144
f 6148 5982 5981
f 5982 6149 5983
f 6148 6149 5982
f 6149 6151 6150
f 5984 6149 6150
f 5983 6149 5984
f 6150 6152 5984
f 6152 5980 5984
f 6152 6147 5980
f 6151 6153 6150
f 6150 6153 6152
f 6154 5986 5987
f 5988 6154 5987
f 6156 6155 5991
f 5991 6155 5990
f 5991 5986 6154
f 6157 5991 6154
f 6156 5991 6157
f 6154 5988 6157
f 5988 6158 6157
f 5988 5992 6158
f 6155 5994 5990
f 6159 5994 6155
f 5996 6158 5992
f 5996 6160 6158
f 6159 5998 5994
f 6161 5998 6159
f 5999 6160 5996
f 5999 6162 6160
f 6161 6001 5998
f 6163 6001 6161
f 6002 6162 5999
f 6002 6164 6162
f 6163 6004 6001
f 6165 6004 6163
f 6166 6164 6002
f 6166 6002 6005
f 6005 6007 6166
f 6166 6007 6167
f 6165 6009 6004
f 6168 6009 6165
f 6169 6167 6007
f 6169 6007 6010
f 6010 6012 6169
f 6169 6012 6170
f 6168 6014 6009
f 6171 6014 6168
f 6015 6170 6012
f 6015 6172 6170
f 6171 6017 6014
f 6173 6017 6171
f 6018 6172 6015
f 6018 6174 6172
f 6173 6019 6017
f 6175 6019 6173
f 6020 6174 6018
f 6020 6176 6174
f 6175 6021 6019
f 6177 6021 6175
f 6022 6176 6020
f 6022 6178 6176
f 6180 6023 6179
f 6023 6177 6179
f 6023 6021 6177
f 6181 6180 6179
f 6182 6178 6022
f 6182 6022 6024
f 6024 6025 6182
f 6182 6025 6183
f 6184 6026 6180
f 6180 6026 6023
f 6180 6181 6185
f 6180 6185 6184
f 6027 6183 6025
f 6027 6186 6183
f 6187 6028 6184
f 6184 6028 6026
f 6184 6185 6188
f 6184 6188 6187
f 6029 6186 6027
f 6029 6189 6186
f 6187 6030 6028
f 6032 6030 6187
f 6188 6032 6187
f 6190 6032 6188
f 6033 6189 6029
f 6033 6191 6189
f 6193 6034 6192
f 6034 6190 6192
f 6034 6032 6190
f 6194 6193 6192
f 6036 6191 6033
f 6036 6195 6191
f 6196 6038 6193
f 6193 6038 6034
f 6193 6194 6197
f 6193 6197 6196
f 6040 6195 6036
f 6040 6198 6195
f 6199 6042 6196
f 6196 6042 6038
f 6196 6197 6200
f 6201 6196 6200
f 6199 6196 6201
f 6203 6202 6201
f 6203 6201 6200
f 6204 6202 6203
f 6043 6198 6040
f 6043 6205 6198
f 6199 6045 6042
f 6045 6199 6047
f 6199 6206 6047
f 6199 6201 6206
f 6207 6201 6202
f 6206 6201 6207
f 6202 6204 6208
f 6209 6202 6208
f 6207 6202 6209
f 6208 6205 6209
f 6205 6048 6209
f 6205 6043 6048
f 6206 6050 6047
f 6206 6207 6210
f 6052 6206 6210
f 6211 6052 6210
f 6206 6052 6050
f 6055 6212 6054
f 6212 6207 6054
f 6207 6209 6054
f 6212 6210 6207
f 6054 6209 6048
f 6214 6213 6058
f 6058 6213 6057
f 6058 6052 6211
f 6058 6211 6214
f 6060 6212 6055
f 6060 6215 6212
f 6216 6061 6062
f 6217 6216 6062
f 6057 6217 6062
f 6213 6217 6057
f 6064 6215 6060
f 6064 6218 6215
f 6220 6219 6216
f 6219 6061 6216
f 6219 6065 6061
f 6220 6216 6217
f 6067 6218 6064
f 6067 6221 6218
f 6219 6068 6065
f 6222 6068 6219
f 6067 6069 6223
f 6224 6067 6223
f 6221 6067 6224
f 6070 6223 6069
f 6222 6071 6068
f 6225 6071 6222
f 6224 6223 6226
f 6224 6226 6227
f 6072 6226 6070
f 6070 6226 6223
f 6225 6074 6071
f 6228 6074 6225
f 6229 6227 6226
f 6226 6072 6229
f 6072 6230 6229
f 6072 6075 6230
f 6231 6076 6077
f 6232 6231 6077
f 6074 6232 6077
f 6228 6232 6074
f 6233 6230 6075
f 6233 6075 6078
f 6234 6078 6079
f 6234 6233 6078
f 6235 6079 6080
f 6235 6234 6079
f 6236 6080 6081
f 6236 6235 6080
f 6238 6236 6237
f 6236 6082 6237
f 6236 6081 6082
f 6084 6237 6082
f 6240 6239 6231
f 6239 6076 6231
f 6239 6085 6076
f 6240 6231 6232
f 6241 6238 6237
f 6243 6241 6242
f 6242 6241 6086
f 6241 6237 6086
f 6237 6084 6086
f 6088 6242 6086
f 6239 6089 6085
f 6244 6089 6239
f 6243 6242 6245
f 6243 6245 6246
f 6091 6245 6088
f 6088 6245 6242
f 6244 6092 6089
f 6247 6092 6244
f 6246 6245 6094
f 6095 6246 6094
f 6248 6246 6095
f 6094 6245 6091
f 6247 6096 6092
f 6249 6096 6247
f 6252 6251 6250
f 6253 6250 6251
f 6097 6248 6095
f 6097 6254 6248
f 6249 6098 6096
f 6255 6098 6249
f 6252 6250 6099
f 6100 6252 6099
f 6256 6252 6100
f 6253 6257 6250
f 6257 6099 6250
f 6257 6101 6099
f 6097 6101 6254
f 6254 6101 6257
f 6255 6102 6098
f 6258 6102 6255
f 6260 6259 6103
f 6260 6103 6104
f 6100 6103 6256
f 6256 6103 6259
f 6258 6105 6102
f 6261 6105 6258
f 6106 6260 6104
f 6106 6262 6260
f 6263 6108 6109
f 6264 6263 6109
f 6105 6264 6109
f 6261 6264 6105
f 6111 6265 6110
f 6265 6266 6110
f 6266 6106 6110
f 6266 6262 6106
f 6268 6267 6263
f 6267 6108 6263
f 6267 6112 6108
f 6268 6263 6264
f 6270 6269 6265
f 6111 6270 6265
f 6113 6270 6111
f 6265 6269 6266
f 6267 6114 6112
f 6271 6114 6267
f 6115 6270 6113
f 6115 6272 6270
f 6271 6116 6114
f 6273 6116 6271
f 6117 6272 6115
f 6117 6274 6272
f 6273 6118 6116
f 6275 6118 6273
f 6119 6274 6117
f 6119 6276 6274
f 6275 6120 6118
f 6277 6120 6275
f 6121 6276 6119
f 6121 6278 6276
f 6277 6122 6120
f 6279 6122 6277
f 6123 6278 6121
f 6123 6280 6278
f 6279 6124 6122
f 6281 6124 6279
f 6125 6280 6123
f 6125 6282 6280
f 6281 6126 6124
f 6283 6126 6281
f 6127 6282 6125
f 6127 6284 6282
f 6283 6129 6126
f 6285 6129 6283
f 6130 6284 6127
f 6130 6286 6284
f 6285 6132 6129
f 6287 6132 6285
f 6134 6286 6130
f 6134 6288 6286
f 6287 6136 6132
f 6289 6136 6287
f 6291 6290 6137
f 6291 6137 6138
f 6134 6137 6288
f 6288 6137 6290
f 6289 6292 6136
f 6136 6292 6139
f 6140 6139 6292
f 6140 6292 6293
f 6142 6291 6138
f 6142 6294 6291
f 6293 6295 6140
f 6140 6295 6143
f 6145 6143 6295
f 6145 6295 6296
f 6298 6297 6146
f 6298 6146 6147
f 6142 6146 6294
f 6294 6146 6297
f 6148 6145 6299
f 6145 6300 6299
f 6145 6296 6300
f 6148 6299 6301
f 6302 6148 6301
f 6149 6148 6302
f 6151 6149 6302
f 6151 6302 6303
f 6152 6298 6147
f 6152 6304 6298
f 6300 6305 6299
f 6299 6305 6301
f 6303 6306 6151
f 6151 6306 6153
f 6152 6153 6304
f 6304 6153 6306
f 6307 6155 6156
f 6157 6308 6156
f 6156 6308 6307
f 6158 6308 6157
f 6309 6159 6307
f 6307 6159 6155
f 6310 6307 6308
f 6309 6307 6310
f 6160 6310 6158
f 6158 6310 6308
f 6311 6161 6309
f 6309 6161 6159
f 6310 6313 6312
f 6311 6310 6312
f 6309 6310 6311
f 6310 6160 6313
f 6160 6314 6313
f 6160 6162 6314
f 6316 6315 6311
f 6315 6161 6311
f 6315 6163 6161
f 6316 6311 6312
f 6164 6314 6162
f 6164 6317 6314
f 6315 6165 6163
f 6318 6165 6315
f 6164 6166 6319
f 6320 6164 6319
f 6317 6164 6320
f 6167 6319 6166
f 6318 6168 6165
f 6321 6168 6318
f 6320 6319 6322
f 6320 6322 6323
f 6169 6324 6167
f 6324 6319 6167
f 6324 6322 6319
f 6170 6324 6169
f 6321 6171 6168
f 6325 6171 6321
f 6323 6322 6326
f 6323 6326 6327
f 6324 6329 6328
f 6326 6324 6328
f 6322 6324 6326
f 6324 6170 6329
f 6170 6330 6329
f 6170 6172 6330
f 6332 6173 6331
f 6173 6325 6331
f 6173 6171 6325
f 6333 6332 6331
f 6327 6326 6334
f 6327 6334 6335
f 6326 6328 6336
f 6326 6336 6334
f 6174 6330 6172
f 6174 6337 6330
f 6338 6175 6332
f 6332 6175 6173
f 6332 6333 6339
f 6332 6339 6338
f 6335 6334 6340
f 6335 6340 6341
f 6334 6336 6342
f 6334 6342 6340
f 6176 6337 6174
f 6176 6343 6337
f 6344 6177 6338
f 6338 6177 6175
f 6338 6339 6345
f 6338 6345 6344
f 6341 6340 6346
f 6341 6346 6347
f 6340 6342 6348
f 6340 6348 6346
f 6178 6343 6176
f 6178 6349 6343
f 6344 6179 6177
f 6181 6179 6344
f 6345 6181 6344
f 6350 6181 6345
f 6347 6346 6351
f 6347 6351 6352
f 6346 6348 6353
f 6346 6353 6351
f 6178 6182 6354
f 6355 6178 6354
f 6349 6178 6355
f 6183 6354 6182
f 6357 6185 6356
f 6185 6350 6356
f 6185 6181 6350
f 6357 6359 6358
f 6357 6351 6359
f 6357 6356 6352
f 6351 6357 6352
f 6359 6351 6353
f 6360 6355 6354
f 6354 6183 6360
f 6183 6361 6360
f 6183 6186 6361
f 6362 6188 6357
f 6357 6188 6185
f 6357 6358 6363
f 6357 6363 6362
f 6366 6365 6364
f 6367 6364 6365
f 6189 6361 6186
f 6189 6368 6361
f 6369 6190 6362
f 6362 6190 6188
f 6362 6363 6370
f 6362 6370 6369
f 6366 6364 6371
f 6366 6371 6372
f 6364 6367 6373
f 6364 6373 6371
f 6191 6368 6189
f 6191 6374 6368
f 6369 6192 6190
f 6376 6375 6194
f 6376 6194 6192
f 6370 6376 6192
f 6369 6370 6192
f 6375 6376 6372
f 6371 6375 6372
f 6377 6375 6371
f 6371 6373 6378
f 6371 6378 6377
f 6195 6374 6191
f 6195 6379 6374
f 6380 6197 6375
f 6375 6197 6194
f 6381 6375 6377
f 6380 6375 6381
f 6377 6378 6382
f 6383 6377 6382
f 6381 6377 6383
f 6382 6379 6383
f 6379 6198 6383
f 6379 6195 6198
f 6380 6200 6197
f 6200 6380 6203
f 6203 6380 6381
f 6203 6381 6204
f 6381 6384 6204
f 6381 6383 6384
f 6205 6384 6198
f 6198 6384 6383
f 6384 6208 6204
f 6208 6384 6205
f 6385 6211 6210
f 6212 6385 6210
f 6386 6213 6214
f 6211 6385 6214
f 6385 6386 6214
f 6385 6387 6386
f 6215 6387 6212
f 6212 6387 6385
f 6388 6217 6386
f 6386 6217 6213
f 6387 6390 6389
f 6388 6387 6389
f 6386 6387 6388
f 6387 6215 6390
f 6215 6391 6390
f 6215 6218 6391
f 6392 6219 6220
f 6217 6388 6220
f 6388 6392 6220
f 6388 6393 6392
f 6388 6389 6394
f 6388 6394 6393
f 6221 6391 6218
f 6221 6395 6391
f 6396 6222 6392
f 6392 6222 6219
f 6393 6398 6397
f 6396 6393 6397
f 6392 6393 6396
f 6398 6393 6394
f 6224 6395 6221
f 6224 6399 6395
f 6401 6400 6396
f 6400 6222 6396
f 6400 6225 6222
f 6401 6396 6397
f 6227 6399 6224
f 6227 6402 6399
f 6400 6228 6225
f 6403 6228 6400
f 6227 6229 6404
f 6405 6227 6404
f 6402 6227 6405
f 6230 6404 6229
f 6403 6232 6228
f 6406 6232 6403
f 6407 6405 6404
f 6409 6407 6408
f 6408 6407 6233
f 6407 6404 6233
f 6404 6230 6233
f 6408 6233 6410
f 6233 6411 6410
f 6233 6234 6411
f 6412 6234 6235
f 6412 6411 6234
f 6413 6235 6236
f 6413 6412 6235
f 6236 6238 6413
f 6413 6238 6414
f 6415 6239 6240
f 6416 6415 6240
f 6232 6416 6240
f 6406 6416 6232
f 6417 6409 6408
f 6417 6408 6410
f 6238 6241 6418
f 6419 6238 6418
f 6414 6238 6419
f 6243 6418 6241
f 6420 6244 6415
f 6415 6244 6239
f 6415 6416 6421
f 6415 6421 6420
f 6419 6418 6422
f 6419 6422 6423
f 6246 6422 6243
f 6243 6422 6418
f 6425 6424 6420
f 6424 6244 6420
f 6424 6247 6244
f 6425 6420 6421
f 6428 6427 6426
f 6426 6427 6423
f 6422 6426 6423
f 6429 6426 6422
f 6248 6429 6246
f 6246 6429 6422
f 6424 6249 6247
f 6430 6249 6424
f 6428 6426 6251
f 6252 6428 6251
f 6431 6428 6252
f 6251 6426 6253
f 6426 6432 6253
f 6426 6429 6432
f 6254 6432 6248
f 6248 6432 6429
f 6430 6255 6249
f 6433 6255 6430
f 6256 6431 6252
f 6256 6434 6431
f 6432 6257 6253
f 6257 6432 6254
f 6433 6258 6255
f 6435 6258 6433
f 6260 6436 6259
f 6436 6437 6259
f 6437 6256 6259
f 6437 6434 6256
f 6435 6261 6258
f 6438 6261 6435
f 6440 6439 6436
f 6260 6440 6436
f 6262 6440 6260
f 6436 6439 6437
f 6443 6442 6441
f 6438 6443 6441
f 6264 6438 6441
f 6261 6438 6264
f 6446 6445 6444
f 6447 6444 6445
f 6266 6440 6262
f 6266 6448 6440
f 6441 6442 6268
f 6442 6267 6268
f 6442 6449 6267
f 6441 6268 6264
f 6446 6444 6450
f 6446 6450 6451
f 6444 6447 6452
f 6444 6452 6450
f 6454 6453 6269
f 6454 6269 6270
f 6266 6269 6448
f 6448 6269 6453
f 6449 6271 6267
f 6455 6271 6449
f 6451 6450 6456
f 6451 6456 6457
f 6450 6452 6458
f 6459 6450 6458
f 6456 6450 6459
f 6458 6454 6459
f 6454 6272 6459
f 6454 6270 6272
f 6455 6273 6271
f 6460 6273 6455
f 6457 6456 6461
f 6457 6461 6462
f 6463 6456 6459
f 6461 6456 6463
f 6274 6463 6272
f 6272 6463 6459
f 6460 6275 6273
f 6464 6275 6460
f 6465 6462 6461
f 6467 6466 6465
f 6461 6467 6465
f 6463 6467 6461
f 6276 6467 6274
f 6274 6467 6463
f 6464 6277 6275
f 6468 6277 6464
f 6466 6467 6469
f 6466 6469 6470
f 6278 6469 6276
f 6276 6469 6467
f 6468 6279 6277
f 6471 6279 6468
f 6472 6470 6469
f 6469 6278 6472
f 6278 6473 6472
f 6278 6280 6473
f 6471 6281 6279
f 6474 6281 6471
f 6282 6473 6280
f 6282 6475 6473
f 6474 6283 6281
f 6476 6283 6474
f 6284 6475 6282
f 6284 6477 6475
f 6476 6285 6283
f 6478 6285 6476
f 6286 6477 6284
f 6286 6479 6477
f 6478 6287 6285
f 6480 6287 6478
f 6288 6479 6286
f 6288 6481 6479
f 6480 6289 6287
f 6482 6289 6480
f 6484 6483 6290
f 6484 6290 6291
f 6288 6290 6481
f 6481 6290 6483
f 6482 6485 6289
f 6289 6485 6292
f 6293 6292 6485
f 6293 6485 6486
f 6294 6484 6291
f 6294 6487 6484
f 6486 6488 6293
f 6293 6488 6295
f 6296 6295 6488
f 6296 6488 6489
f 6298 6490 6297
f 6490 6491 6297
f 6491 6294 6297
f 6491 6487 6294
f 6489 6300 6296
f 6492 6300 6489
f 6301 6493 6302
f 6493 6303 6302
f 6304 6494 6490
f 6304 6490 6298
f 6491 6490 6495
f 6495 6490 6494
f 6305 6300 6496
f 6300 6497 6496
f 6300 6492 6497
f 6496 6498 6305
f 6305 6498 6301
f 6498 6499 6301
f 6499 6493 6301
f 6499 6501 6500
f 6499 6500 6306
f 6493 6499 6306
f 6303 6493 6306
f 6494 6304 6306
f 6500 6494 6306
f 6502 6494 6500
f 6495 6494 6503
f 6503 6494 6502
f 6497 6504 6496
f 6496 6504 6498
f 6501 6505 6500
f 6500 6505 6502
f 6502 6505 6506
f 6502 6506 6503
f 6507 6312 6313
f 6314 6507 6313
f 6508 6315 6316
f 6312 6507 6316
f 6507 6508 6316
f 6507 6509 6508
f 6317 6509 6314
f 6314 6509 6507
f 6510 6318 6508
f 6508 6318 6315
f 6511 6508 6509
f 6510 6508 6511
f 6320 6511 6317
f 6317 6511 6509
f 6512 6321 6510
f 6510 6321 6318
f 6513 6510 6511
f 6512 6510 6513
f 6323 6513 6320
f 6320 6513 6511
f 6514 6325 6512
f 6512 6325 6321
f 6515 6512 6513
f 6514 6512 6515
f 6327 6515 6323
f 6323 6515 6513
f 6516 6328 6329
f 6330 6516 6329
f 6514 6331 6325
f 6331 6514 6333
f 6514 6517 6333
f 6514 6515 6517
f 6335 6517 6327
f 6327 6517 6515
f 6518 6336 6516
f 6516 6336 6328
f 6337 6518 6330
f 6330 6518 6516
f 6519 6339 6517
f 6517 6339 6333
f 6341 6519 6335
f 6335 6519 6517
f 6520 6342 6518
f 6518 6342 6336
f 6343 6520 6337
f 6337 6520 6518
f 6521 6345 6519
f 6519 6345 6339
f 6347 6521 6341
f 6341 6521 6519
f 6522 6348 6520
f 6520 6348 6342
f 6349 6522 6343
f 6343 6522 6520
f 6523 6350 6521
f 6521 6350 6345
f 6352 6523 6347
f 6347 6523 6521
f 6524 6353 6522
f 6522 6353 6348
f 6355 6524 6349
f 6349 6524 6522
f 6523 6356 6350
f 6356 6523 6352
f 6525 6358 6359
f 6353 6524 6359
f 6524 6525 6359
f 6524 6526 6525
f 6360 6527 6355
f 6527 6524 6355
f 6527 6526 6524
f 6361 6527 6360
f 6528 6363 6525
f 6525 6363 6358
f 6366 6528 6365
f 6528 6526 6365
f 6528 6525 6526
f 6365 6526 6367
f 6526 6529 6367
f 6526 6527 6529
f 6368 6529 6361
f 6361 6529 6527
f 6530 6370 6528
f 6528 6370 6363
f 6372 6530 6366
f 6366 6530 6528
f 6531 6373 6529
f 6529 6373 6367
f 6374 6531 6368
f 6368 6531 6529
f 6530 6376 6370
f 6376 6530 6372
f 6532 6378 6531
f 6531 6378 6373
f 6379 6532 6374
f 6374 6532 6531
f 6532 6382 6378
f 6382 6532 6379
f 6533 6389 6390
f 6391 6533 6390
f 6534 6394 6533
f 6533 6394 6389
f 6395 6534 6391
f 6391 6534 6533
f 6535 6397 6398
f 6394 6534 6398
f 6534 6535 6398
f 6534 6536 6535
f 6399 6536 6395
f 6395 6536 6534
f 6537 6400 6401
f 6397 6535 6401
f 6535 6537 6401
f 6535 6538 6537
f 6539 6535 6536
f 6538 6535 6539
f 6402 6539 6399
f 6399 6539 6536
f 6540 6403 6537
f 6537 6403 6400
f 6541 6537 6538
f 6540 6537 6541
f 6542 6538 6539
f 6541 6538 6542
f 6405 6542 6402
f 6402 6542 6539
f 6543 6406 6540
f 6540 6406 6403
f 6541 6545 6544
f 6543 6541 6544
f 6540 6541 6543
f 6547 6546 6545
f 6541 6547 6545
f 6542 6547 6541
f 6407 6548 6405
f 6548 6542 6405
f 6548 6547 6542
f 6409 6548 6407
f 6549 6410 6411
f 6412 6550 6411
f 6411 6550 6549
f 6413 6551 6412
f 6412 6551 6550
f 6414 6551 6413
f 6552 6416 6543
f 6543 6416 6406
f 6543 6544 6553
f 6543 6553 6552
f 6546 6547 6554
f 6546 6554 6555
f 6548 6557 6556
f 6554 6548 6556
f 6547 6548 6554
f 6559 6557 6558
f 6558 6557 6417
f 6557 6548 6417
f 6548 6409 6417
f 6560 6558 6417
f 6560 6417 6410
f 6561 6560 6410
f 6549 6561 6410
f 6563 6562 6561
f 6549 6563 6561
f 6550 6563 6549
f 6551 6565 6564
f 6563 6551 6564
f 6550 6551 6563
f 6551 6414 6565
f 6414 6566 6565
f 6414 6419 6566
f 6568 6567 6552
f 6567 6416 6552
f 6567 6421 6416
f 6568 6552 6553
f 6555 6554 6569
f 6555 6569 6570
f 6554 6556 6571
f 6554 6571 6569
f 6559 6558 6572
f 6559 6572 6573
f 6558 6560 6574
f 6575 6558 6574
f 6572 6558 6575
f 6575 6577 6576
f 6575 6563 6577
f 6575 6574 6562
f 6563 6575 6562
f 6563 6578 6577
f 6563 6579 6578
f 6563 6564 6580
f 6579 6563 6580
f 6580 6566 6579
f 6566 6423 6579
f 6566 6419 6423
f 6581 6424 6425
f 6582 6581 6425
f 6421 6582 6425
f 6567 6582 6421
f 6570 6569 6583
f 6570 6583 6584
f 6569 6571 6585
f 6569 6585 6583
f 6573 6572 6586
f 6573 6586 6587
f 6588 6572 6575
f 6586 6572 6588
f 6575 6576 6589
f 6575 6589 6588
f 6578 6579 6427
f 6428 6578 6427
f 6590 6578 6428
f 6427 6579 6423
f 6592 6591 6581
f 6591 6424 6581
f 6591 6430 6424
f 6592 6581 6582
f 6593 6584 6583
f 6593 6583 6585
f 6587 6586 6594
f 6587 6594 6595
f 6596 6586 6588
f 6594 6586 6596
f 6588 6589 6597
f 6588 6597 6596
f 6431 6590 6428
f 6431 6598 6590
f 6591 6433 6430
f 6599 6433 6591
f 6595 6594 6600
f 6595 6600 6601
f 6602 6594 6596
f 6600 6594 6602
f 6596 6597 6603
f 6596 6603 6602
f 6434 6598 6431
f 6434 6604 6598
f 6599 6435 6433
f 6605 6435 6599
f 6606 6601 6600
f 6606 6600 6602
f 6606 6602 6607
f 6607 6602 6603
f 6437 6604 6434
f 6437 6608 6604
f 6605 6438 6435
f 6609 6438 6605
f 6612 6611 6610
f 6614 6613 6610
f 6614 6610 6611
f 6615 6613 6614
f 6618 6617 6616
f 6619 6616 6617
f 6621 6620 6439
f 6621 6439 6440
f 6437 6439 6608
f 6608 6439 6620
f 6623 6622 6443
f 6443 6622 6442
f 6443 6438 6609
f 6443 6609 6623
f 6612 6610 6624
f 6612 6624 6625
f 6626 6610 6613
f 6624 6610 6626
f 6613 6615 6627
f 6613 6627 6626
f 6618 6616 6445
f 6446 6618 6445
f 6628 6618 6446
f 6630 6629 6447
f 6630 6447 6445
f 6619 6630 6445
f 6616 6619 6445
f 6632 6631 6629
f 6632 6629 6630
f 6632 6621 6631
f 6621 6448 6631
f 6621 6440 6448
f 6622 6449 6442
f 6633 6449 6622
f 6634 6625 6624
f 6634 6624 6626
f 6634 6626 6635
f 6635 6626 6627
f 6451 6628 6446
f 6451 6636 6628
f 6637 6452 6629
f 6629 6452 6447
f 6454 6637 6453
f 6637 6631 6453
f 6637 6629 6631
f 6453 6631 6448
f 6633 6455 6449
f 6638 6455 6633
f 6457 6636 6451
f 6457 6639 6636
f 6637 6458 6452
f 6458 6637 6454
f 6638 6460 6455
f 6640 6460 6638
f 6462 6639 6457
f 6462 6641 6639
f 6640 6464 6460
f 6642 6464 6640
f 6462 6465 6643
f 6644 6462 6643
f 6641 6462 6644
f 6466 6643 6465
f 6642 6468 6464
f 6645 6468 6642
f 6646 6644 6643
f 6643 6466 6646
f 6466 6647 6646
f 6466 6470 6647
f 6645 6471 6468
f 6648 6471 6645
f 6470 6472 6649
f 6650 6470 6649
f 6647 6470 6650
f 6473 6649 6472
f 6652 6474 6651
f 6474 6648 6651
f 6474 6471 6648
f 6653 6652 6651
f 6654 6650 6649
f 6649 6473 6654
f 6473 6655 6654
f 6473 6475 6655
f 6656 6476 6652
f 6652 6476 6474
f 6652 6653 6657
f 6652 6657 6656
f 6477 6655 6475
f 6477 6658 6655
f 6660 6659 6656
f 6659 6476 6656
f 6659 6478 6476
f 6660 6656 6657
f 6479 6658 6477
f 6479 6661 6658
f 6659 6480 6478
f 6662 6480 6659
f 6481 6661 6479
f 6481 6663 6661
f 6662 6482 6480
f 6664 6482 6662
f 6667 6666 6665
f 6669 6668 6665
f 6669 6665 6666
f 6670 6668 6669
f 6672 6671 6483
f 6672 6483 6484
f 6481 6483 6663
f 6663 6483 6671
f 6664 6673 6482
f 6482 6673 6485
f 6675 6674 6486
f 6485 6675 6486
f 6673 6675 6485
f 6674 6675 6667
f 6665 6674 6667
f 6676 6674 6665
f 6677 6665 6668
f 6676 6665 6677
f 6668 6670 6678
f 6668 6678 6677
f 6487 6672 6484
f 6487 6679 6672
f 6674 6488 6486
f 6488 6674 6489
f 6674 6680 6489
f 6674 6676 6680
f 6681 6676 6677
f 6680 6676 6681
f 6677 6678 6682
f 6677 6682 6681
f 6491 6679 6487
f 6491 6683 6679
f 6685 6684 6680
f 6684 6489 6680
f 6684 6492 6489
f 6687 6686 6685
f 6680 6687 6685
f 6681 6687 6680
f 6681 6682 6688
f 6681 6688 6687
f 6495 6683 6491
f 6495 6689 6683
f 6684 6497 6492
f 6690 6497 6684
f 6686 6687 6499
f 6498 6686 6499
f 6691 6686 6498
f 6501 6499 6687
f 6688 6501 6687
f 6692 6501 6688
f 6503 6689 6495
f 6503 6693 6689
f 6504 6497 6694
f 6497 6695 6694
f 6497 6690 6695
f 6694 6696 6504
f 6696 6498 6504
f 6696 6691 6498
f 6692 6697 6501
f 6501 6697 6505
f 6505 6698 6506
f 6697 6698 6505
f 6503 6506 6693
f 6693 6506 6698
f 6695 6699 6694
f 6694 6699 6696
f 6700 6544 6545
f 6546 6700 6545
f 6701 6553 6700
f 6700 6553 6544
f 6555 6701 6546
f 6546 6701 6700
f 6702 6556 6557
f 6559 6702 6557
f 6703 6560 6561
f 6562 6703 6561
f 6704 6564 6565
f 6566 6704 6565
f 6705 6567 6568
f 6553 6701 6568
f 6701 6705 6568
f 6701 6706 6705
f 6570 6706 6555
f 6555 6706 6701
f 6707 6571 6702
f 6702 6571 6556
f 6573 6707 6559
f 6559 6707 6702
f 6703 6574 6560
f 6574 6703 6562
f 6708 6576 6577
f 6564 6704 6580
f 6708 6577 6578
f 6580 6704 6566
f 6709 6582 6705
f 6705 6582 6567
f 6710 6705 6706
f 6709 6705 6710
f 6584 6710 6570
f 6570 6710 6706
f 6712 6711 6707
f 6711 6571 6707
f 6711 6585 6571
f 6707 6573 6712
f 6573 6713 6712
f 6573 6587 6713
f 6714 6589 6708
f 6708 6589 6576
f 6590 6714 6578
f 6578 6714 6708
f 6715 6591 6592
f 6582 6709 6592
f 6709 6715 6592
f 6709 6716 6715
f 6717 6709 6710
f 6716 6709 6717
f 6593 6718 6584
f 6718 6710 6584
f 6718 6717 6710
f 6719 6718 6593
f 6585 6719 6593
f 6711 6719 6585
f 6595 6713 6587
f 6595 6720 6713
f 6721 6597 6714
f 6714 6597 6589
f 6598 6721 6590
f 6590 6721 6714
f 6723 6722 6715
f 6722 6591 6715
f 6722 6599 6591
f 6725 6724 6723
f 6715 6725 6723
f 6716 6725 6715
f 6726 6716 6717
f 6725 6716 6726
f 6727 6717 6718
f 6726 6717 6727
f 6718 6719 6728
f 6718 6728 6727
f 6601 6720 6595
f 6601 6729 6720
f 6730 6603 6721
f 6721 6603 6597
f 6604 6730 6598
f 6598 6730 6721
f 6722 6605 6599
f 6731 6605 6722
f 6724 6725 6732
f 6724 6732 6733
f 6734 6725 6726
f 6732 6725 6734
f 6735 6726 6727
f 6734 6726 6735
f 6727 6728 6736
f 6727 6736 6735
f 6601 6606 6737
f 6738 6601 6737
f 6729 6601 6738
f 6607 6739 6606
f 6606 6739 6737
f 6603 6730 6607
f 6730 6739 6607
f 6730 6740 6739
f 6608 6740 6604
f 6604 6740 6730
f 6731 6609 6605
f 6741 6609 6731
f 6733 6732 6611
f 6612 6733 6611
f 6742 6733 6612
f 6611 6732 6614
f 6614 6732 6734
f 6614 6734 6615
f 6734 6743 6615
f 6734 6735 6743
f 6744 6617 6618
f 6735 6744 6618
f 6743 6735 6618
f 6744 6735 6736
f 6737 6745 6619
f 6744 6737 6619
f 6617 6744 6619
f 6738 6737 6744
f 6746 6737 6739
f 6745 6737 6746
f 6621 6746 6620
f 6746 6740 6620
f 6746 6739 6740
f 6620 6740 6608
f 6748 6747 6623
f 6623 6747 6622
f 6623 6609 6741
f 6623 6741 6748
f 6625 6742 6612
f 6625 6749 6742
f 6750 6627 6743
f 6743 6627 6615
f 6628 6750 6618
f 6618 6750 6743
f 6745 6630 6619
f 6630 6745 6632
f 6632 6745 6746
f 6632 6746 6621
f 6747 6633 6622
f 6751 6633 6747
f 6625 6634 6752
f 6753 6625 6752
f 6749 6625 6753
f 6635 6754 6634
f 6634 6754 6752
f 6627 6750 6635
f 6750 6754 6635
f 6750 6755 6754
f 6636 6755 6628
f 6628 6755 6750
f 6751 6638 6633
f 6756 6638 6751
f 6757 6753 6752
f 6757 6752 6754
f 6757 6754 6758
f 6760 6759 6758
f 6754 6760 6758
f 6755 6760 6754
f 6639 6760 6636
f 6636 6760 6755
f 6756 6640 6638
f 6761 6640 6756
f 6759 6760 6762
f 6759 6762 6763
f 6641 6762 6639
f 6639 6762 6760
f 6761 6642 6640
f 6764 6642 6761
f 6763 6762 6765
f 6763 6765 6766
f 6644 6765 6641
f 6641 6765 6762
f 6764 6645 6642
f 6767 6645 6764
f 6768 6766 6765
f 6770 6768 6769
f 6769 6768 6646
f 6768 6765 6646
f 6765 6644 6646
f 6647 6769 6646
f 6772 6648 6771
f 6648 6767 6771
f 6648 6645 6767
f 6773 6772 6771
f 6774 6770 6769
f 6769 6647 6774
f 6647 6775 6774
f 6647 6650 6775
f 6772 6651 6648
f 6653 6651 6772
f 6773 6653 6772
f 6776 6653 6773
f 6777 6775 6650
f 6777 6650 6654
f 6654 6655 6777
f 6777 6655 6778
f 6776 6657 6653
f 6779 6657 6776
f 6658 6778 6655
f 6658 6780 6778
f 6781 6659 6660
f 6782 6781 6660
f 6657 6782 6660
f 6779 6782 6657
f 6661 6780 6658
f 6661 6783 6780
f 6784 6662 6781
f 6781 6662 6659
f 6781 6782 6785
f 6781 6785 6784
f 6788 6787 6786
f 6789 6786 6787
f 6663 6783 6661
f 6663 6790 6783
f 6791 6664 6784
f 6784 6664 6662
f 6784 6785 6792
f 6793 6784 6792
f 6791 6784 6793
f 6793 6792 6788
f 6793 6788 6786
f 6667 6793 6786
f 6666 6667 6786
f 6789 6794 6786
f 6794 6666 6786
f 6794 6669 6666
f 6670 6669 6794
f 6670 6794 6795
f 6797 6796 6671
f 6797 6671 6672
f 6663 6671 6790
f 6790 6671 6796
f 6791 6673 6664
f 6673 6791 6675
f 6675 6791 6793
f 6675 6793 6667
f 6799 6678 6798
f 6678 6795 6798
f 6678 6670 6795
f 6800 6799 6798
f 6679 6797 6672
f 6679 6801 6797
f 6802 6682 6799
f 6799 6682 6678
f 6799 6800 6803
f 6804 6799 6803
f 6802 6799 6804
f 6803 6801 6804
f 6801 6683 6804
f 6801 6679 6683
f 6805 6684 6685
f 6686 6805 6685
f 6806 6688 6802
f 6802 6688 6682
f 6807 6802 6804
f 6806 6802 6807
f 6689 6807 6683
f 6683 6807 6804
f 6808 6690 6805
f 6805 6690 6684
f 6691 6808 6686
f 6686 6808 6805
f 6809 6692 6806
f 6806 6692 6688
f 6810 6806 6807
f 6809 6806 6810
f 6693 6810 6689
f 6689 6810 6807
f 6812 6811 6808
f 6811 6690 6808
f 6811 6695 6690
f 6808 6691 6812
f 6691 6813 6812
f 6691 6696 6813
f 6809 6697 6692
f 6697 6809 6698
f 6698 6809 6810
f 6698 6810 6693
f 6699 6695 6814
f 6695 6815 6814
f 6695 6811 6815
f 6814 6816 6699
f 6816 6696 6699
f 6816 6813 6696
f 6815 6817 6814
f 6814 6817 6816
f 6818 6711 6712
f 6713 6818 6712
f 6820 6819 6818
f 6819 6711 6818
f 6819 6719 6711
f 6818 6713 6820
f 6713 6821 6820
f 6713 6720 6821
f 6822 6722 6723
f 6724 6822 6723
f 6824 6728 6823
f 6728 6819 6823
f 6728 6719 6819
f 6823 6821 6824
f 6821 6729 6824
f 6821 6720 6729
f 6825 6731 6822
f 6822 6731 6722
f 6733 6825 6724
f 6724 6825 6822
f 6826 6736 6824
f 6824 6736 6728
f 6738 6826 6729
f 6729 6826 6824
f 6828 6827 6825
f 6827 6731 6825
f 6827 6741 6731
f 6825 6733 6828
f 6733 6829 6828
f 6733 6742 6829
f 6826 6744 6736
f 6744 6826 6738
f 6830 6747 6748
f 6831 6830 6748
f 6741 6831 6748
f 6827 6831 6741
f 6749 6829 6742
f 6749 6832 6829
f 6834 6833 6830
f 6833 6747 6830
f 6833 6751 6747
f 6834 6830 6831
f 6753 6832 6749
f 6753 6835 6832
f 6833 6756 6751
f 6836 6756 6833
f 6753 6757 6837
f 6838 6753 6837
f 6835 6753 6838
f 6758 6839 6757
f 6757 6839 6837
f 6759 6839 6758
f 6836 6761 6756
f 6840 6761 6836
f 6841 6838 6837
f 6841 6837 6839
f 6841 6839 6842
f 6839 6759 6842
f 6759 6843 6842
f 6759 6763 6843
f 6840 6764 6761
f 6844 6764 6840
f 6766 6843 6763
f 6766 6845 6843
f 6847 6767 6846
f 6767 6844 6846
f 6767 6764 6844
f 6848 6847 6846
f 6766 6768 6849
f 6850 6766 6849
f 6845 6766 6850
f 6770 6849 6768
f 6847 6771 6767
f 6773 6771 6847
f 6848 6773 6847
f 6851 6773 6848
f 6852 6850 6849
f 6852 6849 6770
f 6774 6852 6770
f 6853 6852 6774
f 6774 6775 6853
f 6853 6775 6854
f 6851 6776 6773
f 6855 6776 6851
f 6856 6854 6775
f 6856 6775 6777
f 6777 6778 6856
f 6856 6778 6857
f 6855 6779 6776
f 6858 6779 6855
f 6861 6860 6859
f 6862 6859 6860
f 6780 6857 6778
f 6780 6863 6857
f 6865 6782 6864
f 6782 6858 6864
f 6782 6779 6858
f 6865 6864 6861
f 6859 6865 6861
f 6866 6865 6859
f 6859 6862 6867
f 6868 6859 6867
f 6866 6859 6868
f 6869 6868 6867
f 6783 6863 6780
f 6783 6870 6863
f 6871 6785 6865
f 6865 6785 6782
f 6788 6871 6787
f 6871 6866 6787
f 6871 6865 6866
f 6787 6866 6789
f 6866 6872 6789
f 6866 6868 6872
f 6868 6869 6873
f 6868 6873 6872
f 6876 6875 6874
f 6875 6870 6874
f 6870 6790 6874
f 6870 6783 6790
f 6871 6792 6785
f 6792 6871 6788
f 6872 6794 6789
f 6878 6877 6795
f 6878 6795 6794
f 6873 6878 6794
f 6872 6873 6794
f 6879 6877 6878
f 6876 6874 6796
f 6797 6876 6796
f 6880 6876 6797
f 6796 6874 6790
f 6877 6798 6795
f 6882 6881 6800
f 6882 6800 6798
f 6879 6882 6798
f 6877 6879 6798
f 6882 6880 6881
f 6880 6801 6881
f 6880 6797 6801
f 6881 6803 6800
f 6803 6881 6801
f 6883 6811 6812
f 6813 6883 6812
f 6884 6815 6883
f 6883 6815 6811
f 6816 6884 6813
f 6813 6884 6883
f 6884 6817 6815
f 6817 6884 6816
f 6885 6819 6820
f 6821 6885 6820
f 6885 6823 6819
f 6823 6885 6821
f 6886 6827 6828
f 6829 6886 6828
f 6887 6831 6886
f 6886 6831 6827
f 6832 6887 6829
f 6829 6887 6886
f 6888 6833 6834
f 6831 6887 6834
f 6887 6888 6834
f 6887 6889 6888
f 6835 6889 6832
f 6832 6889 6887
f 6890 6836 6888
f 6888 6836 6833
f 6891 6888 6889
f 6890 6888 6891
f 6838 6891 6835
f 6835 6891 6889
f 6892 6840 6890
f 6890 6840 6836
f 6891 6894 6893
f 6892 6891 6893
f 6890 6891 6892
f 6896 6894 6895
f 6895 6894 6841
f 6894 6891 6841
f 6891 6838 6841
f 6842 6897 6841
f 6841 6897 6895
f 6843 6897 6842
f 6898 6844 6892
f 6892 6844 6840
f 6892 6893 6899
f 6892 6899 6898
f 6896 6895 6900
f 6896 6900 6901
f 6902 6895 6897
f 6900 6895 6902
f 6845 6902 6843
f 6843 6902 6897
f 6898 6846 6844
f 6848 6846 6898
f 6899 6848 6898
f 6903 6848 6899
f 6901 6900 6904
f 6901 6904 6905
f 6906 6900 6902
f 6904 6900 6906
f 6850 6906 6845
f 6845 6906 6902
f 6908 6851 6907
f 6851 6903 6907
f 6851 6848 6903
f 6908 6907 6905
f 6904 6908 6905
f 6909 6908 6904
f 6910 6904 6906
f 6909 6904 6910
f 6852 6911 6850
f 6911 6906 6850
f 6911 6910 6906
f 6911 6852 6912
f 6852 6913 6912
f 6852 6853 6913
f 6853 6854 6913
f 6913 6854 6914
f 6915 6855 6908
f 6908 6855 6851
f 6916 6908 6909
f 6915 6908 6916
f 6917 6909 6910
f 6916 6909 6917
f 6918 6910 6911
f 6917 6910 6918
f 6911 6912 6919
f 6911 6919 6918
f 6920 6914 6854
f 6920 6854 6856
f 6856 6857 6920
f 6920 6857 6921
f 6922 6858 6915
f 6915 6858 6855
f 6861 6922 6860
f 6922 6916 6860
f 6922 6915 6916
f 6860 6916 6862
f 6916 6923 6862
f 6916 6917 6923
f 6924 6917 6918
f 6923 6917 6924
f 6918 6919 6925
f 6918 6925 6924
f 6863 6921 6857
f 6863 6926 6921
f 6922 6864 6858
f 6864 6922 6861
f 6923 6867 6862
f 6867 6923 6869
f 6923 6927 6869
f 6923 6924 6927
f 6924 6925 6928
f 6924 6928 6927
f 6931 6930 6929
f 6930 6926 6929
f 6926 6870 6929
f 6926 6863 6870
f 6932 6873 6927
f 6927 6873 6869
f 6927 6928 6933
f 6927 6933 6932
f 6931 6929 6875
f 6876 6931 6875
f 6934 6931 6876
f 6875 6929 6870
f 6932 6878 6873
f 6936 6935 6879
f 6936 6879 6878
f 6933 6936 6878
f 6932 6933 6878
f 6936 6934 6935
f 6934 6880 6935
f 6934 6876 6880
f 6935 6882 6879
f 6882 6935 6880
f 6937 6893 6894
f 6896 6937 6894
f 6938 6899 6937
f 6937 6899 6893
f 6901 6938 6896
f 6896 6938 6937
f 6939 6903 6938
f 6938 6903 6899
f 6905 6939 6901
f 6901 6939 6938
f 6939 6907 6903
f 6907 6939 6905
f 6940 6912 6913
f 6914 6940 6913
f 6942 6941 6940
f 6941 6912 6940
f 6941 6919 6912
f 6942 6940 6914
f 6920 6942 6914
f 6943 6942 6920
f 6920 6921 6943
f 6943 6921 6944
f 6941 6925 6919
f 6945 6925 6941
f 6926 6944 6921
f 6926 6946 6944
f 6945 6928 6925
f 6947 6928 6945
f 6949 6948 6930
f 6949 6930 6931
f 6926 6930 6946
f 6946 6930 6948
f 6951 6933 6950
f 6933 6947 6950
f 6933 6928 6947
f 6950 6949 6951
f 6949 6934 6951
f 6949 6931 6934
f 6951 6936 6933
f 6936 6951 6934
f 6952 6941 6942
f 6943 6953 6942
f 6942 6953 6952
f 6944 6953 6943
f 6954 6945 6952
f 6952 6945 6941
f 6955 6952 6953
f 6954 6952 6955
f 6946 6955 6944
f 6944 6955 6953
f 6956 6947 6954
f 6954 6947 6945
f 6949 6956 6948
f 6956 6955 6948
f 6956 6954 6955
f 6948 6955 6946
f 6956 6950 6947
f 6950 6956 6949
