# malla de superficie de la segmentacion (mm)
v -13.805 -13.000 -9.000
v -14.000 -13.000 -9.197
v -14.000 -13.231 -9.000
v -14.000 -13.222 -8.000
v -13.789 -13.000 -8.000
v -14.000 -13.000 -7.723
v -13.659 -12.000 -9.000
v -14.000 -12.000 -9.342
v -13.627 -12.000 -8.000
v -14.000 -12.000 -7.513
v -13.829 -11.000 -9.000
v -14.000 -11.000 -9.171
v -13.768 -11.000 -8.000
v -14.000 -11.000 -7.709
v -14.000 -10.822 -9.000
v -14.000 -10.725 -8.000
v -14.912 -14.000 -9.000
v -15.000 -14.000 -9.073
v -15.000 -14.072 -9.000
v -15.000 -14.000 -8.814
v -15.000 -13.000 -9.459
v -15.000 -13.730 -8.000
v -15.000 -13.528 -7.000
v -14.525 -13.000 -7.000
v -15.000 -13.269 -6.000
v -14.795 -13.000 -6.000
v -15.000 -13.000 -5.793
v -15.000 -12.000 -9.495
v -14.406 -12.000 -7.000
v -14.794 -12.000 -6.000
v -15.000 -12.000 -5.796
v -15.000 -11.000 -9.370
v -14.659 -11.000 -7.000
v -15.000 -11.000 -6.665
v -15.000 -11.746 -6.000
v -15.000 -10.560 -9.000
v -14.913 -10.000 -8.000
v -15.000 -10.000 -8.097
v -15.000 -10.000 -7.908
v -15.000 -10.663 -7.000
v -15.000 -9.933 -8.000
v -15.711 -15.000 -8.000
v -16.000 -15.000 -8.430
v -16.000 -15.338 -8.000
v -16.000 -15.466 -7.000
v -15.622 -15.000 -7.000
v -16.000 -15.300 -6.000
v -15.757 -15.000 -6.000
v -16.000 -15.000 -5.700
v -16.000 -14.000 -9.375
v -16.000 -14.525 -9.000
v -15.267 -14.000 -8.000
v -15.377 -14.000 -7.000
v -15.525 -14.000 -6.000
v -16.000 -14.000 -5.503
v -16.000 -13.000 -9.494
v -16.000 -13.000 -5.426
v -16.000 -12.000 -9.481
v -16.000 -12.000 -5.582
v -16.000 -11.000 -9.279
v -16.000 -11.413 -6.000
v -16.000 -11.000 -6.375
v -16.000 -10.647 -9.000
v -16.000 -10.000 -8.310
v -16.000 -10.378 -7.000
v -16.000 -10.000 -7.587
v -16.000 -9.761 -8.000
v -16.635 -16.000 -8.000
v -17.000 -16.000 -8.442
v -17.000 -16.369 -8.000
v -17.000 -16.521 -7.000
v -16.504 -16.000 -7.000
v -17.000 -16.409 -6.000
v -16.629 -16.000 -6.000
v -17.000 -16.000 -5.522
v -16.548 -15.000 -9.000
v -17.000 -15.000 -9.300
v -17.000 -15.436 -9.000
v -17.000 -15.471 -5.000
v -16.635 -15.000 -5.000
v -17.000 -15.000 -4.635
v -17.000 -14.000 -9.482
v -16.504 -14.000 -5.000
v -17.000 -14.000 -4.526
v -17.000 -13.000 -9.501
v -16.618 -13.000 -5.000
v -17.000 -13.000 -4.703
v -17.000 -12.000 -9.425
v -17.000 -12.500 -5.000
v -17.000 -12.000 -5.297
v -17.000 -11.218 -9.000
v -16.670 -11.000 -9.000
v -17.000 -11.000 -8.844
v -16.480 -11.000 -6.000
v -17.000 -11.000 -5.604
v -17.000 -10.000 -8.361
v -16.521 -10.000 -7.000
v -17.000 -10.000 -6.567
v -17.000 -10.530 -6.000
v -17.000 -9.668 -8.000
v -17.000 -9.704 -7.000
v -17.722 -18.000 -7.000
v -18.000 -18.000 -7.461
v -18.000 -18.372 -7.000
v -18.000 -18.348 -6.000
v -17.729 -18.000 -6.000
v -18.000 -18.000 -5.601
v -17.600 -17.000 -8.000
v -18.000 -17.000 -8.499
v -18.000 -17.524 -8.000
v -17.401 -17.000 -7.000
v -17.423 -17.000 -6.000
v -18.000 -17.377 -5.000
v -17.737 -17.000 -5.000
v -18.000 -17.000 -4.737
v -17.557 -16.000 -9.000
v -18.000 -16.000 -9.318
v -18.000 -16.467 -9.000
v -17.401 -16.000 -5.000
v -18.000 -16.000 -4.406
v -18.000 -15.000 -9.583
v -18.000 -15.435 -4.000
v -17.663 -15.000 -4.000
v -18.000 -15.000 -3.712
v -18.000 -14.000 -9.646
v -17.614 -14.000 -4.000
v -18.000 -14.000 -3.629
v -18.000 -13.000 -9.652
v -18.000 -13.424 -4.000
v -18.000 -13.000 -4.256
v -18.000 -12.000 -9.633
v -17.362 -12.000 -5.000
v -18.000 -12.000 -4.452
v -17.276 -11.000 -9.000
v -18.000 -11.000 -9.448
v -17.630 -11.000 -5.000
v -18.000 -11.000 -4.630
v -18.000 -10.464 -9.000
v -18.000 -10.000 -8.503
v -17.565 -10.000 -6.000
v -18.000 -10.000 -5.565
v -18.000 -10.557 -5.000
v -18.000 -9.665 -8.000
v -18.000 -9.535 -7.000
v -18.000 -9.700 -6.000
v -18.782 -22.000 -6.000
v -19.000 -22.000 -6.312
v -19.000 -22.310 -6.000
v -19.000 -22.173 -5.000
v -18.886 -22.000 -5.000
v -19.000 -22.000 -4.847
v -18.724 -21.000 -6.000
v -19.000 -21.000 -6.494
v -19.000 -21.000 -5.509
v -19.000 -21.744 -5.000
v -18.695 -20.000 -7.000
v -19.000 -20.000 -7.498
v -19.000 -20.525 -7.000
v -18.643 -20.000 -6.000
v -19.000 -20.000 -5.521
v -18.677 -19.000 -8.000
v -19.000 -19.000 -8.474
v -19.000 -19.506 -8.000
v -18.424 -19.000 -7.000
v -18.501 -19.000 -6.000
v -19.000 -19.000 -5.352
v -18.709 -18.000 -9.000
v -19.000 -18.000 -9.363
v -19.000 -18.439 -9.000
v -18.325 -18.000 -8.000
v -19.000 -18.570 -5.000
v -18.529 -18.000 -5.000
v -19.000 -18.000 -4.581
v -18.418 -17.000 -9.000
v -19.000 -17.000 -9.549
v -19.000 -17.000 -4.291
v -19.000 -16.000 -9.746
v -19.000 -16.562 -4.000
v -18.500 -16.000 -4.000
v -19.000 -16.000 -3.594
v -18.880 -15.000 -12.000
v -19.000 -15.000 -12.185
v -19.000 -15.175 -12.000
v -19.000 -15.000 -11.572
v -18.551 -15.000 -10.000
v -19.000 -15.000 -10.727
v -19.000 -15.613 -10.000
v -19.000 -15.000 -3.265
v -18.645 -14.000 -12.000
v -19.000 -14.000 -12.476
v -19.000 -14.778 -11.000
v -18.577 -14.000 -11.000
v -18.367 -14.000 -10.000
v -19.000 -14.568 -3.000
v -18.627 -14.000 -3.000
v -19.000 -14.000 -2.590
v -18.622 -13.000 -12.000
v -19.000 -13.000 -12.498
v -18.501 -13.000 -11.000
v -18.348 -13.000 -10.000
v -18.247 -13.000 -4.000
v -18.604 -13.000 -3.000
v -19.000 -13.000 -2.498
v -18.721 -12.000 -12.000
v -19.000 -12.000 -12.379
v -18.518 -12.000 -11.000
v -18.354 -12.000 -10.000
v -18.393 -12.000 -4.000
v -18.720 -12.000 -3.000
v -19.000 -12.000 -2.625
v -19.000 -11.500 -12.000
v -18.597 -11.000 -11.000
v -19.000 -11.000 -11.620
v -18.398 -11.000 -10.000
v -18.599 -11.000 -4.000
v -19.000 -11.000 -3.475
v -19.000 -11.537 -3.000
v -18.620 -10.000 -11.000
v -19.000 -10.000 -11.501
v -18.483 -10.000 -10.000
v -18.367 -10.000 -9.000
v -18.525 -10.000 -5.000
v -19.000 -10.000 -4.469
v -19.000 -10.468 -4.000
v -18.894 -10.000 4.000
v -19.000 -10.000 3.849
v -19.000 -10.145 4.000
v -19.000 -10.000 4.183
v -18.620 -9.000 -11.000
v -19.000 -9.000 -11.500
v -18.502 -9.000 -10.000
v -18.575 -9.000 -9.000
v -19.000 -9.653 -8.000
v -19.000 -9.000 -8.331
v -19.000 -9.498 -7.000
v -19.000 -9.416 -6.000
v -19.000 -9.583 -5.000
v -18.649 -9.000 4.000
v -19.000 -9.000 3.557
v -19.000 -9.350 5.000
v -18.768 -9.000 5.000
v -19.000 -9.000 5.232
v -18.620 -8.000 -11.000
v -19.000 -8.000 -11.500
v -18.502 -8.000 -10.000
v -18.519 -8.000 -9.000
v -19.000 -8.571 -8.000
v -18.698 -8.000 -8.000
v -19.000 -8.000 -7.530
v -18.649 -8.000 4.000
v -19.000 -8.000 3.558
v -18.768 -8.000 5.000
v -19.000 -8.000 5.233
v -18.622 -7.000 -11.000
v -19.000 -7.000 -11.498
v -18.502 -7.000 -10.000
v -18.501 -7.000 -9.000
v -18.519 -7.000 -8.000
v -19.000 -7.562 -7.000
v -18.605 -7.000 -7.000
v -19.000 -7.204 -6.000
v -18.816 -7.000 -6.000
v -19.000 -7.000 -5.808
v -18.895 -7.000 4.000
v -19.000 -7.000 3.858
v -19.000 -7.000 4.195
v -19.000 -7.629 5.000
v -18.722 -6.000 -11.000
v -19.000 -6.000 -11.379
v -18.521 -6.000 -10.000
v -18.501 -6.000 -9.000
v -18.500 -6.000 -8.000
v -18.503 -6.000 -7.000
v -18.628 -6.000 -6.000
v -19.000 -6.000 -5.551
v -19.000 -6.865 4.000
v -19.000 -5.530 -11.000
v -18.694 -5.000 -10.000
v -19.000 -5.000 -10.500
v -18.519 -5.000 -9.000
v -18.500 -5.000 -8.000
v -18.502 -5.000 -7.000
v -18.620 -5.000 -6.000
v -19.000 -5.000 -5.506
v -19.000 -4.470 -10.000
v -18.600 -4.000 -9.000
v -19.000 -4.000 -9.619
v -18.503 -4.000 -8.000
v -18.503 -4.000 -7.000
v -18.622 -4.000 -6.000
v -19.000 -4.000 -5.503
v -18.750 -3.000 -9.000
v -19.000 -3.000 -9.349
v -18.622 -3.000 -8.000
v -18.622 -3.000 -7.000
v -18.750 -3.000 -6.000
v -19.000 -3.000 -5.653
v -19.000 -2.652 -9.000
v -19.000 -2.502 -8.000
v -19.000 -2.502 -7.000
v -19.000 -2.653 -6.000
v -18.796 9.000 6.000
v -19.000 9.000 5.750
v -19.000 8.797 6.000
v -19.000 8.764 7.000
v -18.765 9.000 7.000
v -19.000 9.000 7.355
v -18.985 10.000 5.000
v -19.000 10.000 4.985
v -19.000 9.980 5.000
v -18.550 10.000 6.000
v -18.524 10.000 7.000
v -19.000 9.603 8.000
v -18.731 10.000 8.000
v -19.000 10.000 8.328
v -19.000 10.021 5.000
v -18.756 11.000 6.000
v -19.000 11.000 5.701
v -18.625 11.000 7.000
v -18.753 11.000 8.000
v -19.000 11.000 8.319
v -19.000 11.296 6.000
v -19.000 11.465 7.000
v -19.000 11.319 8.000
v -19.789 -37.000 -8.000
v -20.000 -37.000 -8.223
v -20.000 -37.264 -8.000
v -20.000 -37.365 -7.000
v -19.725 -37.000 -7.000
v -20.000 -37.000 -6.574
v -19.627 -36.000 -8.000
v -20.000 -36.000 -8.450
v -19.523 -36.000 -7.000
v -20.000 -36.376 -6.000
v -19.765 -36.000 -6.000
v -20.000 -36.000 -5.764
v -19.598 -35.000 -8.000
v -20.000 -35.000 -8.611
v -19.521 -35.000 -7.000
v -19.764 -35.000 -6.000
v -20.000 -35.000 -5.763
v -19.722 -34.000 -9.000
v -20.000 -34.000 -9.353
v -20.000 -34.490 -9.000
v -19.521 -34.000 -8.000
v -19.599 -34.000 -7.000
v -20.000 -34.000 -6.422
v -20.000 -34.598 -6.000
v -19.622 -33.000 -9.000
v -20.000 -33.000 -9.468
v -19.504 -33.000 -8.000
v -19.622 -33.000 -7.000
v -20.000 -33.000 -6.531
v -19.621 -32.000 -9.000
v -20.000 -32.000 -9.476
v -19.521 -32.000 -8.000
v -19.728 -32.000 -7.000
v -20.000 -32.000 -6.669
v -19.600 -31.000 -9.000
v -20.000 -31.000 -9.611
v -19.600 -31.000 -8.000
v -20.000 -31.000 -7.417
v -20.000 -31.546 -7.000
v -19.722 -30.000 -10.000
v -20.000 -30.000 -10.353
v -20.000 -30.491 -10.000
v -19.521 -30.000 -9.000
v -19.627 -30.000 -8.000
v -20.000 -30.000 -7.554
v -19.622 -29.000 -10.000
v -20.000 -29.000 -10.468
v -19.522 -29.000 -9.000
v -19.755 -29.000 -8.000
v -20.000 -29.000 -7.744
v -19.622 -28.000 -10.000
v -20.000 -28.000 -10.468
v -19.600 -28.000 -9.000
v -20.000 -28.000 -8.424
v -20.000 -28.586 -8.000
v -19.623 -27.000 -10.000
v -20.000 -27.000 -10.469
v -19.624 -27.000 -9.000
v -20.000 -27.000 -8.532
v -19.623 -26.000 -10.000
v -20.000 -26.000 -10.555
v -19.723 -26.000 -9.000
v -20.000 -26.000 -8.643
v -19.764 -25.000 -11.000
v -20.000 -25.000 -11.237
v -20.000 -25.401 -11.000
v -19.622 -25.000 -10.000
v -20.000 -25.000 -9.369
v -20.000 -25.469 -9.000
v -19.658 -24.000 -11.000
v -20.000 -24.000 -11.347
v -19.622 -24.000 -10.000
v -20.000 -24.000 -9.365
v -19.747 -24.000 -8.000
v -20.000 -24.000 -8.508
v -20.000 -24.367 -8.000
v -20.000 -24.473 -7.000
v -19.622 -24.000 -7.000
v -20.000 -24.468 -6.000
v -19.621 -24.000 -6.000
v -20.000 -24.331 -5.000
v -19.728 -24.000 -5.000
v -20.000 -24.000 -4.595
v -19.818 -23.000 -11.000
v -20.000 -23.000 -11.201
v -19.728 -23.000 -10.000
v -20.000 -23.000 -9.276
v -19.598 -23.000 -8.000
v -20.000 -23.000 -8.816
v -19.485 -23.000 -7.000
v -19.405 -23.000 -6.000
v -19.425 -23.000 -5.000
v -20.000 -23.412 -4.000
v -19.713 -23.000 -4.000
v -20.000 -23.000 -3.663
v -19.883 -22.000 -14.000
v -20.000 -22.000 -14.179
v -20.000 -22.166 -14.000
v -20.000 -22.000 -13.763
v -20.000 -22.789 -11.000
v -20.000 -22.564 -10.000
v -20.000 -22.000 -9.467
v -19.700 -22.000 -9.000
v -20.000 -22.748 -9.000
v -19.518 -22.000 -8.000
v -19.402 -22.000 -7.000
v -19.546 -22.000 -4.000
v -20.000 -22.000 -3.512
v -19.623 -21.000 -14.000
v -20.000 -21.000 -14.596
v -20.000 -21.488 -13.000
v -19.697 -21.000 -13.000
v -20.000 -21.000 -12.510
v -19.641 -21.000 -9.000
v -20.000 -21.000 -9.405
v -19.482 -21.000 -8.000
v -19.281 -21.000 -7.000
v -19.285 -21.000 -5.000
v -19.602 -21.000 -4.000
v -20.000 -21.000 -3.525
v -19.722 -20.000 -15.000
v -20.000 -20.000 -15.354
v -20.000 -20.497 -15.000
v -19.520 -20.000 -14.000
v -19.521 -20.000 -13.000
v -20.000 -20.493 -12.000
v -19.695 -20.000 -12.000
v -20.000 -20.000 -11.505
v -19.604 -20.000 -9.000
v -20.000 -20.000 -9.505
v -19.307 -20.000 -8.000
v -19.379 -20.000 -5.000
v -19.619 -20.000 -4.000
v -20.000 -20.000 -3.530
v -19.622 -19.000 -15.000
v -20.000 -19.000 -15.468
v -19.502 -19.000 -14.000
v -19.501 -19.000 -13.000
v -19.520 -19.000 -12.000
v -20.000 -19.498 -11.000
v -19.692 -19.000 -11.000
v -20.000 -19.000 -10.226
v -19.399 -19.000 -9.000
v -20.000 -19.000 -9.853
v -19.273 -19.000 -5.000
v -19.601 -19.000 -4.000
v -20.000 -19.000 -3.525
v -19.621 -18.000 -15.000
v -20.000 -18.000 -15.470
v -19.502 -18.000 -14.000
v -19.500 -18.000 -13.000
v -19.501 -18.000 -12.000
v -19.518 -18.000 -11.000
v -20.000 -18.853 -10.000
v -19.478 -18.000 -10.000
v -19.517 -18.000 -4.000
v -20.000 -18.000 -3.503
v -19.621 -17.000 -15.000
v -20.000 -17.000 -15.470
v -19.502 -17.000 -14.000
v -19.500 -17.000 -13.000
v -19.499 -17.000 -12.000
v -19.498 -17.000 -11.000
v -19.374 -17.000 -10.000
v -19.344 -17.000 -4.000
v -20.000 -17.000 -3.371
v -19.621 -16.000 -15.000
v -20.000 -16.000 -15.470
v -19.501 -16.000 -14.000
v -19.482 -16.000 -13.000
v -19.423 -16.000 -12.000
v -19.461 -16.000 -11.000
v -19.244 -16.000 -10.000
v -20.000 -16.526 -3.000
v -19.600 -16.000 -3.000
v -20.000 -16.000 -2.506
v -19.621 -15.000 -15.000
v -20.000 -15.000 -15.470
v -19.500 -15.000 -14.000
v -19.404 -15.000 -13.000
v -19.155 -15.000 -11.000
v -19.265 -15.000 -3.000
v -20.000 -15.474 -2.000
v -19.676 -15.000 -2.000
v -20.000 -15.000 -1.501
v -19.622 -14.000 -15.000
v -20.000 -14.000 -15.468
v -19.500 -14.000 -14.000
v -19.381 -14.000 -13.000
v -19.422 -14.000 -2.000
v -20.000 -14.463 -1.000
v -19.720 -14.000 -1.000
v -20.000 -14.000 -0.621
v -19.722 -13.000 -15.000
v -20.000 -13.000 -15.353
v -19.518 -13.000 -14.000
v -19.380 -13.000 -13.000
v -19.383 -13.000 -2.000
v -19.621 -13.000 -1.000
v -20.000 -13.000 -0.502
v -19.858 -13.000 3.000
v -20.000 -13.000 2.718
v -20.000 -13.178 3.000
v -20.000 -13.000 3.237
v -20.000 -12.510 -15.000
v -19.598 -12.000 -14.000
v -20.000 -12.000 -14.611
v -19.404 -12.000 -13.000
v -19.422 -12.000 -2.000
v -19.721 -12.000 -1.000
v -20.000 -12.000 -0.620
v -19.847 -12.000 2.000
v -20.000 -12.000 1.782
v -20.000 -12.299 2.000
v -19.561 -12.000 3.000
v -20.000 -12.365 4.000
v -19.755 -12.000 4.000
v -20.000 -12.000 4.255
v -19.721 -11.000 -14.000
v -20.000 -11.000 -14.359
v -19.500 -11.000 -13.000
v -19.279 -11.000 -12.000
v -19.325 -11.000 -3.000
v -19.683 -11.000 -2.000
v -20.000 -11.000 -1.533
v -20.000 -11.563 -1.000
v -20.000 -11.680 2.000
v -19.583 -11.000 3.000
v -20.000 -11.000 2.386
v -19.530 -11.000 4.000
v -20.000 -11.000 4.570
v -20.000 -10.501 -14.000
v -19.596 -10.000 -13.000
v -20.000 -10.000 -13.620
v -19.380 -10.000 -12.000
v -19.319 -10.000 -4.000
v -19.682 -10.000 -3.000
v -20.000 -10.000 -2.556
v -20.000 -10.556 -2.000
v -19.525 -10.000 3.000
v -20.000 -10.000 2.499
v -20.000 -10.458 5.000
v -19.573 -10.000 5.000
v -20.000 -10.000 5.298
v -19.618 -9.000 -13.000
v -20.000 -9.000 -13.502
v -19.381 -9.000 -12.000
v -19.280 -9.000 -8.000
v -19.842 -9.000 -7.000
v -19.548 -9.000 -6.000
v -19.520 -9.000 -5.000
v -19.711 -9.000 -4.000
v -20.000 -9.000 -3.586
v -20.000 -9.557 -3.000
v -19.506 -9.000 3.000
v -20.000 -9.000 2.523
v -20.000 -9.000 5.478
v -19.619 -8.000 -13.000
v -20.000 -8.000 -13.500
v -19.381 -8.000 -12.000
v -19.439 -8.000 -7.000
v -20.000 -8.000 -6.171
v -20.000 -8.195 -6.000
v -20.000 -8.452 -5.000
v -20.000 -8.657 -4.000
v -19.527 -8.000 3.000
v -20.000 -8.000 2.603
v -20.000 -8.000 5.480
v -19.619 -7.000 -13.000
v -20.000 -7.000 -13.500
v -19.382 -7.000 -12.000
v -20.000 -7.855 -6.000
v -20.000 -7.000 -5.361
v -19.671 -7.000 3.000
v -20.000 -7.000 2.729
v -19.457 -7.000 5.000
v -20.000 -7.000 5.395
v -19.620 -6.000 -13.000
v -20.000 -6.000 -13.498
v -19.404 -6.000 -12.000
v -20.000 -6.542 -5.000
v -19.584 -6.000 -5.000
v -20.000 -6.000 -4.524
v -20.000 -6.596 3.000
v -19.659 -6.000 4.000
v -20.000 -6.000 3.569
v -19.780 -6.000 5.000
v -20.000 -6.000 5.213
v -19.721 -5.000 -13.000
v -20.000 -5.000 -13.380
v -19.500 -5.000 -12.000
v -19.306 -5.000 -11.000
v -19.400 -5.000 -5.000
v -20.000 -5.407 -4.000
v -19.727 -5.000 -4.000
v -20.000 -5.000 -3.669
v -20.000 -5.645 4.000
v -20.000 -5.740 5.000
v -20.000 -4.500 -13.000
v -19.599 -4.000 -12.000
v -20.000 -4.000 -12.619
v -19.481 -4.000 -11.000
v -19.279 -4.000 -10.000
v -19.382 -4.000 -5.000
v -19.621 -4.000 -4.000
v -20.000 -4.000 -3.532
v -19.721 -3.000 -12.000
v -20.000 -3.000 -12.381
v -19.519 -3.000 -11.000
v -19.402 -3.000 -10.000
v -19.404 -3.000 -5.000
v -19.619 -3.000 -4.000
v -20.000 -3.000 -3.530
v -20.000 -2.530 -12.000
v -19.694 -2.000 -11.000
v -20.000 -2.000 -11.500
v -19.502 -2.000 -10.000
v -19.403 -2.000 -9.000
v -19.380 -2.000 -8.000
v -19.382 -2.000 -7.000
v -19.404 -2.000 -6.000
v -19.485 -2.000 -5.000
v -19.622 -2.000 -4.000
v -20.000 -2.000 -3.532
v -20.000 -1.500 -11.000
v -19.694 -1.000 -10.000
v -20.000 -1.000 -10.500
v -19.519 -1.000 -9.000
v -19.518 -1.000 -8.000
v -19.596 -1.000 -7.000
v -19.619 -1.000 -6.000
v -19.622 -1.000 -5.000
v -19.751 -1.000 -4.000
v -20.000 -1.000 -3.678
v -20.000 -0.500 -10.000
v -19.723 0.000 -9.000
v -20.000 0.000 -9.468
v -19.723 0.000 -8.000
v -20.000 0.000 -7.503
v -20.000 -0.380 -7.000
v -20.000 -0.498 -6.000
v -20.000 -0.502 -5.000
v -20.000 -0.658 -4.000
v -20.000 0.377 -9.000
v -20.000 0.373 -8.000
v -20.000 9.000 5.530
v -20.000 8.606 6.000
v -20.000 8.425 7.000
v -20.000 8.585 8.000
v -19.531 9.000 8.000
v -20.000 9.000 8.504
v -20.000 10.000 4.754
v -20.000 9.667 5.000
v -20.000 9.528 9.000
v -19.635 10.000 9.000
v -20.000 10.000 9.365
v -20.000 10.449 5.000
v -20.000 11.000 5.305
v -19.533 11.000 9.000
v -20.000 11.000 9.467
v -19.739 12.000 6.000
v -20.000 12.000 5.777
v -19.534 12.000 7.000
v -19.557 12.000 8.000
v -19.813 12.000 9.000
v -20.000 12.000 9.187
v -20.000 12.211 6.000
v -20.000 12.377 7.000
v -20.000 12.372 8.000
v -20.000 12.180 9.000
v -20.985 -39.000 -7.000
v -21.000 -39.000 -7.020
v -21.000 -39.014 -7.000
v -21.000 -39.000 -6.980
v -20.696 -38.000 -8.000
v -21.000 -38.000 -8.259
v -21.000 -38.300 -8.000
v -20.452 -38.000 -7.000
v -21.000 -38.259 -6.000
v -20.778 -38.000 -6.000
v -21.000 -38.000 -5.789
v -21.000 -37.000 -8.669
v -20.455 -37.000 -6.000
v -21.000 -37.000 -5.605
v -20.608 -36.000 -9.000
v -21.000 -36.000 -9.371
v -21.000 -36.496 -9.000
v -21.000 -36.000 -5.502
v -20.775 -35.000 -10.000
v -21.000 -35.000 -10.214
v -21.000 -35.267 -10.000
v -20.301 -35.000 -9.000
v -21.000 -35.000 -5.424
v -20.550 -34.000 -10.000
v -21.000 -34.000 -10.391
v -20.400 -34.000 -6.000
v -21.000 -34.000 -5.501
v -20.505 -33.000 -10.000
v -21.000 -33.000 -10.483
v -20.525 -33.000 -6.000
v -21.000 -33.000 -5.603
v -20.476 -32.000 -10.000
v -21.000 -32.000 -10.638
v -20.668 -32.000 -6.000
v -21.000 -32.000 -5.727
v -20.704 -31.000 -11.000
v -21.000 -31.000 -11.361
v -21.000 -31.500 -11.000
v -20.297 -31.000 -10.000
v -20.375 -31.000 -7.000
v -21.000 -31.000 -6.375
v -21.000 -31.545 -6.000
v -20.524 -30.000 -11.000
v -21.000 -30.000 -11.494
v -20.611 -30.000 -7.000
v -21.000 -30.000 -6.626
v -20.501 -29.000 -11.000
v -21.000 -29.000 -11.500
v -21.000 -29.463 -7.000
v -21.000 -29.000 -7.290
v -20.501 -28.000 -11.000
v -21.000 -28.000 -11.500
v -20.395 -28.000 -8.000
v -21.000 -28.000 -7.476
v -20.504 -27.000 -11.000
v -21.000 -27.000 -11.478
v -20.499 -27.000 -8.000
v -21.000 -27.000 -7.493
v -20.413 -26.000 -11.000
v -21.000 -26.000 -11.443
v -20.498 -26.000 -8.000
v -21.000 -26.000 -7.334
v -21.000 -25.000 -11.604
v -20.251 -25.000 -9.000
v -20.396 -25.000 -8.000
v -21.000 -25.670 -7.000
v -20.477 -25.000 -7.000
v -21.000 -25.505 -6.000
v -20.502 -25.000 -6.000
v -21.000 -25.365 -5.000
v -20.635 -25.000 -5.000
v -21.000 -25.000 -4.558
v -20.847 -24.000 -14.000
v -21.000 -24.000 -14.300
v -21.000 -24.200 -14.000
v -21.000 -24.000 -13.697
v -21.000 -24.000 -11.674
v -20.247 -24.000 -9.000
v -21.000 -24.469 -4.000
v -20.532 -24.000 -4.000
v -21.000 -24.000 -3.605
v -20.678 -23.000 -15.000
v -21.000 -23.000 -15.473
v -21.000 -23.503 -15.000
v -20.464 -23.000 -14.000
v -21.000 -23.510 -13.000
v -20.674 -23.000 -13.000
v -21.000 -23.000 -12.220
v -21.000 -23.000 -11.854
v -20.118 -23.000 -9.000
v -21.000 -23.304 -3.000
v -20.700 -23.000 -3.000
v -21.000 -23.000 -2.758
v -20.727 -22.000 -16.000
v -21.000 -22.000 -16.331
v -21.000 -22.429 -16.000
v -20.423 -22.000 -15.000
v -20.327 -22.000 -13.000
v -21.000 -22.802 -12.000
v -20.629 -22.000 -12.000
v -20.924 -22.000 -11.000
v -20.441 -22.000 -10.000
v -20.533 -22.000 -3.000
v -21.000 -22.000 -2.622
v -20.603 -21.000 -16.000
v -21.000 -21.000 -16.474
v -20.281 -21.000 -15.000
v -20.324 -21.000 -12.000
v -20.642 -21.000 -11.000
v -20.857 -21.000 -10.000
v -20.530 -21.000 -3.000
v -21.000 -21.000 -2.619
v -20.523 -20.000 -16.000
v -21.000 -20.000 -16.495
v -20.321 -20.000 -11.000
v -20.427 -20.000 -10.000
v -20.530 -20.000 -3.000
v -21.000 -20.000 -2.619
v -20.501 -19.000 -16.000
v -21.000 -19.000 -16.505
v -20.108 -19.000 -10.000
v -20.525 -19.000 -3.000
v -21.000 -19.000 -2.602
v -20.500 -18.000 -16.000
v -21.000 -18.000 -16.524
v -20.510 -18.000 -3.000
v -21.000 -18.000 -2.523
v -20.500 -17.000 -16.000
v -21.000 -17.000 -16.530
v -20.387 -17.000 -3.000
v -21.000 -17.000 -2.330
v -20.500 -16.000 -16.000
v -21.000 -16.000 -16.524
v -20.661 -16.000 -6.000
v -21.000 -16.403 -6.000
v -21.000 -16.000 -6.934
v -20.762 -16.000 -5.000
v -21.000 -16.305 -5.000
v -21.000 -16.000 -4.705
v -21.000 -16.685 -2.000
v -20.402 -16.000 -2.000
v -21.000 -16.345 -1.000
v -20.709 -16.000 -1.000
v -21.000 -16.000 -0.536
v -20.500 -15.000 -16.000
v -21.000 -15.000 -16.505
v -20.862 -15.000 -7.000
v -21.000 -15.817 -7.000
v -21.000 -15.000 -7.131
v -20.643 -15.000 -6.000
v -20.824 -15.000 -5.000
v -21.000 -15.000 -4.817
v -20.324 -15.000 -1.000
v -21.000 -15.588 0.000
v -20.581 -15.000 0.000
v -21.000 -15.355 1.000
v -20.721 -15.000 1.000
v -21.000 -15.000 1.490
v -20.501 -14.000 -16.000
v -21.000 -14.000 -16.500
v -21.000 -14.610 -7.000
v -21.000 -14.526 -6.000
v -21.000 -14.817 -5.000
v -20.404 -14.000 0.000
v -20.518 -14.000 1.000
v -21.000 -14.615 2.000
v -20.581 -14.000 2.000
v -21.000 -14.364 3.000
v -20.656 -14.000 3.000
v -21.000 -14.000 3.435
v -20.524 -13.000 -16.000
v -21.000 -13.000 -16.494
v -20.380 -13.000 0.000
v -20.480 -13.000 1.000
v -20.311 -13.000 2.000
v -21.000 -13.442 4.000
v -20.565 -13.000 4.000
v -21.000 -13.000 4.316
v -20.704 -12.000 -16.000
v -21.000 -12.000 -16.361
v -20.297 -12.000 -15.000
v -20.402 -12.000 0.000
v -20.423 -12.000 1.000
v -21.000 -12.000 4.674
v -21.000 -11.492 -16.000
v -20.499 -11.000 -15.000
v -21.000 -11.000 -15.642
v -20.401 -11.000 -1.000
v -20.600 -11.000 0.000
v -20.578 -11.000 1.000
v -20.297 -11.000 2.000
v -21.000 -11.491 5.000
v -20.535 -11.000 5.000
v -21.000 -11.000 5.305
v -20.601 -10.000 -15.000
v -21.000 -10.000 -15.507
v -20.280 -10.000 -14.000
v -20.499 -10.000 -2.000
v -21.000 -10.000 -1.406
v -21.000 -10.335 -1.000
v -21.000 -10.491 0.000
v -21.000 -10.343 1.000
v -20.477 -10.000 2.000
v -21.000 -10.000 1.324
v -21.000 -10.000 5.480
v -20.618 -9.000 -15.000
v -21.000 -9.000 -15.500
v -20.380 -9.000 -14.000
v -20.501 -9.000 -3.000
v -21.000 -9.000 -2.444
v -21.000 -9.443 -2.000
v -20.611 -9.000 2.000
v -21.000 -9.000 1.606
v -21.000 -9.000 5.500
v -20.619 -8.000 -15.000
v -21.000 -8.000 -15.500
v -20.381 -8.000 -14.000
v -20.107 -8.000 -6.000
v -20.367 -8.000 -5.000
v -20.602 -8.000 -4.000
v -21.000 -8.000 -3.497
v -21.000 -8.470 -3.000
v -21.000 -8.486 2.000
v -21.000 -8.000 2.301
v -21.000 -8.000 5.501
v -20.619 -7.000 -15.000
v -21.000 -7.000 -15.500
v -20.381 -7.000 -14.000
v -20.346 -7.000 -5.000
v -21.000 -7.000 -4.220
v -21.000 -7.314 -4.000
v -21.000 -7.000 2.500
v -21.000 -7.000 5.500
v -20.619 -6.000 -15.000
v -21.000 -6.000 -15.500
v -20.382 -6.000 -14.000
v -21.000 -6.706 -4.000
v -20.503 -6.000 -4.000
v -21.000 -6.000 -3.474
v -20.596 -6.000 3.000
v -21.000 -6.000 2.726
v -21.000 -6.000 5.475
v -20.619 -5.000 -15.000
v -21.000 -5.000 -15.500
v -20.404 -5.000 -14.000
v -21.000 -5.480 -3.000
v -20.628 -5.000 -3.000
v -21.000 -5.000 -2.591
v -21.000 -5.666 3.000
v -20.673 -5.000 4.000
v -21.000 -5.000 3.669
v -20.740 -5.000 5.000
v -21.000 -5.000 5.213
v -20.621 -4.000 -15.000
v -21.000 -4.000 -15.498
v -20.482 -4.000 -14.000
v -20.279 -4.000 -13.000
v -20.502 -4.000 -3.000
v -21.000 -4.000 -2.472
v -21.000 -4.690 4.000
v -21.000 -4.781 5.000
v -20.721 -3.000 -15.000
v -21.000 -3.000 -15.379
v -20.518 -3.000 -14.000
v -20.401 -3.000 -13.000
v -20.500 -3.000 -3.000
v -21.000 -3.000 -2.470
v -21.000 -2.500 -15.000
v -20.598 -2.000 -14.000
v -21.000 -2.000 -14.620
v -20.482 -2.000 -13.000
v -20.306 -2.000 -12.000
v -20.500 -2.000 -3.000
v -21.000 -2.000 -2.476
v -20.621 -1.000 -14.000
v -21.000 -1.000 -14.500
v -20.501 -1.000 -13.000
v -20.480 -1.000 -12.000
v -20.306 -1.000 -11.000
v -20.525 -1.000 -3.000
v -21.000 -1.000 -2.502
v -20.722 0.000 -14.000
v -21.000 0.000 -14.379
v -20.521 0.000 -13.000
v -20.500 0.000 -12.000
v -20.480 0.000 -11.000
v -20.306 0.000 -10.000
v -20.280 0.000 -7.000
v -20.380 0.000 -6.000
v -20.382 0.000 -5.000
v -20.423 0.000 -4.000
v -20.712 0.000 -3.000
v -21.000 0.000 -2.662
v -21.000 0.470 -14.000
v -20.694 1.000 -13.000
v -21.000 1.000 -13.500
v -20.521 1.000 -12.000
v -20.501 1.000 -11.000
v -20.482 1.000 -10.000
v -20.404 1.000 -9.000
v -20.422 1.000 -8.000
v -20.579 1.000 -7.000
v -20.618 1.000 -6.000
v -20.621 1.000 -5.000
v -20.728 1.000 -4.000
v -21.000 1.000 -3.595
v -21.000 0.413 -3.000
v -21.000 1.500 -13.000
v -20.722 2.000 -12.000
v -21.000 2.000 -12.470
v -20.622 2.000 -11.000
v -20.620 2.000 -10.000
v -20.620 2.000 -9.000
v -20.720 2.000 -8.000
v -21.000 2.000 -7.508
v -21.000 1.617 -7.000
v -21.000 1.477 -6.000
v -21.000 1.468 -5.000
v -21.000 1.331 -4.000
v -21.000 2.379 -12.000
v -21.000 2.498 -11.000
v -21.000 2.500 -10.000
v -21.000 2.499 -9.000
v -21.000 2.375 -8.000
v -20.659 8.000 7.000
v -21.000 8.000 6.678
v -21.000 7.751 7.000
v -21.000 7.629 8.000
v -20.553 8.000 8.000
v -21.000 7.783 9.000
v -20.776 8.000 9.000
v -21.000 8.000 9.269
v -21.000 9.000 5.506
v -21.000 8.523 6.000
v -20.397 9.000 9.000
v -21.000 9.000 9.647
v -21.000 10.000 4.647
v -21.000 9.555 5.000
v -21.000 9.513 10.000
v -20.665 10.000 10.000
v -21.000 10.000 10.286
v -20.526 11.000 5.000
v -21.000 11.000 4.733
v -20.691 11.000 10.000
v -21.000 11.000 10.238
v -21.000 11.326 5.000
v -21.000 12.000 5.672
v -21.000 11.295 10.000
v -21.000 12.000 9.327
v -21.000 12.269 6.000
v -21.000 12.477 7.000
v -21.000 12.477 8.000
v -21.000 12.269 9.000
v -22.000 -39.000 -7.263
v -22.000 -39.198 -7.000
v -22.000 -39.000 -6.738
v -22.000 -38.000 -8.348
v -22.000 -38.376 -8.000
v -22.000 -38.346 -6.000
v -22.000 -38.000 -5.726
v -21.718 -37.000 -9.000
v -22.000 -37.000 -9.145
v -22.000 -37.181 -9.000
v -22.000 -37.000 -5.521
v -22.000 -36.000 -9.581
v -22.000 -36.000 -5.424
v -22.000 -35.000 -10.396
v -22.000 -35.492 -10.000
v -22.000 -35.168 -5.000
v -21.825 -35.000 -5.000
v -22.000 -35.000 -4.885
v -22.000 -34.000 -10.697
v -21.678 -34.000 -5.000
v -22.000 -34.000 -4.754
v -21.582 -33.000 -11.000
v -22.000 -33.000 -11.470
v -22.000 -33.538 -11.000
v -22.000 -33.542 -5.000
v -22.000 -33.000 -5.282
v -21.738 -32.000 -12.000
v -22.000 -32.000 -12.262
v -22.000 -32.376 -12.000
v -21.298 -32.000 -11.000
v -22.000 -32.000 -5.420
v -21.529 -31.000 -12.000
v -22.000 -31.000 -12.471
v -21.412 -31.000 -6.000
v -22.000 -31.000 -5.580
v -21.501 -30.000 -12.000
v -22.000 -30.000 -12.500
v -21.667 -30.000 -6.000
v -22.000 -30.000 -5.726
v -21.500 -29.000 -12.000
v -22.000 -29.000 -12.500
v -21.339 -29.000 -7.000
v -22.000 -29.000 -6.373
v -22.000 -29.544 -6.000
v -21.506 -28.000 -12.000
v -22.000 -28.000 -12.476
v -21.493 -28.000 -7.000
v -22.000 -28.000 -6.497
v -21.629 -27.000 -12.000
v -22.000 -27.000 -12.320
v -21.475 -27.000 -7.000
v -22.000 -27.000 -6.361
v -22.000 -26.161 -12.000
v -22.000 -26.000 -11.929
v -21.265 -26.000 -7.000
v -22.000 -26.634 -6.000
v -21.481 -26.000 -6.000
v -22.000 -26.262 -5.000
v -21.692 -26.000 -5.000
v -22.000 -26.000 -4.692
v -21.786 -25.000 -16.000
v -22.000 -25.000 -16.225
v -22.000 -25.263 -16.000
v -22.000 -25.472 -15.000
v -21.604 -25.000 -15.000
v -22.000 -25.490 -14.000
v -21.544 -25.000 -14.000
v -22.000 -25.503 -13.000
v -21.599 -25.000 -13.000
v -22.000 -25.899 -12.000
v -21.450 -25.000 -12.000
v -22.000 -25.337 -4.000
v -21.587 -25.000 -4.000
v -22.000 -25.000 -3.711
v -21.607 -24.000 -16.000
v -22.000 -24.000 -16.452
v -21.311 -24.000 -15.000
v -21.306 -24.000 -13.000
v -21.321 -24.000 -12.000
v -22.000 -24.000 -3.300
v -21.402 -23.000 -16.000
v -22.000 -23.000 -16.623
v -21.108 -23.000 -12.000
v -22.000 -23.608 -3.000
v -22.000 -23.000 -2.600
v -21.661 -22.000 -17.000
v -22.000 -22.000 -17.290
v -22.000 -22.463 -17.000
v -22.000 -22.000 -2.485
v -21.507 -21.000 -17.000
v -22.000 -21.000 -17.476
v -22.000 -21.000 -2.406
v -21.500 -20.000 -17.000
v -22.000 -20.000 -17.501
v -22.000 -20.000 -2.383
v -21.477 -19.000 -17.000
v -22.000 -19.000 -17.605
v -22.000 -19.000 -2.297
v -21.760 -18.000 -18.000
v -22.000 -18.000 -18.240
v -22.000 -18.406 -18.000
v -21.399 -18.000 -17.000
v -22.000 -18.522 -2.000
v -21.617 -18.000 -2.000
v -22.000 -18.000 -1.561
v -21.653 -17.000 -18.000
v -22.000 -17.000 -18.347
v -21.382 -17.000 -17.000
v -21.964 -17.000 -6.000
v -22.000 -17.031 -6.000
v -22.000 -17.000 -6.026
v -21.687 -17.000 -5.000
v -22.000 -17.309 -5.000
v -21.771 -17.000 -4.000
v -22.000 -17.270 -4.000
v -22.000 -17.000 -3.722
v -21.277 -17.000 -2.000
v -22.000 -17.468 -1.000
v -21.605 -17.000 -1.000
v -22.000 -17.000 -0.474
v -21.760 -16.000 -18.000
v -22.000 -16.000 -18.240
v -21.399 -16.000 -17.000
v -22.000 -16.000 -6.406
v -21.746 -16.000 -4.000
v -22.000 -16.000 -3.790
v -22.000 -16.634 0.000
v -21.373 -16.000 0.000
v -22.000 -16.495 1.000
v -21.523 -16.000 1.000
v -22.000 -16.338 2.000
v -21.711 -16.000 2.000
v -22.000 -16.000 2.414
v -22.000 -15.594 -18.000
v -21.477 -15.000 -17.000
v -22.000 -15.000 -17.605
v -21.186 -15.000 -7.000
v -22.000 -15.000 -6.402
v -22.000 -15.000 -4.719
v -22.000 -15.752 -4.000
v -21.299 -15.000 2.000
v -22.000 -15.470 3.000
v -21.605 -15.000 3.000
v -22.000 -15.000 3.469
v -21.500 -14.000 -17.000
v -22.000 -14.000 -17.501
v -22.000 -14.286 -6.000
v -22.000 -14.732 -5.000
v -22.000 -14.436 4.000
v -21.565 -14.000 4.000
v -22.000 -14.000 4.300
v -21.500 -13.000 -17.000
v -22.000 -13.000 -17.500
v -22.000 -13.000 4.579
v -21.523 -12.000 -17.000
v -22.000 -12.000 -17.495
v -22.000 -12.376 5.000
v -21.538 -12.000 5.000
v -22.000 -12.000 5.279
v -21.601 -11.000 -17.000
v -22.000 -11.000 -17.482
v -21.280 -11.000 -16.000
v -22.000 -11.000 5.479
v -21.596 -10.000 -17.000
v -22.000 -10.000 -17.613
v -21.380 -10.000 -16.000
v -21.273 -10.000 -1.000
v -21.378 -10.000 0.000
v -21.251 -10.000 1.000
v -22.000 -10.000 5.500
v -21.722 -9.000 -18.000
v -22.000 -9.000 -18.357
v -22.000 -9.491 -18.000
v -21.518 -9.000 -17.000
v -21.380 -9.000 -16.000
v -21.320 -9.000 -2.000
v -21.602 -9.000 -1.000
v -21.642 -9.000 0.000
v -21.503 -9.000 1.000
v -22.000 -9.000 5.519
v -21.622 -8.000 -18.000
v -22.000 -8.000 -18.493
v -21.500 -8.000 -17.000
v -21.380 -8.000 -16.000
v -21.394 -8.000 -3.000
v -21.733 -8.000 -2.000
v -22.000 -8.000 -1.666
v -22.000 -8.540 -1.000
v -22.000 -8.629 0.000
v -22.000 -8.415 1.000
v -21.437 -8.000 2.000
v -22.000 -8.000 1.469
v -22.000 -8.000 5.598
v -21.620 -7.000 -18.000
v -22.000 -7.000 -18.499
v -21.500 -7.000 -17.000
v -21.380 -7.000 -16.000
v -21.207 -7.000 -4.000
v -22.000 -7.000 -3.073
v -22.000 -7.083 -3.000
v -22.000 -7.563 -2.000
v -22.000 -7.429 2.000
v -22.000 -7.000 2.294
v -22.000 -7.000 5.597
v -21.622 -6.000 -18.000
v -22.000 -6.000 -18.498
v -21.500 -6.000 -17.000
v -21.380 -6.000 -16.000
v -22.000 -6.917 -3.000
v -21.394 -6.000 -3.000
v -22.000 -6.470 -2.000
v -21.707 -6.000 -2.000
v -22.000 -6.000 -1.533
v -22.000 -6.000 2.569
v -22.000 -6.000 5.516
v -21.721 -5.000 -18.000
v -22.000 -5.000 -18.379
v -21.518 -5.000 -17.000
v -21.380 -5.000 -16.000
v -21.421 -5.000 -2.000
v -22.000 -5.585 -1.000
v -21.597 -5.000 -1.000
v -22.000 -5.467 0.000
v -21.624 -5.000 0.000
v -22.000 -5.266 1.000
v -21.789 -5.000 1.000
v -22.000 -5.000 1.237
v -22.000 -5.493 3.000
v -22.000 -5.000 3.411
v -22.000 -5.000 5.393
v -22.000 -4.500 -18.000
v -21.596 -4.000 -17.000
v -22.000 -4.000 -17.621
v -21.381 -4.000 -16.000
v -21.380 -4.000 -2.000
v -21.518 -4.000 -1.000
v -21.601 -4.000 0.000
v -21.760 -4.000 1.000
v -22.000 -4.000 1.299
v -21.924 -4.000 4.000
v -22.000 -4.000 3.933
v -22.000 -4.000 4.115
v -22.000 -4.459 5.000
v -21.619 -3.000 -17.000
v -22.000 -3.000 -17.502
v -21.404 -3.000 -16.000
v -21.381 -3.000 -2.000
v -21.597 -3.000 -1.000
v -22.000 -3.000 -0.350
v -22.000 -3.352 0.000
v -22.000 -3.667 1.000
v -22.000 -3.940 4.000
v -21.620 -2.000 -17.000
v -22.000 -2.000 -17.500
v -21.482 -2.000 -16.000
v -21.279 -2.000 -15.000
v -21.398 -2.000 -2.000
v -21.719 -2.000 -1.000
v -22.000 -2.000 -0.618
v -21.620 -1.000 -17.000
v -22.000 -1.000 -17.500
v -21.500 -1.000 -16.000
v -21.379 -1.000 -15.000
v -21.479 -1.000 -2.000
v -22.000 -1.000 -1.363
v -22.000 -1.507 -1.000
v -21.620 0.000 -17.000
v -22.000 0.000 -17.500
v -21.500 0.000 -16.000
v -21.402 0.000 -15.000
v -21.634 0.000 -2.000
v -22.000 0.000 -1.629
v -21.620 1.000 -17.000
v -22.000 1.000 -17.500
v -21.501 1.000 -16.000
v -21.481 1.000 -15.000
v -21.306 1.000 -14.000
v -21.507 1.000 -3.000
v -22.000 1.000 -2.501
v -22.000 0.449 -2.000
v -21.622 2.000 -17.000
v -22.000 2.000 -17.498
v -21.502 2.000 -16.000
v -21.499 2.000 -15.000
v -21.480 2.000 -14.000
v -21.306 2.000 -13.000
v -21.297 2.000 -7.000
v -21.476 2.000 -6.000
v -21.502 2.000 -5.000
v -21.635 2.000 -4.000
v -22.000 2.000 -3.552
v -22.000 1.499 -3.000
v -21.721 3.000 -17.000
v -22.000 3.000 -17.380
v -21.519 3.000 -16.000
v -21.500 3.000 -15.000
v -21.499 3.000 -14.000
v -21.481 3.000 -13.000
v -21.402 3.000 -12.000
v -21.380 3.000 -11.000
v -21.380 3.000 -10.000
v -21.381 3.000 -9.000
v -21.422 3.000 -8.000
v -21.676 3.000 -7.000
v -22.000 3.000 -6.470
v -22.000 2.639 -6.000
v -22.000 2.504 -5.000
v -22.000 2.365 -4.000
v -22.000 3.500 -17.000
v -21.598 4.000 -16.000
v -22.000 4.000 -16.620
v -21.501 4.000 -15.000
v -21.500 4.000 -14.000
v -21.500 4.000 -13.000
v -21.499 4.000 -12.000
v -21.499 4.000 -11.000
v -21.500 4.000 -10.000
v -21.519 4.000 -9.000
v -21.693 4.000 -8.000
v -22.000 4.000 -7.507
v -22.000 3.500 -7.000
v -21.621 5.000 -16.000
v -22.000 5.000 -16.500
v -21.502 5.000 -15.000
v -21.500 5.000 -14.000
v -21.500 5.000 -13.000
v -21.501 5.000 -12.000
v -21.519 5.000 -11.000
v -21.599 5.000 -10.000
v -21.721 5.000 -9.000
v -22.000 5.000 -8.530
v -22.000 4.499 -8.000
v -21.722 6.000 -16.000
v -22.000 6.000 -16.379
v -21.521 6.000 -15.000
v -21.502 6.000 -14.000
v -21.502 6.000 -13.000
v -21.521 6.000 -12.000
v -21.694 6.000 -11.000
v -22.000 6.000 -10.470
v -22.000 5.619 -10.000
v -22.000 5.381 -9.000
v -22.000 6.469 -16.000
v -21.722 7.000 -15.000
v -22.000 7.000 -15.469
v -21.622 7.000 -14.000
v -21.622 7.000 -13.000
v -21.722 7.000 -12.000
v -22.000 7.000 -11.531
v -22.000 6.499 -11.000
v -22.000 7.379 -15.000
v -22.000 7.498 -14.000
v -22.000 7.498 -13.000
v -22.000 7.374 -12.000
v -22.000 8.000 6.534
v -22.000 7.624 7.000
v -22.000 7.486 8.000
v -22.000 7.426 9.000
v -22.000 7.609 10.000
v -21.628 8.000 10.000
v -22.000 8.000 10.489
v -22.000 9.000 5.501
v -22.000 8.501 6.000
v -21.313 9.000 10.000
v -22.000 8.835 11.000
v -21.916 9.000 11.000
v -22.000 9.000 11.083
v -22.000 10.000 4.649
v -22.000 9.557 5.000
v -22.000 9.122 11.000
v -22.000 10.000 10.557
v -22.000 11.000 4.760
v -22.000 11.000 10.243
v -22.000 11.250 5.000
v -21.450 12.000 6.000
v -22.000 11.673 6.000
v -22.000 12.000 6.541
v -21.449 12.000 9.000
v -22.000 11.673 9.000
v -22.000 12.000 8.459
v -22.000 11.253 10.000
v -22.000 12.276 7.000
v -22.000 12.276 8.000
v -22.888 -39.000 -7.000
v -22.521 -38.000 -8.000
v -23.000 -38.000 -7.608
v -23.000 -38.950 -7.000
v -22.454 -38.000 -6.000
v -23.000 -38.000 -6.427
v -22.282 -37.000 -9.000
v -23.000 -37.000 -8.624
v -23.000 -37.655 -8.000
v -23.000 -37.488 -6.000
v -23.000 -37.000 -5.695
v -23.000 -36.000 -9.521
v -23.000 -36.608 -9.000
v -23.000 -36.000 -5.502
v -23.000 -35.000 -10.476
v -23.000 -35.498 -10.000
v -22.237 -35.000 -5.000
v -23.000 -35.000 -5.310
v -22.490 -34.000 -11.000
v -23.000 -34.000 -11.370
v -23.000 -34.386 -11.000
v -23.000 -34.464 -5.000
v -23.000 -34.000 -4.724
v -22.594 -33.000 -12.000
v -23.000 -33.000 -12.287
v -23.000 -33.336 -12.000
v -22.405 -33.000 -5.000
v -23.000 -33.000 -4.625
v -23.000 -32.000 -12.679
v -22.625 -32.000 -5.000
v -23.000 -32.000 -4.722
v -22.613 -31.000 -13.000
v -23.000 -31.000 -13.371
v -23.000 -31.504 -13.000
v -23.000 -31.502 -5.000
v -23.000 -31.000 -5.281
v -22.502 -30.000 -13.000
v -23.000 -30.000 -13.498
v -23.000 -30.000 -5.420
v -22.502 -29.000 -13.000
v -23.000 -29.000 -13.498
v -22.410 -29.000 -6.000
v -23.000 -29.000 -5.579
v -22.610 -28.000 -13.000
v -23.000 -28.000 -13.376
v -22.526 -28.000 -6.000
v -23.000 -28.000 -5.617
v -23.000 -27.221 -13.000
v -23.000 -27.000 -12.886
v -22.361 -27.000 -6.000
v -23.000 -27.000 -5.476
v -22.737 -26.000 -16.000
v -23.000 -26.000 -16.224
v -23.000 -26.213 -16.000
v -23.000 -26.381 -15.000
v -22.533 -26.000 -15.000
v -23.000 -26.433 -14.000
v -22.523 -26.000 -14.000
v -23.000 -26.847 -13.000
v -22.454 -26.000 -13.000
v -22.073 -26.000 -12.000
v -23.000 -26.500 -5.000
v -23.000 -26.000 -4.507
v -23.000 -25.000 -16.670
v -23.000 -25.487 -4.000
v -23.000 -25.000 -3.547
v -22.638 -24.000 -17.000
v -23.000 -24.000 -17.296
v -23.000 -24.469 -17.000
v -23.000 -24.200 -3.000
v -22.681 -24.000 -3.000
v -23.000 -24.000 -2.847
v -22.394 -23.000 -17.000
v -23.000 -23.000 -17.500
v -23.000 -23.000 -2.537
v -23.000 -22.000 -17.703
v -23.000 -22.000 -2.424
v -22.639 -21.000 -18.000
v -23.000 -21.000 -18.296
v -23.000 -21.499 -18.000
v -23.000 -21.118 -2.000
v -22.875 -21.000 -2.000
v -23.000 -21.000 -1.922
v -22.505 -20.000 -18.000
v -23.000 -20.000 -18.476
v -22.683 -20.000 -2.000
v -23.000 -20.000 -1.790
v -22.395 -19.000 -18.000
v -23.000 -19.000 -18.522
v -22.589 -19.000 -2.000
v -23.000 -19.000 -1.745
v -23.000 -18.000 -18.601
v -22.968 -18.000 -5.000
v -23.000 -18.030 -5.000
v -23.000 -18.000 -5.080
v -22.721 -18.000 -4.000
v -23.000 -18.279 -4.000
v -22.740 -18.000 -3.000
v -23.000 -18.313 -3.000
v -23.000 -18.000 -2.622
v -23.000 -18.208 -1.000
v -22.722 -18.000 -1.000
v -23.000 -18.000 -0.697
v -23.000 -17.000 -18.618
v -22.034 -17.000 -6.000
v -23.000 -17.946 -5.000
v -22.434 -17.000 -5.000
v -23.000 -17.000 -4.537
v -22.698 -17.000 -3.000
v -23.000 -17.000 -2.712
v -23.000 -17.605 0.000
v -22.370 -17.000 0.000
v -23.000 -17.524 1.000
v -22.500 -17.000 1.000
v -23.000 -17.414 2.000
v -22.628 -17.000 2.000
v -23.000 -17.000 2.480
v -23.000 -16.000 -18.601
v -22.344 -16.000 -6.000
v -22.530 -16.000 -5.000
v -23.000 -16.000 -4.036
v -23.000 -16.000 -3.969
v -23.000 -16.718 -3.000
v -23.000 -16.524 3.000
v -22.506 -16.000 3.000
v -23.000 -16.000 3.494
v -22.395 -15.000 -18.000
v -23.000 -15.000 -18.523
v -22.321 -15.000 -6.000
v -22.242 -15.000 -5.000
v -23.000 -15.977 -4.000
v -23.000 -15.436 4.000
v -22.565 -15.000 4.000
v -23.000 -15.000 4.299
v -22.499 -14.000 -18.000
v -23.000 -14.000 -18.500
v -23.000 -14.000 4.499
v -22.500 -13.000 -18.000
v -23.000 -13.000 -18.500
v -23.000 -13.000 4.720
v -22.500 -12.000 -18.000
v -23.000 -12.000 -18.506
v -23.000 -12.618 5.000
v -23.000 -12.000 5.401
v -22.476 -11.000 -18.000
v -23.000 -11.000 -18.639
v -23.000 -11.000 5.499
v -22.703 -10.000 -19.000
v -23.000 -10.000 -19.363
v -23.000 -10.500 -19.000
v -22.297 -10.000 -18.000
v -23.000 -10.000 5.520
v -22.502 -9.000 -19.000
v -23.000 -9.000 -19.606
v -23.000 -9.000 5.694
v -22.727 -8.000 -20.000
v -23.000 -8.000 -20.332
v -23.000 -8.455 -20.000
v -22.399 -8.000 -19.000
v -23.000 -8.171 -1.000
v -23.000 -8.000 -1.180
v -23.000 -8.233 0.000
v -22.462 -8.000 1.000
v -23.000 -8.000 0.350
v -23.000 -8.467 6.000
v -22.624 -8.000 6.000
v -23.000 -8.000 6.276
v -22.621 -7.000 -20.000
v -23.000 -7.000 -20.468
v -22.382 -7.000 -19.000
v -22.059 -7.000 -3.000
v -22.369 -7.000 -2.000
v -23.000 -7.000 -1.288
v -23.000 -7.249 1.000
v -22.423 -7.000 2.000
v -23.000 -7.000 1.250
v -22.657 -7.000 6.000
v -23.000 -7.000 6.246
v -22.619 -6.000 -20.000
v -23.000 -6.000 -20.470
v -22.382 -6.000 -19.000
v -23.000 -6.712 -1.000
v -22.372 -6.000 -1.000
v -23.000 -6.557 0.000
v -22.500 -6.000 0.000
v -23.000 -6.679 1.000
v -22.655 -6.000 1.000
v -23.000 -6.389 2.000
v -23.000 -6.000 1.527
v -23.000 -6.000 2.337
v -23.000 -6.657 6.000
v -23.000 -6.000 5.597
v -22.619 -5.000 -20.000
v -23.000 -5.000 -20.470
v -22.404 -5.000 -19.000
v -23.000 -5.000 1.631
v -23.000 -5.312 3.000
v -23.000 -5.000 3.245
v -23.000 -5.000 5.480
v -22.620 -4.000 -20.000
v -23.000 -4.000 -20.470
v -22.482 -4.000 -19.000
v -22.279 -4.000 -18.000
v -23.000 -4.409 2.000
v -22.680 -4.000 2.000
v -23.000 -4.000 2.402
v -23.000 -4.000 3.498
v -22.618 -4.000 5.000
v -23.000 -4.000 5.242
v -22.621 -3.000 -20.000
v -23.000 -3.000 -20.475
v -22.500 -3.000 -19.000
v -22.378 -3.000 -18.000
v -22.251 -3.000 0.000
v -22.420 -3.000 1.000
v -22.712 -3.000 2.000
v -23.000 -3.000 2.383
v -23.000 -3.545 4.000
v -23.000 -3.734 5.000
v -22.620 -2.000 -20.000
v -23.000 -2.000 -20.496
v -22.500 -2.000 -19.000
v -22.380 -2.000 -18.000
v -22.403 -2.000 0.000
v -22.597 -2.000 1.000
v -23.000 -2.000 1.619
v -23.000 -2.502 2.000
v -22.598 -1.000 -20.000
v -23.000 -1.000 -20.619
v -22.500 -1.000 -19.000
v -22.380 -1.000 -18.000
v -22.297 -1.000 -1.000
v -22.580 -1.000 0.000
v -22.749 -1.000 1.000
v -23.000 -1.000 1.351
v -22.753 -1.000 4.000
v -23.000 -1.000 3.653
v -23.000 -1.342 4.000
v -23.000 -1.302 5.000
v -22.760 -1.000 5.000
v -23.000 -1.000 5.297
v -22.722 0.000 -21.000
v -23.000 0.000 -21.358
v -23.000 -0.499 -21.000
v -22.519 0.000 -20.000
v -22.499 0.000 -19.000
v -22.380 0.000 -18.000
v -22.597 0.000 -1.000
v -23.000 0.000 -0.437
v -23.000 -0.376 0.000
v -23.000 -0.655 1.000
v -22.626 0.000 4.000
v -23.000 0.000 3.511
v -22.626 0.000 5.000
v -23.000 0.000 5.464
v -22.622 1.000 -21.000
v -23.000 1.000 -21.493
v -22.502 1.000 -20.000
v -22.498 1.000 -19.000
v -22.380 1.000 -18.000
v -22.495 1.000 -2.000
v -23.000 1.000 -1.444
v -23.000 0.534 -1.000
v -22.753 1.000 4.000
v -23.000 1.000 3.677
v -22.753 1.000 5.000
v -23.000 1.000 5.324
v -22.620 2.000 -21.000
v -23.000 2.000 -21.499
v -22.502 2.000 -20.000
v -22.498 2.000 -19.000
v -22.380 2.000 -18.000
v -22.500 2.000 -3.000
v -23.000 2.000 -2.476
v -23.000 1.530 -2.000
v -23.000 1.323 4.000
v -23.000 1.340 5.000
v -22.620 3.000 -21.000
v -23.000 3.000 -21.499
v -22.502 3.000 -20.000
v -22.499 3.000 -19.000
v -22.402 3.000 -18.000
v -22.296 3.000 -6.000
v -22.477 3.000 -5.000
v -22.634 3.000 -4.000
v -23.000 3.000 -3.550
v -23.000 2.500 -3.000
v -22.620 4.000 -21.000
v -23.000 4.000 -21.494
v -22.502 4.000 -20.000
v -22.500 4.000 -19.000
v -22.481 4.000 -18.000
v -22.279 4.000 -17.000
v -22.324 4.000 -7.000
v -22.674 4.000 -6.000
v -23.000 4.000 -5.462
v -23.000 3.645 -5.000
v -23.000 3.387 -4.000
v -22.622 5.000 -21.000
v -23.000 5.000 -21.473
v -22.502 5.000 -20.000
v -22.500 5.000 -19.000
v -22.498 5.000 -18.000
v -22.379 5.000 -17.000
v -22.308 5.000 -8.000
v -22.579 5.000 -7.000
v -23.000 5.000 -6.383
v -23.000 4.530 -6.000
v -22.722 6.000 -21.000
v -23.000 6.000 -21.353
v -22.519 6.000 -20.000
v -22.500 6.000 -19.000
v -22.499 6.000 -18.000
v -22.402 6.000 -17.000
v -22.279 6.000 -10.000
v -22.402 6.000 -9.000
v -22.502 6.000 -8.000
v -22.721 6.000 -7.000
v -23.000 6.000 -6.641
v -23.000 6.491 -21.000
v -22.598 7.000 -20.000
v -23.000 7.000 -20.612
v -22.501 7.000 -19.000
v -22.500 7.000 -18.000
v -22.481 7.000 -17.000
v -22.306 7.000 -16.000
v -22.308 7.000 -11.000
v -22.499 7.000 -10.000
v -22.598 7.000 -9.000
v -22.721 7.000 -8.000
v -23.000 7.000 -7.538
v -23.000 6.462 -7.000
v -22.618 7.000 9.000
v -23.000 7.000 8.613
v -23.000 6.654 9.000
v -23.000 6.489 10.000
v -22.522 7.000 10.000
v -23.000 6.635 11.000
v -22.705 7.000 11.000
v -23.000 7.000 11.474
v -22.620 8.000 -20.000
v -23.000 8.000 -20.476
v -22.502 8.000 -19.000
v -22.500 8.000 -18.000
v -22.499 8.000 -17.000
v -22.481 8.000 -16.000
v -22.402 8.000 -15.000
v -22.380 8.000 -14.000
v -22.381 8.000 -13.000
v -22.421 8.000 -12.000
v -22.580 8.000 -11.000
v -22.720 8.000 -10.000
v -23.000 8.000 -9.501
v -23.000 7.618 -9.000
v -23.000 7.376 -8.000
v -23.000 8.000 6.646
v -23.000 7.720 7.000
v -23.000 7.416 8.000
v -22.347 8.000 11.000
v -23.000 7.701 12.000
v -22.841 8.000 12.000
v -23.000 8.000 12.202
v -22.622 9.000 -20.000
v -23.000 9.000 -20.468
v -22.502 9.000 -19.000
v -22.500 9.000 -18.000
v -22.500 9.000 -17.000
v -22.500 9.000 -16.000
v -22.499 9.000 -15.000
v -22.499 9.000 -14.000
v -22.519 9.000 -13.000
v -22.693 9.000 -12.000
v -23.000 9.000 -11.470
v -23.000 8.624 -11.000
v -23.000 8.377 -10.000
v -23.000 9.000 5.532
v -23.000 8.530 6.000
v -23.000 8.267 12.000
v -23.000 9.000 11.552
v -22.729 10.000 -20.000
v -23.000 10.000 -20.330
v -22.521 10.000 -19.000
v -22.502 10.000 -18.000
v -22.500 10.000 -17.000
v -22.500 10.000 -16.000
v -22.501 10.000 -15.000
v -22.520 10.000 -14.000
v -22.694 10.000 -13.000
v -23.000 10.000 -12.500
v -23.000 9.501 -12.000
v -23.000 10.000 4.895
v -23.000 9.850 5.000
v -23.000 9.501 11.000
v -23.000 10.000 10.522
v -23.000 10.405 -20.000
v -22.728 11.000 -19.000
v -23.000 11.000 -19.405
v -22.599 11.000 -18.000
v -22.519 11.000 -17.000
v -22.502 11.000 -16.000
v -22.521 11.000 -15.000
v -22.694 11.000 -14.000
v -23.000 11.000 -13.500
v -23.000 10.500 -13.000
v -23.000 10.181 5.000
v -22.359 11.000 5.000
v -23.000 11.000 5.595
v -22.387 11.000 10.000
v -23.000 10.576 10.000
v -23.000 11.000 9.467
v -23.000 11.335 -19.000
v -23.000 11.610 -18.000
v -22.722 12.000 -17.000
v -23.000 12.000 -17.490
v -22.623 12.000 -16.000
v -22.722 12.000 -15.000
v -23.000 12.000 -14.532
v -23.000 11.499 -14.000
v -23.000 11.289 6.000
v -22.355 12.000 7.000
v -23.000 11.498 7.000
v -22.367 12.000 8.000
v -23.000 11.559 8.000
v -23.000 11.323 9.000
v -23.000 12.353 -17.000
v -23.000 12.467 -16.000
v -23.000 12.353 -15.000
v -24.000 -38.000 -7.082
v -24.000 -38.070 -7.000
v -24.000 -38.000 -6.934
v -24.000 -37.000 -8.365
v -24.000 -37.367 -8.000
v -23.490 -37.000 -6.000
v -24.000 -37.000 -6.359
v -24.000 -36.000 -9.366
v -24.000 -36.367 -9.000
v -24.000 -36.461 -6.000
v -24.000 -36.000 -5.721
v -24.000 -35.000 -10.365
v -24.000 -35.366 -10.000
v -24.000 -35.000 -5.579
v -24.000 -34.000 -11.363
v -24.000 -34.364 -11.000
v -23.459 -34.000 -5.000
v -24.000 -34.000 -5.324
v -24.000 -33.000 -12.364
v -24.000 -33.364 -12.000
v -24.000 -33.490 -5.000
v -24.000 -33.000 -4.697
v -23.503 -32.000 -13.000
v -24.000 -32.000 -13.365
v -24.000 -32.365 -13.000
v -24.000 -32.000 -4.539
v -23.692 -31.000 -14.000
v -24.000 -31.000 -14.258
v -24.000 -31.308 -14.000
v -23.382 -31.000 -5.000
v -24.000 -31.000 -4.600
v -23.507 -30.000 -14.000
v -24.000 -30.000 -14.475
v -23.624 -30.000 -5.000
v -24.000 -30.000 -4.721
v -23.502 -29.000 -14.000
v -24.000 -29.000 -14.498
v -24.000 -29.500 -5.000
v -24.000 -29.000 -5.280
v -23.630 -28.000 -14.000
v -24.000 -28.000 -14.371
v -24.000 -28.000 -5.378
v -24.000 -27.191 -14.000
v -23.129 -27.000 -13.000
v -24.000 -27.000 -13.893
v -24.000 -27.000 -5.251
v -24.000 -26.000 -16.445
v -24.000 -26.377 -16.000
v -24.000 -26.554 -15.000
v -24.000 -26.905 -14.000
v -24.000 -26.673 -5.000
v -24.000 -26.000 -4.500
v -23.531 -25.000 -17.000
v -24.000 -25.000 -17.296
v -24.000 -25.360 -17.000
v -24.000 -25.366 -4.000
v -24.000 -25.000 -3.704
v -24.000 -24.000 -17.674
v -23.320 -24.000 -3.000
v -24.000 -24.000 -3.299
v -23.641 -23.000 -18.000
v -24.000 -23.000 -18.280
v -24.000 -23.462 -18.000
v -24.000 -23.610 -3.000
v -24.000 -23.000 -2.598
v -23.384 -22.000 -18.000
v -24.000 -22.000 -18.421
v -24.000 -22.000 -2.484
v -24.000 -21.000 -18.676
v -23.123 -21.000 -2.000
v -24.000 -21.000 -2.427
v -23.646 -20.000 -19.000
v -24.000 -20.000 -19.279
v -24.000 -20.462 -19.000
v -23.280 -20.000 -2.000
v -24.000 -20.000 -2.629
v -23.521 -19.000 -19.000
v -24.000 -19.000 -19.397
v -23.907 -19.000 -4.000
v -24.000 -19.088 -4.000
v -24.000 -19.000 -4.217
v -23.548 -19.000 -3.000
v -24.000 -19.563 -3.000
v -23.236 -19.000 -2.000
v -23.754 -19.000 1.000
v -24.000 -19.000 0.694
v -24.000 -19.298 1.000
v -24.000 -19.466 2.000
v -23.623 -19.000 2.000
v -24.000 -19.299 3.000
v -23.758 -19.000 3.000
v -24.000 -19.000 3.299
v -23.480 -18.000 -19.000
v -24.000 -18.000 -19.478
v -23.030 -18.000 -5.000
v -24.000 -18.851 -4.000
v -23.398 -18.000 -4.000
v -24.000 -18.000 -3.584
v -23.386 -18.000 -2.000
v -23.332 -18.000 -1.000
v -23.520 -18.000 0.000
v -24.000 -18.000 -0.513
v -24.000 -18.377 0.000
v -23.402 -18.000 1.000
v -23.405 -18.000 2.000
v -23.603 -18.000 3.000
v -24.000 -18.000 3.474
v -23.471 -17.000 -19.000
v -24.000 -17.000 -19.500
v -23.410 -17.000 -4.000
v -24.000 -17.000 -3.236
v -23.924 -17.000 -2.000
v -24.000 -17.000 -1.929
v -24.000 -17.654 -1.000
v -23.395 -17.000 3.000
v -24.000 -17.000 3.623
v -23.476 -16.000 -19.000
v -24.000 -16.000 -19.500
v -23.023 -16.000 -4.000
v -24.000 -16.816 -3.000
v -24.000 -16.946 -2.000
v -24.000 -16.486 4.000
v -23.563 -16.000 4.000
v -24.000 -16.000 4.300
v -23.495 -15.000 -19.000
v -24.000 -15.000 -19.500
v -24.000 -15.000 4.481
v -23.500 -14.000 -19.000
v -24.000 -14.000 -19.500
v -24.000 -14.000 4.597
v -23.500 -13.000 -19.000
v -24.000 -13.000 -19.506
v -24.000 -13.380 5.000
v -23.501 -13.000 5.000
v -24.000 -13.000 5.279
v -23.476 -12.000 -19.000
v -24.000 -12.000 -19.639
v -24.000 -12.000 5.481
v -23.704 -11.000 -20.000
v -24.000 -11.000 -20.361
v -24.000 -11.500 -20.000
v -23.296 -11.000 -19.000
v -24.000 -11.000 5.519
v -23.523 -10.000 -20.000
v -24.000 -10.000 -20.500
v -24.000 -10.000 5.694
v -23.373 -9.000 -20.000
v -24.000 -9.000 -20.661
v -24.000 -9.497 6.000
v -23.503 -9.000 6.000
v -24.000 -9.000 6.303
v -23.628 -8.000 -21.000
v -24.000 -8.000 -21.388
v -24.000 -8.536 -21.000
v -23.170 -8.000 -1.000
v -23.232 -8.000 0.000
v -24.000 -8.000 6.458
v -23.502 -7.000 -21.000
v -24.000 -7.000 -21.498
v -23.232 -7.000 -1.000
v -23.350 -7.000 0.000
v -23.159 -7.000 1.000
v -24.000 -7.000 6.276
v -23.500 -6.000 -21.000
v -24.000 -6.000 -21.500
v -24.000 -6.000 1.893
v -24.000 -6.100 2.000
v -24.000 -6.000 2.106
v -24.000 -6.624 6.000
v -24.000 -6.000 5.598
v -23.500 -5.000 -21.000
v -24.000 -5.000 -21.500
v -24.000 -5.000 1.955
v -23.358 -5.000 3.000
v -24.000 -5.000 2.077
v -24.000 -5.000 5.499
v -23.500 -4.000 -21.000
v -24.000 -4.000 -21.501
v -24.000 -4.944 2.000
v -23.747 -4.000 3.000
v -24.000 -4.000 5.398
v -23.478 -3.000 -21.000
v -24.000 -3.000 -21.612
v -23.450 -3.000 3.000
v -23.479 -3.000 4.000
v -24.000 -3.000 4.785
v -24.000 -3.236 5.000
v -23.726 -2.000 -22.000
v -24.000 -2.000 -22.332
v -24.000 -2.456 -22.000
v -23.398 -2.000 -21.000
v -23.279 -2.000 2.000
v -23.463 -2.000 3.000
v -23.419 -2.000 4.000
v -24.000 -2.719 5.000
v -23.602 -2.000 5.000
v -24.000 -2.000 5.478
v -23.603 -1.000 -22.000
v -24.000 -1.000 -22.475
v -23.281 -1.000 -21.000
v -23.400 -1.000 2.000
v -23.401 -1.000 3.000
v -24.000 -1.449 6.000
v -23.635 -1.000 6.000
v -24.000 -1.000 6.365
v -23.500 0.000 -22.000
v -24.000 0.000 -22.601
v -23.280 0.000 0.000
v -23.420 0.000 1.000
v -23.557 0.000 2.000
v -23.398 0.000 3.000
v -23.502 0.000 6.000
v -24.000 0.000 6.504
v -23.760 1.000 -23.000
v -24.000 1.000 -23.240
v -24.000 0.594 -23.000
v -23.400 1.000 -22.000
v -23.318 1.000 -1.000
v -23.579 1.000 0.000
v -23.717 1.000 1.000
v -24.000 1.000 1.736
v -24.000 0.831 2.000
v -23.500 1.000 3.000
v -24.000 1.000 2.169
v -23.500 1.000 6.000
v -24.000 1.000 6.634
v -23.652 2.000 -23.000
v -24.000 2.000 -23.348
v -23.382 2.000 -22.000
v -23.400 2.000 -2.000
v -23.735 2.000 -1.000
v -24.000 2.000 -0.569
v -24.000 1.589 0.000
v -24.000 1.381 1.000
v -23.732 2.000 3.000
v -24.000 2.000 2.622
v -23.502 2.000 4.000
v -23.422 2.000 5.000
v -23.502 2.000 6.000
v -24.000 1.508 7.000
v -23.721 2.000 7.000
v -24.000 2.000 7.357
v -23.652 3.000 -23.000
v -24.000 3.000 -23.348
v -23.382 3.000 -22.000
v -23.500 3.000 -3.000
v -24.000 3.000 -2.476
v -24.000 2.600 -2.000
v -24.000 2.265 -1.000
v -24.000 2.359 3.000
v -24.000 2.641 4.000
v -23.693 3.000 5.000
v -24.000 3.000 4.470
v -23.522 3.000 6.000
v -23.622 3.000 7.000
v -24.000 3.000 7.492
v -23.760 4.000 -23.000
v -24.000 4.000 -23.240
v -23.399 4.000 -22.000
v -23.281 4.000 -5.000
v -23.505 4.000 -4.000
v -24.000 4.000 -3.417
v -24.000 3.524 -3.000
v -24.000 3.494 5.000
v -23.697 4.000 6.000
v -24.000 4.000 5.510
v -23.647 4.000 7.000
v -24.000 4.000 7.474
v -24.000 4.406 -23.000
v -23.478 5.000 -22.000
v -24.000 5.000 -22.605
v -23.296 5.000 -6.000
v -23.579 5.000 -5.000
v -23.784 5.000 -4.000
v -24.000 5.000 -3.773
v -24.000 4.487 6.000
v -23.883 5.000 7.000
v -24.000 5.000 6.764
v -24.000 5.000 7.193
v -23.880 5.000 10.000
v -24.000 5.000 9.759
v -24.000 4.868 10.000
v -24.000 5.000 10.255
v -23.524 6.000 -22.000
v -24.000 6.000 -22.495
v -23.500 6.000 -6.000
v -24.000 6.000 -5.337
v -24.000 5.646 -5.000
v -24.000 5.270 -4.000
v -24.000 5.157 7.000
v -23.634 6.000 9.000
v -24.000 6.000 8.591
v -24.000 5.507 9.000
v -23.419 6.000 10.000
v -24.000 5.374 11.000
v -23.500 6.000 11.000
v -24.000 5.520 12.000
v -23.603 6.000 12.000
v -24.000 5.647 13.000
v -23.722 6.000 13.000
v -24.000 6.000 13.461
v -23.710 7.000 -22.000
v -24.000 7.000 -22.339
v -23.297 7.000 -21.000
v -23.326 7.000 -7.000
v -23.710 7.000 -6.000
v -24.000 7.000 -5.656
v -24.000 7.000 8.369
v -23.310 7.000 12.000
v -23.504 7.000 13.000
v -24.000 6.542 14.000
v -23.725 7.000 14.000
v -24.000 7.000 14.349
v -24.000 7.464 -22.000
v -23.476 8.000 -21.000
v -24.000 8.000 -21.612
v -23.281 8.000 -9.000
v -23.421 8.000 -8.000
v -23.677 8.000 -7.000
v -24.000 8.000 -6.527
v -24.000 7.437 -6.000
v -23.492 8.000 7.000
v -24.000 8.000 7.362
v -24.000 7.426 8.000
v -23.553 8.000 13.000
v -23.795 8.000 14.000
v -24.000 8.000 14.253
v -23.502 9.000 -21.000
v -24.000 9.000 -21.500
v -23.279 9.000 -11.000
v -23.420 9.000 -10.000
v -23.580 9.000 -9.000
v -23.720 9.000 -8.000
v -24.000 9.000 -7.538
v -24.000 8.498 -7.000
v -24.000 9.000 5.773
v -24.000 8.770 6.000
v -24.000 8.302 7.000
v -23.744 9.000 12.000
v -24.000 9.000 12.193
v -24.000 8.447 13.000
v -24.000 8.207 14.000
v -23.635 10.000 -21.000
v -24.000 10.000 -21.365
v -23.306 10.000 -12.000
v -23.499 10.000 -11.000
v -23.692 10.000 -10.000
v -24.000 10.000 -9.478
v -24.000 9.616 -9.000
v -24.000 9.359 -8.000
v -23.134 10.000 5.000
v -24.000 10.000 5.687
v -24.000 9.582 11.000
v -24.000 10.000 10.494
v -24.000 9.145 12.000
v -24.000 10.472 -21.000
v -23.501 11.000 -20.000
v -24.000 11.000 -20.529
v -23.306 11.000 -13.000
v -23.481 11.000 -12.000
v -23.599 11.000 -11.000
v -24.000 11.000 -10.389
v -24.000 10.522 -10.000
v -23.342 11.000 6.000
v -24.000 10.332 6.000
v -23.630 11.000 7.000
v -24.000 10.696 7.000
v -24.000 11.000 7.679
v -23.504 11.000 9.000
v -24.000 10.691 9.000
v -24.000 11.000 8.302
v -24.000 10.398 10.000
v -24.000 11.556 -20.000
v -23.598 12.000 -19.000
v -24.000 12.000 -19.533
v -23.299 12.000 -18.000
v -23.308 12.000 -14.000
v -23.482 12.000 -13.000
v -23.520 12.000 -12.000
v -23.722 12.000 -11.000
v -24.000 12.000 -10.641
v -24.000 11.154 8.000
v -24.000 12.535 -19.000
v -23.701 13.000 -18.000
v -24.000 13.000 -18.483
v -23.524 13.000 -17.000
v -23.501 13.000 -16.000
v -23.523 13.000 -15.000
v -23.601 13.000 -14.000
v -23.621 13.000 -13.000
v -23.722 13.000 -12.000
v -24.000 13.000 -11.531
v -24.000 12.469 -11.000
v -24.000 13.511 -18.000
v -24.000 13.548 -17.000
v -24.000 13.531 -16.000
v -24.000 13.525 -15.000
v -24.000 13.506 -14.000
v -24.000 13.499 -13.000
v -24.000 13.379 -12.000
v -23.754 15.000 -19.000
v -24.000 15.000 -19.335
v -24.000 14.637 -19.000
v -24.000 14.501 -18.000
v -23.722 15.000 -18.000
v -24.000 15.000 -17.531
v -23.725 16.000 -19.000
v -24.000 16.000 -19.353
v -23.562 16.000 -18.000
v -24.000 15.697 -17.000
v -23.848 16.000 -17.000
v -24.000 16.000 -16.783
v -24.000 16.456 -19.000
v -23.849 17.000 -18.000
v -24.000 17.000 -18.292
v -24.000 17.000 -17.703
v -24.000 16.298 -17.000
v -24.000 17.199 -18.000
v -24.071 -38.000 -7.000
v -24.467 -37.000 -8.000
v -25.000 -37.000 -7.204
v -25.000 -37.127 -7.000
v -25.000 -37.000 -6.882
v -24.499 -36.000 -9.000
v -25.000 -36.000 -8.626
v -25.000 -36.598 -8.000
v -24.375 -36.000 -6.000
v -25.000 -36.000 -6.441
v -24.472 -35.000 -10.000
v -25.000 -35.000 -9.604
v -25.000 -35.628 -9.000
v -24.624 -35.000 -6.000
v -25.000 -35.000 -6.281
v -24.471 -34.000 -11.000
v -25.000 -34.000 -10.535
v -25.000 -34.535 -10.000
v -25.000 -34.538 -6.000
v -25.000 -34.000 -5.674
v -24.535 -33.000 -12.000
v -25.000 -33.000 -11.663
v -25.000 -33.604 -11.000
v -24.521 -33.000 -5.000
v -25.000 -33.000 -5.295
v -25.000 -32.000 -13.472
v -25.000 -32.396 -13.000
v -25.000 -32.726 -12.000
v -25.000 -32.614 -5.000
v -25.000 -32.000 -4.598
v -25.000 -31.000 -14.475
v -25.000 -31.492 -14.000
v -25.000 -31.000 -4.503
v -24.670 -30.000 -15.000
v -25.000 -30.000 -15.265
v -25.000 -30.330 -15.000
v -25.000 -30.000 -4.519
v -24.508 -29.000 -15.000
v -25.000 -29.000 -15.473
v -24.380 -29.000 -5.000
v -25.000 -29.000 -4.598
v -24.629 -28.000 -15.000
v -25.000 -28.000 -15.369
v -24.497 -28.000 -5.000
v -25.000 -28.000 -4.619
v -25.000 -27.192 -15.000
v -24.107 -27.000 -14.000
v -25.000 -27.000 -14.892
v -24.348 -27.000 -5.000
v -25.000 -27.000 -4.597
v -25.000 -26.000 -16.477
v -25.000 -26.431 -16.000
v -25.000 -26.904 -15.000
v -25.000 -26.000 -4.498
v -25.000 -25.000 -17.477
v -25.000 -25.495 -17.000
v -24.510 -25.000 -4.000
v -25.000 -25.000 -4.277
v -24.531 -24.000 -18.000
v -25.000 -24.000 -18.296
v -25.000 -24.362 -18.000
v -25.000 -24.649 -4.000
v -25.000 -24.000 -3.476
v -25.000 -23.000 -18.579
v -25.000 -23.476 -3.000
v -25.000 -23.000 -2.620
v -25.000 -22.000 -18.720
v -25.000 -22.000 -2.503
v -24.500 -21.000 -19.000
v -25.000 -21.000 -19.325
v -25.000 -21.537 -19.000
v -25.000 -21.000 -2.620
v -25.000 -20.000 -19.579
v -24.983 -20.000 -4.000
v -25.000 -20.013 -4.000
v -25.000 -20.000 -4.013
v -24.413 -20.000 -3.000
v -25.000 -20.505 -3.000
v -24.695 -20.000 1.000
v -25.000 -20.000 0.691
v -25.000 -20.262 1.000
v -25.000 -20.473 2.000
v -24.510 -20.000 2.000
v -25.000 -20.333 3.000
v -24.663 -20.000 3.000
v -25.000 -20.000 3.340
v -25.000 -19.000 -19.726
v -24.125 -19.000 -4.000
v -25.000 -19.975 -4.000
v -25.000 -19.000 -3.477
v -25.000 -19.000 0.271
v -25.000 -19.303 4.000
v -24.701 -19.000 4.000
v -25.000 -19.000 4.242
v -24.612 -18.000 -20.000
v -25.000 -18.000 -20.372
v -25.000 -18.543 -20.000
v -25.000 -18.507 -3.000
v -24.549 -18.000 -3.000
v -25.000 -18.000 -2.492
v -25.000 -18.000 -0.575
v -25.000 -18.668 0.000
v -24.531 -18.000 4.000
v -25.000 -18.000 4.378
v -24.501 -17.000 -20.000
v -25.000 -17.000 -20.498
v -24.185 -17.000 -3.000
v -25.000 -17.614 -2.000
v -24.075 -17.000 -2.000
v -25.000 -17.638 -1.000
v -24.415 -17.000 4.000
v -25.000 -17.000 4.402
v -24.500 -16.000 -20.000
v -25.000 -16.000 -20.505
v -25.000 -16.000 4.481
v -24.500 -15.000 -20.000
v -25.000 -15.000 -20.524
v -25.000 -15.000 4.501
v -24.499 -14.000 -20.000
v -25.000 -14.000 -20.531
v -25.000 -14.000 4.620
v -24.476 -13.000 -20.000
v -25.000 -13.000 -20.646
v -25.000 -13.498 5.000
v -25.000 -13.000 5.378
v -24.704 -12.000 -21.000
v -25.000 -12.000 -21.361
v -25.000 -12.508 -21.000
v -24.296 -12.000 -20.000
v -25.000 -12.000 5.499
v -24.524 -11.000 -21.000
v -25.000 -11.000 -21.500
v -25.000 -11.000 5.597
v -24.476 -10.000 -21.000
v -25.000 -10.000 -21.639
v -25.000 -10.345 6.000
v -24.567 -10.000 6.000
v -25.000 -10.000 6.248
v -24.704 -9.000 -22.000
v -25.000 -9.000 -22.361
v -25.000 -9.500 -22.000
v -24.290 -9.000 -21.000
v -25.000 -9.000 6.375
v -24.524 -8.000 -22.000
v -25.000 -8.000 -22.494
v -25.000 -8.000 6.278
v -24.500 -7.000 -22.000
v -25.000 -7.000 -22.500
v -24.469 -7.000 6.000
v -25.000 -7.528 6.000
v -25.000 -7.000 5.696
v -24.500 -6.000 -22.000
v -25.000 -6.000 -22.500
v -24.264 -6.000 2.000
v -25.000 -6.000 5.521
v -24.500 -5.000 -22.000
v -25.000 -5.000 -22.500
v -24.052 -5.000 2.000
v -25.000 -5.000 5.520
v -24.498 -4.000 -22.000
v -25.000 -4.000 -22.502
v -25.000 -4.000 5.587
v -24.373 -3.000 -22.000
v -25.000 -3.000 -22.627
v -24.191 -3.000 5.000
v -25.000 -3.000 5.683
v -24.668 -2.000 -23.000
v -25.000 -2.000 -23.274
v -25.000 -2.456 -23.000
v -25.000 -2.594 6.000
v -24.494 -2.000 6.000
v -25.000 -2.000 6.556
v -24.525 -1.000 -23.000
v -25.000 -1.000 -23.397
v -25.000 -1.506 7.000
v -24.627 -1.000 7.000
v -25.000 -1.000 7.393
v -24.399 0.000 -23.000
v -25.000 0.000 -23.500
v -24.477 0.000 7.000
v -25.000 0.000 7.638
v -25.000 1.000 -23.601
v -24.117 1.000 2.000
v -24.297 1.000 7.000
v -25.000 0.499 8.000
v -24.703 1.000 8.000
v -25.000 1.000 8.384
v -25.000 2.000 -23.618
v -24.373 2.000 0.000
v -24.418 2.000 1.000
v -24.379 2.000 2.000
v -24.501 2.000 8.000
v -25.000 2.000 8.640
v -25.000 3.000 -23.618
v -24.470 3.000 -2.000
v -25.000 3.000 -1.412
v -25.000 2.713 -1.000
v -25.000 2.636 0.000
v -24.698 3.000 1.000
v -25.000 3.000 0.503
v -24.501 3.000 2.000
v -24.402 3.000 3.000
v -24.279 3.000 4.000
v -24.399 3.000 8.000
v -25.000 2.499 9.000
v -24.719 3.000 9.000
v -25.000 3.000 9.397
v -25.000 4.000 -23.601
v -24.470 4.000 -3.000
v -25.000 4.000 -2.493
v -25.000 3.507 -2.000
v -25.000 3.486 1.000
v -24.600 4.000 2.000
v -25.000 4.000 1.418
v -24.519 4.000 3.000
v -24.556 4.000 4.000
v -24.324 4.000 5.000
v -24.381 4.000 8.000
v -24.577 4.000 9.000
v -25.000 4.000 9.870
v -24.836 4.000 11.000
v -25.000 4.000 10.331
v -25.000 3.802 11.000
v -25.000 4.000 11.302
v -24.395 5.000 -23.000
v -25.000 5.000 -23.522
v -25.000 4.585 -3.000
v -25.000 5.000 -3.294
v -24.760 5.000 2.000
v -25.000 5.000 1.702
v -24.722 5.000 3.000
v -25.000 5.000 3.668
v -25.000 4.784 4.000
v -24.674 5.000 5.000
v -25.000 5.000 4.297
v -24.328 5.000 6.000
v -24.382 5.000 8.000
v -24.323 5.000 9.000
v -25.000 4.092 10.000
v -24.316 5.000 11.000
v -25.000 4.390 12.000
v -24.477 5.000 12.000
v -25.000 4.505 13.000
v -24.524 5.000 13.000
v -25.000 4.639 14.000
v -24.704 5.000 14.000
v -25.000 5.000 14.469
v -24.505 6.000 -23.000
v -25.000 6.000 -23.476
v -24.269 6.000 -5.000
v -24.633 6.000 -4.000
v -25.000 6.000 -3.629
v -25.000 5.297 2.000
v -25.000 5.353 3.000
v -25.000 5.470 5.000
v -24.745 6.000 6.000
v -25.000 6.000 5.610
v -24.574 6.000 7.000
v -24.497 6.000 8.000
v -24.326 6.000 14.000
v -25.000 5.531 15.000
v -24.705 6.000 15.000
v -25.000 6.000 15.359
v -24.661 7.000 -23.000
v -25.000 7.000 -23.290
v -24.598 7.000 -5.000
v -25.000 7.000 -4.500
v -25.000 6.468 -4.000
v -25.000 6.247 6.000
v -25.000 6.389 7.000
v -25.000 6.631 8.000
v -25.000 7.000 8.316
v -24.532 7.000 15.000
v -25.000 7.000 15.467
v -25.000 7.464 -23.000
v -24.373 8.000 -22.000
v -25.000 8.000 -22.627
v -24.402 8.000 -6.000
v -25.000 8.000 -5.344
v -25.000 7.562 -5.000
v -25.000 8.000 7.624
v -25.000 7.457 8.000
v -24.738 8.000 15.000
v -25.000 8.000 15.221
v -24.505 9.000 -22.000
v -25.000 9.000 -22.477
v -24.326 9.000 -7.000
v -24.710 9.000 -6.000
v -25.000 9.000 -5.656
v -24.269 9.000 6.000
v -25.000 9.000 6.669
v -25.000 8.658 7.000
v -24.314 9.000 12.000
v -25.000 8.719 12.000
v -25.000 9.000 11.640
v -25.000 8.517 13.000
v -25.000 8.475 14.000
v -25.000 8.214 15.000
v -24.661 10.000 -22.000
v -25.000 10.000 -22.290
v -24.297 10.000 -9.000
v -24.500 10.000 -8.000
v -24.711 10.000 -7.000
v -25.000 10.000 -6.586
v -25.000 9.414 -6.000
v -24.324 10.000 6.000
v -25.000 10.000 6.698
v -25.000 9.500 11.000
v -25.000 10.000 10.358
v -25.000 10.437 -22.000
v -24.401 11.000 -21.000
v -25.000 11.000 -21.594
v -24.297 11.000 -10.000
v -24.674 11.000 -9.000
v -25.000 11.000 -8.470
v -25.000 10.633 -8.000
v -25.000 10.343 -7.000
v -25.000 10.262 7.000
v -24.216 11.000 8.000
v -25.000 10.553 8.000
v -25.000 10.499 9.000
v -25.000 10.279 10.000
v -24.736 12.000 -21.000
v -25.000 12.000 -21.264
v -24.318 12.000 -20.000
v -24.499 12.000 -10.000
v -25.000 12.000 -9.365
v -25.000 11.530 -9.000
v -25.000 12.426 -21.000
v -24.578 13.000 -20.000
v -25.000 13.000 -20.585
v -24.305 13.000 -19.000
v -24.308 13.000 -11.000
v -24.608 13.000 -10.000
v -25.000 13.000 -9.543
v -24.580 14.000 -20.000
v -25.000 14.000 -20.582
v -24.380 14.000 -19.000
v -24.278 14.000 -18.000
v -24.355 14.000 -17.000
v -24.379 14.000 -16.000
v -24.379 14.000 -15.000
v -24.380 14.000 -14.000
v -24.380 14.000 -13.000
v -24.402 14.000 -12.000
v -24.501 14.000 -11.000
v -24.754 14.000 -10.000
v -25.000 14.000 -9.744
v -24.899 15.000 -21.000
v -25.000 15.000 -21.100
v -25.000 14.798 -21.000
v -24.441 15.000 -20.000
v -24.306 15.000 -17.000
v -24.479 15.000 -16.000
v -24.498 15.000 -15.000
v -24.498 15.000 -14.000
v -24.498 15.000 -13.000
v -24.500 15.000 -12.000
v -24.599 15.000 -11.000
v -25.000 15.000 -10.423
v -25.000 14.414 -10.000
v -25.000 15.201 -21.000
v -24.502 16.000 -20.000
v -25.000 16.000 -20.597
v -24.423 16.000 -16.000
v -24.499 16.000 -15.000
v -24.501 16.000 -14.000
v -24.502 16.000 -13.000
v -24.521 16.000 -12.000
v -24.722 16.000 -11.000
v -25.000 16.000 -10.646
v -24.704 17.000 -20.000
v -25.000 17.000 -20.361
v -24.328 17.000 -19.000
v -24.311 17.000 -17.000
v -24.483 17.000 -16.000
v -24.519 17.000 -15.000
v -24.598 17.000 -14.000
v -24.621 17.000 -13.000
v -24.722 17.000 -12.000
v -25.000 17.000 -11.539
v -25.000 16.461 -11.000
v -25.000 17.444 -20.000
v -24.711 18.000 -19.000
v -25.000 18.000 -19.436
v -24.546 18.000 -18.000
v -24.602 18.000 -17.000
v -24.621 18.000 -16.000
v -24.722 18.000 -15.000
v -25.000 18.000 -14.502
v -25.000 17.619 -14.000
v -25.000 17.494 -13.000
v -25.000 17.357 -12.000
v -25.000 18.338 -19.000
v -25.000 18.488 -18.000
v -25.000 18.475 -17.000
v -25.000 18.468 -16.000
v -25.000 18.354 -15.000
v -25.133 -37.000 -7.000
v -26.000 -36.000 -8.299
v -26.000 -36.250 -8.000
v -26.000 -36.241 -7.000
v -26.000 -36.000 -6.793
v -26.000 -35.000 -9.291
v -26.000 -35.340 -9.000
v -26.000 -35.000 -6.584
v -25.622 -34.000 -10.000
v -26.000 -34.000 -9.737
v -25.539 -34.000 -6.000
v -26.000 -34.000 -6.288
v -26.000 -33.000 -11.384
v -26.000 -33.298 -11.000
v -26.000 -33.737 -10.000
v -26.000 -33.662 -6.000
v -26.000 -33.000 -5.371
v -26.000 -32.000 -13.353
v -26.000 -32.279 -13.000
v -26.000 -32.579 -12.000
v -26.000 -32.587 -5.000
v -26.000 -32.000 -4.596
v -26.000 -31.000 -14.493
v -26.000 -31.475 -14.000
v -26.000 -31.000 -4.500
v -26.000 -30.000 -15.475
v -26.000 -30.493 -15.000
v -26.000 -30.000 -4.499
v -25.682 -29.000 -16.000
v -26.000 -29.000 -16.246
v -26.000 -29.319 -16.000
v -26.000 -29.000 -4.500
v -25.698 -28.000 -16.000
v -26.000 -28.000 -16.243
v -26.000 -28.000 -4.500
v -26.000 -27.534 -16.000
v -25.113 -27.000 -15.000
v -26.000 -27.000 -15.686
v -26.000 -27.000 -4.499
v -26.000 -26.000 -16.610
v -26.000 -26.651 -16.000
v -26.000 -26.000 -4.479
v -26.000 -25.000 -17.633
v -26.000 -25.628 -17.000
v -26.000 -25.000 -4.276
v -26.000 -24.000 -18.597
v -26.000 -24.629 -18.000
v -26.000 -24.650 -4.000
v -26.000 -24.000 -3.475
v -25.617 -23.000 -19.000
v -26.000 -23.000 -19.299
v -26.000 -23.445 -19.000
v -26.000 -23.476 -3.000
v -26.000 -23.000 -2.620
v -25.359 -22.000 -19.000
v -26.000 -22.000 -19.524
v -26.000 -22.000 -2.503
v -26.000 -21.000 -19.743
v -26.000 -21.000 -2.620
v -25.650 -21.000 2.000
v -26.000 -21.000 1.541
v -26.000 -21.276 2.000
v -26.000 -21.205 3.000
v -25.747 -21.000 3.000
v -26.000 -21.000 3.207
v -25.582 -20.000 -20.000
v -26.000 -20.000 -20.397
v -26.000 -20.585 -20.000
v -25.215 -20.000 -4.000
v -26.000 -20.000 -3.914
v -26.000 -20.484 -3.000
v -25.689 -20.000 0.000
v -26.000 -20.000 -0.325
v -26.000 -20.266 0.000
v -26.000 -20.671 1.000
v -26.000 -20.000 3.595
v -25.333 -19.000 -20.000
v -26.000 -19.000 -20.626
v -26.000 -19.472 -3.000
v -25.510 -19.000 -3.000
v -26.000 -19.000 -2.485
v -25.332 -19.000 0.000
v -26.000 -19.000 -0.578
v -26.000 -19.492 4.000
v -26.000 -19.000 4.378
v -25.661 -18.000 -21.000
v -26.000 -18.000 -21.290
v -26.000 -18.463 -21.000
v -26.000 -18.568 -2.000
v -25.456 -18.000 -2.000
v -26.000 -18.000 -1.027
v -26.000 -18.000 -0.984
v -26.000 -18.000 4.497
v -25.506 -17.000 -21.000
v -26.000 -17.000 -21.477
v -26.000 -17.986 -1.000
v -26.000 -17.000 4.499
v -25.477 -16.000 -21.000
v -26.000 -16.000 -21.611
v -26.000 -16.000 4.500
v -25.727 -15.000 -22.000
v -26.000 -15.000 -22.332
v -26.000 -15.455 -22.000
v -25.399 -15.000 -21.000
v -26.000 -15.000 4.502
v -25.620 -14.000 -22.000
v -26.000 -14.000 -22.468
v -25.380 -14.000 -21.000
v -26.000 -14.000 4.620
v -25.602 -13.000 -22.000
v -26.000 -13.000 -22.476
v -25.280 -13.000 -21.000
v -26.000 -13.500 5.000
v -26.000 -13.000 5.380
v -25.523 -12.000 -22.000
v -26.000 -12.000 -22.501
v -26.000 -12.000 5.500
v -25.476 -11.000 -22.000
v -26.000 -11.000 -22.639
v -26.000 -11.000 5.596
v -25.704 -10.000 -23.000
v -26.000 -10.000 -23.361
v -26.000 -10.500 -23.000
v -25.296 -10.000 -22.000
v -26.000 -10.179 6.000
v -26.000 -10.000 6.115
v -25.524 -9.000 -23.000
v -26.000 -9.000 -23.494
v -25.594 -9.000 6.000
v -26.000 -9.738 6.000
v -26.000 -9.000 5.719
v -25.500 -8.000 -23.000
v -26.000 -8.000 -23.500
v -25.402 -8.000 6.000
v -26.000 -8.000 5.624
v -25.500 -7.000 -23.000
v -26.000 -7.000 -23.500
v -26.000 -7.000 5.627
v -25.500 -6.000 -23.000
v -26.000 -6.000 -23.500
v -26.000 -6.000 5.648
v -25.500 -5.000 -23.000
v -26.000 -5.000 -23.500
v -26.000 -5.000 5.762
v -25.498 -4.000 -23.000
v -26.000 -4.000 -23.500
v -26.000 -4.620 6.000
v -25.552 -4.000 6.000
v -26.000 -4.000 6.507
v -25.388 -3.000 -23.000
v -26.000 -3.000 -23.523
v -25.283 -3.000 6.000
v -26.000 -3.468 7.000
v -25.681 -3.000 7.000
v -26.000 -3.000 7.444
v -26.000 -2.000 -23.603
v -25.319 -2.000 7.000
v -26.000 -2.415 8.000
v -25.710 -2.000 8.000
v -26.000 -2.000 8.359
v -26.000 -1.000 -23.726
v -25.500 -1.000 8.000
v -26.000 -1.000 8.641
v -25.607 0.000 -24.000
v -26.000 0.000 -24.372
v -26.000 -0.544 -24.000
v -25.297 0.000 8.000
v -26.000 -0.537 9.000
v -25.676 0.000 9.000
v -26.000 0.000 9.507
v -25.477 1.000 -24.000
v -26.000 1.000 -24.498
v -25.421 1.000 9.000
v -26.000 0.529 10.000
v -25.720 1.000 10.000
v -26.000 1.000 10.381
v -25.470 2.000 -24.000
v -26.000 2.000 -24.500
v -25.280 2.000 9.000
v -25.580 2.000 10.000
v -26.000 2.000 10.625
v -25.470 3.000 -24.000
v -26.000 3.000 -24.500
v -25.336 3.000 -1.000
v -25.363 3.000 0.000
v -25.397 3.000 10.000
v -26.000 2.442 11.000
v -25.618 3.000 11.000
v -26.000 3.000 11.566
v -25.476 4.000 -24.000
v -26.000 4.000 -24.500
v -25.498 4.000 -2.000
v -26.000 4.000 -1.444
v -26.000 3.639 -1.000
v -26.000 3.665 0.000
v -25.378 4.000 1.000
v -26.000 4.000 0.340
v -25.083 4.000 10.000
v -26.000 3.331 12.000
v -25.374 4.000 12.000
v -26.000 3.473 13.000
v -25.498 4.000 13.000
v -26.000 3.496 14.000
v -25.524 4.000 14.000
v -26.000 3.618 15.000
v -25.704 4.000 15.000
v -26.000 4.000 15.438
v -25.501 5.000 -24.000
v -26.000 5.000 -24.476
v -25.344 5.000 -3.000
v -26.000 5.000 -2.370
v -26.000 4.552 -2.000
v -25.689 5.000 1.000
v -26.000 5.000 0.724
v -25.155 5.000 4.000
v -25.326 5.000 15.000
v -26.000 4.612 16.000
v -25.746 5.000 16.000
v -26.000 5.000 16.244
v -25.639 6.000 -24.000
v -26.000 6.000 -24.296
v -25.653 6.000 -3.000
v -26.000 6.000 -2.637
v -26.000 5.315 1.000
v -25.692 6.000 2.000
v -26.000 6.000 1.686
v -25.530 6.000 3.000
v -25.582 6.000 4.000
v -25.423 6.000 5.000
v -25.580 6.000 16.000
v -26.000 6.000 16.347
v -26.000 6.500 -24.000
v -26.000 7.000 -23.704
v -25.402 7.000 -4.000
v -26.000 7.000 -3.375
v -26.000 6.470 -3.000
v -25.842 7.000 -1.000
v -26.000 7.000 -1.185
v -26.000 6.586 -1.000
v -26.000 7.000 -0.737
v -26.000 6.260 2.000
v -26.000 6.470 3.000
v -26.000 6.480 4.000
v -26.000 6.518 5.000
v -26.000 6.601 6.000
v -26.000 6.602 7.000
v -26.000 6.582 8.000
v -25.996 7.000 9.000
v -26.000 6.997 9.000
v -26.000 7.000 9.003
v -25.837 7.000 16.000
v -26.000 7.000 16.116
v -25.389 8.000 -23.000
v -26.000 8.000 -23.522
v -25.291 8.000 -5.000
v -25.709 8.000 -4.000
v -26.000 8.000 -3.658
v -25.866 8.000 -1.000
v -26.000 8.000 -1.144
v -26.000 7.921 0.000
v -25.959 8.000 0.000
v -26.000 8.000 0.042
v -25.515 8.000 8.000
v -26.000 8.000 8.354
v -26.000 7.004 9.000
v -26.000 7.155 16.000
v -26.000 8.000 15.421
v -25.611 9.000 -23.000
v -26.000 9.000 -23.373
v -25.598 9.000 -5.000
v -26.000 9.000 -4.500
v -26.000 8.438 -4.000
v -26.000 8.141 -1.000
v -26.000 8.053 0.000
v -25.354 9.000 7.000
v -26.000 9.000 7.503
v -26.000 8.378 8.000
v -26.000 8.623 12.000
v -26.000 9.000 11.509
v -26.000 8.502 13.000
v -26.000 8.498 14.000
v -26.000 8.366 15.000
v -26.000 9.535 -23.000
v -26.000 10.000 -22.708
v -25.501 10.000 -6.000
v -26.000 10.000 -5.445
v -26.000 9.532 -5.000
v -25.320 10.000 7.000
v -26.000 10.000 7.559
v -25.498 10.000 10.000
v -26.000 9.719 10.000
v -26.000 10.000 9.616
v -26.000 9.400 11.000
v -25.500 11.000 -22.000
v -26.000 11.000 -22.402
v -25.297 11.000 -8.000
v -25.598 11.000 -7.000
v -26.000 11.000 -6.468
v -26.000 10.555 -6.000
v -26.000 10.373 8.000
v -26.000 10.398 9.000
v -26.000 11.533 -22.000
v -26.000 12.000 -21.682
v -25.297 12.000 -9.000
v -25.681 12.000 -8.000
v -26.000 12.000 -7.532
v -26.000 11.500 -7.000
v -25.415 13.000 -21.000
v -26.000 13.000 -21.423
v -25.582 13.000 -9.000
v -26.000 13.000 -8.523
v -26.000 12.445 -8.000
v -25.422 14.000 -21.000
v -26.000 14.000 -21.404
v -26.000 13.563 -9.000
v -26.000 14.000 -9.290
v -26.000 15.000 -21.463
v -25.396 15.000 -10.000
v -26.000 15.000 -9.476
v -25.424 16.000 -21.000
v -26.000 16.000 -21.401
v -25.523 16.000 -10.000
v -26.000 16.000 -9.506
v -25.555 17.000 -21.000
v -26.000 17.000 -21.373
v -25.326 17.000 -11.000
v -25.705 17.000 -10.000
v -26.000 17.000 -9.640
v -25.809 18.000 -21.000
v -26.000 18.000 -21.183
v -25.408 18.000 -20.000
v -25.281 18.000 -14.000
v -25.398 18.000 -13.000
v -25.502 18.000 -12.000
v -25.710 18.000 -11.000
v -26.000 18.000 -10.563
v -26.000 17.443 -10.000
v -26.000 18.191 -21.000
v -26.000 18.592 -20.000
v -25.669 19.000 -19.000
v -26.000 19.000 -19.428
v -25.527 19.000 -18.000
v -25.505 19.000 -17.000
v -25.501 19.000 -16.000
v -25.523 19.000 -15.000
v -25.603 19.000 -14.000
v -25.726 19.000 -13.000
v -26.000 19.000 -12.545
v -26.000 18.605 -12.000
v -26.000 18.340 -11.000
v -26.000 19.272 -19.000
v -26.000 19.397 -18.000
v -26.000 19.477 -17.000
v -26.000 19.499 -16.000
v -26.000 19.495 -15.000
v -26.000 19.473 -14.000
v -26.000 19.332 -13.000
v -26.298 -36.000 -8.000
v -26.215 -36.000 -7.000
v -26.462 -35.000 -9.000
v -27.000 -35.000 -8.496
v -27.000 -35.370 -8.000
v -27.000 -35.000 -7.476
v -26.609 -35.000 -7.000
v -27.000 -34.000 -9.506
v -27.000 -34.605 -9.000
v -27.000 -34.637 -7.000
v -27.000 -34.000 -6.451
v -26.446 -33.000 -11.000
v -27.000 -33.000 -10.501
v -27.000 -33.424 -10.000
v -27.000 -33.608 -6.000
v -27.000 -33.277 -5.000
v -26.542 -33.000 -5.000
v -27.000 -33.000 -4.664
v -26.461 -32.000 -13.000
v -27.000 -32.000 -12.470
v -27.000 -32.296 -12.000
v -27.000 -32.598 -11.000
v -27.000 -32.000 -4.399
v -27.000 -31.000 -14.360
v -27.000 -31.295 -14.000
v -27.000 -31.674 -13.000
v -27.000 -31.000 -4.380
v -27.000 -30.000 -15.492
v -27.000 -30.475 -15.000
v -27.000 -30.000 -4.379
v -27.000 -29.000 -16.374
v -27.000 -29.464 -16.000
v -27.000 -29.000 -4.379
v -27.000 -28.000 -16.379
v -27.000 -28.000 -4.379
v -27.000 -27.283 -16.000
v -27.000 -27.000 -15.817
v -27.000 -27.000 -4.373
v -26.543 -26.000 -17.000
v -27.000 -26.000 -17.333
v -27.000 -26.290 -17.000
v -27.000 -26.798 -16.000
v -27.000 -26.000 -4.245
v -26.500 -25.000 -18.000
v -27.000 -25.000 -18.367
v -27.000 -25.366 -18.000
v -27.000 -25.611 -4.000
v -26.427 -25.000 -4.000
v -27.000 -25.000 -3.574
v -26.563 -24.000 -19.000
v -27.000 -24.000 -19.293
v -27.000 -24.340 -19.000
v -27.000 -24.000 -3.267
v -27.000 -23.000 -19.732
v -27.000 -23.644 -3.000
v -27.000 -23.000 -2.597
v -26.792 -22.000 -21.000
v -27.000 -22.000 -21.209
v -27.000 -22.257 -21.000
v -27.000 -22.673 -20.000
v -26.473 -22.000 -20.000
v -27.000 -22.000 -2.478
v -26.634 -21.000 -21.000
v -27.000 -21.000 -21.354
v -26.248 -21.000 -20.000
v -27.000 -21.000 -2.344
v -26.501 -21.000 1.000
v -27.000 -21.000 0.474
v -27.000 -21.324 1.000
v -27.000 -21.576 2.000
v -27.000 -21.444 3.000
v -27.000 -21.000 3.377
v -26.546 -20.000 -21.000
v -27.000 -20.000 -21.394
v -26.740 -20.000 -3.000
v -27.000 -20.547 -2.000
v -26.651 -20.000 -2.000
v -27.000 -20.498 -1.000
v -26.524 -20.000 -1.000
v -27.000 -20.698 0.000
v -27.000 -20.000 3.620
v -26.393 -19.000 -21.000
v -27.000 -19.000 -21.501
v -26.314 -19.000 -2.000
v -26.349 -19.000 -1.000
v -27.000 -19.501 4.000
v -27.000 -19.000 4.380
v -27.000 -18.000 -21.709
v -26.014 -18.000 -1.000
v -27.000 -18.000 4.498
v -26.610 -17.000 -22.000
v -27.000 -17.000 -22.374
v -27.000 -17.536 -22.000
v -27.000 -17.000 4.500
v -26.374 -16.000 -22.000
v -27.000 -16.000 -22.632
v -27.000 -16.000 4.500
v -26.634 -15.000 -23.000
v -27.000 -15.000 -23.366
v -27.000 -15.499 -23.000
v -27.000 -15.000 4.502
v -26.502 -14.000 -23.000
v -27.000 -14.000 -23.498
v -27.000 -14.000 4.622
v -26.500 -13.000 -23.000
v -27.000 -13.000 -23.501
v -27.000 -13.502 5.000
v -27.000 -13.000 5.380
v -26.476 -12.000 -23.000
v -27.000 -12.000 -23.612
v -27.000 -12.000 5.499
v -26.710 -11.000 -24.000
v -27.000 -11.000 -24.339
v -27.000 -11.464 -24.000
v -26.296 -11.000 -23.000
v -27.000 -11.000 5.518
v -26.524 -10.000 -24.000
v -27.000 -10.000 -24.493
v -26.170 -10.000 6.000
v -27.000 -10.000 5.578
v -26.500 -9.000 -24.000
v -27.000 -9.000 -24.500
v -27.000 -9.000 5.545
v -26.500 -8.000 -24.000
v -27.000 -8.000 -24.500
v -27.000 -8.000 5.729
v -26.500 -7.000 -24.000
v -27.000 -7.000 -24.500
v -27.000 -7.580 6.000
v -26.526 -7.000 6.000
v -27.000 -7.000 6.506
v -26.500 -6.000 -24.000
v -27.000 -6.000 -24.500
v -26.366 -6.000 6.000
v -27.000 -6.430 7.000
v -26.727 -6.000 7.000
v -27.000 -6.000 7.331
v -26.500 -5.000 -24.000
v -27.000 -5.000 -24.500
v -26.239 -5.000 6.000
v -26.601 -5.000 7.000
v -27.000 -5.000 7.475
v -26.500 -4.000 -24.000
v -27.000 -4.000 -24.500
v -26.400 -4.000 7.000
v -27.000 -4.000 7.631
v -26.495 -3.000 -24.000
v -27.000 -3.000 -24.500
v -27.000 -3.552 8.000
v -26.505 -3.000 8.000
v -27.000 -3.000 8.551
v -26.474 -2.000 -24.000
v -27.000 -2.000 -24.502
v -27.000 -2.613 9.000
v -26.500 -2.000 9.000
v -27.000 -2.333 10.000
v -26.727 -2.000 10.000
v -27.000 -2.000 10.429
v -26.332 -1.000 -24.000
v -27.000 -1.000 -24.628
v -26.280 -1.000 9.000
v -26.500 -1.000 10.000
v -27.000 -1.466 11.000
v -26.694 -1.000 11.000
v -27.000 -1.000 11.492
v -26.661 0.000 -25.000
v -27.000 0.000 -25.290
v -27.000 -0.464 -25.000
v -26.306 0.000 10.000
v -26.501 0.000 11.000
v -27.000 -0.492 12.000
v -26.694 0.000 12.000
v -27.000 0.000 12.492
v -26.781 0.000 16.000
v -27.000 0.000 15.694
v -27.000 -0.297 16.000
v -27.000 -0.076 17.000
v -26.945 0.000 17.000
v -27.000 0.000 17.056
v -26.511 1.000 -25.000
v -27.000 1.000 -25.454
v -26.401 1.000 11.000
v -26.519 1.000 12.000
v -27.000 0.535 13.000
v -26.719 1.000 13.000
v -27.000 1.000 13.497
v -26.747 1.000 15.000
v -27.000 1.000 14.539
v -27.000 0.655 15.000
v -26.629 1.000 16.000
v -27.000 1.000 16.546
v -27.000 0.118 17.000
v -26.525 2.000 -25.000
v -27.000 2.000 -25.398
v -26.278 2.000 11.000
v -26.481 2.000 12.000
v -26.595 2.000 13.000
v -27.000 2.000 13.873
v -26.598 2.000 15.000
v -27.000 2.000 14.128
v -26.622 2.000 16.000
v -27.000 2.000 16.469
v -26.530 3.000 -25.000
v -27.000 3.000 -25.381
v -26.272 3.000 12.000
v -26.395 3.000 13.000
v -27.000 2.109 14.000
v -26.455 3.000 14.000
v -26.421 3.000 15.000
v -26.607 3.000 16.000
v -27.000 3.000 16.451
v -26.531 4.000 -25.000
v -27.000 4.000 -25.380
v -26.361 4.000 -1.000
v -26.332 4.000 0.000
v -26.447 4.000 16.000
v -27.000 4.000 16.415
v -26.646 5.000 -25.000
v -27.000 5.000 -25.279
v -26.437 5.000 -2.000
v -27.000 5.000 -1.402
v -27.000 4.668 -1.000
v -27.000 4.677 0.000
v -27.000 5.000 0.331
v -27.000 5.000 16.479
v -27.000 5.491 -25.000
v -27.000 6.000 -24.703
v -27.000 5.670 -2.000
v -27.000 6.000 -2.225
v -27.000 5.658 1.000
v -27.000 6.000 1.342
v -27.000 6.000 16.398
v -26.361 7.000 -24.000
v -27.000 7.000 -24.524
v -26.385 7.000 -3.000
v -27.000 7.000 -2.307
v -27.000 7.000 -1.513
v -27.000 6.658 -1.000
v -27.000 6.903 0.000
v -26.860 7.000 0.000
v -27.000 7.000 0.092
v -27.000 6.599 2.000
v -26.647 7.000 3.000
v -27.000 7.000 2.561
v -26.531 7.000 4.000
v -26.525 7.000 5.000
v -26.507 7.000 6.000
v -26.645 7.000 7.000
v -27.000 7.000 7.383
v -27.000 6.632 8.000
v -27.000 6.824 9.000
v -27.000 7.000 9.166
v -26.255 7.000 16.000
v -27.000 6.606 16.000
v -27.000 7.000 15.700
v -26.500 8.000 -24.000
v -27.000 8.000 -24.476
v -26.628 8.000 -3.000
v -27.000 8.000 -2.475
v -27.000 8.000 -1.571
v -27.000 8.000 0.385
v -27.000 7.279 3.000
v -27.000 7.380 4.000
v -27.000 7.381 5.000
v -27.000 7.379 6.000
v -27.000 7.267 7.000
v -27.000 8.000 8.470
v -27.000 7.236 9.000
v -27.000 8.000 15.255
v -26.661 9.000 -24.000
v -27.000 9.000 -24.289
v -26.402 9.000 -4.000
v -27.000 9.000 -3.371
v -27.000 8.503 -3.000
v -27.000 8.415 -1.000
v -27.000 8.758 0.000
v -27.000 9.000 7.651
v -27.000 8.534 8.000
v -27.000 8.722 12.000
v -27.000 9.000 11.621
v -27.000 8.520 13.000
v -27.000 8.481 14.000
v -27.000 8.245 15.000
v -27.000 9.437 -24.000
v -26.345 10.000 -23.000
v -27.000 10.000 -23.598
v -26.319 10.000 -5.000
v -26.710 10.000 -4.000
v -27.000 10.000 -3.660
v -27.000 10.000 7.797
v -27.000 9.597 10.000
v -27.000 10.000 9.344
v -27.000 9.404 11.000
v -26.656 11.000 -23.000
v -27.000 11.000 -23.291
v -26.319 11.000 -6.000
v -26.682 11.000 -5.000
v -27.000 11.000 -4.557
v -27.000 10.415 -4.000
v -27.000 10.200 8.000
v -27.000 10.246 9.000
v -27.000 11.438 -23.000
v -26.438 12.000 -22.000
v -27.000 12.000 -22.529
v -26.402 12.000 -7.000
v -26.710 12.000 -6.000
v -27.000 12.000 -5.585
v -27.000 11.443 -5.000
v -27.000 12.632 -22.000
v -27.000 13.000 -21.754
v -26.504 13.000 -8.000
v -27.000 13.000 -7.449
v -27.000 12.629 -7.000
v -27.000 12.340 -6.000
v -27.000 14.000 -21.625
v -26.339 14.000 -9.000
v -27.000 14.000 -8.365
v -27.000 13.552 -8.000
v -27.000 15.000 -21.598
v -26.493 15.000 -9.000
v -27.000 15.000 -8.498
v -27.000 16.000 -21.518
v -26.505 16.000 -9.000
v -27.000 16.000 -8.523
v -27.000 17.000 -21.498
v -26.550 17.000 -9.000
v -27.000 17.000 -8.609
v -27.000 18.000 -21.373
v -26.404 18.000 -10.000
v -26.777 18.000 -9.000
v -27.000 18.000 -8.784
v -27.000 18.444 -21.000
v -26.565 19.000 -20.000
v -27.000 19.000 -20.352
v -26.375 19.000 -12.000
v -26.632 19.000 -11.000
v -27.000 19.000 -10.500
v -27.000 18.627 -10.000
v -27.000 18.265 -9.000
v -27.000 19.278 -20.000
v -27.000 19.498 -19.000
v -27.000 19.692 -18.000
v -26.647 20.000 -17.000
v -27.000 20.000 -17.468
v -26.531 20.000 -16.000
v -26.530 20.000 -15.000
v -26.532 20.000 -14.000
v -26.669 20.000 -13.000
v -27.000 20.000 -12.546
v -27.000 19.625 -12.000
v -27.000 19.368 -11.000
v -27.000 20.278 -17.000
v -27.000 20.379 -16.000
v -27.000 20.381 -15.000
v -27.000 20.379 -14.000
v -27.000 20.273 -13.000
v -27.830 -38.000 -2.000
v -28.000 -38.000 -2.178
v -28.000 -38.170 -2.000
v -28.000 -38.157 -1.000
v -27.843 -38.000 -1.000
v -28.000 -38.000 -0.843
v -27.630 -37.000 -2.000
v -28.000 -37.000 -2.528
v -27.768 -37.000 -1.000
v -28.000 -37.000 -0.768
v -27.731 -36.000 -3.000
v -28.000 -36.000 -3.328
v -28.000 -36.425 -3.000
v -27.624 -36.000 -2.000
v -28.000 -36.000 -1.447
v -28.000 -36.605 -1.000
v -28.000 -35.000 -8.301
v -28.000 -35.218 -8.000
v -28.000 -35.000 -7.698
v -27.649 -35.000 -3.000
v -28.000 -35.000 -3.448
v -27.731 -35.000 -2.000
v -28.000 -35.000 -1.672
v -28.000 -34.000 -9.397
v -28.000 -34.473 -9.000
v -28.000 -34.498 -7.000
v -28.000 -34.000 -6.449
v -27.847 -34.000 -3.000
v -28.000 -34.000 -3.326
v -28.000 -34.000 -2.726
v -28.000 -34.577 -2.000
v -27.571 -33.000 -10.000
v -28.000 -33.000 -9.726
v -28.000 -33.644 -6.000
v -28.000 -33.582 -5.000
v -28.000 -33.534 -4.000
v -27.624 -33.000 -4.000
v -28.000 -33.697 -3.000
v -28.000 -33.000 -3.494
v -27.366 -32.000 -12.000
v -27.686 -32.000 -11.000
v -28.000 -32.000 -10.690
v -28.000 -32.668 -10.000
v -27.477 -32.000 -4.000
v -28.000 -32.000 -3.470
v -27.443 -31.000 -14.000
v -28.000 -31.000 -13.437
v -28.000 -31.290 -13.000
v -28.000 -31.500 -12.000
v -28.000 -31.740 -11.000
v -27.469 -31.000 -4.000
v -28.000 -31.000 -3.470
v -28.000 -30.000 -15.308
v -28.000 -30.260 -15.000
v -28.000 -30.597 -14.000
v -27.469 -30.000 -4.000
v -28.000 -30.000 -3.470
v -28.000 -29.000 -16.268
v -28.000 -29.327 -16.000
v -27.469 -29.000 -4.000
v -28.000 -29.000 -3.470
v -28.000 -28.000 -16.351
v -27.469 -28.000 -4.000
v -28.000 -28.000 -3.468
v -28.000 -27.337 -16.000
v -28.000 -27.000 -15.758
v -27.445 -27.000 -4.000
v -28.000 -27.000 -3.354
v -28.000 -26.000 -17.474
v -28.000 -26.399 -17.000
v -28.000 -26.780 -16.000
v -27.255 -26.000 -4.000
v -28.000 -26.508 -3.000
v -27.703 -26.000 -3.000
v -28.000 -26.000 -2.639
v -28.000 -25.000 -18.603
v -28.000 -25.520 -18.000
v -27.518 -25.000 -3.000
v -28.000 -25.000 -2.507
v -28.000 -24.000 -19.523
v -28.000 -24.600 -19.000
v -27.335 -24.000 -3.000
v -28.000 -24.000 -2.499
v -27.734 -23.000 -21.000
v -28.000 -23.000 -21.226
v -28.000 -23.215 -21.000
v -28.000 -23.527 -20.000
v -27.327 -23.000 -20.000
v -28.000 -23.000 -2.479
v -28.000 -22.000 -21.573
v -28.000 -22.000 -2.280
v -27.594 -22.000 2.000
v -28.000 -22.000 1.506
v -28.000 -22.372 2.000
v -28.000 -22.310 3.000
v -27.687 -22.000 3.000
v -28.000 -22.000 3.247
v -28.000 -21.000 -21.619
v -28.000 -21.639 -2.000
v -27.361 -21.000 -2.000
v -28.000 -21.241 -1.000
v -27.679 -21.000 -1.000
v -28.000 -21.290 0.000
v -27.510 -21.000 0.000
v -28.000 -21.662 1.000
v -28.000 -21.000 3.497
v -28.000 -20.000 -21.720
v -28.000 -20.000 3.721
v -27.633 -19.000 -22.000
v -28.000 -19.000 -22.298
v -28.000 -19.509 -22.000
v -28.000 -19.621 4.000
v -28.000 -19.000 4.402
v -27.344 -18.000 -22.000
v -28.000 -18.000 -22.598
v -28.000 -18.000 4.499
v -27.659 -17.000 -23.000
v -28.000 -17.000 -23.291
v -28.000 -17.438 -23.000
v -28.000 -17.000 4.500
v -27.372 -16.000 -23.000
v -28.000 -16.000 -23.597
v -28.000 -16.000 4.502
v -27.661 -15.000 -24.000
v -28.000 -15.000 -24.289
v -28.000 -15.437 -24.000
v -28.000 -15.000 4.521
v -27.507 -14.000 -24.000
v -28.000 -14.000 -24.475
v -28.000 -14.000 4.722
v -27.498 -13.000 -24.000
v -28.000 -13.000 -24.501
v -28.000 -13.621 5.000
v -28.000 -13.000 5.403
v -27.373 -12.000 -24.000
v -28.000 -12.000 -24.627
v -28.000 -12.000 5.501
v -27.669 -11.000 -25.000
v -28.000 -11.000 -25.272
v -28.000 -11.455 -25.000
v -28.000 -11.000 5.520
v -27.532 -10.000 -25.000
v -28.000 -10.000 -25.378
v -28.000 -10.000 5.606
v -27.525 -9.000 -25.000
v -28.000 -9.000 -25.398
v -28.000 -9.000 5.784
v -27.505 -8.000 -25.000
v -28.000 -8.000 -25.477
v -28.000 -8.732 6.000
v -27.329 -8.000 6.000
v -28.000 -8.315 7.000
v -27.738 -8.000 7.000
v -28.000 -8.000 7.310
v -27.500 -7.000 -25.000
v -28.000 -7.000 -25.500
v -27.403 -7.000 7.000
v -28.000 -7.000 7.621
v -27.500 -6.000 -25.000
v -28.000 -6.000 -25.500
v -28.000 -6.462 8.000
v -27.661 -6.000 8.000
v -28.000 -6.000 8.290
v -27.500 -5.000 -25.000
v -28.000 -5.000 -25.500
v -27.505 -5.000 8.000
v -28.000 -5.000 8.482
v -27.500 -4.000 -25.000
v -28.000 -4.000 -25.500
v -27.365 -4.000 8.000
v -28.000 -4.000 8.691
v -27.500 -3.000 -25.000
v -28.000 -3.000 -25.500
v -28.000 -3.691 9.000
v -27.367 -3.000 9.000
v -28.000 -3.394 10.000
v -27.626 -3.000 10.000
v -28.000 -3.000 10.536
v -27.498 -2.000 -25.000
v -28.000 -2.000 -25.500
v -28.000 -2.656 11.000
v -27.403 -2.000 11.000
v -28.000 -2.367 12.000
v -27.703 -2.000 12.000
v -28.000 -2.000 12.471
v -27.865 -2.000 16.000
v -28.000 -2.000 15.755
v -28.000 -2.161 16.000
v -28.000 -2.000 16.229
v -27.388 -1.000 -25.000
v -28.000 -1.000 -25.524
v -27.325 -1.000 12.000
v -28.000 -1.502 13.000
v -27.674 -1.000 13.000
v -28.000 -1.000 13.655
v -27.793 -1.000 15.000
v -28.000 -1.000 14.480
v -28.000 -1.339 15.000
v -27.463 -1.000 16.000
v -28.000 -1.431 17.000
v -27.645 -1.000 17.000
v -28.000 -1.000 17.344
v -28.000 0.000 -25.701
v -27.325 0.000 13.000
v -28.000 -0.684 14.000
v -27.629 0.000 14.000
v -27.798 0.000 15.000
v -28.000 0.000 17.473
v -27.799 1.000 -26.000
v -28.000 1.000 -26.153
v -28.000 0.680 -26.000
v -27.294 1.000 14.000
v -27.426 1.000 17.000
v -28.000 1.000 17.401
v -28.000 1.327 -26.000
v -28.000 2.000 -25.718
v -27.079 2.000 14.000
v -27.531 2.000 17.000
v -28.000 2.000 17.378
v -28.000 3.000 -25.620
v -27.680 3.000 17.000
v -28.000 3.000 17.247
v -28.000 4.000 -25.618
v -28.000 3.344 17.000
v -28.000 4.000 16.595
v -28.000 5.000 -25.579
v -27.332 5.000 -1.000
v -27.326 5.000 0.000
v -28.000 5.000 16.481
v -27.383 6.000 -25.000
v -28.000 6.000 -25.421
v -27.266 6.000 -2.000
v -28.000 6.000 -1.292
v -28.000 5.708 -1.000
v -28.000 5.676 0.000
v -27.412 6.000 1.000
v -28.000 6.000 0.399
v -28.000 6.000 16.278
v -27.525 7.000 -25.000
v -28.000 7.000 -25.380
v -27.308 7.000 -2.000
v -28.000 7.000 -1.321
v -27.497 7.000 -1.000
v -27.130 7.000 0.000
v -28.000 6.565 1.000
v -27.504 7.000 2.000
v -28.000 7.000 1.465
v -28.000 6.657 8.000
v -28.000 7.000 7.539
v -28.000 6.821 9.000
v -28.000 7.000 9.169
v -28.000 6.358 16.000
v -28.000 7.000 15.500
v -27.647 8.000 -25.000
v -28.000 8.000 -25.278
v -27.386 8.000 -2.000
v -28.000 7.534 -1.000
v -28.000 7.960 0.000
v -28.000 8.000 0.027
v -28.000 7.397 2.000
v -28.000 7.600 3.000
v -28.000 7.618 4.000
v -28.000 7.596 5.000
v -28.000 7.516 6.000
v -28.000 7.397 7.000
v -28.000 8.000 8.518
v -28.000 7.259 9.000
v -27.413 8.000 15.000
v -28.000 7.599 15.000
v -28.000 8.000 14.581
v -28.000 8.461 -25.000
v -28.000 9.000 -24.674
v -27.367 9.000 -3.000
v -28.000 9.000 -2.339
v -28.000 8.621 -2.000
v -28.000 8.257 -1.000
v -28.000 8.029 0.000
v -28.000 9.000 7.973
v -28.000 8.956 8.000
v -27.469 9.000 12.000
v -28.000 9.000 12.500
v -28.000 8.693 13.000
v -28.000 8.419 14.000
v -27.526 10.000 -24.000
v -28.000 10.000 -24.325
v -27.626 10.000 -3.000
v -28.000 10.000 -2.610
v -28.000 9.036 8.000
v -27.247 10.000 8.000
v -27.322 10.000 9.000
v -28.000 9.467 9.000
v -28.000 9.499 10.000
v -28.000 9.482 11.000
v -28.000 9.307 12.000
v -28.000 10.529 -24.000
v -28.000 11.000 -23.703
v -27.500 11.000 -4.000
v -28.000 11.000 -3.438
v -28.000 10.513 -3.000
v -27.423 12.000 -23.000
v -28.000 12.000 -23.495
v -27.500 12.000 -5.000
v -28.000 12.000 -4.444
v -28.000 11.557 -4.000
v -27.735 13.000 -23.000
v -28.000 13.000 -23.264
v -27.255 13.000 -22.000
v -27.366 13.000 -7.000
v -27.626 13.000 -6.000
v -28.000 13.000 -5.494
v -28.000 12.555 -5.000
v -28.000 13.424 -23.000
v -27.447 14.000 -22.000
v -28.000 14.000 -22.604
v -27.365 14.000 -8.000
v -28.000 14.000 -7.309
v -28.000 13.691 -7.000
v -28.000 13.394 -6.000
v -27.584 15.000 -22.000
v -28.000 15.000 -22.374
v -27.504 15.000 -8.000
v -28.000 15.000 -7.518
v -28.000 15.545 -22.000
v -28.000 16.000 -21.728
v -27.639 16.000 -8.000
v -28.000 16.000 -7.704
v -28.000 17.000 -21.597
v -28.000 16.477 -8.000
v -28.000 17.000 -8.308
v -28.000 18.000 -21.397
v -28.000 18.000 -8.505
v -28.000 18.474 -21.000
v -28.000 19.000 -20.468
v -27.373 19.000 -10.000
v -27.735 19.000 -9.000
v -28.000 19.000 -8.784
v -28.000 19.379 -20.000
v -28.000 19.596 -19.000
v -27.531 20.000 -18.000
v -28.000 20.000 -18.379
v -27.412 20.000 -12.000
v -27.667 20.000 -11.000
v -28.000 20.000 -10.571
v -28.000 19.596 -10.000
v -28.000 19.223 -9.000
v -28.000 20.279 -18.000
v -28.000 20.497 -17.000
v -28.000 20.596 -16.000
v -28.000 20.618 -15.000
v -28.000 20.618 -14.000
v -28.000 20.579 -13.000
v -28.000 20.420 -12.000
v -28.000 20.273 -11.000
v -29.000 -38.000 -2.525
v -29.000 -38.368 -2.000
v -29.000 -38.231 -1.000
v -29.000 -38.000 -0.769
v -28.480 -37.000 -3.000
v -29.000 -37.000 -3.497
v -29.000 -37.519 -3.000
v -29.000 -37.000 -0.543
v -28.669 -36.000 -4.000
v -29.000 -36.000 -4.272
v -29.000 -36.405 -4.000
v -28.428 -36.000 -1.000
v -29.000 -36.000 -0.603
v -29.000 -35.000 -8.079
v -29.000 -35.057 -8.000
v -29.000 -35.000 -7.921
v -28.502 -35.000 -4.000
v -29.000 -35.000 -4.476
v -28.700 -35.000 -1.000
v -29.000 -35.000 -0.759
v -29.000 -34.000 -9.272
v -29.000 -34.329 -9.000
v -29.000 -34.375 -7.000
v -29.000 -34.000 -6.456
v -28.607 -34.000 -5.000
v -29.000 -34.000 -5.515
v -29.000 -34.365 -5.000
v -28.295 -34.000 -4.000
v -28.420 -34.000 -2.000
v -29.000 -34.000 -1.481
v -29.000 -34.666 -1.000
v -29.000 -33.000 -9.579
v -29.000 -33.725 -6.000
v -28.307 -33.000 -3.000
v -28.605 -33.000 -2.000
v -29.000 -33.000 -1.546
v -29.000 -32.000 -10.379
v -29.000 -32.412 -10.000
v -28.380 -32.000 -3.000
v -28.624 -32.000 -2.000
v -29.000 -32.000 -1.553
v -28.344 -31.000 -13.000
v -28.634 -31.000 -12.000
v -29.000 -31.000 -11.556
v -29.000 -31.404 -11.000
v -28.381 -31.000 -3.000
v -28.645 -31.000 -2.000
v -29.000 -31.000 -1.633
v -28.313 -30.000 -15.000
v -28.656 -30.000 -14.000
v -29.000 -30.000 -13.562
v -29.000 -30.403 -13.000
v -29.000 -30.704 -12.000
v -28.381 -30.000 -3.000
v -28.650 -30.000 -2.000
v -29.000 -30.000 -1.650
v -28.399 -29.000 -16.000
v -29.000 -29.000 -15.464
v -29.000 -29.393 -15.000
v -29.000 -29.709 -14.000
v -28.381 -29.000 -3.000
v -28.650 -29.000 -2.000
v -29.000 -29.000 -1.650
v -29.000 -28.000 -16.064
v -29.000 -28.115 -16.000
v -28.380 -28.000 -3.000
v -28.650 -28.000 -2.000
v -29.000 -28.000 -1.650
v -29.000 -27.876 -16.000
v -29.000 -27.000 -15.076
v -28.280 -27.000 -3.000
v -28.633 -27.000 -2.000
v -29.000 -27.000 -1.645
v -29.000 -26.000 -17.493
v -29.000 -26.395 -17.000
v -29.000 -26.636 -16.000
v -28.553 -26.000 -2.000
v -29.000 -26.000 -1.624
v -28.585 -25.000 -19.000
v -29.000 -25.000 -19.256
v -29.000 -25.247 -19.000
v -29.000 -25.600 -18.000
v -28.532 -25.000 -2.000
v -29.000 -25.000 -1.621
v -29.000 -24.000 -19.743
v -28.640 -24.000 -2.000
v -29.000 -24.000 -1.718
v -28.903 -24.000 3.000
v -29.000 -24.000 2.831
v -29.000 -24.118 3.000
v -29.000 -24.000 3.131
v -29.000 -23.000 -21.549
v -29.000 -23.414 -21.000
v -29.000 -23.752 -20.000
v -29.000 -23.326 -2.000
v -29.000 -23.000 -2.153
v -28.641 -23.000 2.000
v -29.000 -23.000 1.655
v -29.000 -23.426 2.000
v -28.551 -23.000 3.000
v -29.000 -23.000 3.475
v -28.619 -22.000 -22.000
v -29.000 -22.000 -22.295
v -29.000 -22.436 -22.000
v -29.000 -22.705 -2.000
v -28.460 -22.000 -2.000
v -29.000 -22.000 -1.669
v -28.705 -22.000 1.000
v -29.000 -22.000 0.838
v -29.000 -22.193 1.000
v -29.000 -22.000 3.599
v -28.475 -21.000 -22.000
v -29.000 -21.000 -22.476
v -29.000 -21.000 -1.341
v -28.396 -21.000 -1.000
v -28.539 -21.000 0.000
v -29.000 -21.000 0.270
v -29.000 -21.000 3.721
v -28.354 -20.000 -22.000
v -29.000 -20.000 -22.524
v -29.000 -20.342 -1.000
v -29.000 -20.712 0.000
v -29.000 -20.532 4.000
v -28.469 -20.000 4.000
v -29.000 -20.000 4.308
v -29.000 -19.000 -22.710
v -29.000 -19.000 4.483
v -28.500 -18.000 -23.000
v -29.000 -18.000 -23.402
v -29.000 -18.563 -23.000
v -29.000 -18.000 4.502
v -29.000 -17.000 -23.702
v -29.000 -17.000 4.520
v -28.526 -16.000 -24.000
v -29.000 -16.000 -24.325
v -29.000 -16.529 -24.000
v -29.000 -16.000 4.600
v -29.000 -15.000 -24.674
v -29.000 -15.000 4.722
v -28.647 -14.000 -25.000
v -29.000 -14.000 -25.278
v -29.000 -14.461 -25.000
v -29.000 -14.538 5.000
v -28.462 -14.000 5.000
v -29.000 -14.000 5.325
v -28.530 -13.000 -25.000
v -29.000 -13.000 -25.378
v -29.000 -13.000 5.579
v -28.415 -12.000 -25.000
v -29.000 -12.000 -25.402
v -29.000 -12.000 5.621
v -29.000 -11.000 -25.482
v -29.000 -11.000 5.729
v -29.000 -10.000 -25.519
v -29.000 -10.572 6.000
v -28.551 -10.000 6.000
v -29.000 -10.000 6.478
v -29.000 -9.000 -25.693
v -28.223 -9.000 6.000
v -29.000 -9.471 7.000
v -28.604 -9.000 7.000
v -29.000 -9.000 7.469
v -28.639 -8.000 -26.000
v -29.000 -8.000 -26.296
v -29.000 -8.478 -26.000
v -29.000 -8.406 8.000
v -28.668 -8.000 8.000
v -29.000 -8.000 8.273
v -28.506 -7.000 -26.000
v -29.000 -7.000 -26.476
v -28.412 -7.000 8.000
v -29.000 -7.000 8.421
v -28.500 -6.000 -26.000
v -29.000 -6.000 -26.499
v -29.000 -6.000 8.682
v -28.500 -5.000 -26.000
v -29.000 -5.000 -26.499
v -29.000 -5.533 9.000
v -28.581 -5.000 9.000
v -29.000 -5.000 9.501
v -28.505 -4.000 -26.000
v -29.000 -4.000 -26.477
v -28.260 -4.000 9.000
v -29.000 -4.578 10.000
v -28.504 -4.000 10.000
v -29.000 -4.264 11.000
v -28.737 -4.000 11.000
v -29.000 -4.000 11.406
v -28.524 -3.000 -26.000
v -29.000 -3.000 -26.398
v -28.291 -3.000 11.000
v -29.000 -3.577 12.000
v -28.505 -3.000 12.000
v -29.000 -3.264 13.000
v -28.757 -3.000 13.000
v -29.000 -3.000 13.341
v -28.792 -3.000 16.000
v -29.000 -3.000 15.653
v -29.000 -3.221 16.000
v -29.000 -3.000 16.290
v -28.530 -2.000 -26.000
v -29.000 -2.000 -26.381
v -28.327 -2.000 13.000
v -29.000 -2.510 14.000
v -28.577 -2.000 14.000
v -29.000 -2.633 15.000
v -28.408 -2.000 15.000
v -29.000 -2.459 17.000
v -28.541 -2.000 17.000
v -29.000 -2.000 17.370
v -28.524 -1.000 -26.000
v -29.000 -1.000 -26.381
v -28.187 -1.000 14.000
v -29.000 -1.000 17.896
v -28.390 0.000 -26.000
v -29.000 0.000 -26.402
v -29.000 0.000 17.574
v -29.000 1.000 -26.462
v -29.000 1.000 17.499
v -28.383 2.000 -26.000
v -29.000 2.000 -26.402
v -29.000 2.000 17.478
v -28.499 3.000 -26.000
v -29.000 3.000 -26.380
v -29.000 3.000 17.276
v -28.502 4.000 -26.000
v -29.000 4.000 -26.378
v -29.000 3.372 17.000
v -29.000 4.000 16.579
v -28.625 5.000 -26.000
v -29.000 5.000 -26.279
v -29.000 5.000 16.307
v -29.000 5.499 -26.000
v -29.000 6.000 -25.719
v -28.288 6.000 -1.000
v -28.324 6.000 0.000
v -28.462 6.000 16.000
v -29.000 5.492 16.000
v -29.000 6.000 15.674
v -29.000 7.000 -25.597
v -29.000 6.798 -1.000
v -29.000 7.000 -1.162
v -29.000 6.715 0.000
v -28.430 7.000 1.000
v -29.000 7.000 0.351
v -29.000 6.765 8.000
v -29.000 7.000 7.678
v -29.000 6.821 9.000
v -29.000 7.000 9.202
v -29.000 7.000 15.290
v -29.000 8.000 -25.499
v -28.517 8.000 -1.000
v -29.000 8.000 -1.222
v -28.040 8.000 0.000
v -29.000 7.570 1.000
v -28.629 8.000 2.000
v -29.000 8.000 1.492
v -28.482 8.000 3.000
v -28.496 8.000 4.000
v -28.620 8.000 5.000
v -29.000 8.000 5.470
v -29.000 7.693 6.000
v -29.000 7.427 7.000
v -29.000 8.000 8.703
v -29.000 7.373 9.000
v -29.000 7.340 15.000
v -29.000 8.000 14.369
v -28.508 9.000 -25.000
v -29.000 9.000 -25.306
v -28.350 9.000 -2.000
v -29.000 9.000 -1.421
v -29.000 8.366 2.000
v -29.000 8.475 3.000
v -29.000 8.398 4.000
v -29.000 8.280 5.000
v -28.028 9.000 8.000
v -29.000 8.460 9.000
v -28.596 9.000 9.000
v -29.000 9.000 9.391
v -28.531 9.000 13.000
v -29.000 9.000 13.339
v -29.000 8.368 14.000
v -29.000 9.521 -25.000
v -29.000 10.000 -24.703
v -28.521 10.000 -2.000
v -29.000 10.000 -1.494
v -29.000 9.421 10.000
v -29.000 9.596 11.000
v -29.000 9.577 12.000
v -29.000 9.289 13.000
v -28.366 11.000 -24.000
v -29.000 11.000 -24.500
v -28.302 11.000 -3.000
v -28.603 11.000 -2.000
v -29.000 11.000 -1.502
v -28.633 12.000 -24.000
v -29.000 12.000 -24.297
v -28.317 12.000 -4.000
v -28.580 12.000 -3.000
v -28.750 12.000 -2.000
v -29.000 12.000 -1.657
v -29.000 12.501 -24.000
v -29.000 13.000 -23.703
v -28.319 13.000 -5.000
v -28.675 13.000 -4.000
v -29.000 13.000 -3.470
v -29.000 12.617 -3.000
v -29.000 12.328 -2.000
v -28.396 14.000 -23.000
v -29.000 14.000 -23.522
v -28.260 14.000 -7.000
v -28.499 14.000 -6.000
v -28.703 14.000 -5.000
v -29.000 14.000 -4.522
v -29.000 13.507 -4.000
v -28.633 15.000 -23.000
v -29.000 15.000 -23.366
v -28.575 15.000 -7.000
v -29.000 15.000 -6.431
v -29.000 14.642 -6.000
v -29.000 14.388 -5.000
v -29.000 15.473 -23.000
v -28.337 16.000 -22.000
v -29.000 16.000 -22.604
v -29.000 15.569 -7.000
v -29.000 16.000 -7.293
v -28.642 17.000 -22.000
v -29.000 17.000 -22.269
v -28.493 17.000 -8.000
v -29.000 17.000 -7.672
v -29.000 17.333 -22.000
v -29.000 18.000 -21.478
v -29.000 17.508 -8.000
v -29.000 18.000 -8.307
v -29.000 18.495 -21.000
v -29.000 19.000 -20.470
v -29.000 19.000 -8.609
v -29.000 19.381 -20.000
v -29.000 19.618 -19.000
v -29.000 20.000 -18.498
v -28.557 20.000 -10.000
v -29.000 20.000 -9.641
v -29.000 19.450 -9.000
v -29.000 20.380 -18.000
v -29.000 20.596 -17.000
v -28.653 21.000 -16.000
v -29.000 21.000 -16.347
v -28.502 21.000 -15.000
v -28.502 21.000 -14.000
v -28.625 21.000 -13.000
v -29.000 21.000 -12.501
v -29.000 20.719 -12.000
v -29.000 20.578 -11.000
v -29.000 20.294 -10.000
v -29.000 21.250 -16.000
v -29.000 21.378 -15.000
v -29.000 21.378 -14.000
v -29.000 21.279 -13.000
v -29.804 -38.000 -3.000
v -30.000 -38.000 -3.132
v -30.000 -38.104 -3.000
v -30.000 -38.239 -2.000
v -29.349 -38.000 -1.000
v -30.000 -38.000 -1.638
v -29.606 -37.000 -4.000
v -30.000 -37.000 -4.262
v -30.000 -37.306 -4.000
v -30.000 -37.398 -1.000
v -30.000 -37.000 -0.730
v -30.000 -36.000 -4.480
v -30.000 -36.000 -0.625
v -29.076 -35.000 -8.000
v -30.000 -35.000 -4.624
v -30.000 -35.000 -0.722
v -29.426 -34.000 -9.000
v -30.000 -34.000 -8.482
v -30.000 -34.371 -8.000
v -29.777 -34.000 -7.000
v -30.000 -34.000 -7.218
v -30.000 -34.000 -5.712
v -30.000 -34.552 -5.000
v -30.000 -34.333 -1.000
v -30.000 -34.000 -1.156
v -30.000 -33.000 -9.324
v -30.000 -33.471 -9.000
v -30.000 -33.891 -7.000
v -30.000 -33.783 -6.000
v -30.000 -33.667 -1.000
v -29.646 -33.000 -1.000
v -30.000 -33.000 -0.722
v -29.538 -32.000 -10.000
v -30.000 -32.000 -9.710
v -29.649 -32.000 -1.000
v -30.000 -32.000 -0.723
v -29.571 -31.000 -11.000
v -30.000 -31.000 -10.669
v -30.000 -31.661 -10.000
v -30.000 -31.503 -1.000
v -30.000 -31.000 -1.281
v -29.555 -30.000 -13.000
v -30.000 -30.000 -12.617
v -30.000 -30.421 -12.000
v -30.000 -30.727 -11.000
v -30.000 -30.000 -1.380
v -29.465 -29.000 -15.000
v -30.000 -29.000 -14.441
v -30.000 -29.318 -14.000
v -30.000 -29.703 -13.000
v -30.000 -29.000 -1.382
v -29.077 -28.000 -16.000
v -30.000 -28.000 -15.175
v -30.000 -28.249 -15.000
v -30.000 -28.000 -1.382
v -29.143 -27.000 -15.000
v -30.000 -27.581 -15.000
v -30.000 -27.000 -14.801
v -30.000 -27.000 -1.382
v -30.000 -26.000 -17.379
v -30.000 -26.281 -17.000
v -30.000 -26.515 -16.000
v -30.000 -26.791 -15.000
v -30.000 -26.000 -1.381
v -30.000 -25.000 -19.446
v -30.000 -25.374 -19.000
v -30.000 -25.596 -18.000
v -30.000 -25.000 -1.382
v -29.801 -25.000 3.000
v -30.000 -25.000 2.717
v -30.000 -25.199 3.000
v -30.000 -25.000 3.304
v -29.416 -24.000 -20.000
v -30.000 -24.000 -20.412
v -30.000 -24.394 -20.000
v -30.000 -24.000 -1.398
v -29.545 -24.000 2.000
v -30.000 -24.000 1.627
v -30.000 -24.466 2.000
v -30.000 -24.478 4.000
v -29.630 -24.000 4.000
v -30.000 -24.000 4.433
v -29.800 -23.000 -22.000
v -30.000 -23.000 -22.114
v -30.000 -23.110 -22.000
v -30.000 -23.560 -21.000
v -29.200 -23.000 -2.000
v -30.000 -23.000 -1.456
v -30.000 -23.000 1.482
v -29.497 -23.000 4.000
v -30.000 -23.000 4.529
v -30.000 -22.000 -22.654
v -30.000 -22.000 -1.390
v -29.310 -22.000 1.000
v -30.000 -22.000 1.300
v -29.474 -22.000 4.000
v -30.000 -22.000 4.531
v -29.647 -21.000 -23.000
v -30.000 -21.000 -23.278
v -30.000 -21.454 -23.000
v -30.000 -21.000 -1.203
v -30.000 -21.000 0.392
v -30.000 -21.572 1.000
v -29.353 -21.000 4.000
v -30.000 -21.000 4.554
v -29.519 -20.000 -23.000
v -30.000 -20.000 -23.398
v -30.000 -20.764 -1.000
v -30.000 -20.724 0.000
v -30.000 -20.000 4.633
v -29.342 -19.000 -23.000
v -30.000 -19.000 -23.599
v -30.000 -19.000 4.651
v -29.656 -18.000 -24.000
v -30.000 -18.000 -24.290
v -30.000 -18.438 -24.000
v -30.000 -18.000 4.653
v -29.367 -17.000 -24.000
v -30.000 -17.000 -24.500
v -30.000 -17.000 4.762
v -30.000 -16.000 -24.703
v -30.000 -16.596 5.000
v -29.576 -16.000 5.000
v -30.000 -16.000 5.396
v -29.508 -15.000 -25.000
v -30.000 -15.000 -25.306
v -30.000 -15.521 -25.000
v -29.354 -15.000 5.000
v -30.000 -15.000 5.528
v -30.000 -14.000 -25.481
v -30.000 -14.000 5.737
v -30.000 -13.000 -25.500
v -30.000 -13.577 6.000
v -29.583 -13.000 6.000
v -30.000 -13.000 6.417
v -30.000 -12.000 -25.518
v -29.469 -12.000 6.000
v -30.000 -12.000 6.531
v -30.000 -11.000 -25.599
v -29.330 -11.000 6.000
v -30.000 -11.000 6.670
v -30.000 -10.000 -25.728
v -30.000 -10.595 7.000
v -29.499 -10.000 7.000
v -30.000 -10.000 7.564
v -29.467 -9.000 -26.000
v -30.000 -9.000 -26.403
v -30.000 -9.571 -26.000
v -30.000 -9.540 8.000
v -29.524 -9.000 8.000
v -30.000 -9.000 8.422
v -30.000 -8.000 -26.702
v -30.000 -8.000 8.607
v -29.646 -7.000 -27.000
v -30.000 -7.000 -27.280
v -30.000 -7.491 -27.000
v -30.000 -7.000 8.755
v -29.531 -6.000 -27.000
v -30.000 -6.000 -27.380
v -30.000 -6.633 9.000
v -29.438 -6.000 9.000
v -30.000 -6.000 9.570
v -29.531 -5.000 -27.000
v -30.000 -5.000 -27.380
v -30.000 -5.570 10.000
v -29.470 -5.000 10.000
v -30.000 -5.000 10.634
v -29.843 -5.000 13.000
v -30.000 -5.000 12.683
v -30.000 -5.234 13.000
v -30.000 -5.472 14.000
v -29.647 -5.000 14.000
v -30.000 -5.349 15.000
v -29.729 -5.000 15.000
v -30.000 -5.000 15.400
v -29.646 -4.000 -27.000
v -30.000 -4.000 -27.280
v -30.000 -4.746 11.000
v -30.000 -4.573 12.000
v -29.469 -4.000 12.000
v -29.929 -4.000 13.000
v -29.648 -4.000 14.000
v -29.521 -4.000 15.000
v -30.000 -4.430 16.000
v -29.653 -4.000 16.000
v -30.000 -4.000 16.363
v -30.000 -3.501 -27.000
v -30.000 -3.000 -26.720
v -29.766 -3.000 14.000
v -29.344 -3.000 15.000
v -30.000 -3.335 17.000
v -29.597 -3.000 17.000
v -30.000 -3.000 17.271
v -30.000 -2.000 -26.620
v -30.000 -2.000 17.497
v -30.000 -1.000 -26.596
v -30.000 -1.000 17.574
v -30.000 0.000 -26.518
v -30.000 0.000 17.517
v -30.000 1.000 -26.500
v -30.000 1.000 17.481
v -30.000 2.000 -26.499
v -30.000 2.000 17.306
v -30.000 3.000 -26.498
v -29.467 3.000 17.000
v -30.000 2.499 17.000
v -30.000 3.000 16.693
v -30.000 4.000 -26.498
v -30.000 4.000 16.421
v -30.000 5.000 -26.481
v -29.522 5.000 16.000
v -30.000 4.618 16.000
v -30.000 5.000 15.704
v -29.382 6.000 -26.000
v -30.000 6.000 -26.401
v -30.000 6.000 15.325
v -29.620 7.000 -26.000
v -30.000 7.000 -26.279
v -29.161 7.000 -1.000
v -29.232 7.000 0.000
v -29.376 7.000 8.000
v -30.000 7.000 8.887
v -30.000 6.939 9.000
v -30.000 7.000 9.403
v -29.444 7.000 15.000
v -30.000 6.481 15.000
v -30.000 7.000 14.620
v -30.000 7.470 -26.000
v -30.000 8.000 -25.693
v -29.221 8.000 -1.000
v -29.408 8.000 0.000
v -29.348 8.000 1.000
v -29.493 8.000 6.000
v -30.000 8.000 6.502
v -30.000 7.678 7.000
v -30.000 7.431 8.000
v -30.000 8.000 8.775
v -30.000 7.249 9.000
v -29.710 8.000 14.000
v -30.000 7.815 14.000
v -30.000 8.000 13.854
v -30.000 9.000 -25.501
v -29.366 9.000 -1.000
v -29.673 9.000 0.000
v -30.000 9.000 0.703
v -30.000 8.808 1.000
v -29.660 9.000 2.000
v -30.000 9.000 1.327
v -29.648 9.000 3.000
v -30.000 9.000 3.496
v -30.000 8.719 4.000
v -30.000 8.579 5.000
v -30.000 8.324 6.000
v -30.000 8.282 9.000
v -30.000 9.000 9.409
v -30.000 9.000 13.433
v -29.388 10.000 -25.000
v -30.000 10.000 -25.403
v -29.455 10.000 -1.000
v -30.000 10.000 -0.200
v -30.000 9.702 0.000
v -30.000 9.305 2.000
v -30.000 9.280 3.000
v -30.000 9.592 10.000
v -29.623 10.000 11.000
v -30.000 10.000 10.565
v -29.628 10.000 12.000
v -30.000 10.000 12.428
v -30.000 9.556 13.000
v -29.641 11.000 -25.000
v -30.000 11.000 -25.280
v -29.399 11.000 -1.000
v -30.000 10.328 0.000
v -29.720 11.000 0.000
v -30.000 11.000 0.376
v -30.000 10.277 11.000
v -30.000 10.277 12.000
v -30.000 11.493 -25.000
v -30.000 12.000 -24.703
v -29.423 12.000 -1.000
v -29.722 12.000 0.000
v -30.000 12.000 0.372
v -29.361 13.000 -24.000
v -30.000 13.000 -24.524
v -29.296 13.000 -3.000
v -29.500 13.000 -2.000
v -29.704 13.000 -1.000
v -30.000 13.000 -0.530
v -30.000 12.460 0.000
v -29.500 14.000 -24.000
v -30.000 14.000 -24.476
v -29.307 14.000 -4.000
v -29.579 14.000 -3.000
v -30.000 14.000 -2.344
v -30.000 13.672 -2.000
v -30.000 13.383 -1.000
v -29.662 15.000 -24.000
v -30.000 15.000 -24.289
v -29.279 15.000 -6.000
v -29.403 15.000 -5.000
v -29.502 15.000 -4.000
v -29.721 15.000 -3.000
v -30.000 15.000 -2.624
v -30.000 15.414 -24.000
v -29.472 16.000 -23.000
v -30.000 16.000 -23.499
v -29.338 16.000 -7.000
v -29.599 16.000 -6.000
v -29.620 16.000 -5.000
v -29.722 16.000 -4.000
v -30.000 16.000 -3.539
v -30.000 15.462 -3.000
v -30.000 16.529 -23.000
v -30.000 17.000 -22.604
v -30.000 16.723 -7.000
v -30.000 17.000 -7.234
v -30.000 16.483 -6.000
v -30.000 16.473 -5.000
v -30.000 16.370 -4.000
v -30.000 17.623 -22.000
v -30.000 18.000 -21.612
v -29.493 18.000 -8.000
v -30.000 18.000 -7.622
v -30.000 18.524 -21.000
v -30.000 19.000 -20.477
v -30.000 18.394 -8.000
v -30.000 19.000 -8.517
v -30.000 19.381 -20.000
v -30.000 19.619 -19.000
v -30.000 20.000 -18.500
v -30.000 19.497 -9.000
v -30.000 20.000 -9.504
v -30.000 20.381 -18.000
v -30.000 20.618 -17.000
v -30.000 21.000 -16.498
v -29.382 21.000 -12.000
v -29.656 21.000 -11.000
v -30.000 21.000 -10.676
v -30.000 20.477 -10.000
v -30.000 21.378 -16.000
v -30.000 21.497 -15.000
v -30.000 21.498 -14.000
v -30.000 21.481 -13.000
v -30.000 21.400 -12.000
v -30.000 21.250 -11.000
v -30.147 -38.000 -3.000
v -30.296 -38.000 -2.000
v -31.000 -37.000 -4.213
v -31.000 -37.219 -4.000
v -31.000 -37.471 -3.000
v -31.000 -37.337 -2.000
v -30.333 -37.000 -1.000
v -31.000 -37.000 -1.660
v -31.000 -36.000 -4.477
v -30.491 -36.000 -1.000
v -31.000 -36.000 -1.403
v -31.000 -35.000 -4.646
v -30.499 -35.000 -1.000
v -31.000 -35.000 -1.279
v -31.000 -34.000 -8.227
v -31.000 -34.215 -8.000
v -31.000 -34.378 -7.000
v -30.183 -34.000 -7.000
v -31.000 -34.404 -6.000
v -30.310 -34.000 -6.000
v -31.000 -34.634 -5.000
v -30.308 -34.000 -1.000
v -31.000 -34.527 -1.000
v -31.000 -34.000 -0.696
v -30.531 -33.000 -9.000
v -31.000 -33.000 -8.703
v -31.000 -33.000 -0.522
v -31.000 -32.000 -9.526
v -31.000 -32.642 -9.000
v -31.000 -32.000 -0.520
v -31.000 -31.000 -10.528
v -31.000 -31.509 -10.000
v -30.381 -31.000 -1.000
v -31.000 -31.000 -0.598
v -31.000 -30.000 -12.339
v -31.000 -30.276 -12.000
v -31.000 -30.605 -11.000
v -30.499 -30.000 -1.000
v -31.000 -30.000 -0.620
v -30.443 -29.000 -14.000
v -31.000 -29.000 -13.471
v -31.000 -29.396 -13.000
v -30.500 -29.000 -1.000
v -31.000 -29.000 -0.620
v -30.188 -28.000 -15.000
v -31.000 -28.000 -14.374
v -31.000 -28.463 -14.000
v -30.500 -28.000 -1.000
v -31.000 -28.000 -0.620
v -31.000 -27.000 -14.608
v -30.500 -27.000 -1.000
v -31.000 -27.000 -0.620
v -30.470 -26.000 -17.000
v -31.000 -26.000 -16.470
v -31.000 -26.283 -16.000
v -31.000 -26.545 -15.000
v -30.500 -26.000 -1.000
v -31.000 -26.000 -0.616
v -30.839 -26.000 3.000
v -31.000 -26.000 2.770
v -31.000 -26.135 3.000
v -31.000 -26.000 3.268
v -30.691 -26.000 6.000
v -31.000 -26.000 5.552
v -31.000 -26.266 6.000
v -31.000 -26.350 7.000
v -30.638 -26.000 7.000
v -31.000 -26.205 8.000
v -30.793 -26.000 8.000
v -31.000 -26.000 8.254
v -31.000 -25.000 -19.468
v -31.000 -25.379 -19.000
v -31.000 -25.518 -18.000
v -31.000 -25.694 -17.000
v -30.494 -25.000 -1.000
v -31.000 -25.000 -0.568
v -30.504 -25.000 2.000
v -31.000 -25.000 1.501
v -31.000 -25.490 2.000
v -31.000 -25.623 4.000
v -30.396 -25.000 4.000
v -31.000 -25.609 5.000
v -30.500 -25.000 5.000
v -30.103 -25.000 6.000
v -30.428 -25.000 7.000
v -30.524 -25.000 8.000
v -31.000 -25.263 9.000
v -30.785 -25.000 9.000
v -31.000 -25.000 9.221
v -31.000 -24.000 -20.503
v -31.000 -24.498 -20.000
v -30.483 -24.000 -1.000
v -31.000 -24.000 -0.431
v -30.774 -24.000 1.000
v -31.000 -24.000 0.676
v -31.000 -24.302 1.000
v -30.381 -24.000 5.000
v -30.424 -24.000 6.000
v -30.483 -24.000 7.000
v -30.502 -24.000 8.000
v -30.629 -24.000 9.000
v -31.000 -24.000 9.443
v -30.222 -23.000 -22.000
v -31.000 -23.000 -21.605
v -31.000 -23.518 -21.000
v -30.514 -23.000 -1.000
v -31.000 -23.000 -0.566
v -31.000 -23.644 1.000
v -31.000 -23.000 1.297
v -30.379 -23.000 5.000
v -30.497 -23.000 6.000
v -30.500 -23.000 7.000
v -30.521 -23.000 8.000
v -30.722 -23.000 9.000
v -31.000 -23.000 9.357
v -30.630 -22.000 -23.000
v -31.000 -22.000 -23.213
v -31.000 -22.221 -23.000
v -31.000 -22.624 -22.000
v -30.471 -22.000 -1.000
v -31.000 -22.000 -0.503
v -31.000 -22.000 1.414
v -30.379 -22.000 5.000
v -30.499 -22.000 6.000
v -30.520 -22.000 7.000
v -30.694 -22.000 8.000
v -31.000 -22.000 8.499
v -31.000 -22.531 9.000
v -31.000 -21.000 -23.493
v -30.211 -21.000 -1.000
v -31.000 -21.436 0.000
v -30.418 -21.000 0.000
v -31.000 -21.170 1.000
v -30.375 -21.000 5.000
v -30.517 -21.000 6.000
v -30.694 -21.000 7.000
v -31.000 -21.000 7.500
v -31.000 -21.500 8.000
v -31.000 -20.000 -23.690
v -30.355 -20.000 5.000
v -30.596 -20.000 6.000
v -31.000 -20.000 6.621
v -31.000 -20.470 7.000
v -30.526 -19.000 -24.000
v -31.000 -19.000 -24.324
v -31.000 -19.504 -24.000
v -30.350 -19.000 5.000
v -30.618 -19.000 6.000
v -31.000 -19.000 6.502
v -31.000 -18.000 -24.674
v -30.348 -18.000 5.000
v -30.618 -18.000 6.000
v -31.000 -18.000 6.501
v -30.642 -17.000 -25.000
v -31.000 -17.000 -25.278
v -31.000 -17.462 -25.000
v -30.239 -17.000 5.000
v -30.601 -17.000 6.000
v -31.000 -17.000 6.506
v -30.389 -16.000 -25.000
v -31.000 -16.000 -25.401
v -30.522 -16.000 6.000
v -31.000 -16.000 6.527
v -31.000 -15.000 -25.499
v -30.471 -15.000 6.000
v -31.000 -15.000 6.647
v -31.000 -14.000 -25.597
v -30.263 -14.000 6.000
v -31.000 -14.539 7.000
v -30.675 -14.000 7.000
v -31.000 -14.000 7.508
v -31.000 -13.000 -25.621
v -30.422 -13.000 7.000
v -31.000 -13.501 8.000
v -30.693 -13.000 8.000
v -31.000 -13.000 8.500
v -31.000 -12.000 -25.721
v -30.379 -12.000 7.000
v -30.519 -12.000 8.000
v -31.000 -12.470 9.000
v -30.721 -12.000 9.000
v -31.000 -12.000 9.381
v -30.610 -11.000 -26.000
v -31.000 -11.000 -26.298
v -31.000 -11.510 -26.000
v -30.271 -11.000 7.000
v -30.481 -11.000 8.000
v -30.599 -11.000 9.000
v -31.000 -11.000 9.617
v -30.336 -10.000 -26.000
v -31.000 -10.000 -26.598
v -30.300 -10.000 8.000
v -30.519 -10.000 9.000
v -31.000 -10.329 10.000
v -30.846 -10.000 10.000
v -31.000 -10.000 10.219
v -30.656 -9.000 -27.000
v -31.000 -9.000 -27.290
v -31.000 -9.437 -27.000
v -30.495 -9.000 9.000
v -31.000 -9.000 9.643
v -31.000 -9.668 10.000
v -30.368 -8.000 -27.000
v -31.000 -8.000 -27.499
v -30.450 -8.000 9.000
v -31.000 -8.000 9.680
v -31.000 -7.000 -27.601
v -30.254 -7.000 9.000
v -31.000 -7.660 10.000
v -30.577 -7.000 10.000
v -31.000 -7.502 11.000
v -30.619 -7.000 11.000
v -31.000 -7.500 12.000
v -30.620 -7.000 12.000
v -31.000 -7.500 13.000
v -30.619 -7.000 13.000
v -31.000 -7.499 14.000
v -30.620 -7.000 14.000
v -31.000 -7.348 15.000
v -30.749 -7.000 15.000
v -31.000 -7.000 15.324
v -31.000 -6.000 -27.618
v -30.300 -6.000 10.000
v -30.480 -6.000 11.000
v -30.482 -6.000 12.000
v -30.405 -6.000 13.000
v -30.384 -6.000 14.000
v -30.502 -6.000 15.000
v -31.000 -6.000 15.605
v -31.000 -5.000 -27.618
v -30.243 -5.000 11.000
v -30.297 -5.000 12.000
v -31.000 -5.492 16.000
v -30.562 -5.000 16.000
v -31.000 -5.000 16.317
v -31.000 -4.000 -27.578
v -31.000 -4.000 16.699
v -30.376 -3.000 -27.000
v -31.000 -3.000 -27.420
v -31.000 -3.606 17.000
v -31.000 -3.000 17.399
v -30.500 -2.000 -27.000
v -31.000 -2.000 -27.379
v -31.000 -2.000 17.497
v -30.621 -1.000 -27.000
v -31.000 -1.000 -27.278
v -31.000 -1.000 17.499
v -31.000 -0.530 -27.000
v -31.000 0.000 -26.694
v -31.000 0.000 17.497
v -31.000 1.000 -26.520
v -31.000 1.000 17.400
v -31.000 2.000 -26.501
v -30.530 2.000 17.000
v -31.000 1.619 17.000
v -31.000 2.000 16.721
v -31.000 3.000 -26.501
v -31.000 3.000 16.519
v -31.000 4.000 -26.502
v -31.000 4.000 16.379
v -31.000 5.000 -26.501
v -31.000 4.475 16.000
v -31.000 5.000 15.524
v -31.000 6.000 -26.500
v -30.538 6.000 15.000
v -31.000 5.647 15.000
v -31.000 6.000 14.722
v -31.000 7.000 -26.480
v -30.111 7.000 9.000
v -31.000 7.000 14.501
v -30.500 8.000 -26.000
v -31.000 8.000 -26.306
v -30.526 8.000 7.000
v -31.000 8.000 7.426
v -31.000 7.624 8.000
v -30.453 8.000 9.000
v -31.000 7.687 9.000
v -31.000 8.000 9.241
v -30.315 8.000 14.000
v -31.000 8.000 14.281
v -31.000 8.530 -26.000
v -31.000 9.000 -25.721
v -30.158 9.000 1.000
v -30.382 9.000 4.000
v -30.624 9.000 5.000
v -31.000 9.000 5.462
v -31.000 8.674 6.000
v -31.000 8.298 7.000
v -31.000 9.000 9.059
v -31.000 8.377 14.000
v -31.000 9.000 13.579
v -31.000 10.000 -25.620
v -30.153 10.000 0.000
v -30.518 10.000 1.000
v -31.000 9.870 2.000
v -31.000 10.000 1.836
v -31.000 9.520 3.000
v -31.000 9.402 4.000
v -31.000 9.279 5.000
v -30.572 10.000 10.000
v -31.000 10.000 9.685
v -30.612 10.000 13.000
v -31.000 10.000 13.246
v -31.000 11.000 -25.601
v -30.421 11.000 1.000
v -31.000 10.308 2.000
v -30.759 11.000 2.000
v -31.000 11.000 2.242
v -31.000 10.281 10.000
v -31.000 10.576 11.000
v -31.000 10.576 12.000
v -31.000 10.254 13.000
v -30.366 12.000 -25.000
v -31.000 12.000 -25.500
v -30.423 12.000 1.000
v -30.763 12.000 2.000
v -31.000 12.000 2.237
v -30.520 13.000 -25.000
v -31.000 13.000 -25.397
v -30.326 13.000 0.000
v -30.683 13.000 1.000
v -31.000 13.000 1.437
v -31.000 12.357 2.000
v -30.646 14.000 -25.000
v -31.000 14.000 -25.280
v -30.251 14.000 -2.000
v -30.420 14.000 -1.000
v -30.683 14.000 0.000
v -31.000 14.000 0.444
v -31.000 13.443 1.000
v -31.000 14.491 -25.000
v -31.000 15.000 -24.701
v -30.420 15.000 -2.000
v -30.692 15.000 -1.000
v -31.000 15.000 -0.533
v -31.000 14.467 0.000
v -30.530 16.000 -24.000
v -31.000 16.000 -24.395
v -30.326 16.000 -3.000
v -30.676 16.000 -2.000
v -31.000 16.000 -1.501
v -31.000 15.493 -1.000
v -31.000 16.475 -24.000
v -30.476 17.000 -23.000
v -31.000 17.000 -23.499
v -30.231 17.000 -7.000
v -30.475 17.000 -6.000
v -30.478 17.000 -5.000
v -30.441 17.000 -4.000
v -30.677 17.000 -3.000
v -31.000 17.000 -2.501
v -31.000 16.499 -2.000
v -31.000 17.494 -23.000
v -30.506 18.000 -22.000
v -31.000 18.000 -22.444
v -30.655 18.000 -7.000
v -31.000 18.000 -6.533
v -31.000 17.614 -6.000
v -31.000 17.638 -5.000
v -30.855 18.000 -4.000
v -31.000 18.000 -4.308
v -31.000 18.000 -3.738
v -31.000 17.471 -3.000
v -31.000 18.319 -22.000
v -31.000 18.704 -21.000
v -31.000 19.000 -20.613
v -31.000 18.707 -8.000
v -31.000 19.000 -8.339
v -31.000 18.295 -7.000
v -31.000 18.181 -4.000
v -31.000 19.404 -20.000
v -31.000 19.620 -19.000
v -31.000 20.000 -18.502
v -31.000 19.634 -9.000
v -31.000 20.000 -9.366
v -31.000 20.382 -18.000
v -31.000 20.618 -17.000
v -31.000 21.000 -16.498
v -31.000 20.626 -10.000
v -31.000 21.000 -10.417
v -31.000 21.378 -16.000
v -31.000 21.498 -15.000
v -31.000 21.500 -14.000
v -31.000 21.500 -13.000
v -31.000 21.497 -12.000
v -31.000 21.400 -11.000
v -31.261 -37.000 -4.000
v -31.490 -37.000 -3.000
v -31.334 -37.000 -2.000
v -32.000 -36.000 -4.248
v -32.000 -36.297 -4.000
v -32.000 -36.495 -3.000
v -32.000 -36.298 -2.000
v -32.000 -36.000 -1.751
v -32.000 -35.000 -4.628
v -32.000 -35.000 -1.425
v -31.358 -34.000 -8.000
v -32.000 -34.000 -7.464
v -32.000 -34.303 -7.000
v -32.000 -34.480 -6.000
v -32.000 -34.644 -5.000
v -32.000 -34.342 -1.000
v -32.000 -34.000 -0.752
v -32.000 -33.000 -8.632
v -32.000 -33.598 -8.000
v -32.000 -33.000 -0.600
v -32.000 -32.000 -9.634
v -32.000 -32.636 -9.000
v -32.000 -32.000 -0.520
v -32.000 -31.000 -10.641
v -32.000 -31.634 -10.000
v -32.000 -31.000 -0.503
v -31.613 -30.000 -12.000
v -32.000 -30.000 -11.771
v -32.000 -30.655 -11.000
v -32.000 -30.000 -0.503
v -31.536 -29.000 -13.000
v -32.000 -29.000 -12.657
v -32.000 -29.771 -12.000
v -32.000 -29.000 -0.503
v -31.486 -28.000 -14.000
v -32.000 -28.000 -13.598
v -32.000 -28.639 -13.000
v -32.000 -28.000 -0.503
v -32.000 -27.000 -14.175
v -32.000 -27.294 -14.000
v -32.000 -27.000 -0.502
v -31.380 -26.000 -16.000
v -31.559 -26.000 -15.000
v -32.000 -26.076 -14.000
v -31.983 -26.000 -14.000
v -32.000 -26.000 -13.984
v -32.000 -26.000 -0.462
v -31.597 -26.000 2.000
v -32.000 -26.000 1.664
v -32.000 -26.271 2.000
v -32.000 -26.480 3.000
v -32.000 -26.500 4.000
v -31.393 -26.000 4.000
v -32.000 -26.522 5.000
v -31.387 -26.000 5.000
v -32.000 -26.579 6.000
v -32.000 -26.515 7.000
v -32.000 -26.376 8.000
v -32.000 -26.000 8.465
v -32.000 -25.000 -19.386
v -32.000 -25.365 -19.000
v -32.000 -25.501 -18.000
v -32.000 -25.518 -17.000
v -32.000 -25.597 -16.000
v -32.000 -25.648 -15.000
v -32.000 -25.984 -14.000
v -32.000 -25.000 -0.110
v -31.522 -25.000 1.000
v -32.000 -25.000 0.200
v -32.000 -25.398 1.000
v -32.000 -25.490 9.000
v -32.000 -25.000 9.473
v -32.000 -24.000 -20.495
v -32.000 -24.482 -20.000
v -32.000 -24.832 0.000
v -31.443 -24.000 0.000
v -32.000 -24.327 10.000
v -31.673 -24.000 10.000
v -32.000 -24.000 10.264
v -32.000 -23.000 -21.417
v -32.000 -23.476 -21.000
v -32.000 -23.080 0.000
v -32.000 -23.000 -0.050
v -31.424 -23.000 1.000
v -32.000 -23.000 0.084
v -31.507 -23.000 10.000
v -32.000 -23.000 10.575
v -32.000 -22.000 -23.020
v -32.000 -22.019 -23.000
v -31.898 -22.000 -22.000
v -32.000 -22.000 -22.805
v -32.000 -22.000 -21.922
v -32.000 -22.000 -0.135
v -32.000 -22.076 1.000
v -32.000 -22.000 1.042
v -31.306 -22.000 9.000
v -31.500 -22.000 10.000
v -32.000 -22.458 11.000
v -31.701 -22.000 11.000
v -32.000 -22.000 11.435
v -32.000 -21.000 -23.453
v -32.000 -21.922 -22.000
v -32.000 -21.860 0.000
v -32.000 -21.947 1.000
v -31.306 -21.000 8.000
v -31.480 -21.000 9.000
v -31.500 -21.000 10.000
v -31.520 -21.000 11.000
v -32.000 -21.435 12.000
v -31.701 -21.000 12.000
v -32.000 -21.000 12.458
v -31.698 -20.000 -24.000
v -32.000 -20.000 -24.160
v -32.000 -20.203 -24.000
v -31.278 -20.000 7.000
v -31.479 -20.000 8.000
v -31.499 -20.000 9.000
v -31.500 -20.000 10.000
v -31.501 -20.000 11.000
v -31.521 -20.000 12.000
v -32.000 -20.435 13.000
v -31.723 -20.000 13.000
v -32.000 -20.000 13.352
v -32.000 -19.000 -24.654
v -31.378 -19.000 7.000
v -31.498 -19.000 8.000
v -31.500 -19.000 9.000
v -31.500 -19.000 10.000
v -31.500 -19.000 11.000
v -31.502 -19.000 12.000
v -31.622 -19.000 13.000
v -32.000 -19.000 13.468
v -31.509 -18.000 -25.000
v -32.000 -18.000 -25.305
v -32.000 -18.482 -25.000
v -31.380 -18.000 7.000
v -31.498 -18.000 8.000
v -31.500 -18.000 9.000
v -31.500 -18.000 10.000
v -31.500 -18.000 11.000
v -31.502 -18.000 12.000
v -31.621 -18.000 13.000
v -32.000 -18.000 13.470
v -32.000 -17.000 -25.479
v -31.380 -17.000 7.000
v -31.498 -17.000 8.000
v -31.500 -17.000 9.000
v -31.500 -17.000 10.000
v -31.500 -17.000 11.000
v -31.502 -17.000 12.000
v -31.622 -17.000 13.000
v -32.000 -17.000 13.468
v -32.000 -16.000 -25.500
v -31.378 -16.000 7.000
v -31.498 -16.000 8.000
v -31.500 -16.000 9.000
v -31.500 -16.000 10.000
v -31.500 -16.000 11.000
v -31.519 -16.000 12.000
v -31.722 -16.000 13.000
v -32.000 -16.000 13.353
v -32.000 -15.000 -25.597
v -31.278 -15.000 7.000
v -31.479 -15.000 8.000
v -31.499 -15.000 9.000
v -31.500 -15.000 10.000
v -31.501 -15.000 11.000
v -31.598 -15.000 12.000
v -32.000 -15.000 12.622
v -32.000 -15.500 13.000
v -31.652 -14.000 -26.000
v -32.000 -14.000 -26.250
v -32.000 -14.348 -26.000
v -31.306 -14.000 8.000
v -31.480 -14.000 9.000
v -31.499 -14.000 10.000
v -31.501 -14.000 11.000
v -31.598 -14.000 12.000
v -32.000 -14.000 12.622
v -31.500 -13.000 -26.000
v -32.000 -13.000 -26.379
v -31.306 -13.000 9.000
v -31.481 -13.000 10.000
v -31.500 -13.000 11.000
v -31.519 -13.000 12.000
v -32.000 -13.501 13.000
v -31.721 -13.000 13.000
v -32.000 -13.000 13.359
v -31.375 -12.000 -26.000
v -32.000 -12.000 -26.421
v -31.401 -12.000 10.000
v -31.498 -12.000 11.000
v -31.502 -12.000 12.000
v -31.599 -12.000 13.000
v -32.000 -12.000 13.642
v -32.000 -11.000 -26.676
v -31.281 -11.000 10.000
v -31.481 -11.000 11.000
v -31.500 -11.000 12.000
v -31.518 -11.000 13.000
v -32.000 -11.642 14.000
v -31.599 -11.000 14.000
v -32.000 -11.328 15.000
v -31.750 -11.000 15.000
v -32.000 -11.000 15.323
v -31.526 -10.000 -27.000
v -32.000 -10.000 -27.324
v -32.000 -10.499 -27.000
v -31.423 -10.000 11.000
v -31.499 -10.000 12.000
v -31.500 -10.000 13.000
v -31.503 -10.000 14.000
v -31.600 -10.000 15.000
v -32.000 -10.000 15.576
v -32.000 -9.000 -27.674
v -31.278 -9.000 10.000
v -31.479 -9.000 11.000
v -31.498 -9.000 12.000
v -31.498 -9.000 13.000
v -31.499 -9.000 14.000
v -31.518 -9.000 15.000
v -32.000 -9.404 16.000
v -31.762 -9.000 16.000
v -32.000 -9.000 16.239
v -31.643 -8.000 -28.000
v -32.000 -8.000 -28.278
v -32.000 -8.461 -28.000
v -31.247 -8.000 10.000
v -31.378 -8.000 11.000
v -31.380 -8.000 12.000
v -31.380 -8.000 13.000
v -31.380 -8.000 14.000
v -31.405 -8.000 15.000
v -31.636 -8.000 16.000
v -32.000 -8.000 16.352
v -31.507 -7.000 -28.000
v -32.000 -7.000 -28.378
v -31.553 -7.000 16.000
v -32.000 -7.000 16.375
v -31.501 -6.000 -28.000
v -32.000 -6.000 -28.380
v -31.416 -6.000 16.000
v -32.000 -6.000 16.403
v -31.503 -5.000 -28.000
v -32.000 -5.000 -28.378
v -32.000 -5.000 16.557
v -31.657 -4.000 -28.000
v -32.000 -4.000 -28.250
v -32.000 -4.169 17.000
v -31.742 -4.000 17.000
v -32.000 -4.000 17.117
v -32.000 -3.653 -28.000
v -32.000 -3.000 -27.596
v -32.000 -3.000 17.355
v -32.000 -2.000 -27.499
v -32.000 -2.000 17.379
v -32.000 -1.000 -27.479
v -32.000 -1.000 17.379
v -31.500 0.000 -27.000
v -32.000 0.000 -27.306
v -32.000 0.000 17.378
v -32.000 0.500 -27.000
v -32.000 1.000 -26.695
v -32.000 1.000 17.250
v -32.000 2.000 -26.539
v -32.000 1.349 17.000
v -32.000 2.000 16.598
v -32.000 3.000 -26.598
v -32.000 3.000 16.481
v -32.000 4.000 -26.620
v -32.000 4.000 16.278
v -32.000 5.000 -26.620
v -32.000 4.353 16.000
v -32.000 5.000 15.476
v -32.000 6.000 -26.598
v -32.000 5.526 15.000
v -32.000 6.000 14.622
v -32.000 7.000 -26.519
v -32.000 7.000 14.500
v -32.000 8.000 -26.481
v -32.000 7.730 8.000
v -32.000 8.000 7.652
v -32.000 7.582 9.000
v -32.000 8.000 9.491
v -32.000 8.000 14.377
v -31.379 9.000 -26.000
v -32.000 9.000 -26.402
v -31.539 9.000 6.000
v -32.000 9.000 6.359
v -32.000 8.500 7.000
v -32.000 9.000 9.438
v -32.000 8.496 14.000
v -32.000 9.000 13.617
v -31.499 10.000 -26.000
v -32.000 10.000 -26.380
v -31.147 10.000 2.000
v -32.000 10.000 2.724
v -32.000 9.761 3.000
v -32.000 9.523 4.000
v -32.000 9.480 5.000
v -32.000 9.278 6.000
v -32.000 10.000 9.610
v -32.000 10.000 13.373
v -31.507 11.000 -26.000
v -32.000 11.000 -26.378
v -32.000 11.000 2.603
v -32.000 10.449 10.000
v -31.661 11.000 11.000
v -32.000 11.000 10.681
v -31.663 11.000 12.000
v -32.000 11.000 12.317
v -32.000 10.443 13.000
v -31.642 12.000 -26.000
v -32.000 12.000 -26.278
v -32.000 12.000 2.599
v -32.000 11.246 11.000
v -32.000 11.245 12.000
v -32.000 12.498 -26.000
v -32.000 13.000 -25.719
v -31.537 13.000 2.000
v -32.000 13.000 2.394
v -32.000 14.000 -25.580
v -31.506 14.000 1.000
v -32.000 14.000 1.500
v -32.000 13.475 2.000
v -31.385 15.000 -25.000
v -32.000 15.000 -25.419
v -31.402 15.000 0.000
v -32.000 15.000 0.629
v -32.000 14.550 1.000
v -31.695 16.000 -25.000
v -32.000 16.000 -25.243
v -31.325 16.000 -1.000
v -31.710 16.000 0.000
v -32.000 16.000 0.340
v -32.000 16.302 -25.000
v -31.551 17.000 -24.000
v -32.000 17.000 -24.366
v -31.325 17.000 -2.000
v -31.682 17.000 -1.000
v -32.000 17.000 -0.557
v -32.000 16.414 0.000
v -32.000 17.367 -24.000
v -31.586 18.000 -23.000
v -32.000 18.000 -23.339
v -31.370 18.000 -6.000
v -31.297 18.000 -5.000
v -31.405 18.000 -3.000
v -31.710 18.000 -2.000
v -32.000 18.000 -1.586
v -32.000 17.443 -1.000
v -32.000 18.289 -23.000
v -32.000 18.674 -22.000
v -31.478 19.000 -21.000
v -32.000 19.000 -21.492
v -31.437 19.000 -8.000
v -32.000 19.000 -7.442
v -32.000 18.706 -7.000
v -32.000 18.630 -6.000
v -31.746 19.000 -5.000
v -32.000 19.000 -5.422
v -31.691 19.000 -4.000
v -32.000 19.000 -3.555
v -32.000 18.621 -3.000
v -32.000 18.339 -2.000
v -32.000 19.306 -21.000
v -32.000 19.500 -20.000
v -32.000 19.719 -19.000
v -32.000 20.000 -18.618
v -31.499 20.000 -9.000
v -32.000 20.000 -8.628
v -32.000 19.403 -8.000
v -32.000 19.245 -5.000
v -32.000 19.265 -4.000
v -32.000 20.403 -18.000
v -32.000 20.597 -17.000
v -32.000 21.000 -16.379
v -31.546 21.000 -10.000
v -32.000 21.000 -9.669
v -32.000 20.366 -9.000
v -32.000 21.279 -16.000
v -32.000 21.481 -15.000
v -32.000 21.500 -14.000
v -32.000 21.500 -13.000
v -32.000 21.500 -12.000
v -32.000 21.481 -11.000
v -32.000 21.272 -10.000
v -32.297 -36.000 -4.000
v -32.495 -36.000 -3.000
v -32.297 -36.000 -2.000
v -33.000 -35.000 -4.361
v -33.000 -35.334 -4.000
v -33.000 -35.490 -3.000
v -33.000 -35.272 -2.000
v -33.000 -35.000 -1.768
v -32.497 -34.000 -7.000
v -33.000 -34.000 -6.470
v -33.000 -34.280 -6.000
v -33.000 -34.502 -5.000
v -32.326 -34.000 -1.000
v -33.000 -34.000 -1.506
v -32.536 -33.000 -9.000
v -33.000 -33.000 -9.331
v -33.000 -33.272 -9.000
v -33.000 -33.501 -8.000
v -33.000 -33.693 -7.000
v -32.610 -33.000 -1.000
v -33.000 -33.000 -1.298
v -32.500 -32.000 -10.000
v -33.000 -32.000 -10.366
v -33.000 -32.366 -10.000
v -33.000 -32.490 -1.000
v -33.000 -32.000 -0.722
v -32.493 -31.000 -11.000
v -33.000 -31.000 -11.366
v -33.000 -31.366 -11.000
v -33.000 -31.000 -0.622
v -32.380 -30.000 -12.000
v -33.000 -30.000 -12.292
v -33.000 -30.341 -12.000
v -33.000 -30.000 -0.621
v -33.000 -29.000 -12.705
v -33.000 -29.000 -0.620
v -33.000 -28.000 -13.422
v -33.000 -28.619 -13.000
v -33.000 -28.000 -0.620
v -32.250 -27.000 -14.000
v -33.000 -27.000 -13.600
v -33.000 -27.000 -0.596
v -32.608 -27.000 4.000
v -33.000 -27.000 3.487
v -33.000 -27.376 4.000
v -33.000 -27.521 5.000
v -32.498 -27.000 5.000
v -33.000 -27.392 6.000
v -32.590 -27.000 6.000
v -33.000 -27.000 6.504
v -32.931 -26.000 -19.000
v -33.000 -26.000 -19.065
v -33.000 -26.366 -19.000
v -33.000 -26.000 -18.926
v -33.000 -26.000 -13.797
v -33.000 -26.000 -0.412
v -33.000 -26.000 1.503
v -33.000 -26.399 2.000
v -33.000 -26.698 3.000
v -33.000 -26.680 7.000
v -33.000 -26.289 8.000
v -33.000 -26.000 8.338
v -32.711 -25.000 -19.000
v -33.000 -25.760 -19.000
v -33.000 -25.391 -18.000
v -33.000 -25.000 -18.718
v -33.000 -25.381 -17.000
v -33.000 -25.404 -16.000
v -33.000 -25.506 -15.000
v -33.000 -25.794 -14.000
v -33.000 -25.476 0.000
v -32.179 -25.000 0.000
v -33.000 -25.587 1.000
v -33.000 -25.365 9.000
v -33.000 -25.000 9.365
v -33.000 -24.000 -20.475
v -33.000 -24.431 -20.000
v -33.000 -24.849 -19.000
v -33.000 -24.363 10.000
v -33.000 -24.000 10.363
v -33.000 -23.000 -21.383
v -33.000 -23.469 -21.000
v -32.047 -23.000 0.000
v -33.000 -23.363 11.000
v -32.537 -23.000 11.000
v -33.000 -23.000 11.363
v -32.020 -22.000 -23.000
v -33.000 -22.000 -21.646
v -32.133 -22.000 0.000
v -32.042 -22.000 1.000
v -33.000 -22.365 12.000
v -32.558 -22.000 12.000
v -33.000 -22.000 12.385
v -32.607 -21.000 -23.000
v -33.000 -21.581 -22.000
v -33.000 -21.000 -22.643
v -33.000 -21.493 13.000
v -32.425 -21.000 13.000
v -33.000 -21.175 14.000
v -32.818 -21.000 14.000
v -33.000 -21.000 14.175
v -32.296 -20.000 -24.000
v -33.000 -20.000 -23.621
v -33.000 -20.649 -23.000
v -32.551 -20.000 14.000
v -33.000 -20.000 14.390
v -32.855 -19.000 -25.000
v -33.000 -19.000 -25.070
v -33.000 -19.073 -25.000
v -33.000 -19.608 -24.000
v -32.506 -19.000 14.000
v -33.000 -19.000 14.475
v -33.000 -18.000 -25.455
v -32.506 -18.000 14.000
v -33.000 -18.000 14.475
v -33.000 -17.000 -25.499
v -32.526 -17.000 14.000
v -33.000 -17.000 14.397
v -33.000 -16.000 -25.502
v -32.554 -16.000 14.000
v -33.000 -16.000 14.375
v -33.000 -15.000 -25.619
v -32.279 -15.000 13.000
v -32.633 -15.000 14.000
v -33.000 -15.000 14.354
v -33.000 -14.000 -26.377
v -33.000 -14.496 -26.000
v -32.279 -14.000 13.000
v -32.627 -14.000 14.000
v -33.000 -14.000 14.373
v -33.000 -13.000 -26.498
v -32.503 -13.000 14.000
v -33.000 -13.000 14.603
v -33.000 -12.000 -26.597
v -32.267 -12.000 14.000
v -33.000 -12.602 15.000
v -32.505 -12.000 15.000
v -33.000 -12.199 16.000
v -32.802 -12.000 16.000
v -33.000 -12.000 16.198
v -32.529 -11.000 -27.000
v -33.000 -11.000 -27.296
v -33.000 -11.387 -27.000
v -32.529 -11.000 16.000
v -33.000 -11.000 16.470
v -33.000 -10.000 -27.674
v -32.396 -10.000 16.000
v -33.000 -10.000 16.521
v -32.509 -9.000 -28.000
v -33.000 -9.000 -28.305
v -33.000 -9.491 -28.000
v -33.000 -9.000 16.578
v -33.000 -8.000 -28.479
v -33.000 -8.000 16.516
v -33.000 -7.000 -28.498
v -33.000 -7.000 16.499
v -33.000 -6.000 -28.498
v -33.000 -6.000 16.499
v -33.000 -5.000 -28.497
v -33.000 -5.000 16.517
v -33.000 -4.000 -28.378
v -32.181 -4.000 17.000
v -33.000 -4.000 16.595
v -33.000 -3.502 -28.000
v -33.000 -3.000 -27.620
v -32.470 -3.000 17.000
v -33.000 -3.000 16.600
v -33.000 -2.000 -27.502
v -32.474 -2.000 17.000
v -33.000 -2.000 16.523
v -33.000 -1.000 -27.499
v -32.475 -1.000 17.000
v -33.000 -1.000 16.523
v -33.000 0.000 -27.480
v -32.492 0.000 17.000
v -33.000 0.000 16.601
v -32.497 1.000 -27.000
v -33.000 1.000 -27.308
v -32.348 1.000 17.000
v -33.000 1.000 16.595
v -33.000 1.698 -27.000
v -33.000 2.000 -26.847
v -33.000 2.000 16.497
v -32.618 3.000 -27.000
v -33.000 3.000 -27.281
v -33.000 2.328 -27.000
v -33.000 3.000 16.306
v -32.502 4.000 -27.000
v -33.000 4.000 -27.378
v -32.461 4.000 16.000
v -33.000 3.492 16.000
v -33.000 4.000 15.676
v -32.502 5.000 -27.000
v -33.000 5.000 -27.378
v -33.000 5.000 15.297
v -32.621 6.000 -27.000
v -33.000 6.000 -27.278
v -33.000 5.388 15.000
v -33.000 6.000 14.597
v -33.000 6.469 -27.000
v -33.000 7.000 -26.694
v -33.000 7.000 14.481
v -33.000 8.000 -26.519
v -32.450 8.000 8.000
v -33.000 8.000 8.586
v -33.000 7.749 9.000
v -32.976 8.000 10.000
v -33.000 7.984 10.000
v -33.000 8.000 10.012
v -33.000 8.000 14.278
v -33.000 9.000 -26.499
v -33.000 8.703 7.000
v -33.000 9.000 6.611
v -33.000 8.327 8.000
v -33.000 9.000 9.559
v -33.000 8.020 10.000
v -33.000 8.374 14.000
v -33.000 9.000 13.579
v -33.000 10.000 -26.498
v -32.292 10.000 3.000
v -33.000 10.000 3.670
v -33.000 9.727 4.000
v -33.000 9.519 5.000
v -33.000 9.401 6.000
v -33.000 10.000 9.622
v -33.000 10.000 13.273
v -33.000 11.000 -26.498
v -32.497 11.000 3.000
v -33.000 11.000 3.401
v -33.000 10.467 10.000
v -33.000 11.000 10.559
v -33.000 10.331 13.000
v -33.000 11.000 12.325
v -33.000 12.000 -26.481
v -32.508 12.000 3.000
v -33.000 12.000 3.379
v -33.000 11.350 11.000
v -33.000 11.267 12.000
v -32.382 13.000 -26.000
v -33.000 13.000 -26.401
v -32.666 13.000 3.000
v -33.000 13.000 3.271
v -32.624 14.000 -26.000
v -33.000 14.000 -26.279
v -32.500 14.000 2.000
v -33.000 14.000 2.493
v -33.000 13.405 3.000
v -33.000 14.469 -26.000
v -33.000 15.000 -25.691
v -32.371 15.000 1.000
v -33.000 15.000 1.604
v -33.000 14.524 2.000
v -33.000 16.000 -25.419
v -32.660 16.000 1.000
v -33.000 16.000 1.290
v -33.000 16.587 -25.000
v -33.000 17.000 -24.625
v -32.531 17.000 0.000
v -33.000 17.000 0.463
v -33.000 16.409 1.000
v -33.000 17.626 -24.000
v -33.000 18.000 -23.606
v -32.557 18.000 -1.000
v -33.000 18.000 -0.629
v -33.000 17.395 0.000
v -33.000 18.500 -23.000
v -32.538 19.000 -22.000
v -33.000 19.000 -22.358
v -32.358 19.000 -7.000
v -32.386 19.000 -6.000
v -32.395 19.000 -3.000
v -32.691 19.000 -2.000
v -33.000 19.000 -1.691
v -33.000 18.366 -1.000
v -33.000 19.278 -22.000
v -33.000 19.481 -21.000
v -33.000 19.576 -20.000
v -32.671 20.000 -19.000
v -33.000 20.000 -19.219
v -33.000 19.733 -8.000
v -33.000 20.000 -8.333
v -33.000 19.525 -7.000
v -33.000 19.523 -6.000
v -33.000 19.601 -5.000
v -33.000 19.600 -4.000
v -33.000 19.498 -3.000
v -33.000 19.259 -2.000
v -33.000 20.154 -19.000
v -33.000 20.462 -18.000
v -33.000 20.519 -17.000
v -32.500 21.000 -16.000
v -33.000 20.721 -16.000
v -33.000 21.000 -15.620
v -33.000 20.521 -9.000
v -33.000 21.000 -9.527
v -33.000 21.402 -15.000
v -33.000 21.499 -14.000
v -33.000 21.500 -13.000
v -33.000 21.500 -12.000
v -33.000 21.498 -11.000
v -33.000 21.378 -10.000
v -33.337 -35.000 -4.000
v -33.473 -35.000 -3.000
v -33.230 -35.000 -2.000
v -33.359 -34.000 -6.000
v -33.606 -34.000 -5.000
v -34.000 -34.000 -4.453
v -34.000 -34.330 -4.000
v -34.000 -34.350 -3.000
v -34.000 -34.000 -2.572
v -33.570 -34.000 -2.000
v -34.000 -33.000 -9.466
v -34.000 -33.377 -9.000
v -34.000 -33.498 -8.000
v -34.000 -33.500 -7.000
v -34.000 -33.501 -6.000
v -34.000 -33.611 -5.000
v -34.000 -33.398 -2.000
v -34.000 -33.000 -1.738
v -34.000 -32.000 -10.498
v -34.000 -32.497 -10.000
v -33.353 -32.000 -1.000
v -34.000 -32.000 -1.529
v -34.000 -31.000 -11.498
v -34.000 -31.498 -11.000
v -33.468 -31.000 -1.000
v -34.000 -31.000 -1.501
v -34.000 -30.000 -12.476
v -34.000 -30.493 -12.000
v -33.475 -30.000 -1.000
v -34.000 -30.000 -1.478
v -33.754 -30.000 5.000
v -34.000 -30.000 4.680
v -34.000 -30.318 5.000
v -34.000 -30.251 6.000
v -33.797 -30.000 6.000
v -34.000 -30.000 6.205
v -33.506 -29.000 -13.000
v -34.000 -29.000 -13.280
v -34.000 -29.354 -13.000
v -33.494 -29.000 -1.000
v -34.000 -29.000 -1.399
v -33.601 -29.000 5.000
v -34.000 -29.000 4.418
v -33.654 -29.000 6.000
v -34.000 -29.000 6.346
v -34.000 -28.000 -13.501
v -33.501 -28.000 -1.000
v -34.000 -28.000 -1.381
v -33.605 -28.000 4.000
v -34.000 -28.000 3.524
v -34.000 -28.520 4.000
v -33.401 -28.000 5.000
v -33.529 -28.000 6.000
v -34.000 -28.000 6.454
v -33.289 -27.000 -19.000
v -34.000 -27.000 -19.313
v -34.000 -27.189 -19.000
v -34.000 -27.000 -18.802
v -34.000 -27.000 -13.696
v -33.620 -27.000 -1.000
v -34.000 -27.000 -1.280
v -33.438 -27.000 3.000
v -34.000 -27.000 2.470
v -34.000 -27.506 3.000
v -34.000 -27.204 7.000
v -33.699 -27.000 7.000
v -34.000 -27.000 7.160
v -33.854 -26.000 -20.000
v -34.000 -26.000 -20.121
v -34.000 -26.209 -20.000
v -34.000 -26.000 -18.654
v -33.342 -26.000 -14.000
v -34.000 -26.000 -14.406
v -34.000 -26.536 -14.000
v -34.000 -26.508 -1.000
v -34.000 -26.000 -0.672
v -34.000 -26.000 1.367
v -34.000 -26.605 2.000
v -34.000 -26.000 7.663
v -33.462 -26.000 8.000
v -34.000 -25.739 -20.000
v -34.000 -25.339 -19.000
v -33.469 -25.000 -18.000
v -33.501 -25.000 -17.000
v -33.622 -25.000 -16.000
v -34.000 -25.000 -15.564
v -34.000 -25.406 -15.000
v -33.874 -25.000 0.000
v -34.000 -25.000 -0.102
v -34.000 -25.000 0.096
v -34.000 -25.638 1.000
v -34.000 -25.548 8.000
v -33.448 -25.000 9.000
v -34.000 -25.000 8.505
v -34.000 -24.000 -20.396
v -34.000 -24.538 -20.000
v -34.000 -24.791 -19.000
v -34.000 -24.652 -18.000
v -34.000 -24.622 -17.000
v -34.000 -24.722 -16.000
v -34.000 -24.926 0.000
v -34.000 -24.505 9.000
v -33.496 -24.000 10.000
v -34.000 -24.000 9.555
v -34.000 -23.000 -21.274
v -34.000 -23.353 -21.000
v -34.000 -23.680 10.000
v -34.000 -23.293 11.000
v -34.000 -23.000 11.358
v -34.000 -22.000 -21.602
v -34.000 -22.474 12.000
v -34.000 -22.000 12.521
v -34.000 -21.000 -22.479
v -34.000 -21.520 -22.000
v -34.000 -21.617 13.000
v -34.000 -21.347 14.000
v -34.000 -21.000 14.347
v -34.000 -20.000 -23.301
v -34.000 -20.364 -23.000
v -34.000 -20.000 14.573
v -33.095 -19.000 -25.000
v -33.707 -19.000 -24.000
v -34.000 -19.000 -23.766
v -34.000 -19.113 15.000
v -33.890 -19.000 15.000
v -34.000 -19.000 15.075
v -34.000 -18.000 -25.274
v -34.000 -18.331 -25.000
v -34.000 -18.768 -24.000
v -33.890 -18.000 15.000
v -34.000 -18.000 15.075
v -34.000 -17.000 -25.481
v -34.000 -17.886 15.000
v -34.000 -17.000 14.574
v -34.000 -16.000 -25.501
v -34.000 -16.000 14.499
v -34.000 -15.000 -25.598
v -34.000 -15.000 14.499
v -34.000 -14.000 -26.279
v -34.000 -14.380 -26.000
v -34.000 -14.000 14.597
v -34.000 -13.000 -26.482
v -34.000 -13.421 15.000
v -33.494 -13.000 15.000
v -34.000 -13.000 15.394
v -34.000 -12.000 -26.621
v -34.000 -12.470 16.000
v -34.000 -12.000 16.469
v -34.000 -11.000 -27.476
v -34.000 -11.525 -27.000
v -34.000 -11.319 17.000
v -33.680 -11.000 17.000
v -34.000 -11.000 17.247
v -33.539 -10.000 -28.000
v -34.000 -10.000 -28.278
v -34.000 -10.353 -28.000
v -33.530 -10.000 17.000
v -34.000 -10.000 17.376
v -34.000 -9.000 -28.479
v -33.657 -9.000 17.000
v -34.000 -9.000 17.250
v -34.000 -8.000 -28.499
v -34.000 -8.652 17.000
v -34.000 -8.000 16.598
v -34.000 -7.000 -28.500
v -34.000 -7.000 16.501
v -34.000 -6.000 -28.500
v -34.000 -6.000 16.498
v -34.000 -5.000 -28.498
v -34.000 -5.000 16.481
v -34.000 -4.000 -28.380
v -34.000 -4.000 16.402
v -34.000 -3.500 -28.000
v -34.000 -3.000 -27.620
v -34.000 -3.000 16.280
v -34.000 -2.000 -27.502
v -33.648 -2.000 16.000
v -34.000 -2.497 16.000
v -34.000 -2.000 15.722
v -34.000 -1.000 -27.500
v -33.648 -1.000 16.000
v -34.000 -1.000 15.722
v -34.000 0.000 -27.499
v -34.000 -0.502 16.000
v -34.000 0.000 16.280
v -34.000 1.000 -27.480
v -34.000 1.000 16.378
v -33.219 2.000 -27.000
v -34.000 2.000 -27.423
v -34.000 2.000 16.279
v -34.000 3.000 -27.481
v -33.499 3.000 16.000
v -34.000 2.469 16.000
v -34.000 3.000 15.693
v -34.000 4.000 -27.498
v -34.000 4.000 15.422
v -34.000 5.000 -27.498
v -33.508 5.000 15.000
v -34.000 4.625 15.000
v -34.000 5.000 14.721
v -34.000 6.000 -27.479
v -34.000 6.000 14.500
v -33.530 7.000 -27.000
v -34.000 7.000 -27.279
v -34.000 7.000 14.306
v -34.000 7.381 -27.000
v -34.000 8.000 -26.600
v -33.406 8.000 9.000
v -33.269 8.000 10.000
v -33.469 8.000 14.000
v -34.000 7.499 14.000
v -34.000 8.000 13.691
v -34.000 9.000 -26.503
v -33.508 9.000 7.000
v -34.000 9.000 7.378
v -34.000 8.581 8.000
v -34.000 8.427 9.000
v -34.000 9.000 9.492
v -34.000 9.000 13.419
v -34.000 10.000 -26.502
v -33.400 10.000 4.000
v -34.000 10.000 4.570
v -34.000 9.701 5.000
v -34.000 9.501 6.000
v -34.000 9.280 7.000
v -34.000 10.000 9.626
v -33.454 10.000 13.000
v -34.000 9.587 13.000
v -34.000 10.000 12.621
v -34.000 11.000 -26.501
v -34.000 10.570 4.000
v -34.000 11.000 3.700
v -34.000 10.443 10.000
v -34.000 11.000 10.837
v -33.420 11.000 12.000
v -34.000 10.594 12.000
v -34.000 11.000 11.216
v -34.000 12.000 -26.500
v -34.000 12.000 3.519
v -34.000 11.115 11.000
v -34.000 13.000 -26.498
v -34.000 13.000 3.480
v -34.000 14.000 -26.479
v -33.595 14.000 3.000
v -34.000 14.000 3.272
v -33.532 15.000 -26.000
v -34.000 15.000 -26.278
v -33.494 15.000 2.000
v -34.000 15.000 2.402
v -34.000 14.335 3.000
v -34.000 15.374 -26.000
v -34.000 16.000 -25.579
v -34.000 15.525 2.000
v -34.000 16.000 1.675
v -33.546 17.000 -25.000
v -34.000 17.000 -25.273
v -33.623 17.000 1.000
v -34.000 17.000 1.264
v -34.000 17.332 -25.000
v -33.537 18.000 -24.000
v -34.000 18.000 -24.339
v -34.000 17.709 0.000
v -34.000 18.000 -0.341
v -34.000 17.264 1.000
v -34.000 18.290 -24.000
v -34.000 18.702 -23.000
v -34.000 19.000 -22.611
v -34.000 18.626 -1.000
v -34.000 19.000 -1.394
v -34.000 19.401 -22.000
v -34.000 19.499 -21.000
v -34.000 19.519 -20.000
v -33.330 20.000 -19.000
v -34.000 19.721 -19.000
v -34.000 20.000 -18.620
v -33.356 20.000 -8.000
v -33.524 20.000 -7.000
v -33.525 20.000 -6.000
v -33.506 20.000 -5.000
v -33.508 20.000 -4.000
v -33.674 20.000 -3.000
v -34.000 20.000 -2.673
v -34.000 19.499 -2.000
v -34.000 20.402 -18.000
v -34.000 20.501 -17.000
v -34.000 20.622 -16.000
v -34.000 21.000 -15.502
v -34.000 20.602 -9.000
v -34.000 21.000 -9.505
v -34.000 20.404 -8.000
v -34.000 20.380 -7.000
v -34.000 20.379 -6.000
v -34.000 20.380 -5.000
v -34.000 20.378 -4.000
v -34.000 20.249 -3.000
v -34.000 21.380 -15.000
v -34.000 21.498 -14.000
v -34.000 21.500 -13.000
v -34.000 21.500 -12.000
v -34.000 21.498 -11.000
v -34.000 21.380 -10.000
v -34.271 -34.000 -4.000
v -34.277 -34.000 -3.000
v -35.000 -33.000 -9.352
v -35.000 -33.277 -9.000
v -35.000 -33.459 -8.000
v -35.000 -33.299 -7.000
v -34.608 -33.000 -6.000
v -35.000 -33.000 -6.514
v -34.524 -33.000 -5.000
v -34.600 -33.000 -4.000
v -34.576 -33.000 -3.000
v -34.261 -33.000 -2.000
v -35.000 -32.000 -10.493
v -35.000 -32.475 -10.000
v -35.000 -32.624 -6.000
v -35.000 -32.482 -5.000
v -35.000 -32.492 -4.000
v -35.000 -32.342 -3.000
v -35.000 -32.000 -2.678
v -34.470 -32.000 -2.000
v -35.000 -31.000 -11.498
v -35.000 -31.498 -11.000
v -34.501 -31.000 -2.000
v -35.000 -31.000 -2.530
v -34.771 -31.000 4.000
v -35.000 -31.000 3.768
v -35.000 -31.272 4.000
v -35.000 -31.467 5.000
v -34.533 -31.000 5.000
v -35.000 -31.221 6.000
v -34.738 -31.000 6.000
v -35.000 -31.000 6.215
v -35.000 -30.000 -12.504
v -35.000 -30.500 -12.000
v -34.605 -30.000 -2.000
v -35.000 -30.000 -2.417
v -34.528 -30.000 4.000
v -35.000 -30.000 3.528
v -35.000 -30.000 6.474
v -35.000 -29.000 -13.475
v -35.000 -29.498 -13.000
v -35.000 -29.406 -2.000
v -35.000 -29.000 -1.760
v -34.373 -29.000 4.000
v -35.000 -29.000 3.366
v -35.000 -29.000 6.498
v -35.000 -28.000 -13.719
v -35.000 -28.000 -1.651
v -34.500 -28.000 3.000
v -35.000 -28.000 2.505
v -35.000 -28.551 3.000
v -35.000 -28.000 6.517
v -34.621 -27.000 -20.000
v -35.000 -27.000 -20.297
v -35.000 -27.241 -20.000
v -35.000 -27.204 -19.000
v -35.000 -27.000 -18.794
v -34.497 -27.000 -14.000
v -35.000 -27.000 -14.306
v -35.000 -27.528 -14.000
v -35.000 -27.000 -1.627
v -34.500 -27.000 2.000
v -35.000 -27.000 1.604
v -35.000 -27.471 2.000
v -34.302 -27.000 7.000
v -35.000 -27.000 6.692
v -35.000 -26.000 -20.672
v -35.000 -26.000 -18.546
v -35.000 -26.000 -14.499
v -34.365 -26.000 -1.000
v -35.000 -26.000 -1.525
v -34.533 -26.000 1.000
v -35.000 -26.000 0.711
v -35.000 -26.338 1.000
v -35.000 -26.476 7.000
v -35.000 -26.000 7.297
v -34.921 -25.000 -21.000
v -35.000 -25.000 -21.071
v -35.000 -25.162 -21.000
v -34.374 -25.000 -20.000
v -34.270 -25.000 -19.000
v -35.000 -25.000 -18.461
v -34.614 -25.000 -15.000
v -35.000 -25.000 -14.761
v -34.581 -25.000 -1.000
v -35.000 -25.000 -1.415
v -35.000 -25.000 0.356
v -34.523 -25.000 8.000
v -35.000 -25.000 7.582
v -35.000 -24.888 -21.000
v -34.941 -24.000 -20.000
v -35.000 -24.042 -20.000
v -35.000 -24.000 -19.971
v -35.000 -24.630 -18.000
v -35.000 -24.504 -17.000
v -35.000 -24.521 -16.000
v -35.000 -24.762 -15.000
v -35.000 -24.299 -1.000
v -35.000 -24.609 0.000
v -35.000 -24.468 8.000
v -34.523 -24.000 9.000
v -35.000 -24.000 8.468
v -34.489 -23.000 -21.000
v -35.000 -23.000 -20.662
v -35.000 -23.965 -20.000
v -35.000 -23.577 9.000
v -35.000 -23.264 10.000
v -34.436 -23.000 11.000
v -35.000 -23.000 10.399
v -35.000 -22.000 -21.522
v -35.000 -22.642 -21.000
v -35.000 -22.574 11.000
v -35.000 -22.267 12.000
v -35.000 -22.000 12.356
v -35.000 -21.000 -22.397
v -35.000 -21.479 -22.000
v -35.000 -21.596 13.000
v -35.000 -21.349 14.000
v -35.000 -21.000 14.348
v -34.509 -20.000 -23.000
v -35.000 -20.000 -22.720
v -35.000 -20.000 14.516
v -35.000 -19.000 -23.530
v -35.000 -19.646 -23.000
v -34.121 -19.000 15.000
v -35.000 -19.000 14.596
v -34.448 -18.000 -25.000
v -35.000 -18.000 -24.605
v -35.000 -18.529 -24.000
v -34.121 -18.000 15.000
v -35.000 -18.000 14.596
v -35.000 -17.000 -25.402
v -35.000 -17.578 -25.000
v -35.000 -17.000 14.518
v -35.000 -16.000 -25.499
v -35.000 -16.000 14.500
v -35.000 -15.000 -25.519
v -35.000 -15.000 14.501
v -34.500 -14.000 -26.000
v -35.000 -14.000 -25.721
v -35.000 -14.000 14.620
v -35.000 -13.000 -26.421
v -35.000 -13.625 -26.000
v -35.000 -13.527 15.000
v -35.000 -13.000 15.498
v -35.000 -12.000 -26.720
v -35.000 -12.494 16.000
v -35.000 -12.000 16.476
v -35.000 -11.000 -27.522
v -35.000 -11.646 -27.000
v -35.000 -11.351 17.000
v -35.000 -11.000 17.276
v -35.000 -10.000 -28.378
v -35.000 -10.473 -28.000
v -35.000 -10.000 17.477
v -35.000 -9.000 -28.498
v -35.000 -9.000 17.376
v -35.000 -8.000 -28.500
v -35.000 -8.504 17.000
v -35.000 -8.000 16.619
v -35.000 -7.000 -28.500
v -35.000 -7.000 16.482
v -35.000 -6.000 -28.500
v -35.000 -6.000 16.401
v -35.000 -5.000 -28.498
v -35.000 -5.000 16.279
v -35.000 -4.000 -28.380
v -34.611 -4.000 16.000
v -35.000 -4.509 16.000
v -35.000 -4.000 15.703
v -35.000 -3.500 -28.000
v -35.000 -3.000 -27.620
v -34.360 -3.000 16.000
v -35.000 -3.000 15.501
v -35.000 -2.000 -27.502
v -35.000 -2.000 15.400
v -35.000 -1.000 -27.499
v -35.000 -1.000 15.400
v -35.000 0.000 -27.481
v -34.358 0.000 16.000
v -35.000 0.000 15.500
v -35.000 1.000 -27.423
v -34.491 1.000 16.000
v -35.000 1.000 15.600
v -35.000 2.000 -27.480
v -34.379 2.000 16.000
v -35.000 2.000 15.596
v -35.000 3.000 -27.499
v -35.000 3.000 15.517
v -35.000 4.000 -27.500
v -35.000 4.000 15.379
v -35.000 5.000 -27.500
v -35.000 4.500 15.000
v -35.000 5.000 14.620
v -35.000 6.000 -27.498
v -35.000 6.000 14.402
v -35.000 7.000 -27.401
v -34.521 7.000 14.000
v -35.000 6.612 14.000
v -35.000 7.000 13.703
v -35.000 7.651 -27.000
v -35.000 8.000 -26.750
v -35.000 8.000 13.421
v -35.000 9.000 -26.622
v -35.000 8.722 8.000
v -35.000 9.000 7.626
v -35.000 8.559 9.000
v -35.000 9.000 9.448
v -35.000 9.000 13.243
v -35.000 10.000 -26.620
v -34.436 10.000 5.000
v -35.000 10.000 5.563
v -35.000 9.699 6.000
v -35.000 9.420 7.000
v -35.000 10.000 9.646
v -35.000 9.302 13.000
v -35.000 10.000 12.339
v -35.000 11.000 -26.598
v -34.436 11.000 4.000
v -35.000 11.000 4.506
v -35.000 10.506 5.000
v -35.000 10.361 10.000
v -34.166 11.000 11.000
v -35.000 10.553 11.000
v -35.000 10.289 12.000
v -35.000 12.000 -26.518
v -35.000 11.563 4.000
v -35.000 12.000 3.700
v -35.000 13.000 -26.500
v -35.000 13.000 3.518
v -35.000 14.000 -26.498
v -35.000 14.000 3.401
v -35.000 15.000 -26.378
v -35.000 14.610 3.000
v -35.000 15.000 2.702
v -35.000 15.498 -26.000
v -35.000 16.000 -25.618
v -34.501 16.000 2.000
v -35.000 16.000 2.324
v -35.000 17.000 -25.379
v -35.000 16.473 2.000
v -35.000 17.000 1.593
v -35.000 17.468 -25.000
v -35.000 18.000 -24.493
v -34.439 18.000 0.000
v -35.000 18.000 0.499
v -35.000 17.593 1.000
v -35.000 18.475 -24.000
v -34.512 19.000 -23.000
v -35.000 19.000 -23.351
v -34.537 19.000 -1.000
v -35.000 19.000 -0.657
v -35.000 18.401 0.000
v -35.000 19.276 -23.000
v -35.000 19.480 -22.000
v -35.000 19.500 -21.000
v -35.000 19.520 -20.000
v -35.000 19.723 -19.000
v -35.000 20.000 -18.622
v -35.000 19.702 -2.000
v -35.000 20.000 -2.390
v -35.000 19.290 -1.000
v -35.000 20.402 -18.000
v -35.000 20.500 -17.000
v -35.000 20.620 -16.000
v -35.000 21.000 -15.498
v -35.000 20.620 -9.000
v -35.000 21.000 -9.500
v -35.000 20.500 -8.000
v -35.000 20.498 -7.000
v -35.000 20.498 -6.000
v -35.000 20.498 -5.000
v -35.000 20.497 -4.000
v -35.000 20.400 -3.000
v -35.000 21.378 -15.000
v -35.000 21.498 -14.000
v -35.000 21.500 -13.000
v -35.000 21.500 -12.000
v -35.000 21.498 -11.000
v -35.000 21.380 -10.000
v -35.427 -33.000 -9.000
v -36.000 -33.000 -8.182
v -36.000 -33.098 -8.000
v -35.429 -33.000 -7.000
v -36.000 -33.000 -7.831
v -36.000 -32.000 -10.308
v -36.000 -32.259 -10.000
v -36.000 -32.568 -9.000
v -36.000 -32.428 -7.000
v -35.599 -32.000 -6.000
v -36.000 -32.000 -6.541
v -35.400 -32.000 -5.000
v -35.379 -32.000 -4.000
v -35.249 -32.000 -3.000
v -35.740 -32.000 4.000
v -36.000 -32.000 3.777
v -36.000 -32.211 4.000
v -36.000 -32.244 5.000
v -35.684 -32.000 5.000
v -36.000 -32.000 5.316
v -36.000 -31.000 -11.387
v -36.000 -31.371 -11.000
v -36.000 -31.467 -6.000
v -36.000 -31.000 -5.501
v -35.693 -31.000 -5.000
v -35.517 -31.000 -4.000
v -35.378 -31.000 -3.000
v -36.000 -31.000 3.323
v -36.000 -31.442 6.000
v -36.000 -31.000 6.371
v -36.000 -30.000 -12.513
v -36.000 -30.476 -12.000
v -36.000 -30.500 -5.000
v -36.000 -30.000 -4.501
v -35.693 -30.000 -4.000
v -35.421 -30.000 -3.000
v -35.611 -30.000 3.000
v -36.000 -30.000 2.626
v -36.000 -30.506 3.000
v -36.000 -30.000 6.498
v -35.912 -29.000 -14.000
v -36.000 -29.000 -14.061
v -36.000 -29.061 -14.000
v -36.000 -29.579 -13.000
v -36.000 -29.469 -4.000
v -36.000 -29.000 -3.625
v -35.578 -29.000 -3.000
v -35.239 -29.000 -2.000
v -35.367 -29.000 3.000
v -36.000 -29.000 2.367
v -36.000 -29.000 6.500
v -35.402 -28.000 -14.000
v -36.000 -28.000 -14.378
v -35.619 -28.000 -3.000
v -36.000 -28.000 -3.495
v -35.349 -28.000 -2.000
v -35.528 -28.000 2.000
v -36.000 -28.000 1.603
v -36.000 -28.527 2.000
v -36.000 -28.000 6.502
v -35.746 -27.000 -21.000
v -36.000 -27.000 -21.202
v -36.000 -27.204 -21.000
v -36.000 -27.393 -20.000
v -35.494 -27.000 -19.000
v -36.000 -27.000 -19.305
v -36.000 -27.000 -14.482
v -35.720 -27.000 -3.000
v -36.000 -27.000 -3.358
v -35.373 -27.000 -2.000
v -36.000 -27.000 1.269
v -36.000 -27.000 6.519
v -35.402 -26.000 -21.000
v -36.000 -26.000 -21.399
v -36.000 -26.721 -19.000
v -36.000 -26.000 -18.558
v -36.000 -26.000 -14.485
v -36.000 -26.509 -3.000
v -36.000 -26.000 -2.636
v -35.474 -26.000 -2.000
v -36.000 -26.000 0.578
v -36.000 -26.647 1.000
v -35.383 -26.000 7.000
v -36.000 -26.000 6.580
v -36.000 -25.000 -21.440
v -36.000 -25.000 -18.251
v -36.000 -25.000 -14.578
v -35.682 -25.000 -2.000
v -36.000 -25.000 -2.308
v -36.000 -25.000 0.244
v -35.523 -25.000 7.000
v -36.000 -25.000 6.529
v -35.809 -24.000 -21.000
v -36.000 -24.000 -21.131
v -35.111 -24.000 -20.000
v -36.000 -24.761 -18.000
v -36.000 -24.520 -17.000
v -36.000 -24.502 -16.000
v -36.000 -24.630 -15.000
v -36.000 -24.738 -2.000
v -36.000 -24.471 -1.000
v -36.000 -24.747 0.000
v -35.704 -24.000 7.000
v -36.000 -24.000 6.640
v -35.319 -24.000 8.000
v -36.000 -23.720 -21.000
v -36.000 -23.000 -20.665
v -36.000 -23.531 7.000
v -36.000 -23.000 7.530
v -35.703 -23.000 8.000
v -35.495 -23.000 9.000
v -35.263 -23.000 10.000
v -36.000 -22.000 -21.480
v -36.000 -22.625 -21.000
v -36.000 -22.617 8.000
v -36.000 -22.359 9.000
v -36.000 -22.000 9.493
v -35.703 -22.000 10.000
v -35.523 -22.000 11.000
v -35.352 -22.000 12.000
v -36.000 -21.000 -22.280
v -36.000 -21.355 -22.000
v -36.000 -21.639 10.000
v -36.000 -21.529 11.000
v -36.000 -21.578 12.000
v -36.000 -21.515 13.000
v -36.000 -21.348 14.000
v -36.000 -21.000 14.349
v -36.000 -20.000 -22.603
v -36.000 -20.000 14.500
v -36.000 -19.000 -23.501
v -36.000 -19.526 -23.000
v -36.000 -19.000 14.502
v -36.000 -18.000 -24.501
v -36.000 -18.500 -24.000
v -36.000 -18.000 14.501
v -36.000 -17.000 -25.380
v -36.000 -17.471 -25.000
v -36.000 -17.000 14.500
v -36.000 -16.000 -25.498
v -36.000 -16.000 14.481
v -36.000 -15.000 -25.502
v -36.000 -15.000 14.425
v -36.000 -14.000 -25.622
v -36.000 -14.000 14.580
v -36.000 -13.000 -26.478
v -36.000 -13.527 -26.000
v -36.000 -13.417 15.000
v -36.000 -13.000 15.395
v -35.500 -12.000 -27.000
v -36.000 -12.000 -27.280
v -36.000 -12.354 -27.000
v -36.000 -12.451 16.000
v -36.000 -12.000 16.392
v -36.000 -11.000 -27.601
v -35.495 -11.000 17.000
v -36.000 -11.000 16.718
v -36.000 -10.000 -28.380
v -36.000 -10.494 -28.000
v -36.000 -10.596 17.000
v -36.000 -10.000 17.376
v -36.000 -9.000 -28.498
v -36.000 -9.000 17.276
v -36.000 -8.000 -28.500
v -36.000 -8.628 17.000
v -36.000 -8.000 16.579
v -36.000 -7.000 -28.500
v -36.000 -7.000 16.307
v -36.000 -6.000 -28.500
v -35.611 -6.000 16.000
v -36.000 -6.478 16.000
v -36.000 -6.000 15.703
v -36.000 -5.000 -28.498
v -35.359 -5.000 16.000
v -36.000 -5.000 15.500
v -36.000 -4.000 -28.380
v -36.000 -4.000 15.297
v -36.000 -3.500 -28.000
v -36.000 -3.000 -27.620
v -35.642 -3.000 15.000
v -36.000 -3.492 15.000
v -36.000 -3.000 14.720
v -36.000 -2.000 -27.501
v -35.507 -2.000 15.000
v -36.000 -2.000 14.620
v -36.000 -1.000 -27.480
v -35.507 -1.000 15.000
v -36.000 -1.000 14.620
v -36.000 0.000 -27.308
v -35.642 0.000 15.000
v -36.000 0.000 14.720
v -36.000 0.698 -27.000
v -35.782 1.000 -27.000
v -36.000 1.000 -26.847
v -36.000 0.500 15.000
v -36.000 1.000 15.280
v -36.000 2.000 -27.308
v -36.000 1.301 -27.000
v -36.000 2.000 15.402
v -36.000 3.000 -27.481
v -36.000 3.000 15.461
v -36.000 4.000 -27.500
v -36.000 4.000 15.278
v -36.000 5.000 -27.500
v -36.000 4.374 15.000
v -36.000 5.000 14.579
v -36.000 6.000 -27.500
v -36.000 6.000 14.274
v -36.000 7.000 -27.482
v -36.000 6.337 14.000
v -36.000 7.000 13.402
v -35.348 8.000 -27.000
v -36.000 8.000 -27.402
v -35.616 8.000 13.000
v -36.000 7.554 13.000
v -36.000 8.000 12.701
v -35.498 9.000 -27.000
v -36.000 9.000 -27.380
v -35.495 9.000 8.000
v -36.000 9.000 8.497
v -36.000 8.642 9.000
v -36.000 9.000 9.497
v -35.305 9.000 13.000
v -36.000 9.000 12.394
v -35.502 10.000 -27.000
v -36.000 10.000 -27.378
v -35.486 10.000 6.000
v -36.000 10.000 6.410
v -36.000 9.579 7.000
v -36.000 9.283 8.000
v -36.000 10.000 9.820
v -35.413 10.000 12.000
v -36.000 9.467 12.000
v -36.000 10.000 11.393
v -35.654 11.000 -27.000
v -36.000 11.000 -27.248
v -35.551 11.000 5.000
v -36.000 11.000 5.365
v -36.000 10.373 6.000
v -36.000 10.170 10.000
v -36.000 10.262 11.000
v -36.000 11.346 -27.000
v -36.000 12.000 -26.597
v -35.485 12.000 4.000
v -36.000 12.000 4.373
v -36.000 11.365 5.000
v -36.000 13.000 -26.501
v -36.000 12.417 4.000
v -36.000 13.000 3.599
v -36.000 14.000 -26.498
v -36.000 14.000 3.482
v -36.000 15.000 -26.380
v -35.511 15.000 3.000
v -36.000 15.000 3.277
v -36.000 15.499 -26.000
v -36.000 16.000 -25.618
v -36.000 15.372 3.000
v -36.000 16.000 2.577
v -36.000 17.000 -25.379
v -35.573 17.000 2.000
v -36.000 17.000 2.271
v -36.000 17.468 -25.000
v -36.000 18.000 -24.493
v -35.571 18.000 1.000
v -36.000 18.000 1.331
v -36.000 17.329 2.000
v -36.000 18.475 -24.000
v -36.000 19.000 -23.351
v -36.000 18.600 0.000
v -36.000 19.000 -0.482
v -36.000 18.273 1.000
v -36.000 19.276 -23.000
v -36.000 19.480 -22.000
v -36.000 19.501 -21.000
v -36.000 19.598 -20.000
v -35.500 20.000 -19.000
v -36.000 20.000 -19.378
v -35.510 20.000 -2.000
v -36.000 20.000 -1.647
v -36.000 19.476 -1.000
v -36.000 20.277 -19.000
v -36.000 20.480 -18.000
v -36.000 20.501 -17.000
v -36.000 20.598 -16.000
v -36.000 21.000 -15.379
v -36.000 20.620 -9.000
v -36.000 21.000 -9.502
v -36.000 20.502 -8.000
v -36.000 20.500 -7.000
v -36.000 20.500 -6.000
v -36.000 20.500 -5.000
v -36.000 20.500 -4.000
v -36.000 20.481 -3.000
v -36.000 20.278 -2.000
v -36.000 21.278 -15.000
v -36.000 21.479 -14.000
v -36.000 21.498 -13.000
v -36.000 21.499 -12.000
v -36.000 21.497 -11.000
v -36.000 21.378 -10.000
v -36.098 -33.000 -8.000
v -36.308 -32.000 -10.000
v -36.493 -32.000 -9.000
v -36.479 -32.000 -8.000
v -36.299 -32.000 -7.000
v -37.000 -32.000 3.446
v -37.000 -32.369 4.000
v -37.000 -32.267 5.000
v -37.000 -32.000 5.326
v -36.504 -31.000 -11.000
v -37.000 -31.000 -10.503
v -37.000 -31.370 -10.000
v -37.000 -31.390 -9.000
v -37.000 -31.000 -8.488
v -36.699 -31.000 -8.000
v -36.500 -31.000 -7.000
v -36.306 -31.000 -6.000
v -36.440 -31.000 3.000
v -37.000 -31.000 2.440
v -37.000 -31.553 3.000
v -37.000 -31.331 6.000
v -37.000 -31.000 6.272
v -37.000 -30.000 -12.365
v -37.000 -30.296 -12.000
v -37.000 -30.680 -11.000
v -37.000 -30.540 -8.000
v -37.000 -30.000 -7.466
v -36.694 -30.000 -7.000
v -36.500 -30.000 -6.000
v -36.306 -30.000 -5.000
v -36.626 -30.000 2.000
v -37.000 -30.000 1.611
v -37.000 -30.506 2.000
v -37.000 -30.000 6.481
v -36.128 -29.000 -14.000
v -37.000 -29.000 -13.597
v -37.000 -29.498 -13.000
v -37.000 -29.508 -7.000
v -37.000 -29.000 -6.493
v -36.694 -29.000 -6.000
v -36.500 -29.000 -5.000
v -36.279 -29.000 -4.000
v -36.367 -29.000 2.000
v -37.000 -29.000 1.367
v -37.000 -29.000 6.519
v -37.000 -28.000 -14.418
v -37.000 -28.579 -14.000
v -37.000 -28.500 -6.000
v -37.000 -28.000 -5.501
v -36.692 -28.000 -5.000
v -36.398 -28.000 -4.000
v -36.628 -28.000 1.000
v -37.000 -28.000 0.634
v -37.000 -28.500 1.000
v -37.000 -28.000 6.577
v -37.000 -27.000 -21.235
v -37.000 -27.235 -21.000
v -37.000 -27.459 -20.000
v -37.000 -27.247 -19.000
v -36.449 -27.000 -19.000
v -37.000 -27.000 -18.743
v -37.000 -27.000 -14.594
v -37.000 -27.469 -5.000
v -37.000 -27.000 -4.641
v -36.501 -27.000 -4.000
v -36.333 -27.000 1.000
v -37.000 -27.000 0.477
v -37.000 -27.000 6.518
v -37.000 -26.000 -21.479
v -37.000 -26.000 -18.324
v -37.000 -26.000 -14.504
v -36.704 -26.000 -4.000
v -37.000 -26.000 -4.388
v -36.298 -26.000 -3.000
v -37.000 -26.000 0.295
v -37.000 -26.000 6.406
v -37.000 -25.000 -21.512
v -37.000 -25.533 -18.000
v -36.381 -25.000 -18.000
v -37.000 -25.000 -17.546
v -37.000 -25.006 -14.000
v -36.995 -25.000 -14.000
v -37.000 -25.000 -13.996
v -37.000 -25.561 -4.000
v -37.000 -25.000 -3.423
v -36.668 -25.000 -3.000
v -36.387 -25.000 0.000
v -37.000 -25.000 -0.455
v -37.000 -25.563 0.000
v -36.680 -25.000 6.000
v -37.000 -25.344 6.000
v -37.000 -25.000 5.753
v -37.000 -24.000 -21.481
v -37.000 -24.605 -17.000
v -37.000 -24.506 -16.000
v -37.000 -24.562 -15.000
v -37.000 -24.996 -14.000
v -37.000 -24.726 -3.000
v -37.000 -24.526 -2.000
v -37.000 -24.604 -1.000
v -36.552 -24.000 6.000
v -37.000 -24.000 5.611
v -37.000 -23.063 -21.000
v -37.000 -23.000 -20.960
v -36.711 -23.000 6.000
v -37.000 -23.000 5.662
v -36.326 -23.000 7.000
v -37.000 -22.000 -21.443
v -37.000 -22.939 -21.000
v -37.000 -22.532 6.000
v -37.000 -22.000 6.495
v -36.676 -22.000 7.000
v -36.421 -22.000 8.000
v -36.280 -22.000 9.000
v -36.501 -21.000 -22.000
v -37.000 -21.000 -21.721
v -37.000 -21.494 7.000
v -37.000 -21.000 7.531
v -36.721 -21.000 8.000
v -36.603 -21.000 9.000
v -36.524 -21.000 10.000
v -36.612 -21.000 11.000
v -37.000 -21.000 11.543
v -37.000 -21.274 12.000
v -37.000 -21.399 13.000
v -37.000 -21.370 14.000
v -37.000 -21.000 14.446
v -37.000 -20.000 -22.523
v -37.000 -20.647 -22.000
v -37.000 -20.646 8.000
v -37.000 -20.526 9.000
v -37.000 -20.507 10.000
v -37.000 -20.628 11.000
v -37.000 -20.000 14.593
v -37.000 -19.000 -23.499
v -37.000 -19.503 -23.000
v -37.000 -19.000 14.519
v -37.000 -18.000 -24.500
v -37.000 -18.500 -24.000
v -37.000 -18.000 14.500
v -37.000 -17.000 -25.381
v -37.000 -17.470 -25.000
v -37.000 -17.000 14.481
v -37.000 -16.000 -25.500
v -37.000 -16.000 14.308
v -37.000 -15.000 -25.502
v -36.783 -15.000 14.000
v -37.000 -15.301 14.000
v -37.000 -15.000 13.847
v -37.000 -14.000 -25.621
v -37.000 -14.705 14.000
v -37.000 -14.000 14.326
v -37.000 -13.000 -26.500
v -37.000 -13.530 -26.000
v -36.575 -13.000 15.000
v -37.000 -13.000 14.736
v -37.000 -12.000 -27.380
v -37.000 -12.469 -27.000
v -37.000 -12.736 15.000
v -37.000 -12.256 16.000
v -37.000 -12.000 16.247
v -37.000 -11.000 -27.620
v -37.000 -11.000 16.578
v -37.000 -10.000 -28.380
v -37.000 -10.501 -28.000
v -37.000 -10.179 17.000
v -37.000 -10.000 17.117
v -37.000 -9.000 -28.498
v -36.464 -9.000 17.000
v -37.000 -9.758 17.000
v -37.000 -9.000 16.690
v -37.000 -8.000 -28.500
v -37.000 -8.000 16.421
v -37.000 -7.000 -28.500
v -36.523 -7.000 16.000
v -37.000 -7.382 16.000
v -37.000 -7.000 15.704
v -37.000 -6.000 -28.500
v -37.000 -6.000 15.326
v -37.000 -5.000 -28.498
v -36.634 -5.000 15.000
v -37.000 -5.470 15.000
v -37.000 -5.000 14.704
v -37.000 -4.000 -28.380
v -36.367 -4.000 15.000
v -37.000 -4.000 14.501
v -37.000 -3.500 -28.000
v -37.000 -3.000 -27.620
v -37.000 -3.000 14.399
v -37.000 -2.000 -27.482
v -37.000 -2.000 14.381
v -37.000 -1.000 -27.306
v -37.000 -1.000 14.381
v -37.000 -0.499 -27.000
v -36.503 0.000 -27.000
v -37.000 0.000 -26.695
v -37.000 0.000 14.399
v -37.000 1.000 -26.541
v -36.360 1.000 15.000
v -37.000 1.000 14.501
v -36.532 2.000 -27.000
v -37.000 2.000 -26.722
v -36.609 2.000 15.000
v -37.000 2.000 14.701
v -37.000 3.000 -27.401
v -37.000 2.380 -27.000
v -37.000 2.681 15.000
v -37.000 3.000 15.153
v -37.000 4.000 -27.498
v -36.466 4.000 15.000
v -37.000 3.300 15.000
v -37.000 4.000 14.689
v -37.000 5.000 -27.500
v -37.000 5.000 14.419
v -37.000 6.000 -27.500
v -36.455 6.000 14.000
v -37.000 5.587 14.000
v -37.000 6.000 13.620
v -37.000 7.000 -27.500
v -36.532 7.000 13.000
v -37.000 6.627 13.000
v -37.000 7.000 12.590
v -37.000 8.000 -27.499
v -36.114 8.000 10.000
v -37.000 7.748 10.000
v -37.000 8.000 9.734
v -37.000 8.000 10.250
v -37.000 8.000 12.281
v -37.000 9.000 -27.498
v -37.000 8.528 9.000
v -37.000 9.000 8.496
v -36.376 9.000 10.000
v -37.000 9.000 10.803
v -36.466 9.000 12.000
v -37.000 8.401 12.000
v -37.000 9.000 11.228
v -37.000 10.000 -27.478
v -37.000 9.618 7.000
v -37.000 10.000 6.528
v -37.000 9.380 8.000
v -36.177 10.000 10.000
v -37.000 9.168 11.000
v -36.306 10.000 11.000
v -37.000 11.000 -27.276
v -37.000 10.499 6.000
v -37.000 11.000 5.498
v -37.000 11.377 -27.000
v -37.000 12.000 -26.598
v -37.000 11.503 5.000
v -37.000 12.000 4.521
v -37.000 13.000 -26.501
v -37.000 12.645 4.000
v -37.000 13.000 3.721
v -37.000 14.000 -26.498
v -37.000 14.000 3.500
v -37.000 15.000 -26.378
v -37.000 15.000 3.277
v -37.000 15.493 -26.000
v -37.000 16.000 -25.601
v -37.000 15.372 3.000
v -37.000 16.000 2.577
v -37.000 17.000 -25.273
v -37.000 17.000 2.277
v -37.000 17.332 -25.000
v -37.000 18.000 -24.339
v -37.000 17.351 2.000
v -37.000 18.000 1.443
v -37.000 18.290 -24.000
v -36.488 19.000 -23.000
v -37.000 18.702 -23.000
v -37.000 19.000 -22.611
v -37.000 18.618 0.000
v -37.000 19.000 -0.471
v -37.000 18.373 1.000
v -37.000 19.401 -22.000
v -37.000 19.500 -21.000
v -37.000 19.598 -20.000
v -37.000 20.000 -19.377
v -37.000 19.499 -1.000
v -37.000 20.000 -1.533
v -37.000 20.277 -19.000
v -37.000 20.479 -18.000
v -37.000 20.498 -17.000
v -37.000 20.518 -16.000
v -36.469 21.000 -15.000
v -37.000 20.693 -15.000
v -37.000 21.000 -14.470
v -37.000 20.598 -9.000
v -37.000 21.000 -9.652
v -37.000 20.501 -8.000
v -37.000 20.500 -7.000
v -37.000 20.500 -6.000
v -37.000 20.500 -5.000
v -37.000 20.500 -4.000
v -37.000 20.498 -3.000
v -37.000 20.377 -2.000
v -37.000 21.279 -14.000
v -37.000 21.400 -13.000
v -37.000 21.462 -12.000
v -37.000 21.400 -11.000
v -37.000 21.250 -10.000
v -37.833 -44.000 -7.000
v -38.000 -44.000 -7.167
v -38.000 -44.209 -7.000
v -38.000 -44.831 -6.000
v -37.808 -44.000 -6.000
v -38.000 -44.000 -5.806
v -37.947 -43.000 -7.000
v -38.000 -43.000 -7.056
v -38.000 -43.000 -6.896
v -38.000 -43.683 -6.000
v -38.000 -42.932 -7.000
v -37.717 -32.000 2.000
v -38.000 -32.000 1.600
v -38.000 -32.317 2.000
v -38.000 -32.389 3.000
v -37.439 -32.000 3.000
v -38.000 -32.278 4.000
v -37.423 -32.000 5.000
v -38.000 -32.000 4.436
v -37.407 -31.000 -10.000
v -37.390 -31.000 -9.000
v -37.738 -31.000 1.000
v -38.000 -31.000 0.738
v -38.000 -31.376 1.000
v -37.320 -31.000 2.000
v -38.000 -31.597 5.000
v -37.454 -31.000 6.000
v -38.000 -31.000 5.621
v -37.470 -30.000 -12.000
v -38.000 -30.000 -11.499
v -38.000 -30.324 -11.000
v -38.000 -30.576 -10.000
v -38.000 -30.474 -9.000
v -37.423 -30.000 -8.000
v -38.000 -30.000 -8.520
v -37.527 -30.000 1.000
v -38.000 -30.000 0.527
v -38.000 -30.588 6.000
v -38.000 -30.000 6.419
v -38.000 -29.000 -13.362
v -38.000 -29.296 -13.000
v -38.000 -29.675 -12.000
v -37.743 -29.000 -8.000
v -38.000 -29.000 -8.247
v -37.324 -29.000 -7.000
v -37.367 -29.000 1.000
v -38.000 -29.000 0.373
v -38.000 -29.000 6.691
v -38.000 -28.000 -14.472
v -38.000 -28.473 -14.000
v -38.000 -28.586 -8.000
v -38.000 -28.000 -7.582
v -37.578 -28.000 -7.000
v -37.307 -28.000 -6.000
v -37.668 -28.000 0.000
v -38.000 -28.000 -0.273
v -38.000 -28.455 0.000
v -38.000 -28.303 7.000
v -37.781 -28.000 7.000
v -38.000 -28.000 7.155
v -37.400 -27.000 -21.000
v -38.000 -27.000 -20.575
v -38.000 -27.399 -20.000
v -38.000 -27.372 -19.000
v -38.000 -27.000 -18.555
v -37.657 -27.000 -15.000
v -38.000 -27.000 -15.247
v -38.000 -27.320 -15.000
v -37.598 -27.000 -7.000
v -38.000 -27.000 -7.577
v -37.481 -27.000 -6.000
v -37.278 -27.000 -5.000
v -37.525 -27.000 0.000
v -38.000 -27.000 -0.380
v -38.000 -27.671 7.000
v -38.000 -27.000 6.718
v -38.000 -26.000 -21.402
v -38.000 -26.576 -21.000
v -38.000 -26.362 -18.000
v -37.528 -26.000 -18.000
v -38.000 -26.000 -17.701
v -37.684 -26.000 -15.000
v -38.000 -26.000 -15.246
v -37.759 -26.000 -8.000
v -38.000 -26.408 -8.000
v -38.000 -26.000 -8.251
v -37.522 -26.000 -7.000
v -37.501 -26.000 -6.000
v -37.403 -26.000 -5.000
v -37.381 -26.000 0.000
v -38.000 -26.000 -0.423
v -38.000 -26.000 6.502
v -38.000 -25.000 -21.595
v -38.000 -25.000 -17.255
v -38.000 -25.528 -15.000
v -38.000 -25.097 -14.000
v -38.000 -25.000 -13.914
v -37.805 -25.000 -8.000
v -38.000 -25.000 -8.231
v -37.655 -25.000 -7.000
v -37.652 -25.000 -6.000
v -37.633 -25.000 -5.000
v -37.452 -25.000 -4.000
v -38.000 -25.000 -0.745
v -38.000 -25.348 6.000
v -38.000 -25.000 5.730
v -37.685 -24.000 -22.000
v -38.000 -24.000 -22.239
v -38.000 -24.335 -22.000
v -38.000 -24.756 -17.000
v -38.000 -24.561 -16.000
v -38.000 -24.725 -15.000
v -38.000 -24.909 -14.000
v -38.000 -24.803 -8.000
v -38.000 -24.654 -7.000
v -38.000 -24.652 -6.000
v -38.000 -24.646 -5.000
v -38.000 -24.603 -4.000
v -38.000 -24.520 -3.000
v -38.000 -24.520 -2.000
v -38.000 -24.755 -1.000
v -38.000 -24.000 5.426
v -37.724 -23.000 -22.000
v -38.000 -23.000 -22.249
v -37.042 -23.000 -21.000
v -37.737 -23.000 5.000
v -38.000 -23.294 5.000
v -38.000 -23.000 4.792
v -38.000 -22.571 -22.000
v -38.000 -22.000 -21.680
v -37.780 -22.000 5.000
v -38.000 -22.000 4.799
v -37.335 -22.000 6.000
v -38.000 -21.000 -21.648
v -38.000 -21.147 5.000
v -38.000 -21.000 5.079
v -37.621 -21.000 6.000
v -37.322 -21.000 7.000
v -37.337 -21.000 12.000
v -37.640 -21.000 13.000
v -38.000 -21.000 13.360
v -38.000 -21.468 14.000
v -38.000 -21.937 15.000
v -37.570 -21.000 15.000
v -38.000 -21.000 15.344
v -38.000 -20.000 -22.477
v -38.000 -20.551 -22.000
v -37.984 -20.000 6.000
v -38.000 -20.000 5.982
v -37.637 -20.000 7.000
v -37.524 -20.000 8.000
v -37.505 -20.000 9.000
v -37.526 -20.000 10.000
v -37.669 -20.000 11.000
v -38.000 -20.000 11.429
v -38.000 -20.403 12.000
v -38.000 -20.732 13.000
v -37.622 -20.000 15.000
v -38.000 -20.000 15.279
v -38.000 -19.000 -23.394
v -38.000 -19.395 -23.000
v -38.000 -19.984 6.000
v -38.000 -19.568 7.000
v -38.000 -19.502 8.000
v -38.000 -19.523 9.000
v -38.000 -19.603 10.000
v -38.000 -19.727 11.000
v -38.000 -19.531 15.000
v -38.000 -19.000 14.694
v -38.000 -18.000 -24.498
v -38.000 -18.476 -24.000
v -38.000 -18.000 14.519
v -38.000 -17.000 -25.476
v -38.000 -17.499 -25.000
v -38.000 -17.000 14.403
v -38.000 -16.000 -25.596
v -37.535 -16.000 14.000
v -38.000 -16.377 14.000
v -38.000 -16.000 13.724
v -38.000 -15.000 -25.521
v -38.000 -15.000 13.541
v -38.000 -14.000 -25.623
v -37.511 -14.000 14.000
v -38.000 -14.000 13.695
v -38.000 -13.000 -26.500
v -38.000 -13.532 -26.000
v -38.000 -13.541 14.000
v -38.000 -13.000 14.429
v -38.000 -12.000 -27.402
v -38.000 -12.476 -27.000
v -38.000 -12.504 15.000
v -37.414 -12.000 16.000
v -38.000 -12.000 15.599
v -38.000 -11.000 -27.744
v -38.000 -11.581 16.000
v -38.000 -11.000 16.418
v -38.000 -10.000 -28.420
v -38.000 -10.653 -28.000
v -37.171 -10.000 17.000
v -38.000 -10.000 16.575
v -38.000 -9.000 -28.499
v -38.000 -9.000 16.517
v -38.000 -8.000 -28.500
v -38.000 -8.000 16.379
v -38.000 -7.000 -28.500
v -38.000 -7.525 16.000
v -38.000 -7.000 15.524
v -38.000 -6.000 -28.500
v -37.531 -6.000 15.000
v -38.000 -6.361 15.000
v -38.000 -6.000 14.704
v -38.000 -5.000 -28.498
v -38.000 -5.000 14.320
v -38.000 -4.000 -28.378
v -37.608 -4.000 14.000
v -38.000 -4.504 14.000
v -38.000 -4.000 13.628
v -38.000 -3.502 -28.000
v -38.000 -3.000 -27.619
v -37.477 -3.000 14.000
v -38.000 -3.000 13.501
v -38.000 -2.000 -27.404
v -37.470 -2.000 14.000
v -38.000 -2.000 13.500
v -38.000 -1.379 -27.000
v -37.530 -1.000 -27.000
v -38.000 -1.000 -26.722
v -37.470 -1.000 14.000
v -38.000 -1.000 13.500
v -38.000 0.000 -26.521
v -37.482 0.000 14.000
v -38.000 0.000 13.524
v -38.000 1.000 -26.502
v -37.635 1.000 14.000
v -38.000 1.000 13.704
v -38.000 2.000 -26.599
v -38.000 1.500 14.000
v -38.000 2.000 14.296
v -38.000 3.000 -27.279
v -38.000 2.619 -27.000
v -37.200 3.000 15.000
v -38.000 3.000 14.454
v -38.000 4.000 -27.479
v -38.000 4.000 14.396
v -38.000 5.000 -27.498
v -38.000 5.000 14.243
v -38.000 6.000 -27.498
v -37.246 6.000 11.000
v -38.000 5.770 11.000
v -38.000 6.000 10.755
v -38.000 6.000 11.298
v -38.000 5.302 14.000
v -38.000 6.000 13.337
v -38.000 7.000 -27.498
v -37.899 7.000 10.000
v -38.000 6.905 10.000
v -38.000 7.000 9.929
v -37.533 7.000 11.000
v -38.000 6.489 12.000
v -37.508 7.000 12.000
v -38.000 6.290 13.000
v -38.000 8.000 -27.498
v -38.000 8.000 9.513
v -37.817 8.000 11.000
v -37.314 8.000 12.000
v -38.000 9.000 -27.479
v -38.000 8.483 9.000
v -38.000 9.000 8.471
v -37.158 9.000 11.000
v -38.000 10.000 -27.306
v -38.000 9.619 7.000
v -38.000 10.000 6.530
v -38.000 9.381 8.000
v -38.000 10.500 -27.000
v -37.467 11.000 -27.000
v -38.000 11.000 -26.694
v -38.000 10.500 6.000
v -38.000 11.000 5.500
v -38.000 12.000 -26.519
v -38.000 11.524 5.000
v -38.000 12.000 4.602
v -38.000 13.000 -26.500
v -37.500 13.000 4.000
v -38.000 13.000 4.280
v -38.000 14.000 -26.479
v -38.000 13.358 4.000
v -38.000 14.000 3.500
v -38.000 15.000 -26.278
v -37.490 15.000 3.000
v -38.000 14.635 3.000
v -38.000 15.000 2.704
v -38.000 15.357 -26.000
v -38.000 16.000 -25.498
v -38.000 16.000 2.324
v -38.000 16.605 -25.000
v -37.455 17.000 -25.000
v -38.000 17.000 -24.625
v -37.460 17.000 2.000
v -38.000 16.499 2.000
v -38.000 17.000 1.674
v -37.463 18.000 -24.000
v -38.000 17.626 -24.000
v -38.000 18.000 -23.606
v -38.000 18.000 1.255
v -38.000 18.500 -23.000
v -38.000 19.000 -22.358
v -38.000 18.600 0.000
v -38.000 19.000 -0.482
v -38.000 18.246 1.000
v -38.000 19.278 -22.000
v -38.000 19.480 -21.000
v -38.000 19.519 -20.000
v -37.467 20.000 -19.000
v -38.000 19.694 -19.000
v -38.000 20.000 -18.469
v -38.000 19.475 -1.000
v -38.000 20.000 -1.648
v -38.000 20.278 -18.000
v -38.000 20.379 -17.000
v -38.000 20.403 -16.000
v -38.000 20.500 -15.000
v -37.381 21.000 -14.000
v -38.000 20.599 -14.000
v -37.616 21.000 -13.000
v -38.000 20.719 -13.000
v -38.000 21.000 -12.328
v -37.616 21.000 -11.000
v -38.000 20.719 -11.000
v -38.000 21.000 -11.672
v -37.349 21.000 -10.000
v -38.000 20.599 -10.000
v -38.000 20.518 -9.000
v -38.000 20.500 -8.000
v -38.000 20.499 -7.000
v -38.000 20.498 -6.000
v -38.000 20.498 -5.000
v -38.000 20.498 -4.000
v -38.000 20.479 -3.000
v -38.000 20.277 -2.000
v -38.000 21.154 -12.000
v -38.191 -45.000 -6.000
v -39.000 -45.000 -6.240
v -39.000 -45.169 -6.000
v -39.000 -45.000 -5.821
v -39.000 -44.000 -7.369
v -39.000 -44.457 -7.000
v -39.000 -44.000 -5.547
v -39.000 -43.000 -7.456
v -38.460 -43.000 -6.000
v -39.000 -43.000 -5.607
v -38.728 -42.000 -7.000
v -39.000 -42.000 -7.236
v -38.781 -42.000 -6.000
v -39.000 -42.000 -5.787
v -39.000 -41.716 -7.000
v -39.000 -41.740 -6.000
v -38.810 -33.000 2.000
v -39.000 -33.000 1.701
v -39.000 -33.187 2.000
v -39.000 -33.000 2.216
v -38.530 -32.000 1.000
v -39.000 -32.000 0.582
v -39.000 -32.528 1.000
v -39.000 -32.502 3.000
v -38.491 -32.000 4.000
v -39.000 -32.000 3.633
v -39.000 -31.000 0.291
v -39.000 -31.703 4.000
v -39.000 -31.291 5.000
v -39.000 -31.000 5.340
v -38.499 -30.000 -11.000
v -39.000 -30.000 -10.459
v -39.000 -30.276 -10.000
v -39.000 -30.205 -9.000
v -39.000 -30.000 -8.793
v -38.611 -30.000 0.000
v -39.000 -30.000 -0.373
v -39.000 -30.536 0.000
v -39.000 -30.367 6.000
v -39.000 -30.000 6.366
v -38.477 -29.000 -13.000
v -39.000 -29.000 -12.507
v -39.000 -29.325 -12.000
v -39.000 -29.675 -11.000
v -39.000 -29.000 -8.486
v -38.390 -29.000 0.000
v -39.000 -29.000 -0.521
v -39.000 -29.336 7.000
v -38.536 -29.000 7.000
v -39.000 -29.000 7.286
v -39.000 -28.000 -14.475
v -39.000 -28.398 -14.000
v -39.000 -28.693 -13.000
v -38.545 -28.000 -8.000
v -39.000 -28.000 -8.279
v -39.000 -28.000 -0.601
v -39.000 -28.000 7.563
v -39.000 -27.000 -20.446
v -39.000 -27.373 -20.000
v -39.000 -27.400 -19.000
v -39.000 -27.000 -18.417
v -39.000 -27.000 -15.400
v -39.000 -27.473 -15.000
v -38.545 -27.000 -8.000
v -39.000 -27.000 -8.279
v -39.000 -27.000 -0.620
v -38.357 -27.000 7.000
v -39.000 -27.000 7.541
v -39.000 -26.000 -21.280
v -39.000 -26.355 -21.000
v -39.000 -26.622 -18.000
v -39.000 -26.000 -17.367
v -39.000 -26.000 -15.610
v -39.000 -26.000 -8.554
v -39.000 -26.000 -0.722
v -38.606 -26.000 7.000
v -39.000 -26.000 7.393
v -39.000 -25.000 -21.578
v -39.000 -25.573 -17.000
v -38.359 -25.000 -17.000
v -39.000 -25.000 -16.089
v -38.379 -25.000 -15.000
v -39.000 -25.000 -15.911
v -38.245 -25.000 -14.000
v -38.985 -25.000 -9.000
v -39.000 -25.018 -9.000
v -39.000 -25.000 -9.011
v -38.388 -25.000 -1.000
v -39.000 -25.000 -1.455
v -39.000 -25.571 -1.000
v -38.398 -25.000 6.000
v -39.000 -25.000 6.562
v -39.000 -25.493 7.000
v -39.000 -24.000 -22.276
v -39.000 -24.372 -22.000
v -39.000 -24.949 -16.000
v -39.000 -24.988 -9.000
v -39.000 -24.546 -8.000
v -39.000 -24.503 -7.000
v -39.000 -24.502 -6.000
v -39.000 -24.502 -5.000
v -39.000 -24.501 -4.000
v -39.000 -24.502 -3.000
v -39.000 -24.605 -2.000
v -39.000 -24.408 6.000
v -39.000 -24.000 5.664
v -39.000 -23.000 -22.459
v -39.000 -23.089 5.000
v -39.000 -23.000 4.935
v -38.503 -22.000 -22.000
v -39.000 -22.000 -22.307
v -39.000 -22.864 5.000
v -38.352 -22.000 5.000
v -39.000 -22.000 5.404
v -38.132 -22.000 15.000
v -39.000 -22.000 14.750
v -39.000 -22.177 15.000
v -39.000 -22.000 15.195
v -39.000 -21.301 -22.000
v -39.000 -21.000 -21.848
v -39.000 -21.299 6.000
v -38.634 -21.000 6.000
v -39.000 -21.000 6.237
v -39.000 -21.000 13.496
v -39.000 -21.495 14.000
v -39.000 -21.000 15.572
v -39.000 -20.000 -22.328
v -39.000 -20.707 -22.000
v -38.023 -20.000 6.000
v -39.000 -20.000 6.526
v -38.557 -20.000 12.000
v -39.000 -20.000 12.360
v -39.000 -20.525 13.000
v -39.000 -20.000 15.577
v -38.575 -19.000 -23.000
v -39.000 -19.000 -22.736
v -39.000 -19.000 6.806
v -38.744 -19.000 7.000
v -38.516 -19.000 8.000
v -38.639 -19.000 9.000
v -39.000 -19.000 9.506
v -39.000 -19.280 10.000
v -39.000 -19.421 11.000
v -39.000 -19.706 12.000
v -38.493 -19.000 15.000
v -39.000 -19.000 15.324
v -39.000 -18.000 -24.382
v -39.000 -18.297 -24.000
v -39.000 -18.735 -23.000
v -39.000 -18.509 7.000
v -39.000 -18.489 8.000
v -39.000 -18.704 9.000
v -39.000 -18.493 15.000
v -39.000 -18.000 14.693
v -38.734 -17.000 -26.000
v -39.000 -17.000 -26.202
v -39.000 -17.204 -26.000
v -39.000 -17.573 -25.000
v -39.000 -17.000 14.422
v -38.624 -16.000 -26.000
v -39.000 -16.000 -26.276
v -39.000 -16.372 14.000
v -39.000 -16.000 13.723
v -39.000 -15.501 -26.000
v -39.000 -15.000 -25.723
v -39.000 -15.000 13.520
v -39.000 -14.000 -25.753
v -39.000 -14.000 13.521
v -39.000 -13.000 -26.525
v -39.000 -13.680 -26.000
v -38.577 -13.000 14.000
v -39.000 -13.000 13.726
v -39.000 -12.000 -27.477
v -39.000 -12.497 -27.000
v -39.000 -12.668 14.000
v -39.000 -12.261 15.000
v -39.000 -12.000 15.310
v -38.435 -11.000 -28.000
v -39.000 -11.000 -28.935
v -39.000 -11.390 -28.000
v -39.000 -11.332 16.000
v -39.000 -11.000 16.272
v -39.000 -10.000 -28.656
v -39.000 -10.000 16.480
v -39.000 -9.000 -28.520
v -39.000 -9.000 16.479
v -39.000 -8.000 -28.502
v -39.000 -8.000 16.278
v -39.000 -7.000 -28.500
v -39.000 -7.647 16.000
v -39.000 -7.000 15.477
v -39.000 -6.000 -28.499
v -39.000 -6.499 15.000
v -39.000 -6.000 14.524
v -39.000 -5.000 -28.479
v -38.496 -5.000 14.000
v -39.000 -5.387 14.000
v -39.000 -5.000 13.629
v -39.000 -4.000 -28.278
v -38.692 -4.000 13.000
v -39.000 -4.308 13.000
v -39.000 -4.000 12.742
v -39.000 -3.621 -28.000
v -39.000 -3.000 -27.596
v -38.507 -3.000 13.000
v -39.000 -3.000 12.525
v -39.000 -2.000 -27.381
v -38.500 -2.000 13.000
v -39.000 -2.000 12.501
v -39.000 -1.498 -27.000
v -39.000 -1.000 -26.622
v -38.501 -1.000 13.000
v -39.000 -1.000 12.502
v -39.000 0.000 -26.502
v -38.612 0.000 13.000
v -39.000 0.000 12.628
v -39.000 1.000 -26.500
v -39.000 0.536 13.000
v -39.000 1.000 13.290
v -39.000 2.000 -26.519
v -38.361 2.000 14.000
v -39.000 2.000 13.476
v -38.470 3.000 -27.000
v -39.000 3.000 -26.694
v -38.494 3.000 14.000
v -39.000 3.000 13.522
v -39.000 4.000 -27.278
v -39.000 3.531 -27.000
v -38.497 4.000 14.000
v -39.000 4.000 13.599
v -39.000 5.000 -27.378
v -38.319 5.000 14.000
v -39.000 5.000 13.491
v -39.000 6.000 -27.380
v -39.000 5.082 11.000
v -39.000 6.000 10.620
v -39.000 6.000 11.858
v -38.431 6.000 13.000
v -39.000 5.571 13.000
v -39.000 6.000 12.146
v -39.000 7.000 -27.380
v -38.165 7.000 10.000
v -39.000 7.000 10.313
v -39.000 6.076 12.000
v -39.000 8.000 -27.378
v -39.000 7.381 10.000
v -39.000 8.000 9.496
v -39.000 9.000 -27.278
v -39.000 8.497 9.000
v -39.000 9.000 8.472
v -39.000 9.470 -27.000
v -38.500 10.000 -27.000
v -39.000 10.000 -26.694
v -39.000 9.619 7.000
v -39.000 10.000 6.530
v -39.000 9.381 8.000
v -39.000 11.000 -26.520
v -39.000 10.500 6.000
v -39.000 11.000 5.500
v -39.000 12.000 -26.500
v -39.000 11.530 5.000
v -39.000 12.000 4.619
v -39.000 13.000 -26.480
v -39.000 13.000 4.378
v -39.000 14.000 -26.305
v -39.000 13.467 4.000
v -39.000 14.000 3.498
v -39.000 14.491 -26.000
v -38.461 15.000 -26.000
v -39.000 15.000 -25.674
v -39.000 14.504 3.000
v -39.000 15.000 2.523
v -39.000 16.000 -25.290
v -38.529 16.000 2.000
v -39.000 15.638 2.000
v -39.000 16.000 1.703
v -39.000 16.340 -25.000
v -39.000 17.000 -24.368
v -39.000 17.000 1.318
v -39.000 17.368 -24.000
v -39.000 18.000 -23.340
v -38.368 18.000 1.000
v -39.000 17.438 1.000
v -39.000 18.000 0.463
v -39.000 18.290 -23.000
v -38.462 19.000 -22.000
v -39.000 18.674 -22.000
v -39.000 19.000 -21.491
v -39.000 18.394 0.000
v -39.000 19.000 -0.688
v -39.000 19.305 -21.000
v -39.000 19.480 -20.000
v -39.000 19.519 -19.000
v -38.379 20.000 -18.000
v -39.000 19.598 -18.000
v -38.500 20.000 -17.000
v -39.000 19.621 -17.000
v -38.621 20.000 -16.000
v -39.000 19.722 -16.000
v -39.000 20.000 -15.530
v -38.435 20.000 -2.000
v -39.000 19.596 -2.000
v -39.000 20.000 -2.572
v -39.000 19.260 -1.000
v -39.000 20.306 -15.000
v -39.000 20.481 -14.000
v -39.000 20.518 -13.000
v -38.219 21.000 -12.000
v -39.000 20.576 -12.000
v -39.000 20.519 -11.000
v -39.000 20.501 -10.000
v -39.000 20.499 -9.000
v -39.000 20.481 -8.000
v -39.000 20.402 -7.000
v -39.000 20.380 -6.000
v -39.000 20.379 -5.000
v -39.000 20.378 -4.000
v -39.000 20.271 -3.000
v -40.000 -45.000 -6.404
v -40.000 -45.273 -6.000
v -40.000 -45.000 -5.753
v -40.000 -44.000 -7.399
v -40.000 -44.578 -7.000
v -40.000 -44.000 -5.503
v -40.000 -43.000 -7.496
v -40.000 -43.000 -5.406
v -40.000 -42.000 -7.475
v -40.000 -42.000 -5.429
v -39.707 -41.000 -7.000
v -40.000 -41.000 -7.245
v -39.699 -41.000 -6.000
v -40.000 -41.000 -5.738
v -40.000 -40.703 -7.000
v -40.000 -40.684 -6.000
v -39.707 -34.000 1.000
v -40.000 -34.000 0.534
v -40.000 -34.357 1.000
v -40.000 -34.295 2.000
v -39.718 -34.000 2.000
v -40.000 -34.000 2.255
v -39.704 -33.000 0.000
v -40.000 -33.000 -0.361
v -40.000 -33.469 0.000
v -39.323 -33.000 1.000
v -40.000 -33.000 2.687
v -39.518 -32.000 0.000
v -40.000 -32.000 -0.496
v -40.000 -32.638 3.000
v -40.000 -32.000 3.529
v -39.340 -31.000 0.000
v -40.000 -31.000 -0.628
v -40.000 -31.523 4.000
v -39.438 -31.000 5.000
v -40.000 -31.000 4.582
v -39.350 -30.000 -10.000
v -39.253 -30.000 -9.000
v -39.661 -30.000 -1.000
v -40.000 -30.000 -1.290
v -40.000 -30.464 -1.000
v -40.000 -30.529 5.000
v -39.499 -30.000 6.000
v -40.000 -30.000 5.561
v -39.507 -29.000 -12.000
v -40.000 -29.000 -11.477
v -40.000 -29.296 -11.000
v -40.000 -29.473 -10.000
v -40.000 -29.333 -9.000
v -40.000 -29.000 -8.655
v -39.502 -29.000 -1.000
v -40.000 -29.000 -1.476
v -40.000 -29.681 6.000
v -40.000 -29.288 7.000
v -40.000 -29.000 7.340
v -40.000 -28.000 -14.476
v -40.000 -28.380 -14.000
v -40.000 -28.517 -13.000
v -40.000 -28.693 -12.000
v -40.000 -28.345 -8.000
v -39.500 -28.000 -8.000
v -40.000 -28.000 -7.665
v -39.476 -28.000 -1.000
v -40.000 -28.000 -1.500
v -40.000 -28.368 8.000
v -39.599 -28.000 8.000
v -40.000 -28.000 8.436
v -40.000 -27.000 -20.365
v -40.000 -27.352 -20.000
v -40.000 -27.479 -19.000
v -40.000 -27.300 -18.000
v -39.514 -27.000 -18.000
v -40.000 -27.000 -17.511
v -40.000 -27.000 -15.637
v -40.000 -27.520 -15.000
v -39.464 -27.000 -8.000
v -40.000 -27.000 -7.628
v -39.469 -27.000 -1.000
v -40.000 -27.000 -1.501
v -39.414 -27.000 8.000
v -40.000 -27.240 9.000
v -39.855 -27.000 9.000
v -40.000 -27.000 9.181
v -39.499 -26.000 -21.000
v -40.000 -26.000 -20.719
v -40.000 -26.626 -17.000
v -39.365 -26.000 -17.000
v -40.000 -26.646 -16.000
v -39.423 -26.000 -16.000
v -40.000 -26.516 -8.000
v -40.000 -26.000 -8.389
v -39.353 -26.000 -1.000
v -40.000 -26.000 -1.525
v -39.501 -26.000 8.000
v -40.000 -26.000 8.638
v -40.000 -26.688 9.000
v -40.000 -25.000 -21.420
v -40.000 -25.623 -21.000
v -39.051 -25.000 -16.000
v -40.000 -25.000 -9.000
v -40.000 -25.000 -9.000
v -40.000 -25.000 -1.778
v -39.319 -25.000 7.000
v -39.703 -25.000 8.000
v -40.000 -25.000 8.383
v -39.496 -24.000 -22.000
v -40.000 -24.000 -21.719
v -40.000 -25.000 -9.000
v -40.000 -24.564 -8.000
v -40.000 -24.506 -7.000
v -40.000 -24.501 -6.000
v -40.000 -24.500 -5.000
v -40.000 -24.501 -4.000
v -40.000 -24.525 -3.000
v -40.000 -24.785 -2.000
v -39.292 -24.000 6.000
v -39.675 -24.000 7.000
v -40.000 -24.000 7.500
v -40.000 -24.529 8.000
v -40.000 -23.000 -22.400
v -40.000 -23.617 -22.000
v -39.069 -23.000 5.000
v -39.650 -23.000 6.000
v -40.000 -23.000 6.510
v -40.000 -23.499 7.000
v -40.000 -22.000 -22.477
v -40.000 -22.165 6.000
v -40.000 -22.000 5.917
v -40.000 -22.000 14.710
v -40.000 -22.208 15.000
v -40.000 -22.000 15.275
v -39.279 -21.000 -22.000
v -40.000 -21.000 -22.333
v -40.000 -21.885 6.000
v -40.000 -21.000 6.529
v -40.000 -21.000 13.501
v -40.000 -21.497 14.000
v -40.000 -21.316 16.000
v -39.659 -21.000 16.000
v -40.000 -21.000 16.245
v -40.000 -20.000 -22.008
v -40.000 -20.389 7.000
v -39.610 -20.000 7.000
v -40.000 -20.000 7.344
v -40.000 -20.000 12.494
v -40.000 -20.500 13.000
v -39.629 -20.000 16.000
v -40.000 -20.000 16.276
v -40.000 -19.000 -22.438
v -39.258 -19.000 7.000
v -40.000 -19.000 7.556
v -39.358 -19.000 10.000
v -39.618 -19.000 11.000
v -40.000 -19.000 11.365
v -40.000 -19.519 12.000
v -40.000 -19.542 16.000
v -40.000 -19.000 15.674
v -39.471 -18.000 -24.000
v -40.000 -18.000 -23.527
v -40.000 -18.412 -23.000
v -40.000 -18.184 8.000
v -40.000 -18.352 9.000
v -40.000 -18.482 10.000
v -40.000 -18.659 11.000
v -39.493 -18.000 15.000
v -40.000 -18.000 15.324
v -40.000 -17.000 -26.205
v -40.000 -17.203 -26.000
v -40.000 -17.418 -25.000
v -40.000 -17.676 -24.000
v -40.000 -17.501 15.000
v -40.000 -17.000 14.676
v -40.000 -16.000 -26.456
v -39.489 -16.000 14.000
v -40.000 -16.000 14.297
v -39.377 -15.000 -26.000
v -40.000 -15.000 -26.403
v -40.000 -15.611 14.000
v -40.000 -15.000 13.599
v -39.340 -14.000 -26.000
v -40.000 -14.000 -26.423
v -40.000 -14.000 13.502
v -40.000 -13.000 -26.705
v -40.000 -13.000 13.523
v -40.000 -12.000 -27.442
v -40.000 -12.618 -27.000
v -39.739 -12.000 14.000
v -40.000 -12.000 13.790
v -39.329 -12.000 15.000
v -39.129 -11.000 -29.000
v -40.000 -11.000 -29.176
v -40.000 -11.170 -29.000
v -40.000 -11.000 -28.169
v -39.913 -11.000 -28.000
v -40.000 -11.000 -27.960
v -40.000 -11.791 14.000
v -40.000 -11.495 15.000
v -39.428 -11.000 16.000
v -40.000 -11.000 15.575
v -39.560 -10.000 -29.000
v -40.000 -10.000 -29.269
v -40.000 -10.958 -28.000
v -40.000 -10.433 16.000
v -40.000 -10.000 16.276
v -40.000 -9.516 -29.000
v -40.000 -9.000 -28.718
v -40.000 -9.000 16.277
v -40.000 -8.000 -28.599
v -39.468 -8.000 16.000
v -40.000 -8.533 16.000
v -40.000 -8.000 15.692
v -40.000 -7.000 -28.518
v -40.000 -7.000 15.398
v -40.000 -6.000 -28.480
v -40.000 -6.524 15.000
v -40.000 -6.000 14.500
v -40.000 -5.000 -28.306
v -40.000 -5.499 14.000
v -40.000 -5.000 13.502
v -40.000 -4.500 -28.000
v -39.470 -4.000 -28.000
v -40.000 -4.000 -27.694
v -40.000 -4.493 13.000
v -40.000 -4.000 12.525
v -40.000 -3.000 -27.517
v -39.678 -3.000 12.000
v -40.000 -3.322 12.000
v -40.000 -3.000 11.751
v -40.000 -2.000 -27.379
v -39.527 -2.000 12.000
v -40.000 -2.000 11.604
v -40.000 -1.502 -27.000
v -40.000 -1.000 -26.620
v -39.512 -1.000 12.000
v -40.000 -1.000 11.548
v -40.000 0.000 -26.502
v -39.662 0.000 12.000
v -40.000 0.000 11.712
v -40.000 1.000 -26.500
v -40.000 0.462 12.000
v -39.339 1.000 13.000
v -40.000 1.000 12.373
v -40.000 2.000 -26.501
v -39.500 2.000 13.000
v -40.000 2.000 12.523
v -40.000 3.000 -26.519
v -39.639 3.000 13.000
v -40.000 3.000 12.703
v -39.379 4.000 -27.000
v -40.000 4.000 -26.598
v -40.000 3.512 13.000
v -40.000 4.000 13.277
v -39.498 5.000 -27.000
v -40.000 5.000 -26.620
v -39.926 5.000 11.000
v -40.000 4.997 11.000
v -40.000 5.000 10.996
v -40.000 5.000 11.006
v -40.000 5.000 13.210
v -39.500 6.000 -27.000
v -40.000 6.000 -26.620
v -40.000 6.000 10.559
v -39.103 6.000 12.000
v -40.000 5.451 12.000
v -40.000 5.220 13.000
v -39.500 7.000 -27.000
v -40.000 7.000 -26.620
v -40.000 7.000 10.382
v -39.498 8.000 -27.000
v -40.000 8.000 -26.620
v -40.000 7.475 10.000
v -40.000 8.000 9.523
v -39.379 9.000 -27.000
v -40.000 9.000 -26.598
v -40.000 8.603 9.000
v -40.000 9.000 8.577
v -40.000 10.000 -26.519
v -40.000 9.621 7.000
v -40.000 10.000 6.532
v -40.000 9.403 8.000
v -40.000 11.000 -26.499
v -40.000 10.502 6.000
v -40.000 11.000 5.502
v -40.000 12.000 -26.479
v -40.000 11.525 5.000
v -40.000 12.000 4.602
v -40.000 13.000 -26.305
v -40.000 13.000 4.273
v -40.000 13.492 -26.000
v -39.492 14.000 -26.000
v -40.000 14.000 -25.675
v -40.000 13.332 4.000
v -40.000 14.000 3.366
v -40.000 15.000 -25.324
v -40.000 14.366 3.000
v -40.000 15.000 2.367
v -40.000 15.474 -25.000
v -39.437 16.000 -25.000
v -40.000 16.000 -24.597
v -40.000 15.371 2.000
v -40.000 16.000 1.396
v -39.500 17.000 -24.000
v -40.000 16.628 -24.000
v -40.000 17.000 -23.628
v -39.444 17.000 1.000
v -40.000 16.471 1.000
v -40.000 17.000 0.495
v -39.437 18.000 -23.000
v -40.000 17.597 -23.000
v -40.000 18.000 -22.473
v -39.475 18.000 0.000
v -40.000 17.500 0.000
v -40.000 18.000 -0.551
v -40.000 18.324 -22.000
v -39.492 19.000 -21.000
v -40.000 18.675 -21.000
v -40.000 19.000 -20.492
v -39.628 19.000 -2.000
v -40.000 18.633 -2.000
v -40.000 19.000 -2.500
v -39.310 19.000 -1.000
v -40.000 18.367 -1.000
v -40.000 19.305 -20.000
v -40.000 19.480 -19.000
v -40.000 19.500 -18.000
v -40.000 19.502 -17.000
v -40.000 19.521 -16.000
v -39.500 20.000 -15.000
v -40.000 19.694 -15.000
v -40.000 20.000 -14.470
v -39.620 20.000 -7.000
v -40.000 19.721 -7.000
v -40.000 20.000 -7.500
v -39.496 20.000 -6.000
v -40.000 19.603 -6.000
v -39.475 20.000 -5.000
v -40.000 19.523 -5.000
v -39.468 20.000 -4.000
v -40.000 19.499 -4.000
v -39.331 20.000 -3.000
v -40.000 19.366 -3.000
v -40.000 20.279 -14.000
v -40.000 20.401 -13.000
v -40.000 20.482 -12.000
v -40.000 20.498 -11.000
v -40.000 20.481 -10.000
v -40.000 20.401 -9.000
v -40.000 20.279 -8.000
v -40.564 -45.000 -7.000
v -41.000 -45.000 -7.260
v -41.000 -45.303 -7.000
v -41.000 -45.774 -6.000
v -41.000 -45.000 -5.564
v -41.000 -44.000 -7.479
v -41.000 -44.000 -5.311
v -41.000 -43.000 -7.517
v -41.000 -43.467 -5.000
v -40.623 -43.000 -5.000
v -41.000 -43.000 -4.723
v -41.000 -42.000 -7.596
v -40.628 -42.000 -5.000
v -41.000 -42.000 -4.723
v -41.000 -41.000 -7.595
v -41.000 -41.510 -5.000
v -41.000 -41.000 -5.301
v -40.638 -40.000 -7.000
v -41.000 -40.000 -7.366
v -40.551 -40.000 -6.000
v -41.000 -40.000 -5.523
v -41.000 -39.539 -7.000
v -40.884 -39.000 -6.000
v -41.000 -39.000 -6.218
v -41.000 -39.000 -5.833
v -41.000 -38.833 -6.000
v -40.704 -35.000 0.000
v -41.000 -35.000 -0.478
v -41.000 -35.387 0.000
v -41.000 -35.516 1.000
v -40.527 -35.000 1.000
v -41.000 -35.300 2.000
v -40.703 -35.000 2.000
v -41.000 -35.000 2.247
v -40.704 -34.000 -1.000
v -41.000 -34.000 -1.387
v -41.000 -34.478 -1.000
v -40.326 -34.000 0.000
v -41.000 -34.000 2.575
v -40.524 -33.000 -1.000
v -41.000 -33.000 -1.523
v -41.000 -33.377 3.000
v -40.508 -33.000 3.000
v -41.000 -33.000 3.280
v -40.498 -32.000 -1.000
v -41.000 -32.000 -1.530
v -41.000 -32.000 3.579
v -40.388 -31.000 -1.000
v -41.000 -31.000 -1.554
v -41.000 -31.383 4.000
v -41.000 -31.000 4.298
v -41.000 -30.000 -1.744
v -40.622 -30.000 5.000
v -41.000 -30.000 4.736
v -40.361 -29.000 -11.000
v -40.492 -29.000 -10.000
v -40.357 -29.000 -9.000
v -40.605 -29.000 -2.000
v -41.000 -29.000 -2.417
v -41.000 -29.585 -2.000
v -41.000 -29.736 5.000
v -41.000 -29.325 6.000
v -40.467 -29.000 7.000
v -41.000 -29.000 6.506
v -41.000 -28.000 -14.589
v -41.000 -28.378 -14.000
v -41.000 -28.401 -13.000
v -41.000 -28.399 -12.000
v -41.000 -28.477 -11.000
v -41.000 -28.500 -10.000
v -41.000 -28.499 -9.000
v -41.000 -28.491 -8.000
v -41.000 -28.341 -7.000
v -40.669 -28.000 -7.000
v -41.000 -28.000 -6.650
v -40.501 -28.000 -2.000
v -41.000 -28.000 -2.528
v -41.000 -28.692 7.000
v -41.000 -28.497 8.000
v -41.000 -28.296 9.000
v -40.575 -28.000 9.000
v -41.000 -28.000 9.430
v -41.000 -27.000 -20.239
v -41.000 -27.238 -20.000
v -41.000 -27.480 -19.000
v -41.000 -27.481 -18.000
v -41.000 -27.402 -17.000
v -40.413 -27.000 -17.000
v -41.000 -27.421 -16.000
v -40.380 -27.000 -16.000
v -41.000 -27.702 -15.000
v -40.631 -27.000 -7.000
v -41.000 -27.000 -6.615
v -40.500 -27.000 -2.000
v -41.000 -27.000 -2.524
v -41.000 -27.432 10.000
v -40.657 -27.000 10.000
v -41.000 -27.000 10.358
v -41.000 -26.000 -20.580
v -40.464 -26.000 -8.000
v -41.000 -26.000 -7.439
v -41.000 -26.494 -7.000
v -40.493 -26.000 -2.000
v -41.000 -26.000 -2.507
v -40.283 -26.000 9.000
v -40.605 -26.000 10.000
v -41.000 -26.000 10.472
v -41.000 -25.000 -21.280
v -41.000 -25.377 -21.000
v -40.000 -25.000 -9.000
v -41.000 -25.000 -8.057
v -41.000 -25.088 -8.000
v -40.263 -25.000 -2.000
v -41.000 -25.000 -2.704
v -40.421 -25.000 9.000
v -40.727 -25.000 10.000
v -41.000 -25.000 10.331
v -41.000 -24.000 -21.578
v -41.000 -24.950 -8.000
v -41.000 -24.653 -7.000
v -41.000 -24.540 -6.000
v -41.000 -24.506 -5.000
v -41.000 -24.525 -4.000
v -41.000 -24.754 -3.000
v -40.325 -24.000 8.000
v -40.677 -24.000 9.000
v -41.000 -24.000 9.473
v -41.000 -24.571 10.000
v -41.000 -23.000 -22.250
v -41.000 -23.344 -22.000
v -40.324 -23.000 7.000
v -40.675 -23.000 8.000
v -41.000 -23.000 8.500
v -41.000 -23.501 9.000
v -41.000 -22.000 -22.399
v -40.084 -22.000 6.000
v -40.650 -22.000 7.000
v -41.000 -22.000 7.513
v -41.000 -22.497 8.000
v -41.000 -22.000 14.903
v -41.000 -22.066 15.000
v -41.000 -22.000 15.091
v -41.000 -21.000 -22.460
v -41.000 -21.062 7.000
v -41.000 -21.000 6.970
v -41.000 -21.000 13.508
v -41.000 -21.473 14.000
v -41.000 -21.325 16.000
v -41.000 -21.000 16.268
v -41.000 -20.000 -22.333
v -41.000 -20.968 7.000
v -41.000 -20.352 8.000
v -40.692 -20.000 8.000
v -41.000 -20.000 8.267
v -41.000 -20.000 12.524
v -41.000 -20.493 13.000
v -41.000 -20.000 16.457
v -41.000 -19.000 -22.060
v -40.450 -19.000 8.000
v -41.000 -19.000 8.531
v -41.000 -19.000 11.683
v -41.000 -19.363 12.000
v -40.542 -19.000 16.000
v -41.000 -19.000 16.276
v -40.571 -18.000 -23.000
v -41.000 -18.000 -22.683
v -41.000 -18.000 8.980
v -40.965 -18.000 9.000
v -40.700 -18.000 10.000
v -40.749 -18.000 11.000
v -41.000 -18.000 11.215
v -41.000 -18.629 16.000
v -41.000 -18.000 15.577
v -40.269 -17.000 -26.000
v -40.622 -17.000 -25.000
v -41.000 -17.000 -24.537
v -41.000 -17.326 -24.000
v -41.000 -17.717 -23.000
v -41.000 -17.984 9.000
v -41.000 -17.776 10.000
v -41.000 -17.764 11.000
v -40.538 -17.000 15.000
v -41.000 -17.000 15.279
v -41.000 -16.000 -26.377
v -41.000 -16.447 -26.000
v -41.000 -16.720 -25.000
v -41.000 -16.643 15.000
v -41.000 -16.000 14.499
v -41.000 -15.000 -26.516
v -41.000 -15.359 14.000
v -41.000 -15.000 13.721
v -41.000 -14.000 -26.693
v -41.000 -14.000 13.501
v -40.478 -13.000 -27.000
v -41.000 -13.000 -27.306
v -41.000 -13.499 -27.000
v -41.000 -13.000 13.404
v -41.000 -12.000 -27.501
v -41.000 -12.000 13.503
v -40.840 -11.000 -29.000
v -41.000 -11.000 -27.743
v -41.000 -11.496 14.000
v -41.000 -11.185 15.000
v -41.000 -11.000 15.192
v -41.000 -10.000 -29.316
v -41.000 -10.918 -29.000
v -41.000 -10.682 -28.000
v -40.354 -10.000 16.000
v -41.000 -10.000 15.493
v -40.432 -9.000 -29.000
v -41.000 -9.000 -29.350
v -40.372 -9.000 16.000
v -41.000 -9.000 15.578
v -40.639 -8.000 -29.000
v -41.000 -8.000 -29.262
v -41.000 -8.000 15.516
v -41.000 -7.585 -29.000
v -41.000 -7.000 -28.595
v -41.000 -7.000 15.378
v -41.000 -6.000 -28.297
v -41.000 -6.532 15.000
v -41.000 -6.000 14.499
v -41.000 -5.521 -28.000
v -40.500 -5.000 -28.000
v -41.000 -5.000 -27.694
v -41.000 -5.500 14.000
v -41.000 -5.000 13.500
v -41.000 -4.000 -27.520
v -41.000 -4.500 13.000
v -41.000 -4.000 12.501
v -41.000 -3.000 -27.480
v -41.000 -3.474 12.000
v -41.000 -3.000 11.603
v -41.000 -2.000 -27.279
v -41.000 -2.000 11.336
v -41.000 -1.619 -27.000
v -41.000 -1.000 -26.599
v -41.000 -1.000 11.050
v -41.000 0.000 -26.502
v -41.000 0.000 11.444
v -41.000 1.000 -26.500
v -40.417 1.000 12.000
v -41.000 1.000 11.599
v -41.000 2.000 -26.500
v -40.645 2.000 12.000
v -41.000 2.000 11.721
v -41.000 3.000 -26.500
v -41.000 2.491 12.000
v -41.000 3.000 12.297
v -41.000 4.000 -26.501
v -40.350 4.000 13.000
v -41.000 4.000 12.469
v -41.000 5.000 -26.502
v -40.005 5.000 11.000
v -40.259 5.000 13.000
v -41.000 5.000 12.264
v -41.000 6.000 -26.502
v -41.000 5.548 11.000
v -41.000 6.000 10.621
v -41.000 5.218 12.000
v -41.000 7.000 -26.501
v -41.000 7.000 10.403
v -41.000 8.000 -26.500
v -41.000 7.603 10.000
v -41.000 8.000 9.683
v -41.000 9.000 -26.499
v -40.781 9.000 9.000
v -41.000 9.000 9.115
v -41.000 10.000 -26.481
v -41.000 9.728 7.000
v -41.000 10.000 6.669
v -41.000 9.482 8.000
v -41.000 9.110 9.000
v -41.000 11.000 -26.401
v -41.000 10.629 6.000
v -41.000 11.000 5.613
v -41.000 12.000 -26.278
v -41.000 11.529 5.000
v -41.000 12.000 4.530
v -41.000 12.462 -26.000
v -40.491 13.000 -26.000
v -41.000 13.000 -25.674
v -40.458 13.000 4.000
v -41.000 12.614 4.000
v -41.000 13.000 3.630
v -41.000 14.000 -25.325
v -40.502 14.000 3.000
v -41.000 13.636 3.000
v -41.000 14.000 2.636
v -41.000 14.500 -25.000
v -40.499 15.000 -25.000
v -41.000 15.000 -24.672
v -40.501 15.000 2.000
v -41.000 14.634 2.000
v -41.000 15.000 1.634
v -41.000 16.000 -24.263
v -40.527 16.000 1.000
v -41.000 15.634 1.000
v -41.000 16.000 0.634
v -41.000 16.307 -24.000
v -41.000 17.000 -23.275
v -40.551 17.000 0.000
v -41.000 16.634 0.000
v -41.000 17.000 -0.385
v -41.000 17.233 -23.000
v -40.473 18.000 -22.000
v -41.000 17.593 -22.000
v -41.000 18.000 -21.467
v -40.697 18.000 -2.000
v -41.000 17.756 -2.000
v -41.000 18.000 -2.321
v -40.388 18.000 -1.000
v -41.000 17.502 -1.000
v -41.000 18.318 -21.000
v -40.492 19.000 -20.000
v -41.000 18.675 -20.000
v -41.000 19.000 -19.462
v -40.647 19.000 -5.000
v -41.000 18.722 -5.000
v -41.000 19.000 -5.468
v -40.530 19.000 -4.000
v -41.000 18.620 -4.000
v -40.386 19.000 -3.000
v -41.000 18.499 -3.000
v -41.000 19.279 -19.000
v -41.000 19.401 -18.000
v -41.000 19.481 -17.000
v -41.000 19.499 -16.000
v -41.000 19.518 -15.000
v -40.381 20.000 -14.000
v -41.000 19.598 -14.000
v -40.618 20.000 -13.000
v -41.000 19.719 -13.000
v -41.000 20.000 -12.498
v -40.618 20.000 -9.000
v -41.000 19.719 -9.000
v -41.000 20.000 -9.502
v -40.381 20.000 -8.000
v -41.000 19.597 -8.000
v -41.000 19.499 -7.000
v -41.000 19.308 -6.000
v -41.000 20.278 -12.000
v -41.000 20.377 -11.000
v -41.000 20.278 -10.000
v -42.000 -45.000 -7.239
v -42.000 -45.248 -7.000
v -42.000 -45.420 -6.000
v -42.000 -45.000 -5.555
v -42.000 -44.000 -7.480
v -42.000 -44.354 -5.000
v -41.534 -44.000 -5.000
v -42.000 -44.000 -4.724
v -42.000 -43.000 -7.597
v -42.000 -43.000 -4.521
v -41.652 -42.000 -8.000
v -42.000 -42.000 -8.250
v -42.000 -42.348 -8.000
v -42.000 -42.000 -4.502
v -41.510 -41.000 -8.000
v -42.000 -41.000 -8.377
v -41.366 -41.000 -5.000
v -42.000 -41.000 -4.500
v -41.665 -40.000 -8.000
v -42.000 -40.000 -8.272
v -41.495 -40.000 -5.000
v -42.000 -40.000 -4.494
v -42.000 -39.546 -8.000
v -41.405 -39.000 -7.000
v -42.000 -39.000 -7.621
v -41.502 -39.000 -5.000
v -42.000 -39.000 -4.365
v -41.711 -38.000 -7.000
v -42.000 -38.000 -7.339
v -41.445 -38.000 -6.000
v -41.503 -38.000 -5.000
v -42.000 -38.523 -4.000
v -41.694 -38.000 -4.000
v -42.000 -38.000 -3.470
v -42.000 -37.563 -7.000
v -41.721 -37.000 -6.000
v -42.000 -37.000 -6.437
v -41.600 -37.000 -5.000
v -41.539 -37.000 -4.000
v -42.000 -37.619 -3.000
v -41.599 -37.000 -3.000
v -42.000 -37.501 -2.000
v -41.620 -37.000 -2.000
v -42.000 -37.494 -1.000
v -41.620 -37.000 -1.000
v -42.000 -37.472 0.000
v -41.621 -37.000 0.000
v -42.000 -37.328 1.000
v -41.729 -37.000 1.000
v -42.000 -37.000 1.397
v -42.000 -36.620 -6.000
v -42.000 -36.381 -5.000
v -41.694 -36.000 -4.000
v -42.000 -36.000 -4.530
v -41.521 -36.000 -3.000
v -41.501 -36.000 -2.000
v -41.482 -36.000 -1.000
v -41.404 -36.000 0.000
v -41.401 -36.000 1.000
v -42.000 -36.397 2.000
v -41.670 -36.000 2.000
v -42.000 -36.000 2.273
v -42.000 -35.470 -4.000
v -41.598 -35.000 -3.000
v -42.000 -35.000 -3.621
v -41.482 -35.000 -2.000
v -41.306 -35.000 -1.000
v -42.000 -35.000 2.496
v -41.619 -34.000 -3.000
v -42.000 -34.000 -3.502
v -41.404 -34.000 -2.000
v -42.000 -34.000 2.721
v -41.619 -33.000 -3.000
v -42.000 -33.000 -3.500
v -41.381 -33.000 -2.000
v -42.000 -33.619 3.000
v -42.000 -33.000 3.401
v -41.619 -32.000 -3.000
v -42.000 -32.000 -3.500
v -41.381 -32.000 -2.000
v -42.000 -32.000 3.518
v -41.618 -31.000 -3.000
v -42.000 -31.000 -3.502
v -41.375 -31.000 -2.000
v -41.479 -31.000 4.000
v -42.000 -31.000 3.695
v -41.892 -30.000 -6.000
v -42.000 -30.000 -6.186
v -42.000 -30.147 -6.000
v -42.000 -30.000 -5.820
v -41.578 -30.000 -3.000
v -42.000 -30.000 -3.627
v -41.247 -30.000 -2.000
v -42.000 -30.534 4.000
v -42.000 -30.000 4.407
v -41.637 -29.000 -7.000
v -42.000 -29.000 -7.363
v -42.000 -29.426 -7.000
v -41.628 -29.000 -6.000
v -42.000 -29.000 -5.384
v -41.717 -29.000 -4.000
v -42.000 -29.000 -4.537
v -42.000 -29.506 -4.000
v -41.421 -29.000 -3.000
v -42.000 -29.401 5.000
v -41.475 -29.000 6.000
v -42.000 -29.000 5.495
v -41.745 -28.000 -15.000
v -42.000 -28.000 -15.168
v -42.000 -28.115 -15.000
v -42.000 -28.248 -14.000
v -41.610 -28.000 -13.000
v -42.000 -28.000 -13.546
v -41.482 -28.000 -12.000
v -41.495 -28.000 -11.000
v -41.501 -28.000 -10.000
v -41.601 -28.000 -9.000
v -42.000 -28.000 -8.487
v -42.000 -28.373 -8.000
v -41.522 -28.000 -6.000
v -42.000 -28.000 -5.309
v -41.619 -28.000 -4.000
v -42.000 -28.000 -4.669
v -41.382 -28.000 -3.000
v -42.000 -28.600 6.000
v -42.000 -28.400 7.000
v -42.000 -28.380 8.000
v -42.000 -28.353 9.000
v -42.000 -28.106 10.000
v -41.814 -28.000 10.000
v -42.000 -28.000 10.138
v -41.403 -27.000 -20.000
v -42.000 -27.000 -19.575
v -42.000 -27.400 -19.000
v -42.000 -27.498 -18.000
v -42.000 -27.500 -17.000
v -42.000 -27.575 -16.000
v -42.000 -27.703 -13.000
v -42.000 -27.524 -12.000
v -42.000 -27.496 -11.000
v -42.000 -27.477 -10.000
v -42.000 -27.584 -9.000
v -41.523 -27.000 -6.000
v -42.000 -27.000 -5.343
v -41.717 -27.000 -4.000
v -42.000 -27.000 -4.539
v -41.398 -27.000 -3.000
v -42.000 -27.319 11.000
v -41.670 -27.000 11.000
v -42.000 -27.000 11.326
v -42.000 -26.000 -20.418
v -42.000 -26.580 -20.000
v -41.318 -26.000 -7.000
v -41.699 -26.000 -6.000
v -42.000 -26.000 -5.585
v -42.000 -26.490 -4.000
v -41.474 -26.000 -3.000
v -42.000 -26.000 -3.652
v -41.504 -26.000 11.000
v -42.000 -26.000 11.496
v -41.469 -25.000 -21.000
v -42.000 -25.000 -20.691
v -41.048 -25.000 -8.000
v -41.394 -25.000 -7.000
v -42.000 -25.000 -6.079
v -42.000 -25.140 -6.000
v -41.296 -25.000 -3.000
v -42.000 -25.000 -3.749
v -41.628 -25.000 11.000
v -42.000 -25.000 11.388
v -42.000 -24.000 -21.295
v -42.000 -24.475 -21.000
v -42.000 -24.938 -6.000
v -42.000 -24.679 -5.000
v -42.000 -24.795 -4.000
v -41.403 -24.000 10.000
v -42.000 -24.000 10.655
v -42.000 -24.465 11.000
v -41.324 -23.000 -22.000
v -42.000 -23.000 -21.477
v -41.325 -23.000 9.000
v -41.710 -23.000 10.000
v -42.000 -23.000 10.344
v -41.576 -22.000 -22.000
v -42.000 -22.000 -21.604
v -41.321 -22.000 8.000
v -41.681 -22.000 9.000
v -42.000 -22.000 9.445
v -42.000 -22.585 10.000
v -41.086 -22.000 15.000
v -42.000 -21.000 -22.244
v -42.000 -21.413 -22.000
v -41.028 -21.000 7.000
v -41.469 -21.000 8.000
v -42.000 -21.000 8.628
v -42.000 -21.489 9.000
v -42.000 -21.000 13.695
v -42.000 -21.256 14.000
v -42.000 -21.341 15.000
v -41.400 -21.000 16.000
v -42.000 -21.000 15.431
v -42.000 -20.000 -22.349
v -42.000 -20.000 8.766
v -42.000 -20.000 12.708
v -42.000 -20.338 13.000
v -42.000 -20.401 16.000
v -42.000 -20.000 16.268
v -42.000 -19.000 -22.309
v -42.000 -19.710 9.000
v -41.451 -19.000 9.000
v -42.000 -19.309 10.000
v -41.737 -19.000 10.000
v -42.000 -19.000 10.345
v -41.548 -19.000 12.000
v -42.000 -19.000 12.260
v -42.000 -19.000 16.245
v -42.000 -18.000 -22.569
v -41.017 -18.000 9.000
v -41.295 -18.000 10.000
v -42.000 -18.000 10.763
v -42.000 -18.000 11.222
v -42.000 -18.686 12.000
v -42.000 -18.658 16.000
v -42.000 -18.000 15.594
v -41.509 -17.000 -24.000
v -42.000 -17.000 -23.542
v -42.000 -17.445 -23.000
v -42.000 -17.584 11.000
v -42.000 -17.000 15.378
v -42.000 -16.000 -26.348
v -42.000 -16.348 -26.000
v -42.000 -16.517 -25.000
v -42.000 -16.695 -24.000
v -42.000 -16.509 15.000
v -42.000 -16.000 14.600
v -42.000 -15.000 -26.596
v -41.502 -15.000 14.000
v -42.000 -15.000 14.278
v -41.531 -14.000 -27.000
v -42.000 -14.000 -27.278
v -42.000 -14.379 -27.000
v -42.000 -14.644 14.000
v -42.000 -14.000 13.499
v -42.000 -13.000 -27.480
v -41.644 -13.000 13.000
v -42.000 -13.336 13.000
v -42.000 -13.000 12.733
v -42.000 -12.000 -27.503
v -41.509 -12.000 13.000
v -42.000 -12.000 12.531
v -42.000 -11.000 -27.538
v -41.731 -11.000 13.000
v -42.000 -11.000 12.666
v -41.477 -11.000 14.000
v -41.192 -11.000 15.000
v -41.366 -10.000 -29.000
v -41.580 -10.000 -28.000
v -42.000 -10.000 -27.650
v -42.000 -10.644 13.000
v -42.000 -10.358 14.000
v -42.000 -10.000 14.430
v -41.569 -10.000 15.000
v -42.000 -9.000 -29.062
v -42.000 -9.080 -29.000
v -42.000 -9.000 -28.536
v -41.928 -9.000 -28.000
v -42.000 -9.000 -27.929
v -42.000 -9.389 15.000
v -42.000 -9.000 15.246
v -42.000 -8.000 -29.267
v -42.000 -8.876 -28.000
v -42.000 -8.000 15.371
v -42.000 -7.333 -29.000
v -41.844 -7.000 -28.000
v -42.000 -7.202 -28.000
v -42.000 -7.000 -27.880
v -42.000 -7.000 15.249
v -41.408 -6.000 -28.000
v -42.000 -6.000 -27.619
v -42.000 -6.678 15.000
v -42.000 -6.000 14.475
v -42.000 -5.000 -27.519
v -42.000 -5.506 14.000
v -42.000 -5.000 13.500
v -42.000 -4.000 -27.480
v -42.000 -4.500 13.000
v -42.000 -4.000 12.495
v -42.000 -3.000 -27.306
v -42.000 -3.518 12.000
v -42.000 -3.000 11.420
v -42.000 -2.470 -27.000
v -41.500 -2.000 -27.000
v -42.000 -2.000 -26.721
v -41.673 -2.000 11.000
v -42.000 -2.322 11.000
v -42.000 -2.000 10.782
v -42.000 -1.000 -26.599
v -42.000 -1.642 11.000
v -42.000 -1.000 11.302
v -42.000 0.000 -26.518
v -42.000 0.000 11.481
v -42.000 1.000 -26.500
v -42.000 1.000 11.501
v -42.000 2.000 -26.500
v -42.000 2.000 11.519
v -42.000 3.000 -26.500
v -41.388 3.000 12.000
v -42.000 3.000 11.598
v -42.000 4.000 -26.500
v -41.516 4.000 12.000
v -42.000 4.000 11.618
v -42.000 5.000 -26.500
v -41.282 5.000 12.000
v -42.000 5.000 11.476
v -42.000 6.000 -26.498
v -42.000 5.529 11.000
v -42.000 6.000 10.624
v -42.000 7.000 -26.481
v -42.000 7.000 10.463
v -42.000 8.000 -26.402
v -41.762 8.000 10.000
v -42.000 8.000 10.110
v -42.000 9.000 -26.379
v -41.245 9.000 9.000
v -42.000 8.692 9.000
v -42.000 9.000 8.650
v -42.000 8.115 10.000
v -42.000 10.000 -26.278
v -41.406 10.000 7.000
v -42.000 10.000 7.530
v -42.000 9.605 8.000
v -42.000 10.490 -26.000
v -41.611 11.000 -26.000
v -42.000 11.000 -25.703
v -41.479 11.000 6.000
v -42.000 11.000 6.476
v -42.000 10.506 7.000
v -41.358 12.000 -26.000
v -42.000 12.000 -25.500
v -42.000 11.740 5.000
v -42.000 12.000 4.691
v -42.000 11.396 6.000
v -42.000 13.000 -25.296
v -42.000 12.636 4.000
v -42.000 13.000 3.636
v -42.000 13.470 -25.000
v -41.499 14.000 -25.000
v -42.000 14.000 -24.671
v -42.000 13.630 3.000
v -42.000 14.000 2.614
v -42.000 15.000 -24.266
v -42.000 14.526 2.000
v -42.000 15.000 1.508
v -42.000 15.310 -24.000
v -41.310 16.000 -24.000
v -41.706 16.000 -23.000
v -42.000 15.659 -23.000
v -42.000 16.000 -22.585
v -42.000 15.502 1.000
v -42.000 16.000 0.502
v -41.235 17.000 -23.000
v -42.000 16.530 -22.000
v -41.600 17.000 -22.000
v -42.000 17.000 -21.524
v -42.000 16.501 0.000
v -42.000 17.000 -0.529
v -41.444 18.000 -21.000
v -42.000 17.494 -21.000
v -42.000 18.000 -20.443
v -42.000 17.598 -2.000
v -42.000 18.000 -2.619
v -42.000 17.381 -1.000
v -42.000 18.317 -20.000
v -41.376 19.000 -19.000
v -42.000 18.579 -19.000
v -41.618 19.000 -18.000
v -42.000 18.719 -18.000
v -42.000 19.000 -17.499
v -41.500 19.000 -6.000
v -42.000 18.692 -6.000
v -42.000 19.000 -6.531
v -42.000 18.519 -5.000
v -42.000 18.481 -4.000
v -42.000 18.280 -3.000
v -42.000 19.279 -17.000
v -42.000 19.378 -16.000
v -42.000 19.380 -15.000
v -42.000 19.381 -14.000
v -42.000 19.399 -13.000
v -41.358 20.000 -12.000
v -42.000 19.500 -12.000
v -41.486 20.000 -11.000
v -42.000 19.582 -11.000
v -41.358 20.000 -10.000
v -42.000 19.500 -10.000
v -42.000 19.399 -9.000
v -42.000 19.380 -8.000
v -42.000 19.278 -7.000
v -42.358 -45.000 -7.000
v -43.000 -45.000 -6.168
v -43.000 -45.097 -6.000
v -43.000 -45.000 -5.870
v -43.000 -44.000 -7.299
v -43.000 -44.427 -7.000
v -43.000 -44.326 -5.000
v -43.000 -44.000 -4.732
v -43.000 -43.000 -7.600
v -43.000 -43.000 -4.520
v -43.000 -42.000 -8.378
v -43.000 -42.492 -8.000
v -43.000 -42.000 -4.405
v -43.000 -41.000 -8.497
v -43.000 -41.353 -4.000
v -42.667 -41.000 -4.000
v -43.000 -41.000 -3.735
v -43.000 -40.000 -8.481
v -42.482 -40.000 -4.000
v -43.000 -40.000 -3.397
v -42.417 -39.000 -8.000
v -43.000 -39.000 -8.401
v -42.295 -39.000 -4.000
v -43.000 -39.583 -3.000
v -42.583 -39.000 -3.000
v -43.000 -39.338 -2.000
v -42.670 -39.000 -2.000
v -43.000 -39.059 -1.000
v -42.937 -39.000 -1.000
v -43.000 -39.000 -0.920
v -42.668 -38.000 -8.000
v -43.000 -38.000 -8.273
v -42.280 -38.000 -3.000
v -42.384 -38.000 -2.000
v -42.417 -38.000 -1.000
v -43.000 -38.428 0.000
v -42.530 -38.000 0.000
v -43.000 -38.097 1.000
v -42.869 -38.000 1.000
v -43.000 -38.000 1.118
v -43.000 -37.545 -8.000
v -42.402 -37.000 -7.000
v -43.000 -37.000 -7.623
v -43.000 -37.160 2.000
v -42.776 -37.000 2.000
v -43.000 -37.000 2.134
v -42.603 -36.000 -7.000
v -43.000 -36.000 -7.475
v -42.403 -36.000 -6.000
v -42.279 -36.000 -5.000
v -43.000 -36.000 2.478
v -42.728 -35.000 -7.000
v -43.000 -35.000 -7.331
v -42.518 -35.000 -6.000
v -42.479 -35.000 -5.000
v -42.278 -35.000 -4.000
v -43.000 -35.000 2.691
v -43.000 -34.545 -7.000
v -42.598 -34.000 -6.000
v -43.000 -34.000 -6.585
v -42.499 -34.000 -5.000
v -42.378 -34.000 -4.000
v -43.000 -34.497 3.000
v -42.471 -34.000 3.000
v -43.000 -34.000 3.306
v -42.620 -33.000 -6.000
v -43.000 -33.000 -6.471
v -42.500 -33.000 -5.000
v -42.380 -33.000 -4.000
v -43.000 -33.000 3.481
v -42.619 -32.000 -6.000
v -43.000 -32.000 -6.472
v -42.500 -32.000 -5.000
v -42.380 -32.000 -4.000
v -43.000 -32.000 3.500
v -42.522 -31.000 -6.000
v -43.000 -31.000 -6.603
v -42.482 -31.000 -5.000
v -42.378 -31.000 -4.000
v -43.000 -31.000 3.521
v -42.571 -30.000 -7.000
v -43.000 -30.000 -7.301
v -43.000 -30.486 -7.000
v -42.380 -30.000 -5.000
v -42.277 -30.000 -4.000
v -42.572 -30.000 4.000
v -43.000 -30.000 3.728
v -43.000 -29.000 -7.499
v -42.250 -29.000 -5.000
v -43.000 -29.666 4.000
v -42.501 -29.000 5.000
v -43.000 -29.000 4.606
v -42.178 -28.000 -15.000
v -42.340 -28.000 -14.000
v -42.415 -28.000 -8.000
v -43.000 -28.000 -7.605
v -42.220 -28.000 -5.000
v -43.000 -28.536 5.000
v -42.658 -28.000 6.000
v -43.000 -28.000 5.592
v -42.487 -28.000 7.000
v -42.494 -28.000 8.000
v -42.474 -28.000 9.000
v -42.166 -28.000 10.000
v -43.000 -27.000 -19.297
v -43.000 -27.244 -19.000
v -43.000 -27.475 -18.000
v -43.000 -27.499 -17.000
v -43.000 -27.517 -16.000
v -43.000 -27.594 -15.000
v -43.000 -27.577 -14.000
v -43.000 -27.318 -13.000
v -42.612 -27.000 -12.000
v -43.000 -27.000 -12.506
v -42.478 -27.000 -11.000
v -42.399 -27.000 -10.000
v -42.423 -27.000 -9.000
v -42.744 -27.000 -8.000
v -43.000 -27.000 -7.757
v -42.249 -27.000 -5.000
v -43.000 -27.711 6.000
v -43.000 -27.545 7.000
v -43.000 -27.601 8.000
v -43.000 -27.618 9.000
v -43.000 -27.594 10.000
v -43.000 -27.492 11.000
v -43.000 -27.205 12.000
v -42.748 -27.000 12.000
v -43.000 -27.000 12.203
v -43.000 -26.000 -20.207
v -43.000 -26.256 -20.000
v -43.000 -26.623 -12.000
v -43.000 -26.363 -11.000
v -43.000 -26.000 -10.489
v -42.722 -26.000 -10.000
v -42.727 -26.000 -9.000
v -43.000 -26.000 -8.602
v -43.000 -26.636 -8.000
v -42.375 -26.000 -5.000
v -42.273 -26.000 -4.000
v -42.528 -26.000 12.000
v -43.000 -26.000 12.394
v -43.000 -25.000 -20.371
v -43.000 -25.648 -10.000
v -43.000 -25.671 -9.000
v -42.059 -25.000 -6.000
v -42.318 -25.000 -5.000
v -42.203 -25.000 -4.000
v -42.534 -25.000 12.000
v -43.000 -25.000 12.449
v -42.360 -24.000 -21.000
v -43.000 -24.000 -20.472
v -42.292 -24.000 11.000
v -42.737 -24.000 12.000
v -43.000 -24.000 12.263
v -42.494 -23.000 -21.000
v -43.000 -23.000 -20.500
v -42.598 -23.000 11.000
v -43.000 -23.000 11.493
v -43.000 -23.601 12.000
v -42.524 -22.000 -21.000
v -43.000 -22.000 -20.507
v -42.498 -22.000 10.000
v -43.000 -22.000 10.558
v -43.000 -22.467 11.000
v -42.255 -21.000 -22.000
v -42.711 -21.000 -21.000
v -43.000 -21.000 -20.663
v -42.342 -21.000 9.000
v -43.000 -21.000 9.811
v -43.000 -21.255 10.000
v -42.305 -21.000 14.000
v -42.355 -21.000 15.000
v -42.429 -20.000 -22.000
v -43.000 -20.000 -21.423
v -43.000 -20.566 -21.000
v -42.230 -20.000 9.000
v -43.000 -20.707 10.000
v -42.620 -20.000 10.000
v -43.000 -20.000 10.401
v -42.415 -20.000 13.000
v -43.000 -20.000 13.596
v -43.000 -20.328 14.000
v -43.000 -20.297 15.000
v -42.327 -20.000 16.000
v -43.000 -20.000 15.297
v -42.557 -19.000 -22.000
v -43.000 -19.000 -21.734
v -43.000 -19.402 11.000
v -42.580 -19.000 11.000
v -43.000 -19.000 11.712
v -43.000 -19.000 12.267
v -43.000 -19.481 13.000
v -42.318 -19.000 16.000
v -43.000 -19.000 15.449
v -43.000 -18.000 -22.441
v -43.000 -18.654 -22.000
v -42.177 -18.000 11.000
v -43.000 -18.843 12.000
v -43.000 -18.000 15.391
v -42.757 -17.000 -23.000
v -43.000 -17.000 -22.863
v -43.000 -17.000 15.250
v -43.000 -16.000 -26.209
v -43.000 -16.207 -26.000
v -43.000 -16.400 -25.000
v -43.000 -16.502 -24.000
v -43.000 -16.838 -23.000
v -43.000 -16.657 15.000
v -43.000 -16.000 14.578
v -43.000 -15.000 -26.597
v -43.000 -15.000 14.273
v -43.000 -14.000 -27.377
v -43.000 -14.491 -27.000
v -43.000 -14.668 14.000
v -43.000 -14.000 13.369
v -43.000 -13.000 -27.498
v -43.000 -13.625 13.000
v -43.000 -13.000 12.377
v -43.000 -12.000 -27.499
v -42.610 -12.000 12.000
v -43.000 -12.505 12.000
v -43.000 -12.000 11.590
v -43.000 -11.000 -27.499
v -42.523 -11.000 12.000
v -43.000 -11.000 11.390
v -43.000 -10.000 -27.504
v -42.751 -10.000 11.000
v -43.000 -10.449 11.000
v -43.000 -10.000 10.678
v -42.570 -10.000 12.000
v -42.417 -10.000 13.000
v -42.280 -10.000 14.000
v -42.059 -9.000 -29.000
v -43.000 -9.000 -27.537
v -42.612 -9.000 11.000
v -43.000 -9.000 10.440
v -42.538 -9.000 12.000
v -42.604 -9.000 13.000
v -42.579 -9.000 14.000
v -42.255 -9.000 15.000
v -42.266 -8.000 -29.000
v -42.471 -8.000 -28.000
v -43.000 -8.000 -27.604
v -42.929 -8.000 10.000
v -43.000 -8.141 10.000
v -43.000 -8.000 9.930
v -42.564 -8.000 11.000
v -42.705 -8.000 12.000
v -43.000 -8.000 12.480
v -43.000 -8.422 13.000
v -43.000 -8.381 14.000
v -43.000 -8.000 14.362
v -42.447 -8.000 15.000
v -43.000 -7.000 -27.538
v -42.792 -7.000 10.000
v -43.000 -7.000 9.766
v -42.739 -7.000 11.000
v -43.000 -7.000 11.390
v -43.000 -7.569 12.000
v -42.337 -7.000 15.000
v -43.000 -7.000 14.553
v -43.000 -6.000 -27.505
v -42.832 -6.000 10.000
v -43.000 -6.000 9.488
v -43.000 -6.000 10.267
v -43.000 -6.616 11.000
v -43.000 -6.000 14.293
v -43.000 -5.000 -27.480
v -43.000 -5.776 10.000
v -43.000 -5.641 14.000
v -43.000 -5.000 13.475
v -43.000 -4.000 -27.306
v -43.000 -4.507 13.000
v -43.000 -4.000 12.473
v -43.000 -3.498 -27.000
v -42.503 -3.000 -27.000
v -43.000 -3.000 -26.696
v -42.537 -3.000 11.000
v -43.000 -3.320 11.000
v -43.000 -3.000 10.531
v -43.000 -3.604 12.000
v -43.000 -2.000 -26.621
v -42.828 -2.000 10.000
v -43.000 -2.266 10.000
v -43.000 -2.000 9.818
v -42.875 -1.000 -27.000
v -43.000 -1.000 -27.077
v -43.000 -1.134 -27.000
v -43.000 -1.797 10.000
v -43.000 -1.246 11.000
v -43.000 -1.000 11.215
v -43.000 -0.876 -27.000
v -43.000 0.000 -26.596
v -43.000 0.000 11.475
v -43.000 1.000 -26.501
v -43.000 1.000 11.499
v -43.000 2.000 -26.500
v -43.000 2.000 11.500
v -43.000 3.000 -26.500
v -43.000 3.000 11.501
v -43.000 4.000 -26.499
v -43.000 4.000 11.500
v -43.000 5.000 -26.481
v -43.000 5.000 11.381
v -43.000 6.000 -26.401
v -43.000 5.500 11.000
v -43.000 6.000 10.619
v -43.000 7.000 -26.279
v -43.000 7.000 10.403
v -43.000 7.500 -26.000
v -42.619 8.000 -26.000
v -43.000 8.000 -25.720
v -42.223 8.000 10.000
v -43.000 7.583 10.000
v -43.000 8.000 9.626
v -42.494 9.000 -26.000
v -43.000 9.000 -25.602
v -43.000 8.663 9.000
v -43.000 9.000 8.712
v -42.357 10.000 -26.000
v -43.000 10.000 -25.499
v -42.526 10.000 8.000
v -43.000 10.000 8.319
v -43.000 11.000 -25.297
v -42.525 11.000 7.000
v -43.000 11.000 7.463
v -43.000 10.438 8.000
v -43.000 11.500 -25.000
v -42.633 12.000 -25.000
v -43.000 12.000 -24.703
v -42.329 12.000 5.000
v -42.694 12.000 6.000
v -43.000 12.000 6.304
v -43.000 11.394 7.000
v -42.366 13.000 -25.000
v -43.000 13.000 -24.495
v -42.498 13.000 4.000
v -43.000 13.000 4.386
v -43.000 12.499 5.000
v -43.000 12.244 6.000
v -43.000 14.000 -24.234
v -42.534 14.000 3.000
v -43.000 14.000 3.339
v -43.000 13.366 4.000
v -43.000 14.275 -24.000
v -42.307 15.000 -24.000
v -42.633 15.000 -23.000
v -43.000 14.629 -23.000
v -43.000 15.000 -22.551
v -43.000 14.704 2.000
v -43.000 15.000 1.639
v -43.000 14.290 3.000
v -42.506 16.000 -22.000
v -43.000 15.501 -22.000
v -43.000 16.000 -21.500
v -43.000 15.523 1.000
v -43.000 16.000 0.500
v -42.500 17.000 -21.000
v -43.000 16.500 -21.000
v -43.000 17.000 -20.500
v -43.000 16.477 0.000
v -43.000 17.000 -0.647
v -42.443 18.000 -20.000
v -43.000 17.493 -20.000
v -43.000 18.000 -19.407
v -42.470 18.000 -3.000
v -43.000 17.692 -3.000
v -43.000 18.000 -3.532
v -43.000 17.498 -2.000
v -43.000 17.278 -1.000
v -43.000 18.273 -19.000
v -43.000 18.420 -18.000
v -42.375 19.000 -17.000
v -43.000 18.579 -17.000
v -42.498 19.000 -16.000
v -43.000 18.618 -16.000
v -42.500 19.000 -15.000
v -43.000 18.619 -15.000
v -42.500 19.000 -14.000
v -43.000 18.619 -14.000
v -42.507 19.000 -13.000
v -43.000 18.620 -13.000
v -42.640 19.000 -12.000
v -43.000 18.718 -12.000
v -43.000 19.000 -11.329
v -42.640 19.000 -10.000
v -43.000 18.718 -10.000
v -43.000 19.000 -10.671
v -42.502 19.000 -9.000
v -43.000 18.603 -9.000
v -42.473 19.000 -8.000
v -43.000 18.522 -8.000
v -42.353 19.000 -7.000
v -43.000 18.477 -7.000
v -43.000 18.398 -6.000
v -43.000 18.379 -5.000
v -43.000 18.278 -4.000
v -43.000 19.155 -11.000
v -43.118 -45.000 -6.000
v -43.428 -44.000 -7.000
v -44.000 -44.000 -6.225
v -44.000 -44.160 -6.000
v -43.394 -44.000 -5.000
v -44.000 -44.000 -5.776
v -44.000 -43.000 -7.390
v -44.000 -43.442 -7.000
v -44.000 -43.365 -5.000
v -44.000 -43.000 -4.755
v -44.000 -42.000 -8.373
v -44.000 -42.449 -8.000
v -44.000 -42.000 -4.506
v -44.000 -41.000 -8.498
v -44.000 -41.376 -4.000
v -44.000 -41.000 -3.657
v -44.000 -40.000 -8.517
v -44.000 -40.227 -3.000
v -43.657 -40.000 -3.000
v -44.000 -40.000 -2.770
v -44.000 -39.000 -8.573
v -44.000 -39.376 -2.000
v -43.128 -39.000 -1.000
v -44.000 -39.000 -1.487
v -44.000 -38.000 -8.498
v -44.000 -38.671 -1.000
v -44.000 -38.314 0.000
v -43.172 -38.000 1.000
v -44.000 -38.000 0.438
v -43.415 -37.000 -8.000
v -44.000 -37.000 -8.402
v -44.000 -37.490 1.000
v -43.228 -37.000 2.000
v -44.000 -37.000 1.491
v -43.531 -36.000 -8.000
v -44.000 -36.000 -8.378
v -44.000 -36.461 2.000
v -44.000 -36.000 2.372
v -43.669 -35.000 -8.000
v -44.000 -35.000 -8.272
v -44.000 -35.182 3.000
v -43.714 -35.000 3.000
v -44.000 -35.000 3.144
v -44.000 -34.545 -8.000
v -43.373 -34.000 -7.000
v -44.000 -34.000 -7.627
v -44.000 -34.000 3.461
v -43.499 -33.000 -7.000
v -44.000 -33.000 -7.501
v -44.000 -33.000 3.499
v -43.499 -32.000 -7.000
v -44.000 -32.000 -7.500
v -44.000 -32.000 3.501
v -43.389 -31.000 -7.000
v -44.000 -31.000 -7.523
v -44.000 -31.000 3.503
v -44.000 -30.000 -7.602
v -44.000 -30.000 3.623
v -44.000 -29.000 -7.620
v -44.000 -29.510 4.000
v -44.000 -29.000 4.401
v -44.000 -28.000 -7.622
v -43.599 -28.000 5.000
v -44.000 -28.000 4.725
v -43.300 -27.000 -19.000
v -44.000 -27.000 -18.267
v -44.000 -27.216 -18.000
v -44.000 -27.395 -17.000
v -44.000 -27.462 -16.000
v -44.000 -27.401 -15.000
v -44.000 -27.273 -14.000
v -43.444 -27.000 -13.000
v -44.000 -27.000 -13.594
v -44.000 -27.000 -7.625
v -44.000 -27.668 5.000
v -44.000 -27.294 6.000
v -43.759 -27.000 7.000
v -44.000 -27.000 6.621
v -44.000 -27.000 7.387
v -44.000 -27.275 8.000
v -44.000 -27.380 9.000
v -44.000 -27.403 10.000
v -44.000 -27.460 11.000
v -44.000 -27.235 12.000
v -44.000 -27.000 12.236
v -43.209 -26.000 -20.000
v -43.602 -26.000 -19.000
v -44.000 -26.000 -18.543
v -44.000 -26.493 -13.000
v -43.604 -26.000 -12.000
v -44.000 -26.000 -12.477
v -43.298 -26.000 -11.000
v -43.637 -26.000 -8.000
v -44.000 -26.000 -7.761
v -44.000 -26.781 7.000
v -44.000 -26.000 12.575
v -43.372 -25.000 -20.000
v -43.754 -25.000 -19.000
v -44.000 -25.000 -18.746
v -44.000 -25.507 -12.000
v -44.000 -25.000 -11.444
v -43.704 -25.000 -11.000
v -43.526 -25.000 -10.000
v -43.663 -25.000 -9.000
v -44.000 -25.000 -8.660
v -44.000 -25.700 -8.000
v -44.000 -25.177 13.000
v -43.844 -25.000 13.000
v -44.000 -25.000 13.116
v -43.475 -24.000 -20.000
v -44.000 -24.000 -19.400
v -44.000 -24.589 -19.000
v -44.000 -24.636 -11.000
v -44.000 -24.484 -10.000
v -44.000 -24.647 -9.000
v -44.000 -24.743 13.000
v -44.000 -24.000 12.700
v -43.507 -23.000 -20.000
v -44.000 -23.000 -19.526
v -43.429 -23.000 12.000
v -44.000 -23.000 12.495
v -43.530 -22.000 -20.000
v -44.000 -22.000 -19.608
v -43.318 -22.000 11.000
v -43.736 -22.000 12.000
v -44.000 -22.000 12.263
v -43.712 -21.000 -20.000
v -44.000 -21.000 -19.768
v -43.158 -21.000 10.000
v -43.654 -21.000 11.000
v -44.000 -21.000 11.480
v -44.000 -21.598 12.000
v -43.729 -20.000 -21.000
v -44.000 -20.000 -20.812
v -44.000 -20.725 -20.000
v -44.000 -20.063 11.000
v -44.000 -20.000 10.970
v -43.273 -20.000 14.000
v -43.240 -20.000 15.000
v -44.000 -19.000 -21.688
v -44.000 -19.813 -21.000
v -44.000 -19.969 11.000
v -44.000 -19.473 12.000
v -43.251 -19.000 12.000
v -44.000 -19.000 12.769
v -43.754 -19.000 13.000
v -43.624 -19.000 14.000
v -43.394 -19.000 15.000
v -44.000 -18.000 -22.598
v -44.000 -18.668 -22.000
v -44.000 -18.864 13.000
v -44.000 -18.554 14.000
v -44.000 -18.000 14.505
v -43.473 -18.000 15.000
v -43.390 -17.000 -23.000
v -44.000 -17.000 -23.247
v -44.000 -17.342 -23.000
v -43.348 -17.000 15.000
v -44.000 -17.000 14.597
v -43.273 -16.000 -26.000
v -43.616 -16.000 -25.000
v -44.000 -16.000 -24.397
v -44.000 -16.246 -24.000
v -44.000 -16.000 14.443
v -44.000 -15.000 -26.476
v -44.000 -15.473 -26.000
v -44.000 -15.718 -25.000
v -43.612 -15.000 14.000
v -44.000 -15.255 14.000
v -44.000 -15.000 13.782
v -44.000 -14.000 -27.278
v -44.000 -14.356 -27.000
v -43.743 -14.000 13.000
v -44.000 -14.152 13.000
v -44.000 -14.000 12.843
v -44.000 -13.000 -27.461
v -43.600 -13.000 12.000
v -44.000 -13.266 12.000
v -44.000 -13.000 11.131
v -44.000 -12.000 -27.402
v -43.597 -12.000 11.000
v -44.000 -12.907 11.000
v -44.000 -12.000 10.116
v -44.000 -11.000 -27.380
v -43.859 -11.000 10.000
v -44.000 -11.721 10.000
v -44.000 -11.000 9.873
v -43.447 -11.000 11.000
v -44.000 -10.000 -27.380
v -43.742 -10.000 10.000
v -44.000 -10.000 9.775
v -44.000 -9.000 -27.403
v -43.646 -9.000 10.000
v -44.000 -9.000 9.530
v -44.000 -8.000 -27.482
v -43.142 -8.000 10.000
v -44.000 -8.644 10.000
v -44.000 -8.000 10.432
v -43.508 -8.000 13.000
v -43.376 -8.000 14.000
v -44.000 -7.000 -27.498
v -43.357 -7.000 10.000
v -44.000 -7.000 10.443
v -43.570 -7.000 12.000
v -44.000 -7.000 12.516
v -44.000 -7.472 13.000
v -44.000 -7.110 14.000
v -44.000 -7.000 14.072
v -44.000 -6.000 -27.480
v -44.000 -6.436 10.000
v -44.000 -6.000 9.636
v -43.607 -6.000 11.000
v -44.000 -6.000 11.428
v -44.000 -6.540 12.000
v -43.434 -6.000 14.000
v -44.000 -6.864 14.000
v -44.000 -6.000 13.528
v -44.000 -5.000 -27.306
v -43.830 -5.000 9.000
v -44.000 -5.201 9.000
v -44.000 -5.000 8.847
v -43.577 -5.000 10.000
v -44.000 -5.000 10.543
v -44.000 -5.545 11.000
v -44.000 -5.000 13.252
v -44.000 -4.500 -27.000
v -43.500 -4.000 -27.000
v -44.000 -4.000 -26.694
v -43.999 -4.000 8.000
v -44.000 -4.001 8.000
v -44.000 -4.000 7.999
v -43.648 -4.000 9.000
v -43.607 -4.000 10.000
v -44.000 -4.000 10.671
v -44.000 -4.701 13.000
v -44.000 -4.000 12.288
v -44.000 -3.000 -26.522
v -43.943 -3.000 8.000
v -44.000 -3.000 7.941
v -43.957 -3.000 9.000
v -43.397 -3.000 10.000
v -44.000 -3.769 11.000
v -44.000 -3.768 12.000
v -44.000 -2.000 -26.596
v -44.000 -2.890 8.000
v -44.000 -2.000 8.516
v -43.622 -2.000 9.000
v -44.000 -1.000 -27.076
v -44.000 -1.123 -27.000
v -43.780 -1.000 9.000
v -44.000 -1.000 8.738
v -43.545 -1.000 10.000
v -43.266 -1.000 11.000
v -44.000 -0.878 -27.000
v -44.000 0.000 -26.596
v -44.000 -0.787 9.000
v -44.000 -0.608 10.000
v -44.000 -0.330 11.000
v -44.000 0.000 11.274
v -44.000 1.000 -26.501
v -44.000 1.000 11.479
v -44.000 2.000 -26.500
v -44.000 2.000 11.500
v -44.000 3.000 -26.499
v -44.000 3.000 11.501
v -44.000 4.000 -26.480
v -44.000 4.000 11.500
v -44.000 5.000 -26.306
v -44.000 5.000 11.380
v -44.000 5.529 -26.000
v -43.619 6.000 -26.000
v -44.000 6.000 -25.721
v -44.000 5.501 11.000
v -44.000 6.000 10.620
v -43.376 7.000 -26.000
v -44.000 7.000 -25.580
v -44.000 7.000 10.382
v -44.000 8.000 -25.420
v -44.000 7.498 10.000
v -44.000 8.000 9.604
v -44.000 9.000 -25.280
v -43.467 9.000 9.000
v -44.000 9.000 9.308
v -44.000 9.492 -25.000
v -43.633 10.000 -25.000
v -44.000 10.000 -24.703
v -44.000 9.493 9.000
v -44.000 10.000 8.674
v -43.367 11.000 -25.000
v -44.000 11.000 -24.500
v -43.634 11.000 8.000
v -44.000 11.000 8.253
v -44.000 12.000 -24.290
v -44.000 11.599 7.000
v -44.000 12.000 6.491
v -44.000 11.244 8.000
v -44.000 12.438 -24.000
v -43.577 13.000 -24.000
v -44.000 13.000 -23.522
v -44.000 12.617 5.000
v -44.000 13.000 4.528
v -44.000 12.378 6.000
v -43.232 14.000 -24.000
v -44.000 13.529 -23.000
v -43.604 14.000 -23.000
v -44.000 14.000 -22.524
v -44.000 13.499 4.000
v -44.000 14.000 3.493
v -43.501 15.000 -22.000
v -44.000 14.500 -22.000
v -44.000 15.000 -21.500
v -43.510 15.000 2.000
v -44.000 15.000 2.352
v -44.000 14.475 3.000
v -43.500 16.000 -21.000
v -44.000 15.500 -21.000
v -44.000 16.000 -20.500
v -44.000 15.601 1.000
v -44.000 16.000 0.498
v -44.000 15.278 2.000
v -43.499 17.000 -20.000
v -44.000 16.500 -20.000
v -44.000 17.000 -19.476
v -43.468 17.000 -1.000
v -44.000 16.691 -1.000
v -44.000 17.000 -1.532
v -44.000 16.397 0.000
v -43.336 18.000 -19.000
v -44.000 17.395 -19.000
v -43.615 18.000 -18.000
v -44.000 17.701 -18.000
v -44.000 18.000 -17.490
v -43.612 18.000 -8.000
v -44.000 17.628 -8.000
v -44.000 18.000 -8.544
v -43.497 18.000 -7.000
v -44.000 17.502 -7.000
v -43.480 18.000 -6.000
v -44.000 17.522 -6.000
v -43.488 18.000 -5.000
v -44.000 17.582 -5.000
v -43.357 18.000 -4.000
v -44.000 17.499 -4.000
v -44.000 17.397 -3.000
v -44.000 17.278 -2.000
v -44.000 18.279 -17.000
v -44.000 18.380 -16.000
v -44.000 18.381 -15.000
v -44.000 18.381 -14.000
v -44.000 18.381 -13.000
v -44.000 18.398 -12.000
v -43.202 19.000 -11.000
v -44.000 18.456 -11.000
v -44.000 18.397 -10.000
v -44.000 18.274 -9.000
v -44.135 -44.000 -6.000
v -44.390 -43.000 -7.000
v -44.557 -43.000 -6.000
v -44.254 -43.000 -5.000
v -45.000 -42.000 -8.215
v -45.000 -42.221 -8.000
v -45.000 -42.478 -7.000
v -45.000 -42.404 -6.000
v -45.000 -42.000 -5.521
v -44.582 -42.000 -5.000
v -45.000 -41.000 -8.476
v -45.000 -41.523 -5.000
v -44.440 -41.000 -4.000
v -45.000 -41.000 -4.501
v -45.000 -40.000 -8.574
v -45.000 -40.499 -4.000
v -44.305 -40.000 -3.000
v -45.000 -40.000 -3.503
v -45.000 -39.000 -8.911
v -45.000 -39.498 -3.000
v -44.496 -39.000 -2.000
v -45.000 -39.000 -2.476
v -45.000 -38.000 -8.575
v -45.000 -38.600 -2.000
v -45.000 -38.264 -1.000
v -44.435 -38.000 0.000
v -45.000 -38.000 -0.622
v -45.000 -37.000 -8.500
v -45.000 -37.464 0.000
v -44.499 -37.000 1.000
v -45.000 -37.000 0.476
v -45.000 -36.000 -8.498
v -45.000 -36.499 1.000
v -44.469 -36.000 2.000
v -45.000 -36.000 1.499
v -45.000 -35.000 -8.482
v -45.000 -35.505 2.000
v -44.260 -35.000 3.000
v -45.000 -35.000 2.520
v -44.415 -34.000 -8.000
v -45.000 -34.000 -8.403
v -45.000 -34.551 3.000
v -45.000 -34.000 3.395
v -44.528 -33.000 -8.000
v -45.000 -33.000 -8.382
v -45.000 -33.000 3.516
v -44.524 -32.000 -8.000
v -45.000 -32.000 -8.398
v -45.000 -32.000 3.596
v -44.500 -31.000 -8.000
v -45.000 -31.000 -8.477
v -45.000 -31.000 3.621
v -44.476 -30.000 -8.000
v -45.000 -30.000 -8.500
v -45.000 -30.000 3.750
v -44.470 -29.000 -8.000
v -45.000 -29.000 -8.500
v -45.000 -29.652 4.000
v -45.000 -29.000 4.403
v -44.469 -28.000 -8.000
v -45.000 -28.000 -8.499
v -45.000 -28.000 4.525
v -44.227 -27.000 -18.000
v -44.578 -27.000 -17.000
v -45.000 -27.000 -16.284
v -45.000 -27.145 -16.000
v -44.581 -27.000 -15.000
v -45.000 -27.000 -15.718
v -44.332 -27.000 -14.000
v -44.558 -27.000 -8.000
v -45.000 -27.000 -8.376
v -44.735 -27.000 5.000
v -45.000 -27.000 4.787
v -44.348 -27.000 6.000
v -44.334 -27.000 8.000
v -44.475 -27.000 9.000
v -44.610 -27.000 10.000
v -45.000 -27.000 10.682
v -45.000 -27.152 11.000
v -44.375 -27.000 12.000
v -45.000 -27.000 11.268
v -44.637 -26.000 -18.000
v -45.000 -26.000 -17.657
v -45.000 -26.626 -17.000
v -45.000 -26.619 -15.000
v -45.000 -26.340 -14.000
v -44.493 -26.000 -13.000
v -45.000 -26.000 -13.586
v -45.000 -26.216 -8.000
v -45.000 -26.000 -7.895
v -45.000 -26.780 5.000
v -45.000 -26.400 6.000
v -44.799 -26.000 7.000
v -45.000 -26.000 6.696
v -45.000 -26.000 7.328
v -45.000 -26.368 8.000
v -45.000 -26.522 9.000
v -45.000 -26.701 10.000
v -45.000 -26.572 12.000
v -45.000 -26.000 12.515
v -45.000 -25.000 -18.446
v -45.000 -25.626 -18.000
v -45.000 -25.414 -13.000
v -44.402 -25.000 -12.000
v -45.000 -25.000 -12.656
v -45.000 -25.000 -8.429
v -45.000 -25.839 -8.000
v -45.000 -25.799 7.000
v -45.000 -25.448 13.000
v -45.000 -25.000 13.353
v -44.593 -24.000 -19.000
v -45.000 -24.000 -18.757
v -44.740 -24.000 -12.000
v -45.000 -24.000 -12.314
v -44.502 -24.000 -11.000
v -44.402 -24.000 -10.000
v -44.558 -24.000 -9.000
v -45.000 -24.000 -8.626
v -44.394 -24.000 13.000
v -45.000 -24.000 13.398
v -44.976 -23.000 -19.000
v -45.000 -23.000 -18.984
v -45.000 -23.686 -12.000
v -45.000 -23.375 -11.000
v -45.000 -23.000 -10.436
v -44.757 -23.000 -10.000
v -44.839 -23.000 -9.000
v -45.000 -23.000 -8.839
v -44.641 -23.000 13.000
v -45.000 -23.000 13.279
v -45.000 -22.000 -19.581
v -45.000 -22.977 -19.000
v -45.000 -22.749 -10.000
v -45.000 -22.839 -9.000
v -45.000 -22.509 13.000
v -45.000 -22.000 12.702
v -45.000 -21.000 -19.829
v -44.425 -21.000 12.000
v -45.000 -21.000 12.498
v -44.754 -20.000 -22.000
v -45.000 -20.000 -22.234
v -45.000 -20.291 -22.000
v -45.000 -20.551 -21.000
v -44.212 -20.000 -21.000
v -45.000 -20.822 -20.000
v -44.029 -20.000 11.000
v -44.481 -20.000 12.000
v -45.000 -20.000 12.511
v -44.337 -19.000 -22.000
v -45.000 -19.000 -22.593
v -45.000 -19.443 13.000
v -44.248 -19.000 13.000
v -45.000 -19.000 13.499
v -44.543 -18.000 -23.000
v -45.000 -18.000 -23.298
v -45.000 -18.457 -23.000
v -45.000 -18.557 14.000
v -45.000 -18.000 14.417
v -45.000 -17.000 -23.399
v -45.000 -17.000 14.598
v -44.318 -16.000 -24.000
v -45.000 -16.000 -23.057
v -45.000 -16.000 14.601
v -45.000 -15.000 -26.366
v -45.000 -15.354 -26.000
v -45.000 -15.518 -25.000
v -45.000 -15.630 -24.000
v -44.326 -15.000 14.000
v -45.000 -15.000 14.399
v -44.466 -14.000 -27.000
v -45.000 -14.000 -26.690
v -44.161 -14.000 13.000
v -45.000 -14.000 13.770
v -45.000 -14.325 14.000
v -45.000 -13.000 -27.153
v -45.000 -13.301 -27.000
v -44.238 -13.000 12.000
v -44.464 -13.000 13.000
v -45.000 -13.572 14.000
v -44.757 -13.000 14.000
v -45.000 -13.000 14.241
v -45.000 -12.673 -27.000
v -44.618 -12.000 -27.000
v -45.000 -12.000 -26.718
v -44.328 -12.000 11.000
v -44.457 -12.000 12.000
v -44.497 -12.000 13.000
v -44.654 -12.000 14.000
v -45.000 -12.000 14.347
v -44.501 -11.000 -27.000
v -45.000 -11.000 -26.620
v -44.134 -11.000 10.000
v -44.359 -11.000 11.000
v -44.400 -11.000 12.000
v -44.483 -11.000 13.000
v -44.652 -11.000 14.000
v -45.000 -11.000 14.348
v -44.501 -10.000 -27.000
v -45.000 -10.000 -26.621
v -44.204 -10.000 10.000
v -44.372 -10.000 11.000
v -44.073 -10.000 12.000
v -44.425 -10.000 13.000
v -44.651 -10.000 14.000
v -45.000 -10.000 14.347
v -44.620 -9.000 -27.000
v -45.000 -9.000 -26.720
v -44.211 -9.000 10.000
v -44.440 -9.000 11.000
v -44.418 -9.000 12.000
v -44.481 -9.000 13.000
v -44.747 -9.000 14.000
v -45.000 -9.000 14.240
v -45.000 -8.000 -27.279
v -45.000 -8.499 -27.000
v -44.407 -8.000 11.000
v -44.542 -8.000 12.000
v -44.490 -8.000 13.000
v -45.000 -8.000 13.503
v -45.000 -8.587 14.000
v -45.000 -7.000 -27.377
v -44.526 -7.000 11.000
v -45.000 -7.000 11.657
v -45.000 -7.294 12.000
v -44.537 -7.000 13.000
v -45.000 -7.425 13.000
v -44.105 -7.000 14.000
v -45.000 -6.000 -27.278
v -44.385 -6.000 10.000
v -45.000 -6.000 10.684
v -45.000 -6.336 11.000
v -44.611 -6.000 12.000
v -44.504 -6.000 13.000
v -45.000 -5.531 -27.000
v -44.499 -5.000 -27.000
v -45.000 -5.000 -26.692
v -44.219 -5.000 9.000
v -45.000 -5.000 9.602
v -45.000 -5.394 10.000
v -44.541 -5.000 11.000
v -45.000 -5.000 11.660
v -45.000 -5.381 12.000
v -45.000 -5.000 12.216
v -44.318 -5.000 13.000
v -45.000 -4.000 -26.519
v -44.002 -4.000 8.000
v -45.000 -4.000 8.569
v -45.000 -4.436 9.000
v -44.253 -4.000 11.000
v -45.000 -4.796 12.000
v -44.292 -4.000 12.000
v -45.000 -3.000 -26.499
v -45.000 -3.360 8.000
v -45.000 -3.000 7.759
v -45.000 -2.000 -26.517
v -44.480 -2.000 8.000
v -45.000 -2.000 7.632
v -44.115 -1.000 -27.000
v -45.000 -1.000 -26.576
v -44.749 -1.000 8.000
v -45.000 -1.000 7.798
v -45.000 0.000 -26.518
v -45.000 -0.796 8.000
v -45.000 -0.526 9.000
v -45.000 -0.401 10.000
v -44.423 0.000 11.000
v -45.000 0.000 10.550
v -45.000 1.000 -26.500
v -45.000 0.539 11.000
v -45.000 1.000 11.306
v -45.000 2.000 -26.499
v -45.000 2.000 11.499
v -45.000 3.000 -26.480
v -45.000 3.000 11.597
v -45.000 4.000 -26.306
v -45.000 4.000 11.596
v -45.000 4.500 -26.000
v -44.500 5.000 -26.000
v -45.000 5.000 -25.694
v -45.000 5.000 11.421
v -45.000 6.000 -25.500
v -45.000 5.625 11.000
v -45.000 6.000 10.721
v -45.000 7.000 -25.307
v -45.000 7.000 10.422
v -45.000 7.522 -25.000
v -44.616 8.000 -25.000
v -45.000 8.000 -24.703
v -45.000 7.625 10.000
v -45.000 8.000 9.721
v -44.360 9.000 -25.000
v -45.000 9.000 -24.500
v -45.000 9.000 9.499
v -45.000 10.000 -24.291
v -44.549 10.000 9.000
v -45.000 10.000 9.270
v -45.000 10.464 -24.000
v -44.606 11.000 -24.000
v -45.000 11.000 -23.626
v -45.000 10.328 9.000
v -45.000 11.000 8.329
v -44.340 12.000 -24.000
v -45.000 12.000 -23.367
v -45.000 11.578 7.000
v -45.000 12.000 6.375
v -45.000 11.271 8.000
v -44.505 13.000 -23.000
v -45.000 12.449 -23.000
v -45.000 13.000 -22.499
v -45.000 12.602 5.000
v -45.000 13.000 4.524
v -45.000 12.280 6.000
v -44.500 14.000 -22.000
v -45.000 13.500 -22.000
v -45.000 14.000 -21.500
v -45.000 13.500 4.000
v -45.000 14.000 3.493
v -44.500 15.000 -21.000
v -45.000 14.500 -21.000
v -45.000 15.000 -20.500
v -45.000 14.475 3.000
v -45.000 15.000 2.351
v -44.500 16.000 -20.000
v -45.000 15.500 -20.000
v -45.000 16.000 -19.500
v -45.000 15.577 1.000
v -45.000 16.000 0.342
v -45.000 15.277 2.000
v -44.470 17.000 -19.000
v -45.000 16.493 -19.000
v -45.000 17.000 -18.414
v -44.661 17.000 -8.000
v -45.000 16.711 -8.000
v -45.000 17.000 -8.463
v -44.508 17.000 -7.000
v -45.000 16.526 -7.000
v -44.603 17.000 -6.000
v -45.000 16.604 -6.000
v -45.000 17.000 -5.204
v -44.605 17.000 -4.000
v -45.000 16.625 -4.000
v -45.000 17.000 -4.792
v -44.495 17.000 -3.000
v -45.000 16.583 -3.000
v -44.357 17.000 -2.000
v -45.000 16.499 -2.000
v -45.000 16.397 -1.000
v -45.000 16.250 0.000
v -45.000 17.289 -18.000
v -44.354 18.000 -17.000
v -45.000 17.475 -17.000
v -44.469 18.000 -16.000
v -45.000 17.499 -16.000
v -44.470 18.000 -15.000
v -45.000 17.500 -15.000
v -44.470 18.000 -14.000
v -45.000 17.500 -14.000
v -44.470 18.000 -13.000
v -45.000 17.500 -13.000
v -44.475 18.000 -12.000
v -45.000 17.500 -12.000
v -44.490 18.000 -11.000
v -45.000 17.500 -11.000
v -44.474 18.000 -10.000
v -45.000 17.498 -10.000
v -44.332 18.000 -9.000
v -45.000 17.373 -9.000
v -45.000 17.102 -5.000
v -45.263 -42.000 -8.000
v -45.491 -42.000 -7.000
v -45.372 -42.000 -6.000
v -46.000 -41.000 -8.246
v -46.000 -41.296 -8.000
v -46.000 -41.495 -7.000
v -46.000 -41.365 -6.000
v -45.499 -41.000 -5.000
v -46.000 -41.000 -5.552
v -46.000 -40.000 -8.493
v -46.000 -40.499 -5.000
v -45.500 -40.000 -4.000
v -46.000 -40.000 -4.500
v -46.000 -39.000 -8.573
v -46.000 -39.506 -4.000
v -45.524 -39.000 -3.000
v -46.000 -39.000 -3.470
v -46.000 -38.000 -8.517
v -46.000 -38.601 -3.000
v -45.626 -38.000 -2.000
v -46.000 -38.000 -2.374
v -45.264 -38.000 -1.000
v -46.000 -37.000 -8.501
v -46.000 -37.562 -2.000
v -46.000 -37.000 -1.409
v -45.709 -37.000 -1.000
v -45.395 -37.000 0.000
v -46.000 -36.000 -8.518
v -46.000 -36.656 -1.000
v -46.000 -36.344 0.000
v -45.494 -36.000 1.000
v -46.000 -36.000 0.415
v -46.000 -35.000 -8.597
v -46.000 -35.470 1.000
v -45.528 -35.000 2.000
v -46.000 -35.000 1.500
v -46.000 -34.000 -8.619
v -46.000 -34.603 2.000
v -46.000 -34.224 3.000
v -46.000 -34.000 3.217
v -46.000 -33.000 -8.620
v -46.000 -33.000 3.552
v -46.000 -32.000 -8.720
v -46.000 -32.168 4.000
v -45.819 -32.000 4.000
v -46.000 -32.000 4.117
v -45.639 -31.000 -9.000
v -46.000 -31.000 -9.296
v -46.000 -31.508 -9.000
v -45.524 -31.000 4.000
v -46.000 -31.000 4.353
v -45.506 -30.000 -9.000
v -46.000 -30.000 -9.476
v -45.349 -30.000 4.000
v -46.000 -30.000 4.401
v -45.500 -29.000 -9.000
v -46.000 -29.000 -9.500
v -46.000 -29.000 4.500
v -45.502 -28.000 -9.000
v -46.000 -28.000 -9.498
v -46.000 -28.000 4.600
v -45.194 -27.000 -16.000
v -45.633 -27.000 -9.000
v -46.000 -27.000 -9.366
v -46.000 -27.000 4.760
v -45.199 -27.000 11.000
v -46.000 -26.000 -17.662
v -46.000 -26.501 -17.000
v -46.000 -26.397 -16.000
v -45.604 -26.000 -15.000
v -46.000 -26.000 -15.499
v -45.290 -26.000 -14.000
v -46.000 -26.493 -9.000
v -45.134 -26.000 -8.000
v -46.000 -26.000 -8.655
v -46.000 -26.699 5.000
v -45.507 -26.000 6.000
v -46.000 -26.000 5.610
v -45.370 -26.000 8.000
v -45.610 -26.000 9.000
v -46.000 -26.000 9.537
v -46.000 -26.290 10.000
v -46.000 -26.452 11.000
v -46.000 -26.259 12.000
v -46.000 -26.000 12.308
v -46.000 -25.000 -18.692
v -46.000 -25.693 -18.000
v -46.000 -25.507 -15.000
v -46.000 -25.000 -14.474
v -45.675 -25.000 -14.000
v -45.290 -25.000 -13.000
v -46.000 -25.000 -8.605
v -46.000 -25.538 6.000
v -45.801 -25.000 7.000
v -46.000 -25.000 6.723
v -46.000 -25.000 7.325
v -46.000 -25.370 8.000
v -46.000 -25.626 9.000
v -46.000 -25.329 13.000
v -46.000 -25.000 13.270
v -45.983 -24.000 -21.000
v -46.000 -24.000 -21.016
v -46.000 -24.017 -21.000
v -46.000 -24.424 -20.000
v -45.629 -24.000 -20.000
v -46.000 -24.678 -19.000
v -45.311 -24.000 -19.000
v -46.000 -24.500 -14.000
v -46.000 -24.000 -13.526
v -45.598 -24.000 -13.000
v -46.000 -24.000 -8.625
v -46.000 -24.801 7.000
v -46.000 -24.000 13.478
v -45.645 -23.000 -21.000
v -46.000 -23.000 -21.417
v -45.462 -23.000 -20.000
v -45.017 -23.000 -19.000
v -46.000 -23.468 -13.000
v -45.599 -23.000 -12.000
v -46.000 -23.000 -12.531
v -45.320 -23.000 -11.000
v -46.000 -23.000 -8.798
v -46.000 -23.000 13.480
v -45.791 -22.000 -22.000
v -46.000 -22.000 -22.206
v -46.000 -22.268 -22.000
v -45.520 -22.000 -21.000
v -45.368 -22.000 -20.000
v -46.000 -22.509 -12.000
v -46.000 -22.000 -11.133
v -45.927 -22.000 -11.000
v -46.000 -22.449 -10.000
v -46.000 -22.000 -10.894
v -46.000 -22.795 -9.000
v -45.390 -22.000 13.000
v -46.000 -22.000 13.400
v -45.555 -21.000 -22.000
v -46.000 -21.000 -22.377
v -45.374 -21.000 -21.000
v -45.171 -21.000 -20.000
v -46.000 -21.931 -11.000
v -45.667 -21.000 13.000
v -46.000 -21.000 13.254
v -46.000 -20.000 -22.575
v -46.000 -20.444 13.000
v -46.000 -20.000 12.786
v -45.564 -19.000 -23.000
v -46.000 -19.000 -23.278
v -46.000 -19.374 -23.000
v -46.000 -19.766 13.000
v -46.000 -19.252 14.000
v -45.615 -19.000 14.000
v -46.000 -19.000 14.240
v -46.000 -18.000 -23.479
v -46.000 -18.000 14.578
v -46.000 -17.000 -23.484
v -46.000 -17.343 15.000
v -45.651 -17.000 15.000
v -46.000 -17.000 15.250
v -46.000 -16.000 -23.578
v -45.509 -16.000 15.000
v -46.000 -16.000 15.377
v -46.000 -15.000 -26.238
v -46.000 -15.237 -26.000
v -46.000 -15.482 -25.000
v -46.000 -15.629 -24.000
v -45.664 -15.000 15.000
v -46.000 -15.000 15.272
v -46.000 -14.000 -26.497
v -45.228 -14.000 14.000
v -46.000 -14.000 14.647
v -46.000 -14.539 15.000
v -45.215 -13.000 -27.000
v -46.000 -13.000 -26.557
v -46.000 -13.000 14.580
v -46.000 -12.000 -26.421
v -46.000 -12.000 14.517
v -46.000 -11.000 -26.404
v -46.000 -11.000 14.499
v -46.000 -10.000 -26.464
v -46.000 -10.000 14.516
v -46.000 -9.000 -26.442
v -46.000 -9.000 14.578
v -45.375 -8.000 -27.000
v -46.000 -8.000 -26.579
v -45.397 -8.000 14.000
v -46.000 -8.000 14.494
v -45.491 -7.000 -27.000
v -46.000 -7.000 -26.600
v -45.211 -7.000 12.000
v -45.273 -7.000 13.000
v -45.669 -7.000 14.000
v -46.000 -7.000 14.264
v -45.357 -6.000 -27.000
v -46.000 -6.000 -26.500
v -45.206 -6.000 11.000
v -45.258 -6.000 12.000
v -45.564 -6.000 13.000
v -46.000 -6.000 13.441
v -46.000 -6.620 14.000
v -46.000 -5.000 -26.399
v -45.280 -5.000 10.000
v -45.348 -5.000 11.000
v -46.000 -5.529 13.000
v -46.000 -5.000 12.537
v -46.000 -4.000 -26.381
v -45.366 -4.000 9.000
v -45.682 -4.000 10.000
v -46.000 -4.000 10.512
v -46.000 -4.356 11.000
v -46.000 -4.545 12.000
v -46.000 -3.000 -26.402
v -45.362 -3.000 8.000
v -46.000 -3.000 8.603
v -46.000 -3.333 9.000
v -46.000 -3.609 10.000
v -46.000 -2.000 -26.481
v -46.000 -2.350 8.000
v -46.000 -2.000 7.769
v -46.000 -1.000 -26.499
v -46.000 -1.000 7.840
v -46.000 0.000 -26.499
v -46.000 -0.840 8.000
v -46.000 -0.654 9.000
v -46.000 -0.506 10.000
v -46.000 0.000 10.418
v -46.000 1.000 -26.498
v -45.533 1.000 11.000
v -46.000 1.000 10.723
v -46.000 2.000 -26.479
v -46.000 1.355 11.000
v -46.000 2.000 11.500
v -46.000 3.000 -26.306
v -46.000 2.675 12.000
v -45.655 3.000 12.000
v -46.000 3.000 12.247
v -46.000 3.500 -26.000
v -45.500 4.000 -26.000
v -46.000 4.000 -25.694
v -45.624 4.000 12.000
v -46.000 4.000 12.276
v -46.000 5.000 -25.500
v -46.000 4.459 12.000
v -46.000 5.000 11.675
v -46.000 6.000 -25.306
v -45.463 6.000 11.000
v -46.000 6.000 11.324
v -46.000 6.492 -25.000
v -45.493 7.000 -25.000
v -46.000 7.000 -24.675
v -46.000 6.500 11.000
v -46.000 7.000 10.676
v -46.000 8.000 -24.325
v -45.492 8.000 10.000
v -46.000 8.000 10.297
v -46.000 8.529 -24.000
v -45.633 9.000 -24.000
v -46.000 9.000 -23.702
v -46.000 8.383 10.000
v -46.000 9.000 9.578
v -45.344 10.000 -24.000
v -46.000 10.000 -23.396
v -46.000 10.000 9.245
v -45.632 11.000 -23.000
v -46.000 10.527 -23.000
v -46.000 11.000 -22.629
v -45.481 11.000 8.000
v -46.000 10.702 8.000
v -46.000 11.000 7.615
v -46.000 10.254 9.000
v -45.367 12.000 -23.000
v -46.000 12.000 -22.340
v -45.500 12.000 6.000
v -46.000 11.720 6.000
v -46.000 12.000 5.644
v -46.000 11.420 7.000
v -45.494 13.000 -22.000
v -46.000 12.415 -22.000
v -46.000 13.000 -21.470
v -46.000 12.521 5.000
v -46.000 13.000 4.498
v -45.500 14.000 -21.000
v -46.000 13.476 -21.000
v -46.000 14.000 -20.499
v -46.000 13.475 4.000
v -46.000 14.000 3.330
v -45.500 15.000 -20.000
v -46.000 14.499 -20.000
v -46.000 15.000 -19.476
v -45.434 15.000 2.000
v -46.000 14.596 2.000
v -46.000 15.000 1.436
v -46.000 14.267 3.000
v -45.493 16.000 -19.000
v -46.000 15.470 -19.000
v -46.000 16.000 -18.414
v -45.669 16.000 -7.000
v -46.000 15.733 -7.000
v -46.000 16.000 -7.353
v -45.529 16.000 -6.000
v -46.000 15.525 -6.000
v -45.584 16.000 -5.000
v -46.000 15.497 -5.000
v -45.625 16.000 -4.000
v -46.000 15.583 -4.000
v -46.000 16.000 -3.207
v -45.599 16.000 -2.000
v -46.000 15.599 -2.000
v -46.000 16.000 -2.797
v -45.475 16.000 -1.000
v -46.000 15.501 -1.000
v -45.322 16.000 0.000
v -46.000 15.475 0.000
v -46.000 15.288 1.000
v -45.338 17.000 -18.000
v -46.000 16.338 -18.000
v -45.493 17.000 -17.000
v -46.000 16.493 -17.000
v -45.500 17.000 -16.000
v -46.000 16.500 -16.000
v -45.505 17.000 -15.000
v -46.000 16.523 -15.000
v -45.524 17.000 -14.000
v -46.000 16.601 -14.000
v -45.530 17.000 -13.000
v -46.000 16.619 -13.000
v -45.530 17.000 -12.000
v -46.000 16.619 -12.000
v -45.530 17.000 -11.000
v -46.000 16.619 -11.000
v -45.528 17.000 -10.000
v -46.000 16.619 -10.000
v -45.415 17.000 -9.000
v -46.000 16.595 -9.000
v -46.000 16.420 -8.000
v -45.102 17.000 -5.000
v -46.000 16.101 -3.000
v -46.296 -41.000 -8.000
v -46.495 -41.000 -7.000
v -46.365 -41.000 -6.000
v -47.000 -40.000 -8.215
v -47.000 -40.264 -8.000
v -47.000 -40.491 -7.000
v -47.000 -40.365 -6.000
v -46.499 -40.000 -5.000
v -47.000 -40.000 -5.552
v -47.000 -39.000 -8.396
v -47.000 -39.506 -5.000
v -46.556 -39.000 -4.000
v -47.000 -39.000 -4.444
v -47.000 -38.000 -8.481
v -47.000 -38.681 -4.000
v -47.000 -38.264 -3.000
v -47.000 -38.000 -2.736
v -47.000 -37.000 -8.500
v -46.562 -37.000 -2.000
v -47.000 -37.000 -2.318
v -47.000 -36.000 -8.597
v -47.000 -36.557 -2.000
v -46.605 -36.000 -1.000
v -47.000 -36.000 -1.469
v -46.291 -36.000 0.000
v -46.654 -35.000 -9.000
v -47.000 -35.000 -9.248
v -47.000 -35.345 -9.000
v -47.000 -35.530 -1.000
v -47.000 -35.000 -0.415
v -46.709 -35.000 0.000
v -46.396 -35.000 1.000
v -46.503 -34.000 -9.000
v -47.000 -34.000 -9.378
v -47.000 -34.656 0.000
v -47.000 -34.345 1.000
v -46.621 -34.000 2.000
v -47.000 -34.000 1.464
v -46.266 -34.000 3.000
v -46.493 -33.000 -9.000
v -47.000 -33.000 -9.399
v -47.000 -33.609 2.000
v -47.000 -33.306 3.000
v -47.000 -33.000 3.264
v -46.358 -32.000 -9.000
v -47.000 -32.000 -9.502
v -46.236 -32.000 4.000
v -47.000 -32.000 3.668
v -47.000 -31.000 -9.710
v -47.000 -31.456 4.000
v -47.000 -31.000 4.276
v -46.612 -30.000 -10.000
v -47.000 -30.000 -10.373
v -47.000 -30.536 -10.000
v -47.000 -30.000 4.400
v -46.501 -29.000 -10.000
v -47.000 -29.000 -10.503
v -47.000 -29.000 4.580
v -46.501 -28.000 -10.000
v -47.000 -28.000 -10.518
v -47.000 -28.352 5.000
v -46.642 -28.000 5.000
v -47.000 -28.000 5.267
v -46.709 -27.000 -18.000
v -47.000 -27.000 -18.405
v -47.000 -27.339 -18.000
v -47.000 -27.376 -17.000
v -46.622 -27.000 -17.000
v -47.000 -27.000 -16.593
v -46.627 -27.000 -10.000
v -47.000 -27.000 -10.393
v -46.317 -27.000 5.000
v -47.000 -27.000 5.499
v -46.704 -26.000 -19.000
v -47.000 -26.000 -19.338
v -47.000 -26.408 -19.000
v -46.265 -26.000 -18.000
v -47.000 -26.000 -16.119
v -46.791 -26.000 -16.000
v -47.000 -26.456 -10.000
v -46.359 -26.000 -9.000
v -47.000 -26.000 -9.668
v -47.000 -26.000 5.629
v -46.339 -26.000 10.000
v -46.486 -26.000 11.000
v -46.308 -26.000 12.000
v -46.676 -25.000 -20.000
v -47.000 -25.000 -20.262
v -47.000 -25.309 -20.000
v -46.266 -25.000 -19.000
v -47.000 -25.853 -16.000
v -46.430 -25.000 -15.000
v -47.000 -25.000 -15.470
v -46.472 -25.000 -9.000
v -47.000 -25.000 -9.527
v -46.762 -25.000 6.000
v -47.000 -25.000 5.858
v -46.370 -25.000 8.000
v -46.632 -25.000 9.000
v -47.000 -25.000 9.501
v -47.000 -25.366 10.000
v -47.000 -25.496 11.000
v -47.000 -25.364 12.000
v -46.404 -25.000 13.000
v -47.000 -25.000 12.441
v -46.042 -24.000 -21.000
v -47.000 -24.000 -20.697
v -46.739 -24.000 -15.000
v -47.000 -24.000 -15.260
v -46.325 -24.000 -14.000
v -46.465 -24.000 -9.000
v -47.000 -24.000 -9.507
v -47.000 -24.781 6.000
v -46.840 -24.000 7.000
v -47.000 -24.000 6.791
v -47.000 -24.000 7.287
v -47.000 -24.351 8.000
v -47.000 -24.628 9.000
v -47.000 -24.434 13.000
v -47.000 -24.000 13.299
v -47.000 -23.000 -21.519
v -47.000 -23.634 -21.000
v -47.000 -23.574 -15.000
v -47.000 -23.000 -14.498
v -46.676 -23.000 -14.000
v -46.320 -23.000 -13.000
v -46.251 -23.000 -9.000
v -47.000 -23.000 -9.660
v -47.000 -23.860 7.000
v -47.000 -23.000 13.479
v -47.000 -22.000 -22.376
v -47.000 -22.470 -22.000
v -47.000 -22.494 -14.000
v -47.000 -22.000 -13.468
v -46.711 -22.000 -13.000
v -46.454 -22.000 -12.000
v -47.000 -22.000 -10.577
v -47.000 -22.638 -10.000
v -47.000 -22.000 13.497
v -47.000 -21.000 -22.498
v -47.000 -21.663 -13.000
v -47.000 -21.591 -12.000
v -47.000 -21.654 -11.000
v -47.000 -21.000 13.404
v -47.000 -20.000 -22.619
v -47.000 -20.029 13.000
v -47.000 -20.000 12.982
v -47.000 -19.000 -23.378
v -47.000 -19.498 -23.000
v -47.000 -19.981 13.000
v -47.000 -19.385 14.000
v -47.000 -19.000 14.353
v -47.000 -18.000 -23.498
v -47.000 -18.000 14.617
v -47.000 -17.000 -23.502
v -47.000 -17.497 15.000
v -47.000 -17.000 15.378
v -47.000 -16.000 -23.651
v -47.000 -16.000 15.497
v -46.379 -15.000 -26.000
v -47.000 -15.000 -25.548
v -47.000 -15.399 -25.000
v -47.000 -15.650 -24.000
v -47.000 -15.000 15.481
v -47.000 -14.000 -26.276
v -47.000 -14.428 -26.000
v -46.410 -14.000 15.000
v -47.000 -14.000 15.400
v -47.000 -13.000 -26.278
v -46.624 -13.000 15.000
v -47.000 -13.000 15.279
v -47.000 -12.499 -26.000
v -46.627 -12.000 -26.000
v -47.000 -12.000 -25.723
v -47.000 -12.530 15.000
v -47.000 -12.000 14.694
v -46.621 -11.000 -26.000
v -47.000 -11.000 -25.721
v -47.000 -11.000 14.522
v -47.000 -10.000 -26.156
v -47.000 -10.334 -26.000
v -47.000 -10.000 14.600
v -47.000 -9.500 -26.000
v -46.781 -9.000 -26.000
v -47.000 -9.000 -25.844
v -47.000 -9.348 15.000
v -46.659 -9.000 15.000
v -47.000 -9.000 15.248
v -47.000 -8.000 -26.280
v -47.000 -8.666 -26.000
v -46.646 -8.000 15.000
v -47.000 -8.000 15.276
v -47.000 -7.000 -26.278
v -47.000 -7.542 15.000
v -47.000 -7.000 14.674
v -47.000 -6.502 -26.000
v -46.642 -6.000 -26.000
v -47.000 -6.000 -25.720
v -46.562 -6.000 14.000
v -47.000 -6.000 14.317
v -46.507 -5.000 -26.000
v -47.000 -5.000 -25.620
v -46.481 -5.000 13.000
v -47.000 -5.000 13.493
v -47.000 -5.557 14.000
v -46.502 -4.000 -26.000
v -47.000 -4.000 -25.621
v -46.288 -4.000 11.000
v -46.586 -4.000 12.000
v -47.000 -4.000 12.476
v -47.000 -4.501 13.000
v -46.620 -3.000 -26.000
v -47.000 -3.000 -25.721
v -46.270 -3.000 9.000
v -46.402 -3.000 10.000
v -46.579 -3.000 11.000
v -47.000 -3.000 11.590
v -47.000 -3.480 12.000
v -47.000 -2.000 -26.279
v -47.000 -2.500 -26.000
v -46.231 -2.000 8.000
v -46.476 -2.000 9.000
v -46.499 -2.000 10.000
v -46.626 -2.000 11.000
v -47.000 -2.000 11.446
v -47.000 -1.000 -26.378
v -46.160 -1.000 8.000
v -46.345 -1.000 9.000
v -46.397 -1.000 10.000
v -46.735 -1.000 11.000
v -47.000 -1.000 11.263
v -47.000 0.000 -26.380
v -47.000 -0.539 11.000
v -47.000 0.000 10.704
v -47.000 1.000 -26.378
v -47.000 1.000 10.754
v -47.000 2.000 -26.278
v -47.000 1.318 11.000
v -47.000 2.000 11.524
v -47.000 2.469 -26.000
v -46.499 3.000 -26.000
v -47.000 3.000 -25.692
v -47.000 2.526 12.000
v -47.000 3.000 12.378
v -47.000 4.000 -25.500
v -47.000 4.000 12.477
v -47.000 5.000 -25.306
v -46.538 5.000 12.000
v -47.000 5.000 12.278
v -47.000 5.492 -25.000
v -46.492 6.000 -25.000
v -47.000 6.000 -24.675
v -47.000 5.374 12.000
v -47.000 6.000 11.578
v -47.000 7.000 -24.318
v -46.538 7.000 11.000
v -47.000 7.000 11.279
v -47.000 7.467 -24.000
v -46.475 8.000 -24.000
v -47.000 8.000 -23.598
v -47.000 7.353 11.000
v -47.000 8.000 10.476
v -47.000 9.000 -23.291
v -47.000 8.499 10.000
v -47.000 9.000 9.522
v -47.000 9.415 -23.000
v -46.471 10.000 -23.000
v -47.000 10.000 -22.494
v -46.413 10.000 9.000
v -47.000 9.605 9.000
v -47.000 10.000 8.600
v -46.604 11.000 -22.000
v -47.000 10.524 -22.000
v -47.000 11.000 -21.530
v -47.000 10.500 8.000
v -47.000 11.000 7.359
v -46.291 12.000 -22.000
v -47.000 11.585 -21.000
v -46.709 12.000 -21.000
v -47.000 12.000 -20.656
v -46.931 12.000 -4.000
v -47.000 11.912 -4.000
v -47.000 12.000 -4.076
v -47.000 12.000 -3.853
v -47.000 11.579 6.000
v -47.000 12.000 5.411
v -47.000 11.280 7.000
v -46.395 13.000 -21.000
v -47.000 13.000 -20.344
v -46.629 13.000 -4.000
v -47.000 13.000 -4.524
v -47.000 12.543 -3.000
v -46.723 13.000 -3.000
v -47.000 13.000 -2.622
v -47.000 12.372 5.000
v -47.000 13.000 4.308
v -46.493 14.000 -20.000
v -47.000 13.414 -20.000
v -47.000 14.000 -19.414
v -46.724 14.000 -5.000
v -47.000 13.577 -5.000
v -47.000 14.000 -5.337
v -46.520 14.000 -4.000
v -46.599 14.000 -3.000
v -47.000 14.000 -2.349
v -46.628 14.000 2.000
v -47.000 13.633 2.000
v -47.000 14.000 1.499
v -46.332 14.000 3.000
v -47.000 13.477 3.000
v -47.000 13.258 4.000
v -46.395 15.000 -19.000
v -47.000 14.344 -19.000
v -46.708 15.000 -18.000
v -47.000 14.655 -18.000
v -47.000 15.000 -17.535
v -46.609 15.000 -6.000
v -47.000 14.623 -6.000
v -47.000 15.000 -6.474
v -46.403 15.000 -5.000
v -46.402 15.000 -4.000
v -46.480 15.000 -3.000
v -47.000 14.327 -2.000
v -46.499 15.000 -2.000
v -46.500 15.000 -1.000
v -47.000 14.473 -1.000
v -46.493 15.000 0.000
v -47.000 14.493 0.000
v -46.338 15.000 1.000
v -47.000 14.366 1.000
v -46.289 16.000 -18.000
v -47.000 15.388 -17.000
v -46.476 16.000 -17.000
v -46.501 16.000 -16.000
v -47.000 15.500 -16.000
v -46.612 16.000 -15.000
v -47.000 15.627 -15.000
v -47.000 16.000 -14.456
v -47.000 15.402 -7.000
v -47.000 16.000 -7.695
v -46.101 16.000 -3.000
v -47.000 16.273 -14.000
v -47.000 16.379 -13.000
v -47.000 16.381 -12.000
v -47.000 16.381 -11.000
v -47.000 16.381 -10.000
v -47.000 16.379 -9.000
v -47.000 16.243 -8.000
v -47.222 -40.000 -8.000
v -47.473 -40.000 -7.000
v -47.365 -40.000 -6.000
v -47.552 -39.000 -8.000
v -48.000 -39.000 -7.469
v -48.000 -39.385 -7.000
v -48.000 -39.370 -6.000
v -47.555 -39.000 -5.000
v -48.000 -39.000 -5.496
v -48.000 -38.000 -8.272
v -48.000 -38.428 -8.000
v -48.000 -38.681 -5.000
v -48.000 -38.318 -4.000
v -47.377 -38.000 -3.000
v -48.000 -38.000 -3.562
v -48.000 -37.000 -8.402
v -48.000 -37.438 -3.000
v -48.000 -37.000 -2.682
v -48.000 -36.000 -8.579
v -47.557 -36.000 -2.000
v -48.000 -36.000 -2.318
v -48.000 -35.000 -9.277
v -48.000 -35.372 -9.000
v -48.000 -35.556 -2.000
v -47.506 -35.000 -1.000
v -48.000 -35.000 -1.494
v -48.000 -34.000 -9.498
v -48.000 -34.476 -1.000
v -47.598 -34.000 0.000
v -48.000 -34.000 -0.506
v -47.292 -34.000 1.000
v -48.000 -33.000 -9.698
v -48.000 -33.475 0.000
v -48.000 -33.000 0.529
v -47.704 -33.000 1.000
v -47.521 -33.000 2.000
v -47.305 -33.000 3.000
v -47.606 -32.000 -10.000
v -48.000 -32.000 -10.377
v -48.000 -32.513 -10.000
v -48.000 -32.618 1.000
v -48.000 -32.474 2.000
v -48.000 -32.264 3.000
v -48.000 -32.000 3.224
v -47.340 -31.000 -10.000
v -48.000 -31.000 -10.659
v -47.352 -31.000 4.000
v -48.000 -31.000 3.452
v -47.627 -30.000 -11.000
v -48.000 -30.000 -11.411
v -48.000 -30.536 -11.000
v -47.610 -30.000 4.000
v -48.000 -30.000 3.653
v -47.900 -29.000 -17.000
v -48.000 -29.000 -17.169
v -48.000 -29.100 -17.000
v -48.000 -29.000 -16.799
v -47.479 -29.000 -11.000
v -48.000 -29.000 -11.643
v -48.000 -29.633 4.000
v -48.000 -29.000 4.517
v -47.633 -28.000 -18.000
v -48.000 -28.000 -18.368
v -48.000 -28.430 -18.000
v -47.442 -28.000 -17.000
v -48.000 -28.579 -16.000
v -47.582 -28.000 -16.000
v -48.000 -28.322 -15.000
v -47.752 -28.000 -15.000
v -48.000 -28.000 -14.654
v -47.845 -28.000 -12.000
v -48.000 -28.000 -12.221
v -48.000 -28.330 -12.000
v -47.417 -28.000 -11.000
v -48.000 -28.498 5.000
v -48.000 -28.000 5.476
v -47.600 -27.000 -19.000
v -48.000 -27.000 -19.272
v -48.000 -27.334 -19.000
v -47.396 -27.000 -16.000
v -47.719 -27.000 -15.000
v -48.000 -27.000 -14.622
v -48.000 -27.669 -12.000
v -47.500 -27.000 -11.000
v -48.000 -27.000 -11.640
v -48.000 -27.324 6.000
v -47.673 -27.000 6.000
v -48.000 -27.000 6.250
v -48.000 -26.000 -19.599
v -47.145 -26.000 -16.000
v -48.000 -26.000 -15.329
v -48.000 -26.492 -15.000
v -47.602 -26.000 -11.000
v -48.000 -26.000 -11.506
v -47.274 -26.000 -10.000
v -47.483 -26.000 6.000
v -48.000 -26.000 6.379
v -48.000 -25.000 -20.378
v -48.000 -25.491 -20.000
v -48.000 -25.000 -15.368
v -47.719 -25.000 -11.000
v -48.000 -25.000 -11.381
v -47.397 -25.000 -10.000
v -47.280 -25.000 6.000
v -48.000 -25.000 6.316
v -47.366 -25.000 10.000
v -47.496 -25.000 11.000
v -47.365 -25.000 12.000
v -48.000 -24.000 -20.619
v -48.000 -24.000 -15.448
v -48.000 -24.498 -11.000
v -47.475 -24.000 -10.000
v -48.000 -24.000 -10.647
v -48.000 -24.000 6.157
v -47.328 -24.000 8.000
v -47.610 -24.000 9.000
v -48.000 -24.000 9.520
v -48.000 -24.366 10.000
v -48.000 -24.496 11.000
v -48.000 -24.365 12.000
v -47.435 -24.000 13.000
v -48.000 -24.000 12.442
v -48.000 -23.000 -21.476
v -48.000 -23.525 -21.000
v -47.938 -23.000 -16.000
v -48.000 -23.077 -16.000
v -48.000 -23.000 -16.056
v -47.356 -23.000 -15.000
v -47.358 -23.000 -10.000
v -48.000 -23.000 -10.558
v -48.000 -23.507 7.000
v -48.000 -23.125 8.000
v -48.000 -23.564 9.000
v -48.000 -23.435 13.000
v -48.000 -23.000 13.299
v -48.000 -22.000 -22.278
v -48.000 -22.353 -22.000
v -47.798 -22.000 -16.000
v -48.000 -22.000 -16.200
v -47.507 -22.000 -15.000
v -47.312 -22.000 -14.000
v -48.000 -22.000 -10.819
v -48.000 -22.000 13.479
v -48.000 -21.000 -22.481
v -48.000 -21.671 -16.000
v -48.000 -21.000 -15.422
v -47.726 -21.000 -15.000
v -47.613 -21.000 -14.000
v -47.704 -21.000 -13.000
v -48.000 -21.000 -12.687
v -48.000 -21.534 -12.000
v -48.000 -21.826 -11.000
v -48.000 -21.000 13.483
v -48.000 -20.000 -22.620
v -48.000 -20.638 -15.000
v -48.000 -20.552 -14.000
v -48.000 -20.752 -13.000
v -47.025 -20.000 13.000
v -48.000 -20.000 13.522
v -48.000 -19.000 -23.380
v -48.000 -19.500 -23.000
v -48.000 -19.356 14.000
v -48.000 -19.000 14.274
v -48.000 -18.000 -23.498
v -48.000 -18.000 14.601
v -48.000 -17.000 -23.502
v -48.000 -17.493 15.000
v -48.000 -17.000 15.378
v -48.000 -16.000 -23.652
v -48.000 -16.000 15.498
v -48.000 -15.000 -25.367
v -48.000 -15.356 -25.000
v -48.000 -15.650 -24.000
v -48.000 -15.000 15.500
v -47.376 -14.000 -26.000
v -48.000 -14.000 -25.596
v -48.000 -14.000 15.498
v -47.378 -13.000 -26.000
v -48.000 -13.000 -25.597
v -48.000 -13.000 15.479
v -48.000 -12.000 -25.518
v -47.500 -12.000 15.000
v -48.000 -12.000 15.306
v -48.000 -11.000 -25.518
v -48.000 -11.467 15.000
v -48.000 -11.000 14.724
v -47.222 -10.000 -26.000
v -48.000 -10.000 -25.575
v -48.000 -10.000 14.752
v -48.000 -9.000 -25.518
v -48.000 -9.652 15.000
v -48.000 -9.000 15.400
v -47.358 -8.000 -26.000
v -48.000 -8.000 -25.500
v -48.000 -8.000 15.478
v -47.352 -7.000 -26.000
v -48.000 -7.000 -25.477
v -47.538 -7.000 15.000
v -48.000 -7.000 15.279
v -48.000 -6.000 -25.399
v -48.000 -6.624 15.000
v -48.000 -6.000 14.579
v -48.000 -5.000 -25.404
v -47.594 -5.000 14.000
v -48.000 -5.000 14.273
v -48.000 -4.000 -25.482
v -47.550 -4.000 13.000
v -48.000 -4.000 13.367
v -48.000 -4.668 14.000
v -48.000 -3.000 -25.518
v -47.394 -3.000 12.000
v -48.000 -3.000 12.500
v -48.000 -3.612 13.000
v -47.380 -2.000 -26.000
v -48.000 -2.000 -25.597
v -47.645 -2.000 12.000
v -48.000 -2.000 12.281
v -47.498 -1.000 -26.000
v -48.000 -1.000 -25.619
v -48.000 -1.537 12.000
v -48.000 -1.000 11.675
v -47.500 0.000 -26.000
v -48.000 0.000 -25.619
v -47.379 0.000 11.000
v -48.000 0.000 11.423
v -47.498 1.000 -26.000
v -48.000 1.000 -25.618
v -47.338 1.000 11.000
v -48.000 1.000 11.424
v -47.374 2.000 -26.000
v -48.000 2.000 -25.579
v -48.000 2.000 11.705
v -48.000 3.000 -25.420
v -48.000 2.387 12.000
v -48.000 3.000 12.402
v -48.000 4.000 -25.272
v -48.000 4.000 12.497
v -48.000 4.429 -25.000
v -47.466 5.000 -25.000
v -48.000 5.000 -24.597
v -48.000 5.000 12.378
v -48.000 6.000 -24.290
v -48.000 5.498 12.000
v -48.000 6.000 11.618
v -48.000 6.415 -24.000
v -47.444 7.000 -24.000
v -48.000 7.000 -23.500
v -48.000 7.000 11.379
v -47.656 8.000 -23.000
v -48.000 7.585 -23.000
v -48.000 8.000 -22.709
v -48.000 7.468 11.000
v -48.000 8.000 10.498
v -47.344 9.000 -23.000
v -48.000 9.000 -22.395
v -48.000 8.498 10.000
v -48.000 9.000 9.493
v -47.500 10.000 -22.000
v -48.000 9.476 -22.000
v -48.000 10.000 -21.500
v -48.000 9.477 9.000
v -48.000 10.000 8.361
v -47.506 11.000 -21.000
v -48.000 10.500 -21.000
v -48.000 11.000 -20.501
v -47.758 11.000 -4.000
v -48.000 10.795 -4.000
v -48.000 11.000 -4.216
v -47.747 11.000 -3.000
v -48.000 10.756 -3.000
v -48.000 11.000 -2.589
v -47.462 11.000 7.000
v -48.000 10.674 7.000
v -48.000 11.000 6.498
v -48.000 10.296 8.000
v -47.605 12.000 -20.000
v -48.000 11.524 -20.000
v -48.000 12.000 -19.530
v -48.000 12.000 -4.659
v -47.329 12.000 -3.000
v -48.000 11.419 -2.000
v -47.581 12.000 -2.000
v -47.750 12.000 -1.000
v -48.000 11.676 -1.000
v -48.000 12.000 -0.655
v -47.505 12.000 5.000
v -48.000 11.680 5.000
v -48.000 12.000 4.504
v -48.000 11.323 6.000
v -47.291 13.000 -20.000
v -48.000 12.556 -19.000
v -47.681 13.000 -19.000
v -48.000 13.000 -18.556
v -47.533 13.000 -5.000
v -48.000 12.501 -5.000
v -48.000 13.000 -5.328
v -47.403 13.000 -2.000
v -47.596 13.000 -1.000
v -48.000 13.000 -0.346
v -47.627 13.000 2.000
v -48.000 12.612 2.000
v -48.000 13.000 1.453
v -47.495 13.000 3.000
v -48.000 12.500 3.000
v -47.308 13.000 4.000
v -48.000 12.371 4.000
v -47.291 14.000 -19.000
v -48.000 13.529 -18.000
v -47.604 14.000 -18.000
v -48.000 14.000 -17.473
v -48.000 14.000 -5.765
v -47.250 14.000 -2.000
v -47.395 14.000 -1.000
v -48.000 13.321 0.000
v -47.475 14.000 0.000
v -47.365 14.000 1.000
v -48.000 13.329 1.000
v -47.372 15.000 -17.000
v -48.000 14.366 -17.000
v -47.500 15.000 -16.000
v -48.000 14.500 -16.000
v -47.634 15.000 -15.000
v -48.000 14.634 -15.000
v -48.000 15.000 -14.500
v -47.505 15.000 -7.000
v -48.000 14.603 -7.000
v -48.000 15.000 -7.528
v -48.000 14.233 -6.000
v -47.332 16.000 -14.000
v -48.000 15.366 -14.000
v -47.468 16.000 -13.000
v -48.000 15.498 -13.000
v -47.470 16.000 -12.000
v -48.000 15.500 -12.000
v -47.470 16.000 -11.000
v -48.000 15.500 -11.000
v -47.470 16.000 -10.000
v -48.000 15.500 -10.000
v -47.468 16.000 -9.000
v -48.000 15.498 -9.000
v -47.300 16.000 -8.000
v -48.000 15.365 -8.000
v -48.369 -39.000 -7.000
v -48.385 -39.000 -6.000
v -48.332 -38.000 -8.000
v -49.000 -38.000 -7.309
v -49.000 -38.308 -7.000
v -49.000 -38.469 -6.000
v -49.000 -38.289 -5.000
v -48.443 -38.000 -4.000
v -49.000 -38.000 -4.586
v -48.583 -37.000 -8.000
v -49.000 -37.000 -7.621
v -49.000 -37.493 -4.000
v -48.443 -37.000 -3.000
v -49.000 -37.000 -3.507
v -49.000 -36.000 -8.318
v -49.000 -36.493 -8.000
v -49.000 -36.415 -3.000
v -49.000 -36.000 -2.710
v -48.489 -35.000 -9.000
v -49.000 -35.000 -8.702
v -48.529 -35.000 -2.000
v -49.000 -35.000 -2.396
v -49.000 -34.000 -9.499
v -49.000 -34.633 -9.000
v -49.000 -34.474 -2.000
v -48.396 -34.000 -1.000
v -49.000 -34.000 -1.629
v -48.490 -33.000 -10.000
v -49.000 -33.000 -10.370
v -49.000 -33.390 -10.000
v -48.710 -33.000 -1.000
v -49.000 -33.000 -1.339
v -48.325 -33.000 0.000
v -48.658 -32.000 -11.000
v -49.000 -32.000 -11.334
v -49.000 -32.338 -11.000
v -49.000 -32.586 -1.000
v -49.000 -32.000 -0.442
v -48.684 -32.000 0.000
v -48.423 -32.000 1.000
v -48.379 -32.000 2.000
v -48.213 -32.000 3.000
v -48.735 -31.000 -12.000
v -49.000 -31.000 -12.310
v -49.000 -31.306 -12.000
v -48.294 -31.000 -11.000
v -49.000 -31.565 0.000
v -49.000 -31.000 0.635
v -48.755 -31.000 1.000
v -48.601 -31.000 2.000
v -48.392 -31.000 3.000
v -48.724 -30.000 -13.000
v -49.000 -30.000 -13.449
v -49.000 -30.333 -13.000
v -48.424 -30.000 -12.000
v -49.000 -30.746 1.000
v -49.000 -30.447 2.000
v -49.000 -30.000 2.534
v -48.634 -30.000 3.000
v -48.607 -29.000 -18.000
v -49.000 -29.000 -18.274
v -49.000 -29.328 -18.000
v -49.000 -29.580 -17.000
v -49.000 -29.522 -16.000
v -48.398 -29.000 -16.000
v -49.000 -29.497 -15.000
v -48.522 -29.000 -15.000
v -49.000 -29.583 -14.000
v -48.580 -29.000 -14.000
v -48.500 -29.000 -13.000
v -48.281 -29.000 -12.000
v -49.000 -29.630 3.000
v -49.000 -29.271 4.000
v -49.000 -29.000 4.336
v -49.000 -28.000 -18.599
v -48.403 -28.000 -14.000
v -48.422 -28.000 -13.000
v -49.000 -28.499 5.000
v -49.000 -28.000 5.607
v -49.000 -27.000 -19.380
v -49.000 -27.493 -19.000
v -48.402 -27.000 -14.000
v -48.479 -27.000 -13.000
v -48.280 -27.000 -12.000
v -49.000 -27.606 6.000
v -49.000 -27.000 6.498
v -49.000 -26.000 -19.596
v -48.271 -26.000 -15.000
v -48.482 -26.000 -14.000
v -48.498 -26.000 -13.000
v -48.379 -26.000 -12.000
v -49.000 -26.000 6.617
v -49.000 -25.000 -20.280
v -49.000 -25.379 -20.000
v -48.369 -25.000 -15.000
v -48.574 -25.000 -14.000
v -48.516 -25.000 -13.000
v -48.402 -25.000 -12.000
v -49.000 -25.000 6.604
v -49.000 -24.000 -20.577
v -48.549 -24.000 -15.000
v -49.000 -24.000 -14.218
v -49.000 -24.170 -14.000
v -48.597 -24.000 -13.000
v -49.000 -24.000 -13.819
v -48.482 -24.000 -12.000
v -48.278 -24.000 -11.000
v -49.000 -24.000 6.718
v -48.366 -24.000 10.000
v -48.496 -24.000 11.000
v -48.365 -24.000 12.000
v -49.000 -23.000 -21.296
v -49.000 -23.381 -21.000
v -48.100 -23.000 -16.000
v -49.000 -23.000 -15.422
v -49.000 -23.451 -15.000
v -48.716 -23.000 -13.000
v -49.000 -23.000 -13.404
v -48.515 -23.000 -12.000
v -48.371 -23.000 -11.000
v -49.000 -23.744 7.000
v -49.000 -23.333 8.000
v -48.776 -23.000 9.000
v -49.000 -23.000 8.722
v -49.000 -23.000 9.281
v -49.000 -23.374 10.000
v -49.000 -23.496 11.000
v -49.000 -23.365 12.000
v -48.435 -23.000 13.000
v -49.000 -23.000 12.442
v -48.461 -22.000 -22.000
v -49.000 -22.000 -21.674
v -49.000 -22.312 -16.000
v -49.000 -22.000 -16.201
v -49.000 -22.487 -13.000
v -48.467 -22.000 -12.000
v -49.000 -22.000 -12.654
v -48.174 -22.000 -11.000
v -49.000 -22.856 9.000
v -49.000 -22.435 13.000
v -49.000 -22.000 13.299
v -49.000 -21.000 -22.307
v -49.000 -21.492 -22.000
v -48.682 -21.000 -16.000
v -49.000 -21.000 -16.193
v -49.000 -21.000 -12.789
v -49.000 -21.000 13.480
v -49.000 -20.000 -22.601
v -49.000 -20.160 -16.000
v -48.633 -20.000 -15.000
v -49.000 -20.000 -15.893
v -48.918 -20.000 -14.000
v -49.000 -20.000 -13.929
v -49.000 -20.763 -13.000
v -49.000 -20.000 13.518
v -49.000 -19.000 -23.378
v -49.000 -19.493 -23.000
v -49.000 -19.397 -15.000
v -49.000 -19.934 -14.000
v -48.493 -19.000 14.000
v -49.000 -19.000 13.721
v -49.000 -18.000 -23.498
v -49.000 -18.641 14.000
v -49.000 -18.000 14.499
v -49.000 -17.000 -23.502
v -49.000 -17.357 15.000
v -49.000 -17.000 15.278
v -49.000 -16.000 -23.652
v -49.000 -16.000 15.481
v -49.000 -15.000 -25.348
v -49.000 -15.349 -25.000
v -49.000 -15.650 -24.000
v -49.000 -15.000 15.500
v -49.000 -14.000 -25.498
v -49.000 -14.000 15.500
v -49.000 -13.000 -25.482
v -49.000 -13.000 15.499
v -49.000 -12.000 -25.402
v -49.000 -12.000 15.481
v -49.000 -11.000 -25.380
v -48.377 -11.000 15.000
v -49.000 -11.000 15.402
v -49.000 -10.000 -25.379
v -48.346 -10.000 15.000
v -49.000 -10.000 15.403
v -49.000 -9.000 -25.279
v -49.000 -9.000 15.482
v -49.000 -8.508 -25.000
v -48.635 -8.000 -25.000
v -49.000 -8.000 -24.704
v -49.000 -8.000 15.498
v -48.506 -7.000 -25.000
v -49.000 -7.000 -24.546
v -49.000 -7.000 15.400
v -48.502 -6.000 -25.000
v -49.000 -6.000 -24.603
v -49.000 -6.384 15.000
v -49.000 -6.000 14.718
v -48.620 -5.000 -25.000
v -49.000 -5.000 -24.720
v -49.000 -5.000 14.419
v -49.000 -4.000 -25.279
v -49.000 -4.500 -25.000
v -49.000 -4.412 14.000
v -49.000 -4.000 13.626
v -49.000 -3.000 -25.401
v -49.000 -3.302 13.000
v -49.000 -3.000 12.756
v -49.000 -2.000 -25.463
v -49.000 -2.000 12.580
v -49.000 -1.000 -25.403
v -48.500 -1.000 12.000
v -49.000 -1.000 12.324
v -49.000 0.000 -25.382
v -49.000 -0.460 12.000
v -49.000 0.000 11.723
v -49.000 1.000 -25.380
v -49.000 1.000 11.722
v -49.000 2.000 -25.279
v -49.000 1.468 12.000
v -48.478 2.000 12.000
v -49.000 2.000 12.306
v -49.000 2.490 -25.000
v -48.615 3.000 -25.000
v -49.000 3.000 -24.701
v -49.000 3.000 12.479
v -48.336 4.000 -25.000
v -49.000 4.000 -24.396
v -49.000 4.000 12.497
v -48.629 5.000 -24.000
v -49.000 4.527 -24.000
v -49.000 5.000 -23.632
v -49.000 5.000 12.378
v -48.340 6.000 -24.000
v -49.000 6.000 -23.367
v -49.000 5.497 12.000
v -49.000 6.000 11.618
v -48.529 7.000 -23.000
v -49.000 6.473 -23.000
v -49.000 7.000 -22.604
v -49.000 7.000 11.375
v -49.000 8.000 -22.291
v -49.000 7.446 11.000
v -49.000 8.000 10.387
v -49.000 8.415 -22.000
v -48.470 9.000 -22.000
v -49.000 9.000 -21.494
v -49.000 8.371 10.000
v -49.000 9.000 9.309
v -48.500 10.000 -21.000
v -49.000 9.500 -21.000
v -49.000 10.000 -20.500
v -48.444 10.000 8.000
v -49.000 9.596 8.000
v -49.000 10.000 7.437
v -49.000 9.260 9.000
v -48.500 11.000 -20.000
v -49.000 10.500 -20.000
v -49.000 11.000 -19.500
v -49.000 10.507 -4.000
v -49.000 11.000 -4.582
v -49.000 10.401 -3.000
v -48.396 11.000 -2.000
v -49.000 10.477 -2.000
v -48.523 11.000 -1.000
v -49.000 10.506 -1.000
v -48.705 11.000 0.000
v -49.000 10.639 0.000
v -49.000 11.000 0.507
v -48.467 11.000 6.000
v -49.000 10.575 6.000
v -49.000 11.000 5.390
v -49.000 10.290 7.000
v -48.506 12.000 -19.000
v -49.000 11.500 -19.000
v -49.000 12.000 -18.500
v -48.475 12.000 -5.000
v -49.000 11.494 -5.000
v -49.000 12.000 -5.406
v -48.420 12.000 0.000
v -49.000 11.375 1.000
v -48.577 12.000 1.000
v -48.522 12.000 2.000
v -49.000 11.473 2.000
v -48.498 12.000 3.000
v -49.000 11.470 3.000
v -48.387 12.000 4.000
v -49.000 11.446 4.000
v -49.000 11.255 5.000
v -48.505 13.000 -18.000
v -49.000 12.499 -18.000
v -49.000 13.000 -17.449
v -49.000 13.000 -5.765
v -48.248 13.000 0.000
v -48.271 13.000 1.000
v -48.366 14.000 -17.000
v -49.000 13.366 -17.000
v -48.505 14.000 -16.000
v -49.000 13.522 -16.000
v -48.661 14.000 -15.000
v -49.000 13.710 -15.000
v -49.000 14.000 -14.536
v -48.628 14.000 -7.000
v -49.000 13.628 -7.000
v -49.000 14.000 -7.501
v -48.275 14.000 -6.000
v -49.000 13.275 -6.000
v -48.366 15.000 -14.000
v -49.000 14.372 -14.000
v -48.498 15.000 -13.000
v -49.000 14.498 -13.000
v -48.500 15.000 -12.000
v -49.000 14.500 -12.000
v -48.500 15.000 -11.000
v -49.000 14.500 -11.000
v -48.500 15.000 -10.000
v -49.000 14.500 -10.000
v -48.498 15.000 -9.000
v -49.000 14.498 -9.000
v -48.366 15.000 -8.000
v -49.000 14.366 -8.000
v -49.260 -38.000 -7.000
v -49.468 -38.000 -6.000
v -49.337 -38.000 -5.000
v -49.597 -37.000 -7.000
v -50.000 -37.000 -6.435
v -50.000 -37.350 -6.000
v -50.000 -37.329 -5.000
v -49.492 -37.000 -4.000
v -50.000 -37.000 -4.597
v -49.444 -36.000 -8.000
v -50.000 -36.000 -7.470
v -50.000 -36.493 -7.000
v -50.000 -36.414 -4.000
v -49.340 -36.000 -3.000
v -50.000 -36.000 -3.661
v -50.000 -35.000 -8.395
v -50.000 -35.470 -8.000
v -49.629 -35.000 -3.000
v -50.000 -35.000 -3.371
v -50.000 -34.000 -9.365
v -50.000 -34.370 -9.000
v -50.000 -34.527 -3.000
v -49.372 -34.000 -2.000
v -50.000 -34.000 -2.603
v -50.000 -33.000 -10.385
v -50.000 -33.370 -10.000
v -49.690 -33.000 -2.000
v -50.000 -33.000 -2.261
v -50.000 -32.000 -11.496
v -50.000 -32.473 -11.000
v -50.000 -32.691 -2.000
v -49.565 -32.000 -1.000
v -50.000 -32.000 -1.358
v -50.000 -31.000 -12.636
v -50.000 -31.520 -12.000
v -50.000 -31.656 -1.000
v -49.761 -31.000 0.000
v -50.000 -31.000 -0.180
v -49.921 -30.000 -18.000
v -50.000 -30.000 -18.058
v -50.000 -30.058 -18.000
v -50.000 -30.354 -17.000
v -49.536 -30.000 -17.000
v -50.000 -30.379 -16.000
v -49.526 -30.000 -16.000
v -50.000 -30.380 -15.000
v -49.529 -30.000 -15.000
v -50.000 -30.421 -14.000
v -49.417 -30.000 -14.000
v -50.000 -30.703 -13.000
v -50.000 -30.855 0.000
v -50.000 -30.441 1.000
v -49.528 -30.000 2.000
v -50.000 -30.000 1.595
v -50.000 -29.000 -18.457
v -50.000 -29.627 2.000
v -49.695 -29.000 3.000
v -50.000 -29.000 2.698
v -49.358 -29.000 4.000
v -50.000 -28.000 -18.619
v -50.000 -28.756 3.000
v -50.000 -28.599 4.000
v -50.000 -28.499 5.000
v -50.000 -28.300 6.000
v -49.515 -28.000 6.000
v -50.000 -28.000 6.436
v -50.000 -27.000 -19.378
v -50.000 -27.498 -19.000
v -50.000 -27.443 7.000
v -49.615 -27.000 7.000
v -50.000 -27.000 7.366
v -50.000 -26.000 -19.516
v -49.472 -26.000 7.000
v -50.000 -26.000 7.498
v -49.470 -25.000 -20.000
v -50.000 -25.000 -19.692
v -49.477 -25.000 7.000
v -50.000 -25.000 7.480
v -50.000 -24.000 -20.297
v -50.000 -24.478 -20.000
v -49.117 -24.000 -14.000
v -49.310 -24.000 7.000
v -50.000 -24.000 7.549
v -49.445 -23.000 -21.000
v -50.000 -23.000 -20.598
v -49.294 -23.000 -15.000
v -49.376 -23.000 -14.000
v -50.000 -23.522 8.000
v -50.000 -23.000 8.543
v -49.396 -23.000 10.000
v -49.497 -23.000 11.000
v -49.365 -23.000 12.000
v -50.000 -22.000 -21.319
v -50.000 -22.467 -21.000
v -49.203 -22.000 -16.000
v -49.473 -22.000 -15.000
v -49.478 -22.000 -14.000
v -49.269 -22.000 -13.000
v -50.000 -22.628 9.000
v -50.000 -22.503 10.000
v -50.000 -22.498 11.000
v -50.000 -22.365 12.000
v -49.435 -22.000 13.000
v -50.000 -22.000 12.442
v -49.522 -21.000 -22.000
v -50.000 -21.000 -21.702
v -49.202 -21.000 -16.000
v -49.457 -21.000 -15.000
v -49.453 -21.000 -14.000
v -49.203 -21.000 -13.000
v -50.000 -21.435 13.000
v -50.000 -21.000 13.299
v -50.000 -20.000 -22.499
v -50.000 -20.633 -22.000
v -49.298 -20.000 -15.000
v -49.059 -20.000 -14.000
v -50.000 -20.000 13.482
v -50.000 -19.000 -23.278
v -50.000 -19.357 -23.000
v -50.000 -19.000 13.599
v -50.000 -18.000 -23.479
v -50.000 -18.389 14.000
v -50.000 -18.000 14.297
v -50.000 -17.000 -23.500
v -49.491 -17.000 15.000
v -50.000 -17.000 14.703
v -50.000 -16.000 -23.651
v -50.000 -16.612 15.000
v -50.000 -16.000 15.402
v -50.000 -15.000 -25.321
v -50.000 -15.325 -25.000
v -50.000 -15.647 -24.000
v -50.000 -15.000 15.499
v -50.000 -14.000 -25.398
v -50.000 -14.000 15.500
v -50.000 -13.000 -25.279
v -50.000 -13.000 15.500
v -50.000 -12.500 -25.000
v -49.620 -12.000 -25.000
v -50.000 -12.000 -24.721
v -50.000 -12.000 15.500
v -49.501 -11.000 -25.000
v -50.000 -11.000 -24.620
v -50.000 -11.000 15.499
v -49.493 -10.000 -25.000
v -50.000 -10.000 -24.601
v -50.000 -10.000 15.499
v -49.358 -9.000 -25.000
v -50.000 -9.000 -24.499
v -50.000 -9.000 15.500
v -50.000 -8.000 -24.299
v -50.000 -8.000 15.499
v -50.000 -7.321 -24.000
v -49.798 -7.000 -24.000
v -50.000 -7.000 -23.846
v -50.000 -7.000 15.462
v -50.000 -6.000 -24.282
v -50.000 -6.672 -24.000
v -49.673 -6.000 15.000
v -50.000 -6.000 15.154
v -50.000 -5.000 -24.420
v -50.000 -5.784 15.000
v -50.000 -5.000 14.558
v -49.376 -4.000 -25.000
v -50.000 -4.000 -24.580
v -49.514 -4.000 14.000
v -50.000 -4.000 14.301
v -49.616 -3.000 -25.000
v -50.000 -3.000 -24.717
v -49.302 -3.000 13.000
v -50.000 -3.000 13.626
v -50.000 -3.514 14.000
v -50.000 -2.000 -25.153
v -50.000 -2.326 -25.000
v -49.588 -2.000 13.000
v -50.000 -2.000 13.374
v -50.000 -1.673 -25.000
v -49.618 -1.000 -25.000
v -50.000 -1.000 -24.718
v -50.000 -1.464 13.000
v -50.000 -1.000 12.709
v -49.496 0.000 -25.000
v -50.000 0.000 -24.602
v -49.355 0.000 12.000
v -50.000 0.000 12.501
v -49.473 1.000 -25.000
v -50.000 1.000 -24.522
v -49.373 1.000 12.000
v -50.000 1.000 12.420
v -49.354 2.000 -25.000
v -50.000 2.000 -24.476
v -50.000 2.000 12.462
v -50.000 3.000 -24.289
v -50.000 3.000 12.402
v -50.000 3.414 -24.000
v -49.471 4.000 -24.000
v -50.000 4.000 -23.494
v -50.000 4.000 12.378
v -49.633 5.000 -23.000
v -50.000 4.551 -23.000
v -50.000 5.000 -22.633
v -50.000 5.000 12.250
v -49.367 6.000 -23.000
v -50.000 6.000 -22.368
v -50.000 5.343 12.000
v -50.000 6.000 11.577
v -49.628 7.000 -22.000
v -50.000 6.500 -22.000
v -50.000 7.000 -21.632
v -50.000 7.000 11.245
v -49.340 8.000 -22.000
v -50.000 8.000 -21.367
v -49.504 8.000 10.000
v -50.000 7.679 10.000
v -50.000 8.000 9.505
v -50.000 7.255 11.000
v -49.499 9.000 -21.000
v -50.000 8.449 -21.000
v -50.000 9.000 -20.499
v -49.621 9.000 8.000
v -50.000 8.610 8.000
v -50.000 9.000 7.455
v -49.309 9.000 9.000
v -50.000 8.373 9.000
v -49.500 10.000 -20.000
v -50.000 9.500 -20.000
v -50.000 10.000 -19.500
v -49.642 10.000 -4.000
v -50.000 9.710 -4.000
v -50.000 10.000 -4.415
v -49.482 10.000 -3.000
v -50.000 9.524 -3.000
v -49.495 10.000 -2.000
v -50.000 9.500 -2.000
v -49.500 10.000 -1.000
v -50.000 9.495 -1.000
v -49.523 10.000 0.000
v -50.000 9.480 0.000
v -49.601 10.000 1.000
v -50.000 9.495 1.000
v -49.618 10.000 2.000
v -50.000 9.500 2.000
v -49.619 10.000 3.000
v -50.000 9.500 3.000
v -49.618 10.000 4.000
v -50.000 9.500 4.000
v -49.601 10.000 5.000
v -50.000 9.495 5.000
v -49.516 10.000 6.000
v -50.000 9.473 6.000
v -49.339 10.000 7.000
v -50.000 9.332 7.000
v -49.500 11.000 -19.000
v -50.000 10.499 -19.000
v -50.000 11.000 -18.476
v -49.477 11.000 -5.000
v -50.000 10.506 -5.000
v -50.000 11.000 -5.500
v -49.280 11.000 1.000
v -49.380 11.000 2.000
v -49.381 11.000 3.000
v -49.375 11.000 4.000
v -49.246 11.000 5.000
v -49.494 12.000 -18.000
v -50.000 11.470 -18.000
v -50.000 12.000 -17.415
v -49.600 12.000 -6.000
v -50.000 11.524 -6.000
v -50.000 12.000 -6.471
v -49.366 13.000 -17.000
v -50.000 12.340 -17.000
v -49.610 13.000 -16.000
v -50.000 12.622 -16.000
v -50.000 13.000 -15.463
v -49.603 13.000 -7.000
v -50.000 12.528 -7.000
v -50.000 13.000 -7.528
v -49.233 13.000 -6.000
v -50.000 13.290 -15.000
v -49.388 14.000 -14.000
v -50.000 13.476 -14.000
v -49.499 14.000 -13.000
v -50.000 13.500 -13.000
v -49.500 14.000 -12.000
v -50.000 13.500 -12.000
v -49.500 14.000 -11.000
v -50.000 13.500 -11.000
v -49.500 14.000 -10.000
v -50.000 13.500 -10.000
v -49.498 14.000 -9.000
v -50.000 13.498 -9.000
v -49.366 14.000 -8.000
v -50.000 13.366 -8.000
v -50.277 -37.000 -6.000
v -50.271 -37.000 -5.000
v -50.394 -36.000 -7.000
v -50.599 -36.000 -6.000
v -50.577 -36.000 -5.000
v -50.289 -36.000 -4.000
v -50.469 -35.000 -8.000
v -51.000 -35.000 -7.406
v -51.000 -35.335 -7.000
v -51.000 -35.491 -6.000
v -51.000 -35.374 -5.000
v -51.000 -35.000 -4.563
v -50.598 -35.000 -4.000
v -50.443 -34.000 -9.000
v -51.000 -34.000 -8.443
v -51.000 -34.443 -8.000
v -51.000 -34.493 -4.000
v -50.471 -34.000 -3.000
v -51.000 -34.000 -3.530
v -50.477 -33.000 -10.000
v -51.000 -33.000 -9.499
v -51.000 -33.470 -9.000
v -51.000 -33.477 -3.000
v -51.000 -33.000 -2.581
v -51.000 -32.000 -11.351
v -51.000 -32.267 -11.000
v -51.000 -32.603 -10.000
v -51.000 -32.484 -2.000
v -51.000 -32.000 -1.478
v -50.510 -31.000 -13.000
v -51.000 -31.000 -13.377
v -51.000 -31.278 -13.000
v -51.000 -31.577 -12.000
v -51.000 -31.603 -1.000
v -51.000 -31.282 0.000
v -50.312 -31.000 0.000
v -51.000 -31.000 0.356
v -50.112 -30.000 -18.000
v -51.000 -30.000 -17.542
v -51.000 -30.393 -17.000
v -51.000 -30.495 -16.000
v -51.000 -30.498 -15.000
v -51.000 -30.595 -14.000
v -51.000 -30.473 1.000
v -51.000 -30.000 1.474
v -51.000 -29.000 -18.305
v -51.000 -29.457 -18.000
v -51.000 -29.391 2.000
v -51.000 -29.000 2.400
v -51.000 -28.000 -18.577
v -51.000 -28.524 3.000
v -51.000 -28.484 4.000
v -51.000 -28.499 5.000
v -51.000 -28.480 6.000
v -51.000 -28.300 7.000
v -50.565 -28.000 7.000
v -51.000 -28.000 7.436
v -51.000 -27.000 -19.249
v -51.000 -27.342 -19.000
v -51.000 -27.442 8.000
v -50.635 -27.000 8.000
v -51.000 -27.000 8.365
v -51.000 -26.000 -19.379
v -50.508 -26.000 8.000
v -51.000 -26.000 8.474
v -51.000 -25.000 -19.421
v -50.635 -25.000 8.000
v -51.000 -25.000 8.299
v -50.384 -24.000 -20.000
v -51.000 -24.000 -19.580
v -51.000 -24.258 8.000
v -51.000 -24.000 7.883
v -50.663 -23.000 -20.000
v -51.000 -23.000 -19.726
v -51.000 -23.835 8.000
v -51.000 -23.000 8.532
v -50.439 -22.000 -21.000
v -51.000 -22.000 -20.472
v -51.000 -22.570 -20.000
v -51.000 -22.531 9.000
v -50.669 -22.000 10.000
v -51.000 -22.000 9.673
v -50.505 -22.000 11.000
v -50.365 -22.000 12.000
v -51.000 -21.000 -21.370
v -51.000 -21.439 -21.000
v -51.000 -21.737 10.000
v -51.000 -21.524 11.000
v -51.000 -21.372 12.000
v -50.458 -21.000 13.000
v -51.000 -21.000 12.472
v -51.000 -20.000 -22.289
v -51.000 -20.343 -22.000
v -51.000 -20.552 13.000
v -51.000 -20.000 13.395
v -50.461 -19.000 -23.000
v -51.000 -19.000 -22.674
v -51.000 -19.000 13.517
v -51.000 -18.000 -23.279
v -51.000 -18.462 -23.000
v -50.509 -18.000 14.000
v -51.000 -18.000 13.721
v -51.000 -17.000 -23.403
v -51.000 -17.645 14.000
v -51.000 -17.000 14.522
v -51.000 -16.000 -23.628
v -51.000 -16.474 15.000
v -51.000 -16.000 15.378
v -51.000 -15.000 -25.059
v -51.000 -15.063 -25.000
v -51.000 -15.609 -24.000
v -51.000 -15.000 15.498
v -51.000 -14.854 -25.000
v -50.613 -14.000 -25.000
v -51.000 -14.000 -24.717
v -51.000 -14.000 15.500
v -50.381 -13.000 -25.000
v -51.000 -13.000 -24.599
v -51.000 -13.000 15.500
v -51.000 -12.000 -24.500
v -51.000 -12.000 15.500
v -51.000 -11.000 -24.403
v -51.000 -11.000 15.500
v -51.000 -10.000 -24.280
v -51.000 -10.000 15.500
v -51.000 -9.508 -24.000
v -50.633 -9.000 -24.000
v -51.000 -9.000 -23.703
v -51.000 -9.000 15.500
v -50.369 -8.000 -24.000
v -51.000 -8.000 -23.501
v -51.000 -8.000 15.499
v -51.000 -7.000 -23.417
v -51.000 -7.000 15.402
v -50.358 -6.000 -24.000
v -51.000 -6.000 -23.479
v -50.329 -6.000 15.000
v -51.000 -6.382 15.000
v -51.000 -6.000 14.719
v -50.588 -5.000 -24.000
v -51.000 -5.000 -23.627
v -51.000 -5.000 14.519
v -51.000 -4.000 -24.273
v -51.000 -4.455 -24.000
v -51.000 -4.000 14.481
v -51.000 -3.000 -24.397
v -50.419 -3.000 14.000
v -51.000 -3.000 14.398
v -50.201 -2.000 -25.000
v -51.000 -2.000 -24.456
v -50.701 -2.000 14.000
v -51.000 -2.000 14.240
v -51.000 -1.000 -24.397
v -50.361 -1.000 13.000
v -51.000 -1.000 13.497
v -51.000 -1.684 14.000
v -51.000 0.000 -24.274
v -50.673 0.000 13.000
v -51.000 0.000 13.249
v -51.000 0.456 -24.000
v -50.612 1.000 -24.000
v -51.000 1.000 -23.627
v -51.000 0.345 13.000
v -51.000 1.000 12.594
v -50.495 2.000 -24.000
v -51.000 2.000 -23.500
v -51.000 2.000 12.402
v -50.338 3.000 -24.000
v -51.000 3.000 -23.365
v -50.651 3.000 12.000
v -51.000 2.650 12.000
v -51.000 3.000 11.748
v -50.500 4.000 -23.000
v -51.000 3.448 -23.000
v -51.000 4.000 -22.500
v -50.499 4.000 12.000
v -51.000 4.000 11.619
v -50.633 5.000 -22.000
v -51.000 4.551 -22.000
v -51.000 5.000 -21.633
v -50.343 5.000 12.000
v -51.000 5.000 11.573
v -50.368 6.000 -22.000
v -51.000 6.000 -21.368
v -51.000 6.000 11.290
v -50.632 7.000 -21.000
v -51.000 6.500 -21.000
v -51.000 7.000 -20.628
v -50.362 7.000 11.000
v -51.000 6.402 11.000
v -51.000 7.000 10.371
v -50.367 8.000 -21.000
v -51.000 8.000 -20.340
v -50.727 8.000 0.000
v -51.000 7.668 0.000
v -51.000 8.000 -0.456
v -50.621 8.000 1.000
v -51.000 7.532 1.000
v -50.619 8.000 2.000
v -51.000 7.530 2.000
v -50.619 8.000 3.000
v -51.000 7.530 3.000
v -50.619 8.000 4.000
v -51.000 7.530 4.000
v -50.619 8.000 5.000
v -51.000 7.525 5.000
v -50.618 8.000 6.000
v -51.000 7.505 6.000
v -50.601 8.000 7.000
v -51.000 7.495 7.000
v -50.521 8.000 8.000
v -51.000 7.480 8.000
v -50.388 8.000 9.000
v -51.000 7.466 9.000
v -51.000 7.262 10.000
v -50.493 9.000 -20.000
v -51.000 8.415 -20.000
v -51.000 9.000 -19.443
v -50.612 9.000 -3.000
v -51.000 8.628 -3.000
v -51.000 9.000 -3.535
v -50.501 9.000 -2.000
v -51.000 8.500 -2.000
v -50.477 9.000 -1.000
v -51.000 8.388 -1.000
v -50.399 9.000 0.000
v -50.382 9.000 1.000
v -50.381 9.000 2.000
v -50.381 9.000 3.000
v -50.381 9.000 4.000
v -50.381 9.000 5.000
v -50.380 9.000 6.000
v -50.273 9.000 7.000
v -50.493 10.000 -19.000
v -51.000 9.443 -19.000
v -51.000 10.000 -18.414
v -50.530 10.000 -5.000
v -51.000 9.604 -5.000
v -51.000 10.000 -5.476
v -51.000 9.292 -4.000
v -50.395 11.000 -18.000
v -51.000 10.343 -18.000
v -50.702 11.000 -17.000
v -51.000 10.633 -17.000
v -51.000 11.000 -16.528
v -50.500 11.000 -6.000
v -51.000 10.500 -6.000
v -51.000 11.000 -6.524
v -50.291 12.000 -17.000
v -51.000 11.474 -16.000
v -50.597 12.000 -16.000
v -51.000 12.000 -15.429
v -50.499 12.000 -7.000
v -51.000 11.470 -7.000
v -51.000 12.000 -7.586
v -50.339 13.000 -15.000
v -51.000 12.331 -15.000
v -50.493 13.000 -14.000
v -51.000 12.474 -14.000
v -50.500 13.000 -13.000
v -51.000 12.495 -13.000
v -50.500 13.000 -12.000
v -51.000 12.500 -12.000
v -50.500 13.000 -11.000
v -51.000 12.500 -11.000
v -50.500 13.000 -10.000
v -51.000 12.500 -10.000
v -50.498 13.000 -9.000
v -51.000 12.493 -9.000
v -50.365 13.000 -8.000
v -51.000 12.338 -8.000
v -51.272 -35.000 -7.000
v -51.378 -35.000 -6.000
v -51.279 -35.000 -5.000
v -51.317 -34.000 -8.000
v -51.578 -34.000 -7.000
v -51.618 -34.000 -6.000
v -51.600 -34.000 -5.000
v -51.395 -34.000 -4.000
v -51.396 -33.000 -9.000
v -51.709 -33.000 -8.000
v -52.000 -33.000 -7.536
v -52.000 -33.410 -7.000
v -52.000 -33.528 -6.000
v -52.000 -33.523 -5.000
v -52.000 -33.377 -4.000
v -51.539 -33.000 -3.000
v -52.000 -33.000 -3.487
v -51.332 -32.000 -11.000
v -51.628 -32.000 -10.000
v -52.000 -32.000 -9.500
v -52.000 -32.372 -9.000
v -52.000 -32.659 -8.000
v -52.000 -32.699 -3.000
v -52.000 -32.399 -2.000
v -52.000 -32.000 -1.495
v -52.000 -31.000 -13.316
v -52.000 -31.241 -13.000
v -52.000 -31.395 -12.000
v -52.000 -31.478 -11.000
v -52.000 -31.633 -10.000
v -52.000 -31.618 -1.000
v -52.000 -31.380 0.000
v -52.000 -31.000 0.468
v -52.000 -30.000 -17.192
v -52.000 -30.183 -17.000
v -52.000 -30.372 -16.000
v -52.000 -30.381 -15.000
v -52.000 -30.499 -14.000
v -52.000 -30.475 1.000
v -52.000 -30.000 1.399
v -51.465 -29.000 -18.000
v -52.000 -29.000 -17.593
v -51.548 -29.000 2.000
v -52.000 -29.000 1.729
v -52.000 -28.000 -18.289
v -52.000 -28.437 -18.000
v -52.000 -28.668 2.000
v -51.808 -28.000 3.000
v -52.000 -28.000 2.809
v -52.000 -28.000 3.291
v -52.000 -28.303 4.000
v -52.000 -28.481 5.000
v -52.000 -28.517 6.000
v -52.000 -28.577 7.000
v -52.000 -28.394 8.000
v -51.531 -28.000 8.000
v -52.000 -28.000 8.474
v -51.326 -27.000 -19.000
v -52.000 -27.000 -18.498
v -52.000 -27.831 3.000
v -52.000 -27.446 9.000
v -51.637 -27.000 9.000
v -52.000 -27.000 9.363
v -51.494 -26.000 -19.000
v -52.000 -26.000 -18.602
v -51.614 -26.000 9.000
v -52.000 -26.000 9.370
v -51.624 -25.000 -19.000
v -52.000 -25.000 -18.719
v -52.000 -25.466 9.000
v -52.000 -25.000 8.710
v -52.000 -24.000 -19.280
v -52.000 -24.499 -19.000
v -51.156 -24.000 8.000
v -52.000 -24.000 8.548
v -52.000 -23.000 -19.397
v -52.000 -23.000 8.742
v -51.419 -22.000 -20.000
v -52.000 -22.000 -19.484
v -52.000 -22.693 9.000
v -52.000 -22.000 9.637
v -51.371 -21.000 -21.000
v -51.739 -21.000 -20.000
v -52.000 -21.000 -19.691
v -52.000 -21.638 10.000
v -51.679 -21.000 11.000
v -52.000 -21.000 10.694
v -51.393 -21.000 12.000
v -51.413 -20.000 -22.000
v -52.000 -20.000 -21.436
v -52.000 -20.365 -21.000
v -52.000 -20.673 -20.000
v -52.000 -20.743 11.000
v -52.000 -20.496 12.000
v -52.000 -20.191 13.000
v -52.000 -20.000 13.183
v -52.000 -19.000 -22.311
v -52.000 -19.435 -22.000
v -52.000 -19.000 13.397
v -51.376 -18.000 -23.000
v -52.000 -18.000 -22.565
v -52.000 -18.000 13.581
v -51.651 -17.000 -23.000
v -52.000 -17.000 -22.746
v -52.000 -17.411 14.000
v -52.000 -17.000 14.373
v -52.000 -16.000 -23.505
v -52.000 -16.672 -23.000
v -52.000 -16.330 15.000
v -52.000 -16.000 15.271
v -51.077 -15.000 -25.000
v -52.000 -15.000 -24.351
v -52.000 -15.389 -24.000
v -52.000 -15.000 15.479
v -52.000 -14.000 -24.498
v -52.000 -14.000 15.499
v -52.000 -13.000 -24.481
v -52.000 -13.000 15.500
v -52.000 -12.000 -24.306
v -52.000 -12.000 15.500
v -52.000 -11.479 -24.000
v -51.612 -11.000 -24.000
v -52.000 -11.000 -23.703
v -52.000 -11.000 15.500
v -51.359 -10.000 -24.000
v -52.000 -10.000 -23.500
v -52.000 -10.000 15.500
v -52.000 -9.000 -23.290
v -52.000 -9.000 15.500
v -52.000 -8.536 -23.000
v -51.608 -8.000 -23.000
v -52.000 -8.000 -22.624
v -52.000 -8.000 15.498
v -51.482 -7.000 -23.000
v -52.000 -7.000 -22.482
v -52.000 -7.000 15.380
v -51.497 -6.000 -23.000
v -52.000 -6.000 -22.497
v -52.000 -6.498 15.000
v -52.000 -6.000 14.622
v -51.634 -5.000 -23.000
v -52.000 -5.000 -22.634
v -52.000 -5.000 14.502
v -51.332 -4.000 -24.000
v -52.000 -4.000 -23.366
v -52.000 -4.500 -23.000
v -52.000 -4.000 14.482
v -51.474 -3.000 -24.000
v -52.000 -3.000 -23.498
v -52.000 -3.000 14.399
v -51.490 -2.000 -24.000
v -52.000 -2.000 -23.500
v -52.000 -2.000 14.248
v -51.474 -1.000 -24.000
v -52.000 -1.000 -23.498
v -52.000 -1.660 14.000
v -52.000 -1.000 13.576
v -51.332 0.000 -24.000
v -52.000 0.000 -23.366
v -52.000 0.000 13.277
v -51.634 1.000 -23.000
v -52.000 0.500 -23.000
v -52.000 1.000 -22.634
v -52.000 0.371 13.000
v -52.000 1.000 12.577
v -51.500 2.000 -23.000
v -52.000 2.000 -22.495
v -52.000 2.000 12.273
v -51.365 3.000 -23.000
v -52.000 3.000 -22.338
v -52.000 2.352 12.000
v -52.000 3.000 11.497
v -51.494 4.000 -22.000
v -52.000 3.414 -22.000
v -52.000 4.000 -21.471
v -52.000 4.000 11.355
v -51.632 5.000 -21.000
v -52.000 4.527 -21.000
v -52.000 5.000 -20.629
v -52.000 5.000 11.209
v -51.368 6.000 -21.000
v -52.000 6.000 -20.340
v -51.727 6.000 6.000
v -52.000 5.668 6.000
v -52.000 6.000 5.544
v -51.622 6.000 7.000
v -52.000 5.528 7.000
v -51.718 6.000 8.000
v -52.000 5.622 8.000
v -52.000 6.000 8.673
v -51.699 6.000 10.000
v -52.000 5.608 10.000
v -52.000 6.000 9.319
v -51.338 6.000 11.000
v -52.000 5.259 11.000
v -51.597 7.000 -20.000
v -52.000 6.438 -20.000
v -52.000 7.000 -19.474
v -51.634 7.000 0.000
v -52.000 6.634 0.000
v -52.000 7.000 -0.500
v -51.502 7.000 1.000
v -52.000 6.502 1.000
v -51.500 7.000 2.000
v -52.000 6.500 2.000
v -51.500 7.000 3.000
v -52.000 6.500 3.000
v -51.500 7.000 4.000
v -52.000 6.499 4.000
v -51.478 7.000 5.000
v -52.000 6.388 5.000
v -51.399 7.000 6.000
v -51.382 7.000 7.000
v -51.398 7.000 8.000
v -52.000 6.201 9.000
v -51.449 7.000 9.000
v -51.262 7.000 10.000
v -51.290 8.000 -20.000
v -52.000 7.499 -19.000
v -51.675 8.000 -19.000
v -52.000 8.000 -18.500
v -51.628 8.000 -3.000
v -52.000 7.612 -3.000
v -52.000 8.000 -3.536
v -51.500 8.000 -2.000
v -52.000 7.500 -2.000
v -51.373 8.000 -1.000
v -52.000 7.366 -1.000
v -51.318 9.000 -19.000
v -52.000 8.499 -18.000
v -51.675 9.000 -18.000
v -52.000 9.000 -17.471
v -51.622 9.000 -5.000
v -52.000 8.606 -5.000
v -52.000 9.000 -5.507
v -51.341 9.000 -4.000
v -52.000 8.340 -4.000
v -51.289 10.000 -18.000
v -52.000 9.367 -17.000
v -51.500 10.000 -17.000
v -51.710 10.000 -16.000
v -52.000 9.656 -16.000
v -52.000 10.000 -15.536
v -51.494 10.000 -6.000
v -52.000 9.444 -6.000
v -52.000 10.000 -6.593
v -51.324 11.000 -16.000
v -52.000 10.411 -15.000
v -51.579 11.000 -15.000
v -51.720 11.000 -14.000
v -52.000 10.644 -14.000
v -52.000 11.000 -13.499
v -51.701 11.000 -8.000
v -52.000 10.615 -8.000
v -52.000 11.000 -8.510
v -51.395 11.000 -7.000
v -52.000 10.336 -7.000
v -51.273 12.000 -15.000
v -51.397 12.000 -14.000
v -52.000 11.354 -13.000
v -51.477 12.000 -13.000
v -51.499 12.000 -12.000
v -52.000 11.469 -12.000
v -51.500 12.000 -11.000
v -52.000 11.470 -11.000
v -51.499 12.000 -10.000
v -52.000 11.469 -10.000
v -51.475 12.000 -9.000
v -52.000 11.354 -9.000
v -51.289 12.000 -8.000
v -52.377 -33.000 -7.000
v -52.523 -33.000 -6.000
v -52.529 -33.000 -5.000
v -52.415 -33.000 -4.000
v -52.368 -32.000 -9.000
v -52.633 -32.000 -8.000
v -53.000 -32.000 -7.527
v -53.000 -32.396 -7.000
v -53.000 -32.601 -6.000
v -53.000 -32.620 -5.000
v -53.000 -32.598 -4.000
v -53.000 -32.518 -3.000
v -53.000 -32.381 -2.000
v -53.000 -32.000 -1.499
v -52.298 -31.000 -13.000
v -52.472 -31.000 -12.000
v -52.497 -31.000 -11.000
v -52.634 -31.000 -10.000
v -53.000 -31.000 -9.501
v -53.000 -31.368 -9.000
v -53.000 -31.633 -8.000
v -53.000 -31.620 -1.000
v -53.000 -31.382 0.000
v -53.000 -31.000 0.472
v -52.191 -30.000 -17.000
v -52.444 -30.000 -16.000
v -52.471 -30.000 -15.000
v -52.607 -30.000 -14.000
v -53.000 -30.000 -13.455
v -53.000 -30.331 -13.000
v -53.000 -30.468 -12.000
v -53.000 -30.477 -11.000
v -53.000 -30.630 -10.000
v -53.000 -30.477 1.000
v -53.000 -30.000 1.400
v -52.623 -29.000 -17.000
v -53.000 -29.000 -16.511
v -53.000 -29.393 -16.000
v -53.000 -29.500 -15.000
v -53.000 -29.611 -14.000
v -53.000 -29.000 1.722
v -52.660 -29.000 7.000
v -53.000 -29.000 6.655
v -53.000 -29.248 7.000
v -53.000 -29.269 8.000
v -52.668 -29.000 8.000
v -53.000 -29.000 8.403
v -52.359 -28.000 -18.000
v -53.000 -28.000 -17.495
v -53.000 -28.607 -17.000
v -53.000 -28.609 2.000
v -53.000 -28.000 2.438
v -52.491 -28.000 4.000
v -53.000 -28.000 4.414
v -53.000 -28.402 5.000
v -53.000 -28.596 6.000
v -53.000 -28.493 9.000
v -52.501 -28.000 9.000
v -53.000 -28.000 9.499
v -52.640 -27.000 -18.000
v -53.000 -27.000 -17.720
v -52.929 -27.000 3.000
v -53.000 -27.000 2.919
v -53.000 -27.000 3.081
v -53.000 -27.630 4.000
v -53.000 -27.447 10.000
v -52.637 -27.000 10.000
v -53.000 -27.000 10.363
v -53.000 -26.000 -18.281
v -53.000 -26.500 -18.000
v -53.000 -26.938 3.000
v -52.630 -26.000 10.000
v -53.000 -26.000 10.386
v -53.000 -25.000 -18.398
v -52.339 -25.000 9.000
v -53.000 -25.000 9.661
v -53.000 -25.466 10.000
v -52.354 -24.000 -19.000
v -53.000 -24.000 -18.477
v -52.486 -24.000 9.000
v -53.000 -24.000 9.509
v -52.474 -23.000 -19.000
v -53.000 -23.000 -18.500
v -52.307 -23.000 9.000
v -53.000 -23.000 9.629
v -52.503 -22.000 -19.000
v -53.000 -22.000 -18.526
v -53.000 -22.495 10.000
v -52.495 -22.000 10.000
v -53.000 -22.000 10.319
v -52.701 -21.000 -19.000
v -53.000 -21.000 -18.749
v -53.000 -21.000 10.713
v -52.379 -20.000 -21.000
v -52.653 -20.000 -20.000
v -53.000 -20.000 -19.605
v -53.000 -20.636 -19.000
v -53.000 -20.664 11.000
v -52.639 -20.000 12.000
v -53.000 -20.000 11.664
v -52.194 -20.000 13.000
v -52.429 -19.000 -22.000
v -53.000 -19.000 -21.310
v -53.000 -19.267 -21.000
v -53.000 -19.075 -20.000
v -53.000 -19.663 12.000
v -53.000 -19.000 12.627
v -52.579 -19.000 13.000
v -53.000 -18.000 -22.127
v -53.000 -18.205 -22.000
v -53.000 -18.500 13.000
v -53.000 -18.000 13.324
v -53.000 -17.000 -22.500
v -52.507 -17.000 14.000
v -53.000 -17.000 13.682
v -53.000 -16.000 -23.393
v -53.000 -16.475 -23.000
v -53.000 -16.556 14.000
v -52.405 -16.000 15.000
v -53.000 -16.000 14.500
v -52.498 -15.000 -24.000
v -53.000 -15.000 -23.692
v -53.000 -15.436 15.000
v -53.000 -15.000 15.299
v -53.000 -14.000 -24.277
v -53.000 -14.467 -24.000
v -53.000 -14.000 15.479
v -53.000 -13.000 -24.276
v -53.000 -13.000 15.498
v -53.000 -12.541 -24.000
v -52.492 -12.000 -24.000
v -53.000 -12.000 -23.674
v -53.000 -12.000 15.499
v -53.000 -11.000 -23.319
v -53.000 -11.000 15.500
v -53.000 -10.506 -23.000
v -52.606 -10.000 -23.000
v -53.000 -10.000 -22.626
v -53.000 -10.000 15.500
v -52.340 -9.000 -23.000
v -53.000 -9.000 -22.367
v -53.000 -9.000 15.500
v -52.605 -8.000 -22.000
v -53.000 -8.526 -22.000
v -53.000 -8.000 -21.531
v -53.000 -8.000 15.498
v -52.418 -7.000 -22.000
v -53.000 -7.244 -21.000
v -52.855 -7.000 -21.000
v -53.000 -7.000 -20.819
v -53.000 -7.000 15.380
v -52.479 -6.000 -22.000
v -53.000 -6.000 -21.365
v -53.000 -6.695 -21.000
v -53.000 -6.500 15.000
v -53.000 -6.000 14.620
v -52.627 -5.000 -22.000
v -53.000 -5.000 -21.606
v -53.000 -5.000 14.500
v -52.366 -4.000 -23.000
v -53.000 -4.000 -22.339
v -53.000 -4.463 -22.000
v -53.000 -4.000 14.402
v -52.498 -3.000 -23.000
v -53.000 -3.000 -22.493
v -52.648 -3.000 14.000
v -53.000 -3.349 14.000
v -53.000 -3.000 13.748
v -52.500 -2.000 -23.000
v -53.000 -2.000 -22.495
v -52.342 -2.000 14.000
v -53.000 -2.000 13.579
v -52.498 -1.000 -23.000
v -53.000 -1.000 -22.474
v -53.000 -1.000 13.316
v -52.366 0.000 -23.000
v -53.000 0.000 -22.332
v -52.434 0.000 13.000
v -53.000 -0.534 13.000
v -53.000 0.000 12.593
v -52.627 1.000 -22.000
v -53.000 0.456 -22.000
v -53.000 1.000 -21.606
v -53.000 1.000 12.262
v -52.477 2.000 -22.000
v -53.000 2.000 -21.363
v -52.401 2.000 12.000
v -53.000 1.376 12.000
v -53.000 2.000 11.430
v -52.289 3.000 -22.000
v -53.000 2.499 -21.000
v -52.702 3.000 -21.000
v -53.000 3.000 -20.633
v -52.577 3.000 11.000
v -53.000 2.459 11.000
v -53.000 3.000 10.436
v -52.396 4.000 -21.000
v -53.000 4.000 -20.344
v -52.727 4.000 8.000
v -53.000 3.664 8.000
v -53.000 4.000 7.545
v -52.621 4.000 9.000
v -53.000 3.506 9.000
v -52.595 4.000 10.000
v -53.000 3.378 10.000
v -52.366 4.000 11.000
v -52.597 5.000 -20.000
v -53.000 4.437 -20.000
v -53.000 5.000 -19.474
v -52.627 5.000 6.000
v -53.000 4.611 6.000
v -53.000 5.000 5.464
v -52.480 5.000 7.000
v -53.000 4.390 7.000
v -52.421 5.000 8.000
v -52.464 5.000 9.000
v -52.401 5.000 10.000
v -52.207 5.000 11.000
v -52.291 6.000 -20.000
v -53.000 5.499 -19.000
v -52.675 6.000 -19.000
v -53.000 6.000 -18.500
v -52.634 6.000 0.000
v -53.000 5.634 0.000
v -53.000 6.000 -0.500
v -52.502 6.000 1.000
v -53.000 5.502 1.000
v -52.500 6.000 2.000
v -53.000 5.500 2.000
v -52.500 6.000 3.000
v -53.000 5.500 3.000
v -52.498 6.000 4.000
v -53.000 5.493 4.000
v -52.372 6.000 5.000
v -53.000 5.339 5.000
v -52.153 6.000 9.000
v -52.324 7.000 -19.000
v -53.000 6.500 -18.000
v -52.675 7.000 -18.000
v -53.000 7.000 -17.500
v -52.704 7.000 -4.000
v -53.000 6.639 -4.000
v -53.000 7.000 -4.507
v -52.524 7.000 -3.000
v -53.000 6.506 -3.000
v -52.499 7.000 -2.000
v -53.000 6.498 -2.000
v -52.366 7.000 -1.000
v -53.000 6.366 -1.000
v -52.325 8.000 -18.000
v -53.000 7.499 -17.000
v -52.675 8.000 -17.000
v -53.000 8.000 -16.492
v -52.703 8.000 -6.000
v -53.000 7.611 -6.000
v -53.000 8.000 -6.508
v -52.500 8.000 -5.000
v -53.000 7.359 -5.000
v -52.290 8.000 -4.000
v -52.297 9.000 -17.000
v -53.000 8.466 -16.000
v -52.597 9.000 -16.000
v -53.000 9.000 -15.428
v -52.719 9.000 -8.000
v -53.000 8.618 -8.000
v -53.000 9.000 -8.501
v -52.579 9.000 -7.000
v -53.000 8.376 -7.000
v -52.318 9.000 -6.000
v -52.373 10.000 -15.000
v -53.000 9.331 -15.000
v -52.521 10.000 -14.000
v -53.000 9.473 -14.000
v -52.601 10.000 -13.000
v -53.000 9.495 -13.000
v -52.618 10.000 -12.000
v -53.000 9.500 -12.000
v -52.619 10.000 -11.000
v -53.000 9.500 -11.000
v -52.618 10.000 -10.000
v -53.000 9.498 -10.000
v -52.579 10.000 -9.000
v -53.000 9.375 -9.000
v -52.420 10.000 -8.000
v -52.273 10.000 -7.000
v -52.280 11.000 -13.000
v -52.380 11.000 -12.000
v -52.381 11.000 -11.000
v -52.380 11.000 -10.000
v -52.279 11.000 -9.000
v -53.520 -32.000 -7.000
v -54.000 -32.000 -6.584
v -54.000 -32.402 -6.000
v -54.000 -32.500 -5.000
v -54.000 -32.501 -4.000
v -54.000 -32.499 -3.000
v -54.000 -32.402 -2.000
v -54.000 -32.000 -1.380
v -53.372 -31.000 -9.000
v -53.690 -31.000 -8.000
v -54.000 -31.000 -7.690
v -54.000 -31.627 -7.000
v -54.000 -31.720 -1.000
v -54.000 -31.421 0.000
v -54.000 -31.000 0.590
v -53.273 -30.000 -13.000
v -53.380 -30.000 -12.000
v -53.400 -30.000 -11.000
v -53.605 -30.000 -10.000
v -54.000 -30.000 -9.501
v -54.000 -30.396 -9.000
v -54.000 -30.739 -8.000
v -54.000 -30.623 1.000
v -54.000 -30.000 1.598
v -53.393 -29.000 -16.000
v -53.499 -29.000 -15.000
v -53.523 -29.000 -14.000
v -53.606 -29.000 -13.000
v -53.646 -29.000 -12.000
v -53.761 -29.000 -11.000
v -54.000 -29.000 -10.640
v -54.000 -29.536 -10.000
v -54.000 -29.464 2.000
v -53.471 -29.000 2.000
v -54.000 -29.000 2.304
v -54.000 -29.000 6.510
v -54.000 -29.376 7.000
v -54.000 -29.477 8.000
v -54.000 -29.299 9.000
v -53.565 -29.000 9.000
v -54.000 -29.000 9.435
v -54.000 -28.000 -17.217
v -54.000 -28.223 -17.000
v -54.000 -28.475 -16.000
v -54.000 -28.500 -15.000
v -54.000 -28.505 -14.000
v -54.000 -28.548 -13.000
v -54.000 -28.634 -12.000
v -54.000 -28.761 -11.000
v -54.000 -28.000 2.398
v -54.000 -28.000 4.665
v -54.000 -28.274 5.000
v -54.000 -28.600 6.000
v -54.000 -28.493 10.000
v -53.501 -28.000 10.000
v -54.000 -28.000 10.493
v -54.000 -27.000 -17.495
v -53.739 -27.000 2.000
v -54.000 -27.315 2.000
v -54.000 -27.000 1.792
v -54.000 -27.000 3.581
v -54.000 -27.370 4.000
v -54.000 -27.413 11.000
v -53.662 -27.000 11.000
v -54.000 -27.000 11.289
v -53.380 -26.000 -18.000
v -54.000 -26.000 -17.597
v -53.988 -26.000 2.000
v -54.000 -26.000 1.988
v -54.000 -26.459 3.000
v -54.000 -26.000 2.023
v -53.531 -26.000 11.000
v -54.000 -26.000 11.469
v -53.504 -25.000 -18.000
v -54.000 -25.000 -17.620
v -54.000 -25.989 2.000
v -53.290 -25.000 10.000
v -53.704 -25.000 11.000
v -54.000 -25.000 11.361
v -53.526 -24.000 -18.000
v -54.000 -24.000 -17.621
v -53.474 -24.000 10.000
v -54.000 -24.000 10.639
v -54.000 -24.500 11.000
v -53.534 -23.000 -18.000
v -54.000 -23.000 -17.624
v -53.391 -23.000 10.000
v -54.000 -23.000 10.508
v -53.690 -22.000 -18.000
v -54.000 -22.000 -17.761
v -54.000 -22.000 10.604
v -54.000 -21.000 -18.694
v -54.000 -21.704 -18.000
v -54.000 -21.405 11.000
v -53.488 -21.000 11.000
v -54.000 -21.000 11.298
v -53.494 -20.000 -20.000
v -54.000 -20.000 -20.334
v -54.000 -20.335 -20.000
v -54.000 -20.730 -19.000
v -54.000 -20.000 11.705
v -54.000 -19.000 -21.045
v -54.000 -19.060 -21.000
v -54.000 -19.620 12.000
v -54.000 -19.000 12.423
v -53.133 -18.000 -22.000
v -54.000 -18.875 -21.000
v -53.334 -18.000 -21.000
v -54.000 -18.000 -20.736
v -53.537 -18.000 13.000
v -54.000 -18.000 12.721
v -53.617 -17.000 -22.000
v -54.000 -17.000 -21.569
v -54.000 -17.610 -21.000
v -54.000 -17.625 13.000
v -54.000 -17.000 13.422
v -54.000 -16.000 -23.245
v -54.000 -16.257 -23.000
v -54.000 -16.700 -22.000
v -53.593 -16.000 14.000
v -54.000 -16.000 13.727
v -54.000 -15.000 -23.498
v -54.000 -15.664 14.000
v -53.459 -15.000 15.000
v -54.000 -15.000 14.597
v -53.372 -14.000 -24.000
v -54.000 -14.000 -23.578
v -54.000 -14.436 15.000
v -54.000 -14.000 15.278
v -53.355 -13.000 -24.000
v -54.000 -13.000 -23.498
v -54.000 -13.000 15.379
v -54.000 -12.000 -23.296
v -54.000 -12.000 15.402
v -54.000 -11.556 -23.000
v -53.468 -11.000 -23.000
v -54.000 -11.000 -22.593
v -54.000 -11.000 15.481
v -53.660 -10.000 -22.000
v -54.000 -10.348 -22.000
v -54.000 -10.000 -21.660
v -54.000 -10.000 15.498
v -53.367 -9.000 -22.000
v -54.000 -9.000 -21.340
v -54.000 -9.000 15.498
v -53.501 -8.000 -21.000
v -54.000 -8.585 -21.000
v -54.000 -8.000 -20.445
v -54.000 -8.000 15.497
v -53.651 -7.000 -20.000
v -54.000 -7.497 -20.000
v -54.000 -7.000 -19.621
v -54.000 -7.000 15.378
v -53.299 -6.000 -21.000
v -53.706 -6.000 -20.000
v -54.000 -6.000 -19.641
v -54.000 -6.502 15.000
v -54.000 -6.000 14.618
v -53.500 -5.000 -21.000
v -54.000 -5.000 -20.367
v -54.000 -5.503 -20.000
v -54.000 -5.000 14.498
v -53.290 -4.000 -22.000
v -53.703 -4.000 -21.000
v -54.000 -4.000 -20.633
v -54.000 -4.000 14.373
v -53.475 -3.000 -22.000
v -54.000 -3.000 -21.352
v -54.000 -3.490 -21.000
v -54.000 -3.532 14.000
v -54.000 -3.000 13.499
v -53.477 -2.000 -22.000
v -54.000 -2.000 -21.352
v -54.000 -2.000 13.240
v -53.397 -1.000 -22.000
v -54.000 -1.502 -21.000
v -53.720 -1.000 -21.000
v -54.000 -1.000 -20.642
v -53.437 -1.000 13.000
v -54.000 -1.641 13.000
v -54.000 -1.000 12.430
v -53.274 0.000 -22.000
v -53.602 0.000 -21.000
v -54.000 0.000 -20.500
v -53.593 0.000 12.000
v -54.000 -0.541 12.000
v -54.000 0.000 11.437
v -53.498 1.000 -21.000
v -54.000 1.000 -20.358
v -53.721 1.000 10.000
v -54.000 0.624 10.000
v -54.000 1.000 9.537
v -53.579 1.000 11.000
v -54.000 0.375 11.000
v -53.262 1.000 12.000
v -53.297 2.000 -21.000
v -54.000 1.491 -20.000
v -53.703 2.000 -20.000
v -54.000 2.000 -19.616
v -53.693 2.000 9.000
v -54.000 1.508 9.000
v -54.000 2.000 8.507
v -53.500 2.000 10.000
v -53.300 2.000 11.000
v -53.500 3.000 -20.000
v -54.000 3.000 -19.359
v -53.599 3.000 8.000
v -54.000 2.474 8.000
v -54.000 3.000 7.437
v -53.399 3.000 9.000
v -53.278 3.000 10.000
v -53.290 4.000 -20.000
v -54.000 3.462 -19.000
v -53.674 4.000 -19.000
v -54.000 4.000 -18.492
v -53.704 4.000 5.000
v -54.000 3.639 5.000
v -54.000 4.000 4.500
v -53.522 4.000 6.000
v -54.000 3.500 6.000
v -53.373 4.000 7.000
v -54.000 3.339 7.000
v -53.324 5.000 -19.000
v -54.000 4.492 -18.000
v -53.675 5.000 -18.000
v -54.000 5.000 -17.492
v -53.628 5.000 0.000
v -54.000 4.612 0.000
v -54.000 5.000 -0.536
v -53.502 5.000 1.000
v -54.000 4.501 1.000
v -53.500 5.000 2.000
v -54.000 4.500 2.000
v -53.500 5.000 3.000
v -54.000 4.494 3.000
v -53.476 5.000 4.000
v -54.000 4.361 4.000
v -53.290 5.000 5.000
v -53.325 6.000 -18.000
v -54.000 5.492 -17.000
v -53.675 6.000 -17.000
v -54.000 6.000 -16.462
v -53.721 6.000 -7.000
v -54.000 5.621 -7.000
v -54.000 6.000 -7.500
v -53.620 6.000 -6.000
v -54.000 5.502 -6.000
v -53.601 6.000 -5.000
v -54.000 5.500 -5.000
v -53.523 6.000 -4.000
v -54.000 5.500 -4.000
v -53.500 6.000 -3.000
v -54.000 5.500 -3.000
v -53.498 6.000 -2.000
v -54.000 5.493 -2.000
v -53.366 6.000 -1.000
v -54.000 5.339 -1.000
v -53.324 7.000 -17.000
v -54.000 6.376 -16.000
v -53.579 7.000 -16.000
v -53.720 7.000 -15.000
v -54.000 6.619 -15.000
v -54.000 7.000 -14.499
v -53.720 7.000 -9.000
v -54.000 6.619 -9.000
v -54.000 7.000 -9.501
v -53.598 7.000 -8.000
v -54.000 6.381 -8.000
v -53.500 7.000 -7.000
v -53.403 7.000 -6.000
v -53.280 7.000 -5.000
v -53.307 8.000 -16.000
v -53.499 8.000 -15.000
v -54.000 7.379 -14.000
v -53.596 8.000 -14.000
v -53.618 8.000 -13.000
v -54.000 7.498 -13.000
v -53.619 8.000 -12.000
v -54.000 7.500 -12.000
v -53.618 8.000 -11.000
v -54.000 7.498 -11.000
v -53.596 8.000 -10.000
v -54.000 7.379 -10.000
v -53.500 8.000 -9.000
v -53.402 8.000 -8.000
v -53.279 8.000 -7.000
v -53.272 9.000 -15.000
v -53.379 9.000 -14.000
v -53.381 9.000 -13.000
v -53.381 9.000 -12.000
v -53.381 9.000 -11.000
v -53.380 9.000 -10.000
v -53.279 9.000 -9.000
v -55.000 -32.000 -6.335
v -55.000 -32.274 -6.000
v -55.000 -32.481 -5.000
v -55.000 -32.501 -4.000
v -55.000 -32.501 -3.000
v -55.000 -32.482 -2.000
v -55.000 -32.279 -1.000
v -54.500 -32.000 -1.000
v -55.000 -32.000 -0.624
v -55.000 -31.000 -7.372
v -55.000 -31.368 -7.000
v -55.000 -31.580 0.000
v -55.000 -31.273 1.000
v -54.545 -31.000 1.000
v -55.000 -31.000 1.332
v -54.471 -30.000 -9.000
v -55.000 -30.000 -8.472
v -55.000 -30.397 -8.000
v -55.000 -30.330 2.000
v -54.571 -30.000 2.000
v -55.000 -30.000 2.271
v -54.536 -29.000 -10.000
v -55.000 -29.000 -9.525
v -55.000 -29.495 -9.000
v -55.000 -29.000 2.478
v -55.000 -29.000 6.642
v -55.000 -29.278 7.000
v -55.000 -29.480 8.000
v -55.000 -29.479 9.000
v -55.000 -29.269 10.000
v -54.597 -29.000 10.000
v -55.000 -29.000 10.328
v -54.268 -28.000 -17.000
v -54.518 -28.000 -16.000
v -54.530 -28.000 -15.000
v -54.526 -28.000 -14.000
v -54.619 -28.000 -13.000
v -55.000 -28.000 -12.463
v -55.000 -28.274 -12.000
v -55.000 -28.399 -11.000
v -55.000 -28.606 -10.000
v -55.000 -28.000 2.384
v -54.456 -28.000 5.000
v -55.000 -28.000 5.393
v -55.000 -28.500 6.000
v -55.000 -28.338 11.000
v -54.586 -28.000 11.000
v -55.000 -28.000 11.290
v -55.000 -27.000 -17.274
v -55.000 -27.331 -17.000
v -55.000 -27.601 -16.000
v -55.000 -27.620 -15.000
v -55.000 -27.603 -14.000
v -55.000 -27.649 -13.000
v -55.000 -27.490 2.000
v -55.000 -27.000 1.630
v -54.503 -27.000 4.000
v -55.000 -27.000 4.365
v -55.000 -27.627 5.000
v -55.000 -27.000 11.681
v -55.000 -26.000 -17.482
v -55.000 -26.000 1.656
v -54.578 -26.000 3.000
v -55.000 -26.000 3.334
v -55.000 -26.635 4.000
v -55.000 -26.505 12.000
v -54.613 -26.000 12.000
v -55.000 -26.000 12.371
v -55.000 -25.000 -17.503
v -55.000 -25.610 2.000
v -55.000 -25.716 3.000
v -54.531 -25.000 12.000
v -55.000 -25.000 12.469
v -55.000 -24.000 -17.521
v -54.298 -24.000 11.000
v -54.737 -24.000 12.000
v -55.000 -24.000 12.263
v -55.000 -23.000 -17.607
v -54.568 -23.000 11.000
v -55.000 -23.000 11.502
v -55.000 -23.600 12.000
v -55.000 -22.000 -17.820
v -55.000 -22.134 11.000
v -55.000 -22.000 10.931
v -54.731 -21.000 -20.000
v -55.000 -21.000 -20.216
v -55.000 -21.223 -20.000
v -55.000 -21.505 -19.000
v -54.326 -21.000 -19.000
v -55.000 -21.812 -18.000
v -55.000 -21.899 11.000
v -55.000 -21.000 11.525
v -55.000 -20.000 -20.493
v -55.000 -20.377 12.000
v -54.505 -20.000 12.000
v -55.000 -20.000 12.279
v -54.066 -19.000 -21.000
v -55.000 -19.000 -20.575
v -55.000 -19.000 12.482
v -55.000 -18.000 -20.538
v -55.000 -18.000 12.621
v -54.585 -17.000 -21.000
v -55.000 -17.000 -20.726
v -55.000 -17.502 13.000
v -55.000 -17.000 13.382
v -54.366 -16.000 -23.000
v -55.000 -16.000 -22.400
v -55.000 -16.284 -22.000
v -55.000 -16.653 -21.000
v -55.000 -16.000 13.598
v -55.000 -15.000 -23.269
v -55.000 -15.396 -23.000
v -55.000 -15.389 14.000
v -55.000 -15.000 14.297
v -55.000 -14.000 -23.278
v -54.373 -14.000 15.000
v -55.000 -14.000 14.577
v -55.000 -13.511 -23.000
v -54.633 -13.000 -23.000
v -55.000 -13.000 -22.700
v -54.500 -13.000 15.000
v -55.000 -13.000 14.620
v -54.365 -12.000 -23.000
v -55.000 -12.000 -22.476
v -54.620 -12.000 15.000
v -55.000 -12.000 14.721
v -55.000 -11.000 -22.192
v -55.000 -11.500 15.000
v -55.000 -11.000 15.279
v -55.000 -10.805 -22.000
v -54.626 -10.000 -21.000
v -55.000 -10.416 -21.000
v -55.000 -10.000 -20.500
v -55.000 -10.000 15.378
v -54.291 -9.000 -21.000
v -55.000 -9.500 -20.000
v -54.675 -9.000 -20.000
v -55.000 -9.000 -19.500
v -55.000 -9.000 15.380
v -54.319 -8.000 -20.000
v -55.000 -8.470 -19.000
v -54.704 -8.000 -19.000
v -55.000 -8.000 -18.639
v -55.000 -8.000 15.378
v -54.524 -7.000 -19.000
v -55.000 -7.000 -18.502
v -55.000 -7.000 15.242
v -54.524 -6.000 -19.000
v -55.000 -6.000 -18.482
v -55.000 -6.682 15.000
v -55.000 -6.000 14.495
v -54.297 -5.000 -20.000
v -54.703 -5.000 -19.000
v -55.000 -5.000 -18.617
v -55.000 -5.000 14.353
v -54.499 -4.000 -20.000
v -55.000 -4.000 -19.358
v -55.000 -4.492 -19.000
v -55.000 -4.000 14.174
v -54.278 -3.000 -21.000
v -54.600 -3.000 -20.000
v -55.000 -3.000 -19.493
v -54.750 -3.000 11.000
v -55.000 -3.343 11.000
v -55.000 -3.000 10.672
v -54.620 -3.000 12.000
v -55.000 -3.498 12.000
v -54.498 -3.000 13.000
v -55.000 -3.533 13.000
v -55.000 -3.817 14.000
v -54.278 -2.000 -21.000
v -54.600 -2.000 -20.000
v -55.000 -2.000 -19.493
v -54.599 -2.000 11.000
v -55.000 -2.000 10.389
v -54.482 -2.000 12.000
v -54.239 -2.000 13.000
v -54.500 -1.000 -20.000
v -55.000 -1.000 -19.358
v -54.693 -1.000 10.000
v -55.000 -1.521 10.000
v -55.000 -1.000 9.533
v -54.499 -1.000 11.000
v -54.299 -1.000 12.000
v -54.398 0.000 -20.000
v -55.000 -0.502 -19.000
v -54.719 0.000 -19.000
v -55.000 0.000 -18.618
v -54.683 0.000 9.000
v -55.000 -0.467 9.000
v -55.000 0.000 8.556
v -54.421 0.000 10.000
v -54.279 0.000 11.000
v -54.280 1.000 -20.000
v -54.580 1.000 -19.000
v -55.000 1.000 -18.376
v -54.682 1.000 8.000
v -55.000 0.556 8.000
v -55.000 1.000 7.533
v -54.325 1.000 9.000
v -54.420 2.000 -19.000
v -55.000 1.470 -18.000
v -54.692 2.000 -18.000
v -55.000 2.000 -17.499
v -54.675 2.000 7.000
v -55.000 1.525 7.000
v -55.000 2.000 6.470
v -54.324 2.000 8.000
v -54.279 3.000 -19.000
v -54.500 3.000 -18.000
v -55.000 2.500 -17.000
v -54.694 3.000 -17.000
v -55.000 3.000 -16.500
v -54.704 3.000 4.000
v -55.000 2.639 4.000
v -55.000 3.000 3.500
v -54.524 3.000 5.000
v -55.000 2.500 5.000
v -54.476 3.000 6.000
v -55.000 2.361 6.000
v -54.289 3.000 7.000
v -54.306 4.000 -18.000
v -54.500 4.000 -17.000
v -55.000 3.499 -16.000
v -54.693 4.000 -16.000
v -55.000 4.000 -15.470
v -54.721 4.000 -8.000
v -55.000 3.620 -8.000
v -55.000 4.000 -8.500
v -54.620 4.000 -7.000
v -55.000 3.502 -7.000
v -54.620 4.000 -6.000
v -55.000 3.507 -6.000
v -54.720 4.000 -5.000
v -55.000 3.642 -5.000
v -55.000 4.000 -4.500
v -54.704 4.000 -1.000
v -55.000 3.639 -1.000
v -55.000 4.000 -1.508
v -54.524 4.000 0.000
v -55.000 3.506 0.000
v -54.500 4.000 1.000
v -55.000 3.500 1.000
v -54.500 4.000 2.000
v -55.000 3.494 2.000
v -54.476 4.000 3.000
v -55.000 3.361 3.000
v -54.296 4.000 4.000
v -54.306 5.000 -17.000
v -54.499 5.000 -16.000
v -55.000 4.381 -15.000
v -54.598 5.000 -15.000
v -54.720 5.000 -14.000
v -55.000 4.619 -14.000
v -55.000 5.000 -13.497
v -54.721 5.000 -11.000
v -55.000 4.620 -11.000
v -55.000 5.000 -11.502
v -54.621 5.000 -10.000
v -55.000 4.500 -10.000
v -54.596 5.000 -9.000
v -55.000 4.379 -9.000
v -54.500 5.000 -8.000
v -54.404 5.000 -7.000
v -54.382 5.000 -6.000
v -54.399 5.000 -5.000
v -55.000 4.354 -4.000
v -54.477 5.000 -4.000
v -54.499 5.000 -3.000
v -55.000 4.467 -3.000
v -54.475 5.000 -2.000
v -55.000 4.354 -2.000
v -54.290 5.000 -1.000
v -54.279 6.000 -16.000
v -54.402 6.000 -15.000
v -54.500 6.000 -14.000
v -55.000 5.377 -13.000
v -54.596 6.000 -13.000
v -54.596 6.000 -12.000
v -55.000 5.377 -12.000
v -54.518 6.000 -11.000
v -54.482 6.000 -10.000
v -54.402 6.000 -9.000
v -54.280 6.000 -8.000
v -54.279 7.000 -14.000
v -54.380 7.000 -13.000
v -54.381 7.000 -12.000
v -54.379 7.000 -11.000
v -54.279 7.000 -10.000
v -55.600 -32.000 -6.000
v -56.000 -32.000 -5.733
v -56.000 -32.442 -5.000
v -56.000 -32.597 -4.000
v -56.000 -32.619 -3.000
v -56.000 -32.596 -2.000
v -56.000 -32.420 -1.000
v -56.000 -32.000 -0.377
v -55.508 -31.000 -7.000
v -56.000 -31.000 -6.655
v -56.000 -31.761 -6.000
v -56.000 -31.719 0.000
v -56.000 -31.397 1.000
v -56.000 -31.000 1.473
v -55.528 -30.000 -8.000
v -56.000 -30.000 -7.634
v -56.000 -30.641 -7.000
v -56.000 -30.468 2.000
v -56.000 -30.000 2.378
v -55.552 -29.000 -9.000
v -56.000 -29.000 -8.635
v -56.000 -29.634 -8.000
v -56.000 -29.000 2.497
v -55.498 -29.000 7.000
v -56.000 -29.000 7.383
v -56.000 -29.400 8.000
v -56.000 -29.477 9.000
v -56.000 -29.276 10.000
v -56.000 -29.000 10.355
v -55.336 -28.000 -12.000
v -55.501 -28.000 -11.000
v -55.697 -28.000 -10.000
v -56.000 -28.000 -9.700
v -56.000 -28.635 -9.000
v -56.000 -28.000 2.380
v -56.000 -28.000 5.523
v -56.000 -28.399 6.000
v -56.000 -28.719 7.000
v -56.000 -28.493 11.000
v -56.000 -28.000 11.576
v -55.448 -27.000 -17.000
v -56.000 -27.000 -16.578
v -56.000 -27.403 -16.000
v -56.000 -27.481 -15.000
v -56.000 -27.310 -14.000
v -55.820 -27.000 -13.000
v -56.000 -27.000 -13.285
v -56.000 -27.000 -12.740
v -56.000 -27.403 -12.000
v -56.000 -27.603 -11.000
v -56.000 -27.758 -10.000
v -56.000 -27.498 2.000
v -56.000 -27.000 1.622
v -56.000 -27.000 4.498
v -56.000 -27.501 5.000
v -56.000 -27.522 12.000
v -55.446 -27.000 12.000
v -56.000 -27.000 12.499
v -56.000 -26.000 -17.419
v -56.000 -26.583 -17.000
v -56.000 -26.856 -13.000
v -56.000 -26.000 1.567
v -56.000 -26.000 3.485
v -56.000 -26.502 4.000
v -56.000 -26.403 13.000
v -55.672 -26.000 13.000
v -56.000 -26.000 13.270
v -56.000 -25.000 -17.598
v -56.000 -25.207 2.000
v -56.000 -25.551 3.000
v -55.649 -25.000 13.000
v -56.000 -25.000 13.278
v -56.000 -24.000 -17.728
v -56.000 -24.510 13.000
v -56.000 -24.000 12.703
v -55.550 -23.000 -18.000
v -56.000 -23.000 -18.478
v -56.000 -23.571 -18.000
v -55.424 -23.000 12.000
v -56.000 -23.000 12.518
v -55.577 -22.000 -19.000
v -56.000 -22.000 -19.496
v -56.000 -22.476 -19.000
v -55.189 -22.000 -18.000
v -55.073 -22.000 11.000
v -55.679 -22.000 12.000
v -56.000 -22.000 12.371
v -56.000 -21.000 -20.393
v -56.000 -21.548 -20.000
v -56.000 -21.183 12.000
v -56.000 -21.000 11.916
v -56.000 -20.000 -20.497
v -56.000 -20.874 12.000
v -56.000 -20.000 12.422
v -56.000 -19.000 -20.499
v -56.000 -19.000 12.502
v -56.000 -18.000 -20.499
v -56.000 -18.000 12.621
v -56.000 -17.000 -20.521
v -56.000 -17.500 13.000
v -56.000 -17.000 13.380
v -55.319 -16.000 -22.000
v -55.570 -16.000 -21.000
v -56.000 -16.000 -20.626
v -56.000 -16.000 13.518
v -55.326 -15.000 -23.000
v -56.000 -15.000 -22.158
v -56.000 -15.152 -22.000
v -56.000 -15.000 -21.373
v -55.926 -15.000 -21.000
v -56.000 -15.000 -20.901
v -55.478 -15.000 14.000
v -56.000 -15.000 13.694
v -55.351 -14.000 -23.000
v -56.000 -14.000 -22.442
v -56.000 -14.911 -21.000
v -56.000 -14.471 14.000
v -56.000 -14.000 14.280
v -56.000 -13.000 -22.233
v -56.000 -13.000 14.403
v -56.000 -12.710 -22.000
v -55.471 -12.000 -22.000
v -55.719 -12.000 -21.000
v -56.000 -12.366 -21.000
v -56.000 -12.000 -20.529
v -56.000 -12.000 14.500
v -55.185 -11.000 -22.000
v -55.416 -11.000 -21.000
v -56.000 -11.506 -20.000
v -55.676 -11.000 -20.000
v -56.000 -11.000 -19.500
v -55.379 -11.000 15.000
v -56.000 -11.000 14.596
v -55.325 -10.000 -20.000
v -56.000 -10.500 -19.000
v -55.675 -10.000 -19.000
v -56.000 -10.000 -18.500
v -55.498 -10.000 15.000
v -56.000 -10.000 14.618
v -55.325 -9.000 -19.000
v -56.000 -9.470 -18.000
v -55.704 -9.000 -18.000
v -56.000 -9.000 -17.618
v -55.494 -9.000 15.000
v -56.000 -9.000 14.597
v -55.524 -8.000 -18.000
v -56.000 -8.000 -17.475
v -55.472 -8.000 15.000
v -56.000 -8.000 14.498
v -55.477 -7.000 -18.000
v -56.000 -7.000 -17.354
v -55.300 -7.000 15.000
v -56.000 -7.000 14.331
v -55.399 -6.000 -18.000
v -56.000 -6.499 -17.000
v -55.721 -6.000 -17.000
v -56.000 -6.000 -16.622
v -55.577 -6.000 14.000
v -56.000 -6.572 14.000
v -56.000 -6.000 13.436
v -55.421 -5.000 -18.000
v -55.722 -5.000 -17.000
v -56.000 -5.000 -16.622
v -55.721 -5.000 11.000
v -56.000 -5.374 11.000
v -56.000 -5.000 10.564
v -55.620 -5.000 12.000
v -56.000 -5.500 12.000
v -55.594 -5.000 13.000
v -56.000 -5.622 13.000
v -55.365 -5.000 14.000
v -55.280 -4.000 -19.000
v -55.578 -4.000 -18.000
v -56.000 -4.000 -17.373
v -56.000 -4.499 -17.000
v -55.711 -4.000 10.000
v -56.000 -4.436 10.000
v -56.000 -4.000 9.660
v -55.423 -4.000 11.000
v -55.382 -4.000 12.000
v -55.374 -4.000 13.000
v -55.174 -4.000 14.000
v -55.380 -3.000 -19.000
v -55.596 -3.000 -18.000
v -56.000 -3.000 -17.377
v -55.501 -3.000 10.000
v -56.000 -3.000 9.394
v -55.379 -2.000 -19.000
v -55.518 -2.000 -18.000
v -56.000 -2.502 -17.000
v -55.721 -2.000 -17.000
v -56.000 -2.000 -16.619
v -55.708 -2.000 9.000
v -56.000 -2.464 9.000
v -56.000 -2.000 8.655
v -55.297 -2.000 10.000
v -55.278 -1.000 -19.000
v -55.482 -1.000 -18.000
v -55.599 -1.000 -17.000
v -56.000 -1.000 -16.381
v -55.402 -1.000 9.000
v -56.000 -1.000 8.344
v -55.401 0.000 -18.000
v -55.518 0.000 -17.000
v -56.000 -0.500 -16.000
v -55.721 0.000 -16.000
v -56.000 0.000 -15.618
v -55.499 0.000 8.000
v -56.000 -0.586 8.000
v -56.000 0.000 7.414
v -55.279 1.000 -18.000
v -55.481 1.000 -17.000
v -55.598 1.000 -16.000
v -56.000 1.000 -15.350
v -55.702 1.000 6.000
v -56.000 0.632 6.000
v -56.000 1.000 5.491
v -55.402 1.000 7.000
v -56.000 0.343 7.000
v -55.306 2.000 -17.000
v -55.498 2.000 -16.000
v -56.000 1.350 -15.000
v -55.598 2.000 -15.000
v -55.721 2.000 -14.000
v -56.000 1.618 -14.000
v -56.000 2.000 -13.498
v -55.721 2.000 -11.000
v -56.000 1.620 -11.000
v -56.000 2.000 -11.502
v -55.622 2.000 -10.000
v -56.000 1.502 -10.000
v -55.620 2.000 -9.000
v -56.000 1.500 -9.000
v -55.619 2.000 -8.000
v -56.000 1.500 -8.000
v -55.620 2.000 -7.000
v -56.000 1.502 -7.000
v -55.720 2.000 -6.000
v -56.000 1.624 -6.000
v -56.000 2.000 -5.499
v -55.703 2.000 3.000
v -56.000 1.634 3.000
v -56.000 2.000 2.492
v -55.524 2.000 4.000
v -56.000 1.480 4.000
v -55.476 2.000 5.000
v -56.000 1.354 5.000
v -55.296 2.000 6.000
v -55.306 3.000 -16.000
v -55.481 3.000 -15.000
v -55.518 3.000 -14.000
v -56.000 2.378 -13.000
v -55.597 3.000 -13.000
v -55.597 3.000 -12.000
v -56.000 2.378 -12.000
v -55.518 3.000 -11.000
v -55.500 3.000 -10.000
v -55.482 3.000 -9.000
v -55.404 3.000 -8.000
v -55.382 3.000 -7.000
v -55.399 3.000 -6.000
v -56.000 2.358 -5.000
v -55.500 3.000 -5.000
v -55.601 3.000 -4.000
v -56.000 2.493 -4.000
v -55.618 3.000 -3.000
v -56.000 2.500 -3.000
v -55.601 3.000 -2.000
v -56.000 2.495 -2.000
v -55.523 3.000 -1.000
v -56.000 2.475 -1.000
v -55.500 3.000 0.000
v -56.000 2.470 0.000
v -55.499 3.000 1.000
v -56.000 2.469 1.000
v -55.476 3.000 2.000
v -56.000 2.354 2.000
v -55.296 3.000 3.000
v -55.279 4.000 -15.000
v -55.401 4.000 -14.000
v -55.482 4.000 -13.000
v -55.482 4.000 -12.000
v -55.402 4.000 -11.000
v -55.379 4.000 -10.000
v -55.279 4.000 -9.000
v -55.280 4.000 -4.000
v -55.378 4.000 -3.000
v -55.280 4.000 -2.000
v -55.277 5.000 -13.000
v -55.277 5.000 -12.000
v -56.620 -33.000 -4.000
v -57.000 -33.000 -4.464
v -57.000 -33.280 -4.000
v -57.000 -33.379 -3.000
v -56.503 -33.000 -3.000
v -57.000 -33.280 -2.000
v -56.620 -33.000 -2.000
v -57.000 -33.000 -1.537
v -56.433 -32.000 -6.000
v -57.000 -32.000 -6.249
v -57.000 -32.259 -6.000
v -57.000 -32.676 -5.000
v -57.000 -32.676 -1.000
v -57.000 -32.296 0.000
v -56.493 -32.000 0.000
v -57.000 -32.000 0.361
v -57.000 -31.000 -6.604
v -57.000 -31.477 1.000
v -57.000 -31.000 1.495
v -57.000 -30.000 -7.503
v -57.000 -30.528 -7.000
v -57.000 -30.470 2.000
v -57.000 -30.000 2.379
v -57.000 -29.000 -8.502
v -57.000 -29.502 -8.000
v -57.000 -29.000 2.497
v -57.000 -29.000 7.653
v -57.000 -29.248 8.000
v -57.000 -29.276 9.000
v -56.467 -29.000 10.000
v -57.000 -29.000 9.467
v -57.000 -28.000 -9.532
v -57.000 -28.502 -9.000
v -57.000 -28.000 2.380
v -57.000 -28.000 5.530
v -57.000 -28.381 6.000
v -57.000 -28.597 7.000
v -57.000 -28.693 10.000
v -57.000 -28.500 11.000
v -57.000 -28.272 12.000
v -56.571 -28.000 12.000
v -57.000 -28.000 12.331
v -57.000 -27.000 -16.470
v -57.000 -27.378 -16.000
v -57.000 -27.400 -15.000
v -56.536 -27.000 -14.000
v -57.000 -27.000 -14.378
v -56.568 -27.000 -12.000
v -57.000 -27.000 -11.625
v -57.000 -27.406 -11.000
v -57.000 -27.621 -10.000
v -57.000 -27.497 2.000
v -57.000 -27.000 1.623
v -57.000 -27.000 4.499
v -57.000 -27.500 5.000
v -57.000 -27.330 13.000
v -56.595 -27.000 13.000
v -57.000 -27.000 13.271
v -57.000 -26.000 -17.477
v -57.000 -26.496 -17.000
v -57.000 -26.724 -14.000
v -57.000 -26.543 -13.000
v -57.000 -26.725 -12.000
v -57.000 -26.000 1.634
v -57.000 -26.000 3.470
v -57.000 -26.501 4.000
v -57.000 -26.000 13.498
v -56.651 -25.000 -18.000
v -57.000 -25.000 -18.251
v -57.000 -25.324 -18.000
v -57.000 -25.584 2.000
v -57.000 -25.608 3.000
v -57.000 -25.000 13.578
v -56.352 -24.000 -18.000
v -57.000 -24.000 -18.498
v -56.361 -24.000 13.000
v -57.000 -24.000 13.522
v -56.566 -23.000 -19.000
v -57.000 -23.000 -19.342
v -57.000 -23.376 -19.000
v -56.494 -23.000 13.000
v -57.000 -23.000 13.500
v -56.799 -22.000 -20.000
v -57.000 -22.000 -20.106
v -57.000 -22.135 -20.000
v -56.524 -22.000 13.000
v -57.000 -22.000 13.493
v -57.000 -21.000 -20.354
v -56.085 -21.000 12.000
v -56.689 -21.000 13.000
v -57.000 -21.000 13.346
v -57.000 -20.000 -20.379
v -57.000 -20.492 13.000
v -57.000 -20.000 12.711
v -57.000 -19.000 -20.379
v -57.000 -19.000 12.601
v -57.000 -18.000 -20.379
v -57.000 -18.000 12.643
v -57.000 -17.000 -20.378
v -57.000 -17.521 13.000
v -57.000 -17.000 13.378
v -57.000 -16.000 -20.277
v -57.000 -16.000 13.497
v -56.124 -15.000 -22.000
v -57.000 -15.507 -20.000
v -56.666 -15.000 -20.000
v -57.000 -15.000 -19.660
v -57.000 -15.000 13.517
v -56.421 -14.000 -22.000
v -56.852 -14.000 -21.000
v -56.677 -14.000 -20.000
v -57.000 -14.000 -19.503
v -56.381 -14.000 14.000
v -57.000 -14.000 13.597
v -56.230 -13.000 -22.000
v -56.474 -13.000 -21.000
v -56.518 -13.000 -20.000
v -57.000 -13.452 -19.000
v -56.728 -13.000 -19.000
v -57.000 -13.000 -18.668
v -56.611 -13.000 14.000
v -57.000 -13.000 13.702
v -56.308 -12.000 -20.000
v -56.580 -12.000 -19.000
v -57.000 -12.000 -18.411
v -57.000 -12.448 14.000
v -57.000 -12.000 14.246
v -56.324 -11.000 -19.000
v -57.000 -11.494 -18.000
v -56.681 -11.000 -18.000
v -57.000 -11.000 -17.532
v -57.000 -11.000 14.348
v -56.325 -10.000 -18.000
v -57.000 -10.474 -17.000
v -56.677 -10.000 -17.000
v -57.000 -10.000 -16.501
v -57.000 -10.000 14.348
v -56.422 -9.000 -17.000
v -57.000 -9.463 -16.000
v -56.720 -9.000 -16.000
v -57.000 -9.000 -15.624
v -57.000 -9.000 14.209
v -56.380 -8.000 -17.000
v -56.597 -8.000 -16.000
v -57.000 -8.000 -15.381
v -56.719 -8.000 13.000
v -57.000 -8.383 13.000
v -57.000 -8.000 12.499
v -56.476 -8.000 14.000
v -57.000 -8.727 14.000
v -56.279 -7.000 -17.000
v -56.500 -7.000 -16.000
v -57.000 -7.499 -15.000
v -56.721 -7.000 -15.000
v -57.000 -7.000 -14.620
v -56.720 -7.000 11.000
v -57.000 -7.381 11.000
v -57.000 -7.000 10.530
v -56.597 -7.000 12.000
v -57.000 -7.619 12.000
v -56.499 -7.000 13.000
v -56.273 -7.000 14.000
v -56.404 -6.000 -16.000
v -56.620 -6.000 -15.000
v -57.000 -6.000 -14.501
v -56.703 -6.000 10.000
v -57.000 -6.478 10.000
v -57.000 -6.000 9.616
v -56.423 -6.000 11.000
v -56.380 -6.000 12.000
v -56.278 -6.000 13.000
v -56.404 -5.000 -16.000
v -56.619 -5.000 -15.000
v -57.000 -5.000 -14.498
v -56.403 -5.000 10.000
v -57.000 -5.000 9.337
v -56.277 -4.000 -17.000
v -56.482 -4.000 -16.000
v -56.598 -4.000 -15.000
v -57.000 -4.000 -14.379
v -56.625 -4.000 9.000
v -57.000 -4.545 9.000
v -57.000 -4.000 8.588
v -56.277 -3.000 -17.000
v -56.481 -3.000 -16.000
v -56.519 -3.000 -15.000
v -57.000 -3.530 -14.000
v -56.694 -3.000 -14.000
v -57.000 -3.000 -13.500
v -56.374 -3.000 9.000
v -57.000 -3.000 8.332
v -56.401 -2.000 -16.000
v -56.499 -2.000 -15.000
v -56.520 -2.000 -14.000
v -57.000 -2.500 -13.000
v -56.694 -2.000 -13.000
v -57.000 -2.000 -12.470
v -56.597 -2.000 8.000
v -57.000 -2.571 8.000
v -57.000 -2.000 7.466
v -56.279 -1.000 -16.000
v -56.481 -1.000 -15.000
v -56.500 -1.000 -14.000
v -56.519 -1.000 -13.000
v -57.000 -1.621 -12.000
v -56.598 -1.000 -12.000
v -56.620 -1.000 -11.000
v -57.000 -1.502 -11.000
v -56.620 -1.000 -10.000
v -57.000 -1.500 -10.000
v -56.622 -1.000 -9.000
v -57.000 -1.498 -9.000
v -56.721 -1.000 -8.000
v -57.000 -1.379 -8.000
v -57.000 -1.000 -7.501
v -56.674 -1.000 7.000
v -57.000 -1.509 7.000
v -57.000 -1.000 6.461
v -56.290 -1.000 8.000
v -56.400 0.000 -15.000
v -56.497 0.000 -14.000
v -56.500 0.000 -13.000
v -56.501 0.000 -12.000
v -56.500 0.000 -11.000
v -56.500 0.000 -10.000
v -56.500 0.000 -9.000
v -56.518 0.000 -8.000
v -57.000 -0.619 -7.000
v -56.598 0.000 -7.000
v -56.719 0.000 -6.000
v -57.000 -0.382 -6.000
v -57.000 0.000 -5.499
v -56.719 0.000 4.000
v -57.000 -0.380 4.000
v -57.000 0.000 3.499
v -56.602 0.000 5.000
v -57.000 -0.505 5.000
v -56.499 0.000 6.000
v -57.000 -0.643 6.000
v -56.289 0.000 7.000
v -56.251 1.000 -15.000
v -56.400 1.000 -14.000
v -56.480 1.000 -13.000
v -56.480 1.000 -12.000
v -56.402 1.000 -11.000
v -56.380 1.000 -10.000
v -56.380 1.000 -9.000
v -56.380 1.000 -8.000
v -56.382 1.000 -7.000
v -56.421 1.000 -6.000
v -57.000 0.375 -5.000
v -56.579 1.000 -5.000
v -56.618 1.000 -4.000
v -57.000 0.498 -4.000
v -56.619 1.000 -3.000
v -57.000 0.500 -3.000
v -56.619 1.000 -2.000
v -57.000 0.500 -2.000
v -56.619 1.000 -1.000
v -57.000 0.500 -1.000
v -56.619 1.000 0.000
v -57.000 0.500 0.000
v -56.618 1.000 1.000
v -57.000 0.500 1.000
v -56.601 1.000 2.000
v -57.000 0.493 2.000
v -56.500 1.000 3.000
v -57.000 0.358 3.000
v -56.397 1.000 4.000
v -56.280 1.000 5.000
v -56.277 2.000 -13.000
v -56.277 2.000 -12.000
v -56.280 2.000 -5.000
v -56.380 2.000 -4.000
v -56.381 2.000 -3.000
v -56.381 2.000 -2.000
v -56.381 2.000 -1.000
v -56.381 2.000 0.000
v -56.380 2.000 1.000
v -56.280 2.000 2.000
v -57.475 -33.000 -5.000
v -58.000 -33.000 -5.499
v -58.000 -33.400 -5.000
v -58.000 -33.600 -4.000
v -58.000 -33.619 -3.000
v -58.000 -33.600 -2.000
v -58.000 -33.372 -1.000
v -57.501 -33.000 -1.000
v -58.000 -33.000 -0.607
v -58.000 -32.000 -6.416
v -58.000 -32.558 -6.000
v -58.000 -32.481 0.000
v -58.000 -32.000 0.494
v -58.000 -31.000 -6.721
v -58.000 -31.500 1.000
v -58.000 -31.000 1.499
v -58.000 -30.000 -7.524
v -58.000 -30.647 -7.000
v -58.000 -30.470 2.000
v -58.000 -30.000 2.379
v -58.000 -29.000 -8.500
v -58.000 -29.506 -8.000
v -58.000 -29.000 2.497
v -57.346 -29.000 8.000
v -57.377 -29.000 9.000
v -58.000 -28.000 -9.530
v -58.000 -28.501 -9.000
v -58.000 -28.000 2.380
v -58.000 -28.000 5.529
v -58.000 -28.380 6.000
v -58.000 -28.516 7.000
v -58.000 -28.597 8.000
v -58.000 -28.598 9.000
v -58.000 -28.519 10.000
v -58.000 -28.499 11.000
v -58.000 -28.378 12.000
v -58.000 -28.000 12.468
v -58.000 -27.000 -16.467
v -58.000 -27.376 -16.000
v -58.000 -27.400 -15.000
v -58.000 -27.000 -14.347
v -58.000 -27.000 -11.655
v -58.000 -27.404 -11.000
v -58.000 -27.619 -10.000
v -58.000 -27.469 2.000
v -58.000 -27.000 1.653
v -58.000 -27.000 4.493
v -58.000 -27.501 5.000
v -58.000 -27.473 13.000
v -58.000 -27.000 13.397
v -58.000 -26.000 -17.499
v -58.000 -26.499 -17.000
v -58.000 -26.752 -14.000
v -58.000 -26.624 -13.000
v -58.000 -26.752 -12.000
v -58.000 -26.000 1.797
v -58.000 -26.000 3.318
v -58.000 -26.525 4.000
v -58.000 -26.000 13.692
v -58.000 -25.000 -18.377
v -58.000 -25.466 -18.000
v -57.746 -25.000 -2.000
v -58.000 -25.215 -2.000
v -58.000 -25.000 -2.208
v -57.721 -25.000 -1.000
v -58.000 -25.268 -1.000
v -58.000 -25.000 -0.768
v -58.000 -25.799 2.000
v -58.000 -25.754 3.000
v -58.000 -25.469 14.000
v -57.626 -25.000 14.000
v -58.000 -25.000 14.278
v -58.000 -24.000 -18.593
v -57.104 -24.000 -2.000
v -58.000 -24.000 -2.309
v -57.104 -24.000 -1.000
v -58.000 -24.000 -0.692
v -57.527 -24.000 14.000
v -58.000 -24.000 14.378
v -58.000 -23.000 -19.264
v -58.000 -23.352 -19.000
v -58.000 -23.689 -2.000
v -58.000 -23.690 -1.000
v -57.530 -23.000 14.000
v -58.000 -23.000 14.379
v -57.151 -22.000 -20.000
v -58.000 -22.000 -19.473
v -57.534 -22.000 14.000
v -58.000 -22.000 14.376
v -57.446 -21.000 -20.000
v -58.000 -21.000 -19.499
v -57.672 -21.000 14.000
v -58.000 -21.000 14.269
v -57.469 -20.000 -20.000
v -58.000 -20.000 -19.499
v -57.344 -20.000 13.000
v -58.000 -20.000 13.594
v -58.000 -20.577 14.000
v -57.470 -19.000 -20.000
v -58.000 -19.000 -19.495
v -57.640 -19.000 13.000
v -58.000 -19.000 13.267
v -57.469 -18.000 -20.000
v -58.000 -18.000 -19.475
v -58.000 -18.526 13.000
v -58.000 -18.000 12.719
v -57.468 -17.000 -20.000
v -58.000 -17.000 -19.468
v -58.000 -17.467 13.000
v -58.000 -17.000 13.251
v -57.332 -16.000 -20.000
v -58.000 -16.000 -19.332
v -58.000 -16.000 13.378
v -57.626 -15.000 -19.000
v -58.000 -15.545 -19.000
v -58.000 -15.000 -18.610
v -58.000 -15.000 13.375
v -57.377 -14.000 -19.000
v -58.000 -14.000 -18.368
v -58.000 -14.000 13.354
v -57.632 -13.000 -18.000
v -58.000 -13.501 -18.000
v -58.000 -13.000 -17.628
v -58.000 -13.000 13.256
v -57.374 -12.000 -18.000
v -58.000 -12.000 -17.311
v -57.702 -12.000 13.000
v -58.000 -12.552 13.000
v -58.000 -12.000 12.610
v -57.256 -12.000 14.000
v -57.402 -11.000 -17.000
v -58.000 -11.686 -17.000
v -57.709 -11.000 -16.000
v -58.000 -11.344 -16.000
v -58.000 -11.000 -15.562
v -57.597 -11.000 13.000
v -58.000 -11.000 12.349
v -57.348 -11.000 14.000
v -57.326 -10.000 -16.000
v -58.000 -10.474 -15.000
v -57.677 -10.000 -15.000
v -58.000 -10.000 -14.494
v -57.721 -10.000 11.000
v -58.000 -10.381 11.000
v -58.000 -10.000 10.530
v -57.599 -10.000 12.000
v -58.000 -10.650 12.000
v -57.515 -10.000 13.000
v -57.347 -10.000 14.000
v -57.421 -9.000 -15.000
v -58.000 -9.500 -14.000
v -57.693 -9.000 -14.000
v -58.000 -9.000 -13.499
v -57.694 -9.000 10.000
v -58.000 -9.500 10.000
v -58.000 -9.000 9.501
v -57.519 -9.000 11.000
v -57.482 -9.000 12.000
v -57.400 -9.000 13.000
v -57.207 -9.000 14.000
v -57.280 -8.000 -15.000
v -57.501 -8.000 -14.000
v -58.000 -8.500 -13.000
v -57.694 -8.000 -13.000
v -58.000 -8.000 -12.500
v -57.721 -8.000 9.000
v -58.000 -8.470 9.000
v -58.000 -8.000 8.624
v -57.501 -8.000 10.000
v -57.401 -8.000 11.000
v -57.279 -8.000 12.000
v -57.403 -7.000 -14.000
v -57.519 -7.000 -13.000
v -58.000 -7.470 -12.000
v -57.721 -7.000 -12.000
v -58.000 -7.000 -11.619
v -57.580 -7.000 9.000
v -58.000 -7.000 8.377
v -57.308 -7.000 10.000
v -57.380 -6.000 -14.000
v -57.500 -6.000 -13.000
v -57.599 -6.000 -12.000
v -58.000 -6.000 -11.381
v -57.719 -6.000 8.000
v -58.000 -6.501 8.000
v -58.000 -6.000 7.618
v -57.420 -6.000 9.000
v -57.378 -5.000 -14.000
v -57.498 -5.000 -13.000
v -57.519 -5.000 -12.000
v -58.000 -5.530 -11.000
v -57.694 -5.000 -11.000
v -58.000 -5.000 -10.470
v -57.580 -5.000 8.000
v -58.000 -5.000 7.376
v -57.274 -5.000 9.000
v -57.278 -4.000 -14.000
v -57.479 -4.000 -13.000
v -57.500 -4.000 -12.000
v -57.519 -4.000 -11.000
v -58.000 -4.619 -10.000
v -57.599 -4.000 -10.000
v -57.721 -4.000 -9.000
v -58.000 -4.381 -9.000
v -58.000 -4.000 -8.500
v -57.692 -4.000 7.000
v -58.000 -4.530 7.000
v -58.000 -4.000 6.499
v -57.419 -4.000 8.000
v -57.306 -3.000 -13.000
v -57.479 -3.000 -12.000
v -57.498 -3.000 -11.000
v -57.500 -3.000 -10.000
v -57.518 -3.000 -9.000
v -58.000 -3.619 -8.000
v -57.598 -3.000 -8.000
v -57.720 -3.000 -7.000
v -58.000 -3.381 -7.000
v -58.000 -3.000 -6.500
v -57.693 -3.000 6.000
v -58.000 -3.501 6.000
v -58.000 -3.000 5.470
v -57.500 -3.000 7.000
v -57.272 -3.000 8.000
v -57.278 -2.000 -12.000
v -57.378 -2.000 -11.000
v -57.380 -2.000 -10.000
v -57.380 -2.000 -9.000
v -57.404 -2.000 -8.000
v -57.500 -2.000 -7.000
v -58.000 -2.619 -6.000
v -57.598 -2.000 -6.000
v -57.720 -2.000 -5.000
v -58.000 -2.381 -5.000
v -58.000 -2.000 -4.499
v -57.721 -2.000 3.000
v -58.000 -2.380 3.000
v -58.000 -2.000 2.500
v -57.620 -2.000 4.000
v -58.000 -2.500 4.000
v -57.596 -2.000 5.000
v -58.000 -2.621 5.000
v -57.499 -2.000 6.000
v -57.306 -2.000 7.000
v -57.280 -1.000 -7.000
v -57.402 -1.000 -6.000
v -57.500 -1.000 -5.000
v -58.000 -1.621 -4.000
v -57.596 -1.000 -4.000
v -57.618 -1.000 -3.000
v -58.000 -1.502 -3.000
v -57.619 -1.000 -2.000
v -58.000 -1.500 -2.000
v -57.619 -1.000 -1.000
v -58.000 -1.500 -1.000
v -57.619 -1.000 0.000
v -58.000 -1.500 0.000
v -57.618 -1.000 1.000
v -58.000 -1.502 1.000
v -57.596 -1.000 2.000
v -58.000 -1.621 2.000
v -57.500 -1.000 3.000
v -57.404 -1.000 4.000
v -57.380 -1.000 5.000
v -57.278 -1.000 6.000
v -57.279 0.000 -5.000
v -57.380 0.000 -4.000
v -57.381 0.000 -3.000
v -57.381 0.000 -2.000
v -57.381 0.000 -1.000
v -57.381 0.000 0.000
v -57.381 0.000 1.000
v -57.380 0.000 2.000
v -57.279 0.000 3.000
v -58.658 -34.000 -5.000
v -59.000 -34.000 -5.408
v -59.000 -34.289 -5.000
v -59.000 -34.476 -4.000
v -58.482 -34.000 -4.000
v -59.000 -34.499 -3.000
v -58.471 -34.000 -3.000
v -59.000 -34.475 -2.000
v -58.483 -34.000 -2.000
v -59.000 -34.230 -1.000
v -58.724 -34.000 -1.000
v -59.000 -34.000 -0.768
v -58.533 -33.000 -6.000
v -59.000 -33.000 -6.318
v -59.000 -33.438 -6.000
v -59.000 -33.000 -0.301
v -59.000 -32.000 -6.676
v -59.000 -32.638 0.000
v -59.000 -32.000 0.523
v -58.462 -31.000 -7.000
v -59.000 -31.000 -7.324
v -59.000 -31.501 -7.000
v -59.000 -31.505 1.000
v -59.000 -31.000 1.499
v -59.000 -30.000 -7.704
v -59.000 -30.468 2.000
v -59.000 -30.000 2.377
v -59.000 -29.000 -8.523
v -59.000 -29.639 -8.000
v -59.000 -29.000 2.478
v -59.000 -28.000 -9.530
v -59.000 -28.505 -9.000
v -59.000 -28.000 2.313
v -59.000 -28.000 5.415
v -59.000 -28.402 6.000
v -59.000 -28.500 7.000
v -59.000 -28.501 8.000
v -59.000 -28.500 9.000
v -59.000 -28.499 10.000
v -59.000 -28.497 11.000
v -59.000 -28.378 12.000
v -59.000 -28.000 12.468
v -59.000 -27.000 -16.352
v -59.000 -27.277 -16.000
v -59.000 -27.460 -15.000
v -59.000 -27.400 -14.000
v -58.348 -27.000 -14.000
v -59.000 -27.379 -13.000
v -58.497 -27.000 -13.000
v -59.000 -27.402 -12.000
v -58.346 -27.000 -12.000
v -59.000 -27.484 -11.000
v -59.000 -27.620 -10.000
v -59.000 -27.222 2.000
v -59.000 -27.000 1.892
v -59.000 -27.000 4.337
v -59.000 -27.627 5.000
v -59.000 -27.494 13.000
v -59.000 -27.000 13.477
v -59.000 -26.000 -17.470
v -59.000 -26.470 -17.000
v -58.879 -26.000 -1.000
v -59.000 -26.097 -1.000
v -59.000 -26.000 -1.180
v -59.000 -26.000 -0.877
v -59.000 -26.858 2.000
v -58.251 -26.000 2.000
v -59.000 -26.463 3.000
v -58.333 -26.000 3.000
v -59.000 -26.713 4.000
v -59.000 -26.351 14.000
v -58.535 -26.000 14.000
v -59.000 -26.000 14.276
v -59.000 -25.000 -18.249
v -59.000 -25.322 -18.000
v -59.000 -25.534 -2.000
v -59.000 -25.000 -2.387
v -59.000 -25.000 -0.547
v -59.000 -25.000 14.477
v -59.000 -24.000 -18.395
v -59.000 -24.000 -2.322
v -59.000 -24.000 -0.767
v -59.000 -24.000 14.496
v -58.328 -23.000 -19.000
v -59.000 -23.000 -18.477
v -59.000 -23.681 -2.000
v -59.000 -23.767 -1.000
v -59.000 -23.000 14.479
v -58.493 -22.000 -19.000
v -59.000 -22.000 -18.500
v -59.000 -22.000 14.400
v -58.500 -21.000 -19.000
v -59.000 -21.000 -18.500
v -59.000 -21.000 14.353
v -58.500 -20.000 -19.000
v -59.000 -20.000 -18.498
v -58.801 -20.000 14.000
v -59.000 -20.000 14.105
v -58.477 -19.000 -19.000
v -59.000 -19.000 -18.388
v -59.000 -19.865 14.000
v -59.000 -19.000 13.315
v -58.399 -18.000 -19.000
v -59.000 -18.456 -18.000
v -58.727 -18.000 -18.000
v -59.000 -18.000 -17.668
v -59.000 -18.640 13.000
v -59.000 -18.000 12.471
v -58.380 -17.000 -19.000
v -58.625 -17.000 -18.000
v -59.000 -17.000 -17.554
v -58.326 -17.000 13.000
v -59.000 -17.000 12.448
v -58.273 -16.000 -19.000
v -58.622 -16.000 -18.000
v -59.000 -16.000 -17.608
v -58.467 -16.000 13.000
v -59.000 -16.000 12.468
v -58.526 -15.000 -18.000
v -59.000 -15.000 -17.521
v -58.446 -15.000 13.000
v -59.000 -15.000 12.353
v -58.366 -14.000 -18.000
v -59.000 -14.000 -17.339
v -58.692 -14.000 12.000
v -59.000 -14.532 12.000
v -59.000 -14.000 11.499
v -58.366 -14.000 13.000
v -58.597 -13.000 -17.000
v -59.000 -13.563 -17.000
v -59.000 -13.000 -16.473
v -58.694 -13.000 11.000
v -59.000 -13.501 11.000
v -59.000 -13.000 10.470
v -58.501 -13.000 12.000
v -58.246 -13.000 13.000
v -58.261 -12.000 -17.000
v -59.000 -12.527 -16.000
v -58.597 -12.000 -16.000
v -59.000 -12.000 -15.437
v -58.749 -12.000 9.000
v -59.000 -12.350 9.000
v -59.000 -12.000 8.650
v -58.599 -12.000 10.000
v -59.000 -12.619 10.000
v -58.516 -12.000 11.000
v -58.401 -12.000 12.000
v -58.401 -11.000 -15.000
v -59.000 -11.658 -15.000
v -58.600 -11.000 -14.000
v -59.000 -11.482 -14.000
v -58.620 -11.000 -13.000
v -59.000 -11.470 -13.000
v -58.621 -11.000 -12.000
v -59.000 -11.470 -12.000
v -58.622 -11.000 -11.000
v -59.000 -11.468 -11.000
v -58.751 -11.000 -10.000
v -59.000 -11.323 -10.000
v -59.000 -11.000 -9.653
v -58.599 -11.000 9.000
v -59.000 -11.000 8.382
v -58.484 -11.000 10.000
v -58.401 -11.000 11.000
v -58.251 -11.000 12.000
v -58.307 -10.000 -14.000
v -58.481 -10.000 -13.000
v -58.501 -10.000 -12.000
v -58.503 -10.000 -11.000
v -58.622 -10.000 -10.000
v -59.000 -10.000 -9.500
v -58.720 -10.000 8.000
v -59.000 -10.500 8.000
v -59.000 -10.000 7.618
v -58.499 -10.000 9.000
v -58.306 -10.000 10.000
v -58.306 -9.000 -13.000
v -58.480 -9.000 -12.000
v -58.501 -9.000 -11.000
v -58.598 -9.000 -10.000
v -59.000 -9.000 -9.379
v -58.580 -9.000 8.000
v -59.000 -9.000 7.376
v -58.308 -9.000 9.000
v -58.306 -8.000 -12.000
v -58.481 -8.000 -11.000
v -58.519 -8.000 -10.000
v -59.000 -8.530 -9.000
v -58.694 -8.000 -9.000
v -59.000 -8.000 -8.500
v -58.692 -8.000 7.000
v -59.000 -8.530 7.000
v -59.000 -8.000 6.499
v -58.420 -8.000 8.000
v -58.401 -7.000 -11.000
v -58.499 -7.000 -10.000
v -58.520 -7.000 -9.000
v -59.000 -7.500 -8.000
v -58.694 -7.000 -8.000
v -59.000 -7.000 -7.500
v -58.694 -7.000 6.000
v -59.000 -7.500 6.000
v -59.000 -7.000 5.500
v -58.501 -7.000 7.000
v -58.280 -7.000 8.000
v -58.279 -6.000 -11.000
v -58.479 -6.000 -10.000
v -58.499 -6.000 -9.000
v -58.520 -6.000 -8.000
v -59.000 -6.500 -7.000
v -58.694 -6.000 -7.000
v -59.000 -6.000 -6.500
v -58.694 -6.000 5.000
v -59.000 -6.500 5.000
v -59.000 -6.000 4.470
v -58.519 -6.000 6.000
v -58.401 -6.000 7.000
v -58.279 -5.000 -10.000
v -58.401 -5.000 -9.000
v -58.481 -5.000 -8.000
v -58.519 -5.000 -7.000
v -59.000 -5.501 -6.000
v -58.694 -5.000 -6.000
v -59.000 -5.000 -5.470
v -58.721 -5.000 3.000
v -59.000 -5.381 3.000
v -59.000 -5.000 2.500
v -58.599 -5.000 4.000
v -59.000 -5.619 4.000
v -58.519 -5.000 5.000
v -58.480 -5.000 6.000
v -58.279 -5.000 7.000
v -58.279 -4.000 -8.000
v -58.401 -4.000 -7.000
v -58.500 -4.000 -6.000
v -59.000 -4.621 -5.000
v -58.596 -4.000 -5.000
v -58.620 -4.000 -4.000
v -59.000 -4.502 -4.000
v -58.620 -4.000 -3.000
v -59.000 -4.500 -3.000
v -58.620 -4.000 -2.000
v -59.000 -4.500 -2.000
v -58.620 -4.000 -1.000
v -59.000 -4.500 -1.000
v -58.620 -4.000 0.000
v -59.000 -4.500 0.000
v -58.620 -4.000 1.000
v -59.000 -4.502 1.000
v -58.598 -4.000 2.000
v -59.000 -4.620 2.000
v -58.518 -4.000 3.000
v -58.500 -4.000 4.000
v -58.480 -4.000 5.000
v -58.306 -4.000 6.000
v -58.280 -3.000 -6.000
v -58.402 -3.000 -5.000
v -58.482 -3.000 -4.000
v -58.500 -3.000 -3.000
v -58.500 -3.000 -2.000
v -58.500 -3.000 -1.000
v -58.500 -3.000 0.000
v -58.500 -3.000 1.000
v -58.482 -3.000 2.000
v -58.402 -3.000 3.000
v -58.379 -3.000 4.000
v -58.278 -3.000 5.000
v -58.279 -2.000 -4.000
v -58.378 -2.000 -3.000
v -58.380 -2.000 -2.000
v -58.380 -2.000 -1.000
v -58.380 -2.000 0.000
v -58.378 -2.000 1.000
v -58.279 -2.000 2.000
v -59.647 -35.000 -4.000
v -60.000 -35.000 -4.490
v -60.000 -35.278 -4.000
v -60.000 -35.376 -3.000
v -59.534 -35.000 -3.000
v -60.000 -35.249 -2.000
v -59.678 -35.000 -2.000
v -60.000 -35.000 -1.679
v -59.591 -34.000 -6.000
v -60.000 -34.000 -6.293
v -60.000 -34.339 -6.000
v -60.000 -34.701 -5.000
v -60.000 -34.470 -1.000
v -60.000 -34.000 -0.530
v -60.000 -33.000 -6.675
v -60.000 -33.352 0.000
v -59.510 -33.000 0.000
v -60.000 -33.000 0.278
v -59.507 -32.000 -7.000
v -60.000 -32.000 -7.307
v -60.000 -32.493 -7.000
v -60.000 -32.000 0.601
v -60.000 -31.000 -7.579
v -60.000 -31.518 1.000
v -60.000 -31.000 1.475
v -59.507 -30.000 -8.000
v -60.000 -30.000 -8.281
v -60.000 -30.377 -8.000
v -60.000 -30.320 2.000
v -60.000 -30.000 2.247
v -60.000 -29.000 -8.601
v -60.000 -29.000 2.279
v -60.000 -28.000 -9.529
v -60.000 -28.523 -9.000
v -59.713 -28.000 2.000
v -60.000 -28.315 2.000
v -60.000 -28.000 1.854
v -59.545 -28.000 5.000
v -60.000 -28.000 4.663
v -60.000 -28.273 5.000
v -60.000 -28.498 6.000
v -60.000 -28.574 7.000
v -60.000 -28.498 8.000
v -60.000 -28.402 9.000
v -60.000 -28.380 10.000
v -60.000 -28.378 11.000
v -60.000 -28.249 12.000
v -60.000 -28.000 12.321
v -59.434 -27.000 -16.000
v -60.000 -27.000 -15.427
v -60.000 -27.271 -15.000
v -60.000 -27.377 -14.000
v -60.000 -27.400 -13.000
v -60.000 -27.479 -12.000
v -60.000 -27.499 -11.000
v -60.000 -27.619 -10.000
v -59.182 -27.000 2.000
v -60.000 -27.761 2.000
v -60.000 -27.000 2.763
v -59.433 -27.000 4.000
v -60.000 -27.000 3.259
v -60.000 -27.405 4.000
v -60.000 -27.469 13.000
v -60.000 -27.000 13.469
v -60.000 -26.000 -17.198
v -60.000 -26.199 -17.000
v -60.000 -26.592 -16.000
v -59.574 -26.000 -2.000
v -60.000 -26.336 -2.000
v -60.000 -26.000 -2.290
v -60.000 -26.555 -1.000
v -59.914 -26.000 0.000
v -60.000 -26.091 0.000
v -60.000 -26.000 0.068
v -60.000 -26.857 3.000
v -60.000 -26.319 14.000
v -60.000 -26.000 14.247
v -59.322 -25.000 -18.000
v -60.000 -25.000 -17.470
v -60.000 -25.000 -2.558
v -60.000 -25.000 -0.511
v -60.000 -25.902 0.000
v -60.000 -25.000 14.377
v -59.473 -24.000 -18.000
v -60.000 -24.000 -17.499
v -60.000 -24.000 -2.371
v -59.403 -24.000 -1.000
v -60.000 -24.000 -1.541
v -60.000 -24.402 -1.000
v -60.000 -24.000 14.378
v -59.495 -23.000 -18.000
v -60.000 -23.000 -17.500
v -60.000 -23.664 -2.000
v -60.000 -23.000 14.278
v -59.500 -22.000 -18.000
v -60.000 -22.000 -17.500
v -59.610 -22.000 14.000
v -60.000 -22.509 14.000
v -60.000 -22.000 13.700
v -59.500 -21.000 -18.000
v -60.000 -21.000 -17.500
v -59.449 -21.000 14.000
v -60.000 -21.000 13.498
v -59.498 -20.000 -18.000
v -60.000 -20.000 -17.493
v -59.141 -20.000 14.000
v -60.000 -20.000 13.299
v -59.372 -19.000 -18.000
v -60.000 -19.000 -17.339
v -59.750 -19.000 11.000
v -60.000 -19.327 11.000
v -60.000 -19.000 10.653
v -59.599 -19.000 12.000
v -60.000 -19.500 12.000
v -59.332 -19.000 13.000
v -60.000 -19.697 13.000
v -59.630 -18.000 -17.000
v -60.000 -18.534 -17.000
v -60.000 -18.000 -16.614
v -59.620 -18.000 11.000
v -60.000 -18.000 10.500
v -59.385 -18.000 12.000
v -59.606 -17.000 -17.000
v -60.000 -17.000 -16.605
v -59.596 -17.000 11.000
v -60.000 -17.000 10.348
v -59.376 -17.000 12.000
v -60.000 -16.000 -17.101
v -60.000 -16.204 -17.000
v -59.721 -16.000 9.000
v -60.000 -16.381 9.000
v -60.000 -16.000 8.530
v -59.599 -16.000 10.000
v -60.000 -16.651 10.000
v -59.516 -16.000 11.000
v -59.378 -16.000 12.000
v -60.000 -15.813 -17.000
v -59.573 -15.000 -17.000
v -60.000 -15.000 -16.491
v -59.721 -15.000 8.000
v -60.000 -15.470 8.000
v -60.000 -15.000 7.619
v -59.521 -15.000 9.000
v -59.501 -15.000 10.000
v -59.480 -15.000 11.000
v -59.278 -15.000 12.000
v -59.290 -14.000 -17.000
v -60.000 -14.469 -16.000
v -59.681 -14.000 -16.000
v -60.000 -14.000 -15.532
v -59.599 -14.000 8.000
v -60.000 -14.000 7.381
v -59.500 -14.000 9.000
v -59.479 -14.000 10.000
v -59.306 -14.000 11.000
v -59.324 -13.000 -16.000
v -60.000 -13.475 -15.000
v -59.675 -13.000 -15.000
v -60.000 -13.000 -14.462
v -59.694 -13.000 7.000
v -60.000 -13.530 7.000
v -60.000 -13.000 6.500
v -59.501 -13.000 8.000
v -59.401 -13.000 9.000
v -59.279 -13.000 10.000
v -59.289 -12.000 -15.000
v -60.000 -12.647 -14.000
v -59.476 -12.000 -14.000
v -59.500 -12.000 -13.000
v -60.000 -12.531 -13.000
v -59.500 -12.000 -12.000
v -60.000 -12.530 -12.000
v -59.500 -12.000 -11.000
v -60.000 -12.530 -11.000
v -59.523 -12.000 -10.000
v -60.000 -12.525 -10.000
v -59.602 -12.000 -9.000
v -60.000 -12.505 -9.000
v -59.621 -12.000 -8.000
v -60.000 -12.498 -8.000
v -59.722 -12.000 -7.000
v -60.000 -12.379 -7.000
v -60.000 -12.000 -6.531
v -59.721 -12.000 6.000
v -60.000 -12.470 6.000
v -60.000 -12.000 5.619
v -59.519 -12.000 7.000
v -59.402 -12.000 8.000
v -59.404 -11.000 -9.000
v -59.501 -11.000 -8.000
v -59.521 -11.000 -7.000
v -60.000 -11.469 -6.000
v -59.722 -11.000 -6.000
v -60.000 -11.000 -5.621
v -59.599 -11.000 6.000
v -60.000 -11.000 5.381
v -59.482 -11.000 7.000
v -59.279 -11.000 8.000
v -59.379 -10.000 -9.000
v -59.498 -10.000 -8.000
v -59.502 -10.000 -7.000
v -59.621 -10.000 -6.000
v -60.000 -10.000 -5.500
v -59.694 -10.000 5.000
v -60.000 -10.530 5.000
v -60.000 -10.000 4.500
v -59.518 -10.000 6.000
v -59.401 -10.000 7.000
v -59.278 -9.000 -9.000
v -59.479 -9.000 -8.000
v -59.501 -9.000 -7.000
v -59.598 -9.000 -6.000
v -60.000 -9.000 -5.348
v -59.694 -9.000 4.000
v -60.000 -9.500 4.000
v -60.000 -9.000 3.470
v -59.520 -9.000 5.000
v -59.480 -9.000 6.000
v -59.279 -9.000 7.000
v -59.306 -8.000 -8.000
v -59.480 -8.000 -7.000
v -59.518 -8.000 -6.000
v -60.000 -8.652 -5.000
v -59.598 -8.000 -5.000
v -59.621 -8.000 -4.000
v -60.000 -8.500 -4.000
v -59.721 -8.000 -3.000
v -60.000 -8.380 -3.000
v -60.000 -8.000 -2.500
v -59.721 -8.000 2.000
v -60.000 -8.381 2.000
v -60.000 -8.000 1.500
v -59.599 -8.000 3.000
v -60.000 -8.619 3.000
v -59.519 -8.000 4.000
v -59.480 -8.000 5.000
v -59.306 -8.000 6.000
v -59.306 -7.000 -7.000
v -59.480 -7.000 -6.000
v -59.501 -7.000 -5.000
v -59.502 -7.000 -4.000
v -59.519 -7.000 -3.000
v -60.000 -7.620 -2.000
v -59.598 -7.000 -2.000
v -59.620 -7.000 -1.000
v -60.000 -7.502 -1.000
v -59.620 -7.000 0.000
v -60.000 -7.502 0.000
v -59.598 -7.000 1.000
v -60.000 -7.620 1.000
v -59.519 -7.000 2.000
v -59.500 -7.000 3.000
v -59.480 -7.000 4.000
v -59.306 -7.000 5.000
v -59.306 -6.000 -6.000
v -59.479 -6.000 -5.000
v -59.498 -6.000 -4.000
v -59.499 -6.000 -3.000
v -59.500 -6.000 -2.000
v -59.500 -6.000 -1.000
v -59.500 -6.000 0.000
v -59.499 -6.000 1.000
v -59.481 -6.000 2.000
v -59.401 -6.000 3.000
v -59.279 -6.000 4.000
v -59.278 -5.000 -5.000
v -59.378 -5.000 -4.000
v -59.380 -5.000 -3.000
v -59.380 -5.000 -2.000
v -59.380 -5.000 -1.000
v -59.380 -5.000 0.000
v -59.378 -5.000 1.000
v -59.279 -5.000 2.000
v -60.735 -35.000 -6.000
v -61.000 -35.000 -6.222
v -61.000 -35.211 -6.000
v -61.000 -35.398 -5.000
v -60.392 -35.000 -5.000
v -61.000 -35.479 -4.000
v -61.000 -35.495 -3.000
v -61.000 -35.376 -2.000
v -61.000 -35.000 -1.534
v -61.000 -34.000 -6.669
v -61.000 -34.492 -1.000
v -61.000 -34.000 -0.525
v -60.508 -33.000 -7.000
v -61.000 -33.000 -7.305
v -61.000 -33.489 -7.000
v -61.000 -33.351 0.000
v -61.000 -33.000 0.277
v -61.000 -32.000 -7.499
v -61.000 -32.000 0.577
v -61.000 -31.000 -7.719
v -61.000 -31.350 1.000
v -61.000 -31.000 1.266
v -61.000 -30.000 -8.402
v -61.000 -30.617 -8.000
v -60.319 -30.000 2.000
v -61.000 -30.000 1.474
v -61.000 -29.000 -8.597
v -60.355 -29.000 2.000
v -61.000 -29.000 1.474
v -61.000 -28.000 -9.393
v -61.000 -28.415 -9.000
v -61.000 -28.000 1.533
v -61.000 -28.000 4.391
v -61.000 -28.401 5.000
v -61.000 -28.573 6.000
v -61.000 -28.896 7.000
v -61.000 -28.372 8.000
v -60.585 -28.000 9.000
v -61.000 -28.000 8.513
v -60.471 -28.000 10.000
v -60.467 -28.000 11.000
v -60.321 -28.000 12.000
v -60.330 -27.000 -15.000
v -60.472 -27.000 -14.000
v -60.610 -27.000 -13.000
v -61.000 -27.000 -12.491
v -61.000 -27.278 -12.000
v -61.000 -27.380 -11.000
v -61.000 -27.500 -10.000
v -60.724 -27.000 -2.000
v -61.000 -27.231 -2.000
v -61.000 -27.000 -2.233
v -60.491 -27.000 -1.000
v -61.000 -27.473 -1.000
v -60.695 -27.000 0.000
v -61.000 -27.322 0.000
v -61.000 -27.000 0.278
v -61.000 -27.625 2.000
v -61.000 -27.448 3.000
v -60.201 -27.000 3.000
v -61.000 -27.701 4.000
v -61.000 -27.624 9.000
v -61.000 -27.477 10.000
v -61.000 -27.469 11.000
v -61.000 -27.444 12.000
v -61.000 -27.189 13.000
v -61.000 -27.000 13.189
v -60.199 -26.000 -17.000
v -60.592 -26.000 -16.000
v -61.000 -26.000 -15.436
v -61.000 -26.338 -15.000
v -61.000 -26.517 -14.000
v -61.000 -26.703 -13.000
v -61.000 -26.000 -2.670
v -61.000 -26.000 0.348
v -60.319 -26.000 14.000
v -61.000 -26.000 13.444
v -60.470 -25.000 -17.000
v -61.000 -25.000 -16.353
v -61.000 -25.436 -16.000
v -60.619 -25.000 -3.000
v -61.000 -25.469 -3.000
v -61.000 -25.000 -3.295
v -61.000 -25.000 -0.479
v -61.000 -25.557 0.000
v -60.467 -25.000 14.000
v -61.000 -25.000 13.469
v -60.499 -24.000 -17.000
v -61.000 -24.000 -16.469
v -60.517 -24.000 -3.000
v -61.000 -24.000 -3.445
v -61.000 -24.000 -1.314
v -61.000 -24.361 -1.000
v -60.468 -24.000 14.000
v -61.000 -24.000 13.469
v -60.500 -23.000 -17.000
v -61.000 -23.000 -16.470
v -60.804 -23.000 -3.000
v -61.000 -23.000 -3.194
v -60.711 -23.000 -2.000
v -61.000 -23.000 -1.753
v -60.353 -23.000 14.000
v -61.000 -23.000 13.445
v -60.500 -22.000 -17.000
v -61.000 -22.000 -16.470
v -61.000 -22.806 -3.000
v -61.000 -22.727 -2.000
v -61.000 -22.000 13.226
v -60.499 -21.000 -17.000
v -61.000 -21.000 -16.468
v -60.718 -21.000 12.000
v -61.000 -21.379 12.000
v -61.000 -21.000 11.498
v -60.476 -21.000 13.000
v -61.000 -21.718 13.000
v -60.475 -20.000 -17.000
v -61.000 -20.000 -16.353
v -60.722 -20.000 9.000
v -61.000 -20.357 9.000
v -61.000 -20.000 8.531
v -60.604 -20.000 10.000
v -61.000 -20.500 10.000
v -60.500 -20.000 11.000
v -61.000 -20.642 11.000
v -60.397 -20.000 12.000
v -60.243 -20.000 13.000
v -60.290 -19.000 -17.000
v -61.000 -19.509 -16.000
v -60.703 -19.000 -16.000
v -61.000 -19.000 -15.617
v -60.694 -19.000 8.000
v -61.000 -19.499 8.000
v -61.000 -19.000 7.500
v -60.519 -19.000 9.000
v -60.404 -19.000 10.000
v -60.524 -18.000 -16.000
v -61.000 -18.000 -15.497
v -60.694 -18.000 7.000
v -61.000 -18.500 7.000
v -61.000 -18.000 6.500
v -60.520 -18.000 8.000
v -60.498 -18.000 9.000
v -60.378 -18.000 10.000
v -60.522 -17.000 -16.000
v -61.000 -17.000 -15.480
v -60.721 -17.000 6.000
v -61.000 -17.470 6.000
v -61.000 -17.000 5.619
v -60.520 -17.000 7.000
v -60.481 -17.000 8.000
v -60.400 -17.000 9.000
v -60.250 -17.000 10.000
v -60.101 -16.000 -17.000
v -60.581 -16.000 -16.000
v -61.000 -16.000 -15.487
v -60.599 -16.000 6.000
v -61.000 -16.000 5.381
v -60.482 -16.000 7.000
v -60.306 -16.000 8.000
v -60.399 -15.000 -16.000
v -61.000 -15.000 -15.303
v -60.721 -15.000 5.000
v -61.000 -15.500 5.000
v -61.000 -15.000 4.619
v -60.518 -15.000 6.000
v -60.401 -15.000 7.000
v -60.400 -14.000 -15.000
v -61.000 -14.697 -15.000
v -60.600 -14.000 -14.000
v -61.000 -14.508 -14.000
v -60.618 -14.000 -13.000
v -61.000 -14.495 -13.000
v -60.619 -14.000 -12.000
v -61.000 -14.475 -12.000
v -60.619 -14.000 -11.000
v -61.000 -14.470 -11.000
v -60.619 -14.000 -10.000
v -61.000 -14.470 -10.000
v -60.619 -14.000 -9.000
v -61.000 -14.475 -9.000
v -60.619 -14.000 -8.000
v -61.000 -14.495 -8.000
v -60.619 -14.000 -7.000
v -61.000 -14.500 -7.000
v -60.620 -14.000 -6.000
v -61.000 -14.500 -6.000
v -60.620 -14.000 -5.000
v -61.000 -14.500 -5.000
v -60.622 -14.000 -4.000
v -61.000 -14.498 -4.000
v -60.722 -14.000 -3.000
v -61.000 -14.379 -3.000
v -61.000 -14.000 -2.530
v -60.599 -14.000 5.000
v -61.000 -14.000 4.381
v -60.481 -14.000 6.000
v -60.279 -14.000 7.000
v -60.279 -13.000 -14.000
v -60.380 -13.000 -13.000
v -60.381 -13.000 -12.000
v -60.381 -13.000 -11.000
v -60.381 -13.000 -10.000
v -60.381 -13.000 -9.000
v -60.382 -13.000 -8.000
v -60.404 -13.000 -7.000
v -60.482 -13.000 -6.000
v -60.501 -13.000 -5.000
v -60.502 -13.000 -4.000
v -60.521 -13.000 -3.000
v -61.000 -13.500 -2.000
v -60.694 -13.000 -2.000
v -61.000 -13.000 -1.470
v -60.693 -13.000 4.000
v -61.000 -13.530 4.000
v -61.000 -13.000 3.469
v -60.500 -13.000 5.000
v -60.306 -13.000 6.000
v -60.306 -12.000 -6.000
v -60.481 -12.000 -5.000
v -60.500 -12.000 -4.000
v -60.501 -12.000 -3.000
v -60.519 -12.000 -2.000
v -61.000 -12.621 -1.000
v -60.598 -12.000 -1.000
v -60.620 -12.000 0.000
v -61.000 -12.502 0.000
v -60.620 -12.000 1.000
v -61.000 -12.500 1.000
v -60.620 -12.000 2.000
v -61.000 -12.502 2.000
v -60.598 -12.000 3.000
v -61.000 -12.621 3.000
v -60.518 -12.000 4.000
v -60.401 -12.000 5.000
v -60.402 -11.000 -5.000
v -60.499 -11.000 -4.000
v -60.500 -11.000 -3.000
v -60.500 -11.000 -2.000
v -60.501 -11.000 -1.000
v -60.502 -11.000 0.000
v -60.502 -11.000 1.000
v -60.502 -11.000 2.000
v -60.501 -11.000 3.000
v -60.480 -11.000 4.000
v -60.279 -11.000 5.000
v -60.378 -10.000 -5.000
v -60.497 -10.000 -4.000
v -60.499 -10.000 -3.000
v -60.500 -10.000 -2.000
v -60.500 -10.000 -1.000
v -60.500 -10.000 0.000
v -60.500 -10.000 1.000
v -60.498 -10.000 2.000
v -60.479 -10.000 3.000
v -60.306 -10.000 4.000
v -60.250 -9.000 -5.000
v -60.378 -9.000 -4.000
v -60.402 -9.000 -3.000
v -60.481 -9.000 -2.000
v -60.498 -9.000 -1.000
v -60.498 -9.000 0.000
v -60.481 -9.000 1.000
v -60.401 -9.000 2.000
v -60.279 -9.000 3.000
v -60.279 -8.000 -2.000
v -60.378 -8.000 -1.000
v -60.378 -8.000 0.000
v -60.279 -8.000 1.000
v -62.000 -35.000 -6.276
v -62.000 -35.232 -6.000
v -62.000 -35.376 -5.000
v -62.000 -35.379 -4.000
v -62.000 -35.378 -3.000
v -62.000 -35.242 -2.000
v -62.000 -35.000 -1.701
v -61.722 -34.000 -7.000
v -62.000 -34.000 -7.143
v -62.000 -34.178 -7.000
v -62.000 -34.308 -1.000
v -62.000 -34.000 -0.740
v -62.000 -33.000 -7.460
v -61.434 -33.000 0.000
v -62.000 -33.000 -0.404
v -62.000 -32.000 -7.575
v -62.000 -32.436 0.000
v -62.000 -32.000 0.288
v -61.673 -31.000 -8.000
v -62.000 -31.000 -8.153
v -62.000 -31.218 -8.000
v -61.330 -31.000 1.000
v -62.000 -31.000 0.475
v -62.000 -30.000 -8.461
v -61.493 -30.000 1.000
v -62.000 -30.000 0.493
v -62.000 -29.000 -8.517
v -61.474 -29.000 1.000
v -62.000 -29.000 0.333
v -61.514 -28.000 -9.000
v -62.000 -28.000 -8.700
v -61.613 -28.000 -1.000
v -62.000 -28.377 -1.000
v -62.000 -28.000 -1.472
v -61.522 -28.000 0.000
v -62.000 -28.647 0.000
v -61.485 -28.000 1.000
v -61.681 -28.000 4.000
v -62.000 -28.000 3.783
v -62.000 -28.153 4.000
v -62.000 -28.460 5.000
v -62.000 -28.496 6.000
v -62.000 -28.371 7.000
v -61.468 -28.000 8.000
v -62.000 -28.000 7.467
v -61.353 -27.000 -12.000
v -61.470 -27.000 -11.000
v -61.607 -27.000 -10.000
v -62.000 -27.000 -9.526
v -62.000 -27.540 -9.000
v -62.000 -27.577 -2.000
v -62.000 -27.000 -2.495
v -62.000 -27.368 1.000
v -62.000 -27.000 0.709
v -62.000 -27.502 2.000
v -62.000 -27.574 3.000
v -62.000 -27.475 8.000
v -61.599 -27.000 9.000
v -62.000 -27.000 8.494
v -61.400 -27.000 10.000
v -61.381 -27.000 11.000
v -61.372 -27.000 12.000
v -61.182 -27.000 13.000
v -61.289 -26.000 -15.000
v -61.574 -26.000 -14.000
v -62.000 -26.000 -13.389
v -62.000 -26.255 -13.000
v -62.000 -26.445 -12.000
v -62.000 -26.471 -11.000
v -62.000 -26.585 -10.000
v -61.530 -26.000 -3.000
v -62.000 -26.367 -3.000
v -62.000 -26.000 -3.297
v -62.000 -26.000 0.400
v -62.000 -26.475 9.000
v -62.000 -26.000 9.536
v -61.720 -26.000 10.000
v -61.597 -26.000 11.000
v -61.515 -26.000 12.000
v -61.372 -26.000 13.000
v -61.279 -25.000 -16.000
v -61.577 -25.000 -15.000
v -62.000 -25.000 -14.373
v -62.000 -25.430 -14.000
v -62.000 -25.000 -3.678
v -62.000 -25.000 -0.397
v -62.000 -25.499 0.000
v -62.000 -25.619 10.000
v -62.000 -25.349 11.000
v -62.000 -25.000 11.348
v -61.596 -25.000 12.000
v -61.381 -25.000 13.000
v -61.380 -24.000 -16.000
v -61.618 -24.000 -15.000
v -62.000 -24.000 -14.498
v -61.801 -24.000 -4.000
v -62.000 -24.299 -4.000
v -62.000 -24.000 -4.179
v -61.505 -24.000 -1.000
v -62.000 -24.000 -0.719
v -61.618 -24.000 12.000
v -62.000 -24.000 11.496
v -61.381 -24.000 13.000
v -61.381 -23.000 -16.000
v -61.618 -23.000 -15.000
v -62.000 -23.000 -14.498
v -62.000 -23.786 -4.000
v -62.000 -23.000 -3.473
v -62.000 -23.000 -1.443
v -62.000 -23.622 -1.000
v -61.595 -23.000 12.000
v -62.000 -23.000 11.347
v -61.374 -23.000 13.000
v -61.381 -22.000 -16.000
v -61.596 -22.000 -15.000
v -62.000 -22.000 -14.347
v -62.000 -22.509 -3.000
v -61.899 -22.000 -2.000
v -62.000 -22.000 -2.125
v -62.000 -22.000 -1.909
v -61.719 -22.000 10.000
v -62.000 -22.382 10.000
v -62.000 -22.000 9.506
v -61.580 -22.000 11.000
v -62.000 -22.655 11.000
v -61.418 -22.000 12.000
v -61.215 -22.000 13.000
v -61.378 -21.000 -16.000
v -61.516 -21.000 -15.000
v -62.000 -21.652 -14.000
v -61.598 -21.000 -14.000
v -61.646 -21.000 -13.000
v -62.000 -21.476 -13.000
v -61.893 -21.000 -12.000
v -62.000 -21.167 -12.000
v -62.000 -21.000 -11.863
v -62.000 -21.885 -2.000
v -61.778 -21.000 5.000
v -62.000 -21.243 5.000
v -62.000 -21.000 4.690
v -61.627 -21.000 6.000
v -62.000 -21.445 6.000
v -61.620 -21.000 7.000
v -62.000 -21.470 7.000
v -61.601 -21.000 8.000
v -62.000 -21.482 8.000
v -61.500 -21.000 9.000
v -62.000 -21.635 9.000
v -61.398 -21.000 10.000
v -61.280 -21.000 11.000
v -61.278 -20.000 -16.000
v -61.481 -20.000 -15.000
v -61.521 -20.000 -14.000
v -61.697 -20.000 -13.000
v -62.000 -20.000 -12.538
v -62.000 -20.797 -12.000
v -61.600 -20.000 5.000
v -62.000 -20.000 4.382
v -61.502 -20.000 6.000
v -61.481 -20.000 7.000
v -61.308 -20.000 8.000
v -61.421 -19.000 -15.000
v -61.691 -19.000 -14.000
v -62.000 -19.000 -13.497
v -62.000 -19.503 -13.000
v -61.694 -19.000 4.000
v -62.000 -19.530 4.000
v -62.000 -19.000 3.500
v -61.519 -19.000 5.000
v -61.480 -19.000 6.000
v -61.306 -19.000 7.000
v -61.456 -18.000 -15.000
v -62.000 -18.000 -14.200
v -62.000 -18.300 -14.000
v -61.694 -18.000 3.000
v -62.000 -18.500 3.000
v -62.000 -18.000 2.470
v -61.520 -18.000 4.000
v -61.481 -18.000 5.000
v -61.306 -18.000 6.000
v -61.398 -17.000 -15.000
v -62.000 -17.700 -14.000
v -61.691 -17.000 -14.000
v -62.000 -17.000 -13.497
v -61.721 -17.000 -4.000
v -62.000 -17.379 -4.000
v -62.000 -17.000 -4.500
v -61.622 -17.000 -3.000
v -62.000 -17.498 -3.000
v -61.620 -17.000 -2.000
v -62.000 -17.500 -2.000
v -61.620 -17.000 -1.000
v -62.000 -17.500 -1.000
v -61.620 -17.000 0.000
v -62.000 -17.500 0.000
v -61.620 -17.000 1.000
v -62.000 -17.502 1.000
v -61.598 -17.000 2.000
v -62.000 -17.621 2.000
v -61.519 -17.000 3.000
v -61.499 -17.000 4.000
v -61.401 -17.000 5.000
v -61.378 -16.000 -15.000
v -61.517 -16.000 -14.000
v -62.000 -16.502 -13.000
v -61.692 -16.000 -13.000
v -62.000 -16.000 -12.468
v -61.720 -16.000 -8.000
v -62.000 -16.358 -8.000
v -62.000 -16.000 -8.500
v -61.620 -16.000 -7.000
v -62.000 -16.493 -7.000
v -61.618 -16.000 -6.000
v -62.000 -16.502 -6.000
v -61.596 -16.000 -5.000
v -62.000 -16.620 -5.000
v -61.518 -16.000 -4.000
v -61.501 -16.000 -3.000
v -61.501 -16.000 -2.000
v -61.502 -16.000 -1.000
v -61.502 -16.000 0.000
v -61.502 -16.000 1.000
v -61.501 -16.000 2.000
v -61.500 -16.000 3.000
v -61.481 -16.000 4.000
v -61.279 -16.000 5.000
v -61.242 -15.000 -15.000
v -61.378 -15.000 -14.000
v -61.399 -15.000 -13.000
v -62.000 -15.647 -12.000
v -61.477 -15.000 -12.000
v -61.500 -15.000 -11.000
v -62.000 -15.532 -11.000
v -61.500 -15.000 -10.000
v -62.000 -15.532 -10.000
v -61.477 -15.000 -9.000
v -62.000 -15.646 -9.000
v -61.399 -15.000 -8.000
v -61.382 -15.000 -7.000
v -61.381 -15.000 -6.000
v -61.381 -15.000 -5.000
v -61.380 -15.000 -4.000
v -61.402 -15.000 -3.000
v -61.481 -15.000 -2.000
v -61.499 -15.000 -1.000
v -61.500 -15.000 0.000
v -61.500 -15.000 1.000
v -61.500 -15.000 2.000
v -61.498 -15.000 3.000
v -61.401 -15.000 4.000
v -61.306 -14.000 -2.000
v -61.479 -14.000 -1.000
v -61.498 -14.000 0.000
v -61.498 -14.000 1.000
v -61.498 -14.000 2.000
v -61.479 -14.000 3.000
v -61.279 -14.000 4.000
v -61.278 -13.000 -1.000
v -61.378 -13.000 0.000
v -61.380 -13.000 1.000
v -61.378 -13.000 2.000
v -61.278 -13.000 3.000
v -62.289 -35.000 -6.000
v -62.466 -35.000 -5.000
v -62.469 -35.000 -4.000
v -62.467 -35.000 -3.000
v -62.299 -35.000 -2.000
v -62.237 -34.000 -7.000
v -63.000 -34.000 -6.405
v -63.000 -34.337 -6.000
v -63.000 -34.493 -5.000
v -63.000 -34.495 -4.000
v -63.000 -34.473 -3.000
v -63.000 -34.300 -2.000
v -62.309 -34.000 -1.000
v -63.000 -34.000 -1.699
v -63.000 -33.000 -7.245
v -63.000 -33.365 -7.000
v -62.621 -33.000 -1.000
v -63.000 -33.000 -1.413
v -63.000 -32.000 -7.414
v -63.000 -32.454 -1.000
v -62.338 -32.000 0.000
v -63.000 -32.000 -0.668
v -62.296 -31.000 -8.000
v -63.000 -31.000 -7.673
v -62.493 -31.000 0.000
v -63.000 -31.000 -0.533
v -63.000 -30.000 -8.278
v -63.000 -30.459 -8.000
v -62.475 -30.000 0.000
v -63.000 -30.000 -0.647
v -63.000 -29.000 -8.400
v -62.597 -29.000 -1.000
v -63.000 -29.563 -1.000
v -63.000 -29.000 -1.507
v -62.267 -29.000 0.000
v -63.000 -28.000 -8.481
v -62.506 -28.000 -2.000
v -63.000 -28.500 -2.000
v -63.000 -28.000 -2.397
v -62.269 -28.000 4.000
v -63.000 -28.000 4.625
v -63.000 -28.235 5.000
v -63.000 -28.235 6.000
v -62.456 -28.000 7.000
v -63.000 -28.000 6.355
v -62.422 -27.000 -9.000
v -63.000 -27.000 -8.504
v -63.000 -27.000 -2.740
v -62.402 -27.000 1.000
v -63.000 -27.000 1.600
v -63.000 -27.271 2.000
v -63.000 -27.396 3.000
v -63.000 -27.569 4.000
v -63.000 -27.400 7.000
v -62.396 -27.000 8.000
v -63.000 -27.000 7.335
v -62.245 -26.000 -13.000
v -62.373 -26.000 -12.000
v -62.380 -26.000 -11.000
v -62.403 -26.000 -10.000
v -62.601 -26.000 -9.000
v -63.000 -26.000 -8.523
v -63.000 -26.687 -3.000
v -63.000 -26.000 -3.605
v -63.000 -26.000 0.606
v -63.000 -26.463 1.000
v -62.702 -26.000 8.000
v -63.000 -26.000 7.610
v -62.324 -26.000 9.000
v -62.278 -25.000 -14.000
v -62.479 -25.000 -13.000
v -62.498 -25.000 -12.000
v -62.498 -25.000 -11.000
v -62.500 -25.000 -10.000
v -62.598 -25.000 -9.000
v -63.000 -25.000 -8.417
v -62.449 -25.000 -4.000
v -63.000 -25.528 -4.000
v -63.000 -25.000 -4.502
v -63.000 -25.000 -0.272
v -63.000 -25.334 0.000
v -63.000 -25.490 8.000
v -63.000 -25.000 8.375
v -62.579 -25.000 9.000
v -62.402 -25.000 10.000
v -62.250 -25.000 11.000
v -62.378 -24.000 -14.000
v -62.498 -24.000 -13.000
v -62.500 -24.000 -12.000
v -62.500 -24.000 -11.000
v -62.502 -24.000 -10.000
v -62.540 -24.000 -9.000
v -63.000 -24.283 -8.000
v -62.855 -24.000 -8.000
v -63.000 -24.000 -7.806
v -62.829 -24.000 -5.000
v -63.000 -24.249 -5.000
v -63.000 -24.000 -5.194
v -63.000 -24.000 -0.555
v -62.619 -24.000 9.000
v -63.000 -24.000 8.496
v -62.497 -24.000 10.000
v -62.376 -24.000 11.000
v -62.378 -23.000 -14.000
v -62.497 -23.000 -13.000
v -62.499 -23.000 -12.000
v -62.518 -23.000 -11.000
v -62.599 -23.000 -10.000
v -62.722 -23.000 -9.000
v -63.000 -23.000 -8.532
v -63.000 -23.712 -8.000
v -63.000 -23.777 -5.000
v -63.000 -23.247 -4.000
v -63.000 -23.000 -3.735
v -63.000 -23.000 -1.223
v -63.000 -23.293 -1.000
v -62.578 -23.000 9.000
v -63.000 -23.000 8.342
v -62.402 -23.000 10.000
v -62.250 -23.000 11.000
v -62.250 -22.000 -14.000
v -62.379 -22.000 -13.000
v -62.405 -22.000 -12.000
v -62.581 -22.000 -11.000
v -63.000 -22.000 -10.345
v -63.000 -22.350 -10.000
v -63.000 -22.619 -9.000
v -63.000 -22.098 -3.000
v -63.000 -22.000 -2.892
v -63.000 -22.000 -1.283
v -62.722 -22.000 1.000
v -63.000 -22.354 1.000
v -63.000 -22.000 0.498
v -62.622 -22.000 2.000
v -63.000 -22.468 2.000
v -62.622 -22.000 3.000
v -63.000 -22.468 3.000
v -62.703 -22.000 4.000
v -63.000 -22.367 4.000
v -63.000 -22.000 4.755
v -62.604 -22.000 6.000
v -63.000 -22.424 6.000
v -63.000 -22.000 5.219
v -62.501 -22.000 7.000
v -63.000 -22.531 7.000
v -62.476 -22.000 8.000
v -63.000 -22.678 8.000
v -62.295 -22.000 9.000
v -62.648 -21.000 -11.000
v -63.000 -21.000 -10.590
v -62.702 -21.000 -3.000
v -63.000 -21.828 -3.000
v -63.000 -21.000 -3.391
v -62.461 -21.000 -2.000
v -63.000 -21.702 -1.000
v -62.580 -21.000 -1.000
v -62.597 -21.000 0.000
v -63.000 -21.623 0.000
v -62.519 -21.000 1.000
v -62.502 -21.000 2.000
v -62.500 -21.000 3.000
v -62.420 -21.000 4.000
v -63.000 -21.883 5.000
v -62.403 -20.000 -12.000
v -63.000 -20.000 -11.333
v -63.000 -20.459 -11.000
v -62.599 -20.000 -3.000
v -63.000 -20.000 -3.650
v -62.501 -20.000 -2.000
v -62.501 -20.000 -1.000
v -62.501 -20.000 0.000
v -62.500 -20.000 1.000
v -62.499 -20.000 2.000
v -62.479 -20.000 3.000
v -62.279 -20.000 4.000
v -62.306 -19.000 -13.000
v -62.577 -19.000 -12.000
v -63.000 -19.000 -11.341
v -62.720 -19.000 -5.000
v -63.000 -19.382 -5.000
v -63.000 -19.000 -5.500
v -62.598 -19.000 -4.000
v -63.000 -19.650 -4.000
v -62.516 -19.000 -3.000
v -62.499 -19.000 -2.000
v -62.498 -19.000 -1.000
v -62.498 -19.000 0.000
v -62.498 -19.000 1.000
v -62.479 -19.000 2.000
v -62.306 -19.000 3.000
v -62.152 -18.000 -14.000
v -62.460 -18.000 -13.000
v -62.517 -18.000 -12.000
v -63.000 -18.653 -11.000
v -62.599 -18.000 -11.000
v -62.721 -18.000 -10.000
v -63.000 -18.382 -10.000
v -63.000 -18.000 -9.497
v -62.719 -18.000 -7.000
v -63.000 -18.382 -7.000
v -63.000 -18.000 -7.504
v -62.597 -18.000 -6.000
v -63.000 -18.619 -6.000
v -62.500 -18.000 -5.000
v -62.404 -18.000 -4.000
v -62.380 -18.000 -3.000
v -62.380 -18.000 -2.000
v -62.380 -18.000 -1.000
v -62.380 -18.000 0.000
v -62.378 -18.000 1.000
v -62.278 -18.000 2.000
v -62.305 -17.000 -13.000
v -62.480 -17.000 -12.000
v -62.500 -17.000 -11.000
v -62.518 -17.000 -10.000
v -63.000 -17.627 -9.000
v -62.578 -17.000 -9.000
v -62.500 -17.000 -8.000
v -63.000 -17.644 -8.000
v -62.399 -17.000 -7.000
v -62.380 -17.000 -6.000
v -62.279 -17.000 -5.000
v -62.278 -16.000 -12.000
v -62.378 -16.000 -11.000
v -62.378 -16.000 -10.000
v -62.280 -16.000 -9.000
v -63.288 -34.000 -6.000
v -63.475 -34.000 -5.000
v -63.477 -34.000 -4.000
v -63.396 -34.000 -3.000
v -63.243 -34.000 -2.000
v -63.255 -33.000 -7.000
v -63.674 -33.000 -6.000
v -64.000 -33.000 -5.459
v -64.000 -33.351 -5.000
v -64.000 -33.351 -4.000
v -64.000 -33.000 -3.534
v -63.691 -33.000 -3.000
v -63.419 -33.000 -2.000
v -63.552 -32.000 -7.000
v -64.000 -32.000 -6.459
v -64.000 -32.491 -6.000
v -64.000 -32.468 -3.000
v -64.000 -32.000 -2.626
v -63.579 -32.000 -2.000
v -63.273 -32.000 -1.000
v -64.000 -31.000 -7.255
v -64.000 -31.388 -7.000
v -63.618 -31.000 -2.000
v -64.000 -31.000 -2.502
v -63.378 -31.000 -1.000
v -63.353 -30.000 -8.000
v -64.000 -30.000 -7.446
v -63.600 -30.000 -2.000
v -64.000 -30.000 -2.508
v -63.279 -30.000 -1.000
v -63.574 -29.000 -8.000
v -64.000 -29.000 -7.575
v -63.395 -29.000 -2.000
v -64.000 -29.000 -2.665
v -64.000 -28.000 -8.100
v -64.000 -28.200 -8.000
v -63.621 -28.000 -3.000
v -64.000 -28.546 -3.000
v -64.000 -28.000 -3.418
v -63.235 -28.000 5.000
v -63.235 -28.000 6.000
v -64.000 -27.799 -8.000
v -63.599 -27.000 -8.000
v -64.000 -27.000 -7.576
v -63.310 -27.000 -3.000
v -64.000 -27.000 -3.669
v -63.330 -27.000 2.000
v -63.473 -27.000 3.000
v -63.495 -27.000 4.000
v -63.499 -27.000 5.000
v -63.479 -27.000 6.000
v -63.271 -27.000 7.000
v -63.499 -26.000 -8.000
v -64.000 -26.000 -7.469
v -63.469 -26.000 -4.000
v -64.000 -26.595 -4.000
v -64.000 -26.000 -4.565
v -63.468 -26.000 1.000
v -64.000 -26.000 1.595
v -64.000 -26.330 2.000
v -64.000 -26.466 3.000
v -64.000 -26.357 4.000
v -64.000 -26.000 4.466
v -63.692 -26.000 5.000
v -63.517 -26.000 6.000
v -63.401 -26.000 7.000
v -63.374 -25.000 -8.000
v -64.000 -25.000 -7.299
v -63.496 -25.000 -5.000
v -64.000 -25.564 -5.000
v -64.000 -25.000 -5.596
v -63.398 -25.000 0.000
v -64.000 -25.000 0.575
v -64.000 -25.432 1.000
v -64.000 -25.301 5.000
v -64.000 -25.000 5.218
v -63.576 -25.000 6.000
v -63.482 -25.000 7.000
v -63.279 -25.000 8.000
v -63.520 -24.000 -7.000
v -64.000 -24.680 -7.000
v -63.520 -24.000 -6.000
v -64.000 -24.649 -6.000
v -64.000 -24.000 -0.072
v -64.000 -24.121 0.000
v -63.691 -24.000 5.000
v -64.000 -24.699 5.000
v -64.000 -24.000 4.466
v -63.518 -24.000 6.000
v -63.497 -24.000 7.000
v -63.377 -24.000 8.000
v -63.308 -23.000 -8.000
v -63.482 -23.000 -7.000
v -63.483 -23.000 -6.000
v -63.398 -23.000 -5.000
v -63.216 -23.000 -4.000
v -63.222 -23.000 -1.000
v -64.000 -23.896 0.000
v -63.553 -23.000 0.000
v -63.521 -23.000 1.000
v -64.000 -23.552 1.000
v -63.500 -23.000 2.000
v -64.000 -23.531 2.000
v -63.500 -23.000 3.000
v -64.000 -23.532 3.000
v -63.500 -23.000 4.000
v -64.000 -23.643 4.000
v -63.481 -23.000 5.000
v -63.402 -23.000 6.000
v -63.378 -23.000 7.000
v -63.249 -23.000 8.000
v -63.251 -22.000 -10.000
v -63.400 -22.000 -9.000
v -63.481 -22.000 -8.000
v -63.499 -22.000 -7.000
v -63.500 -22.000 -6.000
v -63.498 -22.000 -5.000
v -63.456 -22.000 -4.000
v -63.074 -22.000 -3.000
v -63.212 -22.000 -1.000
v -63.277 -22.000 0.000
v -63.110 -22.000 5.000
v -63.400 -21.000 -10.000
v -63.497 -21.000 -9.000
v -63.500 -21.000 -8.000
v -63.500 -21.000 -7.000
v -63.500 -21.000 -6.000
v -63.497 -21.000 -5.000
v -63.400 -21.000 -4.000
v -63.270 -20.000 -11.000
v -63.479 -20.000 -10.000
v -63.499 -20.000 -9.000
v -63.500 -20.000 -8.000
v -63.498 -20.000 -7.000
v -63.481 -20.000 -6.000
v -63.400 -20.000 -5.000
v -63.251 -20.000 -4.000
v -63.248 -19.000 -11.000
v -63.400 -19.000 -10.000
v -63.480 -19.000 -9.000
v -63.480 -19.000 -8.000
v -63.401 -19.000 -7.000
v -63.279 -19.000 -6.000
v -63.277 -18.000 -9.000
v -63.277 -18.000 -8.000
v -64.276 -33.000 -5.000
v -64.276 -33.000 -4.000
v -64.305 -32.000 -6.000
v -64.479 -32.000 -5.000
v -64.479 -32.000 -4.000
v -64.278 -32.000 -3.000
v -64.245 -31.000 -7.000
v -64.479 -31.000 -6.000
v -64.499 -31.000 -5.000
v -64.498 -31.000 -4.000
v -64.378 -31.000 -3.000
v -64.373 -30.000 -7.000
v -64.498 -30.000 -6.000
v -64.500 -30.000 -5.000
v -64.498 -30.000 -4.000
v -64.378 -30.000 -3.000
v -64.401 -29.000 -7.000
v -64.499 -29.000 -6.000
v -64.500 -29.000 -5.000
v -64.481 -29.000 -4.000
v -64.272 -29.000 -3.000
v -64.100 -28.000 -8.000
v -64.462 -28.000 -7.000
v -64.499 -28.000 -6.000
v -64.498 -28.000 -5.000
v -64.400 -28.000 -4.000
v -64.401 -27.000 -7.000
v -64.498 -27.000 -6.000
v -64.479 -27.000 -5.000
v -64.271 -27.000 -4.000
v -64.378 -26.000 -7.000
v -64.478 -26.000 -6.000
v -64.299 -26.000 -5.000
v -64.271 -26.000 2.000
v -64.376 -26.000 3.000
v -64.278 -26.000 4.000
v -64.240 -25.000 -7.000
v -64.269 -25.000 -6.000
v -64.296 -25.000 1.000
v -64.478 -25.000 2.000
v -64.496 -25.000 3.000
v -64.459 -25.000 4.000
v -64.153 -25.000 5.000
v -64.068 -24.000 0.000
v -64.352 -24.000 1.000
v -64.379 -24.000 2.000
v -64.378 -24.000 3.000
v -64.278 -24.000 4.000
f 3 2 1
f 5 4 1
f 1 4 3
f 5 6 4
f 1 2 7
f 7 2 8
f 1 9 5
f 1 7 9
f 6 5 10
f 10 5 9
f 7 8 11
f 11 8 12
f 7 13 9
f 7 11 13
f 10 9 14
f 14 9 13
f 12 15 11
f 11 15 13
f 13 15 16
f 13 16 14
f 19 18 17
f 17 20 19
f 17 18 3
f 18 2 3
f 18 21 2
f 22 20 17
f 3 22 17
f 4 22 3
f 24 23 6
f 23 4 6
f 23 22 4
f 26 25 24
f 24 25 23
f 26 27 25
f 21 8 2
f 28 8 21
f 10 29 24
f 10 24 6
f 24 30 26
f 24 29 30
f 27 26 31
f 31 26 30
f 28 12 8
f 32 12 28
f 14 33 29
f 14 29 10
f 35 30 34
f 30 33 34
f 30 29 33
f 30 35 31
f 32 36 12
f 12 36 15
f 36 38 37
f 16 36 37
f 15 36 16
f 37 39 16
f 16 39 14
f 39 40 14
f 40 33 14
f 33 40 34
f 38 41 37
f 37 41 39
f 44 43 42
f 46 45 42
f 42 45 44
f 48 47 46
f 46 47 45
f 48 49 47
f 51 50 19
f 19 50 18
f 52 42 20
f 42 51 20
f 51 19 20
f 42 43 51
f 42 53 46
f 42 52 53
f 46 54 48
f 46 53 54
f 49 48 55
f 55 48 54
f 50 21 18
f 56 21 50
f 22 52 20
f 52 22 23
f 52 23 53
f 53 23 25
f 53 25 54
f 25 27 54
f 27 55 54
f 27 57 55
f 56 28 21
f 58 28 56
f 31 57 27
f 31 59 57
f 58 32 28
f 60 32 58
f 62 61 35
f 62 35 34
f 31 35 59
f 59 35 61
f 60 63 32
f 32 63 36
f 38 36 63
f 38 63 64
f 66 65 40
f 66 40 39
f 34 40 62
f 62 40 65
f 64 67 38
f 38 67 41
f 39 41 66
f 66 41 67
f 70 69 68
f 72 71 68
f 68 71 70
f 74 73 72
f 72 73 71
f 74 75 73
f 78 77 76
f 78 76 69
f 69 76 68
f 76 43 68
f 43 44 68
f 68 44 45
f 68 45 72
f 72 45 47
f 72 47 74
f 80 79 49
f 49 79 47
f 79 75 47
f 75 74 47
f 80 81 79
f 76 77 51
f 77 50 51
f 77 82 50
f 76 51 43
f 55 83 80
f 55 80 49
f 81 80 84
f 84 80 83
f 82 56 50
f 85 56 82
f 57 86 83
f 57 83 55
f 84 83 87
f 87 83 86
f 85 58 56
f 88 58 85
f 90 89 86
f 57 90 86
f 59 90 57
f 86 89 87
f 92 60 91
f 60 88 91
f 60 58 88
f 93 92 91
f 62 94 61
f 94 95 61
f 95 59 61
f 95 90 59
f 92 63 60
f 64 63 92
f 93 64 92
f 96 64 93
f 66 97 65
f 97 98 65
f 65 98 62
f 98 99 62
f 99 94 62
f 94 99 95
f 96 100 64
f 64 100 67
f 66 67 97
f 67 101 97
f 67 100 101
f 97 101 98
f 104 103 102
f 106 105 102
f 102 105 104
f 106 107 105
f 110 109 108
f 110 108 103
f 108 102 103
f 108 111 102
f 102 112 106
f 102 111 112
f 107 106 113
f 106 114 113
f 106 112 114
f 114 115 113
f 118 117 116
f 118 116 109
f 109 116 108
f 116 69 108
f 69 70 108
f 108 70 71
f 108 71 111
f 111 71 73
f 111 73 112
f 112 73 75
f 119 112 75
f 114 112 119
f 115 114 120
f 120 114 119
f 116 117 78
f 117 77 78
f 117 121 77
f 116 78 69
f 79 119 75
f 123 122 81
f 81 122 79
f 122 120 79
f 120 119 79
f 123 124 122
f 121 82 77
f 125 82 121
f 84 126 123
f 84 123 81
f 124 123 127
f 127 123 126
f 125 85 82
f 128 85 125
f 130 129 126
f 84 130 126
f 87 130 84
f 126 129 127
f 128 88 85
f 131 88 128
f 90 132 89
f 132 133 89
f 133 87 89
f 133 130 87
f 91 88 134
f 88 135 134
f 88 131 135
f 134 93 91
f 95 136 132
f 95 132 90
f 133 132 137
f 137 132 136
f 135 138 134
f 93 134 138
f 139 93 138
f 96 93 139
f 98 140 99
f 140 141 99
f 99 141 95
f 141 142 95
f 142 136 95
f 136 142 137
f 139 143 96
f 96 143 100
f 100 144 101
f 143 144 100
f 98 101 140
f 101 145 140
f 101 144 145
f 140 145 141
f 148 147 146
f 150 149 146
f 146 149 148
f 150 151 149
f 146 147 152
f 152 147 153
f 155 150 154
f 150 152 154
f 150 146 152
f 150 155 151
f 158 157 156
f 158 156 153
f 156 152 153
f 156 159 152
f 154 152 160
f 160 152 159
f 163 162 161
f 163 161 157
f 161 156 157
f 161 164 156
f 156 165 159
f 156 164 165
f 160 159 166
f 166 159 165
f 169 168 167
f 169 167 162
f 167 161 162
f 167 170 161
f 170 103 104
f 164 170 104
f 161 170 164
f 164 104 105
f 164 105 165
f 172 171 107
f 107 171 105
f 171 166 105
f 166 165 105
f 172 173 171
f 167 168 174
f 174 168 175
f 174 109 110
f 170 174 110
f 167 174 170
f 170 110 103
f 113 172 107
f 113 115 172
f 115 173 172
f 115 176 173
f 174 175 118
f 175 117 118
f 175 177 117
f 174 118 109
f 120 179 178
f 176 120 178
f 115 120 176
f 179 180 178
f 183 182 181
f 181 184 183
f 187 186 185
f 177 187 185
f 121 177 185
f 117 177 121
f 122 179 120
f 122 124 179
f 124 180 179
f 124 188 180
f 181 182 189
f 189 182 190
f 184 181 191
f 181 192 191
f 181 189 192
f 191 192 186
f 192 185 186
f 192 193 185
f 193 125 121
f 193 121 185
f 127 195 194
f 188 127 194
f 124 127 188
f 195 196 194
f 189 190 197
f 197 190 198
f 189 199 192
f 189 197 199
f 192 200 193
f 192 199 200
f 200 128 125
f 200 125 193
f 130 201 129
f 195 127 129
f 201 195 129
f 202 195 201
f 196 195 203
f 203 195 202
f 197 198 204
f 204 198 205
f 197 206 199
f 197 204 206
f 199 207 200
f 199 206 207
f 207 131 128
f 207 128 200
f 133 208 201
f 133 201 130
f 201 209 202
f 201 208 209
f 203 202 210
f 210 202 209
f 205 211 204
f 213 212 211
f 212 204 211
f 212 206 204
f 206 214 207
f 206 212 214
f 214 135 131
f 214 131 207
f 137 215 208
f 137 208 133
f 217 209 216
f 209 215 216
f 209 208 215
f 209 217 210
f 212 213 218
f 218 213 219
f 212 220 214
f 212 218 220
f 221 138 135
f 214 221 135
f 220 221 214
f 221 139 138
f 141 222 142
f 222 223 142
f 142 223 137
f 223 224 137
f 224 215 137
f 215 224 216
f 227 226 225
f 225 228 227
f 218 219 229
f 229 219 230
f 218 231 220
f 218 229 231
f 220 232 221
f 220 231 232
f 221 232 139
f 232 233 139
f 233 143 139
f 232 234 233
f 143 235 144
f 233 235 143
f 144 236 145
f 235 236 144
f 141 145 222
f 145 237 222
f 145 236 237
f 222 237 223
f 225 226 238
f 238 226 239
f 228 225 240
f 225 241 240
f 225 238 241
f 241 242 240
f 229 230 243
f 243 230 244
f 229 245 231
f 229 243 245
f 231 246 232
f 231 245 246
f 234 232 247
f 232 248 247
f 232 246 248
f 248 249 247
f 238 239 250
f 250 239 251
f 238 252 241
f 238 250 252
f 242 241 253
f 253 241 252
f 243 244 254
f 254 244 255
f 243 256 245
f 243 254 256
f 245 257 246
f 245 256 257
f 246 258 248
f 246 257 258
f 249 248 259
f 248 260 259
f 248 258 260
f 262 261 260
f 260 261 259
f 262 263 261
f 250 251 264
f 264 251 265
f 267 252 266
f 252 264 266
f 252 250 264
f 252 267 253
f 254 255 268
f 268 255 269
f 254 270 256
f 254 268 270
f 256 271 257
f 256 270 271
f 257 272 258
f 257 271 272
f 258 273 260
f 258 272 273
f 260 274 262
f 260 273 274
f 263 262 275
f 275 262 274
f 265 276 264
f 264 276 266
f 269 277 268
f 279 278 277
f 278 268 277
f 278 270 268
f 270 280 271
f 270 278 280
f 271 281 272
f 271 280 281
f 272 282 273
f 272 281 282
f 273 283 274
f 273 282 283
f 275 274 284
f 284 274 283
f 279 285 278
f 287 286 285
f 286 278 285
f 286 280 278
f 280 288 281
f 280 286 288
f 281 289 282
f 281 288 289
f 282 290 283
f 282 289 290
f 284 283 291
f 291 283 290
f 286 287 292
f 292 287 293
f 286 294 288
f 286 292 294
f 288 295 289
f 288 294 295
f 289 296 290
f 289 295 296
f 291 290 297
f 297 290 296
f 293 298 292
f 292 298 294
f 294 298 299
f 294 299 295
f 295 299 300
f 295 300 296
f 296 300 301
f 296 301 297
f 304 303 302
f 306 305 302
f 302 305 304
f 306 307 305
f 310 309 308
f 310 308 303
f 308 302 303
f 308 311 302
f 302 312 306
f 302 311 312
f 307 306 313
f 306 314 313
f 306 312 314
f 314 315 313
f 309 316 308
f 318 317 316
f 317 308 316
f 317 311 308
f 311 319 312
f 311 317 319
f 312 320 314
f 312 319 320
f 315 314 321
f 321 314 320
f 318 322 317
f 317 322 319
f 319 322 323
f 319 323 320
f 320 323 324
f 320 324 321
f 327 326 325
f 329 328 325
f 325 328 327
f 329 330 328
f 325 326 331
f 331 326 332
f 325 333 329
f 325 331 333
f 330 329 334
f 329 335 334
f 329 333 335
f 335 336 334
f 331 332 337
f 337 332 338
f 331 339 333
f 331 337 339
f 333 340 335
f 333 339 340
f 336 335 341
f 341 335 340
f 344 343 342
f 344 342 338
f 342 337 338
f 342 345 337
f 337 346 339
f 337 345 346
f 348 340 347
f 340 346 347
f 340 339 346
f 340 348 341
f 342 343 349
f 349 343 350
f 342 351 345
f 342 349 351
f 345 352 346
f 345 351 352
f 347 346 353
f 353 346 352
f 349 350 354
f 354 350 355
f 349 356 351
f 349 354 356
f 351 357 352
f 351 356 357
f 353 352 358
f 358 352 357
f 354 355 359
f 359 355 360
f 354 361 356
f 354 359 361
f 363 357 362
f 357 361 362
f 357 356 361
f 357 363 358
f 366 365 364
f 366 364 360
f 364 359 360
f 364 367 359
f 359 368 361
f 359 367 368
f 362 361 369
f 369 361 368
f 364 365 370
f 370 365 371
f 364 372 367
f 364 370 372
f 367 373 368
f 367 372 373
f 369 368 374
f 374 368 373
f 370 371 375
f 375 371 376
f 370 377 372
f 370 375 377
f 379 373 378
f 373 377 378
f 373 372 377
f 373 379 374
f 375 376 380
f 380 376 381
f 375 382 377
f 375 380 382
f 378 377 383
f 383 377 382
f 380 381 384
f 384 381 385
f 380 386 382
f 380 384 386
f 383 382 387
f 387 382 386
f 390 389 388
f 390 388 385
f 388 384 385
f 388 391 384
f 393 386 392
f 386 391 392
f 386 384 391
f 386 393 387
f 388 389 394
f 394 389 395
f 388 396 391
f 388 394 396
f 392 391 397
f 397 391 396
f 400 399 398
f 402 401 398
f 398 401 400
f 404 403 402
f 402 403 401
f 406 405 404
f 404 405 403
f 406 407 405
f 394 395 408
f 408 395 409
f 394 410 396
f 394 408 410
f 397 396 411
f 411 396 410
f 398 399 412
f 412 399 413
f 398 414 402
f 398 412 414
f 402 415 404
f 402 414 415
f 404 416 406
f 404 415 416
f 407 406 417
f 406 418 417
f 406 416 418
f 418 419 417
f 422 421 420
f 420 423 422
f 409 424 408
f 408 424 410
f 410 424 425
f 425 426 410
f 426 427 410
f 428 411 410
f 428 410 427
f 428 427 413
f 427 412 413
f 427 429 412
f 412 430 414
f 412 429 430
f 430 147 148
f 415 430 148
f 414 430 415
f 415 148 149
f 415 149 416
f 416 149 151
f 431 416 151
f 418 416 431
f 419 418 432
f 432 418 431
f 420 421 433
f 433 421 434
f 423 420 435
f 420 436 435
f 420 433 436
f 436 437 435
f 427 426 438
f 438 426 439
f 427 440 429
f 427 438 440
f 429 441 430
f 429 440 441
f 441 153 147
f 441 147 430
f 154 442 155
f 431 151 155
f 442 431 155
f 443 431 442
f 432 431 444
f 444 431 443
f 447 446 445
f 447 445 434
f 445 433 434
f 445 448 433
f 433 449 436
f 433 448 449
f 437 436 450
f 436 451 450
f 436 449 451
f 451 452 450
f 438 439 453
f 453 439 454
f 438 455 440
f 438 453 455
f 455 157 158
f 441 455 158
f 440 455 441
f 441 158 153
f 160 456 442
f 160 442 154
f 442 457 443
f 442 456 457
f 444 443 458
f 458 443 457
f 445 446 459
f 459 446 460
f 445 461 448
f 445 459 461
f 448 462 449
f 448 461 462
f 449 463 451
f 449 462 463
f 452 451 464
f 451 465 464
f 451 463 465
f 465 466 464
f 453 454 467
f 467 454 468
f 467 162 163
f 455 467 163
f 453 467 455
f 455 163 157
f 166 469 456
f 166 456 160
f 456 470 457
f 456 469 470
f 458 457 471
f 471 457 470
f 459 460 472
f 472 460 473
f 459 474 461
f 459 472 474
f 461 475 462
f 461 474 475
f 462 476 463
f 462 475 476
f 463 477 465
f 463 476 477
f 466 465 478
f 465 479 478
f 465 477 479
f 478 479 468
f 468 479 467
f 479 168 467
f 168 169 467
f 467 169 162
f 171 469 166
f 469 171 173
f 480 469 173
f 470 469 480
f 471 470 481
f 481 470 480
f 472 473 482
f 482 473 483
f 472 484 474
f 472 482 484
f 474 485 475
f 474 484 485
f 475 486 476
f 475 485 486
f 476 487 477
f 476 486 487
f 477 488 479
f 477 487 488
f 488 175 168
f 488 168 479
f 176 489 480
f 176 480 173
f 481 480 490
f 490 480 489
f 482 483 491
f 491 483 492
f 482 493 484
f 482 491 493
f 484 494 485
f 484 493 494
f 485 495 486
f 485 494 495
f 486 496 487
f 486 495 496
f 487 497 488
f 487 496 497
f 497 177 175
f 497 175 488
f 178 489 176
f 499 498 180
f 180 498 178
f 498 490 178
f 490 489 178
f 499 500 498
f 491 492 501
f 501 492 502
f 491 503 493
f 491 501 503
f 493 504 494
f 493 503 504
f 504 182 183
f 495 504 183
f 494 504 495
f 495 183 184
f 505 495 184
f 496 495 505
f 505 186 187
f 497 505 187
f 496 505 497
f 497 187 177
f 188 506 499
f 188 499 180
f 500 499 507
f 499 508 507
f 499 506 508
f 508 509 507
f 501 502 510
f 510 502 511
f 501 512 503
f 501 510 512
f 503 513 504
f 503 512 513
f 513 190 182
f 513 182 504
f 191 505 184
f 505 191 186
f 194 506 188
f 506 194 196
f 514 506 196
f 508 506 514
f 509 508 515
f 508 516 515
f 508 514 516
f 516 517 515
f 510 511 518
f 518 511 519
f 510 520 512
f 510 518 520
f 512 521 513
f 512 520 521
f 521 198 190
f 521 190 513
f 203 522 514
f 203 514 196
f 514 523 516
f 514 522 523
f 517 516 524
f 524 516 523
f 527 526 525
f 525 528 527
f 519 529 518
f 531 530 529
f 530 518 529
f 530 520 518
f 520 532 521
f 520 530 532
f 532 205 198
f 532 198 521
f 210 533 522
f 210 522 203
f 522 534 523
f 522 533 534
f 524 523 535
f 535 523 534
f 538 537 536
f 538 536 526
f 536 525 526
f 536 539 525
f 528 525 540
f 525 541 540
f 525 539 541
f 541 542 540
f 530 531 543
f 543 531 544
f 530 545 532
f 530 543 545
f 546 211 205
f 532 546 205
f 545 546 532
f 546 213 211
f 216 547 217
f 533 210 217
f 547 533 217
f 548 533 547
f 550 534 549
f 534 548 549
f 534 533 548
f 534 550 535
f 537 551 536
f 553 552 551
f 552 536 551
f 552 539 536
f 539 554 541
f 539 552 554
f 542 541 555
f 555 541 554
f 544 556 543
f 558 557 556
f 557 543 556
f 557 545 543
f 545 559 546
f 545 557 559
f 559 219 213
f 559 213 546
f 223 560 224
f 547 216 224
f 560 547 224
f 561 547 560
f 563 548 562
f 548 561 562
f 548 547 561
f 548 563 549
f 552 553 564
f 564 553 565
f 564 226 227
f 554 564 227
f 552 564 554
f 567 566 228
f 228 566 227
f 566 555 227
f 555 554 227
f 567 568 566
f 557 558 569
f 569 558 570
f 557 571 559
f 557 569 571
f 571 230 219
f 571 219 559
f 234 572 233
f 573 235 233
f 573 233 572
f 574 236 235
f 574 235 573
f 575 237 236
f 575 236 574
f 560 223 237
f 575 560 237
f 576 560 575
f 578 561 577
f 561 576 577
f 561 560 576
f 561 578 562
f 564 565 579
f 579 565 580
f 579 239 226
f 579 226 564
f 240 567 228
f 240 242 567
f 242 568 567
f 242 581 568
f 569 570 582
f 582 570 583
f 569 584 571
f 569 582 584
f 584 244 230
f 584 230 571
f 247 572 234
f 572 247 249
f 585 572 249
f 573 572 585
f 587 574 586
f 574 585 586
f 574 573 585
f 574 587 575
f 575 587 588
f 575 588 576
f 576 588 589
f 576 589 577
f 579 580 590
f 590 580 591
f 590 251 239
f 590 239 579
f 253 581 242
f 253 592 581
f 582 583 593
f 593 583 594
f 582 595 584
f 582 593 595
f 595 255 244
f 595 244 584
f 259 585 249
f 596 586 585
f 259 596 585
f 261 596 259
f 261 263 596
f 596 263 597
f 590 591 598
f 598 591 599
f 598 265 251
f 598 251 590
f 266 600 267
f 600 601 267
f 601 253 267
f 601 592 253
f 593 594 602
f 602 594 603
f 593 604 595
f 593 602 604
f 604 269 255
f 604 255 595
f 275 606 605
f 597 275 605
f 263 275 597
f 606 607 605
f 599 608 598
f 608 610 609
f 608 609 276
f 598 608 276
f 265 598 276
f 600 266 276
f 609 600 276
f 611 600 609
f 601 600 612
f 612 600 611
f 602 603 613
f 613 603 614
f 602 615 604
f 602 613 615
f 616 277 269
f 604 616 269
f 615 616 604
f 616 279 277
f 284 617 606
f 284 606 275
f 607 606 618
f 606 619 618
f 606 617 619
f 619 620 618
f 610 621 609
f 609 621 611
f 611 621 622
f 611 622 612
f 614 623 613
f 625 624 623
f 624 613 623
f 624 615 613
f 615 626 616
f 615 624 626
f 627 285 279
f 616 627 279
f 626 627 616
f 627 287 285
f 291 628 617
f 291 617 284
f 617 629 619
f 617 628 629
f 620 619 630
f 630 619 629
f 624 625 631
f 631 625 632
f 624 633 626
f 624 631 633
f 626 634 627
f 626 633 634
f 634 293 287
f 634 287 627
f 297 635 628
f 297 628 291
f 628 636 629
f 628 635 636
f 630 629 637
f 637 629 636
f 632 638 631
f 640 639 638
f 639 631 638
f 639 633 631
f 633 641 634
f 633 639 641
f 642 298 293
f 634 642 293
f 641 642 634
f 643 299 298
f 643 298 642
f 644 300 299
f 644 299 643
f 645 301 300
f 645 300 644
f 635 297 301
f 645 635 301
f 646 635 645
f 635 647 636
f 635 646 647
f 637 636 648
f 648 636 647
f 640 649 639
f 651 650 649
f 650 639 649
f 650 641 639
f 641 652 642
f 641 650 652
f 642 653 643
f 642 652 653
f 643 654 644
f 643 653 654
f 644 655 645
f 644 654 655
f 645 656 646
f 645 655 656
f 646 657 647
f 646 656 657
f 648 647 658
f 658 647 657
f 651 659 650
f 661 660 659
f 660 650 659
f 660 652 650
f 652 662 653
f 652 660 662
f 664 654 663
f 654 662 663
f 654 653 662
f 654 664 655
f 655 664 665
f 655 665 656
f 656 665 666
f 656 666 657
f 657 666 667
f 657 667 658
f 661 668 660
f 660 668 662
f 662 668 669
f 662 669 663
f 671 670 304
f 304 670 303
f 672 304 305
f 672 671 304
f 674 673 307
f 673 305 307
f 673 672 305
f 674 675 673
f 677 676 310
f 310 676 309
f 310 303 670
f 310 670 677
f 313 674 307
f 679 678 315
f 315 678 313
f 678 675 313
f 675 674 313
f 679 680 678
f 676 681 309
f 309 681 316
f 318 316 681
f 318 681 682
f 321 683 679
f 321 679 315
f 680 679 684
f 684 679 683
f 322 318 685
f 318 686 685
f 318 682 686
f 687 323 322
f 687 322 685
f 688 324 323
f 688 323 687
f 683 321 324
f 688 683 324
f 689 683 688
f 684 683 690
f 690 683 689
f 686 691 685
f 685 691 687
f 687 691 692
f 687 692 688
f 688 692 693
f 688 693 689
f 689 693 694
f 689 694 690
f 697 696 695
f 695 698 697
f 701 700 699
f 701 699 696
f 699 695 696
f 699 702 695
f 698 695 703
f 695 704 703
f 695 702 704
f 704 705 703
f 699 700 327
f 700 326 327
f 700 706 326
f 699 327 328
f 699 328 702
f 702 328 330
f 707 702 330
f 704 702 707
f 705 704 708
f 708 704 707
f 711 710 709
f 706 711 709
f 332 706 709
f 326 706 332
f 334 707 330
f 334 336 707
f 336 708 707
f 336 712 708
f 715 714 713
f 715 713 710
f 713 709 710
f 713 716 709
f 716 338 332
f 716 332 709
f 341 712 336
f 341 717 712
f 713 714 718
f 718 714 719
f 718 343 344
f 716 718 344
f 713 718 716
f 716 344 338
f 347 720 348
f 720 721 348
f 721 341 348
f 721 717 341
f 718 719 722
f 722 719 723
f 722 350 343
f 722 343 718
f 353 724 720
f 353 720 347
f 721 720 725
f 725 720 724
f 722 723 726
f 726 723 727
f 726 355 350
f 726 350 722
f 358 728 724
f 358 724 353
f 725 724 729
f 729 724 728
f 732 731 730
f 732 730 727
f 730 726 727
f 730 733 726
f 733 360 355
f 733 355 726
f 362 734 363
f 734 735 363
f 363 735 358
f 735 736 358
f 736 728 358
f 728 736 729
f 730 731 737
f 737 731 738
f 737 365 366
f 733 737 366
f 730 737 733
f 733 366 360
f 369 739 734
f 369 734 362
f 735 734 740
f 740 734 739
f 737 738 741
f 741 738 742
f 741 371 365
f 741 365 737
f 744 743 739
f 369 744 739
f 374 744 369
f 739 743 740
f 741 742 745
f 745 742 746
f 745 376 371
f 745 371 741
f 378 747 379
f 747 748 379
f 748 374 379
f 748 744 374
f 745 746 749
f 749 746 750
f 749 381 376
f 749 376 745
f 383 751 747
f 383 747 378
f 748 747 752
f 752 747 751
f 749 750 753
f 753 750 754
f 753 385 381
f 753 381 749
f 387 755 751
f 387 751 383
f 752 751 756
f 756 751 755
f 753 754 390
f 754 389 390
f 754 757 389
f 753 390 385
f 392 758 393
f 755 387 393
f 758 755 393
f 759 755 758
f 756 755 760
f 755 761 760
f 755 759 761
f 763 762 761
f 761 762 760
f 765 764 763
f 763 764 762
f 765 766 764
f 769 768 767
f 767 770 769
f 757 395 389
f 771 395 757
f 397 772 758
f 397 758 392
f 772 399 400
f 759 772 400
f 758 772 759
f 759 400 401
f 759 401 761
f 761 401 403
f 761 403 763
f 763 403 405
f 763 405 765
f 774 773 407
f 407 773 405
f 773 766 405
f 766 765 405
f 774 775 773
f 778 777 776
f 778 776 768
f 776 767 768
f 776 779 767
f 770 767 780
f 767 781 780
f 767 779 781
f 781 782 780
f 771 409 395
f 783 409 771
f 411 784 772
f 411 772 397
f 784 413 399
f 784 399 772
f 417 774 407
f 786 785 419
f 419 785 417
f 785 775 417
f 775 774 417
f 786 787 785
f 790 789 788
f 790 788 777
f 788 776 777
f 788 791 776
f 791 421 422
f 779 791 422
f 776 791 779
f 779 422 423
f 792 779 423
f 781 779 792
f 782 781 793
f 781 794 793
f 781 792 794
f 794 795 424
f 783 794 424
f 409 783 424
f 794 783 793
f 796 425 424
f 796 424 795
f 428 784 411
f 426 425 796
f 784 428 413
f 432 797 786
f 432 786 419
f 787 786 798
f 798 786 797
f 788 789 799
f 799 789 800
f 788 801 791
f 788 799 801
f 801 434 421
f 801 421 791
f 435 792 423
f 792 435 437
f 802 792 437
f 794 792 802
f 794 803 795
f 794 802 803
f 795 804 796
f 795 803 804
f 804 439 426
f 804 426 796
f 444 805 797
f 444 797 432
f 798 797 806
f 806 797 805
f 799 800 807
f 807 800 808
f 807 446 447
f 801 807 447
f 799 807 801
f 801 447 434
f 450 802 437
f 802 450 452
f 809 802 452
f 803 802 809
f 803 810 804
f 803 809 810
f 810 454 439
f 810 439 804
f 458 811 805
f 458 805 444
f 806 805 812
f 812 805 811
f 807 808 813
f 813 808 814
f 813 460 446
f 813 446 807
f 464 809 452
f 809 464 466
f 815 809 466
f 810 809 815
f 815 468 454
f 815 454 810
f 471 816 811
f 471 811 458
f 812 811 817
f 817 811 816
f 813 814 818
f 818 814 819
f 818 473 460
f 818 460 813
f 478 815 466
f 815 478 468
f 481 820 816
f 481 816 471
f 817 816 821
f 821 816 820
f 818 819 822
f 822 819 823
f 822 483 473
f 822 473 818
f 490 824 820
f 490 820 481
f 821 820 825
f 825 820 824
f 822 823 826
f 826 823 827
f 826 492 483
f 826 483 822
f 830 829 828
f 832 831 828
f 832 828 829
f 833 831 832
f 498 824 490
f 835 834 500
f 500 834 498
f 834 825 498
f 825 824 498
f 837 836 835
f 835 836 834
f 837 838 836
f 826 827 839
f 839 827 840
f 839 502 492
f 839 492 826
f 843 842 841
f 841 842 830
f 828 841 830
f 844 841 828
f 845 828 831
f 844 828 845
f 831 833 846
f 831 846 845
f 507 835 500
f 835 507 509
f 847 835 509
f 837 835 847
f 838 837 848
f 837 849 848
f 837 847 849
f 851 850 849
f 849 850 848
f 851 852 850
f 839 840 853
f 853 840 854
f 853 511 502
f 853 502 839
f 855 843 841
f 855 841 844
f 855 844 856
f 856 844 845
f 856 845 857
f 857 845 846
f 515 847 509
f 847 515 517
f 858 847 517
f 849 847 858
f 849 859 851
f 849 858 859
f 852 851 860
f 851 861 860
f 851 859 861
f 863 862 861
f 861 862 860
f 863 864 862
f 853 854 865
f 865 854 866
f 865 519 511
f 865 511 853
f 524 867 858
f 524 858 517
f 858 868 859
f 858 867 868
f 859 869 861
f 859 868 869
f 869 526 527
f 863 869 527
f 861 869 863
f 871 870 528
f 528 870 527
f 870 864 527
f 864 863 527
f 871 872 870
f 865 866 873
f 873 866 874
f 875 529 519
f 865 875 519
f 873 875 865
f 875 531 529
f 535 876 867
f 535 867 524
f 867 877 868
f 867 876 877
f 877 537 538
f 869 877 538
f 868 877 869
f 869 538 526
f 540 871 528
f 540 542 871
f 542 872 871
f 542 878 872
f 874 879 873
f 881 880 879
f 880 873 879
f 880 875 873
f 880 544 531
f 880 531 875
f 549 882 550
f 876 535 550
f 882 876 550
f 883 876 882
f 876 884 877
f 876 883 884
f 885 551 537
f 877 885 537
f 884 885 877
f 885 553 551
f 555 887 886
f 878 555 886
f 542 555 878
f 887 888 886
f 880 881 889
f 889 881 890
f 891 556 544
f 880 891 544
f 889 891 880
f 891 558 556
f 562 892 563
f 892 893 563
f 563 893 549
f 893 894 549
f 894 882 549
f 882 894 883
f 883 894 895
f 883 895 884
f 884 895 896
f 898 897 896
f 897 884 896
f 897 885 884
f 897 565 553
f 897 553 885
f 566 887 555
f 566 568 887
f 568 888 887
f 568 899 888
f 889 890 900
f 900 890 901
f 889 902 891
f 889 900 902
f 902 570 558
f 902 558 891
f 577 903 578
f 903 904 578
f 578 904 562
f 904 905 562
f 905 892 562
f 892 905 893
f 897 898 906
f 906 898 907
f 906 580 565
f 906 565 897
f 581 899 568
f 581 908 899
f 900 901 909
f 909 901 910
f 900 911 902
f 900 909 911
f 911 583 570
f 911 570 902
f 586 912 587
f 913 588 587
f 913 587 912
f 914 589 588
f 914 588 913
f 914 915 589
f 589 915 577
f 915 916 577
f 916 903 577
f 903 916 904
f 907 917 906
f 580 906 917
f 918 580 917
f 591 580 918
f 592 908 581
f 592 919 908
f 909 910 920
f 920 910 921
f 909 922 911
f 909 920 922
f 922 594 583
f 922 583 911
f 596 912 586
f 912 596 597
f 923 912 597
f 913 912 923
f 925 914 924
f 914 923 924
f 914 913 923
f 914 925 915
f 918 599 591
f 926 599 918
f 601 919 592
f 601 927 919
f 920 921 928
f 928 921 929
f 920 930 922
f 920 928 930
f 930 603 594
f 930 594 922
f 605 923 597
f 932 931 607
f 607 931 605
f 931 924 605
f 924 923 605
f 932 933 931
f 608 599 934
f 599 935 934
f 599 926 935
f 934 610 608
f 612 927 601
f 612 936 927
f 928 929 937
f 937 929 938
f 928 939 930
f 928 937 939
f 939 614 603
f 939 603 930
f 618 932 607
f 941 940 620
f 620 940 618
f 940 933 618
f 933 932 618
f 941 942 940
f 935 943 934
f 943 945 944
f 943 944 621
f 934 943 621
f 610 934 621
f 946 622 621
f 946 621 944
f 946 947 622
f 947 612 622
f 947 936 612
f 937 938 948
f 948 938 949
f 937 950 939
f 937 948 950
f 951 623 614
f 939 951 614
f 950 951 939
f 951 625 623
f 630 952 941
f 630 941 620
f 942 941 953
f 953 941 952
f 945 954 944
f 944 954 946
f 946 954 955
f 946 955 947
f 948 949 956
f 956 949 957
f 948 958 950
f 948 956 958
f 950 959 951
f 950 958 959
f 959 632 625
f 959 625 951
f 637 960 952
f 637 952 630
f 953 952 961
f 961 952 960
f 957 962 956
f 964 963 962
f 963 956 962
f 963 958 956
f 958 965 959
f 958 963 965
f 966 638 632
f 959 966 632
f 965 966 959
f 966 640 638
f 648 967 960
f 648 960 637
f 961 960 968
f 968 960 967
f 963 964 969
f 969 964 970
f 963 971 965
f 963 969 971
f 965 972 966
f 965 971 972
f 973 649 640
f 966 973 640
f 972 973 966
f 973 651 649
f 658 974 967
f 658 967 648
f 968 967 975
f 975 967 974
f 969 970 976
f 976 970 977
f 969 978 971
f 969 976 978
f 971 979 972
f 971 978 979
f 972 980 973
f 972 979 980
f 981 659 651
f 973 981 651
f 980 981 973
f 981 661 659
f 663 982 664
f 983 665 664
f 983 664 982
f 984 666 665
f 984 665 983
f 985 667 666
f 985 666 984
f 974 658 667
f 985 974 667
f 986 974 985
f 975 974 987
f 987 974 986
f 977 988 976
f 990 989 988
f 989 976 988
f 989 978 976
f 978 991 979
f 978 989 991
f 979 992 980
f 979 991 992
f 980 993 981
f 980 992 993
f 994 668 661
f 981 994 661
f 993 994 981
f 995 669 668
f 995 668 994
f 982 663 669
f 995 982 669
f 996 982 995
f 982 997 983
f 982 996 997
f 983 998 984
f 983 997 998
f 984 999 985
f 984 998 999
f 1001 986 1000
f 986 999 1000
f 986 985 999
f 986 1001 987
f 990 1002 989
f 1004 1003 1002
f 1003 989 1002
f 1003 991 989
f 991 1005 992
f 991 1003 1005
f 992 1006 993
f 992 1005 1006
f 993 1007 994
f 993 1006 1007
f 994 1008 995
f 994 1007 1008
f 1010 996 1009
f 996 1008 1009
f 996 995 1008
f 996 1010 997
f 997 1010 1011
f 997 1011 998
f 998 1011 1012
f 998 1012 999
f 999 1012 1013
f 999 1013 1000
f 1004 1014 1003
f 1003 1014 1005
f 1005 1014 1015
f 1005 1015 1006
f 1006 1015 1016
f 1006 1016 1007
f 1007 1016 1017
f 1007 1017 1008
f 1008 1017 1018
f 1008 1018 1009
f 1021 1020 1019
f 1023 1022 1019
f 1019 1022 1021
f 1025 1024 1023
f 1023 1024 1022
f 1025 1026 1024
f 1028 1027 671
f 671 1027 670
f 672 1019 1020
f 1028 672 1020
f 671 672 1028
f 1019 672 673
f 1019 673 1023
f 1023 673 675
f 1029 1023 675
f 1025 1023 1029
f 1026 1025 1030
f 1030 1025 1029
f 1032 1031 677
f 677 1031 676
f 677 670 1027
f 677 1027 1032
f 678 1029 675
f 1034 1033 680
f 680 1033 678
f 1033 1030 678
f 1030 1029 678
f 1034 1035 1033
f 681 676 1036
f 676 1037 1036
f 676 1031 1037
f 1036 682 681
f 684 1038 1034
f 684 1034 680
f 1035 1034 1039
f 1039 1034 1038
f 1037 1040 1036
f 682 1036 1040
f 1041 682 1040
f 686 682 1041
f 1043 1042 1038
f 684 1043 1038
f 690 1043 684
f 1038 1042 1039
f 1041 1044 686
f 686 1044 691
f 691 1045 692
f 1044 1045 691
f 692 1046 693
f 1045 1046 692
f 693 1047 694
f 1046 1047 693
f 690 694 1043
f 1043 694 1047
f 1049 1048 697
f 697 1048 696
f 697 698 1049
f 1049 698 1050
f 1052 1051 701
f 701 1051 700
f 701 696 1048
f 701 1048 1052
f 1053 1050 698
f 1053 698 703
f 703 705 1053
f 1053 705 1054
f 1057 1056 1055
f 1051 1057 1055
f 706 1051 1055
f 700 1051 706
f 708 1054 705
f 708 1058 1054
f 1055 1056 711
f 1056 710 711
f 1056 1059 710
f 1055 711 706
f 712 1058 708
f 712 1060 1058
f 1062 1061 715
f 715 1061 714
f 715 710 1059
f 715 1059 1062
f 717 1064 1063
f 1060 717 1063
f 712 717 1060
f 1064 1065 1063
f 1061 719 714
f 1066 719 1061
f 721 1067 1064
f 721 1064 717
f 1065 1064 1068
f 1068 1064 1067
f 1071 1070 1069
f 1066 1071 1069
f 723 1066 1069
f 719 1066 723
f 1073 1072 1067
f 721 1073 1067
f 725 1073 721
f 1067 1072 1068
f 1076 1075 1074
f 1076 1074 1070
f 1074 1069 1070
f 1074 1077 1069
f 1077 727 723
f 1077 723 1069
f 729 1073 725
f 729 1078 1073
f 1074 1075 1079
f 1079 1075 1080
f 1079 731 732
f 1077 1079 732
f 1074 1079 1077
f 1077 732 727
f 735 1081 736
f 1081 1082 736
f 1082 729 736
f 1082 1078 729
f 1079 1080 1083
f 1083 1080 1084
f 1083 738 731
f 1083 731 1079
f 740 1085 1081
f 740 1081 735
f 1082 1081 1086
f 1086 1081 1085
f 1083 1084 1087
f 1087 1084 1088
f 1087 742 738
f 1087 738 1083
f 744 1089 743
f 1089 1090 743
f 743 1090 740
f 1090 1091 740
f 1091 1085 740
f 1085 1091 1086
f 1087 1088 1092
f 1092 1088 1093
f 1092 746 742
f 1092 742 1087
f 748 1094 1089
f 748 1089 744
f 1090 1089 1095
f 1095 1089 1094
f 1092 1093 1096
f 1096 1093 1097
f 1096 750 746
f 1096 746 1092
f 752 1098 1094
f 752 1094 748
f 1095 1094 1099
f 1099 1094 1098
f 1097 1100 1096
f 750 1096 1100
f 1101 750 1100
f 754 750 1101
f 756 1102 1098
f 756 1098 752
f 1099 1098 1103
f 1098 1104 1103
f 1098 1102 1104
f 1106 1105 1104
f 1104 1105 1103
f 1106 1107 1105
f 1110 1109 1108
f 1112 1111 1108
f 1108 1111 1110
f 1114 1113 1112
f 1112 1113 1111
f 1116 1115 1114
f 1114 1115 1113
f 1118 1117 1116
f 1116 1117 1115
f 1101 1117 1118
f 757 1101 1118
f 754 1101 757
f 760 1102 756
f 1102 760 762
f 1102 762 1104
f 1104 762 764
f 1104 764 1106
f 1120 1119 766
f 766 1119 764
f 1119 1107 764
f 1107 1106 764
f 1120 1121 1119
f 1108 1109 1122
f 1122 1109 1123
f 1108 1124 1112
f 1108 1122 1124
f 1124 768 769
f 1114 1124 769
f 1112 1124 1114
f 1114 769 770
f 1125 1114 770
f 1116 1114 1125
f 1116 1126 1118
f 1116 1125 1126
f 1126 771 757
f 1126 757 1118
f 773 1120 766
f 773 775 1120
f 775 1121 1120
f 775 1127 1121
f 1122 1123 1128
f 1128 1123 1129
f 1128 777 778
f 1124 1128 778
f 1122 1128 1124
f 1124 778 768
f 780 1125 770
f 1125 780 782
f 1130 1125 782
f 1126 1125 1130
f 1130 783 771
f 1130 771 1126
f 1131 1127 775
f 1131 775 785
f 785 787 1131
f 1131 787 1132
f 1135 1134 1133
f 1135 1133 1129
f 1129 1133 1128
f 1133 789 1128
f 789 790 1128
f 1128 790 777
f 793 1130 782
f 1130 793 783
f 798 1132 787
f 798 1136 1132
f 1133 1134 1137
f 1137 1134 1138
f 1137 800 789
f 1137 789 1133
f 806 1136 798
f 806 1139 1136
f 1137 1138 1140
f 1140 1138 1141
f 1140 808 800
f 1140 800 1137
f 812 1139 806
f 812 1142 1139
f 1140 1141 1143
f 1143 1141 1144
f 1143 814 808
f 1143 808 1140
f 817 1142 812
f 817 1145 1142
f 1148 1147 1146
f 1148 1146 1144
f 1146 1143 1144
f 1146 1149 1143
f 1149 819 814
f 1149 814 1143
f 821 1151 1150
f 1145 821 1150
f 817 821 1145
f 1151 1152 1150
f 1146 1147 1153
f 1153 1147 1154
f 1146 1155 1149
f 1146 1153 1155
f 1155 823 819
f 1155 819 1149
f 1158 1157 1156
f 1160 1159 1156
f 1160 1156 1157
f 1162 1161 1159
f 1162 1159 1160
f 1163 1161 1162
f 825 1164 1151
f 825 1151 821
f 1152 1151 1165
f 1151 1166 1165
f 1151 1164 1166
f 1166 1167 1165
f 1153 1154 1168
f 1168 1154 1169
f 1153 1170 1155
f 1153 1168 1170
f 1170 827 823
f 1170 823 1155
f 1158 1156 829
f 830 1158 829
f 1171 1158 830
f 829 1156 832
f 832 1156 1159
f 832 1159 833
f 1159 1172 833
f 1159 1161 1172
f 1161 1163 1173
f 1161 1173 1172
f 834 1164 825
f 1164 834 836
f 1164 836 1166
f 1175 1174 838
f 838 1174 836
f 1174 1167 836
f 1167 1166 836
f 1177 1176 1175
f 1175 1176 1174
f 1179 1178 1177
f 1177 1178 1176
f 1179 1180 1178
f 1169 1181 1168
f 1183 1182 1181
f 1182 1168 1181
f 1182 1170 1168
f 1182 840 827
f 1182 827 1170
f 843 1184 842
f 1184 1185 842
f 1185 830 842
f 1185 1171 830
f 1187 1186 1172
f 1186 833 1172
f 1186 846 833
f 1187 1172 1173
f 848 1175 838
f 1175 848 850
f 1175 850 1177
f 1177 850 852
f 1188 1177 852
f 1179 1177 1188
f 1180 1179 1189
f 1179 1190 1189
f 1179 1188 1190
f 1190 1191 1189
f 1182 1183 1192
f 1192 1183 1193
f 1192 854 840
f 1192 840 1182
f 855 1184 843
f 1194 1185 1184
f 855 1194 1184
f 856 1194 855
f 1195 856 857
f 1195 1194 856
f 857 846 1186
f 857 1186 1195
f 860 1188 852
f 1188 860 862
f 1188 862 1190
f 1197 1196 864
f 864 1196 862
f 1196 1191 862
f 1191 1190 862
f 1197 1198 1196
f 1192 1193 1199
f 1199 1193 1200
f 1199 866 854
f 1199 854 1192
f 870 1197 864
f 870 872 1197
f 872 1198 1197
f 872 1201 1198
f 1199 1200 1202
f 1202 1200 1203
f 1202 874 866
f 1202 866 1199
f 878 1205 1204
f 1201 878 1204
f 872 878 1201
f 1205 1206 1204
f 1202 1203 1207
f 1207 1203 1208
f 1209 879 874
f 1202 1209 874
f 1207 1209 1202
f 1209 881 879
f 886 1205 878
f 886 888 1205
f 888 1206 1205
f 888 1210 1206
f 1207 1208 1211
f 1211 1208 1212
f 1207 1213 1209
f 1207 1211 1213
f 1213 890 881
f 1213 881 1209
f 893 1214 894
f 1215 895 894
f 1215 894 1214
f 1216 896 895
f 1216 895 1215
f 1216 898 896
f 899 1210 888
f 899 1217 1210
f 1220 1219 1218
f 1220 1218 1212
f 1218 1211 1212
f 1218 1221 1211
f 1211 1222 1213
f 1211 1221 1222
f 1222 901 890
f 1222 890 1213
f 904 1223 905
f 1214 893 905
f 1223 1214 905
f 1224 1214 1223
f 1214 1225 1215
f 1214 1224 1225
f 1215 1226 1216
f 1215 1225 1226
f 1226 907 898
f 1226 898 1216
f 908 1217 899
f 908 1227 1217
f 1218 1219 1228
f 1228 1219 1229
f 1218 1230 1221
f 1218 1228 1230
f 1221 1231 1222
f 1221 1230 1231
f 1231 910 901
f 1231 901 1222
f 915 1232 916
f 1223 904 916
f 1232 1223 916
f 1233 1223 1232
f 1235 1224 1234
f 1224 1233 1234
f 1224 1223 1233
f 1224 1235 1225
f 1225 1235 1236
f 1225 1236 1226
f 1226 1236 1237
f 1237 1239 1238
f 1237 1238 917
f 1226 1237 917
f 907 1226 917
f 1238 918 917
f 919 1227 908
f 919 1240 1227
f 1228 1229 1241
f 1241 1229 1242
f 1228 1243 1230
f 1228 1241 1243
f 1230 1244 1231
f 1230 1243 1244
f 1244 921 910
f 1244 910 1231
f 924 1245 925
f 1245 1246 925
f 925 1246 915
f 1246 1247 915
f 1247 1232 915
f 1232 1247 1233
f 1233 1247 1248
f 1233 1248 1234
f 1239 1249 1238
f 918 1238 1249
f 1250 918 1249
f 926 918 1250
f 927 1240 919
f 927 1251 1240
f 1241 1242 1252
f 1252 1242 1253
f 1241 1254 1243
f 1241 1252 1254
f 1243 1255 1244
f 1243 1254 1255
f 1255 929 921
f 1255 921 1244
f 931 1245 924
f 1257 1256 933
f 933 1256 931
f 1256 1246 931
f 1246 1245 931
f 1259 1258 1257
f 1257 1258 1256
f 1259 1260 1258
f 1250 935 926
f 1261 935 1250
f 936 1251 927
f 936 1262 1251
f 1252 1253 1263
f 1263 1253 1264
f 1252 1265 1254
f 1252 1263 1265
f 1254 1266 1255
f 1254 1265 1266
f 1266 938 929
f 1266 929 1255
f 940 1257 933
f 1257 940 942
f 1267 1257 942
f 1259 1257 1267
f 1260 1259 1268
f 1259 1269 1268
f 1259 1267 1269
f 1271 1270 1269
f 1269 1270 1268
f 1273 1272 1271
f 1271 1272 1270
f 1273 1274 1272
f 1261 1275 935
f 935 1275 943
f 945 943 1275
f 945 1275 1276
f 947 1262 936
f 947 1277 1262
f 1264 1278 1263
f 1280 1279 1278
f 1279 1263 1278
f 1279 1265 1263
f 1265 1281 1266
f 1265 1279 1281
f 1281 949 938
f 1281 938 1266
f 953 1282 1267
f 953 1267 942
f 1267 1283 1269
f 1267 1282 1283
f 1269 1284 1271
f 1269 1283 1284
f 1271 1285 1273
f 1271 1284 1285
f 1274 1273 1286
f 1286 1273 1285
f 954 945 1287
f 945 1288 1287
f 945 1276 1288
f 954 1287 1289
f 1290 954 1289
f 955 954 1290
f 947 955 1277
f 1277 955 1290
f 1279 1280 1291
f 1291 1280 1292
f 1279 1293 1281
f 1279 1291 1293
f 1293 957 949
f 1293 949 1281
f 961 1294 1282
f 961 1282 953
f 1282 1295 1283
f 1282 1294 1295
f 1297 1284 1296
f 1284 1295 1296
f 1284 1283 1295
f 1284 1297 1285
f 1285 1297 1298
f 1285 1298 1286
f 1288 1299 1287
f 1287 1299 1289
f 1291 1292 1300
f 1300 1292 1301
f 1291 1302 1293
f 1291 1300 1302
f 1303 962 957
f 1293 1303 957
f 1302 1303 1293
f 1303 964 962
f 968 1304 1294
f 968 1294 961
f 1294 1305 1295
f 1294 1304 1305
f 1296 1295 1306
f 1306 1295 1305
f 1300 1301 1307
f 1307 1301 1308
f 1300 1309 1302
f 1300 1307 1309
f 1302 1310 1303
f 1302 1309 1310
f 1310 970 964
f 1310 964 1303
f 975 1311 1304
f 975 1304 968
f 1313 1305 1312
f 1305 1311 1312
f 1305 1304 1311
f 1305 1313 1306
f 1307 1308 1314
f 1314 1308 1315
f 1307 1316 1309
f 1307 1314 1316
f 1309 1317 1310
f 1309 1316 1317
f 1317 977 970
f 1317 970 1310
f 987 1318 1311
f 987 1311 975
f 1312 1311 1319
f 1319 1311 1318
f 1314 1315 1320
f 1320 1315 1321
f 1314 1322 1316
f 1314 1320 1322
f 1316 1323 1317
f 1316 1322 1323
f 1324 988 977
f 1317 1324 977
f 1323 1324 1317
f 1324 990 988
f 1000 1325 1001
f 1325 1326 1001
f 1001 1326 987
f 1326 1327 987
f 1327 1318 987
f 1318 1327 1319
f 1320 1321 1328
f 1328 1321 1329
f 1320 1330 1322
f 1320 1328 1330
f 1322 1331 1323
f 1322 1330 1331
f 1323 1332 1324
f 1323 1331 1332
f 1333 1002 990
f 1324 1333 990
f 1332 1333 1324
f 1333 1004 1002
f 1009 1334 1010
f 1335 1011 1010
f 1335 1010 1334
f 1336 1012 1011
f 1336 1011 1335
f 1337 1013 1012
f 1337 1012 1336
f 1337 1338 1013
f 1013 1338 1000
f 1338 1339 1000
f 1339 1325 1000
f 1325 1339 1326
f 1328 1329 1340
f 1340 1329 1341
f 1328 1342 1330
f 1328 1340 1342
f 1330 1343 1331
f 1330 1342 1343
f 1331 1344 1332
f 1331 1343 1344
f 1332 1345 1333
f 1332 1344 1345
f 1346 1014 1004
f 1333 1346 1004
f 1345 1346 1333
f 1347 1015 1014
f 1347 1014 1346
f 1348 1016 1015
f 1348 1015 1347
f 1349 1017 1016
f 1349 1016 1348
f 1350 1018 1017
f 1350 1017 1349
f 1334 1009 1018
f 1350 1334 1018
f 1351 1334 1350
f 1353 1335 1352
f 1335 1351 1352
f 1335 1334 1351
f 1335 1353 1336
f 1336 1353 1354
f 1336 1354 1337
f 1337 1354 1355
f 1337 1355 1338
f 1341 1356 1340
f 1358 1357 1356
f 1357 1340 1356
f 1357 1342 1340
f 1342 1359 1343
f 1342 1357 1359
f 1343 1360 1344
f 1343 1359 1360
f 1344 1361 1345
f 1344 1360 1361
f 1345 1362 1346
f 1345 1361 1362
f 1346 1363 1347
f 1346 1362 1363
f 1347 1364 1348
f 1347 1363 1364
f 1348 1365 1349
f 1348 1364 1365
f 1349 1366 1350
f 1349 1365 1366
f 1368 1351 1367
f 1351 1366 1367
f 1351 1350 1366
f 1351 1368 1352
f 1357 1358 1369
f 1369 1358 1370
f 1357 1371 1359
f 1357 1369 1371
f 1359 1372 1360
f 1359 1371 1372
f 1360 1373 1361
f 1360 1372 1373
f 1361 1374 1362
f 1361 1373 1374
f 1362 1375 1363
f 1362 1374 1375
f 1363 1376 1364
f 1363 1375 1376
f 1364 1377 1365
f 1364 1376 1377
f 1379 1366 1378
f 1366 1377 1378
f 1366 1365 1377
f 1366 1379 1367
f 1369 1370 1380
f 1380 1370 1381
f 1369 1382 1371
f 1369 1380 1382
f 1371 1383 1372
f 1371 1382 1383
f 1372 1384 1373
f 1372 1383 1384
f 1373 1385 1374
f 1373 1384 1385
f 1374 1386 1375
f 1374 1385 1386
f 1388 1376 1387
f 1376 1386 1387
f 1376 1375 1386
f 1376 1388 1377
f 1377 1388 1389
f 1377 1389 1378
f 1381 1390 1380
f 1392 1391 1390
f 1391 1380 1390
f 1391 1382 1380
f 1382 1393 1383
f 1382 1391 1393
f 1383 1394 1384
f 1383 1393 1394
f 1384 1395 1385
f 1384 1394 1395
f 1397 1386 1396
f 1386 1395 1396
f 1386 1385 1395
f 1386 1397 1387
f 1392 1398 1391
f 1391 1398 1393
f 1393 1398 1399
f 1393 1399 1394
f 1394 1399 1400
f 1394 1400 1395
f 1395 1400 1401
f 1395 1401 1396
f 1403 1402 1021
f 1021 1402 1020
f 1404 1021 1022
f 1404 1403 1021
f 1405 1022 1024
f 1405 1404 1022
f 1407 1406 1026
f 1406 1024 1026
f 1406 1405 1024
f 1407 1408 1406
f 1410 1409 1028
f 1028 1409 1027
f 1028 1020 1402
f 1028 1402 1410
f 1030 1411 1407
f 1030 1407 1026
f 1408 1407 1412
f 1407 1413 1412
f 1407 1411 1413
f 1413 1414 1412
f 1416 1415 1032
f 1032 1415 1031
f 1032 1027 1409
f 1032 1409 1416
f 1033 1411 1030
f 1413 1411 1417
f 1411 1035 1417
f 1035 1418 1417
f 1035 1411 1033
f 1413 1417 1414
f 1415 1037 1031
f 1419 1037 1415
f 1039 1418 1035
f 1039 1420 1418
f 1419 1421 1037
f 1037 1421 1040
f 1423 1422 1041
f 1040 1423 1041
f 1421 1423 1040
f 1424 1422 1423
f 1427 1426 1425
f 1042 1043 1425
f 1426 1042 1425
f 1428 1042 1426
f 1039 1042 1420
f 1420 1042 1428
f 1422 1044 1041
f 1424 1429 1422
f 1429 1044 1422
f 1429 1045 1044
f 1045 1430 1046
f 1429 1430 1045
f 1425 1047 1427
f 1047 1430 1427
f 1047 1046 1430
f 1047 1425 1043
f 1431 1048 1049
f 1050 1431 1049
f 1432 1051 1052
f 1433 1432 1052
f 1433 1052 1048
f 1434 1433 1048
f 1431 1434 1048
f 1436 1434 1435
f 1435 1434 1053
f 1434 1431 1053
f 1431 1050 1053
f 1054 1435 1053
f 1437 1056 1057
f 1438 1437 1057
f 1438 1057 1051
f 1439 1438 1051
f 1432 1439 1051
f 1439 1432 1433
f 1440 1436 1435
f 1435 1054 1440
f 1054 1441 1440
f 1054 1058 1441
f 1443 1442 1437
f 1442 1056 1437
f 1442 1059 1056
f 1443 1437 1438
f 1060 1441 1058
f 1060 1444 1441
f 1446 1445 1062
f 1062 1445 1061
f 1062 1059 1442
f 1062 1442 1446
f 1060 1063 1447
f 1448 1060 1447
f 1444 1060 1448
f 1065 1447 1063
f 1451 1450 1449
f 1445 1451 1449
f 1066 1445 1449
f 1061 1445 1066
f 1452 1448 1447
f 1447 1065 1452
f 1065 1453 1452
f 1065 1068 1453
f 1456 1455 1454
f 1456 1454 1450
f 1450 1454 1449
f 1454 1070 1449
f 1070 1071 1449
f 1449 1071 1066
f 1073 1457 1072
f 1457 1458 1072
f 1458 1068 1072
f 1458 1453 1068
f 1454 1455 1076
f 1455 1075 1076
f 1455 1459 1075
f 1454 1076 1070
f 1078 1460 1457
f 1078 1457 1073
f 1458 1457 1461
f 1461 1457 1460
f 1464 1463 1462
f 1459 1464 1462
f 1080 1459 1462
f 1075 1459 1080
f 1466 1465 1460
f 1078 1466 1460
f 1082 1466 1078
f 1460 1465 1461
f 1462 1463 1467
f 1467 1463 1468
f 1467 1084 1080
f 1467 1080 1462
f 1086 1466 1082
f 1086 1469 1466
f 1467 1468 1470
f 1470 1468 1471
f 1470 1088 1084
f 1470 1084 1467
f 1090 1472 1091
f 1472 1473 1091
f 1473 1086 1091
f 1473 1469 1086
f 1470 1471 1474
f 1474 1471 1475
f 1474 1093 1088
f 1474 1088 1470
f 1095 1476 1472
f 1095 1472 1090
f 1473 1472 1477
f 1477 1472 1476
f 1475 1478 1474
f 1093 1474 1478
f 1479 1093 1478
f 1097 1093 1479
f 1099 1480 1476
f 1099 1476 1095
f 1477 1476 1481
f 1481 1476 1480
f 1484 1483 1482
f 1486 1485 1482
f 1482 1485 1484
f 1488 1487 1486
f 1486 1487 1485
f 1490 1489 1488
f 1488 1489 1487
f 1490 1491 1100
f 1479 1490 1100
f 1097 1479 1100
f 1490 1479 1489
f 1491 1101 1100
f 1103 1480 1099
f 1492 1481 1480
f 1103 1492 1480
f 1105 1492 1103
f 1105 1107 1492
f 1492 1107 1493
f 1482 1483 1110
f 1483 1109 1110
f 1483 1494 1109
f 1482 1110 1111
f 1482 1111 1486
f 1486 1111 1113
f 1486 1113 1488
f 1488 1113 1115
f 1488 1115 1490
f 1490 1115 1117
f 1490 1117 1491
f 1491 1117 1101
f 1495 1493 1107
f 1495 1107 1119
f 1119 1121 1495
f 1495 1121 1496
f 1499 1498 1497
f 1494 1499 1497
f 1123 1494 1497
f 1109 1494 1123
f 1127 1501 1500
f 1496 1127 1500
f 1121 1127 1496
f 1501 1502 1500
f 1497 1498 1503
f 1503 1498 1504
f 1503 1129 1123
f 1503 1123 1497
f 1131 1501 1127
f 1131 1132 1501
f 1132 1502 1501
f 1132 1505 1502
f 1503 1504 1135
f 1504 1134 1135
f 1504 1506 1134
f 1503 1135 1129
f 1136 1505 1132
f 1136 1507 1505
f 1510 1509 1508
f 1506 1510 1508
f 1138 1506 1508
f 1134 1506 1138
f 1139 1512 1511
f 1507 1139 1511
f 1136 1139 1507
f 1512 1513 1511
f 1508 1509 1514
f 1514 1509 1515
f 1514 1141 1138
f 1514 1138 1508
f 1142 1516 1512
f 1142 1512 1139
f 1513 1512 1517
f 1517 1512 1516
f 1514 1515 1518
f 1518 1515 1519
f 1518 1144 1141
f 1518 1141 1514
f 1145 1520 1516
f 1145 1516 1142
f 1517 1516 1521
f 1521 1516 1520
f 1518 1519 1148
f 1519 1147 1148
f 1519 1522 1147
f 1518 1148 1144
f 1525 1524 1523
f 1527 1526 1523
f 1527 1523 1524
f 1529 1528 1526
f 1529 1526 1527
f 1145 1150 1520
f 1528 1529 1530
f 1532 1531 1152
f 1152 1531 1150
f 1531 1521 1150
f 1521 1520 1150
f 1532 1533 1531
f 1522 1154 1147
f 1534 1154 1522
f 1158 1535 1157
f 1523 1536 1525
f 1535 1160 1157
f 1160 1535 1537
f 1160 1537 1162
f 1538 1162 1537
f 1162 1538 1526
f 1536 1526 1538
f 1526 1536 1523
f 1162 1526 1163
f 1526 1539 1163
f 1526 1528 1539
f 1528 1530 1540
f 1528 1540 1539
f 1165 1532 1152
f 1542 1541 1167
f 1167 1541 1165
f 1541 1533 1165
f 1533 1532 1165
f 1544 1543 1542
f 1542 1543 1541
f 1546 1545 1544
f 1544 1545 1543
f 1546 1547 1545
f 1534 1169 1154
f 1548 1169 1534
f 1171 1549 1535
f 1171 1535 1158
f 1535 1550 1537
f 1535 1549 1550
f 1538 1537 1551
f 1551 1537 1550
f 1553 1552 1539
f 1552 1163 1539
f 1552 1173 1163
f 1553 1539 1540
f 1174 1542 1167
f 1542 1174 1176
f 1542 1176 1544
f 1544 1176 1178
f 1544 1178 1546
f 1555 1554 1180
f 1180 1554 1178
f 1554 1547 1178
f 1547 1546 1178
f 1555 1556 1554
f 1181 1169 1557
f 1169 1558 1557
f 1169 1548 1558
f 1557 1183 1181
f 1185 1559 1549
f 1185 1549 1171
f 1549 1560 1550
f 1549 1559 1560
f 1187 1561 1186
f 1561 1550 1186
f 1550 1560 1186
f 1550 1561 1551
f 1187 1173 1552
f 1187 1552 1561
f 1189 1555 1180
f 1563 1562 1191
f 1191 1562 1189
f 1562 1556 1189
f 1556 1555 1189
f 1563 1564 1562
f 1557 1558 1565
f 1565 1558 1566
f 1565 1193 1183
f 1565 1183 1557
f 1194 1559 1185
f 1559 1194 1195
f 1559 1195 1560
f 1560 1195 1186
f 1196 1563 1191
f 1196 1198 1563
f 1198 1564 1563
f 1198 1567 1564
f 1565 1566 1568
f 1568 1566 1569
f 1568 1200 1193
f 1568 1193 1565
f 1201 1567 1198
f 1201 1570 1567
f 1568 1569 1571
f 1571 1569 1572
f 1571 1203 1200
f 1571 1200 1568
f 1573 1570 1201
f 1573 1201 1204
f 1204 1206 1573
f 1573 1206 1574
f 1571 1572 1575
f 1575 1572 1576
f 1575 1208 1203
f 1575 1203 1571
f 1210 1574 1206
f 1210 1577 1574
f 1580 1579 1578
f 1580 1578 1576
f 1578 1575 1576
f 1578 1581 1575
f 1581 1212 1208
f 1581 1208 1575
f 1217 1577 1210
f 1217 1582 1577
f 1578 1579 1583
f 1583 1579 1584
f 1583 1219 1220
f 1581 1583 1220
f 1578 1583 1581
f 1581 1220 1212
f 1227 1582 1217
f 1227 1585 1582
f 1588 1587 1586
f 1588 1586 1584
f 1586 1583 1584
f 1586 1589 1583
f 1589 1229 1219
f 1589 1219 1583
f 1591 1590 1235
f 1591 1235 1234
f 1235 1592 1236
f 1590 1592 1235
f 1592 1594 1593
f 1237 1592 1593
f 1236 1592 1237
f 1593 1239 1237
f 1240 1596 1595
f 1585 1240 1595
f 1227 1240 1585
f 1596 1597 1595
f 1586 1587 1598
f 1598 1587 1599
f 1586 1600 1589
f 1586 1598 1600
f 1600 1242 1229
f 1600 1229 1589
f 1246 1601 1247
f 1602 1248 1247
f 1602 1247 1601
f 1602 1603 1248
f 1603 1234 1248
f 1603 1591 1234
f 1594 1604 1593
f 1604 1606 1605
f 1604 1605 1249
f 1593 1604 1249
f 1239 1593 1249
f 1605 1250 1249
f 1251 1607 1596
f 1251 1596 1240
f 1597 1596 1608
f 1608 1596 1607
f 1598 1599 1609
f 1609 1599 1610
f 1598 1611 1600
f 1598 1609 1611
f 1611 1253 1242
f 1611 1242 1600
f 1256 1601 1246
f 1601 1256 1258
f 1601 1258 1602
f 1613 1612 1260
f 1260 1612 1258
f 1612 1603 1258
f 1603 1602 1258
f 1615 1614 1613
f 1613 1614 1612
f 1617 1616 1615
f 1615 1616 1614
f 1619 1618 1617
f 1618 1605 1617
f 1606 1616 1617
f 1606 1617 1605
f 1250 1605 1618
f 1620 1250 1618
f 1261 1250 1620
f 1622 1621 1607
f 1251 1622 1607
f 1262 1622 1251
f 1607 1621 1608
f 1609 1610 1623
f 1623 1610 1624
f 1609 1625 1611
f 1609 1623 1625
f 1625 1264 1253
f 1625 1253 1611
f 1268 1613 1260
f 1613 1268 1270
f 1613 1270 1615
f 1615 1270 1272
f 1615 1272 1617
f 1272 1274 1617
f 1274 1619 1617
f 1274 1626 1619
f 1620 1627 1261
f 1261 1627 1275
f 1276 1275 1627
f 1276 1627 1628
f 1277 1622 1262
f 1277 1629 1622
f 1623 1624 1630
f 1630 1624 1631
f 1623 1632 1625
f 1623 1630 1632
f 1633 1278 1264
f 1625 1633 1264
f 1632 1633 1625
f 1633 1280 1278
f 1286 1635 1634
f 1626 1286 1634
f 1274 1286 1626
f 1635 1636 1634
f 1628 1288 1276
f 1637 1288 1628
f 1289 1638 1290
f 1638 1639 1290
f 1639 1277 1290
f 1639 1629 1277
f 1630 1631 1640
f 1640 1631 1641
f 1630 1642 1632
f 1630 1640 1642
f 1632 1643 1633
f 1632 1642 1643
f 1643 1292 1280
f 1643 1280 1633
f 1296 1644 1297
f 1645 1298 1297
f 1645 1297 1644
f 1635 1286 1298
f 1645 1635 1298
f 1646 1635 1645
f 1636 1635 1647
f 1647 1635 1646
f 1637 1648 1288
f 1288 1648 1299
f 1289 1299 1638
f 1299 1649 1638
f 1299 1648 1649
f 1638 1649 1639
f 1640 1641 1650
f 1650 1641 1651
f 1640 1652 1642
f 1640 1650 1652
f 1642 1653 1643
f 1642 1652 1653
f 1653 1301 1292
f 1653 1292 1643
f 1306 1654 1644
f 1306 1644 1296
f 1644 1655 1645
f 1644 1654 1655
f 1657 1646 1656
f 1646 1655 1656
f 1646 1645 1655
f 1646 1657 1647
f 1650 1651 1658
f 1658 1651 1659
f 1650 1660 1652
f 1650 1658 1660
f 1652 1661 1653
f 1652 1660 1661
f 1661 1308 1301
f 1661 1301 1653
f 1312 1662 1313
f 1654 1306 1313
f 1662 1654 1313
f 1663 1654 1662
f 1654 1664 1655
f 1654 1663 1664
f 1656 1655 1665
f 1665 1655 1664
f 1668 1667 1666
f 1670 1669 1666
f 1666 1669 1668
f 1670 1671 1669
f 1674 1673 1672
f 1674 1672 1659
f 1672 1658 1659
f 1672 1675 1658
f 1658 1676 1660
f 1658 1675 1676
f 1660 1677 1661
f 1660 1676 1677
f 1677 1315 1308
f 1677 1308 1661
f 1319 1678 1662
f 1319 1662 1312
f 1680 1663 1679
f 1663 1678 1679
f 1663 1662 1678
f 1663 1680 1664
f 1664 1680 1681
f 1664 1681 1665
f 1666 1667 1682
f 1682 1667 1683
f 1666 1684 1670
f 1666 1682 1684
f 1671 1670 1685
f 1685 1670 1684
f 1672 1673 1686
f 1686 1673 1687
f 1672 1688 1675
f 1672 1686 1688
f 1675 1689 1676
f 1675 1688 1689
f 1676 1690 1677
f 1676 1689 1690
f 1690 1321 1315
f 1690 1315 1677
f 1326 1691 1327
f 1691 1692 1327
f 1327 1692 1319
f 1692 1693 1319
f 1693 1678 1319
f 1678 1693 1679
f 1682 1683 1694
f 1694 1683 1695
f 1682 1696 1684
f 1682 1694 1696
f 1685 1684 1697
f 1697 1684 1696
f 1686 1687 1698
f 1698 1687 1699
f 1686 1700 1688
f 1686 1698 1700
f 1688 1701 1689
f 1688 1700 1701
f 1689 1702 1690
f 1689 1701 1702
f 1702 1329 1321
f 1702 1321 1690
f 1338 1703 1339
f 1703 1704 1339
f 1339 1704 1326
f 1704 1705 1326
f 1705 1691 1326
f 1691 1705 1692
f 1695 1706 1694
f 1694 1706 1696
f 1696 1706 1707
f 1696 1707 1697
f 1698 1699 1708
f 1708 1699 1709
f 1698 1710 1700
f 1698 1708 1710
f 1700 1711 1701
f 1700 1710 1711
f 1701 1712 1702
f 1701 1711 1712
f 1712 1341 1329
f 1712 1329 1702
f 1352 1713 1353
f 1714 1354 1353
f 1714 1353 1713
f 1715 1355 1354
f 1715 1354 1714
f 1715 1716 1355
f 1355 1716 1338
f 1716 1717 1338
f 1717 1703 1338
f 1703 1717 1704
f 1708 1709 1718
f 1718 1709 1719
f 1708 1720 1710
f 1708 1718 1720
f 1710 1721 1711
f 1710 1720 1721
f 1711 1722 1712
f 1711 1721 1722
f 1723 1356 1341
f 1712 1723 1341
f 1722 1723 1712
f 1723 1358 1356
f 1367 1724 1368
f 1713 1352 1368
f 1724 1713 1368
f 1725 1713 1724
f 1727 1714 1726
f 1714 1725 1726
f 1714 1713 1725
f 1714 1727 1715
f 1715 1727 1728
f 1715 1728 1716
f 1718 1719 1729
f 1729 1719 1730
f 1718 1731 1720
f 1718 1729 1731
f 1720 1732 1721
f 1720 1731 1732
f 1721 1733 1722
f 1721 1732 1733
f 1722 1734 1723
f 1722 1733 1734
f 1734 1370 1358
f 1734 1358 1723
f 1378 1735 1379
f 1724 1367 1379
f 1735 1724 1379
f 1736 1724 1735
f 1738 1725 1737
f 1725 1736 1737
f 1725 1724 1736
f 1725 1738 1726
f 1729 1730 1739
f 1739 1730 1740
f 1729 1741 1731
f 1729 1739 1741
f 1731 1742 1732
f 1731 1741 1742
f 1732 1743 1733
f 1732 1742 1743
f 1733 1744 1734
f 1733 1743 1744
f 1744 1381 1370
f 1744 1370 1734
f 1387 1745 1388
f 1746 1389 1388
f 1746 1388 1745
f 1735 1378 1389
f 1746 1735 1389
f 1747 1735 1746
f 1735 1748 1736
f 1735 1747 1748
f 1737 1736 1749
f 1749 1736 1748
f 1740 1750 1739
f 1752 1751 1750
f 1751 1739 1750
f 1751 1741 1739
f 1741 1753 1742
f 1741 1751 1753
f 1742 1754 1743
f 1742 1753 1754
f 1743 1755 1744
f 1743 1754 1755
f 1756 1390 1381
f 1744 1756 1381
f 1755 1756 1744
f 1756 1392 1390
f 1396 1757 1397
f 1745 1387 1397
f 1757 1745 1397
f 1758 1745 1757
f 1745 1759 1746
f 1745 1758 1759
f 1746 1760 1747
f 1746 1759 1760
f 1762 1748 1761
f 1748 1760 1761
f 1748 1747 1760
f 1748 1762 1749
f 1765 1764 1763
f 1767 1766 1763
f 1763 1766 1765
f 1769 1768 1767
f 1767 1768 1766
f 1769 1770 1768
f 1751 1752 1771
f 1771 1752 1772
f 1751 1773 1753
f 1751 1771 1773
f 1753 1774 1754
f 1753 1773 1774
f 1754 1775 1755
f 1754 1774 1775
f 1755 1776 1756
f 1755 1775 1776
f 1777 1398 1392
f 1756 1777 1392
f 1776 1777 1756
f 1778 1399 1398
f 1778 1398 1777
f 1779 1400 1399
f 1779 1399 1778
f 1780 1401 1400
f 1780 1400 1779
f 1757 1396 1401
f 1780 1757 1401
f 1781 1757 1780
f 1757 1782 1758
f 1757 1781 1782
f 1784 1759 1783
f 1759 1782 1783
f 1759 1758 1782
f 1759 1784 1760
f 1760 1784 1785
f 1760 1785 1761
f 1787 1786 1403
f 1403 1786 1402
f 1788 1403 1404
f 1788 1787 1403
f 1405 1763 1764
f 1788 1405 1764
f 1404 1405 1788
f 1763 1405 1406
f 1763 1406 1767
f 1767 1406 1408
f 1789 1767 1408
f 1769 1767 1789
f 1770 1769 1790
f 1769 1791 1790
f 1769 1789 1791
f 1791 1792 1790
f 1771 1772 1793
f 1793 1772 1794
f 1771 1795 1773
f 1771 1793 1795
f 1773 1796 1774
f 1773 1795 1796
f 1774 1797 1775
f 1774 1796 1797
f 1775 1798 1776
f 1775 1797 1798
f 1776 1799 1777
f 1776 1798 1799
f 1777 1800 1778
f 1777 1799 1800
f 1778 1801 1779
f 1778 1800 1801
f 1779 1802 1780
f 1779 1801 1802
f 1804 1781 1803
f 1781 1802 1803
f 1781 1780 1802
f 1781 1804 1782
f 1782 1804 1805
f 1782 1805 1783
f 1807 1806 1410
f 1410 1806 1409
f 1410 1402 1786
f 1410 1786 1807
f 1412 1789 1408
f 1791 1789 1808
f 1789 1414 1808
f 1414 1809 1808
f 1414 1789 1412
f 1791 1808 1792
f 1793 1794 1810
f 1810 1794 1811
f 1793 1812 1795
f 1793 1810 1812
f 1795 1813 1796
f 1795 1812 1813
f 1796 1814 1797
f 1796 1813 1814
f 1797 1815 1798
f 1797 1814 1815
f 1798 1816 1799
f 1798 1815 1816
f 1799 1817 1800
f 1799 1816 1817
f 1800 1818 1801
f 1800 1817 1818
f 1820 1802 1819
f 1802 1818 1819
f 1802 1801 1818
f 1802 1820 1803
f 1822 1821 1416
f 1416 1821 1415
f 1416 1409 1806
f 1416 1806 1822
f 1824 1823 1417
f 1824 1417 1418
f 1414 1417 1809
f 1809 1417 1823
f 1811 1825 1810
f 1827 1826 1825
f 1826 1810 1825
f 1826 1812 1810
f 1812 1828 1813
f 1812 1826 1828
f 1813 1829 1814
f 1813 1828 1829
f 1814 1830 1815
f 1814 1829 1830
f 1815 1831 1816
f 1815 1830 1831
f 1816 1832 1817
f 1816 1831 1832
f 1834 1818 1833
f 1818 1832 1833
f 1818 1817 1832
f 1818 1834 1819
f 1836 1419 1835
f 1419 1821 1835
f 1419 1415 1821
f 1837 1836 1835
f 1840 1839 1838
f 1839 1824 1838
f 1824 1420 1838
f 1824 1418 1420
f 1827 1841 1826
f 1826 1841 1828
f 1828 1841 1842
f 1844 1843 1842
f 1843 1828 1842
f 1843 1829 1828
f 1829 1845 1830
f 1829 1843 1845
f 1830 1846 1831
f 1830 1845 1846
f 1848 1832 1847
f 1832 1846 1847
f 1832 1831 1846
f 1832 1848 1833
f 1836 1421 1419
f 1837 1849 1836
f 1849 1421 1836
f 1849 1423 1421
f 1851 1850 1424
f 1423 1851 1424
f 1849 1851 1423
f 1853 1852 1850
f 1853 1850 1851
f 1426 1427 1852
f 1853 1426 1852
f 1854 1426 1853
f 1838 1428 1840
f 1428 1854 1840
f 1428 1426 1854
f 1428 1838 1420
f 1844 1855 1843
f 1843 1855 1845
f 1845 1855 1856
f 1845 1856 1846
f 1846 1856 1857
f 1846 1857 1847
f 1850 1429 1424
f 1429 1850 1430
f 1430 1850 1852
f 1430 1852 1427
f 1859 1858 1434
f 1434 1858 1433
f 1434 1436 1859
f 1859 1436 1860
f 1862 1861 1439
f 1439 1861 1438
f 1439 1433 1858
f 1439 1858 1862
f 1436 1440 1863
f 1864 1436 1863
f 1860 1436 1864
f 1441 1863 1440
f 1866 1865 1443
f 1443 1865 1442
f 1443 1438 1861
f 1443 1861 1866
f 1867 1864 1863
f 1863 1441 1867
f 1441 1868 1867
f 1441 1444 1868
f 1870 1869 1446
f 1446 1869 1445
f 1446 1442 1865
f 1446 1865 1870
f 1448 1868 1444
f 1448 1871 1868
f 1873 1872 1451
f 1451 1872 1450
f 1451 1445 1869
f 1451 1869 1873
f 1448 1452 1874
f 1875 1448 1874
f 1871 1448 1875
f 1453 1874 1452
f 1877 1876 1456
f 1456 1876 1455
f 1456 1450 1872
f 1456 1872 1877
f 1878 1875 1874
f 1874 1453 1878
f 1453 1879 1878
f 1453 1458 1879
f 1882 1881 1880
f 1876 1882 1880
f 1459 1876 1880
f 1455 1876 1459
f 1461 1879 1458
f 1461 1883 1879
f 1886 1885 1884
f 1886 1884 1881
f 1881 1884 1880
f 1884 1463 1880
f 1463 1464 1880
f 1880 1464 1459
f 1466 1887 1465
f 1887 1888 1465
f 1888 1461 1465
f 1888 1883 1461
f 1884 1885 1889
f 1889 1885 1890
f 1889 1468 1463
f 1889 1463 1884
f 1469 1891 1887
f 1469 1887 1466
f 1888 1887 1892
f 1892 1887 1891
f 1889 1890 1893
f 1893 1890 1894
f 1893 1471 1468
f 1893 1468 1889
f 1896 1895 1891
f 1469 1896 1891
f 1473 1896 1469
f 1891 1895 1892
f 1893 1894 1897
f 1897 1894 1898
f 1897 1475 1471
f 1897 1471 1893
f 1477 1896 1473
f 1477 1899 1896
f 1898 1900 1897
f 1900 1902 1901
f 1900 1901 1478
f 1897 1900 1478
f 1475 1897 1478
f 1901 1479 1478
f 1481 1899 1477
f 1481 1903 1899
f 1905 1904 1484
f 1484 1904 1483
f 1906 1484 1485
f 1906 1905 1484
f 1907 1485 1487
f 1907 1906 1485
f 1489 1901 1902
f 1907 1489 1902
f 1487 1489 1907
f 1901 1489 1479
f 1908 1903 1481
f 1908 1481 1492
f 1492 1493 1908
f 1908 1493 1909
f 1912 1911 1910
f 1904 1912 1910
f 1494 1904 1910
f 1483 1904 1494
f 1913 1909 1493
f 1913 1493 1495
f 1495 1496 1913
f 1913 1496 1914
f 1910 1911 1499
f 1911 1498 1499
f 1911 1915 1498
f 1910 1499 1494
f 1496 1500 1916
f 1917 1496 1916
f 1914 1496 1917
f 1502 1916 1500
f 1920 1919 1918
f 1915 1920 1918
f 1504 1915 1918
f 1498 1915 1504
f 1921 1917 1916
f 1916 1502 1921
f 1502 1922 1921
f 1502 1505 1922
f 1918 1919 1923
f 1923 1919 1924
f 1923 1506 1504
f 1923 1504 1918
f 1507 1922 1505
f 1507 1925 1922
f 1923 1924 1510
f 1924 1509 1510
f 1924 1926 1509
f 1923 1510 1506
f 1507 1511 1927
f 1928 1507 1927
f 1925 1507 1928
f 1513 1927 1511
f 1931 1930 1929
f 1926 1931 1929
f 1515 1926 1929
f 1509 1926 1515
f 1928 1927 1932
f 1928 1932 1933
f 1517 1932 1513
f 1513 1932 1927
f 1929 1930 1934
f 1934 1930 1935
f 1934 1519 1515
f 1934 1515 1929
f 1938 1937 1936
f 1940 1939 1936
f 1940 1936 1937
f 1939 1940 1933
f 1932 1939 1933
f 1941 1939 1932
f 1521 1941 1517
f 1517 1941 1932
f 1944 1943 1942
f 1946 1945 1942
f 1942 1945 1944
f 1948 1947 1946
f 1946 1947 1945
f 1948 1949 1947
f 1934 1935 1950
f 1950 1935 1951
f 1950 1522 1519
f 1950 1519 1934
f 1525 1952 1524
f 1936 1953 1938
f 1952 1527 1524
f 1527 1952 1954
f 1527 1954 1529
f 1955 1529 1954
f 1529 1955 1939
f 1953 1939 1955
f 1939 1953 1936
f 1529 1939 1530
f 1939 1956 1530
f 1939 1941 1956
f 1531 1957 1521
f 1957 1941 1521
f 1957 1956 1941
f 1957 1531 1533
f 1960 1959 1958
f 1960 1958 1943
f 1958 1942 1943
f 1958 1961 1942
f 1942 1962 1946
f 1942 1961 1962
f 1946 1963 1948
f 1946 1962 1963
f 1949 1948 1964
f 1964 1948 1963
f 1950 1951 1965
f 1965 1951 1966
f 1965 1534 1522
f 1965 1522 1950
f 1536 1952 1525
f 1952 1536 1538
f 1967 1952 1538
f 1954 1952 1967
f 1955 1954 1968
f 1968 1954 1967
f 1969 1540 1956
f 1956 1540 1530
f 1957 1971 1970
f 1969 1957 1970
f 1956 1957 1969
f 1971 1958 1959
f 1971 1541 1958
f 1971 1957 1533
f 1541 1971 1533
f 1958 1541 1543
f 1958 1543 1961
f 1961 1543 1545
f 1961 1545 1962
f 1962 1545 1547
f 1972 1962 1547
f 1963 1962 1972
f 1964 1963 1973
f 1973 1963 1972
f 1965 1966 1974
f 1974 1966 1975
f 1974 1548 1534
f 1974 1534 1965
f 1551 1976 1967
f 1551 1967 1538
f 1553 1977 1552
f 1977 1967 1552
f 1967 1976 1552
f 1967 1977 1968
f 1553 1540 1969
f 1978 1553 1969
f 1977 1553 1978
f 1978 1969 1970
f 1554 1972 1547
f 1980 1979 1556
f 1556 1979 1554
f 1979 1973 1554
f 1973 1972 1554
f 1980 1981 1979
f 1974 1975 1982
f 1982 1975 1983
f 1982 1558 1548
f 1982 1548 1974
f 1561 1976 1551
f 1976 1561 1552
f 1562 1980 1556
f 1562 1564 1980
f 1564 1981 1980
f 1564 1984 1981
f 1982 1983 1985
f 1985 1983 1986
f 1985 1566 1558
f 1985 1558 1982
f 1567 1984 1564
f 1567 1987 1984
f 1985 1986 1988
f 1988 1986 1989
f 1988 1569 1566
f 1988 1566 1985
f 1570 1991 1990
f 1987 1570 1990
f 1567 1570 1987
f 1991 1992 1990
f 1988 1989 1993
f 1993 1989 1994
f 1993 1572 1569
f 1993 1569 1988
f 1573 1991 1570
f 1573 1574 1991
f 1574 1992 1991
f 1574 1995 1992
f 1998 1997 1996
f 1998 1996 1994
f 1996 1993 1994
f 1996 1999 1993
f 1999 1576 1572
f 1999 1572 1993
f 1577 1995 1574
f 1577 2000 1995
f 1996 1997 2001
f 2001 1997 2002
f 2001 1579 1580
f 1999 2001 1580
f 1996 2001 1999
f 1999 1580 1576
f 1582 2000 1577
f 1582 2003 2000
f 2001 2002 2004
f 2004 2002 2005
f 2004 1584 1579
f 2004 1579 2001
f 1585 2007 2006
f 2003 1585 2006
f 1582 1585 2003
f 2007 2008 2006
f 2011 2010 2009
f 2011 2009 2005
f 2005 2009 2004
f 2009 1587 2004
f 1587 1588 2004
f 2004 1588 1584
f 1591 2012 1590
f 2013 1592 1590
f 2013 1590 2012
f 2013 1594 1592
f 1595 2007 1585
f 1595 1597 2007
f 1597 2008 2007
f 1597 2014 2008
f 2009 2010 2015
f 2015 2010 2016
f 2015 1599 1587
f 2015 1587 2009
f 1603 2017 2012
f 1603 2012 1591
f 2012 2018 2013
f 2012 2017 2018
f 2019 1604 1594
f 2013 2019 1594
f 2018 2019 2013
f 2019 1606 1604
f 1608 2014 1597
f 1608 2020 2014
f 2015 2016 2021
f 2021 2016 2022
f 2021 1610 1599
f 2021 1599 2015
f 1612 2017 1603
f 2017 1612 1614
f 2017 1614 2018
f 2018 1614 1616
f 2018 1616 2019
f 1616 1606 2019
f 2024 1619 2023
f 1619 2024 1618
f 1620 1618 2024
f 1620 2024 2025
f 2027 2026 1621
f 2027 1621 1622
f 1608 1621 2020
f 2020 1621 2026
f 2021 2022 2028
f 2028 2022 2029
f 2028 1624 1610
f 2028 1610 2021
f 1626 2023 1619
f 1626 2030 2023
f 1627 1620 2031
f 1620 2032 2031
f 1620 2025 2032
f 2031 1628 1627
f 1629 2027 1622
f 1629 2033 2027
f 2028 2029 2034
f 2034 2029 2035
f 2034 1631 1624
f 2034 1624 2028
f 2036 2030 1626
f 2036 1626 1634
f 2037 2031 1636
f 2031 2036 1636
f 2036 1634 1636
f 2031 2032 2036
f 2037 1637 1628
f 2037 1628 2031
f 1639 2033 1629
f 1639 2038 2033
f 2034 2035 2039
f 2039 2035 2040
f 2039 1641 1631
f 2039 1631 2034
f 1647 2041 2037
f 1647 2037 1636
f 2042 1648 1637
f 2037 2042 1637
f 2041 2042 2037
f 1648 2042 2043
f 2044 1648 2043
f 1649 1648 2044
f 1639 1649 2038
f 2038 1649 2044
f 2047 2046 2045
f 2047 2045 2040
f 2045 2039 2040
f 2045 2048 2039
f 2048 1651 1641
f 2048 1641 2039
f 1656 2049 1657
f 2041 1647 1657
f 2049 2041 1657
f 2050 2041 2049
f 2041 2051 2042
f 2041 2050 2051
f 2043 2042 2052
f 2042 2053 2052
f 2042 2051 2053
f 2053 2054 2052
f 2045 2046 2055
f 2055 2046 2056
f 2045 2057 2048
f 2045 2055 2057
f 2057 1659 1651
f 2057 1651 2048
f 1665 2058 2049
f 1665 2049 1656
f 2049 2059 2050
f 2049 2058 2059
f 2059 1667 1668
f 2051 2059 1668
f 2050 2059 2051
f 2051 1668 1669
f 2051 1669 2053
f 2061 2060 1671
f 1671 2060 1669
f 2060 2054 1669
f 2054 2053 1669
f 2061 2062 2060
f 2055 2056 2063
f 2063 2056 2064
f 2063 1673 1674
f 2057 2063 1674
f 2055 2063 2057
f 2057 1674 1659
f 1679 2065 1680
f 2066 1681 1680
f 2066 1680 2065
f 2058 1665 1681
f 2066 2058 1681
f 2067 2058 2066
f 2058 2068 2059
f 2058 2067 2068
f 2068 1683 1667
f 2068 1667 2059
f 1685 2069 2061
f 1685 2061 1671
f 2062 2061 2070
f 2070 2061 2069
f 2073 2072 2071
f 2073 2071 2064
f 2071 2063 2064
f 2071 2074 2063
f 2074 1687 1673
f 2074 1673 2063
f 1692 2075 1693
f 2065 1679 1693
f 2075 2065 1693
f 2076 2065 2075
f 2065 2077 2066
f 2065 2076 2077
f 2079 2067 2078
f 2067 2077 2078
f 2067 2066 2077
f 2081 2080 2079
f 2080 2067 2079
f 2080 2068 2067
f 2080 1695 1683
f 2080 1683 2068
f 1697 2082 2069
f 1697 2069 1685
f 2070 2069 2083
f 2083 2069 2082
f 2071 2072 2084
f 2084 2072 2085
f 2071 2086 2074
f 2071 2084 2086
f 2086 1699 1687
f 2086 1687 2074
f 1704 2087 1705
f 2075 1692 1705
f 2087 2075 1705
f 2088 2075 2087
f 2090 2076 2089
f 2076 2088 2089
f 2076 2075 2088
f 2076 2090 2077
f 2077 2090 2091
f 2077 2091 2078
f 2080 2081 2092
f 2092 2081 2093
f 2094 1706 1695
f 2080 2094 1695
f 2092 2094 2080
f 2095 1707 1706
f 2095 1706 2094
f 2082 1697 1707
f 2095 2082 1707
f 2096 2082 2095
f 2083 2082 2097
f 2082 2098 2097
f 2082 2096 2098
f 2098 2099 2097
f 2084 2085 2100
f 2100 2085 2101
f 2084 2102 2086
f 2084 2100 2102
f 2102 1709 1699
f 2102 1699 2086
f 1716 2103 1717
f 2103 2104 1717
f 1717 2104 1704
f 2104 2105 1704
f 2105 2087 1704
f 2087 2105 2088
f 2088 2105 2106
f 2088 2106 2089
f 2093 2107 2092
f 2092 2107 2094
f 2094 2107 2108
f 2110 2109 2108
f 2109 2094 2108
f 2109 2095 2094
f 2095 2111 2096
f 2095 2109 2111
f 2096 2112 2098
f 2096 2111 2112
f 2099 2098 2113
f 2113 2098 2112
f 2100 2101 2114
f 2114 2101 2115
f 2100 2116 2102
f 2100 2114 2116
f 2116 1719 1709
f 2116 1709 2102
f 1726 2117 1727
f 2118 1728 1727
f 2118 1727 2117
f 2118 2119 1728
f 1728 2119 1716
f 2119 2120 1716
f 2120 2103 1716
f 2103 2120 2104
f 2110 2121 2109
f 2123 2122 2121
f 2122 2109 2121
f 2122 2111 2109
f 2111 2124 2112
f 2111 2122 2124
f 2113 2112 2125
f 2125 2112 2124
f 2115 2126 2114
f 2128 2127 2126
f 2127 2114 2126
f 2127 2116 2114
f 2127 1730 1719
f 2127 1719 2116
f 1737 2129 1738
f 2117 1726 1738
f 2129 2117 1738
f 2130 2117 2129
f 2117 2131 2118
f 2117 2130 2131
f 2119 2118 2132
f 2132 2118 2131
f 2123 2133 2122
f 2135 2134 2133
f 2134 2122 2133
f 2134 2124 2122
f 2125 2124 2136
f 2136 2124 2134
f 2139 2138 2137
f 2137 2140 2139
f 2127 2128 2141
f 2141 2128 2142
f 2141 1740 1730
f 2141 1730 2127
f 1749 2143 2129
f 1749 2129 1737
f 2145 2130 2144
f 2130 2143 2144
f 2130 2129 2143
f 2130 2145 2131
f 2131 2145 2146
f 2131 2146 2132
f 2135 2147 2134
f 2134 2147 2136
f 2150 2149 2148
f 2150 2148 2138
f 2148 2137 2138
f 2148 2151 2137
f 2140 2137 2152
f 2137 2153 2152
f 2137 2151 2153
f 2155 2154 2153
f 2153 2154 2152
f 2157 2156 2155
f 2155 2156 2154
f 2157 2158 2156
f 2141 2142 2159
f 2159 2142 2160
f 2161 1750 1740
f 2141 2161 1740
f 2159 2161 2141
f 2161 1752 1750
f 1761 2162 1762
f 2143 1749 1762
f 2162 2143 1762
f 2163 2143 2162
f 2144 2143 2164
f 2164 2143 2163
f 2148 2149 1765
f 2149 1764 1765
f 2149 2165 1764
f 2148 1765 1766
f 2148 1766 2151
f 2151 1766 1768
f 2151 1768 2153
f 2153 1768 1770
f 2166 2153 1770
f 2155 2153 2166
f 2155 2167 2157
f 2155 2166 2167
f 2158 2157 2168
f 2157 2169 2168
f 2157 2167 2169
f 2169 2170 2168
f 2160 2171 2159
f 2173 2172 2171
f 2172 2159 2171
f 2172 2161 2159
f 2172 1772 1752
f 2172 1752 2161
f 1783 2174 1784
f 2175 1785 1784
f 2175 1784 2174
f 2162 1761 1785
f 2175 2162 1785
f 2176 2162 2175
f 2178 2163 2177
f 2163 2176 2177
f 2163 2162 2176
f 2163 2178 2164
f 2179 1786 1787
f 2179 1787 2180
f 1787 2181 2180
f 1787 1788 2181
f 1788 1764 2165
f 1788 2165 2181
f 1790 2166 1770
f 2166 1790 1792
f 2182 2166 1792
f 2167 2166 2182
f 2167 2183 2169
f 2167 2182 2183
f 2170 2169 2184
f 2184 2169 2183
f 2172 2173 2185
f 2185 2173 2186
f 2185 1794 1772
f 2185 1772 2172
f 1803 2187 1804
f 2188 1805 1804
f 2188 1804 2187
f 2174 1783 1805
f 2188 2174 1805
f 2189 2174 2188
f 2174 2190 2175
f 2174 2189 2190
f 2192 2176 2191
f 2176 2190 2191
f 2176 2175 2190
f 2176 2192 2177
f 2194 2193 1807
f 1807 2193 1806
f 1807 1786 2179
f 2195 1807 2179
f 2194 1807 2195
f 2195 2179 2180
f 1809 2196 1808
f 2196 2197 1808
f 1808 2197 1792
f 2197 2198 1792
f 2198 2182 1792
f 2182 2198 2183
f 2183 2198 2199
f 2183 2199 2184
f 2185 2186 2200
f 2200 2186 2201
f 2200 1811 1794
f 2200 1794 2185
f 1819 2202 1820
f 2187 1803 1820
f 2202 2187 1820
f 2203 2187 2202
f 2187 2204 2188
f 2187 2203 2204
f 2206 2189 2205
f 2189 2204 2205
f 2189 2188 2204
f 2189 2206 2190
f 2190 2206 2207
f 2190 2207 2191
f 2208 1821 1822
f 2209 2208 1822
f 1806 2209 1822
f 2193 2209 1806
f 2211 2210 1823
f 2211 1823 1824
f 1809 1823 2196
f 1823 2212 2196
f 1823 2210 2212
f 2196 2212 2197
f 2201 2213 2200
f 2213 2215 2214
f 2213 2214 1825
f 2200 2213 1825
f 1811 2200 1825
f 2214 1827 1825
f 1833 2216 1834
f 2202 1819 1834
f 2216 2202 1834
f 2217 2202 2216
f 2202 2218 2203
f 2202 2217 2218
f 2220 2204 2219
f 2204 2218 2219
f 2204 2203 2218
f 2204 2220 2205
f 2208 1835 1821
f 2222 2221 1837
f 2222 1837 1835
f 2209 2222 1835
f 2208 2209 1835
f 2224 2223 2221
f 2224 2221 2222
f 2225 2223 2224
f 2228 2227 2226
f 1839 1840 2226
f 2227 1839 2226
f 2229 1839 2227
f 1824 1839 2211
f 2211 1839 2229
f 2215 2230 2214
f 2230 2232 2231
f 2230 2231 1841
f 2214 2230 1841
f 1827 2214 1841
f 2233 1842 1841
f 2233 1841 2231
f 2233 1844 1842
f 1847 2234 1848
f 2216 1833 1848
f 2234 2216 1848
f 2235 2216 2234
f 2216 2236 2217
f 2216 2235 2236
f 2217 2237 2218
f 2217 2236 2237
f 2219 2218 2238
f 2238 2218 2237
f 2221 1849 1837
f 1849 2221 1851
f 1851 2221 2223
f 2225 2239 2223
f 2239 1851 2223
f 2239 1853 1851
f 2226 1854 2228
f 1854 2239 2228
f 1854 1853 2239
f 1854 2226 1840
f 2232 2240 2231
f 2242 2241 2240
f 2241 2231 2240
f 2241 2233 2231
f 2243 1855 1844
f 2233 2243 1844
f 2241 2243 2233
f 2244 1856 1855
f 2244 1855 2243
f 2245 1857 1856
f 2245 1856 2244
f 2234 1847 1857
f 2245 2234 1857
f 2246 2234 2245
f 2234 2247 2235
f 2234 2246 2247
f 2235 2248 2236
f 2235 2247 2248
f 2250 2237 2249
f 2237 2248 2249
f 2237 2236 2248
f 2237 2250 2238
f 2242 2251 2241
f 2241 2251 2243
f 2243 2251 2252
f 2243 2252 2244
f 2244 2252 2253
f 2244 2253 2245
f 2245 2253 2254
f 2245 2254 2246
f 2246 2254 2255
f 2246 2255 2247
f 2247 2255 2256
f 2247 2256 2248
f 2248 2256 2257
f 2248 2257 2249
f 2260 2259 2258
f 2262 2261 2258
f 2258 2261 2260
f 2262 2263 2261
f 2258 2259 2264
f 2264 2259 2265
f 2258 2266 2262
f 2258 2264 2266
f 2263 2262 2267
f 2262 2268 2267
f 2262 2266 2268
f 2268 2269 2267
f 2265 2270 2264
f 2272 2271 2270
f 2271 2264 2270
f 2271 2266 2264
f 2274 2268 2273
f 2268 2271 2273
f 2268 2266 2271
f 2268 2274 2269
f 2272 2275 2271
f 2271 2275 2273
f 2276 1858 1859
f 1860 2276 1859
f 2277 1861 1862
f 2278 2277 1862
f 2278 1862 1858
f 2279 2278 1858
f 2276 2279 1858
f 2276 1860 2279
f 1860 2280 2279
f 1860 1864 2280
f 2281 1865 1866
f 2282 2281 1866
f 2282 1866 1861
f 2283 2282 1861
f 2277 2283 1861
f 2283 2277 2278
f 1864 1867 2284
f 2285 1864 2284
f 2280 1864 2285
f 1868 2284 1867
f 2286 1869 1870
f 2287 2286 1870
f 2287 1870 1865
f 2288 2287 1865
f 2281 2288 1865
f 2288 2281 2282
f 2285 2284 2289
f 2285 2289 2290
f 1871 2289 1868
f 1868 2289 2284
f 2291 1872 1873
f 2292 2291 1873
f 2292 1873 1869
f 2293 2292 1869
f 2286 2293 1869
f 2293 2286 2287
f 2294 2290 2289
f 2289 1871 2294
f 1871 2295 2294
f 1871 1875 2295
f 2296 1876 1877
f 2297 2296 1877
f 2297 1877 1872
f 2298 2297 1872
f 2291 2298 1872
f 2298 2291 2292
f 1875 1878 2299
f 2300 1875 2299
f 2295 1875 2300
f 1879 2299 1878
f 2302 2301 1882
f 1882 2301 1881
f 1882 1876 2296
f 2303 1882 2296
f 2302 1882 2303
f 2303 2296 2297
f 2304 2300 2299
f 2299 1879 2304
f 1879 2305 2304
f 1879 1883 2305
f 2307 2306 1886
f 1886 2306 1885
f 1886 1881 2301
f 1886 2301 2307
f 1888 2305 1883
f 1888 2308 2305
f 2311 2310 2309
f 2306 2311 2309
f 1890 2306 2309
f 1885 2306 1890
f 1892 2308 1888
f 1892 2312 2308
f 2309 2310 2313
f 2313 2310 2314
f 2313 1894 1890
f 2313 1890 2309
f 1896 2315 1895
f 2315 2316 1895
f 2316 1892 1895
f 2316 2312 1892
f 2313 2314 2317
f 2317 2314 2318
f 2317 1898 1894
f 2317 1894 2313
f 1899 2319 2315
f 1899 2315 1896
f 2316 2315 2320
f 2320 2315 2319
f 2318 2321 2317
f 2321 2323 2322
f 2321 2322 1900
f 2317 2321 1900
f 1898 2317 1900
f 2322 1902 1900
f 1903 2324 2319
f 1903 2319 1899
f 2320 2319 2325
f 2325 2319 2324
f 2327 2326 1905
f 1905 2326 1904
f 2328 1905 1906
f 2328 2327 1905
f 1907 2322 2323
f 2328 1907 2323
f 1906 1907 2328
f 2322 1907 1902
f 1908 2324 1903
f 1908 1909 2324
f 1909 2325 2324
f 1909 2329 2325
f 2331 2330 1912
f 1912 2330 1911
f 1912 1904 2326
f 1912 2326 2331
f 1909 1913 2332
f 2333 1909 2332
f 2329 1909 2333
f 1914 2332 1913
f 2336 2335 2334
f 2330 2336 2334
f 1915 2330 2334
f 1911 2330 1915
f 2337 2333 2332
f 2332 1914 2337
f 1914 2338 2337
f 1914 1917 2338
f 2334 2335 1920
f 2335 1919 1920
f 2335 2339 1919
f 2334 1920 1915
f 2340 2338 1917
f 2340 1917 1921
f 1921 1922 2340
f 2340 1922 2341
f 2339 1924 1919
f 2342 1924 2339
f 1925 2341 1922
f 1925 2343 2341
f 2346 2345 2344
f 2342 2346 2344
f 1926 2342 2344
f 1924 2342 1926
f 1928 2343 1925
f 1928 2347 2343
f 2344 2345 1931
f 2345 1930 1931
f 2345 2348 1930
f 2344 1931 1926
f 2351 2350 2349
f 2353 2352 2349
f 2353 2349 2350
f 2353 2347 2352
f 2347 1933 2352
f 2347 1928 1933
f 2356 2355 2354
f 2358 2357 2354
f 2354 2357 2356
f 2360 2359 2358
f 2358 2359 2357
f 2360 2361 2359
f 2348 1935 1930
f 2362 1935 2348
f 1937 1938 2363
f 2349 2364 2351
f 1937 2363 1940
f 2365 1940 2363
f 1940 2365 2352
f 2364 2352 2365
f 2352 2364 2349
f 1940 2352 1933
f 2354 2355 1944
f 2355 1943 1944
f 2355 2366 1943
f 2354 1944 1945
f 2354 1945 2358
f 2358 1945 1947
f 2358 1947 2360
f 2368 2367 1949
f 1949 2367 1947
f 2367 2361 1947
f 2361 2360 1947
f 2368 2369 2367
f 2372 2371 2370
f 2362 2372 2370
f 1951 2362 2370
f 1935 2362 1951
f 1953 2363 1938
f 2374 2373 1955
f 1955 2373 1953
f 2373 2365 1953
f 2365 2363 1953
f 2374 2375 2373
f 2377 2376 1960
f 1960 2376 1959
f 1960 1943 2366
f 1960 2366 2377
f 1964 2378 2368
f 1964 2368 1949
f 2369 2368 2379
f 2379 2368 2378
f 2370 2371 2380
f 2380 2371 2381
f 2380 1966 1951
f 2380 1951 2370
f 1968 2382 2374
f 1968 2374 1955
f 2375 2374 2383
f 2374 2384 2383
f 2374 2382 2384
f 1970 1971 2384
f 1971 2383 2384
f 1971 2385 2383
f 1971 1959 2376
f 1971 2376 2385
f 1973 2386 2378
f 1973 2378 1964
f 2379 2378 2387
f 2387 2378 2386
f 2380 2381 2388
f 2388 2381 2389
f 2388 1975 1966
f 2388 1966 2380
f 1977 2382 1968
f 2382 1977 1978
f 2382 1978 2384
f 2384 1978 1970
f 1979 2386 1973
f 1979 1981 2386
f 1981 2387 2386
f 1981 2390 2387
f 2388 2389 2391
f 2391 2389 2392
f 2391 1983 1975
f 2391 1975 2388
f 1984 2390 1981
f 1984 2393 2390
f 2391 2392 2394
f 2394 2392 2395
f 2394 1986 1983
f 2394 1983 2391
f 1987 2393 1984
f 1987 2396 2393
f 2394 2395 2397
f 2397 2395 2398
f 2397 1989 1986
f 2397 1986 2394
f 2399 2396 1987
f 2399 1987 1990
f 1990 1992 2399
f 2399 1992 2400
f 2403 2402 2401
f 2403 2401 2398
f 2401 2397 2398
f 2401 2404 2397
f 2404 1994 1989
f 2404 1989 2397
f 1995 2400 1992
f 1995 2405 2400
f 2401 2402 2406
f 2406 2402 2407
f 2406 1997 1998
f 2404 2406 1998
f 2401 2406 2404
f 2404 1998 1994
f 2000 2405 1995
f 2000 2408 2405
f 2406 2407 2409
f 2409 2407 2410
f 2409 2002 1997
f 2409 1997 2406
f 2003 2412 2411
f 2408 2003 2411
f 2000 2003 2408
f 2412 2413 2411
f 2416 2415 2414
f 2416 2414 2410
f 2414 2409 2410
f 2414 2417 2409
f 2417 2005 2002
f 2417 2002 2409
f 2006 2412 2003
f 2006 2008 2412
f 2008 2413 2412
f 2008 2418 2413
f 2414 2415 2419
f 2419 2415 2420
f 2419 2010 2011
f 2417 2419 2011
f 2414 2419 2417
f 2417 2011 2005
f 2014 2418 2008
f 2014 2421 2418
f 2419 2420 2422
f 2422 2420 2423
f 2422 2016 2010
f 2422 2010 2419
f 2426 2425 2424
f 2425 2421 2424
f 2421 2020 2424
f 2421 2014 2020
f 2422 2423 2427
f 2427 2423 2428
f 2427 2022 2016
f 2427 2016 2422
f 2023 2429 2024
f 2429 2025 2024
f 2426 2424 2026
f 2027 2426 2026
f 2430 2426 2027
f 2026 2424 2020
f 2427 2428 2431
f 2431 2428 2432
f 2431 2029 2022
f 2431 2022 2427
f 2030 2433 2429
f 2030 2429 2023
f 2433 2032 2025
f 2433 2025 2429
f 2033 2430 2027
f 2033 2434 2430
f 2431 2432 2435
f 2435 2432 2436
f 2435 2035 2029
f 2435 2029 2431
f 2036 2433 2030
f 2433 2036 2032
f 2038 2434 2033
f 2038 2437 2434
f 2435 2436 2438
f 2438 2436 2439
f 2438 2040 2035
f 2438 2035 2435
f 2043 2440 2044
f 2440 2441 2044
f 2441 2038 2044
f 2441 2437 2038
f 2444 2443 2442
f 2444 2442 2439
f 2439 2442 2438
f 2442 2046 2438
f 2046 2047 2438
f 2438 2047 2040
f 2052 2440 2043
f 2446 2445 2054
f 2054 2445 2052
f 2445 2441 2052
f 2441 2440 2052
f 2446 2447 2445
f 2442 2443 2448
f 2448 2443 2449
f 2448 2056 2046
f 2448 2046 2442
f 2060 2446 2054
f 2451 2450 2062
f 2062 2450 2060
f 2450 2447 2060
f 2447 2446 2060
f 2451 2452 2450
f 2448 2449 2453
f 2453 2449 2454
f 2453 2064 2056
f 2453 2056 2448
f 2070 2455 2451
f 2070 2451 2062
f 2452 2451 2456
f 2456 2451 2455
f 2453 2454 2073
f 2454 2072 2073
f 2454 2457 2072
f 2453 2073 2064
f 2078 2458 2079
f 2458 2081 2079
f 2083 2459 2455
f 2083 2455 2070
f 2456 2455 2460
f 2455 2461 2460
f 2455 2459 2461
f 2461 2462 2460
f 2457 2085 2072
f 2463 2085 2457
f 2089 2464 2090
f 2465 2091 2090
f 2465 2090 2464
f 2458 2078 2091
f 2465 2458 2091
f 2466 2458 2465
f 2466 2093 2081
f 2466 2081 2458
f 2097 2459 2083
f 2459 2097 2099
f 2467 2459 2099
f 2461 2459 2467
f 2462 2461 2468
f 2468 2461 2467
f 2463 2101 2085
f 2469 2101 2463
f 2104 2470 2105
f 2105 2470 2471
f 2472 2105 2471
f 2106 2105 2472
f 2089 2106 2464
f 2106 2473 2464
f 2106 2472 2473
f 2475 2474 2473
f 2474 2464 2473
f 2474 2465 2464
f 2465 2476 2466
f 2465 2474 2476
f 2477 2107 2093
f 2466 2477 2093
f 2476 2477 2466
f 2478 2108 2107
f 2478 2107 2477
f 2478 2110 2108
f 2113 2479 2467
f 2113 2467 2099
f 2468 2467 2480
f 2467 2481 2480
f 2467 2479 2481
f 2481 2482 2480
f 2469 2115 2101
f 2483 2115 2469
f 2119 2484 2120
f 2484 2485 2120
f 2120 2485 2104
f 2485 2486 2104
f 2486 2470 2104
f 2470 2486 2471
f 2475 2487 2474
f 2489 2488 2487
f 2488 2474 2487
f 2488 2476 2474
f 2476 2490 2477
f 2476 2488 2490
f 2477 2491 2478
f 2477 2490 2491
f 2492 2121 2110
f 2478 2492 2110
f 2491 2492 2478
f 2492 2123 2121
f 2125 2493 2479
f 2125 2479 2113
f 2479 2494 2481
f 2479 2493 2494
f 2482 2481 2495
f 2495 2481 2494
f 2498 2497 2496
f 2496 2499 2498
f 2126 2115 2500
f 2115 2501 2500
f 2115 2483 2501
f 2500 2128 2126
f 2503 2502 2484
f 2119 2503 2484
f 2132 2503 2119
f 2484 2502 2485
f 2488 2489 2504
f 2504 2489 2505
f 2488 2506 2490
f 2488 2504 2506
f 2508 2491 2507
f 2491 2506 2507
f 2491 2490 2506
f 2510 2509 2508
f 2509 2491 2508
f 2509 2492 2491
f 2511 2133 2123
f 2492 2511 2123
f 2509 2511 2492
f 2511 2135 2133
f 2136 2512 2493
f 2136 2493 2125
f 2493 2513 2494
f 2493 2512 2513
f 2139 2514 2138
f 2514 2494 2138
f 2494 2513 2138
f 2494 2514 2495
f 2515 2496 2140
f 2496 2514 2140
f 2514 2139 2140
f 2496 2497 2514
f 2499 2496 2516
f 2496 2517 2516
f 2496 2515 2517
f 2519 2518 2517
f 2517 2518 2516
f 2521 2520 2519
f 2519 2520 2518
f 2521 2522 2520
f 2500 2501 2523
f 2523 2501 2524
f 2523 2142 2128
f 2523 2128 2500
f 2144 2525 2145
f 2526 2146 2145
f 2526 2145 2525
f 2526 2527 2146
f 2527 2132 2146
f 2527 2503 2132
f 2505 2528 2504
f 2504 2528 2506
f 2506 2528 2529
f 2506 2529 2507
f 2510 2530 2509
f 2532 2531 2530
f 2531 2509 2530
f 2531 2511 2509
f 2533 2147 2135
f 2511 2533 2135
f 2531 2533 2511
f 2512 2136 2147
f 2533 2512 2147
f 2534 2512 2533
f 2534 2149 2150
f 2513 2534 2150
f 2512 2534 2513
f 2513 2150 2138
f 2152 2515 2140
f 2515 2152 2154
f 2515 2154 2517
f 2517 2154 2156
f 2517 2156 2519
f 2519 2156 2158
f 2535 2519 2158
f 2521 2519 2535
f 2522 2521 2536
f 2521 2537 2536
f 2521 2535 2537
f 2537 2538 2536
f 2523 2524 2539
f 2539 2524 2540
f 2539 2160 2142
f 2539 2142 2523
f 2164 2541 2525
f 2164 2525 2144
f 2543 2526 2542
f 2526 2541 2542
f 2526 2525 2541
f 2526 2543 2527
f 2532 2544 2531
f 2531 2544 2533
f 2533 2544 2545
f 2533 2545 2534
f 2534 2545 2546
f 2149 2534 2546
f 2547 2149 2546
f 2165 2149 2547
f 2168 2535 2158
f 2535 2168 2170
f 2548 2535 2170
f 2537 2535 2548
f 2538 2537 2549
f 2549 2537 2548
f 2540 2550 2539
f 2550 2552 2551
f 2550 2551 2171
f 2539 2550 2171
f 2160 2539 2171
f 2551 2173 2171
f 2177 2553 2178
f 2553 2554 2178
f 2178 2554 2164
f 2554 2555 2164
f 2555 2541 2164
f 2541 2555 2542
f 2557 2556 2181
f 2181 2556 2180
f 2181 2165 2547
f 2181 2547 2557
f 2184 2558 2548
f 2184 2548 2170
f 2549 2548 2559
f 2559 2548 2558
f 2551 2552 2560
f 2560 2552 2561
f 2560 2186 2173
f 2560 2173 2551
f 2191 2562 2192
f 2553 2177 2192
f 2562 2553 2192
f 2563 2553 2562
f 2554 2553 2564
f 2564 2553 2563
f 2565 2193 2194
f 2565 2194 2566
f 2194 2567 2566
f 2194 2195 2567
f 2195 2180 2556
f 2195 2556 2567
f 2570 2569 2568
f 2198 2197 2568
f 2569 2198 2568
f 2571 2198 2569
f 2198 2572 2199
f 2571 2572 2198
f 2184 2199 2558
f 2199 2573 2558
f 2199 2572 2573
f 2558 2573 2559
f 2560 2561 2574
f 2574 2561 2575
f 2574 2201 2186
f 2574 2186 2560
f 2205 2576 2206
f 2577 2207 2206
f 2577 2206 2576
f 2562 2191 2207
f 2577 2562 2207
f 2578 2562 2577
f 2580 2563 2579
f 2563 2578 2579
f 2563 2562 2578
f 2563 2580 2564
f 2581 2209 2565
f 2565 2209 2193
f 2565 2566 2582
f 2565 2582 2581
f 2584 2583 2210
f 2584 2210 2211
f 2568 2212 2570
f 2212 2583 2570
f 2212 2210 2583
f 2212 2568 2197
f 2575 2585 2574
f 2585 2587 2586
f 2585 2586 2213
f 2574 2585 2213
f 2201 2574 2213
f 2586 2215 2213
f 2219 2588 2220
f 2576 2205 2220
f 2588 2576 2220
f 2589 2576 2588
f 2591 2577 2590
f 2577 2589 2590
f 2577 2576 2589
f 2577 2591 2578
f 2578 2591 2592
f 2578 2592 2579
f 2581 2222 2209
f 2582 2593 2581
f 2593 2222 2581
f 2593 2224 2222
f 2595 2594 2225
f 2224 2595 2225
f 2593 2595 2224
f 2227 2228 2594
f 2595 2227 2594
f 2596 2227 2595
f 2227 2597 2229
f 2596 2597 2227
f 2211 2229 2584
f 2584 2229 2597
f 2586 2587 2598
f 2598 2587 2599
f 2600 2230 2215
f 2586 2600 2215
f 2598 2600 2586
f 2600 2232 2230
f 2238 2601 2588
f 2238 2588 2219
f 2603 2589 2602
f 2589 2601 2602
f 2589 2588 2601
f 2589 2603 2590
f 2594 2239 2225
f 2239 2594 2228
f 2599 2604 2598
f 2606 2605 2604
f 2605 2598 2604
f 2605 2600 2598
f 2607 2240 2232
f 2600 2607 2232
f 2605 2607 2600
f 2607 2242 2240
f 2249 2608 2250
f 2601 2238 2250
f 2608 2601 2250
f 2609 2601 2608
f 2602 2601 2610
f 2610 2601 2609
f 2605 2606 2611
f 2611 2606 2612
f 2605 2613 2607
f 2605 2611 2613
f 2614 2251 2242
f 2607 2614 2242
f 2613 2614 2607
f 2615 2252 2251
f 2615 2251 2614
f 2616 2253 2252
f 2616 2252 2615
f 2617 2254 2253
f 2617 2253 2616
f 2618 2255 2254
f 2618 2254 2617
f 2619 2256 2255
f 2619 2255 2618
f 2620 2257 2256
f 2620 2256 2619
f 2608 2249 2257
f 2620 2608 2257
f 2621 2608 2620
f 2608 2622 2609
f 2608 2621 2622
f 2610 2609 2623
f 2623 2609 2622
f 2626 2625 2624
f 2626 2624 2612
f 2624 2611 2612
f 2624 2627 2611
f 2627 2259 2260
f 2613 2627 2260
f 2611 2627 2613
f 2613 2260 2261
f 2613 2261 2614
f 2614 2261 2263
f 2628 2614 2263
f 2615 2614 2628
f 2615 2629 2616
f 2615 2628 2629
f 2616 2630 2617
f 2616 2629 2630
f 2617 2631 2618
f 2617 2630 2631
f 2618 2632 2619
f 2618 2631 2632
f 2619 2633 2620
f 2619 2632 2633
f 2620 2634 2621
f 2620 2633 2634
f 2636 2622 2635
f 2622 2634 2635
f 2622 2621 2634
f 2622 2636 2623
f 2625 2637 2624
f 2639 2638 2637
f 2638 2624 2637
f 2638 2627 2624
f 2638 2265 2259
f 2638 2259 2627
f 2267 2628 2263
f 2628 2267 2269
f 2640 2628 2269
f 2629 2628 2640
f 2629 2641 2630
f 2629 2640 2641
f 2630 2642 2631
f 2630 2641 2642
f 2631 2643 2632
f 2631 2642 2643
f 2632 2644 2633
f 2632 2643 2644
f 2633 2645 2634
f 2633 2644 2645
f 2635 2634 2646
f 2646 2634 2645
f 2638 2639 2647
f 2647 2639 2648
f 2649 2270 2265
f 2638 2649 2265
f 2647 2649 2638
f 2649 2272 2270
f 2273 2650 2274
f 2640 2269 2274
f 2650 2640 2274
f 2651 2640 2650
f 2640 2652 2641
f 2640 2651 2652
f 2641 2653 2642
f 2641 2652 2653
f 2642 2654 2643
f 2642 2653 2654
f 2643 2655 2644
f 2643 2654 2655
f 2657 2645 2656
f 2645 2655 2656
f 2645 2644 2655
f 2645 2657 2646
f 2648 2658 2647
f 2660 2659 2658
f 2659 2647 2658
f 2659 2649 2647
f 2661 2275 2272
f 2649 2661 2272
f 2659 2661 2649
f 2650 2273 2275
f 2661 2650 2275
f 2662 2650 2661
f 2650 2663 2651
f 2650 2662 2663
f 2651 2664 2652
f 2651 2663 2664
f 2666 2653 2665
f 2653 2664 2665
f 2653 2652 2664
f 2653 2666 2654
f 2654 2666 2667
f 2654 2667 2655
f 2655 2667 2668
f 2655 2668 2656
f 2660 2669 2659
f 2659 2669 2661
f 2661 2669 2670
f 2661 2670 2662
f 2662 2670 2671
f 2662 2671 2663
f 2663 2671 2672
f 2663 2672 2664
f 2664 2672 2673
f 2664 2673 2665
f 2674 2278 2279
f 2280 2674 2279
f 2676 2675 2283
f 2283 2675 2282
f 2283 2278 2674
f 2677 2283 2674
f 2676 2283 2677
f 2674 2280 2677
f 2280 2678 2677
f 2280 2285 2678
f 2680 2679 2288
f 2288 2679 2287
f 2288 2282 2675
f 2288 2675 2680
f 2290 2678 2285
f 2290 2681 2678
f 2682 2292 2293
f 2683 2682 2293
f 2287 2683 2293
f 2679 2683 2287
f 2290 2294 2684
f 2685 2290 2684
f 2681 2290 2685
f 2295 2684 2294
f 2687 2686 2298
f 2298 2686 2297
f 2298 2292 2682
f 2688 2298 2682
f 2687 2298 2688
f 2688 2682 2683
f 2689 2685 2684
f 2684 2295 2689
f 2295 2690 2689
f 2295 2300 2690
f 2692 2691 2302
f 2302 2691 2301
f 2693 2302 2303
f 2693 2692 2302
f 2303 2297 2686
f 2303 2686 2693
f 2694 2690 2300
f 2694 2300 2304
f 2304 2305 2694
f 2694 2305 2695
f 2697 2696 2307
f 2307 2696 2306
f 2307 2301 2691
f 2307 2691 2697
f 2308 2695 2305
f 2308 2698 2695
f 2700 2699 2311
f 2311 2699 2310
f 2311 2306 2696
f 2311 2696 2700
f 2312 2698 2308
f 2312 2701 2698
f 2704 2703 2702
f 2699 2704 2702
f 2314 2699 2702
f 2310 2699 2314
f 2316 2701 2312
f 2316 2705 2701
f 2702 2703 2706
f 2706 2703 2707
f 2706 2318 2314
f 2706 2314 2702
f 2320 2705 2316
f 2320 2708 2705
f 2707 2709 2706
f 2709 2711 2710
f 2709 2710 2321
f 2706 2709 2321
f 2318 2706 2321
f 2710 2323 2321
f 2325 2708 2320
f 2325 2712 2708
f 2714 2713 2327
f 2327 2713 2326
f 2328 2710 2711
f 2714 2328 2711
f 2327 2328 2714
f 2710 2328 2323
f 2329 2712 2325
f 2329 2715 2712
f 2717 2716 2331
f 2331 2716 2330
f 2331 2326 2713
f 2331 2713 2717
f 2333 2715 2329
f 2333 2718 2715
f 2720 2719 2336
f 2336 2719 2335
f 2336 2330 2716
f 2336 2716 2720
f 2721 2718 2333
f 2721 2333 2337
f 2337 2338 2721
f 2721 2338 2722
f 2725 2724 2723
f 2719 2725 2723
f 2339 2719 2723
f 2335 2719 2339
f 2726 2722 2338
f 2726 2338 2340
f 2340 2341 2726
f 2726 2341 2727
f 2723 2724 2728
f 2728 2724 2729
f 2728 2342 2339
f 2728 2339 2723
f 2343 2727 2341
f 2343 2730 2727
f 2728 2729 2346
f 2729 2345 2346
f 2729 2731 2345
f 2728 2346 2342
f 2347 2730 2343
f 2347 2732 2730
f 2735 2734 2733
f 2737 2736 2733
f 2733 2736 2735
f 2737 2738 2736
f 2741 2740 2739
f 2731 2741 2739
f 2348 2731 2739
f 2345 2731 2348
f 2351 2742 2350
f 2350 2742 2743
f 2744 2350 2743
f 2353 2350 2744
f 2347 2353 2732
f 2732 2353 2744
f 2747 2746 2745
f 2355 2356 2745
f 2356 2747 2745
f 2356 2748 2747
f 2357 2733 2734
f 2748 2357 2734
f 2356 2357 2748
f 2733 2357 2359
f 2733 2359 2737
f 2359 2361 2737
f 2361 2738 2737
f 2361 2749 2738
f 2739 2740 2750
f 2750 2740 2751
f 2750 2362 2348
f 2750 2348 2739
f 2364 2742 2351
f 2753 2752 2365
f 2365 2752 2364
f 2752 2743 2364
f 2743 2742 2364
f 2753 2754 2752
f 2745 2746 2755
f 2755 2746 2756
f 2755 2366 2355
f 2755 2355 2745
f 2757 2749 2361
f 2757 2361 2367
f 2367 2369 2757
f 2757 2369 2758
f 2761 2760 2759
f 2761 2759 2751
f 2751 2759 2750
f 2759 2371 2750
f 2371 2372 2750
f 2750 2372 2362
f 2373 2753 2365
f 2763 2762 2375
f 2375 2762 2373
f 2762 2754 2373
f 2754 2753 2373
f 2763 2764 2762
f 2755 2756 2377
f 2756 2376 2377
f 2756 2765 2376
f 2755 2377 2366
f 2379 2758 2369
f 2379 2766 2758
f 2759 2760 2767
f 2767 2760 2768
f 2767 2381 2371
f 2767 2371 2759
f 2383 2763 2375
f 2769 2764 2763
f 2383 2769 2763
f 2385 2769 2383
f 2385 2376 2765
f 2385 2765 2769
f 2387 2766 2379
f 2387 2770 2766
f 2767 2768 2771
f 2771 2768 2772
f 2771 2389 2381
f 2771 2381 2767
f 2390 2770 2387
f 2390 2773 2770
f 2776 2775 2774
f 2776 2774 2772
f 2774 2771 2772
f 2774 2777 2771
f 2777 2392 2389
f 2777 2389 2771
f 2393 2773 2390
f 2393 2778 2773
f 2774 2775 2779
f 2779 2775 2780
f 2774 2781 2777
f 2774 2779 2781
f 2781 2395 2392
f 2781 2392 2777
f 2396 2778 2393
f 2396 2782 2778
f 2779 2780 2783
f 2783 2780 2784
f 2779 2785 2781
f 2779 2783 2785
f 2785 2398 2395
f 2785 2395 2781
f 2786 2782 2396
f 2786 2396 2399
f 2399 2400 2786
f 2786 2400 2787
f 2783 2784 2788
f 2788 2784 2789
f 2788 2402 2403
f 2785 2788 2403
f 2783 2788 2785
f 2785 2403 2398
f 2405 2787 2400
f 2405 2790 2787
f 2788 2789 2791
f 2791 2789 2792
f 2791 2407 2402
f 2791 2402 2788
f 2408 2790 2405
f 2408 2793 2790
f 2796 2795 2794
f 2796 2794 2792
f 2794 2791 2792
f 2794 2797 2791
f 2797 2410 2407
f 2797 2407 2791
f 2798 2793 2408
f 2798 2408 2411
f 2411 2413 2798
f 2798 2413 2799
f 2794 2795 2800
f 2800 2795 2801
f 2800 2415 2416
f 2797 2800 2416
f 2794 2800 2797
f 2797 2416 2410
f 2804 2803 2802
f 2803 2799 2802
f 2799 2418 2802
f 2799 2413 2418
f 2800 2801 2805
f 2805 2801 2806
f 2805 2420 2415
f 2805 2415 2800
f 2804 2802 2807
f 2804 2807 2808
f 2421 2807 2418
f 2418 2807 2802
f 2805 2806 2809
f 2809 2806 2810
f 2809 2423 2420
f 2809 2420 2805
f 2808 2807 2425
f 2426 2808 2425
f 2811 2808 2426
f 2425 2807 2421
f 2809 2810 2812
f 2812 2810 2813
f 2812 2428 2423
f 2812 2423 2809
f 2430 2811 2426
f 2430 2814 2811
f 2812 2813 2815
f 2815 2813 2816
f 2815 2432 2428
f 2815 2428 2812
f 2434 2814 2430
f 2434 2817 2814
f 2815 2816 2818
f 2818 2816 2819
f 2818 2436 2432
f 2818 2432 2815
f 2437 2821 2820
f 2817 2437 2820
f 2434 2437 2817
f 2821 2822 2820
f 2818 2819 2823
f 2823 2819 2824
f 2823 2439 2436
f 2823 2436 2818
f 2441 2825 2821
f 2441 2821 2437
f 2822 2821 2826
f 2821 2827 2826
f 2821 2825 2827
f 2827 2828 2826
f 2823 2824 2444
f 2824 2443 2444
f 2824 2829 2443
f 2823 2444 2439
f 2445 2825 2441
f 2825 2445 2447
f 2830 2825 2447
f 2827 2825 2830
f 2828 2827 2831
f 2827 2832 2831
f 2827 2830 2832
f 2832 2833 2831
f 2829 2449 2443
f 2834 2449 2829
f 2450 2830 2447
f 2830 2450 2452
f 2835 2830 2452
f 2832 2830 2835
f 2833 2832 2836
f 2836 2832 2835
f 2839 2838 2837
f 2834 2839 2837
f 2454 2834 2837
f 2449 2834 2454
f 2456 2840 2835
f 2456 2835 2452
f 2836 2835 2841
f 2835 2842 2841
f 2835 2840 2842
f 2842 2843 2841
f 2837 2838 2844
f 2844 2838 2845
f 2844 2457 2454
f 2844 2454 2837
f 2460 2840 2456
f 2840 2460 2462
f 2846 2840 2462
f 2842 2840 2846
f 2843 2842 2847
f 2842 2848 2847
f 2842 2846 2848
f 2848 2849 2847
f 2844 2845 2850
f 2850 2845 2851
f 2850 2463 2457
f 2850 2457 2844
f 2468 2852 2846
f 2468 2846 2462
f 2846 2853 2848
f 2846 2852 2853
f 2849 2848 2854
f 2854 2848 2853
f 2850 2851 2855
f 2855 2851 2856
f 2855 2469 2463
f 2855 2463 2850
f 2471 2857 2472
f 2858 2473 2472
f 2858 2472 2857
f 2858 2475 2473
f 2480 2852 2468
f 2852 2480 2482
f 2859 2852 2482
f 2853 2852 2859
f 2854 2853 2860
f 2853 2861 2860
f 2853 2859 2861
f 2861 2862 2860
f 2855 2856 2863
f 2863 2856 2864
f 2863 2483 2469
f 2863 2469 2855
f 2485 2865 2486
f 2865 2866 2486
f 2486 2866 2471
f 2866 2867 2471
f 2867 2857 2471
f 2857 2867 2858
f 2858 2867 2868
f 2868 2870 2869
f 2868 2869 2487
f 2858 2868 2487
f 2475 2858 2487
f 2869 2489 2487
f 2495 2871 2859
f 2495 2859 2482
f 2871 2497 2498
f 2861 2871 2498
f 2859 2871 2861
f 2873 2872 2499
f 2499 2872 2498
f 2872 2862 2498
f 2862 2861 2498
f 2875 2874 2873
f 2873 2874 2872
f 2877 2876 2875
f 2875 2876 2874
f 2879 2878 2877
f 2877 2878 2876
f 2879 2880 2878
f 2863 2864 2881
f 2881 2864 2882
f 2881 2501 2483
f 2881 2483 2863
f 2503 2883 2502
f 2883 2884 2502
f 2502 2884 2485
f 2884 2885 2485
f 2885 2865 2485
f 2865 2885 2866
f 2869 2870 2886
f 2886 2870 2887
f 2886 2505 2489
f 2886 2489 2869
f 2507 2888 2508
f 2888 2510 2508
f 2514 2871 2495
f 2871 2514 2497
f 2516 2873 2499
f 2873 2516 2518
f 2873 2518 2875
f 2875 2518 2520
f 2875 2520 2877
f 2877 2520 2522
f 2889 2877 2522
f 2879 2877 2889
f 2880 2879 2890
f 2879 2891 2890
f 2879 2889 2891
f 2891 2892 2890
f 2881 2882 2893
f 2893 2882 2894
f 2893 2524 2501
f 2893 2501 2881
f 2527 2895 2883
f 2527 2883 2503
f 2884 2883 2896
f 2896 2883 2895
f 2887 2897 2886
f 2897 2899 2898
f 2897 2898 2528
f 2886 2897 2528
f 2505 2886 2528
f 2900 2529 2528
f 2900 2528 2898
f 2888 2507 2529
f 2900 2888 2529
f 2901 2888 2900
f 2902 2530 2510
f 2888 2902 2510
f 2901 2902 2888
f 2902 2532 2530
f 2536 2889 2522
f 2889 2536 2538
f 2903 2889 2538
f 2891 2889 2903
f 2892 2891 2904
f 2904 2891 2903
f 2894 2905 2893
f 2524 2893 2905
f 2906 2524 2905
f 2540 2524 2906
f 2542 2907 2543
f 2907 2908 2543
f 2543 2908 2527
f 2908 2909 2527
f 2909 2895 2527
f 2895 2909 2896
f 2912 2911 2910
f 2910 2913 2912
f 2899 2914 2898
f 2898 2914 2900
f 2900 2914 2915
f 2900 2915 2901
f 2901 2915 2916
f 2901 2916 2902
f 2902 2916 2917
f 2902 2917 2532
f 2917 2544 2532
f 2917 2918 2544
f 2544 2919 2545
f 2918 2919 2544
f 2545 2920 2546
f 2919 2920 2545
f 2922 2921 2547
f 2546 2922 2547
f 2920 2922 2546
f 2923 2921 2922
f 2549 2924 2903
f 2549 2903 2538
f 2904 2903 2925
f 2925 2903 2924
f 2550 2540 2926
f 2540 2927 2926
f 2540 2906 2927
f 2926 2552 2550
f 2554 2928 2555
f 2907 2542 2555
f 2928 2907 2555
f 2929 2907 2928
f 2908 2907 2930
f 2930 2907 2929
f 2910 2911 2931
f 2931 2911 2932
f 2913 2910 2933
f 2910 2934 2933
f 2910 2931 2934
f 2934 2935 2933
f 2936 2556 2557
f 2937 2936 2557
f 2937 2557 2547
f 2938 2937 2547
f 2921 2938 2547
f 2938 2921 2923
f 2940 2939 2924
f 2549 2940 2924
f 2559 2940 2549
f 2924 2939 2925
f 2926 2927 2941
f 2941 2927 2942
f 2941 2561 2552
f 2941 2552 2926
f 2564 2943 2928
f 2564 2928 2554
f 2945 2929 2944
f 2929 2943 2944
f 2929 2928 2943
f 2929 2945 2930
f 2932 2946 2931
f 2931 2946 2934
f 2934 2946 2947
f 2934 2947 2935
f 2948 2566 2567
f 2949 2948 2567
f 2949 2567 2556
f 2950 2949 2556
f 2936 2950 2556
f 2950 2936 2937
f 2952 2951 2569
f 2952 2569 2570
f 2569 2953 2571
f 2951 2953 2569
f 2571 2954 2572
f 2953 2954 2571
f 2572 2955 2573
f 2954 2955 2572
f 2559 2573 2940
f 2940 2573 2955
f 2942 2956 2941
f 2561 2941 2956
f 2957 2561 2956
f 2575 2561 2957
f 2579 2958 2580
f 2958 2959 2580
f 2580 2959 2564
f 2959 2960 2564
f 2960 2943 2564
f 2943 2960 2944
f 2961 2582 2948
f 2948 2582 2566
f 2948 2949 2962
f 2948 2962 2961
f 2965 2964 2963
f 2583 2584 2963
f 2964 2583 2963
f 2966 2583 2964
f 2570 2583 2952
f 2952 2583 2966
f 2585 2575 2967
f 2575 2968 2967
f 2575 2957 2968
f 2967 2587 2585
f 2590 2969 2591
f 2970 2592 2591
f 2970 2591 2969
f 2970 2971 2592
f 2592 2971 2579
f 2971 2972 2579
f 2972 2958 2579
f 2958 2972 2959
f 2961 2593 2582
f 2962 2973 2961
f 2973 2593 2961
f 2973 2595 2593
f 2595 2974 2596
f 2973 2974 2595
f 2963 2597 2965
f 2597 2974 2965
f 2597 2596 2974
f 2597 2963 2584
f 2968 2975 2967
f 2587 2967 2975
f 2976 2587 2975
f 2599 2587 2976
f 2602 2977 2603
f 2969 2590 2603
f 2977 2969 2603
f 2978 2969 2977
f 2980 2970 2979
f 2970 2978 2979
f 2970 2969 2978
f 2970 2980 2971
f 2604 2599 2981
f 2599 2982 2981
f 2599 2976 2982
f 2981 2606 2604
f 2610 2983 2977
f 2610 2977 2602
f 2985 2978 2984
f 2978 2983 2984
f 2978 2977 2983
f 2978 2985 2979
f 2981 2982 2986
f 2986 2982 2987
f 2986 2612 2606
f 2986 2606 2981
f 2989 2988 2983
f 2610 2989 2983
f 2623 2989 2610
f 2983 2988 2984
f 2986 2987 2626
f 2987 2625 2626
f 2987 2990 2625
f 2986 2626 2612
f 2635 2991 2636
f 2991 2992 2636
f 2992 2623 2636
f 2992 2989 2623
f 2637 2625 2993
f 2625 2994 2993
f 2625 2990 2994
f 2993 2639 2637
f 2646 2995 2991
f 2646 2991 2635
f 2992 2991 2996
f 2996 2991 2995
f 2993 2994 2997
f 2997 2994 2998
f 2997 2648 2639
f 2997 2639 2993
f 2656 2999 2657
f 2995 2646 2657
f 2999 2995 2657
f 3000 2995 2999
f 2996 2995 3001
f 3001 2995 3000
f 2997 2998 3002
f 3002 2998 3003
f 3004 2658 2648
f 2997 3004 2648
f 3002 3004 2997
f 3004 2660 2658
f 2665 3005 2666
f 3006 2667 2666
f 3006 2666 3005
f 3007 2668 2667
f 3007 2667 3006
f 2999 2656 2668
f 3007 2999 2668
f 3008 2999 3007
f 3010 3000 3009
f 3000 3008 3009
f 3000 2999 3008
f 3000 3010 3001
f 3003 3011 3002
f 3002 3011 3004
f 3004 3011 3012
f 3012 3014 3013
f 3012 3013 2669
f 3004 3012 2669
f 2660 3004 2669
f 3015 2670 2669
f 3015 2669 3013
f 3016 2671 2670
f 3016 2670 3015
f 3017 2672 2671
f 3017 2671 3016
f 3018 2673 2672
f 3018 2672 3017
f 3005 2665 2673
f 3018 3005 2673
f 3019 3005 3018
f 3005 3020 3006
f 3005 3019 3020
f 3022 3007 3021
f 3007 3020 3021
f 3007 3006 3020
f 3007 3022 3008
f 3008 3022 3023
f 3008 3023 3009
f 3014 3024 3013
f 3013 3024 3015
f 3015 3024 3025
f 3015 3025 3016
f 3016 3025 3026
f 3016 3026 3017
f 3017 3026 3027
f 3017 3027 3018
f 3018 3027 3028
f 3018 3028 3019
f 3019 3028 3029
f 3019 3029 3020
f 3020 3029 3030
f 3020 3030 3021
f 3031 2675 2676
f 2677 3032 2676
f 2676 3032 3031
f 2678 3032 2677
f 3033 2679 2680
f 3034 3033 2680
f 3034 2680 2675
f 3035 3034 2675
f 3031 3035 2675
f 3037 3036 3035
f 3031 3037 3035
f 3032 3037 3031
f 2681 3037 2678
f 2678 3037 3032
f 3039 3038 3033
f 3038 2679 3033
f 3038 2683 2679
f 3039 3033 3034
f 3040 3036 3037
f 3037 2681 3040
f 2681 3041 3040
f 2681 2685 3041
f 3042 2686 2687
f 3042 2687 3043
f 2687 3044 3043
f 2687 2688 3044
f 2688 2683 3038
f 2688 3038 3044
f 3045 3041 2685
f 3045 2685 2689
f 3047 3046 2690
f 3046 2689 2690
f 3046 3045 2689
f 3047 3048 3046
f 3049 2691 2692
f 3049 2692 3050
f 2692 3051 3050
f 2692 2693 3051
f 2693 2686 3042
f 3052 2693 3042
f 3051 2693 3052
f 3052 3042 3043
f 2694 3047 2690
f 2694 2695 3047
f 2695 3048 3047
f 2695 3053 3048
f 3055 3054 2697
f 2697 3054 2696
f 2697 2691 3049
f 3056 2697 3049
f 3055 2697 3056
f 3056 3049 3050
f 2698 3053 2695
f 2698 3057 3053
f 3059 3058 2700
f 2700 3058 2699
f 2700 2696 3054
f 2700 3054 3059
f 2701 3057 2698
f 2701 3060 3057
f 3062 3061 2704
f 2704 3061 2703
f 2704 2699 3058
f 2704 3058 3062
f 2705 3060 2701
f 2705 3063 3060
f 3061 2707 2703
f 3064 2707 3061
f 2708 3063 2705
f 2708 3065 3063
f 3064 3066 2707
f 2707 3066 2709
f 2711 2709 3066
f 2711 3066 3067
f 2712 3065 2708
f 2712 3068 3065
f 3071 3070 3069
f 2713 2714 3069
f 2714 3071 3069
f 2714 3072 3071
f 2714 2711 3067
f 2714 3067 3072
f 2715 3068 2712
f 2715 3073 3068
f 3076 3075 3074
f 3076 3074 3070
f 3070 3074 3069
f 3074 2716 3069
f 2716 2717 3069
f 3069 2717 2713
f 2718 3078 3077
f 3073 2718 3077
f 2715 2718 3073
f 3078 3079 3077
f 3082 3081 3080
f 3082 3080 3075
f 3075 3080 3074
f 3080 2719 3074
f 2719 2720 3074
f 3074 2720 2716
f 2721 3078 2718
f 2721 2722 3078
f 2722 3079 3078
f 2722 3083 3079
f 3080 3081 2725
f 3081 2724 2725
f 3081 3084 2724
f 3080 2725 2719
f 3085 3083 2722
f 3085 2722 2726
f 2726 2727 3085
f 3085 2727 3086
f 3089 3088 3087
f 3091 3090 3087
f 3087 3090 3089
f 3084 3090 3091
f 2729 3084 3091
f 2724 3084 2729
f 2730 3086 2727
f 2730 3092 3086
f 3087 3088 3093
f 3093 3088 3094
f 3087 3095 3091
f 3087 3093 3095
f 3095 2731 2729
f 3095 2729 3091
f 2732 3092 2730
f 2732 3096 3092
f 3099 3098 3097
f 2734 2735 3097
f 2735 3099 3097
f 2735 3100 3099
f 3101 2735 2736
f 3101 3100 2735
f 2736 2738 3101
f 3101 2738 3102
f 3093 3094 3103
f 3103 3094 3104
f 3103 2740 2741
f 3095 3103 2741
f 3093 3103 3095
f 3095 2741 2731
f 2743 3105 2744
f 3096 2732 3106
f 2732 3105 3106
f 3105 3107 3106
f 2732 2744 3105
f 3109 3108 3107
f 3107 3108 3106
f 2746 2747 3109
f 2747 3108 3109
f 2747 3110 3108
f 2748 3097 3098
f 3110 2748 3098
f 2747 2748 3110
f 3097 2748 2734
f 2749 3102 2738
f 2749 3111 3102
f 3103 3104 3112
f 3112 3104 3113
f 3112 2751 2740
f 3112 2740 3103
f 2752 3105 2743
f 3105 2752 2754
f 3114 3105 2754
f 3107 3105 3114
f 3107 3115 3109
f 3107 3114 3115
f 3115 2756 2746
f 3115 2746 3109
f 3116 3111 2749
f 3116 2749 2757
f 2757 2758 3116
f 3116 2758 3117
f 3112 3113 2761
f 3113 2760 2761
f 3113 3118 2760
f 3112 2761 2751
f 2762 3114 2754
f 3114 2762 2764
f 3119 3114 2764
f 3115 3114 3119
f 3119 2765 2756
f 3119 2756 3115
f 2766 3117 2758
f 2766 3120 3117
f 3123 3122 3121
f 3118 3123 3121
f 2768 3118 3121
f 2760 3118 2768
f 2769 3119 2764
f 3119 2769 2765
f 2770 3120 2766
f 2770 3124 3120
f 3121 3122 3125
f 3125 3122 3126
f 3125 2772 2768
f 3125 2768 3121
f 2773 3124 2770
f 2773 3127 3124
f 3130 3129 3128
f 3130 3128 3126
f 3126 3128 3125
f 3128 2775 3125
f 2775 2776 3125
f 3125 2776 2772
f 2778 3127 2773
f 2778 3131 3127
f 3128 3129 3132
f 3132 3129 3133
f 3132 2780 2775
f 3132 2775 3128
f 2782 3131 2778
f 2782 3134 3131
f 3132 3133 3135
f 3135 3133 3136
f 3135 2784 2780
f 3135 2780 3132
f 3137 3134 2782
f 3137 2782 2786
f 2786 2787 3137
f 3137 2787 3138
f 3135 3136 3139
f 3139 3136 3140
f 3139 2789 2784
f 3139 2784 3135
f 2790 3138 2787
f 2790 3141 3138
f 3144 3143 3142
f 3144 3142 3140
f 3142 3139 3140
f 3142 3145 3139
f 3145 2792 2789
f 3145 2789 3139
f 2793 3141 2790
f 2793 3146 3141
f 3142 3143 3147
f 3147 3143 3148
f 3147 2795 2796
f 3145 3147 2796
f 3142 3147 3145
f 3145 2796 2792
f 2793 2798 3149
f 3150 2793 3149
f 3146 2793 3150
f 2799 3149 2798
f 3147 3148 3151
f 3151 3148 3152
f 3151 2801 2795
f 3151 2795 3147
f 3150 3149 2803
f 2804 3150 2803
f 3153 3150 2804
f 2803 3149 2799
f 3151 3152 3154
f 3154 3152 3155
f 3154 2806 2801
f 3154 2801 3151
f 2808 3153 2804
f 2808 3156 3153
f 3154 3155 3157
f 3157 3155 3158
f 3157 2810 2806
f 3157 2806 3154
f 2811 3160 3159
f 3156 2811 3159
f 2808 2811 3156
f 3160 3161 3159
f 3157 3158 3162
f 3162 3158 3163
f 3162 2813 2810
f 3162 2810 3157
f 2814 3164 3160
f 2814 3160 2811
f 3161 3160 3165
f 3160 3166 3165
f 3160 3164 3166
f 3166 3167 3165
f 3162 3163 3168
f 3168 3163 3169
f 3168 2816 2813
f 3168 2813 3162
f 2817 3170 3164
f 2817 3164 2814
f 3164 3171 3166
f 3164 3170 3171
f 3167 3166 3172
f 3172 3166 3171
f 3168 3169 3173
f 3173 3169 3174
f 3173 2819 2816
f 3173 2816 3168
f 2820 3170 2817
f 3170 2820 2822
f 3175 3170 2822
f 3171 3170 3175
f 3172 3171 3176
f 3176 3171 3175
f 3173 3174 3177
f 3177 3174 3178
f 3177 2824 2819
f 3177 2819 3173
f 2826 3175 2822
f 3180 3179 2828
f 2828 3179 2826
f 3179 3176 2826
f 3176 3175 2826
f 3180 3181 3179
f 3177 3178 3182
f 3182 3178 3183
f 3182 2829 2824
f 3182 2824 3177
f 2831 3180 2828
f 3185 3184 2833
f 2833 3184 2831
f 3184 3181 2831
f 3181 3180 2831
f 3187 3186 3185
f 3185 3186 3184
f 3187 3188 3186
f 3182 3183 3189
f 3189 3183 3190
f 3189 2834 2829
f 3189 2829 3182
f 2836 3191 3185
f 2836 3185 2833
f 3185 3192 3187
f 3185 3191 3192
f 3188 3187 3193
f 3187 3194 3193
f 3187 3192 3194
f 3194 3195 3193
f 3198 3197 3196
f 3198 3196 3190
f 3190 3196 3189
f 3196 2838 3189
f 2838 2839 3189
f 3189 2839 2834
f 2841 3191 2836
f 3191 2841 2843
f 3199 3191 2843
f 3192 3191 3199
f 3192 3200 3194
f 3192 3199 3200
f 3195 3194 3201
f 3194 3202 3201
f 3194 3200 3202
f 3202 3203 3201
f 3206 3205 3204
f 3208 3207 3204
f 3204 3207 3206
f 3208 3209 3207
f 3196 3197 3210
f 3210 3197 3211
f 3210 2845 2838
f 3210 2838 3196
f 2847 3199 2843
f 3199 2847 2849
f 3212 3199 2849
f 3200 3199 3212
f 3200 3213 3202
f 3200 3212 3213
f 3203 3202 3214
f 3202 3215 3214
f 3202 3213 3215
f 3215 3216 3214
f 3219 3218 3217
f 3219 3217 3205
f 3217 3204 3205
f 3217 3220 3204
f 3222 3208 3221
f 3208 3220 3221
f 3208 3204 3220
f 3208 3222 3209
f 3210 3211 3223
f 3223 3211 3224
f 3223 2851 2845
f 3223 2845 3210
f 2854 3225 3212
f 2854 3212 2849
f 3212 3226 3213
f 3212 3225 3226
f 3213 3227 3215
f 3213 3226 3227
f 3216 3215 3228
f 3228 3215 3227
f 3217 3218 3229
f 3229 3218 3230
f 3217 3231 3220
f 3217 3229 3231
f 3221 3220 3232
f 3232 3220 3231
f 3223 3224 3233
f 3233 3224 3234
f 3233 2856 2851
f 3233 2851 3223
f 2860 3225 2854
f 3225 2860 2862
f 3235 3225 2862
f 3226 3225 3235
f 3226 3236 3227
f 3226 3235 3236
f 3228 3227 3237
f 3227 3238 3237
f 3227 3236 3238
f 3237 3238 3230
f 3238 3229 3230
f 3238 3239 3229
f 3229 3240 3231
f 3229 3239 3240
f 3232 3231 3241
f 3241 3231 3240
f 3233 3234 3242
f 3242 3234 3243
f 3242 2864 2856
f 3242 2856 3233
f 2866 3244 2867
f 3245 2868 2867
f 3245 2867 3244
f 3245 2870 2868
f 2872 3235 2862
f 3235 2872 2874
f 3235 2874 3236
f 3236 2874 2876
f 3236 2876 3238
f 3238 2876 2878
f 3238 2878 3239
f 3239 2878 2880
f 3246 3239 2880
f 3240 3239 3246
f 3241 3240 3247
f 3247 3240 3246
f 3242 3243 3248
f 3248 3243 3249
f 3248 2882 2864
f 3248 2864 3242
f 2884 3250 2885
f 3250 3251 2885
f 2885 3251 2866
f 3251 3252 2866
f 3252 3244 2866
f 3244 3252 3245
f 3245 3252 3253
f 2870 3245 3253
f 3254 2870 3253
f 2887 2870 3254
f 2890 3246 2880
f 2890 2892 3246
f 2892 3247 3246
f 2892 3255 3247
f 3249 3256 3248
f 2882 3248 3256
f 3257 2882 3256
f 2894 2882 3257
f 3259 3258 3250
f 2884 3259 3250
f 2896 3259 2884
f 3250 3258 3251
f 3254 3260 2887
f 2887 3260 2897
f 2899 2897 3260
f 2899 3260 3261
f 2904 3255 2892
f 2904 3262 3255
f 2905 2894 3263
f 2894 3264 3263
f 2894 3257 3264
f 3263 2906 2905
f 2908 3265 2909
f 3265 3266 2909
f 3266 2896 2909
f 3266 3259 2896
f 3268 3267 2912
f 2912 3267 2911
f 3270 3269 2913
f 3269 2912 2913
f 3269 3268 2912
f 3270 3271 3269
f 3261 3272 2899
f 2899 3272 2914
f 3272 3274 3273
f 2915 3272 3273
f 2914 3272 2915
f 3275 2916 2915
f 3275 2915 3273
f 3276 2917 2916
f 3276 2916 3275
f 3277 2918 2917
f 3277 2917 3276
f 3278 2919 2918
f 3278 2918 3277
f 2919 3278 3279
f 3280 2919 3279
f 2920 2919 3280
f 2920 3281 2922
f 3280 3281 2920
f 2923 2922 3281
f 2923 3281 3282
f 3285 3284 3283
f 3284 3262 3283
f 3262 2925 3283
f 3262 2904 2925
f 3263 3264 3286
f 3286 3264 3287
f 3286 2927 2906
f 3286 2906 3263
f 2930 3288 3265
f 2930 3265 2908
f 3266 3265 3289
f 3289 3265 3288
f 3267 2932 2911
f 3290 2932 3267
f 2933 3270 2913
f 2933 2935 3270
f 2935 3271 3270
f 2935 3291 3271
f 3274 3292 3273
f 3273 3292 3275
f 3275 3292 3293
f 3275 3293 3276
f 3276 3293 3294
f 3276 3294 3277
f 3277 3294 3295
f 3277 3295 3278
f 3278 3295 3296
f 3278 3296 3279
f 3298 3297 2938
f 2938 3297 2937
f 2938 2923 3282
f 2938 3282 3298
f 3285 3283 2939
f 2940 3285 2939
f 3299 3285 2940
f 2939 3283 2925
f 3286 3287 3300
f 3300 3287 3301
f 3300 2942 2927
f 3300 2927 3286
f 2944 3302 2945
f 3302 3303 2945
f 2945 3303 2930
f 3303 3304 2930
f 3304 3288 2930
f 3288 3304 3289
f 3290 3305 2932
f 2932 3305 2946
f 2946 3306 2947
f 3305 3306 2946
f 2935 2947 3291
f 3291 2947 3306
f 3308 3307 2950
f 2950 3307 2949
f 2950 2937 3297
f 2950 3297 3308
f 3310 3309 2951
f 3310 2951 2952
f 2951 3311 2953
f 3309 3311 2951
f 2953 3312 2954
f 3311 3312 2953
f 2954 3313 2955
f 3312 3313 2954
f 2940 2955 3299
f 3299 2955 3313
f 3301 3314 3300
f 3314 3316 3315
f 3314 3315 2956
f 3300 3314 2956
f 2942 3300 2956
f 3315 2957 2956
f 2959 3317 2960
f 3302 2944 2960
f 3317 3302 2960
f 3318 3302 3317
f 3303 3302 3319
f 3319 3302 3318
f 3307 2962 2949
f 3320 2962 3307
f 3322 3321 2964
f 3322 2964 2965
f 2964 3323 2966
f 3321 3323 2964
f 2952 2966 3310
f 3310 2966 3323
f 3315 3316 3324
f 3324 3316 3325
f 3324 2968 2957
f 3324 2957 3315
f 2971 3326 2972
f 3317 2959 2972
f 3326 3317 2972
f 3327 3317 3326
f 3329 3318 3328
f 3318 3327 3328
f 3318 3317 3327
f 3318 3329 3319
f 3320 3330 2962
f 2962 3330 2973
f 2973 3331 2974
f 3330 3331 2973
f 2965 2974 3322
f 3322 2974 3331
f 3325 3332 3324
f 3332 3334 3333
f 3332 3333 2975
f 3324 3332 2975
f 2968 3324 2975
f 3333 2976 2975
f 2979 3335 2980
f 3326 2971 2980
f 3335 3326 2980
f 3336 3326 3335
f 3338 3327 3337
f 3327 3336 3337
f 3327 3326 3336
f 3327 3338 3328
f 3334 3339 3333
f 2976 3333 3339
f 3340 2976 3339
f 2982 2976 3340
f 2984 3341 2985
f 3341 3342 2985
f 2985 3342 2979
f 3342 3343 2979
f 3343 3335 2979
f 3335 3343 3336
f 3336 3343 3344
f 3336 3344 3337
f 3340 2987 2982
f 3345 2987 3340
f 2989 3346 2988
f 3346 3347 2988
f 2988 3347 2984
f 3347 3348 2984
f 3348 3341 2984
f 3341 3348 3342
f 3345 2990 2987
f 3349 2990 3345
f 2992 3350 3346
f 2992 3346 2989
f 3347 3346 3351
f 3351 3346 3350
f 3349 2994 2990
f 3352 2994 3349
f 2996 3353 3350
f 2996 3350 2992
f 3351 3350 3354
f 3354 3350 3353
f 3352 2998 2994
f 3355 2998 3352
f 3001 3356 3353
f 3001 3353 2996
f 3354 3353 3357
f 3357 3353 3356
f 3355 3003 2998
f 3358 3003 3355
f 3009 3359 3010
f 3356 3001 3010
f 3359 3356 3010
f 3360 3356 3359
f 3357 3356 3361
f 3361 3356 3360
f 3358 3362 3003
f 3003 3362 3011
f 3362 3364 3363
f 3012 3362 3363
f 3011 3362 3012
f 3363 3014 3012
f 3021 3365 3022
f 3366 3023 3022
f 3366 3022 3365
f 3366 3367 3023
f 3023 3367 3009
f 3367 3368 3009
f 3368 3359 3009
f 3359 3368 3360
f 3360 3368 3369
f 3360 3369 3361
f 3364 3370 3363
f 3363 3370 3014
f 3370 3024 3014
f 3370 3371 3024
f 3024 3372 3025
f 3371 3372 3024
f 3372 3374 3373
f 3026 3372 3373
f 3025 3372 3026
f 3375 3027 3026
f 3375 3026 3373
f 3376 3028 3027
f 3376 3027 3375
f 3377 3029 3028
f 3377 3028 3376
f 3378 3030 3029
f 3378 3029 3377
f 3378 3379 3030
f 3030 3379 3021
f 3379 3380 3021
f 3380 3365 3021
f 3365 3380 3366
f 3366 3380 3381
f 3366 3381 3367
f 3374 3382 3373
f 3373 3382 3375
f 3375 3382 3383
f 3375 3383 3376
f 3376 3383 3384
f 3376 3384 3377
f 3377 3384 3385
f 3377 3385 3378
f 3378 3385 3386
f 3378 3386 3379
f 3389 3388 3387
f 3391 3390 3387
f 3387 3390 3389
f 3391 3392 3390
f 3387 3388 3393
f 3393 3388 3394
f 3387 3395 3391
f 3387 3393 3395
f 3392 3391 3396
f 3396 3391 3395
f 3399 3398 3397
f 3399 3397 3394
f 3397 3393 3394
f 3397 3400 3393
f 3402 3395 3401
f 3395 3400 3401
f 3395 3393 3400
f 3395 3402 3396
f 3404 3403 3035
f 3035 3403 3034
f 3035 3036 3404
f 3404 3036 3405
f 3397 3398 3406
f 3406 3398 3407
f 3397 3408 3400
f 3397 3406 3408
f 3401 3400 3409
f 3409 3400 3408
f 3411 3410 3039
f 3039 3410 3038
f 3039 3034 3403
f 3039 3403 3411
f 3412 3405 3036
f 3412 3036 3040
f 3040 3041 3412
f 3412 3041 3413
f 3406 3407 3414
f 3414 3407 3415
f 3417 3408 3416
f 3408 3414 3416
f 3408 3406 3414
f 3408 3417 3409
f 3418 3043 3044
f 3419 3418 3044
f 3038 3419 3044
f 3410 3419 3038
f 3420 3413 3041
f 3420 3041 3045
f 3421 3045 3046
f 3421 3420 3045
f 3423 3422 3048
f 3422 3046 3048
f 3422 3421 3046
f 3424 3414 3415
f 3423 3425 3422
f 3414 3424 3416
f 3426 3050 3051
f 3052 3427 3051
f 3051 3427 3426
f 3428 3427 3052
f 3428 3052 3043
f 3429 3428 3043
f 3418 3429 3043
f 3429 3418 3419
f 3053 3430 3423
f 3053 3423 3048
f 3425 3423 3431
f 3431 3423 3430
f 3432 3054 3055
f 3432 3055 3433
f 3055 3434 3433
f 3055 3056 3434
f 3056 3050 3426
f 3435 3056 3426
f 3434 3056 3435
f 3435 3426 3427
f 3435 3427 3436
f 3436 3427 3428
f 3057 3437 3430
f 3057 3430 3053
f 3431 3430 3438
f 3438 3430 3437
f 3440 3439 3059
f 3059 3439 3058
f 3059 3054 3432
f 3441 3059 3432
f 3440 3059 3441
f 3441 3432 3433
f 3060 3442 3437
f 3060 3437 3057
f 3438 3437 3443
f 3443 3437 3442
f 3445 3444 3062
f 3062 3444 3061
f 3062 3058 3439
f 3062 3439 3445
f 3063 3446 3442
f 3063 3442 3060
f 3443 3442 3447
f 3447 3442 3446
f 3444 3064 3061
f 3448 3064 3444
f 3065 3449 3446
f 3065 3446 3063
f 3447 3446 3450
f 3450 3446 3449
f 3448 3451 3064
f 3064 3451 3066
f 3067 3066 3451
f 3067 3451 3452
f 3068 3453 3449
f 3068 3449 3065
f 3450 3449 3454
f 3454 3449 3453
f 3456 3455 3071
f 3071 3455 3070
f 3457 3071 3072
f 3457 3456 3071
f 3072 3067 3452
f 3072 3452 3457
f 3073 3458 3453
f 3073 3453 3068
f 3454 3453 3459
f 3453 3460 3459
f 3453 3458 3460
f 3460 3461 3459
f 3463 3462 3076
f 3076 3462 3075
f 3076 3070 3455
f 3076 3455 3463
f 3077 3458 3073
f 3458 3077 3079
f 3464 3458 3079
f 3460 3458 3464
f 3461 3460 3465
f 3465 3460 3464
f 3467 3466 3082
f 3082 3466 3081
f 3082 3075 3462
f 3082 3462 3467
f 3083 3468 3464
f 3083 3464 3079
f 3465 3464 3469
f 3469 3464 3468
f 3472 3471 3470
f 3474 3473 3470
f 3470 3473 3472
f 3466 3473 3474
f 3084 3466 3474
f 3081 3466 3084
f 3085 3468 3083
f 3085 3086 3468
f 3086 3469 3468
f 3086 3475 3469
f 3470 3471 3089
f 3471 3088 3089
f 3471 3476 3088
f 3470 3089 3090
f 3470 3090 3474
f 3474 3090 3084
f 3092 3475 3086
f 3092 3477 3475
f 3480 3479 3478
f 3482 3481 3478
f 3478 3481 3480
f 3482 3483 3481
f 3476 3094 3088
f 3484 3094 3476
f 3096 3486 3485
f 3477 3096 3485
f 3092 3096 3477
f 3488 3487 3486
f 3486 3487 3485
f 3490 3489 3488
f 3488 3489 3487
f 3098 3099 3490
f 3099 3489 3490
f 3099 3491 3489
f 3100 3478 3479
f 3491 3100 3479
f 3099 3100 3491
f 3478 3100 3101
f 3478 3101 3482
f 3101 3102 3482
f 3102 3483 3482
f 3102 3492 3483
f 3484 3104 3094
f 3493 3104 3484
f 3106 3486 3096
f 3486 3106 3108
f 3486 3108 3488
f 3488 3108 3110
f 3488 3110 3490
f 3490 3110 3098
f 3111 3492 3102
f 3111 3494 3492
f 3497 3496 3495
f 3493 3497 3495
f 3113 3493 3495
f 3104 3493 3113
f 3498 3494 3111
f 3498 3111 3116
f 3116 3117 3498
f 3498 3117 3499
f 3495 3496 3500
f 3500 3496 3501
f 3500 3118 3113
f 3500 3113 3495
f 3120 3499 3117
f 3120 3502 3499
f 3505 3504 3503
f 3505 3503 3501
f 3501 3503 3500
f 3503 3122 3500
f 3122 3123 3500
f 3500 3123 3118
f 3124 3502 3120
f 3124 3506 3502
f 3503 3504 3507
f 3507 3504 3508
f 3507 3126 3122
f 3507 3122 3503
f 3127 3506 3124
f 3127 3509 3506
f 3512 3511 3510
f 3512 3510 3508
f 3508 3510 3507
f 3510 3129 3507
f 3129 3130 3507
f 3507 3130 3126
f 3131 3509 3127
f 3131 3513 3509
f 3510 3511 3514
f 3514 3511 3515
f 3514 3133 3129
f 3514 3129 3510
f 3134 3513 3131
f 3134 3516 3513
f 3514 3515 3517
f 3517 3515 3518
f 3517 3136 3133
f 3517 3133 3514
f 3519 3516 3134
f 3519 3134 3137
f 3137 3138 3519
f 3519 3138 3520
f 3517 3518 3521
f 3521 3518 3522
f 3521 3140 3136
f 3521 3136 3517
f 3141 3520 3138
f 3141 3523 3520
f 3526 3525 3524
f 3526 3524 3522
f 3522 3524 3521
f 3524 3143 3521
f 3143 3144 3521
f 3521 3144 3140
f 3146 3523 3141
f 3146 3527 3523
f 3524 3525 3528
f 3528 3525 3529
f 3528 3148 3143
f 3528 3143 3524
f 3150 3527 3146
f 3150 3530 3527
f 3528 3529 3531
f 3531 3529 3532
f 3531 3152 3148
f 3531 3148 3528
f 3153 3530 3150
f 3153 3533 3530
f 3531 3532 3534
f 3534 3532 3535
f 3534 3155 3152
f 3534 3152 3531
f 3156 3537 3536
f 3533 3156 3536
f 3153 3156 3533
f 3539 3538 3537
f 3537 3538 3536
f 3539 3540 3538
f 3534 3535 3541
f 3541 3535 3542
f 3541 3158 3155
f 3541 3155 3534
f 3159 3537 3156
f 3537 3159 3161
f 3543 3537 3161
f 3539 3537 3543
f 3540 3539 3544
f 3544 3539 3543
f 3541 3542 3545
f 3545 3542 3546
f 3545 3163 3158
f 3545 3158 3541
f 3165 3543 3161
f 3548 3547 3167
f 3167 3547 3165
f 3547 3544 3165
f 3544 3543 3165
f 3548 3549 3547
f 3545 3546 3550
f 3550 3546 3551
f 3550 3169 3163
f 3550 3163 3545
f 3172 3552 3548
f 3172 3548 3167
f 3549 3548 3553
f 3553 3548 3552
f 3550 3551 3554
f 3554 3551 3555
f 3554 3174 3169
f 3554 3169 3550
f 3176 3556 3552
f 3176 3552 3172
f 3553 3552 3557
f 3557 3552 3556
f 3554 3555 3558
f 3558 3555 3559
f 3558 3178 3174
f 3558 3174 3554
f 3179 3556 3176
f 3561 3560 3181
f 3181 3560 3179
f 3560 3557 3179
f 3557 3556 3179
f 3563 3562 3561
f 3561 3562 3560
f 3563 3564 3562
f 3558 3559 3565
f 3565 3559 3566
f 3565 3183 3178
f 3565 3178 3558
f 3184 3561 3181
f 3561 3184 3186
f 3561 3186 3563
f 3568 3567 3188
f 3188 3567 3186
f 3567 3564 3186
f 3564 3563 3186
f 3570 3569 3568
f 3568 3569 3567
f 3570 3571 3569
f 3574 3573 3572
f 3572 3575 3574
f 3565 3566 3576
f 3576 3566 3577
f 3576 3190 3183
f 3576 3183 3565
f 3193 3568 3188
f 3568 3193 3195
f 3578 3568 3195
f 3570 3568 3578
f 3571 3570 3579
f 3570 3580 3579
f 3570 3578 3580
f 3580 3581 3579
f 3584 3583 3582
f 3584 3582 3573
f 3582 3572 3573
f 3582 3585 3572
f 3575 3572 3586
f 3572 3587 3586
f 3572 3585 3587
f 3587 3588 3586
f 3576 3577 3198
f 3577 3197 3198
f 3577 3589 3197
f 3576 3198 3190
f 3201 3578 3195
f 3578 3201 3203
f 3590 3578 3203
f 3580 3578 3590
f 3581 3580 3591
f 3580 3592 3591
f 3580 3590 3592
f 3591 3592 3583
f 3592 3582 3583
f 3592 3593 3582
f 3593 3205 3206
f 3585 3593 3206
f 3582 3593 3585
f 3585 3206 3207
f 3585 3207 3587
f 3207 3209 3587
f 3209 3588 3587
f 3209 3594 3588
f 3597 3596 3595
f 3589 3597 3595
f 3211 3589 3595
f 3197 3589 3211
f 3214 3590 3203
f 3590 3214 3216
f 3598 3590 3216
f 3592 3590 3598
f 3598 3218 3219
f 3593 3598 3219
f 3592 3598 3593
f 3593 3219 3205
f 3221 3599 3222
f 3599 3600 3222
f 3600 3209 3222
f 3600 3594 3209
f 3596 3601 3595
f 3211 3595 3601
f 3602 3211 3601
f 3224 3211 3602
f 3228 3603 3598
f 3228 3598 3216
f 3603 3230 3218
f 3603 3218 3598
f 3232 3604 3599
f 3232 3599 3221
f 3600 3599 3605
f 3605 3599 3604
f 3602 3234 3224
f 3606 3234 3602
f 3237 3603 3228
f 3603 3237 3230
f 3241 3607 3604
f 3241 3604 3232
f 3605 3604 3608
f 3608 3604 3607
f 3606 3243 3234
f 3609 3243 3606
f 3611 3610 3607
f 3241 3611 3607
f 3247 3611 3241
f 3607 3610 3608
f 3609 3249 3243
f 3612 3249 3609
f 3251 3613 3252
f 3614 3253 3252
f 3614 3252 3613
f 3614 3254 3253
f 3255 3611 3247
f 3255 3615 3611
f 3256 3249 3616
f 3249 3617 3616
f 3249 3612 3617
f 3616 3257 3256
f 3259 3618 3258
f 3618 3619 3258
f 3258 3619 3251
f 3619 3620 3251
f 3620 3613 3251
f 3613 3620 3614
f 3614 3620 3621
f 3621 3623 3622
f 3621 3622 3260
f 3614 3621 3260
f 3254 3614 3260
f 3622 3261 3260
f 3262 3615 3255
f 3262 3624 3615
f 3616 3617 3625
f 3625 3617 3626
f 3625 3264 3257
f 3625 3257 3616
f 3266 3627 3618
f 3266 3618 3259
f 3619 3629 3628
f 3629 3619 3268
f 3618 3268 3619
f 3268 3618 3267
f 3627 3267 3618
f 3269 3630 3268
f 3268 3630 3629
f 3623 3631 3622
f 3630 3269 3271
f 3631 3633 3632
f 3631 3632 3272
f 3622 3631 3272
f 3261 3622 3272
f 3632 3274 3272
f 3635 3634 3280
f 3635 3280 3279
f 3280 3636 3281
f 3634 3636 3280
f 3282 3281 3636
f 3282 3636 3637
f 3639 3638 3284
f 3639 3284 3285
f 3262 3284 3624
f 3624 3284 3638
f 3625 3626 3640
f 3640 3626 3641
f 3640 3287 3264
f 3640 3264 3625
f 3289 3642 3627
f 3289 3627 3266
f 3643 3628 3629
f 3290 3267 3642
f 3627 3642 3267
f 3643 3629 3630
f 3643 3630 3644
f 3630 3271 3644
f 3271 3645 3644
f 3271 3291 3645
f 3633 3646 3632
f 3632 3646 3274
f 3646 3292 3274
f 3646 3647 3292
f 3292 3648 3293
f 3647 3648 3292
f 3293 3649 3294
f 3648 3649 3293
f 3294 3650 3295
f 3649 3650 3294
f 3295 3651 3296
f 3650 3651 3295
f 3279 3296 3635
f 3635 3296 3651
f 3653 3652 3298
f 3298 3652 3297
f 3298 3282 3637
f 3298 3637 3653
f 3656 3655 3654
f 3655 3639 3654
f 3639 3299 3654
f 3639 3285 3299
f 3641 3657 3640
f 3287 3640 3657
f 3658 3287 3657
f 3301 3287 3658
f 3303 3659 3304
f 3659 3660 3304
f 3304 3660 3289
f 3660 3661 3289
f 3661 3642 3289
f 3642 3661 3290
f 3661 3305 3290
f 3661 3662 3305
f 3305 3663 3306
f 3662 3663 3305
f 3291 3306 3645
f 3645 3306 3663
f 3665 3664 3308
f 3308 3664 3307
f 3308 3297 3652
f 3308 3652 3665
f 3310 3666 3309
f 3309 3666 3667
f 3668 3309 3667
f 3311 3309 3668
f 3311 3669 3312
f 3668 3669 3311
f 3654 3313 3656
f 3313 3669 3656
f 3313 3312 3669
f 3313 3654 3299
f 3314 3301 3670
f 3301 3671 3670
f 3301 3658 3671
f 3670 3316 3314
f 3319 3672 3659
f 3319 3659 3303
f 3660 3659 3673
f 3673 3659 3672
f 3675 3320 3674
f 3320 3664 3674
f 3320 3307 3664
f 3677 3676 3675
f 3677 3675 3674
f 3321 3322 3676
f 3677 3321 3676
f 3678 3321 3677
f 3321 3679 3323
f 3678 3679 3321
f 3310 3323 3666
f 3323 3680 3666
f 3323 3679 3680
f 3666 3680 3667
f 3671 3681 3670
f 3316 3670 3681
f 3682 3316 3681
f 3325 3316 3682
f 3328 3683 3329
f 3683 3684 3329
f 3329 3684 3319
f 3684 3685 3319
f 3685 3672 3319
f 3672 3685 3673
f 3675 3330 3320
f 3330 3675 3331
f 3331 3675 3676
f 3331 3676 3322
f 3332 3325 3686
f 3325 3687 3686
f 3325 3682 3687
f 3686 3334 3332
f 3337 3688 3338
f 3688 3689 3338
f 3338 3689 3328
f 3689 3690 3328
f 3690 3683 3328
f 3683 3690 3684
f 3686 3687 3691
f 3691 3687 3692
f 3693 3339 3334
f 3686 3693 3334
f 3691 3693 3686
f 3693 3340 3339
f 3342 3694 3343
f 3695 3344 3343
f 3695 3343 3694
f 3695 3696 3344
f 3344 3696 3337
f 3696 3697 3337
f 3697 3688 3337
f 3688 3697 3689
f 3692 3698 3691
f 3700 3699 3698
f 3699 3691 3698
f 3699 3693 3691
f 3699 3345 3340
f 3699 3340 3693
f 3347 3701 3348
f 3701 3702 3348
f 3348 3702 3342
f 3702 3703 3342
f 3703 3694 3342
f 3694 3703 3695
f 3695 3703 3704
f 3695 3704 3696
f 3699 3700 3705
f 3705 3700 3706
f 3705 3349 3345
f 3705 3345 3699
f 3351 3707 3701
f 3351 3701 3347
f 3702 3701 3708
f 3708 3701 3707
f 3706 3709 3705
f 3349 3705 3709
f 3710 3349 3709
f 3352 3349 3710
f 3354 3711 3707
f 3354 3707 3351
f 3708 3707 3712
f 3712 3707 3711
f 3710 3355 3352
f 3713 3355 3710
f 3715 3714 3711
f 3354 3715 3711
f 3357 3715 3354
f 3711 3714 3712
f 3713 3358 3355
f 3716 3358 3713
f 3361 3715 3357
f 3361 3717 3715
f 3716 3718 3358
f 3358 3718 3362
f 3364 3362 3718
f 3364 3718 3719
f 3367 3720 3368
f 3721 3369 3368
f 3721 3368 3720
f 3721 3722 3369
f 3722 3361 3369
f 3722 3717 3361
f 3719 3723 3364
f 3364 3723 3370
f 3370 3724 3371
f 3723 3724 3370
f 3724 3726 3725
f 3372 3724 3725
f 3371 3724 3372
f 3725 3374 3372
f 3379 3727 3380
f 3728 3381 3380
f 3728 3380 3727
f 3728 3729 3381
f 3381 3729 3367
f 3729 3730 3367
f 3730 3720 3367
f 3720 3730 3721
f 3721 3730 3731
f 3721 3731 3722
f 3726 3732 3725
f 3725 3732 3374
f 3732 3382 3374
f 3732 3733 3382
f 3382 3734 3383
f 3733 3734 3382
f 3383 3735 3384
f 3734 3735 3383
f 3384 3736 3385
f 3735 3736 3384
f 3385 3737 3386
f 3736 3737 3385
f 3379 3386 3727
f 3386 3738 3727
f 3386 3737 3738
f 3727 3738 3728
f 3728 3738 3739
f 3728 3739 3729
f 3741 3740 3389
f 3389 3740 3388
f 3742 3389 3390
f 3742 3741 3389
f 3390 3392 3742
f 3742 3392 3743
f 3746 3745 3744
f 3740 3746 3744
f 3394 3740 3744
f 3388 3740 3394
f 3396 3743 3392
f 3396 3747 3743
f 3750 3749 3748
f 3750 3748 3745
f 3745 3748 3744
f 3748 3398 3744
f 3398 3399 3744
f 3744 3399 3394
f 3401 3751 3402
f 3751 3752 3402
f 3752 3396 3402
f 3752 3747 3396
f 3754 3753 3404
f 3404 3753 3403
f 3404 3405 3754
f 3754 3405 3755
f 3748 3749 3756
f 3756 3749 3757
f 3756 3407 3398
f 3756 3398 3748
f 3409 3758 3751
f 3409 3751 3401
f 3752 3751 3759
f 3759 3751 3758
f 3761 3760 3411
f 3411 3760 3410
f 3411 3403 3753
f 3411 3753 3761
f 3762 3755 3405
f 3762 3405 3412
f 3412 3413 3762
f 3762 3413 3763
f 3766 3765 3764
f 3766 3764 3757
f 3764 3756 3757
f 3764 3767 3756
f 3767 3415 3407
f 3767 3407 3756
f 3416 3768 3417
f 3768 3769 3417
f 3417 3769 3409
f 3769 3770 3409
f 3770 3758 3409
f 3758 3770 3759
f 3760 3419 3410
f 3771 3419 3760
f 3772 3763 3413
f 3772 3413 3420
f 3421 3764 3765
f 3772 3421 3765
f 3420 3421 3772
f 3764 3421 3422
f 3764 3422 3767
f 3773 3422 3425
f 3773 3767 3422
f 3773 3424 3415
f 3767 3773 3415
f 3768 3416 3424
f 3773 3768 3424
f 3774 3768 3773
f 3769 3768 3775
f 3775 3768 3774
f 3777 3776 3429
f 3429 3776 3428
f 3429 3419 3771
f 3429 3771 3777
f 3431 3778 3773
f 3431 3773 3425
f 3773 3779 3774
f 3773 3778 3779
f 3775 3774 3780
f 3780 3774 3779
f 3781 3433 3434
f 3435 3782 3434
f 3434 3782 3781
f 3782 3435 3783
f 3435 3784 3783
f 3435 3436 3784
f 3436 3428 3776
f 3436 3776 3784
f 3438 3785 3778
f 3438 3778 3431
f 3778 3786 3779
f 3778 3785 3786
f 3780 3779 3787
f 3787 3779 3786
f 3788 3439 3440
f 3441 3789 3440
f 3440 3789 3788
f 3790 3789 3441
f 3790 3441 3433
f 3791 3790 3433
f 3781 3791 3433
f 3791 3781 3782
f 3791 3782 3792
f 3792 3782 3783
f 3443 3793 3785
f 3443 3785 3438
f 3785 3794 3786
f 3785 3793 3794
f 3787 3786 3795
f 3795 3786 3794
f 3796 3444 3445
f 3797 3796 3445
f 3797 3445 3439
f 3798 3797 3439
f 3788 3798 3439
f 3798 3788 3789
f 3798 3789 3799
f 3799 3789 3790
f 3447 3800 3793
f 3447 3793 3443
f 3793 3801 3794
f 3793 3800 3801
f 3795 3794 3802
f 3802 3794 3801
f 3804 3803 3796
f 3803 3444 3796
f 3803 3448 3444
f 3804 3796 3797
f 3450 3805 3800
f 3450 3800 3447
f 3800 3806 3801
f 3800 3805 3806
f 3802 3801 3807
f 3807 3801 3806
f 3803 3808 3448
f 3448 3808 3451
f 3452 3451 3808
f 3452 3808 3809
f 3454 3810 3805
f 3454 3805 3450
f 3805 3811 3806
f 3805 3810 3811
f 3807 3806 3812
f 3812 3806 3811
f 3814 3813 3456
f 3456 3813 3455
f 3815 3456 3457
f 3815 3814 3456
f 3457 3452 3809
f 3457 3809 3815
f 3459 3810 3454
f 3810 3459 3461
f 3816 3810 3461
f 3811 3810 3816
f 3812 3811 3817
f 3817 3811 3816
f 3820 3819 3818
f 3462 3463 3818
f 3463 3820 3818
f 3463 3821 3820
f 3463 3455 3813
f 3463 3813 3821
f 3465 3822 3816
f 3465 3816 3461
f 3817 3816 3823
f 3823 3816 3822
f 3818 3819 3467
f 3819 3466 3467
f 3819 3824 3466
f 3818 3467 3462
f 3469 3825 3822
f 3469 3822 3465
f 3823 3822 3826
f 3826 3822 3825
f 3829 3828 3827
f 3827 3830 3829
f 3832 3831 3472
f 3472 3831 3471
f 3833 3472 3473
f 3833 3832 3472
f 3473 3466 3824
f 3473 3824 3833
f 3835 3834 3825
f 3469 3835 3825
f 3475 3835 3469
f 3825 3834 3826
f 3838 3837 3836
f 3838 3836 3828
f 3836 3827 3828
f 3836 3839 3827
f 3830 3827 3840
f 3840 3827 3839
f 3843 3842 3841
f 3831 3843 3841
f 3476 3831 3841
f 3471 3831 3476
f 3477 3845 3844
f 3835 3477 3844
f 3475 3477 3835
f 3845 3846 3844
f 3849 3848 3847
f 3849 3847 3837
f 3837 3847 3836
f 3847 3479 3836
f 3479 3480 3836
f 3836 3480 3481
f 3836 3481 3839
f 3481 3483 3839
f 3483 3840 3839
f 3483 3850 3840
f 3841 3842 3851
f 3851 3842 3852
f 3851 3484 3476
f 3851 3476 3841
f 3485 3845 3477
f 3485 3487 3845
f 3487 3853 3845
f 3853 3846 3845
f 3487 3854 3853
f 3489 3855 3487
f 3487 3855 3854
f 3848 3856 3847
f 3856 3489 3847
f 3489 3491 3847
f 3489 3856 3855
f 3847 3491 3479
f 3492 3850 3483
f 3492 3857 3850
f 3851 3852 3858
f 3858 3852 3859
f 3858 3493 3484
f 3858 3484 3851
f 3860 3853 3854
f 3860 3854 3855
f 3860 3855 3861
f 3861 3855 3856
f 3494 3863 3862
f 3857 3494 3862
f 3492 3494 3857
f 3863 3864 3862
f 3858 3859 3497
f 3859 3496 3497
f 3859 3865 3496
f 3858 3497 3493
f 3498 3863 3494
f 3498 3499 3863
f 3499 3864 3863
f 3499 3866 3864
f 3869 3868 3867
f 3865 3869 3867
f 3501 3865 3867
f 3496 3865 3501
f 3502 3866 3499
f 3502 3870 3866
f 3867 3868 3505
f 3868 3504 3505
f 3868 3871 3504
f 3867 3505 3501
f 3506 3870 3502
f 3506 3872 3870
f 3875 3874 3873
f 3871 3875 3873
f 3508 3871 3873
f 3504 3871 3508
f 3509 3872 3506
f 3509 3876 3872
f 3873 3874 3512
f 3874 3511 3512
f 3874 3877 3511
f 3873 3512 3508
f 3513 3876 3509
f 3513 3878 3876
f 3881 3880 3879
f 3877 3881 3879
f 3515 3877 3879
f 3511 3877 3515
f 3516 3883 3882
f 3878 3516 3882
f 3513 3516 3878
f 3883 3884 3882
f 3879 3880 3885
f 3885 3880 3886
f 3885 3518 3515
f 3885 3515 3879
f 3519 3883 3516
f 3519 3520 3883
f 3520 3884 3883
f 3520 3887 3884
f 3885 3886 3888
f 3888 3886 3889
f 3888 3522 3518
f 3888 3518 3885
f 3523 3887 3520
f 3523 3890 3887
f 3888 3889 3526
f 3889 3525 3526
f 3889 3891 3525
f 3888 3526 3522
f 3527 3890 3523
f 3527 3892 3890
f 3891 3529 3525
f 3893 3529 3891
f 3530 3895 3894
f 3892 3530 3894
f 3527 3530 3892
f 3895 3896 3894
f 3893 3532 3529
f 3897 3532 3893
f 3533 3898 3895
f 3533 3895 3530
f 3896 3895 3899
f 3895 3900 3899
f 3895 3898 3900
f 3900 3901 3899
f 3904 3903 3902
f 3897 3904 3902
f 3535 3897 3902
f 3532 3897 3535
f 3536 3898 3533
f 3898 3536 3538
f 3898 3538 3900
f 3906 3905 3540
f 3540 3905 3538
f 3905 3901 3538
f 3901 3900 3538
f 3906 3907 3905
f 3902 3903 3908
f 3908 3903 3909
f 3908 3542 3535
f 3908 3535 3902
f 3544 3910 3906
f 3544 3906 3540
f 3907 3906 3911
f 3911 3906 3910
f 3908 3909 3912
f 3912 3909 3913
f 3912 3546 3542
f 3912 3542 3908
f 3547 3910 3544
f 3547 3549 3910
f 3549 3911 3910
f 3549 3914 3911
f 3912 3913 3915
f 3915 3913 3916
f 3915 3551 3546
f 3915 3546 3912
f 3553 3918 3917
f 3914 3553 3917
f 3549 3553 3914
f 3918 3919 3917
f 3915 3916 3920
f 3920 3916 3921
f 3920 3555 3551
f 3920 3551 3915
f 3557 3922 3918
f 3557 3918 3553
f 3919 3918 3923
f 3918 3924 3923
f 3918 3922 3924
f 3926 3925 3924
f 3924 3925 3923
f 3926 3927 3925
f 3920 3921 3928
f 3928 3921 3929
f 3928 3559 3555
f 3928 3555 3920
f 3560 3922 3557
f 3922 3560 3562
f 3922 3562 3924
f 3924 3562 3564
f 3930 3924 3564
f 3926 3924 3930
f 3927 3926 3931
f 3926 3932 3931
f 3926 3930 3932
f 3934 3933 3932
f 3932 3933 3931
f 3934 3935 3933
f 3938 3937 3936
f 3936 3939 3938
f 3928 3929 3940
f 3940 3929 3941
f 3940 3566 3559
f 3940 3559 3928
f 3567 3930 3564
f 3930 3567 3569
f 3930 3569 3932
f 3932 3569 3571
f 3942 3932 3571
f 3934 3932 3942
f 3935 3934 3943
f 3934 3944 3943
f 3934 3942 3944
f 3946 3945 3944
f 3944 3945 3943
f 3945 3946 3937
f 3937 3946 3936
f 3946 3573 3936
f 3573 3574 3936
f 3948 3947 3575
f 3575 3947 3574
f 3947 3939 3574
f 3939 3936 3574
f 3948 3949 3947
f 3940 3941 3950
f 3950 3941 3951
f 3950 3577 3566
f 3950 3566 3940
f 3579 3942 3571
f 3942 3579 3581
f 3952 3942 3581
f 3944 3942 3952
f 3952 3583 3584
f 3946 3952 3584
f 3944 3952 3946
f 3946 3584 3573
f 3586 3948 3575
f 3586 3588 3948
f 3588 3949 3948
f 3588 3953 3949
f 3950 3951 3954
f 3954 3951 3955
f 3954 3589 3577
f 3954 3577 3950
f 3591 3952 3581
f 3952 3591 3583
f 3594 3953 3588
f 3594 3956 3953
f 3954 3955 3597
f 3955 3596 3597
f 3955 3957 3596
f 3954 3597 3589
f 3600 3956 3594
f 3600 3958 3956
f 3601 3596 3959
f 3596 3960 3959
f 3596 3957 3960
f 3959 3602 3601
f 3605 3958 3600
f 3605 3961 3958
f 3959 3960 3962
f 3962 3960 3963
f 3962 3606 3602
f 3962 3602 3959
f 3608 3961 3605
f 3608 3964 3961
f 3962 3963 3965
f 3965 3963 3966
f 3965 3609 3606
f 3965 3606 3962
f 3968 3967 3610
f 3968 3610 3611
f 3608 3610 3964
f 3964 3610 3967
f 3965 3966 3969
f 3969 3966 3970
f 3969 3612 3609
f 3969 3609 3965
f 3615 3968 3611
f 3615 3971 3968
f 3970 3972 3969
f 3612 3969 3972
f 3973 3612 3972
f 3617 3612 3973
f 3619 3974 3620
f 3975 3621 3620
f 3975 3620 3974
f 3975 3623 3621
f 3978 3977 3976
f 3977 3971 3976
f 3971 3624 3976
f 3971 3615 3624
f 3973 3626 3617
f 3979 3626 3973
f 3981 3980 3974
f 3619 3981 3974
f 3628 3981 3619
f 3974 3980 3975
f 3975 3980 3982
f 3982 3984 3983
f 3982 3983 3631
f 3975 3982 3631
f 3623 3975 3631
f 3983 3633 3631
f 3986 3985 3634
f 3986 3634 3635
f 3634 3987 3636
f 3985 3987 3634
f 3637 3636 3987
f 3637 3987 3988
f 3978 3976 3638
f 3639 3978 3638
f 3989 3978 3639
f 3638 3976 3624
f 3979 3641 3626
f 3990 3641 3979
f 3628 3643 3991
f 3992 3628 3991
f 3981 3628 3992
f 3644 3993 3643
f 3643 3993 3991
f 3984 3994 3983
f 3993 3644 3645
f 3994 3996 3995
f 3994 3995 3646
f 3983 3994 3646
f 3633 3983 3646
f 3997 3647 3646
f 3997 3646 3995
f 3998 3648 3647
f 3998 3647 3997
f 3999 3649 3648
f 3999 3648 3998
f 3649 3999 4000
f 4001 3649 4000
f 3650 3649 4001
f 3650 4002 3651
f 4001 4002 3650
f 3635 3651 3986
f 3986 3651 4002
f 4004 4003 3653
f 3653 4003 3652
f 3653 3637 3988
f 3653 3988 4004
f 4006 4005 3655
f 4006 3655 3656
f 3639 3655 3989
f 3989 3655 4005
f 3657 3641 4007
f 3641 4008 4007
f 3641 3990 4008
f 4007 3658 3657
f 3660 4009 3661
f 4010 3992 3991
f 3661 4010 3991
f 3662 3661 3991
f 4010 3661 4009
f 3662 3991 3663
f 3663 3991 3993
f 3663 3993 3645
f 3996 4011 3995
f 3995 4011 3997
f 3997 4011 4012
f 3997 4012 3998
f 3998 4012 4013
f 3998 4013 3999
f 3999 4013 4014
f 3999 4014 4000
f 4015 3664 3665
f 3652 4003 4016
f 4015 3652 4016
f 4017 4015 4016
f 3665 3652 4015
f 4018 4017 4016
f 3667 4019 3668
f 3668 4019 4020
f 4021 3668 4020
f 3669 3668 4021
f 3656 3669 4006
f 4006 3669 4021
f 4008 4022 4007
f 3658 4007 4022
f 4023 3658 4022
f 3671 3658 4023
f 3673 4024 4009
f 3673 4009 3660
f 4010 4009 4025
f 4025 4009 4024
f 4015 3674 3664
f 3674 4015 3677
f 3677 4015 4017
f 4018 4026 4017
f 4026 3677 4017
f 4026 3678 3677
f 3678 4027 3679
f 4026 4027 3678
f 3679 4028 3680
f 4027 4028 3679
f 3667 3680 4019
f 3680 4029 4019
f 3680 4028 4029
f 4019 4029 4020
f 3681 3671 4030
f 3671 4031 4030
f 3671 4023 4031
f 4030 3682 3681
f 3684 4032 3685
f 4024 3673 3685
f 4032 4024 3685
f 4033 4024 4032
f 4025 4024 4034
f 4034 4024 4033
f 4030 4031 4035
f 4035 4031 4036
f 4035 3687 3682
f 4035 3682 4030
f 3689 4037 3690
f 4032 3684 3690
f 4037 4032 3690
f 4038 4032 4037
f 4032 4039 4033
f 4032 4038 4039
f 4034 4033 4040
f 4040 4033 4039
f 4036 4041 4035
f 3687 4035 4041
f 4042 3687 4041
f 3692 3687 4042
f 3696 4043 3697
f 4037 3689 3697
f 4043 4037 3697
f 4044 4037 4043
f 4046 4038 4045
f 4038 4044 4045
f 4038 4037 4044
f 4038 4046 4039
f 4039 4046 4047
f 4039 4047 4040
f 3698 3692 4048
f 3692 4049 4048
f 3692 4042 4049
f 4048 3700 3698
f 3702 4050 3703
f 4051 3704 3703
f 4051 3703 4050
f 4043 3696 3704
f 4051 4043 3704
f 4052 4043 4051
f 4054 4044 4053
f 4044 4052 4053
f 4044 4043 4052
f 4044 4054 4045
f 4048 4049 4055
f 4055 4049 4056
f 4055 3706 3700
f 4055 3700 4048
f 3708 4057 4050
f 3708 4050 3702
f 4059 4051 4058
f 4051 4057 4058
f 4051 4050 4057
f 4051 4059 4052
f 4052 4059 4060
f 4052 4060 4053
f 4056 4061 4055
f 4061 4063 4062
f 4061 4062 3709
f 4055 4061 3709
f 3706 4055 3709
f 4062 3710 3709
f 4065 4064 4057
f 3708 4065 4057
f 3712 4065 3708
f 4057 4064 4058
f 4062 4063 4066
f 4066 4063 4067
f 4066 3713 3710
f 4066 3710 4062
f 3715 4068 3714
f 4068 4069 3714
f 4069 3712 3714
f 4069 4065 3712
f 4067 4070 4066
f 3713 4066 4070
f 4071 3713 4070
f 3716 3713 4071
f 4073 4072 4068
f 3715 4073 4068
f 3717 4073 3715
f 4068 4072 4069
f 4071 4074 3716
f 3716 4074 3718
f 3719 3718 4074
f 3719 4074 4075
f 3722 4073 3717
f 3722 4076 4073
f 4075 4077 3719
f 3719 4077 3723
f 3723 4078 3724
f 4077 4078 3723
f 3726 3724 4078
f 3726 4078 4079
f 3729 4080 3730
f 3730 4080 4081
f 4082 3730 4081
f 3731 3730 4082
f 3722 3731 4076
f 4076 3731 4082
f 4079 4083 3726
f 3726 4083 3732
f 3732 4084 3733
f 4083 4084 3732
f 4084 4086 4085
f 3734 4084 4085
f 3733 4084 3734
f 4087 3735 3734
f 4087 3734 4085
f 4088 3736 3735
f 4088 3735 4087
f 4089 3737 3736
f 4089 3736 4088
f 3737 4089 4090
f 4091 3737 4090
f 3738 3737 4091
f 3738 4092 3739
f 4091 4092 3738
f 3729 3739 4080
f 3739 4093 4080
f 3739 4092 4093
f 4080 4093 4081
f 4086 4094 4085
f 4085 4094 4087
f 4087 4094 4095
f 4087 4095 4088
f 4088 4095 4096
f 4088 4096 4089
f 4089 4096 4097
f 4089 4097 4090
f 4100 4099 4098
f 3740 3741 4098
f 3741 4100 4098
f 3741 4101 4100
f 4103 4101 4102
f 4101 3742 4102
f 4101 3741 3742
f 3743 4102 3742
f 4106 4105 4104
f 4106 4104 4099
f 4099 4104 4098
f 4104 3745 4098
f 3745 3746 4098
f 4098 3746 3740
f 4107 4103 4102
f 4102 3743 4107
f 3743 4108 4107
f 3743 3747 4108
f 4104 4105 3750
f 4105 3749 3750
f 4105 4109 3749
f 4104 3750 3745
f 3752 4108 3747
f 3752 4110 4108
f 4111 3753 3754
f 3755 4111 3754
f 4109 3757 3749
f 4112 3757 4109
f 3759 4110 3752
f 3759 4113 4110
f 4114 3760 3761
f 4115 4114 3761
f 4115 3761 3753
f 4116 4115 3753
f 4111 4116 3753
f 4118 4116 4117
f 4117 4116 3762
f 4116 4111 3762
f 4111 3755 3762
f 3763 4117 3762
f 4120 4119 3766
f 3766 4119 3765
f 3766 3757 4112
f 3766 4112 4120
f 4122 4121 3770
f 4122 3770 3769
f 3759 3770 4113
f 4113 3770 4121
f 4124 4123 4114
f 4123 3760 4114
f 4123 3771 3760
f 4124 4114 4115
f 4125 4118 4117
f 4125 4117 3763
f 3772 4125 3763
f 4126 4125 3772
f 3772 3765 4119
f 3772 4119 4126
f 3775 4128 4127
f 4122 3775 4127
f 3769 3775 4122
f 4128 4129 4127
f 4130 3776 3777
f 4131 4130 3777
f 3771 4131 3777
f 4123 4131 3771
f 3780 4132 4128
f 3780 4128 3775
f 4129 4128 4133
f 4133 4128 4132
f 4134 3783 3784
f 4135 4134 3784
f 4135 3784 3776
f 4136 4135 3776
f 4130 4136 3776
f 4136 4130 4131
f 4138 4137 4132
f 3780 4138 4132
f 3787 4138 3780
f 4132 4137 4133
f 4139 3790 3791
f 4139 3791 4140
f 3791 4141 4140
f 3791 3792 4141
f 3792 3783 4134
f 4142 3792 4134
f 4141 3792 4142
f 4142 4134 4135
f 3795 4138 3787
f 3795 4143 4138
f 4144 3797 3798
f 4144 3798 4145
f 3798 4146 4145
f 3798 3799 4146
f 3799 3790 4139
f 4147 3799 4139
f 4146 3799 4147
f 4147 4139 4140
f 3802 4143 3795
f 3802 4148 4143
f 4149 3803 3804
f 4150 4149 3804
f 4150 3804 3797
f 4151 4150 3797
f 4144 4151 3797
f 4151 4144 4145
f 3807 4148 3802
f 3807 4152 4148
f 4149 3808 3803
f 4154 4153 3809
f 4154 3809 3808
f 4150 4154 3808
f 4149 4150 3808
f 4155 4153 4154
f 3812 4152 3807
f 3812 4156 4152
f 4158 4157 3814
f 3814 4157 3813
f 4159 3814 3815
f 4159 4158 3814
f 3815 3809 4153
f 4160 3815 4153
f 4159 3815 4160
f 4160 4153 4155
f 3817 4156 3812
f 3817 4161 4156
f 4163 4162 3820
f 3820 4162 3819
f 4164 3820 3821
f 4164 4163 3820
f 3821 3813 4157
f 3821 4157 4164
f 3823 4161 3817
f 3823 4165 4161
f 4168 4167 4166
f 4166 4169 4168
f 4172 4171 4170
f 4162 4172 4170
f 3824 4162 4170
f 3819 4162 3824
f 3826 4165 3823
f 3826 4173 4165
f 4176 4175 4174
f 4176 4174 4167
f 4167 4174 4166
f 4174 3828 4166
f 3828 3829 4166
f 4178 4177 3830
f 3830 4177 3829
f 4177 4169 3829
f 4169 4166 3829
f 4178 4179 4177
f 4182 4181 4180
f 3831 3832 4180
f 3832 4182 4180
f 3832 4183 4182
f 3833 4170 4171
f 4183 3833 4171
f 3832 3833 4183
f 4170 3833 3824
f 3835 4184 3834
f 4184 4185 3834
f 4185 3826 3834
f 4185 4173 3826
f 4174 4175 3838
f 4175 3837 3838
f 4175 4186 3837
f 4174 3838 3828
f 3840 4187 4178
f 3840 4178 3830
f 4179 4178 4188
f 4188 4178 4187
f 4180 4181 3843
f 4181 3842 3843
f 4181 4189 3842
f 4180 3843 3831
f 3844 4184 3835
f 3844 3846 4184
f 3846 4185 4184
f 3846 4190 4185
f 4191 3848 3849
f 4192 4191 3849
f 3837 4192 3849
f 4186 4192 3837
f 3850 4193 4187
f 3850 4187 3840
f 4188 4187 4194
f 4194 4187 4193
f 4197 4196 4195
f 4189 4197 4195
f 3852 4189 4195
f 3842 4189 3852
f 3853 4190 3846
f 3853 4198 4190
f 4200 4199 4191
f 4199 3848 4191
f 4199 3856 3848
f 4200 4191 4192
f 3857 4201 4193
f 3857 4193 3850
f 4194 4193 4202
f 4202 4193 4201
f 4195 4196 4203
f 4203 4196 4204
f 4203 3859 3852
f 4203 3852 4195
f 4205 4198 3853
f 4205 3853 3860
f 4206 3860 3861
f 4206 4205 3860
f 3861 3856 4199
f 3861 4199 4206
f 3862 4201 3857
f 3862 3864 4201
f 3864 4202 4201
f 3864 4207 4202
f 4203 4204 4208
f 4208 4204 4209
f 4208 3865 3859
f 4208 3859 4203
f 3866 4207 3864
f 3866 4210 4207
f 4213 4212 4211
f 4213 4211 4209
f 4209 4211 4208
f 4211 3868 4208
f 3868 3869 4208
f 4208 3869 3865
f 3870 4210 3866
f 3870 4214 4210
f 4211 4212 4215
f 4215 4212 4216
f 4215 3871 3868
f 4215 3868 4211
f 3872 4214 3870
f 3872 4217 4214
f 4215 4216 3875
f 4216 3874 3875
f 4216 4218 3874
f 4215 3875 3871
f 3876 4220 4219
f 4217 3876 4219
f 3872 3876 4217
f 4220 4221 4219
f 4224 4223 4222
f 4218 4224 4222
f 3877 4218 4222
f 3874 4218 3877
f 3878 4225 4220
f 3878 4220 3876
f 4221 4220 4226
f 4226 4220 4225
f 4222 4223 3881
f 4223 3880 3881
f 4223 4227 3880
f 4222 3881 3877
f 3882 4225 3878
f 3882 3884 4225
f 3884 4226 4225
f 3884 4228 4226
f 4227 3886 3880
f 4229 3886 4227
f 3887 4231 4230
f 4228 3887 4230
f 3884 3887 4228
f 4231 4232 4230
f 4229 3889 3886
f 4233 3889 4229
f 3890 4234 4231
f 3890 4231 3887
f 4232 4231 4235
f 4235 4231 4234
f 4233 3891 3889
f 4236 3891 4233
f 3892 4237 4234
f 3892 4234 3890
f 4235 4234 4238
f 4238 4234 4237
f 4236 3893 3891
f 4239 3893 4236
f 3894 4237 3892
f 4241 4240 3896
f 3896 4240 3894
f 4240 4238 3894
f 4238 4237 3894
f 4241 4242 4240
f 4245 4244 4243
f 4239 4245 4243
f 3897 4239 4243
f 3893 4239 3897
f 3899 4241 3896
f 4247 4246 3901
f 3901 4246 3899
f 4246 4242 3899
f 4242 4241 3899
f 4247 4248 4246
f 4243 4244 3904
f 4244 3903 3904
f 4244 4249 3903
f 4243 3904 3897
f 3905 4247 3901
f 3905 3907 4247
f 3907 4248 4247
f 3907 4250 4248
f 4253 4252 4251
f 4249 4253 4251
f 3909 4249 4251
f 3903 4249 3909
f 3911 4250 3907
f 3911 4254 4250
f 4251 4252 4255
f 4255 4252 4256
f 4255 3913 3909
f 4255 3909 4251
f 3914 4258 4257
f 4254 3914 4257
f 3911 3914 4254
f 4258 4259 4257
f 4255 4256 4260
f 4260 4256 4261
f 4260 3916 3913
f 4260 3913 4255
f 3917 4258 3914
f 4263 4262 3919
f 3919 4262 3917
f 4262 4259 3917
f 4259 4258 3917
f 4263 4264 4262
f 4267 4266 4265
f 4269 4268 4265
f 4265 4268 4267
f 4271 4270 4269
f 4269 4270 4268
f 4271 4272 4270
f 4260 4261 4273
f 4273 4261 4274
f 4273 3921 3916
f 4273 3916 4260
f 3923 4263 3919
f 4275 4264 4263
f 3923 4275 4263
f 3925 4275 3923
f 4277 4276 3927
f 4276 3925 3927
f 4276 4275 3925
f 4276 4277 4266
f 4277 4265 4266
f 4277 4278 4265
f 4265 4279 4269
f 4265 4278 4279
f 4269 4280 4271
f 4269 4279 4280
f 4272 4271 4281
f 4271 4282 4281
f 4271 4280 4282
f 4282 4283 4281
f 4274 4284 4273
f 3921 4273 4284
f 4285 3921 4284
f 3929 3921 4285
f 3931 4277 3927
f 4277 3931 3933
f 4277 3933 4278
f 4278 3933 3935
f 4286 4278 3935
f 4279 4278 4286
f 4279 4287 4280
f 4279 4286 4287
f 4287 3937 3938
f 4282 4287 3938
f 4280 4287 4282
f 4289 4288 3939
f 3939 4288 3938
f 4288 4283 3938
f 4283 4282 3938
f 4289 4290 4288
f 4285 3941 3929
f 4291 3941 4285
f 3943 4286 3935
f 4286 3943 3945
f 4286 3945 4287
f 4287 3945 3937
f 3947 4289 3939
f 3947 3949 4289
f 3949 4290 4289
f 3949 4292 4290
f 4291 3951 3941
f 4293 3951 4291
f 3953 4292 3949
f 3953 4294 4292
f 4293 3955 3951
f 4295 3955 4293
f 3956 4294 3953
f 3956 4296 4294
f 4295 3957 3955
f 4297 3957 4295
f 3958 4296 3956
f 3958 4298 4296
f 4297 3960 3957
f 4299 3960 4297
f 3961 4298 3958
f 3961 4300 4298
f 4299 3963 3960
f 4301 3963 4299
f 4304 4303 4302
f 4303 4300 4302
f 4300 3964 4302
f 4300 3961 3964
f 4301 3966 3963
f 4305 3966 4301
f 4304 4302 3967
f 3968 4304 3967
f 4306 4304 3968
f 3967 4302 3964
f 4305 3970 3966
f 4307 3970 4305
f 4310 4309 4308
f 4309 4306 4308
f 4306 3971 4308
f 4306 3968 3971
f 3972 3970 4311
f 3970 4312 4311
f 3970 4307 4312
f 4311 3973 3972
f 4310 4308 3977
f 3978 4310 3977
f 4313 4310 3978
f 3977 4308 3971
f 4311 4312 4314
f 4314 4312 4315
f 4314 3979 3973
f 4314 3973 4311
f 3981 4316 3980
f 4317 3982 3980
f 4317 3980 4316
f 4317 3984 3982
f 3986 4318 3985
f 3985 4318 4319
f 4320 3985 4319
f 3987 3985 4320
f 3988 3987 4320
f 3988 4320 4321
f 4324 4323 4322
f 4323 4313 4322
f 4313 3989 4322
f 4313 3978 3989
f 4315 4325 4314
f 3979 4314 4325
f 4326 3979 4325
f 3990 3979 4326
f 3992 4327 4316
f 3992 4316 3981
f 4316 4328 4317
f 4316 4327 4328
f 4329 3994 3984
f 4317 4329 3984
f 4328 4329 4317
f 4329 3996 3994
f 4000 4330 4001
f 4001 4330 4331
f 4332 4001 4331
f 4002 4001 4332
f 3986 4002 4318
f 4002 4333 4318
f 4002 4332 4333
f 4003 4333 4334
f 4333 4003 4318
f 4004 4318 4003
f 4318 4004 4319
f 4335 4319 4004
f 4004 3988 4321
f 4004 4321 4335
f 4338 4337 4336
f 4336 4337 4324
f 4336 4324 4322
f 4006 4336 4322
f 4005 4006 4322
f 4005 4322 3989
f 4326 4008 3990
f 4339 4008 4326
f 4010 4340 4327
f 4010 4327 3992
f 4327 4341 4328
f 4327 4340 4341
f 4343 4329 4342
f 4329 4341 4342
f 4329 4328 4341
f 4343 4345 4344
f 4343 4344 4011
f 4329 4343 4011
f 3996 4329 4011
f 4346 4012 4011
f 4346 4011 4344
f 4012 4346 4347
f 4348 4012 4347
f 4013 4012 4348
f 4013 4349 4014
f 4348 4349 4013
f 4000 4014 4330
f 4014 4350 4330
f 4014 4349 4350
f 4330 4350 4331
f 4334 4351 4003
f 4003 4351 4016
f 4018 4016 4351
f 4018 4351 4352
f 4338 4336 4021
f 4020 4338 4021
f 4353 4338 4020
f 4021 4336 4006
f 4022 4008 4354
f 4008 4355 4354
f 4008 4339 4355
f 4354 4023 4022
f 4025 4356 4340
f 4025 4340 4010
f 4358 4341 4357
f 4341 4356 4357
f 4341 4340 4356
f 4341 4358 4342
f 4345 4359 4344
f 4344 4359 4346
f 4346 4359 4360
f 4346 4360 4347
f 4352 4361 4018
f 4018 4361 4026
f 4361 4363 4362
f 4027 4361 4362
f 4026 4361 4027
f 4364 4028 4027
f 4364 4027 4362
f 4028 4364 4365
f 4366 4028 4365
f 4029 4028 4366
f 4020 4029 4353
f 4353 4029 4366
f 4354 4355 4367
f 4367 4355 4368
f 4367 4031 4023
f 4367 4023 4354
f 4034 4369 4356
f 4034 4356 4025
f 4357 4356 4370
f 4356 4371 4370
f 4356 4369 4371
f 4371 4372 4370
f 4363 4373 4362
f 4362 4373 4364
f 4364 4373 4374
f 4364 4374 4365
f 4368 4375 4367
f 4031 4367 4375
f 4376 4031 4375
f 4036 4031 4376
f 4040 4377 4369
f 4040 4369 4034
f 4369 4378 4371
f 4369 4377 4378
f 4372 4371 4379
f 4379 4371 4378
f 4041 4036 4380
f 4036 4381 4380
f 4036 4376 4381
f 4380 4042 4041
f 4045 4382 4046
f 4383 4047 4046
f 4383 4046 4382
f 4377 4040 4047
f 4383 4377 4047
f 4384 4377 4383
f 4386 4378 4385
f 4378 4384 4385
f 4378 4377 4384
f 4378 4386 4379
f 4380 4381 4387
f 4387 4381 4388
f 4387 4049 4042
f 4387 4042 4380
f 4053 4389 4054
f 4382 4045 4054
f 4389 4382 4054
f 4390 4382 4389
f 4392 4383 4391
f 4383 4390 4391
f 4383 4382 4390
f 4383 4392 4384
f 4384 4392 4393
f 4384 4393 4385
f 4387 4388 4394
f 4394 4388 4395
f 4394 4056 4049
f 4394 4049 4387
f 4058 4396 4059
f 4397 4060 4059
f 4397 4059 4396
f 4389 4053 4060
f 4397 4389 4060
f 4398 4389 4397
f 4389 4399 4390
f 4389 4398 4399
f 4391 4390 4400
f 4400 4390 4399
f 4395 4401 4394
f 4401 4403 4402
f 4401 4402 4061
f 4394 4401 4061
f 4056 4394 4061
f 4402 4063 4061
f 4065 4404 4064
f 4396 4058 4064
f 4404 4396 4064
f 4405 4396 4404
f 4396 4406 4397
f 4396 4405 4406
f 4397 4407 4398
f 4397 4406 4407
f 4409 4399 4408
f 4399 4407 4408
f 4399 4398 4407
f 4399 4409 4400
f 4403 4410 4402
f 4063 4402 4410
f 4411 4063 4410
f 4067 4063 4411
f 4413 4412 4404
f 4065 4413 4404
f 4069 4413 4065
f 4404 4412 4405
f 4405 4412 4414
f 4405 4414 4406
f 4406 4414 4415
f 4406 4415 4407
f 4407 4415 4416
f 4407 4416 4408
f 4411 4417 4067
f 4067 4417 4070
f 4071 4070 4417
f 4071 4417 4418
f 4073 4419 4072
f 4419 4420 4072
f 4420 4069 4072
f 4420 4413 4069
f 4418 4421 4071
f 4071 4421 4074
f 4075 4074 4421
f 4075 4421 4422
f 4424 4423 4419
f 4073 4424 4419
f 4076 4424 4073
f 4419 4423 4420
f 4422 4425 4075
f 4075 4425 4077
f 4077 4426 4078
f 4425 4426 4077
f 4079 4078 4426
f 4079 4426 4427
f 4429 4428 4082
f 4429 4082 4081
f 4076 4082 4424
f 4424 4082 4428
f 4427 4430 4079
f 4079 4430 4083
f 4083 4431 4084
f 4430 4431 4083
f 4086 4084 4431
f 4086 4431 4432
f 4090 4433 4091
f 4434 4092 4091
f 4434 4091 4433
f 4092 4434 4435
f 4436 4092 4435
f 4093 4092 4436
f 4081 4093 4429
f 4429 4093 4436
f 4432 4437 4086
f 4086 4437 4094
f 4094 4438 4095
f 4437 4438 4094
f 4095 4439 4096
f 4438 4439 4095
f 4096 4440 4097
f 4439 4440 4096
f 4090 4097 4433
f 4097 4441 4433
f 4097 4440 4441
f 4433 4441 4434
f 4434 4441 4442
f 4434 4442 4435
f 4443 4099 4100
f 4101 4444 4100
f 4100 4444 4443
f 4103 4444 4101
f 4446 4445 4106
f 4106 4445 4105
f 4106 4099 4443
f 4447 4106 4443
f 4446 4106 4447
f 4447 4443 4444
f 4447 4444 4448
f 4450 4448 4449
f 4449 4448 4107
f 4448 4444 4107
f 4444 4103 4107
f 4108 4449 4107
f 4445 4109 4105
f 4451 4109 4445
f 4450 4449 4452
f 4450 4452 4453
f 4110 4452 4108
f 4108 4452 4449
f 4451 4112 4109
f 4454 4112 4451
f 4453 4452 4455
f 4453 4455 4456
f 4113 4455 4110
f 4110 4455 4452
f 4458 4457 4116
f 4116 4457 4115
f 4460 4459 4118
f 4459 4116 4118
f 4459 4458 4116
f 4462 4461 4460
f 4460 4461 4459
f 4119 4120 4462
f 4120 4461 4462
f 4120 4463 4461
f 4120 4112 4454
f 4120 4454 4463
f 4121 4122 4464
f 4455 4465 4456
f 4465 4455 4466
f 4455 4113 4466
f 4121 4464 4466
f 4121 4466 4113
f 4467 4123 4124
f 4468 4467 4124
f 4115 4468 4124
f 4457 4468 4115
f 4125 4460 4118
f 4460 4125 4126
f 4460 4126 4462
f 4462 4126 4119
f 4127 4464 4122
f 4127 4129 4464
f 4129 4466 4464
f 4129 4469 4466
f 4471 4470 4467
f 4470 4123 4467
f 4470 4131 4123
f 4471 4467 4468
f 4133 4469 4129
f 4133 4472 4469
f 4474 4473 4136
f 4136 4473 4135
f 4136 4131 4470
f 4136 4470 4474
f 4138 4475 4137
f 4475 4476 4137
f 4476 4133 4137
f 4476 4472 4133
f 4478 4477 4141
f 4141 4477 4140
f 4479 4141 4142
f 4479 4478 4141
f 4142 4135 4473
f 4142 4473 4479
f 4143 4480 4475
f 4143 4475 4138
f 4476 4475 4481
f 4481 4475 4480
f 4482 4145 4146
f 4482 4146 4483
f 4146 4484 4483
f 4146 4147 4484
f 4147 4140 4477
f 4147 4477 4484
f 4148 4485 4480
f 4148 4480 4143
f 4481 4480 4486
f 4486 4480 4485
f 4487 4150 4151
f 4488 4487 4151
f 4488 4151 4145
f 4489 4488 4145
f 4482 4489 4145
f 4489 4482 4483
f 4152 4490 4485
f 4152 4485 4148
f 4486 4485 4491
f 4491 4485 4490
f 4487 4154 4150
f 4155 4154 4487
f 4488 4155 4487
f 4492 4155 4488
f 4156 4493 4490
f 4156 4490 4152
f 4491 4490 4494
f 4494 4490 4493
f 4495 4157 4158
f 4495 4158 4496
f 4158 4497 4496
f 4158 4159 4497
f 4498 4159 4160
f 4498 4497 4159
f 4160 4155 4492
f 4160 4492 4498
f 4161 4499 4493
f 4161 4493 4156
f 4494 4493 4500
f 4500 4493 4499
f 4503 4502 4501
f 4501 4504 4503
f 4507 4506 4505
f 4509 4508 4505
f 4505 4508 4507
f 4511 4510 4509
f 4509 4510 4508
f 4511 4512 4510
f 4514 4513 4163
f 4163 4513 4162
f 4515 4163 4164
f 4515 4514 4163
f 4164 4157 4495
f 4516 4164 4495
f 4515 4164 4516
f 4516 4495 4496
f 4165 4517 4499
f 4165 4499 4161
f 4500 4499 4518
f 4518 4499 4517
f 4521 4520 4519
f 4521 4519 4502
f 4502 4519 4501
f 4519 4167 4501
f 4167 4168 4501
f 4523 4522 4169
f 4169 4522 4168
f 4522 4504 4168
f 4504 4501 4168
f 4525 4524 4523
f 4523 4524 4522
f 4524 4525 4506
f 4525 4505 4506
f 4525 4526 4505
f 4505 4527 4509
f 4505 4526 4527
f 4509 4528 4511
f 4509 4527 4528
f 4512 4511 4529
f 4511 4530 4529
f 4511 4528 4530
f 4530 4531 4529
f 4533 4532 4172
f 4172 4532 4171
f 4172 4162 4513
f 4172 4513 4533
f 4173 4534 4517
f 4173 4517 4165
f 4518 4517 4535
f 4535 4517 4534
f 4538 4537 4536
f 4538 4536 4520
f 4520 4536 4519
f 4536 4175 4519
f 4175 4176 4519
f 4519 4176 4167
f 4177 4523 4169
f 4523 4177 4179
f 4539 4523 4179
f 4525 4523 4539
f 4525 4540 4526
f 4525 4539 4540
f 4526 4541 4527
f 4526 4540 4541
f 4527 4542 4528
f 4527 4541 4542
f 4528 4543 4530
f 4528 4542 4543
f 4531 4530 4544
f 4544 4530 4543
f 4545 4181 4182
f 4545 4182 4546
f 4182 4547 4546
f 4182 4183 4547
f 4183 4171 4532
f 4183 4532 4547
f 4185 4548 4534
f 4185 4534 4173
f 4535 4534 4549
f 4549 4534 4548
f 4537 4550 4536
f 4175 4536 4550
f 4551 4175 4550
f 4186 4175 4551
f 4188 4552 4539
f 4188 4539 4179
f 4539 4553 4540
f 4539 4552 4553
f 4540 4554 4541
f 4540 4553 4554
f 4541 4555 4542
f 4541 4554 4555
f 4542 4556 4543
f 4542 4555 4556
f 4544 4543 4557
f 4557 4543 4556
f 4560 4559 4558
f 4561 4560 4545
f 4560 4189 4545
f 4189 4181 4545
f 4560 4558 4189
f 4561 4545 4546
f 4190 4562 4548
f 4190 4548 4185
f 4549 4548 4563
f 4563 4548 4562
f 4551 4192 4186
f 4564 4192 4551
f 4194 4565 4552
f 4194 4552 4188
f 4552 4566 4553
f 4552 4565 4566
f 4553 4567 4554
f 4553 4566 4567
f 4554 4568 4555
f 4554 4567 4568
f 4570 4556 4569
f 4556 4568 4569
f 4556 4555 4568
f 4556 4570 4557
f 4558 4559 4197
f 4559 4196 4197
f 4559 4571 4196
f 4558 4197 4189
f 4198 4572 4562
f 4198 4562 4190
f 4563 4562 4573
f 4562 4574 4573
f 4562 4572 4574
f 4199 4200 4574
f 4200 4573 4574
f 4200 4575 4573
f 4200 4192 4564
f 4200 4564 4575
f 4202 4576 4565
f 4202 4565 4194
f 4565 4577 4566
f 4565 4576 4577
f 4566 4578 4567
f 4566 4577 4578
f 4580 4568 4579
f 4568 4578 4579
f 4568 4567 4578
f 4568 4580 4569
f 4571 4204 4196
f 4581 4204 4571
f 4205 4572 4198
f 4572 4205 4206
f 4572 4206 4574
f 4574 4206 4199
f 4207 4582 4576
f 4207 4576 4202
f 4576 4583 4577
f 4576 4582 4583
f 4585 4578 4584
f 4578 4583 4584
f 4578 4577 4583
f 4578 4585 4579
f 4588 4587 4586
f 4581 4588 4586
f 4209 4581 4586
f 4204 4581 4209
f 4210 4589 4582
f 4210 4582 4207
f 4582 4590 4583
f 4582 4589 4590
f 4584 4583 4591
f 4591 4583 4590
f 4586 4587 4213
f 4587 4212 4213
f 4587 4592 4212
f 4586 4213 4209
f 4214 4593 4589
f 4214 4589 4210
f 4589 4594 4590
f 4589 4593 4594
f 4591 4590 4595
f 4595 4590 4594
f 4598 4597 4596
f 4592 4598 4596
f 4216 4592 4596
f 4212 4592 4216
f 4217 4599 4593
f 4217 4593 4214
f 4593 4600 4594
f 4593 4599 4600
f 4595 4594 4601
f 4601 4594 4600
f 4596 4597 4602
f 4602 4597 4603
f 4602 4218 4216
f 4602 4216 4596
f 4219 4599 4217
f 4599 4219 4221
f 4604 4599 4221
f 4600 4599 4604
f 4601 4600 4605
f 4605 4600 4604
f 4602 4603 4224
f 4603 4223 4224
f 4603 4606 4223
f 4602 4224 4218
f 4226 4607 4604
f 4226 4604 4221
f 4605 4604 4608
f 4608 4604 4607
f 4606 4227 4223
f 4609 4227 4606
f 4228 4610 4607
f 4228 4607 4226
f 4608 4607 4611
f 4607 4612 4611
f 4607 4610 4612
f 4612 4613 4611
f 4609 4229 4227
f 4614 4229 4609
f 4230 4610 4228
f 4610 4230 4232
f 4615 4610 4232
f 4612 4610 4615
f 4613 4612 4616
f 4612 4617 4616
f 4612 4615 4617
f 4617 4618 4616
f 4614 4233 4229
f 4619 4233 4614
f 4235 4620 4615
f 4235 4615 4232
f 4615 4621 4617
f 4615 4620 4621
f 4618 4617 4622
f 4617 4623 4622
f 4617 4621 4623
f 4623 4624 4622
f 4627 4626 4625
f 4619 4627 4625
f 4236 4619 4625
f 4233 4619 4236
f 4238 4628 4620
f 4238 4620 4235
f 4620 4629 4621
f 4620 4628 4629
f 4621 4630 4623
f 4621 4629 4630
f 4624 4623 4631
f 4631 4623 4630
f 4625 4626 4632
f 4632 4626 4633
f 4632 4239 4236
f 4632 4236 4625
f 4240 4628 4238
f 4628 4240 4242
f 4634 4628 4242
f 4629 4628 4634
f 4629 4635 4630
f 4629 4634 4635
f 4631 4630 4636
f 4630 4637 4636
f 4630 4635 4637
f 4637 4638 4636
f 4641 4640 4639
f 4641 4639 4633
f 4633 4639 4632
f 4639 4244 4632
f 4244 4245 4632
f 4632 4245 4239
f 4246 4634 4242
f 4634 4246 4248
f 4642 4634 4248
f 4635 4634 4642
f 4644 4637 4643
f 4637 4642 4643
f 4637 4635 4642
f 4637 4644 4638
f 4639 4640 4645
f 4645 4640 4646
f 4645 4249 4244
f 4645 4244 4639
f 4250 4647 4642
f 4250 4642 4248
f 4643 4642 4648
f 4648 4642 4647
f 4645 4646 4253
f 4646 4252 4253
f 4646 4649 4252
f 4645 4253 4249
f 4254 4650 4647
f 4254 4647 4250
f 4648 4647 4651
f 4647 4652 4651
f 4647 4650 4652
f 4654 4653 4652
f 4652 4653 4651
f 4656 4655 4654
f 4654 4655 4653
f 4658 4657 4656
f 4656 4657 4655
f 4660 4659 4658
f 4658 4659 4657
f 4662 4661 4660
f 4660 4661 4659
f 4662 4663 4661
f 4649 4256 4252
f 4664 4256 4649
f 4257 4650 4254
f 4650 4257 4259
f 4665 4650 4259
f 4652 4650 4665
f 4652 4666 4654
f 4652 4665 4666
f 4654 4667 4656
f 4654 4666 4667
f 4656 4668 4658
f 4656 4667 4668
f 4658 4669 4660
f 4658 4668 4669
f 4660 4670 4662
f 4660 4669 4670
f 4663 4662 4671
f 4671 4662 4670
f 4664 4261 4256
f 4672 4261 4664
f 4262 4665 4259
f 4665 4262 4264
f 4673 4665 4264
f 4666 4665 4673
f 4666 4674 4667
f 4666 4673 4674
f 4674 4266 4267
f 4668 4674 4267
f 4667 4674 4668
f 4668 4267 4268
f 4668 4268 4669
f 4669 4268 4270
f 4669 4270 4670
f 4676 4675 4272
f 4272 4675 4270
f 4675 4671 4270
f 4671 4670 4270
f 4676 4677 4675
f 4672 4274 4261
f 4678 4274 4672
f 4275 4673 4264
f 4673 4275 4276
f 4673 4276 4674
f 4674 4276 4266
f 4281 4676 4272
f 4281 4283 4676
f 4283 4677 4676
f 4283 4679 4677
f 4284 4274 4680
f 4274 4681 4680
f 4274 4678 4681
f 4680 4285 4284
f 4682 4679 4283
f 4682 4283 4288
f 4288 4290 4682
f 4682 4290 4683
f 4680 4681 4684
f 4684 4681 4685
f 4684 4291 4285
f 4684 4285 4680
f 4292 4683 4290
f 4292 4686 4683
f 4684 4685 4687
f 4687 4685 4688
f 4687 4293 4291
f 4687 4291 4684
f 4294 4686 4292
f 4294 4689 4686
f 4688 4690 4687
f 4293 4687 4690
f 4691 4293 4690
f 4295 4293 4691
f 4296 4689 4294
f 4296 4692 4689
f 4691 4297 4295
f 4693 4297 4691
f 4298 4692 4296
f 4298 4694 4692
f 4693 4299 4297
f 4695 4299 4693
f 4698 4697 4696
f 4697 4694 4696
f 4694 4300 4696
f 4694 4298 4300
f 4695 4301 4299
f 4699 4301 4695
f 4698 4696 4303
f 4304 4698 4303
f 4700 4698 4304
f 4303 4696 4300
f 4699 4305 4301
f 4701 4305 4699
f 4306 4700 4304
f 4306 4702 4700
f 4701 4307 4305
f 4703 4307 4701
f 4705 4704 4309
f 4705 4309 4310
f 4306 4309 4702
f 4702 4309 4704
f 4703 4312 4307
f 4706 4312 4703
f 4709 4708 4707
f 4708 4705 4707
f 4705 4313 4707
f 4705 4310 4313
f 4706 4315 4312
f 4710 4315 4706
f 4319 4711 4320
f 4711 4321 4320
f 4709 4707 4323
f 4324 4709 4323
f 4712 4709 4324
f 4323 4707 4313
f 4325 4315 4713
f 4315 4714 4713
f 4315 4710 4714
f 4713 4326 4325
f 4331 4715 4332
f 4332 4715 4716
f 4717 4332 4716
f 4333 4332 4717
f 4711 4319 4335
f 4333 4718 4334
f 4718 4333 4719
f 4717 4719 4333
f 4335 4321 4711
f 4718 4719 4720
f 4338 4721 4337
f 4721 4722 4337
f 4722 4324 4337
f 4722 4712 4324
f 4714 4723 4713
f 4326 4713 4723
f 4724 4326 4723
f 4339 4326 4724
f 4342 4725 4343
f 4725 4345 4343
f 4347 4726 4348
f 4727 4349 4348
f 4727 4348 4726
f 4349 4727 4728
f 4729 4349 4728
f 4350 4349 4729
f 4331 4350 4715
f 4350 4730 4715
f 4350 4729 4730
f 4715 4730 4716
f 4718 4351 4334
f 4352 4351 4718
f 4720 4352 4718
f 4731 4352 4720
f 4733 4732 4721
f 4338 4733 4721
f 4353 4733 4338
f 4721 4732 4722
f 4724 4355 4339
f 4734 4355 4724
f 4357 4735 4358
f 4725 4342 4358
f 4735 4725 4358
f 4736 4725 4735
f 4725 4736 4345
f 4736 4737 4345
f 4737 4359 4345
f 4736 4738 4737
f 4359 4739 4360
f 4737 4739 4359
f 4347 4360 4726
f 4360 4740 4726
f 4360 4739 4740
f 4726 4740 4727
f 4727 4740 4741
f 4727 4741 4728
f 4361 4352 4742
f 4352 4743 4742
f 4352 4731 4743
f 4742 4363 4361
f 4365 4744 4366
f 4744 4745 4366
f 4745 4353 4366
f 4745 4733 4353
f 4734 4368 4355
f 4746 4368 4734
f 4370 4735 4357
f 4735 4370 4372
f 4747 4735 4372
f 4736 4735 4747
f 4738 4736 4748
f 4736 4749 4748
f 4736 4747 4749
f 4749 4750 4748
f 4743 4751 4742
f 4742 4751 4363
f 4751 4373 4363
f 4751 4752 4373
f 4373 4753 4374
f 4752 4753 4373
f 4365 4374 4744
f 4374 4754 4744
f 4374 4753 4754
f 4744 4754 4745
f 4375 4368 4755
f 4368 4756 4755
f 4368 4746 4756
f 4755 4376 4375
f 4379 4757 4747
f 4379 4747 4372
f 4747 4758 4749
f 4747 4757 4758
f 4750 4749 4759
f 4759 4749 4758
f 4755 4756 4760
f 4760 4756 4761
f 4760 4381 4376
f 4760 4376 4755
f 4385 4762 4386
f 4757 4379 4386
f 4762 4757 4386
f 4763 4757 4762
f 4765 4758 4764
f 4758 4763 4764
f 4758 4757 4763
f 4758 4765 4759
f 4760 4761 4766
f 4766 4761 4767
f 4766 4388 4381
f 4766 4381 4760
f 4391 4768 4392
f 4769 4393 4392
f 4769 4392 4768
f 4762 4385 4393
f 4769 4762 4393
f 4770 4762 4769
f 4772 4763 4771
f 4763 4770 4771
f 4763 4762 4770
f 4763 4772 4764
f 4767 4773 4766
f 4388 4766 4773
f 4774 4388 4773
f 4395 4388 4774
f 4400 4775 4768
f 4400 4768 4391
f 4768 4776 4769
f 4768 4775 4776
f 4778 4770 4777
f 4770 4776 4777
f 4770 4769 4776
f 4770 4778 4771
f 4401 4395 4779
f 4395 4780 4779
f 4395 4774 4780
f 4779 4403 4401
f 4408 4781 4409
f 4775 4400 4409
f 4781 4775 4409
f 4782 4775 4781
f 4784 4776 4783
f 4776 4782 4783
f 4776 4775 4782
f 4776 4784 4777
f 4780 4785 4779
f 4785 4787 4786
f 4785 4786 4410
f 4779 4785 4410
f 4403 4779 4410
f 4786 4411 4410
f 4413 4788 4412
f 4789 4414 4412
f 4789 4412 4788
f 4790 4415 4414
f 4790 4414 4789
f 4791 4416 4415
f 4791 4415 4790
f 4781 4408 4416
f 4791 4781 4416
f 4792 4781 4791
f 4794 4782 4793
f 4782 4792 4793
f 4782 4781 4792
f 4782 4794 4783
f 4787 4795 4786
f 4795 4797 4796
f 4795 4796 4417
f 4786 4795 4417
f 4411 4786 4417
f 4796 4418 4417
f 4420 4798 4788
f 4420 4788 4413
f 4800 4789 4799
f 4789 4798 4799
f 4789 4788 4798
f 4789 4800 4790
f 4790 4800 4801
f 4803 4802 4801
f 4802 4790 4801
f 4802 4791 4790
f 4805 4792 4804
f 4792 4802 4804
f 4792 4791 4802
f 4792 4805 4793
f 4797 4806 4796
f 4796 4806 4418
f 4806 4421 4418
f 4806 4807 4421
f 4422 4421 4807
f 4422 4807 4808
f 4810 4809 4423
f 4810 4423 4424
f 4420 4423 4798
f 4423 4811 4798
f 4423 4809 4811
f 4798 4811 4799
f 4803 4812 4802
f 4802 4812 4804
f 4808 4813 4422
f 4422 4813 4425
f 4425 4814 4426
f 4813 4814 4425
f 4427 4426 4814
f 4427 4814 4815
f 4817 4816 4428
f 4817 4428 4429
f 4424 4428 4810
f 4810 4428 4816
f 4815 4818 4427
f 4427 4818 4430
f 4430 4819 4431
f 4818 4819 4430
f 4432 4431 4819
f 4432 4819 4820
f 4822 4821 4436
f 4822 4436 4435
f 4429 4436 4817
f 4817 4436 4821
f 4820 4823 4432
f 4432 4823 4437
f 4437 4824 4438
f 4823 4824 4437
f 4438 4825 4439
f 4824 4825 4438
f 4439 4826 4440
f 4825 4826 4439
f 4440 4827 4441
f 4826 4827 4440
f 4441 4828 4442
f 4827 4828 4441
f 4435 4442 4822
f 4822 4442 4828
f 4829 4445 4446
f 4447 4830 4446
f 4446 4830 4829
f 4448 4831 4447
f 4447 4831 4830
f 4450 4831 4448
f 4833 4832 4829
f 4832 4445 4829
f 4832 4451 4445
f 4833 4829 4830
f 4833 4830 4834
f 4834 4830 4831
f 4834 4831 4835
f 4831 4450 4835
f 4450 4836 4835
f 4450 4453 4836
f 4832 4454 4451
f 4837 4454 4832
f 4456 4836 4453
f 4456 4838 4836
f 4839 4457 4458
f 4839 4458 4840
f 4458 4841 4840
f 4458 4459 4841
f 4842 4459 4461
f 4842 4841 4459
f 4843 4461 4463
f 4843 4842 4461
f 4463 4454 4837
f 4463 4837 4843
f 4844 4838 4456
f 4844 4456 4465
f 4465 4466 4844
f 4844 4466 4845
f 4847 4846 4839
f 4846 4457 4839
f 4846 4468 4457
f 4847 4839 4840
f 4469 4845 4466
f 4469 4848 4845
f 4850 4849 4471
f 4471 4849 4470
f 4471 4468 4846
f 4471 4846 4850
f 4472 4848 4469
f 4472 4851 4848
f 4853 4852 4474
f 4474 4852 4473
f 4474 4470 4849
f 4474 4849 4853
f 4476 4851 4472
f 4476 4854 4851
f 4855 4477 4478
f 4855 4478 4856
f 4478 4857 4856
f 4478 4479 4857
f 4479 4473 4852
f 4479 4852 4857
f 4481 4854 4476
f 4481 4858 4854
f 4859 4483 4484
f 4860 4859 4484
f 4860 4484 4477
f 4861 4860 4477
f 4855 4861 4477
f 4861 4855 4856
f 4486 4858 4481
f 4486 4862 4858
f 4863 4488 4489
f 4864 4863 4489
f 4864 4489 4483
f 4865 4864 4483
f 4859 4865 4483
f 4865 4859 4860
f 4491 4862 4486
f 4491 4866 4862
f 4868 4867 4863
f 4867 4488 4863
f 4867 4492 4488
f 4868 4863 4864
f 4494 4866 4491
f 4494 4869 4866
f 4870 4496 4497
f 4498 4871 4497
f 4497 4871 4870
f 4492 4867 4872
f 4871 4492 4872
f 4873 4871 4872
f 4498 4492 4871
f 4874 4873 4872
f 4500 4869 4494
f 4500 4875 4869
f 4878 4877 4876
f 4502 4503 4876
f 4503 4878 4876
f 4503 4879 4878
f 4881 4880 4504
f 4880 4503 4504
f 4880 4879 4503
f 4883 4882 4881
f 4881 4882 4880
f 4506 4507 4883
f 4507 4882 4883
f 4507 4884 4882
f 4885 4507 4508
f 4885 4884 4507
f 4886 4508 4510
f 4886 4885 4508
f 4510 4512 4886
f 4886 4512 4887
f 4889 4888 4514
f 4514 4888 4513
f 4890 4514 4515
f 4890 4889 4514
f 4891 4515 4516
f 4891 4890 4515
f 4516 4496 4870
f 4892 4516 4870
f 4891 4516 4892
f 4892 4870 4871
f 4892 4871 4893
f 4893 4871 4873
f 4893 4873 4894
f 4894 4873 4874
f 4518 4875 4500
f 4518 4895 4875
f 4898 4897 4896
f 4898 4896 4877
f 4877 4896 4876
f 4896 4520 4876
f 4520 4521 4876
f 4876 4521 4502
f 4522 4881 4504
f 4881 4522 4524
f 4881 4524 4883
f 4883 4524 4506
f 4899 4887 4512
f 4899 4512 4529
f 4529 4531 4899
f 4899 4531 4900
f 4902 4901 4533
f 4533 4901 4532
f 4533 4513 4888
f 4533 4888 4902
f 4535 4904 4903
f 4895 4535 4903
f 4518 4535 4895
f 4903 4904 4897
f 4897 4904 4896
f 4904 4537 4896
f 4537 4538 4896
f 4896 4538 4520
f 4544 4906 4905
f 4900 4544 4905
f 4531 4544 4900
f 4906 4907 4905
f 4909 4908 4547
f 4547 4908 4546
f 4547 4532 4901
f 4547 4901 4909
f 4911 4910 4904
f 4535 4911 4904
f 4549 4911 4535
f 4910 4913 4912
f 4910 4912 4550
f 4904 4910 4550
f 4537 4904 4550
f 4912 4551 4550
f 4557 4914 4906
f 4557 4906 4544
f 4907 4906 4915
f 4915 4906 4914
f 4917 4916 4560
f 4560 4916 4559
f 4919 4917 4918
f 4917 4561 4918
f 4917 4560 4561
f 4920 4918 4561
f 4546 4920 4561
f 4908 4920 4546
f 4563 4911 4549
f 4563 4921 4911
f 4913 4922 4912
f 4551 4912 4922
f 4923 4551 4922
f 4564 4551 4923
f 4569 4924 4570
f 4914 4557 4570
f 4924 4914 4570
f 4925 4914 4924
f 4915 4914 4926
f 4914 4927 4926
f 4914 4925 4927
f 4927 4928 4926
f 4916 4571 4559
f 4929 4571 4916
f 4930 4919 4918
f 4930 4918 4920
f 4931 4921 4563
f 4931 4563 4573
f 4932 4573 4575
f 4932 4931 4573
f 4575 4564 4923
f 4575 4923 4932
f 4579 4933 4580
f 4924 4569 4580
f 4933 4924 4580
f 4934 4924 4933
f 4924 4935 4925
f 4924 4934 4935
f 4925 4936 4927
f 4925 4935 4936
f 4928 4927 4937
f 4927 4938 4937
f 4927 4936 4938
f 4938 4939 4937
f 4942 4941 4940
f 4929 4942 4940
f 4581 4929 4940
f 4571 4929 4581
f 4584 4943 4585
f 4933 4579 4585
f 4943 4933 4585
f 4944 4933 4943
f 4933 4945 4934
f 4933 4944 4945
f 4934 4946 4935
f 4934 4945 4946
f 4935 4947 4936
f 4935 4946 4947
f 4936 4948 4938
f 4936 4947 4948
f 4939 4938 4949
f 4938 4950 4949
f 4938 4948 4950
f 4950 4951 4949
f 4940 4941 4588
f 4941 4587 4588
f 4941 4952 4587
f 4940 4588 4581
f 4591 4953 4943
f 4591 4943 4584
f 4943 4954 4944
f 4943 4953 4954
f 4944 4955 4945
f 4944 4954 4955
f 4945 4956 4946
f 4945 4955 4956
f 4946 4957 4947
f 4946 4956 4957
f 4947 4958 4948
f 4947 4957 4958
f 4948 4959 4950
f 4948 4958 4959
f 4951 4950 4960
f 4960 4950 4959
f 4963 4962 4961
f 4952 4963 4961
f 4592 4952 4961
f 4587 4952 4592
f 4595 4964 4953
f 4595 4953 4591
f 4953 4965 4954
f 4953 4964 4965
f 4954 4966 4955
f 4954 4965 4966
f 4955 4967 4956
f 4955 4966 4967
f 4956 4968 4957
f 4956 4967 4968
f 4957 4969 4958
f 4957 4968 4969
f 4958 4970 4959
f 4958 4969 4970
f 4960 4959 4971
f 4971 4959 4970
f 4961 4962 4598
f 4962 4597 4598
f 4962 4972 4597
f 4961 4598 4592
f 4601 4973 4964
f 4601 4964 4595
f 4964 4974 4965
f 4964 4973 4974
f 4965 4975 4966
f 4965 4974 4975
f 4966 4976 4967
f 4966 4975 4976
f 4967 4977 4968
f 4967 4976 4977
f 4968 4978 4969
f 4968 4977 4978
f 4969 4979 4970
f 4969 4978 4979
f 4971 4970 4980
f 4980 4970 4979
f 4972 4603 4597
f 4981 4603 4972
f 4605 4982 4973
f 4605 4973 4601
f 4973 4983 4974
f 4973 4982 4983
f 4974 4984 4975
f 4974 4983 4984
f 4975 4985 4976
f 4975 4984 4985
f 4976 4986 4977
f 4976 4985 4986
f 4977 4987 4978
f 4977 4986 4987
f 4978 4988 4979
f 4978 4987 4988
f 4980 4979 4989
f 4989 4979 4988
f 4981 4606 4603
f 4990 4606 4981
f 4608 4991 4982
f 4608 4982 4605
f 4982 4992 4983
f 4982 4991 4992
f 4983 4993 4984
f 4983 4992 4993
f 4984 4994 4985
f 4984 4993 4994
f 4985 4995 4986
f 4985 4994 4995
f 4986 4996 4987
f 4986 4995 4996
f 4998 4988 4997
f 4988 4996 4997
f 4988 4987 4996
f 4988 4998 4989
f 5001 5000 4999
f 4990 5001 4999
f 4609 4990 4999
f 4606 4990 4609
f 4611 4991 4608
f 4991 4611 4613
f 5002 4991 4613
f 4992 4991 5002
f 4992 5003 4993
f 4992 5002 5003
f 4993 5004 4994
f 4993 5003 5004
f 4994 5005 4995
f 4994 5004 5005
f 4995 5006 4996
f 4995 5005 5006
f 4997 4996 5007
f 5007 4996 5006
f 4999 5000 5008
f 5008 5000 5009
f 5008 4614 4609
f 5008 4609 4999
f 4616 5002 4613
f 5002 4616 4618
f 5010 5002 4618
f 5003 5002 5010
f 5003 5011 5004
f 5003 5010 5011
f 5004 5012 5005
f 5004 5011 5012
f 5005 5013 5006
f 5005 5012 5013
f 5007 5006 5014
f 5006 5015 5014
f 5006 5013 5015
f 5015 5016 5014
f 5008 5009 5017
f 5017 5009 5018
f 5017 4619 4614
f 5017 4614 5008
f 4622 5010 4618
f 5010 4622 4624
f 5019 5010 4624
f 5011 5010 5019
f 5011 5020 5012
f 5011 5019 5020
f 5012 5021 5013
f 5012 5020 5021
f 5013 5022 5015
f 5013 5021 5022
f 5016 5015 5023
f 5023 5015 5022
f 5017 5018 4627
f 5018 4626 4627
f 5018 5024 4626
f 5017 4627 4619
f 4631 5025 5019
f 4631 5019 4624
f 5019 5026 5020
f 5019 5025 5026
f 5020 5027 5021
f 5020 5026 5027
f 5021 5028 5022
f 5021 5027 5028
f 5023 5022 5029
f 5022 5030 5029
f 5022 5028 5030
f 5032 5031 5030
f 5030 5031 5029
f 5032 5033 5031
f 5036 5035 5034
f 5024 5036 5034
f 4633 5024 5034
f 4626 5024 4633
f 4636 5025 4631
f 5025 4636 4638
f 5037 5025 4638
f 5026 5025 5037
f 5026 5038 5027
f 5026 5037 5038
f 5027 5039 5028
f 5027 5038 5039
f 5028 5040 5030
f 5028 5039 5040
f 5030 5041 5032
f 5030 5040 5041
f 5033 5032 5042
f 5042 5032 5041
f 5034 5035 4641
f 5035 4640 4641
f 5035 5043 4640
f 5034 4641 4633
f 4643 5044 4644
f 5037 4638 4644
f 5044 5037 4644
f 5045 5037 5044
f 5037 5046 5038
f 5037 5045 5046
f 5038 5047 5039
f 5038 5046 5047
f 5039 5048 5040
f 5039 5047 5048
f 5040 5049 5041
f 5040 5048 5049
f 5042 5041 5050
f 5041 5051 5050
f 5041 5049 5051
f 5051 5052 5050
f 5055 5054 5053
f 5043 5055 5053
f 4646 5043 5053
f 4640 5043 4646
f 4648 5056 5044
f 4648 5044 4643
f 5044 5057 5045
f 5044 5056 5057
f 5045 5058 5046
f 5045 5057 5058
f 5046 5059 5047
f 5046 5058 5059
f 5047 5060 5048
f 5047 5059 5060
f 5048 5061 5049
f 5048 5060 5061
f 5049 5062 5051
f 5049 5061 5062
f 5052 5051 5063
f 5063 5051 5062
f 5053 5054 5064
f 5064 5054 5065
f 5064 4649 4646
f 5064 4646 5053
f 4651 5056 4648
f 5056 4651 4653
f 5056 4653 5057
f 5057 4653 4655
f 5057 4655 5058
f 5058 4655 4657
f 5058 4657 5059
f 5059 4657 4659
f 5059 4659 5060
f 5060 4659 4661
f 5060 4661 5061
f 5061 4661 4663
f 5066 5061 4663
f 5062 5061 5066
f 5063 5062 5067
f 5067 5062 5066
f 5064 5065 5068
f 5068 5065 5069
f 5068 4664 4649
f 5068 4649 5064
f 4671 5070 5066
f 4671 5066 4663
f 5067 5066 5071
f 5071 5066 5070
f 5068 5069 5072
f 5072 5069 5073
f 5072 4672 4664
f 5072 4664 5068
f 4675 5070 4671
f 4675 4677 5070
f 4677 5071 5070
f 4677 5074 5071
f 5072 5073 5075
f 5075 5073 5076
f 5075 4678 4672
f 5075 4672 5072
f 4679 5078 5077
f 5074 4679 5077
f 4677 4679 5074
f 5078 5079 5077
f 5076 5080 5075
f 4678 5075 5080
f 5081 4678 5080
f 4681 4678 5081
f 4682 5078 4679
f 4682 4683 5078
f 4683 5079 5078
f 4683 5082 5079
f 5081 4685 4681
f 5083 4685 5081
f 4686 5082 4683
f 4686 5084 5082
f 5083 4688 4685
f 5085 4688 5083
f 4689 5084 4686
f 4689 5086 5084
f 4690 4688 5087
f 4688 5088 5087
f 4688 5085 5088
f 5087 4691 4690
f 4692 5086 4689
f 4692 5089 5086
f 5088 5090 5087
f 4691 5087 5090
f 5091 4691 5090
f 4693 4691 5091
f 4694 5089 4692
f 4694 5092 5089
f 5091 4695 4693
f 5093 4695 5091
f 5095 5094 4697
f 5095 4697 4698
f 4694 4697 5092
f 5092 4697 5094
f 5093 4699 4695
f 5096 4699 5093
f 4700 5095 4698
f 4700 5097 5095
f 5096 4701 4699
f 5098 4701 5096
f 4702 5097 4700
f 4702 5099 5097
f 5098 4703 4701
f 5100 4703 5098
f 5102 5101 4704
f 5102 4704 4705
f 4702 4704 5099
f 5099 4704 5101
f 5100 4706 4703
f 5103 4706 5100
f 5105 5104 4708
f 5105 4708 4709
f 4705 4708 5102
f 5102 4708 5104
f 5103 4710 4706
f 5106 4710 5103
f 4712 5105 4709
f 4712 5107 5105
f 5106 4714 4710
f 5108 4714 5106
f 5110 5109 4717
f 5110 4717 4716
f 4717 5111 4719
f 5109 5111 4717
f 4720 4719 5111
f 4720 5111 5112
f 4722 5107 4712
f 4722 5113 5107
f 4723 4714 5114
f 4714 5115 5114
f 4714 5108 5115
f 5114 4724 4723
f 4728 5116 4729
f 4729 5116 5117
f 5118 4729 5117
f 4730 4729 5118
f 4716 4730 5110
f 5110 4730 5118
f 5112 4731 4720
f 5119 4731 5112
f 5121 5120 4732
f 5121 4732 4733
f 4722 4732 5113
f 5113 4732 5120
f 5114 5115 5122
f 5122 5115 5123
f 5122 4734 4724
f 5122 4724 5114
f 4738 5124 4737
f 4737 5124 5125
f 5126 4737 5125
f 4739 4737 5126
f 4739 5127 4740
f 5126 5127 4739
f 4740 5128 4741
f 5127 5128 4740
f 4728 4741 5116
f 4741 5129 5116
f 4741 5128 5129
f 5116 5129 5117
f 5119 4743 4731
f 5130 4743 5119
f 4745 5121 4733
f 4745 5131 5121
f 5122 5123 5132
f 5132 5123 5133
f 5132 4746 4734
f 5132 4734 5122
f 4748 5124 4738
f 4748 4750 5124
f 4750 5125 5124
f 4750 5134 5125
f 5130 5135 4743
f 4743 5135 4751
f 5135 5137 5136
f 4752 5135 5136
f 4751 5135 4752
f 5138 4753 4752
f 5138 4752 5136
f 4753 5138 5139
f 5140 4753 5139
f 4754 4753 5140
f 4745 4754 5131
f 5131 4754 5140
f 5132 5133 5141
f 5141 5133 5142
f 5141 4756 4746
f 5141 4746 5132
f 4759 5134 4750
f 4759 5143 5134
f 5137 5144 5136
f 5136 5144 5138
f 5138 5144 5145
f 5138 5145 5139
f 5142 5146 5141
f 4756 5141 5146
f 5147 4756 5146
f 4761 4756 5147
f 4764 5148 4765
f 5148 5149 4765
f 5149 4759 4765
f 5149 5143 4759
f 5147 4767 4761
f 5150 4767 5147
f 4771 5151 4772
f 5151 5152 4772
f 4772 5152 4764
f 5152 5153 4764
f 5153 5148 4764
f 5148 5153 5149
f 4773 4767 5154
f 4767 5155 5154
f 4767 5150 5155
f 5154 4774 4773
f 4777 5156 4778
f 5156 5157 4778
f 4778 5157 4771
f 5157 5158 4771
f 5158 5151 4771
f 5151 5158 5152
f 5154 5155 5159
f 5159 5155 5160
f 5159 4780 4774
f 5159 4774 5154
f 4783 5161 4784
f 5156 4777 4784
f 5161 5156 4784
f 5162 5156 5161
f 5157 5156 5163
f 5163 5156 5162
f 5160 5164 5159
f 5164 5166 5165
f 5164 5165 4785
f 5159 5164 4785
f 4780 5159 4785
f 5165 4787 4785
f 4793 5167 4794
f 5161 4783 4794
f 5167 5161 4794
f 5168 5161 5167
f 5170 5162 5169
f 5162 5168 5169
f 5162 5161 5168
f 5162 5170 5163
f 5166 5171 5165
f 5171 5173 5172
f 5171 5172 4795
f 5165 5171 4795
f 4787 5165 4795
f 5172 4797 4795
f 4799 5174 4800
f 5175 4801 4800
f 5175 4800 5174
f 5175 4803 4801
f 4804 5176 4805
f 5167 4793 4805
f 5176 5167 4805
f 5177 5167 5176
f 5179 5168 5178
f 5168 5177 5178
f 5168 5167 5177
f 5168 5179 5169
f 5173 5180 5172
f 5172 5180 4797
f 5180 4806 4797
f 5180 5181 4806
f 5181 5183 5182
f 4807 5181 5182
f 4806 5181 4807
f 5182 4808 4807
f 4810 5184 4809
f 4809 5184 5185
f 5186 4809 5185
f 4811 4809 5186
f 4799 4811 5174
f 4811 5187 5174
f 4811 5186 5187
f 5189 5188 5187
f 5188 5174 5187
f 5188 5175 5174
f 5190 4812 4803
f 5175 5190 4803
f 5188 5190 5175
f 5190 5191 4812
f 4812 5191 4804
f 5191 5192 4804
f 5192 5176 4804
f 5176 5192 5177
f 5177 5192 5193
f 5177 5193 5178
f 5183 5194 5182
f 5182 5194 4808
f 5194 4813 4808
f 5194 5195 4813
f 4813 5196 4814
f 5195 5196 4813
f 4815 4814 5196
f 4815 5196 5197
f 4817 5198 4816
f 5198 5199 4816
f 4816 5199 4810
f 5199 5200 4810
f 5200 5184 4810
f 5184 5200 5185
f 5189 5201 5188
f 5188 5201 5190
f 5190 5201 5202
f 5190 5202 5191
f 5197 5203 4815
f 4815 5203 4818
f 4818 5204 4819
f 5203 5204 4818
f 4820 4819 5204
f 4820 5204 5205
f 4822 5206 4821
f 5206 5207 4821
f 4821 5207 4817
f 5207 5208 4817
f 5208 5198 4817
f 5198 5208 5199
f 5205 5209 4820
f 4820 5209 4823
f 4823 5210 4824
f 5209 5210 4823
f 4824 5211 4825
f 5210 5211 4824
f 4825 5212 4826
f 5211 5212 4825
f 4826 5213 4827
f 5212 5213 4826
f 4827 5214 4828
f 5213 5214 4827
f 4822 4828 5206
f 4828 5215 5206
f 4828 5214 5215
f 5206 5215 5207
f 5216 4832 4833
f 4834 5217 4833
f 4833 5217 5216
f 4835 5218 4834
f 4834 5218 5217
f 4836 5218 4835
f 5220 5219 5216
f 5219 4832 5216
f 5219 4837 4832
f 5220 5216 5217
f 5220 5217 5221
f 5221 5217 5218
f 5221 5218 5222
f 5218 4836 5222
f 4836 5223 5222
f 4836 4838 5223
f 5224 4840 4841
f 5224 4841 5225
f 4841 5226 5225
f 4841 4842 5226
f 5227 4842 4843
f 5227 5226 4842
f 4843 4837 5219
f 4843 5219 5227
f 4838 4844 5228
f 5229 4838 5228
f 5223 4838 5229
f 4845 5228 4844
f 5232 5231 5230
f 4846 4847 5230
f 4847 5232 5230
f 4847 5233 5232
f 4847 4840 5224
f 5234 4847 5224
f 5233 4847 5234
f 5234 5224 5225
f 5229 5228 5235
f 5229 5235 5236
f 4848 5235 4845
f 4845 5235 5228
f 5239 5238 5237
f 5239 5237 5231
f 5231 5237 5230
f 5237 4849 5230
f 4849 4850 5230
f 5230 4850 4846
f 5240 5236 5235
f 5235 4848 5240
f 4848 5241 5240
f 4848 4851 5241
f 5244 5243 5242
f 5244 5242 5238
f 5238 5242 5237
f 5242 4852 5237
f 4852 4853 5237
f 5237 4853 4849
f 4854 5241 4851
f 4854 5245 5241
f 5248 5247 5246
f 5248 5246 5243
f 5243 5246 5242
f 5246 4856 5242
f 4856 4857 5242
f 5242 4857 4852
f 4858 5245 4854
f 4858 5249 5245
f 5246 5247 4861
f 5247 4860 4861
f 5247 5250 4860
f 5246 4861 4856
f 4862 5249 4858
f 4862 5251 5249
f 5253 5252 4865
f 4865 5252 4864
f 4865 4860 5250
f 4865 5250 5253
f 4866 5251 4862
f 4866 5254 5251
f 5255 4867 4868
f 5256 5255 4868
f 4864 5256 4868
f 5252 5256 4864
f 4869 5254 4866
f 4869 5257 5254
f 5260 5259 5258
f 5262 5261 5258
f 5258 5261 5260
f 5264 5263 5262
f 5262 5263 5261
f 5264 5265 5263
f 5268 5267 5266
f 5266 5269 5268
f 5255 4872 4867
f 4874 4872 5255
f 5256 4874 5255
f 5270 4874 5256
f 4875 5257 4869
f 4875 5271 5257
f 5273 5272 4878
f 4878 5272 4877
f 5274 4878 4879
f 5274 5273 4878
f 4880 5258 5259
f 5274 4880 5259
f 4879 4880 5274
f 5258 4880 4882
f 5258 4882 5262
f 5262 4882 4884
f 5262 4884 5264
f 5275 5265 5264
f 4884 5275 5264
f 4885 5275 4884
f 5276 4885 4886
f 5276 5275 4885
f 4886 4887 5276
f 5276 4887 5277
f 5278 4888 4889
f 5267 5279 5266
f 5279 5269 5266
f 5281 5278 5280
f 4889 5280 5278
f 5280 4889 4890
f 5282 4890 4891
f 5282 5280 4890
f 5283 4891 4892
f 5283 5282 4891
f 5284 4892 4893
f 5284 5283 4892
f 5285 4893 4894
f 5285 5284 4893
f 4894 4874 5270
f 4894 5270 5285
f 4895 5287 5286
f 5271 4895 5286
f 4875 4895 5271
f 4897 4898 5287
f 4898 5286 5287
f 4898 5288 5286
f 4898 4877 5272
f 4898 5272 5288
f 5289 5277 4887
f 5289 4887 4899
f 4899 4900 5289
f 5289 4900 5290
f 5292 5291 4902
f 4902 5291 4901
f 4902 4888 5278
f 5293 4902 5278
f 5292 4902 5293
f 5293 5278 5281
f 4903 5287 4895
f 5287 4903 4897
f 5294 5290 4900
f 5294 4900 4905
f 4905 4907 5294
f 5294 4907 5295
f 5297 5296 4909
f 4909 5296 4908
f 4909 4901 5291
f 4909 5291 5297
f 4911 5298 4910
f 5298 4913 4910
f 4915 5300 5299
f 5295 4915 5299
f 4907 4915 5295
f 5300 5301 5299
f 5302 4916 4917
f 4919 5302 4917
f 5296 4920 4908
f 5303 4920 5296
f 4921 5304 5298
f 4921 5298 4911
f 5305 4922 4913
f 5298 5305 4913
f 5304 5305 5298
f 5305 4923 4922
f 4926 5300 4915
f 5307 5306 4928
f 4928 5306 4926
f 5306 5301 4926
f 5301 5300 4926
f 5307 5308 5306
f 5309 4929 5302
f 5302 4929 4916
f 5309 5302 4919
f 5310 5309 4919
f 4930 5310 4919
f 5311 5309 5310
f 4930 4920 5303
f 4930 5303 5310
f 4931 5304 4921
f 5304 4931 4932
f 5304 4932 5305
f 5305 4932 4923
f 4937 5307 4928
f 5313 5312 4939
f 4939 5312 4937
f 5312 5308 4937
f 5308 5307 4937
f 5315 5314 5313
f 5313 5314 5312
f 5315 5316 5314
f 5317 4941 4942
f 5318 5317 4942
f 5318 4942 4929
f 5319 5318 4929
f 5309 5319 4929
f 5319 5309 5311
f 4949 5313 4939
f 5313 4949 4951
f 5320 5313 4951
f 5315 5313 5320
f 5316 5315 5321
f 5321 5315 5320
f 5324 5323 5322
f 5325 5324 5317
f 5324 4952 5317
f 4952 4941 5317
f 5324 5322 4952
f 5325 5317 5318
f 4960 5326 5320
f 4960 5320 4951
f 5321 5320 5327
f 5327 5320 5326
f 5322 5323 4963
f 5323 4962 4963
f 5323 5328 4962
f 5322 4963 4952
f 4971 5329 5326
f 4971 5326 4960
f 5327 5326 5330
f 5330 5326 5329
f 5328 4972 4962
f 5331 4972 5328
f 4980 5332 5329
f 4980 5329 4971
f 5330 5329 5333
f 5333 5329 5332
f 5331 4981 4972
f 5334 4981 5331
f 4989 5335 5332
f 4989 5332 4980
f 5333 5332 5336
f 5336 5332 5335
f 5334 4990 4981
f 5337 4990 5334
f 4997 5338 4998
f 5335 4989 4998
f 5338 5335 4998
f 5339 5335 5338
f 5336 5335 5340
f 5340 5335 5339
f 5342 5341 5001
f 5001 5341 5000
f 5001 4990 5337
f 5001 5337 5342
f 5007 5343 5338
f 5007 5338 4997
f 5338 5344 5339
f 5338 5343 5344
f 5340 5339 5345
f 5345 5339 5344
f 5341 5009 5000
f 5346 5009 5341
f 5014 5343 5007
f 5343 5014 5016
f 5347 5343 5016
f 5344 5343 5347
f 5345 5344 5348
f 5348 5344 5347
f 5346 5018 5009
f 5349 5018 5346
f 5023 5350 5347
f 5023 5347 5016
f 5348 5347 5351
f 5347 5352 5351
f 5347 5350 5352
f 5354 5353 5352
f 5352 5353 5351
f 5354 5355 5353
f 5358 5357 5356
f 5349 5358 5356
f 5024 5349 5356
f 5018 5349 5024
f 5029 5350 5023
f 5350 5029 5031
f 5350 5031 5352
f 5352 5031 5033
f 5359 5352 5033
f 5354 5352 5359
f 5355 5354 5360
f 5360 5354 5359
f 5356 5357 5036
f 5357 5035 5036
f 5357 5361 5035
f 5356 5036 5024
f 5042 5362 5359
f 5042 5359 5033
f 5360 5359 5363
f 5363 5359 5362
f 5366 5365 5364
f 5361 5366 5364
f 5043 5361 5364
f 5035 5361 5043
f 5050 5362 5042
f 5050 5052 5362
f 5052 5363 5362
f 5052 5367 5363
f 5364 5365 5055
f 5365 5054 5055
f 5365 5368 5054
f 5364 5055 5043
f 5063 5367 5052
f 5063 5369 5367
f 5368 5065 5054
f 5370 5065 5368
f 5067 5369 5063
f 5067 5371 5369
f 5370 5069 5065
f 5372 5069 5370
f 5071 5371 5067
f 5071 5373 5371
f 5372 5073 5069
f 5374 5073 5372
f 5074 5373 5071
f 5074 5375 5373
f 5374 5076 5073
f 5376 5076 5374
f 5074 5077 5377
f 5378 5074 5377
f 5375 5074 5378
f 5079 5377 5077
f 5376 5379 5076
f 5076 5379 5080
f 5081 5080 5379
f 5081 5379 5380
f 5378 5377 5381
f 5378 5381 5382
f 5082 5381 5079
f 5079 5381 5377
f 5380 5083 5081
f 5383 5083 5380
f 5382 5381 5384
f 5382 5384 5385
f 5084 5384 5082
f 5082 5384 5381
f 5383 5085 5083
f 5386 5085 5383
f 5385 5384 5387
f 5385 5387 5388
f 5086 5387 5084
f 5084 5387 5384
f 5386 5088 5085
f 5389 5088 5386
f 5388 5387 5390
f 5388 5390 5391
f 5089 5390 5086
f 5086 5390 5387
f 5090 5088 5392
f 5088 5393 5392
f 5088 5389 5393
f 5392 5091 5090
f 5391 5390 5394
f 5391 5394 5395
f 5092 5394 5089
f 5089 5394 5390
f 5393 5396 5392
f 5091 5392 5396
f 5397 5091 5396
f 5093 5091 5397
f 5395 5394 5094
f 5095 5395 5094
f 5398 5395 5095
f 5094 5394 5092
f 5401 5400 5399
f 5397 5401 5399
f 5096 5397 5399
f 5093 5397 5096
f 5097 5398 5095
f 5097 5402 5398
f 5399 5400 5403
f 5403 5400 5404
f 5403 5098 5096
f 5403 5096 5399
f 5407 5406 5405
f 5406 5402 5405
f 5402 5099 5405
f 5402 5097 5099
f 5403 5404 5408
f 5408 5404 5409
f 5408 5100 5098
f 5408 5098 5403
f 5407 5405 5101
f 5102 5407 5101
f 5410 5407 5102
f 5101 5405 5099
f 5408 5409 5411
f 5411 5409 5412
f 5411 5103 5100
f 5411 5100 5408
f 5414 5413 5104
f 5414 5104 5105
f 5102 5104 5410
f 5410 5104 5413
f 5412 5415 5411
f 5103 5411 5415
f 5416 5103 5415
f 5106 5103 5416
f 5107 5414 5105
f 5107 5417 5414
f 5416 5108 5106
f 5418 5108 5416
f 5110 5419 5109
f 5109 5419 5420
f 5421 5109 5420
f 5111 5109 5421
f 5423 5422 5112
f 5111 5423 5112
f 5421 5423 5111
f 5424 5422 5423
f 5113 5417 5107
f 5113 5425 5417
f 5418 5115 5108
f 5426 5115 5418
f 5428 5427 5118
f 5428 5118 5117
f 5110 5118 5419
f 5118 5429 5419
f 5118 5427 5429
f 5419 5429 5420
f 5431 5430 5422
f 5430 5112 5422
f 5430 5119 5112
f 5431 5422 5424
f 5433 5432 5120
f 5433 5120 5121
f 5113 5120 5425
f 5425 5120 5432
f 5426 5123 5115
f 5434 5123 5426
f 5125 5435 5126
f 5126 5435 5436
f 5437 5126 5436
f 5127 5126 5437
f 5127 5438 5128
f 5437 5438 5127
f 5128 5439 5129
f 5438 5439 5128
f 5117 5129 5428
f 5428 5129 5439
f 5430 5130 5119
f 5440 5130 5430
f 5131 5433 5121
f 5131 5441 5433
f 5434 5133 5123
f 5442 5133 5434
f 5134 5443 5435
f 5134 5435 5125
f 5436 5435 5444
f 5444 5435 5443
f 5440 5445 5130
f 5130 5445 5135
f 5137 5135 5445
f 5137 5445 5446
f 5448 5447 5140
f 5448 5140 5139
f 5131 5140 5441
f 5441 5140 5447
f 5442 5142 5133
f 5449 5142 5442
f 5143 5450 5443
f 5143 5443 5134
f 5444 5443 5451
f 5451 5443 5450
f 5446 5452 5137
f 5137 5452 5144
f 5144 5453 5145
f 5452 5453 5144
f 5139 5145 5448
f 5448 5145 5453
f 5146 5142 5454
f 5142 5455 5454
f 5142 5449 5455
f 5454 5147 5146
f 5149 5456 5450
f 5149 5450 5143
f 5451 5450 5457
f 5457 5450 5456
f 5454 5455 5458
f 5458 5455 5459
f 5458 5150 5147
f 5458 5147 5454
f 5152 5460 5153
f 5460 5461 5153
f 5153 5461 5149
f 5461 5462 5149
f 5462 5456 5149
f 5456 5462 5457
f 5459 5463 5458
f 5150 5458 5463
f 5464 5150 5463
f 5155 5150 5464
f 5157 5465 5158
f 5465 5466 5158
f 5158 5466 5152
f 5466 5467 5152
f 5467 5460 5152
f 5460 5467 5461
f 5464 5160 5155
f 5468 5160 5464
f 5163 5469 5465
f 5163 5465 5157
f 5466 5465 5470
f 5470 5465 5469
f 5468 5471 5160
f 5160 5471 5164
f 5166 5164 5471
f 5166 5471 5472
f 5169 5473 5170
f 5473 5474 5170
f 5170 5474 5163
f 5474 5475 5163
f 5475 5469 5163
f 5469 5475 5470
f 5472 5476 5166
f 5166 5476 5171
f 5173 5171 5476
f 5173 5476 5477
f 5178 5478 5179
f 5478 5479 5179
f 5179 5479 5169
f 5479 5480 5169
f 5480 5473 5169
f 5473 5480 5474
f 5477 5481 5173
f 5173 5481 5180
f 5481 5483 5482
f 5181 5481 5482
f 5180 5481 5181
f 5482 5183 5181
f 5185 5484 5186
f 5485 5187 5186
f 5485 5186 5484
f 5485 5189 5187
f 5191 5486 5192
f 5487 5193 5192
f 5487 5192 5486
f 5487 5488 5193
f 5193 5488 5178
f 5488 5489 5178
f 5489 5478 5178
f 5478 5489 5479
f 5483 5490 5482
f 5482 5490 5183
f 5490 5194 5183
f 5490 5491 5194
f 5194 5492 5195
f 5491 5492 5194
f 5492 5494 5493
f 5196 5492 5493
f 5195 5492 5196
f 5493 5197 5196
f 5496 5495 5200
f 5496 5200 5199
f 5185 5200 5484
f 5200 5497 5484
f 5200 5495 5497
f 5484 5497 5485
f 5485 5497 5498
f 5485 5498 5189
f 5498 5201 5189
f 5498 5499 5201
f 5201 5500 5202
f 5499 5500 5201
f 5191 5202 5486
f 5202 5501 5486
f 5202 5500 5501
f 5486 5501 5487
f 5487 5501 5502
f 5487 5502 5488
f 5494 5503 5493
f 5493 5503 5197
f 5503 5203 5197
f 5503 5504 5203
f 5203 5505 5204
f 5504 5505 5203
f 5507 5506 5205
f 5204 5507 5205
f 5505 5507 5204
f 5508 5506 5507
f 5510 5509 5208
f 5510 5208 5207
f 5199 5208 5496
f 5496 5208 5509
f 5506 5209 5205
f 5508 5511 5506
f 5511 5209 5506
f 5511 5210 5209
f 5210 5512 5211
f 5511 5512 5210
f 5211 5513 5212
f 5512 5513 5211
f 5212 5514 5213
f 5513 5514 5212
f 5213 5515 5214
f 5514 5515 5213
f 5214 5516 5215
f 5515 5516 5214
f 5207 5215 5510
f 5510 5215 5516
f 5517 5219 5220
f 5221 5518 5220
f 5220 5518 5517
f 5222 5519 5221
f 5221 5519 5518
f 5223 5519 5222
f 5520 5225 5226
f 5227 5521 5226
f 5226 5521 5520
f 5522 5521 5227
f 5522 5227 5219
f 5523 5522 5219
f 5517 5523 5219
f 5523 5517 5518
f 5523 5518 5524
f 5526 5525 5524
f 5518 5526 5524
f 5519 5526 5518
f 5229 5526 5223
f 5223 5526 5519
f 5528 5527 5232
f 5232 5527 5231
f 5529 5232 5233
f 5529 5528 5232
f 5530 5233 5234
f 5530 5529 5233
f 5234 5225 5520
f 5531 5234 5520
f 5530 5234 5531
f 5531 5520 5521
f 5531 5521 5532
f 5532 5521 5522
f 5533 5525 5526
f 5526 5229 5533
f 5229 5534 5533
f 5229 5236 5534
f 5536 5535 5239
f 5239 5535 5238
f 5239 5231 5527
f 5239 5527 5536
f 5236 5240 5537
f 5538 5236 5537
f 5534 5236 5538
f 5241 5537 5240
f 5540 5539 5244
f 5244 5539 5243
f 5244 5238 5535
f 5244 5535 5540
f 5538 5537 5541
f 5538 5541 5542
f 5245 5541 5241
f 5241 5541 5537
f 5544 5543 5248
f 5248 5543 5247
f 5248 5243 5539
f 5248 5539 5544
f 5542 5541 5545
f 5542 5545 5546
f 5249 5545 5245
f 5245 5545 5541
f 5549 5548 5547
f 5551 5550 5547
f 5547 5550 5549
f 5551 5552 5550
f 5555 5554 5553
f 5543 5555 5553
f 5250 5543 5553
f 5247 5543 5250
f 5546 5545 5556
f 5546 5556 5557
f 5251 5556 5249
f 5249 5556 5545
f 5547 5548 5558
f 5558 5548 5559
f 5547 5560 5551
f 5547 5558 5560
f 5552 5551 5561
f 5561 5551 5560
f 5553 5554 5253
f 5554 5252 5253
f 5554 5562 5252
f 5553 5253 5250
f 5557 5556 5563
f 5557 5563 5564
f 5254 5563 5251
f 5251 5563 5556
f 5567 5566 5565
f 5567 5565 5559
f 5565 5558 5559
f 5565 5568 5558
f 5558 5569 5560
f 5558 5568 5569
f 5561 5560 5570
f 5570 5560 5569
f 5573 5572 5571
f 5571 5574 5573
f 5562 5256 5252
f 5575 5256 5562
f 5564 5563 5576
f 5564 5576 5577
f 5257 5576 5254
f 5254 5576 5563
f 5580 5579 5578
f 5580 5578 5566
f 5566 5578 5565
f 5578 5259 5565
f 5259 5260 5565
f 5565 5260 5261
f 5565 5261 5568
f 5568 5261 5263
f 5568 5263 5569
f 5582 5581 5265
f 5265 5581 5263
f 5581 5570 5263
f 5570 5569 5263
f 5582 5583 5581
f 5586 5585 5584
f 5586 5584 5572
f 5572 5584 5571
f 5584 5267 5571
f 5267 5268 5571
f 5268 5269 5571
f 5269 5574 5571
f 5269 5587 5574
f 5590 5589 5588
f 5575 5590 5588
f 5270 5575 5588
f 5256 5575 5270
f 5591 5577 5576
f 5576 5257 5591
f 5257 5592 5591
f 5257 5271 5592
f 5594 5593 5273
f 5273 5593 5272
f 5274 5578 5579
f 5594 5274 5579
f 5273 5274 5594
f 5578 5274 5259
f 5275 5582 5265
f 5275 5276 5582
f 5276 5595 5582
f 5595 5583 5582
f 5276 5596 5595
f 5277 5596 5276
f 5585 5597 5584
f 5584 5597 5267
f 5597 5279 5267
f 5597 5598 5279
f 5599 5281 5280
f 5587 5269 5598
f 5279 5598 5269
f 5282 5600 5280
f 5280 5600 5599
f 5283 5601 5282
f 5282 5601 5600
f 5601 5283 5602
f 5283 5603 5602
f 5283 5284 5603
f 5285 5588 5589
f 5603 5285 5589
f 5284 5285 5603
f 5588 5285 5270
f 5271 5286 5604
f 5605 5271 5604
f 5592 5271 5605
f 5604 5286 5606
f 5286 5607 5606
f 5286 5288 5607
f 5288 5272 5593
f 5288 5593 5607
f 5608 5595 5596
f 5610 5608 5609
f 5609 5608 5289
f 5608 5596 5289
f 5596 5277 5289
f 5290 5609 5289
f 5612 5611 5292
f 5292 5611 5291
f 5613 5292 5293
f 5613 5612 5292
f 5293 5281 5599
f 5614 5293 5599
f 5613 5293 5614
f 5614 5599 5600
f 5614 5600 5615
f 5615 5600 5601
f 5615 5601 5616
f 5616 5601 5602
f 5617 5605 5604
f 5617 5604 5606
f 5618 5610 5609
f 5620 5618 5619
f 5619 5618 5294
f 5618 5609 5294
f 5609 5290 5294
f 5295 5619 5294
f 5622 5621 5297
f 5297 5621 5296
f 5297 5291 5611
f 5297 5611 5622
f 5623 5620 5619
f 5623 5619 5295
f 5299 5623 5295
f 5624 5623 5299
f 5299 5301 5624
f 5624 5301 5625
f 5621 5303 5296
f 5626 5303 5621
f 5627 5625 5301
f 5627 5301 5306
f 5306 5308 5627
f 5627 5308 5628
f 5630 5629 5310
f 5310 5629 5311
f 5310 5303 5626
f 5310 5626 5630
f 5631 5628 5308
f 5631 5308 5312
f 5632 5312 5314
f 5632 5631 5312
f 5314 5316 5632
f 5632 5316 5633
f 5635 5634 5319
f 5319 5634 5318
f 5319 5311 5629
f 5319 5629 5635
f 5321 5633 5316
f 5321 5636 5633
f 5637 5323 5324
f 5325 5638 5324
f 5324 5638 5637
f 5639 5638 5325
f 5318 5639 5325
f 5634 5639 5318
f 5327 5641 5640
f 5636 5327 5640
f 5321 5327 5636
f 5641 5642 5640
f 5644 5643 5637
f 5643 5323 5637
f 5643 5328 5323
f 5644 5637 5638
f 5644 5638 5645
f 5645 5638 5639
f 5330 5646 5641
f 5330 5641 5327
f 5642 5641 5647
f 5647 5641 5646
f 5643 5331 5328
f 5648 5331 5643
f 5650 5649 5646
f 5330 5650 5646
f 5333 5650 5330
f 5646 5649 5647
f 5648 5334 5331
f 5651 5334 5648
f 5336 5650 5333
f 5336 5652 5650
f 5651 5337 5334
f 5653 5337 5651
f 5340 5652 5336
f 5340 5654 5652
f 5656 5655 5342
f 5342 5655 5341
f 5342 5337 5653
f 5342 5653 5656
f 5345 5654 5340
f 5345 5657 5654
f 5655 5346 5341
f 5658 5346 5655
f 5348 5660 5659
f 5657 5348 5659
f 5345 5348 5657
f 5660 5661 5659
f 5658 5349 5346
f 5662 5349 5658
f 5351 5660 5348
f 5663 5661 5660
f 5351 5663 5660
f 5353 5663 5351
f 5353 5355 5663
f 5663 5355 5664
f 5666 5665 5358
f 5358 5665 5357
f 5358 5349 5662
f 5358 5662 5666
f 5360 5668 5667
f 5664 5360 5667
f 5355 5360 5664
f 5668 5669 5667
f 5672 5671 5670
f 5665 5672 5670
f 5361 5665 5670
f 5357 5665 5361
f 5363 5673 5668
f 5363 5668 5360
f 5669 5668 5674
f 5674 5668 5673
f 5670 5671 5366
f 5671 5365 5366
f 5671 5675 5365
f 5670 5366 5361
f 5367 5676 5673
f 5367 5673 5363
f 5674 5673 5677
f 5677 5673 5676
f 5675 5368 5365
f 5678 5368 5675
f 5680 5679 5676
f 5367 5680 5676
f 5369 5680 5367
f 5676 5679 5677
f 5678 5370 5368
f 5681 5370 5678
f 5371 5680 5369
f 5371 5682 5680
f 5681 5372 5370
f 5683 5372 5681
f 5373 5682 5371
f 5373 5684 5682
f 5683 5374 5372
f 5685 5374 5683
f 5375 5684 5373
f 5375 5686 5684
f 5685 5376 5374
f 5687 5376 5685
f 5378 5686 5375
f 5378 5688 5686
f 5687 5689 5376
f 5376 5689 5379
f 5380 5379 5689
f 5380 5689 5690
f 5382 5688 5378
f 5382 5691 5688
f 5690 5383 5380
f 5692 5383 5690
f 5695 5694 5693
f 5694 5691 5693
f 5691 5385 5693
f 5691 5382 5385
f 5692 5386 5383
f 5696 5386 5692
f 5695 5693 5697
f 5695 5697 5698
f 5388 5697 5385
f 5385 5697 5693
f 5696 5389 5386
f 5699 5389 5696
f 5700 5698 5697
f 5697 5388 5700
f 5388 5701 5700
f 5388 5391 5701
f 5699 5393 5389
f 5702 5393 5699
f 5395 5701 5391
f 5395 5703 5701
f 5396 5393 5704
f 5393 5705 5704
f 5393 5702 5705
f 5704 5397 5396
f 5398 5703 5395
f 5398 5706 5703
f 5704 5705 5401
f 5705 5400 5401
f 5705 5707 5400
f 5704 5401 5397
f 5710 5709 5708
f 5709 5706 5708
f 5706 5402 5708
f 5706 5398 5402
f 5707 5404 5400
f 5711 5404 5707
f 5710 5708 5406
f 5407 5710 5406
f 5712 5710 5407
f 5406 5708 5402
f 5711 5409 5404
f 5713 5409 5711
f 5716 5715 5714
f 5715 5712 5714
f 5712 5410 5714
f 5712 5407 5410
f 5713 5412 5409
f 5717 5412 5713
f 5716 5714 5413
f 5414 5716 5413
f 5718 5716 5414
f 5413 5714 5410
f 5415 5412 5719
f 5412 5720 5719
f 5412 5717 5720
f 5719 5416 5415
f 5417 5718 5414
f 5417 5721 5718
f 5720 5722 5719
f 5416 5719 5722
f 5723 5416 5722
f 5418 5416 5723
f 5420 5724 5421
f 5725 5423 5421
f 5725 5421 5724
f 5725 5424 5423
f 5728 5727 5726
f 5727 5721 5726
f 5721 5425 5726
f 5721 5417 5425
f 5723 5426 5418
f 5729 5426 5723
f 5428 5730 5427
f 5427 5730 5731
f 5732 5427 5731
f 5429 5427 5732
f 5420 5429 5724
f 5429 5733 5724
f 5429 5732 5733
f 5734 5430 5431
f 5724 5734 5431
f 5725 5724 5431
f 5733 5734 5724
f 5725 5431 5424
f 5728 5726 5432
f 5433 5728 5432
f 5735 5728 5433
f 5432 5726 5425
f 5729 5434 5426
f 5736 5434 5729
f 5436 5737 5437
f 5437 5737 5738
f 5739 5437 5738
f 5438 5437 5739
f 5438 5740 5439
f 5739 5740 5438
f 5428 5439 5730
f 5439 5741 5730
f 5439 5740 5741
f 5730 5741 5731
f 5734 5440 5430
f 5742 5440 5734
f 5745 5744 5743
f 5744 5735 5743
f 5735 5441 5743
f 5735 5433 5441
f 5736 5442 5434
f 5746 5442 5736
f 5748 5747 5737
f 5436 5748 5737
f 5444 5748 5436
f 5737 5747 5738
f 5742 5749 5440
f 5440 5749 5445
f 5446 5445 5749
f 5446 5749 5750
f 5753 5752 5751
f 5751 5752 5745
f 5751 5745 5743
f 5448 5751 5743
f 5447 5448 5743
f 5447 5743 5441
f 5746 5449 5442
f 5754 5449 5746
f 5451 5748 5444
f 5451 5755 5748
f 5750 5756 5446
f 5446 5756 5452
f 5751 5453 5753
f 5453 5756 5753
f 5453 5452 5756
f 5453 5751 5448
f 5754 5455 5449
f 5757 5455 5754
f 5457 5755 5451
f 5457 5758 5755
f 5757 5459 5455
f 5759 5459 5757
f 5461 5760 5462
f 5760 5761 5462
f 5761 5457 5462
f 5761 5758 5457
f 5463 5459 5762
f 5459 5763 5762
f 5459 5759 5763
f 5762 5464 5463
f 5466 5764 5467
f 5764 5765 5467
f 5467 5765 5461
f 5765 5766 5461
f 5766 5760 5461
f 5760 5766 5761
f 5763 5767 5762
f 5464 5762 5767
f 5768 5464 5767
f 5468 5464 5768
f 5770 5769 5764
f 5466 5770 5764
f 5470 5770 5466
f 5764 5769 5765
f 5471 5468 5771
f 5468 5772 5771
f 5468 5768 5772
f 5771 5472 5471
f 5474 5773 5475
f 5773 5774 5475
f 5774 5470 5475
f 5774 5770 5470
f 5772 5775 5771
f 5775 5777 5776
f 5775 5776 5476
f 5771 5775 5476
f 5472 5771 5476
f 5776 5477 5476
f 5779 5778 5480
f 5779 5480 5479
f 5474 5480 5773
f 5480 5780 5773
f 5480 5778 5780
f 5773 5780 5774
f 5777 5781 5776
f 5776 5781 5477
f 5781 5481 5477
f 5781 5782 5481
f 5483 5481 5782
f 5483 5782 5783
f 5785 5784 5489
f 5785 5489 5488
f 5479 5489 5779
f 5779 5489 5784
f 5783 5786 5483
f 5483 5786 5490
f 5490 5787 5491
f 5786 5787 5490
f 5491 5788 5492
f 5787 5788 5491
f 5790 5789 5494
f 5492 5790 5494
f 5788 5790 5492
f 5791 5789 5790
f 5496 5792 5495
f 5793 5497 5495
f 5793 5495 5792
f 5794 5498 5497
f 5794 5497 5793
f 5795 5499 5498
f 5795 5498 5794
f 5796 5500 5499
f 5796 5499 5795
f 5797 5501 5500
f 5797 5500 5796
f 5501 5797 5798
f 5799 5501 5798
f 5502 5501 5799
f 5488 5502 5785
f 5785 5502 5799
f 5789 5503 5494
f 5791 5800 5789
f 5800 5503 5789
f 5800 5504 5503
f 5504 5801 5505
f 5800 5801 5504
f 5505 5802 5507
f 5801 5802 5505
f 5508 5507 5802
f 5508 5802 5803
f 5805 5804 5509
f 5805 5509 5510
f 5496 5509 5792
f 5509 5806 5792
f 5509 5804 5806
f 5792 5806 5793
f 5793 5806 5807
f 5793 5807 5794
f 5794 5807 5808
f 5794 5808 5795
f 5795 5808 5809
f 5795 5809 5796
f 5796 5809 5810
f 5796 5810 5797
f 5797 5810 5811
f 5797 5811 5798
f 5803 5812 5508
f 5508 5812 5511
f 5511 5813 5512
f 5812 5813 5511
f 5512 5814 5513
f 5813 5814 5512
f 5513 5815 5514
f 5814 5815 5513
f 5514 5816 5515
f 5815 5816 5514
f 5515 5817 5516
f 5816 5817 5515
f 5510 5516 5805
f 5805 5516 5817
f 5818 5522 5523
f 5524 5819 5523
f 5523 5819 5818
f 5525 5819 5524
f 5821 5820 5528
f 5528 5820 5527
f 5822 5528 5529
f 5822 5821 5528
f 5823 5529 5530
f 5823 5822 5529
f 5825 5823 5824
f 5823 5531 5824
f 5823 5530 5531
f 5532 5826 5531
f 5531 5826 5824
f 5522 5818 5532
f 5818 5826 5532
f 5818 5827 5826
f 5828 5818 5819
f 5827 5818 5828
f 5533 5829 5525
f 5829 5819 5525
f 5829 5828 5819
f 5534 5829 5533
f 5831 5830 5536
f 5536 5830 5535
f 5536 5527 5820
f 5536 5820 5831
f 5832 5825 5824
f 5832 5824 5826
f 5832 5826 5833
f 5833 5826 5827
f 5833 5827 5834
f 5834 5827 5828
f 5834 5828 5835
f 5837 5836 5835
f 5828 5837 5835
f 5829 5837 5828
f 5538 5837 5534
f 5534 5837 5829
f 5839 5838 5540
f 5540 5838 5539
f 5540 5535 5830
f 5540 5830 5839
f 5836 5837 5840
f 5836 5840 5841
f 5542 5840 5538
f 5538 5840 5837
f 5844 5843 5842
f 5846 5845 5842
f 5842 5845 5844
f 5848 5847 5846
f 5846 5847 5845
f 5848 5849 5847
f 5851 5850 5544
f 5544 5850 5543
f 5544 5539 5838
f 5544 5838 5851
f 5841 5840 5852
f 5841 5852 5853
f 5546 5852 5542
f 5542 5852 5840
f 5842 5843 5854
f 5854 5843 5855
f 5854 5548 5549
f 5846 5854 5549
f 5842 5854 5846
f 5846 5549 5550
f 5846 5550 5848
f 5550 5552 5848
f 5552 5849 5848
f 5552 5856 5849
f 5858 5857 5555
f 5555 5857 5554
f 5555 5543 5850
f 5555 5850 5858
f 5859 5853 5852
f 5852 5546 5859
f 5546 5860 5859
f 5546 5557 5860
f 5854 5855 5861
f 5861 5855 5862
f 5861 5559 5548
f 5861 5548 5854
f 5561 5856 5552
f 5561 5863 5856
f 5857 5562 5554
f 5864 5562 5857
f 5564 5860 5557
f 5564 5865 5860
f 5868 5867 5866
f 5868 5866 5862
f 5862 5866 5861
f 5866 5566 5861
f 5566 5567 5861
f 5861 5567 5559
f 5570 5863 5561
f 5570 5869 5863
f 5872 5871 5870
f 5572 5573 5870
f 5573 5872 5870
f 5573 5873 5872
f 5573 5574 5873
f 5873 5574 5874
f 5877 5876 5875
f 5864 5877 5875
f 5575 5864 5875
f 5562 5864 5575
f 5577 5865 5564
f 5577 5878 5865
f 5881 5880 5879
f 5881 5879 5867
f 5867 5879 5866
f 5879 5579 5866
f 5579 5580 5866
f 5866 5580 5566
f 5570 5581 5882
f 5883 5570 5882
f 5869 5570 5883
f 5583 5882 5581
f 5870 5871 5586
f 5871 5585 5586
f 5871 5884 5585
f 5870 5586 5572
f 5587 5874 5574
f 5587 5885 5874
f 5875 5876 5590
f 5876 5589 5590
f 5876 5886 5589
f 5875 5590 5575
f 5577 5591 5887
f 5888 5577 5887
f 5878 5577 5888
f 5592 5887 5591
f 5891 5890 5889
f 5891 5889 5880
f 5880 5889 5879
f 5889 5593 5879
f 5593 5594 5879
f 5879 5594 5579
f 5892 5883 5882
f 5882 5583 5892
f 5583 5893 5892
f 5583 5595 5893
f 5896 5895 5894
f 5894 5897 5597
f 5884 5894 5597
f 5585 5884 5597
f 5894 5884 5896
f 5898 5598 5597
f 5898 5597 5897
f 5898 5899 5598
f 5899 5587 5598
f 5899 5885 5587
f 5900 5602 5603
f 5901 5900 5603
f 5589 5901 5603
f 5886 5901 5589
f 5888 5887 5902
f 5888 5902 5903
f 5605 5902 5592
f 5592 5902 5887
f 5889 5890 5607
f 5890 5606 5607
f 5890 5904 5606
f 5889 5607 5593
f 5595 5608 5905
f 5906 5595 5905
f 5893 5595 5906
f 5610 5905 5608
f 5895 5907 5894
f 5909 5908 5907
f 5611 5907 5908
f 5907 5611 5894
f 5612 5894 5611
f 5894 5612 5897
f 5908 5909 5910
f 5898 5612 5613
f 5612 5898 5897
f 5911 5899 5898
f 5613 5911 5898
f 5614 5911 5613
f 5912 5614 5615
f 5912 5911 5614
f 5913 5615 5616
f 5913 5912 5615
f 5616 5602 5900
f 5914 5616 5900
f 5913 5616 5914
f 5914 5900 5901
f 5915 5903 5902
f 5915 5902 5605
f 5617 5915 5605
f 5916 5915 5617
f 5617 5606 5904
f 5617 5904 5916
f 5917 5906 5905
f 5919 5917 5918
f 5918 5917 5618
f 5917 5905 5618
f 5905 5610 5618
f 5620 5918 5618
f 5920 5621 5622
f 5921 5920 5622
f 5921 5622 5611
f 5922 5921 5611
f 5908 5922 5611
f 5922 5908 5910
f 5923 5919 5918
f 5923 5918 5620
f 5623 5923 5620
f 5924 5923 5623
f 5926 5924 5925
f 5924 5624 5925
f 5924 5623 5624
f 5625 5925 5624
f 5928 5927 5920
f 5927 5621 5920
f 5927 5626 5621
f 5928 5920 5921
f 5929 5926 5925
f 5929 5925 5625
f 5627 5929 5625
f 5930 5929 5627
f 5627 5628 5930
f 5930 5628 5931
f 5933 5932 5630
f 5630 5932 5629
f 5630 5626 5927
f 5630 5927 5933
f 5934 5931 5628
f 5934 5628 5631
f 5935 5631 5632
f 5935 5934 5631
f 5632 5633 5935
f 5935 5633 5936
f 5937 5634 5635
f 5938 5937 5635
f 5629 5938 5635
f 5932 5938 5629
f 5636 5936 5633
f 5636 5939 5936
f 5941 5940 5937
f 5940 5634 5937
f 5940 5639 5634
f 5941 5937 5938
f 5636 5640 5942
f 5943 5636 5942
f 5939 5636 5943
f 5642 5942 5640
f 5944 5643 5644
f 5944 5644 5945
f 5644 5946 5945
f 5644 5645 5946
f 5645 5639 5940
f 5645 5940 5946
f 5943 5942 5947
f 5943 5947 5948
f 5647 5947 5642
f 5642 5947 5942
f 5950 5949 5944
f 5949 5643 5944
f 5949 5648 5643
f 5950 5944 5945
f 5948 5947 5649
f 5650 5948 5649
f 5951 5948 5650
f 5649 5947 5647
f 5949 5651 5648
f 5952 5651 5949
f 5652 5951 5650
f 5652 5953 5951
f 5952 5653 5651
f 5954 5653 5952
f 5654 5953 5652
f 5654 5955 5953
f 5956 5655 5656
f 5957 5956 5656
f 5653 5957 5656
f 5954 5957 5653
f 5657 5955 5654
f 5657 5958 5955
f 5960 5959 5956
f 5959 5655 5956
f 5959 5658 5655
f 5960 5956 5957
f 5961 5958 5657
f 5961 5657 5659
f 5659 5661 5961
f 5961 5661 5962
f 5959 5662 5658
f 5963 5662 5959
f 5964 5962 5661
f 5964 5661 5663
f 5663 5664 5964
f 5964 5664 5965
f 5967 5966 5666
f 5666 5966 5665
f 5666 5662 5963
f 5666 5963 5967
f 5968 5965 5664
f 5968 5664 5667
f 5667 5669 5968
f 5968 5669 5969
f 5971 5970 5672
f 5672 5970 5671
f 5672 5665 5966
f 5672 5966 5971
f 5674 5969 5669
f 5674 5972 5969
f 5970 5675 5671
f 5973 5675 5970
f 5677 5972 5674
f 5677 5974 5972
f 5973 5678 5675
f 5975 5678 5973
f 5977 5976 5679
f 5977 5679 5680
f 5677 5679 5974
f 5974 5679 5976
f 5975 5681 5678
f 5978 5681 5975
f 5682 5977 5680
f 5682 5979 5977
f 5978 5683 5681
f 5980 5683 5978
f 5684 5979 5682
f 5684 5981 5979
f 5980 5685 5683
f 5982 5685 5980
f 5686 5981 5684
f 5686 5983 5981
f 5982 5687 5685
f 5984 5687 5982
f 5987 5986 5985
f 5986 5983 5985
f 5983 5688 5985
f 5983 5686 5688
f 5984 5988 5687
f 5687 5988 5689
f 5690 5689 5988
f 5690 5988 5989
f 5987 5985 5990
f 5987 5990 5991
f 5691 5990 5688
f 5688 5990 5985
f 5989 5692 5690
f 5992 5692 5989
f 5991 5990 5694
f 5695 5991 5694
f 5993 5991 5695
f 5694 5990 5691
f 5992 5696 5692
f 5994 5696 5992
f 5698 5993 5695
f 5698 5995 5993
f 5994 5699 5696
f 5996 5699 5994
f 5698 5700 5997
f 5998 5698 5997
f 5995 5698 5998
f 5701 5997 5700
f 5996 5702 5699
f 5999 5702 5996
f 5998 5997 6000
f 5998 6000 6001
f 5703 6000 5701
f 5701 6000 5997
f 5999 5705 5702
f 6002 5705 5999
f 6001 6000 6003
f 6001 6003 6004
f 5706 6003 5703
f 5703 6003 6000
f 6002 5707 5705
f 6005 5707 6002
f 6004 6003 5709
f 5710 6004 5709
f 6006 6004 5710
f 5709 6003 5706
f 6005 5711 5707
f 6007 5711 6005
f 5712 6006 5710
f 5712 6008 6006
f 6007 5713 5711
f 6009 5713 6007
f 6011 6010 5715
f 6011 5715 5716
f 5712 5715 6008
f 6008 5715 6010
f 6009 5717 5713
f 6012 5717 6009
f 5718 6011 5716
f 5718 6013 6011
f 6012 5720 5717
f 6014 5720 6012
f 6017 6016 6015
f 6016 6013 6015
f 6013 5721 6015
f 6013 5718 5721
f 6014 6018 5720
f 5720 6018 5722
f 5723 5722 6018
f 5723 6018 6019
f 6017 6015 5727
f 5728 6017 5727
f 6020 6017 5728
f 5727 6015 5721
f 6019 5729 5723
f 6021 5729 6019
f 6023 6022 5732
f 6023 5732 5731
f 5732 6024 5733
f 6022 6024 5732
f 5734 5733 6024
f 5734 6024 6025
f 5735 6020 5728
f 5735 6026 6020
f 6021 5736 5729
f 6027 5736 6021
f 5738 6028 5739
f 5739 6028 6029
f 6030 5739 6029
f 5740 5739 6030
f 5740 6031 5741
f 6030 6031 5740
f 5731 5741 6023
f 6023 5741 6031
f 6025 5742 5734
f 6032 5742 6025
f 6034 6033 5744
f 6034 5744 5745
f 5735 5744 6026
f 6026 5744 6033
f 6027 5746 5736
f 6035 5746 6027
f 5748 6036 5747
f 6036 6037 5747
f 5747 6037 5738
f 6037 6038 5738
f 6038 6028 5738
f 6028 6038 6029
f 6032 6039 5742
f 5742 6039 5749
f 6041 6040 5750
f 5749 6041 5750
f 6039 6041 5749
f 5752 5753 6040
f 6041 5752 6040
f 6042 5752 6041
f 5745 5752 6034
f 6034 5752 6042
f 6035 5754 5746
f 6043 5754 6035
f 6045 6044 6036
f 5748 6045 6036
f 5755 6045 5748
f 6036 6044 6037
f 6040 5756 5750
f 5756 6040 5753
f 6043 5757 5754
f 6046 5757 6043
f 5758 6045 5755
f 5758 6047 6045
f 6046 5759 5757
f 6048 5759 6046
f 5761 6047 5758
f 5761 6049 6047
f 6048 5763 5759
f 6050 5763 6048
f 6052 6051 5766
f 6052 5766 5765
f 5761 5766 6049
f 6049 5766 6051
f 6050 6053 5763
f 5763 6053 5767
f 5768 5767 6053
f 5768 6053 6054
f 5770 6055 5769
f 6055 6056 5769
f 6056 5765 5769
f 6056 6052 5765
f 6054 5772 5768
f 6057 5772 6054
f 6059 6058 6055
f 5770 6059 6055
f 5774 6059 5770
f 6055 6058 6056
f 6057 6060 5772
f 5772 6060 5775
f 5777 5775 6060
f 5777 6060 6061
f 5779 6062 5778
f 5778 6062 6063
f 6064 5778 6063
f 5780 5778 6064
f 5774 5780 6059
f 6059 5780 6064
f 6061 6065 5777
f 5777 6065 5781
f 6065 6067 6066
f 5782 6065 6066
f 5781 6065 5782
f 6066 5783 5782
f 5785 6068 5784
f 6068 6069 5784
f 5784 6069 5779
f 6069 6070 5779
f 6070 6062 5779
f 6062 6070 6063
f 6067 6071 6066
f 6066 6071 5783
f 6071 5786 5783
f 6071 6072 5786
f 5786 6073 5787
f 6072 6073 5786
f 5787 6074 5788
f 6073 6074 5787
f 5788 6075 5790
f 6074 6075 5788
f 5791 5790 6075
f 5791 6075 6076
f 6078 6077 5799
f 6078 5799 5798
f 5785 5799 6068
f 5799 6079 6068
f 5799 6077 6079
f 6068 6079 6069
f 6076 6080 5791
f 5791 6080 5800
f 5800 6081 5801
f 6080 6081 5800
f 5801 6082 5802
f 6081 6082 5801
f 5803 5802 6082
f 5803 6082 6083
f 6085 6084 5804
f 6085 5804 5805
f 5804 6086 5806
f 6084 6086 5804
f 5806 6087 5807
f 6086 6087 5806
f 5807 6088 5808
f 6087 6088 5807
f 5808 6089 5809
f 6088 6089 5808
f 5809 6090 5810
f 6089 6090 5809
f 5810 6091 5811
f 6090 6091 5810
f 5798 5811 6078
f 6078 5811 6091
f 6083 6092 5803
f 5803 6092 5812
f 5812 6093 5813
f 6092 6093 5812
f 5813 6094 5814
f 6093 6094 5813
f 5814 6095 5815
f 6094 6095 5814
f 5815 6096 5816
f 6095 6096 5815
f 5816 6097 5817
f 6096 6097 5816
f 5805 5817 6085
f 6085 5817 6097
f 6098 5820 5821
f 6098 5821 6099
f 5821 6100 6099
f 5821 5822 6100
f 6102 6100 6101
f 6100 5823 6101
f 6100 5822 5823
f 5825 6101 5823
f 6104 6103 5831
f 5831 6103 5830
f 5831 5820 6098
f 6105 5831 6098
f 6104 5831 6105
f 6105 6098 6099
f 6106 6102 6101
f 6108 6106 6107
f 6107 6106 5832
f 6106 6101 5832
f 6101 5825 5832
f 5833 6109 5832
f 5832 6109 6107
f 5834 6110 5833
f 5833 6110 6109
f 5835 6111 5834
f 5834 6111 6110
f 5836 6111 5835
f 6114 6113 6112
f 6116 6115 6112
f 6112 6115 6114
f 6116 6117 6115
f 6119 6118 5839
f 5839 6118 5838
f 5839 5830 6103
f 5839 6103 6119
f 6120 6108 6107
f 6122 6121 6120
f 6107 6122 6120
f 6109 6122 6107
f 6123 6109 6110
f 6122 6109 6123
f 6124 6110 6111
f 6123 6110 6124
f 5841 6124 5836
f 5836 6124 6111
f 6112 6113 5844
f 6113 5843 5844
f 6113 6125 5843
f 6112 5844 5845
f 6112 5845 6116
f 6126 6117 6116
f 5845 6126 6116
f 5847 6126 5845
f 5847 5849 6126
f 6126 5849 6127
f 6129 6128 5851
f 5851 6128 5850
f 5851 5838 6118
f 5851 6118 6129
f 6130 6121 6122
f 6132 6131 6130
f 6122 6132 6130
f 6123 6132 6122
f 6133 6123 6124
f 6132 6123 6133
f 5853 6133 5841
f 5841 6133 6124
f 6136 6135 6134
f 6125 6136 6134
f 5855 6125 6134
f 5843 6125 5855
f 5856 6127 5849
f 5856 6137 6127
f 6140 6139 6138
f 5857 5858 6138
f 5858 6140 6138
f 5858 6141 6140
f 5858 5850 6128
f 5858 6128 6141
f 6142 6131 6132
f 6144 6143 6142
f 6132 6144 6142
f 6133 6144 6132
f 5859 6145 5853
f 6145 6133 5853
f 6145 6144 6133
f 5860 6145 5859
f 6134 6135 6146
f 6146 6135 6147
f 6146 5862 5855
f 6146 5855 6134
f 5863 6137 5856
f 5863 6148 6137
f 6138 6139 6149
f 6149 6139 6150
f 6149 5864 5857
f 6149 5857 6138
f 6143 6144 6151
f 6143 6151 6152
f 6153 6144 6145
f 6151 6144 6153
f 5865 6153 5860
f 5860 6153 6145
f 6156 6155 6154
f 6156 6154 6147
f 6147 6154 6146
f 6154 5867 6146
f 5867 5868 6146
f 6146 5868 5862
f 5869 6148 5863
f 5869 6157 6148
f 6160 6159 6158
f 5871 5872 6158
f 5872 6160 6158
f 5872 6161 6160
f 6163 6161 6162
f 6161 5873 6162
f 6161 5872 5873
f 5874 6162 5873
f 6149 6150 5877
f 6150 5876 5877
f 6150 6164 5876
f 6149 5877 5864
f 6152 6151 6165
f 6152 6165 6166
f 6167 6151 6153
f 6165 6151 6167
f 5878 6167 5865
f 5865 6167 6153
f 6154 6155 5881
f 6155 5880 5881
f 6155 6168 5880
f 6154 5881 5867
f 5883 6157 5869
f 5883 6169 6157
f 6158 6159 6170
f 6170 6159 6171
f 6170 5884 5871
f 6170 5871 6158
f 6172 6163 6162
f 6162 5874 6172
f 5874 6173 6172
f 5874 5885 6173
f 6164 5886 5876
f 6174 5886 6164
f 6175 6166 6165
f 6177 6176 6175
f 6165 6177 6175
f 6167 6177 6165
f 5888 6177 5878
f 5878 6177 6167
f 6179 6178 5891
f 5891 6178 5890
f 5891 5880 6168
f 5891 6168 6179
f 5883 5892 6180
f 6181 5883 6180
f 6169 5883 6181
f 5893 6180 5892
f 6170 6171 5896
f 6171 5895 5896
f 6171 6182 5895
f 6170 5896 5884
f 5899 6173 5885
f 5899 6183 6173
f 6174 5901 5886
f 6184 5901 6174
f 6176 6177 6185
f 6176 6185 6186
f 5903 6185 5888
f 5888 6185 6177
f 6178 5904 5890
f 6187 5904 6178
f 6181 6180 6188
f 6181 6188 6189
f 5906 6188 5893
f 5893 6188 6180
f 5907 5895 6190
f 5895 6191 6190
f 5895 6182 6191
f 6192 5909 5907
f 6192 5907 6190
f 6192 5910 5909
f 6193 6183 5899
f 6193 5899 5911
f 6194 5911 5912
f 6194 6193 5911
f 6195 5912 5913
f 6195 6194 5912
f 6196 5913 5914
f 6196 6195 5913
f 5914 5901 6184
f 5914 6184 6196
f 6197 6186 6185
f 6197 6185 5903
f 5915 6197 5903
f 6198 6197 5915
f 6199 5915 5916
f 6199 6198 5915
f 5916 5904 6187
f 5916 6187 6199
f 6189 6188 6200
f 6189 6200 6201
f 5917 6202 5906
f 6202 6188 5906
f 6202 6200 6188
f 5919 6202 5917
f 6191 6203 6190
f 6204 5921 5922
f 6190 6204 5922
f 6192 6190 5922
f 6203 6204 6190
f 6192 5922 5910
f 6205 6201 6200
f 6207 6206 6205
f 6200 6207 6205
f 6202 6207 6200
f 5923 6208 5919
f 6208 6202 5919
f 6208 6207 6202
f 5924 6209 5923
f 5923 6209 6208
f 5926 6209 5924
f 6211 6210 5928
f 5928 6210 5927
f 5928 5921 6204
f 5928 6204 6211
f 6212 6206 6207
f 6212 6207 6208
f 6212 6208 6213
f 6215 6214 6213
f 6208 6215 6213
f 6209 6215 6208
f 5929 6216 5926
f 6216 6209 5926
f 6216 6215 6209
f 5930 6217 5929
f 5929 6217 6216
f 5931 6217 5930
f 6219 6218 5933
f 5933 6218 5932
f 5933 5927 6210
f 5933 6210 6219
f 6220 6214 6215
f 6220 6215 6216
f 6220 6216 6221
f 6221 6216 6217
f 6221 6217 6222
f 6222 6217 5931
f 5934 6222 5931
f 6223 6222 5934
f 6224 5934 5935
f 6224 6223 5934
f 5935 5936 6224
f 6224 5936 6225
f 6218 5938 5932
f 6226 5938 6218
f 5939 6225 5936
f 5939 6227 6225
f 6229 6228 5941
f 5941 6228 5940
f 5941 5938 6226
f 5941 6226 6229
f 5943 6227 5939
f 5943 6230 6227
f 6232 6231 5946
f 5946 6231 5945
f 5946 5940 6228
f 5946 6228 6232
f 5948 6230 5943
f 5948 6233 6230
f 6235 6234 5950
f 5950 6234 5949
f 5950 5945 6231
f 5950 6231 6235
f 5951 6233 5948
f 5951 6236 6233
f 6234 5952 5949
f 6237 5952 6234
f 5953 6236 5951
f 5953 6238 6236
f 6237 5954 5952
f 6239 5954 6237
f 5955 6238 5953
f 5955 6240 6238
f 6239 5957 5954
f 6241 5957 6239
f 5958 6240 5955
f 5958 6242 6240
f 6244 6243 5960
f 5960 6243 5959
f 5960 5957 6241
f 5960 6241 6244
f 6245 6242 5958
f 6245 5958 5961
f 5961 5962 6245
f 6245 5962 6246
f 6249 6248 6247
f 6243 6249 6247
f 5963 6243 6247
f 5959 6243 5963
f 6250 6246 5962
f 6250 5962 5964
f 5964 5965 6250
f 6250 5965 6251
f 6247 6248 5967
f 6248 5966 5967
f 6248 6252 5966
f 6247 5967 5963
f 5965 5968 6253
f 6254 5965 6253
f 6251 5965 6254
f 5969 6253 5968
f 6256 6255 5971
f 5971 6255 5970
f 5971 5966 6252
f 5971 6252 6256
f 6257 6254 6253
f 6253 5969 6257
f 5969 6258 6257
f 5969 5972 6258
f 6255 5973 5970
f 6259 5973 6255
f 5974 6258 5972
f 5974 6260 6258
f 6259 5975 5973
f 6261 5975 6259
f 6263 6262 5976
f 6263 5976 5977
f 5974 5976 6260
f 6260 5976 6262
f 6261 5978 5975
f 6264 5978 6261
f 5979 6263 5977
f 5979 6265 6263
f 6264 5980 5978
f 6266 5980 6264
f 6269 6268 6267
f 6268 6265 6267
f 6265 5981 6267
f 6265 5979 5981
f 6266 5982 5980
f 6270 5982 6266
f 6269 6267 6271
f 6269 6271 6272
f 5983 6271 5981
f 5981 6271 6267
f 6270 5984 5982
f 6273 5984 6270
f 6272 6271 5986
f 5987 6272 5986
f 6274 6272 5987
f 5986 6271 5983
f 6273 6275 5984
f 5984 6275 5988
f 5989 5988 6275
f 5989 6275 6276
f 6279 6278 6277
f 6278 6274 6277
f 6274 5991 6277
f 6274 5987 5991
f 6276 5992 5989
f 6280 5992 6276
f 6279 6277 6281
f 6279 6281 6282
f 5993 6281 5991
f 5991 6281 6277
f 6280 5994 5992
f 6283 5994 6280
f 6282 6281 6284
f 6282 6284 6285
f 5995 6284 5993
f 5993 6284 6281
f 6283 5996 5994
f 6286 5996 6283
f 6285 6284 6287
f 6285 6287 6288
f 5998 6287 5995
f 5995 6287 6284
f 6290 5999 6289
f 5999 6286 6289
f 5999 5996 6286
f 6291 6290 6289
f 6292 6288 6287
f 6287 5998 6292
f 5998 6293 6292
f 5998 6001 6293
f 6295 6294 6290
f 6294 5999 6290
f 6294 6002 5999
f 6295 6290 6291
f 6004 6293 6001
f 6004 6296 6293
f 6294 6005 6002
f 6297 6005 6294
f 6006 6296 6004
f 6006 6298 6296
f 6297 6007 6005
f 6299 6007 6297
f 6008 6298 6006
f 6008 6300 6298
f 6299 6009 6007
f 6301 6009 6299
f 6303 6302 6010
f 6303 6010 6011
f 6008 6010 6300
f 6300 6010 6302
f 6301 6012 6009
f 6304 6012 6301
f 6013 6303 6011
f 6013 6305 6303
f 6304 6014 6012
f 6306 6014 6304
f 6308 6307 6016
f 6308 6016 6017
f 6013 6016 6305
f 6305 6016 6307
f 6018 6014 6309
f 6014 6310 6309
f 6014 6306 6310
f 6309 6019 6018
f 6313 6312 6311
f 6312 6308 6311
f 6308 6020 6311
f 6308 6017 6020
f 6309 6310 6314
f 6314 6310 6315
f 6314 6021 6019
f 6314 6019 6309
f 6023 6316 6022
f 6022 6316 6317
f 6318 6022 6317
f 6024 6022 6318
f 6025 6024 6318
f 6025 6318 6319
f 6313 6311 6320
f 6313 6320 6321
f 6026 6320 6020
f 6020 6320 6311
f 6314 6315 6322
f 6322 6315 6323
f 6322 6027 6021
f 6322 6021 6314
f 6029 6324 6030
f 6030 6324 6325
f 6326 6030 6325
f 6031 6030 6326
f 6023 6031 6316
f 6031 6327 6316
f 6031 6326 6327
f 6316 6327 6317
f 6319 6032 6025
f 6328 6032 6319
f 6331 6330 6329
f 6329 6330 6321
f 6329 6321 6320
f 6034 6329 6320
f 6033 6034 6320
f 6033 6320 6026
f 6322 6323 6332
f 6332 6323 6333
f 6332 6035 6027
f 6332 6027 6322
f 6037 6334 6038
f 6334 6335 6038
f 6038 6335 6029
f 6335 6336 6029
f 6336 6324 6029
f 6324 6336 6325
f 6328 6337 6032
f 6032 6337 6039
f 6039 6338 6041
f 6337 6338 6039
f 6329 6042 6331
f 6042 6338 6331
f 6042 6041 6338
f 6042 6329 6034
f 6333 6339 6332
f 6035 6332 6339
f 6340 6035 6339
f 6043 6035 6340
f 6045 6341 6044
f 6341 6342 6044
f 6044 6342 6037
f 6342 6343 6037
f 6343 6334 6037
f 6334 6343 6335
f 6340 6046 6043
f 6344 6046 6340
f 6346 6345 6341
f 6045 6346 6341
f 6047 6346 6045
f 6341 6345 6342
f 6344 6048 6046
f 6347 6048 6344
f 6049 6346 6047
f 6049 6348 6346
f 6347 6050 6048
f 6349 6050 6347
f 6052 6350 6051
f 6350 6351 6051
f 6351 6049 6051
f 6351 6348 6049
f 6349 6352 6050
f 6050 6352 6053
f 6054 6053 6352
f 6054 6352 6353
f 6355 6354 6350
f 6052 6355 6350
f 6056 6355 6052
f 6350 6354 6351
f 6353 6057 6054
f 6356 6057 6353
f 6059 6357 6058
f 6357 6358 6058
f 6358 6056 6058
f 6358 6355 6056
f 6356 6359 6057
f 6057 6359 6060
f 6061 6060 6359
f 6061 6359 6360
f 6063 6361 6064
f 6361 6362 6064
f 6064 6362 6059
f 6362 6363 6059
f 6363 6357 6059
f 6357 6363 6358
f 6360 6364 6061
f 6061 6364 6065
f 6067 6065 6364
f 6067 6364 6365
f 6367 6366 6070
f 6367 6070 6069
f 6063 6070 6361
f 6070 6368 6361
f 6070 6366 6368
f 6361 6368 6362
f 6365 6369 6067
f 6067 6369 6071
f 6071 6370 6072
f 6369 6370 6071
f 6072 6371 6073
f 6370 6371 6072
f 6073 6372 6074
f 6371 6372 6073
f 6372 6374 6373
f 6075 6372 6373
f 6074 6372 6075
f 6373 6076 6075
f 6078 6375 6077
f 6077 6375 6376
f 6377 6077 6376
f 6079 6077 6377
f 6069 6079 6367
f 6367 6079 6377
f 6374 6378 6373
f 6373 6378 6076
f 6378 6080 6076
f 6378 6379 6080
f 6080 6380 6081
f 6379 6380 6080
f 6081 6381 6082
f 6380 6381 6081
f 6083 6082 6381
f 6083 6381 6382
f 6384 6383 6084
f 6384 6084 6085
f 6084 6385 6086
f 6383 6385 6084
f 6086 6386 6087
f 6385 6386 6086
f 6087 6387 6088
f 6386 6387 6087
f 6088 6388 6089
f 6387 6388 6088
f 6089 6389 6090
f 6388 6389 6089
f 6090 6390 6091
f 6389 6390 6090
f 6078 6091 6375
f 6091 6391 6375
f 6091 6390 6391
f 6375 6391 6376
f 6382 6392 6083
f 6083 6392 6092
f 6092 6393 6093
f 6392 6393 6092
f 6093 6394 6094
f 6393 6394 6093
f 6094 6395 6095
f 6394 6395 6094
f 6095 6396 6096
f 6395 6396 6095
f 6096 6397 6097
f 6396 6397 6096
f 6085 6097 6384
f 6384 6097 6397
f 6398 6099 6100
f 6102 6398 6100
f 6399 6103 6104
f 6105 6400 6104
f 6104 6400 6399
f 6099 6398 6105
f 6398 6400 6105
f 6398 6401 6400
f 6106 6402 6102
f 6402 6398 6102
f 6402 6401 6398
f 6108 6402 6106
f 6404 6403 6114
f 6114 6403 6113
f 6405 6114 6115
f 6405 6404 6114
f 6115 6117 6405
f 6405 6117 6406
f 6407 6118 6119
f 6408 6407 6119
f 6408 6119 6103
f 6409 6408 6103
f 6399 6409 6103
f 6409 6399 6400
f 6409 6400 6410
f 6412 6411 6410
f 6400 6412 6410
f 6401 6412 6400
f 6413 6401 6402
f 6412 6401 6413
f 6120 6414 6108
f 6414 6402 6108
f 6414 6413 6402
f 6121 6414 6120
f 6417 6416 6415
f 6403 6417 6415
f 6125 6403 6415
f 6113 6403 6125
f 6418 6406 6117
f 6418 6117 6126
f 6126 6127 6418
f 6418 6127 6419
f 6421 6420 6129
f 6129 6420 6128
f 6129 6118 6407
f 6422 6129 6407
f 6421 6129 6422
f 6422 6407 6408
f 6423 6411 6412
f 6425 6424 6423
f 6412 6425 6423
f 6413 6425 6412
f 6426 6413 6414
f 6425 6413 6426
f 6130 6427 6121
f 6427 6414 6121
f 6427 6426 6414
f 6131 6427 6130
f 6430 6429 6428
f 6430 6428 6416
f 6416 6428 6415
f 6428 6135 6415
f 6135 6136 6415
f 6415 6136 6125
f 6137 6419 6127
f 6137 6431 6419
f 6432 6139 6140
f 6432 6140 6433
f 6140 6434 6433
f 6140 6141 6434
f 6141 6128 6420
f 6141 6420 6434
f 6435 6424 6425
f 6437 6436 6435
f 6425 6437 6435
f 6426 6437 6425
f 6438 6426 6427
f 6437 6426 6438
f 6142 6439 6131
f 6439 6427 6131
f 6439 6438 6427
f 6143 6439 6142
f 6428 6429 6440
f 6440 6429 6441
f 6440 6147 6135
f 6440 6135 6428
f 6148 6431 6137
f 6148 6442 6431
f 6444 6443 6432
f 6443 6139 6432
f 6443 6150 6139
f 6444 6432 6433
f 6445 6436 6437
f 6447 6446 6445
f 6437 6447 6445
f 6438 6447 6437
f 6448 6438 6439
f 6447 6438 6448
f 6152 6448 6143
f 6143 6448 6439
f 6451 6450 6449
f 6451 6449 6441
f 6441 6449 6440
f 6449 6155 6440
f 6155 6156 6440
f 6440 6156 6147
f 6157 6442 6148
f 6157 6452 6442
f 6454 6453 6160
f 6160 6453 6159
f 6455 6160 6161
f 6455 6454 6160
f 6457 6456 6163
f 6456 6161 6163
f 6456 6455 6161
f 6457 6458 6456
f 6443 6164 6150
f 6459 6164 6443
f 6460 6446 6447
f 6462 6461 6460
f 6447 6462 6460
f 6448 6462 6447
f 6166 6462 6152
f 6152 6462 6448
f 6449 6450 6463
f 6463 6450 6464
f 6463 6168 6155
f 6463 6155 6449
f 6169 6452 6157
f 6169 6465 6452
f 6453 6171 6159
f 6466 6171 6453
f 6172 6457 6163
f 6172 6173 6457
f 6173 6458 6457
f 6173 6467 6458
f 6459 6174 6164
f 6468 6174 6459
f 6461 6462 6469
f 6461 6469 6470
f 6175 6471 6166
f 6471 6462 6166
f 6471 6469 6462
f 6176 6471 6175
f 6463 6464 6179
f 6464 6178 6179
f 6464 6472 6178
f 6463 6179 6168
f 6181 6465 6169
f 6181 6473 6465
f 6466 6182 6171
f 6474 6182 6466
f 6183 6476 6475
f 6467 6183 6475
f 6173 6183 6467
f 6476 6477 6475
f 6479 6184 6478
f 6184 6468 6478
f 6184 6174 6468
f 6480 6479 6478
f 6481 6470 6469
f 6483 6482 6481
f 6469 6483 6481
f 6471 6483 6469
f 6186 6483 6176
f 6176 6483 6471
f 6486 6485 6484
f 6472 6486 6484
f 6187 6472 6484
f 6178 6472 6187
f 6489 6488 6487
f 6488 6473 6487
f 6473 6189 6487
f 6473 6181 6189
f 6474 6191 6182
f 6490 6191 6474
f 6193 6476 6183
f 6491 6477 6476
f 6193 6491 6476
f 6194 6491 6193
f 6492 6194 6195
f 6492 6491 6194
f 6493 6195 6196
f 6493 6492 6195
f 6196 6184 6479
f 6494 6196 6479
f 6493 6196 6494
f 6494 6479 6480
f 6495 6482 6483
f 6495 6483 6186
f 6197 6495 6186
f 6496 6495 6197
f 6497 6197 6198
f 6497 6496 6197
f 6199 6484 6485
f 6497 6199 6485
f 6198 6199 6497
f 6484 6199 6187
f 6489 6487 6498
f 6489 6498 6499
f 6201 6498 6189
f 6189 6498 6487
f 6490 6500 6191
f 6191 6500 6203
f 6204 6203 6500
f 6204 6500 6501
f 6499 6498 6502
f 6499 6502 6503
f 6205 6504 6201
f 6504 6498 6201
f 6504 6502 6498
f 6206 6504 6205
f 6506 6505 6211
f 6211 6505 6210
f 6211 6204 6501
f 6211 6501 6506
f 6507 6503 6502
f 6509 6508 6507
f 6502 6509 6507
f 6504 6509 6502
f 6212 6510 6206
f 6510 6504 6206
f 6510 6509 6504
f 6213 6511 6212
f 6212 6511 6510
f 6214 6511 6213
f 6512 6218 6219
f 6513 6512 6219
f 6210 6513 6219
f 6505 6513 6210
f 6514 6508 6509
f 6516 6515 6514
f 6509 6516 6514
f 6510 6516 6509
f 6517 6510 6511
f 6516 6510 6517
f 6220 6518 6214
f 6518 6511 6214
f 6518 6517 6511
f 6221 6519 6220
f 6220 6519 6518
f 6519 6221 6520
f 6221 6521 6520
f 6221 6222 6521
f 6522 6222 6223
f 6522 6521 6222
f 6523 6223 6224
f 6523 6522 6223
f 6224 6225 6523
f 6523 6225 6524
f 6526 6525 6512
f 6525 6218 6512
f 6525 6226 6218
f 6526 6512 6513
f 6527 6515 6516
f 6527 6516 6517
f 6527 6517 6528
f 6528 6517 6518
f 6528 6518 6529
f 6529 6518 6519
f 6529 6519 6530
f 6530 6519 6520
f 6227 6524 6225
f 6227 6531 6524
f 6533 6532 6229
f 6229 6532 6228
f 6229 6226 6525
f 6229 6525 6533
f 6230 6531 6227
f 6230 6534 6531
f 6536 6535 6232
f 6232 6535 6231
f 6232 6228 6532
f 6232 6532 6536
f 6233 6534 6230
f 6233 6537 6534
f 6539 6538 6235
f 6235 6538 6234
f 6235 6231 6535
f 6235 6535 6539
f 6236 6537 6233
f 6236 6540 6537
f 6538 6237 6234
f 6541 6237 6538
f 6238 6540 6236
f 6238 6542 6540
f 6541 6239 6237
f 6543 6239 6541
f 6546 6545 6544
f 6545 6542 6544
f 6542 6240 6544
f 6542 6238 6240
f 6543 6241 6239
f 6547 6241 6543
f 6548 6546 6544
f 6544 6240 6548
f 6240 6549 6548
f 6240 6242 6549
f 6551 6550 6244
f 6244 6550 6243
f 6244 6241 6547
f 6244 6547 6551
f 6242 6245 6552
f 6553 6242 6552
f 6549 6242 6553
f 6246 6552 6245
f 6555 6554 6249
f 6249 6554 6248
f 6249 6243 6550
f 6249 6550 6555
f 6556 6553 6552
f 6556 6552 6246
f 6250 6556 6246
f 6557 6556 6250
f 6250 6251 6557
f 6557 6251 6558
f 6554 6252 6248
f 6559 6252 6554
f 6254 6558 6251
f 6254 6560 6558
f 6562 6561 6256
f 6256 6561 6255
f 6256 6252 6559
f 6256 6559 6562
f 6563 6560 6254
f 6563 6254 6257
f 6257 6258 6563
f 6563 6258 6564
f 6561 6259 6255
f 6565 6259 6561
f 6568 6567 6566
f 6567 6564 6566
f 6564 6260 6566
f 6564 6258 6260
f 6565 6261 6259
f 6569 6261 6565
f 6568 6566 6262
f 6263 6568 6262
f 6570 6568 6263
f 6262 6566 6260
f 6569 6264 6261
f 6571 6264 6569
f 6574 6573 6572
f 6573 6570 6572
f 6570 6265 6572
f 6570 6263 6265
f 6571 6266 6264
f 6575 6266 6571
f 6574 6572 6268
f 6269 6574 6268
f 6576 6574 6269
f 6268 6572 6265
f 6575 6270 6266
f 6577 6270 6575
f 6580 6579 6578
f 6579 6576 6578
f 6576 6272 6578
f 6576 6269 6272
f 6577 6273 6270
f 6581 6273 6577
f 6580 6578 6582
f 6580 6582 6583
f 6274 6582 6272
f 6272 6582 6578
f 6581 6584 6273
f 6273 6584 6275
f 6276 6275 6584
f 6276 6584 6585
f 6583 6582 6278
f 6279 6583 6278
f 6586 6583 6279
f 6278 6582 6274
f 6585 6280 6276
f 6587 6280 6585
f 6282 6586 6279
f 6282 6588 6586
f 6587 6283 6280
f 6589 6283 6587
f 6285 6588 6282
f 6285 6590 6588
f 6592 6286 6591
f 6286 6589 6591
f 6286 6283 6589
f 6593 6592 6591
f 6288 6590 6285
f 6288 6594 6590
f 6592 6289 6286
f 6291 6289 6592
f 6593 6291 6592
f 6595 6291 6593
f 6288 6292 6596
f 6597 6288 6596
f 6594 6288 6597
f 6293 6596 6292
f 6598 6294 6295
f 6599 6598 6295
f 6291 6599 6295
f 6595 6599 6291
f 6597 6596 6600
f 6597 6600 6601
f 6296 6600 6293
f 6293 6600 6596
f 6603 6602 6598
f 6602 6294 6598
f 6602 6297 6294
f 6603 6598 6599
f 6604 6601 6600
f 6600 6296 6604
f 6296 6605 6604
f 6296 6298 6605
f 6602 6299 6297
f 6606 6299 6602
f 6609 6608 6607
f 6608 6605 6607
f 6605 6300 6607
f 6605 6298 6300
f 6606 6301 6299
f 6610 6301 6606
f 6609 6607 6302
f 6303 6609 6302
f 6611 6609 6303
f 6302 6607 6300
f 6610 6304 6301
f 6612 6304 6610
f 6615 6614 6613
f 6614 6611 6613
f 6611 6305 6613
f 6611 6303 6305
f 6612 6306 6304
f 6616 6306 6612
f 6619 6618 6617
f 6617 6618 6615
f 6617 6615 6613
f 6308 6617 6613
f 6307 6308 6613
f 6307 6613 6305
f 6616 6310 6306
f 6620 6310 6616
f 6623 6622 6621
f 6624 6621 6622
f 6619 6617 6312
f 6313 6619 6312
f 6625 6619 6313
f 6312 6617 6308
f 6620 6315 6310
f 6626 6315 6620
f 6628 6627 6318
f 6628 6318 6317
f 6621 6629 6319
f 6627 6621 6319
f 6318 6627 6319
f 6623 6621 6627
f 6621 6624 6630
f 6621 6630 6629
f 6633 6632 6631
f 6632 6625 6631
f 6625 6321 6631
f 6625 6313 6321
f 6626 6323 6315
f 6634 6323 6626
f 6636 6635 6326
f 6636 6326 6325
f 6326 6637 6327
f 6635 6637 6326
f 6317 6327 6628
f 6628 6327 6637
f 6638 6328 6629
f 6629 6328 6319
f 6629 6630 6639
f 6640 6629 6639
f 6638 6629 6640
f 6640 6639 6633
f 6640 6633 6631
f 6331 6640 6631
f 6330 6331 6631
f 6330 6631 6321
f 6634 6333 6323
f 6641 6333 6634
f 6643 6642 6336
f 6643 6336 6335
f 6325 6336 6636
f 6636 6336 6642
f 6638 6337 6328
f 6337 6638 6338
f 6338 6638 6640
f 6338 6640 6331
f 6641 6644 6333
f 6333 6644 6339
f 6340 6339 6644
f 6340 6644 6645
f 6647 6646 6343
f 6647 6343 6342
f 6335 6343 6643
f 6643 6343 6646
f 6645 6344 6340
f 6648 6344 6645
f 6650 6649 6345
f 6650 6345 6346
f 6342 6345 6647
f 6647 6345 6649
f 6648 6347 6344
f 6651 6347 6648
f 6348 6650 6346
f 6348 6652 6650
f 6651 6349 6347
f 6653 6349 6651
f 6351 6652 6348
f 6351 6654 6652
f 6653 6655 6349
f 6349 6655 6352
f 6353 6352 6655
f 6353 6655 6656
f 6658 6657 6354
f 6658 6354 6355
f 6351 6354 6654
f 6654 6354 6657
f 6656 6356 6353
f 6659 6356 6656
f 6358 6658 6355
f 6358 6660 6658
f 6659 6661 6356
f 6356 6661 6359
f 6360 6359 6661
f 6360 6661 6662
f 6664 6663 6363
f 6664 6363 6362
f 6358 6363 6660
f 6660 6363 6663
f 6662 6665 6360
f 6360 6665 6364
f 6667 6666 6365
f 6364 6667 6365
f 6665 6667 6364
f 6668 6666 6667
f 6670 6669 6366
f 6670 6366 6367
f 6366 6671 6368
f 6669 6671 6366
f 6362 6368 6664
f 6664 6368 6671
f 6666 6369 6365
f 6668 6672 6666
f 6672 6369 6666
f 6672 6370 6369
f 6370 6673 6371
f 6672 6673 6370
f 6371 6674 6372
f 6673 6674 6371
f 6374 6372 6674
f 6374 6674 6675
f 6677 6676 6377
f 6677 6377 6376
f 6367 6377 6670
f 6670 6377 6676
f 6675 6678 6374
f 6374 6678 6378
f 6378 6679 6379
f 6678 6679 6378
f 6379 6680 6380
f 6679 6680 6379
f 6380 6681 6381
f 6680 6681 6380
f 6683 6682 6382
f 6381 6683 6382
f 6681 6683 6381
f 6684 6682 6683
f 6686 6685 6383
f 6686 6383 6384
f 6383 6687 6385
f 6685 6687 6383
f 6385 6688 6386
f 6687 6688 6385
f 6386 6689 6387
f 6688 6689 6386
f 6387 6690 6388
f 6689 6690 6387
f 6388 6691 6389
f 6690 6691 6388
f 6389 6692 6390
f 6691 6692 6389
f 6390 6693 6391
f 6692 6693 6390
f 6376 6391 6677
f 6677 6391 6693
f 6682 6392 6382
f 6684 6694 6682
f 6694 6392 6682
f 6694 6393 6392
f 6393 6695 6394
f 6694 6695 6393
f 6394 6696 6395
f 6695 6696 6394
f 6395 6697 6396
f 6696 6697 6395
f 6396 6698 6397
f 6697 6698 6396
f 6384 6397 6686
f 6686 6397 6698
f 6701 6700 6699
f 6703 6702 6699
f 6699 6702 6701
f 6703 6704 6702
f 6699 6700 6705
f 6705 6700 6706
f 6708 6703 6707
f 6703 6705 6707
f 6703 6699 6705
f 6703 6708 6704
f 6706 6709 6705
f 6705 6709 6707
f 6712 6711 6710
f 6714 6713 6710
f 6710 6713 6712
f 6403 6404 6714
f 6404 6713 6714
f 6404 6715 6713
f 6717 6715 6716
f 6715 6405 6716
f 6715 6404 6405
f 6406 6716 6405
f 6718 6408 6409
f 6410 6719 6409
f 6409 6719 6718
f 6411 6719 6410
f 6722 6721 6720
f 6722 6720 6711
f 6720 6710 6711
f 6720 6723 6710
f 6723 6416 6417
f 6714 6723 6417
f 6710 6723 6714
f 6714 6417 6403
f 6724 6717 6716
f 6726 6724 6725
f 6725 6724 6418
f 6724 6716 6418
f 6716 6406 6418
f 6419 6725 6418
f 6727 6420 6421
f 6727 6421 6728
f 6421 6729 6728
f 6421 6422 6729
f 6422 6408 6718
f 6730 6422 6718
f 6729 6422 6730
f 6730 6718 6719
f 6730 6719 6731
f 6733 6731 6732
f 6732 6731 6423
f 6731 6719 6423
f 6719 6411 6423
f 6424 6732 6423
f 6720 6721 6734
f 6734 6721 6735
f 6734 6429 6430
f 6723 6734 6430
f 6720 6734 6723
f 6723 6430 6416
f 6736 6726 6725
f 6725 6419 6736
f 6419 6737 6736
f 6419 6431 6737
f 6739 6738 6434
f 6434 6738 6433
f 6434 6420 6727
f 6740 6434 6727
f 6739 6434 6740
f 6740 6727 6728
f 6733 6732 6741
f 6733 6741 6742
f 6435 6743 6424
f 6743 6732 6424
f 6743 6741 6732
f 6436 6743 6435
f 6734 6735 6744
f 6744 6735 6745
f 6744 6441 6429
f 6744 6429 6734
f 6442 6737 6431
f 6442 6746 6737
f 6748 6747 6444
f 6444 6747 6443
f 6444 6433 6738
f 6444 6738 6748
f 6749 6742 6741
f 6751 6750 6749
f 6741 6751 6749
f 6743 6751 6741
f 6445 6752 6436
f 6752 6743 6436
f 6752 6751 6743
f 6446 6752 6445
f 6755 6754 6753
f 6755 6753 6745
f 6745 6753 6744
f 6753 6450 6744
f 6450 6451 6744
f 6744 6451 6441
f 6452 6757 6756
f 6746 6452 6756
f 6442 6452 6746
f 6757 6758 6756
f 6759 6453 6454
f 6759 6454 6760
f 6454 6761 6760
f 6454 6455 6761
f 6762 6455 6456
f 6762 6761 6455
f 6456 6458 6762
f 6762 6458 6763
f 6766 6765 6764
f 6747 6766 6764
f 6459 6747 6764
f 6443 6747 6459
f 6750 6751 6767
f 6750 6767 6768
f 6769 6751 6752
f 6767 6751 6769
f 6460 6770 6446
f 6770 6752 6446
f 6770 6769 6752
f 6461 6770 6460
f 6753 6754 6771
f 6771 6754 6772
f 6771 6464 6450
f 6771 6450 6753
f 6774 6773 6757
f 6452 6774 6757
f 6465 6774 6452
f 6757 6773 6758
f 6776 6775 6759
f 6775 6453 6759
f 6775 6466 6453
f 6776 6759 6760
f 6467 6778 6777
f 6763 6467 6777
f 6458 6467 6763
f 6778 6779 6777
f 6764 6765 6780
f 6780 6765 6781
f 6780 6468 6459
f 6780 6459 6764
f 6784 6783 6782
f 6782 6783 6768
f 6767 6782 6768
f 6785 6782 6767
f 6786 6767 6769
f 6785 6767 6786
f 6787 6769 6770
f 6786 6769 6787
f 6470 6787 6461
f 6461 6787 6770
f 6771 6772 6788
f 6788 6772 6789
f 6788 6472 6464
f 6788 6464 6771
f 6473 6774 6465
f 6473 6790 6774
f 6775 6474 6466
f 6791 6474 6775
f 6475 6778 6467
f 6475 6477 6778
f 6477 6779 6778
f 6477 6792 6779
f 6781 6793 6780
f 6780 6793 6468
f 6793 6478 6468
f 6793 6794 6478
f 6480 6478 6794
f 6480 6794 6795
f 6784 6782 6796
f 6784 6796 6797
f 6798 6782 6785
f 6796 6782 6798
f 6799 6785 6786
f 6798 6785 6799
f 6800 6786 6787
f 6799 6786 6800
f 6481 6801 6470
f 6801 6787 6470
f 6801 6800 6787
f 6482 6801 6481
f 6788 6789 6486
f 6789 6485 6486
f 6789 6802 6485
f 6788 6486 6472
f 6804 6803 6488
f 6804 6488 6489
f 6473 6488 6790
f 6790 6488 6803
f 6807 6806 6805
f 6791 6807 6805
f 6490 6791 6805
f 6474 6791 6490
f 6808 6792 6477
f 6808 6477 6491
f 6809 6491 6492
f 6809 6808 6491
f 6810 6492 6493
f 6810 6809 6492
f 6811 6493 6494
f 6811 6810 6493
f 6494 6480 6795
f 6494 6795 6811
f 6812 6797 6796
f 6812 6796 6798
f 6812 6798 6813
f 6813 6798 6799
f 6813 6799 6814
f 6814 6799 6800
f 6814 6800 6815
f 6815 6800 6801
f 6815 6801 6816
f 6816 6801 6482
f 6495 6816 6482
f 6817 6816 6495
f 6818 6495 6496
f 6818 6817 6495
f 6819 6496 6497
f 6819 6818 6496
f 6497 6485 6802
f 6497 6802 6819
f 6499 6804 6489
f 6499 6820 6804
f 6805 6806 6821
f 6821 6806 6822
f 6823 6500 6490
f 6805 6823 6490
f 6821 6823 6805
f 6823 6501 6500
f 6826 6825 6824
f 6825 6820 6824
f 6820 6503 6824
f 6820 6499 6503
f 6822 6827 6821
f 6828 6505 6506
f 6821 6828 6506
f 6823 6821 6506
f 6827 6828 6821
f 6823 6506 6501
f 6826 6824 6829
f 6826 6829 6830
f 6507 6831 6503
f 6831 6824 6503
f 6831 6829 6824
f 6508 6831 6507
f 6828 6513 6505
f 6832 6513 6828
f 6833 6830 6829
f 6835 6834 6833
f 6829 6835 6833
f 6831 6835 6829
f 6514 6836 6508
f 6836 6831 6508
f 6836 6835 6831
f 6515 6836 6514
f 6837 6520 6521
f 6522 6838 6521
f 6521 6838 6837
f 6838 6522 6839
f 6522 6840 6839
f 6522 6523 6840
f 6842 6841 6524
f 6841 6523 6524
f 6841 6840 6523
f 6842 6843 6841
f 6845 6844 6526
f 6526 6844 6525
f 6526 6513 6832
f 6526 6832 6845
f 6834 6835 6846
f 6834 6846 6847
f 6848 6835 6836
f 6846 6835 6848
f 6527 6849 6515
f 6849 6836 6515
f 6849 6848 6836
f 6528 6850 6527
f 6527 6850 6849
f 6529 6851 6528
f 6528 6851 6850
f 6530 6852 6529
f 6529 6852 6851
f 6853 6852 6530
f 6853 6530 6520
f 6854 6853 6520
f 6837 6854 6520
f 6854 6837 6838
f 6854 6838 6855
f 6855 6838 6839
f 6531 6856 6842
f 6531 6842 6524
f 6843 6842 6857
f 6857 6842 6856
f 6859 6858 6533
f 6533 6858 6532
f 6533 6525 6844
f 6533 6844 6859
f 6860 6847 6846
f 6860 6846 6848
f 6860 6848 6861
f 6861 6848 6849
f 6861 6849 6862
f 6862 6849 6850
f 6862 6850 6863
f 6863 6850 6851
f 6863 6851 6864
f 6864 6851 6852
f 6864 6852 6865
f 6865 6852 6853
f 6867 6866 6856
f 6531 6867 6856
f 6534 6867 6531
f 6856 6866 6857
f 6869 6868 6536
f 6536 6868 6535
f 6536 6532 6858
f 6536 6858 6869
f 6537 6867 6534
f 6537 6870 6867
f 6872 6871 6539
f 6539 6871 6538
f 6539 6535 6868
f 6539 6868 6872
f 6540 6870 6537
f 6540 6873 6870
f 6871 6541 6538
f 6874 6541 6871
f 6877 6876 6875
f 6876 6873 6875
f 6873 6542 6875
f 6873 6540 6542
f 6874 6543 6541
f 6878 6543 6874
f 6877 6875 6545
f 6546 6877 6545
f 6879 6877 6546
f 6545 6875 6542
f 6878 6547 6543
f 6880 6547 6878
f 6546 6548 6881
f 6882 6546 6881
f 6879 6546 6882
f 6549 6881 6548
f 6884 6883 6551
f 6551 6883 6550
f 6551 6547 6880
f 6551 6880 6884
f 6885 6882 6881
f 6881 6549 6885
f 6549 6886 6885
f 6549 6553 6886
f 6888 6887 6555
f 6555 6887 6554
f 6555 6550 6883
f 6555 6883 6888
f 6889 6886 6553
f 6889 6553 6556
f 6891 6889 6890
f 6889 6557 6890
f 6889 6556 6557
f 6558 6890 6557
f 6887 6559 6554
f 6892 6559 6887
f 6893 6891 6890
f 6890 6558 6893
f 6558 6894 6893
f 6558 6560 6894
f 6896 6895 6562
f 6562 6895 6561
f 6562 6559 6892
f 6562 6892 6896
f 6560 6563 6897
f 6898 6560 6897
f 6894 6560 6898
f 6564 6897 6563
f 6895 6565 6561
f 6899 6565 6895
f 6898 6897 6567
f 6568 6898 6567
f 6900 6898 6568
f 6567 6897 6564
f 6899 6569 6565
f 6901 6569 6899
f 6570 6900 6568
f 6570 6902 6900
f 6901 6571 6569
f 6903 6571 6901
f 6905 6904 6573
f 6905 6573 6574
f 6570 6573 6902
f 6902 6573 6904
f 6903 6575 6571
f 6906 6575 6903
f 6909 6908 6907
f 6908 6905 6907
f 6905 6576 6907
f 6905 6574 6576
f 6906 6577 6575
f 6910 6577 6906
f 6909 6907 6579
f 6580 6909 6579
f 6911 6909 6580
f 6579 6907 6576
f 6910 6581 6577
f 6912 6581 6910
f 6915 6914 6913
f 6914 6911 6913
f 6911 6583 6913
f 6911 6580 6583
f 6912 6916 6581
f 6581 6916 6584
f 6585 6584 6916
f 6585 6916 6917
f 6915 6913 6918
f 6915 6918 6919
f 6586 6918 6583
f 6583 6918 6913
f 6917 6587 6585
f 6920 6587 6917
f 6919 6918 6921
f 6919 6921 6922
f 6588 6921 6586
f 6586 6921 6918
f 6924 6589 6923
f 6589 6920 6923
f 6589 6587 6920
f 6925 6924 6923
f 6922 6921 6926
f 6922 6926 6927
f 6590 6926 6588
f 6588 6926 6921
f 6924 6591 6589
f 6593 6591 6924
f 6925 6593 6924
f 6928 6593 6925
f 6927 6926 6929
f 6927 6929 6930
f 6594 6929 6590
f 6590 6929 6926
f 6928 6595 6593
f 6931 6595 6928
f 6930 6929 6932
f 6930 6932 6933
f 6597 6932 6594
f 6594 6932 6929
f 6931 6599 6595
f 6934 6599 6931
f 6935 6933 6932
f 6932 6597 6935
f 6597 6936 6935
f 6597 6601 6936
f 6938 6937 6603
f 6603 6937 6602
f 6603 6599 6934
f 6603 6934 6938
f 6601 6604 6939
f 6940 6601 6939
f 6936 6601 6940
f 6605 6939 6604
f 6937 6606 6602
f 6941 6606 6937
f 6940 6939 6608
f 6609 6940 6608
f 6942 6940 6609
f 6608 6939 6605
f 6941 6610 6606
f 6943 6610 6941
f 6611 6942 6609
f 6611 6944 6942
f 6943 6612 6610
f 6945 6612 6943
f 6948 6947 6946
f 6949 6946 6947
f 6951 6950 6614
f 6951 6614 6615
f 6611 6614 6944
f 6944 6614 6950
f 6945 6616 6612
f 6952 6616 6945
f 6955 6954 6953
f 6953 6954 6948
f 6946 6953 6948
f 6956 6953 6946
f 6946 6949 6957
f 6958 6946 6957
f 6956 6946 6958
f 6618 6619 6958
f 6957 6618 6958
f 6959 6618 6957
f 6615 6618 6951
f 6951 6618 6959
f 6952 6620 6616
f 6960 6620 6952
f 6955 6953 6622
f 6623 6955 6622
f 6961 6955 6623
f 6622 6953 6624
f 6953 6962 6624
f 6953 6956 6962
f 6963 6956 6958
f 6962 6956 6963
f 6625 6963 6619
f 6619 6963 6958
f 6960 6626 6620
f 6964 6626 6960
f 6966 6965 6627
f 6966 6627 6628
f 6623 6627 6961
f 6961 6627 6965
f 6967 6630 6962
f 6962 6630 6624
f 6633 6967 6632
f 6967 6963 6632
f 6967 6962 6963
f 6632 6963 6625
f 6964 6634 6626
f 6968 6634 6964
f 6970 6969 6635
f 6970 6635 6636
f 6635 6971 6637
f 6969 6971 6635
f 6628 6637 6966
f 6966 6637 6971
f 6967 6639 6630
f 6639 6967 6633
f 6973 6641 6972
f 6641 6968 6972
f 6641 6634 6968
f 6974 6973 6972
f 6976 6975 6642
f 6976 6642 6643
f 6636 6642 6970
f 6970 6642 6975
f 6973 6644 6641
f 6645 6644 6973
f 6974 6645 6973
f 6977 6645 6974
f 6979 6978 6646
f 6979 6646 6647
f 6643 6646 6976
f 6976 6646 6978
f 6977 6648 6645
f 6980 6648 6977
f 6650 6981 6649
f 6981 6982 6649
f 6982 6647 6649
f 6982 6979 6647
f 6980 6651 6648
f 6983 6651 6980
f 6985 6984 6981
f 6650 6985 6981
f 6652 6985 6650
f 6981 6984 6982
f 6983 6653 6651
f 6986 6653 6983
f 6989 6988 6987
f 6988 6985 6987
f 6985 6654 6987
f 6985 6652 6654
f 6986 6990 6653
f 6653 6990 6655
f 6656 6655 6990
f 6656 6990 6991
f 6989 6987 6657
f 6658 6989 6657
f 6992 6989 6658
f 6657 6987 6654
f 6994 6659 6993
f 6659 6991 6993
f 6659 6656 6991
f 6995 6994 6993
f 6998 6997 6996
f 6997 6992 6996
f 6992 6660 6996
f 6992 6658 6660
f 6994 6661 6659
f 7000 6999 6662
f 7000 6662 6661
f 6995 7000 6661
f 6994 6995 6661
f 7001 6999 7000
f 6998 6996 6663
f 6664 6998 6663
f 7002 6998 6664
f 6663 6996 6660
f 6999 6665 6662
f 7001 7003 6999
f 7003 6665 6999
f 7003 6667 6665
f 6668 6667 7003
f 6668 7003 7004
f 7006 7005 6669
f 7006 6669 6670
f 6669 7007 6671
f 7005 7007 6669
f 6664 6671 7002
f 7002 6671 7007
f 7004 7008 6668
f 6668 7008 6672
f 6672 7009 6673
f 7008 7009 6672
f 6673 7010 6674
f 7009 7010 6673
f 7012 7011 6675
f 6674 7012 6675
f 7010 7012 6674
f 7013 7011 7012
f 7015 7014 6676
f 7015 6676 6677
f 6670 6676 7006
f 7006 6676 7014
f 7011 6678 6675
f 7013 7016 7011
f 7016 6678 7011
f 7016 6679 6678
f 6679 7017 6680
f 7016 7017 6679
f 6680 7018 6681
f 7017 7018 6680
f 6681 7019 6683
f 7018 7019 6681
f 7021 7020 6684
f 6683 7021 6684
f 7019 7021 6683
f 7023 7022 7020
f 7023 7020 7021
f 7024 7022 7023
f 7027 7026 7025
f 7029 7028 7025
f 7029 7025 7026
f 6685 6686 7028
f 7029 6685 7028
f 7030 6685 7029
f 6685 7031 6687
f 7030 7031 6685
f 6687 7032 6688
f 7031 7032 6687
f 6688 7033 6689
f 7032 7033 6688
f 6689 7034 6690
f 7033 7034 6689
f 6690 7035 6691
f 7034 7035 6690
f 6691 7036 6692
f 7035 7036 6691
f 6692 7037 6693
f 7036 7037 6692
f 6677 6693 7015
f 7015 6693 7037
f 7020 6694 6684
f 6694 7020 6695
f 6695 7020 7022
f 7024 7038 7022
f 7038 6695 7022
f 7038 6696 6695
f 7025 6697 7027
f 6697 7038 7027
f 6697 6696 7038
f 6697 7025 6698
f 6698 7025 7028
f 6698 7028 6686
f 7041 7040 7039
f 7039 7042 7041
f 7044 7043 6701
f 6701 7043 6700
f 6702 7039 7040
f 7044 6702 7040
f 6701 6702 7044
f 6702 6704 7039
f 6704 7042 7039
f 6704 7045 7042
f 7043 6706 6700
f 7046 6706 7043
f 6707 7047 6708
f 7047 7048 6708
f 7048 6704 6708
f 7048 7045 6704
f 6709 6706 7049
f 6706 7050 7049
f 6706 7046 7050
f 7047 6707 6709
f 7049 7047 6709
f 7051 7047 7049
f 7048 7047 7052
f 7052 7047 7051
f 7050 7053 7049
f 7049 7053 7051
f 7051 7053 7054
f 7051 7054 7052
f 7057 7056 7055
f 7055 7058 7057
f 7061 7060 7059
f 7061 7059 7056
f 7056 7059 7055
f 7059 6711 7055
f 6711 6712 7055
f 7062 7058 7055
f 6712 7062 7055
f 6713 7062 6712
f 7064 7062 7063
f 7062 6715 7063
f 7062 6713 6715
f 6717 7063 6715
f 7059 7060 6722
f 7060 6721 6722
f 7060 7065 6721
f 7059 6722 6711
f 7066 7064 7063
f 7066 7063 6717
f 6724 7066 6717
f 7067 7066 6724
f 6724 6726 7067
f 7067 6726 7068
f 7069 6728 6729
f 7069 6729 7070
f 6729 7071 7070
f 6729 6730 7071
f 7072 6730 6731
f 7072 7071 6730
f 6731 6733 7072
f 7072 6733 7073
f 7076 7075 7074
f 7065 7076 7074
f 6735 7065 7074
f 6721 7065 6735
f 7077 7068 6726
f 7077 6726 6736
f 6736 6737 7077
f 7077 6737 7078
f 7079 6738 6739
f 7079 6739 7080
f 6739 7081 7080
f 6739 6740 7081
f 6740 6728 7069
f 7082 6740 7069
f 7081 6740 7082
f 7082 7069 7070
f 6742 7073 6733
f 6742 7083 7073
f 7074 7075 7084
f 7084 7075 7085
f 7084 6745 6735
f 7084 6735 7074
f 6746 7087 7086
f 7078 6746 7086
f 6737 6746 7078
f 7087 7088 7086
f 7090 7089 6748
f 6748 7089 6747
f 6748 6738 7079
f 7091 6748 7079
f 7090 6748 7091
f 7091 7079 7080
f 6742 6749 7092
f 7093 6742 7092
f 7083 6742 7093
f 6750 7092 6749
f 7084 7085 6755
f 7085 6754 6755
f 7085 7094 6754
f 7084 6755 6745
f 6756 7087 6746
f 6756 6758 7087
f 6758 7088 7087
f 6758 7095 7088
f 7097 7096 6761
f 6761 7096 6760
f 7098 6761 6762
f 7098 7097 6761
f 6762 6763 7098
f 7098 6763 7099
f 7101 7100 6766
f 6766 7100 6765
f 6766 6747 7089
f 6766 7089 7101
f 7093 7092 7102
f 7093 7102 7103
f 6768 7102 6750
f 6750 7102 7092
f 7094 6772 6754
f 7104 6772 7094
f 6774 7105 6773
f 7105 7106 6773
f 7106 6758 6773
f 7106 7095 6758
f 7108 7107 6776
f 6776 7107 6775
f 6776 6760 7096
f 6776 7096 7108
f 7109 7099 6763
f 7109 6763 6777
f 6777 6779 7109
f 7109 6779 7110
f 7100 6781 6765
f 7111 6781 7100
f 7103 7102 6783
f 6784 7103 6783
f 7112 7103 6784
f 6783 7102 6768
f 7104 6789 6772
f 7113 6789 7104
f 6790 7114 7105
f 6790 7105 6774
f 7106 7105 7115
f 7115 7105 7114
f 7107 6791 6775
f 7116 6791 7107
f 6792 7118 7117
f 7110 6792 7117
f 6779 6792 7110
f 7118 7119 7117
f 6793 6781 7120
f 6781 7121 7120
f 6781 7111 7121
f 7122 6794 6793
f 7122 6793 7120
f 7122 6795 6794
f 7125 7124 7123
f 7124 7112 7123
f 7112 6797 7123
f 7112 6784 6797
f 7128 7127 7126
f 7113 7128 7126
f 6802 7113 7126
f 6789 7113 6802
f 6804 7129 6803
f 7129 7130 6803
f 6803 7130 6790
f 7130 7131 6790
f 7131 7114 6790
f 7114 7131 7115
f 7133 7132 6807
f 6807 7132 6806
f 6807 6791 7116
f 6807 7116 7133
f 6808 7118 6792
f 7134 7119 7118
f 6808 7134 7118
f 6809 7134 6808
f 6810 7120 7121
f 7134 6810 7121
f 6809 6810 7134
f 7120 6810 6811
f 7120 6811 7122
f 7122 6811 6795
f 7135 7125 7123
f 7135 7123 6797
f 6812 7135 6797
f 7136 7135 6812
f 7137 6812 6813
f 7137 7136 6812
f 7138 6813 6814
f 7138 7137 6813
f 7139 6814 6815
f 7139 7138 6814
f 7140 6815 6816
f 7140 7139 6815
f 7141 6816 6817
f 7141 7140 6816
f 7142 6817 6818
f 7142 7141 6817
f 6819 7126 7127
f 7142 6819 7127
f 6818 6819 7142
f 7126 6819 6802
f 7144 7143 7129
f 6804 7144 7129
f 6820 7144 6804
f 7129 7143 7130
f 7132 6822 6806
f 7145 6822 7132
f 7147 7146 6825
f 7147 6825 6826
f 6820 6825 7144
f 7144 6825 7146
f 6827 6822 7148
f 6822 7149 7148
f 6822 7145 7149
f 7148 6828 6827
f 6830 7151 7150
f 7147 6830 7150
f 6826 6830 7147
f 7151 7152 7150
f 7155 7154 7153
f 7153 7156 7155
f 7149 7157 7148
f 6828 7148 7157
f 7158 6828 7157
f 6832 6828 7158
f 6833 7151 6830
f 7160 7159 6834
f 6834 7159 6833
f 7159 7152 6833
f 7152 7151 6833
f 7160 7161 7159
f 7163 7162 6840
f 6840 7162 6839
f 6841 7153 7154
f 7163 6841 7154
f 6840 6841 7163
f 6841 6843 7153
f 6843 7156 7153
f 6843 7164 7156
f 7166 7165 6845
f 6845 7165 6844
f 6845 6832 7158
f 6845 7158 7166
f 6847 7167 7160
f 6847 7160 6834
f 7161 7160 7168
f 7168 7160 7167
f 7169 6853 6854
f 7169 6854 7170
f 6854 7171 7170
f 6854 6855 7171
f 6855 6839 7162
f 6855 7162 7171
f 6857 7164 6843
f 6857 7172 7164
f 7173 6858 6859
f 7174 7173 6859
f 6844 7174 6859
f 7165 7174 6844
f 6860 7167 6847
f 6860 6861 7167
f 6861 7175 7167
f 7175 7168 7167
f 6861 7176 7175
f 6862 7177 6861
f 6861 7177 7176
f 6863 7178 6862
f 6862 7178 7177
f 7178 6863 7179
f 6863 7180 7179
f 6863 6864 7180
f 7181 6864 6865
f 7181 7180 6864
f 6865 6853 7169
f 7182 6865 7169
f 7181 6865 7182
f 7182 7169 7170
f 6867 7183 6866
f 7183 7184 6866
f 7184 6857 6866
f 7184 7172 6857
f 7186 7185 6869
f 6869 7185 6868
f 6869 6858 7173
f 7187 6869 7173
f 7186 6869 7187
f 7187 7173 7174
f 7188 7175 7176
f 7188 7176 7177
f 7188 7177 7189
f 7189 7177 7178
f 7189 7178 7190
f 7190 7178 7179
f 7192 7191 7183
f 6867 7192 7183
f 6870 7192 6867
f 7183 7191 7184
f 7195 7194 7193
f 6871 6872 7193
f 6872 7195 7193
f 6872 7196 7195
f 6872 6868 7185
f 6872 7185 7196
f 6873 7192 6870
f 6873 7197 7192
f 7193 7194 7198
f 7198 7194 7199
f 7198 6874 6871
f 7198 6871 7193
f 7201 7200 6876
f 7201 6876 6877
f 6873 6876 7197
f 7197 6876 7200
f 7199 7202 7198
f 6874 7198 7202
f 7203 6874 7202
f 6878 6874 7203
f 6879 7201 6877
f 6879 7204 7201
f 7203 6880 6878
f 7205 6880 7203
f 6882 7204 6879
f 6882 7206 7204
f 7208 7207 6884
f 6884 7207 6883
f 6884 6880 7205
f 6884 7205 7208
f 6882 6885 7209
f 7210 6882 7209
f 7206 6882 7210
f 6886 7209 6885
f 7212 7211 6888
f 6888 7211 6887
f 6888 6883 7207
f 6888 7207 7212
f 7213 7210 7209
f 7213 7209 6886
f 6889 7213 6886
f 7214 7213 6889
f 6889 6891 7214
f 7214 6891 7215
f 7218 7217 7216
f 7211 7218 7216
f 6892 7211 7216
f 6887 7211 6892
f 7219 7215 6891
f 7219 6891 6893
f 6893 6894 7219
f 7219 6894 7220
f 7216 7217 6896
f 7217 6895 6896
f 7217 7221 6895
f 7216 6896 6892
f 6898 7220 6894
f 6898 7222 7220
f 7221 6899 6895
f 7223 6899 7221
f 6900 7222 6898
f 6900 7224 7222
f 7223 6901 6899
f 7225 6901 7223
f 6902 7224 6900
f 6902 7226 7224
f 7225 6903 6901
f 7227 6903 7225
f 7229 7228 6904
f 7229 6904 6905
f 6902 6904 7226
f 7226 6904 7228
f 7227 6906 6903
f 7230 6906 7227
f 7232 7231 6908
f 7232 6908 6909
f 6905 6908 7229
f 7229 6908 7231
f 7230 6910 6906
f 7233 6910 7230
f 7236 7235 7234
f 7235 7232 7234
f 7232 6911 7234
f 7232 6909 6911
f 7233 6912 6910
f 7237 6912 7233
f 7240 7239 7238
f 7238 7239 7236
f 7238 7236 7234
f 6915 7238 7234
f 6914 6915 7234
f 6914 7234 6911
f 7237 7241 6912
f 6912 7241 6916
f 6917 6916 7241
f 6917 7241 7242
f 7240 7238 7243
f 7240 7243 7244
f 6919 7243 6915
f 6915 7243 7238
f 7242 6920 6917
f 7245 6920 7242
f 7244 7243 7246
f 7244 7246 7247
f 6922 7246 6919
f 6919 7246 7243
f 7245 7248 6920
f 6920 7248 6923
f 6925 6923 7248
f 6925 7248 7249
f 7247 7246 7250
f 7247 7250 7251
f 6927 7250 6922
f 6922 7250 7246
f 7249 6928 6925
f 7252 6928 7249
f 7251 7250 7253
f 7251 7253 7254
f 6930 7253 6927
f 6927 7253 7250
f 7252 6931 6928
f 7255 6931 7252
f 7256 7254 7253
f 7253 6930 7256
f 6930 7257 7256
f 6930 6933 7257
f 7255 6934 6931
f 7258 6934 7255
f 6933 6935 7259
f 7260 6933 7259
f 7257 6933 7260
f 6936 7259 6935
f 7261 6937 6938
f 7262 7261 6938
f 6934 7262 6938
f 7258 7262 6934
f 7260 7259 7263
f 7260 7263 7264
f 6940 7263 6936
f 6936 7263 7259
f 7266 7265 7261
f 7265 6937 7261
f 7265 6941 6937
f 7266 7261 7262
f 7264 7263 7267
f 7264 7267 7268
f 6942 7267 6940
f 6940 7267 7263
f 7265 6943 6941
f 7269 6943 7265
f 7268 7267 7270
f 7268 7270 7271
f 6944 7270 6942
f 6942 7270 7267
f 7269 6945 6943
f 7272 6945 7269
f 7274 7273 6947
f 7274 6947 6948
f 6949 6947 7273
f 6949 7273 7275
f 7278 7277 7276
f 7276 7277 7271
f 7276 7271 7270
f 6951 7276 7270
f 6950 6951 7270
f 6950 7270 6944
f 7272 6952 6945
f 7279 6952 7272
f 6955 7280 6954
f 7280 7281 6954
f 7281 6948 6954
f 7281 7274 6948
f 7275 7282 6949
f 6949 7282 6957
f 7276 6959 7278
f 6959 7282 7278
f 6959 6957 7282
f 6959 7276 6951
f 7279 6960 6952
f 7283 6960 7279
f 7285 7284 7280
f 6955 7285 7280
f 6961 7285 6955
f 7280 7284 7281
f 7283 6964 6960
f 7286 6964 7283
f 7288 7287 6965
f 7288 6965 6966
f 6961 6965 7285
f 7285 6965 7287
f 7290 6968 7289
f 6968 7286 7289
f 6968 6964 7286
f 7291 7290 7289
f 7293 7292 6969
f 7293 6969 6970
f 6969 7294 6971
f 7292 7294 6969
f 6966 6971 7288
f 7288 6971 7294
f 7290 6972 6968
f 6974 6972 7290
f 7291 6974 7290
f 7295 6974 7291
f 7297 7296 6975
f 7297 6975 6976
f 6970 6975 7293
f 7293 6975 7296
f 7295 6977 6974
f 7298 6977 7295
f 7300 7299 6978
f 7300 6978 6979
f 6976 6978 7297
f 7297 6978 7299
f 7298 6980 6977
f 7301 6980 7298
f 6982 7300 6979
f 6982 7302 7300
f 7301 6983 6980
f 7303 6983 7301
f 7305 7304 6984
f 7305 6984 6985
f 6982 6984 7302
f 7302 6984 7304
f 7307 6986 7306
f 6986 7303 7306
f 6986 6983 7303
f 7308 7307 7306
f 7310 7309 6988
f 7310 6988 6989
f 6985 6988 7305
f 7305 6988 7309
f 7307 6990 6986
f 6991 6990 7307
f 7308 6991 7307
f 7311 6991 7308
f 7314 7313 7312
f 7313 7310 7312
f 7310 6992 7312
f 7310 6989 6992
f 7311 7315 6991
f 6991 7315 6993
f 6995 6993 7315
f 6995 7315 7316
f 7314 7312 6997
f 6998 7314 6997
f 7317 7314 6998
f 6997 7312 6992
f 7316 7318 6995
f 6995 7318 7000
f 7001 7000 7318
f 7001 7318 7319
f 7322 7321 7320
f 7321 7317 7320
f 7317 7002 7320
f 7317 6998 7002
f 7319 7323 7001
f 7001 7323 7003
f 7325 7324 7004
f 7003 7325 7004
f 7323 7325 7003
f 7326 7324 7325
f 7328 7327 7005
f 7328 7005 7006
f 7320 7007 7322
f 7007 7327 7322
f 7007 7005 7327
f 7007 7320 7002
f 7324 7008 7004
f 7326 7329 7324
f 7329 7008 7324
f 7329 7009 7008
f 7009 7330 7010
f 7329 7330 7009
f 7010 7331 7012
f 7330 7331 7010
f 7333 7332 7013
f 7012 7333 7013
f 7331 7333 7012
f 7335 7334 7332
f 7335 7332 7333
f 7337 7336 7334
f 7337 7334 7335
f 7338 7336 7337
f 7341 7340 7339
f 7014 7015 7339
f 7340 7014 7339
f 7342 7014 7340
f 7006 7014 7328
f 7328 7014 7342
f 7332 7016 7013
f 7016 7332 7017
f 7017 7332 7334
f 7017 7334 7018
f 7018 7334 7336
f 7338 7343 7336
f 7343 7018 7336
f 7343 7019 7018
f 7019 7344 7021
f 7343 7344 7019
f 7021 7345 7023
f 7344 7345 7021
f 7347 7346 7024
f 7023 7347 7024
f 7345 7347 7023
f 7026 7027 7346
f 7347 7026 7346
f 7348 7026 7347
f 7026 7349 7029
f 7348 7349 7026
f 7029 7350 7030
f 7349 7350 7029
f 7030 7351 7031
f 7350 7351 7030
f 7031 7352 7032
f 7351 7352 7031
f 7032 7353 7033
f 7352 7353 7032
f 7033 7354 7034
f 7353 7354 7033
f 7034 7355 7035
f 7354 7355 7034
f 7035 7356 7036
f 7355 7356 7035
f 7339 7037 7341
f 7037 7356 7341
f 7037 7036 7356
f 7037 7339 7015
f 7346 7038 7024
f 7038 7346 7027
f 7358 7357 7041
f 7041 7357 7040
f 7041 7042 7358
f 7358 7042 7359
f 7361 7360 7044
f 7044 7360 7043
f 7044 7040 7357
f 7044 7357 7361
f 7045 7359 7042
f 7045 7362 7359
f 7360 7046 7043
f 7363 7046 7360
f 7048 7362 7045
f 7048 7364 7362
f 7363 7050 7046
f 7365 7050 7363
f 7052 7364 7048
f 7052 7366 7364
f 7053 7050 7367
f 7050 7368 7367
f 7050 7365 7368
f 7369 7054 7053
f 7369 7053 7367
f 7369 7370 7054
f 7370 7052 7054
f 7370 7366 7052
f 7368 7371 7367
f 7367 7371 7369
f 7369 7371 7372
f 7369 7372 7370
f 7375 7374 7373
f 7377 7376 7373
f 7373 7376 7375
f 7377 7378 7376
f 7381 7380 7379
f 7381 7379 7374
f 7379 7373 7374
f 7379 7382 7373
f 7382 7056 7057
f 7377 7382 7057
f 7373 7382 7377
f 7057 7058 7377
f 7058 7378 7377
f 7058 7383 7378
f 7379 7380 7384
f 7384 7380 7385
f 7384 7060 7061
f 7382 7384 7061
f 7379 7384 7382
f 7382 7061 7056
f 7386 7383 7058
f 7386 7058 7062
f 7062 7064 7386
f 7386 7064 7387
f 7384 7385 7388
f 7388 7385 7389
f 7388 7065 7060
f 7388 7060 7384
f 7390 7387 7064
f 7390 7064 7066
f 7392 7390 7391
f 7390 7067 7391
f 7390 7066 7067
f 7068 7391 7067
f 7393 7070 7071
f 7072 7394 7071
f 7071 7394 7393
f 7073 7394 7072
f 7397 7396 7395
f 7397 7395 7389
f 7389 7395 7388
f 7395 7075 7388
f 7075 7076 7388
f 7388 7076 7065
f 7398 7392 7391
f 7400 7398 7399
f 7399 7398 7077
f 7398 7391 7077
f 7391 7068 7077
f 7078 7399 7077
f 7401 7080 7081
f 7401 7081 7402
f 7081 7403 7402
f 7081 7082 7403
f 7082 7070 7393
f 7404 7082 7393
f 7403 7082 7404
f 7404 7393 7394
f 7404 7394 7405
f 7394 7073 7405
f 7073 7406 7405
f 7073 7083 7406
f 7395 7396 7407
f 7407 7396 7408
f 7407 7085 7075
f 7407 7075 7395
f 7409 7400 7399
f 7409 7399 7078
f 7086 7409 7078
f 7410 7409 7086
f 7086 7088 7410
f 7410 7088 7411
f 7413 7412 7090
f 7090 7412 7089
f 7414 7090 7091
f 7414 7413 7090
f 7091 7080 7401
f 7415 7091 7401
f 7414 7091 7415
f 7415 7401 7402
f 7093 7417 7416
f 7406 7093 7416
f 7083 7093 7406
f 7417 7418 7416
f 7407 7408 7419
f 7419 7408 7420
f 7419 7094 7085
f 7419 7085 7407
f 7095 7422 7421
f 7411 7095 7421
f 7088 7095 7411
f 7422 7423 7421
f 7425 7424 7097
f 7097 7424 7096
f 7426 7097 7098
f 7426 7425 7097
f 7428 7427 7099
f 7427 7098 7099
f 7427 7426 7098
f 7428 7429 7427
f 7431 7430 7101
f 7101 7430 7100
f 7101 7089 7412
f 7101 7412 7431
f 7103 7432 7417
f 7103 7417 7093
f 7418 7417 7433
f 7433 7417 7432
f 7419 7420 7434
f 7434 7420 7435
f 7434 7104 7094
f 7434 7094 7419
f 7106 7436 7422
f 7106 7422 7095
f 7423 7422 7437
f 7422 7438 7437
f 7422 7436 7438
f 7438 7439 7437
f 7440 7107 7108
f 7441 7440 7108
f 7096 7441 7108
f 7424 7441 7096
f 7109 7428 7099
f 7443 7442 7110
f 7110 7442 7109
f 7442 7429 7109
f 7429 7428 7109
f 7445 7444 7443
f 7443 7444 7442
f 7430 7444 7445
f 7111 7430 7445
f 7100 7430 7111
f 7447 7446 7432
f 7103 7447 7432
f 7112 7447 7103
f 7432 7446 7433
f 7434 7435 7448
f 7448 7435 7449
f 7448 7113 7104
f 7448 7104 7434
f 7115 7450 7436
f 7115 7436 7106
f 7452 7438 7451
f 7438 7450 7451
f 7438 7436 7450
f 7438 7452 7439
f 7454 7453 7440
f 7453 7107 7440
f 7453 7116 7107
f 7454 7440 7441
f 7117 7443 7110
f 7443 7117 7119
f 7455 7443 7119
f 7445 7443 7455
f 7455 7121 7111
f 7455 7111 7445
f 7457 7456 7124
f 7457 7124 7125
f 7112 7124 7447
f 7447 7124 7456
f 7448 7449 7128
f 7449 7127 7128
f 7449 7458 7127
f 7448 7128 7113
f 7130 7459 7131
f 7450 7115 7131
f 7459 7450 7131
f 7460 7450 7459
f 7451 7450 7461
f 7461 7450 7460
f 7462 7132 7133
f 7463 7462 7133
f 7116 7463 7133
f 7453 7463 7116
f 7134 7455 7119
f 7455 7134 7121
f 7464 7457 7125
f 7464 7125 7135
f 7465 7135 7136
f 7465 7464 7135
f 7466 7136 7137
f 7466 7465 7136
f 7467 7137 7138
f 7467 7466 7137
f 7468 7138 7139
f 7468 7467 7138
f 7469 7139 7140
f 7469 7468 7139
f 7470 7140 7141
f 7470 7469 7140
f 7471 7141 7142
f 7471 7470 7141
f 7142 7127 7458
f 7142 7458 7471
f 7144 7472 7143
f 7459 7130 7143
f 7472 7459 7143
f 7473 7459 7472
f 7475 7460 7474
f 7460 7473 7474
f 7460 7459 7473
f 7460 7475 7461
f 7477 7476 7462
f 7476 7132 7462
f 7476 7145 7132
f 7477 7462 7463
f 7147 7478 7146
f 7472 7144 7146
f 7478 7472 7146
f 7479 7472 7478
f 7481 7473 7480
f 7473 7479 7480
f 7473 7472 7479
f 7473 7481 7474
f 7476 7149 7145
f 7482 7149 7476
f 7150 7478 7147
f 7479 7478 7483
f 7478 7152 7483
f 7152 7484 7483
f 7152 7478 7150
f 7479 7483 7480
f 7486 7485 7155
f 7155 7485 7154
f 7155 7156 7486
f 7486 7156 7487
f 7157 7149 7488
f 7149 7489 7488
f 7149 7482 7489
f 7488 7158 7157
f 7490 7484 7152
f 7490 7152 7159
f 7159 7161 7490
f 7490 7161 7491
f 7493 7492 7163
f 7163 7492 7162
f 7163 7154 7485
f 7163 7485 7493
f 7164 7495 7494
f 7487 7164 7494
f 7156 7164 7487
f 7495 7496 7494
f 7488 7489 7166
f 7489 7165 7166
f 7489 7497 7165
f 7488 7166 7158
f 7168 7499 7498
f 7491 7168 7498
f 7161 7168 7491
f 7499 7500 7498
f 7502 7501 7171
f 7171 7501 7170
f 7171 7162 7492
f 7171 7492 7502
f 7172 7503 7495
f 7172 7495 7164
f 7496 7495 7504
f 7504 7495 7503
f 7497 7174 7165
f 7505 7174 7497
f 7175 7506 7499
f 7175 7499 7168
f 7500 7499 7507
f 7507 7499 7506
f 7508 7179 7180
f 7181 7509 7180
f 7180 7509 7508
f 7509 7181 7510
f 7181 7511 7510
f 7181 7182 7511
f 7182 7170 7501
f 7182 7501 7511
f 7513 7512 7503
f 7172 7513 7503
f 7184 7513 7172
f 7503 7512 7504
f 7514 7185 7186
f 7514 7186 7515
f 7186 7516 7515
f 7186 7187 7516
f 7187 7174 7505
f 7187 7505 7516
f 7188 7506 7175
f 7517 7507 7506
f 7188 7517 7506
f 7189 7517 7188
f 7518 7189 7190
f 7518 7517 7189
f 7190 7179 7508
f 7519 7190 7508
f 7518 7190 7519
f 7519 7508 7509
f 7519 7509 7520
f 7520 7509 7510
f 7192 7521 7191
f 7521 7522 7191
f 7522 7184 7191
f 7522 7513 7184
f 7524 7523 7195
f 7195 7523 7194
f 7525 7195 7196
f 7525 7524 7195
f 7196 7185 7514
f 7526 7196 7514
f 7525 7196 7526
f 7526 7514 7515
f 7528 7527 7521
f 7192 7528 7521
f 7197 7528 7192
f 7521 7527 7522
f 7523 7199 7194
f 7529 7199 7523
f 7201 7530 7200
f 7530 7531 7200
f 7531 7197 7200
f 7531 7528 7197
f 7202 7199 7532
f 7199 7533 7532
f 7199 7529 7533
f 7532 7203 7202
f 7535 7534 7530
f 7201 7535 7530
f 7204 7535 7201
f 7530 7534 7531
f 7532 7533 7536
f 7536 7533 7537
f 7536 7205 7203
f 7536 7203 7532
f 7206 7535 7204
f 7206 7538 7535
f 7536 7537 7208
f 7537 7207 7208
f 7537 7539 7207
f 7536 7208 7205
f 7210 7538 7206
f 7210 7540 7538
f 7542 7541 7212
f 7212 7541 7211
f 7212 7207 7539
f 7212 7539 7542
f 7210 7213 7543
f 7544 7210 7543
f 7540 7210 7544
f 7214 7545 7213
f 7213 7545 7543
f 7215 7545 7214
f 7548 7547 7546
f 7546 7217 7548
f 7217 7218 7548
f 7550 7549 7548
f 7550 7548 7218
f 7551 7550 7218
f 7211 7551 7218
f 7541 7551 7211
f 7552 7544 7543
f 7552 7543 7545
f 7552 7545 7553
f 7555 7553 7554
f 7554 7553 7219
f 7553 7545 7219
f 7545 7215 7219
f 7220 7554 7219
f 7546 7547 7556
f 7556 7547 7557
f 7558 7549 7550
f 7221 7217 7556
f 7546 7556 7217
f 7558 7550 7551
f 7559 7555 7554
f 7554 7220 7559
f 7220 7560 7559
f 7220 7222 7560
f 7557 7561 7556
f 7221 7556 7561
f 7562 7221 7561
f 7223 7221 7562
f 7224 7560 7222
f 7224 7563 7560
f 7562 7225 7223
f 7564 7225 7562
f 7567 7566 7565
f 7566 7563 7565
f 7563 7226 7565
f 7563 7224 7226
f 7564 7227 7225
f 7568 7227 7564
f 7567 7565 7228
f 7229 7567 7228
f 7569 7567 7229
f 7228 7565 7226
f 7568 7230 7227
f 7570 7230 7568
f 7572 7571 7231
f 7572 7231 7232
f 7229 7231 7569
f 7569 7231 7571
f 7570 7233 7230
f 7573 7233 7570
f 7575 7574 7235
f 7575 7235 7236
f 7232 7235 7572
f 7572 7235 7574
f 7577 7237 7576
f 7237 7573 7576
f 7237 7233 7573
f 7578 7577 7576
f 7580 7579 7239
f 7580 7239 7240
f 7236 7239 7575
f 7575 7239 7579
f 7577 7241 7237
f 7242 7241 7577
f 7578 7242 7577
f 7581 7242 7578
f 7584 7583 7582
f 7583 7580 7582
f 7580 7244 7582
f 7580 7240 7244
f 7581 7245 7242
f 7585 7245 7581
f 7584 7582 7586
f 7584 7586 7587
f 7247 7586 7244
f 7244 7586 7582
f 7585 7588 7245
f 7245 7588 7248
f 7249 7248 7588
f 7249 7588 7589
f 7587 7586 7590
f 7587 7590 7591
f 7251 7590 7247
f 7247 7590 7586
f 7589 7252 7249
f 7592 7252 7589
f 7591 7590 7593
f 7591 7593 7594
f 7254 7593 7251
f 7251 7593 7590
f 7592 7255 7252
f 7595 7255 7592
f 7596 7594 7593
f 7598 7596 7597
f 7597 7596 7256
f 7596 7593 7256
f 7593 7254 7256
f 7257 7597 7256
f 7595 7258 7255
f 7599 7258 7595
f 7598 7597 7600
f 7598 7600 7601
f 7260 7600 7257
f 7257 7600 7597
f 7599 7262 7258
f 7602 7262 7599
f 7601 7600 7603
f 7601 7603 7604
f 7264 7603 7260
f 7260 7603 7600
f 7605 7265 7266
f 7606 7605 7266
f 7262 7606 7266
f 7602 7606 7262
f 7607 7604 7603
f 7603 7264 7607
f 7264 7608 7607
f 7264 7268 7608
f 7609 7269 7605
f 7605 7269 7265
f 7605 7606 7610
f 7605 7610 7609
f 7613 7612 7611
f 7614 7611 7612
f 7271 7608 7268
f 7271 7615 7608
f 7616 7272 7609
f 7609 7272 7269
f 7609 7610 7617
f 7609 7617 7616
f 7613 7611 7273
f 7274 7613 7273
f 7618 7613 7274
f 7620 7619 7275
f 7620 7275 7273
f 7614 7620 7273
f 7611 7614 7273
f 7277 7278 7619
f 7620 7277 7619
f 7621 7277 7620
f 7271 7277 7615
f 7615 7277 7621
f 7622 7279 7616
f 7616 7279 7272
f 7616 7617 7623
f 7616 7623 7622
f 7281 7618 7274
f 7281 7624 7618
f 7619 7282 7275
f 7282 7619 7278
f 7625 7283 7622
f 7622 7283 7279
f 7622 7623 7626
f 7622 7626 7625
f 7628 7627 7284
f 7628 7284 7285
f 7281 7284 7624
f 7624 7284 7627
f 7629 7286 7625
f 7625 7286 7283
f 7625 7626 7630
f 7625 7630 7629
f 7632 7631 7287
f 7632 7287 7288
f 7285 7287 7628
f 7628 7287 7631
f 7629 7289 7286
f 7291 7289 7629
f 7630 7291 7629
f 7633 7291 7630
f 7635 7634 7292
f 7635 7292 7293
f 7292 7636 7294
f 7634 7636 7292
f 7288 7294 7632
f 7632 7294 7636
f 7633 7295 7291
f 7637 7295 7633
f 7639 7638 7296
f 7639 7296 7297
f 7293 7296 7635
f 7635 7296 7638
f 7637 7298 7295
f 7640 7298 7637
f 7642 7641 7299
f 7642 7299 7300
f 7297 7299 7639
f 7639 7299 7641
f 7640 7301 7298
f 7643 7301 7640
f 7302 7642 7300
f 7302 7644 7642
f 7646 7303 7645
f 7303 7643 7645
f 7303 7301 7643
f 7647 7646 7645
f 7649 7648 7304
f 7649 7304 7305
f 7302 7304 7644
f 7644 7304 7648
f 7646 7306 7303
f 7308 7306 7646
f 7647 7308 7646
f 7650 7308 7647
f 7652 7651 7309
f 7652 7309 7310
f 7305 7309 7649
f 7649 7309 7651
f 7654 7311 7653
f 7311 7650 7653
f 7311 7308 7650
f 7655 7654 7653
f 7657 7656 7313
f 7657 7313 7314
f 7310 7313 7652
f 7652 7313 7656
f 7654 7315 7311
f 7659 7658 7316
f 7659 7316 7315
f 7655 7659 7315
f 7654 7655 7315
f 7660 7658 7659
f 7663 7662 7661
f 7662 7657 7661
f 7657 7317 7661
f 7657 7314 7317
f 7658 7318 7316
f 7665 7664 7319
f 7665 7319 7318
f 7660 7665 7318
f 7658 7660 7318
f 7666 7664 7665
f 7669 7668 7667
f 7667 7668 7663
f 7667 7663 7661
f 7322 7667 7661
f 7321 7322 7661
f 7321 7661 7317
f 7664 7323 7319
f 7666 7670 7664
f 7670 7323 7664
f 7670 7325 7323
f 7672 7671 7326
f 7325 7672 7326
f 7670 7672 7325
f 7673 7671 7672
f 7676 7675 7674
f 7678 7677 7674
f 7678 7674 7675
f 7677 7678 7669
f 7677 7669 7667
f 7328 7677 7667
f 7327 7328 7667
f 7327 7667 7322
f 7671 7329 7326
f 7673 7679 7671
f 7679 7329 7671
f 7679 7330 7329
f 7330 7680 7331
f 7679 7680 7330
f 7331 7681 7333
f 7680 7681 7331
f 7333 7682 7335
f 7681 7682 7333
f 7335 7683 7337
f 7682 7683 7335
f 7685 7684 7338
f 7337 7685 7338
f 7683 7685 7337
f 7686 7684 7685
f 7689 7688 7687
f 7691 7690 7687
f 7691 7687 7688
f 7693 7692 7690
f 7693 7690 7691
f 7695 7694 7692
f 7695 7692 7693
f 7697 7696 7694
f 7697 7694 7695
f 7696 7697 7676
f 7696 7676 7674
f 7341 7696 7674
f 7340 7341 7674
f 7340 7674 7342
f 7342 7674 7677
f 7342 7677 7328
f 7684 7343 7338
f 7686 7698 7684
f 7698 7343 7684
f 7698 7344 7343
f 7344 7699 7345
f 7698 7699 7344
f 7345 7700 7347
f 7699 7700 7345
f 7347 7701 7348
f 7700 7701 7347
f 7348 7702 7349
f 7701 7702 7348
f 7349 7703 7350
f 7702 7703 7349
f 7350 7704 7351
f 7703 7704 7350
f 7687 7352 7689
f 7352 7704 7689
f 7352 7351 7704
f 7352 7687 7353
f 7353 7687 7690
f 7353 7690 7354
f 7354 7690 7692
f 7354 7692 7355
f 7355 7692 7694
f 7355 7694 7356
f 7356 7694 7696
f 7356 7696 7341
f 7707 7706 7705
f 7357 7358 7705
f 7358 7707 7705
f 7358 7708 7707
f 7358 7359 7708
f 7708 7359 7709
f 7705 7706 7361
f 7706 7360 7361
f 7706 7710 7360
f 7705 7361 7357
f 7362 7709 7359
f 7362 7711 7709
f 7710 7363 7360
f 7712 7363 7710
f 7364 7714 7713
f 7711 7364 7713
f 7362 7364 7711
f 7714 7715 7713
f 7712 7365 7363
f 7716 7365 7712
f 7366 7717 7714
f 7366 7714 7364
f 7715 7714 7718
f 7718 7714 7717
f 7716 7368 7365
f 7719 7368 7716
f 7721 7720 7717
f 7366 7721 7717
f 7370 7721 7366
f 7717 7720 7718
f 7371 7368 7722
f 7368 7723 7722
f 7368 7719 7723
f 7724 7372 7371
f 7724 7371 7722
f 7724 7725 7372
f 7725 7370 7372
f 7725 7721 7370
f 7723 7726 7722
f 7728 7727 7726
f 7727 7722 7726
f 7727 7724 7722
f 7725 7724 7729
f 7729 7724 7727
f 7728 7730 7727
f 7727 7730 7729
f 7733 7732 7731
f 7735 7734 7731
f 7731 7734 7733
f 7737 7736 7735
f 7735 7736 7734
f 7737 7738 7736
f 7741 7740 7739
f 7741 7739 7732
f 7739 7731 7732
f 7739 7742 7731
f 7742 7374 7375
f 7735 7742 7375
f 7731 7742 7735
f 7735 7375 7376
f 7735 7376 7737
f 7376 7378 7737
f 7378 7738 7737
f 7378 7743 7738
f 7739 7740 7744
f 7744 7740 7745
f 7744 7380 7381
f 7742 7744 7381
f 7739 7744 7742
f 7742 7381 7374
f 7383 7747 7746
f 7743 7383 7746
f 7378 7383 7743
f 7747 7748 7746
f 7744 7745 7749
f 7749 7745 7750
f 7749 7385 7380
f 7749 7380 7744
f 7386 7747 7383
f 7386 7387 7747
f 7387 7748 7747
f 7387 7751 7748
f 7749 7750 7752
f 7752 7750 7753
f 7752 7389 7385
f 7752 7385 7749
f 7754 7751 7387
f 7754 7387 7390
f 7390 7392 7754
f 7754 7392 7755
f 7752 7753 7397
f 7753 7396 7397
f 7753 7756 7396
f 7752 7397 7389
f 7392 7398 7757
f 7758 7392 7757
f 7755 7392 7758
f 7400 7757 7398
f 7759 7402 7403
f 7404 7760 7403
f 7403 7760 7759
f 7405 7761 7404
f 7404 7761 7760
f 7406 7761 7405
f 7764 7763 7762
f 7756 7764 7762
f 7408 7756 7762
f 7396 7756 7408
f 7765 7758 7757
f 7765 7757 7400
f 7409 7765 7400
f 7766 7765 7409
f 7768 7766 7767
f 7766 7410 7767
f 7766 7409 7410
f 7411 7767 7410
f 7770 7769 7413
f 7413 7769 7412
f 7771 7413 7414
f 7771 7770 7413
f 7772 7414 7415
f 7772 7771 7414
f 7415 7402 7759
f 7773 7415 7759
f 7772 7415 7773
f 7773 7759 7760
f 7773 7760 7774
f 7774 7760 7761
f 7774 7761 7775
f 7775 7761 7406
f 7416 7775 7406
f 7776 7775 7416
f 7778 7777 7418
f 7777 7416 7418
f 7777 7776 7416
f 7778 7779 7777
f 7762 7763 7780
f 7780 7763 7781
f 7780 7420 7408
f 7780 7408 7762
f 7782 7768 7767
f 7782 7767 7411
f 7421 7782 7411
f 7783 7782 7421
f 7785 7784 7423
f 7784 7421 7423
f 7784 7783 7421
f 7785 7786 7784
f 7788 7787 7425
f 7425 7787 7424
f 7789 7425 7426
f 7789 7788 7425
f 7790 7426 7427
f 7790 7789 7426
f 7792 7791 7429
f 7791 7427 7429
f 7791 7790 7427
f 7794 7793 7792
f 7792 7793 7791
f 7430 7431 7794
f 7431 7793 7794
f 7431 7795 7793
f 7431 7412 7769
f 7431 7769 7795
f 7433 7796 7778
f 7433 7778 7418
f 7779 7778 7797
f 7797 7778 7796
f 7780 7781 7798
f 7798 7781 7799
f 7798 7435 7420
f 7798 7420 7780
f 7437 7785 7423
f 7801 7800 7439
f 7439 7800 7437
f 7800 7786 7437
f 7786 7785 7437
f 7801 7802 7800
f 7787 7441 7424
f 7803 7441 7787
f 7442 7792 7429
f 7792 7442 7444
f 7792 7444 7794
f 7794 7444 7430
f 7447 7804 7446
f 7804 7805 7446
f 7446 7805 7433
f 7805 7806 7433
f 7806 7796 7433
f 7796 7806 7797
f 7798 7799 7807
f 7807 7799 7808
f 7807 7449 7435
f 7807 7435 7798
f 7451 7809 7452
f 7801 7439 7452
f 7809 7801 7452
f 7810 7801 7809
f 7802 7801 7811
f 7811 7801 7810
f 7813 7812 7454
f 7454 7812 7453
f 7454 7441 7803
f 7454 7803 7813
f 7457 7814 7456
f 7814 7815 7456
f 7456 7815 7447
f 7815 7816 7447
f 7816 7804 7447
f 7804 7816 7805
f 7807 7808 7817
f 7817 7808 7818
f 7817 7458 7449
f 7817 7449 7807
f 7461 7819 7809
f 7461 7809 7451
f 7809 7820 7810
f 7809 7819 7820
f 7811 7810 7821
f 7821 7810 7820
f 7812 7463 7453
f 7822 7463 7812
f 7464 7814 7457
f 7823 7815 7814
f 7464 7823 7814
f 7465 7823 7464
f 7824 7465 7466
f 7824 7823 7465
f 7825 7466 7467
f 7825 7824 7466
f 7826 7467 7468
f 7826 7825 7467
f 7827 7468 7469
f 7827 7826 7468
f 7828 7469 7470
f 7828 7827 7469
f 7471 7817 7818
f 7828 7471 7818
f 7470 7471 7828
f 7817 7471 7458
f 7474 7829 7475
f 7819 7461 7475
f 7829 7819 7475
f 7830 7819 7829
f 7832 7820 7831
f 7820 7830 7831
f 7820 7819 7830
f 7820 7832 7821
f 7834 7833 7477
f 7477 7833 7476
f 7477 7463 7822
f 7477 7822 7834
f 7480 7835 7481
f 7829 7474 7481
f 7835 7829 7481
f 7836 7829 7835
f 7838 7830 7837
f 7830 7836 7837
f 7830 7829 7836
f 7830 7838 7831
f 7833 7482 7476
f 7839 7482 7833
f 7484 7840 7483
f 7835 7480 7483
f 7840 7835 7483
f 7841 7835 7840
f 7843 7836 7842
f 7836 7841 7842
f 7836 7835 7841
f 7836 7843 7837
f 7845 7844 7486
f 7486 7844 7485
f 7486 7487 7845
f 7845 7487 7846
f 7839 7489 7482
f 7847 7489 7839
f 7490 7840 7484
f 7841 7840 7848
f 7840 7491 7848
f 7491 7849 7848
f 7491 7840 7490
f 7841 7848 7842
f 7851 7850 7493
f 7493 7850 7492
f 7493 7485 7844
f 7493 7844 7851
f 7852 7846 7487
f 7852 7487 7494
f 7494 7496 7852
f 7852 7496 7853
f 7847 7497 7489
f 7854 7497 7847
f 7855 7849 7491
f 7855 7491 7498
f 7857 7856 7500
f 7856 7498 7500
f 7856 7855 7498
f 7857 7858 7856
f 7860 7859 7502
f 7502 7859 7501
f 7502 7492 7850
f 7502 7850 7860
f 7504 7853 7496
f 7504 7861 7853
f 7854 7505 7497
f 7862 7505 7854
f 7507 7863 7857
f 7507 7857 7500
f 7858 7857 7864
f 7864 7857 7863
f 7866 7865 7511
f 7511 7865 7510
f 7511 7501 7859
f 7511 7859 7866
f 7513 7867 7512
f 7867 7868 7512
f 7868 7504 7512
f 7868 7861 7504
f 7869 7515 7516
f 7870 7869 7516
f 7505 7870 7516
f 7862 7870 7505
f 7517 7863 7507
f 7517 7518 7863
f 7518 7871 7863
f 7871 7864 7863
f 7518 7872 7871
f 7519 7873 7518
f 7518 7873 7872
f 7520 7874 7519
f 7519 7874 7873
f 7875 7874 7520
f 7510 7875 7520
f 7865 7875 7510
f 7877 7876 7867
f 7513 7877 7867
f 7522 7877 7513
f 7867 7876 7868
f 7878 7523 7524
f 7525 7879 7524
f 7524 7879 7878
f 7879 7525 7880
f 7525 7881 7880
f 7525 7526 7881
f 7526 7515 7869
f 7882 7526 7869
f 7881 7526 7882
f 7882 7869 7870
f 7883 7871 7872
f 7883 7872 7873
f 7883 7873 7884
f 7884 7873 7874
f 7884 7874 7885
f 7885 7874 7875
f 7528 7886 7527
f 7886 7887 7527
f 7887 7522 7527
f 7887 7877 7522
f 7889 7888 7878
f 7888 7523 7878
f 7888 7529 7523
f 7889 7878 7879
f 7889 7879 7890
f 7890 7879 7880
f 7892 7891 7886
f 7528 7892 7886
f 7531 7892 7528
f 7886 7891 7887
f 7888 7533 7529
f 7893 7533 7888
f 7895 7894 7534
f 7895 7534 7535
f 7531 7534 7892
f 7892 7534 7894
f 7893 7537 7533
f 7896 7537 7893
f 7538 7895 7535
f 7538 7897 7895
f 7900 7899 7898
f 7896 7900 7898
f 7539 7896 7898
f 7537 7896 7539
f 7540 7897 7538
f 7540 7901 7897
f 7898 7899 7542
f 7899 7541 7542
f 7899 7902 7541
f 7898 7542 7539
f 7544 7901 7540
f 7544 7903 7901
f 7904 7547 7548
f 7549 7904 7548
f 7902 7551 7541
f 7905 7551 7902
f 7906 7903 7544
f 7906 7544 7552
f 7907 7552 7553
f 7907 7906 7552
f 7553 7555 7907
f 7907 7555 7908
f 7910 7909 7904
f 7909 7547 7904
f 7909 7557 7547
f 7910 7904 7549
f 7558 7910 7549
f 7911 7910 7558
f 7558 7551 7905
f 7558 7905 7911
f 7555 7559 7912
f 7913 7555 7912
f 7908 7555 7913
f 7560 7912 7559
f 7561 7557 7914
f 7557 7915 7914
f 7557 7909 7915
f 7914 7562 7561
f 7913 7912 7916
f 7913 7916 7917
f 7563 7916 7560
f 7560 7916 7912
f 7914 7915 7918
f 7918 7915 7919
f 7918 7564 7562
f 7918 7562 7914
f 7917 7916 7566
f 7567 7917 7566
f 7920 7917 7567
f 7566 7916 7563
f 7919 7921 7918
f 7564 7918 7921
f 7922 7564 7921
f 7568 7564 7922
f 7569 7920 7567
f 7569 7923 7920
f 7922 7570 7568
f 7924 7570 7922
f 7926 7925 7571
f 7926 7571 7572
f 7569 7571 7923
f 7923 7571 7925
f 7928 7573 7927
f 7573 7924 7927
f 7573 7570 7924
f 7929 7928 7927
f 7931 7930 7574
f 7931 7574 7575
f 7572 7574 7926
f 7926 7574 7930
f 7928 7576 7573
f 7578 7576 7928
f 7929 7578 7928
f 7932 7578 7929
f 7934 7933 7579
f 7934 7579 7580
f 7575 7579 7931
f 7931 7579 7933
f 7932 7581 7578
f 7935 7581 7932
f 7937 7936 7583
f 7937 7583 7584
f 7580 7583 7934
f 7934 7583 7936
f 7935 7585 7581
f 7938 7585 7935
f 7587 7937 7584
f 7587 7939 7937
f 7938 7940 7585
f 7585 7940 7588
f 7589 7588 7940
f 7589 7940 7941
f 7591 7939 7587
f 7591 7942 7939
f 7941 7592 7589
f 7943 7592 7941
f 7594 7942 7591
f 7594 7944 7942
f 7943 7595 7592
f 7945 7595 7943
f 7594 7596 7946
f 7947 7594 7946
f 7944 7594 7947
f 7598 7946 7596
f 7945 7599 7595
f 7948 7599 7945
f 7947 7946 7949
f 7947 7949 7950
f 7601 7949 7598
f 7598 7949 7946
f 7948 7602 7599
f 7951 7602 7948
f 7952 7950 7949
f 7949 7601 7952
f 7601 7953 7952
f 7601 7604 7953
f 7951 7606 7602
f 7954 7606 7951
f 7604 7607 7955
f 7956 7604 7955
f 7953 7604 7956
f 7608 7955 7607
f 7954 7610 7606
f 7957 7610 7954
f 7613 7958 7612
f 7958 7614 7612
f 7956 7955 7959
f 7956 7959 7960
f 7615 7959 7608
f 7608 7959 7955
f 7957 7617 7610
f 7961 7617 7957
f 7963 7962 7958
f 7613 7963 7958
f 7618 7963 7613
f 7958 7962 7614
f 7962 7620 7614
f 7962 7964 7620
f 7959 7621 7960
f 7621 7964 7960
f 7621 7620 7964
f 7621 7959 7615
f 7961 7623 7617
f 7965 7623 7961
f 7624 7963 7618
f 7624 7966 7963
f 7965 7626 7623
f 7967 7626 7965
f 7969 7968 7627
f 7969 7627 7628
f 7624 7627 7966
f 7966 7627 7968
f 7967 7630 7626
f 7970 7630 7967
f 7632 7971 7631
f 7971 7972 7631
f 7972 7628 7631
f 7972 7969 7628
f 7970 7633 7630
f 7973 7633 7970
f 7975 7974 7634
f 7975 7634 7635
f 7634 7976 7636
f 7974 7976 7634
f 7632 7636 7971
f 7636 7977 7971
f 7636 7976 7977
f 7971 7977 7972
f 7973 7637 7633
f 7978 7637 7973
f 7980 7979 7638
f 7980 7638 7639
f 7635 7638 7975
f 7975 7638 7979
f 7978 7640 7637
f 7981 7640 7978
f 7983 7982 7641
f 7983 7641 7642
f 7639 7641 7980
f 7980 7641 7982
f 7985 7643 7984
f 7643 7981 7984
f 7643 7640 7981
f 7986 7985 7984
f 7989 7988 7987
f 7988 7983 7987
f 7983 7644 7987
f 7983 7642 7644
f 7985 7645 7643
f 7647 7645 7985
f 7986 7647 7985
f 7990 7647 7986
f 7993 7992 7991
f 7991 7992 7989
f 7991 7989 7987
f 7649 7991 7987
f 7648 7649 7987
f 7648 7987 7644
f 7995 7650 7994
f 7650 7990 7994
f 7650 7647 7990
f 7996 7995 7994
f 7999 7998 7997
f 7997 7998 7993
f 7997 7993 7991
f 7652 7997 7991
f 7651 7652 7991
f 7651 7991 7649
f 7995 7653 7650
f 7655 7653 7995
f 7996 7655 7995
f 8000 7655 7996
f 8003 8002 8001
f 8001 8002 7999
f 8001 7999 7997
f 7657 8001 7997
f 7656 7657 7997
f 7656 7997 7652
f 8000 8004 7655
f 7655 8004 7659
f 7660 7659 8004
f 7660 8004 8005
f 8008 8007 8006
f 8006 8007 8003
f 8006 8003 8001
f 7663 8006 8001
f 7662 7663 8001
f 7662 8001 7657
f 8005 8009 7660
f 7660 8009 7665
f 8011 8010 7666
f 7665 8011 7666
f 8009 8011 7665
f 8012 8010 8011
f 8015 8014 8013
f 8017 8016 8013
f 8017 8013 8014
f 8016 8017 8008
f 8016 8008 8006
f 7669 8016 8006
f 7668 7669 8006
f 7668 8006 7663
f 8010 7670 7666
f 8012 8018 8010
f 8018 7670 8010
f 8018 7672 7670
f 8020 8019 7673
f 7672 8020 7673
f 8018 8020 7672
f 8021 8019 8020
f 8024 8023 8022
f 8026 8025 8022
f 8026 8022 8023
f 8028 8027 8025
f 8028 8025 8026
f 8027 8028 8015
f 8027 8015 8013
f 7676 8027 8013
f 7675 7676 8013
f 7675 8013 7678
f 7678 8013 8016
f 7678 8016 7669
f 8019 7679 7673
f 8021 8029 8019
f 8029 7679 8019
f 8029 7680 7679
f 7680 8030 7681
f 8029 8030 7680
f 7681 8031 7682
f 8030 8031 7681
f 7682 8032 7683
f 8031 8032 7682
f 7683 8033 7685
f 8032 8033 7683
f 8035 8034 7686
f 7685 8035 7686
f 8033 8035 7685
f 8037 8036 8034
f 8037 8034 8035
f 8038 8036 8037
f 8041 8040 8039
f 8043 8042 8039
f 8043 8039 8040
f 7688 7689 8042
f 8043 7688 8042
f 8044 7688 8043
f 7688 8045 7691
f 8044 8045 7688
f 8022 7693 8024
f 7693 8045 8024
f 7693 7691 8045
f 7693 8022 7695
f 7695 8022 8025
f 7695 8025 7697
f 7697 8025 8027
f 7697 8027 7676
f 8034 7698 7686
f 7698 8034 7699
f 7699 8034 8036
f 8038 8046 8036
f 8046 7699 8036
f 8046 7700 7699
f 7700 8047 7701
f 8046 8047 7700
f 7701 8048 7702
f 8047 8048 7701
f 8039 7703 8041
f 7703 8048 8041
f 7703 7702 8048
f 7703 8039 7704
f 7704 8039 8042
f 7704 8042 7689
f 8050 8049 7707
f 7707 8049 7706
f 8051 7707 7708
f 8051 8050 7707
f 7708 7709 8051
f 8051 7709 8052
f 8049 7710 7706
f 8053 7710 8049
f 7711 8055 8054
f 8052 7711 8054
f 7709 7711 8052
f 8055 8056 8054
f 8053 7712 7710
f 8057 7712 8053
f 7713 8055 7711
f 7713 7715 8055
f 7715 8056 8055
f 7715 8058 8056
f 8061 8060 8059
f 8057 8061 8059
f 7716 8057 8059
f 7712 8057 7716
f 7718 8058 7715
f 7718 8062 8058
f 8059 8060 8063
f 8063 8060 8064
f 8063 7719 7716
f 8063 7716 8059
f 7721 8065 7720
f 8065 8066 7720
f 8066 7718 7720
f 8066 8062 7718
f 8063 8064 8067
f 8067 8064 8068
f 8067 7723 7719
f 8067 7719 8063
f 7725 8069 8065
f 7725 8065 7721
f 8066 8065 8070
f 8070 8065 8069
f 8068 8071 8067
f 8071 8073 8072
f 8071 8072 7726
f 8067 8071 7726
f 7723 8067 7726
f 8072 7728 7726
f 7729 8074 8069
f 7729 8069 7725
f 8070 8069 8075
f 8075 8069 8074
f 8072 8073 8076
f 8076 8073 8077
f 8078 7730 7728
f 8072 8078 7728
f 8076 8078 8072
f 8074 7729 7730
f 8078 8074 7730
f 8079 8074 8078
f 8075 8074 8080
f 8074 8081 8080
f 8074 8079 8081
f 8081 8082 8080
f 8077 8083 8076
f 8085 8084 8083
f 8084 8076 8083
f 8084 8078 8076
f 8078 8086 8079
f 8078 8084 8086
f 8079 8087 8081
f 8079 8086 8087
f 8082 8081 8088
f 8081 8089 8088
f 8081 8087 8089
f 8091 8090 8089
f 8089 8090 8088
f 8093 8092 8091
f 8091 8092 8090
f 8095 8094 8093
f 8093 8094 8092
f 8097 8096 8095
f 8095 8096 8094
f 8097 8098 8096
f 8085 8099 8084
f 8084 8099 8086
f 8086 8099 8100
f 8102 8101 8100
f 8101 8086 8100
f 8101 8087 8086
f 8087 8103 8089
f 8087 8101 8103
f 8089 8104 8091
f 8089 8103 8104
f 8091 8105 8093
f 8091 8104 8105
f 8093 8106 8095
f 8093 8105 8106
f 8095 8107 8097
f 8095 8106 8107
f 8098 8097 8108
f 8097 8109 8108
f 8097 8107 8109
f 8109 8110 8108
f 8102 8111 8101
f 8113 8112 8111
f 8112 8101 8111
f 8112 8103 8101
f 8103 8114 8104
f 8103 8112 8114
f 8104 8115 8105
f 8104 8114 8115
f 8115 7732 7733
f 8106 8115 7733
f 8105 8115 8106
f 8106 7733 7734
f 8106 7734 8107
f 8107 7734 7736
f 8107 7736 8109
f 7736 7738 8109
f 7738 8110 8109
f 7738 8116 8110
f 8112 8113 8117
f 8117 8113 8118
f 8112 8119 8114
f 8112 8117 8119
f 8119 7740 7741
f 8115 8119 7741
f 8114 8119 8115
f 8115 7741 7732
f 7743 8116 7738
f 7743 8120 8116
f 8117 8118 8121
f 8121 8118 8122
f 8117 8123 8119
f 8117 8121 8123
f 8123 7745 7740
f 8123 7740 8119
f 8124 8120 7743
f 8124 7743 7746
f 7746 7748 8124
f 8124 7748 8125
f 8121 8122 8126
f 8126 8122 8127
f 8121 8128 8123
f 8121 8126 8128
f 8128 7750 7745
f 8128 7745 8123
f 7751 8125 7748
f 7751 8129 8125
f 8126 8127 8130
f 8130 8127 8131
f 8126 8132 8128
f 8126 8130 8132
f 8132 7753 7750
f 8132 7750 8128
f 7751 7754 8133
f 8134 7751 8133
f 8129 7751 8134
f 7755 8133 7754
f 8137 8136 8135
f 8135 8138 8137
f 8130 8131 8139
f 8139 8131 8140
f 8130 8141 8132
f 8130 8139 8141
f 8141 7756 7753
f 8141 7753 8132
f 8142 8134 8133
f 8133 7755 8142
f 7755 8143 8142
f 7755 7758 8143
f 8146 8145 8144
f 8146 8144 8136
f 8144 8135 8136
f 8144 8147 8135
f 8138 8135 8148
f 8148 8135 8147
f 8151 8150 8149
f 8151 8149 8140
f 8149 8139 8140
f 8149 8152 8139
f 8152 7763 7764
f 8141 8152 7764
f 8139 8152 8141
f 8141 7764 7756
f 8153 8143 7758
f 8153 7758 7765
f 8155 8153 8154
f 8153 7766 8154
f 8153 7765 7766
f 7768 8154 7766
f 8158 8157 8156
f 7769 7770 8156
f 7770 8158 8156
f 7770 8159 8158
f 8161 8159 8160
f 8159 7771 8160
f 8159 7770 7771
f 7772 8162 7771
f 7771 8162 8160
f 7773 8163 7772
f 7772 8163 8162
f 7774 8164 7773
f 7773 8164 8163
f 7775 8165 7774
f 7774 8165 8164
f 8165 7775 8166
f 7775 8167 8166
f 7775 7776 8167
f 7777 8144 8145
f 8167 7777 8145
f 7776 7777 8167
f 8144 7777 7779
f 8168 8144 7779
f 8147 8144 8168
f 8148 8147 8169
f 8169 8147 8168
f 8149 8150 8170
f 8170 8150 8171
f 8149 8172 8152
f 8149 8170 8172
f 8172 7781 7763
f 8172 7763 8152
f 8173 8155 8154
f 8173 8154 7768
f 7782 8173 7768
f 8174 8173 7782
f 8175 7782 7783
f 8175 8174 7782
f 8176 7783 7784
f 8176 8175 7783
f 8178 8177 7786
f 8177 7784 7786
f 8177 8176 7784
f 8178 8179 8177
f 8180 7787 7788
f 8180 7788 8181
f 7788 8182 8181
f 7788 7789 8182
f 8183 7789 7790
f 8183 8182 7789
f 8184 7790 7791
f 8184 8183 7790
f 8185 7791 7793
f 8185 8184 7791
f 7795 8156 8157
f 8185 7795 8157
f 7793 7795 8185
f 8156 7795 7769
f 8186 8161 8160
f 8186 8160 8162
f 8186 8162 8187
f 8187 8162 8163
f 8187 8163 8188
f 8188 8163 8164
f 8188 8164 8189
f 8189 8164 8165
f 8189 8165 8190
f 8190 8165 8166
f 7797 8191 8168
f 7797 8168 7779
f 8169 8168 8192
f 8192 8168 8191
f 8170 8171 8193
f 8193 8171 8194
f 8170 8195 8172
f 8170 8193 8195
f 8195 7799 7781
f 8195 7781 8172
f 7800 8178 7786
f 8197 8196 7802
f 7802 8196 7800
f 8196 8179 7800
f 8179 8178 7800
f 8197 8198 8196
f 8200 8199 8180
f 8199 7787 8180
f 8199 7803 7787
f 8200 8180 8181
f 7805 8201 7806
f 8191 7797 7806
f 8201 8191 7806
f 8202 8191 8201
f 8192 8191 8203
f 8203 8191 8202
f 8194 8204 8193
f 8206 8205 8204
f 8205 8193 8204
f 8205 8195 8193
f 8205 7808 7799
f 8205 7799 8195
f 7811 8207 8197
f 7811 8197 7802
f 8198 8197 8208
f 8208 8197 8207
f 8209 7812 7813
f 8210 8209 7813
f 7803 8210 7813
f 8199 8210 7803
f 7815 8211 7816
f 8201 7805 7816
f 8211 8201 7816
f 8212 8201 8211
f 8214 8202 8213
f 8202 8212 8213
f 8202 8201 8212
f 8202 8214 8203
f 8205 8206 8215
f 8215 8206 8216
f 8215 7818 7808
f 8215 7808 8205
f 7821 8217 8207
f 7821 8207 7811
f 8208 8207 8218
f 8218 8207 8217
f 8220 8219 8209
f 8219 7812 8209
f 8219 7822 7812
f 8220 8209 8210
f 7823 8211 7815
f 8211 7823 7824
f 8211 7824 8212
f 8221 8213 8212
f 7824 8221 8212
f 7825 8221 7824
f 8222 7825 7826
f 8222 8221 7825
f 8223 7826 7827
f 8223 8222 7826
f 7828 8215 8216
f 8223 7828 8216
f 7827 7828 8223
f 8215 7828 7818
f 7831 8224 7832
f 8224 8225 7832
f 7832 8225 7821
f 8225 8226 7821
f 8226 8217 7821
f 8217 8226 8218
f 8227 7833 7834
f 8228 8227 7834
f 7822 8228 7834
f 8219 8228 7822
f 7837 8229 7838
f 8224 7831 7838
f 8229 8224 7838
f 8230 8224 8229
f 8225 8224 8231
f 8231 8224 8230
f 8232 7839 8227
f 8227 7839 7833
f 8227 8228 8233
f 8227 8233 8232
f 7842 8234 7843
f 8229 7837 7843
f 8234 8229 7843
f 8235 8229 8234
f 8237 8230 8236
f 8230 8235 8236
f 8230 8229 8235
f 8230 8237 8231
f 8238 7844 7845
f 7846 8238 7845
f 8240 8239 8232
f 8239 7839 8232
f 8239 7847 7839
f 8240 8232 8233
f 7849 8241 7848
f 8234 7842 7848
f 8241 8234 7848
f 8242 8234 8241
f 8244 8235 8243
f 8235 8242 8243
f 8235 8234 8242
f 8235 8244 8236
f 8246 8245 7851
f 7851 8245 7850
f 7851 7844 8238
f 8247 7851 8238
f 8246 7851 8247
f 8249 8247 8248
f 8248 8247 7852
f 8247 8238 7852
f 8238 7846 7852
f 7853 8248 7852
f 8239 7854 7847
f 8250 7854 8239
f 7855 8241 7849
f 8241 7855 7856
f 8241 7856 8242
f 7856 7858 8242
f 7858 8243 8242
f 7858 8251 8243
f 8253 8252 7860
f 7860 8252 7859
f 7860 7850 8245
f 7860 8245 8253
f 8254 8249 8248
f 8248 7853 8254
f 7853 8255 8254
f 7853 7861 8255
f 8250 7862 7854
f 8256 7862 8250
f 7864 8258 8257
f 8251 7864 8257
f 7858 7864 8251
f 8260 8259 8258
f 8258 8259 8257
f 8260 8261 8259
f 8262 7865 7866
f 8263 8262 7866
f 7859 8263 7866
f 8252 8263 7859
f 7868 8255 7861
f 7868 8264 8255
f 8256 7870 7862
f 8265 7870 8256
f 7871 8266 8258
f 7871 8258 7864
f 8258 8267 8260
f 8258 8266 8267
f 8261 8260 8268
f 8268 8260 8267
f 8270 8269 8262
f 8269 7865 8262
f 8269 7875 7865
f 8270 8262 8263
f 8272 8271 7876
f 8272 7876 7877
f 7868 7876 8264
f 8264 7876 8271
f 8273 7880 7881
f 8273 7881 8274
f 7881 8275 8274
f 7881 7882 8275
f 7882 7870 8265
f 7882 8265 8275
f 7883 8266 7871
f 8266 7883 7884
f 8266 7884 8267
f 8276 8268 8267
f 7884 8276 8267
f 7885 8276 7884
f 7885 7875 8269
f 7885 8269 8276
f 7887 8272 7877
f 7887 8277 8272
f 8279 8278 7889
f 7889 8278 7888
f 8280 7889 7890
f 8280 8279 7889
f 7890 7880 8273
f 8281 7890 8273
f 8280 7890 8281
f 8281 8273 8274
f 8283 8282 7891
f 8283 7891 7892
f 7887 7891 8277
f 8277 7891 8282
f 8278 7893 7888
f 8284 7893 8278
f 7895 8285 7894
f 8285 8286 7894
f 8286 7892 7894
f 8286 8283 7892
f 8289 8288 8287
f 8284 8289 8287
f 7896 8284 8287
f 7893 8284 7896
f 8291 8290 8285
f 7895 8291 8285
f 7897 8291 7895
f 8285 8290 8286
f 8287 8288 7900
f 8288 7899 7900
f 8288 8292 7899
f 8287 7900 7896
f 8295 8294 8293
f 8294 8291 8293
f 8291 7901 8293
f 8291 7897 7901
f 8292 7902 7899
f 8296 7902 8292
f 8295 8293 8297
f 8295 8297 8298
f 7903 8297 7901
f 7901 8297 8293
f 8296 7905 7902
f 8299 7905 8296
f 8298 8297 8300
f 8298 8300 8301
f 7906 8302 7903
f 8302 8297 7903
f 8302 8300 8297
f 7907 8303 7906
f 7906 8303 8302
f 7908 8303 7907
f 8304 7909 7910
f 7911 8305 7910
f 7910 8305 8304
f 8306 8305 7911
f 7905 8306 7911
f 8299 8306 7905
f 8307 8301 8300
f 8307 8300 8302
f 8307 8302 8308
f 8310 8309 8308
f 8302 8310 8308
f 8303 8310 8302
f 7913 8310 7908
f 7908 8310 8303
f 8312 8311 8304
f 8311 7909 8304
f 8311 7915 7909
f 8314 8313 8312
f 8304 8314 8312
f 8305 8314 8304
f 8305 8306 8315
f 8305 8315 8314
f 8316 8309 8310
f 8310 7913 8316
f 7913 8317 8316
f 7913 7917 8317
f 8311 7919 7915
f 8318 7919 8311
f 8319 8313 8314
f 8319 8314 8315
f 7920 8317 7917
f 7920 8320 8317
f 8318 8321 7919
f 7919 8321 7921
f 8323 8322 7922
f 7921 8323 7922
f 8321 8323 7921
f 8324 8322 8323
f 7923 8320 7920
f 7923 8325 8320
f 8326 7924 8322
f 8322 7924 7922
f 8322 8324 8327
f 8322 8327 8326
f 8329 8328 7925
f 8329 7925 7926
f 7923 7925 8325
f 8325 7925 8328
f 8326 7927 7924
f 7929 7927 8326
f 8327 7929 8326
f 8330 7929 8327
f 8332 8331 7930
f 8332 7930 7931
f 7926 7930 8329
f 8329 7930 8331
f 8330 7932 7929
f 8333 7932 8330
f 8335 8334 7933
f 8335 7933 7934
f 7931 7933 8332
f 8332 7933 8334
f 8333 7935 7932
f 8336 7935 8333
f 8338 8337 7936
f 8338 7936 7937
f 7934 7936 8335
f 8335 7936 8337
f 8340 7938 8339
f 7938 8336 8339
f 7938 7935 8336
f 8341 8340 8339
f 8344 8343 8342
f 8343 8338 8342
f 8338 7939 8342
f 8338 7937 7939
f 8340 7940 7938
f 7941 7940 8340
f 8341 7941 8340
f 8345 7941 8341
f 8346 8344 8342
f 8342 7939 8346
f 7939 8347 8346
f 7939 7942 8347
f 8345 7943 7941
f 8348 7943 8345
f 7944 8347 7942
f 7944 8349 8347
f 8348 7945 7943
f 8350 7945 8348
f 7947 8349 7944
f 7947 8351 8349
f 8350 7948 7945
f 8352 7948 8350
f 7950 8351 7947
f 7950 8353 8351
f 8352 7951 7948
f 8354 7951 8352
f 7950 7952 8355
f 8356 7950 8355
f 8353 7950 8356
f 7953 8355 7952
f 8354 7954 7951
f 8357 7954 8354
f 8356 8355 8358
f 8356 8358 8359
f 7956 8358 7953
f 7953 8358 8355
f 8357 7957 7954
f 8360 7957 8357
f 8359 8358 8361
f 8359 8361 8362
f 7960 8361 7956
f 7956 8361 8358
f 8360 7961 7957
f 8363 7961 8360
f 8365 8364 7962
f 8365 7962 7963
f 8361 7964 8362
f 7964 8364 8362
f 7964 7962 8364
f 7964 8361 7960
f 8363 7965 7961
f 8366 7965 8363
f 7966 8365 7963
f 7966 8367 8365
f 8366 7967 7965
f 8368 7967 8366
f 7969 8369 7968
f 8369 8370 7968
f 8370 7966 7968
f 8370 8367 7966
f 8368 7970 7967
f 8371 7970 8368
f 8374 8373 8372
f 8373 8375 8369
f 7972 8373 8369
f 7969 7972 8369
f 8372 8373 7972
f 8369 8375 8370
f 8371 7973 7970
f 8376 7973 8371
f 7975 8377 7974
f 7974 8377 8378
f 8379 7974 8378
f 7976 7974 8379
f 8372 7977 8374
f 7977 8379 8374
f 7977 7976 8379
f 7977 8372 7972
f 8381 7978 8380
f 7978 8376 8380
f 7978 7973 8376
f 8382 8381 8380
f 7980 8383 7979
f 8383 8384 7979
f 7979 8384 7975
f 8384 8385 7975
f 8385 8377 7975
f 8377 8385 8378
f 8386 7981 8381
f 8381 7981 7978
f 8381 8382 8387
f 8381 8387 8386
f 8389 8388 7982
f 8389 7982 7983
f 7980 7982 8383
f 7982 8390 8383
f 7982 8388 8390
f 8383 8390 8384
f 8386 7984 7981
f 7986 7984 8386
f 8387 7986 8386
f 8391 7986 8387
f 8393 8392 7988
f 8393 7988 7989
f 7983 7988 8389
f 8389 7988 8392
f 8395 7990 8394
f 7990 8391 8394
f 7990 7986 8391
f 8396 8395 8394
f 8398 8397 7992
f 8398 7992 7993
f 7989 7992 8393
f 8393 7992 8397
f 8395 7994 7990
f 7996 7994 8395
f 8396 7996 8395
f 8399 7996 8396
f 8401 8400 7998
f 8401 7998 7999
f 7993 7998 8398
f 8398 7998 8400
f 8403 8000 8402
f 8000 8399 8402
f 8000 7996 8399
f 8405 8404 8403
f 8405 8403 8402
f 8406 8404 8405
f 8408 8407 8002
f 8408 8002 8003
f 7999 8002 8401
f 8401 8002 8407
f 8403 8004 8000
f 8004 8403 8005
f 8403 8409 8005
f 8403 8404 8409
f 8404 8406 8410
f 8411 8404 8410
f 8409 8404 8411
f 8412 8411 8410
f 8414 8413 8007
f 8414 8007 8008
f 8003 8007 8408
f 8408 8007 8413
f 8409 8009 8005
f 8009 8409 8011
f 8011 8409 8411
f 8416 8415 8012
f 8416 8012 8011
f 8412 8416 8011
f 8411 8412 8011
f 8417 8415 8416
f 8419 8418 8014
f 8419 8014 8015
f 8014 8420 8017
f 8418 8420 8014
f 8008 8017 8414
f 8414 8017 8420
f 8415 8018 8012
f 8417 8421 8415
f 8421 8018 8415
f 8421 8020 8018
f 8423 8422 8021
f 8020 8423 8021
f 8421 8423 8020
f 8425 8424 8422
f 8425 8422 8423
f 8426 8424 8425
f 8429 8428 8427
f 8023 8024 8427
f 8428 8023 8427
f 8430 8023 8428
f 8023 8431 8026
f 8430 8431 8023
f 8026 8432 8028
f 8431 8432 8026
f 8015 8028 8419
f 8419 8028 8432
f 8422 8029 8021
f 8029 8422 8030
f 8030 8422 8424
f 8426 8433 8424
f 8433 8030 8424
f 8433 8031 8030
f 8031 8434 8032
f 8433 8434 8031
f 8032 8435 8033
f 8434 8435 8032
f 8033 8436 8035
f 8435 8436 8033
f 8035 8437 8037
f 8436 8437 8035
f 8439 8438 8038
f 8037 8439 8038
f 8437 8439 8037
f 8441 8440 8438
f 8441 8438 8439
f 8443 8442 8440
f 8443 8440 8441
f 8040 8041 8442
f 8443 8040 8442
f 8444 8040 8443
f 8040 8445 8043
f 8444 8445 8040
f 8043 8446 8044
f 8445 8446 8043
f 8427 8045 8429
f 8045 8446 8429
f 8045 8044 8446
f 8045 8427 8024
f 8438 8046 8038
f 8046 8438 8047
f 8047 8438 8440
f 8047 8440 8048
f 8048 8440 8442
f 8048 8442 8041
f 8447 8049 8050
f 8447 8050 8448
f 8050 8449 8448
f 8050 8051 8449
f 8051 8052 8449
f 8449 8052 8450
f 8452 8451 8447
f 8451 8049 8447
f 8451 8053 8049
f 8452 8447 8448
f 8453 8450 8052
f 8453 8052 8054
f 8054 8056 8453
f 8453 8056 8454
f 8451 8057 8053
f 8455 8057 8451
f 8058 8454 8056
f 8058 8456 8454
f 8458 8457 8061
f 8061 8457 8060
f 8061 8057 8455
f 8061 8455 8458
f 8062 8456 8058
f 8062 8459 8456
f 8457 8064 8060
f 8460 8064 8457
f 8066 8462 8461
f 8459 8066 8461
f 8062 8066 8459
f 8462 8463 8461
f 8460 8068 8064
f 8464 8068 8460
f 8070 8465 8462
f 8070 8462 8066
f 8463 8462 8466
f 8466 8462 8465
f 8071 8068 8467
f 8068 8468 8467
f 8068 8464 8468
f 8467 8073 8071
f 8075 8469 8465
f 8075 8465 8070
f 8466 8465 8470
f 8465 8471 8470
f 8465 8469 8471
f 8473 8472 8471
f 8471 8472 8470
f 8475 8474 8473
f 8473 8474 8472
f 8475 8476 8474
f 8467 8468 8477
f 8477 8468 8478
f 8477 8077 8073
f 8477 8073 8467
f 8080 8469 8075
f 8469 8080 8082
f 8479 8469 8082
f 8471 8469 8479
f 8471 8480 8473
f 8471 8479 8480
f 8473 8481 8475
f 8473 8480 8481
f 8476 8475 8482
f 8475 8483 8482
f 8475 8481 8483
f 8485 8484 8483
f 8483 8484 8482
f 8485 8486 8484
f 8478 8487 8477
f 8487 8489 8488
f 8487 8488 8083
f 8477 8487 8083
f 8077 8477 8083
f 8488 8085 8083
f 8088 8479 8082
f 8479 8088 8090
f 8479 8090 8480
f 8480 8090 8092
f 8480 8092 8481
f 8481 8092 8094
f 8481 8094 8483
f 8483 8094 8096
f 8483 8096 8485
f 8491 8490 8098
f 8098 8490 8096
f 8490 8486 8096
f 8486 8485 8096
f 8491 8492 8490
f 8488 8489 8493
f 8493 8489 8494
f 8495 8099 8085
f 8488 8495 8085
f 8493 8495 8488
f 8496 8100 8099
f 8496 8099 8495
f 8496 8102 8100
f 8108 8491 8098
f 8108 8110 8491
f 8110 8492 8491
f 8110 8497 8492
f 8493 8494 8498
f 8498 8494 8499
f 8493 8500 8495
f 8493 8498 8500
f 8495 8501 8496
f 8495 8500 8501
f 8502 8111 8102
f 8496 8502 8102
f 8501 8502 8496
f 8502 8113 8111
f 8116 8497 8110
f 8116 8503 8497
f 8499 8504 8498
f 8506 8505 8504
f 8505 8498 8504
f 8505 8500 8498
f 8500 8507 8501
f 8500 8505 8507
f 8501 8508 8502
f 8501 8507 8508
f 8508 8118 8113
f 8508 8113 8502
f 8120 8510 8509
f 8503 8120 8509
f 8116 8120 8503
f 8510 8511 8509
f 8505 8506 8512
f 8512 8506 8513
f 8505 8514 8507
f 8505 8512 8514
f 8507 8515 8508
f 8507 8514 8515
f 8515 8122 8118
f 8515 8118 8508
f 8124 8510 8120
f 8124 8125 8510
f 8125 8511 8510
f 8125 8516 8511
f 8512 8513 8517
f 8517 8513 8518
f 8512 8519 8514
f 8512 8517 8519
f 8514 8520 8515
f 8514 8519 8520
f 8520 8127 8122
f 8520 8122 8515
f 8129 8516 8125
f 8129 8521 8516
f 8517 8518 8522
f 8522 8518 8523
f 8517 8524 8519
f 8517 8522 8524
f 8519 8525 8520
f 8519 8524 8525
f 8525 8131 8127
f 8525 8127 8520
f 8134 8521 8129
f 8134 8526 8521
f 8529 8528 8527
f 8529 8527 8523
f 8523 8527 8522
f 8527 8136 8522
f 8136 8137 8522
f 8522 8137 8138
f 8530 8522 8138
f 8524 8522 8530
f 8524 8531 8525
f 8524 8530 8531
f 8531 8140 8131
f 8531 8131 8525
f 8134 8142 8532
f 8533 8134 8532
f 8526 8134 8533
f 8143 8532 8142
f 8527 8528 8146
f 8528 8145 8146
f 8528 8534 8145
f 8527 8146 8136
f 8148 8535 8530
f 8148 8530 8138
f 8535 8150 8151
f 8531 8535 8151
f 8530 8535 8531
f 8531 8151 8140
f 8536 8533 8532
f 8538 8536 8537
f 8537 8536 8153
f 8536 8532 8153
f 8532 8143 8153
f 8155 8537 8153
f 8539 8157 8158
f 8159 8540 8158
f 8158 8540 8539
f 8161 8540 8159
f 8541 8166 8167
f 8542 8541 8167
f 8145 8542 8167
f 8534 8542 8145
f 8169 8543 8535
f 8169 8535 8148
f 8543 8171 8150
f 8543 8150 8535
f 8544 8538 8537
f 8546 8544 8545
f 8545 8544 8173
f 8544 8537 8173
f 8537 8155 8173
f 8174 8547 8173
f 8173 8547 8545
f 8175 8548 8174
f 8174 8548 8547
f 8176 8549 8175
f 8175 8549 8548
f 8177 8550 8176
f 8176 8550 8549
f 8179 8550 8177
f 8552 8551 8182
f 8182 8551 8181
f 8553 8182 8183
f 8553 8552 8182
f 8554 8183 8184
f 8554 8553 8183
f 8555 8184 8185
f 8555 8554 8184
f 8185 8157 8539
f 8556 8185 8539
f 8555 8185 8556
f 8556 8539 8540
f 8556 8540 8557
f 8557 8540 8161
f 8186 8557 8161
f 8558 8557 8186
f 8560 8558 8559
f 8558 8187 8559
f 8558 8186 8187
f 8188 8561 8187
f 8187 8561 8559
f 8189 8562 8188
f 8188 8562 8561
f 8190 8563 8189
f 8189 8563 8562
f 8166 8541 8190
f 8541 8563 8190
f 8541 8564 8563
f 8541 8542 8565
f 8541 8565 8564
f 8192 8566 8543
f 8192 8543 8169
f 8566 8194 8171
f 8566 8171 8543
f 8567 8546 8545
f 8567 8545 8547
f 8567 8547 8568
f 8568 8547 8548
f 8568 8548 8569
f 8569 8548 8549
f 8569 8549 8570
f 8570 8549 8550
f 8570 8550 8571
f 8571 8550 8179
f 8196 8571 8179
f 8572 8571 8196
f 8574 8573 8198
f 8573 8196 8198
f 8573 8572 8196
f 8574 8575 8573
f 8577 8576 8200
f 8200 8576 8199
f 8200 8181 8551
f 8200 8551 8577
f 8578 8560 8559
f 8578 8559 8561
f 8578 8561 8579
f 8581 8580 8579
f 8561 8581 8579
f 8562 8581 8561
f 8582 8562 8563
f 8581 8562 8582
f 8564 8584 8583
f 8582 8564 8583
f 8563 8564 8582
f 8584 8564 8565
f 8203 8585 8566
f 8203 8566 8192
f 8586 8204 8194
f 8566 8586 8194
f 8585 8586 8566
f 8586 8206 8204
f 8208 8587 8574
f 8208 8574 8198
f 8575 8574 8588
f 8588 8574 8587
f 8576 8210 8199
f 8589 8210 8576
f 8590 8580 8581
f 8590 8581 8582
f 8590 8582 8591
f 8591 8582 8583
f 8213 8592 8214
f 8585 8203 8214
f 8592 8585 8214
f 8593 8585 8592
f 8585 8594 8586
f 8585 8593 8594
f 8594 8216 8206
f 8594 8206 8586
f 8218 8595 8587
f 8218 8587 8208
f 8588 8587 8596
f 8596 8587 8595
f 8597 8219 8220
f 8598 8597 8220
f 8210 8598 8220
f 8589 8598 8210
f 8221 8592 8213
f 8592 8221 8222
f 8592 8222 8593
f 8593 8222 8223
f 8593 8223 8594
f 8594 8223 8216
f 8225 8599 8226
f 8595 8218 8226
f 8599 8595 8226
f 8600 8595 8599
f 8596 8595 8601
f 8601 8595 8600
f 8602 8228 8597
f 8597 8228 8219
f 8597 8598 8603
f 8597 8603 8602
f 8231 8604 8599
f 8231 8599 8225
f 8606 8600 8605
f 8600 8604 8605
f 8600 8599 8604
f 8600 8606 8601
f 8607 8233 8602
f 8602 8233 8228
f 8602 8603 8608
f 8602 8608 8607
f 8236 8609 8237
f 8609 8610 8237
f 8237 8610 8231
f 8610 8611 8231
f 8611 8604 8231
f 8604 8611 8605
f 8612 8239 8240
f 8233 8607 8240
f 8607 8612 8240
f 8607 8613 8612
f 8607 8608 8614
f 8607 8614 8613
f 8243 8615 8244
f 8615 8616 8244
f 8244 8616 8236
f 8616 8617 8236
f 8617 8609 8236
f 8609 8617 8610
f 8618 8245 8246
f 8247 8619 8246
f 8246 8619 8618
f 8249 8619 8247
f 8620 8250 8612
f 8612 8250 8239
f 8613 8622 8621
f 8620 8613 8621
f 8612 8613 8620
f 8622 8613 8614
f 8251 8623 8615
f 8251 8615 8243
f 8616 8615 8624
f 8615 8625 8624
f 8615 8623 8625
f 8625 8626 8624
f 8627 8252 8253
f 8628 8627 8253
f 8628 8253 8245
f 8629 8628 8245
f 8618 8629 8245
f 8629 8618 8619
f 8629 8619 8630
f 8632 8630 8631
f 8631 8630 8254
f 8630 8619 8254
f 8619 8249 8254
f 8255 8631 8254
f 8633 8256 8620
f 8620 8256 8250
f 8620 8621 8634
f 8620 8634 8633
f 8257 8623 8251
f 8623 8257 8259
f 8623 8259 8625
f 8636 8635 8261
f 8261 8635 8259
f 8635 8626 8259
f 8626 8625 8259
f 8636 8637 8635
f 8639 8638 8627
f 8638 8252 8627
f 8638 8263 8252
f 8639 8627 8628
f 8632 8631 8640
f 8632 8640 8641
f 8264 8640 8255
f 8255 8640 8631
f 8643 8642 8633
f 8642 8256 8633
f 8642 8265 8256
f 8643 8633 8634
f 8268 8644 8636
f 8268 8636 8261
f 8270 8645 8269
f 8645 8636 8269
f 8636 8644 8269
f 8636 8645 8637
f 8270 8263 8638
f 8270 8638 8645
f 8641 8640 8271
f 8272 8641 8271
f 8646 8641 8272
f 8271 8640 8264
f 8647 8274 8275
f 8648 8647 8275
f 8265 8648 8275
f 8642 8648 8265
f 8276 8644 8268
f 8644 8276 8269
f 8277 8646 8272
f 8277 8649 8646
f 8651 8650 8279
f 8279 8650 8278
f 8652 8279 8280
f 8652 8651 8279
f 8653 8280 8281
f 8653 8652 8280
f 8281 8274 8647
f 8654 8281 8647
f 8653 8281 8654
f 8654 8647 8648
f 8656 8655 8282
f 8656 8282 8283
f 8277 8282 8649
f 8649 8282 8655
f 8650 8284 8278
f 8657 8284 8650
f 8286 8656 8283
f 8286 8658 8656
f 8660 8659 8289
f 8289 8659 8288
f 8289 8284 8657
f 8289 8657 8660
f 8662 8661 8290
f 8662 8290 8291
f 8286 8290 8658
f 8658 8290 8661
f 8659 8292 8288
f 8663 8292 8659
f 8665 8664 8294
f 8665 8294 8295
f 8291 8294 8662
f 8662 8294 8664
f 8663 8296 8292
f 8666 8296 8663
f 8669 8668 8667
f 8668 8665 8667
f 8665 8298 8667
f 8665 8295 8298
f 8666 8299 8296
f 8670 8299 8666
f 8669 8667 8671
f 8669 8671 8672
f 8301 8671 8298
f 8298 8671 8667
f 8670 8306 8299
f 8673 8306 8670
f 8676 8675 8674
f 8674 8675 8672
f 8671 8674 8672
f 8677 8674 8671
f 8307 8678 8301
f 8678 8671 8301
f 8678 8677 8671
f 8308 8679 8307
f 8307 8679 8678
f 8309 8679 8308
f 8680 8311 8312
f 8313 8680 8312
f 8673 8315 8306
f 8681 8315 8673
f 8676 8674 8682
f 8676 8682 8683
f 8684 8674 8677
f 8682 8674 8684
f 8685 8677 8678
f 8684 8677 8685
f 8686 8678 8679
f 8685 8678 8686
f 8316 8687 8309
f 8687 8679 8309
f 8687 8686 8679
f 8317 8687 8316
f 8688 8318 8680
f 8680 8318 8311
f 8319 8689 8313
f 8689 8680 8313
f 8689 8688 8680
f 8690 8689 8319
f 8315 8690 8319
f 8681 8690 8315
f 8693 8692 8691
f 8691 8692 8683
f 8682 8691 8683
f 8694 8691 8682
f 8695 8682 8684
f 8694 8682 8695
f 8685 8697 8696
f 8695 8685 8696
f 8684 8685 8695
f 8697 8685 8686
f 8697 8686 8698
f 8700 8699 8698
f 8686 8700 8698
f 8687 8700 8686
f 8320 8700 8317
f 8317 8700 8687
f 8688 8321 8318
f 8321 8688 8323
f 8323 8688 8689
f 8324 8323 8689
f 8690 8324 8689
f 8701 8324 8690
f 8693 8691 8702
f 8693 8702 8703
f 8704 8691 8694
f 8702 8691 8704
f 8695 8706 8705
f 8704 8695 8705
f 8694 8695 8704
f 8706 8695 8696
f 8699 8700 8707
f 8699 8707 8708
f 8325 8707 8320
f 8320 8707 8700
f 8701 8327 8324
f 8709 8327 8701
f 8703 8702 8710
f 8703 8710 8711
f 8704 8713 8712
f 8710 8704 8712
f 8702 8704 8710
f 8713 8704 8705
f 8708 8707 8328
f 8329 8708 8328
f 8714 8708 8329
f 8328 8707 8325
f 8709 8330 8327
f 8715 8330 8709
f 8716 8711 8710
f 8716 8710 8712
f 8718 8717 8331
f 8718 8331 8332
f 8329 8331 8714
f 8714 8331 8717
f 8715 8333 8330
f 8719 8333 8715
f 8721 8720 8334
f 8721 8334 8335
f 8332 8334 8718
f 8718 8334 8720
f 8723 8336 8722
f 8336 8719 8722
f 8336 8333 8719
f 8724 8723 8722
f 8727 8726 8725
f 8337 8338 8725
f 8726 8337 8725
f 8728 8337 8726
f 8335 8337 8721
f 8721 8337 8728
f 8723 8339 8336
f 8341 8339 8723
f 8724 8341 8723
f 8729 8341 8724
f 8732 8731 8730
f 8730 8731 8727
f 8730 8727 8725
f 8344 8730 8725
f 8343 8344 8725
f 8343 8725 8338
f 8735 8734 8733
f 8729 8735 8733
f 8345 8729 8733
f 8341 8729 8345
f 8736 8732 8730
f 8736 8730 8344
f 8346 8736 8344
f 8737 8736 8346
f 8346 8347 8737
f 8737 8347 8738
f 8734 8739 8733
f 8345 8733 8739
f 8740 8345 8739
f 8348 8345 8740
f 8349 8738 8347
f 8349 8741 8738
f 8740 8350 8348
f 8742 8350 8740
f 8351 8741 8349
f 8351 8743 8741
f 8742 8352 8350
f 8744 8352 8742
f 8353 8743 8351
f 8353 8745 8743
f 8744 8354 8352
f 8746 8354 8744
f 8356 8745 8353
f 8356 8747 8745
f 8746 8357 8354
f 8748 8357 8746
f 8359 8747 8356
f 8359 8749 8747
f 8748 8360 8357
f 8750 8360 8748
f 8362 8749 8359
f 8362 8751 8749
f 8750 8363 8360
f 8752 8363 8750
f 8754 8753 8364
f 8754 8364 8365
f 8362 8364 8751
f 8751 8364 8753
f 8752 8366 8363
f 8755 8366 8752
f 8367 8754 8365
f 8367 8756 8754
f 8758 8368 8757
f 8368 8755 8757
f 8368 8366 8755
f 8759 8758 8757
f 8762 8761 8760
f 8761 8756 8760
f 8756 8370 8760
f 8756 8367 8370
f 8763 8371 8758
f 8758 8371 8368
f 8758 8759 8764
f 8758 8764 8763
f 8766 8765 8373
f 8766 8373 8374
f 8760 8375 8762
f 8375 8765 8762
f 8375 8373 8765
f 8375 8760 8370
f 8767 8376 8763
f 8763 8376 8371
f 8763 8764 8768
f 8763 8768 8767
f 8378 8769 8379
f 8769 8770 8379
f 8770 8374 8379
f 8770 8766 8374
f 8767 8380 8376
f 8382 8380 8767
f 8768 8382 8767
f 8771 8382 8768
f 8384 8772 8385
f 8772 8773 8385
f 8385 8773 8378
f 8773 8774 8378
f 8774 8769 8378
f 8769 8774 8770
f 8776 8387 8775
f 8387 8771 8775
f 8387 8382 8771
f 8777 8776 8775
f 8389 8778 8388
f 8779 8390 8388
f 8779 8388 8778
f 8779 8780 8390
f 8390 8780 8384
f 8780 8781 8384
f 8781 8772 8384
f 8772 8781 8773
f 8782 8391 8776
f 8776 8391 8387
f 8776 8777 8783
f 8776 8783 8782
f 8393 8784 8392
f 8784 8785 8392
f 8392 8785 8389
f 8785 8786 8389
f 8786 8778 8389
f 8778 8786 8779
f 8779 8786 8787
f 8779 8787 8780
f 8782 8394 8391
f 8396 8394 8782
f 8783 8396 8782
f 8788 8396 8783
f 8398 8789 8397
f 8789 8790 8397
f 8397 8790 8393
f 8790 8791 8393
f 8791 8784 8393
f 8784 8791 8785
f 8793 8399 8792
f 8399 8788 8792
f 8399 8396 8788
f 8795 8794 8793
f 8795 8793 8792
f 8796 8794 8795
f 8798 8797 8400
f 8798 8400 8401
f 8398 8400 8789
f 8400 8799 8789
f 8400 8797 8799
f 8789 8799 8790
f 8793 8402 8399
f 8402 8793 8405
f 8405 8793 8794
f 8801 8800 8406
f 8801 8406 8405
f 8796 8801 8405
f 8794 8796 8405
f 8802 8800 8801
f 8804 8803 8407
f 8804 8407 8408
f 8401 8407 8798
f 8798 8407 8803
f 8800 8410 8406
f 8806 8805 8412
f 8806 8412 8410
f 8802 8806 8410
f 8800 8802 8410
f 8807 8805 8806
f 8809 8808 8413
f 8809 8413 8414
f 8408 8413 8804
f 8804 8413 8808
f 8805 8416 8412
f 8811 8810 8417
f 8811 8417 8416
f 8807 8811 8416
f 8805 8807 8416
f 8812 8810 8811
f 8815 8814 8813
f 8418 8419 8813
f 8814 8418 8813
f 8816 8418 8814
f 8418 8817 8420
f 8816 8817 8418
f 8414 8420 8809
f 8809 8420 8817
f 8810 8421 8417
f 8812 8818 8810
f 8818 8421 8810
f 8818 8423 8421
f 8423 8819 8425
f 8818 8819 8423
f 8821 8820 8426
f 8425 8821 8426
f 8819 8821 8425
f 8823 8822 8820
f 8823 8820 8821
f 8825 8824 8822
f 8825 8822 8823
f 8827 8826 8824
f 8827 8824 8825
f 8829 8828 8826
f 8829 8826 8827
f 8831 8830 8828
f 8831 8828 8829
f 8832 8830 8831
f 8835 8834 8833
f 8837 8836 8833
f 8837 8833 8834
f 8839 8838 8836
f 8839 8836 8837
f 8841 8840 8838
f 8841 8838 8839
f 8428 8429 8840
f 8841 8428 8840
f 8842 8428 8841
f 8428 8843 8430
f 8842 8843 8428
f 8430 8844 8431
f 8843 8844 8430
f 8813 8432 8815
f 8432 8844 8815
f 8432 8431 8844
f 8432 8813 8419
f 8820 8433 8426
f 8433 8820 8434
f 8434 8820 8822
f 8434 8822 8435
f 8435 8822 8824
f 8435 8824 8436
f 8436 8824 8826
f 8436 8826 8437
f 8437 8826 8828
f 8437 8828 8439
f 8439 8828 8830
f 8832 8845 8830
f 8845 8439 8830
f 8845 8441 8439
f 8833 8443 8835
f 8443 8845 8835
f 8443 8441 8845
f 8443 8833 8444
f 8444 8833 8836
f 8444 8836 8445
f 8445 8836 8838
f 8445 8838 8446
f 8446 8838 8840
f 8446 8840 8429
f 8846 8448 8449
f 8450 8846 8449
f 8847 8451 8452
f 8848 8847 8452
f 8848 8452 8448
f 8849 8848 8448
f 8846 8849 8448
f 8851 8849 8850
f 8850 8849 8453
f 8849 8846 8453
f 8846 8450 8453
f 8454 8850 8453
f 8853 8852 8847
f 8852 8451 8847
f 8852 8455 8451
f 8853 8847 8848
f 8854 8851 8850
f 8850 8454 8854
f 8454 8855 8854
f 8454 8456 8855
f 8857 8856 8458
f 8458 8856 8457
f 8458 8455 8852
f 8458 8852 8857
f 8459 8855 8456
f 8459 8858 8855
f 8856 8460 8457
f 8859 8460 8856
f 8860 8858 8459
f 8860 8459 8461
f 8461 8463 8860
f 8860 8463 8861
f 8859 8464 8460
f 8862 8464 8859
f 8466 8864 8863
f 8861 8466 8863
f 8463 8466 8861
f 8864 8865 8863
f 8862 8468 8464
f 8866 8468 8862
f 8470 8864 8466
f 8867 8865 8864
f 8470 8867 8864
f 8472 8867 8470
f 8869 8867 8868
f 8867 8474 8868
f 8867 8472 8474
f 8476 8868 8474
f 8866 8478 8468
f 8870 8478 8866
f 8871 8869 8868
f 8871 8868 8476
f 8482 8871 8476
f 8872 8871 8482
f 8874 8872 8873
f 8872 8484 8873
f 8872 8482 8484
f 8486 8873 8484
f 8487 8478 8875
f 8478 8876 8875
f 8478 8870 8876
f 8875 8489 8487
f 8877 8874 8873
f 8879 8877 8878
f 8878 8877 8490
f 8877 8873 8490
f 8873 8486 8490
f 8492 8878 8490
f 8875 8876 8880
f 8880 8876 8881
f 8880 8494 8489
f 8880 8489 8875
f 8882 8879 8878
f 8878 8492 8882
f 8492 8883 8882
f 8492 8497 8883
f 8880 8881 8884
f 8884 8881 8885
f 8884 8499 8494
f 8884 8494 8880
f 8503 8887 8886
f 8883 8503 8886
f 8497 8503 8883
f 8887 8888 8886
f 8885 8889 8884
f 8889 8891 8890
f 8889 8890 8504
f 8884 8889 8504
f 8499 8884 8504
f 8890 8506 8504
f 8509 8887 8503
f 8509 8511 8887
f 8511 8888 8887
f 8511 8892 8888
f 8890 8891 8893
f 8893 8891 8894
f 8893 8513 8506
f 8893 8506 8890
f 8516 8892 8511
f 8516 8895 8892
f 8893 8894 8896
f 8896 8894 8897
f 8896 8518 8513
f 8896 8513 8893
f 8521 8895 8516
f 8521 8898 8895
f 8896 8897 8899
f 8899 8897 8900
f 8899 8523 8518
f 8899 8518 8896
f 8526 8898 8521
f 8526 8901 8898
f 8899 8900 8529
f 8900 8528 8529
f 8900 8902 8528
f 8899 8529 8523
f 8533 8901 8526
f 8533 8903 8901
f 8902 8534 8528
f 8904 8534 8902
f 8905 8903 8533
f 8905 8533 8536
f 8536 8538 8905
f 8905 8538 8906
f 8904 8542 8534
f 8907 8542 8904
f 8538 8544 8908
f 8909 8538 8908
f 8906 8538 8909
f 8546 8908 8544
f 8910 8551 8552
f 8910 8552 8911
f 8552 8912 8911
f 8552 8553 8912
f 8913 8553 8554
f 8913 8912 8553
f 8914 8554 8555
f 8914 8913 8554
f 8915 8555 8556
f 8915 8914 8555
f 8916 8556 8557
f 8916 8915 8556
f 8918 8916 8917
f 8916 8558 8917
f 8916 8557 8558
f 8560 8917 8558
f 8907 8565 8542
f 8919 8565 8907
f 8920 8909 8908
f 8920 8908 8546
f 8567 8920 8546
f 8921 8920 8567
f 8923 8921 8922
f 8921 8568 8922
f 8921 8567 8568
f 8922 8568 8924
f 8568 8925 8924
f 8568 8569 8925
f 8926 8569 8570
f 8926 8925 8569
f 8927 8570 8571
f 8927 8926 8570
f 8928 8571 8572
f 8928 8927 8571
f 8929 8572 8573
f 8929 8928 8572
f 8573 8575 8929
f 8929 8575 8930
f 8931 8576 8577
f 8551 8910 8577
f 8910 8931 8577
f 8910 8932 8931
f 8910 8911 8933
f 8910 8933 8932
f 8934 8918 8917
f 8936 8934 8935
f 8935 8934 8578
f 8934 8917 8578
f 8917 8560 8578
f 8579 8937 8578
f 8578 8937 8935
f 8580 8937 8579
f 8938 8583 8584
f 8939 8938 8584
f 8565 8939 8584
f 8919 8939 8565
f 8940 8923 8922
f 8940 8922 8924
f 8588 8930 8575
f 8588 8941 8930
f 8942 8589 8931
f 8931 8589 8576
f 8943 8931 8932
f 8942 8931 8943
f 8932 8933 8944
f 8932 8944 8943
f 8945 8936 8935
f 8947 8946 8945
f 8935 8947 8945
f 8937 8947 8935
f 8590 8948 8580
f 8948 8937 8580
f 8948 8947 8937
f 8591 8949 8590
f 8590 8949 8948
f 8950 8949 8591
f 8950 8591 8583
f 8951 8950 8583
f 8938 8951 8583
f 8951 8938 8939
f 8596 8953 8952
f 8941 8596 8952
f 8588 8596 8941
f 8953 8954 8952
f 8955 8598 8942
f 8942 8598 8589
f 8943 8957 8956
f 8955 8943 8956
f 8942 8943 8955
f 8957 8943 8944
f 8958 8946 8947
f 8958 8947 8948
f 8958 8948 8959
f 8959 8948 8949
f 8959 8949 8960
f 8960 8949 8950
f 8962 8961 8953
f 8596 8962 8953
f 8601 8962 8596
f 8953 8961 8954
f 8963 8603 8955
f 8955 8603 8598
f 8955 8956 8964
f 8955 8964 8963
f 8605 8965 8606
f 8965 8966 8606
f 8966 8601 8606
f 8966 8962 8601
f 8967 8608 8963
f 8963 8608 8603
f 8963 8964 8968
f 8963 8968 8967
f 8610 8969 8611
f 8965 8605 8611
f 8969 8965 8611
f 8970 8965 8969
f 8966 8965 8971
f 8971 8965 8970
f 8972 8614 8967
f 8967 8614 8608
f 8967 8968 8973
f 8967 8973 8972
f 8616 8974 8617
f 8969 8610 8617
f 8974 8969 8617
f 8975 8969 8974
f 8977 8970 8976
f 8970 8975 8976
f 8970 8969 8975
f 8970 8977 8971
f 8978 8621 8622
f 8979 8978 8622
f 8979 8622 8614
f 8980 8979 8614
f 8972 8980 8614
f 8980 8972 8973
f 8624 8974 8616
f 8975 8974 8981
f 8974 8626 8981
f 8626 8982 8981
f 8626 8974 8624
f 8975 8981 8976
f 8983 8628 8629
f 8630 8984 8629
f 8629 8984 8983
f 8632 8984 8630
f 8986 8985 8978
f 8985 8621 8978
f 8985 8634 8621
f 8986 8978 8979
f 8987 8982 8626
f 8987 8626 8635
f 8989 8988 8637
f 8988 8635 8637
f 8988 8987 8635
f 8989 8638 8988
f 8638 8639 8988
f 8991 8990 8988
f 8991 8988 8639
f 8628 8983 8639
f 8983 8991 8639
f 8983 8992 8991
f 8993 8983 8984
f 8992 8983 8993
f 8641 8993 8632
f 8632 8993 8984
f 8995 8994 8643
f 8643 8994 8642
f 8643 8634 8985
f 8643 8985 8995
f 8645 8989 8637
f 8991 8996 8990
f 8638 8989 8645
f 8996 8991 8992
f 8996 8992 8997
f 8999 8998 8997
f 8992 8999 8997
f 8993 8999 8992
f 8646 8999 8641
f 8641 8999 8993
f 9002 9001 9000
f 8994 9002 9000
f 8648 8994 9000
f 8642 8994 8648
f 8998 8999 9003
f 8998 9003 9004
f 8649 9003 8646
f 8646 9003 8999
f 9005 8650 8651
f 8652 9006 8651
f 8651 9006 9005
f 9006 8652 9007
f 8652 9008 9007
f 8652 8653 9008
f 8654 9000 9001
f 9008 8654 9001
f 8653 8654 9008
f 9000 8654 8648
f 9004 9003 8655
f 8656 9004 8655
f 9009 9004 8656
f 8655 9003 8649
f 9011 9010 9005
f 9010 8650 9005
f 9010 8657 8650
f 9011 9005 9006
f 9011 9006 9012
f 9012 9006 9007
f 9015 9014 9013
f 9014 9009 9013
f 9009 8658 9013
f 9009 8656 8658
f 9017 9016 8660
f 8660 9016 8659
f 8660 8657 9010
f 8660 9010 9017
f 9020 9019 9018
f 9018 9019 9015
f 9018 9015 9013
f 8662 9018 9013
f 8661 8662 9013
f 8661 9013 8658
f 9016 8663 8659
f 9021 8663 9016
f 9024 9023 9022
f 9022 9023 9020
f 9022 9020 9018
f 8665 9022 9018
f 8664 8665 9018
f 8664 9018 8662
f 9021 8666 8663
f 9025 8666 9021
f 9028 9027 9026
f 9026 9027 9024
f 9026 9024 9022
f 8669 9026 9022
f 8668 8669 9022
f 8668 9022 8665
f 9025 8670 8666
f 9029 8670 9025
f 9032 9031 9030
f 9030 9031 9028
f 9026 9030 9028
f 9033 9030 9026
f 8672 9033 8669
f 8669 9033 9026
f 9029 8673 8670
f 9034 8673 9029
f 9032 9030 9035
f 9032 9035 9036
f 8676 9035 8675
f 9035 9033 8675
f 9035 9030 9033
f 8675 9033 8672
f 9034 8681 8673
f 9037 8681 9034
f 9036 9035 9038
f 9036 9038 9039
f 8683 9038 8676
f 8676 9038 9035
f 9037 8690 8681
f 9040 8690 9037
f 8692 8693 9041
f 9038 9042 9039
f 9042 9038 9043
f 9038 8683 9043
f 8692 9041 9043
f 8692 9043 8683
f 9044 8696 8697
f 8698 9045 8697
f 8697 9045 9044
f 8699 9045 8698
f 9040 8701 8690
f 9046 8701 9040
f 8703 9047 9041
f 8703 9041 8693
f 9043 9041 9048
f 9048 9041 9047
f 9049 8705 8706
f 9050 9049 8706
f 9050 8706 8696
f 9051 9050 8696
f 9044 9051 8696
f 9051 9044 9045
f 9051 9045 9052
f 9045 8699 9052
f 8699 9053 9052
f 8699 8708 9053
f 9046 8709 8701
f 9054 8709 9046
f 9056 9055 9047
f 8703 9056 9047
f 8711 9056 8703
f 9057 8712 8713
f 9055 9048 9047
f 9058 9057 8713
f 9058 8713 8705
f 9059 9058 8705
f 9049 9059 8705
f 9059 9049 9050
f 9062 9061 9060
f 9061 9053 9060
f 9053 8714 9060
f 9053 8708 8714
f 9054 8715 8709
f 9063 8715 9054
f 9066 9065 9064
f 9067 9064 8716
f 9064 9056 8716
f 9056 8711 8716
f 9056 9064 9065
f 9068 9067 8716
f 9068 8716 8712
f 9069 9068 8712
f 9057 9069 8712
f 9069 9057 9058
f 9062 9060 8717
f 8718 9062 8717
f 9070 9062 8718
f 8717 9060 8714
f 9072 8719 9071
f 8719 9063 9071
f 8719 8715 9063
f 9073 9072 9071
f 9076 9075 9074
f 9074 9075 9066
f 9064 9074 9066
f 9077 9074 9064
f 9078 9064 9067
f 9077 9064 9078
f 9067 9068 9079
f 9067 9079 9078
f 9081 9080 8720
f 9081 8720 8721
f 8718 8720 9070
f 9070 8720 9080
f 9072 8722 8719
f 8724 8722 9072
f 9073 8724 9072
f 9082 8724 9073
f 9076 9074 9083
f 9076 9083 9084
f 9085 9074 9077
f 9083 9074 9085
f 9086 9077 9078
f 9085 9077 9086
f 9087 8726 8727
f 9078 9087 8727
f 9086 9078 8727
f 9087 9078 9079
f 8726 9088 8728
f 9087 9088 8726
f 8721 8728 9081
f 9081 8728 9088
f 9082 8729 8724
f 9089 8729 9082
f 9090 9084 9083
f 9092 9091 9090
f 9083 9092 9090
f 9085 9092 9083
f 8732 9092 8731
f 9092 9086 8731
f 9092 9085 9086
f 8731 9086 8727
f 9094 9093 8735
f 8735 9093 8734
f 8735 8729 9089
f 8735 9089 9094
f 9091 9092 9095
f 9091 9095 9096
f 8736 9097 8732
f 9097 9092 8732
f 9097 9095 9092
f 8737 9098 8736
f 8736 9098 9097
f 8738 9098 8737
f 9093 9099 8734
f 8734 9099 8739
f 8740 8739 9099
f 8740 9099 9100
f 9101 9096 9095
f 9101 9095 9097
f 9101 9097 9102
f 9102 9097 9098
f 9102 9098 9103
f 9098 8738 9103
f 8738 9104 9103
f 8738 8741 9104
f 9100 8742 8740
f 9105 8742 9100
f 8743 9104 8741
f 8743 9106 9104
f 9105 8744 8742
f 9107 8744 9105
f 8745 9106 8743
f 8745 9108 9106
f 9107 8746 8744
f 9109 8746 9107
f 8747 9108 8745
f 8747 9110 9108
f 9109 8748 8746
f 9111 8748 9109
f 8749 9110 8747
f 8749 9112 9110
f 9111 8750 8748
f 9113 8750 9111
f 8751 9112 8749
f 8751 9114 9112
f 9116 8752 9115
f 8752 9113 9115
f 8752 8750 9113
f 9117 9116 9115
f 9119 9118 8753
f 9119 8753 8754
f 8751 8753 9114
f 9114 8753 9118
f 9120 8755 9116
f 9116 8755 8752
f 9116 9117 9121
f 9116 9121 9120
f 8756 9119 8754
f 8756 9122 9119
f 9120 8757 8755
f 8759 8757 9120
f 9121 8759 9120
f 9123 8759 9121
f 9125 9124 8761
f 9125 8761 8762
f 8756 8761 9122
f 9122 8761 9124
f 9123 8764 8759
f 9126 8764 9123
f 8766 9127 8765
f 9127 9128 8765
f 9128 8762 8765
f 9128 9125 8762
f 9130 8768 9129
f 8768 9126 9129
f 8768 8764 9126
f 9131 9130 9129
f 9133 9132 9127
f 8766 9133 9127
f 8770 9133 8766
f 9127 9132 9128
f 9134 8771 9130
f 9130 8771 8768
f 9130 9131 9135
f 9130 9135 9134
f 8773 9136 8774
f 9136 9137 8774
f 9137 8770 8774
f 9137 9133 8770
f 9134 8775 8771
f 8777 8775 9134
f 9135 8777 9134
f 9138 8777 9135
f 9140 9139 8781
f 9140 8781 8780
f 8773 8781 9136
f 8781 9141 9136
f 8781 9139 9141
f 9136 9141 9137
f 9143 8783 9142
f 8783 9138 9142
f 8783 8777 9138
f 9144 9143 9142
f 9146 9145 8786
f 9146 8786 8785
f 8786 9147 8787
f 9145 9147 8786
f 8780 8787 9140
f 9140 8787 9147
f 9148 8788 9143
f 9143 8788 8783
f 9143 9144 9149
f 9150 9143 9149
f 9148 9143 9150
f 9151 9150 9149
f 9153 9152 8791
f 9153 8791 8790
f 8785 8791 9146
f 9146 8791 9152
f 9148 8792 8788
f 8792 9148 8795
f 8795 9148 9150
f 9155 9154 8796
f 9155 8796 8795
f 9151 9155 8795
f 9150 9151 8795
f 9156 9154 9155
f 8798 9157 8797
f 8797 9157 9158
f 9159 8797 9158
f 8799 8797 9159
f 8790 8799 9153
f 9153 8799 9159
f 9154 8801 8796
f 9161 9160 8802
f 9161 8802 8801
f 9156 9161 8801
f 9154 9156 8801
f 9162 9160 9161
f 9164 9163 8803
f 9164 8803 8804
f 8798 8803 9157
f 8803 9165 9157
f 8803 9163 9165
f 9157 9165 9158
f 9160 8806 8802
f 9167 9166 8807
f 9167 8807 8806
f 9162 9167 8806
f 9160 9162 8806
f 9168 9166 9167
f 9171 9170 9169
f 8808 8809 9169
f 9170 8808 9169
f 9172 8808 9170
f 8804 8808 9164
f 9164 8808 9172
f 9166 8811 8807
f 9174 9173 8812
f 9174 8812 8811
f 9168 9174 8811
f 9166 9168 8811
f 9176 9175 9173
f 9176 9173 9174
f 9177 9175 9176
f 9180 9179 9178
f 9182 9181 9178
f 9182 9178 9179
f 9184 9183 9181
f 9184 9181 9182
f 9186 9185 9183
f 9186 9183 9184
f 9188 9187 9185
f 9188 9185 9186
f 8814 8815 9187
f 9188 8814 9187
f 9189 8814 9188
f 8814 9190 8816
f 9189 9190 8814
f 9169 8817 9171
f 8817 9190 9171
f 8817 8816 9190
f 8817 9169 8809
f 9173 8818 8812
f 8818 9173 8819
f 8819 9173 9175
f 9177 9191 9175
f 9191 8819 9175
f 9191 8821 8819
f 8821 9192 8823
f 9191 9192 8821
f 8823 9193 8825
f 9192 9193 8823
f 8825 9194 8827
f 9193 9194 8825
f 8827 9195 8829
f 9194 9195 8827
f 8829 9196 8831
f 9195 9196 8829
f 9198 9197 8832
f 8831 9198 8832
f 9196 9198 8831
f 8834 8835 9197
f 9198 8834 9197
f 9199 8834 9198
f 8834 9200 8837
f 9199 9200 8834
f 9178 8839 9180
f 8839 9200 9180
f 8839 8837 9200
f 8839 9178 8841
f 8841 9178 9181
f 8841 9181 8842
f 8842 9181 9183
f 8842 9183 8843
f 8843 9183 9185
f 8843 9185 8844
f 8844 9185 9187
f 8844 9187 8815
f 9197 8845 8832
f 8845 9197 8835
f 9201 8848 8849
f 8851 9201 8849
f 9202 8852 8853
f 8848 9201 8853
f 9201 9202 8853
f 9201 9203 9202
f 8854 9204 8851
f 9204 9201 8851
f 9204 9203 9201
f 8855 9204 8854
f 9206 9205 8857
f 8857 9205 8856
f 8857 8852 9202
f 9207 8857 9202
f 9206 8857 9207
f 9207 9202 9203
f 9207 9203 9208
f 9210 9209 9208
f 9203 9210 9208
f 9204 9210 9203
f 8858 9210 8855
f 8855 9210 9204
f 9205 8859 8856
f 9211 8859 9205
f 9212 9209 9210
f 9214 9212 9213
f 9213 9212 8860
f 9212 9210 8860
f 9210 8858 8860
f 8861 9213 8860
f 9211 8862 8859
f 9215 8862 9211
f 9216 9214 9213
f 9218 9216 9217
f 9217 9216 8863
f 9216 9213 8863
f 9213 8861 8863
f 8865 9217 8863
f 9215 8866 8862
f 9219 8866 9215
f 9220 9218 9217
f 9222 9220 9221
f 9221 9220 8867
f 9220 9217 8867
f 9217 8865 8867
f 8869 9221 8867
f 9219 8870 8866
f 9223 8870 9219
f 9224 9222 9221
f 9224 9221 8869
f 8871 9224 8869
f 9225 9224 8871
f 9227 9225 9226
f 9225 8872 9226
f 9225 8871 8872
f 8874 9226 8872
f 9223 8876 8870
f 9228 8876 9223
f 9229 9227 9226
f 9231 9229 9230
f 9230 9229 8877
f 9229 9226 8877
f 9226 8874 8877
f 8879 9230 8877
f 9228 8881 8876
f 9232 8881 9228
f 9233 9231 9230
f 9235 9233 9234
f 9234 9233 8882
f 9233 9230 8882
f 9230 8879 8882
f 8883 9234 8882
f 9232 8885 8881
f 9236 8885 9232
f 9237 9235 9234
f 9239 9237 9238
f 9238 9237 8886
f 9237 9234 8886
f 9234 8883 8886
f 8888 9238 8886
f 8889 8885 9240
f 8885 9241 9240
f 8885 9236 9241
f 9240 8891 8889
f 9242 9239 9238
f 9238 8888 9242
f 8888 9243 9242
f 8888 8892 9243
f 9240 9241 9244
f 9244 9241 9245
f 9244 8894 8891
f 9244 8891 9240
f 8895 9243 8892
f 8895 9246 9243
f 9244 9245 9247
f 9247 9245 9248
f 9247 8897 8894
f 9247 8894 9244
f 8898 9246 8895
f 8898 9249 9246
f 9247 9248 9250
f 9250 9248 9251
f 9250 8900 8897
f 9250 8897 9247
f 8901 9249 8898
f 8901 9252 9249
f 9250 9251 9253
f 9253 9251 9254
f 9253 8902 8900
f 9253 8900 9250
f 8903 9252 8901
f 8903 9255 9252
f 9253 9254 9256
f 9256 9254 9257
f 9256 8904 8902
f 9256 8902 9253
f 9258 9255 8903
f 9258 8903 8905
f 8905 8906 9258
f 9258 8906 9259
f 9256 9257 9260
f 9260 9257 9261
f 9260 8907 8904
f 9260 8904 9256
f 8909 9259 8906
f 8909 9262 9259
f 9263 8911 8912
f 8913 9264 8912
f 8912 9264 9263
f 9264 8913 9265
f 8913 9266 9265
f 8913 8914 9266
f 9268 9266 9267
f 9266 8915 9267
f 9266 8914 8915
f 8916 9269 8915
f 8915 9269 9267
f 8918 9269 8916
f 9260 9261 9270
f 9270 9261 9271
f 9270 8919 8907
f 9270 8907 9260
f 8909 8920 9272
f 9273 8909 9272
f 9262 8909 9273
f 8921 9274 8920
f 8920 9274 9272
f 8923 9274 8921
f 9275 8924 8925
f 8926 9276 8925
f 8925 9276 9275
f 8927 9277 8926
f 8926 9277 9276
f 9277 8927 9278
f 8927 9279 9278
f 8927 8928 9279
f 9281 9279 9280
f 9279 8929 9280
f 9279 8928 8929
f 8930 9280 8929
f 9282 8933 9263
f 9263 8933 8911
f 9264 9284 9283
f 9282 9264 9283
f 9263 9264 9282
f 9284 9264 9265
f 9285 9268 9267
f 9285 9267 9269
f 9285 9269 9286
f 9288 9286 9287
f 9287 9286 8934
f 9286 9269 8934
f 9269 8918 8934
f 8936 9287 8934
f 9271 9289 9270
f 8919 9270 9289
f 9290 8919 9289
f 8939 8919 9290
f 9291 9273 9272
f 9291 9272 9274
f 9291 9274 9292
f 9294 9292 9293
f 9293 9292 8940
f 9292 9274 8940
f 9274 8923 8940
f 9295 9293 8940
f 9295 8940 8924
f 9296 9295 8924
f 9275 9296 8924
f 9296 9275 9276
f 9296 9276 9297
f 9297 9276 9277
f 9297 9277 9298
f 9298 9277 9278
f 9299 9281 9280
f 9280 8930 9299
f 8930 9300 9299
f 8930 8941 9300
f 9302 9301 9282
f 9301 8933 9282
f 9301 8944 8933
f 9302 9282 9283
f 9303 9288 9287
f 9305 9303 9304
f 9304 9303 8945
f 9303 9287 8945
f 9287 8936 8945
f 8946 9304 8945
f 9307 9306 8951
f 8951 9306 8950
f 8951 8939 9290
f 8951 9290 9307
f 9308 9294 9293
f 9308 9293 9295
f 9309 9300 8941
f 9309 8941 8952
f 8952 8954 9309
f 9309 8954 9310
f 9311 8956 8957
f 9312 9311 8957
f 8944 9312 8957
f 9301 9312 8944
f 9305 9304 9313
f 9305 9313 9314
f 8958 9315 8946
f 9315 9304 8946
f 9315 9313 9304
f 8959 9316 8958
f 8958 9316 9315
f 8960 9317 8959
f 8959 9317 9316
f 9318 9317 8960
f 8950 9318 8960
f 9306 9318 8950
f 8962 9319 8961
f 9319 9320 8961
f 9320 8954 8961
f 9320 9310 8954
f 9321 8964 9311
f 9311 8964 8956
f 9311 9312 9322
f 9311 9322 9321
f 9323 9314 9313
f 9323 9313 9315
f 9323 9315 9324
f 9326 9325 9324
f 9315 9326 9324
f 9316 9326 9315
f 9327 9316 9317
f 9326 9316 9327
f 9317 9318 9328
f 9317 9328 9327
f 8966 9329 9319
f 8966 9319 8962
f 9320 9319 9330
f 9330 9319 9329
f 9332 9331 9321
f 9331 8964 9321
f 9331 8968 8964
f 9332 9321 9322
f 9333 9325 9326
f 9333 9326 9327
f 9333 9327 9334
f 9334 9327 9328
f 9336 9335 9329
f 8966 9336 9329
f 8971 9336 8966
f 9329 9335 9330
f 9331 8973 8968
f 9337 8973 9331
f 8976 9338 8977
f 9338 9339 8977
f 9339 8971 8977
f 9339 9336 8971
f 9342 9341 9340
f 9344 9343 9340
f 9340 9343 9342
f 8979 8980 9344
f 8980 9343 9344
f 8980 9345 9343
f 8980 8973 9337
f 8980 9337 9345
f 8982 9346 8981
f 9338 8976 8981
f 9346 9338 8981
f 9347 9338 9346
f 9339 9338 9348
f 9348 9338 9347
f 9340 9341 9349
f 9349 9341 9350
f 9349 8985 8986
f 9344 9349 8986
f 9340 9349 9344
f 9344 8986 8979
f 8987 9346 8982
f 9346 8987 8988
f 9346 8988 9347
f 9352 9351 8990
f 8990 9351 8988
f 9351 9348 8988
f 9348 9347 8988
f 9352 9353 9351
f 9356 9355 9354
f 9356 9354 9350
f 9350 9354 9349
f 9354 8994 9349
f 8994 8995 9349
f 9349 8995 8985
f 8996 9352 8990
f 9357 9353 9352
f 8996 9357 9352
f 8997 9357 8996
f 8997 8998 9357
f 9357 8998 9358
f 9354 9355 9002
f 9355 9001 9002
f 9355 9359 9001
f 9354 9002 8994
f 9004 9358 8998
f 9004 9360 9358
f 9361 9007 9008
f 9362 9361 9008
f 9001 9362 9008
f 9359 9362 9001
f 9009 9360 9004
f 9009 9363 9360
f 9365 9364 9011
f 9011 9364 9010
f 9366 9011 9012
f 9366 9365 9011
f 9012 9007 9361
f 9367 9012 9361
f 9366 9012 9367
f 9367 9361 9362
f 9015 9368 9014
f 9368 9369 9014
f 9369 9009 9014
f 9369 9363 9009
f 9370 9016 9017
f 9371 9370 9017
f 9010 9371 9017
f 9364 9371 9010
f 9020 9372 9019
f 9372 9373 9019
f 9019 9373 9015
f 9373 9374 9015
f 9374 9368 9015
f 9368 9374 9369
f 9376 9375 9370
f 9375 9016 9370
f 9375 9021 9016
f 9376 9370 9371
f 9024 9377 9023
f 9372 9020 9023
f 9377 9372 9023
f 9378 9372 9377
f 9373 9372 9379
f 9372 9380 9379
f 9372 9378 9380
f 9380 9381 9379
f 9383 9025 9382
f 9025 9375 9382
f 9025 9021 9375
f 9384 9383 9382
f 9028 9385 9027
f 9377 9024 9027
f 9385 9377 9027
f 9386 9377 9385
f 9377 9387 9378
f 9377 9386 9387
f 9378 9388 9380
f 9378 9387 9388
f 9381 9380 9389
f 9389 9380 9388
f 9390 9029 9383
f 9383 9029 9025
f 9383 9384 9391
f 9383 9391 9390
f 9032 9392 9031
f 9385 9028 9031
f 9392 9385 9031
f 9393 9385 9392
f 9385 9394 9386
f 9385 9393 9394
f 9386 9395 9387
f 9386 9394 9395
f 9387 9396 9388
f 9387 9395 9396
f 9389 9388 9397
f 9397 9388 9396
f 9398 9034 9390
f 9390 9034 9029
f 9390 9391 9399
f 9390 9399 9398
f 9036 9400 9392
f 9036 9392 9032
f 9392 9401 9393
f 9392 9400 9401
f 9393 9402 9394
f 9393 9401 9402
f 9394 9403 9395
f 9394 9402 9403
f 9395 9404 9396
f 9395 9403 9404
f 9397 9396 9405
f 9405 9396 9404
f 9406 9037 9398
f 9398 9037 9034
f 9398 9399 9407
f 9398 9407 9406
f 9039 9408 9400
f 9039 9400 9036
f 9400 9409 9401
f 9400 9408 9409
f 9401 9410 9402
f 9401 9409 9410
f 9402 9411 9403
f 9402 9410 9411
f 9403 9412 9404
f 9403 9411 9412
f 9405 9404 9413
f 9413 9404 9412
f 9415 9414 9406
f 9414 9037 9406
f 9414 9040 9037
f 9415 9406 9407
f 9042 9408 9039
f 9408 9042 9043
f 9416 9408 9043
f 9409 9408 9416
f 9409 9417 9410
f 9409 9416 9417
f 9410 9418 9411
f 9410 9417 9418
f 9420 9412 9419
f 9412 9418 9419
f 9412 9411 9418
f 9412 9420 9413
f 9414 9046 9040
f 9421 9046 9414
f 9048 9422 9416
f 9048 9416 9043
f 9424 9417 9423
f 9417 9422 9423
f 9417 9416 9422
f 9426 9425 9424
f 9050 9424 9425
f 9424 9050 9417
f 9051 9417 9050
f 9417 9051 9418
f 9052 9418 9051
f 9418 9052 9419
f 9427 9419 9052
f 9419 9427 9426
f 9425 9426 9427
f 9053 9427 9052
f 9421 9054 9046
f 9428 9054 9421
f 9056 9429 9055
f 9429 9430 9055
f 9055 9430 9048
f 9430 9431 9048
f 9431 9422 9048
f 9432 9058 9059
f 9431 9423 9422
f 9050 9425 9059
f 9425 9432 9059
f 9425 9433 9432
f 9062 9433 9061
f 9433 9427 9061
f 9433 9425 9427
f 9061 9427 9053
f 9435 9063 9434
f 9063 9428 9434
f 9063 9054 9428
f 9436 9435 9434
f 9066 9437 9065
f 9437 9438 9065
f 9065 9438 9056
f 9438 9439 9056
f 9439 9429 9056
f 9440 9068 9069
f 9439 9430 9429
f 9441 9440 9069
f 9441 9069 9058
f 9442 9441 9058
f 9432 9442 9058
f 9444 9443 9442
f 9432 9444 9442
f 9433 9444 9432
f 9070 9444 9062
f 9062 9444 9433
f 9435 9071 9063
f 9073 9071 9435
f 9436 9073 9435
f 9445 9073 9436
f 9076 9446 9075
f 9446 9447 9075
f 9075 9447 9066
f 9447 9448 9066
f 9448 9437 9066
f 9437 9448 9438
f 9449 9079 9440
f 9440 9079 9068
f 9440 9441 9450
f 9451 9440 9450
f 9449 9440 9451
f 9451 9450 9443
f 9451 9443 9444
f 9081 9451 9444
f 9080 9081 9444
f 9080 9444 9070
f 9445 9082 9073
f 9452 9082 9445
f 9454 9453 9446
f 9076 9454 9446
f 9084 9454 9076
f 9446 9453 9447
f 9449 9087 9079
f 9087 9449 9088
f 9088 9449 9451
f 9088 9451 9081
f 9452 9089 9082
f 9455 9089 9452
f 9084 9090 9456
f 9457 9084 9456
f 9454 9084 9457
f 9091 9456 9090
f 9458 9093 9094
f 9459 9458 9094
f 9089 9459 9094
f 9455 9459 9089
f 9457 9456 9460
f 9457 9460 9461
f 9096 9460 9091
f 9091 9460 9456
f 9458 9099 9093
f 9100 9099 9458
f 9459 9100 9458
f 9462 9100 9459
f 9463 9461 9460
f 9463 9460 9096
f 9101 9463 9096
f 9464 9463 9101
f 9465 9101 9102
f 9465 9464 9101
f 9467 9465 9466
f 9465 9103 9466
f 9465 9102 9103
f 9104 9466 9103
f 9462 9105 9100
f 9468 9105 9462
f 9469 9467 9466
f 9466 9104 9469
f 9104 9470 9469
f 9104 9106 9470
f 9468 9107 9105
f 9471 9107 9468
f 9108 9470 9106
f 9108 9472 9470
f 9471 9109 9107
f 9473 9109 9471
f 9110 9472 9108
f 9110 9474 9472
f 9473 9111 9109
f 9475 9111 9473
f 9112 9474 9110
f 9112 9476 9474
f 9478 9113 9477
f 9113 9475 9477
f 9113 9111 9475
f 9479 9478 9477
f 9114 9476 9112
f 9114 9480 9476
f 9478 9115 9113
f 9117 9115 9478
f 9479 9117 9478
f 9481 9117 9479
f 9483 9482 9118
f 9483 9118 9119
f 9114 9118 9480
f 9480 9118 9482
f 9481 9121 9117
f 9484 9121 9481
f 9122 9483 9119
f 9122 9485 9483
f 9487 9123 9486
f 9123 9484 9486
f 9123 9121 9484
f 9488 9487 9486
f 9490 9489 9124
f 9490 9124 9125
f 9122 9124 9485
f 9485 9124 9489
f 9491 9126 9487
f 9487 9126 9123
f 9487 9488 9492
f 9487 9492 9491
f 9128 9490 9125
f 9128 9493 9490
f 9491 9129 9126
f 9131 9129 9491
f 9492 9131 9491
f 9494 9131 9492
f 9133 9495 9132
f 9495 9496 9132
f 9496 9128 9132
f 9496 9493 9128
f 9498 9135 9497
f 9135 9494 9497
f 9135 9131 9494
f 9499 9498 9497
f 9501 9500 9495
f 9133 9501 9495
f 9137 9501 9133
f 9495 9500 9496
f 9502 9138 9498
f 9498 9138 9135
f 9498 9499 9503
f 9498 9503 9502
f 9505 9504 9139
f 9505 9139 9140
f 9139 9506 9141
f 9504 9506 9139
f 9137 9141 9501
f 9501 9141 9506
f 9502 9142 9138
f 9508 9507 9144
f 9508 9144 9142
f 9503 9508 9142
f 9502 9503 9142
f 9509 9507 9508
f 9511 9510 9145
f 9511 9145 9146
f 9145 9512 9147
f 9510 9512 9145
f 9140 9147 9505
f 9505 9147 9512
f 9507 9149 9144
f 9514 9513 9151
f 9514 9151 9149
f 9509 9514 9149
f 9507 9509 9149
f 9515 9513 9514
f 9517 9516 9152
f 9517 9152 9153
f 9146 9152 9511
f 9511 9152 9516
f 9513 9155 9151
f 9519 9518 9156
f 9519 9156 9155
f 9515 9519 9155
f 9513 9515 9155
f 9520 9518 9519
f 9522 9521 9159
f 9522 9159 9158
f 9153 9159 9517
f 9517 9159 9521
f 9518 9161 9156
f 9524 9523 9162
f 9524 9162 9161
f 9520 9524 9161
f 9518 9520 9161
f 9525 9523 9524
f 9527 9526 9163
f 9527 9163 9164
f 9163 9528 9165
f 9526 9528 9163
f 9158 9165 9522
f 9522 9165 9528
f 9523 9167 9162
f 9530 9529 9168
f 9530 9168 9167
f 9525 9530 9167
f 9523 9525 9167
f 9531 9529 9530
f 9534 9533 9532
f 9536 9535 9532
f 9536 9532 9533
f 9538 9537 9535
f 9538 9535 9536
f 9539 9537 9538
f 9542 9541 9540
f 9544 9543 9540
f 9544 9540 9541
f 9546 9545 9543
f 9546 9543 9544
f 9170 9171 9545
f 9546 9170 9545
f 9547 9170 9546
f 9170 9548 9172
f 9547 9548 9170
f 9164 9172 9527
f 9527 9172 9548
f 9529 9174 9168
f 9531 9549 9529
f 9549 9174 9529
f 9549 9176 9174
f 9551 9550 9177
f 9176 9551 9177
f 9549 9551 9176
f 9553 9552 9550
f 9553 9550 9551
f 9555 9554 9552
f 9555 9552 9553
f 9557 9556 9554
f 9557 9554 9555
f 9559 9558 9556
f 9559 9556 9557
f 9561 9560 9558
f 9561 9558 9559
f 9563 9562 9560
f 9563 9560 9561
f 9565 9564 9562
f 9565 9562 9563
f 9567 9566 9564
f 9567 9564 9565
f 9566 9567 9534
f 9566 9534 9532
f 9180 9566 9532
f 9179 9180 9532
f 9179 9532 9182
f 9182 9532 9535
f 9182 9535 9184
f 9184 9535 9537
f 9539 9568 9537
f 9568 9184 9537
f 9568 9186 9184
f 9540 9188 9542
f 9188 9568 9542
f 9188 9186 9568
f 9188 9540 9189
f 9189 9540 9543
f 9189 9543 9190
f 9190 9543 9545
f 9190 9545 9171
f 9550 9191 9177
f 9191 9550 9192
f 9192 9550 9552
f 9192 9552 9193
f 9193 9552 9554
f 9193 9554 9194
f 9194 9554 9556
f 9194 9556 9195
f 9195 9556 9558
f 9195 9558 9196
f 9196 9558 9560
f 9196 9560 9198
f 9198 9560 9562
f 9198 9562 9199
f 9199 9562 9564
f 9199 9564 9200
f 9200 9564 9566
f 9200 9566 9180
f 9569 9205 9206
f 9207 9570 9206
f 9206 9570 9569
f 9208 9571 9207
f 9207 9571 9570
f 9209 9571 9208
f 9573 9572 9569
f 9572 9205 9569
f 9572 9211 9205
f 9573 9569 9570
f 9573 9570 9574
f 9574 9570 9571
f 9574 9571 9575
f 9577 9575 9576
f 9576 9575 9212
f 9575 9571 9212
f 9571 9209 9212
f 9214 9576 9212
f 9572 9215 9211
f 9578 9215 9572
f 9579 9577 9576
f 9581 9579 9580
f 9580 9579 9216
f 9579 9576 9216
f 9576 9214 9216
f 9218 9580 9216
f 9578 9219 9215
f 9582 9219 9578
f 9583 9581 9580
f 9585 9583 9584
f 9584 9583 9220
f 9583 9580 9220
f 9580 9218 9220
f 9222 9584 9220
f 9582 9223 9219
f 9586 9223 9582
f 9587 9585 9584
f 9589 9587 9588
f 9588 9587 9224
f 9587 9584 9224
f 9584 9222 9224
f 9225 9590 9224
f 9224 9590 9588
f 9227 9590 9225
f 9586 9228 9223
f 9591 9228 9586
f 9592 9589 9588
f 9594 9593 9592
f 9588 9594 9592
f 9590 9594 9588
f 9229 9595 9227
f 9595 9590 9227
f 9595 9594 9590
f 9231 9595 9229
f 9591 9232 9228
f 9596 9232 9591
f 9597 9593 9594
f 9597 9594 9595
f 9597 9595 9598
f 9600 9598 9599
f 9599 9598 9233
f 9598 9595 9233
f 9595 9231 9233
f 9235 9599 9233
f 9596 9236 9232
f 9601 9236 9596
f 9602 9600 9599
f 9604 9602 9603
f 9603 9602 9237
f 9602 9599 9237
f 9599 9235 9237
f 9239 9603 9237
f 9601 9241 9236
f 9605 9241 9601
f 9606 9604 9603
f 9606 9603 9239
f 9242 9606 9239
f 9607 9606 9242
f 9242 9243 9607
f 9607 9243 9608
f 9605 9245 9241
f 9609 9245 9605
f 9246 9608 9243
f 9246 9610 9608
f 9609 9248 9245
f 9611 9248 9609
f 9249 9613 9612
f 9610 9249 9612
f 9246 9249 9610
f 9613 9614 9612
f 9617 9616 9615
f 9611 9617 9615
f 9251 9611 9615
f 9248 9611 9251
f 9252 9618 9613
f 9252 9613 9249
f 9614 9613 9619
f 9619 9613 9618
f 9615 9616 9620
f 9620 9616 9621
f 9620 9254 9251
f 9620 9251 9615
f 9255 9622 9618
f 9255 9618 9252
f 9619 9618 9623
f 9623 9618 9622
f 9620 9621 9624
f 9624 9621 9625
f 9624 9257 9254
f 9624 9254 9620
f 9258 9622 9255
f 9258 9259 9622
f 9259 9623 9622
f 9259 9626 9623
f 9624 9625 9627
f 9627 9625 9628
f 9627 9261 9257
f 9627 9257 9624
f 9262 9626 9259
f 9262 9629 9626
f 9630 9265 9266
f 9268 9630 9266
f 9627 9628 9631
f 9631 9628 9632
f 9631 9271 9261
f 9631 9261 9627
f 9273 9629 9262
f 9273 9633 9629
f 9634 9278 9279
f 9281 9634 9279
f 9636 9635 9284
f 9284 9635 9283
f 9284 9265 9630
f 9637 9284 9630
f 9636 9284 9637
f 9639 9637 9638
f 9638 9637 9285
f 9637 9630 9285
f 9630 9268 9285
f 9286 9640 9285
f 9285 9640 9638
f 9288 9640 9286
f 9632 9641 9631
f 9641 9643 9642
f 9641 9642 9289
f 9631 9641 9289
f 9271 9631 9289
f 9642 9290 9289
f 9644 9633 9273
f 9644 9273 9291
f 9646 9644 9645
f 9644 9292 9645
f 9644 9291 9292
f 9294 9645 9292
f 9647 9295 9296
f 9297 9648 9296
f 9296 9648 9647
f 9648 9297 9649
f 9297 9650 9649
f 9297 9298 9650
f 9298 9278 9634
f 9651 9298 9634
f 9650 9298 9651
f 9651 9634 9281
f 9299 9651 9281
f 9652 9651 9299
f 9299 9300 9652
f 9652 9300 9653
f 9655 9654 9302
f 9302 9654 9301
f 9302 9283 9635
f 9302 9635 9655
f 9656 9639 9638
f 9658 9657 9656
f 9638 9658 9656
f 9640 9658 9638
f 9303 9659 9288
f 9659 9640 9288
f 9659 9658 9640
f 9305 9659 9303
f 9642 9643 9307
f 9643 9306 9307
f 9643 9660 9306
f 9642 9307 9290
f 9661 9646 9645
f 9663 9661 9662
f 9662 9661 9308
f 9661 9645 9308
f 9645 9294 9308
f 9664 9662 9308
f 9664 9308 9295
f 9665 9664 9295
f 9647 9665 9295
f 9665 9647 9648
f 9665 9648 9666
f 9666 9648 9649
f 9667 9653 9300
f 9667 9300 9309
f 9309 9310 9667
f 9667 9310 9668
f 9671 9670 9669
f 9673 9672 9669
f 9669 9672 9671
f 9675 9674 9673
f 9673 9674 9672
f 9654 9674 9675
f 9312 9654 9675
f 9301 9654 9312
f 9676 9657 9658
f 9678 9677 9676
f 9658 9678 9676
f 9659 9678 9658
f 9314 9678 9305
f 9305 9678 9659
f 9660 9318 9306
f 9679 9318 9660
f 9680 9663 9662
f 9680 9662 9664
f 9320 9668 9310
f 9320 9681 9668
f 9669 9670 9682
f 9682 9670 9683
f 9669 9684 9673
f 9669 9682 9684
f 9673 9685 9675
f 9673 9684 9685
f 9685 9322 9312
f 9685 9312 9675
f 9686 9677 9678
f 9688 9686 9687
f 9687 9686 9323
f 9686 9678 9323
f 9678 9314 9323
f 9324 9689 9323
f 9323 9689 9687
f 9325 9689 9324
f 9679 9328 9318
f 9690 9328 9679
f 9330 9681 9320
f 9330 9691 9681
f 9694 9693 9692
f 9694 9692 9683
f 9692 9682 9683
f 9692 9695 9682
f 9682 9696 9684
f 9682 9695 9696
f 9696 9331 9332
f 9685 9696 9332
f 9684 9696 9685
f 9685 9332 9322
f 9697 9688 9687
f 9699 9698 9697
f 9687 9699 9697
f 9689 9699 9687
f 9699 9689 9325
f 9700 9699 9325
f 9333 9700 9325
f 9701 9699 9700
f 9702 9333 9334
f 9702 9700 9333
f 9334 9328 9690
f 9334 9690 9702
f 9336 9703 9335
f 9703 9704 9335
f 9704 9330 9335
f 9704 9691 9330
f 9692 9693 9705
f 9705 9693 9706
f 9692 9707 9695
f 9692 9705 9707
f 9695 9708 9696
f 9695 9707 9708
f 9708 9337 9331
f 9708 9331 9696
f 9709 9698 9699
f 9709 9699 9701
f 9339 9710 9703
f 9339 9703 9336
f 9704 9703 9711
f 9711 9703 9710
f 9705 9706 9342
f 9706 9341 9342
f 9706 9712 9341
f 9705 9342 9343
f 9705 9343 9707
f 9707 9343 9345
f 9707 9345 9708
f 9708 9345 9337
f 9714 9713 9710
f 9339 9714 9710
f 9348 9714 9339
f 9710 9713 9711
f 9717 9716 9715
f 9712 9717 9715
f 9350 9712 9715
f 9341 9712 9350
f 9718 9714 9348
f 9718 9348 9351
f 9720 9719 9353
f 9719 9351 9353
f 9719 9718 9351
f 9720 9721 9719
f 9715 9716 9356
f 9716 9355 9356
f 9716 9722 9355
f 9715 9356 9350
f 9357 9720 9353
f 9357 9358 9720
f 9358 9721 9720
f 9358 9723 9721
f 9722 9359 9355
f 9724 9359 9722
f 9360 9726 9725
f 9723 9360 9725
f 9358 9360 9723
f 9726 9727 9725
f 9724 9362 9359
f 9728 9362 9724
f 9363 9729 9726
f 9363 9726 9360
f 9727 9726 9730
f 9730 9726 9729
f 9732 9731 9365
f 9365 9731 9364
f 9733 9365 9366
f 9733 9732 9365
f 9734 9366 9367
f 9734 9733 9366
f 9367 9362 9728
f 9367 9728 9734
f 9369 9735 9729
f 9369 9729 9363
f 9730 9729 9736
f 9736 9729 9735
f 9731 9371 9364
f 9737 9371 9731
f 9373 9738 9374
f 9738 9739 9374
f 9374 9739 9369
f 9739 9740 9369
f 9740 9735 9369
f 9735 9740 9736
f 9741 9375 9376
f 9742 9741 9376
f 9371 9742 9376
f 9737 9742 9371
f 9379 9738 9373
f 9379 9381 9738
f 9381 9739 9738
f 9381 9743 9739
f 9741 9382 9375
f 9384 9382 9741
f 9742 9384 9741
f 9744 9384 9742
f 9389 9743 9381
f 9389 9745 9743
f 9744 9391 9384
f 9746 9391 9744
f 9397 9745 9389
f 9397 9747 9745
f 9746 9399 9391
f 9748 9399 9746
f 9405 9747 9397
f 9405 9749 9747
f 9748 9407 9399
f 9750 9407 9748
f 9413 9749 9405
f 9413 9751 9749
f 9752 9414 9415
f 9753 9752 9415
f 9407 9753 9415
f 9750 9753 9407
f 9419 9754 9420
f 9754 9755 9420
f 9755 9413 9420
f 9755 9751 9413
f 9756 9421 9752
f 9752 9421 9414
f 9752 9753 9757
f 9752 9757 9756
f 9423 9758 9424
f 9759 9426 9424
f 9759 9424 9758
f 9754 9419 9426
f 9759 9754 9426
f 9760 9754 9759
f 9755 9754 9761
f 9761 9754 9760
f 9762 9428 9756
f 9756 9428 9421
f 9756 9757 9763
f 9756 9763 9762
f 9430 9764 9431
f 9758 9423 9431
f 9764 9758 9431
f 9765 9758 9764
f 9758 9766 9759
f 9758 9765 9766
f 9768 9760 9767
f 9760 9766 9767
f 9760 9759 9766
f 9760 9768 9761
f 9762 9434 9428
f 9436 9434 9762
f 9763 9436 9762
f 9769 9436 9763
f 9438 9770 9439
f 9764 9430 9439
f 9770 9764 9439
f 9771 9764 9770
f 9771 9441 9442
f 9765 9771 9442
f 9764 9771 9765
f 9766 9765 9772
f 9765 9443 9772
f 9443 9773 9772
f 9443 9765 9442
f 9766 9772 9767
f 9769 9445 9436
f 9774 9445 9769
f 9447 9775 9448
f 9770 9438 9448
f 9775 9770 9448
f 9776 9770 9775
f 9778 9771 9777
f 9771 9776 9777
f 9771 9770 9776
f 9771 9778 9441
f 9778 9450 9441
f 9778 9779 9450
f 9443 9450 9773
f 9773 9450 9779
f 9774 9452 9445
f 9780 9452 9774
f 9454 9781 9453
f 9781 9782 9453
f 9453 9782 9447
f 9782 9783 9447
f 9783 9775 9447
f 9775 9783 9776
f 9776 9783 9784
f 9776 9784 9777
f 9780 9455 9452
f 9785 9455 9780
f 9787 9786 9781
f 9454 9787 9781
f 9457 9787 9454
f 9781 9786 9782
f 9785 9459 9455
f 9788 9459 9785
f 9461 9787 9457
f 9461 9789 9787
f 9788 9462 9459
f 9790 9462 9788
f 9791 9789 9461
f 9791 9461 9463
f 9792 9463 9464
f 9792 9791 9463
f 9793 9464 9465
f 9793 9792 9464
f 9465 9467 9793
f 9793 9467 9794
f 9790 9468 9462
f 9795 9468 9790
f 9467 9469 9796
f 9797 9467 9796
f 9794 9467 9797
f 9470 9796 9469
f 9795 9471 9468
f 9798 9471 9795
f 9799 9797 9796
f 9796 9470 9799
f 9470 9800 9799
f 9470 9472 9800
f 9798 9473 9471
f 9801 9473 9798
f 9474 9803 9802
f 9800 9474 9802
f 9472 9474 9800
f 9803 9804 9802
f 9806 9475 9805
f 9475 9801 9805
f 9475 9473 9801
f 9807 9806 9805
f 9476 9808 9803
f 9476 9803 9474
f 9804 9803 9809
f 9809 9803 9808
f 9806 9477 9475
f 9479 9477 9806
f 9807 9479 9806
f 9810 9479 9807
f 9812 9811 9808
f 9476 9812 9808
f 9480 9812 9476
f 9808 9811 9809
f 9810 9481 9479
f 9813 9481 9810
f 9483 9814 9482
f 9814 9815 9482
f 9815 9480 9482
f 9815 9812 9480
f 9817 9484 9816
f 9484 9813 9816
f 9484 9481 9813
f 9818 9817 9816
f 9820 9819 9814
f 9483 9820 9814
f 9485 9820 9483
f 9814 9819 9815
f 9817 9486 9484
f 9488 9486 9817
f 9818 9488 9817
f 9821 9488 9818
f 9490 9822 9489
f 9822 9823 9489
f 9823 9485 9489
f 9823 9820 9485
f 9825 9492 9824
f 9492 9821 9824
f 9492 9488 9821
f 9826 9825 9824
f 9828 9827 9822
f 9490 9828 9822
f 9493 9828 9490
f 9822 9827 9823
f 9829 9494 9825
f 9825 9494 9492
f 9825 9826 9830
f 9825 9830 9829
f 9496 9828 9493
f 9496 9831 9828
f 9829 9497 9494
f 9833 9832 9499
f 9833 9499 9497
f 9830 9833 9497
f 9829 9830 9497
f 9834 9832 9833
f 9837 9836 9835
f 9500 9501 9835
f 9836 9500 9835
f 9838 9500 9836
f 9496 9500 9831
f 9831 9500 9838
f 9839 9503 9832
f 9832 9503 9499
f 9832 9834 9840
f 9832 9840 9839
f 9843 9842 9841
f 9504 9505 9841
f 9842 9504 9841
f 9844 9504 9842
f 9835 9506 9837
f 9506 9844 9837
f 9506 9504 9844
f 9506 9835 9501
f 9839 9508 9503
f 9846 9845 9509
f 9846 9509 9508
f 9840 9846 9508
f 9839 9840 9508
f 9847 9845 9846
f 9849 9848 9510
f 9849 9510 9511
f 9841 9512 9843
f 9512 9848 9843
f 9512 9510 9848
f 9512 9841 9505
f 9845 9514 9509
f 9851 9850 9515
f 9851 9515 9514
f 9847 9851 9514
f 9845 9847 9514
f 9852 9850 9851
f 9854 9853 9516
f 9854 9516 9517
f 9511 9516 9849
f 9849 9516 9853
f 9850 9519 9515
f 9856 9855 9520
f 9856 9520 9519
f 9852 9856 9519
f 9850 9852 9519
f 9857 9855 9856
f 9860 9859 9858
f 9521 9522 9858
f 9859 9521 9858
f 9861 9521 9859
f 9517 9521 9854
f 9854 9521 9861
f 9855 9524 9520
f 9863 9862 9525
f 9863 9525 9524
f 9857 9863 9524
f 9855 9857 9524
f 9864 9862 9863
f 9867 9866 9865
f 9869 9868 9865
f 9869 9865 9866
f 9871 9870 9868
f 9871 9868 9869
f 9873 9872 9870
f 9873 9870 9871
f 9874 9872 9873
f 9877 9876 9875
f 9879 9878 9875
f 9879 9875 9876
f 9881 9880 9878
f 9881 9878 9879
f 9526 9527 9880
f 9881 9526 9880
f 9882 9526 9881
f 9858 9528 9860
f 9528 9882 9860
f 9528 9526 9882
f 9528 9858 9522
f 9862 9530 9525
f 9884 9883 9531
f 9884 9531 9530
f 9864 9884 9530
f 9862 9864 9530
f 9886 9885 9883
f 9886 9883 9884
f 9888 9887 9885
f 9888 9885 9886
f 9890 9889 9887
f 9890 9887 9888
f 9892 9891 9889
f 9892 9889 9890
f 9894 9893 9891
f 9894 9891 9892
f 9896 9895 9893
f 9896 9893 9894
f 9898 9897 9895
f 9898 9895 9896
f 9900 9899 9897
f 9900 9897 9898
f 9902 9901 9899
f 9902 9899 9900
f 9533 9534 9901
f 9902 9533 9901
f 9903 9533 9902
f 9865 9536 9867
f 9536 9903 9867
f 9536 9533 9903
f 9536 9865 9538
f 9538 9865 9868
f 9538 9868 9539
f 9868 9904 9539
f 9868 9870 9904
f 9542 9904 9541
f 9904 9872 9541
f 9904 9870 9872
f 9874 9905 9872
f 9905 9541 9872
f 9905 9544 9541
f 9875 9546 9877
f 9546 9905 9877
f 9546 9544 9905
f 9546 9875 9547
f 9547 9875 9878
f 9547 9878 9548
f 9548 9878 9880
f 9548 9880 9527
f 9883 9549 9531
f 9549 9883 9551
f 9551 9883 9885
f 9551 9885 9553
f 9553 9885 9887
f 9553 9887 9555
f 9555 9887 9889
f 9555 9889 9557
f 9557 9889 9891
f 9557 9891 9559
f 9559 9891 9893
f 9559 9893 9561
f 9561 9893 9895
f 9561 9895 9563
f 9563 9895 9897
f 9563 9897 9565
f 9565 9897 9899
f 9565 9899 9567
f 9567 9899 9901
f 9567 9901 9534
f 9904 9568 9539
f 9568 9904 9542
f 9906 9572 9573
f 9574 9907 9573
f 9573 9907 9906
f 9575 9908 9574
f 9574 9908 9907
f 9577 9908 9575
f 9910 9909 9906
f 9909 9572 9906
f 9909 9578 9572
f 9910 9906 9907
f 9910 9907 9911
f 9911 9907 9908
f 9911 9908 9912
f 9914 9912 9913
f 9913 9912 9579
f 9912 9908 9579
f 9908 9577 9579
f 9581 9913 9579
f 9909 9582 9578
f 9915 9582 9909
f 9916 9914 9913
f 9918 9916 9917
f 9917 9916 9583
f 9916 9913 9583
f 9913 9581 9583
f 9585 9917 9583
f 9915 9586 9582
f 9919 9586 9915
f 9920 9918 9917
f 9920 9917 9585
f 9587 9920 9585
f 9921 9920 9587
f 9587 9589 9921
f 9921 9589 9922
f 9919 9591 9586
f 9923 9591 9919
f 9589 9592 9924
f 9925 9589 9924
f 9922 9589 9925
f 9593 9924 9592
f 9923 9596 9591
f 9926 9596 9923
f 9927 9925 9924
f 9929 9927 9928
f 9928 9927 9597
f 9927 9924 9597
f 9924 9593 9597
f 9598 9930 9597
f 9597 9930 9928
f 9600 9930 9598
f 9933 9932 9931
f 9926 9933 9931
f 9601 9926 9931
f 9596 9926 9601
f 9934 9929 9928
f 9936 9935 9934
f 9928 9936 9934
f 9930 9936 9928
f 9602 9937 9600
f 9937 9930 9600
f 9937 9936 9930
f 9604 9937 9602
f 9931 9932 9938
f 9938 9932 9939
f 9938 9605 9601
f 9938 9601 9931
f 9940 9935 9936
f 9940 9936 9937
f 9940 9937 9941
f 9943 9941 9942
f 9942 9941 9606
f 9941 9937 9606
f 9937 9604 9606
f 9607 9944 9606
f 9606 9944 9942
f 9608 9944 9607
f 9938 9939 9945
f 9945 9939 9946
f 9945 9609 9605
f 9945 9605 9938
f 9947 9943 9942
f 9947 9942 9944
f 9947 9944 9948
f 9944 9608 9948
f 9608 9949 9948
f 9608 9610 9949
f 9945 9946 9950
f 9950 9946 9951
f 9950 9611 9609
f 9950 9609 9945
f 9610 9612 9952
f 9953 9610 9952
f 9949 9610 9953
f 9614 9952 9612
f 9950 9951 9617
f 9951 9616 9617
f 9951 9954 9616
f 9950 9617 9611
f 9955 9953 9952
f 9952 9614 9955
f 9614 9956 9955
f 9614 9619 9956
f 9959 9958 9957
f 9954 9959 9957
f 9621 9954 9957
f 9616 9954 9621
f 9623 9956 9619
f 9623 9960 9956
f 9957 9958 9961
f 9961 9958 9962
f 9961 9625 9621
f 9961 9621 9957
f 9626 9960 9623
f 9626 9963 9960
f 9961 9962 9964
f 9964 9962 9965
f 9964 9628 9625
f 9964 9625 9961
f 9629 9967 9966
f 9963 9629 9966
f 9626 9629 9963
f 9967 9968 9966
f 9971 9970 9969
f 9973 9972 9969
f 9969 9972 9971
f 9973 9974 9972
f 9964 9965 9975
f 9975 9965 9976
f 9975 9632 9628
f 9975 9628 9964
f 9633 9977 9967
f 9633 9967 9629
f 9968 9967 9978
f 9978 9967 9977
f 9981 9980 9979
f 9981 9979 9970
f 9979 9969 9970
f 9979 9982 9969
f 9982 9635 9636
f 9973 9982 9636
f 9969 9982 9973
f 9636 9637 9973
f 9637 9983 9973
f 9983 9974 9973
f 9637 9984 9983
f 9639 9984 9637
f 9976 9985 9975
f 9985 9987 9986
f 9985 9986 9641
f 9975 9985 9641
f 9632 9975 9641
f 9986 9643 9641
f 9644 9977 9633
f 9644 9646 9977
f 9646 9978 9977
f 9646 9988 9978
f 9989 9649 9650
f 9651 9990 9650
f 9650 9990 9989
f 9652 9991 9651
f 9651 9991 9990
f 9653 9991 9652
f 9994 9993 9992
f 9994 9992 9980
f 9992 9979 9980
f 9992 9995 9979
f 9995 9654 9655
f 9982 9995 9655
f 9979 9995 9982
f 9982 9655 9635
f 9996 9983 9984
f 9998 9996 9997
f 9997 9996 9656
f 9996 9984 9656
f 9984 9639 9656
f 9657 9997 9656
f 9986 9987 9999
f 9999 9987 10000
f 9999 9660 9643
f 9999 9643 9986
f 9646 9661 10001
f 10002 9646 10001
f 9988 9646 10002
f 9663 10001 9661
f 10003 9664 9665
f 9666 10004 9665
f 9665 10004 10003
f 10005 10004 9666
f 10005 9666 9649
f 10006 10005 9649
f 9989 10006 9649
f 10006 9989 9990
f 10006 9990 10007
f 10007 9990 9991
f 10007 9991 10008
f 10010 10008 10009
f 10009 10008 9667
f 10008 9991 9667
f 9991 9653 9667
f 9668 10009 9667
f 10011 9670 9671
f 9993 10012 9992
f 10012 9671 9992
f 9671 9672 9992
f 9671 10012 10011
f 9992 9672 9674
f 9992 9674 9995
f 9995 9674 9654
f 9998 9997 10013
f 9998 10013 10014
f 9676 10015 9657
f 10015 9997 9657
f 10015 10013 9997
f 9677 10015 9676
f 9999 10000 10016
f 10016 10000 10017
f 10016 9679 9660
f 10016 9660 9999
f 10018 10002 10001
f 10020 10018 10019
f 10019 10018 9680
f 10018 10001 9680
f 10001 9663 9680
f 10021 10019 9680
f 10021 9680 9664
f 10022 10021 9664
f 10003 10022 9664
f 10022 10003 10004
f 10022 10004 10023
f 10023 10004 10005
f 10024 10010 10009
f 10009 9668 10024
f 9668 10025 10024
f 9668 9681 10025
f 10027 10026 10011
f 10026 9670 10011
f 10026 9683 9670
f 10027 10011 10012
f 10028 10014 10013
f 10030 10029 10028
f 10013 10030 10028
f 10015 10030 10013
f 9686 10031 9677
f 10031 10015 9677
f 10031 10030 10015
f 9688 10031 9686
f 10016 10017 10032
f 10032 10017 10033
f 10032 9690 9679
f 10032 9679 10016
f 10034 10020 10019
f 10034 10019 10021
f 9691 10025 9681
f 9691 10035 10025
f 10037 10036 9694
f 9694 10036 9693
f 9694 9683 10026
f 9694 10026 10037
f 10038 10029 10030
f 10040 10039 10038
f 10030 10040 10038
f 10031 10040 10030
f 9697 10041 9688
f 10041 10031 9688
f 10041 10040 10031
f 9698 10041 9697
f 10043 10042 9700
f 9700 10042 9701
f 9702 10032 10033
f 10043 9702 10033
f 9700 9702 10043
f 10032 9702 9690
f 9704 10035 9691
f 9704 10044 10035
f 10036 9706 9693
f 10045 9706 10036
f 10046 10039 10040
f 10046 10040 10041
f 10046 10041 10047
f 10047 10041 9698
f 9709 10047 9698
f 10048 10047 9709
f 9709 9701 10042
f 9709 10042 10048
f 9711 10044 9704
f 9711 10049 10044
f 10045 9712 9706
f 10050 9712 10045
f 10052 10051 9713
f 10052 9713 9714
f 9711 9713 10049
f 10049 9713 10051
f 10054 10053 9717
f 9717 10053 9716
f 9717 9712 10050
f 9717 10050 10054
f 10055 10052 9714
f 10055 9714 9718
f 10056 9718 9719
f 10056 10055 9718
f 9719 9721 10056
f 10056 9721 10057
f 10053 9722 9716
f 10058 9722 10053
f 9723 10057 9721
f 9723 10059 10057
f 10058 9724 9722
f 10060 9724 10058
f 10061 10059 9723
f 10061 9723 9725
f 9725 9727 10061
f 10061 9727 10062
f 10060 9728 9724
f 10063 9728 10060
f 9730 10062 9727
f 9730 10064 10062
f 10065 9731 9732
f 10065 9732 10066
f 9732 10067 10066
f 9732 9733 10067
f 10068 9733 9734
f 10068 10067 9733
f 9734 9728 10063
f 9734 10063 10068
f 9736 10064 9730
f 9736 10069 10064
f 10071 10070 10065
f 10070 9731 10065
f 10070 9737 9731
f 10071 10065 10066
f 9739 10072 9740
f 10072 10073 9740
f 10073 9736 9740
f 10073 10069 9736
f 10070 9742 9737
f 10074 9742 10070
f 9743 10075 10072
f 9743 10072 9739
f 10073 10072 10076
f 10076 10072 10075
f 10078 9744 10077
f 9744 10074 10077
f 9744 9742 10074
f 10079 10078 10077
f 10081 10080 10075
f 9743 10081 10075
f 9745 10081 9743
f 10075 10080 10076
f 10082 9746 10078
f 10078 9746 9744
f 10078 10079 10083
f 10078 10083 10082
f 9747 10081 9745
f 9747 10084 10081
f 10086 10085 10082
f 10085 9746 10082
f 10085 9748 9746
f 10086 10082 10083
f 9749 10084 9747
f 9749 10087 10084
f 10089 9750 10088
f 9750 10085 10088
f 9750 9748 10085
f 10090 10089 10088
f 9751 10092 10091
f 10087 9751 10091
f 9749 9751 10087
f 10092 10093 10091
f 10095 10094 10089
f 10094 9750 10089
f 10094 9753 9750
f 10095 10089 10090
f 9755 10096 10092
f 9755 10092 9751
f 10093 10092 10097
f 10097 10092 10096
f 10094 9757 9753
f 10098 9757 10094
f 10100 10099 10096
f 9755 10100 10096
f 9761 10100 9755
f 10096 10099 10097
f 10102 9763 10101
f 9763 10098 10101
f 9763 9757 10098
f 10103 10102 10101
f 9767 10104 9768
f 10104 10105 9768
f 10105 9761 9768
f 10105 10100 9761
f 10106 9769 10102
f 10102 9769 9763
f 10102 10103 10107
f 10102 10107 10106
f 9773 10108 9772
f 10108 10109 9772
f 9772 10109 9767
f 10109 10110 9767
f 10110 10104 9767
f 10104 10110 10105
f 10111 9774 10106
f 10106 9774 9769
f 10106 10107 10112
f 10106 10112 10111
f 9777 10113 9778
f 10114 9779 9778
f 10114 9778 10113
f 10114 10115 9779
f 9779 10115 9773
f 10115 10116 9773
f 10116 10108 9773
f 10108 10116 10109
f 10117 9780 10111
f 10111 9780 9774
f 10111 10112 10118
f 10111 10118 10117
f 9782 10119 9783
f 10120 9784 9783
f 10120 9783 10119
f 10113 9777 9784
f 10120 10113 9784
f 10121 10113 10120
f 10123 10114 10122
f 10114 10121 10122
f 10114 10113 10121
f 10114 10123 10115
f 10125 10124 10117
f 10124 9780 10117
f 10124 9785 9780
f 10125 10117 10118
f 9787 10126 9786
f 10119 9782 9786
f 10126 10119 9786
f 10127 10119 10126
f 10119 10128 10120
f 10119 10127 10128
f 10120 10129 10121
f 10120 10128 10129
f 10122 10121 10130
f 10130 10121 10129
f 10124 9788 9785
f 10131 9788 10124
f 9789 10132 10126
f 9789 10126 9787
f 10126 10133 10127
f 10126 10132 10133
f 10127 10134 10128
f 10127 10133 10134
f 10128 10135 10129
f 10128 10134 10135
f 10130 10129 10136
f 10136 10129 10135
f 10131 9790 9788
f 10137 9790 10131
f 9791 10132 9789
f 10132 9791 9792
f 10132 9792 10133
f 10133 9792 9793
f 10133 9793 10134
f 10135 10134 10138
f 10134 9794 10138
f 9794 10139 10138
f 9794 10134 9793
f 10135 10138 10136
f 10137 9795 9790
f 10140 9795 10137
f 9797 10139 9794
f 9797 10141 10139
f 10140 9798 9795
f 10142 9798 10140
f 10143 10141 9797
f 10143 9797 9799
f 9799 9800 10143
f 10143 9800 10144
f 10146 9801 10145
f 9801 10142 10145
f 9801 9798 10142
f 10147 10146 10145
f 10148 10144 9800
f 10148 9800 9802
f 9802 9804 10148
f 10148 9804 10149
f 10146 9805 9801
f 9807 9805 10146
f 10147 9807 10146
f 10150 9807 10147
f 9809 10149 9804
f 9809 10151 10149
f 10150 9810 9807
f 10152 9810 10150
f 9812 10153 9811
f 10153 10154 9811
f 10154 9809 9811
f 10154 10151 9809
f 10156 9813 10155
f 9813 10152 10155
f 9813 9810 10152
f 10157 10156 10155
f 10159 10158 10153
f 9812 10159 10153
f 9815 10159 9812
f 10153 10158 10154
f 10156 9816 9813
f 9818 9816 10156
f 10157 9818 10156
f 10160 9818 10157
f 9820 10161 9819
f 10161 10162 9819
f 10162 9815 9819
f 10162 10159 9815
f 10164 9821 10163
f 9821 10160 10163
f 9821 9818 10160
f 10165 10164 10163
f 10167 10166 10161
f 9820 10167 10161
f 9823 10167 9820
f 10161 10166 10162
f 10164 9824 9821
f 9826 9824 10164
f 10165 9826 10164
f 10168 9826 10165
f 10170 10169 9827
f 10170 9827 9828
f 9823 9827 10167
f 10167 9827 10169
f 10172 9830 10171
f 9830 10168 10171
f 9830 9826 10168
f 10173 10172 10171
f 10176 10175 10174
f 10175 10170 10174
f 10170 9831 10174
f 10170 9828 9831
f 10172 9833 9830
f 10178 10177 9834
f 10178 9834 9833
f 10173 10178 9833
f 10172 10173 9833
f 10179 10177 10178
f 10181 10180 9836
f 10181 9836 9837
f 10174 9838 10176
f 9838 10180 10176
f 9838 9836 10180
f 9838 10174 9831
f 10182 9840 10177
f 10177 9840 9834
f 10177 10179 10183
f 10184 10177 10183
f 10182 10177 10184
f 10185 10184 10183
f 10188 10187 10186
f 10189 10186 10187
f 10191 10190 9842
f 10191 9842 9843
f 9842 10192 9844
f 10190 10192 9842
f 9837 9844 10181
f 10181 9844 10192
f 10182 9846 9840
f 9846 10182 9847
f 10182 10193 9847
f 10182 10184 10193
f 10184 10185 10194
f 10184 10194 10193
f 10188 10186 10195
f 10188 10195 10196
f 10186 10189 10197
f 10198 10186 10197
f 10195 10186 10198
f 10199 10198 10197
f 10201 10200 9848
f 10201 9848 9849
f 9843 9848 10191
f 10191 9848 10200
f 10193 9851 9847
f 10203 10202 9852
f 10203 9852 9851
f 10194 10203 9851
f 10193 10194 9851
f 10204 10202 10203
f 10207 10206 10205
f 10205 10206 10196
f 10195 10205 10196
f 10208 10205 10195
f 10209 10195 10198
f 10208 10195 10209
f 10198 10199 10210
f 10198 10210 10209
f 10213 10212 10211
f 10215 10214 10211
f 10215 10211 10212
f 9853 9854 10214
f 10215 9853 10214
f 10216 9853 10215
f 9849 9853 10201
f 10201 9853 10216
f 10202 9856 9852
f 10218 10217 9857
f 10218 9857 9856
f 10204 10218 9856
f 10202 10204 9856
f 10220 10219 10217
f 10220 10217 10218
f 10221 10219 10220
f 10224 10223 10222
f 10222 10223 10207
f 10205 10222 10207
f 10225 10222 10205
f 10226 10205 10208
f 10225 10205 10226
f 10227 10208 10209
f 10226 10208 10227
f 10209 10210 10228
f 10229 10209 10228
f 10227 10209 10229
f 10231 10230 10229
f 10231 10229 10228
f 10233 10232 10230
f 10233 10230 10231
f 10235 10234 10232
f 10235 10232 10233
f 10234 10235 10213
f 10234 10213 10211
f 9860 10234 10211
f 9859 9860 10211
f 9859 10211 9861
f 9861 10211 10214
f 9861 10214 9854
f 10217 9863 9857
f 9863 10217 9864
f 10217 10236 9864
f 10217 10219 10236
f 10219 10221 10237
f 10238 10219 10237
f 10236 10219 10238
f 10240 10239 10238
f 10240 10238 10237
f 10242 10241 10239
f 10242 10239 10240
f 10243 10241 10242
f 10245 10244 9866
f 10245 9866 9867
f 10222 9869 10224
f 9869 10244 10224
f 9869 9866 10244
f 9869 10222 9871
f 9871 10222 10225
f 9871 10225 9873
f 9873 10225 10226
f 9873 10226 9874
f 10226 10246 9874
f 10226 10227 10246
f 9877 10246 9876
f 10246 10229 9876
f 10246 10227 10229
f 9876 10229 9879
f 9879 10229 10230
f 9879 10230 9881
f 9881 10230 10232
f 9881 10232 9882
f 9882 10232 10234
f 9882 10234 9860
f 10236 9884 9864
f 9884 10236 9886
f 9886 10236 10238
f 9886 10238 9888
f 9888 10238 10239
f 9888 10239 9890
f 9890 10239 10241
f 10243 10247 10241
f 10247 9890 10241
f 10247 9892 9890
f 9892 10248 9894
f 10247 10248 9892
f 9894 10249 9896
f 10248 10249 9894
f 9896 10250 9898
f 10249 10250 9896
f 9898 10251 9900
f 10250 10251 9898
f 9900 10252 9902
f 10251 10252 9900
f 9902 10253 9903
f 10252 10253 9902
f 9867 9903 10245
f 10245 9903 10253
f 10246 9905 9874
f 9905 10246 9877
f 10254 9909 9910
f 9911 10255 9910
f 9910 10255 10254
f 9912 10256 9911
f 9911 10256 10255
f 9914 10256 9912
f 10257 9915 10254
f 10254 9915 9909
f 10255 10259 10258
f 10257 10255 10258
f 10254 10255 10257
f 10259 10255 10256
f 10259 10256 10260
f 10262 10260 10261
f 10261 10260 9916
f 10260 10256 9916
f 10256 9914 9916
f 9918 10261 9916
f 10264 10263 10257
f 10263 9915 10257
f 10263 9919 9915
f 10264 10257 10258
f 10265 10262 10261
f 10265 10261 9918
f 9920 10265 9918
f 10266 10265 9920
f 10268 10266 10267
f 10266 9921 10267
f 10266 9920 9921
f 9922 10267 9921
f 10263 9923 9919
f 10269 9923 10263
f 10270 10268 10267
f 10267 9922 10270
f 9922 10271 10270
f 9922 9925 10271
f 10269 9926 9923
f 10272 9926 10269
f 9925 9927 10273
f 10274 9925 10273
f 10271 9925 10274
f 9929 10273 9927
f 10276 10275 9933
f 9933 10275 9932
f 9933 9926 10272
f 9933 10272 10276
f 10277 10274 10273
f 10279 10277 10278
f 10278 10277 9934
f 10277 10273 9934
f 10273 9929 9934
f 9935 10278 9934
f 10275 9939 9932
f 10280 9939 10275
f 10281 10279 10278
f 10283 10281 10282
f 10282 10281 9940
f 10281 10278 9940
f 10278 9935 9940
f 9941 10284 9940
f 9940 10284 10282
f 9943 10284 9941
f 10280 9946 9939
f 10285 9946 10280
f 10286 10283 10282
f 10288 10287 10286
f 10282 10288 10286
f 10284 10288 10282
f 9947 10289 9943
f 10289 10284 9943
f 10289 10288 10284
f 9948 10290 9947
f 9947 10290 10289
f 9949 10290 9948
f 10293 10292 10291
f 10285 10293 10291
f 9951 10285 10291
f 9946 10285 9951
f 10294 10287 10288
f 10294 10288 10289
f 10294 10289 10295
f 10295 10289 10290
f 10295 10290 10296
f 10290 9949 10296
f 9949 10297 10296
f 9949 9953 10297
f 10291 10292 10298
f 10298 10292 10299
f 10298 9954 9951
f 10298 9951 10291
f 9953 9955 10300
f 10301 9953 10300
f 10297 9953 10301
f 9956 10300 9955
f 10304 10303 10302
f 10304 10302 10299
f 10299 10302 10298
f 10302 9958 10298
f 9958 9959 10298
f 10298 9959 9954
f 10301 10300 10305
f 10301 10305 10306
f 9960 10305 9956
f 9956 10305 10300
f 10309 10308 10307
f 10307 10310 10309
f 10302 10303 10311
f 10311 10303 10312
f 10311 9962 9958
f 10311 9958 10302
f 10313 10306 10305
f 10305 9960 10313
f 9960 10314 10313
f 9960 9963 10314
f 10317 10316 10315
f 10317 10315 10308
f 10315 10307 10308
f 10315 10318 10307
f 10310 10307 10319
f 10307 10320 10319
f 10307 10318 10320
f 10322 10321 10320
f 10320 10321 10319
f 10322 10323 10321
f 10326 10325 10324
f 10326 10324 10312
f 10324 10311 10312
f 10324 10327 10311
f 10327 9965 9962
f 10327 9962 10311
f 10328 10314 9963
f 10328 9963 9966
f 9966 9968 10328
f 10328 9968 10329
f 10332 10331 10330
f 10332 10330 10316
f 10316 10330 10315
f 10330 9970 10315
f 9970 9971 10315
f 10315 9971 9972
f 10315 9972 10318
f 10318 9972 9974
f 10333 10318 9974
f 10320 10318 10333
f 10320 10334 10322
f 10320 10333 10334
f 10323 10322 10335
f 10335 10322 10334
f 10325 10336 10324
f 10338 10337 10336
f 10337 10324 10336
f 10337 10327 10324
f 10337 9976 9965
f 10337 9965 10327
f 9978 10340 10339
f 10329 9978 10339
f 9968 9978 10329
f 10340 10341 10339
f 10330 10331 9981
f 10331 9980 9981
f 10331 10342 9980
f 10330 9981 9970
f 9983 10343 10333
f 9983 10333 9974
f 10345 10334 10344
f 10334 10343 10344
f 10334 10333 10343
f 10334 10345 10335
f 10337 10338 10346
f 10346 10338 10347
f 10348 9985 9976
f 10337 10348 9976
f 10346 10348 10337
f 10348 9987 9985
f 9988 10349 10340
f 9988 10340 9978
f 10341 10340 10350
f 10350 10340 10349
f 10352 10351 9994
f 9994 10351 9993
f 9994 9980 10342
f 9994 10342 10352
f 9996 10343 9983
f 9996 9998 10343
f 9998 10344 10343
f 9998 10353 10344
f 10346 10347 10354
f 10354 10347 10355
f 10346 10356 10348
f 10346 10354 10356
f 10356 10000 9987
f 10356 9987 10348
f 10002 10357 10349
f 10002 10349 9988
f 10350 10349 10358
f 10358 10349 10357
f 10359 10005 10006
f 10007 10360 10006
f 10006 10360 10359
f 10008 10361 10007
f 10007 10361 10360
f 10010 10361 10008
f 10351 10012 9993
f 10362 10012 10351
f 10014 10353 9998
f 10014 10363 10353
f 10355 10364 10354
f 10366 10365 10364
f 10365 10354 10364
f 10365 10356 10354
f 10365 10017 10000
f 10365 10000 10356
f 10018 10357 10002
f 10018 10020 10357
f 10020 10358 10357
f 10020 10367 10358
f 10368 10021 10022
f 10023 10369 10022
f 10022 10369 10368
f 10370 10369 10023
f 10370 10023 10005
f 10371 10370 10005
f 10359 10371 10005
f 10371 10359 10360
f 10371 10360 10372
f 10372 10360 10361
f 10372 10361 10373
f 10375 10373 10374
f 10374 10373 10024
f 10373 10361 10024
f 10361 10010 10024
f 10025 10374 10024
f 10377 10376 10027
f 10027 10376 10026
f 10027 10012 10362
f 10027 10362 10377
f 10380 10379 10378
f 10381 10378 10028
f 10378 10363 10028
f 10363 10014 10028
f 10363 10378 10379
f 10029 10381 10028
f 10365 10366 10382
f 10382 10366 10383
f 10382 10033 10017
f 10382 10017 10365
f 10384 10367 10020
f 10384 10020 10034
f 10034 10021 10368
f 10385 10034 10368
f 10384 10034 10385
f 10385 10368 10369
f 10385 10369 10386
f 10386 10369 10370
f 10387 10375 10374
f 10374 10025 10387
f 10025 10388 10387
f 10025 10035 10388
f 10390 10389 10037
f 10037 10389 10036
f 10037 10026 10376
f 10037 10376 10390
f 10380 10378 10391
f 10380 10391 10392
f 10393 10378 10381
f 10391 10378 10393
f 10038 10394 10029
f 10394 10381 10029
f 10394 10393 10381
f 10039 10394 10038
f 10382 10383 10043
f 10383 10042 10043
f 10383 10395 10042
f 10382 10043 10033
f 10044 10388 10035
f 10044 10396 10388
f 10389 10045 10036
f 10397 10045 10389
f 10398 10392 10391
f 10400 10399 10398
f 10391 10400 10398
f 10393 10400 10391
f 10401 10393 10394
f 10400 10393 10401
f 10046 10402 10039
f 10402 10394 10039
f 10402 10401 10394
f 10402 10046 10403
f 10046 10404 10403
f 10046 10047 10404
f 10405 10047 10048
f 10405 10404 10047
f 10048 10042 10395
f 10048 10395 10405
f 10049 10396 10044
f 10049 10406 10396
f 10397 10050 10045
f 10407 10050 10397
f 10408 10399 10400
f 10408 10400 10401
f 10408 10401 10409
f 10409 10401 10402
f 10409 10402 10410
f 10410 10402 10403
f 10052 10411 10051
f 10411 10412 10051
f 10412 10049 10051
f 10412 10406 10049
f 10414 10413 10054
f 10054 10413 10053
f 10054 10050 10407
f 10054 10407 10414
f 10055 10411 10052
f 10415 10412 10411
f 10055 10415 10411
f 10056 10415 10055
f 10056 10057 10415
f 10415 10057 10416
f 10413 10058 10053
f 10417 10058 10413
f 10059 10416 10057
f 10059 10418 10416
f 10417 10060 10058
f 10419 10060 10417
f 10420 10418 10059
f 10420 10059 10061
f 10061 10062 10420
f 10420 10062 10421
f 10419 10063 10060
f 10422 10063 10419
f 10064 10421 10062
f 10064 10423 10421
f 10425 10424 10067
f 10067 10424 10066
f 10426 10067 10068
f 10426 10425 10067
f 10068 10063 10422
f 10068 10422 10426
f 10069 10423 10064
f 10069 10427 10423
f 10428 10070 10071
f 10429 10428 10071
f 10066 10429 10071
f 10424 10429 10066
f 10073 10427 10069
f 10073 10430 10427
f 10431 10074 10428
f 10428 10074 10070
f 10428 10429 10432
f 10428 10432 10431
f 10076 10430 10073
f 10076 10433 10430
f 10431 10077 10074
f 10079 10077 10431
f 10432 10079 10431
f 10434 10079 10432
f 10081 10435 10080
f 10435 10436 10080
f 10436 10076 10080
f 10436 10433 10076
f 10434 10083 10079
f 10437 10083 10434
f 10439 10438 10435
f 10081 10439 10435
f 10084 10439 10081
f 10435 10438 10436
f 10440 10085 10086
f 10441 10440 10086
f 10083 10441 10086
f 10437 10441 10083
f 10087 10439 10084
f 10087 10442 10439
f 10440 10088 10085
f 10090 10088 10440
f 10441 10090 10440
f 10443 10090 10441
f 10444 10442 10087
f 10444 10087 10091
f 10091 10093 10444
f 10444 10093 10445
f 10446 10094 10095
f 10447 10446 10095
f 10090 10447 10095
f 10443 10447 10090
f 10097 10445 10093
f 10097 10448 10445
f 10449 10098 10446
f 10446 10098 10094
f 10446 10447 10450
f 10446 10450 10449
f 10100 10451 10099
f 10451 10452 10099
f 10452 10097 10099
f 10452 10448 10097
f 10449 10101 10098
f 10103 10101 10449
f 10450 10103 10449
f 10453 10103 10450
f 10455 10454 10451
f 10100 10455 10451
f 10105 10455 10100
f 10451 10454 10452
f 10453 10107 10103
f 10456 10107 10453
f 10109 10457 10110
f 10457 10458 10110
f 10458 10105 10110
f 10458 10455 10105
f 10456 10112 10107
f 10459 10112 10456
f 10115 10460 10116
f 10460 10461 10116
f 10116 10461 10109
f 10461 10462 10109
f 10462 10457 10109
f 10457 10462 10458
f 10459 10118 10112
f 10463 10118 10459
f 10122 10464 10123
f 10464 10465 10123
f 10123 10465 10115
f 10465 10466 10115
f 10466 10460 10115
f 10460 10466 10461
f 10467 10124 10125
f 10468 10467 10125
f 10118 10468 10125
f 10463 10468 10118
f 10130 10469 10464
f 10130 10464 10122
f 10465 10464 10470
f 10470 10464 10469
f 10471 10131 10467
f 10467 10131 10124
f 10467 10468 10472
f 10467 10472 10471
f 10474 10473 10469
f 10130 10474 10469
f 10136 10474 10130
f 10469 10473 10470
f 10475 10137 10471
f 10471 10137 10131
f 10471 10472 10476
f 10471 10476 10475
f 10139 10477 10138
f 10477 10478 10138
f 10478 10136 10138
f 10478 10474 10136
f 10479 10140 10475
f 10475 10140 10137
f 10475 10476 10480
f 10475 10480 10479
f 10141 10481 10477
f 10141 10477 10139
f 10478 10477 10482
f 10482 10477 10481
f 10483 10142 10479
f 10479 10142 10140
f 10479 10480 10484
f 10479 10484 10483
f 10143 10481 10141
f 10143 10144 10481
f 10144 10482 10481
f 10144 10485 10482
f 10483 10145 10142
f 10147 10145 10483
f 10484 10147 10483
f 10486 10147 10484
f 10487 10485 10144
f 10487 10144 10148
f 10148 10149 10487
f 10487 10149 10488
f 10486 10150 10147
f 10489 10150 10486
f 10151 10488 10149
f 10151 10490 10488
f 10492 10152 10491
f 10152 10489 10491
f 10152 10150 10489
f 10493 10492 10491
f 10154 10490 10151
f 10154 10494 10490
f 10492 10155 10152
f 10157 10155 10492
f 10493 10157 10492
f 10495 10157 10493
f 10497 10496 10158
f 10497 10158 10159
f 10154 10158 10494
f 10494 10158 10496
f 10499 10160 10498
f 10160 10495 10498
f 10160 10157 10495
f 10500 10499 10498
f 10162 10497 10159
f 10162 10501 10497
f 10499 10163 10160
f 10503 10502 10165
f 10503 10165 10163
f 10500 10503 10163
f 10499 10500 10163
f 10504 10502 10503
f 10506 10505 10166
f 10506 10166 10167
f 10162 10166 10501
f 10501 10166 10505
f 10507 10168 10502
f 10502 10168 10165
f 10502 10504 10508
f 10502 10508 10507
f 10510 10509 10169
f 10510 10169 10170
f 10167 10169 10506
f 10506 10169 10509
f 10507 10171 10168
f 10512 10511 10173
f 10512 10173 10171
f 10508 10512 10171
f 10507 10508 10171
f 10513 10511 10512
f 10515 10514 10175
f 10515 10175 10176
f 10170 10175 10510
f 10510 10175 10514
f 10511 10178 10173
f 10517 10516 10179
f 10517 10179 10178
f 10513 10517 10178
f 10511 10513 10178
f 10518 10516 10517
f 10521 10520 10519
f 10523 10522 10519
f 10523 10519 10520
f 10524 10522 10523
f 10527 10526 10525
f 10180 10181 10525
f 10526 10180 10525
f 10528 10180 10526
f 10176 10180 10515
f 10515 10180 10528
f 10516 10183 10179
f 10530 10529 10185
f 10530 10185 10183
f 10518 10530 10183
f 10516 10518 10183
f 10531 10529 10530
f 10521 10519 10187
f 10188 10521 10187
f 10532 10521 10188
f 10187 10519 10189
f 10519 10533 10189
f 10519 10522 10533
f 10522 10524 10534
f 10535 10522 10534
f 10533 10522 10535
f 10537 10536 10535
f 10537 10535 10534
f 10538 10536 10537
f 10541 10540 10539
f 10190 10191 10539
f 10540 10190 10539
f 10542 10190 10540
f 10525 10192 10527
f 10192 10542 10527
f 10192 10190 10542
f 10192 10525 10181
f 10543 10194 10529
f 10529 10194 10185
f 10529 10531 10544
f 10545 10529 10544
f 10543 10529 10545
f 10546 10545 10544
f 10549 10548 10547
f 10548 10532 10547
f 10532 10196 10547
f 10532 10188 10196
f 10533 10197 10189
f 10197 10533 10199
f 10533 10550 10199
f 10533 10535 10550
f 10551 10535 10536
f 10550 10535 10551
f 10536 10538 10552
f 10536 10552 10551
f 10555 10554 10553
f 10557 10556 10553
f 10557 10553 10554
f 10559 10558 10556
f 10559 10556 10557
f 10558 10559 10541
f 10558 10541 10539
f 10201 10558 10539
f 10200 10201 10539
f 10200 10539 10191
f 10543 10203 10194
f 10203 10543 10204
f 10543 10560 10204
f 10543 10545 10560
f 10545 10546 10561
f 10562 10545 10561
f 10560 10545 10562
f 10563 10562 10561
f 10549 10547 10206
f 10207 10549 10206
f 10564 10549 10207
f 10206 10547 10196
f 10565 10210 10550
f 10550 10210 10199
f 10566 10550 10551
f 10565 10550 10566
f 10551 10552 10567
f 10568 10551 10567
f 10566 10551 10568
f 10570 10569 10568
f 10570 10568 10567
f 10569 10570 10555
f 10569 10555 10553
f 10213 10569 10553
f 10212 10213 10553
f 10212 10553 10215
f 10215 10553 10556
f 10215 10556 10216
f 10216 10556 10558
f 10216 10558 10201
f 10560 10218 10204
f 10218 10560 10220
f 10220 10560 10562
f 10572 10571 10221
f 10572 10221 10220
f 10563 10572 10220
f 10562 10563 10220
f 10574 10573 10571
f 10574 10571 10572
f 10576 10575 10573
f 10576 10573 10574
f 10577 10575 10576
f 10580 10579 10578
f 10223 10224 10578
f 10579 10223 10578
f 10581 10223 10579
f 10207 10223 10564
f 10564 10223 10581
f 10565 10228 10210
f 10228 10565 10231
f 10231 10565 10566
f 10231 10566 10233
f 10233 10566 10568
f 10233 10568 10235
f 10235 10568 10569
f 10235 10569 10213
f 10571 10237 10221
f 10237 10571 10240
f 10240 10571 10573
f 10240 10573 10242
f 10242 10573 10575
f 10583 10582 10243
f 10583 10243 10242
f 10577 10583 10242
f 10575 10577 10242
f 10585 10584 10582
f 10585 10582 10583
f 10587 10586 10584
f 10587 10584 10585
f 10589 10588 10586
f 10589 10586 10587
f 10591 10590 10588
f 10591 10588 10589
f 10593 10592 10590
f 10593 10590 10591
f 10595 10594 10592
f 10595 10592 10593
f 10594 10595 10580
f 10594 10580 10578
f 10245 10594 10578
f 10244 10245 10578
f 10244 10578 10224
f 10582 10247 10243
f 10247 10582 10248
f 10248 10582 10584
f 10248 10584 10249
f 10249 10584 10586
f 10249 10586 10250
f 10250 10586 10588
f 10250 10588 10251
f 10251 10588 10590
f 10251 10590 10252
f 10252 10590 10592
f 10252 10592 10253
f 10253 10592 10594
f 10253 10594 10245
f 10596 10258 10259
f 10260 10597 10259
f 10259 10597 10596
f 10262 10597 10260
f 10598 10263 10264
f 10599 10598 10264
f 10599 10264 10258
f 10600 10599 10258
f 10596 10600 10258
f 10600 10596 10597
f 10600 10597 10601
f 10601 10597 10262
f 10265 10601 10262
f 10602 10601 10265
f 10604 10602 10603
f 10602 10266 10603
f 10602 10265 10266
f 10268 10603 10266
f 10605 10269 10598
f 10598 10269 10263
f 10598 10599 10606
f 10598 10606 10605
f 10607 10604 10603
f 10609 10607 10608
f 10608 10607 10270
f 10607 10603 10270
f 10603 10268 10270
f 10271 10608 10270
f 10611 10610 10605
f 10610 10269 10605
f 10610 10272 10269
f 10611 10605 10606
f 10612 10609 10608
f 10608 10271 10612
f 10271 10613 10612
f 10271 10274 10613
f 10614 10275 10276
f 10615 10614 10276
f 10272 10615 10276
f 10610 10615 10272
f 10274 10277 10616
f 10617 10274 10616
f 10613 10274 10617
f 10279 10616 10277
f 10619 10618 10614
f 10618 10275 10614
f 10618 10280 10275
f 10619 10614 10615
f 10620 10617 10616
f 10622 10620 10621
f 10621 10620 10281
f 10620 10616 10281
f 10616 10279 10281
f 10283 10621 10281
f 10625 10624 10623
f 10618 10625 10623
f 10285 10618 10623
f 10280 10618 10285
f 10622 10621 10626
f 10622 10626 10627
f 10286 10628 10283
f 10628 10621 10283
f 10628 10626 10621
f 10287 10628 10286
f 10631 10630 10629
f 10631 10629 10624
f 10624 10629 10623
f 10629 10292 10623
f 10292 10293 10623
f 10623 10293 10285
f 10632 10627 10626
f 10634 10633 10632
f 10626 10634 10632
f 10628 10634 10626
f 10294 10635 10287
f 10635 10628 10287
f 10635 10634 10628
f 10295 10636 10294
f 10294 10636 10635
f 10296 10637 10295
f 10295 10637 10636
f 10297 10637 10296
f 10640 10639 10638
f 10640 10638 10630
f 10638 10629 10630
f 10638 10641 10629
f 10641 10299 10292
f 10641 10292 10629
f 10642 10633 10634
f 10644 10643 10642
f 10634 10644 10642
f 10635 10644 10634
f 10645 10635 10636
f 10644 10635 10645
f 10646 10636 10637
f 10645 10636 10646
f 10301 10646 10297
f 10297 10646 10637
f 10649 10648 10647
f 10649 10647 10639
f 10647 10638 10639
f 10647 10650 10638
f 10650 10303 10304
f 10641 10650 10304
f 10638 10650 10641
f 10641 10304 10299
f 10651 10643 10644
f 10651 10644 10645
f 10651 10645 10652
f 10654 10653 10652
f 10645 10654 10652
f 10646 10654 10645
f 10306 10654 10301
f 10301 10654 10646
f 10657 10656 10655
f 10308 10309 10655
f 10309 10657 10655
f 10309 10658 10657
f 10660 10659 10310
f 10659 10309 10310
f 10659 10658 10309
f 10662 10661 10660
f 10660 10661 10659
f 10664 10663 10662
f 10662 10663 10661
f 10663 10664 10648
f 10664 10647 10648
f 10664 10665 10647
f 10647 10666 10650
f 10647 10665 10666
f 10666 10312 10303
f 10666 10303 10650
f 10667 10653 10654
f 10667 10654 10306
f 10313 10667 10306
f 10668 10667 10313
f 10313 10314 10668
f 10668 10314 10669
f 10655 10656 10317
f 10656 10316 10317
f 10656 10670 10316
f 10655 10317 10308
f 10319 10660 10310
f 10660 10319 10321
f 10660 10321 10662
f 10662 10321 10323
f 10671 10662 10323
f 10664 10662 10671
f 10664 10672 10665
f 10664 10671 10672
f 10672 10325 10326
f 10666 10672 10326
f 10665 10672 10666
f 10666 10326 10312
f 10673 10669 10314
f 10673 10314 10328
f 10328 10329 10673
f 10673 10329 10674
f 10676 10675 10332
f 10332 10675 10331
f 10332 10316 10670
f 10332 10670 10676
f 10335 10677 10671
f 10335 10671 10323
f 10671 10678 10672
f 10671 10677 10678
f 10679 10336 10325
f 10672 10679 10325
f 10678 10679 10672
f 10679 10338 10336
f 10680 10674 10329
f 10680 10329 10339
f 10339 10341 10680
f 10680 10341 10681
f 10675 10342 10331
f 10682 10342 10675
f 10344 10683 10345
f 10677 10335 10345
f 10683 10677 10345
f 10684 10677 10683
f 10677 10685 10678
f 10677 10684 10685
f 10678 10686 10679
f 10678 10685 10686
f 10686 10347 10338
f 10686 10338 10679
f 10350 10681 10341
f 10350 10687 10681
f 10689 10688 10352
f 10352 10688 10351
f 10352 10342 10682
f 10352 10682 10689
f 10353 10690 10683
f 10353 10683 10344
f 10683 10691 10684
f 10683 10690 10691
f 10684 10692 10685
f 10684 10691 10692
f 10685 10693 10686
f 10685 10692 10693
f 10693 10355 10347
f 10693 10347 10686
f 10358 10687 10350
f 10358 10694 10687
f 10688 10362 10351
f 10695 10362 10688
f 10363 10696 10690
f 10363 10690 10353
f 10698 10691 10697
f 10691 10696 10697
f 10691 10690 10696
f 10700 10699 10698
f 10699 10691 10698
f 10699 10692 10691
f 10692 10701 10693
f 10692 10699 10701
f 10702 10364 10355
f 10693 10702 10355
f 10701 10702 10693
f 10702 10366 10364
f 10367 10694 10358
f 10367 10703 10694
f 10704 10370 10371
f 10372 10705 10371
f 10371 10705 10704
f 10373 10706 10372
f 10372 10706 10705
f 10375 10706 10373
f 10708 10707 10377
f 10377 10707 10376
f 10377 10362 10695
f 10377 10695 10708
f 10380 10709 10379
f 10709 10710 10379
f 10379 10710 10363
f 10710 10711 10363
f 10711 10696 10363
f 10696 10711 10697
f 10699 10700 10712
f 10712 10700 10713
f 10699 10714 10701
f 10699 10712 10714
f 10701 10715 10702
f 10701 10714 10715
f 10715 10383 10366
f 10715 10366 10702
f 10716 10703 10367
f 10716 10367 10384
f 10717 10384 10385
f 10717 10716 10384
f 10719 10717 10718
f 10717 10386 10718
f 10717 10385 10386
f 10720 10718 10386
f 10720 10386 10370
f 10721 10720 10370
f 10704 10721 10370
f 10721 10704 10705
f 10721 10705 10722
f 10722 10705 10706
f 10722 10706 10723
f 10725 10723 10724
f 10724 10723 10387
f 10723 10706 10387
f 10706 10375 10387
f 10388 10724 10387
f 10726 10389 10390
f 10727 10726 10390
f 10376 10727 10390
f 10707 10727 10376
f 10729 10728 10709
f 10380 10729 10709
f 10392 10729 10380
f 10709 10728 10710
f 10713 10730 10712
f 10732 10731 10730
f 10731 10712 10730
f 10731 10714 10712
f 10714 10733 10715
f 10714 10731 10733
f 10733 10395 10383
f 10733 10383 10715
f 10734 10719 10718
f 10734 10718 10720
f 10735 10725 10724
f 10724 10388 10735
f 10388 10736 10735
f 10388 10396 10736
f 10738 10737 10726
f 10737 10389 10726
f 10737 10397 10389
f 10738 10726 10727
f 10392 10398 10739
f 10740 10392 10739
f 10729 10392 10740
f 10399 10739 10398
f 10731 10732 10404
f 10732 10403 10404
f 10732 10741 10403
f 10731 10404 10405
f 10731 10405 10733
f 10733 10405 10395
f 10406 10736 10396
f 10406 10742 10736
f 10737 10407 10397
f 10743 10407 10737
f 10744 10740 10739
f 10746 10744 10745
f 10745 10744 10408
f 10744 10739 10408
f 10739 10399 10408
f 10409 10747 10408
f 10408 10747 10745
f 10747 10409 10748
f 10409 10749 10748
f 10409 10410 10749
f 10410 10403 10741
f 10410 10741 10749
f 10412 10742 10406
f 10412 10750 10742
f 10752 10751 10414
f 10414 10751 10413
f 10414 10407 10743
f 10414 10743 10752
f 10753 10746 10745
f 10753 10745 10747
f 10753 10747 10754
f 10754 10747 10748
f 10412 10415 10755
f 10756 10412 10755
f 10750 10412 10756
f 10416 10755 10415
f 10751 10417 10413
f 10757 10417 10751
f 10758 10756 10755
f 10755 10416 10758
f 10416 10759 10758
f 10416 10418 10759
f 10757 10419 10417
f 10760 10419 10757
f 10761 10759 10418
f 10761 10418 10420
f 10420 10421 10761
f 10761 10421 10762
f 10760 10422 10419
f 10763 10422 10760
f 10423 10762 10421
f 10423 10764 10762
f 10766 10765 10425
f 10425 10765 10424
f 10767 10425 10426
f 10767 10766 10425
f 10426 10422 10763
f 10426 10763 10767
f 10427 10764 10423
f 10427 10768 10764
f 10765 10429 10424
f 10769 10429 10765
f 10430 10768 10427
f 10430 10770 10768
f 10769 10432 10429
f 10771 10432 10769
f 10433 10770 10430
f 10433 10772 10770
f 10771 10434 10432
f 10773 10434 10771
f 10436 10772 10433
f 10436 10774 10772
f 10773 10437 10434
f 10775 10437 10773
f 10439 10776 10438
f 10776 10777 10438
f 10777 10436 10438
f 10777 10774 10436
f 10775 10441 10437
f 10778 10441 10775
f 10442 10779 10776
f 10442 10776 10439
f 10777 10776 10780
f 10780 10776 10779
f 10778 10443 10441
f 10781 10443 10778
f 10444 10779 10442
f 10444 10445 10779
f 10445 10780 10779
f 10445 10782 10780
f 10784 10447 10783
f 10447 10781 10783
f 10447 10443 10781
f 10785 10784 10783
f 10448 10782 10445
f 10448 10786 10782
f 10787 10450 10784
f 10784 10450 10447
f 10784 10785 10788
f 10784 10788 10787
f 10452 10786 10448
f 10452 10789 10786
f 10790 10453 10787
f 10787 10453 10450
f 10787 10788 10791
f 10787 10791 10790
f 10793 10792 10454
f 10793 10454 10455
f 10452 10454 10789
f 10789 10454 10792
f 10794 10456 10790
f 10790 10456 10453
f 10790 10791 10795
f 10790 10795 10794
f 10458 10793 10455
f 10458 10796 10793
f 10798 10797 10794
f 10797 10456 10794
f 10797 10459 10456
f 10798 10794 10795
f 10800 10799 10462
f 10800 10462 10461
f 10458 10462 10796
f 10796 10462 10799
f 10797 10463 10459
f 10801 10463 10797
f 10803 10802 10466
f 10803 10466 10465
f 10461 10466 10800
f 10800 10466 10802
f 10801 10468 10463
f 10804 10468 10801
f 10470 10803 10465
f 10470 10805 10803
f 10804 10472 10468
f 10806 10472 10804
f 10474 10807 10473
f 10807 10808 10473
f 10808 10470 10473
f 10808 10805 10470
f 10806 10476 10472
f 10809 10476 10806
f 10811 10810 10807
f 10474 10811 10807
f 10478 10811 10474
f 10807 10810 10808
f 10809 10480 10476
f 10812 10480 10809
f 10482 10811 10478
f 10482 10813 10811
f 10812 10484 10480
f 10814 10484 10812
f 10485 10816 10815
f 10813 10485 10815
f 10482 10485 10813
f 10816 10817 10815
f 10819 10486 10818
f 10486 10814 10818
f 10486 10484 10814
f 10820 10819 10818
f 10487 10816 10485
f 10487 10488 10816
f 10488 10817 10816
f 10488 10821 10817
f 10822 10489 10819
f 10819 10489 10486
f 10819 10820 10823
f 10819 10823 10822
f 10490 10821 10488
f 10490 10824 10821
f 10822 10491 10489
f 10826 10825 10493
f 10826 10493 10491
f 10823 10826 10491
f 10822 10823 10491
f 10827 10825 10826
f 10494 10824 10490
f 10494 10828 10824
f 10829 10495 10825
f 10825 10495 10493
f 10825 10827 10830
f 10825 10830 10829
f 10832 10831 10496
f 10832 10496 10497
f 10494 10496 10828
f 10828 10496 10831
f 10829 10498 10495
f 10834 10833 10500
f 10834 10500 10498
f 10830 10834 10498
f 10829 10830 10498
f 10835 10833 10834
f 10501 10832 10497
f 10501 10836 10832
f 10833 10503 10500
f 10504 10503 10833
f 10835 10504 10833
f 10837 10504 10835
f 10839 10838 10505
f 10839 10505 10506
f 10501 10505 10836
f 10836 10505 10838
f 10841 10508 10840
f 10508 10837 10840
f 10508 10504 10837
f 10842 10841 10840
f 10844 10843 10509
f 10844 10509 10510
f 10506 10509 10839
f 10839 10509 10843
f 10841 10512 10508
f 10846 10845 10513
f 10846 10513 10512
f 10842 10846 10512
f 10841 10842 10512
f 10847 10845 10846
f 10850 10849 10848
f 10514 10515 10848
f 10849 10514 10848
f 10851 10514 10849
f 10510 10514 10844
f 10844 10514 10851
f 10845 10517 10513
f 10853 10852 10518
f 10853 10518 10517
f 10847 10853 10517
f 10845 10847 10517
f 10854 10852 10853
f 10856 10855 10520
f 10856 10520 10521
f 10520 10857 10523
f 10855 10857 10520
f 10859 10858 10524
f 10523 10859 10524
f 10857 10859 10523
f 10861 10860 10858
f 10861 10858 10859
f 10863 10862 10860
f 10863 10860 10861
f 10864 10862 10863
f 10867 10866 10865
f 10526 10527 10865
f 10866 10526 10865
f 10868 10526 10866
f 10848 10528 10850
f 10528 10868 10850
f 10528 10526 10868
f 10528 10848 10515
f 10852 10530 10518
f 10870 10869 10531
f 10870 10531 10530
f 10854 10870 10530
f 10852 10854 10530
f 10871 10869 10870
f 10874 10873 10872
f 10873 10856 10872
f 10856 10532 10872
f 10856 10521 10532
f 10858 10534 10524
f 10534 10858 10537
f 10537 10858 10860
f 10537 10860 10538
f 10860 10875 10538
f 10860 10862 10875
f 10862 10864 10876
f 10877 10862 10876
f 10875 10862 10877
f 10879 10878 10877
f 10879 10877 10876
f 10881 10880 10878
f 10881 10878 10879
f 10883 10882 10880
f 10883 10880 10881
f 10540 10541 10882
f 10883 10540 10882
f 10884 10540 10883
f 10865 10542 10867
f 10542 10884 10867
f 10542 10540 10884
f 10542 10865 10527
f 10869 10544 10531
f 10886 10885 10546
f 10886 10546 10544
f 10871 10886 10544
f 10869 10871 10544
f 10887 10885 10886
f 10874 10872 10548
f 10549 10874 10548
f 10888 10874 10549
f 10548 10872 10532
f 10889 10552 10875
f 10875 10552 10538
f 10890 10875 10877
f 10889 10875 10890
f 10555 10890 10554
f 10890 10878 10554
f 10890 10877 10878
f 10554 10878 10557
f 10557 10878 10880
f 10557 10880 10559
f 10559 10880 10882
f 10559 10882 10541
f 10885 10561 10546
f 10892 10891 10563
f 10892 10563 10561
f 10887 10892 10561
f 10885 10887 10561
f 10894 10893 10891
f 10894 10891 10892
f 10896 10895 10893
f 10896 10893 10894
f 10897 10895 10896
f 10900 10899 10898
f 10902 10901 10898
f 10902 10898 10899
f 10902 10888 10901
f 10888 10564 10901
f 10888 10549 10564
f 10889 10567 10552
f 10567 10889 10570
f 10570 10889 10890
f 10570 10890 10555
f 10891 10572 10563
f 10572 10891 10574
f 10574 10891 10893
f 10574 10893 10576
f 10576 10893 10895
f 10904 10903 10577
f 10904 10577 10576
f 10897 10904 10576
f 10895 10897 10576
f 10906 10905 10903
f 10906 10903 10904
f 10908 10907 10905
f 10908 10905 10906
f 10910 10909 10907
f 10910 10907 10908
f 10912 10911 10909
f 10912 10909 10910
f 10914 10913 10911
f 10914 10911 10912
f 10916 10915 10913
f 10916 10913 10914
f 10915 10916 10900
f 10915 10900 10898
f 10580 10915 10898
f 10579 10580 10898
f 10579 10898 10581
f 10581 10898 10901
f 10581 10901 10564
f 10903 10583 10577
f 10583 10903 10585
f 10585 10903 10905
f 10585 10905 10587
f 10587 10905 10907
f 10587 10907 10589
f 10589 10907 10909
f 10589 10909 10591
f 10591 10909 10911
f 10591 10911 10593
f 10593 10911 10913
f 10593 10913 10595
f 10595 10913 10915
f 10595 10915 10580
f 10917 10599 10600
f 10601 10918 10600
f 10600 10918 10917
f 10602 10919 10601
f 10601 10919 10918
f 10604 10919 10602
f 10920 10606 10917
f 10917 10606 10599
f 10918 10922 10921
f 10920 10918 10921
f 10917 10918 10920
f 10922 10918 10919
f 10922 10919 10923
f 10925 10923 10924
f 10924 10923 10607
f 10923 10919 10607
f 10919 10604 10607
f 10609 10924 10607
f 10926 10610 10611
f 10927 10926 10611
f 10927 10611 10606
f 10928 10927 10606
f 10920 10928 10606
f 10928 10920 10921
f 10929 10925 10924
f 10931 10929 10930
f 10930 10929 10612
f 10929 10924 10612
f 10924 10609 10612
f 10613 10930 10612
f 10933 10932 10926
f 10932 10610 10926
f 10932 10615 10610
f 10933 10926 10927
f 10931 10930 10934
f 10931 10934 10935
f 10617 10934 10613
f 10613 10934 10930
f 10937 10936 10619
f 10619 10936 10618
f 10619 10615 10932
f 10619 10932 10937
f 10938 10935 10934
f 10940 10938 10939
f 10939 10938 10620
f 10938 10934 10620
f 10934 10617 10620
f 10622 10939 10620
f 10942 10941 10625
f 10625 10941 10624
f 10625 10618 10936
f 10625 10936 10942
f 10940 10939 10943
f 10940 10943 10944
f 10627 10943 10622
f 10622 10943 10939
f 10946 10945 10631
f 10631 10945 10630
f 10631 10624 10941
f 10631 10941 10946
f 10947 10944 10943
f 10949 10947 10948
f 10948 10947 10632
f 10947 10943 10632
f 10943 10627 10632
f 10633 10948 10632
f 10951 10950 10640
f 10640 10950 10639
f 10640 10630 10945
f 10640 10945 10951
f 10952 10949 10948
f 10954 10952 10953
f 10953 10952 10642
f 10952 10948 10642
f 10948 10633 10642
f 10643 10953 10642
f 10957 10956 10955
f 10959 10958 10955
f 10955 10958 10957
f 10961 10960 10959
f 10959 10960 10958
f 10963 10962 10961
f 10961 10962 10960
f 10965 10964 10963
f 10963 10964 10962
f 10648 10649 10965
f 10649 10964 10965
f 10649 10966 10964
f 10649 10639 10950
f 10649 10950 10966
f 10967 10954 10953
f 10967 10953 10643
f 10651 10967 10643
f 10968 10967 10651
f 10970 10968 10969
f 10968 10652 10969
f 10968 10651 10652
f 10653 10969 10652
f 10955 10956 10657
f 10956 10656 10657
f 10956 10971 10656
f 10955 10657 10658
f 10955 10658 10959
f 10959 10658 10659
f 10959 10659 10961
f 10961 10659 10661
f 10961 10661 10963
f 10963 10661 10663
f 10963 10663 10965
f 10965 10663 10648
f 10972 10970 10969
f 10974 10972 10973
f 10973 10972 10667
f 10972 10969 10667
f 10969 10653 10667
f 10668 10975 10667
f 10667 10975 10973
f 10669 10975 10668
f 10971 10670 10656
f 10976 10670 10971
f 10977 10974 10973
f 10977 10973 10975
f 10977 10975 10978
f 10978 10975 10669
f 10673 10978 10669
f 10979 10978 10673
f 10981 10980 10674
f 10980 10673 10674
f 10980 10979 10673
f 10981 10982 10980
f 10984 10983 10676
f 10676 10983 10675
f 10676 10670 10976
f 10676 10976 10984
f 10680 10981 10674
f 10986 10985 10681
f 10681 10985 10680
f 10985 10982 10680
f 10982 10981 10680
f 10986 10987 10985
f 10983 10682 10675
f 10988 10682 10983
f 10687 10989 10986
f 10687 10986 10681
f 10987 10986 10990
f 10990 10986 10989
f 10991 10688 10689
f 10992 10991 10689
f 10682 10992 10689
f 10988 10992 10682
f 10694 10993 10989
f 10694 10989 10687
f 10990 10989 10994
f 10994 10989 10993
f 10996 10995 10991
f 10995 10688 10991
f 10995 10695 10688
f 10996 10991 10992
f 10697 10997 10698
f 10997 10700 10698
f 10703 10998 10993
f 10703 10993 10694
f 10994 10993 10999
f 10999 10993 10998
f 11000 10707 10708
f 11001 11000 10708
f 10695 11001 10708
f 10995 11001 10695
f 10710 11002 10711
f 10997 10697 10711
f 11002 10997 10711
f 11003 10997 11002
f 11003 10713 10700
f 11003 10700 10997
f 10716 10998 10703
f 11004 10999 10998
f 10716 11004 10998
f 10717 11004 10716
f 10717 10719 11004
f 11004 10719 11005
f 11006 10720 10721
f 10722 11007 10721
f 10721 11007 11006
f 10723 11008 10722
f 10722 11008 11007
f 10725 11008 10723
f 11010 11009 11000
f 11009 10707 11000
f 11009 10727 10707
f 11010 11000 11001
f 10729 11011 10728
f 11002 10710 10728
f 11011 11002 10728
f 11012 11002 11011
f 11002 11013 11003
f 11002 11012 11013
f 11014 10730 10713
f 11003 11014 10713
f 11013 11014 11003
f 11014 10732 10730
f 11015 11005 10719
f 11015 10719 10734
f 10734 10720 11006
f 11016 10734 11006
f 11015 10734 11016
f 11016 11006 11007
f 11016 11007 11017
f 11017 11007 11008
f 11017 11008 11018
f 11020 11018 11019
f 11019 11018 10735
f 11018 11008 10735
f 11008 10725 10735
f 10736 11019 10735
f 11021 10737 10738
f 11022 11021 10738
f 10727 11022 10738
f 11009 11022 10727
f 10740 11023 11011
f 10740 11011 10729
f 11011 11024 11012
f 11011 11023 11024
f 11012 11025 11013
f 11012 11024 11025
f 11013 11026 11014
f 11013 11025 11026
f 11026 10741 10732
f 11026 10732 11014
f 11027 11020 11019
f 11019 10736 11027
f 10736 11028 11027
f 10736 10742 11028
f 11030 11029 11021
f 11029 10737 11021
f 11029 10743 10737
f 11030 11021 11022
f 10744 11023 10740
f 11023 10744 10746
f 11031 11023 10746
f 11024 11023 11031
f 11024 11032 11025
f 11024 11031 11032
f 11032 10748 10749
f 11026 11032 10749
f 11025 11032 11026
f 11026 10749 10741
f 10750 11028 10742
f 10750 11033 11028
f 11035 11034 10752
f 10752 11034 10751
f 10752 10743 11029
f 10752 11029 11035
f 10753 11031 10746
f 11031 10753 10754
f 11031 10754 11032
f 11032 10754 10748
f 10756 11033 10750
f 10756 11036 11033
f 11034 10757 10751
f 11037 10757 11034
f 11038 11036 10756
f 11038 10756 10758
f 10758 10759 11038
f 11038 10759 11039
f 11037 10760 10757
f 11040 10760 11037
f 10759 10761 11041
f 11042 10759 11041
f 11039 10759 11042
f 10762 11041 10761
f 11040 10763 10760
f 11043 10763 11040
f 11044 11042 11041
f 11041 10762 11044
f 10762 11045 11044
f 10762 10764 11045
f 11047 11046 10766
f 10766 11046 10765
f 11048 10766 10767
f 11048 11047 10766
f 10767 10763 11043
f 10767 11043 11048
f 10768 11045 10764
f 10768 11049 11045
f 11046 10769 10765
f 11050 10769 11046
f 10770 11049 10768
f 10770 11051 11049
f 11050 10771 10769
f 11052 10771 11050
f 10772 11051 10770
f 10772 11053 11051
f 11055 10773 11054
f 10773 11052 11054
f 10773 10771 11052
f 11056 11055 11054
f 10774 11053 10772
f 10774 11057 11053
f 11058 10775 11055
f 11055 10775 10773
f 11055 11056 11059
f 11055 11059 11058
f 10777 11057 10774
f 10777 11060 11057
f 11061 10778 11058
f 11058 10778 10775
f 11058 11059 11062
f 11058 11062 11061
f 10780 11060 10777
f 10780 11063 11060
f 11064 10781 11061
f 11061 10781 10778
f 11061 11062 11065
f 11061 11065 11064
f 10782 11063 10780
f 10782 11066 11063
f 11064 10783 10781
f 10785 10783 11064
f 11065 10785 11064
f 11067 10785 11065
f 10786 11066 10782
f 10786 11068 11066
f 11070 10788 11069
f 10788 11067 11069
f 10788 10785 11067
f 11071 11070 11069
f 10789 11068 10786
f 10789 11072 11068
f 11074 11073 11070
f 11073 10788 11070
f 11073 10791 10788
f 11074 11070 11071
f 10793 11075 10792
f 11075 11076 10792
f 11076 10789 10792
f 11076 11072 10789
f 11073 10795 10791
f 11077 10795 11073
f 11079 11078 11075
f 10793 11079 11075
f 10796 11079 10793
f 11075 11078 11076
f 11080 10797 10798
f 11081 11080 10798
f 10795 11081 10798
f 11077 11081 10795
f 10800 11082 10799
f 11082 11083 10799
f 11083 10796 10799
f 11083 11079 10796
f 11084 10801 11080
f 11080 10801 10797
f 11080 11081 11085
f 11080 11085 11084
f 10803 11086 10802
f 11086 11087 10802
f 10802 11087 10800
f 11087 11088 10800
f 11088 11082 10800
f 11082 11088 11083
f 11090 11089 11084
f 11089 10801 11084
f 11089 10804 10801
f 11090 11084 11085
f 10805 11091 11086
f 10805 11086 10803
f 11087 11086 11092
f 11092 11086 11091
f 11094 10806 11093
f 10806 11089 11093
f 10806 10804 11089
f 11095 11094 11093
f 11097 11096 11091
f 10805 11097 11091
f 10808 11097 10805
f 11091 11096 11092
f 11098 10809 11094
f 11094 10809 10806
f 11094 11095 11099
f 11094 11099 11098
f 10811 11100 10810
f 11100 11101 10810
f 11101 10808 10810
f 11101 11097 10808
f 11102 10812 11098
f 11098 10812 10809
f 11098 11099 11103
f 11098 11103 11102
f 10813 11104 11100
f 10813 11100 10811
f 11101 11100 11105
f 11105 11100 11104
f 11106 10814 11102
f 11102 10814 10812
f 11102 11103 11107
f 11102 11107 11106
f 10815 11104 10813
f 10815 10817 11104
f 10817 11105 11104
f 10817 11108 11105
f 11106 10818 10814
f 10820 10818 11106
f 11107 10820 11106
f 11109 10820 11107
f 10821 11108 10817
f 10821 11110 11108
f 11112 10823 11111
f 10823 11109 11111
f 10823 10820 11109
f 11113 11112 11111
f 10824 11110 10821
f 10824 11114 11110
f 11112 10826 10823
f 11116 11115 10827
f 11116 10827 10826
f 11113 11116 10826
f 11112 11113 10826
f 11117 11115 11116
f 10828 11114 10824
f 10828 11118 11114
f 11119 10830 11115
f 11115 10830 10827
f 11115 11117 11120
f 11115 11120 11119
f 11122 11121 10831
f 11122 10831 10832
f 10828 10831 11118
f 11118 10831 11121
f 11119 10834 10830
f 11124 11123 10835
f 11124 10835 10834
f 11120 11124 10834
f 11119 11120 10834
f 11125 11123 11124
f 10836 11122 10832
f 10836 11126 11122
f 11127 10837 11123
f 11123 10837 10835
f 11123 11125 11128
f 11123 11128 11127
f 11131 11130 11129
f 10838 10839 11129
f 11130 10838 11129
f 11132 10838 11130
f 10836 10838 11126
f 11126 10838 11132
f 11127 10840 10837
f 11134 11133 10842
f 11134 10842 10840
f 11128 11134 10840
f 11127 11128 10840
f 11135 11133 11134
f 11138 11137 11136
f 11140 11139 11136
f 11140 11136 11137
f 11139 11140 11131
f 11139 11131 11129
f 10844 11139 11129
f 10843 10844 11129
f 10843 11129 10839
f 11133 10846 10842
f 11142 11141 10847
f 11142 10847 10846
f 11135 11142 10846
f 11133 11135 10846
f 11143 11141 11142
f 11146 11145 11144
f 11148 11147 11144
f 11148 11144 11145
f 11150 11149 11147
f 11150 11147 11148
f 11152 11151 11149
f 11152 11149 11150
f 11154 11153 11151
f 11154 11151 11152
f 11156 11155 11153
f 11156 11153 11154
f 11158 11157 11155
f 11158 11155 11156
f 11160 11159 11157
f 11160 11157 11158
f 11162 11161 11159
f 11162 11159 11160
f 11164 11163 11161
f 11164 11161 11162
f 11166 11165 11163
f 11166 11163 11164
f 11168 11167 11165
f 11168 11165 11166
f 11167 11168 11138
f 11167 11138 11136
f 10850 11167 11136
f 10849 10850 11136
f 10849 11136 10851
f 10851 11136 11139
f 10851 11139 10844
f 11141 10853 10847
f 11170 11169 10854
f 11170 10854 10853
f 11143 11170 10853
f 11141 11143 10853
f 11171 11169 11170
f 11174 11173 11172
f 11172 11173 11146
f 11172 11146 11144
f 10856 11172 11144
f 10855 10856 11144
f 10855 11144 10857
f 10857 11144 11147
f 10857 11147 10859
f 10859 11147 11149
f 10859 11149 10861
f 10861 11149 11151
f 10861 11151 10863
f 10863 11151 11153
f 10863 11153 10864
f 11153 11175 10864
f 11153 11155 11175
f 11176 11155 11157
f 11175 11155 11176
f 11177 11157 11159
f 11176 11157 11177
f 11178 11159 11161
f 11177 11159 11178
f 11179 11161 11163
f 11178 11161 11179
f 10867 11179 10866
f 11179 11165 10866
f 11179 11163 11165
f 10866 11165 10868
f 10868 11165 11167
f 10868 11167 10850
f 11169 10870 10854
f 11181 11180 10871
f 11181 10871 10870
f 11171 11181 10870
f 11169 11171 10870
f 11182 11180 11181
f 11185 11184 11183
f 11183 11184 11174
f 11183 11174 11172
f 10874 11183 11172
f 10873 10874 11172
f 10873 11172 10856
f 11175 10876 10864
f 10876 11175 10879
f 10879 11175 11176
f 10879 11176 10881
f 10881 11176 11177
f 10881 11177 10883
f 10883 11177 11178
f 10883 11178 10884
f 10884 11178 11179
f 10884 11179 10867
f 11180 10886 10871
f 11187 11186 10887
f 11187 10887 10886
f 11182 11187 10886
f 11180 11182 10886
f 11189 11188 11186
f 11189 11186 11187
f 11190 11188 11189
f 11193 11192 11191
f 11191 11192 11185
f 11183 11191 11185
f 11194 11191 11183
f 10888 11194 10874
f 10874 11194 11183
f 11186 10892 10887
f 10892 11186 10894
f 10894 11186 11188
f 11190 11195 11188
f 11195 10894 11188
f 11195 10896 10894
f 11197 11196 10897
f 10896 11197 10897
f 11195 11197 10896
f 11199 11198 11196
f 11199 11196 11197
f 11201 11200 11198
f 11201 11198 11199
f 11203 11202 11200
f 11203 11200 11201
f 11205 11204 11202
f 11205 11202 11203
f 11207 11206 11204
f 11207 11204 11205
f 11209 11208 11206
f 11209 11206 11207
f 11208 11209 11193
f 11208 11193 11191
f 10900 11208 11191
f 10899 10900 11191
f 10899 11191 10902
f 10902 11191 11194
f 10902 11194 10888
f 11196 10904 10897
f 10904 11196 10906
f 10906 11196 11198
f 10906 11198 10908
f 10908 11198 11200
f 10908 11200 10910
f 10910 11200 11202
f 10910 11202 10912
f 10912 11202 11204
f 10912 11204 10914
f 10914 11204 11206
f 10914 11206 10916
f 10916 11206 11208
f 10916 11208 10900
f 11210 10921 10922
f 10923 11211 10922
f 10922 11211 11210
f 10925 11211 10923
f 11212 10927 10928
f 10921 11210 10928
f 11210 11212 10928
f 11210 11213 11212
f 11214 11210 11211
f 11213 11210 11214
f 10929 11215 10925
f 11215 11211 10925
f 11215 11214 11211
f 10931 11215 10929
f 11216 10932 10933
f 11217 11216 10933
f 11217 10933 10927
f 11218 11217 10927
f 11212 11218 10927
f 11218 11212 11213
f 11218 11213 11219
f 11219 11213 11214
f 11219 11214 11220
f 11222 11221 11220
f 11214 11222 11220
f 11215 11222 11214
f 10935 11222 10931
f 10931 11222 11215
f 11223 10936 10937
f 11224 11223 10937
f 11224 10937 10932
f 11225 11224 10932
f 11216 11225 10932
f 11225 11216 11217
f 11226 11221 11222
f 11228 11226 11227
f 11227 11226 10938
f 11226 11222 10938
f 11222 10935 10938
f 10940 11227 10938
f 11229 10941 10942
f 11230 11229 10942
f 11230 10942 10936
f 11231 11230 10936
f 11223 11231 10936
f 11231 11223 11224
f 11232 11228 11227
f 11227 10940 11232
f 10940 11233 11232
f 10940 10944 11233
f 11235 11234 10946
f 10946 11234 10945
f 10946 10941 11229
f 11236 10946 11229
f 11235 10946 11236
f 11236 11229 11230
f 11237 11233 10944
f 11237 10944 10947
f 10947 10949 11237
f 11237 10949 11238
f 11241 11240 11239
f 10950 10951 11239
f 10951 11241 11239
f 10951 11242 11241
f 10951 10945 11234
f 10951 11234 11242
f 11243 11238 10949
f 11243 10949 10952
f 11245 11244 10954
f 11244 10952 10954
f 11244 11243 10952
f 11245 11246 11244
f 11247 10956 10957
f 11247 10957 11248
f 10957 11249 11248
f 10957 10958 11249
f 11250 10958 10960
f 11250 11249 10958
f 11251 10960 10962
f 11251 11250 10960
f 11252 10962 10964
f 11252 11251 10962
f 10966 11239 11240
f 11252 10966 11240
f 10964 10966 11252
f 11239 10966 10950
f 10967 11245 10954
f 11253 11246 11245
f 10967 11253 11245
f 10968 11253 10967
f 10968 10970 11253
f 11253 10970 11254
f 11256 11255 11247
f 11255 10956 11247
f 11255 10971 10956
f 11256 11247 11248
f 11257 11254 10970
f 11257 10970 10972
f 10972 10974 11257
f 11257 10974 11258
f 11255 10976 10971
f 11259 10976 11255
f 11260 11258 10974
f 11260 10974 10977
f 11261 10977 10978
f 11261 11260 10977
f 11262 10978 10979
f 11262 11261 10978
f 11263 10979 10980
f 11263 11262 10979
f 11265 11264 10982
f 11264 10980 10982
f 11264 11263 10980
f 11265 11266 11264
f 11268 11267 10984
f 10984 11267 10983
f 10984 10976 11259
f 10984 11259 11268
f 10985 11265 10982
f 11270 11269 10987
f 10987 11269 10985
f 11269 11266 10985
f 11266 11265 10985
f 11270 11271 11269
f 11267 10988 10983
f 11272 10988 11267
f 10990 11273 11270
f 10990 11270 10987
f 11271 11270 11274
f 11274 11270 11273
f 11272 10992 10988
f 11275 10992 11272
f 10994 11276 11273
f 10994 11273 10990
f 11274 11273 11277
f 11277 11273 11276
f 11278 10995 10996
f 11279 11278 10996
f 10992 11279 10996
f 11275 11279 10992
f 11281 11280 11276
f 10994 11281 11276
f 10999 11281 10994
f 11276 11280 11277
f 11282 11001 11278
f 11278 11001 10995
f 11278 11279 11283
f 11278 11283 11282
f 11284 11281 10999
f 11284 10999 11004
f 11004 11005 11284
f 11284 11005 11285
f 11286 11009 11010
f 11287 11286 11010
f 11287 11010 11001
f 11288 11287 11001
f 11282 11288 11001
f 11288 11282 11283
f 11289 11285 11005
f 11289 11005 11015
f 11291 11289 11290
f 11289 11016 11290
f 11289 11015 11016
f 11017 11292 11016
f 11016 11292 11290
f 11018 11293 11017
f 11017 11293 11292
f 11020 11293 11018
f 11295 11294 11286
f 11294 11009 11286
f 11294 11022 11009
f 11295 11286 11287
f 11296 11291 11290
f 11296 11290 11292
f 11296 11292 11297
f 11297 11292 11293
f 11297 11293 11298
f 11300 11298 11299
f 11299 11298 11027
f 11298 11293 11027
f 11293 11020 11027
f 11028 11299 11027
f 11302 11301 11030
f 11030 11301 11029
f 11030 11022 11294
f 11030 11294 11302
f 11303 11300 11299
f 11299 11028 11303
f 11028 11304 11303
f 11028 11033 11304
f 11305 11034 11035
f 11306 11305 11035
f 11029 11306 11035
f 11301 11306 11029
f 11036 11304 11033
f 11036 11307 11304
f 11309 11308 11305
f 11308 11034 11305
f 11308 11037 11034
f 11309 11305 11306
f 11036 11038 11310
f 11311 11036 11310
f 11307 11036 11311
f 11039 11310 11038
f 11308 11040 11037
f 11312 11040 11308
f 11313 11311 11310
f 11310 11039 11313
f 11039 11314 11313
f 11039 11042 11314
f 11312 11043 11040
f 11315 11043 11312
f 11316 11314 11042
f 11316 11042 11044
f 11044 11045 11316
f 11316 11045 11317
f 11319 11318 11047
f 11047 11318 11046
f 11320 11047 11048
f 11320 11319 11047
f 11048 11043 11315
f 11048 11315 11320
f 11049 11317 11045
f 11049 11321 11317
f 11323 11050 11322
f 11050 11318 11322
f 11050 11046 11318
f 11324 11323 11322
f 11051 11321 11049
f 11051 11325 11321
f 11326 11052 11323
f 11323 11052 11050
f 11323 11324 11327
f 11323 11327 11326
f 11053 11325 11051
f 11053 11328 11325
f 11326 11054 11052
f 11056 11054 11326
f 11327 11056 11326
f 11329 11056 11327
f 11057 11328 11053
f 11057 11330 11328
f 11329 11059 11056
f 11331 11059 11329
f 11060 11330 11057
f 11060 11332 11330
f 11331 11062 11059
f 11333 11062 11331
f 11063 11332 11060
f 11063 11334 11332
f 11336 11065 11335
f 11065 11333 11335
f 11065 11062 11333
f 11337 11336 11335
f 11066 11334 11063
f 11066 11338 11334
f 11339 11067 11336
f 11336 11067 11065
f 11336 11337 11340
f 11336 11340 11339
f 11068 11338 11066
f 11068 11341 11338
f 11339 11069 11067
f 11071 11069 11339
f 11340 11071 11339
f 11342 11071 11340
f 11072 11341 11068
f 11072 11343 11341
f 11344 11073 11074
f 11345 11344 11074
f 11071 11345 11074
f 11342 11345 11071
f 11348 11347 11346
f 11347 11343 11346
f 11343 11076 11346
f 11343 11072 11076
f 11349 11077 11344
f 11344 11077 11073
f 11344 11345 11350
f 11344 11350 11349
f 11348 11346 11078
f 11079 11348 11078
f 11351 11348 11079
f 11078 11346 11076
f 11353 11352 11349
f 11352 11077 11349
f 11352 11081 11077
f 11353 11349 11350
f 11083 11351 11079
f 11083 11354 11351
f 11352 11085 11081
f 11355 11085 11352
f 11087 11356 11088
f 11356 11357 11088
f 11357 11083 11088
f 11357 11354 11083
f 11358 11089 11090
f 11359 11358 11090
f 11085 11359 11090
f 11355 11359 11085
f 11092 11360 11356
f 11092 11356 11087
f 11357 11356 11361
f 11361 11356 11360
f 11358 11093 11089
f 11095 11093 11358
f 11359 11095 11358
f 11362 11095 11359
f 11097 11363 11096
f 11363 11364 11096
f 11096 11364 11092
f 11364 11365 11092
f 11365 11360 11092
f 11360 11365 11361
f 11362 11099 11095
f 11366 11099 11362
f 11101 11367 11363
f 11101 11363 11097
f 11364 11363 11368
f 11368 11363 11367
f 11370 11103 11369
f 11103 11366 11369
f 11103 11099 11366
f 11371 11370 11369
f 11373 11372 11367
f 11101 11373 11367
f 11105 11373 11101
f 11367 11372 11368
f 11374 11107 11370
f 11370 11107 11103
f 11370 11371 11375
f 11370 11375 11374
f 11108 11373 11105
f 11108 11376 11373
f 11377 11109 11374
f 11374 11109 11107
f 11374 11375 11378
f 11374 11378 11377
f 11381 11380 11379
f 11380 11376 11379
f 11376 11110 11379
f 11376 11108 11110
f 11377 11111 11109
f 11383 11382 11113
f 11383 11113 11111
f 11378 11383 11111
f 11377 11378 11111
f 11384 11382 11383
f 11381 11379 11385
f 11381 11385 11386
f 11114 11385 11110
f 11110 11385 11379
f 11382 11116 11113
f 11388 11387 11117
f 11388 11117 11116
f 11384 11388 11116
f 11382 11384 11116
f 11389 11387 11388
f 11386 11385 11390
f 11386 11390 11391
f 11118 11390 11114
f 11114 11390 11385
f 11392 11120 11387
f 11387 11120 11117
f 11387 11389 11393
f 11387 11393 11392
f 11391 11390 11121
f 11122 11391 11121
f 11394 11391 11122
f 11121 11390 11118
f 11392 11124 11120
f 11396 11395 11125
f 11396 11125 11124
f 11393 11396 11124
f 11392 11393 11124
f 11397 11395 11396
f 11400 11399 11398
f 11399 11394 11398
f 11394 11126 11398
f 11394 11122 11126
f 11401 11128 11395
f 11395 11128 11125
f 11395 11397 11402
f 11395 11402 11401
f 11405 11404 11403
f 11407 11406 11403
f 11407 11403 11404
f 11409 11408 11406
f 11409 11406 11407
f 11411 11410 11408
f 11411 11408 11409
f 11413 11412 11410
f 11413 11410 11411
f 11415 11414 11412
f 11415 11412 11413
f 11417 11416 11414
f 11417 11414 11415
f 11419 11418 11416
f 11419 11416 11417
f 11421 11420 11418
f 11421 11418 11419
f 11423 11422 11420
f 11423 11420 11421
f 11130 11131 11422
f 11423 11130 11422
f 11424 11130 11423
f 11398 11132 11400
f 11132 11424 11400
f 11132 11130 11424
f 11132 11398 11126
f 11401 11134 11128
f 11426 11425 11135
f 11426 11135 11134
f 11402 11426 11134
f 11401 11402 11134
f 11427 11425 11426
f 11430 11429 11428
f 11432 11431 11428
f 11432 11428 11429
f 11434 11433 11431
f 11434 11431 11432
f 11433 11434 11405
f 11403 11433 11405
f 11435 11433 11403
f 11436 11403 11406
f 11435 11403 11436
f 11437 11406 11408
f 11436 11406 11437
f 11438 11408 11410
f 11437 11408 11438
f 11439 11410 11412
f 11438 11410 11439
f 11440 11412 11414
f 11439 11412 11440
f 11441 11414 11416
f 11440 11414 11441
f 11442 11416 11418
f 11441 11416 11442
f 11138 11442 11137
f 11442 11420 11137
f 11442 11418 11420
f 11137 11420 11140
f 11140 11420 11422
f 11140 11422 11131
f 11425 11142 11135
f 11444 11443 11143
f 11444 11143 11142
f 11427 11444 11142
f 11425 11427 11142
f 11445 11443 11444
f 11448 11447 11446
f 11145 11146 11446
f 11447 11145 11446
f 11449 11145 11447
f 11428 11148 11430
f 11148 11449 11430
f 11148 11145 11449
f 11148 11428 11150
f 11150 11428 11431
f 11150 11431 11152
f 11152 11431 11433
f 11152 11433 11154
f 11154 11433 11435
f 11154 11435 11156
f 11156 11435 11436
f 11156 11436 11158
f 11158 11436 11437
f 11158 11437 11160
f 11160 11437 11438
f 11160 11438 11162
f 11162 11438 11439
f 11162 11439 11164
f 11164 11439 11440
f 11164 11440 11166
f 11166 11440 11441
f 11166 11441 11168
f 11168 11441 11442
f 11168 11442 11138
f 11443 11170 11143
f 11451 11450 11171
f 11451 11171 11170
f 11445 11451 11170
f 11443 11445 11170
f 11453 11452 11450
f 11453 11450 11451
f 11454 11452 11453
f 11457 11456 11455
f 11455 11456 11448
f 11455 11448 11446
f 11174 11455 11446
f 11173 11174 11446
f 11173 11446 11146
f 11450 11181 11171
f 11181 11450 11182
f 11450 11458 11182
f 11450 11452 11458
f 11452 11454 11459
f 11460 11452 11459
f 11458 11452 11460
f 11461 11460 11459
f 11464 11463 11462
f 11462 11463 11457
f 11462 11457 11455
f 11185 11462 11455
f 11184 11185 11455
f 11184 11455 11174
f 11458 11187 11182
f 11187 11458 11189
f 11189 11458 11460
f 11466 11465 11190
f 11466 11190 11189
f 11461 11466 11189
f 11460 11461 11189
f 11468 11467 11465
f 11468 11465 11466
f 11470 11469 11467
f 11470 11467 11468
f 11472 11471 11469
f 11472 11469 11470
f 11474 11473 11471
f 11474 11471 11472
f 11476 11475 11473
f 11476 11473 11474
f 11478 11477 11475
f 11478 11475 11476
f 11480 11479 11477
f 11480 11477 11478
f 11479 11480 11464
f 11479 11464 11462
f 11193 11479 11462
f 11192 11193 11462
f 11192 11462 11185
f 11465 11195 11190
f 11195 11465 11197
f 11197 11465 11467
f 11197 11467 11199
f 11199 11467 11469
f 11199 11469 11201
f 11201 11469 11471
f 11201 11471 11203
f 11203 11471 11473
f 11203 11473 11205
f 11205 11473 11475
f 11205 11475 11207
f 11207 11475 11477
f 11207 11477 11209
f 11209 11477 11479
f 11209 11479 11193
f 11481 11217 11218
f 11219 11482 11218
f 11218 11482 11481
f 11220 11483 11219
f 11219 11483 11482
f 11221 11483 11220
f 11484 11224 11225
f 11217 11481 11225
f 11481 11484 11225
f 11481 11485 11484
f 11486 11481 11482
f 11485 11481 11486
f 11487 11482 11483
f 11486 11482 11487
f 11226 11488 11221
f 11488 11483 11221
f 11488 11487 11483
f 11228 11488 11226
f 11489 11230 11231
f 11224 11484 11231
f 11484 11489 11231
f 11484 11490 11489
f 11485 11492 11491
f 11490 11485 11491
f 11484 11485 11490
f 11492 11485 11486
f 11492 11486 11493
f 11493 11486 11487
f 11493 11487 11494
f 11494 11487 11488
f 11494 11488 11495
f 11497 11495 11496
f 11496 11495 11232
f 11495 11488 11232
f 11488 11228 11232
f 11233 11496 11232
f 11498 11234 11235
f 11236 11499 11235
f 11235 11499 11498
f 11500 11499 11236
f 11500 11236 11230
f 11501 11500 11230
f 11489 11501 11230
f 11501 11489 11490
f 11501 11490 11502
f 11502 11490 11491
f 11503 11497 11496
f 11503 11496 11233
f 11237 11503 11233
f 11504 11503 11237
f 11237 11238 11504
f 11504 11238 11505
f 11507 11506 11241
f 11241 11506 11240
f 11508 11241 11242
f 11508 11507 11241
f 11242 11234 11498
f 11509 11242 11498
f 11508 11242 11509
f 11509 11498 11499
f 11509 11499 11510
f 11510 11499 11500
f 11511 11505 11238
f 11511 11238 11243
f 11512 11243 11244
f 11512 11511 11243
f 11244 11246 11512
f 11512 11246 11513
f 11515 11514 11249
f 11249 11514 11248
f 11516 11249 11250
f 11516 11515 11249
f 11517 11250 11251
f 11517 11516 11250
f 11518 11251 11252
f 11518 11517 11251
f 11252 11240 11506
f 11252 11506 11518
f 11519 11513 11246
f 11519 11246 11253
f 11253 11254 11519
f 11519 11254 11520
f 11521 11255 11256
f 11522 11521 11256
f 11248 11522 11256
f 11514 11522 11248
f 11254 11257 11523
f 11524 11254 11523
f 11520 11254 11524
f 11258 11523 11257
f 11526 11525 11521
f 11525 11255 11521
f 11525 11259 11255
f 11526 11521 11522
f 11527 11524 11523
f 11529 11527 11528
f 11528 11527 11260
f 11527 11523 11260
f 11523 11258 11260
f 11528 11260 11530
f 11260 11531 11530
f 11260 11261 11531
f 11532 11261 11262
f 11532 11531 11261
f 11533 11262 11263
f 11533 11532 11262
f 11534 11263 11264
f 11534 11533 11263
f 11536 11535 11266
f 11535 11264 11266
f 11535 11534 11264
f 11536 11537 11535
f 11538 11267 11268
f 11539 11538 11268
f 11259 11539 11268
f 11525 11539 11259
f 11540 11529 11528
f 11540 11528 11530
f 11269 11536 11266
f 11542 11541 11271
f 11271 11541 11269
f 11541 11537 11269
f 11537 11536 11269
f 11542 11543 11541
f 11544 11272 11538
f 11538 11272 11267
f 11538 11539 11545
f 11538 11545 11544
f 11274 11546 11542
f 11274 11542 11271
f 11543 11542 11547
f 11547 11542 11546
f 11548 11275 11544
f 11544 11275 11272
f 11544 11545 11549
f 11544 11549 11548
f 11551 11550 11546
f 11274 11551 11546
f 11277 11551 11274
f 11546 11550 11547
f 11553 11552 11548
f 11552 11275 11548
f 11552 11279 11275
f 11553 11548 11549
f 11281 11554 11280
f 11554 11555 11280
f 11555 11277 11280
f 11555 11551 11277
f 11552 11283 11279
f 11556 11283 11552
f 11284 11554 11281
f 11284 11285 11554
f 11285 11555 11554
f 11285 11557 11555
f 11558 11287 11288
f 11559 11558 11288
f 11283 11559 11288
f 11556 11559 11283
f 11560 11557 11285
f 11560 11285 11289
f 11289 11291 11560
f 11560 11291 11561
f 11562 11294 11295
f 11287 11558 11295
f 11558 11562 11295
f 11558 11563 11562
f 11558 11559 11564
f 11558 11564 11563
f 11565 11561 11291
f 11565 11291 11296
f 11567 11565 11566
f 11565 11297 11566
f 11565 11296 11297
f 11298 11568 11297
f 11297 11568 11566
f 11300 11568 11298
f 11569 11301 11302
f 11570 11569 11302
f 11570 11302 11294
f 11571 11570 11294
f 11562 11571 11294
f 11571 11562 11563
f 11571 11563 11572
f 11572 11563 11564
f 11573 11567 11566
f 11573 11566 11568
f 11573 11568 11574
f 11574 11568 11300
f 11303 11574 11300
f 11575 11574 11303
f 11303 11304 11575
f 11575 11304 11576
f 11578 11577 11569
f 11577 11301 11569
f 11577 11306 11301
f 11578 11569 11570
f 11307 11576 11304
f 11307 11579 11576
f 11580 11308 11309
f 11581 11580 11309
f 11306 11581 11309
f 11577 11581 11306
f 11311 11579 11307
f 11311 11582 11579
f 11583 11312 11580
f 11580 11312 11308
f 11580 11581 11584
f 11580 11584 11583
f 11585 11582 11311
f 11585 11311 11313
f 11313 11314 11585
f 11585 11314 11586
f 11588 11587 11583
f 11587 11312 11583
f 11587 11315 11312
f 11588 11583 11584
f 11589 11586 11314
f 11589 11314 11316
f 11316 11317 11589
f 11589 11317 11590
f 11591 11318 11319
f 11591 11319 11592
f 11319 11593 11592
f 11319 11320 11593
f 11320 11315 11587
f 11320 11587 11593
f 11321 11590 11317
f 11321 11594 11590
f 11591 11322 11318
f 11324 11322 11591
f 11592 11324 11591
f 11595 11324 11592
f 11325 11594 11321
f 11325 11596 11594
f 11595 11327 11324
f 11597 11327 11595
f 11328 11596 11325
f 11328 11598 11596
f 11597 11329 11327
f 11599 11329 11597
f 11330 11598 11328
f 11330 11600 11598
f 11602 11331 11601
f 11331 11599 11601
f 11331 11329 11599
f 11603 11602 11601
f 11332 11600 11330
f 11332 11604 11600
f 11605 11333 11602
f 11602 11333 11331
f 11602 11603 11606
f 11602 11606 11605
f 11334 11604 11332
f 11334 11607 11604
f 11605 11335 11333
f 11337 11335 11605
f 11606 11337 11605
f 11608 11337 11606
f 11338 11607 11334
f 11338 11609 11607
f 11611 11340 11610
f 11340 11608 11610
f 11340 11337 11608
f 11612 11611 11610
f 11341 11609 11338
f 11341 11613 11609
f 11614 11342 11611
f 11611 11342 11340
f 11611 11612 11615
f 11611 11615 11614
f 11343 11613 11341
f 11343 11616 11613
f 11617 11345 11614
f 11614 11345 11342
f 11614 11615 11618
f 11614 11618 11617
f 11620 11619 11347
f 11620 11347 11348
f 11343 11347 11616
f 11616 11347 11619
f 11621 11350 11617
f 11617 11350 11345
f 11617 11618 11622
f 11617 11622 11621
f 11351 11620 11348
f 11351 11623 11620
f 11624 11352 11353
f 11625 11624 11353
f 11625 11353 11350
f 11626 11625 11350
f 11621 11626 11350
f 11626 11621 11622
f 11354 11623 11351
f 11354 11627 11623
f 11628 11355 11624
f 11624 11355 11352
f 11624 11625 11629
f 11624 11629 11628
f 11357 11627 11354
f 11357 11630 11627
f 11631 11359 11628
f 11628 11359 11355
f 11628 11629 11632
f 11628 11632 11631
f 11361 11630 11357
f 11361 11633 11630
f 11634 11362 11631
f 11631 11362 11359
f 11631 11632 11635
f 11631 11635 11634
f 11637 11636 11365
f 11637 11365 11364
f 11361 11365 11633
f 11633 11365 11636
f 11638 11366 11634
f 11634 11366 11362
f 11634 11635 11639
f 11634 11639 11638
f 11368 11637 11364
f 11368 11640 11637
f 11638 11369 11366
f 11642 11641 11371
f 11642 11371 11369
f 11639 11642 11369
f 11638 11639 11369
f 11643 11641 11642
f 11645 11644 11372
f 11645 11372 11373
f 11368 11372 11640
f 11640 11372 11644
f 11646 11375 11641
f 11641 11375 11371
f 11641 11643 11647
f 11641 11647 11646
f 11376 11645 11373
f 11376 11648 11645
f 11649 11378 11646
f 11646 11378 11375
f 11646 11647 11650
f 11646 11650 11649
f 11652 11651 11380
f 11652 11380 11381
f 11376 11380 11648
f 11648 11380 11651
f 11649 11383 11378
f 11654 11653 11384
f 11654 11384 11383
f 11650 11654 11383
f 11649 11650 11383
f 11655 11653 11654
f 11386 11652 11381
f 11386 11656 11652
f 11653 11388 11384
f 11658 11657 11389
f 11658 11389 11388
f 11655 11658 11388
f 11653 11655 11388
f 11659 11657 11658
f 11391 11656 11386
f 11391 11660 11656
f 11661 11393 11657
f 11657 11393 11389
f 11657 11659 11662
f 11657 11662 11661
f 11665 11664 11663
f 11667 11666 11663
f 11667 11663 11664
f 11669 11668 11666
f 11669 11666 11667
f 11670 11668 11669
f 11673 11672 11671
f 11675 11674 11671
f 11675 11671 11672
f 11675 11660 11674
f 11660 11394 11674
f 11660 11391 11394
f 11661 11396 11393
f 11677 11676 11397
f 11677 11397 11396
f 11662 11677 11396
f 11661 11662 11396
f 11678 11676 11677
f 11681 11680 11679
f 11683 11682 11679
f 11683 11679 11680
f 11685 11684 11682
f 11685 11682 11683
f 11687 11686 11684
f 11687 11684 11685
f 11689 11688 11686
f 11689 11686 11687
f 11691 11690 11688
f 11691 11688 11689
f 11690 11691 11665
f 11663 11690 11665
f 11692 11690 11663
f 11693 11663 11666
f 11692 11663 11693
f 11694 11666 11668
f 11693 11666 11694
f 11668 11670 11695
f 11696 11668 11695
f 11694 11668 11696
f 11696 11695 11673
f 11671 11696 11673
f 11697 11696 11671
f 11400 11697 11399
f 11697 11674 11399
f 11697 11671 11674
f 11399 11674 11394
f 11698 11402 11676
f 11676 11402 11397
f 11676 11678 11699
f 11700 11676 11699
f 11698 11676 11700
f 11701 11700 11699
f 11704 11703 11702
f 11706 11705 11702
f 11706 11702 11703
f 11708 11707 11705
f 11708 11705 11706
f 11707 11708 11681
f 11707 11681 11679
f 11405 11707 11679
f 11404 11405 11679
f 11404 11679 11407
f 11407 11679 11682
f 11407 11682 11409
f 11409 11682 11684
f 11409 11684 11411
f 11411 11684 11686
f 11411 11686 11413
f 11413 11686 11688
f 11413 11688 11415
f 11415 11688 11690
f 11415 11690 11417
f 11417 11690 11692
f 11417 11692 11419
f 11419 11692 11693
f 11419 11693 11421
f 11421 11693 11694
f 11421 11694 11423
f 11423 11694 11696
f 11423 11696 11424
f 11424 11696 11697
f 11424 11697 11400
f 11698 11426 11402
f 11426 11698 11427
f 11698 11709 11427
f 11698 11700 11709
f 11700 11701 11710
f 11711 11700 11710
f 11709 11700 11711
f 11712 11711 11710
f 11715 11714 11713
f 11717 11716 11713
f 11717 11713 11714
f 11716 11717 11704
f 11716 11704 11702
f 11430 11716 11702
f 11429 11430 11702
f 11429 11702 11432
f 11432 11702 11705
f 11432 11705 11434
f 11434 11705 11707
f 11434 11707 11405
f 11709 11444 11427
f 11444 11709 11445
f 11709 11718 11445
f 11709 11711 11718
f 11711 11712 11719
f 11720 11711 11719
f 11718 11711 11720
f 11722 11721 11720
f 11722 11720 11719
f 11723 11721 11722
f 11726 11725 11724
f 11724 11725 11715
f 11724 11715 11713
f 11448 11724 11713
f 11447 11448 11713
f 11447 11713 11449
f 11449 11713 11716
f 11449 11716 11430
f 11718 11451 11445
f 11451 11718 11453
f 11453 11718 11720
f 11453 11720 11454
f 11720 11727 11454
f 11720 11721 11727
f 11721 11723 11728
f 11729 11721 11728
f 11727 11721 11729
f 11731 11730 11729
f 11731 11729 11728
f 11732 11730 11731
f 11735 11734 11733
f 11737 11736 11733
f 11737 11733 11734
f 11736 11737 11726
f 11736 11726 11724
f 11457 11736 11724
f 11456 11457 11724
f 11456 11724 11448
f 11727 11459 11454
f 11459 11727 11461
f 11727 11738 11461
f 11727 11729 11738
f 11739 11729 11730
f 11738 11729 11739
f 11730 11732 11740
f 11741 11730 11740
f 11739 11730 11741
f 11743 11742 11741
f 11743 11741 11740
f 11745 11744 11742
f 11745 11742 11743
f 11747 11746 11744
f 11747 11744 11745
f 11749 11748 11746
f 11749 11746 11747
f 11748 11749 11735
f 11733 11748 11735
f 11750 11748 11733
f 11464 11750 11463
f 11750 11736 11463
f 11750 11733 11736
f 11463 11736 11457
f 11738 11466 11461
f 11466 11738 11468
f 11468 11738 11739
f 11468 11739 11470
f 11470 11739 11741
f 11470 11741 11472
f 11472 11741 11742
f 11472 11742 11474
f 11474 11742 11744
f 11474 11744 11476
f 11476 11744 11746
f 11476 11746 11478
f 11478 11746 11748
f 11478 11748 11480
f 11480 11748 11750
f 11480 11750 11464
f 11751 11491 11492
f 11493 11752 11492
f 11492 11752 11751
f 11494 11753 11493
f 11493 11753 11752
f 11495 11754 11494
f 11494 11754 11753
f 11497 11754 11495
f 11755 11500 11501
f 11502 11756 11501
f 11501 11756 11755
f 11757 11756 11502
f 11757 11502 11491
f 11758 11757 11491
f 11751 11758 11491
f 11758 11751 11752
f 11758 11752 11759
f 11759 11752 11753
f 11759 11753 11760
f 11760 11753 11754
f 11760 11754 11761
f 11761 11754 11497
f 11503 11761 11497
f 11762 11761 11503
f 11763 11503 11504
f 11763 11762 11503
f 11504 11505 11763
f 11763 11505 11764
f 11765 11506 11507
f 11508 11766 11507
f 11507 11766 11765
f 11509 11767 11508
f 11508 11767 11766
f 11510 11768 11509
f 11509 11768 11767
f 11769 11768 11510
f 11769 11510 11500
f 11770 11769 11500
f 11755 11770 11500
f 11770 11755 11756
f 11770 11756 11771
f 11771 11756 11757
f 11772 11764 11505
f 11772 11505 11511
f 11773 11511 11512
f 11773 11772 11511
f 11512 11513 11773
f 11773 11513 11774
f 11775 11514 11515
f 11516 11776 11515
f 11515 11776 11775
f 11517 11777 11516
f 11516 11777 11776
f 11518 11778 11517
f 11517 11778 11777
f 11779 11778 11518
f 11779 11518 11506
f 11780 11779 11506
f 11765 11780 11506
f 11780 11765 11766
f 11780 11766 11781
f 11781 11766 11767
f 11781 11767 11782
f 11782 11767 11768
f 11782 11768 11783
f 11783 11768 11769
f 11784 11774 11513
f 11784 11513 11519
f 11519 11520 11784
f 11784 11520 11785
f 11786 11522 11775
f 11775 11522 11514
f 11776 11788 11787
f 11786 11776 11787
f 11775 11776 11786
f 11788 11776 11777
f 11788 11777 11789
f 11789 11777 11778
f 11789 11778 11790
f 11790 11778 11779
f 11524 11785 11520
f 11524 11791 11785
f 11794 11793 11792
f 11796 11795 11792
f 11792 11795 11794
f 11796 11797 11795
f 11798 11525 11526
f 11799 11798 11526
f 11799 11526 11522
f 11800 11799 11522
f 11786 11800 11522
f 11800 11786 11787
f 11801 11791 11524
f 11801 11524 11527
f 11527 11529 11801
f 11801 11529 11802
f 11803 11530 11531
f 11803 11531 11804
f 11531 11805 11804
f 11531 11532 11805
f 11806 11532 11533
f 11806 11805 11532
f 11534 11792 11793
f 11806 11534 11793
f 11533 11534 11806
f 11792 11534 11535
f 11792 11535 11796
f 11808 11807 11537
f 11537 11807 11535
f 11807 11797 11535
f 11797 11796 11535
f 11808 11809 11807
f 11810 11539 11798
f 11798 11539 11525
f 11798 11799 11811
f 11798 11811 11810
f 11529 11540 11812
f 11813 11529 11812
f 11802 11529 11813
f 11814 11812 11540
f 11814 11540 11530
f 11815 11814 11530
f 11803 11815 11530
f 11815 11803 11804
f 11541 11808 11537
f 11817 11816 11543
f 11543 11816 11541
f 11816 11809 11541
f 11809 11808 11541
f 11817 11818 11816
f 11820 11819 11810
f 11819 11539 11810
f 11819 11545 11539
f 11820 11810 11811
f 11821 11813 11812
f 11821 11812 11814
f 11547 11822 11817
f 11547 11817 11543
f 11818 11817 11823
f 11823 11817 11822
f 11819 11549 11545
f 11824 11549 11819
f 11551 11825 11550
f 11825 11826 11550
f 11550 11826 11547
f 11826 11827 11547
f 11827 11822 11547
f 11822 11827 11823
f 11828 11552 11553
f 11829 11828 11553
f 11549 11829 11553
f 11824 11829 11549
f 11555 11830 11825
f 11555 11825 11551
f 11826 11825 11831
f 11831 11825 11830
f 11832 11556 11828
f 11828 11556 11552
f 11828 11829 11833
f 11828 11833 11832
f 11557 11834 11830
f 11557 11830 11555
f 11831 11830 11835
f 11835 11830 11834
f 11836 11559 11832
f 11832 11559 11556
f 11832 11833 11837
f 11832 11837 11836
f 11560 11834 11557
f 11839 11838 11561
f 11561 11838 11560
f 11838 11835 11560
f 11835 11834 11560
f 11839 11840 11838
f 11841 11564 11836
f 11836 11564 11559
f 11836 11837 11842
f 11836 11842 11841
f 11565 11839 11561
f 11565 11567 11839
f 11567 11840 11839
f 11567 11843 11840
f 11844 11570 11571
f 11572 11845 11571
f 11571 11845 11844
f 11846 11845 11572
f 11846 11572 11564
f 11847 11846 11564
f 11841 11847 11564
f 11847 11841 11842
f 11848 11843 11567
f 11848 11567 11573
f 11850 11848 11849
f 11848 11574 11849
f 11848 11573 11574
f 11575 11851 11574
f 11574 11851 11849
f 11576 11851 11575
f 11852 11577 11578
f 11853 11852 11578
f 11853 11578 11570
f 11854 11853 11570
f 11844 11854 11570
f 11854 11844 11845
f 11854 11845 11855
f 11855 11845 11846
f 11856 11850 11849
f 11858 11857 11856
f 11849 11858 11856
f 11851 11858 11849
f 11579 11858 11576
f 11576 11858 11851
f 11860 11859 11852
f 11859 11577 11852
f 11859 11581 11577
f 11860 11852 11853
f 11861 11857 11858
f 11858 11579 11861
f 11579 11862 11861
f 11579 11582 11862
f 11859 11584 11581
f 11863 11584 11859
f 11582 11585 11864
f 11865 11582 11864
f 11862 11582 11865
f 11586 11864 11585
f 11867 11866 11588
f 11588 11866 11587
f 11588 11584 11863
f 11588 11863 11867
f 11868 11865 11864
f 11870 11868 11869
f 11869 11868 11589
f 11868 11864 11589
f 11864 11586 11589
f 11590 11869 11589
f 11871 11592 11593
f 11872 11871 11593
f 11587 11872 11593
f 11866 11872 11587
f 11873 11870 11869
f 11869 11590 11873
f 11590 11874 11873
f 11590 11594 11874
f 11876 11875 11871
f 11875 11592 11871
f 11875 11595 11592
f 11876 11871 11872
f 11596 11874 11594
f 11596 11877 11874
f 11875 11597 11595
f 11878 11597 11875
f 11598 11877 11596
f 11598 11879 11877
f 11881 11599 11880
f 11599 11878 11880
f 11599 11597 11878
f 11882 11881 11880
f 11600 11879 11598
f 11600 11883 11879
f 11881 11601 11599
f 11603 11601 11881
f 11882 11603 11881
f 11884 11603 11882
f 11604 11883 11600
f 11604 11885 11883
f 11887 11606 11886
f 11606 11884 11886
f 11606 11603 11884
f 11888 11887 11886
f 11607 11885 11604
f 11607 11889 11885
f 11890 11608 11887
f 11887 11608 11606
f 11887 11888 11891
f 11887 11891 11890
f 11609 11889 11607
f 11609 11892 11889
f 11890 11610 11608
f 11894 11893 11612
f 11894 11612 11610
f 11891 11894 11610
f 11890 11891 11610
f 11895 11893 11894
f 11613 11892 11609
f 11613 11896 11892
f 11897 11615 11893
f 11893 11615 11612
f 11893 11895 11898
f 11899 11893 11898
f 11897 11893 11899
f 11900 11899 11898
f 11616 11896 11613
f 11616 11901 11896
f 11902 11618 11897
f 11897 11618 11615
f 11899 11904 11903
f 11902 11899 11903
f 11897 11899 11902
f 11904 11899 11900
f 11906 11905 11619
f 11906 11619 11620
f 11616 11619 11901
f 11901 11619 11905
f 11907 11622 11902
f 11902 11622 11618
f 11902 11903 11908
f 11902 11908 11907
f 11623 11906 11620
f 11623 11909 11906
f 11910 11625 11626
f 11911 11910 11626
f 11911 11626 11622
f 11912 11911 11622
f 11907 11912 11622
f 11912 11907 11908
f 11627 11909 11623
f 11627 11913 11909
f 11914 11629 11910
f 11910 11629 11625
f 11910 11911 11915
f 11910 11915 11914
f 11918 11917 11916
f 11917 11913 11916
f 11913 11630 11916
f 11913 11627 11630
f 11919 11632 11914
f 11914 11632 11629
f 11914 11915 11920
f 11914 11920 11919
f 11918 11916 11921
f 11918 11921 11922
f 11633 11921 11630
f 11630 11921 11916
f 11923 11635 11919
f 11919 11635 11632
f 11919 11920 11924
f 11919 11924 11923
f 11922 11921 11636
f 11637 11922 11636
f 11925 11922 11637
f 11636 11921 11633
f 11926 11639 11923
f 11923 11639 11635
f 11923 11924 11927
f 11923 11927 11926
f 11930 11929 11928
f 11929 11925 11928
f 11925 11640 11928
f 11925 11637 11640
f 11926 11642 11639
f 11932 11931 11643
f 11932 11643 11642
f 11927 11932 11642
f 11926 11927 11642
f 11933 11931 11932
f 11930 11928 11644
f 11645 11930 11644
f 11934 11930 11645
f 11644 11928 11640
f 11935 11647 11931
f 11931 11647 11643
f 11931 11933 11936
f 11931 11936 11935
f 11939 11938 11937
f 11938 11934 11937
f 11934 11648 11937
f 11934 11645 11648
f 11940 11650 11935
f 11935 11650 11647
f 11935 11936 11941
f 11942 11935 11941
f 11940 11935 11942
f 11943 11942 11941
f 11946 11945 11944
f 11944 11945 11939
f 11944 11939 11937
f 11652 11944 11937
f 11651 11652 11937
f 11651 11937 11648
f 11940 11654 11650
f 11654 11940 11655
f 11940 11947 11655
f 11940 11942 11947
f 11942 11943 11948
f 11942 11948 11947
f 11951 11950 11949
f 11953 11952 11949
f 11953 11949 11950
f 11955 11954 11952
f 11955 11952 11953
f 11954 11955 11946
f 11944 11954 11946
f 11956 11954 11944
f 11656 11956 11652
f 11652 11956 11944
f 11947 11658 11655
f 11958 11957 11659
f 11958 11659 11658
f 11948 11958 11658
f 11947 11948 11658
f 11959 11957 11958
f 11962 11961 11960
f 11964 11963 11960
f 11964 11960 11961
f 11963 11964 11951
f 11949 11963 11951
f 11965 11963 11949
f 11966 11949 11952
f 11965 11949 11966
f 11967 11952 11954
f 11966 11952 11967
f 11968 11954 11956
f 11967 11954 11968
f 11660 11968 11656
f 11656 11968 11956
f 11969 11662 11957
f 11957 11662 11659
f 11957 11959 11970
f 11971 11957 11970
f 11969 11957 11971
f 11972 11971 11970
f 11975 11974 11973
f 11977 11976 11973
f 11977 11973 11974
f 11979 11978 11976
f 11979 11976 11977
f 11981 11980 11978
f 11981 11978 11979
f 11983 11982 11980
f 11983 11980 11981
f 11985 11984 11982
f 11985 11982 11983
f 11984 11985 11962
f 11984 11962 11960
f 11665 11984 11960
f 11664 11665 11960
f 11664 11960 11667
f 11667 11960 11963
f 11667 11963 11669
f 11669 11963 11965
f 11669 11965 11670
f 11965 11986 11670
f 11965 11966 11986
f 11673 11986 11672
f 11986 11967 11672
f 11986 11966 11967
f 11672 11967 11675
f 11675 11967 11968
f 11675 11968 11660
f 11969 11677 11662
f 11677 11969 11678
f 11969 11987 11678
f 11969 11971 11987
f 11971 11972 11988
f 11989 11971 11988
f 11987 11971 11989
f 11990 11989 11988
f 11993 11992 11991
f 11995 11994 11991
f 11995 11991 11992
f 11997 11996 11994
f 11997 11994 11995
f 11999 11998 11996
f 11999 11996 11997
f 11998 11999 11975
f 11998 11975 11973
f 11681 11998 11973
f 11680 11681 11973
f 11680 11973 11683
f 11683 11973 11976
f 11683 11976 11685
f 11685 11976 11978
f 11685 11978 11687
f 11687 11978 11980
f 11687 11980 11689
f 11689 11980 11982
f 11689 11982 11691
f 11691 11982 11984
f 11691 11984 11665
f 11986 11695 11670
f 11695 11986 11673
f 11987 11699 11678
f 11699 11987 11701
f 11987 12000 11701
f 11987 11989 12000
f 11989 11990 12001
f 12002 11989 12001
f 12000 11989 12002
f 12003 12002 12001
f 12006 12005 12004
f 12008 12007 12004
f 12008 12004 12005
f 12007 12008 11993
f 11991 12007 11993
f 12009 12007 11991
f 11704 12009 11703
f 12009 11994 11703
f 12009 11991 11994
f 11703 11994 11706
f 11706 11994 11996
f 11706 11996 11708
f 11708 11996 11998
f 11708 11998 11681
f 12000 11710 11701
f 11710 12000 11712
f 12000 12010 11712
f 12000 12002 12010
f 12002 12003 12011
f 12012 12002 12011
f 12010 12002 12012
f 12013 12012 12011
f 12016 12015 12014
f 12018 12017 12014
f 12018 12014 12015
f 12017 12018 12006
f 12004 12017 12006
f 12019 12017 12004
f 11715 12019 11714
f 12019 12007 11714
f 12019 12004 12007
f 11714 12007 11717
f 11717 12007 12009
f 11717 12009 11704
f 12010 11719 11712
f 11719 12010 11722
f 11722 12010 12012
f 12021 12020 11723
f 12021 11723 11722
f 12013 12021 11722
f 12012 12013 11722
f 12023 12022 12020
f 12023 12020 12021
f 12025 12024 12022
f 12025 12022 12023
f 12027 12026 12024
f 12027 12024 12025
f 12029 12028 12026
f 12029 12026 12027
f 12031 12030 12028
f 12031 12028 12029
f 12033 12032 12030
f 12033 12030 12031
f 12032 12033 12016
f 12014 12032 12016
f 12034 12032 12014
f 12035 12014 12017
f 12034 12014 12035
f 11726 12035 11725
f 12035 12019 11725
f 12035 12017 12019
f 11725 12019 11715
f 12020 11728 11723
f 11728 12020 11731
f 11731 12020 12022
f 11731 12022 11732
f 12022 12036 11732
f 12022 12024 12036
f 12037 12024 12026
f 12036 12024 12037
f 12038 12026 12028
f 12037 12026 12038
f 12039 12028 12030
f 12038 12028 12039
f 12040 12030 12032
f 12039 12030 12040
f 11735 12040 11734
f 12040 12034 11734
f 12040 12032 12034
f 11734 12034 11737
f 11737 12034 12035
f 11737 12035 11726
f 12036 11740 11732
f 11740 12036 11743
f 11743 12036 12037
f 11743 12037 11745
f 11745 12037 12038
f 11745 12038 11747
f 11747 12038 12039
f 11747 12039 11749
f 11749 12039 12040
f 11749 12040 11735
f 12041 11757 11758
f 12041 11758 12042
f 11758 12043 12042
f 11758 11759 12043
f 12044 11759 11760
f 12044 12043 11759
f 12045 11760 11761
f 12045 12044 11760
f 12046 11761 11762
f 12046 12045 11761
f 12047 11762 11763
f 12047 12046 11762
f 11763 11764 12047
f 12047 11764 12048
f 12049 11769 11770
f 11771 12050 11770
f 11770 12050 12049
f 12051 12050 11771
f 12051 11771 11757
f 12052 12051 11757
f 12041 12052 11757
f 12052 12041 12042
f 12053 12048 11764
f 12053 11764 11772
f 12054 11772 11773
f 12054 12053 11772
f 11773 11774 12054
f 12054 11774 12055
f 12056 11779 11780
f 11781 12057 11780
f 11780 12057 12056
f 11782 12058 11781
f 11781 12058 12057
f 11783 12059 11782
f 11782 12059 12058
f 12060 12059 11783
f 12060 11783 11769
f 12061 12060 11769
f 12049 12061 11769
f 12061 12049 12050
f 12061 12050 12062
f 12062 12050 12051
f 12063 12055 11774
f 12063 11774 11784
f 11784 11785 12063
f 12063 11785 12064
f 12065 11787 11788
f 11789 12066 11788
f 11788 12066 12065
f 11790 12067 11789
f 11789 12067 12066
f 11779 12056 11790
f 12056 12067 11790
f 12056 12068 12067
f 12069 12056 12057
f 12068 12056 12069
f 12070 12057 12058
f 12069 12057 12070
f 12059 12072 12071
f 12070 12059 12071
f 12058 12059 12070
f 12072 12059 12060
f 11791 12074 12073
f 12064 11791 12073
f 11785 11791 12064
f 12074 12075 12073
f 12077 12076 11794
f 11794 12076 11793
f 12078 11794 11795
f 12078 12077 11794
f 12080 12079 11797
f 12079 11795 11797
f 12079 12078 11795
f 12080 12081 12079
f 12083 12082 11800
f 11800 12082 11799
f 11800 11787 12065
f 12084 11800 12065
f 12083 11800 12084
f 12084 12065 12066
f 12084 12066 12085
f 12085 12066 12067
f 12085 12067 12086
f 12086 12067 12068
f 12086 12068 12087
f 12087 12068 12069
f 12087 12069 12088
f 12088 12069 12070
f 12088 12070 12089
f 12089 12070 12071
f 11801 12074 11791
f 11801 11802 12074
f 11802 12075 12074
f 11802 12090 12075
f 12092 12091 11805
f 11805 12091 11804
f 12093 11805 11806
f 12093 12092 11805
f 11806 11793 12076
f 11806 12076 12093
f 11807 12080 11797
f 12095 12094 11809
f 11809 12094 11807
f 12094 12081 11807
f 12081 12080 11807
f 12095 12096 12094
f 12082 11811 11799
f 12097 11811 12082
f 12100 12099 12098
f 12099 12090 12098
f 12090 11813 12098
f 12090 11802 11813
f 12102 12101 11815
f 11815 12101 11814
f 11815 11804 12091
f 11815 12091 12102
f 11816 12095 11809
f 12104 12103 11818
f 11818 12103 11816
f 12103 12096 11816
f 12096 12095 11816
f 12104 12105 12103
f 12106 11819 11820
f 12107 12106 11820
f 11811 12107 11820
f 12097 12107 11811
f 12100 12098 12108
f 12100 12108 12109
f 12108 12098 11813
f 12110 12108 11813
f 11821 12110 11813
f 12111 12108 12110
f 11821 11814 12101
f 11821 12101 12110
f 11823 12112 12104
f 11823 12104 11818
f 12105 12104 12113
f 12113 12104 12112
f 12114 11824 12106
f 12106 11824 11819
f 12106 12107 12115
f 12106 12115 12114
f 12116 12109 12108
f 12116 12108 12111
f 11826 12117 11827
f 12112 11823 11827
f 12117 12112 11827
f 12118 12112 12117
f 12113 12112 12119
f 12119 12112 12118
f 12120 11829 12114
f 12114 11829 11824
f 12114 12115 12121
f 12114 12121 12120
f 11831 12122 12117
f 11831 12117 11826
f 12124 12118 12123
f 12118 12122 12123
f 12118 12117 12122
f 12118 12124 12119
f 12125 11833 12120
f 12120 11833 11829
f 12120 12121 12126
f 12120 12126 12125
f 11835 12127 12122
f 11835 12122 11831
f 12123 12122 12128
f 12128 12122 12127
f 12129 11837 12125
f 12125 11837 11833
f 12125 12126 12130
f 12125 12130 12129
f 11838 12127 11835
f 11838 11840 12127
f 11840 12128 12127
f 11840 12131 12128
f 12133 12132 12129
f 12132 11837 12129
f 12132 11842 11837
f 12133 12129 12130
f 11843 12135 12134
f 12131 11843 12134
f 11840 11843 12131
f 12135 12136 12134
f 12139 12138 12137
f 11846 11847 12137
f 11847 12139 12137
f 11847 12140 12139
f 11847 11842 12132
f 11847 12132 12140
f 11848 12135 11843
f 11848 11850 12135
f 11850 12136 12135
f 11850 12141 12136
f 12143 12142 11854
f 11854 12142 11853
f 11855 12137 12138
f 12143 11855 12138
f 11854 11855 12143
f 12137 11855 11846
f 12144 12141 11850
f 12144 11850 11856
f 11856 11857 12144
f 12144 11857 12145
f 12146 11859 11860
f 11853 12142 12147
f 12146 11853 12147
f 12148 12146 12147
f 11860 11853 12146
f 12149 12148 12147
f 11857 11861 12150
f 12151 11857 12150
f 12145 11857 12151
f 11862 12150 11861
f 12152 11863 12146
f 12146 11863 11859
f 12148 12154 12153
f 12152 12148 12153
f 12146 12148 12152
f 12154 12148 12149
f 12155 12151 12150
f 12150 11862 12155
f 11862 12156 12155
f 11862 11865 12156
f 12158 12157 11867
f 11867 12157 11866
f 11867 11863 12152
f 12159 11867 12152
f 12158 11867 12159
f 12159 12152 12153
f 11865 11868 12160
f 12161 11865 12160
f 12156 11865 12161
f 11870 12160 11868
f 12157 11872 11866
f 12162 11872 12157
f 12163 12161 12160
f 12165 12163 12164
f 12164 12163 11873
f 12163 12160 11873
f 12160 11870 11873
f 11874 12164 11873
f 12166 11875 11876
f 12167 12166 11876
f 11872 12167 11876
f 12162 12167 11872
f 12168 12165 12164
f 12164 11874 12168
f 11874 12169 12168
f 11874 11877 12169
f 12170 11878 12166
f 12166 11878 11875
f 12166 12167 12171
f 12166 12171 12170
f 11879 12169 11877
f 11879 12172 12169
f 12170 11880 11878
f 11882 11880 12170
f 12171 11882 12170
f 12173 11882 12171
f 11883 12172 11879
f 11883 12174 12172
f 12176 11884 12175
f 11884 12173 12175
f 11884 11882 12173
f 12177 12176 12175
f 11885 12174 11883
f 11885 12178 12174
f 12176 11886 11884
f 12180 12179 11888
f 12180 11888 11886
f 12177 12180 11886
f 12176 12177 11886
f 12181 12179 12180
f 11889 12178 11885
f 11889 12182 12178
f 12183 11891 12179
f 12179 11891 11888
f 12179 12181 12184
f 12179 12184 12183
f 11892 12182 11889
f 11892 12185 12182
f 12183 11894 11891
f 12187 12186 11895
f 12187 11895 11894
f 12184 12187 11894
f 12183 12184 11894
f 12188 12186 12187
f 11896 12185 11892
f 11896 12189 12185
f 12186 11898 11895
f 12191 12190 11900
f 12191 11900 11898
f 12188 12191 11898
f 12186 12188 11898
f 12192 12190 12191
f 11901 12189 11896
f 11901 12193 12189
f 12194 11903 11904
f 11900 12190 11904
f 12190 12194 11904
f 12190 12195 12194
f 12190 12192 12196
f 12190 12196 12195
f 12198 12197 11905
f 12198 11905 11906
f 11901 11905 12193
f 12193 11905 12197
f 12199 11908 12194
f 12194 11908 11903
f 12195 12201 12200
f 12199 12195 12200
f 12194 12195 12199
f 12201 12195 12196
f 11909 12198 11906
f 11909 12202 12198
f 12203 11911 11912
f 11908 12199 11912
f 12199 12203 11912
f 12199 12204 12203
f 12199 12200 12205
f 12199 12205 12204
f 11913 12202 11909
f 11913 12206 12202
f 12207 11915 12203
f 12203 11915 11911
f 12204 12209 12208
f 12207 12204 12208
f 12203 12204 12207
f 12209 12204 12205
f 12211 12210 11917
f 12211 11917 11918
f 11913 11917 12206
f 12206 11917 12210
f 12212 11920 12207
f 12207 11920 11915
f 12207 12208 12213
f 12207 12213 12212
f 11922 12211 11918
f 11922 12214 12211
f 12215 11924 12212
f 12212 11924 11920
f 12212 12213 12216
f 12217 12212 12216
f 12215 12212 12217
f 12218 12217 12216
f 12221 12220 12219
f 12220 12214 12219
f 12214 11925 12219
f 12214 11922 11925
f 12222 11927 12215
f 12215 11927 11924
f 12223 12215 12217
f 12222 12215 12223
f 12217 12218 12224
f 12217 12224 12223
f 12227 12226 12225
f 12225 12226 12221
f 12225 12221 12219
f 11930 12225 12219
f 11929 11930 12219
f 11929 12219 11925
f 12222 11932 11927
f 11932 12222 11933
f 12222 12228 11933
f 12222 12223 12228
f 12223 12224 12229
f 12223 12229 12228
f 12232 12231 12230
f 12234 12233 12230
f 12234 12230 12231
f 12233 12234 12227
f 12225 12233 12227
f 12235 12233 12225
f 11934 12235 11930
f 11930 12235 12225
f 12236 11936 12228
f 12228 11936 11933
f 12228 12229 12237
f 12238 12228 12237
f 12236 12228 12238
f 12239 12238 12237
f 12242 12241 12240
f 12240 12241 12232
f 12230 12240 12232
f 12243 12240 12230
f 12244 12230 12233
f 12243 12230 12244
f 11939 12244 11938
f 12244 12235 11938
f 12244 12233 12235
f 11938 12235 11934
f 12236 11941 11936
f 11941 12236 11943
f 12236 12245 11943
f 12236 12238 12245
f 12238 12239 12246
f 12238 12246 12245
f 12249 12248 12247
f 12247 12248 12242
f 12240 12247 12242
f 12250 12247 12240
f 12251 12240 12243
f 12250 12240 12251
f 11946 12251 11945
f 12251 12244 11945
f 12251 12243 12244
f 11945 12244 11939
f 12252 11948 12245
f 12245 11948 11943
f 12245 12246 12253
f 12254 12245 12253
f 12252 12245 12254
f 12255 12254 12253
f 12258 12257 12256
f 12260 12259 12256
f 12260 12256 12257
f 12262 12261 12259
f 12262 12259 12260
f 12261 12262 12249
f 12261 12249 12247
f 11951 12261 12247
f 11950 11951 12247
f 11950 12247 11953
f 11953 12247 12250
f 11953 12250 11955
f 11955 12250 12251
f 11955 12251 11946
f 12252 11958 11948
f 11958 12252 11959
f 12252 12263 11959
f 12252 12254 12263
f 12254 12255 12264
f 12265 12254 12264
f 12263 12254 12265
f 12266 12265 12264
f 12269 12268 12267
f 12271 12270 12267
f 12271 12267 12268
f 12273 12272 12270
f 12273 12270 12271
f 12275 12274 12272
f 12275 12272 12273
f 12277 12276 12274
f 12277 12274 12275
f 12276 12277 12258
f 12256 12276 12258
f 12278 12276 12256
f 11962 12278 11961
f 12278 12259 11961
f 12278 12256 12259
f 11961 12259 11964
f 11964 12259 12261
f 11964 12261 11951
f 12263 11970 11959
f 11970 12263 11972
f 12263 12279 11972
f 12263 12265 12279
f 12265 12266 12280
f 12281 12265 12280
f 12279 12265 12281
f 12282 12281 12280
f 12285 12284 12283
f 12287 12286 12283
f 12287 12283 12284
f 12289 12288 12286
f 12289 12286 12287
f 12291 12290 12288
f 12291 12288 12289
f 12293 12292 12290
f 12293 12290 12291
f 12295 12294 12292
f 12295 12292 12293
f 12297 12296 12294
f 12297 12294 12295
f 12296 12297 12269
f 12296 12269 12267
f 11975 12296 12267
f 11974 11975 12267
f 11974 12267 11977
f 11977 12267 12270
f 11977 12270 11979
f 11979 12270 12272
f 11979 12272 11981
f 11981 12272 12274
f 11981 12274 11983
f 11983 12274 12276
f 11983 12276 11985
f 11985 12276 12278
f 11985 12278 11962
f 12279 11988 11972
f 11988 12279 11990
f 12279 12298 11990
f 12279 12281 12298
f 12281 12282 12299
f 12300 12281 12299
f 12298 12281 12300
f 12302 12301 12300
f 12302 12300 12299
f 12303 12301 12302
f 12306 12305 12304
f 12308 12307 12304
f 12308 12304 12305
f 12307 12308 12285
f 12283 12307 12285
f 12309 12307 12283
f 12310 12283 12286
f 12309 12283 12310
f 12311 12286 12288
f 12310 12286 12311
f 11993 12311 11992
f 12311 12290 11992
f 12311 12288 12290
f 11992 12290 11995
f 11995 12290 12292
f 11995 12292 11997
f 11997 12292 12294
f 11997 12294 11999
f 11999 12294 12296
f 11999 12296 11975
f 12298 12001 11990
f 12001 12298 12003
f 12298 12312 12003
f 12298 12300 12312
f 12313 12300 12301
f 12312 12300 12313
f 12301 12303 12314
f 12315 12301 12314
f 12313 12301 12315
f 12317 12316 12315
f 12317 12315 12314
f 12319 12318 12316
f 12319 12316 12317
f 12321 12320 12318
f 12321 12318 12319
f 12323 12322 12320
f 12323 12320 12321
f 12322 12323 12306
f 12304 12322 12306
f 12324 12322 12304
f 12325 12304 12307
f 12324 12304 12325
f 12326 12307 12309
f 12325 12307 12326
f 12006 12326 12005
f 12326 12310 12005
f 12326 12309 12310
f 12005 12310 12008
f 12008 12310 12311
f 12008 12311 11993
f 12312 12011 12003
f 12011 12312 12013
f 12312 12327 12013
f 12312 12313 12327
f 12328 12313 12315
f 12327 12313 12328
f 12329 12315 12316
f 12328 12315 12329
f 12330 12316 12318
f 12329 12316 12330
f 12331 12318 12320
f 12330 12318 12331
f 12332 12320 12322
f 12331 12320 12332
f 12333 12322 12324
f 12332 12322 12333
f 12016 12333 12015
f 12333 12325 12015
f 12333 12324 12325
f 12015 12325 12018
f 12018 12325 12326
f 12018 12326 12006
f 12327 12021 12013
f 12021 12327 12023
f 12023 12327 12328
f 12023 12328 12025
f 12025 12328 12329
f 12025 12329 12027
f 12027 12329 12330
f 12027 12330 12029
f 12029 12330 12331
f 12029 12331 12031
f 12031 12331 12332
f 12031 12332 12033
f 12033 12332 12333
f 12033 12333 12016
f 12335 12334 12043
f 12043 12334 12042
f 12336 12043 12044
f 12336 12335 12043
f 12337 12044 12045
f 12337 12336 12044
f 12338 12045 12046
f 12338 12337 12045
f 12339 12046 12047
f 12339 12338 12046
f 12341 12340 12048
f 12340 12047 12048
f 12340 12339 12047
f 12341 12342 12340
f 12344 12343 12052
f 12052 12343 12051
f 12052 12042 12334
f 12052 12334 12344
f 12053 12341 12048
f 12345 12342 12341
f 12053 12345 12341
f 12054 12345 12053
f 12347 12346 12055
f 12346 12054 12055
f 12346 12345 12054
f 12347 12348 12346
f 12349 12060 12061
f 12349 12061 12350
f 12061 12351 12350
f 12061 12062 12351
f 12062 12051 12343
f 12062 12343 12351
f 12063 12347 12055
f 12353 12352 12064
f 12064 12352 12063
f 12352 12348 12063
f 12348 12347 12063
f 12353 12354 12352
f 12355 12071 12072
f 12356 12355 12072
f 12356 12072 12060
f 12357 12356 12060
f 12349 12357 12060
f 12357 12349 12350
f 12073 12353 12064
f 12073 12075 12353
f 12075 12354 12353
f 12075 12358 12354
f 12360 12359 12077
f 12077 12359 12076
f 12361 12077 12078
f 12361 12360 12077
f 12362 12078 12079
f 12362 12361 12078
f 12364 12363 12081
f 12363 12079 12081
f 12363 12362 12079
f 12364 12365 12363
f 12366 12082 12083
f 12084 12367 12083
f 12083 12367 12366
f 12085 12368 12084
f 12084 12368 12367
f 12086 12369 12085
f 12085 12369 12368
f 12087 12370 12086
f 12086 12370 12369
f 12370 12087 12371
f 12087 12372 12371
f 12087 12088 12372
f 12373 12088 12089
f 12373 12372 12088
f 12089 12071 12355
f 12374 12089 12355
f 12373 12089 12374
f 12374 12355 12356
f 12090 12358 12075
f 12090 12375 12358
f 12376 12091 12092
f 12376 12092 12377
f 12092 12378 12377
f 12092 12093 12378
f 12093 12076 12359
f 12093 12359 12378
f 12094 12364 12081
f 12380 12379 12096
f 12096 12379 12094
f 12379 12365 12094
f 12365 12364 12094
f 12380 12381 12379
f 12383 12382 12366
f 12382 12082 12366
f 12382 12097 12082
f 12383 12366 12367
f 12383 12367 12384
f 12384 12367 12368
f 12384 12368 12385
f 12385 12368 12369
f 12385 12369 12386
f 12386 12369 12370
f 12386 12370 12387
f 12387 12370 12371
f 12389 12388 12099
f 12389 12099 12100
f 12090 12099 12375
f 12375 12099 12388
f 12390 12101 12102
f 12391 12390 12102
f 12391 12102 12091
f 12392 12391 12091
f 12376 12392 12091
f 12392 12376 12377
f 12103 12380 12096
f 12103 12105 12380
f 12105 12381 12380
f 12105 12393 12381
f 12382 12107 12097
f 12394 12107 12382
f 12109 12389 12100
f 12109 12395 12389
f 12396 12111 12110
f 12397 12396 12110
f 12397 12110 12101
f 12398 12397 12101
f 12390 12398 12101
f 12398 12390 12391
f 12113 12400 12399
f 12393 12113 12399
f 12105 12113 12393
f 12400 12401 12399
f 12394 12115 12107
f 12402 12115 12394
f 12403 12395 12109
f 12403 12109 12116
f 12116 12111 12396
f 12404 12116 12396
f 12403 12116 12404
f 12404 12396 12397
f 12119 12405 12400
f 12119 12400 12113
f 12401 12400 12406
f 12406 12400 12405
f 12402 12121 12115
f 12407 12121 12402
f 12123 12408 12124
f 12405 12119 12124
f 12408 12405 12124
f 12409 12405 12408
f 12406 12405 12410
f 12410 12405 12409
f 12407 12126 12121
f 12411 12126 12407
f 12128 12412 12408
f 12128 12408 12123
f 12414 12409 12413
f 12409 12412 12413
f 12409 12408 12412
f 12409 12414 12410
f 12411 12130 12126
f 12415 12130 12411
f 12417 12416 12412
f 12128 12417 12412
f 12131 12417 12128
f 12412 12416 12413
f 12420 12419 12418
f 12422 12421 12418
f 12418 12421 12420
f 12132 12133 12422
f 12133 12421 12422
f 12133 12423 12421
f 12133 12130 12415
f 12133 12415 12423
f 12424 12417 12131
f 12424 12131 12134
f 12134 12136 12424
f 12424 12136 12425
f 12418 12419 12139
f 12419 12138 12139
f 12419 12426 12138
f 12418 12139 12140
f 12418 12140 12422
f 12422 12140 12132
f 12141 12428 12427
f 12425 12141 12427
f 12136 12141 12425
f 12428 12429 12427
f 12430 12142 12143
f 12431 12430 12143
f 12138 12431 12143
f 12426 12431 12138
f 12144 12428 12141
f 12144 12145 12428
f 12145 12429 12428
f 12145 12432 12429
f 12430 12147 12142
f 12149 12147 12430
f 12431 12149 12430
f 12433 12149 12431
f 12151 12432 12145
f 12151 12434 12432
f 12435 12153 12154
f 12436 12435 12154
f 12149 12436 12154
f 12433 12436 12149
f 12437 12434 12151
f 12437 12151 12155
f 12155 12156 12437
f 12437 12156 12438
f 12439 12157 12158
f 12439 12158 12440
f 12158 12441 12440
f 12158 12159 12441
f 12159 12153 12435
f 12442 12159 12435
f 12441 12159 12442
f 12442 12435 12436
f 12161 12438 12156
f 12161 12443 12438
f 12445 12444 12439
f 12444 12157 12439
f 12444 12162 12157
f 12445 12439 12440
f 12446 12443 12161
f 12446 12161 12163
f 12163 12165 12446
f 12446 12165 12447
f 12444 12167 12162
f 12448 12167 12444
f 12165 12168 12449
f 12450 12165 12449
f 12447 12165 12450
f 12169 12449 12168
f 12452 12171 12451
f 12171 12448 12451
f 12171 12167 12448
f 12453 12452 12451
f 12450 12449 12454
f 12450 12454 12455
f 12172 12454 12169
f 12169 12454 12449
f 12456 12173 12452
f 12452 12173 12171
f 12452 12453 12457
f 12452 12457 12456
f 12455 12454 12458
f 12455 12458 12459
f 12174 12458 12172
f 12172 12458 12454
f 12456 12175 12173
f 12177 12175 12456
f 12457 12177 12456
f 12460 12177 12457
f 12461 12459 12458
f 12458 12174 12461
f 12174 12462 12461
f 12174 12178 12462
f 12460 12463 12177
f 12177 12463 12180
f 12465 12464 12181
f 12180 12465 12181
f 12463 12465 12180
f 12466 12464 12465
f 12182 12462 12178
f 12182 12467 12462
f 12468 12184 12464
f 12464 12184 12181
f 12464 12466 12469
f 12470 12464 12469
f 12468 12464 12470
f 12471 12470 12469
f 12185 12467 12182
f 12185 12472 12467
f 12468 12187 12184
f 12187 12468 12188
f 12468 12473 12188
f 12468 12470 12473
f 12470 12471 12474
f 12475 12470 12474
f 12473 12470 12475
f 12476 12475 12474
f 12189 12472 12185
f 12189 12477 12472
f 12473 12191 12188
f 12191 12473 12192
f 12473 12478 12192
f 12473 12475 12478
f 12475 12476 12479
f 12475 12479 12478
f 12193 12477 12189
f 12193 12480 12477
f 12481 12196 12478
f 12478 12196 12192
f 12478 12479 12482
f 12478 12482 12481
f 12484 12483 12197
f 12484 12197 12198
f 12193 12197 12480
f 12480 12197 12483
f 12485 12200 12201
f 12196 12481 12201
f 12481 12485 12201
f 12481 12486 12485
f 12481 12482 12487
f 12481 12487 12486
f 12202 12484 12198
f 12202 12488 12484
f 12489 12205 12485
f 12485 12205 12200
f 12486 12491 12490
f 12489 12486 12490
f 12485 12486 12489
f 12491 12486 12487
f 12206 12488 12202
f 12206 12492 12488
f 12493 12208 12209
f 12205 12489 12209
f 12489 12493 12209
f 12489 12494 12493
f 12489 12490 12495
f 12489 12495 12494
f 12498 12497 12496
f 12500 12499 12496
f 12500 12496 12497
f 12502 12501 12499
f 12502 12499 12500
f 12210 12211 12501
f 12502 12210 12501
f 12503 12210 12502
f 12206 12210 12492
f 12492 12210 12503
f 12504 12213 12493
f 12493 12213 12208
f 12505 12493 12494
f 12504 12493 12505
f 12494 12495 12506
f 12494 12506 12505
f 12498 12496 12507
f 12498 12507 12508
f 12509 12496 12499
f 12507 12496 12509
f 12510 12499 12501
f 12509 12499 12510
f 12214 12510 12211
f 12211 12510 12501
f 12504 12216 12213
f 12216 12504 12218
f 12504 12511 12218
f 12504 12505 12511
f 12505 12506 12512
f 12505 12512 12511
f 12515 12514 12513
f 12513 12514 12508
f 12507 12513 12508
f 12516 12513 12507
f 12517 12507 12509
f 12516 12507 12517
f 12221 12517 12220
f 12517 12510 12220
f 12517 12509 12510
f 12220 12510 12214
f 12518 12224 12511
f 12511 12224 12218
f 12511 12512 12519
f 12520 12511 12519
f 12518 12511 12520
f 12521 12520 12519
f 12524 12523 12522
f 12522 12523 12515
f 12513 12522 12515
f 12525 12522 12513
f 12526 12513 12516
f 12525 12513 12526
f 12227 12526 12226
f 12526 12517 12226
f 12526 12516 12517
f 12226 12517 12221
f 12527 12229 12518
f 12518 12229 12224
f 12528 12518 12520
f 12527 12518 12528
f 12520 12521 12529
f 12520 12529 12528
f 12532 12531 12530
f 12530 12531 12524
f 12522 12530 12524
f 12533 12530 12522
f 12232 12533 12231
f 12533 12525 12231
f 12533 12522 12525
f 12231 12525 12234
f 12234 12525 12526
f 12234 12526 12227
f 12527 12237 12229
f 12237 12527 12239
f 12527 12534 12239
f 12527 12528 12534
f 12528 12529 12535
f 12536 12528 12535
f 12534 12528 12536
f 12537 12536 12535
f 12540 12539 12538
f 12538 12539 12532
f 12530 12538 12532
f 12541 12538 12530
f 12242 12541 12241
f 12541 12533 12241
f 12541 12530 12533
f 12241 12533 12232
f 12542 12246 12534
f 12534 12246 12239
f 12543 12534 12536
f 12542 12534 12543
f 12536 12537 12544
f 12545 12536 12544
f 12543 12536 12545
f 12546 12545 12544
f 12549 12548 12547
f 12551 12550 12547
f 12551 12547 12548
f 12553 12552 12550
f 12553 12550 12551
f 12552 12553 12540
f 12538 12552 12540
f 12554 12552 12538
f 12249 12554 12248
f 12554 12541 12248
f 12554 12538 12541
f 12248 12541 12242
f 12542 12253 12246
f 12253 12542 12255
f 12542 12555 12255
f 12542 12543 12555
f 12556 12543 12545
f 12555 12543 12556
f 12545 12546 12557
f 12558 12545 12557
f 12556 12545 12558
f 12559 12558 12557
f 12562 12561 12560
f 12564 12563 12560
f 12564 12560 12561
f 12566 12565 12563
f 12566 12563 12564
f 12568 12567 12565
f 12568 12565 12566
f 12569 12567 12568
f 12572 12571 12570
f 12574 12573 12570
f 12574 12570 12571
f 12576 12575 12573
f 12576 12573 12574
f 12578 12577 12575
f 12578 12575 12576
f 12580 12579 12577
f 12580 12577 12578
f 12579 12580 12549
f 12547 12579 12549
f 12581 12579 12547
f 12258 12581 12257
f 12581 12550 12257
f 12581 12547 12550
f 12257 12550 12260
f 12260 12550 12552
f 12260 12552 12262
f 12262 12552 12554
f 12262 12554 12249
f 12555 12264 12255
f 12264 12555 12266
f 12555 12582 12266
f 12555 12556 12582
f 12583 12556 12558
f 12582 12556 12583
f 12558 12559 12584
f 12585 12558 12584
f 12583 12558 12585
f 12587 12586 12585
f 12587 12585 12584
f 12588 12586 12587
f 12591 12590 12589
f 12593 12592 12589
f 12593 12589 12590
f 12595 12594 12592
f 12595 12592 12593
f 12594 12595 12562
f 12560 12594 12562
f 12596 12594 12560
f 12597 12560 12563
f 12596 12560 12597
f 12598 12563 12565
f 12597 12563 12598
f 12599 12565 12567
f 12598 12565 12599
f 12567 12569 12600
f 12601 12567 12600
f 12599 12567 12601
f 12603 12602 12601
f 12603 12601 12600
f 12605 12604 12602
f 12605 12602 12603
f 12604 12605 12572
f 12570 12604 12572
f 12606 12604 12570
f 12269 12606 12268
f 12606 12573 12268
f 12606 12570 12573
f 12268 12573 12271
f 12271 12573 12575
f 12271 12575 12273
f 12273 12575 12577
f 12273 12577 12275
f 12275 12577 12579
f 12275 12579 12277
f 12277 12579 12581
f 12277 12581 12258
f 12582 12280 12266
f 12280 12582 12282
f 12582 12607 12282
f 12582 12583 12607
f 12608 12583 12585
f 12607 12583 12608
f 12609 12585 12586
f 12608 12585 12609
f 12586 12588 12610
f 12611 12586 12610
f 12609 12586 12611
f 12613 12612 12611
f 12613 12611 12610
f 12612 12613 12591
f 12589 12612 12591
f 12614 12612 12589
f 12615 12589 12592
f 12614 12589 12615
f 12616 12592 12594
f 12615 12592 12616
f 12617 12594 12596
f 12616 12594 12617
f 12285 12617 12284
f 12617 12597 12284
f 12617 12596 12597
f 12284 12597 12287
f 12287 12597 12598
f 12287 12598 12289
f 12289 12598 12599
f 12289 12599 12291
f 12291 12599 12601
f 12291 12601 12293
f 12293 12601 12602
f 12293 12602 12295
f 12295 12602 12604
f 12295 12604 12297
f 12297 12604 12606
f 12297 12606 12269
f 12607 12299 12282
f 12299 12607 12302
f 12302 12607 12608
f 12302 12608 12303
f 12608 12618 12303
f 12608 12609 12618
f 12619 12609 12611
f 12618 12609 12619
f 12620 12611 12612
f 12619 12611 12620
f 12621 12612 12614
f 12620 12612 12621
f 12622 12614 12615
f 12621 12614 12622
f 12306 12622 12305
f 12622 12616 12305
f 12622 12615 12616
f 12305 12616 12308
f 12308 12616 12617
f 12308 12617 12285
f 12618 12314 12303
f 12314 12618 12317
f 12317 12618 12619
f 12317 12619 12319
f 12319 12619 12620
f 12319 12620 12321
f 12321 12620 12621
f 12321 12621 12323
f 12323 12621 12622
f 12323 12622 12306
f 12623 12334 12335
f 12623 12335 12624
f 12335 12625 12624
f 12335 12336 12625
f 12626 12336 12337
f 12626 12625 12336
f 12627 12337 12338
f 12627 12626 12337
f 12628 12338 12339
f 12628 12627 12338
f 12629 12339 12340
f 12629 12628 12339
f 12340 12342 12629
f 12629 12342 12630
f 12631 12343 12344
f 12632 12631 12344
f 12632 12344 12334
f 12633 12632 12334
f 12623 12633 12334
f 12633 12623 12624
f 12634 12630 12342
f 12634 12342 12345
f 12635 12345 12346
f 12635 12634 12345
f 12346 12348 12635
f 12635 12348 12636
f 12637 12350 12351
f 12638 12637 12351
f 12638 12351 12343
f 12639 12638 12343
f 12631 12639 12343
f 12639 12631 12632
f 12640 12636 12348
f 12640 12348 12352
f 12352 12354 12640
f 12640 12354 12641
f 12642 12356 12357
f 12643 12642 12357
f 12643 12357 12350
f 12644 12643 12350
f 12637 12644 12350
f 12644 12637 12638
f 12358 12641 12354
f 12358 12645 12641
f 12646 12359 12360
f 12646 12360 12647
f 12360 12648 12647
f 12360 12361 12648
f 12649 12361 12362
f 12649 12648 12361
f 12650 12362 12363
f 12650 12649 12362
f 12363 12365 12650
f 12650 12365 12651
f 12652 12371 12372
f 12373 12653 12372
f 12372 12653 12652
f 12374 12654 12373
f 12373 12654 12653
f 12655 12654 12374
f 12655 12374 12356
f 12656 12655 12356
f 12642 12656 12356
f 12656 12642 12643
f 12375 12645 12358
f 12375 12657 12645
f 12659 12658 12378
f 12378 12658 12377
f 12378 12359 12646
f 12660 12378 12646
f 12659 12378 12660
f 12660 12646 12647
f 12661 12651 12365
f 12661 12365 12379
f 12379 12381 12661
f 12661 12381 12662
f 12663 12382 12383
f 12663 12383 12664
f 12383 12665 12664
f 12383 12384 12665
f 12666 12384 12385
f 12666 12665 12384
f 12667 12385 12386
f 12667 12666 12385
f 12669 12667 12668
f 12667 12387 12668
f 12667 12386 12387
f 12670 12668 12387
f 12670 12387 12371
f 12671 12670 12371
f 12652 12671 12371
f 12671 12652 12653
f 12671 12653 12672
f 12672 12653 12654
f 12672 12654 12673
f 12673 12654 12655
f 12675 12674 12388
f 12675 12388 12389
f 12375 12388 12657
f 12657 12388 12674
f 12677 12676 12392
f 12392 12676 12391
f 12392 12377 12658
f 12392 12658 12677
f 12393 12679 12678
f 12662 12393 12678
f 12381 12393 12662
f 12679 12680 12678
f 12682 12681 12663
f 12681 12382 12663
f 12681 12394 12382
f 12682 12663 12664
f 12683 12669 12668
f 12683 12668 12670
f 12395 12675 12389
f 12395 12684 12675
f 12686 12685 12398
f 12398 12685 12397
f 12398 12391 12676
f 12398 12676 12686
f 12399 12679 12393
f 12688 12687 12401
f 12401 12687 12399
f 12687 12680 12399
f 12680 12679 12399
f 12688 12689 12687
f 12681 12402 12394
f 12690 12402 12681
f 12691 12684 12395
f 12691 12395 12403
f 12692 12403 12404
f 12692 12691 12403
f 12404 12397 12685
f 12404 12685 12692
f 12406 12693 12688
f 12406 12688 12401
f 12689 12688 12694
f 12694 12688 12693
f 12690 12407 12402
f 12695 12407 12690
f 12697 12696 12693
f 12406 12697 12693
f 12410 12697 12406
f 12693 12696 12694
f 12700 12699 12698
f 12695 12700 12698
f 12411 12695 12698
f 12407 12695 12411
f 12413 12701 12414
f 12701 12702 12414
f 12702 12410 12414
f 12702 12697 12410
f 12705 12704 12703
f 12705 12703 12699
f 12703 12698 12699
f 12703 12706 12698
f 12706 12415 12411
f 12706 12411 12698
f 12417 12707 12416
f 12701 12413 12416
f 12707 12701 12416
f 12708 12701 12707
f 12702 12701 12709
f 12709 12701 12708
f 12711 12710 12420
f 12420 12710 12419
f 12421 12703 12704
f 12711 12421 12704
f 12420 12421 12711
f 12703 12421 12423
f 12703 12423 12706
f 12706 12423 12415
f 12424 12707 12417
f 12708 12707 12712
f 12707 12425 12712
f 12425 12713 12712
f 12425 12707 12424
f 12708 12712 12709
f 12710 12426 12419
f 12714 12426 12710
f 12715 12713 12425
f 12715 12425 12427
f 12427 12429 12715
f 12715 12429 12716
f 12714 12431 12426
f 12717 12431 12714
f 12432 12716 12429
f 12432 12718 12716
f 12717 12433 12431
f 12719 12433 12717
f 12434 12718 12432
f 12434 12720 12718
f 12719 12436 12433
f 12721 12436 12719
f 12722 12720 12434
f 12722 12434 12437
f 12437 12438 12722
f 12722 12438 12723
f 12724 12440 12441
f 12442 12725 12441
f 12441 12725 12724
f 12726 12725 12442
f 12436 12726 12442
f 12721 12726 12436
f 12443 12723 12438
f 12443 12727 12723
f 12728 12444 12445
f 12729 12728 12445
f 12729 12445 12440
f 12730 12729 12440
f 12724 12730 12440
f 12732 12731 12730
f 12724 12732 12730
f 12725 12732 12724
f 12725 12726 12733
f 12725 12733 12732
f 12443 12446 12734
f 12735 12443 12734
f 12727 12443 12735
f 12447 12734 12446
f 12736 12448 12728
f 12728 12448 12444
f 12728 12729 12737
f 12728 12737 12736
f 12738 12731 12732
f 12738 12732 12733
f 12739 12735 12734
f 12734 12447 12739
f 12447 12740 12739
f 12447 12450 12740
f 12736 12451 12448
f 12453 12451 12736
f 12737 12453 12736
f 12741 12453 12737
f 12455 12740 12450
f 12455 12742 12740
f 12744 12457 12743
f 12457 12741 12743
f 12457 12453 12741
f 12746 12745 12744
f 12746 12744 12743
f 12747 12745 12746
f 12459 12742 12455
f 12459 12748 12742
f 12749 12460 12744
f 12744 12460 12457
f 12750 12744 12745
f 12749 12744 12750
f 12745 12747 12751
f 12752 12745 12751
f 12750 12745 12752
f 12753 12752 12751
f 12459 12461 12754
f 12755 12459 12754
f 12748 12459 12755
f 12462 12754 12461
f 12749 12463 12460
f 12463 12749 12465
f 12465 12749 12750
f 12465 12750 12466
f 12750 12756 12466
f 12750 12752 12756
f 12752 12753 12757
f 12758 12752 12757
f 12756 12752 12758
f 12759 12758 12757
f 12755 12754 12760
f 12755 12760 12761
f 12467 12760 12462
f 12462 12760 12754
f 12756 12469 12466
f 12469 12756 12471
f 12756 12762 12471
f 12756 12758 12762
f 12758 12759 12763
f 12764 12758 12763
f 12762 12758 12764
f 12765 12764 12763
f 12761 12760 12766
f 12761 12766 12767
f 12472 12766 12467
f 12467 12766 12760
f 12762 12474 12471
f 12474 12762 12476
f 12762 12768 12476
f 12762 12764 12768
f 12764 12765 12769
f 12764 12769 12768
f 12767 12766 12770
f 12767 12770 12771
f 12477 12770 12472
f 12472 12770 12766
f 12772 12479 12768
f 12768 12479 12476
f 12768 12769 12773
f 12768 12773 12772
f 12771 12770 12774
f 12771 12774 12775
f 12480 12774 12477
f 12477 12774 12770
f 12776 12482 12772
f 12772 12482 12479
f 12772 12773 12777
f 12778 12772 12777
f 12776 12772 12778
f 12779 12778 12777
f 12782 12781 12780
f 12780 12781 12775
f 12780 12775 12774
f 12484 12780 12774
f 12483 12484 12774
f 12483 12774 12480
f 12783 12487 12776
f 12776 12487 12482
f 12784 12776 12778
f 12783 12776 12784
f 12778 12779 12785
f 12778 12785 12784
f 12788 12787 12786
f 12790 12789 12786
f 12790 12786 12787
f 12792 12791 12789
f 12792 12789 12790
f 12791 12792 12782
f 12780 12791 12782
f 12793 12791 12780
f 12488 12793 12484
f 12484 12793 12780
f 12794 12490 12491
f 12487 12783 12491
f 12783 12794 12491
f 12783 12795 12794
f 12784 12797 12796
f 12795 12784 12796
f 12783 12784 12795
f 12797 12784 12785
f 12800 12799 12798
f 12798 12799 12788
f 12786 12798 12788
f 12801 12798 12786
f 12802 12786 12789
f 12801 12786 12802
f 12803 12789 12791
f 12802 12789 12803
f 12804 12791 12793
f 12803 12791 12804
f 12492 12804 12488
f 12488 12804 12793
f 12805 12495 12794
f 12794 12495 12490
f 12806 12794 12795
f 12805 12794 12806
f 12795 12796 12807
f 12795 12807 12806
f 12800 12798 12808
f 12800 12808 12809
f 12498 12808 12497
f 12808 12801 12497
f 12808 12798 12801
f 12497 12801 12500
f 12500 12801 12802
f 12500 12802 12502
f 12502 12802 12803
f 12502 12803 12503
f 12503 12803 12804
f 12503 12804 12492
f 12810 12506 12805
f 12805 12506 12495
f 12811 12805 12806
f 12810 12805 12811
f 12806 12807 12812
f 12813 12806 12812
f 12811 12806 12813
f 12814 12813 12812
f 12817 12816 12815
f 12815 12816 12809
f 12808 12815 12809
f 12818 12815 12808
f 12508 12818 12498
f 12498 12818 12808
f 12819 12512 12810
f 12810 12512 12506
f 12820 12810 12811
f 12819 12810 12820
f 12821 12811 12813
f 12820 12811 12821
f 12813 12814 12822
f 12813 12822 12821
f 12817 12815 12823
f 12817 12823 12824
f 12515 12823 12514
f 12823 12818 12514
f 12823 12815 12818
f 12514 12818 12508
f 12819 12519 12512
f 12519 12819 12521
f 12819 12825 12521
f 12819 12820 12825
f 12826 12820 12821
f 12825 12820 12826
f 12821 12822 12827
f 12828 12821 12827
f 12826 12821 12828
f 12829 12828 12827
f 12832 12831 12830
f 12830 12831 12824
f 12830 12824 12823
f 12524 12830 12823
f 12523 12524 12823
f 12523 12823 12515
f 12833 12529 12825
f 12825 12529 12521
f 12834 12825 12826
f 12833 12825 12834
f 12835 12826 12828
f 12834 12826 12835
f 12828 12829 12836
f 12828 12836 12835
f 12839 12838 12837
f 12841 12840 12837
f 12841 12837 12838
f 12840 12841 12832
f 12840 12832 12830
f 12532 12840 12830
f 12531 12532 12830
f 12531 12830 12524
f 12833 12535 12529
f 12535 12833 12537
f 12833 12842 12537
f 12833 12834 12842
f 12843 12834 12835
f 12842 12834 12843
f 12835 12836 12844
f 12845 12835 12844
f 12843 12835 12845
f 12847 12846 12845
f 12847 12845 12844
f 12848 12846 12847
f 12851 12850 12849
f 12853 12852 12849
f 12853 12849 12850
f 12855 12854 12852
f 12855 12852 12853
f 12857 12856 12854
f 12857 12854 12855
f 12859 12858 12856
f 12859 12856 12857
f 12861 12860 12858
f 12861 12858 12859
f 12862 12860 12861
f 12865 12864 12863
f 12867 12866 12863
f 12867 12863 12864
f 12869 12868 12866
f 12869 12866 12867
f 12868 12869 12839
f 12837 12868 12839
f 12870 12868 12837
f 12540 12870 12539
f 12870 12840 12539
f 12870 12837 12840
f 12539 12840 12532
f 12842 12544 12537
f 12544 12842 12546
f 12842 12871 12546
f 12842 12843 12871
f 12872 12843 12845
f 12871 12843 12872
f 12873 12845 12846
f 12872 12845 12873
f 12846 12848 12874
f 12875 12846 12874
f 12873 12846 12875
f 12877 12876 12875
f 12877 12875 12874
f 12876 12877 12851
f 12849 12876 12851
f 12878 12876 12849
f 12879 12849 12852
f 12878 12849 12879
f 12880 12852 12854
f 12879 12852 12880
f 12881 12854 12856
f 12880 12854 12881
f 12882 12856 12858
f 12881 12856 12882
f 12883 12858 12860
f 12882 12858 12883
f 12860 12862 12884
f 12885 12860 12884
f 12883 12860 12885
f 12887 12886 12885
f 12887 12885 12884
f 12889 12888 12886
f 12889 12886 12887
f 12891 12890 12888
f 12891 12888 12889
f 12893 12892 12890
f 12893 12890 12891
f 12895 12894 12892
f 12895 12892 12893
f 12897 12896 12894
f 12897 12894 12895
f 12899 12898 12896
f 12899 12896 12897
f 12898 12899 12865
f 12863 12898 12865
f 12900 12898 12863
f 12549 12900 12548
f 12900 12866 12548
f 12900 12863 12866
f 12548 12866 12551
f 12551 12866 12868
f 12551 12868 12553
f 12553 12868 12870
f 12553 12870 12540
f 12871 12557 12546
f 12557 12871 12559
f 12871 12901 12559
f 12871 12872 12901
f 12902 12872 12873
f 12901 12872 12902
f 12903 12873 12875
f 12902 12873 12903
f 12904 12875 12876
f 12903 12875 12904
f 12905 12876 12878
f 12904 12876 12905
f 12906 12878 12879
f 12905 12878 12906
f 12907 12879 12880
f 12906 12879 12907
f 12562 12907 12561
f 12907 12881 12561
f 12907 12880 12881
f 12561 12881 12564
f 12564 12881 12882
f 12564 12882 12566
f 12566 12882 12883
f 12566 12883 12568
f 12568 12883 12885
f 12568 12885 12569
f 12885 12908 12569
f 12885 12886 12908
f 12909 12886 12888
f 12908 12886 12909
f 12910 12888 12890
f 12909 12888 12910
f 12572 12910 12571
f 12910 12892 12571
f 12910 12890 12892
f 12571 12892 12574
f 12574 12892 12894
f 12574 12894 12576
f 12576 12894 12896
f 12576 12896 12578
f 12578 12896 12898
f 12578 12898 12580
f 12580 12898 12900
f 12580 12900 12549
f 12901 12584 12559
f 12584 12901 12587
f 12587 12901 12902
f 12587 12902 12588
f 12902 12911 12588
f 12902 12903 12911
f 12912 12903 12904
f 12911 12903 12912
f 12591 12912 12590
f 12912 12905 12590
f 12912 12904 12905
f 12590 12905 12593
f 12593 12905 12906
f 12593 12906 12595
f 12595 12906 12907
f 12595 12907 12562
f 12908 12600 12569
f 12600 12908 12603
f 12603 12908 12909
f 12603 12909 12605
f 12605 12909 12910
f 12605 12910 12572
f 12911 12610 12588
f 12610 12911 12613
f 12613 12911 12912
f 12613 12912 12591
f 12915 12914 12913
f 12917 12916 12913
f 12913 12916 12915
f 12919 12918 12917
f 12917 12918 12916
f 12919 12920 12918
f 12923 12922 12921
f 12624 12625 12921
f 12625 12923 12921
f 12625 12924 12923
f 12626 12913 12914
f 12924 12626 12914
f 12625 12626 12924
f 12913 12626 12627
f 12913 12627 12917
f 12917 12627 12628
f 12917 12628 12919
f 12925 12920 12919
f 12628 12925 12919
f 12629 12925 12628
f 12927 12926 12630
f 12926 12629 12630
f 12926 12925 12629
f 12927 12928 12926
f 12921 12922 12633
f 12922 12632 12633
f 12922 12929 12632
f 12921 12633 12624
f 12634 12927 12630
f 12930 12928 12927
f 12634 12930 12927
f 12635 12930 12634
f 12635 12636 12930
f 12930 12636 12931
f 12933 12932 12639
f 12639 12932 12638
f 12639 12632 12929
f 12639 12929 12933
f 12934 12931 12636
f 12934 12636 12640
f 12640 12641 12934
f 12934 12641 12935
f 12937 12936 12644
f 12644 12936 12643
f 12644 12638 12932
f 12644 12932 12937
f 12645 12935 12641
f 12645 12938 12935
f 12940 12939 12648
f 12648 12939 12647
f 12941 12648 12649
f 12941 12940 12648
f 12943 12941 12942
f 12941 12650 12942
f 12941 12649 12650
f 12651 12942 12650
f 12945 12944 12656
f 12656 12944 12655
f 12656 12643 12936
f 12656 12936 12945
f 12657 12938 12645
f 12657 12946 12938
f 12948 12947 12659
f 12659 12947 12658
f 12949 12659 12660
f 12949 12948 12659
f 12660 12647 12939
f 12660 12939 12949
f 12950 12943 12942
f 12950 12942 12651
f 12661 12950 12651
f 12951 12950 12661
f 12953 12952 12662
f 12952 12661 12662
f 12952 12951 12661
f 12953 12954 12952
f 12956 12955 12665
f 12665 12955 12664
f 12957 12665 12666
f 12957 12956 12665
f 12959 12957 12958
f 12957 12667 12958
f 12957 12666 12667
f 12669 12958 12667
f 12960 12670 12671
f 12960 12671 12961
f 12671 12962 12961
f 12671 12672 12962
f 12963 12672 12673
f 12963 12962 12672
f 12673 12655 12944
f 12673 12944 12963
f 12965 12964 12674
f 12965 12674 12675
f 12657 12674 12946
f 12946 12674 12964
f 12967 12966 12677
f 12677 12966 12676
f 12677 12658 12947
f 12677 12947 12967
f 12678 12953 12662
f 12969 12968 12680
f 12680 12968 12678
f 12968 12954 12678
f 12954 12953 12678
f 12969 12970 12968
f 12972 12971 12682
f 12682 12971 12681
f 12682 12664 12955
f 12682 12955 12972
f 12973 12959 12958
f 12973 12958 12669
f 12683 12973 12669
f 12974 12973 12683
f 12683 12670 12960
f 12975 12683 12960
f 12974 12683 12975
f 12975 12960 12961
f 12684 12965 12675
f 12684 12976 12965
f 12978 12977 12686
f 12686 12977 12685
f 12686 12676 12966
f 12686 12966 12978
f 12687 12969 12680
f 12687 12689 12969
f 12689 12970 12969
f 12689 12979 12970
f 12982 12981 12980
f 12971 12982 12980
f 12690 12971 12980
f 12681 12971 12690
f 12983 12976 12684
f 12983 12684 12691
f 12984 12691 12692
f 12984 12983 12691
f 12692 12685 12977
f 12692 12977 12984
f 12694 12979 12689
f 12694 12985 12979
f 12980 12981 12986
f 12986 12981 12987
f 12986 12695 12690
f 12986 12690 12980
f 12697 12988 12696
f 12988 12989 12696
f 12989 12694 12696
f 12989 12985 12694
f 12992 12991 12990
f 12992 12990 12987
f 12987 12990 12986
f 12990 12699 12986
f 12699 12700 12986
f 12986 12700 12695
f 12702 12993 12988
f 12702 12988 12697
f 12989 12988 12994
f 12994 12988 12993
f 12997 12996 12995
f 12997 12995 12991
f 12991 12995 12990
f 12995 12704 12990
f 12704 12705 12990
f 12990 12705 12699
f 12709 12998 12993
f 12709 12993 12702
f 12994 12993 12999
f 12999 12993 12998
f 12995 12996 12711
f 12996 12710 12711
f 12996 13000 12710
f 12995 12711 12704
f 12713 13001 12712
f 12998 12709 12712
f 13001 12998 12712
f 13002 12998 13001
f 12999 12998 13003
f 13003 12998 13002
f 13000 12714 12710
f 13004 12714 13000
f 12715 13001 12713
f 13002 13001 13005
f 13001 12716 13005
f 12716 13006 13005
f 12716 13001 12715
f 13002 13005 13003
f 13004 12717 12714
f 13007 12717 13004
f 12718 13006 12716
f 12718 13008 13006
f 13007 12719 12717
f 13009 12719 13007
f 12720 13008 12718
f 12720 13010 13008
f 13009 12721 12719
f 13011 12721 13009
f 13012 13010 12720
f 13012 12720 12722
f 12722 12723 13012
f 13012 12723 13013
f 13011 12726 12721
f 13014 12726 13011
f 12727 13013 12723
f 12727 13015 13013
f 13016 12729 12730
f 12731 13016 12730
f 13018 12733 13017
f 12733 13014 13017
f 12733 12726 13014
f 13019 13018 13017
f 12735 13015 12727
f 12735 13020 13015
f 13021 12737 13016
f 13016 12737 12729
f 12738 13022 12731
f 13022 13016 12731
f 13022 13021 13016
f 12733 13018 12738
f 13018 13022 12738
f 13018 13023 13022
f 13018 13019 13024
f 13018 13024 13023
f 12735 12739 13025
f 13026 12735 13025
f 13020 12735 13026
f 12740 13025 12739
f 13027 12741 13021
f 13021 12741 12737
f 13028 13021 13022
f 13027 13021 13028
f 13029 13022 13023
f 13028 13022 13029
f 13023 13024 13030
f 13031 13023 13030
f 13029 13023 13031
f 13032 13031 13030
f 13026 13025 13033
f 13026 13033 13034
f 12742 13033 12740
f 12740 13033 13025
f 13027 12743 12741
f 12743 13027 12746
f 12746 13027 13028
f 12746 13028 12747
f 13028 13035 12747
f 13028 13029 13035
f 13036 13029 13031
f 13035 13029 13036
f 13031 13032 13037
f 13031 13037 13036
f 13038 13034 13033
f 13033 12742 13038
f 12742 13039 13038
f 12742 12748 13039
f 13035 12751 12747
f 12751 13035 12753
f 13035 13040 12753
f 13035 13036 13040
f 13036 13037 13041
f 13042 13036 13041
f 13040 13036 13042
f 13043 13042 13041
f 12755 13039 12748
f 12755 13044 13039
f 13040 12757 12753
f 12757 13040 12759
f 13040 13045 12759
f 13040 13042 13045
f 13042 13043 13046
f 13047 13042 13046
f 13045 13042 13047
f 13048 13047 13046
f 12761 13044 12755
f 12761 13049 13044
f 13045 12763 12759
f 12763 13045 12765
f 13045 13050 12765
f 13045 13047 13050
f 13047 13048 13051
f 13052 13047 13051
f 13050 13047 13052
f 13053 13052 13051
f 12767 13049 12761
f 12767 13054 13049
f 13055 12769 13050
f 13050 12769 12765
f 13056 13050 13052
f 13055 13050 13056
f 13052 13053 13057
f 13052 13057 13056
f 13060 13059 13058
f 13062 13061 13058
f 13062 13058 13059
f 13062 13054 13061
f 13054 12771 13061
f 13054 12767 12771
f 13063 12773 13055
f 13055 12773 12769
f 13064 13055 13056
f 13063 13055 13064
f 13056 13057 13065
f 13066 13056 13065
f 13064 13056 13066
f 13067 13066 13065
f 13070 13069 13068
f 13072 13071 13068
f 13072 13068 13069
f 13071 13072 13060
f 13058 13071 13060
f 13073 13071 13058
f 13074 13058 13061
f 13073 13058 13074
f 12775 13074 12771
f 12771 13074 13061
f 13063 12777 12773
f 12777 13063 12779
f 13063 13075 12779
f 13063 13064 13075
f 13076 13064 13066
f 13075 13064 13076
f 13066 13067 13077
f 13066 13077 13076
f 13080 13079 13078
f 13078 13079 13070
f 13068 13078 13070
f 13081 13078 13068
f 13082 13068 13071
f 13081 13068 13082
f 13083 13071 13073
f 13082 13071 13083
f 12782 13083 12781
f 13083 13074 12781
f 13083 13073 13074
f 12781 13074 12775
f 13084 12785 13075
f 13075 12785 12779
f 13085 13075 13076
f 13084 13075 13085
f 13076 13077 13086
f 13076 13086 13085
f 13080 13078 13087
f 13080 13087 13088
f 12788 13087 12787
f 13087 13081 12787
f 13087 13078 13081
f 12787 13081 12790
f 12790 13081 13082
f 12790 13082 12792
f 12792 13082 13083
f 12792 13083 12782
f 13089 12796 12797
f 12785 13084 12797
f 13084 13089 12797
f 13084 13090 13089
f 13091 13084 13085
f 13090 13084 13091
f 13085 13086 13092
f 13085 13092 13091
f 13095 13094 13093
f 13093 13094 13088
f 13093 13088 13087
f 12800 13093 13087
f 12799 12800 13087
f 12799 13087 12788
f 13096 12807 13089
f 13089 12807 12796
f 13097 13089 13090
f 13096 13089 13097
f 13098 13090 13091
f 13097 13090 13098
f 13091 13092 13099
f 13100 13091 13099
f 13098 13091 13100
f 13101 13100 13099
f 13095 13093 13102
f 13095 13102 13103
f 12809 13102 12800
f 12800 13102 13093
f 13096 12812 12807
f 12812 13096 12814
f 13096 13104 12814
f 13096 13097 13104
f 13105 13097 13098
f 13104 13097 13105
f 13106 13098 13100
f 13105 13098 13106
f 13100 13101 13107
f 13108 13100 13107
f 13106 13100 13108
f 13109 13108 13107
f 13112 13111 13110
f 13110 13111 13103
f 13110 13103 13102
f 12817 13110 13102
f 12816 12817 13102
f 12816 13102 12809
f 13113 12822 13104
f 13104 12822 12814
f 13114 13104 13105
f 13113 13104 13114
f 13115 13105 13106
f 13114 13105 13115
f 13116 13106 13108
f 13115 13106 13116
f 13108 13109 13117
f 13118 13108 13117
f 13116 13108 13118
f 13120 13119 13118
f 13120 13118 13117
f 13122 13121 13119
f 13122 13119 13120
f 13124 13123 13121
f 13124 13121 13122
f 13126 13125 13123
f 13126 13123 13124
f 13127 13125 13126
f 13130 13129 13128
f 13128 13129 13112
f 13110 13128 13112
f 13131 13128 13110
f 12824 13131 12817
f 12817 13131 13110
f 13113 12827 12822
f 12827 13113 12829
f 13113 13132 12829
f 13113 13114 13132
f 13133 13114 13115
f 13132 13114 13133
f 13134 13115 13116
f 13133 13115 13134
f 13135 13116 13118
f 13134 13116 13135
f 13136 13118 13119
f 13135 13118 13136
f 13137 13119 13121
f 13136 13119 13137
f 13138 13121 13123
f 13137 13121 13138
f 13139 13123 13125
f 13138 13123 13139
f 13125 13127 13140
f 13141 13125 13140
f 13139 13125 13141
f 13143 13142 13141
f 13143 13141 13140
f 13144 13142 13143
f 13147 13146 13145
f 13149 13148 13145
f 13149 13145 13146
f 13151 13150 13148
f 13151 13148 13149
f 13150 13151 13130
f 13128 13150 13130
f 13152 13150 13128
f 12832 13152 12831
f 13152 13131 12831
f 13152 13128 13131
f 12831 13131 12824
f 13153 12836 13132
f 13132 12836 12829
f 13154 13132 13133
f 13153 13132 13154
f 13155 13133 13134
f 13154 13133 13155
f 13156 13134 13135
f 13155 13134 13156
f 13157 13135 13136
f 13156 13135 13157
f 13158 13136 13137
f 13157 13136 13158
f 13159 13137 13138
f 13158 13137 13159
f 13160 13138 13139
f 13159 13138 13160
f 13161 13139 13141
f 13160 13139 13161
f 13162 13141 13142
f 13161 13141 13162
f 13142 13144 13163
f 13164 13142 13163
f 13162 13142 13164
f 13166 13165 13164
f 13166 13164 13163
f 13168 13167 13165
f 13168 13165 13166
f 13170 13169 13167
f 13170 13167 13168
f 13172 13171 13169
f 13172 13169 13170
f 13174 13173 13171
f 13174 13171 13172
f 13176 13175 13173
f 13176 13173 13174
f 13178 13177 13175
f 13178 13175 13176
f 13180 13179 13177
f 13180 13177 13178
f 13179 13180 13147
f 13145 13179 13147
f 13181 13179 13145
f 13182 13145 13148
f 13181 13145 13182
f 12839 13182 12838
f 13182 13150 12838
f 13182 13148 13150
f 12838 13150 12841
f 12841 13150 13152
f 12841 13152 12832
f 13153 12844 12836
f 12844 13153 12847
f 12847 13153 13154
f 12847 13154 12848
f 13154 13183 12848
f 13154 13155 13183
f 13184 13155 13156
f 13183 13155 13184
f 12851 13184 12850
f 13184 13157 12850
f 13184 13156 13157
f 12850 13157 12853
f 12853 13157 13158
f 12853 13158 12855
f 12855 13158 13159
f 12855 13159 12857
f 12857 13159 13160
f 12857 13160 12859
f 12859 13160 13161
f 12859 13161 12861
f 12861 13161 13162
f 12861 13162 12862
f 13162 13185 12862
f 13162 13164 13185
f 13186 13164 13165
f 13185 13164 13186
f 13187 13165 13167
f 13186 13165 13187
f 13188 13167 13169
f 13187 13167 13188
f 13189 13169 13171
f 13188 13169 13189
f 13190 13171 13173
f 13189 13171 13190
f 13191 13173 13175
f 13190 13173 13191
f 13192 13175 13177
f 13191 13175 13192
f 12865 13192 12864
f 13192 13179 12864
f 13192 13177 13179
f 12864 13179 12867
f 12867 13179 13181
f 12867 13181 12869
f 12869 13181 13182
f 12869 13182 12839
f 13183 12874 12848
f 12874 13183 12877
f 12877 13183 13184
f 12877 13184 12851
f 13185 12884 12862
f 12884 13185 12887
f 12887 13185 13186
f 12887 13186 12889
f 12889 13186 13187
f 12889 13187 12891
f 12891 13187 13188
f 12891 13188 12893
f 12893 13188 13189
f 12893 13189 12895
f 12895 13189 13190
f 12895 13190 12897
f 12897 13190 13191
f 12897 13191 12899
f 12899 13191 13192
f 12899 13192 12865
f 13195 13194 13193
f 12914 12915 13193
f 12915 13195 13193
f 12915 13196 13195
f 13197 12915 12916
f 13197 13196 12915
f 13198 12916 12918
f 13198 13197 12916
f 13200 13199 12920
f 13199 12918 12920
f 13199 13198 12918
f 13200 13201 13199
f 13203 13202 12923
f 12923 13202 12922
f 12924 13193 13194
f 13203 12924 13194
f 12923 12924 13203
f 13193 12924 12914
f 12925 13200 12920
f 13204 13201 13200
f 12925 13204 13200
f 12926 13204 12925
f 12926 12928 13204
f 13204 12928 13205
f 13202 12929 12922
f 13206 12929 13202
f 13207 13205 12928
f 13207 12928 12930
f 12930 12931 13207
f 13207 12931 13208
f 13210 13209 12933
f 12933 13209 12932
f 12933 12929 13206
f 12933 13206 13210
f 13211 13208 12931
f 13211 12931 12934
f 12934 12935 13211
f 13211 12935 13212
f 13214 13213 12937
f 12937 13213 12936
f 12937 12932 13209
f 12937 13209 13214
f 12938 13212 12935
f 12938 13215 13212
f 13216 12939 12940
f 12941 13217 12940
f 12940 13217 13216
f 12943 13217 12941
f 13219 13218 12945
f 12945 13218 12944
f 12945 12936 13213
f 12945 13213 13219
f 12946 13215 12938
f 12946 13220 13215
f 13222 13221 12948
f 12948 13221 12947
f 13223 12948 12949
f 13223 13222 12948
f 12949 12939 13216
f 13224 12949 13216
f 13223 12949 13224
f 13224 13216 13217
f 13224 13217 13225
f 13225 13217 12943
f 12950 13225 12943
f 13226 13225 12950
f 13227 12950 12951
f 13227 13226 12950
f 13228 12951 12952
f 13228 13227 12951
f 12952 12954 13228
f 13228 12954 13229
f 13231 13230 12956
f 12956 13230 12955
f 13232 12956 12957
f 13232 13231 12956
f 12957 12959 13232
f 13232 12959 13233
f 13235 13234 12962
f 12962 13234 12961
f 13236 12962 12963
f 13236 13235 12962
f 12963 12944 13218
f 12963 13218 13236
f 13238 13237 12964
f 13238 12964 12965
f 12946 12964 13220
f 13220 12964 13237
f 13240 13239 12967
f 12967 13239 12966
f 12967 12947 13221
f 12967 13221 13240
f 13241 13229 12954
f 13241 12954 12968
f 12968 12970 13241
f 13241 12970 13242
f 13244 13243 12972
f 12972 13243 12971
f 12972 12955 13230
f 12972 13230 13244
f 13245 13233 12959
f 13245 12959 12973
f 13246 12973 12974
f 13246 13245 12973
f 13247 12974 12975
f 13247 13246 12974
f 12975 12961 13234
f 12975 13234 13247
f 12976 13238 12965
f 12976 13248 13238
f 13250 13249 12978
f 12978 13249 12977
f 12978 12966 13239
f 12978 13239 13250
f 12979 13242 12970
f 12979 13251 13242
f 13253 13252 12982
f 12982 13252 12981
f 12982 12971 13243
f 12982 13243 13253
f 13256 13255 13254
f 13258 13257 13254
f 13258 13254 13255
f 13259 13257 13258
f 13260 13248 12976
f 13260 12976 12983
f 13261 12983 12984
f 13261 13260 12983
f 12984 12977 13249
f 12984 13249 13261
f 12985 13263 13262
f 13251 12985 13262
f 12979 12985 13251
f 13263 13264 13262
f 13252 12987 12981
f 13265 12987 13252
f 13256 13254 13266
f 13256 13266 13267
f 13268 13254 13257
f 13266 13254 13268
f 13257 13259 13269
f 13257 13269 13268
f 12989 13270 13263
f 12989 13263 12985
f 13264 13263 13271
f 13271 13263 13270
f 13273 13272 12992
f 12992 13272 12991
f 12992 12987 13265
f 12992 13265 13273
f 13274 13267 13266
f 13274 13266 13268
f 13274 13268 13275
f 13275 13268 13269
f 12994 13276 13270
f 12994 13270 12989
f 13271 13270 13277
f 13277 13270 13276
f 13278 12996 12997
f 13279 13278 12997
f 12991 13279 12997
f 13272 13279 12991
f 12999 13280 13276
f 12999 13276 12994
f 13277 13276 13281
f 13281 13276 13280
f 13282 13000 13278
f 13278 13000 12996
f 13278 13279 13283
f 13278 13283 13282
f 13003 13284 13280
f 13003 13280 12999
f 13281 13280 13285
f 13285 13280 13284
f 13286 13004 13282
f 13282 13004 13000
f 13282 13283 13287
f 13282 13287 13286
f 13006 13288 13005
f 13288 13289 13005
f 13005 13289 13003
f 13289 13290 13003
f 13290 13284 13003
f 13284 13290 13285
f 13291 13007 13286
f 13286 13007 13004
f 13286 13287 13292
f 13286 13292 13291
f 13008 13293 13288
f 13008 13288 13006
f 13289 13288 13294
f 13294 13288 13293
f 13295 13009 13291
f 13291 13009 13007
f 13291 13292 13296
f 13291 13296 13295
f 13298 13297 13293
f 13008 13298 13293
f 13010 13298 13008
f 13293 13297 13294
f 13299 13011 13295
f 13295 13011 13009
f 13295 13296 13300
f 13295 13300 13299
f 13301 13298 13010
f 13301 13010 13012
f 13012 13013 13301
f 13301 13013 13302
f 13303 13014 13299
f 13299 13014 13011
f 13299 13300 13304
f 13299 13304 13303
f 13015 13302 13013
f 13015 13305 13302
f 13303 13017 13014
f 13307 13306 13019
f 13307 13019 13017
f 13304 13307 13017
f 13303 13304 13017
f 13308 13306 13307
f 13020 13305 13015
f 13020 13309 13305
f 13310 13024 13306
f 13306 13024 13019
f 13306 13308 13311
f 13306 13311 13310
f 13026 13309 13020
f 13026 13312 13309
f 13310 13030 13024
f 13314 13313 13032
f 13314 13032 13030
f 13311 13314 13030
f 13310 13311 13030
f 13315 13313 13314
f 13034 13312 13026
f 13034 13316 13312
f 13317 13037 13313
f 13313 13037 13032
f 13313 13315 13318
f 13313 13318 13317
f 13321 13320 13319
f 13322 13319 13038
f 13319 13316 13038
f 13316 13034 13038
f 13316 13319 13320
f 13039 13322 13038
f 13317 13041 13037
f 13324 13323 13043
f 13324 13043 13041
f 13318 13324 13041
f 13317 13318 13041
f 13326 13325 13323
f 13326 13323 13324
f 13327 13325 13326
f 13321 13319 13328
f 13321 13328 13329
f 13330 13319 13322
f 13328 13319 13330
f 13044 13330 13039
f 13039 13330 13322
f 13323 13046 13043
f 13046 13323 13048
f 13323 13331 13048
f 13323 13325 13331
f 13325 13327 13332
f 13333 13325 13332
f 13331 13325 13333
f 13334 13333 13332
f 13337 13336 13335
f 13339 13338 13335
f 13339 13335 13336
f 13338 13339 13329
f 13328 13338 13329
f 13340 13338 13328
f 13341 13328 13330
f 13340 13328 13341
f 13049 13341 13044
f 13044 13341 13330
f 13331 13051 13048
f 13051 13331 13053
f 13331 13342 13053
f 13331 13333 13342
f 13333 13334 13343
f 13344 13333 13343
f 13342 13333 13344
f 13345 13344 13343
f 13348 13347 13346
f 13346 13347 13337
f 13335 13346 13337
f 13349 13346 13335
f 13350 13335 13338
f 13349 13335 13350
f 13351 13338 13340
f 13350 13338 13351
f 13352 13340 13341
f 13351 13340 13352
f 13054 13352 13049
f 13049 13352 13341
f 13353 13057 13342
f 13342 13057 13053
f 13354 13342 13344
f 13353 13342 13354
f 13344 13345 13355
f 13356 13344 13355
f 13354 13344 13356
f 13357 13356 13355
f 13360 13359 13358
f 13358 13359 13348
f 13346 13358 13348
f 13361 13358 13346
f 13362 13346 13349
f 13361 13346 13362
f 13363 13349 13350
f 13362 13349 13363
f 13060 13363 13059
f 13363 13351 13059
f 13363 13350 13351
f 13059 13351 13062
f 13062 13351 13352
f 13062 13352 13054
f 13353 13065 13057
f 13065 13353 13067
f 13353 13364 13067
f 13353 13354 13364
f 13365 13354 13356
f 13364 13354 13365
f 13356 13357 13366
f 13367 13356 13366
f 13365 13356 13367
f 13368 13367 13366
f 13360 13358 13369
f 13360 13369 13370
f 13371 13358 13361
f 13369 13358 13371
f 13070 13371 13069
f 13371 13362 13069
f 13371 13361 13362
f 13069 13362 13072
f 13072 13362 13363
f 13072 13363 13060
f 13372 13077 13364
f 13364 13077 13067
f 13373 13364 13365
f 13372 13364 13373
f 13374 13365 13367
f 13373 13365 13374
f 13367 13368 13375
f 13367 13375 13374
f 13378 13377 13376
f 13376 13377 13370
f 13369 13376 13370
f 13379 13376 13369
f 13080 13379 13079
f 13379 13371 13079
f 13379 13369 13371
f 13079 13371 13070
f 13380 13086 13372
f 13372 13086 13077
f 13381 13372 13373
f 13380 13372 13381
f 13382 13373 13374
f 13381 13373 13382
f 13374 13375 13383
f 13384 13374 13383
f 13382 13374 13384
f 13385 13384 13383
f 13378 13376 13386
f 13378 13386 13387
f 13388 13376 13379
f 13386 13376 13388
f 13088 13388 13080
f 13080 13388 13379
f 13389 13092 13380
f 13380 13092 13086
f 13390 13380 13381
f 13389 13380 13390
f 13391 13381 13382
f 13390 13381 13391
f 13392 13382 13384
f 13391 13382 13392
f 13384 13385 13393
f 13394 13384 13393
f 13392 13384 13394
f 13396 13395 13394
f 13396 13394 13393
f 13397 13395 13396
f 13400 13399 13398
f 13398 13399 13387
f 13386 13398 13387
f 13401 13398 13386
f 13095 13401 13094
f 13401 13388 13094
f 13401 13386 13388
f 13094 13388 13088
f 13389 13099 13092
f 13099 13389 13101
f 13389 13402 13101
f 13389 13390 13402
f 13403 13390 13391
f 13402 13390 13403
f 13404 13391 13392
f 13403 13391 13404
f 13405 13392 13394
f 13404 13392 13405
f 13406 13394 13395
f 13405 13394 13406
f 13395 13397 13407
f 13408 13395 13407
f 13406 13395 13408
f 13410 13409 13408
f 13410 13408 13407
f 13411 13409 13410
f 13414 13413 13412
f 13412 13413 13400
f 13398 13412 13400
f 13415 13412 13398
f 13416 13398 13401
f 13415 13398 13416
f 13103 13416 13095
f 13095 13416 13401
f 13402 13107 13101
f 13107 13402 13109
f 13402 13417 13109
f 13402 13403 13417
f 13418 13403 13404
f 13417 13403 13418
f 13419 13404 13405
f 13418 13404 13419
f 13420 13405 13406
f 13419 13405 13420
f 13421 13406 13408
f 13420 13406 13421
f 13422 13408 13409
f 13421 13408 13422
f 13409 13411 13423
f 13424 13409 13423
f 13422 13409 13424
f 13426 13425 13424
f 13426 13424 13423
f 13427 13425 13426
f 13430 13429 13428
f 13432 13431 13428
f 13432 13428 13429
f 13434 13433 13431
f 13434 13431 13432
f 13433 13434 13414
f 13412 13433 13414
f 13435 13433 13412
f 13436 13412 13415
f 13435 13412 13436
f 13112 13436 13111
f 13436 13416 13111
f 13436 13415 13416
f 13111 13416 13103
f 13417 13117 13109
f 13117 13417 13120
f 13120 13417 13418
f 13120 13418 13122
f 13122 13418 13419
f 13122 13419 13124
f 13124 13419 13420
f 13124 13420 13126
f 13126 13420 13421
f 13126 13421 13127
f 13421 13437 13127
f 13421 13422 13437
f 13438 13422 13424
f 13437 13422 13438
f 13439 13424 13425
f 13438 13424 13439
f 13425 13427 13440
f 13441 13425 13440
f 13439 13425 13441
f 13443 13442 13441
f 13443 13441 13440
f 13445 13444 13442
f 13445 13442 13443
f 13447 13446 13444
f 13447 13444 13445
f 13449 13448 13446
f 13449 13446 13447
f 13451 13450 13448
f 13451 13448 13449
f 13453 13452 13450
f 13453 13450 13451
f 13452 13453 13430
f 13428 13452 13430
f 13454 13452 13428
f 13455 13428 13431
f 13454 13428 13455
f 13456 13431 13433
f 13455 13431 13456
f 13457 13433 13435
f 13456 13433 13457
f 13130 13457 13129
f 13457 13436 13129
f 13457 13435 13436
f 13129 13436 13112
f 13437 13140 13127
f 13140 13437 13143
f 13143 13437 13438
f 13143 13438 13144
f 13438 13458 13144
f 13438 13439 13458
f 13459 13439 13441
f 13458 13439 13459
f 13460 13441 13442
f 13459 13441 13460
f 13461 13442 13444
f 13460 13442 13461
f 13462 13444 13446
f 13461 13444 13462
f 13463 13446 13448
f 13462 13446 13463
f 13464 13448 13450
f 13463 13448 13464
f 13465 13450 13452
f 13464 13450 13465
f 13466 13452 13454
f 13465 13452 13466
f 13147 13466 13146
f 13466 13455 13146
f 13466 13454 13455
f 13146 13455 13149
f 13149 13455 13456
f 13149 13456 13151
f 13151 13456 13457
f 13151 13457 13130
f 13458 13163 13144
f 13163 13458 13166
f 13166 13458 13459
f 13166 13459 13168
f 13168 13459 13460
f 13168 13460 13170
f 13170 13460 13461
f 13170 13461 13172
f 13172 13461 13462
f 13172 13462 13174
f 13174 13462 13463
f 13174 13463 13176
f 13176 13463 13464
f 13176 13464 13178
f 13178 13464 13465
f 13178 13465 13180
f 13180 13465 13466
f 13180 13466 13147
f 13469 13468 13467
f 13471 13470 13467
f 13467 13470 13469
f 13473 13472 13471
f 13471 13472 13470
f 13475 13474 13473
f 13473 13474 13472
f 13477 13476 13475
f 13475 13476 13474
f 13477 13478 13476
f 13481 13480 13479
f 13481 13479 13468
f 13468 13479 13467
f 13479 13194 13467
f 13194 13195 13467
f 13467 13195 13196
f 13467 13196 13471
f 13471 13196 13197
f 13471 13197 13473
f 13473 13197 13198
f 13473 13198 13475
f 13475 13198 13199
f 13475 13199 13477
f 13199 13201 13477
f 13201 13478 13477
f 13201 13482 13478
f 13479 13480 13203
f 13480 13202 13203
f 13480 13483 13202
f 13479 13203 13194
f 13484 13482 13201
f 13484 13201 13204
f 13204 13205 13484
f 13484 13205 13485
f 13488 13487 13486
f 13483 13488 13486
f 13206 13483 13486
f 13202 13483 13206
f 13489 13485 13205
f 13489 13205 13207
f 13207 13208 13489
f 13489 13208 13490
f 13486 13487 13210
f 13487 13209 13210
f 13487 13491 13209
f 13486 13210 13206
f 13492 13490 13208
f 13492 13208 13211
f 13211 13212 13492
f 13492 13212 13493
f 13495 13494 13214
f 13214 13494 13213
f 13214 13209 13491
f 13214 13491 13495
f 13215 13493 13212
f 13215 13496 13493
f 13498 13497 13219
f 13219 13497 13218
f 13219 13213 13494
f 13219 13494 13498
f 13220 13496 13215
f 13220 13499 13496
f 13501 13500 13222
f 13222 13500 13221
f 13502 13222 13223
f 13502 13501 13222
f 13503 13223 13224
f 13503 13502 13223
f 13504 13224 13225
f 13504 13503 13224
f 13505 13225 13226
f 13505 13504 13225
f 13506 13226 13227
f 13506 13505 13226
f 13507 13227 13228
f 13507 13506 13227
f 13228 13229 13507
f 13507 13229 13508
f 13510 13509 13231
f 13231 13509 13230
f 13511 13231 13232
f 13511 13510 13231
f 13513 13512 13233
f 13512 13232 13233
f 13512 13511 13232
f 13515 13514 13513
f 13513 13514 13512
f 13517 13516 13515
f 13515 13516 13514
f 13234 13235 13517
f 13235 13516 13517
f 13235 13518 13516
f 13519 13235 13236
f 13519 13518 13235
f 13236 13218 13497
f 13236 13497 13519
f 13521 13520 13237
f 13521 13237 13238
f 13220 13237 13499
f 13499 13237 13520
f 13523 13522 13240
f 13240 13522 13239
f 13240 13221 13500
f 13240 13500 13523
f 13524 13508 13229
f 13524 13229 13241
f 13241 13242 13524
f 13524 13242 13525
f 13527 13526 13244
f 13244 13526 13243
f 13244 13230 13509
f 13244 13509 13527
f 13245 13513 13233
f 13513 13245 13246
f 13513 13246 13515
f 13515 13246 13247
f 13515 13247 13517
f 13517 13247 13234
f 13530 13529 13528
f 13531 13528 13529
f 13248 13533 13532
f 13521 13248 13532
f 13238 13248 13521
f 13535 13534 13533
f 13533 13534 13532
f 13249 13250 13535
f 13250 13534 13535
f 13250 13536 13534
f 13250 13239 13522
f 13250 13522 13536
f 13251 13538 13537
f 13525 13251 13537
f 13242 13251 13525
f 13538 13539 13537
f 13541 13540 13253
f 13253 13540 13252
f 13253 13243 13526
f 13253 13526 13541
f 13543 13542 13255
f 13543 13255 13256
f 13528 13258 13530
f 13258 13542 13530
f 13258 13255 13542
f 13259 13258 13528
f 13531 13259 13528
f 13544 13259 13531
f 13260 13533 13248
f 13533 13260 13261
f 13533 13261 13535
f 13535 13261 13249
f 13262 13538 13251
f 13262 13264 13538
f 13264 13539 13538
f 13264 13545 13539
f 13540 13265 13252
f 13546 13265 13540
f 13267 13543 13256
f 13267 13547 13543
f 13544 13269 13259
f 13548 13269 13544
f 13271 13545 13264
f 13271 13549 13545
f 13550 13272 13273
f 13551 13550 13273
f 13265 13551 13273
f 13546 13551 13265
f 13552 13547 13267
f 13552 13267 13274
f 13553 13274 13275
f 13553 13552 13274
f 13275 13269 13548
f 13275 13548 13553
f 13277 13549 13271
f 13277 13554 13549
f 13555 13279 13550
f 13550 13279 13272
f 13550 13551 13556
f 13550 13556 13555
f 13281 13554 13277
f 13281 13557 13554
f 13558 13283 13555
f 13555 13283 13279
f 13555 13556 13559
f 13555 13559 13558
f 13285 13557 13281
f 13285 13560 13557
f 13561 13287 13558
f 13558 13287 13283
f 13558 13559 13562
f 13558 13562 13561
f 13289 13563 13290
f 13563 13564 13290
f 13564 13285 13290
f 13564 13560 13285
f 13565 13292 13561
f 13561 13292 13287
f 13561 13562 13566
f 13561 13566 13565
f 13568 13567 13563
f 13289 13568 13563
f 13294 13568 13289
f 13563 13567 13564
f 13569 13296 13565
f 13565 13296 13292
f 13565 13566 13570
f 13571 13565 13570
f 13569 13565 13571
f 13572 13571 13570
f 13574 13573 13297
f 13574 13297 13298
f 13294 13297 13568
f 13568 13297 13573
f 13575 13300 13569
f 13569 13300 13296
f 13576 13569 13571
f 13575 13569 13576
f 13571 13572 13577
f 13571 13577 13576
f 13298 13301 13578
f 13579 13298 13578
f 13574 13298 13579
f 13302 13578 13301
f 13580 13304 13575
f 13575 13304 13300
f 13581 13575 13576
f 13580 13575 13581
f 13576 13577 13582
f 13576 13582 13581
f 13579 13578 13583
f 13579 13583 13584
f 13305 13583 13302
f 13302 13583 13578
f 13580 13307 13304
f 13307 13580 13308
f 13580 13585 13308
f 13580 13581 13585
f 13581 13582 13586
f 13581 13586 13585
f 13584 13583 13587
f 13584 13587 13588
f 13309 13587 13305
f 13305 13587 13583
f 13589 13311 13585
f 13585 13311 13308
f 13585 13586 13590
f 13585 13590 13589
f 13593 13592 13591
f 13591 13592 13588
f 13587 13591 13588
f 13594 13591 13587
f 13312 13594 13309
f 13309 13594 13587
f 13589 13314 13311
f 13596 13595 13315
f 13596 13315 13314
f 13590 13596 13314
f 13589 13590 13314
f 13597 13595 13596
f 13600 13599 13598
f 13598 13599 13593
f 13591 13598 13593
f 13601 13598 13591
f 13602 13591 13594
f 13601 13591 13602
f 13316 13602 13312
f 13312 13602 13594
f 13603 13318 13595
f 13595 13318 13315
f 13595 13597 13604
f 13605 13595 13604
f 13603 13595 13605
f 13606 13605 13604
f 13609 13608 13607
f 13611 13610 13607
f 13611 13607 13608
f 13610 13611 13600
f 13598 13610 13600
f 13612 13610 13598
f 13613 13598 13601
f 13612 13598 13613
f 13321 13613 13320
f 13613 13602 13320
f 13613 13601 13602
f 13320 13602 13316
f 13603 13324 13318
f 13324 13603 13326
f 13326 13603 13605
f 13615 13614 13327
f 13615 13327 13326
f 13606 13615 13326
f 13605 13606 13326
f 13617 13616 13614
f 13617 13614 13615
f 13619 13618 13616
f 13619 13616 13617
f 13621 13620 13618
f 13621 13618 13619
f 13623 13622 13620
f 13623 13620 13621
f 13625 13624 13622
f 13625 13622 13623
f 13626 13624 13625
f 13609 13607 13627
f 13609 13627 13628
f 13629 13607 13610
f 13627 13607 13629
f 13630 13610 13612
f 13629 13610 13630
f 13631 13612 13613
f 13630 13612 13631
f 13329 13631 13321
f 13321 13631 13613
f 13614 13332 13327
f 13332 13614 13334
f 13614 13632 13334
f 13614 13616 13632
f 13633 13616 13618
f 13632 13616 13633
f 13634 13618 13620
f 13633 13618 13634
f 13635 13620 13622
f 13634 13620 13635
f 13636 13622 13624
f 13635 13622 13636
f 13624 13626 13637
f 13624 13637 13636
f 13640 13639 13638
f 13638 13639 13628
f 13627 13638 13628
f 13641 13638 13627
f 13642 13627 13629
f 13641 13627 13642
f 13337 13642 13336
f 13642 13630 13336
f 13642 13629 13630
f 13336 13630 13339
f 13339 13630 13631
f 13339 13631 13329
f 13632 13343 13334
f 13343 13632 13345
f 13632 13643 13345
f 13632 13633 13643
f 13644 13633 13634
f 13643 13633 13644
f 13645 13634 13635
f 13644 13634 13645
f 13646 13635 13636
f 13645 13635 13646
f 13636 13637 13647
f 13636 13647 13646
f 13640 13638 13648
f 13640 13648 13649
f 13650 13638 13641
f 13648 13638 13650
f 13348 13650 13347
f 13650 13642 13347
f 13650 13641 13642
f 13347 13642 13337
f 13643 13355 13345
f 13355 13643 13357
f 13643 13651 13357
f 13643 13644 13651
f 13652 13644 13645
f 13651 13644 13652
f 13653 13645 13646
f 13652 13645 13653
f 13646 13647 13654
f 13655 13646 13654
f 13653 13646 13655
f 13656 13655 13654
f 13659 13658 13657
f 13657 13658 13649
f 13648 13657 13649
f 13660 13657 13648
f 13360 13660 13359
f 13660 13650 13359
f 13660 13648 13650
f 13359 13650 13348
f 13651 13366 13357
f 13366 13651 13368
f 13651 13661 13368
f 13651 13652 13661
f 13662 13652 13653
f 13661 13652 13662
f 13663 13653 13655
f 13662 13653 13663
f 13655 13656 13664
f 13665 13655 13664
f 13663 13655 13665
f 13666 13665 13664
f 13669 13668 13667
f 13667 13668 13659
f 13657 13667 13659
f 13670 13667 13657
f 13671 13657 13660
f 13670 13657 13671
f 13370 13671 13360
f 13360 13671 13660
f 13672 13375 13661
f 13661 13375 13368
f 13673 13661 13662
f 13672 13661 13673
f 13674 13662 13663
f 13673 13662 13674
f 13675 13663 13665
f 13674 13663 13675
f 13665 13666 13676
f 13677 13665 13676
f 13675 13665 13677
f 13678 13677 13676
f 13681 13680 13679
f 13679 13680 13669
f 13667 13679 13669
f 13682 13679 13667
f 13683 13667 13670
f 13682 13667 13683
f 13378 13683 13377
f 13683 13671 13377
f 13683 13670 13671
f 13377 13671 13370
f 13672 13383 13375
f 13383 13672 13385
f 13672 13684 13385
f 13672 13673 13684
f 13685 13673 13674
f 13684 13673 13685
f 13686 13674 13675
f 13685 13674 13686
f 13687 13675 13677
f 13686 13675 13687
f 13677 13678 13688
f 13689 13677 13688
f 13687 13677 13689
f 13690 13689 13688
f 13693 13692 13691
f 13695 13694 13691
f 13695 13691 13692
f 13694 13695 13681
f 13679 13694 13681
f 13696 13694 13679
f 13697 13679 13682
f 13696 13679 13697
f 13698 13682 13683
f 13697 13682 13698
f 13387 13698 13378
f 13378 13698 13683
f 13684 13393 13385
f 13393 13684 13396
f 13396 13684 13685
f 13396 13685 13397
f 13685 13699 13397
f 13685 13686 13699
f 13700 13686 13687
f 13699 13686 13700
f 13701 13687 13689
f 13700 13687 13701
f 13689 13690 13702
f 13703 13689 13702
f 13701 13689 13703
f 13705 13704 13703
f 13705 13703 13702
f 13707 13706 13704
f 13707 13704 13705
f 13709 13708 13706
f 13709 13706 13707
f 13711 13710 13708
f 13711 13708 13709
f 13713 13712 13710
f 13713 13710 13711
f 13715 13714 13712
f 13715 13712 13713
f 13717 13716 13714
f 13717 13714 13715
f 13716 13717 13693
f 13691 13716 13693
f 13718 13716 13691
f 13719 13691 13694
f 13718 13691 13719
f 13720 13694 13696
f 13719 13694 13720
f 13721 13696 13697
f 13720 13696 13721
f 13400 13721 13399
f 13721 13698 13399
f 13721 13697 13698
f 13399 13698 13387
f 13699 13407 13397
f 13407 13699 13410
f 13410 13699 13700
f 13410 13700 13411
f 13700 13722 13411
f 13700 13701 13722
f 13723 13701 13703
f 13722 13701 13723
f 13724 13703 13704
f 13723 13703 13724
f 13725 13704 13706
f 13724 13704 13725
f 13726 13706 13708
f 13725 13706 13726
f 13727 13708 13710
f 13726 13708 13727
f 13728 13710 13712
f 13727 13710 13728
f 13729 13712 13714
f 13728 13712 13729
f 13730 13714 13716
f 13729 13714 13730
f 13731 13716 13718
f 13730 13716 13731
f 13732 13718 13719
f 13731 13718 13732
f 13733 13719 13720
f 13732 13719 13733
f 13414 13733 13413
f 13733 13721 13413
f 13733 13720 13721
f 13413 13721 13400
f 13722 13423 13411
f 13423 13722 13426
f 13426 13722 13723
f 13426 13723 13427
f 13723 13734 13427
f 13723 13724 13734
f 13735 13724 13725
f 13734 13724 13735
f 13736 13725 13726
f 13735 13725 13736
f 13737 13726 13727
f 13736 13726 13737
f 13738 13727 13728
f 13737 13727 13738
f 13739 13728 13729
f 13738 13728 13739
f 13740 13729 13730
f 13739 13729 13740
f 13430 13740 13429
f 13740 13731 13429
f 13740 13730 13731
f 13429 13731 13432
f 13432 13731 13732
f 13432 13732 13434
f 13434 13732 13733
f 13434 13733 13414
f 13734 13440 13427
f 13440 13734 13443
f 13443 13734 13735
f 13443 13735 13445
f 13445 13735 13736
f 13445 13736 13447
f 13447 13736 13737
f 13447 13737 13449
f 13449 13737 13738
f 13449 13738 13451
f 13451 13738 13739
f 13451 13739 13453
f 13453 13739 13740
f 13453 13740 13430
f 13743 13742 13741
f 13745 13744 13741
f 13741 13744 13743
f 13747 13746 13745
f 13745 13746 13744
f 13747 13748 13746
f 13751 13750 13749
f 13468 13469 13749
f 13469 13751 13749
f 13469 13752 13751
f 13470 13741 13742
f 13752 13470 13742
f 13469 13470 13752
f 13741 13470 13472
f 13741 13472 13745
f 13745 13472 13474
f 13745 13474 13747
f 13753 13748 13747
f 13474 13753 13747
f 13476 13753 13474
f 13476 13478 13753
f 13753 13478 13754
f 13749 13750 13481
f 13750 13480 13481
f 13750 13755 13480
f 13749 13481 13468
f 13482 13757 13756
f 13754 13482 13756
f 13478 13482 13754
f 13757 13758 13756
f 13761 13760 13759
f 13755 13761 13759
f 13483 13755 13759
f 13480 13755 13483
f 13484 13757 13482
f 13484 13485 13757
f 13485 13758 13757
f 13485 13762 13758
f 13759 13760 13488
f 13760 13487 13488
f 13760 13763 13487
f 13759 13488 13483
f 13764 13762 13485
f 13764 13485 13489
f 13489 13490 13764
f 13764 13490 13765
f 13768 13767 13766
f 13763 13768 13766
f 13491 13763 13766
f 13487 13763 13491
f 13769 13765 13490
f 13769 13490 13492
f 13492 13493 13769
f 13769 13493 13770
f 13766 13767 13495
f 13767 13494 13495
f 13767 13771 13494
f 13766 13495 13491
f 13496 13770 13493
f 13496 13772 13770
f 13774 13773 13498
f 13498 13773 13497
f 13498 13494 13771
f 13498 13771 13774
f 13777 13776 13775
f 13776 13772 13775
f 13772 13499 13775
f 13772 13496 13499
f 13780 13779 13778
f 13500 13501 13778
f 13501 13780 13778
f 13501 13781 13780
f 13782 13501 13502
f 13782 13781 13501
f 13783 13502 13503
f 13783 13782 13502
f 13784 13503 13504
f 13784 13783 13503
f 13785 13504 13505
f 13785 13784 13504
f 13786 13505 13506
f 13786 13785 13505
f 13787 13506 13507
f 13787 13786 13506
f 13507 13508 13787
f 13787 13508 13788
f 13789 13509 13510
f 13789 13510 13790
f 13510 13791 13790
f 13510 13511 13791
f 13792 13511 13512
f 13792 13791 13511
f 13793 13512 13514
f 13793 13792 13512
f 13794 13514 13516
f 13794 13793 13514
f 13795 13516 13518
f 13795 13794 13516
f 13796 13518 13519
f 13796 13795 13518
f 13519 13497 13773
f 13519 13773 13796
f 13520 13521 13797
f 13775 13798 13777
f 13798 13775 13799
f 13775 13499 13799
f 13520 13797 13799
f 13520 13799 13499
f 13802 13801 13800
f 13802 13800 13779
f 13779 13800 13778
f 13800 13522 13778
f 13522 13523 13778
f 13778 13523 13500
f 13803 13788 13508
f 13803 13508 13524
f 13524 13525 13803
f 13803 13525 13804
f 13806 13805 13527
f 13527 13805 13526
f 13527 13509 13789
f 13807 13527 13789
f 13806 13527 13807
f 13807 13789 13790
f 13810 13809 13808
f 13529 13530 13808
f 13809 13529 13808
f 13811 13529 13809
f 13813 13812 13531
f 13529 13813 13531
f 13811 13813 13529
f 13814 13812 13813
f 13532 13797 13521
f 13815 13799 13797
f 13532 13815 13797
f 13534 13815 13532
f 13536 13800 13801
f 13815 13536 13801
f 13534 13536 13815
f 13800 13536 13522
f 13816 13804 13525
f 13816 13525 13537
f 13537 13539 13816
f 13816 13539 13817
f 13818 13540 13541
f 13819 13818 13541
f 13526 13819 13541
f 13805 13819 13526
f 13810 13808 13542
f 13543 13810 13542
f 13820 13810 13543
f 13542 13808 13530
f 13822 13821 13812
f 13821 13531 13812
f 13821 13544 13531
f 13822 13812 13814
f 13545 13817 13539
f 13545 13823 13817
f 13824 13546 13818
f 13818 13546 13540
f 13818 13819 13825
f 13818 13825 13824
f 13547 13820 13543
f 13547 13826 13820
f 13829 13828 13827
f 13821 13829 13827
f 13548 13821 13827
f 13544 13821 13548
f 13549 13823 13545
f 13549 13830 13823
f 13831 13551 13824
f 13824 13551 13546
f 13824 13825 13832
f 13824 13832 13831
f 13833 13826 13547
f 13833 13547 13552
f 13553 13827 13828
f 13833 13553 13828
f 13552 13553 13833
f 13827 13553 13548
f 13554 13830 13549
f 13554 13834 13830
f 13835 13556 13831
f 13831 13556 13551
f 13831 13832 13836
f 13831 13836 13835
f 13839 13838 13837
f 13838 13834 13837
f 13834 13557 13837
f 13834 13554 13557
f 13840 13559 13835
f 13835 13559 13556
f 13835 13836 13841
f 13835 13841 13840
f 13839 13837 13842
f 13839 13842 13843
f 13560 13842 13557
f 13557 13842 13837
f 13844 13562 13840
f 13840 13562 13559
f 13840 13841 13845
f 13840 13845 13844
f 13843 13842 13846
f 13843 13846 13847
f 13564 13846 13560
f 13560 13846 13842
f 13848 13566 13844
f 13844 13566 13562
f 13844 13845 13849
f 13844 13849 13848
f 13852 13851 13850
f 13854 13853 13850
f 13854 13850 13851
f 13856 13855 13853
f 13856 13853 13854
f 13855 13856 13847
f 13855 13847 13846
f 13568 13855 13846
f 13567 13568 13846
f 13567 13846 13564
f 13848 13570 13566
f 13858 13857 13572
f 13858 13572 13570
f 13849 13858 13570
f 13848 13849 13570
f 13859 13857 13858
f 13852 13850 13860
f 13852 13860 13861
f 13862 13850 13853
f 13860 13850 13862
f 13574 13862 13573
f 13862 13855 13573
f 13862 13853 13855
f 13573 13855 13568
f 13863 13577 13857
f 13857 13577 13572
f 13857 13859 13864
f 13857 13864 13863
f 13861 13860 13865
f 13861 13865 13866
f 13867 13860 13862
f 13865 13860 13867
f 13579 13867 13574
f 13574 13867 13862
f 13869 13868 13863
f 13868 13577 13863
f 13868 13582 13577
f 13869 13863 13864
f 13872 13871 13870
f 13874 13873 13870
f 13874 13870 13871
f 13873 13874 13866
f 13865 13873 13866
f 13875 13873 13865
f 13876 13865 13867
f 13875 13865 13876
f 13584 13876 13579
f 13579 13876 13867
f 13878 13586 13877
f 13586 13868 13877
f 13586 13582 13868
f 13879 13878 13877
f 13882 13881 13880
f 13880 13881 13872
f 13870 13880 13872
f 13883 13880 13870
f 13884 13870 13873
f 13883 13870 13884
f 13885 13873 13875
f 13884 13873 13885
f 13886 13875 13876
f 13885 13875 13886
f 13588 13886 13584
f 13584 13886 13876
f 13887 13590 13878
f 13878 13590 13586
f 13878 13879 13888
f 13889 13878 13888
f 13887 13878 13889
f 13890 13889 13888
f 13882 13880 13891
f 13882 13891 13892
f 13893 13880 13883
f 13891 13880 13893
f 13894 13883 13884
f 13893 13883 13894
f 13895 13884 13885
f 13894 13884 13895
f 13593 13895 13592
f 13895 13886 13592
f 13895 13885 13886
f 13592 13886 13588
f 13887 13596 13590
f 13596 13887 13597
f 13887 13896 13597
f 13887 13889 13896
f 13889 13890 13897
f 13898 13889 13897
f 13896 13889 13898
f 13899 13898 13897
f 13902 13901 13900
f 13900 13901 13892
f 13891 13900 13892
f 13903 13900 13891
f 13904 13891 13893
f 13903 13891 13904
f 13905 13893 13894
f 13904 13893 13905
f 13600 13905 13599
f 13905 13895 13599
f 13905 13894 13895
f 13599 13895 13593
f 13896 13604 13597
f 13604 13896 13606
f 13896 13906 13606
f 13896 13898 13906
f 13898 13899 13907
f 13908 13898 13907
f 13906 13898 13908
f 13910 13909 13908
f 13910 13908 13907
f 13912 13911 13909
f 13912 13909 13910
f 13914 13913 13911
f 13914 13911 13912
f 13916 13915 13913
f 13916 13913 13914
f 13918 13917 13915
f 13918 13915 13916
f 13920 13919 13917
f 13920 13917 13918
f 13922 13921 13919
f 13922 13919 13920
f 13923 13921 13922
f 13926 13925 13924
f 13924 13925 13902
f 13900 13924 13902
f 13927 13924 13900
f 13928 13900 13903
f 13927 13900 13928
f 13609 13928 13608
f 13928 13904 13608
f 13928 13903 13904
f 13608 13904 13611
f 13611 13904 13905
f 13611 13905 13600
f 13906 13615 13606
f 13615 13906 13617
f 13617 13906 13908
f 13617 13908 13619
f 13619 13908 13909
f 13619 13909 13621
f 13621 13909 13911
f 13621 13911 13623
f 13623 13911 13913
f 13623 13913 13625
f 13625 13913 13915
f 13625 13915 13626
f 13915 13929 13626
f 13915 13917 13929
f 13930 13917 13919
f 13929 13917 13930
f 13931 13919 13921
f 13930 13919 13931
f 13921 13923 13932
f 13933 13921 13932
f 13931 13921 13933
f 13934 13933 13932
f 13926 13924 13935
f 13926 13935 13936
f 13937 13924 13927
f 13935 13924 13937
f 13938 13927 13928
f 13937 13927 13938
f 13628 13938 13609
f 13609 13938 13928
f 13939 13637 13929
f 13929 13637 13626
f 13940 13929 13930
f 13939 13929 13940
f 13941 13930 13931
f 13940 13930 13941
f 13942 13931 13933
f 13941 13931 13942
f 13933 13934 13943
f 13933 13943 13942
f 13946 13945 13944
f 13944 13945 13936
f 13935 13944 13936
f 13947 13944 13935
f 13948 13935 13937
f 13947 13935 13948
f 13640 13948 13639
f 13948 13938 13639
f 13948 13937 13938
f 13639 13938 13628
f 13949 13647 13939
f 13939 13647 13637
f 13950 13939 13940
f 13949 13939 13950
f 13951 13940 13941
f 13950 13940 13951
f 13952 13941 13942
f 13951 13941 13952
f 13942 13943 13953
f 13942 13953 13952
f 13956 13955 13954
f 13954 13955 13946
f 13944 13954 13946
f 13957 13954 13944
f 13958 13944 13947
f 13957 13944 13958
f 13959 13947 13948
f 13958 13947 13959
f 13649 13959 13640
f 13640 13959 13948
f 13949 13654 13647
f 13654 13949 13656
f 13949 13960 13656
f 13949 13950 13960
f 13961 13950 13951
f 13960 13950 13961
f 13962 13951 13952
f 13961 13951 13962
f 13952 13953 13963
f 13964 13952 13963
f 13962 13952 13964
f 13966 13965 13964
f 13966 13964 13963
f 13968 13967 13965
f 13968 13965 13966
f 13969 13967 13968
f 13972 13971 13970
f 13974 13973 13970
f 13974 13970 13971
f 13973 13974 13956
f 13954 13973 13956
f 13975 13973 13954
f 13976 13954 13957
f 13975 13954 13976
f 13977 13957 13958
f 13976 13957 13977
f 13659 13977 13658
f 13977 13959 13658
f 13977 13958 13959
f 13658 13959 13649
f 13960 13664 13656
f 13664 13960 13666
f 13960 13978 13666
f 13960 13961 13978
f 13979 13961 13962
f 13978 13961 13979
f 13980 13962 13964
f 13979 13962 13980
f 13981 13964 13965
f 13980 13964 13981
f 13982 13965 13967
f 13981 13965 13982
f 13967 13969 13983
f 13984 13967 13983
f 13982 13967 13984
f 13986 13985 13984
f 13986 13984 13983
f 13988 13987 13985
f 13988 13985 13986
f 13990 13989 13987
f 13990 13987 13988
f 13989 13990 13972
f 13970 13989 13972
f 13991 13989 13970
f 13992 13970 13973
f 13991 13970 13992
f 13993 13973 13975
f 13992 13973 13993
f 13994 13975 13976
f 13993 13975 13994
f 13669 13994 13668
f 13994 13977 13668
f 13994 13976 13977
f 13668 13977 13659
f 13978 13676 13666
f 13676 13978 13678
f 13978 13995 13678
f 13978 13979 13995
f 13996 13979 13980
f 13995 13979 13996
f 13997 13980 13981
f 13996 13980 13997
f 13998 13981 13982
f 13997 13981 13998
f 13999 13982 13984
f 13998 13982 13999
f 14000 13984 13985
f 13999 13984 14000
f 14001 13985 13987
f 14000 13985 14001
f 14002 13987 13989
f 14001 13987 14002
f 14003 13989 13991
f 14002 13989 14003
f 14004 13991 13992
f 14003 13991 14004
f 14005 13992 13993
f 14004 13992 14005
f 13681 14005 13680
f 14005 13994 13680
f 14005 13993 13994
f 13680 13994 13669
f 13995 13688 13678
f 13688 13995 13690
f 13995 14006 13690
f 13995 13996 14006
f 14007 13996 13997
f 14006 13996 14007
f 14008 13997 13998
f 14007 13997 14008
f 14009 13998 13999
f 14008 13998 14009
f 14010 13999 14000
f 14009 13999 14010
f 14011 14000 14001
f 14010 14000 14011
f 14012 14001 14002
f 14011 14001 14012
f 14013 14002 14003
f 14012 14002 14013
f 13693 14013 13692
f 14013 14004 13692
f 14013 14003 14004
f 13692 14004 13695
f 13695 14004 14005
f 13695 14005 13681
f 14006 13702 13690
f 13702 14006 13705
f 13705 14006 14007
f 13705 14007 13707
f 13707 14007 14008
f 13707 14008 13709
f 13709 14008 14009
f 13709 14009 13711
f 13711 14009 14010
f 13711 14010 13713
f 13713 14010 14011
f 13713 14011 13715
f 13715 14011 14012
f 13715 14012 13717
f 13717 14012 14013
f 13717 14013 13693
f 14016 14015 14014
f 14018 14017 14014
f 14014 14017 14016
f 13742 13743 14018
f 13743 14017 14018
f 13743 14019 14017
f 14020 13743 13744
f 14020 14019 13743
f 14021 13744 13746
f 14021 14020 13744
f 13746 13748 14021
f 14021 13748 14022
f 14014 14015 13751
f 14015 13750 13751
f 14015 14023 13750
f 14014 13751 13752
f 14014 13752 14018
f 14018 13752 13742
f 14024 14022 13748
f 14024 13748 13753
f 13753 13754 14024
f 14024 13754 14025
f 14028 14027 14026
f 14023 14028 14026
f 13755 14023 14026
f 13750 14023 13755
f 14029 14025 13754
f 14029 13754 13756
f 13756 13758 14029
f 14029 13758 14030
f 14026 14027 13761
f 14027 13760 13761
f 14027 14031 13760
f 14026 13761 13755
f 13762 14030 13758
f 13762 14032 14030
f 14031 13763 13760
f 14033 13763 14031
f 14034 14032 13762
f 14034 13762 13764
f 13764 13765 14034
f 14034 13765 14035
f 14037 14036 13768
f 13768 14036 13767
f 13768 13763 14033
f 13768 14033 14037
f 13765 13769 14038
f 14039 13765 14038
f 14035 13765 14039
f 13770 14038 13769
f 14036 13771 13767
f 14040 13771 14036
f 14039 14038 14041
f 14039 14041 14042
f 13772 14041 13770
f 13770 14041 14038
f 14044 14043 13774
f 13774 14043 13773
f 13774 13771 14040
f 13774 14040 14044
f 14042 14041 13776
f 13777 14042 13776
f 14045 14042 13777
f 13776 14041 13772
f 14047 14046 13780
f 13780 14046 13779
f 14048 13780 13781
f 14048 14047 13780
f 14049 13781 13782
f 14049 14048 13781
f 14050 13782 13783
f 14050 14049 13782
f 14052 14050 14051
f 14050 13784 14051
f 14050 13783 13784
f 13785 14053 13784
f 13784 14053 14051
f 13786 14054 13785
f 13785 14054 14053
f 13787 14055 13786
f 13786 14055 14054
f 13788 14055 13787
f 14056 13790 13791
f 13792 14057 13791
f 13791 14057 14056
f 13793 14058 13792
f 13792 14058 14057
f 14058 13793 14059
f 13793 14060 14059
f 13793 13794 14060
f 14061 13794 13795
f 14061 14060 13794
f 14062 13795 13796
f 14062 14061 13795
f 13796 13773 14043
f 13796 14043 14062
f 14065 14064 14063
f 14067 14066 14063
f 14067 14063 14064
f 14069 14068 14066
f 14069 14066 14067
f 14070 14068 14069
f 14071 14045 13777
f 14071 13777 13798
f 14073 14072 13799
f 14072 13798 13799
f 14072 14071 13798
f 13801 13802 14073
f 13802 14072 14073
f 13802 14074 14072
f 13802 13779 14046
f 13802 14046 14074
f 14075 14052 14051
f 14075 14051 14053
f 14075 14053 14076
f 14076 14053 14054
f 14076 14054 14077
f 14077 14054 14055
f 14077 14055 14078
f 14078 14055 13788
f 13803 14078 13788
f 14079 14078 13803
f 13803 13804 14079
f 14079 13804 14080
f 14081 13805 13806
f 13807 14082 13806
f 13806 14082 14081
f 14083 14082 13807
f 14083 13807 13790
f 14084 14083 13790
f 14056 14084 13790
f 14084 14056 14057
f 14084 14057 14085
f 14085 14057 14058
f 14085 14058 14086
f 14086 14058 14059
f 14065 14063 13809
f 13810 14065 13809
f 14087 14065 13810
f 13809 14063 13811
f 13811 14063 14066
f 13811 14066 13813
f 13813 14066 14068
f 13814 13813 14068
f 14070 13814 14068
f 14088 13814 14070
f 13815 14073 13799
f 14073 13815 13801
f 13804 13816 14089
f 14090 13804 14089
f 14080 13804 14090
f 13817 14089 13816
f 14091 13819 14081
f 14081 13819 13805
f 14082 14093 14092
f 14091 14082 14092
f 14081 14082 14091
f 14093 14082 14083
f 14096 14095 14094
f 14095 14087 14094
f 14087 13820 14094
f 14087 13810 13820
f 14098 14097 13822
f 13822 14097 13821
f 13822 13814 14088
f 13822 14088 14098
f 14090 14089 14099
f 14090 14099 14100
f 13823 14099 13817
f 13817 14099 14089
f 14101 13825 14091
f 14091 13825 13819
f 14091 14092 14102
f 14091 14102 14101
f 14096 14094 14103
f 14096 14103 14104
f 13826 14103 13820
f 13820 14103 14094
f 14106 14105 13829
f 13829 14105 13828
f 13829 13821 14097
f 13829 14097 14106
f 14100 14099 14107
f 14100 14107 14108
f 13830 14107 13823
f 13823 14107 14099
f 14109 13832 14101
f 14101 13832 13825
f 14101 14102 14110
f 14101 14110 14109
f 14104 14103 14111
f 14104 14111 14112
f 13833 14113 13826
f 14113 14103 13826
f 14113 14111 14103
f 14114 14113 13833
f 13828 14114 13833
f 14105 14114 13828
f 14108 14107 14115
f 14108 14115 14116
f 13834 14115 13830
f 13830 14115 14107
f 14117 13836 14109
f 14109 13836 13832
f 14109 14110 14118
f 14109 14118 14117
f 14119 14112 14111
f 14119 14111 14113
f 14119 14113 14120
f 14120 14113 14114
f 14116 14115 13838
f 13839 14116 13838
f 14121 14116 13839
f 13838 14115 13834
f 14122 13841 14117
f 14117 13841 13836
f 14117 14118 14123
f 14117 14123 14122
f 14126 14125 14124
f 14128 14127 14124
f 14128 14124 14125
f 14128 14121 14127
f 14121 13843 14127
f 14121 13839 13843
f 14129 13845 14122
f 14122 13845 13841
f 14122 14123 14130
f 14122 14130 14129
f 14133 14132 14131
f 14135 14134 14131
f 14135 14131 14132
f 14137 14136 14134
f 14137 14134 14135
f 14136 14137 14126
f 14124 14136 14126
f 14138 14136 14124
f 14139 14124 14127
f 14138 14124 14139
f 13847 14139 13843
f 13843 14139 14127
f 14140 13849 14129
f 14129 13849 13845
f 14129 14130 14141
f 14142 14129 14141
f 14140 14129 14142
f 14143 14142 14141
f 14146 14145 14144
f 14144 14145 14133
f 14131 14144 14133
f 14147 14144 14131
f 14148 14131 14134
f 14147 14131 14148
f 13852 14148 13851
f 14148 14136 13851
f 14148 14134 14136
f 13851 14136 13854
f 13854 14136 14138
f 13854 14138 13856
f 13856 14138 14139
f 13856 14139 13847
f 14140 13858 13849
f 13858 14140 13859
f 14140 14149 13859
f 14140 14142 14149
f 14142 14143 14150
f 14142 14150 14149
f 14153 14152 14151
f 14151 14152 14146
f 14144 14151 14146
f 14154 14151 14144
f 14155 14144 14147
f 14154 14144 14155
f 14156 14147 14148
f 14155 14147 14156
f 13861 14156 13852
f 13852 14156 14148
f 14157 13864 14149
f 14149 13864 13859
f 14149 14150 14158
f 14149 14158 14157
f 14161 14160 14159
f 14159 14160 14153
f 14151 14159 14153
f 14162 14159 14151
f 14163 14151 14154
f 14162 14151 14163
f 14164 14154 14155
f 14163 14154 14164
f 14165 14155 14156
f 14164 14155 14165
f 13866 14165 13861
f 13861 14165 14156
f 14166 13868 13869
f 13864 14157 13869
f 14157 14166 13869
f 14157 14167 14166
f 14157 14158 14168
f 14157 14168 14167
f 14161 14159 14169
f 14161 14169 14170
f 14171 14159 14162
f 14169 14159 14171
f 14172 14162 14163
f 14171 14162 14172
f 13872 14172 13871
f 14172 14164 13871
f 14172 14163 14164
f 13871 14164 13874
f 13874 14164 14165
f 13874 14165 13866
f 14166 13877 13868
f 13877 14166 13879
f 14166 14173 13879
f 14166 14167 14173
f 14167 14168 14174
f 14167 14174 14173
f 14177 14176 14175
f 14175 14176 14170
f 14169 14175 14170
f 14178 14175 14169
f 14179 14169 14171
f 14178 14169 14179
f 13882 14179 13881
f 14179 14172 13881
f 14179 14171 14172
f 13881 14172 13872
f 14173 13888 13879
f 14181 14180 13890
f 14181 13890 13888
f 14174 14181 13888
f 14173 14174 13888
f 14183 14182 14180
f 14183 14180 14181
f 14185 14184 14182
f 14185 14182 14183
f 14187 14186 14184
f 14187 14184 14185
f 14189 14188 14186
f 14189 14186 14187
f 14191 14190 14188
f 14191 14188 14189
f 14193 14192 14190
f 14193 14190 14191
f 14195 14194 14192
f 14195 14192 14193
f 14197 14196 14194
f 14197 14194 14195
f 14199 14198 14196
f 14199 14196 14197
f 14201 14200 14198
f 14201 14198 14199
f 14203 14202 14200
f 14203 14200 14201
f 14205 14204 14202
f 14205 14202 14203
f 14206 14204 14205
f 14177 14175 14207
f 14177 14207 14208
f 14209 14175 14178
f 14207 14175 14209
f 14210 14178 14179
f 14209 14178 14210
f 13892 14210 13882
f 13882 14210 14179
f 14180 13897 13890
f 13897 14180 13899
f 14180 14211 13899
f 14180 14182 14211
f 14212 14182 14184
f 14211 14182 14212
f 14213 14184 14186
f 14212 14184 14213
f 14214 14186 14188
f 14213 14186 14214
f 14215 14188 14190
f 14214 14188 14215
f 14216 14190 14192
f 14215 14190 14216
f 14217 14192 14194
f 14216 14192 14217
f 14218 14194 14196
f 14217 14194 14218
f 14219 14196 14198
f 14218 14196 14219
f 14220 14198 14200
f 14219 14198 14220
f 14221 14200 14202
f 14220 14200 14221
f 14222 14202 14204
f 14221 14202 14222
f 14204 14206 14223
f 14224 14204 14223
f 14222 14204 14224
f 14225 14224 14223
f 14228 14227 14226
f 14226 14227 14208
f 14207 14226 14208
f 14229 14226 14207
f 14230 14207 14209
f 14229 14207 14230
f 13902 14230 13901
f 14230 14210 13901
f 14230 14209 14210
f 13901 14210 13892
f 14211 13907 13899
f 13907 14211 13910
f 13910 14211 14212
f 13910 14212 13912
f 13912 14212 14213
f 13912 14213 13914
f 13914 14213 14214
f 13914 14214 13916
f 13916 14214 14215
f 13916 14215 13918
f 13918 14215 14216
f 13918 14216 13920
f 13920 14216 14217
f 13920 14217 13922
f 13922 14217 14218
f 13922 14218 13923
f 14218 14231 13923
f 14218 14219 14231
f 14232 14219 14220
f 14231 14219 14232
f 14233 14220 14221
f 14232 14220 14233
f 14234 14221 14222
f 14233 14221 14234
f 14235 14222 14224
f 14234 14222 14235
f 14224 14225 14236
f 14237 14224 14236
f 14235 14224 14237
f 14239 14238 14237
f 14239 14237 14236
f 14241 14240 14238
f 14241 14238 14239
f 14243 14242 14240
f 14243 14240 14241
f 14245 14244 14242
f 14245 14242 14243
f 14244 14245 14228
f 14226 14244 14228
f 14246 14244 14226
f 14247 14226 14229
f 14246 14226 14247
f 13926 14247 13925
f 14247 14230 13925
f 14247 14229 14230
f 13925 14230 13902
f 14231 13932 13923
f 13932 14231 13934
f 14231 14248 13934
f 14231 14232 14248
f 14249 14232 14233
f 14248 14232 14249
f 14250 14233 14234
f 14249 14233 14250
f 14251 14234 14235
f 14250 14234 14251
f 14252 14235 14237
f 14251 14235 14252
f 14253 14237 14238
f 14252 14237 14253
f 14254 14238 14240
f 14253 14238 14254
f 14255 14240 14242
f 14254 14240 14255
f 14256 14242 14244
f 14255 14242 14256
f 14257 14244 14246
f 14256 14244 14257
f 14258 14246 14247
f 14257 14246 14258
f 13936 14258 13926
f 13926 14258 14247
f 14259 13943 14248
f 14248 13943 13934
f 14260 14248 14249
f 14259 14248 14260
f 14261 14249 14250
f 14260 14249 14261
f 14262 14250 14251
f 14261 14250 14262
f 14263 14251 14252
f 14262 14251 14263
f 14264 14252 14253
f 14263 14252 14264
f 14265 14253 14254
f 14264 14253 14265
f 14266 14254 14255
f 14265 14254 14266
f 14267 14255 14256
f 14266 14255 14267
f 14268 14256 14257
f 14267 14256 14268
f 13946 14268 13945
f 14268 14258 13945
f 14268 14257 14258
f 13945 14258 13936
f 14269 13953 14259
f 14259 13953 13943
f 14270 14259 14260
f 14269 14259 14270
f 14271 14260 14261
f 14270 14260 14271
f 14272 14261 14262
f 14271 14261 14272
f 14273 14262 14263
f 14272 14262 14273
f 14274 14263 14264
f 14273 14263 14274
f 14275 14264 14265
f 14274 14264 14275
f 14276 14265 14266
f 14275 14265 14276
f 14277 14266 14267
f 14276 14266 14277
f 13956 14277 13955
f 14277 14268 13955
f 14277 14267 14268
f 13955 14268 13946
f 14269 13963 13953
f 13963 14269 13966
f 13966 14269 14270
f 13966 14270 13968
f 13968 14270 14271
f 13968 14271 13969
f 14271 14278 13969
f 14271 14272 14278
f 14279 14272 14273
f 14278 14272 14279
f 14280 14273 14274
f 14279 14273 14280
f 14281 14274 14275
f 14280 14274 14281
f 13972 14281 13971
f 14281 14276 13971
f 14281 14275 14276
f 13971 14276 13974
f 13974 14276 14277
f 13974 14277 13956
f 14278 13983 13969
f 13983 14278 13986
f 13986 14278 14279
f 13986 14279 13988
f 13988 14279 14280
f 13988 14280 13990
f 13990 14280 14281
f 13990 14281 13972
f 14283 14282 14016
f 14016 14282 14015
f 14284 14016 14017
f 14284 14283 14016
f 14285 14017 14019
f 14285 14284 14017
f 14286 14019 14020
f 14286 14285 14019
f 14287 14020 14021
f 14287 14286 14020
f 14021 14022 14287
f 14287 14022 14288
f 14291 14290 14289
f 14282 14291 14289
f 14023 14282 14289
f 14015 14282 14023
f 14292 14288 14022
f 14292 14022 14024
f 14024 14025 14292
f 14292 14025 14293
f 14289 14290 14028
f 14290 14027 14028
f 14290 14294 14027
f 14289 14028 14023
f 14025 14029 14295
f 14296 14025 14295
f 14293 14025 14296
f 14030 14295 14029
f 14294 14031 14027
f 14297 14031 14294
f 14298 14296 14295
f 14295 14030 14298
f 14030 14299 14298
f 14030 14032 14299
f 14302 14301 14300
f 14297 14302 14300
f 14033 14297 14300
f 14031 14297 14033
f 14032 14034 14303
f 14304 14032 14303
f 14299 14032 14304
f 14035 14303 14034
f 14300 14301 14037
f 14301 14036 14037
f 14301 14305 14036
f 14300 14037 14033
f 14304 14303 14306
f 14304 14306 14307
f 14039 14306 14035
f 14035 14306 14303
f 14305 14040 14036
f 14308 14040 14305
f 14307 14306 14309
f 14307 14309 14310
f 14042 14309 14039
f 14039 14309 14306
f 14311 14043 14044
f 14312 14311 14044
f 14040 14312 14044
f 14308 14312 14040
f 14315 14314 14313
f 14317 14316 14313
f 14317 14313 14314
f 14316 14317 14310
f 14309 14316 14310
f 14318 14316 14309
f 14045 14318 14042
f 14042 14318 14309
f 14321 14320 14319
f 14046 14047 14319
f 14047 14321 14319
f 14047 14322 14321
f 14323 14047 14048
f 14323 14322 14047
f 14324 14048 14049
f 14324 14323 14048
f 14326 14324 14325
f 14324 14050 14325
f 14324 14049 14050
f 14052 14325 14050
f 14327 14059 14060
f 14061 14328 14060
f 14060 14328 14327
f 14062 14329 14061
f 14061 14329 14328
f 14330 14329 14062
f 14330 14062 14043
f 14331 14330 14043
f 14311 14331 14043
f 14331 14311 14312
f 14333 14332 14064
f 14333 14064 14065
f 14313 14067 14315
f 14067 14332 14315
f 14067 14064 14332
f 14067 14313 14069
f 14069 14313 14316
f 14316 14318 14334
f 14070 14316 14334
f 14335 14070 14334
f 14316 14070 14069
f 14334 14318 14045
f 14071 14334 14045
f 14336 14334 14071
f 14337 14071 14072
f 14337 14336 14071
f 14074 14319 14320
f 14337 14074 14320
f 14072 14074 14337
f 14319 14074 14046
f 14338 14326 14325
f 14340 14338 14339
f 14339 14338 14075
f 14338 14325 14075
f 14325 14052 14075
f 14076 14341 14075
f 14075 14341 14339
f 14077 14342 14076
f 14076 14342 14341
f 14078 14343 14077
f 14077 14343 14342
f 14079 14344 14078
f 14078 14344 14343
f 14080 14344 14079
f 14345 14083 14084
f 14085 14346 14084
f 14084 14346 14345
f 14346 14085 14347
f 14085 14348 14347
f 14085 14086 14348
f 14086 14059 14327
f 14349 14086 14327
f 14348 14086 14349
f 14349 14327 14328
f 14349 14328 14350
f 14350 14328 14329
f 14350 14329 14351
f 14351 14329 14330
f 14354 14353 14352
f 14353 14333 14352
f 14333 14087 14352
f 14333 14065 14087
f 14335 14088 14070
f 14355 14088 14335
f 14356 14340 14339
f 14358 14357 14356
f 14339 14358 14356
f 14341 14358 14339
f 14359 14341 14342
f 14358 14341 14359
f 14360 14342 14343
f 14359 14342 14360
f 14361 14343 14344
f 14360 14343 14361
f 14090 14361 14080
f 14080 14361 14344
f 14362 14092 14093
f 14083 14345 14093
f 14345 14362 14093
f 14345 14363 14362
f 14346 14365 14364
f 14363 14346 14364
f 14345 14346 14363
f 14365 14346 14347
f 14354 14352 14095
f 14096 14354 14095
f 14366 14354 14096
f 14095 14352 14087
f 14368 14367 14098
f 14098 14367 14097
f 14098 14088 14355
f 14098 14355 14368
f 14369 14357 14358
f 14369 14358 14359
f 14369 14359 14370
f 14372 14371 14370
f 14359 14372 14370
f 14360 14372 14359
f 14373 14360 14361
f 14372 14360 14373
f 14100 14373 14090
f 14090 14373 14361
f 14374 14102 14362
f 14362 14102 14092
f 14375 14362 14363
f 14374 14362 14375
f 14363 14364 14376
f 14363 14376 14375
f 14379 14378 14377
f 14378 14366 14377
f 14366 14104 14377
f 14366 14096 14104
f 14380 14105 14106
f 14381 14380 14106
f 14097 14381 14106
f 14367 14381 14097
f 14371 14372 14382
f 14371 14382 14383
f 14384 14372 14373
f 14382 14372 14384
f 14108 14384 14100
f 14100 14384 14373
f 14385 14110 14374
f 14374 14110 14102
f 14386 14374 14375
f 14385 14374 14386
f 14375 14376 14387
f 14375 14387 14386
f 14388 14379 14377
f 14377 14104 14388
f 14104 14389 14388
f 14104 14112 14389
f 14391 14390 14380
f 14390 14105 14380
f 14390 14114 14105
f 14391 14380 14381
f 14383 14382 14392
f 14383 14392 14393
f 14394 14382 14384
f 14392 14382 14394
f 14116 14394 14108
f 14108 14394 14384
f 14395 14118 14385
f 14385 14118 14110
f 14396 14385 14386
f 14395 14385 14396
f 14386 14387 14397
f 14386 14397 14396
f 14398 14389 14112
f 14398 14112 14119
f 14400 14398 14399
f 14398 14120 14399
f 14398 14119 14120
f 14401 14399 14120
f 14114 14401 14120
f 14390 14401 14114
f 14404 14403 14402
f 14406 14405 14402
f 14406 14402 14403
f 14405 14406 14393
f 14392 14405 14393
f 14407 14405 14392
f 14408 14392 14394
f 14407 14392 14408
f 14121 14408 14116
f 14116 14408 14394
f 14409 14123 14395
f 14395 14123 14118
f 14410 14395 14396
f 14409 14395 14410
f 14396 14397 14411
f 14412 14396 14411
f 14410 14396 14412
f 14414 14413 14412
f 14414 14412 14411
f 14416 14415 14413
f 14416 14413 14414
f 14417 14415 14416
f 14418 14400 14399
f 14418 14399 14401
f 14421 14420 14419
f 14423 14422 14419
f 14423 14419 14420
f 14425 14424 14422
f 14425 14422 14423
f 14427 14426 14424
f 14427 14424 14425
f 14429 14428 14426
f 14429 14426 14427
f 14428 14429 14404
f 14402 14428 14404
f 14430 14428 14402
f 14431 14402 14405
f 14430 14402 14431
f 14126 14431 14125
f 14431 14407 14125
f 14431 14405 14407
f 14125 14407 14128
f 14128 14407 14408
f 14128 14408 14121
f 14432 14130 14409
f 14409 14130 14123
f 14433 14409 14410
f 14432 14409 14433
f 14434 14410 14412
f 14433 14410 14434
f 14435 14412 14413
f 14434 14412 14435
f 14415 14437 14436
f 14435 14415 14436
f 14413 14415 14435
f 14437 14415 14417
f 14421 14419 14438
f 14421 14438 14439
f 14440 14419 14422
f 14438 14419 14440
f 14441 14422 14424
f 14440 14422 14441
f 14442 14424 14426
f 14441 14424 14442
f 14133 14442 14132
f 14442 14428 14132
f 14442 14426 14428
f 14132 14428 14135
f 14135 14428 14430
f 14135 14430 14137
f 14137 14430 14431
f 14137 14431 14126
f 14432 14141 14130
f 14141 14432 14143
f 14432 14443 14143
f 14432 14433 14443
f 14444 14433 14434
f 14443 14433 14444
f 14435 14446 14445
f 14444 14435 14445
f 14434 14435 14444
f 14446 14435 14436
f 14449 14448 14447
f 14447 14448 14439
f 14438 14447 14439
f 14450 14447 14438
f 14451 14438 14440
f 14450 14438 14451
f 14452 14440 14441
f 14451 14440 14452
f 14146 14452 14145
f 14452 14442 14145
f 14452 14441 14442
f 14145 14442 14133
f 14453 14150 14443
f 14443 14150 14143
f 14444 14455 14454
f 14453 14444 14454
f 14443 14444 14453
f 14455 14444 14445
f 14458 14457 14456
f 14456 14457 14449
f 14447 14456 14449
f 14459 14456 14447
f 14460 14447 14450
f 14459 14447 14460
f 14461 14450 14451
f 14460 14450 14461
f 14153 14461 14152
f 14461 14452 14152
f 14461 14451 14452
f 14152 14452 14146
f 14462 14158 14453
f 14453 14158 14150
f 14453 14454 14463
f 14464 14453 14463
f 14462 14453 14464
f 14465 14464 14463
f 14468 14467 14466
f 14470 14469 14466
f 14470 14466 14467
f 14472 14471 14469
f 14472 14469 14470
f 14474 14473 14471
f 14474 14471 14472
f 14476 14475 14473
f 14476 14473 14474
f 14478 14477 14475
f 14478 14475 14476
f 14480 14479 14477
f 14480 14477 14478
f 14479 14480 14458
f 14456 14479 14458
f 14481 14479 14456
f 14482 14456 14459
f 14481 14456 14482
f 14483 14459 14460
f 14482 14459 14483
f 14161 14483 14160
f 14483 14461 14160
f 14483 14460 14461
f 14160 14461 14153
f 14484 14168 14462
f 14462 14168 14158
f 14485 14462 14464
f 14484 14462 14485
f 14464 14465 14486
f 14487 14464 14486
f 14485 14464 14487
f 14488 14487 14486
f 14491 14490 14489
f 14493 14492 14489
f 14493 14489 14490
f 14495 14494 14492
f 14495 14492 14493
f 14497 14496 14494
f 14497 14494 14495
f 14496 14497 14468
f 14466 14496 14468
f 14498 14496 14466
f 14499 14466 14469
f 14498 14466 14499
f 14500 14469 14471
f 14499 14469 14500
f 14501 14471 14473
f 14500 14471 14501
f 14502 14473 14475
f 14501 14473 14502
f 14503 14475 14477
f 14502 14475 14503
f 14504 14477 14479
f 14503 14477 14504
f 14505 14479 14481
f 14504 14479 14505
f 14506 14481 14482
f 14505 14481 14506
f 14507 14482 14483
f 14506 14482 14507
f 14170 14507 14161
f 14161 14507 14483
f 14508 14174 14484
f 14484 14174 14168
f 14509 14484 14485
f 14508 14484 14509
f 14510 14485 14487
f 14509 14485 14510
f 14487 14488 14511
f 14512 14487 14511
f 14510 14487 14512
f 14514 14513 14512
f 14514 14512 14511
f 14516 14515 14513
f 14516 14513 14514
f 14518 14517 14515
f 14518 14515 14516
f 14517 14518 14491
f 14489 14517 14491
f 14519 14517 14489
f 14520 14489 14492
f 14519 14489 14520
f 14521 14492 14494
f 14520 14492 14521
f 14522 14494 14496
f 14521 14494 14522
f 14523 14496 14498
f 14522 14496 14523
f 14524 14498 14499
f 14523 14498 14524
f 14525 14499 14500
f 14524 14499 14525
f 14526 14500 14501
f 14525 14500 14526
f 14527 14501 14502
f 14526 14501 14527
f 14528 14502 14503
f 14527 14502 14528
f 14529 14503 14504
f 14528 14503 14529
f 14530 14504 14505
f 14529 14504 14530
f 14531 14505 14506
f 14530 14505 14531
f 14177 14531 14176
f 14531 14507 14176
f 14531 14506 14507
f 14176 14507 14170
f 14508 14181 14174
f 14181 14508 14183
f 14183 14508 14509
f 14183 14509 14185
f 14185 14509 14510
f 14185 14510 14187
f 14187 14510 14512
f 14187 14512 14189
f 14189 14512 14513
f 14189 14513 14191
f 14191 14513 14515
f 14191 14515 14193
f 14193 14515 14517
f 14193 14517 14195
f 14195 14517 14519
f 14195 14519 14197
f 14197 14519 14520
f 14197 14520 14199
f 14199 14520 14521
f 14199 14521 14201
f 14201 14521 14522
f 14201 14522 14203
f 14203 14522 14523
f 14203 14523 14205
f 14205 14523 14524
f 14205 14524 14206
f 14524 14532 14206
f 14524 14525 14532
f 14533 14525 14526
f 14532 14525 14533
f 14534 14526 14527
f 14533 14526 14534
f 14535 14527 14528
f 14534 14527 14535
f 14536 14528 14529
f 14535 14528 14536
f 14537 14529 14530
f 14536 14529 14537
f 14538 14530 14531
f 14537 14530 14538
f 14208 14538 14177
f 14177 14538 14531
f 14532 14223 14206
f 14223 14532 14225
f 14532 14539 14225
f 14532 14533 14539
f 14540 14533 14534
f 14539 14533 14540
f 14541 14534 14535
f 14540 14534 14541
f 14542 14535 14536
f 14541 14535 14542
f 14543 14536 14537
f 14542 14536 14543
f 14228 14543 14227
f 14543 14538 14227
f 14543 14537 14538
f 14227 14538 14208
f 14539 14236 14225
f 14236 14539 14239
f 14239 14539 14540
f 14239 14540 14241
f 14241 14540 14541
f 14241 14541 14243
f 14243 14541 14542
f 14243 14542 14245
f 14245 14542 14543
f 14245 14543 14228
f 14544 14282 14283
f 14284 14545 14283
f 14283 14545 14544
f 14285 14546 14284
f 14284 14546 14545
f 14286 14547 14285
f 14285 14547 14546
f 14287 14548 14286
f 14286 14548 14547
f 14288 14548 14287
f 14549 14290 14291
f 14550 14549 14291
f 14550 14291 14282
f 14551 14550 14282
f 14544 14551 14282
f 14551 14544 14545
f 14551 14545 14552
f 14552 14545 14546
f 14552 14546 14553
f 14553 14546 14547
f 14553 14547 14554
f 14554 14547 14548
f 14554 14548 14555
f 14557 14555 14556
f 14556 14555 14292
f 14555 14548 14292
f 14548 14288 14292
f 14293 14556 14292
f 14559 14558 14549
f 14558 14290 14549
f 14558 14294 14290
f 14559 14549 14550
f 14557 14556 14560
f 14557 14560 14561
f 14296 14560 14293
f 14293 14560 14556
f 14558 14297 14294
f 14562 14297 14558
f 14563 14561 14560
f 14565 14563 14564
f 14564 14563 14298
f 14563 14560 14298
f 14560 14296 14298
f 14299 14564 14298
f 14566 14301 14302
f 14567 14566 14302
f 14297 14567 14302
f 14562 14567 14297
f 14565 14564 14568
f 14565 14568 14569
f 14304 14568 14299
f 14299 14568 14564
f 14571 14570 14566
f 14570 14301 14566
f 14570 14305 14301
f 14571 14566 14567
f 14569 14568 14572
f 14569 14572 14573
f 14307 14572 14304
f 14304 14572 14568
f 14570 14308 14305
f 14574 14308 14570
f 14577 14576 14575
f 14575 14576 14573
f 14572 14575 14573
f 14578 14575 14572
f 14310 14578 14307
f 14307 14578 14572
f 14574 14312 14308
f 14579 14312 14574
f 14582 14581 14580
f 14580 14581 14577
f 14580 14577 14575
f 14315 14580 14575
f 14314 14315 14575
f 14314 14575 14317
f 14317 14575 14578
f 14317 14578 14310
f 14583 14320 14321
f 14583 14321 14584
f 14321 14585 14584
f 14321 14322 14585
f 14586 14322 14323
f 14586 14585 14322
f 14588 14586 14587
f 14586 14324 14587
f 14586 14323 14324
f 14326 14587 14324
f 14589 14330 14331
f 14590 14589 14331
f 14312 14590 14331
f 14579 14590 14312
f 14582 14580 14332
f 14333 14582 14332
f 14591 14582 14333
f 14332 14580 14315
f 14592 14335 14334
f 14592 14334 14593
f 14334 14594 14593
f 14334 14336 14594
f 14595 14336 14337
f 14595 14594 14336
f 14337 14320 14583
f 14596 14337 14583
f 14595 14337 14596
f 14596 14583 14584
f 14597 14588 14587
f 14599 14597 14598
f 14598 14597 14338
f 14597 14587 14338
f 14587 14326 14338
f 14340 14598 14338
f 14600 14347 14348
f 14349 14601 14348
f 14348 14601 14600
f 14350 14602 14349
f 14349 14602 14601
f 14351 14603 14350
f 14350 14603 14602
f 14330 14589 14351
f 14589 14603 14351
f 14589 14604 14603
f 14589 14590 14605
f 14589 14605 14604
f 14607 14606 14353
f 14607 14353 14354
f 14333 14353 14591
f 14591 14353 14606
f 14609 14608 14592
f 14608 14335 14592
f 14608 14355 14335
f 14609 14592 14593
f 14599 14598 14610
f 14599 14610 14611
f 14356 14612 14340
f 14612 14598 14340
f 14612 14610 14598
f 14357 14612 14356
f 14613 14364 14365
f 14347 14600 14365
f 14600 14613 14365
f 14600 14614 14613
f 14615 14600 14601
f 14614 14600 14615
f 14616 14601 14602
f 14615 14601 14616
f 14617 14602 14603
f 14616 14602 14617
f 14618 14603 14604
f 14617 14603 14618
f 14604 14605 14619
f 14604 14619 14618
f 14622 14621 14620
f 14621 14607 14620
f 14607 14366 14620
f 14607 14354 14366
f 14624 14623 14368
f 14368 14623 14367
f 14368 14355 14608
f 14368 14608 14624
f 14625 14611 14610
f 14627 14626 14625
f 14610 14627 14625
f 14612 14627 14610
f 14369 14628 14357
f 14628 14612 14357
f 14628 14627 14612
f 14370 14629 14369
f 14369 14629 14628
f 14371 14629 14370
f 14630 14376 14613
f 14613 14376 14364
f 14631 14613 14614
f 14630 14613 14631
f 14632 14614 14615
f 14631 14614 14632
f 14633 14615 14616
f 14632 14615 14633
f 14634 14616 14617
f 14633 14616 14634
f 14635 14617 14618
f 14634 14617 14635
f 14618 14619 14636
f 14637 14618 14636
f 14635 14618 14637
f 14638 14637 14636
f 14641 14640 14639
f 14639 14640 14622
f 14639 14622 14620
f 14379 14639 14620
f 14378 14379 14620
f 14378 14620 14366
f 14623 14381 14367
f 14642 14381 14623
f 14626 14627 14643
f 14626 14643 14644
f 14645 14627 14628
f 14643 14627 14645
f 14646 14628 14629
f 14645 14628 14646
f 14383 14646 14371
f 14371 14646 14629
f 14647 14387 14630
f 14630 14387 14376
f 14648 14630 14631
f 14647 14630 14648
f 14649 14631 14632
f 14648 14631 14649
f 14650 14632 14633
f 14649 14632 14650
f 14651 14633 14634
f 14650 14633 14651
f 14652 14634 14635
f 14651 14634 14652
f 14637 14654 14653
f 14652 14637 14653
f 14635 14637 14652
f 14654 14637 14638
f 14655 14641 14639
f 14655 14639 14379
f 14388 14655 14379
f 14656 14655 14388
f 14388 14389 14656
f 14656 14389 14657
f 14659 14658 14391
f 14391 14658 14390
f 14391 14381 14642
f 14391 14642 14659
f 14644 14643 14660
f 14644 14660 14661
f 14662 14643 14645
f 14660 14643 14662
f 14663 14645 14646
f 14662 14645 14663
f 14393 14663 14383
f 14383 14663 14646
f 14664 14397 14647
f 14647 14397 14387
f 14665 14647 14648
f 14664 14647 14665
f 14666 14648 14649
f 14665 14648 14666
f 14667 14649 14650
f 14666 14649 14667
f 14651 14669 14668
f 14667 14651 14668
f 14650 14651 14667
f 14669 14651 14652
f 14669 14652 14670
f 14670 14652 14653
f 14671 14657 14389
f 14671 14389 14398
f 14398 14400 14671
f 14671 14400 14672
f 14658 14401 14390
f 14673 14401 14658
f 14676 14675 14674
f 14678 14677 14674
f 14678 14674 14675
f 14680 14679 14677
f 14680 14677 14678
f 14682 14681 14679
f 14682 14679 14680
f 14683 14681 14682
f 14686 14685 14684
f 14688 14687 14684
f 14688 14684 14685
f 14690 14689 14687
f 14690 14687 14688
f 14689 14690 14661
f 14660 14689 14661
f 14691 14689 14660
f 14404 14691 14403
f 14691 14662 14403
f 14691 14660 14662
f 14403 14662 14406
f 14406 14662 14663
f 14406 14663 14393
f 14664 14411 14397
f 14411 14664 14414
f 14414 14664 14665
f 14414 14665 14416
f 14416 14665 14666
f 14416 14666 14417
f 14666 14692 14417
f 14666 14667 14692
f 14667 14668 14693
f 14667 14693 14692
f 14696 14695 14694
f 14697 14694 14418
f 14694 14672 14418
f 14672 14400 14418
f 14672 14694 14695
f 14401 14673 14698
f 14697 14401 14698
f 14699 14697 14698
f 14418 14401 14697
f 14701 14700 14699
f 14701 14699 14698
f 14700 14701 14676
f 14674 14700 14676
f 14702 14700 14674
f 14703 14674 14677
f 14702 14674 14703
f 14704 14677 14679
f 14703 14677 14704
f 14705 14679 14681
f 14704 14679 14705
f 14706 14420 14421
f 14681 14706 14421
f 14705 14681 14421
f 14706 14681 14683
f 14684 14423 14686
f 14423 14706 14686
f 14423 14420 14706
f 14423 14684 14425
f 14425 14684 14687
f 14425 14687 14427
f 14427 14687 14689
f 14427 14689 14429
f 14429 14689 14691
f 14429 14691 14404
f 14707 14436 14437
f 14708 14707 14437
f 14708 14437 14417
f 14709 14708 14417
f 14692 14709 14417
f 14709 14692 14693
f 14696 14694 14710
f 14696 14710 14711
f 14712 14694 14697
f 14710 14694 14712
f 14713 14697 14699
f 14712 14697 14713
f 14714 14699 14700
f 14713 14699 14714
f 14715 14700 14702
f 14714 14700 14715
f 14716 14702 14703
f 14715 14702 14716
f 14717 14703 14704
f 14716 14703 14717
f 14718 14704 14705
f 14717 14704 14718
f 14439 14718 14421
f 14421 14718 14705
f 14719 14445 14446
f 14436 14707 14446
f 14707 14719 14446
f 14707 14720 14719
f 14707 14708 14721
f 14707 14721 14720
f 14724 14723 14722
f 14726 14725 14722
f 14726 14722 14723
f 14725 14726 14711
f 14710 14725 14711
f 14727 14725 14710
f 14728 14710 14712
f 14727 14710 14728
f 14729 14712 14713
f 14728 14712 14729
f 14730 14713 14714
f 14729 14713 14730
f 14731 14714 14715
f 14730 14714 14731
f 14732 14715 14716
f 14731 14715 14732
f 14733 14716 14717
f 14732 14716 14733
f 14449 14733 14448
f 14733 14718 14448
f 14733 14717 14718
f 14448 14718 14439
f 14734 14454 14455
f 14445 14719 14455
f 14719 14734 14455
f 14719 14735 14734
f 14736 14719 14720
f 14735 14719 14736
f 14720 14721 14737
f 14738 14720 14737
f 14736 14720 14738
f 14740 14739 14738
f 14740 14738 14737
f 14741 14739 14740
f 14744 14743 14742
f 14746 14745 14742
f 14746 14742 14743
f 14745 14746 14724
f 14722 14745 14724
f 14747 14745 14722
f 14748 14722 14725
f 14747 14722 14748
f 14749 14725 14727
f 14748 14725 14749
f 14750 14727 14728
f 14749 14727 14750
f 14751 14728 14729
f 14750 14728 14751
f 14752 14729 14730
f 14751 14729 14752
f 14753 14730 14731
f 14752 14730 14753
f 14754 14731 14732
f 14753 14731 14754
f 14458 14754 14457
f 14754 14733 14457
f 14754 14732 14733
f 14457 14733 14449
f 14734 14463 14454
f 14463 14734 14465
f 14734 14755 14465
f 14734 14735 14755
f 14756 14735 14736
f 14755 14735 14756
f 14757 14736 14738
f 14756 14736 14757
f 14758 14738 14739
f 14757 14738 14758
f 14739 14741 14759
f 14760 14739 14759
f 14758 14739 14760
f 14762 14761 14760
f 14762 14760 14759
f 14761 14762 14744
f 14742 14761 14744
f 14763 14761 14742
f 14764 14742 14745
f 14763 14742 14764
f 14765 14745 14747
f 14764 14745 14765
f 14468 14765 14467
f 14765 14748 14467
f 14765 14747 14748
f 14467 14748 14470
f 14470 14748 14749
f 14470 14749 14472
f 14472 14749 14750
f 14472 14750 14474
f 14474 14750 14751
f 14474 14751 14476
f 14476 14751 14752
f 14476 14752 14478
f 14478 14752 14753
f 14478 14753 14480
f 14480 14753 14754
f 14480 14754 14458
f 14755 14486 14465
f 14486 14755 14488
f 14755 14766 14488
f 14755 14756 14766
f 14767 14756 14757
f 14766 14756 14767
f 14768 14757 14758
f 14767 14757 14768
f 14769 14758 14760
f 14768 14758 14769
f 14491 14769 14490
f 14769 14761 14490
f 14769 14760 14761
f 14490 14761 14493
f 14493 14761 14763
f 14493 14763 14495
f 14495 14763 14764
f 14495 14764 14497
f 14497 14764 14765
f 14497 14765 14468
f 14766 14511 14488
f 14511 14766 14514
f 14514 14766 14767
f 14514 14767 14516
f 14516 14767 14768
f 14516 14768 14518
f 14518 14768 14769
f 14518 14769 14491
f 14770 14550 14551
f 14552 14771 14551
f 14551 14771 14770
f 14553 14772 14552
f 14552 14772 14771
f 14554 14773 14553
f 14553 14773 14772
f 14555 14774 14554
f 14554 14774 14773
f 14557 14774 14555
f 14775 14558 14559
f 14550 14770 14559
f 14770 14775 14559
f 14770 14776 14775
f 14771 14778 14777
f 14776 14771 14777
f 14770 14771 14776
f 14778 14771 14772
f 14778 14772 14779
f 14781 14780 14779
f 14772 14781 14779
f 14773 14781 14772
f 14782 14773 14774
f 14781 14773 14782
f 14561 14782 14557
f 14557 14782 14774
f 14783 14562 14775
f 14775 14562 14558
f 14776 14785 14784
f 14783 14776 14784
f 14775 14776 14783
f 14785 14776 14777
f 14786 14780 14781
f 14788 14787 14786
f 14781 14788 14786
f 14782 14788 14781
f 14563 14789 14561
f 14789 14782 14561
f 14789 14788 14782
f 14565 14789 14563
f 14791 14790 14783
f 14790 14562 14783
f 14790 14567 14562
f 14791 14783 14784
f 14787 14788 14792
f 14787 14792 14793
f 14794 14788 14789
f 14792 14788 14794
f 14569 14794 14565
f 14565 14794 14789
f 14795 14570 14571
f 14796 14795 14571
f 14567 14796 14571
f 14790 14796 14567
f 14793 14792 14797
f 14793 14797 14798
f 14799 14792 14794
f 14797 14792 14799
f 14573 14799 14569
f 14569 14799 14794
f 14800 14574 14795
f 14795 14574 14570
f 14795 14796 14801
f 14795 14801 14800
f 14798 14797 14802
f 14798 14802 14803
f 14577 14802 14576
f 14802 14799 14576
f 14802 14797 14799
f 14576 14799 14573
f 14805 14804 14800
f 14804 14574 14800
f 14804 14579 14574
f 14805 14800 14801
f 14808 14807 14806
f 14806 14807 14803
f 14806 14803 14802
f 14582 14806 14802
f 14581 14582 14802
f 14581 14802 14577
f 14809 14584 14585
f 14586 14810 14585
f 14585 14810 14809
f 14588 14810 14586
f 14812 14590 14811
f 14590 14804 14811
f 14590 14579 14804
f 14813 14812 14811
f 14808 14806 14814
f 14808 14814 14815
f 14591 14814 14582
f 14582 14814 14806
f 14816 14593 14594
f 14595 14817 14594
f 14594 14817 14816
f 14596 14818 14595
f 14595 14818 14817
f 14584 14809 14596
f 14809 14818 14596
f 14809 14819 14818
f 14820 14809 14810
f 14819 14809 14820
f 14597 14821 14588
f 14821 14810 14588
f 14821 14820 14810
f 14599 14821 14597
f 14822 14605 14812
f 14812 14605 14590
f 14812 14813 14823
f 14812 14823 14822
f 14826 14825 14824
f 14824 14825 14815
f 14824 14815 14814
f 14607 14824 14814
f 14606 14607 14814
f 14606 14814 14591
f 14827 14608 14609
f 14828 14827 14609
f 14828 14609 14593
f 14829 14828 14593
f 14816 14829 14593
f 14829 14816 14817
f 14829 14817 14830
f 14830 14817 14818
f 14830 14818 14831
f 14833 14832 14831
f 14818 14833 14831
f 14819 14833 14818
f 14834 14819 14820
f 14833 14819 14834
f 14835 14820 14821
f 14834 14820 14835
f 14611 14835 14599
f 14599 14835 14821
f 14836 14619 14822
f 14822 14619 14605
f 14822 14823 14837
f 14822 14837 14836
f 14840 14839 14838
f 14838 14839 14826
f 14838 14826 14824
f 14622 14838 14824
f 14621 14622 14824
f 14621 14824 14607
f 14841 14623 14624
f 14842 14841 14624
f 14842 14624 14608
f 14843 14842 14608
f 14827 14843 14608
f 14843 14827 14828
f 14844 14832 14833
f 14846 14845 14844
f 14833 14846 14844
f 14834 14846 14833
f 14847 14834 14835
f 14846 14834 14847
f 14625 14848 14611
f 14848 14835 14611
f 14848 14847 14835
f 14626 14848 14625
f 14836 14636 14619
f 14850 14849 14638
f 14850 14638 14636
f 14837 14850 14636
f 14836 14837 14636
f 14852 14851 14849
f 14852 14849 14850
f 14851 14852 14840
f 14851 14840 14838
f 14641 14851 14838
f 14640 14641 14838
f 14640 14838 14622
f 14854 14853 14841
f 14853 14623 14841
f 14853 14642 14623
f 14854 14841 14842
f 14857 14856 14855
f 14855 14856 14845
f 14846 14855 14845
f 14858 14855 14846
f 14859 14846 14847
f 14858 14846 14859
f 14860 14847 14848
f 14859 14847 14860
f 14644 14860 14626
f 14626 14860 14848
f 14861 14653 14654
f 14638 14849 14654
f 14849 14861 14654
f 14849 14862 14861
f 14863 14849 14851
f 14862 14849 14863
f 14655 14864 14641
f 14864 14851 14641
f 14864 14863 14851
f 14656 14865 14655
f 14655 14865 14864
f 14657 14865 14656
f 14866 14658 14659
f 14642 14853 14867
f 14866 14642 14867
f 14868 14866 14867
f 14659 14642 14866
f 14870 14869 14868
f 14870 14868 14867
f 14872 14871 14869
f 14872 14869 14870
f 14874 14873 14871
f 14874 14871 14872
f 14876 14875 14873
f 14876 14873 14874
f 14875 14876 14857
f 14855 14875 14857
f 14877 14875 14855
f 14878 14855 14858
f 14877 14855 14878
f 14879 14858 14859
f 14878 14858 14879
f 14880 14859 14860
f 14879 14859 14880
f 14661 14880 14644
f 14644 14880 14860
f 14881 14668 14669
f 14670 14882 14669
f 14669 14882 14881
f 14653 14861 14670
f 14861 14882 14670
f 14861 14883 14882
f 14884 14861 14862
f 14883 14861 14884
f 14885 14862 14863
f 14884 14862 14885
f 14886 14863 14864
f 14885 14863 14886
f 14887 14864 14865
f 14886 14864 14887
f 14671 14888 14657
f 14888 14865 14657
f 14888 14887 14865
f 14672 14888 14671
f 14889 14673 14866
f 14866 14673 14658
f 14890 14866 14868
f 14889 14866 14890
f 14676 14890 14675
f 14890 14869 14675
f 14890 14868 14869
f 14675 14869 14678
f 14678 14869 14871
f 14678 14871 14680
f 14680 14871 14873
f 14680 14873 14682
f 14682 14873 14875
f 14682 14875 14683
f 14875 14891 14683
f 14875 14877 14891
f 14686 14891 14685
f 14891 14878 14685
f 14891 14877 14878
f 14685 14878 14688
f 14688 14878 14879
f 14688 14879 14690
f 14690 14879 14880
f 14690 14880 14661
f 14892 14693 14881
f 14881 14693 14668
f 14893 14881 14882
f 14892 14881 14893
f 14894 14882 14883
f 14893 14882 14894
f 14895 14883 14884
f 14894 14883 14895
f 14896 14884 14885
f 14895 14884 14896
f 14897 14885 14886
f 14896 14885 14897
f 14898 14886 14887
f 14897 14886 14898
f 14696 14898 14695
f 14898 14888 14695
f 14898 14887 14888
f 14695 14888 14672
f 14889 14698 14673
f 14698 14889 14701
f 14701 14889 14890
f 14701 14890 14676
f 14891 14706 14683
f 14706 14891 14686
f 14899 14708 14709
f 14693 14892 14709
f 14892 14899 14709
f 14892 14900 14899
f 14901 14892 14893
f 14900 14892 14901
f 14902 14893 14894
f 14901 14893 14902
f 14903 14894 14895
f 14902 14894 14903
f 14904 14895 14896
f 14903 14895 14904
f 14905 14896 14897
f 14904 14896 14905
f 14906 14897 14898
f 14905 14897 14906
f 14711 14906 14696
f 14696 14906 14898
f 14907 14721 14899
f 14899 14721 14708
f 14908 14899 14900
f 14907 14899 14908
f 14909 14900 14901
f 14908 14900 14909
f 14910 14901 14902
f 14909 14901 14910
f 14911 14902 14903
f 14910 14902 14911
f 14912 14903 14904
f 14911 14903 14912
f 14724 14912 14723
f 14912 14905 14723
f 14912 14904 14905
f 14723 14905 14726
f 14726 14905 14906
f 14726 14906 14711
f 14907 14737 14721
f 14737 14907 14740
f 14740 14907 14908
f 14740 14908 14741
f 14908 14913 14741
f 14908 14909 14913
f 14914 14909 14910
f 14913 14909 14914
f 14744 14914 14743
f 14914 14911 14743
f 14914 14910 14911
f 14743 14911 14746
f 14746 14911 14912
f 14746 14912 14724
f 14913 14759 14741
f 14759 14913 14762
f 14762 14913 14914
f 14762 14914 14744
f 14915 14777 14778
f 14779 14916 14778
f 14778 14916 14915
f 14780 14916 14779
f 14917 14784 14785
f 14777 14915 14785
f 14915 14917 14785
f 14915 14918 14917
f 14919 14915 14916
f 14918 14915 14919
f 14786 14920 14780
f 14920 14916 14780
f 14920 14919 14916
f 14787 14920 14786
f 14921 14790 14791
f 14784 14917 14791
f 14917 14921 14791
f 14917 14922 14921
f 14923 14917 14918
f 14922 14917 14923
f 14924 14918 14919
f 14923 14918 14924
f 14925 14919 14920
f 14924 14919 14925
f 14793 14925 14787
f 14787 14925 14920
f 14926 14796 14921
f 14921 14796 14790
f 14927 14921 14922
f 14926 14921 14927
f 14928 14922 14923
f 14927 14922 14928
f 14929 14923 14924
f 14928 14923 14929
f 14930 14924 14925
f 14929 14924 14930
f 14798 14930 14793
f 14793 14930 14925
f 14931 14801 14926
f 14926 14801 14796
f 14932 14926 14927
f 14931 14926 14932
f 14933 14927 14928
f 14932 14927 14933
f 14934 14928 14929
f 14933 14928 14934
f 14935 14929 14930
f 14934 14929 14935
f 14803 14935 14798
f 14798 14935 14930
f 14936 14804 14805
f 14801 14931 14805
f 14931 14936 14805
f 14931 14937 14936
f 14938 14931 14932
f 14937 14931 14938
f 14939 14932 14933
f 14938 14932 14939
f 14940 14933 14934
f 14939 14933 14940
f 14808 14940 14807
f 14940 14935 14807
f 14940 14934 14935
f 14807 14935 14803
f 14936 14811 14804
f 14811 14936 14813
f 14936 14941 14813
f 14936 14937 14941
f 14942 14937 14938
f 14941 14937 14942
f 14943 14938 14939
f 14942 14938 14943
f 14944 14939 14940
f 14943 14939 14944
f 14815 14944 14808
f 14808 14944 14940
f 14945 14823 14941
f 14941 14823 14813
f 14946 14941 14942
f 14945 14941 14946
f 14947 14942 14943
f 14946 14942 14947
f 14826 14947 14825
f 14947 14944 14825
f 14947 14943 14944
f 14825 14944 14815
f 14948 14828 14829
f 14830 14949 14829
f 14829 14949 14948
f 14831 14950 14830
f 14830 14950 14949
f 14832 14950 14831
f 14951 14837 14945
f 14945 14837 14823
f 14952 14945 14946
f 14951 14945 14952
f 14840 14952 14839
f 14952 14947 14839
f 14952 14946 14947
f 14839 14947 14826
f 14953 14842 14843
f 14828 14948 14843
f 14948 14953 14843
f 14948 14954 14953
f 14955 14948 14949
f 14954 14948 14955
f 14956 14949 14950
f 14955 14949 14956
f 14844 14957 14832
f 14957 14950 14832
f 14957 14956 14950
f 14845 14957 14844
f 14951 14850 14837
f 14850 14951 14852
f 14852 14951 14952
f 14852 14952 14840
f 14958 14853 14854
f 14842 14953 14854
f 14953 14958 14854
f 14953 14959 14958
f 14960 14953 14954
f 14959 14953 14960
f 14961 14954 14955
f 14960 14954 14961
f 14962 14955 14956
f 14961 14955 14962
f 14857 14962 14856
f 14962 14957 14856
f 14962 14956 14957
f 14856 14957 14845
f 14958 14867 14853
f 14867 14958 14870
f 14870 14958 14959
f 14870 14959 14872
f 14872 14959 14960
f 14872 14960 14874
f 14874 14960 14961
f 14874 14961 14876
f 14876 14961 14962
f 14876 14962 14857
