case_id,method,source,component_label,volume_vox,surface_area_proxy,compactness_v_over_s15,isoperimetric_quotient,inscribed_radius_vox,inscribed_radius_grid_step,bbox_diag_vox,radius_over_bbox_diag,radius_over_equiv_sphere,elongation_max_over_min,eroded_subcomponents,overlap_gt_vox,z0,z1,y0,y1,x0,x1,log10_isoperimetric,log1p_eroded_subcomponents,shape_score_prob_true_et,accepted_shape,fold,vol_bin,shape_threshold
BraTS-GLI-03063-100,otsu_T1c,prediction_component,1,8094,1510912.0,4.358172784632737e-06,2.1481334712641558e-09,2.8284271247461903,2,151.18200951171406,0.018708754658582804,0.22708413648335216,1.6666666666666667,15,,45,125,26,92,36,146,-8.667938737854854,2.772588722239781,0.07856996916145342,False,4,medium,0.5518172876195343
BraTS-GLI-03063-100,gmm_T1c,prediction_component,1,9629,1826304.0,3.901409896023919e-06,1.7214544509879724e-09,3.4641016151377544,2,170.36725037400822,0.02033314271101395,0.2624781142394049,1.4875,14,,45,125,26,118,36,155,-8.764104464069552,2.70805020110221,0.06713784812662858,False,4,medium,0.5518172876195343
BraTS-GLI-03063-100,sustraccion,prediction_component,1,62886,12617216.0,1.4031647449631035e-06,2.2267409820045602e-10,4.0,4,242.19826588974578,0.01651539487826429,0.1621454889388969,1.2,142,,13,145,20,176,25,155,-9.652330297841754,4.962844630259907,0.0005972956768905038,False,4,medium,0.5518172876195343
BraTS-GLI-03063-100,sustraccion,prediction_component,2,84,29952.0,1.6204683216382062e-05,2.9698428177943255e-08,1.4142135623730951,1,14.45683229480096,0.0978231976089037,0.5205368011851539,1.125,0,,19,28,66,74,79,87,-7.527266535588849,0.0,0.9962685439871555,True,4,medium,0.5518172876195343
BraTS-GLI-03063-100,sustraccion,prediction_component,3,99,32256.0,1.7089109357774533e-05,3.302868106660316e-08,1.4142135623730951,1,15.588457268119896,0.09072184232530289,0.49279482222605836,1.0,0,,19,28,90,99,91,100,-7.481108768631716,0.0,0.9960430583337664,True,4,medium,0.5518172876195343
BraTS-GLI-03063-100,sustraccion,prediction_component,4,45,16896.0,2.0489750140824653e-05,4.7481638635868744e-08,1.4142135623730951,1,11.445523142259598,0.1235604126430431,0.6409247308398612,1.8,0,,21,26,75,84,111,116,-7.323474301549046,0.0,0.9992689351687475,True,4,medium,0.5518172876195343
BraTS-GLI-03063-100,sustraccion,prediction_component,5,107,43776.0,1.168233522370996e-05,1.543518011630967e-08,1.4142135623730951,1,26.77685567799177,0.05281477330198463,0.48019386632678784,1.8181818181818181,0,,22,33,46,66,65,79,-7.81148829828017,0.0,0.9723440552802499,True,4,medium,0.5518172876195343
BraTS-GLI-03063-100,sustraccion,prediction_component,10,29,10752.0,2.6011423159067295e-05,7.652099387606958e-08,1.4142135623730951,1,9.0,0.15713484026367724,0.742013605090188,1.75,0,,23,27,79,83,60,67,-7.116219397869917,0.0,0.9998704112927741,True,4,medium,0.5518172876195343
BraTS-GLI-03063-100,sustraccion,prediction_component,11,17,7168.0,2.8012503667152895e-05,8.874752009735003e-08,1.4142135623730951,1,6.928203230275509,0.20412414523193154,0.8866010210973454,1.0,0,,23,27,80,84,71,75,-7.051843773744237,0.0,0.9999740755427181,True,4,medium,0.5518172876195343
BraTS-GLI-03063-100,sustraccion,prediction_component,13,49,17408.0,2.1334023198350467e-05,5.147518302443974e-08,1.4142135623730951,1,12.24744871391589,0.11547005383792516,0.6229872725752906,2.0,0,,24,29,58,68,117,122,-7.2884021005358095,0.0,0.9992036543675253,True,4,medium,0.5518172876195343
BraTS-GLI-03063-100,sustraccion,prediction_component,14,12,5376.0,3.04433440619409e-05,1.0481829363285631e-07,1.4142135623730951,1,5.830951894845301,0.24253562503633297,0.9957510787676723,1.3333333333333333,0,,24,27,82,85,122,126,-6.979562914580636,0.0,0.9999933273110511,True,4,medium,0.5518172876195343
BraTS-GLI-03063-100,sustraccion,prediction_component,16,19,9216.0,2.147533275462963e-05,5.2159350776834036e-08,1.4142135623730951,1,8.12403840463596,0.17407765595569785,0.8543319874271107,1.25,0,,25,29,60,65,101,106,-7.282667822870332,0.0,0.9998813588969331,True,4,medium,0.5518172876195343
BraTS-GLI-03063-100,sustraccion,prediction_component,17,12,5376.0,3.04433440619409e-05,1.0481829363285631e-07,1.4142135623730951,1,5.830951894845301,0.24253562503633297,0.9957510787676723,1.3333333333333333,0,,25,28,88,92,111,114,-6.979562914580636,0.0,0.9999933273110511,True,4,medium,0.5518172876195343
BraTS-GLI-03063-100,sustraccion,prediction_component,18,185,62720.0,1.1777758741728006e-05,1.568836486698764e-08,1.4142135623730951,1,29.899832775452108,0.047298376984040214,0.40008655598827175,1.7692307692307692,0,,26,40,47,60,109,132,-7.804422318761698,0.0,0.9613802670307376,True,4,medium,0.5518172876195343
BraTS-GLI-03063-100,sustraccion,prediction_component,21,57,19456.0,2.1003637744497232e-05,4.989320607184839e-08,1.4142135623730951,1,11.916375287812984,0.11867816581938534,0.5923607155209719,1.8,0,,27,32,64,73,99,105,-7.3019585879715185,0.0,0.9991286187902645,True,4,medium,0.5518172876195343
BraTS-GLI-03063-100,sustraccion,prediction_component,22,14,6912.0,2.4362533060422576e-05,6.712700278491907e-08,1.4142135623730951,1,7.0710678118654755,0.2,0.9458781407605124,1.6666666666666667,0,,27,31,80,83,49,54,-7.1731027435946135,0.0,0.9999641575636908,True,4,medium,0.5518172876195343
BraTS-GLI-03063-100,sustraccion,prediction_component,23,33,14592.0,1.872154595974954e-05,3.964019573411244e-08,1.4142135623730951,1,10.677078252031311,0.13245323570650439,0.7107331206052484,1.6,0,,27,32,86,91,122,130,-7.401864209735827,0.0,0.9993483830500848,True,4,medium,0.5518172876195343
BraTS-GLI-03063-100,sustraccion,prediction_component,24,43,15104.0,2.316490322172697e-05,6.068947124889798e-08,1.4142135623730951,1,10.677078252031311,0.13245323570650439,0.650711350669285,1.75,0,,28,32,53,60,50,57,-7.216886646241387,0.0,0.9995948479364956,True,4,medium,0.5518172876195343
BraTS-GLI-03063-100,sustraccion,prediction_component,25,24,9472.0,2.6034468006549403e-05,7.665664164680334e-08,1.4142135623730951,1,7.54983443527075,0.1873171623163388,0.7903281549671363,1.25,0,,28,32,54,58,76,81,-7.1154502112519005,0.0,0.9999380220724996,True,4,medium,0.5518172876195343
BraTS-GLI-03063-100,sustraccion,prediction_component,28,21,8960.0,2.476037855649951e-05,6.933730123813445e-08,1.4142135623730951,1,7.681145747868608,0.1841149235796647,0.8263006657894747,1.6666666666666667,0,,30,35,48,53,55,58,-7.159033066057116,0.0,0.9999314731820651,True,4,medium,0.5518172876195343
BraTS-GLI-03063-100,sustraccion,prediction_component,29,14,6144.0,2.9070414563466808e-05,9.557731451212109e-08,1.4142135623730951,1,6.928203230275509,0.20412414523193154,0.9458781407605124,1.0,0,,30,34,57,61,72,76,-7.019645176252469,0.0,0.9999810679105652,True,4,medium,0.5518172876195343
BraTS-GLI-03063-100,sustraccion,prediction_component,31,28,11008.0,2.4243504549605575e-05,6.647267766690037e-08,1.4142135623730951,1,9.273618495495704,0.15249857033260467,0.7507439778384809,1.2,0,,31,36,78,84,45,50,-7.177356826528449,0.0,0.999828156473075,True,4,medium,0.5518172876195343
BraTS-GLI-03063-100,sustraccion,prediction_component,33,41,16128.0,2.0017649679359804e-05,4.53188147111192e-08,1.4142135623730951,1,12.68857754044952,0.11145564251507058,0.6611244956113513,2.0,0,,32,42,66,72,95,100,-7.343721457395402,0.0,0.9990734786765387,True,4,medium,0.5518172876195343
BraTS-GLI-03063-100,sustraccion,prediction_component,34,14,6144.0,2.9070414563466808e-05,9.557731451212109e-08,1.4142135623730951,1,6.928203230275509,0.20412414523193154,0.9458781407605124,1.0,0,,33,37,81,85,92,96,-7.019645176252469,0.0,0.9999810679105652,True,4,medium,0.5518172876195343
BraTS-GLI-03063-100,sustraccion,prediction_component,37,32,15360.0,1.680982355124747e-05,3.1957933080950855e-08,1.4142135623730951,1,11.916375287812984,0.11867816581938534,0.7180607827429069,1.8,0,,35,44,44,49,51,57,-7.495421316985246,0.0,0.9988378272941667,True,4,medium,0.5518172876195343
BraTS-GLI-03063-100,sustraccion,prediction_component,38,12,6144.0,2.4917498197257264e-05,7.022006780482366e-08,1.4142135623730951,1,6.4031242374328485,0.2208630521496931,0.9957510787676723,1.3333333333333333,0,,36,40,77,81,93,96,-7.153538755513696,0.0,0.999980987329517,True,4,medium,0.5518172876195343
BraTS-GLI-03063-100,sustraccion,prediction_component,41,33,16128.0,1.6111766815094476e-05,2.9358827614758364e-08,1.4142135623730951,1,12.206555615733702,0.11585688927269847,0.7107331206052484,1.3333333333333333,0,,40,48,104,110,89,96,-7.532261291079098,0.0,0.9985631771164858,True,4,medium,0.5518172876195343
BraTS-GLI-03063-100,sustraccion,prediction_component,42,178,48640.0,1.6593181090612417e-05,3.113950318114757e-08,1.7320508075688772,1,24.677925358506133,0.07018624063435963,0.4963448229063114,2.125,0,,41,49,109,126,51,67,-7.506688320714827,0.0,0.9936693097769247,True,4,medium,0.5518172876195343
BraTS-GLI-03063-100,sustraccion,prediction_component,43,35,13056.0,2.346134102183878e-05,6.225267788292032e-08,1.4142135623730951,1,12.12435565298214,0.11664236870396087,0.6969289728874266,1.0,0,,42,49,87,94,56,63,-7.205841962067385,0.0,0.9995490701891209,True,4,medium,0.5518172876195343
BraTS-GLI-03063-100,sustraccion,prediction_component,44,271,88320.0,1.032477747521533e-05,1.205629244779995e-08,1.7320508075688772,1,41.23105625617661,0.04200840252084029,0.43145323883642034,2.8333333333333335,0,,42,54,106,140,117,137,-7.918786225945139,0.0,0.942725471105905,True,4,medium,0.5518172876195343
BraTS-GLI-03063-100,sustraccion,prediction_component,45,30,12544.0,2.135340743440233e-05,5.156876691120846e-08,1.4142135623730951,1,9.848857801796104,0.14359163172354764,0.73367566779705,1.2,0,,42,47,127,133,128,134,-7.287613253120344,0.0,0.9996779082110249,True,4,medium,0.5518172876195343
BraTS-GLI-03063-100,sustraccion,prediction_component,46,19,9984.0,1.9045691370546972e-05,4.102474198560274e-08,1.4142135623730951,1,8.12403840463596,0.17407765595569785,0.8543319874271107,1.25,0,,44,49,104,109,80,84,-7.386954141647967,0.0,0.9998264474779902,True,4,medium,0.5518172876195343
BraTS-GLI-03063-100,sustraccion,prediction_component,47,12,5376.0,3.04433440619409e-05,1.0481829363285631e-07,1.4142135623730951,1,5.830951894845301,0.24253562503633297,0.9957510787676723,1.3333333333333333,0,,44,47,106,109,95,99,-6.979562914580636,0.0,0.9999933273110511,True,4,medium,0.5518172876195343
BraTS-GLI-03063-100,sustraccion,prediction_component,49,19,8448.0,2.446936747720066e-05,6.771702339772293e-08,1.4142135623730951,1,7.54983443527075,0.1873171623163388,0.8543319874271107,1.25,0,,45,49,132,137,51,55,-7.169302140202132,0.0,0.9999390134201143,True,4,medium,0.5518172876195343
BraTS-GLI-03063-100,sustraccion,prediction_component,54,12,5376.0,3.04433440619409e-05,1.0481829363285631e-07,1.4142135623730951,1,5.830951894845301,0.24253562503633297,0.9957510787676723,1.3333333333333333,0,,47,50,134,137,128,132,-6.979562914580636,0.0,0.9999933273110511,True,4,medium,0.5518172876195343
BraTS-GLI-03063-100,sustraccion,prediction_component,55,12,6144.0,2.4917498197257264e-05,7.022006780482366e-08,1.4142135623730951,1,6.4031242374328485,0.2208630521496931,0.9957510787676723,1.3333333333333333,0,,48,52,109,112,137,141,-7.153538755513696,0.0,0.999980987329517,True,4,medium,0.5518172876195343
BraTS-GLI-03063-100,sustraccion,prediction_component,56,24,10752.0,2.1526695028193625e-05,5.2409146816428155e-08,1.4142135623730951,1,9.38083151964686,0.15075567228888181,0.7903281549671363,1.5,0,,48,54,136,140,45,51,-7.280592910244617,0.0,0.9997730277261007,True,4,medium,0.5518172876195343
BraTS-GLI-03063-100,sustraccion,prediction_component,57,14,7680.0,2.080109539136373e-05,4.8935585030206e-08,1.4142135623730951,1,8.246211251235321,0.17149858514250885,0.9458781407605124,1.5,0,,49,55,98,102,74,78,-7.310375215276639,0.0,0.9998982798788448,True,4,medium,0.5518172876195343
BraTS-GLI-03063-100,sustraccion,prediction_component,59,12,6144.0,2.4917498197257264e-05,7.022006780482366e-08,1.4142135623730951,1,6.4031242374328485,0.2208630521496931,0.9957510787676723,1.3333333333333333,0,,54,57,87,91,122,126,-7.153538755513696,0.0,0.999980987329517,True,4,medium,0.5518172876195343
BraTS-GLI-03063-100,sustraccion,prediction_component,61,19,9984.0,1.9045691370546972e-05,4.102474198560274e-08,1.4142135623730951,1,9.38083151964686,0.15075567228888181,0.8543319874271107,1.5,0,,55,59,138,144,42,48,-7.386954141647967,0.0,0.9997295166202593,True,4,medium,0.5518172876195343
BraTS-GLI-03063-100,sustraccion,prediction_component,62,12,6144.0,2.4917498197257264e-05,7.022006780482366e-08,1.4142135623730951,1,6.4031242374328485,0.2208630521496931,0.9957510787676723,1.3333333333333333,0,,56,60,61,64,88,92,-7.153538755513696,0.0,0.999980987329517,True,4,medium,0.5518172876195343
BraTS-GLI-03063-100,sustraccion,prediction_component,63,24,12288.0,1.7619331945484184e-05,3.511003390241183e-08,1.4142135623730951,1,9.0,0.15713484026367724,0.7903281549671363,1.75,0,,56,60,79,83,120,127,-7.4545687511776775,0.0,0.9996208491855781,True,4,medium,0.5518172876195343
BraTS-GLI-03063-100,sustraccion,prediction_component,64,12,5376.0,3.04433440619409e-05,1.0481829363285631e-07,1.4142135623730951,1,5.830951894845301,0.24253562503633297,0.9957510787676723,1.3333333333333333,0,,56,59,144,147,54,58,-6.979562914580636,0.0,0.9999933273110511,True,4,medium,0.5518172876195343
BraTS-GLI-03063-100,sustraccion,prediction_component,66,27,10752.0,2.4217531906717828e-05,6.633032643954189e-08,1.4142135623730951,1,8.602325267042627,0.1643989873053573,0.7599002946021327,2.3333333333333335,0,,57,64,133,136,141,145,-7.178287865349854,0.0,0.9998666285061364,True,4,medium,0.5518172876195343
BraTS-GLI-03063-100,sustraccion,prediction_component,67,26,11520.0,2.102783833007615e-05,5.000824713593235e-08,1.4142135623730951,1,8.774964387392123,0.16116459280507606,0.7695203069187393,1.5,0,,61,67,134,139,39,43,-7.300958367858523,0.0,0.9997851038436635,True,4,medium,0.5518172876195343
BraTS-GLI-03063-100,sustraccion,prediction_component,69,24,10752.0,2.1526695028193625e-05,5.2409146816428155e-08,1.4142135623730951,1,9.486832980505138,0.14907119849998599,0.7903281549671363,1.75,0,,63,70,77,81,28,33,-7.280592910244617,0.0,0.9997656357024003,True,4,medium,0.5518172876195343
BraTS-GLI-03063-100,sustraccion,prediction_component,71,12,6144.0,2.4917498197257264e-05,7.022006780482366e-08,1.4142135623730951,1,6.4031242374328485,0.2208630521496931,0.9957510787676723,1.3333333333333333,0,,64,68,104,107,87,91,-7.153538755513696,0.0,0.999980987329517,True,4,medium,0.5518172876195343
BraTS-GLI-03063-100,sustraccion,prediction_component,74,19,7680.0,2.8230058031136492e-05,9.013135814236922e-08,1.4142135623730951,1,7.54983443527075,0.1873171623163388,0.8543319874271107,1.25,0,,65,69,68,73,117,121,-7.0451240847274565,0.0,0.9999612287256863,True,4,medium,0.5518172876195343
BraTS-GLI-03063-100,sustraccion,prediction_component,75,100,39936.0,1.2530060112201956e-05,1.7756553837258804e-08,1.4142135623730951,1,23.874672772626646,0.05923488777590923,0.4911466666968849,2.857142857142857,0,,65,76,154,174,93,100,-7.750641317537513,0.0,0.9809301220059189,True,4,medium,0.5518172876195343
BraTS-GLI-03063-100,sustraccion,prediction_component,78,14,7680.0,2.080109539136373e-05,4.8935585030206e-08,1.4142135623730951,1,8.246211251235321,0.17149858514250885,0.9458781407605124,1.5,0,,66,72,78,82,114,118,-7.310375215276639,0.0,0.9998982798788448,True,4,medium,0.5518172876195343
BraTS-GLI-03063-100,sustraccion,prediction_component,81,39,16128.0,1.9041178963293474e-05,4.1005304685075735e-08,1.4142135623730951,1,12.083045973594572,0.11704114719613057,0.6722379073420917,2.25,0,,67,71,99,106,35,44,-7.387159956781875,0.0,0.9990592482390223,True,4,medium,0.5518172876195343
BraTS-GLI-03063-100,sustraccion,prediction_component,82,29,10240.0,2.7986466108667907e-05,8.858261553578505e-08,1.4142135623730951,1,8.12403840463596,0.17407765595569785,0.742013605090188,1.25,0,,67,72,125,130,144,148,-7.052651500660103,0.0,0.9999255521646269,True,4,medium,0.5518172876195343
BraTS-GLI-03063-100,sustraccion,prediction_component,83,14,7680.0,2.080109539136373e-05,4.8935585030206e-08,1.4142135623730951,1,7.54983443527075,0.1873171623163388,0.9458781407605124,1.25,0,,67,72,137,141,138,142,-7.310375215276639,0.0,0.9999247197904226,True,4,medium,0.5518172876195343
BraTS-GLI-03063-100,sustraccion,prediction_component,84,14,7680.0,2.080109539136373e-05,4.8935585030206e-08,1.4142135623730951,1,7.54983443527075,0.1873171623163388,0.9458781407605124,1.25,0,,68,73,29,33,57,61,-7.310375215276639,0.0,0.9999247197904226,True,4,medium,0.5518172876195343
BraTS-GLI-03063-100,sustraccion,prediction_component,85,40,14848.0,2.2108437644753932e-05,5.5280056658846784e-08,1.4142135623730951,1,11.180339887498949,0.12649110640673517,0.6665885822069456,1.6,0,,68,74,91,99,42,47,-7.257431520507015,0.0,0.9995009014666921,True,4,medium,0.5518172876195343
BraTS-GLI-03063-100,sustraccion,prediction_component,86,36,14848.0,1.9897593880278538e-05,4.4776845893665894e-08,1.4142135623730951,1,11.661903789690601,0.12126781251816648,0.6904152369103725,1.3333333333333333,0,,68,74,93,101,122,128,-7.348946501628365,0.0,0.9992889798743199,True,4,medium,0.5518172876195343
BraTS-GLI-03063-100,sustraccion,prediction_component,88,30,11008.0,2.5975183446005973e-05,7.63079207910846e-08,1.4142135623730951,1,8.246211251235321,0.17149858514250885,0.73367566779705,1.5,0,,68,72,159,165,80,84,-7.1174303797735625,0.0,0.9998981851974266,True,4,medium,0.5518172876195343
BraTS-GLI-03063-100,sustraccion,prediction_component,90,959,209664.0,9.989248257691667e-06,1.1285426758823634e-08,2.8284271247461903,1,56.382621436041795,0.05016487443661422,0.4623473018585644,1.2962962962962963,6,,69,96,76,111,93,128,-7.947482013414056,1.9459101490553132,0.8771822189525409,True,4,medium,0.5518172876195343
BraTS-GLI-03063-100,sustraccion,prediction_component,98,36,14080.0,2.1547580831566683e-05,5.251089380017996e-08,1.4142135623730951,1,10.488088481701515,0.13483997249264842,0.6904152369103725,1.4,0,,75,82,56,62,145,150,-7.279750589422284,0.0,0.9995732163200047,True,4,medium,0.5518172876195343
BraTS-GLI-03063-100,sustraccion,prediction_component,99,78,32000.0,1.3626039237889344e-05,2.0998663005366543e-08,1.4142135623730951,1,21.118712081942874,0.06696495301824251,0.5335555806438685,2.8333333333333335,0,,75,86,66,83,150,156,-7.677808356117336,0.0,0.9889481215694771,True,4,medium,0.5518172876195343
BraTS-GLI-03063-100,sustraccion,prediction_component,102,14,6144.0,2.9070414563466808e-05,9.557731451212109e-08,1.4142135623730951,1,6.928203230275509,0.20412414523193154,0.9458781407605124,1.0,0,,75,79,137,141,119,123,-7.019645176252469,0.0,0.9999810679105652,True,4,medium,0.5518172876195343
BraTS-GLI-03063-100,sustraccion,prediction_component,104,66,20736.0,2.210326646090535e-05,5.525419957125991e-08,1.7320508075688772,1,11.575836902790225,0.14962640041614492,0.6908899128735476,1.1666666666666667,0,,76,82,72,79,26,33,-7.257634708026339,0.0,0.9997032882920509,True,4,medium,0.5518172876195343
BraTS-GLI-03063-100,sustraccion,prediction_component,105,17,7680.0,2.5258472975227388e-05,7.215502078433436e-08,1.4142135623730951,1,7.0710678118654755,0.2,0.8866010210973454,1.6666666666666667,0,,76,81,128,131,47,51,-7.141733443876567,0.0,0.9999610775234591,True,4,medium,0.5518172876195343
BraTS-GLI-03063-100,sustraccion,prediction_component,107,12,5376.0,3.04433440619409e-05,1.0481829363285631e-07,1.4142135623730951,1,5.830951894845301,0.24253562503633297,0.9957510787676723,1.3333333333333333,0,,77,80,71,74,111,115,-6.979562914580636,0.0,0.9999933273110511,True,4,medium,0.5518172876195343
BraTS-GLI-03063-100,sustraccion,prediction_component,108,19,9216.0,2.147533275462963e-05,5.2159350776834036e-08,1.4142135623730951,1,8.774964387392123,0.16116459280507606,0.8543319874271107,1.5,0,,77,83,84,89,152,156,-7.282667822870332,0.0,0.9998483142319811,True,4,medium,0.5518172876195343
BraTS-GLI-03063-100,sustraccion,prediction_component,109,76,29184.0,1.5243909693712467e-05,2.628119496788722e-08,1.4142135623730951,1,18.681541692269406,0.07570111641044645,0.5381954272789695,2.1666666666666665,0,,77,89,153,159,80,93,-7.580354891921963,0.0,0.9935114782492266,True,4,medium,0.5518172876195343
BraTS-GLI-03063-100,sustraccion,prediction_component,112,89,25856.0,2.1406614985083015e-05,5.1826080999506735e-08,1.7320508075688772,1,13.45362404707371,0.12874232262686236,0.6253552903860047,1.5,0,,78,84,38,46,81,90,-7.28545163053223,0.0,0.9993927032998252,True,4,medium,0.5518172876195343
BraTS-GLI-03063-100,sustraccion,prediction_component,113,120,27904.0,2.574432747691598e-05,7.4957565995347e-08,2.0,1,12.36931687685298,0.16169041669088866,0.6536307119711492,1.6,1,,78,83,55,63,65,73,-7.1251845242007485,0.6931471805599453,0.9997658954193863,True,4,medium,0.5518172876195343
BraTS-GLI-03063-100,sustraccion,prediction_component,114,19,8448.0,2.446936747720066e-05,6.771702339772293e-08,1.4142135623730951,1,7.54983443527075,0.1873171623163388,0.8543319874271107,1.25,0,,78,82,62,67,149,153,-7.169302140202132,0.0,0.9999390134201143,True,4,medium,0.5518172876195343
BraTS-GLI-03063-100,sustraccion,prediction_component,115,3578,594432.0,7.807051876037621e-06,6.893289272700157e-09,3.605551275463989,1,60.149812967290266,0.05994285098483521,0.3800036491841139,1.625,7,,78,117,61,85,35,74,-8.161573496219084,2.0794415416798357,0.7368783580053495,True,4,medium,0.5518172876195343
BraTS-GLI-03063-100,sustraccion,prediction_component,118,48,18944.0,1.84091488720153e-05,3.832832082340167e-08,1.4142135623730951,1,12.884098726725126,0.10976425998969035,0.6272838722974592,1.5,0,,79,86,51,57,74,83,-7.416480206915882,0.0,0.9986045521769464,True,4,medium,0.5518172876195343
BraTS-GLI-03063-100,sustraccion,prediction_component,120,14,7680.0,2.080109539136373e-05,4.8935585030206e-08,1.4142135623730951,1,8.246211251235321,0.17149858514250885,0.9458781407605124,1.5,0,,79,85,174,178,100,104,-7.310375215276639,0.0,0.9998982798788448,True,4,medium,0.5518172876195343
BraTS-GLI-03063-100,sustraccion,prediction_component,122,12,6144.0,2.4917498197257264e-05,7.022006780482366e-08,1.4142135623730951,1,6.4031242374328485,0.2208630521496931,0.9957510787676723,1.3333333333333333,0,,80,83,66,70,39,43,-7.153538755513696,0.0,0.999980987329517,True,4,medium,0.5518172876195343
BraTS-GLI-03063-100,sustraccion,prediction_component,124,14,7680.0,2.080109539136373e-05,4.8935585030206e-08,1.4142135623730951,1,7.54983443527075,0.1873171623163388,0.9458781407605124,1.25,0,,80,85,130,134,130,134,-7.310375215276639,0.0,0.9999247197904226,True,4,medium,0.5518172876195343
BraTS-GLI-03063-100,sustraccion,prediction_component,125,21,8448.0,2.704509036953757e-05,8.272356597893577e-08,1.4142135623730951,1,8.660254037844387,0.1632993161855452,0.8263006657894747,1.0,0,,81,86,62,67,43,48,-7.082370752639951,0.0,0.9999230092209768,True,4,medium,0.5518172876195343
BraTS-GLI-03063-100,sustraccion,prediction_component,126,44,17152.0,1.9587568329048472e-05,4.3392375132357725e-08,1.4142135623730951,1,11.357816691600547,0.12451456127293807,0.6457438947298227,2.0,0,,81,89,74,81,36,40,-7.362586577604232,0.0,0.999185206553327,True,4,medium,0.5518172876195343
BraTS-GLI-03063-100,sustraccion,prediction_component,128,24,12288.0,1.7619331945484184e-05,3.511003390241183e-08,1.4142135623730951,1,8.774964387392123,0.16116459280507606,0.7903281549671363,1.5,0,,82,88,25,29,110,115,-7.4545687511776775,0.0,0.9996488287040257,True,4,medium,0.5518172876195343
BraTS-GLI-03063-100,sustraccion,prediction_component,129,14,7680.0,2.080109539136373e-05,4.8935585030206e-08,1.4142135623730951,1,7.54983443527075,0.1873171623163388,0.9458781407605124,1.25,0,,82,87,107,111,48,52,-7.310375215276639,0.0,0.9999247197904226,True,4,medium,0.5518172876195343
BraTS-GLI-03063-100,sustraccion,prediction_component,130,12,6144.0,2.4917498197257264e-05,7.022006780482366e-08,1.4142135623730951,1,6.4031242374328485,0.2208630521496931,0.9957510787676723,1.3333333333333333,0,,82,85,123,127,137,141,-7.153538755513696,0.0,0.999980987329517,True,4,medium,0.5518172876195343
BraTS-GLI-03063-100,sustraccion,prediction_component,131,31,13568.0,1.9614983243704672e-05,4.351392475266033e-08,1.4142135623730951,1,11.045361017187261,0.12803687993289598,0.7257003006213092,2.25,0,,82,87,127,131,51,60,-7.3613717436079495,0.0,0.9994181883729271,True,4,medium,0.5518172876195343
BraTS-GLI-03063-100,sustraccion,prediction_component,133,81,30720.0,1.504364934553984e-05,2.5595214714858224e-08,1.4142135623730951,1,20.445048300260872,0.06917144638660747,0.5268854366447575,2.142857142857143,0,,83,98,31,38,116,128,-7.591841222859703,0.0,0.9920569492145727,True,4,medium,0.5518172876195343
BraTS-GLI-03063-100,sustraccion,prediction_component,134,43,14848.0,2.3766570468110476e-05,6.388301547637982e-08,1.4142135623730951,1,9.848857801796104,0.14359163172354764,0.650711350669285,1.2,0,,83,89,47,53,55,60,-7.1946145920037665,0.0,0.9996977817461158,True,4,medium,0.5518172876195343
BraTS-GLI-03063-100,sustraccion,prediction_component,136,37,14080.0,2.214612474355465e-05,5.5468683342937005e-08,1.4142135623730951,1,10.246950765959598,0.13801311186847084,0.6841383873286643,2.0,0,,84,92,78,83,125,129,-7.255952142822869,0.0,0.9996238555654573,True,4,medium,0.5518172876195343
BraTS-GLI-03063-100,sustraccion,prediction_component,138,35,12544.0,2.491230867346939e-05,7.019082162914485e-08,1.4142135623730951,1,9.486832980505138,0.14907119849998599,0.6969289728874266,1.75,0,,85,90,71,78,29,33,-7.153719673859118,0.0,0.9997988024950298,True,4,medium,0.5518172876195343
BraTS-GLI-03063-100,sustraccion,prediction_component,139,119,44544.0,1.2657943155347734e-05,1.8120853758007624e-08,1.4142135623730951,1,19.672315572906,0.07188851546895896,0.4634777398591019,1.8571428571428572,0,,85,98,128,135,118,131,-7.7418213445368655,0.0,0.9840383140470378,True,4,medium,0.5518172876195343
BraTS-GLI-03063-100,sustraccion,prediction_component,140,273,92928.0,9.637020027282109e-06,1.050359327606322e-08,1.4142135623730951,1,47.89572005931219,0.02952692976787463,0.35141771611868705,2.2941176470588234,0,,85,102,153,175,47,86,-7.978662103500953,0.0,0.8888596645828892,True,4,medium,0.5518172876195343
BraTS-GLI-03063-100,sustraccion,prediction_component,141,35,13312.0,2.2787835773037272e-05,5.872980181673349e-08,1.4142135623730951,1,9.899494936611665,0.14285714285714288,0.6969289728874266,2.6666666666666665,0,,86,91,99,102,127,135,-7.2311414646779735,0.0,0.9996996719051096,True,4,medium,0.5518172876195343
BraTS-GLI-03063-100,sustraccion,prediction_component,142,104,43264.0,1.1556952662721893e-05,1.5105636938231734e-08,1.4142135623730951,1,27.09243436828813,0.05219957509718806,0.48476741650424154,4.4,0,,86,91,123,145,90,105,-7.820860957717588,0.0,0.9715061829628366,True,4,medium,0.5518172876195343
BraTS-GLI-03063-100,sustraccion,prediction_component,144,21,8704.0,2.5860741383219535e-05,7.563700362774818e-08,1.4142135623730951,1,7.54983443527075,0.1873171623163388,0.8263006657894747,1.25,0,,87,91,119,123,125,130,-7.121265684133054,0.0,0.9999438220858763,True,4,medium,0.5518172876195343
BraTS-GLI-03063-100,sustraccion,prediction_component,145,19,9216.0,2.147533275462963e-05,5.2159350776834036e-08,1.4142135623730951,1,8.366600265340756,0.16903085094570333,0.8543319874271107,2.0,0,,87,90,135,140,81,87,-7.282667822870332,0.0,0.9998694006949949,True,4,medium,0.5518172876195343
BraTS-GLI-03063-100,sustraccion,prediction_component,146,46,17408.0,2.002785851273717e-05,4.536505092866076e-08,1.4142135623730951,1,12.806248474865697,0.11043152607484655,0.6362462813425951,1.3333333333333333,0,,88,96,54,62,143,149,-7.343278597229689,0.0,0.9989756222510917,True,4,medium,0.5518172876195343
BraTS-GLI-03063-100,sustraccion,prediction_component,149,12,6144.0,2.4917498197257264e-05,7.022006780482366e-08,1.4142135623730951,1,6.4031242374328485,0.2208630521496931,0.9957510787676723,1.3333333333333333,0,,88,91,121,125,132,136,-7.153538755513696,0.0,0.999980987329517,True,4,medium,0.5518172876195343
BraTS-GLI-03063-100,sustraccion,prediction_component,150,37,15616.0,1.896037940860796e-05,4.0658038299157834e-08,1.4142135623730951,1,12.24744871391589,0.11547005383792516,0.6841383873286643,2.0,0,,88,93,174,179,104,114,-7.390853579372439,0.0,0.9990556248148215,True,4,medium,0.5518172876195343
BraTS-GLI-03063-100,sustraccion,prediction_component,152,19,9984.0,1.9045691370546972e-05,4.102474198560274e-08,1.4142135623730951,1,8.774964387392123,0.16116459280507606,0.8543319874271107,1.5,0,,89,94,106,112,123,127,-7.386954141647967,0.0,0.9997781119338749,True,4,medium,0.5518172876195343
BraTS-GLI-03063-100,sustraccion,prediction_component,153,36,16384.0,1.71661376953125e-05,3.332710249330498e-08,1.4142135623730951,1,13.114877048604,0.10783277320343843,0.6904152369103725,1.6666666666666667,0,,89,95,169,175,118,128,-7.4772024428912145,0.0,0.9985351720855872,True,4,medium,0.5518172876195343
BraTS-GLI-03063-100,sustraccion,prediction_component,155,28,15104.0,1.5084123028101283e-05,2.5733123558213098e-08,1.4142135623730951,1,12.36931687685298,0.11433239009500591,0.7507439778384809,2.75,0,,90,94,117,121,122,133,-7.589507494716122,0.0,0.9984044292827828,True,4,medium,0.5518172876195343
BraTS-GLI-03063-100,sustraccion,prediction_component,159,27,11008.0,2.3377665101405374e-05,6.180941584077854e-08,1.4142135623730951,1,9.0,0.15713484026367724,0.7599002946021327,1.75,0,,91,95,80,84,136,143,-7.208945360894912,0.0,0.9998287408960574,True,4,medium,0.5518172876195343
BraTS-GLI-03063-100,sustraccion,prediction_component,160,32,10240.0,3.088161777508183e-05,1.0785802414820915e-07,1.4142135623730951,1,7.810249675906654,0.1810714920850371,0.7180607827429069,2.0,0,,91,94,102,108,86,90,-6.967147539818203,0.0,0.9999483409683325,True,4,medium,0.5518172876195343
BraTS-GLI-03063-100,sustraccion,prediction_component,163,24,10752.0,2.1526695028193625e-05,5.2409146816428155e-08,1.4142135623730951,1,8.366600265340756,0.16903085094570333,0.7903281549671363,2.0,0,,92,97,91,94,140,146,-7.280592910244617,0.0,0.9998396898989056,True,4,medium,0.5518172876195343
BraTS-GLI-03063-100,sustraccion,prediction_component,166,14,7680.0,2.080109539136373e-05,4.8935585030206e-08,1.4142135623730951,1,7.54983443527075,0.1873171623163388,0.9458781407605124,1.25,0,,92,96,134,139,58,62,-7.310375215276639,0.0,0.9999247197904226,True,4,medium,0.5518172876195343
BraTS-GLI-03063-100,sustraccion,prediction_component,167,24,9984.0,2.4057715415427756e-05,6.545776006567085e-08,1.4142135623730951,1,8.774964387392123,0.16116459280507606,0.7903281549671363,1.5,0,,92,96,138,144,118,123,-7.184038860130413,0.0,0.9998690765866352,True,4,medium,0.5518172876195343
BraTS-GLI-03063-100,sustraccion,prediction_component,169,12,5376.0,3.04433440619409e-05,1.0481829363285631e-07,1.4142135623730951,1,5.830951894845301,0.24253562503633297,0.9957510787676723,1.3333333333333333,0,,93,96,134,137,138,142,-6.979562914580636,0.0,0.9999933273110511,True,4,medium,0.5518172876195343
BraTS-GLI-03063-100,sustraccion,prediction_component,171,19,9984.0,1.9045691370546972e-05,4.102474198560274e-08,1.4142135623730951,1,9.273618495495704,0.15249857033260467,0.8543319874271107,1.2,0,,95,101,37,42,121,126,-7.386954141647967,0.0,0.9997383385788985,True,4,medium,0.5518172876195343
BraTS-GLI-03063-100,sustraccion,prediction_component,178,17,8448.0,2.1893644584863748e-05,5.421113507463137e-08,1.4142135623730951,1,7.681145747868608,0.1841149235796647,0.8866010210973454,1.6666666666666667,0,,100,103,41,46,132,137,-7.265911499351242,0.0,0.9999171671921958,True,4,medium,0.5518172876195343
BraTS-GLI-03063-100,sustraccion,prediction_component,180,12,5376.0,3.04433440619409e-05,1.0481829363285631e-07,1.4142135623730951,1,5.830951894845301,0.24253562503633297,0.9957510787676723,1.3333333333333333,0,,100,104,110,113,29,32,-6.979562914580636,0.0,0.9999933273110511,True,4,medium,0.5518172876195343
BraTS-GLI-03063-100,sustraccion,prediction_component,181,38,15360.0,1.996166546710637e-05,4.506567907118461e-08,1.4142135623730951,1,13.114877048604,0.10783277320343843,0.6780837477859392,1.6666666666666667,0,,101,111,59,65,138,144,-7.346154080391438,0.0,0.9990533691065248,True,4,medium,0.5518172876195343
BraTS-GLI-03063-100,sustraccion,prediction_component,183,14,6144.0,2.9070414563466808e-05,9.557731451212109e-08,1.4142135623730951,1,6.928203230275509,0.20412414523193154,0.9458781407605124,1.0,0,,101,105,117,121,138,142,-7.019645176252469,0.0,0.9999810679105652,True,4,medium,0.5518172876195343
BraTS-GLI-03063-100,sustraccion,prediction_component,184,12,5376.0,3.04433440619409e-05,1.0481829363285631e-07,1.4142135623730951,1,5.830951894845301,0.24253562503633297,0.9957510787676723,1.3333333333333333,0,,101,104,173,177,108,111,-6.979562914580636,0.0,0.9999933273110511,True,4,medium,0.5518172876195343
BraTS-GLI-03063-100,sustraccion,prediction_component,185,402,107264.0,1.1443136294324324e-05,1.4809572249023747e-08,1.7320508075688772,1,27.748873851023216,0.062418778393235924,0.37831028292816077,1.1333333333333333,0,,102,119,46,61,35,51,-7.829457485204073,0.0,0.9657329095167103,True,4,medium,0.5518172876195343
BraTS-GLI-03063-100,sustraccion,prediction_component,186,150,47104.0,1.4672515486499667e-05,2.4347900965858453e-08,1.4142135623730951,1,23.790754506740637,0.059443829827776413,0.4290561333467488,4.2,0,,102,112,97,118,89,94,-7.613538473391374,0.0,0.9857731119612821,True,4,medium,0.5518172876195343
BraTS-GLI-03063-100,sustraccion,prediction_component,187,20,8192.0,2.6973983046972178e-05,8.228914195877773e-08,1.4142135623730951,1,6.928203230275509,0.20412414523193154,0.8398489863421099,1.0,0,,104,108,68,72,37,41,-7.084657466105883,0.0,0.9999658706222234,True,4,medium,0.5518172876195343
BraTS-GLI-03063-100,sustraccion,prediction_component,189,45,19968.0,1.5948162853223535e-05,2.876561721635926e-08,1.4142135623730951,1,15.132745950421556,0.09345386270319955,0.6409247308398612,2.0,0,,104,111,170,176,93,105,-7.541126302994882,0.0,0.9971379500943528,True,4,medium,0.5518172876195343
BraTS-GLI-03063-100,sustraccion,prediction_component,191,12,5376.0,3.04433440619409e-05,1.0481829363285631e-07,1.4142135623730951,1,5.830951894845301,0.24253562503633297,0.9957510787676723,1.3333333333333333,0,,105,109,144,147,82,85,-6.979562914580636,0.0,0.9999933273110511,True,4,medium,0.5518172876195343
BraTS-GLI-03063-100,sustraccion,prediction_component,193,44,15872.0,2.2004180270320306e-05,5.4759914579626844e-08,1.4142135623730951,1,10.677078252031311,0.13245323570650439,0.6457438947298227,1.6,0,,107,112,66,71,126,134,-7.261537237996515,0.0,0.9995152832358952,True,4,medium,0.5518172876195343
BraTS-GLI-03063-100,sustraccion,prediction_component,194,466,147712.0,8.208470637065922e-06,7.620384262222024e-09,1.7320508075688772,1,50.21951811795888,0.03448959433462749,0.3601318441098183,2.05,0,,107,127,147,168,99,140,-8.11802312856132,0.0,0.8447686405906815,True,4,medium,0.5518172876195343
BraTS-GLI-03063-100,sustraccion,prediction_component,195,29,10752.0,2.6011423159067295e-05,7.652099387606958e-08,1.4142135623730951,1,8.366600265340756,0.16903085094570333,0.742013605090188,2.0,0,,108,113,45,51,90,93,-7.116219397869917,0.0,0.9998966619427632,True,4,medium,0.5518172876195343
BraTS-GLI-03063-100,sustraccion,prediction_component,196,20,7936.0,2.8289645606535866e-05,9.051225550351545e-08,1.4142135623730951,1,7.0710678118654755,0.2,0.8398489863421099,1.6666666666666667,0,,108,111,104,109,36,40,-7.043292612648983,0.0,0.999968254598437,True,4,medium,0.5518172876195343
BraTS-GLI-03063-100,sustraccion,prediction_component,197,20,7936.0,2.8289645606535866e-05,9.051225550351545e-08,1.4142135623730951,1,7.0710678118654755,0.2,0.8398489863421099,1.6666666666666667,0,,108,112,111,116,146,149,-7.043292612648983,0.0,0.999968254598437,True,4,medium,0.5518172876195343
BraTS-GLI-03063-100,sustraccion,prediction_component,198,12,6144.0,2.4917498197257264e-05,7.022006780482366e-08,1.4142135623730951,1,6.4031242374328485,0.2208630521496931,0.9957510787676723,1.3333333333333333,0,,108,111,116,120,127,131,-7.153538755513696,0.0,0.999980987329517,True,4,medium,0.5518172876195343
BraTS-GLI-03063-100,sustraccion,prediction_component,200,50,23552.0,1.3833380263424733e-05,2.1642578636318627e-08,1.4142135623730951,1,16.911534525287763,0.08362420100070908,0.6188060239571066,2.1666666666666665,0,,108,114,133,146,38,47,-7.664690995838756,0.0,0.9941883771682517,True,4,medium,0.5518172876195343
BraTS-GLI-03063-100,sustraccion,prediction_component,201,12,5376.0,3.04433440619409e-05,1.0481829363285631e-07,1.4142135623730951,1,5.830951894845301,0.24253562503633297,0.9957510787676723,1.3333333333333333,0,,108,111,146,150,47,50,-6.979562914580636,0.0,0.9999933273110511,True,4,medium,0.5518172876195343
BraTS-GLI-03063-100,sustraccion,prediction_component,202,12,5376.0,3.04433440619409e-05,1.0481829363285631e-07,1.4142135623730951,1,5.830951894845301,0.24253562503633297,0.9957510787676723,1.3333333333333333,0,,108,112,150,153,72,75,-6.979562914580636,0.0,0.9999933273110511,True,4,medium,0.5518172876195343
BraTS-GLI-03063-100,sustraccion,prediction_component,203,22,9216.0,2.4866174768518517e-05,6.993109633237583e-08,1.4142135623730951,1,7.810249675906654,0.1810714920850371,0.8135863258112027,2.0,0,,109,115,90,93,139,143,-7.155329663131577,0.0,0.9999252719979121,True,4,medium,0.5518172876195343
BraTS-GLI-03063-100,sustraccion,prediction_component,205,28,13056.0,1.8769072817471026e-05,3.9841713845069e-08,1.4142135623730951,1,11.180339887498949,0.12649110640673517,0.7507439778384809,1.6,0,,110,116,71,76,136,144,-7.399661988083499,0.0,0.9993660213596636,True,4,medium,0.5518172876195343
BraTS-GLI-03063-100,sustraccion,prediction_component,206,12,5376.0,3.04433440619409e-05,1.0481829363285631e-07,1.4142135623730951,1,5.830951894845301,0.24253562503633297,0.9957510787676723,1.3333333333333333,0,,110,113,91,94,36,40,-6.979562914580636,0.0,0.9999933273110511,True,4,medium,0.5518172876195343
BraTS-GLI-03063-100,sustraccion,prediction_component,207,47,15616.0,2.40848062757993e-05,6.560526413647894e-08,1.4142135623730951,1,10.770329614269007,0.13130643285972257,0.6317015099045129,2.0,0,,111,119,63,69,76,80,-7.183061311634994,0.0,0.9996101174294858,True,4,medium,0.5518172876195343
BraTS-GLI-03063-100,sustraccion,prediction_component,211,12,6144.0,2.4917498197257264e-05,7.022006780482366e-08,1.4142135623730951,1,6.4031242374328485,0.2208630521496931,0.9957510787676723,1.3333333333333333,0,,112,116,157,160,74,78,-7.153538755513696,0.0,0.999980987329517,True,4,medium,0.5518172876195343
BraTS-GLI-03063-100,sustraccion,prediction_component,213,12,6144.0,2.4917498197257264e-05,7.022006780482366e-08,1.4142135623730951,1,6.4031242374328485,0.2208630521496931,0.9957510787676723,1.3333333333333333,0,,114,118,60,63,80,84,-7.153538755513696,0.0,0.999980987329517,True,4,medium,0.5518172876195343
BraTS-GLI-03063-100,sustraccion,prediction_component,214,23,10496.0,2.1389079908047943e-05,5.174120984025427e-08,1.4142135623730951,1,9.1104335791443,0.1552301051412666,0.8016200827808712,2.3333333333333335,0,,114,119,71,74,70,77,-7.2861634205981485,0.0,0.9997951010695386,True,4,medium,0.5518172876195343
BraTS-GLI-03063-100,sustraccion,prediction_component,216,12,5376.0,3.04433440619409e-05,1.0481829363285631e-07,1.4142135623730951,1,5.830951894845301,0.24253562503633297,0.9957510787676723,1.3333333333333333,0,,114,117,116,119,126,130,-6.979562914580636,0.0,0.9999933273110511,True,4,medium,0.5518172876195343
BraTS-GLI-03063-100,sustraccion,prediction_component,221,19,9216.0,2.147533275462963e-05,5.2159350776834036e-08,1.4142135623730951,1,8.366600265340756,0.16903085094570333,0.8543319874271107,2.0,0,,115,121,94,97,127,132,-7.282667822870332,0.0,0.9998694006949949,True,4,medium,0.5518172876195343
BraTS-GLI-03063-100,sustraccion,prediction_component,222,75,28672.0,1.544807187526814e-05,2.6989878922339632e-08,1.4142135623730951,1,16.76305461424021,0.08436490812191956,0.5405768539900705,1.1111111111111112,0,,115,125,102,111,42,52,-7.568799063701272,0.0,0.9947598495211365,True,4,medium,0.5518172876195343
BraTS-GLI-03063-100,sustraccion,prediction_component,223,57,18432.0,2.2778030128554285e-05,5.867926962393829e-08,1.4142135623730951,1,11.661903789690601,0.12126781251816648,0.5923607155209719,1.3333333333333333,0,,115,123,100,106,36,42,-7.23151530042295,0.0,0.9993583434765693,True,4,medium,0.5518172876195343
BraTS-GLI-03063-100,sustraccion,prediction_component,225,48,17408.0,2.08986349698127e-05,4.9395594205876365e-08,1.4142135623730951,1,11.74734012447073,0.12038585308576921,0.6272838722974592,1.6,0,,115,122,136,141,92,100,-7.306311785841662,0.0,0.9992367541306926,True,4,medium,0.5518172876195343
BraTS-GLI-03063-100,sustraccion,prediction_component,226,12,5376.0,3.04433440619409e-05,1.0481829363285631e-07,1.4142135623730951,1,5.830951894845301,0.24253562503633297,0.9957510787676723,1.3333333333333333,0,,116,119,65,68,66,70,-6.979562914580636,0.0,0.9999933273110511,True,4,medium,0.5518172876195343
BraTS-GLI-03063-100,sustraccion,prediction_component,227,25,9216.0,2.8257016782407408e-05,9.030358513994814e-08,1.4142135623730951,1,7.54983443527075,0.1873171623163388,0.7796467353853097,1.25,0,,116,121,93,97,122,126,-7.044295007431914,0.0,0.9999504642039752,True,4,medium,0.5518172876195343
BraTS-GLI-03063-100,sustraccion,prediction_component,228,91,31232.0,1.6487002293059175e-05,3.074225850578214e-08,1.7320508075688772,1,16.34013463836819,0.105999788000636,0.6207399539808366,1.8571428571428572,0,,116,129,92,99,43,50,-7.512264229856185,0.0,0.99782891232565,True,4,medium,0.5518172876195343
BraTS-GLI-03063-100,sustraccion,prediction_component,229,14,6912.0,2.4362533060422576e-05,6.712700278491907e-08,1.4142135623730951,1,7.0710678118654755,0.2,0.9458781407605124,1.6666666666666667,0,,117,122,80,83,59,63,-7.1731027435946135,0.0,0.9999641575636908,True,4,medium,0.5518172876195343
BraTS-GLI-03063-100,sustraccion,prediction_component,232,12,6144.0,2.4917498197257264e-05,7.022006780482366e-08,1.4142135623730951,1,6.4031242374328485,0.2208630521496931,0.9957510787676723,1.3333333333333333,0,,117,121,101,104,94,98,-7.153538755513696,0.0,0.999980987329517,True,4,medium,0.5518172876195343
BraTS-GLI-03063-100,sustraccion,prediction_component,233,12,5376.0,3.04433440619409e-05,1.0481829363285631e-07,1.4142135623730951,1,5.830951894845301,0.24253562503633297,0.9957510787676723,1.3333333333333333,0,,118,121,83,87,37,40,-6.979562914580636,0.0,0.9999933273110511,True,4,medium,0.5518172876195343
BraTS-GLI-03063-100,sustraccion,prediction_component,234,17,8448.0,2.1893644584863748e-05,5.421113507463137e-08,1.4142135623730951,1,7.54983443527075,0.1873171623163388,0.8866010210973454,1.25,0,,118,123,87,91,141,145,-7.265911499351242,0.0,0.9999220639097008,True,4,medium,0.5518172876195343
BraTS-GLI-03063-100,sustraccion,prediction_component,237,14,7680.0,2.080109539136373e-05,4.8935585030206e-08,1.4142135623730951,1,7.54983443527075,0.1873171623163388,0.9458781407605124,1.25,0,,119,123,149,154,118,122,-7.310375215276639,0.0,0.9999247197904226,True,4,medium,0.5518172876195343
BraTS-GLI-03063-100,sustraccion,prediction_component,238,16,7680.0,2.3772680447272836e-05,6.391586616190171e-08,1.4142135623730951,1,6.928203230275509,0.20412414523193154,0.9046998952817776,1.0,0,,120,124,54,58,48,52,-7.194391321321265,0.0,0.9999589386325237,True,4,medium,0.5518172876195343
BraTS-GLI-03063-100,sustraccion,prediction_component,239,12,6144.0,2.4917498197257264e-05,7.022006780482366e-08,1.4142135623730951,1,6.4031242374328485,0.2208630521496931,0.9957510787676723,1.3333333333333333,0,,120,124,74,77,59,63,-7.153538755513696,0.0,0.999980987329517,True,4,medium,0.5518172876195343
BraTS-GLI-03063-100,sustraccion,prediction_component,240,12,5376.0,3.04433440619409e-05,1.0481829363285631e-07,1.4142135623730951,1,5.830951894845301,0.24253562503633297,0.9957510787676723,1.3333333333333333,0,,120,124,81,84,97,100,-6.979562914580636,0.0,0.9999933273110511,True,4,medium,0.5518172876195343
BraTS-GLI-03063-100,sustraccion,prediction_component,242,107,32768.0,1.8038851162662646e-05,3.680189008929868e-08,1.7320508075688772,1,15.652475842498529,0.11065666703449761,0.5881149750574316,1.25,0,,121,129,64,73,64,74,-7.434129876047313,0.0,0.9983339793844133,True,4,medium,0.5518172876195343
BraTS-GLI-03063-100,sustraccion,prediction_component,243,12,5376.0,3.04433440619409e-05,1.0481829363285631e-07,1.4142135623730951,1,5.830951894845301,0.24253562503633297,0.9957510787676723,1.3333333333333333,0,,121,125,83,86,67,70,-6.979562914580636,0.0,0.9999933273110511,True,4,medium,0.5518172876195343
BraTS-GLI-03063-100,sustraccion,prediction_component,244,14,6912.0,2.4362533060422576e-05,6.712700278491907e-08,1.4142135623730951,1,7.0710678118654755,0.2,0.9458781407605124,1.6666666666666667,0,,121,124,95,100,137,141,-7.1731027435946135,0.0,0.9999641575636908,True,4,medium,0.5518172876195343
BraTS-GLI-03063-100,sustraccion,prediction_component,246,46,18176.0,1.877199200763275e-05,3.985410812632375e-08,1.4142135623730951,1,11.575836902790225,0.12216944435630524,0.6362462813425951,1.1666666666666667,0,,123,130,83,89,118,125,-7.399526905268205,0.0,0.9989940647373184,True,4,medium,0.5518172876195343
BraTS-GLI-03063-100,sustraccion,prediction_component,247,19,8704.0,2.3397813632436724e-05,6.191600523722697e-08,1.4142135623730951,1,7.54983443527075,0.1873171623163388,0.8543319874271107,1.25,0,,123,128,103,107,68,72,-7.208197071695235,0.0,0.9999297168804351,True,4,medium,0.5518172876195343
BraTS-GLI-03063-100,sustraccion,prediction_component,248,19,8192.0,2.5625283894623568e-05,7.42659506177969e-08,1.4142135623730951,1,7.54983443527075,0.1873171623163388,0.8543319874271107,1.25,0,,123,127,122,127,130,134,-7.1292102555281875,0.0,0.9999473109006307,True,4,medium,0.5518172876195343
BraTS-GLI-03063-100,sustraccion,prediction_component,251,70,22784.0,2.0354155218696564e-05,4.6855280012864467e-08,1.4142135623730951,1,12.884098726725126,0.10976425998969035,0.5531528923543089,1.5,0,,124,130,120,129,93,100,-7.329241462380352,0.0,0.9987014097255885,True,4,medium,0.5518172876195343
BraTS-GLI-03063-100,sustraccion,prediction_component,254,34,15360.0,1.7860437523200438e-05,3.607751039216718e-08,1.4142135623730951,1,11.357816691600547,0.12451456127293807,0.7036956967830031,2.0,0,,125,132,116,124,68,72,-7.442763439540548,0.0,0.9990995845391757,True,4,medium,0.5518172876195343
BraTS-GLI-03063-100,sustraccion,prediction_component,255,397,107776.0,1.1220376115446968e-05,1.4238597175013344e-08,1.7320508075688772,1,34.72751070837067,0.04987546680538165,0.37989186604587705,3.3333333333333335,0,,125,140,105,135,107,116,-7.846532796454903,0.0,0.9544776208472044,True,4,medium,0.5518172876195343
BraTS-GLI-03063-100,sustraccion,prediction_component,256,12,5376.0,3.04433440619409e-05,1.0481829363285631e-07,1.4142135623730951,1,5.830951894845301,0.24253562503633297,0.9957510787676723,1.3333333333333333,0,,125,128,134,138,119,122,-6.979562914580636,0.0,0.9999933273110511,True,4,medium,0.5518172876195343
BraTS-GLI-03063-100,sustraccion,prediction_component,257,20,8192.0,2.6973983046972178e-05,8.228914195877773e-08,1.4142135623730951,1,7.54983443527075,0.1873171623163388,0.8398489863421099,1.25,0,,126,130,88,92,125,130,-7.084657466105883,0.0,0.9999530074185851,True,4,medium,0.5518172876195343
BraTS-GLI-03063-100,sustraccion,prediction_component,258,12,5376.0,3.04433440619409e-05,1.0481829363285631e-07,1.4142135623730951,1,5.830951894845301,0.24253562503633297,0.9957510787676723,1.3333333333333333,0,,126,130,91,94,93,96,-6.979562914580636,0.0,0.9999933273110511,True,4,medium,0.5518172876195343
BraTS-GLI-03063-100,sustraccion,prediction_component,259,50,18944.0,1.9176196741682605e-05,4.158888978233688e-08,1.4142135623730951,1,11.445523142259598,0.1235604126430431,0.6188060239571066,1.8,0,,126,131,97,106,131,136,-7.381022672995019,0.0,0.9990296475913636,True,4,medium,0.5518172876195343
BraTS-GLI-03063-100,sustraccion,prediction_component,260,16,6656.0,2.9464563572443515e-05,9.818664009850627e-08,1.4142135623730951,1,6.4031242374328485,0.2208630521496931,0.9046998952817776,1.3333333333333333,0,,126,129,146,150,106,110,-7.007947601074732,0.0,0.9999848741368333,True,4,medium,0.5518172876195343
BraTS-GLI-03063-100,sustraccion,prediction_component,261,27,10240.0,2.6056364997725294e-05,7.678564414457468e-08,1.4142135623730951,1,8.774964387392123,0.16116459280507606,0.7599002946021327,1.5,0,,127,133,66,70,75,80,-7.11471996814004,0.0,0.9998875151945169,True,4,medium,0.5518172876195343
BraTS-GLI-03063-100,sustraccion,prediction_component,263,119,40192.0,1.4768539020770152e-05,2.4667630990746864e-08,1.4142135623730951,1,17.0,0.0831890330807703,0.4634777398591019,1.5,0,,127,139,76,84,102,111,-7.607872556916767,0.0,0.9920386774589771,True,4,medium,0.5518172876195343
BraTS-GLI-03063-100,sustraccion,prediction_component,264,29,11776.0,2.2693490619119486e-05,5.824450762606069e-08,1.4142135623730951,1,8.774964387392123,0.16116459280507606,0.742013605090188,1.5,0,,127,133,108,113,50,54,-7.234745021720937,0.0,0.999815066006099,True,4,medium,0.5518172876195343
BraTS-GLI-03063-100,sustraccion,prediction_component,265,33,12032.0,2.500386843121738e-05,7.070771186141302e-08,1.4142135623730951,1,8.660254037844387,0.1632993161855452,0.7107331206052484,1.0,0,,127,132,113,118,122,127,-7.150533216525505,0.0,0.9998550912017983,True,4,medium,0.5518172876195343
BraTS-GLI-03063-100,sustraccion,prediction_component,266,219,76032.0,1.0445987285588585e-05,1.234102861346963e-08,1.4142135623730951,1,31.843366656181317,0.04441155916843275,0.37820723221099567,1.6428571428571428,0,,127,144,111,134,63,77,-7.908648640745528,0.0,0.9374260282127639,True,4,medium,0.5518172876195343
BraTS-GLI-03063-100,sustraccion,prediction_component,267,163,49408.0,1.484197490437242e-05,2.4913558235052323e-08,1.7320508075688772,1,20.518284528683193,0.0844149911825029,0.5111255948456747,1.5555555555555556,0,,128,140,56,65,66,80,-7.603564240689534,0.0,0.9934548625175309,True,4,medium,0.5518172876195343
BraTS-GLI-03063-100,sustraccion,prediction_component,268,34,12800.0,2.3478154844084584e-05,6.234193795766489e-08,1.4142135623730951,1,9.486832980505138,0.14907119849998599,0.7036956967830031,1.75,0,,128,135,75,80,121,125,-7.205219701397674,0.0,0.999762623710806,True,4,medium,0.5518172876195343
BraTS-GLI-03063-100,sustraccion,prediction_component,269,144,49152.0,1.3214498959113138e-05,1.9749394070106654e-08,1.4142135623730951,1,26.795522013948524,0.05277798139692596,0.43493434507576706,1.3846153846153846,0,,128,143,87,100,60,78,-7.704446224394277,0.0,0.9781044718711933,True,4,medium,0.5518172876195343
BraTS-GLI-03063-100,sustraccion,prediction_component,271,53,20480.0,1.808343548698255e-05,3.698403196195306e-08,1.4142135623730951,1,14.071247279470288,0.10050378152592122,0.6069029442833568,1.4285714285714286,0,,129,136,114,121,52,62,-7.43198574424838,0.0,0.9981163493699217,True,4,medium,0.5518172876195343
BraTS-GLI-03063-100,sustraccion,prediction_component,272,14,6912.0,2.4362533060422576e-05,6.712700278491907e-08,1.4142135623730951,1,7.0710678118654755,0.2,0.9458781407605124,1.6666666666666667,0,,130,135,75,78,79,83,-7.1731027435946135,0.0,0.9999641575636908,True,4,medium,0.5518172876195343
BraTS-GLI-03063-100,sustraccion,prediction_component,273,12,5376.0,3.04433440619409e-05,1.0481829363285631e-07,1.4142135623730951,1,5.830951894845301,0.24253562503633297,0.9957510787676723,1.3333333333333333,0,,131,135,60,63,102,105,-6.979562914580636,0.0,0.9999933273110511,True,4,medium,0.5518172876195343
BraTS-GLI-03063-100,sustraccion,prediction_component,274,14,6144.0,2.9070414563466808e-05,9.557731451212109e-08,1.4142135623730951,1,6.928203230275509,0.20412414523193154,0.9458781407605124,1.0,0,,131,135,87,91,123,127,-7.019645176252469,0.0,0.9999810679105652,True,4,medium,0.5518172876195343
BraTS-GLI-03063-100,sustraccion,prediction_component,275,32,11520.0,2.5880416406247567e-05,7.5752137673365e-08,1.4142135623730951,1,9.055385138137417,0.15617376188860607,0.7180607827429069,2.6666666666666665,0,,131,139,95,98,81,84,-7.120605107160347,0.0,0.9998547882774382,True,4,medium,0.5518172876195343
BraTS-GLI-03063-100,sustraccion,prediction_component,276,12,6144.0,2.4917498197257264e-05,7.022006780482366e-08,1.4142135623730951,1,6.4031242374328485,0.2208630521496931,0.9957510787676723,1.3333333333333333,0,,131,135,115,119,94,97,-7.153538755513696,0.0,0.999980987329517,True,4,medium,0.5518172876195343
BraTS-GLI-03063-100,sustraccion,prediction_component,278,12,5376.0,3.04433440619409e-05,1.0481829363285631e-07,1.4142135623730951,1,5.830951894845301,0.24253562503633297,0.9957510787676723,1.3333333333333333,0,,133,137,114,117,77,80,-6.979562914580636,0.0,0.9999933273110511,True,4,medium,0.5518172876195343
BraTS-GLI-03063-100,sustraccion,prediction_component,280,80,22016.0,2.4489637809647167e-05,6.782926292540855e-08,1.7320508075688772,1,12.24744871391589,0.1414213562373095,0.6479778613543024,2.0,0,,134,144,103,108,101,106,-7.168582902220944,0.0,0.9997109556692471,True,4,medium,0.5518172876195343
BraTS-GLI-03063-100,sustraccion,prediction_component,285,98,32768.0,1.652156461627046e-05,3.087128591297271e-08,1.4142135623730951,1,18.411952639521967,0.07680953726425686,0.49446532592440784,1.8571428571428572,0,,137,144,118,131,76,87,-7.510445280032743,0.0,0.9943029406038334,True,4,medium,0.5518172876195343
BraTS-GLI-03063-100,sustraccion,prediction_component,286,22,8192.0,2.9671381351669397e-05,9.956986177012105e-08,1.4142135623730951,1,7.54983443527075,0.1873171623163388,0.8135863258112027,1.25,0,,140,144,105,109,71,76,-7.001872095789433,0.0,0.9999620895410657,True,4,medium,0.5518172876195343
BraTS-GLI-03063-100,sustraccion,prediction_component,287,12,6144.0,2.4917498197257264e-05,7.022006780482366e-08,1.4142135623730951,1,6.4031242374328485,0.2208630521496931,0.9957510787676723,1.3333333333333333,0,,142,146,88,92,81,84,-7.153538755513696,0.0,0.999980987329517,True,4,medium,0.5518172876195343
BraTS-GLI-03063-100,gmm_2d,prediction_component,1,50,17920.0,2.084313283576998e-05,4.91335751404014e-08,1.7320508075688772,1,11.661903789690601,0.14852213144650114,0.757879504227687,1.3333333333333333,0,,12,20,88,94,85,91,-7.308621633844861,0.0,0.999707844319246,True,4,medium,0.5518172876195343
BraTS-GLI-03063-100,gmm_2d,prediction_component,2,82,27904.0,1.7591957109225918e-05,3.5001019010605084e-08,1.7320508075688772,1,13.892443989449804,0.1246757452385074,0.6426663285123421,1.8333333333333333,0,,17,28,89,95,96,102,-7.455919311528565,0.0,0.9988468829458933,True,4,medium,0.5518172876195343
BraTS-GLI-03063-100,gmm_2d,prediction_component,3,740,180736.0,9.630852248346453e-06,1.04901527913377e-08,2.449489742783178,1,34.84250278036869,0.07030177361895179,0.4365438976733267,1.2941176470588236,3,,18,35,53,75,67,88,-7.979218186167587,1.3862943611198906,0.9192280295763661,True,4,medium,0.5518172876195343
BraTS-GLI-03063-100,gmm_2d,prediction_component,4,96,34816.0,1.4777566504696878e-05,2.4697797102938182e-08,1.7320508075688772,1,17.320508075688775,0.09999999999999998,0.6097705134516743,1.0,0,,18,28,69,79,88,98,-7.607341781505643,0.0,0.9964345861846957,True,4,medium,0.5518172876195343
BraTS-GLI-03063-100,gmm_2d,prediction_component,5,167,45312.0,1.731396852330404e-05,3.3903584793792754e-08,2.23606797749979,1,19.72308292331602,0.11337314689562955,0.6545493283455707,2.8333333333333335,1,,18,35,93,101,90,96,-7.469754379264381,0.6931471805599453,0.9979463575418033,True,4,medium,0.5518172876195343
BraTS-GLI-03063-100,gmm_2d,prediction_component,6,25,9984.0,2.5060120224403912e-05,7.102621534903521e-08,1.7320508075688772,1,8.660254037844387,0.19999999999999996,0.9548683406603533,1.0,0,,19,24,61,66,64,69,-7.14858132620955,0.0,0.99996818860877,True,4,medium,0.5518172876195343
BraTS-GLI-03063-100,gmm_2d,prediction_component,7,25,9984.0,2.5060120224403912e-05,7.102621534903521e-08,1.7320508075688772,1,8.660254037844387,0.19999999999999996,0.9548683406603533,1.0,0,,20,25,65,70,57,62,-7.14858132620955,0.0,0.99996818860877,True,4,medium,0.5518172876195343
BraTS-GLI-03063-100,gmm_2d,prediction_component,8,252,72704.0,1.2854733657400688e-05,1.8688676175966322e-08,2.23606797749979,1,27.459060435491963,0.08143279274805704,0.5706647211316094,2.5555555555555554,1,,20,29,62,85,110,122,-7.728421461052153,0.6931471805599453,0.9873333376310637,True,4,medium,0.5518172876195343
BraTS-GLI-03063-100,gmm_2d,prediction_component,9,57,17664.0,2.4279585689427806e-05,6.667068490846741e-08,1.7320508075688772,1,11.575836902790225,0.14962640041614492,0.7254907483481623,1.1666666666666667,0,,20,27,73,80,62,68,-7.1760650833409105,0.0,0.9998035556183651,True,4,medium,0.5518172876195343
BraTS-GLI-03063-100,gmm_2d,prediction_component,10,194,54528.0,1.5236049564735221e-05,2.6254099514148297e-08,2.0,1,22.02271554554524,0.09081532183729997,0.5569193258934586,1.875,1,,20,34,78,86,80,95,-7.580802872929889,0.6931471805599453,0.9934871362608373,True,4,medium,0.5518172876195343
BraTS-GLI-03063-100,gmm_2d,prediction_component,11,25,9984.0,2.5060120224403912e-05,7.102621534903521e-08,1.7320508075688772,1,8.660254037844387,0.19999999999999996,0.9548683406603533,1.0,0,,21,26,58,63,61,66,-7.14858132620955,0.0,0.99996818860877,True,4,medium,0.5518172876195343
BraTS-GLI-03063-100,gmm_2d,prediction_component,12,925,218368.0,9.064800239633585e-06,9.29327630161189e-09,2.449489742783178,1,39.45883931389772,0.062077085524420074,0.4052514561644626,1.625,6,,21,47,78,94,66,91,-8.03183115049863,1.9459101490553132,0.8449295286758847,True,4,medium,0.5518172876195343
BraTS-GLI-03063-100,gmm_2d,prediction_component,13,59,19456.0,2.1740607489918187e-05,5.3455909614067176e-08,1.7320508075688772,1,11.661903789690601,0.14852213144650114,0.71719869927557,1.3333333333333333,0,,22,28,69,77,47,53,-7.272004276032213,0.0,0.9997073959372721,True,4,medium,0.5518172876195343
BraTS-GLI-03063-100,gmm_2d,prediction_component,14,25,9984.0,2.5060120224403912e-05,7.102621534903521e-08,1.7320508075688772,1,8.660254037844387,0.19999999999999996,0.9548683406603533,1.0,0,,22,27,74,79,126,131,-7.14858132620955,0.0,0.99996818860877,True,4,medium,0.5518172876195343
BraTS-GLI-03063-100,gmm_2d,prediction_component,15,68,24064.0,1.8216174769780055e-05,3.752897838007046e-08,1.7320508075688772,1,12.806248474865697,0.13525044520011484,0.6840489693598067,1.3333333333333333,0,,22,28,78,86,120,128,-7.425633257860751,0.0,0.9992638201845694,True,4,medium,0.5518172876195343
BraTS-GLI-03063-100,gmm_2d,prediction_component,16,25,9984.0,2.5060120224403912e-05,7.102621534903521e-08,1.7320508075688772,1,8.660254037844387,0.19999999999999996,0.9548683406603533,1.0,0,,23,28,62,67,82,87,-7.14858132620955,0.0,0.99996818860877,True,4,medium,0.5518172876195343
BraTS-GLI-03063-100,gmm_2d,prediction_component,17,38,12544.0,2.7047649416909622e-05,8.273922157753891e-08,1.7320508075688772,1,9.273618495495704,0.18677184190940707,0.8304795924748166,1.2,0,,23,28,79,84,59,65,-7.082288569326049,0.0,0.9999514379352742,True,4,medium,0.5518172876195343
BraTS-GLI-03063-100,gmm_2d,prediction_component,18,112,32768.0,1.8881788132880526e-05,4.0321679559801086e-08,1.7320508075688772,1,15.165750888103101,0.11420804814403214,0.5792297009289245,1.4285714285714286,0,,23,30,86,95,105,115,-7.39446138607737,0.0,0.9986119033531992,True,4,medium,0.5518172876195343
BraTS-GLI-03063-100,gmm_2d,prediction_component,19,153,46848.0,1.5088805079198904e-05,2.5749100953520705e-08,1.7320508075688772,1,19.235384061671343,0.09004503377814964,0.5220270652200657,1.875,0,,24,32,51,60,107,122,-7.589237930030218,0.0,0.9946114565342711,True,4,medium,0.5518172876195343
BraTS-GLI-03063-100,gmm_2d,prediction_component,20,364,89856.0,1.3513901869160034e-05,2.0654462395359715e-08,2.23606797749979,1,29.189039038652847,0.07660642662948695,0.5048326216643036,1.4285714285714286,2,,24,44,59,75,93,107,-7.684986104573488,1.0986122886681098,0.9819803898601728,True,4,medium,0.5518172876195343
BraTS-GLI-03063-100,gmm_2d,prediction_component,21,197,55808.0,1.4942440589978528e-05,2.5251980717998453e-08,2.23606797749979,1,21.61018278497431,0.10347288589592779,0.6194778701935986,1.3636363636363635,1,,25,36,47,62,49,60,-7.597704550964756,0.6931471805599453,0.9955678962361313,True,4,medium,0.5518172876195343
BraTS-GLI-03063-100,gmm_2d,prediction_component,22,25,9984.0,2.5060120224403912e-05,7.102621534903521e-08,1.7320508075688772,1,8.660254037844387,0.19999999999999996,0.9548683406603533,1.0,0,,25,30,65,70,130,135,-7.14858132620955,0.0,0.99996818860877,True,4,medium,0.5518172876195343
BraTS-GLI-03063-100,gmm_2d,prediction_component,23,25,9984.0,2.5060120224403912e-05,7.102621534903521e-08,1.7320508075688772,1,8.660254037844387,0.19999999999999996,0.9548683406603533,1.0,0,,25,30,89,94,82,87,-7.14858132620955,0.0,0.99996818860877,True,4,medium,0.5518172876195343
BraTS-GLI-03063-100,gmm_2d,prediction_component,24,25,9984.0,2.5060120224403912e-05,7.102621534903521e-08,1.7320508075688772,1,8.660254037844387,0.19999999999999996,0.9548683406603533,1.0,0,,26,31,56,61,81,86,-7.14858132620955,0.0,0.99996818860877,True,4,medium,0.5518172876195343
BraTS-GLI-03063-100,gmm_2d,prediction_component,25,156,49920.0,1.3986618633582674e-05,2.2124722902196747e-08,1.7320508075688772,1,21.540659228538015,0.08040844011283461,0.5186590549070232,2.0,0,,26,38,76,84,42,58,-7.655122159852758,0.0,0.9916999533219528,True,4,medium,0.5518172876195343
BraTS-GLI-03063-100,gmm_2d,prediction_component,26,239,51456.0,2.04759408754816e-05,4.741765878358214e-08,2.449489742783178,1,19.72308292331602,0.12419405994016618,0.6362667004166986,2.0,2,,27,39,60,74,84,91,-7.324059892839319,1.0986122886681098,0.9987165227659963,True,4,medium,0.5518172876195343
BraTS-GLI-03063-100,gmm_2d,prediction_component,27,932,215552.0,9.312961919477062e-06,9.809074380705411e-09,2.449489742783178,1,38.71692136521188,0.06326664560122039,0.40423432740093845,1.0952380952380953,4,,27,48,76,99,90,113,-8.008371972265113,1.6094379124341003,0.8777247398594445,True,4,medium,0.5518172876195343
BraTS-GLI-03063-100,gmm_2d,prediction_component,28,110,33024.0,1.8329396744757338e-05,3.79969482128446e-08,2.23606797749979,1,16.822603841260722,0.13292044433783765,0.7522871499249434,1.2222222222222223,1,,28,37,42,51,60,71,-7.420251283055425,0.6931471805599453,0.9991447648834,True,4,medium,0.5518172876195343
BraTS-GLI-03063-100,gmm_2d,prediction_component,29,25,9984.0,2.5060120224403912e-05,7.102621534903521e-08,1.7320508075688772,1,8.660254037844387,0.19999999999999996,0.9548683406603533,1.0,0,,28,33,66,71,43,48,-7.14858132620955,0.0,0.99996818860877,True,4,medium,0.5518172876195343
BraTS-GLI-03063-100,gmm_2d,prediction_component,30,25,9984.0,2.5060120224403912e-05,7.102621534903521e-08,1.7320508075688772,1,8.660254037844387,0.19999999999999996,0.9548683406603533,1.0,0,,28,33,76,81,92,97,-7.14858132620955,0.0,0.99996818860877,True,4,medium,0.5518172876195343
BraTS-GLI-03063-100,gmm_2d,prediction_component,31,59,18944.0,2.2627912155185472e-05,5.790837013292587e-08,1.7320508075688772,1,11.575836902790225,0.14962640041614492,0.71719869927557,1.1666666666666667,0,,29,35,53,60,123,130,-7.237258658382768,0.0,0.9997475797709908,True,4,medium,0.5518172876195343
BraTS-GLI-03063-100,gmm_2d,prediction_component,32,25,9984.0,2.5060120224403912e-05,7.102621534903521e-08,1.7320508075688772,1,8.660254037844387,0.19999999999999996,0.9548683406603533,1.0,0,,31,36,59,64,130,135,-7.14858132620955,0.0,0.99996818860877,True,4,medium,0.5518172876195343
BraTS-GLI-03063-100,gmm_2d,prediction_component,33,107,33024.0,1.7829504106263956e-05,3.5952649594120485e-08,1.7320508075688772,1,16.673332000533065,0.10388150415966656,0.5881149750574316,1.8333333333333333,0,,31,37,67,78,49,60,-7.444269098001455,0.0,0.9980338860261265,True,4,medium,0.5518172876195343
BraTS-GLI-03063-100,gmm_2d,prediction_component,34,25,9984.0,2.5060120224403912e-05,7.102621534903521e-08,1.7320508075688772,1,8.660254037844387,0.19999999999999996,0.9548683406603533,1.0,0,,33,38,54,59,46,51,-7.14858132620955,0.0,0.99996818860877,True,4,medium,0.5518172876195343
BraTS-GLI-03063-100,gmm_2d,prediction_component,35,120,36096.0,1.74981699024792e-05,3.462881511425186e-08,1.7320508075688772,1,17.11724276862369,0.1011874886032327,0.5660608012607246,1.7142857142857142,0,,35,47,84,94,116,123,-7.460562368345018,0.0,0.997637747339927,True,4,medium,0.5518172876195343
BraTS-GLI-03063-100,gmm_2d,prediction_component,36,25,9984.0,2.5060120224403912e-05,7.102621534903521e-08,1.7320508075688772,1,8.660254037844387,0.19999999999999996,0.9548683406603533,1.0,0,,37,42,49,54,59,64,-7.14858132620955,0.0,0.99996818860877,True,4,medium,0.5518172876195343
BraTS-GLI-03063-100,gmm_2d,prediction_component,37,25,9984.0,2.5060120224403912e-05,7.102621534903521e-08,1.7320508075688772,1,8.660254037844387,0.19999999999999996,0.9548683406603533,1.0,0,,38,43,41,46,56,61,-7.14858132620955,0.0,0.99996818860877,True,4,medium,0.5518172876195343
BraTS-GLI-03063-100,gmm_2d,prediction_component,38,25,9984.0,2.5060120224403912e-05,7.102621534903521e-08,1.7320508075688772,1,8.660254037844387,0.19999999999999996,0.9548683406603533,1.0,0,,39,44,43,48,120,125,-7.14858132620955,0.0,0.99996818860877,True,4,medium,0.5518172876195343
BraTS-GLI-03063-100,gmm_2d,prediction_component,39,71,20224.0,2.4686400120447148e-05,6.892359171017941e-08,1.7320508075688772,1,11.0,0.15745916432444337,0.6742755017744779,1.1666666666666667,0,,39,45,46,52,89,96,-7.161632098907301,0.0,0.999809667184419,True,4,medium,0.5518172876195343
BraTS-GLI-03063-100,gmm_2d,prediction_component,40,125,34560.0,1.945581429542531e-05,4.281058851079022e-08,2.23606797749979,1,15.427248620541512,0.14494275891311212,0.7209047176727084,1.8333333333333333,1,,39,50,93,99,107,116,-7.368448801943033,0.6931471805599453,0.9993747987649779,True,4,medium,0.5518172876195343
BraTS-GLI-03063-100,gmm_2d,prediction_component,41,87,25600.0,2.1240234375e-05,5.1023586548612183e-08,1.7320508075688772,1,13.379088160259652,0.1294595556006309,0.6301110265841786,1.2857142857142858,0,,40,49,104,111,88,95,-7.292229017236891,0.0,0.9993955617329012,True,4,medium,0.5518172876195343
BraTS-GLI-03063-100,gmm_2d,prediction_component,42,25,9984.0,2.5060120224403912e-05,7.102621534903521e-08,1.7320508075688772,1,8.660254037844387,0.19999999999999996,0.9548683406603533,1.0,0,,41,46,122,127,61,66,-7.14858132620955,0.0,0.99996818860877,True,4,medium,0.5518172876195343
BraTS-GLI-03063-100,gmm_2d,prediction_component,43,38,13824.0,2.3379381024587062e-05,6.181848980958109e-08,1.7320508075688772,1,9.848857801796104,0.17586311452816475,0.8304795924748166,1.2,0,,42,47,117,123,57,63,-7.2088816087094125,0.0,0.9999051591398199,True,4,medium,0.5518172876195343
BraTS-GLI-03063-100,gmm_2d,prediction_component,44,46,16896.0,2.0945077921731866e-05,4.961538140913494e-08,1.7320508075688772,1,11.0,0.15745916432444337,0.7792393700163133,1.1666666666666667,0,,42,48,124,131,115,121,-7.3043836657365855,0.0,0.9997739231074919,True,4,medium,0.5518172876195343
BraTS-GLI-03063-100,gmm_2d,prediction_component,45,72,27648.0,1.566162839598594e-05,2.774126135499206e-08,1.7320508075688772,1,15.165750888103101,0.11420804814403214,0.6711392913128504,1.4285714285714286,0,,43,53,103,112,80,87,-7.5568737960724395,0.0,0.9981509214514961,True,4,medium,0.5518172876195343
BraTS-GLI-03063-100,gmm_2d,prediction_component,46,64,21504.0,2.0295562707960602e-05,4.6585908281269474e-08,1.7320508075688772,1,12.36931687685298,0.14002800840280097,0.6980129914371896,1.6,0,,43,51,120,125,45,53,-7.331745432691998,0.0,0.9995442435906143,True,4,medium,0.5518172876195343
BraTS-GLI-03063-100,gmm_2d,prediction_component,47,50,19968.0,1.772018094802615e-05,3.551310767451761e-08,1.7320508075688772,1,12.727922061357855,0.13608276348795434,0.757879504227687,1.1428571428571428,0,,43,50,129,136,117,125,-7.449611321873531,0.0,0.9993810583806642,True,4,medium,0.5518172876195343
BraTS-GLI-03063-100,gmm_2d,prediction_component,48,176,45568.0,1.8093505484011752e-05,3.702523351220637e-08,2.23606797749979,1,19.1049731745428,0.11704114719613058,0.6431964656828097,1.2,1,,44,55,131,141,44,56,-7.43150219377251,0.6931471805599453,0.9982696926132459,True,4,medium,0.5518172876195343
BraTS-GLI-03063-100,gmm_2d,prediction_component,49,38,12544.0,2.7047649416909622e-05,8.273922157753891e-08,1.7320508075688772,1,9.273618495495704,0.18677184190940707,0.8304795924748166,1.2,0,,45,51,91,96,68,73,-7.082288569326049,0.0,0.9999514379352742,True,4,medium,0.5518172876195343
BraTS-GLI-03063-100,gmm_2d,prediction_component,50,25,9984.0,2.5060120224403912e-05,7.102621534903521e-08,1.7320508075688772,1,8.660254037844387,0.19999999999999996,0.9548683406603533,1.0,0,,45,50,105,110,98,103,-7.14858132620955,0.0,0.99996818860877,True,4,medium,0.5518172876195343
BraTS-GLI-03063-100,gmm_2d,prediction_component,51,57,18176.0,2.3260946618153625e-05,6.11937605398988e-08,1.7320508075688772,1,11.0,0.15745916432444337,0.7254907483481623,1.1666666666666667,0,,45,51,111,118,40,46,-7.213292857286371,0.0,0.9998061418957735,True,4,medium,0.5518172876195343
BraTS-GLI-03063-100,gmm_2d,prediction_component,52,25,9984.0,2.5060120224403912e-05,7.102621534903521e-08,1.7320508075688772,1,8.660254037844387,0.19999999999999996,0.9548683406603533,1.0,0,,45,50,135,140,61,66,-7.14858132620955,0.0,0.99996818860877,True,4,medium,0.5518172876195343
BraTS-GLI-03063-100,gmm_2d,prediction_component,53,50,19968.0,1.772018094802615e-05,3.551310767451761e-08,1.7320508075688772,1,12.12435565298214,0.14285714285714285,0.757879504227687,1.0,0,,46,53,40,47,75,82,-7.449611321873531,0.0,0.9994558818114555,True,4,medium,0.5518172876195343
BraTS-GLI-03063-100,gmm_2d,prediction_component,54,25,9984.0,2.5060120224403912e-05,7.102621534903521e-08,1.7320508075688772,1,8.660254037844387,0.19999999999999996,0.9548683406603533,1.0,0,,46,51,102,107,76,81,-7.14858132620955,0.0,0.99996818860877,True,4,medium,0.5518172876195343
BraTS-GLI-03063-100,gmm_2d,prediction_component,55,97,32000.0,1.6945202641990595e-05,3.247475677473599e-08,1.7320508075688772,1,15.937377450509228,0.10867853340033276,0.6076678398117905,2.1666666666666665,0,,46,52,133,140,120,133,-7.488454092965807,0.0,0.9980241393470346,True,4,medium,0.5518172876195343
BraTS-GLI-03063-100,gmm_2d,prediction_component,56,79,24064.0,2.1162908923715062e-05,5.065275823313576e-08,1.7320508075688772,1,12.727922061357855,0.13608276348795434,0.6507004893872986,1.1428571428571428,0,,47,54,43,51,83,90,-7.2953969006923405,0.0,0.9994965266009282,True,4,medium,0.5518172876195343
BraTS-GLI-03063-100,gmm_2d,prediction_component,57,56,16384.0,2.6702880859375e-05,8.064335911960217e-08,1.7320508075688772,1,11.0,0.15745916432444337,0.7297836929246639,1.1666666666666667,0,,47,53,102,109,47,53,-7.0934313904133885,0.0,0.9998765681589085,True,4,medium,0.5518172876195343
BraTS-GLI-03063-100,gmm_2d,prediction_component,58,4183,1055744.0,3.856114595211359e-06,1.6817143764783692e-09,2.449489742783178,1,92.30926280715278,0.026535687408754543,0.24506194350370694,1.8888888888888888,15,,47,83,46,114,44,95,-8.774247763147304,2.772588722239781,0.06654036884549996,False,4,medium,0.5518172876195343
BraTS-GLI-03063-100,gmm_2d,prediction_component,59,50,19968.0,1.772018094802615e-05,3.551310767451761e-08,1.7320508075688772,1,12.806248474865697,0.13525044520011484,0.757879504227687,1.3333333333333333,0,,47,53,109,117,111,119,-7.449611321873531,0.0,0.9993711828937206,True,4,medium,0.5518172876195343
BraTS-GLI-03063-100,gmm_2d,prediction_component,60,25,9984.0,2.5060120224403912e-05,7.102621534903521e-08,1.7320508075688772,1,8.660254037844387,0.19999999999999996,0.9548683406603533,1.0,0,,48,53,108,113,136,141,-7.14858132620955,0.0,0.99996818860877,True,4,medium,0.5518172876195343
BraTS-GLI-03063-100,gmm_2d,prediction_component,61,25,9984.0,2.5060120224403912e-05,7.102621534903521e-08,1.7320508075688772,1,8.660254037844387,0.19999999999999996,0.9548683406603533,1.0,0,,48,53,113,118,66,71,-7.14858132620955,0.0,0.99996818860877,True,4,medium,0.5518172876195343
BraTS-GLI-03063-100,gmm_2d,prediction_component,62,38,13824.0,2.3379381024587062e-05,6.181848980958109e-08,1.7320508075688772,1,9.848857801796104,0.17586311452816475,0.8304795924748166,1.2,0,,49,55,43,48,91,97,-7.2088816087094125,0.0,0.9999051591398199,True,4,medium,0.5518172876195343
BraTS-GLI-03063-100,gmm_2d,prediction_component,63,264,70400.0,1.413334427708267e-05,2.259135342158853e-08,2.23606797749979,1,23.748684174075834,0.09415544714433868,0.5618838674079338,2.5,1,,50,58,44,54,58,78,-7.646057750225253,0.6931471805599453,0.9923808900013937,True,4,medium,0.5518172876195343
BraTS-GLI-03063-100,gmm_2d,prediction_component,64,1167,311808.0,6.702548660318228e-06,5.080802632211708e-09,2.449489742783178,1,50.85272854036448,0.048168305085908796,0.37504341362428223,1.75,5,,50,70,80,115,100,131,-8.294067675273958,1.791759469228055,0.6111140189253049,True,4,medium,0.5518172876195343
BraTS-GLI-03063-100,gmm_2d,prediction_component,65,25,9984.0,2.5060120224403912e-05,7.102621534903521e-08,1.7320508075688772,1,8.660254037844387,0.19999999999999996,0.9548683406603533,1.0,0,,50,55,101,106,146,151,-7.14858132620955,0.0,0.99996818860877,True,4,medium,0.5518172876195343
BraTS-GLI-03063-100,gmm_2d,prediction_component,66,25,9984.0,2.5060120224403912e-05,7.102621534903521e-08,1.7320508075688772,1,8.660254037844387,0.19999999999999996,0.9548683406603533,1.0,0,,50,55,114,119,35,40,-7.14858132620955,0.0,0.99996818860877,True,4,medium,0.5518172876195343
BraTS-GLI-03063-100,gmm_2d,prediction_component,67,38,12544.0,2.7047649416909622e-05,8.273922157753891e-08,1.7320508075688772,1,9.273618495495704,0.18677184190940707,0.8304795924748166,1.2,0,,51,56,98,104,138,143,-7.082288569326049,0.0,0.9999514379352742,True,4,medium,0.5518172876195343
BraTS-GLI-03063-100,gmm_2d,prediction_component,68,25,9984.0,2.5060120224403912e-05,7.102621534903521e-08,1.7320508075688772,1,8.660254037844387,0.19999999999999996,0.9548683406603533,1.0,0,,51,56,115,120,70,75,-7.14858132620955,0.0,0.99996818860877,True,4,medium,0.5518172876195343
BraTS-GLI-03063-100,gmm_2d,prediction_component,69,92,27648.0,2.001208072820426e-05,4.5293602644416056e-08,2.23606797749979,1,13.92838827718412,0.1605403247669839,0.7984577295628058,1.2857142857142858,1,,52,59,89,98,129,137,-7.343963134243866,0.6931471805599453,0.9996714649528233,True,4,medium,0.5518172876195343
BraTS-GLI-03063-100,gmm_2d,prediction_component,70,38,13824.0,2.3379381024587062e-05,6.181848980958109e-08,1.7320508075688772,1,9.848857801796104,0.17586311452816475,0.8304795924748166,1.2,0,,52,57,96,102,44,50,-7.2088816087094125,0.0,0.9999051591398199,True,4,medium,0.5518172876195343
BraTS-GLI-03063-100,gmm_2d,prediction_component,71,86,23552.0,2.379341405309054e-05,6.402740463768503e-08,2.23606797749979,1,12.36931687685298,0.18077538151554684,0.8166106787449766,1.6,1,,52,60,103,111,30,35,-7.193634102023658,0.6931471805599453,0.9998783578672485,True,4,medium,0.5518172876195343
BraTS-GLI-03063-100,gmm_2d,prediction_component,72,25,9984.0,2.5060120224403912e-05,7.102621534903521e-08,1.7320508075688772,1,8.660254037844387,0.19999999999999996,0.9548683406603533,1.0,0,,52,57,131,136,138,143,-7.14858132620955,0.0,0.99996818860877,True,4,medium,0.5518172876195343
BraTS-GLI-03063-100,gmm_2d,prediction_component,73,114,34304.0,1.7942696281096055e-05,3.6410595765761943e-08,1.7320508075688772,1,16.30950643030009,0.1061988488107183,0.5758223885605346,1.375,0,,52,61,140,148,48,59,-7.4387722148956055,0.0,0.9980791283548325,True,4,medium,0.5518172876195343
BraTS-GLI-03063-100,gmm_2d,prediction_component,74,72,22784.0,2.093570251065932e-05,4.9570973793201915e-08,1.7320508075688772,1,12.806248474865697,0.13525044520011484,0.6711392913128504,1.3333333333333333,0,,53,61,43,49,79,87,-7.304772549546329,0.0,0.9995054253934901,True,4,medium,0.5518172876195343
BraTS-GLI-03063-100,gmm_2d,prediction_component,75,38,13824.0,2.3379381024587062e-05,6.181848980958109e-08,1.7320508075688772,1,9.848857801796104,0.17586311452816475,0.8304795924748166,1.2,0,,53,59,58,63,116,122,-7.2088816087094125,0.0,0.9999051591398199,True,4,medium,0.5518172876195343
BraTS-GLI-03063-100,gmm_2d,prediction_component,76,25,9984.0,2.5060120224403912e-05,7.102621534903521e-08,1.7320508075688772,1,8.660254037844387,0.19999999999999996,0.9548683406603533,1.0,0,,53,58,86,91,122,127,-7.14858132620955,0.0,0.99996818860877,True,4,medium,0.5518172876195343
BraTS-GLI-03063-100,gmm_2d,prediction_component,77,50,19968.0,1.772018094802615e-05,3.551310767451761e-08,1.7320508075688772,1,12.727922061357855,0.13608276348795434,0.757879504227687,1.1428571428571428,0,,55,62,40,48,109,116,-7.449611321873531,0.0,0.9993810583806642,True,4,medium,0.5518172876195343
BraTS-GLI-03063-100,gmm_2d,prediction_component,78,109,35328.0,1.6415265839543634e-05,3.0475315766293526e-08,1.7320508075688772,1,17.832554500127006,0.09712858623572641,0.5844957143222587,1.8571428571428572,0,,55,62,49,59,113,126,-7.51605178579659,0.0,0.9970627397141971,True,4,medium,0.5518172876195343
BraTS-GLI-03063-100,gmm_2d,prediction_component,79,56,16640.0,2.6089036722489758e-05,7.697832583722892e-08,1.7320508075688772,1,10.488088481701515,0.1651445647689541,0.7297836929246639,1.4,0,,55,61,60,65,87,94,-7.113631538390294,0.0,0.999885206989513,True,4,medium,0.5518172876195343
BraTS-GLI-03063-100,gmm_2d,prediction_component,80,1381,287488.0,8.959094060417638e-06,9.077799073241371e-09,2.449489742783178,1,48.47679857416329,0.050529115263991134,0.3545743119051384,1.736842105263158,6,,55,74,51,84,98,128,-8.042019434101238,1.9459101490553132,0.7807651669132821,True,4,medium,0.5518172876195343
BraTS-GLI-03063-100,gmm_2d,prediction_component,81,25,9984.0,2.5060120224403912e-05,7.102621534903521e-08,1.7320508075688772,1,8.660254037844387,0.19999999999999996,0.9548683406603533,1.0,0,,55,60,140,145,44,49,-7.14858132620955,0.0,0.99996818860877,True,4,medium,0.5518172876195343
BraTS-GLI-03063-100,gmm_2d,prediction_component,82,31229,5964544.0,2.1438391996861582e-06,5.1980061471437e-10,4.47213595499958,2,195.86985475054604,0.022832180892231515,0.2289242719682144,2.0259740259740258,97,,56,146,19,175,25,102,-9.284163211239584,4.584967478670572,0.0038895328369017742,False,4,medium,0.5518172876195343
BraTS-GLI-03063-100,gmm_2d,prediction_component,83,124,32000.0,2.1661908532029213e-05,5.306959933769164e-08,1.7320508075688772,1,14.45683229480096,0.11980845957463075,0.5599074791157995,1.125,0,,56,64,47,56,75,83,-7.275154191173827,0.0,0.9991385778252762,True,4,medium,0.5518172876195343
BraTS-GLI-03063-100,gmm_2d,prediction_component,84,25,9984.0,2.5060120224403912e-05,7.102621534903521e-08,1.7320508075688772,1,8.660254037844387,0.19999999999999996,0.9548683406603533,1.0,0,,56,61,68,73,124,129,-7.14858132620955,0.0,0.99996818860877,True,4,medium,0.5518172876195343
BraTS-GLI-03063-100,gmm_2d,prediction_component,85,25,9984.0,2.5060120224403912e-05,7.102621534903521e-08,1.7320508075688772,1,8.660254037844387,0.19999999999999996,0.9548683406603533,1.0,0,,58,63,108,113,88,93,-7.14858132620955,0.0,0.99996818860877,True,4,medium,0.5518172876195343
BraTS-GLI-03063-100,gmm_2d,prediction_component,86,25,9984.0,2.5060120224403912e-05,7.102621534903521e-08,1.7320508075688772,1,8.660254037844387,0.19999999999999996,0.9548683406603533,1.0,0,,58,63,119,124,102,107,-7.14858132620955,0.0,0.99996818860877,True,4,medium,0.5518172876195343
BraTS-GLI-03063-100,gmm_2d,prediction_component,87,51,16384.0,2.4318695068359375e-05,6.688564319836902e-08,1.7320508075688772,1,10.488088481701515,0.1651445647689541,0.7528933105024771,1.4,0,,58,65,132,137,140,146,-7.1746670922299165,0.0,0.9998671774422693,True,4,medium,0.5518172876195343
BraTS-GLI-03063-100,gmm_2d,prediction_component,88,4250,867840.0,5.256896599845029e-06,3.1254405539833388e-09,3.0,1,74.26977851050857,0.0403932805532135,0.2985527994522324,1.6666666666666667,13,,58,88,125,171,96,146,-8.505088756982751,2.6390573296152584,0.24048329420665704,False,4,medium,0.5518172876195343
BraTS-GLI-03063-100,gmm_2d,prediction_component,89,4416,922880.0,4.9809388861555126e-06,2.805916867559932e-09,3.0,1,81.03085831953157,0.03702293252491543,0.2947639965402408,1.8620689655172413,16,,60,89,115,169,30,83,-8.551925200198186,2.833213344056216,0.18299348275770141,False,4,medium,0.5518172876195343
BraTS-GLI-03063-100,gmm_2d,prediction_component,90,47,16128.0,2.2947061827558802e-05,5.955339779706265e-08,1.7320508075688772,1,10.392304845413264,0.16666666666666666,0.7736731845058752,1.0,0,,60,66,130,136,117,123,-7.225093454963438,0.0,0.9998552550419592,True,4,medium,0.5518172876195343
BraTS-GLI-03063-100,gmm_2d,prediction_component,91,97,25856.0,2.3330805096101713e-05,6.156187301153375e-08,1.7320508075688772,1,12.206555615733702,0.14189513095212064,0.6076678398117905,1.3333333333333333,0,,60,68,133,140,38,44,-7.210688175289565,0.0,0.9996181795108603,True,4,medium,0.5518172876195343
BraTS-GLI-03063-100,gmm_2d,prediction_component,92,25,9984.0,2.5060120224403912e-05,7.102621534903521e-08,1.7320508075688772,1,8.660254037844387,0.19999999999999996,0.9548683406603533,1.0,0,,61,66,19,24,75,80,-7.14858132620955,0.0,0.99996818860877,True,4,medium,0.5518172876195343
BraTS-GLI-03063-100,gmm_2d,prediction_component,93,25,9984.0,2.5060120224403912e-05,7.102621534903521e-08,1.7320508075688772,1,8.660254037844387,0.19999999999999996,0.9548683406603533,1.0,0,,61,66,49,54,116,121,-7.14858132620955,0.0,0.99996818860877,True,4,medium,0.5518172876195343
BraTS-GLI-03063-100,gmm_2d,prediction_component,94,38,13824.0,2.3379381024587062e-05,6.181848980958109e-08,1.7320508075688772,1,9.848857801796104,0.17586311452816475,0.8304795924748166,1.2,0,,61,67,52,57,138,144,-7.2088816087094125,0.0,0.9999051591398199,True,4,medium,0.5518172876195343
BraTS-GLI-03063-100,gmm_2d,prediction_component,95,25,9984.0,2.5060120224403912e-05,7.102621534903521e-08,1.7320508075688772,1,8.660254037844387,0.19999999999999996,0.9548683406603533,1.0,0,,61,66,57,62,86,91,-7.14858132620955,0.0,0.99996818860877,True,4,medium,0.5518172876195343
BraTS-GLI-03063-100,gmm_2d,prediction_component,96,25,9984.0,2.5060120224403912e-05,7.102621534903521e-08,1.7320508075688772,1,8.660254037844387,0.19999999999999996,0.9548683406603533,1.0,0,,61,66,82,87,94,99,-7.14858132620955,0.0,0.99996818860877,True,4,medium,0.5518172876195343
BraTS-GLI-03063-100,gmm_2d,prediction_component,97,25,9984.0,2.5060120224403912e-05,7.102621534903521e-08,1.7320508075688772,1,8.660254037844387,0.19999999999999996,0.9548683406603533,1.0,0,,61,66,119,124,138,143,-7.14858132620955,0.0,0.99996818860877,True,4,medium,0.5518172876195343
BraTS-GLI-03063-100,gmm_2d,prediction_component,98,127,37376.0,1.7575775205429407e-05,3.493665748151883e-08,2.23606797749979,1,16.911534525287763,0.13222147133698628,0.7171004003270584,2.1666666666666665,1,,62,75,76,82,25,34,-7.456718647915525,0.6931471805599453,0.998887552918164,True,4,medium,0.5518172876195343
BraTS-GLI-03063-100,gmm_2d,prediction_component,99,25,9984.0,2.5060120224403912e-05,7.102621534903521e-08,1.7320508075688772,1,8.660254037844387,0.19999999999999996,0.9548683406603533,1.0,0,,63,68,63,68,30,35,-7.14858132620955,0.0,0.99996818860877,True,4,medium,0.5518172876195343
BraTS-GLI-03063-100,gmm_2d,prediction_component,100,38,13824.0,2.3379381024587062e-05,6.181848980958109e-08,1.7320508075688772,1,9.848857801796104,0.17586311452816475,0.8304795924748166,1.2,0,,63,69,103,108,86,92,-7.2088816087094125,0.0,0.9999051591398199,True,4,medium,0.5518172876195343
BraTS-GLI-03063-100,gmm_2d,prediction_component,101,25,9984.0,2.5060120224403912e-05,7.102621534903521e-08,1.7320508075688772,1,8.660254037844387,0.19999999999999996,0.9548683406603533,1.0,0,,63,68,144,149,89,94,-7.14858132620955,0.0,0.99996818860877,True,4,medium,0.5518172876195343
BraTS-GLI-03063-100,gmm_2d,prediction_component,102,25,9984.0,2.5060120224403912e-05,7.102621534903521e-08,1.7320508075688772,1,8.660254037844387,0.19999999999999996,0.9548683406603533,1.0,0,,64,69,21,26,65,70,-7.14858132620955,0.0,0.99996818860877,True,4,medium,0.5518172876195343
BraTS-GLI-03063-100,gmm_2d,prediction_component,103,44,13824.0,2.7070862238995545e-05,8.288129935688987e-08,1.7320508075688772,1,10.392304845413264,0.16666666666666666,0.7908715233027805,1.0,0,,64,70,32,38,52,58,-7.081543448970658,0.0,0.9999190159742366,True,4,medium,0.5518172876195343
BraTS-GLI-03063-100,gmm_2d,prediction_component,104,50,17152.0,2.2258600373918718e-05,5.6033542268023926e-08,1.7320508075688772,1,11.575836902790225,0.14962640041614492,0.757879504227687,1.1666666666666667,0,,64,71,105,112,92,98,-7.25155192190457,0.0,0.999767673435595,True,4,medium,0.5518172876195343
BraTS-GLI-03063-100,gmm_2d,prediction_component,105,38,12544.0,2.7047649416909622e-05,8.273922157753891e-08,1.7320508075688772,1,9.273618495495704,0.18677184190940707,0.8304795924748166,1.2,0,,64,69,123,128,46,52,-7.082288569326049,0.0,0.9999514379352742,True,4,medium,0.5518172876195343
BraTS-GLI-03063-100,gmm_2d,prediction_component,106,133,33024.0,2.21619069732066e-05,5.554776999479406e-08,2.23606797749979,1,14.594519519326424,0.1532128532589739,0.7061505877834446,1.4285714285714286,1,,64,72,128,138,88,95,-7.255333371437703,0.6931471805599453,0.9996285900943298,True,4,medium,0.5518172876195343
BraTS-GLI-03063-100,gmm_2d,prediction_component,107,201,59136.0,1.39771343478289e-05,2.209472765392055e-08,2.0,1,25.15949125081825,0.07949286335171643,0.5503777219120872,2.5,1,,64,77,153,173,93,101,-7.655711347309583,0.6931471805599453,0.9891960533740547,True,4,medium,0.5518172876195343
BraTS-GLI-03063-100,gmm_2d,prediction_component,108,316,73216.0,1.595063895976888e-05,2.8774550190400903e-08,2.23606797749979,1,23.430749027719962,0.09543305571897805,0.5291987922945535,2.125,3,,65,73,96,110,56,73,-7.540991456624449,1.3862943611198906,0.9919701711541193,True,4,medium,0.5518172876195343
BraTS-GLI-03063-100,gmm_2d,prediction_component,109,129,41728.0,1.5133812734921171e-05,2.5902941511163497e-08,1.7320508075688772,1,19.0,0.09116056881941459,0.5525780044563531,2.5,0,,65,75,155,170,79,85,-7.586650915087503,0.0,0.995275283993798,True,4,medium,0.5518172876195343
BraTS-GLI-03063-100,gmm_2d,prediction_component,110,47,17664.0,2.0020009252686086e-05,4.5329499219084184e-08,1.7320508075688772,1,11.090536506409418,0.15617376188860604,0.7736731845058752,1.4,0,,66,71,26,33,70,77,-7.343619078814458,0.0,0.9997276993552094,True,4,medium,0.5518172876195343
BraTS-GLI-03063-100,gmm_2d,prediction_component,111,665,161024.0,1.029166708420054e-05,1.1979090109664272e-08,2.23606797749979,1,38.91015291668744,0.057467468254045466,0.4129593689056468,1.6875,4,,66,82,87,114,25,48,-7.921576168203726,1.6094379124341003,0.9008141284418922,True,4,medium,0.5518172876195343
BraTS-GLI-03063-100,gmm_2d,prediction_component,112,128,33024.0,2.132875257571763e-05,5.1449752026383966e-08,2.449489742783178,1,14.071247279470288,0.17407765595569782,0.7834930921151407,1.4285714285714286,1,,66,73,101,111,111,118,-7.288616714076138,0.6931471805599453,0.9997819044707426,True,4,medium,0.5518172876195343
BraTS-GLI-03063-100,gmm_2d,prediction_component,113,69,20992.0,2.2686545169482457e-05,5.820886107028606e-08,1.7320508075688772,1,12.727922061357855,0.13608276348795434,0.6807282909996718,1.1428571428571428,0,,66,73,110,117,97,105,-7.235010898150767,0.0,0.9996343589272078,True,4,medium,0.5518172876195343
BraTS-GLI-03063-100,gmm_2d,prediction_component,114,25,9984.0,2.5060120224403912e-05,7.102621534903521e-08,1.7320508075688772,1,8.660254037844387,0.19999999999999996,0.9548683406603533,1.0,0,,66,71,124,129,104,109,-7.14858132620955,0.0,0.99996818860877,True,4,medium,0.5518172876195343
BraTS-GLI-03063-100,gmm_2d,prediction_component,115,123,32000.0,2.148721572128704e-05,5.221708951482419e-08,2.23606797749979,1,15.0996688705415,0.1480872194397731,0.724791071567541,1.25,1,,66,74,130,140,115,123,-7.282187338619501,0.6931471805599453,0.9995755271634272,True,4,medium,0.5518172876195343
BraTS-GLI-03063-100,gmm_2d,prediction_component,116,263,54272.0,2.0801373359251325e-05,4.8936892904799074e-08,2.23606797749979,1,20.024984394500787,0.11166390612088833,0.5625951135689928,2.0,2,,67,76,86,102,121,129,-7.310363608280866,1.0986122886681098,0.9980220665766728,True,4,medium,0.5518172876195343
BraTS-GLI-03063-100,gmm_2d,prediction_component,117,82,27904.0,1.7591957109225918e-05,3.5001019010605084e-08,1.7320508075688772,1,14.866068747318506,0.1165103456070926,0.6426663285123421,1.8333333333333333,0,,67,73,124,135,141,149,-7.455919311528565,0.0,0.9986532881287612,True,4,medium,0.5518172876195343
BraTS-GLI-03063-100,gmm_2d,prediction_component,118,238,54528.0,1.869164843508754e-05,3.9513689363359984e-08,2.449489742783178,1,18.973665961010276,0.12909944487358055,0.6371565850734359,1.75,2,,68,78,119,127,105,119,-7.403252418677317,1.0986122886681098,0.9984443641396378,True,4,medium,0.5518172876195343
BraTS-GLI-03063-100,gmm_2d,prediction_component,119,25,9984.0,2.5060120224403912e-05,7.102621534903521e-08,1.7320508075688772,1,8.660254037844387,0.19999999999999996,0.9548683406603533,1.0,0,,69,74,36,41,74,79,-7.14858132620955,0.0,0.99996818860877,True,4,medium,0.5518172876195343
BraTS-GLI-03063-100,gmm_2d,prediction_component,120,25,9984.0,2.5060120224403912e-05,7.102621534903521e-08,1.7320508075688772,1,8.660254037844387,0.19999999999999996,0.9548683406603533,1.0,0,,69,74,88,93,78,83,-7.14858132620955,0.0,0.99996818860877,True,4,medium,0.5518172876195343
BraTS-GLI-03063-100,gmm_2d,prediction_component,121,25,9984.0,2.5060120224403912e-05,7.102621534903521e-08,1.7320508075688772,1,8.660254037844387,0.19999999999999996,0.9548683406603533,1.0,0,,69,74,109,114,75,80,-7.14858132620955,0.0,0.99996818860877,True,4,medium,0.5518172876195343
BraTS-GLI-03063-100,gmm_2d,prediction_component,122,275,73984.0,1.3665514324241808e-05,2.1120506885470517e-08,2.23606797749979,1,26.324893162176366,0.0849411985729376,0.5542899112691789,2.875,2,,69,92,119,129,39,47,-7.675295663083246,1.0986122886681098,0.9873371264261531,True,4,medium,0.5518172876195343
BraTS-GLI-03063-100,gmm_2d,prediction_component,123,83,24832.0,2.1210970649285796e-05,5.088308794312234e-08,2.23606797749979,1,13.379088160259652,0.1671315676162189,0.8263331476840473,1.2857142857142858,1,,70,79,34,41,47,54,-7.293426540520715,0.6931471805599453,0.9997802741761737,True,4,medium,0.5518172876195343
BraTS-GLI-03063-100,gmm_2d,prediction_component,124,415,107520.0,1.1771023131558117e-05,1.5670425886214128e-08,2.23606797749979,1,34.45286635390443,0.0649022335189938,0.48324255630028523,2.076923076923077,1,,70,87,55,82,144,157,-7.804919200243644,0.6931471805599453,0.9698815459389895,True,4,medium,0.5518172876195343
BraTS-GLI-03063-100,gmm_2d,prediction_component,125,76,25088.0,1.9125576317853162e-05,4.1369610788769456e-08,2.23606797749979,1,13.601470508735444,0.1643989873053573,0.8509616882445303,1.6666666666666667,1,,70,77,76,82,98,108,-7.383318564990029,0.6931471805599453,0.9997039790203239,True,4,medium,0.5518172876195343
BraTS-GLI-03063-100,gmm_2d,prediction_component,126,93,24320.0,2.4520966988054925e-05,6.80029195843316e-08,2.23606797749979,1,12.727922061357855,0.17568209223157663,0.7955855546357014,1.1428571428571428,1,,70,77,120,127,85,93,-7.167472441232801,0.6931471805599453,0.999869366500937,True,4,medium,0.5518172876195343
BraTS-GLI-03063-100,gmm_2d,prediction_component,127,189,42240.0,2.177087778860793e-05,5.360487075435037e-08,2.23606797749979,1,16.431676725154983,0.13608276348795434,0.628097797562438,1.5714285714285714,1,,70,80,114,125,145,152,-7.270795746769358,0.6931471805599453,0.999294711445414,True,4,medium,0.5518172876195343
BraTS-GLI-03063-100,gmm_2d,prediction_component,128,64,21504.0,2.0295562707960602e-05,4.6585908281269474e-08,1.7320508075688772,1,12.206555615733702,0.14189513095212064,0.6980129914371896,1.3333333333333333,0,,71,79,166,173,100,106,-7.331745432691998,0.0,0.9995601462675827,True,4,medium,0.5518172876195343
BraTS-GLI-03063-100,gmm_2d,prediction_component,129,977,234240.0,8.617930247748285e-06,8.39959454365865e-09,2.8284271247461903,1,47.53945729601885,0.059496411730872965,0.4594902939825139,1.25,5,,72,96,75,103,60,90,-8.075741677235927,1.791759469228055,0.8512568162088379,True,4,medium,0.5518172876195343
BraTS-GLI-03063-100,gmm_2d,prediction_component,130,172,49408.0,1.5661470451239608e-05,2.774070182640626e-08,2.23606797749979,1,21.400934559032695,0.10448459488214323,0.6481443252441207,1.7777777777777777,1,,73,84,54,70,92,101,-7.556882555682351,0.6931471805599453,0.996590650848638,True,4,medium,0.5518172876195343
BraTS-GLI-03063-100,gmm_2d,prediction_component,131,47,17664.0,2.0020009252686086e-05,4.5329499219084184e-08,1.7320508075688772,1,11.090536506409418,0.15617376188860604,0.7736731845058752,1.4,0,,73,78,74,81,94,101,-7.343619078814458,0.0,0.9997276993552094,True,4,medium,0.5518172876195343
BraTS-GLI-03063-100,gmm_2d,prediction_component,132,1317,228608.0,1.204893436605053e-05,1.641911144992991e-08,3.0,1,48.744230427815765,0.06154574548966636,0.44118648439365704,1.25,3,,73,97,76,106,94,124,-7.784650349216199,1.3862943611198906,0.9521416438310767,True,4,medium,0.5518172876195343
BraTS-GLI-03063-100,gmm_2d,prediction_component,133,167,50176.0,1.4858412673104956e-05,2.4968773270602304e-08,1.7320508075688772,1,18.24828759089466,0.0949157995752499,0.507011729590729,1.625,0,,73,86,92,100,146,156,-7.602602794248389,0.0,0.9945795707289512,True,4,medium,0.5518172876195343
BraTS-GLI-03063-100,gmm_2d,prediction_component,134,207,52224.0,1.7344634255430815e-05,3.402378819649557e-08,2.449489742783178,1,19.748417658131498,0.12403473458920845,0.6674955578025243,1.3,1,,73,83,95,108,46,57,-7.4682173338379885,0.6931471805599453,0.9984022889787441,True,4,medium,0.5518172876195343
BraTS-GLI-03063-100,gmm_2d,prediction_component,135,60,21504.0,1.9027090038713064e-05,4.0944645950334494e-08,1.7320508075688772,1,11.74734012447073,0.14744195615489714,0.7131919190287451,1.6,0,,74,82,84,91,24,29,-7.387802879892486,0.0,0.9995382869447629,True,4,medium,0.5518172876195343
BraTS-GLI-03063-100,gmm_2d,prediction_component,136,25,9984.0,2.5060120224403912e-05,7.102621534903521e-08,1.7320508075688772,1,8.660254037844387,0.19999999999999996,0.9548683406603533,1.0,0,,75,80,40,45,78,83,-7.14858132620955,0.0,0.99996818860877,True,4,medium,0.5518172876195343
BraTS-GLI-03063-100,gmm_2d,prediction_component,137,114,29184.0,2.28658645405687e-05,5.913268867774624e-08,2.23606797749979,1,15.033296378372908,0.14874102932718242,0.7433835070894423,1.125,1,,75,84,66,75,110,118,-7.2281723738106,0.6931471805599453,0.9996763342338219,True,4,medium,0.5518172876195343
BraTS-GLI-03063-100,gmm_2d,prediction_component,138,68,21504.0,2.1564035377208137e-05,5.259112302065186e-08,1.7320508075688772,1,12.206555615733702,0.14189513095212064,0.6840489693598067,1.3333333333333333,0,,76,84,28,35,118,124,-7.2790875552473,0.0,0.9996197660796816,True,4,medium,0.5518172876195343
BraTS-GLI-03063-100,gmm_2d,prediction_component,139,76,23552.0,2.1026738000405594e-05,5.000301368135056e-08,1.7320508075688772,1,13.45362404707371,0.12874232262686236,0.6591520893663227,1.5,0,,76,85,82,90,151,157,-7.30100381994921,0.0,0.9994254798629745,True,4,medium,0.5518172876195343
BraTS-GLI-03063-100,gmm_2d,prediction_component,140,114,39424.0,1.4563435010858448e-05,2.398722548928086e-08,1.7320508075688772,1,16.431676725154983,0.10540925533894598,0.5758223885605346,1.5714285714285714,0,,76,83,110,121,40,50,-7.620019982310572,0.0,0.9962297733145627,True,4,medium,0.5518172876195343
BraTS-GLI-03063-100,gmm_2d,prediction_component,141,107,36352.0,1.543800983057083e-05,2.6954730856467427e-08,1.7320508075688772,1,15.620499351813308,0.11088319064318593,0.5881149750574316,2.0,0,,76,88,136,144,89,95,-7.569365000252878,0.0,0.997286039510826,True,4,medium,0.5518172876195343
BraTS-GLI-03063-100,gmm_2d,prediction_component,142,132,41984.0,1.5344339934034396e-05,2.662862831570742e-08,1.7320508075688772,1,18.411952639521967,0.09407208683835973,0.5483596872448435,1.8571428571428572,0,,76,87,172,179,93,106,-7.574651204205521,0.0,0.99565936072278,True,4,medium,0.5518172876195343
BraTS-GLI-03063-100,gmm_2d,prediction_component,143,25,9984.0,2.5060120224403912e-05,7.102621534903521e-08,1.7320508075688772,1,8.660254037844387,0.19999999999999996,0.9548683406603533,1.0,0,,77,82,55,60,84,89,-7.14858132620955,0.0,0.99996818860877,True,4,medium,0.5518172876195343
BraTS-GLI-03063-100,gmm_2d,prediction_component,144,25,9984.0,2.5060120224403912e-05,7.102621534903521e-08,1.7320508075688772,1,8.660254037844387,0.19999999999999996,0.9548683406603533,1.0,0,,77,82,117,122,117,122,-7.14858132620955,0.0,0.99996818860877,True,4,medium,0.5518172876195343
BraTS-GLI-03063-100,gmm_2d,prediction_component,145,608,162048.0,9.320475437417382e-06,9.824908309182394e-09,2.23606797749979,1,33.793490497431605,0.06616860065608603,0.42548084412226517,1.3529411764705883,1,,77,95,111,128,121,144,-8.007671493980723,0.6931471805599453,0.9285522435922571,True,4,medium,0.5518172876195343
BraTS-GLI-03063-100,gmm_2d,prediction_component,146,25,9984.0,2.5060120224403912e-05,7.102621534903521e-08,1.7320508075688772,1,8.660254037844387,0.19999999999999996,0.9548683406603533,1.0,0,,78,83,101,106,127,132,-7.14858132620955,0.0,0.99996818860877,True,4,medium,0.5518172876195343
BraTS-GLI-03063-100,gmm_2d,prediction_component,147,25,9984.0,2.5060120224403912e-05,7.102621534903521e-08,1.7320508075688772,1,8.660254037844387,0.19999999999999996,0.9548683406603533,1.0,0,,79,84,60,65,118,123,-7.14858132620955,0.0,0.99996818860877,True,4,medium,0.5518172876195343
BraTS-GLI-03063-100,gmm_2d,prediction_component,148,94,23296.0,2.6436613220043228e-05,7.904310786355699e-08,2.23606797749979,1,12.206555615733702,0.18318582636182795,0.7927542653693875,1.3333333333333333,1,,79,87,68,75,92,98,-7.102135992238011,0.6931471805599453,0.9999099202113356,True,4,medium,0.5518172876195343
BraTS-GLI-03063-100,gmm_2d,prediction_component,149,119,27648.0,2.5885191376698987e-05,7.578009298766254e-08,2.449489742783178,1,13.379088160259652,0.183083459309206,0.8027669936131554,1.2857142857142858,1,,79,86,87,96,89,96,-7.120444866149915,0.6931471805599453,0.9999066668332949,True,4,medium,0.5518172876195343
BraTS-GLI-03063-100,gmm_2d,prediction_component,150,68,18944.0,2.6079627568688343e-05,7.692281054141028e-08,1.7320508075688772,1,11.575836902790225,0.14962640041614492,0.6840489693598067,1.1666666666666667,0,,79,85,108,115,147,154,-7.113944856254584,0.0,0.9998202756885853,True,4,medium,0.5518172876195343
BraTS-GLI-03063-100,gmm_2d,prediction_component,151,566,146432.0,1.0100955086320215e-05,1.1539241258407197e-08,2.23606797749979,1,32.93933818400121,0.06788442333021306,0.4357550158737917,1.1111111111111112,3,,79,99,127,145,117,136,-7.937822746476657,1.3862943611198906,0.926510971286647,True,4,medium,0.5518172876195343
BraTS-GLI-03063-100,gmm_2d,prediction_component,152,38,12544.0,2.7047649416909622e-05,8.273922157753891e-08,1.7320508075688772,1,9.273618495495704,0.18677184190940707,0.8304795924748166,1.2,0,,79,84,169,174,77,83,-7.082288569326049,0.0,0.9999514379352742,True,4,medium,0.5518172876195343
BraTS-GLI-03063-100,gmm_2d,prediction_component,153,25,9984.0,2.5060120224403912e-05,7.102621534903521e-08,1.7320508075688772,1,8.660254037844387,0.19999999999999996,0.9548683406603533,1.0,0,,80,85,33,38,77,82,-7.14858132620955,0.0,0.99996818860877,True,4,medium,0.5518172876195343
BraTS-GLI-03063-100,gmm_2d,prediction_component,154,25,9984.0,2.5060120224403912e-05,7.102621534903521e-08,1.7320508075688772,1,8.660254037844387,0.19999999999999996,0.9548683406603533,1.0,0,,80,85,68,73,85,90,-7.14858132620955,0.0,0.99996818860877,True,4,medium,0.5518172876195343
BraTS-GLI-03063-100,gmm_2d,prediction_component,155,25,9984.0,2.5060120224403912e-05,7.102621534903521e-08,1.7320508075688772,1,8.660254037844387,0.19999999999999996,0.9548683406603533,1.0,0,,80,85,141,146,36,41,-7.14858132620955,0.0,0.99996818860877,True,4,medium,0.5518172876195343
BraTS-GLI-03063-100,gmm_2d,prediction_component,156,85,24832.0,2.172207837577461e-05,5.336482949471025e-08,1.7320508075688772,1,12.806248474865697,0.13525044520011484,0.6350148115649618,1.3333333333333333,0,,81,89,24,30,108,116,-7.272744873844276,0.0,0.9995038687186949,True,4,medium,0.5518172876195343
BraTS-GLI-03063-100,gmm_2d,prediction_component,157,25,9984.0,2.5060120224403912e-05,7.102621534903521e-08,1.7320508075688772,1,8.660254037844387,0.19999999999999996,0.9548683406603533,1.0,0,,81,86,46,51,53,58,-7.14858132620955,0.0,0.99996818860877,True,4,medium,0.5518172876195343
BraTS-GLI-03063-100,gmm_2d,prediction_component,158,46,15616.0,2.357236358908017e-05,6.284324984734695e-08,1.7320508075688772,1,10.488088481701515,0.1651445647689541,0.7792393700163133,1.4,0,,81,86,88,94,43,50,-7.20174136414328,0.0,0.9998656732064138,True,4,medium,0.5518172876195343
BraTS-GLI-03063-100,gmm_2d,prediction_component,159,485,147200.0,8.587762467534074e-06,8.340890517058436e-09,2.23606797749979,1,35.12833614050059,0.06365425246889946,0.45877593155444785,2.25,2,,81,93,93,112,34,61,-8.078787579338492,1.0986122886681098,0.8967928026842445,True,4,medium,0.5518172876195343
BraTS-GLI-03063-100,gmm_2d,prediction_component,160,25,9984.0,2.5060120224403912e-05,7.102621534903521e-08,1.7320508075688772,1,8.660254037844387,0.19999999999999996,0.9548683406603533,1.0,0,,81,86,128,133,37,42,-7.14858132620955,0.0,0.99996818860877,True,4,medium,0.5518172876195343
BraTS-GLI-03063-100,gmm_2d,prediction_component,161,123,31744.0,2.1747665060024447e-05,5.3490621621589266e-08,1.7320508075688772,1,16.24807680927192,0.10660035817780521,0.5614207499321827,1.25,0,,82,92,31,39,119,129,-7.271722355082037,0.0,0.9989119216284073,True,4,medium,0.5518172876195343
BraTS-GLI-03063-100,gmm_2d,prediction_component,162,25,9984.0,2.5060120224403912e-05,7.102621534903521e-08,1.7320508075688772,1,8.660254037844387,0.19999999999999996,0.9548683406603533,1.0,0,,82,87,52,57,52,57,-7.14858132620955,0.0,0.99996818860877,True,4,medium,0.5518172876195343
BraTS-GLI-03063-100,gmm_2d,prediction_component,163,25,9984.0,2.5060120224403912e-05,7.102621534903521e-08,1.7320508075688772,1,8.660254037844387,0.19999999999999996,0.9548683406603533,1.0,0,,82,87,85,90,131,136,-7.14858132620955,0.0,0.99996818860877,True,4,medium,0.5518172876195343
BraTS-GLI-03063-100,gmm_2d,prediction_component,164,1708,407808.0,6.558495949834398e-06,4.864753988726868e-09,2.8284271247461903,1,49.48737212663449,0.057154522521593115,0.38142741778712724,1.9444444444444444,12,,82,117,85,115,26,44,-8.312939117171549,2.5649493574615367,0.545567040835605,False,4,medium,0.5518172876195343
BraTS-GLI-03063-100,gmm_2d,prediction_component,165,147,39936.0,1.8419188364936873e-05,3.837013718693255e-08,2.23606797749979,1,15.7797338380595,0.14170505031628394,0.6829812173957389,1.375,1,,82,90,110,118,85,96,-7.416006648041161,0.6931471805599453,0.9991031751225901,True,4,medium,0.5518172876195343
BraTS-GLI-03063-100,gmm_2d,prediction_component,166,38,12544.0,2.7047649416909622e-05,8.273922157753891e-08,1.7320508075688772,1,9.273618495495704,0.18677184190940707,0.8304795924748166,1.2,0,,82,87,128,133,139,145,-7.082288569326049,0.0,0.9999514379352742,True,4,medium,0.5518172876195343
BraTS-GLI-03063-100,gmm_2d,prediction_component,167,263,70912.0,1.392759556009269e-05,2.1938385686979317e-08,2.23606797749979,1,26.343879744638983,0.08487997968313049,0.5625951135689928,2.0,3,,83,92,85,103,126,143,-7.658795332687958,1.3862943611198906,0.9865717497869205,True,4,medium,0.5518172876195343
BraTS-GLI-03063-100,gmm_2d,prediction_component,168,46,15616.0,2.357236358908017e-05,6.284324984734695e-08,1.7320508075688772,1,10.488088481701515,0.1651445647689541,0.7792393700163133,1.4,0,,83,88,96,102,88,95,-7.20174136414328,0.0,0.9998656732064138,True,4,medium,0.5518172876195343
BraTS-GLI-03063-100,gmm_2d,prediction_component,169,38,12544.0,2.7047649416909622e-05,8.273922157753891e-08,1.7320508075688772,1,9.273618495495704,0.18677184190940707,0.8304795924748166,1.2,0,,83,89,115,120,33,38,-7.082288569326049,0.0,0.9999514379352742,True,4,medium,0.5518172876195343
BraTS-GLI-03063-100,gmm_2d,prediction_component,170,25,9984.0,2.5060120224403912e-05,7.102621534903521e-08,1.7320508075688772,1,8.660254037844387,0.19999999999999996,0.9548683406603533,1.0,0,,83,88,128,133,42,47,-7.14858132620955,0.0,0.99996818860877,True,4,medium,0.5518172876195343
BraTS-GLI-03063-100,gmm_2d,prediction_component,171,44,13824.0,2.7070862238995545e-05,8.288129935688987e-08,1.7320508075688772,1,10.392304845413264,0.16666666666666666,0.7908715233027805,1.0,0,,83,89,165,171,68,74,-7.081543448970658,0.0,0.9999190159742366,True,4,medium,0.5518172876195343
BraTS-GLI-03063-100,gmm_2d,prediction_component,172,166,45056.0,1.7357178844073472e-05,3.407302172526039e-08,2.23606797749979,1,18.81488772222678,0.1188456721353821,0.6558610539549251,1.625,2,,84,95,25,33,80,93,-7.467589349836467,1.0986122886681098,0.9977545577169842,True,4,medium,0.5518172876195343
BraTS-GLI-03063-100,gmm_2d,prediction_component,173,70,21504.0,2.2198271711831908e-05,5.573021254351084e-08,1.7320508075688772,1,12.727922061357855,0.13608276348795434,0.6774711680063634,1.1428571428571428,0,,85,92,93,100,138,146,-7.253909300631259,0.0,0.9996040134469051,True,4,medium,0.5518172876195343
BraTS-GLI-03063-100,gmm_2d,prediction_component,174,141,39168.0,1.8189552658911055e-05,3.74193647464955e-08,2.23606797749979,1,18.193405398660254,0.12290541152149843,0.6925346395630728,3.0,1,,85,90,122,137,86,95,-7.426903589616164,0.6931471805599453,0.9987076058325153,True,4,medium,0.5518172876195343
BraTS-GLI-03063-100,gmm_2d,prediction_component,175,367,103680.0,1.099318613552414e-05,1.3667828991833658e-08,2.23606797749979,1,29.732137494637012,0.07520710469952335,0.5034532906873778,1.8333333333333333,1,,86,98,71,87,134,156,-7.864300463613954,0.6931471805599453,0.9712137076946997,True,4,medium,0.5518172876195343
BraTS-GLI-03063-100,gmm_2d,prediction_component,176,85,27136.0,1.9015168572276557e-05,4.0893354102233463e-08,2.23606797749979,1,14.071247279470288,0.15891043154093207,0.8198005965953793,1.4285714285714286,1,,86,96,77,84,124,131,-7.388347266839853,0.6931471805599453,0.9996288359501664,True,4,medium,0.5518172876195343
BraTS-GLI-03063-100,gmm_2d,prediction_component,177,38,13824.0,2.3379381024587062e-05,6.181848980958109e-08,1.7320508075688772,1,9.848857801796104,0.17586311452816475,0.8304795924748166,1.2,0,,86,92,134,139,47,53,-7.2088816087094125,0.0,0.9999051591398199,True,4,medium,0.5518172876195343
BraTS-GLI-03063-100,gmm_2d,prediction_component,178,51,16384.0,2.4318695068359375e-05,6.688564319836902e-08,1.7320508075688772,1,10.488088481701515,0.1651445647689541,0.7528933105024771,1.4,0,,86,91,135,141,80,87,-7.1746670922299165,0.0,0.9998671774422693,True,4,medium,0.5518172876195343
BraTS-GLI-03063-100,gmm_2d,prediction_component,179,153,41728.0,1.794940580188325e-05,3.643783173095525e-08,2.23606797749979,1,19.209372712298546,0.1164050492949297,0.6739340432889492,1.3,1,,87,97,50,63,140,150,-7.438447474050803,0.6931471805599453,0.9983778370734063,True,4,medium,0.5518172876195343
BraTS-GLI-03063-100,gmm_2d,prediction_component,180,25,9984.0,2.5060120224403912e-05,7.102621534903521e-08,1.7320508075688772,1,8.660254037844387,0.19999999999999996,0.9548683406603533,1.0,0,,87,92,63,68,147,152,-7.14858132620955,0.0,0.99996818860877,True,4,medium,0.5518172876195343
BraTS-GLI-03063-100,gmm_2d,prediction_component,181,97,34560.0,1.5097711893250043e-05,2.5779508947073612e-08,1.7320508075688772,1,17.832554500127006,0.09712858623572641,0.6076678398117905,1.8571428571428572,0,,87,97,86,99,124,131,-7.588725359426657,0.0,0.9964568423051114,True,4,medium,0.5518172876195343
BraTS-GLI-03063-100,gmm_2d,prediction_component,182,61,20736.0,2.042877657750343e-05,4.7199466621822346e-08,1.7320508075688772,1,11.74734012447073,0.14744195615489714,0.7092732030227112,1.6,0,,87,95,105,110,140,147,-7.3260629090885425,0.0,0.9996265357816234,True,4,medium,0.5518172876195343
BraTS-GLI-03063-100,gmm_2d,prediction_component,183,67,21504.0,2.1246917209896253e-05,5.105569879751432e-08,1.7320508075688772,1,12.36931687685298,0.14002800840280097,0.6874354055889139,1.5,0,,87,93,108,117,146,152,-7.29195577525812,0.0,0.9995917065628322,True,4,medium,0.5518172876195343
BraTS-GLI-03063-100,gmm_2d,prediction_component,184,200,61184.0,1.321518344978162e-05,1.9751440099411877e-08,1.7320508075688772,1,22.64950330581225,0.07647191129018725,0.4774341703301767,1.2727272727272727,0,,87,101,114,125,44,58,-7.704401233990578,0.0,0.9877699999951575,True,4,medium,0.5518172876195343
BraTS-GLI-03063-100,gmm_2d,prediction_component,185,185,52224.0,1.550124317514348e-05,2.717599362937433e-08,1.7320508075688772,1,22.58317958127243,0.07669649888473705,0.4900039575593596,3.4,0,,87,92,133,147,91,108,-7.565814567945797,0.0,0.9929183271017898,True,4,medium,0.5518172876195343
BraTS-GLI-03063-100,gmm_2d,prediction_component,186,148,48896.0,1.3688369394132241e-05,2.1191212503632502e-08,2.23606797749979,1,21.118712081942874,0.10588088747190669,0.6814394938288089,1.5,1,,87,102,156,166,51,62,-7.673844193427396,0.6931471805599453,0.9954510626504197,True,4,medium,0.5518172876195343
BraTS-GLI-03063-100,gmm_2d,prediction_component,187,25,9984.0,2.5060120224403912e-05,7.102621534903521e-08,1.7320508075688772,1,8.660254037844387,0.19999999999999996,0.9548683406603533,1.0,0,,88,93,168,173,124,129,-7.14858132620955,0.0,0.99996818860877,True,4,medium,0.5518172876195343
BraTS-GLI-03063-100,gmm_2d,prediction_component,188,25,9984.0,2.5060120224403912e-05,7.102621534903521e-08,1.7320508075688772,1,8.660254037844387,0.19999999999999996,0.9548683406603533,1.0,0,,89,94,41,46,123,128,-7.14858132620955,0.0,0.99996818860877,True,4,medium,0.5518172876195343
BraTS-GLI-03063-100,gmm_2d,prediction_component,189,81,25088.0,2.038383791771192e-05,4.699203884783871e-08,1.7320508075688772,1,14.142135623730951,0.1224744871391589,0.6453002363415847,1.6666666666666667,0,,89,97,136,146,33,39,-7.327975711794313,0.0,0.9992522716481977,True,4,medium,0.5518172876195343
BraTS-GLI-03063-100,gmm_2d,prediction_component,190,25,9984.0,2.5060120224403912e-05,7.102621534903521e-08,1.7320508075688772,1,8.660254037844387,0.19999999999999996,0.9548683406603533,1.0,0,,89,94,146,151,40,45,-7.14858132620955,0.0,0.99996818860877,True,4,medium,0.5518172876195343
BraTS-GLI-03063-100,gmm_2d,prediction_component,191,25,9984.0,2.5060120224403912e-05,7.102621534903521e-08,1.7320508075688772,1,8.660254037844387,0.19999999999999996,0.9548683406603533,1.0,0,,90,95,25,30,104,109,-7.14858132620955,0.0,0.99996818860877,True,4,medium,0.5518172876195343
BraTS-GLI-03063-100,gmm_2d,prediction_component,192,69,25344.0,1.710158451035887e-05,3.30769209394233e-08,1.7320508075688772,1,13.379088160259652,0.1294595556006309,0.6807282909996718,1.2857142857142858,0,,90,97,133,140,54,63,-7.480474924792267,0.0,0.998985158548143,True,4,medium,0.5518172876195343
BraTS-GLI-03063-100,gmm_2d,prediction_component,193,25,9984.0,2.5060120224403912e-05,7.102621534903521e-08,1.7320508075688772,1,8.660254037844387,0.19999999999999996,0.9548683406603533,1.0,0,,90,95,170,175,82,87,-7.14858132620955,0.0,0.99996818860877,True,4,medium,0.5518172876195343
BraTS-GLI-03063-100,gmm_2d,prediction_component,194,25,9984.0,2.5060120224403912e-05,7.102621534903521e-08,1.7320508075688772,1,8.660254037844387,0.19999999999999996,0.9548683406603533,1.0,0,,91,96,39,44,132,137,-7.14858132620955,0.0,0.99996818860877,True,4,medium,0.5518172876195343
BraTS-GLI-03063-100,gmm_2d,prediction_component,195,73,21760.0,2.274230730233499e-05,5.849536033847003e-08,1.7320508075688772,1,11.74734012447073,0.14744195615489714,0.6680606274231857,1.6,0,,91,98,90,95,139,147,-7.232878579376094,0.0,0.9996951447671041,True,4,medium,0.5518172876195343
BraTS-GLI-03063-100,gmm_2d,prediction_component,196,25,9984.0,2.5060120224403912e-05,7.102621534903521e-08,1.7320508075688772,1,8.660254037844387,0.19999999999999996,0.9548683406603533,1.0,0,,91,96,129,134,38,43,-7.14858132620955,0.0,0.99996818860877,True,4,medium,0.5518172876195343
BraTS-GLI-03063-100,gmm_2d,prediction_component,197,25,9984.0,2.5060120224403912e-05,7.102621534903521e-08,1.7320508075688772,1,8.660254037844387,0.19999999999999996,0.9548683406603533,1.0,0,,92,97,69,74,79,84,-7.14858132620955,0.0,0.99996818860877,True,4,medium,0.5518172876195343
BraTS-GLI-03063-100,gmm_2d,prediction_component,198,68,18176.0,2.77499012286745e-05,8.709139696414036e-08,1.7320508075688772,1,11.0,0.15745916432444337,0.6840489693598067,1.1666666666666667,0,,92,99,93,99,146,152,-7.0600247432188805,0.0,0.999872805500296,True,4,medium,0.5518172876195343
BraTS-GLI-03063-100,gmm_2d,prediction_component,199,338,81408.0,1.455177839425417e-05,2.3948841963632244e-08,2.449489742783178,1,26.28687885618983,0.09318298137195512,0.5668475338707463,2.3333333333333335,2,,92,113,110,123,30,39,-7.620715481872116,1.0986122886681098,0.9914564257800251,True,4,medium,0.5518172876195343
BraTS-GLI-03063-100,gmm_2d,prediction_component,200,63,22528.0,1.8631876346107425e-05,3.926137994703396e-08,1.7320508075688772,1,13.601470508735444,0.12734290799340264,0.7016868116919668,1.6666666666666667,0,,92,99,132,138,137,147,-7.4060344400174705,0.0,0.9992486534260805,True,4,medium,0.5518172876195343
BraTS-GLI-03063-100,gmm_2d,prediction_component,201,72,20736.0,2.4112654320987653e-05,6.575706395257378e-08,1.7320508075688772,1,11.916375287812984,0.14535047493345277,0.6711392913128504,1.8,0,,93,102,91,97,26,31,-7.18205758624754,0.0,0.9997391188941832,True,4,medium,0.5518172876195343
BraTS-GLI-03063-100,gmm_2d,prediction_component,202,25,9984.0,2.5060120224403912e-05,7.102621534903521e-08,1.7320508075688772,1,8.660254037844387,0.19999999999999996,0.9548683406603533,1.0,0,,93,98,102,107,101,106,-7.14858132620955,0.0,0.99996818860877,True,4,medium,0.5518172876195343
BraTS-GLI-03063-100,gmm_2d,prediction_component,203,25,9984.0,2.5060120224403912e-05,7.102621534903521e-08,1.7320508075688772,1,8.660254037844387,0.19999999999999996,0.9548683406603533,1.0,0,,94,99,31,36,116,121,-7.14858132620955,0.0,0.99996818860877,True,4,medium,0.5518172876195343
BraTS-GLI-03063-100,gmm_2d,prediction_component,204,63,20992.0,2.071380211126659e-05,4.85257235009379e-08,1.7320508075688772,1,12.727922061357855,0.13608276348795434,0.7016868116919668,1.1428571428571428,0,,94,102,36,43,120,127,-7.314027980718114,0.0,0.9995450422175159,True,4,medium,0.5518172876195343
BraTS-GLI-03063-100,gmm_2d,prediction_component,205,25,9984.0,2.5060120224403912e-05,7.102621534903521e-08,1.7320508075688772,1,8.660254037844387,0.19999999999999996,0.9548683406603533,1.0,0,,95,100,30,35,84,89,-7.14858132620955,0.0,0.99996818860877,True,4,medium,0.5518172876195343
BraTS-GLI-03063-100,gmm_2d,prediction_component,206,25,9984.0,2.5060120224403912e-05,7.102621534903521e-08,1.7320508075688772,1,8.660254037844387,0.19999999999999996,0.9548683406603533,1.0,0,,95,100,88,93,136,141,-7.14858132620955,0.0,0.99996818860877,True,4,medium,0.5518172876195343
BraTS-GLI-03063-100,gmm_2d,prediction_component,207,25,9984.0,2.5060120224403912e-05,7.102621534903521e-08,1.7320508075688772,1,8.660254037844387,0.19999999999999996,0.9548683406603533,1.0,0,,96,101,63,68,146,151,-7.14858132620955,0.0,0.99996818860877,True,4,medium,0.5518172876195343
BraTS-GLI-03063-100,gmm_2d,prediction_component,208,101,28672.0,2.080340345869443e-05,4.8946445313206506e-08,2.23606797749979,1,16.24807680927192,0.13762047064079508,0.7739996197824753,1.25,1,,96,106,116,124,137,147,-7.310278842919387,0.6931471805599453,0.9995126352816638,True,4,medium,0.5518172876195343
BraTS-GLI-03063-100,gmm_2d,prediction_component,209,25,9984.0,2.5060120224403912e-05,7.102621534903521e-08,1.7320508075688772,1,8.660254037844387,0.19999999999999996,0.9548683406603533,1.0,0,,97,102,76,81,71,76,-7.14858132620955,0.0,0.99996818860877,True,4,medium,0.5518172876195343
BraTS-GLI-03063-100,gmm_2d,prediction_component,210,25,9984.0,2.5060120224403912e-05,7.102621534903521e-08,1.7320508075688772,1,8.660254037844387,0.19999999999999996,0.9548683406603533,1.0,0,,97,102,85,90,46,51,-7.14858132620955,0.0,0.99996818860877,True,4,medium,0.5518172876195343
BraTS-GLI-03063-100,gmm_2d,prediction_component,211,25,9984.0,2.5060120224403912e-05,7.102621534903521e-08,1.7320508075688772,1,8.660254037844387,0.19999999999999996,0.9548683406603533,1.0,0,,97,102,161,166,72,77,-7.14858132620955,0.0,0.99996818860877,True,4,medium,0.5518172876195343
BraTS-GLI-03063-100,gmm_2d,prediction_component,212,44,13824.0,2.7070862238995545e-05,8.288129935688987e-08,1.7320508075688772,1,10.392304845413264,0.16666666666666666,0.7908715233027805,1.0,0,,98,104,92,98,136,142,-7.081543448970658,0.0,0.9999190159742366,True,4,medium,0.5518172876195343
BraTS-GLI-03063-100,gmm_2d,prediction_component,213,38,13824.0,2.3379381024587062e-05,6.181848980958109e-08,1.7320508075688772,1,9.848857801796104,0.17586311452816475,0.8304795924748166,1.2,0,,98,103,152,158,46,52,-7.2088816087094125,0.0,0.9999051591398199,True,4,medium,0.5518172876195343
BraTS-GLI-03063-100,gmm_2d,prediction_component,214,69,23040.0,1.9729922467413393e-05,4.402538177037241e-08,1.7320508075688772,1,12.884098726725126,0.13443321448446624,0.6807282909996718,1.5,0,,98,107,157,164,95,101,-7.356296869317592,0.0,0.9994128569874009,True,4,medium,0.5518172876195343
BraTS-GLI-03063-100,gmm_2d,prediction_component,215,25,9984.0,2.5060120224403912e-05,7.102621534903521e-08,1.7320508075688772,1,8.660254037844387,0.19999999999999996,0.9548683406603533,1.0,0,,98,103,164,169,114,119,-7.14858132620955,0.0,0.99996818860877,True,4,medium,0.5518172876195343
BraTS-GLI-03063-100,gmm_2d,prediction_component,216,72,24576.0,1.8688123647942946e-05,3.949878814021331e-08,1.7320508075688772,1,13.45362404707371,0.12874232262686236,0.6711392913128504,1.5,0,,99,105,39,47,129,138,-7.403416228730296,0.0,0.9991980142487122,True,4,medium,0.5518172876195343
BraTS-GLI-03063-100,gmm_2d,prediction_component,217,25,9984.0,2.5060120224403912e-05,7.102621534903521e-08,1.7320508075688772,1,8.660254037844387,0.19999999999999996,0.9548683406603533,1.0,0,,99,104,156,161,57,62,-7.14858132620955,0.0,0.99996818860877,True,4,medium,0.5518172876195343
BraTS-GLI-03063-100,gmm_2d,prediction_component,218,25,9984.0,2.5060120224403912e-05,7.102621534903521e-08,1.7320508075688772,1,8.660254037844387,0.19999999999999996,0.9548683406603533,1.0,0,,99,104,169,174,78,83,-7.14858132620955,0.0,0.99996818860877,True,4,medium,0.5518172876195343
BraTS-GLI-03063-100,gmm_2d,prediction_component,219,93,27648.0,2.0229603344815175e-05,4.628359750372808e-08,1.7320508075688772,1,13.379088160259652,0.1294595556006309,0.6162579207174524,1.2857142857142858,0,,100,109,61,68,47,54,-7.334572891827106,0.0,0.9992614829245416,True,4,medium,0.5518172876195343
BraTS-GLI-03063-100,gmm_2d,prediction_component,220,25,9984.0,2.5060120224403912e-05,7.102621534903521e-08,1.7320508075688772,1,8.660254037844387,0.19999999999999996,0.9548683406603533,1.0,0,,100,105,108,113,71,76,-7.14858132620955,0.0,0.99996818860877,True,4,medium,0.5518172876195343
BraTS-GLI-03063-100,gmm_2d,prediction_component,221,38,12544.0,2.7047649416909622e-05,8.273922157753891e-08,1.7320508075688772,1,9.273618495495704,0.18677184190940707,0.8304795924748166,1.2,0,,100,105,172,178,107,112,-7.082288569326049,0.0,0.9999514379352742,True,4,medium,0.5518172876195343
BraTS-GLI-03063-100,gmm_2d,prediction_component,222,72,20736.0,2.4112654320987653e-05,6.575706395257378e-08,2.23606797749979,1,11.74734012447073,0.19034674690672027,0.8664370994133727,1.6,1,,102,109,75,83,28,33,-7.18205758624754,0.6931471805599453,0.9999176270587485,True,4,medium,0.5518172876195343
BraTS-GLI-03063-100,gmm_2d,prediction_component,223,25,9984.0,2.5060120224403912e-05,7.102621534903521e-08,1.7320508075688772,1,8.660254037844387,0.19999999999999996,0.9548683406603533,1.0,0,,102,107,114,119,45,50,-7.14858132620955,0.0,0.99996818860877,True,4,medium,0.5518172876195343
BraTS-GLI-03063-100,gmm_2d,prediction_component,224,25,9984.0,2.5060120224403912e-05,7.102621534903521e-08,1.7320508075688772,1,8.660254037844387,0.19999999999999996,0.9548683406603533,1.0,0,,102,107,160,165,67,72,-7.14858132620955,0.0,0.99996818860877,True,4,medium,0.5518172876195343
BraTS-GLI-03063-100,gmm_2d,prediction_component,225,279,61184.0,1.843518091244536e-05,3.8436796219457994e-08,2.449489742783178,1,20.049937655763422,0.12216944435630521,0.604278432346979,1.625,1,,103,116,36,49,89,97,-7.415252818771346,0.6931471805599453,0.9983167382817227,True,4,medium,0.5518172876195343
BraTS-GLI-03063-100,gmm_2d,prediction_component,226,25,9984.0,2.5060120224403912e-05,7.102621534903521e-08,1.7320508075688772,1,8.660254037844387,0.19999999999999996,0.9548683406603533,1.0,0,,103,108,65,70,43,48,-7.14858132620955,0.0,0.99996818860877,True,4,medium,0.5518172876195343
BraTS-GLI-03063-100,gmm_2d,prediction_component,227,75,22528.0,2.218080517393741e-05,5.5642545276408676e-08,1.7320508075688772,1,13.30413469565007,0.13018891098082386,0.6620687295173385,1.1428571428571428,0,,103,111,124,131,38,46,-7.254593012141234,0.0,0.9995326299027207,True,4,medium,0.5518172876195343
BraTS-GLI-03063-100,gmm_2d,prediction_component,228,25,9984.0,2.5060120224403912e-05,7.102621534903521e-08,1.7320508075688772,1,8.660254037844387,0.19999999999999996,0.9548683406603533,1.0,0,,103,108,139,144,65,70,-7.14858132620955,0.0,0.99996818860877,True,4,medium,0.5518172876195343
BraTS-GLI-03063-100,gmm_2d,prediction_component,229,25,9984.0,2.5060120224403912e-05,7.102621534903521e-08,1.7320508075688772,1,8.660254037844387,0.19999999999999996,0.9548683406603533,1.0,0,,103,108,152,157,118,123,-7.14858132620955,0.0,0.99996818860877,True,4,medium,0.5518172876195343
BraTS-GLI-03063-100,gmm_2d,prediction_component,230,25,9984.0,2.5060120224403912e-05,7.102621534903521e-08,1.7320508075688772,1,8.660254037844387,0.19999999999999996,0.9548683406603533,1.0,0,,104,109,34,39,86,91,-7.14858132620955,0.0,0.99996818860877,True,4,medium,0.5518172876195343
BraTS-GLI-03063-100,gmm_2d,prediction_component,231,88,27904.0,1.887917348307172e-05,4.0310513268608835e-08,1.7320508075688772,1,14.142135623730951,0.1224744871391589,0.627715144031263,1.6666666666666667,0,,104,114,140,148,81,87,-7.394581671995661,0.0,0.9989895432621091,True,4,medium,0.5518172876195343
BraTS-GLI-03063-100,gmm_2d,prediction_component,232,303,74496.0,1.4901953265397336e-05,2.5115322983877245e-08,2.23606797749979,1,24.49489742783178,0.09128709291752769,0.5366613627192839,2.0,1,,104,124,153,163,89,99,-7.600061232427239,0.6931471805599453,0.9926002636108069,True,4,medium,0.5518172876195343
BraTS-GLI-03063-100,gmm_2d,prediction_component,233,25,9984.0,2.5060120224403912e-05,7.102621534903521e-08,1.7320508075688772,1,8.660254037844387,0.19999999999999996,0.9548683406603533,1.0,0,,104,109,162,167,91,96,-7.14858132620955,0.0,0.99996818860877,True,4,medium,0.5518172876195343
BraTS-GLI-03063-100,gmm_2d,prediction_component,234,25,9984.0,2.5060120224403912e-05,7.102621534903521e-08,1.7320508075688772,1,8.660254037844387,0.19999999999999996,0.9548683406603533,1.0,0,,104,109,165,170,72,77,-7.14858132620955,0.0,0.99996818860877,True,4,medium,0.5518172876195343
BraTS-GLI-03063-100,gmm_2d,prediction_component,235,84,29440.0,1.66292467502094e-05,3.1275015138890595e-08,1.7320508075688772,1,16.0312195418814,0.10804236090984295,0.6375247776221004,1.7142857142857142,0,,104,111,169,177,92,104,-7.5048024714112,0.0,0.9980774759935345,True,4,medium,0.5518172876195343
BraTS-GLI-03063-100,gmm_2d,prediction_component,236,25,9984.0,2.5060120224403912e-05,7.102621534903521e-08,1.7320508075688772,1,8.660254037844387,0.19999999999999996,0.9548683406603533,1.0,0,,105,110,59,64,138,143,-7.14858132620955,0.0,0.99996818860877,True,4,medium,0.5518172876195343
BraTS-GLI-03063-100,gmm_2d,prediction_component,237,578,138496.0,1.1214295424902931e-05,1.4223168629320774e-08,2.449489742783178,1,29.546573405388315,0.08290266722896782,0.47401914450907257,1.1875,3,,105,121,155,171,72,91,-7.847003640952778,1.3862943611198906,0.9636832598902142,True,4,medium,0.5518172876195343
BraTS-GLI-03063-100,gmm_2d,prediction_component,238,122,31488.0,2.1834447930447065e-05,5.391837619984209e-08,2.23606797749979,1,14.594519519326424,0.1532128532589739,0.7267659888814358,1.4285714285714286,1,,106,113,65,73,125,135,-7.268263195442825,0.6931471805599453,0.9996364154196518,True,4,medium,0.5518172876195343
BraTS-GLI-03063-100,gmm_2d,prediction_component,239,68,19456.0,2.5056971344312488e-05,7.100836715180885e-08,1.7320508075688772,1,11.575836902790225,0.14962640041614492,0.6840489693598067,1.1666666666666667,0,,106,113,110,117,144,150,-7.148690473904029,0.0,0.9997959938031828,True,4,medium,0.5518172876195343
BraTS-GLI-03063-100,gmm_2d,prediction_component,240,25,9984.0,2.5060120224403912e-05,7.102621534903521e-08,1.7320508075688772,1,8.660254037844387,0.19999999999999996,0.9548683406603533,1.0,0,,106,111,133,138,128,133,-7.14858132620955,0.0,0.99996818860877,True,4,medium,0.5518172876195343
BraTS-GLI-03063-100,gmm_2d,prediction_component,241,142,43520.0,1.564065780335573e-05,2.7667021154646973e-08,1.7320508075688772,1,16.822603841260722,0.10295973345818703,0.5351728204165959,1.2222222222222223,0,,106,117,148,157,67,76,-7.558037597842836,0.0,0.9963932239119,True,4,medium,0.5518172876195343
BraTS-GLI-03063-100,gmm_2d,prediction_component,242,25,9984.0,2.5060120224403912e-05,7.102621534903521e-08,1.7320508075688772,1,8.660254037844387,0.19999999999999996,0.9548683406603533,1.0,0,,106,111,156,161,67,72,-7.14858132620955,0.0,0.99996818860877,True,4,medium,0.5518172876195343
BraTS-GLI-03063-100,gmm_2d,prediction_component,243,51,16384.0,2.4318695068359375e-05,6.688564319836902e-08,1.7320508075688772,1,10.488088481701515,0.1651445647689541,0.7528933105024771,1.4,0,,107,112,115,121,125,132,-7.1746670922299165,0.0,0.9998671774422693,True,4,medium,0.5518172876195343
BraTS-GLI-03063-100,gmm_2d,prediction_component,244,25,9984.0,2.5060120224403912e-05,7.102621534903521e-08,1.7320508075688772,1,8.660254037844387,0.19999999999999996,0.9548683406603533,1.0,0,,107,112,118,123,36,41,-7.14858132620955,0.0,0.99996818860877,True,4,medium,0.5518172876195343
BraTS-GLI-03063-100,gmm_2d,prediction_component,245,147,41472.0,1.740543432825201e-05,3.426274100480244e-08,1.7320508075688772,1,18.81488772222678,0.09205746178983233,0.5290349761492328,1.625,0,,107,115,132,145,37,48,-7.4651778966056686,0.0,0.9967705719880612,True,4,medium,0.5518172876195343
BraTS-GLI-03063-100,gmm_2d,prediction_component,246,38,12544.0,2.7047649416909622e-05,8.273922157753891e-08,1.7320508075688772,1,9.273618495495704,0.18677184190940707,0.8304795924748166,1.2,0,,107,112,145,151,46,51,-7.082288569326049,0.0,0.9999514379352742,True,4,medium,0.5518172876195343
BraTS-GLI-03063-100,gmm_2d,prediction_component,247,75,21760.0,2.336538421472773e-05,6.174449275734544e-08,2.23606797749979,1,12.206555615733702,0.18318582636182795,0.8547270544884518,1.3333333333333333,1,,108,116,88,94,137,144,-7.209401772833606,0.6931471805599453,0.9998915651855238,True,4,medium,0.5518172876195343
BraTS-GLI-03063-100,gmm_2d,prediction_component,248,59,17408.0,2.568790548372811e-05,7.462936780844428e-08,1.7320508075688772,1,11.0,0.15745916432444337,0.71719869927557,1.1666666666666667,0,,108,114,135,141,48,55,-7.127090237308548,0.0,0.9998544890284674,True,4,medium,0.5518172876195343
BraTS-GLI-03063-100,gmm_2d,prediction_component,249,56,18688.0,2.1920163483864352e-05,5.434254218465772e-08,1.7320508075688772,1,10.677078252031311,0.16222142113076252,0.7297836929246639,1.6,0,,108,113,152,157,54,62,-7.2648600488230946,0.0,0.9997893203462327,True,4,medium,0.5518172876195343
BraTS-GLI-03063-100,gmm_2d,prediction_component,250,75,25344.0,1.858867881560747e-05,3.9079537971908425e-08,1.7320508075688772,1,14.594519519326424,0.11867816581938533,0.6620687295173385,1.4285714285714286,0,,109,117,70,77,135,145,-7.408050579483377,0.0,0.9989821662565079,True,4,medium,0.5518172876195343
BraTS-GLI-03063-100,gmm_2d,prediction_component,251,71,24064.0,1.9019829539035057e-05,4.091340398225242e-08,1.7320508075688772,1,13.856406460551018,0.125,0.6742755017744779,1.0,0,,109,117,112,120,118,126,-7.388134385835073,0.0,0.9991939538566844,True,4,medium,0.5518172876195343
BraTS-GLI-03063-100,gmm_2d,prediction_component,252,148,44544.0,1.5742651991524913e-05,2.8029036135541204e-08,2.23606797749979,1,18.193405398660254,0.12290541152149843,0.6814394938288089,1.4444444444444444,1,,109,118,115,124,45,58,-7.552391836532012,0.6931471805599453,0.9978823734258974,True,4,medium,0.5518172876195343
BraTS-GLI-03063-100,gmm_2d,prediction_component,253,25,9984.0,2.5060120224403912e-05,7.102621534903521e-08,1.7320508075688772,1,8.660254037844387,0.19999999999999996,0.9548683406603533,1.0,0,,110,115,66,71,76,81,-7.14858132620955,0.0,0.99996818860877,True,4,medium,0.5518172876195343
BraTS-GLI-03063-100,gmm_2d,prediction_component,254,38,13824.0,2.3379381024587062e-05,6.181848980958109e-08,1.7320508075688772,1,9.848857801796104,0.17586311452816475,0.8304795924748166,1.2,0,,111,116,139,145,89,95,-7.2088816087094125,0.0,0.9999051591398199,True,4,medium,0.5518172876195343
BraTS-GLI-03063-100,gmm_2d,prediction_component,255,57,17664.0,2.4279585689427806e-05,6.667068490846741e-08,1.7320508075688772,1,11.575836902790225,0.14962640041614492,0.7254907483481623,1.1666666666666667,0,,112,119,54,61,96,102,-7.1760650833409105,0.0,0.9998035556183651,True,4,medium,0.5518172876195343
BraTS-GLI-03063-100,gmm_2d,prediction_component,256,186,59392.0,1.2850529381013224e-05,1.8676453517279914e-08,1.7320508075688772,1,22.693611435820433,0.07632327769721765,0.4891242358153096,1.3636363636363635,0,,112,127,51,64,76,87,-7.728705588710994,0.0,0.9871171803348094,True,4,medium,0.5518172876195343
BraTS-GLI-03063-100,gmm_2d,prediction_component,257,82,27648.0,1.78368545620951e-05,3.5982299643319184e-08,1.7320508075688772,1,14.866068747318506,0.1165103456070926,0.6426663285123421,1.8333333333333333,0,,112,123,80,86,130,138,-7.443911084167543,0.0,0.9987109336804795,True,4,medium,0.5518172876195343
BraTS-GLI-03063-100,gmm_2d,prediction_component,258,50,19968.0,1.772018094802615e-05,3.551310767451761e-08,1.7320508075688772,1,12.206555615733702,0.14189513095212064,0.757879504227687,1.3333333333333333,0,,112,118,136,144,105,112,-7.449611321873531,0.0,0.9994458341961988,True,4,medium,0.5518172876195343
BraTS-GLI-03063-100,gmm_2d,prediction_component,259,57,17920.0,2.376117143277778e-05,6.385399425246565e-08,1.7320508075688772,1,11.0,0.15745916432444337,0.7254907483481623,1.1666666666666667,0,,112,118,145,151,82,89,-7.194811931171915,0.0,0.9998187782443098,True,4,medium,0.5518172876195343
BraTS-GLI-03063-100,gmm_2d,prediction_component,260,25,9984.0,2.5060120224403912e-05,7.102621534903521e-08,1.7320508075688772,1,8.660254037844387,0.19999999999999996,0.9548683406603533,1.0,0,,112,117,148,153,129,134,-7.14858132620955,0.0,0.99996818860877,True,4,medium,0.5518172876195343
BraTS-GLI-03063-100,gmm_2d,prediction_component,261,25,9984.0,2.5060120224403912e-05,7.102621534903521e-08,1.7320508075688772,1,8.660254037844387,0.19999999999999996,0.9548683406603533,1.0,0,,112,117,156,161,119,124,-7.14858132620955,0.0,0.99996818860877,True,4,medium,0.5518172876195343
BraTS-GLI-03063-100,gmm_2d,prediction_component,262,129,34048.0,2.0532994975588044e-05,4.768227577847614e-08,1.7320508075688772,1,15.588457268119896,0.1111111111111111,0.5525780044563531,1.0,0,,113,122,135,144,92,101,-7.321643024776887,0.0,0.998766440599666,True,4,medium,0.5518172876195343
BraTS-GLI-03063-100,gmm_2d,prediction_component,263,44,13824.0,2.7070862238995545e-05,8.288129935688987e-08,1.7320508075688772,1,10.392304845413264,0.16666666666666666,0.7908715233027805,1.0,0,,114,120,83,89,76,82,-7.081543448970658,0.0,0.9999190159742366,True,4,medium,0.5518172876195343
BraTS-GLI-03063-100,gmm_2d,prediction_component,264,156,50176.0,1.3879714832361515e-05,2.1787804019985574e-08,1.7320508075688772,1,19.261360284258224,0.08992359739952709,0.5186590549070232,1.4444444444444444,0,,114,125,90,99,120,133,-7.661786539834632,0.0,0.9928957014102124,True,4,medium,0.5518172876195343
BraTS-GLI-03063-100,gmm_2d,prediction_component,265,223,56832.0,1.6459455094920932e-05,3.0639613333123415e-08,2.23606797749979,1,21.37755832643195,0.104598848163826,0.594401072343737,1.0833333333333333,1,,114,126,100,113,42,54,-7.5137167197297225,0.6931471805599453,0.9965259821920446,True,4,medium,0.5518172876195343
BraTS-GLI-03063-100,gmm_2d,prediction_component,266,137,32000.0,2.3932915071677436e-05,6.47803921676076e-08,2.23606797749979,1,15.0996688705415,0.1480872194397731,0.6992100837129156,1.25,2,,114,124,99,107,35,43,-7.188556427185484,1.0986122886681098,0.9995965115568469,True,4,medium,0.5518172876195343
BraTS-GLI-03063-100,gmm_2d,prediction_component,267,25,9984.0,2.5060120224403912e-05,7.102621534903521e-08,1.7320508075688772,1,8.660254037844387,0.19999999999999996,0.9548683406603533,1.0,0,,114,119,119,124,123,128,-7.14858132620955,0.0,0.99996818860877,True,4,medium,0.5518172876195343
BraTS-GLI-03063-100,gmm_2d,prediction_component,268,25,9984.0,2.5060120224403912e-05,7.102621534903521e-08,1.7320508075688772,1,8.660254037844387,0.19999999999999996,0.9548683406603533,1.0,0,,115,120,39,44,60,65,-7.14858132620955,0.0,0.99996818860877,True,4,medium,0.5518172876195343
BraTS-GLI-03063-100,gmm_2d,prediction_component,269,202,57088.0,1.4809286222241305e-05,2.4803937438131747e-08,2.23606797749979,1,23.194827009486403,0.09640373590996239,0.6143239053328439,1.25,1,,115,130,41,54,81,93,-7.6054793727253625,0.6931471805599453,0.9946983951131216,True,4,medium,0.5518172876195343
BraTS-GLI-03063-100,gmm_2d,prediction_component,270,149,34816.0,2.2936014679164946e-05,5.949607134139872e-08,2.449489742783178,1,15.165750888103101,0.16151457061744964,0.7448058380770151,1.4285714285714286,1,,115,125,93,100,42,51,-7.225511710760232,0.6931471805599453,0.9997497979064809,True,4,medium,0.5518172876195343
BraTS-GLI-03063-100,gmm_2d,prediction_component,271,25,9984.0,2.5060120224403912e-05,7.102621534903521e-08,1.7320508075688772,1,8.660254037844387,0.19999999999999996,0.9548683406603533,1.0,0,,116,121,83,88,114,119,-7.14858132620955,0.0,0.99996818860877,True,4,medium,0.5518172876195343
BraTS-GLI-03063-100,gmm_2d,prediction_component,272,418,106496.0,1.2027526927032606e-05,1.6360819344111835e-08,2.23606797749979,1,29.393876913398138,0.07607257743127308,0.4820836968009479,2.0,2,,116,128,142,166,99,111,-7.786194950804285,1.0986122886681098,0.9718919857654007,True,4,medium,0.5518172876195343
BraTS-GLI-03063-100,gmm_2d,prediction_component,273,46,16896.0,2.0945077921731866e-05,4.961538140913494e-08,1.7320508075688772,1,11.0,0.15745916432444337,0.7792393700163133,1.1666666666666667,0,,117,124,86,92,140,146,-7.3043836657365855,0.0,0.9997739231074919,True,4,medium,0.5518172876195343
BraTS-GLI-03063-100,gmm_2d,prediction_component,274,50,17920.0,2.084313283576998e-05,4.91335751404014e-08,1.7320508075688772,1,11.661903789690601,0.14852213144650114,0.757879504227687,1.3333333333333333,0,,117,125,109,115,53,59,-7.308621633844861,0.0,0.999707844319246,True,4,medium,0.5518172876195343
BraTS-GLI-03063-100,gmm_2d,prediction_component,275,51,17664.0,2.1723839827382773e-05,5.337348459431324e-08,1.7320508075688772,1,11.0,0.15745916432444337,0.7528933105024771,1.1666666666666667,0,,117,124,128,134,59,65,-7.272674442490021,0.0,0.9997802016943034,True,4,medium,0.5518172876195343
BraTS-GLI-03063-100,gmm_2d,prediction_component,276,38,12544.0,2.7047649416909622e-05,8.273922157753891e-08,1.7320508075688772,1,9.273618495495704,0.18677184190940707,0.8304795924748166,1.2,0,,118,124,124,129,89,94,-7.082288569326049,0.0,0.9999514379352742,True,4,medium,0.5518172876195343
BraTS-GLI-03063-100,gmm_2d,prediction_component,277,100,35584.0,1.4897652907204975e-05,2.510082967562812e-08,1.7320508075688772,1,17.291616465790582,0.10016708449412666,0.6015293611380839,1.8571428571428572,0,,118,131,127,134,122,131,-7.600311923236413,0.0,0.9964397448656809,True,4,medium,0.5518172876195343
BraTS-GLI-03063-100,gmm_2d,prediction_component,278,47,14592.0,2.6664020003279646e-05,8.040880842667987e-08,1.7320508075688772,1,9.848857801796104,0.17586311452816475,0.7736731845058752,1.2,0,,119,125,80,85,95,101,-7.094696373620167,0.0,0.999924483815645,True,4,medium,0.5518172876195343
BraTS-GLI-03063-100,gmm_2d,prediction_component,279,133,33536.0,2.1656324460266218e-05,5.304224198324466e-08,2.23606797749979,1,14.594519519326424,0.1532128532589739,0.7061505877834446,1.4285714285714286,1,,119,126,152,160,78,88,-7.275378127507249,0.6931471805599453,0.9996004253568563,True,4,medium,0.5518172876195343
BraTS-GLI-03063-100,gmm_2d,prediction_component,280,38,12544.0,2.7047649416909622e-05,8.273922157753891e-08,1.7320508075688772,1,9.273618495495704,0.18677184190940707,0.8304795924748166,1.2,0,,120,126,82,87,66,71,-7.082288569326049,0.0,0.9999514379352742,True,4,medium,0.5518172876195343
BraTS-GLI-03063-100,gmm_2d,prediction_component,281,95,30208.0,1.8094252495270443e-05,3.70282908343229e-08,1.7320508075688772,1,16.186414056238647,0.10700645625096324,0.6119025955310512,1.1111111111111112,0,,120,129,92,101,132,142,-7.431466333814808,0.0,0.9983657029645259,True,4,medium,0.5518172876195343
BraTS-GLI-03063-100,gmm_2d,prediction_component,282,168,46592.0,1.670483736465823e-05,3.155999146023416e-08,1.7320508075688772,1,20.322401432901575,0.08522864845907041,0.5060037513265573,1.3,0,,120,132,142,155,72,82,-7.500863122977626,0.0,0.9954839388736615,True,4,medium,0.5518172876195343
BraTS-GLI-03063-100,gmm_2d,prediction_component,283,25,9984.0,2.5060120224403912e-05,7.102621534903521e-08,1.7320508075688772,1,8.660254037844387,0.19999999999999996,0.9548683406603533,1.0,0,,121,126,42,47,65,70,-7.14858132620955,0.0,0.99996818860877,True,4,medium,0.5518172876195343
BraTS-GLI-03063-100,gmm_2d,prediction_component,284,25,9984.0,2.5060120224403912e-05,7.102621534903521e-08,1.7320508075688772,1,8.660254037844387,0.19999999999999996,0.9548683406603533,1.0,0,,121,126,83,88,138,143,-7.14858132620955,0.0,0.99996818860877,True,4,medium,0.5518172876195343
BraTS-GLI-03063-100,gmm_2d,prediction_component,285,516,126976.0,1.1404263385134772e-05,1.4709125428066412e-08,2.23606797749979,1,34.899856733230294,0.06407097870320747,0.4493981753143958,1.3529411764705883,5,,121,144,86,103,59,79,-7.832413148690297,1.791759469228055,0.9361764809499918,True,4,medium,0.5518172876195343
BraTS-GLI-03063-100,gmm_2d,prediction_component,286,25,9984.0,2.5060120224403912e-05,7.102621534903521e-08,1.7320508075688772,1,8.660254037844387,0.19999999999999996,0.9548683406603533,1.0,0,,121,126,100,105,53,58,-7.14858132620955,0.0,0.99996818860877,True,4,medium,0.5518172876195343
BraTS-GLI-03063-100,gmm_2d,prediction_component,287,84,24064.0,2.2502333539140066e-05,5.726740299519402e-08,1.7320508075688772,1,12.727922061357855,0.13608276348795434,0.6375247776221004,1.1428571428571428,0,,121,129,102,109,67,74,-7.24209251114946,0.0,0.9995669256552719,True,4,medium,0.5518172876195343
BraTS-GLI-03063-100,gmm_2d,prediction_component,288,131,39424.0,1.6735175319495234e-05,3.167472888746913e-08,1.7320508075688772,1,18.466185312619388,0.09379580992210836,0.5497514690702996,1.75,0,,122,136,83,91,118,127,-7.499287093671988,0.0,0.9966971906121168,True,4,medium,0.5518172876195343
BraTS-GLI-03063-100,gmm_2d,prediction_component,289,38,13824.0,2.3379381024587062e-05,6.181848980958109e-08,1.7320508075688772,1,9.848857801796104,0.17586311452816475,0.8304795924748166,1.2,0,,122,128,86,92,43,48,-7.2088816087094125,0.0,0.9999051591398199,True,4,medium,0.5518172876195343
BraTS-GLI-03063-100,gmm_2d,prediction_component,290,50,15360.0,2.6265349298824172e-05,7.802229756091518e-08,1.7320508075688772,1,10.392304845413264,0.16666666666666666,0.757879504227687,1.0,0,,122,128,121,127,129,135,-7.1077812649530205,0.0,0.999900563037611,True,4,medium,0.5518172876195343
BraTS-GLI-03063-100,gmm_2d,prediction_component,291,50,19200.0,1.879395407518313e-05,3.9947416351188576e-08,1.7320508075688772,1,11.916375287812984,0.14535047493345277,0.757879504227687,1.8,0,,123,132,63,69,121,126,-7.39851130397719,0.0,0.9995692964592029,True,4,medium,0.5518172876195343
BraTS-GLI-03063-100,gmm_2d,prediction_component,292,189,55808.0,1.433564097211138e-05,2.3242701518400955e-08,2.23606797749979,1,19.209372712298546,0.1164050492949297,0.628097797562438,1.3,1,,123,133,98,111,128,138,-7.633713394941454,0.6931471805599453,0.9961576219395732,True,4,medium,0.5518172876195343
BraTS-GLI-03063-100,gmm_2d,prediction_component,293,47,14592.0,2.6664020003279646e-05,8.040880842667987e-08,1.7320508075688772,1,9.848857801796104,0.17586311452816475,0.7736731845058752,1.2,0,,123,129,133,139,118,123,-7.094696373620167,0.0,0.999924483815645,True,4,medium,0.5518172876195343
BraTS-GLI-03063-100,gmm_2d,prediction_component,294,62,21760.0,1.9315384284174923e-05,4.2194814250530834e-08,1.7320508075688772,1,12.24744871391589,0.1414213562373095,0.7054392189315698,2.0,0,,123,133,141,146,91,96,-7.374740920620498,0.0,0.9994934754375573,True,4,medium,0.5518172876195343
BraTS-GLI-03063-100,gmm_2d,prediction_component,295,25,9984.0,2.5060120224403912e-05,7.102621534903521e-08,1.7320508075688772,1,8.660254037844387,0.19999999999999996,0.9548683406603533,1.0,0,,123,128,150,155,87,92,-7.14858132620955,0.0,0.99996818860877,True,4,medium,0.5518172876195343
BraTS-GLI-03063-100,gmm_2d,prediction_component,296,177,40192.0,2.196665047627157e-05,5.4573279521863465e-08,2.23606797749979,1,16.822603841260722,0.13292044433783765,0.6419828845627256,1.2222222222222223,1,,124,135,111,120,119,128,-7.263019946978216,0.6931471805599453,0.999304719637025,True,4,medium,0.5518172876195343
BraTS-GLI-03063-100,gmm_2d,prediction_component,297,25,9984.0,2.5060120224403912e-05,7.102621534903521e-08,1.7320508075688772,1,8.660254037844387,0.19999999999999996,0.9548683406603533,1.0,0,,124,129,121,126,59,64,-7.14858132620955,0.0,0.99996818860877,True,4,medium,0.5518172876195343
BraTS-GLI-03063-100,gmm_2d,prediction_component,298,859,153344.0,1.430516865056324e-05,2.314399559712202e-08,2.8284271247461903,1,33.436506994600975,0.08459098688756272,0.4796341993087897,2.7,2,,124,141,105,132,105,115,-7.635561661979577,1.0986122886681098,0.9858900896361068,True,4,medium,0.5518172876195343
BraTS-GLI-03063-100,gmm_2d,prediction_component,299,25,9984.0,2.5060120224403912e-05,7.102621534903521e-08,1.7320508075688772,1,8.660254037844387,0.19999999999999996,0.9548683406603533,1.0,0,,124,129,123,128,115,120,-7.14858132620955,0.0,0.99996818860877,True,4,medium,0.5518172876195343
BraTS-GLI-03063-100,gmm_2d,prediction_component,300,276,76800.0,1.296782831187636e-05,1.901896492480088e-08,2.23606797749979,1,25.573423705088842,0.08743717709783363,0.5536196688847815,1.3076923076923077,1,,124,138,120,137,64,77,-7.72081312250268,0.6931471805599453,0.9883582053838664,True,4,medium,0.5518172876195343
BraTS-GLI-03063-100,gmm_2d,prediction_component,301,73,23808.0,1.9871858649225323e-05,4.466109347946609e-08,1.7320508075688772,1,12.206555615733702,0.14189513095212064,0.6680606274231857,1.3333333333333333,0,,125,133,107,114,49,55,-7.350070647895021,0.0,0.9994805904556621,True,4,medium,0.5518172876195343
BraTS-GLI-03063-100,gmm_2d,prediction_component,302,25,9984.0,2.5060120224403912e-05,7.102621534903521e-08,1.7320508075688772,1,8.660254037844387,0.19999999999999996,0.9548683406603533,1.0,0,,125,130,145,150,105,110,-7.14858132620955,0.0,0.99996818860877,True,4,medium,0.5518172876195343
BraTS-GLI-03063-100,gmm_2d,prediction_component,303,60,21504.0,1.9027090038713064e-05,4.0944645950334494e-08,1.7320508075688772,1,11.74734012447073,0.14744195615489714,0.7131919190287451,1.6,0,,126,134,71,78,98,103,-7.387802879892486,0.0,0.9995382869447629,True,4,medium,0.5518172876195343
BraTS-GLI-03063-100,gmm_2d,prediction_component,304,25,9984.0,2.5060120224403912e-05,7.102621534903521e-08,1.7320508075688772,1,8.660254037844387,0.19999999999999996,0.9548683406603533,1.0,0,,126,131,94,99,116,121,-7.14858132620955,0.0,0.99996818860877,True,4,medium,0.5518172876195343
BraTS-GLI-03063-100,gmm_2d,prediction_component,305,115,26880.0,2.6094798267550526e-05,7.70123296274736e-08,2.23606797749979,1,13.45362404707371,0.1662056238286334,0.7412224963301063,1.5,1,,127,136,74,82,120,126,-7.1134397389767186,0.6931471805599453,0.9998461220240493,True,4,medium,0.5518172876195343
BraTS-GLI-03063-100,gmm_2d,prediction_component,306,251,55552.0,1.917009092368803e-05,4.1562409686421114e-08,2.23606797749979,1,19.261360284258224,0.11609086505314302,0.5714215717813121,1.4444444444444444,1,,127,140,76,85,101,112,-7.38129928105764,0.6931471805599453,0.9981382841619063,True,4,medium,0.5518172876195343
BraTS-GLI-03063-100,gmm_2d,prediction_component,307,72,24576.0,1.8688123647942946e-05,3.949878814021331e-08,1.7320508075688772,1,13.45362404707371,0.12874232262686236,0.6711392913128504,1.5,0,,127,135,105,114,72,78,-7.403416228730296,0.0,0.9991980142487122,True,4,medium,0.5518172876195343
BraTS-GLI-03063-100,gmm_2d,prediction_component,308,64,18944.0,2.4545531829353735e-05,6.813923701938073e-08,2.23606797749979,1,11.180339887498949,0.2,0.9011308970908855,1.6,1,,127,133,117,125,67,72,-7.166602733699282,0.6931471805599453,0.9999422588913122,True,4,medium,0.5518172876195343
BraTS-GLI-03063-100,gmm_2d,prediction_component,309,25,9984.0,2.5060120224403912e-05,7.102621534903521e-08,1.7320508075688772,1,8.660254037844387,0.19999999999999996,0.9548683406603533,1.0,0,,128,133,97,102,101,106,-7.14858132620955,0.0,0.99996818860877,True,4,medium,0.5518172876195343
BraTS-GLI-03063-100,gmm_2d,prediction_component,310,82,27904.0,1.7591957109225918e-05,3.5001019010605084e-08,1.7320508075688772,1,14.352700094407323,0.12067769800636945,0.6426663285123421,1.8333333333333333,0,,129,140,74,80,77,84,-7.455919311528565,0.0,0.9987558380714413,True,4,medium,0.5518172876195343
BraTS-GLI-03063-100,gmm_2d,prediction_component,311,38,12544.0,2.7047649416909622e-05,8.273922157753891e-08,1.7320508075688772,1,9.273618495495704,0.18677184190940707,0.8304795924748166,1.2,0,,129,135,86,91,62,67,-7.082288569326049,0.0,0.9999514379352742,True,4,medium,0.5518172876195343
BraTS-GLI-03063-100,gmm_2d,prediction_component,312,38,12544.0,2.7047649416909622e-05,8.273922157753891e-08,1.7320508075688772,1,9.273618495495704,0.18677184190940707,0.8304795924748166,1.2,0,,129,135,131,136,111,116,-7.082288569326049,0.0,0.9999514379352742,True,4,medium,0.5518172876195343
BraTS-GLI-03063-100,gmm_2d,prediction_component,313,25,9984.0,2.5060120224403912e-05,7.102621534903521e-08,1.7320508075688772,1,8.660254037844387,0.19999999999999996,0.9548683406603533,1.0,0,,131,136,59,64,101,106,-7.14858132620955,0.0,0.99996818860877,True,4,medium,0.5518172876195343
BraTS-GLI-03063-100,gmm_2d,prediction_component,314,137,34560.0,2.1323572467786143e-05,5.142476388857739e-08,2.23606797749979,1,15.652475842498529,0.14285714285714285,0.6992100837129156,1.25,1,,131,140,109,119,74,82,-7.288827693646333,0.6931471805599453,0.9994770605737255,True,4,medium,0.5518172876195343
BraTS-GLI-03063-100,gmm_2d,prediction_component,315,59,18944.0,2.2627912155185472e-05,5.790837013292587e-08,1.7320508075688772,1,11.575836902790225,0.14962640041614492,0.71719869927557,1.1666666666666667,0,,132,139,85,91,75,82,-7.237258658382768,0.0,0.9997475797709908,True,4,medium,0.5518172876195343
BraTS-GLI-03063-100,gmm_2d,prediction_component,316,261,51968.0,2.2031116270550946e-05,5.489406326031053e-08,3.0,1,19.672315572906,0.15249857033260467,0.7567236176888288,1.8571428571428572,1,,132,145,98,111,100,107,-7.260474621537204,0.6931471805599453,0.9996756789032579,True,4,medium,0.5518172876195343
BraTS-GLI-03063-100,gmm_2d,prediction_component,317,25,9984.0,2.5060120224403912e-05,7.102621534903521e-08,1.7320508075688772,1,8.660254037844387,0.19999999999999996,0.9548683406603533,1.0,0,,132,137,129,134,76,81,-7.14858132620955,0.0,0.99996818860877,True,4,medium,0.5518172876195343
BraTS-GLI-03063-100,gmm_2d,prediction_component,318,25,9984.0,2.5060120224403912e-05,7.102621534903521e-08,1.7320508075688772,1,8.660254037844387,0.19999999999999996,0.9548683406603533,1.0,0,,134,139,96,101,116,121,-7.14858132620955,0.0,0.99996818860877,True,4,medium,0.5518172876195343
BraTS-GLI-03063-100,gmm_2d,prediction_component,319,25,9984.0,2.5060120224403912e-05,7.102621534903521e-08,1.7320508075688772,1,8.660254037844387,0.19999999999999996,0.9548683406603533,1.0,0,,134,139,116,121,102,107,-7.14858132620955,0.0,0.99996818860877,True,4,medium,0.5518172876195343
BraTS-GLI-03063-100,gmm_2d,prediction_component,320,51,15104.0,2.7474652658327337e-05,8.537226323330647e-08,2.23606797749979,1,9.9498743710662,0.22473328748774737,0.9719810843490212,1.4,1,,135,142,90,95,99,104,-7.068683205204687,0.6931471805599453,0.9999800585211988,True,4,medium,0.5518172876195343
BraTS-GLI-03063-100,gmm_2d,prediction_component,321,200,46592.0,1.9886711148402653e-05,4.4727879053619845e-08,2.23606797749979,1,19.4164878389476,0.11516335992621968,0.6163648635330432,1.625,3,,137,145,117,130,75,87,-7.349421695101389,1.3862943611198906,0.9979345675536312,True,4,medium,0.5518172876195343
BraTS-GLI-03063-100,gmm_2d,prediction_component,322,25,9984.0,2.5060120224403912e-05,7.102621534903521e-08,1.7320508075688772,1,8.660254037844387,0.19999999999999996,0.9548683406603533,1.0,0,,139,144,76,81,92,97,-7.14858132620955,0.0,0.99996818860877,True,4,medium,0.5518172876195343
BraTS-GLI-03063-100,gmm_2d,prediction_component,323,38,12544.0,2.7047649416909622e-05,8.273922157753891e-08,1.7320508075688772,1,9.273618495495704,0.18677184190940707,0.8304795924748166,1.2,0,,140,145,105,110,71,77,-7.082288569326049,0.0,0.9999514379352742,True,4,medium,0.5518172876195343
BraTS-GLI-03063-100,gmm_2d,prediction_component,324,38,13824.0,2.3379381024587062e-05,6.181848980958109e-08,1.7320508075688772,1,9.848857801796104,0.17586311452816475,0.8304795924748166,1.2,0,,141,147,87,93,80,85,-7.2088816087094125,0.0,0.9999051591398199,True,4,medium,0.5518172876195343
BraTS-GLI-03063-100,variational_spline,prediction_component,1,9629,1826304.0,3.901409896023919e-06,1.7214544509879724e-09,3.4641016151377544,2,170.36725037400822,0.02033314271101395,0.2624781142394049,1.4875,14,,45,125,26,118,36,155,-8.764104464069552,2.70805020110221,0.06713784812662858,False,4,medium,0.5518172876195343
