case_id,method,source,component_label,volume_vox,surface_area_proxy,compactness_v_over_s15,isoperimetric_quotient,inscribed_radius_vox,inscribed_radius_grid_step,bbox_diag_vox,radius_over_bbox_diag,radius_over_equiv_sphere,elongation_max_over_min,eroded_subcomponents,overlap_gt_vox,z0,z1,y0,y1,x0,x1,log10_isoperimetric,log1p_eroded_subcomponents,shape_score_prob_true_et,accepted_shape,fold,vol_bin,shape_threshold
BraTS-GLI-02208-100,otsu_T1c,prediction_component,1,13772,2450176.0,3.590881650366736e-06,1.4583257923124404e-09,4.0,2,218.0848458742606,0.018341485324047904,0.26900304109297546,1.3457943925233644,15,,38,145,27,171,32,156,-8.836145443097717,2.772588722239781,0.053099418167383464,False,0,absent,0.5530794707693413
BraTS-GLI-02208-100,gmm_T1c,prediction_component,1,19990,3729152.0,2.7758606841657534e-06,8.714604962163556e-10,5.656854249492381,4,241.40215409146623,0.023433321342066497,0.33599560313983856,1.4521739130434783,25,,30,145,26,193,25,156,-9.059752294915546,3.258096538021482,0.026432141796509837,False,0,absent,0.5530794707693413
BraTS-GLI-02208-100,sustraccion,prediction_component,1,327,81408.0,1.4078199807458917e-05,2.2415406693824026e-08,2.23606797749979,1,33.03028912982749,0.0676974993682554,0.523197051352957,3.2222222222222223,2,,18,47,73,86,86,95,-7.649453377106854,1.0986122886681098,0.9792644477657717,True,0,absent,0.5530794707693413
BraTS-GLI-02208-100,sustraccion,prediction_component,2,42,15360.0,2.2062893411012305e-05,5.505253315898175e-08,1.4142135623730951,1,10.770329614269007,0.13130643285972257,0.6558352730581178,2.0,0,,19,27,74,80,93,97,-7.259222692829257,0.0,0.9992898770198447,True,0,absent,0.5530794707693413
BraTS-GLI-02208-100,sustraccion,prediction_component,3,129,40192.0,1.6009592719994534e-05,2.8987645457031182e-08,1.7320508075688772,1,18.193405398660254,0.09520212239630652,0.5525780044563531,3.0,0,,22,27,74,83,64,79,-7.537787059103331,0.0,0.9948480403652256,True,0,absent,0.5530794707693413
BraTS-GLI-02208-100,sustraccion,prediction_component,4,62,20480.0,2.1154207550809778e-05,5.061111387032665e-08,1.7320508075688772,1,12.84523257866513,0.1348399724926484,0.7054392189315698,2.5,0,,23,27,74,81,107,117,-7.295754104453451,0.0,0.9993450491246441,True,0,absent,0.5530794707693413
BraTS-GLI-02208-100,sustraccion,prediction_component,5,312,81152.0,1.349602122915485e-05,2.0599841504309052e-08,2.0,1,25.45584412271571,0.07856742013183861,0.475343982852247,1.1428571428571428,1,,24,38,80,96,69,83,-7.686136121090496,0.6931471805599453,0.9803541977126757,True,0,absent,0.5530794707693413
BraTS-GLI-02208-100,sustraccion,prediction_component,6,160,66560.0,9.317513115174913e-06,9.818664009850628e-09,1.4142135623730951,1,32.93933818400121,0.042933879074109185,0.41992449317105496,2.7,0,,24,40,77,87,35,62,-8.007947601074731,0.0,0.8994500219053062,True,0,absent,0.5530794707693413
BraTS-GLI-02208-100,sustraccion,prediction_component,7,67870,13799936.0,1.3239215175842155e-06,1.982334114925236e-10,5.656854249492381,4,250.17194087267262,0.022611865382503028,0.22355200836056766,1.453781512605042,143,,26,145,23,196,21,157,-9.702823144987335,4.969813299576001,0.0008705823570124024,False,0,absent,0.5530794707693413
BraTS-GLI-02208-100,sustraccion,prediction_component,9,17,7680.0,2.5258472975227388e-05,7.215502078433436e-08,1.4142135623730951,1,7.0710678118654755,0.2,0.8866010210973454,1.6666666666666667,0,,28,31,60,65,108,112,-7.141733443876567,0.0,0.9999319269700248,True,0,absent,0.5530794707693413
BraTS-GLI-02208-100,sustraccion,prediction_component,11,17,7168.0,2.8012503667152895e-05,8.874752009735003e-08,1.4142135623730951,1,6.928203230275509,0.20412414523193154,0.8866010210973454,1.0,0,,28,32,84,88,126,130,-7.051843773744237,0.0,0.9999546688380104,True,0,absent,0.5530794707693413
BraTS-GLI-02208-100,sustraccion,prediction_component,12,17,7680.0,2.5258472975227388e-05,7.215502078433436e-08,1.4142135623730951,1,7.0710678118654755,0.2,0.8866010210973454,1.6666666666666667,0,,28,31,118,123,130,134,-7.141733443876567,0.0,0.9999319269700248,True,0,absent,0.5530794707693413
BraTS-GLI-02208-100,sustraccion,prediction_component,13,19,8448.0,2.446936747720066e-05,6.771702339772293e-08,1.4142135623730951,1,7.810249675906654,0.1810714920850371,0.8543319874271107,2.0,0,,29,32,114,118,125,131,-7.169302140202132,0.0,0.9998844448146892,True,0,absent,0.5530794707693413
BraTS-GLI-02208-100,sustraccion,prediction_component,15,40,13824.0,2.4609874762723223e-05,6.849694161726436e-08,1.4142135623730951,1,9.9498743710662,0.1421338109037403,0.6665885822069456,1.4,0,,32,37,65,72,135,140,-7.164328819287109,0.0,0.9995999262628087,True,0,absent,0.5530794707693413
BraTS-GLI-02208-100,sustraccion,prediction_component,16,12,5376.0,3.04433440619409e-05,1.0481829363285631e-07,1.4142135623730951,1,5.830951894845301,0.24253562503633297,0.9957510787676723,1.3333333333333333,0,,32,35,114,117,54,58,-6.979562914580636,0.0,0.9999873098721701,True,0,absent,0.5530794707693413
BraTS-GLI-02208-100,sustraccion,prediction_component,18,51,16640.0,2.3759658443696028e-05,6.38458627240537e-08,1.7320508075688772,1,10.04987562112089,0.1723454968864278,0.7528933105024771,1.75,0,,33,37,116,123,45,51,-7.194867240206822,0.0,0.9997965014539738,True,0,absent,0.5530794707693413
BraTS-GLI-02208-100,sustraccion,prediction_component,20,27,11264.0,2.2585244760963072e-05,5.7690190942580524e-08,1.4142135623730951,1,9.38083151964686,0.15075567228888181,0.7599002946021327,1.5,0,,33,39,133,139,134,138,-7.238898023614715,0.0,0.9996604843090777,True,0,absent,0.5530794707693413
BraTS-GLI-02208-100,sustraccion,prediction_component,21,12,6144.0,2.4917498197257264e-05,7.022006780482366e-08,1.4142135623730951,1,6.4031242374328485,0.2208630521496931,0.9957510787676723,1.3333333333333333,0,,34,37,119,123,138,142,-7.153538755513696,0.0,0.9999647617941148,True,0,absent,0.5530794707693413
BraTS-GLI-02208-100,sustraccion,prediction_component,22,12,5376.0,3.04433440619409e-05,1.0481829363285631e-07,1.4142135623730951,1,5.830951894845301,0.24253562503633297,0.9957510787676723,1.3333333333333333,0,,34,37,123,127,50,53,-6.979562914580636,0.0,0.9999873098721701,True,0,absent,0.5530794707693413
BraTS-GLI-02208-100,sustraccion,prediction_component,23,42,14592.0,2.3827422130590324e-05,6.421056499079371e-08,1.4142135623730951,1,9.848857801796104,0.14359163172354764,0.6558352730581178,1.2,0,,34,40,125,131,40,45,-7.192393508695801,0.0,0.999551644663651,True,0,absent,0.5530794707693413
BraTS-GLI-02208-100,sustraccion,prediction_component,24,266,70144.0,1.4318444630494685e-05,2.3186973321507094e-08,1.7320508075688772,1,25.45584412271571,0.06804138174397717,0.4341398164000924,1.1428571428571428,0,,35,49,108,124,61,75,-7.634755937673158,0.0,0.983058867791145,True,0,absent,0.5530794707693413
BraTS-GLI-02208-100,sustraccion,prediction_component,27,17,7168.0,2.8012503667152895e-05,8.874752009735003e-08,1.4142135623730951,1,6.928203230275509,0.20412414523193154,0.8866010210973454,1.0,0,,36,40,105,109,87,91,-7.051843773744237,0.0,0.9999546688380104,True,0,absent,0.5530794707693413
BraTS-GLI-02208-100,sustraccion,prediction_component,28,12,5376.0,3.04433440619409e-05,1.0481829363285631e-07,1.4142135623730951,1,5.830951894845301,0.24253562503633297,0.9957510787676723,1.3333333333333333,0,,37,41,106,109,127,130,-6.979562914580636,0.0,0.9999873098721701,True,0,absent,0.5530794707693413
BraTS-GLI-02208-100,sustraccion,prediction_component,29,17,7168.0,2.8012503667152895e-05,8.874752009735003e-08,1.4142135623730951,1,6.928203230275509,0.20412414523193154,0.8866010210973454,1.0,0,,38,42,105,109,143,147,-7.051843773744237,0.0,0.9999546688380104,True,0,absent,0.5530794707693413
BraTS-GLI-02208-100,sustraccion,prediction_component,31,22,9984.0,2.2052905797475442e-05,5.500270116629287e-08,1.4142135623730951,1,8.366600265340756,0.16903085094570333,0.8135863258112027,2.0,0,,42,48,104,109,44,47,-7.259615981909213,0.0,0.9997735977216182,True,0,absent,0.5530794707693413
BraTS-GLI-02208-100,sustraccion,prediction_component,35,31,9984.0,3.107454907826085e-05,1.0920990872067654e-07,1.7320508075688772,1,7.681145747868608,0.22549380840084865,0.8887977213532827,1.6666666666666667,0,,45,50,109,112,84,89,-6.96173795588508,0.0,0.9999777035053734,True,0,absent,0.5530794707693413
BraTS-GLI-02208-100,sustraccion,prediction_component,36,58,17408.0,2.5252517255190345e-05,7.212099779017712e-08,1.7320508075688772,1,10.677078252031311,0.16222142113076252,0.7212970665208103,1.75,0,,45,52,113,120,73,77,-7.141938273466962,0.0,0.9997805538860961,True,0,absent,0.5530794707693413
BraTS-GLI-02208-100,sustraccion,prediction_component,37,41,17920.0,1.7091368925331385e-05,3.30374159244059e-08,1.4142135623730951,1,11.180339887498949,0.12649110640673517,0.6611244956113513,1.6,0,,45,53,140,146,136,141,-7.480993929077427,0.0,0.9982644348804278,True,0,absent,0.5530794707693413
BraTS-GLI-02208-100,sustraccion,prediction_component,39,12,6144.0,2.4917498197257264e-05,7.022006780482366e-08,1.4142135623730951,1,6.4031242374328485,0.2208630521496931,0.9957510787676723,1.3333333333333333,0,,47,50,48,52,47,51,-7.153538755513696,0.0,0.9999647617941148,True,0,absent,0.5530794707693413
BraTS-GLI-02208-100,sustraccion,prediction_component,40,29,12288.0,2.129002610079339e-05,5.126308769432005e-08,1.4142135623730951,1,9.797958971132712,0.14433756729740646,0.742013605090188,2.0,0,,47,51,90,98,145,149,-7.290195238802977,0.0,0.9995142931615497,True,0,absent,0.5530794707693413
BraTS-GLI-02208-100,sustraccion,prediction_component,43,16,6656.0,2.9464563572443515e-05,9.818664009850627e-08,1.4142135623730951,1,6.4031242374328485,0.2208630521496931,0.9046998952817776,1.3333333333333333,0,,49,52,92,96,51,55,-7.007947601074732,0.0,0.9999727215274006,True,0,absent,0.5530794707693413
BraTS-GLI-02208-100,sustraccion,prediction_component,45,21,11520.0,1.6984023266599966e-05,3.262372335347067e-08,1.4142135623730951,1,9.848857801796104,0.14359163172354764,0.8263006657894747,1.2,0,,49,55,129,135,33,38,-7.48646647433232,0.0,0.99921556098703,True,0,absent,0.5530794707693413
BraTS-GLI-02208-100,sustraccion,prediction_component,46,82,32768.0,1.3824166311573242e-05,2.1613757442610214e-08,1.4142135623730951,1,18.027756377319946,0.07844645405527362,0.5247348599077022,1.3333333333333333,0,,50,59,183,193,97,109,-7.665269726650299,0.0,0.9880112046808697,True,0,absent,0.5530794707693413
BraTS-GLI-02208-100,sustraccion,prediction_component,50,37,14848.0,2.0450304821397387e-05,4.729899847872578e-08,1.4142135623730951,1,11.575836902790225,0.12216944435630524,0.6841383873286643,1.1666666666666667,0,,54,61,121,128,28,34,-7.32514805502895,0.0,0.9990288910535904,True,0,absent,0.5530794707693413
BraTS-GLI-02208-100,sustraccion,prediction_component,51,12,6144.0,2.4917498197257264e-05,7.022006780482366e-08,1.4142135623730951,1,6.4031242374328485,0.2208630521496931,0.9957510787676723,1.3333333333333333,0,,54,58,170,174,123,126,-7.153538755513696,0.0,0.9999647617941148,True,0,absent,0.5530794707693413
BraTS-GLI-02208-100,sustraccion,prediction_component,52,209,69632.0,1.13745174705491e-05,1.4632493425204031e-08,1.4142135623730951,1,30.364452901377952,0.04657464328326224,0.38414551957990356,1.4,0,,55,70,176,192,113,134,-7.834681662354615,0.0,0.94201751708824,True,0,absent,0.5530794707693413
BraTS-GLI-02208-100,sustraccion,prediction_component,54,48,15872.0,2.4004560294894877e-05,6.516882396253112e-08,1.4142135623730951,1,10.246950765959598,0.13801311186847084,0.6272838722974592,2.0,0,,58,62,64,72,60,65,-7.185960116217715,0.0,0.9994729358848632,True,0,absent,0.5530794707693413
BraTS-GLI-02208-100,sustraccion,prediction_component,56,21,8448.0,2.704509036953757e-05,8.272356597893577e-08,1.4142135623730951,1,7.54983443527075,0.1873171623163388,0.8263006657894747,1.25,0,,59,63,107,111,86,91,-7.082370752639951,0.0,0.9999180069876032,True,0,absent,0.5530794707693413
BraTS-GLI-02208-100,sustraccion,prediction_component,58,12,5376.0,3.04433440619409e-05,1.0481829363285631e-07,1.4142135623730951,1,5.830951894845301,0.24253562503633297,0.9957510787676723,1.3333333333333333,0,,60,63,176,180,63,66,-6.979562914580636,0.0,0.9999873098721701,True,0,absent,0.5530794707693413
BraTS-GLI-02208-100,sustraccion,prediction_component,61,12,5376.0,3.04433440619409e-05,1.0481829363285631e-07,1.4142135623730951,1,5.830951894845301,0.24253562503633297,0.9957510787676723,1.3333333333333333,0,,63,66,68,72,105,108,-6.979562914580636,0.0,0.9999873098721701,True,0,absent,0.5530794707693413
BraTS-GLI-02208-100,sustraccion,prediction_component,62,49,17152.0,2.1813428366440344e-05,5.381461399421018e-08,1.4142135623730951,1,10.392304845413264,0.13608276348795434,0.6229872725752906,1.0,0,,63,69,114,120,127,133,-7.2690997705195795,0.0,0.9992466593320317,True,0,absent,0.5530794707693413
BraTS-GLI-02208-100,sustraccion,prediction_component,63,19,7680.0,2.8230058031136492e-05,9.013135814236922e-08,1.4142135623730951,1,7.54983443527075,0.1873171623163388,0.8543319874271107,1.25,0,,64,68,82,86,60,65,-7.0451240847274565,0.0,0.9999347189956922,True,0,absent,0.5530794707693413
BraTS-GLI-02208-100,sustraccion,prediction_component,64,583,155392.0,9.517558834812923e-06,1.0244800692070309e-08,2.23606797749979,1,46.411205543489174,0.04817948491780727,0.4314776986394649,1.2608695652173914,2,,64,93,81,104,95,123,-7.9894964861818725,1.0986122886681098,0.8764729344185046,True,0,absent,0.5530794707693413
BraTS-GLI-02208-100,sustraccion,prediction_component,65,82,22528.0,2.4251013656838236e-05,6.65138621224128e-08,1.7320508075688772,1,13.038404810405298,0.1328422328310143,0.6426663285123421,1.8,0,,64,69,101,110,62,70,-7.1770878341572,0.0,0.9994694121496328,True,0,absent,0.5530794707693413
BraTS-GLI-02208-100,sustraccion,prediction_component,66,419,127488.0,9.204708951200531e-06,9.582360271983679e-09,1.7320508075688772,1,44.553338819890925,0.03887589243470121,0.3731231164557022,1.1666666666666667,0,,64,89,168,192,41,69,-8.018527504820689,0.0,0.8736898160574812,True,0,absent,0.5530794707693413
BraTS-GLI-02208-100,sustraccion,prediction_component,67,44,20224.0,1.5298614159150346e-05,2.647015940307624e-08,1.4142135623730951,1,12.68857754044952,0.11145564251507058,0.6457438947298227,2.0,0,,65,70,62,68,75,85,-7.577243443373077,0.0,0.9966278811515249,True,0,absent,0.5530794707693413
BraTS-GLI-02208-100,sustraccion,prediction_component,69,14,6144.0,2.9070414563466808e-05,9.557731451212109e-08,1.4142135623730951,1,6.928203230275509,0.20412414523193154,0.9458781407605124,1.0,0,,65,69,135,139,57,61,-7.019645176252469,0.0,0.999966684186979,True,0,absent,0.5530794707693413
BraTS-GLI-02208-100,sustraccion,prediction_component,72,562,136960.0,1.108780793917566e-05,1.3904128173079218e-08,2.23606797749979,1,45.09988913511872,0.04958034310906081,0.43678639253976626,1.12,2,,68,93,77,102,57,85,-7.856856237399691,1.0986122886681098,0.9238638067431547,True,0,absent,0.5530794707693413
BraTS-GLI-02208-100,sustraccion,prediction_component,73,46,17664.0,1.9594051609011914e-05,4.3421104729552795e-08,1.4142135623730951,1,11.090536506409418,0.12751534261266767,0.6362462813425951,1.4,0,,68,75,107,114,48,53,-7.362299131322746,0.0,0.9988153961681205,True,0,absent,0.5530794707693413
BraTS-GLI-02208-100,sustraccion,prediction_component,74,16,6656.0,2.9464563572443515e-05,9.818664009850627e-08,1.4142135623730951,1,6.4031242374328485,0.2208630521496931,0.9046998952817776,1.3333333333333333,0,,68,72,174,178,88,91,-7.007947601074732,0.0,0.9999727215274006,True,0,absent,0.5530794707693413
BraTS-GLI-02208-100,sustraccion,prediction_component,75,12,6144.0,2.4917498197257264e-05,7.022006780482366e-08,1.4142135623730951,1,6.4031242374328485,0.2208630521496931,0.9957510787676723,1.3333333333333333,0,,68,72,176,180,132,135,-7.153538755513696,0.0,0.9999647617941148,True,0,absent,0.5530794707693413
BraTS-GLI-02208-100,sustraccion,prediction_component,76,70,20480.0,2.38837827186562e-05,6.451468729568174e-08,1.4142135623730951,1,12.806248474865697,0.11043152607484655,0.5531528923543089,1.3333333333333333,0,,68,76,188,194,59,67,-7.190341403421445,0.0,0.9989143584560003,True,0,absent,0.5530794707693413
BraTS-GLI-02208-100,sustraccion,prediction_component,77,12,6144.0,2.4917498197257264e-05,7.022006780482366e-08,1.4142135623730951,1,6.4031242374328485,0.2208630521496931,0.9957510787676723,1.3333333333333333,0,,69,72,41,45,85,89,-7.153538755513696,0.0,0.9999647617941148,True,0,absent,0.5530794707693413
BraTS-GLI-02208-100,sustraccion,prediction_component,79,12,5376.0,3.04433440619409e-05,1.0481829363285631e-07,1.4142135623730951,1,5.830951894845301,0.24253562503633297,0.9957510787676723,1.3333333333333333,0,,69,72,146,149,120,124,-6.979562914580636,0.0,0.9999873098721701,True,0,absent,0.5530794707693413
BraTS-GLI-02208-100,sustraccion,prediction_component,80,47,17408.0,2.0463246741274934e-05,4.735888350728337e-08,1.4142135623730951,1,12.68857754044952,0.11145564251507058,0.6317015099045129,2.0,0,,70,80,137,142,123,129,-7.324598544721401,0.0,0.9986261779269228,True,0,absent,0.5530794707693413
BraTS-GLI-02208-100,sustraccion,prediction_component,82,62,25088.0,1.5602443838248632e-05,2.7531991667595183e-08,1.4142135623730951,1,17.4928556845359,0.08084520834544433,0.5759887103099525,1.3333333333333333,0,,70,79,183,192,51,63,-7.560162370555104,0.0,0.9933594638733944,True,0,absent,0.5530794707693413
BraTS-GLI-02208-100,sustraccion,prediction_component,85,90,26880.0,2.0422016035474325e-05,4.716823213478534e-08,1.4142135623730951,1,14.594519519326424,0.09690031662230185,0.5087022959838154,1.4285714285714286,0,,71,81,107,114,149,157,-7.326350400805292,0.0,0.9973847309395979,True,0,absent,0.5530794707693413
BraTS-GLI-02208-100,sustraccion,prediction_component,90,510,139008.0,9.840348597997328e-06,1.095149327869479e-08,1.7320508075688772,1,41.66533331199932,0.04157054966052699,0.34946211829300566,1.1818181818181819,0,,73,95,164,188,112,138,-7.960526659044795,0.0,0.8930263491979786,True,0,absent,0.5530794707693413
BraTS-GLI-02208-100,sustraccion,prediction_component,92,12,6144.0,2.4917498197257264e-05,7.022006780482366e-08,1.4142135623730951,1,6.4031242374328485,0.2208630521496931,0.9957510787676723,1.3333333333333333,0,,74,78,75,79,104,107,-7.153538755513696,0.0,0.9999647617941148,True,0,absent,0.5530794707693413
BraTS-GLI-02208-100,sustraccion,prediction_component,93,26,11520.0,2.102783833007615e-05,5.000824713593235e-08,1.4142135623730951,1,10.392304845413264,0.13608276348795434,0.7695203069187393,1.0,0,,74,80,91,97,26,32,-7.300958367858523,0.0,0.9994661899678051,True,0,absent,0.5530794707693413
BraTS-GLI-02208-100,sustraccion,prediction_component,94,21,8448.0,2.704509036953757e-05,8.272356597893577e-08,1.4142135623730951,1,8.660254037844387,0.1632993161855452,0.8263006657894747,1.0,0,,74,79,144,149,52,57,-7.082370752639951,0.0,0.9998763143430447,True,0,absent,0.5530794707693413
BraTS-GLI-02208-100,sustraccion,prediction_component,95,111,32768.0,1.871320073883695e-05,3.9604863987269544e-08,1.7320508075688772,1,17.72004514666935,0.09774528186766118,0.5809639319388397,1.625,0,,75,88,110,118,47,56,-7.402251473844418,0.0,0.9972768153794761,True,0,absent,0.5530794707693413
BraTS-GLI-02208-100,sustraccion,prediction_component,96,33,12032.0,2.500386843121738e-05,7.070771186141302e-08,1.4142135623730951,1,9.38083151964686,0.15075567228888181,0.7107331206052484,1.5,0,,75,81,114,118,136,142,-7.150533216525505,0.0,0.9997148880965088,True,0,absent,0.5530794707693413
BraTS-GLI-02208-100,sustraccion,prediction_component,98,12,6144.0,2.4917498197257264e-05,7.022006780482366e-08,1.4142135623730951,1,6.4031242374328485,0.2208630521496931,0.9957510787676723,1.3333333333333333,0,,76,79,64,68,108,112,-7.153538755513696,0.0,0.9999647617941148,True,0,absent,0.5530794707693413
BraTS-GLI-02208-100,sustraccion,prediction_component,99,41,17920.0,1.7091368925331385e-05,3.30374159244059e-08,1.4142135623730951,1,12.806248474865697,0.11043152607484655,0.6611244956113513,1.3333333333333333,0,,76,84,133,139,52,60,-7.480993929077427,0.0,0.9977165191170135,True,0,absent,0.5530794707693413
BraTS-GLI-02208-100,sustraccion,prediction_component,102,53,15872.0,2.6505035325613096e-05,7.945278928417965e-08,1.7320508075688772,1,11.0,0.15745916432444337,0.7433012684434964,1.1666666666666667,0,,77,83,169,175,76,83,-7.099890851767311,0.0,0.9998102247321328,True,0,absent,0.5530794707693413
BraTS-GLI-02208-100,sustraccion,prediction_component,103,34,13312.0,2.2136754750950492e-05,5.5421755836852177e-08,1.4142135623730951,1,10.04987562112089,0.1407195089460584,0.7036956967830031,1.75,0,,77,81,189,195,106,113,-7.256319719294015,0.0,0.9994860305787355,True,0,absent,0.5530794707693413
BraTS-GLI-02208-100,sustraccion,prediction_component,104,16,6656.0,2.9464563572443515e-05,9.818664009850627e-08,1.4142135623730951,1,6.4031242374328485,0.2208630521496931,0.9046998952817776,1.3333333333333333,0,,78,82,134,138,148,151,-7.007947601074732,0.0,0.9999727215274006,True,0,absent,0.5530794707693413
BraTS-GLI-02208-100,sustraccion,prediction_component,106,14,7680.0,2.080109539136373e-05,4.8935585030206e-08,1.4142135623730951,1,8.12403840463596,0.17407765595569785,0.9458781407605124,1.25,0,,79,83,87,92,147,152,-7.310375215276639,0.0,0.9998348244721845,True,0,absent,0.5530794707693413
BraTS-GLI-02208-100,sustraccion,prediction_component,107,17,6912.0,2.9583075859084555e-05,9.897808063694699e-08,1.4142135623730951,1,6.557438524302,0.21566554640687685,0.8866010210973454,1.6666666666666667,0,,79,82,93,98,155,158,-7.004460972194542,0.0,0.9999688342840773,True,0,absent,0.5530794707693413
BraTS-GLI-02208-100,sustraccion,prediction_component,109,16,6656.0,2.9464563572443515e-05,9.818664009850627e-08,1.4142135623730951,1,6.4031242374328485,0.2208630521496931,0.9046998952817776,1.3333333333333333,0,,79,83,138,141,53,57,-7.007947601074732,0.0,0.9999727215274006,True,0,absent,0.5530794707693413
BraTS-GLI-02208-100,sustraccion,prediction_component,116,60,23808.0,1.6333034506212596e-05,3.017075183450515e-08,1.4142135623730951,1,13.892443989449804,0.10179731971185753,0.5823187634322541,1.8333333333333333,0,,81,87,109,115,35,46,-7.520413867368646,0.0,0.9960700298414759,True,0,absent,0.5530794707693413
BraTS-GLI-02208-100,sustraccion,prediction_component,119,14,6912.0,2.4362533060422576e-05,6.712700278491907e-08,1.4142135623730951,1,7.0710678118654755,0.2,0.9458781407605124,1.6666666666666667,0,,83,88,31,34,57,61,-7.1731027435946135,0.0,0.9999365514425618,True,0,absent,0.5530794707693413
BraTS-GLI-02208-100,sustraccion,prediction_component,120,17,6912.0,2.9583075859084555e-05,9.897808063694699e-08,1.4142135623730951,1,6.557438524302,0.21566554640687685,0.8866010210973454,1.6666666666666667,0,,83,88,153,156,141,144,-7.004460972194542,0.0,0.9999688342840773,True,0,absent,0.5530794707693413
BraTS-GLI-02208-100,sustraccion,prediction_component,123,40,13568.0,2.530965579832861e-05,7.244774152368004e-08,1.4142135623730951,1,9.797958971132712,0.14433756729740646,0.6665885822069456,2.0,0,,84,92,146,150,143,147,-7.13997514862057,0.0,0.9996482440986403,True,0,absent,0.5530794707693413
BraTS-GLI-02208-100,sustraccion,prediction_component,124,24,9216.0,2.712673611111111e-05,8.322378406497619e-08,1.4142135623730951,1,8.246211251235321,0.17149858514250885,0.7903281549671363,1.5,0,,84,90,161,165,38,42,-7.079752541352778,0.0,0.9998807220911841,True,0,absent,0.5530794707693413
BraTS-GLI-02208-100,sustraccion,prediction_component,127,12,6144.0,2.4917498197257264e-05,7.022006780482366e-08,1.4142135623730951,1,6.4031242374328485,0.2208630521496931,0.9957510787676723,1.3333333333333333,0,,86,90,160,163,44,48,-7.153538755513696,0.0,0.9999647617941148,True,0,absent,0.5530794707693413
BraTS-GLI-02208-100,sustraccion,prediction_component,128,170,58624.0,1.1976660804167797e-05,1.6222727501682512e-08,1.7320508075688772,1,26.019223662515376,0.06656812017278434,0.5040115899468042,1.1428571428571428,0,,87,101,62,77,137,153,-7.789876126737243,0.0,0.9753257075407809,True,0,absent,0.5530794707693413
BraTS-GLI-02208-100,sustraccion,prediction_component,130,30,11776.0,2.347602477839947e-05,6.233062647259764e-08,1.4142135623730951,1,9.0,0.15713484026367724,0.73367566779705,1.75,0,,88,95,139,143,146,150,-7.205298508079525,0.0,0.9997082864148287,True,0,absent,0.5530794707693413
BraTS-GLI-02208-100,sustraccion,prediction_component,132,40,15104.0,2.1548747183001832e-05,5.2516578690230814e-08,1.4142135623730951,1,10.770329614269007,0.13130643285972257,0.6665885822069456,2.0,0,,89,97,113,119,152,156,-7.2797035747446355,0.0,0.9992590519572434,True,0,absent,0.5530794707693413
BraTS-GLI-02208-100,sustraccion,prediction_component,133,19,7680.0,2.8230058031136492e-05,9.013135814236922e-08,1.4142135623730951,1,7.54983443527075,0.1873171623163388,0.8543319874271107,1.25,0,,89,93,129,133,132,137,-7.0451240847274565,0.0,0.9999347189956922,True,0,absent,0.5530794707693413
BraTS-GLI-02208-100,sustraccion,prediction_component,135,33,13568.0,2.0880466033621104e-05,4.930974407455473e-08,1.4142135623730951,1,10.44030650891055,0.13545709229571928,0.7107331206052484,2.6666666666666665,0,,90,93,77,83,26,34,-7.30706725152072,0.0,0.9993351779151051,True,0,absent,0.5530794707693413
BraTS-GLI-02208-100,sustraccion,prediction_component,136,12,6144.0,2.4917498197257264e-05,7.022006780482366e-08,1.4142135623730951,1,6.4031242374328485,0.2208630521496931,0.9957510787676723,1.3333333333333333,0,,90,93,173,177,124,128,-7.153538755513696,0.0,0.9999647617941148,True,0,absent,0.5530794707693413
BraTS-GLI-02208-100,sustraccion,prediction_component,139,41,17920.0,1.7091368925331385e-05,3.30374159244059e-08,1.4142135623730951,1,12.24744871391589,0.11547005383792516,0.6611244956113513,2.0,0,,91,101,143,148,31,36,-7.480993929077427,0.0,0.9979048244389067,True,0,absent,0.5530794707693413
BraTS-GLI-02208-100,sustraccion,prediction_component,140,19,7680.0,2.8230058031136492e-05,9.013135814236922e-08,1.4142135623730951,1,7.54983443527075,0.1873171623163388,0.8543319874271107,1.25,0,,92,96,75,79,36,41,-7.0451240847274565,0.0,0.9999347189956922,True,0,absent,0.5530794707693413
BraTS-GLI-02208-100,sustraccion,prediction_component,141,91,33536.0,1.4817485157024254e-05,2.483140968190678e-08,1.4142135623730951,1,20.42057785666214,0.06925433610644437,0.5068320500705872,1.4,0,,92,106,84,94,128,139,-7.604998624799233,0.0,0.9881440319848455,True,0,absent,0.5530794707693413
BraTS-GLI-02208-100,sustraccion,prediction_component,146,12,6144.0,2.4917498197257264e-05,7.022006780482366e-08,1.4142135623730951,1,6.4031242374328485,0.2208630521496931,0.9957510787676723,1.3333333333333333,0,,93,97,105,109,154,157,-7.153538755513696,0.0,0.9999647617941148,True,0,absent,0.5530794707693413
BraTS-GLI-02208-100,sustraccion,prediction_component,147,52,16384.0,2.47955322265625e-05,6.953432495516717e-08,1.4142135623730951,1,10.677078252031311,0.13245323570650439,0.6107686723568493,1.6,0,,94,102,36,41,119,124,-7.157800757156191,0.0,0.9994502367272982,True,0,absent,0.5530794707693413
BraTS-GLI-02208-100,sustraccion,prediction_component,149,58,21248.0,1.8726253880959502e-05,3.966013494039034e-08,1.4142135623730951,1,14.491376746189438,0.09759000729485333,0.5889365886474403,3.25,0,,95,108,123,127,38,43,-7.401645812476475,0.0,0.9973434480720622,True,0,absent,0.5530794707693413
BraTS-GLI-02208-100,sustraccion,prediction_component,151,12,6144.0,2.4917498197257264e-05,7.022006780482366e-08,1.4142135623730951,1,6.4031242374328485,0.2208630521496931,0.9957510787676723,1.3333333333333333,0,,96,100,127,131,121,124,-7.153538755513696,0.0,0.9999647617941148,True,0,absent,0.5530794707693413
BraTS-GLI-02208-100,sustraccion,prediction_component,155,12,5376.0,3.04433440619409e-05,1.0481829363285631e-07,1.4142135623730951,1,5.830951894845301,0.24253562503633297,0.9957510787676723,1.3333333333333333,0,,98,101,31,34,82,86,-6.979562914580636,0.0,0.9999873098721701,True,0,absent,0.5530794707693413
BraTS-GLI-02208-100,sustraccion,prediction_component,157,29,11264.0,2.4258225854367744e-05,6.655343015460936e-08,1.4142135623730951,1,8.774964387392123,0.16116459280507606,0.742013605090188,1.5,0,,98,102,67,73,133,138,-7.176829556134778,0.0,0.999761579832224,True,0,absent,0.5530794707693413
BraTS-GLI-02208-100,sustraccion,prediction_component,159,12,5376.0,3.04433440619409e-05,1.0481829363285631e-07,1.4142135623730951,1,5.830951894845301,0.24253562503633297,0.9957510787676723,1.3333333333333333,0,,99,102,159,163,45,48,-6.979562914580636,0.0,0.9999873098721701,True,0,absent,0.5530794707693413
BraTS-GLI-02208-100,sustraccion,prediction_component,160,12,5376.0,3.04433440619409e-05,1.0481829363285631e-07,1.4142135623730951,1,5.830951894845301,0.24253562503633297,0.9957510787676723,1.3333333333333333,0,,100,104,96,99,154,157,-6.979562914580636,0.0,0.9999873098721701,True,0,absent,0.5530794707693413
BraTS-GLI-02208-100,sustraccion,prediction_component,161,17,7168.0,2.8012503667152895e-05,8.874752009735003e-08,1.4142135623730951,1,6.928203230275509,0.20412414523193154,0.8866010210973454,1.0,0,,100,104,116,120,149,153,-7.051843773744237,0.0,0.9999546688380104,True,0,absent,0.5530794707693413
BraTS-GLI-02208-100,sustraccion,prediction_component,166,12,5376.0,3.04433440619409e-05,1.0481829363285631e-07,1.4142135623730951,1,5.830951894845301,0.24253562503633297,0.9957510787676723,1.3333333333333333,0,,102,105,53,56,89,93,-6.979562914580636,0.0,0.9999873098721701,True,0,absent,0.5530794707693413
BraTS-GLI-02208-100,sustraccion,prediction_component,168,12,6144.0,2.4917498197257264e-05,7.022006780482366e-08,1.4142135623730951,1,6.4031242374328485,0.2208630521496931,0.9957510787676723,1.3333333333333333,0,,102,106,166,169,122,126,-7.153538755513696,0.0,0.9999647617941148,True,0,absent,0.5530794707693413
BraTS-GLI-02208-100,sustraccion,prediction_component,169,12,6144.0,2.4917498197257264e-05,7.022006780482366e-08,1.4142135623730951,1,6.4031242374328485,0.2208630521496931,0.9957510787676723,1.3333333333333333,0,,102,106,173,176,111,115,-7.153538755513696,0.0,0.9999647617941148,True,0,absent,0.5530794707693413
BraTS-GLI-02208-100,sustraccion,prediction_component,171,113,32256.0,1.9505751085136587e-05,4.303063243949146e-08,1.7320508075688772,1,17.378147196982766,0.09966832412776432,0.5775159935737552,1.2222222222222223,0,,103,112,131,141,92,103,-7.366222270859977,0.0,0.9976708294540177,True,0,absent,0.5530794707693413
BraTS-GLI-02208-100,sustraccion,prediction_component,173,12,5376.0,3.04433440619409e-05,1.0481829363285631e-07,1.4142135623730951,1,5.830951894845301,0.24253562503633297,0.9957510787676723,1.3333333333333333,0,,104,108,107,110,139,142,-6.979562914580636,0.0,0.9999873098721701,True,0,absent,0.5530794707693413
BraTS-GLI-02208-100,sustraccion,prediction_component,178,19,9216.0,2.147533275462963e-05,5.2159350776834036e-08,1.4142135623730951,1,8.774964387392123,0.16116459280507606,0.8543319874271107,1.5,0,,106,111,104,108,123,129,-7.282667822870332,0.0,0.9997518194144487,True,0,absent,0.5530794707693413
BraTS-GLI-02208-100,sustraccion,prediction_component,180,32,13312.0,2.0834592706776936e-05,4.909332004925314e-08,1.4142135623730951,1,9.848857801796104,0.14359163172354764,0.7180607827429069,1.2,0,,106,111,146,152,35,41,-7.308977596738713,0.0,0.9994307544261384,True,0,absent,0.5530794707693413
BraTS-GLI-02208-100,sustraccion,prediction_component,182,69,25344.0,1.710158451035887e-05,3.30769209394233e-08,1.4142135623730951,1,13.92838827718412,0.10153461651336192,0.5558123221420062,1.2857142857142858,0,,107,116,113,120,144,152,-7.480474924792267,0.0,0.9963013686727208,True,0,absent,0.5530794707693413
BraTS-GLI-02208-100,sustraccion,prediction_component,183,17,8448.0,2.1893644584863748e-05,5.421113507463137e-08,1.4142135623730951,1,7.681145747868608,0.1841149235796647,0.8866010210973454,1.6666666666666667,0,,107,110,117,122,80,85,-7.265911499351242,0.0,0.9998578877526196,True,0,absent,0.5530794707693413
BraTS-GLI-02208-100,sustraccion,prediction_component,185,17,7168.0,2.8012503667152895e-05,8.874752009735003e-08,1.4142135623730951,1,6.928203230275509,0.20412414523193154,0.8866010210973454,1.0,0,,108,112,53,57,47,51,-7.051843773744237,0.0,0.9999546688380104,True,0,absent,0.5530794707693413
BraTS-GLI-02208-100,sustraccion,prediction_component,187,12,5376.0,3.04433440619409e-05,1.0481829363285631e-07,1.4142135623730951,1,5.830951894845301,0.24253562503633297,0.9957510787676723,1.3333333333333333,0,,108,111,118,122,88,91,-6.979562914580636,0.0,0.9999873098721701,True,0,absent,0.5530794707693413
BraTS-GLI-02208-100,sustraccion,prediction_component,189,70,21760.0,2.1807691933745882e-05,5.378631369084315e-08,1.4142135623730951,1,13.601470508735444,0.10397504898200727,0.5531528923543089,1.6666666666666667,0,,109,115,69,79,28,35,-7.269328219588492,0.0,0.9983719091075512,True,0,absent,0.5530794707693413
BraTS-GLI-02208-100,sustraccion,prediction_component,190,29,13056.0,1.943939684666642e-05,4.27383690608457e-08,1.4142135623730951,1,10.04987562112089,0.1407195089460584,0.742013605090188,1.75,0,,109,113,90,96,74,81,-7.369182054970024,0.0,0.999305919969711,True,0,absent,0.5530794707693413
BraTS-GLI-02208-100,sustraccion,prediction_component,191,20,7680.0,2.9715850559091044e-05,9.986854087797143e-08,1.4142135623730951,1,6.928203230275509,0.20412414523193154,0.8398489863421099,1.0,0,,109,113,96,100,149,153,-7.000571295305153,0.0,0.9999566064095123,True,0,absent,0.5530794707693413
BraTS-GLI-02208-100,sustraccion,prediction_component,192,14,6144.0,2.9070414563466808e-05,9.557731451212109e-08,1.4142135623730951,1,6.928203230275509,0.20412414523193154,0.9458781407605124,1.0,0,,109,113,101,105,81,85,-7.019645176252469,0.0,0.999966684186979,True,0,absent,0.5530794707693413
BraTS-GLI-02208-100,sustraccion,prediction_component,193,19,8448.0,2.446936747720066e-05,6.771702339772293e-08,1.4142135623730951,1,8.12403840463596,0.17407765595569785,0.8543319874271107,1.25,0,,109,114,132,136,127,132,-7.169302140202132,0.0,0.999869749706771,True,0,absent,0.5530794707693413
BraTS-GLI-02208-100,sustraccion,prediction_component,195,14,7680.0,2.080109539136373e-05,4.8935585030206e-08,1.4142135623730951,1,7.810249675906654,0.1810714920850371,0.9458781407605124,2.0,0,,111,117,70,74,40,43,-7.310375215276639,0.0,0.9998534593399278,True,0,absent,0.5530794707693413
BraTS-GLI-02208-100,sustraccion,prediction_component,196,12,5376.0,3.04433440619409e-05,1.0481829363285631e-07,1.4142135623730951,1,5.830951894845301,0.24253562503633297,0.9957510787676723,1.3333333333333333,0,,111,115,87,90,139,142,-6.979562914580636,0.0,0.9999873098721701,True,0,absent,0.5530794707693413
BraTS-GLI-02208-100,sustraccion,prediction_component,197,216,73472.0,1.0846033914093663e-05,1.3304369244500618e-08,1.4142135623730951,1,32.37282811247729,0.0436852028330519,0.37995014730106635,1.1111111111111112,0,,111,131,94,112,135,153,-7.876005710374243,0.0,0.9289499959698788,True,0,absent,0.5530794707693413
BraTS-GLI-02208-100,sustraccion,prediction_component,199,20,7936.0,2.8289645606535866e-05,9.051225550351545e-08,1.4142135623730951,1,7.0710678118654755,0.2,0.8398489863421099,1.6666666666666667,0,,112,115,99,103,76,81,-7.043292612648983,0.0,0.9999453694507522,True,0,absent,0.5530794707693413
BraTS-GLI-02208-100,sustraccion,prediction_component,200,12,6144.0,2.4917498197257264e-05,7.022006780482366e-08,1.4142135623730951,1,6.4031242374328485,0.2208630521496931,0.9957510787676723,1.3333333333333333,0,,114,117,148,152,44,48,-7.153538755513696,0.0,0.9999647617941148,True,0,absent,0.5530794707693413
BraTS-GLI-02208-100,sustraccion,prediction_component,204,156,56832.0,1.1514237644877423e-05,1.4994181062858523e-08,1.4142135623730951,1,24.535688292770594,0.0576390417704235,0.42348334499879026,1.4545454545454546,0,,115,131,153,164,66,81,-7.824077249117121,0.0,0.9585699276670269,True,0,absent,0.5530794707693413
BraTS-GLI-02208-100,sustraccion,prediction_component,205,14,6144.0,2.9070414563466808e-05,9.557731451212109e-08,1.4142135623730951,1,6.928203230275509,0.20412414523193154,0.9458781407605124,1.0,0,,116,120,112,116,96,100,-7.019645176252469,0.0,0.999966684186979,True,0,absent,0.5530794707693413
BraTS-GLI-02208-100,sustraccion,prediction_component,207,12,6144.0,2.4917498197257264e-05,7.022006780482366e-08,1.4142135623730951,1,6.4031242374328485,0.2208630521496931,0.9957510787676723,1.3333333333333333,0,,117,120,49,53,125,129,-7.153538755513696,0.0,0.9999647617941148,True,0,absent,0.5530794707693413
BraTS-GLI-02208-100,sustraccion,prediction_component,208,12,6144.0,2.4917498197257264e-05,7.022006780482366e-08,1.4142135623730951,1,6.4031242374328485,0.2208630521496931,0.9957510787676723,1.3333333333333333,0,,117,120,78,82,76,80,-7.153538755513696,0.0,0.9999647617941148,True,0,absent,0.5530794707693413
BraTS-GLI-02208-100,sustraccion,prediction_component,209,22,8192.0,2.9671381351669397e-05,9.956986177012105e-08,1.4142135623730951,1,7.54983443527075,0.1873171623163388,0.8135863258112027,1.25,0,,117,122,93,97,40,44,-7.001872095789433,0.0,0.9999368199508919,True,0,absent,0.5530794707693413
BraTS-GLI-02208-100,sustraccion,prediction_component,210,12,5376.0,3.04433440619409e-05,1.0481829363285631e-07,1.4142135623730951,1,5.830951894845301,0.24253562503633297,0.9957510787676723,1.3333333333333333,0,,117,121,109,112,129,132,-6.979562914580636,0.0,0.9999873098721701,True,0,absent,0.5530794707693413
BraTS-GLI-02208-100,sustraccion,prediction_component,212,19,9216.0,2.147533275462963e-05,5.2159350776834036e-08,1.4142135623730951,1,8.246211251235321,0.17149858514250885,0.8543319874271107,1.5,0,,117,121,159,163,105,111,-7.282667822870332,0.0,0.9997920508040219,True,0,absent,0.5530794707693413
BraTS-GLI-02208-100,sustraccion,prediction_component,216,108,40448.0,1.3276334227121681e-05,1.9934655170291923e-08,1.7320508075688772,1,22.494443758403985,0.0769990503509018,0.5862941740078701,1.7777777777777777,0,,120,133,72,81,32,48,-7.700391272363496,0.0,0.9884619243897146,True,0,absent,0.5530794707693413
BraTS-GLI-02208-100,sustraccion,prediction_component,217,19,8448.0,2.446936747720066e-05,6.771702339772293e-08,1.4142135623730951,1,7.810249675906654,0.1810714920850371,0.8543319874271107,2.0,0,,120,123,116,122,96,100,-7.169302140202132,0.0,0.9998844448146892,True,0,absent,0.5530794707693413
BraTS-GLI-02208-100,sustraccion,prediction_component,222,29,13312.0,1.8881349640516597e-05,4.031980679826356e-08,1.4142135623730951,1,10.488088481701515,0.13483997249264842,0.742013605090188,1.4,0,,123,130,107,112,40,46,-7.394481557580613,0.0,0.9991564180923301,True,0,absent,0.5530794707693413
BraTS-GLI-02208-100,sustraccion,prediction_component,225,550,142080.0,1.0269830288741594e-05,1.1928309721274694e-08,2.0,1,41.96427051671457,0.04765959172823916,0.39349447203652255,1.55,1,,125,145,95,115,49,80,-7.923421092853669,0.6931471805599453,0.9033415851387049,True,0,absent,0.5530794707693413
BraTS-GLI-02208-100,sustraccion,prediction_component,227,28,12288.0,2.055588726973155e-05,4.7788657256060547e-08,1.4142135623730951,1,10.04987562112089,0.1407195089460584,0.7507439778384809,1.75,0,,125,131,140,144,51,58,-7.3206751719164505,0.0,0.9994367260151771,True,0,absent,0.5530794707693413
BraTS-GLI-02208-100,sustraccion,prediction_component,229,111,38400.0,1.47511589327763e-05,2.4609605843149718e-08,1.7320508075688772,1,19.8997487421324,0.08703882797784891,0.5809639319388397,1.4,0,,126,136,143,153,102,116,-7.608895342067856,0.0,0.9929489843571848,True,0,absent,0.5530794707693413
BraTS-GLI-02208-100,sustraccion,prediction_component,230,19,9216.0,2.147533275462963e-05,5.2159350776834036e-08,1.4142135623730951,1,8.12403840463596,0.17407765595569785,0.8543319874271107,1.25,0,,126,130,152,157,64,69,-7.282667822870332,0.0,0.9998010302511836,True,0,absent,0.5530794707693413
BraTS-GLI-02208-100,sustraccion,prediction_component,232,17,7168.0,2.8012503667152895e-05,8.874752009735003e-08,1.4142135623730951,1,6.928203230275509,0.20412414523193154,0.8866010210973454,1.0,0,,128,132,123,127,124,128,-7.051843773744237,0.0,0.9999546688380104,True,0,absent,0.5530794707693413
BraTS-GLI-02208-100,sustraccion,prediction_component,235,26,10752.0,2.3320586280543092e-05,6.150795702761359e-08,1.4142135623730951,1,8.660254037844387,0.1632993161855452,0.7695203069187393,1.0,0,,129,134,92,97,54,59,-7.211068697726193,0.0,0.9997605327815366,True,0,absent,0.5530794707693413
BraTS-GLI-02208-100,sustraccion,prediction_component,237,22,9472.0,2.386492900600362e-05,6.441287249488336e-08,1.4142135623730951,1,8.12403840463596,0.17407765595569785,0.8135863258112027,1.25,0,,130,134,87,92,130,135,-7.1910273330307,0.0,0.9998392903882414,True,0,absent,0.5530794707693413
BraTS-GLI-02208-100,sustraccion,prediction_component,238,12,5376.0,3.04433440619409e-05,1.0481829363285631e-07,1.4142135623730951,1,5.830951894845301,0.24253562503633297,0.9957510787676723,1.3333333333333333,0,,131,134,98,101,42,46,-6.979562914580636,0.0,0.9999873098721701,True,0,absent,0.5530794707693413
BraTS-GLI-02208-100,sustraccion,prediction_component,240,21,8960.0,2.476037855649951e-05,6.933730123813445e-08,1.4142135623730951,1,7.54983443527075,0.1873171623163388,0.8263006657894747,1.25,0,,133,137,133,137,62,67,-7.159033066057116,0.0,0.999890800950803,True,0,absent,0.5530794707693413
BraTS-GLI-02208-100,sustraccion,prediction_component,242,24,9216.0,2.712673611111111e-05,8.322378406497619e-08,1.4142135623730951,1,7.681145747868608,0.1841149235796647,0.7903281549671363,1.6666666666666667,0,,135,140,115,120,111,114,-7.079752541352778,0.0,0.9999038888114969,True,0,absent,0.5530794707693413
BraTS-GLI-02208-100,sustraccion,prediction_component,244,111,35840.0,1.6359535831972892e-05,3.026873896524428e-08,1.4142135623730951,1,21.42428528562855,0.06600983619844496,0.4743550640703908,2.4285714285714284,0,,138,145,86,97,61,78,-7.519005671935527,0.0,0.9899103886489132,True,0,absent,0.5530794707693413
BraTS-GLI-02208-100,sustraccion,prediction_component,245,19,8448.0,2.446936747720066e-05,6.771702339772293e-08,1.4142135623730951,1,7.810249675906654,0.1810714920850371,0.8543319874271107,2.0,0,,143,146,99,105,77,81,-7.169302140202132,0.0,0.9998844448146892,True,0,absent,0.5530794707693413
BraTS-GLI-02208-100,gmm_2d,prediction_component,1,128984,24484864.0,1.0646069495486352e-06,1.281831580607023e-10,5.656854249492381,4,246.64954895559814,0.022934784488540572,0.18047868249326035,1.2,403,,16,146,42,198,20,160,-9.892169032865533,6.0014148779611505,0.0002522016122995238,False,0,absent,0.5530794707693413
BraTS-GLI-02208-100,gmm_2d,prediction_component,2,25,9984.0,2.5060120224403912e-05,7.102621534903521e-08,1.7320508075688772,1,8.660254037844387,0.19999999999999996,0.9548683406603533,1.0,0,,22,27,58,63,60,65,-7.14858132620955,0.0,0.999943732308326,True,0,absent,0.5530794707693413
BraTS-GLI-02208-100,gmm_2d,prediction_component,3,25,9984.0,2.5060120224403912e-05,7.102621534903521e-08,1.7320508075688772,1,8.660254037844387,0.19999999999999996,0.9548683406603533,1.0,0,,22,27,59,64,67,72,-7.14858132620955,0.0,0.999943732308326,True,0,absent,0.5530794707693413
BraTS-GLI-02208-100,gmm_2d,prediction_component,4,50,19968.0,1.772018094802615e-05,3.551310767451761e-08,1.7320508075688772,1,12.206555615733702,0.14189513095212064,0.757879504227687,1.3333333333333333,0,,26,32,62,70,44,51,-7.449611321873531,0.0,0.9991263213774584,True,0,absent,0.5530794707693413
BraTS-GLI-02208-100,gmm_2d,prediction_component,5,107,29952.0,2.0641679811343816e-05,4.818839345369506e-08,1.7320508075688772,1,14.866068747318506,0.1165103456070926,0.5881149750574316,1.8333333333333333,0,,27,33,52,63,108,116,-7.3170575523421935,0.0,0.9985939271659465,True,0,absent,0.5530794707693413
BraTS-GLI-02208-100,gmm_2d,prediction_component,6,25,9984.0,2.5060120224403912e-05,7.102621534903521e-08,1.7320508075688772,1,8.660254037844387,0.19999999999999996,0.9548683406603533,1.0,0,,27,32,57,62,48,53,-7.14858132620955,0.0,0.999943732308326,True,0,absent,0.5530794707693413
BraTS-GLI-02208-100,gmm_2d,prediction_component,7,25,9984.0,2.5060120224403912e-05,7.102621534903521e-08,1.7320508075688772,1,8.660254037844387,0.19999999999999996,0.9548683406603533,1.0,0,,27,32,77,82,42,47,-7.14858132620955,0.0,0.999943732308326,True,0,absent,0.5530794707693413
BraTS-GLI-02208-100,gmm_2d,prediction_component,8,25,9984.0,2.5060120224403912e-05,7.102621534903521e-08,1.7320508075688772,1,8.660254037844387,0.19999999999999996,0.9548683406603533,1.0,0,,28,33,122,127,133,138,-7.14858132620955,0.0,0.999943732308326,True,0,absent,0.5530794707693413
BraTS-GLI-02208-100,gmm_2d,prediction_component,9,25,9984.0,2.5060120224403912e-05,7.102621534903521e-08,1.7320508075688772,1,8.660254037844387,0.19999999999999996,0.9548683406603533,1.0,0,,28,33,126,131,130,135,-7.14858132620955,0.0,0.999943732308326,True,0,absent,0.5530794707693413
BraTS-GLI-02208-100,gmm_2d,prediction_component,10,636,158720.0,1.0057953731059201e-05,1.144120165692187e-08,2.23606797749979,1,40.47221268969612,0.055249462010983,0.41914295097718657,1.1363636363636365,3,,29,51,44,69,37,60,-7.941528359672062,1.3862943611198906,0.8917671943414757,True,0,absent,0.5530794707693413
BraTS-GLI-02208-100,gmm_2d,prediction_component,11,25,9984.0,2.5060120224403912e-05,7.102621534903521e-08,1.7320508075688772,1,8.660254037844387,0.19999999999999996,0.9548683406603533,1.0,0,,29,34,85,90,125,130,-7.14858132620955,0.0,0.999943732308326,True,0,absent,0.5530794707693413
BraTS-GLI-02208-100,gmm_2d,prediction_component,12,47,14592.0,2.6664020003279646e-05,8.040880842667987e-08,1.7320508075688772,1,9.848857801796104,0.17586311452816475,0.7736731845058752,1.2,0,,30,35,51,57,118,124,-7.094696373620167,0.0,0.9998766147113484,True,0,absent,0.5530794707693413
BraTS-GLI-02208-100,gmm_2d,prediction_component,13,25,9984.0,2.5060120224403912e-05,7.102621534903521e-08,1.7320508075688772,1,8.660254037844387,0.19999999999999996,0.9548683406603533,1.0,0,,31,36,42,47,67,72,-7.14858132620955,0.0,0.999943732308326,True,0,absent,0.5530794707693413
BraTS-GLI-02208-100,gmm_2d,prediction_component,14,25,9984.0,2.5060120224403912e-05,7.102621534903521e-08,1.7320508075688772,1,8.660254037844387,0.19999999999999996,0.9548683406603533,1.0,0,,31,36,61,66,42,47,-7.14858132620955,0.0,0.999943732308326,True,0,absent,0.5530794707693413
BraTS-GLI-02208-100,gmm_2d,prediction_component,15,180,43264.0,2.0002418070095584e-05,4.524987396437761e-08,2.23606797749979,1,17.291616465790582,0.12931515002796792,0.6383963131658954,1.8571428571428572,2,,31,38,129,138,124,137,-7.344382626108536,1.0986122886681098,0.9983654166920505,True,0,absent,0.5530794707693413
BraTS-GLI-02208-100,gmm_2d,prediction_component,16,219,52992.0,1.795265349742232e-05,3.645101876241129e-08,2.23606797749979,1,20.493901531919196,0.1091089451179962,0.5979981406674731,2.0,1,,32,40,113,129,137,147,-7.438290329164644,0.6931471805599453,0.9968195213261473,True,0,absent,0.5530794707693413
BraTS-GLI-02208-100,gmm_2d,prediction_component,17,277,65792.0,1.6414215695853037e-05,3.0471416659547964e-08,2.449489742783178,1,24.919871588754223,0.09829463743659808,0.6057292864931153,2.375,1,,32,40,115,134,43,57,-7.516107354339114,0.6931471805599453,0.9950133919240892,True,0,absent,0.5530794707693413
BraTS-GLI-02208-100,gmm_2d,prediction_component,18,25,9984.0,2.5060120224403912e-05,7.102621534903521e-08,1.7320508075688772,1,8.660254037844387,0.19999999999999996,0.9548683406603533,1.0,0,,33,38,87,92,50,55,-7.14858132620955,0.0,0.999943732308326,True,0,absent,0.5530794707693413
BraTS-GLI-02208-100,gmm_2d,prediction_component,19,124,30464.0,2.3320684584981087e-05,6.150847558386419e-08,2.23606797749979,1,15.652475842498529,0.14285714285714285,0.7228374473441562,1.25,1,,33,43,102,111,85,93,-7.211065036327249,0.6931471805599453,0.9994844474496292,True,0,absent,0.5530794707693413
BraTS-GLI-02208-100,gmm_2d,prediction_component,20,25,9984.0,2.5060120224403912e-05,7.102621534903521e-08,1.7320508075688772,1,8.660254037844387,0.19999999999999996,0.9548683406603533,1.0,0,,33,38,110,115,57,62,-7.14858132620955,0.0,0.999943732308326,True,0,absent,0.5530794707693413
BraTS-GLI-02208-100,gmm_2d,prediction_component,21,84,26880.0,1.9060548299776035e-05,4.108877110407967e-08,1.7320508075688772,1,13.601470508735444,0.12734290799340264,0.6375247776221004,1.6666666666666667,0,,34,44,71,78,138,144,-7.386276847560178,0.0,0.9987058768872416,True,0,absent,0.5530794707693413
BraTS-GLI-02208-100,gmm_2d,prediction_component,22,25,9984.0,2.5060120224403912e-05,7.102621534903521e-08,1.7320508075688772,1,8.660254037844387,0.19999999999999996,0.9548683406603533,1.0,0,,35,40,45,50,100,105,-7.14858132620955,0.0,0.999943732308326,True,0,absent,0.5530794707693413
BraTS-GLI-02208-100,gmm_2d,prediction_component,23,25,9984.0,2.5060120224403912e-05,7.102621534903521e-08,1.7320508075688772,1,8.660254037844387,0.19999999999999996,0.9548683406603533,1.0,0,,36,41,75,80,34,39,-7.14858132620955,0.0,0.999943732308326,True,0,absent,0.5530794707693413
BraTS-GLI-02208-100,gmm_2d,prediction_component,24,116,36864.0,1.6389069733796298e-05,3.0378126041078546e-08,1.7320508075688772,1,17.11724276862369,0.1011874886032327,0.5724938610883553,1.7142857142857142,0,,36,46,100,112,141,148,-7.51743902030604,0.0,0.9959491520595168,True,0,absent,0.5530794707693413
BraTS-GLI-02208-100,gmm_2d,prediction_component,25,219,66048.0,1.290192782085256e-05,1.882615323591157e-08,1.7320508075688772,1,27.367864366808018,0.06328775911610858,0.46320736797362466,2.375,0,,37,55,95,114,41,49,-7.725238410683581,0.0,0.9766452735671363,True,0,absent,0.5530794707693413
BraTS-GLI-02208-100,gmm_2d,prediction_component,26,25,9984.0,2.5060120224403912e-05,7.102621534903521e-08,1.7320508075688772,1,8.660254037844387,0.19999999999999996,0.9548683406603533,1.0,0,,37,42,114,119,36,41,-7.14858132620955,0.0,0.999943732308326,True,0,absent,0.5530794707693413
BraTS-GLI-02208-100,gmm_2d,prediction_component,27,25,9984.0,2.5060120224403912e-05,7.102621534903521e-08,1.7320508075688772,1,8.660254037844387,0.19999999999999996,0.9548683406603533,1.0,0,,38,43,138,143,58,63,-7.14858132620955,0.0,0.999943732308326,True,0,absent,0.5530794707693413
BraTS-GLI-02208-100,gmm_2d,prediction_component,28,25,9984.0,2.5060120224403912e-05,7.102621534903521e-08,1.7320508075688772,1,8.660254037844387,0.19999999999999996,0.9548683406603533,1.0,0,,39,44,123,128,36,41,-7.14858132620955,0.0,0.999943732308326,True,0,absent,0.5530794707693413
BraTS-GLI-02208-100,gmm_2d,prediction_component,29,25,9984.0,2.5060120224403912e-05,7.102621534903521e-08,1.7320508075688772,1,8.660254037844387,0.19999999999999996,0.9548683406603533,1.0,0,,40,45,119,124,71,76,-7.14858132620955,0.0,0.999943732308326,True,0,absent,0.5530794707693413
BraTS-GLI-02208-100,gmm_2d,prediction_component,30,74,20224.0,2.5729487449480127e-05,7.487117401407309e-08,2.23606797749979,1,11.575836902790225,0.19316685232156397,0.8585599625046239,1.1666666666666667,1,,40,47,123,130,141,147,-7.1256853568834995,0.6931471805599453,0.999896899811972,True,0,absent,0.5530794707693413
BraTS-GLI-02208-100,gmm_2d,prediction_component,31,175,49408.0,1.593463563352867e-05,2.8716839961928467e-08,2.0,1,18.57417562100671,0.1076763804116331,0.5763861224970184,2.0,1,,42,56,136,143,37,47,-7.54186335212486,0.6931471805599453,0.9948697268891353,True,0,absent,0.5530794707693413
BraTS-GLI-02208-100,gmm_2d,prediction_component,32,25,9984.0,2.5060120224403912e-05,7.102621534903521e-08,1.7320508075688772,1,8.660254037844387,0.19999999999999996,0.9548683406603533,1.0,0,,42,47,142,147,133,138,-7.14858132620955,0.0,0.999943732308326,True,0,absent,0.5530794707693413
BraTS-GLI-02208-100,gmm_2d,prediction_component,33,38,13824.0,2.3379381024587062e-05,6.181848980958109e-08,1.7320508075688772,1,9.848857801796104,0.17586311452816475,0.8304795924748166,1.2,0,,44,49,96,102,146,152,-7.2088816087094125,0.0,0.9998420452008846,True,0,absent,0.5530794707693413
BraTS-GLI-02208-100,gmm_2d,prediction_component,34,178,49920.0,1.5959090492164845e-05,2.8805050971121042e-08,1.7320508075688772,1,20.663978319771825,0.08381981343406689,0.4963448229063114,1.6666666666666667,0,,44,53,161,176,73,84,-7.540531351943894,0.0,0.9924611980764749,True,0,absent,0.5530794707693413
BraTS-GLI-02208-100,gmm_2d,prediction_component,35,90,26112.0,2.1329579998635852e-05,5.1453743964454543e-08,1.7320508075688772,1,13.45362404707371,0.12874232262686236,0.623030528071304,1.5,0,,45,53,109,118,148,154,-7.288583018881231,0.0,0.9990815366447792,True,0,absent,0.5530794707693413
BraTS-GLI-02208-100,gmm_2d,prediction_component,36,273,68864.0,1.5106862594385857e-05,2.5810768262785865e-08,2.23606797749979,1,23.366642891095847,0.0956948752938691,0.5556401965347587,1.4545454545454546,1,,45,58,178,189,94,110,-7.588199068399839,0.6931471805599453,0.9920253486663619,True,0,absent,0.5530794707693413
BraTS-GLI-02208-100,gmm_2d,prediction_component,37,55,17664.0,2.3427670402079463e-05,6.207412183690794e-08,1.7320508075688772,1,10.488088481701515,0.1651445647689541,0.7341800862769029,1.4,0,,46,53,136,142,139,144,-7.207089415697406,0.0,0.9997443545555974,True,0,absent,0.5530794707693413
BraTS-GLI-02208-100,gmm_2d,prediction_component,38,25,9984.0,2.5060120224403912e-05,7.102621534903521e-08,1.7320508075688772,1,8.660254037844387,0.19999999999999996,0.9548683406603533,1.0,0,,46,51,152,157,94,99,-7.14858132620955,0.0,0.999943732308326,True,0,absent,0.5530794707693413
BraTS-GLI-02208-100,gmm_2d,prediction_component,39,25,9984.0,2.5060120224403912e-05,7.102621534903521e-08,1.7320508075688772,1,8.660254037844387,0.19999999999999996,0.9548683406603533,1.0,0,,47,52,76,81,138,143,-7.14858132620955,0.0,0.999943732308326,True,0,absent,0.5530794707693413
BraTS-GLI-02208-100,gmm_2d,prediction_component,40,296,90368.0,1.0896065493458376e-05,1.3427395572912256e-08,2.23606797749979,1,27.477263328068172,0.08137884587711594,0.5408588846782643,1.4615384615384615,1,,48,63,180,193,63,82,-7.872008216519718,0.6931471805599453,0.9698437246957795,True,0,absent,0.5530794707693413
BraTS-GLI-02208-100,gmm_2d,prediction_component,41,69,20480.0,2.3542585822675396e-05,6.268457677851852e-08,1.7320508075688772,1,11.661903789690601,0.14852213144650114,0.6807282909996718,1.3333333333333333,0,,49,55,68,76,134,140,-7.202839301975447,0.0,0.9996039683363209,True,0,absent,0.5530794707693413
BraTS-GLI-02208-100,gmm_2d,prediction_component,42,80,22016.0,2.4489637809647167e-05,6.782926292540855e-08,2.23606797749979,1,12.206555615733702,0.18318582636182795,0.836535821912104,1.3333333333333333,1,,49,55,169,177,103,110,-7.168582902220944,0.6931471805599453,0.9998460587754016,True,0,absent,0.5530794707693413
BraTS-GLI-02208-100,gmm_2d,prediction_component,43,75,29952.0,1.4468467157483984e-05,2.367540511634507e-08,1.7320508075688772,1,14.730919862656235,0.11757927025044307,0.6620687295173385,1.6666666666666667,0,,50,56,34,43,67,77,-7.625702580929213,0.0,0.9965440346646567,True,0,absent,0.5530794707693413
BraTS-GLI-02208-100,gmm_2d,prediction_component,44,73,21760.0,2.274230730233499e-05,5.849536033847003e-08,2.23606797749979,1,12.12435565298214,0.18442777839082938,0.8624625614222922,1.0,1,,50,57,33,40,79,86,-7.232878579376094,0.6931471805599453,0.9998234565559118,True,0,absent,0.5530794707693413
BraTS-GLI-02208-100,gmm_2d,prediction_component,45,60,19968.0,2.126421713763138e-05,5.113887505130535e-08,1.7320508075688772,1,11.575836902790225,0.14962640041614492,0.7131919190287451,1.1666666666666667,0,,50,56,43,50,59,66,-7.291248829778281,0.0,0.9995120434427835,True,0,absent,0.5530794707693413
BraTS-GLI-02208-100,gmm_2d,prediction_component,46,25,9984.0,2.5060120224403912e-05,7.102621534903521e-08,1.7320508075688772,1,8.660254037844387,0.19999999999999996,0.9548683406603533,1.0,0,,50,55,102,107,29,34,-7.14858132620955,0.0,0.999943732308326,True,0,absent,0.5530794707693413
BraTS-GLI-02208-100,gmm_2d,prediction_component,47,25,9984.0,2.5060120224403912e-05,7.102621534903521e-08,1.7320508075688772,1,8.660254037844387,0.19999999999999996,0.9548683406603533,1.0,0,,50,55,126,131,32,37,-7.14858132620955,0.0,0.999943732308326,True,0,absent,0.5530794707693413
BraTS-GLI-02208-100,gmm_2d,prediction_component,48,83,26112.0,1.967061266540862e-05,4.37610916260651e-08,1.7320508075688772,1,13.601470508735444,0.12734290799340264,0.6400749038798939,1.6666666666666667,0,,51,58,102,112,153,159,-7.358911853007733,0.0,0.9988409435420236,True,0,absent,0.5530794707693413
BraTS-GLI-02208-100,gmm_2d,prediction_component,49,82,25088.0,2.0635490237683674e-05,4.815949843207857e-08,2.23606797749979,1,12.68857754044952,0.17622684421256035,0.8296786624988554,2.0,1,,51,57,151,156,59,69,-7.317318044784178,0.6931471805599453,0.9996910367457971,True,0,absent,0.5530794707693413
BraTS-GLI-02208-100,gmm_2d,prediction_component,50,70,21504.0,2.2198271711831908e-05,5.573021254351084e-08,1.7320508075688772,1,12.206555615733702,0.14189513095212064,0.6774711680063634,1.3333333333333333,0,,51,58,161,167,64,72,-7.253909300631259,0.0,0.9994576007852711,True,0,absent,0.5530794707693413
BraTS-GLI-02208-100,gmm_2d,prediction_component,51,65,18432.0,2.597494663782506e-05,7.630652944325616e-08,1.7320508075688772,1,11.575836902790225,0.14962640041614492,0.6944149224264771,1.1666666666666667,0,,52,59,85,91,84,91,-7.117438298482222,0.0,0.9997295286057654,True,0,absent,0.5530794707693413
BraTS-GLI-02208-100,gmm_2d,prediction_component,52,38,13824.0,2.3379381024587062e-05,6.181848980958109e-08,1.7320508075688772,1,9.848857801796104,0.17586311452816475,0.8304795924748166,1.2,0,,52,58,120,126,29,34,-7.2088816087094125,0.0,0.9998420452008846,True,0,absent,0.5530794707693413
BraTS-GLI-02208-100,gmm_2d,prediction_component,53,85,28416.0,1.7744938951418744e-05,3.561241228768995e-08,1.7320508075688772,1,14.52583904633395,0.11923929502757463,0.6350148115649618,1.2857142857142858,0,,53,62,31,40,59,66,-7.448398607405514,0.0,0.9981108700712857,True,0,absent,0.5530794707693413
BraTS-GLI-02208-100,gmm_2d,prediction_component,54,530,127488.0,1.1643187933499477e-05,1.5331907430466992e-08,2.23606797749979,1,30.822070014844883,0.07254762501100116,0.44540584856839444,2.5,3,,53,63,45,70,111,126,-7.814403811551702,1.3862943611198906,0.9508910591452757,True,0,absent,0.5530794707693413
BraTS-GLI-02208-100,gmm_2d,prediction_component,55,88,29696.0,1.7196328798049994e-05,3.344443427860231e-08,1.7320508075688772,1,15.297058540778355,0.11322770341445956,0.627715144031263,1.5714285714285714,0,,53,60,53,64,128,136,-7.475676145854545,0.0,0.9976282916750284,True,0,absent,0.5530794707693413
BraTS-GLI-02208-100,gmm_2d,prediction_component,56,109,26368.0,2.5457204594562528e-05,7.329490719690697e-08,2.23606797749979,1,12.727922061357855,0.17568209223157663,0.7545807224999054,1.1428571428571428,1,,53,61,98,105,24,31,-7.134926200708397,0.6931471805599453,0.9997999512892716,True,0,absent,0.5530794707693413
BraTS-GLI-02208-100,gmm_2d,prediction_component,57,38,13824.0,2.3379381024587062e-05,6.181848980958109e-08,1.7320508075688772,1,9.848857801796104,0.17586311452816475,0.8304795924748166,1.2,0,,54,59,49,55,46,52,-7.2088816087094125,0.0,0.9998420452008846,True,0,absent,0.5530794707693413
BraTS-GLI-02208-100,gmm_2d,prediction_component,58,50,17152.0,2.2258600373918718e-05,5.6033542268023926e-08,1.7320508075688772,1,11.575836902790225,0.14962640041614492,0.757879504227687,1.1666666666666667,0,,54,61,68,74,145,152,-7.25155192190457,0.0,0.9996347717724022,True,0,absent,0.5530794707693413
BraTS-GLI-02208-100,gmm_2d,prediction_component,59,25,9984.0,2.5060120224403912e-05,7.102621534903521e-08,1.7320508075688772,1,8.660254037844387,0.19999999999999996,0.9548683406603533,1.0,0,,55,60,29,34,72,77,-7.14858132620955,0.0,0.999943732308326,True,0,absent,0.5530794707693413
BraTS-GLI-02208-100,gmm_2d,prediction_component,60,25,9984.0,2.5060120224403912e-05,7.102621534903521e-08,1.7320508075688772,1,8.660254037844387,0.19999999999999996,0.9548683406603533,1.0,0,,55,60,45,50,93,98,-7.14858132620955,0.0,0.999943732308326,True,0,absent,0.5530794707693413
BraTS-GLI-02208-100,gmm_2d,prediction_component,61,451,93440.0,1.578982429153644e-05,2.8197263833932566e-08,2.8284271247461903,1,27.748873851023216,0.10192943828752511,0.5945417393031701,2.2222222222222223,1,,55,75,58,75,28,37,-7.5497930320876305,0.6931471805599453,0.9944967376460628,True,0,absent,0.5530794707693413
BraTS-GLI-02208-100,gmm_2d,prediction_component,62,25,9984.0,2.5060120224403912e-05,7.102621534903521e-08,1.7320508075688772,1,8.660254037844387,0.19999999999999996,0.9548683406603533,1.0,0,,55,60,109,114,55,60,-7.14858132620955,0.0,0.999943732308326,True,0,absent,0.5530794707693413
BraTS-GLI-02208-100,gmm_2d,prediction_component,63,38,12544.0,2.7047649416909622e-05,8.273922157753891e-08,1.7320508075688772,1,9.273618495495704,0.18677184190940707,0.8304795924748166,1.2,0,,55,60,159,165,44,49,-7.082288569326049,0.0,0.9999183504971614,True,0,absent,0.5530794707693413
BraTS-GLI-02208-100,gmm_2d,prediction_component,64,69,19200.0,2.593565662375272e-05,7.607585969920352e-08,2.23606797749979,1,12.12435565298214,0.18442777839082938,0.8788164447779884,1.0,1,,56,63,25,32,78,85,-7.118753131174717,0.6931471805599453,0.9998905717015005,True,0,absent,0.5530794707693413
BraTS-GLI-02208-100,gmm_2d,prediction_component,65,594,128256.0,1.2932125429590504e-05,1.8914383479385625e-08,2.23606797749979,1,30.93541659651604,0.07228181235327592,0.42879764378853985,1.4285714285714286,3,,56,75,119,139,141,155,-7.723207810113478,1.3862943611198906,0.9625700246286025,True,0,absent,0.5530794707693413
BraTS-GLI-02208-100,gmm_2d,prediction_component,66,25,9984.0,2.5060120224403912e-05,7.102621534903521e-08,1.7320508075688772,1,8.660254037844387,0.19999999999999996,0.9548683406603533,1.0,0,,56,61,139,144,138,143,-7.14858132620955,0.0,0.999943732308326,True,0,absent,0.5530794707693413
BraTS-GLI-02208-100,gmm_2d,prediction_component,67,25,9984.0,2.5060120224403912e-05,7.102621534903521e-08,1.7320508075688772,1,8.660254037844387,0.19999999999999996,0.9548683406603533,1.0,0,,56,61,168,173,58,63,-7.14858132620955,0.0,0.999943732308326,True,0,absent,0.5530794707693413
BraTS-GLI-02208-100,gmm_2d,prediction_component,68,90,24832.0,2.2999847691996646e-05,5.98276981186371e-08,1.7320508075688772,1,13.92838827718412,0.12435400084345173,0.623030528071304,1.2857142857142858,0,,57,65,174,183,61,68,-7.223097706394213,0.0,0.9992247531757394,True,0,absent,0.5530794707693413
BraTS-GLI-02208-100,gmm_2d,prediction_component,69,25,9984.0,2.5060120224403912e-05,7.102621534903521e-08,1.7320508075688772,1,8.660254037844387,0.19999999999999996,0.9548683406603533,1.0,0,,58,63,160,165,66,71,-7.14858132620955,0.0,0.999943732308326,True,0,absent,0.5530794707693413
BraTS-GLI-02208-100,gmm_2d,prediction_component,70,63,22528.0,1.8631876346107425e-05,3.926137994703396e-08,1.7320508075688772,1,13.601470508735444,0.12734290799340264,0.7016868116919668,1.6666666666666667,0,,59,69,60,66,142,149,-7.4060344400174705,0.0,0.9988625736892695,True,0,absent,0.5530794707693413
BraTS-GLI-02208-100,gmm_2d,prediction_component,71,25,9984.0,2.5060120224403912e-05,7.102621534903521e-08,1.7320508075688772,1,8.660254037844387,0.19999999999999996,0.9548683406603533,1.0,0,,60,65,55,60,139,144,-7.14858132620955,0.0,0.999943732308326,True,0,absent,0.5530794707693413
BraTS-GLI-02208-100,gmm_2d,prediction_component,72,25,9984.0,2.5060120224403912e-05,7.102621534903521e-08,1.7320508075688772,1,8.660254037844387,0.19999999999999996,0.9548683406603533,1.0,0,,60,65,88,93,154,159,-7.14858132620955,0.0,0.999943732308326,True,0,absent,0.5530794707693413
BraTS-GLI-02208-100,gmm_2d,prediction_component,73,96,30976.0,1.7608940646130728e-05,3.506863264057431e-08,1.7320508075688772,1,15.7797338380595,0.10976425998969035,0.6097705134516743,1.4285714285714286,0,,61,71,35,45,92,99,-7.455081167344341,0.0,0.9975339532299846,True,0,absent,0.5530794707693413
BraTS-GLI-02208-100,gmm_2d,prediction_component,74,89,25856.0,2.1406614985083015e-05,5.1826080999506735e-08,1.7320508075688772,1,13.19090595827292,0.13130643285972254,0.6253552903860047,2.0,0,,63,70,101,111,153,158,-7.28545163053223,0.0,0.9991375294858234,True,0,absent,0.5530794707693413
BraTS-GLI-02208-100,gmm_2d,prediction_component,75,310,81920.0,1.322137971925611e-05,1.976996635559635e-08,2.449489742783178,1,23.769728648009426,0.10305080798590892,0.5834244117771393,1.25,1,,63,78,118,132,26,38,-7.7039940697653,0.6931471805599453,0.9900924172791157,True,0,absent,0.5530794707693413
BraTS-GLI-02208-100,gmm_2d,prediction_component,76,80,20992.0,2.6303240776211542e-05,7.824757631796488e-08,1.7320508075688772,1,12.206555615733702,0.14189513095212064,0.6479778613543024,1.3333333333333333,0,,63,71,134,140,55,62,-7.106529105641391,0.0,0.9996566882905455,True,0,absent,0.5530794707693413
BraTS-GLI-02208-100,gmm_2d,prediction_component,77,484,136192.0,9.629815473047106e-06,1.0487894352392722e-08,2.23606797749979,1,38.67815921162743,0.05781216125786004,0.4590916755849878,2.8333333333333335,2,,64,98,21,33,83,97,-7.9793116960704475,1.0986122886681098,0.9046344809487668,True,0,absent,0.5530794707693413
BraTS-GLI-02208-100,gmm_2d,prediction_component,78,70,22016.0,2.1428433083441273e-05,5.1931779427265915e-08,1.7320508075688772,1,12.206555615733702,0.14189513095212064,0.6774711680063634,1.3333333333333333,0,,65,73,32,39,100,106,-7.284566796176317,0.0,0.9993917810861704,True,0,absent,0.5530794707693413
BraTS-GLI-02208-100,gmm_2d,prediction_component,79,25,9984.0,2.5060120224403912e-05,7.102621534903521e-08,1.7320508075688772,1,8.660254037844387,0.19999999999999996,0.9548683406603533,1.0,0,,66,71,80,85,152,157,-7.14858132620955,0.0,0.999943732308326,True,0,absent,0.5530794707693413
BraTS-GLI-02208-100,gmm_2d,prediction_component,80,162,40704.0,1.972692439415342e-05,4.401200297563563e-08,2.23606797749979,1,17.378147196982766,0.1286712531637447,0.6612152586500565,1.2222222222222223,2,,66,75,105,116,21,31,-7.35642886635022,1.0986122886681098,0.998391595655723,True,0,absent,0.5530794707693413
BraTS-GLI-02208-100,gmm_2d,prediction_component,81,116,33536.0,1.8888222837525423e-05,4.0349166607865915e-08,1.7320508075688772,1,15.84297951775486,0.10932607756185055,0.5724938610883553,1.5714285714285714,0,,67,76,46,57,136,143,-7.3941654309875835,0.0,0.997773044651294,True,0,absent,0.5530794707693413
BraTS-GLI-02208-100,gmm_2d,prediction_component,82,38,12544.0,2.7047649416909622e-05,8.273922157753891e-08,1.7320508075688772,1,9.273618495495704,0.18677184190940707,0.8304795924748166,1.2,0,,67,73,58,63,142,147,-7.082288569326049,0.0,0.9999183504971614,True,0,absent,0.5530794707693413
BraTS-GLI-02208-100,gmm_2d,prediction_component,83,63,22528.0,1.8631876346107425e-05,3.926137994703396e-08,1.7320508075688772,1,13.114877048604,0.13206763594884358,0.7016868116919668,1.6666666666666667,0,,67,73,145,151,115,125,-7.4060344400174705,0.0,0.998950854611946,True,0,absent,0.5530794707693413
BraTS-GLI-02208-100,gmm_2d,prediction_component,84,106,34048.0,1.6872073390793277e-05,3.2195063436509696e-08,1.7320508075688772,1,15.652475842498529,0.11065666703449761,0.5899586077282516,1.25,0,,68,76,40,50,81,90,-7.492210714845845,0.0,0.9970306830777952,True,0,absent,0.5530794707693413
BraTS-GLI-02208-100,gmm_2d,prediction_component,85,47,14592.0,2.6664020003279646e-05,8.040880842667987e-08,1.7320508075688772,1,9.848857801796104,0.17586311452816475,0.7736731845058752,1.2,0,,68,74,43,49,92,97,-7.094696373620167,0.0,0.9998766147113484,True,0,absent,0.5530794707693413
BraTS-GLI-02208-100,gmm_2d,prediction_component,86,94,29184.0,1.8854309358012788e-05,4.0204404213339935e-08,1.7320508075688772,1,14.866068747318506,0.1165103456070926,0.6140648134821065,1.8333333333333333,0,,68,76,89,100,153,159,-7.395726369284148,0.0,0.9982625788664858,True,0,absent,0.5530794707693413
BraTS-GLI-02208-100,gmm_2d,prediction_component,87,61,20992.0,2.00562210918613e-05,4.549362991861677e-08,1.7320508075688772,1,11.916375287812984,0.14535047493345277,0.7092732030227112,1.8,0,,68,74,96,105,28,33,-7.342049409603743,0.0,0.9993573719856612,True,0,absent,0.5530794707693413
BraTS-GLI-02208-100,gmm_2d,prediction_component,88,25,9984.0,2.5060120224403912e-05,7.102621534903521e-08,1.7320508075688772,1,8.660254037844387,0.19999999999999996,0.9548683406603533,1.0,0,,69,74,152,157,132,137,-7.14858132620955,0.0,0.999943732308326,True,0,absent,0.5530794707693413
BraTS-GLI-02208-100,gmm_2d,prediction_component,89,89,24576.0,2.310059728704059e-05,6.035299013476652e-08,1.7320508075688772,1,12.206555615733702,0.14189513095212064,0.6253552903860047,1.3333333333333333,0,,70,78,25,31,98,105,-7.2193012083030075,0.0,0.9994379636735371,True,0,absent,0.5530794707693413
BraTS-GLI-02208-100,gmm_2d,prediction_component,90,72,24576.0,1.8688123647942946e-05,3.949878814021331e-08,1.7320508075688772,1,14.071247279470288,0.12309149097933272,0.6711392913128504,1.4285714285714286,0,,70,77,123,130,134,144,-7.403416228730296,0.0,0.9986659131767035,True,0,absent,0.5530794707693413
BraTS-GLI-02208-100,gmm_2d,prediction_component,91,38,13824.0,2.3379381024587062e-05,6.181848980958109e-08,1.7320508075688772,1,9.848857801796104,0.17586311452816475,0.8304795924748166,1.2,0,,70,75,144,150,95,101,-7.2088816087094125,0.0,0.9998420452008846,True,0,absent,0.5530794707693413
BraTS-GLI-02208-100,gmm_2d,prediction_component,92,69,20992.0,2.2686545169482457e-05,5.820886107028606e-08,1.7320508075688772,1,13.30413469565007,0.13018891098082386,0.6807282909996718,1.1428571428571428,0,,71,79,127,134,62,70,-7.235010898150767,0.0,0.9993888298011222,True,0,absent,0.5530794707693413
BraTS-GLI-02208-100,gmm_2d,prediction_component,93,38,13824.0,2.3379381024587062e-05,6.181848980958109e-08,1.7320508075688772,1,9.848857801796104,0.17586311452816475,0.8304795924748166,1.2,0,,72,78,53,59,90,95,-7.2088816087094125,0.0,0.9998420452008846,True,0,absent,0.5530794707693413
BraTS-GLI-02208-100,gmm_2d,prediction_component,94,145,39936.0,1.8168587162692835e-05,3.733315444283664e-08,2.23606797749979,1,18.027756377319946,0.12403473458920847,0.6861070331070992,1.3333333333333333,1,,72,81,141,153,49,59,-7.427905313067563,0.6931471805599453,0.998204608471294,True,0,absent,0.5530794707693413
BraTS-GLI-02208-100,gmm_2d,prediction_component,95,25,9984.0,2.5060120224403912e-05,7.102621534903521e-08,1.7320508075688772,1,8.660254037844387,0.19999999999999996,0.9548683406603533,1.0,0,,73,78,28,33,57,62,-7.14858132620955,0.0,0.999943732308326,True,0,absent,0.5530794707693413
BraTS-GLI-02208-100,gmm_2d,prediction_component,96,25,9984.0,2.5060120224403912e-05,7.102621534903521e-08,1.7320508075688772,1,8.660254037844387,0.19999999999999996,0.9548683406603533,1.0,0,,74,79,33,38,99,104,-7.14858132620955,0.0,0.999943732308326,True,0,absent,0.5530794707693413
BraTS-GLI-02208-100,gmm_2d,prediction_component,97,47,14592.0,2.6664020003279646e-05,8.040880842667987e-08,1.7320508075688772,1,9.848857801796104,0.17586311452816475,0.7736731845058752,1.2,0,,74,80,149,154,114,120,-7.094696373620167,0.0,0.9998766147113484,True,0,absent,0.5530794707693413
BraTS-GLI-02208-100,gmm_2d,prediction_component,98,25,9984.0,2.5060120224403912e-05,7.102621534903521e-08,1.7320508075688772,1,8.660254037844387,0.19999999999999996,0.9548683406603533,1.0,0,,75,80,55,60,32,37,-7.14858132620955,0.0,0.999943732308326,True,0,absent,0.5530794707693413
BraTS-GLI-02208-100,gmm_2d,prediction_component,99,51,17664.0,2.1723839827382773e-05,5.337348459431324e-08,1.7320508075688772,1,11.090536506409418,0.15617376188860604,0.7528933105024771,1.4,0,,75,80,63,70,106,113,-7.272674442490021,0.0,0.9996410491857861,True,0,absent,0.5530794707693413
BraTS-GLI-02208-100,gmm_2d,prediction_component,100,25,9984.0,2.5060120224403912e-05,7.102621534903521e-08,1.7320508075688772,1,8.660254037844387,0.19999999999999996,0.9548683406603533,1.0,0,,75,80,81,86,154,159,-7.14858132620955,0.0,0.999943732308326,True,0,absent,0.5530794707693413
BraTS-GLI-02208-100,gmm_2d,prediction_component,101,728,209152.0,7.610940846520722e-06,6.5513238231264984e-09,2.449489742783178,1,52.87721626560914,0.046324105461207944,0.438929430813275,2.7142857142857144,3,,76,110,25,39,50,88,-8.183670933445299,1.3862943611198906,0.7528037471984048,True,0,absent,0.5530794707693413
BraTS-GLI-02208-100,gmm_2d,prediction_component,102,25,9984.0,2.5060120224403912e-05,7.102621534903521e-08,1.7320508075688772,1,8.660254037844387,0.19999999999999996,0.9548683406603533,1.0,0,,76,81,62,67,65,70,-7.14858132620955,0.0,0.999943732308326,True,0,absent,0.5530794707693413
BraTS-GLI-02208-100,gmm_2d,prediction_component,103,25,9984.0,2.5060120224403912e-05,7.102621534903521e-08,1.7320508075688772,1,8.660254037844387,0.19999999999999996,0.9548683406603533,1.0,0,,76,81,144,149,135,140,-7.14858132620955,0.0,0.999943732308326,True,0,absent,0.5530794707693413
BraTS-GLI-02208-100,gmm_2d,prediction_component,104,199,49920.0,1.7841904538993282e-05,3.6002677171675434e-08,2.23606797749979,1,19.519221295943137,0.11455723277057844,0.6173955759270919,1.75,1,,77,85,44,58,134,145,-7.443665203742269,0.6931471805599453,0.9972188547225007,True,0,absent,0.5530794707693413
BraTS-GLI-02208-100,gmm_2d,prediction_component,105,101,35072.0,1.5377317273999355e-05,2.674320932248221e-08,1.7320508075688772,1,16.186414056238647,0.10700645625096324,0.5995375274776799,1.1111111111111112,0,,77,87,56,65,85,94,-7.572786476378063,0.0,0.995860725892977,True,0,absent,0.5530794707693413
BraTS-GLI-02208-100,gmm_2d,prediction_component,106,77,25600.0,1.8798828125e-05,3.996813907342075e-08,1.7320508075688772,1,13.114877048604,0.13206763594884358,0.6562861745204266,1.6666666666666667,0,,77,83,121,131,26,32,-7.398286072129164,0.0,0.9988234571049791,True,0,absent,0.5530794707693413
BraTS-GLI-02208-100,gmm_2d,prediction_component,107,25,9984.0,2.5060120224403912e-05,7.102621534903521e-08,1.7320508075688772,1,8.660254037844387,0.19999999999999996,0.9548683406603533,1.0,0,,78,83,33,38,96,101,-7.14858132620955,0.0,0.999943732308326,True,0,absent,0.5530794707693413
BraTS-GLI-02208-100,gmm_2d,prediction_component,108,48,17664.0,2.0445966896360257e-05,4.7278934450325915e-08,1.7320508075688772,1,10.677078252031311,0.16222142113076252,0.7682627055029695,1.6,0,,78,86,61,66,146,151,-7.325332319934719,0.0,0.999624659683085,True,0,absent,0.5530794707693413
BraTS-GLI-02208-100,gmm_2d,prediction_component,109,25,9984.0,2.5060120224403912e-05,7.102621534903521e-08,1.7320508075688772,1,8.660254037844387,0.19999999999999996,0.9548683406603533,1.0,0,,79,84,53,58,109,114,-7.14858132620955,0.0,0.999943732308326,True,0,absent,0.5530794707693413
BraTS-GLI-02208-100,gmm_2d,prediction_component,110,569,141824.0,1.0653386206174894e-05,1.2835941115966167e-08,2.8284271247461903,1,36.89173349139343,0.07666831718292776,0.5502209315044465,1.4444444444444444,3,,80,106,113,132,22,40,-7.891572283869275,1.3862943611198906,0.9559418540905987,True,0,absent,0.5530794707693413
BraTS-GLI-02208-100,gmm_2d,prediction_component,111,1566,331264.0,8.213540354710806e-06,7.629800176242023e-09,2.8284271247461903,1,53.5723809439155,0.052796367734845466,0.39262439243162683,3.4615384615384617,8,,82,127,40,66,86,99,-8.117486836028323,2.1972245773362196,0.7330316037087374,True,0,absent,0.5530794707693413
BraTS-GLI-02208-100,gmm_2d,prediction_component,112,450,107008.0,1.2855475444594872e-05,1.8690833112238752e-08,2.23606797749979,1,29.8496231131986,0.07491109582924912,0.4703744252638102,1.4615384615384615,3,,83,102,38,57,38,51,-7.728371340248546,1.3862943611198906,0.9678428833712585,True,0,absent,0.5530794707693413
BraTS-GLI-02208-100,gmm_2d,prediction_component,113,25,9984.0,2.5060120224403912e-05,7.102621534903521e-08,1.7320508075688772,1,8.660254037844387,0.19999999999999996,0.9548683406603533,1.0,0,,83,88,56,61,134,139,-7.14858132620955,0.0,0.999943732308326,True,0,absent,0.5530794707693413
BraTS-GLI-02208-100,gmm_2d,prediction_component,114,25,9984.0,2.5060120224403912e-05,7.102621534903521e-08,1.7320508075688772,1,8.660254037844387,0.19999999999999996,0.9548683406603533,1.0,0,,83,88,60,65,38,43,-7.14858132620955,0.0,0.999943732308326,True,0,absent,0.5530794707693413
BraTS-GLI-02208-100,gmm_2d,prediction_component,115,25,9984.0,2.5060120224403912e-05,7.102621534903521e-08,1.7320508075688772,1,8.660254037844387,0.19999999999999996,0.9548683406603533,1.0,0,,83,88,127,132,53,58,-7.14858132620955,0.0,0.999943732308326,True,0,absent,0.5530794707693413
BraTS-GLI-02208-100,gmm_2d,prediction_component,116,25,9984.0,2.5060120224403912e-05,7.102621534903521e-08,1.7320508075688772,1,8.660254037844387,0.19999999999999996,0.9548683406603533,1.0,0,,84,89,63,68,28,33,-7.14858132620955,0.0,0.999943732308326,True,0,absent,0.5530794707693413
BraTS-GLI-02208-100,gmm_2d,prediction_component,117,25,9984.0,2.5060120224403912e-05,7.102621534903521e-08,1.7320508075688772,1,8.660254037844387,0.19999999999999996,0.9548683406603533,1.0,0,,85,90,114,119,29,34,-7.14858132620955,0.0,0.999943732308326,True,0,absent,0.5530794707693413
BraTS-GLI-02208-100,gmm_2d,prediction_component,118,38,13824.0,2.3379381024587062e-05,6.181848980958109e-08,1.7320508075688772,1,9.848857801796104,0.17586311452816475,0.8304795924748166,1.2,0,,85,91,159,164,43,49,-7.2088816087094125,0.0,0.9998420452008846,True,0,absent,0.5530794707693413
BraTS-GLI-02208-100,gmm_2d,prediction_component,119,25,9984.0,2.5060120224403912e-05,7.102621534903521e-08,1.7320508075688772,1,8.660254037844387,0.19999999999999996,0.9548683406603533,1.0,0,,86,91,55,60,37,42,-7.14858132620955,0.0,0.999943732308326,True,0,absent,0.5530794707693413
BraTS-GLI-02208-100,gmm_2d,prediction_component,120,25,9984.0,2.5060120224403912e-05,7.102621534903521e-08,1.7320508075688772,1,8.660254037844387,0.19999999999999996,0.9548683406603533,1.0,0,,86,91,66,71,89,94,-7.14858132620955,0.0,0.999943732308326,True,0,absent,0.5530794707693413
BraTS-GLI-02208-100,gmm_2d,prediction_component,121,38,12544.0,2.7047649416909622e-05,8.273922157753891e-08,1.7320508075688772,1,9.273618495495704,0.18677184190940707,0.8304795924748166,1.2,0,,87,93,35,40,91,96,-7.082288569326049,0.0,0.9999183504971614,True,0,absent,0.5530794707693413
BraTS-GLI-02208-100,gmm_2d,prediction_component,122,63,22528.0,1.8631876346107425e-05,3.926137994703396e-08,1.7320508075688772,1,13.038404810405298,0.1328422328310143,0.7016868116919668,1.8,0,,87,92,57,66,141,149,-7.4060344400174705,0.0,0.9989646601278377,True,0,absent,0.5530794707693413
BraTS-GLI-02208-100,gmm_2d,prediction_component,123,68,18688.0,2.6617341373263854e-05,8.012752393554122e-08,1.7320508075688772,1,11.575836902790225,0.14962640041614492,0.6840489693598067,1.1666666666666667,0,,87,94,128,134,131,138,-7.096218277423023,0.0,0.9997418175452641,True,0,absent,0.5530794707693413
BraTS-GLI-02208-100,gmm_2d,prediction_component,124,38,12544.0,2.7047649416909622e-05,8.273922157753891e-08,1.7320508075688772,1,9.273618495495704,0.18677184190940707,0.8304795924748166,1.2,0,,88,93,29,35,89,94,-7.082288569326049,0.0,0.9999183504971614,True,0,absent,0.5530794707693413
BraTS-GLI-02208-100,gmm_2d,prediction_component,125,25,9984.0,2.5060120224403912e-05,7.102621534903521e-08,1.7320508075688772,1,8.660254037844387,0.19999999999999996,0.9548683406603533,1.0,0,,88,93,37,42,127,132,-7.14858132620955,0.0,0.999943732308326,True,0,absent,0.5530794707693413
BraTS-GLI-02208-100,gmm_2d,prediction_component,126,94,30208.0,1.7903786679530753e-05,3.6252850727099956e-08,2.23606797749979,1,14.594519519326424,0.1532128532589739,0.7927542653693875,1.4285714285714286,1,,88,96,79,86,85,95,-7.440657837193107,0.6931471805599453,0.9991838516173687,True,0,absent,0.5530794707693413
BraTS-GLI-02208-100,gmm_2d,prediction_component,127,363,98048.0,1.18235669838789e-05,1.5810638382421822e-08,2.449489742783178,1,28.39013913315678,0.08627959628145761,0.5535237841068706,1.6153846153846154,1,,89,110,32,45,112,126,-7.801050594307771,0.6931471805599453,0.9793659369637103,True,0,absent,0.5530794707693413
BraTS-GLI-02208-100,gmm_2d,prediction_component,128,25,9984.0,2.5060120224403912e-05,7.102621534903521e-08,1.7320508075688772,1,8.660254037844387,0.19999999999999996,0.9548683406603533,1.0,0,,89,94,44,49,134,139,-7.14858132620955,0.0,0.999943732308326,True,0,absent,0.5530794707693413
BraTS-GLI-02208-100,gmm_2d,prediction_component,129,25,9984.0,2.5060120224403912e-05,7.102621534903521e-08,1.7320508075688772,1,8.660254037844387,0.19999999999999996,0.9548683406603533,1.0,0,,90,95,32,37,96,101,-7.14858132620955,0.0,0.999943732308326,True,0,absent,0.5530794707693413
BraTS-GLI-02208-100,gmm_2d,prediction_component,130,667,125696.0,1.4967306346520158e-05,2.5336094428070748e-08,3.3166247903554,1,26.645825188948457,0.12447071039597578,0.6119049048313911,1.2142857142857142,1,,90,107,34,49,94,108,-7.596260331009935,0.6931471805599453,0.9957814210929343,True,0,absent,0.5530794707693413
BraTS-GLI-02208-100,gmm_2d,prediction_component,131,69,23808.0,1.8782989682144485e-05,3.9900819301133063e-08,1.7320508075688772,1,14.142135623730951,0.1224744871391589,0.6807282909996718,1.6666666666666667,0,,90,98,51,61,53,59,-7.399018186661422,0.0,0.9987133177547419,True,0,absent,0.5530794707693413
BraTS-GLI-02208-100,gmm_2d,prediction_component,132,25,9984.0,2.5060120224403912e-05,7.102621534903521e-08,1.7320508075688772,1,8.660254037844387,0.19999999999999996,0.9548683406603533,1.0,0,,90,95,164,169,40,45,-7.14858132620955,0.0,0.999943732308326,True,0,absent,0.5530794707693413
BraTS-GLI-02208-100,gmm_2d,prediction_component,133,38,13824.0,2.3379381024587062e-05,6.181848980958109e-08,1.7320508075688772,1,9.848857801796104,0.17586311452816475,0.8304795924748166,1.2,0,,91,97,59,65,69,74,-7.2088816087094125,0.0,0.9998420452008846,True,0,absent,0.5530794707693413
BraTS-GLI-02208-100,gmm_2d,prediction_component,134,25,9984.0,2.5060120224403912e-05,7.102621534903521e-08,1.7320508075688772,1,8.660254037844387,0.19999999999999996,0.9548683406603533,1.0,0,,91,96,68,73,89,94,-7.14858132620955,0.0,0.999943732308326,True,0,absent,0.5530794707693413
BraTS-GLI-02208-100,gmm_2d,prediction_component,135,74,20736.0,2.4782450274348424e-05,6.946097264743325e-08,2.23606797749979,1,12.12435565298214,0.18442777839082938,0.8585599625046239,1.0,1,,92,99,33,40,52,59,-7.158259139648124,0.6931471805599453,0.9998647626988095,True,0,absent,0.5530794707693413
BraTS-GLI-02208-100,gmm_2d,prediction_component,136,25,9984.0,2.5060120224403912e-05,7.102621534903521e-08,1.7320508075688772,1,8.660254037844387,0.19999999999999996,0.9548683406603533,1.0,0,,93,98,41,46,129,134,-7.14858132620955,0.0,0.999943732308326,True,0,absent,0.5530794707693413
BraTS-GLI-02208-100,gmm_2d,prediction_component,137,76,23040.0,2.1731508804687214e-05,5.341117519547805e-08,2.0,1,12.206555615733702,0.1638463841038081,0.7611232724651014,1.3333333333333333,1,,94,102,26,32,100,107,-7.272367866230519,0.6931471805599453,0.9995989753869116,True,0,absent,0.5530794707693413
BraTS-GLI-02208-100,gmm_2d,prediction_component,138,25,9984.0,2.5060120224403912e-05,7.102621534903521e-08,1.7320508075688772,1,8.660254037844387,0.19999999999999996,0.9548683406603533,1.0,0,,94,99,49,54,73,78,-7.14858132620955,0.0,0.999943732308326,True,0,absent,0.5530794707693413
BraTS-GLI-02208-100,gmm_2d,prediction_component,139,78,21248.0,2.5183582805428296e-05,7.17277826924301e-08,2.23606797749979,1,11.74734012447073,0.19034674690672027,0.8436254465641368,1.6,1,,94,101,72,77,138,146,-7.144312594221389,0.6931471805599453,0.9998783854653135,True,0,absent,0.5530794707693413
BraTS-GLI-02208-100,gmm_2d,prediction_component,140,203,54528.0,1.5942876606398196e-05,2.8746550825766218e-08,2.449489742783178,1,19.87460691435179,0.12324720450266415,0.6718512801181488,2.142857142857143,1,,94,109,122,129,37,48,-7.541414256963915,0.6931471805599453,0.9970933245329111,True,0,absent,0.5530794707693413
BraTS-GLI-02208-100,gmm_2d,prediction_component,141,62,18176.0,2.530138053202675e-05,7.240037411984334e-08,1.7320508075688772,1,11.575836902790225,0.14962640041614492,0.7054392189315698,1.1666666666666667,0,,94,101,126,133,120,126,-7.140259189634846,0.0,0.999715547903351,True,0,absent,0.5530794707693413
BraTS-GLI-02208-100,gmm_2d,prediction_component,142,63,23808.0,1.7149686231523227e-05,3.326325389754192e-08,1.7320508075688772,1,13.74772708486752,0.1259881576697424,0.7016868116919668,2.0,0,,95,105,36,44,89,94,-7.478035269228769,0.0,0.998476951181779,True,0,absent,0.5530794707693413
BraTS-GLI-02208-100,gmm_2d,prediction_component,143,69,19200.0,2.593565662375272e-05,7.607585969920352e-08,2.23606797749979,1,12.12435565298214,0.18442777839082938,0.8788164447779884,1.0,1,,95,102,166,173,108,115,-7.118753131174717,0.6931471805599453,0.9998905717015005,True,0,absent,0.5530794707693413
BraTS-GLI-02208-100,gmm_2d,prediction_component,144,25,9984.0,2.5060120224403912e-05,7.102621534903521e-08,1.7320508075688772,1,8.660254037844387,0.19999999999999996,0.9548683406603533,1.0,0,,96,101,107,112,88,93,-7.14858132620955,0.0,0.999943732308326,True,0,absent,0.5530794707693413
BraTS-GLI-02208-100,gmm_2d,prediction_component,145,91,25600.0,2.2216796875e-05,5.58232686232075e-08,1.7320508075688772,1,12.727922061357855,0.13608276348795434,0.6207399539808366,1.1428571428571428,0,,97,104,39,47,124,131,-7.2531847378319405,0.0,0.9992850746678891,True,0,absent,0.5530794707693413
BraTS-GLI-02208-100,gmm_2d,prediction_component,146,95,26880.0,2.1556572481889566e-05,5.2554727779807124e-08,2.23606797749979,1,13.92838827718412,0.1605403247669839,0.7899628539976182,1.2857142857142858,1,,97,104,66,74,130,139,-7.279388209106246,0.6931471805599453,0.9996023451361088,True,0,absent,0.5530794707693413
BraTS-GLI-02208-100,gmm_2d,prediction_component,147,25,9984.0,2.5060120224403912e-05,7.102621534903521e-08,1.7320508075688772,1,8.660254037844387,0.19999999999999996,0.9548683406603533,1.0,0,,97,102,114,119,85,90,-7.14858132620955,0.0,0.999943732308326,True,0,absent,0.5530794707693413
BraTS-GLI-02208-100,gmm_2d,prediction_component,148,152,47616.0,1.4628985978482614e-05,2.420364758279191e-08,1.7320508075688772,1,21.6794833886788,0.07989354619369611,0.5231693600335686,1.8888888888888888,0,,98,115,43,53,79,88,-7.616119179238331,0.0,0.9901974779820002,True,0,absent,0.5530794707693413
BraTS-GLI-02208-100,gmm_2d,prediction_component,149,60,17152.0,2.6710320448702462e-05,8.068830086595445e-08,2.23606797749979,1,10.488088481701515,0.21320071635561044,0.9207268083493462,1.4,1,,98,105,65,71,89,94,-7.093189429809319,0.6931471805599453,0.9999467728816867,True,0,absent,0.5530794707693413
BraTS-GLI-02208-100,gmm_2d,prediction_component,150,82,26368.0,1.915129152985438e-05,4.1480932244087404e-08,1.7320508075688772,1,14.594519519326424,0.11867816581938533,0.6426663285123421,1.4285714285714286,0,,99,107,134,141,40,50,-7.382151491822211,0.0,0.9985460162518175,True,0,absent,0.5530794707693413
BraTS-GLI-02208-100,gmm_2d,prediction_component,151,25,9984.0,2.5060120224403912e-05,7.102621534903521e-08,1.7320508075688772,1,8.660254037844387,0.19999999999999996,0.9548683406603533,1.0,0,,100,105,32,37,63,68,-7.14858132620955,0.0,0.999943732308326,True,0,absent,0.5530794707693413
BraTS-GLI-02208-100,gmm_2d,prediction_component,152,63,22528.0,1.8631876346107425e-05,3.926137994703396e-08,1.7320508075688772,1,13.379088160259652,0.1294595556006309,0.7016868116919668,1.2857142857142858,0,,100,109,106,113,136,143,-7.4060344400174705,0.0,0.9989030050245424,True,0,absent,0.5530794707693413
BraTS-GLI-02208-100,gmm_2d,prediction_component,153,81,22784.0,2.3552665324491735e-05,6.273826370702117e-08,2.23606797749979,1,12.206555615733702,0.18318582636182795,0.8330790228848893,1.3333333333333333,1,,101,108,70,78,148,154,-7.202467504651566,0.6931471805599453,0.999823353498241,True,0,absent,0.5530794707693413
BraTS-GLI-02208-100,gmm_2d,prediction_component,154,25,9984.0,2.5060120224403912e-05,7.102621534903521e-08,1.7320508075688772,1,8.660254037844387,0.19999999999999996,0.9548683406603533,1.0,0,,101,106,111,116,143,148,-7.14858132620955,0.0,0.999943732308326,True,0,absent,0.5530794707693413
BraTS-GLI-02208-100,gmm_2d,prediction_component,155,50,15360.0,2.6265349298824172e-05,7.802229756091518e-08,1.7320508075688772,1,10.392304845413264,0.16666666666666666,0.757879504227687,1.0,0,,101,107,123,129,121,127,-7.1077812649530205,0.0,0.9998405699403834,True,0,absent,0.5530794707693413
BraTS-GLI-02208-100,gmm_2d,prediction_component,156,402,100864.0,1.2549365617791723e-05,1.7811312286577607e-08,2.23606797749979,1,27.76688675382964,0.08053002114799164,0.4883964751599276,1.7272727272727273,2,,102,119,75,94,25,36,-7.74930408178191,1.0986122886681098,0.973175172277124,True,0,absent,0.5530794707693413
BraTS-GLI-02208-100,gmm_2d,prediction_component,157,161,46336.0,1.6141655185195336e-05,2.946785369657934e-08,1.7320508075688772,1,16.881943016134134,0.1025978352085154,0.5132333531034245,1.375,0,,104,114,31,39,100,111,-7.530651495017982,0.0,0.9949933133600026,True,0,absent,0.5530794707693413
BraTS-GLI-02208-100,gmm_2d,prediction_component,158,117,27648.0,2.5450146143477154e-05,7.325426826552592e-08,2.23606797749979,1,14.45683229480096,0.1546720562224365,0.7369747096728664,1.125,1,,104,112,55,64,33,41,-7.135167065442653,0.6931471805599453,0.9996966935742189,True,0,absent,0.5530794707693413
BraTS-GLI-02208-100,gmm_2d,prediction_component,159,50,19968.0,1.772018094802615e-05,3.551310767451761e-08,1.7320508075688772,1,12.449899597988733,0.13912166872805048,0.757879504227687,1.8,0,,104,111,95,100,24,33,-7.449611321873531,0.0,0.9990838795929534,True,0,absent,0.5530794707693413
BraTS-GLI-02208-100,gmm_2d,prediction_component,160,25,9984.0,2.5060120224403912e-05,7.102621534903521e-08,1.7320508075688772,1,8.660254037844387,0.19999999999999996,0.9548683406603533,1.0,0,,105,110,41,46,125,130,-7.14858132620955,0.0,0.999943732308326,True,0,absent,0.5530794707693413
BraTS-GLI-02208-100,gmm_2d,prediction_component,161,25,9984.0,2.5060120224403912e-05,7.102621534903521e-08,1.7320508075688772,1,8.660254037844387,0.19999999999999996,0.9548683406603533,1.0,0,,105,110,48,53,41,46,-7.14858132620955,0.0,0.999943732308326,True,0,absent,0.5530794707693413
BraTS-GLI-02208-100,gmm_2d,prediction_component,162,63,19712.0,2.2763787023631513e-05,5.8605908259129414e-08,1.7320508075688772,1,12.206555615733702,0.14189513095212064,0.7016868116919668,1.3333333333333333,0,,105,112,103,109,122,130,-7.23205859908441,0.0,0.9995369850288347,True,0,absent,0.5530794707693413
BraTS-GLI-02208-100,gmm_2d,prediction_component,163,115,31232.0,2.0835222678041814e-05,4.909628894323981e-08,1.7320508075688772,1,15.652475842498529,0.11065666703449761,0.5741484768241579,1.25,0,,105,115,129,137,124,133,-7.308951333791149,0.0,0.9984242352145037,True,0,absent,0.5530794707693413
BraTS-GLI-02208-100,gmm_2d,prediction_component,164,50,15360.0,2.6265349298824172e-05,7.802229756091518e-08,1.7320508075688772,1,10.392304845413264,0.16666666666666666,0.757879504227687,1.0,0,,106,112,69,75,101,107,-7.1077812649530205,0.0,0.9998405699403834,True,0,absent,0.5530794707693413
BraTS-GLI-02208-100,gmm_2d,prediction_component,165,50,15360.0,2.6265349298824172e-05,7.802229756091518e-08,1.7320508075688772,1,10.392304845413264,0.16666666666666666,0.757879504227687,1.0,0,,106,112,109,115,79,85,-7.1077812649530205,0.0,0.9998405699403834,True,0,absent,0.5530794707693413
BraTS-GLI-02208-100,gmm_2d,prediction_component,166,51,17664.0,2.1723839827382773e-05,5.337348459431324e-08,1.7320508075688772,1,11.0,0.15745916432444337,0.7528933105024771,1.1666666666666667,0,,106,113,119,125,28,34,-7.272674442490021,0.0,0.9996488586172821,True,0,absent,0.5530794707693413
BraTS-GLI-02208-100,gmm_2d,prediction_component,167,204,57856.0,1.4659108548432619e-05,2.4303425747774443e-08,1.7320508075688772,1,22.0,0.07872958216222169,0.47429306511355385,1.1666666666666667,0,,107,119,37,51,54,66,-7.6143325050645325,0.0,0.9884256466271496,True,0,absent,0.5530794707693413
BraTS-GLI-02208-100,gmm_2d,prediction_component,168,71,18432.0,2.8372634019778144e-05,9.10440745380957e-08,1.7320508075688772,1,11.0,0.15745916432444337,0.6742755017744779,1.1666666666666667,0,,107,114,52,58,46,52,-7.040748314329782,0.0,0.9998107184983059,True,0,absent,0.5530794707693413
BraTS-GLI-02208-100,gmm_2d,prediction_component,169,135,34816.0,2.0780952897229985e-05,4.8840858528759584e-08,2.23606797749979,1,16.822603841260722,0.13292044433783765,0.7026460606787791,1.2222222222222223,1,,107,116,98,107,75,86,-7.311216710594768,0.6931471805599453,0.9990531073022008,True,0,absent,0.5530794707693413
BraTS-GLI-02208-100,gmm_2d,prediction_component,170,25,9984.0,2.5060120224403912e-05,7.102621534903521e-08,1.7320508075688772,1,8.660254037844387,0.19999999999999996,0.9548683406603533,1.0,0,,108,113,46,51,53,58,-7.14858132620955,0.0,0.999943732308326,True,0,absent,0.5530794707693413
BraTS-GLI-02208-100,gmm_2d,prediction_component,171,131,38144.0,1.7584577782219075e-05,3.4971661299936476e-08,1.7320508075688772,1,17.11724276862369,0.1011874886032327,0.5497514690702996,1.7142857142857142,0,,108,115,85,97,73,83,-7.456283736399421,0.0,0.9965343690119588,True,0,absent,0.5530794707693413
BraTS-GLI-02208-100,gmm_2d,prediction_component,172,25,9984.0,2.5060120224403912e-05,7.102621534903521e-08,1.7320508075688772,1,8.660254037844387,0.19999999999999996,0.9548683406603533,1.0,0,,109,114,88,93,51,56,-7.14858132620955,0.0,0.999943732308326,True,0,absent,0.5530794707693413
BraTS-GLI-02208-100,gmm_2d,prediction_component,173,71,18432.0,2.8372634019778144e-05,9.10440745380957e-08,2.23606797749979,1,11.0,0.20327890704543544,0.870485929709401,1.1666666666666667,1,,110,117,68,74,30,36,-7.040748314329782,0.6931471805599453,0.9999392117409998,True,0,absent,0.5530794707693413
BraTS-GLI-02208-100,gmm_2d,prediction_component,174,109,28416.0,2.2755274655348742e-05,5.856208586713416e-08,2.23606797749979,1,14.594519519326424,0.1532128532589739,0.7545807224999054,1.4285714285714286,1,,111,118,35,43,78,88,-7.2323834629528525,0.6931471805599453,0.9995770404626555,True,0,absent,0.5530794707693413
BraTS-GLI-02208-100,gmm_2d,prediction_component,175,298,84992.0,1.2026775121823128e-05,1.6358774074977816e-08,2.23606797749979,1,24.596747752497688,0.09090909090909091,0.5396461925271167,1.9,2,,111,123,38,48,98,117,-7.786249245433726,1.0986122886681098,0.9779687831209914,True,0,absent,0.5530794707693413
BraTS-GLI-02208-100,gmm_2d,prediction_component,176,25,9984.0,2.5060120224403912e-05,7.102621534903521e-08,1.7320508075688772,1,8.660254037844387,0.19999999999999996,0.9548683406603533,1.0,0,,114,119,64,69,32,37,-7.14858132620955,0.0,0.999943732308326,True,0,absent,0.5530794707693413
BraTS-GLI-02208-100,gmm_2d,prediction_component,177,130,32768.0,2.1916361225664894e-05,5.432369137122436e-08,2.23606797749979,1,14.730919862656235,0.1517941851797291,0.7115412589119685,1.6666666666666667,1,,114,123,64,70,90,100,-7.265010726804059,0.6931471805599453,0.9994390634164085,True,0,absent,0.5530794707693413
BraTS-GLI-02208-100,gmm_2d,prediction_component,178,25,9984.0,2.5060120224403912e-05,7.102621534903521e-08,1.7320508075688772,1,8.660254037844387,0.19999999999999996,0.9548683406603533,1.0,0,,114,119,90,95,47,52,-7.14858132620955,0.0,0.999943732308326,True,0,absent,0.5530794707693413
BraTS-GLI-02208-100,gmm_2d,prediction_component,179,25,9984.0,2.5060120224403912e-05,7.102621534903521e-08,1.7320508075688772,1,8.660254037844387,0.19999999999999996,0.9548683406603533,1.0,0,,114,119,103,108,42,47,-7.14858132620955,0.0,0.999943732308326,True,0,absent,0.5530794707693413
BraTS-GLI-02208-100,gmm_2d,prediction_component,180,25,9984.0,2.5060120224403912e-05,7.102621534903521e-08,1.7320508075688772,1,8.660254037844387,0.19999999999999996,0.9548683406603533,1.0,0,,114,119,152,157,60,65,-7.14858132620955,0.0,0.999943732308326,True,0,absent,0.5530794707693413
BraTS-GLI-02208-100,gmm_2d,prediction_component,181,25,9984.0,2.5060120224403912e-05,7.102621534903521e-08,1.7320508075688772,1,8.660254037844387,0.19999999999999996,0.9548683406603533,1.0,0,,115,120,45,50,86,91,-7.14858132620955,0.0,0.999943732308326,True,0,absent,0.5530794707693413
BraTS-GLI-02208-100,gmm_2d,prediction_component,182,63,23808.0,1.7149686231523227e-05,3.326325389754192e-08,1.7320508075688772,1,13.601470508735444,0.12734290799340264,0.7016868116919668,1.6666666666666667,0,,115,121,77,87,75,82,-7.478035269228769,0.0,0.9985118143913552,True,0,absent,0.5530794707693413
BraTS-GLI-02208-100,gmm_2d,prediction_component,183,25,9984.0,2.5060120224403912e-05,7.102621534903521e-08,1.7320508075688772,1,8.660254037844387,0.19999999999999996,0.9548683406603533,1.0,0,,116,121,79,84,51,56,-7.14858132620955,0.0,0.999943732308326,True,0,absent,0.5530794707693413
BraTS-GLI-02208-100,gmm_2d,prediction_component,184,154,44800.0,1.6240660949615233e-05,2.983044782156184e-08,2.23606797749979,1,18.973665961010276,0.11785113019775792,0.6724721427256285,1.75,1,,116,130,91,101,37,45,-7.525340226860084,0.6931471805599453,0.9970041039875704,True,0,absent,0.5530794707693413
BraTS-GLI-02208-100,gmm_2d,prediction_component,185,38,12544.0,2.7047649416909622e-05,8.273922157753891e-08,1.7320508075688772,1,9.273618495495704,0.18677184190940707,0.8304795924748166,1.2,0,,116,122,108,113,128,133,-7.082288569326049,0.0,0.9999183504971614,True,0,absent,0.5530794707693413
BraTS-GLI-02208-100,gmm_2d,prediction_component,186,25,9984.0,2.5060120224403912e-05,7.102621534903521e-08,1.7320508075688772,1,8.660254037844387,0.19999999999999996,0.9548683406603533,1.0,0,,117,122,99,104,55,60,-7.14858132620955,0.0,0.999943732308326,True,0,absent,0.5530794707693413
BraTS-GLI-02208-100,gmm_2d,prediction_component,187,25,9984.0,2.5060120224403912e-05,7.102621534903521e-08,1.7320508075688772,1,8.660254037844387,0.19999999999999996,0.9548683406603533,1.0,0,,119,124,49,54,67,72,-7.14858132620955,0.0,0.999943732308326,True,0,absent,0.5530794707693413
BraTS-GLI-02208-100,gmm_2d,prediction_component,188,25,9984.0,2.5060120224403912e-05,7.102621534903521e-08,1.7320508075688772,1,8.660254037844387,0.19999999999999996,0.9548683406603533,1.0,0,,119,124,129,134,105,110,-7.14858132620955,0.0,0.999943732308326,True,0,absent,0.5530794707693413
BraTS-GLI-02208-100,gmm_2d,prediction_component,189,64,21504.0,2.0295562707960602e-05,4.6585908281269474e-08,1.7320508075688772,1,12.36931687685298,0.14002800840280097,0.6980129914371896,1.6,0,,121,129,43,51,103,108,-7.331745432691998,0.0,0.9992981340460679,True,0,absent,0.5530794707693413
BraTS-GLI-02208-100,gmm_2d,prediction_component,190,59,17408.0,2.568790548372811e-05,7.462936780844428e-08,1.7320508075688772,1,11.0,0.15745916432444337,0.71719869927557,1.1666666666666667,0,,121,127,44,50,68,75,-7.127090237308548,0.0,0.9997718301685804,True,0,absent,0.5530794707693413
BraTS-GLI-02208-100,gmm_2d,prediction_component,191,25,9984.0,2.5060120224403912e-05,7.102621534903521e-08,1.7320508075688772,1,8.660254037844387,0.19999999999999996,0.9548683406603533,1.0,0,,121,126,144,149,69,74,-7.14858132620955,0.0,0.999943732308326,True,0,absent,0.5530794707693413
BraTS-GLI-02208-100,gmm_2d,prediction_component,192,446,111616.0,1.1960385473650548e-05,1.6178666663987028e-08,2.23606797749979,1,29.13760456866693,0.07674165431925524,0.471776443764737,1.6923076923076923,3,,123,136,47,61,96,118,-7.791057272855602,1.3862943611198906,0.9610552708975589,True,0,absent,0.5530794707693413
BraTS-GLI-02208-100,gmm_2d,prediction_component,193,25,9984.0,2.5060120224403912e-05,7.102621534903521e-08,1.7320508075688772,1,8.660254037844387,0.19999999999999996,0.9548683406603533,1.0,0,,123,128,48,53,64,69,-7.14858132620955,0.0,0.999943732308326,True,0,absent,0.5530794707693413
BraTS-GLI-02208-100,gmm_2d,prediction_component,194,114,35328.0,1.7168259685394257e-05,3.3335342454233703e-08,1.7320508075688772,1,16.55294535724685,0.10463701596227336,0.5758223885605346,1.7142857142857142,0,,124,133,73,80,75,87,-7.477095079004892,0.0,0.996747788392189,True,0,absent,0.5530794707693413
BraTS-GLI-02208-100,gmm_2d,prediction_component,195,71,20480.0,2.4224979614637002e-05,6.637113033827177e-08,1.7320508075688772,1,12.206555615733702,0.14189513095212064,0.6742755017744779,1.3333333333333333,0,,124,130,81,89,32,39,-7.178020786011808,0.0,0.9995873608352083,True,0,absent,0.5530794707693413
BraTS-GLI-02208-100,gmm_2d,prediction_component,196,120,37632.0,1.6437860707157258e-05,3.055926928071612e-08,1.7320508075688772,1,18.24828759089466,0.0949157995752499,0.5660608012607246,1.625,0,,125,135,47,60,81,89,-7.5148570346234065,0.0,0.9954437930957012,True,0,absent,0.5530794707693413
BraTS-GLI-02208-100,gmm_2d,prediction_component,197,25,9984.0,2.5060120224403912e-05,7.102621534903521e-08,1.7320508075688772,1,8.660254037844387,0.19999999999999996,0.9548683406603533,1.0,0,,125,130,96,101,120,125,-7.14858132620955,0.0,0.999943732308326,True,0,absent,0.5530794707693413
BraTS-GLI-02208-100,gmm_2d,prediction_component,198,25,9984.0,2.5060120224403912e-05,7.102621534903521e-08,1.7320508075688772,1,8.660254037844387,0.19999999999999996,0.9548683406603533,1.0,0,,126,131,62,67,48,53,-7.14858132620955,0.0,0.999943732308326,True,0,absent,0.5530794707693413
BraTS-GLI-02208-100,gmm_2d,prediction_component,199,25,9984.0,2.5060120224403912e-05,7.102621534903521e-08,1.7320508075688772,1,8.660254037844387,0.19999999999999996,0.9548683406603533,1.0,0,,128,133,97,102,95,100,-7.14858132620955,0.0,0.999943732308326,True,0,absent,0.5530794707693413
BraTS-GLI-02208-100,gmm_2d,prediction_component,200,25,9984.0,2.5060120224403912e-05,7.102621534903521e-08,1.7320508075688772,1,8.660254037844387,0.19999999999999996,0.9548683406603533,1.0,0,,128,133,131,136,74,79,-7.14858132620955,0.0,0.999943732308326,True,0,absent,0.5530794707693413
BraTS-GLI-02208-100,gmm_2d,prediction_component,201,71,25600.0,1.7333984375e-05,3.3982018733195146e-08,1.7320508075688772,1,14.071247279470288,0.12309149097933272,0.6742755017744779,1.5,0,,130,136,58,67,57,66,-7.468750825035977,0.0,0.9983142832458561,True,0,absent,0.5530794707693413
BraTS-GLI-02208-100,gmm_2d,prediction_component,202,106,33792.0,1.7064164161732037e-05,3.293232664892723e-08,1.7320508075688772,1,15.033296378372908,0.11521430589638527,0.5899586077282516,1.125,0,,130,138,141,150,75,84,-7.482377585562137,0.0,0.9973518076641011,True,0,absent,0.5530794707693413
BraTS-GLI-02208-100,gmm_2d,prediction_component,203,128,36352.0,1.846789961040249e-05,3.85733522886158e-08,1.7320508075688772,1,15.7797338380595,0.10976425998969035,0.5540132784474323,1.4285714285714286,0,,131,141,60,67,79,89,-7.41371261632756,0.0,0.9974796441065723,True,0,absent,0.5530794707693413
BraTS-GLI-02208-100,gmm_2d,prediction_component,204,110,29184.0,2.2063553504057518e-05,5.5055827408489495e-08,2.0,1,13.92838827718412,0.14359163172354764,0.6728660823326997,1.2857142857142858,1,,132,139,56,64,68,77,-7.259196706167096,0.6931471805599453,0.9992862398086789,True,0,absent,0.5530794707693413
BraTS-GLI-02208-100,gmm_2d,prediction_component,205,38,12544.0,2.7047649416909622e-05,8.273922157753891e-08,1.7320508075688772,1,9.273618495495704,0.18677184190940707,0.8304795924748166,1.2,0,,132,138,90,95,76,81,-7.082288569326049,0.0,0.9999183504971614,True,0,absent,0.5530794707693413
BraTS-GLI-02208-100,gmm_2d,prediction_component,206,179,41216.0,2.1392141813373298e-05,5.175602469215423e-08,2.23606797749979,1,15.165750888103101,0.14744195615489714,0.6395829261439693,1.4285714285714286,2,,134,141,63,73,96,105,-7.286039088609891,1.0986122886681098,0.9990392945353206,True,0,absent,0.5530794707693413
BraTS-GLI-02208-100,gmm_2d,prediction_component,207,127,29952.0,2.449993772000621e-05,6.788633051049415e-08,2.449489742783178,1,13.856406460551018,0.17677669529663687,0.7855441305102296,1.0,1,,136,144,67,75,79,87,-7.168217665800698,0.6931471805599453,0.9997984042104291,True,0,absent,0.5530794707693413
BraTS-GLI-02208-100,gmm_2d,prediction_component,208,103,25600.0,2.5146484375e-05,7.151661113677191e-08,2.23606797749979,1,12.727922061357855,0.17568209223157663,0.768957133841457,1.1428571428571428,1,,136,143,78,86,95,102,-7.145593073063783,0.6931471805599453,0.999801074003992,True,0,absent,0.5530794707693413
BraTS-GLI-02208-100,gmm_2d,prediction_component,209,25,9984.0,2.5060120224403912e-05,7.102621534903521e-08,1.7320508075688772,1,8.660254037844387,0.19999999999999996,0.9548683406603533,1.0,0,,136,141,132,137,83,88,-7.14858132620955,0.0,0.999943732308326,True,0,absent,0.5530794707693413
BraTS-GLI-02208-100,gmm_2d,prediction_component,210,125,32512.0,2.1322812284120907e-05,5.14210973764357e-08,2.23606797749979,1,14.52583904633395,0.15393726795176982,0.7209047176727084,1.2857142857142858,1,,137,146,101,108,69,78,-7.288858659325886,0.6931471805599453,0.9994261220923844,True,0,absent,0.5530794707693413
BraTS-GLI-02208-100,gmm_2d,prediction_component,211,77,20480.0,2.627216099052182e-05,7.80627716277749e-08,2.23606797749979,1,11.575836902790225,0.19316685232156397,0.8472618080879288,1.1666666666666667,1,,139,145,81,88,101,108,-7.107556033104995,0.6931471805599453,0.9999001473177236,True,0,absent,0.5530794707693413
BraTS-GLI-02208-100,gmm_2d,prediction_component,212,51,17664.0,2.1723839827382773e-05,5.337348459431324e-08,1.7320508075688772,1,11.0,0.15745916432444337,0.7528933105024771,1.1666666666666667,0,,140,146,87,93,78,85,-7.272674442490021,0.0,0.9996488586172821,True,0,absent,0.5530794707693413
BraTS-GLI-02208-100,variational_spline,prediction_component,1,19993,3726848.0,2.778852181248914e-06,8.733398241606444e-10,5.656854249492381,4,241.40215409146623,0.023433321342066497,0.3359787966370525,1.4521739130434783,25,,30,145,26,193,25,156,-9.058816735628914,3.258096538021482,0.026520911295989904,False,0,absent,0.5530794707693413
