case_id,method,source,component_label,volume_vox,surface_area_proxy,compactness_v_over_s15,isoperimetric_quotient,inscribed_radius_vox,inscribed_radius_grid_step,bbox_diag_vox,radius_over_bbox_diag,radius_over_equiv_sphere,elongation_max_over_min,eroded_subcomponents,overlap_gt_vox,z0,z1,y0,y1,x0,x1,log10_isoperimetric,log1p_eroded_subcomponents,shape_score_prob_true_et,accepted_shape,fold,vol_bin,shape_threshold
BraTS-GLI-02934-101,otsu_T1c,prediction_component,1,11031,2066176.0,3.7141882833923545e-06,1.560199752874956e-09,4.47213595499958,2,173.36089524457353,0.02579668239882122,0.3238467721731712,1.5324675324675325,17,,44,145,23,100,38,156,-8.806819795223946,2.8903717578961645,0.07801458569122395,False,3,absent,0.5309848428280338
BraTS-GLI-02934-101,gmm_T1c,prediction_component,1,10852,2035200.0,3.7376544173833433e-06,1.5799766246841702e-09,4.47213595499958,2,173.36089524457353,0.02579668239882122,0.3256176511908942,1.5324675324675325,17,,44,145,23,100,38,156,-8.801349338264421,2.8903717578961645,0.07988502269188573,False,3,absent,0.5309848428280338
BraTS-GLI-02934-101,sustraccion,prediction_component,1,102,37888.0,1.383081112847937e-05,2.1634540464771644e-08,1.7320508075688772,1,19.1049731745428,0.09065968278232492,0.5975718165557262,1.2,0,,22,33,78,88,98,110,-7.664852325135165,0.0,0.9930382654448108,True,3,absent,0.5309848428280338
BraTS-GLI-02934-101,sustraccion,prediction_component,2,368,94720.0,1.2623659874293534e-05,1.8022828191626206e-08,2.0,1,31.400636936215164,0.0636929755298482,0.4498940600420729,3.111111111111111,1,,23,51,75,84,89,100,-7.744177057328077,0.6931471805599453,0.9689925818062768,True,3,absent,0.5309848428280338
BraTS-GLI-02934-101,sustraccion,prediction_component,3,77395,16375552.0,1.1679358298625806e-06,1.5427314647717428e-10,5.656854249492381,4,256.9863809621047,0.022012272511540375,0.2139768996881961,1.2932330827067668,153,,24,157,20,192,24,161,-9.811709662736106,5.0369526024136295,0.0005475384263544993,False,3,absent,0.5309848428280338
BraTS-GLI-02934-101,sustraccion,prediction_component,5,565,158208.0,8.978541352417749e-06,9.117251770619066e-09,1.7320508075688772,1,40.124805295477756,0.04316658473017156,0.3377334018622576,2.1333333333333333,0,,24,43,80,95,54,86,-8.040136052101698,0.0,0.8749223881143706,True,3,absent,0.5309848428280338
BraTS-GLI-02934-101,sustraccion,prediction_component,6,67,22528.0,1.9814852622050752e-05,4.4405224132586416e-08,1.4142135623730951,1,12.884098726725126,0.10976425998969035,0.5612886582720128,1.5,0,,26,32,67,74,85,94,-7.352565933522981,0.0,0.9982139440768508,True,3,absent,0.5309848428280338
BraTS-GLI-02934-101,sustraccion,prediction_component,7,24,11520.0,1.9410312304685675e-05,4.261057744126781e-08,1.4142135623730951,1,9.0,0.15713484026367724,0.7903281549671363,1.75,0,,27,31,77,84,114,118,-7.3704825803769465,0.0,0.9995875178813726,True,3,absent,0.5309848428280338
BraTS-GLI-02934-101,sustraccion,prediction_component,8,12,6144.0,2.4917498197257264e-05,7.022006780482366e-08,1.4142135623730951,1,6.4031242374328485,0.2208630521496931,0.9957510787676723,1.3333333333333333,0,,29,33,52,55,99,103,-7.153538755513696,0.0,0.9999674469175863,True,3,absent,0.5309848428280338
BraTS-GLI-02934-101,sustraccion,prediction_component,9,19,8448.0,2.446936747720066e-05,6.771702339772293e-08,1.4142135623730951,1,8.12403840463596,0.17407765595569785,0.8543319874271107,1.25,0,,29,34,68,72,49,54,-7.169302140202132,0.0,0.9998798402306706,True,3,absent,0.5309848428280338
BraTS-GLI-02934-101,sustraccion,prediction_component,11,39,19200.0,1.4659284178642842e-05,2.4304008108063126e-08,1.4142135623730951,1,14.352700094407323,0.09853292781642932,0.6722379073420917,2.0,0,,33,43,42,51,96,101,-7.614322098596229,0.0,0.9959952643021905,True,3,absent,0.5309848428280338
BraTS-GLI-02934-101,sustraccion,prediction_component,12,14,6144.0,2.9070414563466808e-05,9.557731451212109e-08,1.4142135623730951,1,6.928203230275509,0.20412414523193154,0.9458781407605124,1.0,0,,34,38,47,51,59,63,-7.019645176252469,0.0,0.9999690143044426,True,3,absent,0.5309848428280338
BraTS-GLI-02934-101,sustraccion,prediction_component,13,50,20736.0,1.6744898834019205e-05,3.17115470450298e-08,1.4142135623730951,1,14.071247279470288,0.10050378152592122,0.6188060239571066,1.4285714285714286,0,,34,44,65,72,43,50,-7.498782570438039,0.0,0.9970065778095293,True,3,absent,0.5309848428280338
BraTS-GLI-02934-101,sustraccion,prediction_component,14,57,22016.0,1.7448866939373608e-05,3.443394925697693e-08,1.4142135623730951,1,14.142135623730951,0.1,0.5923607155209719,1.6666666666666667,0,,35,45,52,58,48,56,-7.463013164859848,0.0,0.9971241723377444,True,3,absent,0.5309848428280338
BraTS-GLI-02934-101,sustraccion,prediction_component,15,24,11520.0,1.9410312304685675e-05,4.261057744126781e-08,1.4142135623730951,1,9.38083151964686,0.15075567228888181,0.7903281549671363,1.5,0,,38,44,46,50,55,61,-7.3704825803769465,0.0,0.9995397451848397,True,3,absent,0.5309848428280338
BraTS-GLI-02934-101,sustraccion,prediction_component,16,62,18176.0,2.530138053202675e-05,7.240037411984334e-08,1.7320508075688772,1,11.180339887498949,0.15491933384829665,0.7054392189315698,1.6,0,,38,43,89,95,105,113,-7.140259189634846,0.0,0.9997605797134734,True,3,absent,0.5309848428280338
BraTS-GLI-02934-101,sustraccion,prediction_component,18,150,47616.0,1.4436499320871e-05,2.3570899870707145e-08,1.4142135623730951,1,20.049937655763422,0.07053456158585983,0.4290561333467488,1.625,0,,39,47,115,128,54,67,-7.627623837016514,0.0,0.9855540891738234,True,3,absent,0.5309848428280338
BraTS-GLI-02934-101,sustraccion,prediction_component,21,31,13824.0,1.9072652941110498e-05,4.1140975558869407e-08,1.4142135623730951,1,11.0,0.128564869306645,0.7257003006213092,1.1666666666666667,0,,41,47,105,112,83,89,-7.3857254142744875,0.0,0.9991271385303777,True,3,absent,0.5309848428280338
BraTS-GLI-02934-101,sustraccion,prediction_component,22,347,95232.0,1.1807422861782855e-05,1.5767491569622096e-08,1.7320508075688772,1,29.223278392404914,0.05926955847701997,0.3973260186835697,1.4615384615384615,0,,41,59,130,143,131,150,-7.802237392538073,0.0,0.9639431747151059,True,3,absent,0.5309848428280338
BraTS-GLI-02934-101,sustraccion,prediction_component,23,64,24832.0,1.635544724764206e-05,3.025361129554785e-08,1.4142135623730951,1,15.7797338380595,0.08962214298964417,0.5699252209515996,1.4285714285714286,0,,42,52,85,95,113,120,-7.519222777305088,0.0,0.9954703009532727,True,3,absent,0.5309848428280338
BraTS-GLI-02934-101,sustraccion,prediction_component,25,89,32256.0,1.5362936695373064e-05,2.6693213215851813e-08,1.4142135623730951,1,19.949937343260004,0.0708881205008336,0.5106004564652381,1.5555555555555556,0,,43,52,85,99,61,72,-7.573599144536991,0.0,0.9908422027054051,True,3,absent,0.5309848428280338
BraTS-GLI-02934-101,sustraccion,prediction_component,26,41,18432.0,1.638419711001273e-05,3.036006532405056e-08,1.4142135623730951,1,12.206555615733702,0.11585688927269847,0.6611244956113513,1.3333333333333333,0,,43,49,140,147,43,51,-7.517697298328462,0.0,0.9978396056897831,True,3,absent,0.5309848428280338
BraTS-GLI-02934-101,sustraccion,prediction_component,27,12,6144.0,2.4917498197257264e-05,7.022006780482366e-08,1.4142135623730951,1,6.4031242374328485,0.2208630521496931,0.9957510787676723,1.3333333333333333,0,,43,47,144,148,129,132,-7.153538755513696,0.0,0.9999674469175863,True,3,absent,0.5309848428280338
BraTS-GLI-02934-101,sustraccion,prediction_component,29,70,20480.0,2.38837827186562e-05,6.451468729568174e-08,1.7320508075688772,1,11.916375287812984,0.14535047493345277,0.6774711680063634,1.8,0,,45,51,108,117,38,43,-7.190341403421445,0.0,0.9996294686474995,True,3,absent,0.5309848428280338
BraTS-GLI-02934-101,sustraccion,prediction_component,31,77,26880.0,1.74721692747947e-05,3.452598127495583e-08,1.4142135623730951,1,14.071247279470288,0.10050378152592122,0.5358554176060653,1.5,0,,46,52,111,120,145,154,-7.4618539693389785,0.0,0.9966119918499029,True,3,absent,0.5309848428280338
BraTS-GLI-02934-101,sustraccion,prediction_component,32,23,10496.0,2.1389079908047943e-05,5.174120984025427e-08,1.4142135623730951,1,9.486832980505138,0.14907119849998599,0.8016200827808712,1.75,0,,46,53,125,130,56,60,-7.2861634205981485,0.0,0.999664843976531,True,3,absent,0.5309848428280338
BraTS-GLI-02934-101,sustraccion,prediction_component,34,49,18432.0,1.9581113619283508e-05,4.3363781584203094e-08,1.4142135623730951,1,11.661903789690601,0.12126781251816648,0.6229872725752906,1.3333333333333333,0,,52,58,100,108,52,58,-7.362872851710906,0.0,0.9987449397549166,True,3,absent,0.5309848428280338
BraTS-GLI-02934-101,sustraccion,prediction_component,36,14,6144.0,2.9070414563466808e-05,9.557731451212109e-08,1.4142135623730951,1,6.928203230275509,0.20412414523193154,0.9458781407605124,1.0,0,,53,57,97,101,154,158,-7.019645176252469,0.0,0.9999690143044426,True,3,absent,0.5309848428280338
BraTS-GLI-02934-101,sustraccion,prediction_component,41,31,10496.0,2.882875987606462e-05,9.399490105195531e-08,1.4142135623730951,1,8.12403840463596,0.17407765595569785,0.7257003006213092,1.25,0,,56,61,141,145,126,131,-7.026895704964788,0.0,0.9998935562621398,True,3,absent,0.5309848428280338
BraTS-GLI-02934-101,sustraccion,prediction_component,43,41,16128.0,2.0017649679359804e-05,4.53188147111192e-08,1.4142135623730951,1,11.445523142259598,0.1235604126430431,0.6611244956113513,1.8,0,,57,62,74,79,119,128,-7.343721457395402,0.0,0.9990022510623595,True,3,absent,0.5309848428280338
BraTS-GLI-02934-101,sustraccion,prediction_component,47,14,7680.0,2.080109539136373e-05,4.8935585030206e-08,1.4142135623730951,1,7.54983443527075,0.1873171623163388,0.9458781407605124,1.25,0,,57,61,154,159,112,116,-7.310375215276639,0.0,0.9998792186253973,True,3,absent,0.5309848428280338
BraTS-GLI-02934-101,sustraccion,prediction_component,49,14,7680.0,2.080109539136373e-05,4.8935585030206e-08,1.4142135623730951,1,7.54983443527075,0.1873171623163388,0.9458781407605124,1.25,0,,58,62,123,128,90,94,-7.310375215276639,0.0,0.9998792186253973,True,3,absent,0.5309848428280338
BraTS-GLI-02934-101,sustraccion,prediction_component,50,16,6656.0,2.9464563572443515e-05,9.818664009850627e-08,1.4142135623730951,1,6.4031242374328485,0.2208630521496931,0.9046998952817776,1.3333333333333333,0,,58,61,133,137,142,146,-7.007947601074732,0.0,0.999974670476063,True,3,absent,0.5309848428280338
BraTS-GLI-02934-101,sustraccion,prediction_component,51,24,10752.0,2.1526695028193625e-05,5.2409146816428155e-08,1.4142135623730951,1,9.38083151964686,0.15075567228888181,0.7903281549671363,1.5,0,,58,62,172,178,74,80,-7.280592910244617,0.0,0.999669516313952,True,3,absent,0.5309848428280338
BraTS-GLI-02934-101,sustraccion,prediction_component,52,23,10496.0,2.1389079908047943e-05,5.174120984025427e-08,1.4142135623730951,1,8.774964387392123,0.16116459280507606,0.8016200827808712,1.5,0,,59,63,75,80,64,70,-7.2861634205981485,0.0,0.9997277239046474,True,3,absent,0.5309848428280338
BraTS-GLI-02934-101,sustraccion,prediction_component,53,14,6912.0,2.4362533060422576e-05,6.712700278491907e-08,1.4142135623730951,1,7.0710678118654755,0.2,0.9458781407605124,1.6666666666666667,0,,59,64,127,131,67,70,-7.1731027435946135,0.0,0.9999414397968109,True,3,absent,0.5309848428280338
BraTS-GLI-02934-101,sustraccion,prediction_component,54,56,18944.0,2.1477340350684516e-05,5.216910334296338e-08,1.4142135623730951,1,11.74734012447073,0.12038585308576921,0.5958658900897977,1.6,0,,59,64,155,163,58,65,-7.282586627654656,0.0,0.9989677563318813,True,3,absent,0.5309848428280338
BraTS-GLI-02934-101,sustraccion,prediction_component,55,262,90624.0,9.603652792349176e-06,1.043098387619272e-08,1.4142135623730951,1,28.948229652260256,0.048853196874603155,0.3562685097557086,1.2,0,,59,74,156,174,40,57,-7.981674725912,0.0,0.9102432414689198,True,3,absent,0.5309848428280338
BraTS-GLI-02934-101,sustraccion,prediction_component,56,55,23040.0,1.5726749792865746e-05,2.797243853295033e-08,1.4142135623730951,1,15.394804318340652,0.09186304243492507,0.5994555302303142,2.75,0,,59,63,163,174,102,112,-7.553269671803615,0.0,0.9954958961564195,True,3,absent,0.5309848428280338
BraTS-GLI-02934-101,sustraccion,prediction_component,58,39,15616.0,1.998526478204623e-05,4.5172298212577845e-08,1.4142135623730951,1,11.916375287812984,0.11867816581938534,0.6722379073420917,1.8,0,,60,65,82,91,154,160,-7.345127813453431,0.0,0.9989467264047126,True,3,absent,0.5309848428280338
BraTS-GLI-02934-101,sustraccion,prediction_component,60,53,16384.0,2.5272369384765625e-05,7.223443742568957e-08,1.4142135623730951,1,10.488088481701515,0.13483997249264842,0.6069029442833568,1.4,0,,61,66,123,130,35,41,-7.141255705224211,0.0,0.9995377858071811,True,3,absent,0.5309848428280338
BraTS-GLI-02934-101,sustraccion,prediction_component,61,20,9216.0,2.2605613425925925e-05,5.77942944895668e-08,1.4142135623730951,1,7.54983443527075,0.1873171623163388,0.8398489863421099,1.25,0,,61,65,160,164,124,129,-7.238115033448027,0.0,0.9998709256385592,True,3,absent,0.5309848428280338
BraTS-GLI-02934-101,sustraccion,prediction_component,64,12,6144.0,2.4917498197257264e-05,7.022006780482366e-08,1.4142135623730951,1,6.4031242374328485,0.2208630521496931,0.9957510787676723,1.3333333333333333,0,,62,66,156,159,88,92,-7.153538755513696,0.0,0.9999674469175863,True,3,absent,0.5309848428280338
BraTS-GLI-02934-101,sustraccion,prediction_component,66,19,8192.0,2.5625283894623568e-05,7.42659506177969e-08,1.4142135623730951,1,7.54983443527075,0.1873171623163388,0.8543319874271107,1.25,0,,63,67,34,38,117,122,-7.1292102555281875,0.0,0.9999174394101382,True,3,absent,0.5309848428280338
BraTS-GLI-02934-101,sustraccion,prediction_component,67,58,20992.0,1.9069849562753368e-05,4.1128882302130286e-08,1.4142135623730951,1,14.352700094407323,0.09853292781642932,0.5889365886474403,1.8333333333333333,0,,63,74,49,55,138,145,-7.385853092499403,0.0,0.997755449379329,True,3,absent,0.5309848428280338
BraTS-GLI-02934-101,sustraccion,prediction_component,68,56,23040.0,1.601269069819058e-05,2.8998865203085037e-08,1.7320508075688772,1,13.45362404707371,0.12874232262686236,0.7297836929246639,1.5,0,,63,72,88,96,25,31,-7.537618996779702,0.0,0.9984970384445084,True,3,absent,0.5309848428280338
BraTS-GLI-02934-101,sustraccion,prediction_component,70,58,25856.0,1.3950378304885561e-05,2.2010217962673988e-08,1.4142135623730951,1,14.45683229480096,0.0978231976089037,0.5889365886474403,1.125,0,,63,71,164,173,127,135,-7.657375656696181,0.0,0.9938425380452254,True,3,absent,0.5309848428280338
BraTS-GLI-02934-101,sustraccion,prediction_component,72,32,13312.0,2.0834592706776936e-05,4.909332004925314e-08,1.4142135623730951,1,10.246950765959598,0.13801311186847084,0.7180607827429069,2.0,0,,63,67,166,174,63,68,-7.308977596738713,0.0,0.9994270700272326,True,3,absent,0.5309848428280338
BraTS-GLI-02934-101,sustraccion,prediction_component,74,23,10496.0,2.1389079908047943e-05,5.174120984025427e-08,1.4142135623730951,1,8.774964387392123,0.16116459280507606,0.8016200827808712,1.5,0,,64,68,109,114,38,44,-7.2861634205981485,0.0,0.9997277239046474,True,3,absent,0.5309848428280338
BraTS-GLI-02934-101,sustraccion,prediction_component,75,59,19712.0,2.131846721260729e-05,5.1400142768966866e-08,1.4142135623730951,1,12.12435565298214,0.11664236870396087,0.5855902858043154,1.0,0,,64,71,115,122,33,40,-7.289035674707285,0.0,0.9988358824053728,True,3,absent,0.5309848428280338
BraTS-GLI-02934-101,sustraccion,prediction_component,77,32,13312.0,2.0834592706776936e-05,4.909332004925314e-08,1.4142135623730951,1,9.797958971132712,0.14433756729740646,0.7180607827429069,2.0,0,,64,68,170,178,56,60,-7.308977596738713,0.0,0.9994860491679288,True,3,absent,0.5309848428280338
BraTS-GLI-02934-101,sustraccion,prediction_component,78,91,30976.0,1.6691808320811418e-05,3.1510779828189656e-08,1.4142135623730951,1,17.97220075561143,0.07868894753646338,0.5068320500705872,1.2222222222222223,0,,64,75,177,188,59,68,-7.501540848781291,0.0,0.9937680412264518,True,3,absent,0.5309848428280338
BraTS-GLI-02934-101,sustraccion,prediction_component,81,14,6912.0,2.4362533060422576e-05,6.712700278491907e-08,1.4142135623730951,1,7.0710678118654755,0.2,0.9458781407605124,1.6666666666666667,0,,65,68,129,134,31,35,-7.1731027435946135,0.0,0.9999414397968109,True,3,absent,0.5309848428280338
BraTS-GLI-02934-101,sustraccion,prediction_component,82,12,6144.0,2.4917498197257264e-05,7.022006780482366e-08,1.4142135623730951,1,6.4031242374328485,0.2208630521496931,0.9957510787676723,1.3333333333333333,0,,65,68,173,177,115,119,-7.153538755513696,0.0,0.9999674469175863,True,3,absent,0.5309848428280338
BraTS-GLI-02934-101,sustraccion,prediction_component,83,24,11008.0,2.078014675680478e-05,4.883706930629415e-08,1.4142135623730951,1,9.38083151964686,0.15075567228888181,0.7903281549671363,1.5,0,,66,70,41,47,63,69,-7.311250405789675,0.0,0.999629990777527,True,3,absent,0.5309848428280338
BraTS-GLI-02934-101,sustraccion,prediction_component,86,20,7168.0,3.29558866672387e-05,1.2283393785100348e-07,1.4142135623730951,1,6.4031242374328485,0.2208630521496931,0.8398489863421099,1.3333333333333333,0,,66,70,152,156,122,125,-6.910681625172823,0.0,0.9999783074047945,True,3,absent,0.5309848428280338
BraTS-GLI-02934-101,sustraccion,prediction_component,87,49,16384.0,2.3365020751953125e-05,6.174257182594542e-08,1.4142135623730951,1,10.488088481701515,0.13483997249264842,0.6229872725752906,1.4,0,,66,73,151,157,52,57,-7.209415284368761,0.0,0.9994350740950848,True,3,absent,0.5309848428280338
BraTS-GLI-02934-101,sustraccion,prediction_component,88,12,6144.0,2.4917498197257264e-05,7.022006780482366e-08,1.4142135623730951,1,6.4031242374328485,0.2208630521496931,0.9957510787676723,1.3333333333333333,0,,66,70,181,185,58,61,-7.153538755513696,0.0,0.9999674469175863,True,3,absent,0.5309848428280338
BraTS-GLI-02934-101,sustraccion,prediction_component,89,181,59648.0,1.2424666643952409e-05,1.7459100470638696e-08,1.7320508075688772,1,29.34280150224242,0.059028133610095526,0.4935872947696026,2.0,0,,67,78,89,111,112,128,-7.757978135813816,0.0,0.9769565453565584,True,3,absent,0.5309848428280338
BraTS-GLI-02934-101,sustraccion,prediction_component,90,14,7680.0,2.080109539136373e-05,4.8935585030206e-08,1.4142135623730951,1,7.810249675906654,0.1810714920850371,0.9458781407605124,2.0,0,,67,71,116,122,75,78,-7.310375215276639,0.0,0.99986553428335,True,3,absent,0.5309848428280338
BraTS-GLI-02934-101,sustraccion,prediction_component,92,12,5376.0,3.04433440619409e-05,1.0481829363285631e-07,1.4142135623730951,1,5.830951894845301,0.24253562503633297,0.9957510787676723,1.3333333333333333,0,,68,71,65,69,80,83,-6.979562914580636,0.0,0.9999881881216841,True,3,absent,0.5309848428280338
BraTS-GLI-02934-101,sustraccion,prediction_component,93,43,14848.0,2.3766570468110476e-05,6.388301547637982e-08,1.4142135623730951,1,9.848857801796104,0.14359163172354764,0.650711350669285,1.2,0,,68,74,91,97,156,161,-7.1946145920037665,0.0,0.9995780635216722,True,3,absent,0.5309848428280338
BraTS-GLI-02934-101,sustraccion,prediction_component,107,37,13568.0,2.3411431613453965e-05,6.198809884119874e-08,1.4142135623730951,1,9.273618495495704,0.15249857033260467,0.6841383873286643,1.2,0,,73,78,94,99,150,156,-7.207691683142505,0.0,0.9996578848439055,True,3,absent,0.5309848428280338
BraTS-GLI-02934-101,sustraccion,prediction_component,110,48,17664.0,2.0445966896360257e-05,4.7278934450325915e-08,1.4142135623730951,1,12.083045973594572,0.11704114719613057,0.6272838722974592,2.25,0,,74,78,99,108,35,42,-7.325332319934719,0.0,0.9988404259435821,True,3,absent,0.5309848428280338
BraTS-GLI-02934-101,sustraccion,prediction_component,111,118,46848.0,1.1637117642780854e-05,1.5315924715999073e-08,1.4142135623730951,1,23.08679276123039,0.06125638918316889,0.46478331785406446,1.7,0,,75,92,170,182,124,134,-7.814856777053166,0.0,0.9702661835658996,True,3,absent,0.5309848428280338
BraTS-GLI-02934-101,sustraccion,prediction_component,112,46,16640.0,2.14302801649023e-05,5.194073261210982e-08,1.4142135623730951,1,12.36931687685298,0.11433239009500591,0.6362462813425951,1.6,0,,75,80,174,182,92,100,-7.284491929039546,0.0,0.998983795758028,True,3,absent,0.5309848428280338
BraTS-GLI-02934-101,sustraccion,prediction_component,113,16,6656.0,2.9464563572443515e-05,9.818664009850627e-08,1.4142135623730951,1,6.4031242374328485,0.2208630521496931,0.9046998952817776,1.3333333333333333,0,,76,80,68,71,32,36,-7.007947601074732,0.0,0.999974670476063,True,3,absent,0.5309848428280338
BraTS-GLI-02934-101,sustraccion,prediction_component,114,645,156160.0,1.0452135089119349e-05,1.235555908210894e-08,2.449489742783178,1,45.32107677449864,0.054047474533117486,0.4570025149710398,1.3043478260869565,2,,76,99,74,104,61,86,-7.908137598235893,1.0986122886681098,0.9254841993037355,True,3,absent,0.5309848428280338
BraTS-GLI-02934-101,sustraccion,prediction_component,115,13,6912.0,2.2622352127535248e-05,5.7879915666588376e-08,1.4142135623730951,1,6.557438524302,0.21566554640687685,0.9695348330084831,1.6666666666666667,0,,76,79,140,143,129,134,-7.237472110337416,0.0,0.9999473399516785,True,3,absent,0.5309848428280338
BraTS-GLI-02934-101,sustraccion,prediction_component,122,43,19968.0,1.523935561530249e-05,2.626549443607322e-08,1.4142135623730951,1,13.92838827718412,0.10153461651336192,0.650711350669285,1.2857142857142858,0,,78,87,34,42,101,108,-7.580614419386396,0.0,0.9964047647766279,True,3,absent,0.5309848428280338
BraTS-GLI-02934-101,sustraccion,prediction_component,123,12,5376.0,3.04433440619409e-05,1.0481829363285631e-07,1.4142135623730951,1,5.830951894845301,0.24253562503633297,0.9957510787676723,1.3333333333333333,0,,78,82,79,82,157,160,-6.979562914580636,0.0,0.9999881881216841,True,3,absent,0.5309848428280338
BraTS-GLI-02934-101,sustraccion,prediction_component,124,12,5376.0,3.04433440619409e-05,1.0481829363285631e-07,1.4142135623730951,1,5.830951894845301,0.24253562503633297,0.9957510787676723,1.3333333333333333,0,,78,81,88,92,158,161,-6.979562914580636,0.0,0.9999881881216841,True,3,absent,0.5309848428280338
BraTS-GLI-02934-101,sustraccion,prediction_component,125,65,20480.0,2.2177798238752185e-05,5.5627459964133747e-08,1.7320508075688772,1,13.74772708486752,0.1259881576697424,0.6944149224264771,2.0,0,,78,86,186,191,63,73,-7.254710770164247,0.0,0.999378859847439,True,3,absent,0.5309848428280338
BraTS-GLI-02934-101,sustraccion,prediction_component,128,53,19456.0,1.952969825365532e-05,4.313635452626104e-08,1.4142135623730951,1,13.92838827718412,0.10153461651336192,0.6069029442833568,2.4,0,,79,84,142,154,32,37,-7.365156560114924,0.0,0.9981324751826509,True,3,absent,0.5309848428280338
BraTS-GLI-02934-101,sustraccion,prediction_component,129,93,34816.0,1.43157675514251e-05,2.317830372648788e-08,1.4142135623730951,1,19.339079605813716,0.07312724241271307,0.5031724852354296,2.142857142857143,0,,79,94,171,178,43,53,-7.63491835047691,0.0,0.9887166873495246,True,3,absent,0.5309848428280338
BraTS-GLI-02934-101,sustraccion,prediction_component,130,35,13568.0,2.2145948823537533e-05,5.5467802104067534e-08,1.4142135623730951,1,10.246950765959598,0.13801311186847084,0.6969289728874266,2.0,0,,79,83,186,191,107,115,-7.2559590425759435,0.0,0.9994964318733872,True,3,absent,0.5309848428280338
BraTS-GLI-02934-101,sustraccion,prediction_component,132,123,38656.0,1.61837716701244e-05,2.962182818130174e-08,1.4142135623730951,1,19.313207915827967,0.07322520259382125,0.45839812278150716,2.6666666666666665,0,,80,86,63,72,72,88,-7.52838814147484,0.0,0.9912241042721226,True,3,absent,0.5309848428280338
BraTS-GLI-02934-101,sustraccion,prediction_component,135,56,24576.0,1.4535207281733404e-05,2.3894328628030273e-08,1.4142135623730951,1,16.55294535724685,0.08543576577167611,0.5958658900897977,1.7142857142857142,0,,80,87,119,128,34,46,-7.621705167580432,0.0,0.9934664870116342,True,3,absent,0.5309848428280338
BraTS-GLI-02934-101,sustraccion,prediction_component,136,80,26368.0,1.8684186858394513e-05,3.948214847741811e-08,1.4142135623730951,1,14.035668847618199,0.10075854437197569,0.529071708312648,2.5,0,,80,90,135,139,123,132,-7.403599222605757,0.0,0.9972184074150661,True,3,absent,0.5309848428280338
BraTS-GLI-02934-101,sustraccion,prediction_component,137,18,9216.0,2.0345052083333332e-05,4.681337853654911e-08,1.4142135623730951,1,7.810249675906654,0.1810714920850371,0.8698686901515341,2.0,0,,80,86,171,174,96,100,-7.329630014569378,0.0,0.9998167594038596,True,3,absent,0.5309848428280338
BraTS-GLI-02934-101,sustraccion,prediction_component,138,12,5376.0,3.04433440619409e-05,1.0481829363285631e-07,1.4142135623730951,1,5.830951894845301,0.24253562503633297,0.9957510787676723,1.3333333333333333,0,,81,85,39,42,52,55,-6.979562914580636,0.0,0.9999881881216841,True,3,absent,0.5309848428280338
BraTS-GLI-02934-101,sustraccion,prediction_component,139,12,5376.0,3.04433440619409e-05,1.0481829363285631e-07,1.4142135623730951,1,5.830951894845301,0.24253562503633297,0.9957510787676723,1.3333333333333333,0,,81,84,84,88,65,68,-6.979562914580636,0.0,0.9999881881216841,True,3,absent,0.5309848428280338
BraTS-GLI-02934-101,sustraccion,prediction_component,140,17,8448.0,2.1893644584863748e-05,5.421113507463137e-08,1.4142135623730951,1,7.681145747868608,0.1841149235796647,0.8866010210973454,1.6666666666666667,0,,81,86,118,121,35,40,-7.265911499351242,0.0,0.9998695290077457,True,3,absent,0.5309848428280338
BraTS-GLI-02934-101,sustraccion,prediction_component,142,19,9984.0,1.9045691370546972e-05,4.102474198560274e-08,1.4142135623730951,1,9.273618495495704,0.15249857033260467,0.8543319874271107,1.2,0,,81,87,154,159,41,46,-7.386954141647967,0.0,0.9996117170605082,True,3,absent,0.5309848428280338
BraTS-GLI-02934-101,sustraccion,prediction_component,143,25,9472.0,2.7119237506822293e-05,8.317777956467376e-08,1.4142135623730951,1,7.810249675906654,0.1810714920850371,0.7796467353853097,2.0,0,,81,85,189,192,100,106,-7.079992677331037,0.0,0.9999030846074742,True,3,absent,0.5309848428280338
BraTS-GLI-02934-101,sustraccion,prediction_component,144,44,16128.0,2.1482355753459303e-05,5.2193471315125986e-08,1.4142135623730951,1,11.224972160321824,0.12598815766974242,0.6457438947298227,3.0,0,,82,91,124,127,139,145,-7.282383817862498,0.0,0.9991987735864463,True,3,absent,0.5309848428280338
BraTS-GLI-02934-101,sustraccion,prediction_component,145,14,7680.0,2.080109539136373e-05,4.8935585030206e-08,1.4142135623730951,1,8.246211251235321,0.17149858514250885,0.9458781407605124,1.5,0,,83,89,31,35,88,92,-7.310375215276639,0.0,0.9998414913027567,True,3,absent,0.5309848428280338
BraTS-GLI-02934-101,sustraccion,prediction_component,148,35,15872.0,1.7503325215027517e-05,3.464922280993951e-08,1.4142135623730951,1,12.68857754044952,0.11145564251507058,0.6969289728874266,2.0,0,,83,89,133,138,133,143,-7.460306502268338,0.0,0.998313800267244,True,3,absent,0.5309848428280338
BraTS-GLI-02934-101,sustraccion,prediction_component,152,34,14592.0,1.9288865534287406e-05,4.2079032386257095e-08,1.4142135623730951,1,10.677078252031311,0.13245323570650439,0.7036956967830031,1.6,0,,85,90,161,169,39,44,-7.375934255407092,0.0,0.9991561711227949,True,3,absent,0.5309848428280338
BraTS-GLI-02934-101,sustraccion,prediction_component,154,20,7936.0,2.8289645606535866e-05,9.051225550351545e-08,1.4142135623730951,1,7.0710678118654755,0.2,0.8398489863421099,1.6666666666666667,0,,86,91,77,81,155,158,-7.043292612648983,0.0,0.9999493805149742,True,3,absent,0.5309848428280338
BraTS-GLI-02934-101,sustraccion,prediction_component,157,24,10752.0,2.1526695028193625e-05,5.2409146816428155e-08,1.4142135623730951,1,9.797958971132712,0.14433756729740646,0.7903281549671363,2.0,0,,89,97,26,30,118,122,-7.280592910244617,0.0,0.9996309902134248,True,3,absent,0.5309848428280338
BraTS-GLI-02934-101,sustraccion,prediction_component,158,17,7680.0,2.5258472975227388e-05,7.215502078433436e-08,1.4142135623730951,1,7.0710678118654755,0.2,0.8866010210973454,1.6666666666666667,0,,89,94,63,67,85,88,-7.141733443876567,0.0,0.9999371680724158,True,3,absent,0.5309848428280338
BraTS-GLI-02934-101,sustraccion,prediction_component,159,12,5376.0,3.04433440619409e-05,1.0481829363285631e-07,1.4142135623730951,1,5.830951894845301,0.24253562503633297,0.9957510787676723,1.3333333333333333,0,,89,92,88,91,83,87,-6.979562914580636,0.0,0.9999881881216841,True,3,absent,0.5309848428280338
BraTS-GLI-02934-101,sustraccion,prediction_component,160,51,17152.0,2.270377238139709e-05,5.829729737565209e-08,1.4142135623730951,1,10.04987562112089,0.1407195089460584,0.6147348138286294,1.75,0,,89,93,184,190,75,82,-7.234351578380734,0.0,0.9994255239956719,True,3,absent,0.5309848428280338
BraTS-GLI-02934-101,sustraccion,prediction_component,161,45,16640.0,2.0964404509143556e-05,4.97069865498688e-08,1.4142135623730951,1,11.532562594670797,0.12262786789699316,0.6409247308398612,2.25,0,,90,99,38,44,94,98,-7.3035825648520065,0.0,0.9990682794472181,True,3,absent,0.5309848428280338
BraTS-GLI-02934-101,sustraccion,prediction_component,163,97,36352.0,1.3995205173508136e-05,2.2151896465062628e-08,1.4142135623730951,1,19.026297590440446,0.07432941462471665,0.49615871354606417,1.8571428571428572,0,,90,97,81,94,125,137,-7.654589087090807,0.0,0.9878622171425474,True,3,absent,0.5309848428280338
BraTS-GLI-02934-101,sustraccion,prediction_component,164,27,10752.0,2.4217531906717828e-05,6.633032643954189e-08,1.4142135623730951,1,8.602325267042627,0.1643989873053573,0.7599002946021327,2.3333333333333335,0,,90,97,114,118,28,31,-7.178287865349854,0.0,0.9998027262548603,True,3,absent,0.5309848428280338
BraTS-GLI-02934-101,sustraccion,prediction_component,165,48,17664.0,2.0445966896360257e-05,4.7278934450325915e-08,1.4142135623730951,1,11.74734012447073,0.12038585308576921,0.6272838722974592,1.6,0,,90,98,128,133,31,38,-7.325332319934719,0.0,0.9989051318773833,True,3,absent,0.5309848428280338
BraTS-GLI-02934-101,sustraccion,prediction_component,167,23,8960.0,2.7118509847594702e-05,8.317331599767149e-08,1.4142135623730951,1,8.12403840463596,0.17407765595569785,0.8016200827808712,1.25,0,,91,95,40,45,72,77,-7.080015983489769,0.0,0.999897981607917,True,3,absent,0.5309848428280338
BraTS-GLI-02934-101,sustraccion,prediction_component,169,24,11520.0,1.9410312304685675e-05,4.261057744126781e-08,1.4142135623730951,1,9.38083151964686,0.15075567228888181,0.7903281549671363,1.5,0,,91,97,90,96,59,63,-7.3704825803769465,0.0,0.9995397451848397,True,3,absent,0.5309848428280338
BraTS-GLI-02934-101,sustraccion,prediction_component,170,16,6656.0,2.9464563572443515e-05,9.818664009850627e-08,1.4142135623730951,1,6.4031242374328485,0.2208630521496931,0.9046998952817776,1.3333333333333333,0,,91,95,123,126,137,141,-7.007947601074732,0.0,0.999974670476063,True,3,absent,0.5309848428280338
BraTS-GLI-02934-101,sustraccion,prediction_component,171,22,8448.0,2.8332951815706027e-05,9.078958261633766e-08,1.4142135623730951,1,7.3484692283495345,0.19245008972987526,0.8135863258112027,2.0,0,,91,97,137,140,146,149,-7.041963980463377,0.0,0.9999377218262803,True,3,absent,0.5309848428280338
BraTS-GLI-02934-101,sustraccion,prediction_component,172,58,23552.0,1.604672110557269e-05,2.9122253813030344e-08,1.4142135623730951,1,14.594519519326424,0.09690031662230185,0.5889365886474403,1.4285714285714286,0,,92,99,32,42,54,62,-7.5357750173849185,0.0,0.99599540175922,True,3,absent,0.5309848428280338
BraTS-GLI-02934-101,sustraccion,prediction_component,173,19,9216.0,2.147533275462963e-05,5.2159350776834036e-08,1.4142135623730951,1,8.774964387392123,0.16116459280507606,0.8543319874271107,1.5,0,,92,96,105,111,55,60,-7.282667822870332,0.0,0.9997721848117204,True,3,absent,0.5309848428280338
BraTS-GLI-02934-101,sustraccion,prediction_component,174,17,7680.0,2.5258472975227388e-05,7.215502078433436e-08,1.4142135623730951,1,7.0710678118654755,0.2,0.8866010210973454,1.6666666666666667,0,,92,97,147,151,39,42,-7.141733443876567,0.0,0.9999371680724158,True,3,absent,0.5309848428280338
BraTS-GLI-02934-101,sustraccion,prediction_component,176,12,6144.0,2.4917498197257264e-05,7.022006780482366e-08,1.4142135623730951,1,6.4031242374328485,0.2208630521496931,0.9957510787676723,1.3333333333333333,0,,94,97,44,48,67,71,-7.153538755513696,0.0,0.9999674469175863,True,3,absent,0.5309848428280338
BraTS-GLI-02934-101,sustraccion,prediction_component,177,29,13056.0,1.943939684666642e-05,4.27383690608457e-08,1.4142135623730951,1,10.246950765959598,0.13801311186847084,0.742013605090188,2.0,0,,94,98,49,54,48,56,-7.369182054970024,0.0,0.9993365711316837,True,3,absent,0.5309848428280338
BraTS-GLI-02934-101,sustraccion,prediction_component,178,62,23808.0,1.6877468989753016e-05,3.221565834773272e-08,1.4142135623730951,1,17.4928556845359,0.08084520834544433,0.5759887103099525,1.3333333333333333,0,,94,106,46,55,77,86,-7.491932989139425,0.0,0.9953273361539025,True,3,absent,0.5309848428280338
BraTS-GLI-02934-101,sustraccion,prediction_component,181,16,6656.0,2.9464563572443515e-05,9.818664009850627e-08,1.4142135623730951,1,6.4031242374328485,0.2208630521496931,0.9046998952817776,1.3333333333333333,0,,95,99,128,132,30,33,-7.007947601074732,0.0,0.999974670476063,True,3,absent,0.5309848428280338
BraTS-GLI-02934-101,sustraccion,prediction_component,182,21,8448.0,2.704509036953757e-05,8.272356597893577e-08,1.4142135623730951,1,8.660254037844387,0.1632993161855452,0.8263006657894747,1.0,0,,96,101,51,56,109,114,-7.082370752639951,0.0,0.9998853825660726,True,3,absent,0.5309848428280338
BraTS-GLI-02934-101,sustraccion,prediction_component,184,12,5376.0,3.04433440619409e-05,1.0481829363285631e-07,1.4142135623730951,1,5.830951894845301,0.24253562503633297,0.9957510787676723,1.3333333333333333,0,,96,100,88,91,51,54,-6.979562914580636,0.0,0.9999881881216841,True,3,absent,0.5309848428280338
BraTS-GLI-02934-101,sustraccion,prediction_component,185,25,9472.0,2.7119237506822293e-05,8.317777956467376e-08,1.4142135623730951,1,7.810249675906654,0.1810714920850371,0.7796467353853097,2.0,0,,96,100,107,113,84,87,-7.079992677331037,0.0,0.9999030846074742,True,3,absent,0.5309848428280338
BraTS-GLI-02934-101,sustraccion,prediction_component,186,54,23552.0,1.4940050684498713e-05,2.524390372140205e-08,1.4142135623730951,1,17.291616465790582,0.08178608201095308,0.6031332635211851,1.8571428571428572,0,,96,105,112,119,140,153,-7.597843484864856,0.0,0.993771050024999,True,3,absent,0.5309848428280338
BraTS-GLI-02934-101,sustraccion,prediction_component,187,19,9216.0,2.147533275462963e-05,5.2159350776834036e-08,1.4142135623730951,1,9.0,0.15713484026367724,0.8543319874271107,1.75,0,,96,103,163,167,95,99,-7.282667822870332,0.0,0.99975585177848,True,3,absent,0.5309848428280338
BraTS-GLI-02934-101,sustraccion,prediction_component,193,56,18944.0,2.1477340350684516e-05,5.216910334296338e-08,1.4142135623730951,1,13.892443989449804,0.10179731971185753,0.5958658900897977,1.8333333333333333,0,,98,104,58,64,47,58,-7.282586627654656,0.0,0.9985797724601014,True,3,absent,0.5309848428280338
BraTS-GLI-02934-101,sustraccion,prediction_component,195,17,7168.0,2.8012503667152895e-05,8.874752009735003e-08,1.4142135623730951,1,6.928203230275509,0.20412414523193154,0.8866010210973454,1.0,0,,99,103,31,35,63,67,-7.051843773744237,0.0,0.9999579755349162,True,3,absent,0.5309848428280338
BraTS-GLI-02934-101,sustraccion,prediction_component,198,12,5376.0,3.04433440619409e-05,1.0481829363285631e-07,1.4142135623730951,1,5.830951894845301,0.24253562503633297,0.9957510787676723,1.3333333333333333,0,,99,102,82,85,43,47,-6.979562914580636,0.0,0.9999881881216841,True,3,absent,0.5309848428280338
BraTS-GLI-02934-101,sustraccion,prediction_component,202,14,6144.0,2.9070414563466808e-05,9.557731451212109e-08,1.4142135623730951,1,6.928203230275509,0.20412414523193154,0.9458781407605124,1.0,0,,100,104,48,52,125,129,-7.019645176252469,0.0,0.9999690143044426,True,3,absent,0.5309848428280338
BraTS-GLI-02934-101,sustraccion,prediction_component,203,48,16640.0,2.2362031476419792e-05,5.655550469673961e-08,1.4142135623730951,1,11.661903789690601,0.12126781251816648,0.6272838722974592,1.3333333333333333,0,,100,106,132,138,39,47,-7.24752511765152,0.0,0.9991902685514534,True,3,absent,0.5309848428280338
BraTS-GLI-02934-101,sustraccion,prediction_component,205,28,10240.0,2.70214155531966e-05,8.257879973847263e-08,1.4142135623730951,1,8.246211251235321,0.17149858514250885,0.7507439778384809,1.5,0,,100,106,141,145,36,40,-7.083131433773576,0.0,0.9998734526083655,True,3,absent,0.5309848428280338
BraTS-GLI-02934-101,sustraccion,prediction_component,208,12,5376.0,3.04433440619409e-05,1.0481829363285631e-07,1.4142135623730951,1,5.830951894845301,0.24253562503633297,0.9957510787676723,1.3333333333333333,0,,101,104,122,126,29,32,-6.979562914580636,0.0,0.9999881881216841,True,3,absent,0.5309848428280338
BraTS-GLI-02934-101,sustraccion,prediction_component,213,88,25088.0,2.2145404157514187e-05,5.546507374449977e-08,1.7320508075688772,1,13.638181696985855,0.1270001270001905,0.627715144031263,2.75,0,,102,106,138,145,133,144,-7.255980405251275,0.0,0.9992439914054724,True,3,absent,0.5309848428280338
BraTS-GLI-02934-101,sustraccion,prediction_component,214,12,6144.0,2.4917498197257264e-05,7.022006780482366e-08,1.4142135623730951,1,6.4031242374328485,0.2208630521496931,0.9957510787676723,1.3333333333333333,0,,102,106,141,144,43,47,-7.153538755513696,0.0,0.9999674469175863,True,3,absent,0.5309848428280338
BraTS-GLI-02934-101,sustraccion,prediction_component,215,27,9984.0,2.7064929842356223e-05,8.284497758311468e-08,1.4142135623730951,1,8.660254037844387,0.1632993161855452,0.7599002946021327,1.0,0,,103,108,46,51,48,53,-7.08173381523565,0.0,0.999859159357494,True,3,absent,0.5309848428280338
BraTS-GLI-02934-101,sustraccion,prediction_component,217,43,18944.0,1.649152919784704e-05,3.075914288301635e-08,1.4142135623730951,1,13.379088160259652,0.105703284516338,0.650711350669285,1.2857142857142858,0,,104,111,43,50,131,140,-7.512025770507883,0.0,0.9973983940500366,True,3,absent,0.5309848428280338
BraTS-GLI-02934-101,sustraccion,prediction_component,218,12,5376.0,3.04433440619409e-05,1.0481829363285631e-07,1.4142135623730951,1,5.830951894845301,0.24253562503633297,0.9957510787676723,1.3333333333333333,0,,104,107,167,171,121,124,-6.979562914580636,0.0,0.9999881881216841,True,3,absent,0.5309848428280338
BraTS-GLI-02934-101,sustraccion,prediction_component,219,43,16384.0,2.0503997802734375e-05,4.7547694838056256e-08,1.4142135623730951,1,12.206555615733702,0.11585688927269847,0.650711350669285,1.3333333333333333,0,,105,111,31,38,64,72,-7.322870533266616,0.0,0.9989103330618652,True,3,absent,0.5309848428280338
BraTS-GLI-02934-101,sustraccion,prediction_component,220,34,13824.0,2.091839354831474e-05,4.9489040318473496e-08,1.4142135623730951,1,10.770329614269007,0.13130643285972257,0.7036956967830031,2.0,0,,105,109,35,41,120,128,-7.305490967858523,0.0,0.9993360744641534,True,3,absent,0.5309848428280338
BraTS-GLI-02934-101,sustraccion,prediction_component,221,17,8448.0,2.1893644584863748e-05,5.421113507463137e-08,1.4142135623730951,1,7.54983443527075,0.1873171623163388,0.8866010210973454,1.25,0,,105,110,37,41,60,64,-7.265911499351242,0.0,0.9998765146152433,True,3,absent,0.5309848428280338
BraTS-GLI-02934-101,sustraccion,prediction_component,222,83,29440.0,1.6431279526992623e-05,3.053480432140268e-08,1.7320508075688772,1,17.4928556845359,0.09901475429766743,0.6400749038798939,3.25,0,,105,118,97,108,146,150,-7.515204858782814,0.0,0.9969481995709443,True,3,absent,0.5309848428280338
BraTS-GLI-02934-101,sustraccion,prediction_component,225,31,11520.0,2.5071653393552328e-05,7.109160576572633e-08,1.4142135623730951,1,8.12403840463596,0.17407765595569785,0.7257003006213092,1.25,0,,106,111,120,124,123,128,-7.148181676131613,0.0,0.9998335586599167,True,3,absent,0.5309848428280338
BraTS-GLI-02934-101,sustraccion,prediction_component,228,12,5376.0,3.04433440619409e-05,1.0481829363285631e-07,1.4142135623730951,1,5.830951894845301,0.24253562503633297,0.9957510787676723,1.3333333333333333,0,,107,111,87,90,30,33,-6.979562914580636,0.0,0.9999881881216841,True,3,absent,0.5309848428280338
BraTS-GLI-02934-101,sustraccion,prediction_component,229,63,20480.0,2.149540444679058e-05,5.225689670950221e-08,1.4142135623730951,1,12.083045973594572,0.11704114719613057,0.5729248826285681,2.25,0,,107,116,105,109,31,38,-7.281856384542795,0.0,0.9988283777754074,True,3,absent,0.5309848428280338
BraTS-GLI-02934-101,sustraccion,prediction_component,230,14,6912.0,2.4362533060422576e-05,6.712700278491907e-08,1.4142135623730951,1,7.0710678118654755,0.2,0.9458781407605124,1.6666666666666667,0,,107,110,109,114,151,155,-7.1731027435946135,0.0,0.9999414397968109,True,3,absent,0.5309848428280338
BraTS-GLI-02934-101,sustraccion,prediction_component,231,42,14592.0,2.3827422130590324e-05,6.421056499079371e-08,1.4142135623730951,1,11.0,0.128564869306645,0.6558352730581178,1.1666666666666667,0,,107,113,121,127,41,48,-7.192393508695801,0.0,0.9994668883316123,True,3,absent,0.5309848428280338
BraTS-GLI-02934-101,sustraccion,prediction_component,232,14,6144.0,2.9070414563466808e-05,9.557731451212109e-08,1.4142135623730951,1,6.928203230275509,0.20412414523193154,0.9458781407605124,1.0,0,,107,111,144,148,40,44,-7.019645176252469,0.0,0.9999690143044426,True,3,absent,0.5309848428280338
BraTS-GLI-02934-101,sustraccion,prediction_component,233,218,69376.0,1.1930059490341722e-05,1.6096727504696178e-08,1.7320508075688772,1,31.38470965295043,0.05518772761391628,0.4639145558930288,1.75,0,,108,129,48,60,47,67,-7.793262407888135,0.0,0.9694647267157742,True,3,absent,0.5309848428280338
BraTS-GLI-02934-101,sustraccion,prediction_component,234,63,23808.0,1.7149686231523227e-05,3.326325389754192e-08,1.4142135623730951,1,15.297058540778355,0.09245003270420485,0.5729248826285681,1.5714285714285714,0,,108,115,112,123,31,39,-7.478035269228769,0.0,0.996324566305428,True,3,absent,0.5309848428280338
BraTS-GLI-02934-101,sustraccion,prediction_component,237,58,23296.0,1.6311952837899013e-05,3.009291702727543e-08,1.4142135623730951,1,14.142135623730951,0.1,0.5889365886474403,1.6666666666666667,0,,109,119,91,99,150,156,-7.521535712311534,0.0,0.9963958587032845,True,3,absent,0.5309848428280338
BraTS-GLI-02934-101,sustraccion,prediction_component,244,19,9984.0,1.9045691370546972e-05,4.102474198560274e-08,1.4142135623730951,1,8.12403840463596,0.17407765595569785,0.8543319874271107,1.25,0,,112,117,86,90,142,147,-7.386954141647967,0.0,0.9997320000340705,True,3,absent,0.5309848428280338
BraTS-GLI-02934-101,sustraccion,prediction_component,245,52,20736.0,1.7414694787379972e-05,3.429920928390422e-08,1.4142135623730951,1,12.727922061357855,0.11111111111111112,0.6107686723568493,1.1428571428571428,0,,112,119,111,118,141,149,-7.464715891840479,0.0,0.9977419512487735,True,3,absent,0.5309848428280338
BraTS-GLI-02934-101,sustraccion,prediction_component,250,12,5376.0,3.04433440619409e-05,1.0481829363285631e-07,1.4142135623730951,1,5.830951894845301,0.24253562503633297,0.9957510787676723,1.3333333333333333,0,,115,119,102,105,44,47,-6.979562914580636,0.0,0.9999881881216841,True,3,absent,0.5309848428280338
BraTS-GLI-02934-101,sustraccion,prediction_component,253,12,6144.0,2.4917498197257264e-05,7.022006780482366e-08,1.4142135623730951,1,6.4031242374328485,0.2208630521496931,0.9957510787676723,1.3333333333333333,0,,115,119,174,178,75,78,-7.153538755513696,0.0,0.9999674469175863,True,3,absent,0.5309848428280338
BraTS-GLI-02934-101,sustraccion,prediction_component,254,43,17152.0,1.9142396321570096e-05,4.144240786143049e-08,1.4142135623730951,1,12.328828005937952,0.1147078669352809,0.650711350669285,2.5,0,,116,126,68,74,124,128,-7.382555019417434,0.0,0.9986155063760984,True,3,absent,0.5309848428280338
BraTS-GLI-02934-101,sustraccion,prediction_component,255,22,9984.0,2.2052905797475442e-05,5.500270116629287e-08,1.4142135623730951,1,8.12403840463596,0.17407765595569785,0.8135863258112027,1.25,0,,116,121,124,129,95,99,-7.259615981909213,0.0,0.9998095190707569,True,3,absent,0.5309848428280338
BraTS-GLI-02934-101,sustraccion,prediction_component,257,38,15360.0,1.996166546710637e-05,4.506567907118461e-08,1.4142135623730951,1,11.445523142259598,0.1235604126430431,0.6780837477859392,1.8,0,,117,126,100,105,81,86,-7.346154080391438,0.0,0.9990454080336928,True,3,absent,0.5309848428280338
BraTS-GLI-02934-101,sustraccion,prediction_component,260,12,5376.0,3.04433440619409e-05,1.0481829363285631e-07,1.4142135623730951,1,5.830951894845301,0.24253562503633297,0.9957510787676723,1.3333333333333333,0,,118,121,112,116,134,137,-6.979562914580636,0.0,0.9999881881216841,True,3,absent,0.5309848428280338
BraTS-GLI-02934-101,sustraccion,prediction_component,262,36,14080.0,2.1547580831566683e-05,5.251089380017996e-08,1.4142135623730951,1,10.488088481701515,0.13483997249264842,0.6904152369103725,1.4,0,,118,125,145,150,64,70,-7.279750589422284,0.0,0.9994075243619694,True,3,absent,0.5309848428280338
BraTS-GLI-02934-101,sustraccion,prediction_component,263,29,11776.0,2.2693490619119486e-05,5.824450762606069e-08,1.4142135623730951,1,9.486832980505138,0.14907119849998599,0.742013605090188,1.75,0,,119,123,92,99,97,102,-7.234745021720937,0.0,0.9996656669474686,True,3,absent,0.5309848428280338
BraTS-GLI-02934-101,sustraccion,prediction_component,266,21,9984.0,2.1050500988499285e-05,5.011609755027925e-08,1.4142135623730951,1,9.273618495495704,0.15249857033260467,0.8263006657894747,1.2,0,,120,125,131,136,130,136,-7.300022754085787,0.0,0.9996922321981113,True,3,absent,0.5309848428280338
BraTS-GLI-02934-101,sustraccion,prediction_component,268,64,22784.0,1.8609513342808285e-05,3.9167189169937315e-08,1.7320508075688772,1,13.92838827718412,0.12435400084345173,0.6980129914371896,1.2857142857142858,0,,121,129,82,91,97,104,-7.407077594441092,0.0,0.9988928770629542,True,3,absent,0.5309848428280338
BraTS-GLI-02934-101,sustraccion,prediction_component,270,17,7680.0,2.5258472975227388e-05,7.215502078433436e-08,1.4142135623730951,1,7.0710678118654755,0.2,0.8866010210973454,1.6666666666666667,0,,121,126,124,127,39,43,-7.141733443876567,0.0,0.9999371680724158,True,3,absent,0.5309848428280338
BraTS-GLI-02934-101,sustraccion,prediction_component,271,77,22272.0,2.3166045141464116e-05,6.069545480190788e-08,1.4142135623730951,1,12.206555615733702,0.11585688927269847,0.5358554176060653,1.3333333333333333,0,,121,128,152,158,109,117,-7.216843829985019,0.0,0.9989428755519997,True,3,absent,0.5309848428280338
BraTS-GLI-02934-101,sustraccion,prediction_component,272,12,5376.0,3.04433440619409e-05,1.0481829363285631e-07,1.4142135623730951,1,5.830951894845301,0.24253562503633297,0.9957510787676723,1.3333333333333333,0,,122,125,40,43,78,82,-6.979562914580636,0.0,0.9999881881216841,True,3,absent,0.5309848428280338
BraTS-GLI-02934-101,sustraccion,prediction_component,274,21,9984.0,2.1050500988499285e-05,5.011609755027925e-08,1.4142135623730951,1,9.848857801796104,0.14359163172354764,0.8263006657894747,1.2,0,,122,128,94,99,34,40,-7.300022754085787,0.0,0.9996413405572944,True,3,absent,0.5309848428280338
BraTS-GLI-02934-101,sustraccion,prediction_component,276,14,6144.0,2.9070414563466808e-05,9.557731451212109e-08,1.4142135623730951,1,6.928203230275509,0.20412414523193154,0.9458781407605124,1.0,0,,122,126,107,111,134,138,-7.019645176252469,0.0,0.9999690143044426,True,3,absent,0.5309848428280338
BraTS-GLI-02934-101,sustraccion,prediction_component,280,28,15360.0,1.4708595607341535e-05,2.4467792515103e-08,1.4142135623730951,1,13.114877048604,0.10783277320343843,0.7507439778384809,1.6666666666666667,0,,123,133,126,132,53,59,-7.61140521094062,0.0,0.9973571380165327,True,3,absent,0.5309848428280338
BraTS-GLI-02934-101,sustraccion,prediction_component,283,14,7680.0,2.080109539136373e-05,4.8935585030206e-08,1.4142135623730951,1,7.810249675906654,0.1810714920850371,0.9458781407605124,2.0,0,,125,131,66,69,120,124,-7.310375215276639,0.0,0.99986553428335,True,3,absent,0.5309848428280338
BraTS-GLI-02934-101,sustraccion,prediction_component,284,32,12544.0,2.2776967930029154e-05,5.867379701897496e-08,1.4142135623730951,1,9.9498743710662,0.1421338109037403,0.7180607827429069,1.4,0,,125,132,101,106,130,135,-7.231555805919856,0.0,0.9995986950802765,True,3,absent,0.5309848428280338
BraTS-GLI-02934-101,sustraccion,prediction_component,285,35,14080.0,2.094903691957872e-05,4.963413958736146e-08,1.4142135623730951,1,10.246950765959598,0.13801311186847084,0.6969289728874266,2.0,0,,125,133,106,110,46,51,-7.3042195022563075,0.0,0.999398444089976,True,3,absent,0.5309848428280338
BraTS-GLI-02934-101,sustraccion,prediction_component,286,12,5376.0,3.04433440619409e-05,1.0481829363285631e-07,1.4142135623730951,1,5.830951894845301,0.24253562503633297,0.9957510787676723,1.3333333333333333,0,,126,130,125,128,120,123,-6.979562914580636,0.0,0.9999881881216841,True,3,absent,0.5309848428280338
BraTS-GLI-02934-101,sustraccion,prediction_component,288,19,7680.0,2.8230058031136492e-05,9.013135814236922e-08,1.4142135623730951,1,7.54983443527075,0.1873171623163388,0.8543319874271107,1.25,0,,127,131,97,102,40,44,-7.0451240847274565,0.0,0.9999394424229363,True,3,absent,0.5309848428280338
BraTS-GLI-02934-101,sustraccion,prediction_component,289,24,9472.0,2.6034468006549403e-05,7.665664164680334e-08,1.4142135623730951,1,8.660254037844387,0.1632993161855452,0.7903281549671363,1.0,0,,127,132,104,109,81,86,-7.1154502112519005,0.0,0.9998550468710321,True,3,absent,0.5309848428280338
BraTS-GLI-02934-101,sustraccion,prediction_component,290,29,12288.0,2.129002610079339e-05,5.126308769432005e-08,1.4142135623730951,1,10.04987562112089,0.1407195089460584,0.742013605090188,1.75,0,,127,131,156,163,99,105,-7.290195238802977,0.0,0.9995266022657519,True,3,absent,0.5309848428280338
BraTS-GLI-02934-101,sustraccion,prediction_component,293,24,9472.0,2.6034468006549403e-05,7.665664164680334e-08,1.4142135623730951,1,7.54983443527075,0.1873171623163388,0.7903281549671363,1.25,0,,128,132,89,93,47,52,-7.1154502112519005,0.0,0.9999040643098022,True,3,absent,0.5309848428280338
BraTS-GLI-02934-101,sustraccion,prediction_component,294,22,8448.0,2.8332951815706027e-05,9.078958261633766e-08,1.4142135623730951,1,7.3484692283495345,0.19245008972987526,0.8135863258112027,2.0,0,,128,134,124,127,82,85,-7.041963980463377,0.0,0.9999377218262803,True,3,absent,0.5309848428280338
BraTS-GLI-02934-101,sustraccion,prediction_component,295,49,17152.0,2.1813428366440344e-05,5.381461399421018e-08,1.4142135623730951,1,11.874342087037917,0.11909826683508275,0.6229872725752906,2.5,0,,129,139,93,97,58,63,-7.2690997705195795,0.0,0.9990776812926488,True,3,absent,0.5309848428280338
BraTS-GLI-02934-101,sustraccion,prediction_component,296,26,11264.0,2.1748754214260736e-05,5.3495979529745444e-08,1.4142135623730951,1,8.774964387392123,0.16116459280507606,0.7695203069187393,1.5,0,,131,137,108,112,132,137,-7.271678855991054,0.0,0.9997145239736336,True,3,absent,0.5309848428280338
BraTS-GLI-02934-101,sustraccion,prediction_component,302,12,5376.0,3.04433440619409e-05,1.0481829363285631e-07,1.4142135623730951,1,5.830951894845301,0.24253562503633297,0.9957510787676723,1.3333333333333333,0,,135,138,92,96,137,140,-6.979562914580636,0.0,0.9999881881216841,True,3,absent,0.5309848428280338
BraTS-GLI-02934-101,sustraccion,prediction_component,305,17,7168.0,2.8012503667152895e-05,8.874752009735003e-08,1.4142135623730951,1,6.928203230275509,0.20412414523193154,0.8866010210973454,1.0,0,,136,140,80,84,50,54,-7.051843773744237,0.0,0.9999579755349162,True,3,absent,0.5309848428280338
BraTS-GLI-02934-101,sustraccion,prediction_component,306,12,6144.0,2.4917498197257264e-05,7.022006780482366e-08,1.4142135623730951,1,6.4031242374328485,0.2208630521496931,0.9957510787676723,1.3333333333333333,0,,136,140,85,88,48,52,-7.153538755513696,0.0,0.9999674469175863,True,3,absent,0.5309848428280338
BraTS-GLI-02934-101,sustraccion,prediction_component,307,12,5376.0,3.04433440619409e-05,1.0481829363285631e-07,1.4142135623730951,1,5.830951894845301,0.24253562503633297,0.9957510787676723,1.3333333333333333,0,,136,140,125,128,122,125,-6.979562914580636,0.0,0.9999881881216841,True,3,absent,0.5309848428280338
BraTS-GLI-02934-101,sustraccion,prediction_component,312,24,10752.0,2.1526695028193625e-05,5.2409146816428155e-08,1.4142135623730951,1,8.774964387392123,0.16116459280507606,0.7903281549671363,1.5,0,,140,145,132,136,111,117,-7.280592910244617,0.0,0.9997236359294644,True,3,absent,0.5309848428280338
BraTS-GLI-02934-101,sustraccion,prediction_component,313,14,7680.0,2.080109539136373e-05,4.8935585030206e-08,1.4142135623730951,1,8.12403840463596,0.17407765595569785,0.9458781407605124,1.25,0,,140,144,147,152,101,106,-7.310375215276639,0.0,0.9998483627314445,True,3,absent,0.5309848428280338
BraTS-GLI-02934-101,sustraccion,prediction_component,316,24,9216.0,2.712673611111111e-05,8.322378406497619e-08,1.4142135623730951,1,7.681145747868608,0.1841149235796647,0.7903281549671363,1.6666666666666667,0,,143,146,127,132,95,100,-7.079752541352778,0.0,0.9999111338864807,True,3,absent,0.5309848428280338
BraTS-GLI-02934-101,sustraccion,prediction_component,317,37,13824.0,2.276413415551898e-05,5.8607695671271814e-08,1.4142135623730951,1,9.9498743710662,0.1421338109037403,0.6841383873286643,1.4,0,,144,149,104,109,114,121,-7.232045353809043,0.0,0.9995528256469152,True,3,absent,0.5309848428280338
BraTS-GLI-02934-101,sustraccion,prediction_component,318,64,18944.0,2.4545531829353735e-05,6.813923701938073e-08,1.7320508075688772,1,11.090536506409418,0.15617376188860604,0.6980129914371896,1.4,0,,144,149,128,135,104,111,-7.166602733699282,0.0,0.999735708580257,True,3,absent,0.5309848428280338
BraTS-GLI-02934-101,sustraccion,prediction_component,319,24,11520.0,1.9410312304685675e-05,4.261057744126781e-08,1.4142135623730951,1,9.38083151964686,0.15075567228888181,0.7903281549671363,1.5,0,,145,151,91,97,109,113,-7.3704825803769465,0.0,0.9995397451848397,True,3,absent,0.5309848428280338
BraTS-GLI-02934-101,sustraccion,prediction_component,321,37,13312.0,2.408999781721083e-05,6.56335499486597e-08,1.4142135623730951,1,9.695359714832659,0.14586499149789456,0.6841383873286643,2.3333333333333335,0,,147,153,81,88,105,108,-7.182874105244535,0.0,0.9996500940979219,True,3,absent,0.5309848428280338
BraTS-GLI-02934-101,sustraccion,prediction_component,322,108,29952.0,2.0834592706776936e-05,4.9093320049253144e-08,1.7320508075688772,1,14.352700094407323,0.12067769800636945,0.5862941740078701,2.0,0,,148,153,76,86,77,86,-7.308977596738713,0.0,0.9988336150618919,True,3,absent,0.5309848428280338
BraTS-GLI-02934-101,gmm_2d,prediction_component,1,820,98816.0,2.639811688002296e-05,7.881307424653346e-08,4.0,1,22.181073012818835,0.18033392693348646,0.6888926909364202,1.4,1,,14,24,79,93,86,100,-7.103401731721959,0.6931471805599453,0.9998081928303533,True,3,absent,0.5309848428280338
BraTS-GLI-02934-101,gmm_2d,prediction_component,2,224,56576.0,1.6645607883110108e-05,3.133658694778299e-08,2.449489742783178,1,21.400934559032695,0.11445713905747736,0.6501633565463061,1.7777777777777777,2,,23,34,73,89,102,111,-7.503948306861134,1.0986122886681098,0.9965077629931532,True,3,absent,0.5309848428280338
BraTS-GLI-02934-101,gmm_2d,prediction_component,3,105870,17343744.0,1.4657457082786268e-06,2.429795010623149e-10,5.656854249492381,4,259.89420924676256,0.021765988037545498,0.19275850732331556,1.288888888888889,222,,23,158,19,193,23,161,-9.614430364060302,5.407171771460119,0.0008994630372160197,False,3,absent,0.5309848428280338
BraTS-GLI-02934-101,gmm_2d,prediction_component,4,25,9984.0,2.5060120224403912e-05,7.102621534903521e-08,1.7320508075688772,1,8.660254037844387,0.19999999999999996,0.9548683406603533,1.0,0,,24,29,75,80,93,98,-7.14858132620955,0.0,0.9999479890581185,True,3,absent,0.5309848428280338
BraTS-GLI-02934-101,gmm_2d,prediction_component,5,25,9984.0,2.5060120224403912e-05,7.102621534903521e-08,1.7320508075688772,1,8.660254037844387,0.19999999999999996,0.9548683406603533,1.0,0,,27,32,80,85,114,119,-7.14858132620955,0.0,0.9999479890581185,True,3,absent,0.5309848428280338
BraTS-GLI-02934-101,gmm_2d,prediction_component,6,375,82432.0,1.5844827381641636e-05,2.8394053604499657e-08,2.449489742783178,1,25.357444666211933,0.09659844574351187,0.5475554076220995,2.3333333333333335,2,,28,49,76,85,90,101,-7.5467726021061825,1.0986122886681098,0.9923614795045064,True,3,absent,0.5309848428280338
BraTS-GLI-02934-101,gmm_2d,prediction_component,7,25,9984.0,2.5060120224403912e-05,7.102621534903521e-08,1.7320508075688772,1,8.660254037844387,0.19999999999999996,0.9548683406603533,1.0,0,,29,34,42,47,72,77,-7.14858132620955,0.0,0.9999479890581185,True,3,absent,0.5309848428280338
BraTS-GLI-02934-101,gmm_2d,prediction_component,8,126,40192.0,1.563727661022722e-05,2.7655060349487833e-08,1.7320508075688772,1,19.8997487421324,0.08703882797784891,0.55692919151602,1.4,0,,32,46,63,73,42,52,-7.558225389466703,0.0,0.9943114808157163,True,3,absent,0.5309848428280338
BraTS-GLI-02934-101,gmm_2d,prediction_component,9,50,18688.0,1.95715745391646e-05,4.332154192016719e-08,1.7320508075688772,1,11.74734012447073,0.14744195615489714,0.757879504227687,1.6,0,,33,41,52,57,51,58,-7.3632960941634575,0.0,0.9994746744831597,True,3,absent,0.5309848428280338
BraTS-GLI-02934-101,gmm_2d,prediction_component,10,352,73728.0,1.7583040800989273e-05,3.4965548166187916e-08,2.449489742783178,1,25.67099530598687,0.09541857312450676,0.5592306171747308,1.8888888888888888,3,,34,43,79,96,70,87,-7.4563596587955585,1.3862943611198906,0.9938946113194851,True,3,absent,0.5309848428280338
BraTS-GLI-02934-101,gmm_2d,prediction_component,11,195,49408.0,1.7755736848789092e-05,3.5655766189463837e-08,2.449489742783178,1,19.72308292331602,0.12419405994016618,0.6809161336761329,2.0,1,,37,44,82,96,102,114,-7.447870226772412,0.6931471805599453,0.9981655287087191,True,3,absent,0.5309848428280338
BraTS-GLI-02934-101,gmm_2d,prediction_component,12,25,9984.0,2.5060120224403912e-05,7.102621534903521e-08,1.7320508075688772,1,8.660254037844387,0.19999999999999996,0.9548683406603533,1.0,0,,38,43,134,139,56,61,-7.14858132620955,0.0,0.9999479890581185,True,3,absent,0.5309848428280338
BraTS-GLI-02934-101,gmm_2d,prediction_component,13,25,9984.0,2.5060120224403912e-05,7.102621534903521e-08,1.7320508075688772,1,8.660254037844387,0.19999999999999996,0.9548683406603533,1.0,0,,40,45,42,47,121,126,-7.14858132620955,0.0,0.9999479890581185,True,3,absent,0.5309848428280338
BraTS-GLI-02934-101,gmm_2d,prediction_component,14,25,9984.0,2.5060120224403912e-05,7.102621534903521e-08,1.7320508075688772,1,8.660254037844387,0.19999999999999996,0.9548683406603533,1.0,0,,40,45,51,56,48,53,-7.14858132620955,0.0,0.9999479890581185,True,3,absent,0.5309848428280338
BraTS-GLI-02934-101,gmm_2d,prediction_component,15,50,19968.0,1.772018094802615e-05,3.551310767451761e-08,1.7320508075688772,1,12.727922061357855,0.13608276348795434,0.757879504227687,1.1428571428571428,0,,40,47,104,112,82,89,-7.449611321873531,0.0,0.9991225092020862,True,3,absent,0.5309848428280338
BraTS-GLI-02934-101,gmm_2d,prediction_component,16,648,147456.0,1.1444091796875e-05,1.481204555257999e-08,2.23606797749979,1,34.42382895611701,0.06495698024616309,0.41653951144244467,1.4375,2,,40,60,118,134,29,52,-7.829384961002577,1.0986122886681098,0.9463486375419202,True,3,absent,0.5309848428280338
BraTS-GLI-02934-101,gmm_2d,prediction_component,17,441,88320.0,1.6801575153394685e-05,3.1926577954284146e-08,2.449489742783178,1,27.730849247724095,0.08833085928604262,0.5187510217669911,1.6363636363636365,3,,40,58,130,141,133,151,-7.4958476287582725,1.3862943611198906,0.990969149979499,True,3,absent,0.5309848428280338
BraTS-GLI-02934-101,gmm_2d,prediction_component,18,25,9984.0,2.5060120224403912e-05,7.102621534903521e-08,1.7320508075688772,1,8.660254037844387,0.19999999999999996,0.9548683406603533,1.0,0,,41,46,84,89,112,117,-7.14858132620955,0.0,0.9999479890581185,True,3,absent,0.5309848428280338
BraTS-GLI-02934-101,gmm_2d,prediction_component,19,25,9984.0,2.5060120224403912e-05,7.102621534903521e-08,1.7320508075688772,1,8.660254037844387,0.19999999999999996,0.9548683406603533,1.0,0,,41,46,134,139,110,115,-7.14858132620955,0.0,0.9999479890581185,True,3,absent,0.5309848428280338
BraTS-GLI-02934-101,gmm_2d,prediction_component,20,155,44544.0,1.6487236883015956e-05,3.0743133361777644e-08,1.7320508075688772,1,19.949937343260004,0.08681986202598489,0.5197720605840349,1.5555555555555556,0,,42,51,84,98,61,72,-7.512251870981344,0.0,0.9945824796699299,True,3,absent,0.5309848428280338
BraTS-GLI-02934-101,gmm_2d,prediction_component,21,50,19968.0,1.772018094802615e-05,3.551310767451761e-08,1.7320508075688772,1,12.449899597988733,0.13912166872805048,0.757879504227687,1.8,0,,44,51,86,95,116,121,-7.449611321873531,0.0,0.9991671253546099,True,3,absent,0.5309848428280338
BraTS-GLI-02934-101,gmm_2d,prediction_component,22,38,12544.0,2.7047649416909622e-05,8.273922157753891e-08,1.7320508075688772,1,9.273618495495704,0.18677184190940707,0.8304795924748166,1.2,0,,44,50,133,138,130,135,-7.082288569326049,0.0,0.9999244487787192,True,3,absent,0.5309848428280338
BraTS-GLI-02934-101,gmm_2d,prediction_component,23,151,36864.0,2.1334047670717592e-05,5.147530111939893e-08,2.23606797749979,1,16.30950643030009,0.13710212427677046,0.6768964288068925,1.375,2,,45,53,110,119,144,155,-7.288401104173538,1.0986122886681098,0.9990144837714846,True,3,absent,0.5309848428280338
BraTS-GLI-02934-101,gmm_2d,prediction_component,24,100,26368.0,2.3355233572993143e-05,6.16908569959658e-08,2.23606797749979,1,13.114877048604,0.1704985848676184,0.776571065980862,1.6666666666666667,1,,46,52,106,116,38,44,-7.209779196589644,0.6931471805599453,0.9997447085293132,True,3,absent,0.5309848428280338
BraTS-GLI-02934-101,gmm_2d,prediction_component,25,25,9984.0,2.5060120224403912e-05,7.102621534903521e-08,1.7320508075688772,1,8.660254037844387,0.19999999999999996,0.9548683406603533,1.0,0,,46,51,127,132,123,128,-7.14858132620955,0.0,0.9999479890581185,True,3,absent,0.5309848428280338
BraTS-GLI-02934-101,gmm_2d,prediction_component,26,257,64256.0,1.5778386609434862e-05,2.8156428100098874e-08,2.23606797749979,1,24.269322199023193,0.09213557589959345,0.5669396494300674,1.6363636363636365,1,,48,60,144,155,111,129,-7.5504224402546525,0.6931471805599453,0.9933893243528084,True,3,absent,0.5309848428280338
BraTS-GLI-02934-101,gmm_2d,prediction_component,27,38,12544.0,2.7047649416909622e-05,8.273922157753891e-08,1.7320508075688772,1,9.273618495495704,0.18677184190940707,0.8304795924748166,1.2,0,,50,55,128,134,45,50,-7.082288569326049,0.0,0.9999244487787192,True,3,absent,0.5309848428280338
BraTS-GLI-02934-101,gmm_2d,prediction_component,28,25,9984.0,2.5060120224403912e-05,7.102621534903521e-08,1.7320508075688772,1,8.660254037844387,0.19999999999999996,0.9548683406603533,1.0,0,,53,58,115,120,29,34,-7.14858132620955,0.0,0.9999479890581185,True,3,absent,0.5309848428280338
BraTS-GLI-02934-101,gmm_2d,prediction_component,29,25,9984.0,2.5060120224403912e-05,7.102621534903521e-08,1.7320508075688772,1,8.660254037844387,0.19999999999999996,0.9548683406603533,1.0,0,,55,60,139,144,58,63,-7.14858132620955,0.0,0.9999479890581185,True,3,absent,0.5309848428280338
BraTS-GLI-02934-101,gmm_2d,prediction_component,30,89,26624.0,2.0487079358964633e-05,4.746926124391285e-08,1.7320508075688772,1,14.071247279470288,0.12309149097933272,0.6253552903860047,1.4285714285714286,0,,56,63,115,125,151,158,-7.323587527080643,0.0,0.9989552212912206,True,3,absent,0.5309848428280338
BraTS-GLI-02934-101,gmm_2d,prediction_component,31,25,9984.0,2.5060120224403912e-05,7.102621534903521e-08,1.7320508075688772,1,8.660254037844387,0.19999999999999996,0.9548683406603533,1.0,0,,57,62,77,82,148,153,-7.14858132620955,0.0,0.9999479890581185,True,3,absent,0.5309848428280338
BraTS-GLI-02934-101,gmm_2d,prediction_component,32,25,9984.0,2.5060120224403912e-05,7.102621534903521e-08,1.7320508075688772,1,8.660254037844387,0.19999999999999996,0.9548683406603533,1.0,0,,58,63,74,79,64,69,-7.14858132620955,0.0,0.9999479890581185,True,3,absent,0.5309848428280338
BraTS-GLI-02934-101,gmm_2d,prediction_component,33,46,15616.0,2.357236358908017e-05,6.284324984734695e-08,1.7320508075688772,1,10.488088481701515,0.1651445647689541,0.7792393700163133,1.4,0,,58,65,126,132,66,71,-7.20174136414328,0.0,0.99980015675719,True,3,absent,0.5309848428280338
BraTS-GLI-02934-101,gmm_2d,prediction_component,34,25,9984.0,2.5060120224403912e-05,7.102621534903521e-08,1.7320508075688772,1,8.660254037844387,0.19999999999999996,0.9548683406603533,1.0,0,,58,63,171,176,73,78,-7.14858132620955,0.0,0.9999479890581185,True,3,absent,0.5309848428280338
BraTS-GLI-02934-101,gmm_2d,prediction_component,35,69,20224.0,2.3991008567758497e-05,6.509526287089152e-08,1.7320508075688772,1,12.206555615733702,0.14189513095212064,0.6807282909996718,1.3333333333333333,0,,59,65,81,89,152,159,-7.1864506148709415,0.0,0.9996163445193084,True,3,absent,0.5309848428280338
BraTS-GLI-02934-101,gmm_2d,prediction_component,36,25,9984.0,2.5060120224403912e-05,7.102621534903521e-08,1.7320508075688772,1,8.660254037844387,0.19999999999999996,0.9548683406603533,1.0,0,,59,64,127,132,140,145,-7.14858132620955,0.0,0.9999479890581185,True,3,absent,0.5309848428280338
BraTS-GLI-02934-101,gmm_2d,prediction_component,37,25,9984.0,2.5060120224403912e-05,7.102621534903521e-08,1.7320508075688772,1,8.660254037844387,0.19999999999999996,0.9548683406603533,1.0,0,,59,64,128,133,46,51,-7.14858132620955,0.0,0.9999479890581185,True,3,absent,0.5309848428280338
BraTS-GLI-02934-101,gmm_2d,prediction_component,38,25,9984.0,2.5060120224403912e-05,7.102621534903521e-08,1.7320508075688772,1,8.660254037844387,0.19999999999999996,0.9548683406603533,1.0,0,,60,65,95,100,157,162,-7.14858132620955,0.0,0.9999479890581185,True,3,absent,0.5309848428280338
BraTS-GLI-02934-101,gmm_2d,prediction_component,39,62,17920.0,2.5845484716354776e-05,7.554778513588118e-08,1.7320508075688772,1,11.0,0.15745916432444337,0.7054392189315698,1.1666666666666667,0,,60,66,123,130,35,41,-7.12177826352039,0.0,0.999785894155653,True,3,absent,0.5309848428280338
BraTS-GLI-02934-101,gmm_2d,prediction_component,40,25,9984.0,2.5060120224403912e-05,7.102621534903521e-08,1.7320508075688772,1,8.660254037844387,0.19999999999999996,0.9548683406603533,1.0,0,,61,66,143,148,58,63,-7.14858132620955,0.0,0.9999479890581185,True,3,absent,0.5309848428280338
BraTS-GLI-02934-101,gmm_2d,prediction_component,41,44,13824.0,2.7070862238995545e-05,8.288129935688987e-08,1.7320508075688772,1,10.392304845413264,0.16666666666666666,0.7908715233027805,1.0,0,,62,68,33,39,117,123,-7.081543448970658,0.0,0.999879473577284,True,3,absent,0.5309848428280338
BraTS-GLI-02934-101,gmm_2d,prediction_component,42,25,9984.0,2.5060120224403912e-05,7.102621534903521e-08,1.7320508075688772,1,8.660254037844387,0.19999999999999996,0.9548683406603533,1.0,0,,62,67,138,143,44,49,-7.14858132620955,0.0,0.9999479890581185,True,3,absent,0.5309848428280338
BraTS-GLI-02934-101,gmm_2d,prediction_component,43,142,37632.0,1.9451468503469422e-05,4.279146567891389e-08,1.7320508075688772,1,16.24807680927192,0.10660035817780521,0.5351728204165959,1.25,0,,62,72,163,173,42,50,-7.368642837952543,0.0,0.9978289086496974,True,3,absent,0.5309848428280338
BraTS-GLI-02934-101,gmm_2d,prediction_component,44,46,16896.0,2.0945077921731866e-05,4.961538140913494e-08,1.7320508075688772,1,11.0,0.15745916432444337,0.7792393700163133,1.1666666666666667,0,,62,68,163,170,129,135,-7.3043836657365855,0.0,0.9996670984957017,True,3,absent,0.5309848428280338
BraTS-GLI-02934-101,gmm_2d,prediction_component,45,25,9984.0,2.5060120224403912e-05,7.102621534903521e-08,1.7320508075688772,1,8.660254037844387,0.19999999999999996,0.9548683406603533,1.0,0,,63,68,157,162,135,140,-7.14858132620955,0.0,0.9999479890581185,True,3,absent,0.5309848428280338
BraTS-GLI-02934-101,gmm_2d,prediction_component,46,25,9984.0,2.5060120224403912e-05,7.102621534903521e-08,1.7320508075688772,1,8.660254037844387,0.19999999999999996,0.9548683406603533,1.0,0,,64,69,88,93,26,31,-7.14858132620955,0.0,0.9999479890581185,True,3,absent,0.5309848428280338
BraTS-GLI-02934-101,gmm_2d,prediction_component,47,25,9984.0,2.5060120224403912e-05,7.102621534903521e-08,1.7320508075688772,1,8.660254037844387,0.19999999999999996,0.9548683406603533,1.0,0,,64,69,117,122,36,41,-7.14858132620955,0.0,0.9999479890581185,True,3,absent,0.5309848428280338
BraTS-GLI-02934-101,gmm_2d,prediction_component,48,44,13824.0,2.7070862238995545e-05,8.288129935688987e-08,1.7320508075688772,1,10.392304845413264,0.16666666666666666,0.7908715233027805,1.0,0,,64,70,146,152,129,135,-7.081543448970658,0.0,0.999879473577284,True,3,absent,0.5309848428280338
BraTS-GLI-02934-101,gmm_2d,prediction_component,49,25,9984.0,2.5060120224403912e-05,7.102621534903521e-08,1.7320508075688772,1,8.660254037844387,0.19999999999999996,0.9548683406603533,1.0,0,,64,69,157,162,39,44,-7.14858132620955,0.0,0.9999479890581185,True,3,absent,0.5309848428280338
BraTS-GLI-02934-101,gmm_2d,prediction_component,50,56,16384.0,2.6702880859375e-05,8.064335911960217e-08,1.7320508075688772,1,11.0,0.15745916432444337,0.7297836929246639,1.1666666666666667,0,,65,71,108,115,92,98,-7.0934313904133885,0.0,0.9998213183039035,True,3,absent,0.5309848428280338
BraTS-GLI-02934-101,gmm_2d,prediction_component,51,67,23808.0,1.8238555198604065e-05,3.7621251384748226e-08,1.7320508075688772,1,13.30413469565007,0.13018891098082386,0.6874354055889139,1.1428571428571428,0,,65,73,180,188,61,68,-7.42456676273428,0.0,0.99889576393305,True,3,absent,0.5309848428280338
BraTS-GLI-02934-101,gmm_2d,prediction_component,52,80,25344.0,1.98279240699813e-05,4.446382987026026e-08,1.7320508075688772,1,13.92838827718412,0.12435400084345173,0.6479778613543024,1.2857142857142858,0,,66,74,113,122,24,31,-7.35199313228289,0.0,0.9989426130060252,True,3,absent,0.5309848428280338
BraTS-GLI-02934-101,gmm_2d,prediction_component,53,47,14592.0,2.6664020003279646e-05,8.040880842667987e-08,1.7320508075688772,1,9.848857801796104,0.17586311452816475,0.7736731845058752,1.2,0,,67,73,48,54,139,144,-7.094696373620167,0.0,0.9998859902162935,True,3,absent,0.5309848428280338
BraTS-GLI-02934-101,gmm_2d,prediction_component,54,119,32512.0,2.02993172944831e-05,4.660314623665318e-08,1.7320508075688772,1,15.427248620541512,0.11227217828476796,0.5676419848966001,1.8333333333333333,0,,68,77,122,133,28,34,-7.331584762556937,0.0,0.9984475102272832,True,3,absent,0.5309848428280338
BraTS-GLI-02934-101,gmm_2d,prediction_component,55,25,9984.0,2.5060120224403912e-05,7.102621534903521e-08,1.7320508075688772,1,8.660254037844387,0.19999999999999996,0.9548683406603533,1.0,0,,69,74,90,95,157,162,-7.14858132620955,0.0,0.9999479890581185,True,3,absent,0.5309848428280338
BraTS-GLI-02934-101,gmm_2d,prediction_component,56,25,9984.0,2.5060120224403912e-05,7.102621534903521e-08,1.7320508075688772,1,8.660254037844387,0.19999999999999996,0.9548683406603533,1.0,0,,70,75,152,157,139,144,-7.14858132620955,0.0,0.9999479890581185,True,3,absent,0.5309848428280338
BraTS-GLI-02934-101,gmm_2d,prediction_component,57,25,9984.0,2.5060120224403912e-05,7.102621534903521e-08,1.7320508075688772,1,8.660254037844387,0.19999999999999996,0.9548683406603533,1.0,0,,71,76,94,99,59,64,-7.14858132620955,0.0,0.9999479890581185,True,3,absent,0.5309848428280338
BraTS-GLI-02934-101,gmm_2d,prediction_component,58,25,9984.0,2.5060120224403912e-05,7.102621534903521e-08,1.7320508075688772,1,8.660254037844387,0.19999999999999996,0.9548683406603533,1.0,0,,71,76,107,112,138,143,-7.14858132620955,0.0,0.9999479890581185,True,3,absent,0.5309848428280338
BraTS-GLI-02934-101,gmm_2d,prediction_component,59,38,12544.0,2.7047649416909622e-05,8.273922157753891e-08,1.7320508075688772,1,9.273618495495704,0.18677184190940707,0.8304795924748166,1.2,0,,72,78,134,139,130,135,-7.082288569326049,0.0,0.9999244487787192,True,3,absent,0.5309848428280338
BraTS-GLI-02934-101,gmm_2d,prediction_component,60,25,9984.0,2.5060120224403912e-05,7.102621534903521e-08,1.7320508075688772,1,8.660254037844387,0.19999999999999996,0.9548683406603533,1.0,0,,72,77,166,171,93,98,-7.14858132620955,0.0,0.9999479890581185,True,3,absent,0.5309848428280338
BraTS-GLI-02934-101,gmm_2d,prediction_component,61,379,101888.0,1.1653453669554768e-05,1.5358955469581958e-08,2.23606797749979,1,28.178005607210743,0.07935508313361897,0.4980827126733328,1.5384615384615385,2,,73,88,135,148,42,62,-7.813638318759047,1.0986122886681098,0.9686755940596334,True,3,absent,0.5309848428280338
BraTS-GLI-02934-101,gmm_2d,prediction_component,62,59,19456.0,2.1740607489918187e-05,5.3455909614067176e-08,1.7320508075688772,1,11.74734012447073,0.14744195615489714,0.71719869927557,1.6,0,,74,79,98,105,35,43,-7.272004276032213,0.0,0.9995736434878922,True,3,absent,0.5309848428280338
BraTS-GLI-02934-101,gmm_2d,prediction_component,63,86,24832.0,2.197763223901902e-05,5.462785867721482e-08,1.7320508075688772,1,13.038404810405298,0.1328422328310143,0.6325439118228858,1.8,0,,74,83,119,127,27,32,-7.262585822785726,0.0,0.9993098512728062,True,3,absent,0.5309848428280338
BraTS-GLI-02934-101,gmm_2d,prediction_component,64,116,28672.0,2.389301783374806e-05,6.456458858293371e-08,2.23606797749979,1,15.033296378372908,0.14874102932718242,0.7390863966003943,1.125,1,,74,83,125,134,44,52,-7.190005612030835,0.6931471805599453,0.999612014745077,True,3,absent,0.5309848428280338
BraTS-GLI-02934-101,gmm_2d,prediction_component,65,90,27136.0,2.013370790005753e-05,4.584583643295378e-08,1.7320508075688772,1,14.52583904633395,0.11923929502757463,0.623030528071304,1.2857142857142858,0,,74,81,173,182,92,101,-7.338700099389788,0.0,0.998811286960465,True,3,absent,0.5309848428280338
BraTS-GLI-02934-101,gmm_2d,prediction_component,66,25,9984.0,2.5060120224403912e-05,7.102621534903521e-08,1.7320508075688772,1,8.660254037844387,0.19999999999999996,0.9548683406603533,1.0,0,,75,80,146,151,122,127,-7.14858132620955,0.0,0.9999479890581185,True,3,absent,0.5309848428280338
BraTS-GLI-02934-101,gmm_2d,prediction_component,67,25,9984.0,2.5060120224403912e-05,7.102621534903521e-08,1.7320508075688772,1,8.660254037844387,0.19999999999999996,0.9548683406603533,1.0,0,,75,80,163,168,79,84,-7.14858132620955,0.0,0.9999479890581185,True,3,absent,0.5309848428280338
BraTS-GLI-02934-101,gmm_2d,prediction_component,68,25,9984.0,2.5060120224403912e-05,7.102621534903521e-08,1.7320508075688772,1,8.660254037844387,0.19999999999999996,0.9548683406603533,1.0,0,,76,81,65,70,150,155,-7.14858132620955,0.0,0.9999479890581185,True,3,absent,0.5309848428280338
BraTS-GLI-02934-101,gmm_2d,prediction_component,69,596,130304.0,1.2670963452678449e-05,1.815815211642772e-08,2.449489742783178,1,31.400636936215164,0.07800764512385155,0.4691982767389119,1.3125,2,,76,93,74,90,106,127,-7.740928350003931,1.0986122886681098,0.9730313965551147,True,3,absent,0.5309848428280338
BraTS-GLI-02934-101,gmm_2d,prediction_component,70,230,56320.0,1.7208137469653948e-05,3.3490382451166084e-08,2.23606797749979,1,22.825424421026653,0.09796391673838653,0.5883086852084528,1.4545454545454546,2,,76,92,121,132,127,139,-7.47507989290556,1.0986122886681098,0.9949461265018875,True,3,absent,0.5309848428280338
BraTS-GLI-02934-101,gmm_2d,prediction_component,71,56,16384.0,2.6702880859375e-05,8.064335911960217e-08,1.7320508075688772,1,11.0,0.15745916432444337,0.7297836929246639,1.1666666666666667,0,,77,84,172,178,128,134,-7.0934313904133885,0.0,0.9998213183039035,True,3,absent,0.5309848428280338
BraTS-GLI-02934-101,gmm_2d,prediction_component,72,137,37632.0,1.87665576406712e-05,3.983103646734451e-08,2.23606797749979,1,18.193405398660254,0.12290541152149843,0.6992100837129156,1.4444444444444444,1,,78,91,170,179,42,51,-7.3997783924058425,0.6931471805599453,0.9985162675065904,True,3,absent,0.5309848428280338
BraTS-GLI-02934-101,gmm_2d,prediction_component,73,90,24576.0,2.3360154559928685e-05,6.171685646908329e-08,1.7320508075688772,1,13.45362404707371,0.12874232262686236,0.623030528071304,1.5,0,,78,86,186,192,63,72,-7.2095962027141836,0.0,0.9993723643010942,True,3,absent,0.5309848428280338
BraTS-GLI-02934-101,gmm_2d,prediction_component,74,25,9984.0,2.5060120224403912e-05,7.102621534903521e-08,1.7320508075688772,1,8.660254037844387,0.19999999999999996,0.9548683406603533,1.0,0,,79,84,32,37,65,70,-7.14858132620955,0.0,0.9999479890581185,True,3,absent,0.5309848428280338
BraTS-GLI-02934-101,gmm_2d,prediction_component,75,229,54528.0,1.7984821393424566e-05,3.65817630093913e-08,2.23606797749979,1,20.92844953645635,0.10684346079267207,0.5891637862450719,2.4285714285714284,1,,79,86,62,72,72,89,-7.436735368110565,0.6931471805599453,0.9968400703854597,True,3,absent,0.5309848428280338
BraTS-GLI-02934-101,gmm_2d,prediction_component,76,25,9984.0,2.5060120224403912e-05,7.102621534903521e-08,1.7320508075688772,1,8.660254037844387,0.19999999999999996,0.9548683406603533,1.0,0,,79,84,92,97,39,44,-7.14858132620955,0.0,0.9999479890581185,True,3,absent,0.5309848428280338
BraTS-GLI-02934-101,gmm_2d,prediction_component,77,25,9984.0,2.5060120224403912e-05,7.102621534903521e-08,1.7320508075688772,1,8.660254037844387,0.19999999999999996,0.9548683406603533,1.0,0,,79,84,115,120,113,118,-7.14858132620955,0.0,0.9999479890581185,True,3,absent,0.5309848428280338
BraTS-GLI-02934-101,gmm_2d,prediction_component,78,38,13824.0,2.3379381024587062e-05,6.181848980958109e-08,1.7320508075688772,1,9.848857801796104,0.17586311452816475,0.8304795924748166,1.2,0,,79,84,122,128,34,40,-7.2088816087094125,0.0,0.9998546895173824,True,3,absent,0.5309848428280338
BraTS-GLI-02934-101,gmm_2d,prediction_component,79,56,19968.0,1.984660266178929e-05,4.4547642266914886e-08,1.7320508075688772,1,11.180339887498949,0.15491933384829665,0.7297836929246639,1.6,0,,79,85,146,154,32,37,-7.351175276533168,0.0,0.999517465450613,True,3,absent,0.5309848428280338
BraTS-GLI-02934-101,gmm_2d,prediction_component,80,51,17664.0,2.1723839827382773e-05,5.337348459431324e-08,1.7320508075688772,1,11.0,0.15745916432444337,0.7528933105024771,1.1666666666666667,0,,80,87,65,71,103,109,-7.272674442490021,0.0,0.9996782869017035,True,3,absent,0.5309848428280338
BraTS-GLI-02934-101,gmm_2d,prediction_component,81,755,194816.0,8.780313416951482e-06,8.71911509400573e-09,2.23606797749979,1,40.01249804748511,0.05588423834088341,0.39585143295285924,1.25,5,,81,101,86,111,126,150,-8.05952758952747,1.791759469228055,0.8178648779003835,True,3,absent,0.5309848428280338
BraTS-GLI-02934-101,gmm_2d,prediction_component,82,25,9984.0,2.5060120224403912e-05,7.102621534903521e-08,1.7320508075688772,1,8.660254037844387,0.19999999999999996,0.9548683406603533,1.0,0,,81,86,117,122,35,40,-7.14858132620955,0.0,0.9999479890581185,True,3,absent,0.5309848428280338
BraTS-GLI-02934-101,gmm_2d,prediction_component,83,50,17920.0,2.084313283576998e-05,4.91335751404014e-08,1.7320508075688772,1,11.661903789690601,0.14852213144650114,0.757879504227687,1.3333333333333333,0,,82,90,30,36,87,93,-7.308621633844861,0.0,0.99957841744857,True,3,absent,0.5309848428280338
BraTS-GLI-02934-101,gmm_2d,prediction_component,84,25,9984.0,2.5060120224403912e-05,7.102621534903521e-08,1.7320508075688772,1,8.660254037844387,0.19999999999999996,0.9548683406603533,1.0,0,,82,87,44,49,80,85,-7.14858132620955,0.0,0.9999479890581185,True,3,absent,0.5309848428280338
BraTS-GLI-02934-101,gmm_2d,prediction_component,85,59,18176.0,2.4077120183702874e-05,6.556339810384356e-08,1.7320508075688772,1,11.180339887498949,0.15491933384829665,0.71719869927557,1.6,0,,82,87,88,96,152,158,-7.183338545347065,0.0,0.999729551633257,True,3,absent,0.5309848428280338
BraTS-GLI-02934-101,gmm_2d,prediction_component,86,25,9984.0,2.5060120224403912e-05,7.102621534903521e-08,1.7320508075688772,1,8.660254037844387,0.19999999999999996,0.9548683406603533,1.0,0,,82,87,119,124,40,45,-7.14858132620955,0.0,0.9999479890581185,True,3,absent,0.5309848428280338
BraTS-GLI-02934-101,gmm_2d,prediction_component,87,57,17664.0,2.4279585689427806e-05,6.667068490846741e-08,1.7320508075688772,1,11.575836902790225,0.14962640041614492,0.7254907483481623,1.1666666666666667,0,,82,89,134,140,122,129,-7.1760650833409105,0.0,0.9997190433087331,True,3,absent,0.5309848428280338
BraTS-GLI-02934-101,gmm_2d,prediction_component,88,25,9984.0,2.5060120224403912e-05,7.102621534903521e-08,1.7320508075688772,1,8.660254037844387,0.19999999999999996,0.9548683406603533,1.0,0,,83,88,37,42,102,107,-7.14858132620955,0.0,0.9999479890581185,True,3,absent,0.5309848428280338
BraTS-GLI-02934-101,gmm_2d,prediction_component,89,102,32000.0,1.7818666695701448e-05,3.590895626361498e-08,1.7320508075688772,1,14.730919862656235,0.11757927025044307,0.5975718165557262,1.6666666666666667,0,,84,90,76,85,143,153,-7.444797217974462,0.0,0.9980425696627242,True,3,absent,0.5309848428280338
BraTS-GLI-02934-101,gmm_2d,prediction_component,90,25,9984.0,2.5060120224403912e-05,7.102621534903521e-08,1.7320508075688772,1,8.660254037844387,0.19999999999999996,0.9548683406603533,1.0,0,,84,89,101,106,148,153,-7.14858132620955,0.0,0.9999479890581185,True,3,absent,0.5309848428280338
BraTS-GLI-02934-101,gmm_2d,prediction_component,91,51,16384.0,2.4318695068359375e-05,6.688564319836902e-08,1.7320508075688772,1,10.488088481701515,0.1651445647689541,0.7528933105024771,1.4,0,,84,91,123,128,138,144,-7.1746670922299165,0.0,0.999803546768943,True,3,absent,0.5309848428280338
BraTS-GLI-02934-101,gmm_2d,prediction_component,92,63,22528.0,1.8631876346107425e-05,3.926137994703396e-08,1.7320508075688772,1,13.379088160259652,0.1294595556006309,0.7016868116919668,1.2857142857142858,0,,84,91,161,170,38,45,-7.4060344400174705,0.0,0.9990012482618985,True,3,absent,0.5309848428280338
BraTS-GLI-02934-101,gmm_2d,prediction_component,93,63,23808.0,1.7149686231523227e-05,3.326325389754192e-08,1.7320508075688772,1,13.92838827718412,0.12435400084345173,0.7016868116919668,1.2857142857142858,0,,84,93,173,181,124,131,-7.478035269228769,0.0,0.9985788235410411,True,3,absent,0.5309848428280338
BraTS-GLI-02934-101,gmm_2d,prediction_component,94,38,12544.0,2.7047649416909622e-05,8.273922157753891e-08,1.7320508075688772,1,9.273618495495704,0.18677184190940707,0.8304795924748166,1.2,0,,85,90,108,114,138,143,-7.082288569326049,0.0,0.9999244487787192,True,3,absent,0.5309848428280338
BraTS-GLI-02934-101,gmm_2d,prediction_component,95,48,18432.0,1.918149905562466e-05,4.1611892032488095e-08,1.7320508075688772,1,11.180339887498949,0.15491933384829665,0.7682627055029695,1.6,0,,85,91,136,141,40,48,-7.380782537016758,0.0,0.9995230425867063,True,3,absent,0.5309848428280338
BraTS-GLI-02934-101,gmm_2d,prediction_component,96,25,9984.0,2.5060120224403912e-05,7.102621534903521e-08,1.7320508075688772,1,8.660254037844387,0.19999999999999996,0.9548683406603533,1.0,0,,86,91,51,56,78,83,-7.14858132620955,0.0,0.9999479890581185,True,3,absent,0.5309848428280338
BraTS-GLI-02934-101,gmm_2d,prediction_component,97,38,12544.0,2.7047649416909622e-05,8.273922157753891e-08,1.7320508075688772,1,9.273618495495704,0.18677184190940707,0.8304795924748166,1.2,0,,87,93,25,30,118,123,-7.082288569326049,0.0,0.9999244487787192,True,3,absent,0.5309848428280338
BraTS-GLI-02934-101,gmm_2d,prediction_component,98,148,39424.0,1.8906915628132018e-05,4.0429069491936595e-08,1.7320508075688772,1,17.4928556845359,0.09901475429766743,0.5278407622093977,1.3333333333333333,0,,87,96,94,103,49,61,-7.393306254193602,0.0,0.9972297822925099,True,3,absent,0.5309848428280338
BraTS-GLI-02934-101,gmm_2d,prediction_component,99,64,18944.0,2.4545531829353735e-05,6.813923701938073e-08,2.23606797749979,1,11.180339887498949,0.2,0.9011308970908855,1.6,1,,88,93,119,127,28,34,-7.166602733699282,0.6931471805599453,0.9999112832622442,True,3,absent,0.5309848428280338
BraTS-GLI-02934-101,gmm_2d,prediction_component,100,47,16128.0,2.2947061827558802e-05,5.955339779706265e-08,1.7320508075688772,1,10.392304845413264,0.16666666666666666,0.7736731845058752,1.0,0,,88,94,185,191,74,80,-7.225093454963438,0.0,0.999784079887281,True,3,absent,0.5309848428280338
BraTS-GLI-02934-101,gmm_2d,prediction_component,101,76,25088.0,1.9125576317853162e-05,4.1369610788769456e-08,2.23606797749979,1,13.601470508735444,0.1643989873053573,0.8509616882445303,1.6666666666666667,1,,89,99,38,45,93,99,-7.383318564990029,0.6931471805599453,0.9995744900103288,True,3,absent,0.5309848428280338
BraTS-GLI-02934-101,gmm_2d,prediction_component,102,25,9984.0,2.5060120224403912e-05,7.102621534903521e-08,1.7320508075688772,1,8.660254037844387,0.19999999999999996,0.9548683406603533,1.0,0,,90,95,40,45,71,76,-7.14858132620955,0.0,0.9999479890581185,True,3,absent,0.5309848428280338
BraTS-GLI-02934-101,gmm_2d,prediction_component,103,255,74240.0,1.2606172209746211e-05,1.7972928421207563e-08,2.23606797749979,1,25.729360660537214,0.08690724993137477,0.5684179863687828,1.3846153846153846,1,,90,103,53,71,141,154,-7.745381155303085,0.6931471805599453,0.9853500532346648,True,3,absent,0.5309848428280338
BraTS-GLI-02934-101,gmm_2d,prediction_component,104,85,26368.0,1.985194853704417e-05,4.457164417958529e-08,1.7320508075688772,1,13.601470508735444,0.12734290799340264,0.6350148115649618,1.6666666666666667,0,,90,100,71,77,50,57,-7.350941345161059,0.0,0.9989578812637648,True,3,absent,0.5309848428280338
BraTS-GLI-02934-101,gmm_2d,prediction_component,105,51,15104.0,2.7474652658327337e-05,8.537226323330647e-08,2.23606797749979,1,9.9498743710662,0.22473328748774737,0.9719810843490212,1.4,1,,90,97,136,141,145,150,-7.068683205204687,0.6931471805599453,0.9999676340917235,True,3,absent,0.5309848428280338
BraTS-GLI-02934-101,gmm_2d,prediction_component,106,68,18944.0,2.6079627568688343e-05,7.692281054141028e-08,1.7320508075688772,1,11.575836902790225,0.14962640041614492,0.6840489693598067,1.1666666666666667,0,,91,98,133,139,30,37,-7.113944856254584,0.0,0.9997454984449045,True,3,absent,0.5309848428280338
BraTS-GLI-02934-101,gmm_2d,prediction_component,107,38,12544.0,2.7047649416909622e-05,8.273922157753891e-08,1.7320508075688772,1,9.273618495495704,0.18677184190940707,0.8304795924748166,1.2,0,,92,98,36,41,132,137,-7.082288569326049,0.0,0.9999244487787192,True,3,absent,0.5309848428280338
BraTS-GLI-02934-101,gmm_2d,prediction_component,108,25,9984.0,2.5060120224403912e-05,7.102621534903521e-08,1.7320508075688772,1,8.660254037844387,0.19999999999999996,0.9548683406603533,1.0,0,,92,97,151,156,88,93,-7.14858132620955,0.0,0.9999479890581185,True,3,absent,0.5309848428280338
BraTS-GLI-02934-101,gmm_2d,prediction_component,109,69,20224.0,2.3991008567758497e-05,6.509526287089152e-08,1.7320508075688772,1,12.206555615733702,0.14189513095212064,0.6807282909996718,1.3333333333333333,0,,93,99,33,41,71,78,-7.1864506148709415,0.0,0.9996163445193084,True,3,absent,0.5309848428280338
BraTS-GLI-02934-101,gmm_2d,prediction_component,110,201,61952.0,1.3035060778221267e-05,1.9216686025822522e-08,1.7320508075688772,1,24.919871588754223,0.06950480468569159,0.47664108885287476,2.0,0,,93,103,63,83,29,40,-7.716321505574443,0.0,0.9824928790940924,True,3,absent,0.5309848428280338
BraTS-GLI-02934-101,gmm_2d,prediction_component,111,136,35584.0,2.0260807953798767e-05,4.642649456804177e-08,2.23606797749979,1,16.431676725154983,0.13608276348795434,0.7009196506246524,1.5714285714285714,1,,93,100,74,84,141,152,-7.333234106495977,0.6931471805599453,0.9990787373493973,True,3,absent,0.5309848428280338
BraTS-GLI-02934-101,gmm_2d,prediction_component,112,59,18176.0,2.4077120183702874e-05,6.556339810384356e-08,1.7320508075688772,1,11.180339887498949,0.15491933384829665,0.71719869927557,1.6,0,,93,98,83,89,126,134,-7.183338545347065,0.0,0.999729551633257,True,3,absent,0.5309848428280338
BraTS-GLI-02934-101,gmm_2d,prediction_component,113,96,32256.0,1.6571257559054092e-05,3.105727218751298e-08,1.7320508075688772,1,15.297058540778355,0.11322770341445956,0.6097705134516743,1.5714285714285714,0,,93,101,97,104,122,133,-7.50783669174768,0.0,0.9974402557353399,True,3,absent,0.5309848428280338
BraTS-GLI-02934-101,gmm_2d,prediction_component,114,38,12544.0,2.7047649416909622e-05,8.273922157753891e-08,1.7320508075688772,1,9.273618495495704,0.18677184190940707,0.8304795924748166,1.2,0,,94,99,49,54,49,55,-7.082288569326049,0.0,0.9999244487787192,True,3,absent,0.5309848428280338
BraTS-GLI-02934-101,gmm_2d,prediction_component,115,118,33536.0,1.9213881851965515e-05,4.175251158203961e-08,1.7320508075688772,1,17.378147196982766,0.09966832412776432,0.5692409848501322,1.2222222222222223,0,,96,107,45,54,77,87,-7.37931739482917,0.0,0.9977142938865226,True,3,absent,0.5309848428280338
BraTS-GLI-02934-101,gmm_2d,prediction_component,116,99,31488.0,1.7718117582903767e-05,3.550483775427656e-08,1.7320508075688772,1,15.937377450509228,0.10867853340033276,0.6035479311696947,2.1666666666666665,0,,96,109,81,87,151,158,-7.449712467597221,0.0,0.9977212098385793,True,3,absent,0.5309848428280338
BraTS-GLI-02934-101,gmm_2d,prediction_component,117,76,25088.0,1.9125576317853162e-05,4.1369610788769456e-08,1.7320508075688772,1,13.379088160259652,0.1294595556006309,0.6591520893663227,1.2857142857142858,0,,97,104,58,65,46,55,-7.383318564990029,0.0,0.9989503432243717,True,3,absent,0.5309848428280338
BraTS-GLI-02934-101,gmm_2d,prediction_component,118,76,27648.0,1.6531718862429606e-05,3.090924490479054e-08,1.7320508075688772,1,15.132745950421556,0.11445713905747734,0.6591520893663227,2.0,0,,97,103,81,93,33,40,-7.509911604373394,0.0,0.9978362670433869,True,3,absent,0.5309848428280338
BraTS-GLI-02934-101,gmm_2d,prediction_component,119,47,14592.0,2.6664020003279646e-05,8.040880842667987e-08,1.7320508075688772,1,9.848857801796104,0.17586311452816475,0.7736731845058752,1.2,0,,97,103,146,152,88,93,-7.094696373620167,0.0,0.9998859902162935,True,3,absent,0.5309848428280338
BraTS-GLI-02934-101,gmm_2d,prediction_component,120,25,9984.0,2.5060120224403912e-05,7.102621534903521e-08,1.7320508075688772,1,8.660254037844387,0.19999999999999996,0.9548683406603533,1.0,0,,98,103,55,60,56,61,-7.14858132620955,0.0,0.9999479890581185,True,3,absent,0.5309848428280338
BraTS-GLI-02934-101,gmm_2d,prediction_component,121,25,9984.0,2.5060120224403912e-05,7.102621534903521e-08,1.7320508075688772,1,8.660254037844387,0.19999999999999996,0.9548683406603533,1.0,0,,98,103,69,74,44,49,-7.14858132620955,0.0,0.9999479890581185,True,3,absent,0.5309848428280338
BraTS-GLI-02934-101,gmm_2d,prediction_component,122,38,13824.0,2.3379381024587062e-05,6.181848980958109e-08,1.7320508075688772,1,9.848857801796104,0.17586311452816475,0.8304795924748166,1.2,0,,98,104,111,116,143,149,-7.2088816087094125,0.0,0.9998546895173824,True,3,absent,0.5309848428280338
BraTS-GLI-02934-101,gmm_2d,prediction_component,123,25,9984.0,2.5060120224403912e-05,7.102621534903521e-08,1.7320508075688772,1,8.660254037844387,0.19999999999999996,0.9548683406603533,1.0,0,,99,104,48,53,124,129,-7.14858132620955,0.0,0.9999479890581185,True,3,absent,0.5309848428280338
BraTS-GLI-02934-101,gmm_2d,prediction_component,124,25,9984.0,2.5060120224403912e-05,7.102621534903521e-08,1.7320508075688772,1,8.660254037844387,0.19999999999999996,0.9548683406603533,1.0,0,,99,104,163,168,94,99,-7.14858132620955,0.0,0.9999479890581185,True,3,absent,0.5309848428280338
BraTS-GLI-02934-101,gmm_2d,prediction_component,125,25,9984.0,2.5060120224403912e-05,7.102621534903521e-08,1.7320508075688772,1,8.660254037844387,0.19999999999999996,0.9548683406603533,1.0,0,,100,105,72,77,107,112,-7.14858132620955,0.0,0.9999479890581185,True,3,absent,0.5309848428280338
BraTS-GLI-02934-101,gmm_2d,prediction_component,126,25,9984.0,2.5060120224403912e-05,7.102621534903521e-08,1.7320508075688772,1,8.660254037844387,0.19999999999999996,0.9548683406603533,1.0,0,,100,105,92,97,27,32,-7.14858132620955,0.0,0.9999479890581185,True,3,absent,0.5309848428280338
BraTS-GLI-02934-101,gmm_2d,prediction_component,127,25,9984.0,2.5060120224403912e-05,7.102621534903521e-08,1.7320508075688772,1,8.660254037844387,0.19999999999999996,0.9548683406603533,1.0,0,,100,105,122,127,28,33,-7.14858132620955,0.0,0.9999479890581185,True,3,absent,0.5309848428280338
BraTS-GLI-02934-101,gmm_2d,prediction_component,128,38,13824.0,2.3379381024587062e-05,6.181848980958109e-08,1.7320508075688772,1,9.848857801796104,0.17586311452816475,0.8304795924748166,1.2,0,,100,106,133,138,38,44,-7.2088816087094125,0.0,0.9998546895173824,True,3,absent,0.5309848428280338
BraTS-GLI-02934-101,gmm_2d,prediction_component,129,73,27136.0,1.633067418560222e-05,3.0162032389038354e-08,1.7320508075688772,1,14.352700094407323,0.12067769800636945,0.6680606274231857,2.0,0,,101,111,62,67,129,138,-7.520539398027527,0.0,0.998033334884475,True,3,absent,0.5309848428280338
BraTS-GLI-02934-101,gmm_2d,prediction_component,130,97,25600.0,2.3681640625e-05,6.342725932565623e-08,2.23606797749979,1,12.36931687685298,0.18077538151554684,0.7844958078723004,1.5,1,,101,107,139,145,135,144,-7.197724053941638,0.6931471805599453,0.9998003572287419,True,3,absent,0.5309848428280338
BraTS-GLI-02934-101,gmm_2d,prediction_component,131,25,9984.0,2.5060120224403912e-05,7.102621534903521e-08,1.7320508075688772,1,8.660254037844387,0.19999999999999996,0.9548683406603533,1.0,0,,101,106,141,146,35,40,-7.14858132620955,0.0,0.9999479890581185,True,3,absent,0.5309848428280338
BraTS-GLI-02934-101,gmm_2d,prediction_component,132,38,12544.0,2.7047649416909622e-05,8.273922157753891e-08,1.7320508075688772,1,9.273618495495704,0.18677184190940707,0.8304795924748166,1.2,0,,102,108,49,54,105,110,-7.082288569326049,0.0,0.9999244487787192,True,3,absent,0.5309848428280338
BraTS-GLI-02934-101,gmm_2d,prediction_component,133,25,9984.0,2.5060120224403912e-05,7.102621534903521e-08,1.7320508075688772,1,8.660254037844387,0.19999999999999996,0.9548683406603533,1.0,0,,102,107,155,160,79,84,-7.14858132620955,0.0,0.9999479890581185,True,3,absent,0.5309848428280338
BraTS-GLI-02934-101,gmm_2d,prediction_component,134,25,9984.0,2.5060120224403912e-05,7.102621534903521e-08,1.7320508075688772,1,8.660254037844387,0.19999999999999996,0.9548683406603533,1.0,0,,103,108,45,50,135,140,-7.14858132620955,0.0,0.9999479890581185,True,3,absent,0.5309848428280338
BraTS-GLI-02934-101,gmm_2d,prediction_component,135,71,26880.0,1.611070153909641e-05,2.935494545573493e-08,1.7320508075688772,1,14.594519519326424,0.11867816581938533,0.6742755017744779,1.4285714285714286,0,,103,111,58,65,41,51,-7.532318722245791,0.0,0.9979155577067691,True,3,absent,0.5309848428280338
BraTS-GLI-02934-101,gmm_2d,prediction_component,136,25,9984.0,2.5060120224403912e-05,7.102621534903521e-08,1.7320508075688772,1,8.660254037844387,0.19999999999999996,0.9548683406603533,1.0,0,,104,109,36,41,59,64,-7.14858132620955,0.0,0.9999479890581185,True,3,absent,0.5309848428280338
BraTS-GLI-02934-101,gmm_2d,prediction_component,137,25,9984.0,2.5060120224403912e-05,7.102621534903521e-08,1.7320508075688772,1,8.660254037844387,0.19999999999999996,0.9548683406603533,1.0,0,,104,109,96,101,145,150,-7.14858132620955,0.0,0.9999479890581185,True,3,absent,0.5309848428280338
BraTS-GLI-02934-101,gmm_2d,prediction_component,138,25,9984.0,2.5060120224403912e-05,7.102621534903521e-08,1.7320508075688772,1,8.660254037844387,0.19999999999999996,0.9548683406603533,1.0,0,,104,109,119,124,28,33,-7.14858132620955,0.0,0.9999479890581185,True,3,absent,0.5309848428280338
BraTS-GLI-02934-101,gmm_2d,prediction_component,139,38,13824.0,2.3379381024587062e-05,6.181848980958109e-08,1.7320508075688772,1,9.848857801796104,0.17586311452816475,0.8304795924748166,1.2,0,,105,111,42,47,130,136,-7.2088816087094125,0.0,0.9998546895173824,True,3,absent,0.5309848428280338
BraTS-GLI-02934-101,gmm_2d,prediction_component,140,82,22784.0,2.3843438970473115e-05,6.429691894010218e-08,1.7320508075688772,1,12.884098726725126,0.13443321448446624,0.6426663285123421,1.5,0,,106,115,104,110,32,39,-7.191809837641433,0.0,0.99949875894709,True,3,absent,0.5309848428280338
BraTS-GLI-02934-101,gmm_2d,prediction_component,141,25,9984.0,2.5060120224403912e-05,7.102621534903521e-08,1.7320508075688772,1,8.660254037844387,0.19999999999999996,0.9548683406603533,1.0,0,,106,111,108,113,151,156,-7.14858132620955,0.0,0.9999479890581185,True,3,absent,0.5309848428280338
BraTS-GLI-02934-101,gmm_2d,prediction_component,142,25,9984.0,2.5060120224403912e-05,7.102621534903521e-08,1.7320508075688772,1,8.660254037844387,0.19999999999999996,0.9548683406603533,1.0,0,,106,111,121,126,43,48,-7.14858132620955,0.0,0.9999479890581185,True,3,absent,0.5309848428280338
BraTS-GLI-02934-101,gmm_2d,prediction_component,143,44,13824.0,2.7070862238995545e-05,8.288129935688987e-08,1.7320508075688772,1,10.392304845413264,0.16666666666666666,0.7908715233027805,1.0,0,,107,113,111,117,34,40,-7.081543448970658,0.0,0.999879473577284,True,3,absent,0.5309848428280338
BraTS-GLI-02934-101,gmm_2d,prediction_component,144,25,9984.0,2.5060120224403912e-05,7.102621534903521e-08,1.7320508075688772,1,8.660254037844387,0.19999999999999996,0.9548683406603533,1.0,0,,108,113,71,76,85,90,-7.14858132620955,0.0,0.9999479890581185,True,3,absent,0.5309848428280338
BraTS-GLI-02934-101,gmm_2d,prediction_component,145,76,22272.0,2.2865187412354192e-05,5.912918652990723e-08,1.7320508075688772,1,12.884098726725126,0.13443321448446624,0.6591520893663227,1.5,0,,108,115,91,100,151,157,-7.2281980957684,0.0,0.9994557345341287,True,3,absent,0.5309848428280338
BraTS-GLI-02934-101,gmm_2d,prediction_component,146,61,20224.0,2.1209442357003888e-05,5.0875755753536514e-08,1.7320508075688772,1,11.661903789690601,0.14852213144650114,0.7092732030227112,1.3333333333333333,0,,109,117,64,70,126,132,-7.293489126323918,0.0,0.9995356000652756,True,3,absent,0.5309848428280338
BraTS-GLI-02934-101,gmm_2d,prediction_component,147,63,23808.0,1.7149686231523227e-05,3.326325389754192e-08,1.7320508075688772,1,14.071247279470288,0.12309149097933272,0.7016868116919668,1.5,0,,109,118,99,108,145,151,-7.478035269228769,0.0,0.9985476950661105,True,3,absent,0.5309848428280338
BraTS-GLI-02934-101,gmm_2d,prediction_component,148,25,9984.0,2.5060120224403912e-05,7.102621534903521e-08,1.7320508075688772,1,8.660254037844387,0.19999999999999996,0.9548683406603533,1.0,0,,110,115,121,126,146,151,-7.14858132620955,0.0,0.9999479890581185,True,3,absent,0.5309848428280338
BraTS-GLI-02934-101,gmm_2d,prediction_component,149,38,12544.0,2.7047649416909622e-05,8.273922157753891e-08,1.7320508075688772,1,9.273618495495704,0.18677184190940707,0.8304795924748166,1.2,0,,111,116,117,123,31,36,-7.082288569326049,0.0,0.9999244487787192,True,3,absent,0.5309848428280338
BraTS-GLI-02934-101,gmm_2d,prediction_component,150,132,38912.0,1.719683804904388e-05,3.344641515065737e-08,2.23606797749979,1,18.411952639521967,0.12144654188931507,0.7079293121435957,1.8571428571428572,1,,111,122,123,136,94,101,-7.475650423896745,0.6931471805599453,0.998042879705165,True,3,absent,0.5309848428280338
BraTS-GLI-02934-101,gmm_2d,prediction_component,151,328,77312.0,1.5258206257492934e-05,2.633051393893488e-08,2.23606797749979,1,28.372521918222215,0.07881104062391006,0.5226648057654659,2.2222222222222223,3,,112,130,47,56,48,68,-7.579540663922221,1.3862943611198906,0.9857717883419543,True,3,absent,0.5309848428280338
BraTS-GLI-02934-101,gmm_2d,prediction_component,152,25,9984.0,2.5060120224403912e-05,7.102621534903521e-08,1.7320508075688772,1,8.660254037844387,0.19999999999999996,0.9548683406603533,1.0,0,,112,117,134,139,78,83,-7.14858132620955,0.0,0.9999479890581185,True,3,absent,0.5309848428280338
BraTS-GLI-02934-101,gmm_2d,prediction_component,153,25,9984.0,2.5060120224403912e-05,7.102621534903521e-08,1.7320508075688772,1,8.660254037844387,0.19999999999999996,0.9548683406603533,1.0,0,,114,119,77,82,97,102,-7.14858132620955,0.0,0.9999479890581185,True,3,absent,0.5309848428280338
BraTS-GLI-02934-101,gmm_2d,prediction_component,154,25,9984.0,2.5060120224403912e-05,7.102621534903521e-08,1.7320508075688772,1,8.660254037844387,0.19999999999999996,0.9548683406603533,1.0,0,,115,120,83,88,78,83,-7.14858132620955,0.0,0.9999479890581185,True,3,absent,0.5309848428280338
BraTS-GLI-02934-101,gmm_2d,prediction_component,155,25,9984.0,2.5060120224403912e-05,7.102621534903521e-08,1.7320508075688772,1,8.660254037844387,0.19999999999999996,0.9548683406603533,1.0,0,,116,121,88,93,44,49,-7.14858132620955,0.0,0.9999479890581185,True,3,absent,0.5309848428280338
BraTS-GLI-02934-101,gmm_2d,prediction_component,156,50,17920.0,2.084313283576998e-05,4.91335751404014e-08,1.7320508075688772,1,11.661903789690601,0.14852213144650114,0.757879504227687,1.3333333333333333,0,,118,124,91,99,97,103,-7.308621633844861,0.0,0.99957841744857,True,3,absent,0.5309848428280338
BraTS-GLI-02934-101,gmm_2d,prediction_component,157,25,9984.0,2.5060120224403912e-05,7.102621534903521e-08,1.7320508075688772,1,8.660254037844387,0.19999999999999996,0.9548683406603533,1.0,0,,119,124,57,62,118,123,-7.14858132620955,0.0,0.9999479890581185,True,3,absent,0.5309848428280338
BraTS-GLI-02934-101,gmm_2d,prediction_component,158,25,9984.0,2.5060120224403912e-05,7.102621534903521e-08,1.7320508075688772,1,8.660254037844387,0.19999999999999996,0.9548683406603533,1.0,0,,119,124,130,135,129,134,-7.14858132620955,0.0,0.9999479890581185,True,3,absent,0.5309848428280338
BraTS-GLI-02934-101,gmm_2d,prediction_component,159,25,9984.0,2.5060120224403912e-05,7.102621534903521e-08,1.7320508075688772,1,8.660254037844387,0.19999999999999996,0.9548683406603533,1.0,0,,120,125,58,63,72,77,-7.14858132620955,0.0,0.9999479890581185,True,3,absent,0.5309848428280338
BraTS-GLI-02934-101,gmm_2d,prediction_component,160,38,13824.0,2.3379381024587062e-05,6.181848980958109e-08,1.7320508075688772,1,9.848857801796104,0.17586311452816475,0.8304795924748166,1.2,0,,120,126,123,128,38,44,-7.2088816087094125,0.0,0.9998546895173824,True,3,absent,0.5309848428280338
BraTS-GLI-02934-101,gmm_2d,prediction_component,161,25,9984.0,2.5060120224403912e-05,7.102621534903521e-08,1.7320508075688772,1,8.660254037844387,0.19999999999999996,0.9548683406603533,1.0,0,,120,125,133,138,81,86,-7.14858132620955,0.0,0.9999479890581185,True,3,absent,0.5309848428280338
BraTS-GLI-02934-101,gmm_2d,prediction_component,162,25,9984.0,2.5060120224403912e-05,7.102621534903521e-08,1.7320508075688772,1,8.660254037844387,0.19999999999999996,0.9548683406603533,1.0,0,,120,125,169,174,85,90,-7.14858132620955,0.0,0.9999479890581185,True,3,absent,0.5309848428280338
BraTS-GLI-02934-101,gmm_2d,prediction_component,163,51,17664.0,2.1723839827382773e-05,5.337348459431324e-08,1.7320508075688772,1,11.090536506409418,0.15617376188860604,0.7528933105024771,1.4,0,,122,129,82,87,76,83,-7.272674442490021,0.0,0.9996711030560619,True,3,absent,0.5309848428280338
BraTS-GLI-02934-101,gmm_2d,prediction_component,164,25,9984.0,2.5060120224403912e-05,7.102621534903521e-08,1.7320508075688772,1,8.660254037844387,0.19999999999999996,0.9548683406603533,1.0,0,,122,127,154,159,112,117,-7.14858132620955,0.0,0.9999479890581185,True,3,absent,0.5309848428280338
BraTS-GLI-02934-101,gmm_2d,prediction_component,165,89,28928.0,1.8088909811890763e-05,3.7006427402560813e-08,2.23606797749979,1,14.594519519326424,0.1532128532589739,0.8073302083758999,1.4285714285714286,1,,123,130,81,91,96,104,-7.431722839634562,0.6931471805599453,0.9992932855299614,True,3,absent,0.5309848428280338
BraTS-GLI-02934-101,gmm_2d,prediction_component,166,25,9984.0,2.5060120224403912e-05,7.102621534903521e-08,1.7320508075688772,1,8.660254037844387,0.19999999999999996,0.9548683406603533,1.0,0,,124,129,163,168,96,101,-7.14858132620955,0.0,0.9999479890581185,True,3,absent,0.5309848428280338
BraTS-GLI-02934-101,gmm_2d,prediction_component,167,38,12544.0,2.7047649416909622e-05,8.273922157753891e-08,1.7320508075688772,1,9.273618495495704,0.18677184190940707,0.8304795924748166,1.2,0,,125,131,106,111,47,52,-7.082288569326049,0.0,0.9999244487787192,True,3,absent,0.5309848428280338
BraTS-GLI-02934-101,gmm_2d,prediction_component,168,25,9984.0,2.5060120224403912e-05,7.102621534903521e-08,1.7320508075688772,1,8.660254037844387,0.19999999999999996,0.9548683406603533,1.0,0,,126,131,97,102,40,45,-7.14858132620955,0.0,0.9999479890581185,True,3,absent,0.5309848428280338
BraTS-GLI-02934-101,gmm_2d,prediction_component,169,51,16384.0,2.4318695068359375e-05,6.688564319836902e-08,1.7320508075688772,1,10.488088481701515,0.1651445647689541,0.7528933105024771,1.4,0,,127,133,83,88,84,91,-7.1746670922299165,0.0,0.999803546768943,True,3,absent,0.5309848428280338
BraTS-GLI-02934-101,gmm_2d,prediction_component,170,48,18432.0,1.918149905562466e-05,4.1611892032488095e-08,1.7320508075688772,1,11.180339887498949,0.15491933384829665,0.7682627055029695,1.6,0,,129,137,92,97,58,64,-7.380782537016758,0.0,0.9995230425867063,True,3,absent,0.5309848428280338
BraTS-GLI-02934-101,gmm_2d,prediction_component,171,38,12544.0,2.7047649416909622e-05,8.273922157753891e-08,1.7320508075688772,1,9.273618495495704,0.18677184190940707,0.8304795924748166,1.2,0,,132,137,108,113,132,138,-7.082288569326049,0.0,0.9999244487787192,True,3,absent,0.5309848428280338
BraTS-GLI-02934-101,gmm_2d,prediction_component,172,25,9984.0,2.5060120224403912e-05,7.102621534903521e-08,1.7320508075688772,1,8.660254037844387,0.19999999999999996,0.9548683406603533,1.0,0,,134,139,76,81,130,135,-7.14858132620955,0.0,0.9999479890581185,True,3,absent,0.5309848428280338
BraTS-GLI-02934-101,gmm_2d,prediction_component,173,25,9984.0,2.5060120224403912e-05,7.102621534903521e-08,1.7320508075688772,1,8.660254037844387,0.19999999999999996,0.9548683406603533,1.0,0,,134,139,92,97,136,141,-7.14858132620955,0.0,0.9999479890581185,True,3,absent,0.5309848428280338
BraTS-GLI-02934-101,gmm_2d,prediction_component,174,25,9984.0,2.5060120224403912e-05,7.102621534903521e-08,1.7320508075688772,1,8.660254037844387,0.19999999999999996,0.9548683406603533,1.0,0,,135,140,84,89,47,52,-7.14858132620955,0.0,0.9999479890581185,True,3,absent,0.5309848428280338
BraTS-GLI-02934-101,gmm_2d,prediction_component,175,123,40960.0,1.4837652290371348e-05,2.4899048573886966e-08,1.7320508075688772,1,19.131126469708992,0.09053574604251852,0.5614207499321827,2.0,0,,139,150,129,136,104,118,-7.603817247563106,0.0,0.9937551629606238,True,3,absent,0.5309848428280338
BraTS-GLI-02934-101,gmm_2d,prediction_component,176,25,9984.0,2.5060120224403912e-05,7.102621534903521e-08,1.7320508075688772,1,8.660254037844387,0.19999999999999996,0.9548683406603533,1.0,0,,139,144,148,153,100,105,-7.14858132620955,0.0,0.9999479890581185,True,3,absent,0.5309848428280338
BraTS-GLI-02934-101,gmm_2d,prediction_component,177,25,9984.0,2.5060120224403912e-05,7.102621534903521e-08,1.7320508075688772,1,8.660254037844387,0.19999999999999996,0.9548683406603533,1.0,0,,141,146,74,79,116,121,-7.14858132620955,0.0,0.9999479890581185,True,3,absent,0.5309848428280338
BraTS-GLI-02934-101,gmm_2d,prediction_component,178,25,9984.0,2.5060120224403912e-05,7.102621534903521e-08,1.7320508075688772,1,8.660254037844387,0.19999999999999996,0.9548683406603533,1.0,0,,142,147,128,133,94,99,-7.14858132620955,0.0,0.9999479890581185,True,3,absent,0.5309848428280338
BraTS-GLI-02934-101,gmm_2d,prediction_component,179,46,15616.0,2.357236358908017e-05,6.284324984734695e-08,1.7320508075688772,1,10.488088481701515,0.1651445647689541,0.7792393700163133,1.4,0,,144,150,104,109,114,121,-7.20174136414328,0.0,0.99980015675719,True,3,absent,0.5309848428280338
BraTS-GLI-02934-101,gmm_2d,prediction_component,180,184,44032.0,1.9914307308604578e-05,4.48521001094264e-08,2.449489742783178,1,17.05872210923198,0.1435916317235476,0.6942233558720191,1.5714285714285714,1,,147,154,76,87,76,87,-7.348217217177702,0.6931471805599453,0.999126079249631,True,3,absent,0.5309848428280338
BraTS-GLI-02934-101,gmm_2d,prediction_component,181,25,9984.0,2.5060120224403912e-05,7.102621534903521e-08,1.7320508075688772,1,8.660254037844387,0.19999999999999996,0.9548683406603533,1.0,0,,147,152,84,89,111,116,-7.14858132620955,0.0,0.9999479890581185,True,3,absent,0.5309848428280338
BraTS-GLI-02934-101,gmm_2d,prediction_component,182,38,12544.0,2.7047649416909622e-05,8.273922157753891e-08,1.7320508075688772,1,9.273618495495704,0.18677184190940707,0.8304795924748166,1.2,0,,148,153,81,87,104,109,-7.082288569326049,0.0,0.9999244487787192,True,3,absent,0.5309848428280338
BraTS-GLI-02934-101,gmm_2d,prediction_component,183,98,33024.0,1.632982619078381e-05,3.015890005257517e-08,1.7320508075688772,1,15.84297951775486,0.10932607756185055,0.605593872006889,1.5714285714285714,0,,149,156,88,97,97,108,-7.520584501986884,0.0,0.9970941807908669,True,3,absent,0.5309848428280338
BraTS-GLI-02934-101,variational_spline,prediction_component,1,10852,2035200.0,3.7376544173833433e-06,1.5799766246841702e-09,4.47213595499958,2,173.36089524457353,0.02579668239882122,0.3256176511908942,1.5324675324675325,17,,44,145,23,100,38,156,-8.801349338264421,2.8903717578961645,0.07988502269188573,False,3,absent,0.5309848428280338
