case_id,method,source,component_label,volume_vox,surface_area_proxy,compactness_v_over_s15,isoperimetric_quotient,inscribed_radius_vox,inscribed_radius_grid_step,bbox_diag_vox,radius_over_bbox_diag,radius_over_equiv_sphere,elongation_max_over_min,eroded_subcomponents,overlap_gt_vox,z0,z1,y0,y1,x0,x1,log10_isoperimetric,log1p_eroded_subcomponents,shape_score_prob_true_et,accepted_shape,fold,vol_bin,shape_threshold
BraTS-GLI-02238-102,otsu_T1c,prediction_component,1,10849,2249216.0,3.2161993722814636e-06,1.169871872174529e-09,3.4641016151377544,2,203.98529358755252,0.01698211451528454,0.2522455943581936,1.2135922330097086,28,,39,142,28,153,24,148,-8.931861700864678,3.367295829986474,0.02469918159533328,False,4,small,0.5518172876195343
BraTS-GLI-02238-102,gmm_T1c,prediction_component,1,10634,2218240.0,3.2187248830804596e-06,1.1717098702088634e-09,3.4641016151377544,2,203.98529358755252,0.01698211451528454,0.2539342457797484,1.2135922330097086,29,,39,142,28,153,24,148,-8.931179911667616,3.4011973816621555,0.02448048142339813,False,4,small,0.5518172876195343
BraTS-GLI-02238-102,sustraccion,prediction_component,1,44,13312.0,2.8647564971818286e-05,9.281705821811922e-08,1.4142135623730951,1,9.433981132056603,0.1499063377991723,0.6457438947298227,2.6666666666666665,0,,18,21,74,82,70,74,-7.03237220040615,0.0,0.9998492271874111,True,4,small,0.5518172876195343
BraTS-GLI-02238-102,sustraccion,prediction_component,2,69,22784.0,2.0063381572715184e-05,4.552612002882607e-08,1.4142135623730951,1,12.884098726725126,0.10976425998969035,0.5558123221420062,1.5,0,,24,33,78,85,87,93,-7.341739360934355,0.0,0.9986528520338508,True,4,small,0.5518172876195343
BraTS-GLI-02238-102,sustraccion,prediction_component,3,186,54784.0,1.4505487736678064e-05,2.3796717004470988e-08,1.7320508075688772,1,22.135943621178654,0.07824607964359516,0.4891242358153096,1.3636363636363635,0,,25,36,82,97,98,110,-7.623482954085867,0.0,0.991501524787758,True,4,small,0.5518172876195343
BraTS-GLI-02238-102,sustraccion,prediction_component,4,69364,12967936.0,1.4853467209783638e-06,2.495215485984078e-10,5.656854249492381,4,249.00401603187046,0.022717923749343664,0.22193534998487752,1.4957264957264957,145,,26,143,25,200,24,157,-9.602891942893201,4.983606621708336,0.0009711308118322996,False,4,small,0.5518172876195343
BraTS-GLI-02238-102,sustraccion,prediction_component,5,116,30208.0,2.2094034625803908e-05,5.5208053348105144e-08,1.7320508075688772,1,16.0312195418814,0.10804236090984295,0.5724938610883553,1.7142857142857142,0,,26,33,67,79,42,50,-7.257997565938667,0.0,0.9990293173365757,True,4,small,0.5518172876195343
BraTS-GLI-02238-102,sustraccion,prediction_component,6,16,6656.0,2.9464563572443515e-05,9.818664009850627e-08,1.4142135623730951,1,6.4031242374328485,0.2208630521496931,0.9046998952817776,1.3333333333333333,0,,26,29,122,126,124,128,-7.007947601074732,0.0,0.9999848741368333,True,4,small,0.5518172876195343
BraTS-GLI-02238-102,sustraccion,prediction_component,7,171,48128.0,1.6195687506583984e-05,2.9665464338549964e-08,2.0,1,21.840329667841555,0.09157370929912602,0.5808457668864012,1.6,1,,27,37,85,101,71,82,-7.52774884948086,0.6931471805599453,0.9951061970498981,True,4,small,0.5518172876195343
BraTS-GLI-02238-102,sustraccion,prediction_component,8,12,5376.0,3.04433440619409e-05,1.0481829363285631e-07,1.4142135623730951,1,5.830951894845301,0.24253562503633297,0.9957510787676723,1.3333333333333333,0,,28,31,79,83,45,48,-6.979562914580636,0.0,0.9999933273110511,True,4,small,0.5518172876195343
BraTS-GLI-02238-102,sustraccion,prediction_component,9,58,22528.0,1.7153156001178263e-05,3.327671507730468e-08,1.4142135623730951,1,14.730919862656235,0.09600307214746388,0.5889365886474403,1.6666666666666667,0,,28,34,125,134,134,144,-7.477859551798759,0.0,0.9974267025278587,True,4,small,0.5518172876195343
BraTS-GLI-02238-102,sustraccion,prediction_component,10,14,7680.0,2.080109539136373e-05,4.8935585030206e-08,1.4142135623730951,1,8.12403840463596,0.17407765595569785,0.9458781407605124,1.25,0,,29,33,62,67,93,98,-7.310375215276639,0.0,0.9999031513760134,True,4,small,0.5518172876195343
BraTS-GLI-02238-102,sustraccion,prediction_component,11,37,12544.0,2.633586916909621e-05,7.844182433493821e-08,1.4142135623730951,1,9.273618495495704,0.15249857033260467,0.6841383873286643,1.2,0,,29,34,116,121,54,60,-7.105452314425679,0.0,0.9998350730209451,True,4,small,0.5518172876195343
BraTS-GLI-02238-102,sustraccion,prediction_component,12,228,63488.0,1.4252707675093835e-05,2.2974556103978254e-08,1.7320508075688772,1,23.15167380558045,0.07481320020807246,0.45703053267391697,1.1666666666666667,0,,29,41,118,132,62,76,-7.638752870951869,0.0,0.989352316408192,True,4,small,0.5518172876195343
BraTS-GLI-02238-102,sustraccion,prediction_component,13,79,27392.0,1.742574990750206e-05,3.434277045320926e-08,1.4142135623730951,1,15.0996688705415,0.0936585811581694,0.5312947247927275,1.25,0,,29,37,126,136,38,46,-7.464164672948874,0.0,0.9969019731924426,True,4,small,0.5518172876195343
BraTS-GLI-02238-102,sustraccion,prediction_component,14,12,6144.0,2.4917498197257264e-05,7.022006780482366e-08,1.4142135623730951,1,6.4031242374328485,0.2208630521496931,0.9957510787676723,1.3333333333333333,0,,30,34,57,61,92,95,-7.153538755513696,0.0,0.999980987329517,True,4,small,0.5518172876195343
BraTS-GLI-02238-102,sustraccion,prediction_component,15,12,5376.0,3.04433440619409e-05,1.0481829363285631e-07,1.4142135623730951,1,5.830951894845301,0.24253562503633297,0.9957510787676723,1.3333333333333333,0,,31,35,53,56,127,130,-6.979562914580636,0.0,0.9999933273110511,True,4,small,0.5518172876195343
BraTS-GLI-02238-102,sustraccion,prediction_component,16,37,13824.0,2.276413415551898e-05,5.8607695671271814e-08,1.4142135623730951,1,9.9498743710662,0.1421338109037403,0.6841383873286643,1.4,0,,31,36,110,115,121,128,-7.232045353809043,0.0,0.9996812519522744,True,4,small,0.5518172876195343
BraTS-GLI-02238-102,sustraccion,prediction_component,17,12,5376.0,3.04433440619409e-05,1.0481829363285631e-07,1.4142135623730951,1,5.830951894845301,0.24253562503633297,0.9957510787676723,1.3333333333333333,0,,32,36,55,58,50,53,-6.979562914580636,0.0,0.9999933273110511,True,4,small,0.5518172876195343
BraTS-GLI-02238-102,sustraccion,prediction_component,18,39,12288.0,2.86314144114118e-05,9.271243327355624e-08,1.4142135623730951,1,8.246211251235321,0.17149858514250885,0.6722379073420917,1.5,0,,33,37,113,117,48,54,-7.032862020547891,0.0,0.9999082822311168,True,4,small,0.5518172876195343
BraTS-GLI-02238-102,sustraccion,prediction_component,19,99,32256.0,1.7089109357774533e-05,3.302868106660316e-08,1.4142135623730951,1,18.05547008526779,0.07832604499879574,0.49279482222605836,2.1666666666666665,0,,33,44,106,119,37,43,-7.481108768631716,0.0,0.9949956047249889,True,4,small,0.5518172876195343
BraTS-GLI-02238-102,sustraccion,prediction_component,23,12,6144.0,2.4917498197257264e-05,7.022006780482366e-08,1.4142135623730951,1,6.4031242374328485,0.2208630521496931,0.9957510787676723,1.3333333333333333,0,,38,42,81,84,94,98,-7.153538755513696,0.0,0.999980987329517,True,4,small,0.5518172876195343
BraTS-GLI-02238-102,sustraccion,prediction_component,24,101,30720.0,1.875813066542622e-05,3.979527287094479e-08,1.4142135623730951,1,18.027756377319946,0.07844645405527362,0.4895203413233883,1.3333333333333333,0,,39,49,111,123,146,155,-7.4001685130517165,0.0,0.9962382584076322,True,4,small,0.5518172876195343
BraTS-GLI-02238-102,sustraccion,prediction_component,25,60,23296.0,1.6874433970240357e-05,3.220407291860628e-08,1.4142135623730951,1,14.142135623730951,0.1,0.5823187634322541,1.6666666666666667,0,,41,47,138,148,132,140,-7.492089198670121,0.0,0.9974322774393182,True,4,small,0.5518172876195343
BraTS-GLI-02238-102,sustraccion,prediction_component,26,12,5376.0,3.04433440619409e-05,1.0481829363285631e-07,1.4142135623730951,1,5.830951894845301,0.24253562503633297,0.9957510787676723,1.3333333333333333,0,,42,45,126,130,33,36,-6.979562914580636,0.0,0.9999933273110511,True,4,small,0.5518172876195343
BraTS-GLI-02238-102,sustraccion,prediction_component,28,25,9472.0,2.7119237506822293e-05,8.317777956467376e-08,1.4142135623730951,1,7.810249675906654,0.1810714920850371,0.7796467353853097,2.0,0,,43,47,92,98,142,145,-7.079992677331037,0.0,0.9999364540696145,True,4,small,0.5518172876195343
BraTS-GLI-02238-102,sustraccion,prediction_component,31,14,6912.0,2.4362533060422576e-05,6.712700278491907e-08,1.4142135623730951,1,7.0710678118654755,0.2,0.9458781407605124,1.6666666666666667,0,,44,48,99,104,39,42,-7.1731027435946135,0.0,0.9999641575636908,True,4,small,0.5518172876195343
BraTS-GLI-02238-102,sustraccion,prediction_component,32,51,17152.0,2.270377238139709e-05,5.829729737565209e-08,1.4142135623730951,1,11.180339887498949,0.12649110640673517,0.6147348138286294,1.6,0,,45,50,92,100,88,94,-7.234351578380734,0.0,0.9994550008836022,True,4,small,0.5518172876195343
BraTS-GLI-02238-102,sustraccion,prediction_component,33,89,27648.0,1.9359512878371512e-05,4.2387833949246165e-08,1.7320508075688772,1,16.24807680927192,0.10660035817780521,0.6253552903860047,1.25,0,,45,55,117,127,27,35,-7.372758775645151,0.0,0.9987281647203263,True,4,small,0.5518172876195343
BraTS-GLI-02238-102,sustraccion,prediction_component,37,12,5376.0,3.04433440619409e-05,1.0481829363285631e-07,1.4142135623730951,1,5.830951894845301,0.24253562503633297,0.9957510787676723,1.3333333333333333,0,,49,53,138,141,139,142,-6.979562914580636,0.0,0.9999933273110511,True,4,small,0.5518172876195343
BraTS-GLI-02238-102,sustraccion,prediction_component,38,76,25344.0,1.8836527866482235e-05,4.0128606457909884e-08,1.4142135623730951,1,15.620499351813308,0.09053574604251854,0.5381954272789695,2.0,0,,50,56,56,68,120,128,-7.3965459217051945,0.0,0.9974877166476807,True,4,small,0.5518172876195343
BraTS-GLI-02238-102,sustraccion,prediction_component,39,27,9984.0,2.7064929842356223e-05,8.284497758311468e-08,1.4142135623730951,1,8.660254037844387,0.1632993161855452,0.7599002946021327,1.0,0,,50,55,167,172,69,74,-7.08173381523565,0.0,0.9999042368413401,True,4,small,0.5518172876195343
BraTS-GLI-02238-102,sustraccion,prediction_component,40,17,7680.0,2.5258472975227388e-05,7.215502078433436e-08,1.4142135623730951,1,7.0710678118654755,0.2,0.8866010210973454,1.6666666666666667,0,,50,54,184,189,72,75,-7.141733443876567,0.0,0.9999610775234591,True,4,small,0.5518172876195343
BraTS-GLI-02238-102,sustraccion,prediction_component,41,33,13312.0,2.1485673728863712e-05,5.220959524769206e-08,1.4142135623730951,1,9.38083151964686,0.15075567228888181,0.7107331206052484,1.5,0,,51,57,159,165,59,63,-7.28224967362275,0.0,0.9997025758769945,True,4,small,0.5518172876195343
BraTS-GLI-02238-102,sustraccion,prediction_component,43,23,9728.0,2.3971350007758136e-05,6.498862668392194e-08,1.4142135623730951,1,8.246211251235321,0.17149858514250885,0.8016200827808712,1.5,0,,52,56,75,79,57,63,-7.1871626402893725,0.0,0.9998952192512672,True,4,small,0.5518172876195343
BraTS-GLI-02238-102,sustraccion,prediction_component,46,119,45312.0,1.233749852858192e-05,1.7214983121119412e-08,1.4142135623730951,1,25.67099530598687,0.05508993887912397,0.4634777398591019,3.2857142857142856,0,,52,59,170,193,63,72,-7.764093398774486,0.0,0.9763519385448404,True,4,small,0.5518172876195343
BraTS-GLI-02238-102,sustraccion,prediction_component,47,17,7168.0,2.8012503667152895e-05,8.874752009735003e-08,1.4142135623730951,1,6.928203230275509,0.20412414523193154,0.8866010210973454,1.0,0,,53,57,94,98,121,125,-7.051843773744237,0.0,0.9999740755427181,True,4,small,0.5518172876195343
BraTS-GLI-02238-102,sustraccion,prediction_component,48,232,76544.0,1.0955223810501781e-05,1.357359485869052e-08,1.7320508075688772,1,29.086079144497972,0.05954913341754137,0.45438867866849575,2.090909090909091,0,,53,67,170,193,117,128,-7.867305117665617,0.0,0.9676639721872995,True,4,small,0.5518172876195343
BraTS-GLI-02238-102,sustraccion,prediction_component,49,88,29440.0,1.7421115643076513e-05,3.432450641093662e-08,1.4142135623730951,1,17.349351572897472,0.08151391459392225,0.5125272688980814,2.0,0,,53,64,187,199,105,111,-7.464395699234625,0.0,0.9958463022384066,True,4,small,0.5518172876195343
BraTS-GLI-02238-102,sustraccion,prediction_component,52,43,16640.0,2.0032653197626065e-05,4.5386774385534526e-08,1.4142135623730951,1,11.489125293076057,0.12309149097933274,0.650711350669285,2.5,0,,54,58,170,180,58,62,-7.343070681243521,0.0,0.9992330875379934,True,4,small,0.5518172876195343
BraTS-GLI-02238-102,sustraccion,prediction_component,53,12,5376.0,3.04433440619409e-05,1.0481829363285631e-07,1.4142135623730951,1,5.830951894845301,0.24253562503633297,0.9957510787676723,1.3333333333333333,0,,55,58,94,98,27,30,-6.979562914580636,0.0,0.9999933273110511,True,4,small,0.5518172876195343
BraTS-GLI-02238-102,sustraccion,prediction_component,56,31,11264.0,2.5931206947772415e-05,7.60497578817831e-08,1.4142135623730951,1,8.602325267042627,0.1643989873053573,0.7257003006213092,2.3333333333333335,0,,55,58,182,189,57,61,-7.118902164264145,0.0,0.9998796862543303,True,4,small,0.5518172876195343
BraTS-GLI-02238-102,sustraccion,prediction_component,59,21,8192.0,2.8322682199320788e-05,9.072377900955245e-08,1.4142135623730951,1,7.0710678118654755,0.2,0.8263006657894747,1.6666666666666667,0,,56,60,158,163,46,49,-7.042278867966007,0.0,0.9999669161150714,True,4,small,0.5518172876195343
BraTS-GLI-02238-102,sustraccion,prediction_component,61,41,17152.0,1.825205230661335e-05,3.7676953821019284e-08,1.4142135623730951,1,13.45362404707371,0.10511766624552735,0.6611244956113513,1.5,0,,56,62,162,171,41,49,-7.423924217137136,0.0,0.9986001030565202,True,4,small,0.5518172876195343
BraTS-GLI-02238-102,sustraccion,prediction_component,62,36,13056.0,2.4131665051034174e-05,6.586079227450182e-08,1.4142135623730951,1,10.677078252031311,0.13245323570650439,0.6904152369103725,1.6,0,,56,61,170,178,47,52,-7.181373049233362,0.0,0.9996880211074546,True,4,small,0.5518172876195343
BraTS-GLI-02238-102,sustraccion,prediction_component,66,24,10752.0,2.1526695028193625e-05,5.2409146816428155e-08,1.4142135623730951,1,9.797958971132712,0.14433756729740646,0.7903281549671363,2.0,0,,58,62,156,164,89,93,-7.280592910244617,0.0,0.9997435489859665,True,4,small,0.5518172876195343
BraTS-GLI-02238-102,sustraccion,prediction_component,67,43,15872.0,2.1504085264176663e-05,5.229911263312502e-08,1.4142135623730951,1,11.180339887498949,0.12649110640673517,0.650711350669285,1.6,0,,58,66,170,176,134,139,-7.281505679809716,0.0,0.9994256249367036,True,4,small,0.5518172876195343
BraTS-GLI-02238-102,sustraccion,prediction_component,68,23,10496.0,2.1389079908047943e-05,5.174120984025427e-08,1.4142135623730951,1,8.774964387392123,0.16116459280507606,0.8016200827808712,1.5,0,,60,65,118,122,37,43,-7.2861634205981485,0.0,0.9998169786382713,True,4,small,0.5518172876195343
BraTS-GLI-02238-102,sustraccion,prediction_component,69,26,13056.0,1.7428424759080237e-05,3.435331448886051e-08,1.4142135623730951,1,11.74734012447073,0.12038585308576921,0.7695203069187393,1.6,0,,60,67,180,188,47,52,-7.464031354826301,0.0,0.9991540637870046,True,4,small,0.5518172876195343
BraTS-GLI-02238-102,sustraccion,prediction_component,70,12,5376.0,3.04433440619409e-05,1.0481829363285631e-07,1.4142135623730951,1,5.830951894845301,0.24253562503633297,0.9957510787676723,1.3333333333333333,0,,62,66,129,132,33,36,-6.979562914580636,0.0,0.9999933273110511,True,4,small,0.5518172876195343
BraTS-GLI-02238-102,sustraccion,prediction_component,72,19,9984.0,1.9045691370546972e-05,4.102474198560274e-08,1.4142135623730951,1,8.774964387392123,0.16116459280507606,0.8543319874271107,1.5,0,,63,67,150,155,119,125,-7.386954141647967,0.0,0.9997781119338749,True,4,small,0.5518172876195343
BraTS-GLI-02238-102,sustraccion,prediction_component,73,16,6656.0,2.9464563572443515e-05,9.818664009850627e-08,1.4142135623730951,1,6.4031242374328485,0.2208630521496931,0.9046998952817776,1.3333333333333333,0,,64,67,42,46,48,52,-7.007947601074732,0.0,0.9999848741368333,True,4,small,0.5518172876195343
BraTS-GLI-02238-102,sustraccion,prediction_component,74,26,12288.0,1.9087609607607868e-05,4.1205525899358324e-08,1.4142135623730951,1,10.344080432788601,0.13671718540493263,0.7695203069187393,2.3333333333333335,0,,64,71,57,64,108,111,-7.385044538659253,0.0,0.9995350674629613,True,4,small,0.5518172876195343
BraTS-GLI-02238-102,sustraccion,prediction_component,75,26,10240.0,2.5091314442253987e-05,7.120314875409119e-08,1.4142135623730951,1,8.246211251235321,0.17149858514250885,0.7695203069187393,1.5,0,,64,68,93,99,152,156,-7.1475008005163785,0.0,0.9998991331047882,True,4,small,0.5518172876195343
BraTS-GLI-02238-102,sustraccion,prediction_component,77,83,23552.0,2.2963411237285056e-05,5.96382896902396e-08,1.7320508075688772,1,13.038404810405298,0.1328422328310143,0.6400749038798939,1.8,0,,66,75,157,162,118,126,-7.224474819758646,0.0,0.9995716911492145,True,4,small,0.5518172876195343
BraTS-GLI-02238-102,sustraccion,prediction_component,78,157,46592.0,1.5611068251496082e-05,2.7562437269816885e-08,1.4142135623730951,1,23.600847442411894,0.05992215177119798,0.42258231388299966,2.25,0,,67,85,32,40,117,130,-7.559682381610885,0.0,0.9881365492343434,True,4,small,0.5518172876195343
BraTS-GLI-02238-102,sustraccion,prediction_component,80,593,156672.0,9.562415537884978e-06,1.0341596714309829e-08,1.7320508075688772,1,52.32590180780452,0.03310121274031321,0.3323318251383926,3.0833333333333335,0,,67,104,149,184,37,49,-7.985412402182286,0.0,0.8868690442286019,True,4,small,0.5518172876195343
BraTS-GLI-02238-102,sustraccion,prediction_component,83,14,6912.0,2.4362533060422576e-05,6.712700278491907e-08,1.4142135623730951,1,7.0710678118654755,0.2,0.9458781407605124,1.6666666666666667,0,,68,71,106,110,140,145,-7.1731027435946135,0.0,0.9999641575636908,True,4,small,0.5518172876195343
BraTS-GLI-02238-102,sustraccion,prediction_component,86,62,20224.0,2.1557138133348215e-05,5.255748592222369e-08,1.4142135623730951,1,13.601470508735444,0.10397504898200727,0.5759887103099525,1.6666666666666667,0,,69,75,134,141,121,131,-7.279365417348944,0.0,0.9988794287400476,True,4,small,0.5518172876195343
BraTS-GLI-02238-102,sustraccion,prediction_component,88,12,5376.0,3.04433440619409e-05,1.0481829363285631e-07,1.4142135623730951,1,5.830951894845301,0.24253562503633297,0.9957510787676723,1.3333333333333333,0,,70,74,120,123,28,31,-6.979562914580636,0.0,0.9999933273110511,True,4,small,0.5518172876195343
BraTS-GLI-02238-102,sustraccion,prediction_component,91,23,8192.0,3.102008050401801e-05,1.0882739024048354e-07,1.4142135623730951,1,6.928203230275509,0.20412414523193154,0.8016200827808712,1.0,0,,71,75,193,197,113,117,-6.96326178539866,0.0,0.9999751143711002,True,4,small,0.5518172876195343
BraTS-GLI-02238-102,sustraccion,prediction_component,92,22,8448.0,2.8332951815706027e-05,9.078958261633766e-08,1.4142135623730951,1,7.3484692283495345,0.19245008972987526,0.8135863258112027,2.0,0,,72,78,69,72,71,74,-7.041963980463377,0.0,0.9999602027868806,True,4,small,0.5518172876195343
BraTS-GLI-02238-102,sustraccion,prediction_component,96,12,6144.0,2.4917498197257264e-05,7.022006780482366e-08,1.4142135623730951,1,6.4031242374328485,0.2208630521496931,0.9957510787676723,1.3333333333333333,0,,73,77,176,179,98,102,-7.153538755513696,0.0,0.999980987329517,True,4,small,0.5518172876195343
BraTS-GLI-02238-102,sustraccion,prediction_component,97,31,13056.0,2.0780044905057206e-05,4.883659056774402e-08,1.4142135623730951,1,10.246950765959598,0.13801311186847084,0.7257003006213092,2.0,0,,74,82,64,68,98,103,-7.311254663099391,0.0,0.9995991245642704,True,4,small,0.5518172876195343
BraTS-GLI-02238-102,sustraccion,prediction_component,98,43,17664.0,1.83161786779894e-05,3.7942165711220756e-08,1.4142135623730951,1,12.806248474865697,0.11043152607484655,0.650711350669285,1.3333333333333333,0,,75,83,121,129,125,131,-7.42087788352672,0.0,0.99870456009203,True,4,small,0.5518172876195343
BraTS-GLI-02238-102,sustraccion,prediction_component,99,35,13568.0,2.2145948823537533e-05,5.5467802104067534e-08,1.7320508075688772,1,9.695359714832659,0.17864740025262407,0.8535601852680835,2.3333333333333335,0,,75,81,154,161,38,41,-7.2559590425759435,0.0,0.9999010821828026,True,4,small,0.5518172876195343
BraTS-GLI-02238-102,sustraccion,prediction_component,100,85,30976.0,1.559124953042825e-05,2.7492499004790516e-08,1.4142135623730951,1,16.881943016134134,0.0837707816583391,0.5184874224812556,1.375,0,,75,85,157,168,134,142,-7.560785781994892,0.0,0.9944627873570018,True,4,small,0.5518172876195343
BraTS-GLI-02238-102,sustraccion,prediction_component,101,79,26112.0,1.8722631332135914e-05,3.9644792108908745e-08,1.4142135623730951,1,15.297058540778355,0.09245003270420485,0.5312947247927275,3.25,0,,77,90,33,40,59,63,-7.401813855178998,0.0,0.9974733750854518,True,4,small,0.5518172876195343
BraTS-GLI-02238-102,sustraccion,prediction_component,102,698,193536.0,8.198091880877603e-06,7.601126080470496e-09,2.23606797749979,1,46.411205543489174,0.04817948491780727,0.4063460705520201,1.2608695652173914,1,,77,100,34,63,34,62,-8.119122063731425,0.6931471805599453,0.8522301228014065,True,4,small,0.5518172876195343
BraTS-GLI-02238-102,sustraccion,prediction_component,103,48,15872.0,2.4004560294894877e-05,6.516882396253112e-08,1.4142135623730951,1,10.392304845413264,0.13608276348795434,0.6272838722974592,1.0,0,,77,83,140,146,140,146,-7.185960116217715,0.0,0.999634881590264,True,4,small,0.5518172876195343
BraTS-GLI-02238-102,sustraccion,prediction_component,105,128,39936.0,1.60384769436185e-05,2.9092337806964823e-08,1.4142135623730951,1,18.973665961010276,0.07453559924999299,0.4523499476408888,1.75,0,,77,87,170,184,130,138,-7.536221378241776,0.0,0.9924969204895889,True,4,small,0.5518172876195343
BraTS-GLI-02238-102,sustraccion,prediction_component,107,16,6656.0,2.9464563572443515e-05,9.818664009850627e-08,1.4142135623730951,1,6.4031242374328485,0.2208630521496931,0.9046998952817776,1.3333333333333333,0,,78,82,66,70,72,75,-7.007947601074732,0.0,0.9999848741368333,True,4,small,0.5518172876195343
BraTS-GLI-02238-102,sustraccion,prediction_component,108,223,81408.0,9.600729532303787e-06,1.0424634659233464e-08,1.4142135623730951,1,31.843366656181317,0.04441155916843275,0.3759322464505456,1.6923076923076923,0,,78,100,65,84,29,42,-7.981939156331104,0.0,0.9192256214513602,True,4,small,0.5518172876195343
BraTS-GLI-02238-102,sustraccion,prediction_component,110,12,6144.0,2.4917498197257264e-05,7.022006780482366e-08,1.4142135623730951,1,6.4031242374328485,0.2208630521496931,0.9957510787676723,1.3333333333333333,0,,79,83,113,116,53,57,-7.153538755513696,0.0,0.999980987329517,True,4,small,0.5518172876195343
BraTS-GLI-02238-102,sustraccion,prediction_component,113,117,36352.0,1.6880814487633525e-05,3.222843136467662e-08,1.4142135623730951,1,20.049937655763422,0.07053456158585983,0.4661037321015165,1.625,0,,81,94,89,102,54,62,-7.491760832130974,0.0,0.9934168657478397,True,4,small,0.5518172876195343
BraTS-GLI-02238-102,sustraccion,prediction_component,114,19,9984.0,1.9045691370546972e-05,4.102474198560274e-08,1.4142135623730951,1,8.774964387392123,0.16116459280507606,0.8543319874271107,1.5,0,,82,87,63,67,69,75,-7.386954141647967,0.0,0.9997781119338749,True,4,small,0.5518172876195343
BraTS-GLI-02238-102,sustraccion,prediction_component,115,12,5376.0,3.04433440619409e-05,1.0481829363285631e-07,1.4142135623730951,1,5.830951894845301,0.24253562503633297,0.9957510787676723,1.3333333333333333,0,,82,86,71,74,150,153,-6.979562914580636,0.0,0.9999933273110511,True,4,small,0.5518172876195343
BraTS-GLI-02238-102,sustraccion,prediction_component,117,117,44544.0,1.2445204614921722e-05,1.7516867953772077e-08,1.4142135623730951,1,24.06241883103193,0.05877270993842334,0.4661037321015165,1.5454545454545454,0,,82,93,95,108,44,61,-7.756543543829603,0.0,0.9786869009548782,True,4,small,0.5518172876195343
BraTS-GLI-02238-102,sustraccion,prediction_component,121,45,18944.0,1.7258577067514345e-05,3.368700072369287e-08,1.4142135623730951,1,12.68857754044952,0.11145564251507058,0.6409247308398612,2.0,0,,84,90,58,63,124,134,-7.472537654116369,0.0,0.9984158804674305,True,4,small,0.5518172876195343
BraTS-GLI-02238-102,sustraccion,prediction_component,122,19,9216.0,2.147533275462963e-05,5.2159350776834036e-08,1.4142135623730951,1,8.246211251235321,0.17149858514250885,0.8543319874271107,1.5,0,,84,88,91,95,135,141,-7.282667822870332,0.0,0.9998753913721101,True,4,small,0.5518172876195343
BraTS-GLI-02238-102,sustraccion,prediction_component,123,16,6656.0,2.9464563572443515e-05,9.818664009850627e-08,1.4142135623730951,1,6.4031242374328485,0.2208630521496931,0.9046998952817776,1.3333333333333333,0,,84,88,127,131,31,34,-7.007947601074732,0.0,0.9999848741368333,True,4,small,0.5518172876195343
BraTS-GLI-02238-102,sustraccion,prediction_component,124,16,6656.0,2.9464563572443515e-05,9.818664009850627e-08,1.4142135623730951,1,6.4031242374328485,0.2208630521496931,0.9046998952817776,1.3333333333333333,0,,85,89,80,83,72,76,-7.007947601074732,0.0,0.9999848741368333,True,4,small,0.5518172876195343
BraTS-GLI-02238-102,sustraccion,prediction_component,125,14,7680.0,2.080109539136373e-05,4.8935585030206e-08,1.4142135623730951,1,7.54983443527075,0.1873171623163388,0.9458781407605124,1.25,0,,85,89,96,101,73,77,-7.310375215276639,0.0,0.9999247197904226,True,4,small,0.5518172876195343
BraTS-GLI-02238-102,sustraccion,prediction_component,127,24,9984.0,2.4057715415427756e-05,6.545776006567085e-08,1.4142135623730951,1,8.246211251235321,0.17149858514250885,0.7903281549671363,1.5,0,,85,91,193,197,106,110,-7.184038860130413,0.0,0.999892447876701,True,4,small,0.5518172876195343
BraTS-GLI-02238-102,sustraccion,prediction_component,129,24,9728.0,2.50135826167911e-05,7.076266345924204e-08,1.4142135623730951,1,8.12403840463596,0.17407765595569785,0.7903281549671363,1.25,0,,86,90,57,62,66,71,-7.150195828901346,0.0,0.9999094905888425,True,4,small,0.5518172876195343
BraTS-GLI-02238-102,sustraccion,prediction_component,130,66,26624.0,1.5192665592041187e-05,2.610479762384603e-08,1.4142135623730951,1,15.937377450509228,0.08873565094161139,0.5641092516587063,2.1666666666666665,0,,86,99,85,92,139,145,-7.583279669286731,0.0,0.9952961613450805,True,4,small,0.5518172876195343
BraTS-GLI-02238-102,sustraccion,prediction_component,132,12,5376.0,3.04433440619409e-05,1.0481829363285631e-07,1.4142135623730951,1,5.830951894845301,0.24253562503633297,0.9957510787676723,1.3333333333333333,0,,86,89,124,127,42,46,-6.979562914580636,0.0,0.9999933273110511,True,4,small,0.5518172876195343
BraTS-GLI-02238-102,sustraccion,prediction_component,133,26,10496.0,2.4178959896054198e-05,6.611920198868032e-08,1.4142135623730951,1,8.366600265340756,0.16903085094570333,0.7695203069187393,2.0,0,,87,92,42,45,95,101,-7.179672396691698,0.0,0.9998811209652976,True,4,small,0.5518172876195343
BraTS-GLI-02238-102,sustraccion,prediction_component,134,57,19712.0,2.059580730709518e-05,4.797445097856172e-08,1.4142135623730951,1,11.090536506409418,0.12751534261266767,0.5923607155209719,1.4,0,,87,92,53,60,94,101,-7.31898998664659,0.0,0.9992162251379939,True,4,small,0.5518172876195343
BraTS-GLI-02238-102,sustraccion,prediction_component,135,12,6144.0,2.4917498197257264e-05,7.022006780482366e-08,1.4142135623730951,1,6.4031242374328485,0.2208630521496931,0.9957510787676723,1.3333333333333333,0,,87,90,63,67,146,150,-7.153538755513696,0.0,0.999980987329517,True,4,small,0.5518172876195343
BraTS-GLI-02238-102,sustraccion,prediction_component,137,12,5376.0,3.04433440619409e-05,1.0481829363285631e-07,1.4142135623730951,1,5.830951894845301,0.24253562503633297,0.9957510787676723,1.3333333333333333,0,,87,91,120,123,29,32,-6.979562914580636,0.0,0.9999933273110511,True,4,small,0.5518172876195343
BraTS-GLI-02238-102,sustraccion,prediction_component,138,12,5376.0,3.04433440619409e-05,1.0481829363285631e-07,1.4142135623730951,1,5.830951894845301,0.24253562503633297,0.9957510787676723,1.3333333333333333,0,,87,90,172,175,96,100,-6.979562914580636,0.0,0.9999933273110511,True,4,small,0.5518172876195343
BraTS-GLI-02238-102,sustraccion,prediction_component,139,14,7680.0,2.080109539136373e-05,4.8935585030206e-08,1.4142135623730951,1,8.12403840463596,0.17407765595569785,0.9458781407605124,1.25,0,,88,93,52,56,129,134,-7.310375215276639,0.0,0.9999031513760134,True,4,small,0.5518172876195343
BraTS-GLI-02238-102,sustraccion,prediction_component,140,12,5376.0,3.04433440619409e-05,1.0481829363285631e-07,1.4142135623730951,1,5.830951894845301,0.24253562503633297,0.9957510787676723,1.3333333333333333,0,,88,92,61,64,89,92,-6.979562914580636,0.0,0.9999933273110511,True,4,small,0.5518172876195343
BraTS-GLI-02238-102,sustraccion,prediction_component,142,105,41216.0,1.2548463074883778e-05,1.7808750420742183e-08,1.4142135623730951,1,20.663978319771825,0.0684385910829155,0.4832235607731051,1.6666666666666667,0,,88,103,140,149,133,144,-7.749366552429801,0.0,0.9835990163801943,True,4,small,0.5518172876195343
BraTS-GLI-02238-102,sustraccion,prediction_component,144,70,27648.0,1.5226583162764109e-05,2.622148546285901e-08,1.4142135623730951,1,18.0,0.07856742013183862,0.5531528923543089,2.0,0,,89,101,87,93,35,47,-7.581342708906463,0.0,0.994128943893817,True,4,small,0.5518172876195343
BraTS-GLI-02238-102,sustraccion,prediction_component,146,446,168448.0,6.4511341094713e-06,4.706786662217468e-09,1.4142135623730951,1,52.78257288158659,0.026793191107712166,0.2983776217421823,1.5416666666666667,0,,90,114,159,196,45,74,-8.327275485891711,0.0,0.640890860489119,True,4,small,0.5518172876195343
BraTS-GLI-02238-102,sustraccion,prediction_component,149,12,5376.0,3.04433440619409e-05,1.0481829363285631e-07,1.4142135623730951,1,5.830951894845301,0.24253562503633297,0.9957510787676723,1.3333333333333333,0,,91,94,116,119,32,36,-6.979562914580636,0.0,0.9999933273110511,True,4,small,0.5518172876195343
BraTS-GLI-02238-102,sustraccion,prediction_component,151,39,15360.0,2.0486972453082852e-05,4.7468765836060794e-08,1.4142135623730951,1,10.677078252031311,0.13245323570650439,0.6722379073420917,1.6,0,,91,99,121,126,145,150,-7.32359205957206,0.0,0.9994433859934831,True,4,small,0.5518172876195343
BraTS-GLI-02238-102,sustraccion,prediction_component,155,35,11264.0,2.927716913458176e-05,9.694167888156535e-08,1.7320508075688772,1,8.366600265340756,0.20701966780270625,0.8535601852680835,2.0,0,,92,98,58,63,89,92,-7.013489463232139,0.0,0.9999761946807753,True,4,small,0.5518172876195343
BraTS-GLI-02238-102,sustraccion,prediction_component,159,12,5376.0,3.04433440619409e-05,1.0481829363285631e-07,1.4142135623730951,1,5.830951894845301,0.24253562503633297,0.9957510787676723,1.3333333333333333,0,,92,95,172,176,128,131,-6.979562914580636,0.0,0.9999933273110511,True,4,small,0.5518172876195343
BraTS-GLI-02238-102,sustraccion,prediction_component,160,23,10496.0,2.1389079908047943e-05,5.174120984025427e-08,1.4142135623730951,1,8.660254037844387,0.1632993161855452,0.8016200827808712,1.0,0,,93,98,98,103,38,43,-7.2861634205981485,0.0,0.9998242635440686,True,4,small,0.5518172876195343
BraTS-GLI-02238-102,sustraccion,prediction_component,161,74,28672.0,1.5242097583597899e-05,2.6274947018441213e-08,1.4142135623730951,1,18.49324200890693,0.07647191129018727,0.5430009978686747,2.5,0,,93,108,101,110,148,154,-7.58045815102272,0.0,0.993703615656049,True,4,small,0.5518172876195343
BraTS-GLI-02238-102,sustraccion,prediction_component,162,35,13824.0,2.153364041738282e-05,5.244297092571802e-08,1.4142135623730951,1,10.246950765959598,0.13801311186847084,0.6969289728874266,2.0,0,,93,98,111,119,74,78,-7.280312713242482,0.0,0.999606004101147,True,4,small,0.5518172876195343
BraTS-GLI-02238-102,sustraccion,prediction_component,163,14,6144.0,2.9070414563466808e-05,9.557731451212109e-08,1.4142135623730951,1,6.928203230275509,0.20412414523193154,0.9458781407605124,1.0,0,,93,97,157,161,135,139,-7.019645176252469,0.0,0.9999810679105652,True,4,small,0.5518172876195343
BraTS-GLI-02238-102,sustraccion,prediction_component,164,29,12288.0,2.129002610079339e-05,5.126308769432005e-08,1.4142135623730951,1,9.38083151964686,0.15075567228888181,0.742013605090188,1.5,0,,94,100,32,36,108,114,-7.290195238802977,0.0,0.9997240349459526,True,4,small,0.5518172876195343
BraTS-GLI-02238-102,sustraccion,prediction_component,165,24,9216.0,2.712673611111111e-05,8.322378406497619e-08,1.4142135623730951,1,8.12403840463596,0.17407765595569785,0.7903281549671363,1.25,0,,94,98,115,120,38,43,-7.079752541352778,0.0,0.9999299996576052,True,4,small,0.5518172876195343
BraTS-GLI-02238-102,sustraccion,prediction_component,166,27,11008.0,2.3377665101405374e-05,6.180941584077854e-08,1.4142135623730951,1,8.774964387392123,0.16116459280507606,0.7599002946021327,1.5,0,,95,99,61,66,51,57,-7.208945360894912,0.0,0.9998413814339752,True,4,small,0.5518172876195343
BraTS-GLI-02238-102,sustraccion,prediction_component,167,16,6656.0,2.9464563572443515e-05,9.818664009850627e-08,1.4142135623730951,1,6.4031242374328485,0.2208630521496931,0.9046998952817776,1.3333333333333333,0,,95,99,71,75,89,92,-7.007947601074732,0.0,0.9999848741368333,True,4,small,0.5518172876195343
BraTS-GLI-02238-102,sustraccion,prediction_component,171,60,20736.0,2.0093878600823045e-05,4.5664627744842905e-08,1.4142135623730951,1,13.45362404707371,0.10511766624552735,0.5823187634322541,1.5,0,,96,105,116,124,29,35,-7.34042007834279,0.0,0.9986587873494891,True,4,small,0.5518172876195343
BraTS-GLI-02238-102,sustraccion,prediction_component,173,52,18432.0,2.0779957310260047e-05,4.883617884368394e-08,1.4142135623730951,1,12.083045973594572,0.11704114719613057,0.6107686723568493,2.25,0,,97,101,58,65,41,50,-7.3112583244983345,0.0,0.9991251816837367,True,4,small,0.5518172876195343
BraTS-GLI-02238-102,sustraccion,prediction_component,174,38,14848.0,2.1003015762516237e-05,4.989025113460923e-08,1.4142135623730951,1,11.090536506409418,0.12751534261266767,0.6780837477859392,1.4,0,,97,102,58,65,33,40,-7.301984309929319,0.0,0.9994457561736703,True,4,small,0.5518172876195343
BraTS-GLI-02238-102,sustraccion,prediction_component,176,40,13568.0,2.530965579832861e-05,7.244774152368004e-08,1.7320508075688772,1,9.695359714832659,0.17864740025262407,0.8164009473861472,2.3333333333333335,0,,97,104,102,108,27,30,-7.13997514862057,0.0,0.9999266951327535,True,4,small,0.5518172876195343
BraTS-GLI-02238-102,sustraccion,prediction_component,177,38,16384.0,1.811981201171875e-05,3.713297530889845e-08,1.4142135623730951,1,12.24744871391589,0.11547005383792516,0.6780837477859392,2.0,0,,97,107,145,150,37,42,-7.430240251192169,0.0,0.9988877440404959,True,4,small,0.5518172876195343
BraTS-GLI-02238-102,sustraccion,prediction_component,178,73,24320.0,1.9247640754064618e-05,4.1899359286033426e-08,1.4142135623730951,1,14.352700094407323,0.09853292781642932,0.5454692181434626,2.0,0,,97,107,146,155,135,140,-7.377792618099759,0.0,0.9980320779141002,True,4,small,0.5518172876195343
BraTS-GLI-02238-102,sustraccion,prediction_component,179,52,17152.0,2.3148944388875467e-05,6.060587931709466e-08,1.4142135623730951,1,11.090536506409418,0.12751534261266767,0.6107686723568493,1.4,0,,98,105,94,99,27,34,-7.217485243307008,0.0,0.9994907325768221,True,4,small,0.5518172876195343
BraTS-GLI-02238-102,sustraccion,prediction_component,180,44,19712.0,1.5898517921266454e-05,2.8586807354415358e-08,1.4142135623730951,1,14.52583904633395,0.09735847670224711,0.6457438947298227,1.2857142857142858,0,,98,107,126,133,123,132,-7.5438343450191985,0.0,0.9973585556836736,True,4,small,0.5518172876195343
BraTS-GLI-02238-102,sustraccion,prediction_component,181,53,18688.0,2.0745869011514477e-05,4.867608450149985e-08,1.4142135623730951,1,12.727922061357855,0.11111111111111112,0.6069029442833568,1.1428571428571428,0,,99,107,70,77,145,152,-7.312684363633918,0.0,0.9990029645325783,True,4,small,0.5518172876195343
BraTS-GLI-02238-102,sustraccion,prediction_component,182,17,7168.0,2.8012503667152895e-05,8.874752009735003e-08,1.4142135623730951,1,6.928203230275509,0.20412414523193154,0.8866010210973454,1.0,0,,99,103,87,91,143,147,-7.051843773744237,0.0,0.9999740755427181,True,4,small,0.5518172876195343
BraTS-GLI-02238-102,sustraccion,prediction_component,183,12,6144.0,2.4917498197257264e-05,7.022006780482366e-08,1.4142135623730951,1,6.4031242374328485,0.2208630521496931,0.9957510787676723,1.3333333333333333,0,,99,102,101,105,133,137,-7.153538755513696,0.0,0.999980987329517,True,4,small,0.5518172876195343
BraTS-GLI-02238-102,sustraccion,prediction_component,184,97,35072.0,1.4768314609682549e-05,2.466688133665671e-08,1.4142135623730951,1,20.42057785666214,0.06925433610644437,0.49615871354606417,1.4,0,,100,114,35,45,106,117,-7.607885755410858,0.0,0.9907007470951796,True,4,small,0.5518172876195343
BraTS-GLI-02238-102,sustraccion,prediction_component,185,12,5376.0,3.04433440619409e-05,1.0481829363285631e-07,1.4142135623730951,1,5.830951894845301,0.24253562503633297,0.9957510787676723,1.3333333333333333,0,,100,103,76,80,29,32,-6.979562914580636,0.0,0.9999933273110511,True,4,small,0.5518172876195343
BraTS-GLI-02238-102,sustraccion,prediction_component,186,19,9984.0,1.9045691370546972e-05,4.102474198560274e-08,1.4142135623730951,1,8.774964387392123,0.16116459280507606,0.8543319874271107,1.5,0,,100,106,78,83,99,103,-7.386954141647967,0.0,0.9997781119338749,True,4,small,0.5518172876195343
BraTS-GLI-02238-102,sustraccion,prediction_component,187,16,6656.0,2.9464563572443515e-05,9.818664009850627e-08,1.4142135623730951,1,6.4031242374328485,0.2208630521496931,0.9046998952817776,1.3333333333333333,0,,100,103,81,85,148,152,-7.007947601074732,0.0,0.9999848741368333,True,4,small,0.5518172876195343
BraTS-GLI-02238-102,sustraccion,prediction_component,188,19,8192.0,2.5625283894623568e-05,7.42659506177969e-08,1.4142135623730951,1,7.54983443527075,0.1873171623163388,0.8543319874271107,1.25,0,,101,106,39,43,55,59,-7.1292102555281875,0.0,0.9999473109006307,True,4,small,0.5518172876195343
BraTS-GLI-02238-102,sustraccion,prediction_component,189,12,6144.0,2.4917498197257264e-05,7.022006780482366e-08,1.4142135623730951,1,6.4031242374328485,0.2208630521496931,0.9957510787676723,1.3333333333333333,0,,101,104,50,54,55,59,-7.153538755513696,0.0,0.999980987329517,True,4,small,0.5518172876195343
BraTS-GLI-02238-102,sustraccion,prediction_component,190,14,7680.0,2.080109539136373e-05,4.8935585030206e-08,1.4142135623730951,1,8.246211251235321,0.17149858514250885,0.9458781407605124,1.5,0,,101,107,122,126,142,146,-7.310375215276639,0.0,0.9998982798788448,True,4,small,0.5518172876195343
BraTS-GLI-02238-102,sustraccion,prediction_component,191,22,8704.0,2.709220525861094e-05,8.301204026265334e-08,1.4142135623730951,1,7.54983443527075,0.1873171623163388,0.8135863258112027,1.25,0,,102,106,104,108,35,40,-7.08085891195648,0.0,0.9999494301762683,True,4,small,0.5518172876195343
BraTS-GLI-02238-102,sustraccion,prediction_component,194,24,12288.0,1.7619331945484184e-05,3.511003390241183e-08,1.4142135623730951,1,10.488088481701515,0.13483997249264842,0.7903281549671363,1.4,0,,103,108,100,106,46,53,-7.4545687511776775,0.0,0.9994205875503124,True,4,small,0.5518172876195343
BraTS-GLI-02238-102,sustraccion,prediction_component,196,14,6912.0,2.4362533060422576e-05,6.712700278491907e-08,1.4142135623730951,1,7.0710678118654755,0.2,0.9458781407605124,1.6666666666666667,0,,103,106,122,127,98,102,-7.1731027435946135,0.0,0.9999641575636908,True,4,small,0.5518172876195343
BraTS-GLI-02238-102,sustraccion,prediction_component,198,17,7168.0,2.8012503667152895e-05,8.874752009735003e-08,1.4142135623730951,1,6.928203230275509,0.20412414523193154,0.8866010210973454,1.0,0,,104,108,118,122,139,143,-7.051843773744237,0.0,0.9999740755427181,True,4,small,0.5518172876195343
BraTS-GLI-02238-102,sustraccion,prediction_component,199,21,9216.0,2.3735894097222223e-05,6.371820967474739e-08,1.4142135623730951,1,8.774964387392123,0.16116459280507606,0.8263006657894747,1.5,0,,104,109,138,144,98,102,-7.1957364353081505,0.0,0.9998787542538436,True,4,small,0.5518172876195343
BraTS-GLI-02238-102,sustraccion,prediction_component,202,12,5376.0,3.04433440619409e-05,1.0481829363285631e-07,1.4142135623730951,1,5.830951894845301,0.24253562503633297,0.9957510787676723,1.3333333333333333,0,,105,109,65,68,126,129,-6.979562914580636,0.0,0.9999933273110511,True,4,small,0.5518172876195343
BraTS-GLI-02238-102,sustraccion,prediction_component,203,79,24320.0,2.0829638624261712e-05,4.906997584990329e-08,1.7320508075688772,1,12.68857754044952,0.136504726557987,0.6507004893872986,2.0,0,,105,115,70,75,132,138,-7.309184155759788,0.0,0.9994748025198189,True,4,small,0.5518172876195343
BraTS-GLI-02238-102,sustraccion,prediction_component,204,26,12288.0,1.9087609607607868e-05,4.1205525899358324e-08,1.4142135623730951,1,10.344080432788601,0.13671718540493263,0.7695203069187393,2.3333333333333335,0,,105,108,132,139,134,141,-7.385044538659253,0.0,0.9995350674629613,True,4,small,0.5518172876195343
BraTS-GLI-02238-102,sustraccion,prediction_component,205,176,51456.0,1.5078517130061765e-05,2.571400007843421e-08,1.7320508075688772,1,22.22611077089287,0.07792865001991967,0.4982178399857984,1.5,0,,105,120,148,158,45,58,-7.589830359107294,0.0,0.9926542365201045,True,4,small,0.5518172876195343
BraTS-GLI-02238-102,sustraccion,prediction_component,207,46,17664.0,1.9594051609011914e-05,4.3421104729552795e-08,1.4142135623730951,1,13.856406460551018,0.10206207261596577,0.6362462813425951,1.0,0,,106,114,43,51,58,66,-7.362299131322746,0.0,0.9987127828788099,True,4,small,0.5518172876195343
BraTS-GLI-02238-102,sustraccion,prediction_component,208,426,135680.0,8.523850946025001e-06,8.2172039629696e-09,1.7320508075688772,1,47.81213235152768,0.03622617780011092,0.37106810876187435,1.4090909090909092,0,,106,128,61,92,28,57,-8.085275933071056,0.0,0.86795269287355,True,4,small,0.5518172876195343
BraTS-GLI-02238-102,sustraccion,prediction_component,209,58,22016.0,1.7754987411994196e-05,3.5652756325167865e-08,1.4142135623730951,1,14.798648586948742,0.09556369651349932,0.5889365886474403,2.6,0,,106,119,103,108,79,84,-7.447906889078956,0.0,0.9976731147220103,True,4,small,0.5518172876195343
BraTS-GLI-02238-102,sustraccion,prediction_component,210,81,31744.0,1.4321633088308782e-05,2.3197301107756437e-08,1.4142135623730951,1,20.688160865577203,0.06835859270246632,0.5268854366447575,2.3333333333333335,0,,106,120,141,147,125,139,-7.634562540203533,0.0,0.9905866506825114,True,4,small,0.5518172876195343
BraTS-GLI-02238-102,sustraccion,prediction_component,212,55,20224.0,1.9123267698937934e-05,4.135962406730662e-08,1.4142135623730951,1,13.038404810405298,0.10846522890932808,0.5994555302303142,1.8,0,,106,111,166,174,113,122,-7.383423417356965,0.0,0.9986093414717576,True,4,small,0.5518172876195343
BraTS-GLI-02238-102,sustraccion,prediction_component,215,206,81408.0,8.868835352711122e-06,8.895811224823166e-09,1.4142135623730951,1,46.70117771534247,0.030282181982500447,0.386001323841179,4.25,0,,107,138,104,112,29,63,-8.050814441689118,0.0,0.874919217903551,True,4,small,0.5518172876195343
BraTS-GLI-02238-102,sustraccion,prediction_component,216,24,12288.0,1.7619331945484184e-05,3.511003390241183e-08,1.4142135623730951,1,9.38083151964686,0.15075567228888181,0.7903281549671363,1.5,0,,107,113,172,176,58,64,-7.4545687511776775,0.0,0.9995719314215551,True,4,small,0.5518172876195343
BraTS-GLI-02238-102,sustraccion,prediction_component,218,56,20992.0,1.841226854334808e-05,3.8341312395802786e-08,1.4142135623730951,1,14.352700094407323,0.09853292781642932,0.5958658900897977,2.0,0,,108,118,68,73,138,147,-7.416333025612877,0.0,0.9980839950904226,True,4,small,0.5518172876195343
BraTS-GLI-02238-102,sustraccion,prediction_component,219,12,6144.0,2.4917498197257264e-05,7.022006780482366e-08,1.4142135623730951,1,6.4031242374328485,0.2208630521496931,0.9957510787676723,1.3333333333333333,0,,108,112,99,102,83,87,-7.153538755513696,0.0,0.999980987329517,True,4,small,0.5518172876195343
BraTS-GLI-02238-102,sustraccion,prediction_component,220,16,6656.0,2.9464563572443515e-05,9.818664009850627e-08,1.4142135623730951,1,6.4031242374328485,0.2208630521496931,0.9046998952817776,1.3333333333333333,0,,108,112,109,112,131,135,-7.007947601074732,0.0,0.9999848741368333,True,4,small,0.5518172876195343
BraTS-GLI-02238-102,sustraccion,prediction_component,221,20,7168.0,3.29558866672387e-05,1.2283393785100348e-07,1.4142135623730951,1,6.4031242374328485,0.2208630521496931,0.8398489863421099,1.3333333333333333,0,,110,114,62,66,127,130,-6.910681625172823,0.0,0.9999868427329357,True,4,small,0.5518172876195343
BraTS-GLI-02238-102,sustraccion,prediction_component,226,17,8448.0,2.1893644584863748e-05,5.421113507463137e-08,1.4142135623730951,1,7.54983443527075,0.1873171623163388,0.8866010210973454,1.25,0,,111,116,142,146,43,47,-7.265911499351242,0.0,0.9999220639097008,True,4,small,0.5518172876195343
BraTS-GLI-02238-102,sustraccion,prediction_component,228,14,6144.0,2.9070414563466808e-05,9.557731451212109e-08,1.4142135623730951,1,6.928203230275509,0.20412414523193154,0.9458781407605124,1.0,0,,112,116,126,130,38,42,-7.019645176252469,0.0,0.9999810679105652,True,4,small,0.5518172876195343
BraTS-GLI-02238-102,sustraccion,prediction_component,230,14,6144.0,2.9070414563466808e-05,9.557731451212109e-08,1.4142135623730951,1,6.928203230275509,0.20412414523193154,0.9458781407605124,1.0,0,,113,117,54,58,130,134,-7.019645176252469,0.0,0.9999810679105652,True,4,small,0.5518172876195343
BraTS-GLI-02238-102,sustraccion,prediction_component,231,21,9984.0,2.1050500988499285e-05,5.011609755027925e-08,1.4142135623730951,1,9.273618495495704,0.15249857033260467,0.8263006657894747,1.2,0,,113,119,70,75,96,101,-7.300022754085787,0.0,0.9997908436964995,True,4,small,0.5518172876195343
BraTS-GLI-02238-102,sustraccion,prediction_component,233,258,79104.0,1.1596369335704593e-05,1.5208852611405434e-08,2.23606797749979,1,32.07802986469088,0.06970714806775237,0.5662062208629538,3.25,1,,113,139,81,89,51,68,-7.817903548822171,0.6931471805599453,0.9779394154764655,True,4,small,0.5518172876195343
BraTS-GLI-02238-102,sustraccion,prediction_component,234,12,6144.0,2.4917498197257264e-05,7.022006780482366e-08,1.4142135623730951,1,6.4031242374328485,0.2208630521496931,0.9957510787676723,1.3333333333333333,0,,113,116,106,110,50,54,-7.153538755513696,0.0,0.999980987329517,True,4,small,0.5518172876195343
BraTS-GLI-02238-102,sustraccion,prediction_component,235,337,98560.0,1.0891278378302544e-05,1.341559968774214e-08,1.7320508075688772,1,37.013511046643494,0.046795096130874764,0.4012178042647704,1.9230769230769231,0,,113,137,99,112,113,138,-7.8723899092569525,0.0,0.9507734755445714,True,4,small,0.5518172876195343
BraTS-GLI-02238-102,sustraccion,prediction_component,236,379,110848.0,1.0269455502969642e-05,1.1927439116977011e-08,2.0,1,44.9221548904324,0.04452146173481904,0.44549872158202725,4.375,1,,113,140,112,120,36,71,-7.923452791598079,0.6931471805599453,0.9259731447036286,True,4,small,0.5518172876195343
BraTS-GLI-02238-102,sustraccion,prediction_component,238,12,6144.0,2.4917498197257264e-05,7.022006780482366e-08,1.4142135623730951,1,6.4031242374328485,0.2208630521496931,0.9957510787676723,1.3333333333333333,0,,113,116,154,158,123,127,-7.153538755513696,0.0,0.999980987329517,True,4,small,0.5518172876195343
BraTS-GLI-02238-102,sustraccion,prediction_component,240,364,101888.0,1.119223518659086e-05,1.4167265362241499e-08,1.7320508075688772,1,44.06812907306141,0.03930393334142406,0.39104166726561546,1.8333333333333333,0,,114,137,54,72,49,82,-7.848713971397079,0.0,0.9463867050530288,True,4,small,0.5518172876195343
BraTS-GLI-02238-102,sustraccion,prediction_component,241,12,5376.0,3.04433440619409e-05,1.0481829363285631e-07,1.4142135623730951,1,5.830951894845301,0.24253562503633297,0.9957510787676723,1.3333333333333333,0,,115,119,93,96,46,49,-6.979562914580636,0.0,0.9999933273110511,True,4,small,0.5518172876195343
BraTS-GLI-02238-102,sustraccion,prediction_component,242,12,5376.0,3.04433440619409e-05,1.0481829363285631e-07,1.4142135623730951,1,5.830951894845301,0.24253562503633297,0.9957510787676723,1.3333333333333333,0,,115,118,107,111,97,100,-6.979562914580636,0.0,0.9999933273110511,True,4,small,0.5518172876195343
BraTS-GLI-02238-102,sustraccion,prediction_component,243,22,8192.0,2.9671381351669397e-05,9.956986177012105e-08,1.4142135623730951,1,7.54983443527075,0.1873171623163388,0.8135863258112027,1.25,0,,115,119,129,134,41,45,-7.001872095789433,0.0,0.9999620895410657,True,4,small,0.5518172876195343
BraTS-GLI-02238-102,sustraccion,prediction_component,244,303,103168.0,9.143766166602987e-06,9.455894020849168e-09,1.4142135623730951,1,34.597687784012386,0.040875955965664394,0.33941444768054224,2.25,0,,115,127,146,173,58,76,-8.024297403892845,0.0,0.8898079118301784,True,4,small,0.5518172876195343
BraTS-GLI-02238-102,sustraccion,prediction_component,246,19,9216.0,2.147533275462963e-05,5.2159350776834036e-08,1.4142135623730951,1,8.366600265340756,0.16903085094570333,0.8543319874271107,2.0,0,,116,122,87,90,127,132,-7.282667822870332,0.0,0.9998694006949949,True,4,small,0.5518172876195343
BraTS-GLI-02238-102,sustraccion,prediction_component,247,24,11008.0,2.078014675680478e-05,4.883706930629415e-08,1.4142135623730951,1,9.273618495495704,0.15249857033260467,0.7903281549671363,1.2,0,,116,121,129,135,132,137,-7.311250405789675,0.0,0.9997544554301737,True,4,small,0.5518172876195343
BraTS-GLI-02238-102,sustraccion,prediction_component,248,26,12288.0,1.9087609607607868e-05,4.1205525899358324e-08,1.4142135623730951,1,10.392304845413264,0.13608276348795434,0.7695203069187393,1.0,0,,116,122,133,139,64,70,-7.385044538659253,0.0,0.9995294228186127,True,4,small,0.5518172876195343
BraTS-GLI-02238-102,sustraccion,prediction_component,249,87,25856.0,2.0925567457328343e-05,4.952299041601647e-08,1.4142135623730951,1,14.142135623730951,0.1,0.5144834988108414,1.6666666666666667,0,,116,124,133,143,121,127,-7.305193138584818,0.0,0.9983718049272505,True,4,small,0.5518172876195343
BraTS-GLI-02238-102,sustraccion,prediction_component,251,17,7168.0,2.8012503667152895e-05,8.874752009735003e-08,1.4142135623730951,1,6.928203230275509,0.20412414523193154,0.8866010210973454,1.0,0,,117,121,80,84,34,38,-7.051843773744237,0.0,0.9999740755427181,True,4,small,0.5518172876195343
BraTS-GLI-02238-102,sustraccion,prediction_component,253,12,5376.0,3.04433440619409e-05,1.0481829363285631e-07,1.4142135623730951,1,5.830951894845301,0.24253562503633297,0.9957510787676723,1.3333333333333333,0,,118,122,93,96,141,144,-6.979562914580636,0.0,0.9999933273110511,True,4,small,0.5518172876195343
BraTS-GLI-02238-102,sustraccion,prediction_component,257,77,32768.0,1.2981229341355362e-05,1.905829385443723e-08,1.4142135623730951,1,16.24807680927192,0.08703882797784893,0.5358554176060653,1.25,0,,119,129,86,96,40,48,-7.719915981072769,0.0,0.9912515122025067,True,4,small,0.5518172876195343
BraTS-GLI-02238-102,sustraccion,prediction_component,258,33,15360.0,1.7335130537223953e-05,3.398651281753465e-08,1.4142135623730951,1,12.884098726725126,0.10976425998969035,0.7107331206052484,1.5,0,,119,126,95,104,35,41,-7.468693393869284,0.0,0.9987202766405497,True,4,small,0.5518172876195343
BraTS-GLI-02238-102,sustraccion,prediction_component,265,91,36096.0,1.326944550938006e-05,1.99139734695222e-08,1.4142135623730951,1,20.46948949045872,0.06908885358534668,0.5068320500705872,2.4285714285714284,0,,122,131,146,153,102,119,-7.70084207579808,0.0,0.9874037221339349,True,4,small,0.5518172876195343
BraTS-GLI-02238-102,sustraccion,prediction_component,270,177,63232.0,1.113186391450459e-05,1.4014840208330766e-08,1.7320508075688772,1,33.61547262794322,0.051525403992954466,0.4972778040923269,1.2352941176470589,0,,124,141,66,86,103,124,-7.853411849529511,0.0,0.9689055269302591,True,4,small,0.5518172876195343
BraTS-GLI-02238-102,sustraccion,prediction_component,271,51,20992.0,1.6768315994834858e-05,3.1800304062972914e-08,1.4142135623730951,1,12.449899597988733,0.11359236684941297,0.6147348138286294,1.8,0,,124,131,82,87,127,136,-7.497568727429405,0.0,0.9981825601979389,True,4,small,0.5518172876195343
BraTS-GLI-02238-102,sustraccion,prediction_component,272,34,15872.0,1.7003230208883873e-05,3.2697552300644957e-08,1.4142135623730951,1,12.206555615733702,0.11585688927269847,0.7036956967830031,1.3333333333333333,0,,124,130,121,128,121,129,-7.485484756884379,0.0,0.9987596847909724,True,4,small,0.5518172876195343
BraTS-GLI-02238-102,sustraccion,prediction_component,273,12,6144.0,2.4917498197257264e-05,7.022006780482366e-08,1.4142135623730951,1,6.4031242374328485,0.2208630521496931,0.9957510787676723,1.3333333333333333,0,,125,129,112,116,102,105,-7.153538755513696,0.0,0.999980987329517,True,4,small,0.5518172876195343
BraTS-GLI-02238-102,sustraccion,prediction_component,275,12,6144.0,2.4917498197257264e-05,7.022006780482366e-08,1.4142135623730951,1,6.4031242374328485,0.2208630521496931,0.9957510787676723,1.3333333333333333,0,,127,131,59,63,101,104,-7.153538755513696,0.0,0.999980987329517,True,4,small,0.5518172876195343
BraTS-GLI-02238-102,sustraccion,prediction_component,278,19,9216.0,2.147533275462963e-05,5.2159350776834036e-08,1.4142135623730951,1,8.774964387392123,0.16116459280507606,0.8543319874271107,1.5,0,,127,132,114,118,62,68,-7.282667822870332,0.0,0.9998483142319811,True,4,small,0.5518172876195343
BraTS-GLI-02238-102,sustraccion,prediction_component,279,12,6144.0,2.4917498197257264e-05,7.022006780482366e-08,1.4142135623730951,1,6.4031242374328485,0.2208630521496931,0.9957510787676723,1.3333333333333333,0,,127,131,122,125,51,55,-7.153538755513696,0.0,0.999980987329517,True,4,small,0.5518172876195343
BraTS-GLI-02238-102,sustraccion,prediction_component,280,30,12544.0,2.135340743440233e-05,5.156876691120846e-08,1.4142135623730951,1,9.38083151964686,0.15075567228888181,0.73367566779705,1.5,0,,128,134,95,101,60,64,-7.287613253120344,0.0,0.9997189471143824,True,4,small,0.5518172876195343
BraTS-GLI-02238-102,sustraccion,prediction_component,281,73,24832.0,1.8655432016841724e-05,3.936071645360705e-08,1.7320508075688772,1,13.601470508735444,0.12734290799340264,0.6680606274231857,1.6666666666666667,0,,130,137,117,127,59,65,-7.40493700503195,0.0,0.999163304322161,True,4,small,0.5518172876195343
BraTS-GLI-02238-102,sustraccion,prediction_component,285,17,6912.0,2.9583075859084555e-05,9.897808063694699e-08,1.4142135623730951,1,6.557438524302,0.21566554640687685,0.8866010210973454,1.6666666666666667,0,,140,143,89,94,73,76,-7.004460972194542,0.0,0.9999824911420518,True,4,small,0.5518172876195343
BraTS-GLI-02238-102,sustraccion,prediction_component,286,31,12288.0,2.275830376291707e-05,5.857767809065585e-08,1.4142135623730951,1,10.246950765959598,0.13801311186847084,0.7257003006213092,2.0,0,,141,145,96,104,81,86,-7.232267846932344,0.0,0.9996994511050667,True,4,small,0.5518172876195343
BraTS-GLI-02238-102,gmm_2d,prediction_component,1,150714,21209344.0,1.542988688001033e-06,2.692637301163848e-10,5.656854249492381,4,256.9260594023113,0.02201744059225427,0.17135100664906489,1.3358778625954197,179,,15,146,26,201,23,158,-9.569822142211036,5.19295685089021,0.0008218949987746573,False,4,small,0.5518172876195343
BraTS-GLI-02238-102,gmm_2d,prediction_component,2,47,14592.0,2.6664020003279646e-05,8.040880842667987e-08,1.7320508075688772,1,9.848857801796104,0.17586311452816475,0.7736731845058752,1.2,0,,25,30,121,127,123,129,-7.094696373620167,0.0,0.999924483815645,True,4,small,0.5518172876195343
BraTS-GLI-02238-102,gmm_2d,prediction_component,3,50,19968.0,1.772018094802615e-05,3.551310767451761e-08,1.7320508075688772,1,12.68857754044952,0.136504726557987,0.757879504227687,2.0,0,,26,36,98,103,87,93,-7.449611321873531,0.0,0.999386005625403,True,4,small,0.5518172876195343
BraTS-GLI-02238-102,gmm_2d,prediction_component,4,192,51456.0,1.6449291414612833e-05,3.060178521731013e-08,2.23606797749979,1,19.949937343260004,0.11208395991555509,0.6248092671636669,1.5555555555555556,1,,26,35,124,135,131,145,-7.514253237328495,0.6931471805599453,0.997269252576107,True,4,small,0.5518172876195343
BraTS-GLI-02238-102,gmm_2d,prediction_component,5,220,52736.0,1.8166108439225087e-05,3.73229684825593e-08,2.23606797749979,1,20.273134932713294,0.1102970993347264,0.5970907065865069,1.1818181818181819,2,,27,38,124,137,37,48,-7.428023821937176,1.0986122886681098,0.9972215009416228,True,4,small,0.5518172876195343
BraTS-GLI-02238-102,gmm_2d,prediction_component,6,88,25600.0,2.1484375e-05,5.220328368773323e-08,2.23606797749979,1,13.92838827718412,0.1605403247669839,0.8103767663317574,1.2857142857142858,1,,28,35,61,69,92,101,-7.28230217817379,0.6931471805599453,0.9997478064836598,True,4,small,0.5518172876195343
BraTS-GLI-02238-102,gmm_2d,prediction_component,7,25,9984.0,2.5060120224403912e-05,7.102621534903521e-08,1.7320508075688772,1,8.660254037844387,0.19999999999999996,0.9548683406603533,1.0,0,,31,36,59,64,45,50,-7.14858132620955,0.0,0.99996818860877,True,4,small,0.5518172876195343
BraTS-GLI-02238-102,gmm_2d,prediction_component,8,184,41472.0,2.1786393989104556e-05,5.3681306837826435e-08,2.23606797749979,1,17.05872210923198,0.1310806262732691,0.6337363199300691,1.5714285714285714,2,,33,44,107,118,36,43,-7.270176920082948,1.0986122886681098,0.9990669432542335,True,4,small,0.5518172876195343
BraTS-GLI-02238-102,gmm_2d,prediction_component,9,25,9984.0,2.5060120224403912e-05,7.102621534903521e-08,1.7320508075688772,1,8.660254037844387,0.19999999999999996,0.9548683406603533,1.0,0,,34,39,137,142,106,111,-7.14858132620955,0.0,0.99996818860877,True,4,small,0.5518172876195343
BraTS-GLI-02238-102,gmm_2d,prediction_component,10,81,26624.0,1.8645544135686913e-05,3.931900303261106e-08,1.7320508075688772,1,13.92838827718412,0.12435400084345173,0.6453002363415847,1.2857142857142858,0,,36,43,64,72,70,79,-7.4053975026131695,0.0,0.9990432959005502,True,4,small,0.5518172876195343
BraTS-GLI-02238-102,gmm_2d,prediction_component,11,57,17920.0,2.376117143277778e-05,6.385399425246565e-08,1.7320508075688772,1,11.0,0.15745916432444337,0.7254907483481623,1.1666666666666667,0,,36,42,72,79,73,79,-7.194811931171915,0.0,0.9998187782443098,True,4,small,0.5518172876195343
BraTS-GLI-02238-102,gmm_2d,prediction_component,12,25,9984.0,2.5060120224403912e-05,7.102621534903521e-08,1.7320508075688772,1,8.660254037844387,0.19999999999999996,0.9548683406603533,1.0,0,,37,42,39,44,108,113,-7.14858132620955,0.0,0.99996818860877,True,4,small,0.5518172876195343
BraTS-GLI-02238-102,gmm_2d,prediction_component,13,25,9984.0,2.5060120224403912e-05,7.102621534903521e-08,1.7320508075688772,1,8.660254037844387,0.19999999999999996,0.9548683406603533,1.0,0,,37,42,80,85,94,99,-7.14858132620955,0.0,0.99996818860877,True,4,small,0.5518172876195343
BraTS-GLI-02238-102,gmm_2d,prediction_component,14,1042,139520.0,1.9994613685627525e-05,4.521457038076219e-08,3.3166247903554,1,28.61817604250837,0.11589224922751923,0.5273552889891217,2.090909090909091,1,,37,48,100,113,121,144,-7.344721591377043,0.6931471805599453,0.9981069868793963,True,4,small,0.5518172876195343
BraTS-GLI-02238-102,gmm_2d,prediction_component,15,105,29184.0,2.106066470841854e-05,5.016450389905758e-08,2.23606797749979,1,14.45683229480096,0.1546720562224365,0.7640435355499037,1.125,1,,38,46,61,69,97,106,-7.299603478343669,0.6931471805599453,0.9996497053605761,True,4,small,0.5518172876195343
BraTS-GLI-02238-102,gmm_2d,prediction_component,16,271,57856.0,1.947361968933941e-05,4.288898237077813e-08,2.23606797749979,1,24.413111231467404,0.09159291318091398,0.5570037362269025,1.3333333333333333,1,,38,52,107,123,145,157,-7.367654258167519,0.6931471805599453,0.9970414040284947,True,4,small,0.5518172876195343
BraTS-GLI-02238-102,gmm_2d,prediction_component,17,44,13824.0,2.7070862238995545e-05,8.288129935688987e-08,1.7320508075688772,1,10.392304845413264,0.16666666666666666,0.7908715233027805,1.0,0,,40,46,71,77,83,89,-7.081543448970658,0.0,0.9999190159742366,True,4,small,0.5518172876195343
BraTS-GLI-02238-102,gmm_2d,prediction_component,18,97,30976.0,1.779236711119459e-05,3.580303434409328e-08,1.7320508075688772,1,14.52583904633395,0.11923929502757463,0.6076678398117905,1.2857142857142858,0,,40,47,125,134,120,129,-7.446080164890988,0.0,0.9986145274129845,True,4,small,0.5518172876195343
BraTS-GLI-02238-102,gmm_2d,prediction_component,19,228,65280.0,1.3669877677639983e-05,2.1133996454306804e-08,2.23606797749979,1,22.64950330581225,0.09872481295984872,0.5900238805847952,1.25,2,,40,55,137,149,131,143,-7.675018369775086,1.0986122886681098,0.9913227850168069,True,4,small,0.5518172876195343
BraTS-GLI-02238-102,gmm_2d,prediction_component,20,233,53760.0,1.869248457574969e-05,3.951722460440373e-08,2.449489742783178,1,23.280893453645632,0.10521459357478415,0.6416819965579073,1.3636363636363635,1,,41,55,116,131,26,37,-7.403213564623847,0.6931471805599453,0.9980360385217406,True,4,small,0.5518172876195343
BraTS-GLI-02238-102,gmm_2d,prediction_component,21,43,16128.0,2.0994120395426138e-05,4.9848000238464846e-08,1.7320508075688772,1,9.9498743710662,0.17407765595569782,0.7969553894885005,1.4,0,,41,46,164,171,88,93,-7.3023522596757,0.0,0.9998457708385334,True,4,small,0.5518172876195343
BraTS-GLI-02238-102,gmm_2d,prediction_component,22,73,22272.0,2.196261422502442e-05,5.4553226284258247e-08,1.7320508075688772,1,12.36931687685298,0.14002800840280097,0.6680606274231857,1.6,0,,42,50,103,111,47,52,-7.263179560089071,0.0,0.9996079548048529,True,4,small,0.5518172876195343
BraTS-GLI-02238-102,gmm_2d,prediction_component,23,247,47104.0,2.4160742167769453e-05,6.601960400115816e-08,2.8284271247461903,1,18.027756377319946,0.15689290811054724,0.7266783345549577,1.3333333333333333,1,,43,52,90,102,86,96,-7.180327084983405,0.6931471805599453,0.9997539338745887,True,4,small,0.5518172876195343
BraTS-GLI-02238-102,gmm_2d,prediction_component,24,46,15616.0,2.357236358908017e-05,6.284324984734695e-08,1.7320508075688772,1,10.488088481701515,0.1651445647689541,0.7792393700163133,1.4,0,,43,49,98,105,38,43,-7.20174136414328,0.0,0.9998656732064138,True,4,small,0.5518172876195343
BraTS-GLI-02238-102,gmm_2d,prediction_component,25,432,120320.0,1.0350873760297497e-05,1.2117314984779015e-08,2.23606797749979,1,35.05709628591621,0.06378360487311965,0.4768187113343729,2.5454545454545454,4,,49,60,166,194,56,74,-7.916593602651456,1.6094379124341003,0.92802725076586,True,4,small,0.5518172876195343
BraTS-GLI-02238-102,gmm_2d,prediction_component,26,38,13824.0,2.3379381024587062e-05,6.181848980958109e-08,1.7320508075688772,1,9.848857801796104,0.17586311452816475,0.8304795924748166,1.2,0,,49,55,183,189,71,76,-7.2088816087094125,0.0,0.9999051591398199,True,4,small,0.5518172876195343
BraTS-GLI-02238-102,gmm_2d,prediction_component,27,71,20992.0,2.3344126188887744e-05,6.163219253419703e-08,1.7320508075688772,1,11.575836902790225,0.14962640041614492,0.6742755017744779,1.1666666666666667,0,,50,57,158,165,58,64,-7.210192382187127,0.0,0.9997362748252594,True,4,small,0.5518172876195343
BraTS-GLI-02238-102,gmm_2d,prediction_component,28,192,54272.0,1.5185793478997166e-05,2.6081186948524816e-08,2.23606797749979,1,22.02271554554524,0.10153461651336192,0.6248092671636669,1.875,1,,50,65,186,200,103,111,-7.583672647853283,0.6931471805599453,0.9957069167389548,True,4,small,0.5518172876195343
BraTS-GLI-02238-102,gmm_2d,prediction_component,29,93,26112.0,2.204056599859038e-05,5.494116438871202e-08,1.7320508075688772,1,14.071247279470288,0.12309149097933272,0.6162579207174524,1.4285714285714286,0,,51,58,73,80,57,67,-7.26010214065201,0.0,0.9993645914590258,True,4,small,0.5518172876195343
BraTS-GLI-02238-102,gmm_2d,prediction_component,30,38,13824.0,2.3379381024587062e-05,6.181848980958109e-08,1.7320508075688772,1,9.848857801796104,0.17586311452816475,0.8304795924748166,1.2,0,,52,58,94,99,120,126,-7.2088816087094125,0.0,0.9999051591398199,True,4,small,0.5518172876195343
BraTS-GLI-02238-102,gmm_2d,prediction_component,31,87,26112.0,2.0618593998681322e-05,4.8080665193451414e-08,2.23606797749979,1,13.490737563232042,0.16574838603294897,0.8134698374073943,2.2,1,,52,58,101,112,25,30,-7.318029532522643,0.6931471805599453,0.9997424693652608,True,4,small,0.5518172876195343
BraTS-GLI-02238-102,gmm_2d,prediction_component,32,362,80896.0,1.5733233879580755e-05,2.7995509174980007e-08,2.449489742783178,1,27.874719729532707,0.08787495503274935,0.5540330059065703,1.8181818181818181,5,,52,68,174,194,116,127,-7.552911629263008,1.791759469228055,0.9890760589924719,True,4,small,0.5518172876195343
BraTS-GLI-02238-102,gmm_2d,prediction_component,33,25,9984.0,2.5060120224403912e-05,7.102621534903521e-08,1.7320508075688772,1,8.660254037844387,0.19999999999999996,0.9548683406603533,1.0,0,,53,58,165,170,121,126,-7.14858132620955,0.0,0.99996818860877,True,4,small,0.5518172876195343
BraTS-GLI-02238-102,gmm_2d,prediction_component,34,25,9984.0,2.5060120224403912e-05,7.102621534903521e-08,1.7320508075688772,1,8.660254037844387,0.19999999999999996,0.9548683406603533,1.0,0,,53,58,169,174,57,62,-7.14858132620955,0.0,0.99996818860877,True,4,small,0.5518172876195343
BraTS-GLI-02238-102,gmm_2d,prediction_component,35,25,9984.0,2.5060120224403912e-05,7.102621534903521e-08,1.7320508075688772,1,8.660254037844387,0.19999999999999996,0.9548683406603533,1.0,0,,55,60,28,33,98,103,-7.14858132620955,0.0,0.99996818860877,True,4,small,0.5518172876195343
BraTS-GLI-02238-102,gmm_2d,prediction_component,36,25,9984.0,2.5060120224403912e-05,7.102621534903521e-08,1.7320508075688772,1,8.660254037844387,0.19999999999999996,0.9548683406603533,1.0,0,,55,60,130,135,54,59,-7.14858132620955,0.0,0.99996818860877,True,4,small,0.5518172876195343
BraTS-GLI-02238-102,gmm_2d,prediction_component,37,60,17152.0,2.6710320448702462e-05,8.068830086595445e-08,2.23606797749979,1,10.488088481701515,0.21320071635561044,0.9207268083493462,1.4,1,,55,61,157,164,45,50,-7.093189429809319,0.6931471805599453,0.9999678025491098,True,4,small,0.5518172876195343
BraTS-GLI-02238-102,gmm_2d,prediction_component,38,120,31488.0,2.147650616109547e-05,5.216505087864325e-08,2.23606797749979,1,16.30950643030009,0.13710212427677046,0.7307813520745375,1.375,2,,55,63,160,171,40,49,-7.282620364697071,1.0986122886681098,0.9993690318126462,True,4,small,0.5518172876195343
BraTS-GLI-02238-102,gmm_2d,prediction_component,39,59,19456.0,2.1740607489918187e-05,5.3455909614067176e-08,1.7320508075688772,1,11.661903789690601,0.14852213144650114,0.71719869927557,1.3333333333333333,0,,56,62,171,179,46,52,-7.272004276032213,0.0,0.9997073959372721,True,4,small,0.5518172876195343
BraTS-GLI-02238-102,gmm_2d,prediction_component,40,82,24320.0,2.1620637559360256e-05,5.2867572122215945e-08,1.7320508075688772,1,12.884098726725126,0.13443321448446624,0.6426663285123421,1.5,0,,58,67,170,177,134,140,-7.276810633573238,0.0,0.9995013974969903,True,4,small,0.5518172876195343
BraTS-GLI-02238-102,gmm_2d,prediction_component,41,56,18688.0,2.1920163483864352e-05,5.434254218465772e-08,1.7320508075688772,1,10.677078252031311,0.16222142113076252,0.7297836929246639,1.6,0,,58,63,189,197,99,104,-7.2648600488230946,0.0,0.9997893203462327,True,4,small,0.5518172876195343
BraTS-GLI-02238-102,gmm_2d,prediction_component,42,59,19456.0,2.1740607489918187e-05,5.3455909614067176e-08,1.7320508075688772,1,11.661903789690601,0.14852213144650114,0.71719869927557,1.3333333333333333,0,,60,66,117,123,36,44,-7.272004276032213,0.0,0.9997073959372721,True,4,small,0.5518172876195343
BraTS-GLI-02238-102,gmm_2d,prediction_component,43,25,9984.0,2.5060120224403912e-05,7.102621534903521e-08,1.7320508075688772,1,8.660254037844387,0.19999999999999996,0.9548683406603533,1.0,0,,61,66,182,187,47,52,-7.14858132620955,0.0,0.99996818860877,True,4,small,0.5518172876195343
BraTS-GLI-02238-102,gmm_2d,prediction_component,44,373,87808.0,1.4335330293737652e-05,2.3241694109457474e-08,2.23606797749979,1,32.69556544854363,0.06839055837767723,0.5007392040493914,1.8461538461538463,2,,62,86,28,41,113,131,-7.633732218985064,1.0986122886681098,0.9822791893453335,True,4,small,0.5518172876195343
BraTS-GLI-02238-102,gmm_2d,prediction_component,45,38,13824.0,2.3379381024587062e-05,6.181848980958109e-08,1.7320508075688772,1,9.848857801796104,0.17586311452816475,0.8304795924748166,1.2,0,,62,67,149,155,120,126,-7.2088816087094125,0.0,0.9999051591398199,True,4,small,0.5518172876195343
BraTS-GLI-02238-102,gmm_2d,prediction_component,46,25,9984.0,2.5060120224403912e-05,7.102621534903521e-08,1.7320508075688772,1,8.660254037844387,0.19999999999999996,0.9548683406603533,1.0,0,,63,68,42,47,48,53,-7.14858132620955,0.0,0.99996818860877,True,4,small,0.5518172876195343
BraTS-GLI-02238-102,gmm_2d,prediction_component,47,143,35328.0,2.1535623991327883e-05,5.245263295218722e-08,2.23606797749979,1,15.165750888103101,0.14744195615489714,0.6892908700439305,1.4285714285714286,1,,66,76,156,163,117,126,-7.2802327067477135,0.6931471805599453,0.9995199702866454,True,4,small,0.5518172876195343
BraTS-GLI-02238-102,gmm_2d,prediction_component,48,38,12544.0,2.7047649416909622e-05,8.273922157753891e-08,1.7320508075688772,1,9.273618495495704,0.18677184190940707,0.8304795924748166,1.2,0,,67,73,24,29,75,80,-7.082288569326049,0.0,0.9999514379352742,True,4,small,0.5518172876195343
BraTS-GLI-02238-102,gmm_2d,prediction_component,49,25,9984.0,2.5060120224403912e-05,7.102621534903521e-08,1.7320508075688772,1,8.660254037844387,0.19999999999999996,0.9548683406603533,1.0,0,,67,72,105,110,139,144,-7.14858132620955,0.0,0.99996818860877,True,4,small,0.5518172876195343
BraTS-GLI-02238-102,gmm_2d,prediction_component,50,25,9984.0,2.5060120224403912e-05,7.102621534903521e-08,1.7320508075688772,1,8.660254037844387,0.19999999999999996,0.9548683406603533,1.0,0,,68,73,185,190,48,53,-7.14858132620955,0.0,0.99996818860877,True,4,small,0.5518172876195343
BraTS-GLI-02238-102,gmm_2d,prediction_component,51,25,9984.0,2.5060120224403912e-05,7.102621534903521e-08,1.7320508075688772,1,8.660254037844387,0.19999999999999996,0.9548683406603533,1.0,0,,69,74,155,160,126,131,-7.14858132620955,0.0,0.99996818860877,True,4,small,0.5518172876195343
BraTS-GLI-02238-102,gmm_2d,prediction_component,52,25,9984.0,2.5060120224403912e-05,7.102621534903521e-08,1.7320508075688772,1,8.660254037844387,0.19999999999999996,0.9548683406603533,1.0,0,,69,74,188,193,122,127,-7.14858132620955,0.0,0.99996818860877,True,4,small,0.5518172876195343
BraTS-GLI-02238-102,gmm_2d,prediction_component,53,62,16896.0,2.8230322416247298e-05,9.01330463784096e-08,1.7320508075688772,1,10.392304845413264,0.16666666666666666,0.7054392189315698,1.0,0,,70,76,192,198,112,118,-7.045115950103225,0.0,0.9999058303532604,True,4,small,0.5518172876195343
BraTS-GLI-02238-102,gmm_2d,prediction_component,54,89,27648.0,1.9359512878371512e-05,4.2387833949246165e-08,2.23606797749979,1,14.352700094407323,0.15579423821243896,0.8073302083758999,1.8333333333333333,1,,71,82,66,73,70,76,-7.372758775645151,0.6931471805599453,0.9996122031718434,True,4,small,0.5518172876195343
BraTS-GLI-02238-102,gmm_2d,prediction_component,55,25,9984.0,2.5060120224403912e-05,7.102621534903521e-08,1.7320508075688772,1,8.660254037844387,0.19999999999999996,0.9548683406603533,1.0,0,,73,78,64,69,97,102,-7.14858132620955,0.0,0.99996818860877,True,4,small,0.5518172876195343
BraTS-GLI-02238-102,gmm_2d,prediction_component,56,25,9984.0,2.5060120224403912e-05,7.102621534903521e-08,1.7320508075688772,1,8.660254037844387,0.19999999999999996,0.9548683406603533,1.0,0,,73,78,165,170,45,50,-7.14858132620955,0.0,0.99996818860877,True,4,small,0.5518172876195343
BraTS-GLI-02238-102,gmm_2d,prediction_component,57,25,9984.0,2.5060120224403912e-05,7.102621534903521e-08,1.7320508075688772,1,8.660254037844387,0.19999999999999996,0.9548683406603533,1.0,0,,74,79,116,121,127,132,-7.14858132620955,0.0,0.99996818860877,True,4,small,0.5518172876195343
BraTS-GLI-02238-102,gmm_2d,prediction_component,58,82,23808.0,2.2321813825157213e-05,5.635225981533684e-08,2.449489742783178,1,12.449899597988733,0.19674775073518586,0.9088674378626771,1.8,1,,75,82,153,162,37,42,-7.249088663368499,0.6931471805599453,0.9999191134198054,True,4,small,0.5518172876195343
BraTS-GLI-02238-102,gmm_2d,prediction_component,59,488,121856.0,1.1472272255514889e-05,1.488508309362374e-08,2.23606797749979,1,34.72751070837067,0.06438895077385466,0.45783388386969215,2.230769230769231,3,,75,88,156,185,129,143,-7.827248736630186,1.3862943611198906,0.9500014313251653,True,4,small,0.5518172876195343
BraTS-GLI-02238-102,gmm_2d,prediction_component,60,1747,384256.0,7.334354858891751e-06,6.08381796204475e-09,2.8284271247461903,1,54.57105459856901,0.051830171609334424,0.37856770443854787,1.2962962962962963,9,,76,103,32,67,32,64,-8.215823789238076,2.302585092994046,0.6363237329504282,True,4,small,0.5518172876195343
BraTS-GLI-02238-102,gmm_2d,prediction_component,61,25,9984.0,2.5060120224403912e-05,7.102621534903521e-08,1.7320508075688772,1,8.660254037844387,0.19999999999999996,0.9548683406603533,1.0,0,,76,81,76,81,135,140,-7.14858132620955,0.0,0.99996818860877,True,4,small,0.5518172876195343
BraTS-GLI-02238-102,gmm_2d,prediction_component,62,90,23040.0,2.5734681479234857e-05,7.490140565847857e-08,2.23606797749979,1,12.206555615733702,0.18318582636182795,0.804328953132991,1.3333333333333333,1,,76,84,140,147,140,146,-7.125510031913453,0.6931471805599453,0.9999056023502257,True,4,small,0.5518172876195343
BraTS-GLI-02238-102,gmm_2d,prediction_component,63,25,9984.0,2.5060120224403912e-05,7.102621534903521e-08,1.7320508075688772,1,8.660254037844387,0.19999999999999996,0.9548683406603533,1.0,0,,77,82,124,129,124,129,-7.14858132620955,0.0,0.99996818860877,True,4,small,0.5518172876195343
BraTS-GLI-02238-102,gmm_2d,prediction_component,64,25,9984.0,2.5060120224403912e-05,7.102621534903521e-08,1.7320508075688772,1,8.660254037844387,0.19999999999999996,0.9548683406603533,1.0,0,,78,83,64,69,99,104,-7.14858132620955,0.0,0.99996818860877,True,4,small,0.5518172876195343
BraTS-GLI-02238-102,gmm_2d,prediction_component,65,25,9984.0,2.5060120224403912e-05,7.102621534903521e-08,1.7320508075688772,1,8.660254037844387,0.19999999999999996,0.9548683406603533,1.0,0,,78,83,120,125,127,132,-7.14858132620955,0.0,0.99996818860877,True,4,small,0.5518172876195343
BraTS-GLI-02238-102,gmm_2d,prediction_component,66,128,38656.0,1.6841648567283927e-05,3.207905564957682e-08,1.7320508075688772,1,17.72004514666935,0.09774528186766118,0.5540132784474323,1.7142857142857142,0,,79,90,56,63,125,137,-7.493778425057899,0.0,0.9970384713833073,True,4,small,0.5518172876195343
BraTS-GLI-02238-102,gmm_2d,prediction_component,67,25,9984.0,2.5060120224403912e-05,7.102621534903521e-08,1.7320508075688772,1,8.660254037844387,0.19999999999999996,0.9548683406603533,1.0,0,,80,85,98,103,39,44,-7.14858132620955,0.0,0.99996818860877,True,4,small,0.5518172876195343
BraTS-GLI-02238-102,gmm_2d,prediction_component,68,217,58368.0,1.5388543459339585e-05,2.6782271248330186e-08,2.23606797749979,1,23.45207879911715,0.09534625892455922,0.5998296931169057,1.5,1,,80,95,88,103,53,63,-7.57215259577843,0.6931471805599453,0.9949722437075946,True,4,small,0.5518172876195343
BraTS-GLI-02238-102,gmm_2d,prediction_component,69,25,9984.0,2.5060120224403912e-05,7.102621534903521e-08,1.7320508075688772,1,8.660254037844387,0.19999999999999996,0.9548683406603533,1.0,0,,81,86,78,83,152,157,-7.14858132620955,0.0,0.99996818860877,True,4,small,0.5518172876195343
BraTS-GLI-02238-102,gmm_2d,prediction_component,70,25,9984.0,2.5060120224403912e-05,7.102621534903521e-08,1.7320508075688772,1,8.660254037844387,0.19999999999999996,0.9548683406603533,1.0,0,,82,87,70,75,149,154,-7.14858132620955,0.0,0.99996818860877,True,4,small,0.5518172876195343
BraTS-GLI-02238-102,gmm_2d,prediction_component,71,72,22784.0,2.093570251065932e-05,4.9570973793201915e-08,1.7320508075688772,1,12.806248474865697,0.13525044520011484,0.6711392913128504,1.3333333333333333,0,,84,90,87,95,137,145,-7.304772549546329,0.0,0.9995054253934901,True,4,small,0.5518172876195343
BraTS-GLI-02238-102,gmm_2d,prediction_component,72,56,16384.0,2.6702880859375e-05,8.064335911960217e-08,1.7320508075688772,1,11.0,0.15745916432444337,0.7297836929246639,1.1666666666666667,0,,84,90,123,129,40,47,-7.0934313904133885,0.0,0.9998765681589085,True,4,small,0.5518172876195343
BraTS-GLI-02238-102,gmm_2d,prediction_component,73,38,12544.0,2.7047649416909622e-05,8.273922157753891e-08,1.7320508075688772,1,9.273618495495704,0.18677184190940707,0.8304795924748166,1.2,0,,84,89,193,198,105,111,-7.082288569326049,0.0,0.9999514379352742,True,4,small,0.5518172876195343
BraTS-GLI-02238-102,gmm_2d,prediction_component,74,25,9984.0,2.5060120224403912e-05,7.102621534903521e-08,1.7320508075688772,1,8.660254037844387,0.19999999999999996,0.9548683406603533,1.0,0,,85,90,57,62,65,70,-7.14858132620955,0.0,0.99996818860877,True,4,small,0.5518172876195343
BraTS-GLI-02238-102,gmm_2d,prediction_component,75,25,9984.0,2.5060120224403912e-05,7.102621534903521e-08,1.7320508075688772,1,8.660254037844387,0.19999999999999996,0.9548683406603533,1.0,0,,85,90,90,95,107,112,-7.14858132620955,0.0,0.99996818860877,True,4,small,0.5518172876195343
BraTS-GLI-02238-102,gmm_2d,prediction_component,76,73,20992.0,2.4001707208293032e-05,6.515333346850544e-08,1.7320508075688772,1,11.74734012447073,0.14744195615489714,0.6680606274231857,1.6,0,,86,93,41,46,94,102,-7.186063359384366,0.0,0.9997429925986543,True,4,small,0.5518172876195343
BraTS-GLI-02238-102,gmm_2d,prediction_component,77,25,9984.0,2.5060120224403912e-05,7.102621534903521e-08,1.7320508075688772,1,8.660254037844387,0.19999999999999996,0.9548683406603533,1.0,0,,86,91,62,67,145,150,-7.14858132620955,0.0,0.99996818860877,True,4,small,0.5518172876195343
BraTS-GLI-02238-102,gmm_2d,prediction_component,78,38,12544.0,2.7047649416909622e-05,8.273922157753891e-08,1.7320508075688772,1,9.273618495495704,0.18677184190940707,0.8304795924748166,1.2,0,,86,92,119,124,28,33,-7.082288569326049,0.0,0.9999514379352742,True,4,small,0.5518172876195343
BraTS-GLI-02238-102,gmm_2d,prediction_component,79,163,45056.0,1.7043494889060097e-05,3.2852595232197826e-08,1.7320508075688772,1,20.71231517720798,0.08362420100070907,0.5111255948456747,1.75,0,,88,101,86,94,34,48,-7.483430317108661,0.0,0.9957035512123446,True,4,small,0.5518172876195343
BraTS-GLI-02238-102,gmm_2d,prediction_component,80,25,9984.0,2.5060120224403912e-05,7.102621534903521e-08,1.7320508075688772,1,8.660254037844387,0.19999999999999996,0.9548683406603533,1.0,0,,88,93,101,106,56,61,-7.14858132620955,0.0,0.99996818860877,True,4,small,0.5518172876195343
BraTS-GLI-02238-102,gmm_2d,prediction_component,81,179,48640.0,1.6686401209099003e-05,3.149036805413297e-08,1.7320508075688772,1,19.8997487421324,0.08703882797784891,0.4954188042948402,1.4,0,,88,102,139,149,135,145,-7.501822263372828,0.0,0.9954649903745938,True,4,small,0.5518172876195343
BraTS-GLI-02238-102,gmm_2d,prediction_component,82,25,9984.0,2.5060120224403912e-05,7.102621534903521e-08,1.7320508075688772,1,8.660254037844387,0.19999999999999996,0.9548683406603533,1.0,0,,88,93,194,199,74,79,-7.14858132620955,0.0,0.99996818860877,True,4,small,0.5518172876195343
BraTS-GLI-02238-102,gmm_2d,prediction_component,83,25,9984.0,2.5060120224403912e-05,7.102621534903521e-08,1.7320508075688772,1,8.660254037844387,0.19999999999999996,0.9548683406603533,1.0,0,,89,94,36,41,124,129,-7.14858132620955,0.0,0.99996818860877,True,4,small,0.5518172876195343
BraTS-GLI-02238-102,gmm_2d,prediction_component,84,63,22528.0,1.8631876346107425e-05,3.926137994703396e-08,1.7320508075688772,1,13.114877048604,0.13206763594884358,0.7016868116919668,1.6666666666666667,0,,89,99,38,44,78,84,-7.4060344400174705,0.0,0.9993132172285543,True,4,small,0.5518172876195343
BraTS-GLI-02238-102,gmm_2d,prediction_component,85,25,9984.0,2.5060120224403912e-05,7.102621534903521e-08,1.7320508075688772,1,8.660254037844387,0.19999999999999996,0.9548683406603533,1.0,0,,89,94,129,134,102,107,-7.14858132620955,0.0,0.99996818860877,True,4,small,0.5518172876195343
BraTS-GLI-02238-102,gmm_2d,prediction_component,86,56,16384.0,2.6702880859375e-05,8.064335911960217e-08,1.7320508075688772,1,11.0,0.15745916432444337,0.7297836929246639,1.1666666666666667,0,,89,95,166,173,44,50,-7.0934313904133885,0.0,0.9998765681589085,True,4,small,0.5518172876195343
BraTS-GLI-02238-102,gmm_2d,prediction_component,87,83,24576.0,2.154325364971201e-05,5.2489805458705534e-08,1.7320508075688772,1,13.30413469565007,0.13018891098082386,0.6400749038798939,1.1428571428571428,0,,90,98,84,91,138,146,-7.279925036840685,0.0,0.9994485807888922,True,4,small,0.5518172876195343
BraTS-GLI-02238-102,gmm_2d,prediction_component,88,38,12544.0,2.7047649416909622e-05,8.273922157753891e-08,1.7320508075688772,1,9.273618495495704,0.18677184190940707,0.8304795924748166,1.2,0,,90,95,115,120,31,37,-7.082288569326049,0.0,0.9999514379352742,True,4,small,0.5518172876195343
BraTS-GLI-02238-102,gmm_2d,prediction_component,89,25,9984.0,2.5060120224403912e-05,7.102621534903521e-08,1.7320508075688772,1,8.660254037844387,0.19999999999999996,0.9548683406603533,1.0,0,,90,95,123,128,46,51,-7.14858132620955,0.0,0.99996818860877,True,4,small,0.5518172876195343
BraTS-GLI-02238-102,gmm_2d,prediction_component,90,50,19968.0,1.772018094802615e-05,3.551310767451761e-08,1.7320508075688772,1,12.206555615733702,0.14189513095212064,0.757879504227687,1.3333333333333333,0,,90,96,168,176,127,134,-7.449611321873531,0.0,0.9994458341961988,True,4,small,0.5518172876195343
BraTS-GLI-02238-102,gmm_2d,prediction_component,91,38,12544.0,2.7047649416909622e-05,8.273922157753891e-08,1.7320508075688772,1,9.273618495495704,0.18677184190940707,0.8304795924748166,1.2,0,,90,95,179,184,67,73,-7.082288569326049,0.0,0.9999514379352742,True,4,small,0.5518172876195343
BraTS-GLI-02238-102,gmm_2d,prediction_component,92,25,9984.0,2.5060120224403912e-05,7.102621534903521e-08,1.7320508075688772,1,8.660254037844387,0.19999999999999996,0.9548683406603533,1.0,0,,90,95,183,188,55,60,-7.14858132620955,0.0,0.99996818860877,True,4,small,0.5518172876195343
BraTS-GLI-02238-102,gmm_2d,prediction_component,93,327,79872.0,1.4486247925011379e-05,2.373363181580308e-08,2.23606797749979,1,28.948229652260256,0.07724368655218262,0.523197051352957,1.2,2,,91,106,179,197,58,75,-7.624635799208884,1.0986122886681098,0.9864988463563322,True,4,small,0.5518172876195343
BraTS-GLI-02238-102,gmm_2d,prediction_component,94,70,21504.0,2.2198271711831908e-05,5.573021254351084e-08,1.7320508075688772,1,12.806248474865697,0.13525044520011484,0.6774711680063634,1.3333333333333333,0,,92,100,100,108,149,155,-7.253909300631259,0.0,0.9995976938745016,True,4,small,0.5518172876195343
BraTS-GLI-02238-102,gmm_2d,prediction_component,95,137,35840.0,2.0191499180002577e-05,4.610940359050969e-08,2.23606797749979,1,16.34013463836819,0.13684513787599334,0.6992100837129156,1.8571428571428572,2,,92,99,110,123,72,79,-7.3362104951960285,1.0986122886681098,0.9991439980676226,True,4,small,0.5518172876195343
BraTS-GLI-02238-102,gmm_2d,prediction_component,96,25,9984.0,2.5060120224403912e-05,7.102621534903521e-08,1.7320508075688772,1,8.660254037844387,0.19999999999999996,0.9548683406603533,1.0,0,,92,97,193,198,80,85,-7.14858132620955,0.0,0.99996818860877,True,4,small,0.5518172876195343
BraTS-GLI-02238-102,gmm_2d,prediction_component,97,25,9984.0,2.5060120224403912e-05,7.102621534903521e-08,1.7320508075688772,1,8.660254037844387,0.19999999999999996,0.9548683406603533,1.0,0,,94,99,111,116,26,31,-7.14858132620955,0.0,0.99996818860877,True,4,small,0.5518172876195343
BraTS-GLI-02238-102,gmm_2d,prediction_component,98,50,19968.0,1.772018094802615e-05,3.551310767451761e-08,1.7320508075688772,1,12.36931687685298,0.14002800840280097,0.757879504227687,1.6,0,,94,99,113,121,39,47,-7.449611321873531,0.0,0.9994258010014389,True,4,small,0.5518172876195343
BraTS-GLI-02238-102,gmm_2d,prediction_component,99,107,29184.0,2.146182022667413e-05,5.209373289254514e-08,1.7320508075688772,1,15.033296378372908,0.11521430589638527,0.5881149750574316,1.125,0,,96,105,115,124,28,36,-7.283214521113126,0.0,0.9991184234660127,True,4,small,0.5518172876195343
BraTS-GLI-02238-102,gmm_2d,prediction_component,100,84,27392.0,1.8528645471268014e-05,3.8827525767960985e-08,1.7320508075688772,1,14.7648230602334,0.11730928305086626,0.6375247776221004,2.4,0,,96,108,145,150,36,43,-7.410860283405993,0.0,0.9988550431608947,True,4,small,0.5518172876195343
BraTS-GLI-02238-102,gmm_2d,prediction_component,101,165,39168.0,2.1285646728512934e-05,5.1242000162131685e-08,2.23606797749979,1,17.11724276862369,0.13063248606829103,0.6571833580465778,1.7142857142857142,2,,96,108,145,155,134,141,-7.290373926499112,1.0986122886681098,0.9990628964599436,True,4,small,0.5518172876195343
BraTS-GLI-02238-102,gmm_2d,prediction_component,102,640,145920.0,1.1481740907118847e-05,1.490966407042466e-08,2.23606797749979,1,32.71085446759225,0.06835859270246633,0.418267910956052,1.4666666666666666,2,,96,115,158,180,47,62,-7.826532141523828,1.0986122886681098,0.9542306412338053,True,4,small,0.5518172876195343
BraTS-GLI-02238-102,gmm_2d,prediction_component,103,74,20736.0,2.4782450274348424e-05,6.946097264743325e-08,1.7320508075688772,1,11.74734012447073,0.14744195615489714,0.6650376873001744,1.6,0,,97,105,102,109,26,31,-7.158259139648124,0.0,0.9997654335932603,True,4,small,0.5518172876195343
BraTS-GLI-02238-102,gmm_2d,prediction_component,104,307,79616.0,1.3665887586743636e-05,2.1121660680449406e-08,2.449489742783178,1,28.600699292150182,0.08564440043098774,0.5853186601708463,1.9090909090909092,2,,98,119,67,78,137,153,-7.675271938600267,1.0986122886681098,0.9887142147020013,True,4,small,0.5518172876195343
BraTS-GLI-02238-102,gmm_2d,prediction_component,105,44,13824.0,2.7070862238995545e-05,8.288129935688987e-08,1.7320508075688772,1,10.392304845413264,0.16666666666666666,0.7908715233027805,1.0,0,,98,104,86,92,142,148,-7.081543448970658,0.0,0.9999190159742366,True,4,small,0.5518172876195343
BraTS-GLI-02238-102,gmm_2d,prediction_component,106,38,12544.0,2.7047649416909622e-05,8.273922157753891e-08,1.7320508075688772,1,9.273618495495704,0.18677184190940707,0.8304795924748166,1.2,0,,99,104,75,81,28,33,-7.082288569326049,0.0,0.9999514379352742,True,4,small,0.5518172876195343
BraTS-GLI-02238-102,gmm_2d,prediction_component,107,25,9984.0,2.5060120224403912e-05,7.102621534903521e-08,1.7320508075688772,1,8.660254037844387,0.19999999999999996,0.9548683406603533,1.0,0,,99,104,80,85,147,152,-7.14858132620955,0.0,0.99996818860877,True,4,small,0.5518172876195343
BraTS-GLI-02238-102,gmm_2d,prediction_component,108,56,17152.0,2.4929632418788963e-05,7.02884754210092e-08,1.7320508075688772,1,11.0,0.15745916432444337,0.7297836929246639,1.1666666666666667,0,,100,107,38,44,54,60,-7.153115876564206,0.0,0.9998465483345436,True,4,small,0.5518172876195343
BraTS-GLI-02238-102,gmm_2d,prediction_component,109,25,9984.0,2.5060120224403912e-05,7.102621534903521e-08,1.7320508075688772,1,8.660254037844387,0.19999999999999996,0.9548683406603533,1.0,0,,100,105,49,54,54,59,-7.14858132620955,0.0,0.99996818860877,True,4,small,0.5518172876195343
BraTS-GLI-02238-102,gmm_2d,prediction_component,110,71,26880.0,1.611070153909641e-05,2.935494545573493e-08,1.7320508075688772,1,15.556349186104045,0.11134044285378082,0.6742755017744779,1.7142857142857142,0,,100,112,76,83,97,104,-7.532318722245791,0.0,0.9982328834567501,True,4,small,0.5518172876195343
BraTS-GLI-02238-102,gmm_2d,prediction_component,111,44,13824.0,2.7070862238995545e-05,8.288129935688987e-08,1.7320508075688772,1,10.392304845413264,0.16666666666666666,0.7908715233027805,1.0,0,,100,106,126,132,123,129,-7.081543448970658,0.0,0.9999190159742366,True,4,small,0.5518172876195343
BraTS-GLI-02238-102,gmm_2d,prediction_component,112,50,19968.0,1.772018094802615e-05,3.551310767451761e-08,1.7320508075688772,1,12.36931687685298,0.14002800840280097,0.757879504227687,1.5,0,,101,110,104,110,147,153,-7.449611321873531,0.0,0.9994258010014389,True,4,small,0.5518172876195343
BraTS-GLI-02238-102,gmm_2d,prediction_component,113,59,17408.0,2.568790548372811e-05,7.462936780844428e-08,1.7320508075688772,1,11.0,0.15745916432444337,0.71719869927557,1.1666666666666667,0,,101,108,185,191,76,82,-7.127090237308548,0.0,0.9998544890284674,True,4,small,0.5518172876195343
BraTS-GLI-02238-102,gmm_2d,prediction_component,114,25,9984.0,2.5060120224403912e-05,7.102621534903521e-08,1.7320508075688772,1,8.660254037844387,0.19999999999999996,0.9548683406603533,1.0,0,,102,107,100,105,47,52,-7.14858132620955,0.0,0.99996818860877,True,4,small,0.5518172876195343
BraTS-GLI-02238-102,gmm_2d,prediction_component,115,25,9984.0,2.5060120224403912e-05,7.102621534903521e-08,1.7320508075688772,1,8.660254037844387,0.19999999999999996,0.9548683406603533,1.0,0,,102,107,103,108,36,41,-7.14858132620955,0.0,0.99996818860877,True,4,small,0.5518172876195343
BraTS-GLI-02238-102,gmm_2d,prediction_component,116,65,19456.0,2.3951516726181054e-05,6.488113131842397e-08,1.7320508075688772,1,12.206555615733702,0.14189513095212064,0.6944149224264771,1.3333333333333333,0,,103,110,137,145,97,103,-7.18788158603079,0.0,0.9997365774051689,True,4,small,0.5518172876195343
BraTS-GLI-02238-102,gmm_2d,prediction_component,117,25,9984.0,2.5060120224403912e-05,7.102621534903521e-08,1.7320508075688772,1,8.660254037844387,0.19999999999999996,0.9548683406603533,1.0,0,,104,109,36,41,68,73,-7.14858132620955,0.0,0.99996818860877,True,4,small,0.5518172876195343
BraTS-GLI-02238-102,gmm_2d,prediction_component,118,25,9984.0,2.5060120224403912e-05,7.102621534903521e-08,1.7320508075688772,1,8.660254037844387,0.19999999999999996,0.9548683406603533,1.0,0,,104,109,64,69,125,130,-7.14858132620955,0.0,0.99996818860877,True,4,small,0.5518172876195343
BraTS-GLI-02238-102,gmm_2d,prediction_component,119,38,12544.0,2.7047649416909622e-05,8.273922157753891e-08,1.7320508075688772,1,9.273618495495704,0.18677184190940707,0.8304795924748166,1.2,0,,104,109,117,123,139,144,-7.082288569326049,0.0,0.9999514379352742,True,4,small,0.5518172876195343
BraTS-GLI-02238-102,gmm_2d,prediction_component,120,25,9984.0,2.5060120224403912e-05,7.102621534903521e-08,1.7320508075688772,1,8.660254037844387,0.19999999999999996,0.9548683406603533,1.0,0,,104,109,131,136,133,138,-7.14858132620955,0.0,0.99996818860877,True,4,small,0.5518172876195343
BraTS-GLI-02238-102,gmm_2d,prediction_component,121,38,12544.0,2.7047649416909622e-05,8.273922157753891e-08,1.7320508075688772,1,9.273618495495704,0.18677184190940707,0.8304795924748166,1.2,0,,104,109,134,140,137,142,-7.082288569326049,0.0,0.9999514379352742,True,4,small,0.5518172876195343
BraTS-GLI-02238-102,gmm_2d,prediction_component,122,62,16896.0,2.8230322416247298e-05,9.01330463784096e-08,1.7320508075688772,1,11.0,0.15745916432444337,0.7054392189315698,1.1666666666666667,0,,105,111,46,52,57,64,-7.045115950103225,0.0,0.9998877978018152,True,4,small,0.5518172876195343
BraTS-GLI-02238-102,gmm_2d,prediction_component,123,84,22272.0,2.527204924523358e-05,7.22326073675598e-08,2.23606797749979,1,11.661903789690601,0.1917412472118426,0.8230409488416606,1.3333333333333333,1,,105,113,70,76,131,137,-7.14126670820622,0.6931471805599453,0.9999201580373692,True,4,small,0.5518172876195343
BraTS-GLI-02238-102,gmm_2d,prediction_component,124,206,54016.0,1.640905570909915e-05,3.045226163009795e-08,1.7320508075688772,1,24.0,0.07216878364870322,0.4727531417248479,2.0,0,,105,121,140,148,124,140,-7.516380447628899,0.0,0.9931729531236192,True,4,small,0.5518172876195343
BraTS-GLI-02238-102,gmm_2d,prediction_component,125,100,28160.0,2.1161722950230652e-05,5.064708121159333e-08,1.7320508075688772,1,13.92838827718412,0.12435400084345173,0.6015293611380839,1.2857142857142858,0,,105,112,165,173,114,123,-7.2954455779488026,0.0,0.9992590111461607,True,4,small,0.5518172876195343
BraTS-GLI-02238-102,gmm_2d,prediction_component,126,50,15360.0,2.6265349298824172e-05,7.802229756091518e-08,1.7320508075688772,1,10.392304845413264,0.16666666666666666,0.757879504227687,1.0,0,,106,112,102,108,78,84,-7.1077812649530205,0.0,0.999900563037611,True,4,small,0.5518172876195343
BraTS-GLI-02238-102,gmm_2d,prediction_component,127,248,76288.0,1.176975267228677e-05,1.566704341669551e-08,1.7320508075688772,1,33.301651610693426,0.05201095812955721,0.44439886067664136,3.4285714285714284,0,,107,131,105,112,28,50,-7.80501295305046,0.0,0.9692105080317776,True,4,small,0.5518172876195343
BraTS-GLI-02238-102,gmm_2d,prediction_component,128,25,9984.0,2.5060120224403912e-05,7.102621534903521e-08,1.7320508075688772,1,8.660254037844387,0.19999999999999996,0.9548683406603533,1.0,0,,107,112,108,113,130,135,-7.14858132620955,0.0,0.99996818860877,True,4,small,0.5518172876195343
BraTS-GLI-02238-102,gmm_2d,prediction_component,129,151,49152.0,1.3856870436292249e-05,2.1716142659746425e-08,1.7320508075688772,1,21.42428528562855,0.08084520834544433,0.5243217191752737,2.4285714285714284,0,,107,118,170,177,57,74,-7.663217313998437,0.0,0.9916800797548672,True,4,small,0.5518172876195343
BraTS-GLI-02238-102,gmm_2d,prediction_component,130,69,23808.0,1.8782989682144485e-05,3.9900819301133063e-08,1.7320508075688772,1,13.92838827718412,0.12435400084345173,0.6807282909996718,1.2857142857142858,0,,109,118,51,59,129,136,-7.399018186661422,0.0,0.9991689568598545,True,4,small,0.5518172876195343
BraTS-GLI-02238-102,gmm_2d,prediction_component,131,47,14592.0,2.6664020003279646e-05,8.040880842667987e-08,1.7320508075688772,1,9.848857801796104,0.17586311452816475,0.7736731845058752,1.2,0,,109,114,61,67,125,131,-7.094696373620167,0.0,0.999924483815645,True,4,small,0.5518172876195343
BraTS-GLI-02238-102,gmm_2d,prediction_component,132,25,9984.0,2.5060120224403912e-05,7.102621534903521e-08,1.7320508075688772,1,8.660254037844387,0.19999999999999996,0.9548683406603533,1.0,0,,109,114,93,98,147,152,-7.14858132620955,0.0,0.99996818860877,True,4,small,0.5518172876195343
BraTS-GLI-02238-102,gmm_2d,prediction_component,133,93,25856.0,2.2368710040592366e-05,5.658929106990705e-08,1.7320508075688772,1,13.45362404707371,0.12874232262686236,0.6162579207174524,1.5,0,,112,121,82,90,53,59,-7.247265746714185,0.0,0.999455430989687,True,4,small,0.5518172876195343
BraTS-GLI-02238-102,gmm_2d,prediction_component,134,355,76544.0,1.676338126175919e-05,3.178158984962977e-08,2.449489742783178,1,28.30194339616981,0.08654846448158308,0.5576508612525418,2.0,2,,112,134,102,113,125,139,-7.497824381337228,1.0986122886681098,0.9936029119301998,True,4,small,0.5518172876195343
BraTS-GLI-02238-102,gmm_2d,prediction_component,135,25,9984.0,2.5060120224403912e-05,7.102621534903521e-08,1.7320508075688772,1,8.660254037844387,0.19999999999999996,0.9548683406603533,1.0,0,,112,117,154,159,122,127,-7.14858132620955,0.0,0.99996818860877,True,4,small,0.5518172876195343
BraTS-GLI-02238-102,gmm_2d,prediction_component,136,51,16384.0,2.4318695068359375e-05,6.688564319836902e-08,1.7320508075688772,1,10.488088481701515,0.1651445647689541,0.7528933105024771,1.4,0,,113,120,103,108,79,85,-7.1746670922299165,0.0,0.9998671774422693,True,4,small,0.5518172876195343
BraTS-GLI-02238-102,gmm_2d,prediction_component,137,64,18944.0,2.4545531829353735e-05,6.813923701938073e-08,1.7320508075688772,1,11.180339887498949,0.15491933384829665,0.6980129914371896,1.6,0,,114,122,86,91,126,132,-7.166602733699282,0.0,0.9998120070877953,True,4,small,0.5518172876195343
BraTS-GLI-02238-102,gmm_2d,prediction_component,138,300,92160.0,1.0722783949681191e-05,1.3003716260152529e-08,1.7320508075688772,1,30.199337741083,0.057353933467640436,0.41707716439802506,1.25,0,,114,130,85,105,34,50,-7.885932515336664,0.0,0.9594977737616407,True,4,small,0.5518172876195343
BraTS-GLI-02238-102,gmm_2d,prediction_component,139,25,9984.0,2.5060120224403912e-05,7.102621534903521e-08,1.7320508075688772,1,8.660254037844387,0.19999999999999996,0.9548683406603533,1.0,0,,114,119,106,111,96,101,-7.14858132620955,0.0,0.99996818860877,True,4,small,0.5518172876195343
BraTS-GLI-02238-102,gmm_2d,prediction_component,140,46,16896.0,2.0945077921731866e-05,4.961538140913494e-08,1.7320508075688772,1,11.0,0.15745916432444337,0.7792393700163133,1.1666666666666667,0,,115,121,128,135,132,138,-7.3043836657365855,0.0,0.9997739231074919,True,4,small,0.5518172876195343
BraTS-GLI-02238-102,gmm_2d,prediction_component,141,44,13824.0,2.7070862238995545e-05,8.288129935688987e-08,1.7320508075688772,1,10.392304845413264,0.16666666666666666,0.7908715233027805,1.0,0,,116,122,79,85,33,39,-7.081543448970658,0.0,0.9999190159742366,True,4,small,0.5518172876195343
BraTS-GLI-02238-102,gmm_2d,prediction_component,142,144,32512.0,2.4563879751307284e-05,6.824114401265732e-08,2.23606797749979,1,15.652475842498529,0.14285714285714285,0.6876915815365316,1.25,1,,116,125,134,144,120,128,-7.165953701151499,0.6931471805599453,0.9996528841726027,True,4,small,0.5518172876195343
BraTS-GLI-02238-102,gmm_2d,prediction_component,143,25,9984.0,2.5060120224403912e-05,7.102621534903521e-08,1.7320508075688772,1,8.660254037844387,0.19999999999999996,0.9548683406603533,1.0,0,,117,122,123,128,133,138,-7.14858132620955,0.0,0.99996818860877,True,4,small,0.5518172876195343
BraTS-GLI-02238-102,gmm_2d,prediction_component,144,25,9984.0,2.5060120224403912e-05,7.102621534903521e-08,1.7320508075688772,1,8.660254037844387,0.19999999999999996,0.9548683406603533,1.0,0,,118,123,92,97,140,145,-7.14858132620955,0.0,0.99996818860877,True,4,small,0.5518172876195343
BraTS-GLI-02238-102,gmm_2d,prediction_component,145,250,71168.0,1.316778924306015e-05,1.9610023184084468e-08,2.23606797749979,1,27.440845468024488,0.08148684704723742,0.5721824536012475,2.2,1,,119,132,144,154,101,123,-7.707521892884281,0.6931471805599453,0.9883224918794331,True,4,small,0.5518172876195343
BraTS-GLI-02238-102,gmm_2d,prediction_component,146,65,18176.0,2.6525640880350624e-05,7.957637373994227e-08,2.23606797749979,1,11.0,0.20327890704543544,0.896485809971887,1.1666666666666667,1,,120,126,145,151,96,103,-7.099215855345642,0.6931471805599453,0.9999569144301188,True,4,small,0.5518172876195343
BraTS-GLI-02238-102,gmm_2d,prediction_component,147,25,9984.0,2.5060120224403912e-05,7.102621534903521e-08,1.7320508075688772,1,8.660254037844387,0.19999999999999996,0.9548683406603533,1.0,0,,120,125,151,156,101,106,-7.14858132620955,0.0,0.99996818860877,True,4,small,0.5518172876195343
BraTS-GLI-02238-102,gmm_2d,prediction_component,148,434,94976.0,1.4827533609583317e-05,2.4865099858663047e-08,2.8284271247461903,1,28.6705423736629,0.09865272473339803,0.6022053647274217,1.9,2,,121,140,80,90,50,69,-7.604409792294244,1.0986122886681098,0.9935358787272066,True,4,small,0.5518172876195343
BraTS-GLI-02238-102,gmm_2d,prediction_component,149,46,16896.0,2.0945077921731866e-05,4.961538140913494e-08,1.7320508075688772,1,11.0,0.15745916432444337,0.7792393700163133,1.1666666666666667,0,,121,127,113,120,129,135,-7.3043836657365855,0.0,0.9997739231074919,True,4,small,0.5518172876195343
BraTS-GLI-02238-102,gmm_2d,prediction_component,150,25,9984.0,2.5060120224403912e-05,7.102621534903521e-08,1.7320508075688772,1,8.660254037844387,0.19999999999999996,0.9548683406603533,1.0,0,,121,126,134,139,79,84,-7.14858132620955,0.0,0.99996818860877,True,4,small,0.5518172876195343
BraTS-GLI-02238-102,gmm_2d,prediction_component,151,400,100352.0,1.2582615998587606e-05,1.7905821844169606e-08,2.449489742783178,1,36.4828726939094,0.06714081326145421,0.5359017367616962,1.2105263157894737,2,,123,142,65,86,102,125,-7.747005740879574,1.0986122886681098,0.9757530905723131,True,4,small,0.5518172876195343
BraTS-GLI-02238-102,gmm_2d,prediction_component,152,110,33024.0,1.8329396744757338e-05,3.79969482128446e-08,1.7320508075688772,1,15.84297951775486,0.10932607756185055,0.5827191206450295,1.5714285714285714,0,,123,132,81,88,126,137,-7.420251283055425,0.0,0.9983462184585408,True,4,small,0.5518172876195343
BraTS-GLI-02238-102,gmm_2d,prediction_component,153,50,15360.0,2.6265349298824172e-05,7.802229756091518e-08,1.7320508075688772,1,10.392304845413264,0.16666666666666666,0.757879504227687,1.0,0,,123,129,120,126,124,130,-7.1077812649530205,0.0,0.999900563037611,True,4,small,0.5518172876195343
BraTS-GLI-02238-102,gmm_2d,prediction_component,154,381,82944.0,1.594951613940329e-05,2.877049925377231e-08,2.449489742783178,1,25.709920264364882,0.09527410888855545,0.5446658793892342,2.0,3,,124,140,98,107,110,128,-7.5410526017427255,1.3862943611198906,0.9923445500970732,True,4,small,0.5518172876195343
BraTS-GLI-02238-102,gmm_2d,prediction_component,155,44,13824.0,2.7070862238995545e-05,8.288129935688987e-08,1.7320508075688772,1,10.392304845413264,0.16666666666666666,0.7908715233027805,1.0,0,,124,130,142,148,65,71,-7.081543448970658,0.0,0.9999190159742366,True,4,small,0.5518172876195343
BraTS-GLI-02238-102,gmm_2d,prediction_component,156,25,9984.0,2.5060120224403912e-05,7.102621534903521e-08,1.7320508075688772,1,8.660254037844387,0.19999999999999996,0.9548683406603533,1.0,0,,125,130,111,116,100,105,-7.14858132620955,0.0,0.99996818860877,True,4,small,0.5518172876195343
BraTS-GLI-02238-102,gmm_2d,prediction_component,157,25,9984.0,2.5060120224403912e-05,7.102621534903521e-08,1.7320508075688772,1,8.660254037844387,0.19999999999999996,0.9548683406603533,1.0,0,,130,135,97,102,60,65,-7.14858132620955,0.0,0.99996818860877,True,4,small,0.5518172876195343
BraTS-GLI-02238-102,gmm_2d,prediction_component,158,167,46336.0,1.6743207552345474e-05,3.170514145842758e-08,2.23606797749979,1,18.466185312619388,0.1210898699241207,0.6545493283455707,1.75,1,,130,139,103,111,50,64,-7.498870304786514,0.6931471805599453,0.9980279808466354,True,4,small,0.5518172876195343
BraTS-GLI-02238-102,gmm_2d,prediction_component,159,25,9984.0,2.5060120224403912e-05,7.102621534903521e-08,1.7320508075688772,1,8.660254037844387,0.19999999999999996,0.9548683406603533,1.0,0,,130,135,113,118,120,125,-7.14858132620955,0.0,0.99996818860877,True,4,small,0.5518172876195343
BraTS-GLI-02238-102,gmm_2d,prediction_component,160,38,13824.0,2.3379381024587062e-05,6.181848980958109e-08,1.7320508075688772,1,9.848857801796104,0.17586311452816475,0.8304795924748166,1.2,0,,133,138,80,86,70,76,-7.2088816087094125,0.0,0.9999051591398199,True,4,small,0.5518172876195343
BraTS-GLI-02238-102,gmm_2d,prediction_component,161,50,19968.0,1.772018094802615e-05,3.551310767451761e-08,1.7320508075688772,1,12.449899597988733,0.13912166872805048,0.757879504227687,1.8,0,,133,140,119,128,65,70,-7.449611321873531,0.0,0.9994158171308427,True,4,small,0.5518172876195343
BraTS-GLI-02238-102,gmm_2d,prediction_component,162,25,9984.0,2.5060120224403912e-05,7.102621534903521e-08,1.7320508075688772,1,8.660254037844387,0.19999999999999996,0.9548683406603533,1.0,0,,139,144,85,90,82,87,-7.14858132620955,0.0,0.99996818860877,True,4,small,0.5518172876195343
BraTS-GLI-02238-102,gmm_2d,prediction_component,163,51,15104.0,2.7474652658327337e-05,8.537226323330647e-08,2.23606797749979,1,9.9498743710662,0.22473328748774737,0.9719810843490212,1.4,1,,139,144,88,95,72,77,-7.068683205204687,0.6931471805599453,0.9999800585211988,True,4,small,0.5518172876195343
BraTS-GLI-02238-102,variational_spline,prediction_component,1,10636,2216704.0,3.222676938169303e-06,1.1745889636152215e-09,3.4641016151377544,2,203.98529358755252,0.01698211451528454,0.25391832813125315,1.2135922330097086,29,,39,142,28,153,24,148,-8.9301140840852,3.4011973816621555,0.024572238451080298,False,4,small,0.5518172876195343
