case_id,method,source,component_label,volume_vox,surface_area_proxy,compactness_v_over_s15,isoperimetric_quotient,inscribed_radius_vox,inscribed_radius_grid_step,bbox_diag_vox,radius_over_bbox_diag,radius_over_equiv_sphere,elongation_max_over_min,eroded_subcomponents,overlap_gt_vox,z0,z1,y0,y1,x0,x1,log10_isoperimetric,log1p_eroded_subcomponents,shape_score_prob_true_et,accepted_shape,fold,vol_bin,shape_threshold
BraTS-GLI-02866-101,otsu_T1c,prediction_component,1,12156,2008832.0,4.2694827628886726e-06,2.0615928651202e-09,4.0,2,180.85076720876802,0.02211768333491522,0.28043096339233037,1.101010101010101,15,,48,153,27,126,30,139,-8.685797097486008,2.772588722239781,0.10124124747814324,False,1,absent,0.5255652568220824
BraTS-GLI-02866-101,gmm_T1c,prediction_component,1,13851,2233600.0,4.149282724414842e-06,1.9471456070915783e-09,4.0,2,186.78597377747613,0.021414884207340553,0.2684906407530179,1.1313131313131313,14,,41,153,27,126,27,139,-8.710601570826173,2.70805020110221,0.09085296618828032,False,1,absent,0.5255652568220824
BraTS-GLI-02866-101,sustraccion,prediction_component,1,61,22784.0,1.773719240486415e-05,3.558132590364667e-08,1.4142135623730951,1,13.076696830622021,0.10814761408717503,0.5791191452117007,2.2,0,,20,31,79,84,90,95,-7.448777872387332,0.0,0.9967140785776536,True,1,absent,0.5255652568220824
BraTS-GLI-02866-101,sustraccion,prediction_component,2,94,26112.0,2.2277561331908558e-05,5.612904711974325e-08,1.4142135623730951,1,14.352700094407323,0.09853292781642932,0.5013818206761619,1.8333333333333333,0,,24,35,62,69,85,91,-7.250812330560483,0.0,0.997563093077518,True,1,absent,0.5255652568220824
BraTS-GLI-02866-101,sustraccion,prediction_component,3,22,9984.0,2.2052905797475442e-05,5.500270116629287e-08,1.4142135623730951,1,8.12403840463596,0.17407765595569785,0.8135863258112027,1.25,0,,25,30,62,67,97,101,-7.259615981909213,0.0,0.9997645918184742,True,1,absent,0.5255652568220824
BraTS-GLI-02866-101,sustraccion,prediction_component,4,57,21248.0,1.840338743473606e-05,3.830433365675631e-08,1.4142135623730951,1,14.45683229480096,0.0978231976089037,0.5923607155209719,3.0,0,,25,37,84,91,101,105,-7.4167520882573665,0.0,0.9965995708593346,True,1,absent,0.5255652568220824
BraTS-GLI-02866-101,sustraccion,prediction_component,5,809,183296.0,1.0309059356797137e-05,1.2019612144191161e-08,2.23606797749979,1,37.52332607858744,0.05959141182784952,0.3868402881048663,1.5,1,,30,46,62,86,42,66,-7.920109546173149,0.6931471805599453,0.907555297619682,True,1,absent,0.5255652568220824
BraTS-GLI-02866-101,sustraccion,prediction_component,6,387,105984.0,1.1216322949679745e-05,1.4228312141707784e-08,1.7320508075688772,1,31.89043743820395,0.05431254465935684,0.38313618934798765,1.25,0,,30,46,70,89,122,142,-7.846846615799001,0.0,0.9346571479771216,True,1,absent,0.5255652568220824
BraTS-GLI-02866-101,sustraccion,prediction_component,7,12,6144.0,2.4917498197257264e-05,7.022006780482366e-08,1.4142135623730951,1,6.4031242374328485,0.2208630521496931,0.9957510787676723,1.3333333333333333,0,,32,36,80,83,100,104,-7.153538755513696,0.0,0.9999618273771178,True,1,absent,0.5255652568220824
BraTS-GLI-02866-101,sustraccion,prediction_component,8,483,101888.0,1.4851235151437871e-05,2.494465620918335e-08,2.23606797749979,1,27.53179979587241,0.0812176462882395,0.4594082906340258,1.9090909090909092,2,,33,54,77,88,85,99,-7.603022477192167,1.0986122886681098,0.9808222959999272,True,1,absent,0.5255652568220824
BraTS-GLI-02866-101,sustraccion,prediction_component,9,12,6144.0,2.4917498197257264e-05,7.022006780482366e-08,1.4142135623730951,1,6.4031242374328485,0.2208630521496931,0.9957510787676723,1.3333333333333333,0,,34,37,60,64,130,134,-7.153538755513696,0.0,0.9999618273771178,True,1,absent,0.5255652568220824
BraTS-GLI-02866-101,sustraccion,prediction_component,10,101,33280.0,1.6635903686525306e-05,3.130005986390196e-08,1.7320508075688772,1,16.24807680927192,0.10660035817780521,0.5995375274776799,1.25,0,,34,44,84,92,116,126,-7.504454831829353,0.0,0.9961161967856601,True,1,absent,0.5255652568220824
BraTS-GLI-02866-101,sustraccion,prediction_component,11,12,6144.0,2.4917498197257264e-05,7.022006780482366e-08,1.4142135623730951,1,6.4031242374328485,0.2208630521496931,0.9957510787676723,1.3333333333333333,0,,36,39,46,50,56,60,-7.153538755513696,0.0,0.9999618273771178,True,1,absent,0.5255652568220824
BraTS-GLI-02866-101,sustraccion,prediction_component,12,23887,4273664.0,2.7037158551617796e-06,8.267505055258193e-10,5.656854249492381,4,238.88490952757982,0.023680249458533854,0.31662897552642133,1.3879310344827587,32,,37,153,27,188,20,153,-9.082625530859973,3.4965075614664802,0.023805010295484763,False,1,absent,0.5255652568220824
BraTS-GLI-02866-101,sustraccion,prediction_component,14,17,8448.0,2.1893644584863748e-05,5.421113507463137e-08,1.4142135623730951,1,7.54983443527075,0.1873171623163388,0.8866010210973454,1.25,0,,38,43,71,75,97,101,-7.265911499351242,0.0,0.9998498012717562,True,1,absent,0.5255652568220824
BraTS-GLI-02866-101,sustraccion,prediction_component,16,12,5376.0,3.04433440619409e-05,1.0481829363285631e-07,1.4142135623730951,1,5.830951894845301,0.24253562503633297,0.9957510787676723,1.3333333333333333,0,,39,42,117,121,49,52,-6.979562914580636,0.0,0.9999864375771123,True,1,absent,0.5255652568220824
BraTS-GLI-02866-101,sustraccion,prediction_component,17,61,22272.0,1.835232147570534e-05,3.8092053856957204e-08,1.4142135623730951,1,14.177446878757825,0.0997509336107633,0.5791191452117007,2.75,0,,40,44,110,118,52,63,-7.419165610308449,0.0,0.9965517580375718,True,1,absent,0.5255652568220824
BraTS-GLI-02866-101,sustraccion,prediction_component,18,35,16896.0,1.5936472331752508e-05,2.8723460409352696e-08,1.4142135623730951,1,12.727922061357855,0.11111111111111112,0.6969289728874266,1.1428571428571428,0,,41,48,34,41,68,76,-7.541763240399182,0.0,0.996973186921998,True,1,absent,0.5255652568220824
BraTS-GLI-02866-101,sustraccion,prediction_component,19,10114,2068480.0,3.399741997355626e-06,1.3072067862471542e-09,3.3166247903554,1,112.25417586887359,0.029545669590319897,0.24722073650459786,1.3518518518518519,28,,41,95,78,151,16,82,-8.883655706204834,3.367295829986474,0.044959700381408084,False,1,absent,0.5255652568220824
BraTS-GLI-02866-101,sustraccion,prediction_component,20,26,12288.0,1.9087609607607868e-05,4.1205525899358324e-08,1.4142135623730951,1,9.273618495495704,0.15249857033260467,0.7695203069187393,1.2,0,,41,46,129,135,45,50,-7.385044538659253,0.0,0.9993646194094541,True,1,absent,0.5255652568220824
BraTS-GLI-02866-101,sustraccion,prediction_component,23,60,20736.0,2.0093878600823045e-05,4.5664627744842905e-08,1.4142135623730951,1,12.68857754044952,0.11145564251507058,0.5823187634322541,2.0,0,,43,49,124,134,68,73,-7.34042007834279,0.0,0.9979337617816226,True,1,absent,0.5255652568220824
BraTS-GLI-02866-101,sustraccion,prediction_component,25,100,29184.0,2.005777591277956e-05,4.550068380866901e-08,1.7320508075688772,1,13.92838827718412,0.12435400084345173,0.6015293611380839,1.2857142857142858,0,,44,51,142,151,125,133,-7.3419820764835455,0.0,0.9984585037385673,True,1,absent,0.5255652568220824
BraTS-GLI-02866-101,sustraccion,prediction_component,26,165,45824.0,1.682071489613377e-05,3.199935857578552e-08,2.0,1,19.849433241279208,0.10075854437197568,0.5878026649094925,1.4444444444444444,1,,45,57,40,49,98,111,-7.494858726985995,0.6931471805599453,0.994607321910688,True,1,absent,0.5255652568220824
BraTS-GLI-02866-101,sustraccion,prediction_component,28,12,6144.0,2.4917498197257264e-05,7.022006780482366e-08,1.4142135623730951,1,6.4031242374328485,0.2208630521496931,0.9957510787676723,1.3333333333333333,0,,47,51,41,44,124,128,-7.153538755513696,0.0,0.9999618273771178,True,1,absent,0.5255652568220824
BraTS-GLI-02866-101,sustraccion,prediction_component,29,14,7680.0,2.080109539136373e-05,4.8935585030206e-08,1.4142135623730951,1,7.54983443527075,0.1873171623163388,0.9458781407605124,1.25,0,,47,51,67,72,142,146,-7.310375215276639,0.0,0.9998530982054296,True,1,absent,0.5255652568220824
BraTS-GLI-02866-101,sustraccion,prediction_component,30,775,171776.0,1.0885740427826278e-05,1.340196014323368e-08,2.23606797749979,1,40.422765862815474,0.055317045476017956,0.3924165402010942,1.0434782608695652,2,,47,70,122,146,27,50,-7.872831677968483,1.0986122886681098,0.90596293867515,True,1,absent,0.5255652568220824
BraTS-GLI-02866-101,sustraccion,prediction_component,31,12,6144.0,2.4917498197257264e-05,7.022006780482366e-08,1.4142135623730951,1,6.4031242374328485,0.2208630521496931,0.9957510787676723,1.3333333333333333,0,,49,52,42,46,52,56,-7.153538755513696,0.0,0.9999618273771178,True,1,absent,0.5255652568220824
BraTS-GLI-02866-101,sustraccion,prediction_component,33,16,6656.0,2.9464563572443515e-05,9.818664009850627e-08,1.4142135623730951,1,6.4031242374328485,0.2208630521496931,0.9046998952817776,1.3333333333333333,0,,49,52,60,64,141,145,-7.007947601074732,0.0,0.9999701751106141,True,1,absent,0.5255652568220824
BraTS-GLI-02866-101,sustraccion,prediction_component,36,507,145408.0,9.143774514134826e-06,9.455911285816578e-09,2.0,1,35.805027579936315,0.055858077347794556,0.4043184369580469,1.05,1,,52,73,80,100,70,91,-8.024296610940512,0.6931471805599453,0.8687972259151486,True,1,absent,0.5255652568220824
BraTS-GLI-02866-101,sustraccion,prediction_component,37,831,173056.0,1.154306209461766e-05,1.506934713286775e-08,2.8284271247461903,1,40.01249804748511,0.07068859138436033,0.48496178998798306,1.25,2,,54,74,81,105,93,118,-7.821905562730813,1.0986122886681098,0.9535960167438264,True,1,absent,0.5255652568220824
BraTS-GLI-02866-101,sustraccion,prediction_component,38,33,11264.0,2.760418804117709e-05,8.617917412410176e-08,1.4142135623730951,1,8.602325267042627,0.1643989873053573,0.7107331206052484,2.3333333333333335,0,,56,59,89,96,56,60,-7.064597672176915,0.0,0.9998091740086055,True,1,absent,0.5255652568220824
BraTS-GLI-02866-101,sustraccion,prediction_component,39,34,13312.0,2.2136754750950492e-05,5.5421755836852177e-08,1.4142135623730951,1,9.797958971132712,0.14433756729740646,0.7036956967830031,2.0,0,,56,60,91,99,24,28,-7.256319719294015,0.0,0.9994319551422869,True,1,absent,0.5255652568220824
BraTS-GLI-02866-101,sustraccion,prediction_component,40,113,30720.0,2.098681945735805e-05,4.98133358777663e-08,1.7320508075688772,1,16.792855623746664,0.10314212462587934,0.5775159935737552,1.8571428571428572,0,,56,63,100,113,147,155,-7.302654373650163,0.0,0.997866511339099,True,1,absent,0.5255652568220824
BraTS-GLI-02866-101,sustraccion,prediction_component,41,94,33024.0,1.5663302672792634e-05,2.774719292633842e-08,1.4142135623730951,1,18.35755975068582,0.07703712157713455,0.5013818206761619,1.7142857142857142,0,,56,63,105,117,104,116,-7.556780946172477,0.0,0.9890496778948643,True,1,absent,0.5255652568220824
BraTS-GLI-02866-101,sustraccion,prediction_component,43,12,5376.0,3.04433440619409e-05,1.0481829363285631e-07,1.4142135623730951,1,5.830951894845301,0.24253562503633297,0.9957510787676723,1.3333333333333333,0,,57,60,94,97,126,130,-6.979562914580636,0.0,0.9999864375771123,True,1,absent,0.5255652568220824
BraTS-GLI-02866-101,sustraccion,prediction_component,44,243,48128.0,2.3014924351461452e-05,5.990615928754273e-08,2.8284271247461903,1,17.0,0.1663780661615406,0.7306439155775993,1.5,1,,57,69,104,113,86,94,-7.222528523068543,0.6931471805599453,0.9996176667247272,True,1,absent,0.5255652568220824
BraTS-GLI-02866-101,sustraccion,prediction_component,45,52,20736.0,1.7414694787379972e-05,3.429920928390422e-08,1.4142135623730951,1,14.52583904633395,0.09735847670224711,0.6107686723568493,1.2857142857142858,0,,58,65,81,90,118,127,-7.464715891840479,0.0,0.9961452488973235,True,1,absent,0.5255652568220824
BraTS-GLI-02866-101,sustraccion,prediction_component,50,178,46336.0,1.784605355878739e-05,3.601942349918675e-08,1.7320508075688772,1,20.46948949045872,0.08461621909897774,0.4963448229063114,3.0,0,,62,67,50,65,111,124,-7.443463242463893,0.0,0.993570127797139,True,1,absent,0.5255652568220824
BraTS-GLI-02866-101,sustraccion,prediction_component,52,29,13056.0,1.943939684666642e-05,4.27383690608457e-08,1.4142135623730951,1,10.246950765959598,0.13801311186847084,0.742013605090188,2.0,0,,62,67,62,66,59,67,-7.369182054970024,0.0,0.9991453054251915,True,1,absent,0.5255652568220824
BraTS-GLI-02866-101,sustraccion,prediction_component,53,17,7168.0,2.8012503667152895e-05,8.874752009735003e-08,1.4142135623730951,1,6.928203230275509,0.20412414523193154,0.8866010210973454,1.0,0,,62,66,115,119,99,103,-7.051843773744237,0.0,0.9999495028033363,True,1,absent,0.5255652568220824
BraTS-GLI-02866-101,sustraccion,prediction_component,55,12,6144.0,2.4917498197257264e-05,7.022006780482366e-08,1.4142135623730951,1,6.4031242374328485,0.2208630521496931,0.9957510787676723,1.3333333333333333,0,,63,67,72,75,26,30,-7.153538755513696,0.0,0.9999618273771178,True,1,absent,0.5255652568220824
BraTS-GLI-02866-101,sustraccion,prediction_component,56,42,13824.0,2.5840368500859384e-05,7.551787813303394e-08,1.4142135623730951,1,9.486832980505138,0.14907119849998599,0.6558352730581178,1.75,0,,63,68,73,80,117,121,-7.121950221147232,0.0,0.9996296124214853,True,1,absent,0.5255652568220824
BraTS-GLI-02866-101,sustraccion,prediction_component,57,76,30464.0,1.4293322810149698e-05,2.3105681254708607e-08,1.4142135623730951,1,17.916472867168917,0.07893370379638584,0.5381954272789695,1.1,0,,63,73,139,149,36,47,-7.636281222090137,0.0,0.9874306309468328,True,1,absent,0.5255652568220824
BraTS-GLI-02866-101,sustraccion,prediction_component,58,21,9984.0,2.1050500988499285e-05,5.011609755027925e-08,1.4142135623730951,1,9.848857801796104,0.14359163172354764,0.8263006657894747,1.2,0,,64,70,85,91,153,158,-7.300022754085787,0.0,0.9995383224487301,True,1,absent,0.5255652568220824
BraTS-GLI-02866-101,sustraccion,prediction_component,59,14,6144.0,2.9070414563466808e-05,9.557731451212109e-08,1.4142135623730951,1,6.928203230275509,0.20412414523193154,0.9458781407605124,1.0,0,,64,68,99,103,65,69,-7.019645176252469,0.0,0.9999626196017813,True,1,absent,0.5255652568220824
BraTS-GLI-02866-101,sustraccion,prediction_component,60,19,9216.0,2.147533275462963e-05,5.2159350776834036e-08,1.4142135623730951,1,8.602325267042627,0.1643989873053573,0.8543319874271107,2.3333333333333335,0,,64,71,135,139,33,36,-7.282667822870332,0.0,0.9997299688719437,True,1,absent,0.5255652568220824
BraTS-GLI-02866-101,sustraccion,prediction_component,63,172,49408.0,1.5661470451239608e-05,2.774070182640626e-08,2.23606797749979,1,20.92844953645635,0.10684346079267207,0.6481443252441207,1.3,1,,65,75,123,136,100,113,-7.556882555682351,0.6931471805599453,0.9949936775804246,True,1,absent,0.5255652568220824
BraTS-GLI-02866-101,sustraccion,prediction_component,64,12,5376.0,3.04433440619409e-05,1.0481829363285631e-07,1.4142135623730951,1,5.830951894845301,0.24253562503633297,0.9957510787676723,1.3333333333333333,0,,66,69,58,62,68,71,-6.979562914580636,0.0,0.9999864375771123,True,1,absent,0.5255652568220824
BraTS-GLI-02866-101,sustraccion,prediction_component,65,48,15104.0,2.5858496619602198e-05,7.562387331393237e-08,1.4142135623730951,1,9.848857801796104,0.14359163172354764,0.6272838722974592,1.2,0,,66,72,71,76,133,139,-7.121341082649386,0.0,0.9995529929683851,True,1,absent,0.5255652568220824
BraTS-GLI-02866-101,sustraccion,prediction_component,66,12,5376.0,3.04433440619409e-05,1.0481829363285631e-07,1.4142135623730951,1,5.830951894845301,0.24253562503633297,0.9957510787676723,1.3333333333333333,0,,66,70,82,85,124,127,-6.979562914580636,0.0,0.9999864375771123,True,1,absent,0.5255652568220824
BraTS-GLI-02866-101,sustraccion,prediction_component,67,12,5376.0,3.04433440619409e-05,1.0481829363285631e-07,1.4142135623730951,1,5.830951894845301,0.24253562503633297,0.9957510787676723,1.3333333333333333,0,,67,71,32,35,99,102,-6.979562914580636,0.0,0.9999864375771123,True,1,absent,0.5255652568220824
BraTS-GLI-02866-101,sustraccion,prediction_component,68,12,5376.0,3.04433440619409e-05,1.0481829363285631e-07,1.4142135623730951,1,5.830951894845301,0.24253562503633297,0.9957510787676723,1.3333333333333333,0,,67,70,50,54,72,75,-6.979562914580636,0.0,0.9999864375771123,True,1,absent,0.5255652568220824
BraTS-GLI-02866-101,sustraccion,prediction_component,69,66,24576.0,1.7130780010614367e-05,3.318995392337368e-08,1.4142135623730951,1,15.937377450509228,0.08873565094161139,0.5641092516587063,2.1666666666666665,0,,67,74,65,71,132,145,-7.4789933505090955,0.0,0.994501982059133,True,1,absent,0.5255652568220824
BraTS-GLI-02866-101,sustraccion,prediction_component,70,29,11008.0,2.5109343997805772e-05,7.130551265033573e-08,1.4142135623730951,1,8.774964387392123,0.16116459280507606,0.742013605090188,1.5,0,,67,73,69,73,25,30,-7.146876893414975,0.0,0.999752004474618,True,1,absent,0.5255652568220824
BraTS-GLI-02866-101,sustraccion,prediction_component,71,12,6144.0,2.4917498197257264e-05,7.022006780482366e-08,1.4142135623730951,1,6.4031242374328485,0.2208630521496931,0.9957510787676723,1.3333333333333333,0,,67,71,73,76,30,34,-7.153538755513696,0.0,0.9999618273771178,True,1,absent,0.5255652568220824
BraTS-GLI-02866-101,sustraccion,prediction_component,72,16,6656.0,2.9464563572443515e-05,9.818664009850627e-08,1.4142135623730951,1,6.4031242374328485,0.2208630521496931,0.9046998952817776,1.3333333333333333,0,,67,71,80,84,61,64,-7.007947601074732,0.0,0.9999701751106141,True,1,absent,0.5255652568220824
BraTS-GLI-02866-101,sustraccion,prediction_component,73,29,10752.0,2.6011423159067295e-05,7.652099387606958e-08,1.4142135623730951,1,8.366600265340756,0.16903085094570333,0.742013605090188,2.0,0,,67,73,81,84,147,152,-7.116219397869917,0.0,0.9998083014672177,True,1,absent,0.5255652568220824
BraTS-GLI-02866-101,sustraccion,prediction_component,74,114,35840.0,1.6801685449053237e-05,3.1926997126232825e-08,2.0,1,17.69180601295413,0.1130466837888443,0.6649024220816759,2.4,1,,67,72,119,131,84,96,-7.4958419268358965,0.6931471805599453,0.9966016065869515,True,1,absent,0.5255652568220824
BraTS-GLI-02866-101,sustraccion,prediction_component,75,4204,924160.0,4.731969715936872e-06,2.532423217499869e-09,2.8284271247461903,1,82.95782060782456,0.03409476169965118,0.28250119818024516,1.7428571428571429,17,,68,112,65,126,126,161,-8.596463713478693,2.8903717578961645,0.15878619286601317,False,1,absent,0.5255652568220824
BraTS-GLI-02866-101,sustraccion,prediction_component,76,179,44544.0,1.9040099368128103e-05,4.1000654986252546e-08,1.7320508075688772,1,19.6468827043885,0.088159064907635,0.4954188042948402,2.2857142857142856,0,,68,84,136,145,84,91,-7.38720920536214,0.0,0.9950712066291604,True,1,absent,0.5255652568220824
BraTS-GLI-02866-101,sustraccion,prediction_component,77,46,15872.0,2.3004370282607594e-05,5.985122895169958e-08,1.4142135623730951,1,10.488088481701515,0.13483997249264842,0.6362462813425951,1.4,0,,69,76,39,44,122,128,-7.222926927605741,0.0,0.9992603062628749,True,1,absent,0.5255652568220824
BraTS-GLI-02866-101,sustraccion,prediction_component,80,221,69632.0,1.2027599813355746e-05,1.6361017636509925e-08,2.23606797749979,1,25.80697580112788,0.08664587415167273,0.596188755505565,1.5454545454545454,1,,69,80,127,143,112,129,-7.786189687206503,0.6931471805599453,0.9805915564090758,True,1,absent,0.5255652568220824
BraTS-GLI-02866-101,sustraccion,prediction_component,81,46,14592.0,2.6096700428741783e-05,7.70235575513149e-08,1.4142135623730951,1,9.9498743710662,0.1421338109037403,0.6362462813425951,1.4,0,,70,75,54,59,44,51,-7.113376426128454,0.0,0.9995660449952094,True,1,absent,0.5255652568220824
BraTS-GLI-02866-101,sustraccion,prediction_component,82,19,8448.0,2.446936747720066e-05,6.771702339772293e-08,1.4142135623730951,1,8.12403840463596,0.17407765595569785,0.8543319874271107,1.25,0,,70,75,56,61,33,37,-7.169302140202132,0.0,0.9998505610117548,True,1,absent,0.5255652568220824
BraTS-GLI-02866-101,sustraccion,prediction_component,84,27,9216.0,3.0517578125e-05,1.053301017072355e-07,1.4142135623730951,1,7.54983443527075,0.1873171623163388,0.7599002946021327,1.25,0,,70,74,70,74,34,39,-6.977447496458015,0.0,0.9999220099914282,True,1,absent,0.5255652568220824
BraTS-GLI-02866-101,sustraccion,prediction_component,86,29,13824.0,1.7842159202974337e-05,3.6003704937574576e-08,1.4142135623730951,1,9.797958971132712,0.14433756729740646,0.742013605090188,2.0,0,,70,74,80,84,25,33,-7.443652806145121,0.0,0.9990040148926678,True,1,absent,0.5255652568220824
BraTS-GLI-02866-101,sustraccion,prediction_component,87,36,13312.0,2.343891679512405e-05,6.2133733187336e-08,1.4142135623730951,1,9.848857801796104,0.14359163172354764,0.6904152369103725,1.2,0,,70,75,89,95,112,118,-7.20667255184395,0.0,0.9994988609858081,True,1,absent,0.5255652568220824
BraTS-GLI-02866-101,sustraccion,prediction_component,88,44,16384.0,2.09808349609375e-05,4.978493088506053e-08,1.4142135623730951,1,10.677078252031311,0.13245323570650439,0.6457438947298227,1.6,0,,70,75,100,105,147,155,-7.302902091453414,0.0,0.9989962572182056,True,1,absent,0.5255652568220824
BraTS-GLI-02866-101,sustraccion,prediction_component,89,117,35328.0,1.7620055992904633e-05,3.5112919579563344e-08,1.4142135623730951,1,16.76305461424021,0.08436490812191956,0.4661037321015165,1.1111111111111112,0,,71,80,72,82,87,97,-7.454533058185514,0.0,0.9926209049824071,True,1,absent,0.5255652568220824
BraTS-GLI-02866-101,sustraccion,prediction_component,90,571,108288.0,1.602380345030878e-05,2.9039129394716544e-08,2.449489742783178,1,24.919871588754223,0.09829463743659808,0.47594831344905236,1.2307692307692308,3,,71,85,85,98,83,99,-7.537016408107559,1.3862943611198906,0.9884772864312221,True,1,absent,0.5255652568220824
BraTS-GLI-02866-101,sustraccion,prediction_component,91,52,16384.0,2.47955322265625e-05,6.953432495516717e-08,1.4142135623730951,1,11.045361017187261,0.12803687993289598,0.6107686723568493,2.25,0,,71,76,114,123,20,24,-7.157800757156191,0.0,0.9992830779030479,True,1,absent,0.5255652568220824
BraTS-GLI-02866-101,sustraccion,prediction_component,92,14,6144.0,2.9070414563466808e-05,9.557731451212109e-08,1.4142135623730951,1,6.928203230275509,0.20412414523193154,0.9458781407605124,1.0,0,,71,75,125,129,79,83,-7.019645176252469,0.0,0.9999626196017813,True,1,absent,0.5255652568220824
BraTS-GLI-02866-101,sustraccion,prediction_component,93,12,5376.0,3.04433440619409e-05,1.0481829363285631e-07,1.4142135623730951,1,5.830951894845301,0.24253562503633297,0.9957510787676723,1.3333333333333333,0,,72,75,41,45,51,54,-6.979562914580636,0.0,0.9999864375771123,True,1,absent,0.5255652568220824
BraTS-GLI-02866-101,sustraccion,prediction_component,95,58,16384.0,2.765655517578125e-05,8.650646048416509e-08,1.7320508075688772,1,9.9498743710662,0.17407765595569782,0.7212970665208103,1.4,0,,72,77,176,183,87,92,-7.062951457299914,0.0,0.9998466289426816,True,1,absent,0.5255652568220824
BraTS-GLI-02866-101,sustraccion,prediction_component,96,285,75520.0,1.3732572106377522e-05,2.1328295520569987e-08,2.23606797749979,1,31.448370387032774,0.07110282504246376,0.5477296511374529,1.8333333333333333,1,,73,95,30,42,43,62,-7.671043850391596,0.6931471805599453,0.9801964527213942,True,1,absent,0.5255652568220824
BraTS-GLI-02866-101,sustraccion,prediction_component,97,36,15104.0,1.939387246470165e-05,4.253842873908696e-08,1.4142135623730951,1,10.488088481701515,0.13483997249264842,0.6904152369103725,1.4,0,,73,79,42,47,111,118,-7.371218555865986,0.0,0.998928465502031,True,1,absent,0.5255652568220824
BraTS-GLI-02866-101,sustraccion,prediction_component,98,44,14848.0,2.4319281409229326e-05,6.688886855720462e-08,1.4142135623730951,1,10.677078252031311,0.13245323570650439,0.6457438947298227,1.6,0,,73,78,79,84,35,43,-7.174646150190565,0.0,0.9993699553207674,True,1,absent,0.5255652568220824
BraTS-GLI-02866-101,sustraccion,prediction_component,99,101,24320.0,2.663029748165105e-05,8.020554777196978e-08,2.23606797749979,1,12.68857754044952,0.17622684421256035,0.7739996197824753,2.0,1,,74,80,98,108,89,94,-7.095795590775386,0.6931471805599453,0.9998243351069452,True,1,absent,0.5255652568220824
BraTS-GLI-02866-101,sustraccion,prediction_component,100,12,6144.0,2.4917498197257264e-05,7.022006780482366e-08,1.4142135623730951,1,6.4031242374328485,0.2208630521496931,0.9957510787676723,1.3333333333333333,0,,74,78,154,157,42,46,-7.153538755513696,0.0,0.9999618273771178,True,1,absent,0.5255652568220824
BraTS-GLI-02866-101,sustraccion,prediction_component,101,282,62464.0,1.8063604706849478e-05,3.6902961076769396e-08,2.23606797749979,1,21.61018278497431,0.10347288589592779,0.5496651076834198,1.3636363636363635,2,,74,85,155,170,93,104,-7.4329387848515935,1.0986122886681098,0.994758993199908,True,1,absent,0.5255652568220824
BraTS-GLI-02866-101,sustraccion,prediction_component,103,45,15360.0,2.3638814368941754e-05,6.31980610243413e-08,1.4142135623730951,1,11.090536506409418,0.12751534261266767,0.6409247308398612,1.4,0,,75,80,54,61,111,118,-7.199296246074371,0.0,0.9992334455618714,True,1,absent,0.5255652568220824
BraTS-GLI-02866-101,sustraccion,prediction_component,104,2403,434944.0,8.37729394823861e-06,7.937064005508989e-09,2.8284271247461903,1,70.51241025521678,0.040112472606010974,0.3404003043101588,1.8,4,,75,105,68,122,91,125,-8.100340117473465,1.6094379124341003,0.6969703253833721,True,1,absent,0.5255652568220824
BraTS-GLI-02866-101,sustraccion,prediction_component,105,492,112640.0,1.3014459614391852e-05,1.9155992291254883e-08,2.23606797749979,1,27.65863337187866,0.08084520834544433,0.4565897639219031,1.5384615384615385,2,,75,88,143,157,116,136,-7.717695346397969,1.0986122886681098,0.9707523289964995,True,1,absent,0.5255652568220824
BraTS-GLI-02866-101,sustraccion,prediction_component,106,540,155136.0,8.83740738769711e-06,8.832875817363223e-09,1.7320508075688772,1,46.07602413403309,0.03759115158309708,0.3428669129219746,1.380952380952381,0,,75,104,160,189,113,134,-8.05389787532705,0.0,0.813456996591762,True,1,absent,0.5255652568220824
BraTS-GLI-02866-101,sustraccion,prediction_component,107,219,56320.0,1.63851395906705e-05,3.0363558274865346e-08,1.7320508075688772,1,21.118712081942874,0.08201498277207123,0.46320736797362466,1.5,0,,75,90,162,173,76,86,-7.517647335260509,0.0,0.990240522332768,True,1,absent,0.5255652568220824
BraTS-GLI-02866-101,sustraccion,prediction_component,108,17,7168.0,2.8012503667152895e-05,8.874752009735003e-08,1.4142135623730951,1,6.928203230275509,0.20412414523193154,0.8866010210973454,1.0,0,,76,80,46,50,101,105,-7.051843773744237,0.0,0.9999495028033363,True,1,absent,0.5255652568220824
BraTS-GLI-02866-101,sustraccion,prediction_component,110,14,6912.0,2.4362533060422576e-05,6.712700278491907e-08,1.4142135623730951,1,7.0710678118654755,0.2,0.9458781407605124,1.6666666666666667,0,,76,80,63,68,89,92,-7.1731027435946135,0.0,0.9999295160342189,True,1,absent,0.5255652568220824
BraTS-GLI-02866-101,sustraccion,prediction_component,111,314,67584.0,1.7871615400608167e-05,3.612268243010891e-08,2.23606797749979,1,22.22611077089287,0.10060545457319171,0.5303199795280719,1.5,2,,76,86,70,85,57,70,-7.442220006937191,1.0986122886681098,0.9939342572439801,True,1,absent,0.5255652568220824
BraTS-GLI-02866-101,sustraccion,prediction_component,112,43,16640.0,2.0032653197626065e-05,4.5386774385534526e-08,1.4142135623730951,1,11.532562594670797,0.12262786789699316,0.650711350669285,2.25,0,,76,82,76,80,30,39,-7.343070681243521,0.0,0.998627728518459,True,1,absent,0.5255652568220824
BraTS-GLI-02866-101,sustraccion,prediction_component,114,24,10752.0,2.1526695028193625e-05,5.2409146816428155e-08,1.4142135623730951,1,9.38083151964686,0.15075567228888181,0.7903281549671363,1.5,0,,77,81,57,63,63,69,-7.280592910244617,0.0,0.9995789566042016,True,1,absent,0.5255652568220824
BraTS-GLI-02866-101,sustraccion,prediction_component,116,96,30720.0,1.7829510335454625e-05,3.5952674716069715e-08,1.7320508075688772,1,15.0,0.11547005383792515,0.6097705134516743,2.0,0,,77,87,73,83,21,26,-7.444268794537865,0.0,0.9974325303451266,True,1,absent,0.5255652568220824
BraTS-GLI-02866-101,sustraccion,prediction_component,117,214,47360.0,2.0763293012045353e-05,4.875788278968063e-08,2.449489742783178,1,19.209372712298546,0.12751534261266764,0.6601367395443805,1.3333333333333333,1,,77,86,72,84,138,150,-7.3119551609847875,0.6931471805599453,0.9986459475434409,True,1,absent,0.5255652568220824
BraTS-GLI-02866-101,sustraccion,prediction_component,120,31,10752.0,2.7805314411416765e-05,8.743956612949212e-08,1.4142135623730951,1,8.12403840463596,0.17407765595569785,0.7257003006213092,1.25,0,,78,83,35,39,122,127,-7.0582920059992835,0.0,0.9998512478773259,True,1,absent,0.5255652568220824
BraTS-GLI-02866-101,sustraccion,prediction_component,121,439,122112.0,1.028790638469098e-05,1.197033710063884e-08,2.23606797749979,1,32.526911934581186,0.06874516652539955,0.4742707764588729,1.3125,1,,78,94,49,70,130,149,-7.921893619110227,0.6931471805599453,0.938125477295563,True,1,absent,0.5255652568220824
BraTS-GLI-02866-101,sustraccion,prediction_component,122,19,9216.0,2.147533275462963e-05,5.2159350776834036e-08,1.4142135623730951,1,8.246211251235321,0.17149858514250885,0.8543319874271107,1.5,0,,78,82,110,116,134,138,-7.282667822870332,0.0,0.9997633274069585,True,1,absent,0.5255652568220824
BraTS-GLI-02866-101,sustraccion,prediction_component,123,12,5376.0,3.04433440619409e-05,1.0481829363285631e-07,1.4142135623730951,1,5.830951894845301,0.24253562503633297,0.9957510787676723,1.3333333333333333,0,,78,82,165,168,42,45,-6.979562914580636,0.0,0.9999864375771123,True,1,absent,0.5255652568220824
BraTS-GLI-02866-101,sustraccion,prediction_component,124,41,15360.0,2.153758642503582e-05,5.2462192879959366e-08,1.4142135623730951,1,10.295630140987,0.13736056394868904,0.6611244956113513,3.0,0,,79,88,66,69,72,76,-7.280153560185587,0.0,0.9991955383157913,True,1,absent,0.5255652568220824
BraTS-GLI-02866-101,sustraccion,prediction_component,125,90,23040.0,2.5734681479234857e-05,7.490140565847857e-08,2.0,1,11.575836902790225,0.17277368511627203,0.7194136861906442,1.1666666666666667,1,,79,86,118,125,130,136,-7.125510031913453,0.6931471805599453,0.9997528807666262,True,1,absent,0.5255652568220824
BraTS-GLI-02866-101,sustraccion,prediction_component,126,28,10240.0,2.70214155531966e-05,8.257879973847263e-08,1.4142135623730951,1,8.12403840463596,0.17407765595569785,0.7507439778384809,1.25,0,,80,85,28,32,109,114,-7.083131433773576,0.0,0.9998493586952474,True,1,absent,0.5255652568220824
BraTS-GLI-02866-101,sustraccion,prediction_component,127,300,86016.0,1.1891931274195665e-05,1.599400232434941e-08,1.7320508075688772,1,37.86819245752297,0.045738935374634825,0.41707716439802506,2.5454545454545454,0,,80,108,33,44,114,137,-7.796042845204335,0.0,0.942193003749894,True,1,absent,0.5255652568220824
BraTS-GLI-02866-101,sustraccion,prediction_component,128,43,18432.0,1.7183426237330426e-05,3.3394265784752814e-08,1.4142135623730951,1,11.575836902790225,0.12216944435630524,0.650711350669285,1.1666666666666667,0,,80,87,49,56,49,55,-7.47632810060876,0.0,0.9977557763877051,True,1,absent,0.5255652568220824
BraTS-GLI-02866-101,sustraccion,prediction_component,129,23,10752.0,2.062974940201889e-05,4.8132706017170996e-08,1.4142135623730951,1,8.774964387392123,0.16116459280507606,0.8016200827808712,1.5,0,,80,85,53,57,103,109,-7.317559721632644,0.0,0.9996167342396035,True,1,absent,0.5255652568220824
BraTS-GLI-02866-101,sustraccion,prediction_component,130,38,12800.0,2.6240290708094536e-05,7.7873493435007e-08,1.4142135623730951,1,9.0,0.15713484026367724,0.6780837477859392,1.75,0,,81,85,42,49,122,126,-7.108610342248563,0.0,0.9997164520639898,True,1,absent,0.5255652568220824
BraTS-GLI-02866-101,sustraccion,prediction_component,131,83,27392.0,1.8308066358514822e-05,3.7908563635981184e-08,1.4142135623730951,1,15.84297951775486,0.08926436853549036,0.5226189705555763,1.5714285714285714,0,,81,88,67,76,128,139,-7.421262670777609,0.0,0.9949777096992841,True,1,absent,0.5255652568220824
BraTS-GLI-02866-101,sustraccion,prediction_component,132,50,15360.0,2.6265349298824172e-05,7.802229756091518e-08,1.7320508075688772,1,9.273618495495704,0.18677184190940707,0.757879504227687,1.2,0,,81,87,130,135,131,136,-7.1077812649530205,0.0,0.9998726992753979,True,1,absent,0.5255652568220824
BraTS-GLI-02866-101,sustraccion,prediction_component,134,197,61184.0,1.3016955698034896e-05,1.9163340970451885e-08,1.4142135623730951,1,27.586228448267445,0.0512652015851016,0.3917922059763808,2.625,0,,81,102,182,190,89,105,-7.717528772995355,0.0,0.9569211614833333,True,1,absent,0.5255652568220824
BraTS-GLI-02866-101,sustraccion,prediction_component,138,16,6656.0,2.9464563572443515e-05,9.818664009850627e-08,1.4142135623730951,1,6.4031242374328485,0.2208630521496931,0.9046998952817776,1.3333333333333333,0,,83,86,55,59,96,100,-7.007947601074732,0.0,0.9999701751106141,True,1,absent,0.5255652568220824
BraTS-GLI-02866-101,sustraccion,prediction_component,139,22,9216.0,2.4866174768518517e-05,6.993109633237583e-08,1.4142135623730951,1,7.810249675906654,0.1810714920850371,0.8135863258112027,2.0,0,,83,87,122,128,93,96,-7.155329663131577,0.0,0.9998584693123881,True,1,absent,0.5255652568220824
BraTS-GLI-02866-101,sustraccion,prediction_component,141,35,12032.0,2.6519254396745705e-05,7.953805971554725e-08,1.4142135623730951,1,9.486832980505138,0.14907119849998599,0.6969289728874266,1.75,0,,83,88,183,187,63,70,-7.099425007580729,0.0,0.999699525789357,True,1,absent,0.5255652568220824
BraTS-GLI-02866-101,sustraccion,prediction_component,143,24,11264.0,2.0075773120856065e-05,4.558237309043399e-08,1.4142135623730951,1,9.433981132056603,0.1499063377991723,0.7903281549671363,2.6666666666666665,0,,84,88,51,54,35,43,-7.341203068509478,0.0,0.9994669282652459,True,1,absent,0.5255652568220824
BraTS-GLI-02866-101,sustraccion,prediction_component,144,12,5376.0,3.04433440619409e-05,1.0481829363285631e-07,1.4142135623730951,1,5.830951894845301,0.24253562503633297,0.9957510787676723,1.3333333333333333,0,,84,87,122,126,84,87,-6.979562914580636,0.0,0.9999864375771123,True,1,absent,0.5255652568220824
BraTS-GLI-02866-101,sustraccion,prediction_component,146,125,37632.0,1.7122771569955475e-05,3.3158929341054825e-08,1.7320508075688772,1,16.431676725154983,0.10540925533894598,0.5584103931497517,1.5714285714285714,0,,84,91,167,177,85,96,-7.479399500702543,0.0,0.9958828337582315,True,1,absent,0.5255652568220824
BraTS-GLI-02866-101,sustraccion,prediction_component,147,174,43776.0,1.899744232640685e-05,4.081714675529667e-08,2.0,1,18.57417562100671,0.1076763804116331,0.5774882018965898,2.0,1,,85,92,59,73,123,133,-7.38915735708539,0.6931471805599453,0.9966583940803989,True,1,absent,0.5255652568220824
BraTS-GLI-02866-101,sustraccion,prediction_component,148,1289,274176.0,8.97860287635622e-06,9.117376719903536e-09,2.449489742783178,1,56.31163290120435,0.04349882282903556,0.36281691188413145,2.263157894736842,3,,85,104,78,121,60,91,-8.040130100262889,1.3862943611198906,0.7781382222039146,True,1,absent,0.5255652568220824
BraTS-GLI-02866-101,sustraccion,prediction_component,150,38,13824.0,2.3379381024587062e-05,6.181848980958109e-08,1.4142135623730951,1,9.273618495495704,0.15249857033260467,0.6780837477859392,1.2,0,,85,90,181,186,54,60,-7.2088816087094125,0.0,0.9995551532074326,True,1,absent,0.5255652568220824
BraTS-GLI-02866-101,sustraccion,prediction_component,151,31,12288.0,2.275830376291707e-05,5.857767809065585e-08,1.4142135623730951,1,9.486832980505138,0.14907119849998599,0.7257003006213092,1.75,0,,86,90,45,52,44,49,-7.232267846932344,0.0,0.9995546946575821,True,1,absent,0.5255652568220824
BraTS-GLI-02866-101,sustraccion,prediction_component,152,71,20224.0,2.4686400120447148e-05,6.892359171017941e-08,1.7320508075688772,1,11.74734012447073,0.14744195615489714,0.6742755017744779,1.6,0,,86,91,95,102,26,34,-7.161632098907301,0.0,0.9995835349726387,True,1,absent,0.5255652568220824
BraTS-GLI-02866-101,sustraccion,prediction_component,153,14,6144.0,2.9070414563466808e-05,9.557731451212109e-08,1.4142135623730951,1,6.928203230275509,0.20412414523193154,0.9458781407605124,1.0,0,,86,90,133,137,84,88,-7.019645176252469,0.0,0.9999626196017813,True,1,absent,0.5255652568220824
BraTS-GLI-02866-101,sustraccion,prediction_component,154,14,6144.0,2.9070414563466808e-05,9.557731451212109e-08,1.4142135623730951,1,6.928203230275509,0.20412414523193154,0.9458781407605124,1.0,0,,86,90,134,138,91,95,-7.019645176252469,0.0,0.9999626196017813,True,1,absent,0.5255652568220824
BraTS-GLI-02866-101,sustraccion,prediction_component,155,871,209152.0,9.10594708423015e-06,9.377835663907797e-09,2.23606797749979,1,49.07137658554119,0.045567663536030575,0.37743469575571154,4.75,3,,86,116,124,162,84,92,-8.027897382056048,1.3862943611198906,0.7994813538429741,True,1,absent,0.5255652568220824
BraTS-GLI-02866-101,sustraccion,prediction_component,156,49,17152.0,2.1813428366440344e-05,5.381461399421018e-08,1.4142135623730951,1,10.770329614269007,0.13130643285972257,0.6229872725752906,2.0,0,,86,90,171,179,115,121,-7.2690997705195795,0.0,0.9990268452102185,True,1,absent,0.5255652568220824
BraTS-GLI-02866-101,sustraccion,prediction_component,157,26,11264.0,2.1748754214260736e-05,5.3495979529745444e-08,1.4142135623730951,1,8.246211251235321,0.17149858514250885,0.7695203069187393,1.5,0,,87,91,38,44,112,116,-7.271678855991054,0.0,0.9997042167786011,True,1,absent,0.5255652568220824
BraTS-GLI-02866-101,sustraccion,prediction_component,158,14,6144.0,2.9070414563466808e-05,9.557731451212109e-08,1.4142135623730951,1,6.928203230275509,0.20412414523193154,0.9458781407605124,1.0,0,,87,91,43,47,127,131,-7.019645176252469,0.0,0.9999626196017813,True,1,absent,0.5255652568220824
BraTS-GLI-02866-101,sustraccion,prediction_component,159,197,57344.0,1.43461131114272e-05,2.3276671357712865e-08,1.7320508075688772,1,23.345235059857504,0.07419290502442469,0.4798454949207694,1.8,0,,87,97,93,104,35,53,-7.63307912515343,0.0,0.9838014954098004,True,1,absent,0.5255652568220824
BraTS-GLI-02866-101,sustraccion,prediction_component,160,183,47872.0,1.7471441241130635e-05,3.452310406462546e-08,2.0,1,19.209372712298546,0.10411584125907071,0.5678616005506839,2.2857142857142856,1,,87,94,94,110,19,27,-7.461890162622765,0.6931471805599453,0.9952158850983214,True,1,absent,0.5255652568220824
BraTS-GLI-02866-101,sustraccion,prediction_component,161,77,28416.0,1.6074827050108746e-05,2.9224358817123002e-08,1.4142135623730951,1,16.15549442140351,0.08753762190648172,0.5358554176060653,2.0,0,,87,99,135,144,143,149,-7.534255008489136,0.0,0.9925138417368773,True,1,absent,0.5255652568220824
BraTS-GLI-02866-101,sustraccion,prediction_component,163,22,9984.0,2.2052905797475442e-05,5.500270116629287e-08,1.4142135623730951,1,8.366600265340756,0.16903085094570333,0.8135863258112027,2.0,0,,87,93,150,155,36,39,-7.259615981909213,0.0,0.9997414588399178,True,1,absent,0.5255652568220824
BraTS-GLI-02866-101,sustraccion,prediction_component,164,104,32512.0,1.7740579820388594e-05,3.559491771030583e-08,1.4142135623730951,1,15.7797338380595,0.08962214298964417,0.48476741650424154,1.375,0,,88,96,47,55,130,141,-7.448612006744438,0.0,0.9938108178044429,True,1,absent,0.5255652568220824
BraTS-GLI-02866-101,sustraccion,prediction_component,166,83,28672.0,1.7095866208630077e-05,3.305480460373293e-08,1.7320508075688772,1,15.427248620541512,0.11227217828476796,0.6400749038798939,1.8333333333333333,0,,88,94,51,60,123,134,-7.480765405732525,0.0,0.9971686922251802,True,1,absent,0.5255652568220824
BraTS-GLI-02866-101,sustraccion,prediction_component,167,216,72960.0,1.0960402754588467e-05,1.3586431384174472e-08,1.4142135623730951,1,30.643106892089126,0.046151115399404585,0.37995014730106635,2.090909090909091,0,,88,111,59,76,23,34,-7.866894600197797,0.0,0.9188021321177755,True,1,absent,0.5255652568220824
BraTS-GLI-02866-101,sustraccion,prediction_component,168,16,6656.0,2.9464563572443515e-05,9.818664009850627e-08,1.4142135623730951,1,6.4031242374328485,0.2208630521496931,0.9046998952817776,1.3333333333333333,0,,88,92,88,92,93,96,-7.007947601074732,0.0,0.9999701751106141,True,1,absent,0.5255652568220824
BraTS-GLI-02866-101,sustraccion,prediction_component,169,14,6144.0,2.9070414563466808e-05,9.557731451212109e-08,1.4142135623730951,1,6.928203230275509,0.20412414523193154,0.9458781407605124,1.0,0,,88,92,114,118,127,131,-7.019645176252469,0.0,0.9999626196017813,True,1,absent,0.5255652568220824
BraTS-GLI-02866-101,sustraccion,prediction_component,171,25,9984.0,2.5060120224403912e-05,7.102621534903521e-08,1.4142135623730951,1,8.12403840463596,0.17407765595569785,0.7796467353853097,1.25,0,,89,94,89,94,86,90,-7.14858132620955,0.0,0.9998252928273775,True,1,absent,0.5255652568220824
BraTS-GLI-02866-101,sustraccion,prediction_component,173,164,55040.0,1.2700657666374188e-05,1.8243358556417884e-08,1.7320508075688772,1,24.61706725018234,0.07035975447302918,0.5100846029725161,1.5454545454545454,0,,90,101,149,163,123,140,-7.738895206125548,0.0,0.9768991904242255,True,1,absent,0.5255652568220824
BraTS-GLI-02866-101,sustraccion,prediction_component,174,74,23296.0,2.0811801896629775e-05,4.8985973139524446e-08,1.7320508075688772,1,13.45362404707371,0.12874232262686236,0.6650376873001744,1.5,0,,90,96,161,170,118,126,-7.3099282599754565,0.0,0.998960898796179,True,1,absent,0.5255652568220824
BraTS-GLI-02866-101,sustraccion,prediction_component,175,32,10240.0,3.088161777508183e-05,1.0785802414820915e-07,1.4142135623730951,1,7.810249675906654,0.1810714920850371,0.7180607827429069,2.0,0,,90,93,167,173,108,112,-6.967147539818203,0.0,0.9999039491995046,True,1,absent,0.5255652568220824
BraTS-GLI-02866-101,sustraccion,prediction_component,177,86,34816.0,1.323823666045762e-05,1.9820410956307596e-08,1.4142135623730951,1,16.881943016134134,0.0837707816583391,0.5164699412900353,1.375,0,,91,99,50,61,99,109,-7.702887345097644,0.0,0.9843930081006461,True,1,absent,0.5255652568220824
BraTS-GLI-02866-101,sustraccion,prediction_component,179,14,7680.0,2.080109539136373e-05,4.8935585030206e-08,1.4142135623730951,1,7.54983443527075,0.1873171623163388,0.9458781407605124,1.25,0,,91,95,156,161,44,48,-7.310375215276639,0.0,0.9998530982054296,True,1,absent,0.5255652568220824
BraTS-GLI-02866-101,sustraccion,prediction_component,180,12,5376.0,3.04433440619409e-05,1.0481829363285631e-07,1.4142135623730951,1,5.830951894845301,0.24253562503633297,0.9957510787676723,1.3333333333333333,0,,92,95,61,65,110,113,-6.979562914580636,0.0,0.9999864375771123,True,1,absent,0.5255652568220824
BraTS-GLI-02866-101,sustraccion,prediction_component,181,12,6144.0,2.4917498197257264e-05,7.022006780482366e-08,1.4142135623730951,1,6.4031242374328485,0.2208630521496931,0.9957510787676723,1.3333333333333333,0,,92,96,65,68,67,71,-7.153538755513696,0.0,0.9999618273771178,True,1,absent,0.5255652568220824
BraTS-GLI-02866-101,sustraccion,prediction_component,183,33,11008.0,2.8572701790606568e-05,9.233258415721238e-08,1.4142135623730951,1,8.12403840463596,0.17407765595569785,0.7107331206052484,1.25,0,,92,96,181,186,73,78,-7.034645009457112,0.0,0.9998570123819732,True,1,absent,0.5255652568220824
BraTS-GLI-02866-101,sustraccion,prediction_component,184,1111,324352.0,6.014356796164309e-06,4.0910119751183325e-09,1.7320508075688772,1,54.415071441651165,0.031830350703961514,0.26957863967397505,1.4615384615384615,0,,93,131,47,76,126,152,-8.388169249242717,0.0,0.48092737133339075,False,1,absent,0.5255652568220824
BraTS-GLI-02866-101,sustraccion,prediction_component,185,43,15360.0,2.2588200396988786e-05,5.7705291276052865e-08,1.4142135623730951,1,10.44030650891055,0.13545709229571928,0.650711350669285,2.6666666666666665,0,,93,99,90,93,42,50,-7.238784362465886,0.0,0.9992593341024927,True,1,absent,0.5255652568220824
BraTS-GLI-02866-101,sustraccion,prediction_component,187,173,39680.0,2.1887119439914992e-05,5.4178825899294277e-08,2.23606797749979,1,16.24807680927192,0.13762047064079508,0.6468930782611862,1.25,1,,93,101,126,136,142,152,-7.266170410727411,0.6931471805599453,0.9990095361986285,True,1,absent,0.5255652568220824
BraTS-GLI-02866-101,sustraccion,prediction_component,188,59,23296.0,1.6593193404069685e-05,3.113954939713013e-08,1.4142135623730951,1,15.588457268119896,0.09072184232530289,0.5855902858043154,2.6,0,,93,98,156,169,37,44,-7.50668767615312,0.0,0.994517579296912,True,1,absent,0.5255652568220824
BraTS-GLI-02866-101,sustraccion,prediction_component,189,12,6144.0,2.4917498197257264e-05,7.022006780482366e-08,1.4142135623730951,1,6.4031242374328485,0.2208630521496931,0.9957510787676723,1.3333333333333333,0,,94,97,144,148,142,146,-7.153538755513696,0.0,0.9999618273771178,True,1,absent,0.5255652568220824
BraTS-GLI-02866-101,sustraccion,prediction_component,190,12,5376.0,3.04433440619409e-05,1.0481829363285631e-07,1.4142135623730951,1,5.830951894845301,0.24253562503633297,0.9957510787676723,1.3333333333333333,0,,95,99,34,37,56,59,-6.979562914580636,0.0,0.9999864375771123,True,1,absent,0.5255652568220824
BraTS-GLI-02866-101,sustraccion,prediction_component,193,465,151808.0,7.861600395199642e-06,6.989953766538768e-09,1.7320508075688772,1,51.28352561983234,0.03377401975848282,0.3603898182984018,2.2777777777777777,0,,95,136,141,159,35,60,-8.155525696787008,0.0,0.7477664604973859,True,1,absent,0.5255652568220824
BraTS-GLI-02866-101,sustraccion,prediction_component,194,31,12032.0,2.3488482465689056e-05,6.239679623399259e-08,1.4142135623730951,1,8.774964387392123,0.16116459280507606,0.7257003006213092,1.5,0,,95,100,169,175,130,134,-7.204837708612734,0.0,0.9996780040766299,True,1,absent,0.5255652568220824
BraTS-GLI-02866-101,sustraccion,prediction_component,195,201,66048.0,1.1841495397220842e-05,1.5858622982924946e-08,1.7320508075688772,1,29.29163703175362,0.05913123959890826,0.47664108885287476,1.5384615384615385,0,,96,116,35,52,102,115,-7.79973452552284,0.0,0.9612515965899198,True,1,absent,0.5255652568220824
BraTS-GLI-02866-101,sustraccion,prediction_component,198,12,5376.0,3.04433440619409e-05,1.0481829363285631e-07,1.4142135623730951,1,5.830951894845301,0.24253562503633297,0.9957510787676723,1.3333333333333333,0,,97,101,119,122,26,29,-6.979562914580636,0.0,0.9999864375771123,True,1,absent,0.5255652568220824
BraTS-GLI-02866-101,sustraccion,prediction_component,201,19,9216.0,2.147533275462963e-05,5.2159350776834036e-08,1.4142135623730951,1,8.246211251235321,0.17149858514250885,0.8543319874271107,1.5,0,,98,102,67,71,43,49,-7.282667822870332,0.0,0.9997633274069585,True,1,absent,0.5255652568220824
BraTS-GLI-02866-101,sustraccion,prediction_component,202,116,36352.0,1.6736534021927255e-05,3.1679872338599504e-08,2.23606797749979,1,20.223748416156685,0.11056644552171162,0.7390863966003943,3.0,1,,98,116,106,113,23,29,-7.49921657716946,0.6931471805599453,0.9971360938429664,True,1,absent,0.5255652568220824
BraTS-GLI-02866-101,sustraccion,prediction_component,205,31,14592.0,1.758690681067381e-05,3.4980925712104735e-08,1.4142135623730951,1,11.180339887498949,0.12649110640673517,0.7257003006213092,1.6,0,,99,105,30,35,61,69,-7.4561687018230565,0.0,0.9984733943452089,True,1,absent,0.5255652568220824
BraTS-GLI-02866-101,sustraccion,prediction_component,206,30,10240.0,2.8951516664139214e-05,9.479709153651194e-08,1.4142135623730951,1,7.54983443527075,0.1873171623163388,0.73367566779705,1.25,0,,99,104,35,39,76,80,-7.02320498701869,0.0,0.9999001026734067,True,1,absent,0.5255652568220824
BraTS-GLI-02866-101,sustraccion,prediction_component,207,38,14336.0,2.2138164395298824e-05,5.5428814455265326e-08,1.4142135623730951,1,11.180339887498949,0.12649110640673517,0.6780837477859392,1.6,0,,99,104,46,52,120,128,-7.256264410259108,0.0,0.9991436677219073,True,1,absent,0.5255652568220824
BraTS-GLI-02866-101,sustraccion,prediction_component,208,14,7680.0,2.080109539136373e-05,4.8935585030206e-08,1.4142135623730951,1,8.12403840463596,0.17407765595569785,0.9458781407605124,1.25,0,,99,104,70,75,151,155,-7.310375215276639,0.0,0.9998121431066477,True,1,absent,0.5255652568220824
BraTS-GLI-02866-101,sustraccion,prediction_component,209,12,5376.0,3.04433440619409e-05,1.0481829363285631e-07,1.4142135623730951,1,5.830951894845301,0.24253562503633297,0.9957510787676723,1.3333333333333333,0,,99,103,102,105,146,149,-6.979562914580636,0.0,0.9999864375771123,True,1,absent,0.5255652568220824
BraTS-GLI-02866-101,sustraccion,prediction_component,212,23,10496.0,2.1389079908047943e-05,5.174120984025427e-08,1.4142135623730951,1,8.774964387392123,0.16116459280507606,0.8016200827808712,1.5,0,,100,104,64,69,36,42,-7.2861634205981485,0.0,0.9996580454938827,True,1,absent,0.5255652568220824
BraTS-GLI-02866-101,sustraccion,prediction_component,213,17,8448.0,2.1893644584863748e-05,5.421113507463137e-08,1.4142135623730951,1,7.54983443527075,0.1873171623163388,0.8866010210973454,1.25,0,,100,104,72,76,141,146,-7.265911499351242,0.0,0.9998498012717562,True,1,absent,0.5255652568220824
BraTS-GLI-02866-101,sustraccion,prediction_component,214,12,5376.0,3.04433440619409e-05,1.0481829363285631e-07,1.4142135623730951,1,5.830951894845301,0.24253562503633297,0.9957510787676723,1.3333333333333333,0,,100,104,108,111,31,34,-6.979562914580636,0.0,0.9999864375771123,True,1,absent,0.5255652568220824
BraTS-GLI-02866-101,sustraccion,prediction_component,215,12,5376.0,3.04433440619409e-05,1.0481829363285631e-07,1.4142135623730951,1,5.830951894845301,0.24253562503633297,0.9957510787676723,1.3333333333333333,0,,100,103,158,162,40,43,-6.979562914580636,0.0,0.9999864375771123,True,1,absent,0.5255652568220824
BraTS-GLI-02866-101,sustraccion,prediction_component,221,19,9984.0,1.9045691370546972e-05,4.102474198560274e-08,1.4142135623730951,1,8.774964387392123,0.16116459280507606,0.8543319874271107,1.5,0,,102,108,43,48,98,102,-7.386954141647967,0.0,0.9995811781737599,True,1,absent,0.5255652568220824
BraTS-GLI-02866-101,sustraccion,prediction_component,222,84,28928.0,1.7072678923582296e-05,3.296520032224076e-08,1.4142135623730951,1,13.92838827718412,0.10153461651336192,0.5205368011851539,1.2857142857142858,0,,102,111,52,59,32,40,-7.481944280800623,0.0,0.9949826147739437,True,1,absent,0.5255652568220824
BraTS-GLI-02866-101,sustraccion,prediction_component,223,12,5376.0,3.04433440619409e-05,1.0481829363285631e-07,1.4142135623730951,1,5.830951894845301,0.24253562503633297,0.9957510787676723,1.3333333333333333,0,,102,106,98,101,23,26,-6.979562914580636,0.0,0.9999864375771123,True,1,absent,0.5255652568220824
BraTS-GLI-02866-101,sustraccion,prediction_component,224,282,89088.0,1.0605234951124807e-05,1.2720171370770057e-08,2.0,1,33.421549934136806,0.05984162924644012,0.4916354182559475,2.4,1,,102,126,110,120,135,156,-7.895507037675149,0.6931471805599453,0.9372088735620878,True,1,absent,0.5255652568220824
BraTS-GLI-02866-101,sustraccion,prediction_component,225,12,5376.0,3.04433440619409e-05,1.0481829363285631e-07,1.4142135623730951,1,5.830951894845301,0.24253562503633297,0.9957510787676723,1.3333333333333333,0,,102,106,143,146,129,132,-6.979562914580636,0.0,0.9999864375771123,True,1,absent,0.5255652568220824
BraTS-GLI-02866-101,sustraccion,prediction_component,227,34,15104.0,1.831643510555156e-05,3.7943228103691766e-08,1.4142135623730951,1,11.180339887498949,0.12649110640673517,0.7036956967830031,1.6,0,,103,108,41,47,42,50,-7.42086572331605,0.0,0.9985622668320517,True,1,absent,0.5255652568220824
BraTS-GLI-02866-101,sustraccion,prediction_component,228,12,5376.0,3.04433440619409e-05,1.0481829363285631e-07,1.4142135623730951,1,5.830951894845301,0.24253562503633297,0.9957510787676723,1.3333333333333333,0,,103,107,108,111,37,40,-6.979562914580636,0.0,0.9999864375771123,True,1,absent,0.5255652568220824
BraTS-GLI-02866-101,sustraccion,prediction_component,229,17,7168.0,2.8012503667152895e-05,8.874752009735003e-08,1.4142135623730951,1,6.928203230275509,0.20412414523193154,0.8866010210973454,1.0,0,,103,107,128,132,137,141,-7.051843773744237,0.0,0.9999495028033363,True,1,absent,0.5255652568220824
BraTS-GLI-02866-101,sustraccion,prediction_component,230,46,16896.0,2.0945077921731866e-05,4.961538140913494e-08,1.4142135623730951,1,11.045361017187261,0.12803687993289598,0.6362462813425951,2.25,0,,103,107,141,146,32,41,-7.3043836657365855,0.0,0.9988719554366606,True,1,absent,0.5255652568220824
BraTS-GLI-02866-101,sustraccion,prediction_component,231,63,25344.0,1.5614490205110272e-05,2.7574521992978587e-08,1.4142135623730951,1,14.071247279470288,0.10050378152592122,0.5729248826285681,1.5,0,,103,112,168,174,44,53,-7.559492007359614,0.0,0.9942413727725528,True,1,absent,0.5255652568220824
BraTS-GLI-02866-101,sustraccion,prediction_component,232,76,33792.0,1.223468373860033e-05,1.6929255849430733e-08,1.4142135623730951,1,16.30950643030009,0.08671099695241201,0.5381954272789695,1.375,0,,103,114,176,184,115,124,-7.771362131530094,0.0,0.9823194316410018,True,1,absent,0.5255652568220824
BraTS-GLI-02866-101,sustraccion,prediction_component,235,53,18944.0,2.032676854618356e-05,4.672927655943371e-08,1.4142135623730951,1,11.180339887498949,0.12649110640673517,0.6069029442833568,1.6,0,,104,112,124,130,27,32,-7.330410942465478,0.0,0.9986027760064241,True,1,absent,0.5255652568220824
BraTS-GLI-02866-101,sustraccion,prediction_component,237,106,38912.0,1.3809582069686752e-05,2.156817726313052e-08,1.4142135623730951,1,21.047565179849187,0.06719131406833959,0.48169918609899903,2.142857142857143,0,,104,117,169,176,115,130,-7.666186555778904,0.0,0.9794044499204472,True,1,absent,0.5255652568220824
BraTS-GLI-02866-101,sustraccion,prediction_component,238,40,16128.0,1.952941432132664e-05,4.3135100260434693e-08,1.4142135623730951,1,11.357816691600547,0.12451456127293807,0.6665885822069456,2.0,0,,105,112,46,54,116,120,-7.365169188178948,0.0,0.9986331576352311,True,1,absent,0.5255652568220824
BraTS-GLI-02866-101,sustraccion,prediction_component,239,30,12032.0,2.273078948292489e-05,5.8436125505300024e-08,1.4142135623730951,1,9.273618495495704,0.15249857033260467,0.73367566779705,1.2,0,,105,110,72,78,149,154,-7.233318586841955,0.0,0.9995907948642809,True,1,absent,0.5255652568220824
BraTS-GLI-02866-101,sustraccion,prediction_component,240,12,6144.0,2.4917498197257264e-05,7.022006780482366e-08,1.4142135623730951,1,6.4031242374328485,0.2208630521496931,0.9957510787676723,1.3333333333333333,0,,105,108,101,105,146,150,-7.153538755513696,0.0,0.9999618273771178,True,1,absent,0.5255652568220824
BraTS-GLI-02866-101,sustraccion,prediction_component,241,77,26624.0,1.7724776524048054e-05,3.553153009912376e-08,1.4142135623730951,1,17.549928774784245,0.08058229640253803,0.5358554176060653,1.5,0,,106,114,68,80,124,134,-7.449386090025505,0.0,0.9937343094155516,True,1,absent,0.5255652568220824
BraTS-GLI-02866-101,sustraccion,prediction_component,242,291,79616.0,1.295365891772768e-05,1.8977425204311303e-08,1.7320508075688772,1,39.50949253027682,0.04383885230217969,0.4213333477938005,1.6875,0,,106,130,68,95,139,155,-7.721762711582826,0.0,0.954302035408074,True,1,absent,0.5255652568220824
BraTS-GLI-02866-101,sustraccion,prediction_component,244,19,8448.0,2.446936747720066e-05,6.771702339772293e-08,1.4142135623730951,1,7.810249675906654,0.1810714920850371,0.8543319874271107,2.0,0,,106,112,132,135,30,34,-7.169302140202132,0.0,0.9998687664821185,True,1,absent,0.5255652568220824
BraTS-GLI-02866-101,sustraccion,prediction_component,245,12,6144.0,2.4917498197257264e-05,7.022006780482366e-08,1.4142135623730951,1,6.4031242374328485,0.2208630521496931,0.9957510787676723,1.3333333333333333,0,,106,110,166,169,128,132,-7.153538755513696,0.0,0.9999618273771178,True,1,absent,0.5255652568220824
BraTS-GLI-02866-101,sustraccion,prediction_component,247,17,7680.0,2.5258472975227388e-05,7.215502078433436e-08,1.4142135623730951,1,7.0710678118654755,0.2,0.8866010210973454,1.6666666666666667,0,,107,110,73,77,98,103,-7.141733443876567,0.0,0.9999244221884876,True,1,absent,0.5255652568220824
BraTS-GLI-02866-101,sustraccion,prediction_component,248,17,7168.0,2.8012503667152895e-05,8.874752009735003e-08,1.4142135623730951,1,6.928203230275509,0.20412414523193154,0.8866010210973454,1.0,0,,107,111,74,78,119,123,-7.051843773744237,0.0,0.9999495028033363,True,1,absent,0.5255652568220824
BraTS-GLI-02866-101,sustraccion,prediction_component,249,12,5376.0,3.04433440619409e-05,1.0481829363285631e-07,1.4142135623730951,1,5.830951894845301,0.24253562503633297,0.9957510787676723,1.3333333333333333,0,,107,111,101,104,30,33,-6.979562914580636,0.0,0.9999864375771123,True,1,absent,0.5255652568220824
BraTS-GLI-02866-101,sustraccion,prediction_component,250,12,5376.0,3.04433440619409e-05,1.0481829363285631e-07,1.4142135623730951,1,5.830951894845301,0.24253562503633297,0.9957510787676723,1.3333333333333333,0,,107,111,104,107,42,45,-6.979562914580636,0.0,0.9999864375771123,True,1,absent,0.5255652568220824
BraTS-GLI-02866-101,sustraccion,prediction_component,251,23,9984.0,2.30553106064516e-05,6.01165886714234e-08,1.4142135623730951,1,8.18535277187245,0.17277368511627203,0.8016200827808712,2.3333333333333335,0,,107,110,114,121,87,90,-7.22100567151844,0.0,0.9997824660894439,True,1,absent,0.5255652568220824
BraTS-GLI-02866-101,sustraccion,prediction_component,252,66,21760.0,2.05615381089604e-05,4.781493519128832e-08,1.4142135623730951,1,14.317821063276353,0.09877295966495897,0.5641092516587063,2.4,0,,107,113,130,135,34,46,-7.320436428533268,0.0,0.9974280328582681,True,1,absent,0.5255652568220824
BraTS-GLI-02866-101,sustraccion,prediction_component,253,66,28672.0,1.3594303250235963e-05,2.090096223745981e-08,1.4142135623730951,1,14.035668847618199,0.10075854437197569,0.5641092516587063,2.5,0,,107,117,146,155,137,141,-7.679833719400935,0.0,0.9909092735517679,True,1,absent,0.5255652568220824
BraTS-GLI-02866-101,sustraccion,prediction_component,254,33,11776.0,2.5823627256239415e-05,7.542005803184315e-08,1.4142135623730951,1,9.848857801796104,0.14359163172354764,0.7107331206052484,1.2,0,,108,114,40,45,122,128,-7.122513137763075,0.0,0.9996533843921073,True,1,absent,0.5255652568220824
BraTS-GLI-02866-101,sustraccion,prediction_component,256,26,9728.0,2.7098047834857024e-05,8.304784808758266e-08,1.4142135623730951,1,7.54983443527075,0.1873171623163388,0.7695203069187393,1.25,0,,108,113,80,84,145,149,-7.080671616382922,0.0,0.9998898510134432,True,1,absent,0.5255652568220824
BraTS-GLI-02866-101,sustraccion,prediction_component,257,115,42496.0,1.312731057867627e-05,1.9489643452239235e-08,1.4142135623730951,1,23.706539182259394,0.05965499862718937,0.4687902682717867,2.2222222222222223,0,,108,128,96,105,23,32,-7.71019610588707,0.0,0.9713049012961473,True,1,absent,0.5255652568220824
BraTS-GLI-02866-101,sustraccion,prediction_component,258,100,33792.0,1.6098268077105698e-05,2.9309653478931325e-08,1.4142135623730951,1,17.69180601295413,0.07993607669774316,0.4911466666968849,2.3333333333333335,0,,108,117,135,141,126,140,-7.532989316091677,0.0,0.9901653140327155,True,1,absent,0.5255652568220824
BraTS-GLI-02866-101,sustraccion,prediction_component,259,47,19456.0,1.7318789017392454e-05,3.392246605500557e-08,1.4142135623730951,1,13.45362404707371,0.10511766624552735,0.6317015099045129,1.5,0,,108,116,175,184,105,111,-7.469512583445066,0.0,0.9968152772713843,True,1,absent,0.5255652568220824
BraTS-GLI-02866-101,sustraccion,prediction_component,261,14,7680.0,2.080109539136373e-05,4.8935585030206e-08,1.4142135623730951,1,7.810249675906654,0.1810714920850371,0.9458781407605124,2.0,0,,109,112,45,49,128,134,-7.310375215276639,0.0,0.9998350280829414,True,1,absent,0.5255652568220824
BraTS-GLI-02866-101,sustraccion,prediction_component,263,17,6912.0,2.9583075859084555e-05,9.897808063694699e-08,1.4142135623730951,1,6.557438524302,0.21566554640687685,0.8866010210973454,1.6666666666666667,0,,109,114,79,82,89,92,-7.004460972194542,0.0,0.999965693418326,True,1,absent,0.5255652568220824
BraTS-GLI-02866-101,sustraccion,prediction_component,264,102,32768.0,1.7195914192444765e-05,3.344282159918451e-08,1.7320508075688772,1,17.029386365926403,0.10170952554312154,0.5975718165557262,2.4,0,,109,121,79,90,23,28,-7.475697087893898,0.0,0.9961452968531852,True,1,absent,0.5255652568220824
BraTS-GLI-02866-101,sustraccion,prediction_component,265,19,7680.0,2.8230058031136492e-05,9.013135814236922e-08,1.4142135623730951,1,7.54983443527075,0.1873171623163388,0.8543319874271107,1.25,0,,109,114,138,142,35,39,-7.0451240847274565,0.0,0.9999255780780073,True,1,absent,0.5255652568220824
BraTS-GLI-02866-101,sustraccion,prediction_component,267,19,7680.0,2.8230058031136492e-05,9.013135814236922e-08,1.4142135623730951,1,7.54983443527075,0.1873171623163388,0.8543319874271107,1.25,0,,110,115,57,61,33,37,-7.0451240847274565,0.0,0.9999255780780073,True,1,absent,0.5255652568220824
BraTS-GLI-02866-101,sustraccion,prediction_component,268,149,42752.0,1.6855887099958246e-05,3.213332014277933e-08,2.0,1,20.445048300260872,0.0978231976089037,0.6081314202448924,1.7777777777777777,1,,110,119,58,74,142,151,-7.493044399092329,0.6931471805599453,0.9946876411216428,True,1,absent,0.5255652568220824
BraTS-GLI-02866-101,sustraccion,prediction_component,271,16,6656.0,2.9464563572443515e-05,9.818664009850627e-08,1.4142135623730951,1,6.4031242374328485,0.2208630521496931,0.9046998952817776,1.3333333333333333,0,,110,114,149,152,82,86,-7.007947601074732,0.0,0.9999701751106141,True,1,absent,0.5255652568220824
BraTS-GLI-02866-101,sustraccion,prediction_component,272,129,37120.0,1.8037558764029593e-05,3.6796616914394776e-08,1.4142135623730951,1,18.708286933869708,0.07559289460184544,0.45117805133447814,1.4444444444444444,0,,111,120,94,104,141,154,-7.434192108580555,0.0,0.9915606877069554,True,1,absent,0.5255652568220824
BraTS-GLI-02866-101,sustraccion,prediction_component,273,33,15360.0,1.7335130537223953e-05,3.398651281753465e-08,1.4142135623730951,1,11.180339887498949,0.12649110640673517,0.7107331206052484,1.6,0,,111,116,118,124,27,35,-7.468693393869284,0.0,0.9983266686260726,True,1,absent,0.5255652568220824
BraTS-GLI-02866-101,sustraccion,prediction_component,275,12,5376.0,3.04433440619409e-05,1.0481829363285631e-07,1.4142135623730951,1,5.830951894845301,0.24253562503633297,0.9957510787676723,1.3333333333333333,0,,112,115,48,51,79,83,-6.979562914580636,0.0,0.9999864375771123,True,1,absent,0.5255652568220824
BraTS-GLI-02866-101,sustraccion,prediction_component,276,26,10240.0,2.5091314442253987e-05,7.120314875409119e-08,1.4142135623730951,1,8.246211251235321,0.17149858514250885,0.7695203069187393,1.5,0,,112,118,83,87,104,108,-7.1475008005163785,0.0,0.9998116167030109,True,1,absent,0.5255652568220824
BraTS-GLI-02866-101,sustraccion,prediction_component,277,17,7168.0,2.8012503667152895e-05,8.874752009735003e-08,1.4142135623730951,1,6.928203230275509,0.20412414523193154,0.8866010210973454,1.0,0,,112,116,90,94,132,136,-7.051843773744237,0.0,0.9999495028033363,True,1,absent,0.5255652568220824
BraTS-GLI-02866-101,sustraccion,prediction_component,279,22,8448.0,2.8332951815706027e-05,9.078958261633766e-08,1.4142135623730951,1,7.3484692283495345,0.19245008972987526,0.8135863258112027,2.0,0,,112,115,160,166,87,90,-7.041963980463377,0.0,0.9999241140080865,True,1,absent,0.5255652568220824
BraTS-GLI-02866-101,sustraccion,prediction_component,280,56,24832.0,1.4311016341686802e-05,2.316292114815382e-08,1.4142135623730951,1,18.05547008526779,0.07832604499879574,0.5958658900897977,2.1666666666666665,0,,112,123,175,181,68,81,-7.635206671260462,0.0,0.9893896163793231,True,1,absent,0.5255652568220824
BraTS-GLI-02866-101,sustraccion,prediction_component,282,54,18432.0,2.1579186437577742e-05,5.266505085361775e-08,1.4142135623730951,1,11.74734012447073,0.12038585308576921,0.6031332635211851,1.6,0,,113,121,127,134,137,142,-7.278477492121996,0.0,0.9986887799030517,True,1,absent,0.5255652568220824
BraTS-GLI-02866-101,sustraccion,prediction_component,284,77,28672.0,1.5860020458608624e-05,2.84485319343203e-08,1.4142135623730951,1,16.0312195418814,0.08821621827824618,0.5358554176060653,1.7142857142857142,0,,115,123,92,104,86,93,-7.545940140139709,0.0,0.9922887112687153,True,1,absent,0.5255652568220824
BraTS-GLI-02866-101,sustraccion,prediction_component,287,12,6144.0,2.4917498197257264e-05,7.022006780482366e-08,1.4142135623730951,1,6.4031242374328485,0.2208630521496931,0.9957510787676723,1.3333333333333333,0,,115,119,158,162,47,50,-7.153538755513696,0.0,0.9999618273771178,True,1,absent,0.5255652568220824
BraTS-GLI-02866-101,sustraccion,prediction_component,288,12,6144.0,2.4917498197257264e-05,7.022006780482366e-08,1.4142135623730951,1,6.4031242374328485,0.2208630521496931,0.9957510787676723,1.3333333333333333,0,,115,119,166,170,122,125,-7.153538755513696,0.0,0.9999618273771178,True,1,absent,0.5255652568220824
BraTS-GLI-02866-101,sustraccion,prediction_component,291,12,6144.0,2.4917498197257264e-05,7.022006780482366e-08,1.4142135623730951,1,6.4031242374328485,0.2208630521496931,0.9957510787676723,1.3333333333333333,0,,116,120,84,87,125,129,-7.153538755513696,0.0,0.9999618273771178,True,1,absent,0.5255652568220824
BraTS-GLI-02866-101,sustraccion,prediction_component,292,14,6912.0,2.4362533060422576e-05,6.712700278491907e-08,1.4142135623730951,1,7.0710678118654755,0.2,0.9458781407605124,1.6666666666666667,0,,117,120,43,48,120,124,-7.1731027435946135,0.0,0.9999295160342189,True,1,absent,0.5255652568220824
BraTS-GLI-02866-101,sustraccion,prediction_component,293,14,6912.0,2.4362533060422576e-05,6.712700278491907e-08,1.4142135623730951,1,7.0710678118654755,0.2,0.9458781407605124,1.6666666666666667,0,,117,121,70,73,115,120,-7.1731027435946135,0.0,0.9999295160342189,True,1,absent,0.5255652568220824
BraTS-GLI-02866-101,sustraccion,prediction_component,296,24,11520.0,1.9410312304685675e-05,4.261057744126781e-08,1.4142135623730951,1,9.695359714832659,0.14586499149789456,0.7903281549671363,2.3333333333333335,0,,117,124,144,147,133,139,-7.3704825803769465,0.0,0.9993609209972897,True,1,absent,0.5255652568220824
BraTS-GLI-02866-101,sustraccion,prediction_component,297,63,25088.0,1.5854096158220385e-05,2.8427282759803662e-08,1.4142135623730951,1,15.165750888103101,0.09325048082403138,0.5729248826285681,1.4285714285714286,0,,118,127,44,54,70,77,-7.546264650644448,0.0,0.9937232099802072,True,1,absent,0.5255652568220824
BraTS-GLI-02866-101,sustraccion,prediction_component,299,73,19968.0,2.5871464184118182e-05,7.569974031900172e-08,2.0,1,11.532562594670797,0.173421993904824,0.7714099661555331,2.25,1,,118,127,132,138,87,91,-7.120905610304657,0.6931471805599453,0.9997956296900772,True,1,absent,0.5255652568220824
BraTS-GLI-02866-101,sustraccion,prediction_component,302,12,6144.0,2.4917498197257264e-05,7.022006780482366e-08,1.4142135623730951,1,6.4031242374328485,0.2208630521496931,0.9957510787676723,1.3333333333333333,0,,119,123,165,169,119,122,-7.153538755513696,0.0,0.9999618273771178,True,1,absent,0.5255652568220824
BraTS-GLI-02866-101,sustraccion,prediction_component,303,30,11264.0,2.509471640107008e-05,7.122245795380311e-08,1.4142135623730951,1,8.774964387392123,0.16116459280507606,0.73367566779705,1.5,0,,120,124,47,52,57,63,-7.147383042493365,0.0,0.9997450434484012,True,1,absent,0.5255652568220824
BraTS-GLI-02866-101,sustraccion,prediction_component,305,34,11264.0,2.8440678587879426e-05,9.148129043844044e-08,1.4142135623730951,1,8.774964387392123,0.16116459280507606,0.7036956967830031,1.5,0,,120,125,85,91,25,29,-7.038667717848179,0.0,0.9998115106426572,True,1,absent,0.5255652568220824
BraTS-GLI-02866-101,sustraccion,prediction_component,306,50,19200.0,1.879395407518313e-05,3.9947416351188576e-08,1.4142135623730951,1,12.36931687685298,0.11433239009500591,0.6188060239571066,1.6,0,,120,128,101,106,138,146,-7.39851130397719,0.0,0.9978398635788153,True,1,absent,0.5255652568220824
BraTS-GLI-02866-101,sustraccion,prediction_component,307,21,9984.0,2.1050500988499285e-05,5.011609755027925e-08,1.4142135623730951,1,8.12403840463596,0.17407765595569785,0.8263006657894747,1.25,0,,120,124,159,164,122,127,-7.300022754085787,0.0,0.999737903755163,True,1,absent,0.5255652568220824
BraTS-GLI-02866-101,sustraccion,prediction_component,310,19,9984.0,1.9045691370546972e-05,4.102474198560274e-08,1.4142135623730951,1,8.774964387392123,0.16116459280507606,0.8543319874271107,1.5,0,,121,127,62,67,44,48,-7.386954141647967,0.0,0.9995811781737599,True,1,absent,0.5255652568220824
BraTS-GLI-02866-101,sustraccion,prediction_component,311,20,8192.0,2.6973983046972178e-05,8.228914195877773e-08,1.4142135623730951,1,6.928203230275509,0.20412414523193154,0.8398489863421099,1.0,0,,121,125,66,70,112,116,-7.084657466105883,0.0,0.9999342348039395,True,1,absent,0.5255652568220824
BraTS-GLI-02866-101,sustraccion,prediction_component,312,12,5376.0,3.04433440619409e-05,1.0481829363285631e-07,1.4142135623730951,1,5.830951894845301,0.24253562503633297,0.9957510787676723,1.3333333333333333,0,,121,124,90,94,83,86,-6.979562914580636,0.0,0.9999864375771123,True,1,absent,0.5255652568220824
BraTS-GLI-02866-101,sustraccion,prediction_component,314,84,27648.0,1.827189979531693e-05,3.775893906651697e-08,1.4142135623730951,1,14.45683229480096,0.0978231976089037,0.5205368011851539,1.125,0,,122,130,54,63,120,128,-7.422980216811213,0.0,0.9956583047239437,True,1,absent,0.5255652568220824
BraTS-GLI-02866-101,sustraccion,prediction_component,315,60,20992.0,1.9727430582158656e-05,4.4014261678855244e-08,1.4142135623730951,1,12.206555615733702,0.11585688927269847,0.5823187634322541,1.3333333333333333,0,,122,129,58,64,61,69,-7.356406578857991,0.0,0.9979819983246986,True,1,absent,0.5255652568220824
BraTS-GLI-02866-101,sustraccion,prediction_component,316,205,56320.0,1.5337687744691565e-05,2.6605544848965116e-08,2.0,1,21.97726097583591,0.09100315103865801,0.5467744911428386,3.4,2,,122,135,74,91,88,93,-7.575027842829238,1.0986122886681098,0.988893162171803,True,1,absent,0.5255652568220824
BraTS-GLI-02866-101,sustraccion,prediction_component,319,63,19712.0,2.2763787023631513e-05,5.8605908259129414e-08,1.4142135623730951,1,11.575836902790225,0.12216944435630524,0.5729248826285681,1.1666666666666667,0,,123,130,70,77,132,138,-7.23205859908441,0.0,0.9988230464750133,True,1,absent,0.5255652568220824
BraTS-GLI-02866-101,sustraccion,prediction_component,321,136,46336.0,1.3635186988736434e-05,2.1026867095093998e-08,1.4142135623730951,1,20.445048300260872,0.06917144638660747,0.44330051054867275,2.142857142857143,0,,123,135,74,81,118,133,-7.677225430341246,0.0,0.976785582860964,True,1,absent,0.5255652568220824
BraTS-GLI-02866-101,sustraccion,prediction_component,323,20,7936.0,2.8289645606535866e-05,9.051225550351545e-08,1.4142135623730951,1,7.0710678118654755,0.2,0.8398489863421099,1.6666666666666667,0,,124,129,65,69,89,92,-7.043292612648983,0.0,0.9999389071750434,True,1,absent,0.5255652568220824
BraTS-GLI-02866-101,sustraccion,prediction_component,325,12,5376.0,3.04433440619409e-05,1.0481829363285631e-07,1.4142135623730951,1,5.830951894845301,0.24253562503633297,0.9957510787676723,1.3333333333333333,0,,124,127,79,83,43,46,-6.979562914580636,0.0,0.9999864375771123,True,1,absent,0.5255652568220824
BraTS-GLI-02866-101,sustraccion,prediction_component,326,49,19456.0,1.805575876281341e-05,3.687091036580732e-08,1.4142135623730951,1,14.035668847618199,0.10075854437197569,0.6229872725752906,2.5,0,,124,133,144,148,123,133,-7.433316139259475,0.0,0.9968891313062802,True,1,absent,0.5255652568220824
BraTS-GLI-02866-101,sustraccion,prediction_component,327,14,6144.0,2.9070414563466808e-05,9.557731451212109e-08,1.4142135623730951,1,6.928203230275509,0.20412414523193154,0.9458781407605124,1.0,0,,125,129,73,77,100,104,-7.019645176252469,0.0,0.9999626196017813,True,1,absent,0.5255652568220824
BraTS-GLI-02866-101,sustraccion,prediction_component,328,21,8448.0,2.704509036953757e-05,8.272356597893577e-08,1.4142135623730951,1,7.54983443527075,0.1873171623163388,0.8263006657894747,1.25,0,,125,130,103,107,31,35,-7.082370752639951,0.0,0.9999070567015357,True,1,absent,0.5255652568220824
BraTS-GLI-02866-101,sustraccion,prediction_component,330,38,17408.0,1.6544752684435056e-05,3.0958002618613485e-08,1.4142135623730951,1,11.575836902790225,0.12216944435630524,0.6780837477859392,1.1666666666666667,0,,126,132,50,57,107,114,-7.509227067359216,0.0,0.9976767415860366,True,1,absent,0.5255652568220824
BraTS-GLI-02866-101,sustraccion,prediction_component,332,17,6912.0,2.9583075859084555e-05,9.897808063694699e-08,1.4142135623730951,1,6.557438524302,0.21566554640687685,0.8866010210973454,1.6666666666666667,0,,126,131,93,96,33,36,-7.004460972194542,0.0,0.999965693418326,True,1,absent,0.5255652568220824
BraTS-GLI-02866-101,sustraccion,prediction_component,334,104,26880.0,2.3598774085437e-05,6.298414799627632e-08,2.23606797749979,1,14.45683229480096,0.1546720562224365,0.7664845857944516,3.0,1,,127,139,86,93,87,91,-7.200768741086381,0.6931471805599453,0.9996070980088163,True,1,absent,0.5255652568220824
BraTS-GLI-02866-101,sustraccion,prediction_component,336,114,45824.0,1.1621584837328787e-05,1.5275065713531992e-08,1.4142135623730951,1,29.171904291629644,0.04847861655637196,0.4701570114813131,1.9090909090909092,0,,127,144,109,120,37,58,-7.816016912740862,0.0,0.949500641882093,True,1,absent,0.5255652568220824
BraTS-GLI-02866-101,sustraccion,prediction_component,337,16,6656.0,2.9464563572443515e-05,9.818664009850627e-08,1.4142135623730951,1,6.4031242374328485,0.2208630521496931,0.9046998952817776,1.3333333333333333,0,,128,132,66,70,109,112,-7.007947601074732,0.0,0.9999701751106141,True,1,absent,0.5255652568220824
BraTS-GLI-02866-101,sustraccion,prediction_component,338,12,6144.0,2.4917498197257264e-05,7.022006780482366e-08,1.4142135623730951,1,6.4031242374328485,0.2208630521496931,0.9957510787676723,1.3333333333333333,0,,128,132,69,72,86,90,-7.153538755513696,0.0,0.9999618273771178,True,1,absent,0.5255652568220824
BraTS-GLI-02866-101,sustraccion,prediction_component,339,21,9984.0,2.1050500988499285e-05,5.011609755027925e-08,1.4142135623730951,1,9.848857801796104,0.14359163172354764,0.8263006657894747,1.2,0,,128,134,132,137,130,136,-7.300022754085787,0.0,0.9995383224487301,True,1,absent,0.5255652568220824
BraTS-GLI-02866-101,sustraccion,prediction_component,341,12,6144.0,2.4917498197257264e-05,7.022006780482366e-08,1.4142135623730951,1,6.4031242374328485,0.2208630521496931,0.9957510787676723,1.3333333333333333,0,,129,133,60,64,56,59,-7.153538755513696,0.0,0.9999618273771178,True,1,absent,0.5255652568220824
BraTS-GLI-02866-101,sustraccion,prediction_component,342,36,16896.0,1.639180011265972e-05,3.0388248726955995e-08,1.4142135623730951,1,11.74734012447073,0.12038585308576921,0.6904152369103725,1.6,0,,129,137,60,65,107,114,-7.517294327565159,0.0,0.9976199224370472,True,1,absent,0.5255652568220824
BraTS-GLI-02866-101,sustraccion,prediction_component,343,25,11520.0,2.021907531738091e-05,4.6235435591653447e-08,1.4142135623730951,1,8.774964387392123,0.16116459280507606,0.7796467353853097,1.5,0,,130,135,63,67,119,125,-7.335025046456083,0.0,0.9995628542799568,True,1,absent,0.5255652568220824
BraTS-GLI-02866-101,sustraccion,prediction_component,348,277,92160.0,9.900703846872299e-06,1.1086246054724927e-08,1.7320508075688772,1,45.39823785126467,0.038152379685825785,0.4283152860425708,2.375,0,,131,150,60,76,95,133,-7.955215486647092,0.0,0.891540955014266,True,1,absent,0.5255652568220824
BraTS-GLI-02866-101,sustraccion,prediction_component,350,46,18688.0,1.800584857603143e-05,3.6667353081229503e-08,1.4142135623730951,1,13.038404810405298,0.10846522890932808,0.6362462813425951,1.8,0,,132,140,130,135,47,56,-7.435720439472347,0.0,0.9973886635712903,True,1,absent,0.5255652568220824
BraTS-GLI-02866-101,sustraccion,prediction_component,354,14,6912.0,2.4362533060422576e-05,6.712700278491907e-08,1.4142135623730951,1,7.0710678118654755,0.2,0.9458781407605124,1.6666666666666667,0,,135,138,57,61,104,109,-7.1731027435946135,0.0,0.9999295160342189,True,1,absent,0.5255652568220824
BraTS-GLI-02866-101,sustraccion,prediction_component,355,29,14592.0,1.645226766159808e-05,3.0612860066472505e-08,1.4142135623730951,1,12.0,0.11785113019775793,0.742013605090188,2.0,0,,135,143,120,124,125,133,-7.51409609369369,0.0,0.9978979604394485,True,1,absent,0.5255652568220824
BraTS-GLI-02866-101,sustraccion,prediction_component,356,42,16128.0,2.050588503739297e-05,4.755644803712925e-08,1.4142135623730951,1,11.445523142259598,0.1235604126430431,0.6558352730581178,1.8,0,,136,141,133,142,58,63,-7.322790590039072,0.0,0.9987666921709664,True,1,absent,0.5255652568220824
BraTS-GLI-02866-101,sustraccion,prediction_component,357,36,16384.0,1.71661376953125e-05,3.332710249330498e-08,1.4142135623730951,1,12.083045973594572,0.11704114719613057,0.6904152369103725,2.25,0,,137,144,108,112,126,135,-7.4772024428912145,0.0,0.9978102908674928,True,1,absent,0.5255652568220824
BraTS-GLI-02866-101,sustraccion,prediction_component,359,68,28160.0,1.4389971606156843e-05,2.3419210352240752e-08,1.4142135623730951,1,18.05547008526779,0.07832604499879574,0.5585236446694171,2.0,0,,140,149,82,89,49,63,-7.63042775253633,0.0,0.9883052237543987,True,1,absent,0.5255652568220824
BraTS-GLI-02866-101,sustraccion,prediction_component,360,14,6144.0,2.9070414563466808e-05,9.557731451212109e-08,1.4142135623730951,1,6.928203230275509,0.20412414523193154,0.9458781407605124,1.0,0,,140,144,101,105,46,50,-7.019645176252469,0.0,0.9999626196017813,True,1,absent,0.5255652568220824
BraTS-GLI-02866-101,sustraccion,prediction_component,361,81,23040.0,2.3161213331311374e-05,6.067013858336764e-08,2.0,1,13.601470508735444,0.14704292441876154,0.7451285303198861,1.6666666666666667,1,,140,146,116,126,117,124,-7.217025013034803,0.6931471805599453,0.9994869082366564,True,1,absent,0.5255652568220824
BraTS-GLI-02866-101,sustraccion,prediction_component,363,46,15616.0,2.357236358908017e-05,6.284324984734695e-08,1.4142135623730951,1,11.180339887498949,0.12649110640673517,0.6362462813425951,1.6,0,,143,148,63,71,78,84,-7.20174136414328,0.0,0.9992002571288203,True,1,absent,0.5255652568220824
BraTS-GLI-02866-101,sustraccion,prediction_component,366,28,11008.0,2.4243504549605575e-05,6.647267766690037e-08,1.4142135623730951,1,7.54983443527075,0.1873171623163388,0.7507439778384809,1.25,0,,145,149,127,132,74,78,-7.177356826528449,0.0,0.9998341077391618,True,1,absent,0.5255652568220824
BraTS-GLI-02866-101,sustraccion,prediction_component,369,12,6144.0,2.4917498197257264e-05,7.022006780482366e-08,1.4142135623730951,1,6.4031242374328485,0.2208630521496931,0.9957510787676723,1.3333333333333333,0,,150,153,112,116,98,102,-7.153538755513696,0.0,0.9999618273771178,True,1,absent,0.5255652568220824
BraTS-GLI-02866-101,gmm_2d,prediction_component,1,173,41472.0,2.048394652236461e-05,4.7454744575534835e-08,2.23606797749979,1,18.05547008526779,0.12384435115451749,0.6468930782611862,2.0,1,,24,38,83,92,99,106,-7.32372035984443,0.6931471805599453,0.9984239986356855,True,1,absent,0.5255652568220824
BraTS-GLI-02866-101,gmm_2d,prediction_component,2,1033,187648.0,1.2708210841795055e-05,1.8265063930265983e-08,2.23606797749979,1,39.05124837953327,0.057259833431386825,0.35657243332897826,1.3888888888888888,1,,29,47,61,86,41,65,-7.7383788033582706,0.6931471805599453,0.9430737590415808,True,1,absent,0.5255652568220824
BraTS-GLI-02866-101,gmm_2d,prediction_component,3,522,122880.0,1.2118495306129315e-05,1.6609240412959697e-08,2.23606797749979,1,32.046840717924134,0.06977498959044451,0.4476697037148928,1.4,2,,29,44,70,89,121,142,-7.779650228596365,1.0986122886681098,0.9545149290348923,True,1,absent,0.5255652568220824
BraTS-GLI-02866-101,gmm_2d,prediction_component,4,25,9984.0,2.5060120224403912e-05,7.102621534903521e-08,1.7320508075688772,1,8.660254037844387,0.19999999999999996,0.9548683406603533,1.0,0,,36,41,56,61,132,137,-7.14858132620955,0.0,0.9999372968689848,True,1,absent,0.5255652568220824
BraTS-GLI-02866-101,gmm_2d,prediction_component,5,25069,3262720.0,4.253704362784872e-06,2.046383280219564e-09,4.47213595499958,2,207.84850252046562,0.021516325115497212,0.24631953960255148,1.1891891891891893,24,,38,154,26,137,23,155,-8.689013021212785,3.2188758248682006,0.0791770134068169,False,1,absent,0.5255652568220824
BraTS-GLI-02866-101,gmm_2d,prediction_component,6,83,21504.0,2.6320807886886403e-05,7.835212943107065e-08,2.23606797749979,1,12.206555615733702,0.18318582636182795,0.8263331476840473,1.3333333333333333,1,,38,44,83,90,69,77,-7.105949195907625,0.6931471805599453,0.9998638189677697,True,1,absent,0.5255652568220824
BraTS-GLI-02866-101,gmm_2d,prediction_component,7,135,37120.0,1.8876514985612365e-05,4.029916130429931e-08,2.23606797749979,1,17.46424919657298,0.128036879932896,0.7026460606787791,2.1666666666666665,1,,39,45,109,119,51,64,-7.39470399218904,0.6931471805599453,0.9984126085667069,True,1,absent,0.5255652568220824
BraTS-GLI-02866-101,gmm_2d,prediction_component,8,25,9984.0,2.5060120224403912e-05,7.102621534903521e-08,1.7320508075688772,1,8.660254037844387,0.19999999999999996,0.9548683406603533,1.0,0,,40,45,90,95,108,113,-7.14858132620955,0.0,0.9999372968689848,True,1,absent,0.5255652568220824
BraTS-GLI-02866-101,gmm_2d,prediction_component,9,2792,481536.0,8.355496712231278e-06,7.895814174118048e-09,3.7416573867739413,1,63.54525946126902,0.058881770544260505,0.42833978690960467,1.0857142857142856,7,,40,78,102,139,49,84,-8.102603081223018,2.0794415416798357,0.7853359067503748,True,1,absent,0.5255652568220824
BraTS-GLI-02866-101,gmm_2d,prediction_component,10,92,29440.0,1.821298453594363e-05,3.751583448633361e-08,1.7320508075688772,1,14.352700094407323,0.12067769800636945,0.6184826978494664,1.8333333333333333,0,,43,50,124,135,68,74,-7.4257853888438525,0.0,0.997877819400277,True,1,absent,0.5255652568220824
BraTS-GLI-02866-101,gmm_2d,prediction_component,11,69,20224.0,2.3991008567758497e-05,6.509526287089152e-08,1.7320508075688772,1,12.206555615733702,0.14189513095212064,0.6807282909996718,1.3333333333333333,0,,44,51,47,53,44,52,-7.1864506148709415,0.0,0.9995048041348482,True,1,absent,0.5255652568220824
BraTS-GLI-02866-101,gmm_2d,prediction_component,12,117,28928.0,2.3779802786418197e-05,6.395417052312272e-08,2.23606797749979,1,13.30413469565007,0.1680731613632036,0.7369747096728664,1.1428571428571428,1,,44,51,143,151,126,134,-7.194131129432064,0.6931471805599453,0.99967232084842,True,1,absent,0.5255652568220824
BraTS-GLI-02866-101,gmm_2d,prediction_component,13,59,20736.0,1.975898062414266e-05,4.415515810549949e-08,1.7320508075688772,1,12.206555615733702,0.14189513095212064,0.71719869927557,1.3333333333333333,0,,49,57,139,145,40,47,-7.355018555825788,0.0,0.9991842326749193,True,1,absent,0.5255652568220824
BraTS-GLI-02866-101,gmm_2d,prediction_component,14,1640,325888.0,8.81538520961175e-06,8.788908895411992e-09,3.0,1,66.76825593049439,0.04493153158175935,0.4100808683571289,1.46875,4,,54,89,123,155,26,73,-8.056065037339698,1.6094379124341003,0.7857275401806005,True,1,absent,0.5255652568220824
BraTS-GLI-02866-101,gmm_2d,prediction_component,15,25,9984.0,2.5060120224403912e-05,7.102621534903521e-08,1.7320508075688772,1,8.660254037844387,0.19999999999999996,0.9548683406603533,1.0,0,,55,60,78,83,47,52,-7.14858132620955,0.0,0.9999372968689848,True,1,absent,0.5255652568220824
BraTS-GLI-02866-101,gmm_2d,prediction_component,16,208,46848.0,2.051288533642727e-05,4.7588923219835095e-08,2.449489742783178,1,20.149441679609886,0.12156613477096614,0.6664241345196262,1.6666666666666667,1,,55,64,99,114,146,156,-7.322494121739893,0.6931471805599453,0.9984592926357355,True,1,absent,0.5255652568220824
BraTS-GLI-02866-101,gmm_2d,prediction_component,17,156,39936.0,1.954689377503505e-05,4.321234941835302e-08,2.23606797749979,1,17.97220075561143,0.12441815044835988,0.6695859606715264,1.2222222222222223,1,,55,64,107,118,103,114,-7.364392120828589,0.6931471805599453,0.9983153357615939,True,1,absent,0.5255652568220824
BraTS-GLI-02866-101,gmm_2d,prediction_component,18,131,40192.0,1.6257803459839412e-05,2.989345494189725e-08,1.7320508075688772,1,18.788294228055936,0.09218776257945031,0.5497514690702996,1.875,0,,56,64,90,105,21,29,-7.5244238883903005,0.0,0.9936465327953006,True,1,absent,0.5255652568220824
BraTS-GLI-02866-101,gmm_2d,prediction_component,19,91,25600.0,2.2216796875e-05,5.58232686232075e-08,1.7320508075688772,1,12.727922061357855,0.13608276348795434,0.6207399539808366,1.1428571428571428,0,,57,64,84,91,119,127,-7.2531847378319405,0.0,0.9991535334429674,True,1,absent,0.5255652568220824
BraTS-GLI-02866-101,gmm_2d,prediction_component,20,99,24832.0,2.529983246119631e-05,7.23915147235509e-08,2.23606797749979,1,12.68857754044952,0.17622684421256035,0.7791770286860561,2.0,1,,57,67,108,113,87,93,-7.140312336077763,0.6931471805599453,0.999796783835989,True,1,absent,0.5255652568220824
BraTS-GLI-02866-101,gmm_2d,prediction_component,21,25,9984.0,2.5060120224403912e-05,7.102621534903521e-08,1.7320508075688772,1,8.660254037844387,0.19999999999999996,0.9548683406603533,1.0,0,,58,63,102,107,154,159,-7.14858132620955,0.0,0.9999372968689848,True,1,absent,0.5255652568220824
BraTS-GLI-02866-101,gmm_2d,prediction_component,22,38,12544.0,2.7047649416909622e-05,8.273922157753891e-08,1.7320508075688772,1,9.273618495495704,0.18677184190940707,0.8304795924748166,1.2,0,,61,66,54,59,121,127,-7.082288569326049,0.0,0.9999073465642991,True,1,absent,0.5255652568220824
BraTS-GLI-02866-101,gmm_2d,prediction_component,23,300,71424.0,1.5716469781408815e-05,2.7935881328245504e-08,2.449489742783178,1,23.853720883753127,0.10268795190152225,0.5898361824478,2.5714285714285716,2,,61,68,49,67,110,124,-7.553837622855595,1.0986122886681098,0.9927293182502872,True,1,absent,0.5255652568220824
BraTS-GLI-02866-101,gmm_2d,prediction_component,24,231,56064.0,1.740146689612332e-05,3.42471229392895e-08,2.449489742783178,1,21.840329667841555,0.11215443081840884,0.6435285736343933,1.6,3,,61,71,56,67,58,74,-7.465375907210194,1.3862943611198906,0.9958858974817878,True,1,absent,0.5255652568220824
BraTS-GLI-02866-101,gmm_2d,prediction_component,25,44,13824.0,2.7070862238995545e-05,8.288129935688987e-08,1.7320508075688772,1,10.392304845413264,0.16666666666666666,0.7908715233027805,1.0,0,,63,69,84,90,152,158,-7.081543448970658,0.0,0.9998482248433442,True,1,absent,0.5255652568220824
BraTS-GLI-02866-101,gmm_2d,prediction_component,26,25,9984.0,2.5060120224403912e-05,7.102621534903521e-08,1.7320508075688772,1,8.660254037844387,0.19999999999999996,0.9548683406603533,1.0,0,,63,68,105,110,100,105,-7.14858132620955,0.0,0.9999372968689848,True,1,absent,0.5255652568220824
BraTS-GLI-02866-101,gmm_2d,prediction_component,27,25,9984.0,2.5060120224403912e-05,7.102621534903521e-08,1.7320508075688772,1,8.660254037844387,0.19999999999999996,0.9548683406603533,1.0,0,,64,69,105,110,18,23,-7.14858132620955,0.0,0.9999372968689848,True,1,absent,0.5255652568220824
BraTS-GLI-02866-101,gmm_2d,prediction_component,28,349,78592.0,1.584009988229058e-05,2.8377112701106822e-08,2.449489742783178,1,24.372115213907882,0.1005037815259212,0.5608284276212908,1.25,2,,64,76,122,137,99,114,-7.547031794987327,1.0986122886681098,0.9919246489419441,True,1,absent,0.5255652568220824
BraTS-GLI-02866-101,gmm_2d,prediction_component,29,47,14592.0,2.6664020003279646e-05,8.040880842667987e-08,1.7320508075688772,1,9.848857801796104,0.17586311452816475,0.7736731845058752,1.2,0,,66,71,49,55,71,77,-7.094696373620167,0.0,0.9998584461552412,True,1,absent,0.5255652568220824
BraTS-GLI-02866-101,gmm_2d,prediction_component,30,25,9984.0,2.5060120224403912e-05,7.102621534903521e-08,1.7320508075688772,1,8.660254037844387,0.19999999999999996,0.9548683406603533,1.0,0,,66,71,120,125,87,92,-7.14858132620955,0.0,0.9999372968689848,True,1,absent,0.5255652568220824
BraTS-GLI-02866-101,gmm_2d,prediction_component,31,25,9984.0,2.5060120224403912e-05,7.102621534903521e-08,1.7320508075688772,1,8.660254037844387,0.19999999999999996,0.9548683406603533,1.0,0,,67,72,127,132,90,95,-7.14858132620955,0.0,0.9999372968689848,True,1,absent,0.5255652568220824
BraTS-GLI-02866-101,gmm_2d,prediction_component,32,497,114176.0,1.2882322069313935e-05,1.8768980316437987e-08,2.449489742783178,1,29.223278392404914,0.08381981343406689,0.49848607622329266,1.4615384615384615,4,,68,81,126,144,112,131,-7.726559321143889,1.6094379124341003,0.9704964083672316,True,1,absent,0.5255652568220824
BraTS-GLI-02866-101,gmm_2d,prediction_component,33,25,9984.0,2.5060120224403912e-05,7.102621534903521e-08,1.7320508075688772,1,8.660254037844387,0.19999999999999996,0.9548683406603533,1.0,0,,71,76,30,35,113,118,-7.14858132620955,0.0,0.9999372968689848,True,1,absent,0.5255652568220824
BraTS-GLI-02866-101,gmm_2d,prediction_component,34,44,13824.0,2.7070862238995545e-05,8.288129935688987e-08,1.7320508075688772,1,10.392304845413264,0.16666666666666666,0.7908715233027805,1.0,0,,71,77,53,59,78,84,-7.081543448970658,0.0,0.9998482248433442,True,1,absent,0.5255652568220824
BraTS-GLI-02866-101,gmm_2d,prediction_component,35,86,22784.0,2.5006533554398635e-05,7.072278591329502e-08,2.23606797749979,1,12.727922061357855,0.17568209223157663,0.8166106787449766,1.1428571428571428,1,,71,78,176,184,86,93,-7.15044063992173,0.6931471805599453,0.9998103549531021,True,1,absent,0.5255652568220824
BraTS-GLI-02866-101,gmm_2d,prediction_component,36,44,13824.0,2.7070862238995545e-05,8.288129935688987e-08,1.7320508075688772,1,10.392304845413264,0.16666666666666666,0.7908715233027805,1.0,0,,72,78,107,113,18,24,-7.081543448970658,0.0,0.9998482248433442,True,1,absent,0.5255652568220824
BraTS-GLI-02866-101,gmm_2d,prediction_component,37,25,9984.0,2.5060120224403912e-05,7.102621534903521e-08,1.7320508075688772,1,8.660254037844387,0.19999999999999996,0.9548683406603533,1.0,0,,73,78,138,143,84,89,-7.14858132620955,0.0,0.9999372968689848,True,1,absent,0.5255652568220824
BraTS-GLI-02866-101,gmm_2d,prediction_component,38,452,97280.0,1.4897146611022616e-05,2.5099123603085048e-08,2.449489742783178,1,25.96150997149434,0.09435081955836584,0.514508258380403,1.5833333333333333,2,,73,85,142,161,125,138,-7.600341442701794,1.0986122886681098,0.987372790489186,True,1,absent,0.5255652568220824
BraTS-GLI-02866-101,gmm_2d,prediction_component,39,25,9984.0,2.5060120224403912e-05,7.102621534903521e-08,1.7320508075688772,1,8.660254037844387,0.19999999999999996,0.9548683406603533,1.0,0,,77,82,92,97,156,161,-7.14858132620955,0.0,0.9999372968689848,True,1,absent,0.5255652568220824
BraTS-GLI-02866-101,gmm_2d,prediction_component,40,442,104960.0,1.2998299403317888e-05,1.9108449374728612e-08,2.23606797749979,1,41.14608122288197,0.05434461584293666,0.4731953288305728,1.2380952380952381,3,,77,101,162,188,114,135,-7.71877455393515,1.3862943611198906,0.9510296440823358,True,1,absent,0.5255652568220824
BraTS-GLI-02866-101,gmm_2d,prediction_component,41,82,22272.0,2.4670333787013734e-05,6.883390758779367e-08,2.23606797749979,1,12.206555615733702,0.18318582636182795,0.8296786624988554,1.3333333333333333,1,,77,84,168,176,95,101,-7.1621975755625495,0.6931471805599453,0.9998346627908764,True,1,absent,0.5255652568220824
BraTS-GLI-02866-101,gmm_2d,prediction_component,42,203,50944.0,1.7654542808855333e-05,3.525050346048846e-08,2.23606797749979,1,21.354156504062622,0.10471347707292389,0.6133135023490537,1.75,2,,80,94,113,127,149,157,-7.452834675876821,1.0986122886681098,0.9954770718660673,True,1,absent,0.5255652568220824
BraTS-GLI-02866-101,gmm_2d,prediction_component,43,65,18432.0,2.597494663782506e-05,7.630652944325616e-08,1.7320508075688772,1,11.575836902790225,0.14962640041614492,0.6944149224264771,1.1666666666666667,0,,82,89,182,188,80,87,-7.117438298482222,0.0,0.9996800125892581,True,1,absent,0.5255652568220824
BraTS-GLI-02866-101,gmm_2d,prediction_component,44,69,20480.0,2.3542585822675396e-05,6.268457677851852e-08,1.7320508075688772,1,11.74734012447073,0.14744195615489714,0.6807282909996718,1.6,0,,85,92,115,123,24,29,-7.202839301975447,0.0,0.999525868970975,True,1,absent,0.5255652568220824
BraTS-GLI-02866-101,gmm_2d,prediction_component,45,91,22016.0,2.7856963008473653e-05,8.77647072320794e-08,2.23606797749979,1,12.206555615733702,0.18318582636182795,0.8013718346977796,1.3333333333333333,1,,86,93,134,142,143,149,-7.056680091562644,0.6931471805599453,0.9998769802588214,True,1,absent,0.5255652568220824
BraTS-GLI-02866-101,gmm_2d,prediction_component,46,38,12544.0,2.7047649416909622e-05,8.273922157753891e-08,1.7320508075688772,1,9.273618495495704,0.18677184190940707,0.8304795924748166,1.2,0,,87,93,79,84,64,69,-7.082288569326049,0.0,0.9999073465642991,True,1,absent,0.5255652568220824
BraTS-GLI-02866-101,gmm_2d,prediction_component,47,383,101120.0,1.1910861716178698e-05,1.604496368875145e-08,2.23606797749979,1,29.88310559496787,0.07482716180196244,0.49634267154742584,1.5384615384615385,2,,89,102,102,120,83,103,-7.7946612614162625,1.0986122886681098,0.9620949004798941,True,1,absent,0.5255652568220824
BraTS-GLI-02866-101,gmm_2d,prediction_component,48,25,9984.0,2.5060120224403912e-05,7.102621534903521e-08,1.7320508075688772,1,8.660254037844387,0.19999999999999996,0.9548683406603533,1.0,0,,93,98,31,36,118,123,-7.14858132620955,0.0,0.9999372968689848,True,1,absent,0.5255652568220824
BraTS-GLI-02866-101,gmm_2d,prediction_component,49,25,9984.0,2.5060120224403912e-05,7.102621534903521e-08,1.7320508075688772,1,8.660254037844387,0.19999999999999996,0.9548683406603533,1.0,0,,93,98,72,77,22,27,-7.14858132620955,0.0,0.9999372968689848,True,1,absent,0.5255652568220824
BraTS-GLI-02866-101,gmm_2d,prediction_component,50,50,18688.0,1.95715745391646e-05,4.332154192016719e-08,1.7320508075688772,1,11.74734012447073,0.14744195615489714,0.757879504227687,1.6,0,,94,101,101,109,152,157,-7.3632960941634575,0.0,0.9993313988585203,True,1,absent,0.5255652568220824
BraTS-GLI-02866-101,gmm_2d,prediction_component,51,38,12544.0,2.7047649416909622e-05,8.273922157753891e-08,1.7320508075688772,1,9.273618495495704,0.18677184190940707,0.8304795924748166,1.2,0,,94,99,152,158,86,91,-7.082288569326049,0.0,0.9999073465642991,True,1,absent,0.5255652568220824
BraTS-GLI-02866-101,gmm_2d,prediction_component,52,25,9984.0,2.5060120224403912e-05,7.102621534903521e-08,1.7320508075688772,1,8.660254037844387,0.19999999999999996,0.9548683406603533,1.0,0,,95,100,28,33,105,110,-7.14858132620955,0.0,0.9999372968689848,True,1,absent,0.5255652568220824
BraTS-GLI-02866-101,gmm_2d,prediction_component,53,64,18944.0,2.4545531829353735e-05,6.813923701938073e-08,1.7320508075688772,1,11.180339887498949,0.15491933384829665,0.6980129914371896,1.6,0,,95,103,184,189,97,103,-7.166602733699282,0.0,0.9996571014313461,True,1,absent,0.5255652568220824
BraTS-GLI-02866-101,gmm_2d,prediction_component,54,1674,337920.0,8.521864193177785e-06,8.213373851232575e-09,3.1622776601683795,1,67.52777206453653,0.0468292905790847,0.4293166368418292,1.375,7,,96,136,155,187,48,92,-8.085478408777195,2.0794415416798357,0.7573840112737626,True,1,absent,0.5255652568220824
BraTS-GLI-02866-101,gmm_2d,prediction_component,55,25,9984.0,2.5060120224403912e-05,7.102621534903521e-08,1.7320508075688772,1,8.660254037844387,0.19999999999999996,0.9548683406603533,1.0,0,,97,102,82,87,21,26,-7.14858132620955,0.0,0.9999372968689848,True,1,absent,0.5255652568220824
BraTS-GLI-02866-101,gmm_2d,prediction_component,56,38,13824.0,2.3379381024587062e-05,6.181848980958109e-08,1.7320508075688772,1,9.848857801796104,0.17586311452816475,0.8304795924748166,1.2,0,,101,107,77,83,88,93,-7.2088816087094125,0.0,0.9998202678928552,True,1,absent,0.5255652568220824
BraTS-GLI-02866-101,gmm_2d,prediction_component,57,51,16384.0,2.4318695068359375e-05,6.688564319836902e-08,1.7320508075688772,1,10.488088481701515,0.1651445647689541,0.7528933105024771,1.4,0,,101,107,95,102,152,157,-7.1746670922299165,0.0,0.9997536552590456,True,1,absent,0.5255652568220824
BraTS-GLI-02866-101,gmm_2d,prediction_component,58,98,27904.0,2.102453410614805e-05,4.999253220967449e-08,2.23606797749979,1,14.071247279470288,0.15891043154093207,0.7818183269493157,1.4285714285714286,1,,104,114,33,40,104,111,-7.301094864911009,0.6931471805599453,0.9995014240678514,True,1,absent,0.5255652568220824
BraTS-GLI-02866-101,gmm_2d,prediction_component,59,76,21248.0,2.4537849912981416e-05,6.809659316756678e-08,2.23606797749979,1,11.74734012447073,0.19034674690672027,0.8509616882445303,1.6,1,,104,111,141,149,86,91,-7.166874615040767,0.6931471805599453,0.9998621736106739,True,1,absent,0.5255652568220824
BraTS-GLI-02866-101,gmm_2d,prediction_component,60,455,107264.0,1.2951808492332256e-05,1.8972003755192573e-08,2.23606797749979,1,41.892720131306824,0.05337605126836238,0.4686450919120993,1.7058823529411764,3,,105,130,67,96,139,156,-7.721886798058788,1.3862943611198906,0.9489678832129377,True,1,absent,0.5255652568220824
BraTS-GLI-02866-101,gmm_2d,prediction_component,61,332,96768.0,1.1029109181111548e-05,1.375730118954327e-08,2.23606797749979,1,37.76241517699841,0.05921411453740408,0.5205572634965101,2.4166666666666665,1,,107,136,142,154,38,59,-7.861466754577731,0.6931471805599453,0.9480832781720483,True,1,absent,0.5255652568220824
BraTS-GLI-02866-101,gmm_2d,prediction_component,62,38,13824.0,2.3379381024587062e-05,6.181848980958109e-08,1.7320508075688772,1,9.848857801796104,0.17586311452816475,0.8304795924748166,1.2,0,,108,114,178,184,106,111,-7.2088816087094125,0.0,0.9998202678928552,True,1,absent,0.5255652568220824
BraTS-GLI-02866-101,gmm_2d,prediction_component,63,25,9984.0,2.5060120224403912e-05,7.102621534903521e-08,1.7320508075688772,1,8.660254037844387,0.19999999999999996,0.9548683406603533,1.0,0,,110,115,39,44,122,127,-7.14858132620955,0.0,0.9999372968689848,True,1,absent,0.5255652568220824
BraTS-GLI-02866-101,gmm_2d,prediction_component,64,44,13824.0,2.7070862238995545e-05,8.288129935688987e-08,1.7320508075688772,1,10.392304845413264,0.16666666666666666,0.7908715233027805,1.0,0,,110,116,52,58,136,142,-7.081543448970658,0.0,0.9998482248433442,True,1,absent,0.5255652568220824
BraTS-GLI-02866-101,gmm_2d,prediction_component,65,80,25856.0,1.924190111018698e-05,4.18743742452775e-08,1.7320508075688772,1,13.92838827718412,0.12435400084345173,0.6479778613543024,1.2857142857142858,0,,110,118,169,176,116,125,-7.378051669838168,0.0,0.9984782760304547,True,1,absent,0.5255652568220824
BraTS-GLI-02866-101,gmm_2d,prediction_component,66,25,9984.0,2.5060120224403912e-05,7.102621534903521e-08,1.7320508075688772,1,8.660254037844387,0.19999999999999996,0.9548683406603533,1.0,0,,113,118,145,150,136,141,-7.14858132620955,0.0,0.9999372968689848,True,1,absent,0.5255652568220824
BraTS-GLI-02866-101,gmm_2d,prediction_component,67,217,54272.0,1.7163110338241587e-05,3.331534863875556e-08,2.23606797749979,1,22.11334438749598,0.10111848928487621,0.5998296931169057,2.0,1,,116,132,50,63,128,136,-7.477355637563323,0.6931471805599453,0.9951546819935086,True,1,absent,0.5255652568220824
BraTS-GLI-02866-101,gmm_2d,prediction_component,68,25,9984.0,2.5060120224403912e-05,7.102621534903521e-08,1.7320508075688772,1,8.660254037844387,0.19999999999999996,0.9548683406603533,1.0,0,,118,123,143,148,134,139,-7.14858132620955,0.0,0.9999372968689848,True,1,absent,0.5255652568220824
BraTS-GLI-02866-101,gmm_2d,prediction_component,69,25,9984.0,2.5060120224403912e-05,7.102621534903521e-08,1.7320508075688772,1,8.660254037844387,0.19999999999999996,0.9548683406603533,1.0,0,,123,128,96,101,27,32,-7.14858132620955,0.0,0.9999372968689848,True,1,absent,0.5255652568220824
BraTS-GLI-02866-101,gmm_2d,prediction_component,70,25,9984.0,2.5060120224403912e-05,7.102621534903521e-08,1.7320508075688772,1,8.660254037844387,0.19999999999999996,0.9548683406603533,1.0,0,,124,129,49,54,49,54,-7.14858132620955,0.0,0.9999372968689848,True,1,absent,0.5255652568220824
BraTS-GLI-02866-101,gmm_2d,prediction_component,71,51,17664.0,2.1723839827382773e-05,5.337348459431324e-08,1.7320508075688772,1,11.0,0.15745916432444337,0.7528933105024771,1.1666666666666667,0,,124,131,53,59,44,50,-7.272674442490021,0.0,0.9995943458245816,True,1,absent,0.5255652568220824
BraTS-GLI-02866-101,gmm_2d,prediction_component,72,25,9984.0,2.5060120224403912e-05,7.102621534903521e-08,1.7320508075688772,1,8.660254037844387,0.19999999999999996,0.9548683406603533,1.0,0,,124,129,114,119,87,92,-7.14858132620955,0.0,0.9999372968689848,True,1,absent,0.5255652568220824
BraTS-GLI-02866-101,gmm_2d,prediction_component,73,25,9984.0,2.5060120224403912e-05,7.102621534903521e-08,1.7320508075688772,1,8.660254037844387,0.19999999999999996,0.9548683406603533,1.0,0,,125,130,144,149,127,132,-7.14858132620955,0.0,0.9999372968689848,True,1,absent,0.5255652568220824
BraTS-GLI-02866-101,gmm_2d,prediction_component,74,25,9984.0,2.5060120224403912e-05,7.102621534903521e-08,1.7320508075688772,1,8.660254037844387,0.19999999999999996,0.9548683406603533,1.0,0,,128,133,115,120,37,42,-7.14858132620955,0.0,0.9999372968689848,True,1,absent,0.5255652568220824
BraTS-GLI-02866-101,gmm_2d,prediction_component,75,51,17664.0,2.1723839827382773e-05,5.337348459431324e-08,1.7320508075688772,1,11.0,0.15745916432444337,0.7528933105024771,1.1666666666666667,0,,132,138,63,69,125,132,-7.272674442490021,0.0,0.9995943458245816,True,1,absent,0.5255652568220824
BraTS-GLI-02866-101,gmm_2d,prediction_component,76,25,9984.0,2.5060120224403912e-05,7.102621534903521e-08,1.7320508075688772,1,8.660254037844387,0.19999999999999996,0.9548683406603533,1.0,0,,134,139,131,136,49,54,-7.14858132620955,0.0,0.9999372968689848,True,1,absent,0.5255652568220824
BraTS-GLI-02866-101,gmm_2d,prediction_component,77,25,9984.0,2.5060120224403912e-05,7.102621534903521e-08,1.7320508075688772,1,8.660254037844387,0.19999999999999996,0.9548683406603533,1.0,0,,135,140,113,118,44,49,-7.14858132620955,0.0,0.9999372968689848,True,1,absent,0.5255652568220824
BraTS-GLI-02866-101,gmm_2d,prediction_component,78,118,37632.0,1.616389636203797e-05,2.9549115657270233e-08,1.7320508075688772,1,18.384776310850235,0.09421114395319916,0.5692409848501322,2.142857142857143,0,,136,143,59,67,109,124,-7.529455512106405,0.0,0.9941305578453169,True,1,absent,0.5255652568220824
BraTS-GLI-02866-101,gmm_2d,prediction_component,79,46,16896.0,2.0945077921731866e-05,4.961538140913494e-08,1.7320508075688772,1,11.0,0.15745916432444337,0.7792393700163133,1.1666666666666667,0,,138,144,110,116,48,55,-7.3043836657365855,0.0,0.9995805115715526,True,1,absent,0.5255652568220824
BraTS-GLI-02866-101,gmm_2d,prediction_component,80,63,22528.0,1.8631876346107425e-05,3.926137994703396e-08,1.7320508075688772,1,12.884098726725126,0.13443321448446624,0.7016868116919668,1.5,0,,138,145,138,147,85,91,-7.4060344400174705,0.0,0.9988169330151094,True,1,absent,0.5255652568220824
BraTS-GLI-02866-101,gmm_2d,prediction_component,81,207,49152.0,1.8995842253725135e-05,4.081027134018133e-08,2.23606797749979,1,20.92844953645635,0.10684346079267207,0.6093372900715601,1.3,2,,140,150,61,74,95,108,-7.389230517670941,1.0986122886681098,0.9965033199862479,True,1,absent,0.5255652568220824
BraTS-GLI-02866-101,gmm_2d,prediction_component,82,92,32512.0,1.5693589841112985e-05,2.7854602764425714e-08,1.7320508075688772,1,16.911534525287763,0.10241831129983782,0.6184826978494664,2.1666666666666665,0,,141,150,81,87,51,64,-7.555103030650888,0.0,0.9952461731404884,True,1,absent,0.5255652568220824
BraTS-GLI-02866-101,gmm_2d,prediction_component,83,51,15104.0,2.7474652658327337e-05,8.537226323330647e-08,2.23606797749979,1,9.9498743710662,0.22473328748774737,0.9719810843490212,1.4,1,,141,146,117,124,118,123,-7.068683205204687,0.6931471805599453,0.999965002963772,True,1,absent,0.5255652568220824
BraTS-GLI-02866-101,gmm_2d,prediction_component,84,77,23296.0,2.1655523595141794e-05,5.3038318981782406e-08,1.7320508075688772,1,13.379088160259652,0.1294595556006309,0.6562861745204266,1.2857142857142858,0,,142,149,62,71,77,84,-7.275410249092444,0.0,0.9990705503145794,True,1,absent,0.5255652568220824
BraTS-GLI-02866-101,gmm_2d,prediction_component,85,25,9984.0,2.5060120224403912e-05,7.102621534903521e-08,1.7320508075688772,1,8.660254037844387,0.19999999999999996,0.9548683406603533,1.0,0,,145,150,127,132,73,78,-7.14858132620955,0.0,0.9999372968689848,True,1,absent,0.5255652568220824
BraTS-GLI-02866-101,variational_spline,prediction_component,1,13853,2232064.0,4.154166218603425e-06,1.9517316864785702e-09,4.0,2,186.78597377747613,0.021414884207340553,0.2684777191926951,1.1313131313131313,14,,41,153,27,126,27,139,-8.709579887023407,2.70805020110221,0.09115678070182101,False,1,absent,0.5255652568220824
