case_id,method,source,component_label,volume_vox,surface_area_proxy,compactness_v_over_s15,isoperimetric_quotient,inscribed_radius_vox,inscribed_radius_grid_step,bbox_diag_vox,radius_over_bbox_diag,radius_over_equiv_sphere,elongation_max_over_min,eroded_subcomponents,overlap_gt_vox,z0,z1,y0,y1,x0,x1,log10_isoperimetric,log1p_eroded_subcomponents,shape_score_prob_true_et,accepted_shape,fold,vol_bin,shape_threshold
BraTS-GLI-02245-103,otsu_T1c,prediction_component,1,12908,2409216.0,3.4517978081540717e-06,1.3475443601331162e-09,3.4641016151377544,2,206.7583130130443,0.016754352290150508,0.23804944533114528,1.2075471698113207,22,,50,156,28,151,29,157,-8.870456929262616,3.1354942159291497,0.03540825867899789,False,2,small,0.5396369041183476
BraTS-GLI-02245-103,gmm_T1c,prediction_component,1,14309,2641664.0,3.332674642263523e-06,1.256140469139686e-09,4.0,2,209.42779185198893,0.019099661819606834,0.2655949215015415,1.1636363636363636,21,,46,156,27,151,29,157,-8.900961792476892,3.091042453358316,0.03824599988463828,False,2,small,0.5396369041183476
BraTS-GLI-02245-103,sustraccion,prediction_component,1,23,11520.0,1.8601549291990436e-05,3.913367268477547e-08,1.4142135623730951,1,9.0,0.15713484026367724,0.8016200827808712,1.75,0,,25,32,80,84,99,103,-7.407449391764973,0.0,0.999811889476584,True,2,small,0.5396369041183476
BraTS-GLI-02245-103,sustraccion,prediction_component,2,12,6144.0,2.4917498197257264e-05,7.022006780482366e-08,1.4142135623730951,1,6.4031242374328485,0.2208630521496931,0.9957510787676723,1.3333333333333333,0,,25,29,83,87,94,97,-7.153538755513696,0.0,0.9999913647643082,True,2,small,0.5396369041183476
BraTS-GLI-02245-103,sustraccion,prediction_component,4,63278,12184576.0,1.4877745056298708e-06,2.5033789625896084e-10,5.656854249492381,4,227.6971673078082,0.024843762073883276,0.22883385533693026,1.112,119,,32,157,23,162,28,158,-9.601473401728697,4.787491742782046,0.0016171990564961816,False,2,small,0.5396369041183476
BraTS-GLI-02245-103,sustraccion,prediction_component,5,64,25856.0,1.5393520888149586e-05,2.6799599516977602e-08,1.4142135623730951,1,15.684387141358123,0.09016696346674323,0.5699252209515996,2.2,0,,32,37,66,77,69,79,-7.571871695854281,0.0,0.9962358941883662,True,2,small,0.5396369041183476
BraTS-GLI-02245-103,sustraccion,prediction_component,7,17,8448.0,2.1893644584863748e-05,5.421113507463137e-08,1.4142135623730951,1,7.681145747868608,0.1841149235796647,0.8866010210973454,1.6666666666666667,0,,34,39,63,66,57,62,-7.265911499351242,0.0,0.9999550508595741,True,2,small,0.5396369041183476
BraTS-GLI-02245-103,sustraccion,prediction_component,8,16,6656.0,2.9464563572443515e-05,9.818664009850627e-08,1.4142135623730951,1,6.4031242374328485,0.2208630521496931,0.9046998952817776,1.3333333333333333,0,,35,39,74,77,86,90,-7.007947601074732,0.0,0.9999924347460525,True,2,small,0.5396369041183476
BraTS-GLI-02245-103,sustraccion,prediction_component,9,19,8192.0,2.5625283894623568e-05,7.42659506177969e-08,1.4142135623730951,1,7.54983443527075,0.1873171623163388,0.8543319874271107,1.25,0,,36,40,75,79,128,133,-7.1292102555281875,0.0,0.9999701446690323,True,2,small,0.5396369041183476
BraTS-GLI-02245-103,sustraccion,prediction_component,10,124,37120.0,1.733842857937728e-05,3.399944604745713e-08,1.7320508075688772,1,21.118712081942874,0.08201498277207123,0.5599074791157995,2.8333333333333335,0,,36,42,125,142,116,127,-7.468528158854582,0.0,0.9966855185729168,True,2,small,0.5396369041183476
BraTS-GLI-02245-103,sustraccion,prediction_component,14,77,30464.0,1.4481392847125352e-05,2.3717725789329522e-08,1.4142135623730951,1,17.05872210923198,0.08290266722896784,0.5358554176060653,1.5714285714285714,0,,38,49,131,142,135,142,-7.624926956306756,0.0,0.9939245798497083,True,2,small,0.5396369041183476
BraTS-GLI-02245-103,sustraccion,prediction_component,16,12,6144.0,2.4917498197257264e-05,7.022006780482366e-08,1.4142135623730951,1,6.4031242374328485,0.2208630521496931,0.9957510787676723,1.3333333333333333,0,,41,45,136,140,132,135,-7.153538755513696,0.0,0.9999913647643082,True,2,small,0.5396369041183476
BraTS-GLI-02245-103,sustraccion,prediction_component,18,14,6912.0,2.4362533060422576e-05,6.712700278491907e-08,1.4142135623730951,1,7.0710678118654755,0.2,0.9458781407605124,1.6666666666666667,0,,43,46,65,70,48,52,-7.1731027435946135,0.0,0.9999819443175567,True,2,small,0.5396369041183476
BraTS-GLI-02245-103,sustraccion,prediction_component,22,64,23296.0,1.7999396234923048e-05,3.664107852072537e-08,1.4142135623730951,1,13.74772708486752,0.10286889997472795,0.5699252209515996,2.0,0,,45,55,57,62,47,55,-7.436031751469634,0.0,0.9982183368536349,True,2,small,0.5396369041183476
BraTS-GLI-02245-103,sustraccion,prediction_component,24,53,24576.0,1.3756535463069114e-05,2.140279627427839e-08,1.4142135623730951,1,15.652475842498529,0.09035079029052513,0.6069029442833568,1.25,0,,45,55,105,114,91,99,-7.669529482391255,0.0,0.9954932475467451,True,2,small,0.5396369041183476
BraTS-GLI-02245-103,sustraccion,prediction_component,25,32,11776.0,2.5041093096959432e-05,7.091840167548888e-08,1.4142135623730951,1,8.660254037844387,0.1632993161855452,0.7180607827429069,1.0,0,,45,50,106,111,84,89,-7.149241060879038,0.0,0.999905187034631,True,2,small,0.5396369041183476
BraTS-GLI-02245-103,sustraccion,prediction_component,29,33,12544.0,2.3488748177842566e-05,6.239820796256224e-08,1.4142135623730951,1,9.273618495495704,0.15249857033260467,0.7107331206052484,1.2,0,,46,52,102,107,126,131,-7.204827882803894,0.0,0.9998493878681567,True,2,small,0.5396369041183476
BraTS-GLI-02245-103,sustraccion,prediction_component,33,85,27648.0,1.8489422411927846e-05,3.866331274880742e-08,1.4142135623730951,1,15.033296378372908,0.09407208683835974,0.5184874224812556,1.125,0,,47,55,106,115,97,106,-7.412700937506391,0.0,0.9975360774521689,True,2,small,0.5396369041183476
BraTS-GLI-02245-103,sustraccion,prediction_component,34,24,10752.0,2.1526695028193625e-05,5.2409146816428155e-08,1.4142135623730951,1,9.38083151964686,0.15075567228888181,0.7903281549671363,1.5,0,,48,54,54,58,129,135,-7.280592910244617,0.0,0.9998524279525396,True,2,small,0.5396369041183476
BraTS-GLI-02245-103,sustraccion,prediction_component,37,51,16128.0,2.4900003259691466e-05,7.012149736086915e-08,1.4142135623730951,1,11.045361017187261,0.12803687993289598,0.6147348138286294,2.25,0,,49,54,168,177,90,94,-7.154148818639,0.0,0.9996767324001351,True,2,small,0.5396369041183476
BraTS-GLI-02245-103,sustraccion,prediction_component,40,14,7680.0,2.080109539136373e-05,4.8935585030206e-08,1.4142135623730951,1,7.810249675906654,0.1810714920850371,0.9458781407605124,2.0,0,,50,54,174,180,102,105,-7.310375215276639,0.0,0.9999557846335957,True,2,small,0.5396369041183476
BraTS-GLI-02245-103,sustraccion,prediction_component,42,12,5376.0,3.04433440619409e-05,1.0481829363285631e-07,1.4142135623730951,1,5.830951894845301,0.24253562503633297,0.9957510787676723,1.3333333333333333,0,,51,54,105,108,36,40,-6.979562914580636,0.0,0.9999970754453279,True,2,small,0.5396369041183476
BraTS-GLI-02245-103,sustraccion,prediction_component,43,43,13568.0,2.7207879983203255e-05,8.372242129830275e-08,1.4142135623730951,1,9.273618495495704,0.15249857033260467,0.650711350669285,1.2,0,,52,57,123,128,70,76,-7.0771582201173215,0.0,0.9998760882932641,True,2,small,0.5396369041183476
BraTS-GLI-02245-103,sustraccion,prediction_component,44,12,5376.0,3.04433440619409e-05,1.0481829363285631e-07,1.4142135623730951,1,5.830951894845301,0.24253562503633297,0.9957510787676723,1.3333333333333333,0,,53,56,131,135,37,40,-6.979562914580636,0.0,0.9999970754453279,True,2,small,0.5396369041183476
BraTS-GLI-02245-103,sustraccion,prediction_component,45,47,19200.0,1.766631683067214e-05,3.5297537087910225e-08,1.4142135623730951,1,14.798648586948742,0.09556369651349932,0.6317015099045129,2.6,0,,53,58,158,171,107,112,-7.452255596777793,0.0,0.9982644319068397,True,2,small,0.5396369041183476
BraTS-GLI-02245-103,sustraccion,prediction_component,46,578,156160.0,9.366409428699199e-06,9.921986900756645e-09,2.0,1,40.496913462633174,0.04938647983247948,0.3870350107859435,1.875,3,,53,69,165,195,86,108,-8.00340135066537,1.3862943611198906,0.8586473660561201,True,2,small,0.5396369041183476
BraTS-GLI-02245-103,sustraccion,prediction_component,47,12,6144.0,2.4917498197257264e-05,7.022006780482366e-08,1.4142135623730951,1,6.4031242374328485,0.2208630521496931,0.9957510787676723,1.3333333333333333,0,,54,58,175,179,91,94,-7.153538755513696,0.0,0.9999913647643082,True,2,small,0.5396369041183476
BraTS-GLI-02245-103,sustraccion,prediction_component,49,27,12288.0,1.982174843866971e-05,4.4436136657739975e-08,1.4142135623730951,1,9.486832980505138,0.14907119849998599,0.7599002946021327,1.75,0,,55,60,44,48,118,125,-7.352263706282915,0.0,0.9997790382850507,True,2,small,0.5396369041183476
BraTS-GLI-02245-103,sustraccion,prediction_component,51,17,7168.0,2.8012503667152895e-05,8.874752009735003e-08,1.4142135623730951,1,6.928203230275509,0.20412414523193154,0.8866010210973454,1.0,0,,55,59,133,137,113,117,-7.051843773744237,0.0,0.9999862106188884,True,2,small,0.5396369041183476
BraTS-GLI-02245-103,sustraccion,prediction_component,52,20,7168.0,3.29558866672387e-05,1.2283393785100348e-07,1.4142135623730951,1,6.4031242374328485,0.2208630521496931,0.8398489863421099,1.3333333333333333,0,,55,58,154,158,110,114,-6.910681625172823,0.0,0.9999929625113879,True,2,small,0.5396369041183476
BraTS-GLI-02245-103,sustraccion,prediction_component,54,45,17408.0,1.9592470284199405e-05,4.341409647000852e-08,1.4142135623730951,1,12.36931687685298,0.11433239009500591,0.6409247308398612,1.6,0,,56,64,124,132,33,38,-7.362369233042149,0.0,0.9991936068001367,True,2,small,0.5396369041183476
BraTS-GLI-02245-103,sustraccion,prediction_component,57,14,7680.0,2.080109539136373e-05,4.8935585030206e-08,1.4142135623730951,1,8.246211251235321,0.17149858514250885,0.9458781407605124,1.5,0,,56,60,160,164,112,118,-7.310375215276639,0.0,0.999945098366169,True,2,small,0.5396369041183476
BraTS-GLI-02245-103,sustraccion,prediction_component,60,116,48128.0,1.0986548250080364e-05,1.3651328208321478e-08,1.4142135623730951,1,25.96150997149434,0.05447347107028433,0.46743928018075476,2.625,0,,57,65,158,179,61,74,-7.86482509181133,0.0,0.9665639193674329,True,2,small,0.5396369041183476
BraTS-GLI-02245-103,sustraccion,prediction_component,61,19,8448.0,2.446936747720066e-05,6.771702339772293e-08,1.4142135623730951,1,7.810249675906654,0.1810714920850371,0.8543319874271107,2.0,0,,57,60,165,171,112,116,-7.169302140202132,0.0,0.9999605845566276,True,2,small,0.5396369041183476
BraTS-GLI-02245-103,sustraccion,prediction_component,64,25,10240.0,2.412626388678268e-05,6.583131356702218e-08,1.4142135623730951,1,8.12403840463596,0.17407765595569785,0.7796467353853097,1.25,0,,60,65,127,132,147,151,-7.18156747911394,0.0,0.9999351324869921,True,2,small,0.5396369041183476
BraTS-GLI-02245-103,sustraccion,prediction_component,66,78,32000.0,1.3626039237889344e-05,2.0998663005366543e-08,1.4142135623730951,1,19.209372712298546,0.07362101738323104,0.5335555806438685,2.2857142857142856,0,,60,67,164,180,51,59,-7.677808356117336,0.0,0.9909706180971632,True,2,small,0.5396369041183476
BraTS-GLI-02245-103,sustraccion,prediction_component,67,12,6144.0,2.4917498197257264e-05,7.022006780482366e-08,1.4142135623730951,1,6.4031242374328485,0.2208630521496931,0.9957510787676723,1.3333333333333333,0,,61,65,85,89,32,35,-7.153538755513696,0.0,0.9999913647643082,True,2,small,0.5396369041183476
BraTS-GLI-02245-103,sustraccion,prediction_component,68,45,19200.0,1.6914558667664817e-05,3.2357407244462745e-08,1.4142135623730951,1,11.661903789690601,0.12126781251816648,0.6409247308398612,1.3333333333333333,0,,61,67,108,114,88,96,-7.490026285098541,0.0,0.9989354449617327,True,2,small,0.5396369041183476
BraTS-GLI-02245-103,sustraccion,prediction_component,71,14,6912.0,2.4362533060422576e-05,6.712700278491907e-08,1.4142135623730951,1,7.0710678118654755,0.2,0.9458781407605124,1.6666666666666667,0,,61,65,179,184,126,129,-7.1731027435946135,0.0,0.9999819443175567,True,2,small,0.5396369041183476
BraTS-GLI-02245-103,sustraccion,prediction_component,72,14,6912.0,2.4362533060422576e-05,6.712700278491907e-08,1.4142135623730951,1,7.0710678118654755,0.2,0.9458781407605124,1.6666666666666667,0,,61,64,184,189,116,120,-7.1731027435946135,0.0,0.9999819443175567,True,2,small,0.5396369041183476
BraTS-GLI-02245-103,sustraccion,prediction_component,74,19,9216.0,2.147533275462963e-05,5.2159350776834036e-08,1.4142135623730951,1,8.774964387392123,0.16116459280507606,0.8543319874271107,1.5,0,,62,66,179,185,57,62,-7.282667822870332,0.0,0.9999090385149569,True,2,small,0.5396369041183476
BraTS-GLI-02245-103,sustraccion,prediction_component,76,14,6144.0,2.9070414563466808e-05,9.557731451212109e-08,1.4142135623730951,1,6.928203230275509,0.20412414523193154,0.9458781407605124,1.0,0,,63,67,131,135,76,80,-7.019645176252469,0.0,0.9999902478773879,True,2,small,0.5396369041183476
BraTS-GLI-02245-103,sustraccion,prediction_component,77,12,5376.0,3.04433440619409e-05,1.0481829363285631e-07,1.4142135623730951,1,5.830951894845301,0.24253562503633297,0.9957510787676723,1.3333333333333333,0,,64,67,115,118,85,89,-6.979562914580636,0.0,0.9999970754453279,True,2,small,0.5396369041183476
BraTS-GLI-02245-103,sustraccion,prediction_component,78,12,5376.0,3.04433440619409e-05,1.0481829363285631e-07,1.4142135623730951,1,5.830951894845301,0.24253562503633297,0.9957510787676723,1.3333333333333333,0,,64,68,120,123,31,34,-6.979562914580636,0.0,0.9999970754453279,True,2,small,0.5396369041183476
BraTS-GLI-02245-103,sustraccion,prediction_component,79,39,13312.0,2.5392159861384388e-05,7.292083964347073e-08,1.4142135623730951,1,9.38083151964686,0.15075567228888181,0.6722379073420917,1.5,0,,64,70,123,129,91,95,-7.137148339325527,0.0,0.9998549130822443,True,2,small,0.5396369041183476
BraTS-GLI-02245-103,sustraccion,prediction_component,80,12,5376.0,3.04433440619409e-05,1.0481829363285631e-07,1.4142135623730951,1,5.830951894845301,0.24253562503633297,0.9957510787676723,1.3333333333333333,0,,65,68,141,144,57,61,-6.979562914580636,0.0,0.9999970754453279,True,2,small,0.5396369041183476
BraTS-GLI-02245-103,sustraccion,prediction_component,81,22,9984.0,2.2052905797475442e-05,5.500270116629287e-08,1.4142135623730951,1,8.366600265340756,0.16903085094570333,0.8135863258112027,2.0,0,,65,71,152,157,142,145,-7.259615981909213,0.0,0.9999171720692155,True,2,small,0.5396369041183476
BraTS-GLI-02245-103,sustraccion,prediction_component,84,70,27904.0,1.5017524361534321e-05,2.55063939845278e-08,1.4142135623730951,1,19.209372712298546,0.07362101738323104,0.5531528923543089,2.2857142857142856,0,,65,73,191,198,71,87,-7.593350936267485,0.0,0.9937204316830183,True,2,small,0.5396369041183476
BraTS-GLI-02245-103,sustraccion,prediction_component,86,26,11264.0,2.1748754214260736e-05,5.3495979529745444e-08,1.4142135623730951,1,8.774964387392123,0.16116459280507606,0.7695203069187393,1.5,0,,66,71,124,130,148,152,-7.271678855991054,0.0,0.999877060489036,True,2,small,0.5396369041183476
BraTS-GLI-02245-103,sustraccion,prediction_component,89,12,5376.0,3.04433440619409e-05,1.0481829363285631e-07,1.4142135623730951,1,5.830951894845301,0.24253562503633297,0.9957510787676723,1.3333333333333333,0,,67,70,93,96,149,153,-6.979562914580636,0.0,0.9999970754453279,True,2,small,0.5396369041183476
BraTS-GLI-02245-103,sustraccion,prediction_component,90,59,23808.0,1.6060817264442385e-05,2.9173440871086784e-08,1.4142135623730951,1,13.892443989449804,0.10179731971185753,0.5855902858043154,1.8333333333333333,0,,67,73,133,144,91,97,-7.535012344851644,0.0,0.9975993176635665,True,2,small,0.5396369041183476
BraTS-GLI-02245-103,sustraccion,prediction_component,91,115,36096.0,1.67690794898759e-05,3.180319999208201e-08,1.7320508075688772,1,18.788294228055936,0.09218776257945031,0.5741484768241579,2.3333333333333335,0,,68,74,44,55,108,122,-7.497529179733044,0.0,0.9972523853589218,True,2,small,0.5396369041183476
BraTS-GLI-02245-103,sustraccion,prediction_component,92,44,18944.0,1.6875053132680693e-05,3.220643624744168e-08,1.4142135623730951,1,13.114877048604,0.10783277320343843,0.6457438947298227,1.6666666666666667,0,,68,74,113,119,89,99,-7.492057328694681,0.0,0.9985756894790241,True,2,small,0.5396369041183476
BraTS-GLI-02245-103,sustraccion,prediction_component,93,16,6656.0,2.9464563572443515e-05,9.818664009850627e-08,1.4142135623730951,1,6.4031242374328485,0.2208630521496931,0.9046998952817776,1.3333333333333333,0,,68,72,129,132,102,106,-7.007947601074732,0.0,0.9999924347460525,True,2,small,0.5396369041183476
BraTS-GLI-02245-103,sustraccion,prediction_component,94,16,6656.0,2.9464563572443515e-05,9.818664009850627e-08,1.4142135623730951,1,6.4031242374328485,0.2208630521496931,0.9046998952817776,1.3333333333333333,0,,69,72,59,63,117,121,-7.007947601074732,0.0,0.9999924347460525,True,2,small,0.5396369041183476
BraTS-GLI-02245-103,sustraccion,prediction_component,95,51,17664.0,2.1723839827382773e-05,5.337348459431324e-08,1.4142135623730951,1,10.488088481701515,0.13483997249264842,0.6147348138286294,1.4,0,,69,76,85,90,91,97,-7.272674442490021,0.0,0.9995850010202334,True,2,small,0.5396369041183476
BraTS-GLI-02245-103,sustraccion,prediction_component,96,19,7680.0,2.8230058031136492e-05,9.013135814236922e-08,1.4142135623730951,1,7.54983443527075,0.1873171623163388,0.8543319874271107,1.25,0,,69,73,118,122,99,104,-7.0451240847274565,0.0,0.9999775800939197,True,2,small,0.5396369041183476
BraTS-GLI-02245-103,sustraccion,prediction_component,98,706,175616.0,9.593091338395563e-06,1.040805389705017e-08,2.0,1,41.773197148410844,0.047877589854912146,0.36206896321891985,5.142857142857143,3,,69,105,176,196,90,97,-7.982630467490775,1.3862943611198906,0.8508167190777783,True,2,small,0.5396369041183476
BraTS-GLI-02245-103,sustraccion,prediction_component,99,17,7680.0,2.5258472975227388e-05,7.215502078433436e-08,1.4142135623730951,1,7.0710678118654755,0.2,0.8866010210973454,1.6666666666666667,0,,70,73,47,51,103,108,-7.141733443876567,0.0,0.9999794400432893,True,2,small,0.5396369041183476
BraTS-GLI-02245-103,sustraccion,prediction_component,102,14,6144.0,2.9070414563466808e-05,9.557731451212109e-08,1.4142135623730951,1,6.928203230275509,0.20412414523193154,0.9458781407605124,1.0,0,,71,75,87,91,114,118,-7.019645176252469,0.0,0.9999902478773879,True,2,small,0.5396369041183476
BraTS-GLI-02245-103,sustraccion,prediction_component,103,26,11520.0,2.102783833007615e-05,5.000824713593235e-08,1.4142135623730951,1,9.797958971132712,0.14433756729740646,0.7695203069187393,2.0,0,,71,75,110,114,36,44,-7.300958367858523,0.0,0.9998012839547853,True,2,small,0.5396369041183476
BraTS-GLI-02245-103,sustraccion,prediction_component,104,27,9728.0,2.8140280443889985e-05,8.955899594060322e-08,1.4142135623730951,1,8.12403840463596,0.17407765595569785,0.7599002946021327,1.25,0,,71,76,111,116,28,32,-7.047890784006583,0.0,0.9999554821963186,True,2,small,0.5396369041183476
BraTS-GLI-02245-103,sustraccion,prediction_component,105,27,10496.0,2.5108919892056284e-05,7.13031039197455e-08,1.4142135623730951,1,8.660254037844387,0.1632993161855452,0.7599002946021327,1.0,0,,71,76,185,190,124,129,-7.146891564315359,0.0,0.9999204154312366,True,2,small,0.5396369041183476
BraTS-GLI-02245-103,sustraccion,prediction_component,106,21,9984.0,2.1050500988499285e-05,5.011609755027925e-08,1.4142135623730951,1,9.1104335791443,0.1552301051412666,0.8263006657894747,2.3333333333333335,0,,72,79,28,31,105,110,-7.300022754085787,0.0,0.999876570142963,True,2,small,0.5396369041183476
BraTS-GLI-02245-103,sustraccion,prediction_component,109,180,47872.0,1.7185024171603903e-05,3.3400476923582816e-08,1.7320508075688772,1,21.047565179849187,0.08229221730726043,0.49449965783434546,2.142857142857143,0,,72,85,148,163,89,96,-7.476247331877012,0.0,0.9956137504054129,True,2,small,0.5396369041183476
BraTS-GLI-02245-103,sustraccion,prediction_component,110,19,8448.0,2.446936747720066e-05,6.771702339772293e-08,1.4142135623730951,1,8.12403840463596,0.17407765595569785,0.8543319874271107,1.25,0,,72,76,180,185,130,135,-7.169302140202132,0.0,0.9999538309650138,True,2,small,0.5396369041183476
BraTS-GLI-02245-103,sustraccion,prediction_component,111,14,6144.0,2.9070414563466808e-05,9.557731451212109e-08,1.4142135623730951,1,6.928203230275509,0.20412414523193154,0.9458781407605124,1.0,0,,73,77,110,114,144,148,-7.019645176252469,0.0,0.9999902478773879,True,2,small,0.5396369041183476
BraTS-GLI-02245-103,sustraccion,prediction_component,112,67,30208.0,1.2761209654559154e-05,1.8417728260972352e-08,1.4142135623730951,1,15.7797338380595,0.08962214298964417,0.5612886582720128,1.375,0,,73,84,120,128,43,51,-7.7347639389908505,0.0,0.9931511551735278,True,2,small,0.5396369041183476
BraTS-GLI-02245-103,sustraccion,prediction_component,114,12,6144.0,2.4917498197257264e-05,7.022006780482366e-08,1.4142135623730951,1,6.4031242374328485,0.2208630521496931,0.9957510787676723,1.3333333333333333,0,,74,78,26,30,100,103,-7.153538755513696,0.0,0.9999913647643082,True,2,small,0.5396369041183476
BraTS-GLI-02245-103,sustraccion,prediction_component,116,12,6144.0,2.4917498197257264e-05,7.022006780482366e-08,1.4142135623730951,1,6.4031242374328485,0.2208630521496931,0.9957510787676723,1.3333333333333333,0,,75,78,42,46,129,133,-7.153538755513696,0.0,0.9999913647643082,True,2,small,0.5396369041183476
BraTS-GLI-02245-103,sustraccion,prediction_component,117,24,12288.0,1.7619331945484184e-05,3.511003390241183e-08,1.4142135623730951,1,10.04987562112089,0.1407195089460584,0.7903281549671363,1.75,0,,75,82,102,106,140,146,-7.4545687511776775,0.0,0.9996651447695497,True,2,small,0.5396369041183476
BraTS-GLI-02245-103,sustraccion,prediction_component,118,17,8448.0,2.1893644584863748e-05,5.421113507463137e-08,1.4142135623730951,1,7.681145747868608,0.1841149235796647,0.8866010210973454,1.6666666666666667,0,,75,80,124,129,129,132,-7.265911499351242,0.0,0.9999550508595741,True,2,small,0.5396369041183476
BraTS-GLI-02245-103,sustraccion,prediction_component,119,14,6144.0,2.9070414563466808e-05,9.557731451212109e-08,1.4142135623730951,1,6.928203230275509,0.20412414523193154,0.9458781407605124,1.0,0,,75,79,136,140,136,140,-7.019645176252469,0.0,0.9999902478773879,True,2,small,0.5396369041183476
BraTS-GLI-02245-103,sustraccion,prediction_component,122,12,6144.0,2.4917498197257264e-05,7.022006780482366e-08,1.4142135623730951,1,6.4031242374328485,0.2208630521496931,0.9957510787676723,1.3333333333333333,0,,76,80,120,124,138,141,-7.153538755513696,0.0,0.9999913647643082,True,2,small,0.5396369041183476
BraTS-GLI-02245-103,sustraccion,prediction_component,124,48,17408.0,2.08986349698127e-05,4.9395594205876365e-08,1.4142135623730951,1,13.30413469565007,0.10629880069054679,0.6272838722974592,1.1428571428571428,0,,76,84,145,153,125,132,-7.306311785841662,0.0,0.9991563510658685,True,2,small,0.5396369041183476
BraTS-GLI-02245-103,sustraccion,prediction_component,126,21,10752.0,1.883585814966942e-05,4.012575303132781e-08,1.4142135623730951,1,9.486832980505138,0.14907119849998599,0.8263006657894747,1.75,0,,76,80,192,197,110,117,-7.396576804199991,0.0,0.9998028889143459,True,2,small,0.5396369041183476
BraTS-GLI-02245-103,sustraccion,prediction_component,127,46,19456.0,1.6950304144681976e-05,3.249431334196097e-08,1.4142135623730951,1,14.491376746189438,0.09759000729485333,0.6362462813425951,2.2,0,,78,89,29,37,101,106,-7.488192635953354,0.0,0.998160178715841,True,2,small,0.5396369041183476
BraTS-GLI-02245-103,sustraccion,prediction_component,130,35,14592.0,1.985618510882527e-05,4.4590670132495626e-08,1.4142135623730951,1,10.677078252031311,0.13245323570650439,0.6969289728874266,1.6,0,,78,83,72,80,148,153,-7.35075600079105,0.0,0.9995884398129152,True,2,small,0.5396369041183476
BraTS-GLI-02245-103,sustraccion,prediction_component,133,12,6144.0,2.4917498197257264e-05,7.022006780482366e-08,1.4142135623730951,1,6.4031242374328485,0.2208630521496931,0.9957510787676723,1.3333333333333333,0,,79,82,56,60,111,115,-7.153538755513696,0.0,0.9999913647643082,True,2,small,0.5396369041183476
BraTS-GLI-02245-103,sustraccion,prediction_component,134,31,12288.0,2.275830376291707e-05,5.857767809065585e-08,1.4142135623730951,1,10.488088481701515,0.13483997249264842,0.7257003006213092,1.4,0,,79,84,129,136,38,44,-7.232267846932344,0.0,0.9997677882034497,True,2,small,0.5396369041183476
BraTS-GLI-02245-103,sustraccion,prediction_component,135,19,9984.0,1.9045691370546972e-05,4.102474198560274e-08,1.4142135623730951,1,8.774964387392123,0.16116459280507606,0.8543319874271107,1.5,0,,79,84,137,141,44,50,-7.386954141647967,0.0,0.9998702477966869,True,2,small,0.5396369041183476
BraTS-GLI-02245-103,sustraccion,prediction_component,136,26,11520.0,2.102783833007615e-05,5.000824713593235e-08,1.4142135623730951,1,9.848857801796104,0.14359163172354764,0.7695203069187393,1.2,0,,80,86,60,66,74,79,-7.300958367858523,0.0,0.9997979041520068,True,2,small,0.5396369041183476
BraTS-GLI-02245-103,sustraccion,prediction_component,140,14,6912.0,2.4362533060422576e-05,6.712700278491907e-08,1.4142135623730951,1,7.0710678118654755,0.2,0.9458781407605124,1.6666666666666667,0,,80,83,175,180,133,137,-7.1731027435946135,0.0,0.9999819443175567,True,2,small,0.5396369041183476
BraTS-GLI-02245-103,sustraccion,prediction_component,141,29,12288.0,2.129002610079339e-05,5.126308769432005e-08,1.4142135623730951,1,10.04987562112089,0.1407195089460584,0.742013605090188,1.75,0,,81,87,41,48,131,135,-7.290195238802977,0.0,0.9997679725110271,True,2,small,0.5396369041183476
BraTS-GLI-02245-103,sustraccion,prediction_component,145,12,6144.0,2.4917498197257264e-05,7.022006780482366e-08,1.4142135623730951,1,6.4031242374328485,0.2208630521496931,0.9957510787676723,1.3333333333333333,0,,81,85,126,130,31,34,-7.153538755513696,0.0,0.9999913647643082,True,2,small,0.5396369041183476
BraTS-GLI-02245-103,sustraccion,prediction_component,146,14,7680.0,2.080109539136373e-05,4.8935585030206e-08,1.4142135623730951,1,8.12403840463596,0.17407765595569785,0.9458781407605124,1.25,0,,81,85,182,187,50,55,-7.310375215276639,0.0,0.9999482086475548,True,2,small,0.5396369041183476
BraTS-GLI-02245-103,sustraccion,prediction_component,147,31,13312.0,2.0183511684690156e-05,4.607293024153542e-08,1.4142135623730951,1,9.273618495495704,0.15249857033260467,0.7257003006213092,1.2,0,,83,88,117,123,131,136,-7.3365541657099795,0.0,0.9997778044060142,True,2,small,0.5396369041183476
BraTS-GLI-02245-103,sustraccion,prediction_component,148,35,12544.0,2.491230867346939e-05,7.019082162914485e-08,1.4142135623730951,1,8.774964387392123,0.16116459280507606,0.6969289728874266,1.5,0,,84,89,85,89,42,48,-7.153719673859118,0.0,0.999890072944331,True,2,small,0.5396369041183476
BraTS-GLI-02245-103,sustraccion,prediction_component,151,19,7680.0,2.8230058031136492e-05,9.013135814236922e-08,1.4142135623730951,1,7.54983443527075,0.1873171623163388,0.8543319874271107,1.25,0,,84,88,137,142,90,94,-7.0451240847274565,0.0,0.9999775800939197,True,2,small,0.5396369041183476
BraTS-GLI-02245-103,sustraccion,prediction_component,156,982,261632.0,7.337957568290541e-06,6.089796296009228e-09,2.0,1,58.8387627334226,0.03399119741965488,0.32435632376177476,4.545454545454546,2,,85,135,159,188,85,96,-8.21539723429631,1.0986122886681098,0.6499396993942111,True,2,small,0.5396369041183476
BraTS-GLI-02245-103,sustraccion,prediction_component,157,27,9984.0,2.7064929842356223e-05,8.284497758311468e-08,1.4142135623730951,1,8.18535277187245,0.17277368511627203,0.7599002946021327,2.3333333333333335,0,,86,89,182,189,91,94,-7.08173381523565,0.0,0.9999485480024659,True,2,small,0.5396369041183476
BraTS-GLI-02245-103,sustraccion,prediction_component,158,14,6144.0,2.9070414563466808e-05,9.557731451212109e-08,1.4142135623730951,1,6.928203230275509,0.20412414523193154,0.9458781407605124,1.0,0,,87,91,113,117,52,56,-7.019645176252469,0.0,0.9999902478773879,True,2,small,0.5396369041183476
BraTS-GLI-02245-103,sustraccion,prediction_component,159,21,8704.0,2.5860741383219535e-05,7.563700362774818e-08,1.4142135623730951,1,7.54983443527075,0.1873171623163388,0.8263006657894747,1.25,0,,87,91,121,126,143,147,-7.121265684133054,0.0,0.9999674996641077,True,2,small,0.5396369041183476
BraTS-GLI-02245-103,sustraccion,prediction_component,160,27,11008.0,2.3377665101405374e-05,6.180941584077854e-08,1.4142135623730951,1,8.246211251235321,0.17149858514250885,0.7599002946021327,1.5,0,,87,93,139,143,147,151,-7.208945360894912,0.0,0.9999183229422309,True,2,small,0.5396369041183476
BraTS-GLI-02245-103,sustraccion,prediction_component,161,104,40704.0,1.2664198376493556e-05,1.8138767877780633e-08,1.4142135623730951,1,21.354156504062622,0.06622661785325219,0.48476741650424154,1.75,0,,88,102,101,115,127,135,-7.741392216837921,0.0,0.9840080691006299,True,2,small,0.5396369041183476
BraTS-GLI-02245-103,sustraccion,prediction_component,163,12,5376.0,3.04433440619409e-05,1.0481829363285631e-07,1.4142135623730951,1,5.830951894845301,0.24253562503633297,0.9957510787676723,1.3333333333333333,0,,88,91,195,198,76,80,-6.979562914580636,0.0,0.9999970754453279,True,2,small,0.5396369041183476
BraTS-GLI-02245-103,sustraccion,prediction_component,165,23,8960.0,2.7118509847594702e-05,8.317331599767149e-08,1.4142135623730951,1,8.12403840463596,0.17407765595569785,0.8016200827808712,1.25,0,,89,93,114,119,139,144,-7.080015983489769,0.0,0.9999579567293085,True,2,small,0.5396369041183476
BraTS-GLI-02245-103,sustraccion,prediction_component,166,38,17152.0,1.6916536284178224e-05,3.236497401401062e-08,1.4142135623730951,1,11.74734012447073,0.12038585308576921,0.6780837477859392,1.6,0,,89,97,152,159,89,94,-7.489924737342987,0.0,0.9990639823484163,True,2,small,0.5396369041183476
BraTS-GLI-02245-103,sustraccion,prediction_component,168,17,8448.0,2.1893644584863748e-05,5.421113507463137e-08,1.4142135623730951,1,7.681145747868608,0.1841149235796647,0.8866010210973454,1.6666666666666667,0,,90,95,80,85,147,150,-7.265911499351242,0.0,0.9999550508595741,True,2,small,0.5396369041183476
BraTS-GLI-02245-103,sustraccion,prediction_component,171,12,5376.0,3.04433440619409e-05,1.0481829363285631e-07,1.4142135623730951,1,5.830951894845301,0.24253562503633297,0.9957510787676723,1.3333333333333333,0,,91,94,42,45,95,99,-6.979562914580636,0.0,0.9999970754453279,True,2,small,0.5396369041183476
BraTS-GLI-02245-103,sustraccion,prediction_component,172,26,10496.0,2.4178959896054198e-05,6.611920198868032e-08,1.4142135623730951,1,8.366600265340756,0.16903085094570333,0.7695203069187393,2.0,0,,91,94,44,49,99,105,-7.179672396691698,0.0,0.9999247773435328,True,2,small,0.5396369041183476
BraTS-GLI-02245-103,sustraccion,prediction_component,173,12,5376.0,3.04433440619409e-05,1.0481829363285631e-07,1.4142135623730951,1,5.830951894845301,0.24253562503633297,0.9957510787676723,1.3333333333333333,0,,91,95,49,52,90,93,-6.979562914580636,0.0,0.9999970754453279,True,2,small,0.5396369041183476
BraTS-GLI-02245-103,sustraccion,prediction_component,175,12,5376.0,3.04433440619409e-05,1.0481829363285631e-07,1.4142135623730951,1,5.830951894845301,0.24253562503633297,0.9957510787676723,1.3333333333333333,0,,91,95,73,76,33,36,-6.979562914580636,0.0,0.9999970754453279,True,2,small,0.5396369041183476
BraTS-GLI-02245-103,sustraccion,prediction_component,176,38,16896.0,1.730245567447415e-05,3.3858511698861466e-08,1.4142135623730951,1,13.674794331177344,0.10341753799900383,0.6780837477859392,1.8,0,,91,96,106,115,41,50,-7.470332135866113,0.0,0.9987153158221111,True,2,small,0.5396369041183476
BraTS-GLI-02245-103,sustraccion,prediction_component,179,322,109056.0,8.940905920003597e-06,9.04097823236048e-09,1.4142135623730951,1,46.70117771534247,0.030282181982500447,0.3326028071854058,2.2857142857142856,0,,92,106,59,90,124,156,-8.043784576390623,0.0,0.8414364785014409,True,2,small,0.5396369041183476
BraTS-GLI-02245-103,sustraccion,prediction_component,184,16,6656.0,2.9464563572443515e-05,9.818664009850627e-08,1.4142135623730951,1,6.4031242374328485,0.2208630521496931,0.9046998952817776,1.3333333333333333,0,,93,96,30,34,100,104,-7.007947601074732,0.0,0.9999924347460525,True,2,small,0.5396369041183476
BraTS-GLI-02245-103,sustraccion,prediction_component,186,12,6144.0,2.4917498197257264e-05,7.022006780482366e-08,1.4142135623730951,1,6.4031242374328485,0.2208630521496931,0.9957510787676723,1.3333333333333333,0,,93,97,124,128,40,43,-7.153538755513696,0.0,0.9999913647643082,True,2,small,0.5396369041183476
BraTS-GLI-02245-103,sustraccion,prediction_component,187,14,7680.0,2.080109539136373e-05,4.8935585030206e-08,1.4142135623730951,1,8.12403840463596,0.17407765595569785,0.9458781407605124,1.25,0,,94,99,53,57,103,108,-7.310375215276639,0.0,0.9999482086475548,True,2,small,0.5396369041183476
BraTS-GLI-02245-103,sustraccion,prediction_component,190,24,10752.0,2.1526695028193625e-05,5.2409146816428155e-08,1.4142135623730951,1,9.797958971132712,0.14433756729740646,0.7903281549671363,2.0,0,,94,102,91,95,30,34,-7.280592910244617,0.0,0.9998293811223282,True,2,small,0.5396369041183476
BraTS-GLI-02245-103,sustraccion,prediction_component,191,14,7680.0,2.080109539136373e-05,4.8935585030206e-08,1.4142135623730951,1,8.246211251235321,0.17149858514250885,0.9458781407605124,1.5,0,,94,100,108,112,57,61,-7.310375215276639,0.0,0.999945098366169,True,2,small,0.5396369041183476
BraTS-GLI-02245-103,sustraccion,prediction_component,193,126,47872.0,1.202951692012273e-05,1.636623369255558e-08,1.4142135623730951,1,28.809720581775867,0.0490880693673816,0.45473078069167316,2.1,0,,94,115,116,126,136,153,-7.786051251848499,0.0,0.9695249474732943,True,2,small,0.5396369041183476
BraTS-GLI-02245-103,sustraccion,prediction_component,195,242,83968.0,9.94591291850499e-06,1.118772231319652e-08,1.4142135623730951,1,43.68065933568311,0.03237619541190881,0.36582446455396694,1.6,0,,94,116,162,182,41,73,-7.951258321648302,0.0,0.8969846191677623,True,2,small,0.5396369041183476
BraTS-GLI-02245-103,sustraccion,prediction_component,197,22,8960.0,2.5939444202047104e-05,7.609808117745368e-08,1.4142135623730951,1,8.12403840463596,0.17407765595569785,0.8135863258112027,1.25,0,,95,100,70,74,100,105,-7.118626293880542,0.0,0.999954285166329,True,2,small,0.5396369041183476
BraTS-GLI-02245-103,sustraccion,prediction_component,198,45,16640.0,2.0964404509143556e-05,4.97069865498688e-08,1.4142135623730951,1,11.180339887498949,0.12649110640673517,0.6409247308398612,1.6,0,,95,100,97,103,138,146,-7.3035825648520065,0.0,0.9994984639732558,True,2,small,0.5396369041183476
BraTS-GLI-02245-103,sustraccion,prediction_component,199,19,9216.0,2.147533275462963e-05,5.2159350776834036e-08,1.4142135623730951,1,8.366600265340756,0.16903085094570333,0.8543319874271107,2.0,0,,95,101,130,135,149,152,-7.282667822870332,0.0,0.9999238607660224,True,2,small,0.5396369041183476
BraTS-GLI-02245-103,sustraccion,prediction_component,201,34,12800.0,2.3478154844084584e-05,6.234193795766489e-08,1.4142135623730951,1,9.273618495495704,0.15249857033260467,0.7036956967830031,1.2,0,,96,101,67,73,106,111,-7.205219701397674,0.0,0.9998448885344574,True,2,small,0.5396369041183476
BraTS-GLI-02245-103,sustraccion,prediction_component,204,14,6912.0,2.4362533060422576e-05,6.712700278491907e-08,1.4142135623730951,1,7.0710678118654755,0.2,0.9458781407605124,1.6666666666666667,0,,97,101,90,93,140,145,-7.1731027435946135,0.0,0.9999819443175567,True,2,small,0.5396369041183476
BraTS-GLI-02245-103,sustraccion,prediction_component,205,24,11520.0,1.9410312304685675e-05,4.261057744126781e-08,1.4142135623730951,1,10.246950765959598,0.13801311186847084,0.7903281549671363,2.0,0,,97,105,135,139,40,45,-7.3704825803769465,0.0,0.9997326532318033,True,2,small,0.5396369041183476
BraTS-GLI-02245-103,sustraccion,prediction_component,206,19,9216.0,2.147533275462963e-05,5.2159350776834036e-08,1.4142135623730951,1,8.774964387392123,0.16116459280507606,0.8543319874271107,1.5,0,,97,103,145,150,34,38,-7.282667822870332,0.0,0.9999090385149569,True,2,small,0.5396369041183476
BraTS-GLI-02245-103,sustraccion,prediction_component,208,29,13824.0,1.7842159202974337e-05,3.6003704937574576e-08,1.4142135623730951,1,11.090536506409418,0.12751534261266767,0.742013605090188,1.4,0,,98,105,92,99,124,129,-7.443652806145121,0.0,0.9994726420683884,True,2,small,0.5396369041183476
BraTS-GLI-02245-103,sustraccion,prediction_component,209,16,6656.0,2.9464563572443515e-05,9.818664009850627e-08,1.4142135623730951,1,6.4031242374328485,0.2208630521496931,0.9046998952817776,1.3333333333333333,0,,99,103,36,39,125,129,-7.007947601074732,0.0,0.9999924347460525,True,2,small,0.5396369041183476
BraTS-GLI-02245-103,sustraccion,prediction_component,211,31,12288.0,2.275830376291707e-05,5.857767809065585e-08,1.4142135623730951,1,10.488088481701515,0.13483997249264842,0.7257003006213092,1.4,0,,99,104,59,66,106,112,-7.232267846932344,0.0,0.9997677882034497,True,2,small,0.5396369041183476
BraTS-GLI-02245-103,sustraccion,prediction_component,212,12,6144.0,2.4917498197257264e-05,7.022006780482366e-08,1.4142135623730951,1,6.4031242374328485,0.2208630521496931,0.9957510787676723,1.3333333333333333,0,,99,102,69,73,72,76,-7.153538755513696,0.0,0.9999913647643082,True,2,small,0.5396369041183476
BraTS-GLI-02245-103,sustraccion,prediction_component,213,55,22272.0,1.6547175101045797e-05,3.0967068776483617e-08,1.4142135623730951,1,16.76305461424021,0.08436490812191956,0.5994555302303142,1.1111111111111112,0,,99,109,82,91,71,81,-7.509099901341496,0.0,0.9969177940910584,True,2,small,0.5396369041183476
BraTS-GLI-02245-103,sustraccion,prediction_component,215,26,13056.0,1.7428424759080237e-05,3.435331448886051e-08,1.4142135623730951,1,11.224972160321824,0.12598815766974242,0.7695203069187393,3.0,0,,100,109,36,42,110,113,-7.464031354826301,0.0,0.9994757453279394,True,2,small,0.5396369041183476
BraTS-GLI-02245-103,sustraccion,prediction_component,216,28,10496.0,2.6038879888058366e-05,7.668262479160557e-08,1.4142135623730951,1,8.12403840463596,0.17407765595569785,0.7507439778384809,1.25,0,,100,105,97,101,42,47,-7.115303029948896,0.0,0.9999419055897947,True,2,small,0.5396369041183476
BraTS-GLI-02245-103,sustraccion,prediction_component,217,12,6144.0,2.4917498197257264e-05,7.022006780482366e-08,1.4142135623730951,1,6.4031242374328485,0.2208630521496931,0.9957510787676723,1.3333333333333333,0,,101,105,64,68,72,75,-7.153538755513696,0.0,0.9999913647643082,True,2,small,0.5396369041183476
BraTS-GLI-02245-103,sustraccion,prediction_component,218,35,12800.0,2.4168688810087073e-05,6.60630397907781e-08,1.4142135623730951,1,10.392304845413264,0.13608276348795434,0.6969289728874266,1.0,0,,101,107,80,86,136,142,-7.180041446781633,0.0,0.9997880025763827,True,2,small,0.5396369041183476
BraTS-GLI-02245-103,sustraccion,prediction_component,219,103,33792.0,1.658121611941887e-05,3.109461137579824e-08,1.4142135623730951,1,17.46424919657298,0.08097763301789161,0.48633119319478924,2.1666666666666665,0,,101,107,100,110,47,60,-7.507314866681333,0.0,0.9948145969353372,True,2,small,0.5396369041183476
BraTS-GLI-02245-103,sustraccion,prediction_component,222,24,9984.0,2.4057715415427756e-05,6.545776006567085e-08,1.4142135623730951,1,8.602325267042627,0.1643989873053573,0.7903281549671363,2.3333333333333335,0,,102,105,51,58,123,127,-7.184038860130413,0.0,0.9999219799543483,True,2,small,0.5396369041183476
BraTS-GLI-02245-103,sustraccion,prediction_component,223,14,7680.0,2.080109539136373e-05,4.8935585030206e-08,1.4142135623730951,1,7.810249675906654,0.1810714920850371,0.9458781407605124,2.0,0,,102,105,107,113,107,111,-7.310375215276639,0.0,0.9999557846335957,True,2,small,0.5396369041183476
BraTS-GLI-02245-103,sustraccion,prediction_component,225,31,16128.0,1.5135296099028144e-05,2.590801959392359e-08,1.4142135623730951,1,13.038404810405298,0.10846522890932808,0.7257003006213092,1.8,0,,103,111,80,89,32,37,-7.586565783166328,0.0,0.9985922451772702,True,2,small,0.5396369041183476
BraTS-GLI-02245-103,sustraccion,prediction_component,226,19,9216.0,2.147533275462963e-05,5.2159350776834036e-08,1.4142135623730951,1,8.774964387392123,0.16116459280507606,0.8543319874271107,1.5,0,,103,108,114,118,45,51,-7.282667822870332,0.0,0.9999090385149569,True,2,small,0.5396369041183476
BraTS-GLI-02245-103,sustraccion,prediction_component,228,294,91392.0,1.0641064074490871e-05,1.2806265164486464e-08,1.7320508075688772,1,41.701318923986086,0.04153467689417907,0.4198953388336317,1.9411764705882353,0,,103,120,160,179,104,137,-7.892577509986393,0.0,0.9419748085672636,True,2,small,0.5396369041183476
BraTS-GLI-02245-103,sustraccion,prediction_component,229,12,6144.0,2.4917498197257264e-05,7.022006780482366e-08,1.4142135623730951,1,6.4031242374328485,0.2208630521496931,0.9957510787676723,1.3333333333333333,0,,103,107,187,190,101,105,-7.153538755513696,0.0,0.9999913647643082,True,2,small,0.5396369041183476
BraTS-GLI-02245-103,sustraccion,prediction_component,231,12,5376.0,3.04433440619409e-05,1.0481829363285631e-07,1.4142135623730951,1,5.830951894845301,0.24253562503633297,0.9957510787676723,1.3333333333333333,0,,104,107,46,50,124,127,-6.979562914580636,0.0,0.9999970754453279,True,2,small,0.5396369041183476
BraTS-GLI-02245-103,sustraccion,prediction_component,232,19,9216.0,2.147533275462963e-05,5.2159350776834036e-08,1.4142135623730951,1,9.0,0.15713484026367724,0.8543319874271107,1.75,0,,104,108,69,76,42,46,-7.282667822870332,0.0,0.9999003607471785,True,2,small,0.5396369041183476
BraTS-GLI-02245-103,sustraccion,prediction_component,233,23,10496.0,2.1389079908047943e-05,5.174120984025427e-08,1.4142135623730951,1,9.0,0.15713484026367724,0.8016200827808712,1.75,0,,105,109,38,45,126,130,-7.2861634205981485,0.0,0.9998755432173401,True,2,small,0.5396369041183476
BraTS-GLI-02245-103,sustraccion,prediction_component,235,65,28416.0,1.3569659198143745e-05,2.082525147619239e-08,1.4142135623730951,1,17.291616465790582,0.08178608201095308,0.5669874099064106,1.8571428571428572,0,,105,114,66,73,137,150,-7.681409745548389,0.0,0.9933343360639343,True,2,small,0.5396369041183476
BraTS-GLI-02245-103,sustraccion,prediction_component,238,37,14848.0,2.0450304821397387e-05,4.729899847872578e-08,1.4142135623730951,1,11.489125293076057,0.12309149097933274,0.6841383873286643,2.5,0,,105,115,96,100,151,155,-7.32514805502895,0.0,0.9995094940761051,True,2,small,0.5396369041183476
BraTS-GLI-02245-103,sustraccion,prediction_component,239,14,6144.0,2.9070414563466808e-05,9.557731451212109e-08,1.4142135623730951,1,6.928203230275509,0.20412414523193154,0.9458781407605124,1.0,0,,105,109,108,112,147,151,-7.019645176252469,0.0,0.9999902478773879,True,2,small,0.5396369041183476
BraTS-GLI-02245-103,sustraccion,prediction_component,242,14,6144.0,2.9070414563466808e-05,9.557731451212109e-08,1.4142135623730951,1,6.928203230275509,0.20412414523193154,0.9458781407605124,1.0,0,,107,111,122,126,42,46,-7.019645176252469,0.0,0.9999902478773879,True,2,small,0.5396369041183476
BraTS-GLI-02245-103,sustraccion,prediction_component,244,33,15104.0,1.7777716425976513e-05,3.5744096371038345e-08,1.4142135623730951,1,11.916375287812984,0.11867816581938534,0.7107331206052484,1.8,0,,108,114,43,52,119,124,-7.4467956776447854,0.0,0.9992625884990963,True,2,small,0.5396369041183476
BraTS-GLI-02245-103,sustraccion,prediction_component,246,12,6144.0,2.4917498197257264e-05,7.022006780482366e-08,1.4142135623730951,1,6.4031242374328485,0.2208630521496931,0.9957510787676723,1.3333333333333333,0,,109,113,80,84,149,152,-7.153538755513696,0.0,0.9999913647643082,True,2,small,0.5396369041183476
BraTS-GLI-02245-103,sustraccion,prediction_component,247,20,7168.0,3.29558866672387e-05,1.2283393785100348e-07,1.4142135623730951,1,6.4031242374328485,0.2208630521496931,0.8398489863421099,1.3333333333333333,0,,109,113,125,129,32,35,-6.910681625172823,0.0,0.9999929625113879,True,2,small,0.5396369041183476
BraTS-GLI-02245-103,sustraccion,prediction_component,249,21,9984.0,2.1050500988499285e-05,5.011609755027925e-08,1.4142135623730951,1,9.273618495495704,0.15249857033260467,0.8263006657894747,1.2,0,,110,115,73,79,35,40,-7.300022754085787,0.0,0.9998687064033605,True,2,small,0.5396369041183476
BraTS-GLI-02245-103,sustraccion,prediction_component,250,14,7680.0,2.080109539136373e-05,4.8935585030206e-08,1.4142135623730951,1,8.12403840463596,0.17407765595569785,0.9458781407605124,1.25,0,,110,115,125,130,148,152,-7.310375215276639,0.0,0.9999482086475548,True,2,small,0.5396369041183476
BraTS-GLI-02245-103,sustraccion,prediction_component,251,40,19968.0,1.417614475842092e-05,2.2728388911691268e-08,1.4142135623730951,1,14.142135623730951,0.1,0.6665885822069456,1.6666666666666667,0,,110,120,161,169,54,60,-7.643431347889644,0.0,0.9973830827613391,True,2,small,0.5396369041183476
BraTS-GLI-02245-103,sustraccion,prediction_component,252,19,9216.0,2.147533275462963e-05,5.2159350776834036e-08,1.4142135623730951,1,8.246211251235321,0.17149858514250885,0.8543319874271107,1.5,0,,110,114,169,175,67,71,-7.282667822870332,0.0,0.9999279930558477,True,2,small,0.5396369041183476
BraTS-GLI-02245-103,sustraccion,prediction_component,257,31,11776.0,2.425855893767945e-05,6.655525782240705e-08,1.4142135623730951,1,9.273618495495704,0.15249857033260467,0.7257003006213092,1.2,0,,113,118,87,93,30,35,-7.176817629850304,0.0,0.9998710347712246,True,2,small,0.5396369041183476
BraTS-GLI-02245-103,sustraccion,prediction_component,258,12,5376.0,3.04433440619409e-05,1.0481829363285631e-07,1.4142135623730951,1,5.830951894845301,0.24253562503633297,0.9957510787676723,1.3333333333333333,0,,113,116,98,101,33,37,-6.979562914580636,0.0,0.9999970754453279,True,2,small,0.5396369041183476
BraTS-GLI-02245-103,sustraccion,prediction_component,263,19,9216.0,2.147533275462963e-05,5.2159350776834036e-08,1.4142135623730951,1,8.774964387392123,0.16116459280507606,0.8543319874271107,1.5,0,,114,119,112,118,31,35,-7.282667822870332,0.0,0.9999090385149569,True,2,small,0.5396369041183476
BraTS-GLI-02245-103,sustraccion,prediction_component,266,19,9216.0,2.147533275462963e-05,5.2159350776834036e-08,1.4142135623730951,1,8.12403840463596,0.17407765595569785,0.8543319874271107,1.25,0,,115,120,42,47,112,116,-7.282667822870332,0.0,0.9999320723195837,True,2,small,0.5396369041183476
BraTS-GLI-02245-103,sustraccion,prediction_component,267,25,9472.0,2.7119237506822293e-05,8.317777956467376e-08,1.4142135623730951,1,7.810249675906654,0.1810714920850371,0.7796467353853097,2.0,0,,115,119,65,71,91,94,-7.079992677331037,0.0,0.9999608178489844,True,2,small,0.5396369041183476
BraTS-GLI-02245-103,sustraccion,prediction_component,268,17,8448.0,2.1893644584863748e-05,5.421113507463137e-08,1.4142135623730951,1,7.681145747868608,0.1841149235796647,0.8866010210973454,1.6666666666666667,0,,115,120,85,88,36,41,-7.265911499351242,0.0,0.9999550508595741,True,2,small,0.5396369041183476
BraTS-GLI-02245-103,sustraccion,prediction_component,271,24,12288.0,1.7619331945484184e-05,3.511003390241183e-08,1.4142135623730951,1,9.9498743710662,0.1421338109037403,0.7903281549671363,1.4,0,,116,123,95,100,148,153,-7.4545687511776775,0.0,0.9996756815667746,True,2,small,0.5396369041183476
BraTS-GLI-02245-103,sustraccion,prediction_component,272,22,10752.0,1.9732803775844155e-05,4.403824142213755e-08,1.4142135623730951,1,9.0,0.15713484026367724,0.8135863258112027,2.0,0,,116,122,116,122,46,49,-7.3561700320234165,0.0,0.9998494034575314,True,2,small,0.5396369041183476
BraTS-GLI-02245-103,sustraccion,prediction_component,273,19,9216.0,2.147533275462963e-05,5.2159350776834036e-08,1.4142135623730951,1,8.12403840463596,0.17407765595569785,0.8543319874271107,1.25,0,,116,121,136,141,130,134,-7.282667822870332,0.0,0.9999320723195837,True,2,small,0.5396369041183476
BraTS-GLI-02245-103,sustraccion,prediction_component,274,31,15360.0,1.6284516565270985e-05,2.9991771182415796e-08,1.4142135623730951,1,12.12435565298214,0.11664236870396087,0.7257003006213092,1.0,0,,117,124,106,113,144,151,-7.522997885956513,0.0,0.9990572803905376,True,2,small,0.5396369041183476
BraTS-GLI-02245-103,sustraccion,prediction_component,275,14,6144.0,2.9070414563466808e-05,9.557731451212109e-08,1.4142135623730951,1,6.928203230275509,0.20412414523193154,0.9458781407605124,1.0,0,,117,121,114,118,37,41,-7.019645176252469,0.0,0.9999902478773879,True,2,small,0.5396369041183476
BraTS-GLI-02245-103,sustraccion,prediction_component,276,115,24320.0,3.0321625845444262e-05,1.0398180269427512e-07,2.23606797749979,1,11.874342087037917,0.18831089428867737,0.7412224963301063,2.5,1,,117,121,115,125,83,88,-6.9830426576334474,0.6931471805599453,0.9999613849537479,True,2,small,0.5396369041183476
BraTS-GLI-02245-103,sustraccion,prediction_component,281,28,10496.0,2.6038879888058366e-05,7.668262479160557e-08,1.4142135623730951,1,8.366600265340756,0.16903085094570333,0.7507439778384809,2.0,0,,119,125,95,100,92,95,-7.115303029948896,0.0,0.9999348826704716,True,2,small,0.5396369041183476
BraTS-GLI-02245-103,sustraccion,prediction_component,283,52,20480.0,1.774223859100175e-05,3.560157437704559e-08,1.4142135623730951,1,13.601470508735444,0.10397504898200727,0.6107686723568493,1.6666666666666667,0,,120,130,77,84,37,43,-7.44853079618036,0.0,0.9984593113341859,True,2,small,0.5396369041183476
BraTS-GLI-02245-103,sustraccion,prediction_component,285,14,7680.0,2.080109539136373e-05,4.8935585030206e-08,1.4142135623730951,1,7.54983443527075,0.1873171623163388,0.9458781407605124,1.25,0,,120,125,111,115,84,88,-7.310375215276639,0.0,0.9999616083947324,True,2,small,0.5396369041183476
BraTS-GLI-02245-103,sustraccion,prediction_component,287,14,7680.0,2.080109539136373e-05,4.8935585030206e-08,1.4142135623730951,1,7.54983443527075,0.1873171623163388,0.9458781407605124,1.25,0,,122,126,98,103,142,146,-7.310375215276639,0.0,0.9999616083947324,True,2,small,0.5396369041183476
BraTS-GLI-02245-103,sustraccion,prediction_component,288,26,11520.0,2.102783833007615e-05,5.000824713593235e-08,1.4142135623730951,1,10.246950765959598,0.13801311186847084,0.7695203069187393,2.0,0,,123,127,69,74,46,54,-7.300958367858523,0.0,0.9997707375593846,True,2,small,0.5396369041183476
BraTS-GLI-02245-103,sustraccion,prediction_component,292,58,17920.0,2.4178034089493176e-05,6.611413870892412e-08,1.4142135623730951,1,11.74734012447073,0.12038585308576921,0.5889365886474403,1.6,0,,123,131,141,146,130,137,-7.1797056553910235,0.0,0.9995352751202423,True,2,small,0.5396369041183476
BraTS-GLI-02245-103,sustraccion,prediction_component,293,74,29184.0,1.4842754175456877e-05,2.4916174453627147e-08,1.4142135623730951,1,18.81488772222678,0.07516460280028289,0.5430009978686747,1.625,0,,124,132,55,66,46,59,-7.603518637021593,0.0,0.9934640660980436,True,2,small,0.5396369041183476
BraTS-GLI-02245-103,sustraccion,prediction_component,297,41,15872.0,2.0503895251889375e-05,4.754721921919046e-08,1.4142135623730951,1,11.74734012447073,0.12038585308576921,0.6611244956113513,1.6,0,,126,134,89,94,142,149,-7.322874877529419,0.0,0.9994327980986142,True,2,small,0.5396369041183476
BraTS-GLI-02245-103,sustraccion,prediction_component,299,16,6656.0,2.9464563572443515e-05,9.818664009850627e-08,1.4142135623730951,1,6.4031242374328485,0.2208630521496931,0.9046998952817776,1.3333333333333333,0,,126,129,93,97,82,86,-7.007947601074732,0.0,0.9999924347460525,True,2,small,0.5396369041183476
BraTS-GLI-02245-103,sustraccion,prediction_component,300,33,14080.0,1.9751949095602793e-05,4.41237371515401e-08,1.4142135623730951,1,10.488088481701515,0.13483997249264842,0.7107331206052484,1.4,0,,126,133,118,123,37,43,-7.355327711201085,0.0,0.9996251746603911,True,2,small,0.5396369041183476
BraTS-GLI-02245-103,sustraccion,prediction_component,302,14,7680.0,2.080109539136373e-05,4.8935585030206e-08,1.4142135623730951,1,8.12403840463596,0.17407765595569785,0.9458781407605124,1.25,0,,127,132,57,62,65,69,-7.310375215276639,0.0,0.9999482086475548,True,2,small,0.5396369041183476
BraTS-GLI-02245-103,sustraccion,prediction_component,303,12,5376.0,3.04433440619409e-05,1.0481829363285631e-07,1.4142135623730951,1,5.830951894845301,0.24253562503633297,0.9957510787676723,1.3333333333333333,0,,127,131,60,63,93,96,-6.979562914580636,0.0,0.9999970754453279,True,2,small,0.5396369041183476
BraTS-GLI-02245-103,sustraccion,prediction_component,305,12,5376.0,3.04433440619409e-05,1.0481829363285631e-07,1.4142135623730951,1,5.830951894845301,0.24253562503633297,0.9957510787676723,1.3333333333333333,0,,127,130,82,85,126,130,-6.979562914580636,0.0,0.9999970754453279,True,2,small,0.5396369041183476
BraTS-GLI-02245-103,sustraccion,prediction_component,306,87,30208.0,1.657052596935293e-05,3.105453000830914e-08,1.4142135623730951,1,20.83266665599966,0.06788442333021306,0.5144834988108414,1.1818181818181819,0,,127,139,92,105,136,147,-7.507875039155267,0.0,0.9937639058223363,True,2,small,0.5396369041183476
BraTS-GLI-02245-103,sustraccion,prediction_component,307,12,5376.0,3.04433440619409e-05,1.0481829363285631e-07,1.4142135623730951,1,5.830951894845301,0.24253562503633297,0.9957510787676723,1.3333333333333333,0,,127,130,138,142,69,72,-6.979562914580636,0.0,0.9999970754453279,True,2,small,0.5396369041183476
BraTS-GLI-02245-103,sustraccion,prediction_component,308,24,12288.0,1.7619331945484184e-05,3.511003390241183e-08,1.4142135623730951,1,10.04987562112089,0.1407195089460584,0.7903281549671363,1.75,0,,127,133,149,153,124,131,-7.4545687511776775,0.0,0.9996651447695497,True,2,small,0.5396369041183476
BraTS-GLI-02245-103,sustraccion,prediction_component,309,12,6144.0,2.4917498197257264e-05,7.022006780482366e-08,1.4142135623730951,1,6.4031242374328485,0.2208630521496931,0.9957510787676723,1.3333333333333333,0,,128,131,52,56,73,77,-7.153538755513696,0.0,0.9999913647643082,True,2,small,0.5396369041183476
BraTS-GLI-02245-103,sustraccion,prediction_component,310,13,6912.0,2.2622352127535248e-05,5.7879915666588376e-08,1.4142135623730951,1,6.557438524302,0.21566554640687685,0.9695348330084831,1.6666666666666667,0,,128,131,72,77,124,127,-7.237472110337416,0.0,0.99998564663055,True,2,small,0.5396369041183476
BraTS-GLI-02245-103,sustraccion,prediction_component,315,52,20736.0,1.7414694787379972e-05,3.429920928390422e-08,1.4142135623730951,1,14.45683229480096,0.0978231976089037,0.6107686723568493,1.125,0,,129,137,82,90,132,141,-7.464715891840479,0.0,0.9981296079072007,True,2,small,0.5396369041183476
BraTS-GLI-02245-103,sustraccion,prediction_component,317,22,8960.0,2.5939444202047104e-05,7.609808117745368e-08,1.4142135623730951,1,8.12403840463596,0.17407765595569785,0.8135863258112027,1.25,0,,129,134,129,133,42,47,-7.118626293880542,0.0,0.999954285166329,True,2,small,0.5396369041183476
BraTS-GLI-02245-103,sustraccion,prediction_component,318,21,10752.0,1.883585814966942e-05,4.012575303132781e-08,1.4142135623730951,1,9.486832980505138,0.14907119849998599,0.8263006657894747,1.75,0,,129,134,136,143,46,50,-7.396576804199991,0.0,0.9998028889143459,True,2,small,0.5396369041183476
BraTS-GLI-02245-103,sustraccion,prediction_component,319,70,25088.0,1.761566239802265e-05,3.5095410814572424e-08,1.4142135623730951,1,16.73320053068151,0.08451542547285167,0.5531528923543089,2.0,0,,130,142,77,83,42,52,-7.454749669523099,0.0,0.9969288770305139,True,2,small,0.5396369041183476
BraTS-GLI-02245-103,sustraccion,prediction_component,320,47,19456.0,1.7318789017392454e-05,3.392246605500557e-08,1.4142135623730951,1,13.74772708486752,0.10286889997472795,0.6317015099045129,2.0,0,,130,140,126,131,130,138,-7.469512583445066,0.0,0.9984393652578467,True,2,small,0.5396369041183476
BraTS-GLI-02245-103,sustraccion,prediction_component,321,30,12800.0,2.0716018980074632e-05,4.853611086669411e-08,1.4142135623730951,1,9.273618495495704,0.15249857033260467,0.73367566779705,1.2,0,,131,136,61,66,50,56,-7.313935026042859,0.0,0.9998007257986103,True,2,small,0.5396369041183476
BraTS-GLI-02245-103,sustraccion,prediction_component,323,41,18432.0,1.638419711001273e-05,3.036006532405056e-08,1.4142135623730951,1,13.490737563232042,0.10482848367219183,0.6611244956113513,2.2,0,,131,136,95,106,38,44,-7.517697298328462,0.0,0.9984357650330316,True,2,small,0.5396369041183476
BraTS-GLI-02245-103,sustraccion,prediction_component,324,12,5376.0,3.04433440619409e-05,1.0481829363285631e-07,1.4142135623730951,1,5.830951894845301,0.24253562503633297,0.9957510787676723,1.3333333333333333,0,,131,135,105,108,131,134,-6.979562914580636,0.0,0.9999970754453279,True,2,small,0.5396369041183476
BraTS-GLI-02245-103,sustraccion,prediction_component,325,22,8192.0,2.9671381351669397e-05,9.956986177012105e-08,1.4142135623730951,1,7.54983443527075,0.1873171623163388,0.8135863258112027,1.25,0,,131,135,113,118,140,144,-7.001872095789433,0.0,0.9999772321440876,True,2,small,0.5396369041183476
BraTS-GLI-02245-103,sustraccion,prediction_component,327,12,5376.0,3.04433440619409e-05,1.0481829363285631e-07,1.4142135623730951,1,5.830951894845301,0.24253562503633297,0.9957510787676723,1.3333333333333333,0,,132,136,94,97,50,53,-6.979562914580636,0.0,0.9999970754453279,True,2,small,0.5396369041183476
BraTS-GLI-02245-103,sustraccion,prediction_component,330,21,8448.0,2.704509036953757e-05,8.272356597893577e-08,1.4142135623730951,1,7.54983443527075,0.1873171623163388,0.8263006657894747,1.25,0,,133,138,87,91,79,83,-7.082370752639951,0.0,0.9999715323839783,True,2,small,0.5396369041183476
BraTS-GLI-02245-103,sustraccion,prediction_component,331,65,20992.0,2.1371383130671878e-05,5.16556265536565e-08,1.4142135623730951,1,14.45683229480096,0.0978231976089037,0.5669874099064106,1.125,0,,133,142,86,94,42,50,-7.286882366339566,0.0,0.9987835897202557,True,2,small,0.5396369041183476
BraTS-GLI-02245-103,sustraccion,prediction_component,333,200,61696.0,1.3051020860364345e-05,1.926377251875692e-08,1.4142135623730951,1,32.01562118716424,0.04417261042993862,0.3898233676926549,2.0833333333333335,0,,133,149,124,136,48,73,-7.71525865887077,0.0,0.9654655566169967,True,2,small,0.5396369041183476
BraTS-GLI-02245-103,sustraccion,prediction_component,335,77,22784.0,2.238957074056622e-05,5.6694888815566e-08,1.4142135623730951,1,13.152946437965905,0.10752066611409408,0.5358554176060653,2.75,0,,133,137,152,158,105,116,-7.2464560920639025,0.0,0.9990358520312583,True,2,small,0.5396369041183476
BraTS-GLI-02245-103,sustraccion,prediction_component,337,143,48128.0,1.3543762066909414e-05,2.074583907044931e-08,1.4142135623730951,1,23.790754506740637,0.059443829827776413,0.4359458239395894,3.1666666666666665,0,,135,148,109,115,42,61,-7.683068995335043,0.0,0.9814733864222573,True,2,small,0.5396369041183476
BraTS-GLI-02245-103,sustraccion,prediction_component,338,49,20480.0,1.671864790305934e-05,3.161219677488405e-08,1.4142135623730951,1,13.601470508735444,0.10397504898200727,0.6229872725752906,1.6666666666666667,0,,136,143,68,78,51,57,-7.500145323392931,0.0,0.9982510138863419,True,2,small,0.5396369041183476
BraTS-GLI-02245-103,sustraccion,prediction_component,339,12,5376.0,3.04433440619409e-05,1.0481829363285631e-07,1.4142135623730951,1,5.830951894845301,0.24253562503633297,0.9957510787676723,1.3333333333333333,0,,136,140,89,92,130,133,-6.979562914580636,0.0,0.9999970754453279,True,2,small,0.5396369041183476
BraTS-GLI-02245-103,sustraccion,prediction_component,340,50,16128.0,2.4411767901658297e-05,6.739859415692921e-08,1.4142135623730951,1,10.04987562112089,0.1407195089460584,0.6188060239571066,1.75,0,,136,142,99,106,92,96,-7.171349162162835,0.0,0.9997468263116464,True,2,small,0.5396369041183476
BraTS-GLI-02245-103,sustraccion,prediction_component,343,45,19200.0,1.6914558667664817e-05,3.2357407244462745e-08,1.4142135623730951,1,15.652475842498529,0.09035079029052513,0.6409247308398612,1.25,0,,137,146,56,64,109,119,-7.490026285098541,0.0,0.997860362019264,True,2,small,0.5396369041183476
BraTS-GLI-02245-103,sustraccion,prediction_component,344,12,6144.0,2.4917498197257264e-05,7.022006780482366e-08,1.4142135623730951,1,6.4031242374328485,0.2208630521496931,0.9957510787676723,1.3333333333333333,0,,141,144,57,61,105,109,-7.153538755513696,0.0,0.9999913647643082,True,2,small,0.5396369041183476
BraTS-GLI-02245-103,sustraccion,prediction_component,345,274,78336.0,1.2497077846564645e-05,1.7663197447989893e-08,1.7320508075688772,1,37.322915213043046,0.04640716829546011,0.42987280987905896,2.6666666666666665,0,,141,156,74,86,55,87,-7.752930676278091,0.0,0.9681025738771897,True,2,small,0.5396369041183476
BraTS-GLI-02245-103,sustraccion,prediction_component,348,16,6656.0,2.9464563572443515e-05,9.818664009850627e-08,1.4142135623730951,1,6.4031242374328485,0.2208630521496931,0.9046998952817776,1.3333333333333333,0,,142,146,102,106,128,131,-7.007947601074732,0.0,0.9999924347460525,True,2,small,0.5396369041183476
BraTS-GLI-02245-103,sustraccion,prediction_component,349,12,5376.0,3.04433440619409e-05,1.0481829363285631e-07,1.4142135623730951,1,5.830951894845301,0.24253562503633297,0.9957510787676723,1.3333333333333333,0,,142,145,132,136,62,65,-6.979562914580636,0.0,0.9999970754453279,True,2,small,0.5396369041183476
BraTS-GLI-02245-103,sustraccion,prediction_component,350,42,19712.0,1.5175858015754344e-05,2.6047070337390852e-08,1.4142135623730951,1,14.798648586948742,0.09556369651349932,0.6558352730581178,1.5714285714285714,0,,142,149,134,145,100,107,-7.584241117195773,0.0,0.9975310442548672,True,2,small,0.5396369041183476
BraTS-GLI-02245-103,sustraccion,prediction_component,351,34,13568.0,2.1513207428579317e-05,5.2343493250858835e-08,1.4142135623730951,1,10.04987562112089,0.1407195089460584,0.7036956967830031,1.75,0,,145,151,93,97,120,127,-7.281137297191984,0.0,0.9997378268048551,True,2,small,0.5396369041183476
BraTS-GLI-02245-103,sustraccion,prediction_component,353,35,16128.0,1.708823753116081e-05,3.302531113689531e-08,1.4142135623730951,1,12.68857754044952,0.11145564251507058,0.6969289728874266,2.0,0,,147,153,107,112,64,74,-7.4811530821343215,0.0,0.9989689385414898,True,2,small,0.5396369041183476
BraTS-GLI-02245-103,sustraccion,prediction_component,355,26,10496.0,2.4178959896054198e-05,6.611920198868032e-08,1.4142135623730951,1,8.246211251235321,0.17149858514250885,0.7695203069187393,1.5,0,,152,156,108,112,75,81,-7.179672396691698,0.0,0.9999288598916646,True,2,small,0.5396369041183476
BraTS-GLI-02245-103,gmm_2d,prediction_component,1,48,18432.0,1.918149905562466e-05,4.1611892032488095e-08,1.7320508075688772,1,11.180339887498949,0.15491933384829665,0.7682627055029695,1.6,0,,24,32,79,85,98,103,-7.380782537016758,0.0,0.9997936651853224,True,2,small,0.5396369041183476
BraTS-GLI-02245-103,gmm_2d,prediction_component,2,38,13824.0,2.3379381024587062e-05,6.181848980958109e-08,1.7320508075688772,1,9.848857801796104,0.17586311452816475,0.8304795924748166,1.2,0,,27,32,82,88,85,91,-7.2088816087094125,0.0,0.9999441871677677,True,2,small,0.5396369041183476
BraTS-GLI-02245-103,gmm_2d,prediction_component,3,38,12544.0,2.7047649416909622e-05,8.273922157753891e-08,1.7320508075688772,1,9.273618495495704,0.18677184190940707,0.8304795924748166,1.2,0,,29,34,87,93,90,95,-7.082288569326049,0.0,0.9999716641024393,True,2,small,0.5396369041183476
BraTS-GLI-02245-103,gmm_2d,prediction_component,4,686,144640.0,1.247071907284493e-05,1.758876577193335e-08,2.23606797749979,1,35.07135583350036,0.06375767130633384,0.40870175257231967,2.272727272727273,5,,31,42,63,88,107,129,-7.754764634518939,1.791759469228055,0.9464399311624072,True,2,small,0.5396369041183476
BraTS-GLI-02245-103,gmm_2d,prediction_component,5,98367,14625024.0,1.7587517610320884e-06,3.498335555475297e-10,5.656854249492381,4,230.6534196581529,0.02452534307913708,0.19753984868891244,1.126984126984127,133,,32,158,22,164,27,158,-9.456138535937397,4.897839799950911,0.002205801562829806,False,2,small,0.5396369041183476
BraTS-GLI-02245-103,gmm_2d,prediction_component,6,165,42240.0,1.900632187894343e-05,4.085531217735195e-08,2.23606797749979,1,18.841443681416774,0.11867816581938533,0.6571833580465778,2.142857142857143,1,,35,42,127,142,116,125,-7.388751466688034,0.6931471805599453,0.9989621468519942,True,2,small,0.5396369041183476
BraTS-GLI-02245-103,gmm_2d,prediction_component,7,38,13824.0,2.3379381024587062e-05,6.181848980958109e-08,1.7320508075688772,1,9.848857801796104,0.17586311452816475,0.8304795924748166,1.2,0,,37,43,130,136,134,139,-7.2088816087094125,0.0,0.9999441871677677,True,2,small,0.5396369041183476
BraTS-GLI-02245-103,gmm_2d,prediction_component,8,415,85760.0,1.652421884866805e-05,3.088120581475334e-08,2.449489742783178,1,29.68164415931166,0.0825254062623997,0.5293656976642528,2.2222222222222223,3,,39,59,97,117,89,98,-7.5103057501604775,1.3862943611198906,0.9918501040801504,True,2,small,0.5396369041183476
BraTS-GLI-02245-103,gmm_2d,prediction_component,9,25,9984.0,2.5060120224403912e-05,7.102621534903521e-08,1.7320508075688772,1,8.660254037844387,0.19999999999999996,0.9548683406603533,1.0,0,,42,47,143,148,66,71,-7.14858132620955,0.0,0.9999839769140652,True,2,small,0.5396369041183476
BraTS-GLI-02245-103,gmm_2d,prediction_component,10,72,23296.0,2.024932076428843e-05,4.637386500279305e-08,1.7320508075688772,1,12.884098726725126,0.13443321448446624,0.6711392913128504,1.5,0,,43,50,134,143,136,142,-7.333726706574872,0.0,0.9995883506669478,True,2,small,0.5396369041183476
BraTS-GLI-02245-103,gmm_2d,prediction_component,11,25,9984.0,2.5060120224403912e-05,7.102621534903521e-08,1.7320508075688772,1,8.660254037844387,0.19999999999999996,0.9548683406603533,1.0,0,,44,49,65,70,82,87,-7.14858132620955,0.0,0.9999839769140652,True,2,small,0.5396369041183476
BraTS-GLI-02245-103,gmm_2d,prediction_component,12,116,31744.0,2.0509993064738504e-05,4.7575504299035303e-08,1.7320508075688772,1,15.427248620541512,0.11227217828476796,0.5724938610883553,1.8333333333333333,0,,45,56,57,63,46,55,-7.322616599506996,0.0,0.9990303965696481,True,2,small,0.5396369041183476
BraTS-GLI-02245-103,gmm_2d,prediction_component,13,38,13824.0,2.3379381024587062e-05,6.181848980958109e-08,1.7320508075688772,1,9.848857801796104,0.17586311452816475,0.8304795924748166,1.2,0,,46,52,102,107,126,132,-7.2088816087094125,0.0,0.9999441871677677,True,2,small,0.5396369041183476
BraTS-GLI-02245-103,gmm_2d,prediction_component,14,63,20992.0,2.071380211126659e-05,4.85257235009379e-08,1.7320508075688772,1,12.806248474865697,0.13525044520011484,0.7016868116919668,1.3333333333333333,0,,47,55,53,59,128,136,-7.314027980718114,0.0,0.9996654894651165,True,2,small,0.5396369041183476
BraTS-GLI-02245-103,gmm_2d,prediction_component,15,63,22528.0,1.8631876346107425e-05,3.926137994703396e-08,1.7320508075688772,1,12.884098726725126,0.13443321448446624,0.7016868116919668,1.5,0,,48,54,120,129,120,127,-7.4060344400174705,0.0,0.9995338917281803,True,2,small,0.5396369041183476
BraTS-GLI-02245-103,gmm_2d,prediction_component,16,59,18176.0,2.4077120183702874e-05,6.556339810384356e-08,1.7320508075688772,1,11.180339887498949,0.15491933384829665,0.71719869927557,1.6,0,,48,54,168,176,90,95,-7.183338545347065,0.0,0.9998708511945291,True,2,small,0.5396369041183476
BraTS-GLI-02245-103,gmm_2d,prediction_component,17,63,22528.0,1.8631876346107425e-05,3.926137994703396e-08,1.7320508075688772,1,12.727922061357855,0.13608276348795434,0.7016868116919668,1.1428571428571428,0,,49,57,130,137,36,43,-7.4060344400174705,0.0,0.9995509509300666,True,2,small,0.5396369041183476
BraTS-GLI-02245-103,gmm_2d,prediction_component,18,25,9984.0,2.5060120224403912e-05,7.102621534903521e-08,1.7320508075688772,1,8.660254037844387,0.19999999999999996,0.9548683406603533,1.0,0,,50,55,104,109,36,41,-7.14858132620955,0.0,0.9999839769140652,True,2,small,0.5396369041183476
BraTS-GLI-02245-103,gmm_2d,prediction_component,19,85,27136.0,1.9015168572276557e-05,4.0893354102233463e-08,1.7320508075688772,1,13.92838827718412,0.12435400084345173,0.6350148115649618,1.2857142857142858,0,,50,57,118,127,136,144,-7.388347266839853,0.0,0.9992808126084183,True,2,small,0.5396369041183476
BraTS-GLI-02245-103,gmm_2d,prediction_component,20,136,29440.0,2.6923542357481886e-05,8.198167233686514e-08,2.449489742783178,1,13.92838827718412,0.17586311452816475,0.7678190072915242,1.2857142857142858,1,,52,59,122,130,68,77,-7.086283226794528,0.6931471805599453,0.9999345978529148,True,2,small,0.5396369041183476
BraTS-GLI-02245-103,gmm_2d,prediction_component,21,25,9984.0,2.5060120224403912e-05,7.102621534903521e-08,1.7320508075688772,1,8.660254037844387,0.19999999999999996,0.9548683406603533,1.0,0,,52,57,158,163,106,111,-7.14858132620955,0.0,0.9999839769140652,True,2,small,0.5396369041183476
BraTS-GLI-02245-103,gmm_2d,prediction_component,22,1820,362752.0,8.330223710160248e-06,7.848121226008553e-09,2.8284271247461903,1,62.20932405998316,0.04546628929803157,0.37343704739610495,5.3,7,,52,105,166,197,88,98,-8.105234297246358,2.0794415416798357,0.72876325026559,True,2,small,0.5396369041183476
BraTS-GLI-02245-103,gmm_2d,prediction_component,23,48,18432.0,1.918149905562466e-05,4.1611892032488095e-08,1.7320508075688772,1,11.180339887498949,0.15491933384829665,0.7682627055029695,1.6,0,,53,59,123,128,124,132,-7.380782537016758,0.0,0.9997936651853224,True,2,small,0.5396369041183476
BraTS-GLI-02245-103,gmm_2d,prediction_component,24,25,9984.0,2.5060120224403912e-05,7.102621534903521e-08,1.7320508075688772,1,8.660254037844387,0.19999999999999996,0.9548683406603533,1.0,0,,53,58,166,171,107,112,-7.14858132620955,0.0,0.9999839769140652,True,2,small,0.5396369041183476
BraTS-GLI-02245-103,gmm_2d,prediction_component,25,62,18176.0,2.530138053202675e-05,7.240037411984334e-08,1.7320508075688772,1,11.575836902790225,0.14962640041614492,0.7054392189315698,1.1666666666666667,0,,53,60,184,191,98,104,-7.140259189634846,0.0,0.9998682533026614,True,2,small,0.5396369041183476
BraTS-GLI-02245-103,gmm_2d,prediction_component,26,51,17664.0,2.1723839827382773e-05,5.337348459431324e-08,1.7320508075688772,1,11.090536506409418,0.15617376188860604,0.7528933105024771,1.4,0,,54,61,44,49,119,126,-7.272674442490021,0.0,0.9998524265156273,True,2,small,0.5396369041183476
BraTS-GLI-02245-103,gmm_2d,prediction_component,27,25,9984.0,2.5060120224403912e-05,7.102621534903521e-08,1.7320508075688772,1,8.660254037844387,0.19999999999999996,0.9548683406603533,1.0,0,,54,59,146,151,107,112,-7.14858132620955,0.0,0.9999839769140652,True,2,small,0.5396369041183476
BraTS-GLI-02245-103,gmm_2d,prediction_component,28,25,9984.0,2.5060120224403912e-05,7.102621534903521e-08,1.7320508075688772,1,8.660254037844387,0.19999999999999996,0.9548683406603533,1.0,0,,54,59,153,158,110,115,-7.14858132620955,0.0,0.9999839769140652,True,2,small,0.5396369041183476
BraTS-GLI-02245-103,gmm_2d,prediction_component,29,115,32768.0,1.9387550315011252e-05,4.2510699312688885e-08,2.23606797749979,1,15.297058540778355,0.14617633655117154,0.7412224963301063,1.5714285714285714,1,,55,62,125,133,44,55,-7.371501750710509,0.6931471805599453,0.9996240946817446,True,2,small,0.5396369041183476
BraTS-GLI-02245-103,gmm_2d,prediction_component,30,25,9984.0,2.5060120224403912e-05,7.102621534903521e-08,1.7320508075688772,1,8.660254037844387,0.19999999999999996,0.9548683406603533,1.0,0,,55,60,160,165,111,116,-7.14858132620955,0.0,0.9999839769140652,True,2,small,0.5396369041183476
BraTS-GLI-02245-103,gmm_2d,prediction_component,31,25,9984.0,2.5060120224403912e-05,7.102621534903521e-08,1.7320508075688772,1,8.660254037844387,0.19999999999999996,0.9548683406603533,1.0,0,,56,61,54,59,122,127,-7.14858132620955,0.0,0.9999839769140652,True,2,small,0.5396369041183476
BraTS-GLI-02245-103,gmm_2d,prediction_component,32,69,23808.0,1.8782989682144485e-05,3.9900819301133063e-08,1.7320508075688772,1,14.52583904633395,0.11923929502757463,0.6807282909996718,1.2857142857142858,0,,56,65,124,133,32,39,-7.399018186661422,0.0,0.9993024419896588,True,2,small,0.5396369041183476
BraTS-GLI-02245-103,gmm_2d,prediction_component,33,25,9984.0,2.5060120224403912e-05,7.102621534903521e-08,1.7320508075688772,1,8.660254037844387,0.19999999999999996,0.9548683406603533,1.0,0,,57,62,161,166,68,73,-7.14858132620955,0.0,0.9999839769140652,True,2,small,0.5396369041183476
BraTS-GLI-02245-103,gmm_2d,prediction_component,34,38,12544.0,2.7047649416909622e-05,8.273922157753891e-08,1.7320508075688772,1,9.273618495495704,0.18677184190940707,0.8304795924748166,1.2,0,,59,64,164,170,65,70,-7.082288569326049,0.0,0.9999716641024393,True,2,small,0.5396369041183476
BraTS-GLI-02245-103,gmm_2d,prediction_component,35,95,27904.0,2.038092591922515e-05,4.697861341027824e-08,1.7320508075688772,1,14.594519519326424,0.11867816581938533,0.6119025955310512,1.4285714285714286,0,,59,69,189,196,97,105,-7.328099805718303,0.0,0.9992696316060532,True,2,small,0.5396369041183476
BraTS-GLI-02245-103,gmm_2d,prediction_component,36,25,9984.0,2.5060120224403912e-05,7.102621534903521e-08,1.7320508075688772,1,8.660254037844387,0.19999999999999996,0.9548683406603533,1.0,0,,60,65,128,133,146,151,-7.14858132620955,0.0,0.9999839769140652,True,2,small,0.5396369041183476
BraTS-GLI-02245-103,gmm_2d,prediction_component,37,38,12544.0,2.7047649416909622e-05,8.273922157753891e-08,1.7320508075688772,1,9.273618495495704,0.18677184190940707,0.8304795924748166,1.2,0,,60,65,167,173,54,59,-7.082288569326049,0.0,0.9999716641024393,True,2,small,0.5396369041183476
BraTS-GLI-02245-103,gmm_2d,prediction_component,38,166,47104.0,1.623758380505963e-05,2.98191448451198e-08,2.23606797749979,1,21.656407827707714,0.10325202569555013,0.6558610539549251,2.8333333333333335,1,,61,67,169,186,56,68,-7.525504815422627,0.6931471805599453,0.9976467788843483,True,2,small,0.5396369041183476
BraTS-GLI-02245-103,gmm_2d,prediction_component,39,50,19200.0,1.879395407518313e-05,3.9947416351188576e-08,1.7320508075688772,1,11.916375287812984,0.14535047493345277,0.757879504227687,1.8,0,,62,68,109,114,88,97,-7.39851130397719,0.0,0.9997163700815749,True,2,small,0.5396369041183476
BraTS-GLI-02245-103,gmm_2d,prediction_component,40,25,9984.0,2.5060120224403912e-05,7.102621534903521e-08,1.7320508075688772,1,8.660254037844387,0.19999999999999996,0.9548683406603533,1.0,0,,62,67,173,178,50,55,-7.14858132620955,0.0,0.9999839769140652,True,2,small,0.5396369041183476
BraTS-GLI-02245-103,gmm_2d,prediction_component,41,98,24832.0,2.5044278597951904e-05,7.093644601622108e-08,1.7320508075688772,1,12.806248474865697,0.13525044520011484,0.605593872006889,1.3333333333333333,0,,63,71,122,130,90,96,-7.149130573887873,0.0,0.9997199943440673,True,2,small,0.5396369041183476
BraTS-GLI-02245-103,gmm_2d,prediction_component,42,165,48896.0,1.5260682094809592e-05,2.6339059551287202e-08,2.23606797749979,1,22.47220505424423,0.09950371902099892,0.6571833580465778,2.0,1,,64,74,190,199,70,88,-7.579399735789497,0.6931471805599453,0.9969408354222046,True,2,small,0.5396369041183476
BraTS-GLI-02245-103,gmm_2d,prediction_component,43,25,9984.0,2.5060120224403912e-05,7.102621534903521e-08,1.7320508075688772,1,8.660254037844387,0.19999999999999996,0.9548683406603533,1.0,0,,65,70,152,157,141,146,-7.14858132620955,0.0,0.9999839769140652,True,2,small,0.5396369041183476
BraTS-GLI-02245-103,gmm_2d,prediction_component,44,25,9984.0,2.5060120224403912e-05,7.102621534903521e-08,1.7320508075688772,1,8.660254037844387,0.19999999999999996,0.9548683406603533,1.0,0,,66,71,92,97,148,153,-7.14858132620955,0.0,0.9999839769140652,True,2,small,0.5396369041183476
BraTS-GLI-02245-103,gmm_2d,prediction_component,45,104,31232.0,1.8842288334924774e-05,4.0153153966735857e-08,1.7320508075688772,1,15.620499351813308,0.11088319064318593,0.5937164071813201,2.0,0,,67,75,129,141,34,40,-7.396280335900812,0.0,0.998818845797293,True,2,small,0.5396369041183476
BraTS-GLI-02245-103,gmm_2d,prediction_component,46,180,39680.0,2.2772725428813287e-05,5.8651941566278006e-08,2.23606797749979,1,16.911534525287763,0.13222147133698628,0.6383963131658954,2.1666666666666665,1,,68,74,47,56,109,122,-7.23171760677839,0.6931471805599453,0.999517333279779,True,2,small,0.5396369041183476
BraTS-GLI-02245-103,gmm_2d,prediction_component,47,83,23808.0,2.2594031066927423e-05,5.773508594108499e-08,1.7320508075688772,1,12.727922061357855,0.13608276348795434,0.6400749038798939,1.1428571428571428,0,,68,76,84,91,91,98,-7.238560183383785,0.0,0.9996753148046942,True,2,small,0.5396369041183476
BraTS-GLI-02245-103,gmm_2d,prediction_component,48,63,23040.0,1.80142770354644e-05,3.67016887726545e-08,1.7320508075688772,1,13.114877048604,0.13206763594884358,0.7016868116919668,1.6666666666666667,0,,68,74,112,118,88,98,-7.435313951884939,0.0,0.9994567496279159,True,2,small,0.5396369041183476
BraTS-GLI-02245-103,gmm_2d,prediction_component,49,38,12544.0,2.7047649416909622e-05,8.273922157753891e-08,1.7320508075688772,1,9.273618495495704,0.18677184190940707,0.8304795924748166,1.2,0,,69,74,118,123,99,105,-7.082288569326049,0.0,0.9999716641024393,True,2,small,0.5396369041183476
BraTS-GLI-02245-103,gmm_2d,prediction_component,50,44,13824.0,2.7070862238995545e-05,8.288129935688987e-08,1.7320508075688772,1,10.392304845413264,0.16666666666666666,0.7908715233027805,1.0,0,,70,76,86,92,113,119,-7.081543448970658,0.0,0.9999478350119567,True,2,small,0.5396369041183476
BraTS-GLI-02245-103,gmm_2d,prediction_component,51,25,9984.0,2.5060120224403912e-05,7.102621534903521e-08,1.7320508075688772,1,8.660254037844387,0.19999999999999996,0.9548683406603533,1.0,0,,71,76,27,32,104,109,-7.14858132620955,0.0,0.9999839769140652,True,2,small,0.5396369041183476
BraTS-GLI-02245-103,gmm_2d,prediction_component,52,25,9984.0,2.5060120224403912e-05,7.102621534903521e-08,1.7320508075688772,1,8.660254037844387,0.19999999999999996,0.9548683406603533,1.0,0,,71,76,181,186,129,134,-7.14858132620955,0.0,0.9999839769140652,True,2,small,0.5396369041183476
BraTS-GLI-02245-103,gmm_2d,prediction_component,53,50,15360.0,2.6265349298824172e-05,7.802229756091518e-08,1.7320508075688772,1,10.392304845413264,0.16666666666666666,0.757879504227687,1.0,0,,71,77,185,191,123,129,-7.1077812649530205,0.0,0.9999349253367332,True,2,small,0.5396369041183476
BraTS-GLI-02245-103,gmm_2d,prediction_component,54,25,9984.0,2.5060120224403912e-05,7.102621534903521e-08,1.7320508075688772,1,8.660254037844387,0.19999999999999996,0.9548683406603533,1.0,0,,72,77,110,115,144,149,-7.14858132620955,0.0,0.9999839769140652,True,2,small,0.5396369041183476
BraTS-GLI-02245-103,gmm_2d,prediction_component,55,90,27648.0,1.9577035494982427e-05,4.33457208671751e-08,1.7320508075688772,1,14.142135623730951,0.1224744871391589,0.623030528071304,1.6666666666666667,0,,73,83,122,128,43,51,-7.363053770056327,0.0,0.999277781332868,True,2,small,0.5396369041183476
BraTS-GLI-02245-103,gmm_2d,prediction_component,56,25,9984.0,2.5060120224403912e-05,7.102621534903521e-08,1.7320508075688772,1,8.660254037844387,0.19999999999999996,0.9548683406603533,1.0,0,,73,78,127,132,64,69,-7.14858132620955,0.0,0.9999839769140652,True,2,small,0.5396369041183476
BraTS-GLI-02245-103,gmm_2d,prediction_component,57,25,9984.0,2.5060120224403912e-05,7.102621534903521e-08,1.7320508075688772,1,8.660254037844387,0.19999999999999996,0.9548683406603533,1.0,0,,75,80,120,125,137,142,-7.14858132620955,0.0,0.9999839769140652,True,2,small,0.5396369041183476
BraTS-GLI-02245-103,gmm_2d,prediction_component,58,46,15616.0,2.357236358908017e-05,6.284324984734695e-08,1.7320508075688772,1,10.488088481701515,0.1651445647689541,0.7792393700163133,1.4,0,,75,80,191,197,111,118,-7.20174136414328,0.0,0.9999148270214971,True,2,small,0.5396369041183476
BraTS-GLI-02245-103,gmm_2d,prediction_component,59,25,9984.0,2.5060120224403912e-05,7.102621534903521e-08,1.7320508075688772,1,8.660254037844387,0.19999999999999996,0.9548683406603533,1.0,0,,76,81,145,150,127,132,-7.14858132620955,0.0,0.9999839769140652,True,2,small,0.5396369041183476
BraTS-GLI-02245-103,gmm_2d,prediction_component,60,25,9984.0,2.5060120224403912e-05,7.102621534903521e-08,1.7320508075688772,1,8.660254037844387,0.19999999999999996,0.9548683406603533,1.0,0,,77,82,101,106,141,146,-7.14858132620955,0.0,0.9999839769140652,True,2,small,0.5396369041183476
BraTS-GLI-02245-103,gmm_2d,prediction_component,61,65,18944.0,2.4929055764187387e-05,7.028522373214932e-08,1.7320508075688772,1,11.0,0.15745916432444337,0.6944149224264771,1.1666666666666667,0,,78,84,71,78,147,153,-7.153135968381345,0.0,0.9998794995850244,True,2,small,0.5396369041183476
BraTS-GLI-02245-103,gmm_2d,prediction_component,62,71,26880.0,1.611070153909641e-05,2.935494545573493e-08,1.7320508075688772,1,14.730919862656235,0.11757927025044307,0.6742755017744779,1.6666666666666667,0,,79,89,29,38,101,107,-7.532318722245791,0.0,0.9988303219680186,True,2,small,0.5396369041183476
BraTS-GLI-02245-103,gmm_2d,prediction_component,63,105,34304.0,1.6526167627325314e-05,3.088849017524819e-08,1.7320508075688772,1,16.24807680927192,0.10660035817780521,0.5918255777924422,1.25,0,,79,89,116,126,129,137,-7.510203319428674,0.0,0.9980686899648504,True,2,small,0.5396369041183476
BraTS-GLI-02245-103,gmm_2d,prediction_component,64,38,12544.0,2.7047649416909622e-05,8.273922157753891e-08,1.7320508075688772,1,9.273618495495704,0.18677184190940707,0.8304795924748166,1.2,0,,82,87,42,48,130,135,-7.082288569326049,0.0,0.9999716641024393,True,2,small,0.5396369041183476
BraTS-GLI-02245-103,gmm_2d,prediction_component,65,25,9984.0,2.5060120224403912e-05,7.102621534903521e-08,1.7320508075688772,1,8.660254037844387,0.19999999999999996,0.9548683406603533,1.0,0,,84,89,121,126,42,47,-7.14858132620955,0.0,0.9999839769140652,True,2,small,0.5396369041183476
BraTS-GLI-02245-103,gmm_2d,prediction_component,66,25,9984.0,2.5060120224403912e-05,7.102621534903521e-08,1.7320508075688772,1,8.660254037844387,0.19999999999999996,0.9548683406603533,1.0,0,,85,90,170,175,90,95,-7.14858132620955,0.0,0.9999839769140652,True,2,small,0.5396369041183476
BraTS-GLI-02245-103,gmm_2d,prediction_component,67,38,12544.0,2.7047649416909622e-05,8.273922157753891e-08,1.7320508075688772,1,9.273618495495704,0.18677184190940707,0.8304795924748166,1.2,0,,85,90,183,189,90,95,-7.082288569326049,0.0,0.9999716641024393,True,2,small,0.5396369041183476
BraTS-GLI-02245-103,gmm_2d,prediction_component,68,25,9984.0,2.5060120224403912e-05,7.102621534903521e-08,1.7320508075688772,1,8.660254037844387,0.19999999999999996,0.9548683406603533,1.0,0,,86,91,78,83,72,77,-7.14858132620955,0.0,0.9999839769140652,True,2,small,0.5396369041183476
BraTS-GLI-02245-103,gmm_2d,prediction_component,69,104,31488.0,1.8612972006282744e-05,3.918174932662537e-08,1.7320508075688772,1,14.798648586948742,0.11704114719613055,0.5937164071813201,1.5714285714285714,0,,87,98,49,56,137,144,-7.406916178194761,0.0,0.9989343545886249,True,2,small,0.5396369041183476
BraTS-GLI-02245-103,gmm_2d,prediction_component,70,224,61696.0,1.4617143363608066e-05,2.4164476247528676e-08,2.23606797749979,1,24.351591323771842,0.09182430617242483,0.5935152274061434,1.7777777777777777,2,,87,103,100,116,127,136,-7.616822613530407,1.0986122886681098,0.9935710260545243,True,2,small,0.5396369041183476
BraTS-GLI-02245-103,gmm_2d,prediction_component,71,25,9984.0,2.5060120224403912e-05,7.102621534903521e-08,1.7320508075688772,1,8.660254037844387,0.19999999999999996,0.9548683406603533,1.0,0,,87,92,112,117,52,57,-7.14858132620955,0.0,0.9999839769140652,True,2,small,0.5396369041183476
BraTS-GLI-02245-103,gmm_2d,prediction_component,72,38,12544.0,2.7047649416909622e-05,8.273922157753891e-08,1.7320508075688772,1,9.273618495495704,0.18677184190940707,0.8304795924748166,1.2,0,,87,93,138,143,147,152,-7.082288569326049,0.0,0.9999716641024393,True,2,small,0.5396369041183476
BraTS-GLI-02245-103,gmm_2d,prediction_component,73,25,9984.0,2.5060120224403912e-05,7.102621534903521e-08,1.7320508075688772,1,8.660254037844387,0.19999999999999996,0.9548683406603533,1.0,0,,88,93,82,87,30,35,-7.14858132620955,0.0,0.9999839769140652,True,2,small,0.5396369041183476
BraTS-GLI-02245-103,gmm_2d,prediction_component,74,25,9984.0,2.5060120224403912e-05,7.102621534903521e-08,1.7320508075688772,1,8.660254037844387,0.19999999999999996,0.9548683406603533,1.0,0,,88,93,114,119,140,145,-7.14858132620955,0.0,0.9999839769140652,True,2,small,0.5396369041183476
BraTS-GLI-02245-103,gmm_2d,prediction_component,75,47,17664.0,2.0020009252686086e-05,4.5329499219084184e-08,1.7320508075688772,1,11.090536506409418,0.15617376188860604,0.7736731845058752,1.4,0,,90,95,43,50,99,106,-7.343619078814458,0.0,0.9998270559277946,True,2,small,0.5396369041183476
BraTS-GLI-02245-103,gmm_2d,prediction_component,76,468,120576.0,1.117775392228526e-05,1.413062796391064e-08,2.23606797749979,1,34.438350715445125,0.06492958957227137,0.4642649749785036,1.8461538461538463,3,,90,103,67,88,132,156,-7.849838537712568,1.3862943611198906,0.9519884390544708,True,2,small,0.5396369041183476
BraTS-GLI-02245-103,gmm_2d,prediction_component,77,44,13824.0,2.7070862238995545e-05,8.288129935688987e-08,1.7320508075688772,1,10.392304845413264,0.16666666666666666,0.7908715233027805,1.0,0,,90,96,96,102,127,133,-7.081543448970658,0.0,0.9999478350119567,True,2,small,0.5396369041183476
BraTS-GLI-02245-103,gmm_2d,prediction_component,78,25,9984.0,2.5060120224403912e-05,7.102621534903521e-08,1.7320508075688772,1,8.660254037844387,0.19999999999999996,0.9548683406603533,1.0,0,,91,96,76,81,79,84,-7.14858132620955,0.0,0.9999839769140652,True,2,small,0.5396369041183476
BraTS-GLI-02245-103,gmm_2d,prediction_component,79,25,9984.0,2.5060120224403912e-05,7.102621534903521e-08,1.7320508075688772,1,8.660254037844387,0.19999999999999996,0.9548683406603533,1.0,0,,91,96,105,110,46,51,-7.14858132620955,0.0,0.9999839769140652,True,2,small,0.5396369041183476
BraTS-GLI-02245-103,gmm_2d,prediction_component,80,25,9984.0,2.5060120224403912e-05,7.102621534903521e-08,1.7320508075688772,1,8.660254037844387,0.19999999999999996,0.9548683406603533,1.0,0,,92,97,30,35,100,105,-7.14858132620955,0.0,0.9999839769140652,True,2,small,0.5396369041183476
BraTS-GLI-02245-103,gmm_2d,prediction_component,81,25,9984.0,2.5060120224403912e-05,7.102621534903521e-08,1.7320508075688772,1,8.660254037844387,0.19999999999999996,0.9548683406603533,1.0,0,,92,97,123,128,39,44,-7.14858132620955,0.0,0.9999839769140652,True,2,small,0.5396369041183476
BraTS-GLI-02245-103,gmm_2d,prediction_component,82,326,90624.0,1.1949583245442105e-05,1.614945577801785e-08,2.23606797749979,1,26.30589287593181,0.08500255011475574,0.5237314715930897,3.3333333333333335,1,,92,108,166,186,90,96,-7.791842108415613,0.6931471805599453,0.9852550870060461,True,2,small,0.5396369041183476
BraTS-GLI-02245-103,gmm_2d,prediction_component,83,82,21504.0,2.600368971957452e-05,7.647549982501366e-08,2.23606797749979,1,13.856406460551018,0.16137430609197573,0.8296786624988554,1.0,1,,93,101,60,68,73,81,-7.116477675892339,0.6931471805599453,0.9999214301526764,True,2,small,0.5396369041183476
BraTS-GLI-02245-103,gmm_2d,prediction_component,84,25,9984.0,2.5060120224403912e-05,7.102621534903521e-08,1.7320508075688772,1,8.660254037844387,0.19999999999999996,0.9548683406603533,1.0,0,,93,98,65,70,36,41,-7.14858132620955,0.0,0.9999839769140652,True,2,small,0.5396369041183476
BraTS-GLI-02245-103,gmm_2d,prediction_component,85,25,9984.0,2.5060120224403912e-05,7.102621534903521e-08,1.7320508075688772,1,8.660254037844387,0.19999999999999996,0.9548683406603533,1.0,0,,93,98,90,95,29,34,-7.14858132620955,0.0,0.9999839769140652,True,2,small,0.5396369041183476
BraTS-GLI-02245-103,gmm_2d,prediction_component,86,25,9984.0,2.5060120224403912e-05,7.102621534903521e-08,1.7320508075688772,1,8.660254037844387,0.19999999999999996,0.9548683406603533,1.0,0,,93,98,114,119,48,53,-7.14858132620955,0.0,0.9999839769140652,True,2,small,0.5396369041183476
BraTS-GLI-02245-103,gmm_2d,prediction_component,87,108,29184.0,2.1662397985801928e-05,5.307199759443153e-08,2.23606797749979,1,16.24807680927192,0.13762047064079508,0.7569025239703049,1.25,1,,93,103,117,127,146,154,-7.275134565509646,0.6931471805599453,0.9996914111728283,True,2,small,0.5396369041183476
BraTS-GLI-02245-103,gmm_2d,prediction_component,88,51,17664.0,2.1723839827382773e-05,5.337348459431324e-08,1.7320508075688772,1,11.090536506409418,0.15617376188860604,0.7528933105024771,1.4,0,,94,101,65,70,125,132,-7.272674442490021,0.0,0.9998524265156273,True,2,small,0.5396369041183476
BraTS-GLI-02245-103,gmm_2d,prediction_component,89,38,13824.0,2.3379381024587062e-05,6.181848980958109e-08,1.7320508075688772,1,9.848857801796104,0.17586311452816475,0.8304795924748166,1.2,0,,94,100,70,75,99,105,-7.2088816087094125,0.0,0.9999441871677677,True,2,small,0.5396369041183476
BraTS-GLI-02245-103,gmm_2d,prediction_component,90,82,24576.0,2.128369637682391e-05,5.123261023433532e-08,1.7320508075688772,1,13.379088160259652,0.1294595556006309,0.6426663285123421,1.2857142857142858,0,,94,101,97,104,137,146,-7.2904535168254,0.0,0.9995546206745313,True,2,small,0.5396369041183476
BraTS-GLI-02245-103,gmm_2d,prediction_component,91,25,9984.0,2.5060120224403912e-05,7.102621534903521e-08,1.7320508075688772,1,8.660254037844387,0.19999999999999996,0.9548683406603533,1.0,0,,94,99,130,135,148,153,-7.14858132620955,0.0,0.9999839769140652,True,2,small,0.5396369041183476
BraTS-GLI-02245-103,gmm_2d,prediction_component,92,51,16384.0,2.4318695068359375e-05,6.688564319836902e-08,1.7320508075688772,1,10.488088481701515,0.1651445647689541,0.7528933105024771,1.4,0,,95,101,38,45,78,83,-7.1746670922299165,0.0,0.9999137128280738,True,2,small,0.5396369041183476
BraTS-GLI-02245-103,gmm_2d,prediction_component,93,111,36608.0,1.5847434835074827e-05,2.8403399526993232e-08,1.7320508075688772,1,17.578395831246947,0.0985329278164293,0.5809639319388397,2.0,0,,96,104,59,73,105,112,-7.546629677295998,0.0,0.9972618454882057,True,2,small,0.5396369041183476
BraTS-GLI-02245-103,gmm_2d,prediction_component,94,25,9984.0,2.5060120224403912e-05,7.102621534903521e-08,1.7320508075688772,1,8.660254037844387,0.19999999999999996,0.9548683406603533,1.0,0,,96,101,89,94,139,144,-7.14858132620955,0.0,0.9999839769140652,True,2,small,0.5396369041183476
BraTS-GLI-02245-103,gmm_2d,prediction_component,95,25,9984.0,2.5060120224403912e-05,7.102621534903521e-08,1.7320508075688772,1,8.660254037844387,0.19999999999999996,0.9548683406603533,1.0,0,,96,101,135,140,39,44,-7.14858132620955,0.0,0.9999839769140652,True,2,small,0.5396369041183476
BraTS-GLI-02245-103,gmm_2d,prediction_component,96,25,9984.0,2.5060120224403912e-05,7.102621534903521e-08,1.7320508075688772,1,8.660254037844387,0.19999999999999996,0.9548683406603533,1.0,0,,98,103,69,74,71,76,-7.14858132620955,0.0,0.9999839769140652,True,2,small,0.5396369041183476
BraTS-GLI-02245-103,gmm_2d,prediction_component,97,443,110080.0,1.2129449617408509e-05,1.663928127481063e-08,2.23606797749979,1,39.06404996924922,0.057241068943440256,0.4728390069120679,1.6111111111111112,1,,98,116,164,183,45,74,-7.778865436766748,0.6931471805599453,0.968174786089538,True,2,small,0.5396369041183476
BraTS-GLI-02245-103,gmm_2d,prediction_component,98,25,9984.0,2.5060120224403912e-05,7.102621534903521e-08,1.7320508075688772,1,8.660254037844387,0.19999999999999996,0.9548683406603533,1.0,0,,99,104,97,102,42,47,-7.14858132620955,0.0,0.9999839769140652,True,2,small,0.5396369041183476
BraTS-GLI-02245-103,gmm_2d,prediction_component,99,57,17664.0,2.4279585689427806e-05,6.667068490846741e-08,1.7320508075688772,1,11.575836902790225,0.14962640041614492,0.7254907483481623,1.1666666666666667,0,,99,106,117,124,73,79,-7.1760650833409105,0.0,0.9998626188633117,True,2,small,0.5396369041183476
BraTS-GLI-02245-103,gmm_2d,prediction_component,100,25,9984.0,2.5060120224403912e-05,7.102621534903521e-08,1.7320508075688772,1,8.660254037844387,0.19999999999999996,0.9548683406603533,1.0,0,,100,105,85,90,76,81,-7.14858132620955,0.0,0.9999839769140652,True,2,small,0.5396369041183476
BraTS-GLI-02245-103,gmm_2d,prediction_component,101,122,40704.0,1.4856078864732824e-05,2.496093020459384e-08,1.7320508075688772,1,18.138357147217054,0.09549105211188455,0.5629505143055531,1.5,0,,100,108,99,110,48,60,-7.602739234085986,0.0,0.996188346734748,True,2,small,0.5396369041183476
BraTS-GLI-02245-103,gmm_2d,prediction_component,102,25,9984.0,2.5060120224403912e-05,7.102621534903521e-08,1.7320508075688772,1,8.660254037844387,0.19999999999999996,0.9548683406603533,1.0,0,,100,105,115,120,104,109,-7.14858132620955,0.0,0.9999839769140652,True,2,small,0.5396369041183476
BraTS-GLI-02245-103,gmm_2d,prediction_component,103,854,177664.0,1.1404039608702372e-05,1.4708548183713644e-08,2.8284271247461903,1,40.607881008493905,0.06965217230011513,0.48056843267704774,3.5,3,,100,135,159,177,86,96,-7.8324301924606825,1.3862943611198906,0.9615178175404324,True,2,small,0.5396369041183476
BraTS-GLI-02245-103,gmm_2d,prediction_component,104,72,20736.0,2.4112654320987653e-05,6.575706395257378e-08,1.7320508075688772,1,11.916375287812984,0.14535047493345277,0.6711392913128504,1.8,0,,101,107,59,68,123,128,-7.18205758624754,0.0,0.9998081180055243,True,2,small,0.5396369041183476
BraTS-GLI-02245-103,gmm_2d,prediction_component,105,46,16896.0,2.0945077921731866e-05,4.961538140913494e-08,1.7320508075688772,1,11.0,0.15745916432444337,0.7792393700163133,1.1666666666666667,0,,102,108,81,87,136,143,-7.3043836657365855,0.0,0.9998562533785377,True,2,small,0.5396369041183476
BraTS-GLI-02245-103,gmm_2d,prediction_component,106,607,139008.0,1.1711944311734075e-05,1.551352074987242e-08,2.23606797749979,1,43.78355855797927,0.05107095108632464,0.42571436823288256,1.7894736842105263,3,,102,121,160,180,103,137,-7.809289629090153,1.3862943611198906,0.9344944327261059,True,2,small,0.5396369041183476
BraTS-GLI-02245-103,gmm_2d,prediction_component,107,162,39424.0,2.0695407647009374e-05,4.843957723458656e-08,2.23606797749979,1,16.822603841260722,0.13292044433783765,0.6612152586500565,1.2222222222222223,1,,103,114,42,51,48,57,-7.314799655898255,0.6931471805599453,0.9994244683604372,True,2,small,0.5396369041183476
BraTS-GLI-02245-103,gmm_2d,prediction_component,108,25,9984.0,2.5060120224403912e-05,7.102621534903521e-08,1.7320508075688772,1,8.660254037844387,0.19999999999999996,0.9548683406603533,1.0,0,,103,108,46,51,123,128,-7.14858132620955,0.0,0.9999839769140652,True,2,small,0.5396369041183476
BraTS-GLI-02245-103,gmm_2d,prediction_component,109,75,27904.0,1.6090204673072487e-05,2.9280299216932418e-08,1.7320508075688772,1,15.620499351813308,0.11088319064318593,0.6620687295173385,2.0,0,,103,109,68,80,41,49,-7.533424489512599,0.0,0.9985660875454198,True,2,small,0.5396369041183476
BraTS-GLI-02245-103,gmm_2d,prediction_component,110,109,40704.0,1.327305406767113e-05,1.9924805950065802e-08,1.7320508075688772,1,20.808652046684813,0.08323704984267943,0.5844957143222587,1.875,0,,103,115,73,88,32,40,-7.700605899554235,0.0,0.9935771305169174,True,2,small,0.5396369041183476
BraTS-GLI-02245-103,gmm_2d,prediction_component,111,25,9984.0,2.5060120224403912e-05,7.102621534903521e-08,1.7320508075688772,1,8.660254037844387,0.19999999999999996,0.9548683406603533,1.0,0,,103,108,114,119,44,49,-7.14858132620955,0.0,0.9999839769140652,True,2,small,0.5396369041183476
BraTS-GLI-02245-103,gmm_2d,prediction_component,112,25,9984.0,2.5060120224403912e-05,7.102621534903521e-08,1.7320508075688772,1,8.660254037844387,0.19999999999999996,0.9548683406603533,1.0,0,,104,109,81,86,109,114,-7.14858132620955,0.0,0.9999839769140652,True,2,small,0.5396369041183476
BraTS-GLI-02245-103,gmm_2d,prediction_component,113,25,9984.0,2.5060120224403912e-05,7.102621534903521e-08,1.7320508075688772,1,8.660254037844387,0.19999999999999996,0.9548683406603533,1.0,0,,104,109,82,87,73,78,-7.14858132620955,0.0,0.9999839769140652,True,2,small,0.5396369041183476
BraTS-GLI-02245-103,gmm_2d,prediction_component,114,50,19968.0,1.772018094802615e-05,3.551310767451761e-08,1.7320508075688772,1,12.206555615733702,0.14189513095212064,0.757879504227687,1.3333333333333333,0,,105,113,65,72,144,150,-7.449611321873531,0.0,0.9996350394421484,True,2,small,0.5396369041183476
BraTS-GLI-02245-103,gmm_2d,prediction_component,115,47,14592.0,2.6664020003279646e-05,8.040880842667987e-08,1.7320508075688772,1,9.848857801796104,0.17586311452816475,0.7736731845058752,1.2,0,,106,112,95,101,151,156,-7.094696373620167,0.0,0.9999525376286319,True,2,small,0.5396369041183476
BraTS-GLI-02245-103,gmm_2d,prediction_component,116,74,24832.0,1.8910985880086133e-05,4.044647838242676e-08,1.7320508075688772,1,13.038404810405298,0.1328422328310143,0.6650376873001744,1.8,0,,106,115,116,121,136,144,-7.39311928581091,0.0,0.9994647663962855,True,2,small,0.5396369041183476
BraTS-GLI-02245-103,gmm_2d,prediction_component,117,25,9984.0,2.5060120224403912e-05,7.102621534903521e-08,1.7320508075688772,1,8.660254037844387,0.19999999999999996,0.9548683406603533,1.0,0,,106,111,135,140,31,36,-7.14858132620955,0.0,0.9999839769140652,True,2,small,0.5396369041183476
BraTS-GLI-02245-103,gmm_2d,prediction_component,118,25,9984.0,2.5060120224403912e-05,7.102621534903521e-08,1.7320508075688772,1,8.660254037844387,0.19999999999999996,0.9548683406603533,1.0,0,,107,112,74,79,90,95,-7.14858132620955,0.0,0.9999839769140652,True,2,small,0.5396369041183476
BraTS-GLI-02245-103,gmm_2d,prediction_component,119,98,25600.0,2.392578125e-05,6.474177899496254e-08,1.7320508075688772,1,12.884098726725126,0.13443321448446624,0.605593872006889,1.5,0,,107,116,182,189,90,96,-7.188815371089138,0.0,0.9996735026176895,True,2,small,0.5396369041183476
BraTS-GLI-02245-103,gmm_2d,prediction_component,120,25,9984.0,2.5060120224403912e-05,7.102621534903521e-08,1.7320508075688772,1,8.660254037844387,0.19999999999999996,0.9548683406603533,1.0,0,,108,113,29,34,72,77,-7.14858132620955,0.0,0.9999839769140652,True,2,small,0.5396369041183476
BraTS-GLI-02245-103,gmm_2d,prediction_component,121,72,23808.0,1.9599641407455116e-05,4.344588264168741e-08,1.7320508075688772,1,13.114877048604,0.13206763594884358,0.6711392913128504,1.6666666666666667,0,,108,118,124,130,31,37,-7.3620513752733965,0.0,0.9995217745313506,True,2,small,0.5396369041183476
BraTS-GLI-02245-103,gmm_2d,prediction_component,122,25,9984.0,2.5060120224403912e-05,7.102621534903521e-08,1.7320508075688772,1,8.660254037844387,0.19999999999999996,0.9548683406603533,1.0,0,,109,114,79,84,148,153,-7.14858132620955,0.0,0.9999839769140652,True,2,small,0.5396369041183476
BraTS-GLI-02245-103,gmm_2d,prediction_component,123,86,27648.0,1.8706945028538764e-05,3.957838907822556e-08,1.7320508075688772,1,15.0996688705415,0.11470786693528087,0.6325439118228858,1.25,0,,109,117,160,170,53,61,-7.402541886447842,0.0,0.9990520994366182,True,2,small,0.5396369041183476
BraTS-GLI-02245-103,gmm_2d,prediction_component,124,25,9984.0,2.5060120224403912e-05,7.102621534903521e-08,1.7320508075688772,1,8.660254037844387,0.19999999999999996,0.9548683406603533,1.0,0,,112,117,97,102,33,38,-7.14858132620955,0.0,0.9999839769140652,True,2,small,0.5396369041183476
BraTS-GLI-02245-103,gmm_2d,prediction_component,125,50,19968.0,1.772018094802615e-05,3.551310767451761e-08,1.7320508075688772,1,12.884098726725126,0.13443321448446624,0.757879504227687,1.5,0,,113,120,71,77,40,49,-7.449611321873531,0.0,0.999567982652853,True,2,small,0.5396369041183476
BraTS-GLI-02245-103,gmm_2d,prediction_component,126,47,14592.0,2.6664020003279646e-05,8.040880842667987e-08,1.7320508075688772,1,9.848857801796104,0.17586311452816475,0.7736731845058752,1.2,0,,113,119,87,93,30,35,-7.094696373620167,0.0,0.9999525376286319,True,2,small,0.5396369041183476
BraTS-GLI-02245-103,gmm_2d,prediction_component,127,80,23296.0,2.249924529365381e-05,5.7251685188633395e-08,1.7320508075688772,1,12.806248474865697,0.13525044520011484,0.6479778613543024,1.3333333333333333,0,,113,121,89,97,90,96,-7.242211725453521,0.0,0.9996754129798338,True,2,small,0.5396369041183476
BraTS-GLI-02245-103,gmm_2d,prediction_component,128,25,9984.0,2.5060120224403912e-05,7.102621534903521e-08,1.7320508075688772,1,8.660254037844387,0.19999999999999996,0.9548683406603533,1.0,0,,114,119,64,69,50,55,-7.14858132620955,0.0,0.9999839769140652,True,2,small,0.5396369041183476
BraTS-GLI-02245-103,gmm_2d,prediction_component,129,25,9984.0,2.5060120224403912e-05,7.102621534903521e-08,1.7320508075688772,1,8.660254037844387,0.19999999999999996,0.9548683406603533,1.0,0,,114,119,131,136,144,149,-7.14858132620955,0.0,0.9999839769140652,True,2,small,0.5396369041183476
BraTS-GLI-02245-103,gmm_2d,prediction_component,130,25,9984.0,2.5060120224403912e-05,7.102621534903521e-08,1.7320508075688772,1,8.660254037844387,0.19999999999999996,0.9548683406603533,1.0,0,,115,120,84,89,36,41,-7.14858132620955,0.0,0.9999839769140652,True,2,small,0.5396369041183476
BraTS-GLI-02245-103,gmm_2d,prediction_component,131,397,70656.0,2.1138148067330786e-05,5.053429890802285e-08,3.0,1,22.67156809750927,0.13232432741736927,0.6579920133736091,1.8888888888888888,1,,115,127,110,127,81,90,-7.296413755143551,0.6931471805599453,0.9994449597798488,True,2,small,0.5396369041183476
BraTS-GLI-02245-103,gmm_2d,prediction_component,132,25,9984.0,2.5060120224403912e-05,7.102621534903521e-08,1.7320508075688772,1,8.660254037844387,0.19999999999999996,0.9548683406603533,1.0,0,,115,120,135,140,129,134,-7.14858132620955,0.0,0.9999839769140652,True,2,small,0.5396369041183476
BraTS-GLI-02245-103,gmm_2d,prediction_component,133,25,9984.0,2.5060120224403912e-05,7.102621534903521e-08,1.7320508075688772,1,8.660254037844387,0.19999999999999996,0.9548683406603533,1.0,0,,116,121,114,119,36,41,-7.14858132620955,0.0,0.9999839769140652,True,2,small,0.5396369041183476
BraTS-GLI-02245-103,gmm_2d,prediction_component,134,51,17664.0,2.1723839827382773e-05,5.337348459431324e-08,1.7320508075688772,1,11.0,0.15745916432444337,0.7528933105024771,1.1666666666666667,0,,117,124,94,100,147,153,-7.272674442490021,0.0,0.9998566538364152,True,2,small,0.5396369041183476
BraTS-GLI-02245-103,gmm_2d,prediction_component,135,63,23808.0,1.7149686231523227e-05,3.326325389754192e-08,1.7320508075688772,1,14.071247279470288,0.12309149097933272,0.7016868116919668,1.5,0,,119,128,103,112,146,152,-7.478035269228769,0.0,0.9992304152073981,True,2,small,0.5396369041183476
BraTS-GLI-02245-103,gmm_2d,prediction_component,136,244,72960.0,1.2381195704257344e-05,1.7337143751890674e-08,1.7320508075688772,1,29.13760456866693,0.0594438298277764,0.44681411930733694,2.875,0,,120,143,76,84,37,53,-7.7610224498222,0.0,0.9769714000575613,True,2,small,0.5396369041183476
BraTS-GLI-02245-103,gmm_2d,prediction_component,137,65,17408.0,2.8300234854954698e-05,9.05800284374252e-08,2.23606797749979,1,10.488088481701515,0.21320071635561044,0.896485809971887,1.4,1,,120,126,82,89,91,96,-7.042967547307125,0.6931471805599453,0.9999854899553025,True,2,small,0.5396369041183476
BraTS-GLI-02245-103,gmm_2d,prediction_component,138,75,28416.0,1.5657299074781246e-05,2.7725926521557916e-08,1.7320508075688772,1,14.730919862656235,0.11757927025044307,0.6620687295173385,1.6666666666666667,0,,122,131,69,75,46,56,-7.5571139320507,0.0,0.9986638762158242,True,2,small,0.5396369041183476
BraTS-GLI-02245-103,gmm_2d,prediction_component,139,25,9984.0,2.5060120224403912e-05,7.102621534903521e-08,1.7320508075688772,1,8.660254037844387,0.19999999999999996,0.9548683406603533,1.0,0,,122,127,94,99,101,106,-7.14858132620955,0.0,0.9999839769140652,True,2,small,0.5396369041183476
BraTS-GLI-02245-103,gmm_2d,prediction_component,140,110,28416.0,2.296403864301249e-05,5.964154860637347e-08,2.23606797749979,1,13.45362404707371,0.1662056238286334,0.7522871499249434,1.5,1,,122,131,140,146,130,138,-7.22445108851765,0.6931471805599453,0.9998614063333293,True,2,small,0.5396369041183476
BraTS-GLI-02245-103,gmm_2d,prediction_component,141,134,39936.0,1.679028055035062e-05,3.1883668070181904e-08,1.7320508075688772,1,19.261360284258224,0.08992359739952709,0.5456178429960139,1.4444444444444444,0,,124,133,54,65,47,60,-7.496431720807897,0.0,0.9967726519916696,True,2,small,0.5396369041183476
BraTS-GLI-02245-103,gmm_2d,prediction_component,142,82,27648.0,1.78368545620951e-05,3.5982299643319184e-08,1.7320508075688772,1,15.165750888103101,0.11420804814403214,0.6426663285123421,1.4285714285714286,0,,125,135,88,95,141,150,-7.443911084167543,0.0,0.9989401009404031,True,2,small,0.5396369041183476
BraTS-GLI-02245-103,gmm_2d,prediction_component,143,25,9984.0,2.5060120224403912e-05,7.102621534903521e-08,1.7320508075688772,1,8.660254037844387,0.19999999999999996,0.9548683406603533,1.0,0,,125,130,92,97,81,86,-7.14858132620955,0.0,0.9999839769140652,True,2,small,0.5396369041183476
BraTS-GLI-02245-103,gmm_2d,prediction_component,144,71,18432.0,2.8372634019778144e-05,9.10440745380957e-08,2.23606797749979,1,11.0,0.20327890704543544,0.870485929709401,1.1666666666666667,1,,125,132,137,143,68,74,-7.040748314329782,0.6931471805599453,0.9999800049290022,True,2,small,0.5396369041183476
BraTS-GLI-02245-103,gmm_2d,prediction_component,145,25,9984.0,2.5060120224403912e-05,7.102621534903521e-08,1.7320508075688772,1,8.660254037844387,0.19999999999999996,0.9548683406603533,1.0,0,,126,131,59,64,92,97,-7.14858132620955,0.0,0.9999839769140652,True,2,small,0.5396369041183476
BraTS-GLI-02245-103,gmm_2d,prediction_component,146,63,23808.0,1.7149686231523227e-05,3.326325389754192e-08,1.7320508075688772,1,13.45362404707371,0.12874232262686236,0.7016868116919668,1.5,0,,126,134,148,154,123,132,-7.478035269228769,0.0,0.9993226719382373,True,2,small,0.5396369041183476
BraTS-GLI-02245-103,gmm_2d,prediction_component,147,158,39680.0,1.9989392320847217e-05,4.5190958927795194e-08,2.23606797749979,1,19.748417658131498,0.11322770341445959,0.6667486979908527,1.3,2,,127,138,93,106,138,148,-7.344948443076157,1.0986122886681098,0.9988223625605989,True,2,small,0.5396369041183476
BraTS-GLI-02245-103,gmm_2d,prediction_component,148,25,9984.0,2.5060120224403912e-05,7.102621534903521e-08,1.7320508075688772,1,8.660254037844387,0.19999999999999996,0.9548683406603533,1.0,0,,127,132,118,123,37,42,-7.14858132620955,0.0,0.9999839769140652,True,2,small,0.5396369041183476
BraTS-GLI-02245-103,gmm_2d,prediction_component,149,96,32768.0,1.6184389828183307e-05,2.962409110515998e-08,1.7320508075688772,1,17.378147196982766,0.09966832412776432,0.6097705134516743,1.2222222222222223,0,,128,138,81,90,131,142,-7.528354965338596,0.0,0.9977637168357751,True,2,small,0.5396369041183476
BraTS-GLI-02245-103,gmm_2d,prediction_component,150,25,9984.0,2.5060120224403912e-05,7.102621534903521e-08,1.7320508075688772,1,8.660254037844387,0.19999999999999996,0.9548683406603533,1.0,0,,128,133,139,144,45,50,-7.14858132620955,0.0,0.9999839769140652,True,2,small,0.5396369041183476
BraTS-GLI-02245-103,gmm_2d,prediction_component,151,25,9984.0,2.5060120224403912e-05,7.102621534903521e-08,1.7320508075688772,1,8.660254037844387,0.19999999999999996,0.9548683406603533,1.0,0,,129,134,128,133,42,47,-7.14858132620955,0.0,0.9999839769140652,True,2,small,0.5396369041183476
BraTS-GLI-02245-103,gmm_2d,prediction_component,152,72,24576.0,1.8688123647942946e-05,3.949878814021331e-08,1.7320508075688772,1,13.45362404707371,0.12874232262686236,0.6711392913128504,1.5,0,,130,139,126,132,131,139,-7.403416228730296,0.0,0.9994064828873664,True,2,small,0.5396369041183476
BraTS-GLI-02245-103,gmm_2d,prediction_component,153,25,9984.0,2.5060120224403912e-05,7.102621534903521e-08,1.7320508075688772,1,8.660254037844387,0.19999999999999996,0.9548683406603533,1.0,0,,131,136,159,164,98,103,-7.14858132620955,0.0,0.9999839769140652,True,2,small,0.5396369041183476
BraTS-GLI-02245-103,gmm_2d,prediction_component,154,25,9984.0,2.5060120224403912e-05,7.102621534903521e-08,1.7320508075688772,1,8.660254037844387,0.19999999999999996,0.9548683406603533,1.0,0,,132,137,60,65,52,57,-7.14858132620955,0.0,0.9999839769140652,True,2,small,0.5396369041183476
BraTS-GLI-02245-103,gmm_2d,prediction_component,155,156,44800.0,1.645157862428556e-05,3.061029592619029e-08,2.23606797749979,1,21.61018278497431,0.10347288589592779,0.6695859606715264,1.3636363636363635,1,,132,143,85,100,40,51,-7.514132471824087,0.6931471805599453,0.9978671489826791,True,2,small,0.5396369041183476
BraTS-GLI-02245-103,gmm_2d,prediction_component,156,25,9984.0,2.5060120224403912e-05,7.102621534903521e-08,1.7320508075688772,1,8.660254037844387,0.19999999999999996,0.9548683406603533,1.0,0,,132,137,144,149,123,128,-7.14858132620955,0.0,0.9999839769140652,True,2,small,0.5396369041183476
BraTS-GLI-02245-103,gmm_2d,prediction_component,157,169,39680.0,2.138105887483025e-05,5.1702410588718094e-08,2.23606797749979,1,16.401219466856727,0.13633547078730296,0.6519570266174533,2.1666666666666665,1,,132,138,151,159,104,117,-7.286489207757655,0.6931471805599453,0.9994979587244056,True,2,small,0.5396369041183476
BraTS-GLI-02245-103,gmm_2d,prediction_component,158,379,82944.0,1.5865791645233197e-05,2.846923955684453e-08,2.23606797749979,1,32.526911934581186,0.06874516652539955,0.4980827126733328,2.0833333333333335,4,,133,150,123,135,48,73,-7.545624133157819,1.6094379124341003,0.9843232900555384,True,2,small,0.5396369041183476
BraTS-GLI-02245-103,gmm_2d,prediction_component,159,50,19968.0,1.772018094802615e-05,3.551310767451761e-08,1.7320508075688772,1,12.884098726725126,0.13443321448446624,0.757879504227687,1.5,0,,134,141,55,61,115,124,-7.449611321873531,0.0,0.999567982652853,True,2,small,0.5396369041183476
BraTS-GLI-02245-103,gmm_2d,prediction_component,160,56,16384.0,2.6702880859375e-05,8.064335911960217e-08,1.7320508075688772,1,11.0,0.15745916432444337,0.7297836929246639,1.1666666666666667,0,,135,142,100,106,91,97,-7.0934313904133885,0.0,0.9999146242547099,True,2,small,0.5396369041183476
BraTS-GLI-02245-103,gmm_2d,prediction_component,161,25,9984.0,2.5060120224403912e-05,7.102621534903521e-08,1.7320508075688772,1,8.660254037844387,0.19999999999999996,0.9548683406603533,1.0,0,,138,143,73,78,51,56,-7.14858132620955,0.0,0.9999839769140652,True,2,small,0.5396369041183476
BraTS-GLI-02245-103,gmm_2d,prediction_component,162,199,49408.0,1.8119957091841175e-05,3.713356993738218e-08,2.23606797749979,1,20.639767440550294,0.10833784750435987,0.6173955759270919,2.2857142857142856,1,,138,149,109,116,46,62,-7.430233296678035,0.6931471805599453,0.998230918240615,True,2,small,0.5396369041183476
BraTS-GLI-02245-103,gmm_2d,prediction_component,163,25,9984.0,2.5060120224403912e-05,7.102621534903521e-08,1.7320508075688772,1,8.660254037844387,0.19999999999999996,0.9548683406603533,1.0,0,,139,144,57,62,110,115,-7.14858132620955,0.0,0.9999839769140652,True,2,small,0.5396369041183476
BraTS-GLI-02245-103,gmm_2d,prediction_component,164,25,9984.0,2.5060120224403912e-05,7.102621534903521e-08,1.7320508075688772,1,8.660254037844387,0.19999999999999996,0.9548683406603533,1.0,0,,140,145,89,94,129,134,-7.14858132620955,0.0,0.9999839769140652,True,2,small,0.5396369041183476
BraTS-GLI-02245-103,gmm_2d,prediction_component,165,25,9984.0,2.5060120224403912e-05,7.102621534903521e-08,1.7320508075688772,1,8.660254037844387,0.19999999999999996,0.9548683406603533,1.0,0,,140,145,121,126,122,127,-7.14858132620955,0.0,0.9999839769140652,True,2,small,0.5396369041183476
BraTS-GLI-02245-103,gmm_2d,prediction_component,166,532,117504.0,1.320786605673887e-05,1.9729572974032797e-08,2.23606797749979,1,38.58756276314948,0.05794789350197572,0.4448469949719997,2.75,4,,141,157,74,86,55,88,-7.704882314495815,1.6094379124341003,0.9585334678807195,True,2,small,0.5396369041183476
BraTS-GLI-02245-103,gmm_2d,prediction_component,167,122,38144.0,1.637647701855517e-05,3.033146126614152e-08,1.7320508075688772,1,18.193405398660254,0.09520212239630652,0.5629505143055531,1.4444444444444444,0,,141,150,133,146,99,108,-7.5181066663614535,0.0,0.9971215544680783,True,2,small,0.5396369041183476
BraTS-GLI-02245-103,gmm_2d,prediction_component,168,25,9984.0,2.5060120224403912e-05,7.102621534903521e-08,1.7320508075688772,1,8.660254037844387,0.19999999999999996,0.9548683406603533,1.0,0,,142,147,102,107,127,132,-7.14858132620955,0.0,0.9999839769140652,True,2,small,0.5396369041183476
BraTS-GLI-02245-103,gmm_2d,prediction_component,169,59,20736.0,1.975898062414266e-05,4.415515810549949e-08,1.7320508075688772,1,12.206555615733702,0.14189513095212064,0.71719869927557,1.3333333333333333,0,,145,152,92,98,119,127,-7.355018555825788,0.0,0.9996889033732959,True,2,small,0.5396369041183476
BraTS-GLI-02245-103,gmm_2d,prediction_component,170,56,16384.0,2.6702880859375e-05,8.064335911960217e-08,1.7320508075688772,1,11.0,0.15745916432444337,0.7297836929246639,1.1666666666666667,0,,146,152,107,113,63,70,-7.0934313904133885,0.0,0.9999146242547099,True,2,small,0.5396369041183476
BraTS-GLI-02245-103,gmm_2d,prediction_component,171,64,20224.0,2.2252529686036867e-05,5.600298187758279e-08,1.7320508075688772,1,11.661903789690601,0.14852213144650114,0.6980129914371896,1.3333333333333333,0,,151,157,107,113,74,82,-7.251788848377678,0.0,0.9997965659010127,True,2,small,0.5396369041183476
BraTS-GLI-02245-103,variational_spline,prediction_component,1,14312,2639872.0,3.336768085677223e-06,1.2592281379597208e-09,4.0,2,209.42779185198893,0.019099661819606834,0.26557636270604396,1.1636363636363636,21,,46,156,27,151,29,157,-8.899895580391535,3.091042453358316,0.03837707898723362,False,2,small,0.5396369041183476
