case_id,method,source,component_label,volume_vox,surface_area_proxy,compactness_v_over_s15,isoperimetric_quotient,inscribed_radius_vox,inscribed_radius_grid_step,bbox_diag_vox,radius_over_bbox_diag,radius_over_equiv_sphere,elongation_max_over_min,eroded_subcomponents,overlap_gt_vox,z0,z1,y0,y1,x0,x1,log10_isoperimetric,log1p_eroded_subcomponents,shape_score_prob_true_et,accepted_shape,fold,vol_bin,shape_threshold
BraTS-GLI-02344-100,otsu_T1c,prediction_component,1,16642,2624000.0,3.91525246461568e-06,1.7336918863456637e-09,4.0,2,214.7091055358389,0.018629857313304892,0.25255406039724304,1.2727272727272727,16,,32,152,37,177,36,146,-8.761028083301438,2.833213344056216,0.06471082961921859,False,0,medium,0.5530794707693413
BraTS-GLI-02344-100,gmm_T1c,prediction_component,1,23601,3773440.0,3.2197654188937186e-06,1.172467563517175e-09,5.656854249492381,4,222.28135324403618,0.025449072389270036,0.31790282748930415,1.2857142857142858,19,,25,152,37,181,36,148,-8.93089916326564,2.995732273553991,0.04541168331556785,False,0,medium,0.5530794707693413
BraTS-GLI-02344-100,sustraccion,prediction_component,1,30,11008.0,2.5975183446005973e-05,7.63079207910846e-08,1.4142135623730951,1,8.660254037844387,0.1632993161855452,0.73367566779705,1.0,0,,23,28,103,108,111,116,-7.1174303797735625,0.0,0.9998109720177613,True,0,medium,0.5530794707693413
BraTS-GLI-02344-100,sustraccion,prediction_component,3,66643,11815424.0,1.6408941718351857e-06,3.0451838538840994e-10,5.656854249492381,4,228.67662757702195,0.0247373520828536,0.22491565198909125,1.1885245901639345,89,,25,153,37,182,28,150,-9.516386481580561,4.499809670330265,0.002182310342213755,False,0,medium,0.5530794707693413
BraTS-GLI-02344-100,sustraccion,prediction_component,4,46,16128.0,2.2458826469525633e-05,5.7046170094424885e-08,1.4142135623730951,1,11.090536506409418,0.12751534261266767,0.6362462813425951,1.4,0,,25,32,101,108,67,72,-7.243773507471724,0.0,0.9992390739403815,True,0,medium,0.5530794707693413
BraTS-GLI-02344-100,sustraccion,prediction_component,5,31,13824.0,1.9072652941110498e-05,4.1140975558869407e-08,1.4142135623730951,1,11.357816691600547,0.12451456127293807,0.7257003006213092,2.0,0,,26,34,110,117,84,88,-7.3857254142744875,0.0,0.9989742977607832,True,0,medium,0.5530794707693413
BraTS-GLI-02344-100,sustraccion,prediction_component,6,17,8448.0,2.1893644584863748e-05,5.421113507463137e-08,1.4142135623730951,1,7.681145747868608,0.1841149235796647,0.8866010210973454,1.6666666666666667,0,,27,30,68,73,117,122,-7.265911499351242,0.0,0.9998578877526196,True,0,medium,0.5530794707693413
BraTS-GLI-02344-100,sustraccion,prediction_component,7,12,5376.0,3.04433440619409e-05,1.0481829363285631e-07,1.4142135623730951,1,5.830951894845301,0.24253562503633297,0.9957510787676723,1.3333333333333333,0,,27,30,82,86,85,88,-6.979562914580636,0.0,0.9999873098721701,True,0,medium,0.5530794707693413
BraTS-GLI-02344-100,sustraccion,prediction_component,10,39,12800.0,2.6930824674097024e-05,8.202602736471305e-08,1.4142135623730951,1,8.660254037844387,0.1632993161855452,0.6722379073420917,1.0,0,,27,32,107,112,116,121,-7.086048321429185,0.0,0.9997958148822691,True,0,medium,0.5530794707693413
BraTS-GLI-02344-100,sustraccion,prediction_component,13,182,58112.0,1.299189955508274e-05,1.9089637518416342e-08,1.4142135623730951,1,24.392621835300936,0.057977103565244846,0.4022728647266246,1.8888888888888888,0,,30,47,93,102,85,100,-7.7192023180833464,0.0,0.9698838642539719,True,0,medium,0.5530794707693413
BraTS-GLI-02344-100,sustraccion,prediction_component,15,79,29184.0,1.5845642971095855e-05,2.8396976764990327e-08,1.4142135623730951,1,14.730919862656235,0.09600307214746388,0.5312947247927275,1.6666666666666667,0,,35,41,100,110,71,80,-7.546727893902663,0.0,0.9943819687552682,True,0,medium,0.5530794707693413
BraTS-GLI-02344-100,sustraccion,prediction_component,16,12,6144.0,2.4917498197257264e-05,7.022006780482366e-08,1.4142135623730951,1,6.4031242374328485,0.2208630521496931,0.9957510787676723,1.3333333333333333,0,,35,39,113,116,116,120,-7.153538755513696,0.0,0.9999647617941148,True,0,medium,0.5530794707693413
BraTS-GLI-02344-100,sustraccion,prediction_component,17,87,27904.0,1.8664637420764086e-05,3.9399570626304265e-08,1.4142135623730951,1,16.401219466856727,0.08622612271184536,0.5144834988108414,2.1666666666666665,0,,36,42,100,113,99,107,-7.404508511058761,0.0,0.9958775789976402,True,0,medium,0.5530794707693413
BraTS-GLI-02344-100,sustraccion,prediction_component,18,14,6912.0,2.4362533060422576e-05,6.712700278491907e-08,1.4142135623730951,1,7.0710678118654755,0.2,0.9458781407605124,1.6666666666666667,0,,36,40,111,114,109,114,-7.1731027435946135,0.0,0.9999365514425618,True,0,medium,0.5530794707693413
BraTS-GLI-02344-100,sustraccion,prediction_component,19,42,15104.0,2.2626184542151925e-05,5.7899528005979474e-08,1.4142135623730951,1,10.04987562112089,0.1407195089460584,0.6558352730581178,1.75,0,,41,47,92,99,83,87,-7.237324976604759,0.0,0.9994429812730038,True,0,medium,0.5530794707693413
BraTS-GLI-02344-100,sustraccion,prediction_component,22,41,15616.0,2.10101501554845e-05,4.992415075301996e-08,1.4142135623730951,1,10.677078252031311,0.13245323570650439,0.6611244956113513,1.75,0,,48,52,56,63,123,130,-7.301689314066958,0.0,0.9991975137988335,True,0,medium,0.5530794707693413
BraTS-GLI-02344-100,sustraccion,prediction_component,23,19,9216.0,2.147533275462963e-05,5.2159350776834036e-08,1.4142135623730951,1,8.366600265340756,0.16903085094570333,0.8543319874271107,2.0,0,,48,51,63,69,129,134,-7.282667822870332,0.0,0.9997830799422762,True,0,medium,0.5530794707693413
BraTS-GLI-02344-100,sustraccion,prediction_component,24,16,7680.0,2.3772680447272836e-05,6.391586616190171e-08,1.4142135623730951,1,6.928203230275509,0.20412414523193154,0.9046998952817776,1.0,0,,50,54,57,61,47,51,-7.194391321321265,0.0,0.9999270678740181,True,0,medium,0.5530794707693413
BraTS-GLI-02344-100,sustraccion,prediction_component,26,308,102144.0,9.434772336793015e-06,1.0067351297552366e-08,1.4142135623730951,1,33.12099032335839,0.04269840812627299,0.33756776017104473,1.3125,0,,52,73,135,151,40,60,-7.997084776533484,0.0,0.8772927629294324,True,0,medium,0.5530794707693413
BraTS-GLI-02344-100,sustraccion,prediction_component,27,106,44544.0,1.1275142642578653e-05,1.4377933255064872e-08,1.4142135623730951,1,24.351591323771842,0.0580747904139041,0.48169918609899903,1.7777777777777777,0,,52,68,142,151,123,139,-7.842303536792386,0.0,0.9632091375890014,True,0,medium,0.5530794707693413
BraTS-GLI-02344-100,sustraccion,prediction_component,30,37,14592.0,2.0990824257901e-05,4.9832348907254294e-08,1.4142135623730951,1,10.677078252031311,0.13245323570650439,0.6841383873286643,1.6,0,,54,62,120,125,78,83,-7.302488641357612,0.0,0.9992516158355187,True,0,medium,0.5530794707693413
BraTS-GLI-02344-100,sustraccion,prediction_component,32,12,5376.0,3.04433440619409e-05,1.0481829363285631e-07,1.4142135623730951,1,5.830951894845301,0.24253562503633297,0.9957510787676723,1.3333333333333333,0,,55,58,67,71,107,110,-6.979562914580636,0.0,0.9999873098721701,True,0,medium,0.5530794707693413
BraTS-GLI-02344-100,sustraccion,prediction_component,33,84,31232.0,1.5218771347439238e-05,2.6194587129187154e-08,1.4142135623730951,1,19.4164878389476,0.07283570407292297,0.5205368011851539,1.625,0,,55,68,112,120,138,150,-7.581788442374609,0.0,0.990189484396943,True,0,medium,0.5530794707693413
BraTS-GLI-02344-100,sustraccion,prediction_component,39,20,8192.0,2.6973983046972178e-05,8.228914195877773e-08,1.4142135623730951,1,6.928203230275509,0.20412414523193154,0.8398489863421099,1.0,0,,57,61,139,143,57,61,-7.084657466105883,0.0,0.9999405811325679,True,0,medium,0.5530794707693413
BraTS-GLI-02344-100,sustraccion,prediction_component,41,35,12544.0,2.491230867346939e-05,7.019082162914485e-08,1.4142135623730951,1,9.486832980505138,0.14907119849998599,0.6969289728874266,1.75,0,,58,65,92,97,87,91,-7.153719673859118,0.0,0.999689776079697,True,0,medium,0.5530794707693413
BraTS-GLI-02344-100,sustraccion,prediction_component,42,80,32512.0,1.3646599861837379e-05,2.1062081485388064e-08,1.4142135623730951,1,17.72004514666935,0.07980868844676223,0.529071708312648,1.625,0,,58,67,146,154,110,123,-7.676498711358111,0.0,0.9879526875052433,True,0,medium,0.5530794707693413
BraTS-GLI-02344-100,sustraccion,prediction_component,43,63,26368.0,1.4713797150985681e-05,2.4485101141698825e-08,1.4142135623730951,1,15.7797338380595,0.08962214298964417,0.5729248826285681,3.25,0,,59,72,57,65,88,92,-7.611098097682481,0.0,0.9930224280850304,True,0,medium,0.5530794707693413
BraTS-GLI-02344-100,sustraccion,prediction_component,47,12,6144.0,2.4917498197257264e-05,7.022006780482366e-08,1.4142135623730951,1,6.4031242374328485,0.2208630521496931,0.9957510787676723,1.3333333333333333,0,,61,65,122,126,35,38,-7.153538755513696,0.0,0.9999647617941148,True,0,medium,0.5530794707693413
BraTS-GLI-02344-100,sustraccion,prediction_component,48,57,26112.0,1.350873399913604e-05,2.0638668412408987e-08,1.4142135623730951,1,19.339079605813716,0.07312724241271307,0.5923607155209719,2.8333333333333335,0,,62,68,106,123,28,35,-7.685318326414897,0.0,0.9885671052936327,True,0,medium,0.5530794707693413
BraTS-GLI-02344-100,sustraccion,prediction_component,49,122,35072.0,1.8574581261662587e-05,3.902028502654889e-08,1.7320508075688772,1,15.297058540778355,0.11322770341445956,0.5629505143055531,1.5714285714285714,0,,62,73,109,117,84,91,-7.4087095625938515,0.0,0.9977331828674941,True,0,medium,0.5530794707693413
BraTS-GLI-02344-100,sustraccion,prediction_component,50,12,5376.0,3.04433440619409e-05,1.0481829363285631e-07,1.4142135623730951,1,5.830951894845301,0.24253562503633297,0.9957510787676723,1.3333333333333333,0,,64,67,96,100,148,151,-6.979562914580636,0.0,0.9999873098721701,True,0,medium,0.5530794707693413
BraTS-GLI-02344-100,sustraccion,prediction_component,52,12,5376.0,3.04433440619409e-05,1.0481829363285631e-07,1.4142135623730951,1,5.830951894845301,0.24253562503633297,0.9957510787676723,1.3333333333333333,0,,65,69,61,64,136,139,-6.979562914580636,0.0,0.9999873098721701,True,0,medium,0.5530794707693413
BraTS-GLI-02344-100,sustraccion,prediction_component,54,12,5376.0,3.04433440619409e-05,1.0481829363285631e-07,1.4142135623730951,1,5.830951894845301,0.24253562503633297,0.9957510787676723,1.3333333333333333,0,,66,70,128,131,35,38,-6.979562914580636,0.0,0.9999873098721701,True,0,medium,0.5530794707693413
BraTS-GLI-02344-100,sustraccion,prediction_component,57,14,7680.0,2.080109539136373e-05,4.8935585030206e-08,1.4142135623730951,1,7.54983443527075,0.1873171623163388,0.9458781407605124,1.25,0,,68,72,72,76,82,87,-7.310375215276639,0.0,0.9998683165549729,True,0,medium,0.5530794707693413
BraTS-GLI-02344-100,sustraccion,prediction_component,58,73,26880.0,1.6564524117662508e-05,3.1032038153860625e-08,1.4142135623730951,1,16.401219466856727,0.08622612271184536,0.5454692181434626,2.1666666666666665,0,,69,75,95,103,68,81,-7.50818969944303,0.0,0.9945010968539277,True,0,medium,0.5530794707693413
BraTS-GLI-02344-100,sustraccion,prediction_component,59,40,16896.0,1.821311123628858e-05,3.7516356453032095e-08,1.4142135623730951,1,13.152946437965905,0.10752066611409408,0.6665885822069456,2.75,0,,69,73,130,141,141,147,-7.425779346443809,0.0,0.9980802256850516,True,0,medium,0.5530794707693413
BraTS-GLI-02344-100,sustraccion,prediction_component,60,65,18176.0,2.6525640880350624e-05,7.957637373994227e-08,2.23606797749979,1,10.488088481701515,0.21320071635561044,0.896485809971887,1.4,1,,70,75,126,133,87,93,-7.099215855345642,0.6931471805599453,0.9999412193034126,True,0,medium,0.5530794707693413
BraTS-GLI-02344-100,sustraccion,prediction_component,61,38,12800.0,2.6240290708094536e-05,7.7873493435007e-08,1.4142135623730951,1,9.0,0.15713484026367724,0.6780837477859392,1.75,0,,71,75,115,122,71,75,-7.108610342248563,0.0,0.9997576578017313,True,0,medium,0.5530794707693413
BraTS-GLI-02344-100,sustraccion,prediction_component,64,17,7680.0,2.5258472975227388e-05,7.215502078433436e-08,1.4142135623730951,1,7.0710678118654755,0.2,0.8866010210973454,1.6666666666666667,0,,73,77,119,122,100,105,-7.141733443876567,0.0,0.9999319269700248,True,0,medium,0.5530794707693413
BraTS-GLI-02344-100,sustraccion,prediction_component,70,26,13056.0,1.7428424759080237e-05,3.435331448886051e-08,1.4142135623730951,1,10.246950765959598,0.13801311186847084,0.7695203069187393,2.0,0,,74,78,141,146,93,101,-7.464031354826301,0.0,0.999050296612578,True,0,medium,0.5530794707693413
BraTS-GLI-02344-100,sustraccion,prediction_component,71,14,7680.0,2.080109539136373e-05,4.8935585030206e-08,1.4142135623730951,1,7.810249675906654,0.1810714920850371,0.9458781407605124,2.0,0,,75,78,40,44,61,67,-7.310375215276639,0.0,0.9998534593399278,True,0,medium,0.5530794707693413
BraTS-GLI-02344-100,sustraccion,prediction_component,73,44,16384.0,2.09808349609375e-05,4.978493088506053e-08,1.4142135623730951,1,11.445523142259598,0.1235604126430431,0.6457438947298227,1.8,0,,76,85,66,71,33,38,-7.302902091453414,0.0,0.9990146687684128,True,0,medium,0.5530794707693413
BraTS-GLI-02344-100,sustraccion,prediction_component,74,32,13568.0,2.0247724638662888e-05,4.636655457515523e-08,1.4142135623730951,1,10.488088481701515,0.13483997249264842,0.7180607827429069,1.4,0,,76,82,140,147,136,141,-7.333795174636683,0.0,0.9992745877055247,True,0,medium,0.5530794707693413
BraTS-GLI-02344-100,sustraccion,prediction_component,75,14,7680.0,2.080109539136373e-05,4.8935585030206e-08,1.4142135623730951,1,7.810249675906654,0.1810714920850371,0.9458781407605124,2.0,0,,76,79,154,158,81,87,-7.310375215276639,0.0,0.9998534593399278,True,0,medium,0.5530794707693413
BraTS-GLI-02344-100,sustraccion,prediction_component,79,34,14848.0,1.8792171998040843e-05,3.99398409360168e-08,1.4142135623730951,1,11.045361017187261,0.12803687993289598,0.7036956967830031,2.25,0,,78,87,59,64,89,93,-7.398593669078429,0.0,0.9989137108181779,True,0,medium,0.5530794707693413
BraTS-GLI-02344-100,sustraccion,prediction_component,80,14,7680.0,2.080109539136373e-05,4.8935585030206e-08,1.4142135623730951,1,7.54983443527075,0.1873171623163388,0.9458781407605124,1.25,0,,78,83,136,140,39,43,-7.310375215276639,0.0,0.9998683165549729,True,0,medium,0.5530794707693413
BraTS-GLI-02344-100,sustraccion,prediction_component,82,12,5376.0,3.04433440619409e-05,1.0481829363285631e-07,1.4142135623730951,1,5.830951894845301,0.24253562503633297,0.9957510787676723,1.3333333333333333,0,,79,82,159,163,88,91,-6.979562914580636,0.0,0.9999873098721701,True,0,medium,0.5530794707693413
BraTS-GLI-02344-100,sustraccion,prediction_component,83,61,26880.0,1.3841588646265932e-05,2.1668270589325462e-08,1.4142135623730951,1,18.027756377319946,0.07844645405527362,0.5791191452117007,1.3333333333333333,0,,80,90,99,111,49,58,-7.664175749662408,0.0,0.9899286709252536,True,0,medium,0.5530794707693413
BraTS-GLI-02344-100,sustraccion,prediction_component,84,28,12800.0,1.9334951048069658e-05,4.2280345466097984e-08,1.4142135623730951,1,10.04987562112089,0.1407195089460584,0.7507439778384809,1.75,0,,80,87,138,142,56,62,-7.373861472797746,0.0,0.9993129178087543,True,0,medium,0.5530794707693413
BraTS-GLI-02344-100,sustraccion,prediction_component,86,113,46080.0,1.1423777554320215e-05,1.4759506926745571e-08,1.4142135623730951,1,25.099800796022265,0.056343616981901115,0.47153983418404977,1.9,0,,82,92,82,95,129,148,-7.830928150817206,0.0,0.962520180339083,True,0,medium,0.5530794707693413
BraTS-GLI-02344-100,sustraccion,prediction_component,87,67,24576.0,1.7390337283502466e-05,3.420332946786604e-08,1.4142135623730951,1,13.19090595827292,0.10721125348377948,0.5612886582720128,2.0,0,,83,93,89,96,147,152,-7.46593161619118,0.0,0.9968742767338516,True,0,medium,0.5530794707693413
BraTS-GLI-02344-100,sustraccion,prediction_component,89,21,8448.0,2.704509036953757e-05,8.272356597893577e-08,1.4142135623730951,1,7.54983443527075,0.1873171623163388,0.8263006657894747,1.25,0,,84,88,166,170,86,91,-7.082370752639951,0.0,0.9999180069876032,True,0,medium,0.5530794707693413
BraTS-GLI-02344-100,sustraccion,prediction_component,90,21,8448.0,2.704509036953757e-05,8.272356597893577e-08,1.4142135623730951,1,8.660254037844387,0.1632993161855452,0.8263006657894747,1.0,0,,85,90,45,50,51,56,-7.082370752639951,0.0,0.9998763143430447,True,0,medium,0.5530794707693413
BraTS-GLI-02344-100,sustraccion,prediction_component,93,20,7936.0,2.8289645606535866e-05,9.051225550351545e-08,1.4142135623730951,1,7.0710678118654755,0.2,0.8398489863421099,1.6666666666666667,0,,86,90,88,91,52,57,-7.043292612648983,0.0,0.9999453694507522,True,0,medium,0.5530794707693413
BraTS-GLI-02344-100,sustraccion,prediction_component,94,26,13056.0,1.7428424759080237e-05,3.435331448886051e-08,1.4142135623730951,1,11.0,0.128564869306645,0.7695203069187393,1.1666666666666667,0,,86,92,92,98,44,51,-7.464031354826301,0.0,0.9988837575953247,True,0,medium,0.5530794707693413
BraTS-GLI-02344-100,sustraccion,prediction_component,95,14,6144.0,2.9070414563466808e-05,9.557731451212109e-08,1.4142135623730951,1,6.928203230275509,0.20412414523193154,0.9458781407605124,1.0,0,,86,90,132,136,51,55,-7.019645176252469,0.0,0.999966684186979,True,0,medium,0.5530794707693413
BraTS-GLI-02344-100,sustraccion,prediction_component,99,28,12032.0,2.1215403517396566e-05,5.0904358217950245e-08,1.4142135623730951,1,9.486832980505138,0.14907119849998599,0.7507439778384809,1.75,0,,87,92,43,47,117,124,-7.2932450335968415,0.0,0.9995592907472206,True,0,medium,0.5530794707693413
BraTS-GLI-02344-100,sustraccion,prediction_component,101,30,13056.0,2.010972087586181e-05,4.573666130173737e-08,1.4142135623730951,1,9.848857801796104,0.14359163172354764,0.73367566779705,1.2,0,,87,93,98,103,37,43,-7.339735541328611,0.0,0.9993922125147586,True,0,medium,0.5530794707693413
BraTS-GLI-02344-100,sustraccion,prediction_component,102,35,14336.0,2.0390414574617338e-05,4.702236683358727e-08,1.4142135623730951,1,10.04987562112089,0.1407195089460584,0.6969289728874266,1.75,0,,87,91,99,106,124,130,-7.327695514792177,0.0,0.9993144553949495,True,0,medium,0.5530794707693413
BraTS-GLI-02344-100,sustraccion,prediction_component,104,80,30976.0,1.467411720510894e-05,2.4353217111509938e-08,1.4142135623730951,1,15.7797338380595,0.08962214298964417,0.529071708312648,1.375,0,,87,95,117,128,138,146,-7.61344365943959,0.0,0.991921892214444,True,0,medium,0.5530794707693413
BraTS-GLI-02344-100,sustraccion,prediction_component,106,45,19200.0,1.6914558667664817e-05,3.2357407244462745e-08,1.4142135623730951,1,11.916375287812984,0.11867816581938534,0.6409247308398612,1.8,0,,88,93,91,97,118,127,-7.490026285098541,0.0,0.9978134519248186,True,0,medium,0.5530794707693413
BraTS-GLI-02344-100,sustraccion,prediction_component,108,19,7680.0,2.8230058031136492e-05,9.013135814236922e-08,1.4142135623730951,1,7.54983443527075,0.1873171623163388,0.8543319874271107,1.25,0,,89,93,52,56,132,137,-7.0451240847274565,0.0,0.9999347189956922,True,0,medium,0.5530794707693413
BraTS-GLI-02344-100,sustraccion,prediction_component,109,137,50688.0,1.200501850401748e-05,1.629964107099443e-08,1.4142135623730951,1,20.322401432901575,0.06958890006392211,0.44221928549796313,1.3,0,,89,99,88,101,51,63,-7.787821958945908,0.0,0.9718272632953232,True,0,medium,0.5530794707693413
BraTS-GLI-02344-100,sustraccion,prediction_component,112,117,33280.0,1.9271294369539218e-05,4.200240363463914e-08,1.7320508075688772,1,16.30950643030009,0.1061988488107183,0.5708581554278115,1.375,0,,89,100,171,180,82,90,-7.376725855902315,0.0,0.9977873941528488,True,0,medium,0.5530794707693413
BraTS-GLI-02344-100,sustraccion,prediction_component,113,14,7680.0,2.080109539136373e-05,4.8935585030206e-08,1.4142135623730951,1,7.54983443527075,0.1873171623163388,0.9458781407605124,1.25,0,,90,94,42,46,56,61,-7.310375215276639,0.0,0.9998683165549729,True,0,medium,0.5530794707693413
BraTS-GLI-02344-100,sustraccion,prediction_component,115,40,14592.0,2.2692782981514594e-05,5.824087527509633e-08,1.4142135623730951,1,11.090536506409418,0.12751534261266767,0.6665885822069456,1.4,0,,90,97,104,111,135,140,-7.234772106835677,0.0,0.9993315602993937,True,0,medium,0.5530794707693413
BraTS-GLI-02344-100,sustraccion,prediction_component,116,19,9984.0,1.9045691370546972e-05,4.102474198560274e-08,1.4142135623730951,1,9.486832980505138,0.14907119849998599,0.8543319874271107,1.75,0,,91,96,90,97,28,32,-7.386954141647967,0.0,0.9995493007343913,True,0,medium,0.5530794707693413
BraTS-GLI-02344-100,sustraccion,prediction_component,117,14,6144.0,2.9070414563466808e-05,9.557731451212109e-08,1.4142135623730951,1,6.928203230275509,0.20412414523193154,0.9458781407605124,1.0,0,,91,95,91,95,105,109,-7.019645176252469,0.0,0.999966684186979,True,0,medium,0.5530794707693413
BraTS-GLI-02344-100,sustraccion,prediction_component,118,112,44544.0,1.1913358263856691e-05,1.60516905261244e-08,1.4142135623730951,1,24.351591323771842,0.0580747904139041,0.4729390703802562,1.7777777777777777,0,,91,107,91,107,141,150,-7.794479221981564,0.0,0.968202796015112,True,0,medium,0.5530794707693413
BraTS-GLI-02344-100,sustraccion,prediction_component,123,17,8448.0,2.1893644584863748e-05,5.421113507463137e-08,1.4142135623730951,1,7.681145747868608,0.1841149235796647,0.8866010210973454,1.6666666666666667,0,,94,99,154,159,86,89,-7.265911499351242,0.0,0.9998578877526196,True,0,medium,0.5530794707693413
BraTS-GLI-02344-100,sustraccion,prediction_component,124,14,7680.0,2.080109539136373e-05,4.8935585030206e-08,1.4142135623730951,1,8.12403840463596,0.17407765595569785,0.9458781407605124,1.25,0,,95,99,104,109,129,134,-7.310375215276639,0.0,0.9998348244721845,True,0,medium,0.5530794707693413
BraTS-GLI-02344-100,sustraccion,prediction_component,125,13,6912.0,2.2622352127535248e-05,5.7879915666588376e-08,1.4142135623730951,1,6.557438524302,0.21566554640687685,0.9695348330084831,1.6666666666666667,0,,96,101,119,122,142,145,-7.237472110337416,0.0,0.9999427284812719,True,0,medium,0.5530794707693413
BraTS-GLI-02344-100,sustraccion,prediction_component,130,12,5376.0,3.04433440619409e-05,1.0481829363285631e-07,1.4142135623730951,1,5.830951894845301,0.24253562503633297,0.9957510787676723,1.3333333333333333,0,,99,102,61,65,90,93,-6.979562914580636,0.0,0.9999873098721701,True,0,medium,0.5530794707693413
BraTS-GLI-02344-100,sustraccion,prediction_component,131,34,14592.0,1.9288865534287406e-05,4.2079032386257095e-08,1.4142135623730951,1,10.488088481701515,0.13483997249264842,0.7036956967830031,1.4,0,,99,104,114,121,49,55,-7.375934255407092,0.0,0.9991114773644468,True,0,medium,0.5530794707693413
BraTS-GLI-02344-100,sustraccion,prediction_component,136,29,9984.0,2.9069739460308536e-05,9.557287537366178e-08,1.4142135623730951,1,8.12403840463596,0.17407765595569785,0.742013605090188,1.25,0,,102,106,170,175,86,91,-7.019665347755713,0.0,0.9998937674937995,True,0,medium,0.5530794707693413
BraTS-GLI-02344-100,sustraccion,prediction_component,138,12,5376.0,3.04433440619409e-05,1.0481829363285631e-07,1.4142135623730951,1,5.830951894845301,0.24253562503633297,0.9957510787676723,1.3333333333333333,0,,103,106,98,102,147,150,-6.979562914580636,0.0,0.9999873098721701,True,0,medium,0.5530794707693413
BraTS-GLI-02344-100,sustraccion,prediction_component,140,19,8192.0,2.5625283894623568e-05,7.42659506177969e-08,1.4142135623730951,1,7.54983443527075,0.1873171623163388,0.8543319874271107,1.25,0,,105,110,54,58,128,132,-7.1292102555281875,0.0,0.9999106114072925,True,0,medium,0.5530794707693413
BraTS-GLI-02344-100,sustraccion,prediction_component,142,31,14592.0,1.758690681067381e-05,3.4980925712104735e-08,1.4142135623730951,1,11.704699910719626,0.1208244186660354,0.7257003006213092,2.6666666666666665,0,,105,113,79,87,90,93,-7.4561687018230565,0.0,0.9985788446637827,True,0,medium,0.5530794707693413
BraTS-GLI-02344-100,sustraccion,prediction_component,143,12,6144.0,2.4917498197257264e-05,7.022006780482366e-08,1.4142135623730951,1,6.4031242374328485,0.2208630521496931,0.9957510787676723,1.3333333333333333,0,,105,109,109,112,102,106,-7.153538755513696,0.0,0.9999647617941148,True,0,medium,0.5530794707693413
BraTS-GLI-02344-100,sustraccion,prediction_component,144,12,5376.0,3.04433440619409e-05,1.0481829363285631e-07,1.4142135623730951,1,5.830951894845301,0.24253562503633297,0.9957510787676723,1.3333333333333333,0,,105,109,131,134,35,38,-6.979562914580636,0.0,0.9999873098721701,True,0,medium,0.5530794707693413
BraTS-GLI-02344-100,sustraccion,prediction_component,145,12,6144.0,2.4917498197257264e-05,7.022006780482366e-08,1.4142135623730951,1,6.4031242374328485,0.2208630521496931,0.9957510787676723,1.3333333333333333,0,,106,109,178,182,105,109,-7.153538755513696,0.0,0.9999647617941148,True,0,medium,0.5530794707693413
BraTS-GLI-02344-100,sustraccion,prediction_component,146,12,5376.0,3.04433440619409e-05,1.0481829363285631e-07,1.4142135623730951,1,5.830951894845301,0.24253562503633297,0.9957510787676723,1.3333333333333333,0,,107,111,139,142,138,141,-6.979562914580636,0.0,0.9999873098721701,True,0,medium,0.5530794707693413
BraTS-GLI-02344-100,sustraccion,prediction_component,147,24,8448.0,3.090867470804294e-05,1.0804710658473243e-07,1.4142135623730951,1,7.0710678118654755,0.2,0.7903281549671363,1.6666666666666667,0,,107,111,165,170,88,91,-6.966386858684578,0.0,0.9999520642941941,True,0,medium,0.5530794707693413
BraTS-GLI-02344-100,sustraccion,prediction_component,148,82,30976.0,1.5040970135236664e-05,2.558609872778013e-08,1.4142135623730951,1,19.849433241279208,0.07124704998790965,0.5247348599077022,1.4444444444444444,0,,108,120,80,93,139,148,-7.591995928656044,0.0,0.9896705931074605,True,0,medium,0.5530794707693413
BraTS-GLI-02344-100,sustraccion,prediction_component,149,38,15616.0,1.9472822095327095e-05,4.288546917749008e-08,1.4142135623730951,1,11.090536506409418,0.12751534261266767,0.6780837477859392,1.4,0,,109,114,71,78,139,146,-7.3676898342728085,0.0,0.9989410616756017,True,0,medium,0.5530794707693413
BraTS-GLI-02344-100,sustraccion,prediction_component,150,73,28160.0,1.5448057753668376e-05,2.698982957765808e-08,1.4142135623730951,1,16.76305461424021,0.08436490812191956,0.5454692181434626,3.0,0,,109,120,115,127,34,38,-7.568799857707891,0.0,0.9928910687157673,True,0,medium,0.5530794707693413
BraTS-GLI-02344-100,sustraccion,prediction_component,151,122,39680.0,1.543484723508456e-05,2.6943688218286478e-08,1.4142135623730951,1,23.108440016582687,0.06119900613621046,0.4596471701619891,2.4285714285714284,0,,109,123,172,179,57,74,-7.569542955635505,0.0,0.9861877753867123,True,0,medium,0.5530794707693413
BraTS-GLI-02344-100,sustraccion,prediction_component,152,14,6912.0,2.4362533060422576e-05,6.712700278491907e-08,1.4142135623730951,1,7.0710678118654755,0.2,0.9458781407605124,1.6666666666666667,0,,109,114,180,183,96,100,-7.1731027435946135,0.0,0.9999365514425618,True,0,medium,0.5530794707693413
BraTS-GLI-02344-100,sustraccion,prediction_component,158,87,35072.0,1.3245807948890533e-05,1.9843089046355046e-08,1.4142135623730951,1,21.840329667841555,0.06475239082381762,0.5144834988108414,1.6,0,,112,123,165,175,112,128,-7.702390718706111,0.0,0.982121103845093,True,0,medium,0.5530794707693413
BraTS-GLI-02344-100,sustraccion,prediction_component,163,31,14592.0,1.758690681067381e-05,3.4980925712104735e-08,1.4142135623730951,1,10.488088481701515,0.13483997249264842,0.7257003006213092,1.4,0,,116,121,50,57,115,121,-7.4561687018230565,0.0,0.9988816580040908,True,0,medium,0.5530794707693413
BraTS-GLI-02344-100,sustraccion,prediction_component,164,14,7680.0,2.080109539136373e-05,4.8935585030206e-08,1.4142135623730951,1,7.54983443527075,0.1873171623163388,0.9458781407605124,1.25,0,,116,121,88,92,142,146,-7.310375215276639,0.0,0.9998683165549729,True,0,medium,0.5530794707693413
BraTS-GLI-02344-100,sustraccion,prediction_component,165,27,11008.0,2.3377665101405374e-05,6.180941584077854e-08,1.4142135623730951,1,8.774964387392123,0.16116459280507606,0.7599002946021327,1.5,0,,116,122,124,129,36,40,-7.208945360894912,0.0,0.9997459690368502,True,0,medium,0.5530794707693413
BraTS-GLI-02344-100,sustraccion,prediction_component,168,17,7168.0,2.8012503667152895e-05,8.874752009735003e-08,1.4142135623730951,1,6.928203230275509,0.20412414523193154,0.8866010210973454,1.0,0,,120,124,76,80,89,93,-7.051843773744237,0.0,0.9999546688380104,True,0,medium,0.5530794707693413
BraTS-GLI-02344-100,sustraccion,prediction_component,171,530,156928.0,8.525605046834182e-06,8.220586304425665e-09,2.0,1,55.94640292279746,0.03574850027015812,0.3983831019899629,3.75,1,,120,132,131,176,42,73,-8.085097206827795,0.6931471805599453,0.8087858854318231,True,0,medium,0.5530794707693413
BraTS-GLI-02344-100,sustraccion,prediction_component,172,14,6144.0,2.9070414563466808e-05,9.557731451212109e-08,1.4142135623730951,1,6.928203230275509,0.20412414523193154,0.9458781407605124,1.0,0,,121,125,112,116,138,142,-7.019645176252469,0.0,0.999966684186979,True,0,medium,0.5530794707693413
BraTS-GLI-02344-100,sustraccion,prediction_component,174,17,7680.0,2.5258472975227388e-05,7.215502078433436e-08,1.4142135623730951,1,7.0710678118654755,0.2,0.8866010210973454,1.6666666666666667,0,,123,127,125,128,39,44,-7.141733443876567,0.0,0.9999319269700248,True,0,medium,0.5530794707693413
BraTS-GLI-02344-100,sustraccion,prediction_component,178,12,5376.0,3.04433440619409e-05,1.0481829363285631e-07,1.4142135623730951,1,5.830951894845301,0.24253562503633297,0.9957510787676723,1.3333333333333333,0,,124,127,108,112,137,140,-6.979562914580636,0.0,0.9999873098721701,True,0,medium,0.5530794707693413
BraTS-GLI-02344-100,sustraccion,prediction_component,180,24,9984.0,2.4057715415427756e-05,6.545776006567085e-08,1.4142135623730951,1,8.602325267042627,0.1643989873053573,0.7903281549671363,2.3333333333333335,0,,125,129,104,111,41,44,-7.184038860130413,0.0,0.9998011131354868,True,0,medium,0.5530794707693413
BraTS-GLI-02344-100,sustraccion,prediction_component,181,12,5376.0,3.04433440619409e-05,1.0481829363285631e-07,1.4142135623730951,1,5.830951894845301,0.24253562503633297,0.9957510787676723,1.3333333333333333,0,,125,128,113,117,39,42,-6.979562914580636,0.0,0.9999873098721701,True,0,medium,0.5530794707693413
BraTS-GLI-02344-100,sustraccion,prediction_component,184,44,17408.0,1.9157082055661643e-05,4.150602013132667e-08,1.4142135623730951,1,12.206555615733702,0.11585688927269847,0.6457438947298227,1.3333333333333333,0,,130,138,117,123,129,136,-7.3818889076204615,0.0,0.9984904289885833,True,0,medium,0.5530794707693413
BraTS-GLI-02344-100,sustraccion,prediction_component,187,395,97280.0,1.301852414016357e-05,1.916795931636847e-08,2.23606797749979,1,25.88435821108957,0.08638684255813601,0.4912646410151535,1.6363636363636365,3,,131,142,134,152,50,65,-7.717424121071637,1.3862943611198906,0.9760588453075733,True,0,medium,0.5530794707693413
BraTS-GLI-02344-100,sustraccion,prediction_component,191,26,12032.0,1.970001755186824e-05,4.389202315731424e-08,1.4142135623730951,1,9.38083151964686,0.15075567228888181,0.7695203069187393,1.5,0,,135,139,149,155,64,70,-7.357614400339644,0.0,0.99948680128016,True,0,medium,0.5530794707693413
BraTS-GLI-02344-100,sustraccion,prediction_component,193,17,7168.0,2.8012503667152895e-05,8.874752009735003e-08,1.4142135623730951,1,6.928203230275509,0.20412414523193154,0.8866010210973454,1.0,0,,138,142,118,122,124,128,-7.051843773744237,0.0,0.9999546688380104,True,0,medium,0.5530794707693413
BraTS-GLI-02344-100,sustraccion,prediction_component,194,14,7680.0,2.080109539136373e-05,4.8935585030206e-08,1.4142135623730951,1,7.54983443527075,0.1873171623163388,0.9458781407605124,1.25,0,,138,142,150,155,75,79,-7.310375215276639,0.0,0.9998683165549729,True,0,medium,0.5530794707693413
BraTS-GLI-02344-100,sustraccion,prediction_component,197,17,7680.0,2.5258472975227388e-05,7.215502078433436e-08,1.4142135623730951,1,7.0710678118654755,0.2,0.8866010210973454,1.6666666666666667,0,,142,145,128,133,59,63,-7.141733443876567,0.0,0.9999319269700248,True,0,medium,0.5530794707693413
BraTS-GLI-02344-100,sustraccion,prediction_component,200,34,12288.0,2.4960720256102595e-05,7.046388748470152e-08,1.4142135623730951,1,9.0,0.15713484026367724,0.7036956967830031,2.0,0,,150,153,114,120,99,105,-7.152033400516379,0.0,0.9997371500332176,True,0,medium,0.5530794707693413
BraTS-GLI-02344-100,gmm_2d,prediction_component,1,77,22528.0,2.2772293311909074e-05,5.864971572334703e-08,1.7320508075688772,1,12.727922061357855,0.13608276348795434,0.6562861745204266,1.1428571428571428,0,,21,28,95,103,80,87,-7.23173408857967,0.0,0.9994102996213285,True,0,medium,0.5530794707693413
BraTS-GLI-02344-100,gmm_2d,prediction_component,2,25,9984.0,2.5060120224403912e-05,7.102621534903521e-08,1.7320508075688772,1,8.660254037844387,0.19999999999999996,0.9548683406603533,1.0,0,,21,26,96,101,64,69,-7.14858132620955,0.0,0.999943732308326,True,0,medium,0.5530794707693413
BraTS-GLI-02344-100,gmm_2d,prediction_component,3,25,9984.0,2.5060120224403912e-05,7.102621534903521e-08,1.7320508075688772,1,8.660254037844387,0.19999999999999996,0.9548683406603533,1.0,0,,23,28,93,98,89,94,-7.14858132620955,0.0,0.999943732308326,True,0,medium,0.5530794707693413
BraTS-GLI-02344-100,gmm_2d,prediction_component,4,38,12544.0,2.7047649416909622e-05,8.273922157753891e-08,1.7320508075688772,1,9.273618495495704,0.18677184190940707,0.8304795924748166,1.2,0,,26,31,101,106,80,86,-7.082288569326049,0.0,0.9999183504971614,True,0,medium,0.5530794707693413
BraTS-GLI-02344-100,gmm_2d,prediction_component,5,25,9984.0,2.5060120224403912e-05,7.102621534903521e-08,1.7320508075688772,1,8.660254037844387,0.19999999999999996,0.9548683406603533,1.0,0,,26,31,107,112,96,101,-7.14858132620955,0.0,0.999943732308326,True,0,medium,0.5530794707693413
BraTS-GLI-02344-100,gmm_2d,prediction_component,6,25,9984.0,2.5060120224403912e-05,7.102621534903521e-08,1.7320508075688772,1,8.660254037844387,0.19999999999999996,0.9548683406603533,1.0,0,,28,33,84,89,81,86,-7.14858132620955,0.0,0.999943732308326,True,0,medium,0.5530794707693413
BraTS-GLI-02344-100,gmm_2d,prediction_component,7,25,9984.0,2.5060120224403912e-05,7.102621534903521e-08,1.7320508075688772,1,8.660254037844387,0.19999999999999996,0.9548683406603533,1.0,0,,29,34,71,76,89,94,-7.14858132620955,0.0,0.999943732308326,True,0,medium,0.5530794707693413
BraTS-GLI-02344-100,gmm_2d,prediction_component,8,648,162048.0,9.933664610931684e-06,1.1160184109512757e-08,2.23606797749979,1,38.44476557348217,0.058163132071278635,0.41653951144244467,1.368421052631579,5,,29,48,92,113,82,108,-7.952328640785006,1.791759469228055,0.8757284785015768,True,0,medium,0.5530794707693413
BraTS-GLI-02344-100,gmm_2d,prediction_component,9,25,9984.0,2.5060120224403912e-05,7.102621534903521e-08,1.7320508075688772,1,8.660254037844387,0.19999999999999996,0.9548683406603533,1.0,0,,31,36,100,105,50,55,-7.14858132620955,0.0,0.999943732308326,True,0,medium,0.5530794707693413
BraTS-GLI-02344-100,gmm_2d,prediction_component,10,25,9984.0,2.5060120224403912e-05,7.102621534903521e-08,1.7320508075688772,1,8.660254037844387,0.19999999999999996,0.9548683406603533,1.0,0,,32,37,103,108,78,83,-7.14858132620955,0.0,0.999943732308326,True,0,medium,0.5530794707693413
BraTS-GLI-02344-100,gmm_2d,prediction_component,11,25,9984.0,2.5060120224403912e-05,7.102621534903521e-08,1.7320508075688772,1,8.660254037844387,0.19999999999999996,0.9548683406603533,1.0,0,,33,38,65,70,97,102,-7.14858132620955,0.0,0.999943732308326,True,0,medium,0.5530794707693413
BraTS-GLI-02344-100,gmm_2d,prediction_component,12,157,42240.0,1.8084803242388596e-05,3.698962680843152e-08,1.7320508075688772,1,17.549928774784245,0.09869275424396534,0.5175555216689944,1.5,0,,34,42,99,111,71,81,-7.431920050297379,0.0,0.996344472605586,True,0,medium,0.5530794707693413
BraTS-GLI-02344-100,gmm_2d,prediction_component,13,109,39424.0,1.3924687861259393e-05,2.1929226380282082e-08,1.7320508075688772,1,17.291616465790582,0.10016708449412666,0.5844957143222587,1.8571428571428572,0,,34,43,110,117,108,121,-7.6589766891022695,0.0,0.9932819560070137,True,0,medium,0.5530794707693413
BraTS-GLI-02344-100,gmm_2d,prediction_component,14,25,9984.0,2.5060120224403912e-05,7.102621534903521e-08,1.7320508075688772,1,8.660254037844387,0.19999999999999996,0.9548683406603533,1.0,0,,37,42,99,104,47,52,-7.14858132620955,0.0,0.999943732308326,True,0,medium,0.5530794707693413
BraTS-GLI-02344-100,gmm_2d,prediction_component,15,13425,2575104.0,3.2487936990577205e-06,1.193703979856741e-09,3.4641016151377544,2,132.32535660258014,0.026178668277023254,0.23495357705530534,1.2878787878787878,59,,39,105,62,147,54,131,-8.92310335817639,4.0943445622221,0.024282034065619414,False,0,medium,0.5530794707693413
BraTS-GLI-02344-100,gmm_2d,prediction_component,16,64,17664.0,2.726128919514701e-05,8.405143902280163e-08,2.23606797749979,1,10.677078252031311,0.20942695414584778,0.9011308970908855,1.6,1,,41,46,62,67,65,73,-7.075454846718119,0.6931471805599453,0.9999434629620063,True,0,medium,0.5530794707693413
BraTS-GLI-02344-100,gmm_2d,prediction_component,17,38,12544.0,2.7047649416909622e-05,8.273922157753891e-08,1.7320508075688772,1,9.273618495495704,0.18677184190940707,0.8304795924748166,1.2,0,,41,46,100,105,52,58,-7.082288569326049,0.0,0.9999183504971614,True,0,medium,0.5530794707693413
BraTS-GLI-02344-100,gmm_2d,prediction_component,18,25,9984.0,2.5060120224403912e-05,7.102621534903521e-08,1.7320508075688772,1,8.660254037844387,0.19999999999999996,0.9548683406603533,1.0,0,,41,46,102,107,64,69,-7.14858132620955,0.0,0.999943732308326,True,0,medium,0.5530794707693413
BraTS-GLI-02344-100,gmm_2d,prediction_component,19,25,9984.0,2.5060120224403912e-05,7.102621534903521e-08,1.7320508075688772,1,8.660254037844387,0.19999999999999996,0.9548683406603533,1.0,0,,42,47,84,89,137,142,-7.14858132620955,0.0,0.999943732308326,True,0,medium,0.5530794707693413
BraTS-GLI-02344-100,gmm_2d,prediction_component,20,187,54784.0,1.458347422988601e-05,2.405328352784559e-08,2.23606797749979,1,21.213203435596427,0.10540925533894598,0.6303290695783381,1.6666666666666667,2,,43,58,48,60,85,94,-7.618825629448702,1.0986122886681098,0.9929949147759127,True,0,medium,0.5530794707693413
BraTS-GLI-02344-100,gmm_2d,prediction_component,21,110,32000.0,1.9216209181638818e-05,4.176262695018658e-08,1.7320508075688772,1,15.297058540778355,0.11322770341445956,0.5827191206450295,1.5714285714285714,0,,45,56,103,111,55,62,-7.379212191181847,0.0,0.9980922855052485,True,0,medium,0.5530794707693413
BraTS-GLI-02344-100,gmm_2d,prediction_component,22,145,38400.0,1.9269531939212284e-05,4.199472143918699e-08,2.23606797749979,1,16.76305461424021,0.13339263212805205,0.6861070331070992,2.3333333333333335,1,,46,52,72,86,42,49,-7.376805295171222,0.6931471805599453,0.9987356626316696,True,0,medium,0.5530794707693413
BraTS-GLI-02344-100,gmm_2d,prediction_component,23,175,56832.0,1.2916612742650955e-05,1.8869033327171362e-08,2.23606797749979,1,23.53720459187964,0.09500142503206331,0.644419275595427,2.7142857142857144,1,,46,53,80,99,125,137,-7.724250348453454,0.6931471805599453,0.9898896897271523,True,0,medium,0.5530794707693413
BraTS-GLI-02344-100,gmm_2d,prediction_component,24,50,18688.0,1.95715745391646e-05,4.332154192016719e-08,1.7320508075688772,1,11.74734012447073,0.14744195615489714,0.757879504227687,1.6,0,,47,52,52,60,120,127,-7.3632960941634575,0.0,0.9994244023643076,True,0,medium,0.5530794707693413
BraTS-GLI-02344-100,gmm_2d,prediction_component,25,50,19200.0,1.879395407518313e-05,3.9947416351188576e-08,1.7320508075688772,1,11.916375287812984,0.14535047493345277,0.757879504227687,1.8,0,,48,54,77,82,56,65,-7.39851130397719,0.0,0.9993195581316862,True,0,medium,0.5530794707693413
BraTS-GLI-02344-100,gmm_2d,prediction_component,26,67,19968.0,2.3745042470355043e-05,6.376733614036381e-08,1.7320508075688772,1,11.74734012447073,0.14744195615489714,0.6874354055889139,1.6,0,,50,58,43,50,87,92,-7.195401725143916,0.0,0.9996158754340636,True,0,medium,0.5530794707693413
BraTS-GLI-02344-100,gmm_2d,prediction_component,27,51,16384.0,2.4318695068359375e-05,6.688564319836902e-08,1.7320508075688772,1,10.488088481701515,0.1651445647689541,0.7528933105024771,1.4,0,,51,56,134,141,110,116,-7.1746670922299165,0.0,0.9997865484491313,True,0,medium,0.5530794707693413
BraTS-GLI-02344-100,gmm_2d,prediction_component,28,25,9984.0,2.5060120224403912e-05,7.102621534903521e-08,1.7320508075688772,1,8.660254037844387,0.19999999999999996,0.9548683406603533,1.0,0,,52,57,64,69,102,107,-7.14858132620955,0.0,0.999943732308326,True,0,medium,0.5530794707693413
BraTS-GLI-02344-100,gmm_2d,prediction_component,29,25,9984.0,2.5060120224403912e-05,7.102621534903521e-08,1.7320508075688772,1,8.660254037844387,0.19999999999999996,0.9548683406603533,1.0,0,,52,57,87,92,33,38,-7.14858132620955,0.0,0.999943732308326,True,0,medium,0.5530794707693413
BraTS-GLI-02344-100,gmm_2d,prediction_component,30,25,9984.0,2.5060120224403912e-05,7.102621534903521e-08,1.7320508075688772,1,8.660254037844387,0.19999999999999996,0.9548683406603533,1.0,0,,52,57,91,96,83,88,-7.14858132620955,0.0,0.999943732308326,True,0,medium,0.5530794707693413
BraTS-GLI-02344-100,gmm_2d,prediction_component,31,38,12544.0,2.7047649416909622e-05,8.273922157753891e-08,1.7320508075688772,1,9.273618495495704,0.18677184190940707,0.8304795924748166,1.2,0,,52,57,99,105,141,146,-7.082288569326049,0.0,0.9999183504971614,True,0,medium,0.5530794707693413
BraTS-GLI-02344-100,gmm_2d,prediction_component,32,25,9984.0,2.5060120224403912e-05,7.102621534903521e-08,1.7320508075688772,1,8.660254037844387,0.19999999999999996,0.9548683406603533,1.0,0,,53,58,40,45,78,83,-7.14858132620955,0.0,0.999943732308326,True,0,medium,0.5530794707693413
BraTS-GLI-02344-100,gmm_2d,prediction_component,33,25,9984.0,2.5060120224403912e-05,7.102621534903521e-08,1.7320508075688772,1,8.660254037844387,0.19999999999999996,0.9548683406603533,1.0,0,,53,58,125,130,124,129,-7.14858132620955,0.0,0.999943732308326,True,0,medium,0.5530794707693413
BraTS-GLI-02344-100,gmm_2d,prediction_component,34,38,12544.0,2.7047649416909622e-05,8.273922157753891e-08,1.7320508075688772,1,9.273618495495704,0.18677184190940707,0.8304795924748166,1.2,0,,54,59,66,72,106,111,-7.082288569326049,0.0,0.9999183504971614,True,0,medium,0.5530794707693413
BraTS-GLI-02344-100,gmm_2d,prediction_component,35,25,9984.0,2.5060120224403912e-05,7.102621534903521e-08,1.7320508075688772,1,8.660254037844387,0.19999999999999996,0.9548683406603533,1.0,0,,54,59,111,116,137,142,-7.14858132620955,0.0,0.999943732308326,True,0,medium,0.5530794707693413
BraTS-GLI-02344-100,gmm_2d,prediction_component,36,25,9984.0,2.5060120224403912e-05,7.102621534903521e-08,1.7320508075688772,1,8.660254037844387,0.19999999999999996,0.9548683406603533,1.0,0,,54,59,121,126,130,135,-7.14858132620955,0.0,0.999943732308326,True,0,medium,0.5530794707693413
BraTS-GLI-02344-100,gmm_2d,prediction_component,37,197,60672.0,1.3182074421164342e-05,1.9652594434381425e-08,1.7320508075688772,1,23.68543856465402,0.07312724241271307,0.4798454949207694,1.9,0,,54,73,117,127,84,94,-7.706580108181253,0.0,0.9824357217731168,True,0,medium,0.5530794707693413
BraTS-GLI-02344-100,gmm_2d,prediction_component,38,1347,320768.0,7.414485859658938e-06,6.217480845468459e-09,3.0,1,51.96152422706632,0.057735026918962574,0.43788653674076816,1.0,6,,54,84,128,158,92,122,-8.206385544010606,1.9459101490553132,0.7316943376552086,True,0,medium,0.5530794707693413
BraTS-GLI-02344-100,gmm_2d,prediction_component,39,25,9984.0,2.5060120224403912e-05,7.102621534903521e-08,1.7320508075688772,1,8.660254037844387,0.19999999999999996,0.9548683406603533,1.0,0,,55,60,80,85,111,116,-7.14858132620955,0.0,0.999943732308326,True,0,medium,0.5530794707693413
BraTS-GLI-02344-100,gmm_2d,prediction_component,40,25,9984.0,2.5060120224403912e-05,7.102621534903521e-08,1.7320508075688772,1,8.660254037844387,0.19999999999999996,0.9548683406603533,1.0,0,,55,60,112,117,43,48,-7.14858132620955,0.0,0.999943732308326,True,0,medium,0.5530794707693413
BraTS-GLI-02344-100,gmm_2d,prediction_component,41,1761,419328.0,6.485277468951309e-06,4.756740912847758e-09,2.449489742783178,1,67.12674578735364,0.03649051825844133,0.3269781329224642,1.1714285714285715,11,,55,90,127,168,44,84,-8.322690502812772,2.4849066497880004,0.41199528750198827,False,0,medium,0.5530794707693413
BraTS-GLI-02344-100,gmm_2d,prediction_component,42,25,9984.0,2.5060120224403912e-05,7.102621534903521e-08,1.7320508075688772,1,8.660254037844387,0.19999999999999996,0.9548683406603533,1.0,0,,56,61,122,127,93,98,-7.14858132620955,0.0,0.999943732308326,True,0,medium,0.5530794707693413
BraTS-GLI-02344-100,gmm_2d,prediction_component,43,265,78336.0,1.2086589888100842e-05,1.6521898353469686e-08,2.23606797749979,1,26.019223662515376,0.08593907360584258,0.5611762043576084,1.1428571428571428,2,,56,71,138,152,46,62,-7.7819400540452515,1.0986122886681098,0.9779509365005667,True,0,medium,0.5530794707693413
BraTS-GLI-02344-100,gmm_2d,prediction_component,44,92,23808.0,2.5043986242859313e-05,7.093478986868099e-08,1.7320508075688772,1,12.884098726725126,0.13443321448446624,0.6184826978494664,1.5,0,,57,66,91,98,86,92,-7.149140713444822,0.0,0.9994978724017115,True,0,medium,0.5530794707693413
BraTS-GLI-02344-100,gmm_2d,prediction_component,45,2359,567040.0,5.524683423972954e-06,3.4519712310472656e-09,2.449489742783178,1,63.72597586541927,0.03843785378753826,0.2966168701554934,2.3157894736842106,11,,58,100,39,83,80,99,-8.461932832380201,2.4849066497880004,0.28110769717593714,False,0,medium,0.5530794707693413
BraTS-GLI-02344-100,gmm_2d,prediction_component,46,63,20480.0,2.149540444679058e-05,5.225689670950221e-08,1.7320508075688772,1,12.206555615733702,0.14189513095212064,0.7016868116919668,1.3333333333333333,0,,59,66,39,47,89,95,-7.281856384542795,0.0,0.9994423062601899,True,0,medium,0.5530794707693413
BraTS-GLI-02344-100,gmm_2d,prediction_component,47,25,9984.0,2.5060120224403912e-05,7.102621534903521e-08,1.7320508075688772,1,8.660254037844387,0.19999999999999996,0.9548683406603533,1.0,0,,59,64,131,136,137,142,-7.14858132620955,0.0,0.999943732308326,True,0,medium,0.5530794707693413
BraTS-GLI-02344-100,gmm_2d,prediction_component,48,25,9984.0,2.5060120224403912e-05,7.102621534903521e-08,1.7320508075688772,1,8.660254037844387,0.19999999999999996,0.9548683406603533,1.0,0,,60,65,64,69,136,141,-7.14858132620955,0.0,0.999943732308326,True,0,medium,0.5530794707693413
BraTS-GLI-02344-100,gmm_2d,prediction_component,49,25,9984.0,2.5060120224403912e-05,7.102621534903521e-08,1.7320508075688772,1,8.660254037844387,0.19999999999999996,0.9548683406603533,1.0,0,,60,65,90,95,146,151,-7.14858132620955,0.0,0.999943732308326,True,0,medium,0.5530794707693413
BraTS-GLI-02344-100,gmm_2d,prediction_component,50,25,9984.0,2.5060120224403912e-05,7.102621534903521e-08,1.7320508075688772,1,8.660254037844387,0.19999999999999996,0.9548683406603533,1.0,0,,60,65,102,107,59,64,-7.14858132620955,0.0,0.999943732308326,True,0,medium,0.5530794707693413
BraTS-GLI-02344-100,gmm_2d,prediction_component,51,72,21248.0,2.3246384128087656e-05,6.111716395094635e-08,1.7320508075688772,1,12.206555615733702,0.14189513095212064,0.6711392913128504,1.3333333333333333,0,,60,68,148,155,118,124,-7.213836806739812,0.0,0.9995235717593183,True,0,medium,0.5530794707693413
BraTS-GLI-02344-100,gmm_2d,prediction_component,52,25,9984.0,2.5060120224403912e-05,7.102621534903521e-08,1.7320508075688772,1,8.660254037844387,0.19999999999999996,0.9548683406603533,1.0,0,,61,66,63,68,40,45,-7.14858132620955,0.0,0.999943732308326,True,0,medium,0.5530794707693413
BraTS-GLI-02344-100,gmm_2d,prediction_component,53,291,58368.0,2.0636249523814832e-05,4.816304257002376e-08,2.449489742783178,1,19.209372712298546,0.12751534261266764,0.5958553347300528,1.3,1,,61,74,108,118,82,92,-7.3172860855036745,0.6931471805599453,0.9985110048731893,True,0,medium,0.5530794707693413
BraTS-GLI-02344-100,gmm_2d,prediction_component,54,38,13824.0,2.3379381024587062e-05,6.181848980958109e-08,1.7320508075688772,1,9.848857801796104,0.17586311452816475,0.8304795924748166,1.2,0,,61,67,114,120,145,150,-7.2088816087094125,0.0,0.9998420452008846,True,0,medium,0.5530794707693413
BraTS-GLI-02344-100,gmm_2d,prediction_component,55,38,12544.0,2.7047649416909622e-05,8.273922157753891e-08,1.7320508075688772,1,9.273618495495704,0.18677184190940707,0.8304795924748166,1.2,0,,63,68,95,101,147,152,-7.082288569326049,0.0,0.9999183504971614,True,0,medium,0.5530794707693413
BraTS-GLI-02344-100,gmm_2d,prediction_component,56,38,12544.0,2.7047649416909622e-05,8.273922157753891e-08,1.7320508075688772,1,9.273618495495704,0.18677184190940707,0.8304795924748166,1.2,0,,64,70,60,65,135,140,-7.082288569326049,0.0,0.9999183504971614,True,0,medium,0.5530794707693413
BraTS-GLI-02344-100,gmm_2d,prediction_component,57,25,9984.0,2.5060120224403912e-05,7.102621534903521e-08,1.7320508075688772,1,8.660254037844387,0.19999999999999996,0.9548683406603533,1.0,0,,65,70,66,71,129,134,-7.14858132620955,0.0,0.999943732308326,True,0,medium,0.5530794707693413
BraTS-GLI-02344-100,gmm_2d,prediction_component,58,110,31744.0,1.9449131354493407e-05,4.278118326533347e-08,2.23606797749979,1,16.0312195418814,0.13948208816291766,0.7522871499249434,1.7142857142857142,1,,65,72,76,84,66,78,-7.3687472076443825,0.6931471805599453,0.999103190475847,True,0,medium,0.5530794707693413
BraTS-GLI-02344-100,gmm_2d,prediction_component,59,2806,592384.0,6.154357024678392e-06,4.283687165004344e-09,2.8284271247461903,1,67.06713054842886,0.04217307497155848,0.32325504210888245,1.1388888888888888,12,,68,104,79,120,84,123,-8.368182252936638,2.5649493574615367,0.3842871769184522,False,0,medium,0.5530794707693413
BraTS-GLI-02344-100,gmm_2d,prediction_component,60,1665,336384.0,8.534169063003782e-06,8.237109845654012e-09,2.8284271247461903,1,56.098128311023,0.050419277967076466,0.3846831089732372,1.1290322580645162,4,,68,99,76,107,53,88,-8.084225142460737,1.6094379124341003,0.785334753657315,True,0,medium,0.5530794707693413
BraTS-GLI-02344-100,gmm_2d,prediction_component,61,215,49408.0,1.957683806404951e-05,4.3344846603759783e-08,2.23606797749979,1,16.431676725154983,0.13608276348795434,0.6016838925245199,1.5714285714285714,2,,68,75,103,114,61,71,-7.363062529666238,1.0986122886681098,0.9982468045319888,True,0,medium,0.5530794707693413
BraTS-GLI-02344-100,gmm_2d,prediction_component,62,25,9984.0,2.5060120224403912e-05,7.102621534903521e-08,1.7320508075688772,1,8.660254037844387,0.19999999999999996,0.9548683406603533,1.0,0,,68,73,124,129,74,79,-7.14858132620955,0.0,0.999943732308326,True,0,medium,0.5530794707693413
BraTS-GLI-02344-100,gmm_2d,prediction_component,63,50,19968.0,1.772018094802615e-05,3.551310767451761e-08,1.7320508075688772,1,12.36931687685298,0.14002800840280097,0.757879504227687,1.5,0,,69,75,95,101,73,82,-7.449611321873531,0.0,0.9990979709939792,True,0,medium,0.5530794707693413
BraTS-GLI-02344-100,gmm_2d,prediction_component,64,71,22272.0,2.1360898766804574e-05,5.160495659578642e-08,1.7320508075688772,1,12.727922061357855,0.13608276348795434,0.6742755017744779,1.1428571428571428,0,,69,77,146,153,129,136,-7.287308582891833,0.0,0.999314382339794,True,0,medium,0.5530794707693413
BraTS-GLI-02344-100,gmm_2d,prediction_component,65,38,13824.0,2.3379381024587062e-05,6.181848980958109e-08,1.7320508075688772,1,9.848857801796104,0.17586311452816475,0.8304795924748166,1.2,0,,70,76,42,47,116,122,-7.2088816087094125,0.0,0.9998420452008846,True,0,medium,0.5530794707693413
BraTS-GLI-02344-100,gmm_2d,prediction_component,66,71,22016.0,2.173455355606186e-05,5.342614287609133e-08,1.7320508075688772,1,12.206555615733702,0.14189513095212064,0.6742755017744779,1.3333333333333333,0,,70,77,94,100,100,108,-7.272246178766681,0.0,0.9994132398983201,True,0,medium,0.5530794707693413
BraTS-GLI-02344-100,gmm_2d,prediction_component,67,25,9984.0,2.5060120224403912e-05,7.102621534903521e-08,1.7320508075688772,1,8.660254037844387,0.19999999999999996,0.9548683406603533,1.0,0,,71,76,80,85,145,150,-7.14858132620955,0.0,0.999943732308326,True,0,medium,0.5530794707693413
BraTS-GLI-02344-100,gmm_2d,prediction_component,68,25,9984.0,2.5060120224403912e-05,7.102621534903521e-08,1.7320508075688772,1,8.660254037844387,0.19999999999999996,0.9548683406603533,1.0,0,,71,76,101,106,108,113,-7.14858132620955,0.0,0.999943732308326,True,0,medium,0.5530794707693413
BraTS-GLI-02344-100,gmm_2d,prediction_component,69,50,15360.0,2.6265349298824172e-05,7.802229756091518e-08,1.7320508075688772,1,10.392304845413264,0.16666666666666666,0.757879504227687,1.0,0,,71,77,106,112,77,83,-7.1077812649530205,0.0,0.9998405699403834,True,0,medium,0.5530794707693413
BraTS-GLI-02344-100,gmm_2d,prediction_component,70,25,9984.0,2.5060120224403912e-05,7.102621534903521e-08,1.7320508075688772,1,8.660254037844387,0.19999999999999996,0.9548683406603533,1.0,0,,71,76,125,130,87,92,-7.14858132620955,0.0,0.999943732308326,True,0,medium,0.5530794707693413
BraTS-GLI-02344-100,gmm_2d,prediction_component,71,25,9984.0,2.5060120224403912e-05,7.102621534903521e-08,1.7320508075688772,1,8.660254037844387,0.19999999999999996,0.9548683406603533,1.0,0,,71,76,137,142,83,88,-7.14858132620955,0.0,0.999943732308326,True,0,medium,0.5530794707693413
BraTS-GLI-02344-100,gmm_2d,prediction_component,72,88,28160.0,1.8622316196202975e-05,3.9221099690257875e-08,2.23606797749979,1,13.74772708486752,0.16265001215808886,0.8103767663317574,2.0,1,,72,80,37,42,98,108,-7.406480233648465,0.6931471805599453,0.9994218976682906,True,0,medium,0.5530794707693413
BraTS-GLI-02344-100,gmm_2d,prediction_component,73,25,9984.0,2.5060120224403912e-05,7.102621534903521e-08,1.7320508075688772,1,8.660254037844387,0.19999999999999996,0.9548683406603533,1.0,0,,72,77,40,45,112,117,-7.14858132620955,0.0,0.999943732308326,True,0,medium,0.5530794707693413
BraTS-GLI-02344-100,gmm_2d,prediction_component,74,51,16384.0,2.4318695068359375e-05,6.688564319836902e-08,1.7320508075688772,1,10.488088481701515,0.1651445647689541,0.7528933105024771,1.4,0,,72,78,118,123,99,106,-7.1746670922299165,0.0,0.9997865484491313,True,0,medium,0.5530794707693413
BraTS-GLI-02344-100,gmm_2d,prediction_component,75,25,9984.0,2.5060120224403912e-05,7.102621534903521e-08,1.7320508075688772,1,8.660254037844387,0.19999999999999996,0.9548683406603533,1.0,0,,73,78,68,73,100,105,-7.14858132620955,0.0,0.999943732308326,True,0,medium,0.5530794707693413
BraTS-GLI-02344-100,gmm_2d,prediction_component,76,25,9984.0,2.5060120224403912e-05,7.102621534903521e-08,1.7320508075688772,1,8.660254037844387,0.19999999999999996,0.9548683406603533,1.0,0,,73,78,77,82,136,141,-7.14858132620955,0.0,0.999943732308326,True,0,medium,0.5530794707693413
BraTS-GLI-02344-100,gmm_2d,prediction_component,77,25,9984.0,2.5060120224403912e-05,7.102621534903521e-08,1.7320508075688772,1,8.660254037844387,0.19999999999999996,0.9548683406603533,1.0,0,,73,78,79,84,130,135,-7.14858132620955,0.0,0.999943732308326,True,0,medium,0.5530794707693413
BraTS-GLI-02344-100,gmm_2d,prediction_component,78,25,9984.0,2.5060120224403912e-05,7.102621534903521e-08,1.7320508075688772,1,8.660254037844387,0.19999999999999996,0.9548683406603533,1.0,0,,73,78,87,92,82,87,-7.14858132620955,0.0,0.999943732308326,True,0,medium,0.5530794707693413
BraTS-GLI-02344-100,gmm_2d,prediction_component,79,25,9984.0,2.5060120224403912e-05,7.102621534903521e-08,1.7320508075688772,1,8.660254037844387,0.19999999999999996,0.9548683406603533,1.0,0,,73,78,146,151,51,56,-7.14858132620955,0.0,0.999943732308326,True,0,medium,0.5530794707693413
BraTS-GLI-02344-100,gmm_2d,prediction_component,80,48,18432.0,1.918149905562466e-05,4.1611892032488095e-08,1.7320508075688772,1,11.180339887498949,0.15491933384829665,0.7682627055029695,1.6,0,,74,79,39,45,60,68,-7.380782537016758,0.0,0.9994768016451338,True,0,medium,0.5530794707693413
BraTS-GLI-02344-100,gmm_2d,prediction_component,81,25,9984.0,2.5060120224403912e-05,7.102621534903521e-08,1.7320508075688772,1,8.660254037844387,0.19999999999999996,0.9548683406603533,1.0,0,,74,79,109,114,124,129,-7.14858132620955,0.0,0.999943732308326,True,0,medium,0.5530794707693413
BraTS-GLI-02344-100,gmm_2d,prediction_component,82,25,9984.0,2.5060120224403912e-05,7.102621534903521e-08,1.7320508075688772,1,8.660254037844387,0.19999999999999996,0.9548683406603533,1.0,0,,75,80,36,41,77,82,-7.14858132620955,0.0,0.999943732308326,True,0,medium,0.5530794707693413
BraTS-GLI-02344-100,gmm_2d,prediction_component,83,264,71168.0,1.390518544067152e-05,2.186784281340722e-08,2.23606797749979,1,23.08679276123039,0.09685485552825747,0.5618838674079338,1.7,1,,75,87,123,133,101,118,-7.660194056488694,0.6931471805599453,0.9899887144789278,True,0,medium,0.5530794707693413
BraTS-GLI-02344-100,gmm_2d,prediction_component,84,48,18432.0,1.918149905562466e-05,4.1611892032488095e-08,1.7320508075688772,1,11.180339887498949,0.15491933384829665,0.7682627055029695,1.6,0,,75,80,153,159,80,88,-7.380782537016758,0.0,0.9994768016451338,True,0,medium,0.5530794707693413
BraTS-GLI-02344-100,gmm_2d,prediction_component,85,25,9984.0,2.5060120224403912e-05,7.102621534903521e-08,1.7320508075688772,1,8.660254037844387,0.19999999999999996,0.9548683406603533,1.0,0,,76,81,66,71,140,145,-7.14858132620955,0.0,0.999943732308326,True,0,medium,0.5530794707693413
BraTS-GLI-02344-100,gmm_2d,prediction_component,86,25,9984.0,2.5060120224403912e-05,7.102621534903521e-08,1.7320508075688772,1,8.660254037844387,0.19999999999999996,0.9548683406603533,1.0,0,,76,81,84,89,145,150,-7.14858132620955,0.0,0.999943732308326,True,0,medium,0.5530794707693413
BraTS-GLI-02344-100,gmm_2d,prediction_component,87,107,34816.0,1.6470829333360063e-05,3.068197472130417e-08,1.7320508075688772,1,16.73320053068151,0.10350983390135313,0.5881149750574316,2.0,0,,76,88,110,120,125,131,-7.513116692214361,0.0,0.9963527353300986,True,0,medium,0.5530794707693413
BraTS-GLI-02344-100,gmm_2d,prediction_component,88,82,29184.0,1.644737624847924e-05,3.0594659792949044e-08,1.7320508075688772,1,14.866068747318506,0.1165103456070926,0.6426663285123421,1.8333333333333333,0,,76,87,134,142,38,44,-7.514354371716112,0.0,0.9975291165692258,True,0,medium,0.5530794707693413
BraTS-GLI-02344-100,gmm_2d,prediction_component,89,84,24576.0,2.1802810922600105e-05,5.376223941306811e-08,1.7320508075688772,1,13.379088160259652,0.1294595556006309,0.6375247776221004,1.2857142857142858,0,,76,83,139,148,135,142,-7.26952264946907,0.0,0.9991929284988594,True,0,medium,0.5530794707693413
BraTS-GLI-02344-100,gmm_2d,prediction_component,90,101,27904.0,2.166814229307095e-05,5.3100147966564916e-08,1.7320508075688772,1,15.0996688705415,0.11470786693528087,0.5995375274776799,1.25,0,,77,85,138,146,120,130,-7.2749042687307135,0.0,0.9988050016655083,True,0,medium,0.5530794707693413
BraTS-GLI-02344-100,gmm_2d,prediction_component,91,25,9984.0,2.5060120224403912e-05,7.102621534903521e-08,1.7320508075688772,1,8.660254037844387,0.19999999999999996,0.9548683406603533,1.0,0,,78,83,103,108,123,128,-7.14858132620955,0.0,0.999943732308326,True,0,medium,0.5530794707693413
BraTS-GLI-02344-100,gmm_2d,prediction_component,92,25,9984.0,2.5060120224403912e-05,7.102621534903521e-08,1.7320508075688772,1,8.660254037844387,0.19999999999999996,0.9548683406603533,1.0,0,,78,83,139,144,112,117,-7.14858132620955,0.0,0.999943732308326,True,0,medium,0.5530794707693413
BraTS-GLI-02344-100,gmm_2d,prediction_component,93,38,12544.0,2.7047649416909622e-05,8.273922157753891e-08,1.7320508075688772,1,9.273618495495704,0.18677184190940707,0.8304795924748166,1.2,0,,78,83,158,164,87,92,-7.082288569326049,0.0,0.9999183504971614,True,0,medium,0.5530794707693413
BraTS-GLI-02344-100,gmm_2d,prediction_component,94,110,31232.0,1.9929343431170433e-05,4.4919856046366856e-08,2.23606797749979,1,14.730919862656235,0.1517941851797291,0.7522871499249434,1.6666666666666667,1,,79,88,102,112,48,54,-7.347561644181922,0.6931471805599453,0.9993287700906466,True,0,medium,0.5530794707693413
BraTS-GLI-02344-100,gmm_2d,prediction_component,95,90,24576.0,2.3360154559928685e-05,6.171685646908329e-08,1.7320508075688772,1,13.45362404707371,0.12874232262686236,0.623030528071304,1.5,0,,79,88,137,143,55,63,-7.2095962027141836,0.0,0.999316188520089,True,0,medium,0.5530794707693413
BraTS-GLI-02344-100,gmm_2d,prediction_component,96,25,9984.0,2.5060120224403912e-05,7.102621534903521e-08,1.7320508075688772,1,8.660254037844387,0.19999999999999996,0.9548683406603533,1.0,0,,81,86,37,42,75,80,-7.14858132620955,0.0,0.999943732308326,True,0,medium,0.5530794707693413
BraTS-GLI-02344-100,gmm_2d,prediction_component,97,25,9984.0,2.5060120224403912e-05,7.102621534903521e-08,1.7320508075688772,1,8.660254037844387,0.19999999999999996,0.9548683406603533,1.0,0,,81,86,38,43,109,114,-7.14858132620955,0.0,0.999943732308326,True,0,medium,0.5530794707693413
BraTS-GLI-02344-100,gmm_2d,prediction_component,98,25,9984.0,2.5060120224403912e-05,7.102621534903521e-08,1.7320508075688772,1,8.660254037844387,0.19999999999999996,0.9548683406603533,1.0,0,,81,86,65,70,34,39,-7.14858132620955,0.0,0.999943732308326,True,0,medium,0.5530794707693413
BraTS-GLI-02344-100,gmm_2d,prediction_component,99,184,51712.0,1.5646990571624298e-05,2.768942996968975e-08,1.7320508075688772,1,21.470910553583888,0.08066964851100673,0.49089004259518654,1.2727272727272727,0,,81,93,85,96,128,142,-7.557685984794926,0.0,0.9913782600144245,True,0,medium,0.5530794707693413
BraTS-GLI-02344-100,gmm_2d,prediction_component,100,48,17664.0,2.0445966896360257e-05,4.7278934450325915e-08,1.7320508075688772,1,10.677078252031311,0.16222142113076252,0.7682627055029695,1.6,0,,82,90,139,144,89,94,-7.325332319934719,0.0,0.999624659683085,True,0,medium,0.5530794707693413
BraTS-GLI-02344-100,gmm_2d,prediction_component,101,25,9984.0,2.5060120224403912e-05,7.102621534903521e-08,1.7320508075688772,1,8.660254037844387,0.19999999999999996,0.9548683406603533,1.0,0,,83,88,158,163,106,111,-7.14858132620955,0.0,0.999943732308326,True,0,medium,0.5530794707693413
BraTS-GLI-02344-100,gmm_2d,prediction_component,102,59,17408.0,2.568790548372811e-05,7.462936780844428e-08,1.7320508075688772,1,11.0,0.15745916432444337,0.71719869927557,1.1666666666666667,0,,83,89,165,171,85,92,-7.127090237308548,0.0,0.9997718301685804,True,0,medium,0.5530794707693413
BraTS-GLI-02344-100,gmm_2d,prediction_component,103,25,9984.0,2.5060120224403912e-05,7.102621534903521e-08,1.7320508075688772,1,8.660254037844387,0.19999999999999996,0.9548683406603533,1.0,0,,84,89,51,56,80,85,-7.14858132620955,0.0,0.999943732308326,True,0,medium,0.5530794707693413
BraTS-GLI-02344-100,gmm_2d,prediction_component,104,59,18176.0,2.4077120183702874e-05,6.556339810384356e-08,1.7320508075688772,1,11.180339887498949,0.15491933384829665,0.71719869927557,1.6,0,,84,92,88,94,147,152,-7.183338545347065,0.0,0.9997059469850754,True,0,medium,0.5530794707693413
BraTS-GLI-02344-100,gmm_2d,prediction_component,105,46,15616.0,2.357236358908017e-05,6.284324984734695e-08,1.7320508075688772,1,10.488088481701515,0.1651445647689541,0.7792393700163133,1.4,0,,84,90,155,160,111,118,-7.20174136414328,0.0,0.9997827120276648,True,0,medium,0.5530794707693413
BraTS-GLI-02344-100,gmm_2d,prediction_component,106,142,40192.0,1.762296252898623e-05,3.5124504716998784e-08,2.23606797749979,1,18.384776310850235,0.12162606385262999,0.6909051402721096,2.6,2,,85,97,87,92,51,64,-7.454389790935716,1.0986122886681098,0.9976195664799365,True,0,medium,0.5530794707693413
BraTS-GLI-02344-100,gmm_2d,prediction_component,107,38,13824.0,2.3379381024587062e-05,6.181848980958109e-08,1.7320508075688772,1,9.848857801796104,0.17586311452816475,0.8304795924748166,1.2,0,,85,91,114,120,143,148,-7.2088816087094125,0.0,0.9998420452008846,True,0,medium,0.5530794707693413
BraTS-GLI-02344-100,gmm_2d,prediction_component,108,93,34560.0,1.4475125835796432e-05,2.3697201921908775e-08,1.7320508075688772,1,17.69180601295413,0.09790129997472563,0.6162579207174524,2.3333333333333335,0,,85,99,116,125,128,134,-7.625302930851276,0.0,0.9944247820076203,True,0,medium,0.5530794707693413
BraTS-GLI-02344-100,gmm_2d,prediction_component,109,25,9984.0,2.5060120224403912e-05,7.102621534903521e-08,1.7320508075688772,1,8.660254037844387,0.19999999999999996,0.9548683406603533,1.0,0,,85,90,132,137,51,56,-7.14858132620955,0.0,0.999943732308326,True,0,medium,0.5530794707693413
BraTS-GLI-02344-100,gmm_2d,prediction_component,110,50,18688.0,1.95715745391646e-05,4.332154192016719e-08,1.7320508075688772,1,11.74734012447073,0.14744195615489714,0.757879504227687,1.6,0,,85,90,153,160,120,128,-7.3632960941634575,0.0,0.9994244023643076,True,0,medium,0.5530794707693413
BraTS-GLI-02344-100,gmm_2d,prediction_component,111,25,9984.0,2.5060120224403912e-05,7.102621534903521e-08,1.7320508075688772,1,8.660254037844387,0.19999999999999996,0.9548683406603533,1.0,0,,86,91,44,49,52,57,-7.14858132620955,0.0,0.999943732308326,True,0,medium,0.5530794707693413
BraTS-GLI-02344-100,gmm_2d,prediction_component,112,25,9984.0,2.5060120224403912e-05,7.102621534903521e-08,1.7320508075688772,1,8.660254037844387,0.19999999999999996,0.9548683406603533,1.0,0,,86,91,51,56,42,47,-7.14858132620955,0.0,0.999943732308326,True,0,medium,0.5530794707693413
BraTS-GLI-02344-100,gmm_2d,prediction_component,113,25,9984.0,2.5060120224403912e-05,7.102621534903521e-08,1.7320508075688772,1,8.660254037844387,0.19999999999999996,0.9548683406603533,1.0,0,,86,91,92,97,45,50,-7.14858132620955,0.0,0.999943732308326,True,0,medium,0.5530794707693413
BraTS-GLI-02344-100,gmm_2d,prediction_component,114,86,25088.0,2.164209951757068e-05,5.297258334379136e-08,1.7320508075688772,1,13.30413469565007,0.13018891098082386,0.6325439118228858,1.1428571428571428,0,,86,94,97,104,36,44,-7.275948847064477,0.0,0.9991706100632645,True,0,medium,0.5530794707693413
BraTS-GLI-02344-100,gmm_2d,prediction_component,115,25,9984.0,2.5060120224403912e-05,7.102621534903521e-08,1.7320508075688772,1,8.660254037844387,0.19999999999999996,0.9548683406603533,1.0,0,,86,91,98,103,54,59,-7.14858132620955,0.0,0.999943732308326,True,0,medium,0.5530794707693413
BraTS-GLI-02344-100,gmm_2d,prediction_component,116,25,9984.0,2.5060120224403912e-05,7.102621534903521e-08,1.7320508075688772,1,8.660254037844387,0.19999999999999996,0.9548683406603533,1.0,0,,86,91,99,104,123,128,-7.14858132620955,0.0,0.999943732308326,True,0,medium,0.5530794707693413
BraTS-GLI-02344-100,gmm_2d,prediction_component,117,132,37120.0,1.845703687482098e-05,3.8527988288949854e-08,2.23606797749979,1,15.297058540778355,0.14617633655117154,0.7079293121435957,1.5714285714285714,1,,87,94,90,98,117,128,-7.414223666767352,0.6931471805599453,0.9989094463313748,True,0,medium,0.5530794707693413
BraTS-GLI-02344-100,gmm_2d,prediction_component,118,25,9984.0,2.5060120224403912e-05,7.102621534903521e-08,1.7320508075688772,1,8.660254037844387,0.19999999999999996,0.9548683406603533,1.0,0,,87,92,130,135,62,67,-7.14858132620955,0.0,0.999943732308326,True,0,medium,0.5530794707693413
BraTS-GLI-02344-100,gmm_2d,prediction_component,119,25,9984.0,2.5060120224403912e-05,7.102621534903521e-08,1.7320508075688772,1,8.660254037844387,0.19999999999999996,0.9548683406603533,1.0,0,,88,93,38,43,99,104,-7.14858132620955,0.0,0.999943732308326,True,0,medium,0.5530794707693413
BraTS-GLI-02344-100,gmm_2d,prediction_component,120,38,13824.0,2.3379381024587062e-05,6.181848980958109e-08,1.7320508075688772,1,9.848857801796104,0.17586311452816475,0.8304795924748166,1.2,0,,88,93,81,87,143,149,-7.2088816087094125,0.0,0.9998420452008846,True,0,medium,0.5530794707693413
BraTS-GLI-02344-100,gmm_2d,prediction_component,121,183,56832.0,1.3507086468029285e-05,2.0633634517343402e-08,1.7320508075688772,1,20.71231517720798,0.08362420100070907,0.49178257191058355,1.75,0,,88,102,116,129,138,146,-7.685424266365184,0.0,0.9868840450286555,True,0,medium,0.5530794707693413
BraTS-GLI-02344-100,gmm_2d,prediction_component,122,25,9984.0,2.5060120224403912e-05,7.102621534903521e-08,1.7320508075688772,1,8.660254037844387,0.19999999999999996,0.9548683406603533,1.0,0,,88,93,164,169,65,70,-7.14858132620955,0.0,0.999943732308326,True,0,medium,0.5530794707693413
BraTS-GLI-02344-100,gmm_2d,prediction_component,123,38,13824.0,2.3379381024587062e-05,6.181848980958109e-08,1.7320508075688772,1,9.848857801796104,0.17586311452816475,0.8304795924748166,1.2,0,,88,94,175,181,81,86,-7.2088816087094125,0.0,0.9998420452008846,True,0,medium,0.5530794707693413
BraTS-GLI-02344-100,gmm_2d,prediction_component,124,25,9984.0,2.5060120224403912e-05,7.102621534903521e-08,1.7320508075688772,1,8.660254037844387,0.19999999999999996,0.9548683406603533,1.0,0,,89,94,58,63,138,143,-7.14858132620955,0.0,0.999943732308326,True,0,medium,0.5530794707693413
BraTS-GLI-02344-100,gmm_2d,prediction_component,125,150,43264.0,1.6668681725079654e-05,3.1423523586373335e-08,1.7320508075688772,1,18.81488772222678,0.09205746178983233,0.5254842988555363,1.625,0,,89,100,103,111,128,141,-7.502745118203785,0.0,0.9948037861661883,True,0,medium,0.5530794707693413
BraTS-GLI-02344-100,gmm_2d,prediction_component,126,25,9984.0,2.5060120224403912e-05,7.102621534903521e-08,1.7320508075688772,1,8.660254037844387,0.19999999999999996,0.9548683406603533,1.0,0,,90,95,95,100,55,60,-7.14858132620955,0.0,0.999943732308326,True,0,medium,0.5530794707693413
BraTS-GLI-02344-100,gmm_2d,prediction_component,127,47,14592.0,2.6664020003279646e-05,8.040880842667987e-08,1.7320508075688772,1,9.848857801796104,0.17586311452816475,0.7736731845058752,1.2,0,,90,96,100,106,145,150,-7.094696373620167,0.0,0.9998766147113484,True,0,medium,0.5530794707693413
BraTS-GLI-02344-100,gmm_2d,prediction_component,128,25,9984.0,2.5060120224403912e-05,7.102621534903521e-08,1.7320508075688772,1,8.660254037844387,0.19999999999999996,0.9548683406603533,1.0,0,,92,97,39,44,63,68,-7.14858132620955,0.0,0.999943732308326,True,0,medium,0.5530794707693413
BraTS-GLI-02344-100,gmm_2d,prediction_component,129,25,9984.0,2.5060120224403912e-05,7.102621534903521e-08,1.7320508075688772,1,8.660254037844387,0.19999999999999996,0.9548683406603533,1.0,0,,92,97,141,146,87,92,-7.14858132620955,0.0,0.999943732308326,True,0,medium,0.5530794707693413
BraTS-GLI-02344-100,gmm_2d,prediction_component,130,25,9984.0,2.5060120224403912e-05,7.102621534903521e-08,1.7320508075688772,1,8.660254037844387,0.19999999999999996,0.9548683406603533,1.0,0,,93,98,92,97,45,50,-7.14858132620955,0.0,0.999943732308326,True,0,medium,0.5530794707693413
BraTS-GLI-02344-100,gmm_2d,prediction_component,131,38,12544.0,2.7047649416909622e-05,8.273922157753891e-08,1.7320508075688772,1,9.273618495495704,0.18677184190940707,0.8304795924748166,1.2,0,,93,98,116,122,96,101,-7.082288569326049,0.0,0.9999183504971614,True,0,medium,0.5530794707693413
BraTS-GLI-02344-100,gmm_2d,prediction_component,132,314,80384.0,1.3777652538649909e-05,2.1468555761984304e-08,2.449489742783178,1,28.39013913315678,0.08627959628145761,0.5809364309664056,1.7272727272727273,2,,93,112,153,171,82,93,-7.668197170547343,1.0986122886681098,0.9864233531202206,True,0,medium,0.5530794707693413
BraTS-GLI-02344-100,gmm_2d,prediction_component,133,25,9984.0,2.5060120224403912e-05,7.102621534903521e-08,1.7320508075688772,1,8.660254037844387,0.19999999999999996,0.9548683406603533,1.0,0,,94,99,39,44,99,104,-7.14858132620955,0.0,0.999943732308326,True,0,medium,0.5530794707693413
BraTS-GLI-02344-100,gmm_2d,prediction_component,134,59,19456.0,2.1740607489918187e-05,5.3455909614067176e-08,1.7320508075688772,1,11.74734012447073,0.14744195615489714,0.71719869927557,1.6,0,,94,101,120,128,46,51,-7.272004276032213,0.0,0.9995345404721474,True,0,medium,0.5530794707693413
BraTS-GLI-02344-100,gmm_2d,prediction_component,135,25,9984.0,2.5060120224403912e-05,7.102621534903521e-08,1.7320508075688772,1,8.660254037844387,0.19999999999999996,0.9548683406603533,1.0,0,,95,100,87,92,53,58,-7.14858132620955,0.0,0.999943732308326,True,0,medium,0.5530794707693413
BraTS-GLI-02344-100,gmm_2d,prediction_component,136,51,16384.0,2.4318695068359375e-05,6.688564319836902e-08,1.7320508075688772,1,10.488088481701515,0.1651445647689541,0.7528933105024771,1.4,0,,95,102,111,117,122,127,-7.1746670922299165,0.0,0.9997865484491313,True,0,medium,0.5530794707693413
BraTS-GLI-02344-100,gmm_2d,prediction_component,137,269,66048.0,1.5847573442051774e-05,2.8403896380471574e-08,2.23606797749979,1,23.853720883753127,0.09374084606744877,0.5583807597199564,2.375,1,,96,108,47,66,89,97,-7.546622080359002,0.6931471805599453,0.9929951315540809,True,0,medium,0.5530794707693413
BraTS-GLI-02344-100,gmm_2d,prediction_component,138,25,9984.0,2.5060120224403912e-05,7.102621534903521e-08,1.7320508075688772,1,8.660254037844387,0.19999999999999996,0.9548683406603533,1.0,0,,96,101,169,174,113,118,-7.14858132620955,0.0,0.999943732308326,True,0,medium,0.5530794707693413
BraTS-GLI-02344-100,gmm_2d,prediction_component,139,25,9984.0,2.5060120224403912e-05,7.102621534903521e-08,1.7320508075688772,1,8.660254037844387,0.19999999999999996,0.9548683406603533,1.0,0,,97,102,41,46,108,113,-7.14858132620955,0.0,0.999943732308326,True,0,medium,0.5530794707693413
BraTS-GLI-02344-100,gmm_2d,prediction_component,140,2078,484096.0,6.169476324959133e-06,4.304760335596834e-09,2.8284271247461903,1,66.37770710110436,0.0426111001459876,0.3572942404919125,2.7222222222222223,12,,97,146,75,116,82,100,-8.36605102256693,2.5649493574615367,0.41382151104560205,False,0,medium,0.5530794707693413
BraTS-GLI-02344-100,gmm_2d,prediction_component,141,75,29952.0,1.4468467157483984e-05,2.367540511634507e-08,1.7320508075688772,1,16.673332000533065,0.10388150415966656,0.6620687295173385,1.8333333333333333,0,,97,108,104,115,74,80,-7.625702580929213,0.0,0.995634751894725,True,0,medium,0.5530794707693413
BraTS-GLI-02344-100,gmm_2d,prediction_component,142,25,9984.0,2.5060120224403912e-05,7.102621534903521e-08,1.7320508075688772,1,8.660254037844387,0.19999999999999996,0.9548683406603533,1.0,0,,97,102,133,138,49,54,-7.14858132620955,0.0,0.999943732308326,True,0,medium,0.5530794707693413
BraTS-GLI-02344-100,gmm_2d,prediction_component,143,25,9984.0,2.5060120224403912e-05,7.102621534903521e-08,1.7320508075688772,1,8.660254037844387,0.19999999999999996,0.9548683406603533,1.0,0,,97,102,136,141,36,41,-7.14858132620955,0.0,0.999943732308326,True,0,medium,0.5530794707693413
BraTS-GLI-02344-100,gmm_2d,prediction_component,144,25,9984.0,2.5060120224403912e-05,7.102621534903521e-08,1.7320508075688772,1,8.660254037844387,0.19999999999999996,0.9548683406603533,1.0,0,,98,103,114,119,51,56,-7.14858132620955,0.0,0.999943732308326,True,0,medium,0.5530794707693413
BraTS-GLI-02344-100,gmm_2d,prediction_component,145,25,9984.0,2.5060120224403912e-05,7.102621534903521e-08,1.7320508075688772,1,8.660254037844387,0.19999999999999996,0.9548683406603533,1.0,0,,99,104,107,112,99,104,-7.14858132620955,0.0,0.999943732308326,True,0,medium,0.5530794707693413
BraTS-GLI-02344-100,gmm_2d,prediction_component,146,25,9984.0,2.5060120224403912e-05,7.102621534903521e-08,1.7320508075688772,1,8.660254037844387,0.19999999999999996,0.9548683406603533,1.0,0,,99,104,173,178,111,116,-7.14858132620955,0.0,0.999943732308326,True,0,medium,0.5530794707693413
BraTS-GLI-02344-100,gmm_2d,prediction_component,147,25,9984.0,2.5060120224403912e-05,7.102621534903521e-08,1.7320508075688772,1,8.660254037844387,0.19999999999999996,0.9548683406603533,1.0,0,,100,105,97,102,104,109,-7.14858132620955,0.0,0.999943732308326,True,0,medium,0.5530794707693413
BraTS-GLI-02344-100,gmm_2d,prediction_component,148,25,9984.0,2.5060120224403912e-05,7.102621534903521e-08,1.7320508075688772,1,8.660254037844387,0.19999999999999996,0.9548683406603533,1.0,0,,100,105,114,119,97,102,-7.14858132620955,0.0,0.999943732308326,True,0,medium,0.5530794707693413
BraTS-GLI-02344-100,gmm_2d,prediction_component,149,25,9984.0,2.5060120224403912e-05,7.102621534903521e-08,1.7320508075688772,1,8.660254037844387,0.19999999999999996,0.9548683406603533,1.0,0,,100,105,117,122,48,53,-7.14858132620955,0.0,0.999943732308326,True,0,medium,0.5530794707693413
BraTS-GLI-02344-100,gmm_2d,prediction_component,150,25,9984.0,2.5060120224403912e-05,7.102621534903521e-08,1.7320508075688772,1,8.660254037844387,0.19999999999999996,0.9548683406603533,1.0,0,,100,105,132,137,118,123,-7.14858132620955,0.0,0.999943732308326,True,0,medium,0.5530794707693413
BraTS-GLI-02344-100,gmm_2d,prediction_component,151,307,90624.0,1.1253135142180142e-05,1.4321860604674665e-08,2.23606797749979,1,27.367864366808018,0.08170414569182506,0.5343203891737887,2.0,1,,101,123,169,181,85,96,-7.844000557597118,0.6931471805599453,0.972355889025785,True,0,medium,0.5530794707693413
BraTS-GLI-02344-100,gmm_2d,prediction_component,152,38,12544.0,2.7047649416909622e-05,8.273922157753891e-08,1.7320508075688772,1,9.273618495495704,0.18677184190940707,0.8304795924748166,1.2,0,,102,107,97,103,146,151,-7.082288569326049,0.0,0.9999183504971614,True,0,medium,0.5530794707693413
BraTS-GLI-02344-100,gmm_2d,prediction_component,153,38,13824.0,2.3379381024587062e-05,6.181848980958109e-08,1.7320508075688772,1,9.848857801796104,0.17586311452816475,0.8304795924748166,1.2,0,,102,108,149,154,84,90,-7.2088816087094125,0.0,0.9998420452008846,True,0,medium,0.5530794707693413
BraTS-GLI-02344-100,gmm_2d,prediction_component,154,25,9984.0,2.5060120224403912e-05,7.102621534903521e-08,1.7320508075688772,1,8.660254037844387,0.19999999999999996,0.9548683406603533,1.0,0,,104,109,42,47,104,109,-7.14858132620955,0.0,0.999943732308326,True,0,medium,0.5530794707693413
BraTS-GLI-02344-100,gmm_2d,prediction_component,155,56,17152.0,2.4929632418788963e-05,7.02884754210092e-08,1.7320508075688772,1,11.0,0.15745916432444337,0.7297836929246639,1.1666666666666667,0,,104,111,53,59,127,133,-7.153115876564206,0.0,0.9997583406794438,True,0,medium,0.5530794707693413
BraTS-GLI-02344-100,gmm_2d,prediction_component,156,25,9984.0,2.5060120224403912e-05,7.102621534903521e-08,1.7320508075688772,1,8.660254037844387,0.19999999999999996,0.9548683406603533,1.0,0,,104,109,58,63,37,42,-7.14858132620955,0.0,0.999943732308326,True,0,medium,0.5530794707693413
BraTS-GLI-02344-100,gmm_2d,prediction_component,157,95,30464.0,1.7866653512687123e-05,3.61026269604822e-08,1.7320508075688772,1,15.0,0.11547005383792515,0.6119025955310512,2.0,0,,104,114,78,88,89,94,-7.442461196074024,0.0,0.9978801052934437,True,0,medium,0.5530794707693413
BraTS-GLI-02344-100,gmm_2d,prediction_component,158,38,12544.0,2.7047649416909622e-05,8.273922157753891e-08,1.7320508075688772,1,9.273618495495704,0.18677184190940707,0.8304795924748166,1.2,0,,104,110,130,135,34,39,-7.082288569326049,0.0,0.9999183504971614,True,0,medium,0.5530794707693413
BraTS-GLI-02344-100,gmm_2d,prediction_component,159,38,12544.0,2.7047649416909622e-05,8.273922157753891e-08,1.7320508075688772,1,9.273618495495704,0.18677184190940707,0.8304795924748166,1.2,0,,106,112,138,143,137,142,-7.082288569326049,0.0,0.9999183504971614,True,0,medium,0.5530794707693413
BraTS-GLI-02344-100,gmm_2d,prediction_component,160,25,9984.0,2.5060120224403912e-05,7.102621534903521e-08,1.7320508075688772,1,8.660254037844387,0.19999999999999996,0.9548683406603533,1.0,0,,107,112,41,46,85,90,-7.14858132620955,0.0,0.999943732308326,True,0,medium,0.5530794707693413
BraTS-GLI-02344-100,gmm_2d,prediction_component,161,101,26368.0,2.3588785908723074e-05,6.293084322158471e-08,2.23606797749979,1,12.727922061357855,0.17568209223157663,0.7739996197824753,1.1428571428571428,1,,107,115,42,49,96,103,-7.201136449024359,0.6931471805599453,0.999759058649004,True,0,medium,0.5530794707693413
BraTS-GLI-02344-100,gmm_2d,prediction_component,162,438,99584.0,1.3937656616196283e-05,2.1970092962171155e-08,2.449489742783178,1,27.80287754891569,0.08810202247855844,0.5199326910476681,2.857142857142857,3,,108,126,57,77,88,95,-7.6581681054430515,1.3862943611198906,0.9828679154720005,True,0,medium,0.5530794707693413
BraTS-GLI-02344-100,gmm_2d,prediction_component,163,38,13824.0,2.3379381024587062e-05,6.181848980958109e-08,1.7320508075688772,1,9.848857801796104,0.17586311452816475,0.8304795924748166,1.2,0,,108,114,122,128,34,39,-7.2088816087094125,0.0,0.9998420452008846,True,0,medium,0.5530794707693413
BraTS-GLI-02344-100,gmm_2d,prediction_component,164,25,9984.0,2.5060120224403912e-05,7.102621534903521e-08,1.7320508075688772,1,8.660254037844387,0.19999999999999996,0.9548683406603533,1.0,0,,109,114,113,118,80,85,-7.14858132620955,0.0,0.999943732308326,True,0,medium,0.5530794707693413
BraTS-GLI-02344-100,gmm_2d,prediction_component,165,1325,271360.0,9.373399609893053e-06,9.936802047852405e-09,2.8284271247461903,1,48.176757881783615,0.0587093704330748,0.4151157746767231,4.5,9,,109,145,137,168,85,93,-8.002753361722785,2.302585092994046,0.8278393682951397,True,0,medium,0.5530794707693413
BraTS-GLI-02344-100,gmm_2d,prediction_component,166,164,55040.0,1.2700657666374188e-05,1.8243358556417884e-08,1.7320508075688772,1,19.72308292331602,0.08781846196678006,0.5100846029725161,1.875,0,,110,118,47,62,86,96,-7.738895206125548,0.0,0.98594433214156,True,0,medium,0.5530794707693413
BraTS-GLI-02344-100,gmm_2d,prediction_component,167,25,9984.0,2.5060120224403912e-05,7.102621534903521e-08,1.7320508075688772,1,8.660254037844387,0.19999999999999996,0.9548683406603533,1.0,0,,110,115,141,146,38,43,-7.14858132620955,0.0,0.999943732308326,True,0,medium,0.5530794707693413
BraTS-GLI-02344-100,gmm_2d,prediction_component,168,25,9984.0,2.5060120224403912e-05,7.102621534903521e-08,1.7320508075688772,1,8.660254037844387,0.19999999999999996,0.9548683406603533,1.0,0,,110,115,178,183,73,78,-7.14858132620955,0.0,0.999943732308326,True,0,medium,0.5530794707693413
BraTS-GLI-02344-100,gmm_2d,prediction_component,169,25,9984.0,2.5060120224403912e-05,7.102621534903521e-08,1.7320508075688772,1,8.660254037844387,0.19999999999999996,0.9548683406603533,1.0,0,,111,116,53,58,124,129,-7.14858132620955,0.0,0.999943732308326,True,0,medium,0.5530794707693413
BraTS-GLI-02344-100,gmm_2d,prediction_component,170,169,53760.0,1.3558068211595268e-05,2.0789689475333396e-08,2.23606797749979,1,23.430749027719962,0.09543305571897805,0.6519570266174533,2.857142857142857,1,,112,122,126,146,85,92,-7.682151997448538,0.6931471805599453,0.9916129892177913,True,0,medium,0.5530794707693413
BraTS-GLI-02344-100,gmm_2d,prediction_component,171,47,14592.0,2.6664020003279646e-05,8.040880842667987e-08,1.7320508075688772,1,9.848857801796104,0.17586311452816475,0.7736731845058752,1.2,0,,113,119,118,124,34,39,-7.094696373620167,0.0,0.9998766147113484,True,0,medium,0.5530794707693413
BraTS-GLI-02344-100,gmm_2d,prediction_component,172,25,9984.0,2.5060120224403912e-05,7.102621534903521e-08,1.7320508075688772,1,8.660254037844387,0.19999999999999996,0.9548683406603533,1.0,0,,113,118,118,123,133,138,-7.14858132620955,0.0,0.999943732308326,True,0,medium,0.5530794707693413
BraTS-GLI-02344-100,gmm_2d,prediction_component,173,25,9984.0,2.5060120224403912e-05,7.102621534903521e-08,1.7320508075688772,1,8.660254037844387,0.19999999999999996,0.9548683406603533,1.0,0,,114,119,52,57,53,58,-7.14858132620955,0.0,0.999943732308326,True,0,medium,0.5530794707693413
BraTS-GLI-02344-100,gmm_2d,prediction_component,174,25,9984.0,2.5060120224403912e-05,7.102621534903521e-08,1.7320508075688772,1,8.660254037844387,0.19999999999999996,0.9548683406603533,1.0,0,,114,119,91,96,93,98,-7.14858132620955,0.0,0.999943732308326,True,0,medium,0.5530794707693413
BraTS-GLI-02344-100,gmm_2d,prediction_component,175,25,9984.0,2.5060120224403912e-05,7.102621534903521e-08,1.7320508075688772,1,8.660254037844387,0.19999999999999996,0.9548683406603533,1.0,0,,115,120,43,48,76,81,-7.14858132620955,0.0,0.999943732308326,True,0,medium,0.5530794707693413
BraTS-GLI-02344-100,gmm_2d,prediction_component,176,86,27648.0,1.8706945028538764e-05,3.957838907822556e-08,1.7320508075688772,1,13.92838827718412,0.12435400084345173,0.6325439118228858,1.2857142857142858,0,,115,122,49,58,114,122,-7.402541886447842,0.0,0.9985298173508685,True,0,medium,0.5530794707693413
BraTS-GLI-02344-100,gmm_2d,prediction_component,177,25,9984.0,2.5060120224403912e-05,7.102621534903521e-08,1.7320508075688772,1,8.660254037844387,0.19999999999999996,0.9548683406603533,1.0,0,,116,121,152,157,46,51,-7.14858132620955,0.0,0.999943732308326,True,0,medium,0.5530794707693413
BraTS-GLI-02344-100,gmm_2d,prediction_component,178,50,17152.0,2.2258600373918718e-05,5.6033542268023926e-08,1.7320508075688772,1,11.575836902790225,0.14962640041614492,0.757879504227687,1.1666666666666667,0,,118,125,120,127,36,42,-7.25155192190457,0.0,0.9996347717724022,True,0,medium,0.5530794707693413
BraTS-GLI-02344-100,gmm_2d,prediction_component,179,38,13824.0,2.3379381024587062e-05,6.181848980958109e-08,1.7320508075688772,1,9.848857801796104,0.17586311452816475,0.8304795924748166,1.2,0,,118,123,144,150,132,138,-7.2088816087094125,0.0,0.9998420452008846,True,0,medium,0.5530794707693413
BraTS-GLI-02344-100,gmm_2d,prediction_component,180,25,9984.0,2.5060120224403912e-05,7.102621534903521e-08,1.7320508075688772,1,8.660254037844387,0.19999999999999996,0.9548683406603533,1.0,0,,119,124,99,104,88,93,-7.14858132620955,0.0,0.999943732308326,True,0,medium,0.5530794707693413
BraTS-GLI-02344-100,gmm_2d,prediction_component,181,25,9984.0,2.5060120224403912e-05,7.102621534903521e-08,1.7320508075688772,1,8.660254037844387,0.19999999999999996,0.9548683406603533,1.0,0,,119,124,102,107,138,143,-7.14858132620955,0.0,0.999943732308326,True,0,medium,0.5530794707693413
BraTS-GLI-02344-100,gmm_2d,prediction_component,182,25,9984.0,2.5060120224403912e-05,7.102621534903521e-08,1.7320508075688772,1,8.660254037844387,0.19999999999999996,0.9548683406603533,1.0,0,,119,124,117,122,87,92,-7.14858132620955,0.0,0.999943732308326,True,0,medium,0.5530794707693413
BraTS-GLI-02344-100,gmm_2d,prediction_component,183,81,23552.0,2.241007602674807e-05,5.67987833731546e-08,1.7320508075688772,1,12.806248474865697,0.13525044520011484,0.6453002363415847,1.3333333333333333,0,,119,127,160,166,51,59,-7.245660966753494,0.0,0.9993476181409093,True,0,medium,0.5530794707693413
BraTS-GLI-02344-100,gmm_2d,prediction_component,184,25,9984.0,2.5060120224403912e-05,7.102621534903521e-08,1.7320508075688772,1,8.660254037844387,0.19999999999999996,0.9548683406603533,1.0,0,,120,125,70,75,131,136,-7.14858132620955,0.0,0.999943732308326,True,0,medium,0.5530794707693413
BraTS-GLI-02344-100,gmm_2d,prediction_component,185,38,12544.0,2.7047649416909622e-05,8.273922157753891e-08,1.7320508075688772,1,9.273618495495704,0.18677184190940707,0.8304795924748166,1.2,0,,121,126,89,95,38,43,-7.082288569326049,0.0,0.9999183504971614,True,0,medium,0.5530794707693413
BraTS-GLI-02344-100,gmm_2d,prediction_component,186,38,13824.0,2.3379381024587062e-05,6.181848980958109e-08,1.7320508075688772,1,9.848857801796104,0.17586311452816475,0.8304795924748166,1.2,0,,121,127,100,105,133,139,-7.2088816087094125,0.0,0.9998420452008846,True,0,medium,0.5530794707693413
BraTS-GLI-02344-100,gmm_2d,prediction_component,187,25,9984.0,2.5060120224403912e-05,7.102621534903521e-08,1.7320508075688772,1,8.660254037844387,0.19999999999999996,0.9548683406603533,1.0,0,,121,126,153,158,49,54,-7.14858132620955,0.0,0.999943732308326,True,0,medium,0.5530794707693413
BraTS-GLI-02344-100,gmm_2d,prediction_component,188,150,45568.0,1.5420601264782745e-05,2.689397449717986e-08,2.23606797749979,1,18.0,0.12422599874998833,0.6783973127203244,1.75,1,,122,130,85,99,132,140,-7.570345011289447,0.6931471805599453,0.996881142089025,True,0,medium,0.5530794707693413
BraTS-GLI-02344-100,gmm_2d,prediction_component,189,25,9984.0,2.5060120224403912e-05,7.102621534903521e-08,1.7320508075688772,1,8.660254037844387,0.19999999999999996,0.9548683406603533,1.0,0,,122,127,130,135,41,46,-7.14858132620955,0.0,0.999943732308326,True,0,medium,0.5530794707693413
BraTS-GLI-02344-100,gmm_2d,prediction_component,190,25,9984.0,2.5060120224403912e-05,7.102621534903521e-08,1.7320508075688772,1,8.660254037844387,0.19999999999999996,0.9548683406603533,1.0,0,,123,128,49,54,78,83,-7.14858132620955,0.0,0.999943732308326,True,0,medium,0.5530794707693413
BraTS-GLI-02344-100,gmm_2d,prediction_component,191,38,12544.0,2.7047649416909622e-05,8.273922157753891e-08,1.7320508075688772,1,9.273618495495704,0.18677184190940707,0.8304795924748166,1.2,0,,123,128,107,113,136,141,-7.082288569326049,0.0,0.9999183504971614,True,0,medium,0.5530794707693413
BraTS-GLI-02344-100,gmm_2d,prediction_component,192,38,12544.0,2.7047649416909622e-05,8.273922157753891e-08,1.7320508075688772,1,9.273618495495704,0.18677184190940707,0.8304795924748166,1.2,0,,123,128,124,129,39,45,-7.082288569326049,0.0,0.9999183504971614,True,0,medium,0.5530794707693413
BraTS-GLI-02344-100,gmm_2d,prediction_component,193,25,9984.0,2.5060120224403912e-05,7.102621534903521e-08,1.7320508075688772,1,8.660254037844387,0.19999999999999996,0.9548683406603533,1.0,0,,123,128,125,130,123,128,-7.14858132620955,0.0,0.999943732308326,True,0,medium,0.5530794707693413
BraTS-GLI-02344-100,gmm_2d,prediction_component,194,50,15360.0,2.6265349298824172e-05,7.802229756091518e-08,1.7320508075688772,1,10.392304845413264,0.16666666666666666,0.757879504227687,1.0,0,,124,130,103,109,40,46,-7.1077812649530205,0.0,0.9998405699403834,True,0,medium,0.5530794707693413
BraTS-GLI-02344-100,gmm_2d,prediction_component,195,521,129024.0,1.1241699463889559e-05,1.4292767028555487e-08,2.449489742783178,1,33.8673884437522,0.07232591160228818,0.4907111436043695,2.7777777777777777,3,,125,150,112,133,86,95,-7.844883685211655,1.3862943611198906,0.9520757206038971,True,0,medium,0.5530794707693413
BraTS-GLI-02344-100,gmm_2d,prediction_component,196,244,86016.0,9.672104103012474e-06,1.0580210248694073e-08,1.7320508075688772,1,27.964262908219126,0.06193801042615004,0.44681411930733694,1.3846153846153846,0,,126,143,146,159,54,72,-7.975505701966201,0.0,0.9383602956025849,True,0,medium,0.5530794707693413
BraTS-GLI-02344-100,gmm_2d,prediction_component,197,25,9984.0,2.5060120224403912e-05,7.102621534903521e-08,1.7320508075688772,1,8.660254037844387,0.19999999999999996,0.9548683406603533,1.0,0,,127,132,140,145,128,133,-7.14858132620955,0.0,0.999943732308326,True,0,medium,0.5530794707693413
BraTS-GLI-02344-100,gmm_2d,prediction_component,198,25,9984.0,2.5060120224403912e-05,7.102621534903521e-08,1.7320508075688772,1,8.660254037844387,0.19999999999999996,0.9548683406603533,1.0,0,,128,133,57,62,105,110,-7.14858132620955,0.0,0.999943732308326,True,0,medium,0.5530794707693413
BraTS-GLI-02344-100,gmm_2d,prediction_component,199,38,13824.0,2.3379381024587062e-05,6.181848980958109e-08,1.7320508075688772,1,9.848857801796104,0.17586311452816475,0.8304795924748166,1.2,0,,128,134,64,69,112,118,-7.2088816087094125,0.0,0.9998420452008846,True,0,medium,0.5530794707693413
BraTS-GLI-02344-100,gmm_2d,prediction_component,200,110,27392.0,2.426370240285097e-05,6.658348381410543e-08,2.23606797749979,1,13.379088160259652,0.1671315676162189,0.7522871499249434,1.2857142857142858,1,,129,136,57,66,83,90,-7.176633485213307,0.6931471805599453,0.999727395206203,True,0,medium,0.5530794707693413
BraTS-GLI-02344-100,gmm_2d,prediction_component,201,25,9984.0,2.5060120224403912e-05,7.102621534903521e-08,1.7320508075688772,1,8.660254037844387,0.19999999999999996,0.9548683406603533,1.0,0,,129,134,82,87,47,52,-7.14858132620955,0.0,0.999943732308326,True,0,medium,0.5530794707693413
BraTS-GLI-02344-100,gmm_2d,prediction_component,202,25,9984.0,2.5060120224403912e-05,7.102621534903521e-08,1.7320508075688772,1,8.660254037844387,0.19999999999999996,0.9548683406603533,1.0,0,,130,135,76,81,121,126,-7.14858132620955,0.0,0.999943732308326,True,0,medium,0.5530794707693413
BraTS-GLI-02344-100,gmm_2d,prediction_component,203,50,19712.0,1.8066497637802788e-05,3.691478222419339e-08,1.7320508075688772,1,12.24744871391589,0.1414213562373095,0.757879504227687,2.0,0,,130,135,86,96,128,133,-7.432799689319536,0.0,0.9991728159710108,True,0,medium,0.5530794707693413
BraTS-GLI-02344-100,gmm_2d,prediction_component,204,48,18432.0,1.918149905562466e-05,4.1611892032488095e-08,1.7320508075688772,1,11.180339887498949,0.15491933384829665,0.7682627055029695,1.6,0,,131,136,59,65,100,108,-7.380782537016758,0.0,0.9994768016451338,True,0,medium,0.5530794707693413
BraTS-GLI-02344-100,gmm_2d,prediction_component,205,152,43264.0,1.6890930814747382e-05,3.226707061953643e-08,1.7320508075688772,1,15.652475842498529,0.11065666703449761,0.5231693600335686,1.25,0,,131,140,74,82,111,121,-7.491240460425603,0.0,0.9963475016668736,True,0,medium,0.5530794707693413
BraTS-GLI-02344-100,gmm_2d,prediction_component,206,25,9984.0,2.5060120224403912e-05,7.102621534903521e-08,1.7320508075688772,1,8.660254037844387,0.19999999999999996,0.9548683406603533,1.0,0,,131,136,119,124,86,91,-7.14858132620955,0.0,0.999943732308326,True,0,medium,0.5530794707693413
BraTS-GLI-02344-100,gmm_2d,prediction_component,207,25,9984.0,2.5060120224403912e-05,7.102621534903521e-08,1.7320508075688772,1,8.660254037844387,0.19999999999999996,0.9548683406603533,1.0,0,,132,137,66,71,64,69,-7.14858132620955,0.0,0.999943732308326,True,0,medium,0.5530794707693413
BraTS-GLI-02344-100,gmm_2d,prediction_component,208,25,9984.0,2.5060120224403912e-05,7.102621534903521e-08,1.7320508075688772,1,8.660254037844387,0.19999999999999996,0.9548683406603533,1.0,0,,132,137,96,101,113,118,-7.14858132620955,0.0,0.999943732308326,True,0,medium,0.5530794707693413
BraTS-GLI-02344-100,gmm_2d,prediction_component,209,25,9984.0,2.5060120224403912e-05,7.102621534903521e-08,1.7320508075688772,1,8.660254037844387,0.19999999999999996,0.9548683406603533,1.0,0,,132,137,105,110,45,50,-7.14858132620955,0.0,0.999943732308326,True,0,medium,0.5530794707693413
BraTS-GLI-02344-100,gmm_2d,prediction_component,210,50,19968.0,1.772018094802615e-05,3.551310767451761e-08,1.7320508075688772,1,12.449899597988733,0.13912166872805048,0.757879504227687,1.8,0,,132,137,159,166,73,82,-7.449611321873531,0.0,0.9990838795929534,True,0,medium,0.5530794707693413
BraTS-GLI-02344-100,gmm_2d,prediction_component,211,119,32768.0,2.006189989118556e-05,4.5519396065556697e-08,1.7320508075688772,1,14.45683229480096,0.11980845957463075,0.5676419848966001,1.125,0,,133,141,132,141,52,60,-7.341803508632671,0.0,0.9984449750404178,True,0,medium,0.5530794707693413
BraTS-GLI-02344-100,gmm_2d,prediction_component,212,25,9984.0,2.5060120224403912e-05,7.102621534903521e-08,1.7320508075688772,1,8.660254037844387,0.19999999999999996,0.9548683406603533,1.0,0,,134,139,161,166,96,101,-7.14858132620955,0.0,0.999943732308326,True,0,medium,0.5530794707693413
BraTS-GLI-02344-100,gmm_2d,prediction_component,213,25,9984.0,2.5060120224403912e-05,7.102621534903521e-08,1.7320508075688772,1,8.660254037844387,0.19999999999999996,0.9548683406603533,1.0,0,,135,140,68,73,71,76,-7.14858132620955,0.0,0.999943732308326,True,0,medium,0.5530794707693413
BraTS-GLI-02344-100,gmm_2d,prediction_component,214,50,19968.0,1.772018094802615e-05,3.551310767451761e-08,1.7320508075688772,1,12.206555615733702,0.14189513095212064,0.757879504227687,1.3333333333333333,0,,137,144,71,79,84,90,-7.449611321873531,0.0,0.9991263213774584,True,0,medium,0.5530794707693413
BraTS-GLI-02344-100,gmm_2d,prediction_component,215,25,9984.0,2.5060120224403912e-05,7.102621534903521e-08,1.7320508075688772,1,8.660254037844387,0.19999999999999996,0.9548683406603533,1.0,0,,137,142,95,100,55,60,-7.14858132620955,0.0,0.999943732308326,True,0,medium,0.5530794707693413
BraTS-GLI-02344-100,gmm_2d,prediction_component,216,135,39424.0,1.7246173039174478e-05,3.363859530179622e-08,2.23606797749979,1,16.401219466856727,0.13633547078730296,0.7026460606787791,2.1666666666666665,1,,137,143,102,115,50,58,-7.473162147993505,0.6931471805599453,0.9983650094315737,True,0,medium,0.5530794707693413
BraTS-GLI-02344-100,gmm_2d,prediction_component,217,212,46592.0,2.107991381730681e-05,5.025624490464725e-08,2.449489742783178,1,16.911534525287763,0.14484136487558025,0.6622061472483992,2.1666666666666665,1,,137,146,126,139,88,94,-7.298809964571849,0.6931471805599453,0.9991621460438633,True,0,medium,0.5530794707693413
BraTS-GLI-02344-100,gmm_2d,prediction_component,218,93,27136.0,2.0804831496726113e-05,4.895316534674287e-08,1.7320508075688772,1,14.071247279470288,0.12309149097933272,0.6162579207174524,1.4285714285714286,0,,137,144,133,143,59,66,-7.310219221160568,0.0,0.9988794821982331,True,0,medium,0.5530794707693413
BraTS-GLI-02344-100,gmm_2d,prediction_component,219,46,16896.0,2.0945077921731866e-05,4.961538140913494e-08,1.7320508075688772,1,11.0,0.15745916432444337,0.7792393700163133,1.1666666666666667,0,,137,143,149,156,74,80,-7.3043836657365855,0.0,0.9996363036072939,True,0,medium,0.5530794707693413
BraTS-GLI-02344-100,gmm_2d,prediction_component,220,174,50432.0,1.5363492794624787e-05,2.669514570374117e-08,2.23606797749979,1,18.027756377319946,0.12403473458920847,0.6456514378224489,1.3333333333333333,1,,138,147,113,125,52,62,-7.573567704393707,0.6931471805599453,0.9964885249890368,True,0,medium,0.5530794707693413
BraTS-GLI-02344-100,gmm_2d,prediction_component,221,25,9984.0,2.5060120224403912e-05,7.102621534903521e-08,1.7320508075688772,1,8.660254037844387,0.19999999999999996,0.9548683406603533,1.0,0,,139,144,76,81,69,74,-7.14858132620955,0.0,0.999943732308326,True,0,medium,0.5530794707693413
BraTS-GLI-02344-100,gmm_2d,prediction_component,222,72,22528.0,2.1293572966979913e-05,5.128016972673824e-08,1.7320508075688772,1,12.884098726725126,0.13443321448446624,0.6711392913128504,1.5,0,,139,145,78,87,109,116,-7.290050546062097,0.0,0.9992803968852509,True,0,medium,0.5530794707693413
BraTS-GLI-02344-100,gmm_2d,prediction_component,223,25,9984.0,2.5060120224403912e-05,7.102621534903521e-08,1.7320508075688772,1,8.660254037844387,0.19999999999999996,0.9548683406603533,1.0,0,,139,144,92,97,59,64,-7.14858132620955,0.0,0.999943732308326,True,0,medium,0.5530794707693413
BraTS-GLI-02344-100,gmm_2d,prediction_component,224,280,89344.0,1.0484794986247886e-05,1.2432894811964172e-08,1.7320508075688772,1,24.351591323771842,0.07112680171657045,0.42678009263404176,1.7777777777777777,0,,140,149,76,92,91,107,-7.905427740667228,0.0,0.9560043167054217,True,0,medium,0.5530794707693413
BraTS-GLI-02344-100,gmm_2d,prediction_component,225,25,9984.0,2.5060120224403912e-05,7.102621534903521e-08,1.7320508075688772,1,8.660254037844387,0.19999999999999996,0.9548683406603533,1.0,0,,141,146,94,99,63,68,-7.14858132620955,0.0,0.999943732308326,True,0,medium,0.5530794707693413
BraTS-GLI-02344-100,gmm_2d,prediction_component,226,50,19968.0,1.772018094802615e-05,3.551310767451761e-08,1.7320508075688772,1,12.449899597988733,0.13912166872805048,0.757879504227687,1.8,0,,141,148,127,132,58,67,-7.449611321873531,0.0,0.9990838795929534,True,0,medium,0.5530794707693413
BraTS-GLI-02344-100,gmm_2d,prediction_component,227,25,9984.0,2.5060120224403912e-05,7.102621534903521e-08,1.7320508075688772,1,8.660254037844387,0.19999999999999996,0.9548683406603533,1.0,0,,142,147,133,138,109,114,-7.14858132620955,0.0,0.999943732308326,True,0,medium,0.5530794707693413
BraTS-GLI-02344-100,gmm_2d,prediction_component,228,25,9984.0,2.5060120224403912e-05,7.102621534903521e-08,1.7320508075688772,1,8.660254037844387,0.19999999999999996,0.9548683406603533,1.0,0,,144,149,123,128,111,116,-7.14858132620955,0.0,0.999943732308326,True,0,medium,0.5530794707693413
BraTS-GLI-02344-100,gmm_2d,prediction_component,229,51,15104.0,2.7474652658327337e-05,8.537226323330647e-08,2.23606797749979,1,9.9498743710662,0.22473328748774737,0.9719810843490212,1.4,1,,145,150,93,100,93,98,-7.068683205204687,0.6931471805599453,0.9999661025846942,True,0,medium,0.5530794707693413
BraTS-GLI-02344-100,gmm_2d,prediction_component,230,25,9984.0,2.5060120224403912e-05,7.102621534903521e-08,1.7320508075688772,1,8.660254037844387,0.19999999999999996,0.9548683406603533,1.0,0,,145,150,100,105,65,70,-7.14858132620955,0.0,0.999943732308326,True,0,medium,0.5530794707693413
BraTS-GLI-02344-100,gmm_2d,prediction_component,231,318,89600.0,1.1856734783503202e-05,1.5899467687993444e-08,2.23606797749979,1,26.343879744638983,0.08487997968313049,0.5280870268512123,2.0,2,,145,154,108,126,64,81,-7.798617415556089,1.0986122886681098,0.9735833696742748,True,0,medium,0.5530794707693413
BraTS-GLI-02344-100,gmm_2d,prediction_component,232,25,9984.0,2.5060120224403912e-05,7.102621534903521e-08,1.7320508075688772,1,8.660254037844387,0.19999999999999996,0.9548683406603533,1.0,0,,145,150,127,132,67,72,-7.14858132620955,0.0,0.999943732308326,True,0,medium,0.5530794707693413
BraTS-GLI-02344-100,gmm_2d,prediction_component,233,106,36608.0,1.5133586419080464e-05,2.590216679533284e-08,1.7320508075688772,1,17.11724276862369,0.1011874886032327,0.5899586077282516,1.7142857142857142,0,,145,152,127,139,97,107,-7.586663904339773,0.0,0.9950395333117881,True,0,medium,0.5530794707693413
BraTS-GLI-02344-100,gmm_2d,prediction_component,234,50,19200.0,1.879395407518313e-05,3.9947416351188576e-08,1.7320508075688772,1,11.916375287812984,0.14535047493345277,0.757879504227687,1.8,0,,147,153,96,105,82,87,-7.39851130397719,0.0,0.9993195581316862,True,0,medium,0.5530794707693413
BraTS-GLI-02344-100,gmm_2d,prediction_component,235,46,16896.0,2.0945077921731866e-05,4.961538140913494e-08,1.7320508075688772,1,11.0,0.15745916432444337,0.7792393700163133,1.1666666666666667,0,,148,154,105,111,93,100,-7.3043836657365855,0.0,0.9996363036072939,True,0,medium,0.5530794707693413
BraTS-GLI-02344-100,gmm_2d,prediction_component,236,81,25344.0,2.0075773120856065e-05,4.558237309043399e-08,1.7320508075688772,1,13.45362404707371,0.12874232262686236,0.6453002363415847,1.5,0,,148,154,111,119,100,109,-7.341203068509478,0.0,0.9989581132207019,True,0,medium,0.5530794707693413
BraTS-GLI-02344-100,gmm_2d,prediction_component,237,38,13824.0,2.3379381024587062e-05,6.181848980958109e-08,1.7320508075688772,1,9.848857801796104,0.17586311452816475,0.8304795924748166,1.2,0,,148,153,117,123,94,100,-7.2088816087094125,0.0,0.9998420452008846,True,0,medium,0.5530794707693413
BraTS-GLI-02344-100,variational_spline,prediction_component,1,23604,3771136.0,3.2231262243896635e-06,1.1749164946909708e-09,5.656854249492381,4,222.28135324403618,0.025449072389270036,0.3178893587426249,1.2857142857142858,19,,25,152,37,181,36,148,-8.929992999080467,2.995732273553991,0.045556892034971715,False,0,medium,0.5530794707693413
