case_id,method,source,component_label,volume_vox,surface_area_proxy,compactness_v_over_s15,isoperimetric_quotient,inscribed_radius_vox,inscribed_radius_grid_step,bbox_diag_vox,radius_over_bbox_diag,radius_over_equiv_sphere,elongation_max_over_min,eroded_subcomponents,overlap_gt_vox,z0,z1,y0,y1,x0,x1,log10_isoperimetric,log1p_eroded_subcomponents,shape_score_prob_true_et,accepted_shape,fold,vol_bin,shape_threshold
BraTS-GLI-02139-103,otsu_T1c,prediction_component,1,9833,1776896.0,4.1513851225092944e-06,1.9491193035577425e-09,3.4641016151377544,2,195.20758181996928,0.017745732941523405,0.2606502503550614,1.0642201834862386,18,,47,156,30,146,39,152,-8.71016157735695,2.9444389791664403,0.06849332315303276,False,4,small,0.5518172876195343
BraTS-GLI-02139-103,gmm_T1c,prediction_component,1,12736,2312704.0,3.6212038471219116e-06,1.483058627384909e-09,3.4641016151377544,2,211.5419580130618,0.016375482422848055,0.23911627835877639,1.2818181818181817,19,,46,156,30,171,39,152,-8.828841680363066,2.995732273553991,0.0404402570309555,False,4,small,0.5518172876195343
BraTS-GLI-02139-103,sustraccion,prediction_component,1,28,12544.0,1.992984693877551e-05,4.49221258426527e-08,1.4142135623730951,1,9.486832980505138,0.14907119849998599,0.7507439778384809,1.75,0,,28,33,77,84,87,91,-7.34753969987523,0.0,0.9996588032096562,True,4,small,0.5518172876195343
BraTS-GLI-02139-103,sustraccion,prediction_component,2,530,144384.0,9.660447966993724e-06,1.0554724572041395e-08,1.7320508075688772,1,36.02776706930364,0.0480754414848157,0.3450098867617548,1.8666666666666667,0,,30,58,70,87,91,106,-7.9765530952225765,0.0,0.9182304247785408,True,4,small,0.5518172876195343
BraTS-GLI-02139-103,sustraccion,prediction_component,3,12,5376.0,3.04433440619409e-05,1.0481829363285631e-07,1.4142135623730951,1,5.830951894845301,0.24253562503633297,0.9957510787676723,1.3333333333333333,0,,33,36,137,141,68,71,-6.979562914580636,0.0,0.9999933273110511,True,4,small,0.5518172876195343
BraTS-GLI-02139-103,sustraccion,prediction_component,5,25,9984.0,2.5060120224403912e-05,7.102621534903521e-08,1.4142135623730951,1,8.12403840463596,0.17407765595569785,0.7796467353853097,1.25,0,,37,42,84,88,118,123,-7.14858132620955,0.0,0.999906772985284,True,4,small,0.5518172876195343
BraTS-GLI-02139-103,sustraccion,prediction_component,6,39796,8122368.0,1.7191565606089108e-06,3.3425909371352047e-10,5.656854249492381,4,243.69037732335678,0.02321328528284975,0.2670902604108171,1.4322033898305084,79,,38,156,29,198,27,157,-9.475916768670677,4.382026634673881,0.002452919794745112,False,4,small,0.5518172876195343
BraTS-GLI-02139-103,sustraccion,prediction_component,7,87,28160.0,1.841069896670067e-05,3.8334775769054985e-08,1.4142135623730951,1,13.92838827718412,0.10153461651336192,0.5144834988108414,1.2857142857142858,0,,39,48,82,90,106,113,-7.416407072711566,0.0,0.9976292000356938,True,4,small,0.5518172876195343
BraTS-GLI-02139-103,sustraccion,prediction_component,9,16,6656.0,2.9464563572443515e-05,9.818664009850627e-08,1.4142135623730951,1,6.4031242374328485,0.2208630521496931,0.9046998952817776,1.3333333333333333,0,,39,43,133,137,107,110,-7.007947601074732,0.0,0.9999848741368333,True,4,small,0.5518172876195343
BraTS-GLI-02139-103,sustraccion,prediction_component,10,131,36096.0,1.910216881020646e-05,4.126840945664419e-08,2.23606797749979,1,15.0,0.14907119849998599,0.7097260947541109,2.0,1,,42,47,79,89,73,83,-7.384382269128738,0.6931471805599453,0.9993642857769353,True,4,small,0.5518172876195343
BraTS-GLI-02139-103,sustraccion,prediction_component,13,12,5376.0,3.04433440619409e-05,1.0481829363285631e-07,1.4142135623730951,1,5.830951894845301,0.24253562503633297,0.9957510787676723,1.3333333333333333,0,,44,47,80,83,68,72,-6.979562914580636,0.0,0.9999933273110511,True,4,small,0.5518172876195343
BraTS-GLI-02139-103,sustraccion,prediction_component,14,29,10752.0,2.6011423159067295e-05,7.652099387606958e-08,1.4142135623730951,1,8.774964387392123,0.16116459280507606,0.742013605090188,1.5,0,,44,49,86,92,122,126,-7.116219397869917,0.0,0.9998799765314168,True,4,small,0.5518172876195343
BraTS-GLI-02139-103,sustraccion,prediction_component,15,36,15616.0,1.844793672188883e-05,3.849000557758112e-08,1.4142135623730951,1,10.770329614269007,0.13130643285972257,0.6904152369103725,2.0,0,,44,52,137,143,134,138,-7.414652025971854,0.0,0.9992535586146634,True,4,small,0.5518172876195343
BraTS-GLI-02139-103,sustraccion,prediction_component,17,39,13056.0,2.6142637138620358e-05,7.729495759993616e-08,1.4142135623730951,1,9.848857801796104,0.14359163172354764,0.6722379073420917,1.2,0,,46,51,80,86,61,67,-7.111848836714938,0.0,0.9997919409993088,True,4,small,0.5518172876195343
BraTS-GLI-02139-103,sustraccion,prediction_component,20,19,7680.0,2.8230058031136492e-05,9.013135814236922e-08,1.4142135623730951,1,7.54983443527075,0.1873171623163388,0.8543319874271107,1.25,0,,48,53,110,114,144,148,-7.0451240847274565,0.0,0.9999612287256863,True,4,small,0.5518172876195343
BraTS-GLI-02139-103,sustraccion,prediction_component,21,12,5376.0,3.04433440619409e-05,1.0481829363285631e-07,1.4142135623730951,1,5.830951894845301,0.24253562503633297,0.9957510787676723,1.3333333333333333,0,,49,52,84,88,120,123,-6.979562914580636,0.0,0.9999933273110511,True,4,small,0.5518172876195343
BraTS-GLI-02139-103,sustraccion,prediction_component,24,63,25600.0,1.5380859375e-05,2.675553111526513e-08,1.4142135623730951,1,15.684387141358123,0.09016696346674323,0.5729248826285681,2.2,0,,50,61,97,107,52,57,-7.572586423566964,0.0,0.9957228739584312,True,4,small,0.5518172876195343
BraTS-GLI-02139-103,sustraccion,prediction_component,26,46,16384.0,2.193450927734375e-05,5.441369512024177e-08,1.4142135623730951,1,10.392304845413264,0.13608276348795434,0.6362462813425951,1.0,0,,53,59,77,83,86,92,-7.264291781062641,0.0,0.9995284150960622,True,4,small,0.5518172876195343
BraTS-GLI-02139-103,sustraccion,prediction_component,27,75,24576.0,1.9466795466607236e-05,4.285892810353006e-08,1.7320508075688772,1,13.74772708486752,0.1259881576697424,0.6620687295173385,2.0,0,,53,63,183,191,89,94,-7.367958694809433,0.0,0.9992346610801208,True,4,small,0.5518172876195343
BraTS-GLI-02139-103,sustraccion,prediction_component,29,2939,547584.0,7.253096593623665e-06,5.949757922310203e-09,3.0,1,67.05967491719595,0.044736274127549006,0.3376117831959557,1.4193548387096775,9,,55,95,148,192,50,81,-8.225500704043487,2.302585092994046,0.5629433294205928,True,4,small,0.5518172876195343
BraTS-GLI-02139-103,sustraccion,prediction_component,32,67,18432.0,2.6774175765142754e-05,8.107455873864542e-08,1.7320508075688772,1,11.180339887498949,0.15491933384829665,0.6874354055889139,1.6,0,,59,67,123,129,89,94,-7.0911154063662805,0.0,0.9998521496011018,True,4,small,0.5518172876195343
BraTS-GLI-02139-103,sustraccion,prediction_component,35,24,9216.0,2.712673611111111e-05,8.322378406497619e-08,1.4142135623730951,1,7.681145747868608,0.1841149235796647,0.7903281549671363,1.6666666666666667,0,,61,64,89,94,103,108,-7.079752541352778,0.0,0.9999421705127415,True,4,small,0.5518172876195343
BraTS-GLI-02139-103,sustraccion,prediction_component,38,12,5376.0,3.04433440619409e-05,1.0481829363285631e-07,1.4142135623730951,1,5.830951894845301,0.24253562503633297,0.9957510787676723,1.3333333333333333,0,,63,66,142,145,123,127,-6.979562914580636,0.0,0.9999933273110511,True,4,small,0.5518172876195343
BraTS-GLI-02139-103,sustraccion,prediction_component,41,12,5376.0,3.04433440619409e-05,1.0481829363285631e-07,1.4142135623730951,1,5.830951894845301,0.24253562503633297,0.9957510787676723,1.3333333333333333,0,,64,67,145,149,95,98,-6.979562914580636,0.0,0.9999933273110511,True,4,small,0.5518172876195343
BraTS-GLI-02139-103,sustraccion,prediction_component,42,55,27648.0,1.1963743913600372e-05,1.618775378064255e-08,1.4142135623730951,1,19.72308292331602,0.07170347393820747,0.5994555302303142,2.0,0,,64,76,159,173,89,96,-7.790813409946489,0.0,0.9877614739951519,True,4,small,0.5518172876195343
BraTS-GLI-02139-103,sustraccion,prediction_component,44,12,6144.0,2.4917498197257264e-05,7.022006780482366e-08,1.4142135623730951,1,6.4031242374328485,0.2208630521496931,0.9957510787676723,1.3333333333333333,0,,67,71,130,133,85,89,-7.153538755513696,0.0,0.999980987329517,True,4,small,0.5518172876195343
BraTS-GLI-02139-103,sustraccion,prediction_component,45,203,43776.0,2.2163682714141325e-05,5.5556671972487146e-08,2.23606797749979,1,16.30950643030009,0.13710212427677046,0.6133135023490537,1.375,1,,68,79,139,148,67,75,-7.2552637778241635,0.6931471805599453,0.9993134563517241,True,4,small,0.5518172876195343
BraTS-GLI-02139-103,sustraccion,prediction_component,46,64,19712.0,2.312511697638757e-05,6.048117919611845e-08,1.4142135623730951,1,11.445523142259598,0.1235604126430431,0.5699252209515996,1.8,0,,69,78,86,91,91,96,-7.218379750023799,0.0,0.9993691730416463,True,4,small,0.5518172876195343
BraTS-GLI-02139-103,sustraccion,prediction_component,48,16,7680.0,2.3772680447272836e-05,6.391586616190171e-08,1.4142135623730951,1,6.928203230275509,0.20412414523193154,0.9046998952817776,1.0,0,,70,74,70,74,117,121,-7.194391321321265,0.0,0.9999589386325237,True,4,small,0.5518172876195343
BraTS-GLI-02139-103,sustraccion,prediction_component,49,12,6144.0,2.4917498197257264e-05,7.022006780482366e-08,1.4142135623730951,1,6.4031242374328485,0.2208630521496931,0.9957510787676723,1.3333333333333333,0,,70,74,126,130,148,151,-7.153538755513696,0.0,0.999980987329517,True,4,small,0.5518172876195343
BraTS-GLI-02139-103,sustraccion,prediction_component,52,26,11264.0,2.1748754214260736e-05,5.3495979529745444e-08,1.4142135623730951,1,9.0,0.15713484026367724,0.7695203069187393,2.0,0,,71,77,114,120,127,130,-7.271678855991054,0.0,0.9997914792084176,True,4,small,0.5518172876195343
BraTS-GLI-02139-103,sustraccion,prediction_component,55,63,24064.0,1.687675015435505e-05,3.221291418479664e-08,1.4142135623730951,1,17.029386365926403,0.08304547985373997,0.5729248826285681,3.75,0,,71,78,177,192,90,94,-7.49196998436606,0.0,0.9963477329864997,True,4,small,0.5518172876195343
BraTS-GLI-02139-103,sustraccion,prediction_component,56,14,6144.0,2.9070414563466808e-05,9.557731451212109e-08,1.4142135623730951,1,6.928203230275509,0.20412414523193154,0.9458781407605124,1.0,0,,73,77,80,84,147,151,-7.019645176252469,0.0,0.9999810679105652,True,4,small,0.5518172876195343
BraTS-GLI-02139-103,sustraccion,prediction_component,57,36,13824.0,2.21488872864509e-05,5.548252270998412e-08,1.4142135623730951,1,9.848857801796104,0.14359163172354764,0.6904152369103725,1.2,0,,74,79,100,106,118,124,-7.255843800408458,0.0,0.9996688358635614,True,4,small,0.5518172876195343
BraTS-GLI-02139-103,sustraccion,prediction_component,58,152,58880.0,1.0638781415183384e-05,1.2800771502425742e-08,1.4142135623730951,1,26.720778431774775,0.05292561240249632,0.42716599371355535,1.3076923076923077,0,,74,91,121,134,131,147,-7.892763854637361,0.0,0.9564520347092584,True,4,small,0.5518172876195343
BraTS-GLI-02139-103,sustraccion,prediction_component,64,14,7680.0,2.080109539136373e-05,4.8935585030206e-08,1.4142135623730951,1,8.246211251235321,0.17149858514250885,0.9458781407605124,1.5,0,,77,81,78,84,29,33,-7.310375215276639,0.0,0.9998982798788448,True,4,small,0.5518172876195343
BraTS-GLI-02139-103,sustraccion,prediction_component,66,12,6144.0,2.4917498197257264e-05,7.022006780482366e-08,1.4142135623730951,1,6.4031242374328485,0.2208630521496931,0.9957510787676723,1.3333333333333333,0,,78,81,62,66,111,115,-7.153538755513696,0.0,0.999980987329517,True,4,small,0.5518172876195343
BraTS-GLI-02139-103,sustraccion,prediction_component,72,14,6912.0,2.4362533060422576e-05,6.712700278491907e-08,1.4142135623730951,1,7.0710678118654755,0.2,0.9458781407605124,1.6666666666666667,0,,80,85,148,152,140,143,-7.1731027435946135,0.0,0.9999641575636908,True,4,small,0.5518172876195343
BraTS-GLI-02139-103,sustraccion,prediction_component,74,24,9472.0,2.6034468006549403e-05,7.665664164680334e-08,1.4142135623730951,1,8.660254037844387,0.1632993161855452,0.7903281549671363,1.0,0,,81,86,146,151,130,135,-7.1154502112519005,0.0,0.9999021131427049,True,4,small,0.5518172876195343
BraTS-GLI-02139-103,sustraccion,prediction_component,75,14,6144.0,2.9070414563466808e-05,9.557731451212109e-08,1.4142135623730951,1,6.928203230275509,0.20412414523193154,0.9458781407605124,1.0,0,,82,86,30,34,115,119,-7.019645176252469,0.0,0.9999810679105652,True,4,small,0.5518172876195343
BraTS-GLI-02139-103,sustraccion,prediction_component,76,625,160256.0,9.742234287657223e-06,1.0734195792426318e-08,2.449489742783178,1,47.138094997570704,0.05196412249814962,0.46182611685109315,2.0555555555555554,1,,82,100,89,126,62,85,-7.969230487417266,0.6931471805599453,0.9279279067125824,True,4,small,0.5518172876195343
BraTS-GLI-02139-103,sustraccion,prediction_component,80,12,6144.0,2.4917498197257264e-05,7.022006780482366e-08,1.4142135623730951,1,6.4031242374328485,0.2208630521496931,0.9957510787676723,1.3333333333333333,0,,83,87,136,139,45,49,-7.153538755513696,0.0,0.999980987329517,True,4,small,0.5518172876195343
BraTS-GLI-02139-103,sustraccion,prediction_component,83,22,8448.0,2.8332951815706027e-05,9.078958261633766e-08,1.4142135623730951,1,7.3484692283495345,0.19245008972987526,0.8135863258112027,2.0,0,,83,89,176,179,89,92,-7.041963980463377,0.0,0.9999602027868806,True,4,small,0.5518172876195343
BraTS-GLI-02139-103,sustraccion,prediction_component,84,25,10240.0,2.412626388678268e-05,6.583131356702218e-08,1.4142135623730951,1,8.246211251235321,0.17149858514250885,0.7796467353853097,1.5,0,,84,90,125,129,40,44,-7.18156747911394,0.0,0.9998895643193139,True,4,small,0.5518172876195343
BraTS-GLI-02139-103,sustraccion,prediction_component,85,35,13056.0,2.346134102183878e-05,6.225267788292032e-08,1.4142135623730951,1,10.392304845413264,0.13608276348795434,0.6969289728874266,1.0,0,,84,90,124,130,44,50,-7.205841962067385,0.0,0.9996884710979314,True,4,small,0.5518172876195343
BraTS-GLI-02139-103,sustraccion,prediction_component,86,14,6144.0,2.9070414563466808e-05,9.557731451212109e-08,1.4142135623730951,1,6.928203230275509,0.20412414523193154,0.9458781407605124,1.0,0,,84,88,142,146,123,127,-7.019645176252469,0.0,0.9999810679105652,True,4,small,0.5518172876195343
BraTS-GLI-02139-103,sustraccion,prediction_component,88,111,34816.0,1.7086561271055764e-05,3.301883225968981e-08,1.7320508075688772,1,17.46424919657298,0.09917694073609294,0.5809639319388397,2.1666666666666665,0,,85,91,153,166,69,79,-7.481238290011465,0.0,0.9974815389614594,True,4,small,0.5518172876195343
BraTS-GLI-02139-103,sustraccion,prediction_component,90,19,9984.0,1.9045691370546972e-05,4.102474198560274e-08,1.4142135623730951,1,8.774964387392123,0.16116459280507606,0.8543319874271107,1.5,0,,87,92,73,79,72,76,-7.386954141647967,0.0,0.9997781119338749,True,4,small,0.5518172876195343
BraTS-GLI-02139-103,sustraccion,prediction_component,91,12,6144.0,2.4917498197257264e-05,7.022006780482366e-08,1.4142135623730951,1,6.4031242374328485,0.2208630521496931,0.9957510787676723,1.3333333333333333,0,,87,90,138,142,34,38,-7.153538755513696,0.0,0.999980987329517,True,4,small,0.5518172876195343
BraTS-GLI-02139-103,sustraccion,prediction_component,92,14,6912.0,2.4362533060422576e-05,6.712700278491907e-08,1.4142135623730951,1,7.0710678118654755,0.2,0.9458781407605124,1.6666666666666667,0,,89,94,43,47,87,90,-7.1731027435946135,0.0,0.9999641575636908,True,4,small,0.5518172876195343
BraTS-GLI-02139-103,sustraccion,prediction_component,93,12,5376.0,3.04433440619409e-05,1.0481829363285631e-07,1.4142135623730951,1,5.830951894845301,0.24253562503633297,0.9957510787676723,1.3333333333333333,0,,89,93,128,131,31,34,-6.979562914580636,0.0,0.9999933273110511,True,4,small,0.5518172876195343
BraTS-GLI-02139-103,sustraccion,prediction_component,94,45,14336.0,2.6216247310222293e-05,7.773085129633814e-08,1.4142135623730951,1,10.246950765959598,0.13801311186847084,0.6409247308398612,2.0,0,,90,98,72,77,33,37,-7.1094065759420415,0.0,0.999745569501164,True,4,small,0.5518172876195343
BraTS-GLI-02139-103,sustraccion,prediction_component,95,64,20224.0,2.2252529686036867e-05,5.600298187758279e-08,1.4142135623730951,1,13.45362404707371,0.10511766624552735,0.5699252209515996,1.5,0,,90,98,132,141,32,38,-7.251788848377678,0.0,0.9989881873888079,True,4,small,0.5518172876195343
BraTS-GLI-02139-103,sustraccion,prediction_component,97,262,85504.0,1.0479043498924077e-05,1.2419258298505385e-08,1.7320508075688772,1,33.015148038438355,0.05246230625870017,0.4363380301616284,1.6,0,,91,108,103,118,30,54,-7.90590434026933,0.0,0.955343784592801,True,4,small,0.5518172876195343
BraTS-GLI-02139-103,sustraccion,prediction_component,98,14,7680.0,2.080109539136373e-05,4.8935585030206e-08,1.4142135623730951,1,8.12403840463596,0.17407765595569785,0.9458781407605124,1.25,0,,91,96,108,113,140,144,-7.310375215276639,0.0,0.9999031513760134,True,4,small,0.5518172876195343
BraTS-GLI-02139-103,sustraccion,prediction_component,99,12,6144.0,2.4917498197257264e-05,7.022006780482366e-08,1.4142135623730951,1,6.4031242374328485,0.2208630521496931,0.9957510787676723,1.3333333333333333,0,,91,95,154,158,90,93,-7.153538755513696,0.0,0.999980987329517,True,4,small,0.5518172876195343
BraTS-GLI-02139-103,sustraccion,prediction_component,100,59,20736.0,1.975898062414266e-05,4.415515810549949e-08,1.4142135623730951,1,12.449899597988733,0.11359236684941297,0.5855902858043154,3.6666666666666665,0,,91,96,164,175,89,92,-7.355018555825788,0.0,0.9988089487503025,True,4,small,0.5518172876195343
BraTS-GLI-02139-103,sustraccion,prediction_component,102,14,6144.0,2.9070414563466808e-05,9.557731451212109e-08,1.4142135623730951,1,6.928203230275509,0.20412414523193154,0.9458781407605124,1.0,0,,93,97,59,63,41,45,-7.019645176252469,0.0,0.9999810679105652,True,4,small,0.5518172876195343
BraTS-GLI-02139-103,sustraccion,prediction_component,103,21,9216.0,2.3735894097222223e-05,6.371820967474739e-08,1.4142135623730951,1,8.774964387392123,0.16116459280507606,0.8263006657894747,1.5,0,,93,99,64,69,76,80,-7.1957364353081505,0.0,0.9998787542538436,True,4,small,0.5518172876195343
BraTS-GLI-02139-103,sustraccion,prediction_component,104,12,6144.0,2.4917498197257264e-05,7.022006780482366e-08,1.4142135623730951,1,6.4031242374328485,0.2208630521496931,0.9957510787676723,1.3333333333333333,0,,93,96,71,75,83,87,-7.153538755513696,0.0,0.999980987329517,True,4,small,0.5518172876195343
BraTS-GLI-02139-103,sustraccion,prediction_component,106,16,6656.0,2.9464563572443515e-05,9.818664009850627e-08,1.4142135623730951,1,6.4031242374328485,0.2208630521496931,0.9046998952817776,1.3333333333333333,0,,93,97,144,148,76,79,-7.007947601074732,0.0,0.9999848741368333,True,4,small,0.5518172876195343
BraTS-GLI-02139-103,sustraccion,prediction_component,112,19,9216.0,2.147533275462963e-05,5.2159350776834036e-08,1.4142135623730951,1,8.774964387392123,0.16116459280507606,0.8543319874271107,1.5,0,,96,101,100,106,53,57,-7.282667822870332,0.0,0.9998483142319811,True,4,small,0.5518172876195343
BraTS-GLI-02139-103,sustraccion,prediction_component,113,34,15872.0,1.7003230208883873e-05,3.2697552300644957e-08,1.4142135623730951,1,11.090536506409418,0.12751534261266767,0.7036956967830031,1.4,0,,96,103,105,110,56,63,-7.485484756884379,0.0,0.999006233475595,True,4,small,0.5518172876195343
BraTS-GLI-02139-103,sustraccion,prediction_component,114,51,22528.0,1.5082947518277439e-05,2.5729112935811375e-08,1.4142135623730951,1,15.620499351813308,0.09053574604251854,0.6147348138286294,2.0,0,,96,104,113,125,104,110,-7.58957518672876,0.0,0.9960657548384348,True,4,small,0.5518172876195343
BraTS-GLI-02139-103,sustraccion,prediction_component,115,204,64256.0,1.2524478086866581e-05,1.77407366018216e-08,1.7320508075688772,1,30.298514815086232,0.05716619504750295,0.47429306511355385,3.5,0,,96,117,143,164,88,94,-7.751028352065444,0.0,0.9790334102922948,True,4,small,0.5518172876195343
BraTS-GLI-02139-103,sustraccion,prediction_component,119,16,6656.0,2.9464563572443515e-05,9.818664009850627e-08,1.4142135623730951,1,6.4031242374328485,0.2208630521496931,0.9046998952817776,1.3333333333333333,0,,97,100,66,70,141,145,-7.007947601074732,0.0,0.9999848741368333,True,4,small,0.5518172876195343
BraTS-GLI-02139-103,sustraccion,prediction_component,122,33,13568.0,2.0880466033621104e-05,4.930974407455473e-08,1.4142135623730951,1,9.486832980505138,0.14907119849998599,0.7107331206052484,1.75,0,,97,104,141,146,37,41,-7.30706725152072,0.0,0.9996637986911321,True,4,small,0.5518172876195343
BraTS-GLI-02139-103,sustraccion,prediction_component,123,21,9984.0,2.1050500988499285e-05,5.011609755027925e-08,1.4142135623730951,1,9.38083151964686,0.15075567228888181,0.8263006657894747,1.5,0,,98,104,33,39,71,75,-7.300022754085787,0.0,0.999783791573858,True,4,small,0.5518172876195343
BraTS-GLI-02139-103,sustraccion,prediction_component,124,12,6144.0,2.4917498197257264e-05,7.022006780482366e-08,1.4142135623730951,1,6.4031242374328485,0.2208630521496931,0.9957510787676723,1.3333333333333333,0,,98,101,46,50,79,83,-7.153538755513696,0.0,0.999980987329517,True,4,small,0.5518172876195343
BraTS-GLI-02139-103,sustraccion,prediction_component,127,22,9984.0,2.2052905797475442e-05,5.500270116629287e-08,1.4142135623730951,1,8.366600265340756,0.16903085094570333,0.8135863258112027,2.0,0,,98,104,99,104,45,48,-7.259615981909213,0.0,0.9998625358861765,True,4,small,0.5518172876195343
BraTS-GLI-02139-103,sustraccion,prediction_component,131,17,7680.0,2.5258472975227388e-05,7.215502078433436e-08,1.4142135623730951,1,7.0710678118654755,0.2,0.8866010210973454,1.6666666666666667,0,,98,101,184,189,70,74,-7.141733443876567,0.0,0.9999610775234591,True,4,small,0.5518172876195343
BraTS-GLI-02139-103,sustraccion,prediction_component,135,13,6912.0,2.2622352127535248e-05,5.7879915666588376e-08,1.4142135623730951,1,6.557438524302,0.21566554640687685,0.9695348330084831,1.6666666666666667,0,,99,104,180,183,89,92,-7.237472110337416,0.0,0.9999688983339072,True,4,small,0.5518172876195343
BraTS-GLI-02139-103,sustraccion,prediction_component,140,17,8448.0,2.1893644584863748e-05,5.421113507463137e-08,1.4142135623730951,1,7.54983443527075,0.1873171623163388,0.8866010210973454,1.25,0,,101,105,73,78,143,147,-7.265911499351242,0.0,0.9999220639097008,True,4,small,0.5518172876195343
BraTS-GLI-02139-103,sustraccion,prediction_component,141,16,6656.0,2.9464563572443515e-05,9.818664009850627e-08,1.4142135623730951,1,6.4031242374328485,0.2208630521496931,0.9046998952817776,1.3333333333333333,0,,102,106,165,169,48,51,-7.007947601074732,0.0,0.9999848741368333,True,4,small,0.5518172876195343
BraTS-GLI-02139-103,sustraccion,prediction_component,143,19,9984.0,1.9045691370546972e-05,4.102474198560274e-08,1.4142135623730951,1,9.273618495495704,0.15249857033260467,0.8543319874271107,1.2,0,,102,107,173,178,118,124,-7.386954141647967,0.0,0.9997383385788985,True,4,small,0.5518172876195343
BraTS-GLI-02139-103,sustraccion,prediction_component,145,129,46080.0,1.3041303579710687e-05,1.9235097092017624e-08,1.4142135623730951,1,24.677925358506133,0.05730682550612528,0.45117805133447814,2.125,0,,104,121,36,44,66,82,-7.715905617185548,0.0,0.9801142650146497,True,4,small,0.5518172876195343
BraTS-GLI-02139-103,sustraccion,prediction_component,148,136,56576.0,1.0106261929031137e-05,1.155136942335368e-08,1.4142135623730951,1,31.240998703626616,0.04526787302125927,0.44330051054867275,2.0,0,,105,129,83,95,137,153,-7.937366526789025,0.0,0.9445127671289897,True,4,small,0.5518172876195343
BraTS-GLI-02139-103,sustraccion,prediction_component,151,36,16128.0,1.7576472889193975e-05,3.49394312109521e-08,1.4142135623730951,1,13.038404810405298,0.10846522890932808,0.6904152369103725,1.8,0,,106,114,99,104,43,52,-7.456684169300298,0.0,0.9986569086179816,True,4,small,0.5518172876195343
BraTS-GLI-02139-103,sustraccion,prediction_component,152,29,10240.0,2.7986466108667907e-05,8.858261553578505e-08,1.4142135623730951,1,8.246211251235321,0.17149858514250885,0.742013605090188,1.5,0,,107,113,29,33,104,108,-7.052651500660103,0.0,0.9999218073416449,True,4,small,0.5518172876195343
BraTS-GLI-02139-103,sustraccion,prediction_component,155,12,6144.0,2.4917498197257264e-05,7.022006780482366e-08,1.4142135623730951,1,6.4031242374328485,0.2208630521496931,0.9957510787676723,1.3333333333333333,0,,108,112,98,102,36,39,-7.153538755513696,0.0,0.999980987329517,True,4,small,0.5518172876195343
BraTS-GLI-02139-103,sustraccion,prediction_component,156,21,8960.0,2.476037855649951e-05,6.933730123813445e-08,1.4142135623730951,1,7.54983443527075,0.1873171623163388,0.8263006657894747,1.25,0,,108,113,146,150,42,46,-7.159033066057116,0.0,0.9999355242458272,True,4,small,0.5518172876195343
BraTS-GLI-02139-103,sustraccion,prediction_component,157,73,25088.0,1.8370619357937904e-05,3.816804984303193e-08,1.4142135623730951,1,16.431676725154983,0.08606629658238706,0.5454692181434626,5.0,0,,108,123,155,161,90,93,-7.4183000293107,0.0,0.9971105414704046,True,4,small,0.5518172876195343
BraTS-GLI-02139-103,sustraccion,prediction_component,160,22,9984.0,2.2052905797475442e-05,5.500270116629287e-08,1.4142135623730951,1,8.366600265340756,0.16903085094570333,0.8135863258112027,2.0,0,,110,116,40,43,121,126,-7.259615981909213,0.0,0.9998625358861765,True,4,small,0.5518172876195343
BraTS-GLI-02139-103,sustraccion,prediction_component,161,49,20224.0,1.7037093040871976e-05,3.2827919796893625e-08,1.4142135623730951,1,13.74772708486752,0.10286889997472795,0.6229872725752906,2.0,0,,110,120,102,110,30,35,-7.483756636288424,0.0,0.997938442719118,True,4,small,0.5518172876195343
BraTS-GLI-02139-103,sustraccion,prediction_component,162,12,5376.0,3.04433440619409e-05,1.0481829363285631e-07,1.4142135623730951,1,5.830951894845301,0.24253562503633297,0.9957510787676723,1.3333333333333333,0,,110,114,103,106,150,153,-6.979562914580636,0.0,0.9999933273110511,True,4,small,0.5518172876195343
BraTS-GLI-02139-103,sustraccion,prediction_component,164,197,66816.0,1.1406319101736865e-05,1.4714428798855863e-08,1.4142135623730951,1,25.65151067676132,0.05513178464199713,0.3917922059763808,1.4166666666666667,0,,113,130,38,53,109,121,-7.832256592165785,0.0,0.9621155408406976,True,4,small,0.5518172876195343
BraTS-GLI-02139-103,sustraccion,prediction_component,165,268,87296.0,1.0390663430154336e-05,1.2210654093321737e-08,1.7320508075688772,1,41.15823125451335,0.04208273180784325,0.43305716897224616,3.0,0,,113,146,89,100,33,55,-7.913261071394043,0.0,0.9441605850048068,True,4,small,0.5518172876195343
BraTS-GLI-02139-103,sustraccion,prediction_component,167,28,12288.0,2.055588726973155e-05,4.7788657256060547e-08,1.4142135623730951,1,11.0,0.128564869306645,0.7507439778384809,1.1666666666666667,0,,113,119,148,155,45,51,-7.3206751719164505,0.0,0.9995430439876889,True,4,small,0.5518172876195343
BraTS-GLI-02139-103,sustraccion,prediction_component,169,31,14848.0,1.7134039174684298e-05,3.320258403071985e-08,1.4142135623730951,1,11.180339887498949,0.12649110640673517,0.7257003006213092,1.6,0,,114,122,51,56,52,58,-7.4788281154943945,0.0,0.9990806180523494,True,4,small,0.5518172876195343
BraTS-GLI-02139-103,sustraccion,prediction_component,170,12,6144.0,2.4917498197257264e-05,7.022006780482366e-08,1.4142135623730951,1,6.4031242374328485,0.2208630521496931,0.9957510787676723,1.3333333333333333,0,,114,117,57,61,97,101,-7.153538755513696,0.0,0.999980987329517,True,4,small,0.5518172876195343
BraTS-GLI-02139-103,sustraccion,prediction_component,171,20,7936.0,2.8289645606535866e-05,9.051225550351545e-08,1.4142135623730951,1,7.0710678118654755,0.2,0.8398489863421099,1.6666666666666667,0,,114,119,64,68,90,93,-7.043292612648983,0.0,0.999968254598437,True,4,small,0.5518172876195343
BraTS-GLI-02139-103,sustraccion,prediction_component,172,25,12288.0,1.8353470776546024e-05,3.809682498091562e-08,1.4142135623730951,1,9.695359714832659,0.14586499149789456,0.7796467353853097,2.3333333333333335,0,,115,122,129,135,90,93,-7.419111217256814,0.0,0.9995722735147932,True,4,small,0.5518172876195343
BraTS-GLI-02139-103,sustraccion,prediction_component,173,165,57344.0,1.2015780017185217e-05,1.6328876748015478e-08,1.4142135623730951,1,22.561028345356956,0.06268391408072227,0.4156392503570261,1.1666666666666667,0,,115,128,173,187,71,83,-7.7870436890488035,0.0,0.9739781299428578,True,4,small,0.5518172876195343
BraTS-GLI-02139-103,sustraccion,prediction_component,175,64,26368.0,1.4947349486715612e-05,2.526857502554759e-08,1.4142135623730951,1,16.06237840420901,0.08804509063256238,0.5699252209515996,2.6,0,,118,131,83,88,34,42,-7.59741924862187,0.0,0.9950787321561357,True,4,small,0.5518172876195343
BraTS-GLI-02139-103,sustraccion,prediction_component,176,14,7680.0,2.080109539136373e-05,4.8935585030206e-08,1.4142135623730951,1,8.246211251235321,0.17149858514250885,0.9458781407605124,1.5,0,,118,124,98,102,147,151,-7.310375215276639,0.0,0.9998982798788448,True,4,small,0.5518172876195343
BraTS-GLI-02139-103,sustraccion,prediction_component,178,24,11520.0,1.9410312304685675e-05,4.261057744126781e-08,1.4142135623730951,1,9.797958971132712,0.14433756729740646,0.7903281549671363,2.0,0,,118,122,136,144,89,93,-7.3704825803769465,0.0,0.9996440636336645,True,4,small,0.5518172876195343
BraTS-GLI-02139-103,sustraccion,prediction_component,179,12,5376.0,3.04433440619409e-05,1.0481829363285631e-07,1.4142135623730951,1,5.830951894845301,0.24253562503633297,0.9957510787676723,1.3333333333333333,0,,118,121,160,163,54,58,-6.979562914580636,0.0,0.9999933273110511,True,4,small,0.5518172876195343
BraTS-GLI-02139-103,sustraccion,prediction_component,184,12,6144.0,2.4917498197257264e-05,7.022006780482366e-08,1.4142135623730951,1,6.4031242374328485,0.2208630521496931,0.9957510787676723,1.3333333333333333,0,,121,125,46,50,121,124,-7.153538755513696,0.0,0.999980987329517,True,4,small,0.5518172876195343
BraTS-GLI-02139-103,sustraccion,prediction_component,186,17,7168.0,2.8012503667152895e-05,8.874752009735003e-08,1.4142135623730951,1,6.928203230275509,0.20412414523193154,0.8866010210973454,1.0,0,,121,125,80,84,133,137,-7.051843773744237,0.0,0.9999740755427181,True,4,small,0.5518172876195343
BraTS-GLI-02139-103,sustraccion,prediction_component,187,17,6912.0,2.9583075859084555e-05,9.897808063694699e-08,1.4142135623730951,1,6.557438524302,0.21566554640687685,0.8866010210973454,1.6666666666666667,0,,121,124,96,101,92,95,-7.004460972194542,0.0,0.9999824911420518,True,4,small,0.5518172876195343
BraTS-GLI-02139-103,sustraccion,prediction_component,189,17,7680.0,2.5258472975227388e-05,7.215502078433436e-08,1.4142135623730951,1,7.0710678118654755,0.2,0.8866010210973454,1.6666666666666667,0,,122,126,160,163,58,63,-7.141733443876567,0.0,0.9999610775234591,True,4,small,0.5518172876195343
BraTS-GLI-02139-103,sustraccion,prediction_component,191,12,5376.0,3.04433440619409e-05,1.0481829363285631e-07,1.4142135623730951,1,5.830951894845301,0.24253562503633297,0.9957510787676723,1.3333333333333333,0,,123,127,54,57,97,100,-6.979562914580636,0.0,0.9999933273110511,True,4,small,0.5518172876195343
BraTS-GLI-02139-103,sustraccion,prediction_component,192,14,7680.0,2.080109539136373e-05,4.8935585030206e-08,1.4142135623730951,1,8.246211251235321,0.17149858514250885,0.9458781407605124,1.5,0,,123,127,57,63,63,67,-7.310375215276639,0.0,0.9998982798788448,True,4,small,0.5518172876195343
BraTS-GLI-02139-103,sustraccion,prediction_component,193,14,6912.0,2.4362533060422576e-05,6.712700278491907e-08,1.4142135623730951,1,7.0710678118654755,0.2,0.9458781407605124,1.6666666666666667,0,,123,128,109,112,34,38,-7.1731027435946135,0.0,0.9999641575636908,True,4,small,0.5518172876195343
BraTS-GLI-02139-103,sustraccion,prediction_component,197,12,5376.0,3.04433440619409e-05,1.0481829363285631e-07,1.4142135623730951,1,5.830951894845301,0.24253562503633297,0.9957510787676723,1.3333333333333333,0,,124,127,137,141,45,48,-6.979562914580636,0.0,0.9999933273110511,True,4,small,0.5518172876195343
BraTS-GLI-02139-103,sustraccion,prediction_component,198,12,5376.0,3.04433440619409e-05,1.0481829363285631e-07,1.4142135623730951,1,5.830951894845301,0.24253562503633297,0.9957510787676723,1.3333333333333333,0,,125,128,50,53,121,125,-6.979562914580636,0.0,0.9999933273110511,True,4,small,0.5518172876195343
BraTS-GLI-02139-103,sustraccion,prediction_component,199,30,10496.0,2.7898799880062535e-05,8.802852335771049e-08,1.4142135623730951,1,8.12403840463596,0.17407765595569785,0.73367566779705,1.25,0,,125,130,126,131,90,94,-7.055376583194009,0.0,0.9999226972524412,True,4,small,0.5518172876195343
BraTS-GLI-02139-103,sustraccion,prediction_component,200,14,7680.0,2.080109539136373e-05,4.8935585030206e-08,1.4142135623730951,1,8.12403840463596,0.17407765595569785,0.9458781407605124,1.25,0,,126,130,96,101,135,140,-7.310375215276639,0.0,0.9999031513760134,True,4,small,0.5518172876195343
BraTS-GLI-02139-103,sustraccion,prediction_component,201,34,14336.0,1.9807831301056843e-05,4.4373760048675013e-08,1.4142135623730951,1,10.677078252031311,0.13245323570650439,0.7036956967830031,1.75,0,,127,131,58,65,51,58,-7.352873769408219,0.0,0.9994420837619807,True,4,small,0.5518172876195343
BraTS-GLI-02139-103,sustraccion,prediction_component,203,14,6912.0,2.4362533060422576e-05,6.712700278491907e-08,1.4142135623730951,1,7.0710678118654755,0.2,0.9458781407605124,1.6666666666666667,0,,128,133,110,113,37,41,-7.1731027435946135,0.0,0.9999641575636908,True,4,small,0.5518172876195343
BraTS-GLI-02139-103,sustraccion,prediction_component,204,16,6656.0,2.9464563572443515e-05,9.818664009850627e-08,1.4142135623730951,1,6.4031242374328485,0.2208630521496931,0.9046998952817776,1.3333333333333333,0,,128,132,135,139,90,93,-7.007947601074732,0.0,0.9999848741368333,True,4,small,0.5518172876195343
BraTS-GLI-02139-103,sustraccion,prediction_component,205,163,53248.0,1.3265775825018126e-05,1.9902960516183572e-08,1.4142135623730951,1,29.274562336608895,0.048308615039636994,0.41733230061614357,3.142857142857143,0,,128,146,136,143,48,70,-7.701082318554497,0.0,0.9751101430252096,True,4,small,0.5518172876195343
BraTS-GLI-02139-103,sustraccion,prediction_component,206,17,7680.0,2.5258472975227388e-05,7.215502078433436e-08,1.4142135623730951,1,7.0710678118654755,0.2,0.8866010210973454,1.6666666666666667,0,,129,134,95,98,128,132,-7.141733443876567,0.0,0.9999610775234591,True,4,small,0.5518172876195343
BraTS-GLI-02139-103,sustraccion,prediction_component,208,12,6144.0,2.4917498197257264e-05,7.022006780482366e-08,1.4142135623730951,1,6.4031242374328485,0.2208630521496931,0.9957510787676723,1.3333333333333333,0,,130,134,71,74,134,138,-7.153538755513696,0.0,0.999980987329517,True,4,small,0.5518172876195343
BraTS-GLI-02139-103,sustraccion,prediction_component,209,35,13056.0,2.346134102183878e-05,6.225267788292032e-08,1.4142135623730951,1,9.486832980505138,0.14907119849998599,0.6969289728874266,1.75,0,,132,139,125,130,90,94,-7.205841962067385,0.0,0.9997566781954943,True,4,small,0.5518172876195343
BraTS-GLI-02139-103,sustraccion,prediction_component,210,84,29184.0,1.684853176673483e-05,3.2105282495396853e-08,1.4142135623730951,1,18.384776310850235,0.07692307692307693,0.5205368011851539,2.6,0,,133,145,125,130,48,61,-7.493423504359782,0.0,0.9950967322312606,True,4,small,0.5518172876195343
BraTS-GLI-02139-103,sustraccion,prediction_component,212,19,8448.0,2.446936747720066e-05,6.771702339772293e-08,1.4142135623730951,1,8.12403840463596,0.17407765595569785,0.8543319874271107,1.25,0,,134,139,133,137,122,127,-7.169302140202132,0.0,0.9999215399297229,True,4,small,0.5518172876195343
BraTS-GLI-02139-103,sustraccion,prediction_component,213,14,7680.0,2.080109539136373e-05,4.8935585030206e-08,1.4142135623730951,1,8.12403840463596,0.17407765595569785,0.9458781407605124,1.25,0,,134,139,145,149,57,62,-7.310375215276639,0.0,0.9999031513760134,True,4,small,0.5518172876195343
BraTS-GLI-02139-103,sustraccion,prediction_component,217,12,5376.0,3.04433440619409e-05,1.0481829363285631e-07,1.4142135623730951,1,5.830951894845301,0.24253562503633297,0.9957510787676723,1.3333333333333333,0,,135,138,77,81,46,49,-6.979562914580636,0.0,0.9999933273110511,True,4,small,0.5518172876195343
BraTS-GLI-02139-103,sustraccion,prediction_component,219,19,9216.0,2.147533275462963e-05,5.2159350776834036e-08,1.4142135623730951,1,8.366600265340756,0.16903085094570333,0.8543319874271107,2.0,0,,138,143,60,66,64,67,-7.282667822870332,0.0,0.9998694006949949,True,4,small,0.5518172876195343
BraTS-GLI-02139-103,sustraccion,prediction_component,220,12,6144.0,2.4917498197257264e-05,7.022006780482366e-08,1.4142135623730951,1,6.4031242374328485,0.2208630521496931,0.9957510787676723,1.3333333333333333,0,,138,141,62,66,120,124,-7.153538755513696,0.0,0.999980987329517,True,4,small,0.5518172876195343
BraTS-GLI-02139-103,sustraccion,prediction_component,221,16,7680.0,2.3772680447272836e-05,6.391586616190171e-08,1.4142135623730951,1,6.928203230275509,0.20412414523193154,0.9046998952817776,1.0,0,,138,142,70,74,53,57,-7.194391321321265,0.0,0.9999589386325237,True,4,small,0.5518172876195343
BraTS-GLI-02139-103,sustraccion,prediction_component,222,12,6144.0,2.4917498197257264e-05,7.022006780482366e-08,1.4142135623730951,1,6.4031242374328485,0.2208630521496931,0.9957510787676723,1.3333333333333333,0,,140,144,94,97,130,134,-7.153538755513696,0.0,0.999980987329517,True,4,small,0.5518172876195343
BraTS-GLI-02139-103,sustraccion,prediction_component,223,20,8192.0,2.6973983046972178e-05,8.228914195877773e-08,1.4142135623730951,1,6.928203230275509,0.20412414523193154,0.8398489863421099,1.0,0,,141,145,109,113,129,133,-7.084657466105883,0.0,0.9999658706222234,True,4,small,0.5518172876195343
BraTS-GLI-02139-103,sustraccion,prediction_component,224,68,25600.0,1.66015625e-05,3.117096897883244e-08,1.4142135623730951,1,17.72004514666935,0.07980868844676223,0.5585236446694171,1.625,0,,142,150,61,70,100,113,-7.506249697061655,0.0,0.9957102518539511,True,4,small,0.5518172876195343
BraTS-GLI-02139-103,sustraccion,prediction_component,225,14,6144.0,2.9070414563466808e-05,9.557731451212109e-08,1.4142135623730951,1,6.928203230275509,0.20412414523193154,0.9458781407605124,1.0,0,,142,146,115,119,52,56,-7.019645176252469,0.0,0.9999810679105652,True,4,small,0.5518172876195343
BraTS-GLI-02139-103,sustraccion,prediction_component,226,57,22016.0,1.7448866939373608e-05,3.443394925697693e-08,1.4142135623730951,1,14.352700094407323,0.09853292781642932,0.5923607155209719,1.8333333333333333,0,,142,148,134,141,105,116,-7.463013164859848,0.0,0.9977025749936844,True,4,small,0.5518172876195343
BraTS-GLI-02139-103,sustraccion,prediction_component,227,30,10240.0,2.8951516664139214e-05,9.479709153651194e-08,1.4142135623730951,1,8.660254037844387,0.1632993161855452,0.73367566779705,1.0,0,,142,147,140,145,74,79,-7.02320498701869,0.0,0.9999156075308449,True,4,small,0.5518172876195343
BraTS-GLI-02139-103,sustraccion,prediction_component,228,161,53760.0,1.2916266166075967e-05,1.886802075873103e-08,1.7320508075688772,1,28.035691537752374,0.06178020632152154,0.5132333531034245,4.0,0,,144,149,67,87,60,79,-7.724273654612186,0.0,0.9846076722956912,True,4,small,0.5518172876195343
BraTS-GLI-02139-103,sustraccion,prediction_component,232,57,22272.0,1.7148890559265644e-05,3.326016742307281e-08,1.4142135623730951,1,14.352700094407323,0.09853292781642932,0.5923607155209719,1.8333333333333333,0,,144,150,124,131,61,72,-7.478075568985,0.0,0.9975731206772864,True,4,small,0.5518172876195343
BraTS-GLI-02139-103,sustraccion,prediction_component,236,19,8448.0,2.446936747720066e-05,6.771702339772293e-08,1.4142135623730951,1,7.54983443527075,0.1873171623163388,0.8543319874271107,1.25,0,,147,151,110,114,118,123,-7.169302140202132,0.0,0.9999390134201143,True,4,small,0.5518172876195343
BraTS-GLI-02139-103,sustraccion,prediction_component,242,12,5376.0,3.04433440619409e-05,1.0481829363285631e-07,1.4142135623730951,1,5.830951894845301,0.24253562503633297,0.9957510787676723,1.3333333333333333,0,,155,158,105,109,83,86,-6.979562914580636,0.0,0.9999933273110511,True,4,small,0.5518172876195343
BraTS-GLI-02139-103,gmm_2d,prediction_component,1,25,9984.0,2.5060120224403912e-05,7.102621534903521e-08,1.7320508075688772,1,8.660254037844387,0.19999999999999996,0.9548683406603533,1.0,0,,27,32,80,85,94,99,-7.14858132620955,0.0,0.99996818860877,True,4,small,0.5518172876195343
BraTS-GLI-02139-103,gmm_2d,prediction_component,2,25,9984.0,2.5060120224403912e-05,7.102621534903521e-08,1.7320508075688772,1,8.660254037844387,0.19999999999999996,0.9548683406603533,1.0,0,,30,35,79,84,99,104,-7.14858132620955,0.0,0.99996818860877,True,4,small,0.5518172876195343
BraTS-GLI-02139-103,gmm_2d,prediction_component,3,56,16640.0,2.6089036722489758e-05,7.697832583722892e-08,1.7320508075688772,1,10.488088481701515,0.1651445647689541,0.7297836929246639,1.4,0,,32,37,130,137,60,66,-7.113631538390294,0.0,0.999885206989513,True,4,small,0.5518172876195343
BraTS-GLI-02139-103,gmm_2d,prediction_component,4,87,22016.0,2.6632481117991294e-05,8.02187017316277e-08,2.23606797749979,1,11.74734012447073,0.19034674690672027,0.8134698374073943,1.6,1,,32,37,135,143,65,72,-7.095724370967594,0.6931471805599453,0.9999283174640752,True,4,small,0.5518172876195343
BraTS-GLI-02139-103,gmm_2d,prediction_component,5,101,29696.0,1.973669555230738e-05,4.4055613904445006e-08,2.23606797749979,1,14.798648586948742,0.15109947130387485,0.7739996197824753,1.5714285714285714,1,,34,41,125,132,51,62,-7.355998742589598,0.6931471805599453,0.99955444186287,True,4,small,0.5518172876195343
BraTS-GLI-02139-103,gmm_2d,prediction_component,6,127,34304.0,1.998879322543157e-05,4.518825016204789e-08,2.23606797749979,1,15.620499351813308,0.14314958357846708,0.7171004003270584,2.0,1,,36,44,109,115,49,61,-7.344974475656636,0.6931471805599453,0.9993986217171911,True,4,small,0.5518172876195343
BraTS-GLI-02139-103,gmm_2d,prediction_component,7,25,9984.0,2.5060120224403912e-05,7.102621534903521e-08,1.7320508075688772,1,8.660254037844387,0.19999999999999996,0.9548683406603533,1.0,0,,37,42,53,58,122,127,-7.14858132620955,0.0,0.99996818860877,True,4,small,0.5518172876195343
BraTS-GLI-02139-103,gmm_2d,prediction_component,8,25,9984.0,2.5060120224403912e-05,7.102621534903521e-08,1.7320508075688772,1,8.660254037844387,0.19999999999999996,0.9548683406603533,1.0,0,,37,42,76,81,101,106,-7.14858132620955,0.0,0.99996818860877,True,4,small,0.5518172876195343
BraTS-GLI-02139-103,gmm_2d,prediction_component,9,100,28416.0,2.0876398766374994e-05,4.929053603832519e-08,1.7320508075688772,1,14.45683229480096,0.11980845957463075,0.6015293611380839,1.125,0,,38,47,82,90,119,127,-7.3072364588341,0.0,0.9991566353975551,True,4,small,0.5518172876195343
BraTS-GLI-02139-103,gmm_2d,prediction_component,10,209,58624.0,1.4724247694535703e-05,2.4519894809722972e-08,2.449489742783178,1,21.236760581595302,0.11534196721631886,0.6653595574123379,1.8888888888888888,1,,38,47,83,92,101,118,-7.610481397271683,0.6931471805599453,0.9968149256714106,True,4,small,0.5518172876195343
BraTS-GLI-02139-103,gmm_2d,prediction_component,11,25,9984.0,2.5060120224403912e-05,7.102621534903521e-08,1.7320508075688772,1,8.660254037844387,0.19999999999999996,0.9548683406603533,1.0,0,,38,43,114,119,122,127,-7.14858132620955,0.0,0.99996818860877,True,4,small,0.5518172876195343
BraTS-GLI-02139-103,gmm_2d,prediction_component,12,59,19456.0,2.1740607489918187e-05,5.3455909614067176e-08,1.7320508075688772,1,11.661903789690601,0.14852213144650114,0.71719869927557,1.3333333333333333,0,,38,44,121,129,72,78,-7.272004276032213,0.0,0.9997073959372721,True,4,small,0.5518172876195343
BraTS-GLI-02139-103,gmm_2d,prediction_component,13,59,18176.0,2.4077120183702874e-05,6.556339810384356e-08,1.7320508075688772,1,11.180339887498949,0.15491933384829665,0.71719869927557,1.6,0,,38,43,121,129,107,113,-7.183338545347065,0.0,0.999812508206742,True,4,small,0.5518172876195343
BraTS-GLI-02139-103,gmm_2d,prediction_component,14,1182,284160.0,7.803205788242309e-06,6.886499087200904e-09,2.449489742783178,1,52.66877632905477,0.046507435970786264,0.3734501768553066,2.0476190476190474,8,,40,61,68,90,66,109,-8.162001505743627,2.1972245773362196,0.6661875462779844,True,4,small,0.5518172876195343
BraTS-GLI-02139-103,gmm_2d,prediction_component,15,25,9984.0,2.5060120224403912e-05,7.102621534903521e-08,1.7320508075688772,1,8.660254037844387,0.19999999999999996,0.9548683406603533,1.0,0,,40,45,136,141,46,51,-7.14858132620955,0.0,0.99996818860877,True,4,small,0.5518172876195343
BraTS-GLI-02139-103,gmm_2d,prediction_component,16,538,151552.0,9.118843611668997e-06,9.404417667311497e-09,2.23606797749979,1,33.97057550292606,0.06582367076198593,0.4431871026891306,1.411764705882353,3,,41,58,47,71,84,101,-8.026668091310109,1.3862943611198906,0.8998584411060045,True,4,small,0.5518172876195343
BraTS-GLI-02139-103,gmm_2d,prediction_component,17,279,63232.0,1.754683633981232e-05,3.482170438433002e-08,2.449489742783178,1,23.2163735324878,0.10550699226799946,0.604278432346979,1.8888888888888888,3,,42,59,59,72,96,105,-7.45814997570593,1.3862943611198906,0.9961652330706041,True,4,small,0.5518172876195343
BraTS-GLI-02139-103,gmm_2d,prediction_component,18,25,9984.0,2.5060120224403912e-05,7.102621534903521e-08,1.7320508075688772,1,8.660254037844387,0.19999999999999996,0.9548683406603533,1.0,0,,42,47,83,88,114,119,-7.14858132620955,0.0,0.99996818860877,True,4,small,0.5518172876195343
BraTS-GLI-02139-103,gmm_2d,prediction_component,19,132,43520.0,1.4539203028471523e-05,2.390746759564416e-08,1.7320508075688772,1,18.05547008526779,0.0959294219086619,0.5483596872448435,2.0,0,,42,51,89,103,98,105,-7.62146642419725,0.0,0.995032948477133,True,4,small,0.5518172876195343
BraTS-GLI-02139-103,gmm_2d,prediction_component,20,25,9984.0,2.5060120224403912e-05,7.102621534903521e-08,1.7320508075688772,1,8.660254037844387,0.19999999999999996,0.9548683406603533,1.0,0,,43,48,121,126,139,144,-7.14858132620955,0.0,0.99996818860877,True,4,small,0.5518172876195343
BraTS-GLI-02139-103,gmm_2d,prediction_component,21,25,9984.0,2.5060120224403912e-05,7.102621534903521e-08,1.7320508075688772,1,8.660254037844387,0.19999999999999996,0.9548683406603533,1.0,0,,44,49,89,94,82,87,-7.14858132620955,0.0,0.99996818860877,True,4,small,0.5518172876195343
BraTS-GLI-02139-103,gmm_2d,prediction_component,22,194,48128.0,1.8374054832030955e-05,3.8182326727733884e-08,1.7320508075688772,1,18.027756377319946,0.09607689228305227,0.48230628408223986,1.3333333333333333,0,,44,53,107,119,67,77,-7.418137610404715,0.0,0.9970562083241217,True,4,small,0.5518172876195343
BraTS-GLI-02139-103,gmm_2d,prediction_component,23,16333,3600640.0,2.3905421707715662e-06,6.463164238943977e-10,2.8284271247461903,2,138.88844444373333,0.020364740465446327,0.17970184770560463,1.6440677966101696,64,,45,104,48,128,47,144,-9.189554807846351,4.174387269895637,0.005473198917401382,False,4,small,0.5518172876195343
BraTS-GLI-02139-103,gmm_2d,prediction_component,24,50,19968.0,1.772018094802615e-05,3.551310767451761e-08,1.7320508075688772,1,12.68857754044952,0.136504726557987,0.757879504227687,2.0,0,,45,51,112,122,142,147,-7.449611321873531,0.0,0.999386005625403,True,4,small,0.5518172876195343
BraTS-GLI-02139-103,gmm_2d,prediction_component,25,25,9984.0,2.5060120224403912e-05,7.102621534903521e-08,1.7320508075688772,1,8.660254037844387,0.19999999999999996,0.9548683406603533,1.0,0,,45,50,139,144,132,137,-7.14858132620955,0.0,0.99996818860877,True,4,small,0.5518172876195343
BraTS-GLI-02139-103,gmm_2d,prediction_component,26,59,19456.0,2.1740607489918187e-05,5.3455909614067176e-08,1.7320508075688772,1,11.661903789690601,0.14852213144650114,0.71719869927557,1.3333333333333333,0,,47,53,81,89,119,125,-7.272004276032213,0.0,0.9997073959372721,True,4,small,0.5518172876195343
BraTS-GLI-02139-103,gmm_2d,prediction_component,27,50,17152.0,2.2258600373918718e-05,5.6033542268023926e-08,1.7320508075688772,1,11.575836902790225,0.14962640041614492,0.757879504227687,1.1666666666666667,0,,47,53,103,110,95,102,-7.25155192190457,0.0,0.999767673435595,True,4,small,0.5518172876195343
BraTS-GLI-02139-103,gmm_2d,prediction_component,28,25,9984.0,2.5060120224403912e-05,7.102621534903521e-08,1.7320508075688772,1,8.660254037844387,0.19999999999999996,0.9548683406603533,1.0,0,,47,52,120,125,71,76,-7.14858132620955,0.0,0.99996818860877,True,4,small,0.5518172876195343
BraTS-GLI-02139-103,gmm_2d,prediction_component,29,1405,302592.0,8.440927332268223e-06,8.058100811703266e-09,2.8284271247461903,1,46.76537180435969,0.0604812282168686,0.40708248957704063,2.176470588235294,5,,49,66,131,154,47,84,-8.09376730362764,1.791759469228055,0.8210409575759349,True,4,small,0.5518172876195343
BraTS-GLI-02139-103,gmm_2d,prediction_component,30,69,23808.0,1.8782989682144485e-05,3.9900819301133063e-08,1.7320508075688772,1,14.594519519326424,0.11867816581938533,0.6807282909996718,1.4285714285714286,0,,49,56,131,141,115,123,-7.399018186661422,0.0,0.9990742534525042,True,4,small,0.5518172876195343
BraTS-GLI-02139-103,gmm_2d,prediction_component,31,115,28672.0,2.3687043542077816e-05,6.34562042218563e-08,2.23606797749979,1,13.379088160259652,0.1671315676162189,0.7412224963301063,1.2857142857142858,1,,50,59,101,108,51,58,-7.197525909777449,0.6931471805599453,0.9997945443653891,True,4,small,0.5518172876195343
BraTS-GLI-02139-103,gmm_2d,prediction_component,32,121,38656.0,1.592062091126059e-05,2.866634849642665e-08,1.7320508075688772,1,17.0,0.10188534162169866,0.564497089423651,1.5,0,,50,62,107,115,88,97,-7.542627623720736,0.0,0.9968414881443715,True,4,small,0.5518172876195343
BraTS-GLI-02139-103,gmm_2d,prediction_component,33,25,9984.0,2.5060120224403912e-05,7.102621534903521e-08,1.7320508075688772,1,8.660254037844387,0.19999999999999996,0.9548683406603533,1.0,0,,50,55,108,113,33,38,-7.14858132620955,0.0,0.99996818860877,True,4,small,0.5518172876195343
BraTS-GLI-02139-103,gmm_2d,prediction_component,34,159,40448.0,1.954571427881803e-05,4.320713454733797e-08,2.23606797749979,1,16.55294535724685,0.1350858067395748,0.6653479613062414,1.7142857142857142,1,,51,60,115,127,76,83,-7.364444534696492,0.6931471805599453,0.999106363158071,True,4,small,0.5518172876195343
BraTS-GLI-02139-103,gmm_2d,prediction_component,35,472,101632.0,1.4567877824150485e-05,2.400186311010836e-08,2.8284271247461903,1,29.274562336608895,0.09661723007927399,0.5855902858043154,3.142857142857143,4,,51,73,179,197,88,95,-7.619755045495297,1.6094379124341003,0.990298519331151,True,4,small,0.5518172876195343
BraTS-GLI-02139-103,gmm_2d,prediction_component,36,64,20224.0,2.2252529686036867e-05,5.600298187758279e-08,1.7320508075688772,1,11.661903789690601,0.14852213144650114,0.6980129914371896,1.3333333333333333,0,,52,58,129,135,36,44,-7.251788848377678,0.0,0.9997103134480926,True,4,small,0.5518172876195343
BraTS-GLI-02139-103,gmm_2d,prediction_component,37,235,59904.0,1.6028176943343115e-05,2.9054983278892367e-08,2.23606797749979,1,23.83275057562597,0.0938233281301002,0.5841063368604688,1.8,1,,52,62,129,147,103,115,-7.536779370161083,0.6931471805599453,0.9952059650587102,True,4,small,0.5518172876195343
BraTS-GLI-02139-103,gmm_2d,prediction_component,38,74,24576.0,1.920723819371914e-05,4.172364271909878e-08,1.7320508075688772,1,13.114877048604,0.13206763594884358,0.6650376873001744,1.6666666666666667,0,,52,58,175,185,77,83,-7.379617782130881,0.0,0.9992955933750954,True,4,small,0.5518172876195343
BraTS-GLI-02139-103,gmm_2d,prediction_component,39,25,9984.0,2.5060120224403912e-05,7.102621534903521e-08,1.7320508075688772,1,8.660254037844387,0.19999999999999996,0.9548683406603533,1.0,0,,53,58,136,141,139,144,-7.14858132620955,0.0,0.99996818860877,True,4,small,0.5518172876195343
BraTS-GLI-02139-103,gmm_2d,prediction_component,40,81,26368.0,1.8917739194124448e-05,4.047537127505316e-08,1.7320508075688772,1,14.594519519326424,0.11867816581938533,0.6453002363415847,1.4285714285714286,0,,54,61,45,53,126,136,-7.392809158832344,0.0,0.9989820717908997,True,4,small,0.5518172876195343
BraTS-GLI-02139-103,gmm_2d,prediction_component,41,60,18432.0,2.3976873819530824e-05,6.501858130076264e-08,1.7320508075688772,1,11.090536506409418,0.15617376188860604,0.7131919190287451,1.4,0,,54,59,68,75,86,93,-7.186962511000646,0.0,0.9998120097653477,True,4,small,0.5518172876195343
BraTS-GLI-02139-103,gmm_2d,prediction_component,42,46,15616.0,2.357236358908017e-05,6.284324984734695e-08,1.7320508075688772,1,10.488088481701515,0.1651445647689541,0.7792393700163133,1.4,0,,54,59,123,129,142,149,-7.20174136414328,0.0,0.9998656732064138,True,4,small,0.5518172876195343
BraTS-GLI-02139-103,gmm_2d,prediction_component,43,50,15360.0,2.6265349298824172e-05,7.802229756091518e-08,1.7320508075688772,1,10.392304845413264,0.16666666666666666,0.757879504227687,1.0,0,,54,60,143,149,42,48,-7.1077812649530205,0.0,0.999900563037611,True,4,small,0.5518172876195343
BraTS-GLI-02139-103,gmm_2d,prediction_component,44,25,9984.0,2.5060120224403912e-05,7.102621534903521e-08,1.7320508075688772,1,8.660254037844387,0.19999999999999996,0.9548683406603533,1.0,0,,55,60,42,47,95,100,-7.14858132620955,0.0,0.99996818860877,True,4,small,0.5518172876195343
BraTS-GLI-02139-103,gmm_2d,prediction_component,45,326,68608.0,1.8140759304743754e-05,3.721887961297819e-08,3.0,1,21.61018278497431,0.13882344401482424,0.7026595034628892,1.3636363636363635,1,,55,66,155,170,71,82,-7.429236704424616,0.6931471805599453,0.9990687108719296,True,4,small,0.5518172876195343
BraTS-GLI-02139-103,gmm_2d,prediction_component,46,25,9984.0,2.5060120224403912e-05,7.102621534903521e-08,1.7320508075688772,1,8.660254037844387,0.19999999999999996,0.9548683406603533,1.0,0,,55,60,182,187,99,104,-7.14858132620955,0.0,0.99996818860877,True,4,small,0.5518172876195343
BraTS-GLI-02139-103,gmm_2d,prediction_component,47,341,100608.0,1.0685764666832753e-05,1.2914083328734687e-08,1.7320508075688772,1,28.478061731796284,0.060820529988352766,0.39964284083395724,1.2666666666666666,0,,56,75,127,142,43,58,-7.8889364156154125,0.0,0.9593852485058261,True,4,small,0.5518172876195343
BraTS-GLI-02139-103,gmm_2d,prediction_component,48,44,13824.0,2.7070862238995545e-05,8.288129935688987e-08,1.7320508075688772,1,10.392304845413264,0.16666666666666666,0.7908715233027805,1.0,0,,56,62,130,136,70,76,-7.081543448970658,0.0,0.9999190159742366,True,4,small,0.5518172876195343
BraTS-GLI-02139-103,gmm_2d,prediction_component,49,203,57088.0,1.4882599520371213e-05,2.5050128857170162e-08,2.23606797749979,1,21.118712081942874,0.10588088747190669,0.6133135023490537,1.5,1,,56,67,133,143,121,136,-7.601190035792183,0.6931471805599453,0.9956233076997292,True,4,small,0.5518172876195343
BraTS-GLI-02139-103,gmm_2d,prediction_component,50,102,30208.0,1.9427513205448264e-05,4.2686131616653235e-08,2.23606797749979,1,15.297058540778355,0.14617633655117154,0.7714618978944139,1.5714285714285714,1,,57,68,43,51,91,98,-7.369713200868668,0.6931471805599453,0.9994812603272359,True,4,small,0.5518172876195343
BraTS-GLI-02139-103,gmm_2d,prediction_component,51,25,9984.0,2.5060120224403912e-05,7.102621534903521e-08,1.7320508075688772,1,8.660254037844387,0.19999999999999996,0.9548683406603533,1.0,0,,57,62,121,126,148,153,-7.14858132620955,0.0,0.99996818860877,True,4,small,0.5518172876195343
BraTS-GLI-02139-103,gmm_2d,prediction_component,52,162,46336.0,1.6241913913053694e-05,2.9835050824159105e-08,2.23606797749979,1,17.4928556845359,0.12782749814122843,0.6612152586500565,1.375,1,,57,68,123,134,31,39,-7.5252732179964195,0.6931471805599453,0.9981315316263212,True,4,small,0.5518172876195343
BraTS-GLI-02139-103,gmm_2d,prediction_component,53,38,12544.0,2.7047649416909622e-05,8.273922157753891e-08,1.7320508075688772,1,9.273618495495704,0.18677184190940707,0.8304795924748166,1.2,0,,57,62,144,150,100,105,-7.082288569326049,0.0,0.9999514379352742,True,4,small,0.5518172876195343
BraTS-GLI-02139-103,gmm_2d,prediction_component,54,47,14592.0,2.6664020003279646e-05,8.040880842667987e-08,1.7320508075688772,1,9.848857801796104,0.17586311452816475,0.7736731845058752,1.2,0,,57,63,145,151,115,120,-7.094696373620167,0.0,0.999924483815645,True,4,small,0.5518172876195343
BraTS-GLI-02139-103,gmm_2d,prediction_component,55,170,37888.0,2.305135188079895e-05,6.009594573547679e-08,2.23606797749979,1,15.297058540778355,0.14617633655117154,0.6506761647198314,1.5714285714285714,1,,57,64,146,157,69,77,-7.221154825902452,0.6931471805599453,0.9995493461570151,True,4,small,0.5518172876195343
BraTS-GLI-02139-103,gmm_2d,prediction_component,56,25,9984.0,2.5060120224403912e-05,7.102621534903521e-08,1.7320508075688772,1,8.660254037844387,0.19999999999999996,0.9548683406603533,1.0,0,,57,62,176,181,88,93,-7.14858132620955,0.0,0.99996818860877,True,4,small,0.5518172876195343
BraTS-GLI-02139-103,gmm_2d,prediction_component,57,118,36352.0,1.7025094953339795e-05,3.278169905192178e-08,1.7320508075688772,1,15.84297951775486,0.10932607756185055,0.5692409848501322,1.5714285714285714,0,,58,65,80,89,133,144,-7.4843685410110465,0.0,0.9978159191792956,True,4,small,0.5518172876195343
BraTS-GLI-02139-103,gmm_2d,prediction_component,58,614,152832.0,1.0276540224090334e-05,1.1943901864830237e-08,2.449489742783178,1,35.86084215408221,0.06830541603731803,0.46456772844590927,1.1578947368421053,3,,58,79,127,149,126,145,-7.9228537735799,1.3862943611198906,0.936588745159648,True,4,small,0.5518172876195343
BraTS-GLI-02139-103,gmm_2d,prediction_component,59,25,9984.0,2.5060120224403912e-05,7.102621534903521e-08,1.7320508075688772,1,8.660254037844387,0.19999999999999996,0.9548683406603533,1.0,0,,58,63,133,138,142,147,-7.14858132620955,0.0,0.99996818860877,True,4,small,0.5518172876195343
BraTS-GLI-02139-103,gmm_2d,prediction_component,60,393,109568.0,1.083594891400049e-05,1.3279639064572277e-08,2.23606797749979,1,28.478061731796284,0.07851896658413302,0.4920965894986096,1.2666666666666666,2,,58,73,140,159,121,136,-7.87681372876279,1.0986122886681098,0.9641681270717305,True,4,small,0.5518172876195343
BraTS-GLI-02139-103,gmm_2d,prediction_component,61,25,9984.0,2.5060120224403912e-05,7.102621534903521e-08,1.7320508075688772,1,8.660254037844387,0.19999999999999996,0.9548683406603533,1.0,0,,58,63,171,176,83,88,-7.14858132620955,0.0,0.99996818860877,True,4,small,0.5518172876195343
BraTS-GLI-02139-103,gmm_2d,prediction_component,62,180,52224.0,1.508229065689636e-05,2.5726871982227272e-08,1.7320508075688772,1,17.72004514666935,0.09774528186766118,0.49449965783434546,1.7142857142857142,0,,59,71,162,169,54,65,-7.589613014545212,0.0,0.9948919751154914,True,4,small,0.5518172876195343
BraTS-GLI-02139-103,gmm_2d,prediction_component,63,25,9984.0,2.5060120224403912e-05,7.102621534903521e-08,1.7320508075688772,1,8.660254037844387,0.19999999999999996,0.9548683406603533,1.0,0,,59,64,165,170,121,126,-7.14858132620955,0.0,0.99996818860877,True,4,small,0.5518172876195343
BraTS-GLI-02139-103,gmm_2d,prediction_component,64,71,19968.0,2.5162656946197136e-05,7.160863031489731e-08,1.7320508075688772,1,11.575836902790225,0.14962640041614492,0.6742755017744779,1.1666666666666667,0,,60,67,78,84,42,49,-7.145034633107418,0.0,0.9997920556359121,True,4,small,0.5518172876195343
BraTS-GLI-02139-103,gmm_2d,prediction_component,65,25,9984.0,2.5060120224403912e-05,7.102621534903521e-08,1.7320508075688772,1,8.660254037844387,0.19999999999999996,0.9548683406603533,1.0,0,,60,65,87,92,142,147,-7.14858132620955,0.0,0.99996818860877,True,4,small,0.5518172876195343
BraTS-GLI-02139-103,gmm_2d,prediction_component,66,25,9984.0,2.5060120224403912e-05,7.102621534903521e-08,1.7320508075688772,1,8.660254037844387,0.19999999999999996,0.9548683406603533,1.0,0,,60,65,92,97,40,45,-7.14858132620955,0.0,0.99996818860877,True,4,small,0.5518172876195343
BraTS-GLI-02139-103,gmm_2d,prediction_component,67,565,145152.0,1.0216776936619954e-05,1.1805386128804242e-08,2.23606797749979,1,33.61547262794322,0.06651901052377394,0.4360119469568336,1.2352941176470589,2,,60,77,122,143,63,83,-7.92791980351397,1.0986122886681098,0.9365147418581561,True,4,small,0.5518172876195343
BraTS-GLI-02139-103,gmm_2d,prediction_component,68,25,9984.0,2.5060120224403912e-05,7.102621534903521e-08,1.7320508075688772,1,8.660254037844387,0.19999999999999996,0.9548683406603533,1.0,0,,61,66,108,113,151,156,-7.14858132620955,0.0,0.99996818860877,True,4,small,0.5518172876195343
BraTS-GLI-02139-103,gmm_2d,prediction_component,69,74,22016.0,2.2652914973923632e-05,5.8036413090552686e-08,1.7320508075688772,1,11.575836902790225,0.14962640041614492,0.6650376873001744,1.1666666666666667,0,,61,67,136,143,95,102,-7.236299436742878,0.0,0.9997008960835848,True,4,small,0.5518172876195343
BraTS-GLI-02139-103,gmm_2d,prediction_component,70,25,9984.0,2.5060120224403912e-05,7.102621534903521e-08,1.7320508075688772,1,8.660254037844387,0.19999999999999996,0.9548683406603533,1.0,0,,62,67,48,53,78,83,-7.14858132620955,0.0,0.99996818860877,True,4,small,0.5518172876195343
BraTS-GLI-02139-103,gmm_2d,prediction_component,71,56,18688.0,2.1920163483864352e-05,5.434254218465772e-08,1.7320508075688772,1,10.677078252031311,0.16222142113076252,0.7297836929246639,1.6,0,,62,67,112,117,81,89,-7.2648600488230946,0.0,0.9997893203462327,True,4,small,0.5518172876195343
BraTS-GLI-02139-103,gmm_2d,prediction_component,72,635,136192.0,1.2634158730134115e-05,1.8052819139076717e-08,2.8284271247461903,1,32.155870381627054,0.0879598994267085,0.5304567191039686,1.8461538461538463,3,,62,79,122,135,100,124,-7.743454968775321,1.3862943611198906,0.9809211528248302,True,4,small,0.5518172876195343
BraTS-GLI-02139-103,gmm_2d,prediction_component,73,25,9984.0,2.5060120224403912e-05,7.102621534903521e-08,1.7320508075688772,1,8.660254037844387,0.19999999999999996,0.9548683406603533,1.0,0,,62,67,153,158,132,137,-7.14858132620955,0.0,0.99996818860877,True,4,small,0.5518172876195343
BraTS-GLI-02139-103,gmm_2d,prediction_component,74,25,9984.0,2.5060120224403912e-05,7.102621534903521e-08,1.7320508075688772,1,8.660254037844387,0.19999999999999996,0.9548683406603533,1.0,0,,63,68,120,125,141,146,-7.14858132620955,0.0,0.99996818860877,True,4,small,0.5518172876195343
BraTS-GLI-02139-103,gmm_2d,prediction_component,75,25,9984.0,2.5060120224403912e-05,7.102621534903521e-08,1.7320508075688772,1,8.660254037844387,0.19999999999999996,0.9548683406603533,1.0,0,,63,68,140,145,38,43,-7.14858132620955,0.0,0.99996818860877,True,4,small,0.5518172876195343
BraTS-GLI-02139-103,gmm_2d,prediction_component,76,25,9984.0,2.5060120224403912e-05,7.102621534903521e-08,1.7320508075688772,1,8.660254037844387,0.19999999999999996,0.9548683406603533,1.0,0,,64,69,82,87,86,91,-7.14858132620955,0.0,0.99996818860877,True,4,small,0.5518172876195343
BraTS-GLI-02139-103,gmm_2d,prediction_component,77,25,9984.0,2.5060120224403912e-05,7.102621534903521e-08,1.7320508075688772,1,8.660254037844387,0.19999999999999996,0.9548683406603533,1.0,0,,64,69,95,100,120,125,-7.14858132620955,0.0,0.99996818860877,True,4,small,0.5518172876195343
BraTS-GLI-02139-103,gmm_2d,prediction_component,78,148,47360.0,1.4359660587769684e-05,2.3320653869883057e-08,1.7320508075688772,1,19.4164878389476,0.08920515501750788,0.5278407622093977,1.5555555555555556,0,,64,74,119,128,29,43,-7.6322592768932545,0.0,0.9937223531880853,True,4,small,0.5518172876195343
BraTS-GLI-02139-103,gmm_2d,prediction_component,79,151,40960.0,1.8215329234520923e-05,3.752549451604182e-08,2.23606797749979,1,16.431676725154983,0.13608276348795434,0.6768964288068925,1.5714285714285714,1,,64,75,129,136,83,93,-7.425673575855563,0.6931471805599453,0.9989451321027921,True,4,small,0.5518172876195343
BraTS-GLI-02139-103,gmm_2d,prediction_component,80,44,13824.0,2.7070862238995545e-05,8.288129935688987e-08,1.7320508075688772,1,10.392304845413264,0.16666666666666666,0.7908715233027805,1.0,0,,64,70,140,146,132,138,-7.081543448970658,0.0,0.9999190159742366,True,4,small,0.5518172876195343
BraTS-GLI-02139-103,gmm_2d,prediction_component,81,57,17920.0,2.376117143277778e-05,6.385399425246565e-08,1.7320508075688772,1,11.0,0.15745916432444337,0.7254907483481623,1.1666666666666667,0,,64,71,143,149,94,100,-7.194811931171915,0.0,0.9998187782443098,True,4,small,0.5518172876195343
BraTS-GLI-02139-103,gmm_2d,prediction_component,82,3084,699904.0,5.266919202211803e-06,3.137369610939345e-09,2.8284271247461903,1,105.64563407921787,0.026772778159723173,0.31323460850062196,9.11111111111111,13,,64,146,130,196,87,96,-8.503434314411699,2.6390573296152584,0.20514578525517668,False,4,small,0.5518172876195343
BraTS-GLI-02139-103,gmm_2d,prediction_component,83,25,9984.0,2.5060120224403912e-05,7.102621534903521e-08,1.7320508075688772,1,8.660254037844387,0.19999999999999996,0.9548683406603533,1.0,0,,66,71,57,62,46,51,-7.14858132620955,0.0,0.99996818860877,True,4,small,0.5518172876195343
BraTS-GLI-02139-103,gmm_2d,prediction_component,84,145,41472.0,1.7168625697935655e-05,3.3336763831087575e-08,1.7320508075688772,1,19.748417658131498,0.08770580193070292,0.5314562225879151,1.3,0,,67,77,105,116,26,39,-7.477076561632071,0.0,0.996366929569534,True,4,small,0.5518172876195343
BraTS-GLI-02139-103,gmm_2d,prediction_component,85,96,26624.0,2.2098422679332636e-05,5.5229985055409776e-08,1.7320508075688772,1,13.92838827718412,0.12435400084345173,0.6097705134516743,1.2857142857142858,0,,67,76,115,123,50,57,-7.257825074291332,0.0,0.9993714039921826,True,4,small,0.5518172876195343
BraTS-GLI-02139-103,gmm_2d,prediction_component,86,25,9984.0,2.5060120224403912e-05,7.102621534903521e-08,1.7320508075688772,1,8.660254037844387,0.19999999999999996,0.9548683406603533,1.0,0,,67,72,141,146,126,131,-7.14858132620955,0.0,0.99996818860877,True,4,small,0.5518172876195343
BraTS-GLI-02139-103,gmm_2d,prediction_component,87,25,9984.0,2.5060120224403912e-05,7.102621534903521e-08,1.7320508075688772,1,8.660254037844387,0.19999999999999996,0.9548683406603533,1.0,0,,67,72,142,147,49,54,-7.14858132620955,0.0,0.99996818860877,True,4,small,0.5518172876195343
BraTS-GLI-02139-103,gmm_2d,prediction_component,88,132,37632.0,1.8081646777872984e-05,3.697671582966651e-08,1.7320508075688772,1,16.431676725154983,0.10540925533894598,0.5483596872448435,1.5714285714285714,0,,68,75,45,56,102,112,-7.432071664306956,0.0,0.997915748423208,True,4,small,0.5518172876195343
BraTS-GLI-02139-103,gmm_2d,prediction_component,89,25,9984.0,2.5060120224403912e-05,7.102621534903521e-08,1.7320508075688772,1,8.660254037844387,0.19999999999999996,0.9548683406603533,1.0,0,,68,73,48,53,86,91,-7.14858132620955,0.0,0.99996818860877,True,4,small,0.5518172876195343
BraTS-GLI-02139-103,gmm_2d,prediction_component,90,38,12544.0,2.7047649416909622e-05,8.273922157753891e-08,1.7320508075688772,1,9.273618495495704,0.18677184190940707,0.8304795924748166,1.2,0,,68,73,119,125,128,133,-7.082288569326049,0.0,0.9999514379352742,True,4,small,0.5518172876195343
BraTS-GLI-02139-103,gmm_2d,prediction_component,91,148,40704.0,1.8022128458856214e-05,3.673368820219184e-08,2.23606797749979,1,18.24828759089466,0.12253577034896797,0.6814394938288089,1.625,1,,68,76,118,131,142,152,-7.434935464645568,0.6931471805599453,0.9986096119826136,True,4,small,0.5518172876195343
BraTS-GLI-02139-103,gmm_2d,prediction_component,92,1727,319488.0,9.563360155387863e-06,1.0343639992126105e-08,3.0,1,43.31281565541543,0.06926356448094152,0.4030757573189589,1.5,4,,68,98,169,193,48,68,-7.985326603378426,1.6094379124341003,0.8970993679786791,True,4,small,0.5518172876195343
BraTS-GLI-02139-103,gmm_2d,prediction_component,93,101,36864.0,1.4269793475115741e-05,2.302967180031527e-08,1.7320508075688772,1,15.427248620541512,0.11227217828476796,0.5995375274776799,1.8333333333333333,0,,69,75,47,56,116,127,-7.637712251194591,0.0,0.9967364514256738,True,4,small,0.5518172876195343
BraTS-GLI-02139-103,gmm_2d,prediction_component,94,25,9984.0,2.5060120224403912e-05,7.102621534903521e-08,1.7320508075688772,1,8.660254037844387,0.19999999999999996,0.9548683406603533,1.0,0,,69,74,90,95,120,125,-7.14858132620955,0.0,0.99996818860877,True,4,small,0.5518172876195343
BraTS-GLI-02139-103,gmm_2d,prediction_component,95,1542,336640.0,7.894703001550891e-06,7.0489424763940535e-09,2.449489742783178,1,51.720402163943,0.0473602222778315,0.34177768493937727,1.32,4,,69,102,88,119,59,84,-8.151876033521582,1.6094379124341003,0.7185779974484706,True,4,small,0.5518172876195343
BraTS-GLI-02139-103,gmm_2d,prediction_component,96,987,238848.0,8.455411320870382e-06,8.085778712815782e-09,2.23606797749979,1,44.73253849269008,0.04998750468554773,0.3620279944202647,1.7894736842105263,5,,69,103,133,155,33,52,-8.092278148374353,1.791759469228055,0.7648595907390985,True,4,small,0.5518172876195343
BraTS-GLI-02139-103,gmm_2d,prediction_component,97,25,9984.0,2.5060120224403912e-05,7.102621534903521e-08,1.7320508075688772,1,8.660254037844387,0.19999999999999996,0.9548683406603533,1.0,0,,70,75,53,58,126,131,-7.14858132620955,0.0,0.99996818860877,True,4,small,0.5518172876195343
BraTS-GLI-02139-103,gmm_2d,prediction_component,98,38,12544.0,2.7047649416909622e-05,8.273922157753891e-08,1.7320508075688772,1,9.273618495495704,0.18677184190940707,0.8304795924748166,1.2,0,,70,75,58,64,53,58,-7.082288569326049,0.0,0.9999514379352742,True,4,small,0.5518172876195343
BraTS-GLI-02139-103,gmm_2d,prediction_component,99,25,9984.0,2.5060120224403912e-05,7.102621534903521e-08,1.7320508075688772,1,8.660254037844387,0.19999999999999996,0.9548683406603533,1.0,0,,70,75,150,155,119,124,-7.14858132620955,0.0,0.99996818860877,True,4,small,0.5518172876195343
BraTS-GLI-02139-103,gmm_2d,prediction_component,100,25,9984.0,2.5060120224403912e-05,7.102621534903521e-08,1.7320508075688772,1,8.660254037844387,0.19999999999999996,0.9548683406603533,1.0,0,,71,76,173,178,63,68,-7.14858132620955,0.0,0.99996818860877,True,4,small,0.5518172876195343
BraTS-GLI-02139-103,gmm_2d,prediction_component,101,92,29952.0,1.774798637984702e-05,3.5624645138621275e-08,1.7320508075688772,1,15.132745950421556,0.11445713905747734,0.6184826978494664,2.0,0,,72,84,42,49,121,127,-7.448249453021502,0.0,0.9985245663999565,True,4,small,0.5518172876195343
BraTS-GLI-02139-103,gmm_2d,prediction_component,102,71,22272.0,2.1360898766804574e-05,5.160495659578642e-08,1.7320508075688772,1,12.727922061357855,0.13608276348795434,0.6742755017744779,1.1428571428571428,0,,72,80,78,85,146,153,-7.287308582891833,0.0,0.9995479570918735,True,4,small,0.5518172876195343
BraTS-GLI-02139-103,gmm_2d,prediction_component,103,25,9984.0,2.5060120224403912e-05,7.102621534903521e-08,1.7320508075688772,1,8.660254037844387,0.19999999999999996,0.9548683406603533,1.0,0,,72,77,102,107,24,29,-7.14858132620955,0.0,0.99996818860877,True,4,small,0.5518172876195343
BraTS-GLI-02139-103,gmm_2d,prediction_component,104,51,16384.0,2.4318695068359375e-05,6.688564319836902e-08,1.7320508075688772,1,10.488088481701515,0.1651445647689541,0.7528933105024771,1.4,0,,72,77,104,111,142,148,-7.1746670922299165,0.0,0.9998671774422693,True,4,small,0.5518172876195343
BraTS-GLI-02139-103,gmm_2d,prediction_component,105,118,35328.0,1.7770654762074757e-05,3.571570547343414e-08,2.23606797749979,1,16.30950643030009,0.13710212427677046,0.7348869514344235,1.375,1,,72,80,144,155,50,59,-7.447140767065586,0.6931471805599453,0.9990770156914394,True,4,small,0.5518172876195343
BraTS-GLI-02139-103,gmm_2d,prediction_component,106,25,9984.0,2.5060120224403912e-05,7.102621534903521e-08,1.7320508075688772,1,8.660254037844387,0.19999999999999996,0.9548683406603533,1.0,0,,73,78,86,91,153,158,-7.14858132620955,0.0,0.99996818860877,True,4,small,0.5518172876195343
BraTS-GLI-02139-103,gmm_2d,prediction_component,107,25,9984.0,2.5060120224403912e-05,7.102621534903521e-08,1.7320508075688772,1,8.660254037844387,0.19999999999999996,0.9548683406603533,1.0,0,,73,78,156,161,132,137,-7.14858132620955,0.0,0.99996818860877,True,4,small,0.5518172876195343
BraTS-GLI-02139-103,gmm_2d,prediction_component,108,148,46848.0,1.4595706873996326e-05,2.4093652325426864e-08,1.7320508075688772,1,19.949937343260004,0.08681986202598489,0.5278407622093977,1.5555555555555556,0,,74,88,29,38,109,120,-7.618097360875502,0.0,0.9937613395329663,True,4,small,0.5518172876195343
BraTS-GLI-02139-103,gmm_2d,prediction_component,109,80,21504.0,2.536945338495075e-05,7.279048168948355e-08,2.23606797749979,1,12.727922061357855,0.17568209223157663,0.836535821912104,1.1428571428571428,1,,74,81,95,102,102,110,-7.137925406675885,0.6931471805599453,0.9998976262841704,True,4,small,0.5518172876195343
BraTS-GLI-02139-103,gmm_2d,prediction_component,110,364,89088.0,1.3689026674501523e-05,2.1193247647773624e-08,2.23606797749979,1,23.853720883753127,0.09374084606744877,0.5048326216643036,1.3333333333333333,2,,74,87,88,104,144,156,-7.673802487015759,1.0986122886681098,0.9874447722298239,True,4,small,0.5518172876195343
BraTS-GLI-02139-103,gmm_2d,prediction_component,111,38,12544.0,2.7047649416909622e-05,8.273922157753891e-08,1.7320508075688772,1,9.273618495495704,0.18677184190940707,0.8304795924748166,1.2,0,,74,79,101,107,70,75,-7.082288569326049,0.0,0.9999514379352742,True,4,small,0.5518172876195343
BraTS-GLI-02139-103,gmm_2d,prediction_component,112,38,12544.0,2.7047649416909622e-05,8.273922157753891e-08,1.7320508075688772,1,9.273618495495704,0.18677184190940707,0.8304795924748166,1.2,0,,74,79,102,107,43,49,-7.082288569326049,0.0,0.9999514379352742,True,4,small,0.5518172876195343
BraTS-GLI-02139-103,gmm_2d,prediction_component,113,122,34816.0,1.8779824099718948e-05,3.988737110244487e-08,2.23606797749979,1,16.673332000533065,0.13411044519645504,0.7267659888814358,1.8333333333333333,1,,74,80,114,125,130,141,-7.399164586235283,0.6931471805599453,0.9991573240695196,True,4,small,0.5518172876195343
BraTS-GLI-02139-103,gmm_2d,prediction_component,114,62,17664.0,2.6409373907798665e-05,7.888030556729723e-08,1.7320508075688772,1,11.0,0.15745916432444337,0.7054392189315698,1.1666666666666667,0,,74,81,129,135,135,141,-7.103031415689386,0.0,0.9998614059129538,True,4,small,0.5518172876195343
BraTS-GLI-02139-103,gmm_2d,prediction_component,115,5300,1094144.0,4.630886585734589e-06,2.4253848655896063e-09,2.8284271247461903,1,83.81527307120105,0.03374596324876783,0.2615065513293103,1.8235294117647058,29,,75,137,38,83,75,109,-8.6152193367567,3.4011973816621555,0.10080519062692371,False,4,small,0.5518172876195343
BraTS-GLI-02139-103,gmm_2d,prediction_component,116,82,26112.0,1.9433617332090444e-05,4.271295980456696e-08,1.7320508075688772,1,13.379088160259652,0.1294595556006309,0.6426663285123421,1.2857142857142858,0,,75,82,95,104,134,141,-7.369440332992447,0.0,0.9992317620062744,True,4,small,0.5518172876195343
BraTS-GLI-02139-103,gmm_2d,prediction_component,117,25,9984.0,2.5060120224403912e-05,7.102621534903521e-08,1.7320508075688772,1,8.660254037844387,0.19999999999999996,0.9548683406603533,1.0,0,,75,80,157,162,92,97,-7.14858132620955,0.0,0.99996818860877,True,4,small,0.5518172876195343
BraTS-GLI-02139-103,gmm_2d,prediction_component,118,101,24576.0,2.6215284561697745e-05,7.772514232606404e-08,2.23606797749979,1,12.727922061357855,0.17568209223157663,0.7739996197824753,1.1428571428571428,1,,76,83,132,140,61,68,-7.109438474027548,0.6931471805599453,0.9998864321664314,True,4,small,0.5518172876195343
BraTS-GLI-02139-103,gmm_2d,prediction_component,119,110,30976.0,2.0176911157024794e-05,4.604280110144848e-08,1.7320508075688772,1,15.7797338380595,0.10976425998969035,0.5827191206450295,1.4285714285714286,0,,77,87,43,50,129,139,-7.336838263107028,0.0,0.9987896827119143,True,4,small,0.5518172876195343
BraTS-GLI-02139-103,gmm_2d,prediction_component,120,25,9984.0,2.5060120224403912e-05,7.102621534903521e-08,1.7320508075688772,1,8.660254037844387,0.19999999999999996,0.9548683406603533,1.0,0,,77,82,56,61,130,135,-7.14858132620955,0.0,0.99996818860877,True,4,small,0.5518172876195343
BraTS-GLI-02139-103,gmm_2d,prediction_component,121,63,20992.0,2.071380211126659e-05,4.85257235009379e-08,1.7320508075688772,1,12.727922061357855,0.13608276348795434,0.7016868116919668,1.1428571428571428,0,,77,85,72,79,112,119,-7.314027980718114,0.0,0.9995450422175159,True,4,small,0.5518172876195343
BraTS-GLI-02139-103,gmm_2d,prediction_component,122,48,18432.0,1.918149905562466e-05,4.1611892032488095e-08,1.7320508075688772,1,11.180339887498949,0.15491933384829665,0.7682627055029695,1.6,0,,77,83,100,105,28,36,-7.380782537016758,0.0,0.9996748564653178,True,4,small,0.5518172876195343
BraTS-GLI-02139-103,gmm_2d,prediction_component,123,107,34816.0,1.6470829333360063e-05,3.068197472130417e-08,1.7320508075688772,1,15.652475842498529,0.11065666703449761,0.5881149750574316,1.25,0,,77,87,123,132,133,141,-7.513116692214361,0.0,0.9977788560241414,True,4,small,0.5518172876195343
BraTS-GLI-02139-103,gmm_2d,prediction_component,124,284,84224.0,1.1618887459577425e-05,1.526797583011169e-08,2.23606797749979,1,24.413111231467404,0.09159291318091398,0.5483717732390916,1.3333333333333333,1,,77,91,140,152,121,137,-7.816218536229975,0.6931471805599453,0.9845574296898554,True,4,small,0.5518172876195343
BraTS-GLI-02139-103,gmm_2d,prediction_component,125,25,9984.0,2.5060120224403912e-05,7.102621534903521e-08,1.7320508075688772,1,8.660254037844387,0.19999999999999996,0.9548683406603533,1.0,0,,78,83,71,76,61,66,-7.14858132620955,0.0,0.99996818860877,True,4,small,0.5518172876195343
BraTS-GLI-02139-103,gmm_2d,prediction_component,126,51,15104.0,2.7474652658327337e-05,8.537226323330647e-08,2.23606797749979,1,9.9498743710662,0.22473328748774737,0.9719810843490212,1.4,1,,78,85,75,80,30,35,-7.068683205204687,0.6931471805599453,0.9999800585211988,True,4,small,0.5518172876195343
BraTS-GLI-02139-103,gmm_2d,prediction_component,127,25,9984.0,2.5060120224403912e-05,7.102621534903521e-08,1.7320508075688772,1,8.660254037844387,0.19999999999999996,0.9548683406603533,1.0,0,,78,83,98,103,79,84,-7.14858132620955,0.0,0.99996818860877,True,4,small,0.5518172876195343
BraTS-GLI-02139-103,gmm_2d,prediction_component,128,421,107008.0,1.202701147149876e-05,1.6359417045166958e-08,2.449489742783178,1,27.477263328068172,0.08914605918126536,0.5268388539512245,1.4615384615384615,2,,78,97,120,135,37,50,-7.786232176127896,1.0986122886681098,0.9809320224841314,True,4,small,0.5518172876195343
BraTS-GLI-02139-103,gmm_2d,prediction_component,129,25,9984.0,2.5060120224403912e-05,7.102621534903521e-08,1.7320508075688772,1,8.660254037844387,0.19999999999999996,0.9548683406603533,1.0,0,,78,83,131,136,145,150,-7.14858132620955,0.0,0.99996818860877,True,4,small,0.5518172876195343
BraTS-GLI-02139-103,gmm_2d,prediction_component,130,156,39680.0,1.9736362038304848e-05,4.4054124998671034e-08,2.23606797749979,1,17.378147196982766,0.1286712531637447,0.6695859606715264,1.2222222222222223,1,,79,90,137,146,136,146,-7.356013420276079,0.6931471805599453,0.9990346724744071,True,4,small,0.5518172876195343
BraTS-GLI-02139-103,gmm_2d,prediction_component,131,86,23808.0,2.3410682792238054e-05,6.198413349111113e-08,2.23606797749979,1,12.806248474865697,0.17460757394239457,0.8166106787449766,1.3333333333333333,1,,79,87,147,155,138,144,-7.207719465648798,0.6931471805599453,0.9998559990525485,True,4,small,0.5518172876195343
BraTS-GLI-02139-103,gmm_2d,prediction_component,132,59,20736.0,1.975898062414266e-05,4.415515810549949e-08,1.7320508075688772,1,12.12435565298214,0.14285714285714285,0.71719869927557,1.0,0,,79,86,181,188,123,130,-7.355018555825788,0.0,0.9995588823417664,True,4,small,0.5518172876195343
BraTS-GLI-02139-103,gmm_2d,prediction_component,133,165,45312.0,1.7106615606857284e-05,3.309638552873921e-08,2.23606797749979,1,20.46948949045872,0.10923906912979292,0.6571833580465778,1.4444444444444444,1,,80,93,58,71,142,151,-7.480219433131735,0.6931471805599453,0.9977124494976153,True,4,small,0.5518172876195343
BraTS-GLI-02139-103,gmm_2d,prediction_component,134,72,24576.0,1.8688123647942946e-05,3.949878814021331e-08,1.7320508075688772,1,13.379088160259652,0.1294595556006309,0.6711392913128504,1.2857142857142858,0,,80,87,91,98,100,109,-7.403416228730296,0.0,0.9992088777848822,True,4,small,0.5518172876195343
BraTS-GLI-02139-103,gmm_2d,prediction_component,135,783,193280.0,9.214703947451154e-06,9.603181713448928e-09,2.23606797749979,1,35.4400902933387,0.0630943081406336,0.39107550781961725,1.625,5,,80,98,105,131,139,155,-8.017584853245806,1.791759469228055,0.8578919802808759,True,4,small,0.5518172876195343
BraTS-GLI-02139-103,gmm_2d,prediction_component,136,25,9984.0,2.5060120224403912e-05,7.102621534903521e-08,1.7320508075688772,1,8.660254037844387,0.19999999999999996,0.9548683406603533,1.0,0,,80,85,194,199,79,84,-7.14858132620955,0.0,0.99996818860877,True,4,small,0.5518172876195343
BraTS-GLI-02139-103,gmm_2d,prediction_component,137,62,16896.0,2.8230322416247298e-05,9.01330463784096e-08,1.7320508075688772,1,10.392304845413264,0.16666666666666666,0.7054392189315698,1.0,0,,81,87,43,49,114,120,-7.045115950103225,0.0,0.9999058303532604,True,4,small,0.5518172876195343
BraTS-GLI-02139-103,gmm_2d,prediction_component,138,25,9984.0,2.5060120224403912e-05,7.102621534903521e-08,1.7320508075688772,1,8.660254037844387,0.19999999999999996,0.9548683406603533,1.0,0,,81,86,52,57,115,120,-7.14858132620955,0.0,0.99996818860877,True,4,small,0.5518172876195343
BraTS-GLI-02139-103,gmm_2d,prediction_component,139,38,13824.0,2.3379381024587062e-05,6.181848980958109e-08,1.7320508075688772,1,9.848857801796104,0.17586311452816475,0.8304795924748166,1.2,0,,81,86,60,66,39,45,-7.2088816087094125,0.0,0.9999051591398199,True,4,small,0.5518172876195343
BraTS-GLI-02139-103,gmm_2d,prediction_component,140,379,108800.0,1.0560776871412017e-05,1.2613746750802288e-08,2.23606797749979,1,32.264531609803356,0.0693042132004909,0.4980827126733328,1.5714285714285714,2,,81,100,111,125,27,49,-7.899155892688918,1.0986122886681098,0.9550170437502189,True,4,small,0.5518172876195343
BraTS-GLI-02139-103,gmm_2d,prediction_component,141,379,75008.0,1.844921242902571e-05,3.849532906424503e-08,2.449489742783178,1,21.37755832643195,0.11458229725677065,0.5456222744690973,1.0833333333333333,1,,81,93,155,168,65,77,-7.414591963600311,0.6931471805599453,0.9976442729776294,True,4,small,0.5518172876195343
BraTS-GLI-02139-103,gmm_2d,prediction_component,142,38,13824.0,2.3379381024587062e-05,6.181848980958109e-08,1.7320508075688772,1,9.848857801796104,0.17586311452816475,0.8304795924748166,1.2,0,,82,88,62,67,48,54,-7.2088816087094125,0.0,0.9999051591398199,True,4,small,0.5518172876195343
BraTS-GLI-02139-103,gmm_2d,prediction_component,143,157,46336.0,1.5740620273761914e-05,2.80218018505067e-08,2.0,1,17.832554500127006,0.11215443081840887,0.5976216395123424,1.8571428571428572,1,,82,89,124,134,84,97,-7.552503942263214,0.6931471805599453,0.9965706579652115,True,4,small,0.5518172876195343
BraTS-GLI-02139-103,gmm_2d,prediction_component,144,38,12544.0,2.7047649416909622e-05,8.273922157753891e-08,1.7320508075688772,1,9.273618495495704,0.18677184190940707,0.8304795924748166,1.2,0,,83,88,55,61,89,94,-7.082288569326049,0.0,0.9999514379352742,True,4,small,0.5518172876195343
BraTS-GLI-02139-103,gmm_2d,prediction_component,145,56,16384.0,2.6702880859375e-05,8.064335911960217e-08,1.7320508075688772,1,11.0,0.15745916432444337,0.7297836929246639,1.1666666666666667,0,,83,90,103,109,126,132,-7.0934313904133885,0.0,0.9998765681589085,True,4,small,0.5518172876195343
BraTS-GLI-02139-103,gmm_2d,prediction_component,146,136,40960.0,1.6405859443012224e-05,3.044039939339106e-08,2.23606797749979,1,17.72004514666935,0.1261886162812672,0.7009196506246524,1.7142857142857142,1,,83,95,126,137,30,37,-7.516549653701467,0.6931471805599453,0.9983630304551139,True,4,small,0.5518172876195343
BraTS-GLI-02139-103,gmm_2d,prediction_component,147,25,9984.0,2.5060120224403912e-05,7.102621534903521e-08,1.7320508075688772,1,8.660254037844387,0.19999999999999996,0.9548683406603533,1.0,0,,83,88,158,163,136,141,-7.14858132620955,0.0,0.99996818860877,True,4,small,0.5518172876195343
BraTS-GLI-02139-103,gmm_2d,prediction_component,148,63,23808.0,1.7149686231523227e-05,3.326325389754192e-08,1.7320508075688772,1,13.490737563232042,0.12838814775327387,0.7016868116919668,2.2,0,,84,95,38,43,128,134,-7.478035269228769,0.0,0.9990424046440612,True,4,small,0.5518172876195343
BraTS-GLI-02139-103,gmm_2d,prediction_component,149,38,13824.0,2.3379381024587062e-05,6.181848980958109e-08,1.7320508075688772,1,9.848857801796104,0.17586311452816475,0.8304795924748166,1.2,0,,84,90,81,86,44,50,-7.2088816087094125,0.0,0.9999051591398199,True,4,small,0.5518172876195343
BraTS-GLI-02139-103,gmm_2d,prediction_component,150,121,36096.0,1.764398798499986e-05,3.520836681165011e-08,1.7320508075688772,1,15.620499351813308,0.11088319064318593,0.564497089423651,2.0,0,,84,90,89,101,88,96,-7.453354119807367,0.0,0.9980759360452248,True,4,small,0.5518172876195343
BraTS-GLI-02139-103,gmm_2d,prediction_component,151,44,13824.0,2.7070862238995545e-05,8.288129935688987e-08,1.7320508075688772,1,10.392304845413264,0.16666666666666666,0.7908715233027805,1.0,0,,84,90,143,149,53,59,-7.081543448970658,0.0,0.9999190159742366,True,4,small,0.5518172876195343
BraTS-GLI-02139-103,gmm_2d,prediction_component,152,25,9984.0,2.5060120224403912e-05,7.102621534903521e-08,1.7320508075688772,1,8.660254037844387,0.19999999999999996,0.9548683406603533,1.0,0,,84,89,180,185,113,118,-7.14858132620955,0.0,0.99996818860877,True,4,small,0.5518172876195343
BraTS-GLI-02139-103,gmm_2d,prediction_component,153,25,9984.0,2.5060120224403912e-05,7.102621534903521e-08,1.7320508075688772,1,8.660254037844387,0.19999999999999996,0.9548683406603533,1.0,0,,84,89,191,196,90,95,-7.14858132620955,0.0,0.99996818860877,True,4,small,0.5518172876195343
BraTS-GLI-02139-103,gmm_2d,prediction_component,154,47,14592.0,2.6664020003279646e-05,8.040880842667987e-08,1.7320508075688772,1,9.848857801796104,0.17586311452816475,0.7736731845058752,1.2,0,,85,91,46,52,78,83,-7.094696373620167,0.0,0.999924483815645,True,4,small,0.5518172876195343
BraTS-GLI-02139-103,gmm_2d,prediction_component,155,82,26368.0,1.915129152985438e-05,4.1480932244087404e-08,1.7320508075688772,1,14.594519519326424,0.11867816581938533,0.6426663285123421,1.4285714285714286,0,,85,95,61,69,37,44,-7.382151491822211,0.0,0.9990122554418416,True,4,small,0.5518172876195343
BraTS-GLI-02139-103,gmm_2d,prediction_component,156,64,20224.0,2.2252529686036867e-05,5.600298187758279e-08,1.7320508075688772,1,11.74734012447073,0.14744195615489714,0.6980129914371896,1.6,0,,85,92,82,87,30,38,-7.251788848377678,0.0,0.9997042987468853,True,4,small,0.5518172876195343
BraTS-GLI-02139-103,gmm_2d,prediction_component,157,25,9984.0,2.5060120224403912e-05,7.102621534903521e-08,1.7320508075688772,1,8.660254037844387,0.19999999999999996,0.9548683406603533,1.0,0,,85,90,93,98,43,48,-7.14858132620955,0.0,0.99996818860877,True,4,small,0.5518172876195343
BraTS-GLI-02139-103,gmm_2d,prediction_component,158,44,13824.0,2.7070862238995545e-05,8.288129935688987e-08,1.7320508075688772,1,10.392304845413264,0.16666666666666666,0.7908715233027805,1.0,0,,86,92,45,51,50,56,-7.081543448970658,0.0,0.9999190159742366,True,4,small,0.5518172876195343
BraTS-GLI-02139-103,gmm_2d,prediction_component,159,77,22784.0,2.238957074056622e-05,5.6694888815566e-08,2.23606797749979,1,11.916375287812984,0.1876466562602004,0.8472618080879288,1.8,1,,86,95,74,79,31,37,-7.2464560920639025,0.6931471805599453,0.9998831120125901,True,4,small,0.5518172876195343
BraTS-GLI-02139-103,gmm_2d,prediction_component,160,218,61184.0,1.4404549960261965e-05,2.346668598211125e-08,2.23606797749979,1,20.346989949375804,0.10989674556596452,0.5989111163456369,2.0,2,,86,99,91,98,27,41,-7.629548238109331,1.0986122886681098,0.9942129943364941,True,4,small,0.5518172876195343
BraTS-GLI-02139-103,gmm_2d,prediction_component,161,46,16896.0,2.0945077921731866e-05,4.961538140913494e-08,1.7320508075688772,1,11.0,0.15745916432444337,0.7792393700163133,1.1666666666666667,0,,86,92,97,103,147,154,-7.3043836657365855,0.0,0.9997739231074919,True,4,small,0.5518172876195343
BraTS-GLI-02139-103,gmm_2d,prediction_component,162,86,24576.0,2.23219254683763e-05,5.635282351177038e-08,1.7320508075688772,1,12.806248474865697,0.13525044520011484,0.6325439118228858,1.3333333333333333,0,,86,92,101,109,87,95,-7.249084319105697,0.0,0.9995411278248644,True,4,small,0.5518172876195343
BraTS-GLI-02139-103,gmm_2d,prediction_component,163,25,9984.0,2.5060120224403912e-05,7.102621534903521e-08,1.7320508075688772,1,8.660254037844387,0.19999999999999996,0.9548683406603533,1.0,0,,86,91,122,127,132,137,-7.14858132620955,0.0,0.99996818860877,True,4,small,0.5518172876195343
BraTS-GLI-02139-103,gmm_2d,prediction_component,164,25,9984.0,2.5060120224403912e-05,7.102621534903521e-08,1.7320508075688772,1,8.660254037844387,0.19999999999999996,0.9548683406603533,1.0,0,,87,92,75,80,149,154,-7.14858132620955,0.0,0.99996818860877,True,4,small,0.5518172876195343
BraTS-GLI-02139-103,gmm_2d,prediction_component,165,25,9984.0,2.5060120224403912e-05,7.102621534903521e-08,1.7320508075688772,1,8.660254037844387,0.19999999999999996,0.9548683406603533,1.0,0,,87,92,157,162,90,95,-7.14858132620955,0.0,0.99996818860877,True,4,small,0.5518172876195343
BraTS-GLI-02139-103,gmm_2d,prediction_component,166,25,9984.0,2.5060120224403912e-05,7.102621534903521e-08,1.7320508075688772,1,8.660254037844387,0.19999999999999996,0.9548683406603533,1.0,0,,87,92,190,195,71,76,-7.14858132620955,0.0,0.99996818860877,True,4,small,0.5518172876195343
BraTS-GLI-02139-103,gmm_2d,prediction_component,167,38,12544.0,2.7047649416909622e-05,8.273922157753891e-08,1.7320508075688772,1,9.273618495495704,0.18677184190940707,0.8304795924748166,1.2,0,,88,94,48,53,98,103,-7.082288569326049,0.0,0.9999514379352742,True,4,small,0.5518172876195343
BraTS-GLI-02139-103,gmm_2d,prediction_component,168,25,9984.0,2.5060120224403912e-05,7.102621534903521e-08,1.7320508075688772,1,8.660254037844387,0.19999999999999996,0.9548683406603533,1.0,0,,88,93,145,150,43,48,-7.14858132620955,0.0,0.99996818860877,True,4,small,0.5518172876195343
BraTS-GLI-02139-103,gmm_2d,prediction_component,169,25,9984.0,2.5060120224403912e-05,7.102621534903521e-08,1.7320508075688772,1,8.660254037844387,0.19999999999999996,0.9548683406603533,1.0,0,,88,93,174,179,111,116,-7.14858132620955,0.0,0.99996818860877,True,4,small,0.5518172876195343
BraTS-GLI-02139-103,gmm_2d,prediction_component,170,95,31232.0,1.7211705690556282e-05,3.3504272794914124e-08,1.7320508075688772,1,14.798648586948742,0.11704114719613055,0.6119025955310512,1.5714285714285714,0,,89,96,103,110,36,47,-7.474899803920676,0.0,0.9984179141942676,True,4,small,0.5518172876195343
BraTS-GLI-02139-103,gmm_2d,prediction_component,171,25,9984.0,2.5060120224403912e-05,7.102621534903521e-08,1.7320508075688772,1,8.660254037844387,0.19999999999999996,0.9548683406603533,1.0,0,,90,95,124,129,79,84,-7.14858132620955,0.0,0.99996818860877,True,4,small,0.5518172876195343
BraTS-GLI-02139-103,gmm_2d,prediction_component,172,25,9984.0,2.5060120224403912e-05,7.102621534903521e-08,1.7320508075688772,1,8.660254037844387,0.19999999999999996,0.9548683406603533,1.0,0,,90,95,134,139,134,139,-7.14858132620955,0.0,0.99996818860877,True,4,small,0.5518172876195343
BraTS-GLI-02139-103,gmm_2d,prediction_component,173,25,9984.0,2.5060120224403912e-05,7.102621534903521e-08,1.7320508075688772,1,8.660254037844387,0.19999999999999996,0.9548683406603533,1.0,0,,90,95,146,151,139,144,-7.14858132620955,0.0,0.99996818860877,True,4,small,0.5518172876195343
BraTS-GLI-02139-103,gmm_2d,prediction_component,174,94,30464.0,1.7678583475711468e-05,3.534657194712695e-08,1.7320508075688772,1,15.427248620541512,0.11227217828476796,0.6140648134821065,1.8333333333333333,0,,91,100,119,125,30,41,-7.451652699452323,0.0,0.9984198563740997,True,4,small,0.5518172876195343
BraTS-GLI-02139-103,gmm_2d,prediction_component,175,108,28160.0,2.2854660786249105e-05,5.907475552520246e-08,1.7320508075688772,1,13.92838827718412,0.12435400084345173,0.5862941740078701,1.2857142857142858,0,,92,101,107,115,28,35,-7.228598066974904,0.0,0.9993891452148023,True,4,small,0.5518172876195343
BraTS-GLI-02139-103,gmm_2d,prediction_component,176,25,9984.0,2.5060120224403912e-05,7.102621534903521e-08,1.7320508075688772,1,8.660254037844387,0.19999999999999996,0.9548683406603533,1.0,0,,92,97,119,124,80,85,-7.14858132620955,0.0,0.99996818860877,True,4,small,0.5518172876195343
BraTS-GLI-02139-103,gmm_2d,prediction_component,177,25,9984.0,2.5060120224403912e-05,7.102621534903521e-08,1.7320508075688772,1,8.660254037844387,0.19999999999999996,0.9548683406603533,1.0,0,,92,97,172,177,81,86,-7.14858132620955,0.0,0.99996818860877,True,4,small,0.5518172876195343
BraTS-GLI-02139-103,gmm_2d,prediction_component,178,137,31232.0,2.48210913642759e-05,6.967775025902972e-08,2.23606797749979,1,14.071247279470288,0.15891043154093207,0.6992100837129156,1.4285714285714286,1,,92,102,174,181,60,67,-7.156905880185558,0.6931471805599453,0.9997618253541908,True,4,small,0.5518172876195343
BraTS-GLI-02139-103,gmm_2d,prediction_component,179,47,17664.0,2.0020009252686086e-05,4.5329499219084184e-08,1.7320508075688772,1,11.090536506409418,0.15617376188860604,0.7736731845058752,1.4,0,,93,98,32,39,91,98,-7.343619078814458,0.0,0.9997276993552094,True,4,small,0.5518172876195343
BraTS-GLI-02139-103,gmm_2d,prediction_component,180,704,170496.0,1.0000031486033003e-05,1.1309804772764156e-08,2.23606797749979,1,46.79743582719036,0.04778184825674966,0.4051883831658787,2.0588235294117645,4,,93,110,63,98,130,156,-7.946544891700806,1.6094379124341003,0.8704662269867877,True,4,small,0.5518172876195343
BraTS-GLI-02139-103,gmm_2d,prediction_component,181,120,34560.0,1.86775817236083e-05,3.9454238371544266e-08,1.7320508075688772,1,15.297058540778355,0.11322770341445956,0.5660608012607246,1.5714285714285714,0,,93,104,105,112,56,64,-7.403906335863896,0.0,0.9984709582987245,True,4,small,0.5518172876195343
BraTS-GLI-02139-103,gmm_2d,prediction_component,182,62,17664.0,2.6409373907798665e-05,7.888030556729723e-08,1.7320508075688772,1,11.0,0.15745916432444337,0.7054392189315698,1.1666666666666667,0,,94,101,71,77,34,40,-7.103031415689386,0.0,0.9998614059129538,True,4,small,0.5518172876195343
BraTS-GLI-02139-103,gmm_2d,prediction_component,183,38,13824.0,2.3379381024587062e-05,6.181848980958109e-08,1.7320508075688772,1,9.848857801796104,0.17586311452816475,0.8304795924748166,1.2,0,,95,100,52,58,137,143,-7.2088816087094125,0.0,0.9999051591398199,True,4,small,0.5518172876195343
BraTS-GLI-02139-103,gmm_2d,prediction_component,184,668,175360.0,9.09663265735097e-06,9.358660395424213e-09,2.23606797749979,1,40.29888335921977,0.055487095202309406,0.4123402384885677,1.6666666666666667,3,,95,115,92,110,124,154,-8.028786312000314,1.3862943611198906,0.8686146257753428,True,4,small,0.5518172876195343
BraTS-GLI-02139-103,gmm_2d,prediction_component,185,25,9984.0,2.5060120224403912e-05,7.102621534903521e-08,1.7320508075688772,1,8.660254037844387,0.19999999999999996,0.9548683406603533,1.0,0,,95,100,105,110,34,39,-7.14858132620955,0.0,0.99996818860877,True,4,small,0.5518172876195343
BraTS-GLI-02139-103,gmm_2d,prediction_component,186,89,24064.0,2.384175815456507e-05,6.428785418437243e-08,2.0,1,13.30413469565007,0.15032920560056579,0.7220980904870328,1.1428571428571428,1,,95,103,120,127,136,144,-7.191871069983398,0.6931471805599453,0.9997047609194029,True,4,small,0.5518172876195343
BraTS-GLI-02139-103,gmm_2d,prediction_component,187,150,43008.0,1.681773049077627e-05,3.198800464869882e-08,1.7320508075688772,1,18.973665961010276,0.09128709291752768,0.5254842988555363,1.75,0,,96,110,32,40,66,76,-7.495012849540354,0.0,0.9963044579227073,True,4,small,0.5518172876195343
BraTS-GLI-02139-103,gmm_2d,prediction_component,188,140,40448.0,1.7210062887009588e-05,3.3497877343769e-08,1.7320508075688772,1,18.681541692269406,0.09271455408231194,0.5377092223857131,2.1666666666666665,0,,96,109,98,110,44,50,-7.474982711980919,0.0,0.9967883781636151,True,4,small,0.5518172876195343
BraTS-GLI-02139-103,gmm_2d,prediction_component,189,25,9984.0,2.5060120224403912e-05,7.102621534903521e-08,1.7320508075688772,1,8.660254037844387,0.19999999999999996,0.9548683406603533,1.0,0,,96,101,100,105,53,58,-7.14858132620955,0.0,0.99996818860877,True,4,small,0.5518172876195343
BraTS-GLI-02139-103,gmm_2d,prediction_component,190,209,49920.0,1.8738482656530634e-05,3.971195024206346e-08,2.449489742783178,1,19.849433241279208,0.12340351046845906,0.6653595574123379,1.4444444444444444,2,,96,108,177,190,66,75,-7.401078784339574,1.0986122886681098,0.9984337717403543,True,4,small,0.5518172876195343
BraTS-GLI-02139-103,gmm_2d,prediction_component,191,50,19968.0,1.772018094802615e-05,3.551310767451761e-08,1.7320508075688772,1,12.68857754044952,0.136504726557987,0.757879504227687,2.0,0,,97,107,34,40,81,86,-7.449611321873531,0.0,0.999386005625403,True,4,small,0.5518172876195343
BraTS-GLI-02139-103,gmm_2d,prediction_component,192,25,9984.0,2.5060120224403912e-05,7.102621534903521e-08,1.7320508075688772,1,8.660254037844387,0.19999999999999996,0.9548683406603533,1.0,0,,97,102,53,58,45,50,-7.14858132620955,0.0,0.99996818860877,True,4,small,0.5518172876195343
BraTS-GLI-02139-103,gmm_2d,prediction_component,193,25,9984.0,2.5060120224403912e-05,7.102621534903521e-08,1.7320508075688772,1,8.660254037844387,0.19999999999999996,0.9548683406603533,1.0,0,,97,102,69,74,75,80,-7.14858132620955,0.0,0.99996818860877,True,4,small,0.5518172876195343
BraTS-GLI-02139-103,gmm_2d,prediction_component,194,38,12544.0,2.7047649416909622e-05,8.273922157753891e-08,1.7320508075688772,1,9.273618495495704,0.18677184190940707,0.8304795924748166,1.2,0,,97,102,96,102,28,33,-7.082288569326049,0.0,0.9999514379352742,True,4,small,0.5518172876195343
BraTS-GLI-02139-103,gmm_2d,prediction_component,195,25,9984.0,2.5060120224403912e-05,7.102621534903521e-08,1.7320508075688772,1,8.660254037844387,0.19999999999999996,0.9548683406603533,1.0,0,,97,102,113,118,48,53,-7.14858132620955,0.0,0.99996818860877,True,4,small,0.5518172876195343
BraTS-GLI-02139-103,gmm_2d,prediction_component,196,25,9984.0,2.5060120224403912e-05,7.102621534903521e-08,1.7320508075688772,1,8.660254037844387,0.19999999999999996,0.9548683406603533,1.0,0,,97,102,132,137,133,138,-7.14858132620955,0.0,0.99996818860877,True,4,small,0.5518172876195343
BraTS-GLI-02139-103,gmm_2d,prediction_component,197,25,9984.0,2.5060120224403912e-05,7.102621534903521e-08,1.7320508075688772,1,8.660254037844387,0.19999999999999996,0.9548683406603533,1.0,0,,97,102,157,162,133,138,-7.14858132620955,0.0,0.99996818860877,True,4,small,0.5518172876195343
BraTS-GLI-02139-103,gmm_2d,prediction_component,198,25,9984.0,2.5060120224403912e-05,7.102621534903521e-08,1.7320508075688772,1,8.660254037844387,0.19999999999999996,0.9548683406603533,1.0,0,,98,103,51,56,120,125,-7.14858132620955,0.0,0.99996818860877,True,4,small,0.5518172876195343
BraTS-GLI-02139-103,gmm_2d,prediction_component,199,90,27904.0,1.9308245607686985e-05,4.2163630872382685e-08,1.7320508075688772,1,15.588457268119896,0.1111111111111111,0.623030528071304,1.0,0,,98,107,79,88,106,115,-7.375061997417348,0.0,0.9988137129367269,True,4,small,0.5518172876195343
BraTS-GLI-02139-103,gmm_2d,prediction_component,200,44,13824.0,2.7070862238995545e-05,8.288129935688987e-08,1.7320508075688772,1,10.392304845413264,0.16666666666666666,0.7908715233027805,1.0,0,,98,104,85,91,29,35,-7.081543448970658,0.0,0.9999190159742366,True,4,small,0.5518172876195343
BraTS-GLI-02139-103,gmm_2d,prediction_component,201,25,9984.0,2.5060120224403912e-05,7.102621534903521e-08,1.7320508075688772,1,8.660254037844387,0.19999999999999996,0.9548683406603533,1.0,0,,99,104,66,71,48,53,-7.14858132620955,0.0,0.99996818860877,True,4,small,0.5518172876195343
BraTS-GLI-02139-103,gmm_2d,prediction_component,202,235,68608.0,1.3076927719677246e-05,1.9340327323447632e-08,1.7320508075688772,1,27.16615541441225,0.06375767130633384,0.4524468230149629,1.7272727272727273,0,,99,115,70,89,35,46,-7.713536180017021,0.0,0.9825923820428115,True,4,small,0.5518172876195343
BraTS-GLI-02139-103,gmm_2d,prediction_component,203,25,9984.0,2.5060120224403912e-05,7.102621534903521e-08,1.7320508075688772,1,8.660254037844387,0.19999999999999996,0.9548683406603533,1.0,0,,99,104,161,166,130,135,-7.14858132620955,0.0,0.99996818860877,True,4,small,0.5518172876195343
BraTS-GLI-02139-103,gmm_2d,prediction_component,204,72,22784.0,2.093570251065932e-05,4.9570973793201915e-08,1.7320508075688772,1,12.727922061357855,0.13608276348795434,0.6711392913128504,1.1428571428571428,0,,100,108,27,34,87,94,-7.304772549546329,0.0,0.9995131936472327,True,4,small,0.5518172876195343
BraTS-GLI-02139-103,gmm_2d,prediction_component,205,64,21504.0,2.0295562707960602e-05,4.6585908281269474e-08,1.7320508075688772,1,12.206555615733702,0.14189513095212064,0.6980129914371896,1.3333333333333333,0,,100,107,44,50,116,124,-7.331745432691998,0.0,0.9995601462675827,True,4,small,0.5518172876195343
BraTS-GLI-02139-103,gmm_2d,prediction_component,206,25,9984.0,2.5060120224403912e-05,7.102621534903521e-08,1.7320508075688772,1,8.660254037844387,0.19999999999999996,0.9548683406603533,1.0,0,,100,105,114,119,71,76,-7.14858132620955,0.0,0.99996818860877,True,4,small,0.5518172876195343
BraTS-GLI-02139-103,gmm_2d,prediction_component,207,108,27392.0,2.3822544177344587e-05,6.41842772898947e-08,2.449489742783178,1,13.45362404707371,0.18206913871032132,0.8291451724222613,1.5,1,,100,109,162,170,46,52,-7.192571344555857,0.6931471805599453,0.9998865952433019,True,4,small,0.5518172876195343
BraTS-GLI-02139-103,gmm_2d,prediction_component,208,25,9984.0,2.5060120224403912e-05,7.102621534903521e-08,1.7320508075688772,1,8.660254037844387,0.19999999999999996,0.9548683406603533,1.0,0,,101,106,53,58,130,135,-7.14858132620955,0.0,0.99996818860877,True,4,small,0.5518172876195343
BraTS-GLI-02139-103,gmm_2d,prediction_component,209,76,26368.0,1.774997751547479e-05,3.563263900086984e-08,1.7320508075688772,1,13.92838827718412,0.12435400084345173,0.6591520893663227,1.2857142857142858,0,,101,108,74,82,50,59,-7.4481520120280615,0.0,0.9989322128891367,True,4,small,0.5518172876195343
BraTS-GLI-02139-103,gmm_2d,prediction_component,210,46,15616.0,2.357236358908017e-05,6.284324984734695e-08,1.7320508075688772,1,10.488088481701515,0.1651445647689541,0.7792393700163133,1.4,0,,101,107,90,97,29,34,-7.20174136414328,0.0,0.9998656732064138,True,4,small,0.5518172876195343
BraTS-GLI-02139-103,gmm_2d,prediction_component,211,25,9984.0,2.5060120224403912e-05,7.102621534903521e-08,1.7320508075688772,1,8.660254037844387,0.19999999999999996,0.9548683406603533,1.0,0,,101,106,132,137,126,131,-7.14858132620955,0.0,0.99996818860877,True,4,small,0.5518172876195343
BraTS-GLI-02139-103,gmm_2d,prediction_component,212,25,9984.0,2.5060120224403912e-05,7.102621534903521e-08,1.7320508075688772,1,8.660254037844387,0.19999999999999996,0.9548683406603533,1.0,0,,101,106,165,170,126,131,-7.14858132620955,0.0,0.99996818860877,True,4,small,0.5518172876195343
BraTS-GLI-02139-103,gmm_2d,prediction_component,213,38,13824.0,2.3379381024587062e-05,6.181848980958109e-08,1.7320508075688772,1,9.848857801796104,0.17586311452816475,0.8304795924748166,1.2,0,,102,108,58,63,52,58,-7.2088816087094125,0.0,0.9999051591398199,True,4,small,0.5518172876195343
BraTS-GLI-02139-103,gmm_2d,prediction_component,214,38,12544.0,2.7047649416909622e-05,8.273922157753891e-08,1.7320508075688772,1,9.273618495495704,0.18677184190940707,0.8304795924748166,1.2,0,,102,107,69,75,126,131,-7.082288569326049,0.0,0.9999514379352742,True,4,small,0.5518172876195343
BraTS-GLI-02139-103,gmm_2d,prediction_component,215,77,22528.0,2.2772293311909074e-05,5.864971572334703e-08,2.23606797749979,1,12.727922061357855,0.17568209223157663,0.8472618080879288,1.1428571428571428,1,,103,110,47,55,52,59,-7.23173408857967,0.6931471805599453,0.9998609019051192,True,4,small,0.5518172876195343
BraTS-GLI-02139-103,gmm_2d,prediction_component,216,25,9984.0,2.5060120224403912e-05,7.102621534903521e-08,1.7320508075688772,1,8.660254037844387,0.19999999999999996,0.9548683406603533,1.0,0,,103,108,86,91,72,77,-7.14858132620955,0.0,0.99996818860877,True,4,small,0.5518172876195343
BraTS-GLI-02139-103,gmm_2d,prediction_component,217,25,9984.0,2.5060120224403912e-05,7.102621534903521e-08,1.7320508075688772,1,8.660254037844387,0.19999999999999996,0.9548683406603533,1.0,0,,103,108,120,125,132,137,-7.14858132620955,0.0,0.99996818860877,True,4,small,0.5518172876195343
BraTS-GLI-02139-103,gmm_2d,prediction_component,218,25,9984.0,2.5060120224403912e-05,7.102621534903521e-08,1.7320508075688772,1,8.660254037844387,0.19999999999999996,0.9548683406603533,1.0,0,,104,109,36,41,111,116,-7.14858132620955,0.0,0.99996818860877,True,4,small,0.5518172876195343
BraTS-GLI-02139-103,gmm_2d,prediction_component,219,25,9984.0,2.5060120224403912e-05,7.102621534903521e-08,1.7320508075688772,1,8.660254037844387,0.19999999999999996,0.9548683406603533,1.0,0,,104,109,59,64,133,138,-7.14858132620955,0.0,0.99996818860877,True,4,small,0.5518172876195343
BraTS-GLI-02139-103,gmm_2d,prediction_component,220,25,9984.0,2.5060120224403912e-05,7.102621534903521e-08,1.7320508075688772,1,8.660254037844387,0.19999999999999996,0.9548683406603533,1.0,0,,104,109,66,71,50,55,-7.14858132620955,0.0,0.99996818860877,True,4,small,0.5518172876195343
BraTS-GLI-02139-103,gmm_2d,prediction_component,221,297,83968.0,1.2206347672710669e-05,1.6850928856033602e-08,2.23606797749979,1,25.238858928247925,0.08859623899229176,0.5402511775545049,1.5,1,,104,116,96,109,35,53,-7.77337615497474,0.6931471805599453,0.9856188677894303,True,4,small,0.5518172876195343
BraTS-GLI-02139-103,gmm_2d,prediction_component,222,102,32512.0,1.739941482384266e-05,3.423904621468397e-08,1.7320508075688772,1,16.0312195418814,0.10804236090984295,0.5975718165557262,1.7142857142857142,0,,104,112,140,152,38,45,-7.465478341818163,0.0,0.9980980076946288,True,4,small,0.5518172876195343
BraTS-GLI-02139-103,gmm_2d,prediction_component,223,453,126720.0,1.0042236745575832e-05,1.1405472579807795e-08,2.23606797749979,1,32.046840717924134,0.06977498959044451,0.46933377048094066,1.4,1,,105,124,34,49,109,130,-7.94288671524917,0.6931471805599453,0.9532592987657399,True,4,small,0.5518172876195343
BraTS-GLI-02139-103,gmm_2d,prediction_component,224,25,9984.0,2.5060120224403912e-05,7.102621534903521e-08,1.7320508075688772,1,8.660254037844387,0.19999999999999996,0.9548683406603533,1.0,0,,105,110,51,56,127,132,-7.14858132620955,0.0,0.99996818860877,True,4,small,0.5518172876195343
BraTS-GLI-02139-103,gmm_2d,prediction_component,225,25,9984.0,2.5060120224403912e-05,7.102621534903521e-08,1.7320508075688772,1,8.660254037844387,0.19999999999999996,0.9548683406603533,1.0,0,,105,110,72,77,75,80,-7.14858132620955,0.0,0.99996818860877,True,4,small,0.5518172876195343
BraTS-GLI-02139-103,gmm_2d,prediction_component,226,25,9984.0,2.5060120224403912e-05,7.102621534903521e-08,1.7320508075688772,1,8.660254037844387,0.19999999999999996,0.9548683406603533,1.0,0,,106,111,32,37,90,95,-7.14858132620955,0.0,0.99996818860877,True,4,small,0.5518172876195343
BraTS-GLI-02139-103,gmm_2d,prediction_component,227,25,9984.0,2.5060120224403912e-05,7.102621534903521e-08,1.7320508075688772,1,8.660254037844387,0.19999999999999996,0.9548683406603533,1.0,0,,106,111,66,71,131,136,-7.14858132620955,0.0,0.99996818860877,True,4,small,0.5518172876195343
BraTS-GLI-02139-103,gmm_2d,prediction_component,228,25,9984.0,2.5060120224403912e-05,7.102621534903521e-08,1.7320508075688772,1,8.660254037844387,0.19999999999999996,0.9548683406603533,1.0,0,,106,111,99,104,143,148,-7.14858132620955,0.0,0.99996818860877,True,4,small,0.5518172876195343
BraTS-GLI-02139-103,gmm_2d,prediction_component,229,38,13824.0,2.3379381024587062e-05,6.181848980958109e-08,1.7320508075688772,1,9.848857801796104,0.17586311452816475,0.8304795924748166,1.2,0,,107,112,29,35,103,109,-7.2088816087094125,0.0,0.9999051591398199,True,4,small,0.5518172876195343
BraTS-GLI-02139-103,gmm_2d,prediction_component,230,163,48128.0,1.5437994523819822e-05,2.6954677405387436e-08,1.7320508075688772,1,19.748417658131498,0.08770580193070292,0.5111255948456747,1.3,0,,107,120,40,50,60,71,-7.569365861457252,0.0,0.9945671623245482,True,4,small,0.5518172876195343
BraTS-GLI-02139-103,gmm_2d,prediction_component,231,38,13824.0,2.3379381024587062e-05,6.181848980958109e-08,1.7320508075688772,1,9.848857801796104,0.17586311452816475,0.8304795924748166,1.2,0,,107,112,60,66,103,109,-7.2088816087094125,0.0,0.9999051591398199,True,4,small,0.5518172876195343
BraTS-GLI-02139-103,gmm_2d,prediction_component,232,1781,425216.0,6.423171572433358e-06,4.666071819407444e-09,2.8284271247461903,1,65.95452979136459,0.0428845013935118,0.3761432073514162,4.9,12,,107,150,69,118,88,98,-8.331048580901824,2.5649493574615367,0.4570058711271225,False,4,small,0.5518172876195343
BraTS-GLI-02139-103,gmm_2d,prediction_component,233,25,9984.0,2.5060120224403912e-05,7.102621534903521e-08,1.7320508075688772,1,8.660254037844387,0.19999999999999996,0.9548683406603533,1.0,0,,107,112,150,155,85,90,-7.14858132620955,0.0,0.99996818860877,True,4,small,0.5518172876195343
BraTS-GLI-02139-103,gmm_2d,prediction_component,234,88,30464.0,1.6550163253857545e-05,3.0978254092185503e-08,1.7320508075688772,1,16.55294535724685,0.10463701596227336,0.627715144031263,1.7142857142857142,0,,108,115,69,81,48,57,-7.508943062351382,0.0,0.9978490695388513,True,4,small,0.5518172876195343
BraTS-GLI-02139-103,gmm_2d,prediction_component,235,46,15616.0,2.357236358908017e-05,6.284324984734695e-08,1.7320508075688772,1,10.488088481701515,0.1651445647689541,0.7792393700163133,1.4,0,,109,114,30,36,110,117,-7.20174136414328,0.0,0.9998656732064138,True,4,small,0.5518172876195343
BraTS-GLI-02139-103,gmm_2d,prediction_component,236,75,22528.0,2.218080517393741e-05,5.5642545276408676e-08,1.7320508075688772,1,13.30413469565007,0.13018891098082386,0.6620687295173385,1.1428571428571428,0,,109,117,34,41,74,82,-7.254593012141234,0.0,0.9995326299027207,True,4,small,0.5518172876195343
BraTS-GLI-02139-103,gmm_2d,prediction_component,237,25,9984.0,2.5060120224403912e-05,7.102621534903521e-08,1.7320508075688772,1,8.660254037844387,0.19999999999999996,0.9548683406603533,1.0,0,,109,114,39,44,81,86,-7.14858132620955,0.0,0.99996818860877,True,4,small,0.5518172876195343
BraTS-GLI-02139-103,gmm_2d,prediction_component,238,48,18432.0,1.918149905562466e-05,4.1611892032488095e-08,1.7320508075688772,1,11.180339887498949,0.15491933384829665,0.7682627055029695,1.6,0,,109,117,52,57,49,55,-7.380782537016758,0.0,0.9996748564653178,True,4,small,0.5518172876195343
BraTS-GLI-02139-103,gmm_2d,prediction_component,239,68,20224.0,2.364331279141417e-05,6.322211626023995e-08,1.7320508075688772,1,11.180339887498949,0.15491933384829665,0.6840489693598067,1.6,0,,109,117,165,171,88,93,-7.19913097093298,0.0,0.9997782810205976,True,4,small,0.5518172876195343
BraTS-GLI-02139-103,gmm_2d,prediction_component,240,25,9984.0,2.5060120224403912e-05,7.102621534903521e-08,1.7320508075688772,1,8.660254037844387,0.19999999999999996,0.9548683406603533,1.0,0,,110,115,112,117,92,97,-7.14858132620955,0.0,0.99996818860877,True,4,small,0.5518172876195343
BraTS-GLI-02139-103,gmm_2d,prediction_component,241,81,26368.0,1.8917739194124448e-05,4.047537127505316e-08,1.7320508075688772,1,14.52583904633395,0.11923929502757463,0.6453002363415847,1.2857142857142858,0,,111,120,32,39,92,101,-7.392809158832344,0.0,0.9989928730459758,True,4,small,0.5518172876195343
BraTS-GLI-02139-103,gmm_2d,prediction_component,242,125,37888.0,1.6949523441763936e-05,3.2491320142450685e-08,1.7320508075688772,1,17.11724276862369,0.1011874886032327,0.5584103931497517,1.7142857142857142,0,,111,121,108,115,123,135,-7.488232642642887,0.0,0.9973204555237021,True,4,small,0.5518172876195343
BraTS-GLI-02139-103,gmm_2d,prediction_component,243,25,9984.0,2.5060120224403912e-05,7.102621534903521e-08,1.7320508075688772,1,8.660254037844387,0.19999999999999996,0.9548683406603533,1.0,0,,111,116,147,152,43,48,-7.14858132620955,0.0,0.99996818860877,True,4,small,0.5518172876195343
BraTS-GLI-02139-103,gmm_2d,prediction_component,244,88,31232.0,1.5943474744936346e-05,2.874870786967479e-08,1.7320508075688772,1,14.45683229480096,0.11980845957463075,0.627715144031263,1.125,0,,111,120,161,169,49,57,-7.541381670198035,0.0,0.9981854215503542,True,4,small,0.5518172876195343
BraTS-GLI-02139-103,gmm_2d,prediction_component,245,25,9984.0,2.5060120224403912e-05,7.102621534903521e-08,1.7320508075688772,1,8.660254037844387,0.19999999999999996,0.9548683406603533,1.0,0,,112,117,45,50,126,131,-7.14858132620955,0.0,0.99996818860877,True,4,small,0.5518172876195343
BraTS-GLI-02139-103,gmm_2d,prediction_component,246,46,16896.0,2.0945077921731866e-05,4.961538140913494e-08,1.7320508075688772,1,11.0,0.15745916432444337,0.7792393700163133,1.1666666666666667,0,,112,119,57,63,63,69,-7.3043836657365855,0.0,0.9997739231074919,True,4,small,0.5518172876195343
BraTS-GLI-02139-103,gmm_2d,prediction_component,247,25,9984.0,2.5060120224403912e-05,7.102621534903521e-08,1.7320508075688772,1,8.660254037844387,0.19999999999999996,0.9548683406603533,1.0,0,,112,117,116,121,49,54,-7.14858132620955,0.0,0.99996818860877,True,4,small,0.5518172876195343
BraTS-GLI-02139-103,gmm_2d,prediction_component,248,25,9984.0,2.5060120224403912e-05,7.102621534903521e-08,1.7320508075688772,1,8.660254037844387,0.19999999999999996,0.9548683406603533,1.0,0,,113,118,83,88,146,151,-7.14858132620955,0.0,0.99996818860877,True,4,small,0.5518172876195343
BraTS-GLI-02139-103,gmm_2d,prediction_component,249,25,9984.0,2.5060120224403912e-05,7.102621534903521e-08,1.7320508075688772,1,8.660254037844387,0.19999999999999996,0.9548683406603533,1.0,0,,113,118,109,114,40,45,-7.14858132620955,0.0,0.99996818860877,True,4,small,0.5518172876195343
BraTS-GLI-02139-103,gmm_2d,prediction_component,250,25,9984.0,2.5060120224403912e-05,7.102621534903521e-08,1.7320508075688772,1,8.660254037844387,0.19999999999999996,0.9548683406603533,1.0,0,,113,118,177,182,88,93,-7.14858132620955,0.0,0.99996818860877,True,4,small,0.5518172876195343
BraTS-GLI-02139-103,gmm_2d,prediction_component,251,25,9984.0,2.5060120224403912e-05,7.102621534903521e-08,1.7320508075688772,1,8.660254037844387,0.19999999999999996,0.9548683406603533,1.0,0,,114,119,40,45,92,97,-7.14858132620955,0.0,0.99996818860877,True,4,small,0.5518172876195343
BraTS-GLI-02139-103,gmm_2d,prediction_component,252,25,9984.0,2.5060120224403912e-05,7.102621534903521e-08,1.7320508075688772,1,8.660254037844387,0.19999999999999996,0.9548683406603533,1.0,0,,114,119,79,84,34,39,-7.14858132620955,0.0,0.99996818860877,True,4,small,0.5518172876195343
BraTS-GLI-02139-103,gmm_2d,prediction_component,253,25,9984.0,2.5060120224403912e-05,7.102621534903521e-08,1.7320508075688772,1,8.660254037844387,0.19999999999999996,0.9548683406603533,1.0,0,,114,119,149,154,46,51,-7.14858132620955,0.0,0.99996818860877,True,4,small,0.5518172876195343
BraTS-GLI-02139-103,gmm_2d,prediction_component,254,25,9984.0,2.5060120224403912e-05,7.102621534903521e-08,1.7320508075688772,1,8.660254037844387,0.19999999999999996,0.9548683406603533,1.0,0,,115,120,52,57,70,75,-7.14858132620955,0.0,0.99996818860877,True,4,small,0.5518172876195343
BraTS-GLI-02139-103,gmm_2d,prediction_component,255,25,9984.0,2.5060120224403912e-05,7.102621534903521e-08,1.7320508075688772,1,8.660254037844387,0.19999999999999996,0.9548683406603533,1.0,0,,116,121,50,55,54,59,-7.14858132620955,0.0,0.99996818860877,True,4,small,0.5518172876195343
BraTS-GLI-02139-103,gmm_2d,prediction_component,256,38,13824.0,2.3379381024587062e-05,6.181848980958109e-08,1.7320508075688772,1,9.848857801796104,0.17586311452816475,0.8304795924748166,1.2,0,,116,121,67,73,49,55,-7.2088816087094125,0.0,0.9999051591398199,True,4,small,0.5518172876195343
BraTS-GLI-02139-103,gmm_2d,prediction_component,257,38,12544.0,2.7047649416909622e-05,8.273922157753891e-08,1.7320508075688772,1,9.273618495495704,0.18677184190940707,0.8304795924748166,1.2,0,,116,121,77,82,137,143,-7.082288569326049,0.0,0.9999514379352742,True,4,small,0.5518172876195343
BraTS-GLI-02139-103,gmm_2d,prediction_component,258,38,13824.0,2.3379381024587062e-05,6.181848980958109e-08,1.7320508075688772,1,9.848857801796104,0.17586311452816475,0.8304795924748166,1.2,0,,116,121,154,160,49,55,-7.2088816087094125,0.0,0.9999051591398199,True,4,small,0.5518172876195343
BraTS-GLI-02139-103,gmm_2d,prediction_component,259,50,15360.0,2.6265349298824172e-05,7.802229756091518e-08,1.7320508075688772,1,10.392304845413264,0.16666666666666666,0.757879504227687,1.0,0,,116,122,167,173,59,65,-7.1077812649530205,0.0,0.999900563037611,True,4,small,0.5518172876195343
BraTS-GLI-02139-103,gmm_2d,prediction_component,260,86,22784.0,2.5006533554398635e-05,7.072278591329502e-08,1.7320508075688772,1,12.727922061357855,0.13608276348795434,0.6325439118228858,1.1428571428571428,0,,117,125,50,57,62,69,-7.15044063992173,0.0,0.9996847935085178,True,4,small,0.5518172876195343
BraTS-GLI-02139-103,gmm_2d,prediction_component,261,211,62976.0,1.3351186012961722e-05,2.0160071442431215e-08,2.23606797749979,1,20.42057785666214,0.1095007199696007,0.6054622263429159,1.4,1,,117,128,53,63,124,138,-7.69550793318888,0.6931471805599453,0.9940937390405737,True,4,small,0.5518172876195343
BraTS-GLI-02139-103,gmm_2d,prediction_component,262,178,50176.0,1.5837110513848396e-05,2.8366402965533488e-08,2.23606797749979,1,22.293496809607955,0.10030135678562992,0.6407784110308046,2.125,1,,117,125,61,78,135,147,-7.547195731925767,0.6931471805599453,0.9963489498361238,True,4,small,0.5518172876195343
BraTS-GLI-02139-103,gmm_2d,prediction_component,263,50,19968.0,1.772018094802615e-05,3.551310767451761e-08,1.7320508075688772,1,12.68857754044952,0.136504726557987,0.757879504227687,2.0,0,,117,123,119,129,89,94,-7.449611321873531,0.0,0.999386005625403,True,4,small,0.5518172876195343
BraTS-GLI-02139-103,gmm_2d,prediction_component,264,25,9984.0,2.5060120224403912e-05,7.102621534903521e-08,1.7320508075688772,1,8.660254037844387,0.19999999999999996,0.9548683406603533,1.0,0,,117,122,135,140,134,139,-7.14858132620955,0.0,0.99996818860877,True,4,small,0.5518172876195343
BraTS-GLI-02139-103,gmm_2d,prediction_component,265,255,64000.0,1.5749625065291733e-05,2.8053872080949198e-08,2.23606797749979,1,20.83266665599966,0.10733469768527296,0.5684179863687828,1.1818181818181819,2,,118,130,44,55,117,130,-7.55200718762233,1.0986122886681098,0.9949291835562646,True,4,small,0.5518172876195343
BraTS-GLI-02139-103,gmm_2d,prediction_component,266,60,18432.0,2.3976873819530824e-05,6.501858130076264e-08,1.7320508075688772,1,11.0,0.15745916432444337,0.7131919190287451,1.1666666666666667,0,,118,124,69,76,122,128,-7.186962511000646,0.0,0.9998165517149605,True,4,small,0.5518172876195343
BraTS-GLI-02139-103,gmm_2d,prediction_component,267,25,9984.0,2.5060120224403912e-05,7.102621534903521e-08,1.7320508075688772,1,8.660254037844387,0.19999999999999996,0.9548683406603533,1.0,0,,118,123,78,83,132,137,-7.14858132620955,0.0,0.99996818860877,True,4,small,0.5518172876195343
BraTS-GLI-02139-103,gmm_2d,prediction_component,268,25,9984.0,2.5060120224403912e-05,7.102621534903521e-08,1.7320508075688772,1,8.660254037844387,0.19999999999999996,0.9548683406603533,1.0,0,,118,123,99,104,130,135,-7.14858132620955,0.0,0.99996818860877,True,4,small,0.5518172876195343
BraTS-GLI-02139-103,gmm_2d,prediction_component,269,206,64512.0,1.2572060469354024e-05,1.787579213527155e-08,1.7320508075688772,1,20.322401432901575,0.08522864845907041,0.4727531417248479,1.3,0,,119,131,55,68,61,71,-7.747734704080453,0.0,0.9876853751151159,True,4,small,0.5518172876195343
BraTS-GLI-02139-103,gmm_2d,prediction_component,270,72,24576.0,1.8688123647942946e-05,3.949878814021331e-08,1.7320508075688772,1,13.96424004376894,0.12403473458920845,0.6711392913128504,2.2,0,,119,126,81,92,90,95,-7.403416228730296,0.0,0.999122915713947,True,4,small,0.5518172876195343
BraTS-GLI-02139-103,gmm_2d,prediction_component,271,63,23808.0,1.7149686231523227e-05,3.326325389754192e-08,1.7320508075688772,1,13.490737563232042,0.12838814775327387,0.7016868116919668,2.2,0,,119,124,89,100,32,38,-7.478035269228769,0.0,0.9990424046440612,True,4,small,0.5518172876195343
BraTS-GLI-02139-103,gmm_2d,prediction_component,272,81,25088.0,2.038383791771192e-05,4.699203884783871e-08,1.7320508075688772,1,14.142135623730951,0.1224744871391589,0.6453002363415847,1.6666666666666667,0,,119,125,171,179,65,75,-7.327975711794313,0.0,0.9992522716481977,True,4,small,0.5518172876195343
BraTS-GLI-02139-103,gmm_2d,prediction_component,273,46,15616.0,2.357236358908017e-05,6.284324984734695e-08,1.7320508075688772,1,10.488088481701515,0.1651445647689541,0.7792393700163133,1.4,0,,119,126,178,184,77,82,-7.20174136414328,0.0,0.9998656732064138,True,4,small,0.5518172876195343
BraTS-GLI-02139-103,gmm_2d,prediction_component,274,103,30208.0,1.9617979021187953e-05,4.352721744723896e-08,1.7320508075688772,1,15.0996688705415,0.11470786693528087,0.5956316346630701,1.25,0,,120,128,158,166,56,66,-7.361239094982159,0.0,0.9988462848195555,True,4,small,0.5518172876195343
BraTS-GLI-02139-103,gmm_2d,prediction_component,275,154,40192.0,1.911222696805549e-05,4.131188027516084e-08,2.23606797749979,1,18.466185312619388,0.1210898699241207,0.6724721427256285,1.75,2,,121,130,94,102,136,150,-7.383925038028902,1.0986122886681098,0.998498348509706,True,4,small,0.5518172876195343
BraTS-GLI-02139-103,gmm_2d,prediction_component,276,78,22784.0,2.26803443865476e-05,5.817704563229947e-08,1.7320508075688772,1,13.30413469565007,0.13018891098082386,0.6534694609959394,1.1428571428571428,0,,121,129,134,141,42,50,-7.2352483370279055,0.0,0.9995518478796941,True,4,small,0.5518172876195343
BraTS-GLI-02139-103,gmm_2d,prediction_component,277,170,44288.0,1.823978936391488e-05,3.762634306156608e-08,2.23606797749979,1,18.384776310850235,0.12162606385262999,0.6506761647198314,2.142857142857143,1,,122,130,44,59,109,116,-7.424507989103966,0.6931471805599453,0.9984918076342917,True,4,small,0.5518172876195343
BraTS-GLI-02139-103,gmm_2d,prediction_component,278,50,15360.0,2.6265349298824172e-05,7.802229756091518e-08,1.7320508075688772,1,10.392304845413264,0.16666666666666666,0.757879504227687,1.0,0,,122,128,63,69,112,118,-7.1077812649530205,0.0,0.999900563037611,True,4,small,0.5518172876195343
BraTS-GLI-02139-103,gmm_2d,prediction_component,279,50,19968.0,1.772018094802615e-05,3.551310767451761e-08,1.7320508075688772,1,12.206555615733702,0.14189513095212064,0.757879504227687,1.3333333333333333,0,,122,129,64,72,78,84,-7.449611321873531,0.0,0.9994458341961988,True,4,small,0.5518172876195343
BraTS-GLI-02139-103,gmm_2d,prediction_component,280,38,12544.0,2.7047649416909622e-05,8.273922157753891e-08,1.7320508075688772,1,9.273618495495704,0.18677184190940707,0.8304795924748166,1.2,0,,122,128,83,88,38,43,-7.082288569326049,0.0,0.9999514379352742,True,4,small,0.5518172876195343
BraTS-GLI-02139-103,gmm_2d,prediction_component,281,25,9984.0,2.5060120224403912e-05,7.102621534903521e-08,1.7320508075688772,1,8.660254037844387,0.19999999999999996,0.9548683406603533,1.0,0,,122,127,162,167,111,116,-7.14858132620955,0.0,0.99996818860877,True,4,small,0.5518172876195343
BraTS-GLI-02139-103,gmm_2d,prediction_component,282,119,40192.0,1.4768539020770152e-05,2.4667630990746864e-08,1.7320508075688772,1,19.4164878389476,0.08920515501750788,0.5676419848966001,1.625,0,,123,135,90,98,46,59,-7.607872556916767,0.0,0.9949616005120254,True,4,small,0.5518172876195343
BraTS-GLI-02139-103,gmm_2d,prediction_component,283,115,29952.0,2.2184982974808775e-05,5.5663508029095744e-08,1.7320508075688772,1,14.52583904633395,0.11923929502757463,0.5741484768241579,1.2857142857142858,0,,123,130,170,179,72,81,-7.254429427005389,0.0,0.9992298340849891,True,4,small,0.5518172876195343
BraTS-GLI-02139-103,gmm_2d,prediction_component,284,25,9984.0,2.5060120224403912e-05,7.102621534903521e-08,1.7320508075688772,1,8.660254037844387,0.19999999999999996,0.9548683406603533,1.0,0,,124,129,69,74,120,125,-7.14858132620955,0.0,0.99996818860877,True,4,small,0.5518172876195343
BraTS-GLI-02139-103,gmm_2d,prediction_component,285,25,9984.0,2.5060120224403912e-05,7.102621534903521e-08,1.7320508075688772,1,8.660254037844387,0.19999999999999996,0.9548683406603533,1.0,0,,124,129,75,80,90,95,-7.14858132620955,0.0,0.99996818860877,True,4,small,0.5518172876195343
BraTS-GLI-02139-103,gmm_2d,prediction_component,286,531,121856.0,1.2483148704259029e-05,1.7623844876046608e-08,2.449489742783178,1,31.71750305430741,0.0772283284276542,0.4876111799877908,3.0,4,,124,151,120,134,87,96,-7.753899338472669,1.6094379124341003,0.9689910420954504,True,4,small,0.5518172876195343
BraTS-GLI-02139-103,gmm_2d,prediction_component,287,38,13824.0,2.3379381024587062e-05,6.181848980958109e-08,1.7320508075688772,1,9.848857801796104,0.17586311452816475,0.8304795924748166,1.2,0,,125,131,61,67,49,54,-7.2088816087094125,0.0,0.9999051591398199,True,4,small,0.5518172876195343
BraTS-GLI-02139-103,gmm_2d,prediction_component,288,99,27392.0,2.1837332162565873e-05,5.39326218894254e-08,2.23606797749979,1,13.601470508735444,0.1643989873053573,0.7791770286860561,1.6666666666666667,1,,125,135,94,100,126,133,-7.268148466334656,0.6931471805599453,0.9997531548579177,True,4,small,0.5518172876195343
BraTS-GLI-02139-103,gmm_2d,prediction_component,289,25,9984.0,2.5060120224403912e-05,7.102621534903521e-08,1.7320508075688772,1,8.660254037844387,0.19999999999999996,0.9548683406603533,1.0,0,,125,130,113,118,122,127,-7.14858132620955,0.0,0.99996818860877,True,4,small,0.5518172876195343
BraTS-GLI-02139-103,gmm_2d,prediction_component,290,25,9984.0,2.5060120224403912e-05,7.102621534903521e-08,1.7320508075688772,1,8.660254037844387,0.19999999999999996,0.9548683406603533,1.0,0,,126,131,45,50,100,105,-7.14858132620955,0.0,0.99996818860877,True,4,small,0.5518172876195343
BraTS-GLI-02139-103,gmm_2d,prediction_component,291,71,24320.0,1.872030813066559e-05,3.9634954055337684e-08,1.7320508075688772,1,13.674794331177344,0.1266600992762247,0.6742755017744779,1.8,0,,126,135,70,75,129,138,-7.40192164090252,0.0,0.9991787490614702,True,4,small,0.5518172876195343
BraTS-GLI-02139-103,gmm_2d,prediction_component,292,163,41472.0,1.929990337078284e-05,4.212720467196983e-08,2.23606797749979,1,18.708286933869708,0.11952286093343936,0.6598603055525526,1.4444444444444444,1,,126,139,105,114,35,45,-7.375437357294105,0.6931471805599453,0.9987266375215039,True,4,small,0.5518172876195343
BraTS-GLI-02139-103,gmm_2d,prediction_component,293,102,24320.0,2.6893963793350563e-05,8.18016389588838e-08,2.23606797749979,1,12.727922061357855,0.17568209223157663,0.7714618978944139,1.1428571428571428,1,,126,133,161,169,87,94,-7.087237994816836,0.6931471805599453,0.999894379727484,True,4,small,0.5518172876195343
BraTS-GLI-02139-103,gmm_2d,prediction_component,294,38,13824.0,2.3379381024587062e-05,6.181848980958109e-08,1.7320508075688772,1,9.848857801796104,0.17586311452816475,0.8304795924748166,1.2,0,,128,134,55,60,103,109,-7.2088816087094125,0.0,0.9999051591398199,True,4,small,0.5518172876195343
BraTS-GLI-02139-103,gmm_2d,prediction_component,295,233,51968.0,1.9667624869878815e-05,4.374779877481244e-08,2.449489742783178,1,18.466185312619388,0.13264730648561454,0.6416819965579073,1.75,2,,128,136,144,158,86,95,-7.359043794161728,1.0986122886681098,0.9987805471575146,True,4,small,0.5518172876195343
BraTS-GLI-02139-103,gmm_2d,prediction_component,296,46,16896.0,2.0945077921731866e-05,4.961538140913494e-08,1.7320508075688772,1,11.0,0.15745916432444337,0.7792393700163133,1.1666666666666667,0,,129,136,60,66,53,59,-7.3043836657365855,0.0,0.9997739231074919,True,4,small,0.5518172876195343
BraTS-GLI-02139-103,gmm_2d,prediction_component,297,50,19968.0,1.772018094802615e-05,3.551310767451761e-08,1.7320508075688772,1,12.449899597988733,0.13912166872805048,0.757879504227687,1.8,0,,129,138,76,81,133,140,-7.449611321873531,0.0,0.9994158171308427,True,4,small,0.5518172876195343
BraTS-GLI-02139-103,gmm_2d,prediction_component,298,25,9984.0,2.5060120224403912e-05,7.102621534903521e-08,1.7320508075688772,1,8.660254037844387,0.19999999999999996,0.9548683406603533,1.0,0,,129,134,85,90,38,43,-7.14858132620955,0.0,0.99996818860877,True,4,small,0.5518172876195343
BraTS-GLI-02139-103,gmm_2d,prediction_component,299,133,36096.0,1.939380497524778e-05,4.2538132677500086e-08,1.7320508075688772,1,16.24807680927192,0.10660035817780521,0.5469818932799718,1.25,0,,129,137,120,130,41,51,-7.371221578506096,0.0,0.9983598544083827,True,4,small,0.5518172876195343
BraTS-GLI-02139-103,gmm_2d,prediction_component,300,46,15616.0,2.357236358908017e-05,6.284324984734695e-08,1.7320508075688772,1,10.488088481701515,0.1651445647689541,0.7792393700163133,1.4,0,,129,134,137,144,50,56,-7.20174136414328,0.0,0.9998656732064138,True,4,small,0.5518172876195343
BraTS-GLI-02139-103,gmm_2d,prediction_component,301,38,12544.0,2.7047649416909622e-05,8.273922157753891e-08,1.7320508075688772,1,9.273618495495704,0.18677184190940707,0.8304795924748166,1.2,0,,130,135,70,76,91,96,-7.082288569326049,0.0,0.9999514379352742,True,4,small,0.5518172876195343
BraTS-GLI-02139-103,gmm_2d,prediction_component,302,25,9984.0,2.5060120224403912e-05,7.102621534903521e-08,1.7320508075688772,1,8.660254037844387,0.19999999999999996,0.9548683406603533,1.0,0,,130,135,109,114,91,96,-7.14858132620955,0.0,0.99996818860877,True,4,small,0.5518172876195343
BraTS-GLI-02139-103,gmm_2d,prediction_component,303,56,16640.0,2.6089036722489758e-05,7.697832583722892e-08,1.7320508075688772,1,10.488088481701515,0.1651445647689541,0.7297836929246639,1.4,0,,131,136,77,83,63,70,-7.113631538390294,0.0,0.999885206989513,True,4,small,0.5518172876195343
BraTS-GLI-02139-103,gmm_2d,prediction_component,304,50,15360.0,2.6265349298824172e-05,7.802229756091518e-08,1.7320508075688772,1,10.392304845413264,0.16666666666666666,0.757879504227687,1.0,0,,131,137,85,91,61,67,-7.1077812649530205,0.0,0.999900563037611,True,4,small,0.5518172876195343
BraTS-GLI-02139-103,gmm_2d,prediction_component,305,25,9984.0,2.5060120224403912e-05,7.102621534903521e-08,1.7320508075688772,1,8.660254037844387,0.19999999999999996,0.9548683406603533,1.0,0,,131,136,103,108,49,54,-7.14858132620955,0.0,0.99996818860877,True,4,small,0.5518172876195343
BraTS-GLI-02139-103,gmm_2d,prediction_component,306,50,15360.0,2.6265349298824172e-05,7.802229756091518e-08,1.7320508075688772,1,10.392304845413264,0.16666666666666666,0.757879504227687,1.0,0,,132,138,79,85,42,48,-7.1077812649530205,0.0,0.999900563037611,True,4,small,0.5518172876195343
BraTS-GLI-02139-103,gmm_2d,prediction_component,307,25,9984.0,2.5060120224403912e-05,7.102621534903521e-08,1.7320508075688772,1,8.660254037844387,0.19999999999999996,0.9548683406603533,1.0,0,,132,137,84,89,137,142,-7.14858132620955,0.0,0.99996818860877,True,4,small,0.5518172876195343
BraTS-GLI-02139-103,gmm_2d,prediction_component,308,25,9984.0,2.5060120224403912e-05,7.102621534903521e-08,1.7320508075688772,1,8.660254037844387,0.19999999999999996,0.9548683406603533,1.0,0,,133,138,79,84,58,63,-7.14858132620955,0.0,0.99996818860877,True,4,small,0.5518172876195343
BraTS-GLI-02139-103,gmm_2d,prediction_component,309,59,18944.0,2.2627912155185472e-05,5.790837013292587e-08,1.7320508075688772,1,11.575836902790225,0.14962640041614492,0.71719869927557,1.1666666666666667,0,,133,140,144,150,56,63,-7.237258658382768,0.0,0.9997475797709908,True,4,small,0.5518172876195343
BraTS-GLI-02139-103,gmm_2d,prediction_component,310,25,9984.0,2.5060120224403912e-05,7.102621534903521e-08,1.7320508075688772,1,8.660254037844387,0.19999999999999996,0.9548683406603533,1.0,0,,134,139,96,101,42,47,-7.14858132620955,0.0,0.99996818860877,True,4,small,0.5518172876195343
BraTS-GLI-02139-103,gmm_2d,prediction_component,311,25,9984.0,2.5060120224403912e-05,7.102621534903521e-08,1.7320508075688772,1,8.660254037844387,0.19999999999999996,0.9548683406603533,1.0,0,,134,139,127,132,49,54,-7.14858132620955,0.0,0.99996818860877,True,4,small,0.5518172876195343
BraTS-GLI-02139-103,gmm_2d,prediction_component,312,25,9984.0,2.5060120224403912e-05,7.102621534903521e-08,1.7320508075688772,1,8.660254037844387,0.19999999999999996,0.9548683406603533,1.0,0,,137,142,75,80,70,75,-7.14858132620955,0.0,0.99996818860877,True,4,small,0.5518172876195343
BraTS-GLI-02139-103,gmm_2d,prediction_component,313,25,9984.0,2.5060120224403912e-05,7.102621534903521e-08,1.7320508075688772,1,8.660254037844387,0.19999999999999996,0.9548683406603533,1.0,0,,137,142,116,121,91,96,-7.14858132620955,0.0,0.99996818860877,True,4,small,0.5518172876195343
BraTS-GLI-02139-103,gmm_2d,prediction_component,314,25,9984.0,2.5060120224403912e-05,7.102621534903521e-08,1.7320508075688772,1,8.660254037844387,0.19999999999999996,0.9548683406603533,1.0,0,,138,143,122,127,63,68,-7.14858132620955,0.0,0.99996818860877,True,4,small,0.5518172876195343
BraTS-GLI-02139-103,gmm_2d,prediction_component,315,25,9984.0,2.5060120224403912e-05,7.102621534903521e-08,1.7320508075688772,1,8.660254037844387,0.19999999999999996,0.9548683406603533,1.0,0,,139,144,70,75,54,59,-7.14858132620955,0.0,0.99996818860877,True,4,small,0.5518172876195343
BraTS-GLI-02139-103,gmm_2d,prediction_component,316,221,61952.0,1.4332081751178607e-05,2.3231161659047987e-08,2.23606797749979,1,22.38302928559939,0.09990014975043672,0.596188755505565,2.2857142857142856,3,,139,153,96,112,91,98,-7.6339290730452,1.3862943611198906,0.9917150961597506,True,4,small,0.5518172876195343
BraTS-GLI-02139-103,gmm_2d,prediction_component,317,177,44032.0,1.9156697791429403e-05,4.150435504277587e-08,2.23606797749979,1,22.0,0.10163945352271772,0.6419828845627256,1.1666666666666667,2,,139,151,108,122,49,61,-7.381906330473161,1.0986122886681098,0.9976137375301508,True,4,small,0.5518172876195343
BraTS-GLI-02139-103,gmm_2d,prediction_component,318,92,25856.0,2.2128186276715026e-05,5.53788599393795e-08,2.23606797749979,1,13.92838827718412,0.1605403247669839,0.7984577295628058,1.2857142857142858,1,,141,148,139,148,74,82,-7.256655989130945,0.6931471805599453,0.9997610533600867,True,4,small,0.5518172876195343
BraTS-GLI-02139-103,gmm_2d,prediction_component,319,44,13824.0,2.7070862238995545e-05,8.288129935688987e-08,1.7320508075688772,1,10.392304845413264,0.16666666666666666,0.7908715233027805,1.0,0,,142,148,96,102,49,55,-7.081543448970658,0.0,0.9999190159742366,True,4,small,0.5518172876195343
BraTS-GLI-02139-103,gmm_2d,prediction_component,320,25,9984.0,2.5060120224403912e-05,7.102621534903521e-08,1.7320508075688772,1,8.660254037844387,0.19999999999999996,0.9548683406603533,1.0,0,,143,148,119,124,121,126,-7.14858132620955,0.0,0.99996818860877,True,4,small,0.5518172876195343
BraTS-GLI-02139-103,gmm_2d,prediction_component,321,74,23552.0,2.0473402789868606e-05,4.740590424499232e-08,2.23606797749979,1,12.68857754044952,0.17622684421256035,0.8585599625046239,2.0,1,,146,151,113,123,90,96,-7.324167565048841,0.6931471805599453,0.9998142438152049,True,4,small,0.5518172876195343
BraTS-GLI-02139-103,gmm_2d,prediction_component,322,178,46592.0,1.769917292207836e-05,3.5428952998372275e-08,2.449489742783178,1,19.4164878389476,0.126155140059354,0.7019375801677775,1.5555555555555556,1,,147,156,123,137,93,103,-7.450641681811564,0.6931471805599453,0.9987159401937384,True,4,small,0.5518172876195343
BraTS-GLI-02139-103,gmm_2d,prediction_component,323,38,13824.0,2.3379381024587062e-05,6.181848980958109e-08,1.7320508075688772,1,9.848857801796104,0.17586311452816475,0.8304795924748166,1.2,0,,148,153,129,135,85,91,-7.2088816087094125,0.0,0.9999051591398199,True,4,small,0.5518172876195343
BraTS-GLI-02139-103,gmm_2d,prediction_component,324,51,16384.0,2.4318695068359375e-05,6.688564319836902e-08,1.7320508075688772,1,10.488088481701515,0.1651445647689541,0.7528933105024771,1.4,0,,149,156,104,109,80,86,-7.1746670922299165,0.0,0.9998671774422693,True,4,small,0.5518172876195343
BraTS-GLI-02139-103,gmm_2d,prediction_component,325,25,9984.0,2.5060120224403912e-05,7.102621534903521e-08,1.7320508075688772,1,8.660254037844387,0.19999999999999996,0.9548683406603533,1.0,0,,151,156,111,116,68,73,-7.14858132620955,0.0,0.99996818860877,True,4,small,0.5518172876195343
BraTS-GLI-02139-103,gmm_2d,prediction_component,326,38,13824.0,2.3379381024587062e-05,6.181848980958109e-08,1.7320508075688772,1,9.848857801796104,0.17586311452816475,0.8304795924748166,1.2,0,,152,158,89,94,85,91,-7.2088816087094125,0.0,0.9999051591398199,True,4,small,0.5518172876195343
BraTS-GLI-02139-103,gmm_2d,prediction_component,327,25,9984.0,2.5060120224403912e-05,7.102621534903521e-08,1.7320508075688772,1,8.660254037844387,0.19999999999999996,0.9548683406603533,1.0,0,,152,157,112,117,103,108,-7.14858132620955,0.0,0.99996818860877,True,4,small,0.5518172876195343
BraTS-GLI-02139-103,gmm_2d,prediction_component,328,25,9984.0,2.5060120224403912e-05,7.102621534903521e-08,1.7320508075688772,1,8.660254037844387,0.19999999999999996,0.9548683406603533,1.0,0,,153,158,114,119,87,92,-7.14858132620955,0.0,0.99996818860877,True,4,small,0.5518172876195343
BraTS-GLI-02139-103,variational_spline,prediction_component,1,12736,2312704.0,3.6212038471219116e-06,1.483058627384909e-09,3.4641016151377544,2,211.5419580130618,0.016375482422848055,0.23911627835877639,1.2818181818181817,19,,46,156,30,171,39,152,-8.828841680363066,2.995732273553991,0.0404402570309555,False,4,small,0.5518172876195343
