case_id,method,source,component_label,volume_vox,surface_area_proxy,compactness_v_over_s15,isoperimetric_quotient,inscribed_radius_vox,inscribed_radius_grid_step,bbox_diag_vox,radius_over_bbox_diag,radius_over_equiv_sphere,elongation_max_over_min,eroded_subcomponents,overlap_gt_vox,z0,z1,y0,y1,x0,x1,log10_isoperimetric,log1p_eroded_subcomponents,shape_score_prob_true_et,accepted_shape,fold,vol_bin,shape_threshold
BraTS-GLI-02220-102,otsu_T1c,prediction_component,1,454265,34086400.0,2.282640784540953e-06,5.892878932974293e-10,12.0,4,234.80630315219395,0.051105953455695706,0.25163691770810837,1.38135593220339,85,,33,151,30,193,28,149,-9.229672481233258,4.454347296253507,0.013159359581745831,False,2,absent,0.5396369041183476
BraTS-GLI-02220-102,gmm_T1c,prediction_component,1,1046839,35717376.0,4.904114206334711e-06,2.7200289370087156e-09,19.595917942265423,4,251.82732179015048,0.07781490031726916,0.3111013177263464,1.3,2,,21,155,29,198,24,154,-8.565426475702434,1.0986122886681098,0.5901448643887567,True,2,absent,0.5396369041183476
BraTS-GLI-02220-102,sustraccion,prediction_component,1,39144,8402944.0,1.6070078522638827e-06,2.920709553044798e-10,5.656854249492381,4,239.46189676021527,0.02362319152243608,0.26856502735265203,1.3949579831932772,74,,34,153,30,196,28,153,-9.534511628846932,4.31748811353631,0.0028851712654986454,False,2,absent,0.5396369041183476
BraTS-GLI-02220-102,sustraccion,prediction_component,2,404,123904.0,9.263036485725019e-06,9.70418624041066e-09,1.7320508075688772,1,35.185224171518364,0.04922665261774665,0.37768497553552743,1.5333333333333334,0,,38,61,76,91,68,90,-8.013040877186155,0.0,0.9154548518523034,True,2,absent,0.5396369041183476
BraTS-GLI-02220-102,sustraccion,prediction_component,3,290,78592.0,1.3162260647175554e-05,1.959355980790867e-08,1.4142135623730951,1,26.720778431774775,0.05292561240249632,0.3444122063775379,1.3076923076923077,0,,39,56,67,80,37,53,-7.707886653107775,0.0,0.9668288826139356,True,2,absent,0.5396369041183476
BraTS-GLI-02220-102,sustraccion,prediction_component,4,14,6144.0,2.9070414563466808e-05,9.557731451212109e-08,1.4142135623730951,1,6.928203230275509,0.20412414523193154,0.9458781407605124,1.0,0,,39,43,78,82,57,61,-7.019645176252469,0.0,0.9999902478773879,True,2,absent,0.5396369041183476
BraTS-GLI-02220-102,sustraccion,prediction_component,5,12,6144.0,2.4917498197257264e-05,7.022006780482366e-08,1.4142135623730951,1,6.4031242374328485,0.2208630521496931,0.9957510787676723,1.3333333333333333,0,,39,42,80,84,64,68,-7.153538755513696,0.0,0.9999913647643082,True,2,absent,0.5396369041183476
BraTS-GLI-02220-102,sustraccion,prediction_component,6,14,7680.0,2.080109539136373e-05,4.8935585030206e-08,1.4142135623730951,1,7.681145747868608,0.1841149235796647,0.9458781407605124,1.6666666666666667,0,,40,45,123,126,56,61,-7.310375215276639,0.0,0.9999587252363512,True,2,absent,0.5396369041183476
BraTS-GLI-02220-102,sustraccion,prediction_component,7,59,21504.0,1.870997187140118e-05,3.959119793142066e-08,1.4142135623730951,1,12.68857754044952,0.11145564251507058,0.5855902858043154,2.25,0,,41,45,118,127,46,54,-7.402401357375484,0.0,0.9987702609354466,True,2,absent,0.5396369041183476
BraTS-GLI-02220-102,sustraccion,prediction_component,8,611,182528.0,7.835143726457165e-06,6.942986302463197e-09,2.0,1,60.29925372672534,0.033167906340332974,0.37993776357907366,1.6923076923076923,1,,42,86,116,142,120,152,-8.158453691544615,0.6931471805599453,0.7697233427369629,True,2,absent,0.5396369041183476
BraTS-GLI-02220-102,sustraccion,prediction_component,9,52,17152.0,2.3148944388875467e-05,6.060587931709466e-08,1.4142135623730951,1,11.489125293076057,0.12309149097933274,0.6107686723568493,2.5,0,,42,46,124,134,116,120,-7.217485243307008,0.0,0.9995443318341082,True,2,absent,0.5396369041183476
BraTS-GLI-02220-102,sustraccion,prediction_component,10,61,18688.0,2.3877320937780812e-05,6.447978299397684e-08,1.4142135623730951,1,12.36931687685298,0.11433239009500591,0.5791191452117007,1.5,0,,42,48,135,144,114,120,-7.190576432813962,0.0,0.9994249449505983,True,2,absent,0.5396369041183476
BraTS-GLI-02220-102,sustraccion,prediction_component,11,138,50432.0,1.218483911297828e-05,1.6791595811271202e-08,1.4142135623730951,1,22.22611077089287,0.06362847629757779,0.4411485324325542,1.5,0,,43,58,72,82,127,140,-7.774908028156434,0.0,0.9775207422705376,True,2,absent,0.5396369041183476
BraTS-GLI-02220-102,sustraccion,prediction_component,12,19,9984.0,1.9045691370546972e-05,4.102474198560274e-08,1.4142135623730951,1,9.273618495495704,0.15249857033260467,0.8543319874271107,1.2,0,,43,49,109,114,47,52,-7.386954141647967,0.0,0.9998421616249478,True,2,absent,0.5396369041183476
BraTS-GLI-02220-102,sustraccion,prediction_component,14,36,13568.0,2.277869021849575e-05,5.868267063418084e-08,1.4142135623730951,1,10.488088481701515,0.13483997249264842,0.6904152369103725,1.4,0,,45,52,109,114,119,125,-7.23149012974192,0.0,0.9997333632199337,True,2,absent,0.5396369041183476
BraTS-GLI-02220-102,sustraccion,prediction_component,15,49,17664.0,2.087192454003443e-05,4.926941042327801e-08,1.4142135623730951,1,12.206555615733702,0.11585688927269847,0.6229872725752906,1.3333333333333333,0,,46,53,62,68,76,84,-7.307422634628866,0.0,0.9993058532881997,True,2,absent,0.5396369041183476
BraTS-GLI-02220-102,sustraccion,prediction_component,16,59,22528.0,1.7448900070164098e-05,3.4434080019053975e-08,1.4142135623730951,1,14.866068747318506,0.09513029883089882,0.5855902858043154,1.8333333333333333,0,,46,52,94,102,90,101,-7.463011515640345,0.0,0.9978152928560279,True,2,absent,0.5396369041183476
BraTS-GLI-02220-102,sustraccion,prediction_component,17,103,42240.0,1.1864552445643475e-05,1.5920441024408698e-08,1.4142135623730951,1,19.672315572906,0.07188851546895896,0.48633119319478924,1.6666666666666667,0,,46,61,133,142,37,46,-7.798044905705502,0.0,0.9830577584323884,True,2,absent,0.5396369041183476
BraTS-GLI-02220-102,sustraccion,prediction_component,19,34,15616.0,1.742305134845056e-05,3.433213460469427e-08,1.4142135623730951,1,11.661903789690601,0.12126781251816648,0.7036956967830031,1.3333333333333333,0,,47,55,127,133,136,142,-7.464299193421918,0.0,0.9992407811744132,True,2,absent,0.5396369041183476
BraTS-GLI-02220-102,sustraccion,prediction_component,21,17,8448.0,2.1893644584863748e-05,5.421113507463137e-08,1.4142135623730951,1,7.681145747868608,0.1841149235796647,0.8866010210973454,1.6666666666666667,0,,49,54,54,59,83,86,-7.265911499351242,0.0,0.9999550508595741,True,2,absent,0.5396369041183476
BraTS-GLI-02220-102,sustraccion,prediction_component,22,28,12288.0,2.055588726973155e-05,4.7788657256060547e-08,1.4142135623730951,1,9.38083151964686,0.15075567228888181,0.7507439778384809,1.5,0,,49,53,61,67,91,97,-7.3206751719164505,0.0,0.999801876924499,True,2,absent,0.5396369041183476
BraTS-GLI-02220-102,sustraccion,prediction_component,23,17,8448.0,2.1893644584863748e-05,5.421113507463137e-08,1.4142135623730951,1,7.54983443527075,0.1873171623163388,0.8866010210973454,1.25,0,,50,55,53,57,89,93,-7.265911499351242,0.0,0.9999581906727809,True,2,absent,0.5396369041183476
BraTS-GLI-02220-102,sustraccion,prediction_component,25,12,5376.0,3.04433440619409e-05,1.0481829363285631e-07,1.4142135623730951,1,5.830951894845301,0.24253562503633297,0.9957510787676723,1.3333333333333333,0,,50,53,108,111,132,136,-6.979562914580636,0.0,0.9999970754453279,True,2,absent,0.5396369041183476
BraTS-GLI-02220-102,sustraccion,prediction_component,26,12,6144.0,2.4917498197257264e-05,7.022006780482366e-08,1.4142135623730951,1,6.4031242374328485,0.2208630521496931,0.9957510787676723,1.3333333333333333,0,,51,55,106,110,77,80,-7.153538755513696,0.0,0.9999913647643082,True,2,absent,0.5396369041183476
BraTS-GLI-02220-102,sustraccion,prediction_component,28,42,15104.0,2.2626184542151925e-05,5.7899528005979474e-08,1.4142135623730951,1,11.180339887498949,0.12649110640673517,0.6558352730581178,1.6,0,,52,57,105,111,133,141,-7.237324976604759,0.0,0.9996228820428396,True,2,absent,0.5396369041183476
BraTS-GLI-02220-102,sustraccion,prediction_component,30,19,9984.0,1.9045691370546972e-05,4.102474198560274e-08,1.4142135623730951,1,9.273618495495704,0.15249857033260467,0.8543319874271107,1.2,0,,53,59,105,110,125,130,-7.386954141647967,0.0,0.9998421616249478,True,2,absent,0.5396369041183476
BraTS-GLI-02220-102,sustraccion,prediction_component,31,12,5376.0,3.04433440619409e-05,1.0481829363285631e-07,1.4142135623730951,1,5.830951894845301,0.24253562503633297,0.9957510787676723,1.3333333333333333,0,,54,58,43,46,51,54,-6.979562914580636,0.0,0.9999970754453279,True,2,absent,0.5396369041183476
BraTS-GLI-02220-102,sustraccion,prediction_component,34,12,5376.0,3.04433440619409e-05,1.0481829363285631e-07,1.4142135623730951,1,5.830951894845301,0.24253562503633297,0.9957510787676723,1.3333333333333333,0,,55,59,168,171,88,91,-6.979562914580636,0.0,0.9999970754453279,True,2,absent,0.5396369041183476
BraTS-GLI-02220-102,sustraccion,prediction_component,39,14,6912.0,2.4362533060422576e-05,6.712700278491907e-08,1.4142135623730951,1,7.0710678118654755,0.2,0.9458781407605124,1.6666666666666667,0,,59,62,128,133,141,145,-7.1731027435946135,0.0,0.9999819443175567,True,2,absent,0.5396369041183476
BraTS-GLI-02220-102,sustraccion,prediction_component,42,14,6144.0,2.9070414563466808e-05,9.557731451212109e-08,1.4142135623730951,1,6.928203230275509,0.20412414523193154,0.9458781407605124,1.0,0,,60,64,137,141,92,96,-7.019645176252469,0.0,0.9999902478773879,True,2,absent,0.5396369041183476
BraTS-GLI-02220-102,sustraccion,prediction_component,44,16,6656.0,2.9464563572443515e-05,9.818664009850627e-08,1.4142135623730951,1,6.4031242374328485,0.2208630521496931,0.9046998952817776,1.3333333333333333,0,,60,64,189,192,93,97,-7.007947601074732,0.0,0.9999924347460525,True,2,absent,0.5396369041183476
BraTS-GLI-02220-102,sustraccion,prediction_component,49,31,11520.0,2.5071653393552328e-05,7.109160576572633e-08,1.4142135623730951,1,8.12403840463596,0.17407765595569785,0.7257003006213092,1.25,0,,63,68,117,122,146,150,-7.148181676131613,0.0,0.9999281867529815,True,2,absent,0.5396369041183476
BraTS-GLI-02220-102,sustraccion,prediction_component,50,12,5376.0,3.04433440619409e-05,1.0481829363285631e-07,1.4142135623730951,1,5.830951894845301,0.24253562503633297,0.9957510787676723,1.3333333333333333,0,,63,66,131,135,35,38,-6.979562914580636,0.0,0.9999970754453279,True,2,absent,0.5396369041183476
BraTS-GLI-02220-102,sustraccion,prediction_component,51,12,5376.0,3.04433440619409e-05,1.0481829363285631e-07,1.4142135623730951,1,5.830951894845301,0.24253562503633297,0.9957510787676723,1.3333333333333333,0,,63,67,190,193,79,82,-6.979562914580636,0.0,0.9999970754453279,True,2,absent,0.5396369041183476
BraTS-GLI-02220-102,sustraccion,prediction_component,52,14,6144.0,2.9070414563466808e-05,9.557731451212109e-08,1.4142135623730951,1,6.928203230275509,0.20412414523193154,0.9458781407605124,1.0,0,,64,68,89,93,75,79,-7.019645176252469,0.0,0.9999902478773879,True,2,absent,0.5396369041183476
BraTS-GLI-02220-102,sustraccion,prediction_component,54,14,6144.0,2.9070414563466808e-05,9.557731451212109e-08,1.4142135623730951,1,6.928203230275509,0.20412414523193154,0.9458781407605124,1.0,0,,64,68,150,154,45,49,-7.019645176252469,0.0,0.9999902478773879,True,2,absent,0.5396369041183476
BraTS-GLI-02220-102,sustraccion,prediction_component,55,19,9216.0,2.147533275462963e-05,5.2159350776834036e-08,1.4142135623730951,1,8.602325267042627,0.1643989873053573,0.8543319874271107,2.3333333333333335,0,,65,72,45,49,83,86,-7.282667822870332,0.0,0.9999154536336582,True,2,absent,0.5396369041183476
BraTS-GLI-02220-102,sustraccion,prediction_component,58,12,6144.0,2.4917498197257264e-05,7.022006780482366e-08,1.4142135623730951,1,6.4031242374328485,0.2208630521496931,0.9957510787676723,1.3333333333333333,0,,67,71,170,174,45,48,-7.153538755513696,0.0,0.9999913647643082,True,2,absent,0.5396369041183476
BraTS-GLI-02220-102,sustraccion,prediction_component,60,14,6144.0,2.9070414563466808e-05,9.557731451212109e-08,1.4142135623730951,1,6.928203230275509,0.20412414523193154,0.9458781407605124,1.0,0,,68,72,183,187,120,124,-7.019645176252469,0.0,0.9999902478773879,True,2,absent,0.5396369041183476
BraTS-GLI-02220-102,sustraccion,prediction_component,61,19,8448.0,2.446936747720066e-05,6.771702339772293e-08,1.4142135623730951,1,7.54983443527075,0.1873171623163388,0.8543319874271107,1.25,0,,68,73,186,190,58,62,-7.169302140202132,0.0,0.9999657761246885,True,2,absent,0.5396369041183476
BraTS-GLI-02220-102,sustraccion,prediction_component,62,48,20736.0,1.6075102880658438e-05,2.9225361756699456e-08,1.4142135623730951,1,13.45362404707371,0.10511766624552735,0.6272838722974592,1.5,0,,69,75,86,94,77,86,-7.5342401043589025,0.0,0.9981185526572328,True,2,absent,0.5396369041183476
BraTS-GLI-02220-102,sustraccion,prediction_component,63,12,5376.0,3.04433440619409e-05,1.0481829363285631e-07,1.4142135623730951,1,5.830951894845301,0.24253562503633297,0.9957510787676723,1.3333333333333333,0,,69,72,102,106,150,153,-6.979562914580636,0.0,0.9999970754453279,True,2,absent,0.5396369041183476
BraTS-GLI-02220-102,sustraccion,prediction_component,66,12,5376.0,3.04433440619409e-05,1.0481829363285631e-07,1.4142135623730951,1,5.830951894845301,0.24253562503633297,0.9957510787676723,1.3333333333333333,0,,70,73,144,147,119,123,-6.979562914580636,0.0,0.9999970754453279,True,2,absent,0.5396369041183476
BraTS-GLI-02220-102,sustraccion,prediction_component,68,19,8192.0,2.5625283894623568e-05,7.42659506177969e-08,1.4142135623730951,1,7.54983443527075,0.1873171623163388,0.8543319874271107,1.25,0,,71,75,81,86,110,114,-7.1292102555281875,0.0,0.9999701446690323,True,2,absent,0.5396369041183476
BraTS-GLI-02220-102,sustraccion,prediction_component,69,124,43008.0,1.3902657205708383e-05,2.185989153237303e-08,1.7320508075688772,1,24.020824298928627,0.07210621858826592,0.5599074791157995,3.5,0,,71,77,78,99,143,153,-7.660351997327246,0.0,0.9920661439855817,True,2,absent,0.5396369041183476
BraTS-GLI-02220-102,sustraccion,prediction_component,70,1188,278784.0,8.070764462809918e-06,7.366848176231756e-09,2.449489742783178,1,52.01922721455981,0.04708816093480111,0.3728204114498205,1.1071428571428572,3,,71,102,86,117,96,124,-8.132718280451103,1.3862943611198906,0.7781410244015006,True,2,absent,0.5396369041183476
BraTS-GLI-02220-102,sustraccion,prediction_component,71,96,37376.0,1.3285625352135615e-05,1.996256651681304e-08,1.4142135623730951,1,20.223748416156685,0.06992836012750657,0.49787553938383616,1.0909090909090908,0,,71,82,141,153,119,131,-7.699783623748302,0.0,0.9878396864923191,True,2,absent,0.5396369041183476
BraTS-GLI-02220-102,sustraccion,prediction_component,72,19,9984.0,1.9045691370546972e-05,4.102474198560274e-08,1.4142135623730951,1,8.774964387392123,0.16116459280507606,0.8543319874271107,1.5,0,,72,76,86,91,89,95,-7.386954141647967,0.0,0.9998702477966869,True,2,absent,0.5396369041183476
BraTS-GLI-02220-102,sustraccion,prediction_component,74,357,118272.0,8.776983962609865e-06,8.712503851280042e-09,1.4142135623730951,1,45.32107677449864,0.03120432397071483,0.3213575163418589,1.3043478260869565,0,,72,97,167,190,42,72,-8.059857016918118,0.0,0.8306371902347507,True,2,absent,0.5396369041183476
BraTS-GLI-02220-102,sustraccion,prediction_component,77,27,10752.0,2.4217531906717828e-05,6.633032643954189e-08,1.4142135623730951,1,8.602325267042627,0.1643989873053573,0.7599002946021327,2.3333333333333335,0,,74,81,86,90,85,88,-7.178287865349854,0.0,0.9999136084138492,True,2,absent,0.5396369041183476
BraTS-GLI-02220-102,sustraccion,prediction_component,78,54,22016.0,1.6530505521511837e-05,3.090470792038927e-08,1.4142135623730951,1,15.394804318340652,0.09186304243492507,0.6031332635211851,2.75,0,,74,85,137,141,120,130,-7.509975356558893,0.0,0.9974274745849607,True,2,absent,0.5396369041183476
BraTS-GLI-02220-102,sustraccion,prediction_component,79,12,5376.0,3.04433440619409e-05,1.0481829363285631e-07,1.4142135623730951,1,5.830951894845301,0.24253562503633297,0.9957510787676723,1.3333333333333333,0,,75,78,110,114,26,29,-6.979562914580636,0.0,0.9999970754453279,True,2,absent,0.5396369041183476
BraTS-GLI-02220-102,sustraccion,prediction_component,81,34,12288.0,2.4960720256102595e-05,7.046388748470152e-08,1.4142135623730951,1,9.273618495495704,0.15249857033260467,0.7036956967830031,1.2,0,,75,81,140,145,49,54,-7.152033400516379,0.0,0.9998705878990457,True,2,absent,0.5396369041183476
BraTS-GLI-02220-102,sustraccion,prediction_component,82,16,6656.0,2.9464563572443515e-05,9.818664009850627e-08,1.4142135623730951,1,6.4031242374328485,0.2208630521496931,0.9046998952817776,1.3333333333333333,0,,75,78,158,162,126,130,-7.007947601074732,0.0,0.9999924347460525,True,2,absent,0.5396369041183476
BraTS-GLI-02220-102,sustraccion,prediction_component,83,19,9216.0,2.147533275462963e-05,5.2159350776834036e-08,1.4142135623730951,1,8.774964387392123,0.16116459280507606,0.8543319874271107,1.5,0,,75,80,193,197,74,80,-7.282667822870332,0.0,0.9999090385149569,True,2,absent,0.5396369041183476
BraTS-GLI-02220-102,sustraccion,prediction_component,85,58,22528.0,1.7153156001178263e-05,3.327671507730468e-08,1.4142135623730951,1,14.7648230602334,0.09578262852211515,0.5889365886474403,2.4,0,,76,81,154,161,43,55,-7.477859551798759,0.0,0.9977657789324801,True,2,absent,0.5396369041183476
BraTS-GLI-02220-102,sustraccion,prediction_component,86,12,5376.0,3.04433440619409e-05,1.0481829363285631e-07,1.4142135623730951,1,5.830951894845301,0.24253562503633297,0.9957510787676723,1.3333333333333333,0,,77,80,89,93,25,28,-6.979562914580636,0.0,0.9999970754453279,True,2,absent,0.5396369041183476
BraTS-GLI-02220-102,sustraccion,prediction_component,87,180,62464.0,1.1529960451180517e-05,1.5035158428742627e-08,1.4142135623730951,1,27.676705006196094,0.0510976130307596,0.40375727989167354,2.1,0,,77,92,126,136,125,146,-7.822891991283703,0.0,0.959931602467843,True,2,absent,0.5396369041183476
BraTS-GLI-02220-102,sustraccion,prediction_component,88,12,5376.0,3.04433440619409e-05,1.0481829363285631e-07,1.4142135623730951,1,5.830951894845301,0.24253562503633297,0.9957510787676723,1.3333333333333333,0,,77,81,152,155,37,40,-6.979562914580636,0.0,0.9999970754453279,True,2,absent,0.5396369041183476
BraTS-GLI-02220-102,sustraccion,prediction_component,89,125,41216.0,1.4938646517718784e-05,2.5239158759555248e-08,1.4142135623730951,1,25.019992006393608,0.05652334189442215,0.4559401767612796,1.8888888888888888,0,,77,86,172,188,117,134,-7.597925124553564,0.0,0.9862609720318849,True,2,absent,0.5396369041183476
BraTS-GLI-02220-102,sustraccion,prediction_component,90,20,8192.0,2.6973983046972178e-05,8.228914195877773e-08,1.4142135623730951,1,6.928203230275509,0.20412414523193154,0.8398489863421099,1.0,0,,78,82,54,58,67,71,-7.084657466105883,0.0,0.9999814144469721,True,2,absent,0.5396369041183476
BraTS-GLI-02220-102,sustraccion,prediction_component,91,34,15360.0,1.7860437523200438e-05,3.607751039216718e-08,1.4142135623730951,1,11.445523142259598,0.1235604126430431,0.7036956967830031,1.8,0,,78,83,81,90,60,65,-7.442763439540548,0.0,0.9993300670376453,True,2,absent,0.5396369041183476
BraTS-GLI-02220-102,sustraccion,prediction_component,94,27,10240.0,2.6056364997725294e-05,7.678564414457468e-08,1.4142135623730951,1,8.12403840463596,0.17407765595569785,0.7599002946021327,1.25,0,,79,83,52,57,103,108,-7.11471996814004,0.0,0.9999441026380446,True,2,absent,0.5396369041183476
BraTS-GLI-02220-102,sustraccion,prediction_component,95,14,7680.0,2.080109539136373e-05,4.8935585030206e-08,1.4142135623730951,1,7.54983443527075,0.1873171623163388,0.9458781407605124,1.25,0,,79,83,80,85,113,117,-7.310375215276639,0.0,0.9999616083947324,True,2,absent,0.5396369041183476
BraTS-GLI-02220-102,sustraccion,prediction_component,96,12,6144.0,2.4917498197257264e-05,7.022006780482366e-08,1.4142135623730951,1,6.4031242374328485,0.2208630521496931,0.9957510787676723,1.3333333333333333,0,,79,83,87,90,111,115,-7.153538755513696,0.0,0.9999913647643082,True,2,absent,0.5396369041183476
BraTS-GLI-02220-102,sustraccion,prediction_component,97,944,201984.0,1.0399118845063312e-05,1.2230535048123432e-08,2.8284271247461903,1,58.0,0.048765984909417075,0.46478331785406446,1.75,1,,79,103,83,125,56,88,-7.912554543506251,0.6931471805599453,0.9391144981343086,True,2,absent,0.5396369041183476
BraTS-GLI-02220-102,sustraccion,prediction_component,98,131,55040.0,1.0145037526189138e-05,1.164017981062936e-08,1.4142135623730951,1,34.38022687534217,0.041134503489486364,0.44887019485589424,1.7692307692307692,0,,79,92,99,121,28,51,-7.934040310909415,0.0,0.9400564699721492,True,2,absent,0.5396369041183476
BraTS-GLI-02220-102,sustraccion,prediction_component,100,14,7680.0,2.080109539136373e-05,4.8935585030206e-08,1.4142135623730951,1,7.54983443527075,0.1873171623163388,0.9458781407605124,1.25,0,,80,84,86,90,91,96,-7.310375215276639,0.0,0.9999616083947324,True,2,absent,0.5396369041183476
BraTS-GLI-02220-102,sustraccion,prediction_component,102,14,6912.0,2.4362533060422576e-05,6.712700278491907e-08,1.4142135623730951,1,7.0710678118654755,0.2,0.9458781407605124,1.6666666666666667,0,,81,85,59,64,110,113,-7.1731027435946135,0.0,0.9999819443175567,True,2,absent,0.5396369041183476
BraTS-GLI-02220-102,sustraccion,prediction_component,104,26,12288.0,1.9087609607607868e-05,4.1205525899358324e-08,1.4142135623730951,1,10.63014581273465,0.13303802104754786,0.7695203069187393,2.25,0,,81,90,131,135,45,49,-7.385044538659253,0.0,0.999658385414393,True,2,absent,0.5396369041183476
BraTS-GLI-02220-102,sustraccion,prediction_component,105,39,17152.0,1.73617082916566e-05,3.4090807115865755e-08,1.4142135623730951,1,11.180339887498949,0.12649110640673517,0.6722379073420917,1.6,0,,81,87,152,160,113,118,-7.467362716523608,0.0,0.9992270395696231,True,2,absent,0.5396369041183476
BraTS-GLI-02220-102,sustraccion,prediction_component,106,21,9728.0,2.1886884789692213e-05,5.4177664210982185e-08,1.4142135623730951,1,9.0,0.15713484026367724,0.8263006657894747,1.75,0,,81,85,152,159,59,63,-7.2661797228567195,0.0,0.9998946447030004,True,2,absent,0.5396369041183476
BraTS-GLI-02220-102,sustraccion,prediction_component,109,14,6912.0,2.4362533060422576e-05,6.712700278491907e-08,1.4142135623730951,1,7.0710678118654755,0.2,0.9458781407605124,1.6666666666666667,0,,83,88,68,72,112,115,-7.1731027435946135,0.0,0.9999819443175567,True,2,absent,0.5396369041183476
BraTS-GLI-02220-102,sustraccion,prediction_component,112,22,10752.0,1.9732803775844155e-05,4.403824142213755e-08,1.4142135623730951,1,9.0,0.15713484026367724,0.8135863258112027,2.0,0,,84,87,36,42,52,58,-7.3561700320234165,0.0,0.9998494034575314,True,2,absent,0.5396369041183476
BraTS-GLI-02220-102,sustraccion,prediction_component,118,31,11520.0,2.5071653393552328e-05,7.109160576572633e-08,1.4142135623730951,1,8.774964387392123,0.16116459280507606,0.7257003006213092,1.5,0,,86,90,96,102,88,93,-7.148181676131613,0.0,0.9999038355064195,True,2,absent,0.5396369041183476
BraTS-GLI-02220-102,sustraccion,prediction_component,119,12,5376.0,3.04433440619409e-05,1.0481829363285631e-07,1.4142135623730951,1,5.830951894845301,0.24253562503633297,0.9957510787676723,1.3333333333333333,0,,86,89,105,108,29,33,-6.979562914580636,0.0,0.9999970754453279,True,2,absent,0.5396369041183476
BraTS-GLI-02220-102,sustraccion,prediction_component,121,24,10752.0,2.1526695028193625e-05,5.2409146816428155e-08,1.4142135623730951,1,9.1104335791443,0.1552301051412666,0.7903281549671363,2.3333333333333335,0,,86,93,137,142,31,34,-7.280592910244617,0.0,0.9998666274907568,True,2,absent,0.5396369041183476
BraTS-GLI-02220-102,sustraccion,prediction_component,124,22,9984.0,2.2052905797475442e-05,5.500270116629287e-08,1.4142135623730951,1,8.366600265340756,0.16903085094570333,0.8135863258112027,2.0,0,,87,92,118,124,28,31,-7.259615981909213,0.0,0.9999171720692155,True,2,absent,0.5396369041183476
BraTS-GLI-02220-102,sustraccion,prediction_component,125,1195,302336.0,7.188414489232322e-06,5.844112872479535e-09,2.23606797749979,1,50.368641037852115,0.04439405017537362,0.3396710784976299,1.1851851851851851,5,,88,120,103,130,121,149,-8.233281404746359,1.791759469228055,0.6290996250744953,True,2,absent,0.5396369041183476
BraTS-GLI-02220-102,sustraccion,prediction_component,126,14,7680.0,2.080109539136373e-05,4.8935585030206e-08,1.4142135623730951,1,8.246211251235321,0.17149858514250885,0.9458781407605124,1.5,0,,88,92,135,139,49,55,-7.310375215276639,0.0,0.999945098366169,True,2,absent,0.5396369041183476
BraTS-GLI-02220-102,sustraccion,prediction_component,128,28,12032.0,2.1215403517396566e-05,5.0904358217950245e-08,1.4142135623730951,1,9.486832980505138,0.14907119849998599,0.7507439778384809,1.75,0,,88,95,190,194,102,107,-7.2932450335968415,0.0,0.9998125416264816,True,2,absent,0.5396369041183476
BraTS-GLI-02220-102,sustraccion,prediction_component,130,27,9984.0,2.7064929842356223e-05,8.284497758311468e-08,1.4142135623730951,1,8.18535277187245,0.17277368511627203,0.7599002946021327,2.3333333333333335,0,,89,96,139,142,143,146,-7.08173381523565,0.0,0.9999485480024659,True,2,absent,0.5396369041183476
BraTS-GLI-02220-102,sustraccion,prediction_component,131,14,6144.0,2.9070414563466808e-05,9.557731451212109e-08,1.4142135623730951,1,6.928203230275509,0.20412414523193154,0.9458781407605124,1.0,0,,90,94,95,99,131,135,-7.019645176252469,0.0,0.9999902478773879,True,2,absent,0.5396369041183476
BraTS-GLI-02220-102,sustraccion,prediction_component,133,189,67584.0,1.0757118823932943e-05,1.3087126649011322e-08,1.4142135623730951,1,26.229754097208,0.05391638660171921,0.3972439267265318,1.6666666666666667,0,,91,103,86,98,31,51,-7.883155694737132,0.0,0.9529669350921022,True,2,absent,0.5396369041183476
BraTS-GLI-02220-102,sustraccion,prediction_component,134,16,6656.0,2.9464563572443515e-05,9.818664009850627e-08,1.4142135623730951,1,6.4031242374328485,0.2208630521496931,0.9046998952817776,1.3333333333333333,0,,91,95,102,106,26,29,-7.007947601074732,0.0,0.9999924347460525,True,2,absent,0.5396369041183476
BraTS-GLI-02220-102,sustraccion,prediction_component,135,209,66560.0,1.217100150669723e-05,1.675347900837052e-08,1.4142135623730951,1,30.740852297878796,0.046004370622823615,0.38414551957990356,2.0,0,,91,106,101,113,39,63,-7.7758949941644735,0.0,0.9586262930656188,True,2,absent,0.5396369041183476
BraTS-GLI-02220-102,sustraccion,prediction_component,136,39,13312.0,2.5392159861384388e-05,7.292083964347073e-08,1.4142135623730951,1,9.848857801796104,0.14359163172354764,0.6722379073420917,1.2,0,,91,97,119,124,46,52,-7.137148339325527,0.0,0.999829401155323,True,2,absent,0.5396369041183476
BraTS-GLI-02220-102,sustraccion,prediction_component,137,24,9216.0,2.712673611111111e-05,8.322378406497619e-08,1.4142135623730951,1,7.681145747868608,0.1841149235796647,0.7903281549671363,1.6666666666666667,0,,91,96,131,134,46,51,-7.079752541352778,0.0,0.9999649798321653,True,2,absent,0.5396369041183476
BraTS-GLI-02220-102,sustraccion,prediction_component,139,16,6656.0,2.9464563572443515e-05,9.818664009850627e-08,1.4142135623730951,1,6.4031242374328485,0.2208630521496931,0.9046998952817776,1.3333333333333333,0,,92,95,96,100,29,33,-7.007947601074732,0.0,0.9999924347460525,True,2,absent,0.5396369041183476
BraTS-GLI-02220-102,sustraccion,prediction_component,140,41,16896.0,1.8668439017195794e-05,3.941562199846684e-08,1.4142135623730951,1,12.36931687685298,0.11433239009500591,0.6611244956113513,1.6,0,,92,100,108,116,131,136,-7.404331615660262,0.0,0.9991418473412612,True,2,absent,0.5396369041183476
BraTS-GLI-02220-102,sustraccion,prediction_component,142,17,7168.0,2.8012503667152895e-05,8.874752009735003e-08,1.4142135623730951,1,6.928203230275509,0.20412414523193154,0.8866010210973454,1.0,0,,92,96,126,130,27,31,-7.051843773744237,0.0,0.9999862106188884,True,2,absent,0.5396369041183476
BraTS-GLI-02220-102,sustraccion,prediction_component,143,14,7680.0,2.080109539136373e-05,4.8935585030206e-08,1.4142135623730951,1,7.681145747868608,0.1841149235796647,0.9458781407605124,1.6666666666666667,0,,92,97,156,161,136,139,-7.310375215276639,0.0,0.9999587252363512,True,2,absent,0.5396369041183476
BraTS-GLI-02220-102,sustraccion,prediction_component,146,94,29440.0,1.8608918982377187e-05,3.916468732528873e-08,1.7320508075688772,1,15.165750888103101,0.11420804814403214,0.6140648134821065,1.4285714285714286,0,,93,102,69,79,140,147,-7.407105336335565,0.0,0.9989518330686774,True,2,absent,0.5396369041183476
BraTS-GLI-02220-102,sustraccion,prediction_component,149,96,35072.0,1.4616063943603347e-05,2.416090747142398e-08,1.4142135623730951,1,19.849433241279208,0.07124704998790965,0.49787553938383616,1.4444444444444444,0,,93,105,88,97,131,144,-7.616886757864211,0.0,0.9910714629384,True,2,absent,0.5396369041183476
BraTS-GLI-02220-102,sustraccion,prediction_component,150,141,39936.0,1.7667384758204757e-05,3.5301804683854225e-08,2.0,1,18.027756377319946,0.11094003924504582,0.6194218123345384,1.3333333333333333,1,,93,102,110,120,26,38,-7.452203092226752,0.6931471805599453,0.9982169171672013,True,2,absent,0.5396369041183476
BraTS-GLI-02220-102,sustraccion,prediction_component,151,12,5376.0,3.04433440619409e-05,1.0481829363285631e-07,1.4142135623730951,1,5.830951894845301,0.24253562503633297,0.9957510787676723,1.3333333333333333,0,,93,97,145,148,33,36,-6.979562914580636,0.0,0.9999970754453279,True,2,absent,0.5396369041183476
BraTS-GLI-02220-102,sustraccion,prediction_component,153,12,6144.0,2.4917498197257264e-05,7.022006780482366e-08,1.4142135623730951,1,6.4031242374328485,0.2208630521496931,0.9957510787676723,1.3333333333333333,0,,94,97,74,78,64,68,-7.153538755513696,0.0,0.9999913647643082,True,2,absent,0.5396369041183476
BraTS-GLI-02220-102,sustraccion,prediction_component,154,26,9728.0,2.7098047834857024e-05,8.304784808758266e-08,1.4142135623730951,1,7.810249675906654,0.1810714920850371,0.7695203069187393,2.0,0,,94,97,76,80,39,45,-7.080671616382922,0.0,0.9999591063389125,True,2,absent,0.5396369041183476
BraTS-GLI-02220-102,sustraccion,prediction_component,163,22,8960.0,2.5939444202047104e-05,7.609808117745368e-08,1.4142135623730951,1,7.54983443527075,0.1873171623163388,0.8135863258112027,1.25,0,,95,99,178,182,117,122,-7.118626293880542,0.0,0.9999661128160023,True,2,absent,0.5396369041183476
BraTS-GLI-02220-102,sustraccion,prediction_component,164,24,9984.0,2.4057715415427756e-05,6.545776006567085e-08,1.4142135623730951,1,8.774964387392123,0.16116459280507606,0.7903281549671363,1.5,0,,95,101,179,184,58,62,-7.184038860130413,0.0,0.9999160599912532,True,2,absent,0.5396369041183476
BraTS-GLI-02220-102,sustraccion,prediction_component,165,12,5376.0,3.04433440619409e-05,1.0481829363285631e-07,1.4142135623730951,1,5.830951894845301,0.24253562503633297,0.9957510787676723,1.3333333333333333,0,,96,100,65,68,140,143,-6.979562914580636,0.0,0.9999970754453279,True,2,absent,0.5396369041183476
BraTS-GLI-02220-102,sustraccion,prediction_component,166,14,6144.0,2.9070414563466808e-05,9.557731451212109e-08,1.4142135623730951,1,6.928203230275509,0.20412414523193154,0.9458781407605124,1.0,0,,96,100,66,70,80,84,-7.019645176252469,0.0,0.9999902478773879,True,2,absent,0.5396369041183476
BraTS-GLI-02220-102,sustraccion,prediction_component,167,12,5376.0,3.04433440619409e-05,1.0481829363285631e-07,1.4142135623730951,1,5.830951894845301,0.24253562503633297,0.9957510787676723,1.3333333333333333,0,,96,99,72,75,45,49,-6.979562914580636,0.0,0.9999970754453279,True,2,absent,0.5396369041183476
BraTS-GLI-02220-102,sustraccion,prediction_component,169,21,9984.0,2.1050500988499285e-05,5.011609755027925e-08,1.4142135623730951,1,9.273618495495704,0.15249857033260467,0.8263006657894747,1.2,0,,97,102,44,49,46,52,-7.300022754085787,0.0,0.9998687064033605,True,2,absent,0.5396369041183476
BraTS-GLI-02220-102,sustraccion,prediction_component,171,30,11776.0,2.347602477839947e-05,6.233062647259764e-08,1.4142135623730951,1,9.1104335791443,0.1552301051412666,0.73367566779705,2.3333333333333335,0,,97,100,59,66,109,114,-7.205298508079525,0.0,0.9998705967282575,True,2,absent,0.5396369041183476
BraTS-GLI-02220-102,sustraccion,prediction_component,172,12,5376.0,3.04433440619409e-05,1.0481829363285631e-07,1.4142135623730951,1,5.830951894845301,0.24253562503633297,0.9957510787676723,1.3333333333333333,0,,97,100,122,125,55,59,-6.979562914580636,0.0,0.9999970754453279,True,2,absent,0.5396369041183476
BraTS-GLI-02220-102,sustraccion,prediction_component,174,40,15360.0,2.1012279439059336e-05,4.993427043898571e-08,1.4142135623730951,1,10.677078252031311,0.13245323570650439,0.6665885822069456,1.6,0,,98,106,65,70,101,106,-7.301601290969134,0.0,0.9996070383957361,True,2,absent,0.5396369041183476
BraTS-GLI-02220-102,sustraccion,prediction_component,175,14,7680.0,2.080109539136373e-05,4.8935585030206e-08,1.4142135623730951,1,7.54983443527075,0.1873171623163388,0.9458781407605124,1.25,0,,98,102,69,73,39,44,-7.310375215276639,0.0,0.9999616083947324,True,2,absent,0.5396369041183476
BraTS-GLI-02220-102,sustraccion,prediction_component,176,24,8704.0,2.9555133009393756e-05,9.879118841175273e-08,1.4142135623730951,1,7.54983443527075,0.1873171623163388,0.7903281549671363,1.25,0,,98,102,77,82,29,33,-7.005281790177681,0.0,0.9999747241398699,True,2,absent,0.5396369041183476
BraTS-GLI-02220-102,sustraccion,prediction_component,177,16,6656.0,2.9464563572443515e-05,9.818664009850627e-08,1.4142135623730951,1,6.4031242374328485,0.2208630521496931,0.9046998952817776,1.3333333333333333,0,,98,102,77,80,135,139,-7.007947601074732,0.0,0.9999924347460525,True,2,absent,0.5396369041183476
BraTS-GLI-02220-102,sustraccion,prediction_component,178,22,9984.0,2.2052905797475442e-05,5.500270116629287e-08,1.4142135623730951,1,7.810249675906654,0.1810714920850371,0.8135863258112027,2.0,0,,98,101,116,122,94,98,-7.259615981909213,0.0,0.9999369140296912,True,2,absent,0.5396369041183476
BraTS-GLI-02220-102,sustraccion,prediction_component,179,68,22272.0,2.0458325579474804e-05,4.7336107776019914e-08,1.4142135623730951,1,13.96424004376894,0.10127393670836667,0.5585236446694171,2.2,0,,98,105,150,155,40,51,-7.324807454917511,0.0,0.9986758806572372,True,2,absent,0.5396369041183476
BraTS-GLI-02220-102,sustraccion,prediction_component,180,14,7680.0,2.080109539136373e-05,4.8935585030206e-08,1.4142135623730951,1,8.12403840463596,0.17407765595569785,0.9458781407605124,1.25,0,,98,102,157,162,132,137,-7.310375215276639,0.0,0.9999482086475548,True,2,absent,0.5396369041183476
BraTS-GLI-02220-102,sustraccion,prediction_component,181,24,10752.0,2.1526695028193625e-05,5.2409146816428155e-08,1.4142135623730951,1,9.0,0.15713484026367724,0.7903281549671363,1.75,0,,98,105,166,170,92,96,-7.280592910244617,0.0,0.9998722496410823,True,2,absent,0.5396369041183476
BraTS-GLI-02220-102,sustraccion,prediction_component,182,31,14592.0,1.758690681067381e-05,3.4980925712104735e-08,1.4142135623730951,1,12.24744871391589,0.11547005383792516,0.7257003006213092,2.0,0,,99,104,47,52,75,85,-7.4561687018230565,0.0,0.999228904688376,True,2,absent,0.5396369041183476
BraTS-GLI-02220-102,sustraccion,prediction_component,184,30,12544.0,2.135340743440233e-05,5.156876691120846e-08,1.4142135623730951,1,9.1104335791443,0.1552301051412666,0.73367566779705,2.3333333333333335,0,,99,106,111,114,125,130,-7.287613253120344,0.0,0.9998287234631897,True,2,absent,0.5396369041183476
BraTS-GLI-02220-102,sustraccion,prediction_component,185,16,6656.0,2.9464563572443515e-05,9.818664009850627e-08,1.4142135623730951,1,6.4031242374328485,0.2208630521496931,0.9046998952817776,1.3333333333333333,0,,99,103,148,152,137,140,-7.007947601074732,0.0,0.9999924347460525,True,2,absent,0.5396369041183476
BraTS-GLI-02220-102,sustraccion,prediction_component,187,34,15360.0,1.7860437523200438e-05,3.607751039216718e-08,1.4142135623730951,1,11.74734012447073,0.12038585308576921,0.7036956967830031,1.6,0,,99,107,172,179,119,124,-7.442763439540548,0.0,0.9992802404644406,True,2,absent,0.5396369041183476
BraTS-GLI-02220-102,sustraccion,prediction_component,188,12,6144.0,2.4917498197257264e-05,7.022006780482366e-08,1.4142135623730951,1,6.4031242374328485,0.2208630521496931,0.9957510787676723,1.3333333333333333,0,,100,104,91,94,47,51,-7.153538755513696,0.0,0.9999913647643082,True,2,absent,0.5396369041183476
BraTS-GLI-02220-102,sustraccion,prediction_component,189,111,38912.0,1.4460977450332354e-05,2.3650899969653892e-08,1.7320508075688772,1,17.4928556845359,0.09901475429766743,0.5809639319388397,1.375,0,,100,111,97,105,27,38,-7.62615232873513,0.0,0.9964517572777811,True,2,absent,0.5396369041183476
BraTS-GLI-02220-102,sustraccion,prediction_component,190,20,7936.0,2.8289645606535866e-05,9.051225550351545e-08,1.4142135623730951,1,7.0710678118654755,0.2,0.8398489863421099,1.6666666666666667,0,,100,104,133,138,143,146,-7.043292612648983,0.0,0.9999822790394012,True,2,absent,0.5396369041183476
BraTS-GLI-02220-102,sustraccion,prediction_component,191,22,8704.0,2.709220525861094e-05,8.301204026265334e-08,1.4142135623730951,1,7.54983443527075,0.1873171623163388,0.8135863258112027,1.25,0,,101,106,66,70,36,40,-7.08085891195648,0.0,0.9999702033955674,True,2,absent,0.5396369041183476
BraTS-GLI-02220-102,sustraccion,prediction_component,196,622,209152.0,6.502754404582266e-06,4.782412989800584e-09,1.4142135623730951,1,52.478567053607705,0.026948402781814776,0.26706341986592624,1.375,0,,102,135,52,76,111,144,-8.320352922689736,0.0,0.5962210091018338,True,2,absent,0.5396369041183476
BraTS-GLI-02220-102,sustraccion,prediction_component,200,459,145152.0,8.30000108656382e-06,7.791277484541018e-09,2.0,1,39.8622628559895,0.0501727663385645,0.4179477294832335,2.5833333333333335,1,,103,134,159,181,80,92,-8.108391328078325,0.6931471805599453,0.8714261383537157,True,2,absent,0.5396369041183476
BraTS-GLI-02220-102,sustraccion,prediction_component,202,16,6656.0,2.9464563572443515e-05,9.818664009850627e-08,1.4142135623730951,1,6.4031242374328485,0.2208630521496931,0.9046998952817776,1.3333333333333333,0,,104,108,71,75,72,75,-7.007947601074732,0.0,0.9999924347460525,True,2,absent,0.5396369041183476
BraTS-GLI-02220-102,sustraccion,prediction_component,203,147,52480.0,1.222718815240663e-05,1.690851876654903e-08,1.4142135623730951,1,29.899832775452108,0.047298376984040214,0.4319552492170297,2.5,0,,104,129,112,122,27,40,-7.771894436145038,0.0,0.9669679581370909,True,2,absent,0.5396369041183476
BraTS-GLI-02220-102,sustraccion,prediction_component,206,71,25088.0,1.7867314717994402e-05,3.610529916658359e-08,1.4142135623730951,1,13.379088160259652,0.105703284516338,0.5505436418021882,1.2857142857142858,0,,105,112,80,87,39,48,-7.442429052113462,0.0,0.9981548069529892,True,2,absent,0.5396369041183476
BraTS-GLI-02220-102,sustraccion,prediction_component,207,43,16128.0,2.0994120395426138e-05,4.9848000238464846e-08,1.4142135623730951,1,11.874342087037917,0.11909826683508275,0.650711350669285,2.5,0,,105,115,141,145,136,141,-7.3023522596757,0.0,0.9994323447546608,True,2,absent,0.5396369041183476
BraTS-GLI-02220-102,sustraccion,prediction_component,208,29,11776.0,2.2693490619119486e-05,5.824450762606069e-08,1.4142135623730951,1,9.486832980505138,0.14907119849998599,0.742013605090188,1.75,0,,105,110,181,188,87,91,-7.234745021720937,0.0,0.9998409554008207,True,2,absent,0.5396369041183476
BraTS-GLI-02220-102,sustraccion,prediction_component,209,17,7168.0,2.8012503667152895e-05,8.874752009735003e-08,1.4142135623730951,1,6.928203230275509,0.20412414523193154,0.8866010210973454,1.0,0,,106,110,40,44,56,60,-7.051843773744237,0.0,0.9999862106188884,True,2,absent,0.5396369041183476
BraTS-GLI-02220-102,sustraccion,prediction_component,210,21,8960.0,2.476037855649951e-05,6.933730123813445e-08,1.4142135623730951,1,7.681145747868608,0.1841149235796647,0.8263006657894747,1.6666666666666667,0,,106,111,88,93,37,40,-7.159033066057116,0.0,0.9999602621136316,True,2,absent,0.5396369041183476
BraTS-GLI-02220-102,sustraccion,prediction_component,211,12,5376.0,3.04433440619409e-05,1.0481829363285631e-07,1.4142135623730951,1,5.830951894845301,0.24253562503633297,0.9957510787676723,1.3333333333333333,0,,106,109,88,92,130,133,-6.979562914580636,0.0,0.9999970754453279,True,2,absent,0.5396369041183476
BraTS-GLI-02220-102,sustraccion,prediction_component,212,21,8448.0,2.704509036953757e-05,8.272356597893577e-08,1.4142135623730951,1,8.660254037844387,0.1632993161855452,0.8263006657894747,1.0,0,,106,111,89,94,46,51,-7.082370752639951,0.0,0.9999509968086353,True,2,absent,0.5396369041183476
BraTS-GLI-02220-102,sustraccion,prediction_component,214,12,5376.0,3.04433440619409e-05,1.0481829363285631e-07,1.4142135623730951,1,5.830951894845301,0.24253562503633297,0.9957510787676723,1.3333333333333333,0,,106,109,135,138,86,90,-6.979562914580636,0.0,0.9999970754453279,True,2,absent,0.5396369041183476
BraTS-GLI-02220-102,sustraccion,prediction_component,215,30,11008.0,2.5975183446005973e-05,7.63079207910846e-08,1.4142135623730951,1,8.774964387392123,0.16116459280507606,0.73367566779705,1.5,0,,106,112,134,139,140,144,-7.1174303797735625,0.0,0.9999161128185592,True,2,absent,0.5396369041183476
BraTS-GLI-02220-102,sustraccion,prediction_component,216,256,83456.0,1.0618266403790477e-05,1.2751451046178196e-08,1.4142135623730951,1,36.180105030251084,0.03908815524970522,0.35903039137145343,1.6875,0,,106,133,139,157,121,137,-7.894440392054245,0.0,0.9228950853393101,True,2,absent,0.5396369041183476
BraTS-GLI-02220-102,sustraccion,prediction_component,220,79,30464.0,1.485753292107666e-05,2.496581660502708e-08,1.4142135623730951,1,16.401219466856727,0.08622612271184536,0.5312947247927275,2.1666666666666665,0,,107,113,101,109,137,150,-7.602654224070837,0.0,0.9946761452005066,True,2,absent,0.5396369041183476
BraTS-GLI-02220-102,sustraccion,prediction_component,222,12,5376.0,3.04433440619409e-05,1.0481829363285631e-07,1.4142135623730951,1,5.830951894845301,0.24253562503633297,0.9957510787676723,1.3333333333333333,0,,108,111,131,135,87,90,-6.979562914580636,0.0,0.9999970754453279,True,2,absent,0.5396369041183476
BraTS-GLI-02220-102,sustraccion,prediction_component,223,40,14592.0,2.2692782981514594e-05,5.824087527509633e-08,1.4142135623730951,1,10.677078252031311,0.13245323570650439,0.6665885822069456,1.6,0,,108,116,143,148,87,92,-7.234772106835677,0.0,0.9996870158536427,True,2,absent,0.5396369041183476
BraTS-GLI-02220-102,sustraccion,prediction_component,224,141,51968.0,1.1901867410527523e-05,1.6020740618579196e-08,1.4142135623730951,1,30.083217912982647,0.047010049472226846,0.43799736391661315,2.625,0,,108,128,152,160,41,62,-7.795317410903007,0.0,0.9649233372571472,True,2,absent,0.5396369041183476
BraTS-GLI-02220-102,sustraccion,prediction_component,225,19,8192.0,2.5625283894623568e-05,7.42659506177969e-08,1.4142135623730951,1,7.54983443527075,0.1873171623163388,0.8543319874271107,1.25,0,,108,113,166,170,122,126,-7.1292102555281875,0.0,0.9999701446690323,True,2,absent,0.5396369041183476
BraTS-GLI-02220-102,sustraccion,prediction_component,226,14,7680.0,2.080109539136373e-05,4.8935585030206e-08,1.4142135623730951,1,7.54983443527075,0.1873171623163388,0.9458781407605124,1.25,0,,110,114,36,41,99,103,-7.310375215276639,0.0,0.9999616083947324,True,2,absent,0.5396369041183476
BraTS-GLI-02220-102,sustraccion,prediction_component,227,94,32512.0,1.603475483765892e-05,2.9078836250763895e-08,1.4142135623730951,1,21.283796653792763,0.06644554941850955,0.5013818206761619,2.125,0,,110,127,59,67,96,106,-7.536422978142601,0.0,0.9925276042978458,True,2,absent,0.5396369041183476
BraTS-GLI-02220-102,sustraccion,prediction_component,228,520,157440.0,8.32397413386977e-06,7.836349865325076e-09,1.7320508075688772,1,55.5517776493246,0.031179034782695843,0.34720746121323853,1.5769230769230769,0,,110,137,54,80,35,76,-8.10588618253078,0.0,0.8228866649592796,True,2,absent,0.5396369041183476
BraTS-GLI-02220-102,sustraccion,prediction_component,230,17,6912.0,2.9583075859084555e-05,9.897808063694699e-08,1.4142135623730951,1,6.557438524302,0.21566554640687685,0.8866010210973454,1.6666666666666667,0,,110,113,102,107,88,91,-7.004460972194542,0.0,0.9999909613731117,True,2,absent,0.5396369041183476
BraTS-GLI-02220-102,sustraccion,prediction_component,232,27,9728.0,2.8140280443889985e-05,8.955899594060322e-08,1.4142135623730951,1,8.246211251235321,0.17149858514250885,0.7599002946021327,1.5,0,,111,115,115,121,89,93,-7.047890784006583,0.0,0.9999528087005081,True,2,absent,0.5396369041183476
BraTS-GLI-02220-102,sustraccion,prediction_component,235,12,5376.0,3.04433440619409e-05,1.0481829363285631e-07,1.4142135623730951,1,5.830951894845301,0.24253562503633297,0.9957510787676723,1.3333333333333333,0,,112,116,67,70,61,64,-6.979562914580636,0.0,0.9999970754453279,True,2,absent,0.5396369041183476
BraTS-GLI-02220-102,sustraccion,prediction_component,237,17,7168.0,2.8012503667152895e-05,8.874752009735003e-08,1.4142135623730951,1,6.928203230275509,0.20412414523193154,0.8866010210973454,1.0,0,,112,116,96,100,28,32,-7.051843773744237,0.0,0.9999862106188884,True,2,absent,0.5396369041183476
BraTS-GLI-02220-102,sustraccion,prediction_component,242,56,19200.0,2.1049228564205104e-05,5.011003907093094e-08,1.4142135623730951,1,12.36931687685298,0.11433239009500591,0.5958658900897977,1.5,0,,114,120,90,99,142,148,-7.300075258636827,0.0,0.9992191669734356,True,2,absent,0.5396369041183476
BraTS-GLI-02220-102,sustraccion,prediction_component,243,14,6144.0,2.9070414563466808e-05,9.557731451212109e-08,1.4142135623730951,1,6.928203230275509,0.20412414523193154,0.9458781407605124,1.0,0,,114,118,115,119,36,40,-7.019645176252469,0.0,0.9999902478773879,True,2,absent,0.5396369041183476
BraTS-GLI-02220-102,sustraccion,prediction_component,244,40,17408.0,1.7415529141510585e-05,3.430249597630303e-08,1.4142135623730951,1,13.638181696985855,0.10369516947304254,0.6665885822069456,2.75,0,,115,122,41,45,107,118,-7.464674277936912,0.0,0.9986889280269913,True,2,absent,0.5396369041183476
BraTS-GLI-02220-102,sustraccion,prediction_component,245,21,8960.0,2.476037855649951e-05,6.933730123813445e-08,1.4142135623730951,1,7.681145747868608,0.1841149235796647,0.8263006657894747,1.6666666666666667,0,,115,120,98,103,88,91,-7.159033066057116,0.0,0.9999602621136316,True,2,absent,0.5396369041183476
BraTS-GLI-02220-102,sustraccion,prediction_component,246,314,93696.0,1.0948334859255293e-05,1.3556529313583062e-08,2.0,1,28.231188426986208,0.07084363469758145,0.47433260962042617,4.8,1,,115,139,143,157,86,91,-7.86785148251093,0.6931471805599453,0.9684955439297488,True,2,absent,0.5396369041183476
BraTS-GLI-02220-102,sustraccion,prediction_component,247,41,17664.0,1.746426339064105e-05,3.449474340755116e-08,1.4142135623730951,1,11.090536506409418,0.12751534261266767,0.6611244956113513,1.4,0,,115,120,156,163,122,129,-7.4622470812464226,0.0,0.9992241011559037,True,2,absent,0.5396369041183476
BraTS-GLI-02220-102,sustraccion,prediction_component,248,26,11520.0,2.102783833007615e-05,5.000824713593235e-08,1.4142135623730951,1,8.774964387392123,0.16116459280507606,0.7695203069187393,1.5,0,,115,119,168,174,109,114,-7.300958367858523,0.0,0.9998641686587696,True,2,absent,0.5396369041183476
BraTS-GLI-02220-102,sustraccion,prediction_component,250,54,21760.0,1.6823076634603965e-05,3.2008345045407886e-08,1.4142135623730951,1,14.730919862656235,0.09600307214746388,0.6031332635211851,1.6666666666666667,0,,116,122,52,61,48,58,-7.494736779971069,0.0,0.9977751108870901,True,2,absent,0.5396369041183476
BraTS-GLI-02220-102,sustraccion,prediction_component,253,75,18944.0,2.8764295112523907e-05,9.357500201025796e-08,2.23606797749979,1,10.44030650891055,0.21417646843905966,0.8547270544884518,2.6666666666666665,2,,117,125,106,112,88,91,-7.028840154883656,1.0986122886681098,0.9999806620156946,True,2,absent,0.5396369041183476
BraTS-GLI-02220-102,sustraccion,prediction_component,255,31,15360.0,1.6284516565270985e-05,2.9991771182415796e-08,1.4142135623730951,1,12.449899597988733,0.11359236684941297,0.7257003006213092,1.8,0,,118,125,60,69,114,119,-7.522997885956513,0.0,0.9989900316940211,True,2,absent,0.5396369041183476
BraTS-GLI-02220-102,sustraccion,prediction_component,256,24,10240.0,2.3161213331311374e-05,6.067013858336764e-08,1.4142135623730951,1,8.774964387392123,0.16116459280507606,0.7903281549671363,1.5,0,,118,124,94,98,135,140,-7.217025013034803,0.0,0.9999060791241822,True,2,absent,0.5396369041183476
BraTS-GLI-02220-102,sustraccion,prediction_component,258,12,5376.0,3.04433440619409e-05,1.0481829363285631e-07,1.4142135623730951,1,5.830951894845301,0.24253562503633297,0.9957510787676723,1.3333333333333333,0,,118,122,157,160,87,90,-6.979562914580636,0.0,0.9999970754453279,True,2,absent,0.5396369041183476
BraTS-GLI-02220-102,sustraccion,prediction_component,261,19,9216.0,2.147533275462963e-05,5.2159350776834036e-08,1.4142135623730951,1,8.602325267042627,0.1643989873053573,0.8543319874271107,2.3333333333333335,0,,119,123,129,132,84,91,-7.282667822870332,0.0,0.9999154536336582,True,2,absent,0.5396369041183476
BraTS-GLI-02220-102,sustraccion,prediction_component,267,41,18688.0,1.604869112211497e-05,2.912940478712042e-08,1.4142135623730951,1,11.916375287812984,0.11867816581938534,0.6611244956113513,1.8,0,,121,130,135,140,87,93,-7.535668389396024,0.0,0.9987837604404269,True,2,absent,0.5396369041183476
BraTS-GLI-02220-102,sustraccion,prediction_component,268,17,7680.0,2.5258472975227388e-05,7.215502078433436e-08,1.4142135623730951,1,7.0710678118654755,0.2,0.8866010210973454,1.6666666666666667,0,,122,125,87,91,35,40,-7.141733443876567,0.0,0.9999794400432893,True,2,absent,0.5396369041183476
BraTS-GLI-02220-102,sustraccion,prediction_component,270,19,9984.0,1.9045691370546972e-05,4.102474198560274e-08,1.4142135623730951,1,9.273618495495704,0.15249857033260467,0.8543319874271107,1.2,0,,123,128,77,82,38,44,-7.386954141647967,0.0,0.9998421616249478,True,2,absent,0.5396369041183476
BraTS-GLI-02220-102,sustraccion,prediction_component,271,14,6912.0,2.4362533060422576e-05,6.712700278491907e-08,1.4142135623730951,1,7.0710678118654755,0.2,0.9458781407605124,1.6666666666666667,0,,123,128,80,83,47,51,-7.1731027435946135,0.0,0.9999819443175567,True,2,absent,0.5396369041183476
BraTS-GLI-02220-102,sustraccion,prediction_component,273,35,14592.0,1.985618510882527e-05,4.4590670132495626e-08,1.4142135623730951,1,10.488088481701515,0.13483997249264842,0.6969289728874266,1.4,0,,123,130,156,162,113,118,-7.35075600079105,0.0,0.9996100559341862,True,2,absent,0.5396369041183476
BraTS-GLI-02220-102,sustraccion,prediction_component,274,12,5376.0,3.04433440619409e-05,1.0481829363285631e-07,1.4142135623730951,1,5.830951894845301,0.24253562503633297,0.9957510787676723,1.3333333333333333,0,,124,127,48,51,110,114,-6.979562914580636,0.0,0.9999970754453279,True,2,absent,0.5396369041183476
BraTS-GLI-02220-102,sustraccion,prediction_component,275,31,11264.0,2.5931206947772415e-05,7.60497578817831e-08,1.4142135623730951,1,8.602325267042627,0.1643989873053573,0.7257003006213092,2.3333333333333335,0,,124,128,95,102,88,91,-7.118902164264145,0.0,0.9999191012352019,True,2,absent,0.5396369041183476
BraTS-GLI-02220-102,sustraccion,prediction_component,276,17,6912.0,2.9583075859084555e-05,9.897808063694699e-08,1.4142135623730951,1,6.557438524302,0.21566554640687685,0.8866010210973454,1.6666666666666667,0,,124,129,95,98,133,136,-7.004460972194542,0.0,0.9999909613731117,True,2,absent,0.5396369041183476
BraTS-GLI-02220-102,sustraccion,prediction_component,278,51,17152.0,2.270377238139709e-05,5.829729737565209e-08,1.4142135623730951,1,11.180339887498949,0.12649110640673517,0.6147348138286294,1.6,0,,124,130,110,118,134,139,-7.234351578380734,0.0,0.9995601149317509,True,2,absent,0.5396369041183476
BraTS-GLI-02220-102,sustraccion,prediction_component,279,16,6656.0,2.9464563572443515e-05,9.818664009850627e-08,1.4142135623730951,1,6.4031242374328485,0.2208630521496931,0.9046998952817776,1.3333333333333333,0,,125,129,76,80,89,92,-7.007947601074732,0.0,0.9999924347460525,True,2,absent,0.5396369041183476
BraTS-GLI-02220-102,sustraccion,prediction_component,281,12,6144.0,2.4917498197257264e-05,7.022006780482366e-08,1.4142135623730951,1,6.4031242374328485,0.2208630521496931,0.9957510787676723,1.3333333333333333,0,,125,129,133,136,41,45,-7.153538755513696,0.0,0.9999913647643082,True,2,absent,0.5396369041183476
BraTS-GLI-02220-102,sustraccion,prediction_component,282,14,7680.0,2.080109539136373e-05,4.8935585030206e-08,1.4142135623730951,1,8.12403840463596,0.17407765595569785,0.9458781407605124,1.25,0,,126,131,49,54,81,85,-7.310375215276639,0.0,0.9999482086475548,True,2,absent,0.5396369041183476
BraTS-GLI-02220-102,sustraccion,prediction_component,283,14,6912.0,2.4362533060422576e-05,6.712700278491907e-08,1.4142135623730951,1,7.0710678118654755,0.2,0.9458781407605124,1.6666666666666667,0,,126,130,58,63,74,77,-7.1731027435946135,0.0,0.9999819443175567,True,2,absent,0.5396369041183476
BraTS-GLI-02220-102,sustraccion,prediction_component,285,39,17152.0,1.73617082916566e-05,3.4090807115865755e-08,1.4142135623730951,1,12.68857754044952,0.11145564251507058,0.6722379073420917,2.0,0,,127,137,87,93,114,119,-7.467362716523608,0.0,0.9989143584482701,True,2,absent,0.5396369041183476
BraTS-GLI-02220-102,sustraccion,prediction_component,286,21,9984.0,2.1050500988499285e-05,5.011609755027925e-08,1.4142135623730951,1,8.774964387392123,0.16116459280507606,0.8263006657894747,1.5,0,,127,133,131,135,46,51,-7.300022754085787,0.0,0.9998920696379444,True,2,absent,0.5396369041183476
BraTS-GLI-02220-102,sustraccion,prediction_component,287,201,67584.0,1.1440110495293764e-05,1.4801741377528806e-08,1.4142135623730951,1,34.655446902326915,0.040807829325038625,0.3891758193780408,4.833333333333333,0,,128,134,64,93,121,139,-7.829687188242643,0.0,0.9459458813832808,True,2,absent,0.5396369041183476
BraTS-GLI-02220-102,sustraccion,prediction_component,288,194,64512.0,1.1839707432304275e-05,1.5853834310563675e-08,1.4142135623730951,1,30.364452901377952,0.04657464328326224,0.3938014319131054,2.3333333333333335,0,,128,137,61,81,43,64,-7.7998656849583075,0.0,0.9574121299276921,True,2,absent,0.5396369041183476
BraTS-GLI-02220-102,sustraccion,prediction_component,291,19,9984.0,1.9045691370546972e-05,4.102474198560274e-08,1.4142135623730951,1,9.38083151964686,0.15075567228888181,0.8543319874271107,1.5,0,,130,136,92,96,40,46,-7.386954141647967,0.0,0.9998358174264589,True,2,absent,0.5396369041183476
BraTS-GLI-02220-102,sustraccion,prediction_component,292,63,26624.0,1.4502089883312042e-05,2.3785569735777063e-08,1.4142135623730951,1,20.518284528683193,0.06892455167955776,0.5729248826285681,1.5555555555555556,0,,130,139,105,119,40,52,-7.623686441463305,0.0,0.9928508191898412,True,2,absent,0.5396369041183476
BraTS-GLI-02220-102,sustraccion,prediction_component,295,37,16640.0,1.723739926307359e-05,3.360437757371377e-08,1.4142135623730951,1,12.884098726725126,0.10976425998969035,0.6841383873286643,1.5,0,,132,138,81,90,128,135,-7.4736041442687045,0.0,0.9989012875503364,True,2,absent,0.5396369041183476
BraTS-GLI-02220-102,sustraccion,prediction_component,296,102,35072.0,1.5529567940078555e-05,2.727539945016223e-08,1.4142135623730951,1,21.118712081942874,0.06696495301824251,0.48791534507652085,3.0,0,,132,146,106,111,118,133,-7.564228880419512,0.0,0.9914419481525188,True,2,absent,0.5396369041183476
BraTS-GLI-02220-102,sustraccion,prediction_component,300,61,23040.0,1.744239522481474e-05,3.440841116730849e-08,1.4142135623730951,1,15.620499351813308,0.09053574604251854,0.5791191452117007,2.0,0,,134,142,59,71,99,105,-7.463335380770568,0.0,0.9975106415371768,True,2,absent,0.5396369041183476
BraTS-GLI-02220-102,sustraccion,prediction_component,304,12,6144.0,2.4917498197257264e-05,7.022006780482366e-08,1.4142135623730951,1,6.4031242374328485,0.2208630521496931,0.9957510787676723,1.3333333333333333,0,,135,139,61,65,104,107,-7.153538755513696,0.0,0.9999913647643082,True,2,absent,0.5396369041183476
BraTS-GLI-02220-102,sustraccion,prediction_component,305,12,5376.0,3.04433440619409e-05,1.0481829363285631e-07,1.4142135623730951,1,5.830951894845301,0.24253562503633297,0.9957510787676723,1.3333333333333333,0,,135,138,89,93,47,50,-6.979562914580636,0.0,0.9999970754453279,True,2,absent,0.5396369041183476
BraTS-GLI-02220-102,sustraccion,prediction_component,307,14,6912.0,2.4362533060422576e-05,6.712700278491907e-08,1.4142135623730951,1,7.0710678118654755,0.2,0.9458781407605124,1.6666666666666667,0,,136,140,129,132,53,58,-7.1731027435946135,0.0,0.9999819443175567,True,2,absent,0.5396369041183476
BraTS-GLI-02220-102,sustraccion,prediction_component,309,73,25088.0,1.8370619357937904e-05,3.816804984303193e-08,1.4142135623730951,1,17.291616465790582,0.08178608201095308,0.5454692181434626,1.8571428571428572,0,,137,150,84,91,112,121,-7.4183000293107,0.0,0.9970245669887408,True,2,absent,0.5396369041183476
BraTS-GLI-02220-102,sustraccion,prediction_component,310,19,8448.0,2.446936747720066e-05,6.771702339772293e-08,1.4142135623730951,1,8.12403840463596,0.17407765595569785,0.8543319874271107,1.25,0,,138,142,103,108,52,57,-7.169302140202132,0.0,0.9999538309650138,True,2,absent,0.5396369041183476
BraTS-GLI-02220-102,sustraccion,prediction_component,313,41,13824.0,2.5225121631791305e-05,7.196459928663837e-08,1.4142135623730951,1,10.488088481701515,0.13483997249264842,0.6611244956113513,1.4,0,,139,144,119,126,119,125,-7.142881088503562,0.0,0.9997783531078941,True,2,absent,0.5396369041183476
BraTS-GLI-02220-102,sustraccion,prediction_component,315,58,21504.0,1.8392853704089293e-05,3.826049693803479e-08,1.4142135623730951,1,11.532562594670797,0.12262786789699316,0.5889365886474403,2.25,0,,140,149,128,134,88,92,-7.417249393533898,0.0,0.9990083605830309,True,2,absent,0.5396369041183476
BraTS-GLI-02220-102,sustraccion,prediction_component,318,12,6144.0,2.4917498197257264e-05,7.022006780482366e-08,1.4142135623730951,1,6.4031242374328485,0.2208630521496931,0.9957510787676723,1.3333333333333333,0,,145,149,108,111,114,118,-7.153538755513696,0.0,0.9999913647643082,True,2,absent,0.5396369041183476
BraTS-GLI-02220-102,gmm_2d,prediction_component,1,56843,9328640.0,1.995030273143883e-06,4.501438839529092e-10,5.656854249492381,4,240.65327755923042,0.0235062422871016,0.2371622318741589,1.3916666666666666,133,,34,154,30,197,28,153,-9.346648646182683,4.897839799950911,0.003661169965466664,False,2,absent,0.5396369041183476
BraTS-GLI-02220-102,gmm_2d,prediction_component,2,25,9984.0,2.5060120224403912e-05,7.102621534903521e-08,1.7320508075688772,1,8.660254037844387,0.19999999999999996,0.9548683406603533,1.0,0,,38,43,77,82,57,62,-7.14858132620955,0.0,0.9999839769140652,True,2,absent,0.5396369041183476
BraTS-GLI-02220-102,gmm_2d,prediction_component,3,482,86016.0,1.9106369580541033e-05,4.1286562177801696e-08,2.23606797749979,1,24.839484696748443,0.09002070714423868,0.4597257809151998,1.0714285714285714,5,,39,53,66,81,38,52,-7.384191278165961,1.791759469228055,0.9928386769915711,True,2,absent,0.5396369041183476
BraTS-GLI-02220-102,gmm_2d,prediction_component,4,465,117248.0,1.1582299420082802e-05,1.5171969091917393e-08,2.23606797749979,1,29.748949561287034,0.07516460280028289,0.46526125480414243,1.4285714285714286,3,,39,53,75,92,67,87,-7.818958050705827,1.3862943611198906,0.9653680260533113,True,2,absent,0.5396369041183476
BraTS-GLI-02220-102,gmm_2d,prediction_component,5,94,25344.0,2.329781078222803e-05,6.138787511462807e-08,2.23606797749979,1,13.19090595827292,0.1695158759052026,0.7927542653693875,2.0,1,,40,45,117,127,47,54,-7.21191739906738,0.6931471805599453,0.999895162470597,True,2,absent,0.5396369041183476
BraTS-GLI-02220-102,gmm_2d,prediction_component,6,1032,235008.0,9.058488295716954e-06,9.280338737658426e-09,2.449489742783178,1,63.686733312362634,0.03846153846153846,0.39073165408561755,1.6428571428571428,7,,41,87,115,143,119,153,-8.032436171495469,2.0794415416798357,0.7589614199450079,True,2,absent,0.5396369041183476
BraTS-GLI-02220-102,gmm_2d,prediction_component,7,223,57600.0,1.613136574074074e-05,2.9430297299677873e-08,2.23606797749979,1,23.53720459187964,0.09500142503206331,0.594401072343737,3.0,3,,41,49,124,145,113,120,-7.531205350711894,1.3862943611198906,0.994894135510349,True,2,absent,0.5396369041183476
BraTS-GLI-02220-102,gmm_2d,prediction_component,8,75,29952.0,1.4468467157483984e-05,2.367540511634507e-08,1.7320508075688772,1,16.881943016134134,0.1025978352085154,0.6620687295173385,1.375,0,,42,52,107,115,42,53,-7.625702580929213,0.0,0.9976340885617191,True,2,absent,0.5396369041183476
BraTS-GLI-02220-102,gmm_2d,prediction_component,9,190,42752.0,2.1494084221423267e-05,5.225047777822323e-08,2.23606797749979,1,17.97220075561143,0.12441815044835988,0.6269939327258102,1.2222222222222223,1,,43,54,72,81,128,139,-7.2819097340112195,0.6931471805599453,0.9992851550994571,True,2,absent,0.5396369041183476
BraTS-GLI-02220-102,gmm_2d,prediction_component,10,50,17152.0,2.2258600373918718e-05,5.6033542268023926e-08,1.7320508075688772,1,11.575836902790225,0.14962640041614492,0.757879504227687,1.1666666666666667,0,,44,51,109,115,118,125,-7.25155192190457,0.0,0.9998438969480989,True,2,absent,0.5396369041183476
BraTS-GLI-02220-102,gmm_2d,prediction_component,11,25,9984.0,2.5060120224403912e-05,7.102621534903521e-08,1.7320508075688772,1,8.660254037844387,0.19999999999999996,0.9548683406603533,1.0,0,,45,50,61,66,80,85,-7.14858132620955,0.0,0.9999839769140652,True,2,absent,0.5396369041183476
BraTS-GLI-02220-102,gmm_2d,prediction_component,12,163,43264.0,1.811330080791989e-05,3.710629325183792e-08,1.7320508075688772,1,17.0,0.10188534162169866,0.5111255948456747,1.5,0,,45,53,94,103,89,101,-7.430552427507233,0.0,0.9977397420633908,True,2,absent,0.5396369041183476
BraTS-GLI-02220-102,gmm_2d,prediction_component,13,25,9984.0,2.5060120224403912e-05,7.102621534903521e-08,1.7320508075688772,1,8.660254037844387,0.19999999999999996,0.9548683406603533,1.0,0,,45,50,140,145,127,132,-7.14858132620955,0.0,0.9999839769140652,True,2,absent,0.5396369041183476
BraTS-GLI-02220-102,gmm_2d,prediction_component,14,50,19968.0,1.772018094802615e-05,3.551310767451761e-08,1.7320508075688772,1,12.206555615733702,0.14189513095212064,0.757879504227687,1.3333333333333333,0,,46,54,127,133,135,142,-7.449611321873531,0.0,0.9996350394421484,True,2,absent,0.5396369041183476
BraTS-GLI-02220-102,gmm_2d,prediction_component,15,172,50688.0,1.5071994034240925e-05,2.5691756696909755e-08,1.7320508075688772,1,19.8997487421324,0.08703882797784891,0.5020504355218645,1.4,0,,46,60,133,143,37,47,-7.590206199443623,0.0,0.9943711430681085,True,2,absent,0.5396369041183476
BraTS-GLI-02220-102,gmm_2d,prediction_component,16,25,9984.0,2.5060120224403912e-05,7.102621534903521e-08,1.7320508075688772,1,8.660254037844387,0.19999999999999996,0.9548683406603533,1.0,0,,48,53,137,142,65,70,-7.14858132620955,0.0,0.9999839769140652,True,2,absent,0.5396369041183476
BraTS-GLI-02220-102,gmm_2d,prediction_component,17,25,9984.0,2.5060120224403912e-05,7.102621534903521e-08,1.7320508075688772,1,8.660254037844387,0.19999999999999996,0.9548683406603533,1.0,0,,49,54,53,58,89,94,-7.14858132620955,0.0,0.9999839769140652,True,2,absent,0.5396369041183476
BraTS-GLI-02220-102,gmm_2d,prediction_component,18,63,19712.0,2.2763787023631513e-05,5.8605908259129414e-08,1.7320508075688772,1,12.206555615733702,0.14189513095212064,0.7016868116919668,1.3333333333333333,0,,49,56,103,109,50,58,-7.23205859908441,0.0,0.9997822579223268,True,2,absent,0.5396369041183476
BraTS-GLI-02220-102,gmm_2d,prediction_component,19,50,19968.0,1.772018094802615e-05,3.551310767451761e-08,1.7320508075688772,1,12.206555615733702,0.14189513095212064,0.757879504227687,1.3333333333333333,0,,49,57,105,112,132,138,-7.449611321873531,0.0,0.9996350394421484,True,2,absent,0.5396369041183476
BraTS-GLI-02220-102,gmm_2d,prediction_component,20,72,23296.0,2.024932076428843e-05,4.637386500279305e-08,1.7320508075688772,1,12.884098726725126,0.13443321448446624,0.6711392913128504,1.5,0,,50,57,80,86,55,64,-7.333726706574872,0.0,0.9995883506669478,True,2,absent,0.5396369041183476
BraTS-GLI-02220-102,gmm_2d,prediction_component,21,25,9984.0,2.5060120224403912e-05,7.102621534903521e-08,1.7320508075688772,1,8.660254037844387,0.19999999999999996,0.9548683406603533,1.0,0,,52,57,106,111,124,129,-7.14858132620955,0.0,0.9999839769140652,True,2,absent,0.5396369041183476
BraTS-GLI-02220-102,gmm_2d,prediction_component,22,25,9984.0,2.5060120224403912e-05,7.102621534903521e-08,1.7320508075688772,1,8.660254037844387,0.19999999999999996,0.9548683406603533,1.0,0,,54,59,74,79,136,141,-7.14858132620955,0.0,0.9999839769140652,True,2,absent,0.5396369041183476
BraTS-GLI-02220-102,gmm_2d,prediction_component,23,77,20224.0,2.6772574778513105e-05,8.106486317192098e-08,2.23606797749979,1,11.661903789690601,0.1917412472118426,0.8472618080879288,1.3333333333333333,1,,54,62,78,84,82,88,-7.091167346000488,0.6931471805599453,0.999966185891121,True,2,absent,0.5396369041183476
BraTS-GLI-02220-102,gmm_2d,prediction_component,24,25,9984.0,2.5060120224403912e-05,7.102621534903521e-08,1.7320508075688772,1,8.660254037844387,0.19999999999999996,0.9548683406603533,1.0,0,,56,61,71,76,35,40,-7.14858132620955,0.0,0.9999839769140652,True,2,absent,0.5396369041183476
BraTS-GLI-02220-102,gmm_2d,prediction_component,25,59,18176.0,2.4077120183702874e-05,6.556339810384356e-08,1.7320508075688772,1,11.180339887498949,0.15491933384829665,0.71719869927557,1.6,0,,56,62,145,153,105,110,-7.183338545347065,0.0,0.9998708511945291,True,2,absent,0.5396369041183476
BraTS-GLI-02220-102,gmm_2d,prediction_component,26,25,9984.0,2.5060120224403912e-05,7.102621534903521e-08,1.7320508075688772,1,8.660254037844387,0.19999999999999996,0.9548683406603533,1.0,0,,57,62,49,54,83,88,-7.14858132620955,0.0,0.9999839769140652,True,2,absent,0.5396369041183476
BraTS-GLI-02220-102,gmm_2d,prediction_component,27,25,9984.0,2.5060120224403912e-05,7.102621534903521e-08,1.7320508075688772,1,8.660254037844387,0.19999999999999996,0.9548683406603533,1.0,0,,57,62,103,108,56,61,-7.14858132620955,0.0,0.9999839769140652,True,2,absent,0.5396369041183476
BraTS-GLI-02220-102,gmm_2d,prediction_component,28,25,9984.0,2.5060120224403912e-05,7.102621534903521e-08,1.7320508075688772,1,8.660254037844387,0.19999999999999996,0.9548683406603533,1.0,0,,57,62,139,144,95,100,-7.14858132620955,0.0,0.9999839769140652,True,2,absent,0.5396369041183476
BraTS-GLI-02220-102,gmm_2d,prediction_component,29,124,37376.0,1.716059941317517e-05,3.3305601428224537e-08,1.7320508075688772,1,17.46424919657298,0.09917694073609294,0.5599074791157995,2.1666666666666665,0,,58,68,93,106,128,134,-7.4774827195029685,0.0,0.9976796918550652,True,2,absent,0.5396369041183476
BraTS-GLI-02220-102,gmm_2d,prediction_component,30,38,12544.0,2.7047649416909622e-05,8.273922157753891e-08,1.7320508075688772,1,9.273618495495704,0.18677184190940707,0.8304795924748166,1.2,0,,64,69,117,123,146,151,-7.082288569326049,0.0,0.9999716641024393,True,2,absent,0.5396369041183476
BraTS-GLI-02220-102,gmm_2d,prediction_component,31,25,9984.0,2.5060120224403912e-05,7.102621534903521e-08,1.7320508075688772,1,8.660254037844387,0.19999999999999996,0.9548683406603533,1.0,0,,65,70,124,129,86,91,-7.14858132620955,0.0,0.9999839769140652,True,2,absent,0.5396369041183476
BraTS-GLI-02220-102,gmm_2d,prediction_component,32,25,9984.0,2.5060120224403912e-05,7.102621534903521e-08,1.7320508075688772,1,8.660254037844387,0.19999999999999996,0.9548683406603533,1.0,0,,67,72,110,115,149,154,-7.14858132620955,0.0,0.9999839769140652,True,2,absent,0.5396369041183476
BraTS-GLI-02220-102,gmm_2d,prediction_component,33,25,9984.0,2.5060120224403912e-05,7.102621534903521e-08,1.7320508075688772,1,8.660254037844387,0.19999999999999996,0.9548683406603533,1.0,0,,69,74,73,78,123,128,-7.14858132620955,0.0,0.9999839769140652,True,2,absent,0.5396369041183476
BraTS-GLI-02220-102,gmm_2d,prediction_component,34,48,18432.0,1.918149905562466e-05,4.1611892032488095e-08,1.7320508075688772,1,11.180339887498949,0.15491933384829665,0.7682627055029695,1.6,0,,69,74,85,91,78,86,-7.380782537016758,0.0,0.9997936651853224,True,2,absent,0.5396369041183476
BraTS-GLI-02220-102,gmm_2d,prediction_component,35,25,9984.0,2.5060120224403912e-05,7.102621534903521e-08,1.7320508075688772,1,8.660254037844387,0.19999999999999996,0.9548683406603533,1.0,0,,69,74,143,148,118,123,-7.14858132620955,0.0,0.9999839769140652,True,2,absent,0.5396369041183476
BraTS-GLI-02220-102,gmm_2d,prediction_component,36,25,9984.0,2.5060120224403912e-05,7.102621534903521e-08,1.7320508075688772,1,8.660254037844387,0.19999999999999996,0.9548683406603533,1.0,0,,70,75,81,86,110,115,-7.14858132620955,0.0,0.9999839769140652,True,2,absent,0.5396369041183476
BraTS-GLI-02220-102,gmm_2d,prediction_component,37,63,23808.0,1.7149686231523227e-05,3.326325389754192e-08,1.7320508075688772,1,13.379088160259652,0.1294595556006309,0.7016868116919668,1.2857142857142858,0,,71,78,125,132,108,117,-7.478035269228769,0.0,0.9993335619739696,True,2,absent,0.5396369041183476
BraTS-GLI-02220-102,gmm_2d,prediction_component,38,595,128000.0,1.2992777798948973e-05,1.909221849953487e-08,2.23606797749979,1,37.21558813185679,0.06008417681261097,0.4285572863145301,1.6875,3,,72,92,67,94,94,110,-7.719143604025085,1.3862943611198906,0.9600789806569218,True,2,absent,0.5396369041183476
BraTS-GLI-02220-102,gmm_2d,prediction_component,39,25,9984.0,2.5060120224403912e-05,7.102621534903521e-08,1.7320508075688772,1,8.660254037844387,0.19999999999999996,0.9548683406603533,1.0,0,,72,77,93,98,148,153,-7.14858132620955,0.0,0.9999839769140652,True,2,absent,0.5396369041183476
BraTS-GLI-02220-102,gmm_2d,prediction_component,40,497,135936.0,9.916414212918437e-06,1.1121457120794944e-08,2.23606797749979,1,38.39270764090493,0.058241997371329055,0.4550534475828951,2.076923076923077,3,,72,99,113,137,125,138,-7.95383830825187,1.3862943611198906,0.9201830052418487,True,2,absent,0.5396369041183476
BraTS-GLI-02220-102,gmm_2d,prediction_component,41,72,23296.0,2.024932076428843e-05,4.637386500279305e-08,1.7320508075688772,1,13.038404810405298,0.1328422328310143,0.6711392913128504,1.8,0,,73,78,66,75,114,122,-7.333726706574872,0.0,0.9995732769612687,True,2,absent,0.5396369041183476
BraTS-GLI-02220-102,gmm_2d,prediction_component,42,25,9984.0,2.5060120224403912e-05,7.102621534903521e-08,1.7320508075688772,1,8.660254037844387,0.19999999999999996,0.9548683406603533,1.0,0,,73,78,67,72,56,61,-7.14858132620955,0.0,0.9999839769140652,True,2,absent,0.5396369041183476
BraTS-GLI-02220-102,gmm_2d,prediction_component,43,107,34560.0,1.6654177036884068e-05,3.136885938304238e-08,1.7320508075688772,1,17.4928556845359,0.09901475429766743,0.5881149750574316,1.3333333333333333,0,,73,82,169,181,43,52,-7.503501272588727,0.0,0.9977263502642755,True,2,absent,0.5396369041183476
BraTS-GLI-02220-102,gmm_2d,prediction_component,44,46,15616.0,2.357236358908017e-05,6.284324984734695e-08,1.7320508075688772,1,10.488088481701515,0.1651445647689541,0.7792393700163133,1.4,0,,74,81,85,91,84,89,-7.20174136414328,0.0,0.9999148270214971,True,2,absent,0.5396369041183476
BraTS-GLI-02220-102,gmm_2d,prediction_component,45,25,9984.0,2.5060120224403912e-05,7.102621534903521e-08,1.7320508075688772,1,8.660254037844387,0.19999999999999996,0.9548683406603533,1.0,0,,74,79,91,96,95,100,-7.14858132620955,0.0,0.9999839769140652,True,2,absent,0.5396369041183476
BraTS-GLI-02220-102,gmm_2d,prediction_component,46,25,9984.0,2.5060120224403912e-05,7.102621534903521e-08,1.7320508075688772,1,8.660254037844387,0.19999999999999996,0.9548683406603533,1.0,0,,74,79,109,114,25,30,-7.14858132620955,0.0,0.9999839769140652,True,2,absent,0.5396369041183476
BraTS-GLI-02220-102,gmm_2d,prediction_component,47,117,35328.0,1.7620055992904633e-05,3.5112919579563344e-08,1.7320508075688772,1,16.34013463836819,0.105999788000636,0.5708581554278115,1.8571428571428572,0,,74,87,127,134,46,53,-7.454533058185514,0.0,0.9982386850165577,True,2,absent,0.5396369041183476
BraTS-GLI-02220-102,gmm_2d,prediction_component,48,44,13824.0,2.7070862238995545e-05,8.288129935688987e-08,1.7320508075688772,1,10.392304845413264,0.16666666666666666,0.7908715233027805,1.0,0,,74,80,146,152,124,130,-7.081543448970658,0.0,0.9999478350119567,True,2,absent,0.5396369041183476
BraTS-GLI-02220-102,gmm_2d,prediction_component,49,472,118016.0,1.1642082233394081e-05,1.53289955670137e-08,1.7320508075688772,1,34.785054261852174,0.049792959773196914,0.358599349637785,2.0833333333333335,0,,74,99,179,191,51,72,-7.814486301374896,0.0,0.9523500791104428,True,2,absent,0.5396369041183476
BraTS-GLI-02220-102,gmm_2d,prediction_component,50,48,18432.0,1.918149905562466e-05,4.1611892032488095e-08,1.7320508075688772,1,11.180339887498949,0.15491933384829665,0.7682627055029695,1.6,0,,75,80,70,78,107,113,-7.380782537016758,0.0,0.9997936651853224,True,2,absent,0.5396369041183476
BraTS-GLI-02220-102,gmm_2d,prediction_component,51,59,17408.0,2.568790548372811e-05,7.462936780844428e-08,1.7320508075688772,1,11.0,0.15745916432444337,0.71719869927557,1.1666666666666667,0,,75,82,139,145,48,54,-7.127090237308548,0.0,0.9998993186860491,True,2,absent,0.5396369041183476
BraTS-GLI-02220-102,gmm_2d,prediction_component,52,25,9984.0,2.5060120224403912e-05,7.102621534903521e-08,1.7320508075688772,1,8.660254037844387,0.19999999999999996,0.9548683406603533,1.0,0,,76,81,89,94,24,29,-7.14858132620955,0.0,0.9999839769140652,True,2,absent,0.5396369041183476
BraTS-GLI-02220-102,gmm_2d,prediction_component,53,95,26880.0,2.1556572481889566e-05,5.2554727779807124e-08,1.7320508075688772,1,13.45362404707371,0.12874232262686236,0.6119025955310512,1.5,0,,76,84,131,137,137,146,-7.279388209106246,0.0,0.999507117654817,True,2,absent,0.5396369041183476
BraTS-GLI-02220-102,gmm_2d,prediction_component,54,274,75264.0,1.3269960167246822e-05,1.9915518233672256e-08,2.23606797749979,1,31.591137997862628,0.0707814950398772,0.5549634112163276,1.5,2,,76,90,171,190,114,135,-7.700808388069824,1.0986122886681098,0.9840870596989804,True,2,absent,0.5396369041183476
BraTS-GLI-02220-102,gmm_2d,prediction_component,55,50,18688.0,1.95715745391646e-05,4.332154192016719e-08,1.7320508075688772,1,11.74734012447073,0.14744195615489714,0.757879504227687,1.6,0,,77,85,136,141,120,127,-7.3632960941634575,0.0,0.9997600419370962,True,2,absent,0.5396369041183476
BraTS-GLI-02220-102,gmm_2d,prediction_component,56,25,9984.0,2.5060120224403912e-05,7.102621534903521e-08,1.7320508075688772,1,8.660254037844387,0.19999999999999996,0.9548683406603533,1.0,0,,77,82,149,154,119,124,-7.14858132620955,0.0,0.9999839769140652,True,2,absent,0.5396369041183476
BraTS-GLI-02220-102,gmm_2d,prediction_component,57,25,9984.0,2.5060120224403912e-05,7.102621534903521e-08,1.7320508075688772,1,8.660254037844387,0.19999999999999996,0.9548683406603533,1.0,0,,78,83,79,84,112,117,-7.14858132620955,0.0,0.9999839769140652,True,2,absent,0.5396369041183476
BraTS-GLI-02220-102,gmm_2d,prediction_component,58,38,13824.0,2.3379381024587062e-05,6.181848980958109e-08,1.7320508075688772,1,9.848857801796104,0.17586311452816475,0.8304795924748166,1.2,0,,79,84,84,90,59,65,-7.2088816087094125,0.0,0.9999441871677677,True,2,absent,0.5396369041183476
BraTS-GLI-02220-102,gmm_2d,prediction_component,59,25,9984.0,2.5060120224403912e-05,7.102621534903521e-08,1.7320508075688772,1,8.660254037844387,0.19999999999999996,0.9548683406603533,1.0,0,,79,84,86,91,90,95,-7.14858132620955,0.0,0.9999839769140652,True,2,absent,0.5396369041183476
BraTS-GLI-02220-102,gmm_2d,prediction_component,60,131,42752.0,1.4819605436876041e-05,2.483851659701077e-08,1.7320508075688772,1,20.688160865577203,0.08372183582789212,0.5497514690702996,2.3333333333333335,0,,79,85,106,120,28,42,-7.604874344605349,0.0,0.9947263117453341,True,2,absent,0.5396369041183476
BraTS-GLI-02220-102,gmm_2d,prediction_component,61,90,27904.0,1.9308245607686985e-05,4.2163630872382685e-08,1.7320508075688772,1,15.652475842498529,0.11065666703449761,0.623030528071304,1.25,0,,82,92,98,106,43,52,-7.375061997417348,0.0,0.9990173837981597,True,2,absent,0.5396369041183476
BraTS-GLI-02220-102,gmm_2d,prediction_component,62,25,9984.0,2.5060120224403912e-05,7.102621534903521e-08,1.7320508075688772,1,8.660254037844387,0.19999999999999996,0.9548683406603533,1.0,0,,83,88,153,158,34,39,-7.14858132620955,0.0,0.9999839769140652,True,2,absent,0.5396369041183476
BraTS-GLI-02220-102,gmm_2d,prediction_component,63,38,13824.0,2.3379381024587062e-05,6.181848980958109e-08,1.7320508075688772,1,9.848857801796104,0.17586311452816475,0.8304795924748166,1.2,0,,83,88,155,161,112,118,-7.2088816087094125,0.0,0.9999441871677677,True,2,absent,0.5396369041183476
BraTS-GLI-02220-102,gmm_2d,prediction_component,64,225,64000.0,1.3896727998786824e-05,2.1841249890012352e-08,2.23606797749979,1,20.322401432901575,0.11002971203391539,0.5926346397220773,1.3,2,,85,97,112,125,33,43,-7.660722512267515,1.0986122886681098,0.9950289192522984,True,2,absent,0.5396369041183476
BraTS-GLI-02220-102,gmm_2d,prediction_component,65,38,13824.0,2.3379381024587062e-05,6.181848980958109e-08,1.7320508075688772,1,9.848857801796104,0.17586311452816475,0.8304795924748166,1.2,0,,86,92,118,124,27,32,-7.2088816087094125,0.0,0.9999441871677677,True,2,absent,0.5396369041183476
BraTS-GLI-02220-102,gmm_2d,prediction_component,66,25,9984.0,2.5060120224403912e-05,7.102621534903521e-08,1.7320508075688772,1,8.660254037844387,0.19999999999999996,0.9548683406603533,1.0,0,,86,91,133,138,86,91,-7.14858132620955,0.0,0.9999839769140652,True,2,absent,0.5396369041183476
BraTS-GLI-02220-102,gmm_2d,prediction_component,67,59,18176.0,2.4077120183702874e-05,6.556339810384356e-08,1.7320508075688772,1,11.180339887498949,0.15491933384829665,0.71719869927557,1.6,0,,86,94,137,143,30,35,-7.183338545347065,0.0,0.9998708511945291,True,2,absent,0.5396369041183476
BraTS-GLI-02220-102,gmm_2d,prediction_component,68,95,31488.0,1.7002234044200582e-05,3.269372112359412e-08,1.7320508075688772,1,16.30950643030009,0.1061988488107183,0.6119025955310512,1.375,0,,87,95,116,125,136,147,-7.485535646214626,0.0,0.9983457507015313,True,2,absent,0.5396369041183476
BraTS-GLI-02220-102,gmm_2d,prediction_component,69,63,19200.0,2.3680382134730743e-05,6.342051819914697e-08,1.7320508075688772,1,11.575836902790225,0.14962640041614492,0.7016868116919668,1.1666666666666667,0,,89,96,110,117,43,49,-7.197770213742064,0.0,0.9998373280566092,True,2,absent,0.5396369041183476
BraTS-GLI-02220-102,gmm_2d,prediction_component,70,1913,389632.0,7.865621489660386e-06,6.99710611496326e-09,2.8284271247461903,1,51.58488150611572,0.0548305441859135,0.36728473041373605,1.2307692307692308,6,,89,121,100,131,125,151,-8.155081539723199,1.9459101490553132,0.7443192251159325,True,2,absent,0.5396369041183476
BraTS-GLI-02220-102,gmm_2d,prediction_component,71,253,72960.0,1.2837879152365197e-05,1.8639700927418204e-08,2.23606797749979,1,25.514701644346147,0.08763841367493648,0.5699118644248647,1.7272727272727273,1,,90,103,86,97,31,50,-7.729561060148022,0.6931471805599453,0.9906054963531434,True,2,absent,0.5396369041183476
BraTS-GLI-02220-102,gmm_2d,prediction_component,72,168,47360.0,1.6300155261792612e-05,3.0049403525546905e-08,1.7320508075688772,1,20.024984394500787,0.08649448975573377,0.5060037513265573,2.3333333333333335,0,,90,103,147,161,86,92,-7.522164144231443,0.0,0.995545845631795,True,2,absent,0.5396369041183476
BraTS-GLI-02220-102,gmm_2d,prediction_component,73,44,13824.0,2.7070862238995545e-05,8.288129935688987e-08,1.7320508075688772,1,10.392304845413264,0.16666666666666666,0.7908715233027805,1.0,0,,91,97,125,131,26,32,-7.081543448970658,0.0,0.9999478350119567,True,2,absent,0.5396369041183476
BraTS-GLI-02220-102,gmm_2d,prediction_component,74,25,9984.0,2.5060120224403912e-05,7.102621534903521e-08,1.7320508075688772,1,8.660254037844387,0.19999999999999996,0.9548683406603533,1.0,0,,91,96,157,162,135,140,-7.14858132620955,0.0,0.9999839769140652,True,2,absent,0.5396369041183476
BraTS-GLI-02220-102,gmm_2d,prediction_component,75,25,9984.0,2.5060120224403912e-05,7.102621534903521e-08,1.7320508075688772,1,8.660254037844387,0.19999999999999996,0.9548683406603533,1.0,0,,91,96,189,194,101,106,-7.14858132620955,0.0,0.9999839769140652,True,2,absent,0.5396369041183476
BraTS-GLI-02220-102,gmm_2d,prediction_component,76,226,57088.0,1.6568805377359084e-05,3.1048081281002284e-08,2.23606797749979,1,22.0,0.10163945352271772,0.5917592549327365,1.1666666666666667,2,,92,106,101,113,52,64,-7.507965233323808,1.0986122886681098,0.9964108222692764,True,2,absent,0.5396369041183476
BraTS-GLI-02220-102,gmm_2d,prediction_component,77,63,23808.0,1.7149686231523227e-05,3.326325389754192e-08,1.7320508075688772,1,13.92838827718412,0.12435400084345173,0.7016868116919668,1.2857142857142858,0,,92,100,177,186,116,123,-7.478035269228769,0.0,0.9992520602377551,True,2,absent,0.5396369041183476
BraTS-GLI-02220-102,gmm_2d,prediction_component,78,25,9984.0,2.5060120224403912e-05,7.102621534903521e-08,1.7320508075688772,1,8.660254037844387,0.19999999999999996,0.9548683406603533,1.0,0,,93,98,74,79,64,69,-7.14858132620955,0.0,0.9999839769140652,True,2,absent,0.5396369041183476
BraTS-GLI-02220-102,gmm_2d,prediction_component,79,125,32000.0,2.1836601342771384e-05,5.3929012074104567e-08,2.23606797749979,1,15.165750888103101,0.14744195615489714,0.7209047176727084,1.4285714285714286,1,,94,103,69,79,141,148,-7.2681775354821845,0.6931471805599453,0.9997213359706775,True,2,absent,0.5396369041183476
BraTS-GLI-02220-102,gmm_2d,prediction_component,80,25,9984.0,2.5060120224403912e-05,7.102621534903521e-08,1.7320508075688772,1,8.660254037844387,0.19999999999999996,0.9548683406603533,1.0,0,,94,99,108,113,130,135,-7.14858132620955,0.0,0.9999839769140652,True,2,absent,0.5396369041183476
BraTS-GLI-02220-102,gmm_2d,prediction_component,81,355,97536.0,1.1654159070137486e-05,1.5360814925902956e-08,2.449489742783178,1,34.132096331752024,0.07176499559168577,0.5576508612525418,2.727272727272727,1,,94,124,111,123,26,37,-7.813585743390798,0.6931471805599453,0.9813677000835366,True,2,absent,0.5396369041183476
BraTS-GLI-02220-102,gmm_2d,prediction_component,82,63,23808.0,1.7149686231523227e-05,3.326325389754192e-08,1.7320508075688772,1,14.071247279470288,0.12309149097933272,0.7016868116919668,1.5,0,,94,103,165,174,81,87,-7.478035269228769,0.0,0.9992304152073981,True,2,absent,0.5396369041183476
BraTS-GLI-02220-102,gmm_2d,prediction_component,83,25,9984.0,2.5060120224403912e-05,7.102621534903521e-08,1.7320508075688772,1,8.660254037844387,0.19999999999999996,0.9548683406603533,1.0,0,,96,101,59,64,109,114,-7.14858132620955,0.0,0.9999839769140652,True,2,absent,0.5396369041183476
BraTS-GLI-02220-102,gmm_2d,prediction_component,84,25,9984.0,2.5060120224403912e-05,7.102621534903521e-08,1.7320508075688772,1,8.660254037844387,0.19999999999999996,0.9548683406603533,1.0,0,,96,101,64,69,139,144,-7.14858132620955,0.0,0.9999839769140652,True,2,absent,0.5396369041183476
BraTS-GLI-02220-102,gmm_2d,prediction_component,85,25,9984.0,2.5060120224403912e-05,7.102621534903521e-08,1.7320508075688772,1,8.660254037844387,0.19999999999999996,0.9548683406603533,1.0,0,,96,101,109,114,42,47,-7.14858132620955,0.0,0.9999839769140652,True,2,absent,0.5396369041183476
BraTS-GLI-02220-102,gmm_2d,prediction_component,86,25,9984.0,2.5060120224403912e-05,7.102621534903521e-08,1.7320508075688772,1,8.660254037844387,0.19999999999999996,0.9548683406603533,1.0,0,,97,102,77,82,28,33,-7.14858132620955,0.0,0.9999839769140652,True,2,absent,0.5396369041183476
BraTS-GLI-02220-102,gmm_2d,prediction_component,87,85,24576.0,2.20623681954882e-05,5.504991209742306e-08,1.7320508075688772,1,13.30413469565007,0.13018891098082386,0.6350148115649618,1.1428571428571428,0,,97,105,89,97,135,142,-7.259243370164247,0.0,0.9995938511236291,True,2,absent,0.5396369041183476
BraTS-GLI-02220-102,gmm_2d,prediction_component,88,25,9984.0,2.5060120224403912e-05,7.102621534903521e-08,1.7320508075688772,1,8.660254037844387,0.19999999999999996,0.9548683406603533,1.0,0,,98,103,48,53,75,80,-7.14858132620955,0.0,0.9999839769140652,True,2,absent,0.5396369041183476
BraTS-GLI-02220-102,gmm_2d,prediction_component,89,25,9984.0,2.5060120224403912e-05,7.102621534903521e-08,1.7320508075688772,1,8.660254037844387,0.19999999999999996,0.9548683406603533,1.0,0,,98,103,115,120,33,38,-7.14858132620955,0.0,0.9999839769140652,True,2,absent,0.5396369041183476
BraTS-GLI-02220-102,gmm_2d,prediction_component,90,82,26368.0,1.915129152985438e-05,4.1480932244087404e-08,1.7320508075688772,1,13.114877048604,0.13206763594884358,0.6426663285123421,1.6666666666666667,0,,98,104,114,124,82,88,-7.382151491822211,0.0,0.9994262645045096,True,2,absent,0.5396369041183476
BraTS-GLI-02220-102,gmm_2d,prediction_component,91,63,23552.0,1.7430059131915165e-05,3.435975784301945e-08,1.7320508075688772,1,13.490737563232042,0.12838814775327387,0.7016868116919668,2.2,0,,99,110,90,95,46,52,-7.46394990560363,0.0,0.9993491932249935,True,2,absent,0.5396369041183476
BraTS-GLI-02220-102,gmm_2d,prediction_component,92,63,22528.0,1.8631876346107425e-05,3.926137994703396e-08,1.7320508075688772,1,13.490737563232042,0.12838814775327387,0.7016868116919668,2.2,0,,99,104,100,106,40,51,-7.4060344400174705,0.0,0.9994656491646461,True,2,absent,0.5396369041183476
BraTS-GLI-02220-102,gmm_2d,prediction_component,93,47,14592.0,2.6664020003279646e-05,8.040880842667987e-08,1.7320508075688772,1,9.848857801796104,0.17586311452816475,0.7736731845058752,1.2,0,,99,105,110,115,125,131,-7.094696373620167,0.0,0.9999525376286319,True,2,absent,0.5396369041183476
BraTS-GLI-02220-102,gmm_2d,prediction_component,94,25,9984.0,2.5060120224403912e-05,7.102621534903521e-08,1.7320508075688772,1,8.660254037844387,0.19999999999999996,0.9548683406603533,1.0,0,,99,104,111,116,39,44,-7.14858132620955,0.0,0.9999839769140652,True,2,absent,0.5396369041183476
BraTS-GLI-02220-102,gmm_2d,prediction_component,95,56,16640.0,2.6089036722489758e-05,7.697832583722892e-08,1.7320508075688772,1,10.488088481701515,0.1651445647689541,0.7297836929246639,1.4,0,,99,105,132,139,142,147,-7.113631538390294,0.0,0.9999231326923982,True,2,absent,0.5396369041183476
BraTS-GLI-02220-102,gmm_2d,prediction_component,96,38,12544.0,2.7047649416909622e-05,8.273922157753891e-08,1.7320508075688772,1,9.273618495495704,0.18677184190940707,0.8304795924748166,1.2,0,,100,106,65,70,101,106,-7.082288569326049,0.0,0.9999716641024393,True,2,absent,0.5396369041183476
BraTS-GLI-02220-102,gmm_2d,prediction_component,97,115,37632.0,1.5752949844359037e-05,2.8065717794268804e-08,1.7320508075688772,1,16.0312195418814,0.10804236090984295,0.5741484768241579,1.7142857142857142,0,,100,107,97,105,26,38,-7.551823846011432,0.0,0.9976892343443525,True,2,absent,0.5396369041183476
BraTS-GLI-02220-102,gmm_2d,prediction_component,98,80,21760.0,2.4923076495709576e-05,7.02515117594686e-08,2.23606797749979,1,12.727922061357855,0.17568209223157663,0.836535821912104,1.1428571428571428,1,,100,107,102,109,120,128,-7.153344325633118,0.6931471805599453,0.9999372825078873,True,2,absent,0.5396369041183476
BraTS-GLI-02220-102,gmm_2d,prediction_component,99,25,9984.0,2.5060120224403912e-05,7.102621534903521e-08,1.7320508075688772,1,8.660254037844387,0.19999999999999996,0.9548683406603533,1.0,0,,100,105,141,146,86,91,-7.14858132620955,0.0,0.9999839769140652,True,2,absent,0.5396369041183476
BraTS-GLI-02220-102,gmm_2d,prediction_component,100,25,9984.0,2.5060120224403912e-05,7.102621534903521e-08,1.7320508075688772,1,8.660254037844387,0.19999999999999996,0.9548683406603533,1.0,0,,100,105,151,156,39,44,-7.14858132620955,0.0,0.9999839769140652,True,2,absent,0.5396369041183476
BraTS-GLI-02220-102,gmm_2d,prediction_component,101,25,9984.0,2.5060120224403912e-05,7.102621534903521e-08,1.7320508075688772,1,8.660254037844387,0.19999999999999996,0.9548683406603533,1.0,0,,101,106,65,70,35,40,-7.14858132620955,0.0,0.9999839769140652,True,2,absent,0.5396369041183476
BraTS-GLI-02220-102,gmm_2d,prediction_component,102,644,161536.0,9.919319533567077e-06,1.1127974826012708e-08,2.23606797749979,1,37.107950630558946,0.06025846050518227,0.4174001327144504,1.5,1,,101,128,58,76,127,145,-7.953583865486906,0.6931471805599453,0.9350411643712734,True,2,absent,0.5396369041183476
BraTS-GLI-02220-102,gmm_2d,prediction_component,103,25,9984.0,2.5060120224403912e-05,7.102621534903521e-08,1.7320508075688772,1,8.660254037844387,0.19999999999999996,0.9548683406603533,1.0,0,,101,106,130,135,73,78,-7.14858132620955,0.0,0.9999839769140652,True,2,absent,0.5396369041183476
BraTS-GLI-02220-102,gmm_2d,prediction_component,104,25,9984.0,2.5060120224403912e-05,7.102621534903521e-08,1.7320508075688772,1,8.660254037844387,0.19999999999999996,0.9548683406603533,1.0,0,,101,106,173,178,119,124,-7.14858132620955,0.0,0.9999839769140652,True,2,absent,0.5396369041183476
BraTS-GLI-02220-102,gmm_2d,prediction_component,105,38,13824.0,2.3379381024587062e-05,6.181848980958109e-08,1.7320508075688772,1,9.848857801796104,0.17586311452816475,0.8304795924748166,1.2,0,,103,109,135,141,86,91,-7.2088816087094125,0.0,0.9999441871677677,True,2,absent,0.5396369041183476
BraTS-GLI-02220-102,gmm_2d,prediction_component,106,25,9984.0,2.5060120224403912e-05,7.102621534903521e-08,1.7320508075688772,1,8.660254037844387,0.19999999999999996,0.9548683406603533,1.0,0,,103,108,160,165,87,92,-7.14858132620955,0.0,0.9999839769140652,True,2,absent,0.5396369041183476
BraTS-GLI-02220-102,gmm_2d,prediction_component,107,103,32512.0,1.7569997322115627e-05,3.49136910122628e-08,1.7320508075688772,1,15.0996688705415,0.11470786693528087,0.5956316346630701,1.25,0,,105,113,80,88,39,49,-7.457004235931654,0.0,0.9986781211383756,True,2,absent,0.5396369041183476
BraTS-GLI-02220-102,gmm_2d,prediction_component,108,38,12544.0,2.7047649416909622e-05,8.273922157753891e-08,1.7320508075688772,1,9.273618495495704,0.18677184190940707,0.8304795924748166,1.2,0,,105,110,140,146,137,142,-7.082288569326049,0.0,0.9999716641024393,True,2,absent,0.5396369041183476
BraTS-GLI-02220-102,gmm_2d,prediction_component,109,25,9984.0,2.5060120224403912e-05,7.102621534903521e-08,1.7320508075688772,1,8.660254037844387,0.19999999999999996,0.9548683406603533,1.0,0,,106,111,65,70,37,42,-7.14858132620955,0.0,0.9999839769140652,True,2,absent,0.5396369041183476
BraTS-GLI-02220-102,gmm_2d,prediction_component,110,25,9984.0,2.5060120224403912e-05,7.102621534903521e-08,1.7320508075688772,1,8.660254037844387,0.19999999999999996,0.9548683406603533,1.0,0,,106,111,87,92,36,41,-7.14858132620955,0.0,0.9999839769140652,True,2,absent,0.5396369041183476
BraTS-GLI-02220-102,gmm_2d,prediction_component,111,25,9984.0,2.5060120224403912e-05,7.102621534903521e-08,1.7320508075688772,1,8.660254037844387,0.19999999999999996,0.9548683406603533,1.0,0,,106,111,134,139,140,145,-7.14858132620955,0.0,0.9999839769140652,True,2,absent,0.5396369041183476
BraTS-GLI-02220-102,gmm_2d,prediction_component,112,121,32512.0,2.0640482291029036e-05,4.8182802348057285e-08,2.23606797749979,1,15.297058540778355,0.14617633655117154,0.7287626087734531,1.5714285714285714,1,,106,117,151,158,130,138,-7.317107944709098,0.6931471805599453,0.9996717202388147,True,2,absent,0.5396369041183476
BraTS-GLI-02220-102,gmm_2d,prediction_component,113,217,67840.0,1.228092205492403e-05,1.7057458503042847e-08,2.23606797749979,1,24.1039415863879,0.09276773134741388,0.5998296931169057,2.8333333333333335,1,,106,123,165,181,85,91,-7.768085676587492,0.6931471805599453,0.9915277040515751,True,2,absent,0.5396369041183476
BraTS-GLI-02220-102,gmm_2d,prediction_component,114,38,12544.0,2.7047649416909622e-05,8.273922157753891e-08,1.7320508075688772,1,9.273618495495704,0.18677184190940707,0.8304795924748166,1.2,0,,107,113,164,169,86,91,-7.082288569326049,0.0,0.9999716641024393,True,2,absent,0.5396369041183476
BraTS-GLI-02220-102,gmm_2d,prediction_component,115,51,16384.0,2.4318695068359375e-05,6.688564319836902e-08,1.7320508075688772,1,10.488088481701515,0.1651445647689541,0.7528933105024771,1.4,0,,108,115,51,57,128,133,-7.1746670922299165,0.0,0.9999137128280738,True,2,absent,0.5396369041183476
BraTS-GLI-02220-102,gmm_2d,prediction_component,116,50,15360.0,2.6265349298824172e-05,7.802229756091518e-08,1.7320508075688772,1,10.392304845413264,0.16666666666666666,0.757879504227687,1.0,0,,108,114,143,149,86,92,-7.1077812649530205,0.0,0.9999349253367332,True,2,absent,0.5396369041183476
BraTS-GLI-02220-102,gmm_2d,prediction_component,117,25,9984.0,2.5060120224403912e-05,7.102621534903521e-08,1.7320508075688772,1,8.660254037844387,0.19999999999999996,0.9548683406603533,1.0,0,,109,114,102,107,87,92,-7.14858132620955,0.0,0.9999839769140652,True,2,absent,0.5396369041183476
BraTS-GLI-02220-102,gmm_2d,prediction_component,118,233,58880.0,1.6308132037748215e-05,3.007882116062981e-08,1.7320508075688772,1,25.709920264364882,0.06736896846660308,0.45373769113141904,2.0,0,,109,125,152,161,41,59,-7.521739188474868,0.0,0.9915880797827828,True,2,absent,0.5396369041183476
BraTS-GLI-02220-102,gmm_2d,prediction_component,119,798,177152.0,1.0702464641473583e-05,1.295447976155792e-08,2.23606797749979,1,56.293871780150276,0.03972133922911743,0.38860964460418546,1.6153846153846154,6,,110,137,53,79,34,76,-7.8875800231429425,1.9459101490553132,0.8485425278382448,True,2,absent,0.5396369041183476
BraTS-GLI-02220-102,gmm_2d,prediction_component,120,25,9984.0,2.5060120224403912e-05,7.102621534903521e-08,1.7320508075688772,1,8.660254037844387,0.19999999999999996,0.9548683406603533,1.0,0,,112,117,96,101,27,32,-7.14858132620955,0.0,0.9999839769140652,True,2,absent,0.5396369041183476
BraTS-GLI-02220-102,gmm_2d,prediction_component,121,63,23808.0,1.7149686231523227e-05,3.326325389754192e-08,1.7320508075688772,1,13.92838827718412,0.12435400084345173,0.7016868116919668,1.2857142857142858,0,,113,121,90,99,141,148,-7.478035269228769,0.0,0.9992520602377551,True,2,absent,0.5396369041183476
BraTS-GLI-02220-102,gmm_2d,prediction_component,122,84,28160.0,1.7775847278193747e-05,3.573658050290025e-08,1.7320508075688772,1,14.866068747318506,0.1165103456070926,0.6375247776221004,1.8333333333333333,0,,114,122,40,46,108,119,-7.446887005825039,0.0,0.998962511244858,True,2,absent,0.5396369041183476
BraTS-GLI-02220-102,gmm_2d,prediction_component,123,89,26880.0,2.0195104746191276e-05,4.612587243699193e-08,1.7320508075688772,1,14.071247279470288,0.12309149097933272,0.6253552903860047,1.5,0,,115,121,52,61,48,57,-7.336055406394117,0.0,0.9993563179700309,True,2,absent,0.5396369041183476
BraTS-GLI-02220-102,gmm_2d,prediction_component,124,38,12544.0,2.7047649416909622e-05,8.273922157753891e-08,1.7320508075688772,1,9.273618495495704,0.18677184190940707,0.8304795924748166,1.2,0,,115,120,98,104,87,92,-7.082288569326049,0.0,0.9999716641024393,True,2,absent,0.5396369041183476
BraTS-GLI-02220-102,gmm_2d,prediction_component,125,364,106496.0,1.047373158239203e-05,1.240667063378495e-08,2.23606797749979,1,28.106938645110393,0.07955572841757301,0.5048326216643036,3.8333333333333335,2,,115,138,143,158,86,92,-7.906344747056244,1.0986122886681098,0.9684057014705909,True,2,absent,0.5396369041183476
BraTS-GLI-02220-102,gmm_2d,prediction_component,126,25,9984.0,2.5060120224403912e-05,7.102621534903521e-08,1.7320508075688772,1,8.660254037844387,0.19999999999999996,0.9548683406603533,1.0,0,,115,120,168,173,110,115,-7.14858132620955,0.0,0.9999839769140652,True,2,absent,0.5396369041183476
BraTS-GLI-02220-102,gmm_2d,prediction_component,127,25,9984.0,2.5060120224403912e-05,7.102621534903521e-08,1.7320508075688772,1,8.660254037844387,0.19999999999999996,0.9548683406603533,1.0,0,,116,121,60,65,98,103,-7.14858132620955,0.0,0.9999839769140652,True,2,absent,0.5396369041183476
BraTS-GLI-02220-102,gmm_2d,prediction_component,128,38,12544.0,2.7047649416909622e-05,8.273922157753891e-08,1.7320508075688772,1,9.273618495495704,0.18677184190940707,0.8304795924748166,1.2,0,,116,122,138,143,132,137,-7.082288569326049,0.0,0.9999716641024393,True,2,absent,0.5396369041183476
BraTS-GLI-02220-102,gmm_2d,prediction_component,129,38,13824.0,2.3379381024587062e-05,6.181848980958109e-08,1.7320508075688772,1,9.848857801796104,0.17586311452816475,0.8304795924748166,1.2,0,,120,126,54,59,119,125,-7.2088816087094125,0.0,0.9999441871677677,True,2,absent,0.5396369041183476
BraTS-GLI-02220-102,gmm_2d,prediction_component,130,38,13824.0,2.3379381024587062e-05,6.181848980958109e-08,1.7320508075688772,1,9.848857801796104,0.17586311452816475,0.8304795924748166,1.2,0,,120,125,57,63,124,130,-7.2088816087094125,0.0,0.9999441871677677,True,2,absent,0.5396369041183476
BraTS-GLI-02220-102,gmm_2d,prediction_component,131,50,19968.0,1.772018094802615e-05,3.551310767451761e-08,1.7320508075688772,1,12.449899597988733,0.13912166872805048,0.757879504227687,1.8,0,,120,129,94,99,132,139,-7.449611321873531,0.0,0.9996114256028316,True,2,absent,0.5396369041183476
BraTS-GLI-02220-102,gmm_2d,prediction_component,132,25,9984.0,2.5060120224403912e-05,7.102621534903521e-08,1.7320508075688772,1,8.660254037844387,0.19999999999999996,0.9548683406603533,1.0,0,,120,125,135,140,87,92,-7.14858132620955,0.0,0.9999839769140652,True,2,absent,0.5396369041183476
BraTS-GLI-02220-102,gmm_2d,prediction_component,133,25,9984.0,2.5060120224403912e-05,7.102621534903521e-08,1.7320508075688772,1,8.660254037844387,0.19999999999999996,0.9548683406603533,1.0,0,,121,126,87,92,35,40,-7.14858132620955,0.0,0.9999839769140652,True,2,absent,0.5396369041183476
BraTS-GLI-02220-102,gmm_2d,prediction_component,134,306,72448.0,1.5692127394216868e-05,2.7849411602973184e-08,2.449489742783178,1,23.57965224510319,0.10388150415966656,0.5859555688998456,3.0,2,,121,139,120,134,86,92,-7.555183976083838,1.0986122886681098,0.9959010575014974,True,2,absent,0.5396369041183476
BraTS-GLI-02220-102,gmm_2d,prediction_component,135,183,42240.0,2.1079738811191803e-05,5.0255410450223675e-08,2.23606797749979,1,17.72004514666935,0.1261886162812672,0.6348885703215806,1.7142857142857142,1,,121,133,141,148,121,132,-7.298817175654987,0.6931471805599453,0.9992950686995936,True,2,absent,0.5396369041183476
BraTS-GLI-02220-102,gmm_2d,prediction_component,136,173,39936.0,2.1677003994109384e-05,5.314358997953187e-08,2.23606797749979,1,14.866068747318506,0.1504142093990467,0.6468930782611862,1.8333333333333333,1,,121,132,159,167,85,91,-7.274549111279922,0.6931471805599453,0.9996421895316328,True,2,absent,0.5396369041183476
BraTS-GLI-02220-102,gmm_2d,prediction_component,137,25,9984.0,2.5060120224403912e-05,7.102621534903521e-08,1.7320508075688772,1,8.660254037844387,0.19999999999999996,0.9548683406603533,1.0,0,,122,127,59,64,96,101,-7.14858132620955,0.0,0.9999839769140652,True,2,absent,0.5396369041183476
BraTS-GLI-02220-102,gmm_2d,prediction_component,138,25,9984.0,2.5060120224403912e-05,7.102621534903521e-08,1.7320508075688772,1,8.660254037844387,0.19999999999999996,0.9548683406603533,1.0,0,,122,127,66,71,44,49,-7.14858132620955,0.0,0.9999839769140652,True,2,absent,0.5396369041183476
BraTS-GLI-02220-102,gmm_2d,prediction_component,139,64,21504.0,2.0295562707960602e-05,4.6585908281269474e-08,1.7320508075688772,1,12.36931687685298,0.14002800840280097,0.6980129914371896,1.6,0,,122,130,155,163,113,118,-7.331745432691998,0.0,0.999676349976023,True,2,absent,0.5396369041183476
BraTS-GLI-02220-102,gmm_2d,prediction_component,140,111,36096.0,1.618580715979326e-05,2.962927993213175e-08,1.7320508075688772,1,15.684387141358123,0.11043152607484653,0.5809639319388397,2.2,0,,123,134,84,94,87,92,-7.528278902866952,0.0,0.9980330685715668,True,2,absent,0.5396369041183476
BraTS-GLI-02220-102,gmm_2d,prediction_component,141,25,9984.0,2.5060120224403912e-05,7.102621534903521e-08,1.7320508075688772,1,8.660254037844387,0.19999999999999996,0.9548683406603533,1.0,0,,123,128,97,102,87,92,-7.14858132620955,0.0,0.9999839769140652,True,2,absent,0.5396369041183476
BraTS-GLI-02220-102,gmm_2d,prediction_component,142,51,16384.0,2.4318695068359375e-05,6.688564319836902e-08,1.7320508075688772,1,10.488088481701515,0.1651445647689541,0.7528933105024771,1.4,0,,123,129,112,119,135,140,-7.1746670922299165,0.0,0.9999137128280738,True,2,absent,0.5396369041183476
BraTS-GLI-02220-102,gmm_2d,prediction_component,143,25,9984.0,2.5060120224403912e-05,7.102621534903521e-08,1.7320508075688772,1,8.660254037844387,0.19999999999999996,0.9548683406603533,1.0,0,,125,130,117,122,36,41,-7.14858132620955,0.0,0.9999839769140652,True,2,absent,0.5396369041183476
BraTS-GLI-02220-102,gmm_2d,prediction_component,144,25,9984.0,2.5060120224403912e-05,7.102621534903521e-08,1.7320508075688772,1,8.660254037844387,0.19999999999999996,0.9548683406603533,1.0,0,,125,130,132,137,41,46,-7.14858132620955,0.0,0.9999839769140652,True,2,absent,0.5396369041183476
BraTS-GLI-02220-102,gmm_2d,prediction_component,145,152,47872.0,1.4511798189354405e-05,2.3817426507483254e-08,1.7320508075688772,1,21.18962010041709,0.08174053141871968,0.5231693600335686,2.2857142857142856,0,,126,138,57,64,107,123,-7.62310516619408,0.0,0.9934821388110713,True,2,absent,0.5396369041183476
BraTS-GLI-02220-102,gmm_2d,prediction_component,146,326,89088.0,1.2259952461229386e-05,1.6999257238065976e-08,2.23606797749979,1,33.0,0.06775963568181181,0.5237314715930897,4.5,1,,128,134,63,90,120,138,-7.769570054177993,0.6931471805599453,0.9799237400297353,True,2,absent,0.5396369041183476
BraTS-GLI-02220-102,gmm_2d,prediction_component,147,288,81408.0,1.2399148454275742e-05,1.738745796568321e-08,1.7320508075688772,1,30.757112998459398,0.05631382918337083,0.4227912602682938,2.625,0,,129,137,60,81,44,65,-7.759763906908964,0.0,0.9730193358651363,True,2,absent,0.5396369041183476
BraTS-GLI-02220-102,gmm_2d,prediction_component,148,44,13824.0,2.7070862238995545e-05,8.288129935688987e-08,1.7320508075688772,1,10.392304845413264,0.16666666666666666,0.7908715233027805,1.0,0,,129,135,114,120,39,45,-7.081543448970658,0.0,0.9999478350119567,True,2,absent,0.5396369041183476
BraTS-GLI-02220-102,gmm_2d,prediction_component,149,25,9984.0,2.5060120224403912e-05,7.102621534903521e-08,1.7320508075688772,1,8.660254037844387,0.19999999999999996,0.9548683406603533,1.0,0,,132,137,80,85,88,93,-7.14858132620955,0.0,0.9999839769140652,True,2,absent,0.5396369041183476
BraTS-GLI-02220-102,gmm_2d,prediction_component,150,50,19968.0,1.772018094802615e-05,3.551310767451761e-08,1.7320508075688772,1,12.206555615733702,0.14189513095212064,0.757879504227687,1.3333333333333333,0,,133,139,80,88,127,134,-7.449611321873531,0.0,0.9996350394421484,True,2,absent,0.5396369041183476
BraTS-GLI-02220-102,gmm_2d,prediction_component,151,25,9984.0,2.5060120224403912e-05,7.102621534903521e-08,1.7320508075688772,1,8.660254037844387,0.19999999999999996,0.9548683406603533,1.0,0,,133,138,86,91,115,120,-7.14858132620955,0.0,0.9999839769140652,True,2,absent,0.5396369041183476
BraTS-GLI-02220-102,gmm_2d,prediction_component,152,158,46080.0,1.597306950073092e-05,2.8855535352750912e-08,1.7320508075688772,1,21.37755832643195,0.08102191939419527,0.5164613206848101,2.5,0,,133,147,105,111,117,132,-7.539770863875201,0.0,0.9948699120823342,True,2,absent,0.5396369041183476
BraTS-GLI-02220-102,gmm_2d,prediction_component,153,120,36096.0,1.74981699024792e-05,3.462881511425186e-08,1.7320508075688772,1,18.027756377319946,0.09607689228305227,0.5660608012607246,1.3333333333333333,0,,133,142,104,114,44,56,-7.460562368345018,0.0,0.997707548696356,True,2,absent,0.5396369041183476
BraTS-GLI-02220-102,gmm_2d,prediction_component,154,71,25600.0,1.7333984375e-05,3.3982018733195146e-08,1.7320508075688772,1,14.142135623730951,0.1224744871391589,0.6742755017744779,1.6666666666666667,0,,133,141,128,134,49,59,-7.468750825035977,0.0,0.9991564834519606,True,2,absent,0.5396369041183476
BraTS-GLI-02220-102,gmm_2d,prediction_component,155,112,28416.0,2.338156661833999e-05,6.183004840647512e-08,2.23606797749979,1,15.652475842498529,0.14285714285714285,0.7477823284421424,1.25,2,,140,150,83,91,112,121,-7.208800413493736,1.0986122886681098,0.999725558027484,True,2,absent,0.5396369041183476
BraTS-GLI-02220-102,gmm_2d,prediction_component,156,25,9984.0,2.5060120224403912e-05,7.102621534903521e-08,1.7320508075688772,1,8.660254037844387,0.19999999999999996,0.9548683406603533,1.0,0,,140,145,90,95,89,94,-7.14858132620955,0.0,0.9999839769140652,True,2,absent,0.5396369041183476
BraTS-GLI-02220-102,gmm_2d,prediction_component,157,38,13824.0,2.3379381024587062e-05,6.181848980958109e-08,1.7320508075688772,1,9.848857801796104,0.17586311452816475,0.8304795924748166,1.2,0,,140,145,118,124,118,124,-7.2088816087094125,0.0,0.9999441871677677,True,2,absent,0.5396369041183476
BraTS-GLI-02220-102,gmm_2d,prediction_component,158,25,9984.0,2.5060120224403912e-05,7.102621534903521e-08,1.7320508075688772,1,8.660254037844387,0.19999999999999996,0.9548683406603533,1.0,0,,142,147,128,133,88,93,-7.14858132620955,0.0,0.9999839769140652,True,2,absent,0.5396369041183476
BraTS-GLI-02220-102,gmm_2d,prediction_component,159,25,9984.0,2.5060120224403912e-05,7.102621534903521e-08,1.7320508075688772,1,8.660254037844387,0.19999999999999996,0.9548683406603533,1.0,0,,145,150,107,112,113,118,-7.14858132620955,0.0,0.9999839769140652,True,2,absent,0.5396369041183476
BraTS-GLI-02220-102,variational_spline,prediction_component,1,151459,29177600.0,9.60994132033765e-07,1.0444648887129931e-10,5.656854249492381,4,244.468811916776,0.023139369824475328,0.17106959632157004,1.3884297520661157,327,,32,153,29,197,24,154,-9.98110615491249,5.793013608384144,0.0002115981607980685,False,2,absent,0.5396369041183476
