case_id,method,source,component_label,volume_vox,surface_area_proxy,compactness_v_over_s15,isoperimetric_quotient,inscribed_radius_vox,inscribed_radius_grid_step,bbox_diag_vox,radius_over_bbox_diag,radius_over_equiv_sphere,elongation_max_over_min,eroded_subcomponents,overlap_gt_vox,z0,z1,y0,y1,x0,x1,log10_isoperimetric,log1p_eroded_subcomponents,shape_score_prob_true_et,accepted_shape,fold,vol_bin,shape_threshold
BraTS-GLI-02247-103,otsu_T1c,prediction_component,1,10611,1864960.0,4.166314329624545e-06,1.963163352694746e-09,3.4641016151377544,2,172.0988088279521,0.020128562415564603,0.254117586113811,1.4933333333333334,12,,53,160,28,103,33,145,-8.707043561723326,2.5649493574615367,0.08791331757281445,False,2,small,0.5396369041183476
BraTS-GLI-02247-103,gmm_T1c,prediction_component,1,1249231,35377664.0,5.936753589168687e-06,3.9861204741019276e-09,17.88854381999832,4,258.45309052127817,0.0692138901644342,0.2677463801327702,1.3488372093023255,5,,21,162,27,201,27,156,-8.399449579582594,1.791759469228055,0.5588171139813786,True,2,small,0.5396369041183476
BraTS-GLI-02247-103,sustraccion,prediction_component,1,12,5376.0,3.04433440619409e-05,1.0481829363285631e-07,1.4142135623730951,1,5.830951894845301,0.24253562503633297,0.9957510787676723,1.3333333333333333,0,,32,35,67,71,69,72,-6.979562914580636,0.0,0.9999970754453279,True,2,small,0.5396369041183476
BraTS-GLI-02247-103,sustraccion,prediction_component,2,118,47360.0,1.1448918576735288e-05,1.4824542754029022e-08,1.4142135623730951,1,20.248456731316587,0.06984302957695783,0.46478331785406446,1.875,0,,33,41,73,84,112,127,-7.8290186930709185,0.0,0.9786064077358613,True,2,small,0.5396369041183476
BraTS-GLI-02247-103,sustraccion,prediction_component,3,14,7680.0,2.080109539136373e-05,4.8935585030206e-08,1.4142135623730951,1,7.54983443527075,0.1873171623163388,0.9458781407605124,1.25,0,,36,40,79,83,61,66,-7.310375215276639,0.0,0.9999616083947324,True,2,small,0.5396369041183476
BraTS-GLI-02247-103,sustraccion,prediction_component,4,68,25600.0,1.66015625e-05,3.117096897883244e-08,1.4142135623730951,1,15.132745950421556,0.09345386270319955,0.5585236446694171,2.0,0,,37,43,77,84,48,60,-7.506249697061655,0.0,0.9970728525421774,True,2,small,0.5396369041183476
BraTS-GLI-02247-103,sustraccion,prediction_component,6,93,37120.0,1.3003821434532962e-05,1.9124688401694632e-08,1.4142135623730951,1,18.35755975068582,0.07703712157713455,0.5031724852354296,1.7142857142857142,0,,38,50,77,84,129,141,-7.718405632071182,0.0,0.9891836704721174,True,2,small,0.5396369041183476
BraTS-GLI-02247-103,sustraccion,prediction_component,8,58361,11564800.0,1.483937244188296e-06,2.490482207738808e-10,5.656854249492381,4,247.38027407212564,0.02286703849249953,0.23508790404748128,1.4180327868852458,120,,39,161,28,201,28,156,-9.603716556564988,4.795790545596741,0.0015674943175644134,False,2,small,0.5396369041183476
BraTS-GLI-02247-103,sustraccion,prediction_component,10,19,9216.0,2.147533275462963e-05,5.2159350776834036e-08,1.4142135623730951,1,9.0,0.15713484026367724,0.8543319874271107,1.75,0,,39,43,131,135,114,121,-7.282667822870332,0.0,0.9999003607471785,True,2,small,0.5396369041183476
BraTS-GLI-02247-103,sustraccion,prediction_component,12,43,16640.0,2.0032653197626065e-05,4.5386774385534526e-08,1.4142135623730951,1,12.206555615733702,0.11585688927269847,0.650711350669285,1.3333333333333333,0,,41,48,112,120,55,61,-7.343070681243521,0.0,0.999298388897461,True,2,small,0.5396369041183476
BraTS-GLI-02247-103,sustraccion,prediction_component,13,1625,435968.0,5.64509747538858e-06,3.6040869857764614e-09,2.23606797749979,1,69.74955196988724,0.03205852818187507,0.30659383431778064,1.5333333333333334,4,,41,71,109,155,42,85,-8.443204735732145,1.6094379124341003,0.37471654995175624,False,2,small,0.5396369041183476
BraTS-GLI-02247-103,sustraccion,prediction_component,14,28,11776.0,2.1910956459839503e-05,5.429690128279617e-08,1.4142135623730951,1,8.602325267042627,0.1643989873053573,0.7507439778384809,2.3333333333333335,0,,42,46,47,50,114,121,-7.265224954834411,0.0,0.9998795111471144,True,2,small,0.5396369041183476
BraTS-GLI-02247-103,sustraccion,prediction_component,15,331,92672.0,1.1732895159564631e-05,1.5569072946891175e-08,1.7320508075688772,1,32.863353450309965,0.05270462766947299,0.403627578585032,1.5714285714285714,0,,42,56,70,92,90,110,-7.807737246522187,0.0,0.9631629504579282,True,2,small,0.5396369041183476
BraTS-GLI-02247-103,sustraccion,prediction_component,16,14,6144.0,2.9070414563466808e-05,9.557731451212109e-08,1.4142135623730951,1,6.928203230275509,0.20412414523193154,0.9458781407605124,1.0,0,,42,46,115,119,129,133,-7.019645176252469,0.0,0.9999902478773879,True,2,small,0.5396369041183476
BraTS-GLI-02247-103,sustraccion,prediction_component,17,160,43776.0,1.7468912484052276e-05,3.451311127413116e-08,1.7320508075688772,1,19.519221295943137,0.08873565094161137,0.5143003693829619,1.75,0,,43,51,79,93,73,84,-7.4620158883387395,0.0,0.9966590470181869,True,2,small,0.5396369041183476
BraTS-GLI-02247-103,sustraccion,prediction_component,18,12,5376.0,3.04433440619409e-05,1.0481829363285631e-07,1.4142135623730951,1,5.830951894845301,0.24253562503633297,0.9957510787676723,1.3333333333333333,0,,43,46,96,100,91,94,-6.979562914580636,0.0,0.9999970754453279,True,2,small,0.5396369041183476
BraTS-GLI-02247-103,sustraccion,prediction_component,20,94,42496.0,1.0730149516483212e-05,1.3021587111076436e-08,1.4142135623730951,1,28.89636655359978,0.048940878423239645,0.5013818206761619,1.6153846153846154,0,,44,65,35,48,99,114,-7.885336079394896,0.0,0.9645893884677407,True,2,small,0.5396369041183476
BraTS-GLI-02247-103,sustraccion,prediction_component,21,16,6656.0,2.9464563572443515e-05,9.818664009850627e-08,1.4142135623730951,1,6.4031242374328485,0.2208630521496931,0.9046998952817776,1.3333333333333333,0,,46,49,57,61,98,102,-7.007947601074732,0.0,0.9999924347460525,True,2,small,0.5396369041183476
BraTS-GLI-02247-103,sustraccion,prediction_component,22,154,50176.0,1.3701769770408163e-05,2.1232723542816316e-08,1.4142135623730951,1,25.632011235952593,0.05517372590682453,0.4253087268053634,1.9,0,,46,56,79,98,59,73,-7.672994294870629,0.0,0.9794698646962771,True,2,small,0.5396369041183476
BraTS-GLI-02247-103,sustraccion,prediction_component,23,47,19968.0,1.6656970091144582e-05,3.137938194120376e-08,1.4142135623730951,1,16.881943016134134,0.0837707816583391,0.6317015099045129,1.375,0,,46,57,106,116,132,140,-7.503355614674134,0.0,0.9973057499241614,True,2,small,0.5396369041183476
BraTS-GLI-02247-103,sustraccion,prediction_component,27,40,14848.0,2.2108437644753932e-05,5.5280056658846784e-08,1.4142135623730951,1,9.848857801796104,0.14359163172354764,0.6665885822069456,1.2,0,,48,54,77,82,85,91,-7.257431520507015,0.0,0.9997371709442887,True,2,small,0.5396369041183476
BraTS-GLI-02247-103,sustraccion,prediction_component,29,60,22272.0,1.8051463746595416e-05,3.6853371105897854e-08,1.4142135623730951,1,12.569805089976535,0.1125087900926024,0.5823187634322541,3.3333333333333335,0,,48,55,155,165,90,93,-7.433522779562696,0.0,0.9986475232776965,True,2,small,0.5396369041183476
BraTS-GLI-02247-103,sustraccion,prediction_component,30,19,8448.0,2.446936747720066e-05,6.771702339772293e-08,1.4142135623730951,1,8.12403840463596,0.17407765595569785,0.8543319874271107,1.25,0,,49,53,124,129,38,43,-7.169302140202132,0.0,0.9999538309650138,True,2,small,0.5396369041183476
BraTS-GLI-02247-103,sustraccion,prediction_component,32,26,9728.0,2.7098047834857024e-05,8.304784808758266e-08,1.4142135623730951,1,7.54983443527075,0.1873171623163388,0.7695203069187393,1.25,0,,50,54,141,146,134,138,-7.080671616382922,0.0,0.9999644926021163,True,2,small,0.5396369041183476
BraTS-GLI-02247-103,sustraccion,prediction_component,35,22,8704.0,2.709220525861094e-05,8.301204026265334e-08,1.4142135623730951,1,7.54983443527075,0.1873171623163388,0.8135863258112027,1.25,0,,51,55,131,136,139,143,-7.08085891195648,0.0,0.9999702033955674,True,2,small,0.5396369041183476
BraTS-GLI-02247-103,sustraccion,prediction_component,37,52,21248.0,1.6789055203618862e-05,3.187901452996893e-08,1.4142135623730951,1,14.7648230602334,0.09578262852211515,0.6107686723568493,2.4,0,,52,64,155,162,80,85,-7.496495112332751,0.0,0.9978180251192255,True,2,small,0.5396369041183476
BraTS-GLI-02247-103,sustraccion,prediction_component,38,12,6144.0,2.4917498197257264e-05,7.022006780482366e-08,1.4142135623730951,1,6.4031242374328485,0.2208630521496931,0.9957510787676723,1.3333333333333333,0,,53,56,88,92,125,129,-7.153538755513696,0.0,0.9999913647643082,True,2,small,0.5396369041183476
BraTS-GLI-02247-103,sustraccion,prediction_component,39,21,9984.0,2.1050500988499285e-05,5.011609755027925e-08,1.4142135623730951,1,9.848857801796104,0.14359163172354764,0.8263006657894747,1.2,0,,54,60,108,113,34,40,-7.300022754085787,0.0,0.999839414270781,True,2,small,0.5396369041183476
BraTS-GLI-02247-103,sustraccion,prediction_component,42,56,23296.0,1.574947170555767e-05,2.8053325742430365e-08,1.4142135623730951,1,15.427248620541512,0.09166984970282113,0.5958658900897977,1.8333333333333333,0,,55,66,135,144,138,144,-7.552015645425008,0.0,0.9969321229706588,True,2,small,0.5396369041183476
BraTS-GLI-02247-103,sustraccion,prediction_component,43,16,6656.0,2.9464563572443515e-05,9.818664009850627e-08,1.4142135623730951,1,6.4031242374328485,0.2208630521496931,0.9046998952817776,1.3333333333333333,0,,55,58,142,146,74,78,-7.007947601074732,0.0,0.9999924347460525,True,2,small,0.5396369041183476
BraTS-GLI-02247-103,sustraccion,prediction_component,47,40,13568.0,2.530965579832861e-05,7.244774152368004e-08,1.4142135623730951,1,10.04987562112089,0.1407195089460584,0.6665885822069456,1.75,0,,56,60,182,189,109,115,-7.13997514862057,0.0,0.9998120006172893,True,2,small,0.5396369041183476
BraTS-GLI-02247-103,sustraccion,prediction_component,48,24,8960.0,2.8297575493142297e-05,9.056300569878785e-08,1.4142135623730951,1,7.54983443527075,0.1873171623163388,0.7903281549671363,1.25,0,,58,63,177,181,52,56,-7.0430491721017425,0.0,0.9999712541656729,True,2,small,0.5396369041183476
BraTS-GLI-02247-103,sustraccion,prediction_component,49,41,15616.0,2.10101501554845e-05,4.992415075301996e-08,1.4142135623730951,1,10.488088481701515,0.13483997249264842,0.6611244956113513,1.4,0,,59,66,129,135,76,81,-7.301689314066958,0.0,0.9996193528345453,True,2,small,0.5396369041183476
BraTS-GLI-02247-103,sustraccion,prediction_component,50,39,16896.0,1.7757783455381363e-05,3.5663986353163634e-08,1.4142135623730951,1,11.445523142259598,0.1235604126430431,0.6722379073420917,1.8,0,,60,65,100,109,32,37,-7.447770115046735,0.0,0.9992273974054608,True,2,small,0.5396369041183476
BraTS-GLI-02247-103,sustraccion,prediction_component,51,115,42752.0,1.3009577291914083e-05,1.914162239936294e-08,1.4142135623730951,1,25.37715508089904,0.05572782125753529,0.4687902682717867,2.0,0,,60,80,188,198,110,122,-7.718021255209654,0.0,0.9801193847618386,True,2,small,0.5396369041183476
BraTS-GLI-02247-103,sustraccion,prediction_component,53,46,20736.0,1.5405306927297667e-05,2.6840653418913217e-08,1.4142135623730951,1,15.684387141358123,0.09016696346674323,0.6362462813425951,2.8,0,,63,68,85,99,35,40,-7.571206915746929,0.0,0.9971157742568438,True,2,small,0.5396369041183476
BraTS-GLI-02247-103,sustraccion,prediction_component,60,99,30464.0,1.861893366058974e-05,3.920685283542228e-08,1.4142135623730951,1,18.027756377319946,0.07844645405527362,0.49279482222605836,1.3333333333333333,0,,65,75,142,154,35,44,-7.40663801745662,0.0,0.9961972371718877,True,2,small,0.5396369041183476
BraTS-GLI-02247-103,sustraccion,prediction_component,62,26,10752.0,2.3320586280543092e-05,6.150795702761359e-08,1.4142135623730951,1,9.273618495495704,0.15249857033260467,0.7695203069187393,1.2,0,,65,70,182,188,52,57,-7.211068697726193,0.0,0.9998783423076391,True,2,small,0.5396369041183476
BraTS-GLI-02247-103,sustraccion,prediction_component,64,34,12288.0,2.4960720256102595e-05,7.046388748470152e-08,1.4142135623730951,1,8.602325267042627,0.1643989873053573,0.7036956967830031,2.3333333333333335,0,,68,71,125,129,106,113,-7.152033400516379,0.0,0.9999011190322281,True,2,small,0.5396369041183476
BraTS-GLI-02247-103,sustraccion,prediction_component,66,39,16384.0,1.8596649169921875e-05,3.911305778728154e-08,1.4142135623730951,1,12.36931687685298,0.11433239009500591,0.6722379073420917,1.6,0,,68,76,126,134,32,37,-7.407678230372791,0.0,0.9991696687006631,True,2,small,0.5396369041183476
BraTS-GLI-02247-103,sustraccion,prediction_component,67,347,110336.0,9.467899113169292e-06,1.0138171103973085e-08,1.7320508075688772,1,40.01249804748511,0.043287744881945485,0.3973260186835697,1.2380952380952381,0,,68,90,166,192,118,139,-7.994040383374575,0.0,0.9161381504930183,True,2,small,0.5396369041183476
BraTS-GLI-02247-103,sustraccion,prediction_component,68,14,7680.0,2.080109539136373e-05,4.8935585030206e-08,1.4142135623730951,1,7.54983443527075,0.1873171623163388,0.9458781407605124,1.25,0,,68,73,196,200,103,107,-7.310375215276639,0.0,0.9999616083947324,True,2,small,0.5396369041183476
BraTS-GLI-02247-103,sustraccion,prediction_component,73,17,6912.0,2.9583075859084555e-05,9.897808063694699e-08,1.4142135623730951,1,6.557438524302,0.21566554640687685,0.8866010210973454,1.6666666666666667,0,,72,75,58,61,120,125,-7.004460972194542,0.0,0.9999909613731117,True,2,small,0.5396369041183476
BraTS-GLI-02247-103,sustraccion,prediction_component,76,46,16896.0,2.0945077921731866e-05,4.961538140913494e-08,1.4142135623730951,1,10.677078252031311,0.13245323570650439,0.6362462813425951,1.6,0,,74,79,54,62,63,68,-7.3043836657365855,0.0,0.9995522140488132,True,2,small,0.5396369041183476
BraTS-GLI-02247-103,sustraccion,prediction_component,78,12,6144.0,2.4917498197257264e-05,7.022006780482366e-08,1.4142135623730951,1,6.4031242374328485,0.2208630521496931,0.9957510787676723,1.3333333333333333,0,,74,78,131,135,47,50,-7.153538755513696,0.0,0.9999913647643082,True,2,small,0.5396369041183476
BraTS-GLI-02247-103,sustraccion,prediction_component,79,92,35072.0,1.4007061279286541e-05,2.218944453538765e-08,1.4142135623730951,1,19.949937343260004,0.0708881205008336,0.5049890081570453,1.5555555555555556,0,,74,83,186,197,54,68,-7.653853569252237,0.0,0.990086623023663,True,2,small,0.5396369041183476
BraTS-GLI-02247-103,sustraccion,prediction_component,80,36,14848.0,1.9897593880278538e-05,4.4776845893665894e-08,1.4142135623730951,1,10.488088481701515,0.13483997249264842,0.6904152369103725,1.4,0,,76,81,56,62,103,110,-7.348946501628365,0.0,0.9996022410000343,True,2,small,0.5396369041183476
BraTS-GLI-02247-103,sustraccion,prediction_component,83,12,5376.0,3.04433440619409e-05,1.0481829363285631e-07,1.4142135623730951,1,5.830951894845301,0.24253562503633297,0.9957510787676723,1.3333333333333333,0,,77,80,197,200,105,109,-6.979562914580636,0.0,0.9999970754453279,True,2,small,0.5396369041183476
BraTS-GLI-02247-103,sustraccion,prediction_component,84,75,34560.0,1.1673488577255188e-05,1.5411811863884478e-08,1.4142135623730951,1,21.400934559032695,0.06608186004550899,0.5405768539900705,3.4,0,,79,96,114,126,47,52,-7.812146301175746,0.0,0.9836679442463213,True,2,small,0.5396369041183476
BraTS-GLI-02247-103,sustraccion,prediction_component,85,19,9216.0,2.147533275462963e-05,5.2159350776834036e-08,1.4142135623730951,1,8.246211251235321,0.17149858514250885,0.8543319874271107,1.5,0,,79,83,197,201,73,79,-7.282667822870332,0.0,0.9999279930558477,True,2,small,0.5396369041183476
BraTS-GLI-02247-103,sustraccion,prediction_component,86,20,7936.0,2.8289645606535866e-05,9.051225550351545e-08,1.4142135623730951,1,7.0710678118654755,0.2,0.8398489863421099,1.6666666666666667,0,,80,84,101,106,27,30,-7.043292612648983,0.0,0.9999822790394012,True,2,small,0.5396369041183476
BraTS-GLI-02247-103,sustraccion,prediction_component,89,16,6656.0,2.9464563572443515e-05,9.818664009850627e-08,1.4142135623730951,1,6.4031242374328485,0.2208630521496931,0.9046998952817776,1.3333333333333333,0,,82,86,135,139,90,93,-7.007947601074732,0.0,0.9999924347460525,True,2,small,0.5396369041183476
BraTS-GLI-02247-103,sustraccion,prediction_component,93,23,8704.0,2.832366913400235e-05,9.073010185732151e-08,1.4142135623730951,1,7.54983443527075,0.1873171623163388,0.8016200827808712,1.25,0,,84,88,62,67,72,76,-7.042248601565707,0.0,0.9999725965293192,True,2,small,0.5396369041183476
BraTS-GLI-02247-103,sustraccion,prediction_component,99,14,6144.0,2.9070414563466808e-05,9.557731451212109e-08,1.4142135623730951,1,6.928203230275509,0.20412414523193154,0.9458781407605124,1.0,0,,86,90,191,195,63,67,-7.019645176252469,0.0,0.9999902478773879,True,2,small,0.5396369041183476
BraTS-GLI-02247-103,sustraccion,prediction_component,101,14,6912.0,2.4362533060422576e-05,6.712700278491907e-08,1.4142135623730951,1,7.0710678118654755,0.2,0.9458781407605124,1.6666666666666667,0,,87,92,136,140,148,151,-7.1731027435946135,0.0,0.9999819443175567,True,2,small,0.5396369041183476
BraTS-GLI-02247-103,sustraccion,prediction_component,102,12,6144.0,2.4917498197257264e-05,7.022006780482366e-08,1.4142135623730951,1,6.4031242374328485,0.2208630521496931,0.9957510787676723,1.3333333333333333,0,,87,90,184,188,54,58,-7.153538755513696,0.0,0.9999913647643082,True,2,small,0.5396369041183476
BraTS-GLI-02247-103,sustraccion,prediction_component,103,12,6144.0,2.4917498197257264e-05,7.022006780482366e-08,1.4142135623730951,1,6.4031242374328485,0.2208630521496931,0.9957510787676723,1.3333333333333333,0,,87,90,188,192,58,62,-7.153538755513696,0.0,0.9999913647643082,True,2,small,0.5396369041183476
BraTS-GLI-02247-103,sustraccion,prediction_component,106,14,6912.0,2.4362533060422576e-05,6.712700278491907e-08,1.4142135623730951,1,7.0710678118654755,0.2,0.9458781407605124,1.6666666666666667,0,,88,91,193,197,110,115,-7.1731027435946135,0.0,0.9999819443175567,True,2,small,0.5396369041183476
BraTS-GLI-02247-103,sustraccion,prediction_component,112,401,143616.0,7.367839094321854e-06,6.139494844294741e-09,1.4142135623730951,1,41.98809355043403,0.03368129969212371,0.30914560502780125,1.631578947368421,0,,90,111,98,117,30,61,-8.211867361002247,0.0,0.7464185659824666,True,2,small,0.5396369041183476
BraTS-GLI-02247-103,sustraccion,prediction_component,114,19,9984.0,1.9045691370546972e-05,4.102474198560274e-08,1.4142135623730951,1,8.774964387392123,0.16116459280507606,0.8543319874271107,1.5,0,,90,96,127,132,50,54,-7.386954141647967,0.0,0.9998702477966869,True,2,small,0.5396369041183476
BraTS-GLI-02247-103,sustraccion,prediction_component,115,17,6912.0,2.9583075859084555e-05,9.897808063694699e-08,1.4142135623730951,1,6.557438524302,0.21566554640687685,0.8866010210973454,1.6666666666666667,0,,90,93,158,163,121,124,-7.004460972194542,0.0,0.9999909613731117,True,2,small,0.5396369041183476
BraTS-GLI-02247-103,sustraccion,prediction_component,117,12,6144.0,2.4917498197257264e-05,7.022006780482366e-08,1.4142135623730951,1,6.4031242374328485,0.2208630521496931,0.9957510787676723,1.3333333333333333,0,,91,95,45,49,89,92,-7.153538755513696,0.0,0.9999913647643082,True,2,small,0.5396369041183476
BraTS-GLI-02247-103,sustraccion,prediction_component,118,29,12800.0,2.0025485014072147e-05,4.535429915432194e-08,1.4142135623730951,1,10.677078252031311,0.13245323570650439,0.742013605090188,1.75,0,,91,98,104,108,120,127,-7.343381539684271,0.0,0.9996647576693272,True,2,small,0.5396369041183476
BraTS-GLI-02247-103,sustraccion,prediction_component,119,21,11520.0,1.6984023266599966e-05,3.262372335347067e-08,1.4142135623730951,1,10.488088481701515,0.13483997249264842,0.8263006657894747,1.4,0,,91,96,125,131,142,149,-7.48646647433232,0.0,0.9996306998555368,True,2,small,0.5396369041183476
BraTS-GLI-02247-103,sustraccion,prediction_component,121,597,187904.0,7.329431549883196e-06,6.075652973224295e-09,1.7320508075688772,1,58.0430874437258,0.029840776634222688,0.33158793496164457,2.0,0,,92,132,150,170,37,74,-8.2164070399636,0.0,0.7440104575634325,True,2,small,0.5396369041183476
BraTS-GLI-02247-103,sustraccion,prediction_component,122,17,7168.0,2.8012503667152895e-05,8.874752009735003e-08,1.4142135623730951,1,6.928203230275509,0.20412414523193154,0.8866010210973454,1.0,0,,93,97,106,110,135,139,-7.051843773744237,0.0,0.9999862106188884,True,2,small,0.5396369041183476
BraTS-GLI-02247-103,sustraccion,prediction_component,123,28,11264.0,2.3421735307665408e-05,6.204267448420182e-08,1.4142135623730951,1,9.38083151964686,0.15075567228888181,0.7507439778384809,1.5,0,,93,99,139,145,106,110,-7.207309489248251,0.0,0.9998653342398036,True,2,small,0.5396369041183476
BraTS-GLI-02247-103,sustraccion,prediction_component,125,70,19712.0,2.5293096692923904e-05,7.235297315941903e-08,1.7320508075688772,1,11.575836902790225,0.14962640041614492,0.6774711680063634,1.1666666666666667,0,,94,101,39,45,88,95,-7.1405436179630595,0.0,0.9998525435754222,True,2,small,0.5396369041183476
BraTS-GLI-02247-103,sustraccion,prediction_component,128,14,6144.0,2.9070414563466808e-05,9.557731451212109e-08,1.4142135623730951,1,6.928203230275509,0.20412414523193154,0.9458781407605124,1.0,0,,95,99,146,150,57,61,-7.019645176252469,0.0,0.9999902478773879,True,2,small,0.5396369041183476
BraTS-GLI-02247-103,sustraccion,prediction_component,131,21,9984.0,2.1050500988499285e-05,5.011609755027925e-08,1.4142135623730951,1,9.273618495495704,0.15249857033260467,0.8263006657894747,1.2,0,,96,101,98,103,140,146,-7.300022754085787,0.0,0.9998687064033605,True,2,small,0.5396369041183476
BraTS-GLI-02247-103,sustraccion,prediction_component,133,1621,456192.0,5.260917814277464e-06,3.1302239364744228e-09,2.23606797749979,1,77.84600182411425,0.028724249481071305,0.30684581210477196,1.3157894736842106,2,,96,146,123,161,101,147,-8.504424591879665,1.0986122886681098,0.364757098764682,False,2,small,0.5396369041183476
BraTS-GLI-02247-103,sustraccion,prediction_component,134,120,46080.0,1.2131445190428546e-05,1.664475681299524e-08,1.4142135623730951,1,26.43860813280457,0.053490469515994045,0.4621867088265907,1.4615384615384615,0,,97,110,169,188,117,130,-7.7787225456887965,0.0,0.9737680400869159,True,2,small,0.5396369041183476
BraTS-GLI-02247-103,sustraccion,prediction_component,135,24,9728.0,2.50135826167911e-05,7.076266345924204e-08,1.4142135623730951,1,8.12403840463596,0.17407765595569785,0.7903281549671363,1.25,0,,97,102,194,198,77,82,-7.150195828901346,0.0,0.9999441407141825,True,2,small,0.5396369041183476
BraTS-GLI-02247-103,sustraccion,prediction_component,137,37,13824.0,2.276413415551898e-05,5.8607695671271814e-08,1.4142135623730951,1,9.848857801796104,0.14359163172354764,0.6841383873286643,1.2,0,,98,104,115,121,73,78,-7.232045353809043,0.0,0.9997752521352856,True,2,small,0.5396369041183476
BraTS-GLI-02247-103,sustraccion,prediction_component,138,12,5376.0,3.04433440619409e-05,1.0481829363285631e-07,1.4142135623730951,1,5.830951894845301,0.24253562503633297,0.9957510787676723,1.3333333333333333,0,,98,101,149,152,129,133,-6.979562914580636,0.0,0.9999970754453279,True,2,small,0.5396369041183476
BraTS-GLI-02247-103,sustraccion,prediction_component,139,12,5376.0,3.04433440619409e-05,1.0481829363285631e-07,1.4142135623730951,1,5.830951894845301,0.24253562503633297,0.9957510787676723,1.3333333333333333,0,,98,101,170,173,97,101,-6.979562914580636,0.0,0.9999970754453279,True,2,small,0.5396369041183476
BraTS-GLI-02247-103,sustraccion,prediction_component,140,47,16640.0,2.1896155820661046e-05,5.422357199440009e-08,1.4142135623730951,1,11.180339887498949,0.12649110640673517,0.6317015099045129,1.6,0,,99,105,47,55,75,80,-7.265811876531259,0.0,0.9995424449393626,True,2,small,0.5396369041183476
BraTS-GLI-02247-103,sustraccion,prediction_component,144,14,6144.0,2.9070414563466808e-05,9.557731451212109e-08,1.4142135623730951,1,6.928203230275509,0.20412414523193154,0.9458781407605124,1.0,0,,99,103,128,132,146,150,-7.019645176252469,0.0,0.9999902478773879,True,2,small,0.5396369041183476
BraTS-GLI-02247-103,sustraccion,prediction_component,147,12,5376.0,3.04433440619409e-05,1.0481829363285631e-07,1.4142135623730951,1,5.830951894845301,0.24253562503633297,0.9957510787676723,1.3333333333333333,0,,101,104,87,91,29,32,-6.979562914580636,0.0,0.9999970754453279,True,2,small,0.5396369041183476
BraTS-GLI-02247-103,sustraccion,prediction_component,148,14,6912.0,2.4362533060422576e-05,6.712700278491907e-08,1.4142135623730951,1,7.0710678118654755,0.2,0.9458781407605124,1.6666666666666667,0,,101,105,106,111,105,108,-7.1731027435946135,0.0,0.9999819443175567,True,2,small,0.5396369041183476
BraTS-GLI-02247-103,sustraccion,prediction_component,149,55,18944.0,2.1093816415850864e-05,5.032255663662762e-08,1.4142135623730951,1,11.916375287812984,0.11867816581938534,0.5994555302303142,1.8,0,,101,106,108,114,30,39,-7.298237302678569,0.0,0.9993066209959784,True,2,small,0.5396369041183476
BraTS-GLI-02247-103,sustraccion,prediction_component,150,26,13056.0,1.7428424759080237e-05,3.435331448886051e-08,1.4142135623730951,1,10.04987562112089,0.1407195089460584,0.7695203069187393,1.75,0,,101,108,127,133,105,109,-7.464031354826301,0.0,0.9996242245253737,True,2,small,0.5396369041183476
BraTS-GLI-02247-103,sustraccion,prediction_component,151,20,7168.0,3.29558866672387e-05,1.2283393785100348e-07,1.4142135623730951,1,6.4031242374328485,0.2208630521496931,0.8398489863421099,1.3333333333333333,0,,101,105,133,137,106,109,-6.910681625172823,0.0,0.9999929625113879,True,2,small,0.5396369041183476
BraTS-GLI-02247-103,sustraccion,prediction_component,153,17,7680.0,2.5258472975227388e-05,7.215502078433436e-08,1.4142135623730951,1,7.0710678118654755,0.2,0.8866010210973454,1.6666666666666667,0,,101,106,166,170,84,87,-7.141733443876567,0.0,0.9999794400432893,True,2,small,0.5396369041183476
BraTS-GLI-02247-103,sustraccion,prediction_component,155,423,133888.0,8.634314948684854e-06,8.431564092989984e-09,1.4142135623730951,1,43.32435804486894,0.03264245856588256,0.30369041040744166,1.0833333333333333,0,,102,128,66,91,34,58,-8.074091854325866,0.0,0.8181145410058874,True,2,small,0.5396369041183476
BraTS-GLI-02247-103,sustraccion,prediction_component,156,12,5376.0,3.04433440619409e-05,1.0481829363285631e-07,1.4142135623730951,1,5.830951894845301,0.24253562503633297,0.9957510787676723,1.3333333333333333,0,,102,105,101,104,87,91,-6.979562914580636,0.0,0.9999970754453279,True,2,small,0.5396369041183476
BraTS-GLI-02247-103,sustraccion,prediction_component,157,12,5376.0,3.04433440619409e-05,1.0481829363285631e-07,1.4142135623730951,1,5.830951894845301,0.24253562503633297,0.9957510787676723,1.3333333333333333,0,,102,105,107,111,122,125,-6.979562914580636,0.0,0.9999970754453279,True,2,small,0.5396369041183476
BraTS-GLI-02247-103,sustraccion,prediction_component,161,52,24064.0,1.3930016000420041e-05,2.194601157865712e-08,1.4142135623730951,1,15.165750888103101,0.09325048082403138,0.6107686723568493,1.4285714285714286,0,,103,110,62,72,98,107,-7.658644396003625,0.0,0.9959932165346466,True,2,small,0.5396369041183476
BraTS-GLI-02247-103,sustraccion,prediction_component,163,12,5376.0,3.04433440619409e-05,1.0481829363285631e-07,1.4142135623730951,1,5.830951894845301,0.24253562503633297,0.9957510787676723,1.3333333333333333,0,,103,106,99,102,42,46,-6.979562914580636,0.0,0.9999970754453279,True,2,small,0.5396369041183476
BraTS-GLI-02247-103,sustraccion,prediction_component,164,22,9216.0,2.4866174768518517e-05,6.993109633237583e-08,1.4142135623730951,1,7.810249675906654,0.1810714920850371,0.8135863258112027,2.0,0,,103,109,139,142,119,123,-7.155329663131577,0.0,0.9999557750927051,True,2,small,0.5396369041183476
BraTS-GLI-02247-103,sustraccion,prediction_component,165,21,9216.0,2.3735894097222223e-05,6.371820967474739e-08,1.4142135623730951,1,8.774964387392123,0.16116459280507606,0.8263006657894747,1.5,0,,103,108,157,161,97,103,-7.1957364353081505,0.0,0.9999243369923035,True,2,small,0.5396369041183476
BraTS-GLI-02247-103,sustraccion,prediction_component,166,1293,356864.0,6.065190083960689e-06,4.160458611706609e-09,2.23606797749979,1,84.48076704197234,0.026468367366845172,0.3308631221850775,1.4,4,,104,160,81,121,104,153,-8.38085879399931,1.6094379124341003,0.4184459064722441,False,2,small,0.5396369041183476
BraTS-GLI-02247-103,sustraccion,prediction_component,167,17,7680.0,2.5258472975227388e-05,7.215502078433436e-08,1.4142135623730951,1,7.0710678118654755,0.2,0.8866010210973454,1.6666666666666667,0,,104,109,114,117,70,74,-7.141733443876567,0.0,0.9999794400432893,True,2,small,0.5396369041183476
BraTS-GLI-02247-103,sustraccion,prediction_component,168,23,10496.0,2.1389079908047943e-05,5.174120984025427e-08,1.4142135623730951,1,8.774964387392123,0.16116459280507606,0.8016200827808712,1.5,0,,104,110,114,119,32,36,-7.2861634205981485,0.0,0.9998863821443342,True,2,small,0.5396369041183476
BraTS-GLI-02247-103,sustraccion,prediction_component,169,40,19968.0,1.417614475842092e-05,2.2728388911691268e-08,1.4142135623730951,1,13.92838827718412,0.10153461651336192,0.6665885822069456,1.2857142857142858,0,,104,113,130,138,49,56,-7.643431347889644,0.0,0.9974721162428213,True,2,small,0.5396369041183476
BraTS-GLI-02247-103,sustraccion,prediction_component,170,17,8448.0,2.1893644584863748e-05,5.421113507463137e-08,1.4142135623730951,1,7.681145747868608,0.1841149235796647,0.8866010210973454,1.6666666666666667,0,,104,109,153,158,131,134,-7.265911499351242,0.0,0.9999550508595741,True,2,small,0.5396369041183476
BraTS-GLI-02247-103,sustraccion,prediction_component,171,46,14080.0,2.753301995144632e-05,8.573537907498518e-08,1.4142135623730951,1,9.38083151964686,0.15075567228888181,0.6362462813425951,1.5,0,,105,111,54,60,86,90,-7.066839927593711,0.0,0.999868158752499,True,2,small,0.5396369041183476
BraTS-GLI-02247-103,sustraccion,prediction_component,173,12,6144.0,2.4917498197257264e-05,7.022006780482366e-08,1.4142135623730951,1,6.4031242374328485,0.2208630521496931,0.9957510787676723,1.3333333333333333,0,,105,109,73,76,142,146,-7.153538755513696,0.0,0.9999913647643082,True,2,small,0.5396369041183476
BraTS-GLI-02247-103,sustraccion,prediction_component,174,24,9984.0,2.4057715415427756e-05,6.545776006567085e-08,1.4142135623730951,1,8.774964387392123,0.16116459280507606,0.7903281549671363,1.5,0,,105,111,118,123,142,146,-7.184038860130413,0.0,0.9999160599912532,True,2,small,0.5396369041183476
BraTS-GLI-02247-103,sustraccion,prediction_component,178,12,6144.0,2.4917498197257264e-05,7.022006780482366e-08,1.4142135623730951,1,6.4031242374328485,0.2208630521496931,0.9957510787676723,1.3333333333333333,0,,106,109,66,70,130,134,-7.153538755513696,0.0,0.9999913647643082,True,2,small,0.5396369041183476
BraTS-GLI-02247-103,sustraccion,prediction_component,182,14,6144.0,2.9070414563466808e-05,9.557731451212109e-08,1.4142135623730951,1,6.928203230275509,0.20412414523193154,0.9458781407605124,1.0,0,,107,111,87,91,129,133,-7.019645176252469,0.0,0.9999902478773879,True,2,small,0.5396369041183476
BraTS-GLI-02247-103,sustraccion,prediction_component,183,12,6144.0,2.4917498197257264e-05,7.022006780482366e-08,1.4142135623730951,1,6.4031242374328485,0.2208630521496931,0.9957510787676723,1.3333333333333333,0,,107,111,90,93,144,148,-7.153538755513696,0.0,0.9999913647643082,True,2,small,0.5396369041183476
BraTS-GLI-02247-103,sustraccion,prediction_component,185,17,8448.0,2.1893644584863748e-05,5.421113507463137e-08,1.4142135623730951,1,7.54983443527075,0.1873171623163388,0.8866010210973454,1.25,0,,109,114,67,71,109,113,-7.265911499351242,0.0,0.9999581906727809,True,2,small,0.5396369041183476
BraTS-GLI-02247-103,sustraccion,prediction_component,188,14,7680.0,2.080109539136373e-05,4.8935585030206e-08,1.4142135623730951,1,7.54983443527075,0.1873171623163388,0.9458781407605124,1.25,0,,110,114,87,91,70,75,-7.310375215276639,0.0,0.9999616083947324,True,2,small,0.5396369041183476
BraTS-GLI-02247-103,sustraccion,prediction_component,189,12,5376.0,3.04433440619409e-05,1.0481829363285631e-07,1.4142135623730951,1,5.830951894845301,0.24253562503633297,0.9957510787676723,1.3333333333333333,0,,110,113,111,115,84,87,-6.979562914580636,0.0,0.9999970754453279,True,2,small,0.5396369041183476
BraTS-GLI-02247-103,sustraccion,prediction_component,190,12,5376.0,3.04433440619409e-05,1.0481829363285631e-07,1.4142135623730951,1,5.830951894845301,0.24253562503633297,0.9957510787676723,1.3333333333333333,0,,110,113,113,117,107,110,-6.979562914580636,0.0,0.9999970754453279,True,2,small,0.5396369041183476
BraTS-GLI-02247-103,sustraccion,prediction_component,193,14,6144.0,2.9070414563466808e-05,9.557731451212109e-08,1.4142135623730951,1,6.928203230275509,0.20412414523193154,0.9458781407605124,1.0,0,,111,115,94,98,96,100,-7.019645176252469,0.0,0.9999902478773879,True,2,small,0.5396369041183476
BraTS-GLI-02247-103,sustraccion,prediction_component,196,116,43008.0,1.3005711579533647e-05,1.9130248469017396e-08,1.4142135623730951,1,19.1049731745428,0.07402332101976053,0.46743928018075476,1.2,0,,111,122,173,185,67,77,-7.718279389197879,0.0,0.9866840622362864,True,2,small,0.5396369041183476
BraTS-GLI-02247-103,sustraccion,prediction_component,198,19,8448.0,2.446936747720066e-05,6.771702339772293e-08,1.4142135623730951,1,7.54983443527075,0.1873171623163388,0.8543319874271107,1.25,0,,112,116,82,87,138,142,-7.169302140202132,0.0,0.9999657761246885,True,2,small,0.5396369041183476
BraTS-GLI-02247-103,sustraccion,prediction_component,199,12,5376.0,3.04433440619409e-05,1.0481829363285631e-07,1.4142135623730951,1,5.830951894845301,0.24253562503633297,0.9957510787676723,1.3333333333333333,0,,112,115,88,92,107,110,-6.979562914580636,0.0,0.9999970754453279,True,2,small,0.5396369041183476
BraTS-GLI-02247-103,sustraccion,prediction_component,201,12,6144.0,2.4917498197257264e-05,7.022006780482366e-08,1.4142135623730951,1,6.4031242374328485,0.2208630521496931,0.9957510787676723,1.3333333333333333,0,,112,116,132,136,48,51,-7.153538755513696,0.0,0.9999913647643082,True,2,small,0.5396369041183476
BraTS-GLI-02247-103,sustraccion,prediction_component,202,12,6144.0,2.4917498197257264e-05,7.022006780482366e-08,1.4142135623730951,1,6.4031242374328485,0.2208630521496931,0.9957510787676723,1.3333333333333333,0,,113,117,43,47,109,112,-7.153538755513696,0.0,0.9999913647643082,True,2,small,0.5396369041183476
BraTS-GLI-02247-103,sustraccion,prediction_component,204,24,12288.0,1.7619331945484184e-05,3.511003390241183e-08,1.4142135623730951,1,10.246950765959598,0.13801311186847084,0.7903281549671363,2.0,0,,113,118,62,66,44,52,-7.4545687511776775,0.0,0.9996440182258781,True,2,small,0.5396369041183476
BraTS-GLI-02247-103,sustraccion,prediction_component,205,14,7680.0,2.080109539136373e-05,4.8935585030206e-08,1.4142135623730951,1,7.54983443527075,0.1873171623163388,0.9458781407605124,1.25,0,,113,118,94,98,149,153,-7.310375215276639,0.0,0.9999616083947324,True,2,small,0.5396369041183476
BraTS-GLI-02247-103,sustraccion,prediction_component,206,31,13824.0,1.9072652941110498e-05,4.1140975558869407e-08,1.4142135623730951,1,10.488088481701515,0.13483997249264842,0.7257003006213092,1.4,0,,113,118,104,110,33,40,-7.3857254142744875,0.0,0.9996084117332142,True,2,small,0.5396369041183476
BraTS-GLI-02247-103,sustraccion,prediction_component,207,175,46336.0,1.7545277375212323e-05,3.481551712733854e-08,2.23606797749979,1,19.1049731745428,0.11704114719613058,0.644419275595427,1.2,1,,113,125,108,118,34,45,-7.458227149709092,0.6931471805599453,0.998564652554682,True,2,small,0.5396369041183476
BraTS-GLI-02247-103,sustraccion,prediction_component,208,55,20736.0,1.8419388717421123e-05,3.837097192448605e-08,1.4142135623730951,1,13.674794331177344,0.10341753799900383,0.5994555302303142,1.8,0,,113,122,113,118,135,144,-7.4159972001215895,0.0,0.9985387676762315,True,2,small,0.5396369041183476
BraTS-GLI-02247-103,sustraccion,prediction_component,211,21,9984.0,2.1050500988499285e-05,5.011609755027925e-08,1.4142135623730951,1,9.273618495495704,0.15249857033260467,0.8263006657894747,1.2,0,,114,119,76,82,95,100,-7.300022754085787,0.0,0.9998687064033605,True,2,small,0.5396369041183476
BraTS-GLI-02247-103,sustraccion,prediction_component,216,21,10752.0,1.883585814966942e-05,4.012575303132781e-08,1.4142135623730951,1,9.0,0.15713484026367724,0.8263006657894747,1.75,0,,115,122,124,128,45,49,-7.396576804199991,0.0,0.9998357401906339,True,2,small,0.5396369041183476
BraTS-GLI-02247-103,sustraccion,prediction_component,217,12,5376.0,3.04433440619409e-05,1.0481829363285631e-07,1.4142135623730951,1,5.830951894845301,0.24253562503633297,0.9957510787676723,1.3333333333333333,0,,115,119,132,135,59,62,-6.979562914580636,0.0,0.9999970754453279,True,2,small,0.5396369041183476
BraTS-GLI-02247-103,sustraccion,prediction_component,218,17,8448.0,2.1893644584863748e-05,5.421113507463137e-08,1.4142135623730951,1,7.681145747868608,0.1841149235796647,0.8866010210973454,1.6666666666666667,0,,116,119,54,59,135,140,-7.265911499351242,0.0,0.9999550508595741,True,2,small,0.5396369041183476
BraTS-GLI-02247-103,sustraccion,prediction_component,219,12,6144.0,2.4917498197257264e-05,7.022006780482366e-08,1.4142135623730951,1,6.4031242374328485,0.2208630521496931,0.9957510787676723,1.3333333333333333,0,,116,120,77,80,39,43,-7.153538755513696,0.0,0.9999913647643082,True,2,small,0.5396369041183476
BraTS-GLI-02247-103,sustraccion,prediction_component,220,42,16896.0,1.912376679810301e-05,4.1361782989467884e-08,1.4142135623730951,1,12.041594578792296,0.1174440439029407,0.6558352730581178,3.3333333333333335,0,,116,122,106,109,46,56,-7.383400748303933,0.0,0.9992392231253371,True,2,small,0.5396369041183476
BraTS-GLI-02247-103,sustraccion,prediction_component,221,286,89344.0,1.0709469164524627e-05,1.2971442143359968e-08,1.7320508075688772,1,27.51363298439521,0.06295245737090543,0.42377449929830346,1.5,0,,116,133,107,119,119,137,-7.887011737093581,0.0,0.9646304379960714,True,2,small,0.5396369041183476
BraTS-GLI-02247-103,sustraccion,prediction_component,226,14,6144.0,2.9070414563466808e-05,9.557731451212109e-08,1.4142135623730951,1,6.928203230275509,0.20412414523193154,0.9458781407605124,1.0,0,,118,122,62,66,79,83,-7.019645176252469,0.0,0.9999902478773879,True,2,small,0.5396369041183476
BraTS-GLI-02247-103,sustraccion,prediction_component,228,34,13056.0,2.279101699264339e-05,5.874620051645378e-08,1.4142135623730951,1,9.486832980505138,0.14907119849998599,0.7036956967830031,1.75,0,,118,125,94,99,147,151,-7.231020216683427,0.0,0.9998169962713022,True,2,small,0.5396369041183476
BraTS-GLI-02247-103,sustraccion,prediction_component,230,17,7680.0,2.5258472975227388e-05,7.215502078433436e-08,1.4142135623730951,1,7.0710678118654755,0.2,0.8866010210973454,1.6666666666666667,0,,118,121,181,185,80,85,-7.141733443876567,0.0,0.9999794400432893,True,2,small,0.5396369041183476
BraTS-GLI-02247-103,sustraccion,prediction_component,232,12,5376.0,3.04433440619409e-05,1.0481829363285631e-07,1.4142135623730951,1,5.830951894845301,0.24253562503633297,0.9957510787676723,1.3333333333333333,0,,119,122,79,83,96,99,-6.979562914580636,0.0,0.9999970754453279,True,2,small,0.5396369041183476
BraTS-GLI-02247-103,sustraccion,prediction_component,233,47,21504.0,1.4904553863658565e-05,2.5124089695635806e-08,1.4142135623730951,1,16.0312195418814,0.08821621827824618,0.6317015099045129,1.7142857142857142,0,,119,126,111,119,48,60,-7.5999096647883375,0.0,0.9966169056029806,True,2,small,0.5396369041183476
BraTS-GLI-02247-103,sustraccion,prediction_component,237,17,8448.0,2.1893644584863748e-05,5.421113507463137e-08,1.4142135623730951,1,7.681145747868608,0.1841149235796647,0.8866010210973454,1.6666666666666667,0,,120,125,63,68,124,127,-7.265911499351242,0.0,0.9999550508595741,True,2,small,0.5396369041183476
BraTS-GLI-02247-103,sustraccion,prediction_component,238,34,13568.0,2.1513207428579317e-05,5.2343493250858835e-08,1.4142135623730951,1,10.488088481701515,0.13483997249264842,0.7036956967830031,1.4,0,,120,125,65,72,100,106,-7.281137297191984,0.0,0.9997005559158821,True,2,small,0.5396369041183476
BraTS-GLI-02247-103,sustraccion,prediction_component,239,36,13824.0,2.21488872864509e-05,5.548252270998412e-08,1.4142135623730951,1,11.180339887498949,0.12649110640673517,0.6904152369103725,1.6,0,,120,125,70,78,73,79,-7.255843800408458,0.0,0.9996501303423111,True,2,small,0.5396369041183476
BraTS-GLI-02247-103,sustraccion,prediction_component,241,12,6144.0,2.4917498197257264e-05,7.022006780482366e-08,1.4142135623730951,1,6.4031242374328485,0.2208630521496931,0.9957510787676723,1.3333333333333333,0,,120,123,100,104,125,129,-7.153538755513696,0.0,0.9999913647643082,True,2,small,0.5396369041183476
BraTS-GLI-02247-103,sustraccion,prediction_component,242,19,9216.0,2.147533275462963e-05,5.2159350776834036e-08,1.4142135623730951,1,8.12403840463596,0.17407765595569785,0.8543319874271107,1.25,0,,120,124,106,111,100,105,-7.282667822870332,0.0,0.9999320723195837,True,2,small,0.5396369041183476
BraTS-GLI-02247-103,sustraccion,prediction_component,245,12,5376.0,3.04433440619409e-05,1.0481829363285631e-07,1.4142135623730951,1,5.830951894845301,0.24253562503633297,0.9957510787676723,1.3333333333333333,0,,120,124,132,135,119,122,-6.979562914580636,0.0,0.9999970754453279,True,2,small,0.5396369041183476
BraTS-GLI-02247-103,sustraccion,prediction_component,246,29,13824.0,1.7842159202974337e-05,3.6003704937574576e-08,1.4142135623730951,1,10.488088481701515,0.13483997249264842,0.742013605090188,1.4,0,,121,127,49,54,126,133,-7.443652806145121,0.0,0.9995531061637616,True,2,small,0.5396369041183476
BraTS-GLI-02247-103,sustraccion,prediction_component,247,65,25088.0,1.6357400798163886e-05,3.026083891664663e-08,1.4142135623730951,1,16.822603841260722,0.08406627034183972,0.5669874099064106,1.2222222222222223,0,,121,130,59,70,44,53,-7.519119036265901,0.0,0.9963467223487599,True,2,small,0.5396369041183476
BraTS-GLI-02247-103,sustraccion,prediction_component,252,19,8448.0,2.446936747720066e-05,6.771702339772293e-08,1.4142135623730951,1,8.12403840463596,0.17407765595569785,0.8543319874271107,1.25,0,,121,126,124,128,68,73,-7.169302140202132,0.0,0.9999538309650138,True,2,small,0.5396369041183476
BraTS-GLI-02247-103,sustraccion,prediction_component,253,12,5376.0,3.04433440619409e-05,1.0481829363285631e-07,1.4142135623730951,1,5.830951894845301,0.24253562503633297,0.9957510787676723,1.3333333333333333,0,,121,124,132,136,114,117,-6.979562914580636,0.0,0.9999970754453279,True,2,small,0.5396369041183476
BraTS-GLI-02247-103,sustraccion,prediction_component,254,535,158976.0,8.440271828358595e-06,8.056849311416737e-09,1.7320508075688772,1,47.30750469005948,0.03661260129691062,0.34393172383530946,1.5909090909090908,0,,121,143,126,149,45,80,-8.093834758961412,0.0,0.8438122421895564,True,2,small,0.5396369041183476
BraTS-GLI-02247-103,sustraccion,prediction_component,255,27,11008.0,2.3377665101405374e-05,6.180941584077854e-08,1.4142135623730951,1,8.774964387392123,0.16116459280507606,0.7599002946021327,1.5,0,,122,128,58,62,75,80,-7.208945360894912,0.0,0.9998968231794423,True,2,small,0.5396369041183476
BraTS-GLI-02247-103,sustraccion,prediction_component,256,14,6144.0,2.9070414563466808e-05,9.557731451212109e-08,1.4142135623730951,1,6.928203230275509,0.20412414523193154,0.9458781407605124,1.0,0,,122,126,74,78,137,141,-7.019645176252469,0.0,0.9999902478773879,True,2,small,0.5396369041183476
BraTS-GLI-02247-103,sustraccion,prediction_component,258,73,27904.0,1.566113254845722e-05,2.7739504804805843e-08,1.4142135623730951,1,17.204650534085253,0.08219949365267865,0.5454692181434626,2.3333333333333335,0,,122,136,100,106,53,61,-7.556901296055087,0.0,0.9952818962047306,True,2,small,0.5396369041183476
BraTS-GLI-02247-103,sustraccion,prediction_component,260,19,8448.0,2.446936747720066e-05,6.771702339772293e-08,1.4142135623730951,1,8.12403840463596,0.17407765595569785,0.8543319874271107,1.25,0,,122,127,139,143,133,138,-7.169302140202132,0.0,0.9999538309650138,True,2,small,0.5396369041183476
BraTS-GLI-02247-103,sustraccion,prediction_component,264,72,24576.0,1.8688123647942946e-05,3.949878814021331e-08,1.4142135623730951,1,14.071247279470288,0.10050378152592122,0.5479829366831995,1.5,0,,123,132,119,128,124,130,-7.403416228730296,0.0,0.9981641406331555,True,2,small,0.5396369041183476
BraTS-GLI-02247-103,sustraccion,prediction_component,265,14,6144.0,2.9070414563466808e-05,9.557731451212109e-08,1.4142135623730951,1,6.928203230275509,0.20412414523193154,0.9458781407605124,1.0,0,,123,127,132,136,61,65,-7.019645176252469,0.0,0.9999902478773879,True,2,small,0.5396369041183476
BraTS-GLI-02247-103,sustraccion,prediction_component,270,14,6144.0,2.9070414563466808e-05,9.557731451212109e-08,1.4142135623730951,1,6.928203230275509,0.20412414523193154,0.9458781407605124,1.0,0,,124,128,84,88,127,131,-7.019645176252469,0.0,0.9999902478773879,True,2,small,0.5396369041183476
BraTS-GLI-02247-103,sustraccion,prediction_component,272,45,16640.0,2.0964404509143556e-05,4.97069865498688e-08,1.4142135623730951,1,11.916375287812984,0.11867816581938534,0.6409247308398612,1.8,0,,124,130,90,95,130,139,-7.3035825648520065,0.0,0.9994015995895287,True,2,small,0.5396369041183476
BraTS-GLI-02247-103,sustraccion,prediction_component,275,12,6144.0,2.4917498197257264e-05,7.022006780482366e-08,1.4142135623730951,1,6.4031242374328485,0.2208630521496931,0.9957510787676723,1.3333333333333333,0,,124,128,133,136,116,120,-7.153538755513696,0.0,0.9999913647643082,True,2,small,0.5396369041183476
BraTS-GLI-02247-103,sustraccion,prediction_component,278,24,9216.0,2.712673611111111e-05,8.322378406497619e-08,1.4142135623730951,1,8.246211251235321,0.17149858514250885,0.7903281549671363,1.5,0,,126,132,60,64,125,129,-7.079752541352778,0.0,0.999953417821652,True,2,small,0.5396369041183476
BraTS-GLI-02247-103,sustraccion,prediction_component,280,17,8448.0,2.1893644584863748e-05,5.421113507463137e-08,1.4142135623730951,1,7.681145747868608,0.1841149235796647,0.8866010210973454,1.6666666666666667,0,,126,131,142,145,128,133,-7.265911499351242,0.0,0.9999550508595741,True,2,small,0.5396369041183476
BraTS-GLI-02247-103,sustraccion,prediction_component,281,19,8448.0,2.446936747720066e-05,6.771702339772293e-08,1.4142135623730951,1,8.12403840463596,0.17407765595569785,0.8543319874271107,1.25,0,,126,131,166,171,103,107,-7.169302140202132,0.0,0.9999538309650138,True,2,small,0.5396369041183476
BraTS-GLI-02247-103,sustraccion,prediction_component,282,19,9216.0,2.147533275462963e-05,5.2159350776834036e-08,1.4142135623730951,1,9.0,0.15713484026367724,0.8543319874271107,1.75,0,,127,134,44,48,110,114,-7.282667822870332,0.0,0.9999003607471785,True,2,small,0.5396369041183476
BraTS-GLI-02247-103,sustraccion,prediction_component,283,24,10752.0,2.1526695028193625e-05,5.2409146816428155e-08,1.4142135623730951,1,9.0,0.15713484026367724,0.7903281549671363,1.75,0,,127,134,50,54,74,78,-7.280592910244617,0.0,0.9998722496410823,True,2,small,0.5396369041183476
BraTS-GLI-02247-103,sustraccion,prediction_component,285,98,34816.0,1.508543247354473e-05,2.573759151221987e-08,1.4142135623730951,1,21.354156504062622,0.06622661785325219,0.49446532592440784,1.75,0,,127,141,61,75,76,84,-7.589432096199791,0.0,0.990768880704938,True,2,small,0.5396369041183476
BraTS-GLI-02247-103,sustraccion,prediction_component,286,24,9216.0,2.712673611111111e-05,8.322378406497619e-08,1.4142135623730951,1,8.12403840463596,0.17407765595569785,0.7903281549671363,1.25,0,,127,132,69,74,140,144,-7.079752541352778,0.0,0.9999560568108633,True,2,small,0.5396369041183476
BraTS-GLI-02247-103,sustraccion,prediction_component,287,16,6656.0,2.9464563572443515e-05,9.818664009850627e-08,1.4142135623730951,1,6.4031242374328485,0.2208630521496931,0.9046998952817776,1.3333333333333333,0,,127,131,76,80,37,40,-7.007947601074732,0.0,0.9999924347460525,True,2,small,0.5396369041183476
BraTS-GLI-02247-103,sustraccion,prediction_component,288,12,6144.0,2.4917498197257264e-05,7.022006780482366e-08,1.4142135623730951,1,6.4031242374328485,0.2208630521496931,0.9957510787676723,1.3333333333333333,0,,127,131,88,92,43,46,-7.153538755513696,0.0,0.9999913647643082,True,2,small,0.5396369041183476
BraTS-GLI-02247-103,sustraccion,prediction_component,290,53,19200.0,1.992159131969412e-05,4.488491701219548e-08,1.4142135623730951,1,12.328828005937952,0.1147078669352809,0.6069029442833568,2.5,0,,127,137,96,100,73,79,-7.347899573447649,0.0,0.9991281626165571,True,2,small,0.5396369041183476
BraTS-GLI-02247-103,sustraccion,prediction_component,292,14,7680.0,2.080109539136373e-05,4.8935585030206e-08,1.4142135623730951,1,8.246211251235321,0.17149858514250885,0.9458781407605124,1.5,0,,127,133,137,141,114,118,-7.310375215276639,0.0,0.999945098366169,True,2,small,0.5396369041183476
BraTS-GLI-02247-103,sustraccion,prediction_component,294,29,13056.0,1.943939684666642e-05,4.27383690608457e-08,1.4142135623730951,1,10.04987562112089,0.1407195089460584,0.742013605090188,1.75,0,,128,135,109,115,59,63,-7.369182054970024,0.0,0.9996963620675549,True,2,small,0.5396369041183476
BraTS-GLI-02247-103,sustraccion,prediction_component,296,50,20224.0,1.73847888172163e-05,3.418150749364184e-08,1.4142135623730951,1,14.317821063276353,0.09877295966495897,0.6188060239571066,2.4,0,,129,141,87,92,56,62,-7.4662087876734144,0.0,0.9982179854542934,True,2,small,0.5396369041183476
BraTS-GLI-02247-103,sustraccion,prediction_component,297,34,12032.0,2.5761561413981543e-05,7.505795676014091e-08,1.4142135623730951,1,9.273618495495704,0.15249857033260467,0.7036956967830031,1.2,0,,129,135,119,124,42,47,-7.12460326219677,0.0,0.9998821304485855,True,2,small,0.5396369041183476
BraTS-GLI-02247-103,sustraccion,prediction_component,298,12,6144.0,2.4917498197257264e-05,7.022006780482366e-08,1.4142135623730951,1,6.4031242374328485,0.2208630521496931,0.9957510787676723,1.3333333333333333,0,,129,133,128,131,133,137,-7.153538755513696,0.0,0.9999913647643082,True,2,small,0.5396369041183476
BraTS-GLI-02247-103,sustraccion,prediction_component,301,12,6144.0,2.4917498197257264e-05,7.022006780482366e-08,1.4142135623730951,1,6.4031242374328485,0.2208630521496931,0.9957510787676723,1.3333333333333333,0,,130,134,61,65,75,78,-7.153538755513696,0.0,0.9999913647643082,True,2,small,0.5396369041183476
BraTS-GLI-02247-103,sustraccion,prediction_component,302,19,9216.0,2.147533275462963e-05,5.2159350776834036e-08,1.4142135623730951,1,8.774964387392123,0.16116459280507606,0.8543319874271107,1.5,0,,130,136,78,82,116,121,-7.282667822870332,0.0,0.9999090385149569,True,2,small,0.5396369041183476
BraTS-GLI-02247-103,sustraccion,prediction_component,304,31,11520.0,2.5071653393552328e-05,7.109160576572633e-08,1.4142135623730951,1,8.660254037844387,0.1632993161855452,0.7257003006213092,1.0,0,,130,135,123,128,63,68,-7.148181676131613,0.0,0.9999083671193784,True,2,small,0.5396369041183476
BraTS-GLI-02247-103,sustraccion,prediction_component,305,14,7680.0,2.080109539136373e-05,4.8935585030206e-08,1.4142135623730951,1,7.54983443527075,0.1873171623163388,0.9458781407605124,1.25,0,,130,135,126,130,116,120,-7.310375215276639,0.0,0.9999616083947324,True,2,small,0.5396369041183476
BraTS-GLI-02247-103,sustraccion,prediction_component,306,66,28928.0,1.3414247725671803e-05,2.03509655050568e-08,1.4142135623730951,1,16.492422502470642,0.08574929257125442,0.5641092516587063,1.5,0,,131,139,91,99,44,56,-7.69141498184065,0.0,0.9936197429503872,True,2,small,0.5396369041183476
BraTS-GLI-02247-103,sustraccion,prediction_component,307,41,19456.0,1.5107879781129588e-05,2.5814244200300753e-08,1.4142135623730951,1,15.165750888103101,0.09325048082403138,0.6611244956113513,1.4285714285714286,0,,131,141,114,123,131,138,-7.5881405858770306,0.0,0.9974190625540278,True,2,small,0.5396369041183476
BraTS-GLI-02247-103,sustraccion,prediction_component,310,47,16896.0,2.140040570263908e-05,5.1796019627967435e-08,1.4142135623730951,1,10.677078252031311,0.13245323570650439,0.6317015099045129,1.6,0,,131,136,154,159,73,81,-7.285703613228299,0.0,0.9995721141421419,True,2,small,0.5396369041183476
BraTS-GLI-02247-103,sustraccion,prediction_component,313,12,5376.0,3.04433440619409e-05,1.0481829363285631e-07,1.4142135623730951,1,5.830951894845301,0.24253562503633297,0.9957510787676723,1.3333333333333333,0,,133,136,59,63,96,99,-6.979562914580636,0.0,0.9999970754453279,True,2,small,0.5396369041183476
BraTS-GLI-02247-103,sustraccion,prediction_component,314,122,44544.0,1.2977050965986752e-05,1.9046026928478602e-08,1.7320508075688772,1,24.919871588754223,0.06950480468569159,0.5629505143055531,1.2307692307692308,0,,133,149,72,86,40,53,-7.72019560597243,0.0,0.9898304031801726,True,2,small,0.5396369041183476
BraTS-GLI-02247-103,sustraccion,prediction_component,315,12,6144.0,2.4917498197257264e-05,7.022006780482366e-08,1.4142135623730951,1,6.4031242374328485,0.2208630521496931,0.9957510787676723,1.3333333333333333,0,,133,136,74,78,48,52,-7.153538755513696,0.0,0.9999913647643082,True,2,small,0.5396369041183476
BraTS-GLI-02247-103,sustraccion,prediction_component,317,12,5376.0,3.04433440619409e-05,1.0481829363285631e-07,1.4142135623730951,1,5.830951894845301,0.24253562503633297,0.9957510787676723,1.3333333333333333,0,,133,137,91,94,133,136,-6.979562914580636,0.0,0.9999970754453279,True,2,small,0.5396369041183476
BraTS-GLI-02247-103,sustraccion,prediction_component,318,13,6912.0,2.2622352127535248e-05,5.7879915666588376e-08,1.4142135623730951,1,6.557438524302,0.21566554640687685,0.9695348330084831,1.6666666666666667,0,,133,136,94,99,121,124,-7.237472110337416,0.0,0.99998564663055,True,2,small,0.5396369041183476
BraTS-GLI-02247-103,sustraccion,prediction_component,319,26,10752.0,2.3320586280543092e-05,6.150795702761359e-08,1.4142135623730951,1,8.246211251235321,0.17149858514250885,0.7695203069187393,1.5,0,,133,139,104,108,116,120,-7.211068697726193,0.0,0.9999208307418472,True,2,small,0.5396369041183476
BraTS-GLI-02247-103,sustraccion,prediction_component,320,12,6144.0,2.4917498197257264e-05,7.022006780482366e-08,1.4142135623730951,1,6.4031242374328485,0.2208630521496931,0.9957510787676723,1.3333333333333333,0,,134,138,47,51,112,115,-7.153538755513696,0.0,0.9999913647643082,True,2,small,0.5396369041183476
BraTS-GLI-02247-103,sustraccion,prediction_component,321,21,8960.0,2.476037855649951e-05,6.933730123813445e-08,1.4142135623730951,1,7.681145747868608,0.1841149235796647,0.8263006657894747,1.6666666666666667,0,,134,139,50,53,116,121,-7.159033066057116,0.0,0.9999602621136316,True,2,small,0.5396369041183476
BraTS-GLI-02247-103,sustraccion,prediction_component,325,12,6144.0,2.4917498197257264e-05,7.022006780482366e-08,1.4142135623730951,1,6.4031242374328485,0.2208630521496931,0.9957510787676723,1.3333333333333333,0,,134,137,112,116,54,58,-7.153538755513696,0.0,0.9999913647643082,True,2,small,0.5396369041183476
BraTS-GLI-02247-103,sustraccion,prediction_component,326,37,15872.0,1.85035152273148e-05,3.87222743075977e-08,1.4142135623730951,1,10.488088481701515,0.13483997249264842,0.6841383873286643,1.4,0,,134,139,125,131,125,132,-7.4120391428348995,0.0,0.9994944138446774,True,2,small,0.5396369041183476
BraTS-GLI-02247-103,sustraccion,prediction_component,329,24,11008.0,2.078014675680478e-05,4.883706930629415e-08,1.4142135623730951,1,9.848857801796104,0.14359163172354764,0.7903281549671363,1.2,0,,136,142,79,85,41,46,-7.311250405789675,0.0,0.9998073823627612,True,2,small,0.5396369041183476
BraTS-GLI-02247-103,sustraccion,prediction_component,330,20,8192.0,2.6973983046972178e-05,8.228914195877773e-08,1.4142135623730951,1,6.928203230275509,0.20412414523193154,0.8398489863421099,1.0,0,,136,140,81,85,138,142,-7.084657466105883,0.0,0.9999814144469721,True,2,small,0.5396369041183476
BraTS-GLI-02247-103,sustraccion,prediction_component,331,89,32000.0,1.5547660156053224e-05,2.7338989096894866e-08,1.4142135623730951,1,17.69180601295413,0.07993607669774316,0.5106004564652381,2.3333333333333335,0,,136,150,86,92,60,69,-7.563217548208471,0.0,0.9941744587975294,True,2,small,0.5396369041183476
BraTS-GLI-02247-103,sustraccion,prediction_component,332,14,7680.0,2.080109539136373e-05,4.8935585030206e-08,1.4142135623730951,1,7.810249675906654,0.1810714920850371,0.9458781407605124,2.0,0,,136,142,98,101,69,73,-7.310375215276639,0.0,0.9999557846335957,True,2,small,0.5396369041183476
BraTS-GLI-02247-103,sustraccion,prediction_component,333,24,10752.0,2.1526695028193625e-05,5.2409146816428155e-08,1.4142135623730951,1,9.486832980505138,0.14907119849998599,0.7903281549671363,1.75,0,,137,144,107,112,63,67,-7.280592910244617,0.0,0.9998466989829536,True,2,small,0.5396369041183476
BraTS-GLI-02247-103,sustraccion,prediction_component,334,48,16384.0,2.288818359375e-05,5.924818221031996e-08,1.4142135623730951,1,10.770329614269007,0.13130643285972257,0.6272838722974592,2.0,0,,138,146,95,99,111,117,-7.227324969674615,0.0,0.9996336312009485,True,2,small,0.5396369041183476
BraTS-GLI-02247-103,sustraccion,prediction_component,335,40,16384.0,1.9073486328125e-05,4.1144570979388864e-08,1.4142135623730951,1,11.445523142259598,0.1235604126430431,0.6665885822069456,1.8,0,,138,143,114,119,57,66,-7.385687461769864,0.0,0.9993603067996586,True,2,small,0.5396369041183476
BraTS-GLI-02247-103,sustraccion,prediction_component,338,19,7680.0,2.8230058031136492e-05,9.013135814236922e-08,1.4142135623730951,1,7.54983443527075,0.1873171623163388,0.8543319874271107,1.25,0,,139,144,95,99,119,123,-7.0451240847274565,0.0,0.9999775800939197,True,2,small,0.5396369041183476
BraTS-GLI-02247-103,sustraccion,prediction_component,339,60,22272.0,1.8051463746595416e-05,3.6853371105897854e-08,1.4142135623730951,1,13.92838827718412,0.10153461651336192,0.5823187634322541,1.2857142857142858,0,,140,148,91,100,79,86,-7.433522779562696,0.0,0.998267221412322,True,2,small,0.5396369041183476
BraTS-GLI-02247-103,sustraccion,prediction_component,345,51,18688.0,1.996300602994789e-05,4.5071732213741944e-08,1.4142135623730951,1,13.152946437965905,0.10752066611409408,0.6147348138286294,2.75,0,,141,152,79,85,54,58,-7.3460957506396225,0.0,0.9990120869346228,True,2,small,0.5396369041183476
BraTS-GLI-02247-103,sustraccion,prediction_component,347,17,8448.0,2.1893644584863748e-05,5.421113507463137e-08,1.4142135623730951,1,7.681145747868608,0.1841149235796647,0.8866010210973454,1.6666666666666667,0,,141,146,113,116,126,131,-7.265911499351242,0.0,0.9999550508595741,True,2,small,0.5396369041183476
BraTS-GLI-02247-103,sustraccion,prediction_component,349,17,7168.0,2.8012503667152895e-05,8.874752009735003e-08,1.4142135623730951,1,6.928203230275509,0.20412414523193154,0.8866010210973454,1.0,0,,142,146,60,64,103,107,-7.051843773744237,0.0,0.9999862106188884,True,2,small,0.5396369041183476
BraTS-GLI-02247-103,sustraccion,prediction_component,351,31,12544.0,2.2065187682215743e-05,5.5063983335190367e-08,1.4142135623730951,1,10.488088481701515,0.13483997249264842,0.7257003006213092,1.4,0,,142,148,117,122,55,62,-7.259132374891124,0.0,0.9997455419702946,True,2,small,0.5396369041183476
BraTS-GLI-02247-103,sustraccion,prediction_component,354,12,5376.0,3.04433440619409e-05,1.0481829363285631e-07,1.4142135623730951,1,5.830951894845301,0.24253562503633297,0.9957510787676723,1.3333333333333333,0,,143,147,88,91,89,92,-6.979562914580636,0.0,0.9999970754453279,True,2,small,0.5396369041183476
BraTS-GLI-02247-103,sustraccion,prediction_component,358,20,7936.0,2.8289645606535866e-05,9.051225550351545e-08,1.4142135623730951,1,7.0710678118654755,0.2,0.8398489863421099,1.6666666666666667,0,,144,149,64,68,97,100,-7.043292612648983,0.0,0.9999822790394012,True,2,small,0.5396369041183476
BraTS-GLI-02247-103,sustraccion,prediction_component,363,28,13824.0,1.7226912333906255e-05,3.356350139245953e-08,1.4142135623730951,1,11.180339887498949,0.12649110640673517,0.7507439778384809,1.6,0,,146,152,112,117,117,125,-7.474132739258595,0.0,0.9994217844013403,True,2,small,0.5396369041183476
BraTS-GLI-02247-103,sustraccion,prediction_component,364,12,5376.0,3.04433440619409e-05,1.0481829363285631e-07,1.4142135623730951,1,5.830951894845301,0.24253562503633297,0.9957510787676723,1.3333333333333333,0,,147,151,113,116,75,78,-6.979562914580636,0.0,0.9999970754453279,True,2,small,0.5396369041183476
BraTS-GLI-02247-103,sustraccion,prediction_component,365,89,33280.0,1.4659360674264873e-05,2.430426175688338e-08,1.4142135623730951,1,20.149441679609886,0.07018624063435965,0.5106004564652381,2.8333333333333335,0,,148,157,114,120,63,80,-7.614317566104813,0.0,0.9913808901498735,True,2,small,0.5396369041183476
BraTS-GLI-02247-103,sustraccion,prediction_component,368,33,16128.0,1.6111766815094476e-05,2.9358827614758364e-08,1.4142135623730951,1,12.68857754044952,0.11145564251507058,0.7107331206052484,2.0,0,,150,156,120,130,83,88,-7.532261291079098,0.0,0.9988388429494842,True,2,small,0.5396369041183476
BraTS-GLI-02247-103,gmm_2d,prediction_component,1,154,43008.0,1.7266203303863636e-05,3.371677858882406e-08,2.23606797749979,1,16.24807680927192,0.13762047064079508,0.6724721427256285,1.25,1,,33,41,74,84,116,126,-7.47215392597879,0.6931471805599453,0.999154630240187,True,2,small,0.5396369041183476
BraTS-GLI-02247-103,gmm_2d,prediction_component,2,89,28928.0,1.8088909811890763e-05,3.7006427402560813e-08,1.7320508075688772,1,14.730919862656235,0.11757927025044307,0.6253552903860047,1.6666666666666667,0,,33,43,81,90,100,106,-7.431722839634562,0.0,0.9989903464859015,True,2,small,0.5396369041183476
BraTS-GLI-02247-103,gmm_2d,prediction_component,3,25,9984.0,2.5060120224403912e-05,7.102621534903521e-08,1.7320508075688772,1,8.660254037844387,0.19999999999999996,0.9548683406603533,1.0,0,,35,40,78,83,62,67,-7.14858132620955,0.0,0.9999839769140652,True,2,small,0.5396369041183476
BraTS-GLI-02247-103,gmm_2d,prediction_component,4,625,169984.0,8.918009903992031e-06,8.994732955494981e-09,2.23606797749979,1,36.05551275463989,0.062017367294604234,0.4215876364072675,1.3333333333333333,2,,36,54,70,94,90,110,-8.046011725890029,1.0986122886681098,0.9018413802609727,True,2,small,0.5396369041183476
BraTS-GLI-02247-103,gmm_2d,prediction_component,5,119,33024.0,1.9829074660237485e-05,4.4468990383644e-08,2.23606797749979,1,15.297058540778355,0.14617633655117154,0.7328226513708848,1.5714285714285714,1,,36,43,77,85,50,61,-7.351942730586813,0.6931471805599453,0.9996363204616131,True,2,small,0.5396369041183476
BraTS-GLI-02247-103,gmm_2d,prediction_component,6,63047,10034176.0,1.983544073096916e-06,4.4497548265045773e-10,5.656854249492381,4,244.5669642449691,0.02313008327578628,0.2291129920254979,1.4621848739495797,114,,38,162,27,201,27,146,-9.351663917205467,4.74493212836325,0.0037131844104788822,False,2,small,0.5396369041183476
BraTS-GLI-02247-103,gmm_2d,prediction_component,7,103,30720.0,1.912957879741486e-05,4.138692774118746e-08,1.7320508075688772,1,14.52583904633395,0.11923929502757463,0.5956316346630701,1.2857142857142858,0,,39,48,77,84,131,140,-7.383136811206658,0.0,0.9990719214105171,True,2,small,0.5396369041183476
BraTS-GLI-02247-103,gmm_2d,prediction_component,8,25,9984.0,2.5060120224403912e-05,7.102621534903521e-08,1.7320508075688772,1,8.660254037844387,0.19999999999999996,0.9548683406603533,1.0,0,,41,46,115,120,128,133,-7.14858132620955,0.0,0.9999839769140652,True,2,small,0.5396369041183476
BraTS-GLI-02247-103,gmm_2d,prediction_component,9,25,9984.0,2.5060120224403912e-05,7.102621534903521e-08,1.7320508075688772,1,8.660254037844387,0.19999999999999996,0.9548683406603533,1.0,0,,42,47,112,117,55,60,-7.14858132620955,0.0,0.9999839769140652,True,2,small,0.5396369041183476
BraTS-GLI-02247-103,gmm_2d,prediction_component,10,25,9984.0,2.5060120224403912e-05,7.102621534903521e-08,1.7320508075688772,1,8.660254037844387,0.19999999999999996,0.9548683406603533,1.0,0,,43,48,44,49,110,115,-7.14858132620955,0.0,0.9999839769140652,True,2,small,0.5396369041183476
BraTS-GLI-02247-103,gmm_2d,prediction_component,11,224,51200.0,1.9334951048069658e-05,4.2280345466097984e-08,2.23606797749979,1,20.248456731316587,0.11043152607484655,0.5935152274061434,1.875,1,,43,51,78,93,73,84,-7.373861472797746,0.6931471805599453,0.998467797939083,True,2,small,0.5396369041183476
BraTS-GLI-02247-103,gmm_2d,prediction_component,12,25,9984.0,2.5060120224403912e-05,7.102621534903521e-08,1.7320508075688772,1,8.660254037844387,0.19999999999999996,0.9548683406603533,1.0,0,,44,49,131,136,103,108,-7.14858132620955,0.0,0.9999839769140652,True,2,small,0.5396369041183476
BraTS-GLI-02247-103,gmm_2d,prediction_component,13,25,9984.0,2.5060120224403912e-05,7.102621534903521e-08,1.7320508075688772,1,8.660254037844387,0.19999999999999996,0.9548683406603533,1.0,0,,45,50,56,61,97,102,-7.14858132620955,0.0,0.9999839769140652,True,2,small,0.5396369041183476
BraTS-GLI-02247-103,gmm_2d,prediction_component,14,25,9984.0,2.5060120224403912e-05,7.102621534903521e-08,1.7320508075688772,1,8.660254037844387,0.19999999999999996,0.9548683406603533,1.0,0,,45,50,112,117,131,136,-7.14858132620955,0.0,0.9999839769140652,True,2,small,0.5396369041183476
BraTS-GLI-02247-103,gmm_2d,prediction_component,15,143,42496.0,1.6323525328267014e-05,3.0135630922861256e-08,1.7320508075688772,1,20.97617696340303,0.08257228238447704,0.5339224120745927,1.4,0,,46,60,36,46,100,112,-7.5209197116641695,0.0,0.9956641717524451,True,2,small,0.5396369041183476
BraTS-GLI-02247-103,gmm_2d,prediction_component,16,227,65024.0,1.3690374685343296e-05,2.1197421813682844e-08,1.7320508075688772,1,28.053520278211074,0.061740943396474415,0.45770066637957973,1.9090909090909092,0,,46,57,78,99,59,74,-7.673716957947696,0.0,0.9843349392464856,True,2,small,0.5396369041183476
BraTS-GLI-02247-103,gmm_2d,prediction_component,17,25,9984.0,2.5060120224403912e-05,7.102621534903521e-08,1.7320508075688772,1,8.660254037844387,0.19999999999999996,0.9548683406603533,1.0,0,,48,53,76,81,87,92,-7.14858132620955,0.0,0.9999839769140652,True,2,small,0.5396369041183476
BraTS-GLI-02247-103,gmm_2d,prediction_component,18,3748,718592.0,6.152845575802467e-06,4.2815833614456976e-09,3.0,1,121.79490958164057,0.024631571305441666,0.3113275809024168,1.7884615384615385,13,,48,107,63,156,105,157,-8.368395595945964,2.6390573296152584,0.29103116810293744,False,2,small,0.5396369041183476
BraTS-GLI-02247-103,gmm_2d,prediction_component,19,181,41728.0,2.1234264380005674e-05,5.0994908169414535e-08,2.23606797749979,1,16.73320053068151,0.1336306209562122,0.6372184575140808,2.0,1,,48,60,180,190,89,95,-7.292473185947632,0.6931471805599453,0.9994223201013751,True,2,small,0.5396369041183476
BraTS-GLI-02247-103,gmm_2d,prediction_component,20,56,17152.0,2.4929632418788963e-05,7.02884754210092e-08,1.7320508075688772,1,11.0,0.15745916432444337,0.7297836929246639,1.1666666666666667,0,,49,55,140,147,133,139,-7.153115876564206,0.0,0.999895378896651,True,2,small,0.5396369041183476
BraTS-GLI-02247-103,gmm_2d,prediction_component,21,25,9984.0,2.5060120224403912e-05,7.102621534903521e-08,1.7320508075688772,1,8.660254037844387,0.19999999999999996,0.9548683406603533,1.0,0,,49,54,159,164,95,100,-7.14858132620955,0.0,0.9999839769140652,True,2,small,0.5396369041183476
BraTS-GLI-02247-103,gmm_2d,prediction_component,22,25,9984.0,2.5060120224403912e-05,7.102621534903521e-08,1.7320508075688772,1,8.660254037844387,0.19999999999999996,0.9548683406603533,1.0,0,,49,54,167,172,83,88,-7.14858132620955,0.0,0.9999839769140652,True,2,small,0.5396369041183476
BraTS-GLI-02247-103,gmm_2d,prediction_component,23,120,25600.0,2.9296875e-05,9.707222173338822e-08,2.8284271247461903,1,12.449899597988733,0.22718473369882594,0.9243734176531814,1.8,1,,51,58,127,136,55,60,-7.012905030378878,0.6931471805599453,0.9999914593744063,True,2,small,0.5396369041183476
BraTS-GLI-02247-103,gmm_2d,prediction_component,24,25,9984.0,2.5060120224403912e-05,7.102621534903521e-08,1.7320508075688772,1,8.660254037844387,0.19999999999999996,0.9548683406603533,1.0,0,,51,56,132,137,138,143,-7.14858132620955,0.0,0.9999839769140652,True,2,small,0.5396369041183476
BraTS-GLI-02247-103,gmm_2d,prediction_component,25,25,9984.0,2.5060120224403912e-05,7.102621534903521e-08,1.7320508075688772,1,8.660254037844387,0.19999999999999996,0.9548683406603533,1.0,0,,53,58,107,112,69,74,-7.14858132620955,0.0,0.9999839769140652,True,2,small,0.5396369041183476
BraTS-GLI-02247-103,gmm_2d,prediction_component,26,25,9984.0,2.5060120224403912e-05,7.102621534903521e-08,1.7320508075688772,1,8.660254037844387,0.19999999999999996,0.9548683406603533,1.0,0,,53,58,109,114,36,41,-7.14858132620955,0.0,0.9999839769140652,True,2,small,0.5396369041183476
BraTS-GLI-02247-103,gmm_2d,prediction_component,27,198,51712.0,1.6837522462943536e-05,3.20633392170285e-08,2.23606797749979,1,21.0,0.10647942749999,0.6184332175028506,2.0,2,,55,71,152,160,75,86,-7.493991250290937,1.0986122886681098,0.9972401549010049,True,2,small,0.5396369041183476
BraTS-GLI-02247-103,gmm_2d,prediction_component,28,50,19968.0,1.772018094802615e-05,3.551310767451761e-08,1.7320508075688772,1,12.206555615733702,0.14189513095212064,0.757879504227687,1.3333333333333333,0,,56,64,137,144,138,144,-7.449611321873531,0.0,0.9996350394421484,True,2,small,0.5396369041183476
BraTS-GLI-02247-103,gmm_2d,prediction_component,29,25,9984.0,2.5060120224403912e-05,7.102621534903521e-08,1.7320508075688772,1,8.660254037844387,0.19999999999999996,0.9548683406603533,1.0,0,,59,64,101,106,33,38,-7.14858132620955,0.0,0.9999839769140652,True,2,small,0.5396369041183476
BraTS-GLI-02247-103,gmm_2d,prediction_component,30,25,9984.0,2.5060120224403912e-05,7.102621534903521e-08,1.7320508075688772,1,8.660254037844387,0.19999999999999996,0.9548683406603533,1.0,0,,59,64,177,182,51,56,-7.14858132620955,0.0,0.9999839769140652,True,2,small,0.5396369041183476
BraTS-GLI-02247-103,gmm_2d,prediction_component,31,25,9984.0,2.5060120224403912e-05,7.102621534903521e-08,1.7320508075688772,1,8.660254037844387,0.19999999999999996,0.9548683406603533,1.0,0,,60,65,188,193,89,94,-7.14858132620955,0.0,0.9999839769140652,True,2,small,0.5396369041183476
BraTS-GLI-02247-103,gmm_2d,prediction_component,32,25,9984.0,2.5060120224403912e-05,7.102621534903521e-08,1.7320508075688772,1,8.660254037844387,0.19999999999999996,0.9548683406603533,1.0,0,,61,66,48,53,47,52,-7.14858132620955,0.0,0.9999839769140652,True,2,small,0.5396369041183476
BraTS-GLI-02247-103,gmm_2d,prediction_component,33,25,9984.0,2.5060120224403912e-05,7.102621534903521e-08,1.7320508075688772,1,8.660254037844387,0.19999999999999996,0.9548683406603533,1.0,0,,61,66,105,110,31,36,-7.14858132620955,0.0,0.9999839769140652,True,2,small,0.5396369041183476
BraTS-GLI-02247-103,gmm_2d,prediction_component,34,25,9984.0,2.5060120224403912e-05,7.102621534903521e-08,1.7320508075688772,1,8.660254037844387,0.19999999999999996,0.9548683406603533,1.0,0,,62,67,137,142,50,55,-7.14858132620955,0.0,0.9999839769140652,True,2,small,0.5396369041183476
BraTS-GLI-02247-103,gmm_2d,prediction_component,35,25,9984.0,2.5060120224403912e-05,7.102621534903521e-08,1.7320508075688772,1,8.660254037844387,0.19999999999999996,0.9548683406603533,1.0,0,,63,68,92,97,34,39,-7.14858132620955,0.0,0.9999839769140652,True,2,small,0.5396369041183476
BraTS-GLI-02247-103,gmm_2d,prediction_component,36,25,9984.0,2.5060120224403912e-05,7.102621534903521e-08,1.7320508075688772,1,8.660254037844387,0.19999999999999996,0.9548683406603533,1.0,0,,63,68,188,193,116,121,-7.14858132620955,0.0,0.9999839769140652,True,2,small,0.5396369041183476
BraTS-GLI-02247-103,gmm_2d,prediction_component,37,25,9984.0,2.5060120224403912e-05,7.102621534903521e-08,1.7320508075688772,1,8.660254037844387,0.19999999999999996,0.9548683406603533,1.0,0,,64,69,85,90,36,41,-7.14858132620955,0.0,0.9999839769140652,True,2,small,0.5396369041183476
BraTS-GLI-02247-103,gmm_2d,prediction_component,38,25,9984.0,2.5060120224403912e-05,7.102621534903521e-08,1.7320508075688772,1,8.660254037844387,0.19999999999999996,0.9548683406603533,1.0,0,,64,69,91,96,68,73,-7.14858132620955,0.0,0.9999839769140652,True,2,small,0.5396369041183476
BraTS-GLI-02247-103,gmm_2d,prediction_component,39,68,20992.0,2.235775465977981e-05,5.653387388972962e-08,1.7320508075688772,1,12.12435565298214,0.14285714285714285,0.6840489693598067,1.0,0,,66,73,73,80,118,125,-7.247691254212805,0.0,0.9997588970396997,True,2,small,0.5396369041183476
BraTS-GLI-02247-103,gmm_2d,prediction_component,40,91,26368.0,2.125326255142376e-05,5.1086198678359275e-08,1.7320508075688772,1,13.856406460551018,0.125,0.6207399539808366,1.0,0,,66,74,145,153,36,44,-7.291696411947457,0.0,0.9994600465667156,True,2,small,0.5396369041183476
BraTS-GLI-02247-103,gmm_2d,prediction_component,41,25,9984.0,2.5060120224403912e-05,7.102621534903521e-08,1.7320508075688772,1,8.660254037844387,0.19999999999999996,0.9548683406603533,1.0,0,,67,72,195,200,102,107,-7.14858132620955,0.0,0.9999839769140652,True,2,small,0.5396369041183476
BraTS-GLI-02247-103,gmm_2d,prediction_component,42,99,25344.0,2.4537056036601858e-05,6.809218696225325e-08,2.23606797749979,1,14.071247279470288,0.15891043154093207,0.7791770286860561,1.4285714285714286,1,,68,75,170,180,130,137,-7.166902717071678,0.6931471805599453,0.9998793228465583,True,2,small,0.5396369041183476
BraTS-GLI-02247-103,gmm_2d,prediction_component,43,38,13824.0,2.3379381024587062e-05,6.181848980958109e-08,1.7320508075688772,1,9.848857801796104,0.17586311452816475,0.8304795924748166,1.2,0,,69,75,127,133,32,37,-7.2088816087094125,0.0,0.9999441871677677,True,2,small,0.5396369041183476
BraTS-GLI-02247-103,gmm_2d,prediction_component,44,76,21504.0,2.4100980715703213e-05,6.56934097247589e-08,2.23606797749979,1,13.30413469565007,0.1680731613632036,0.8509616882445303,1.1428571428571428,1,,69,77,189,196,114,122,-7.18247819609819,0.6931471805599453,0.9999223417303853,True,2,small,0.5396369041183476
BraTS-GLI-02247-103,gmm_2d,prediction_component,45,50,19968.0,1.772018094802615e-05,3.551310767451761e-08,1.7320508075688772,1,12.884098726725126,0.13443321448446624,0.757879504227687,1.5,0,,70,77,121,127,125,134,-7.449611321873531,0.0,0.999567982652853,True,2,small,0.5396369041183476
BraTS-GLI-02247-103,gmm_2d,prediction_component,46,318,83456.0,1.3189877798458484e-05,1.9675868768214782e-08,2.23606797749979,1,25.079872407968907,0.0891578689526865,0.5280870268512123,1.4166666666666667,2,,72,84,71,88,100,114,-7.7060660827090794,1.0986122886681098,0.9880487560861464,True,2,small,0.5396369041183476
BraTS-GLI-02247-103,gmm_2d,prediction_component,47,140,43776.0,1.5285298423545742e-05,2.6424100819256667e-08,1.7320508075688772,1,20.8806130178211,0.08295018954139964,0.5377092223857131,2.6666666666666665,0,,72,88,118,130,47,53,-7.577999782294113,0.0,0.9948609562826912,True,2,small,0.5396369041183476
BraTS-GLI-02247-103,gmm_2d,prediction_component,48,86,30208.0,1.6380060153613243e-05,3.034473562444899e-08,1.7320508075688772,1,14.142135623730951,0.1224744871391589,0.6325439118228858,1.6666666666666667,0,,73,81,174,184,90,96,-7.5179166419053685,0.0,0.9988222219862392,True,2,small,0.5396369041183476
BraTS-GLI-02247-103,gmm_2d,prediction_component,49,25,9984.0,2.5060120224403912e-05,7.102621534903521e-08,1.7320508075688772,1,8.660254037844387,0.19999999999999996,0.9548683406603533,1.0,0,,73,78,187,192,55,60,-7.14858132620955,0.0,0.9999839769140652,True,2,small,0.5396369041183476
BraTS-GLI-02247-103,gmm_2d,prediction_component,50,25,9984.0,2.5060120224403912e-05,7.102621534903521e-08,1.7320508075688772,1,8.660254037844387,0.19999999999999996,0.9548683406603533,1.0,0,,74,79,56,61,64,69,-7.14858132620955,0.0,0.9999839769140652,True,2,small,0.5396369041183476
BraTS-GLI-02247-103,gmm_2d,prediction_component,51,25,9984.0,2.5060120224403912e-05,7.102621534903521e-08,1.7320508075688772,1,8.660254037844387,0.19999999999999996,0.9548683406603533,1.0,0,,74,79,130,135,46,51,-7.14858132620955,0.0,0.9999839769140652,True,2,small,0.5396369041183476
BraTS-GLI-02247-103,gmm_2d,prediction_component,52,194,54784.0,1.5129379682341636e-05,2.588776856226934e-08,2.23606797749979,1,21.118712081942874,0.10588088747190669,0.6226547353405661,1.5,1,,75,86,127,142,31,41,-7.586905382661248,0.6931471805599453,0.9968815512440257,True,2,small,0.5396369041183476
BraTS-GLI-02247-103,gmm_2d,prediction_component,53,84,26112.0,1.9907607998726795e-05,4.482192807570262e-08,1.7320508075688772,1,13.92838827718412,0.12435400084345173,0.6375247776221004,1.2857142857142858,0,,76,83,189,197,58,67,-7.348509465636117,0.0,0.9993782760221612,True,2,small,0.5396369041183476
BraTS-GLI-02247-103,gmm_2d,prediction_component,54,313,89344.0,1.1720502966769958e-05,1.5536202446853544e-08,2.23606797749979,1,32.87856444554719,0.06800990296285958,0.5308841501444937,2.0,1,,78,90,167,191,120,139,-7.808655128258771,0.6931471805599453,0.9778826557367979,True,2,small,0.5396369041183476
BraTS-GLI-02247-103,gmm_2d,prediction_component,55,38,13824.0,2.3379381024587062e-05,6.181848980958109e-08,1.7320508075688772,1,9.848857801796104,0.17586311452816475,0.8304795924748166,1.2,0,,79,85,101,107,26,31,-7.2088816087094125,0.0,0.9999441871677677,True,2,small,0.5396369041183476
BraTS-GLI-02247-103,gmm_2d,prediction_component,56,25,9984.0,2.5060120224403912e-05,7.102621534903521e-08,1.7320508075688772,1,8.660254037844387,0.19999999999999996,0.9548683406603533,1.0,0,,80,85,118,123,132,137,-7.14858132620955,0.0,0.9999839769140652,True,2,small,0.5396369041183476
BraTS-GLI-02247-103,gmm_2d,prediction_component,57,25,9984.0,2.5060120224403912e-05,7.102621534903521e-08,1.7320508075688772,1,8.660254037844387,0.19999999999999996,0.9548683406603533,1.0,0,,80,85,198,203,79,84,-7.14858132620955,0.0,0.9999839769140652,True,2,small,0.5396369041183476
BraTS-GLI-02247-103,gmm_2d,prediction_component,58,25,9984.0,2.5060120224403912e-05,7.102621534903521e-08,1.7320508075688772,1,8.660254037844387,0.19999999999999996,0.9548683406603533,1.0,0,,81,86,182,187,90,95,-7.14858132620955,0.0,0.9999839769140652,True,2,small,0.5396369041183476
BraTS-GLI-02247-103,gmm_2d,prediction_component,59,38,12544.0,2.7047649416909622e-05,8.273922157753891e-08,1.7320508075688772,1,9.273618495495704,0.18677184190940707,0.8304795924748166,1.2,0,,84,89,61,67,72,77,-7.082288569326049,0.0,0.9999716641024393,True,2,small,0.5396369041183476
BraTS-GLI-02247-103,gmm_2d,prediction_component,60,60,20224.0,2.0861746580659564e-05,4.922137079084425e-08,1.7320508075688772,1,11.74734012447073,0.14744195615489714,0.7131919190287451,1.6,0,,84,91,127,132,38,46,-7.307846295578164,0.0,0.9997625252143223,True,2,small,0.5396369041183476
BraTS-GLI-02247-103,gmm_2d,prediction_component,61,38,13824.0,2.3379381024587062e-05,6.181848980958109e-08,1.7320508075688772,1,9.848857801796104,0.17586311452816475,0.8304795924748166,1.2,0,,86,92,113,119,46,51,-7.2088816087094125,0.0,0.9999441871677677,True,2,small,0.5396369041183476
BraTS-GLI-02247-103,gmm_2d,prediction_component,62,101,37632.0,1.3835199428524026e-05,2.1648271245318417e-08,1.7320508075688772,1,19.1049731745428,0.09065968278232492,0.5995375274776799,2.8,0,,86,91,183,195,53,67,-7.6645767791533705,0.0,0.9954682327459992,True,2,small,0.5396369041183476
BraTS-GLI-02247-103,gmm_2d,prediction_component,63,25,9984.0,2.5060120224403912e-05,7.102621534903521e-08,1.7320508075688772,1,8.660254037844387,0.19999999999999996,0.9548683406603533,1.0,0,,88,93,121,126,128,133,-7.14858132620955,0.0,0.9999839769140652,True,2,small,0.5396369041183476
BraTS-GLI-02247-103,gmm_2d,prediction_component,64,51,17664.0,2.1723839827382773e-05,5.337348459431324e-08,1.7320508075688772,1,11.090536506409418,0.15617376188860604,0.7528933105024771,1.4,0,,89,96,104,109,122,129,-7.272674442490021,0.0,0.9998524265156273,True,2,small,0.5396369041183476
BraTS-GLI-02247-103,gmm_2d,prediction_component,65,46,15616.0,2.357236358908017e-05,6.284324984734695e-08,1.7320508075688772,1,10.488088481701515,0.1651445647689541,0.7792393700163133,1.4,0,,89,95,107,112,51,58,-7.20174136414328,0.0,0.9999148270214971,True,2,small,0.5396369041183476
BraTS-GLI-02247-103,gmm_2d,prediction_component,66,25,9984.0,2.5060120224403912e-05,7.102621534903521e-08,1.7320508075688772,1,8.660254037844387,0.19999999999999996,0.9548683406603533,1.0,0,,90,95,103,108,146,151,-7.14858132620955,0.0,0.9999839769140652,True,2,small,0.5396369041183476
BraTS-GLI-02247-103,gmm_2d,prediction_component,67,56,16640.0,2.6089036722489758e-05,7.697832583722892e-08,1.7320508075688772,1,10.488088481701515,0.1651445647689541,0.7297836929246639,1.4,0,,90,96,168,175,90,95,-7.113631538390294,0.0,0.9999231326923982,True,2,small,0.5396369041183476
BraTS-GLI-02247-103,gmm_2d,prediction_component,68,232,66560.0,1.3510394017003625e-05,2.0643741080710943e-08,2.23606797749979,1,24.919871588754223,0.08973031700969426,0.5866132617294258,2.0,1,,92,112,71,81,74,85,-7.685211596604782,0.6931471805599453,0.9927772219018767,True,2,small,0.5396369041183476
BraTS-GLI-02247-103,gmm_2d,prediction_component,69,25,9984.0,2.5060120224403912e-05,7.102621534903521e-08,1.7320508075688772,1,8.660254037844387,0.19999999999999996,0.9548683406603533,1.0,0,,92,97,127,132,141,146,-7.14858132620955,0.0,0.9999839769140652,True,2,small,0.5396369041183476
BraTS-GLI-02247-103,gmm_2d,prediction_component,70,277,68352.0,1.550075775007525e-05,2.717429161078668e-08,2.449489742783178,1,24.372115213907882,0.1005037815259212,0.6057292864931153,2.375,3,,94,113,67,80,33,41,-7.565841768438956,1.3862943611198906,0.9951501100362043,True,2,small,0.5396369041183476
BraTS-GLI-02247-103,gmm_2d,prediction_component,71,38,12544.0,2.7047649416909622e-05,8.273922157753891e-08,1.7320508075688772,1,9.273618495495704,0.18677184190940707,0.8304795924748166,1.2,0,,95,100,40,45,88,94,-7.082288569326049,0.0,0.9999716641024393,True,2,small,0.5396369041183476
BraTS-GLI-02247-103,gmm_2d,prediction_component,72,50,19968.0,1.772018094802615e-05,3.551310767451761e-08,1.7320508075688772,1,12.206555615733702,0.14189513095212064,0.757879504227687,1.3333333333333333,0,,95,102,115,123,99,105,-7.449611321873531,0.0,0.9996350394421484,True,2,small,0.5396369041183476
BraTS-GLI-02247-103,gmm_2d,prediction_component,73,71,24064.0,1.9019829539035057e-05,4.091340398225242e-08,1.7320508075688772,1,13.92838827718412,0.12435400084345173,0.6742755017744779,1.2857142857142858,0,,97,105,103,112,53,60,-7.388134385835073,0.0,0.999385565222083,True,2,small,0.5396369041183476
BraTS-GLI-02247-103,gmm_2d,prediction_component,74,90,29696.0,1.7587154452551127e-05,3.498191085442648e-08,1.7320508075688772,1,15.264337522473747,0.11347042117083507,0.623030528071304,2.4,0,,98,106,105,110,41,53,-7.456156471276233,0.0,0.9987848937972195,True,2,small,0.5396369041183476
BraTS-GLI-02247-103,gmm_2d,prediction_component,75,38,12544.0,2.7047649416909622e-05,8.273922157753891e-08,1.7320508075688772,1,9.273618495495704,0.18677184190940707,0.8304795924748166,1.2,0,,98,104,142,147,134,139,-7.082288569326049,0.0,0.9999716641024393,True,2,small,0.5396369041183476
BraTS-GLI-02247-103,gmm_2d,prediction_component,76,72,24576.0,1.8688123647942946e-05,3.949878814021331e-08,1.7320508075688772,1,13.30413469565007,0.13018891098082386,0.6711392913128504,1.1428571428571428,0,,99,106,46,54,83,91,-7.403416228730296,0.0,0.9994255735605794,True,2,small,0.5396369041183476
BraTS-GLI-02247-103,gmm_2d,prediction_component,77,48,18432.0,1.918149905562466e-05,4.1611892032488095e-08,1.7320508075688772,1,11.180339887498949,0.15491933384829665,0.7682627055029695,1.6,0,,99,104,92,98,128,136,-7.380782537016758,0.0,0.9997936651853224,True,2,small,0.5396369041183476
BraTS-GLI-02247-103,gmm_2d,prediction_component,78,50,17152.0,2.2258600373918718e-05,5.6033542268023926e-08,1.7320508075688772,1,11.575836902790225,0.14962640041614492,0.757879504227687,1.1666666666666667,0,,99,105,125,132,71,78,-7.25155192190457,0.0,0.9998438969480989,True,2,small,0.5396369041183476
BraTS-GLI-02247-103,gmm_2d,prediction_component,79,196,48640.0,1.8271143223370977e-05,3.77558122145867e-08,2.23606797749979,1,20.248456731316587,0.11043152607484655,0.6205296173236808,1.875,2,,100,108,90,105,116,127,-7.423016182619662,1.0986122886681098,0.9980330920903421,True,2,small,0.5396369041183476
BraTS-GLI-02247-103,gmm_2d,prediction_component,80,25,9984.0,2.5060120224403912e-05,7.102621534903521e-08,1.7320508075688772,1,8.660254037844387,0.19999999999999996,0.9548683406603533,1.0,0,,101,106,108,113,29,34,-7.14858132620955,0.0,0.9999839769140652,True,2,small,0.5396369041183476
BraTS-GLI-02247-103,gmm_2d,prediction_component,81,68,19456.0,2.5056971344312488e-05,7.100836715180885e-08,1.7320508075688772,1,11.575836902790225,0.14962640041614492,0.6840489693598067,1.1666666666666667,0,,101,108,152,159,41,47,-7.148690473904029,0.0,0.9998523251828901,True,2,small,0.5396369041183476
BraTS-GLI-02247-103,gmm_2d,prediction_component,82,25,9984.0,2.5060120224403912e-05,7.102621534903521e-08,1.7320508075688772,1,8.660254037844387,0.19999999999999996,0.9548683406603533,1.0,0,,101,106,180,185,117,122,-7.14858132620955,0.0,0.9999839769140652,True,2,small,0.5396369041183476
BraTS-GLI-02247-103,gmm_2d,prediction_component,83,25,9984.0,2.5060120224403912e-05,7.102621534903521e-08,1.7320508075688772,1,8.660254037844387,0.19999999999999996,0.9548683406603533,1.0,0,,103,108,63,68,99,104,-7.14858132620955,0.0,0.9999839769140652,True,2,small,0.5396369041183476
BraTS-GLI-02247-103,gmm_2d,prediction_component,84,25,9984.0,2.5060120224403912e-05,7.102621534903521e-08,1.7320508075688772,1,8.660254037844387,0.19999999999999996,0.9548683406603533,1.0,0,,103,108,74,79,100,105,-7.14858132620955,0.0,0.9999839769140652,True,2,small,0.5396369041183476
BraTS-GLI-02247-103,gmm_2d,prediction_component,85,25,9984.0,2.5060120224403912e-05,7.102621534903521e-08,1.7320508075688772,1,8.660254037844387,0.19999999999999996,0.9548683406603533,1.0,0,,104,109,102,107,35,40,-7.14858132620955,0.0,0.9999839769140652,True,2,small,0.5396369041183476
BraTS-GLI-02247-103,gmm_2d,prediction_component,86,25,9984.0,2.5060120224403912e-05,7.102621534903521e-08,1.7320508075688772,1,8.660254037844387,0.19999999999999996,0.9548683406603533,1.0,0,,104,109,141,146,84,89,-7.14858132620955,0.0,0.9999839769140652,True,2,small,0.5396369041183476
BraTS-GLI-02247-103,gmm_2d,prediction_component,87,25,9984.0,2.5060120224403912e-05,7.102621534903521e-08,1.7320508075688772,1,8.660254037844387,0.19999999999999996,0.9548683406603533,1.0,0,,105,110,53,58,86,91,-7.14858132620955,0.0,0.9999839769140652,True,2,small,0.5396369041183476
BraTS-GLI-02247-103,gmm_2d,prediction_component,88,1285,275456.0,8.888424191293877e-06,8.935151464681236e-09,2.23606797749979,1,79.76214641043707,0.02803420015797362,0.3315483182859401,2.24,5,,105,161,87,112,103,154,-8.048898081130613,1.791759469228055,0.6800533385891643,True,2,small,0.5396369041183476
BraTS-GLI-02247-103,gmm_2d,prediction_component,89,126,42752.0,1.425397164157543e-05,2.2978631169170967e-08,1.7320508075688772,1,18.81488772222678,0.09205746178983233,0.55692919151602,1.625,0,,107,118,70,83,46,54,-7.638675845681751,0.0,0.9952354105323321,True,2,small,0.5396369041183476
BraTS-GLI-02247-103,gmm_2d,prediction_component,90,69,25344.0,1.710158451035887e-05,3.30769209394233e-08,1.7320508075688772,1,13.45362404707371,0.12874232262686236,0.6807282909996718,1.5,0,,107,115,82,91,47,53,-7.480474924792267,0.0,0.9992574393847634,True,2,small,0.5396369041183476
BraTS-GLI-02247-103,gmm_2d,prediction_component,91,570,135424.0,1.1437507705268349e-05,1.479500692470305e-08,2.449489742783178,1,34.56877203488721,0.07085845399168718,0.4762264831871016,1.5333333333333334,2,,109,130,154,169,49,72,-7.829884827234702,1.0986122886681098,0.9668240764879448,True,2,small,0.5396369041183476
BraTS-GLI-02247-103,gmm_2d,prediction_component,92,1597,340736.0,8.029303699976743e-06,7.291353317541904e-09,2.449489742783178,1,63.63961030678928,0.03849001794597504,0.33780820163061553,1.6666666666666667,6,,110,146,128,155,102,147,-8.137191856621188,1.9459101490553132,0.6552575120168949,True,2,small,0.5396369041183476
BraTS-GLI-02247-103,gmm_2d,prediction_component,93,46,16896.0,2.0945077921731866e-05,4.961538140913494e-08,1.7320508075688772,1,11.0,0.15745916432444337,0.7792393700163133,1.1666666666666667,0,,111,117,133,139,80,87,-7.3043836657365855,0.0,0.9998562533785377,True,2,small,0.5396369041183476
BraTS-GLI-02247-103,gmm_2d,prediction_component,94,46,16896.0,2.0945077921731866e-05,4.961538140913494e-08,1.7320508075688772,1,11.0,0.15745916432444337,0.7792393700163133,1.1666666666666667,0,,111,117,163,170,88,94,-7.3043836657365855,0.0,0.9998562533785377,True,2,small,0.5396369041183476
BraTS-GLI-02247-103,gmm_2d,prediction_component,95,25,9984.0,2.5060120224403912e-05,7.102621534903521e-08,1.7320508075688772,1,8.660254037844387,0.19999999999999996,0.9548683406603533,1.0,0,,112,117,103,108,36,41,-7.14858132620955,0.0,0.9999839769140652,True,2,small,0.5396369041183476
BraTS-GLI-02247-103,gmm_2d,prediction_component,96,25,9984.0,2.5060120224403912e-05,7.102621534903521e-08,1.7320508075688772,1,8.660254037844387,0.19999999999999996,0.9548683406603533,1.0,0,,112,117,155,160,47,52,-7.14858132620955,0.0,0.9999839769140652,True,2,small,0.5396369041183476
BraTS-GLI-02247-103,gmm_2d,prediction_component,97,50,15360.0,2.6265349298824172e-05,7.802229756091518e-08,1.7320508075688772,1,10.392304845413264,0.16666666666666666,0.757879504227687,1.0,0,,113,119,67,73,38,44,-7.1077812649530205,0.0,0.9999349253367332,True,2,small,0.5396369041183476
BraTS-GLI-02247-103,gmm_2d,prediction_component,98,125,29952.0,2.4114111929139974e-05,6.576501421206963e-08,2.449489742783178,1,13.92838827718412,0.17586311452816475,0.789711551362471,1.2857142857142858,1,,113,121,111,118,33,42,-7.1820050816964995,0.6931471805599453,0.9999169735365474,True,2,small,0.5396369041183476
BraTS-GLI-02247-103,gmm_2d,prediction_component,99,25,9984.0,2.5060120224403912e-05,7.102621534903521e-08,1.7320508075688772,1,8.660254037844387,0.19999999999999996,0.9548683406603533,1.0,0,,115,120,54,59,135,140,-7.14858132620955,0.0,0.9999839769140652,True,2,small,0.5396369041183476
BraTS-GLI-02247-103,gmm_2d,prediction_component,100,105,29952.0,2.025585402047758e-05,4.640379402803634e-08,1.7320508075688772,1,14.071247279470288,0.12309149097933272,0.5918255777924422,1.4285714285714286,0,,115,122,174,181,67,77,-7.333446509572736,0.0,0.9992706577938965,True,2,small,0.5396369041183476
BraTS-GLI-02247-103,gmm_2d,prediction_component,101,25,9984.0,2.5060120224403912e-05,7.102621534903521e-08,1.7320508075688772,1,8.660254037844387,0.19999999999999996,0.9548683406603533,1.0,0,,116,121,67,72,142,147,-7.14858132620955,0.0,0.9999839769140652,True,2,small,0.5396369041183476
BraTS-GLI-02247-103,gmm_2d,prediction_component,102,25,9984.0,2.5060120224403912e-05,7.102621534903521e-08,1.7320508075688772,1,8.660254037844387,0.19999999999999996,0.9548683406603533,1.0,0,,116,121,114,119,120,125,-7.14858132620955,0.0,0.9999839769140652,True,2,small,0.5396369041183476
BraTS-GLI-02247-103,gmm_2d,prediction_component,103,46,16896.0,2.0945077921731866e-05,4.961538140913494e-08,1.7320508075688772,1,11.0,0.15745916432444337,0.7792393700163133,1.1666666666666667,0,,118,125,70,76,52,58,-7.3043836657365855,0.0,0.9998562533785377,True,2,small,0.5396369041183476
BraTS-GLI-02247-103,gmm_2d,prediction_component,104,25,9984.0,2.5060120224403912e-05,7.102621534903521e-08,1.7320508075688772,1,8.660254037844387,0.19999999999999996,0.9548683406603533,1.0,0,,118,123,110,115,128,133,-7.14858132620955,0.0,0.9999839769140652,True,2,small,0.5396369041183476
BraTS-GLI-02247-103,gmm_2d,prediction_component,105,38,13824.0,2.3379381024587062e-05,6.181848980958109e-08,1.7320508075688772,1,9.848857801796104,0.17586311452816475,0.8304795924748166,1.2,0,,119,125,58,63,90,96,-7.2088816087094125,0.0,0.9999441871677677,True,2,small,0.5396369041183476
BraTS-GLI-02247-103,gmm_2d,prediction_component,106,89,26368.0,2.0786157879963898e-05,4.8865327826504504e-08,1.7320508075688772,1,13.45362404707371,0.12874232262686236,0.6253552903860047,1.5,0,,119,127,62,71,86,92,-7.310999183299819,0.0,0.9994798110989681,True,2,small,0.5396369041183476
BraTS-GLI-02247-103,gmm_2d,prediction_component,107,25,9984.0,2.5060120224403912e-05,7.102621534903521e-08,1.7320508075688772,1,8.660254037844387,0.19999999999999996,0.9548683406603533,1.0,0,,119,124,112,117,84,89,-7.14858132620955,0.0,0.9999839769140652,True,2,small,0.5396369041183476
BraTS-GLI-02247-103,gmm_2d,prediction_component,108,76,27648.0,1.6531718862429606e-05,3.090924490479054e-08,1.7320508075688772,1,13.92838827718412,0.12435400084345173,0.6591520893663227,1.2857142857142858,0,,119,127,150,157,122,131,-7.509911604373394,0.0,0.999012144031917,True,2,small,0.5396369041183476
BraTS-GLI-02247-103,gmm_2d,prediction_component,109,71,24064.0,1.9019829539035057e-05,4.091340398225242e-08,1.7320508075688772,1,13.92838827718412,0.12435400084345173,0.6742755017744779,1.2857142857142858,0,,121,128,44,53,55,63,-7.388134385835073,0.0,0.999385565222083,True,2,small,0.5396369041183476
BraTS-GLI-02247-103,gmm_2d,prediction_component,110,25,9984.0,2.5060120224403912e-05,7.102621534903521e-08,1.7320508075688772,1,8.660254037844387,0.19999999999999996,0.9548683406603533,1.0,0,,121,126,92,97,55,60,-7.14858132620955,0.0,0.9999839769140652,True,2,small,0.5396369041183476
BraTS-GLI-02247-103,gmm_2d,prediction_component,111,38,13824.0,2.3379381024587062e-05,6.181848980958109e-08,1.7320508075688772,1,9.848857801796104,0.17586311452816475,0.8304795924748166,1.2,0,,123,129,103,109,81,86,-7.2088816087094125,0.0,0.9999441871677677,True,2,small,0.5396369041183476
BraTS-GLI-02247-103,gmm_2d,prediction_component,112,25,9984.0,2.5060120224403912e-05,7.102621534903521e-08,1.7320508075688772,1,8.660254037844387,0.19999999999999996,0.9548683406603533,1.0,0,,123,128,111,116,100,105,-7.14858132620955,0.0,0.9999839769140652,True,2,small,0.5396369041183476
BraTS-GLI-02247-103,gmm_2d,prediction_component,113,25,9984.0,2.5060120224403912e-05,7.102621534903521e-08,1.7320508075688772,1,8.660254037844387,0.19999999999999996,0.9548683406603533,1.0,0,,125,130,90,95,134,139,-7.14858132620955,0.0,0.9999839769140652,True,2,small,0.5396369041183476
BraTS-GLI-02247-103,gmm_2d,prediction_component,114,44,13824.0,2.7070862238995545e-05,8.288129935688987e-08,1.7320508075688772,1,10.392304845413264,0.16666666666666666,0.7908715233027805,1.0,0,,125,131,166,172,102,108,-7.081543448970658,0.0,0.9999478350119567,True,2,small,0.5396369041183476
BraTS-GLI-02247-103,gmm_2d,prediction_component,115,59,19456.0,2.1740607489918187e-05,5.3455909614067176e-08,1.7320508075688772,1,11.661903789690601,0.14852213144650114,0.71719869927557,1.3333333333333333,0,,127,135,52,58,98,104,-7.272004276032213,0.0,0.9997981389491886,True,2,small,0.5396369041183476
BraTS-GLI-02247-103,gmm_2d,prediction_component,116,25,9984.0,2.5060120224403912e-05,7.102621534903521e-08,1.7320508075688772,1,8.660254037844387,0.19999999999999996,0.9548683406603533,1.0,0,,127,132,62,67,115,120,-7.14858132620955,0.0,0.9999839769140652,True,2,small,0.5396369041183476
BraTS-GLI-02247-103,gmm_2d,prediction_component,117,25,9984.0,2.5060120224403912e-05,7.102621534903521e-08,1.7320508075688772,1,8.660254037844387,0.19999999999999996,0.9548683406603533,1.0,0,,128,133,97,102,81,86,-7.14858132620955,0.0,0.9999839769140652,True,2,small,0.5396369041183476
BraTS-GLI-02247-103,gmm_2d,prediction_component,118,397,97536.0,1.3032960988294598e-05,1.921049537517666e-08,2.449489742783178,1,30.083217912982647,0.08142379415222337,0.5372482291973023,1.5714285714285714,2,,128,143,129,143,51,73,-7.716461435974756,1.0986122886681098,0.9858135072602457,True,2,small,0.5396369041183476
BraTS-GLI-02247-103,gmm_2d,prediction_component,119,38,13824.0,2.3379381024587062e-05,6.181848980958109e-08,1.7320508075688772,1,9.848857801796104,0.17586311452816475,0.8304795924748166,1.2,0,,129,135,66,71,123,129,-7.2088816087094125,0.0,0.9999441871677677,True,2,small,0.5396369041183476
BraTS-GLI-02247-103,gmm_2d,prediction_component,120,81,25600.0,1.9775390625e-05,4.422853102727501e-08,1.7320508075688772,1,14.071247279470288,0.12309149097933272,0.6453002363415847,1.4285714285714286,0,,129,139,66,73,132,139,-7.354297484716828,0.0,0.9993674888077729,True,2,small,0.5396369041183476
BraTS-GLI-02247-103,gmm_2d,prediction_component,121,25,9984.0,2.5060120224403912e-05,7.102621534903521e-08,1.7320508075688772,1,8.660254037844387,0.19999999999999996,0.9548683406603533,1.0,0,,129,134,119,124,42,47,-7.14858132620955,0.0,0.9999839769140652,True,2,small,0.5396369041183476
BraTS-GLI-02247-103,gmm_2d,prediction_component,122,51,17664.0,2.1723839827382773e-05,5.337348459431324e-08,1.7320508075688772,1,11.0,0.15745916432444337,0.7528933105024771,1.1666666666666667,0,,129,135,142,148,54,61,-7.272674442490021,0.0,0.9998566538364152,True,2,small,0.5396369041183476
BraTS-GLI-02247-103,gmm_2d,prediction_component,123,94,28672.0,1.9361583417002737e-05,4.2396901361385426e-08,1.7320508075688772,1,14.730919862656235,0.11757927025044307,0.6140648134821065,1.6666666666666667,0,,130,140,58,67,53,59,-7.372665883285275,0.0,0.999136118822427,True,2,small,0.5396369041183476
BraTS-GLI-02247-103,gmm_2d,prediction_component,124,46,16896.0,2.0945077921731866e-05,4.961538140913494e-08,1.7320508075688772,1,11.0,0.15745916432444337,0.7792393700163133,1.1666666666666667,0,,130,136,87,93,78,85,-7.3043836657365855,0.0,0.9998562533785377,True,2,small,0.5396369041183476
BraTS-GLI-02247-103,gmm_2d,prediction_component,125,25,9984.0,2.5060120224403912e-05,7.102621534903521e-08,1.7320508075688772,1,8.660254037844387,0.19999999999999996,0.9548683406603533,1.0,0,,130,135,95,100,100,105,-7.14858132620955,0.0,0.9999839769140652,True,2,small,0.5396369041183476
BraTS-GLI-02247-103,gmm_2d,prediction_component,126,44,13824.0,2.7070862238995545e-05,8.288129935688987e-08,1.7320508075688772,1,10.392304845413264,0.16666666666666666,0.7908715233027805,1.0,0,,131,137,57,63,80,86,-7.081543448970658,0.0,0.9999478350119567,True,2,small,0.5396369041183476
BraTS-GLI-02247-103,gmm_2d,prediction_component,127,38,13824.0,2.3379381024587062e-05,6.181848980958109e-08,1.7320508075688772,1,9.848857801796104,0.17586311452816475,0.8304795924748166,1.2,0,,132,137,154,160,75,81,-7.2088816087094125,0.0,0.9999441871677677,True,2,small,0.5396369041183476
BraTS-GLI-02247-103,gmm_2d,prediction_component,128,46,15616.0,2.357236358908017e-05,6.284324984734695e-08,1.7320508075688772,1,10.488088481701515,0.1651445647689541,0.7792393700163133,1.4,0,,135,142,57,62,123,129,-7.20174136414328,0.0,0.9999148270214971,True,2,small,0.5396369041183476
BraTS-GLI-02247-103,gmm_2d,prediction_component,129,25,9984.0,2.5060120224403912e-05,7.102621534903521e-08,1.7320508075688772,1,8.660254037844387,0.19999999999999996,0.9548683406603533,1.0,0,,136,141,114,119,131,136,-7.14858132620955,0.0,0.9999839769140652,True,2,small,0.5396369041183476
BraTS-GLI-02247-103,gmm_2d,prediction_component,130,25,9984.0,2.5060120224403912e-05,7.102621534903521e-08,1.7320508075688772,1,8.660254037844387,0.19999999999999996,0.9548683406603533,1.0,0,,137,142,57,62,62,67,-7.14858132620955,0.0,0.9999839769140652,True,2,small,0.5396369041183476
BraTS-GLI-02247-103,gmm_2d,prediction_component,131,38,13824.0,2.3379381024587062e-05,6.181848980958109e-08,1.7320508075688772,1,9.848857801796104,0.17586311452816475,0.8304795924748166,1.2,0,,137,143,64,69,128,134,-7.2088816087094125,0.0,0.9999441871677677,True,2,small,0.5396369041183476
BraTS-GLI-02247-103,gmm_2d,prediction_component,132,51,16384.0,2.4318695068359375e-05,6.688564319836902e-08,1.7320508075688772,1,10.488088481701515,0.1651445647689541,0.7528933105024771,1.4,0,,138,143,143,149,74,81,-7.1746670922299165,0.0,0.9999137128280738,True,2,small,0.5396369041183476
BraTS-GLI-02247-103,gmm_2d,prediction_component,133,25,9984.0,2.5060120224403912e-05,7.102621534903521e-08,1.7320508075688772,1,8.660254037844387,0.19999999999999996,0.9548683406603533,1.0,0,,140,145,72,77,98,103,-7.14858132620955,0.0,0.9999839769140652,True,2,small,0.5396369041183476
BraTS-GLI-02247-103,gmm_2d,prediction_component,134,25,9984.0,2.5060120224403912e-05,7.102621534903521e-08,1.7320508075688772,1,8.660254037844387,0.19999999999999996,0.9548683406603533,1.0,0,,141,146,54,59,65,70,-7.14858132620955,0.0,0.9999839769140652,True,2,small,0.5396369041183476
BraTS-GLI-02247-103,gmm_2d,prediction_component,135,38,12544.0,2.7047649416909622e-05,8.273922157753891e-08,1.7320508075688772,1,9.273618495495704,0.18677184190940707,0.8304795924748166,1.2,0,,141,147,81,86,53,58,-7.082288569326049,0.0,0.9999716641024393,True,2,small,0.5396369041183476
BraTS-GLI-02247-103,gmm_2d,prediction_component,136,57,17664.0,2.4279585689427806e-05,6.667068490846741e-08,1.7320508075688772,1,11.575836902790225,0.14962640041614492,0.7254907483481623,1.1666666666666667,0,,142,149,77,83,46,53,-7.1760650833409105,0.0,0.9998626188633117,True,2,small,0.5396369041183476
BraTS-GLI-02247-103,gmm_2d,prediction_component,137,25,9984.0,2.5060120224403912e-05,7.102621534903521e-08,1.7320508075688772,1,8.660254037844387,0.19999999999999996,0.9548683406603533,1.0,0,,142,147,117,122,56,61,-7.14858132620955,0.0,0.9999839769140652,True,2,small,0.5396369041183476
BraTS-GLI-02247-103,gmm_2d,prediction_component,138,25,9984.0,2.5060120224403912e-05,7.102621534903521e-08,1.7320508075688772,1,8.660254037844387,0.19999999999999996,0.9548683406603533,1.0,0,,145,150,112,117,121,126,-7.14858132620955,0.0,0.9999839769140652,True,2,small,0.5396369041183476
BraTS-GLI-02247-103,gmm_2d,prediction_component,139,25,9984.0,2.5060120224403912e-05,7.102621534903521e-08,1.7320508075688772,1,8.660254037844387,0.19999999999999996,0.9548683406603533,1.0,0,,146,151,71,76,54,59,-7.14858132620955,0.0,0.9999839769140652,True,2,small,0.5396369041183476
BraTS-GLI-02247-103,gmm_2d,prediction_component,140,94,28928.0,1.9105140700199234e-05,4.1281251423939826e-08,1.7320508075688772,1,15.297058540778355,0.11322770341445956,0.6140648134821065,1.5714285714285714,0,,147,155,113,120,62,73,-7.38424714572499,0.0,0.9990085556224956,True,2,small,0.5396369041183476
BraTS-GLI-02247-103,variational_spline,prediction_component,1,173580,33686016.0,8.878205804830658e-07,8.914619062843094e-11,5.656854249492381,4,251.41797867296603,0.022499800051493452,0.16346996297184765,1.3410852713178294,370,,33,162,28,201,27,156,-10.049897210249691,5.916202062607435,0.00015106203550748049,False,2,small,0.5396369041183476
