case_id,method,source,component_label,volume_vox,surface_area_proxy,compactness_v_over_s15,isoperimetric_quotient,inscribed_radius_vox,inscribed_radius_grid_step,bbox_diag_vox,radius_over_bbox_diag,radius_over_equiv_sphere,elongation_max_over_min,eroded_subcomponents,overlap_gt_vox,z0,z1,y0,y1,x0,x1,log10_isoperimetric,log1p_eroded_subcomponents,shape_score_prob_true_et,accepted_shape,fold,vol_bin,shape_threshold
BraTS-GLI-02248-102,otsu_T1c,prediction_component,1,11100,2008832.0,3.898589887139213e-06,1.7189667542271021e-09,4.47213595499958,2,173.66922582887275,0.02575088323020601,0.32317434306863835,1.5180722891566265,12,,42,125,26,112,21,147,-8.764732522728503,2.5649493574615367,0.0966438319612651,False,0,absent,0.5530794707693413
BraTS-GLI-02248-102,gmm_T1c,prediction_component,1,12388,2277632.0,3.603925982618191e-06,1.4689401425153354e-09,4.47213595499958,2,185.2214890340751,0.024144800791320944,0.31156175059100155,1.4597701149425288,10,,40,127,26,129,21,148,-8.832995900809424,2.3978952727983707,0.07659253088433834,False,0,absent,0.5530794707693413
BraTS-GLI-02248-102,sustraccion,prediction_component,3,43,17664.0,1.83161786779894e-05,3.7942165711220756e-08,1.4142135623730951,1,12.68857754044952,0.11145564251507058,0.650711350669285,2.25,0,,16,25,68,76,91,95,-7.42087788352672,0.0,0.9981469297058557,True,0,absent,0.5530794707693413
BraTS-GLI-02248-102,sustraccion,prediction_component,5,76,23552.0,2.1026738000405594e-05,5.000301368135056e-08,1.7320508075688772,1,13.96424004376894,0.12403473458920845,0.6591520893663227,2.2,0,,20,25,67,74,64,75,-7.30100381994921,0.0,0.999069818365917,True,0,absent,0.5530794707693413
BraTS-GLI-02248-102,sustraccion,prediction_component,6,94,27392.0,2.073443659879992e-05,4.862245148606906e-08,1.4142135623730951,1,12.884098726725126,0.10976425998969035,0.5013818206761619,1.5,0,,20,26,76,85,72,79,-7.313163148330359,0.0,0.9979545835481691,True,0,absent,0.5530794707693413
BraTS-GLI-02248-102,sustraccion,prediction_component,11,267,92928.0,9.425217389319864e-06,1.0046970455222408e-08,1.7320508075688772,1,31.591137997862628,0.054827110301821455,0.4335971410639514,1.5,0,,23,37,75,96,92,111,-7.997964874853315,0.0,0.9223930165059367,True,0,absent,0.5530794707693413
BraTS-GLI-02248-102,sustraccion,prediction_component,13,47260,9578496.0,1.5942180940583586e-06,2.8744042174801157e-10,5.656854249492381,4,231.10387274989574,0.024477539827358574,0.2522163790819475,1.2033898305084745,88,,24,142,25,167,21,160,-9.54145215858277,4.48863636973214,0.0021662720792407107,False,0,absent,0.5530794707693413
BraTS-GLI-02248-102,sustraccion,prediction_component,14,22,8448.0,2.8332951815706027e-05,9.078958261633766e-08,1.4142135623730951,1,7.3484692283495345,0.19245008972987526,0.8135863258112027,2.0,0,,25,31,58,61,89,92,-7.041963980463377,0.0,0.9999327793423523,True,0,absent,0.5530794707693413
BraTS-GLI-02248-102,sustraccion,prediction_component,15,17,7680.0,2.5258472975227388e-05,7.215502078433436e-08,1.4142135623730951,1,7.0710678118654755,0.2,0.8866010210973454,1.6666666666666667,0,,26,29,57,61,52,57,-7.141733443876567,0.0,0.9999319269700248,True,0,absent,0.5530794707693413
BraTS-GLI-02248-102,sustraccion,prediction_component,16,444,124672.0,1.0086246559305268e-05,1.1505659945066462e-08,1.7320508075688772,1,36.24913792078372,0.04778184825674965,0.3659843435397183,1.4705882352941178,0,,26,46,77,94,71,96,-7.939088465888791,0.0,0.9137882420035226,True,0,absent,0.5530794707693413
BraTS-GLI-02248-102,sustraccion,prediction_component,17,26,13824.0,1.5996418595770094e-05,2.8939957833294188e-08,1.4142135623730951,1,11.74734012447073,0.12038585308576921,0.7695203069187393,1.6,0,,28,35,78,83,135,143,-7.538502106001397,0.0,0.9983048440507678,True,0,absent,0.5530794707693413
BraTS-GLI-02248-102,sustraccion,prediction_component,18,12,6144.0,2.4917498197257264e-05,7.022006780482366e-08,1.4142135623730951,1,6.4031242374328485,0.2208630521496931,0.9957510787676723,1.3333333333333333,0,,30,34,88,91,61,65,-7.153538755513696,0.0,0.9999647617941148,True,0,absent,0.5530794707693413
BraTS-GLI-02248-102,sustraccion,prediction_component,19,12,6144.0,2.4917498197257264e-05,7.022006780482366e-08,1.4142135623730951,1,6.4031242374328485,0.2208630521496931,0.9957510787676723,1.3333333333333333,0,,31,35,72,76,92,95,-7.153538755513696,0.0,0.9999647617941148,True,0,absent,0.5530794707693413
BraTS-GLI-02248-102,sustraccion,prediction_component,22,68,24832.0,1.7377662700619688e-05,3.415349087661456e-08,1.4142135623730951,1,16.73320053068151,0.08451542547285167,0.5585236446694171,2.0,0,,32,42,112,124,55,61,-7.46656489986039,0.0,0.9953458008651,True,0,absent,0.5530794707693413
BraTS-GLI-02248-102,sustraccion,prediction_component,23,82,29440.0,1.6233312303775843e-05,2.98034583041242e-08,1.4142135623730951,1,18.601075237738275,0.07602859212697055,0.5247348599077022,1.3333333333333333,0,,33,45,34,43,106,117,-7.525733338767529,0.0,0.9925489512497526,True,0,absent,0.5530794707693413
BraTS-GLI-02248-102,sustraccion,prediction_component,24,154,49664.0,1.3914197963707573e-05,2.189619889786416e-08,1.4142135623730951,1,20.904544960366874,0.06765100914917384,0.4253087268053634,1.7777777777777777,0,,33,43,54,70,84,93,-7.65963127059188,0.0,0.9807971392354085,True,0,absent,0.5530794707693413
BraTS-GLI-02248-102,sustraccion,prediction_component,25,19,8448.0,2.446936747720066e-05,6.771702339772293e-08,1.4142135623730951,1,8.12403840463596,0.17407765595569785,0.8543319874271107,1.25,0,,33,38,90,94,119,124,-7.169302140202132,0.0,0.999869749706771,True,0,absent,0.5530794707693413
BraTS-GLI-02248-102,sustraccion,prediction_component,26,35,12032.0,2.6519254396745705e-05,7.953805971554725e-08,1.4142135623730951,1,9.273618495495704,0.15249857033260467,0.6969289728874266,1.2,0,,34,40,89,94,57,62,-7.099425007580729,0.0,0.9997611730201774,True,0,absent,0.5530794707693413
BraTS-GLI-02248-102,sustraccion,prediction_component,27,34,14080.0,2.035049300759076e-05,4.6838420704481505e-08,1.4142135623730951,1,11.74734012447073,0.12038585308576921,0.7036956967830031,1.6,0,,34,39,135,143,54,61,-7.329397756872349,0.0,0.9990437957024438,True,0,absent,0.5530794707693413
BraTS-GLI-02248-102,sustraccion,prediction_component,28,74,30464.0,1.391718273619839e-05,2.1905593931922494e-08,1.4142135623730951,1,16.55294535724685,0.08543576577167611,0.5430009978686747,1.7142857142857142,0,,35,47,102,109,72,81,-7.659444967189767,0.0,0.9901555573985489,True,0,absent,0.5530794707693413
BraTS-GLI-02248-102,sustraccion,prediction_component,29,17,7168.0,2.8012503667152895e-05,8.874752009735003e-08,1.4142135623730951,1,6.928203230275509,0.20412414523193154,0.8866010210973454,1.0,0,,35,39,114,118,49,53,-7.051843773744237,0.0,0.9999546688380104,True,0,absent,0.5530794707693413
BraTS-GLI-02248-102,sustraccion,prediction_component,30,14,6912.0,2.4362533060422576e-05,6.712700278491907e-08,1.4142135623730951,1,7.0710678118654755,0.2,0.9458781407605124,1.6666666666666667,0,,35,38,130,134,130,135,-7.1731027435946135,0.0,0.9999365514425618,True,0,absent,0.5530794707693413
BraTS-GLI-02248-102,sustraccion,prediction_component,31,136,50176.0,1.2100264212827988e-05,1.655930404148805e-08,1.4142135623730951,1,27.349588662354687,0.051708768999501914,0.44330051054867275,1.8,0,,36,54,100,118,134,144,-7.780957919803121,0.0,0.9631665978201772,True,0,absent,0.5530794707693413
BraTS-GLI-02248-102,sustraccion,prediction_component,32,16,6656.0,2.9464563572443515e-05,9.818664009850627e-08,1.4142135623730951,1,6.4031242374328485,0.2208630521496931,0.9046998952817776,1.3333333333333333,0,,36,39,133,137,121,125,-7.007947601074732,0.0,0.9999727215274006,True,0,absent,0.5530794707693413
BraTS-GLI-02248-102,sustraccion,prediction_component,33,92,35584.0,1.3705840674628577e-05,2.124534223745164e-08,1.4142135623730951,1,20.149441679609886,0.07018624063435965,0.5049890081570453,1.6666666666666667,0,,36,46,134,143,128,143,-7.672736268545302,0.0,0.9849306999862918,True,0,absent,0.5530794707693413
BraTS-GLI-02248-102,sustraccion,prediction_component,35,39,15360.0,2.0486972453082852e-05,4.7468765836060794e-08,1.4142135623730951,1,10.488088481701515,0.13483997249264842,0.6722379073420917,1.4,0,,37,44,73,79,90,95,-7.32359205957206,0.0,0.999192816637241,True,0,absent,0.5530794707693413
BraTS-GLI-02248-102,sustraccion,prediction_component,36,130,46080.0,1.3142398956297591e-05,1.953447153747358e-08,1.4142135623730951,1,24.351591323771842,0.0580747904139041,0.45001820546908056,3.1666666666666665,0,,37,43,75,89,127,146,-7.709198333170372,0.0,0.9749692128401419,True,0,absent,0.5530794707693413
BraTS-GLI-02248-102,sustraccion,prediction_component,37,21,11520.0,1.6984023266599966e-05,3.262372335347067e-08,1.4142135623730951,1,9.486832980505138,0.14907119849998599,0.8263006657894747,1.75,0,,38,45,110,115,89,93,-7.48646647433232,0.0,0.9992857473409105,True,0,absent,0.5530794707693413
BraTS-GLI-02248-102,sustraccion,prediction_component,39,48,15872.0,2.4004560294894877e-05,6.516882396253112e-08,1.4142135623730951,1,10.392304845413264,0.13608276348795434,0.6272838722974592,1.0,0,,39,45,108,114,128,134,-7.185960116217715,0.0,0.9994552378470315,True,0,absent,0.5530794707693413
BraTS-GLI-02248-102,sustraccion,prediction_component,40,30,10752.0,2.690836878524203e-05,8.188929190066899e-08,1.4142135623730951,1,8.12403840463596,0.17407765595569785,0.73367566779705,1.25,0,,41,46,96,100,66,71,-7.0867728842285045,0.0,0.9998598328264622,True,0,absent,0.5530794707693413
BraTS-GLI-02248-102,sustraccion,prediction_component,41,14,7680.0,2.080109539136373e-05,4.8935585030206e-08,1.4142135623730951,1,8.12403840463596,0.17407765595569785,0.9458781407605124,1.25,0,,42,46,107,112,53,58,-7.310375215276639,0.0,0.9998348244721845,True,0,absent,0.5530794707693413
BraTS-GLI-02248-102,sustraccion,prediction_component,48,69,27392.0,1.5219958779970154e-05,2.6198674912310412e-08,1.4142135623730951,1,20.049937655763422,0.07053456158585983,0.5558123221420062,1.625,0,,48,56,42,55,43,56,-7.581720674055246,0.0,0.9908694023260746,True,0,absent,0.5530794707693413
BraTS-GLI-02248-102,sustraccion,prediction_component,50,14,6912.0,2.4362533060422576e-05,6.712700278491907e-08,1.4142135623730951,1,7.0710678118654755,0.2,0.9458781407605124,1.6666666666666667,0,,49,54,36,39,97,101,-7.1731027435946135,0.0,0.9999365514425618,True,0,absent,0.5530794707693413
BraTS-GLI-02248-102,sustraccion,prediction_component,51,67,25088.0,1.6860705438107392e-05,3.215169370339094e-08,1.4142135623730951,1,16.583123951777,0.08528028654224418,0.5612886582720128,3.0,0,,50,55,100,115,28,33,-7.492796144149959,0.0,0.9949790978459017,True,0,absent,0.5530794707693413
BraTS-GLI-02248-102,sustraccion,prediction_component,52,20,7936.0,2.8289645606535866e-05,9.051225550351545e-08,1.4142135623730951,1,7.0710678118654755,0.2,0.8398489863421099,1.6666666666666667,0,,50,53,101,105,41,46,-7.043292612648983,0.0,0.9999453694507522,True,0,absent,0.5530794707693413
BraTS-GLI-02248-102,sustraccion,prediction_component,54,29,10752.0,2.6011423159067295e-05,7.652099387606958e-08,1.4142135623730951,1,8.366600265340756,0.16903085094570333,0.742013605090188,2.0,0,,52,55,141,147,102,107,-7.116219397869917,0.0,0.9998338508990209,True,0,absent,0.5530794707693413
BraTS-GLI-02248-102,sustraccion,prediction_component,55,35,12544.0,2.491230867346939e-05,7.019082162914485e-08,1.4142135623730951,1,9.9498743710662,0.1421338109037403,0.6969289728874266,1.4,0,,52,59,141,146,40,45,-7.153719673859118,0.0,0.9996506712894565,True,0,absent,0.5530794707693413
BraTS-GLI-02248-102,sustraccion,prediction_component,56,17,7680.0,2.5258472975227388e-05,7.215502078433436e-08,1.4142135623730951,1,7.0710678118654755,0.2,0.8866010210973454,1.6666666666666667,0,,52,56,172,177,88,91,-7.141733443876567,0.0,0.9999319269700248,True,0,absent,0.5530794707693413
BraTS-GLI-02248-102,sustraccion,prediction_component,58,63,24832.0,1.6099893384397652e-05,2.9315572078132177e-08,1.4142135623730951,1,14.45683229480096,0.0978231976089037,0.5729248826285681,1.125,0,,54,62,178,186,97,106,-7.532901626365699,0.0,0.9954621003277796,True,0,absent,0.5530794707693413
BraTS-GLI-02248-102,sustraccion,prediction_component,60,12,5376.0,3.04433440619409e-05,1.0481829363285631e-07,1.4142135623730951,1,5.830951894845301,0.24253562503633297,0.9957510787676723,1.3333333333333333,0,,55,58,157,161,108,111,-6.979562914580636,0.0,0.9999873098721701,True,0,absent,0.5530794707693413
BraTS-GLI-02248-102,sustraccion,prediction_component,61,12,5376.0,3.04433440619409e-05,1.0481829363285631e-07,1.4142135623730951,1,5.830951894845301,0.24253562503633297,0.9957510787676723,1.3333333333333333,0,,56,60,108,111,131,134,-6.979562914580636,0.0,0.9999873098721701,True,0,absent,0.5530794707693413
BraTS-GLI-02248-102,sustraccion,prediction_component,62,12,5376.0,3.04433440619409e-05,1.0481829363285631e-07,1.4142135623730951,1,5.830951894845301,0.24253562503633297,0.9957510787676723,1.3333333333333333,0,,56,59,133,137,82,85,-6.979562914580636,0.0,0.9999873098721701,True,0,absent,0.5530794707693413
BraTS-GLI-02248-102,sustraccion,prediction_component,64,14,6144.0,2.9070414563466808e-05,9.557731451212109e-08,1.4142135623730951,1,6.928203230275509,0.20412414523193154,0.9458781407605124,1.0,0,,57,61,94,98,131,135,-7.019645176252469,0.0,0.999966684186979,True,0,absent,0.5530794707693413
BraTS-GLI-02248-102,sustraccion,prediction_component,65,20,10752.0,1.7938912523494688e-05,3.6395240844741776e-08,1.4142135623730951,1,9.433981132056603,0.1499063377991723,0.8398489863421099,2.6666666666666665,0,,57,65,110,113,154,158,-7.438955402339866,0.0,0.999435121231966,True,0,absent,0.5530794707693413
BraTS-GLI-02248-102,sustraccion,prediction_component,66,14,7680.0,2.080109539136373e-05,4.8935585030206e-08,1.4142135623730951,1,7.681145747868608,0.1841149235796647,0.9458781407605124,1.6666666666666667,0,,57,62,123,128,90,93,-7.310375215276639,0.0,0.9998608974819398,True,0,absent,0.5530794707693413
BraTS-GLI-02248-102,sustraccion,prediction_component,67,40,16128.0,1.952941432132664e-05,4.3135100260434693e-08,1.4142135623730951,1,10.488088481701515,0.13483997249264842,0.6665885822069456,1.4,0,,57,63,129,136,147,152,-7.365169188178948,0.0,0.999040228862854,True,0,absent,0.5530794707693413
BraTS-GLI-02248-102,sustraccion,prediction_component,68,125,35584.0,1.862206613400622e-05,3.9220046368168937e-08,1.7320508075688772,1,14.730919862656235,0.11757927025044307,0.5584103931497517,1.6666666666666667,0,,57,67,182,191,86,92,-7.4064918972203,0.0,0.9978827584284,True,0,absent,0.5530794707693413
BraTS-GLI-02248-102,sustraccion,prediction_component,69,22,8704.0,2.709220525861094e-05,8.301204026265334e-08,1.4142135623730951,1,7.54983443527075,0.1873171623163388,0.8135863258112027,1.25,0,,58,62,157,162,64,68,-7.08085891195648,0.0,0.9999151214463169,True,0,absent,0.5530794707693413
BraTS-GLI-02248-102,sustraccion,prediction_component,70,12,5376.0,3.04433440619409e-05,1.0481829363285631e-07,1.4142135623730951,1,5.830951894845301,0.24253562503633297,0.9957510787676723,1.3333333333333333,0,,58,61,159,162,115,119,-6.979562914580636,0.0,0.9999873098721701,True,0,absent,0.5530794707693413
BraTS-GLI-02248-102,sustraccion,prediction_component,71,51,16896.0,2.322171682626794e-05,6.09875269589603e-08,1.4142135623730951,1,10.677078252031311,0.13245323570650439,0.6147348138286294,1.6,0,,59,64,84,89,111,119,-7.214758976903861,0.0,0.999328359030405,True,0,absent,0.5530794707693413
BraTS-GLI-02248-102,sustraccion,prediction_component,72,86,29440.0,1.7025181196642956e-05,3.278203117449473e-08,1.4142135623730951,1,15.524174696260024,0.0910975037348554,0.5164699412900353,3.0,0,,59,63,109,118,86,98,-7.484364141047827,0.0,0.9949250954562711,True,0,absent,0.5530794707693413
BraTS-GLI-02248-102,sustraccion,prediction_component,73,18,8448.0,2.3181506031032202e-05,6.077649745391199e-08,1.4142135623730951,1,7.3484692283495345,0.19245008972987526,0.8698686901515341,2.0,0,,59,62,157,163,122,125,-7.216264331901177,0.0,0.9998920852184207,True,0,absent,0.5530794707693413
BraTS-GLI-02248-102,sustraccion,prediction_component,78,24,11520.0,1.9410312304685675e-05,4.261057744126781e-08,1.4142135623730951,1,9.0,0.15713484026367724,0.7903281549671363,1.75,0,,60,64,161,165,58,65,-7.3704825803769465,0.0,0.9995479622535061,True,0,absent,0.5530794707693413
BraTS-GLI-02248-102,sustraccion,prediction_component,80,29,12544.0,2.064162718658892e-05,4.818814774702924e-08,1.4142135623730951,1,10.677078252031311,0.13245323570650439,0.742013605090188,1.6,0,,61,69,136,141,36,41,-7.317059766761757,0.0,0.9993419402814624,True,0,absent,0.5530794707693413
BraTS-GLI-02248-102,sustraccion,prediction_component,81,14,7680.0,2.080109539136373e-05,4.8935585030206e-08,1.4142135623730951,1,7.54983443527075,0.1873171623163388,0.9458781407605124,1.25,0,,61,65,169,174,123,127,-7.310375215276639,0.0,0.9998683165549729,True,0,absent,0.5530794707693413
BraTS-GLI-02248-102,sustraccion,prediction_component,82,65,24064.0,1.741252000052505e-05,3.429064309165175e-08,1.4142135623730951,1,15.132745950421556,0.09345386270319955,0.5669874099064106,2.0,0,,62,68,114,121,74,86,-7.464824369987513,0.0,0.9961338713316797,True,0,absent,0.5530794707693413
BraTS-GLI-02248-102,sustraccion,prediction_component,84,26,9728.0,2.7098047834857024e-05,8.304784808758266e-08,1.4142135623730951,1,7.54983443527075,0.1873171623163388,0.7695203069187393,1.25,0,,63,67,49,53,74,79,-7.080671616382922,0.0,0.9999024875409638,True,0,absent,0.5530794707693413
BraTS-GLI-02248-102,sustraccion,prediction_component,87,27,11008.0,2.3377665101405374e-05,6.180941584077854e-08,1.4142135623730951,1,8.774964387392123,0.16116459280507606,0.7599002946021327,1.5,0,,63,69,138,142,126,131,-7.208945360894912,0.0,0.9997459690368502,True,0,absent,0.5530794707693413
BraTS-GLI-02248-102,sustraccion,prediction_component,89,36,14848.0,1.9897593880278538e-05,4.4776845893665894e-08,1.4142135623730951,1,11.445523142259598,0.1235604126430431,0.6904152369103725,1.8,0,,64,73,142,147,50,55,-7.348946501628365,0.0,0.9989839530150186,True,0,absent,0.5530794707693413
BraTS-GLI-02248-102,sustraccion,prediction_component,90,12,5376.0,3.04433440619409e-05,1.0481829363285631e-07,1.4142135623730951,1,5.830951894845301,0.24253562503633297,0.9957510787676723,1.3333333333333333,0,,64,68,174,177,88,91,-6.979562914580636,0.0,0.9999873098721701,True,0,absent,0.5530794707693413
BraTS-GLI-02248-102,sustraccion,prediction_component,92,72,29952.0,1.3889728471184625e-05,2.1819253355223615e-08,1.4142135623730951,1,21.213203435596427,0.06666666666666667,0.5479829366831995,3.2,0,,66,71,34,50,125,138,-7.661160114850076,0.0,0.9866000244935593,True,0,absent,0.5530794707693413
BraTS-GLI-02248-102,sustraccion,prediction_component,93,12,5376.0,3.04433440619409e-05,1.0481829363285631e-07,1.4142135623730951,1,5.830951894845301,0.24253562503633297,0.9957510787676723,1.3333333333333333,0,,66,69,44,47,112,116,-6.979562914580636,0.0,0.9999873098721701,True,0,absent,0.5530794707693413
BraTS-GLI-02248-102,sustraccion,prediction_component,94,86,36608.0,1.2278192755103018e-05,1.704987768051635e-08,1.4142135623730951,1,20.73644135332772,0.06819943394704736,0.5164699412900353,5.0,0,,66,80,110,125,51,54,-7.768278732382178,0.0,0.9786494972211446,True,0,absent,0.5530794707693413
BraTS-GLI-02248-102,sustraccion,prediction_component,96,19,7680.0,2.8230058031136492e-05,9.013135814236922e-08,1.4142135623730951,1,7.54983443527075,0.1873171623163388,0.8543319874271107,1.25,0,,66,71,190,194,85,89,-7.0451240847274565,0.0,0.9999347189956922,True,0,absent,0.5530794707693413
BraTS-GLI-02248-102,sustraccion,prediction_component,98,21,8960.0,2.476037855649951e-05,6.933730123813445e-08,1.4142135623730951,1,7.681145747868608,0.1841149235796647,0.8263006657894747,1.6666666666666667,0,,67,72,179,184,88,91,-7.159033066057116,0.0,0.9998846485072238,True,0,absent,0.5530794707693413
BraTS-GLI-02248-102,sustraccion,prediction_component,100,22,9984.0,2.2052905797475442e-05,5.500270116629287e-08,1.4142135623730951,1,8.366600265340756,0.16903085094570333,0.8135863258112027,2.0,0,,68,73,158,164,90,93,-7.259615981909213,0.0,0.9997735977216182,True,0,absent,0.5530794707693413
BraTS-GLI-02248-102,sustraccion,prediction_component,101,88,36352.0,1.2696680982151711e-05,1.8231936042666062e-08,1.4142135623730951,1,21.118712081942874,0.06696495301824251,0.5125272688980814,1.5,0,,68,79,187,197,104,119,-7.73916721132296,0.0,0.9801656538038073,True,0,absent,0.5530794707693413
BraTS-GLI-02248-102,sustraccion,prediction_component,102,23,10496.0,2.1389079908047943e-05,5.174120984025427e-08,1.4142135623730951,1,8.774964387392123,0.16116459280507606,0.8016200827808712,1.5,0,,68,72,188,193,65,71,-7.2861634205981485,0.0,0.9997029173064057,True,0,absent,0.5530794707693413
BraTS-GLI-02248-102,sustraccion,prediction_component,103,22,9216.0,2.4866174768518517e-05,6.993109633237583e-08,1.4142135623730951,1,7.810249675906654,0.1810714920850371,0.8135863258112027,2.0,0,,69,73,166,172,92,95,-7.155329663131577,0.0,0.9998752300206029,True,0,absent,0.5530794707693413
BraTS-GLI-02248-102,sustraccion,prediction_component,104,31,12800.0,2.140655294607712e-05,5.182578060321449e-08,1.4142135623730951,1,9.695359714832659,0.14586499149789456,0.7257003006213092,2.3333333333333335,0,,70,76,89,96,64,67,-7.285454147813638,0.0,0.9995105098387846,True,0,absent,0.5530794707693413
BraTS-GLI-02248-102,sustraccion,prediction_component,105,12,5376.0,3.04433440619409e-05,1.0481829363285631e-07,1.4142135623730951,1,5.830951894845301,0.24253562503633297,0.9957510787676723,1.3333333333333333,0,,70,73,186,190,89,92,-6.979562914580636,0.0,0.9999873098721701,True,0,absent,0.5530794707693413
BraTS-GLI-02248-102,sustraccion,prediction_component,111,14,6144.0,2.9070414563466808e-05,9.557731451212109e-08,1.4142135623730951,1,6.928203230275509,0.20412414523193154,0.9458781407605124,1.0,0,,72,76,192,196,82,86,-7.019645176252469,0.0,0.999966684186979,True,0,absent,0.5530794707693413
BraTS-GLI-02248-102,sustraccion,prediction_component,112,12,6144.0,2.4917498197257264e-05,7.022006780482366e-08,1.4142135623730951,1,6.4031242374328485,0.2208630521496931,0.9957510787676723,1.3333333333333333,0,,73,77,31,34,55,59,-7.153538755513696,0.0,0.9999647617941148,True,0,absent,0.5530794707693413
BraTS-GLI-02248-102,sustraccion,prediction_component,113,114,36096.0,1.662326140735524e-05,3.125250564061231e-08,1.7320508075688772,1,19.72308292331602,0.08781846196678006,0.5758223885605346,2.0,0,,73,80,33,47,43,55,-7.505115157767322,0.0,0.9951913245443114,True,0,absent,0.5530794707693413
BraTS-GLI-02248-102,sustraccion,prediction_component,115,22,8448.0,2.8332951815706027e-05,9.078958261633766e-08,1.4142135623730951,1,7.3484692283495345,0.19245008972987526,0.8135863258112027,2.0,0,,73,76,98,101,37,43,-7.041963980463377,0.0,0.9999327793423523,True,0,absent,0.5530794707693413
BraTS-GLI-02248-102,sustraccion,prediction_component,117,17,7168.0,2.8012503667152895e-05,8.874752009735003e-08,1.4142135623730951,1,6.928203230275509,0.20412414523193154,0.8866010210973454,1.0,0,,73,77,135,139,46,50,-7.051843773744237,0.0,0.9999546688380104,True,0,absent,0.5530794707693413
BraTS-GLI-02248-102,sustraccion,prediction_component,118,14,7680.0,2.080109539136373e-05,4.8935585030206e-08,1.4142135623730951,1,7.54983443527075,0.1873171623163388,0.9458781407605124,1.25,0,,73,78,144,148,122,126,-7.310375215276639,0.0,0.9998683165549729,True,0,absent,0.5530794707693413
BraTS-GLI-02248-102,sustraccion,prediction_component,119,20,7936.0,2.8289645606535866e-05,9.051225550351545e-08,1.4142135623730951,1,7.0710678118654755,0.2,0.8398489863421099,1.6666666666666667,0,,73,77,164,169,89,92,-7.043292612648983,0.0,0.9999453694507522,True,0,absent,0.5530794707693413
BraTS-GLI-02248-102,sustraccion,prediction_component,120,135,43520.0,1.4869639460936784e-05,2.500651956672491e-08,1.7320508075688772,1,21.400934559032695,0.08093341918275387,0.5442672982574315,1.875,0,,74,89,128,136,44,57,-7.6019467496189375,0.0,0.9914464528578125,True,0,absent,0.5530794707693413
BraTS-GLI-02248-102,sustraccion,prediction_component,121,30,12544.0,2.135340743440233e-05,5.156876691120846e-08,1.4142135623730951,1,9.9498743710662,0.1421338109037403,0.73367566779705,1.4,0,,74,81,178,183,47,52,-7.287613253120344,0.0,0.9994871201002641,True,0,absent,0.5530794707693413
BraTS-GLI-02248-102,sustraccion,prediction_component,122,33,17664.0,1.4056602241247676e-05,2.2346683861286857e-08,1.4142135623730951,1,14.52583904633395,0.09735847670224711,0.7107331206052484,1.2857142857142858,0,,75,84,73,80,68,77,-7.650786914930118,0.0,0.9954055460484349,True,0,absent,0.5530794707693413
BraTS-GLI-02248-102,sustraccion,prediction_component,123,66,22784.0,1.9191060634771045e-05,4.1653387701232164e-08,1.4142135623730951,1,13.601470508735444,0.10397504898200727,0.5641092516587063,3.0,0,,75,87,190,195,87,91,-7.380349671325129,0.0,0.9976202908464807,True,0,absent,0.5530794707693413
BraTS-GLI-02248-102,sustraccion,prediction_component,124,12,5376.0,3.04433440619409e-05,1.0481829363285631e-07,1.4142135623730951,1,5.830951894845301,0.24253562503633297,0.9957510787676723,1.3333333333333333,0,,76,79,22,26,99,102,-6.979562914580636,0.0,0.9999873098721701,True,0,absent,0.5530794707693413
BraTS-GLI-02248-102,sustraccion,prediction_component,125,24,8448.0,3.090867470804294e-05,1.0804710658473243e-07,1.4142135623730951,1,7.0710678118654755,0.2,0.7903281549671363,1.6666666666666667,0,,76,79,76,81,103,107,-6.966386858684578,0.0,0.9999520642941941,True,0,absent,0.5530794707693413
BraTS-GLI-02248-102,sustraccion,prediction_component,126,19,9216.0,2.147533275462963e-05,5.2159350776834036e-08,1.4142135623730951,1,8.366600265340756,0.16903085094570333,0.8543319874271107,2.0,0,,76,81,87,90,66,72,-7.282667822870332,0.0,0.9997830799422762,True,0,absent,0.5530794707693413
BraTS-GLI-02248-102,sustraccion,prediction_component,128,12,5376.0,3.04433440619409e-05,1.0481829363285631e-07,1.4142135623730951,1,5.830951894845301,0.24253562503633297,0.9957510787676723,1.3333333333333333,0,,77,80,110,114,155,158,-6.979562914580636,0.0,0.9999873098721701,True,0,absent,0.5530794707693413
BraTS-GLI-02248-102,sustraccion,prediction_component,130,77,26368.0,1.798352985120472e-05,3.657650911290812e-08,1.4142135623730951,1,15.524174696260024,0.0910975037348554,0.5358554176060653,3.0,0,,77,89,170,174,80,89,-7.436797746244681,0.0,0.9960002680336933,True,0,absent,0.5530794707693413
BraTS-GLI-02248-102,sustraccion,prediction_component,131,138,40960.0,1.6647122081880048e-05,3.134228838925926e-08,1.7320508075688772,1,20.8806130178211,0.08295018954139964,0.5402944026186968,2.6666666666666665,0,,77,89,173,189,88,94,-7.503869297639429,0.0,0.9941844331297542,True,0,absent,0.5530794707693413
BraTS-GLI-02248-102,sustraccion,prediction_component,132,12,6144.0,2.4917498197257264e-05,7.022006780482366e-08,1.4142135623730951,1,6.4031242374328485,0.2208630521496931,0.9957510787676723,1.3333333333333333,0,,77,80,179,183,79,83,-7.153538755513696,0.0,0.9999647617941148,True,0,absent,0.5530794707693413
BraTS-GLI-02248-102,sustraccion,prediction_component,133,74,25856.0,1.779875852692296e-05,3.5828761463615565e-08,1.4142135623730951,1,16.24807680927192,0.08703882797784893,0.5430009978686747,1.25,0,,77,87,186,194,57,67,-7.445768204360103,0.0,0.9956668841386299,True,0,absent,0.5530794707693413
BraTS-GLI-02248-102,sustraccion,prediction_component,134,12,5376.0,3.04433440619409e-05,1.0481829363285631e-07,1.4142135623730951,1,5.830951894845301,0.24253562503633297,0.9957510787676723,1.3333333333333333,0,,78,81,73,77,107,110,-6.979562914580636,0.0,0.9999873098721701,True,0,absent,0.5530794707693413
BraTS-GLI-02248-102,sustraccion,prediction_component,135,14,6912.0,2.4362533060422576e-05,6.712700278491907e-08,1.4142135623730951,1,7.0710678118654755,0.2,0.9458781407605124,1.6666666666666667,0,,78,81,149,153,134,139,-7.1731027435946135,0.0,0.9999365514425618,True,0,absent,0.5530794707693413
BraTS-GLI-02248-102,sustraccion,prediction_component,138,37,16640.0,1.723739926307359e-05,3.360437757371377e-08,1.4142135623730951,1,12.884098726725126,0.10976425998969035,0.6841383873286643,1.5,0,,79,88,103,110,52,58,-7.4736041442687045,0.0,0.9979106464598999,True,0,absent,0.5530794707693413
BraTS-GLI-02248-102,sustraccion,prediction_component,139,12,5376.0,3.04433440619409e-05,1.0481829363285631e-07,1.4142135623730951,1,5.830951894845301,0.24253562503633297,0.9957510787676723,1.3333333333333333,0,,79,82,117,121,127,130,-6.979562914580636,0.0,0.9999873098721701,True,0,absent,0.5530794707693413
BraTS-GLI-02248-102,sustraccion,prediction_component,141,24,9984.0,2.4057715415427756e-05,6.545776006567085e-08,1.4142135623730951,1,8.774964387392123,0.16116459280507606,0.7903281549671363,1.5,0,,80,86,132,136,123,128,-7.184038860130413,0.0,0.9997897929486863,True,0,absent,0.5530794707693413
BraTS-GLI-02248-102,sustraccion,prediction_component,142,14,7680.0,2.080109539136373e-05,4.8935585030206e-08,1.4142135623730951,1,7.54983443527075,0.1873171623163388,0.9458781407605124,1.25,0,,80,85,145,149,44,48,-7.310375215276639,0.0,0.9998683165549729,True,0,absent,0.5530794707693413
BraTS-GLI-02248-102,sustraccion,prediction_component,143,14,6144.0,2.9070414563466808e-05,9.557731451212109e-08,1.4142135623730951,1,6.928203230275509,0.20412414523193154,0.9458781407605124,1.0,0,,80,84,188,192,115,119,-7.019645176252469,0.0,0.999966684186979,True,0,absent,0.5530794707693413
BraTS-GLI-02248-102,sustraccion,prediction_component,145,22,9216.0,2.4866174768518517e-05,6.993109633237583e-08,1.4142135623730951,1,7.810249675906654,0.1810714920850371,0.8135863258112027,2.0,0,,81,84,67,73,109,113,-7.155329663131577,0.0,0.9998752300206029,True,0,absent,0.5530794707693413
BraTS-GLI-02248-102,sustraccion,prediction_component,147,21,8192.0,2.8322682199320788e-05,9.072377900955245e-08,1.4142135623730951,1,7.0710678118654755,0.2,0.8263006657894747,1.6666666666666667,0,,82,86,43,48,90,93,-7.042278867966007,0.0,0.9999431916762265,True,0,absent,0.5530794707693413
BraTS-GLI-02248-102,sustraccion,prediction_component,148,12,5376.0,3.04433440619409e-05,1.0481829363285631e-07,1.4142135623730951,1,5.830951894845301,0.24253562503633297,0.9957510787676723,1.3333333333333333,0,,82,85,45,48,127,131,-6.979562914580636,0.0,0.9999873098721701,True,0,absent,0.5530794707693413
BraTS-GLI-02248-102,sustraccion,prediction_component,149,25,9472.0,2.7119237506822293e-05,8.317777956467376e-08,1.4142135623730951,1,7.810249675906654,0.1810714920850371,0.7796467353853097,2.0,0,,82,88,49,52,90,94,-7.079992677331037,0.0,0.999895174074361,True,0,absent,0.5530794707693413
BraTS-GLI-02248-102,sustraccion,prediction_component,150,41,17152.0,1.825205230661335e-05,3.7676953821019284e-08,1.4142135623730951,1,12.884098726725126,0.10976425998969035,0.6611244956113513,1.5,0,,82,88,57,64,106,115,-7.423924217137136,0.0,0.9981332232903329,True,0,absent,0.5530794707693413
BraTS-GLI-02248-102,sustraccion,prediction_component,152,12,5376.0,3.04433440619409e-05,1.0481829363285631e-07,1.4142135623730951,1,5.830951894845301,0.24253562503633297,0.9957510787676723,1.3333333333333333,0,,82,85,93,96,146,150,-6.979562914580636,0.0,0.9999873098721701,True,0,absent,0.5530794707693413
BraTS-GLI-02248-102,sustraccion,prediction_component,153,21,11520.0,1.6984023266599966e-05,3.262372335347067e-08,1.4142135623730951,1,9.9498743710662,0.1421338109037403,0.8263006657894747,1.4,0,,82,89,104,109,124,129,-7.48646647433232,0.0,0.9991957543133084,True,0,absent,0.5530794707693413
BraTS-GLI-02248-102,sustraccion,prediction_component,154,126,41472.0,1.4918943709930293e-05,2.517262604434465e-08,1.7320508075688772,1,17.97220075561143,0.09637388493048532,0.55692919151602,1.2222222222222223,0,,82,91,109,120,36,47,-7.599071475866895,0.0,0.9937441384574891,True,0,absent,0.5530794707693413
BraTS-GLI-02248-102,sustraccion,prediction_component,156,25,9216.0,2.8257016782407408e-05,9.030358513994814e-08,1.4142135623730951,1,7.54983443527075,0.1873171623163388,0.7796467353853097,1.25,0,,82,86,131,136,88,92,-7.044295007431914,0.0,0.9999175684795094,True,0,absent,0.5530794707693413
BraTS-GLI-02248-102,sustraccion,prediction_component,157,22,8448.0,2.8332951815706027e-05,9.078958261633766e-08,1.4142135623730951,1,7.3484692283495345,0.19245008972987526,0.8135863258112027,2.0,0,,82,85,137,143,88,91,-7.041963980463377,0.0,0.9999327793423523,True,0,absent,0.5530794707693413
BraTS-GLI-02248-102,sustraccion,prediction_component,161,22,9472.0,2.386492900600362e-05,6.441287249488336e-08,1.4142135623730951,1,8.12403840463596,0.17407765595569785,0.8135863258112027,1.25,0,,84,88,81,86,96,101,-7.1910273330307,0.0,0.9998392903882414,True,0,absent,0.5530794707693413
BraTS-GLI-02248-102,sustraccion,prediction_component,165,31,11008.0,2.684102289420617e-05,8.147990208914702e-08,1.4142135623730951,1,8.12403840463596,0.17407765595569785,0.7257003006213092,1.25,0,,85,90,173,177,94,99,-7.088949501544342,0.0,0.9998550759537844,True,0,absent,0.5530794707693413
BraTS-GLI-02248-102,sustraccion,prediction_component,166,19,9216.0,2.147533275462963e-05,5.2159350776834036e-08,1.4142135623730951,1,8.366600265340756,0.16903085094570333,0.8543319874271107,2.0,0,,85,88,186,191,57,63,-7.282667822870332,0.0,0.9997830799422762,True,0,absent,0.5530794707693413
BraTS-GLI-02248-102,sustraccion,prediction_component,168,12,5376.0,3.04433440619409e-05,1.0481829363285631e-07,1.4142135623730951,1,5.830951894845301,0.24253562503633297,0.9957510787676723,1.3333333333333333,0,,86,90,150,153,55,58,-6.979562914580636,0.0,0.9999873098721701,True,0,absent,0.5530794707693413
BraTS-GLI-02248-102,sustraccion,prediction_component,169,27,9472.0,2.9288776507368078e-05,9.701856208423547e-08,1.7320508075688772,1,7.681145747868608,0.22549380840084865,0.9306839885829195,1.6666666666666667,0,,87,92,40,45,90,93,-7.013145166357138,0.0,0.9999763345291877,True,0,absent,0.5530794707693413
BraTS-GLI-02248-102,sustraccion,prediction_component,173,16,6656.0,2.9464563572443515e-05,9.818664009850627e-08,1.4142135623730951,1,6.4031242374328485,0.2208630521496931,0.9046998952817776,1.3333333333333333,0,,87,90,111,115,129,133,-7.007947601074732,0.0,0.9999727215274006,True,0,absent,0.5530794707693413
BraTS-GLI-02248-102,sustraccion,prediction_component,174,12,5376.0,3.04433440619409e-05,1.0481829363285631e-07,1.4142135623730951,1,5.830951894845301,0.24253562503633297,0.9957510787676723,1.3333333333333333,0,,87,90,132,136,120,123,-6.979562914580636,0.0,0.9999873098721701,True,0,absent,0.5530794707693413
BraTS-GLI-02248-102,sustraccion,prediction_component,175,12,6144.0,2.4917498197257264e-05,7.022006780482366e-08,1.4142135623730951,1,6.4031242374328485,0.2208630521496931,0.9957510787676723,1.3333333333333333,0,,88,92,30,33,116,120,-7.153538755513696,0.0,0.9999647617941148,True,0,absent,0.5530794707693413
BraTS-GLI-02248-102,sustraccion,prediction_component,176,20,7936.0,2.8289645606535866e-05,9.051225550351545e-08,1.4142135623730951,1,7.0710678118654755,0.2,0.8398489863421099,1.6666666666666667,0,,88,92,53,58,90,93,-7.043292612648983,0.0,0.9999453694507522,True,0,absent,0.5530794707693413
BraTS-GLI-02248-102,sustraccion,prediction_component,177,37,14848.0,2.0450304821397387e-05,4.729899847872578e-08,1.4142135623730951,1,11.489125293076057,0.12309149097933274,0.6841383873286643,2.5,0,,88,92,82,92,153,157,-7.32514805502895,0.0,0.9990440842727883,True,0,absent,0.5530794707693413
BraTS-GLI-02248-102,sustraccion,prediction_component,178,77,25856.0,1.852032981855497e-05,3.879268201566411e-08,1.4142135623730951,1,15.684387141358123,0.09016696346674323,0.5358554176060653,2.2,0,,88,98,97,102,126,137,-7.411250193477092,0.0,0.9963050557299026,True,0,absent,0.5530794707693413
BraTS-GLI-02248-102,sustraccion,prediction_component,181,16,6656.0,2.9464563572443515e-05,9.818664009850627e-08,1.4142135623730951,1,6.4031242374328485,0.2208630521496931,0.9046998952817776,1.3333333333333333,0,,88,91,131,135,57,61,-7.007947601074732,0.0,0.9999727215274006,True,0,absent,0.5530794707693413
BraTS-GLI-02248-102,sustraccion,prediction_component,182,105,39680.0,1.3284089833474417e-05,1.9957952338525155e-08,1.4142135623730951,1,23.259406699226016,0.06080179003104816,0.4832235607731051,3.5,0,,88,109,140,148,143,149,-7.699884018845126,0.0,0.9791411116433686,True,0,absent,0.5530794707693413
BraTS-GLI-02248-102,sustraccion,prediction_component,183,76,27136.0,1.7001797782270803e-05,3.2692043362560624e-08,1.4142135623730951,1,15.811388300841896,0.0894427190999916,0.5381954272789695,2.4,0,,88,100,142,151,32,37,-7.485557933706856,0.0,0.9951035296614178,True,0,absent,0.5530794707693413
BraTS-GLI-02248-102,sustraccion,prediction_component,184,24,11520.0,1.9410312304685675e-05,4.261057744126781e-08,1.4142135623730951,1,9.486832980505138,0.14907119849998599,0.7903281549671363,1.75,0,,88,95,167,172,88,92,-7.3704825803769465,0.0,0.9994810867449573,True,0,absent,0.5530794707693413
BraTS-GLI-02248-102,sustraccion,prediction_component,185,19,9216.0,2.147533275462963e-05,5.2159350776834036e-08,1.4142135623730951,1,8.774964387392123,0.16116459280507606,0.8543319874271107,1.5,0,,88,94,182,187,53,57,-7.282667822870332,0.0,0.9997518194144487,True,0,absent,0.5530794707693413
BraTS-GLI-02248-102,sustraccion,prediction_component,186,652,174080.0,8.976856415306282e-06,9.113830155943952e-09,1.7320508075688772,1,40.65710270051225,0.042601432284230495,0.321988948043052,3.2,0,,88,120,172,195,85,95,-8.040299069128997,0.0,0.8525239447915365,True,0,absent,0.5530794707693413
BraTS-GLI-02248-102,sustraccion,prediction_component,187,21,11520.0,1.6984023266599966e-05,3.262372335347067e-08,1.4142135623730951,1,10.488088481701515,0.13483997249264842,0.8263006657894747,1.4,0,,89,94,64,71,44,50,-7.48646647433232,0.0,0.9990888952465918,True,0,absent,0.5530794707693413
BraTS-GLI-02248-102,sustraccion,prediction_component,189,37,15104.0,1.9932591144276696e-05,4.493449764182874e-08,1.4142135623730951,1,11.357816691600547,0.12451456127293807,0.6841383873286643,2.0,0,,89,97,98,105,121,125,-7.3474201092665705,0.0,0.9989861560069841,True,0,absent,0.5530794707693413
BraTS-GLI-02248-102,sustraccion,prediction_component,191,27,13056.0,1.8098748788275632e-05,3.704669565440728e-08,1.4142135623730951,1,9.9498743710662,0.1421338109037403,0.7599002946021327,1.4,0,,89,94,110,115,47,54,-7.431250522449962,0.0,0.9991927251572104,True,0,absent,0.5530794707693413
BraTS-GLI-02248-102,sustraccion,prediction_component,192,19,7680.0,2.8230058031136492e-05,9.013135814236922e-08,1.4142135623730951,1,7.54983443527075,0.1873171623163388,0.8543319874271107,1.25,0,,89,94,128,132,133,137,-7.0451240847274565,0.0,0.9999347189956922,True,0,absent,0.5530794707693413
BraTS-GLI-02248-102,sustraccion,prediction_component,193,12,5376.0,3.04433440619409e-05,1.0481829363285631e-07,1.4142135623730951,1,5.830951894845301,0.24253562503633297,0.9957510787676723,1.3333333333333333,0,,89,93,134,137,45,48,-6.979562914580636,0.0,0.9999873098721701,True,0,absent,0.5530794707693413
BraTS-GLI-02248-102,sustraccion,prediction_component,194,14,6144.0,2.9070414563466808e-05,9.557731451212109e-08,1.4142135623730951,1,6.928203230275509,0.20412414523193154,0.9458781407605124,1.0,0,,89,93,147,151,60,64,-7.019645176252469,0.0,0.999966684186979,True,0,absent,0.5530794707693413
BraTS-GLI-02248-102,sustraccion,prediction_component,195,17,7168.0,2.8012503667152895e-05,8.874752009735003e-08,1.4142135623730951,1,6.928203230275509,0.20412414523193154,0.8866010210973454,1.0,0,,89,93,174,178,46,50,-7.051843773744237,0.0,0.9999546688380104,True,0,absent,0.5530794707693413
BraTS-GLI-02248-102,sustraccion,prediction_component,196,39,17152.0,1.73617082916566e-05,3.4090807115865755e-08,1.4142135623730951,1,13.038404810405298,0.10846522890932808,0.6722379073420917,1.8,0,,90,95,37,45,44,53,-7.467362716523608,0.0,0.9978329874431511,True,0,absent,0.5530794707693413
BraTS-GLI-02248-102,sustraccion,prediction_component,200,32,11520.0,2.5880416406247567e-05,7.5752137673365e-08,1.4142135623730951,1,9.055385138137417,0.15617376188860607,0.7180607827429069,2.6666666666666665,0,,90,93,79,82,146,154,-7.120605107160347,0.0,0.9997729601652833,True,0,absent,0.5530794707693413
BraTS-GLI-02248-102,sustraccion,prediction_component,201,16,6656.0,2.9464563572443515e-05,9.818664009850627e-08,1.4142135623730951,1,6.4031242374328485,0.2208630521496931,0.9046998952817776,1.3333333333333333,0,,90,94,92,96,23,26,-7.007947601074732,0.0,0.9999727215274006,True,0,absent,0.5530794707693413
BraTS-GLI-02248-102,sustraccion,prediction_component,202,25,10240.0,2.412626388678268e-05,6.583131356702218e-08,1.4142135623730951,1,8.366600265340756,0.16903085094570333,0.7796467353853097,2.0,0,,90,93,112,117,133,139,-7.18156747911394,0.0,0.9998117021331128,True,0,absent,0.5530794707693413
BraTS-GLI-02248-102,sustraccion,prediction_component,203,34,12288.0,2.4960720256102595e-05,7.046388748470152e-08,1.4142135623730951,1,9.273618495495704,0.15249857033260467,0.7036956967830031,1.2,0,,90,95,151,157,85,90,-7.152033400516379,0.0,0.9997154445994245,True,0,absent,0.5530794707693413
BraTS-GLI-02248-102,sustraccion,prediction_component,204,21,8960.0,2.476037855649951e-05,6.933730123813445e-08,1.4142135623730951,1,7.54983443527075,0.1873171623163388,0.8263006657894747,1.25,0,,90,94,178,182,49,54,-7.159033066057116,0.0,0.999890800950803,True,0,absent,0.5530794707693413
BraTS-GLI-02248-102,sustraccion,prediction_component,205,12,6144.0,2.4917498197257264e-05,7.022006780482366e-08,1.4142135623730951,1,6.4031242374328485,0.2208630521496931,0.9957510787676723,1.3333333333333333,0,,91,94,37,41,127,131,-7.153538755513696,0.0,0.9999647617941148,True,0,absent,0.5530794707693413
BraTS-GLI-02248-102,sustraccion,prediction_component,206,57,23808.0,1.5516382780901965e-05,2.7229103530640894e-08,1.4142135623730951,1,16.30950643030009,0.08671099695241201,0.5923607155209719,1.375,0,,91,99,71,82,136,145,-7.564966656790951,0.0,0.994188993614508,True,0,absent,0.5530794707693413
BraTS-GLI-02248-102,sustraccion,prediction_component,207,395,120576.0,9.43421538312538e-06,1.0066162740472084e-08,1.7320508075688772,1,43.3589667773576,0.039946773096848055,0.3805319546464509,1.8888888888888888,0,,91,111,81,99,25,59,-7.997136052607895,0.0,0.8865251064250104,True,0,absent,0.5530794707693413
BraTS-GLI-02248-102,sustraccion,prediction_component,208,42,17408.0,1.8286305598586114e-05,3.781850181387409e-08,1.4142135623730951,1,11.357816691600547,0.12451456127293807,0.6558352730581178,2.0,0,,91,95,105,113,93,100,-7.422295679797036,0.0,0.9985336686474162,True,0,absent,0.5530794707693413
BraTS-GLI-02248-102,sustraccion,prediction_component,210,50,17920.0,2.084313283576998e-05,4.91335751404014e-08,1.7320508075688772,1,11.74734012447073,0.14744195615489714,0.757879504227687,1.6,0,,92,97,54,61,36,44,-7.308621633844861,0.0,0.999530747573794,True,0,absent,0.5530794707693413
BraTS-GLI-02248-102,sustraccion,prediction_component,211,16,6656.0,2.9464563572443515e-05,9.818664009850627e-08,1.4142135623730951,1,6.4031242374328485,0.2208630521496931,0.9046998952817776,1.3333333333333333,0,,92,96,72,76,29,32,-7.007947601074732,0.0,0.9999727215274006,True,0,absent,0.5530794707693413
BraTS-GLI-02248-102,sustraccion,prediction_component,212,12,5376.0,3.04433440619409e-05,1.0481829363285631e-07,1.4142135623730951,1,5.830951894845301,0.24253562503633297,0.9957510787676723,1.3333333333333333,0,,92,96,137,140,31,34,-6.979562914580636,0.0,0.9999873098721701,True,0,absent,0.5530794707693413
BraTS-GLI-02248-102,sustraccion,prediction_component,213,127,41472.0,1.5037348025088471e-05,2.5573777114464277e-08,1.4142135623730951,1,24.372115213907882,0.058025885318565944,0.45353411521041165,1.2307692307692308,0,,92,105,166,179,122,138,-7.592205124190107,0.0,0.9838557220855936,True,0,absent,0.5530794707693413
BraTS-GLI-02248-102,sustraccion,prediction_component,217,29,12544.0,2.064162718658892e-05,4.818814774702924e-08,1.4142135623730951,1,10.04987562112089,0.1407195089460584,0.742013605090188,1.75,0,,94,100,144,151,87,91,-7.317059766761757,0.0,0.9994287220845715,True,0,absent,0.5530794707693413
BraTS-GLI-02248-102,sustraccion,prediction_component,219,561,161536.0,8.640897916663246e-06,8.4444257677596e-09,2.0,1,41.02438299353203,0.048751494941808714,0.3909056176653087,1.8,1,,95,122,33,48,100,127,-8.073429877694208,0.6931471805599453,0.8435231219388372,True,0,absent,0.5530794707693413
BraTS-GLI-02248-102,sustraccion,prediction_component,221,30,12544.0,2.135340743440233e-05,5.156876691120846e-08,1.4142135623730951,1,9.38083151964686,0.15075567228888181,0.73367566779705,1.5,0,,95,99,38,44,125,131,-7.287613253120344,0.0,0.9995574655945765,True,0,absent,0.5530794707693413
BraTS-GLI-02248-102,sustraccion,prediction_component,222,1393,396800.0,5.573058748464761e-06,3.5126883135908207e-09,1.7320508075688772,1,75.7099729229908,0.022877445872694354,0.24999987507363222,1.3888888888888888,0,,95,131,44,94,112,156,-8.454360384137075,0.0,0.41126672218587634,False,0,absent,0.5530794707693413
BraTS-GLI-02248-102,sustraccion,prediction_component,224,19,9216.0,2.147533275462963e-05,5.2159350776834036e-08,1.4142135623730951,1,8.366600265340756,0.16903085094570333,0.8543319874271107,2.0,0,,95,101,59,64,131,134,-7.282667822870332,0.0,0.9997830799422762,True,0,absent,0.5530794707693413
BraTS-GLI-02248-102,sustraccion,prediction_component,225,32,11520.0,2.5880416406247567e-05,7.5752137673365e-08,1.4142135623730951,1,9.273618495495704,0.15249857033260467,0.7180607827429069,1.2,0,,95,100,61,67,137,142,-7.120605107160347,0.0,0.9997582208424244,True,0,absent,0.5530794707693413
BraTS-GLI-02248-102,sustraccion,prediction_component,226,28,13824.0,1.7226912333906255e-05,3.356350139245953e-08,1.4142135623730951,1,11.661903789690601,0.12126781251816648,0.7507439778384809,1.3333333333333333,0,,95,101,101,109,105,111,-7.474132739258595,0.0,0.9986065356858993,True,0,absent,0.5530794707693413
BraTS-GLI-02248-102,sustraccion,prediction_component,228,17,7680.0,2.5258472975227388e-05,7.215502078433436e-08,1.4142135623730951,1,7.0710678118654755,0.2,0.8866010210973454,1.6666666666666667,0,,95,100,140,144,134,137,-7.141733443876567,0.0,0.9999319269700248,True,0,absent,0.5530794707693413
BraTS-GLI-02248-102,sustraccion,prediction_component,229,24,9984.0,2.4057715415427756e-05,6.545776006567085e-08,1.4142135623730951,1,8.660254037844387,0.1632993161855452,0.7903281549671363,1.0,0,,96,101,28,33,107,112,-7.184038860130413,0.0,0.9997973344361176,True,0,absent,0.5530794707693413
BraTS-GLI-02248-102,sustraccion,prediction_component,230,14,7680.0,2.080109539136373e-05,4.8935585030206e-08,1.4142135623730951,1,7.54983443527075,0.1873171623163388,0.9458781407605124,1.25,0,,96,101,45,49,41,45,-7.310375215276639,0.0,0.9998683165549729,True,0,absent,0.5530794707693413
BraTS-GLI-02248-102,sustraccion,prediction_component,231,218,61696.0,1.4225612737797135e-05,2.2887288129535095e-08,1.7320508075688772,1,27.147743920996454,0.06380091150886702,0.4639145558930288,2.2222222222222223,0,,97,117,31,40,60,76,-7.640405662989523,0.0,0.983067678582525,True,0,absent,0.5530794707693413
BraTS-GLI-02248-102,sustraccion,prediction_component,232,12,5376.0,3.04433440619409e-05,1.0481829363285631e-07,1.4142135623730951,1,5.830951894845301,0.24253562503633297,0.9957510787676723,1.3333333333333333,0,,97,100,34,37,57,61,-6.979562914580636,0.0,0.9999873098721701,True,0,absent,0.5530794707693413
BraTS-GLI-02248-102,sustraccion,prediction_component,233,19,8448.0,2.446936747720066e-05,6.771702339772293e-08,1.4142135623730951,1,7.810249675906654,0.1810714920850371,0.8543319874271107,2.0,0,,97,101,59,62,106,112,-7.169302140202132,0.0,0.9998844448146892,True,0,absent,0.5530794707693413
BraTS-GLI-02248-102,sustraccion,prediction_component,238,12,5376.0,3.04433440619409e-05,1.0481829363285631e-07,1.4142135623730951,1,5.830951894845301,0.24253562503633297,0.9957510787676723,1.3333333333333333,0,,98,101,41,45,114,117,-6.979562914580636,0.0,0.9999873098721701,True,0,absent,0.5530794707693413
BraTS-GLI-02248-102,sustraccion,prediction_component,241,196,68096.0,1.1029953167132917e-05,1.3759406783741509e-08,1.4142135623730951,1,27.748873851023216,0.050964719143762556,0.39245738926710183,2.2222222222222223,0,,98,118,135,144,31,48,-7.861400289654377,0.0,0.9421040008683804,True,0,absent,0.5530794707693413
BraTS-GLI-02248-102,sustraccion,prediction_component,242,12,6144.0,2.4917498197257264e-05,7.022006780482366e-08,1.4142135623730951,1,6.4031242374328485,0.2208630521496931,0.9957510787676723,1.3333333333333333,0,,98,101,176,180,80,84,-7.153538755513696,0.0,0.9999647617941148,True,0,absent,0.5530794707693413
BraTS-GLI-02248-102,sustraccion,prediction_component,244,14,7680.0,2.080109539136373e-05,4.8935585030206e-08,1.4142135623730951,1,8.12403840463596,0.17407765595569785,0.9458781407605124,1.25,0,,99,103,116,121,73,78,-7.310375215276639,0.0,0.9998348244721845,True,0,absent,0.5530794707693413
BraTS-GLI-02248-102,sustraccion,prediction_component,247,45,18688.0,1.761441708524814e-05,3.509044895533542e-08,1.4142135623730951,1,11.74734012447073,0.12038585308576921,0.6409247308398612,1.6,0,,100,108,138,145,88,93,-7.454811075284808,0.0,0.998137758986717,True,0,absent,0.5530794707693413
BraTS-GLI-02248-102,sustraccion,prediction_component,248,33,13824.0,2.030314667924666e-05,4.662073088825055e-08,1.4142135623730951,1,10.677078252031311,0.13245323570650439,0.7107331206052484,1.6,0,,100,108,143,148,134,139,-7.331420922187259,0.0,0.9992334698873373,True,0,absent,0.5530794707693413
BraTS-GLI-02248-102,sustraccion,prediction_component,251,16,6656.0,2.9464563572443515e-05,9.818664009850627e-08,1.4142135623730951,1,6.4031242374328485,0.2208630521496931,0.9046998952817776,1.3333333333333333,0,,101,105,57,61,143,146,-7.007947601074732,0.0,0.9999727215274006,True,0,absent,0.5530794707693413
BraTS-GLI-02248-102,sustraccion,prediction_component,252,12,6144.0,2.4917498197257264e-05,7.022006780482366e-08,1.4142135623730951,1,6.4031242374328485,0.2208630521496931,0.9957510787676723,1.3333333333333333,0,,101,105,70,73,137,141,-7.153538755513696,0.0,0.9999647617941148,True,0,absent,0.5530794707693413
BraTS-GLI-02248-102,sustraccion,prediction_component,253,256,81920.0,1.0918300671385692e-05,1.3482253018526143e-08,1.4142135623730951,1,33.61547262794322,0.042070316191167134,0.35903039137145343,2.5454545454545454,0,,101,129,99,114,144,155,-7.870237526810146,0.0,0.9240278828948078,True,0,absent,0.5530794707693413
BraTS-GLI-02248-102,sustraccion,prediction_component,254,32,12544.0,2.2776967930029154e-05,5.867379701897496e-08,1.4142135623730951,1,9.273618495495704,0.15249857033260467,0.7180607827429069,1.2,0,,102,107,42,47,44,50,-7.231555805919856,0.0,0.9996339987287177,True,0,absent,0.5530794707693413
BraTS-GLI-02248-102,sustraccion,prediction_component,255,60,23040.0,1.7156454319489906e-05,3.328951362599048e-08,1.4142135623730951,1,16.55294535724685,0.08543576577167611,0.5823187634322541,1.7142857142857142,0,,102,114,57,66,33,40,-7.477692550024815,0.0,0.9955694570279998,True,0,absent,0.5530794707693413
BraTS-GLI-02248-102,sustraccion,prediction_component,256,12,5376.0,3.04433440619409e-05,1.0481829363285631e-07,1.4142135623730951,1,5.830951894845301,0.24253562503633297,0.9957510787676723,1.3333333333333333,0,,102,105,64,68,90,93,-6.979562914580636,0.0,0.9999873098721701,True,0,absent,0.5530794707693413
BraTS-GLI-02248-102,sustraccion,prediction_component,257,34,12800.0,2.3478154844084584e-05,6.234193795766489e-08,1.4142135623730951,1,9.797958971132712,0.14433756729740646,0.7036956967830031,2.0,0,,102,110,93,97,152,156,-7.205219701397674,0.0,0.9996008530606888,True,0,absent,0.5530794707693413
BraTS-GLI-02248-102,sustraccion,prediction_component,260,12,5376.0,3.04433440619409e-05,1.0481829363285631e-07,1.4142135623730951,1,5.830951894845301,0.24253562503633297,0.9957510787676723,1.3333333333333333,0,,103,106,70,74,90,93,-6.979562914580636,0.0,0.9999873098721701,True,0,absent,0.5530794707693413
BraTS-GLI-02248-102,sustraccion,prediction_component,261,12,6144.0,2.4917498197257264e-05,7.022006780482366e-08,1.4142135623730951,1,6.4031242374328485,0.2208630521496931,0.9957510787676723,1.3333333333333333,0,,103,107,104,107,143,147,-7.153538755513696,0.0,0.9999647617941148,True,0,absent,0.5530794707693413
BraTS-GLI-02248-102,sustraccion,prediction_component,263,122,53760.0,9.787481194169366e-06,1.0834135294662731e-08,1.4142135623730951,1,24.839484696748443,0.0569340942309572,0.4596471701619891,1.0714285714285714,0,,103,117,170,185,107,121,-7.965205745326389,0.0,0.9379808739209475,True,0,absent,0.5530794707693413
BraTS-GLI-02248-102,sustraccion,prediction_component,264,93,35072.0,1.4159311945365743e-05,2.2674445390662542e-08,1.7320508075688772,1,18.547236990991408,0.09338592095470354,0.6162579207174524,1.2,0,,103,113,177,187,60,72,-7.644463326835478,0.0,0.9935353080280644,True,0,absent,0.5530794707693413
BraTS-GLI-02248-102,sustraccion,prediction_component,265,20,8192.0,2.6973983046972178e-05,8.228914195877773e-08,1.4142135623730951,1,6.928203230275509,0.20412414523193154,0.8398489863421099,1.0,0,,104,108,120,124,88,92,-7.084657466105883,0.0,0.9999405811325679,True,0,absent,0.5530794707693413
BraTS-GLI-02248-102,sustraccion,prediction_component,268,45,20224.0,1.564630993549467e-05,2.768702106984989e-08,1.4142135623730951,1,13.45362404707371,0.10511766624552735,0.6409247308398612,1.5,0,,105,114,35,41,102,110,-7.557723768794765,0.0,0.9964528282773202,True,0,absent,0.5530794707693413
BraTS-GLI-02248-102,sustraccion,prediction_component,269,21,8448.0,2.704509036953757e-05,8.272356597893577e-08,1.4142135623730951,1,7.54983443527075,0.1873171623163388,0.8263006657894747,1.25,0,,105,109,58,63,131,135,-7.082370752639951,0.0,0.9999180069876032,True,0,absent,0.5530794707693413
BraTS-GLI-02248-102,sustraccion,prediction_component,270,14,7680.0,2.080109539136373e-05,4.8935585030206e-08,1.4142135623730951,1,7.54983443527075,0.1873171623163388,0.9458781407605124,1.25,0,,105,109,62,66,42,47,-7.310375215276639,0.0,0.9998683165549729,True,0,absent,0.5530794707693413
BraTS-GLI-02248-102,sustraccion,prediction_component,272,126,56064.0,9.491709216067265e-06,1.0189226659623321e-08,1.4142135623730951,1,36.40054944640259,0.03885143449429057,0.45473078069167316,1.9285714285714286,0,,105,132,152,166,43,63,-7.991858776759357,0.0,0.9081745655899601,True,0,absent,0.5530794707693413
BraTS-GLI-02248-102,sustraccion,prediction_component,273,236,61440.0,1.549655608630626e-05,2.7159561780954572e-08,1.7320508075688772,1,24.124676163629637,0.0717958158617738,0.4518068690872568,3.8,0,,105,124,162,176,87,92,-7.566077241668732,0.0,0.9883166085869728,True,0,absent,0.5530794707693413
BraTS-GLI-02248-102,sustraccion,prediction_component,275,14,6144.0,2.9070414563466808e-05,9.557731451212109e-08,1.4142135623730951,1,6.928203230275509,0.20412414523193154,0.9458781407605124,1.0,0,,106,110,146,150,139,143,-7.019645176252469,0.0,0.999966684186979,True,0,absent,0.5530794707693413
BraTS-GLI-02248-102,sustraccion,prediction_component,276,33,12544.0,2.3488748177842566e-05,6.239820796256224e-08,1.4142135623730951,1,9.848857801796104,0.14359163172354764,0.7107331206052484,1.2,0,,107,113,36,42,95,100,-7.204827882803894,0.0,0.9996052057101932,True,0,absent,0.5530794707693413
BraTS-GLI-02248-102,sustraccion,prediction_component,278,12,5376.0,3.04433440619409e-05,1.0481829363285631e-07,1.4142135623730951,1,5.830951894845301,0.24253562503633297,0.9957510787676723,1.3333333333333333,0,,107,110,133,137,89,92,-6.979562914580636,0.0,0.9999873098721701,True,0,absent,0.5530794707693413
BraTS-GLI-02248-102,sustraccion,prediction_component,282,1326,324864.0,7.161288052681302e-06,5.800089022617199e-09,2.23606797749979,1,56.97367813297646,0.039247386701641615,0.3280953162147336,2.9285714285714284,6,,108,145,120,161,83,97,-8.236565340620734,1.9459101490553132,0.5563708101423426,True,0,absent,0.5530794707693413
BraTS-GLI-02248-102,sustraccion,prediction_component,283,304,91392.0,1.1003005029405528e-05,1.3692255558345841e-08,1.7320508075688772,1,33.76388603226827,0.0512989176042577,0.4152397962374083,1.375,0,,109,125,39,59,39,61,-7.8635250035932,0.0,0.9458001817612834,True,0,absent,0.5530794707693413
BraTS-GLI-02248-102,sustraccion,prediction_component,286,2163,498944.0,6.137320633054283e-06,4.260003923101367e-09,2.449489742783178,1,68.07348970047003,0.03598302002087994,0.30531840749022715,4.416666666666667,7,,109,150,72,125,82,94,-8.370590000948809,2.0794415416798357,0.388311589169538,False,0,absent,0.5530794707693413
BraTS-GLI-02248-102,sustraccion,prediction_component,287,315,100864.0,9.83345813334426e-06,1.0936161615032196e-08,1.7320508075688772,1,43.87482193696061,0.03947710169758614,0.41034893681146845,1.5,0,,109,139,114,139,131,151,-7.9611350803716485,0.0,0.9069231871381636,True,0,absent,0.5530794707693413
BraTS-GLI-02248-102,sustraccion,prediction_component,289,29,14592.0,1.645226766159808e-05,3.0612860066472505e-08,1.4142135623730951,1,11.704699910719626,0.1208244186660354,0.742013605090188,2.6666666666666665,0,,109,112,131,139,129,137,-7.51409609369369,0.0,0.9983244912795051,True,0,absent,0.5530794707693413
BraTS-GLI-02248-102,sustraccion,prediction_component,290,22,10752.0,1.9732803775844155e-05,4.403824142213755e-08,1.4142135623730951,1,8.774964387392123,0.16116459280507606,0.8135863258112027,1.5,0,,109,114,138,142,138,144,-7.3561700320234165,0.0,0.9996284258130589,True,0,absent,0.5530794707693413
BraTS-GLI-02248-102,sustraccion,prediction_component,295,35,13312.0,2.2787835773037272e-05,5.872980181673349e-08,1.4142135623730951,1,9.486832980505138,0.14907119849998599,0.6969289728874266,1.75,0,,111,118,87,92,34,38,-7.2311414646779735,0.0,0.9995856981870193,True,0,absent,0.5530794707693413
BraTS-GLI-02248-102,sustraccion,prediction_component,297,165,54784.0,1.2867771379311186e-05,1.8726604822717155e-08,1.4142135623730951,1,30.083217912982647,0.047010049472226846,0.4156392503570261,2.625,0,,111,119,150,170,118,139,-7.727540954093888,0.0,0.9642744692091381,True,0,absent,0.5530794707693413
BraTS-GLI-02248-102,sustraccion,prediction_component,298,34,13056.0,2.279101699264339e-05,5.874620051645378e-08,1.4142135623730951,1,9.695359714832659,0.14586499149789456,0.7036956967830031,2.3333333333333335,0,,112,118,102,109,89,92,-7.231020216683427,0.0,0.9995717975151264,True,0,absent,0.5530794707693413
BraTS-GLI-02248-102,sustraccion,prediction_component,302,12,5376.0,3.04433440619409e-05,1.0481829363285631e-07,1.4142135623730951,1,5.830951894845301,0.24253562503633297,0.9957510787676723,1.3333333333333333,0,,114,118,61,64,88,91,-6.979562914580636,0.0,0.9999873098721701,True,0,absent,0.5530794707693413
BraTS-GLI-02248-102,sustraccion,prediction_component,307,12,6144.0,2.4917498197257264e-05,7.022006780482366e-08,1.4142135623730951,1,6.4031242374328485,0.2208630521496931,0.9957510787676723,1.3333333333333333,0,,115,119,130,133,93,97,-7.153538755513696,0.0,0.9999647617941148,True,0,absent,0.5530794707693413
BraTS-GLI-02248-102,sustraccion,prediction_component,310,86,30976.0,1.5774675995492112e-05,2.8143186524488673e-08,1.4142135623730951,1,17.349351572897472,0.08151391459392225,0.5164699412900353,2.0,0,,117,128,48,54,112,124,-7.550626730936342,0.0,0.9923594162403901,True,0,absent,0.5530794707693413
BraTS-GLI-02248-102,sustraccion,prediction_component,315,17,8448.0,2.1893644584863748e-05,5.421113507463137e-08,1.4142135623730951,1,7.54983443527075,0.1873171623163388,0.8866010210973454,1.25,0,,118,123,137,141,39,43,-7.265911499351242,0.0,0.9998654673288377,True,0,absent,0.5530794707693413
BraTS-GLI-02248-102,sustraccion,prediction_component,316,14,6144.0,2.9070414563466808e-05,9.557731451212109e-08,1.4142135623730951,1,6.928203230275509,0.20412414523193154,0.9458781407605124,1.0,0,,119,123,45,49,110,114,-7.019645176252469,0.0,0.999966684186979,True,0,absent,0.5530794707693413
BraTS-GLI-02248-102,sustraccion,prediction_component,317,14,7680.0,2.080109539136373e-05,4.8935585030206e-08,1.4142135623730951,1,7.54983443527075,0.1873171623163388,0.9458781407605124,1.25,0,,119,123,110,114,131,136,-7.310375215276639,0.0,0.9998683165549729,True,0,absent,0.5530794707693413
BraTS-GLI-02248-102,sustraccion,prediction_component,318,99,35840.0,1.4590937363651496e-05,2.4077908497553704e-08,1.4142135623730951,1,22.38302928559939,0.06318240236065635,0.49279482222605836,2.2857142857142856,0,,120,136,69,76,34,48,-7.618381240313742,0.0,0.9855798152293399,True,0,absent,0.5530794707693413
BraTS-GLI-02248-102,sustraccion,prediction_component,319,14,6144.0,2.9070414563466808e-05,9.557731451212109e-08,1.4142135623730951,1,6.928203230275509,0.20412414523193154,0.9458781407605124,1.0,0,,120,124,75,79,100,104,-7.019645176252469,0.0,0.999966684186979,True,0,absent,0.5530794707693413
BraTS-GLI-02248-102,sustraccion,prediction_component,320,23,10240.0,2.2196162775840064e-05,5.571962380312757e-08,1.4142135623730951,1,7.681145747868608,0.1841149235796647,0.8016200827808712,1.6666666666666667,0,,120,125,86,89,35,40,-7.253991824422829,0.0,0.9998221403185263,True,0,absent,0.5530794707693413
BraTS-GLI-02248-102,sustraccion,prediction_component,323,14,7680.0,2.080109539136373e-05,4.8935585030206e-08,1.4142135623730951,1,7.54983443527075,0.1873171623163388,0.9458781407605124,1.25,0,,121,126,103,107,100,104,-7.310375215276639,0.0,0.9998683165549729,True,0,absent,0.5530794707693413
BraTS-GLI-02248-102,sustraccion,prediction_component,324,21,11520.0,1.6984023266599966e-05,3.262372335347067e-08,1.4142135623730951,1,10.488088481701515,0.13483997249264842,0.8263006657894747,1.4,0,,121,128,117,123,33,38,-7.48646647433232,0.0,0.9990888952465918,True,0,absent,0.5530794707693413
BraTS-GLI-02248-102,sustraccion,prediction_component,325,34,14592.0,1.9288865534287406e-05,4.2079032386257095e-08,1.4142135623730951,1,11.180339887498949,0.12649110640673517,0.7036956967830031,1.6,0,,122,130,74,79,125,131,-7.375934255407092,0.0,0.9989751062739906,True,0,absent,0.5530794707693413
BraTS-GLI-02248-102,sustraccion,prediction_component,328,12,5376.0,3.04433440619409e-05,1.0481829363285631e-07,1.4142135623730951,1,5.830951894845301,0.24253562503633297,0.9957510787676723,1.3333333333333333,0,,122,125,103,107,31,34,-6.979562914580636,0.0,0.9999873098721701,True,0,absent,0.5530794707693413
BraTS-GLI-02248-102,sustraccion,prediction_component,329,158,56320.0,1.1821242261762279e-05,1.58044216920777e-08,1.4142135623730951,1,27.748873851023216,0.050964719143762556,0.4216889025205654,1.1333333333333333,0,,122,139,121,137,40,55,-7.801221391031901,0.0,0.9571779814877887,True,0,absent,0.5530794707693413
BraTS-GLI-02248-102,sustraccion,prediction_component,330,70,30720.0,1.3000684619602331e-05,1.9115462902424218e-08,1.4142135623730951,1,21.0,0.06734350297014739,0.5531528923543089,2.0,0,,122,136,140,147,43,57,-7.718615180588489,0.0,0.9838918893600126,True,0,absent,0.5530794707693413
BraTS-GLI-02248-102,sustraccion,prediction_component,331,50,22272.0,1.5042886455496178e-05,2.559261882354018e-08,1.4142135623730951,1,13.45362404707371,0.10511766624552735,0.6188060239571066,1.5,0,,123,132,81,87,138,146,-7.5918852716579455,0.0,0.9956807622521038,True,0,absent,0.5530794707693413
BraTS-GLI-02248-102,sustraccion,prediction_component,332,264,78592.0,1.1982195899497744e-05,1.6237725854601694e-08,1.7320508075688772,1,33.301651610693426,0.05201095812955721,0.43523337219470876,1.4666666666666666,0,,123,145,85,100,124,144,-7.789474795166025,0.0,0.9612694144626568,True,0,absent,0.5530794707693413
BraTS-GLI-02248-102,sustraccion,prediction_component,333,64,27136.0,1.4317303395596466e-05,2.3183277287577614e-08,1.4142135623730951,1,18.681541692269406,0.07570111641044645,0.5699252209515996,2.1666666666666665,0,,123,135,143,149,122,135,-7.634825170300664,0.0,0.9902583739385913,True,0,absent,0.5530794707693413
BraTS-GLI-02248-102,sustraccion,prediction_component,334,23,10496.0,2.1389079908047943e-05,5.174120984025427e-08,1.4142135623730951,1,8.366600265340756,0.16903085094570333,0.8016200827808712,2.0,0,,123,129,167,172,89,92,-7.2861634205981485,0.0,0.9997403358850628,True,0,absent,0.5530794707693413
BraTS-GLI-02248-102,sustraccion,prediction_component,338,36,16128.0,1.7576472889193975e-05,3.49394312109521e-08,1.4142135623730951,1,11.357816691600547,0.12451456127293807,0.6904152369103725,2.0,0,,126,133,85,89,46,54,-7.456684169300298,0.0,0.9985054386267747,True,0,absent,0.5530794707693413
BraTS-GLI-02248-102,sustraccion,prediction_component,339,86,28416.0,1.7953702939082494e-05,3.6455280453945306e-08,1.4142135623730951,1,15.7797338380595,0.08962214298964417,0.5164699412900353,3.25,0,,126,139,126,134,87,91,-7.438239556346964,0.0,0.9956165166612354,True,0,absent,0.5530794707693413
BraTS-GLI-02248-102,sustraccion,prediction_component,343,12,5376.0,3.04433440619409e-05,1.0481829363285631e-07,1.4142135623730951,1,5.830951894845301,0.24253562503633297,0.9957510787676723,1.3333333333333333,0,,128,131,49,52,65,69,-6.979562914580636,0.0,0.9999873098721701,True,0,absent,0.5530794707693413
BraTS-GLI-02248-102,sustraccion,prediction_component,344,96,41984.0,1.1159519952025015e-05,1.4084563737233677e-08,1.4142135623730951,1,20.784609690826528,0.06804138174397717,0.49787553938383616,1.0,0,,128,140,59,71,118,130,-7.851256600538084,0.0,0.9693313955572213,True,0,absent,0.5530794707693413
BraTS-GLI-02248-102,sustraccion,prediction_component,345,37,13056.0,2.480198908022957e-05,6.957054369119829e-08,1.4142135623730951,1,9.848857801796104,0.14359163172354764,0.6841383873286643,1.2,0,,129,134,50,56,73,79,-7.157574602633947,0.0,0.9996400591635732,True,0,absent,0.5530794707693413
BraTS-GLI-02248-102,sustraccion,prediction_component,351,12,5376.0,3.04433440619409e-05,1.0481829363285631e-07,1.4142135623730951,1,5.830951894845301,0.24253562503633297,0.9957510787676723,1.3333333333333333,0,,131,134,112,116,40,43,-6.979562914580636,0.0,0.9999873098721701,True,0,absent,0.5530794707693413
BraTS-GLI-02248-102,sustraccion,prediction_component,353,118,41216.0,1.4102082312726532e-05,2.2491522980355027e-08,1.4142135623730951,1,24.186773244895647,0.058470534620468625,0.46478331785406446,1.7,0,,133,147,83,93,42,59,-7.647981135957426,0.0,0.9810093950871023,True,0,absent,0.5530794707693413
BraTS-GLI-02248-102,sustraccion,prediction_component,355,80,33792.0,1.2878614461684558e-05,1.8758178226516048e-08,1.4142135623730951,1,20.024984394500787,0.07062245515464487,0.529071708312648,2.0,0,,135,143,67,76,112,128,-7.72680934210779,0.0,0.9830680466603215,True,0,absent,0.5530794707693413
BraTS-GLI-02248-102,sustraccion,prediction_component,357,46,17920.0,1.9175682208908382e-05,4.1586657998835744e-08,1.4142135623730951,1,12.806248474865697,0.11043152607484655,0.6362462813425951,1.3333333333333333,0,,136,142,61,69,99,107,-7.3810459791537495,0.0,0.9982986578353189,True,0,absent,0.5530794707693413
BraTS-GLI-02248-102,sustraccion,prediction_component,360,28,12288.0,2.055588726973155e-05,4.7788657256060547e-08,1.4142135623730951,1,9.9498743710662,0.1421338109037403,0.7507439778384809,1.4,0,,137,144,100,105,51,56,-7.3206751719164505,0.0,0.9994501921689506,True,0,absent,0.5530794707693413
BraTS-GLI-02248-102,sustraccion,prediction_component,361,12,5376.0,3.04433440619409e-05,1.0481829363285631e-07,1.4142135623730951,1,5.830951894845301,0.24253562503633297,0.9957510787676723,1.3333333333333333,0,,138,141,115,119,128,131,-6.979562914580636,0.0,0.9999873098721701,True,0,absent,0.5530794707693413
BraTS-GLI-02248-102,sustraccion,prediction_component,362,41,14080.0,2.4540300391506502e-05,6.81101948133507e-08,1.4142135623730951,1,9.848857801796104,0.14359163172354764,0.6611244956113513,1.2,0,,140,145,113,119,122,128,-7.166787877517388,0.0,0.9995993137805039,True,0,absent,0.5530794707693413
BraTS-GLI-02248-102,sustraccion,prediction_component,363,17,6912.0,2.9583075859084555e-05,9.897808063694699e-08,1.4142135623730951,1,6.557438524302,0.21566554640687685,0.8866010210973454,1.6666666666666667,0,,143,146,126,131,88,91,-7.004460972194542,0.0,0.9999688342840773,True,0,absent,0.5530794707693413
BraTS-GLI-02248-102,gmm_2d,prediction_component,1,25,9984.0,2.5060120224403912e-05,7.102621534903521e-08,1.7320508075688772,1,8.660254037844387,0.19999999999999996,0.9548683406603533,1.0,0,,14,19,86,91,93,98,-7.14858132620955,0.0,0.999943732308326,True,0,absent,0.5530794707693413
BraTS-GLI-02248-102,gmm_2d,prediction_component,2,737,190976.0,8.830784743836638e-06,8.819642281830469e-09,2.23606797749979,1,43.73785545725808,0.05112431677600063,0.3990482182115896,1.3636363636363635,3,,15,38,67,97,90,112,-8.054549029174032,1.3862943611198906,0.8252354553816073,True,0,absent,0.5530794707693413
BraTS-GLI-02248-102,gmm_2d,prediction_component,3,173,41984.0,2.0110384913545077e-05,4.573968186758537e-08,2.449489742783178,1,17.832554500127006,0.13736056394868904,0.7086358625152129,1.8571428571428572,1,,19,26,65,75,63,76,-7.33970686035963,0.6931471805599453,0.9990421366527215,True,0,absent,0.5530794707693413
BraTS-GLI-02248-102,gmm_2d,prediction_component,4,211,45312.0,2.1875732685132647e-05,5.412246758953162e-08,2.23606797749979,1,16.30950643030009,0.13710212427677046,0.6054622263429159,1.375,1,,19,27,75,86,71,80,-7.266622410964162,0.6931471805599453,0.9989852157774184,True,0,absent,0.5530794707693413
BraTS-GLI-02248-102,gmm_2d,prediction_component,5,25,9984.0,2.5060120224403912e-05,7.102621534903521e-08,1.7320508075688772,1,8.660254037844387,0.19999999999999996,0.9548683406603533,1.0,0,,20,25,61,66,111,116,-7.14858132620955,0.0,0.999943732308326,True,0,absent,0.5530794707693413
BraTS-GLI-02248-102,gmm_2d,prediction_component,6,25,9984.0,2.5060120224403912e-05,7.102621534903521e-08,1.7320508075688772,1,8.660254037844387,0.19999999999999996,0.9548683406603533,1.0,0,,20,25,65,70,106,111,-7.14858132620955,0.0,0.999943732308326,True,0,absent,0.5530794707693413
BraTS-GLI-02248-102,gmm_2d,prediction_component,7,102974,16880896.0,1.4846850714826825e-06,2.4929929875815565e-10,5.656854249492381,4,242.1796853577938,0.023358087368620543,0.194548848461523,1.1221374045801527,188,,22,153,24,171,20,161,-9.603278943100285,5.241747015059643,0.0010498071287100448,False,0,absent,0.5530794707693413
BraTS-GLI-02248-102,gmm_2d,prediction_component,8,51,15104.0,2.7474652658327337e-05,8.537226323330647e-08,2.23606797749979,1,9.9498743710662,0.22473328748774737,0.9719810843490212,1.4,1,,25,32,57,62,88,93,-7.068683205204687,0.6931471805599453,0.9999661025846942,True,0,absent,0.5530794707693413
BraTS-GLI-02248-102,gmm_2d,prediction_component,9,1125,242176.0,9.439649519585569e-06,1.0077762360298904e-08,2.449489742783178,1,43.508619835614184,0.05629895298995756,0.3796537152064402,1.2727272727272727,10,,25,47,70,95,69,97,-7.996635886784743,2.3978952727983707,0.8026136057725959,True,0,absent,0.5530794707693413
BraTS-GLI-02248-102,gmm_2d,prediction_component,10,25,9984.0,2.5060120224403912e-05,7.102621534903521e-08,1.7320508075688772,1,8.660254037844387,0.19999999999999996,0.9548683406603533,1.0,0,,26,31,82,87,61,66,-7.14858132620955,0.0,0.999943732308326,True,0,absent,0.5530794707693413
BraTS-GLI-02248-102,gmm_2d,prediction_component,11,38,13824.0,2.3379381024587062e-05,6.181848980958109e-08,1.7320508075688772,1,9.848857801796104,0.17586311452816475,0.8304795924748166,1.2,0,,29,35,87,92,60,66,-7.2088816087094125,0.0,0.9998420452008846,True,0,absent,0.5530794707693413
BraTS-GLI-02248-102,gmm_2d,prediction_component,12,168,43520.0,1.8504440218054664e-05,3.872614585740707e-08,2.23606797749979,1,20.09975124224178,0.11124853987249621,0.6532480340020785,1.75,1,,31,43,111,125,54,62,-7.411995723157224,0.6931471805599453,0.9976648090940227,True,0,absent,0.5530794707693413
BraTS-GLI-02248-102,gmm_2d,prediction_component,13,237,57600.0,1.7144097222222224e-05,3.324157672636905e-08,2.23606797749979,1,22.693611435820433,0.09853292781642933,0.5824586374531712,1.3636363636363635,2,,32,47,33,44,105,118,-7.4783183847880075,1.0986122886681098,0.9945684431825282,True,0,absent,0.5530794707693413
BraTS-GLI-02248-102,gmm_2d,prediction_component,14,124,37632.0,1.6985789397395833e-05,3.2630508643075776e-08,1.7320508075688772,1,19.209372712298546,0.09016696346674323,0.5599074791157995,1.3333333333333333,0,,33,42,134,146,50,62,-7.4863761563941855,0.0,0.9954695422193586,True,0,absent,0.5530794707693413
BraTS-GLI-02248-102,gmm_2d,prediction_component,15,50,15360.0,2.6265349298824172e-05,7.802229756091518e-08,1.7320508075688772,1,10.392304845413264,0.16666666666666666,0.757879504227687,1.0,0,,34,40,113,119,49,55,-7.1077812649530205,0.0,0.9998405699403834,True,0,absent,0.5530794707693413
BraTS-GLI-02248-102,gmm_2d,prediction_component,16,25,9984.0,2.5060120224403912e-05,7.102621534903521e-08,1.7320508075688772,1,8.660254037844387,0.19999999999999996,0.9548683406603533,1.0,0,,34,39,129,134,131,136,-7.14858132620955,0.0,0.999943732308326,True,0,absent,0.5530794707693413
BraTS-GLI-02248-102,gmm_2d,prediction_component,17,25,9984.0,2.5060120224403912e-05,7.102621534903521e-08,1.7320508075688772,1,8.660254037844387,0.19999999999999996,0.9548683406603533,1.0,0,,35,40,114,119,133,138,-7.14858132620955,0.0,0.999943732308326,True,0,absent,0.5530794707693413
BraTS-GLI-02248-102,gmm_2d,prediction_component,18,47,14592.0,2.6664020003279646e-05,8.040880842667987e-08,1.7320508075688772,1,9.848857801796104,0.17586311452816475,0.7736731845058752,1.2,0,,35,40,132,138,120,126,-7.094696373620167,0.0,0.9998766147113484,True,0,absent,0.5530794707693413
BraTS-GLI-02248-102,gmm_2d,prediction_component,19,250,63232.0,1.5722971630656198e-05,2.7959000064498478e-08,2.23606797749979,1,23.53720459187964,0.09500142503206331,0.5721824536012475,1.5454545454545454,1,,35,47,133,144,127,144,-7.55347836490905,0.6931471805599453,0.9932654961210354,True,0,absent,0.5530794707693413
BraTS-GLI-02248-102,gmm_2d,prediction_component,20,25,9984.0,2.5060120224403912e-05,7.102621534903521e-08,1.7320508075688772,1,8.660254037844387,0.19999999999999996,0.9548683406603533,1.0,0,,36,41,38,43,80,85,-7.14858132620955,0.0,0.999943732308326,True,0,absent,0.5530794707693413
BraTS-GLI-02248-102,gmm_2d,prediction_component,21,174,42752.0,1.9684056076461308e-05,4.3820927014224e-08,2.23606797749979,1,18.138357147217054,0.12327841818038449,0.6456514378224489,1.5,1,,37,49,106,117,137,145,-7.358318439351678,0.6931471805599453,0.9984059169206079,True,0,absent,0.5530794707693413
BraTS-GLI-02248-102,gmm_2d,prediction_component,22,116,32000.0,2.0264366046091842e-05,4.6442802334025673e-08,2.0,1,14.798648586948742,0.13514747567989718,0.6610589696175404,1.5714285714285714,1,,38,45,108,115,124,135,-7.33308158304446,0.6931471805599453,0.9988719589978865,True,0,absent,0.5530794707693413
BraTS-GLI-02248-102,gmm_2d,prediction_component,23,56,16384.0,2.6702880859375e-05,8.064335911960217e-08,1.7320508075688772,1,11.0,0.15745916432444337,0.7297836929246639,1.1666666666666667,0,,40,47,95,101,66,72,-7.0934313904133885,0.0,0.9998066551705299,True,0,absent,0.5530794707693413
BraTS-GLI-02248-102,gmm_2d,prediction_component,24,50,19968.0,1.772018094802615e-05,3.551310767451761e-08,1.7320508075688772,1,12.884098726725126,0.13443321448446624,0.757879504227687,1.5,0,,41,50,144,150,47,54,-7.449611321873531,0.0,0.999007396941781,True,0,absent,0.5530794707693413
BraTS-GLI-02248-102,gmm_2d,prediction_component,25,151,45824.0,1.539350272312848e-05,2.6799536267639508e-08,2.23606797749979,1,22.135943621178654,0.10101525445522108,0.6768964288068925,1.3636363636363635,1,,44,59,128,139,28,40,-7.571872720827468,0.6931471805599453,0.995318149991959,True,0,absent,0.5530794707693413
BraTS-GLI-02248-102,gmm_2d,prediction_component,26,72,24576.0,1.8688123647942946e-05,3.949878814021331e-08,1.7320508075688772,1,13.45362404707371,0.12874232262686236,0.6711392913128504,1.5,0,,47,53,78,87,111,119,-7.403416228730296,0.0,0.9987887705334925,True,0,absent,0.5530794707693413
BraTS-GLI-02248-102,gmm_2d,prediction_component,27,50,19968.0,1.772018094802615e-05,3.551310767451761e-08,1.7320508075688772,1,12.806248474865697,0.13525044520011484,0.757879504227687,1.3333333333333333,0,,47,55,99,107,139,145,-7.449611321873531,0.0,0.9990211730947756,True,0,absent,0.5530794707693413
BraTS-GLI-02248-102,gmm_2d,prediction_component,28,38,12544.0,2.7047649416909622e-05,8.273922157753891e-08,1.7320508075688772,1,9.273618495495704,0.18677184190940707,0.8304795924748166,1.2,0,,49,54,101,106,41,47,-7.082288569326049,0.0,0.9999183504971614,True,0,absent,0.5530794707693413
BraTS-GLI-02248-102,gmm_2d,prediction_component,29,113,28416.0,2.3590330606003744e-05,6.293908546733744e-08,2.23606797749979,1,13.96424004376894,0.16012815380508716,0.7455699417598612,2.2,2,,51,56,140,151,101,108,-7.20107957186726,1.0986122886681098,0.9995973686941708,True,0,absent,0.5530794707693413
BraTS-GLI-02248-102,gmm_2d,prediction_component,30,62,16896.0,2.8230322416247298e-05,9.01330463784096e-08,1.7320508075688772,1,11.0,0.15745916432444337,0.7054392189315698,1.1666666666666667,0,,51,58,141,147,40,46,-7.045115950103225,0.0,0.9998256714596512,True,0,absent,0.5530794707693413
BraTS-GLI-02248-102,gmm_2d,prediction_component,31,81,21504.0,2.5686571552262635e-05,7.462161724448462e-08,2.23606797749979,1,12.36931687685298,0.18077538151554684,0.8330790228848893,1.5,1,,51,57,169,178,87,93,-7.127135342902473,0.6931471805599453,0.9998610855521549,True,0,absent,0.5530794707693413
BraTS-GLI-02248-102,gmm_2d,prediction_component,32,56,16384.0,2.6702880859375e-05,8.064335911960217e-08,1.7320508075688772,1,11.0,0.15745916432444337,0.7297836929246639,1.1666666666666667,0,,52,59,127,133,131,137,-7.0934313904133885,0.0,0.9998066551705299,True,0,absent,0.5530794707693413
BraTS-GLI-02248-102,gmm_2d,prediction_component,33,25,9984.0,2.5060120224403912e-05,7.102621534903521e-08,1.7320508075688772,1,8.660254037844387,0.19999999999999996,0.9548683406603533,1.0,0,,53,58,64,69,53,58,-7.14858132620955,0.0,0.999943732308326,True,0,absent,0.5530794707693413
BraTS-GLI-02248-102,gmm_2d,prediction_component,34,44,13824.0,2.7070862238995545e-05,8.288129935688987e-08,1.7320508075688772,1,10.392304845413264,0.16666666666666666,0.7908715233027805,1.0,0,,53,59,134,140,96,102,-7.081543448970658,0.0,0.9998697917142197,True,0,absent,0.5530794707693413
BraTS-GLI-02248-102,gmm_2d,prediction_component,35,158,40448.0,1.9422785258196532e-05,4.266535765356374e-08,2.23606797749979,1,16.24807680927192,0.13762047064079508,0.6667486979908527,1.25,1,,53,63,179,187,96,106,-7.36992460942855,0.6931471805599453,0.9987813186351862,True,0,absent,0.5530794707693413
BraTS-GLI-02248-102,gmm_2d,prediction_component,36,25,9984.0,2.5060120224403912e-05,7.102621534903521e-08,1.7320508075688772,1,8.660254037844387,0.19999999999999996,0.9548683406603533,1.0,0,,54,59,141,146,121,126,-7.14858132620955,0.0,0.999943732308326,True,0,absent,0.5530794707693413
BraTS-GLI-02248-102,gmm_2d,prediction_component,37,25,9984.0,2.5060120224403912e-05,7.102621534903521e-08,1.7320508075688772,1,8.660254037844387,0.19999999999999996,0.9548683406603533,1.0,0,,56,61,107,112,130,135,-7.14858132620955,0.0,0.999943732308326,True,0,absent,0.5530794707693413
BraTS-GLI-02248-102,gmm_2d,prediction_component,38,47,17664.0,2.0020009252686086e-05,4.5329499219084184e-08,1.7320508075688772,1,11.090536506409418,0.15617376188860604,0.7736731845058752,1.4,0,,56,63,122,129,89,94,-7.343619078814458,0.0,0.9995618639852177,True,0,absent,0.5530794707693413
BraTS-GLI-02248-102,gmm_2d,prediction_component,39,103,26880.0,2.337186279615395e-05,6.177873761949847e-08,2.23606797749979,1,13.379088160259652,0.1671315676162189,0.768957133841457,1.2857142857142858,1,,56,65,128,135,146,153,-7.209160970273597,0.6931471805599453,0.9997079775325151,True,0,absent,0.5530794707693413
BraTS-GLI-02248-102,gmm_2d,prediction_component,40,288,68096.0,1.6207278123134084e-05,2.970794034440482e-08,2.449489742783178,1,23.430749027719962,0.10454167469786334,0.5979171343242341,2.125,1,,56,73,178,192,85,93,-7.527127456848867,0.6931471805599453,0.9952128493332415,True,0,absent,0.5530794707693413
BraTS-GLI-02248-102,gmm_2d,prediction_component,41,88,33024.0,1.466351739580587e-05,2.4318046856220546e-08,1.7320508075688772,1,16.431676725154983,0.10540925533894598,0.627715144031263,1.5714285714285714,0,,57,64,156,166,57,68,-7.614071309071537,0.0,0.9954614791481434,True,0,absent,0.5530794707693413
BraTS-GLI-02248-102,gmm_2d,prediction_component,42,25,9984.0,2.5060120224403912e-05,7.102621534903521e-08,1.7320508075688772,1,8.660254037844387,0.19999999999999996,0.9548683406603533,1.0,0,,57,62,158,163,114,119,-7.14858132620955,0.0,0.999943732308326,True,0,absent,0.5530794707693413
BraTS-GLI-02248-102,gmm_2d,prediction_component,43,59,18176.0,2.4077120183702874e-05,6.556339810384356e-08,1.7320508075688772,1,11.180339887498949,0.15491933384829665,0.71719869927557,1.6,0,,58,66,109,114,153,159,-7.183338545347065,0.0,0.9997059469850754,True,0,absent,0.5530794707693413
BraTS-GLI-02248-102,gmm_2d,prediction_component,44,25,9984.0,2.5060120224403912e-05,7.102621534903521e-08,1.7320508075688772,1,8.660254037844387,0.19999999999999996,0.9548683406603533,1.0,0,,58,63,158,163,121,126,-7.14858132620955,0.0,0.999943732308326,True,0,absent,0.5530794707693413
BraTS-GLI-02248-102,gmm_2d,prediction_component,45,25,9984.0,2.5060120224403912e-05,7.102621534903521e-08,1.7320508075688772,1,8.660254037844387,0.19999999999999996,0.9548683406603533,1.0,0,,58,63,169,174,87,92,-7.14858132620955,0.0,0.999943732308326,True,0,absent,0.5530794707693413
BraTS-GLI-02248-102,gmm_2d,prediction_component,46,71,24064.0,1.9019829539035057e-05,4.091340398225242e-08,1.7320508075688772,1,13.379088160259652,0.1294595556006309,0.6742755017744779,1.2857142857142858,0,,59,66,120,129,24,31,-7.388134385835073,0.0,0.9988810394904944,True,0,absent,0.5530794707693413
BraTS-GLI-02248-102,gmm_2d,prediction_component,47,88,25856.0,2.116609122120568e-05,5.066799283678578e-08,1.7320508075688772,1,14.071247279470288,0.12309149097933272,0.627715144031263,1.4285714285714286,0,,60,70,135,142,35,42,-7.295266299521718,0.0,0.9989780297120853,True,0,absent,0.5530794707693413
BraTS-GLI-02248-102,gmm_2d,prediction_component,48,25,9984.0,2.5060120224403912e-05,7.102621534903521e-08,1.7320508075688772,1,8.660254037844387,0.19999999999999996,0.9548683406603533,1.0,0,,62,67,91,96,135,140,-7.14858132620955,0.0,0.999943732308326,True,0,absent,0.5530794707693413
BraTS-GLI-02248-102,gmm_2d,prediction_component,49,38,13824.0,2.3379381024587062e-05,6.181848980958109e-08,1.7320508075688772,1,9.848857801796104,0.17586311452816475,0.8304795924748166,1.2,0,,62,68,117,122,98,104,-7.2088816087094125,0.0,0.9998420452008846,True,0,absent,0.5530794707693413
BraTS-GLI-02248-102,gmm_2d,prediction_component,50,25,9984.0,2.5060120224403912e-05,7.102621534903521e-08,1.7320508075688772,1,8.660254037844387,0.19999999999999996,0.9548683406603533,1.0,0,,63,68,121,126,153,158,-7.14858132620955,0.0,0.999943732308326,True,0,absent,0.5530794707693413
BraTS-GLI-02248-102,gmm_2d,prediction_component,51,25,9984.0,2.5060120224403912e-05,7.102621534903521e-08,1.7320508075688772,1,8.660254037844387,0.19999999999999996,0.9548683406603533,1.0,0,,63,68,176,181,124,129,-7.14858132620955,0.0,0.999943732308326,True,0,absent,0.5530794707693413
BraTS-GLI-02248-102,gmm_2d,prediction_component,52,82,26880.0,1.860672572120994e-05,3.915545591040699e-08,1.7320508075688772,1,14.071247279470288,0.12309149097933272,0.6426663285123421,1.4285714285714286,0,,64,74,141,148,49,56,-7.407207714916509,0.0,0.9985194826295672,True,0,absent,0.5530794707693413
BraTS-GLI-02248-102,gmm_2d,prediction_component,53,155,41728.0,1.8184038557463423e-05,3.7396681077201066e-08,1.7320508075688772,1,19.672315572906,0.08804509063256238,0.5197720605840349,1.8571428571428572,0,,65,72,33,46,124,137,-7.427166939345418,0.0,0.9957236192628074,True,0,absent,0.5530794707693413
BraTS-GLI-02248-102,gmm_2d,prediction_component,54,38,13824.0,2.3379381024587062e-05,6.181848980958109e-08,1.7320508075688772,1,9.848857801796104,0.17586311452816475,0.8304795924748166,1.2,0,,65,70,130,136,30,36,-7.2088816087094125,0.0,0.9998420452008846,True,0,absent,0.5530794707693413
BraTS-GLI-02248-102,gmm_2d,prediction_component,55,25,9984.0,2.5060120224403912e-05,7.102621534903521e-08,1.7320508075688772,1,8.660254037844387,0.19999999999999996,0.9548683406603533,1.0,0,,65,70,189,194,85,90,-7.14858132620955,0.0,0.999943732308326,True,0,absent,0.5530794707693413
BraTS-GLI-02248-102,gmm_2d,prediction_component,56,25,9984.0,2.5060120224403912e-05,7.102621534903521e-08,1.7320508075688772,1,8.660254037844387,0.19999999999999996,0.9548683406603533,1.0,0,,66,71,46,51,134,139,-7.14858132620955,0.0,0.999943732308326,True,0,absent,0.5530794707693413
BraTS-GLI-02248-102,gmm_2d,prediction_component,57,50,18688.0,1.95715745391646e-05,4.332154192016719e-08,1.7320508075688772,1,11.74734012447073,0.14744195615489714,0.757879504227687,1.6,0,,67,74,157,165,89,94,-7.3632960941634575,0.0,0.9994244023643076,True,0,absent,0.5530794707693413
BraTS-GLI-02248-102,gmm_2d,prediction_component,58,217,59648.0,1.4895871059324158e-05,2.5094825617713307e-08,2.23606797749979,1,24.535688292770594,0.09113532707206115,0.5998296931169057,1.4166666666666667,1,,67,80,186,198,103,120,-7.600415817855126,0.6931471805599453,0.992152046645058,True,0,absent,0.5530794707693413
BraTS-GLI-02248-102,gmm_2d,prediction_component,59,68,20992.0,2.235775465977981e-05,5.653387388972962e-08,1.7320508075688772,1,12.206555615733702,0.14189513095212064,0.6840489693598067,1.3333333333333333,0,,67,73,187,194,64,72,-7.247691254212805,0.0,0.9994809691353563,True,0,absent,0.5530794707693413
BraTS-GLI-02248-102,gmm_2d,prediction_component,60,38,12544.0,2.7047649416909622e-05,8.273922157753891e-08,1.7320508075688772,1,9.273618495495704,0.18677184190940707,0.8304795924748166,1.2,0,,68,73,138,144,109,114,-7.082288569326049,0.0,0.9999183504971614,True,0,absent,0.5530794707693413
BraTS-GLI-02248-102,gmm_2d,prediction_component,61,71,19968.0,2.5162656946197136e-05,7.160863031489731e-08,1.7320508075688772,1,11.661903789690601,0.14852213144650114,0.6742755017744779,1.3333333333333333,0,,68,74,165,173,90,96,-7.145034633107418,0.0,0.9996743208243513,True,0,absent,0.5530794707693413
BraTS-GLI-02248-102,gmm_2d,prediction_component,62,154,46336.0,1.5439844090186845e-05,2.6961136463410964e-08,1.7320508075688772,1,19.748417658131498,0.08770580193070292,0.5208946819129552,1.3,0,,69,82,86,97,63,73,-7.569261805408755,0.0,0.9927318136661027,True,0,absent,0.5530794707693413
BraTS-GLI-02248-102,gmm_2d,prediction_component,63,25,9984.0,2.5060120224403912e-05,7.102621534903521e-08,1.7320508075688772,1,8.660254037844387,0.19999999999999996,0.9548683406603533,1.0,0,,69,74,192,197,73,78,-7.14858132620955,0.0,0.999943732308326,True,0,absent,0.5530794707693413
BraTS-GLI-02248-102,gmm_2d,prediction_component,64,38,12544.0,2.7047649416909622e-05,8.273922157753891e-08,1.7320508075688772,1,9.273618495495704,0.18677184190940707,0.8304795924748166,1.2,0,,71,76,46,51,49,55,-7.082288569326049,0.0,0.9999183504971614,True,0,absent,0.5530794707693413
BraTS-GLI-02248-102,gmm_2d,prediction_component,65,44,13824.0,2.7070862238995545e-05,8.288129935688987e-08,1.7320508075688772,1,10.392304845413264,0.16666666666666666,0.7908715233027805,1.0,0,,71,77,191,197,81,87,-7.081543448970658,0.0,0.9998697917142197,True,0,absent,0.5530794707693413
BraTS-GLI-02248-102,gmm_2d,prediction_component,66,25,9984.0,2.5060120224403912e-05,7.102621534903521e-08,1.7320508075688772,1,8.660254037844387,0.19999999999999996,0.9548683406603533,1.0,0,,72,77,59,64,131,136,-7.14858132620955,0.0,0.999943732308326,True,0,absent,0.5530794707693413
BraTS-GLI-02248-102,gmm_2d,prediction_component,67,51,15104.0,2.7474652658327337e-05,8.537226323330647e-08,2.23606797749979,1,9.9498743710662,0.22473328748774737,0.9719810843490212,1.4,1,,72,77,97,102,36,43,-7.068683205204687,0.6931471805599453,0.9999661025846942,True,0,absent,0.5530794707693413
BraTS-GLI-02248-102,gmm_2d,prediction_component,68,47,14592.0,2.6664020003279646e-05,8.040880842667987e-08,1.7320508075688772,1,9.848857801796104,0.17586311452816475,0.7736731845058752,1.2,0,,72,78,164,170,88,93,-7.094696373620167,0.0,0.9998766147113484,True,0,absent,0.5530794707693413
BraTS-GLI-02248-102,gmm_2d,prediction_component,69,50,17920.0,2.084313283576998e-05,4.91335751404014e-08,1.7320508075688772,1,11.661903789690601,0.14852213144650114,0.757879504227687,1.3333333333333333,0,,73,81,177,183,46,52,-7.308621633844861,0.0,0.9995393408515105,True,0,absent,0.5530794707693413
BraTS-GLI-02248-102,gmm_2d,prediction_component,70,25,9984.0,2.5060120224403912e-05,7.102621534903521e-08,1.7320508075688772,1,8.660254037844387,0.19999999999999996,0.9548683406603533,1.0,0,,74,79,76,81,73,78,-7.14858132620955,0.0,0.999943732308326,True,0,absent,0.5530794707693413
BraTS-GLI-02248-102,gmm_2d,prediction_component,71,38,12544.0,2.7047649416909622e-05,8.273922157753891e-08,1.7320508075688772,1,9.273618495495704,0.18677184190940707,0.8304795924748166,1.2,0,,74,79,153,159,139,144,-7.082288569326049,0.0,0.9999183504971614,True,0,absent,0.5530794707693413
BraTS-GLI-02248-102,gmm_2d,prediction_component,72,25,9984.0,2.5060120224403912e-05,7.102621534903521e-08,1.7320508075688772,1,8.660254037844387,0.19999999999999996,0.9548683406603533,1.0,0,,75,80,22,27,98,103,-7.14858132620955,0.0,0.999943732308326,True,0,absent,0.5530794707693413
BraTS-GLI-02248-102,gmm_2d,prediction_component,73,38,12544.0,2.7047649416909622e-05,8.273922157753891e-08,1.7320508075688772,1,9.273618495495704,0.18677184190940707,0.8304795924748166,1.2,0,,75,81,88,93,21,26,-7.082288569326049,0.0,0.9999183504971614,True,0,absent,0.5530794707693413
BraTS-GLI-02248-102,gmm_2d,prediction_component,74,130,29952.0,2.5078676406305573e-05,7.113143937177452e-08,2.23606797749979,1,13.892443989449804,0.16095569499491263,0.7115412589119685,1.8333333333333333,1,,75,86,190,196,86,92,-7.147938403098939,0.6931471805599453,0.999690360634949,True,0,absent,0.5530794707693413
BraTS-GLI-02248-102,gmm_2d,prediction_component,75,50,19968.0,1.772018094802615e-05,3.551310767451761e-08,1.7320508075688772,1,12.806248474865697,0.13525044520011484,0.757879504227687,1.3333333333333333,0,,76,84,132,138,121,129,-7.449611321873531,0.0,0.9990211730947756,True,0,absent,0.5530794707693413
BraTS-GLI-02248-102,gmm_2d,prediction_component,76,78,24320.0,2.0565972312562194e-05,4.783556049844762e-08,1.7320508075688772,1,13.45362404707371,0.12874232262686236,0.6534694609959394,1.5,0,,76,82,148,156,76,85,-7.32024913295971,0.0,0.9990610997130506,True,0,absent,0.5530794707693413
BraTS-GLI-02248-102,gmm_2d,prediction_component,77,2211,471552.0,6.828013259629068e-06,5.2727974075019535e-09,2.449489742783178,1,66.30987860040162,0.03694004263745315,0.303092772771837,3.375,16,,76,130,161,196,79,95,-8.277958914899191,2.833213344056216,0.40328374944677137,False,0,absent,0.5530794707693413
BraTS-GLI-02248-102,gmm_2d,prediction_component,78,38,13824.0,2.3379381024587062e-05,6.181848980958109e-08,1.7320508075688772,1,9.848857801796104,0.17586311452816475,0.8304795924748166,1.2,0,,76,81,178,184,78,84,-7.2088816087094125,0.0,0.9998420452008846,True,0,absent,0.5530794707693413
BraTS-GLI-02248-102,gmm_2d,prediction_component,79,25,9984.0,2.5060120224403912e-05,7.102621534903521e-08,1.7320508075688772,1,8.660254037844387,0.19999999999999996,0.9548683406603533,1.0,0,,77,82,149,154,133,138,-7.14858132620955,0.0,0.999943732308326,True,0,absent,0.5530794707693413
BraTS-GLI-02248-102,gmm_2d,prediction_component,80,222,59904.0,1.5141511835839028e-05,2.592930368342112e-08,2.23606797749979,1,19.697715603592208,0.11351915229662496,0.595292229708639,1.2,2,,77,89,185,195,56,68,-7.586209145803279,1.0986122886681098,0.9939639227411248,True,0,absent,0.5530794707693413
BraTS-GLI-02248-102,gmm_2d,prediction_component,81,25,9984.0,2.5060120224403912e-05,7.102621534903521e-08,1.7320508075688772,1,8.660254037844387,0.19999999999999996,0.9548683406603533,1.0,0,,78,83,86,91,154,159,-7.14858132620955,0.0,0.999943732308326,True,0,absent,0.5530794707693413
BraTS-GLI-02248-102,gmm_2d,prediction_component,82,25,9984.0,2.5060120224403912e-05,7.102621534903521e-08,1.7320508075688772,1,8.660254037844387,0.19999999999999996,0.9548683406603533,1.0,0,,78,83,144,149,84,89,-7.14858132620955,0.0,0.999943732308326,True,0,absent,0.5530794707693413
BraTS-GLI-02248-102,gmm_2d,prediction_component,83,44,13824.0,2.7070862238995545e-05,8.288129935688987e-08,1.7320508075688772,1,10.392304845413264,0.16666666666666666,0.7908715233027805,1.0,0,,79,85,187,193,114,120,-7.081543448970658,0.0,0.9998697917142197,True,0,absent,0.5530794707693413
BraTS-GLI-02248-102,gmm_2d,prediction_component,84,25,9984.0,2.5060120224403912e-05,7.102621534903521e-08,1.7320508075688772,1,8.660254037844387,0.19999999999999996,0.9548683406603533,1.0,0,,79,84,191,196,109,114,-7.14858132620955,0.0,0.999943732308326,True,0,absent,0.5530794707693413
BraTS-GLI-02248-102,gmm_2d,prediction_component,85,25,9984.0,2.5060120224403912e-05,7.102621534903521e-08,1.7320508075688772,1,8.660254037844387,0.19999999999999996,0.9548683406603533,1.0,0,,80,85,66,71,108,113,-7.14858132620955,0.0,0.999943732308326,True,0,absent,0.5530794707693413
BraTS-GLI-02248-102,gmm_2d,prediction_component,86,25,9984.0,2.5060120224403912e-05,7.102621534903521e-08,1.7320508075688772,1,8.660254037844387,0.19999999999999996,0.9548683406603533,1.0,0,,80,85,113,118,83,88,-7.14858132620955,0.0,0.999943732308326,True,0,absent,0.5530794707693413
BraTS-GLI-02248-102,gmm_2d,prediction_component,87,25,9984.0,2.5060120224403912e-05,7.102621534903521e-08,1.7320508075688772,1,8.660254037844387,0.19999999999999996,0.9548683406603533,1.0,0,,80,85,150,155,97,102,-7.14858132620955,0.0,0.999943732308326,True,0,absent,0.5530794707693413
BraTS-GLI-02248-102,gmm_2d,prediction_component,88,25,9984.0,2.5060120224403912e-05,7.102621534903521e-08,1.7320508075688772,1,8.660254037844387,0.19999999999999996,0.9548683406603533,1.0,0,,81,86,44,49,126,131,-7.14858132620955,0.0,0.999943732308326,True,0,absent,0.5530794707693413
BraTS-GLI-02248-102,gmm_2d,prediction_component,89,95,27392.0,2.095501571155311e-05,4.966247449771087e-08,1.7320508075688772,1,15.033296378372908,0.11521430589638527,0.6119025955310512,1.125,0,,81,89,56,65,107,116,-7.303971644952061,0.0,0.9987301246940383,True,0,absent,0.5530794707693413
BraTS-GLI-02248-102,gmm_2d,prediction_component,90,119,32768.0,2.006189989118556e-05,4.5519396065556697e-08,2.23606797749979,1,15.524174696260024,0.14403780047891934,0.7328226513708848,2.1666666666666665,2,,81,87,130,143,87,93,-7.341803508632671,1.0986122886681098,0.9990661566475383,True,0,absent,0.5530794707693413
BraTS-GLI-02248-102,gmm_2d,prediction_component,91,25,9984.0,2.5060120224403912e-05,7.102621534903521e-08,1.7320508075688772,1,8.660254037844387,0.19999999999999996,0.9548683406603533,1.0,0,,81,86,140,145,119,124,-7.14858132620955,0.0,0.999943732308326,True,0,absent,0.5530794707693413
BraTS-GLI-02248-102,gmm_2d,prediction_component,92,291,81664.0,1.2469441911992555e-05,1.7585163328053363e-08,2.23606797749979,1,26.720778431774775,0.0836827408755723,0.543939013069069,1.3076923076923077,1,,83,99,96,109,120,137,-7.7548535936738565,0.6931471805599453,0.981254107748922,True,0,absent,0.5530794707693413
BraTS-GLI-02248-102,gmm_2d,prediction_component,93,38,13824.0,2.3379381024587062e-05,6.181848980958109e-08,1.7320508075688772,1,9.848857801796104,0.17586311452816475,0.8304795924748166,1.2,0,,84,89,60,66,69,75,-7.2088816087094125,0.0,0.9998420452008846,True,0,absent,0.5530794707693413
BraTS-GLI-02248-102,gmm_2d,prediction_component,94,25,9984.0,2.5060120224403912e-05,7.102621534903521e-08,1.7320508075688772,1,8.660254037844387,0.19999999999999996,0.9548683406603533,1.0,0,,84,89,147,152,80,85,-7.14858132620955,0.0,0.999943732308326,True,0,absent,0.5530794707693413
BraTS-GLI-02248-102,gmm_2d,prediction_component,95,74,19712.0,2.673841650394813e-05,8.085813898387319e-08,1.7320508075688772,1,11.575836902790225,0.14962640041614492,0.6650376873001744,1.1666666666666667,0,,84,91,172,178,93,100,-7.092276258529621,0.0,0.9997298193121389,True,0,absent,0.5530794707693413
BraTS-GLI-02248-102,gmm_2d,prediction_component,96,25,9984.0,2.5060120224403912e-05,7.102621534903521e-08,1.7320508075688772,1,8.660254037844387,0.19999999999999996,0.9548683406603533,1.0,0,,85,90,133,138,37,42,-7.14858132620955,0.0,0.999943732308326,True,0,absent,0.5530794707693413
BraTS-GLI-02248-102,gmm_2d,prediction_component,97,25,9984.0,2.5060120224403912e-05,7.102621534903521e-08,1.7320508075688772,1,8.660254037844387,0.19999999999999996,0.9548683406603533,1.0,0,,86,91,58,63,75,80,-7.14858132620955,0.0,0.999943732308326,True,0,absent,0.5530794707693413
BraTS-GLI-02248-102,gmm_2d,prediction_component,98,25,9984.0,2.5060120224403912e-05,7.102621534903521e-08,1.7320508075688772,1,8.660254037844387,0.19999999999999996,0.9548683406603533,1.0,0,,86,91,67,72,106,111,-7.14858132620955,0.0,0.999943732308326,True,0,absent,0.5530794707693413
BraTS-GLI-02248-102,gmm_2d,prediction_component,99,25,9984.0,2.5060120224403912e-05,7.102621534903521e-08,1.7320508075688772,1,8.660254037844387,0.19999999999999996,0.9548683406603533,1.0,0,,86,91,111,116,128,133,-7.14858132620955,0.0,0.999943732308326,True,0,absent,0.5530794707693413
BraTS-GLI-02248-102,gmm_2d,prediction_component,100,25,9984.0,2.5060120224403912e-05,7.102621534903521e-08,1.7320508075688772,1,8.660254037844387,0.19999999999999996,0.9548683406603533,1.0,0,,86,91,131,136,119,124,-7.14858132620955,0.0,0.999943732308326,True,0,absent,0.5530794707693413
BraTS-GLI-02248-102,gmm_2d,prediction_component,101,25,9984.0,2.5060120224403912e-05,7.102621534903521e-08,1.7320508075688772,1,8.660254037844387,0.19999999999999996,0.9548683406603533,1.0,0,,86,91,149,154,54,59,-7.14858132620955,0.0,0.999943732308326,True,0,absent,0.5530794707693413
BraTS-GLI-02248-102,gmm_2d,prediction_component,102,25,9984.0,2.5060120224403912e-05,7.102621534903521e-08,1.7320508075688772,1,8.660254037844387,0.19999999999999996,0.9548683406603533,1.0,0,,87,92,122,127,49,54,-7.14858132620955,0.0,0.999943732308326,True,0,absent,0.5530794707693413
BraTS-GLI-02248-102,gmm_2d,prediction_component,103,270,69376.0,1.477576175409296e-05,2.4691764899679136e-08,2.23606797749979,1,26.324893162176366,0.0849411985729376,0.5576905479414026,2.875,2,,87,110,139,149,142,150,-7.607447866779371,1.0986122886681098,0.98806567891476,True,0,absent,0.5530794707693413
BraTS-GLI-02248-102,gmm_2d,prediction_component,104,164,48640.0,1.5288099431800206e-05,2.6433786061107973e-08,1.7320508075688772,1,21.400934559032695,0.08093341918275387,0.5100846029725161,1.875,0,,87,95,173,188,45,58,-7.577840629237219,0.0,0.9912917492294693,True,0,absent,0.5530794707693413
BraTS-GLI-02248-102,gmm_2d,prediction_component,105,25,9984.0,2.5060120224403912e-05,7.102621534903521e-08,1.7320508075688772,1,8.660254037844387,0.19999999999999996,0.9548683406603533,1.0,0,,88,93,84,89,99,104,-7.14858132620955,0.0,0.999943732308326,True,0,absent,0.5530794707693413
BraTS-GLI-02248-102,gmm_2d,prediction_component,106,44,13824.0,2.7070862238995545e-05,8.288129935688987e-08,1.7320508075688772,1,10.392304845413264,0.16666666666666666,0.7908715233027805,1.0,0,,88,94,127,133,132,138,-7.081543448970658,0.0,0.9998697917142197,True,0,absent,0.5530794707693413
BraTS-GLI-02248-102,gmm_2d,prediction_component,107,38,12544.0,2.7047649416909622e-05,8.273922157753891e-08,1.7320508075688772,1,9.273618495495704,0.18677184190940707,0.8304795924748166,1.2,0,,88,94,133,138,44,49,-7.082288569326049,0.0,0.9999183504971614,True,0,absent,0.5530794707693413
BraTS-GLI-02248-102,gmm_2d,prediction_component,108,154,39168.0,1.986660361327874e-05,4.463747569679027e-08,2.23606797749979,1,17.46424919657298,0.128036879932896,0.6724721427256285,2.1666666666666665,1,,88,101,142,152,31,37,-7.350300373253998,0.6931471805599453,0.9986896895575484,True,0,absent,0.5530794707693413
BraTS-GLI-02248-102,gmm_2d,prediction_component,109,50,17920.0,2.084313283576998e-05,4.91335751404014e-08,1.7320508075688772,1,11.661903789690601,0.14852213144650114,0.757879504227687,1.3333333333333333,0,,89,95,63,71,45,51,-7.308621633844861,0.0,0.9995393408515105,True,0,absent,0.5530794707693413
BraTS-GLI-02248-102,gmm_2d,prediction_component,110,56,15360.0,2.941719121468307e-05,9.7871170060412e-08,1.7320508075688772,1,9.848857801796104,0.17586311452816475,0.7297836929246639,1.2,0,,89,95,91,97,22,27,-7.0093452196126576,0.0,0.9998969514402339,True,0,absent,0.5530794707693413
BraTS-GLI-02248-102,gmm_2d,prediction_component,111,25,9984.0,2.5060120224403912e-05,7.102621534903521e-08,1.7320508075688772,1,8.660254037844387,0.19999999999999996,0.9548683406603533,1.0,0,,89,94,146,151,60,65,-7.14858132620955,0.0,0.999943732308326,True,0,absent,0.5530794707693413
BraTS-GLI-02248-102,gmm_2d,prediction_component,112,988,216832.0,9.785248993908891e-06,1.0829194043411879e-08,2.449489742783178,1,50.368641037852115,0.048631245400136615,0.3964479532907402,1.8,3,,90,119,80,100,24,60,-7.965403864290992,1.3862943611198906,0.8623026420580124,True,0,absent,0.5530794707693413
BraTS-GLI-02248-102,gmm_2d,prediction_component,113,25,9984.0,2.5060120224403912e-05,7.102621534903521e-08,1.7320508075688772,1,8.660254037844387,0.19999999999999996,0.9548683406603533,1.0,0,,90,95,156,161,139,144,-7.14858132620955,0.0,0.999943732308326,True,0,absent,0.5530794707693413
BraTS-GLI-02248-102,gmm_2d,prediction_component,114,112,29952.0,2.1606244288509417e-05,5.27972056496769e-08,2.449489742783178,1,15.165750888103101,0.16151457061744964,0.8191544987829967,1.4285714285714286,1,,91,98,53,62,35,45,-7.277389062372249,0.6931471805599453,0.9996460752070343,True,0,absent,0.5530794707693413
BraTS-GLI-02248-102,gmm_2d,prediction_component,115,25,9984.0,2.5060120224403912e-05,7.102621534903521e-08,1.7320508075688772,1,8.660254037844387,0.19999999999999996,0.9548683406603533,1.0,0,,91,96,72,77,28,33,-7.14858132620955,0.0,0.999943732308326,True,0,absent,0.5530794707693413
BraTS-GLI-02248-102,gmm_2d,prediction_component,116,25,9984.0,2.5060120224403912e-05,7.102621534903521e-08,1.7320508075688772,1,8.660254037844387,0.19999999999999996,0.9548683406603533,1.0,0,,91,96,136,141,30,35,-7.14858132620955,0.0,0.999943732308326,True,0,absent,0.5530794707693413
BraTS-GLI-02248-102,gmm_2d,prediction_component,117,942,237056.0,8.161584375982495e-06,7.53357858813576e-09,2.23606797749979,1,56.79788728465171,0.03936885832202485,0.36770333681918643,1.2413793103448276,4,,91,120,150,186,106,139,-8.122998676934175,1.6094379124341003,0.712833281770814,True,0,absent,0.5530794707693413
BraTS-GLI-02248-102,gmm_2d,prediction_component,118,25,9984.0,2.5060120224403912e-05,7.102621534903521e-08,1.7320508075688772,1,8.660254037844387,0.19999999999999996,0.9548683406603533,1.0,0,,93,98,62,67,109,114,-7.14858132620955,0.0,0.999943732308326,True,0,absent,0.5530794707693413
BraTS-GLI-02248-102,gmm_2d,prediction_component,119,25,9984.0,2.5060120224403912e-05,7.102621534903521e-08,1.7320508075688772,1,8.660254037844387,0.19999999999999996,0.9548683406603533,1.0,0,,93,98,188,193,61,66,-7.14858132620955,0.0,0.999943732308326,True,0,absent,0.5530794707693413
BraTS-GLI-02248-102,gmm_2d,prediction_component,120,25,9984.0,2.5060120224403912e-05,7.102621534903521e-08,1.7320508075688772,1,8.660254037844387,0.19999999999999996,0.9548683406603533,1.0,0,,94,99,51,56,52,57,-7.14858132620955,0.0,0.999943732308326,True,0,absent,0.5530794707693413
BraTS-GLI-02248-102,gmm_2d,prediction_component,121,25,9984.0,2.5060120224403912e-05,7.102621534903521e-08,1.7320508075688772,1,8.660254037844387,0.19999999999999996,0.9548683406603533,1.0,0,,94,99,60,65,130,135,-7.14858132620955,0.0,0.999943732308326,True,0,absent,0.5530794707693413
BraTS-GLI-02248-102,gmm_2d,prediction_component,122,81,21760.0,2.523461495190595e-05,7.201877635216774e-08,2.23606797749979,1,12.727922061357855,0.17568209223157663,0.8330790228848893,1.1428571428571428,1,,94,101,60,68,136,143,-7.142554261859706,0.6931471805599453,0.9998394408060567,True,0,absent,0.5530794707693413
BraTS-GLI-02248-102,gmm_2d,prediction_component,123,69,23808.0,1.8782989682144485e-05,3.9900819301133063e-08,1.7320508075688772,1,14.352700094407323,0.12067769800636945,0.6807282909996718,1.8333333333333333,0,,94,105,69,76,135,141,-7.399018186661422,0.0,0.9986731797923899,True,0,absent,0.5530794707693413
BraTS-GLI-02248-102,gmm_2d,prediction_component,124,56,16896.0,2.549835573080401e-05,7.35320586479429e-08,1.7320508075688772,1,10.392304845413264,0.16666666666666666,0.7297836929246639,1.0,0,,95,101,27,33,105,111,-7.133523275087333,0.0,0.9998081484339618,True,0,absent,0.5530794707693413
BraTS-GLI-02248-102,gmm_2d,prediction_component,125,25,9984.0,2.5060120224403912e-05,7.102621534903521e-08,1.7320508075688772,1,8.660254037844387,0.19999999999999996,0.9548683406603533,1.0,0,,95,100,139,144,133,138,-7.14858132620955,0.0,0.999943732308326,True,0,absent,0.5530794707693413
BraTS-GLI-02248-102,gmm_2d,prediction_component,126,528,121088.0,1.2530899978334927e-05,1.7758934293197873e-08,2.449489742783178,1,34.36568055487916,0.07127720747073653,0.48853294244626855,2.1818181818181817,3,,96,120,31,42,57,79,-7.750583099619938,1.3862943611198906,0.964996407980686,True,0,absent,0.5530794707693413
BraTS-GLI-02248-102,gmm_2d,prediction_component,127,59,18176.0,2.4077120183702874e-05,6.556339810384356e-08,1.7320508075688772,1,11.180339887498949,0.15491933384829665,0.71719869927557,1.6,0,,96,102,58,63,105,113,-7.183338545347065,0.0,0.9997059469850754,True,0,absent,0.5530794707693413
BraTS-GLI-02248-102,gmm_2d,prediction_component,128,25,9984.0,2.5060120224403912e-05,7.102621534903521e-08,1.7320508075688772,1,8.660254037844387,0.19999999999999996,0.9548683406603533,1.0,0,,96,101,171,176,77,82,-7.14858132620955,0.0,0.999943732308326,True,0,absent,0.5530794707693413
BraTS-GLI-02248-102,gmm_2d,prediction_component,129,25,9984.0,2.5060120224403912e-05,7.102621534903521e-08,1.7320508075688772,1,8.660254037844387,0.19999999999999996,0.9548683406603533,1.0,0,,96,101,178,183,94,99,-7.14858132620955,0.0,0.999943732308326,True,0,absent,0.5530794707693413
BraTS-GLI-02248-102,gmm_2d,prediction_component,130,51,16384.0,2.4318695068359375e-05,6.688564319836902e-08,1.7320508075688772,1,10.488088481701515,0.1651445647689541,0.7528933105024771,1.4,0,,97,104,134,140,30,35,-7.1746670922299165,0.0,0.9997865484491313,True,0,absent,0.5530794707693413
BraTS-GLI-02248-102,gmm_2d,prediction_component,131,25,9984.0,2.5060120224403912e-05,7.102621534903521e-08,1.7320508075688772,1,8.660254037844387,0.19999999999999996,0.9548683406603533,1.0,0,,97,102,176,181,80,85,-7.14858132620955,0.0,0.999943732308326,True,0,absent,0.5530794707693413
BraTS-GLI-02248-102,gmm_2d,prediction_component,132,59,18944.0,2.2627912155185472e-05,5.790837013292587e-08,1.7320508075688772,1,11.575836902790225,0.14962640041614492,0.71719869927557,1.1666666666666667,0,,98,104,115,122,72,79,-7.237258658382768,0.0,0.9996062081914523,True,0,absent,0.5530794707693413
BraTS-GLI-02248-102,gmm_2d,prediction_component,133,82,26624.0,1.8875736038596626e-05,4.029583545058327e-08,1.7320508075688772,1,13.490737563232042,0.12838814775327387,0.6426663285123421,2.2,0,,98,104,119,130,104,109,-7.394739835603035,0.0,0.9987091445327178,True,0,absent,0.5530794707693413
BraTS-GLI-02248-102,gmm_2d,prediction_component,134,25,9984.0,2.5060120224403912e-05,7.102621534903521e-08,1.7320508075688772,1,8.660254037844387,0.19999999999999996,0.9548683406603533,1.0,0,,99,104,157,162,90,95,-7.14858132620955,0.0,0.999943732308326,True,0,absent,0.5530794707693413
BraTS-GLI-02248-102,gmm_2d,prediction_component,135,59,17408.0,2.568790548372811e-05,7.462936780844428e-08,1.7320508075688772,1,11.0,0.15745916432444337,0.71719869927557,1.1666666666666667,0,,100,107,143,149,133,139,-7.127090237308548,0.0,0.9997718301685804,True,0,absent,0.5530794707693413
BraTS-GLI-02248-102,gmm_2d,prediction_component,136,961,228096.0,8.821590292246309e-06,8.80128614232095e-09,2.449489742783178,1,49.85980344927164,0.049127545103047544,0.4001265465193642,1.24,3,,101,126,37,67,32,63,-8.055453859247661,1.3862943611198906,0.8202552777637335,True,0,absent,0.5530794707693413
BraTS-GLI-02248-102,gmm_2d,prediction_component,137,82,22272.0,2.4670333787013734e-05,6.883390758779367e-08,1.7320508075688772,1,12.36931687685298,0.14002800840280097,0.6426663285123421,1.5,0,,101,110,92,98,151,157,-7.1621975755625495,0.0,0.999556187543465,True,0,absent,0.5530794707693413
BraTS-GLI-02248-102,gmm_2d,prediction_component,138,903,212992.0,9.18634629600565e-06,9.544166328440059e-09,2.449489742783178,1,60.95079983068311,0.04018798357999702,0.40851616368063454,1.6666666666666667,5,,101,146,113,140,121,152,-8.020262000719288,1.791759469228055,0.7966598613132138,True,0,absent,0.5530794707693413
BraTS-GLI-02248-102,gmm_2d,prediction_component,139,81,26880.0,1.8379814431926892e-05,3.820626802917613e-08,1.7320508075688772,1,14.798648586948742,0.11704114719613055,0.6453002363415847,1.5714285714285714,0,,102,109,114,125,86,93,-7.417865381926642,0.0,0.9983057285319975,True,0,absent,0.5530794707693413
BraTS-GLI-02248-102,gmm_2d,prediction_component,140,399,103936.0,1.1907590676425913e-05,1.6036152150410106e-08,2.23606797749979,1,29.46183972531247,0.07589709258986455,0.48961747142897893,1.6666666666666667,2,,103,123,133,145,31,49,-7.794899831832214,1.0986122886681098,0.9659523565487298,True,0,absent,0.5530794707693413
BraTS-GLI-02248-102,gmm_2d,prediction_component,141,25,9984.0,2.5060120224403912e-05,7.102621534903521e-08,1.7320508075688772,1,8.660254037844387,0.19999999999999996,0.9548683406603533,1.0,0,,103,108,173,178,52,57,-7.14858132620955,0.0,0.999943732308326,True,0,absent,0.5530794707693413
BraTS-GLI-02248-102,gmm_2d,prediction_component,142,167,47360.0,1.620313052809147e-05,2.9692737206773586e-08,2.449489742783178,1,19.1049731745428,0.12821215295120647,0.7170228642694493,1.2,1,,103,114,178,188,61,73,-7.527349765388003,0.6931471805599453,0.9978027986009118,True,0,absent,0.5530794707693413
BraTS-GLI-02248-102,gmm_2d,prediction_component,143,335,100864.0,1.0457804681493103e-05,1.2368966865678892e-08,1.7320508075688772,1,37.53664875824692,0.046142926043400194,0.4020146639635081,1.8666666666666667,0,,104,132,151,166,42,62,-7.90766657387716,0.0,0.9285237067245159,True,0,absent,0.5530794707693413
BraTS-GLI-02248-102,gmm_2d,prediction_component,144,38,12544.0,2.7047649416909622e-05,8.273922157753891e-08,1.7320508075688772,1,9.273618495495704,0.18677184190940707,0.8304795924748166,1.2,0,,105,110,58,63,130,136,-7.082288569326049,0.0,0.9999183504971614,True,0,absent,0.5530794707693413
BraTS-GLI-02248-102,gmm_2d,prediction_component,145,25,9984.0,2.5060120224403912e-05,7.102621534903521e-08,1.7320508075688772,1,8.660254037844387,0.19999999999999996,0.9548683406603533,1.0,0,,107,112,50,55,78,83,-7.14858132620955,0.0,0.999943732308326,True,0,absent,0.5530794707693413
BraTS-GLI-02248-102,gmm_2d,prediction_component,146,25,9984.0,2.5060120224403912e-05,7.102621534903521e-08,1.7320508075688772,1,8.660254037844387,0.19999999999999996,0.9548683406603533,1.0,0,,108,113,65,70,88,93,-7.14858132620955,0.0,0.999943732308326,True,0,absent,0.5530794707693413
BraTS-GLI-02248-102,gmm_2d,prediction_component,147,25,9984.0,2.5060120224403912e-05,7.102621534903521e-08,1.7320508075688772,1,8.660254037844387,0.19999999999999996,0.9548683406603533,1.0,0,,108,113,67,72,30,35,-7.14858132620955,0.0,0.999943732308326,True,0,absent,0.5530794707693413
BraTS-GLI-02248-102,gmm_2d,prediction_component,148,128,43008.0,1.4351130018795748e-05,2.3292954140634737e-08,1.7320508075688772,1,19.87460691435179,0.08714893406611901,0.5540132784474323,2.142857142857143,0,,108,115,132,143,130,145,-7.63277542835598,0.0,0.99163109247701,True,0,absent,0.5530794707693413
BraTS-GLI-02248-102,gmm_2d,prediction_component,149,38,12544.0,2.7047649416909622e-05,8.273922157753891e-08,1.7320508075688772,1,9.273618495495704,0.18677184190940707,0.8304795924748166,1.2,0,,109,114,33,38,77,83,-7.082288569326049,0.0,0.9999183504971614,True,0,absent,0.5530794707693413
BraTS-GLI-02248-102,gmm_2d,prediction_component,150,25,9984.0,2.5060120224403912e-05,7.102621534903521e-08,1.7320508075688772,1,8.660254037844387,0.19999999999999996,0.9548683406603533,1.0,0,,110,115,94,99,83,88,-7.14858132620955,0.0,0.999943732308326,True,0,absent,0.5530794707693413
BraTS-GLI-02248-102,gmm_2d,prediction_component,151,25,9984.0,2.5060120224403912e-05,7.102621534903521e-08,1.7320508075688772,1,8.660254037844387,0.19999999999999996,0.9548683406603533,1.0,0,,112,117,79,84,147,152,-7.14858132620955,0.0,0.999943732308326,True,0,absent,0.5530794707693413
BraTS-GLI-02248-102,gmm_2d,prediction_component,152,25,9984.0,2.5060120224403912e-05,7.102621534903521e-08,1.7320508075688772,1,8.660254037844387,0.19999999999999996,0.9548683406603533,1.0,0,,112,117,81,86,102,107,-7.14858132620955,0.0,0.999943732308326,True,0,absent,0.5530794707693413
BraTS-GLI-02248-102,gmm_2d,prediction_component,153,25,9984.0,2.5060120224403912e-05,7.102621534903521e-08,1.7320508075688772,1,8.660254037844387,0.19999999999999996,0.9548683406603533,1.0,0,,116,121,77,82,101,106,-7.14858132620955,0.0,0.999943732308326,True,0,absent,0.5530794707693413
BraTS-GLI-02248-102,gmm_2d,prediction_component,154,25,9984.0,2.5060120224403912e-05,7.102621534903521e-08,1.7320508075688772,1,8.660254037844387,0.19999999999999996,0.9548683406603533,1.0,0,,117,122,117,122,146,151,-7.14858132620955,0.0,0.999943732308326,True,0,absent,0.5530794707693413
BraTS-GLI-02248-102,gmm_2d,prediction_component,155,241,57088.0,1.7668504849307698e-05,3.530628101029629e-08,2.23606797749979,1,23.790754506740637,0.09398894754961405,0.5792181885544189,1.8888888888888888,2,,119,136,68,77,33,47,-7.452148026468873,1.0986122886681098,0.9946210355510251,True,0,absent,0.5530794707693413
BraTS-GLI-02248-102,gmm_2d,prediction_component,156,25,9984.0,2.5060120224403912e-05,7.102621534903521e-08,1.7320508075688772,1,8.660254037844387,0.19999999999999996,0.9548683406603533,1.0,0,,120,125,74,79,99,104,-7.14858132620955,0.0,0.999943732308326,True,0,absent,0.5530794707693413
BraTS-GLI-02248-102,gmm_2d,prediction_component,157,25,9984.0,2.5060120224403912e-05,7.102621534903521e-08,1.7320508075688772,1,8.660254037844387,0.19999999999999996,0.9548683406603533,1.0,0,,120,125,85,90,36,41,-7.14858132620955,0.0,0.999943732308326,True,0,absent,0.5530794707693413
BraTS-GLI-02248-102,gmm_2d,prediction_component,158,25,9984.0,2.5060120224403912e-05,7.102621534903521e-08,1.7320508075688772,1,8.660254037844387,0.19999999999999996,0.9548683406603533,1.0,0,,121,126,102,107,30,35,-7.14858132620955,0.0,0.999943732308326,True,0,absent,0.5530794707693413
BraTS-GLI-02248-102,gmm_2d,prediction_component,159,146,39168.0,1.8834572256744778e-05,4.012027458056929e-08,1.7320508075688772,1,17.72004514666935,0.09774528186766118,0.5302400713750502,1.7142857142857142,0,,121,133,131,138,39,50,-7.39663610335805,0.0,0.9968702667419448,True,0,absent,0.5530794707693413
BraTS-GLI-02248-102,gmm_2d,prediction_component,160,183,53504.0,1.4786715349260297e-05,2.4728387559338808e-08,2.23606797749979,1,24.351591323771842,0.09182430617242483,0.6348885703215806,1.7777777777777777,1,,121,137,139,148,42,58,-7.6068042013464305,0.6931471805599453,0.9928856478717837,True,0,absent,0.5530794707693413
BraTS-GLI-02248-102,gmm_2d,prediction_component,161,87,25600.0,2.1240234375e-05,5.1023586548612183e-08,1.7320508075688772,1,12.806248474865697,0.13525044520011484,0.6301110265841786,1.3333333333333333,0,,122,130,80,88,141,147,-7.292229017236891,0.0,0.9991854669731501,True,0,absent,0.5530794707693413
BraTS-GLI-02248-102,gmm_2d,prediction_component,162,504,117504.0,1.2512715211647349e-05,1.7707428375586223e-08,2.23606797749979,1,35.679125549822544,0.06267160259792048,0.4529368893227279,1.5,2,,122,146,84,100,123,144,-7.75184450619486,1.0986122886681098,0.9594489726857646,True,0,absent,0.5530794707693413
BraTS-GLI-02248-102,gmm_2d,prediction_component,163,38,12544.0,2.7047649416909622e-05,8.273922157753891e-08,1.7320508075688772,1,9.273618495495704,0.18677184190940707,0.8304795924748166,1.2,0,,123,128,73,79,125,130,-7.082288569326049,0.0,0.9999183504971614,True,0,absent,0.5530794707693413
BraTS-GLI-02248-102,gmm_2d,prediction_component,164,25,9984.0,2.5060120224403912e-05,7.102621534903521e-08,1.7320508075688772,1,8.660254037844387,0.19999999999999996,0.9548683406603533,1.0,0,,124,129,94,99,31,36,-7.14858132620955,0.0,0.999943732308326,True,0,absent,0.5530794707693413
BraTS-GLI-02248-102,gmm_2d,prediction_component,165,44,13824.0,2.7070862238995545e-05,8.288129935688987e-08,1.7320508075688772,1,10.392304845413264,0.16666666666666666,0.7908715233027805,1.0,0,,124,130,115,121,34,40,-7.081543448970658,0.0,0.9998697917142197,True,0,absent,0.5530794707693413
BraTS-GLI-02248-102,gmm_2d,prediction_component,166,160,42752.0,1.8100281449619595e-05,3.705297039120539e-08,2.23606797749979,1,19.4164878389476,0.11516335992621968,0.6639589218561781,1.625,1,,124,136,142,150,121,134,-7.431176970605028,0.6931471805599453,0.9977318961243472,True,0,absent,0.5530794707693413
BraTS-GLI-02248-102,gmm_2d,prediction_component,167,25,9984.0,2.5060120224403912e-05,7.102621534903521e-08,1.7320508075688772,1,8.660254037844387,0.19999999999999996,0.9548683406603533,1.0,0,,126,131,64,69,96,101,-7.14858132620955,0.0,0.999943732308326,True,0,absent,0.5530794707693413
BraTS-GLI-02248-102,gmm_2d,prediction_component,168,38,12544.0,2.7047649416909622e-05,8.273922157753891e-08,1.7320508075688772,1,9.273618495495704,0.18677184190940707,0.8304795924748166,1.2,0,,127,132,48,53,64,70,-7.082288569326049,0.0,0.9999183504971614,True,0,absent,0.5530794707693413
BraTS-GLI-02248-102,gmm_2d,prediction_component,169,46,16896.0,2.0945077921731866e-05,4.961538140913494e-08,1.7320508075688772,1,11.0,0.15745916432444337,0.7792393700163133,1.1666666666666667,0,,127,133,84,90,47,54,-7.3043836657365855,0.0,0.9996363036072939,True,0,absent,0.5530794707693413
BraTS-GLI-02248-102,gmm_2d,prediction_component,170,25,9984.0,2.5060120224403912e-05,7.102621534903521e-08,1.7320508075688772,1,8.660254037844387,0.19999999999999996,0.9548683406603533,1.0,0,,128,133,93,98,34,39,-7.14858132620955,0.0,0.999943732308326,True,0,absent,0.5530794707693413
BraTS-GLI-02248-102,gmm_2d,prediction_component,171,25,9984.0,2.5060120224403912e-05,7.102621534903521e-08,1.7320508075688772,1,8.660254037844387,0.19999999999999996,0.9548683406603533,1.0,0,,129,134,81,86,136,141,-7.14858132620955,0.0,0.999943732308326,True,0,absent,0.5530794707693413
BraTS-GLI-02248-102,gmm_2d,prediction_component,172,38,12544.0,2.7047649416909622e-05,8.273922157753891e-08,1.7320508075688772,1,9.273618495495704,0.18677184190940707,0.8304795924748166,1.2,0,,130,135,111,117,39,44,-7.082288569326049,0.0,0.9999183504971614,True,0,absent,0.5530794707693413
BraTS-GLI-02248-102,gmm_2d,prediction_component,173,195,54784.0,1.5207366175549584e-05,2.615534062015867e-08,1.7320508075688772,1,20.322401432901575,0.08522864845907041,0.4814804155417192,1.3,0,,131,141,121,133,45,58,-7.582439619796664,0.0,0.9909915330802026,True,0,absent,0.5530794707693413
BraTS-GLI-02248-102,gmm_2d,prediction_component,174,25,9984.0,2.5060120224403912e-05,7.102621534903521e-08,1.7320508075688772,1,8.660254037844387,0.19999999999999996,0.9548683406603533,1.0,0,,132,137,105,110,39,44,-7.14858132620955,0.0,0.999943732308326,True,0,absent,0.5530794707693413
BraTS-GLI-02248-102,gmm_2d,prediction_component,175,218,58624.0,1.535830620769753e-05,2.667712462941037e-08,2.23606797749979,1,25.475478405713993,0.08777334587751072,0.5989111163456369,1.8,2,,133,148,82,92,42,60,-7.5738609822845815,1.0986122886681098,0.9911708405383188,True,0,absent,0.5530794707693413
BraTS-GLI-02248-102,gmm_2d,prediction_component,176,25,9984.0,2.5060120224403912e-05,7.102621534903521e-08,1.7320508075688772,1,8.660254037844387,0.19999999999999996,0.9548683406603533,1.0,0,,135,140,139,144,63,68,-7.14858132620955,0.0,0.999943732308326,True,0,absent,0.5530794707693413
BraTS-GLI-02248-102,gmm_2d,prediction_component,177,25,9984.0,2.5060120224403912e-05,7.102621534903521e-08,1.7320508075688772,1,8.660254037844387,0.19999999999999996,0.9548683406603533,1.0,0,,136,141,101,106,52,57,-7.14858132620955,0.0,0.999943732308326,True,0,absent,0.5530794707693413
BraTS-GLI-02248-102,gmm_2d,prediction_component,178,25,9984.0,2.5060120224403912e-05,7.102621534903521e-08,1.7320508075688772,1,8.660254037844387,0.19999999999999996,0.9548683406603533,1.0,0,,140,145,99,104,50,55,-7.14858132620955,0.0,0.999943732308326,True,0,absent,0.5530794707693413
BraTS-GLI-02248-102,variational_spline,prediction_component,1,12388,2277632.0,3.603925982618191e-06,1.4689401425153354e-09,4.47213595499958,2,185.2214890340751,0.024144800791320944,0.31156175059100155,1.4597701149425288,10,,40,127,26,129,21,148,-8.832995900809424,2.3978952727983707,0.07659253088433834,False,0,absent,0.5530794707693413
