case_id,method,source,component_label,volume_vox,surface_area_proxy,compactness_v_over_s15,isoperimetric_quotient,inscribed_radius_vox,inscribed_radius_grid_step,bbox_diag_vox,radius_over_bbox_diag,radius_over_equiv_sphere,elongation_max_over_min,eroded_subcomponents,overlap_gt_vox,z0,z1,y0,y1,x0,x1,log10_isoperimetric,log1p_eroded_subcomponents,shape_score_prob_true_et,accepted_shape,fold,vol_bin,shape_threshold
BraTS-GLI-02230-100,otsu_T1c,prediction_component,1,7981,1675520.0,3.6798734742958375e-06,1.5315040389423031e-09,2.8284271247461903,2,175.66445286397587,0.016101306090289973,0.22815085098367946,1.7236842105263157,23,,50,139,32,108,31,162,-8.814881853517518,3.1780538303479458,0.0395526187551403,False,2,absent,0.5396369041183476
BraTS-GLI-02230-100,gmm_T1c,prediction_component,1,1152995,35168256.0,5.528421863146536e-06,3.45664456696673e-09,17.435595774162696,4,259.8249410660955,0.06710516589601515,0.26803439045625743,1.1549295774647887,5,,14,156,27,191,20,163,-8.46134527493865,1.791759469228055,0.49474816528950816,False,2,absent,0.5396369041183476
BraTS-GLI-02230-100,sustraccion,prediction_component,1,61533,12058624.0,1.4694724860527083e-06,2.442166621764573e-10,5.656854249492381,4,246.17270360460358,0.02297920998819706,0.23097687210051665,1.21875,140,,28,156,30,186,21,162,-9.61222470875956,4.948759890378168,0.0013977447946616102,False,2,absent,0.5396369041183476
BraTS-GLI-02230-100,sustraccion,prediction_component,3,134,42240.0,1.5435437162293453e-05,2.694574785882577e-08,1.4142135623730951,1,18.973665961010276,0.07453559924999299,0.4454951032994063,1.75,0,,30,38,76,86,68,82,-7.569509758386231,0.0,0.9913033659822178,True,2,absent,0.5396369041183476
BraTS-GLI-02230-100,sustraccion,prediction_component,4,89,33536.0,1.449182614258416e-05,2.3751913547927014e-08,1.4142135623730951,1,20.024984394500787,0.07062245515464487,0.5106004564652381,2.3333333333333335,0,,31,44,48,62,57,63,-7.624301396151595,0.0,0.9911721238537623,True,2,absent,0.5396369041183476
BraTS-GLI-02230-100,sustraccion,prediction_component,7,48,18688.0,1.8788711557598017e-05,3.992513303362608e-08,1.4142135623730951,1,12.806248474865697,0.11043152607484655,0.6272838722974592,1.3333333333333333,0,,37,45,52,58,127,135,-7.398753628084321,0.0,0.9989474685035667,True,2,absent,0.5396369041183476
BraTS-GLI-02230-100,sustraccion,prediction_component,9,33,12800.0,2.27876208780821e-05,5.8728694148699874e-08,1.4142135623730951,1,9.38083151964686,0.15075567228888181,0.7107331206052484,1.5,0,,40,46,72,78,89,93,-7.231149655726409,0.0,0.9998286410516485,True,2,absent,0.5396369041183476
BraTS-GLI-02230-100,sustraccion,prediction_component,10,49,19968.0,1.7365777329065628e-05,3.410678861060671e-08,1.4142135623730951,1,12.328828005937952,0.1147078669352809,0.6229872725752906,2.5,0,,42,48,96,100,79,89,-7.467159170488541,0.0,0.998773104219734,True,2,absent,0.5396369041183476
BraTS-GLI-02230-100,sustraccion,prediction_component,11,47,18944.0,1.802562493718165e-05,3.6747943011672866e-08,1.4142135623730951,1,13.490737563232042,0.10482848367219183,0.6317015099045129,2.2,0,,42,48,123,128,136,147,-7.434766965795621,0.0,0.9986733467216402,True,2,absent,0.5396369041183476
BraTS-GLI-02230-100,sustraccion,prediction_component,12,108,34048.0,1.7190414398166735e-05,3.342143288745543e-08,1.4142135623730951,1,16.55294535724685,0.08543576577167611,0.4787071884952713,1.7142857142857142,0,,42,49,128,137,59,71,-7.475974934401486,0.0,0.9956526371832087,True,2,absent,0.5396369041183476
BraTS-GLI-02230-100,sustraccion,prediction_component,13,16,6656.0,2.9464563572443515e-05,9.818664009850627e-08,1.4142135623730951,1,6.4031242374328485,0.2208630521496931,0.9046998952817776,1.3333333333333333,0,,42,45,136,140,54,58,-7.007947601074732,0.0,0.9999924347460525,True,2,absent,0.5396369041183476
BraTS-GLI-02230-100,sustraccion,prediction_component,14,21,11520.0,1.6984023266599966e-05,3.262372335347067e-08,1.4142135623730951,1,9.9498743710662,0.1421338109037403,0.8263006657894747,1.4,0,,43,48,71,78,54,59,-7.48646647433232,0.0,0.9996868371815687,True,2,absent,0.5396369041183476
BraTS-GLI-02230-100,sustraccion,prediction_component,18,19,9984.0,1.9045691370546972e-05,4.102474198560274e-08,1.4142135623730951,1,8.774964387392123,0.16116459280507606,0.8543319874271107,1.5,0,,46,50,78,84,44,49,-7.386954141647967,0.0,0.9998702477966869,True,2,absent,0.5396369041183476
BraTS-GLI-02230-100,sustraccion,prediction_component,19,12,5376.0,3.04433440619409e-05,1.0481829363285631e-07,1.4142135623730951,1,5.830951894845301,0.24253562503633297,0.9957510787676723,1.3333333333333333,0,,46,49,85,89,70,73,-6.979562914580636,0.0,0.9999970754453279,True,2,absent,0.5396369041183476
BraTS-GLI-02230-100,sustraccion,prediction_component,21,178,55808.0,1.350129149754405e-05,2.0615933341984152e-08,1.4142135623730951,1,26.60826939130014,0.05314940034527339,0.405263850864181,1.1428571428571428,0,,47,63,115,131,26,40,-7.685796998670154,0.0,0.9757709359998465,True,2,absent,0.5396369041183476
BraTS-GLI-02230-100,sustraccion,prediction_component,22,16,6656.0,2.9464563572443515e-05,9.818664009850627e-08,1.4142135623730951,1,6.4031242374328485,0.2208630521496931,0.9046998952817776,1.3333333333333333,0,,48,51,52,56,48,52,-7.007947601074732,0.0,0.9999924347460525,True,2,absent,0.5396369041183476
BraTS-GLI-02230-100,sustraccion,prediction_component,24,19,8448.0,2.446936747720066e-05,6.771702339772293e-08,1.4142135623730951,1,8.12403840463596,0.17407765595569785,0.8543319874271107,1.25,0,,49,54,140,144,132,137,-7.169302140202132,0.0,0.9999538309650138,True,2,absent,0.5396369041183476
BraTS-GLI-02230-100,sustraccion,prediction_component,26,35,12032.0,2.6519254396745705e-05,7.953805971554725e-08,1.4142135623730951,1,9.273618495495704,0.15249857033260467,0.6969289728874266,1.2,0,,50,55,106,111,56,62,-7.099425007580729,0.0,0.9998888538792023,True,2,absent,0.5396369041183476
BraTS-GLI-02230-100,sustraccion,prediction_component,27,14,7680.0,2.080109539136373e-05,4.8935585030206e-08,1.4142135623730951,1,8.246211251235321,0.17149858514250885,0.9458781407605124,1.5,0,,51,55,105,109,90,96,-7.310375215276639,0.0,0.999945098366169,True,2,absent,0.5396369041183476
BraTS-GLI-02230-100,sustraccion,prediction_component,28,19,8704.0,2.3397813632436724e-05,6.191600523722697e-08,1.4142135623730951,1,7.54983443527075,0.1873171623163388,0.8543319874271107,1.25,0,,51,56,132,136,146,150,-7.208197071695235,0.0,0.9999609280055174,True,2,absent,0.5396369041183476
BraTS-GLI-02230-100,sustraccion,prediction_component,30,14,6912.0,2.4362533060422576e-05,6.712700278491907e-08,1.4142135623730951,1,7.0710678118654755,0.2,0.9458781407605124,1.6666666666666667,0,,53,57,45,50,63,66,-7.1731027435946135,0.0,0.9999819443175567,True,2,absent,0.5396369041183476
BraTS-GLI-02230-100,sustraccion,prediction_component,31,12,6144.0,2.4917498197257264e-05,7.022006780482366e-08,1.4142135623730951,1,6.4031242374328485,0.2208630521496931,0.9957510787676723,1.3333333333333333,0,,53,57,121,125,62,65,-7.153538755513696,0.0,0.9999913647643082,True,2,absent,0.5396369041183476
BraTS-GLI-02230-100,sustraccion,prediction_component,33,21,9984.0,2.1050500988499285e-05,5.011609755027925e-08,1.4142135623730951,1,9.1104335791443,0.1552301051412666,0.8263006657894747,2.3333333333333335,0,,55,62,145,148,42,47,-7.300022754085787,0.0,0.999876570142963,True,2,absent,0.5396369041183476
BraTS-GLI-02230-100,sustraccion,prediction_component,35,87,30976.0,1.5958102460555972e-05,2.8801484424534174e-08,1.4142135623730951,1,15.165750888103101,0.09325048082403138,0.5144834988108414,1.4285714285714286,0,,56,63,123,133,62,71,-7.54058512818624,0.0,0.9960628485116583,True,2,absent,0.5396369041183476
BraTS-GLI-02230-100,sustraccion,prediction_component,36,17,7680.0,2.5258472975227388e-05,7.215502078433436e-08,1.4142135623730951,1,7.0710678118654755,0.2,0.8866010210973454,1.6666666666666667,0,,57,62,41,44,62,66,-7.141733443876567,0.0,0.9999794400432893,True,2,absent,0.5396369041183476
BraTS-GLI-02230-100,sustraccion,prediction_component,38,14,7680.0,2.080109539136373e-05,4.8935585030206e-08,1.4142135623730951,1,7.54983443527075,0.1873171623163388,0.9458781407605124,1.25,0,,58,62,107,112,54,58,-7.310375215276639,0.0,0.9999616083947324,True,2,absent,0.5396369041183476
BraTS-GLI-02230-100,sustraccion,prediction_component,39,16,6656.0,2.9464563572443515e-05,9.818664009850627e-08,1.4142135623730951,1,6.4031242374328485,0.2208630521496931,0.9046998952817776,1.3333333333333333,0,,60,63,52,56,123,127,-7.007947601074732,0.0,0.9999924347460525,True,2,absent,0.5396369041183476
BraTS-GLI-02230-100,sustraccion,prediction_component,41,12,5376.0,3.04433440619409e-05,1.0481829363285631e-07,1.4142135623730951,1,5.830951894845301,0.24253562503633297,0.9957510787676723,1.3333333333333333,0,,61,64,154,158,94,97,-6.979562914580636,0.0,0.9999970754453279,True,2,absent,0.5396369041183476
BraTS-GLI-02230-100,sustraccion,prediction_component,43,16,6656.0,2.9464563572443515e-05,9.818664009850627e-08,1.4142135623730951,1,6.4031242374328485,0.2208630521496931,0.9046998952817776,1.3333333333333333,0,,61,64,169,173,103,107,-7.007947601074732,0.0,0.9999924347460525,True,2,absent,0.5396369041183476
BraTS-GLI-02230-100,sustraccion,prediction_component,44,187,52736.0,1.5441192173341324e-05,2.6965844728649096e-08,1.7320508075688772,1,25.514701644346147,0.06788442333021306,0.4882507978214639,1.7272727272727273,0,,62,73,80,99,21,34,-7.56918597050859,0.0,0.9914863561228748,True,2,absent,0.5396369041183476
BraTS-GLI-02230-100,sustraccion,prediction_component,46,20,7936.0,2.8289645606535866e-05,9.051225550351545e-08,1.4142135623730951,1,7.0710678118654755,0.2,0.8398489863421099,1.6666666666666667,0,,62,65,136,140,83,88,-7.043292612648983,0.0,0.9999822790394012,True,2,absent,0.5396369041183476
BraTS-GLI-02230-100,sustraccion,prediction_component,48,34,13056.0,2.279101699264339e-05,5.874620051645378e-08,1.4142135623730951,1,9.486832980505138,0.14907119849998599,0.7036956967830031,1.75,0,,63,68,102,109,21,25,-7.231020216683427,0.0,0.9998169962713022,True,2,absent,0.5396369041183476
BraTS-GLI-02230-100,sustraccion,prediction_component,49,12,6144.0,2.4917498197257264e-05,7.022006780482366e-08,1.4142135623730951,1,6.4031242374328485,0.2208630521496931,0.9957510787676723,1.3333333333333333,0,,63,66,113,117,102,106,-7.153538755513696,0.0,0.9999913647643082,True,2,absent,0.5396369041183476
BraTS-GLI-02230-100,sustraccion,prediction_component,50,29,12288.0,2.129002610079339e-05,5.126308769432005e-08,1.4142135623730951,1,9.797958971132712,0.14433756729740646,0.742013605090188,2.0,0,,63,67,146,154,73,77,-7.290195238802977,0.0,0.9997861969156715,True,2,absent,0.5396369041183476
BraTS-GLI-02230-100,sustraccion,prediction_component,52,105,41728.0,1.2318219667959093e-05,1.716122409474055e-08,1.4142135623730951,1,21.656407827707714,0.06530231484483393,0.4832235607731051,1.5,0,,63,78,175,187,102,112,-7.765451737546125,0.0,0.9821988059308822,True,2,absent,0.5396369041183476
BraTS-GLI-02230-100,sustraccion,prediction_component,55,85,29696.0,1.661009031629829e-05,3.120300073126313e-08,1.4142135623730951,1,17.349351572897472,0.08151391459392225,0.5184874224812556,2.0,0,,64,75,122,128,97,109,-7.505803638726298,0.0,0.995514497192247,True,2,absent,0.5396369041183476
BraTS-GLI-02230-100,sustraccion,prediction_component,57,27,11520.0,2.1836601342771384e-05,5.392901207410457e-08,1.4142135623730951,1,9.1104335791443,0.1552301051412666,0.7599002946021327,2.3333333333333335,0,,64,71,182,187,88,91,-7.268177535482184,0.0,0.9998556317800699,True,2,absent,0.5396369041183476
BraTS-GLI-02230-100,sustraccion,prediction_component,58,14,6144.0,2.9070414563466808e-05,9.557731451212109e-08,1.4142135623730951,1,6.928203230275509,0.20412414523193154,0.9458781407605124,1.0,0,,65,69,91,95,75,79,-7.019645176252469,0.0,0.9999902478773879,True,2,absent,0.5396369041183476
BraTS-GLI-02230-100,sustraccion,prediction_component,59,14,7680.0,2.080109539136373e-05,4.8935585030206e-08,1.4142135623730951,1,8.12403840463596,0.17407765595569785,0.9458781407605124,1.25,0,,65,69,112,117,79,84,-7.310375215276639,0.0,0.9999482086475548,True,2,absent,0.5396369041183476
BraTS-GLI-02230-100,sustraccion,prediction_component,62,25,12288.0,1.8353470776546024e-05,3.809682498091562e-08,1.4142135623730951,1,9.38083151964686,0.15075567228888181,0.7796467353853097,1.5,0,,66,70,124,130,93,99,-7.419111217256814,0.0,0.9997531675786434,True,2,absent,0.5396369041183476
BraTS-GLI-02230-100,sustraccion,prediction_component,64,20,9216.0,2.2605613425925925e-05,5.77942944895668e-08,1.4142135623730951,1,7.54983443527075,0.1873171623163388,0.8398489863421099,1.25,0,,67,71,56,60,144,149,-7.238115033448027,0.0,0.9999541603067982,True,2,absent,0.5396369041183476
BraTS-GLI-02230-100,sustraccion,prediction_component,69,44,16128.0,2.1482355753459303e-05,5.2193471315125986e-08,1.4142135623730951,1,10.677078252031311,0.13245323570650439,0.6457438947298227,1.75,0,,67,71,163,170,121,128,-7.282383817862498,0.0,0.9995999882661545,True,2,absent,0.5396369041183476
BraTS-GLI-02230-100,sustraccion,prediction_component,70,194,62208.0,1.2503522258523756e-05,1.7681419030914687e-08,2.23606797749979,1,34.14674215792775,0.0654840794813759,0.6226547353405661,4.833333333333333,1,,68,85,85,114,20,26,-7.752482883408612,0.6931471805599453,0.9864771548850911,True,2,absent,0.5396369041183476
BraTS-GLI-02230-100,sustraccion,prediction_component,72,29,11520.0,2.3454127368161858e-05,6.221440213212887e-08,1.4142135623730951,1,8.774964387392123,0.16116459280507606,0.742013605090188,1.5,0,,68,72,124,130,128,133,-7.206109068002246,0.0,0.9998902492312318,True,2,absent,0.5396369041183476
BraTS-GLI-02230-100,sustraccion,prediction_component,73,330,92160.0,1.179506234464931e-05,1.5734496674784562e-08,1.7320508075688772,1,39.0,0.04441155916843275,0.4040348720789189,1.368421052631579,0,,68,87,163,185,113,139,-7.803147145020215,0.0,0.9566213867495483,True,2,absent,0.5396369041183476
BraTS-GLI-02230-100,sustraccion,prediction_component,74,1510,450560.0,4.992844008570045e-06,2.819345944105321e-09,1.7320508075688772,1,121.15279608824552,0.01429641628994912,0.2433685836944606,1.8222222222222222,0,,68,145,100,182,30,75,-8.549851631330238,0.0,0.31588701991089124,False,2,absent,0.5396369041183476
BraTS-GLI-02230-100,sustraccion,prediction_component,75,30,11008.0,2.5975183446005973e-05,7.63079207910846e-08,1.4142135623730951,1,9.273618495495704,0.15249857033260467,0.73367566779705,1.2,0,,69,75,61,66,149,154,-7.1174303797735625,0.0,0.9998979535796794,True,2,absent,0.5396369041183476
BraTS-GLI-02230-100,sustraccion,prediction_component,78,96,36608.0,1.3705889587091741e-05,2.1245493875559585e-08,1.4142135623730951,1,18.920887928424502,0.07474350927519359,0.49787553938383616,1.5555555555555556,0,,69,78,115,124,107,121,-7.6727331687901765,0.0,0.9900321648133101,True,2,absent,0.5396369041183476
BraTS-GLI-02230-100,sustraccion,prediction_component,81,137,40192.0,1.700243567937404e-05,3.2694496579713856e-08,1.7320508075688772,1,19.544820285692065,0.08861942869010866,0.5416058019440831,2.5,0,,69,80,138,153,92,98,-7.485525345389015,0.0,0.9967456288431907,True,2,absent,0.5396369041183476
BraTS-GLI-02230-100,sustraccion,prediction_component,83,29,13824.0,1.7842159202974337e-05,3.6003704937574576e-08,1.4142135623730951,1,11.224972160321824,0.12598815766974242,0.742013605090188,3.0,0,,70,79,112,118,157,160,-7.443652806145121,0.0,0.999454121356871,True,2,absent,0.5396369041183476
BraTS-GLI-02230-100,sustraccion,prediction_component,87,20,7168.0,3.29558866672387e-05,1.2283393785100348e-07,1.4142135623730951,1,6.4031242374328485,0.2208630521496931,0.8398489863421099,1.3333333333333333,0,,71,74,125,129,121,125,-6.910681625172823,0.0,0.9999929625113879,True,2,absent,0.5396369041183476
BraTS-GLI-02230-100,sustraccion,prediction_component,89,38,14336.0,2.2138164395298824e-05,5.5428814455265326e-08,1.4142135623730951,1,10.246950765959598,0.13801311186847084,0.6780837477859392,2.0,0,,72,76,110,118,107,112,-7.256264410259108,0.0,0.9997163472665228,True,2,absent,0.5396369041183476
BraTS-GLI-02230-100,sustraccion,prediction_component,90,28,11264.0,2.3421735307665408e-05,6.204267448420182e-08,1.4142135623730951,1,8.774964387392123,0.16116459280507606,0.7507439778384809,1.5,0,,72,78,112,117,133,137,-7.207309489248251,0.0,0.9998935753622018,True,2,absent,0.5396369041183476
BraTS-GLI-02230-100,sustraccion,prediction_component,93,21,8704.0,2.5860741383219535e-05,7.563700362774818e-08,1.4142135623730951,1,7.54983443527075,0.1873171623163388,0.8263006657894747,1.25,0,,72,77,164,168,45,49,-7.121265684133054,0.0,0.9999674996641077,True,2,absent,0.5396369041183476
BraTS-GLI-02230-100,sustraccion,prediction_component,94,44,16128.0,2.1482355753459303e-05,5.2193471315125986e-08,1.4142135623730951,1,11.445523142259598,0.1235604126430431,0.6457438947298227,1.8,0,,73,82,186,191,85,90,-7.282383817862498,0.0,0.9995109294280529,True,2,absent,0.5396369041183476
BraTS-GLI-02230-100,sustraccion,prediction_component,96,12,5376.0,3.04433440619409e-05,1.0481829363285631e-07,1.4142135623730951,1,5.830951894845301,0.24253562503633297,0.9957510787676723,1.3333333333333333,0,,75,78,131,134,39,43,-6.979562914580636,0.0,0.9999970754453279,True,2,absent,0.5396369041183476
BraTS-GLI-02230-100,sustraccion,prediction_component,98,22,8192.0,2.9671381351669397e-05,9.956986177012105e-08,1.4142135623730951,1,7.54983443527075,0.1873171623163388,0.8135863258112027,1.25,0,,76,80,96,101,35,39,-7.001872095789433,0.0,0.9999772321440876,True,2,absent,0.5396369041183476
BraTS-GLI-02230-100,sustraccion,prediction_component,99,42,17152.0,1.8697224314091723e-05,3.953726742431768e-08,1.4142135623730951,1,11.74734012447073,0.12038585308576921,0.6558352730581178,1.6,0,,76,81,114,121,137,145,-7.402993349780806,0.0,0.9992390619131623,True,2,absent,0.5396369041183476
BraTS-GLI-02230-100,sustraccion,prediction_component,100,49,17920.0,2.0426270179054582e-05,4.7187885564841504e-08,1.4142135623730951,1,11.74734012447073,0.12038585308576921,0.6229872725752906,1.6,0,,76,83,121,129,131,136,-7.32616948245987,0.0,0.9993320930307588,True,2,absent,0.5396369041183476
BraTS-GLI-02230-100,sustraccion,prediction_component,102,34,15360.0,1.7860437523200438e-05,3.607751039216718e-08,1.4142135623730951,1,11.789826122551595,0.11995202878081344,0.7036956967830031,3.0,0,,77,80,100,109,29,36,-7.442763439540548,0.0,0.9992731496787726,True,2,absent,0.5396369041183476
BraTS-GLI-02230-100,sustraccion,prediction_component,103,21,8960.0,2.476037855649951e-05,6.933730123813445e-08,1.4142135623730951,1,7.681145747868608,0.1841149235796647,0.8263006657894747,1.6666666666666667,0,,77,82,112,117,22,25,-7.159033066057116,0.0,0.9999602621136316,True,2,absent,0.5396369041183476
BraTS-GLI-02230-100,sustraccion,prediction_component,104,12,5376.0,3.04433440619409e-05,1.0481829363285631e-07,1.4142135623730951,1,5.830951894845301,0.24253562503633297,0.9957510787676723,1.3333333333333333,0,,77,80,128,132,49,52,-6.979562914580636,0.0,0.9999970754453279,True,2,absent,0.5396369041183476
BraTS-GLI-02230-100,sustraccion,prediction_component,107,12,6144.0,2.4917498197257264e-05,7.022006780482366e-08,1.4142135623730951,1,6.4031242374328485,0.2208630521496931,0.9957510787676723,1.3333333333333333,0,,79,83,78,82,159,162,-7.153538755513696,0.0,0.9999913647643082,True,2,absent,0.5396369041183476
BraTS-GLI-02230-100,sustraccion,prediction_component,108,24,9984.0,2.4057715415427756e-05,6.545776006567085e-08,1.4142135623730951,1,8.602325267042627,0.1643989873053573,0.7903281549671363,2.3333333333333335,0,,79,82,120,127,41,45,-7.184038860130413,0.0,0.9999219799543483,True,2,absent,0.5396369041183476
BraTS-GLI-02230-100,sustraccion,prediction_component,109,24,9984.0,2.4057715415427756e-05,6.545776006567085e-08,1.4142135623730951,1,7.54983443527075,0.1873171623163388,0.7903281549671363,1.25,0,,79,84,124,128,48,52,-7.184038860130413,0.0,0.9999535337393706,True,2,absent,0.5396369041183476
BraTS-GLI-02230-100,sustraccion,prediction_component,111,14,7680.0,2.080109539136373e-05,4.8935585030206e-08,1.4142135623730951,1,7.810249675906654,0.1810714920850371,0.9458781407605124,2.0,0,,79,85,184,187,106,110,-7.310375215276639,0.0,0.9999557846335957,True,2,absent,0.5396369041183476
BraTS-GLI-02230-100,sustraccion,prediction_component,112,176,64768.0,1.0677557973198564e-05,1.2894254850088888e-08,1.4142135623730951,1,32.07802986469088,0.044086671417740544,0.40679316290560136,2.3,0,,80,100,61,84,68,78,-7.889603750373282,0.0,0.9428169257676483,True,2,absent,0.5396369041183476
BraTS-GLI-02230-100,sustraccion,prediction_component,114,42,16640.0,1.9566777541867316e-05,4.330030828344127e-08,1.4142135623730951,1,11.74734012447073,0.12038585308576921,0.6558352730581178,1.6,0,,80,87,182,187,61,69,-7.363509011606894,0.0,0.9993347567416588,True,2,absent,0.5396369041183476
BraTS-GLI-02230-100,sustraccion,prediction_component,116,150,42240.0,1.727847443540312e-05,3.376472080772888e-08,1.7320508075688772,1,19.519221295943137,0.08873565094161137,0.5254842988555363,3.2,0,,81,97,148,158,94,99,-7.471536837004484,0.0,0.9966995409541873,True,2,absent,0.5396369041183476
BraTS-GLI-02230-100,sustraccion,prediction_component,117,41,18176.0,1.6731558093759625e-05,3.1661037693927325e-08,1.4142135623730951,1,13.638181696985855,0.10369516947304254,0.6611244956113513,2.75,0,,82,89,61,72,107,111,-7.499474855191883,0.0,0.9984916584947395,True,2,absent,0.5396369041183476
BraTS-GLI-02230-100,sustraccion,prediction_component,118,14,6144.0,2.9070414563466808e-05,9.557731451212109e-08,1.4142135623730951,1,6.928203230275509,0.20412414523193154,0.9458781407605124,1.0,0,,82,86,110,114,48,52,-7.019645176252469,0.0,0.9999902478773879,True,2,absent,0.5396369041183476
BraTS-GLI-02230-100,sustraccion,prediction_component,120,12,6144.0,2.4917498197257264e-05,7.022006780482366e-08,1.4142135623730951,1,6.4031242374328485,0.2208630521496931,0.9957510787676723,1.3333333333333333,0,,82,86,141,144,53,57,-7.153538755513696,0.0,0.9999913647643082,True,2,absent,0.5396369041183476
BraTS-GLI-02230-100,sustraccion,prediction_component,121,14,6912.0,2.4362533060422576e-05,6.712700278491907e-08,1.4142135623730951,1,7.0710678118654755,0.2,0.9458781407605124,1.6666666666666667,0,,83,87,102,107,131,134,-7.1731027435946135,0.0,0.9999819443175567,True,2,absent,0.5396369041183476
BraTS-GLI-02230-100,sustraccion,prediction_component,125,20,7168.0,3.29558866672387e-05,1.2283393785100348e-07,1.4142135623730951,1,6.4031242374328485,0.2208630521496931,0.8398489863421099,1.3333333333333333,0,,83,87,188,191,81,85,-6.910681625172823,0.0,0.9999929625113879,True,2,absent,0.5396369041183476
BraTS-GLI-02230-100,sustraccion,prediction_component,128,12,6144.0,2.4917498197257264e-05,7.022006780482366e-08,1.4142135623730951,1,6.4031242374328485,0.2208630521496931,0.9957510787676723,1.3333333333333333,0,,84,88,121,124,130,134,-7.153538755513696,0.0,0.9999913647643082,True,2,absent,0.5396369041183476
BraTS-GLI-02230-100,sustraccion,prediction_component,129,12,5376.0,3.04433440619409e-05,1.0481829363285631e-07,1.4142135623730951,1,5.830951894845301,0.24253562503633297,0.9957510787676723,1.3333333333333333,0,,85,88,32,36,123,126,-6.979562914580636,0.0,0.9999970754453279,True,2,absent,0.5396369041183476
BraTS-GLI-02230-100,sustraccion,prediction_component,130,19,9216.0,2.147533275462963e-05,5.2159350776834036e-08,1.4142135623730951,1,8.774964387392123,0.16116459280507606,0.8543319874271107,1.5,0,,85,90,36,42,64,68,-7.282667822870332,0.0,0.9999090385149569,True,2,absent,0.5396369041183476
BraTS-GLI-02230-100,sustraccion,prediction_component,131,16,6656.0,2.9464563572443515e-05,9.818664009850627e-08,1.4142135623730951,1,6.4031242374328485,0.2208630521496931,0.9046998952817776,1.3333333333333333,0,,85,88,42,46,86,90,-7.007947601074732,0.0,0.9999924347460525,True,2,absent,0.5396369041183476
BraTS-GLI-02230-100,sustraccion,prediction_component,135,12,6144.0,2.4917498197257264e-05,7.022006780482366e-08,1.4142135623730951,1,6.4031242374328485,0.2208630521496931,0.9957510787676723,1.3333333333333333,0,,85,89,122,126,51,54,-7.153538755513696,0.0,0.9999913647643082,True,2,absent,0.5396369041183476
BraTS-GLI-02230-100,sustraccion,prediction_component,138,226,60160.0,1.5316047260438615e-05,2.6530520411632926e-08,1.7320508075688772,1,22.58317958127243,0.07669649888473705,0.4583747478637195,3.4,0,,86,100,42,59,86,91,-7.576254230994534,0.0,0.9919453305999055,True,2,absent,0.5396369041183476
BraTS-GLI-02230-100,sustraccion,prediction_component,141,26,11520.0,2.102783833007615e-05,5.000824713593235e-08,1.4142135623730951,1,9.848857801796104,0.14359163172354764,0.7695203069187393,1.2,0,,86,92,67,73,47,52,-7.300958367858523,0.0,0.9997979041520068,True,2,absent,0.5396369041183476
BraTS-GLI-02230-100,sustraccion,prediction_component,142,55,23808.0,1.4971948297361546e-05,2.5351812305382797e-08,1.4142135623730951,1,15.165750888103101,0.09325048082403138,0.5994555302303142,2.6,0,,86,92,75,88,157,162,-7.595990989147445,0.0,0.9966115377203778,True,2,absent,0.5396369041183476
BraTS-GLI-02230-100,sustraccion,prediction_component,143,30,13568.0,1.8982241848746456e-05,4.075185460707002e-08,1.4142135623730951,1,10.677078252031311,0.13245323570650439,0.73367566779705,1.6,0,,86,91,81,86,146,154,-7.38985262183717,0.0,0.999593990466461,True,2,absent,0.5396369041183476
BraTS-GLI-02230-100,sustraccion,prediction_component,144,12,6144.0,2.4917498197257264e-05,7.022006780482366e-08,1.4142135623730951,1,6.4031242374328485,0.2208630521496931,0.9957510787676723,1.3333333333333333,0,,86,90,140,143,57,61,-7.153538755513696,0.0,0.9999913647643082,True,2,absent,0.5396369041183476
BraTS-GLI-02230-100,sustraccion,prediction_component,145,17,7680.0,2.5258472975227388e-05,7.215502078433436e-08,1.4142135623730951,1,7.0710678118654755,0.2,0.8866010210973454,1.6666666666666667,0,,86,91,183,186,107,111,-7.141733443876567,0.0,0.9999794400432893,True,2,absent,0.5396369041183476
BraTS-GLI-02230-100,sustraccion,prediction_component,146,19,9984.0,1.9045691370546972e-05,4.102474198560274e-08,1.4142135623730951,1,8.774964387392123,0.16116459280507606,0.8543319874271107,1.5,0,,87,91,48,53,96,102,-7.386954141647967,0.0,0.9998702477966869,True,2,absent,0.5396369041183476
BraTS-GLI-02230-100,sustraccion,prediction_component,147,14,6144.0,2.9070414563466808e-05,9.557731451212109e-08,1.4142135623730951,1,6.928203230275509,0.20412414523193154,0.9458781407605124,1.0,0,,87,91,68,72,148,152,-7.019645176252469,0.0,0.9999902478773879,True,2,absent,0.5396369041183476
BraTS-GLI-02230-100,sustraccion,prediction_component,148,50,16128.0,2.4411767901658297e-05,6.739859415692921e-08,1.4142135623730951,1,10.488088481701515,0.13483997249264842,0.6188060239571066,1.4,0,,87,92,73,79,148,155,-7.171349162162835,0.0,0.9997108344344392,True,2,absent,0.5396369041183476
BraTS-GLI-02230-100,sustraccion,prediction_component,149,14,6144.0,2.9070414563466808e-05,9.557731451212109e-08,1.4142135623730951,1,6.928203230275509,0.20412414523193154,0.9458781407605124,1.0,0,,87,91,110,114,134,138,-7.019645176252469,0.0,0.9999902478773879,True,2,absent,0.5396369041183476
BraTS-GLI-02230-100,sustraccion,prediction_component,150,35,14080.0,2.094903691957872e-05,4.963413958736146e-08,1.4142135623730951,1,10.246950765959598,0.13801311186847084,0.6969289728874266,2.0,0,,87,92,113,121,47,51,-7.3042195022563075,0.0,0.9996902363526952,True,2,absent,0.5396369041183476
BraTS-GLI-02230-100,sustraccion,prediction_component,152,78,26368.0,1.8217082186934652e-05,3.753271739634559e-08,1.4142135623730951,1,15.588457268119896,0.09072184232530289,0.5335555806438685,2.6,0,,87,100,185,190,81,88,-7.425589991208684,0.0,0.9973854533470828,True,2,absent,0.5396369041183476
BraTS-GLI-02230-100,sustraccion,prediction_component,158,24,9216.0,2.712673611111111e-05,8.322378406497619e-08,1.4142135623730951,1,8.246211251235321,0.17149858514250885,0.7903281549671363,1.5,0,,88,92,132,138,93,97,-7.079752541352778,0.0,0.999953417821652,True,2,absent,0.5396369041183476
BraTS-GLI-02230-100,sustraccion,prediction_component,159,195,69376.0,1.0671383489067138e-05,1.2879346506314118e-08,1.4142135623730951,1,37.107950630558946,0.0381107966983353,0.3931271130734746,1.6,0,,88,103,155,179,122,146,-7.890106172372309,0.0,0.9315779827777959,True,2,absent,0.5396369041183476
BraTS-GLI-02230-100,sustraccion,prediction_component,160,12,6144.0,2.4917498197257264e-05,7.022006780482366e-08,1.4142135623730951,1,6.4031242374328485,0.2208630521496931,0.9957510787676723,1.3333333333333333,0,,89,93,41,44,134,138,-7.153538755513696,0.0,0.9999913647643082,True,2,absent,0.5396369041183476
BraTS-GLI-02230-100,sustraccion,prediction_component,161,23,8704.0,2.832366913400235e-05,9.073010185732151e-08,1.4142135623730951,1,6.928203230275509,0.20412414523193154,0.8016200827808712,1.0,0,,89,93,53,57,92,96,-7.042248601565707,0.0,0.9999812610215156,True,2,absent,0.5396369041183476
BraTS-GLI-02230-100,sustraccion,prediction_component,162,16,6656.0,2.9464563572443515e-05,9.818664009850627e-08,1.4142135623730951,1,6.4031242374328485,0.2208630521496931,0.9046998952817776,1.3333333333333333,0,,89,93,90,93,76,80,-7.007947601074732,0.0,0.9999924347460525,True,2,absent,0.5396369041183476
BraTS-GLI-02230-100,sustraccion,prediction_component,163,109,41472.0,1.2906070352241285e-05,1.883824452209995e-08,1.4142135623730951,1,23.08679276123039,0.06125638918316889,0.47723875231103313,1.7777777777777777,0,,89,105,107,116,143,157,-7.724959570220773,0.0,0.9825885024766687,True,2,absent,0.5396369041183476
BraTS-GLI-02230-100,sustraccion,prediction_component,166,14,6144.0,2.9070414563466808e-05,9.557731451212109e-08,1.4142135623730951,1,6.928203230275509,0.20412414523193154,0.9458781407605124,1.0,0,,90,94,48,52,75,79,-7.019645176252469,0.0,0.9999902478773879,True,2,absent,0.5396369041183476
BraTS-GLI-02230-100,sustraccion,prediction_component,167,21,11520.0,1.6984023266599966e-05,3.262372335347067e-08,1.4142135623730951,1,10.04987562112089,0.1407195089460584,0.8263006657894747,1.75,0,,90,94,63,69,133,140,-7.48646647433232,0.0,0.9996766627024241,True,2,absent,0.5396369041183476
BraTS-GLI-02230-100,sustraccion,prediction_component,168,218,72960.0,1.1061887965279102e-05,1.383919678286839e-08,1.7320508075688772,1,25.612496949731394,0.06762522260005742,0.4639145558930288,1.3333333333333333,0,,90,102,99,115,40,56,-7.858889115290449,0.0,0.9750998920852951,True,2,absent,0.5396369041183476
BraTS-GLI-02230-100,sustraccion,prediction_component,170,35,12544.0,2.491230867346939e-05,7.019082162914485e-08,1.7320508075688772,1,9.273618495495704,0.18677184190940707,0.8535601852680835,1.2,0,,91,96,88,94,147,152,-7.153719673859118,0.0,0.9999670411209531,True,2,absent,0.5396369041183476
BraTS-GLI-02230-100,sustraccion,prediction_component,172,14,6144.0,2.9070414563466808e-05,9.557731451212109e-08,1.4142135623730951,1,6.928203230275509,0.20412414523193154,0.9458781407605124,1.0,0,,91,95,136,140,134,138,-7.019645176252469,0.0,0.9999902478773879,True,2,absent,0.5396369041183476
BraTS-GLI-02230-100,sustraccion,prediction_component,173,17,7680.0,2.5258472975227388e-05,7.215502078433436e-08,1.4142135623730951,1,7.0710678118654755,0.2,0.8866010210973454,1.6666666666666667,0,,92,96,29,32,90,95,-7.141733443876567,0.0,0.9999794400432893,True,2,absent,0.5396369041183476
BraTS-GLI-02230-100,sustraccion,prediction_component,174,24,12288.0,1.7619331945484184e-05,3.511003390241183e-08,1.4142135623730951,1,10.246950765959598,0.13801311186847084,0.7903281549671363,2.0,0,,92,100,91,96,49,53,-7.4545687511776775,0.0,0.9996440182258781,True,2,absent,0.5396369041183476
BraTS-GLI-02230-100,sustraccion,prediction_component,176,44,16896.0,2.0034422359917438e-05,4.539479130816883e-08,1.4142135623730951,1,11.575836902790225,0.12216944435630524,0.6457438947298227,1.1666666666666667,0,,92,99,123,130,134,140,-7.342993976127358,0.0,0.999379648442878,True,2,absent,0.5396369041183476
BraTS-GLI-02230-100,sustraccion,prediction_component,177,21,9984.0,2.1050500988499285e-05,5.011609755027925e-08,1.4142135623730951,1,9.38083151964686,0.15075567228888181,0.8263006657894747,1.5,0,,93,99,69,75,51,55,-7.300022754085787,0.0,0.9998634290071629,True,2,absent,0.5396369041183476
BraTS-GLI-02230-100,sustraccion,prediction_component,180,17,7168.0,2.8012503667152895e-05,8.874752009735003e-08,1.4142135623730951,1,6.928203230275509,0.20412414523193154,0.8866010210973454,1.0,0,,94,98,56,60,46,50,-7.051843773744237,0.0,0.9999862106188884,True,2,absent,0.5396369041183476
BraTS-GLI-02230-100,sustraccion,prediction_component,181,43,17920.0,1.792509423876218e-05,3.6339192173840873e-08,1.4142135623730951,1,13.45362404707371,0.10511766624552735,0.650711350669285,1.5,0,,94,100,84,92,22,31,-7.439624731357725,0.0,0.9987578668545545,True,2,absent,0.5396369041183476
BraTS-GLI-02230-100,sustraccion,prediction_component,183,19,9216.0,2.147533275462963e-05,5.2159350776834036e-08,1.4142135623730951,1,8.246211251235321,0.17149858514250885,0.8543319874271107,1.5,0,,94,98,106,110,37,43,-7.282667822870332,0.0,0.9999279930558477,True,2,absent,0.5396369041183476
BraTS-GLI-02230-100,sustraccion,prediction_component,187,26,11520.0,2.102783833007615e-05,5.000824713593235e-08,1.4142135623730951,1,9.486832980505138,0.14907119849998599,0.7695203069187393,1.75,0,,95,102,81,86,41,45,-7.300958367858523,0.0,0.999821453175972,True,2,absent,0.5396369041183476
BraTS-GLI-02230-100,sustraccion,prediction_component,189,12,6144.0,2.4917498197257264e-05,7.022006780482366e-08,1.4142135623730951,1,6.4031242374328485,0.2208630521496931,0.9957510787676723,1.3333333333333333,0,,95,99,157,161,87,90,-7.153538755513696,0.0,0.9999913647643082,True,2,absent,0.5396369041183476
BraTS-GLI-02230-100,sustraccion,prediction_component,190,19,9984.0,1.9045691370546972e-05,4.102474198560274e-08,1.4142135623730951,1,8.774964387392123,0.16116459280507606,0.8543319874271107,1.5,0,,95,100,163,169,53,57,-7.386954141647967,0.0,0.9998702477966869,True,2,absent,0.5396369041183476
BraTS-GLI-02230-100,sustraccion,prediction_component,191,71,22784.0,2.064492886467794e-05,4.8203564600989754e-08,1.7320508075688772,1,13.45362404707371,0.12874232262686236,0.6742755017744779,1.5,0,,96,102,82,90,146,155,-7.316920844970715,0.0,0.9995633772410054,True,2,absent,0.5396369041183476
BraTS-GLI-02230-100,sustraccion,prediction_component,192,33,16128.0,1.6111766815094476e-05,2.9358827614758364e-08,1.4142135623730951,1,11.661903789690601,0.12126781251816648,0.7107331206052484,1.3333333333333333,0,,96,102,92,100,120,126,-7.532261291079098,0.0,0.9990696961605317,True,2,absent,0.5396369041183476
BraTS-GLI-02230-100,sustraccion,prediction_component,193,26,12288.0,1.9087609607607868e-05,4.1205525899358324e-08,1.4142135623730951,1,10.246950765959598,0.13801311186847084,0.7695203069187393,2.0,0,,96,104,157,161,102,107,-7.385044538659253,0.0,0.9996947250132721,True,2,absent,0.5396369041183476
BraTS-GLI-02230-100,sustraccion,prediction_component,196,12,5376.0,3.04433440619409e-05,1.0481829363285631e-07,1.4142135623730951,1,5.830951894845301,0.24253562503633297,0.9957510787676723,1.3333333333333333,0,,97,100,83,86,34,38,-6.979562914580636,0.0,0.9999970754453279,True,2,absent,0.5396369041183476
BraTS-GLI-02230-100,sustraccion,prediction_component,197,41,18432.0,1.638419711001273e-05,3.036006532405056e-08,1.4142135623730951,1,12.449899597988733,0.11359236684941297,0.6611244956113513,1.8,0,,97,106,132,139,40,45,-7.517697298328462,0.0,0.9987166267603439,True,2,absent,0.5396369041183476
BraTS-GLI-02230-100,sustraccion,prediction_component,198,12,5376.0,3.04433440619409e-05,1.0481829363285631e-07,1.4142135623730951,1,5.830951894845301,0.24253562503633297,0.9957510787676723,1.3333333333333333,0,,97,100,175,178,57,61,-6.979562914580636,0.0,0.9999970754453279,True,2,absent,0.5396369041183476
BraTS-GLI-02230-100,sustraccion,prediction_component,199,21,8960.0,2.476037855649951e-05,6.933730123813445e-08,1.4142135623730951,1,7.681145747868608,0.1841149235796647,0.8263006657894747,1.6666666666666667,0,,98,103,62,67,88,91,-7.159033066057116,0.0,0.9999602621136316,True,2,absent,0.5396369041183476
BraTS-GLI-02230-100,sustraccion,prediction_component,200,12,5376.0,3.04433440619409e-05,1.0481829363285631e-07,1.4142135623730951,1,5.830951894845301,0.24253562503633297,0.9957510787676723,1.3333333333333333,0,,98,102,79,82,143,146,-6.979562914580636,0.0,0.9999970754453279,True,2,absent,0.5396369041183476
BraTS-GLI-02230-100,sustraccion,prediction_component,201,14,7680.0,2.080109539136373e-05,4.8935585030206e-08,1.4142135623730951,1,8.246211251235321,0.17149858514250885,0.9458781407605124,1.5,0,,98,102,86,90,123,129,-7.310375215276639,0.0,0.999945098366169,True,2,absent,0.5396369041183476
BraTS-GLI-02230-100,sustraccion,prediction_component,203,17,7168.0,2.8012503667152895e-05,8.874752009735003e-08,1.4142135623730951,1,6.928203230275509,0.20412414523193154,0.8866010210973454,1.0,0,,98,102,101,105,126,130,-7.051843773744237,0.0,0.9999862106188884,True,2,absent,0.5396369041183476
BraTS-GLI-02230-100,sustraccion,prediction_component,204,26,10752.0,2.3320586280543092e-05,6.150795702761359e-08,1.4142135623730951,1,8.774964387392123,0.16116459280507606,0.7695203069187393,1.5,0,,98,104,104,108,30,35,-7.211068697726193,0.0,0.9998999910383912,True,2,absent,0.5396369041183476
BraTS-GLI-02230-100,sustraccion,prediction_component,205,14,6144.0,2.9070414563466808e-05,9.557731451212109e-08,1.4142135623730951,1,6.928203230275509,0.20412414523193154,0.9458781407605124,1.0,0,,99,103,43,47,112,116,-7.019645176252469,0.0,0.9999902478773879,True,2,absent,0.5396369041183476
BraTS-GLI-02230-100,sustraccion,prediction_component,208,23,10496.0,2.1389079908047943e-05,5.174120984025427e-08,1.4142135623730951,1,9.486832980505138,0.14907119849998599,0.8016200827808712,1.75,0,,99,106,73,77,32,37,-7.2861634205981485,0.0,0.9998506511911864,True,2,absent,0.5396369041183476
BraTS-GLI-02230-100,sustraccion,prediction_component,209,12,6144.0,2.4917498197257264e-05,7.022006780482366e-08,1.4142135623730951,1,6.4031242374328485,0.2208630521496931,0.9957510787676723,1.3333333333333333,0,,99,103,78,82,37,40,-7.153538755513696,0.0,0.9999913647643082,True,2,absent,0.5396369041183476
BraTS-GLI-02230-100,sustraccion,prediction_component,210,12,6144.0,2.4917498197257264e-05,7.022006780482366e-08,1.4142135623730951,1,6.4031242374328485,0.2208630521496931,0.9957510787676723,1.3333333333333333,0,,99,102,79,83,107,111,-7.153538755513696,0.0,0.9999913647643082,True,2,absent,0.5396369041183476
BraTS-GLI-02230-100,sustraccion,prediction_component,211,12,5376.0,3.04433440619409e-05,1.0481829363285631e-07,1.4142135623730951,1,5.830951894845301,0.24253562503633297,0.9957510787676723,1.3333333333333333,0,,99,102,95,99,148,151,-6.979562914580636,0.0,0.9999970754453279,True,2,absent,0.5396369041183476
BraTS-GLI-02230-100,sustraccion,prediction_component,213,26,10752.0,2.3320586280543092e-05,6.150795702761359e-08,1.4142135623730951,1,8.774964387392123,0.16116459280507606,0.7695203069187393,1.5,0,,100,105,123,129,26,30,-7.211068697726193,0.0,0.9998999910383912,True,2,absent,0.5396369041183476
BraTS-GLI-02230-100,sustraccion,prediction_component,214,12,5376.0,3.04433440619409e-05,1.0481829363285631e-07,1.4142135623730951,1,5.830951894845301,0.24253562503633297,0.9957510787676723,1.3333333333333333,0,,100,103,149,152,43,47,-6.979562914580636,0.0,0.9999970754453279,True,2,absent,0.5396369041183476
BraTS-GLI-02230-100,sustraccion,prediction_component,215,43,14848.0,2.3766570468110476e-05,6.388301547637982e-08,1.4142135623730951,1,11.090536506409418,0.12751534261266767,0.650711350669285,1.4,0,,100,107,146,153,36,41,-7.1946145920037665,0.0,0.9996748040410425,True,2,absent,0.5396369041183476
BraTS-GLI-02230-100,sustraccion,prediction_component,216,12,5376.0,3.04433440619409e-05,1.0481829363285631e-07,1.4142135623730951,1,5.830951894845301,0.24253562503633297,0.9957510787676723,1.3333333333333333,0,,100,103,183,186,80,84,-6.979562914580636,0.0,0.9999970754453279,True,2,absent,0.5396369041183476
BraTS-GLI-02230-100,sustraccion,prediction_component,217,36,16896.0,1.639180011265972e-05,3.0388248726955995e-08,1.4142135623730951,1,13.601470508735444,0.10397504898200727,0.6904152369103725,3.0,0,,101,105,66,71,135,147,-7.517294327565159,0.0,0.9985830731923685,True,2,absent,0.5396369041183476
BraTS-GLI-02230-100,sustraccion,prediction_component,220,12,5376.0,3.04433440619409e-05,1.0481829363285631e-07,1.4142135623730951,1,5.830951894845301,0.24253562503633297,0.9957510787676723,1.3333333333333333,0,,101,105,124,127,150,153,-6.979562914580636,0.0,0.9999970754453279,True,2,absent,0.5396369041183476
BraTS-GLI-02230-100,sustraccion,prediction_component,222,28,9728.0,2.918251305292295e-05,9.631584748619055e-08,1.4142135623730951,1,7.810249675906654,0.1810714920850371,0.7507439778384809,2.0,0,,102,106,54,60,87,90,-7.01630224964012,0.0,0.9999646001105468,True,2,absent,0.5396369041183476
BraTS-GLI-02230-100,sustraccion,prediction_component,223,24,11008.0,2.078014675680478e-05,4.883706930629415e-08,1.4142135623730951,1,9.273618495495704,0.15249857033260467,0.7903281549671363,1.2,0,,102,108,66,71,29,34,-7.311250405789675,0.0,0.9998425164534845,True,2,absent,0.5396369041183476
BraTS-GLI-02230-100,sustraccion,prediction_component,228,50,24576.0,1.2977863644404825e-05,1.904841249045781e-08,1.4142135623730951,1,18.681541692269406,0.07570111641044645,0.6188060239571066,2.1666666666666665,0,,104,110,57,70,68,80,-7.720141212920796,0.0,0.992906901000397,True,2,absent,0.5396369041183476
BraTS-GLI-02230-100,sustraccion,prediction_component,230,38,14336.0,2.2138164395298824e-05,5.5428814455265326e-08,1.4142135623730951,1,11.575836902790225,0.12216944435630524,0.6780837477859392,1.1666666666666667,0,,104,111,61,68,148,154,-7.256264410259108,0.0,0.9995941771653435,True,2,absent,0.5396369041183476
BraTS-GLI-02230-100,sustraccion,prediction_component,231,24,9216.0,2.712673611111111e-05,8.322378406497619e-08,1.4142135623730951,1,8.246211251235321,0.17149858514250885,0.7903281549671363,1.5,0,,104,108,91,95,38,44,-7.079752541352778,0.0,0.999953417821652,True,2,absent,0.5396369041183476
BraTS-GLI-02230-100,sustraccion,prediction_component,233,19,8448.0,2.446936747720066e-05,6.771702339772293e-08,1.4142135623730951,1,7.54983443527075,0.1873171623163388,0.8543319874271107,1.25,0,,104,109,179,183,82,86,-7.169302140202132,0.0,0.9999657761246885,True,2,absent,0.5396369041183476
BraTS-GLI-02230-100,sustraccion,prediction_component,234,38,16896.0,1.730245567447415e-05,3.3858511698861466e-08,1.4142135623730951,1,12.36931687685298,0.11433239009500591,0.6780837477859392,1.5,0,,105,114,68,74,40,46,-7.470332135866113,0.0,0.9989960262961688,True,2,absent,0.5396369041183476
BraTS-GLI-02230-100,sustraccion,prediction_component,235,21,8448.0,2.704509036953757e-05,8.272356597893577e-08,1.4142135623730951,1,7.54983443527075,0.1873171623163388,0.8263006657894747,1.25,0,,105,110,121,125,147,151,-7.082370752639951,0.0,0.9999715323839783,True,2,absent,0.5396369041183476
BraTS-GLI-02230-100,sustraccion,prediction_component,237,36,11520.0,2.911546845702851e-05,9.587379924285257e-08,1.4142135623730951,1,8.366600265340756,0.16903085094570333,0.6904152369103725,2.0,0,,106,111,57,63,87,90,-7.018300062265584,0.0,0.9999404559412776,True,2,absent,0.5396369041183476
BraTS-GLI-02230-100,sustraccion,prediction_component,239,12,6144.0,2.4917498197257264e-05,7.022006780482366e-08,1.4142135623730951,1,6.4031242374328485,0.2208630521496931,0.9957510787676723,1.3333333333333333,0,,106,110,133,136,45,49,-7.153538755513696,0.0,0.9999913647643082,True,2,absent,0.5396369041183476
BraTS-GLI-02230-100,sustraccion,prediction_component,240,42,16896.0,1.912376679810301e-05,4.1361782989467884e-08,1.4142135623730951,1,11.916375287812984,0.11867816581938534,0.6558352730581178,1.8,0,,106,112,136,141,37,46,-7.383400748303933,0.0,0.9992601461549141,True,2,absent,0.5396369041183476
BraTS-GLI-02230-100,sustraccion,prediction_component,241,26,13056.0,1.7428424759080237e-05,3.435331448886051e-08,1.4142135623730951,1,11.916375287812984,0.11867816581938534,0.7695203069187393,1.8,0,,107,113,58,63,133,142,-7.464031354826301,0.0,0.9993815655098691,True,2,absent,0.5396369041183476
BraTS-GLI-02230-100,sustraccion,prediction_component,242,19,9984.0,1.9045691370546972e-05,4.102474198560274e-08,1.4142135623730951,1,8.774964387392123,0.16116459280507606,0.8543319874271107,1.5,0,,107,113,65,69,127,132,-7.386954141647967,0.0,0.9998702477966869,True,2,absent,0.5396369041183476
BraTS-GLI-02230-100,sustraccion,prediction_component,243,12,6144.0,2.4917498197257264e-05,7.022006780482366e-08,1.4142135623730951,1,6.4031242374328485,0.2208630521496931,0.9957510787676723,1.3333333333333333,0,,107,111,141,145,35,38,-7.153538755513696,0.0,0.9999913647643082,True,2,absent,0.5396369041183476
BraTS-GLI-02230-100,sustraccion,prediction_component,245,14,6144.0,2.9070414563466808e-05,9.557731451212109e-08,1.4142135623730951,1,6.928203230275509,0.20412414523193154,0.9458781407605124,1.0,0,,108,112,80,84,41,45,-7.019645176252469,0.0,0.9999902478773879,True,2,absent,0.5396369041183476
BraTS-GLI-02230-100,sustraccion,prediction_component,247,16,6656.0,2.9464563572443515e-05,9.818664009850627e-08,1.4142135623730951,1,6.4031242374328485,0.2208630521496931,0.9046998952817776,1.3333333333333333,0,,108,112,102,105,138,142,-7.007947601074732,0.0,0.9999924347460525,True,2,absent,0.5396369041183476
BraTS-GLI-02230-100,sustraccion,prediction_component,248,32,12032.0,2.424617544845322e-05,6.648732501936358e-08,1.4142135623730951,1,9.486832980505138,0.14907119849998599,0.7180607827429069,1.75,0,,108,113,126,130,47,54,-7.177261139641468,0.0,0.9998561090522476,True,2,absent,0.5396369041183476
BraTS-GLI-02230-100,sustraccion,prediction_component,249,33,12032.0,2.500386843121738e-05,7.070771186141302e-08,1.4142135623730951,1,9.0,0.15713484026367724,0.7107331206052484,2.0,0,,108,114,131,137,31,34,-7.150533216525505,0.0,0.999887274226074,True,2,absent,0.5396369041183476
BraTS-GLI-02230-100,sustraccion,prediction_component,250,35,14848.0,1.9344882939159692e-05,4.232379337942957e-08,1.4142135623730951,1,10.04987562112089,0.1407195089460584,0.6969289728874266,1.75,0,,109,116,106,112,24,28,-7.3734154144623885,0.0,0.9996312019229805,True,2,absent,0.5396369041183476
BraTS-GLI-02230-100,sustraccion,prediction_component,251,92,36352.0,1.3273802844976789e-05,1.9927054063161875e-08,1.4142135623730951,1,22.825424421026653,0.06195782108087898,0.5049890081570453,2.8333333333333335,0,,109,126,166,180,78,84,-7.700556900932186,0.0,0.9858372071255123,True,2,absent,0.5396369041183476
BraTS-GLI-02230-100,sustraccion,prediction_component,252,12,5376.0,3.04433440619409e-05,1.0481829363285631e-07,1.4142135623730951,1,5.830951894845301,0.24253562503633297,0.9957510787676723,1.3333333333333333,0,,110,113,73,76,138,142,-6.979562914580636,0.0,0.9999970754453279,True,2,absent,0.5396369041183476
BraTS-GLI-02230-100,sustraccion,prediction_component,257,22,9216.0,2.4866174768518517e-05,6.993109633237583e-08,1.4142135623730951,1,7.810249675906654,0.1810714920850371,0.8135863258112027,2.0,0,,111,115,40,43,62,68,-7.155329663131577,0.0,0.9999557750927051,True,2,absent,0.5396369041183476
BraTS-GLI-02230-100,sustraccion,prediction_component,259,111,40960.0,1.3390076457164387e-05,2.0277690361482006e-08,1.4142135623730951,1,25.39685019840059,0.05568460463897045,0.4743550640703908,1.7,0,,111,127,50,67,70,80,-7.692981512868587,0.0,0.9820925565704772,True,2,absent,0.5396369041183476
BraTS-GLI-02230-100,sustraccion,prediction_component,260,16,6656.0,2.9464563572443515e-05,9.818664009850627e-08,1.4142135623730951,1,6.4031242374328485,0.2208630521496931,0.9046998952817776,1.3333333333333333,0,,111,115,73,76,143,147,-7.007947601074732,0.0,0.9999924347460525,True,2,absent,0.5396369041183476
BraTS-GLI-02230-100,sustraccion,prediction_component,261,14,7680.0,2.080109539136373e-05,4.8935585030206e-08,1.4142135623730951,1,7.54983443527075,0.1873171623163388,0.9458781407605124,1.25,0,,111,115,86,90,137,142,-7.310375215276639,0.0,0.9999616083947324,True,2,absent,0.5396369041183476
BraTS-GLI-02230-100,sustraccion,prediction_component,264,12,6144.0,2.4917498197257264e-05,7.022006780482366e-08,1.4142135623730951,1,6.4031242374328485,0.2208630521496931,0.9957510787676723,1.3333333333333333,0,,111,115,113,117,137,140,-7.153538755513696,0.0,0.9999913647643082,True,2,absent,0.5396369041183476
BraTS-GLI-02230-100,sustraccion,prediction_component,265,14,6912.0,2.4362533060422576e-05,6.712700278491907e-08,1.4142135623730951,1,7.0710678118654755,0.2,0.9458781407605124,1.6666666666666667,0,,112,115,39,43,123,128,-7.1731027435946135,0.0,0.9999819443175567,True,2,absent,0.5396369041183476
BraTS-GLI-02230-100,sustraccion,prediction_component,266,21,9216.0,2.3735894097222223e-05,6.371820967474739e-08,1.4142135623730951,1,8.774964387392123,0.16116459280507606,0.8263006657894747,1.5,0,,112,118,48,52,134,139,-7.1957364353081505,0.0,0.9999243369923035,True,2,absent,0.5396369041183476
BraTS-GLI-02230-100,sustraccion,prediction_component,267,27,10240.0,2.6056364997725294e-05,7.678564414457468e-08,1.4142135623730951,1,8.774964387392123,0.16116459280507606,0.7599002946021327,1.5,0,,112,118,77,81,33,38,-7.11471996814004,0.0,0.9999251479254774,True,2,absent,0.5396369041183476
BraTS-GLI-02230-100,sustraccion,prediction_component,268,12,6144.0,2.4917498197257264e-05,7.022006780482366e-08,1.4142135623730951,1,6.4031242374328485,0.2208630521496931,0.9957510787676723,1.3333333333333333,0,,112,116,109,113,152,155,-7.153538755513696,0.0,0.9999913647643082,True,2,absent,0.5396369041183476
BraTS-GLI-02230-100,sustraccion,prediction_component,271,24,11520.0,1.9410312304685675e-05,4.261057744126781e-08,1.4142135623730951,1,9.797958971132712,0.14433756729740646,0.7903281549671363,2.0,0,,112,120,144,148,83,87,-7.3704825803769465,0.0,0.9997682727184899,True,2,absent,0.5396369041183476
BraTS-GLI-02230-100,sustraccion,prediction_component,275,367,110592.0,9.978850037025765e-06,1.1261944054550438e-08,1.7320508075688772,1,44.94441010848846,0.03853762466540309,0.3899732420851071,2.0,0,,114,134,45,63,40,76,-7.948386634414685,0.0,0.9175656302372899,True,2,absent,0.5396369041183476
BraTS-GLI-02230-100,sustraccion,prediction_component,276,38,15360.0,1.996166546710637e-05,4.506567907118461e-08,1.4142135623730951,1,10.677078252031311,0.13245323570650439,0.6780837477859392,1.6,0,,114,119,67,75,146,151,-7.346154080391438,0.0,0.9995631812423224,True,2,absent,0.5396369041183476
BraTS-GLI-02230-100,sustraccion,prediction_component,277,24,8960.0,2.8297575493142297e-05,9.056300569878785e-08,1.4142135623730951,1,7.54983443527075,0.1873171623163388,0.7903281549671363,1.25,0,,114,118,82,86,130,135,-7.0430491721017425,0.0,0.9999712541656729,True,2,absent,0.5396369041183476
BraTS-GLI-02230-100,sustraccion,prediction_component,278,120,43776.0,1.3101684363039207e-05,1.9413625091698775e-08,1.4142135623730951,1,21.95449840010015,0.06441566264008308,0.4621867088265907,2.4285714285714284,0,,114,131,129,141,40,47,-7.711893361555339,0.0,0.9835184683138695,True,2,absent,0.5396369041183476
BraTS-GLI-02230-100,sustraccion,prediction_component,280,12,6144.0,2.4917498197257264e-05,7.022006780482366e-08,1.4142135623730951,1,6.4031242374328485,0.2208630521496931,0.9957510787676723,1.3333333333333333,0,,115,118,51,55,124,128,-7.153538755513696,0.0,0.9999913647643082,True,2,absent,0.5396369041183476
BraTS-GLI-02230-100,sustraccion,prediction_component,281,21,8192.0,2.8322682199320788e-05,9.072377900955245e-08,1.4142135623730951,1,7.0710678118654755,0.2,0.8263006657894747,1.6666666666666667,0,,115,118,61,66,143,147,-7.042278867966007,0.0,0.9999813582583429,True,2,absent,0.5396369041183476
BraTS-GLI-02230-100,sustraccion,prediction_component,283,24,9728.0,2.50135826167911e-05,7.076266345924204e-08,1.4142135623730951,1,8.12403840463596,0.17407765595569785,0.7903281549671363,1.25,0,,116,120,44,49,114,119,-7.150195828901346,0.0,0.9999441407141825,True,2,absent,0.5396369041183476
BraTS-GLI-02230-100,sustraccion,prediction_component,286,549,176640.0,7.395009910820696e-06,6.184860296120955e-09,1.7320508075688772,1,61.69278726074872,0.02807541828590509,0.34098299076335487,1.8,0,,116,150,60,85,28,73,-8.20867010578571,0.0,0.7485460425967068,True,2,absent,0.5396369041183476
BraTS-GLI-02230-100,sustraccion,prediction_component,288,16,6656.0,2.9464563572443515e-05,9.818664009850627e-08,1.4142135623730951,1,6.4031242374328485,0.2208630521496931,0.9046998952817776,1.3333333333333333,0,,117,121,95,98,133,137,-7.007947601074732,0.0,0.9999924347460525,True,2,absent,0.5396369041183476
BraTS-GLI-02230-100,sustraccion,prediction_component,290,12,6144.0,2.4917498197257264e-05,7.022006780482366e-08,1.4142135623730951,1,6.4031242374328485,0.2208630521496931,0.9957510787676723,1.3333333333333333,0,,118,122,81,85,99,102,-7.153538755513696,0.0,0.9999913647643082,True,2,absent,0.5396369041183476
BraTS-GLI-02230-100,sustraccion,prediction_component,292,22,10752.0,1.9732803775844155e-05,4.403824142213755e-08,1.4142135623730951,1,9.0,0.15713484026367724,0.8135863258112027,2.0,0,,118,124,89,92,43,49,-7.3561700320234165,0.0,0.9998494034575314,True,2,absent,0.5396369041183476
BraTS-GLI-02230-100,sustraccion,prediction_component,293,12,6144.0,2.4917498197257264e-05,7.022006780482366e-08,1.4142135623730951,1,6.4031242374328485,0.2208630521496931,0.9957510787676723,1.3333333333333333,0,,118,122,95,98,142,146,-7.153538755513696,0.0,0.9999913647643082,True,2,absent,0.5396369041183476
BraTS-GLI-02230-100,sustraccion,prediction_component,294,12,6144.0,2.4917498197257264e-05,7.022006780482366e-08,1.4142135623730951,1,6.4031242374328485,0.2208630521496931,0.9957510787676723,1.3333333333333333,0,,118,122,160,163,60,64,-7.153538755513696,0.0,0.9999913647643082,True,2,absent,0.5396369041183476
BraTS-GLI-02230-100,sustraccion,prediction_component,297,20,7680.0,2.9715850559091044e-05,9.986854087797143e-08,1.4142135623730951,1,6.928203230275509,0.20412414523193154,0.8398489863421099,1.0,0,,119,123,63,67,44,48,-7.000571295305153,0.0,0.9999860431899337,True,2,absent,0.5396369041183476
BraTS-GLI-02230-100,sustraccion,prediction_component,302,12,6144.0,2.4917498197257264e-05,7.022006780482366e-08,1.4142135623730951,1,6.4031242374328485,0.2208630521496931,0.9957510787676723,1.3333333333333333,0,,120,123,118,122,96,100,-7.153538755513696,0.0,0.9999913647643082,True,2,absent,0.5396369041183476
BraTS-GLI-02230-100,sustraccion,prediction_component,306,36,14848.0,1.9897593880278538e-05,4.4776845893665894e-08,1.4142135623730951,1,11.357816691600547,0.12451456127293807,0.6904152369103725,2.0,0,,121,129,87,91,26,33,-7.348946501628365,0.0,0.9994976785756573,True,2,absent,0.5396369041183476
BraTS-GLI-02230-100,sustraccion,prediction_component,307,12,5376.0,3.04433440619409e-05,1.0481829363285631e-07,1.4142135623730951,1,5.830951894845301,0.24253562503633297,0.9957510787676723,1.3333333333333333,0,,121,124,102,106,94,97,-6.979562914580636,0.0,0.9999970754453279,True,2,absent,0.5396369041183476
BraTS-GLI-02230-100,sustraccion,prediction_component,309,100,26880.0,2.2691128928304807e-05,5.823238535158684e-08,2.23606797749979,1,14.317821063276353,0.15617376188860607,0.776571065980862,2.4,1,,122,134,93,98,129,135,-7.234835419683942,0.6931471805599453,0.999836507208402,True,2,absent,0.5396369041183476
BraTS-GLI-02230-100,sustraccion,prediction_component,310,27,10240.0,2.6056364997725294e-05,7.678564414457468e-08,1.4142135623730951,1,8.366600265340756,0.16903085094570333,0.7599002946021327,2.0,0,,122,127,96,99,145,151,-7.11471996814004,0.0,0.9999373452989341,True,2,absent,0.5396369041183476
BraTS-GLI-02230-100,sustraccion,prediction_component,313,96,27904.0,2.0595461981532783e-05,4.797284223702208e-08,1.7320508075688772,1,14.352700094407323,0.12067769800636945,0.6097705134516743,2.0,0,,123,133,93,102,88,93,-7.319004550216862,0.0,0.999317396931592,True,2,absent,0.5396369041183476
BraTS-GLI-02230-100,sustraccion,prediction_component,315,25,9984.0,2.5060120224403912e-05,7.102621534903521e-08,1.4142135623730951,1,8.12403840463596,0.17407765595569785,0.7796467353853097,1.25,0,,124,129,146,151,125,129,-7.14858132620955,0.0,0.9999420260645022,True,2,absent,0.5396369041183476
BraTS-GLI-02230-100,sustraccion,prediction_component,318,12,5376.0,3.04433440619409e-05,1.0481829363285631e-07,1.4142135623730951,1,5.830951894845301,0.24253562503633297,0.9957510787676723,1.3333333333333333,0,,126,130,119,122,43,46,-6.979562914580636,0.0,0.9999970754453279,True,2,absent,0.5396369041183476
BraTS-GLI-02230-100,sustraccion,prediction_component,319,12,5376.0,3.04433440619409e-05,1.0481829363285631e-07,1.4142135623730951,1,5.830951894845301,0.24253562503633297,0.9957510787676723,1.3333333333333333,0,,126,130,122,125,86,89,-6.979562914580636,0.0,0.9999970754453279,True,2,absent,0.5396369041183476
BraTS-GLI-02230-100,sustraccion,prediction_component,320,12,6144.0,2.4917498197257264e-05,7.022006780482366e-08,1.4142135623730951,1,6.4031242374328485,0.2208630521496931,0.9957510787676723,1.3333333333333333,0,,127,131,100,103,54,58,-7.153538755513696,0.0,0.9999913647643082,True,2,absent,0.5396369041183476
BraTS-GLI-02230-100,sustraccion,prediction_component,321,24,9472.0,2.6034468006549403e-05,7.665664164680334e-08,1.4142135623730951,1,8.660254037844387,0.1632993161855452,0.7903281549671363,1.0,0,,127,132,112,117,138,143,-7.1154502112519005,0.0,0.9999366790777416,True,2,absent,0.5396369041183476
BraTS-GLI-02230-100,sustraccion,prediction_component,323,55,19456.0,2.0266667999076276e-05,4.645335437591301e-08,1.4142135623730951,1,12.68857754044952,0.11145564251507058,0.5994555302303142,2.25,0,,128,137,89,93,116,124,-7.332982920328014,0.0,0.9990812310888432,True,2,absent,0.5396369041183476
BraTS-GLI-02230-100,sustraccion,prediction_component,325,12,5376.0,3.04433440619409e-05,1.0481829363285631e-07,1.4142135623730951,1,5.830951894845301,0.24253562503633297,0.9957510787676723,1.3333333333333333,0,,129,132,72,76,95,98,-6.979562914580636,0.0,0.9999970754453279,True,2,absent,0.5396369041183476
BraTS-GLI-02230-100,sustraccion,prediction_component,326,55,24064.0,1.4733670769675043e-05,2.4551288840768412e-08,1.4142135623730951,1,16.73320053068151,0.08451542547285167,0.5994555302303142,2.0,0,,129,139,149,161,73,79,-7.609925704284736,0.0,0.9956748974726976,True,2,absent,0.5396369041183476
BraTS-GLI-02230-100,sustraccion,prediction_component,327,17,6912.0,2.9583075859084555e-05,9.897808063694699e-08,1.4142135623730951,1,6.557438524302,0.21566554640687685,0.8866010210973454,1.6666666666666667,0,,130,135,72,75,117,120,-7.004460972194542,0.0,0.9999909613731117,True,2,absent,0.5396369041183476
BraTS-GLI-02230-100,sustraccion,prediction_component,328,19,7680.0,2.8230058031136492e-05,9.013135814236922e-08,1.4142135623730951,1,7.54983443527075,0.1873171623163388,0.8543319874271107,1.25,0,,130,134,79,83,50,55,-7.0451240847274565,0.0,0.9999775800939197,True,2,absent,0.5396369041183476
BraTS-GLI-02230-100,sustraccion,prediction_component,329,17,7168.0,2.8012503667152895e-05,8.874752009735003e-08,1.4142135623730951,1,6.928203230275509,0.20412414523193154,0.8866010210973454,1.0,0,,130,134,79,83,139,143,-7.051843773744237,0.0,0.9999862106188884,True,2,absent,0.5396369041183476
BraTS-GLI-02230-100,sustraccion,prediction_component,330,16,6656.0,2.9464563572443515e-05,9.818664009850627e-08,1.4142135623730951,1,6.4031242374328485,0.2208630521496931,0.9046998952817776,1.3333333333333333,0,,130,133,130,134,108,112,-7.007947601074732,0.0,0.9999924347460525,True,2,absent,0.5396369041183476
BraTS-GLI-02230-100,sustraccion,prediction_component,331,28,9728.0,2.918251305292295e-05,9.631584748619055e-08,1.4142135623730951,1,7.810249675906654,0.1810714920850371,0.7507439778384809,2.0,0,,131,137,91,94,48,52,-7.01630224964012,0.0,0.9999646001105468,True,2,absent,0.5396369041183476
BraTS-GLI-02230-100,sustraccion,prediction_component,332,67,24064.0,1.7948289846695054e-05,3.6433301026846087e-08,1.4142135623730951,1,15.165750888103101,0.09325048082403138,0.5612886582720128,1.4285714285714286,0,,131,140,96,103,33,43,-7.43850147787157,0.0,0.9976895709461768,True,2,absent,0.5396369041183476
BraTS-GLI-02230-100,sustraccion,prediction_component,333,12,5376.0,3.04433440619409e-05,1.0481829363285631e-07,1.4142135623730951,1,5.830951894845301,0.24253562503633297,0.9957510787676723,1.3333333333333333,0,,131,134,134,137,66,70,-6.979562914580636,0.0,0.9999970754453279,True,2,absent,0.5396369041183476
BraTS-GLI-02230-100,sustraccion,prediction_component,334,33,14336.0,1.9225248027496348e-05,4.180192447491962e-08,1.4142135623730951,1,11.090536506409418,0.12751534261266767,0.7107331206052484,1.4,0,,131,138,150,155,98,105,-7.3788037237369535,0.0,0.9995208753507699,True,2,absent,0.5396369041183476
BraTS-GLI-02230-100,sustraccion,prediction_component,340,166,49152.0,1.5233380744533201e-05,2.6244902729352767e-08,1.4142135623730951,1,22.40535650240808,0.06311944030978033,0.4148029518192296,1.6666666666666667,0,,133,148,71,80,118,132,-7.580955032504666,0.0,0.9868273979818822,True,2,absent,0.5396369041183476
BraTS-GLI-02230-100,sustraccion,prediction_component,341,19,7680.0,2.8230058031136492e-05,9.013135814236922e-08,1.4142135623730951,1,7.54983443527075,0.1873171623163388,0.8543319874271107,1.25,0,,133,138,101,105,49,53,-7.0451240847274565,0.0,0.9999775800939197,True,2,absent,0.5396369041183476
BraTS-GLI-02230-100,sustraccion,prediction_component,342,87,30976.0,1.5958102460555972e-05,2.8801484424534174e-08,1.4142135623730951,1,15.033296378372908,0.09407208683835974,0.5144834988108414,1.125,0,,134,142,102,111,126,135,-7.54058512818624,0.0,0.9961350443935068,True,2,absent,0.5396369041183476
BraTS-GLI-02230-100,sustraccion,prediction_component,343,16,6656.0,2.9464563572443515e-05,9.818664009850627e-08,1.4142135623730951,1,6.4031242374328485,0.2208630521496931,0.9046998952817776,1.3333333333333333,0,,135,139,53,56,65,69,-7.007947601074732,0.0,0.9999924347460525,True,2,absent,0.5396369041183476
BraTS-GLI-02230-100,sustraccion,prediction_component,344,14,7680.0,2.080109539136373e-05,4.8935585030206e-08,1.4142135623730951,1,8.12403840463596,0.17407765595569785,0.9458781407605124,1.25,0,,135,140,58,63,121,125,-7.310375215276639,0.0,0.9999482086475548,True,2,absent,0.5396369041183476
BraTS-GLI-02230-100,sustraccion,prediction_component,347,12,5376.0,3.04433440619409e-05,1.0481829363285631e-07,1.4142135623730951,1,5.830951894845301,0.24253562503633297,0.9957510787676723,1.3333333333333333,0,,137,141,93,96,123,126,-6.979562914580636,0.0,0.9999970754453279,True,2,absent,0.5396369041183476
BraTS-GLI-02230-100,sustraccion,prediction_component,348,29,12544.0,2.064162718658892e-05,4.818814774702924e-08,1.4142135623730951,1,9.38083151964686,0.15075567228888181,0.742013605090188,1.5,0,,137,143,97,101,128,134,-7.317059766761757,0.0,0.9997973589760187,True,2,absent,0.5396369041183476
BraTS-GLI-02230-100,sustraccion,prediction_component,349,34,16128.0,1.660000217312764e-05,3.116510993816407e-08,1.4142135623730951,1,11.575836902790225,0.12216944435630524,0.7036956967830031,1.1666666666666667,0,,138,145,60,66,56,63,-7.506331336750362,0.0,0.9991416817682955,True,2,absent,0.5396369041183476
BraTS-GLI-02230-100,sustraccion,prediction_component,350,76,22016.0,2.326515591916481e-05,6.121590979018122e-08,1.7320508075688772,1,12.449899597988733,0.13912166872805048,0.6591520893663227,1.8,0,,138,147,89,94,49,56,-7.213135691643248,0.0,0.9997423999616627,True,2,absent,0.5396369041183476
BraTS-GLI-02230-100,sustraccion,prediction_component,351,98,32512.0,1.671708483075079e-05,3.1606286029010465e-08,1.4142135623730951,1,17.69180601295413,0.07993607669774316,0.49446532592440784,2.3333333333333335,0,,139,153,90,96,74,83,-7.500226533957008,0.0,0.9949824632271334,True,2,absent,0.5396369041183476
BraTS-GLI-02230-100,sustraccion,prediction_component,353,12,5376.0,3.04433440619409e-05,1.0481829363285631e-07,1.4142135623730951,1,5.830951894845301,0.24253562503633297,0.9957510787676723,1.3333333333333333,0,,141,144,56,59,107,111,-6.979562914580636,0.0,0.9999970754453279,True,2,absent,0.5396369041183476
BraTS-GLI-02230-100,sustraccion,prediction_component,355,12,5376.0,3.04433440619409e-05,1.0481829363285631e-07,1.4142135623730951,1,5.830951894845301,0.24253562503633297,0.9957510787676723,1.3333333333333333,0,,141,145,102,105,48,51,-6.979562914580636,0.0,0.9999970754453279,True,2,absent,0.5396369041183476
BraTS-GLI-02230-100,sustraccion,prediction_component,356,44,18688.0,1.722298559446485e-05,3.354820206297747e-08,1.4142135623730951,1,13.416407864998739,0.10540925533894598,0.6457438947298227,2.5,0,,142,146,98,108,119,127,-7.47433074986312,0.0,0.9985835987639012,True,2,absent,0.5396369041183476
BraTS-GLI-02230-100,sustraccion,prediction_component,357,37,12288.0,2.7163136749288116e-05,8.344728543819756e-08,1.4142135623730951,1,8.660254037844387,0.1632993161855452,0.6841383873286643,1.0,0,,145,150,127,132,65,70,-7.078587786466899,0.0,0.9999146526714736,True,2,absent,0.5396369041183476
BraTS-GLI-02230-100,sustraccion,prediction_component,358,41,15872.0,2.0503895251889375e-05,4.754721921919046e-08,1.4142135623730951,1,11.916375287812984,0.11867816581938534,0.6611244956113513,1.8,0,,146,152,69,74,105,114,-7.322874877529419,0.0,0.9994104788599717,True,2,absent,0.5396369041183476
BraTS-GLI-02230-100,sustraccion,prediction_component,359,16,6656.0,2.9464563572443515e-05,9.818664009850627e-08,1.4142135623730951,1,6.4031242374328485,0.2208630521496931,0.9046998952817776,1.3333333333333333,0,,146,150,76,79,112,116,-7.007947601074732,0.0,0.9999924347460525,True,2,absent,0.5396369041183476
BraTS-GLI-02230-100,sustraccion,prediction_component,360,19,8448.0,2.446936747720066e-05,6.771702339772293e-08,1.4142135623730951,1,7.54983443527075,0.1873171623163388,0.8543319874271107,1.25,0,,146,150,88,92,56,61,-7.169302140202132,0.0,0.9999657761246885,True,2,absent,0.5396369041183476
BraTS-GLI-02230-100,sustraccion,prediction_component,362,12,6144.0,2.4917498197257264e-05,7.022006780482366e-08,1.4142135623730951,1,6.4031242374328485,0.2208630521496931,0.9957510787676723,1.3333333333333333,0,,153,156,104,108,76,80,-7.153538755513696,0.0,0.9999913647643082,True,2,absent,0.5396369041183476
BraTS-GLI-02230-100,gmm_2d,prediction_component,1,1013,207104.0,1.0747976667757808e-05,1.3064891380165236e-08,2.449489742783178,1,44.553338819890925,0.05497881433051205,0.3931594146829229,1.1666666666666667,4,,28,53,64,88,92,120,-7.883894196590384,1.6094379124341003,0.9052680810936969,True,2,absent,0.5396369041183476
BraTS-GLI-02230-100,gmm_2d,prediction_component,2,79379,12592896.0,1.7763036099254382e-06,3.568508785217036e-10,5.656854249492381,4,240.0062499186219,0.02356961225555764,0.21217912353770127,1.141732283464567,143,,30,157,30,175,20,163,-9.447513229727681,4.969813299576001,0.00227825649051958,False,2,absent,0.5396369041183476
BraTS-GLI-02230-100,gmm_2d,prediction_component,3,159,44288.0,1.7059567699190975e-05,3.291458750655544e-08,1.7320508075688772,1,18.920887928424502,0.091541729654603,0.5153763147144259,1.5555555555555556,0,,30,39,77,86,67,81,-7.482611583219611,0.0,0.9966510420649651,True,2,absent,0.5396369041183476
BraTS-GLI-02230-100,gmm_2d,prediction_component,4,147,40448.0,1.8070566031360066e-05,3.6931409771505325e-08,2.23606797749979,1,19.209372712298546,0.1164050492949297,0.6829812173957389,2.2857142857142856,2,,32,39,48,56,112,128,-7.432604113841044,1.0986122886681098,0.9986156896743418,True,2,absent,0.5396369041183476
BraTS-GLI-02230-100,gmm_2d,prediction_component,5,57,17664.0,2.4279585689427806e-05,6.667068490846741e-08,1.7320508075688772,1,11.575836902790225,0.14962640041614492,0.7254907483481623,1.1666666666666667,0,,32,39,73,80,95,101,-7.1760650833409105,0.0,0.9998626188633117,True,2,absent,0.5396369041183476
BraTS-GLI-02230-100,gmm_2d,prediction_component,6,25,9984.0,2.5060120224403912e-05,7.102621534903521e-08,1.7320508075688772,1,8.660254037844387,0.19999999999999996,0.9548683406603533,1.0,0,,33,38,53,58,57,62,-7.14858132620955,0.0,0.9999839769140652,True,2,absent,0.5396369041183476
BraTS-GLI-02230-100,gmm_2d,prediction_component,7,70,21504.0,2.2198271711831908e-05,5.573021254351084e-08,1.7320508075688772,1,12.12435565298214,0.14285714285714285,0.6774711680063634,1.0,0,,35,42,79,86,56,63,-7.253909300631259,0.0,0.9997471836999002,True,2,absent,0.5396369041183476
BraTS-GLI-02230-100,gmm_2d,prediction_component,8,25,9984.0,2.5060120224403912e-05,7.102621534903521e-08,1.7320508075688772,1,8.660254037844387,0.19999999999999996,0.9548683406603533,1.0,0,,35,40,81,86,64,69,-7.14858132620955,0.0,0.9999839769140652,True,2,absent,0.5396369041183476
BraTS-GLI-02230-100,gmm_2d,prediction_component,9,44,13824.0,2.7070862238995545e-05,8.288129935688987e-08,1.7320508075688772,1,10.392304845413264,0.16666666666666666,0.7908715233027805,1.0,0,,38,44,51,57,129,135,-7.081543448970658,0.0,0.9999478350119567,True,2,absent,0.5396369041183476
BraTS-GLI-02230-100,gmm_2d,prediction_component,10,38,12544.0,2.7047649416909622e-05,8.273922157753891e-08,1.7320508075688772,1,9.273618495495704,0.18677184190940707,0.8304795924748166,1.2,0,,39,44,60,66,82,87,-7.082288569326049,0.0,0.9999716641024393,True,2,absent,0.5396369041183476
BraTS-GLI-02230-100,gmm_2d,prediction_component,11,641,150528.0,1.0975696576341461e-05,1.3624374046581947e-08,2.23606797749979,1,35.6931365951495,0.06264700137907352,0.41805028973520914,1.6875,4,,41,58,110,137,58,74,-7.865683441664908,1.6094379124341003,0.9303467616139478,True,2,absent,0.5396369041183476
BraTS-GLI-02230-100,gmm_2d,prediction_component,12,51,17664.0,2.1723839827382773e-05,5.337348459431324e-08,1.7320508075688772,1,11.090536506409418,0.15617376188860604,0.7528933105024771,1.4,0,,42,49,96,101,79,86,-7.272674442490021,0.0,0.9998524265156273,True,2,absent,0.5396369041183476
BraTS-GLI-02230-100,gmm_2d,prediction_component,13,25,9984.0,2.5060120224403912e-05,7.102621534903521e-08,1.7320508075688772,1,8.660254037844387,0.19999999999999996,0.9548683406603533,1.0,0,,43,48,123,128,142,147,-7.14858132620955,0.0,0.9999839769140652,True,2,absent,0.5396369041183476
BraTS-GLI-02230-100,gmm_2d,prediction_component,14,70,21504.0,2.2198271711831908e-05,5.573021254351084e-08,1.7320508075688772,1,12.727922061357855,0.13608276348795434,0.6774711680063634,1.1428571428571428,0,,44,51,129,136,112,120,-7.253909300631259,0.0,0.9997053415519641,True,2,absent,0.5396369041183476
BraTS-GLI-02230-100,gmm_2d,prediction_component,15,51,17664.0,2.1723839827382773e-05,5.337348459431324e-08,1.7320508075688772,1,11.090536506409418,0.15617376188860604,0.7528933105024771,1.4,0,,44,51,136,143,124,129,-7.272674442490021,0.0,0.9998524265156273,True,2,absent,0.5396369041183476
BraTS-GLI-02230-100,gmm_2d,prediction_component,16,25,9984.0,2.5060120224403912e-05,7.102621534903521e-08,1.7320508075688772,1,8.660254037844387,0.19999999999999996,0.9548683406603533,1.0,0,,45,50,77,82,43,48,-7.14858132620955,0.0,0.9999839769140652,True,2,absent,0.5396369041183476
BraTS-GLI-02230-100,gmm_2d,prediction_component,17,46,16896.0,2.0945077921731866e-05,4.961538140913494e-08,1.7320508075688772,1,11.0,0.15745916432444337,0.7792393700163133,1.1666666666666667,0,,46,52,43,49,57,64,-7.3043836657365855,0.0,0.9998562533785377,True,2,absent,0.5396369041183476
BraTS-GLI-02230-100,gmm_2d,prediction_component,18,226,53760.0,1.81309077859203e-05,3.717846642772062e-08,2.23606797749979,1,23.769728648009426,0.09407208683835973,0.5917592549327365,1.25,2,,47,62,120,132,26,40,-7.4297085283810835,1.0986122886681098,0.9967364574271337,True,2,absent,0.5396369041183476
BraTS-GLI-02230-100,gmm_2d,prediction_component,19,25,9984.0,2.5060120224403912e-05,7.102621534903521e-08,1.7320508075688772,1,8.660254037844387,0.19999999999999996,0.9548683406603533,1.0,0,,48,53,47,52,53,58,-7.14858132620955,0.0,0.9999839769140652,True,2,absent,0.5396369041183476
BraTS-GLI-02230-100,gmm_2d,prediction_component,20,50,17152.0,2.2258600373918718e-05,5.6033542268023926e-08,1.7320508075688772,1,11.575836902790225,0.14962640041614492,0.757879504227687,1.1666666666666667,0,,48,55,139,145,131,138,-7.25155192190457,0.0,0.9998438969480989,True,2,absent,0.5396369041183476
BraTS-GLI-02230-100,gmm_2d,prediction_component,21,38,13824.0,2.3379381024587062e-05,6.181848980958109e-08,1.7320508075688772,1,9.848857801796104,0.17586311452816475,0.8304795924748166,1.2,0,,50,56,105,111,57,62,-7.2088816087094125,0.0,0.9999441871677677,True,2,absent,0.5396369041183476
BraTS-GLI-02230-100,gmm_2d,prediction_component,22,284,59392.0,1.9621238409719115e-05,4.3541682127694794e-08,2.23606797749979,1,21.37755832643195,0.104598848163826,0.5483717732390916,1.0833333333333333,1,,52,64,122,135,60,72,-7.361094797052751,0.6931471805599453,0.997996410884879,True,2,absent,0.5396369041183476
BraTS-GLI-02230-100,gmm_2d,prediction_component,23,25,9984.0,2.5060120224403912e-05,7.102621534903521e-08,1.7320508075688772,1,8.660254037844387,0.19999999999999996,0.9548683406603533,1.0,0,,52,57,131,136,146,151,-7.14858132620955,0.0,0.9999839769140652,True,2,absent,0.5396369041183476
BraTS-GLI-02230-100,gmm_2d,prediction_component,24,25,9984.0,2.5060120224403912e-05,7.102621534903521e-08,1.7320508075688772,1,8.660254037844387,0.19999999999999996,0.9548683406603533,1.0,0,,53,58,117,122,29,34,-7.14858132620955,0.0,0.9999839769140652,True,2,absent,0.5396369041183476
BraTS-GLI-02230-100,gmm_2d,prediction_component,25,71,18432.0,2.8372634019778144e-05,9.10440745380957e-08,1.7320508075688772,1,11.0,0.15745916432444337,0.6742755017744779,1.1666666666666667,0,,53,59,123,130,52,58,-7.040748314329782,0.0,0.9999109415750361,True,2,absent,0.5396369041183476
BraTS-GLI-02230-100,gmm_2d,prediction_component,26,25,9984.0,2.5060120224403912e-05,7.102621534903521e-08,1.7320508075688772,1,8.660254037844387,0.19999999999999996,0.9548683406603533,1.0,0,,57,62,40,45,62,67,-7.14858132620955,0.0,0.9999839769140652,True,2,absent,0.5396369041183476
BraTS-GLI-02230-100,gmm_2d,prediction_component,27,46,16896.0,2.0945077921731866e-05,4.961538140913494e-08,1.7320508075688772,1,11.0,0.15745916432444337,0.7792393700163133,1.1666666666666667,0,,59,65,81,87,120,127,-7.3043836657365855,0.0,0.9998562533785377,True,2,absent,0.5396369041183476
BraTS-GLI-02230-100,gmm_2d,prediction_component,28,50,19968.0,1.772018094802615e-05,3.551310767451761e-08,1.7320508075688772,1,12.806248474865697,0.13525044520011484,0.757879504227687,1.3333333333333333,0,,60,66,132,140,97,105,-7.449611321873531,0.0,0.9995758900131834,True,2,absent,0.5396369041183476
BraTS-GLI-02230-100,gmm_2d,prediction_component,29,313,68864.0,1.7320322315174994e-05,3.392847288890054e-08,2.23606797749979,1,26.476404589747453,0.0844551219150681,0.5308841501444937,1.5833333333333333,2,,61,73,79,98,21,35,-7.469435687388454,1.0986122886681098,0.9940933427271761,True,2,absent,0.5396369041183476
BraTS-GLI-02230-100,gmm_2d,prediction_component,30,1178,246272.0,9.63879479419823e-06,1.0507462344781497e-08,2.8284271247461903,1,65.76473218982953,0.04300826644563763,0.4317106538933728,6.3,8,,61,124,170,186,93,103,-7.9785021576854005,2.1972245773362196,0.823727527695205,True,2,absent,0.5396369041183476
BraTS-GLI-02230-100,gmm_2d,prediction_component,31,64,17664.0,2.726128919514701e-05,8.405143902280163e-08,2.23606797749979,1,10.677078252031311,0.20942695414584778,0.9011308970908855,1.6,1,,62,67,101,109,21,26,-7.075454846718119,0.6931471805599453,0.999982672624685,True,2,absent,0.5396369041183476
BraTS-GLI-02230-100,gmm_2d,prediction_component,32,25,9984.0,2.5060120224403912e-05,7.102621534903521e-08,1.7320508075688772,1,8.660254037844387,0.19999999999999996,0.9548683406603533,1.0,0,,62,67,146,151,119,124,-7.14858132620955,0.0,0.9999839769140652,True,2,absent,0.5396369041183476
BraTS-GLI-02230-100,gmm_2d,prediction_component,33,44,13824.0,2.7070862238995545e-05,8.288129935688987e-08,1.7320508075688772,1,10.392304845413264,0.16666666666666666,0.7908715233027805,1.0,0,,63,69,113,119,80,86,-7.081543448970658,0.0,0.9999478350119567,True,2,absent,0.5396369041183476
BraTS-GLI-02230-100,gmm_2d,prediction_component,34,63,19200.0,2.3680382134730743e-05,6.342051819914697e-08,1.7320508075688772,1,11.575836902790225,0.14962640041614492,0.7016868116919668,1.1666666666666667,0,,64,71,178,185,101,107,-7.197770213742064,0.0,0.9998373280566092,True,2,absent,0.5396369041183476
BraTS-GLI-02230-100,gmm_2d,prediction_component,35,46,15616.0,2.357236358908017e-05,6.284324984734695e-08,1.7320508075688772,1,10.488088481701515,0.1651445647689541,0.7792393700163133,1.4,0,,65,72,182,188,87,92,-7.20174136414328,0.0,0.9999148270214971,True,2,absent,0.5396369041183476
BraTS-GLI-02230-100,gmm_2d,prediction_component,36,25,9984.0,2.5060120224403912e-05,7.102621534903521e-08,1.7320508075688772,1,8.660254037844387,0.19999999999999996,0.9548683406603533,1.0,0,,69,74,108,113,19,24,-7.14858132620955,0.0,0.9999839769140652,True,2,absent,0.5396369041183476
BraTS-GLI-02230-100,gmm_2d,prediction_component,37,82,23296.0,2.3061726425995157e-05,6.015005175130796e-08,1.7320508075688772,1,12.727922061357855,0.13608276348795434,0.6426663285123421,1.1428571428571428,0,,69,77,171,178,54,61,-7.220763994669975,0.0,0.9996975518665701,True,2,absent,0.5396369041183476
BraTS-GLI-02230-100,gmm_2d,prediction_component,38,50,17920.0,2.084313283576998e-05,4.91335751404014e-08,1.7320508075688772,1,11.661903789690601,0.14852213144650114,0.757879504227687,1.3333333333333333,0,,71,77,110,118,106,112,-7.308621633844861,0.0,0.9998056140133416,True,2,absent,0.5396369041183476
BraTS-GLI-02230-100,gmm_2d,prediction_component,39,239,54272.0,1.890314917437668e-05,4.0412963316153596e-08,2.449489742783178,1,21.93171219946131,0.111687118657491,0.6362667004166986,3.0,2,,72,83,88,106,19,25,-7.393479303364106,1.0986122886681098,0.9983759052745901,True,2,absent,0.5396369041183476
BraTS-GLI-02230-100,gmm_2d,prediction_component,40,310,92928.0,1.0943136294715948e-05,1.3543658358889496e-08,2.449489742783178,1,35.2845575287547,0.06942101345006232,0.5834244117771393,3.2,2,,72,104,182,192,79,90,-7.868264009913919,1.0986122886681098,0.9743463542650466,True,2,absent,0.5396369041183476
BraTS-GLI-02230-100,gmm_2d,prediction_component,41,47,14592.0,2.6664020003279646e-05,8.040880842667987e-08,1.7320508075688772,1,9.848857801796104,0.17586311452816475,0.7736731845058752,1.2,0,,73,78,111,117,133,139,-7.094696373620167,0.0,0.9999525376286319,True,2,absent,0.5396369041183476
BraTS-GLI-02230-100,gmm_2d,prediction_component,42,38,12544.0,2.7047649416909622e-05,8.273922157753891e-08,1.7320508075688772,1,9.273618495495704,0.18677184190940707,0.8304795924748166,1.2,0,,73,79,133,138,135,140,-7.082288569326049,0.0,0.9999716641024393,True,2,absent,0.5396369041183476
BraTS-GLI-02230-100,gmm_2d,prediction_component,43,407,86016.0,1.613338676199212e-05,2.9437672122512847e-08,2.23606797749979,1,32.0624390837628,0.06974104408145883,0.4863882432866655,1.7142857142857142,4,,73,87,170,186,112,136,-7.531096536193219,1.6094379124341003,0.9847089571797298,True,2,absent,0.5396369041183476
BraTS-GLI-02230-100,gmm_2d,prediction_component,44,62,18176.0,2.530138053202675e-05,7.240037411984334e-08,1.7320508075688772,1,11.575836902790225,0.14962640041614492,0.7054392189315698,1.1666666666666667,0,,74,81,132,138,49,56,-7.140259189634846,0.0,0.9998682533026614,True,2,absent,0.5396369041183476
BraTS-GLI-02230-100,gmm_2d,prediction_component,45,25,9984.0,2.5060120224403912e-05,7.102621534903521e-08,1.7320508075688772,1,8.660254037844387,0.19999999999999996,0.9548683406603533,1.0,0,,74,79,183,188,105,110,-7.14858132620955,0.0,0.9999839769140652,True,2,absent,0.5396369041183476
BraTS-GLI-02230-100,gmm_2d,prediction_component,46,44,13824.0,2.7070862238995545e-05,8.288129935688987e-08,1.7320508075688772,1,10.392304845413264,0.16666666666666666,0.7908715233027805,1.0,0,,75,81,124,130,131,137,-7.081543448970658,0.0,0.9999478350119567,True,2,absent,0.5396369041183476
BraTS-GLI-02230-100,gmm_2d,prediction_component,47,25,9984.0,2.5060120224403912e-05,7.102621534903521e-08,1.7320508075688772,1,8.660254037844387,0.19999999999999996,0.9548683406603533,1.0,0,,76,81,95,100,34,39,-7.14858132620955,0.0,0.9999839769140652,True,2,absent,0.5396369041183476
BraTS-GLI-02230-100,gmm_2d,prediction_component,48,63,23040.0,1.80142770354644e-05,3.67016887726545e-08,1.7320508075688772,1,13.19090595827292,0.13130643285972254,0.7016868116919668,2.0,0,,76,81,100,110,28,35,-7.435313951884939,0.0,0.99944732247503,True,2,absent,0.5396369041183476
BraTS-GLI-02230-100,gmm_2d,prediction_component,49,50,19968.0,1.772018094802615e-05,3.551310767451761e-08,1.7320508075688772,1,12.206555615733702,0.14189513095212064,0.757879504227687,1.3333333333333333,0,,76,83,124,132,47,53,-7.449611321873531,0.0,0.9996350394421484,True,2,absent,0.5396369041183476
BraTS-GLI-02230-100,gmm_2d,prediction_component,50,123,28928.0,2.499927985238836e-05,7.068176242562082e-08,2.449489742783178,1,14.142135623730951,0.1732050807568877,0.7939688387517667,1.6666666666666667,1,,77,87,31,37,65,73,-7.150692630045591,0.6931471805599453,0.9999220855600428,True,2,absent,0.5396369041183476
BraTS-GLI-02230-100,gmm_2d,prediction_component,51,25,9984.0,2.5060120224403912e-05,7.102621534903521e-08,1.7320508075688772,1,8.660254037844387,0.19999999999999996,0.9548683406603533,1.0,0,,77,82,67,72,61,66,-7.14858132620955,0.0,0.9999839769140652,True,2,absent,0.5396369041183476
BraTS-GLI-02230-100,gmm_2d,prediction_component,52,25,9984.0,2.5060120224403912e-05,7.102621534903521e-08,1.7320508075688772,1,8.660254037844387,0.19999999999999996,0.9548683406603533,1.0,0,,77,82,112,117,21,26,-7.14858132620955,0.0,0.9999839769140652,True,2,absent,0.5396369041183476
BraTS-GLI-02230-100,gmm_2d,prediction_component,53,25,9984.0,2.5060120224403912e-05,7.102621534903521e-08,1.7320508075688772,1,8.660254037844387,0.19999999999999996,0.9548683406603533,1.0,0,,79,84,78,83,71,76,-7.14858132620955,0.0,0.9999839769140652,True,2,absent,0.5396369041183476
BraTS-GLI-02230-100,gmm_2d,prediction_component,54,2172,525568.0,5.700545926141937e-06,3.6752363328811265e-09,2.23606797749979,1,112.5433249908674,0.019868508218334947,0.27833079812684913,1.7954545454545454,10,,79,146,100,179,29,73,-8.434714728752285,2.3978952727983707,0.2240212302382321,False,2,absent,0.5396369041183476
BraTS-GLI-02230-100,gmm_2d,prediction_component,55,25,9984.0,2.5060120224403912e-05,7.102621534903521e-08,1.7320508075688772,1,8.660254037844387,0.19999999999999996,0.9548683406603533,1.0,0,,80,85,52,57,104,109,-7.14858132620955,0.0,0.9999839769140652,True,2,absent,0.5396369041183476
BraTS-GLI-02230-100,gmm_2d,prediction_component,56,44,13824.0,2.7070862238995545e-05,8.288129935688987e-08,1.7320508075688772,1,10.392304845413264,0.16666666666666666,0.7908715233027805,1.0,0,,81,87,109,115,47,53,-7.081543448970658,0.0,0.9999478350119567,True,2,absent,0.5396369041183476
BraTS-GLI-02230-100,gmm_2d,prediction_component,57,25,9984.0,2.5060120224403912e-05,7.102621534903521e-08,1.7320508075688772,1,8.660254037844387,0.19999999999999996,0.9548683406603533,1.0,0,,81,86,119,124,46,51,-7.14858132620955,0.0,0.9999839769140652,True,2,absent,0.5396369041183476
BraTS-GLI-02230-100,gmm_2d,prediction_component,58,179,52224.0,1.4998500153246936e-05,2.5441811888350126e-08,1.7320508075688772,1,21.118712081942874,0.08201498277207123,0.4954188042948402,1.5,0,,82,93,63,78,67,77,-7.5944519627920375,0.0,0.9934365084422945,True,2,absent,0.5396369041183476
BraTS-GLI-02230-100,gmm_2d,prediction_component,59,25,9984.0,2.5060120224403912e-05,7.102621534903521e-08,1.7320508075688772,1,8.660254037844387,0.19999999999999996,0.9548683406603533,1.0,0,,82,87,101,106,130,135,-7.14858132620955,0.0,0.9999839769140652,True,2,absent,0.5396369041183476
BraTS-GLI-02230-100,gmm_2d,prediction_component,60,44,13824.0,2.7070862238995545e-05,8.288129935688987e-08,1.7320508075688772,1,10.392304845413264,0.16666666666666666,0.7908715233027805,1.0,0,,83,89,66,72,36,42,-7.081543448970658,0.0,0.9999478350119567,True,2,absent,0.5396369041183476
BraTS-GLI-02230-100,gmm_2d,prediction_component,61,25,9984.0,2.5060120224403912e-05,7.102621534903521e-08,1.7320508075688772,1,8.660254037844387,0.19999999999999996,0.9548683406603533,1.0,0,,83,88,84,89,154,159,-7.14858132620955,0.0,0.9999839769140652,True,2,absent,0.5396369041183476
BraTS-GLI-02230-100,gmm_2d,prediction_component,62,25,9984.0,2.5060120224403912e-05,7.102621534903521e-08,1.7320508075688772,1,8.660254037844387,0.19999999999999996,0.9548683406603533,1.0,0,,83,88,125,130,141,146,-7.14858132620955,0.0,0.9999839769140652,True,2,absent,0.5396369041183476
BraTS-GLI-02230-100,gmm_2d,prediction_component,63,25,9984.0,2.5060120224403912e-05,7.102621534903521e-08,1.7320508075688772,1,8.660254037844387,0.19999999999999996,0.9548683406603533,1.0,0,,83,88,181,186,60,65,-7.14858132620955,0.0,0.9999839769140652,True,2,absent,0.5396369041183476
BraTS-GLI-02230-100,gmm_2d,prediction_component,64,25,9984.0,2.5060120224403912e-05,7.102621534903521e-08,1.7320508075688772,1,8.660254037844387,0.19999999999999996,0.9548683406603533,1.0,0,,84,89,63,68,107,112,-7.14858132620955,0.0,0.9999839769140652,True,2,absent,0.5396369041183476
BraTS-GLI-02230-100,gmm_2d,prediction_component,65,131,45568.0,1.346732510457693e-05,2.0512333170937938e-08,1.7320508075688772,1,17.46424919657298,0.09917694073609294,0.5497514690702996,2.1666666666666665,0,,86,99,42,52,85,91,-7.687984938089281,0.0,0.9950634528562762,True,2,absent,0.5396369041183476
BraTS-GLI-02230-100,gmm_2d,prediction_component,66,38,12544.0,2.7047649416909622e-05,8.273922157753891e-08,1.7320508075688772,1,9.273618495495704,0.18677184190940707,0.8304795924748166,1.2,0,,86,91,113,119,47,52,-7.082288569326049,0.0,0.9999716641024393,True,2,absent,0.5396369041183476
BraTS-GLI-02230-100,gmm_2d,prediction_component,67,38,12544.0,2.7047649416909622e-05,8.273922157753891e-08,1.7320508075688772,1,9.273618495495704,0.18677184190940707,0.8304795924748166,1.2,0,,87,92,73,78,149,155,-7.082288569326049,0.0,0.9999716641024393,True,2,absent,0.5396369041183476
BraTS-GLI-02230-100,gmm_2d,prediction_component,68,25,9984.0,2.5060120224403912e-05,7.102621534903521e-08,1.7320508075688772,1,8.660254037844387,0.19999999999999996,0.9548683406603533,1.0,0,,87,92,124,129,138,143,-7.14858132620955,0.0,0.9999839769140652,True,2,absent,0.5396369041183476
BraTS-GLI-02230-100,gmm_2d,prediction_component,69,25,9984.0,2.5060120224403912e-05,7.102621534903521e-08,1.7320508075688772,1,8.660254037844387,0.19999999999999996,0.9548683406603533,1.0,0,,88,93,78,83,157,162,-7.14858132620955,0.0,0.9999839769140652,True,2,absent,0.5396369041183476
BraTS-GLI-02230-100,gmm_2d,prediction_component,70,25,9984.0,2.5060120224403912e-05,7.102621534903521e-08,1.7320508075688772,1,8.660254037844387,0.19999999999999996,0.9548683406603533,1.0,0,,89,94,40,45,133,138,-7.14858132620955,0.0,0.9999839769140652,True,2,absent,0.5396369041183476
BraTS-GLI-02230-100,gmm_2d,prediction_component,71,175,44288.0,1.8776253756971197e-05,3.9872206098977905e-08,2.23606797749979,1,18.973665961010276,0.11785113019775792,0.644419275595427,1.75,1,,89,99,107,115,40,54,-7.3993297344879245,0.6931471805599453,0.998846557685207,True,2,absent,0.5396369041183476
BraTS-GLI-02230-100,gmm_2d,prediction_component,72,299,91392.0,1.0822034551948199e-05,1.3245556388197677e-08,1.7320508075688772,1,35.34119409414458,0.04900940253900045,0.41754161596707934,2.0,0,,89,101,157,180,121,145,-7.877929794161848,0.0,0.9524215828936256,True,2,absent,0.5396369041183476
BraTS-GLI-02230-100,gmm_2d,prediction_component,73,133,40960.0,1.6043965484710483e-05,2.9112252642176385e-08,1.7320508075688772,1,18.601075237738275,0.09311562828663011,0.5469818932799718,1.3333333333333333,0,,90,102,83,94,145,154,-7.53592418850773,0.0,0.9965843688120435,True,2,absent,0.5396369041183476
BraTS-GLI-02230-100,gmm_2d,prediction_component,74,25,9984.0,2.5060120224403912e-05,7.102621534903521e-08,1.7320508075688772,1,8.660254037844387,0.19999999999999996,0.9548683406603533,1.0,0,,92,97,90,95,96,101,-7.14858132620955,0.0,0.9999839769140652,True,2,absent,0.5396369041183476
BraTS-GLI-02230-100,gmm_2d,prediction_component,75,51,17664.0,2.1723839827382773e-05,5.337348459431324e-08,1.7320508075688772,1,11.090536506409418,0.15617376188860604,0.7528933105024771,1.4,0,,92,99,112,117,147,154,-7.272674442490021,0.0,0.9998524265156273,True,2,absent,0.5396369041183476
BraTS-GLI-02230-100,gmm_2d,prediction_component,76,25,9984.0,2.5060120224403912e-05,7.102621534903521e-08,1.7320508075688772,1,8.660254037844387,0.19999999999999996,0.9548683406603533,1.0,0,,92,97,124,129,135,140,-7.14858132620955,0.0,0.9999839769140652,True,2,absent,0.5396369041183476
BraTS-GLI-02230-100,gmm_2d,prediction_component,77,25,9984.0,2.5060120224403912e-05,7.102621534903521e-08,1.7320508075688772,1,8.660254037844387,0.19999999999999996,0.9548683406603533,1.0,0,,94,99,69,74,51,56,-7.14858132620955,0.0,0.9999839769140652,True,2,absent,0.5396369041183476
BraTS-GLI-02230-100,gmm_2d,prediction_component,78,78,23296.0,2.1936764161312466e-05,5.442488323244462e-08,1.7320508075688772,1,13.379088160259652,0.1294595556006309,0.6534694609959394,1.2857142857142858,0,,94,101,84,91,22,31,-7.264202494056447,0.0,0.9996098943103991,True,2,absent,0.5396369041183476
BraTS-GLI-02230-100,gmm_2d,prediction_component,79,25,9984.0,2.5060120224403912e-05,7.102621534903521e-08,1.7320508075688772,1,8.660254037844387,0.19999999999999996,0.9548683406603533,1.0,0,,94,99,98,103,128,133,-7.14858132620955,0.0,0.9999839769140652,True,2,absent,0.5396369041183476
BraTS-GLI-02230-100,gmm_2d,prediction_component,80,82,24576.0,2.128369637682391e-05,5.123261023433532e-08,1.7320508075688772,1,12.884098726725126,0.13443321448446624,0.6426663285123421,1.5,0,,94,100,100,107,48,57,-7.2904535168254,0.0,0.9996019810751688,True,2,absent,0.5396369041183476
BraTS-GLI-02230-100,gmm_2d,prediction_component,81,25,9984.0,2.5060120224403912e-05,7.102621534903521e-08,1.7320508075688772,1,8.660254037844387,0.19999999999999996,0.9548683406603533,1.0,0,,96,101,82,87,34,39,-7.14858132620955,0.0,0.9999839769140652,True,2,absent,0.5396369041183476
BraTS-GLI-02230-100,gmm_2d,prediction_component,82,38,13824.0,2.3379381024587062e-05,6.181848980958109e-08,1.7320508075688772,1,9.848857801796104,0.17586311452816475,0.8304795924748166,1.2,0,,98,104,62,68,108,113,-7.2088816087094125,0.0,0.9999441871677677,True,2,absent,0.5396369041183476
BraTS-GLI-02230-100,gmm_2d,prediction_component,83,63,20480.0,2.149540444679058e-05,5.225689670950221e-08,1.7320508075688772,1,12.36931687685298,0.14002800840280097,0.7016868116919668,1.5,0,,98,107,72,78,32,38,-7.281856384542795,0.0,0.9997308931670642,True,2,absent,0.5396369041183476
BraTS-GLI-02230-100,gmm_2d,prediction_component,84,25,9984.0,2.5060120224403912e-05,7.102621534903521e-08,1.7320508075688772,1,8.660254037844387,0.19999999999999996,0.9548683406603533,1.0,0,,98,103,100,105,125,130,-7.14858132620955,0.0,0.9999839769140652,True,2,absent,0.5396369041183476
BraTS-GLI-02230-100,gmm_2d,prediction_component,85,25,9984.0,2.5060120224403912e-05,7.102621534903521e-08,1.7320508075688772,1,8.660254037844387,0.19999999999999996,0.9548683406603533,1.0,0,,98,103,106,111,103,108,-7.14858132620955,0.0,0.9999839769140652,True,2,absent,0.5396369041183476
BraTS-GLI-02230-100,gmm_2d,prediction_component,86,38,12544.0,2.7047649416909622e-05,8.273922157753891e-08,1.7320508075688772,1,9.273618495495704,0.18677184190940707,0.8304795924748166,1.2,0,,100,105,107,113,144,149,-7.082288569326049,0.0,0.9999716641024393,True,2,absent,0.5396369041183476
BraTS-GLI-02230-100,gmm_2d,prediction_component,87,69,23808.0,1.8782989682144485e-05,3.9900819301133063e-08,1.7320508075688772,1,14.45683229480096,0.11980845957463075,0.6807282909996718,1.125,0,,103,112,61,69,147,155,-7.399018186661422,0.0,0.999311356630387,True,2,absent,0.5396369041183476
BraTS-GLI-02230-100,gmm_2d,prediction_component,88,25,9984.0,2.5060120224403912e-05,7.102621534903521e-08,1.7320508075688772,1,8.660254037844387,0.19999999999999996,0.9548683406603533,1.0,0,,103,108,66,71,29,34,-7.14858132620955,0.0,0.9999839769140652,True,2,absent,0.5396369041183476
BraTS-GLI-02230-100,gmm_2d,prediction_component,89,46,15616.0,2.357236358908017e-05,6.284324984734695e-08,1.7320508075688772,1,10.488088481701515,0.1651445647689541,0.7792393700163133,1.4,0,,103,110,178,184,81,86,-7.20174136414328,0.0,0.9999148270214971,True,2,absent,0.5396369041183476
BraTS-GLI-02230-100,gmm_2d,prediction_component,90,25,9984.0,2.5060120224403912e-05,7.102621534903521e-08,1.7320508075688772,1,8.660254037844387,0.19999999999999996,0.9548683406603533,1.0,0,,105,110,121,126,146,151,-7.14858132620955,0.0,0.9999839769140652,True,2,absent,0.5396369041183476
BraTS-GLI-02230-100,gmm_2d,prediction_component,91,63,20480.0,2.149540444679058e-05,5.225689670950221e-08,1.7320508075688772,1,12.206555615733702,0.14189513095212064,0.7016868116919668,1.3333333333333333,0,,105,112,136,142,38,46,-7.281856384542795,0.0,0.9997420162687162,True,2,absent,0.5396369041183476
BraTS-GLI-02230-100,gmm_2d,prediction_component,92,25,9984.0,2.5060120224403912e-05,7.102621534903521e-08,1.7320508075688772,1,8.660254037844387,0.19999999999999996,0.9548683406603533,1.0,0,,106,111,58,63,86,91,-7.14858132620955,0.0,0.9999839769140652,True,2,absent,0.5396369041183476
BraTS-GLI-02230-100,gmm_2d,prediction_component,93,25,9984.0,2.5060120224403912e-05,7.102621534903521e-08,1.7320508075688772,1,8.660254037844387,0.19999999999999996,0.9548683406603533,1.0,0,,111,116,39,44,64,69,-7.14858132620955,0.0,0.9999839769140652,True,2,absent,0.5396369041183476
BraTS-GLI-02230-100,gmm_2d,prediction_component,94,25,9984.0,2.5060120224403912e-05,7.102621534903521e-08,1.7320508075688772,1,8.660254037844387,0.19999999999999996,0.9548683406603533,1.0,0,,111,116,48,53,135,140,-7.14858132620955,0.0,0.9999839769140652,True,2,absent,0.5396369041183476
BraTS-GLI-02230-100,gmm_2d,prediction_component,95,38,13824.0,2.3379381024587062e-05,6.181848980958109e-08,1.7320508075688772,1,9.848857801796104,0.17586311452816475,0.8304795924748166,1.2,0,,111,116,61,67,69,75,-7.2088816087094125,0.0,0.9999441871677677,True,2,absent,0.5396369041183476
BraTS-GLI-02230-100,gmm_2d,prediction_component,96,154,46080.0,1.55686879943833e-05,2.7412989762291323e-08,2.23606797749979,1,20.615528128088304,0.10846522890932808,0.6724721427256285,1.5,1,,111,121,84,94,141,156,-7.56204359611112,0.6931471805599453,0.9977830091127913,True,2,absent,0.5396369041183476
BraTS-GLI-02230-100,gmm_2d,prediction_component,97,25,9984.0,2.5060120224403912e-05,7.102621534903521e-08,1.7320508075688772,1,8.660254037844387,0.19999999999999996,0.9548683406603533,1.0,0,,112,117,77,82,33,38,-7.14858132620955,0.0,0.9999839769140652,True,2,absent,0.5396369041183476
BraTS-GLI-02230-100,gmm_2d,prediction_component,98,25,9984.0,2.5060120224403912e-05,7.102621534903521e-08,1.7320508075688772,1,8.660254037844387,0.19999999999999996,0.9548683406603533,1.0,0,,112,117,91,96,22,27,-7.14858132620955,0.0,0.9999839769140652,True,2,absent,0.5396369041183476
BraTS-GLI-02230-100,gmm_2d,prediction_component,99,25,9984.0,2.5060120224403912e-05,7.102621534903521e-08,1.7320508075688772,1,8.660254037844387,0.19999999999999996,0.9548683406603533,1.0,0,,112,117,106,111,24,29,-7.14858132620955,0.0,0.9999839769140652,True,2,absent,0.5396369041183476
BraTS-GLI-02230-100,gmm_2d,prediction_component,100,76,27648.0,1.6531718862429606e-05,3.090924490479054e-08,1.7320508075688772,1,14.730919862656235,0.11757927025044307,0.6591520893663227,1.6666666666666667,0,,112,122,170,179,78,84,-7.509911604373394,0.0,0.998848780714868,True,2,absent,0.5396369041183476
BraTS-GLI-02230-100,gmm_2d,prediction_component,101,50,17152.0,2.2258600373918718e-05,5.6033542268023926e-08,1.7320508075688772,1,11.575836902790225,0.14962640041614492,0.757879504227687,1.1666666666666667,0,,114,121,52,59,72,78,-7.25155192190457,0.0,0.9998438969480989,True,2,absent,0.5396369041183476
BraTS-GLI-02230-100,gmm_2d,prediction_component,102,25,9984.0,2.5060120224403912e-05,7.102621534903521e-08,1.7320508075688772,1,8.660254037844387,0.19999999999999996,0.9548683406603533,1.0,0,,114,119,61,66,143,148,-7.14858132620955,0.0,0.9999839769140652,True,2,absent,0.5396369041183476
BraTS-GLI-02230-100,gmm_2d,prediction_component,103,38,12544.0,2.7047649416909622e-05,8.273922157753891e-08,1.7320508075688772,1,9.273618495495704,0.18677184190940707,0.8304795924748166,1.2,0,,114,119,70,76,147,152,-7.082288569326049,0.0,0.9999716641024393,True,2,absent,0.5396369041183476
BraTS-GLI-02230-100,gmm_2d,prediction_component,104,38,12544.0,2.7047649416909622e-05,8.273922157753891e-08,1.7320508075688772,1,9.273618495495704,0.18677184190940707,0.8304795924748166,1.2,0,,114,119,81,86,129,135,-7.082288569326049,0.0,0.9999716641024393,True,2,absent,0.5396369041183476
BraTS-GLI-02230-100,gmm_2d,prediction_component,105,25,9984.0,2.5060120224403912e-05,7.102621534903521e-08,1.7320508075688772,1,8.660254037844387,0.19999999999999996,0.9548683406603533,1.0,0,,118,123,56,61,129,134,-7.14858132620955,0.0,0.9999839769140652,True,2,absent,0.5396369041183476
BraTS-GLI-02230-100,gmm_2d,prediction_component,106,25,9984.0,2.5060120224403912e-05,7.102621534903521e-08,1.7320508075688772,1,8.660254037844387,0.19999999999999996,0.9548683406603533,1.0,0,,119,124,62,67,43,48,-7.14858132620955,0.0,0.9999839769140652,True,2,absent,0.5396369041183476
BraTS-GLI-02230-100,gmm_2d,prediction_component,107,255,61440.0,1.6744160178000408e-05,3.170874936811569e-08,2.23606797749979,1,25.15949125081825,0.08887572309026985,0.5684179863687828,1.4545454545454546,2,,119,135,71,82,29,45,-7.4988208867410355,1.0986122886681098,0.9949107680276144,True,2,absent,0.5396369041183476
BraTS-GLI-02230-100,gmm_2d,prediction_component,108,59,19456.0,2.1740607489918187e-05,5.3455909614067176e-08,1.7320508075688772,1,11.74734012447073,0.14744195615489714,0.71719869927557,1.6,0,,121,129,86,91,26,33,-7.272004276032213,0.0,0.9997931483951873,True,2,absent,0.5396369041183476
BraTS-GLI-02230-100,gmm_2d,prediction_component,109,73,26368.0,1.7049320508284994e-05,3.287505769315017e-08,1.7320508075688772,1,14.071247279470288,0.12309149097933272,0.6680606274231857,1.5,0,,121,130,132,141,40,46,-7.4831334763487325,0.0,0.9991044958042488,True,2,absent,0.5396369041183476
BraTS-GLI-02230-100,gmm_2d,prediction_component,110,85,27136.0,1.9015168572276557e-05,4.0893354102233463e-08,1.7320508075688772,1,15.132745950421556,0.11445713905747734,0.6350148115649618,2.0,0,,122,134,93,99,128,135,-7.388347266839853,0.0,0.9991005810993103,True,2,absent,0.5396369041183476
BraTS-GLI-02230-100,gmm_2d,prediction_component,111,51,15104.0,2.7474652658327337e-05,8.537226323330647e-08,2.23606797749979,1,9.9498743710662,0.22473328748774737,0.9719810843490212,1.4,1,,123,128,40,45,102,109,-7.068683205204687,0.6931471805599453,0.9999909737927707,True,2,absent,0.5396369041183476
BraTS-GLI-02230-100,gmm_2d,prediction_component,112,38,12544.0,2.7047649416909622e-05,8.273922157753891e-08,1.7320508075688772,1,9.273618495495704,0.18677184190940707,0.8304795924748166,1.2,0,,123,129,70,75,35,40,-7.082288569326049,0.0,0.9999716641024393,True,2,absent,0.5396369041183476
BraTS-GLI-02230-100,gmm_2d,prediction_component,113,25,9984.0,2.5060120224403912e-05,7.102621534903521e-08,1.7320508075688772,1,8.660254037844387,0.19999999999999996,0.9548683406603533,1.0,0,,124,129,108,113,98,103,-7.14858132620955,0.0,0.9999839769140652,True,2,absent,0.5396369041183476
BraTS-GLI-02230-100,gmm_2d,prediction_component,114,25,9984.0,2.5060120224403912e-05,7.102621534903521e-08,1.7320508075688772,1,8.660254037844387,0.19999999999999996,0.9548683406603533,1.0,0,,124,129,146,151,125,130,-7.14858132620955,0.0,0.9999839769140652,True,2,absent,0.5396369041183476
BraTS-GLI-02230-100,gmm_2d,prediction_component,115,47,14592.0,2.6664020003279646e-05,8.040880842667987e-08,1.7320508075688772,1,9.848857801796104,0.17586311452816475,0.7736731845058752,1.2,0,,127,133,97,103,89,94,-7.094696373620167,0.0,0.9999525376286319,True,2,absent,0.5396369041183476
BraTS-GLI-02230-100,gmm_2d,prediction_component,116,46,16896.0,2.0945077921731866e-05,4.961538140913494e-08,1.7320508075688772,1,11.0,0.15745916432444337,0.7792393700163133,1.1666666666666667,0,,128,135,66,72,91,97,-7.3043836657365855,0.0,0.9998562533785377,True,2,absent,0.5396369041183476
BraTS-GLI-02230-100,gmm_2d,prediction_component,117,25,9984.0,2.5060120224403912e-05,7.102621534903521e-08,1.7320508075688772,1,8.660254037844387,0.19999999999999996,0.9548683406603533,1.0,0,,129,134,156,161,75,80,-7.14858132620955,0.0,0.9999839769140652,True,2,absent,0.5396369041183476
BraTS-GLI-02230-100,gmm_2d,prediction_component,118,464,117504.0,1.1519642575802322e-05,1.5008261288856653e-08,2.23606797749979,1,37.33630940518894,0.05988990377257332,0.46559525438389365,2.1538461538461537,2,,130,151,63,76,45,73,-7.823669617976149,1.0986122886681098,0.9570106294060503,True,2,absent,0.5396369041183476
BraTS-GLI-02230-100,gmm_2d,prediction_component,119,46,16896.0,2.0945077921731866e-05,4.961538140913494e-08,1.7320508075688772,1,11.0,0.15745916432444337,0.7792393700163133,1.1666666666666667,0,,130,137,88,94,118,124,-7.3043836657365855,0.0,0.9998562533785377,True,2,absent,0.5396369041183476
BraTS-GLI-02230-100,gmm_2d,prediction_component,120,25,9984.0,2.5060120224403912e-05,7.102621534903521e-08,1.7320508075688772,1,8.660254037844387,0.19999999999999996,0.9548683406603533,1.0,0,,130,135,151,156,101,106,-7.14858132620955,0.0,0.9999839769140652,True,2,absent,0.5396369041183476
BraTS-GLI-02230-100,gmm_2d,prediction_component,121,46,15616.0,2.357236358908017e-05,6.284324984734695e-08,1.7320508075688772,1,10.488088481701515,0.1651445647689541,0.7792393700163133,1.4,0,,131,138,90,95,47,53,-7.20174136414328,0.0,0.9999148270214971,True,2,absent,0.5396369041183476
BraTS-GLI-02230-100,gmm_2d,prediction_component,122,25,9984.0,2.5060120224403912e-05,7.102621534903521e-08,1.7320508075688772,1,8.660254037844387,0.19999999999999996,0.9548683406603533,1.0,0,,132,137,152,157,73,78,-7.14858132620955,0.0,0.9999839769140652,True,2,absent,0.5396369041183476
BraTS-GLI-02230-100,gmm_2d,prediction_component,123,38,12544.0,2.7047649416909622e-05,8.273922157753891e-08,1.7320508075688772,1,9.273618495495704,0.18677184190940707,0.8304795924748166,1.2,0,,133,139,103,108,94,99,-7.082288569326049,0.0,0.9999716641024393,True,2,absent,0.5396369041183476
BraTS-GLI-02230-100,gmm_2d,prediction_component,124,250,60928.0,1.6623199810436202e-05,3.125227403088833e-08,2.23606797749979,1,22.67156809750927,0.09862873039405895,0.5721824536012475,1.875,1,,134,149,71,79,117,132,-7.505118376299588,0.6931471805599453,0.9965991074038842,True,2,absent,0.5396369041183476
BraTS-GLI-02230-100,gmm_2d,prediction_component,125,25,9984.0,2.5060120224403912e-05,7.102621534903521e-08,1.7320508075688772,1,8.660254037844387,0.19999999999999996,0.9548683406603533,1.0,0,,135,140,106,111,129,134,-7.14858132620955,0.0,0.9999839769140652,True,2,absent,0.5396369041183476
BraTS-GLI-02230-100,gmm_2d,prediction_component,126,85,26624.0,1.956631174732577e-05,4.329824674754076e-08,1.7320508075688772,1,13.92838827718412,0.12435400084345173,0.6350148115649618,1.2857142857142858,0,,137,146,60,67,55,63,-7.363529688941883,0.0,0.9993390722954449,True,2,absent,0.5396369041183476
BraTS-GLI-02230-100,gmm_2d,prediction_component,127,162,40960.0,1.954227374829397e-05,4.3191924831323255e-08,2.449489742783178,1,18.138357147217054,0.1350447409819031,0.7243250250584976,1.5,1,,139,150,87,95,48,60,-7.36459744135664,0.6931471805599453,0.9994948252704292,True,2,absent,0.5396369041183476
BraTS-GLI-02230-100,gmm_2d,prediction_component,128,59,19456.0,2.1740607489918187e-05,5.3455909614067176e-08,1.7320508075688772,1,11.74734012447073,0.14744195615489714,0.71719869927557,1.6,0,,142,147,100,108,119,126,-7.272004276032213,0.0,0.9997931483951873,True,2,absent,0.5396369041183476
BraTS-GLI-02230-100,gmm_2d,prediction_component,129,38,12544.0,2.7047649416909622e-05,8.273922157753891e-08,1.7320508075688772,1,9.273618495495704,0.18677184190940707,0.8304795924748166,1.2,0,,145,150,127,133,66,71,-7.082288569326049,0.0,0.9999716641024393,True,2,absent,0.5396369041183476
BraTS-GLI-02230-100,gmm_2d,prediction_component,130,93,28160.0,1.9680402343714506e-05,4.3804660539907064e-08,1.7320508075688772,1,14.798648586948742,0.11704114719613055,0.6162579207174524,1.5714285714285714,0,,146,153,68,75,104,115,-7.358479680840932,0.0,0.9991740277380503,True,2,absent,0.5396369041183476
BraTS-GLI-02230-100,variational_spline,prediction_component,1,184551,35145472.0,8.857523891933853e-07,8.873133963020066e-11,5.656854249492381,4,253.33574560255013,0.02232947520310548,0.1601643017267265,1.2442748091603053,378,,26,157,28,191,20,163,-10.051922961627547,5.937536205082426,0.00014601514417680777,False,2,absent,0.5396369041183476
