case_id,method,source,component_label,volume_vox,surface_area_proxy,compactness_v_over_s15,isoperimetric_quotient,inscribed_radius_vox,inscribed_radius_grid_step,bbox_diag_vox,radius_over_bbox_diag,radius_over_equiv_sphere,elongation_max_over_min,eroded_subcomponents,overlap_gt_vox,z0,z1,y0,y1,x0,x1,log10_isoperimetric,log1p_eroded_subcomponents,shape_score_prob_true_et,accepted_shape,fold,vol_bin,shape_threshold
BraTS-GLI-03059-100,otsu_T1c,prediction_component,1,511672,57349632.0,1.1781367375696199e-06,1.5697979979783385e-10,8.94427190999916,4,256.17376914898995,0.034914862437758785,0.1802646816617444,1.2686567164179106,357,,15,152,15,185,23,157,-9.80415622912424,5.8805329864007,0.00045052523786585864,False,0,small,0.5530794707693413
BraTS-GLI-03059-100,gmm_T1c,prediction_component,1,12235,2479616.0,3.133482897385962e-06,1.1104705125353142e-09,3.4641016151377544,2,195.94386951369518,0.017679050759460666,0.2423365020608215,1.25,33,,37,150,17,117,27,152,-8.954492969230074,3.5263605246161616,0.023842897746588418,False,0,small,0.5530794707693413
BraTS-GLI-03059-100,sustraccion,prediction_component,1,353,97536.0,1.1588501835939528e-05,1.5188222869286582e-08,1.7320508075688772,1,29.427877939124322,0.05885748238972128,0.39506200361993926,2.5555555555555554,0,,13,22,73,89,118,141,-7.81849303872534,0.0,0.9566118856903942,True,0,small,0.5530794707693413
BraTS-GLI-03059-100,sustraccion,prediction_component,2,32,14080.0,1.915340518361483e-05,4.1490088928537255e-08,1.4142135623730951,1,10.488088481701515,0.13483997249264842,0.7180607827429069,1.4,0,,17,22,78,85,61,67,-7.382055634317047,0.0,0.9991313020234425,True,0,small,0.5530794707693413
BraTS-GLI-03059-100,sustraccion,prediction_component,3,57,19712.0,2.059580730709518e-05,4.797445097856172e-08,1.4142135623730951,1,12.083045973594572,0.11704114719613057,0.5923607155209719,2.25,0,,17,24,87,91,73,82,-7.31898998664659,0.0,0.9986152482789283,True,0,small,0.5530794707693413
BraTS-GLI-03059-100,sustraccion,prediction_component,5,143,42752.0,1.6177126545597512e-05,2.9597507481631215e-08,1.4142135623730951,1,17.832554500127006,0.07930515857181443,0.4359458239395894,1.8571428571428572,0,,18,25,74,84,48,61,-7.5287448609867536,0.0,0.9905825809014044,True,0,small,0.5530794707693413
BraTS-GLI-03059-100,sustraccion,prediction_component,6,1130,289280.0,7.262745572616329e-06,5.965598680763781e-09,2.23606797749979,1,49.28488612140643,0.045370257567229615,0.3460629116349902,1.2307692307692308,5,,18,44,70,97,82,114,-8.224345965957546,1.791759469228055,0.6209828459510152,True,0,small,0.5530794707693413
BraTS-GLI-03059-100,sustraccion,prediction_component,8,18,8192.0,2.4276584742274962e-05,6.665420498660996e-08,1.4142135623730951,1,7.0710678118654755,0.2,0.8698686901515341,1.6666666666666667,0,,21,24,61,65,93,98,-7.176172447227233,0.0,0.9999183648344195,True,0,small,0.5530794707693413
BraTS-GLI-03059-100,sustraccion,prediction_component,9,78,33280.0,1.2847529579692811e-05,1.8667734948728504e-08,1.4142135623730951,1,22.58317958127243,0.06262242910851495,0.5335555806438685,1.7,0,,22,33,35,52,70,80,-7.7289083740136775,0.0,0.9807512419806717,True,0,small,0.5530794707693413
BraTS-GLI-03059-100,sustraccion,prediction_component,10,62,20480.0,2.1154207550809778e-05,5.061111387032665e-08,1.4142135623730951,1,12.36931687685298,0.11433239009500591,0.5759887103099525,1.5,0,,22,28,58,67,81,87,-7.295754104453451,0.0,0.9985994890195607,True,0,small,0.5530794707693413
BraTS-GLI-03059-100,sustraccion,prediction_component,12,18,8192.0,2.4276584742274962e-05,6.665420498660996e-08,1.4142135623730951,1,7.0710678118654755,0.2,0.8698686901515341,1.6666666666666667,0,,25,30,65,68,93,97,-7.176172447227233,0.0,0.9999183648344195,True,0,small,0.5530794707693413
BraTS-GLI-03059-100,sustraccion,prediction_component,13,480,111872.0,1.2828005396388905e-05,1.8611039949829418e-08,2.449489742783178,1,30.805843601498726,0.07951380181206946,0.5043028422326729,1.3333333333333333,1,,25,43,80,100,66,81,-7.730229358634219,0.6931471805599453,0.9792265196845552,True,0,small,0.5530794707693413
BraTS-GLI-03059-100,sustraccion,prediction_component,14,12,5376.0,3.04433440619409e-05,1.0481829363285631e-07,1.4142135623730951,1,5.830951894845301,0.24253562503633297,0.9957510787676723,1.3333333333333333,0,,26,29,81,84,58,62,-6.979562914580636,0.0,0.9999873098721701,True,0,small,0.5530794707693413
BraTS-GLI-03059-100,sustraccion,prediction_component,19,71945,14956544.0,1.243809121819956e-06,1.7496849187603776e-10,5.656854249492381,4,246.46703633549052,0.022951768048171277,0.21924901619038847,1.312,153,,27,152,16,180,23,158,-9.75704015152159,5.0369526024136295,0.0006873093704185644,False,0,small,0.5530794707693413
BraTS-GLI-03059-100,sustraccion,prediction_component,20,69,23296.0,1.940559906577641e-05,4.258988643485682e-08,1.4142135623730951,1,12.68857754044952,0.11145564251507058,0.5558123221420062,2.0,0,,28,34,88,98,78,83,-7.370693517962898,0.0,0.9979261782425345,True,0,small,0.5530794707693413
BraTS-GLI-03059-100,sustraccion,prediction_component,23,55,18176.0,2.2444773052604373e-05,5.6974800133331444e-08,1.4142135623730951,1,11.74734012447073,0.12038585308576921,0.5994555302303142,1.6,0,,29,37,69,76,91,96,-7.2443171896428655,0.0,0.9990323668615524,True,0,small,0.5530794707693413
BraTS-GLI-03059-100,sustraccion,prediction_component,25,72,32512.0,1.2281939875653642e-05,1.706028600316433e-08,1.4142135623730951,1,17.69180601295413,0.07993607669774316,0.5479829366831995,2.3333333333333335,0,,30,36,77,86,47,61,-7.768013692479461,0.0,0.9841208825627688,True,0,small,0.5530794707693413
BraTS-GLI-03059-100,sustraccion,prediction_component,27,35,12544.0,2.491230867346939e-05,7.019082162914485e-08,1.4142135623730951,1,8.774964387392123,0.16116459280507606,0.6969289728874266,1.5,0,,30,34,92,98,95,100,-7.153719673859118,0.0,0.9997477726529056,True,0,small,0.5530794707693413
BraTS-GLI-03059-100,sustraccion,prediction_component,28,19,8448.0,2.446936747720066e-05,6.771702339772293e-08,1.4142135623730951,1,7.810249675906654,0.1810714920850371,0.8543319874271107,2.0,0,,31,34,50,56,91,95,-7.169302140202132,0.0,0.9998844448146892,True,0,small,0.5530794707693413
BraTS-GLI-03059-100,sustraccion,prediction_component,34,472,127744.0,1.0337873943635265e-05,1.2086897464630701e-08,2.0,1,39.0,0.05128205128205128,0.41407486208919986,2.0,1,,34,60,116,142,132,145,-7.917685162076122,0.6931471805599453,0.9155610252561855,True,0,small,0.5530794707693413
BraTS-GLI-03059-100,sustraccion,prediction_component,37,115,38656.0,1.5131168634669154e-05,2.5893891050149745e-08,1.4142135623730951,1,20.322401432901575,0.06958890006392211,0.4687902682717867,2.6666666666666665,0,,38,44,111,122,41,57,-7.586802683646413,0.0,0.9875847506178743,True,0,small,0.5530794707693413
BraTS-GLI-03059-100,sustraccion,prediction_component,38,446,135424.0,8.949348134297691e-06,9.058059702783107e-09,1.4142135623730951,1,38.17066936798463,0.037049744890228636,0.2983776217421823,1.5625,0,,38,63,117,141,33,49,-8.042964821155401,0.0,0.8284671985682361,True,0,small,0.5530794707693413
BraTS-GLI-03059-100,sustraccion,prediction_component,40,23,8960.0,2.7118509847594702e-05,8.317331599767149e-08,1.4142135623730951,1,8.12403840463596,0.17407765595569785,0.8016200827808712,1.25,0,,39,43,109,114,57,62,-7.080015983489769,0.0,0.9998897709619489,True,0,small,0.5530794707693413
BraTS-GLI-03059-100,sustraccion,prediction_component,44,79,25600.0,1.9287109375e-05,4.207137054431083e-08,1.4142135623730951,1,15.066519173319364,0.09386465089278642,0.5312947247927275,2.2,0,,43,48,89,98,55,66,-7.376013339893245,0.0,0.9969136298666653,True,0,small,0.5530794707693413
BraTS-GLI-03059-100,sustraccion,prediction_component,45,12,5376.0,3.04433440619409e-05,1.0481829363285631e-07,1.4142135623730951,1,5.830951894845301,0.24253562503633297,0.9957510787676723,1.3333333333333333,0,,44,48,116,119,144,147,-6.979562914580636,0.0,0.9999873098721701,True,0,small,0.5530794707693413
BraTS-GLI-03059-100,sustraccion,prediction_component,46,12,5376.0,3.04433440619409e-05,1.0481829363285631e-07,1.4142135623730951,1,5.830951894845301,0.24253562503633297,0.9957510787676723,1.3333333333333333,0,,44,47,137,141,128,131,-6.979562914580636,0.0,0.9999873098721701,True,0,small,0.5530794707693413
BraTS-GLI-03059-100,sustraccion,prediction_component,48,14,6144.0,2.9070414563466808e-05,9.557731451212109e-08,1.4142135623730951,1,6.928203230275509,0.20412414523193154,0.9458781407605124,1.0,0,,45,49,40,44,95,99,-7.019645176252469,0.0,0.999966684186979,True,0,small,0.5530794707693413
BraTS-GLI-03059-100,sustraccion,prediction_component,51,79,28672.0,1.6271969041949108e-05,2.9945570551879404e-08,1.4142135623730951,1,15.0,0.09428090415820635,0.5312947247927275,2.0,0,,46,56,120,130,69,74,-7.5236674079037895,0.0,0.9946901078662641,True,0,small,0.5530794707693413
BraTS-GLI-03059-100,sustraccion,prediction_component,53,12,5376.0,3.04433440619409e-05,1.0481829363285631e-07,1.4142135623730951,1,5.830951894845301,0.24253562503633297,0.9957510787676723,1.3333333333333333,0,,48,51,83,86,54,58,-6.979562914580636,0.0,0.9999873098721701,True,0,small,0.5530794707693413
BraTS-GLI-03059-100,sustraccion,prediction_component,54,33,12032.0,2.500386843121738e-05,7.070771186141302e-08,1.4142135623730951,1,9.1104335791443,0.1552301051412666,0.7107331206052484,2.3333333333333335,0,,48,51,85,92,50,55,-7.150533216525505,0.0,0.9997359055211379,True,0,small,0.5530794707693413
BraTS-GLI-03059-100,sustraccion,prediction_component,57,12,5376.0,3.04433440619409e-05,1.0481829363285631e-07,1.4142135623730951,1,5.830951894845301,0.24253562503633297,0.9957510787676723,1.3333333333333333,0,,49,52,53,57,89,92,-6.979562914580636,0.0,0.9999873098721701,True,0,small,0.5530794707693413
BraTS-GLI-03059-100,sustraccion,prediction_component,58,16,6656.0,2.9464563572443515e-05,9.818664009850627e-08,1.4142135623730951,1,6.4031242374328485,0.2208630521496931,0.9046998952817776,1.3333333333333333,0,,49,52,97,101,46,50,-7.007947601074732,0.0,0.9999727215274006,True,0,small,0.5530794707693413
BraTS-GLI-03059-100,sustraccion,prediction_component,61,52,17920.0,2.167685814920078e-05,5.314287487185815e-08,1.4142135623730951,1,12.36931687685298,0.11433239009500591,0.6107686723568493,1.6,0,,51,59,102,107,132,140,-7.2745549552473,0.0,0.9988407708323045,True,0,small,0.5530794707693413
BraTS-GLI-03059-100,sustraccion,prediction_component,62,19,9728.0,1.9802419571626287e-05,4.434951650830968e-08,1.4142135623730951,1,8.602325267042627,0.1643989873053573,0.8543319874271107,2.3333333333333335,0,,54,58,110,113,97,104,-7.3531111104189,0.0,0.9996944694509975,True,0,small,0.5530794707693413
BraTS-GLI-03059-100,sustraccion,prediction_component,65,19,9984.0,1.9045691370546972e-05,4.102474198560274e-08,1.4142135623730951,1,8.774964387392123,0.16116459280507606,0.8543319874271107,1.5,0,,56,61,81,85,92,98,-7.386954141647967,0.0,0.9996335496423974,True,0,small,0.5530794707693413
BraTS-GLI-03059-100,sustraccion,prediction_component,66,12,5376.0,3.04433440619409e-05,1.0481829363285631e-07,1.4142135623730951,1,5.830951894845301,0.24253562503633297,0.9957510787676723,1.3333333333333333,0,,57,61,82,85,151,154,-6.979562914580636,0.0,0.9999873098721701,True,0,small,0.5530794707693413
BraTS-GLI-03059-100,sustraccion,prediction_component,67,19,8192.0,2.5625283894623568e-05,7.42659506177969e-08,1.4142135623730951,1,7.54983443527075,0.1873171623163388,0.8543319874271107,1.25,0,,57,61,127,132,145,149,-7.1292102555281875,0.0,0.9999106114072925,True,0,small,0.5530794707693413
BraTS-GLI-03059-100,sustraccion,prediction_component,69,80,29184.0,1.6046220730223648e-05,2.9120437637548166e-08,1.4142135623730951,1,16.0312195418814,0.08821621827824618,0.529071708312648,1.7142857142857142,0,,58,65,126,134,66,78,-7.535802102499658,0.0,0.9937978959722952,True,0,small,0.5530794707693413
BraTS-GLI-03059-100,sustraccion,prediction_component,70,63,23040.0,1.80142770354644e-05,3.67016887726545e-08,1.4142135623730951,1,15.7797338380595,0.08962214298964417,0.5729248826285681,1.4285714285714286,0,,60,70,103,110,119,129,-7.435313951884939,0.0,0.9963709095690103,True,0,small,0.5530794707693413
BraTS-GLI-03059-100,sustraccion,prediction_component,71,19,9216.0,2.147533275462963e-05,5.2159350776834036e-08,1.4142135623730951,1,7.810249675906654,0.1810714920850371,0.8543319874271107,2.0,0,,61,64,136,140,95,101,-7.282667822870332,0.0,0.9998234770616723,True,0,small,0.5530794707693413
BraTS-GLI-03059-100,sustraccion,prediction_component,72,1084,234496.0,9.546103170380803e-06,1.0306343689023057e-08,3.0,1,66.85057965343307,0.044876200259632855,0.47076882671097053,1.3125,2,,61,93,105,147,26,67,-7.9868953790729424,1.0986122886681098,0.8846253644587022,True,0,small,0.5530794707693413
BraTS-GLI-03059-100,sustraccion,prediction_component,75,1889,355328.0,8.918417737295637e-06,8.995555658222438e-09,2.449489742783178,1,61.91930232165088,0.03955938860646177,0.3194193162187292,1.3870967741935485,8,,63,94,68,111,53,85,-8.045972004986968,2.1972245773362196,0.694042370956609,True,0,small,0.5530794707693413
BraTS-GLI-03059-100,sustraccion,prediction_component,76,32,13312.0,2.0834592706776936e-05,4.909332004925314e-08,1.4142135623730951,1,10.04987562112089,0.1407195089460584,0.7180607827429069,1.75,0,,64,70,93,100,24,28,-7.308977596738713,0.0,0.9994020842518002,True,0,small,0.5530794707693413
BraTS-GLI-03059-100,sustraccion,prediction_component,77,102,27136.0,2.2818202286731867e-05,5.888642990721619e-08,1.7320508075688772,1,14.866068747318506,0.1165103456070926,0.5975718165557262,1.8333333333333333,0,,65,73,97,103,129,140,-7.2299847747446035,0.0,0.9990140900688615,True,0,small,0.5530794707693413
BraTS-GLI-03059-100,sustraccion,prediction_component,79,2410,399360.0,9.549270530785337e-06,1.0313184034218285e-08,2.8284271247461903,1,65.73431371817918,0.043028168467269985,0.34007041318142317,1.3333333333333333,4,,67,100,69,113,87,123,-7.986607232387776,1.6094379124341003,0.8012621278703421,True,0,small,0.5530794707693413
BraTS-GLI-03059-100,sustraccion,prediction_component,80,17,6912.0,2.9583075859084555e-05,9.897808063694699e-08,1.4142135623730951,1,6.557438524302,0.21566554640687685,0.8866010210973454,1.6666666666666667,0,,68,73,28,31,121,124,-7.004460972194542,0.0,0.9999688342840773,True,0,small,0.5530794707693413
BraTS-GLI-03059-100,sustraccion,prediction_component,83,38,12288.0,2.789727558034996e-05,8.801890443590744e-08,1.4142135623730951,1,8.774964387392123,0.16116459280507606,0.6780837477859392,1.5,0,,68,73,117,121,66,72,-7.055424041367269,0.0,0.9998145820456199,True,0,small,0.5530794707693413
BraTS-GLI-03059-100,sustraccion,prediction_component,84,12,5376.0,3.04433440619409e-05,1.0481829363285631e-07,1.4142135623730951,1,5.830951894845301,0.24253562503633297,0.9957510787676723,1.3333333333333333,0,,69,73,62,65,147,150,-6.979562914580636,0.0,0.9999873098721701,True,0,small,0.5530794707693413
BraTS-GLI-03059-100,sustraccion,prediction_component,86,16,6656.0,2.9464563572443515e-05,9.818664009850627e-08,1.4142135623730951,1,6.4031242374328485,0.2208630521496931,0.9046998952817776,1.3333333333333333,0,,70,73,56,60,105,109,-7.007947601074732,0.0,0.9999727215274006,True,0,small,0.5530794707693413
BraTS-GLI-03059-100,sustraccion,prediction_component,88,66,18176.0,2.693372766312525e-05,8.204371219199728e-08,1.7320508075688772,1,11.180339887498949,0.15491933384829665,0.6908899128735476,1.6,0,,70,76,66,71,122,130,-7.085954697547616,0.0,0.9997779111030685,True,0,small,0.5530794707693413
BraTS-GLI-03059-100,sustraccion,prediction_component,89,46,16384.0,2.193450927734375e-05,5.441369512024177e-08,1.4142135623730951,1,11.74734012447073,0.12038585308576921,0.6362462813425951,1.6,0,,70,75,64,71,101,109,-7.264291781062641,0.0,0.9990719243025663,True,0,small,0.5530794707693413
BraTS-GLI-03059-100,sustraccion,prediction_component,90,144,43520.0,1.586094875833257e-05,2.8451862262584784e-08,1.7320508075688772,1,22.22611077089287,0.07792865001991967,0.5326836085236053,2.5714285714285716,0,,70,81,98,116,24,31,-7.54588930241845,0.0,0.9924172113727342,True,0,small,0.5530794707693413
BraTS-GLI-03059-100,sustraccion,prediction_component,92,12,5376.0,3.04433440619409e-05,1.0481829363285631e-07,1.4142135623730951,1,5.830951894845301,0.24253562503633297,0.9957510787676723,1.3333333333333333,0,,71,75,43,46,139,142,-6.979562914580636,0.0,0.9999873098721701,True,0,small,0.5530794707693413
BraTS-GLI-03059-100,sustraccion,prediction_component,93,12,5376.0,3.04433440619409e-05,1.0481829363285631e-07,1.4142135623730951,1,5.830951894845301,0.24253562503633297,0.9957510787676723,1.3333333333333333,0,,71,75,122,125,87,90,-6.979562914580636,0.0,0.9999873098721701,True,0,small,0.5530794707693413
BraTS-GLI-03059-100,sustraccion,prediction_component,94,12,5376.0,3.04433440619409e-05,1.0481829363285631e-07,1.4142135623730951,1,5.830951894845301,0.24253562503633297,0.9957510787676723,1.3333333333333333,0,,71,74,150,154,89,92,-6.979562914580636,0.0,0.9999873098721701,True,0,small,0.5530794707693413
BraTS-GLI-03059-100,sustraccion,prediction_component,95,37,16128.0,1.806470824722714e-05,3.6907470160334435e-08,1.4142135623730951,1,12.083045973594572,0.11704114719613057,0.6841383873286643,2.25,0,,72,79,86,95,22,26,-7.432885722700883,0.0,0.9984150010826796,True,0,small,0.5530794707693413
BraTS-GLI-03059-100,sustraccion,prediction_component,96,17,7680.0,2.5258472975227388e-05,7.215502078433436e-08,1.4142135623730951,1,7.0710678118654755,0.2,0.8866010210973454,1.6666666666666667,0,,72,75,157,162,135,139,-7.141733443876567,0.0,0.9999319269700248,True,0,small,0.5530794707693413
BraTS-GLI-03059-100,sustraccion,prediction_component,97,14,6912.0,2.4362533060422576e-05,6.712700278491907e-08,1.4142135623730951,1,7.0710678118654755,0.2,0.9458781407605124,1.6666666666666667,0,,73,77,76,79,32,37,-7.1731027435946135,0.0,0.9999365514425618,True,0,small,0.5530794707693413
BraTS-GLI-03059-100,sustraccion,prediction_component,98,121,42240.0,1.393796937789185e-05,2.1971078993153715e-08,1.7320508075688772,1,21.6794833886788,0.07989354619369611,0.564497089423651,1.8888888888888888,0,,74,84,64,81,144,153,-7.658148614482946,0.0,0.9899388557946378,True,0,small,0.5530794707693413
BraTS-GLI-03059-100,sustraccion,prediction_component,100,63,21760.0,1.9626922740371293e-05,4.3566914089582954e-08,1.7320508075688772,1,13.114877048604,0.13206763594884358,0.7016868116919668,1.6666666666666667,0,,75,81,22,28,110,120,-7.3608432007098425,0.0,0.9991137772255191,True,0,small,0.5530794707693413
BraTS-GLI-03059-100,sustraccion,prediction_component,103,93,31744.0,1.644335650879897e-05,3.057970694726192e-08,1.4142135623730951,1,16.792855623746664,0.0842151921066519,0.5031724852354296,1.8571428571428572,0,,75,83,79,92,129,136,-7.514566680852963,0.0,0.9933440074313239,True,0,small,0.5530794707693413
BraTS-GLI-03059-100,sustraccion,prediction_component,104,14,6912.0,2.4362533060422576e-05,6.712700278491907e-08,1.4142135623730951,1,7.0710678118654755,0.2,0.9458781407605124,1.6666666666666667,0,,75,78,120,124,109,114,-7.1731027435946135,0.0,0.9999365514425618,True,0,small,0.5530794707693413
BraTS-GLI-03059-100,sustraccion,prediction_component,105,141,40704.0,1.7169730491207608e-05,3.334105438037692e-08,1.7320508075688772,1,15.652475842498529,0.11065666703449761,0.5364350251399074,1.25,0,,76,85,38,48,135,143,-7.477020670124722,0.0,0.9966778822682523,True,0,small,0.5530794707693413
BraTS-GLI-03059-100,sustraccion,prediction_component,106,46,13568.0,2.91061041680779e-05,9.581213816506686e-08,1.4142135623730951,1,9.273618495495704,0.15249857033260467,0.6362462813425951,1.2,0,,76,81,56,61,75,81,-7.018579467913346,0.0,0.9997860749132922,True,0,small,0.5530794707693413
BraTS-GLI-03059-100,sustraccion,prediction_component,110,29,11776.0,2.2693490619119486e-05,5.824450762606069e-08,1.4142135623730951,1,8.774964387392123,0.16116459280507606,0.742013605090188,1.5,0,,76,80,163,169,134,139,-7.234745021720937,0.0,0.9997039683785971,True,0,small,0.5530794707693413
BraTS-GLI-03059-100,sustraccion,prediction_component,113,94,29440.0,1.8608918982377187e-05,3.916468732528873e-08,1.7320508075688772,1,14.7648230602334,0.11730928305086626,0.6140648134821065,2.4,0,,77,89,177,184,91,96,-7.407105336335565,0.0,0.9982118005394205,True,0,small,0.5530794707693413
BraTS-GLI-03059-100,sustraccion,prediction_component,114,19,8448.0,2.446936747720066e-05,6.771702339772293e-08,1.4142135623730951,1,8.12403840463596,0.17407765595569785,0.8543319874271107,1.25,0,,78,83,44,48,33,38,-7.169302140202132,0.0,0.999869749706771,True,0,small,0.5530794707693413
BraTS-GLI-03059-100,sustraccion,prediction_component,115,43,18432.0,1.7183426237330426e-05,3.3394265784752814e-08,1.4142135623730951,1,13.379088160259652,0.105703284516338,0.650711350669285,1.2857142857142858,0,,78,87,93,100,47,54,-7.47632810060876,0.0,0.9974858678097905,True,0,small,0.5530794707693413
BraTS-GLI-03059-100,sustraccion,prediction_component,116,61,19456.0,2.2477577235339143e-05,5.714146500256936e-08,1.7320508075688772,1,11.661903789690601,0.14852213144650114,0.7092732030227112,1.3333333333333333,0,,79,85,73,79,117,125,-7.243048629294967,0.0,0.9995795074158434,True,0,small,0.5530794707693413
BraTS-GLI-03059-100,sustraccion,prediction_component,117,17,7680.0,2.5258472975227388e-05,7.215502078433436e-08,1.4142135623730951,1,7.0710678118654755,0.2,0.8866010210973454,1.6666666666666667,0,,80,85,72,75,143,147,-7.141733443876567,0.0,0.9999319269700248,True,0,small,0.5530794707693413
BraTS-GLI-03059-100,sustraccion,prediction_component,119,25,11520.0,2.021907531738091e-05,4.6235435591653447e-08,1.4142135623730951,1,9.486832980505138,0.14907119849998599,0.7796467353853097,1.75,0,,80,84,80,87,116,121,-7.335025046456083,0.0,0.9995298500347073,True,0,small,0.5530794707693413
BraTS-GLI-03059-100,sustraccion,prediction_component,120,16,6656.0,2.9464563572443515e-05,9.818664009850627e-08,1.4142135623730951,1,6.4031242374328485,0.2208630521496931,0.9046998952817776,1.3333333333333333,0,,80,83,92,96,122,126,-7.007947601074732,0.0,0.9999727215274006,True,0,small,0.5530794707693413
BraTS-GLI-03059-100,sustraccion,prediction_component,123,16,6656.0,2.9464563572443515e-05,9.818664009850627e-08,1.4142135623730951,1,6.4031242374328485,0.2208630521496931,0.9046998952817776,1.3333333333333333,0,,81,85,136,139,47,51,-7.007947601074732,0.0,0.9999727215274006,True,0,small,0.5530794707693413
BraTS-GLI-03059-100,sustraccion,prediction_component,124,45,15360.0,2.3638814368941754e-05,6.31980610243413e-08,1.4142135623730951,1,11.090536506409418,0.12751534261266767,0.6409247308398612,1.4,0,,82,89,75,82,23,28,-7.199296246074371,0.0,0.999365017390456,True,0,small,0.5530794707693413
BraTS-GLI-03059-100,sustraccion,prediction_component,125,33,12288.0,2.4226581425040754e-05,6.637990784674736e-08,1.4142135623730951,1,11.0,0.128564869306645,0.7107331206052484,1.1666666666666667,0,,82,88,136,142,119,126,-7.177963354845114,0.0,0.9995382081982068,True,0,small,0.5530794707693413
BraTS-GLI-03059-100,sustraccion,prediction_component,127,30,12032.0,2.273078948292489e-05,5.8436125505300024e-08,1.4142135623730951,1,8.774964387392123,0.16116459280507606,0.73367566779705,1.5,0,,83,88,25,29,116,122,-7.233318586841955,0.0,0.9996976703509363,True,0,small,0.5530794707693413
BraTS-GLI-03059-100,sustraccion,prediction_component,128,12,6144.0,2.4917498197257264e-05,7.022006780482366e-08,1.4142135623730951,1,6.4031242374328485,0.2208630521496931,0.9957510787676723,1.3333333333333333,0,,83,87,43,46,38,42,-7.153538755513696,0.0,0.9999647617941148,True,0,small,0.5530794707693413
BraTS-GLI-03059-100,sustraccion,prediction_component,129,113,41472.0,1.3379687612873994e-05,2.0246237210899273e-08,1.4142135623730951,1,23.08679276123039,0.06125638918316889,0.47153983418404977,1.7,0,,83,95,93,103,29,46,-7.693655679135181,0.0,0.9790199435506088,True,0,small,0.5530794707693413
BraTS-GLI-03059-100,sustraccion,prediction_component,130,108,36096.0,1.574835291223128e-05,2.8049340242544014e-08,1.4142135623730951,1,19.6468827043885,0.07198157507486946,0.4787071884952713,2.2857142857142856,0,,83,90,176,185,110,126,-7.5520773494663676,0.0,0.9898339926206631,True,0,small,0.5530794707693413
BraTS-GLI-03059-100,sustraccion,prediction_component,131,19,9984.0,1.9045691370546972e-05,4.102474198560274e-08,1.4142135623730951,1,9.486832980505138,0.14907119849998599,0.8543319874271107,1.75,0,,85,92,50,54,135,140,-7.386954141647967,0.0,0.9995493007343913,True,0,small,0.5530794707693413
BraTS-GLI-03059-100,sustraccion,prediction_component,132,21,10752.0,1.883585814966942e-05,4.012575303132781e-08,1.4142135623730951,1,8.774964387392123,0.16116459280507606,0.8263006657894747,1.5,0,,85,90,135,141,33,37,-7.396576804199991,0.0,0.9995849060571189,True,0,small,0.5530794707693413
BraTS-GLI-03059-100,sustraccion,prediction_component,134,12,5376.0,3.04433440619409e-05,1.0481829363285631e-07,1.4142135623730951,1,5.830951894845301,0.24253562503633297,0.9957510787676723,1.3333333333333333,0,,86,90,66,69,26,29,-6.979562914580636,0.0,0.9999873098721701,True,0,small,0.5530794707693413
BraTS-GLI-03059-100,sustraccion,prediction_component,135,12,5376.0,3.04433440619409e-05,1.0481829363285631e-07,1.4142135623730951,1,5.830951894845301,0.24253562503633297,0.9957510787676723,1.3333333333333333,0,,86,89,102,106,150,153,-6.979562914580636,0.0,0.9999873098721701,True,0,small,0.5530794707693413
BraTS-GLI-03059-100,sustraccion,prediction_component,136,12,6144.0,2.4917498197257264e-05,7.022006780482366e-08,1.4142135623730951,1,6.4031242374328485,0.2208630521496931,0.9957510787676723,1.3333333333333333,0,,86,89,107,111,35,39,-7.153538755513696,0.0,0.9999647617941148,True,0,small,0.5530794707693413
BraTS-GLI-03059-100,sustraccion,prediction_component,137,12,6144.0,2.4917498197257264e-05,7.022006780482366e-08,1.4142135623730951,1,6.4031242374328485,0.2208630521496931,0.9957510787676723,1.3333333333333333,0,,87,91,64,68,32,35,-7.153538755513696,0.0,0.9999647617941148,True,0,small,0.5530794707693413
BraTS-GLI-03059-100,sustraccion,prediction_component,138,12,5376.0,3.04433440619409e-05,1.0481829363285631e-07,1.4142135623730951,1,5.830951894845301,0.24253562503633297,0.9957510787676723,1.3333333333333333,0,,87,90,89,93,51,54,-6.979562914580636,0.0,0.9999873098721701,True,0,small,0.5530794707693413
BraTS-GLI-03059-100,sustraccion,prediction_component,140,24,11008.0,2.078014675680478e-05,4.883706930629415e-08,1.4142135623730951,1,9.273618495495704,0.15249857033260467,0.7903281549671363,1.2,0,,87,93,103,108,45,50,-7.311250405789675,0.0,0.9996077966109818,True,0,small,0.5530794707693413
BraTS-GLI-03059-100,sustraccion,prediction_component,141,20,7936.0,2.8289645606535866e-05,9.051225550351545e-08,1.4142135623730951,1,7.0710678118654755,0.2,0.8398489863421099,1.6666666666666667,0,,87,91,163,168,90,93,-7.043292612648983,0.0,0.9999453694507522,True,0,small,0.5530794707693413
BraTS-GLI-03059-100,sustraccion,prediction_component,144,88,32000.0,1.5372967345311053e-05,2.672808124811941e-08,1.4142135623730951,1,18.681541692269406,0.07570111641044645,0.5125272688980814,2.1666666666666665,0,,88,100,76,82,33,46,-7.57303221719796,0.0,0.9907227869717936,True,0,small,0.5530794707693413
BraTS-GLI-03059-100,sustraccion,prediction_component,146,12,5376.0,3.04433440619409e-05,1.0481829363285631e-07,1.4142135623730951,1,5.830951894845301,0.24253562503633297,0.9957510787676723,1.3333333333333333,0,,88,91,177,180,123,127,-6.979562914580636,0.0,0.9999873098721701,True,0,small,0.5530794707693413
BraTS-GLI-03059-100,sustraccion,prediction_component,148,28,12288.0,2.055588726973155e-05,4.7788657256060547e-08,1.4142135623730951,1,10.488088481701515,0.13483997249264842,0.7507439778384809,1.4,0,,89,94,85,92,24,30,-7.3206751719164505,0.0,0.9993771188509165,True,0,small,0.5530794707693413
BraTS-GLI-03059-100,sustraccion,prediction_component,149,19,9216.0,2.147533275462963e-05,5.2159350776834036e-08,1.4142135623730951,1,8.602325267042627,0.1643989873053573,0.8543319874271107,2.3333333333333335,0,,89,92,89,93,137,144,-7.282667822870332,0.0,0.9997651840927988,True,0,small,0.5530794707693413
BraTS-GLI-03059-100,sustraccion,prediction_component,152,274,96256.0,9.175058615661278e-06,9.520726038272363e-09,1.4142135623730951,1,36.02776706930364,0.03925343359894298,0.3509896795000461,2.076923076923077,0,,90,110,25,38,105,132,-8.021329931616334,0.0,0.8652874590495322,True,0,small,0.5530794707693413
BraTS-GLI-03059-100,sustraccion,prediction_component,156,67,21504.0,2.1246917209896253e-05,5.105569879751432e-08,1.4142135623730951,1,11.575836902790225,0.12216944435630524,0.5612886582720128,1.1666666666666667,0,,91,98,22,28,51,58,-7.29195577525812,0.0,0.9987349117099436,True,0,small,0.5530794707693413
BraTS-GLI-03059-100,sustraccion,prediction_component,157,31,10752.0,2.7805314411416765e-05,8.743956612949212e-08,1.4142135623730951,1,8.774964387392123,0.16116459280507606,0.7257003006213092,1.5,0,,91,97,114,119,93,97,-7.0582920059992835,0.0,0.9998387996277974,True,0,small,0.5530794707693413
BraTS-GLI-03059-100,sustraccion,prediction_component,158,12,6144.0,2.4917498197257264e-05,7.022006780482366e-08,1.4142135623730951,1,6.4031242374328485,0.2208630521496931,0.9957510787676723,1.3333333333333333,0,,91,95,174,178,90,93,-7.153538755513696,0.0,0.9999647617941148,True,0,small,0.5530794707693413
BraTS-GLI-03059-100,sustraccion,prediction_component,159,12,5376.0,3.04433440619409e-05,1.0481829363285631e-07,1.4142135623730951,1,5.830951894845301,0.24253562503633297,0.9957510787676723,1.3333333333333333,0,,92,96,23,26,108,111,-6.979562914580636,0.0,0.9999873098721701,True,0,small,0.5530794707693413
BraTS-GLI-03059-100,sustraccion,prediction_component,160,14,7680.0,2.080109539136373e-05,4.8935585030206e-08,1.4142135623730951,1,8.246211251235321,0.17149858514250885,0.9458781407605124,1.5,0,,92,96,93,97,40,46,-7.310375215276639,0.0,0.9998273698850985,True,0,small,0.5530794707693413
BraTS-GLI-03059-100,sustraccion,prediction_component,161,12,6144.0,2.4917498197257264e-05,7.022006780482366e-08,1.4142135623730951,1,6.4031242374328485,0.2208630521496931,0.9957510787676723,1.3333333333333333,0,,92,95,142,146,101,105,-7.153538755513696,0.0,0.9999647617941148,True,0,small,0.5530794707693413
BraTS-GLI-03059-100,sustraccion,prediction_component,162,21,8448.0,2.704509036953757e-05,8.272356597893577e-08,1.4142135623730951,1,8.660254037844387,0.1632993161855452,0.8263006657894747,1.0,0,,93,98,48,53,40,45,-7.082370752639951,0.0,0.9998763143430447,True,0,small,0.5530794707693413
BraTS-GLI-03059-100,sustraccion,prediction_component,163,31,13056.0,2.0780044905057206e-05,4.883659056774402e-08,1.4142135623730951,1,10.488088481701515,0.13483997249264842,0.7257003006213092,1.4,0,,93,100,110,116,128,133,-7.311254663099391,0.0,0.9993490855288167,True,0,small,0.5530794707693413
BraTS-GLI-03059-100,sustraccion,prediction_component,164,17,8448.0,2.1893644584863748e-05,5.421113507463137e-08,1.4142135623730951,1,7.681145747868608,0.1841149235796647,0.8866010210973454,1.6666666666666667,0,,93,98,126,129,142,147,-7.265911499351242,0.0,0.9998578877526196,True,0,small,0.5530794707693413
BraTS-GLI-03059-100,sustraccion,prediction_component,166,14,6912.0,2.4362533060422576e-05,6.712700278491907e-08,1.4142135623730951,1,7.0710678118654755,0.2,0.9458781407605124,1.6666666666666667,0,,93,97,139,142,130,135,-7.1731027435946135,0.0,0.9999365514425618,True,0,small,0.5530794707693413
BraTS-GLI-03059-100,sustraccion,prediction_component,167,41,14080.0,2.4540300391506502e-05,6.81101948133507e-08,1.4142135623730951,1,9.486832980505138,0.14907119849998599,0.6611244956113513,1.75,0,,93,100,167,172,91,95,-7.166787877517388,0.0,0.999635177038531,True,0,small,0.5530794707693413
BraTS-GLI-03059-100,sustraccion,prediction_component,168,14,6144.0,2.9070414563466808e-05,9.557731451212109e-08,1.4142135623730951,1,6.928203230275509,0.20412414523193154,0.9458781407605124,1.0,0,,94,98,96,100,121,125,-7.019645176252469,0.0,0.999966684186979,True,0,small,0.5530794707693413
BraTS-GLI-03059-100,sustraccion,prediction_component,169,462,115456.0,1.1776526529521047e-05,1.5685082343737505e-08,2.0,1,33.54101966249684,0.0596284793999944,0.41704111550927797,3.7142857142857144,2,,94,120,163,183,89,96,-7.804513196995758,1.0986122886681098,0.9427414534677863,True,0,small,0.5530794707693413
BraTS-GLI-03059-100,sustraccion,prediction_component,171,17,7168.0,2.8012503667152895e-05,8.874752009735003e-08,1.4142135623730951,1,6.928203230275509,0.20412414523193154,0.8866010210973454,1.0,0,,95,99,83,87,124,128,-7.051843773744237,0.0,0.9999546688380104,True,0,small,0.5530794707693413
BraTS-GLI-03059-100,sustraccion,prediction_component,172,12,6144.0,2.4917498197257264e-05,7.022006780482366e-08,1.4142135623730951,1,6.4031242374328485,0.2208630521496931,0.9957510787676723,1.3333333333333333,0,,95,99,82,86,149,152,-7.153538755513696,0.0,0.9999647617941148,True,0,small,0.5530794707693413
BraTS-GLI-03059-100,sustraccion,prediction_component,175,24,9984.0,2.4057715415427756e-05,6.545776006567085e-08,1.4142135623730951,1,8.246211251235321,0.17149858514250885,0.7903281549671363,1.5,0,,96,102,22,26,59,63,-7.184038860130413,0.0,0.9998238697113776,True,0,small,0.5530794707693413
BraTS-GLI-03059-100,sustraccion,prediction_component,176,12,6144.0,2.4917498197257264e-05,7.022006780482366e-08,1.4142135623730951,1,6.4031242374328485,0.2208630521496931,0.9957510787676723,1.3333333333333333,0,,97,100,31,35,42,46,-7.153538755513696,0.0,0.9999647617941148,True,0,small,0.5530794707693413
BraTS-GLI-03059-100,sustraccion,prediction_component,177,24,8960.0,2.8297575493142297e-05,9.056300569878785e-08,1.4142135623730951,1,7.54983443527075,0.1873171623163388,0.7903281549671363,1.25,0,,97,101,34,39,38,42,-7.0430491721017425,0.0,0.9999206786959836,True,0,small,0.5530794707693413
BraTS-GLI-03059-100,sustraccion,prediction_component,180,59,25344.0,1.4623094001611208e-05,2.4184154965371245e-08,1.4142135623730951,1,16.881943016134134,0.0837707816583391,0.5855902858043154,2.8,0,,98,112,79,84,142,150,-7.616469082982489,0.0,0.9924444992347464,True,0,small,0.5530794707693413
BraTS-GLI-03059-100,sustraccion,prediction_component,181,14,6144.0,2.9070414563466808e-05,9.557731451212109e-08,1.4142135623730951,1,6.928203230275509,0.20412414523193154,0.9458781407605124,1.0,0,,98,102,91,95,118,122,-7.019645176252469,0.0,0.999966684186979,True,0,small,0.5530794707693413
BraTS-GLI-03059-100,sustraccion,prediction_component,182,42,20736.0,1.4065715020576132e-05,2.2375667594973023e-08,1.4142135623730951,1,13.601470508735444,0.10397504898200727,0.6558352730581178,1.6666666666666667,0,,99,109,22,28,64,71,-7.650223998314276,0.0,0.9951306613565111,True,0,small,0.5530794707693413
BraTS-GLI-03059-100,sustraccion,prediction_component,184,19,8448.0,2.446936747720066e-05,6.771702339772293e-08,1.4142135623730951,1,7.810249675906654,0.1810714920850371,0.8543319874271107,2.0,0,,100,106,23,27,98,101,-7.169302140202132,0.0,0.9998844448146892,True,0,small,0.5530794707693413
BraTS-GLI-03059-100,sustraccion,prediction_component,188,14,6912.0,2.4362533060422576e-05,6.712700278491907e-08,1.4142135623730951,1,7.0710678118654755,0.2,0.9458781407605124,1.6666666666666667,0,,102,106,99,102,130,135,-7.1731027435946135,0.0,0.9999365514425618,True,0,small,0.5530794707693413
BraTS-GLI-03059-100,sustraccion,prediction_component,189,12,5376.0,3.04433440619409e-05,1.0481829363285631e-07,1.4142135623730951,1,5.830951894845301,0.24253562503633297,0.9957510787676723,1.3333333333333333,0,,103,106,62,66,147,150,-6.979562914580636,0.0,0.9999873098721701,True,0,small,0.5530794707693413
BraTS-GLI-03059-100,sustraccion,prediction_component,191,12,6144.0,2.4917498197257264e-05,7.022006780482366e-08,1.4142135623730951,1,6.4031242374328485,0.2208630521496931,0.9957510787676723,1.3333333333333333,0,,103,107,165,168,99,103,-7.153538755513696,0.0,0.9999647617941148,True,0,small,0.5530794707693413
BraTS-GLI-03059-100,sustraccion,prediction_component,193,16,6656.0,2.9464563572443515e-05,9.818664009850627e-08,1.4142135623730951,1,6.4031242374328485,0.2208630521496931,0.9046998952817776,1.3333333333333333,0,,104,108,24,27,74,78,-7.007947601074732,0.0,0.9999727215274006,True,0,small,0.5530794707693413
BraTS-GLI-03059-100,sustraccion,prediction_component,195,19,8448.0,2.446936747720066e-05,6.771702339772293e-08,1.4142135623730951,1,7.54983443527075,0.1873171623163388,0.8543319874271107,1.25,0,,104,109,32,36,105,109,-7.169302140202132,0.0,0.9998961608534125,True,0,small,0.5530794707693413
BraTS-GLI-03059-100,sustraccion,prediction_component,196,12,6144.0,2.4917498197257264e-05,7.022006780482366e-08,1.4142135623730951,1,6.4031242374328485,0.2208630521496931,0.9957510787676723,1.3333333333333333,0,,104,108,163,166,85,89,-7.153538755513696,0.0,0.9999647617941148,True,0,small,0.5530794707693413
BraTS-GLI-03059-100,sustraccion,prediction_component,197,207,74240.0,1.0233245676146924e-05,1.184347573887463e-08,1.4142135623730951,1,28.284271247461902,0.05,0.38537873998016686,1.6666666666666667,0,,105,117,29,45,42,62,-7.92652082525716,0.0,0.9246398967627567,True,0,small,0.5530794707693413
BraTS-GLI-03059-100,sustraccion,prediction_component,199,21,9984.0,2.1050500988499285e-05,5.011609755027925e-08,1.4142135623730951,1,8.774964387392123,0.16116459280507606,0.8263006657894747,1.5,0,,105,110,44,50,32,36,-7.300022754085787,0.0,0.9997106290834813,True,0,small,0.5530794707693413
BraTS-GLI-03059-100,sustraccion,prediction_component,200,12,6144.0,2.4917498197257264e-05,7.022006780482366e-08,1.4142135623730951,1,6.4031242374328485,0.2208630521496931,0.9957510787676723,1.3333333333333333,0,,106,110,28,31,55,59,-7.153538755513696,0.0,0.9999647617941148,True,0,small,0.5530794707693413
BraTS-GLI-03059-100,sustraccion,prediction_component,201,12,6144.0,2.4917498197257264e-05,7.022006780482366e-08,1.4142135623730951,1,6.4031242374328485,0.2208630521496931,0.9957510787676723,1.3333333333333333,0,,106,110,33,36,94,98,-7.153538755513696,0.0,0.9999647617941148,True,0,small,0.5530794707693413
BraTS-GLI-03059-100,sustraccion,prediction_component,204,17,7168.0,2.8012503667152895e-05,8.874752009735003e-08,1.4142135623730951,1,6.928203230275509,0.20412414523193154,0.8866010210973454,1.0,0,,109,113,35,39,106,110,-7.051843773744237,0.0,0.9999546688380104,True,0,small,0.5530794707693413
BraTS-GLI-03059-100,sustraccion,prediction_component,206,48,21504.0,1.522167203097045e-05,2.6204573408214077e-08,1.4142135623730951,1,13.92838827718412,0.10153461651336192,0.6272838722974592,1.2857142857142858,0,,110,119,26,33,72,80,-7.581622905908598,0.0,0.995697318682737,True,0,small,0.5530794707693413
BraTS-GLI-03059-100,sustraccion,prediction_component,207,12,5376.0,3.04433440619409e-05,1.0481829363285631e-07,1.4142135623730951,1,5.830951894845301,0.24253562503633297,0.9957510787676723,1.3333333333333333,0,,111,114,28,31,63,67,-6.979562914580636,0.0,0.9999873098721701,True,0,small,0.5530794707693413
BraTS-GLI-03059-100,sustraccion,prediction_component,210,12,5376.0,3.04433440619409e-05,1.0481829363285631e-07,1.4142135623730951,1,5.830951894845301,0.24253562503633297,0.9957510787676723,1.3333333333333333,0,,111,114,128,131,134,138,-6.979562914580636,0.0,0.9999873098721701,True,0,small,0.5530794707693413
BraTS-GLI-03059-100,sustraccion,prediction_component,214,24,9216.0,2.712673611111111e-05,8.322378406497619e-08,1.4142135623730951,1,7.681145747868608,0.1841149235796647,0.7903281549671363,1.6666666666666667,0,,112,117,110,115,89,92,-7.079752541352778,0.0,0.9999038888114969,True,0,small,0.5530794707693413
BraTS-GLI-03059-100,sustraccion,prediction_component,217,12,5376.0,3.04433440619409e-05,1.0481829363285631e-07,1.4142135623730951,1,5.830951894845301,0.24253562503633297,0.9957510787676723,1.3333333333333333,0,,114,117,132,136,122,125,-6.979562914580636,0.0,0.9999873098721701,True,0,small,0.5530794707693413
BraTS-GLI-03059-100,sustraccion,prediction_component,219,16,7680.0,2.3772680447272836e-05,6.391586616190171e-08,1.4142135623730951,1,6.928203230275509,0.20412414523193154,0.9046998952817776,1.0,0,,115,119,121,125,119,123,-7.194391321321265,0.0,0.9999270678740181,True,0,small,0.5530794707693413
BraTS-GLI-03059-100,sustraccion,prediction_component,220,586,172288.0,8.194360603178545e-06,7.594208505423365e-09,1.7320508075688772,1,45.05552130427524,0.03844258722192447,0.3336498688337469,1.08,0,,115,142,123,149,42,67,-8.119517483109878,0.0,0.8059849286406254,True,0,small,0.5530794707693413
BraTS-GLI-03059-100,sustraccion,prediction_component,223,22,8704.0,2.709220525861094e-05,8.301204026265334e-08,1.4142135623730951,1,7.54983443527075,0.1873171623163388,0.8135863258112027,1.25,0,,116,120,76,80,126,131,-7.08085891195648,0.0,0.9999151214463169,True,0,small,0.5530794707693413
BraTS-GLI-03059-100,sustraccion,prediction_component,224,16,6656.0,2.9464563572443515e-05,9.818664009850627e-08,1.4142135623730951,1,6.4031242374328485,0.2208630521496931,0.9046998952817776,1.3333333333333333,0,,116,120,127,130,132,136,-7.007947601074732,0.0,0.9999727215274006,True,0,small,0.5530794707693413
BraTS-GLI-03059-100,sustraccion,prediction_component,225,20,9216.0,2.2605613425925925e-05,5.77942944895668e-08,1.4142135623730951,1,7.54983443527075,0.1873171623163388,0.8398489863421099,1.25,0,,116,120,135,139,126,131,-7.238115033448027,0.0,0.9998594068842965,True,0,small,0.5530794707693413
BraTS-GLI-03059-100,sustraccion,prediction_component,226,12,5376.0,3.04433440619409e-05,1.0481829363285631e-07,1.4142135623730951,1,5.830951894845301,0.24253562503633297,0.9957510787676723,1.3333333333333333,0,,117,120,82,86,99,102,-6.979562914580636,0.0,0.9999873098721701,True,0,small,0.5530794707693413
BraTS-GLI-03059-100,sustraccion,prediction_component,227,24,9472.0,2.6034468006549403e-05,7.665664164680334e-08,1.4142135623730951,1,7.54983443527075,0.1873171623163388,0.7903281549671363,1.25,0,,117,122,82,86,131,135,-7.1154502112519005,0.0,0.9998960282858289,True,0,small,0.5530794707693413
BraTS-GLI-03059-100,sustraccion,prediction_component,228,17,8448.0,2.1893644584863748e-05,5.421113507463137e-08,1.4142135623730951,1,7.54983443527075,0.1873171623163388,0.8866010210973454,1.25,0,,117,122,97,101,30,34,-7.265911499351242,0.0,0.9998654673288377,True,0,small,0.5530794707693413
BraTS-GLI-03059-100,sustraccion,prediction_component,231,12,5376.0,3.04433440619409e-05,1.0481829363285631e-07,1.4142135623730951,1,5.830951894845301,0.24253562503633297,0.9957510787676723,1.3333333333333333,0,,118,121,55,58,58,62,-6.979562914580636,0.0,0.9999873098721701,True,0,small,0.5530794707693413
BraTS-GLI-03059-100,sustraccion,prediction_component,232,19,9216.0,2.147533275462963e-05,5.2159350776834036e-08,1.4142135623730951,1,8.12403840463596,0.17407765595569785,0.8543319874271107,1.25,0,,118,122,93,98,79,84,-7.282667822870332,0.0,0.9998010302511836,True,0,small,0.5530794707693413
BraTS-GLI-03059-100,sustraccion,prediction_component,235,29,11520.0,2.3454127368161858e-05,6.221440213212887e-08,1.4142135623730951,1,9.433981132056603,0.1499063377991723,0.742013605090188,2.6666666666666665,0,,119,122,63,71,89,93,-7.206109068002246,0.0,0.9996774935740067,True,0,small,0.5530794707693413
BraTS-GLI-03059-100,sustraccion,prediction_component,236,26,12288.0,1.9087609607607868e-05,4.1205525899358324e-08,1.4142135623730951,1,9.9498743710662,0.1421338109037403,0.7695203069187393,1.4,0,,119,126,80,85,79,84,-7.385044538659253,0.0,0.9993410513064719,True,0,small,0.5530794707693413
BraTS-GLI-03059-100,sustraccion,prediction_component,237,25,9728.0,2.6055815225824062e-05,7.678240392712895e-08,1.4142135623730951,1,8.12403840463596,0.17407765595569785,0.7796467353853097,1.25,0,,119,123,115,120,96,101,-7.114738294980483,0.0,0.999865458088486,True,0,small,0.5530794707693413
BraTS-GLI-03059-100,sustraccion,prediction_component,238,66,22272.0,1.9856610121254955e-05,4.459257903813641e-08,1.4142135623730951,1,12.206555615733702,0.11585688927269847,0.5641092516587063,1.3333333333333333,0,,120,126,42,50,51,58,-7.350737409246245,0.0,0.9982606202715846,True,0,small,0.5530794707693413
BraTS-GLI-03059-100,sustraccion,prediction_component,241,52,16128.0,2.538823861772463e-05,7.289831944013463e-08,1.7320508075688772,1,9.848857801796104,0.17586311452816475,0.7480357990757008,1.2,0,,120,125,57,63,40,46,-7.137282483565275,0.0,0.9998430997847955,True,0,small,0.5530794707693413
BraTS-GLI-03059-100,sustraccion,prediction_component,242,49,20224.0,1.7037093040871976e-05,3.2827919796893625e-08,1.4142135623730951,1,12.884098726725126,0.10976425998969035,0.6229872725752906,1.5,0,,120,126,65,74,99,106,-7.483756636288424,0.0,0.9973678326033149,True,0,small,0.5530794707693413
BraTS-GLI-03059-100,sustraccion,prediction_component,244,41,14336.0,2.3885914215980313e-05,6.452620297735528e-08,1.4142135623730951,1,9.797958971132712,0.14433756729740646,0.6611244956113513,2.0,0,,120,124,92,100,138,142,-7.190263890053258,0.0,0.9995681268243612,True,0,small,0.5530794707693413
BraTS-GLI-03059-100,sustraccion,prediction_component,245,78,28416.0,1.6283591037772496e-05,2.998836212571705e-08,1.7320508075688772,1,18.027756377319946,0.09607689228305227,0.6534694609959394,2.5,0,,120,126,95,110,95,103,-7.523047253453139,0.0,0.9965039264282334,True,0,small,0.5530794707693413
BraTS-GLI-03059-100,sustraccion,prediction_component,247,21,11520.0,1.6984023266599966e-05,3.262372335347067e-08,1.4142135623730951,1,8.774964387392123,0.16116459280507606,0.8263006657894747,1.5,0,,121,126,71,75,42,48,-7.48646647433232,0.0,0.9994192334811275,True,0,small,0.5530794707693413
BraTS-GLI-03059-100,sustraccion,prediction_component,249,33,13824.0,2.030314667924666e-05,4.662073088825055e-08,1.4142135623730951,1,9.486832980505138,0.14907119849998599,0.7107331206052484,1.75,0,,121,125,117,122,133,140,-7.331420922187259,0.0,0.9994231466010141,True,0,small,0.5530794707693413
BraTS-GLI-03059-100,sustraccion,prediction_component,251,40,15360.0,2.1012279439059336e-05,4.993427043898571e-08,1.4142135623730951,1,9.9498743710662,0.1421338109037403,0.6665885822069456,1.4,0,,122,127,73,78,132,139,-7.301601290969134,0.0,0.999331852876691,True,0,small,0.5530794707693413
BraTS-GLI-03059-100,sustraccion,prediction_component,253,105,41984.0,1.220572494752736e-05,1.6849209548936772e-08,1.4142135623730951,1,23.280893453645632,0.060745673923078704,0.4832235607731051,1.3636363636363635,0,,122,137,130,144,108,119,-7.773420468477345,0.0,0.9726964147539559,True,0,small,0.5530794707693413
BraTS-GLI-03059-100,sustraccion,prediction_component,255,14,6144.0,2.9070414563466808e-05,9.557731451212109e-08,1.4142135623730951,1,6.928203230275509,0.20412414523193154,0.9458781407605124,1.0,0,,122,126,163,167,87,91,-7.019645176252469,0.0,0.999966684186979,True,0,small,0.5530794707693413
BraTS-GLI-03059-100,sustraccion,prediction_component,259,36,12032.0,2.727694737950987e-05,8.414802072763203e-08,1.4142135623730951,1,8.660254037844387,0.1632993161855452,0.6904152369103725,1.0,0,,123,128,88,93,110,115,-7.074956094746706,0.0,0.9998150563872208,True,0,small,0.5530794707693413
BraTS-GLI-03059-100,sustraccion,prediction_component,260,73,24576.0,1.8947680920831045e-05,4.060359606465986e-08,1.4142135623730951,1,13.601470508735444,0.10397504898200727,0.5454692181434626,1.6666666666666667,0,,123,129,98,108,80,87,-7.391435501351921,0.0,0.9973695294600534,True,0,small,0.5530794707693413
BraTS-GLI-03059-100,sustraccion,prediction_component,261,21,11520.0,1.6984023266599966e-05,3.262372335347067e-08,1.4142135623730951,1,9.797958971132712,0.14433756729740646,0.8263006657894747,2.0,0,,123,127,103,111,33,37,-7.48646647433232,0.0,0.9992255063679187,True,0,small,0.5530794707693413
BraTS-GLI-03059-100,sustraccion,prediction_component,263,77,29952.0,1.4854292948350223e-05,2.4954929232855096e-08,1.4142135623730951,1,15.652475842498529,0.09035079029052513,0.5358554176060653,1.25,0,,123,132,156,164,59,69,-7.602843657367649,0.0,0.9924905404555873,True,0,small,0.5530794707693413
BraTS-GLI-03059-100,sustraccion,prediction_component,265,12,6144.0,2.4917498197257264e-05,7.022006780482366e-08,1.4142135623730951,1,6.4031242374328485,0.2208630521496931,0.9957510787676723,1.3333333333333333,0,,124,128,74,78,63,66,-7.153538755513696,0.0,0.9999647617941148,True,0,small,0.5530794707693413
BraTS-GLI-03059-100,sustraccion,prediction_component,266,22,9472.0,2.386492900600362e-05,6.441287249488336e-08,1.4142135623730951,1,8.12403840463596,0.17407765595569785,0.8135863258112027,1.25,0,,124,129,98,102,118,123,-7.1910273330307,0.0,0.9998392903882414,True,0,small,0.5530794707693413
BraTS-GLI-03059-100,sustraccion,prediction_component,267,62,18688.0,2.4268752428564105e-05,6.661120285644907e-08,1.7320508075688772,1,10.488088481701515,0.1651445647689541,0.7054392189315698,1.4,0,,124,131,121,127,127,132,-7.176452723838987,0.0,0.999750304231149,True,0,small,0.5530794707693413
BraTS-GLI-03059-100,sustraccion,prediction_component,269,14,6912.0,2.4362533060422576e-05,6.712700278491907e-08,1.4142135623730951,1,7.0710678118654755,0.2,0.9458781407605124,1.6666666666666667,0,,125,130,48,52,107,110,-7.1731027435946135,0.0,0.9999365514425618,True,0,small,0.5530794707693413
BraTS-GLI-03059-100,sustraccion,prediction_component,272,12,6144.0,2.4917498197257264e-05,7.022006780482366e-08,1.4142135623730951,1,6.4031242374328485,0.2208630521496931,0.9957510787676723,1.3333333333333333,0,,125,129,92,95,128,132,-7.153538755513696,0.0,0.9999647617941148,True,0,small,0.5530794707693413
BraTS-GLI-03059-100,sustraccion,prediction_component,273,50,16640.0,2.3293782787937283e-05,6.136665006156643e-08,1.4142135623730951,1,11.090536506409418,0.12751534261266767,0.6188060239571066,1.4,0,,125,132,94,99,36,43,-7.212067583730657,0.0,0.9992857273213349,True,0,small,0.5530794707693413
BraTS-GLI-03059-100,sustraccion,prediction_component,275,20,7936.0,2.8289645606535866e-05,9.051225550351545e-08,1.4142135623730951,1,7.0710678118654755,0.2,0.8398489863421099,1.6666666666666667,0,,125,129,128,133,90,93,-7.043292612648983,0.0,0.9999453694507522,True,0,small,0.5530794707693413
BraTS-GLI-03059-100,sustraccion,prediction_component,276,45,15104.0,2.424234058087706e-05,6.646629490482337e-08,1.4142135623730951,1,9.9498743710662,0.1421338109037403,0.6409247308398612,1.4,0,,126,131,48,55,68,73,-7.177398529849873,0.0,0.9995443724370465,True,0,small,0.5530794707693413
BraTS-GLI-03059-100,sustraccion,prediction_component,277,89,35584.0,1.3258911087412427e-05,1.9882367186065034e-08,1.4142135623730951,1,15.84297951775486,0.08926436853549036,0.5106004564652381,1.5714285714285714,0,,126,135,54,65,50,57,-7.7015319099465875,0.0,0.9880691311478697,True,0,small,0.5530794707693413
BraTS-GLI-03059-100,sustraccion,prediction_component,278,106,34560.0,1.6498530522520666e-05,3.078526544046329e-08,1.4142135623730951,1,15.0996688705415,0.0936585811581694,0.48169918609899903,1.25,0,,126,136,58,66,78,86,-7.511657097429605,0.0,0.9940008995130183,True,0,small,0.5530794707693413
BraTS-GLI-03059-100,sustraccion,prediction_component,279,57,16896.0,2.5953683511711227e-05,7.618165132243829e-08,1.4142135623730951,1,10.04987562112089,0.1407195089460584,0.5923607155209719,1.75,0,,126,132,65,69,55,62,-7.118149617754751,0.0,0.9995637829256648,True,0,small,0.5530794707693413
BraTS-GLI-03059-100,sustraccion,prediction_component,280,12,5376.0,3.04433440619409e-05,1.0481829363285631e-07,1.4142135623730951,1,5.830951894845301,0.24253562503633297,0.9957510787676723,1.3333333333333333,0,,126,129,83,87,122,125,-6.979562914580636,0.0,0.9999873098721701,True,0,small,0.5530794707693413
BraTS-GLI-03059-100,sustraccion,prediction_component,281,12,6144.0,2.4917498197257264e-05,7.022006780482366e-08,1.4142135623730951,1,6.4031242374328485,0.2208630521496931,0.9957510787676723,1.3333333333333333,0,,126,129,94,98,48,52,-7.153538755513696,0.0,0.9999647617941148,True,0,small,0.5530794707693413
BraTS-GLI-03059-100,sustraccion,prediction_component,282,14,7680.0,2.080109539136373e-05,4.8935585030206e-08,1.4142135623730951,1,7.54983443527075,0.1873171623163388,0.9458781407605124,1.25,0,,126,130,130,135,121,125,-7.310375215276639,0.0,0.9998683165549729,True,0,small,0.5530794707693413
BraTS-GLI-03059-100,sustraccion,prediction_component,283,16,7680.0,2.3772680447272836e-05,6.391586616190171e-08,1.4142135623730951,1,6.928203230275509,0.20412414523193154,0.9046998952817776,1.0,0,,126,130,152,156,74,78,-7.194391321321265,0.0,0.9999270678740181,True,0,small,0.5530794707693413
BraTS-GLI-03059-100,sustraccion,prediction_component,284,17,7168.0,2.8012503667152895e-05,8.874752009735003e-08,1.4142135623730951,1,6.928203230275509,0.20412414523193154,0.8866010210973454,1.0,0,,127,131,70,74,85,89,-7.051843773744237,0.0,0.9999546688380104,True,0,small,0.5530794707693413
BraTS-GLI-03059-100,sustraccion,prediction_component,285,20,8192.0,2.6973983046972178e-05,8.228914195877773e-08,1.4142135623730951,1,6.928203230275509,0.20412414523193154,0.8398489863421099,1.0,0,,127,131,75,79,97,101,-7.084657466105883,0.0,0.9999405811325679,True,0,small,0.5530794707693413
BraTS-GLI-03059-100,sustraccion,prediction_component,286,1959,500480.0,5.532919421539656e-06,3.4622710495164846e-09,2.23606797749979,1,61.1310068623117,0.03657829458847607,0.28807333466762586,1.8333333333333333,6,,127,151,65,109,41,76,-8.460638935680311,1.9459101490553132,0.31356404380997405,False,0,small,0.5530794707693413
BraTS-GLI-03059-100,sustraccion,prediction_component,287,32,12032.0,2.424617544845322e-05,6.648732501936358e-08,1.4142135623730951,1,9.273618495495704,0.15249857033260467,0.7180607827429069,1.2,0,,127,133,83,88,57,62,-7.177261139641468,0.0,0.9997012075172951,True,0,small,0.5530794707693413
BraTS-GLI-03059-100,sustraccion,prediction_component,288,24,12288.0,1.7619331945484184e-05,3.511003390241183e-08,1.4142135623730951,1,9.486832980505138,0.14907119849998599,0.7903281549671363,1.75,0,,127,131,102,109,125,130,-7.4545687511776775,0.0,0.9992895765557863,True,0,small,0.5530794707693413
BraTS-GLI-03059-100,sustraccion,prediction_component,292,17,7168.0,2.8012503667152895e-05,8.874752009735003e-08,1.4142135623730951,1,6.928203230275509,0.20412414523193154,0.8866010210973454,1.0,0,,128,132,74,78,111,115,-7.051843773744237,0.0,0.9999546688380104,True,0,small,0.5530794707693413
BraTS-GLI-03059-100,sustraccion,prediction_component,293,54,15872.0,2.700513033175674e-05,8.247929282757846e-08,1.7320508075688772,1,10.488088481701515,0.1651445647689541,0.7386843712632432,1.4,0,,128,133,92,99,114,120,-7.083655071322952,0.0,0.9998411069291617,True,0,small,0.5530794707693413
BraTS-GLI-03059-100,sustraccion,prediction_component,294,22,10752.0,1.9732803775844155e-05,4.403824142213755e-08,1.4142135623730951,1,7.681145747868608,0.1841149235796647,0.8135863258112027,1.6666666666666667,0,,128,133,107,110,44,49,-7.3561700320234165,0.0,0.9997491155173583,True,0,small,0.5530794707693413
BraTS-GLI-03059-100,sustraccion,prediction_component,295,12,5376.0,3.04433440619409e-05,1.0481829363285631e-07,1.4142135623730951,1,5.830951894845301,0.24253562503633297,0.9957510787676723,1.3333333333333333,0,,128,132,121,124,55,58,-6.979562914580636,0.0,0.9999873098721701,True,0,small,0.5530794707693413
BraTS-GLI-03059-100,sustraccion,prediction_component,297,57,19456.0,2.1003637744497232e-05,4.989320607184839e-08,1.4142135623730951,1,11.090536506409418,0.12751534261266767,0.5923607155209719,1.4,0,,128,135,157,162,70,77,-7.3019585879715185,0.0,0.9989136182650208,True,0,small,0.5530794707693413
BraTS-GLI-03059-100,sustraccion,prediction_component,298,12,6144.0,2.4917498197257264e-05,7.022006780482366e-08,1.4142135623730951,1,6.4031242374328485,0.2208630521496931,0.9957510787676723,1.3333333333333333,0,,129,132,75,79,58,62,-7.153538755513696,0.0,0.9999647617941148,True,0,small,0.5530794707693413
BraTS-GLI-03059-100,sustraccion,prediction_component,299,55,18944.0,2.1093816415850864e-05,5.032255663662762e-08,1.4142135623730951,1,12.206555615733702,0.11585688927269847,0.5994555302303142,1.3333333333333333,0,,129,137,74,80,72,79,-7.298237302678569,0.0,0.9987212662894969,True,0,small,0.5530794707693413
BraTS-GLI-03059-100,sustraccion,prediction_component,300,42,13568.0,2.657513858824504e-05,7.987363502985725e-08,1.4142135623730951,1,8.660254037844387,0.1632993161855452,0.6558352730581178,1.0,0,,129,134,91,96,51,56,-7.097596550480694,0.0,0.9997754520037814,True,0,small,0.5530794707693413
BraTS-GLI-03059-100,sustraccion,prediction_component,301,21,9984.0,2.1050500988499285e-05,5.011609755027925e-08,1.4142135623730951,1,8.12403840463596,0.17407765595569785,0.8263006657894747,1.25,0,,129,134,116,121,117,121,-7.300022754085787,0.0,0.9997680055076886,True,0,small,0.5530794707693413
BraTS-GLI-03059-100,sustraccion,prediction_component,302,66,19456.0,2.4320001598891532e-05,6.689283030131473e-08,1.7320508075688772,1,11.661903789690601,0.14852213144650114,0.6908899128735476,1.3333333333333333,0,,131,137,50,58,101,107,-7.174620428232764,0.0,0.9996548772437346,True,0,small,0.5530794707693413
BraTS-GLI-03059-100,sustraccion,prediction_component,306,14,6912.0,2.4362533060422576e-05,6.712700278491907e-08,1.4142135623730951,1,7.0710678118654755,0.2,0.9458781407605124,1.6666666666666667,0,,131,135,144,149,75,78,-7.1731027435946135,0.0,0.9999365514425618,True,0,small,0.5530794707693413
BraTS-GLI-03059-100,sustraccion,prediction_component,307,47,21248.0,1.5174722972501665e-05,2.6043174222152872e-08,1.4142135623730951,1,15.066519173319364,0.09386465089278642,0.6317015099045129,2.2,0,,132,137,48,59,60,69,-7.584306083730914,0.0,0.9951158234565051,True,0,small,0.5530794707693413
BraTS-GLI-03059-100,sustraccion,prediction_component,308,98,29696.0,1.9150457070555674e-05,4.147731751184098e-08,1.7320508075688772,1,14.594519519326424,0.11867816581938533,0.605593872006889,1.4285714285714286,0,,132,140,62,72,70,77,-7.382189338769893,0.0,0.9983650636552464,True,0,small,0.5530794707693413
BraTS-GLI-03059-100,sustraccion,prediction_component,309,23,9728.0,2.3971350007758136e-05,6.498862668392194e-08,1.4142135623730951,1,8.246211251235321,0.17149858514250885,0.8016200827808712,1.5,0,,132,136,70,76,79,83,-7.1871626402893725,0.0,0.9998280565993584,True,0,small,0.5530794707693413
BraTS-GLI-03059-100,sustraccion,prediction_component,310,27,11520.0,2.1836601342771384e-05,5.392901207410457e-08,1.4142135623730951,1,9.273618495495704,0.15249857033260467,0.7599002946021327,1.2,0,,132,138,143,148,101,106,-7.268177535482184,0.0,0.9996323602100006,True,0,small,0.5530794707693413
BraTS-GLI-03059-100,sustraccion,prediction_component,312,12,6144.0,2.4917498197257264e-05,7.022006780482366e-08,1.4142135623730951,1,6.4031242374328485,0.2208630521496931,0.9957510787676723,1.3333333333333333,0,,133,137,45,49,107,110,-7.153538755513696,0.0,0.9999647617941148,True,0,small,0.5530794707693413
BraTS-GLI-03059-100,sustraccion,prediction_component,313,31,11776.0,2.425855893767945e-05,6.655525782240705e-08,1.4142135623730951,1,9.273618495495704,0.15249857033260467,0.7257003006213092,1.2,0,,133,138,105,110,110,116,-7.176817629850304,0.0,0.9997088264275873,True,0,small,0.5530794707693413
BraTS-GLI-03059-100,sustraccion,prediction_component,314,29,11008.0,2.5109343997805772e-05,7.130551265033573e-08,1.4142135623730951,1,9.273618495495704,0.15249857033260467,0.742013605090188,1.2,0,,133,139,114,119,49,54,-7.146876893414975,0.0,0.9997527470808003,True,0,small,0.5530794707693413
BraTS-GLI-03059-100,sustraccion,prediction_component,315,38,12544.0,2.7047649416909622e-05,8.273922157753891e-08,1.4142135623730951,1,9.486832980505138,0.14907119849998599,0.6780837477859392,1.75,0,,133,137,122,129,117,122,-7.082288569326049,0.0,0.9997478592374924,True,0,small,0.5530794707693413
BraTS-GLI-03059-100,sustraccion,prediction_component,316,46,16896.0,2.0945077921731866e-05,4.961538140913494e-08,1.4142135623730951,1,10.677078252031311,0.13245323570650439,0.6362462813425951,1.6,0,,133,138,133,138,71,79,-7.3043836657365855,0.0,0.9991230476644793,True,0,small,0.5530794707693413
BraTS-GLI-03059-100,sustraccion,prediction_component,320,27,9472.0,2.9288776507368078e-05,9.701856208423547e-08,1.4142135623730951,1,7.54983443527075,0.1873171623163388,0.7599002946021327,1.25,0,,134,138,95,100,82,86,-7.013145166357138,0.0,0.9999218967251442,True,0,small,0.5530794707693413
BraTS-GLI-03059-100,sustraccion,prediction_component,321,12,6144.0,2.4917498197257264e-05,7.022006780482366e-08,1.4142135623730951,1,6.4031242374328485,0.2208630521496931,0.9957510787676723,1.3333333333333333,0,,134,137,105,109,83,87,-7.153538755513696,0.0,0.9999647617941148,True,0,small,0.5530794707693413
BraTS-GLI-03059-100,sustraccion,prediction_component,322,38,13056.0,2.5472313109424963e-05,7.338193213300975e-08,1.7320508075688772,1,9.38083151964686,0.18463723646899907,0.8304795924748166,1.5,0,,135,141,55,61,64,68,-7.134410857534316,0.0,0.999897096650504,True,0,small,0.5530794707693413
BraTS-GLI-03059-100,sustraccion,prediction_component,324,45,16128.0,2.1970591111492468e-05,5.4592861267112664e-08,1.4142135623730951,1,11.180339887498949,0.12649110640673517,0.6409247308398612,1.6,0,,135,140,108,116,107,113,-7.262864143284185,0.0,0.9991806061849394,True,0,small,0.5530794707693413
BraTS-GLI-03059-100,sustraccion,prediction_component,325,22,8704.0,2.709220525861094e-05,8.301204026265334e-08,1.4142135623730951,1,7.54983443527075,0.1873171623163388,0.8135863258112027,1.25,0,,135,139,116,121,68,72,-7.08085891195648,0.0,0.9999151214463169,True,0,small,0.5530794707693413
BraTS-GLI-03059-100,sustraccion,prediction_component,328,43,13824.0,2.6455615369927466e-05,7.915677815645112e-08,1.4142135623730951,1,9.9498743710662,0.1421338109037403,0.650711350669285,1.4,0,,135,140,140,147,68,73,-7.10151189078386,0.0,0.999667327847601,True,0,small,0.5530794707693413
BraTS-GLI-03059-100,sustraccion,prediction_component,330,17,8448.0,2.1893644584863748e-05,5.421113507463137e-08,1.4142135623730951,1,7.54983443527075,0.1873171623163388,0.8866010210973454,1.25,0,,136,140,106,111,58,62,-7.265911499351242,0.0,0.9998654673288377,True,0,small,0.5530794707693413
BraTS-GLI-03059-100,sustraccion,prediction_component,331,20,7168.0,3.29558866672387e-05,1.2283393785100348e-07,1.4142135623730951,1,6.4031242374328485,0.2208630521496931,0.8398489863421099,1.3333333333333333,0,,137,141,75,79,75,78,-6.910681625172823,0.0,0.9999767157741132,True,0,small,0.5530794707693413
BraTS-GLI-03059-100,sustraccion,prediction_component,332,12,5376.0,3.04433440619409e-05,1.0481829363285631e-07,1.4142135623730951,1,5.830951894845301,0.24253562503633297,0.9957510787676723,1.3333333333333333,0,,137,140,94,98,96,99,-6.979562914580636,0.0,0.9999873098721701,True,0,small,0.5530794707693413
BraTS-GLI-03059-100,sustraccion,prediction_component,334,12,5376.0,3.04433440619409e-05,1.0481829363285631e-07,1.4142135623730951,1,5.830951894845301,0.24253562503633297,0.9957510787676723,1.3333333333333333,0,,137,141,107,110,70,73,-6.979562914580636,0.0,0.9999873098721701,True,0,small,0.5530794707693413
BraTS-GLI-03059-100,sustraccion,prediction_component,336,14,6912.0,2.4362533060422576e-05,6.712700278491907e-08,1.4142135623730951,1,7.0710678118654755,0.2,0.9458781407605124,1.6666666666666667,0,,137,141,120,125,113,116,-7.1731027435946135,0.0,0.9999365514425618,True,0,small,0.5530794707693413
BraTS-GLI-03059-100,sustraccion,prediction_component,337,12,5376.0,3.04433440619409e-05,1.0481829363285631e-07,1.4142135623730951,1,5.830951894845301,0.24253562503633297,0.9957510787676723,1.3333333333333333,0,,138,141,100,104,78,81,-6.979562914580636,0.0,0.9999873098721701,True,0,small,0.5530794707693413
BraTS-GLI-03059-100,sustraccion,prediction_component,338,31,11264.0,2.5931206947772415e-05,7.60497578817831e-08,1.4142135623730951,1,8.12403840463596,0.17407765595569785,0.7257003006213092,1.25,0,,138,143,102,107,118,122,-7.118902164264145,0.0,0.9998379092479136,True,0,small,0.5530794707693413
BraTS-GLI-03059-100,sustraccion,prediction_component,339,38,13824.0,2.3379381024587062e-05,6.181848980958109e-08,1.4142135623730951,1,9.273618495495704,0.15249857033260467,0.6780837477859392,1.2,0,,138,143,107,113,99,104,-7.2088816087094125,0.0,0.9996183919271926,True,0,small,0.5530794707693413
BraTS-GLI-03059-100,sustraccion,prediction_component,341,12,5376.0,3.04433440619409e-05,1.0481829363285631e-07,1.4142135623730951,1,5.830951894845301,0.24253562503633297,0.9957510787676723,1.3333333333333333,0,,138,141,117,121,64,67,-6.979562914580636,0.0,0.9999873098721701,True,0,small,0.5530794707693413
BraTS-GLI-03059-100,sustraccion,prediction_component,342,99,28416.0,2.0667634778711244e-05,4.830965437116252e-08,1.7320508075688772,1,13.30413469565007,0.13018891098082386,0.6035479311696947,1.1428571428571428,0,,138,146,126,134,69,76,-7.315966069639,0.0,0.9989444436203149,True,0,small,0.5530794707693413
BraTS-GLI-03059-100,sustraccion,prediction_component,344,16,6656.0,2.9464563572443515e-05,9.818664009850627e-08,1.4142135623730951,1,6.4031242374328485,0.2208630521496931,0.9046998952817776,1.3333333333333333,0,,139,142,79,83,101,105,-7.007947601074732,0.0,0.9999727215274006,True,0,small,0.5530794707693413
BraTS-GLI-03059-100,sustraccion,prediction_component,345,50,15616.0,2.5622134335956706e-05,7.424769594440804e-08,1.4142135623730951,1,10.246950765959598,0.13801311186847084,0.6188060239571066,2.0,0,,139,143,88,96,102,107,-7.129317018834391,0.0,0.9995618721258634,True,0,small,0.5530794707693413
BraTS-GLI-03059-100,sustraccion,prediction_component,348,22,8192.0,2.9671381351669397e-05,9.956986177012105e-08,1.4142135623730951,1,7.54983443527075,0.1873171623163388,0.8135863258112027,1.25,0,,140,144,98,103,100,104,-7.001872095789433,0.0,0.9999368199508919,True,0,small,0.5530794707693413
BraTS-GLI-03059-100,sustraccion,prediction_component,351,26,13056.0,1.7428424759080237e-05,3.435331448886051e-08,1.4142135623730951,1,10.246950765959598,0.13801311186847084,0.7695203069187393,2.0,0,,141,145,107,115,57,62,-7.464031354826301,0.0,0.999050296612578,True,0,small,0.5530794707693413
BraTS-GLI-03059-100,sustraccion,prediction_component,352,12,5376.0,3.04433440619409e-05,1.0481829363285631e-07,1.4142135623730951,1,5.830951894845301,0.24253562503633297,0.9957510787676723,1.3333333333333333,0,,141,145,109,112,72,75,-6.979562914580636,0.0,0.9999873098721701,True,0,small,0.5530794707693413
BraTS-GLI-03059-100,sustraccion,prediction_component,353,48,19200.0,1.8042195912175806e-05,3.681553890925539e-08,1.4142135623730951,1,13.490737563232042,0.10482848367219183,0.6272838722974592,2.2,0,,142,147,84,95,79,85,-7.433968837898053,0.0,0.9976536039784817,True,0,small,0.5530794707693413
BraTS-GLI-03059-100,sustraccion,prediction_component,354,53,15872.0,2.6505035325613096e-05,7.945278928417965e-08,1.4142135623730951,1,10.04987562112089,0.1407195089460584,0.6069029442833568,1.75,0,,142,146,97,103,80,87,-7.099890851767311,0.0,0.9996108719652784,True,0,small,0.5530794707693413
BraTS-GLI-03059-100,sustraccion,prediction_component,358,17,6912.0,2.9583075859084555e-05,9.897808063694699e-08,1.4142135623730951,1,6.557438524302,0.21566554640687685,0.8866010210973454,1.6666666666666667,0,,145,148,67,70,100,105,-7.004460972194542,0.0,0.9999688342840773,True,0,small,0.5530794707693413
BraTS-GLI-03059-100,sustraccion,prediction_component,359,14,6912.0,2.4362533060422576e-05,6.712700278491907e-08,1.4142135623730951,1,7.0710678118654755,0.2,0.9458781407605124,1.6666666666666667,0,,145,148,70,74,72,77,-7.1731027435946135,0.0,0.9999365514425618,True,0,small,0.5530794707693413
BraTS-GLI-03059-100,gmm_2d,prediction_component,1,663,127488.0,1.4564969056434252e-05,2.3992279164481828e-08,2.23606797749979,1,32.38826948140329,0.06903943968922749,0.41337419527085756,2.5,1,,12,22,72,90,117,142,-7.619928493943734,0.6931471805599453,0.9780821586339048,True,0,small,0.5530794707693413
BraTS-GLI-03059-100,gmm_2d,prediction_component,2,25,9984.0,2.5060120224403912e-05,7.102621534903521e-08,1.7320508075688772,1,8.660254037844387,0.19999999999999996,0.9548683406603533,1.0,0,,16,21,91,96,91,96,-7.14858132620955,0.0,0.999943732308326,True,0,small,0.5530794707693413
BraTS-GLI-03059-100,gmm_2d,prediction_component,3,269,57344.0,1.9589362573471658e-05,4.34003250822093e-08,2.23606797749979,1,19.261360284258224,0.11609086505314302,0.5583807597199564,1.4444444444444444,1,,17,26,74,85,47,60,-7.3625070174718,0.6931471805599453,0.9975881513710692,True,0,small,0.5530794707693413
BraTS-GLI-03059-100,gmm_2d,prediction_component,4,25,9984.0,2.5060120224403912e-05,7.102621534903521e-08,1.7320508075688772,1,8.660254037844387,0.19999999999999996,0.9548683406603533,1.0,0,,17,22,78,83,61,66,-7.14858132620955,0.0,0.999943732308326,True,0,small,0.5530794707693413
BraTS-GLI-03059-100,gmm_2d,prediction_component,5,1260,265984.0,9.185171631361037e-06,9.541725645801858e-09,3.0,1,47.30750469005948,0.06341488564351137,0.4477414239508596,1.5909090909090908,7,,19,41,74,97,67,102,-8.020373074910534,2.0794415416798357,0.8550876891769311,True,0,small,0.5530794707693413
BraTS-GLI-03059-100,gmm_2d,prediction_component,6,25,9984.0,2.5060120224403912e-05,7.102621534903521e-08,1.7320508075688772,1,8.660254037844387,0.19999999999999996,0.9548683406603533,1.0,0,,19,24,86,91,73,78,-7.14858132620955,0.0,0.999943732308326,True,0,small,0.5530794707693413
BraTS-GLI-03059-100,gmm_2d,prediction_component,7,44,13824.0,2.7070862238995545e-05,8.288129935688987e-08,1.7320508075688772,1,10.392304845413264,0.16666666666666666,0.7908715233027805,1.0,0,,24,30,37,43,71,77,-7.081543448970658,0.0,0.9998697917142197,True,0,small,0.5530794707693413
BraTS-GLI-03059-100,gmm_2d,prediction_component,8,300,61440.0,1.9699011974118127e-05,4.3887542378014785e-08,2.449489742783178,1,21.118712081942874,0.11598670095405886,0.5898361824478,1.5555555555555556,2,,26,35,84,98,100,113,-7.357658738169621,1.0986122886681098,0.9974857055005357,True,0,small,0.5530794707693413
BraTS-GLI-03059-100,gmm_2d,prediction_component,9,164,44800.0,1.729524932296687e-05,3.383031390659164e-08,2.449489742783178,1,20.024984394500787,0.12232168048309944,0.7213685634814279,2.0,1,,27,36,62,78,119,127,-7.470693972437615,0.6931471805599453,0.9980598924114055,True,0,small,0.5530794707693413
BraTS-GLI-03059-100,gmm_2d,prediction_component,10,62,18432.0,2.477610294684852e-05,6.942539625559212e-08,1.7320508075688772,1,11.0,0.15745916432444337,0.7054392189315698,1.1666666666666667,0,,27,34,88,94,78,84,-7.158481632771426,0.0,0.9997337027173108,True,0,small,0.5530794707693413
BraTS-GLI-03059-100,gmm_2d,prediction_component,11,25,9984.0,2.5060120224403912e-05,7.102621534903521e-08,1.7320508075688772,1,8.660254037844387,0.19999999999999996,0.9548683406603533,1.0,0,,28,33,85,90,112,117,-7.14858132620955,0.0,0.999943732308326,True,0,small,0.5530794707693413
BraTS-GLI-03059-100,gmm_2d,prediction_component,12,74,20480.0,2.5248570302579412e-05,7.209845461860269e-08,1.7320508075688772,1,12.206555615733702,0.14189513095212064,0.6650376873001744,1.3333333333333333,0,,29,37,69,76,90,96,-7.142074043988006,0.0,0.9996285244175007,True,0,small,0.5530794707693413
BraTS-GLI-03059-100,gmm_2d,prediction_component,13,102905,16116224.0,1.5905287893010084e-06,2.86111584397499e-10,5.656854249492381,4,246.12801547162402,0.02298338219910832,0.19459232179884184,1.3414634146341464,167,,30,153,15,180,23,158,-9.54346455765067,5.123963979403259,0.0013653109521787217,False,0,small,0.5530794707693413
BraTS-GLI-03059-100,gmm_2d,prediction_component,14,25,9984.0,2.5060120224403912e-05,7.102621534903521e-08,1.7320508075688772,1,8.660254037844387,0.19999999999999996,0.9548683406603533,1.0,0,,31,36,93,98,86,91,-7.14858132620955,0.0,0.999943732308326,True,0,small,0.5530794707693413
BraTS-GLI-03059-100,gmm_2d,prediction_component,15,63,23808.0,1.7149686231523227e-05,3.326325389754192e-08,1.7320508075688772,1,13.601470508735444,0.12734290799340264,0.7016868116919668,1.6666666666666667,0,,32,39,60,66,57,67,-7.478035269228769,0.0,0.9985118143913552,True,0,small,0.5530794707693413
BraTS-GLI-03059-100,gmm_2d,prediction_component,16,50,15360.0,2.6265349298824172e-05,7.802229756091518e-08,1.7320508075688772,1,10.392304845413264,0.16666666666666666,0.757879504227687,1.0,0,,32,38,69,75,45,51,-7.1077812649530205,0.0,0.9998405699403834,True,0,small,0.5530794707693413
BraTS-GLI-03059-100,gmm_2d,prediction_component,17,25,9984.0,2.5060120224403912e-05,7.102621534903521e-08,1.7320508075688772,1,8.660254037844387,0.19999999999999996,0.9548683406603533,1.0,0,,32,37,79,84,57,62,-7.14858132620955,0.0,0.999943732308326,True,0,small,0.5530794707693413
BraTS-GLI-03059-100,gmm_2d,prediction_component,18,133,42240.0,1.5320247332724098e-05,2.6545073171907385e-08,2.23606797749979,1,17.11724276862369,0.13063248606829103,0.7061505877834446,1.7142857142857142,1,,33,43,70,82,83,90,-7.576016073181675,0.6931471805599453,0.997383966674099,True,0,small,0.5530794707693413
BraTS-GLI-03059-100,gmm_2d,prediction_component,19,906,208896.0,9.489274538297293e-06,1.0184000140047986e-08,2.23606797749979,1,45.880278987817846,0.04873701788285794,0.3725104604928234,1.3043478260869565,4,,37,63,111,141,33,56,-7.9920816033820845,1.6094379124341003,0.8283729929886106,True,0,small,0.5530794707693413
BraTS-GLI-03059-100,gmm_2d,prediction_component,20,84,23808.0,2.2866248308697633e-05,5.913467359563009e-08,1.7320508075688772,1,13.30413469565007,0.13018891098082386,0.6375247776221004,1.1428571428571428,0,,37,44,118,126,60,68,-7.2281577960121695,0.0,0.9993170455530944,True,0,small,0.5530794707693413
BraTS-GLI-03059-100,gmm_2d,prediction_component,21,38,13824.0,2.3379381024587062e-05,6.181848980958109e-08,1.7320508075688772,1,9.848857801796104,0.17586311452816475,0.8304795924748166,1.2,0,,38,43,95,101,70,76,-7.2088816087094125,0.0,0.9998420452008846,True,0,small,0.5530794707693413
BraTS-GLI-03059-100,gmm_2d,prediction_component,22,59,18944.0,2.2627912155185472e-05,5.790837013292587e-08,1.7320508075688772,1,11.575836902790225,0.14962640041614492,0.71719869927557,1.1666666666666667,0,,38,44,108,115,56,63,-7.237258658382768,0.0,0.9996062081914523,True,0,small,0.5530794707693413
BraTS-GLI-03059-100,gmm_2d,prediction_component,23,38,12544.0,2.7047649416909622e-05,8.273922157753891e-08,1.7320508075688772,1,9.273618495495704,0.18677184190940707,0.8304795924748166,1.2,0,,39,45,45,50,87,92,-7.082288569326049,0.0,0.9999183504971614,True,0,small,0.5530794707693413
BraTS-GLI-03059-100,gmm_2d,prediction_component,24,25,9984.0,2.5060120224403912e-05,7.102621534903521e-08,1.7320508075688772,1,8.660254037844387,0.19999999999999996,0.9548683406603533,1.0,0,,40,45,95,100,79,84,-7.14858132620955,0.0,0.999943732308326,True,0,small,0.5530794707693413
BraTS-GLI-03059-100,gmm_2d,prediction_component,25,25,9984.0,2.5060120224403912e-05,7.102621534903521e-08,1.7320508075688772,1,8.660254037844387,0.19999999999999996,0.9548683406603533,1.0,0,,40,45,112,117,62,67,-7.14858132620955,0.0,0.999943732308326,True,0,small,0.5530794707693413
BraTS-GLI-03059-100,gmm_2d,prediction_component,26,292,76288.0,1.3857934598015067e-05,2.1719478243384592e-08,2.23606797749979,1,25.317977802344327,0.08831937506844406,0.543317367941098,1.6363636363636365,1,,40,58,136,147,121,135,-7.663150611806056,0.6931471805599453,0.9876057348248456,True,0,small,0.5530794707693413
BraTS-GLI-03059-100,gmm_2d,prediction_component,27,25,9984.0,2.5060120224403912e-05,7.102621534903521e-08,1.7320508075688772,1,8.660254037844387,0.19999999999999996,0.9548683406603533,1.0,0,,45,50,101,106,76,81,-7.14858132620955,0.0,0.999943732308326,True,0,small,0.5530794707693413
BraTS-GLI-03059-100,gmm_2d,prediction_component,28,38,12544.0,2.7047649416909622e-05,8.273922157753891e-08,1.7320508075688772,1,9.273618495495704,0.18677184190940707,0.8304795924748166,1.2,0,,45,50,115,121,121,126,-7.082288569326049,0.0,0.9999183504971614,True,0,small,0.5530794707693413
BraTS-GLI-03059-100,gmm_2d,prediction_component,29,345,94720.0,1.183468113215019e-05,1.584037634029647e-08,2.23606797749979,1,29.068883707497267,0.07692307692307693,0.5139349746328011,2.4,2,,46,56,50,74,54,67,-7.800234504528564,1.0986122886681098,0.9683219990730462,True,0,small,0.5530794707693413
BraTS-GLI-03059-100,gmm_2d,prediction_component,30,50,18688.0,1.95715745391646e-05,4.332154192016719e-08,1.7320508075688772,1,11.74734012447073,0.14744195615489714,0.757879504227687,1.6,0,,47,52,86,94,30,37,-7.3632960941634575,0.0,0.9994244023643076,True,0,small,0.5530794707693413
BraTS-GLI-03059-100,gmm_2d,prediction_component,31,38,12544.0,2.7047649416909622e-05,8.273922157753891e-08,1.7320508075688772,1,9.273618495495704,0.18677184190940707,0.8304795924748166,1.2,0,,47,52,86,92,50,55,-7.082288569326049,0.0,0.9999183504971614,True,0,small,0.5530794707693413
BraTS-GLI-03059-100,gmm_2d,prediction_component,32,25,9984.0,2.5060120224403912e-05,7.102621534903521e-08,1.7320508075688772,1,8.660254037844387,0.19999999999999996,0.9548683406603533,1.0,0,,47,52,89,94,55,60,-7.14858132620955,0.0,0.999943732308326,True,0,small,0.5530794707693413
BraTS-GLI-03059-100,gmm_2d,prediction_component,33,175,46336.0,1.7545277375212323e-05,3.481551712733854e-08,2.23606797749979,1,20.54263858417414,0.10885008604602703,0.644419275595427,2.5714285714285716,2,,47,54,95,113,29,36,-7.458227149709092,1.0986122886681098,0.996522328128616,True,0,small,0.5530794707693413
BraTS-GLI-03059-100,gmm_2d,prediction_component,34,25,9984.0,2.5060120224403912e-05,7.102621534903521e-08,1.7320508075688772,1,8.660254037844387,0.19999999999999996,0.9548683406603533,1.0,0,,48,53,96,101,46,51,-7.14858132620955,0.0,0.999943732308326,True,0,small,0.5530794707693413
BraTS-GLI-03059-100,gmm_2d,prediction_component,35,430,99840.0,1.36304940356438e-05,2.101239554885858e-08,2.8284271247461903,1,25.88435821108957,0.10927167294163061,0.6040669078343285,1.6363636363636365,1,,50,61,114,132,46,61,-7.677524432394452,0.6931471805599453,0.9924247809788798,True,0,small,0.5530794707693413
BraTS-GLI-03059-100,gmm_2d,prediction_component,36,38,12544.0,2.7047649416909622e-05,8.273922157753891e-08,1.7320508075688772,1,9.273618495495704,0.18677184190940707,0.8304795924748166,1.2,0,,51,57,130,135,56,61,-7.082288569326049,0.0,0.9999183504971614,True,0,small,0.5530794707693413
BraTS-GLI-03059-100,gmm_2d,prediction_component,37,81,26624.0,1.8645544135686913e-05,3.931900303261106e-08,2.23606797749979,1,13.92838827718412,0.1605403247669839,0.8330790228848893,1.2857142857142858,1,,52,60,114,123,60,67,-7.4053975026131695,0.6931471805599453,0.9994444341983364,True,0,small,0.5530794707693413
BraTS-GLI-03059-100,gmm_2d,prediction_component,38,25,9984.0,2.5060120224403912e-05,7.102621534903521e-08,1.7320508075688772,1,8.660254037844387,0.19999999999999996,0.9548683406603533,1.0,0,,53,58,127,132,134,139,-7.14858132620955,0.0,0.999943732308326,True,0,small,0.5530794707693413
BraTS-GLI-03059-100,gmm_2d,prediction_component,39,47,14592.0,2.6664020003279646e-05,8.040880842667987e-08,1.7320508075688772,1,9.848857801796104,0.17586311452816475,0.7736731845058752,1.2,0,,54,59,100,106,45,51,-7.094696373620167,0.0,0.9998766147113484,True,0,small,0.5530794707693413
BraTS-GLI-03059-100,gmm_2d,prediction_component,40,154,38144.0,2.067194640047128e-05,4.832981291237652e-08,2.23606797749979,1,16.431676725154983,0.13608276348795434,0.6724721427256285,1.5714285714285714,1,,54,61,118,129,116,126,-7.315784886038023,0.6931471805599453,0.9989961754385972,True,0,small,0.5530794707693413
BraTS-GLI-03059-100,gmm_2d,prediction_component,41,229,45312.0,2.3741908933153442e-05,6.375050701607394e-08,2.8284271247461903,1,17.4928556845359,0.16169041669088866,0.7452397917692037,1.375,1,,55,63,85,96,136,147,-7.1955163568797715,0.6931471805599453,0.999671675661567,True,0,small,0.5530794707693413
BraTS-GLI-03059-100,gmm_2d,prediction_component,42,25,9984.0,2.5060120224403912e-05,7.102621534903521e-08,1.7320508075688772,1,8.660254037844387,0.19999999999999996,0.9548683406603533,1.0,0,,56,61,81,86,150,155,-7.14858132620955,0.0,0.999943732308326,True,0,small,0.5530794707693413
BraTS-GLI-03059-100,gmm_2d,prediction_component,43,25,9984.0,2.5060120224403912e-05,7.102621534903521e-08,1.7320508075688772,1,8.660254037844387,0.19999999999999996,0.9548683406603533,1.0,0,,57,62,73,78,150,155,-7.14858132620955,0.0,0.999943732308326,True,0,small,0.5530794707693413
BraTS-GLI-03059-100,gmm_2d,prediction_component,44,25,9984.0,2.5060120224403912e-05,7.102621534903521e-08,1.7320508075688772,1,8.660254037844387,0.19999999999999996,0.9548683406603533,1.0,0,,57,62,129,134,67,72,-7.14858132620955,0.0,0.999943732308326,True,0,small,0.5530794707693413
BraTS-GLI-03059-100,gmm_2d,prediction_component,45,25,9984.0,2.5060120224403912e-05,7.102621534903521e-08,1.7320508075688772,1,8.660254037844387,0.19999999999999996,0.9548683406603533,1.0,0,,60,65,136,141,97,102,-7.14858132620955,0.0,0.999943732308326,True,0,small,0.5530794707693413
BraTS-GLI-03059-100,gmm_2d,prediction_component,46,1836,305408.0,1.0878075366066149e-05,1.3383093133505941e-08,3.605551275463989,1,68.43975452907469,0.05268211875208104,0.4746538271620534,1.2352941176470589,3,,60,94,106,148,26,68,-7.873443499754706,1.3862943611198906,0.9238024719074156,True,0,small,0.5530794707693413
BraTS-GLI-03059-100,gmm_2d,prediction_component,47,117,30208.0,2.2284500441543598e-05,5.616401919457575e-08,2.23606797749979,1,14.491376746189438,0.1543033499620919,0.7369747096728664,2.2,2,,61,72,43,51,32,37,-7.250541820900181,1.0986122886681098,0.9994501301148023,True,0,small,0.5530794707693413
BraTS-GLI-03059-100,gmm_2d,prediction_component,48,25,9984.0,2.5060120224403912e-05,7.102621534903521e-08,1.7320508075688772,1,8.660254037844387,0.19999999999999996,0.9548683406603533,1.0,0,,62,67,55,60,139,144,-7.14858132620955,0.0,0.999943732308326,True,0,small,0.5530794707693413
BraTS-GLI-03059-100,gmm_2d,prediction_component,49,25,9984.0,2.5060120224403912e-05,7.102621534903521e-08,1.7320508075688772,1,8.660254037844387,0.19999999999999996,0.9548683406603533,1.0,0,,63,68,30,35,43,48,-7.14858132620955,0.0,0.999943732308326,True,0,small,0.5530794707693413
BraTS-GLI-03059-100,gmm_2d,prediction_component,50,47,14592.0,2.6664020003279646e-05,8.040880842667987e-08,1.7320508075688772,1,9.848857801796104,0.17586311452816475,0.7736731845058752,1.2,0,,63,69,93,99,24,29,-7.094696373620167,0.0,0.9998766147113484,True,0,small,0.5530794707693413
BraTS-GLI-03059-100,gmm_2d,prediction_component,51,89,25344.0,2.2058565527854195e-05,5.503093693786429e-08,2.23606797749979,1,14.52583904633395,0.15393726795176982,0.8073302083758999,1.2857142857142858,1,,64,71,34,43,35,44,-7.259393092976952,0.6931471805599453,0.9996089188866834,True,0,small,0.5530794707693413
BraTS-GLI-03059-100,gmm_2d,prediction_component,52,25,9984.0,2.5060120224403912e-05,7.102621534903521e-08,1.7320508075688772,1,8.660254037844387,0.19999999999999996,0.9548683406603533,1.0,0,,66,71,152,157,110,115,-7.14858132620955,0.0,0.999943732308326,True,0,small,0.5530794707693413
BraTS-GLI-03059-100,gmm_2d,prediction_component,53,424,101888.0,1.3037109118446496e-05,1.9222725952197254e-08,2.449489742783178,1,29.46183972531247,0.08314109932105399,0.5255933673809587,1.6666666666666667,2,,68,86,61,81,142,154,-7.716185025509726,1.0986122886681098,0.9797166734572937,True,0,small,0.5530794707693413
BraTS-GLI-03059-100,gmm_2d,prediction_component,54,235,63232.0,1.4779593332816827e-05,2.4704572456990856e-08,2.23606797749979,1,23.958297101421877,0.09333167411831969,0.5841063368604688,2.0,1,,68,81,98,116,23,32,-7.607222657709652,0.6931471805599453,0.9918537054139488,True,0,small,0.5530794707693413
BraTS-GLI-03059-100,gmm_2d,prediction_component,55,56,17152.0,2.4929632418788963e-05,7.02884754210092e-08,1.7320508075688772,1,11.0,0.15745916432444337,0.7297836929246639,1.1666666666666667,0,,68,74,116,122,65,72,-7.153115876564206,0.0,0.9997583406794438,True,0,small,0.5530794707693413
BraTS-GLI-03059-100,gmm_2d,prediction_component,56,25,9984.0,2.5060120224403912e-05,7.102621534903521e-08,1.7320508075688772,1,8.660254037844387,0.19999999999999996,0.9548683406603533,1.0,0,,68,73,132,137,50,55,-7.14858132620955,0.0,0.999943732308326,True,0,small,0.5530794707693413
BraTS-GLI-03059-100,gmm_2d,prediction_component,57,25,9984.0,2.5060120224403912e-05,7.102621534903521e-08,1.7320508075688772,1,8.660254037844387,0.19999999999999996,0.9548683406603533,1.0,0,,69,74,58,63,76,81,-7.14858132620955,0.0,0.999943732308326,True,0,small,0.5530794707693413
BraTS-GLI-03059-100,gmm_2d,prediction_component,58,187,65280.0,1.1211697919818758e-05,1.4216580524981815e-08,1.7320508075688772,1,26.870057685088806,0.064460256389031,0.4882507978214639,3.2857142857142856,0,,69,76,151,163,116,139,-7.847204850702995,0.0,0.9669698342625916,True,0,small,0.5530794707693413
BraTS-GLI-03059-100,gmm_2d,prediction_component,59,268,67840.0,1.5167221708385438e-05,2.601743293598398e-08,2.23606797749979,1,22.360679774997898,0.1,0.5590744011284137,1.6,3,,70,86,37,49,134,144,-7.584735556226973,1.3862943611198906,0.9905437332741097,True,0,small,0.5530794707693413
BraTS-GLI-03059-100,gmm_2d,prediction_component,60,25,9984.0,2.5060120224403912e-05,7.102621534903521e-08,1.7320508075688772,1,8.660254037844387,0.19999999999999996,0.9548683406603533,1.0,0,,70,75,121,126,86,91,-7.14858132620955,0.0,0.999943732308326,True,0,small,0.5530794707693413
BraTS-GLI-03059-100,gmm_2d,prediction_component,61,589,128000.0,1.2861758190892345e-05,1.8709106797760435e-08,2.449489742783178,1,32.17141588429082,0.0761386987626881,0.4710496983638662,2.272727272727273,3,,73,98,42,59,139,150,-7.727946945907981,1.3862943611198906,0.9686039722575505,True,0,small,0.5530794707693413
BraTS-GLI-03059-100,gmm_2d,prediction_component,62,25,9984.0,2.5060120224403912e-05,7.102621534903521e-08,1.7320508075688772,1,8.660254037844387,0.19999999999999996,0.9548683406603533,1.0,0,,75,80,23,28,114,119,-7.14858132620955,0.0,0.999943732308326,True,0,small,0.5530794707693413
BraTS-GLI-03059-100,gmm_2d,prediction_component,63,70,21504.0,2.2198271711831908e-05,5.573021254351084e-08,1.7320508075688772,1,12.206555615733702,0.14189513095212064,0.6774711680063634,1.3333333333333333,0,,75,82,56,62,74,82,-7.253909300631259,0.0,0.9994576007852711,True,0,small,0.5530794707693413
BraTS-GLI-03059-100,gmm_2d,prediction_component,64,25,9984.0,2.5060120224403912e-05,7.102621534903521e-08,1.7320508075688772,1,8.660254037844387,0.19999999999999996,0.9548683406603533,1.0,0,,75,80,90,95,22,27,-7.14858132620955,0.0,0.999943732308326,True,0,small,0.5530794707693413
BraTS-GLI-03059-100,gmm_2d,prediction_component,65,59,19456.0,2.1740607489918187e-05,5.3455909614067176e-08,1.7320508075688772,1,11.661903789690601,0.14852213144650114,0.71719869927557,1.3333333333333333,0,,75,81,101,109,44,50,-7.272004276032213,0.0,0.9995430643234167,True,0,small,0.5530794707693413
BraTS-GLI-03059-100,gmm_2d,prediction_component,66,25,9984.0,2.5060120224403912e-05,7.102621534903521e-08,1.7320508075688772,1,8.660254037844387,0.19999999999999996,0.9548683406603533,1.0,0,,75,80,106,111,148,153,-7.14858132620955,0.0,0.999943732308326,True,0,small,0.5530794707693413
BraTS-GLI-03059-100,gmm_2d,prediction_component,67,295,72448.0,1.5128031311418222e-05,2.588315439306187e-08,2.23606797749979,1,23.93741840717165,0.0934130798678718,0.5414693354048449,1.4545454545454546,1,,75,91,120,134,125,136,-7.5869827970906725,0.6931471805599453,0.9913723201791079,True,0,small,0.5530794707693413
BraTS-GLI-03059-100,gmm_2d,prediction_component,68,38,13824.0,2.3379381024587062e-05,6.181848980958109e-08,1.7320508075688772,1,9.848857801796104,0.17586311452816475,0.8304795924748166,1.2,0,,75,81,163,169,134,139,-7.2088816087094125,0.0,0.9998420452008846,True,0,small,0.5530794707693413
BraTS-GLI-03059-100,gmm_2d,prediction_component,69,25,9984.0,2.5060120224403912e-05,7.102621534903521e-08,1.7320508075688772,1,8.660254037844387,0.19999999999999996,0.9548683406603533,1.0,0,,76,81,21,26,109,114,-7.14858132620955,0.0,0.999943732308326,True,0,small,0.5530794707693413
BraTS-GLI-03059-100,gmm_2d,prediction_component,70,25,9984.0,2.5060120224403912e-05,7.102621534903521e-08,1.7320508075688772,1,8.660254037844387,0.19999999999999996,0.9548683406603533,1.0,0,,76,81,66,71,136,141,-7.14858132620955,0.0,0.999943732308326,True,0,small,0.5530794707693413
BraTS-GLI-03059-100,gmm_2d,prediction_component,71,25,9984.0,2.5060120224403912e-05,7.102621534903521e-08,1.7320508075688772,1,8.660254037844387,0.19999999999999996,0.9548683406603533,1.0,0,,77,82,33,38,130,135,-7.14858132620955,0.0,0.999943732308326,True,0,small,0.5530794707693413
BraTS-GLI-03059-100,gmm_2d,prediction_component,72,25,9984.0,2.5060120224403912e-05,7.102621534903521e-08,1.7320508075688772,1,8.660254037844387,0.19999999999999996,0.9548683406603533,1.0,0,,78,83,94,99,47,52,-7.14858132620955,0.0,0.999943732308326,True,0,small,0.5530794707693413
BraTS-GLI-03059-100,gmm_2d,prediction_component,73,25,9984.0,2.5060120224403912e-05,7.102621534903521e-08,1.7320508075688772,1,8.660254037844387,0.19999999999999996,0.9548683406603533,1.0,0,,79,84,92,97,122,127,-7.14858132620955,0.0,0.999943732308326,True,0,small,0.5530794707693413
BraTS-GLI-03059-100,gmm_2d,prediction_component,74,116,27392.0,2.5587177079370113e-05,7.404523621509113e-08,2.23606797749979,1,13.114877048604,0.1704985848676184,0.7390863966003943,1.6666666666666667,1,,79,89,179,185,91,97,-7.130502877075919,0.6931471805599453,0.9997741716424667,True,0,small,0.5530794707693413
BraTS-GLI-03059-100,gmm_2d,prediction_component,75,46,15616.0,2.357236358908017e-05,6.284324984734695e-08,1.7320508075688772,1,10.488088481701515,0.1651445647689541,0.7792393700163133,1.4,0,,80,85,19,25,104,111,-7.20174136414328,0.0,0.9997827120276648,True,0,small,0.5530794707693413
BraTS-GLI-03059-100,gmm_2d,prediction_component,76,129,37632.0,1.767070026019405e-05,3.5315055562527574e-08,2.23606797749979,1,16.911534525287763,0.13222147133698628,0.7133751362466612,2.1666666666666665,1,,80,93,73,82,136,142,-7.452040106120158,0.6931471805599453,0.9984329137861662,True,0,small,0.5530794707693413
BraTS-GLI-03059-100,gmm_2d,prediction_component,77,25,9984.0,2.5060120224403912e-05,7.102621534903521e-08,1.7320508075688772,1,8.660254037844387,0.19999999999999996,0.9548683406603533,1.0,0,,80,85,182,187,83,88,-7.14858132620955,0.0,0.999943732308326,True,0,small,0.5530794707693413
BraTS-GLI-03059-100,gmm_2d,prediction_component,78,50,17920.0,2.084313283576998e-05,4.91335751404014e-08,1.7320508075688772,1,11.661903789690601,0.14852213144650114,0.757879504227687,1.3333333333333333,0,,81,87,18,24,61,69,-7.308621633844861,0.0,0.9995393408515105,True,0,small,0.5530794707693413
BraTS-GLI-03059-100,gmm_2d,prediction_component,79,76,23552.0,2.1026738000405594e-05,5.000301368135056e-08,1.7320508075688772,1,13.45362404707371,0.12874232262686236,0.6591520893663227,1.5,0,,81,90,74,82,22,28,-7.30100381994921,0.0,0.9991417763269101,True,0,small,0.5530794707693413
BraTS-GLI-03059-100,gmm_2d,prediction_component,80,67,23808.0,1.8238555198604065e-05,3.7621251384748226e-08,1.7320508075688772,1,13.30413469565007,0.13018891098082386,0.6874354055889139,1.1428571428571428,0,,82,90,97,104,39,47,-7.42456676273428,0.0,0.9987854760500702,True,0,small,0.5530794707693413
BraTS-GLI-03059-100,gmm_2d,prediction_component,81,892,225280.0,8.342205773332241e-06,7.87071469241039e-09,2.449489742783178,1,39.26830783214372,0.06237828615518053,0.4101885596261366,1.0454545454545454,3,,83,105,87,110,125,148,-8.103985830172387,1.3862943611198906,0.8313667501085993,True,0,small,0.5530794707693413
BraTS-GLI-03059-100,gmm_2d,prediction_component,82,102,32768.0,1.7195914192444765e-05,3.344282159918451e-08,2.23606797749979,1,16.30950643030009,0.13710212427677046,0.7714618978944139,1.375,1,,84,93,53,61,27,38,-7.475697087893898,0.6931471805599453,0.9986893705669844,True,0,small,0.5530794707693413
BraTS-GLI-03059-100,gmm_2d,prediction_component,83,119,35328.0,1.7921253531244884e-05,3.632362146001873e-08,1.7320508075688772,1,16.55294535724685,0.10463701596227336,0.5676419848966001,1.7142857142857142,0,,84,91,177,186,110,122,-7.439810858892776,0.0,0.9970956594702454,True,0,small,0.5530794707693413
BraTS-GLI-03059-100,gmm_2d,prediction_component,84,92,29440.0,1.821298453594363e-05,3.751583448633361e-08,1.7320508075688772,1,14.352700094407323,0.12067769800636945,0.6184826978494664,1.8333333333333333,0,,85,92,94,100,29,40,-7.4257853888438525,0.0,0.998215044157746,True,0,small,0.5530794707693413
BraTS-GLI-03059-100,gmm_2d,prediction_component,85,38,12544.0,2.7047649416909622e-05,8.273922157753891e-08,1.7320508075688772,1,9.273618495495704,0.18677184190940707,0.8304795924748166,1.2,0,,85,91,96,101,149,154,-7.082288569326049,0.0,0.9999183504971614,True,0,small,0.5530794707693413
BraTS-GLI-03059-100,gmm_2d,prediction_component,86,25,9984.0,2.5060120224403912e-05,7.102621534903521e-08,1.7320508075688772,1,8.660254037844387,0.19999999999999996,0.9548683406603533,1.0,0,,85,90,137,142,33,38,-7.14858132620955,0.0,0.999943732308326,True,0,small,0.5530794707693413
BraTS-GLI-03059-100,gmm_2d,prediction_component,87,147,38144.0,1.973231247317713e-05,4.4036048542062077e-08,2.23606797749979,1,16.55294535724685,0.1350858067395748,0.6829812173957389,1.7142857142857142,1,,86,95,116,123,133,145,-7.356191658214597,0.6931471805599453,0.9988514290931292,True,0,small,0.5530794707693413
BraTS-GLI-03059-100,gmm_2d,prediction_component,88,71,22784.0,2.064492886467794e-05,4.8203564600989754e-08,1.7320508075688772,1,13.45362404707371,0.12874232262686236,0.6742755017744779,1.5,0,,87,96,19,25,64,72,-7.316920844970715,0.0,0.9991317441126121,True,0,small,0.5530794707693413
BraTS-GLI-03059-100,gmm_2d,prediction_component,89,25,9984.0,2.5060120224403912e-05,7.102621534903521e-08,1.7320508075688772,1,8.660254037844387,0.19999999999999996,0.9548683406603533,1.0,0,,87,92,49,54,135,140,-7.14858132620955,0.0,0.999943732308326,True,0,small,0.5530794707693413
BraTS-GLI-03059-100,gmm_2d,prediction_component,90,25,9984.0,2.5060120224403912e-05,7.102621534903521e-08,1.7320508075688772,1,8.660254037844387,0.19999999999999996,0.9548683406603533,1.0,0,,87,92,61,66,145,150,-7.14858132620955,0.0,0.999943732308326,True,0,small,0.5530794707693413
BraTS-GLI-03059-100,gmm_2d,prediction_component,91,25,9984.0,2.5060120224403912e-05,7.102621534903521e-08,1.7320508075688772,1,8.660254037844387,0.19999999999999996,0.9548683406603533,1.0,0,,88,93,24,29,47,52,-7.14858132620955,0.0,0.999943732308326,True,0,small,0.5530794707693413
BraTS-GLI-03059-100,gmm_2d,prediction_component,92,153,38912.0,1.9932698647755406e-05,4.4934982338254044e-08,1.7320508075688772,1,17.05872210923198,0.1015346165133619,0.5220270652200657,1.5714285714285714,0,,88,95,77,88,143,154,-7.3474154246732475,0.0,0.9974939399276388,True,0,small,0.5530794707693413
BraTS-GLI-03059-100,gmm_2d,prediction_component,93,113,37888.0,1.5322369191354595e-05,2.655242668153298e-08,1.7320508075688772,1,16.881943016134134,0.1025978352085154,0.5775159935737552,1.375,0,,88,96,91,101,143,154,-7.57589578169216,0.0,0.9951614777732518,True,0,small,0.5530794707693413
BraTS-GLI-03059-100,gmm_2d,prediction_component,94,25,9984.0,2.5060120224403912e-05,7.102621534903521e-08,1.7320508075688772,1,8.660254037844387,0.19999999999999996,0.9548683406603533,1.0,0,,89,94,87,92,23,28,-7.14858132620955,0.0,0.999943732308326,True,0,small,0.5530794707693413
BraTS-GLI-03059-100,gmm_2d,prediction_component,95,25,9984.0,2.5060120224403912e-05,7.102621534903521e-08,1.7320508075688772,1,8.660254037844387,0.19999999999999996,0.9548683406603533,1.0,0,,89,94,131,136,125,130,-7.14858132620955,0.0,0.999943732308326,True,0,small,0.5530794707693413
BraTS-GLI-03059-100,gmm_2d,prediction_component,96,25,9984.0,2.5060120224403912e-05,7.102621534903521e-08,1.7320508075688772,1,8.660254037844387,0.19999999999999996,0.9548683406603533,1.0,0,,91,96,148,153,144,149,-7.14858132620955,0.0,0.999943732308326,True,0,small,0.5530794707693413
BraTS-GLI-03059-100,gmm_2d,prediction_component,97,25,9984.0,2.5060120224403912e-05,7.102621534903521e-08,1.7320508075688772,1,8.660254037844387,0.19999999999999996,0.9548683406603533,1.0,0,,92,97,77,82,34,39,-7.14858132620955,0.0,0.999943732308326,True,0,small,0.5530794707693413
BraTS-GLI-03059-100,gmm_2d,prediction_component,98,25,9984.0,2.5060120224403912e-05,7.102621534903521e-08,1.7320508075688772,1,8.660254037844387,0.19999999999999996,0.9548683406603533,1.0,0,,92,97,83,88,127,132,-7.14858132620955,0.0,0.999943732308326,True,0,small,0.5530794707693413
BraTS-GLI-03059-100,gmm_2d,prediction_component,99,25,9984.0,2.5060120224403912e-05,7.102621534903521e-08,1.7320508075688772,1,8.660254037844387,0.19999999999999996,0.9548683406603533,1.0,0,,93,98,38,43,79,84,-7.14858132620955,0.0,0.999943732308326,True,0,small,0.5530794707693413
BraTS-GLI-03059-100,gmm_2d,prediction_component,100,44,13824.0,2.7070862238995545e-05,8.288129935688987e-08,1.7320508075688772,1,10.392304845413264,0.16666666666666666,0.7908715233027805,1.0,0,,93,99,82,88,147,153,-7.081543448970658,0.0,0.9998697917142197,True,0,small,0.5530794707693413
BraTS-GLI-03059-100,gmm_2d,prediction_component,101,140,42752.0,1.5837746268417143e-05,2.8368680455766626e-08,2.23606797749979,1,20.024984394500787,0.11166390612088833,0.6941796211340024,2.3333333333333335,1,,94,108,24,30,106,119,-7.547160864560402,0.6931471805599453,0.996627539401909,True,0,small,0.5530794707693413
BraTS-GLI-03059-100,gmm_2d,prediction_component,102,25,9984.0,2.5060120224403912e-05,7.102621534903521e-08,1.7320508075688772,1,8.660254037844387,0.19999999999999996,0.9548683406603533,1.0,0,,95,100,109,114,127,132,-7.14858132620955,0.0,0.999943732308326,True,0,small,0.5530794707693413
BraTS-GLI-03059-100,gmm_2d,prediction_component,103,415,94720.0,1.4235920782151677e-05,2.2920468936841498e-08,2.8284271247461903,1,27.294688127912362,0.10362555203016796,0.6112588560924209,3.6666666666666665,3,,95,117,169,184,90,96,-7.639776501250927,1.3862943611198906,0.9907428886054027,True,0,small,0.5530794707693413
BraTS-GLI-03059-100,gmm_2d,prediction_component,104,25,9984.0,2.5060120224403912e-05,7.102621534903521e-08,1.7320508075688772,1,8.660254037844387,0.19999999999999996,0.9548683406603533,1.0,0,,96,101,28,33,119,124,-7.14858132620955,0.0,0.999943732308326,True,0,small,0.5530794707693413
BraTS-GLI-03059-100,gmm_2d,prediction_component,105,292,71936.0,1.5134337813420343e-05,2.5904738984654233e-08,2.23606797749979,1,28.460498941515414,0.07856742013183862,0.543317367941098,4.6,4,,96,112,82,105,88,93,-7.586620779292531,1.6094379124341003,0.9843425828077604,True,0,small,0.5530794707693413
BraTS-GLI-03059-100,gmm_2d,prediction_component,106,50,15360.0,2.6265349298824172e-05,7.802229756091518e-08,1.7320508075688772,1,10.392304845413264,0.16666666666666666,0.757879504227687,1.0,0,,97,103,38,44,133,139,-7.1077812649530205,0.0,0.9998405699403834,True,0,small,0.5530794707693413
BraTS-GLI-03059-100,gmm_2d,prediction_component,107,25,9984.0,2.5060120224403912e-05,7.102621534903521e-08,1.7320508075688772,1,8.660254037844387,0.19999999999999996,0.9548683406603533,1.0,0,,97,102,90,95,117,122,-7.14858132620955,0.0,0.999943732308326,True,0,small,0.5530794707693413
BraTS-GLI-03059-100,gmm_2d,prediction_component,108,25,9984.0,2.5060120224403912e-05,7.102621534903521e-08,1.7320508075688772,1,8.660254037844387,0.19999999999999996,0.9548683406603533,1.0,0,,98,103,79,84,144,149,-7.14858132620955,0.0,0.999943732308326,True,0,small,0.5530794707693413
BraTS-GLI-03059-100,gmm_2d,prediction_component,109,25,9984.0,2.5060120224403912e-05,7.102621534903521e-08,1.7320508075688772,1,8.660254037844387,0.19999999999999996,0.9548683406603533,1.0,0,,100,105,54,59,138,143,-7.14858132620955,0.0,0.999943732308326,True,0,small,0.5530794707693413
BraTS-GLI-03059-100,gmm_2d,prediction_component,110,25,9984.0,2.5060120224403912e-05,7.102621534903521e-08,1.7320508075688772,1,8.660254037844387,0.19999999999999996,0.9548683406603533,1.0,0,,101,106,22,27,65,70,-7.14858132620955,0.0,0.999943732308326,True,0,small,0.5530794707693413
BraTS-GLI-03059-100,gmm_2d,prediction_component,111,25,9984.0,2.5060120224403912e-05,7.102621534903521e-08,1.7320508075688772,1,8.660254037844387,0.19999999999999996,0.9548683406603533,1.0,0,,104,109,23,28,74,79,-7.14858132620955,0.0,0.999943732308326,True,0,small,0.5530794707693413
BraTS-GLI-03059-100,gmm_2d,prediction_component,112,25,9984.0,2.5060120224403912e-05,7.102621534903521e-08,1.7320508075688772,1,8.660254037844387,0.19999999999999996,0.9548683406603533,1.0,0,,105,110,30,35,118,123,-7.14858132620955,0.0,0.999943732308326,True,0,small,0.5530794707693413
BraTS-GLI-03059-100,gmm_2d,prediction_component,113,47,14592.0,2.6664020003279646e-05,8.040880842667987e-08,1.7320508075688772,1,9.848857801796104,0.17586311452816475,0.7736731845058752,1.2,0,,105,111,79,85,142,147,-7.094696373620167,0.0,0.9998766147113484,True,0,small,0.5530794707693413
BraTS-GLI-03059-100,gmm_2d,prediction_component,114,70,19968.0,2.4808253327236613e-05,6.960569104205451e-08,2.23606797749979,1,11.575836902790225,0.19316685232156397,0.8746115170747777,1.1666666666666667,1,,111,118,26,32,74,81,-7.157355250517055,0.6931471805599453,0.9998896924101429,True,0,small,0.5530794707693413
BraTS-GLI-03059-100,gmm_2d,prediction_component,115,38,12544.0,2.7047649416909622e-05,8.273922157753891e-08,1.7320508075688772,1,9.273618495495704,0.18677184190940707,0.8304795924748166,1.2,0,,112,117,164,170,100,105,-7.082288569326049,0.0,0.9999183504971614,True,0,small,0.5530794707693413
BraTS-GLI-03059-100,gmm_2d,prediction_component,116,25,9984.0,2.5060120224403912e-05,7.102621534903521e-08,1.7320508075688772,1,8.660254037844387,0.19999999999999996,0.9548683406603533,1.0,0,,113,118,41,46,74,79,-7.14858132620955,0.0,0.999943732308326,True,0,small,0.5530794707693413
BraTS-GLI-03059-100,gmm_2d,prediction_component,117,103,25344.0,2.5528452240100925e-05,7.37057454833736e-08,2.23606797749979,1,12.806248474865697,0.17460757394239457,0.768957133841457,1.3333333333333333,1,,114,122,155,163,90,96,-7.132498656856433,0.6931471805599453,0.999807058731657,True,0,small,0.5530794707693413
BraTS-GLI-03059-100,gmm_2d,prediction_component,118,25,9984.0,2.5060120224403912e-05,7.102621534903521e-08,1.7320508075688772,1,8.660254037844387,0.19999999999999996,0.9548683406603533,1.0,0,,116,121,160,165,80,85,-7.14858132620955,0.0,0.999943732308326,True,0,small,0.5530794707693413
BraTS-GLI-03059-100,gmm_2d,prediction_component,119,94,26368.0,2.1953919558613555e-05,5.451004124163538e-08,2.23606797749979,1,14.142135623730951,0.15811388300841897,0.7927542653693875,1.6666666666666667,1,,119,127,151,161,79,85,-7.263523489390247,0.6931471805599453,0.9996127794554337,True,0,small,0.5530794707693413
BraTS-GLI-03059-100,gmm_2d,prediction_component,120,98,32256.0,1.6916492091534386e-05,3.236480491415741e-08,1.7320508075688772,1,16.0312195418814,0.10804236090984295,0.605593872006889,1.8333333333333333,0,,120,126,43,53,119,130,-7.489927006441826,0.0,0.9970697106162284,True,0,small,0.5530794707693413
BraTS-GLI-03059-100,gmm_2d,prediction_component,121,25,9984.0,2.5060120224403912e-05,7.102621534903521e-08,1.7320508075688772,1,8.660254037844387,0.19999999999999996,0.9548683406603533,1.0,0,,120,125,142,147,44,49,-7.14858132620955,0.0,0.999943732308326,True,0,small,0.5530794707693413
BraTS-GLI-03059-100,gmm_2d,prediction_component,122,25,9984.0,2.5060120224403912e-05,7.102621534903521e-08,1.7320508075688772,1,8.660254037844387,0.19999999999999996,0.9548683406603533,1.0,0,,121,126,40,45,113,118,-7.14858132620955,0.0,0.999943732308326,True,0,small,0.5530794707693413
BraTS-GLI-03059-100,gmm_2d,prediction_component,123,72,23296.0,2.024932076428843e-05,4.637386500279305e-08,1.7320508075688772,1,12.806248474865697,0.13525044520011484,0.6711392913128504,1.3333333333333333,0,,121,127,42,50,50,58,-7.333726706574872,0.0,0.9991646450768762,True,0,small,0.5530794707693413
BraTS-GLI-03059-100,gmm_2d,prediction_component,124,191,47872.0,1.8235220093201918e-05,3.76074937854699e-08,2.23606797749979,1,18.788294228055936,0.11901388973144479,0.6258977872513265,1.875,1,,121,129,86,101,109,117,-7.42472560758817,0.6931471805599453,0.997661969594915,True,0,small,0.5530794707693413
BraTS-GLI-03059-100,gmm_2d,prediction_component,125,25,9984.0,2.5060120224403912e-05,7.102621534903521e-08,1.7320508075688772,1,8.660254037844387,0.19999999999999996,0.9548683406603533,1.0,0,,122,127,92,97,90,95,-7.14858132620955,0.0,0.999943732308326,True,0,small,0.5530794707693413
BraTS-GLI-03059-100,gmm_2d,prediction_component,126,63,19200.0,2.3680382134730743e-05,6.342051819914697e-08,1.7320508075688772,1,11.575836902790225,0.14962640041614492,0.7016868116919668,1.1666666666666667,0,,123,130,69,75,97,104,-7.197770213742064,0.0,0.9996431389192605,True,0,small,0.5530794707693413
BraTS-GLI-03059-100,gmm_2d,prediction_component,127,46,15616.0,2.357236358908017e-05,6.284324984734695e-08,1.7320508075688772,1,10.488088481701515,0.1651445647689541,0.7792393700163133,1.4,0,,124,130,37,42,69,76,-7.20174136414328,0.0,0.9997827120276648,True,0,small,0.5530794707693413
BraTS-GLI-03059-100,gmm_2d,prediction_component,128,47,14592.0,2.6664020003279646e-05,8.040880842667987e-08,1.7320508075688772,1,9.848857801796104,0.17586311452816475,0.7736731845058752,1.2,0,,124,130,46,52,69,74,-7.094696373620167,0.0,0.9998766147113484,True,0,small,0.5530794707693413
BraTS-GLI-03059-100,gmm_2d,prediction_component,129,25,9984.0,2.5060120224403912e-05,7.102621534903521e-08,1.7320508075688772,1,8.660254037844387,0.19999999999999996,0.9548683406603533,1.0,0,,124,129,58,63,109,114,-7.14858132620955,0.0,0.999943732308326,True,0,small,0.5530794707693413
BraTS-GLI-03059-100,gmm_2d,prediction_component,130,25,9984.0,2.5060120224403912e-05,7.102621534903521e-08,1.7320508075688772,1,8.660254037844387,0.19999999999999996,0.9548683406603533,1.0,0,,124,129,103,108,79,84,-7.14858132620955,0.0,0.999943732308326,True,0,small,0.5530794707693413
BraTS-GLI-03059-100,gmm_2d,prediction_component,131,334,83712.0,1.379001980342697e-05,2.1507114794693748e-08,2.23606797749979,1,26.28687885618983,0.0850640347883392,0.5195161461904186,2.3333333333333335,2,,124,137,128,149,76,85,-7.667417846831857,1.0986122886681098,0.9832660513993903,True,0,small,0.5530794707693413
BraTS-GLI-03059-100,gmm_2d,prediction_component,132,25,9984.0,2.5060120224403912e-05,7.102621534903521e-08,1.7320508075688772,1,8.660254037844387,0.19999999999999996,0.9548683406603533,1.0,0,,125,130,88,93,103,108,-7.14858132620955,0.0,0.999943732308326,True,0,small,0.5530794707693413
BraTS-GLI-03059-100,gmm_2d,prediction_component,133,76,23040.0,2.1731508804687214e-05,5.341117519547805e-08,1.7320508075688772,1,12.806248474865697,0.13525044520011484,0.6591520893663227,1.3333333333333333,0,,125,133,93,99,36,44,-7.272367866230519,0.0,0.9993100758832684,True,0,small,0.5530794707693413
BraTS-GLI-03059-100,gmm_2d,prediction_component,134,25,9984.0,2.5060120224403912e-05,7.102621534903521e-08,1.7320508075688772,1,8.660254037844387,0.19999999999999996,0.9548683406603533,1.0,0,,125,130,153,158,75,80,-7.14858132620955,0.0,0.999943732308326,True,0,small,0.5530794707693413
BraTS-GLI-03059-100,gmm_2d,prediction_component,135,44,13824.0,2.7070862238995545e-05,8.288129935688987e-08,1.7320508075688772,1,10.392304845413264,0.16666666666666666,0.7908715233027805,1.0,0,,125,131,159,165,99,105,-7.081543448970658,0.0,0.9998697917142197,True,0,small,0.5530794707693413
BraTS-GLI-03059-100,gmm_2d,prediction_component,136,25,9984.0,2.5060120224403912e-05,7.102621534903521e-08,1.7320508075688772,1,8.660254037844387,0.19999999999999996,0.9548683406603533,1.0,0,,126,131,153,158,84,89,-7.14858132620955,0.0,0.999943732308326,True,0,small,0.5530794707693413
BraTS-GLI-03059-100,gmm_2d,prediction_component,137,25,9984.0,2.5060120224403912e-05,7.102621534903521e-08,1.7320508075688772,1,8.660254037844387,0.19999999999999996,0.9548683406603533,1.0,0,,127,132,65,70,110,115,-7.14858132620955,0.0,0.999943732308326,True,0,small,0.5530794707693413
BraTS-GLI-03059-100,gmm_2d,prediction_component,138,25,9984.0,2.5060120224403912e-05,7.102621534903521e-08,1.7320508075688772,1,8.660254037844387,0.19999999999999996,0.9548683406603533,1.0,0,,127,132,66,71,57,62,-7.14858132620955,0.0,0.999943732308326,True,0,small,0.5530794707693413
BraTS-GLI-03059-100,gmm_2d,prediction_component,139,265,73728.0,1.323723242119931e-05,1.981740395766518e-08,2.23606797749979,1,24.535688292770594,0.09113532707206115,0.5611762043576084,1.4166666666666667,1,,127,139,130,147,52,65,-7.702953237878204,0.6931471805599453,0.9870547401076488,True,0,small,0.5530794707693413
BraTS-GLI-03059-100,gmm_2d,prediction_component,140,81,23296.0,2.2780485859824482e-05,5.869192289415995e-08,1.7320508075688772,1,12.727922061357855,0.13608276348795434,0.6453002363415847,1.1428571428571428,0,,127,134,162,170,102,109,-7.231421661680109,0.0,0.9993901593573584,True,0,small,0.5530794707693413
BraTS-GLI-03059-100,gmm_2d,prediction_component,141,25,9984.0,2.5060120224403912e-05,7.102621534903521e-08,1.7320508075688772,1,8.660254037844387,0.19999999999999996,0.9548683406603533,1.0,0,,128,133,67,72,41,46,-7.14858132620955,0.0,0.999943732308326,True,0,small,0.5530794707693413
BraTS-GLI-03059-100,gmm_2d,prediction_component,142,351,88576.0,1.3314750117853249e-05,2.0050186382041536e-08,1.7320508075688772,1,26.94438717061496,0.06428243465332249,0.3958109381208801,1.4615384615384615,0,,128,141,116,135,96,110,-7.697881585920809,0.0,0.9744017193523811,True,0,small,0.5530794707693413
BraTS-GLI-03059-100,gmm_2d,prediction_component,143,44,13824.0,2.7070862238995545e-05,8.288129935688987e-08,1.7320508075688772,1,10.392304845413264,0.16666666666666666,0.7908715233027805,1.0,0,,128,134,126,132,45,51,-7.081543448970658,0.0,0.9998697917142197,True,0,small,0.5530794707693413
BraTS-GLI-03059-100,gmm_2d,prediction_component,144,167,46848.0,1.6469480053766125e-05,3.067694803249771e-08,2.23606797749979,1,19.313207915827967,0.1157792111618723,0.6545493283455707,2.6666666666666665,1,,129,138,68,84,79,85,-7.513187849370249,0.6931471805599453,0.9968611105831211,True,0,small,0.5530794707693413
BraTS-GLI-03059-100,gmm_2d,prediction_component,145,48,18432.0,1.918149905562466e-05,4.1611892032488095e-08,1.7320508075688772,1,11.180339887498949,0.15491933384829665,0.7682627055029695,1.6,0,,129,135,85,93,59,64,-7.380782537016758,0.0,0.9994768016451338,True,0,small,0.5530794707693413
BraTS-GLI-03059-100,gmm_2d,prediction_component,146,51,15104.0,2.7474652658327337e-05,8.537226323330647e-08,2.23606797749979,1,9.9498743710662,0.22473328748774737,0.9719810843490212,1.4,1,,129,134,95,102,77,82,-7.068683205204687,0.6931471805599453,0.9999661025846942,True,0,small,0.5530794707693413
BraTS-GLI-03059-100,gmm_2d,prediction_component,147,175,41728.0,2.0530366113265154e-05,4.767006692983487e-08,2.23606797749979,1,18.708286933869708,0.11952286093343936,0.644419275595427,1.4444444444444444,2,,130,139,41,51,71,84,-7.321754238313412,1.0986122886681098,0.9982576036774122,True,0,small,0.5530794707693413
BraTS-GLI-03059-100,gmm_2d,prediction_component,148,59,17408.0,2.568790548372811e-05,7.462936780844428e-08,1.7320508075688772,1,11.0,0.15745916432444337,0.71719869927557,1.1666666666666667,0,,130,136,63,70,106,112,-7.127090237308548,0.0,0.9997718301685804,True,0,small,0.5530794707693413
BraTS-GLI-03059-100,gmm_2d,prediction_component,149,68,19200.0,2.5559777542249055e-05,7.388674128315838e-08,2.23606797749979,1,12.12435565298214,0.18442777839082938,0.8831034221069598,1.0,1,,130,137,70,77,43,50,-7.131433487236755,0.6931471805599453,0.9998868067307918,True,0,small,0.5530794707693413
BraTS-GLI-03059-100,gmm_2d,prediction_component,150,303,66816.0,1.754372937982878e-05,3.480937394919112e-08,2.449489742783178,1,21.354156504062622,0.11470786693528087,0.5878830682056275,1.6,1,,130,140,76,92,44,54,-7.45830378748436,0.6931471805599453,0.996784519941064,True,0,small,0.5530794707693413
BraTS-GLI-03059-100,gmm_2d,prediction_component,151,50,19968.0,1.772018094802615e-05,3.551310767451761e-08,1.7320508075688772,1,12.884098726725126,0.13443321448446624,0.757879504227687,1.5,0,,130,136,112,121,96,103,-7.449611321873531,0.0,0.999007396941781,True,0,small,0.5530794707693413
BraTS-GLI-03059-100,gmm_2d,prediction_component,152,56,16640.0,2.6089036722489758e-05,7.697832583722892e-08,1.7320508075688772,1,10.488088481701515,0.1651445647689541,0.7297836929246639,1.4,0,,130,137,145,151,84,89,-7.113631538390294,0.0,0.9998171929106071,True,0,small,0.5530794707693413
BraTS-GLI-03059-100,gmm_2d,prediction_component,153,46,16896.0,2.0945077921731866e-05,4.961538140913494e-08,1.7320508075688772,1,11.0,0.15745916432444337,0.7792393700163133,1.1666666666666667,0,,131,137,48,55,62,68,-7.3043836657365855,0.0,0.9996363036072939,True,0,small,0.5530794707693413
BraTS-GLI-03059-100,gmm_2d,prediction_component,154,75,20736.0,2.5117348251028807e-05,7.135098085131704e-08,2.23606797749979,1,12.12435565298214,0.18442777839082938,0.8547270544884518,1.0,1,,131,138,60,67,69,76,-7.146600052326677,0.6931471805599453,0.9998689492520654,True,0,small,0.5530794707693413
BraTS-GLI-03059-100,gmm_2d,prediction_component,155,644,134144.0,1.3107775331213762e-05,1.9431680061728825e-08,2.449489742783178,1,34.45286635390443,0.07109683466164159,0.45723893638670904,2.076923076923077,3,,131,144,81,108,44,61,-7.711489648705683,1.3862943611198906,0.9664525356998166,True,0,small,0.5530794707693413
BraTS-GLI-03059-100,gmm_2d,prediction_component,156,25,9984.0,2.5060120224403912e-05,7.102621534903521e-08,1.7320508075688772,1,8.660254037844387,0.19999999999999996,0.9548683406603533,1.0,0,,131,136,103,108,128,133,-7.14858132620955,0.0,0.999943732308326,True,0,small,0.5530794707693413
BraTS-GLI-03059-100,gmm_2d,prediction_component,157,25,9984.0,2.5060120224403912e-05,7.102621534903521e-08,1.7320508075688772,1,8.660254037844387,0.19999999999999996,0.9548683406603533,1.0,0,,131,136,107,112,47,52,-7.14858132620955,0.0,0.999943732308326,True,0,small,0.5530794707693413
BraTS-GLI-03059-100,gmm_2d,prediction_component,158,69,23808.0,1.8782989682144485e-05,3.9900819301133063e-08,1.7320508075688772,1,13.92838827718412,0.12435400084345173,0.6807282909996718,1.2857142857142858,0,,131,139,111,118,130,139,-7.399018186661422,0.0,0.9987540065409802,True,0,small,0.5530794707693413
BraTS-GLI-03059-100,gmm_2d,prediction_component,159,56,16640.0,2.6089036722489758e-05,7.697832583722892e-08,1.7320508075688772,1,10.488088481701515,0.1651445647689541,0.7297836929246639,1.4,0,,131,137,120,127,58,63,-7.113631538390294,0.0,0.9998171929106071,True,0,small,0.5530794707693413
BraTS-GLI-03059-100,gmm_2d,prediction_component,160,25,9984.0,2.5060120224403912e-05,7.102621534903521e-08,1.7320508075688772,1,8.660254037844387,0.19999999999999996,0.9548683406603533,1.0,0,,131,136,144,149,102,107,-7.14858132620955,0.0,0.999943732308326,True,0,small,0.5530794707693413
BraTS-GLI-03059-100,gmm_2d,prediction_component,161,25,9984.0,2.5060120224403912e-05,7.102621534903521e-08,1.7320508075688772,1,8.660254037844387,0.19999999999999996,0.9548683406603533,1.0,0,,132,137,50,55,73,78,-7.14858132620955,0.0,0.999943732308326,True,0,small,0.5530794707693413
BraTS-GLI-03059-100,gmm_2d,prediction_component,162,227,58880.0,1.5888180139780447e-05,2.854964312450208e-08,2.23606797749979,1,21.61018278497431,0.10347288589592779,0.5908890194787164,1.3636363636363635,3,,132,143,79,94,103,114,-7.544399316140661,1.3862943611198906,0.9930531788710918,True,0,small,0.5530794707693413
BraTS-GLI-03059-100,gmm_2d,prediction_component,163,108,35328.0,1.6264667070373506e-05,2.991870070684687e-08,1.7320508075688772,1,17.233687939614086,0.1005037815259212,0.5862941740078701,2.5,0,,132,138,90,105,110,116,-7.5240572707039375,0.0,0.9959782387987657,True,0,small,0.5530794707693413
BraTS-GLI-03059-100,gmm_2d,prediction_component,164,128,43008.0,1.4351130018795748e-05,2.3292954140634737e-08,1.7320508075688772,1,17.72004514666935,0.09774528186766118,0.5540132784474323,1.7142857142857142,0,,133,140,45,57,105,116,-7.63277542835598,0.0,0.9930097352744204,True,0,small,0.5530794707693413
BraTS-GLI-03059-100,gmm_2d,prediction_component,165,84,28160.0,1.7775847278193747e-05,3.573658050290025e-08,1.7320508075688772,1,14.696938456699069,0.1178511301977579,0.6375247776221004,2.0,0,,133,139,84,96,71,77,-7.446887005825039,0.0,0.9980915987333929,True,0,small,0.5530794707693413
BraTS-GLI-03059-100,gmm_2d,prediction_component,166,38,12544.0,2.7047649416909622e-05,8.273922157753891e-08,1.7320508075688772,1,9.273618495495704,0.18677184190940707,0.8304795924748166,1.2,0,,133,138,95,101,81,86,-7.082288569326049,0.0,0.9999183504971614,True,0,small,0.5530794707693413
BraTS-GLI-03059-100,gmm_2d,prediction_component,167,51,15104.0,2.7474652658327337e-05,8.537226323330647e-08,2.23606797749979,1,9.9498743710662,0.22473328748774737,0.9719810843490212,1.4,1,,133,138,100,107,56,61,-7.068683205204687,0.6931471805599453,0.9999661025846942,True,0,small,0.5530794707693413
BraTS-GLI-03059-100,gmm_2d,prediction_component,168,38,12544.0,2.7047649416909622e-05,8.273922157753891e-08,1.7320508075688772,1,9.273618495495704,0.18677184190940707,0.8304795924748166,1.2,0,,133,138,132,138,103,108,-7.082288569326049,0.0,0.9999183504971614,True,0,small,0.5530794707693413
BraTS-GLI-03059-100,gmm_2d,prediction_component,169,246,64768.0,1.4924313985266174e-05,2.519075175968424e-08,2.23606797749979,1,22.15851980616034,0.1009123351677189,0.5752670547317364,1.8888888888888888,2,,134,143,67,84,99,110,-7.598758871794823,1.0986122886681098,0.9916560864364,True,0,small,0.5530794707693413
BraTS-GLI-03059-100,gmm_2d,prediction_component,170,51,15104.0,2.7474652658327337e-05,8.537226323330647e-08,2.23606797749979,1,9.9498743710662,0.22473328748774737,0.9719810843490212,1.4,1,,134,139,102,109,82,87,-7.068683205204687,0.6931471805599453,0.9999661025846942,True,0,small,0.5530794707693413
BraTS-GLI-03059-100,gmm_2d,prediction_component,171,25,9984.0,2.5060120224403912e-05,7.102621534903521e-08,1.7320508075688772,1,8.660254037844387,0.19999999999999996,0.9548683406603533,1.0,0,,134,139,136,141,83,88,-7.14858132620955,0.0,0.999943732308326,True,0,small,0.5530794707693413
BraTS-GLI-03059-100,gmm_2d,prediction_component,172,25,9984.0,2.5060120224403912e-05,7.102621534903521e-08,1.7320508075688772,1,8.660254037844387,0.19999999999999996,0.9548683406603533,1.0,0,,135,140,141,146,68,73,-7.14858132620955,0.0,0.999943732308326,True,0,small,0.5530794707693413
BraTS-GLI-03059-100,gmm_2d,prediction_component,173,424,84224.0,1.734650803824235e-05,3.403113993793591e-08,2.23606797749979,1,25.019992006393608,0.08937125067539531,0.4797989056494185,2.625,1,,136,144,92,113,100,111,-7.468123503138585,0.6931471805599453,0.9927827128315178,True,0,small,0.5530794707693413
BraTS-GLI-03059-100,gmm_2d,prediction_component,174,25,9984.0,2.5060120224403912e-05,7.102621534903521e-08,1.7320508075688772,1,8.660254037844387,0.19999999999999996,0.9548683406603533,1.0,0,,137,142,50,55,78,83,-7.14858132620955,0.0,0.999943732308326,True,0,small,0.5530794707693413
BraTS-GLI-03059-100,gmm_2d,prediction_component,175,38,13824.0,2.3379381024587062e-05,6.181848980958109e-08,1.7320508075688772,1,9.848857801796104,0.17586311452816475,0.8304795924748166,1.2,0,,137,143,59,64,108,114,-7.2088816087094125,0.0,0.9998420452008846,True,0,small,0.5530794707693413
BraTS-GLI-03059-100,gmm_2d,prediction_component,176,25,9984.0,2.5060120224403912e-05,7.102621534903521e-08,1.7320508075688772,1,8.660254037844387,0.19999999999999996,0.9548683406603533,1.0,0,,137,142,100,105,77,82,-7.14858132620955,0.0,0.999943732308326,True,0,small,0.5530794707693413
BraTS-GLI-03059-100,gmm_2d,prediction_component,177,25,9984.0,2.5060120224403912e-05,7.102621534903521e-08,1.7320508075688772,1,8.660254037844387,0.19999999999999996,0.9548683406603533,1.0,0,,137,142,126,131,73,78,-7.14858132620955,0.0,0.999943732308326,True,0,small,0.5530794707693413
BraTS-GLI-03059-100,gmm_2d,prediction_component,178,25,9984.0,2.5060120224403912e-05,7.102621534903521e-08,1.7320508075688772,1,8.660254037844387,0.19999999999999996,0.9548683406603533,1.0,0,,138,143,61,66,79,84,-7.14858132620955,0.0,0.999943732308326,True,0,small,0.5530794707693413
BraTS-GLI-03059-100,gmm_2d,prediction_component,179,77,20480.0,2.627216099052182e-05,7.80627716277749e-08,2.23606797749979,1,11.661903789690601,0.1917412472118426,0.8472618080879288,1.3333333333333333,1,,139,145,72,80,78,84,-7.107556033104995,0.6931471805599453,0.9998976807563392,True,0,small,0.5530794707693413
BraTS-GLI-03059-100,gmm_2d,prediction_component,180,25,9984.0,2.5060120224403912e-05,7.102621534903521e-08,1.7320508075688772,1,8.660254037844387,0.19999999999999996,0.9548683406603533,1.0,0,,141,146,70,75,113,118,-7.14858132620955,0.0,0.999943732308326,True,0,small,0.5530794707693413
BraTS-GLI-03059-100,gmm_2d,prediction_component,181,120,33024.0,1.999570553973528e-05,4.521950861693903e-08,2.23606797749979,1,15.588457268119896,0.14344382763731173,0.7307813520745375,2.6,1,,141,146,82,95,80,87,-7.344674161276624,0.6931471805599453,0.999180099788548,True,0,small,0.5530794707693413
BraTS-GLI-03059-100,gmm_2d,prediction_component,182,63,22528.0,1.8631876346107425e-05,3.926137994703396e-08,1.7320508075688772,1,13.114877048604,0.13206763594884358,0.7016868116919668,1.6666666666666667,0,,141,147,97,107,81,87,-7.4060344400174705,0.0,0.998950854611946,True,0,small,0.5530794707693413
BraTS-GLI-03059-100,gmm_2d,prediction_component,183,143,35072.0,2.177184524932582e-05,5.360963507846669e-08,2.23606797749979,1,14.798648586948742,0.15109947130387485,0.6892908700439305,1.5714285714285714,1,,141,148,132,143,102,109,-7.270757149013225,0.6931471805599453,0.9993777493319181,True,0,small,0.5530794707693413
BraTS-GLI-03059-100,gmm_2d,prediction_component,184,73,19968.0,2.5871464184118182e-05,7.569974031900172e-08,2.23606797749979,1,11.575836902790225,0.19316685232156397,0.8624625614222922,1.1666666666666667,1,,142,148,78,85,62,69,-7.120905610304657,0.6931471805599453,0.9998999684605047,True,0,small,0.5530794707693413
BraTS-GLI-03059-100,gmm_2d,prediction_component,185,25,9984.0,2.5060120224403912e-05,7.102621534903521e-08,1.7320508075688772,1,8.660254037844387,0.19999999999999996,0.9548683406603533,1.0,0,,143,148,89,94,66,71,-7.14858132620955,0.0,0.999943732308326,True,0,small,0.5530794707693413
BraTS-GLI-03059-100,gmm_2d,prediction_component,186,140,34048.0,2.2283870516142064e-05,5.616084401527146e-08,2.23606797749979,1,15.362291495737216,0.1455556274348955,0.6941796211340024,1.6666666666666667,1,,143,149,112,122,107,117,-7.250566374018909,0.6931471805599453,0.9993752844562338,True,0,small,0.5530794707693413
BraTS-GLI-03059-100,gmm_2d,prediction_component,187,125,27136.0,2.7963483194524346e-05,8.843718447714849e-08,2.449489742783178,1,13.038404810405298,0.1878672873255448,0.789711551362471,1.8,1,,144,149,122,130,99,108,-7.053365092252325,0.6931471805599453,0.9998928754264905,True,0,small,0.5530794707693413
BraTS-GLI-03059-100,gmm_2d,prediction_component,188,25,9984.0,2.5060120224403912e-05,7.102621534903521e-08,1.7320508075688772,1,8.660254037844387,0.19999999999999996,0.9548683406603533,1.0,0,,146,151,83,88,71,76,-7.14858132620955,0.0,0.999943732308326,True,0,small,0.5530794707693413
BraTS-GLI-03059-100,gmm_2d,prediction_component,189,25,9984.0,2.5060120224403912e-05,7.102621534903521e-08,1.7320508075688772,1,8.660254037844387,0.19999999999999996,0.9548683406603533,1.0,0,,146,151,115,120,101,106,-7.14858132620955,0.0,0.999943732308326,True,0,small,0.5530794707693413
BraTS-GLI-03059-100,variational_spline,prediction_component,1,12238,2477568.0,3.138138263095829e-06,1.1137725803914203e-09,3.4641016151377544,2,195.94386951369518,0.017679050759460666,0.24231669847308435,1.25,33,,37,150,17,117,27,152,-8.953203478070684,3.5263605246161616,0.023953876237614764,False,0,small,0.5530794707693413
