case_id,method,source,component_label,volume_vox,surface_area_proxy,compactness_v_over_s15,isoperimetric_quotient,inscribed_radius_vox,inscribed_radius_grid_step,bbox_diag_vox,radius_over_bbox_diag,radius_over_equiv_sphere,elongation_max_over_min,eroded_subcomponents,overlap_gt_vox,z0,z1,y0,y1,x0,x1,log10_isoperimetric,log1p_eroded_subcomponents,shape_score_prob_true_et,accepted_shape,fold,vol_bin,shape_threshold
BraTS-GLI-02793-100,otsu_T1c,prediction_component,1,19983,3068928.0,3.7168979636408087e-06,1.5624770658522684e-09,4.47213595499958,2,207.70652372999746,0.02153103270272345,0.2656588600894094,1.276190476190476,8,,34,153,18,123,23,157,-8.806186348541907,2.1972245773362196,0.07640077450179215,False,4,absent,0.5518172876195343
BraTS-GLI-02793-100,gmm_T1c,prediction_component,1,21010,3218176.0,3.6392455937774428e-06,1.4978733818858896e-09,4.47213595499958,2,208.21383239352758,0.02147857279024176,0.2612577506973108,1.2641509433962264,10,,34,153,18,124,23,157,-8.824524896831738,2.3978952727983707,0.06436280994151997,False,4,absent,0.5518172876195343
BraTS-GLI-02793-100,sustraccion,prediction_component,1,12,6144.0,2.4917498197257264e-05,7.022006780482366e-08,1.4142135623730951,1,6.4031242374328485,0.2208630521496931,0.9957510787676723,1.3333333333333333,0,,15,19,69,72,58,62,-7.153538755513696,0.0,0.999980987329517,True,4,absent,0.5518172876195343
BraTS-GLI-02793-100,sustraccion,prediction_component,2,14,7680.0,2.080109539136373e-05,4.8935585030206e-08,1.4142135623730951,1,7.54983443527075,0.1873171623163388,0.9458781407605124,1.25,0,,15,19,80,84,80,85,-7.310375215276639,0.0,0.9999247197904226,True,4,absent,0.5518172876195343
BraTS-GLI-02793-100,sustraccion,prediction_component,3,21,11520.0,1.6984023266599966e-05,3.262372335347067e-08,1.4142135623730951,1,9.848857801796104,0.14359163172354764,0.8263006657894747,1.2,0,,16,22,76,82,87,92,-7.48646647433232,0.0,0.999510960273699,True,4,absent,0.5518172876195343
BraTS-GLI-02793-100,sustraccion,prediction_component,5,101584,17548544.0,1.381858824608786e-06,2.1596318614395252e-10,5.656854249492381,4,267.6153956707274,0.021138000059056933,0.19543218563040024,1.313868613138686,175,,17,160,16,196,22,159,-9.665620273928477,5.170483995038151,0.0006245289556768337,False,4,absent,0.5518172876195343
BraTS-GLI-02793-100,sustraccion,prediction_component,6,285,65536.0,1.6987323760986328e-05,3.263640408008653e-08,1.7320508075688772,1,22.045407685048602,0.07856742013183861,0.42426956341587063,1.2727272727272727,0,,17,30,86,97,111,125,-7.486297698392656,0.0,0.993634610801639,True,4,absent,0.5518172876195343
BraTS-GLI-02793-100,sustraccion,prediction_component,7,338,111360.0,9.095422273598006e-06,9.356170063604878e-09,2.0,1,35.35533905932738,0.0565685424949238,0.46282907331277773,1.6666666666666667,1,,21,41,72,87,78,103,-8.02890189278273,0.6931471805599453,0.9189796401381402,True,4,absent,0.5518172876195343
BraTS-GLI-02793-100,sustraccion,prediction_component,8,91,28416.0,1.8997522877401243e-05,4.081749289333709e-08,1.7320508075688772,1,15.165750888103101,0.11420804814403214,0.6207399539808366,2.6,0,,21,34,80,85,132,138,-7.389153674191912,0.0,0.9988136211369105,True,4,absent,0.5518172876195343
BraTS-GLI-02793-100,sustraccion,prediction_component,11,47,15872.0,2.3504465288751234e-05,6.24817413772705e-08,1.4142135623730951,1,11.045361017187261,0.12803687993289598,0.6317015099045129,2.25,0,,22,31,78,82,91,96,-7.204246875097454,0.0,0.9995517763699135,True,4,absent,0.5518172876195343
BraTS-GLI-02793-100,sustraccion,prediction_component,13,27,11520.0,2.1836601342771384e-05,5.392901207410457e-08,1.4142135623730951,1,9.486832980505138,0.14907119849998599,0.7599002946021327,1.75,0,,24,29,52,59,125,129,-7.268177535482184,0.0,0.9997521974729654,True,4,absent,0.5518172876195343
BraTS-GLI-02793-100,sustraccion,prediction_component,15,14,6144.0,2.9070414563466808e-05,9.557731451212109e-08,1.4142135623730951,1,6.928203230275509,0.20412414523193154,0.9458781407605124,1.0,0,,24,28,69,73,60,64,-7.019645176252469,0.0,0.9999810679105652,True,4,absent,0.5518172876195343
BraTS-GLI-02793-100,sustraccion,prediction_component,16,32,11520.0,2.5880416406247567e-05,7.5752137673365e-08,1.4142135623730951,1,9.055385138137417,0.15617376188860607,0.7180607827429069,2.6666666666666665,0,,24,32,69,72,93,96,-7.120605107160347,0.0,0.9998547882774382,True,4,absent,0.5518172876195343
BraTS-GLI-02793-100,sustraccion,prediction_component,18,12,6144.0,2.4917498197257264e-05,7.022006780482366e-08,1.4142135623730951,1,6.4031242374328485,0.2208630521496931,0.9957510787676723,1.3333333333333333,0,,25,28,57,61,40,44,-7.153538755513696,0.0,0.999980987329517,True,4,absent,0.5518172876195343
BraTS-GLI-02793-100,sustraccion,prediction_component,19,53,23296.0,1.490575000704565e-05,2.5128122452323625e-08,1.4142135623730951,1,17.11724276862369,0.08261923847720276,0.6069029442833568,1.7142857142857142,0,,25,35,50,62,94,101,-7.599839960235831,0.0,0.9951309832544256,True,4,absent,0.5518172876195343
BraTS-GLI-02793-100,sustraccion,prediction_component,20,58,20224.0,2.016635502797091e-05,4.599463648344446e-08,1.4142135623730951,1,12.206555615733702,0.11585688927269847,0.5889365886474403,1.3333333333333333,0,,26,34,64,70,97,104,-7.337292809219577,0.0,0.9989422984936928,True,4,absent,0.5518172876195343
BraTS-GLI-02793-100,sustraccion,prediction_component,21,19,9216.0,2.147533275462963e-05,5.2159350776834036e-08,1.4142135623730951,1,8.602325267042627,0.1643989873053573,0.8543319874271107,2.3333333333333335,0,,26,33,90,94,77,80,-7.282667822870332,0.0,0.9998573679540922,True,4,absent,0.5518172876195343
BraTS-GLI-02793-100,sustraccion,prediction_component,22,43,16640.0,2.0032653197626065e-05,4.5386774385534526e-08,1.4142135623730951,1,11.532562594670797,0.12262786789699316,0.650711350669285,2.25,0,,27,36,63,69,82,86,-7.343070681243521,0.0,0.9992262964314601,True,4,absent,0.5518172876195343
BraTS-GLI-02793-100,sustraccion,prediction_component,23,38,12800.0,2.6240290708094536e-05,7.7873493435007e-08,1.4142135623730951,1,9.433981132056603,0.1499063377991723,0.6780837477859392,2.6666666666666665,0,,27,35,94,98,88,91,-7.108610342248563,0.0,0.999821167473506,True,4,absent,0.5518172876195343
BraTS-GLI-02793-100,sustraccion,prediction_component,25,12,5376.0,3.04433440619409e-05,1.0481829363285631e-07,1.4142135623730951,1,5.830951894845301,0.24253562503633297,0.9957510787676723,1.3333333333333333,0,,29,32,53,57,120,123,-6.979562914580636,0.0,0.9999933273110511,True,4,absent,0.5518172876195343
BraTS-GLI-02793-100,sustraccion,prediction_component,27,12,5376.0,3.04433440619409e-05,1.0481829363285631e-07,1.4142135623730951,1,5.830951894845301,0.24253562503633297,0.9957510787676723,1.3333333333333333,0,,33,37,45,48,82,85,-6.979562914580636,0.0,0.9999933273110511,True,4,absent,0.5518172876195343
BraTS-GLI-02793-100,sustraccion,prediction_component,28,12,5376.0,3.04433440619409e-05,1.0481829363285631e-07,1.4142135623730951,1,5.830951894845301,0.24253562503633297,0.9957510787676723,1.3333333333333333,0,,33,36,87,90,130,134,-6.979562914580636,0.0,0.9999933273110511,True,4,absent,0.5518172876195343
BraTS-GLI-02793-100,sustraccion,prediction_component,31,339,93440.0,1.1868626241310096e-05,1.5931375740824107e-08,1.7320508075688772,1,38.52272056851645,0.04496179869976354,0.4004272252621719,1.4444444444444444,0,,36,62,125,147,121,139,-7.797746719437387,0.0,0.9606692814757073,True,4,absent,0.5518172876195343
BraTS-GLI-02793-100,sustraccion,prediction_component,32,36,12288.0,2.6428997918226276e-05,7.899757628042662e-08,1.4142135623730951,1,8.774964387392123,0.16116459280507606,0.6904152369103725,1.5,0,,37,41,118,124,119,124,-7.102386233066315,0.0,0.999864552781194,True,4,absent,0.5518172876195343
BraTS-GLI-02793-100,sustraccion,prediction_component,34,35,15360.0,1.838574450917692e-05,3.8230925804848436e-08,1.4142135623730951,1,11.090536506409418,0.12751534261266767,0.6969289728874266,1.4,0,,39,46,91,96,109,116,-7.417585184924508,0.0,0.9992064773335934,True,4,absent,0.5518172876195343
BraTS-GLI-02793-100,sustraccion,prediction_component,35,93,25344.0,2.3049961731353262e-05,6.00886975856064e-08,1.7320508075688772,1,13.45362404707371,0.12874232262686236,0.6162579207174524,1.5,0,,39,47,105,111,83,92,-7.221207209158907,0.0,0.9995047891722444,True,4,absent,0.5518172876195343
BraTS-GLI-02793-100,sustraccion,prediction_component,36,91,29952.0,1.75550734844139e-05,3.485440529216952e-08,1.7320508075688772,1,13.856406460551018,0.125,0.6207399539808366,1.0,0,,40,48,136,144,53,61,-7.457742323070425,0.0,0.998759289248206,True,4,absent,0.5518172876195343
BraTS-GLI-02793-100,sustraccion,prediction_component,37,35,15104.0,1.8855153785126602e-05,4.0208005559707966e-08,1.4142135623730951,1,10.488088481701515,0.13483997249264842,0.6969289728874266,1.4,0,,41,48,114,120,144,149,-7.395687468700009,0.0,0.9993626203020356,True,4,absent,0.5518172876195343
BraTS-GLI-02793-100,sustraccion,prediction_component,38,12,5376.0,3.04433440619409e-05,1.0481829363285631e-07,1.4142135623730951,1,5.830951894845301,0.24253562503633297,0.9957510787676723,1.3333333333333333,0,,42,45,106,110,147,150,-6.979562914580636,0.0,0.9999933273110511,True,4,absent,0.5518172876195343
BraTS-GLI-02793-100,sustraccion,prediction_component,40,85,25344.0,2.1067169324355132e-05,5.019549543947349e-08,1.4142135623730951,1,14.45683229480096,0.0978231976089037,0.5184874224812556,1.125,0,,44,52,115,123,34,43,-7.299335254838192,0.0,0.9983607824457906,True,4,absent,0.5518172876195343
BraTS-GLI-02793-100,sustraccion,prediction_component,41,24,11520.0,1.9410312304685675e-05,4.261057744126781e-08,1.4142135623730951,1,9.486832980505138,0.14907119849998599,0.7903281549671363,1.75,0,,45,49,64,71,50,55,-7.3704825803769465,0.0,0.9996747156889477,True,4,absent,0.5518172876195343
BraTS-GLI-02793-100,sustraccion,prediction_component,42,61,23552.0,1.6876723921378174e-05,3.221281404229664e-08,1.4142135623730951,1,15.652475842498529,0.09035079029052513,0.5791191452117007,1.25,0,,45,54,104,114,45,53,-7.49197133448926,0.0,0.9968847924629991,True,4,absent,0.5518172876195343
BraTS-GLI-02793-100,sustraccion,prediction_component,44,16,6656.0,2.9464563572443515e-05,9.818664009850627e-08,1.4142135623730951,1,6.4031242374328485,0.2208630521496931,0.9046998952817776,1.3333333333333333,0,,47,51,109,112,96,100,-7.007947601074732,0.0,0.9999848741368333,True,4,absent,0.5518172876195343
BraTS-GLI-02793-100,sustraccion,prediction_component,45,93,33792.0,1.4971389311708298e-05,2.5349919293927698e-08,1.4142135623730951,1,17.69180601295413,0.07993607669774316,0.5031724852354296,2.3333333333333335,0,,47,56,142,148,51,65,-7.596023418983807,0.0,0.9928843994829949,True,4,absent,0.5518172876195343
BraTS-GLI-02793-100,sustraccion,prediction_component,46,12,5376.0,3.04433440619409e-05,1.0481829363285631e-07,1.4142135623730951,1,5.830951894845301,0.24253562503633297,0.9957510787676723,1.3333333333333333,0,,49,52,61,65,120,123,-6.979562914580636,0.0,0.9999933273110511,True,4,absent,0.5518172876195343
BraTS-GLI-02793-100,sustraccion,prediction_component,47,129,39680.0,1.6320453223982856e-05,3.012428887668001e-08,2.0,1,19.72308292331602,0.10140402531267877,0.6380621192422834,2.0,1,,49,63,103,115,26,33,-7.521083196386504,0.6931471805599453,0.9967189417861675,True,4,absent,0.5518172876195343
BraTS-GLI-02793-100,sustraccion,prediction_component,51,16,6656.0,2.9464563572443515e-05,9.818664009850627e-08,1.4142135623730951,1,6.4031242374328485,0.2208630521496931,0.9046998952817776,1.3333333333333333,0,,51,54,58,62,114,118,-7.007947601074732,0.0,0.9999848741368333,True,4,absent,0.5518172876195343
BraTS-GLI-02793-100,sustraccion,prediction_component,52,12,5376.0,3.04433440619409e-05,1.0481829363285631e-07,1.4142135623730951,1,5.830951894845301,0.24253562503633297,0.9957510787676723,1.3333333333333333,0,,51,54,84,88,119,122,-6.979562914580636,0.0,0.9999933273110511,True,4,absent,0.5518172876195343
BraTS-GLI-02793-100,sustraccion,prediction_component,53,12,5376.0,3.04433440619409e-05,1.0481829363285631e-07,1.4142135623730951,1,5.830951894845301,0.24253562503633297,0.9957510787676723,1.3333333333333333,0,,52,55,93,97,49,52,-6.979562914580636,0.0,0.9999933273110511,True,4,absent,0.5518172876195343
BraTS-GLI-02793-100,sustraccion,prediction_component,54,12,5376.0,3.04433440619409e-05,1.0481829363285631e-07,1.4142135623730951,1,5.830951894845301,0.24253562503633297,0.9957510787676723,1.3333333333333333,0,,53,56,82,86,116,119,-6.979562914580636,0.0,0.9999933273110511,True,4,absent,0.5518172876195343
BraTS-GLI-02793-100,sustraccion,prediction_component,59,17,6912.0,2.9583075859084555e-05,9.897808063694699e-08,1.4142135623730951,1,6.557438524302,0.21566554640687685,0.8866010210973454,1.6666666666666667,0,,56,59,83,88,65,68,-7.004460972194542,0.0,0.9999824911420518,True,4,absent,0.5518172876195343
BraTS-GLI-02793-100,sustraccion,prediction_component,60,62,24320.0,1.634731132536995e-05,3.022351981525849e-08,1.4142135623730951,1,13.114877048604,0.10783277320343843,0.5759887103099525,1.6666666666666667,0,,56,62,90,100,25,31,-7.519654959344163,0.0,0.9975016997588186,True,4,absent,0.5518172876195343
BraTS-GLI-02793-100,sustraccion,prediction_component,61,30,11264.0,2.509471640107008e-05,7.122245795380311e-08,1.4142135623730951,1,9.848857801796104,0.14359163172354764,0.73367566779705,1.2,0,,56,62,112,118,150,155,-7.147383042493365,0.0,0.9998068607341222,True,4,absent,0.5518172876195343
BraTS-GLI-02793-100,sustraccion,prediction_component,65,14,6912.0,2.4362533060422576e-05,6.712700278491907e-08,1.4142135623730951,1,7.0710678118654755,0.2,0.9458781407605124,1.6666666666666667,0,,58,63,76,79,25,29,-7.1731027435946135,0.0,0.9999641575636908,True,4,absent,0.5518172876195343
BraTS-GLI-02793-100,sustraccion,prediction_component,66,48,18944.0,1.84091488720153e-05,3.832832082340167e-08,1.4142135623730951,1,13.92838827718412,0.10153461651336192,0.6272838722974592,1.2857142857142858,0,,58,67,112,120,117,124,-7.416480206915882,0.0,0.99836834887784,True,4,absent,0.5518172876195343
BraTS-GLI-02793-100,sustraccion,prediction_component,68,19,8448.0,2.446936747720066e-05,6.771702339772293e-08,1.4142135623730951,1,8.12403840463596,0.17407765595569785,0.8543319874271107,1.25,0,,60,65,41,45,126,131,-7.169302140202132,0.0,0.9999215399297229,True,4,absent,0.5518172876195343
BraTS-GLI-02793-100,sustraccion,prediction_component,69,51,20736.0,1.707979681069959e-05,3.2992693545649e-08,1.4142135623730951,1,14.142135623730951,0.1,0.6147348138286294,1.6666666666666667,0,,60,66,34,44,133,141,-7.481582226914204,0.0,0.9977802908163109,True,4,absent,0.5518172876195343
BraTS-GLI-02793-100,sustraccion,prediction_component,71,20,7168.0,3.29558866672387e-05,1.2283393785100348e-07,1.4142135623730951,1,6.4031242374328485,0.2208630521496931,0.8398489863421099,1.3333333333333333,0,,61,65,20,23,110,114,-6.910681625172823,0.0,0.9999868427329357,True,4,absent,0.5518172876195343
BraTS-GLI-02793-100,sustraccion,prediction_component,73,25,9472.0,2.7119237506822293e-05,8.317777956467376e-08,1.4142135623730951,1,7.810249675906654,0.1810714920850371,0.7796467353853097,2.0,0,,62,66,82,88,156,159,-7.079992677331037,0.0,0.9999364540696145,True,4,absent,0.5518172876195343
BraTS-GLI-02793-100,sustraccion,prediction_component,74,12,5376.0,3.04433440619409e-05,1.0481829363285631e-07,1.4142135623730951,1,5.830951894845301,0.24253562503633297,0.9957510787676723,1.3333333333333333,0,,62,66,129,132,32,35,-6.979562914580636,0.0,0.9999933273110511,True,4,absent,0.5518172876195343
BraTS-GLI-02793-100,sustraccion,prediction_component,75,12,6144.0,2.4917498197257264e-05,7.022006780482366e-08,1.4142135623730951,1,6.4031242374328485,0.2208630521496931,0.9957510787676723,1.3333333333333333,0,,63,67,94,98,25,28,-7.153538755513696,0.0,0.999980987329517,True,4,absent,0.5518172876195343
BraTS-GLI-02793-100,sustraccion,prediction_component,77,47,12800.0,3.245509640211693e-05,1.19129187671697e-07,1.4142135623730951,1,8.12403840463596,0.17407765595569785,0.6317015099045129,1.25,0,,64,69,123,128,87,91,-6.923981819610749,0.0,0.9999328383512516,True,4,absent,0.5518172876195343
BraTS-GLI-02793-100,sustraccion,prediction_component,78,19,9216.0,2.147533275462963e-05,5.2159350776834036e-08,1.4142135623730951,1,8.12403840463596,0.17407765595569785,0.8543319874271107,1.25,0,,66,71,32,36,76,81,-7.282667822870332,0.0,0.9998813588969331,True,4,absent,0.5518172876195343
BraTS-GLI-02793-100,sustraccion,prediction_component,79,29,11520.0,2.3454127368161858e-05,6.221440213212887e-08,1.4142135623730951,1,8.774964387392123,0.16116459280507606,0.742013605090188,1.5,0,,66,71,54,60,31,35,-7.206109068002246,0.0,0.999833406862843,True,4,absent,0.5518172876195343
BraTS-GLI-02793-100,sustraccion,prediction_component,80,27,10752.0,2.4217531906717828e-05,6.633032643954189e-08,1.4142135623730951,1,8.602325267042627,0.1643989873053573,0.7599002946021327,2.3333333333333335,0,,66,73,78,82,91,94,-7.178287865349854,0.0,0.9998666285061364,True,4,absent,0.5518172876195343
BraTS-GLI-02793-100,sustraccion,prediction_component,81,19,8448.0,2.446936747720066e-05,6.771702339772293e-08,1.4142135623730951,1,8.12403840463596,0.17407765595569785,0.8543319874271107,1.25,0,,66,70,83,88,135,140,-7.169302140202132,0.0,0.9999215399297229,True,4,absent,0.5518172876195343
BraTS-GLI-02793-100,sustraccion,prediction_component,84,38,16640.0,1.7703274918832335e-05,3.544537707556077e-08,1.4142135623730951,1,11.445523142259598,0.1235604126430431,0.6780837477859392,1.8,0,,67,72,154,163,75,80,-7.450440399169074,0.0,0.9989734512324246,True,4,absent,0.5518172876195343
BraTS-GLI-02793-100,sustraccion,prediction_component,86,38,14336.0,2.2138164395298824e-05,5.5428814455265326e-08,1.4142135623730951,1,10.04987562112089,0.1407195089460584,0.6780837477859392,1.75,0,,69,73,122,128,36,43,-7.256264410259108,0.0,0.9996350614976258,True,4,absent,0.5518172876195343
BraTS-GLI-02793-100,sustraccion,prediction_component,87,29,14592.0,1.645226766159808e-05,3.0612860066472505e-08,1.4142135623730951,1,12.083045973594572,0.11704114719613057,0.742013605090188,2.25,0,,69,78,138,145,113,117,-7.51409609369369,0.0,0.9988147047333484,True,4,absent,0.5518172876195343
BraTS-GLI-02793-100,sustraccion,prediction_component,88,12,5376.0,3.04433440619409e-05,1.0481829363285631e-07,1.4142135623730951,1,5.830951894845301,0.24253562503633297,0.9957510787676723,1.3333333333333333,0,,70,73,45,48,46,50,-6.979562914580636,0.0,0.9999933273110511,True,4,absent,0.5518172876195343
BraTS-GLI-02793-100,sustraccion,prediction_component,89,43,13312.0,2.7996483949731507e-05,8.864604372174712e-08,1.4142135623730951,1,9.273618495495704,0.15249857033260467,0.650711350669285,1.2,0,,70,75,67,72,109,115,-7.052340642219352,0.0,0.9998481660479277,True,4,absent,0.5518172876195343
BraTS-GLI-02793-100,sustraccion,prediction_component,90,12,5376.0,3.04433440619409e-05,1.0481829363285631e-07,1.4142135623730951,1,5.830951894845301,0.24253562503633297,0.9957510787676723,1.3333333333333333,0,,70,74,138,141,85,88,-6.979562914580636,0.0,0.9999933273110511,True,4,absent,0.5518172876195343
BraTS-GLI-02793-100,sustraccion,prediction_component,95,19,8192.0,2.5625283894623568e-05,7.42659506177969e-08,1.4142135623730951,1,7.54983443527075,0.1873171623163388,0.8543319874271107,1.25,0,,73,77,158,163,66,70,-7.1292102555281875,0.0,0.9999473109006307,True,4,absent,0.5518172876195343
BraTS-GLI-02793-100,sustraccion,prediction_component,96,83,27648.0,1.8054377178706017e-05,3.686526803135423e-08,1.4142135623730951,1,16.401219466856727,0.08622612271184536,0.5226189705555763,2.4,0,,74,79,61,71,65,77,-7.433382604182829,0.0,0.996717693619388,True,4,absent,0.5518172876195343
BraTS-GLI-02793-100,sustraccion,prediction_component,97,61,26624.0,1.4041706077492613e-05,2.22993461795985e-08,1.4142135623730951,1,18.193405398660254,0.07773220743364717,0.5791191452117007,3.0,0,,74,83,164,179,121,126,-7.651707870348934,0.0,0.992934845006015,True,4,absent,0.5518172876195343
BraTS-GLI-02793-100,sustraccion,prediction_component,100,45,18688.0,1.761441708524814e-05,3.509044895533542e-08,1.4142135623730951,1,13.379088160259652,0.105703284516338,0.6409247308398612,1.2857142857142858,0,,76,83,56,63,33,42,-7.454811075284808,0.0,0.9983434118236895,True,4,absent,0.5518172876195343
BraTS-GLI-02793-100,sustraccion,prediction_component,104,19,8448.0,2.446936747720066e-05,6.771702339772293e-08,1.4142135623730951,1,8.12403840463596,0.17407765595569785,0.8543319874271107,1.25,0,,77,82,124,129,148,152,-7.169302140202132,0.0,0.9999215399297229,True,4,absent,0.5518172876195343
BraTS-GLI-02793-100,sustraccion,prediction_component,105,2750,530944.0,7.108199655356849e-06,5.714412788312495e-09,3.3166247903554,1,62.465990746965666,0.053094888125447805,0.3816058124561705,1.1470588235294117,6,,77,112,160,194,44,83,-8.243028390972668,1.9459101490553132,0.6627259366840987,True,4,absent,0.5518172876195343
BraTS-GLI-02793-100,sustraccion,prediction_component,106,26,12032.0,1.970001755186824e-05,4.389202315731424e-08,1.4142135623730951,1,9.695359714832659,0.14586499149789456,0.7695203069187393,2.3333333333333335,0,,77,83,173,180,112,115,-7.357614400339644,0.0,0.9996465107335422,True,4,absent,0.5518172876195343
BraTS-GLI-02793-100,sustraccion,prediction_component,108,78,29696.0,1.5242200525544312e-05,2.6275301930658113e-08,1.4142135623730951,1,20.346989949375804,0.06950480468569159,0.5335555806438685,2.0,0,,78,85,30,44,41,54,-7.580452284773922,0.0,0.9925902914288756,True,4,absent,0.5518172876195343
BraTS-GLI-02793-100,sustraccion,prediction_component,109,12,5376.0,3.04433440619409e-05,1.0481829363285631e-07,1.4142135623730951,1,5.830951894845301,0.24253562503633297,0.9957510787676723,1.3333333333333333,0,,78,81,178,182,107,110,-6.979562914580636,0.0,0.9999933273110511,True,4,absent,0.5518172876195343
BraTS-GLI-02793-100,sustraccion,prediction_component,110,17,6912.0,2.9583075859084555e-05,9.897808063694699e-08,1.4142135623730951,1,6.557438524302,0.21566554640687685,0.8866010210973454,1.6666666666666667,0,,79,84,21,24,66,69,-7.004460972194542,0.0,0.9999824911420518,True,4,absent,0.5518172876195343
BraTS-GLI-02793-100,sustraccion,prediction_component,112,142,51712.0,1.2075394897666576e-05,1.649130629456593e-08,1.4142135623730951,1,21.354156504062622,0.06622661785325219,0.4369667780755985,1.75,0,,80,94,117,131,124,132,-7.782744942047886,0.0,0.9776076092104219,True,4,absent,0.5518172876195343
BraTS-GLI-02793-100,sustraccion,prediction_component,115,19,9984.0,1.9045691370546972e-05,4.102474198560274e-08,1.4142135623730951,1,9.0,0.15713484026367724,0.8543319874271107,2.0,0,,81,87,67,70,33,39,-7.386954141647967,0.0,0.9997604305680988,True,4,absent,0.5518172876195343
BraTS-GLI-02793-100,sustraccion,prediction_component,116,22,8960.0,2.5939444202047104e-05,7.609808117745368e-08,1.4142135623730951,1,8.12403840463596,0.17407765595569785,0.8135863258112027,1.25,0,,81,85,125,130,134,139,-7.118626293880542,0.0,0.9999253315044389,True,4,absent,0.5518172876195343
BraTS-GLI-02793-100,sustraccion,prediction_component,118,12,5376.0,3.04433440619409e-05,1.0481829363285631e-07,1.4142135623730951,1,5.830951894845301,0.24253562503633297,0.9957510787676723,1.3333333333333333,0,,82,86,17,20,79,82,-6.979562914580636,0.0,0.9999933273110511,True,4,absent,0.5518172876195343
BraTS-GLI-02793-100,sustraccion,prediction_component,119,347,105472.0,1.0130332562285776e-05,1.1606460000042571e-08,2.0,1,35.566838487557476,0.05623215571155333,0.4587925676860025,2.3076923076923075,1,,82,96,28,58,124,137,-7.935300220991784,0.6931471805599453,0.9399252401688464,True,4,absent,0.5518172876195343
BraTS-GLI-02793-100,sustraccion,prediction_component,120,14,6912.0,2.4362533060422576e-05,6.712700278491907e-08,1.4142135623730951,1,7.0710678118654755,0.2,0.9458781407605124,1.6666666666666667,0,,82,85,54,59,30,34,-7.1731027435946135,0.0,0.9999641575636908,True,4,absent,0.5518172876195343
BraTS-GLI-02793-100,sustraccion,prediction_component,121,105,38144.0,1.4094508909412235e-05,2.2467371705133714e-08,1.4142135623730951,1,20.322401432901575,0.06958890006392211,0.4832235607731051,1.3,0,,82,95,77,89,131,141,-7.648447729571074,0.0,0.9888368986379305,True,4,absent,0.5518172876195343
BraTS-GLI-02793-100,sustraccion,prediction_component,122,76,24064.0,2.035925415446006e-05,4.6878758460918465e-08,1.4142135623730951,1,13.601470508735444,0.10397504898200727,0.5381954272789695,1.6666666666666667,0,,82,92,97,104,141,147,-7.3290238987116405,0.0,0.9984778695762045,True,4,absent,0.5518172876195343
BraTS-GLI-02793-100,sustraccion,prediction_component,123,19,8448.0,2.446936747720066e-05,6.771702339772293e-08,1.4142135623730951,1,8.12403840463596,0.17407765595569785,0.8543319874271107,1.25,0,,82,87,109,113,138,143,-7.169302140202132,0.0,0.9999215399297229,True,4,absent,0.5518172876195343
BraTS-GLI-02793-100,sustraccion,prediction_component,124,44,13568.0,2.784062137816147e-05,8.766176724365286e-08,1.7320508075688772,1,9.486832980505138,0.18257418583505536,0.7908715233027805,1.75,0,,82,87,124,128,142,149,-7.05718977830412,0.0,0.999945253684209,True,4,absent,0.5518172876195343
BraTS-GLI-02793-100,sustraccion,prediction_component,125,12,5376.0,3.04433440619409e-05,1.0481829363285631e-07,1.4142135623730951,1,5.830951894845301,0.24253562503633297,0.9957510787676723,1.3333333333333333,0,,82,86,128,131,68,71,-6.979562914580636,0.0,0.9999933273110511,True,4,absent,0.5518172876195343
BraTS-GLI-02793-100,sustraccion,prediction_component,127,16,6656.0,2.9464563572443515e-05,9.818664009850627e-08,1.4142135623730951,1,6.4031242374328485,0.2208630521496931,0.9046998952817776,1.3333333333333333,0,,82,86,145,148,119,123,-7.007947601074732,0.0,0.9999848741368333,True,4,absent,0.5518172876195343
BraTS-GLI-02793-100,sustraccion,prediction_component,128,14,6144.0,2.9070414563466808e-05,9.557731451212109e-08,1.4142135623730951,1,6.928203230275509,0.20412414523193154,0.9458781407605124,1.0,0,,82,86,165,169,132,136,-7.019645176252469,0.0,0.9999810679105652,True,4,absent,0.5518172876195343
BraTS-GLI-02793-100,sustraccion,prediction_component,130,12,5376.0,3.04433440619409e-05,1.0481829363285631e-07,1.4142135623730951,1,5.830951894845301,0.24253562503633297,0.9957510787676723,1.3333333333333333,0,,84,87,54,58,113,116,-6.979562914580636,0.0,0.9999933273110511,True,4,absent,0.5518172876195343
BraTS-GLI-02793-100,sustraccion,prediction_component,131,29,11520.0,2.3454127368161858e-05,6.221440213212887e-08,1.4142135623730951,1,8.774964387392123,0.16116459280507606,0.742013605090188,1.5,0,,84,90,56,61,151,155,-7.206109068002246,0.0,0.999833406862843,True,4,absent,0.5518172876195343
BraTS-GLI-02793-100,sustraccion,prediction_component,132,22,8192.0,2.9671381351669397e-05,9.956986177012105e-08,1.4142135623730951,1,7.54983443527075,0.1873171623163388,0.8135863258112027,1.25,0,,85,90,27,31,51,55,-7.001872095789433,0.0,0.9999620895410657,True,4,absent,0.5518172876195343
BraTS-GLI-02793-100,sustraccion,prediction_component,134,35,13312.0,2.2787835773037272e-05,5.872980181673349e-08,1.4142135623730951,1,10.04987562112089,0.1407195089460584,0.6969289728874266,1.75,0,,85,89,119,126,133,139,-7.2311414646779735,0.0,0.9996872065258338,True,4,absent,0.5518172876195343
BraTS-GLI-02793-100,sustraccion,prediction_component,135,14,7680.0,2.080109539136373e-05,4.8935585030206e-08,1.4142135623730951,1,7.54983443527075,0.1873171623163388,0.9458781407605124,1.25,0,,86,90,79,83,141,146,-7.310375215276639,0.0,0.9999247197904226,True,4,absent,0.5518172876195343
BraTS-GLI-02793-100,sustraccion,prediction_component,136,66,29952.0,1.2732251098585905e-05,1.833423372209762e-08,1.4142135623730951,1,19.72308292331602,0.07170347393820747,0.5641092516587063,1.875,0,,86,96,86,94,125,140,-7.736737236628875,0.0,0.9886903508866765,True,4,absent,0.5518172876195343
BraTS-GLI-02793-100,sustraccion,prediction_component,139,12,5376.0,3.04433440619409e-05,1.0481829363285631e-07,1.4142135623730951,1,5.830951894845301,0.24253562503633297,0.9957510787676723,1.3333333333333333,0,,86,90,163,166,127,130,-6.979562914580636,0.0,0.9999933273110511,True,4,absent,0.5518172876195343
BraTS-GLI-02793-100,sustraccion,prediction_component,140,36,14848.0,1.9897593880278538e-05,4.4776845893665894e-08,1.4142135623730951,1,11.661903789690601,0.12126781251816648,0.6904152369103725,1.3333333333333333,0,,87,93,22,28,61,69,-7.348946501628365,0.0,0.9992889798743199,True,4,absent,0.5518172876195343
BraTS-GLI-02793-100,sustraccion,prediction_component,142,12,6144.0,2.4917498197257264e-05,7.022006780482366e-08,1.4142135623730951,1,6.4031242374328485,0.2208630521496931,0.9957510787676723,1.3333333333333333,0,,87,90,40,44,139,143,-7.153538755513696,0.0,0.999980987329517,True,4,absent,0.5518172876195343
BraTS-GLI-02793-100,sustraccion,prediction_component,144,58,20224.0,2.016635502797091e-05,4.599463648344446e-08,1.4142135623730951,1,12.884098726725126,0.10976425998969035,0.5889365886474403,1.5,0,,87,93,148,155,118,127,-7.337292809219577,0.0,0.9988124249118049,True,4,absent,0.5518172876195343
BraTS-GLI-02793-100,sustraccion,prediction_component,146,76,28416.0,1.5866063062444996e-05,2.847021361573663e-08,1.4142135623730951,1,16.881943016134134,0.0837707816583391,0.5381954272789695,1.375,0,,88,98,81,89,50,61,-7.545609274272517,0.0,0.9950898602963079,True,4,absent,0.5518172876195343
BraTS-GLI-02793-100,sustraccion,prediction_component,147,12,6144.0,2.4917498197257264e-05,7.022006780482366e-08,1.4142135623730951,1,6.4031242374328485,0.2208630521496931,0.9957510787676723,1.3333333333333333,0,,88,91,105,109,50,54,-7.153538755513696,0.0,0.999980987329517,True,4,absent,0.5518172876195343
BraTS-GLI-02793-100,sustraccion,prediction_component,148,12,5376.0,3.04433440619409e-05,1.0481829363285631e-07,1.4142135623730951,1,5.830951894845301,0.24253562503633297,0.9957510787676723,1.3333333333333333,0,,88,92,120,123,150,153,-6.979562914580636,0.0,0.9999933273110511,True,4,absent,0.5518172876195343
BraTS-GLI-02793-100,sustraccion,prediction_component,149,24,9472.0,2.6034468006549403e-05,7.665664164680334e-08,1.4142135623730951,1,8.660254037844387,0.1632993161855452,0.7903281549671363,1.0,0,,89,94,41,46,38,43,-7.1154502112519005,0.0,0.9999021131427049,True,4,absent,0.5518172876195343
BraTS-GLI-02793-100,sustraccion,prediction_component,151,67,28672.0,1.3800277541906205e-05,2.1539122930201353e-08,1.4142135623730951,1,14.594519519326424,0.09690031662230185,0.5612886582720128,1.4285714285714286,0,,89,97,129,136,126,136,-7.666771985083019,0.0,0.9944923478788247,True,4,absent,0.5518172876195343
BraTS-GLI-02793-100,sustraccion,prediction_component,153,34,12544.0,2.4200528425655977e-05,6.62372161659522e-08,1.4142135623730951,1,9.38083151964686,0.15075567228888181,0.7036956967830031,1.5,0,,90,96,59,65,133,137,-7.178897928475158,0.0,0.999791153791783,True,4,absent,0.5518172876195343
BraTS-GLI-02793-100,sustraccion,prediction_component,158,21,8192.0,2.8322682199320788e-05,9.072377900955245e-08,1.4142135623730951,1,7.0710678118654755,0.2,0.8263006657894747,1.6666666666666667,0,,90,93,138,142,135,140,-7.042278867966007,0.0,0.9999669161150714,True,4,absent,0.5518172876195343
BraTS-GLI-02793-100,sustraccion,prediction_component,159,12,5376.0,3.04433440619409e-05,1.0481829363285631e-07,1.4142135623730951,1,5.830951894845301,0.24253562503633297,0.9957510787676723,1.3333333333333333,0,,90,94,160,163,138,141,-6.979562914580636,0.0,0.9999933273110511,True,4,absent,0.5518172876195343
BraTS-GLI-02793-100,sustraccion,prediction_component,160,76,27648.0,1.6531718862429606e-05,3.090924490479054e-08,1.4142135623730951,1,16.76305461424021,0.08436490812191956,0.5381954272789695,2.3333333333333335,0,,91,105,45,52,143,149,-7.509911604373394,0.0,0.9957350925154949,True,4,absent,0.5518172876195343
BraTS-GLI-02793-100,sustraccion,prediction_component,161,19,9984.0,1.9045691370546972e-05,4.102474198560274e-08,1.4142135623730951,1,8.774964387392123,0.16116459280507606,0.8543319874271107,1.5,0,,91,96,62,66,39,45,-7.386954141647967,0.0,0.9997781119338749,True,4,absent,0.5518172876195343
BraTS-GLI-02793-100,sustraccion,prediction_component,163,28,12032.0,2.1215403517396566e-05,5.0904358217950245e-08,1.4142135623730951,1,10.246950765959598,0.13801311186847084,0.7507439778384809,2.0,0,,91,99,157,161,91,96,-7.2932450335968415,0.0,0.9996545559903044,True,4,absent,0.5518172876195343
BraTS-GLI-02793-100,sustraccion,prediction_component,164,17,7168.0,2.8012503667152895e-05,8.874752009735003e-08,1.4142135623730951,1,6.928203230275509,0.20412414523193154,0.8866010210973454,1.0,0,,92,96,35,39,44,48,-7.051843773744237,0.0,0.9999740755427181,True,4,absent,0.5518172876195343
BraTS-GLI-02793-100,sustraccion,prediction_component,165,22,10752.0,1.9732803775844155e-05,4.403824142213755e-08,1.4142135623730951,1,9.0,0.15713484026367724,0.8135863258112027,2.0,0,,92,95,144,150,95,101,-7.3561700320234165,0.0,0.9997548509083757,True,4,absent,0.5518172876195343
BraTS-GLI-02793-100,sustraccion,prediction_component,166,17,6912.0,2.9583075859084555e-05,9.897808063694699e-08,1.4142135623730951,1,6.557438524302,0.21566554640687685,0.8866010210973454,1.6666666666666667,0,,93,98,33,36,48,51,-7.004460972194542,0.0,0.9999824911420518,True,4,absent,0.5518172876195343
BraTS-GLI-02793-100,sustraccion,prediction_component,167,159,50432.0,1.403905376060541e-05,2.229092279483025e-08,1.4142135623730951,1,26.795522013948524,0.05277798139692596,0.4208029988554605,1.3846153846153846,0,,93,106,30,45,126,144,-7.651871952318003,0.0,0.9810010271867662,True,4,absent,0.5518172876195343
BraTS-GLI-02793-100,sustraccion,prediction_component,168,12,5376.0,3.04433440619409e-05,1.0481829363285631e-07,1.4142135623730951,1,5.830951894845301,0.24253562503633297,0.9957510787676723,1.3333333333333333,0,,93,97,102,105,125,128,-6.979562914580636,0.0,0.9999933273110511,True,4,absent,0.5518172876195343
BraTS-GLI-02793-100,sustraccion,prediction_component,169,33,14592.0,1.872154595974954e-05,3.964019573411244e-08,1.4142135623730951,1,12.206555615733702,0.11585688927269847,0.7107331206052484,1.3333333333333333,0,,93,99,128,136,49,56,-7.401864209735827,0.0,0.9991065856407624,True,4,absent,0.5518172876195343
BraTS-GLI-02793-100,sustraccion,prediction_component,170,35,13568.0,2.2145948823537533e-05,5.5467802104067534e-08,1.4142135623730951,1,9.9498743710662,0.1421338109037403,0.6969289728874266,1.4,0,,93,98,147,154,115,120,-7.2559590425759435,0.0,0.9996666672198246,True,4,absent,0.5518172876195343
BraTS-GLI-02793-100,sustraccion,prediction_component,172,12,6144.0,2.4917498197257264e-05,7.022006780482366e-08,1.4142135623730951,1,6.4031242374328485,0.2208630521496931,0.9957510787676723,1.3333333333333333,0,,94,98,127,130,57,61,-7.153538755513696,0.0,0.999980987329517,True,4,absent,0.5518172876195343
BraTS-GLI-02793-100,sustraccion,prediction_component,174,32,12032.0,2.424617544845322e-05,6.648732501936358e-08,1.4142135623730951,1,9.273618495495704,0.15249857033260467,0.7180607827429069,1.2,0,,96,102,28,33,55,60,-7.177261139641468,0.0,0.999808523343484,True,4,absent,0.5518172876195343
BraTS-GLI-02793-100,sustraccion,prediction_component,175,12,5376.0,3.04433440619409e-05,1.0481829363285631e-07,1.4142135623730951,1,5.830951894845301,0.24253562503633297,0.9957510787676723,1.3333333333333333,0,,97,101,61,64,30,33,-6.979562914580636,0.0,0.9999933273110511,True,4,absent,0.5518172876195343
BraTS-GLI-02793-100,sustraccion,prediction_component,179,21,9984.0,2.1050500988499285e-05,5.011609755027925e-08,1.4142135623730951,1,9.273618495495704,0.15249857033260467,0.8263006657894747,1.2,0,,98,104,95,100,31,36,-7.300022754085787,0.0,0.9997908436964995,True,4,absent,0.5518172876195343
BraTS-GLI-02793-100,sustraccion,prediction_component,180,131,34304.0,2.0618361515996343e-05,4.807958094307793e-08,2.23606797749979,1,16.401219466856727,0.13633547078730296,0.7097260947541109,2.4,1,,98,110,146,156,38,43,-7.318039326257022,0.6931471805599453,0.9993640633635987,True,4,absent,0.5518172876195343
BraTS-GLI-02793-100,sustraccion,prediction_component,181,12,5376.0,3.04433440619409e-05,1.0481829363285631e-07,1.4142135623730951,1,5.830951894845301,0.24253562503633297,0.9957510787676723,1.3333333333333333,0,,99,103,53,56,33,36,-6.979562914580636,0.0,0.9999933273110511,True,4,absent,0.5518172876195343
BraTS-GLI-02793-100,sustraccion,prediction_component,182,12,5376.0,3.04433440619409e-05,1.0481829363285631e-07,1.4142135623730951,1,5.830951894845301,0.24253562503633297,0.9957510787676723,1.3333333333333333,0,,99,103,119,122,28,31,-6.979562914580636,0.0,0.9999933273110511,True,4,absent,0.5518172876195343
BraTS-GLI-02793-100,sustraccion,prediction_component,183,48,22272.0,1.4441170997276332e-05,2.358615750777463e-08,1.4142135623730951,1,15.132745950421556,0.09345386270319955,0.6272838722974592,2.0,0,,100,112,35,42,45,51,-7.627342805578809,0.0,0.9959035576703166,True,4,absent,0.5518172876195343
BraTS-GLI-02793-100,sustraccion,prediction_component,184,14,6912.0,2.4362533060422576e-05,6.712700278491907e-08,1.4142135623730951,1,7.0710678118654755,0.2,0.9458781407605124,1.6666666666666667,0,,100,103,43,48,52,56,-7.1731027435946135,0.0,0.9999641575636908,True,4,absent,0.5518172876195343
BraTS-GLI-02793-100,sustraccion,prediction_component,185,12,5376.0,3.04433440619409e-05,1.0481829363285631e-07,1.4142135623730951,1,5.830951894845301,0.24253562503633297,0.9957510787676723,1.3333333333333333,0,,100,103,86,90,151,154,-6.979562914580636,0.0,0.9999933273110511,True,4,absent,0.5518172876195343
BraTS-GLI-02793-100,sustraccion,prediction_component,186,12,5376.0,3.04433440619409e-05,1.0481829363285631e-07,1.4142135623730951,1,5.830951894845301,0.24253562503633297,0.9957510787676723,1.3333333333333333,0,,100,104,88,91,26,29,-6.979562914580636,0.0,0.9999933273110511,True,4,absent,0.5518172876195343
BraTS-GLI-02793-100,sustraccion,prediction_component,187,127,40704.0,1.5464934555910398e-05,2.7048833866561007e-08,1.7320508075688772,1,20.248456731316587,0.08553989227683015,0.5554635816050737,3.75,0,,100,115,88,101,26,30,-7.567851453523568,0.0,0.9951379031223043,True,4,absent,0.5518172876195343
BraTS-GLI-02793-100,sustraccion,prediction_component,193,33,13568.0,2.0880466033621104e-05,4.930974407455473e-08,1.4142135623730951,1,10.04987562112089,0.1407195089460584,0.7107331206052484,1.75,0,,102,109,68,74,27,31,-7.30706725152072,0.0,0.9996059064066197,True,4,absent,0.5518172876195343
BraTS-GLI-02793-100,sustraccion,prediction_component,194,286,70912.0,1.5145598213636918e-05,2.5943301126981167e-08,2.23606797749979,1,27.202941017470888,0.08219949365267865,0.5470905261099054,1.6666666666666667,1,,102,114,88,108,32,46,-7.5859747634093875,0.6931471805599453,0.9919337517617834,True,4,absent,0.5518172876195343
BraTS-GLI-02793-100,sustraccion,prediction_component,198,144,40704.0,1.7535043905914153e-05,3.477491593136642e-08,1.7320508075688772,1,23.853720883753127,0.07261134713572441,0.5326836085236053,1.3333333333333333,0,,104,120,163,175,125,138,-7.458733911244983,0.0,0.9954937487839405,True,4,absent,0.5518172876195343
BraTS-GLI-02793-100,sustraccion,prediction_component,199,14,7680.0,2.080109539136373e-05,4.8935585030206e-08,1.4142135623730951,1,7.54983443527075,0.1873171623163388,0.9458781407605124,1.25,0,,105,109,68,72,131,136,-7.310375215276639,0.0,0.9999247197904226,True,4,absent,0.5518172876195343
BraTS-GLI-02793-100,sustraccion,prediction_component,200,17,6912.0,2.9583075859084555e-05,9.897808063694699e-08,1.4142135623730951,1,6.557438524302,0.21566554640687685,0.8866010210973454,1.6666666666666667,0,,105,110,89,92,154,157,-7.004460972194542,0.0,0.9999824911420518,True,4,absent,0.5518172876195343
BraTS-GLI-02793-100,sustraccion,prediction_component,201,40,14336.0,2.3303330942419817e-05,6.141696892550174e-08,1.7320508075688772,1,9.695359714832659,0.17864740025262407,0.8164009473861472,2.3333333333333335,0,,105,111,188,191,64,71,-7.211711620836804,0.0,0.999904769832318,True,4,absent,0.5518172876195343
BraTS-GLI-02793-100,sustraccion,prediction_component,203,21,10752.0,1.883585814966942e-05,4.012575303132781e-08,1.4142135623730951,1,9.695359714832659,0.14586499149789456,0.8263006657894747,2.3333333333333335,0,,106,113,73,79,154,157,-7.396576804199991,0.0,0.9996625495948057,True,4,absent,0.5518172876195343
BraTS-GLI-02793-100,sustraccion,prediction_component,205,41,16640.0,1.910090188610857e-05,4.126293550139726e-08,1.4142135623730951,1,10.488088481701515,0.13483997249264842,0.6611244956113513,1.4,0,,106,111,116,122,30,37,-7.3844398789632235,0.0,0.9993110283530923,True,4,absent,0.5518172876195343
BraTS-GLI-02793-100,sustraccion,prediction_component,209,21,9216.0,2.3735894097222223e-05,6.371820967474739e-08,1.4142135623730951,1,8.774964387392123,0.16116459280507606,0.8263006657894747,1.5,0,,107,111,132,137,136,142,-7.1957364353081505,0.0,0.9998787542538436,True,4,absent,0.5518172876195343
BraTS-GLI-02793-100,sustraccion,prediction_component,210,12,6144.0,2.4917498197257264e-05,7.022006780482366e-08,1.4142135623730951,1,6.4031242374328485,0.2208630521496931,0.9957510787676723,1.3333333333333333,0,,108,111,42,46,41,45,-7.153538755513696,0.0,0.999980987329517,True,4,absent,0.5518172876195343
BraTS-GLI-02793-100,sustraccion,prediction_component,212,77,30720.0,1.4300753081562564e-05,2.3129710111933302e-08,1.4142135623730951,1,15.427248620541512,0.09166984970282113,0.5358554176060653,1.8333333333333333,0,,109,120,66,75,150,156,-7.635829810272038,0.0,0.9940886999238296,True,4,absent,0.5518172876195343
BraTS-GLI-02793-100,sustraccion,prediction_component,216,35,14592.0,1.985618510882527e-05,4.4590670132495626e-08,1.4142135623730951,1,10.770329614269007,0.13130643285972257,0.6969289728874266,2.0,0,,111,115,65,73,77,83,-7.35075600079105,0.0,0.9994213134854252,True,4,absent,0.5518172876195343
BraTS-GLI-02793-100,sustraccion,prediction_component,218,12,5376.0,3.04433440619409e-05,1.0481829363285631e-07,1.4142135623730951,1,5.830951894845301,0.24253562503633297,0.9957510787676723,1.3333333333333333,0,,111,114,108,112,30,33,-6.979562914580636,0.0,0.9999933273110511,True,4,absent,0.5518172876195343
BraTS-GLI-02793-100,sustraccion,prediction_component,219,12,5376.0,3.04433440619409e-05,1.0481829363285631e-07,1.4142135623730951,1,5.830951894845301,0.24253562503633297,0.9957510787676723,1.3333333333333333,0,,112,116,59,62,148,151,-6.979562914580636,0.0,0.9999933273110511,True,4,absent,0.5518172876195343
BraTS-GLI-02793-100,sustraccion,prediction_component,221,12,5376.0,3.04433440619409e-05,1.0481829363285631e-07,1.4142135623730951,1,5.830951894845301,0.24253562503633297,0.9957510787676723,1.3333333333333333,0,,112,116,101,104,144,147,-6.979562914580636,0.0,0.9999933273110511,True,4,absent,0.5518172876195343
BraTS-GLI-02793-100,sustraccion,prediction_component,223,12,6144.0,2.4917498197257264e-05,7.022006780482366e-08,1.4142135623730951,1,6.4031242374328485,0.2208630521496931,0.9957510787676723,1.3333333333333333,0,,113,117,78,82,106,109,-7.153538755513696,0.0,0.999980987329517,True,4,absent,0.5518172876195343
BraTS-GLI-02793-100,sustraccion,prediction_component,225,14,6912.0,2.4362533060422576e-05,6.712700278491907e-08,1.4142135623730951,1,7.0710678118654755,0.2,0.9458781407605124,1.6666666666666667,0,,113,118,119,123,148,151,-7.1731027435946135,0.0,0.9999641575636908,True,4,absent,0.5518172876195343
BraTS-GLI-02793-100,sustraccion,prediction_component,226,12,5376.0,3.04433440619409e-05,1.0481829363285631e-07,1.4142135623730951,1,5.830951894845301,0.24253562503633297,0.9957510787676723,1.3333333333333333,0,,113,116,130,133,128,132,-6.979562914580636,0.0,0.9999933273110511,True,4,absent,0.5518172876195343
BraTS-GLI-02793-100,sustraccion,prediction_component,228,24,10752.0,2.1526695028193625e-05,5.2409146816428155e-08,1.4142135623730951,1,9.433981132056603,0.1499063377991723,0.7903281549671363,2.6666666666666665,0,,114,122,58,62,52,55,-7.280592910244617,0.0,0.9997693301726827,True,4,absent,0.5518172876195343
BraTS-GLI-02793-100,sustraccion,prediction_component,229,330,107776.0,9.326761002764484e-06,9.838164269546493e-09,1.4142135623730951,1,33.1058907144937,0.042717882885838054,0.3298930916280085,1.7142857142857142,0,,114,132,163,187,60,74,-8.007085930225358,0.0,0.8961347830679848,True,4,absent,0.5518172876195343
BraTS-GLI-02793-100,sustraccion,prediction_component,230,12,5376.0,3.04433440619409e-05,1.0481829363285631e-07,1.4142135623730951,1,5.830951894845301,0.24253562503633297,0.9957510787676723,1.3333333333333333,0,,115,119,64,67,136,139,-6.979562914580636,0.0,0.9999933273110511,True,4,absent,0.5518172876195343
BraTS-GLI-02793-100,sustraccion,prediction_component,231,255,84480.0,1.0385067475557158e-05,1.219750539179206e-08,1.7320508075688772,1,29.29163703175362,0.05913123959890826,0.44029467897821006,1.5384615384615385,0,,115,135,64,81,32,45,-7.9137289812398794,0.0,0.9598666848075228,True,4,absent,0.5518172876195343
BraTS-GLI-02793-100,sustraccion,prediction_component,232,36,14592.0,2.0423504683363135e-05,4.7175108972828026e-08,1.4142135623730951,1,11.045361017187261,0.12803687993289598,0.6904152369103725,2.25,0,,115,124,80,84,28,33,-7.326287087957027,0.0,0.9994244319787793,True,4,absent,0.5518172876195343
BraTS-GLI-02793-100,sustraccion,prediction_component,235,14,6144.0,2.9070414563466808e-05,9.557731451212109e-08,1.4142135623730951,1,6.928203230275509,0.20412414523193154,0.9458781407605124,1.0,0,,115,119,140,144,39,43,-7.019645176252469,0.0,0.9999810679105652,True,4,absent,0.5518172876195343
BraTS-GLI-02793-100,sustraccion,prediction_component,236,12,6144.0,2.4917498197257264e-05,7.022006780482366e-08,1.4142135623730951,1,6.4031242374328485,0.2208630521496931,0.9957510787676723,1.3333333333333333,0,,115,119,182,185,61,65,-7.153538755513696,0.0,0.999980987329517,True,4,absent,0.5518172876195343
BraTS-GLI-02793-100,sustraccion,prediction_component,239,26,11520.0,2.102783833007615e-05,5.000824713593235e-08,1.4142135623730951,1,10.04987562112089,0.1407195089460584,0.7695203069187393,1.75,0,,117,124,30,36,73,77,-7.300958367858523,0.0,0.9996829271966688,True,4,absent,0.5518172876195343
BraTS-GLI-02793-100,sustraccion,prediction_component,240,71,26368.0,1.6582215836825133e-05,3.109836101166636e-08,1.4142135623730951,1,15.033296378372908,0.09407208683835974,0.5505436418021882,1.125,0,,117,125,80,89,146,155,-7.507262499151493,0.0,0.9966266446435588,True,4,absent,0.5518172876195343
BraTS-GLI-02793-100,sustraccion,prediction_component,242,14,6144.0,2.9070414563466808e-05,9.557731451212109e-08,1.4142135623730951,1,6.928203230275509,0.20412414523193154,0.9458781407605124,1.0,0,,118,122,127,131,124,128,-7.019645176252469,0.0,0.9999810679105652,True,4,absent,0.5518172876195343
BraTS-GLI-02793-100,sustraccion,prediction_component,244,36,13312.0,2.343891679512405e-05,6.2133733187336e-08,1.4142135623730951,1,10.04987562112089,0.1407195089460584,0.6904152369103725,1.75,0,,119,125,67,74,107,111,-7.20667255184395,0.0,0.9997076545944535,True,4,absent,0.5518172876195343
BraTS-GLI-02793-100,sustraccion,prediction_component,245,16,6656.0,2.9464563572443515e-05,9.818664009850627e-08,1.4142135623730951,1,6.4031242374328485,0.2208630521496931,0.9046998952817776,1.3333333333333333,0,,119,122,174,178,55,59,-7.007947601074732,0.0,0.9999848741368333,True,4,absent,0.5518172876195343
BraTS-GLI-02793-100,sustraccion,prediction_component,246,19,8448.0,2.446936747720066e-05,6.771702339772293e-08,1.4142135623730951,1,8.12403840463596,0.17407765595569785,0.8543319874271107,1.25,0,,119,124,184,189,75,79,-7.169302140202132,0.0,0.9999215399297229,True,4,absent,0.5518172876195343
BraTS-GLI-02793-100,sustraccion,prediction_component,247,29,10496.0,2.6968839884060452e-05,8.225776460426057e-08,1.4142135623730951,1,9.273618495495704,0.15249857033260467,0.742013605090188,1.2,0,,120,126,70,75,123,128,-7.0848230968354216,0.0,0.999873774903146,True,4,absent,0.5518172876195343
BraTS-GLI-02793-100,sustraccion,prediction_component,248,2223,475648.0,6.776585937912286e-06,5.193669071611025e-09,2.449489742783178,1,66.1362230551458,0.037037037037037035,0.3025464123753522,1.2647058823529411,11,,120,154,74,111,31,74,-8.284525726049015,2.4849066497880004,0.4212212174140441,False,4,absent,0.5518172876195343
BraTS-GLI-02793-100,sustraccion,prediction_component,251,72,25600.0,1.7578125e-05,3.494599982401976e-08,1.4142135623730951,1,14.594519519326424,0.09690031662230185,0.5479829366831995,1.4285714285714286,0,,120,130,147,154,46,54,-7.45660252961159,0.0,0.9973182260033147,True,4,absent,0.5518172876195343
BraTS-GLI-02793-100,sustraccion,prediction_component,257,12,6144.0,2.4917498197257264e-05,7.022006780482366e-08,1.4142135623730951,1,6.4031242374328485,0.2208630521496931,0.9957510787676723,1.3333333333333333,0,,122,125,171,175,57,61,-7.153538755513696,0.0,0.999980987329517,True,4,absent,0.5518172876195343
BraTS-GLI-02793-100,sustraccion,prediction_component,259,81,28672.0,1.6683917625289592e-05,3.148099477501695e-08,1.4142135623730951,1,15.7797338380595,0.08962214298964417,0.5268854366447575,1.375,0,,123,134,106,114,138,146,-7.501951552727373,0.0,0.9961066424326355,True,4,absent,0.5518172876195343
BraTS-GLI-02793-100,sustraccion,prediction_component,261,69,24832.0,1.7633216563864096e-05,3.5165391449732256e-08,1.4142135623730951,1,15.7797338380595,0.08962214298964417,0.5558123221420062,1.375,0,,126,137,95,103,139,147,-7.453884543798352,0.0,0.9970293616694705,True,4,absent,0.5518172876195343
BraTS-GLI-02793-100,sustraccion,prediction_component,262,56,18944.0,2.1477340350684516e-05,5.216910334296338e-08,1.4142135623730951,1,10.488088481701515,0.13483997249264842,0.5958658900897977,1.4,0,,126,133,115,121,37,42,-7.282586627654656,0.0,0.9994097860961219,True,4,absent,0.5518172876195343
BraTS-GLI-02793-100,sustraccion,prediction_component,264,44,14848.0,2.4319281409229326e-05,6.688886855720462e-08,1.4142135623730951,1,10.63014581273465,0.13303802104754786,0.6457438947298227,2.25,0,,127,136,68,72,127,131,-7.174646150190565,0.0,0.9996508168771056,True,4,absent,0.5518172876195343
BraTS-GLI-02793-100,sustraccion,prediction_component,267,17,6912.0,2.9583075859084555e-05,9.897808063694699e-08,1.4142135623730951,1,6.557438524302,0.21566554640687685,0.8866010210973454,1.6666666666666667,0,,127,132,113,116,140,143,-7.004460972194542,0.0,0.9999824911420518,True,4,absent,0.5518172876195343
BraTS-GLI-02793-100,sustraccion,prediction_component,269,47,17152.0,2.0923084351483595e-05,4.9511237948025935e-08,1.4142135623730951,1,10.488088481701515,0.13483997249264842,0.6317015099045129,1.4,0,,129,134,149,155,124,131,-7.305296214705172,0.0,0.9994307445626234,True,4,absent,0.5518172876195343
BraTS-GLI-02793-100,sustraccion,prediction_component,270,12,6144.0,2.4917498197257264e-05,7.022006780482366e-08,1.4142135623730951,1,6.4031242374328485,0.2208630521496931,0.9957510787676723,1.3333333333333333,0,,131,135,62,65,83,87,-7.153538755513696,0.0,0.999980987329517,True,4,absent,0.5518172876195343
BraTS-GLI-02793-100,sustraccion,prediction_component,271,146,36608.0,2.0844373747035357e-05,4.9139425721726136e-08,1.7320508075688772,1,17.46424919657298,0.09917694073609294,0.5302400713750502,2.1666666666666665,0,,131,141,78,84,131,144,-7.308569923300439,0.0,0.9984109113149545,True,4,absent,0.5518172876195343
BraTS-GLI-02793-100,sustraccion,prediction_component,272,14,6912.0,2.4362533060422576e-05,6.712700278491907e-08,1.4142135623730951,1,7.0710678118654755,0.2,0.9458781407605124,1.6666666666666667,0,,131,134,147,152,53,57,-7.1731027435946135,0.0,0.9999641575636908,True,4,absent,0.5518172876195343
BraTS-GLI-02793-100,sustraccion,prediction_component,273,51,21760.0,1.5888461266014856e-05,2.855065345099654e-08,1.4142135623730951,1,12.727922061357855,0.11111111111111112,0.6147348138286294,1.1428571428571428,0,,132,139,76,84,38,45,-7.544383947421133,0.0,0.9977408569557126,True,4,absent,0.5518172876195343
BraTS-GLI-02793-100,sustraccion,prediction_component,275,12,5376.0,3.04433440619409e-05,1.0481829363285631e-07,1.4142135623730951,1,5.830951894845301,0.24253562503633297,0.9957510787676723,1.3333333333333333,0,,134,137,119,123,136,139,-6.979562914580636,0.0,0.9999933273110511,True,4,absent,0.5518172876195343
BraTS-GLI-02793-100,sustraccion,prediction_component,278,51,16384.0,2.4318695068359375e-05,6.688564319836902e-08,1.4142135623730951,1,11.180339887498949,0.12649110640673517,0.6147348138286294,1.6,0,,135,141,71,76,44,52,-7.1746670922299165,0.0,0.9995615857402159,True,4,absent,0.5518172876195343
BraTS-GLI-02793-100,sustraccion,prediction_component,280,40,18176.0,1.6323471310985e-05,3.01354314754811e-08,1.4142135623730951,1,12.727922061357855,0.11111111111111112,0.6665885822069456,1.1428571428571428,0,,135,142,98,106,132,139,-7.520922585975429,0.0,0.9982533637890194,True,4,absent,0.5518172876195343
BraTS-GLI-02793-100,sustraccion,prediction_component,281,12,6144.0,2.4917498197257264e-05,7.022006780482366e-08,1.4142135623730951,1,6.4031242374328485,0.2208630521496931,0.9957510787676723,1.3333333333333333,0,,136,139,50,54,115,119,-7.153538755513696,0.0,0.999980987329517,True,4,absent,0.5518172876195343
BraTS-GLI-02793-100,sustraccion,prediction_component,283,125,42752.0,1.4140844882515307e-05,2.2615338373538446e-08,1.4142135623730951,1,19.697715603592208,0.07179581586177382,0.4559401767612796,1.2,0,,136,148,87,97,128,140,-7.645596909900765,0.0,0.9884070547313278,True,4,absent,0.5518172876195343
BraTS-GLI-02793-100,sustraccion,prediction_component,284,47,16640.0,2.1896155820661046e-05,5.422357199440009e-08,1.4142135623730951,1,11.575836902790225,0.12216944435630524,0.6317015099045129,1.1666666666666667,0,,137,143,65,72,54,61,-7.265811876531259,0.0,0.9993727409883814,True,4,absent,0.5518172876195343
BraTS-GLI-02793-100,sustraccion,prediction_component,285,25,9216.0,2.8257016782407408e-05,9.030358513994814e-08,1.4142135623730951,1,7.54983443527075,0.1873171623163388,0.7796467353853097,1.25,0,,138,142,117,122,133,137,-7.044295007431914,0.0,0.9999504642039752,True,4,absent,0.5518172876195343
BraTS-GLI-02793-100,sustraccion,prediction_component,286,23,10496.0,2.1389079908047943e-05,5.174120984025427e-08,1.4142135623730951,1,8.774964387392123,0.16116459280507606,0.8016200827808712,1.5,0,,139,145,82,87,125,129,-7.2861634205981485,0.0,0.9998169786382713,True,4,absent,0.5518172876195343
BraTS-GLI-02793-100,sustraccion,prediction_component,287,33,14336.0,1.9225248027496348e-05,4.180192447491962e-08,1.4142135623730951,1,10.04987562112089,0.1407195089460584,0.7107331206052484,1.75,0,,140,144,104,111,127,133,-7.3788037237369535,0.0,0.9994880831298791,True,4,absent,0.5518172876195343
BraTS-GLI-02793-100,sustraccion,prediction_component,288,17,7168.0,2.8012503667152895e-05,8.874752009735003e-08,1.4142135623730951,1,6.928203230275509,0.20412414523193154,0.8866010210973454,1.0,0,,142,146,54,58,74,78,-7.051843773744237,0.0,0.9999740755427181,True,4,absent,0.5518172876195343
BraTS-GLI-02793-100,sustraccion,prediction_component,289,91,33280.0,1.4988784509641612e-05,2.5408861457991576e-08,1.4142135623730951,1,20.445048300260872,0.06917144638660747,0.5068320500705872,1.7777777777777777,0,,143,152,70,79,106,122,-7.5950147947524504,0.0,0.9914165851078112,True,4,absent,0.5518172876195343
BraTS-GLI-02793-100,sustraccion,prediction_component,290,17,7680.0,2.5258472975227388e-05,7.215502078433436e-08,1.4142135623730951,1,7.0710678118654755,0.2,0.8866010210973454,1.6666666666666667,0,,145,148,62,66,110,115,-7.141733443876567,0.0,0.9999610775234591,True,4,absent,0.5518172876195343
BraTS-GLI-02793-100,sustraccion,prediction_component,293,40,16896.0,1.821311123628858e-05,3.7516356453032095e-08,1.4142135623730951,1,11.0,0.128564869306645,0.6665885822069456,1.1666666666666667,0,,146,152,126,133,67,73,-7.425779346443809,0.0,0.9991136805912245,True,4,absent,0.5518172876195343
BraTS-GLI-02793-100,sustraccion,prediction_component,295,12,5376.0,3.04433440619409e-05,1.0481829363285631e-07,1.4142135623730951,1,5.830951894845301,0.24253562503633297,0.9957510787676723,1.3333333333333333,0,,150,153,77,81,71,74,-6.979562914580636,0.0,0.9999933273110511,True,4,absent,0.5518172876195343
BraTS-GLI-02793-100,sustraccion,prediction_component,296,97,22016.0,2.969368584419719e-05,9.971961482268265e-08,2.23606797749979,1,11.74734012447073,0.19034674690672027,0.7844958078723004,1.6,1,,150,155,95,103,110,117,-7.001219407672341,0.6931471805599453,0.999944089971363,True,4,absent,0.5518172876195343
BraTS-GLI-02793-100,sustraccion,prediction_component,297,28,11520.0,2.264536435546662e-05,5.7997730406170074e-08,1.4142135623730951,1,9.486832980505138,0.14907119849998599,0.7507439778384809,1.75,0,,151,156,123,127,112,119,-7.23658900111572,0.0,0.9997723454379939,True,4,absent,0.5518172876195343
BraTS-GLI-02793-100,sustraccion,prediction_component,298,17,7680.0,2.5258472975227388e-05,7.215502078433436e-08,1.4142135623730951,1,7.0710678118654755,0.2,0.8866010210973454,1.6666666666666667,0,,152,155,75,79,79,84,-7.141733443876567,0.0,0.9999610775234591,True,4,absent,0.5518172876195343
BraTS-GLI-02793-100,gmm_2d,prediction_component,1,25,9984.0,2.5060120224403912e-05,7.102621534903521e-08,1.7320508075688772,1,8.660254037844387,0.19999999999999996,0.9548683406603533,1.0,0,,14,19,79,84,79,84,-7.14858132620955,0.0,0.99996818860877,True,4,absent,0.5518172876195343
BraTS-GLI-02793-100,gmm_2d,prediction_component,2,25,9984.0,2.5060120224403912e-05,7.102621534903521e-08,1.7320508075688772,1,8.660254037844387,0.19999999999999996,0.9548683406603533,1.0,0,,16,21,75,80,87,92,-7.14858132620955,0.0,0.99996818860877,True,4,absent,0.5518172876195343
BraTS-GLI-02793-100,gmm_2d,prediction_component,3,411,77056.0,1.9214634622582976e-05,4.1755783245710415e-08,2.23606797749979,1,22.045407685048602,0.10143010324169743,0.4848051946820012,1.2727272727272727,1,,16,29,86,97,112,126,-7.379283365503519,0.6931471805599453,0.9967474847478357,True,4,absent,0.5518172876195343
BraTS-GLI-02793-100,gmm_2d,prediction_component,4,116382,15808256.0,1.8516541622764425e-06,3.877681412918985e-10,5.656854249492381,4,245.39967400141344,0.0230515964314598,0.18677091805925217,1.0359712230215827,174,,17,161,16,158,21,160,-9.411427875065186,5.1647859739235145,0.0015937643596986976,False,4,absent,0.5518172876195343
BraTS-GLI-02793-100,gmm_2d,prediction_component,5,25,9984.0,2.5060120224403912e-05,7.102621534903521e-08,1.7320508075688772,1,8.660254037844387,0.19999999999999996,0.9548683406603533,1.0,0,,20,25,81,86,131,136,-7.14858132620955,0.0,0.99996818860877,True,4,absent,0.5518172876195343
BraTS-GLI-02793-100,gmm_2d,prediction_component,6,38,12544.0,2.7047649416909622e-05,8.273922157753891e-08,1.7320508075688772,1,9.273618495495704,0.18677184190940707,0.8304795924748166,1.2,0,,21,27,80,85,79,84,-7.082288569326049,0.0,0.9999514379352742,True,4,absent,0.5518172876195343
BraTS-GLI-02793-100,gmm_2d,prediction_component,7,25,9984.0,2.5060120224403912e-05,7.102621534903521e-08,1.7320508075688772,1,8.660254037844387,0.19999999999999996,0.9548683406603533,1.0,0,,24,29,49,54,49,54,-7.14858132620955,0.0,0.99996818860877,True,4,absent,0.5518172876195343
BraTS-GLI-02793-100,gmm_2d,prediction_component,8,46,16896.0,2.0945077921731866e-05,4.961538140913494e-08,1.7320508075688772,1,11.0,0.15745916432444337,0.7792393700163133,1.1666666666666667,0,,24,30,56,63,96,102,-7.3043836657365855,0.0,0.9997739231074919,True,4,absent,0.5518172876195343
BraTS-GLI-02793-100,gmm_2d,prediction_component,9,38,12544.0,2.7047649416909622e-05,8.273922157753891e-08,1.7320508075688772,1,9.273618495495704,0.18677184190940707,0.8304795924748166,1.2,0,,24,30,78,83,91,96,-7.082288569326049,0.0,0.9999514379352742,True,4,absent,0.5518172876195343
BraTS-GLI-02793-100,gmm_2d,prediction_component,10,104,27136.0,2.326561801784426e-05,6.121834158750964e-08,2.23606797749979,1,13.601470508735444,0.1643989873053573,0.7664845857944516,1.6666666666666667,1,,24,34,79,86,133,139,-7.213118439670877,0.6931471805599453,0.999789348447522,True,4,absent,0.5518172876195343
BraTS-GLI-02793-100,gmm_2d,prediction_component,11,25,9984.0,2.5060120224403912e-05,7.102621534903521e-08,1.7320508075688772,1,8.660254037844387,0.19999999999999996,0.9548683406603533,1.0,0,,28,33,52,57,94,99,-7.14858132620955,0.0,0.99996818860877,True,4,absent,0.5518172876195343
BraTS-GLI-02793-100,gmm_2d,prediction_component,12,38,13824.0,2.3379381024587062e-05,6.181848980958109e-08,1.7320508075688772,1,9.848857801796104,0.17586311452816475,0.8304795924748166,1.2,0,,28,34,63,68,97,103,-7.2088816087094125,0.0,0.9999051591398199,True,4,absent,0.5518172876195343
BraTS-GLI-02793-100,gmm_2d,prediction_component,13,128,33792.0,2.060578313869529e-05,4.802093625988108e-08,2.23606797749979,1,14.730919862656235,0.1517941851797291,0.7152280670015594,1.6666666666666667,1,,29,38,79,85,83,93,-7.31856937679594,0.6931471805599453,0.9995337403241572,True,4,absent,0.5518172876195343
BraTS-GLI-02793-100,gmm_2d,prediction_component,14,245,51200.0,2.114760270882619e-05,5.0579514839814484e-08,2.23606797749979,1,17.916472867168917,0.12480514407482947,0.5760486685391215,1.1,2,,29,39,86,97,68,78,-7.296025340737006,1.0986122886681098,0.9986012753541961,True,4,absent,0.5518172876195343
BraTS-GLI-02793-100,gmm_2d,prediction_component,15,38,12544.0,2.7047649416909622e-05,8.273922157753891e-08,1.7320508075688772,1,9.273618495495704,0.18677184190940707,0.8304795924748166,1.2,0,,29,35,94,99,87,92,-7.082288569326049,0.0,0.9999514379352742,True,4,absent,0.5518172876195343
BraTS-GLI-02793-100,gmm_2d,prediction_component,16,25,9984.0,2.5060120224403912e-05,7.102621534903521e-08,1.7320508075688772,1,8.660254037844387,0.19999999999999996,0.9548683406603533,1.0,0,,30,35,65,70,81,86,-7.14858132620955,0.0,0.99996818860877,True,4,absent,0.5518172876195343
BraTS-GLI-02793-100,gmm_2d,prediction_component,17,92,33792.0,1.481040663093724e-05,2.480769070456747e-08,1.7320508075688772,1,15.0996688705415,0.11470786693528087,0.6184826978494664,1.25,0,,30,40,74,82,93,101,-7.605413661400567,0.0,0.997397741064635,True,4,absent,0.5518172876195343
BraTS-GLI-02793-100,gmm_2d,prediction_component,18,25,9984.0,2.5060120224403912e-05,7.102621534903521e-08,1.7320508075688772,1,8.660254037844387,0.19999999999999996,0.9548683406603533,1.0,0,,32,37,44,49,81,86,-7.14858132620955,0.0,0.99996818860877,True,4,absent,0.5518172876195343
BraTS-GLI-02793-100,gmm_2d,prediction_component,19,586,120064.0,1.4085699011163398e-05,2.2439293621772993e-08,2.449489742783178,1,38.7556447501522,0.06320343161814018,0.47185216958868914,1.588235294117647,2,,35,62,126,148,123,140,-7.648990818583196,1.0986122886681098,0.9773529394665026,True,4,absent,0.5518172876195343
BraTS-GLI-02793-100,gmm_2d,prediction_component,20,38,12544.0,2.7047649416909622e-05,8.273922157753891e-08,1.7320508075688772,1,9.273618495495704,0.18677184190940707,0.8304795924748166,1.2,0,,36,41,118,124,119,124,-7.082288569326049,0.0,0.9999514379352742,True,4,absent,0.5518172876195343
BraTS-GLI-02793-100,gmm_2d,prediction_component,21,157,34304.0,2.4710555404667375e-05,6.905853916822608e-08,2.23606797749979,1,16.24807680927192,0.13762047064079508,0.6681613053872358,1.25,1,,38,48,104,112,83,93,-7.160782612750083,0.6931471805599453,0.9995984781551995,True,4,absent,0.5518172876195343
BraTS-GLI-02793-100,gmm_2d,prediction_component,22,25,9984.0,2.5060120224403912e-05,7.102621534903521e-08,1.7320508075688772,1,8.660254037844387,0.19999999999999996,0.9548683406603533,1.0,0,,40,45,91,96,111,116,-7.14858132620955,0.0,0.99996818860877,True,4,absent,0.5518172876195343
BraTS-GLI-02793-100,gmm_2d,prediction_component,23,89,25856.0,2.1406614985083015e-05,5.1826080999506735e-08,1.7320508075688772,1,13.856406460551018,0.125,0.6253552903860047,1.0,0,,40,48,136,144,53,61,-7.28545163053223,0.0,0.999347904747552,True,4,absent,0.5518172876195343
BraTS-GLI-02793-100,gmm_2d,prediction_component,24,25,9984.0,2.5060120224403912e-05,7.102621534903521e-08,1.7320508075688772,1,8.660254037844387,0.19999999999999996,0.9548683406603533,1.0,0,,41,46,105,110,146,151,-7.14858132620955,0.0,0.99996818860877,True,4,absent,0.5518172876195343
BraTS-GLI-02793-100,gmm_2d,prediction_component,25,38,13824.0,2.3379381024587062e-05,6.181848980958109e-08,1.7320508075688772,1,9.848857801796104,0.17586311452816475,0.8304795924748166,1.2,0,,42,48,114,120,145,150,-7.2088816087094125,0.0,0.9999051591398199,True,4,absent,0.5518172876195343
BraTS-GLI-02793-100,gmm_2d,prediction_component,26,196,47872.0,1.871258187574647e-05,3.960224449062832e-08,2.23606797749979,1,19.4164878389476,0.11516335992621968,0.6205296173236808,1.625,1,,43,55,92,100,143,156,-7.402280199370672,0.6931471805599453,0.998262045268017,True,4,absent,0.5518172876195343
BraTS-GLI-02793-100,gmm_2d,prediction_component,27,91,25344.0,2.2554263629603727e-05,5.7532027368066435e-08,2.23606797749979,1,12.727922061357855,0.17568209223157663,0.8013718346977796,1.1428571428571428,1,,45,52,115,122,33,41,-7.24009032162459,0.6931471805599453,0.9998329908758122,True,4,absent,0.5518172876195343
BraTS-GLI-02793-100,gmm_2d,prediction_component,28,25,9984.0,2.5060120224403912e-05,7.102621534903521e-08,1.7320508075688772,1,8.660254037844387,0.19999999999999996,0.9548683406603533,1.0,0,,46,51,106,111,48,53,-7.14858132620955,0.0,0.99996818860877,True,4,absent,0.5518172876195343
BraTS-GLI-02793-100,gmm_2d,prediction_component,29,25,9984.0,2.5060120224403912e-05,7.102621534903521e-08,1.7320508075688772,1,8.660254037844387,0.19999999999999996,0.9548683406603533,1.0,0,,46,51,108,113,96,101,-7.14858132620955,0.0,0.99996818860877,True,4,absent,0.5518172876195343
BraTS-GLI-02793-100,gmm_2d,prediction_component,30,38,12544.0,2.7047649416909622e-05,8.273922157753891e-08,1.7320508075688772,1,9.273618495495704,0.18677184190940707,0.8304795924748166,1.2,0,,48,53,143,148,60,66,-7.082288569326049,0.0,0.9999514379352742,True,4,absent,0.5518172876195343
BraTS-GLI-02793-100,gmm_2d,prediction_component,31,25,9984.0,2.5060120224403912e-05,7.102621534903521e-08,1.7320508075688772,1,8.660254037844387,0.19999999999999996,0.9548683406603533,1.0,0,,48,53,144,149,53,58,-7.14858132620955,0.0,0.99996818860877,True,4,absent,0.5518172876195343
BraTS-GLI-02793-100,gmm_2d,prediction_component,32,46,16896.0,2.0945077921731866e-05,4.961538140913494e-08,1.7320508075688772,1,11.0,0.15745916432444337,0.7792393700163133,1.1666666666666667,0,,49,55,66,72,119,126,-7.3043836657365855,0.0,0.9997739231074919,True,4,absent,0.5518172876195343
BraTS-GLI-02793-100,gmm_2d,prediction_component,33,38,12544.0,2.7047649416909622e-05,8.273922157753891e-08,1.7320508075688772,1,9.273618495495704,0.18677184190940707,0.8304795924748166,1.2,0,,49,54,104,109,44,50,-7.082288569326049,0.0,0.9999514379352742,True,4,absent,0.5518172876195343
BraTS-GLI-02793-100,gmm_2d,prediction_component,34,188,47872.0,1.7948803023675186e-05,3.6435384456392315e-08,2.23606797749979,1,20.46948949045872,0.10923906912979292,0.6292094773998216,1.4444444444444444,2,,50,63,101,114,25,34,-7.438476643556265,1.0986122886681098,0.9973524550812998,True,4,absent,0.5518172876195343
BraTS-GLI-02793-100,gmm_2d,prediction_component,35,63,17664.0,2.6835331551472837e-05,8.144535192419425e-08,2.23606797749979,1,12.12435565298214,0.18442777839082938,0.9058737786454558,1.0,1,,51,58,27,34,58,65,-7.08913369577873,0.6931471805599453,0.99994237484434,True,4,absent,0.5518172876195343
BraTS-GLI-02793-100,gmm_2d,prediction_component,36,85,23296.0,2.3905448124507173e-05,6.463178523248067e-08,2.23606797749979,1,12.68857754044952,0.17622684421256035,0.8198005965953793,2.0,1,,55,60,90,100,26,32,-7.189553848008823,0.6931471805599453,0.999870697177418,True,4,absent,0.5518172876195343
BraTS-GLI-02793-100,gmm_2d,prediction_component,37,25,9984.0,2.5060120224403912e-05,7.102621534903521e-08,1.7320508075688772,1,8.660254037844387,0.19999999999999996,0.9548683406603533,1.0,0,,58,63,54,59,109,114,-7.14858132620955,0.0,0.99996818860877,True,4,absent,0.5518172876195343
BraTS-GLI-02793-100,gmm_2d,prediction_component,38,56,16384.0,2.6702880859375e-05,8.064335911960217e-08,1.7320508075688772,1,11.0,0.15745916432444337,0.7297836929246639,1.1666666666666667,0,,59,66,114,120,119,125,-7.0934313904133885,0.0,0.9998765681589085,True,4,absent,0.5518172876195343
BraTS-GLI-02793-100,gmm_2d,prediction_component,39,25,9984.0,2.5060120224403912e-05,7.102621534903521e-08,1.7320508075688772,1,8.660254037844387,0.19999999999999996,0.9548683406603533,1.0,0,,60,65,77,82,23,28,-7.14858132620955,0.0,0.99996818860877,True,4,absent,0.5518172876195343
BraTS-GLI-02793-100,gmm_2d,prediction_component,40,25,9984.0,2.5060120224403912e-05,7.102621534903521e-08,1.7320508075688772,1,8.660254037844387,0.19999999999999996,0.9548683406603533,1.0,0,,60,65,78,83,70,75,-7.14858132620955,0.0,0.99996818860877,True,4,absent,0.5518172876195343
BraTS-GLI-02793-100,gmm_2d,prediction_component,41,51,15104.0,2.7474652658327337e-05,8.537226323330647e-08,2.23606797749979,1,9.9498743710662,0.22473328748774737,0.9719810843490212,1.4,1,,61,68,121,126,148,153,-7.068683205204687,0.6931471805599453,0.9999800585211988,True,4,absent,0.5518172876195343
BraTS-GLI-02793-100,gmm_2d,prediction_component,42,25,9984.0,2.5060120224403912e-05,7.102621534903521e-08,1.7320508075688772,1,8.660254037844387,0.19999999999999996,0.9548683406603533,1.0,0,,62,67,26,31,78,83,-7.14858132620955,0.0,0.99996818860877,True,4,absent,0.5518172876195343
BraTS-GLI-02793-100,gmm_2d,prediction_component,43,25,9984.0,2.5060120224403912e-05,7.102621534903521e-08,1.7320508075688772,1,8.660254037844387,0.19999999999999996,0.9548683406603533,1.0,0,,62,67,37,42,135,140,-7.14858132620955,0.0,0.99996818860877,True,4,absent,0.5518172876195343
BraTS-GLI-02793-100,gmm_2d,prediction_component,44,68,19200.0,2.5559777542249055e-05,7.388674128315838e-08,1.7320508075688772,1,11.0,0.15745916432444337,0.6840489693598067,1.1666666666666667,0,,63,70,123,129,86,92,-7.131433487236755,0.0,0.9998349620052841,True,4,absent,0.5518172876195343
BraTS-GLI-02793-100,gmm_2d,prediction_component,45,25,9984.0,2.5060120224403912e-05,7.102621534903521e-08,1.7320508075688772,1,8.660254037844387,0.19999999999999996,0.9548683406603533,1.0,0,,67,72,159,164,76,81,-7.14858132620955,0.0,0.99996818860877,True,4,absent,0.5518172876195343
BraTS-GLI-02793-100,gmm_2d,prediction_component,46,25,9984.0,2.5060120224403912e-05,7.102621534903521e-08,1.7320508075688772,1,8.660254037844387,0.19999999999999996,0.9548683406603533,1.0,0,,68,73,124,129,36,41,-7.14858132620955,0.0,0.99996818860877,True,4,absent,0.5518172876195343
BraTS-GLI-02793-100,gmm_2d,prediction_component,47,2971,484608.0,8.806772606814178e-06,8.771743813576084e-09,3.605551275463989,1,77.06490770772389,0.04678590272421257,0.40429682302808406,1.7878787878787878,7,,68,127,163,196,83,120,-8.05691406075819,2.0794415416798357,0.7758949009643938,True,4,absent,0.5518172876195343
BraTS-GLI-02793-100,gmm_2d,prediction_component,48,47,14592.0,2.6664020003279646e-05,8.040880842667987e-08,1.7320508075688772,1,9.848857801796104,0.17586311452816475,0.7736731845058752,1.2,0,,70,76,67,73,109,114,-7.094696373620167,0.0,0.999924483815645,True,4,absent,0.5518172876195343
BraTS-GLI-02793-100,gmm_2d,prediction_component,49,25,9984.0,2.5060120224403912e-05,7.102621534903521e-08,1.7320508075688772,1,8.660254037844387,0.19999999999999996,0.9548683406603533,1.0,0,,71,76,138,143,112,117,-7.14858132620955,0.0,0.99996818860877,True,4,absent,0.5518172876195343
BraTS-GLI-02793-100,gmm_2d,prediction_component,50,451,101632.0,1.3919730717567517e-05,2.1913615692595296e-08,2.449489742783178,1,30.854497241083024,0.07938841860374447,0.5148882498467302,1.8333333333333333,4,,72,90,95,117,127,139,-7.659285959007551,1.6094379124341003,0.9805225330033118,True,4,absent,0.5518172876195343
BraTS-GLI-02793-100,gmm_2d,prediction_component,51,59,17408.0,2.568790548372811e-05,7.462936780844428e-08,1.7320508075688772,1,11.0,0.15745916432444337,0.71719869927557,1.1666666666666667,0,,73,79,58,65,150,156,-7.127090237308548,0.0,0.9998544890284674,True,4,absent,0.5518172876195343
BraTS-GLI-02793-100,gmm_2d,prediction_component,52,25,9984.0,2.5060120224403912e-05,7.102621534903521e-08,1.7320508075688772,1,8.660254037844387,0.19999999999999996,0.9548683406603533,1.0,0,,73,78,66,71,72,77,-7.14858132620955,0.0,0.99996818860877,True,4,absent,0.5518172876195343
BraTS-GLI-02793-100,gmm_2d,prediction_component,53,81,23552.0,2.241007602674807e-05,5.67987833731546e-08,1.7320508075688772,1,13.92838827718412,0.12435400084345173,0.6453002363415847,1.2857142857142858,0,,73,82,70,78,43,50,-7.245660966753494,0.0,0.9994655680392042,True,4,absent,0.5518172876195343
BraTS-GLI-02793-100,gmm_2d,prediction_component,54,50,19200.0,1.879395407518313e-05,3.9947416351188576e-08,1.7320508075688772,1,11.916375287812984,0.14535047493345277,0.757879504227687,1.8,0,,74,79,61,70,65,71,-7.39851130397719,0.0,0.9995692964592029,True,4,absent,0.5518172876195343
BraTS-GLI-02793-100,gmm_2d,prediction_component,55,51,16384.0,2.4318695068359375e-05,6.688564319836902e-08,1.7320508075688772,1,10.488088481701515,0.1651445647689541,0.7528933105024771,1.4,0,,74,81,80,85,74,80,-7.1746670922299165,0.0,0.9998671774422693,True,4,absent,0.5518172876195343
BraTS-GLI-02793-100,gmm_2d,prediction_component,56,25,9984.0,2.5060120224403912e-05,7.102621534903521e-08,1.7320508075688772,1,8.660254037844387,0.19999999999999996,0.9548683406603533,1.0,0,,74,79,165,170,121,126,-7.14858132620955,0.0,0.99996818860877,True,4,absent,0.5518172876195343
BraTS-GLI-02793-100,gmm_2d,prediction_component,57,25,9984.0,2.5060120224403912e-05,7.102621534903521e-08,1.7320508075688772,1,8.660254037844387,0.19999999999999996,0.9548683406603533,1.0,0,,76,81,57,62,33,38,-7.14858132620955,0.0,0.99996818860877,True,4,absent,0.5518172876195343
BraTS-GLI-02793-100,gmm_2d,prediction_component,58,25,9984.0,2.5060120224403912e-05,7.102621534903521e-08,1.7320508075688772,1,8.660254037844387,0.19999999999999996,0.9548683406603533,1.0,0,,76,81,123,128,148,153,-7.14858132620955,0.0,0.99996818860877,True,4,absent,0.5518172876195343
BraTS-GLI-02793-100,gmm_2d,prediction_component,59,25,9984.0,2.5060120224403912e-05,7.102621534903521e-08,1.7320508075688772,1,8.660254037844387,0.19999999999999996,0.9548683406603533,1.0,0,,76,81,134,139,143,148,-7.14858132620955,0.0,0.99996818860877,True,4,absent,0.5518172876195343
BraTS-GLI-02793-100,gmm_2d,prediction_component,60,47,16128.0,2.2947061827558802e-05,5.955339779706265e-08,1.7320508075688772,1,10.392304845413264,0.16666666666666666,0.7736731845058752,1.0,0,,77,83,168,174,63,69,-7.225093454963438,0.0,0.9998552550419592,True,4,absent,0.5518172876195343
BraTS-GLI-02793-100,gmm_2d,prediction_component,61,627,168448.0,9.069195261521311e-06,9.302290080892895e-09,2.23606797749979,1,46.87216658103186,0.04770566714969556,0.42113889989316505,2.4,4,,78,104,47,83,144,159,-8.031410121654561,1.6094379124341003,0.8384890981399531,True,4,absent,0.5518172876195343
BraTS-GLI-02793-100,gmm_2d,prediction_component,62,50,19968.0,1.772018094802615e-05,3.551310767451761e-08,1.7320508075688772,1,12.806248474865697,0.13525044520011484,0.757879504227687,1.3333333333333333,0,,79,85,34,42,42,50,-7.449611321873531,0.0,0.9993711828937206,True,4,absent,0.5518172876195343
BraTS-GLI-02793-100,gmm_2d,prediction_component,63,53,16128.0,2.5876473975757796e-05,7.572906039472566e-08,1.7320508075688772,1,10.392304845413264,0.16666666666666666,0.7433012684434964,1.0,0,,80,86,126,132,127,133,-7.1207374316332945,0.0,0.9998905797491964,True,4,absent,0.5518172876195343
BraTS-GLI-02793-100,gmm_2d,prediction_component,64,3147,476416.0,9.570116734434066e-06,1.0358260859297552e-08,4.123105625617661,1,60.54750201288241,0.06809703932526244,0.4535464265064255,1.3225806451612903,4,,80,111,163,195,43,84,-7.984713156039988,1.6094379124341003,0.9099536213357898,True,4,absent,0.5518172876195343
BraTS-GLI-02793-100,gmm_2d,prediction_component,65,136,48128.0,1.2880780706990772e-05,1.876448919003523e-08,1.7320508075688772,1,21.118712081942874,0.08201498277207123,0.54293002677976,1.5555555555555556,0,,81,95,76,89,130,139,-7.726663253524732,0.0,0.9903716131981971,True,4,absent,0.5518172876195343
BraTS-GLI-02793-100,gmm_2d,prediction_component,66,343,86272.0,1.3535968055327573e-05,2.0721968777325506e-08,2.449489742783178,1,30.692018506445613,0.07980868844676221,0.564079679544622,1.6923076923076923,1,,82,99,54,76,23,36,-7.683568985002602,0.6931471805599453,0.9886472316353702,True,4,absent,0.5518172876195343
BraTS-GLI-02793-100,gmm_2d,prediction_component,67,25,9984.0,2.5060120224403912e-05,7.102621534903521e-08,1.7320508075688772,1,8.660254037844387,0.19999999999999996,0.9548683406603533,1.0,0,,82,87,124,129,142,147,-7.14858132620955,0.0,0.99996818860877,True,4,absent,0.5518172876195343
BraTS-GLI-02793-100,gmm_2d,prediction_component,68,70,20480.0,2.38837827186562e-05,6.451468729568174e-08,1.7320508075688772,1,11.661903789690601,0.14852213144650114,0.6774711680063634,1.3333333333333333,0,,83,91,38,44,89,95,-7.190341403421445,0.0,0.9997521289012805,True,4,absent,0.5518172876195343
BraTS-GLI-02793-100,gmm_2d,prediction_component,69,47,14592.0,2.6664020003279646e-05,8.040880842667987e-08,1.7320508075688772,1,9.848857801796104,0.17586311452816475,0.7736731845058752,1.2,0,,83,89,59,64,75,81,-7.094696373620167,0.0,0.999924483815645,True,4,absent,0.5518172876195343
BraTS-GLI-02793-100,gmm_2d,prediction_component,70,84,28928.0,1.7072678923582296e-05,3.296520032224076e-08,1.7320508075688772,1,15.165750888103101,0.11420804814403214,0.6375247776221004,1.4285714285714286,0,,83,93,96,105,140,147,-7.481944280800623,0.0,0.9984265554539559,True,4,absent,0.5518172876195343
BraTS-GLI-02793-100,gmm_2d,prediction_component,71,25,9984.0,2.5060120224403912e-05,7.102621534903521e-08,1.7320508075688772,1,8.660254037844387,0.19999999999999996,0.9548683406603533,1.0,0,,83,88,109,114,132,137,-7.14858132620955,0.0,0.99996818860877,True,4,absent,0.5518172876195343
BraTS-GLI-02793-100,gmm_2d,prediction_component,72,46,16896.0,2.0945077921731866e-05,4.961538140913494e-08,1.7320508075688772,1,11.0,0.15745916432444337,0.7792393700163133,1.1666666666666667,0,,83,89,117,124,124,130,-7.3043836657365855,0.0,0.9997739231074919,True,4,absent,0.5518172876195343
BraTS-GLI-02793-100,gmm_2d,prediction_component,73,25,9984.0,2.5060120224403912e-05,7.102621534903521e-08,1.7320508075688772,1,8.660254037844387,0.19999999999999996,0.9548683406603533,1.0,0,,83,88,129,134,49,54,-7.14858132620955,0.0,0.99996818860877,True,4,absent,0.5518172876195343
BraTS-GLI-02793-100,gmm_2d,prediction_component,74,312,73472.0,1.5666493431468623e-05,2.7758498794081532e-08,2.449489742783178,1,24.535688292770594,0.09983374884595826,0.5821751051451409,1.4166666666666667,2,,84,97,28,45,124,136,-7.556604024639219,1.0986122886681098,0.9943213432582736,True,4,absent,0.5518172876195343
BraTS-GLI-02793-100,gmm_2d,prediction_component,75,62,17664.0,2.6409373907798665e-05,7.888030556729723e-08,1.7320508075688772,1,11.0,0.15745916432444337,0.7054392189315698,1.1666666666666667,0,,84,90,79,85,147,154,-7.103031415689386,0.0,0.9998614059129538,True,4,absent,0.5518172876195343
BraTS-GLI-02793-100,gmm_2d,prediction_component,76,48,18432.0,1.918149905562466e-05,4.1611892032488095e-08,1.7320508075688772,1,11.180339887498949,0.15491933384829665,0.7682627055029695,1.6,0,,84,90,170,175,45,53,-7.380782537016758,0.0,0.9996748564653178,True,4,absent,0.5518172876195343
BraTS-GLI-02793-100,gmm_2d,prediction_component,77,25,9984.0,2.5060120224403912e-05,7.102621534903521e-08,1.7320508075688772,1,8.660254037844387,0.19999999999999996,0.9548683406603533,1.0,0,,85,90,55,60,150,155,-7.14858132620955,0.0,0.99996818860877,True,4,absent,0.5518172876195343
BraTS-GLI-02793-100,gmm_2d,prediction_component,78,181,47872.0,1.7280496528112812e-05,3.377262421276224e-08,2.23606797749979,1,18.973665961010276,0.11785113019775792,0.6372184575140808,1.75,1,,85,95,108,116,75,89,-7.471435192345256,0.6931471805599453,0.9979900031575613,True,4,absent,0.5518172876195343
BraTS-GLI-02793-100,gmm_2d,prediction_component,79,25,9984.0,2.5060120224403912e-05,7.102621534903521e-08,1.7320508075688772,1,8.660254037844387,0.19999999999999996,0.9548683406603533,1.0,0,,87,92,90,95,123,128,-7.14858132620955,0.0,0.99996818860877,True,4,absent,0.5518172876195343
BraTS-GLI-02793-100,gmm_2d,prediction_component,80,25,9984.0,2.5060120224403912e-05,7.102621534903521e-08,1.7320508075688772,1,8.660254037844387,0.19999999999999996,0.9548683406603533,1.0,0,,88,93,23,28,62,67,-7.14858132620955,0.0,0.99996818860877,True,4,absent,0.5518172876195343
BraTS-GLI-02793-100,gmm_2d,prediction_component,81,110,34304.0,1.731312799053128e-05,3.390029307215447e-08,1.7320508075688772,1,17.05872210923198,0.1015346165133619,0.5827191206450295,1.5714285714285714,0,,88,99,81,88,49,60,-7.4697965472521,0.0,0.9977033895215495,True,4,absent,0.5518172876195343
BraTS-GLI-02793-100,gmm_2d,prediction_component,82,111,35584.0,1.6536394726997523e-05,3.0926732243341406e-08,1.7320508075688772,1,16.431676725154983,0.10540925533894598,0.5809639319388397,1.5714285714285714,0,,88,98,128,135,125,136,-7.509665965663098,0.0,0.997518694975976,True,4,absent,0.5518172876195343
BraTS-GLI-02793-100,gmm_2d,prediction_component,83,378,91648.0,1.3624083977274382e-05,2.099263705575086e-08,2.449489742783178,1,33.481338085566414,0.07315985210994709,0.5461029991886645,2.3636363636363638,3,,89,115,75,86,28,46,-7.6779330027313,1.3862943611198906,0.9810950920848175,True,4,absent,0.5518172876195343
BraTS-GLI-02793-100,gmm_2d,prediction_component,84,38,12544.0,2.7047649416909622e-05,8.273922157753891e-08,1.7320508075688772,1,9.273618495495704,0.18677184190940707,0.8304795924748166,1.2,0,,89,95,88,93,131,136,-7.082288569326049,0.0,0.9999514379352742,True,4,absent,0.5518172876195343
BraTS-GLI-02793-100,gmm_2d,prediction_component,85,38,12544.0,2.7047649416909622e-05,8.273922157753891e-08,1.7320508075688772,1,9.273618495495704,0.18677184190940707,0.8304795924748166,1.2,0,,90,95,59,65,132,137,-7.082288569326049,0.0,0.9999514379352742,True,4,absent,0.5518172876195343
BraTS-GLI-02793-100,gmm_2d,prediction_component,86,25,9984.0,2.5060120224403912e-05,7.102621534903521e-08,1.7320508075688772,1,8.660254037844387,0.19999999999999996,0.9548683406603533,1.0,0,,90,95,119,124,123,128,-7.14858132620955,0.0,0.99996818860877,True,4,absent,0.5518172876195343
BraTS-GLI-02793-100,gmm_2d,prediction_component,87,38,13824.0,2.3379381024587062e-05,6.181848980958109e-08,1.7320508075688772,1,9.848857801796104,0.17586311452816475,0.8304795924748166,1.2,0,,90,95,182,188,123,129,-7.2088816087094125,0.0,0.9999051591398199,True,4,absent,0.5518172876195343
BraTS-GLI-02793-100,gmm_2d,prediction_component,88,25,9984.0,2.5060120224403912e-05,7.102621534903521e-08,1.7320508075688772,1,8.660254037844387,0.19999999999999996,0.9548683406603533,1.0,0,,93,98,146,151,114,119,-7.14858132620955,0.0,0.99996818860877,True,4,absent,0.5518172876195343
BraTS-GLI-02793-100,gmm_2d,prediction_component,89,25,9984.0,2.5060120224403912e-05,7.102621534903521e-08,1.7320508075688772,1,8.660254037844387,0.19999999999999996,0.9548683406603533,1.0,0,,93,98,167,172,89,94,-7.14858132620955,0.0,0.99996818860877,True,4,absent,0.5518172876195343
BraTS-GLI-02793-100,gmm_2d,prediction_component,90,94,27136.0,2.102853936228231e-05,5.0011581570565384e-08,1.7320508075688772,1,14.142135623730951,0.1224744871391589,0.6140648134821065,1.6666666666666667,0,,94,102,120,130,148,154,-7.300929411069041,0.0,0.9992484678820218,True,4,absent,0.5518172876195343
BraTS-GLI-02793-100,gmm_2d,prediction_component,91,44,13824.0,2.7070862238995545e-05,8.288129935688987e-08,1.7320508075688772,1,10.392304845413264,0.16666666666666666,0.7908715233027805,1.0,0,,96,102,27,33,55,61,-7.081543448970658,0.0,0.9999190159742366,True,4,absent,0.5518172876195343
BraTS-GLI-02793-100,gmm_2d,prediction_component,92,56,16640.0,2.6089036722489758e-05,7.697832583722892e-08,1.7320508075688772,1,10.488088481701515,0.1651445647689541,0.7297836929246639,1.4,0,,96,103,133,139,144,149,-7.113631538390294,0.0,0.999885206989513,True,4,absent,0.5518172876195343
BraTS-GLI-02793-100,gmm_2d,prediction_component,93,47,14592.0,2.6664020003279646e-05,8.040880842667987e-08,1.7320508075688772,1,9.848857801796104,0.17586311452816475,0.7736731845058752,1.2,0,,96,102,137,143,35,40,-7.094696373620167,0.0,0.999924483815645,True,4,absent,0.5518172876195343
BraTS-GLI-02793-100,gmm_2d,prediction_component,94,50,17152.0,2.2258600373918718e-05,5.6033542268023926e-08,1.7320508075688772,1,11.575836902790225,0.14962640041614492,0.757879504227687,1.1666666666666667,0,,97,104,34,40,132,139,-7.25155192190457,0.0,0.999767673435595,True,4,absent,0.5518172876195343
BraTS-GLI-02793-100,gmm_2d,prediction_component,95,82,27904.0,1.7591957109225918e-05,3.5001019010605084e-08,1.7320508075688772,1,15.297058540778355,0.11322770341445956,0.6426663285123421,1.5714285714285714,0,,97,104,41,52,36,44,-7.455919311528565,0.0,0.9985665999954909,True,4,absent,0.5518172876195343
BraTS-GLI-02793-100,gmm_2d,prediction_component,96,38,13824.0,2.3379381024587062e-05,6.181848980958109e-08,1.7320508075688772,1,9.848857801796104,0.17586311452816475,0.8304795924748166,1.2,0,,98,104,25,30,64,70,-7.2088816087094125,0.0,0.9999051591398199,True,4,absent,0.5518172876195343
BraTS-GLI-02793-100,gmm_2d,prediction_component,97,38,12544.0,2.7047649416909622e-05,8.273922157753891e-08,1.7320508075688772,1,9.273618495495704,0.18677184190940707,0.8304795924748166,1.2,0,,98,103,50,56,91,96,-7.082288569326049,0.0,0.9999514379352742,True,4,absent,0.5518172876195343
BraTS-GLI-02793-100,gmm_2d,prediction_component,98,418,86016.0,1.656942424204596e-05,3.105040069021808e-08,3.0,1,25.41653005427767,0.11803342130469506,0.6467831501347904,1.0714285714285714,1,,98,112,88,103,31,46,-7.507932791093589,0.6931471805599453,0.9977837158233023,True,4,absent,0.5518172876195343
BraTS-GLI-02793-100,gmm_2d,prediction_component,99,221,41728.0,2.5926919491609137e-05,7.602461188310415e-08,3.0,1,16.431676725154983,0.18257418583505539,0.7998711508388673,1.5714285714285714,1,,98,108,145,156,36,43,-7.11904578831578,0.6931471805599453,0.9999053316214848,True,4,absent,0.5518172876195343
BraTS-GLI-02793-100,gmm_2d,prediction_component,100,25,9984.0,2.5060120224403912e-05,7.102621534903521e-08,1.7320508075688772,1,8.660254037844387,0.19999999999999996,0.9548683406603533,1.0,0,,98,103,149,154,136,141,-7.14858132620955,0.0,0.99996818860877,True,4,absent,0.5518172876195343
BraTS-GLI-02793-100,gmm_2d,prediction_component,101,25,9984.0,2.5060120224403912e-05,7.102621534903521e-08,1.7320508075688772,1,8.660254037844387,0.19999999999999996,0.9548683406603533,1.0,0,,99,104,45,50,43,48,-7.14858132620955,0.0,0.99996818860877,True,4,absent,0.5518172876195343
BraTS-GLI-02793-100,gmm_2d,prediction_component,102,25,9984.0,2.5060120224403912e-05,7.102621534903521e-08,1.7320508075688772,1,8.660254037844387,0.19999999999999996,0.9548683406603533,1.0,0,,99,104,117,122,148,153,-7.14858132620955,0.0,0.99996818860877,True,4,absent,0.5518172876195343
BraTS-GLI-02793-100,gmm_2d,prediction_component,103,65,18176.0,2.6525640880350624e-05,7.957637373994227e-08,2.23606797749979,1,11.0,0.20327890704543544,0.896485809971887,1.1666666666666667,1,,102,109,95,101,25,31,-7.099215855345642,0.6931471805599453,0.9999569144301188,True,4,absent,0.5518172876195343
BraTS-GLI-02793-100,gmm_2d,prediction_component,104,25,9984.0,2.5060120224403912e-05,7.102621534903521e-08,1.7320508075688772,1,8.660254037844387,0.19999999999999996,0.9548683406603533,1.0,0,,103,108,44,49,140,145,-7.14858132620955,0.0,0.99996818860877,True,4,absent,0.5518172876195343
BraTS-GLI-02793-100,gmm_2d,prediction_component,105,38,13824.0,2.3379381024587062e-05,6.181848980958109e-08,1.7320508075688772,1,9.848857801796104,0.17586311452816475,0.8304795924748166,1.2,0,,104,110,42,48,91,96,-7.2088816087094125,0.0,0.9999051591398199,True,4,absent,0.5518172876195343
BraTS-GLI-02793-100,gmm_2d,prediction_component,106,25,9984.0,2.5060120224403912e-05,7.102621534903521e-08,1.7320508075688772,1,8.660254037844387,0.19999999999999996,0.9548683406603533,1.0,0,,104,109,103,108,109,114,-7.14858132620955,0.0,0.99996818860877,True,4,absent,0.5518172876195343
BraTS-GLI-02793-100,gmm_2d,prediction_component,107,47,14592.0,2.6664020003279646e-05,8.040880842667987e-08,1.7320508075688772,1,9.848857801796104,0.17586311452816475,0.7736731845058752,1.2,0,,105,111,187,192,64,70,-7.094696373620167,0.0,0.999924483815645,True,4,absent,0.5518172876195343
BraTS-GLI-02793-100,gmm_2d,prediction_component,108,48,18432.0,1.918149905562466e-05,4.1611892032488095e-08,1.7320508075688772,1,11.180339887498949,0.15491933384829665,0.7682627055029695,1.6,0,,106,111,117,123,30,38,-7.380782537016758,0.0,0.9996748564653178,True,4,absent,0.5518172876195343
BraTS-GLI-02793-100,gmm_2d,prediction_component,109,25,9984.0,2.5060120224403912e-05,7.102621534903521e-08,1.7320508075688772,1,8.660254037844387,0.19999999999999996,0.9548683406603533,1.0,0,,107,112,164,169,132,137,-7.14858132620955,0.0,0.99996818860877,True,4,absent,0.5518172876195343
BraTS-GLI-02793-100,gmm_2d,prediction_component,110,38,12544.0,2.7047649416909622e-05,8.273922157753891e-08,1.7320508075688772,1,9.273618495495704,0.18677184190940707,0.8304795924748166,1.2,0,,108,114,68,73,151,156,-7.082288569326049,0.0,0.9999514379352742,True,4,absent,0.5518172876195343
BraTS-GLI-02793-100,gmm_2d,prediction_component,111,61,22272.0,1.835232147570534e-05,3.8092053856957204e-08,1.7320508075688772,1,11.916375287812984,0.14535047493345277,0.7092732030227112,1.8,0,,108,114,87,96,25,30,-7.419165610308449,0.0,0.9994542906656396,True,4,absent,0.5518172876195343
BraTS-GLI-02793-100,gmm_2d,prediction_component,112,93,23808.0,2.5316203484629523e-05,7.248523128239861e-08,2.23606797749979,1,12.806248474865697,0.17460757394239457,0.7955855546357014,1.3333333333333333,1,,110,118,167,173,127,135,-7.139750471028063,0.6931471805599453,0.9998794908422932,True,4,absent,0.5518172876195343
BraTS-GLI-02793-100,gmm_2d,prediction_component,113,25,9984.0,2.5060120224403912e-05,7.102621534903521e-08,1.7320508075688772,1,8.660254037844387,0.19999999999999996,0.9548683406603533,1.0,0,,111,116,144,149,96,101,-7.14858132620955,0.0,0.99996818860877,True,4,absent,0.5518172876195343
BraTS-GLI-02793-100,gmm_2d,prediction_component,114,4346,650240.0,8.288562165306369e-06,7.769816669235701e-09,3.1622776601683795,1,70.67531393633848,0.04474373701426829,0.31236782654219636,1.4,7,,114,149,141,190,88,125,-8.10958922836493,2.0794415416798357,0.6694191732423148,True,4,absent,0.5518172876195343
BraTS-GLI-02793-100,gmm_2d,prediction_component,115,38,12544.0,2.7047649416909622e-05,8.273922157753891e-08,1.7320508075688772,1,9.273618495495704,0.18677184190940707,0.8304795924748166,1.2,0,,117,122,79,85,150,155,-7.082288569326049,0.0,0.9999514379352742,True,4,absent,0.5518172876195343
BraTS-GLI-02793-100,gmm_2d,prediction_component,116,94,24064.0,2.5181182769990076e-05,7.171411180067098e-08,2.23606797749979,1,13.114877048604,0.1704985848676184,0.7927542653693875,1.6666666666666667,2,,118,128,75,81,37,43,-7.144395376073827,1.0986122886681098,0.999835632561447,True,4,absent,0.5518172876195343
BraTS-GLI-02793-100,gmm_2d,prediction_component,117,25,9984.0,2.5060120224403912e-05,7.102621534903521e-08,1.7320508075688772,1,8.660254037844387,0.19999999999999996,0.9548683406603533,1.0,0,,118,123,174,179,55,60,-7.14858132620955,0.0,0.99996818860877,True,4,absent,0.5518172876195343
BraTS-GLI-02793-100,gmm_2d,prediction_component,118,51,16384.0,2.4318695068359375e-05,6.688564319836902e-08,1.7320508075688772,1,10.488088481701515,0.1651445647689541,0.7528933105024771,1.4,0,,119,126,83,89,146,151,-7.1746670922299165,0.0,0.9998671774422693,True,4,absent,0.5518172876195343
BraTS-GLI-02793-100,gmm_2d,prediction_component,119,191,58880.0,1.3368468751973858e-05,2.021229852752742e-08,1.7320508075688772,1,20.83266665599966,0.08314109932105399,0.484818341290492,1.1818181818181819,0,,119,130,174,187,62,74,-7.694384296031451,0.0,0.9898445937655411,True,4,absent,0.5518172876195343
BraTS-GLI-02793-100,gmm_2d,prediction_component,120,88,23552.0,2.4346749263627532e-05,6.704005158386057e-08,2.23606797749979,1,12.727922061357855,0.17568209223157663,0.8103767663317574,1.1428571428571428,1,,121,128,146,154,46,53,-7.173665660210456,0.6931471805599453,0.9998727866171098,True,4,absent,0.5518172876195343
BraTS-GLI-02793-100,gmm_2d,prediction_component,121,2838,504320.0,7.924157590359215e-06,7.101638826578251e-09,2.8284271247461903,1,64.52131430775415,0.04383709716846656,0.32203548779520463,1.303030303030303,7,,122,155,75,110,32,75,-8.148641418715997,2.0794415416798357,0.640596437962206,True,4,absent,0.5518172876195343
BraTS-GLI-02793-100,gmm_2d,prediction_component,122,25,9984.0,2.5060120224403912e-05,7.102621534903521e-08,1.7320508075688772,1,8.660254037844387,0.19999999999999996,0.9548683406603533,1.0,0,,122,127,182,187,99,104,-7.14858132620955,0.0,0.99996818860877,True,4,absent,0.5518172876195343
BraTS-GLI-02793-100,gmm_2d,prediction_component,123,69,22528.0,2.0406340760022417e-05,4.709585032195231e-08,1.7320508075688772,1,13.45362404707371,0.12874232262686236,0.6807282909996718,1.5,0,,124,130,64,73,34,42,-7.3270173574501225,0.0,0.9994119822104124,True,4,absent,0.5518172876195343
BraTS-GLI-02793-100,gmm_2d,prediction_component,124,46,16896.0,2.0945077921731866e-05,4.961538140913494e-08,1.7320508075688772,1,11.0,0.15745916432444337,0.7792393700163133,1.1666666666666667,0,,125,131,98,104,140,147,-7.3043836657365855,0.0,0.9997739231074919,True,4,absent,0.5518172876195343
BraTS-GLI-02793-100,gmm_2d,prediction_component,125,91,23040.0,2.602062238455969e-05,7.657512842689642e-08,2.23606797749979,1,12.206555615733702,0.18318582636182795,0.8013718346977796,1.3333333333333333,1,,126,133,114,122,37,43,-7.115912266149915,0.6931471805599453,0.9999079503865083,True,4,absent,0.5518172876195343
BraTS-GLI-02793-100,gmm_2d,prediction_component,126,63,22528.0,1.8631876346107425e-05,3.926137994703396e-08,1.7320508075688772,1,13.114877048604,0.13206763594884358,0.7016868116919668,1.6666666666666667,0,,127,137,67,73,126,132,-7.4060344400174705,0.0,0.9993132172285543,True,4,absent,0.5518172876195343
BraTS-GLI-02793-100,gmm_2d,prediction_component,127,93,24064.0,2.4913297846905075e-05,7.019639576324165e-08,2.23606797749979,1,14.45683229480096,0.1546720562224365,0.7955855546357014,1.125,1,,127,135,69,77,36,45,-7.153685186165354,0.6931471805599453,0.9998147186152575,True,4,absent,0.5518172876195343
BraTS-GLI-02793-100,gmm_2d,prediction_component,128,25,9984.0,2.5060120224403912e-05,7.102621534903521e-08,1.7320508075688772,1,8.660254037844387,0.19999999999999996,0.9548683406603533,1.0,0,,127,132,134,139,90,95,-7.14858132620955,0.0,0.99996818860877,True,4,absent,0.5518172876195343
BraTS-GLI-02793-100,gmm_2d,prediction_component,129,25,9984.0,2.5060120224403912e-05,7.102621534903521e-08,1.7320508075688772,1,8.660254037844387,0.19999999999999996,0.9548683406603533,1.0,0,,129,134,92,97,96,101,-7.14858132620955,0.0,0.99996818860877,True,4,absent,0.5518172876195343
BraTS-GLI-02793-100,gmm_2d,prediction_component,130,25,9984.0,2.5060120224403912e-05,7.102621534903521e-08,1.7320508075688772,1,8.660254037844387,0.19999999999999996,0.9548683406603533,1.0,0,,129,134,106,111,139,144,-7.14858132620955,0.0,0.99996818860877,True,4,absent,0.5518172876195343
BraTS-GLI-02793-100,gmm_2d,prediction_component,131,25,9984.0,2.5060120224403912e-05,7.102621534903521e-08,1.7320508075688772,1,8.660254037844387,0.19999999999999996,0.9548683406603533,1.0,0,,129,134,138,143,131,136,-7.14858132620955,0.0,0.99996818860877,True,4,absent,0.5518172876195343
BraTS-GLI-02793-100,gmm_2d,prediction_component,132,25,9984.0,2.5060120224403912e-05,7.102621534903521e-08,1.7320508075688772,1,8.660254037844387,0.19999999999999996,0.9548683406603533,1.0,0,,130,135,77,82,36,41,-7.14858132620955,0.0,0.99996818860877,True,4,absent,0.5518172876195343
BraTS-GLI-02793-100,gmm_2d,prediction_component,133,263,51200.0,2.2701304132331784e-05,5.8284622439902175e-08,2.449489742783178,1,20.445048300260872,0.11980845957463075,0.6162920688878362,2.142857142857143,1,,130,142,78,85,131,146,-7.234446012486555,0.6931471805599453,0.9991245381680928,True,4,absent,0.5518172876195343
BraTS-GLI-02793-100,gmm_2d,prediction_component,134,25,9984.0,2.5060120224403912e-05,7.102621534903521e-08,1.7320508075688772,1,8.660254037844387,0.19999999999999996,0.9548683406603533,1.0,0,,133,138,75,80,39,44,-7.14858132620955,0.0,0.99996818860877,True,4,absent,0.5518172876195343
BraTS-GLI-02793-100,gmm_2d,prediction_component,135,25,9984.0,2.5060120224403912e-05,7.102621534903521e-08,1.7320508075688772,1,8.660254037844387,0.19999999999999996,0.9548683406603533,1.0,0,,134,139,70,75,43,48,-7.14858132620955,0.0,0.99996818860877,True,4,absent,0.5518172876195343
BraTS-GLI-02793-100,gmm_2d,prediction_component,136,109,34560.0,1.696547006561087e-05,3.2552486534188715e-08,2.23606797749979,1,18.027756377319946,0.12403473458920847,0.7545807224999054,1.3333333333333333,1,,136,146,86,95,128,140,-7.4874158320778985,0.6931471805599453,0.9987163763525506,True,4,absent,0.5518172876195343
BraTS-GLI-02793-100,gmm_2d,prediction_component,137,77,23296.0,2.1655523595141794e-05,5.3038318981782406e-08,1.7320508075688772,1,13.30413469565007,0.13018891098082386,0.6562861745204266,1.1428571428571428,0,,137,144,64,72,53,61,-7.275410249092444,0.0,0.9994860012984949,True,4,absent,0.5518172876195343
BraTS-GLI-02793-100,gmm_2d,prediction_component,138,25,9984.0,2.5060120224403912e-05,7.102621534903521e-08,1.7320508075688772,1,8.660254037844387,0.19999999999999996,0.9548683406603533,1.0,0,,137,142,102,107,132,137,-7.14858132620955,0.0,0.99996818860877,True,4,absent,0.5518172876195343
BraTS-GLI-02793-100,gmm_2d,prediction_component,139,25,9984.0,2.5060120224403912e-05,7.102621534903521e-08,1.7320508075688772,1,8.660254037844387,0.19999999999999996,0.9548683406603533,1.0,0,,140,145,103,108,126,131,-7.14858132620955,0.0,0.99996818860877,True,4,absent,0.5518172876195343
BraTS-GLI-02793-100,gmm_2d,prediction_component,140,25,9984.0,2.5060120224403912e-05,7.102621534903521e-08,1.7320508075688772,1,8.660254037844387,0.19999999999999996,0.9548683406603533,1.0,0,,141,146,82,87,124,129,-7.14858132620955,0.0,0.99996818860877,True,4,absent,0.5518172876195343
BraTS-GLI-02793-100,gmm_2d,prediction_component,141,38,13824.0,2.3379381024587062e-05,6.181848980958109e-08,1.7320508075688772,1,9.848857801796104,0.17586311452816475,0.8304795924748166,1.2,0,,143,149,69,74,115,121,-7.2088816087094125,0.0,0.9999051591398199,True,4,absent,0.5518172876195343
BraTS-GLI-02793-100,gmm_2d,prediction_component,142,25,9984.0,2.5060120224403912e-05,7.102621534903521e-08,1.7320508075688772,1,8.660254037844387,0.19999999999999996,0.9548683406603533,1.0,0,,144,149,61,66,110,115,-7.14858132620955,0.0,0.99996818860877,True,4,absent,0.5518172876195343
BraTS-GLI-02793-100,gmm_2d,prediction_component,143,82,25600.0,2.001953125e-05,4.532733464828489e-08,1.7320508075688772,1,12.884098726725126,0.13443321448446624,0.6426663285123421,1.5,0,,145,151,61,68,72,81,-7.343639817706694,0.0,0.9993638326478561,True,4,absent,0.5518172876195343
BraTS-GLI-02793-100,gmm_2d,prediction_component,144,25,9984.0,2.5060120224403912e-05,7.102621534903521e-08,1.7320508075688772,1,8.660254037844387,0.19999999999999996,0.9548683406603533,1.0,0,,146,151,128,133,67,72,-7.14858132620955,0.0,0.99996818860877,True,4,absent,0.5518172876195343
BraTS-GLI-02793-100,gmm_2d,prediction_component,145,59,17408.0,2.568790548372811e-05,7.462936780844428e-08,1.7320508075688772,1,11.0,0.15745916432444337,0.71719869927557,1.1666666666666667,0,,147,153,73,80,106,112,-7.127090237308548,0.0,0.9998544890284674,True,4,absent,0.5518172876195343
BraTS-GLI-02793-100,gmm_2d,prediction_component,146,155,31232.0,2.808225665301288e-05,8.919004475322015e-08,2.449489742783178,1,14.594519519326424,0.16783627165933782,0.7350686974205523,1.4285714285714286,1,,149,156,94,104,110,118,-7.049683618157789,0.6931471805599453,0.9998793347669229,True,4,absent,0.5518172876195343
BraTS-GLI-02793-100,gmm_2d,prediction_component,147,25,9984.0,2.5060120224403912e-05,7.102621534903521e-08,1.7320508075688772,1,8.660254037844387,0.19999999999999996,0.9548683406603533,1.0,0,,151,156,74,79,79,84,-7.14858132620955,0.0,0.99996818860877,True,4,absent,0.5518172876195343
BraTS-GLI-02793-100,variational_spline,prediction_component,1,21010,3218176.0,3.6392455937774428e-06,1.4978733818858896e-09,4.47213595499958,2,208.21383239352758,0.02147857279024176,0.2612577506973108,1.2641509433962264,10,,34,153,18,124,23,157,-8.824524896831738,2.3978952727983707,0.06436280994151997,False,4,absent,0.5518172876195343
