case_id,method,source,component_label,volume_vox,surface_area_proxy,compactness_v_over_s15,isoperimetric_quotient,inscribed_radius_vox,inscribed_radius_grid_step,bbox_diag_vox,radius_over_bbox_diag,radius_over_equiv_sphere,elongation_max_over_min,eroded_subcomponents,overlap_gt_vox,z0,z1,y0,y1,x0,x1,log10_isoperimetric,log1p_eroded_subcomponents,shape_score_prob_true_et,accepted_shape,fold,vol_bin,shape_threshold
BraTS-GLI-02801-101,otsu_T1c,prediction_component,1,15066,2979328.0,2.9296820207712973e-06,9.707185863636427e-10,4.47213595499958,2,202.39565212721345,0.02209600803177664,0.2918850690753964,1.5,32,,26,142,24,116,23,161,-9.012906654853172,3.4965075614664802,0.027476668441969953,False,1,large,0.5255652568220824
BraTS-GLI-02801-101,gmm_T1c,prediction_component,1,18159,3483904.0,2.7924966420292364e-06,8.81937263125759e-10,4.47213595499958,2,202.39565212721345,0.02209600803177664,0.2742714219147141,1.5,36,,26,142,24,116,23,161,-9.05456230743888,3.6109179126442243,0.021693652191854693,False,1,large,0.5255652568220824
BraTS-GLI-02801-101,sustraccion,prediction_component,3,12,5376.0,3.04433440619409e-05,1.0481829363285631e-07,1.4142135623730951,1,5.830951894845301,0.24253562503633297,0.9957510787676723,1.3333333333333333,0,,13,16,78,82,67,70,-6.979562914580636,0.0,0.9999864375771123,True,1,large,0.5255652568220824
BraTS-GLI-02801-101,sustraccion,prediction_component,4,77646,15740928.0,1.24329328757938e-06,1.748233956192835e-10,5.656854249492381,4,256.08397060339405,0.022089841219516793,0.21374608213711904,1.129496402877698,207,,14,153,22,179,15,162,-9.757400448655515,5.337538079701318,0.0008261378427982093,False,1,large,0.5255652568220824
BraTS-GLI-02801-101,sustraccion,prediction_component,7,27,11008.0,2.3377665101405374e-05,6.180941584077854e-08,1.4142135623730951,1,8.660254037844387,0.1632993161855452,0.7599002946021327,1.0,0,,16,21,85,90,69,74,-7.208945360894912,0.0,0.9997174608034564,True,1,large,0.5255652568220824
BraTS-GLI-02801-101,sustraccion,prediction_component,8,16,6656.0,2.9464563572443515e-05,9.818664009850627e-08,1.4142135623730951,1,6.4031242374328485,0.2208630521496931,0.9046998952817776,1.3333333333333333,0,,16,19,85,89,97,101,-7.007947601074732,0.0,0.9999701751106141,True,1,large,0.5255652568220824
BraTS-GLI-02801-101,sustraccion,prediction_component,9,22,9472.0,2.386492900600362e-05,6.441287249488336e-08,1.4142135623730951,1,8.12403840463596,0.17407765595569785,0.8135863258112027,1.25,0,,16,21,87,91,103,108,-7.1910273330307,0.0,0.9998165162918713,True,1,large,0.5255652568220824
BraTS-GLI-02801-101,sustraccion,prediction_component,11,104,40448.0,1.2784618144635692e-05,1.8485359252561506e-08,1.4142135623730951,1,19.235384061671343,0.07352146220938079,0.48476741650424154,1.875,0,,17,26,82,90,47,62,-7.733172104739835,0.0,0.9769227221071901,True,1,large,0.5255652568220824
BraTS-GLI-02801-101,sustraccion,prediction_component,12,1651,376832.0,7.1371596296606984e-06,5.761070555610933e-09,3.0,1,57.043842787806646,0.0525911273397111,0.4091680993430851,1.3703703703703705,4,,20,47,68,102,73,110,-8.23949680595298,1.6094379124341003,0.6840070120046132,True,1,large,0.5255652568220824
BraTS-GLI-02801-101,sustraccion,prediction_component,14,31,10240.0,2.9916567219610524e-05,1.012222277406533e-07,1.4142135623730951,1,8.12403840463596,0.17407765595569785,0.7257003006213092,1.25,0,,23,28,71,76,100,104,-6.99472410878947,0.0,0.9998819261709072,True,1,large,0.5255652568220824
BraTS-GLI-02801-101,sustraccion,prediction_component,16,81,31488.0,1.4496641658739444e-05,2.376770130658183e-08,1.4142135623730951,1,17.832554500127006,0.07930515857181443,0.5268854366447575,1.8571428571428572,0,,26,39,66,73,135,145,-7.624012819035022,0.0,0.9876327909712251,True,1,large,0.5255652568220824
BraTS-GLI-02801-101,sustraccion,prediction_component,17,39,13056.0,2.6142637138620358e-05,7.729495759993616e-08,1.4142135623730951,1,9.848857801796104,0.14359163172354764,0.6722379073420917,1.2,0,,26,31,68,74,80,86,-7.111848836714938,0.0,0.9996243039200747,True,1,large,0.5255652568220824
BraTS-GLI-02801-101,sustraccion,prediction_component,19,19,9216.0,2.147533275462963e-05,5.2159350776834036e-08,1.4142135623730951,1,9.0,0.15713484026367724,0.8543319874271107,1.75,0,,31,38,62,66,38,42,-7.282667822870332,0.0,0.9996909670115305,True,1,large,0.5255652568220824
BraTS-GLI-02801-101,sustraccion,prediction_component,20,12,5376.0,3.04433440619409e-05,1.0481829363285631e-07,1.4142135623730951,1,5.830951894845301,0.24253562503633297,0.9957510787676723,1.3333333333333333,0,,32,35,52,55,112,116,-6.979562914580636,0.0,0.9999864375771123,True,1,large,0.5255652568220824
BraTS-GLI-02801-101,sustraccion,prediction_component,26,340,84736.0,1.3784054399544343e-05,2.1488511358632867e-08,2.23606797749979,1,30.215889859476256,0.07400304898842879,0.5164420141834469,2.0833333333333335,2,,37,49,89,101,111,136,-7.667793669716773,1.0986122886681098,0.9768437182229642,True,1,large,0.5255652568220824
BraTS-GLI-02801-101,sustraccion,prediction_component,28,12,5376.0,3.04433440619409e-05,1.0481829363285631e-07,1.4142135623730951,1,5.830951894845301,0.24253562503633297,0.9957510787676723,1.3333333333333333,0,,43,46,109,112,87,91,-6.979562914580636,0.0,0.9999864375771123,True,1,large,0.5255652568220824
BraTS-GLI-02801-101,sustraccion,prediction_component,29,33,12544.0,2.3488748177842566e-05,6.239820796256224e-08,1.4142135623730951,1,8.774964387392123,0.16116459280507606,0.7107331206052484,1.5,0,,44,48,108,113,34,40,-7.204827882803894,0.0,0.9996627277008155,True,1,large,0.5255652568220824
BraTS-GLI-02801-101,sustraccion,prediction_component,30,120,30720.0,2.228688791931828e-05,5.617605424385893e-08,2.0,1,14.071247279470288,0.1421338109037403,0.6536307119711492,1.5,1,,44,53,104,113,43,49,-7.2504487685217525,0.6931471805599453,0.999157431862253,True,1,large,0.5255652568220824
BraTS-GLI-02801-101,sustraccion,prediction_component,33,17,7168.0,2.8012503667152895e-05,8.874752009735003e-08,1.4142135623730951,1,6.928203230275509,0.20412414523193154,0.8866010210973454,1.0,0,,47,51,52,56,84,88,-7.051843773744237,0.0,0.9999495028033363,True,1,large,0.5255652568220824
BraTS-GLI-02801-101,sustraccion,prediction_component,34,14,7680.0,2.080109539136373e-05,4.8935585030206e-08,1.4142135623730951,1,7.54983443527075,0.1873171623163388,0.9458781407605124,1.25,0,,47,51,94,99,30,34,-7.310375215276639,0.0,0.9998530982054296,True,1,large,0.5255652568220824
BraTS-GLI-02801-101,sustraccion,prediction_component,35,48,18688.0,1.8788711557598017e-05,3.992513303362608e-08,1.4142135623730951,1,13.379088160259652,0.105703284516338,0.6272838722974592,1.2857142857142858,0,,48,55,84,91,20,29,-7.398753628084321,0.0,0.997528652570385,True,1,large,0.5255652568220824
BraTS-GLI-02801-101,sustraccion,prediction_component,38,17,7680.0,2.5258472975227388e-05,7.215502078433436e-08,1.4142135623730951,1,7.0710678118654755,0.2,0.8866010210973454,1.6666666666666667,0,,49,52,96,101,36,40,-7.141733443876567,0.0,0.9999244221884876,True,1,large,0.5255652568220824
BraTS-GLI-02801-101,sustraccion,prediction_component,39,20,7680.0,2.9715850559091044e-05,9.986854087797143e-08,1.4142135623730951,1,6.928203230275509,0.20412414523193154,0.8398489863421099,1.0,0,,49,53,106,110,24,28,-7.000571295305153,0.0,0.9999515494342841,True,1,large,0.5255652568220824
BraTS-GLI-02801-101,sustraccion,prediction_component,40,54,18176.0,2.203668626982975e-05,5.49218238640643e-08,1.4142135623730951,1,11.74734012447073,0.12038585308576921,0.6031332635211851,1.6,0,,49,54,112,120,146,153,-7.2602550489854165,0.0,0.998772692387504,True,1,large,0.5255652568220824
BraTS-GLI-02801-101,sustraccion,prediction_component,41,47,15360.0,2.468942834089472e-05,6.894050212482465e-08,1.4142135623730951,1,10.04987562112089,0.1407195089460584,0.6317015099045129,1.75,0,,50,57,34,38,98,104,-7.161525557753624,0.0,0.9994618313509089,True,1,large,0.5255652568220824
BraTS-GLI-02801-101,sustraccion,prediction_component,43,118,41984.0,1.3716909941030747e-05,2.127967290334654e-08,1.4142135623730951,1,20.493901531919196,0.06900655593423542,0.46478331785406446,2.0,0,,51,67,103,113,151,159,-7.67203505200497,0.0,0.9785824636550419,True,1,large,0.5255652568220824
BraTS-GLI-02801-101,sustraccion,prediction_component,44,24,10752.0,2.1526695028193625e-05,5.2409146816428155e-08,1.4142135623730951,1,9.1104335791443,0.1552301051412666,0.7903281549671363,2.3333333333333335,0,,52,57,141,144,42,49,-7.280592910244617,0.0,0.9996125272024894,True,1,large,0.5255652568220824
BraTS-GLI-02801-101,sustraccion,prediction_component,45,12,5376.0,3.04433440619409e-05,1.0481829363285631e-07,1.4142135623730951,1,5.830951894845301,0.24253562503633297,0.9957510787676723,1.3333333333333333,0,,53,56,67,71,24,27,-6.979562914580636,0.0,0.9999864375771123,True,1,large,0.5255652568220824
BraTS-GLI-02801-101,sustraccion,prediction_component,46,107,38912.0,1.3939861145815873e-05,2.197704356404248e-08,1.4142135623730951,1,20.92844953645635,0.0675737378399486,0.48019386632678784,1.3,0,,54,67,31,41,121,134,-7.658030730938026,0.0,0.9800416010153704,True,1,large,0.5255652568220824
BraTS-GLI-02801-101,sustraccion,prediction_component,49,12,5376.0,3.04433440619409e-05,1.0481829363285631e-07,1.4142135623730951,1,5.830951894845301,0.24253562503633297,0.9957510787676723,1.3333333333333333,0,,55,58,100,104,155,158,-6.979562914580636,0.0,0.9999864375771123,True,1,large,0.5255652568220824
BraTS-GLI-02801-101,sustraccion,prediction_component,50,41,19200.0,1.5411042341650167e-05,2.6860642754539196e-08,1.4142135623730951,1,14.352700094407323,0.09853292781642932,0.6611244956113513,1.8333333333333333,0,,58,64,79,90,79,86,-7.570883599209757,0.0,0.9952588165348517,True,1,large,0.5255652568220824
BraTS-GLI-02801-101,sustraccion,prediction_component,51,12,5376.0,3.04433440619409e-05,1.0481829363285631e-07,1.4142135623730951,1,5.830951894845301,0.24253562503633297,0.9957510787676723,1.3333333333333333,0,,59,62,24,27,112,116,-6.979562914580636,0.0,0.9999864375771123,True,1,large,0.5255652568220824
BraTS-GLI-02801-101,sustraccion,prediction_component,53,12,5376.0,3.04433440619409e-05,1.0481829363285631e-07,1.4142135623730951,1,5.830951894845301,0.24253562503633297,0.9957510787676723,1.3333333333333333,0,,59,62,91,94,18,22,-6.979562914580636,0.0,0.9999864375771123,True,1,large,0.5255652568220824
BraTS-GLI-02801-101,sustraccion,prediction_component,56,17,6912.0,2.9583075859084555e-05,9.897808063694699e-08,1.4142135623730951,1,6.557438524302,0.21566554640687685,0.8866010210973454,1.6666666666666667,0,,60,63,121,126,149,152,-7.004460972194542,0.0,0.999965693418326,True,1,large,0.5255652568220824
BraTS-GLI-02801-101,sustraccion,prediction_component,57,39,16384.0,1.8596649169921875e-05,3.911305778728154e-08,1.4142135623730951,1,10.488088481701515,0.13483997249264842,0.6722379073420917,1.4,0,,60,67,144,149,42,48,-7.407678230372791,0.0,0.9987060281767314,True,1,large,0.5255652568220824
BraTS-GLI-02801-101,sustraccion,prediction_component,59,46,16896.0,2.0945077921731866e-05,4.961538140913494e-08,1.4142135623730951,1,10.677078252031311,0.13245323570650439,0.6362462813425951,1.6,0,,61,66,71,76,57,65,-7.3043836657365855,0.0,0.9989607185074088,True,1,large,0.5255652568220824
BraTS-GLI-02801-101,sustraccion,prediction_component,60,66,25856.0,1.5874568415904258e-05,2.8500745970692e-08,1.4142135623730951,1,13.601470508735444,0.10397504898200727,0.5641092516587063,1.6666666666666667,0,,61,71,142,149,134,140,-7.545143772738318,0.0,0.9947307179675625,True,1,large,0.5255652568220824
BraTS-GLI-02801-101,sustraccion,prediction_component,62,16,6656.0,2.9464563572443515e-05,9.818664009850627e-08,1.4142135623730951,1,6.4031242374328485,0.2208630521496931,0.9046998952817776,1.3333333333333333,0,,63,67,36,39,128,132,-7.007947601074732,0.0,0.9999701751106141,True,1,large,0.5255652568220824
BraTS-GLI-02801-101,sustraccion,prediction_component,64,12,5376.0,3.04433440619409e-05,1.0481829363285631e-07,1.4142135623730951,1,5.830951894845301,0.24253562503633297,0.9957510787676723,1.3333333333333333,0,,63,67,94,97,16,19,-6.979562914580636,0.0,0.9999864375771123,True,1,large,0.5255652568220824
BraTS-GLI-02801-101,sustraccion,prediction_component,65,29,13824.0,1.7842159202974337e-05,3.6003704937574576e-08,1.4142135623730951,1,10.677078252031311,0.13245323570650439,0.742013605090188,1.75,0,,63,70,128,135,30,34,-7.443652806145121,0.0,0.9987582615822697,True,1,large,0.5255652568220824
BraTS-GLI-02801-101,sustraccion,prediction_component,66,12,6144.0,2.4917498197257264e-05,7.022006780482366e-08,1.4142135623730951,1,6.4031242374328485,0.2208630521496931,0.9957510787676723,1.3333333333333333,0,,64,68,47,50,80,84,-7.153538755513696,0.0,0.9999618273771178,True,1,large,0.5255652568220824
BraTS-GLI-02801-101,sustraccion,prediction_component,68,12,5376.0,3.04433440619409e-05,1.0481829363285631e-07,1.4142135623730951,1,5.830951894845301,0.24253562503633297,0.9957510787676723,1.3333333333333333,0,,64,67,76,79,82,86,-6.979562914580636,0.0,0.9999864375771123,True,1,large,0.5255652568220824
BraTS-GLI-02801-101,sustraccion,prediction_component,69,12,6144.0,2.4917498197257264e-05,7.022006780482366e-08,1.4142135623730951,1,6.4031242374328485,0.2208630521496931,0.9957510787676723,1.3333333333333333,0,,64,68,104,108,18,21,-7.153538755513696,0.0,0.9999618273771178,True,1,large,0.5255652568220824
BraTS-GLI-02801-101,sustraccion,prediction_component,72,17,8448.0,2.1893644584863748e-05,5.421113507463137e-08,1.4142135623730951,1,7.681145747868608,0.1841149235796647,0.8866010210973454,1.6666666666666667,0,,66,71,24,27,107,112,-7.265911499351242,0.0,0.9998405963436189,True,1,large,0.5255652568220824
BraTS-GLI-02801-101,sustraccion,prediction_component,73,30,10496.0,2.7898799880062535e-05,8.802852335771049e-08,1.4142135623730951,1,8.246211251235321,0.17149858514250885,0.73367566779705,1.5,0,,66,70,55,59,104,110,-7.055376583194009,0.0,0.9998493631953344,True,1,large,0.5255652568220824
BraTS-GLI-02801-101,sustraccion,prediction_component,75,14,7680.0,2.080109539136373e-05,4.8935585030206e-08,1.4142135623730951,1,7.54983443527075,0.1873171623163388,0.9458781407605124,1.25,0,,68,72,135,140,50,54,-7.310375215276639,0.0,0.9998530982054296,True,1,large,0.5255652568220824
BraTS-GLI-02801-101,sustraccion,prediction_component,76,21,9984.0,2.1050500988499285e-05,5.011609755027925e-08,1.4142135623730951,1,9.848857801796104,0.14359163172354764,0.8263006657894747,1.2,0,,69,74,31,37,44,50,-7.300022754085787,0.0,0.9995383224487301,True,1,large,0.5255652568220824
BraTS-GLI-02801-101,sustraccion,prediction_component,77,76,31232.0,1.3769364552445026e-05,2.144273458874504e-08,1.4142135623730951,1,14.52583904633395,0.09735847670224711,0.5381954272789695,1.2857142857142858,0,,69,78,40,49,32,39,-7.66871982993679,0.0,0.9899317588108955,True,1,large,0.5255652568220824
BraTS-GLI-02801-101,sustraccion,prediction_component,84,57,16640.0,2.6554912378248504e-05,7.975209842001171e-08,1.7320508075688772,1,10.677078252031311,0.16222142113076252,0.7254907483481623,1.6,0,,70,75,118,126,87,92,-7.0982578810577115,0.0,0.9997854896098889,True,1,large,0.5255652568220824
BraTS-GLI-02801-101,sustraccion,prediction_component,85,63,20736.0,2.1098572530864196e-05,5.03452520886893e-08,1.4142135623730951,1,12.24744871391589,0.11547005383792516,0.5729248826285681,2.0,0,,70,75,125,135,136,141,-7.298041480202913,0.0,0.9983067527450992,True,1,large,0.5255652568220824
BraTS-GLI-02801-101,sustraccion,prediction_component,86,12,5376.0,3.04433440619409e-05,1.0481829363285631e-07,1.4142135623730951,1,5.830951894845301,0.24253562503633297,0.9957510787676723,1.3333333333333333,0,,71,75,113,116,22,25,-6.979562914580636,0.0,0.9999864375771123,True,1,large,0.5255652568220824
BraTS-GLI-02801-101,sustraccion,prediction_component,87,12,6144.0,2.4917498197257264e-05,7.022006780482366e-08,1.4142135623730951,1,6.4031242374328485,0.2208630521496931,0.9957510787676723,1.3333333333333333,0,,72,76,80,84,35,38,-7.153538755513696,0.0,0.9999618273771178,True,1,large,0.5255652568220824
BraTS-GLI-02801-101,sustraccion,prediction_component,89,714,171520.0,1.0051388508453582e-05,1.1426270285627809e-08,2.23606797749979,1,52.86775955154521,0.042295493443781355,0.4032878468614553,1.2962962962962963,3,,72,101,129,156,112,147,-7.942095507024258,1.3862943611198906,0.8473826400615577,True,1,large,0.5255652568220824
BraTS-GLI-02801-101,sustraccion,prediction_component,90,17,7168.0,2.8012503667152895e-05,8.874752009735003e-08,1.4142135623730951,1,6.928203230275509,0.20412414523193154,0.8866010210973454,1.0,0,,72,76,141,145,140,144,-7.051843773744237,0.0,0.9999495028033363,True,1,large,0.5255652568220824
BraTS-GLI-02801-101,sustraccion,prediction_component,91,151,61952.0,9.792508345827918e-06,1.084526764374098e-08,1.4142135623730951,1,27.367864366808018,0.05167423893288019,0.4281068910127584,1.3846153846153846,0,,73,86,99,115,20,38,-7.964759725829082,0.0,0.9107195131617492,True,1,large,0.5255652568220824
BraTS-GLI-02801-101,sustraccion,prediction_component,93,17,7680.0,2.5258472975227388e-05,7.215502078433436e-08,1.4142135623730951,1,7.0710678118654755,0.2,0.8866010210973454,1.6666666666666667,0,,73,78,123,127,26,29,-7.141733443876567,0.0,0.9999244221884876,True,1,large,0.5255652568220824
BraTS-GLI-02801-101,sustraccion,prediction_component,94,12,5376.0,3.04433440619409e-05,1.0481829363285631e-07,1.4142135623730951,1,5.830951894845301,0.24253562503633297,0.9957510787676723,1.3333333333333333,0,,73,76,133,137,101,104,-6.979562914580636,0.0,0.9999864375771123,True,1,large,0.5255652568220824
BraTS-GLI-02801-101,sustraccion,prediction_component,102,84,31232.0,1.5218771347439238e-05,2.6194587129187154e-08,1.7320508075688772,1,19.4164878389476,0.08920515501750788,0.6375247776221004,1.625,0,,75,83,29,41,39,52,-7.581788442374609,0.0,0.9936984333890362,True,1,large,0.5255652568220824
BraTS-GLI-02801-101,sustraccion,prediction_component,106,64,26112.0,1.5167701332363272e-05,2.6019078429432818e-08,1.7320508075688772,1,14.730919862656235,0.11757927025044307,0.6980129914371896,1.6666666666666667,0,,75,81,72,81,26,36,-7.584708089792106,0.0,0.9968734002720886,True,1,large,0.5255652568220824
BraTS-GLI-02801-101,sustraccion,prediction_component,108,111,32256.0,1.9160516552656293e-05,4.152090393037624e-08,1.7320508075688772,1,17.4928556845359,0.09901475429766743,0.5809639319388397,1.375,0,,76,84,43,54,65,76,-7.381733200253501,0.0,0.996965007370933,True,1,large,0.5255652568220824
BraTS-GLI-02801-101,sustraccion,prediction_component,110,59,18432.0,2.3577259255871977e-05,6.286935597443189e-08,1.4142135623730951,1,11.090536506409418,0.12751534261266767,0.5855902858043154,1.4,0,,76,81,145,152,105,112,-7.201560988483645,0.0,0.9990826051680616,True,1,large,0.5255652568220824
BraTS-GLI-02801-101,sustraccion,prediction_component,111,12,5376.0,3.04433440619409e-05,1.0481829363285631e-07,1.4142135623730951,1,5.830951894845301,0.24253562503633297,0.9957510787676723,1.3333333333333333,0,,76,79,155,159,89,92,-6.979562914580636,0.0,0.9999864375771123,True,1,large,0.5255652568220824
BraTS-GLI-02801-101,sustraccion,prediction_component,114,21,10752.0,1.883585814966942e-05,4.012575303132781e-08,1.4142135623730951,1,9.848857801796104,0.14359163172354764,0.8263006657894747,1.2,0,,77,83,126,131,44,50,-7.396576804199991,0.0,0.9993444043155593,True,1,large,0.5255652568220824
BraTS-GLI-02801-101,sustraccion,prediction_component,115,12,6144.0,2.4917498197257264e-05,7.022006780482366e-08,1.4142135623730951,1,6.4031242374328485,0.2208630521496931,0.9957510787676723,1.3333333333333333,0,,78,81,36,40,74,78,-7.153538755513696,0.0,0.9999618273771178,True,1,large,0.5255652568220824
BraTS-GLI-02801-101,sustraccion,prediction_component,118,12,5376.0,3.04433440619409e-05,1.0481829363285631e-07,1.4142135623730951,1,5.830951894845301,0.24253562503633297,0.9957510787676723,1.3333333333333333,0,,80,84,121,124,88,91,-6.979562914580636,0.0,0.9999864375771123,True,1,large,0.5255652568220824
BraTS-GLI-02801-101,sustraccion,prediction_component,119,12,5376.0,3.04433440619409e-05,1.0481829363285631e-07,1.4142135623730951,1,5.830951894845301,0.24253562503633297,0.9957510787676723,1.3333333333333333,0,,80,83,136,139,54,58,-6.979562914580636,0.0,0.9999864375771123,True,1,large,0.5255652568220824
BraTS-GLI-02801-101,sustraccion,prediction_component,120,60,23552.0,1.660005631610968e-05,3.116531323629882e-08,1.4142135623730951,1,14.071247279470288,0.10050378152592122,0.5823187634322541,1.4285714285714286,0,,81,91,48,55,27,34,-7.506328503743506,0.0,0.9953839890399713,True,1,large,0.5255652568220824
BraTS-GLI-02801-101,sustraccion,prediction_component,121,173,58624.0,1.2188013641888404e-05,1.6800346415150722e-08,1.4142135623730951,1,23.853720883753127,0.05928691667287522,0.4091311059805809,2.5714285714285716,0,,81,99,62,76,18,25,-7.774681763236201,0.0,0.9567182508598074,True,1,large,0.5255652568220824
BraTS-GLI-02801-101,sustraccion,prediction_component,122,12,5376.0,3.04433440619409e-05,1.0481829363285631e-07,1.4142135623730951,1,5.830951894845301,0.24253562503633297,0.9957510787676723,1.3333333333333333,0,,81,84,79,82,76,80,-6.979562914580636,0.0,0.9999864375771123,True,1,large,0.5255652568220824
BraTS-GLI-02801-101,sustraccion,prediction_component,124,41,19968.0,1.4530548377381444e-05,2.387901360034564e-08,1.4142135623730951,1,13.96424004376894,0.10127393670836667,0.6611244956113513,2.2,0,,81,86,153,160,106,117,-7.621983617106098,0.0,0.9945784800328145,True,1,large,0.5255652568220824
BraTS-GLI-02801-101,sustraccion,prediction_component,126,1367,144896.0,2.478471445840786e-05,6.947366546914162e-08,4.58257569495584,1,32.51153641401772,0.14095229572048185,0.6656046473658334,1.6,1,,82,98,54,69,100,124,-7.158179786903298,0.6931471805599453,0.9994063852069532,True,1,large,0.5255652568220824
BraTS-GLI-02801-101,sustraccion,prediction_component,128,395,114688.0,1.0169980651218193e-05,1.1697488496827894e-08,1.7320508075688772,1,39.370039370059054,0.043994134506405984,0.3805319546464509,2.727272727272727,0,,82,93,80,110,30,53,-7.931907373215639,0.0,0.8958239584994411,True,1,large,0.5255652568220824
BraTS-GLI-02801-101,sustraccion,prediction_component,131,12,6144.0,2.4917498197257264e-05,7.022006780482366e-08,1.4142135623730951,1,6.4031242374328485,0.2208630521496931,0.9957510787676723,1.3333333333333333,0,,83,87,161,165,104,107,-7.153538755513696,0.0,0.9999618273771178,True,1,large,0.5255652568220824
BraTS-GLI-02801-101,sustraccion,prediction_component,132,23,11520.0,1.8601549291990436e-05,3.913367268477547e-08,1.4142135623730951,1,9.9498743710662,0.1421338109037403,0.8016200827808712,1.4,0,,83,88,168,175,99,104,-7.407449391764973,0.0,0.9992436126786495,True,1,large,0.5255652568220824
BraTS-GLI-02801-101,sustraccion,prediction_component,133,14,6144.0,2.9070414563466808e-05,9.557731451212109e-08,1.4142135623730951,1,6.928203230275509,0.20412414523193154,0.9458781407605124,1.0,0,,84,88,59,63,88,92,-7.019645176252469,0.0,0.9999626196017813,True,1,large,0.5255652568220824
BraTS-GLI-02801-101,sustraccion,prediction_component,135,53,19712.0,1.9150487496070958e-05,4.147744930710368e-08,1.4142135623730951,1,12.449899597988733,0.11359236684941297,0.6069029442833568,1.8,0,,84,91,114,119,31,40,-7.382187958789995,0.0,0.9978584650151119,True,1,large,0.5255652568220824
BraTS-GLI-02801-101,sustraccion,prediction_component,137,35,12288.0,2.5694859087164435e-05,7.46697769625946e-08,1.4142135623730951,1,8.774964387392123,0.16116459280507606,0.6969289728874266,1.5,0,,85,89,154,159,59,65,-7.126855145900338,0.0,0.9997348192996469,True,1,large,0.5255652568220824
BraTS-GLI-02801-101,sustraccion,prediction_component,138,14,6144.0,2.9070414563466808e-05,9.557731451212109e-08,1.4142135623730951,1,6.928203230275509,0.20412414523193154,0.9458781407605124,1.0,0,,86,90,53,57,127,131,-7.019645176252469,0.0,0.9999626196017813,True,1,large,0.5255652568220824
BraTS-GLI-02801-101,sustraccion,prediction_component,139,19,8448.0,2.446936747720066e-05,6.771702339772293e-08,1.4142135623730951,1,7.810249675906654,0.1810714920850371,0.8543319874271107,2.0,0,,86,89,55,61,24,28,-7.169302140202132,0.0,0.9998687664821185,True,1,large,0.5255652568220824
BraTS-GLI-02801-101,sustraccion,prediction_component,140,19,9984.0,1.9045691370546972e-05,4.102474198560274e-08,1.4142135623730951,1,9.1104335791443,0.1552301051412666,0.8543319874271107,2.3333333333333335,0,,86,93,73,78,41,44,-7.386954141647967,0.0,0.9995323852310534,True,1,large,0.5255652568220824
BraTS-GLI-02801-101,sustraccion,prediction_component,141,171,54272.0,1.352484731723185e-05,2.0687933690370394e-08,1.4142135623730951,1,24.61706725018234,0.057448498962142616,0.41071998058887493,1.5454545454545454,0,,86,100,78,89,21,38,-7.684282884476074,0.0,0.9675496246893645,True,1,large,0.5255652568220824
BraTS-GLI-02801-101,sustraccion,prediction_component,142,40,16896.0,1.821311123628858e-05,3.7516356453032095e-08,1.4142135623730951,1,14.45683229480096,0.0978231976089037,0.6665885822069456,1.125,0,,86,94,112,120,42,51,-7.425779346443809,0.0,0.9972068031215148,True,1,large,0.5255652568220824
BraTS-GLI-02801-101,sustraccion,prediction_component,144,14,6144.0,2.9070414563466808e-05,9.557731451212109e-08,1.4142135623730951,1,6.928203230275509,0.20412414523193154,0.9458781407605124,1.0,0,,86,90,168,172,72,76,-7.019645176252469,0.0,0.9999626196017813,True,1,large,0.5255652568220824
BraTS-GLI-02801-101,sustraccion,prediction_component,146,17,8448.0,2.1893644584863748e-05,5.421113507463137e-08,1.4142135623730951,1,7.681145747868608,0.1841149235796647,0.8866010210973454,1.6666666666666667,0,,87,92,45,50,129,132,-7.265911499351242,0.0,0.9998405963436189,True,1,large,0.5255652568220824
BraTS-GLI-02801-101,sustraccion,prediction_component,149,34,15360.0,1.7860437523200438e-05,3.607751039216718e-08,1.4142135623730951,1,12.041594578792296,0.1174440439029407,0.7036956967830031,3.3333333333333335,0,,88,91,51,57,34,44,-7.442763439540548,0.0,0.9981589967447391,True,1,large,0.5255652568220824
BraTS-GLI-02801-101,sustraccion,prediction_component,151,22,9984.0,2.2052905797475442e-05,5.500270116629287e-08,1.4142135623730951,1,8.366600265340756,0.16903085094570333,0.8135863258112027,2.0,0,,88,91,161,166,109,115,-7.259615981909213,0.0,0.9997414588399178,True,1,large,0.5255652568220824
BraTS-GLI-02801-101,sustraccion,prediction_component,154,12,5376.0,3.04433440619409e-05,1.0481829363285631e-07,1.4142135623730951,1,5.830951894845301,0.24253562503633297,0.9957510787676723,1.3333333333333333,0,,89,92,104,108,136,139,-6.979562914580636,0.0,0.9999864375771123,True,1,large,0.5255652568220824
BraTS-GLI-02801-101,sustraccion,prediction_component,156,24,12288.0,1.7619331945484184e-05,3.511003390241183e-08,1.4142135623730951,1,9.848857801796104,0.14359163172354764,0.7903281549671363,1.2,0,,89,95,161,167,122,127,-7.4545687511776775,0.0,0.9990953395003086,True,1,large,0.5255652568220824
BraTS-GLI-02801-101,sustraccion,prediction_component,157,45,15360.0,2.3638814368941754e-05,6.31980610243413e-08,1.4142135623730951,1,10.488088481701515,0.13483997249264842,0.6409247308398612,1.4,0,,89,95,162,169,48,53,-7.199296246074371,0.0,0.9993309024782957,True,1,large,0.5255652568220824
BraTS-GLI-02801-101,sustraccion,prediction_component,158,12,5376.0,3.04433440619409e-05,1.0481829363285631e-07,1.4142135623730951,1,5.830951894845301,0.24253562503633297,0.9957510787676723,1.3333333333333333,0,,89,92,174,177,99,103,-6.979562914580636,0.0,0.9999864375771123,True,1,large,0.5255652568220824
BraTS-GLI-02801-101,sustraccion,prediction_component,159,263,87808.0,1.010775299531636e-05,1.1554778226373106e-08,1.7320508075688772,1,34.36568055487916,0.05040059674659824,0.43578430110207583,2.1666666666666665,0,,90,102,90,109,20,46,-7.937238385622924,0.0,0.9185348143144347,True,1,large,0.5255652568220824
BraTS-GLI-02801-101,sustraccion,prediction_component,161,16,6656.0,2.9464563572443515e-05,9.818664009850627e-08,1.4142135623730951,1,6.4031242374328485,0.2208630521496931,0.9046998952817776,1.3333333333333333,0,,90,94,126,129,33,37,-7.007947601074732,0.0,0.9999701751106141,True,1,large,0.5255652568220824
BraTS-GLI-02801-101,sustraccion,prediction_component,162,14,7680.0,2.080109539136373e-05,4.8935585030206e-08,1.4142135623730951,1,8.246211251235321,0.17149858514250885,0.9458781407605124,1.5,0,,91,95,37,43,120,124,-7.310375215276639,0.0,0.999802925077304,True,1,large,0.5255652568220824
BraTS-GLI-02801-101,sustraccion,prediction_component,163,14,6912.0,2.4362533060422576e-05,6.712700278491907e-08,1.4142135623730951,1,7.0710678118654755,0.2,0.9458781407605124,1.6666666666666667,0,,91,95,45,50,39,42,-7.1731027435946135,0.0,0.9999295160342189,True,1,large,0.5255652568220824
BraTS-GLI-02801-101,sustraccion,prediction_component,164,20,8192.0,2.6973983046972178e-05,8.228914195877773e-08,1.4142135623730951,1,6.928203230275509,0.20412414523193154,0.8398489863421099,1.0,0,,91,95,113,117,131,135,-7.084657466105883,0.0,0.9999342348039395,True,1,large,0.5255652568220824
BraTS-GLI-02801-101,sustraccion,prediction_component,168,14,6912.0,2.4362533060422576e-05,6.712700278491907e-08,1.4142135623730951,1,7.0710678118654755,0.2,0.9458781407605124,1.6666666666666667,0,,92,95,58,62,129,134,-7.1731027435946135,0.0,0.9999295160342189,True,1,large,0.5255652568220824
BraTS-GLI-02801-101,sustraccion,prediction_component,169,12,5376.0,3.04433440619409e-05,1.0481829363285631e-07,1.4142135623730951,1,5.830951894845301,0.24253562503633297,0.9957510787676723,1.3333333333333333,0,,92,96,70,73,153,156,-6.979562914580636,0.0,0.9999864375771123,True,1,large,0.5255652568220824
BraTS-GLI-02801-101,sustraccion,prediction_component,170,12,5376.0,3.04433440619409e-05,1.0481829363285631e-07,1.4142135623730951,1,5.830951894845301,0.24253562503633297,0.9957510787676723,1.3333333333333333,0,,92,95,109,113,25,28,-6.979562914580636,0.0,0.9999864375771123,True,1,large,0.5255652568220824
BraTS-GLI-02801-101,sustraccion,prediction_component,171,44,15872.0,2.2004180270320306e-05,5.4759914579626844e-08,1.4142135623730951,1,11.575836902790225,0.12216944435630524,0.6457438947298227,1.1666666666666667,0,,92,98,131,138,42,49,-7.261537237996515,0.0,0.9989545744985835,True,1,large,0.5255652568220824
BraTS-GLI-02801-101,sustraccion,prediction_component,172,24,11520.0,1.9410312304685675e-05,4.261057744126781e-08,1.4142135623730951,1,9.695359714832659,0.14586499149789456,0.7903281549671363,2.3333333333333335,0,,93,99,92,99,47,50,-7.3704825803769465,0.0,0.9993609209972897,True,1,large,0.5255652568220824
BraTS-GLI-02801-101,sustraccion,prediction_component,173,75,30208.0,1.4284936180476664e-05,2.3078574619730337e-08,1.4142135623730951,1,17.97220075561143,0.07868894753646338,0.5405768539900705,2.142857142857143,0,,93,100,97,104,128,143,-7.636791017609104,0.0,0.9874428329651549,True,1,large,0.5255652568220824
BraTS-GLI-02801-101,sustraccion,prediction_component,174,23,10496.0,2.1389079908047943e-05,5.174120984025427e-08,1.4142135623730951,1,9.0,0.15713484026367724,0.8016200827808712,2.0,0,,93,96,118,124,136,142,-7.2861634205981485,0.0,0.9996314730246264,True,1,large,0.5255652568220824
BraTS-GLI-02801-101,sustraccion,prediction_component,175,14,7680.0,2.080109539136373e-05,4.8935585030206e-08,1.4142135623730951,1,8.12403840463596,0.17407765595569785,0.9458781407605124,1.25,0,,93,98,125,129,126,131,-7.310375215276639,0.0,0.9998121431066477,True,1,large,0.5255652568220824
BraTS-GLI-02801-101,sustraccion,prediction_component,176,14,7424.0,2.1886236652063628e-05,5.4174455525669853e-08,1.4142135623730951,1,7.3484692283495345,0.19245008972987526,0.9458781407605124,2.0,0,,93,96,134,137,134,140,-7.26620544481452,0.0,0.999886258292977,True,1,large,0.5255652568220824
BraTS-GLI-02801-101,sustraccion,prediction_component,178,58,23808.0,1.5788600022672175e-05,2.8192891436465365e-08,1.4142135623730951,1,12.68857754044952,0.11145564251507058,0.5889365886474403,2.25,0,,94,102,106,115,129,133,-7.549860381010058,0.0,0.9956766029378322,True,1,large,0.5255652568220824
BraTS-GLI-02801-101,sustraccion,prediction_component,180,14,7680.0,2.080109539136373e-05,4.8935585030206e-08,1.4142135623730951,1,8.12403840463596,0.17407765595569785,0.9458781407605124,1.25,0,,94,99,109,113,47,52,-7.310375215276639,0.0,0.9998121431066477,True,1,large,0.5255652568220824
BraTS-GLI-02801-101,sustraccion,prediction_component,182,21,11520.0,1.6984023266599966e-05,3.262372335347067e-08,1.4142135623730951,1,9.9498743710662,0.1421338109037403,0.8263006657894747,1.4,0,,95,100,60,65,26,33,-7.48646647433232,0.0,0.9990664426467554,True,1,large,0.5255652568220824
BraTS-GLI-02801-101,sustraccion,prediction_component,183,12,6144.0,2.4917498197257264e-05,7.022006780482366e-08,1.4142135623730951,1,6.4031242374328485,0.2208630521496931,0.9957510787676723,1.3333333333333333,0,,95,99,73,76,37,41,-7.153538755513696,0.0,0.9999618273771178,True,1,large,0.5255652568220824
BraTS-GLI-02801-101,sustraccion,prediction_component,185,19,9984.0,1.9045691370546972e-05,4.102474198560274e-08,1.4142135623730951,1,9.1104335791443,0.1552301051412666,0.8543319874271107,2.3333333333333335,0,,95,100,120,127,87,90,-7.386954141647967,0.0,0.9995323852310534,True,1,large,0.5255652568220824
BraTS-GLI-02801-101,sustraccion,prediction_component,186,14,6912.0,2.4362533060422576e-05,6.712700278491907e-08,1.4142135623730951,1,7.0710678118654755,0.2,0.9458781407605124,1.6666666666666667,0,,95,99,147,152,139,142,-7.1731027435946135,0.0,0.9999295160342189,True,1,large,0.5255652568220824
BraTS-GLI-02801-101,sustraccion,prediction_component,187,14,6144.0,2.9070414563466808e-05,9.557731451212109e-08,1.4142135623730951,1,6.928203230275509,0.20412414523193154,0.9458781407605124,1.0,0,,95,99,172,176,64,68,-7.019645176252469,0.0,0.9999626196017813,True,1,large,0.5255652568220824
BraTS-GLI-02801-101,sustraccion,prediction_component,188,26,9984.0,2.6062525033380066e-05,7.682195452151648e-08,1.4142135623730951,1,8.246211251235321,0.17149858514250885,0.7695203069187393,1.5,0,,96,102,76,80,143,147,-7.11451464761199,0.0,0.999832893673548,True,1,large,0.5255652568220824
BraTS-GLI-02801-101,sustraccion,prediction_component,192,14,7680.0,2.080109539136373e-05,4.8935585030206e-08,1.4142135623730951,1,8.246211251235321,0.17149858514250885,0.9458781407605124,1.5,0,,96,100,160,164,91,97,-7.310375215276639,0.0,0.999802925077304,True,1,large,0.5255652568220824
BraTS-GLI-02801-101,sustraccion,prediction_component,193,12,6144.0,2.4917498197257264e-05,7.022006780482366e-08,1.4142135623730951,1,6.4031242374328485,0.2208630521496931,0.9957510787676723,1.3333333333333333,0,,96,100,168,172,126,129,-7.153538755513696,0.0,0.9999618273771178,True,1,large,0.5255652568220824
BraTS-GLI-02801-101,sustraccion,prediction_component,196,21,11520.0,1.6984023266599966e-05,3.262372335347067e-08,1.4142135623730951,1,11.090536506409418,0.12751534261266767,0.8263006657894747,1.4,0,,97,104,107,112,142,149,-7.48646647433232,0.0,0.9987755023446936,True,1,large,0.5255652568220824
BraTS-GLI-02801-101,sustraccion,prediction_component,198,16,7680.0,2.3772680447272836e-05,6.391586616190171e-08,1.4142135623730951,1,6.928203230275509,0.20412414523193154,0.9046998952817776,1.0,0,,97,101,157,161,85,89,-7.194391321321265,0.0,0.9999198591708208,True,1,large,0.5255652568220824
BraTS-GLI-02801-101,sustraccion,prediction_component,199,19,9216.0,2.147533275462963e-05,5.2159350776834036e-08,1.4142135623730951,1,8.12403840463596,0.17407765595569785,0.8543319874271107,1.25,0,,98,103,32,36,46,51,-7.282667822870332,0.0,0.9997743971692276,True,1,large,0.5255652568220824
BraTS-GLI-02801-101,sustraccion,prediction_component,200,16,6656.0,2.9464563572443515e-05,9.818664009850627e-08,1.4142135623730951,1,6.4031242374328485,0.2208630521496931,0.9046998952817776,1.3333333333333333,0,,98,102,127,130,41,45,-7.007947601074732,0.0,0.9999701751106141,True,1,large,0.5255652568220824
BraTS-GLI-02801-101,sustraccion,prediction_component,203,26,11520.0,2.102783833007615e-05,5.000824713593235e-08,1.4142135623730951,1,9.848857801796104,0.14359163172354764,0.7695203069187393,1.2,0,,99,104,53,59,32,38,-7.300958367858523,0.0,0.9994476333976213,True,1,large,0.5255652568220824
BraTS-GLI-02801-101,sustraccion,prediction_component,206,12,6144.0,2.4917498197257264e-05,7.022006780482366e-08,1.4142135623730951,1,6.4031242374328485,0.2208630521496931,0.9957510787676723,1.3333333333333333,0,,99,102,93,97,72,76,-7.153538755513696,0.0,0.9999618273771178,True,1,large,0.5255652568220824
BraTS-GLI-02801-101,sustraccion,prediction_component,207,17,7168.0,2.8012503667152895e-05,8.874752009735003e-08,1.4142135623730951,1,6.928203230275509,0.20412414523193154,0.8866010210973454,1.0,0,,99,103,103,107,32,36,-7.051843773744237,0.0,0.9999495028033363,True,1,large,0.5255652568220824
BraTS-GLI-02801-101,sustraccion,prediction_component,208,107,37120.0,1.496138595155943e-05,2.5316054747485473e-08,1.4142135623730951,1,22.22611077089287,0.06362847629757779,0.48019386632678784,1.5,0,,99,109,156,171,128,141,-7.596603973808633,0.0,0.982772537544121,True,1,large,0.5255652568220824
BraTS-GLI-02801-101,sustraccion,prediction_component,210,12,5376.0,3.04433440619409e-05,1.0481829363285631e-07,1.4142135623730951,1,5.830951894845301,0.24253562503633297,0.9957510787676723,1.3333333333333333,0,,101,104,76,79,22,26,-6.979562914580636,0.0,0.9999864375771123,True,1,large,0.5255652568220824
BraTS-GLI-02801-101,sustraccion,prediction_component,212,26,13824.0,1.5996418595770094e-05,2.8939957833294188e-08,1.4142135623730951,1,11.180339887498949,0.12649110640673517,0.7695203069187393,1.6,0,,101,106,127,133,124,132,-7.538502106001397,0.0,0.9982030056743605,True,1,large,0.5255652568220824
BraTS-GLI-02801-101,sustraccion,prediction_component,217,24,10752.0,2.1526695028193625e-05,5.2409146816428155e-08,1.4142135623730951,1,9.797958971132712,0.14433756729740646,0.7903281549671363,2.0,0,,102,106,73,77,26,34,-7.280592910244617,0.0,0.9995256644261434,True,1,large,0.5255652568220824
BraTS-GLI-02801-101,sustraccion,prediction_component,218,12,6144.0,2.4917498197257264e-05,7.022006780482366e-08,1.4142135623730951,1,6.4031242374328485,0.2208630521496931,0.9957510787676723,1.3333333333333333,0,,102,105,106,110,127,131,-7.153538755513696,0.0,0.9999618273771178,True,1,large,0.5255652568220824
BraTS-GLI-02801-101,sustraccion,prediction_component,220,31,13056.0,2.0780044905057206e-05,4.883659056774402e-08,1.4142135623730951,1,10.677078252031311,0.13245323570650439,0.7257003006213092,1.6,0,,103,108,61,69,22,27,-7.311254663099391,0.0,0.9991923317499125,True,1,large,0.5255652568220824
BraTS-GLI-02801-101,sustraccion,prediction_component,221,12,5376.0,3.04433440619409e-05,1.0481829363285631e-07,1.4142135623730951,1,5.830951894845301,0.24253562503633297,0.9957510787676723,1.3333333333333333,0,,103,107,153,156,138,141,-6.979562914580636,0.0,0.9999864375771123,True,1,large,0.5255652568220824
BraTS-GLI-02801-101,sustraccion,prediction_component,223,38,14592.0,2.1558143832438865e-05,5.256238993577444e-08,1.4142135623730951,1,12.12435565298214,0.11664236870396087,0.6780837477859392,1.0,0,,104,111,161,168,77,84,-7.2793248962579815,0.0,0.9988821503236379,True,1,large,0.5255652568220824
BraTS-GLI-02801-101,sustraccion,prediction_component,225,12,6144.0,2.4917498197257264e-05,7.022006780482366e-08,1.4142135623730951,1,6.4031242374328485,0.2208630521496931,0.9957510787676723,1.3333333333333333,0,,105,109,130,133,120,124,-7.153538755513696,0.0,0.9999618273771178,True,1,large,0.5255652568220824
BraTS-GLI-02801-101,sustraccion,prediction_component,227,12,6144.0,2.4917498197257264e-05,7.022006780482366e-08,1.4142135623730951,1,6.4031242374328485,0.2208630521496931,0.9957510787676723,1.3333333333333333,0,,106,109,176,180,69,73,-7.153538755513696,0.0,0.9999618273771178,True,1,large,0.5255652568220824
BraTS-GLI-02801-101,sustraccion,prediction_component,229,14,7680.0,2.080109539136373e-05,4.8935585030206e-08,1.4142135623730951,1,8.246211251235321,0.17149858514250885,0.9458781407605124,1.5,0,,107,111,121,125,138,144,-7.310375215276639,0.0,0.999802925077304,True,1,large,0.5255652568220824
BraTS-GLI-02801-101,sustraccion,prediction_component,230,34,15360.0,1.7860437523200438e-05,3.607751039216718e-08,1.4142135623730951,1,11.916375287812984,0.11867816581938534,0.7036956967830031,1.8,0,,108,113,110,116,34,43,-7.442763439540548,0.0,0.9982006500134896,True,1,large,0.5255652568220824
BraTS-GLI-02801-101,sustraccion,prediction_component,233,17,7168.0,2.8012503667152895e-05,8.874752009735003e-08,1.4142135623730951,1,6.928203230275509,0.20412414523193154,0.8866010210973454,1.0,0,,110,114,53,57,85,89,-7.051843773744237,0.0,0.9999495028033363,True,1,large,0.5255652568220824
BraTS-GLI-02801-101,sustraccion,prediction_component,234,19,9216.0,2.147533275462963e-05,5.2159350776834036e-08,1.4142135623730951,1,8.774964387392123,0.16116459280507606,0.8543319874271107,1.5,0,,110,116,54,58,33,38,-7.282667822870332,0.0,0.9997132509245771,True,1,large,0.5255652568220824
BraTS-GLI-02801-101,sustraccion,prediction_component,235,12,5376.0,3.04433440619409e-05,1.0481829363285631e-07,1.4142135623730951,1,5.830951894845301,0.24253562503633297,0.9957510787676723,1.3333333333333333,0,,110,114,84,87,24,27,-6.979562914580636,0.0,0.9999864375771123,True,1,large,0.5255652568220824
BraTS-GLI-02801-101,sustraccion,prediction_component,236,17,8448.0,2.1893644584863748e-05,5.421113507463137e-08,1.4142135623730951,1,7.54983443527075,0.1873171623163388,0.8866010210973454,1.25,0,,111,115,32,36,54,59,-7.265911499351242,0.0,0.9998498012717562,True,1,large,0.5255652568220824
BraTS-GLI-02801-101,sustraccion,prediction_component,237,19,8192.0,2.5625283894623568e-05,7.42659506177969e-08,1.4142135623730951,1,7.54983443527075,0.1873171623163388,0.8543319874271107,1.25,0,,111,116,76,80,148,152,-7.1292102555281875,0.0,0.9998989830811925,True,1,large,0.5255652568220824
BraTS-GLI-02801-101,sustraccion,prediction_component,239,26,12288.0,1.9087609607607868e-05,4.1205525899358324e-08,1.4142135623730951,1,9.9498743710662,0.1421338109037403,0.7695203069187393,1.4,0,,112,117,44,49,42,49,-7.385044538659253,0.0,0.9992298073002771,True,1,large,0.5255652568220824
BraTS-GLI-02801-101,sustraccion,prediction_component,240,28,13056.0,1.8769072817471026e-05,3.9841713845069e-08,1.4142135623730951,1,9.9498743710662,0.1421338109037403,0.7507439778384809,1.4,0,,112,117,56,61,69,76,-7.399661988083499,0.0,0.9991391836473612,True,1,large,0.5255652568220824
BraTS-GLI-02801-101,sustraccion,prediction_component,242,14,6144.0,2.9070414563466808e-05,9.557731451212109e-08,1.4142135623730951,1,6.928203230275509,0.20412414523193154,0.9458781407605124,1.0,0,,112,116,150,154,78,82,-7.019645176252469,0.0,0.9999626196017813,True,1,large,0.5255652568220824
BraTS-GLI-02801-101,sustraccion,prediction_component,243,12,5376.0,3.04433440619409e-05,1.0481829363285631e-07,1.4142135623730951,1,5.830951894845301,0.24253562503633297,0.9957510787676723,1.3333333333333333,0,,113,116,31,34,60,64,-6.979562914580636,0.0,0.9999864375771123,True,1,large,0.5255652568220824
BraTS-GLI-02801-101,sustraccion,prediction_component,245,32,12800.0,2.209708691207961e-05,5.522330836388308e-08,1.4142135623730951,1,9.797958971132712,0.14433756729740646,0.7180607827429069,2.0,0,,115,119,75,79,126,134,-7.257877578842372,0.0,0.999453602260154,True,1,large,0.5255652568220824
BraTS-GLI-02801-101,sustraccion,prediction_component,248,53,19456.0,1.952969825365532e-05,4.313635452626104e-08,1.4142135623730951,1,14.594519519326424,0.09690031662230185,0.6069029442833568,1.4285714285714286,0,,115,125,91,98,30,38,-7.365156560114924,0.0,0.9972567990794962,True,1,large,0.5255652568220824
BraTS-GLI-02801-101,sustraccion,prediction_component,251,12,6144.0,2.4917498197257264e-05,7.022006780482366e-08,1.4142135623730951,1,6.4031242374328485,0.2208630521496931,0.9957510787676723,1.3333333333333333,0,,117,120,44,48,116,120,-7.153538755513696,0.0,0.9999618273771178,True,1,large,0.5255652568220824
BraTS-GLI-02801-101,sustraccion,prediction_component,252,44,17920.0,1.834195689547758e-05,3.804904058872684e-08,1.4142135623730951,1,12.083045973594572,0.11704114719613057,0.6457438947298227,2.25,0,,117,124,86,90,116,125,-7.419656289544523,0.0,0.9979592992262849,True,1,large,0.5255652568220824
BraTS-GLI-02801-101,sustraccion,prediction_component,254,56,22528.0,1.6561667863206598e-05,3.102133724210091e-08,1.4142135623730951,1,14.7648230602334,0.09578262852211515,0.5958658900897977,2.75,0,,118,129,136,140,37,46,-7.5083394849122325,0.0,0.9951338914000839,True,1,large,0.5255652568220824
BraTS-GLI-02801-101,sustraccion,prediction_component,255,14,6912.0,2.4362533060422576e-05,6.712700278491907e-08,1.4142135623730951,1,7.0710678118654755,0.2,0.9458781407605124,1.6666666666666667,0,,119,123,143,146,73,78,-7.1731027435946135,0.0,0.9999295160342189,True,1,large,0.5255652568220824
BraTS-GLI-02801-101,sustraccion,prediction_component,257,12,5376.0,3.04433440619409e-05,1.0481829363285631e-07,1.4142135623730951,1,5.830951894845301,0.24253562503633297,0.9957510787676723,1.3333333333333333,0,,120,123,134,137,77,81,-6.979562914580636,0.0,0.9999864375771123,True,1,large,0.5255652568220824
BraTS-GLI-02801-101,sustraccion,prediction_component,258,19,9216.0,2.147533275462963e-05,5.2159350776834036e-08,1.4142135623730951,1,8.366600265340756,0.16903085094570333,0.8543319874271107,2.0,0,,121,127,71,74,49,54,-7.282667822870332,0.0,0.9997522274993911,True,1,large,0.5255652568220824
BraTS-GLI-02801-101,sustraccion,prediction_component,259,65,21504.0,2.0612680875272486e-05,4.8053091427823126e-08,1.4142135623730951,1,12.36931687685298,0.11433239009500591,0.5669874099064106,1.5,0,,122,128,65,74,138,144,-7.318278667374061,0.0,0.9981044120612087,True,1,large,0.5255652568220824
BraTS-GLI-02801-101,sustraccion,prediction_component,264,21,9984.0,2.1050500988499285e-05,5.011609755027925e-08,1.4142135623730951,1,9.1104335791443,0.1552301051412666,0.8263006657894747,2.3333333333333335,0,,126,131,58,65,133,136,-7.300022754085787,0.0,0.9996280562766693,True,1,large,0.5255652568220824
BraTS-GLI-02801-101,sustraccion,prediction_component,265,12,5376.0,3.04433440619409e-05,1.0481829363285631e-07,1.4142135623730951,1,5.830951894845301,0.24253562503633297,0.9957510787676723,1.3333333333333333,0,,126,129,93,97,142,145,-6.979562914580636,0.0,0.9999864375771123,True,1,large,0.5255652568220824
BraTS-GLI-02801-101,sustraccion,prediction_component,268,29,11776.0,2.2693490619119486e-05,5.824450762606069e-08,1.4142135623730951,1,8.246211251235321,0.17149858514250885,0.742013605090188,1.5,0,,128,134,63,67,71,75,-7.234745021720937,0.0,0.9997183388933533,True,1,large,0.5255652568220824
BraTS-GLI-02801-101,sustraccion,prediction_component,269,42,16640.0,1.9566777541867316e-05,4.330030828344127e-08,1.4142135623730951,1,12.206555615733702,0.11585688927269847,0.6558352730581178,1.3333333333333333,0,,128,135,71,77,41,49,-7.363509011606894,0.0,0.9983506787435026,True,1,large,0.5255652568220824
BraTS-GLI-02801-101,sustraccion,prediction_component,271,14,7680.0,2.080109539136373e-05,4.8935585030206e-08,1.4142135623730951,1,7.54983443527075,0.1873171623163388,0.9458781407605124,1.25,0,,128,132,148,152,124,129,-7.310375215276639,0.0,0.9998530982054296,True,1,large,0.5255652568220824
BraTS-GLI-02801-101,sustraccion,prediction_component,273,46,18688.0,1.800584857603143e-05,3.6667353081229503e-08,1.4142135623730951,1,14.071247279470288,0.10050378152592122,0.6362462813425951,1.5,0,,130,139,71,77,127,136,-7.435720439472347,0.0,0.996973672382526,True,1,large,0.5255652568220824
BraTS-GLI-02801-101,sustraccion,prediction_component,275,66,22528.0,1.951910855306492e-05,4.308958706205088e-08,1.4142135623730951,1,11.916375287812984,0.11867816581938534,0.5641092516587063,1.8,0,,131,136,77,86,134,140,-7.365627667840896,0.0,0.9979049403652608,True,1,large,0.5255652568220824
BraTS-GLI-02801-101,sustraccion,prediction_component,276,14,6144.0,2.9070414563466808e-05,9.557731451212109e-08,1.4142135623730951,1,6.928203230275509,0.20412414523193154,0.9458781407605124,1.0,0,,131,135,99,103,44,48,-7.019645176252469,0.0,0.9999626196017813,True,1,large,0.5255652568220824
BraTS-GLI-02801-101,sustraccion,prediction_component,278,146,50432.0,1.2891206597788616e-05,1.8794877983252304e-08,1.4142135623730951,1,26.19160170741759,0.053994924715603895,0.432939205348602,1.9,0,,134,149,98,108,40,59,-7.725960489390032,0.0,0.9626129922252908,True,1,large,0.5255652568220824
BraTS-GLI-02801-101,sustraccion,prediction_component,279,24,9984.0,2.4057715415427756e-05,6.545776006567085e-08,1.4142135623730951,1,8.602325267042627,0.1643989873053573,0.7903281549671363,2.3333333333333335,0,,134,138,158,161,109,116,-7.184038860130413,0.0,0.9997698810343467,True,1,large,0.5255652568220824
BraTS-GLI-02801-101,sustraccion,prediction_component,283,12,5376.0,3.04433440619409e-05,1.0481829363285631e-07,1.4142135623730951,1,5.830951894845301,0.24253562503633297,0.9957510787676723,1.3333333333333333,0,,135,139,120,123,58,61,-6.979562914580636,0.0,0.9999864375771123,True,1,large,0.5255652568220824
BraTS-GLI-02801-101,sustraccion,prediction_component,284,14,7680.0,2.080109539136373e-05,4.8935585030206e-08,1.4142135623730951,1,7.54983443527075,0.1873171623163388,0.9458781407605124,1.25,0,,135,140,124,128,57,61,-7.310375215276639,0.0,0.9998530982054296,True,1,large,0.5255652568220824
BraTS-GLI-02801-101,sustraccion,prediction_component,286,22,9472.0,2.386492900600362e-05,6.441287249488336e-08,1.4142135623730951,1,8.12403840463596,0.17407765595569785,0.8135863258112027,1.25,0,,137,142,86,90,48,53,-7.1910273330307,0.0,0.9998165162918713,True,1,large,0.5255652568220824
BraTS-GLI-02801-101,sustraccion,prediction_component,287,12,6144.0,2.4917498197257264e-05,7.022006780482366e-08,1.4142135623730951,1,6.4031242374328485,0.2208630521496931,0.9957510787676723,1.3333333333333333,0,,137,140,117,121,54,58,-7.153538755513696,0.0,0.9999618273771178,True,1,large,0.5255652568220824
BraTS-GLI-02801-101,sustraccion,prediction_component,289,19,7680.0,2.8230058031136492e-05,9.013135814236922e-08,1.4142135623730951,1,7.54983443527075,0.1873171623163388,0.8543319874271107,1.25,0,,138,143,64,68,97,101,-7.0451240847274565,0.0,0.9999255780780073,True,1,large,0.5255652568220824
BraTS-GLI-02801-101,sustraccion,prediction_component,290,294,80384.0,1.2900095052111698e-05,1.882080496006811e-08,1.7320508075688772,1,36.6742416417845,0.04722799245548623,0.4198953388336317,2.727272727272727,0,,138,149,64,82,93,123,-7.725361805869458,0.0,0.9562426088674019,True,1,large,0.5255652568220824
BraTS-GLI-02801-101,sustraccion,prediction_component,292,12,6144.0,2.4917498197257264e-05,7.022006780482366e-08,1.4142135623730951,1,6.4031242374328485,0.2208630521496931,0.9957510787676723,1.3333333333333333,0,,139,142,99,103,128,132,-7.153538755513696,0.0,0.9999618273771178,True,1,large,0.5255652568220824
BraTS-GLI-02801-101,sustraccion,prediction_component,293,14,6144.0,2.9070414563466808e-05,9.557731451212109e-08,1.4142135623730951,1,6.928203230275509,0.20412414523193154,0.9458781407605124,1.0,0,,139,143,104,108,107,111,-7.019645176252469,0.0,0.9999626196017813,True,1,large,0.5255652568220824
BraTS-GLI-02801-101,sustraccion,prediction_component,294,126,43264.0,1.4001692649066909e-05,2.2172438242545028e-08,1.4142135623730951,1,25.787593916455254,0.05484084971070818,0.45473078069167316,1.8181818181818181,0,,139,150,105,117,111,131,-7.654186546080022,0.0,0.97320621208797,True,1,large,0.5255652568220824
BraTS-GLI-02801-101,sustraccion,prediction_component,297,26,9984.0,2.6062525033380066e-05,7.682195452151648e-08,1.4142135623730951,1,9.273618495495704,0.15249857033260467,0.7695203069187393,1.2,0,,141,146,61,66,104,110,-7.11451464761199,0.0,0.9997621755906113,True,1,large,0.5255652568220824
BraTS-GLI-02801-101,sustraccion,prediction_component,298,12,5376.0,3.04433440619409e-05,1.0481829363285631e-07,1.4142135623730951,1,5.830951894845301,0.24253562503633297,0.9957510787676723,1.3333333333333333,0,,142,145,61,64,76,80,-6.979562914580636,0.0,0.9999864375771123,True,1,large,0.5255652568220824
BraTS-GLI-02801-101,sustraccion,prediction_component,302,19,9216.0,2.147533275462963e-05,5.2159350776834036e-08,1.4142135623730951,1,8.602325267042627,0.1643989873053573,0.8543319874271107,2.3333333333333335,0,,148,152,96,103,82,85,-7.282667822870332,0.0,0.9997299688719437,True,1,large,0.5255652568220824
BraTS-GLI-02801-101,sustraccion,prediction_component,304,19,9216.0,2.147533275462963e-05,5.2159350776834036e-08,1.4142135623730951,1,8.12403840463596,0.17407765595569785,0.8543319874271107,1.25,0,,149,154,130,134,98,103,-7.282667822870332,0.0,0.9997743971692276,True,1,large,0.5255652568220824
BraTS-GLI-02801-101,gmm_2d,prediction_component,1,25,9984.0,2.5060120224403912e-05,7.102621534903521e-08,1.7320508075688772,1,8.660254037844387,0.19999999999999996,0.9548683406603533,1.0,0,,15,20,84,89,70,75,-7.14858132620955,0.0,0.9999372968689848,True,1,large,0.5255652568220824
BraTS-GLI-02801-101,gmm_2d,prediction_component,2,25,9984.0,2.5060120224403912e-05,7.102621534903521e-08,1.7320508075688772,1,8.660254037844387,0.19999999999999996,0.9548683406603533,1.0,0,,15,20,85,90,97,102,-7.14858132620955,0.0,0.9999372968689848,True,1,large,0.5255652568220824
BraTS-GLI-02801-101,gmm_2d,prediction_component,3,25,9984.0,2.5060120224403912e-05,7.102621534903521e-08,1.7320508075688772,1,8.660254037844387,0.19999999999999996,0.9548683406603533,1.0,0,,16,21,87,92,103,108,-7.14858132620955,0.0,0.9999372968689848,True,1,large,0.5255652568220824
BraTS-GLI-02801-101,gmm_2d,prediction_component,4,63,23808.0,1.7149686231523227e-05,3.326325389754192e-08,1.7320508075688772,1,12.884098726725126,0.13443321448446624,0.7016868116919668,1.5,0,,17,24,84,90,51,60,-7.478035269228769,0.0,0.9984636597684499,True,1,large,0.5255652568220824
BraTS-GLI-02801-101,gmm_2d,prediction_component,5,38,12544.0,2.7047649416909622e-05,8.273922157753891e-08,1.7320508075688772,1,9.273618495495704,0.18677184190940707,0.8304795924748166,1.2,0,,23,28,63,68,43,49,-7.082288569326049,0.0,0.9999073465642991,True,1,large,0.5255652568220824
BraTS-GLI-02801-101,gmm_2d,prediction_component,6,38,12544.0,2.7047649416909622e-05,8.273922157753891e-08,1.7320508075688772,1,9.273618495495704,0.18677184190940707,0.8304795924748166,1.2,0,,23,28,69,74,41,47,-7.082288569326049,0.0,0.9999073465642991,True,1,large,0.5255652568220824
BraTS-GLI-02801-101,gmm_2d,prediction_component,7,59,17664.0,2.513150097677615e-05,7.143141094686828e-08,1.7320508075688772,1,11.0,0.15745916432444337,0.71719869927557,1.1666666666666667,0,,23,29,70,77,99,105,-7.146110771401605,0.0,0.9997138947370532,True,1,large,0.5255652568220824
BraTS-GLI-02801-101,gmm_2d,prediction_component,8,38,12544.0,2.7047649416909622e-05,8.273922157753891e-08,1.7320508075688772,1,9.273618495495704,0.18677184190940707,0.8304795924748166,1.2,0,,24,29,60,66,98,103,-7.082288569326049,0.0,0.9999073465642991,True,1,large,0.5255652568220824
BraTS-GLI-02801-101,gmm_2d,prediction_component,9,1421,296704.0,8.792431145906698e-06,8.743198239188361e-09,2.449489742783178,1,47.042533945356304,0.05206968114490724,0.35121560366036925,1.3043478260869565,4,,24,47,70,98,73,103,-8.058329674509976,1.6094379124341003,0.7757800208596883,True,1,large,0.5255652568220824
BraTS-GLI-02801-101,gmm_2d,prediction_component,10,25,9984.0,2.5060120224403912e-05,7.102621534903521e-08,1.7320508075688772,1,8.660254037844387,0.19999999999999996,0.9548683406603533,1.0,0,,25,30,67,72,82,87,-7.14858132620955,0.0,0.9999372968689848,True,1,large,0.5255652568220824
BraTS-GLI-02801-101,gmm_2d,prediction_component,11,7984,1854208.0,3.162152804673197e-06,1.1308840491238982e-09,3.0,1,125.57467897629681,0.02389016658817239,0.24196020756502995,1.8958333333333333,39,,27,75,40,112,47,138,-8.946581921517646,3.6888794541139363,0.029086483385739083,False,1,large,0.5255652568220824
BraTS-GLI-02801-101,gmm_2d,prediction_component,12,110,35328.0,1.6565864608713758e-05,3.103706091845397e-08,1.7320508075688772,1,17.0,0.10188534162169866,0.5827191206450295,1.5,0,,27,39,65,73,136,145,-7.508119411361387,0.0,0.9954767761242598,True,1,large,0.5255652568220824
BraTS-GLI-02801-101,gmm_2d,prediction_component,13,25,9984.0,2.5060120224403912e-05,7.102621534903521e-08,1.7320508075688772,1,8.660254037844387,0.19999999999999996,0.9548683406603533,1.0,0,,27,32,70,75,79,84,-7.14858132620955,0.0,0.9999372968689848,True,1,large,0.5255652568220824
BraTS-GLI-02801-101,gmm_2d,prediction_component,14,174,42496.0,1.986219165817105e-05,4.4617651807939135e-08,2.23606797749979,1,17.233687939614086,0.1297498240269205,0.6456514378224489,1.625,2,,31,39,83,96,101,109,-7.350493290029093,1.0986122886681098,0.9982235056520311,True,1,large,0.5255652568220824
BraTS-GLI-02801-101,gmm_2d,prediction_component,15,60,20224.0,2.0861746580659564e-05,4.922137079084425e-08,1.7320508075688772,1,11.74734012447073,0.14744195615489714,0.7131919190287451,1.6,0,,32,39,41,46,100,108,-7.307846295578164,0.0,0.9993721683330419,True,1,large,0.5255652568220824
BraTS-GLI-02801-101,gmm_2d,prediction_component,16,83,25344.0,2.05714712226056e-05,4.786114437128483e-08,1.7320508075688772,1,13.601470508735444,0.12734290799340264,0.6400749038798939,1.6666666666666667,0,,35,45,95,102,104,110,-7.32001692151463,0.0,0.9988048744881236,True,1,large,0.5255652568220824
BraTS-GLI-02801-101,gmm_2d,prediction_component,17,95,31488.0,1.7002234044200582e-05,3.269372112359412e-08,1.7320508075688772,1,16.55294535724685,0.10463701596227336,0.6119025955310512,1.7142857142857142,0,,36,48,42,51,107,114,-7.485535646214626,0.0,0.9963800248782955,True,1,large,0.5255652568220824
BraTS-GLI-02801-101,gmm_2d,prediction_component,18,436,86784.0,1.7054028875915767e-05,3.289321785744038e-08,3.0,1,26.92582403567252,0.11141720290623112,0.6377570890211914,2.0,1,,36,46,85,100,116,136,-7.482893638546202,0.6931471805599453,0.996365603816531,True,1,large,0.5255652568220824
BraTS-GLI-02801-101,gmm_2d,prediction_component,19,38,12544.0,2.7047649416909622e-05,8.273922157753891e-08,1.7320508075688772,1,9.273618495495704,0.18677184190940707,0.8304795924748166,1.2,0,,37,43,59,64,37,42,-7.082288569326049,0.0,0.9999073465642991,True,1,large,0.5255652568220824
BraTS-GLI-02801-101,gmm_2d,prediction_component,20,25,9984.0,2.5060120224403912e-05,7.102621534903521e-08,1.7320508075688772,1,8.660254037844387,0.19999999999999996,0.9548683406603533,1.0,0,,38,43,34,39,61,66,-7.14858132620955,0.0,0.9999372968689848,True,1,large,0.5255652568220824
BraTS-GLI-02801-101,gmm_2d,prediction_component,21,25,9984.0,2.5060120224403912e-05,7.102621534903521e-08,1.7320508075688772,1,8.660254037844387,0.19999999999999996,0.9548683406603533,1.0,0,,38,43,56,61,137,142,-7.14858132620955,0.0,0.9999372968689848,True,1,large,0.5255652568220824
BraTS-GLI-02801-101,gmm_2d,prediction_component,22,131,39680.0,1.6573483506525225e-05,3.106561633391657e-08,1.7320508075688772,1,18.920887928424502,0.091541729654603,0.5497514690702996,1.5555555555555556,0,,38,52,88,97,61,70,-7.507720025673473,0.0,0.993946699988202,True,1,large,0.5255652568220824
BraTS-GLI-02801-101,gmm_2d,prediction_component,23,1327,281600.0,8.880183643792e-06,8.918591407084983e-09,2.449489742783178,1,43.94314508543966,0.0557422491726657,0.35932010727793046,1.5263157894736843,5,,38,57,104,131,42,71,-8.049703732219932,1.791759469228055,0.7872035257464167,True,1,large,0.5255652568220824
BraTS-GLI-02801-101,gmm_2d,prediction_component,24,25,9984.0,2.5060120224403912e-05,7.102621534903521e-08,1.7320508075688772,1,8.660254037844387,0.19999999999999996,0.9548683406603533,1.0,0,,40,45,74,79,35,40,-7.14858132620955,0.0,0.9999372968689848,True,1,large,0.5255652568220824
BraTS-GLI-02801-101,gmm_2d,prediction_component,25,25,9984.0,2.5060120224403912e-05,7.102621534903521e-08,1.7320508075688772,1,8.660254037844387,0.19999999999999996,0.9548683406603533,1.0,0,,42,47,37,42,50,55,-7.14858132620955,0.0,0.9999372968689848,True,1,large,0.5255652568220824
BraTS-GLI-02801-101,gmm_2d,prediction_component,26,38,12544.0,2.7047649416909622e-05,8.273922157753891e-08,1.7320508075688772,1,9.273618495495704,0.18677184190940707,0.8304795924748166,1.2,0,,42,47,108,113,86,92,-7.082288569326049,0.0,0.9999073465642991,True,1,large,0.5255652568220824
BraTS-GLI-02801-101,gmm_2d,prediction_component,27,86,26880.0,1.9514370878342133e-05,4.3068672206033626e-08,1.7320508075688772,1,13.379088160259652,0.1294595556006309,0.6325439118228858,1.2857142857142858,0,,44,53,40,47,42,49,-7.365838517196806,0.0,0.998610983081224,True,1,large,0.5255652568220824
BraTS-GLI-02801-101,gmm_2d,prediction_component,28,88,32512.0,1.5011259848021117e-05,2.548511859731956e-08,1.7320508075688772,1,16.30950643030009,0.1061988488107183,0.627715144031263,1.375,0,,44,52,78,87,36,47,-7.593713341041661,0.0,0.9950459769457286,True,1,large,0.5255652568220824
BraTS-GLI-02801-101,gmm_2d,prediction_component,29,308,95232.0,1.0480363808153082e-05,1.242238802963757e-08,2.0,1,30.166206257996713,0.06629935441317959,0.4773929046537997,1.2666666666666666,1,,44,59,117,135,130,149,-7.9057949091189315,0.6931471805599453,0.9394326044349043,True,1,large,0.5255652568220824
BraTS-GLI-02801-101,gmm_2d,prediction_component,30,25,9984.0,2.5060120224403912e-05,7.102621534903521e-08,1.7320508075688772,1,8.660254037844387,0.19999999999999996,0.9548683406603533,1.0,0,,44,49,124,129,37,42,-7.14858132620955,0.0,0.9999372968689848,True,1,large,0.5255652568220824
BraTS-GLI-02801-101,gmm_2d,prediction_component,31,50,19968.0,1.772018094802615e-05,3.551310767451761e-08,1.7320508075688772,1,12.884098726725126,0.13443321448446624,0.757879504227687,1.5,0,,45,54,24,31,82,88,-7.449611321873531,0.0,0.9988355248259867,True,1,large,0.5255652568220824
BraTS-GLI-02801-101,gmm_2d,prediction_component,32,25,9984.0,2.5060120224403912e-05,7.102621534903521e-08,1.7320508075688772,1,8.660254037844387,0.19999999999999996,0.9548683406603533,1.0,0,,45,50,70,75,35,40,-7.14858132620955,0.0,0.9999372968689848,True,1,large,0.5255652568220824
BraTS-GLI-02801-101,gmm_2d,prediction_component,33,106,35328.0,1.596346953203326e-05,2.8820860866094943e-08,1.7320508075688772,1,17.11724276862369,0.1011874886032327,0.5899586077282516,1.7142857142857142,0,,45,55,129,141,50,57,-7.540293051148296,0.0,0.9949663318987897,True,1,large,0.5255652568220824
BraTS-GLI-02801-101,gmm_2d,prediction_component,34,63,21760.0,1.9626922740371293e-05,4.3566914089582954e-08,1.7320508075688772,1,12.68857754044952,0.136504726557987,0.7016868116919668,2.0,0,,46,51,54,60,50,60,-7.3608432007098425,0.0,0.9990337942534381,True,1,large,0.5255652568220824
BraTS-GLI-02801-101,gmm_2d,prediction_component,35,85,29952.0,1.6397596111815182e-05,3.0409742571661004e-08,1.7320508075688772,1,14.730919862656235,0.11757927025044307,0.6350148115649618,1.6666666666666667,0,,46,52,65,75,41,50,-7.516987256284027,0.0,0.9970277459982211,True,1,large,0.5255652568220824
BraTS-GLI-02801-101,gmm_2d,prediction_component,36,85,23296.0,2.3905448124507173e-05,6.463178523248067e-08,1.7320508075688772,1,12.806248474865697,0.13525044520011484,0.6350148115649618,1.3333333333333333,0,,46,52,114,122,124,132,-7.189553848008823,0.0,0.9993472202312791,True,1,large,0.5255652568220824
BraTS-GLI-02801-101,gmm_2d,prediction_component,37,44,13824.0,2.7070862238995545e-05,8.288129935688987e-08,1.7320508075688772,1,10.392304845413264,0.16666666666666666,0.7908715233027805,1.0,0,,46,52,126,132,123,129,-7.081543448970658,0.0,0.9998482248433442,True,1,large,0.5255652568220824
BraTS-GLI-02801-101,gmm_2d,prediction_component,38,25,9984.0,2.5060120224403912e-05,7.102621534903521e-08,1.7320508075688772,1,8.660254037844387,0.19999999999999996,0.9548683406603533,1.0,0,,47,52,42,47,131,136,-7.14858132620955,0.0,0.9999372968689848,True,1,large,0.5255652568220824
BraTS-GLI-02801-101,gmm_2d,prediction_component,39,25,9984.0,2.5060120224403912e-05,7.102621534903521e-08,1.7320508075688772,1,8.660254037844387,0.19999999999999996,0.9548683406603533,1.0,0,,47,52,93,98,30,35,-7.14858132620955,0.0,0.9999372968689848,True,1,large,0.5255652568220824
BraTS-GLI-02801-101,gmm_2d,prediction_component,40,25,9984.0,2.5060120224403912e-05,7.102621534903521e-08,1.7320508075688772,1,8.660254037844387,0.19999999999999996,0.9548683406603533,1.0,0,,48,53,27,32,96,101,-7.14858132620955,0.0,0.9999372968689848,True,1,large,0.5255652568220824
BraTS-GLI-02801-101,gmm_2d,prediction_component,41,59,19456.0,2.1740607489918187e-05,5.3455909614067176e-08,1.7320508075688772,1,11.661903789690601,0.14852213144650114,0.71719869927557,1.3333333333333333,0,,48,54,60,68,55,61,-7.272004276032213,0.0,0.9994664090889093,True,1,large,0.5255652568220824
BraTS-GLI-02801-101,gmm_2d,prediction_component,42,25,9984.0,2.5060120224403912e-05,7.102621534903521e-08,1.7320508075688772,1,8.660254037844387,0.19999999999999996,0.9548683406603533,1.0,0,,48,53,61,66,136,141,-7.14858132620955,0.0,0.9999372968689848,True,1,large,0.5255652568220824
BraTS-GLI-02801-101,gmm_2d,prediction_component,43,25,9984.0,2.5060120224403912e-05,7.102621534903521e-08,1.7320508075688772,1,8.660254037844387,0.19999999999999996,0.9548683406603533,1.0,0,,48,53,64,69,27,32,-7.14858132620955,0.0,0.9999372968689848,True,1,large,0.5255652568220824
BraTS-GLI-02801-101,gmm_2d,prediction_component,44,11849,2489600.0,3.0163889177225525e-06,1.029027654885384e-09,3.4641016151377544,1,126.58988901172162,0.02736475750300243,0.24493993201555947,2.475,54,,48,116,30,129,123,163,-8.987572953514796,4.007333185232471,0.02450481171526133,False,1,large,0.5255652568220824
BraTS-GLI-02801-101,gmm_2d,prediction_component,45,25,9984.0,2.5060120224403912e-05,7.102621534903521e-08,1.7320508075688772,1,8.660254037844387,0.19999999999999996,0.9548683406603533,1.0,0,,48,53,126,131,34,39,-7.14858132620955,0.0,0.9999372968689848,True,1,large,0.5255652568220824
BraTS-GLI-02801-101,gmm_2d,prediction_component,46,60,20224.0,2.0861746580659564e-05,4.922137079084425e-08,1.7320508075688772,1,11.74734012447073,0.14744195615489714,0.7131919190287451,1.6,0,,49,57,33,38,97,104,-7.307846295578164,0.0,0.9993721683330419,True,1,large,0.5255652568220824
BraTS-GLI-02801-101,gmm_2d,prediction_component,47,140,45312.0,1.4514704151272847e-05,2.382696625760472e-08,1.7320508075688772,1,20.83266665599966,0.08314109932105399,0.5377092223857131,2.125,0,,49,57,102,119,147,156,-7.622931250203071,0.0,0.9888930152707742,True,1,large,0.5255652568220824
BraTS-GLI-02801-101,gmm_2d,prediction_component,48,50,19968.0,1.772018094802615e-05,3.551310767451761e-08,1.7320508075688772,1,12.12435565298214,0.14285714285714285,0.757879504227687,1.0,0,,50,57,46,53,136,143,-7.449611321873531,0.0,0.9990040482438675,True,1,large,0.5255652568220824
BraTS-GLI-02801-101,gmm_2d,prediction_component,49,38,13824.0,2.3379381024587062e-05,6.181848980958109e-08,1.7320508075688772,1,9.848857801796104,0.17586311452816475,0.8304795924748166,1.2,0,,50,56,59,64,27,33,-7.2088816087094125,0.0,0.9998202678928552,True,1,large,0.5255652568220824
BraTS-GLI-02801-101,gmm_2d,prediction_component,50,25,9984.0,2.5060120224403912e-05,7.102621534903521e-08,1.7320508075688772,1,8.660254037844387,0.19999999999999996,0.9548683406603533,1.0,0,,50,55,115,120,119,124,-7.14858132620955,0.0,0.9999372968689848,True,1,large,0.5255652568220824
BraTS-GLI-02801-101,gmm_2d,prediction_component,51,46,16896.0,2.0945077921731866e-05,4.961538140913494e-08,1.7320508075688772,1,11.0,0.15745916432444337,0.7792393700163133,1.1666666666666667,0,,50,56,122,129,30,36,-7.3043836657365855,0.0,0.9995805115715526,True,1,large,0.5255652568220824
BraTS-GLI-02801-101,gmm_2d,prediction_component,52,25,9984.0,2.5060120224403912e-05,7.102621534903521e-08,1.7320508075688772,1,8.660254037844387,0.19999999999999996,0.9548683406603533,1.0,0,,51,56,86,91,137,142,-7.14858132620955,0.0,0.9999372968689848,True,1,large,0.5255652568220824
BraTS-GLI-02801-101,gmm_2d,prediction_component,53,25,9984.0,2.5060120224403912e-05,7.102621534903521e-08,1.7320508075688772,1,8.660254037844387,0.19999999999999996,0.9548683406603533,1.0,0,,51,56,131,136,34,39,-7.14858132620955,0.0,0.9999372968689848,True,1,large,0.5255652568220824
BraTS-GLI-02801-101,gmm_2d,prediction_component,54,108,29440.0,2.1380460107412086e-05,5.169951482143139e-08,2.23606797749979,1,13.96424004376894,0.16012815380508716,0.7569025239703049,2.2,2,,52,63,29,36,90,95,-7.286513532561063,1.0986122886681098,0.9994321579236671,True,1,large,0.5255652568220824
BraTS-GLI-02801-101,gmm_2d,prediction_component,55,38,13824.0,2.3379381024587062e-05,6.181848980958109e-08,1.7320508075688772,1,9.848857801796104,0.17586311452816475,0.8304795924748166,1.2,0,,52,57,33,39,49,55,-7.2088816087094125,0.0,0.9998202678928552,True,1,large,0.5255652568220824
BraTS-GLI-02801-101,gmm_2d,prediction_component,56,38,13824.0,2.3379381024587062e-05,6.181848980958109e-08,1.7320508075688772,1,9.848857801796104,0.17586311452816475,0.8304795924748166,1.2,0,,52,57,51,57,32,38,-7.2088816087094125,0.0,0.9998202678928552,True,1,large,0.5255652568220824
BraTS-GLI-02801-101,gmm_2d,prediction_component,57,103,27392.0,2.2719648613578635e-05,5.837885783337558e-08,2.23606797749979,1,13.30413469565007,0.1680731613632036,0.768957133841457,1.1428571428571428,1,,52,60,106,113,129,137,-7.2337444061194125,0.6931471805599453,0.9996573131236722,True,1,large,0.5255652568220824
BraTS-GLI-02801-101,gmm_2d,prediction_component,58,118,37632.0,1.616389636203797e-05,2.9549115657270233e-08,1.7320508075688772,1,15.84297951775486,0.10932607756185055,0.5692409848501322,1.5714285714285714,0,,53,60,106,117,111,120,-7.529455512106405,0.0,0.9955611307405684,True,1,large,0.5255652568220824
BraTS-GLI-02801-101,gmm_2d,prediction_component,59,25,9984.0,2.5060120224403912e-05,7.102621534903521e-08,1.7320508075688772,1,8.660254037844387,0.19999999999999996,0.9548683406603533,1.0,0,,53,58,120,125,112,117,-7.14858132620955,0.0,0.9999372968689848,True,1,large,0.5255652568220824
BraTS-GLI-02801-101,gmm_2d,prediction_component,60,25,9984.0,2.5060120224403912e-05,7.102621534903521e-08,1.7320508075688772,1,8.660254037844387,0.19999999999999996,0.9548683406603533,1.0,0,,53,58,136,141,36,41,-7.14858132620955,0.0,0.9999372968689848,True,1,large,0.5255652568220824
BraTS-GLI-02801-101,gmm_2d,prediction_component,61,44,13824.0,2.7070862238995545e-05,8.288129935688987e-08,1.7320508075688772,1,10.392304845413264,0.16666666666666666,0.7908715233027805,1.0,0,,54,60,46,52,34,40,-7.081543448970658,0.0,0.9998482248433442,True,1,large,0.5255652568220824
BraTS-GLI-02801-101,gmm_2d,prediction_component,62,652,144128.0,1.1915850766273313e-05,1.6058407870109574e-08,2.8284271247461903,1,35.679125549822544,0.07927400352894182,0.5258057503473345,1.3888888888888888,1,,54,72,98,123,63,81,-7.794297515564326,0.6931471805599453,0.9717450588172898,True,1,large,0.5255652568220824
BraTS-GLI-02801-101,gmm_2d,prediction_component,63,62,18688.0,2.4268752428564105e-05,6.661120285644907e-08,1.7320508075688772,1,11.0,0.15745916432444337,0.7054392189315698,1.1666666666666667,0,,54,61,118,124,27,33,-7.176452723838987,0.0,0.9996686970222383,True,1,large,0.5255652568220824
BraTS-GLI-02801-101,gmm_2d,prediction_component,64,153,37376.0,2.117396540496614e-05,5.0705698740459686e-08,2.23606797749979,1,18.49324200890693,0.12091270835166862,0.6739340432889492,1.1,1,,54,64,136,147,126,137,-7.294943228192241,0.6931471805599453,0.998621299092729,True,1,large,0.5255652568220824
BraTS-GLI-02801-101,gmm_2d,prediction_component,65,25,9984.0,2.5060120224403912e-05,7.102621534903521e-08,1.7320508075688772,1,8.660254037844387,0.19999999999999996,0.9548683406603533,1.0,0,,55,60,89,94,120,125,-7.14858132620955,0.0,0.9999372968689848,True,1,large,0.5255652568220824
BraTS-GLI-02801-101,gmm_2d,prediction_component,66,73,23808.0,1.9871858649225323e-05,4.466109347946609e-08,1.7320508075688772,1,12.806248474865697,0.13525044520011484,0.6680606274231857,1.3333333333333333,0,,55,61,110,118,21,29,-7.350070647895021,0.0,0.9989445808051429,True,1,large,0.5255652568220824
BraTS-GLI-02801-101,gmm_2d,prediction_component,67,25,9984.0,2.5060120224403912e-05,7.102621534903521e-08,1.7320508075688772,1,8.660254037844387,0.19999999999999996,0.9548683406603533,1.0,0,,55,60,123,128,109,114,-7.14858132620955,0.0,0.9999372968689848,True,1,large,0.5255652568220824
BraTS-GLI-02801-101,gmm_2d,prediction_component,68,136,32256.0,2.347594820865996e-05,6.233021987632814e-08,2.449489742783178,1,14.594519519326424,0.16783627165933782,0.7678190072915242,1.4285714285714286,1,,56,66,132,140,32,39,-7.205301341086381,0.6931471805599453,0.9996884944053958,True,1,large,0.5255652568220824
BraTS-GLI-02801-101,gmm_2d,prediction_component,69,25,9984.0,2.5060120224403912e-05,7.102621534903521e-08,1.7320508075688772,1,8.660254037844387,0.19999999999999996,0.9548683406603533,1.0,0,,57,62,81,86,113,118,-7.14858132620955,0.0,0.9999372968689848,True,1,large,0.5255652568220824
BraTS-GLI-02801-101,gmm_2d,prediction_component,70,46,16896.0,2.0945077921731866e-05,4.961538140913494e-08,1.7320508075688772,1,11.0,0.15745916432444337,0.7792393700163133,1.1666666666666667,0,,57,63,81,88,80,86,-7.3043836657365855,0.0,0.9995805115715526,True,1,large,0.5255652568220824
BraTS-GLI-02801-101,gmm_2d,prediction_component,71,227,51968.0,1.9161162426877644e-05,4.1523703200783035e-08,2.23606797749979,1,20.615528128088304,0.10846522890932808,0.5908890194787164,1.5,1,,57,67,124,139,56,66,-7.381703921827521,0.6931471805599453,0.9969246095351967,True,1,large,0.5255652568220824
BraTS-GLI-02801-101,gmm_2d,prediction_component,72,50,15360.0,2.6265349298824172e-05,7.802229756091518e-08,1.7320508075688772,1,10.392304845413264,0.16666666666666666,0.757879504227687,1.0,0,,58,64,80,86,91,97,-7.1077812649530205,0.0,0.9998150660465362,True,1,large,0.5255652568220824
BraTS-GLI-02801-101,gmm_2d,prediction_component,73,25,9984.0,2.5060120224403912e-05,7.102621534903521e-08,1.7320508075688772,1,8.660254037844387,0.19999999999999996,0.9548683406603533,1.0,0,,58,63,113,118,103,108,-7.14858132620955,0.0,0.9999372968689848,True,1,large,0.5255652568220824
BraTS-GLI-02801-101,gmm_2d,prediction_component,74,118,38912.0,1.5372930983236196e-05,2.6727954807033588e-08,1.7320508075688772,1,18.193405398660254,0.09520212239630652,0.5692409848501322,1.4444444444444444,0,,59,68,41,54,86,95,-7.573034271696194,0.0,0.9932548013340871,True,1,large,0.5255652568220824
BraTS-GLI-02801-101,gmm_2d,prediction_component,75,25,9984.0,2.5060120224403912e-05,7.102621534903521e-08,1.7320508075688772,1,8.660254037844387,0.19999999999999996,0.9548683406603533,1.0,0,,59,64,52,57,85,90,-7.14858132620955,0.0,0.9999372968689848,True,1,large,0.5255652568220824
BraTS-GLI-02801-101,gmm_2d,prediction_component,76,25,9984.0,2.5060120224403912e-05,7.102621534903521e-08,1.7320508075688772,1,8.660254037844387,0.19999999999999996,0.9548683406603533,1.0,0,,59,64,84,89,16,21,-7.14858132620955,0.0,0.9999372968689848,True,1,large,0.5255652568220824
BraTS-GLI-02801-101,gmm_2d,prediction_component,77,44,13824.0,2.7070862238995545e-05,8.288129935688987e-08,1.7320508075688772,1,10.392304845413264,0.16666666666666666,0.7908715233027805,1.0,0,,59,65,107,113,154,160,-7.081543448970658,0.0,0.9998482248433442,True,1,large,0.5255652568220824
BraTS-GLI-02801-101,gmm_2d,prediction_component,78,369,104192.0,1.0971722236870931e-05,1.361450896265129e-08,2.23606797749979,1,35.369478367654786,0.06322027015090681,0.5025420610200322,2.6363636363636362,1,,60,77,21,32,59,88,-7.865998017831667,0.6931471805599453,0.9481868202822221,True,1,large,0.5255652568220824
BraTS-GLI-02801-101,gmm_2d,prediction_component,79,50,17152.0,2.2258600373918718e-05,5.6033542268023926e-08,1.7320508075688772,1,11.575836902790225,0.14962640041614492,0.757879504227687,1.1666666666666667,0,,60,67,108,115,86,92,-7.25155192190457,0.0,0.9995721488107336,True,1,large,0.5255652568220824
BraTS-GLI-02801-101,gmm_2d,prediction_component,80,111,37632.0,1.5205021154120464e-05,2.6147274778312735e-08,1.7320508075688772,1,16.30950643030009,0.1061988488107183,0.5809639319388397,1.375,0,,60,68,120,129,112,123,-7.582573569145341,0.0,0.9945034750889526,True,1,large,0.5255652568220824
BraTS-GLI-02801-101,gmm_2d,prediction_component,81,141,35072.0,2.1467343917167415e-05,5.2120551371460515e-08,2.23606797749979,1,16.822603841260722,0.13292044433783765,0.6925346395630728,1.2222222222222223,1,,61,72,123,132,148,157,-7.282990998632588,0.6931471805599453,0.9990026479673347,True,1,large,0.5255652568220824
BraTS-GLI-02801-101,gmm_2d,prediction_component,82,38,13824.0,2.3379381024587062e-05,6.181848980958109e-08,1.7320508075688772,1,9.848857801796104,0.17586311452816475,0.8304795924748166,1.2,0,,62,67,71,77,57,63,-7.2088816087094125,0.0,0.9998202678928552,True,1,large,0.5255652568220824
BraTS-GLI-02801-101,gmm_2d,prediction_component,83,185,63744.0,1.1495100161096379e-05,1.4944379688365475e-08,1.7320508075688772,1,23.194827009486403,0.07467401273829244,0.4900039575593596,1.25,0,,62,75,65,80,72,84,-7.825522106955309,0.0,0.9691598184182806,True,1,large,0.5255652568220824
BraTS-GLI-02801-101,gmm_2d,prediction_component,84,25,9984.0,2.5060120224403912e-05,7.102621534903521e-08,1.7320508075688772,1,8.660254037844387,0.19999999999999996,0.9548683406603533,1.0,0,,62,67,125,130,37,42,-7.14858132620955,0.0,0.9999372968689848,True,1,large,0.5255652568220824
BraTS-GLI-02801-101,gmm_2d,prediction_component,85,125,31744.0,2.2101285630106146e-05,5.5244296571969873e-08,2.23606797749979,1,15.0996688705415,0.1480872194397731,0.7209047176727084,1.25,1,,63,73,22,30,92,100,-7.25771255194472,0.6931471805599453,0.9993711482325914,True,1,large,0.5255652568220824
BraTS-GLI-02801-101,gmm_2d,prediction_component,86,242,60928.0,1.6091257416502243e-05,2.9284130821519105e-08,2.23606797749979,1,20.808652046684813,0.10745856927604472,0.5784192659010343,1.875,1,,63,75,56,71,82,90,-7.533367661682801,0.6931471805599453,0.9943629714247357,True,1,large,0.5255652568220824
BraTS-GLI-02801-101,gmm_2d,prediction_component,87,86,26112.0,2.0381598665363146e-05,4.698171485939578e-08,2.23606797749979,1,12.884098726725126,0.17355253362515582,0.8166106787449766,1.5,1,,63,70,90,96,72,81,-7.328071135272745,0.6931471805599453,0.9996238349638914,True,1,large,0.5255652568220824
BraTS-GLI-02801-101,gmm_2d,prediction_component,88,60,19968.0,2.126421713763138e-05,5.113887505130535e-08,1.7320508075688772,1,11.575836902790225,0.14962640041614492,0.7131919190287451,1.1666666666666667,0,,63,70,143,150,134,140,-7.291248829778281,0.0,0.9994323888401495,True,1,large,0.5255652568220824
BraTS-GLI-02801-101,gmm_2d,prediction_component,89,60,17152.0,2.6710320448702462e-05,8.068830086595445e-08,2.23606797749979,1,10.488088481701515,0.21320071635561044,0.9207268083493462,1.4,1,,64,69,102,108,87,94,-7.093189429809319,0.6931471805599453,0.9999444409181402,True,1,large,0.5255652568220824
BraTS-GLI-02801-101,gmm_2d,prediction_component,90,25,9984.0,2.5060120224403912e-05,7.102621534903521e-08,1.7320508075688772,1,8.660254037844387,0.19999999999999996,0.9548683406603533,1.0,0,,65,70,23,28,108,113,-7.14858132620955,0.0,0.9999372968689848,True,1,large,0.5255652568220824
BraTS-GLI-02801-101,gmm_2d,prediction_component,91,47,14592.0,2.6664020003279646e-05,8.040880842667987e-08,1.7320508075688772,1,9.848857801796104,0.17586311452816475,0.7736731845058752,1.2,0,,65,71,29,35,88,93,-7.094696373620167,0.0,0.9998584461552412,True,1,large,0.5255652568220824
BraTS-GLI-02801-101,gmm_2d,prediction_component,92,46,16896.0,2.0945077921731866e-05,4.961538140913494e-08,1.7320508075688772,1,11.0,0.15745916432444337,0.7792393700163133,1.1666666666666667,0,,65,71,54,60,104,111,-7.3043836657365855,0.0,0.9995805115715526,True,1,large,0.5255652568220824
BraTS-GLI-02801-101,gmm_2d,prediction_component,93,341,96000.0,1.1464299661950773e-05,1.4864401666344187e-08,2.23606797749979,1,24.392621835300936,0.09166984970282113,0.515936688993646,1.8888888888888888,1,,67,76,95,112,56,71,-7.827852567672289,0.6931471805599453,0.9738032797919535,True,1,large,0.5255652568220824
BraTS-GLI-02801-101,gmm_2d,prediction_component,94,25,9984.0,2.5060120224403912e-05,7.102621534903521e-08,1.7320508075688772,1,8.660254037844387,0.19999999999999996,0.9548683406603533,1.0,0,,68,73,43,48,32,37,-7.14858132620955,0.0,0.9999372968689848,True,1,large,0.5255652568220824
BraTS-GLI-02801-101,gmm_2d,prediction_component,95,38,12544.0,2.7047649416909622e-05,8.273922157753891e-08,1.7320508075688772,1,9.273618495495704,0.18677184190940707,0.8304795924748166,1.2,0,,68,73,63,69,68,73,-7.082288569326049,0.0,0.9999073465642991,True,1,large,0.5255652568220824
BraTS-GLI-02801-101,gmm_2d,prediction_component,96,250,69376.0,1.3681260883419407e-05,2.116920859025989e-08,2.23606797749979,1,27.820855486487112,0.08037380369506869,0.5721824536012475,2.0,1,,68,79,72,94,93,106,-7.674295377753269,0.6931471805599453,0.9842976630066701,True,1,large,0.5255652568220824
BraTS-GLI-02801-101,gmm_2d,prediction_component,97,113,25856.0,2.717918531813911e-05,8.354591949030445e-08,2.449489742783178,1,12.806248474865697,0.19127301391900148,0.8167309505993777,1.3333333333333333,1,,68,74,124,132,134,142,-7.078074756855216,0.6931471805599453,0.9998909018429355,True,1,large,0.5255652568220824
BraTS-GLI-02801-101,gmm_2d,prediction_component,98,38,12544.0,2.7047649416909622e-05,8.273922157753891e-08,1.7320508075688772,1,9.273618495495704,0.18677184190940707,0.8304795924748166,1.2,0,,69,75,31,36,120,125,-7.082288569326049,0.0,0.9999073465642991,True,1,large,0.5255652568220824
BraTS-GLI-02801-101,gmm_2d,prediction_component,99,1532,332288.0,7.998099057641274e-06,7.234790018305098e-09,2.8284271247461903,1,60.83584469702052,0.04649277311480668,0.3955076985936531,1.21875,7,,69,101,66,105,53,87,-8.140574069274008,2.0794415416798357,0.695742823504211,True,1,large,0.5255652568220824
BraTS-GLI-02801-101,gmm_2d,prediction_component,100,99,25856.0,2.3811852623856388e-05,6.4126678434057e-08,2.23606797749979,1,13.114877048604,0.1704985848676184,0.7791770286860561,1.6666666666666667,1,,69,75,104,114,117,123,-7.1929612546269555,0.6931471805599453,0.9997263254577531,True,1,large,0.5255652568220824
BraTS-GLI-02801-101,gmm_2d,prediction_component,101,266,69120.0,1.4637807867996697e-05,2.4232848005355783e-08,2.23606797749979,1,24.06241883103193,0.0929278138329161,0.5604720929477012,1.5454545454545454,2,,69,80,120,133,106,123,-7.615595541688956,1.0986122886681098,0.9881068342077555,True,1,large,0.5255652568220824
BraTS-GLI-02801-101,gmm_2d,prediction_component,102,134,43264.0,1.4890689007737825e-05,2.507736842297421e-08,1.7320508075688772,1,17.4928556845359,0.09901475429766743,0.5456178429960139,1.375,0,,70,78,122,133,87,98,-7.600718039585533,0.0,0.9925283935926609,True,1,large,0.5255652568220824
BraTS-GLI-02801-101,gmm_2d,prediction_component,103,332,93952.0,1.1528665523529592e-05,1.503178142685902e-08,1.7320508075688772,1,35.52463933666322,0.04875632349576913,0.4032219224538579,1.7333333333333334,0,,70,89,104,130,42,57,-7.822989547822323,0.0,0.9373960700028051,True,1,large,0.5255652568220824
BraTS-GLI-02801-101,gmm_2d,prediction_component,104,25,9984.0,2.5060120224403912e-05,7.102621534903521e-08,1.7320508075688772,1,8.660254037844387,0.19999999999999996,0.9548683406603533,1.0,0,,70,75,129,134,68,73,-7.14858132620955,0.0,0.9999372968689848,True,1,large,0.5255652568220824
BraTS-GLI-02801-101,gmm_2d,prediction_component,105,474,142336.0,8.826859347518948e-06,8.811803137814724e-09,2.23606797749979,1,35.014282800023196,0.06386159585991316,0.46229772691056403,2.1818181818181817,1,,71,95,23,34,101,124,-8.05493521387213,0.6931471805599453,0.8916266672136446,True,1,large,0.5255652568220824
BraTS-GLI-02801-101,gmm_2d,prediction_component,106,25,9984.0,2.5060120224403912e-05,7.102621534903521e-08,1.7320508075688772,1,8.660254037844387,0.19999999999999996,0.9548683406603533,1.0,0,,71,76,106,111,111,116,-7.14858132620955,0.0,0.9999372968689848,True,1,large,0.5255652568220824
BraTS-GLI-02801-101,gmm_2d,prediction_component,107,105,26112.0,2.4884509998408492e-05,7.003426261828535e-08,2.23606797749979,1,13.19090595827292,0.1695158759052026,0.7640435355499037,2.0,2,,72,82,27,32,52,59,-7.154689439620004,1.0986122886681098,0.9997109667676378,True,1,large,0.5255652568220824
BraTS-GLI-02801-101,gmm_2d,prediction_component,108,38,12544.0,2.7047649416909622e-05,8.273922157753891e-08,1.7320508075688772,1,9.273618495495704,0.18677184190940707,0.8304795924748166,1.2,0,,72,77,74,80,81,86,-7.082288569326049,0.0,0.9999073465642991,True,1,large,0.5255652568220824
BraTS-GLI-02801-101,gmm_2d,prediction_component,109,38,13824.0,2.3379381024587062e-05,6.181848980958109e-08,1.7320508075688772,1,9.848857801796104,0.17586311452816475,0.8304795924748166,1.2,0,,72,78,80,86,79,84,-7.2088816087094125,0.0,0.9998202678928552,True,1,large,0.5255652568220824
BraTS-GLI-02801-101,gmm_2d,prediction_component,110,72,21504.0,2.2832508046455675e-05,5.896029016848167e-08,2.23606797749979,1,12.206555615733702,0.18318582636182795,0.8664370994133727,1.3333333333333333,1,,72,79,87,93,21,29,-7.2294403877972355,0.6931471805599453,0.9998116393895911,True,1,large,0.5255652568220824
BraTS-GLI-02801-101,gmm_2d,prediction_component,111,158,44288.0,1.695227482057971e-05,3.250186948750643e-08,2.23606797749979,1,19.339079605813716,0.11562432251572008,0.6667486979908527,2.142857142857143,1,,72,79,87,102,114,124,-7.488091657951669,0.6931471805599453,0.9968676123694643,True,1,large,0.5255652568220824
BraTS-GLI-02801-101,gmm_2d,prediction_component,112,38,12544.0,2.7047649416909622e-05,8.273922157753891e-08,1.7320508075688772,1,9.273618495495704,0.18677184190940707,0.8304795924748166,1.2,0,,72,77,120,126,80,85,-7.082288569326049,0.0,0.9999073465642991,True,1,large,0.5255652568220824
BraTS-GLI-02801-101,gmm_2d,prediction_component,113,50,17152.0,2.2258600373918718e-05,5.6033542268023926e-08,1.7320508075688772,1,11.575836902790225,0.14962640041614492,0.757879504227687,1.1666666666666667,0,,72,78,133,140,61,68,-7.25155192190457,0.0,0.9995721488107336,True,1,large,0.5255652568220824
BraTS-GLI-02801-101,gmm_2d,prediction_component,114,72,23296.0,2.024932076428843e-05,4.637386500279305e-08,1.7320508075688772,1,12.884098726725126,0.13443321448446624,0.6711392913128504,1.5,0,,73,80,56,62,24,33,-7.333726706574872,0.0,0.9989997622587466,True,1,large,0.5255652568220824
BraTS-GLI-02801-101,gmm_2d,prediction_component,115,25,9984.0,2.5060120224403912e-05,7.102621534903521e-08,1.7320508075688772,1,8.660254037844387,0.19999999999999996,0.9548683406603533,1.0,0,,73,78,83,88,118,123,-7.14858132620955,0.0,0.9999372968689848,True,1,large,0.5255652568220824
BraTS-GLI-02801-101,gmm_2d,prediction_component,116,25,9984.0,2.5060120224403912e-05,7.102621534903521e-08,1.7320508075688772,1,8.660254037844387,0.19999999999999996,0.9548683406603533,1.0,0,,73,78,102,107,26,31,-7.14858132620955,0.0,0.9999372968689848,True,1,large,0.5255652568220824
BraTS-GLI-02801-101,gmm_2d,prediction_component,117,25,9984.0,2.5060120224403912e-05,7.102621534903521e-08,1.7320508075688772,1,8.660254037844387,0.19999999999999996,0.9548683406603533,1.0,0,,73,78,128,133,33,38,-7.14858132620955,0.0,0.9999372968689848,True,1,large,0.5255652568220824
BraTS-GLI-02801-101,gmm_2d,prediction_component,118,1341,265984.0,9.775646950519963e-06,1.0807951584818727e-08,2.8284271247461903,1,44.339598554790726,0.06379009321094968,0.4134581946576097,1.4285714285714286,6,,74,99,24,54,77,98,-7.966256609442462,1.9459101490553132,0.867597852301715,True,1,large,0.5255652568220824
BraTS-GLI-02801-101,gmm_2d,prediction_component,119,97,27136.0,2.1699662958950893e-05,5.325474999971137e-08,2.23606797749979,1,13.30413469565007,0.1680731613632036,0.7844958078723004,1.1428571428571428,1,,74,82,49,57,88,95,-7.273641649735949,0.6931471805599453,0.9996224919268469,True,1,large,0.5255652568220824
BraTS-GLI-02801-101,gmm_2d,prediction_component,120,100,29184.0,2.005777591277956e-05,4.550068380866901e-08,1.7320508075688772,1,14.45683229480096,0.11980845957463075,0.6015293611380839,1.125,0,,74,83,82,90,86,94,-7.3419820764835455,0.0,0.9983229059082689,True,1,large,0.5255652568220824
BraTS-GLI-02801-101,gmm_2d,prediction_component,121,25,9984.0,2.5060120224403912e-05,7.102621534903521e-08,1.7320508075688772,1,8.660254037844387,0.19999999999999996,0.9548683406603533,1.0,0,,74,79,98,103,34,39,-7.14858132620955,0.0,0.9999372968689848,True,1,large,0.5255652568220824
BraTS-GLI-02801-101,gmm_2d,prediction_component,122,25,9984.0,2.5060120224403912e-05,7.102621534903521e-08,1.7320508075688772,1,8.660254037844387,0.19999999999999996,0.9548683406603533,1.0,0,,74,79,118,123,104,109,-7.14858132620955,0.0,0.9999372968689848,True,1,large,0.5255652568220824
BraTS-GLI-02801-101,gmm_2d,prediction_component,123,25,9984.0,2.5060120224403912e-05,7.102621534903521e-08,1.7320508075688772,1,8.660254037844387,0.19999999999999996,0.9548683406603533,1.0,0,,74,79,123,128,84,89,-7.14858132620955,0.0,0.9999372968689848,True,1,large,0.5255652568220824
BraTS-GLI-02801-101,gmm_2d,prediction_component,124,25,9984.0,2.5060120224403912e-05,7.102621534903521e-08,1.7320508075688772,1,8.660254037844387,0.19999999999999996,0.9548683406603533,1.0,0,,74,79,134,139,47,52,-7.14858132620955,0.0,0.9999372968689848,True,1,large,0.5255652568220824
BraTS-GLI-02801-101,gmm_2d,prediction_component,125,25,9984.0,2.5060120224403912e-05,7.102621534903521e-08,1.7320508075688772,1,8.660254037844387,0.19999999999999996,0.9548683406603533,1.0,0,,75,80,72,77,26,31,-7.14858132620955,0.0,0.9999372968689848,True,1,large,0.5255652568220824
BraTS-GLI-02801-101,gmm_2d,prediction_component,126,247,48896.0,2.2844778651018e-05,5.902367985911776e-08,2.8284271247461903,1,18.547236990991408,0.15249857033260467,0.7266783345549577,1.2,1,,75,85,70,82,108,118,-7.228973717697979,0.6931471805599453,0.9994872826552631,True,1,large,0.5255652568220824
BraTS-GLI-02801-101,gmm_2d,prediction_component,127,25,9984.0,2.5060120224403912e-05,7.102621534903521e-08,1.7320508075688772,1,8.660254037844387,0.19999999999999996,0.9548683406603533,1.0,0,,75,80,117,122,65,70,-7.14858132620955,0.0,0.9999372968689848,True,1,large,0.5255652568220824
BraTS-GLI-02801-101,gmm_2d,prediction_component,128,25,9984.0,2.5060120224403912e-05,7.102621534903521e-08,1.7320508075688772,1,8.660254037844387,0.19999999999999996,0.9548683406603533,1.0,0,,75,80,126,131,151,156,-7.14858132620955,0.0,0.9999372968689848,True,1,large,0.5255652568220824
BraTS-GLI-02801-101,gmm_2d,prediction_component,129,932,216320.0,9.263410310178848e-06,9.704969511711984e-09,2.449489742783178,1,47.138094997570704,0.05196412249814962,0.40423432740093845,2.0555555555555554,3,,75,93,129,152,32,69,-8.013005824615242,1.3862943611198906,0.8374108226941471,True,1,large,0.5255652568220824
BraTS-GLI-02801-101,gmm_2d,prediction_component,130,533,134144.0,1.0848515918535614e-05,1.331045908012924e-08,2.23606797749979,1,41.892720131306824,0.05337605126836238,0.4445686175557643,2.6923076923076925,2,,75,94,143,156,106,141,-7.875806965372163,1.0986122886681098,0.9152991670570663,True,1,large,0.5255652568220824
BraTS-GLI-02801-101,gmm_2d,prediction_component,131,25,9984.0,2.5060120224403912e-05,7.102621534903521e-08,1.7320508075688772,1,8.660254037844387,0.19999999999999996,0.9548683406603533,1.0,0,,75,80,145,150,69,74,-7.14858132620955,0.0,0.9999372968689848,True,1,large,0.5255652568220824
BraTS-GLI-02801-101,gmm_2d,prediction_component,132,44,13824.0,2.7070862238995545e-05,8.288129935688987e-08,1.7320508075688772,1,10.392304845413264,0.16666666666666666,0.7908715233027805,1.0,0,,76,82,35,41,40,46,-7.081543448970658,0.0,0.9998482248433442,True,1,large,0.5255652568220824
BraTS-GLI-02801-101,gmm_2d,prediction_component,133,142,38912.0,1.8499628810335084e-05,3.8706009819665705e-08,2.0,1,17.832554500127006,0.11215443081840887,0.6179643438609859,1.8571428571428572,1,,76,83,42,55,65,75,-7.412221597542333,0.6931471805599453,0.9970494879121767,True,1,large,0.5255652568220824
BraTS-GLI-02801-101,gmm_2d,prediction_component,134,212,61696.0,1.3834082111986205e-05,2.164477480207527e-08,1.7320508075688772,1,24.041630560342615,0.07204381596421112,0.46825045726276054,2.125,0,,76,93,62,77,18,26,-7.66464692834123,0.0,0.9804668712118817,True,1,large,0.5255652568220824
BraTS-GLI-02801-101,gmm_2d,prediction_component,135,46,16896.0,2.0945077921731866e-05,4.961538140913494e-08,1.7320508075688772,1,11.0,0.15745916432444337,0.7792393700163133,1.1666666666666667,0,,77,84,91,97,19,25,-7.3043836657365855,0.0,0.9995805115715526,True,1,large,0.5255652568220824
BraTS-GLI-02801-101,gmm_2d,prediction_component,136,25,9984.0,2.5060120224403912e-05,7.102621534903521e-08,1.7320508075688772,1,8.660254037844387,0.19999999999999996,0.9548683406603533,1.0,0,,78,83,51,56,94,99,-7.14858132620955,0.0,0.9999372968689848,True,1,large,0.5255652568220824
BraTS-GLI-02801-101,gmm_2d,prediction_component,137,2407,497152.0,6.866608771459945e-06,5.33257511125616e-09,2.8284271247461903,1,84.50443775329198,0.03347075254205813,0.34021163845230035,2.4,9,,78,138,33,87,69,94,-8.273063018640025,2.302585092994046,0.4654474297004161,False,1,large,0.5255652568220824
BraTS-GLI-02801-101,gmm_2d,prediction_component,138,25,9984.0,2.5060120224403912e-05,7.102621534903521e-08,1.7320508075688772,1,8.660254037844387,0.19999999999999996,0.9548683406603533,1.0,0,,78,83,81,86,92,97,-7.14858132620955,0.0,0.9999372968689848,True,1,large,0.5255652568220824
BraTS-GLI-02801-101,gmm_2d,prediction_component,139,38,12544.0,2.7047649416909622e-05,8.273922157753891e-08,1.7320508075688772,1,9.273618495495704,0.18677184190940707,0.8304795924748166,1.2,0,,78,84,126,131,130,135,-7.082288569326049,0.0,0.9999073465642991,True,1,large,0.5255652568220824
BraTS-GLI-02801-101,gmm_2d,prediction_component,140,25,9984.0,2.5060120224403912e-05,7.102621534903521e-08,1.7320508075688772,1,8.660254037844387,0.19999999999999996,0.9548683406603533,1.0,0,,78,83,128,133,148,153,-7.14858132620955,0.0,0.9999372968689848,True,1,large,0.5255652568220824
BraTS-GLI-02801-101,gmm_2d,prediction_component,141,448,114944.0,1.1496047631128413e-05,1.4946843335526014e-08,2.23606797749979,1,30.099833886584822,0.07428838265105449,0.47107334817182855,1.1875,4,,79,96,75,91,95,114,-7.825450517487809,1.6094379124341003,0.9464383821503732,True,1,large,0.5255652568220824
BraTS-GLI-02801-101,gmm_2d,prediction_component,142,535,128512.0,1.1612835077290287e-05,1.5252073522973097e-08,2.23606797749979,1,39.50949253027682,0.056595714961062873,0.4440139462155207,3.272727272727273,4,,79,90,95,131,125,137,-7.8166711098667285,1.6094379124341003,0.9235225273067231,True,1,large,0.5255652568220824
BraTS-GLI-02801-101,gmm_2d,prediction_component,143,46,15616.0,2.357236358908017e-05,6.284324984734695e-08,1.7320508075688772,1,10.488088481701515,0.1651445647689541,0.7792393700163133,1.4,0,,79,84,133,139,126,133,-7.20174136414328,0.0,0.9997495063859743,True,1,large,0.5255652568220824
BraTS-GLI-02801-101,gmm_2d,prediction_component,144,25,9984.0,2.5060120224403912e-05,7.102621534903521e-08,1.7320508075688772,1,8.660254037844387,0.19999999999999996,0.9548683406603533,1.0,0,,80,85,108,113,20,25,-7.14858132620955,0.0,0.9999372968689848,True,1,large,0.5255652568220824
BraTS-GLI-02801-101,gmm_2d,prediction_component,145,38,13824.0,2.3379381024587062e-05,6.181848980958109e-08,1.7320508075688772,1,9.848857801796104,0.17586311452816475,0.8304795924748166,1.2,0,,80,86,129,135,46,51,-7.2088816087094125,0.0,0.9998202678928552,True,1,large,0.5255652568220824
BraTS-GLI-02801-101,gmm_2d,prediction_component,146,244,55808.0,1.8507388344948024e-05,3.873848653731753e-08,2.23606797749979,1,20.663978319771825,0.10821091383745125,0.57683454764255,1.6666666666666667,2,,81,92,92,101,38,53,-7.411857350610483,1.0986122886681098,0.9959089316513393,True,1,large,0.5255652568220824
BraTS-GLI-02801-101,gmm_2d,prediction_component,147,69,20992.0,2.2686545169482457e-05,5.820886107028606e-08,1.7320508075688772,1,11.661903789690601,0.14852213144650114,0.6807282909996718,1.3333333333333333,0,,82,88,25,31,59,67,-7.235010898150767,0.0,0.9994776811798146,True,1,large,0.5255652568220824
BraTS-GLI-02801-101,gmm_2d,prediction_component,148,844,188160.0,1.0340736936773224e-05,1.209359313463789e-08,2.449489742783178,1,33.734255586866,0.07261134713572442,0.4178217201936906,1.3125,3,,82,103,53,69,101,122,-7.917444646475402,1.3862943611198906,0.917741632193815,True,1,large,0.5255652568220824
BraTS-GLI-02801-101,gmm_2d,prediction_component,149,25,9984.0,2.5060120224403912e-05,7.102621534903521e-08,1.7320508075688772,1,8.660254037844387,0.19999999999999996,0.9548683406603533,1.0,0,,82,87,89,94,85,90,-7.14858132620955,0.0,0.9999372968689848,True,1,large,0.5255652568220824
BraTS-GLI-02801-101,gmm_2d,prediction_component,150,25,9984.0,2.5060120224403912e-05,7.102621534903521e-08,1.7320508075688772,1,8.660254037844387,0.19999999999999996,0.9548683406603533,1.0,0,,84,89,24,29,68,73,-7.14858132620955,0.0,0.9999372968689848,True,1,large,0.5255652568220824
BraTS-GLI-02801-101,gmm_2d,prediction_component,151,25,9984.0,2.5060120224403912e-05,7.102621534903521e-08,1.7320508075688772,1,8.660254037844387,0.19999999999999996,0.9548683406603533,1.0,0,,84,89,130,135,50,55,-7.14858132620955,0.0,0.9999372968689848,True,1,large,0.5255652568220824
BraTS-GLI-02801-101,gmm_2d,prediction_component,152,434,126976.0,9.591957963466067e-06,1.0405594725109958e-08,2.23606797749979,1,36.810324638611924,0.060745673923078704,0.47608514292776916,1.4705882352941178,1,,85,102,28,49,30,55,-7.982733092919698,0.6931471805599453,0.9133072912075052,True,1,large,0.5255652568220824
BraTS-GLI-02801-101,gmm_2d,prediction_component,153,25,9984.0,2.5060120224403912e-05,7.102621534903521e-08,1.7320508075688772,1,8.660254037844387,0.19999999999999996,0.9548683406603533,1.0,0,,85,90,57,62,23,28,-7.14858132620955,0.0,0.9999372968689848,True,1,large,0.5255652568220824
BraTS-GLI-02801-101,gmm_2d,prediction_component,154,25,9984.0,2.5060120224403912e-05,7.102621534903521e-08,1.7320508075688772,1,8.660254037844387,0.19999999999999996,0.9548683406603533,1.0,0,,85,90,126,131,44,49,-7.14858132620955,0.0,0.9999372968689848,True,1,large,0.5255652568220824
BraTS-GLI-02801-101,gmm_2d,prediction_component,155,25,9984.0,2.5060120224403912e-05,7.102621534903521e-08,1.7320508075688772,1,8.660254037844387,0.19999999999999996,0.9548683406603533,1.0,0,,85,90,154,159,59,64,-7.14858132620955,0.0,0.9999372968689848,True,1,large,0.5255652568220824
BraTS-GLI-02801-101,gmm_2d,prediction_component,156,123,38144.0,1.651071043674005e-05,3.0830736192922264e-08,1.7320508075688772,1,17.832554500127006,0.09712858623572641,0.5614207499321827,1.8571428571428572,0,,85,98,169,179,86,93,-7.511016104832154,0.0,0.994670056327741,True,1,large,0.5255652568220824
BraTS-GLI-02801-101,gmm_2d,prediction_component,157,51,16384.0,2.4318695068359375e-05,6.688564319836902e-08,1.7320508075688772,1,10.488088481701515,0.1651445647689541,0.7528933105024771,1.4,0,,86,91,49,56,26,32,-7.1746670922299165,0.0,0.9997536552590456,True,1,large,0.5255652568220824
BraTS-GLI-02801-101,gmm_2d,prediction_component,158,78,19968.0,2.7643482278920795e-05,8.642469883670604e-08,2.23606797749979,1,11.180339887498949,0.2,0.8436254465641368,1.6,1,,86,91,79,85,30,38,-7.063362125164608,0.6931471805599453,0.999919092646598,True,1,large,0.5255652568220824
BraTS-GLI-02801-101,gmm_2d,prediction_component,159,50,19968.0,1.772018094802615e-05,3.551310767451761e-08,1.7320508075688772,1,13.114877048604,0.13206763594884358,0.757879504227687,1.6666666666666667,0,,86,92,113,119,30,40,-7.449611321873531,0.0,0.9987832726581072,True,1,large,0.5255652568220824
BraTS-GLI-02801-101,gmm_2d,prediction_component,160,67,21248.0,2.1632051896970457e-05,5.292340836724502e-08,1.7320508075688772,1,12.449899597988733,0.13912166872805048,0.6874354055889139,1.8,0,,87,94,89,98,87,92,-7.276352194200697,0.0,0.9992921957828121,True,1,large,0.5255652568220824
BraTS-GLI-02801-101,gmm_2d,prediction_component,161,68,18944.0,2.6079627568688343e-05,7.692281054141028e-08,1.7320508075688772,1,11.661903789690601,0.14852213144650114,0.6840489693598067,1.3333333333333333,0,,87,93,104,110,29,37,-7.113944856254584,0.0,0.9996669722677041,True,1,large,0.5255652568220824
BraTS-GLI-02801-101,gmm_2d,prediction_component,162,314,75264.0,1.5207180629618622e-05,2.615470237848513e-08,2.23606797749979,1,21.840329667841555,0.1023825194723252,0.5303199795280719,1.6,3,,87,98,99,115,84,94,-7.58245021756417,1.3862943611198906,0.9893475188414219,True,1,large,0.5255652568220824
BraTS-GLI-02801-101,gmm_2d,prediction_component,163,25,9984.0,2.5060120224403912e-05,7.102621534903521e-08,1.7320508075688772,1,8.660254037844387,0.19999999999999996,0.9548683406603533,1.0,0,,87,92,113,118,44,49,-7.14858132620955,0.0,0.9999372968689848,True,1,large,0.5255652568220824
BraTS-GLI-02801-101,gmm_2d,prediction_component,164,156,43008.0,1.749043971040732e-05,3.459822582803265e-08,2.23606797749979,1,18.681541692269406,0.11969397463728036,0.6695859606715264,2.1666666666666665,1,,88,94,79,91,39,52,-7.460946170942793,0.6931471805599453,0.997390198453046,True,1,large,0.5255652568220824
BraTS-GLI-02801-101,gmm_2d,prediction_component,165,47,17664.0,2.0020009252686086e-05,4.5329499219084184e-08,1.7320508075688772,1,11.090536506409418,0.15617376188860604,0.7736731845058752,1.4,0,,88,95,82,87,24,31,-7.343619078814458,0.0,0.9994959543285818,True,1,large,0.5255652568220824
BraTS-GLI-02801-101,gmm_2d,prediction_component,166,47,17664.0,2.0020009252686086e-05,4.5329499219084184e-08,1.7320508075688772,1,11.090536506409418,0.15617376188860604,0.7736731845058752,1.4,0,,88,95,104,111,154,159,-7.343619078814458,0.0,0.9994959543285818,True,1,large,0.5255652568220824
BraTS-GLI-02801-101,gmm_2d,prediction_component,167,140,41984.0,1.627429993003648e-05,2.995415030922093e-08,1.7320508075688772,1,18.138357147217054,0.09549105211188455,0.5377092223857131,1.5,0,,88,99,118,126,39,51,-7.523542995260745,0.0,0.9938161694161208,True,1,large,0.5255652568220824
BraTS-GLI-02801-101,gmm_2d,prediction_component,168,91,25856.0,2.188766251283769e-05,5.4181514550803594e-08,1.7320508075688772,1,14.142135623730951,0.1224744871391589,0.6207399539808366,1.6666666666666667,0,,89,97,79,85,121,131,-7.266148859179868,0.0,0.9988578205894171,True,1,large,0.5255652568220824
BraTS-GLI-02801-101,gmm_2d,prediction_component,169,50,15360.0,2.6265349298824172e-05,7.802229756091518e-08,1.7320508075688772,1,10.392304845413264,0.16666666666666666,0.757879504227687,1.0,0,,89,95,102,108,21,27,-7.1077812649530205,0.0,0.9998150660465362,True,1,large,0.5255652568220824
BraTS-GLI-02801-101,gmm_2d,prediction_component,170,25,9984.0,2.5060120224403912e-05,7.102621534903521e-08,1.7320508075688772,1,8.660254037844387,0.19999999999999996,0.9548683406603533,1.0,0,,89,94,125,130,138,143,-7.14858132620955,0.0,0.9999372968689848,True,1,large,0.5255652568220824
BraTS-GLI-02801-101,gmm_2d,prediction_component,171,86,23040.0,2.459091785793553e-05,6.839145632717376e-08,1.7320508075688772,1,12.36931687685298,0.14002800840280097,0.6325439118228858,1.5,0,,89,95,132,141,87,93,-7.164998148304967,0.0,0.9994493973566123,True,1,large,0.5255652568220824
BraTS-GLI-02801-101,gmm_2d,prediction_component,172,106,30208.0,2.018937646840702e-05,4.609970923151823e-08,2.23606797749979,1,15.033296378372908,0.14874102932718242,0.7616332875610777,1.125,1,,89,98,135,144,138,146,-7.336301813862963,0.6931471805599453,0.9992715145653147,True,1,large,0.5255652568220824
BraTS-GLI-02801-101,gmm_2d,prediction_component,173,9153,1686016.0,4.1809110202811106e-06,1.976943343126156e-09,3.0,1,120.92146211487851,0.024809491611587714,0.23118676629596988,7.214285714285714,35,,89,154,78,179,80,94,-8.704005776877656,3.58351893845611,0.06853699844583931,False,1,large,0.5255652568220824
BraTS-GLI-02801-101,gmm_2d,prediction_component,174,79,27136.0,1.767292137893939e-05,3.532393397260056e-08,1.7320508075688772,1,13.038404810405298,0.1328422328310143,0.6507004893872986,1.8,0,,90,99,25,30,103,111,-7.451930935687556,0.0,0.9983145687184369,True,1,large,0.5255652568220824
BraTS-GLI-02801-101,gmm_2d,prediction_component,175,114,28672.0,2.3481069250407574e-05,6.235741626217349e-08,2.449489742783178,1,13.74772708486752,0.17817416127494956,0.8143358314203782,2.0,1,,90,95,109,119,135,143,-7.205111887811727,0.6931471805599453,0.9997775839696955,True,1,large,0.5255652568220824
BraTS-GLI-02801-101,gmm_2d,prediction_component,176,25,9984.0,2.5060120224403912e-05,7.102621534903521e-08,1.7320508075688772,1,8.660254037844387,0.19999999999999996,0.9548683406603533,1.0,0,,91,96,57,62,128,133,-7.14858132620955,0.0,0.9999372968689848,True,1,large,0.5255652568220824
BraTS-GLI-02801-101,gmm_2d,prediction_component,177,120,40192.0,1.489264439069259e-05,2.5083954965521845e-08,1.7320508075688772,1,18.138357147217054,0.09549105211188455,0.5660608012607246,1.5,0,,91,99,84,95,126,138,-7.600603987606579,0.0,0.9925160145485317,True,1,large,0.5255652568220824
BraTS-GLI-02801-101,gmm_2d,prediction_component,178,145,37120.0,2.0274775354916986e-05,4.649052765009015e-08,2.23606797749979,1,17.378147196982766,0.1286712531637447,0.6861070331070992,1.2222222222222223,1,,91,102,106,116,95,104,-7.332635524709103,0.6931471805599453,0.9986817575469592,True,1,large,0.5255652568220824
BraTS-GLI-02801-101,gmm_2d,prediction_component,179,25,9984.0,2.5060120224403912e-05,7.102621534903521e-08,1.7320508075688772,1,8.660254037844387,0.19999999999999996,0.9548683406603533,1.0,0,,92,97,69,74,152,157,-7.14858132620955,0.0,0.9999372968689848,True,1,large,0.5255652568220824
BraTS-GLI-02801-101,gmm_2d,prediction_component,180,77,22272.0,2.3166045141464116e-05,6.069545480190788e-08,1.7320508075688772,1,11.916375287812984,0.14535047493345277,0.6562861745204266,1.8,0,,92,98,91,100,92,97,-7.216843829985019,0.0,0.9994405677976634,True,1,large,0.5255652568220824
BraTS-GLI-02801-101,gmm_2d,prediction_component,181,62,18688.0,2.4268752428564105e-05,6.661120285644907e-08,1.7320508075688772,1,11.0,0.15745916432444337,0.7054392189315698,1.1666666666666667,0,,92,98,93,99,24,31,-7.176452723838987,0.0,0.9996686970222383,True,1,large,0.5255652568220824
BraTS-GLI-02801-101,gmm_2d,prediction_component,182,25,9984.0,2.5060120224403912e-05,7.102621534903521e-08,1.7320508075688772,1,8.660254037844387,0.19999999999999996,0.9548683406603533,1.0,0,,92,97,96,101,131,136,-7.14858132620955,0.0,0.9999372968689848,True,1,large,0.5255652568220824
BraTS-GLI-02801-101,gmm_2d,prediction_component,183,1488,304640.0,8.849577585950253e-06,8.857220484076443e-09,2.449489742783178,1,51.487862647424,0.047574119740737164,0.3458630639876934,2.263157894736842,7,,92,113,60,103,140,159,-8.052702544232,2.0794415416798357,0.7335290868745509,True,1,large,0.5255652568220824
BraTS-GLI-02801-101,gmm_2d,prediction_component,184,25,9984.0,2.5060120224403912e-05,7.102621534903521e-08,1.7320508075688772,1,8.660254037844387,0.19999999999999996,0.9548683406603533,1.0,0,,93,98,107,112,129,134,-7.14858132620955,0.0,0.9999372968689848,True,1,large,0.5255652568220824
BraTS-GLI-02801-101,gmm_2d,prediction_component,185,25,9984.0,2.5060120224403912e-05,7.102621534903521e-08,1.7320508075688772,1,8.660254037844387,0.19999999999999996,0.9548683406603533,1.0,0,,93,98,132,137,43,48,-7.14858132620955,0.0,0.9999372968689848,True,1,large,0.5255652568220824
BraTS-GLI-02801-101,gmm_2d,prediction_component,186,50,19968.0,1.772018094802615e-05,3.551310767451761e-08,1.7320508075688772,1,12.727922061357855,0.13608276348795434,0.757879504227687,1.1428571428571428,0,,94,102,69,76,130,137,-7.449611321873531,0.0,0.9988706286915658,True,1,large,0.5255652568220824
BraTS-GLI-02801-101,gmm_2d,prediction_component,187,50,19968.0,1.772018094802615e-05,3.551310767451761e-08,1.7320508075688772,1,12.727922061357855,0.13608276348795434,0.757879504227687,1.1428571428571428,0,,94,101,77,85,20,27,-7.449611321873531,0.0,0.9988706286915658,True,1,large,0.5255652568220824
BraTS-GLI-02801-101,gmm_2d,prediction_component,188,25,9984.0,2.5060120224403912e-05,7.102621534903521e-08,1.7320508075688772,1,8.660254037844387,0.19999999999999996,0.9548683406603533,1.0,0,,94,99,146,151,138,143,-7.14858132620955,0.0,0.9999372968689848,True,1,large,0.5255652568220824
BraTS-GLI-02801-101,gmm_2d,prediction_component,189,73,21248.0,2.3569250574311098e-05,6.282665252596318e-08,2.23606797749979,1,11.661903789690601,0.1917412472118426,0.8624625614222922,1.3333333333333333,1,,95,101,56,64,86,92,-7.201856079361438,0.6931471805599453,0.9998528365974902,True,1,large,0.5255652568220824
BraTS-GLI-02801-101,gmm_2d,prediction_component,190,51,15104.0,2.7474652658327337e-05,8.537226323330647e-08,2.23606797749979,1,9.9498743710662,0.22473328748774737,0.9719810843490212,1.4,1,,95,100,94,99,33,40,-7.068683205204687,0.6931471805599453,0.999965002963772,True,1,large,0.5255652568220824
BraTS-GLI-02801-101,gmm_2d,prediction_component,191,72,23296.0,2.024932076428843e-05,4.637386500279305e-08,1.7320508075688772,1,12.806248474865697,0.13525044520011484,0.6711392913128504,1.3333333333333333,0,,96,102,77,85,122,130,-7.333726706574872,0.0,0.9990148184419064,True,1,large,0.5255652568220824
BraTS-GLI-02801-101,gmm_2d,prediction_component,192,25,9984.0,2.5060120224403912e-05,7.102621534903521e-08,1.7320508075688772,1,8.660254037844387,0.19999999999999996,0.9548683406603533,1.0,0,,97,102,31,36,46,51,-7.14858132620955,0.0,0.9999372968689848,True,1,large,0.5255652568220824
BraTS-GLI-02801-101,gmm_2d,prediction_component,193,25,9984.0,2.5060120224403912e-05,7.102621534903521e-08,1.7320508075688772,1,8.660254037844387,0.19999999999999996,0.9548683406603533,1.0,0,,97,102,76,81,142,147,-7.14858132620955,0.0,0.9999372968689848,True,1,large,0.5255652568220824
BraTS-GLI-02801-101,gmm_2d,prediction_component,194,25,9984.0,2.5060120224403912e-05,7.102621534903521e-08,1.7320508075688772,1,8.660254037844387,0.19999999999999996,0.9548683406603533,1.0,0,,97,102,102,107,74,79,-7.14858132620955,0.0,0.9999372968689848,True,1,large,0.5255652568220824
BraTS-GLI-02801-101,gmm_2d,prediction_component,195,50,19968.0,1.772018094802615e-05,3.551310767451761e-08,1.7320508075688772,1,12.727922061357855,0.13608276348795434,0.757879504227687,1.1428571428571428,0,,98,105,52,60,32,39,-7.449611321873531,0.0,0.9988706286915658,True,1,large,0.5255652568220824
BraTS-GLI-02801-101,gmm_2d,prediction_component,196,25,9984.0,2.5060120224403912e-05,7.102621534903521e-08,1.7320508075688772,1,8.660254037844387,0.19999999999999996,0.9548683406603533,1.0,0,,98,103,126,131,40,45,-7.14858132620955,0.0,0.9999372968689848,True,1,large,0.5255652568220824
BraTS-GLI-02801-101,gmm_2d,prediction_component,197,25,9984.0,2.5060120224403912e-05,7.102621534903521e-08,1.7320508075688772,1,8.660254037844387,0.19999999999999996,0.9548683406603533,1.0,0,,99,104,35,40,132,137,-7.14858132620955,0.0,0.9999372968689848,True,1,large,0.5255652568220824
BraTS-GLI-02801-101,gmm_2d,prediction_component,198,213,61440.0,1.3986298501623872e-05,2.2123710112757255e-08,1.7320508075688772,1,22.715633383201094,0.07624928516630233,0.4675165211737657,2.0,0,,99,113,97,113,148,156,-7.65514204073147,0.0,0.9824726305005999,True,1,large,0.5255652568220824
BraTS-GLI-02801-101,gmm_2d,prediction_component,199,25,9984.0,2.5060120224403912e-05,7.102621534903521e-08,1.7320508075688772,1,8.660254037844387,0.19999999999999996,0.9548683406603533,1.0,0,,99,104,155,160,137,142,-7.14858132620955,0.0,0.9999372968689848,True,1,large,0.5255652568220824
BraTS-GLI-02801-101,gmm_2d,prediction_component,200,25,9984.0,2.5060120224403912e-05,7.102621534903521e-08,1.7320508075688772,1,8.660254037844387,0.19999999999999996,0.9548683406603533,1.0,0,,100,105,140,145,121,126,-7.14858132620955,0.0,0.9999372968689848,True,1,large,0.5255652568220824
BraTS-GLI-02801-101,gmm_2d,prediction_component,201,128,40448.0,1.5734914639551623e-05,2.8001490938791396e-08,1.7320508075688772,1,19.697715603592208,0.08793155726408237,0.5540132784474323,1.2,0,,100,110,160,172,127,139,-7.552818844041659,0.0,0.9924852057995553,True,1,large,0.5255652568220824
BraTS-GLI-02801-101,gmm_2d,prediction_component,202,101,28672.0,2.080340345869443e-05,4.8946445313206506e-08,2.23606797749979,1,16.186414056238647,0.1381447409988844,0.7739996197824753,1.1111111111111112,1,,101,110,45,55,100,109,-7.310278842919387,0.6931471805599453,0.9992234453531841,True,1,large,0.5255652568220824
BraTS-GLI-02801-101,gmm_2d,prediction_component,203,549,123904.0,1.2587641165007514e-05,1.7920126930239765e-08,2.449489742783178,1,34.19064199455752,0.07164211023510728,0.4822227700760763,3.0,4,,101,124,33,57,85,93,-7.7466589185071815,1.6094379124341003,0.9586558976973194,True,1,large,0.5255652568220824
BraTS-GLI-02801-101,gmm_2d,prediction_component,204,25,9984.0,2.5060120224403912e-05,7.102621534903521e-08,1.7320508075688772,1,8.660254037844387,0.19999999999999996,0.9548683406603533,1.0,0,,102,107,73,78,26,31,-7.14858132620955,0.0,0.9999372968689848,True,1,large,0.5255652568220824
BraTS-GLI-02801-101,gmm_2d,prediction_component,205,25,9984.0,2.5060120224403912e-05,7.102621534903521e-08,1.7320508075688772,1,8.660254037844387,0.19999999999999996,0.9548683406603533,1.0,0,,103,108,61,66,22,27,-7.14858132620955,0.0,0.9999372968689848,True,1,large,0.5255652568220824
BraTS-GLI-02801-101,gmm_2d,prediction_component,206,205,51968.0,1.730413346920668e-05,3.386507844151656e-08,2.449489742783178,1,20.445048300260872,0.11980845957463075,0.6696592538349373,2.142857142857143,1,,106,121,86,98,83,90,-7.4702479141022575,0.6931471805599453,0.9973070460718162,True,1,large,0.5255652568220824
BraTS-GLI-02801-101,gmm_2d,prediction_component,207,797,189440.0,9.66608909497672e-06,1.056705483589937e-08,2.449489742783178,1,49.9799959983992,0.04900940253900045,0.42587850530013915,4.0,4,,106,127,74,118,142,153,-7.9760460388748315,1.6094379124341003,0.8474681724781733,True,1,large,0.5255652568220824
BraTS-GLI-02801-101,gmm_2d,prediction_component,208,25,9984.0,2.5060120224403912e-05,7.102621534903521e-08,1.7320508075688772,1,8.660254037844387,0.19999999999999996,0.9548683406603533,1.0,0,,108,113,61,66,85,90,-7.14858132620955,0.0,0.9999372968689848,True,1,large,0.5255652568220824
BraTS-GLI-02801-101,gmm_2d,prediction_component,209,38,12544.0,2.7047649416909622e-05,8.273922157753891e-08,1.7320508075688772,1,9.273618495495704,0.18677184190940707,0.8304795924748166,1.2,0,,110,116,76,81,148,153,-7.082288569326049,0.0,0.9999073465642991,True,1,large,0.5255652568220824
BraTS-GLI-02801-101,gmm_2d,prediction_component,210,25,9984.0,2.5060120224403912e-05,7.102621534903521e-08,1.7320508075688772,1,8.660254037844387,0.19999999999999996,0.9548683406603533,1.0,0,,111,116,28,33,106,111,-7.14858132620955,0.0,0.9999372968689848,True,1,large,0.5255652568220824
BraTS-GLI-02801-101,gmm_2d,prediction_component,211,50,19968.0,1.772018094802615e-05,3.551310767451761e-08,1.7320508075688772,1,12.36931687685298,0.14002800840280097,0.757879504227687,1.5,0,,111,117,30,36,55,64,-7.449611321873531,0.0,0.9989503591228521,True,1,large,0.5255652568220824
BraTS-GLI-02801-101,gmm_2d,prediction_component,212,25,9984.0,2.5060120224403912e-05,7.102621534903521e-08,1.7320508075688772,1,8.660254037844387,0.19999999999999996,0.9548683406603533,1.0,0,,111,116,34,39,121,126,-7.14858132620955,0.0,0.9999372968689848,True,1,large,0.5255652568220824
BraTS-GLI-02801-101,gmm_2d,prediction_component,213,25,9984.0,2.5060120224403912e-05,7.102621534903521e-08,1.7320508075688772,1,8.660254037844387,0.19999999999999996,0.9548683406603533,1.0,0,,112,117,54,59,34,39,-7.14858132620955,0.0,0.9999372968689848,True,1,large,0.5255652568220824
BraTS-GLI-02801-101,gmm_2d,prediction_component,214,38,12544.0,2.7047649416909622e-05,8.273922157753891e-08,1.7320508075688772,1,9.273618495495704,0.18677184190940707,0.8304795924748166,1.2,0,,113,118,27,32,74,80,-7.082288569326049,0.0,0.9999073465642991,True,1,large,0.5255652568220824
BraTS-GLI-02801-101,gmm_2d,prediction_component,215,25,9984.0,2.5060120224403912e-05,7.102621534903521e-08,1.7320508075688772,1,8.660254037844387,0.19999999999999996,0.9548683406603533,1.0,0,,113,118,38,43,125,130,-7.14858132620955,0.0,0.9999372968689848,True,1,large,0.5255652568220824
BraTS-GLI-02801-101,gmm_2d,prediction_component,216,240,67328.0,1.3737815232404216e-05,2.1344585009293262e-08,2.23606797749979,1,23.895606290697042,0.09357653245108613,0.580021543520932,1.3636363636363635,1,,113,128,41,52,122,137,-7.67071228452019,0.6931471805599453,0.9881172893969427,True,1,large,0.5255652568220824
BraTS-GLI-02801-101,gmm_2d,prediction_component,217,255,65536.0,1.519918441772461e-05,2.61272043743629e-08,2.23606797749979,1,23.2163735324878,0.09631426606617743,0.5684179863687828,1.8888888888888888,1,,114,123,51,68,133,146,-7.582907057541766,0.6931471805599453,0.9914622354308665,True,1,large,0.5255652568220824
BraTS-GLI-02801-101,gmm_2d,prediction_component,218,25,9984.0,2.5060120224403912e-05,7.102621534903521e-08,1.7320508075688772,1,8.660254037844387,0.19999999999999996,0.9548683406603533,1.0,0,,115,120,31,36,107,112,-7.14858132620955,0.0,0.9999372968689848,True,1,large,0.5255652568220824
BraTS-GLI-02801-101,gmm_2d,prediction_component,219,51,16384.0,2.4318695068359375e-05,6.688564319836902e-08,1.7320508075688772,1,10.488088481701515,0.1651445647689541,0.7528933105024771,1.4,0,,118,123,34,40,112,119,-7.1746670922299165,0.0,0.9997536552590456,True,1,large,0.5255652568220824
BraTS-GLI-02801-101,gmm_2d,prediction_component,220,38,13824.0,2.3379381024587062e-05,6.181848980958109e-08,1.7320508075688772,1,9.848857801796104,0.17586311452816475,0.8304795924748166,1.2,0,,120,126,90,96,29,34,-7.2088816087094125,0.0,0.9998202678928552,True,1,large,0.5255652568220824
BraTS-GLI-02801-101,gmm_2d,prediction_component,221,94,25088.0,2.36553180773447e-05,6.328633672603305e-08,2.23606797749979,1,12.727922061357855,0.17568209223157663,0.7927542653693875,1.1428571428571428,1,,121,128,66,74,138,145,-7.198690042352215,0.6931471805599453,0.9997566750337024,True,1,large,0.5255652568220824
BraTS-GLI-02801-101,gmm_2d,prediction_component,222,97,31488.0,1.7360175813552173e-05,3.4084789147024603e-08,1.7320508075688772,1,15.652475842498529,0.11065666703449761,0.6076678398117905,1.25,0,,122,131,32,40,92,102,-7.467439388259832,0.0,0.9969273068948042,True,1,large,0.5255652568220824
BraTS-GLI-02801-101,gmm_2d,prediction_component,223,25,9984.0,2.5060120224403912e-05,7.102621534903521e-08,1.7320508075688772,1,8.660254037844387,0.19999999999999996,0.9548683406603533,1.0,0,,125,130,100,105,140,145,-7.14858132620955,0.0,0.9999372968689848,True,1,large,0.5255652568220824
BraTS-GLI-02801-101,gmm_2d,prediction_component,224,25,9984.0,2.5060120224403912e-05,7.102621534903521e-08,1.7320508075688772,1,8.660254037844387,0.19999999999999996,0.9548683406603533,1.0,0,,126,131,157,162,120,125,-7.14858132620955,0.0,0.9999372968689848,True,1,large,0.5255652568220824
BraTS-GLI-02801-101,gmm_2d,prediction_component,225,71,21760.0,2.211923038994225e-05,5.5334042309293946e-08,1.7320508075688772,1,12.727922061357855,0.13608276348795434,0.6742755017744779,1.1428571428571428,0,,129,136,90,98,135,142,-7.257007602178855,0.0,0.9992728694485138,True,1,large,0.5255652568220824
BraTS-GLI-02801-101,gmm_2d,prediction_component,226,50,17152.0,2.2258600373918718e-05,5.6033542268023926e-08,1.7320508075688772,1,11.575836902790225,0.14962640041614492,0.757879504227687,1.1666666666666667,0,,130,136,76,83,134,141,-7.25155192190457,0.0,0.9995721488107336,True,1,large,0.5255652568220824
BraTS-GLI-02801-101,gmm_2d,prediction_component,227,114,28928.0,2.3170064253433113e-05,6.071651692004548e-08,2.23606797749979,1,14.52583904633395,0.15393726795176982,0.7433835070894423,1.2857142857142858,1,,131,140,38,47,91,98,-7.216693150251442,0.6931471805599453,0.9995466616127165,True,1,large,0.5255652568220824
BraTS-GLI-02801-101,gmm_2d,prediction_component,228,76,24832.0,1.9422093606574946e-05,4.26623190534874e-08,1.7320508075688772,1,14.071247279470288,0.12309149097933272,0.6591520893663227,1.5,0,,131,140,71,77,126,135,-7.369955540711279,0.0,0.9985387467462394,True,1,large,0.5255652568220824
BraTS-GLI-02801-101,gmm_2d,prediction_component,229,25,9984.0,2.5060120224403912e-05,7.102621534903521e-08,1.7320508075688772,1,8.660254037844387,0.19999999999999996,0.9548683406603533,1.0,0,,131,136,72,77,41,46,-7.14858132620955,0.0,0.9999372968689848,True,1,large,0.5255652568220824
BraTS-GLI-02801-101,gmm_2d,prediction_component,230,84,28160.0,1.7775847278193747e-05,3.573658050290025e-08,1.7320508075688772,1,14.142135623730951,0.1224744871391589,0.6375247776221004,1.6666666666666667,0,,135,141,86,94,126,136,-7.446887005825039,0.0,0.9979108792597053,True,1,large,0.5255652568220824
BraTS-GLI-02801-101,gmm_2d,prediction_component,231,84,28672.0,1.7301840500300316e-05,3.3856104120182834e-08,1.7320508075688772,1,15.033296378372908,0.11521430589638527,0.6375247776221004,1.125,0,,135,143,98,107,39,48,-7.470363018360909,0.0,0.9973976487068108,True,1,large,0.5255652568220824
BraTS-GLI-02801-101,gmm_2d,prediction_component,232,38,12544.0,2.7047649416909622e-05,8.273922157753891e-08,1.7320508075688772,1,9.273618495495704,0.18677184190940707,0.8304795924748166,1.2,0,,136,141,43,48,71,77,-7.082288569326049,0.0,0.9999073465642991,True,1,large,0.5255652568220824
BraTS-GLI-02801-101,gmm_2d,prediction_component,233,144,37120.0,2.0134949317986523e-05,4.5851490195113876e-08,2.449489742783178,1,17.0,0.14408763192842222,0.753328383627923,1.5,1,,136,145,57,69,81,89,-7.338646544988553,0.6931471805599453,0.9991781227808597,True,1,large,0.5255652568220824
BraTS-GLI-02801-101,gmm_2d,prediction_component,234,48,18432.0,1.918149905562466e-05,4.1611892032488095e-08,1.7320508075688772,1,11.180339887498949,0.15491933384829665,0.7682627055029695,1.6,0,,136,142,69,77,83,88,-7.380782537016758,0.0,0.9993995385596278,True,1,large,0.5255652568220824
BraTS-GLI-02801-101,gmm_2d,prediction_component,235,25,9984.0,2.5060120224403912e-05,7.102621534903521e-08,1.7320508075688772,1,8.660254037844387,0.19999999999999996,0.9548683406603533,1.0,0,,136,141,86,91,47,52,-7.14858132620955,0.0,0.9999372968689848,True,1,large,0.5255652568220824
BraTS-GLI-02801-101,gmm_2d,prediction_component,236,25,9984.0,2.5060120224403912e-05,7.102621534903521e-08,1.7320508075688772,1,8.660254037844387,0.19999999999999996,0.9548683406603533,1.0,0,,138,143,99,104,128,133,-7.14858132620955,0.0,0.9999372968689848,True,1,large,0.5255652568220824
BraTS-GLI-02801-101,gmm_2d,prediction_component,237,38,13824.0,2.3379381024587062e-05,6.181848980958109e-08,1.7320508075688772,1,9.848857801796104,0.17586311452816475,0.8304795924748166,1.2,0,,139,145,112,117,125,131,-7.2088816087094125,0.0,0.9998202678928552,True,1,large,0.5255652568220824
BraTS-GLI-02801-101,gmm_2d,prediction_component,238,25,9984.0,2.5060120224403912e-05,7.102621534903521e-08,1.7320508075688772,1,8.660254037844387,0.19999999999999996,0.9548683406603533,1.0,0,,141,146,102,107,47,52,-7.14858132620955,0.0,0.9999372968689848,True,1,large,0.5255652568220824
BraTS-GLI-02801-101,gmm_2d,prediction_component,239,60,21504.0,1.9027090038713064e-05,4.0944645950334494e-08,1.7320508075688772,1,12.206555615733702,0.14189513095212064,0.7131919190287451,1.3333333333333333,0,,143,149,104,111,115,123,-7.387802879892486,0.0,0.9990696387566019,True,1,large,0.5255652568220824
BraTS-GLI-02801-101,gmm_2d,prediction_component,240,59,19456.0,2.1740607489918187e-05,5.3455909614067176e-08,1.7320508075688772,1,11.661903789690601,0.14852213144650114,0.71719869927557,1.3333333333333333,0,,144,150,101,107,51,59,-7.272004276032213,0.0,0.9994664090889093,True,1,large,0.5255652568220824
BraTS-GLI-02801-101,gmm_2d,prediction_component,241,25,9984.0,2.5060120224403912e-05,7.102621534903521e-08,1.7320508075688772,1,8.660254037844387,0.19999999999999996,0.9548683406603533,1.0,0,,148,153,130,135,98,103,-7.14858132620955,0.0,0.9999372968689848,True,1,large,0.5255652568220824
BraTS-GLI-02801-101,variational_spline,prediction_component,1,18164,3480576.0,2.79727272923972e-06,8.849566482527958e-10,4.47213595499958,2,202.39565212721345,0.02209600803177664,0.2742462533953008,1.5,36,,26,142,24,116,23,161,-9.053078003749336,3.6109179126442243,0.021806757780634595,False,1,large,0.5255652568220824
