case_id,method,source,component_label,volume_vox,surface_area_proxy,compactness_v_over_s15,isoperimetric_quotient,inscribed_radius_vox,inscribed_radius_grid_step,bbox_diag_vox,radius_over_bbox_diag,radius_over_equiv_sphere,elongation_max_over_min,eroded_subcomponents,overlap_gt_vox,z0,z1,y0,y1,x0,x1,log10_isoperimetric,log1p_eroded_subcomponents,shape_score_prob_true_et,accepted_shape,fold,vol_bin,shape_threshold
BraTS-GLI-02151-100,otsu_T1c,prediction_component,1,28341,2906624.0,5.719155268113627e-06,3.6992710010540338e-09,5.196152422706632,1,94.56214887575261,0.05494960176438013,0.2747301743858509,1.4130434782608696,14,,43,94,83,148,103,149,-8.431883851990571,2.70805020110221,0.3402841214621363,False,3,large,0.5309848428280338
BraTS-GLI-02151-100,gmm_T1c,prediction_component,1,15909,2208000.0,4.848911729983783e-06,2.6591383286711705e-09,4.242640687119285,1,91.54780172128658,0.04634344689166678,0.2719264763162723,1.4090909090909092,21,,43,94,84,146,104,148,-8.575259070033612,3.091042453358316,0.1805794843572783,False,3,large,0.5309848428280338
BraTS-GLI-02151-100,sustraccion,prediction_component,2,14,7680.0,2.080109539136373e-05,4.8935585030206e-08,1.4142135623730951,1,8.246211251235321,0.17149858514250885,0.9458781407605124,1.5,0,,32,38,76,80,84,88,-7.310375215276639,0.0,0.9998414913027567,True,3,large,0.5309848428280338
BraTS-GLI-02151-100,sustraccion,prediction_component,3,73872,10396160.0,2.2037911008524072e-06,5.492792884293676e-10,8.0,4,245.7173172570464,0.03255773784812713,0.30734506046224963,1.2734375,73,,33,161,21,184,25,157,-9.260206776530106,4.30406509320417,0.00913732740401892,False,3,large,0.5309848428280338
BraTS-GLI-02151-100,sustraccion,prediction_component,4,24,12288.0,1.7619331945484184e-05,3.511003390241183e-08,1.4142135623730951,1,10.04987562112089,0.1407195089460584,0.7903281549671363,1.75,0,,38,45,55,59,131,137,-7.4545687511776775,0.0,0.9992545852528634,True,3,large,0.5309848428280338
BraTS-GLI-02151-100,sustraccion,prediction_component,7,107,32256.0,1.8470047487695706e-05,3.8582325225134127e-08,1.4142135623730951,1,16.76305461424021,0.08436490812191956,0.48019386632678784,1.1111111111111112,0,,39,48,81,91,69,79,-7.413611602456397,0.0,0.9955477466756846,True,3,large,0.5309848428280338
BraTS-GLI-02151-100,sustraccion,prediction_component,8,187,48640.0,1.7432162156991697e-05,3.436804970147548e-08,1.7320508075688772,1,20.688160865577203,0.08372183582789212,0.4882507978214639,2.3333333333333335,0,,40,54,38,52,87,93,-7.463845112259617,0.0,0.9947221592144734,True,3,large,0.5309848428280338
BraTS-GLI-02151-100,sustraccion,prediction_component,9,91,28928.0,1.849540216721415e-05,3.8688325378185345e-08,1.4142135623730951,1,15.132745950421556,0.09345386270319955,0.5068320500705872,2.0,0,,41,47,80,92,102,109,-7.4124200682821995,0.0,0.9965090629687602,True,3,large,0.5309848428280338
BraTS-GLI-02151-100,sustraccion,prediction_component,10,48,21504.0,1.522167203097045e-05,2.6204573408214077e-08,1.4142135623730951,1,16.15549442140351,0.08753762190648172,0.6272838722974592,3.5,0,,43,57,51,55,42,49,-7.581622905908598,0.0,0.9950663921290116,True,3,large,0.5309848428280338
BraTS-GLI-02151-100,sustraccion,prediction_component,11,14,6912.0,2.4362533060422576e-05,6.712700278491907e-08,1.4142135623730951,1,7.0710678118654755,0.2,0.9458781407605124,1.6666666666666667,0,,45,50,62,66,83,86,-7.1731027435946135,0.0,0.9999414397968109,True,3,large,0.5309848428280338
BraTS-GLI-02151-100,sustraccion,prediction_component,13,19,8448.0,2.446936747720066e-05,6.771702339772293e-08,1.4142135623730951,1,7.810249675906654,0.1810714920850371,0.8543319874271107,2.0,0,,48,54,52,56,136,139,-7.169302140202132,0.0,0.9998934476197895,True,3,large,0.5309848428280338
BraTS-GLI-02151-100,sustraccion,prediction_component,14,12,6144.0,2.4917498197257264e-05,7.022006780482366e-08,1.4142135623730951,1,6.4031242374328485,0.2208630521496931,0.9957510787676723,1.3333333333333333,0,,48,52,75,79,93,96,-7.153538755513696,0.0,0.9999674469175863,True,3,large,0.5309848428280338
BraTS-GLI-02151-100,sustraccion,prediction_component,16,22,8704.0,2.709220525861094e-05,8.301204026265334e-08,1.4142135623730951,1,7.54983443527075,0.1873171623163388,0.8135863258112027,1.25,0,,50,54,106,110,87,92,-7.08085891195648,0.0,0.9999214930845557,True,3,large,0.5309848428280338
BraTS-GLI-02151-100,sustraccion,prediction_component,19,24,9216.0,2.712673611111111e-05,8.322378406497619e-08,1.4142135623730951,1,8.12403840463596,0.17407765595569785,0.7903281549671363,1.25,0,,52,57,73,78,84,88,-7.079752541352778,0.0,0.9998944041457718,True,3,large,0.5309848428280338
BraTS-GLI-02151-100,sustraccion,prediction_component,21,24,8448.0,3.090867470804294e-05,1.0804710658473243e-07,1.4142135623730951,1,7.0710678118654755,0.2,0.7903281549671363,1.6666666666666667,0,,54,57,74,78,93,98,-6.966386858684578,0.0,0.9999554649394004,True,3,large,0.5309848428280338
BraTS-GLI-02151-100,sustraccion,prediction_component,22,62,22784.0,1.8027966050845526e-05,3.6757489054990004e-08,1.4142135623730951,1,14.7648230602334,0.09578262852211515,0.5759887103099525,2.75,0,,54,63,93,104,131,135,-7.434654163412358,0.0,0.9970682089210181,True,3,large,0.5309848428280338
BraTS-GLI-02151-100,sustraccion,prediction_component,23,12,6144.0,2.4917498197257264e-05,7.022006780482366e-08,1.4142135623730951,1,6.4031242374328485,0.2208630521496931,0.9957510787676723,1.3333333333333333,0,,55,59,82,85,135,139,-7.153538755513696,0.0,0.9999674469175863,True,3,large,0.5309848428280338
BraTS-GLI-02151-100,sustraccion,prediction_component,24,24,10752.0,2.1526695028193625e-05,5.2409146816428155e-08,1.4142135623730951,1,9.38083151964686,0.15075567228888181,0.7903281549671363,1.5,0,,56,60,101,107,29,35,-7.280592910244617,0.0,0.999669516313952,True,3,large,0.5309848428280338
BraTS-GLI-02151-100,sustraccion,prediction_component,25,48,19200.0,1.8042195912175806e-05,3.681553890925539e-08,1.4142135623730951,1,13.416407864998739,0.10540925533894598,0.6272838722974592,2.5,0,,57,61,98,106,118,128,-7.433968837898053,0.0,0.997888354005846,True,3,large,0.5309848428280338
BraTS-GLI-02151-100,sustraccion,prediction_component,26,29,14592.0,1.645226766159808e-05,3.0612860066472505e-08,1.4142135623730951,1,11.090536506409418,0.12751534261266767,0.742013605090188,1.4,0,,57,62,140,147,42,49,-7.51409609369369,0.0,0.9986453023586486,True,3,large,0.5309848428280338
BraTS-GLI-02151-100,sustraccion,prediction_component,28,280,94208.0,9.683366184397314e-06,1.0604863531796127e-08,1.4142135623730951,1,34.88552708502482,0.04053868983909288,0.3484644864437133,2.727272727272727,0,,58,69,67,97,119,133,-7.974494915810242,0.0,0.8980446170547467,True,3,large,0.5309848428280338
BraTS-GLI-02151-100,sustraccion,prediction_component,30,41,13568.0,2.5942397193286826e-05,7.611540843831635e-08,1.4142135623730951,1,9.38083151964686,0.15075567228888181,0.6611244956113513,1.5,0,,60,64,87,93,37,43,-7.118527417837024,0.0,0.9997272042852043,True,3,large,0.5309848428280338
BraTS-GLI-02151-100,sustraccion,prediction_component,31,14,7680.0,2.080109539136373e-05,4.8935585030206e-08,1.4142135623730951,1,7.54983443527075,0.1873171623163388,0.9458781407605124,1.25,0,,60,65,106,110,26,30,-7.310375215276639,0.0,0.9998792186253973,True,3,large,0.5309848428280338
BraTS-GLI-02151-100,sustraccion,prediction_component,32,32,13312.0,2.0834592706776936e-05,4.909332004925314e-08,1.4142135623730951,1,10.04987562112089,0.1407195089460584,0.7180607827429069,1.75,0,,61,67,85,92,153,157,-7.308977596738713,0.0,0.9994530944097071,True,3,large,0.5309848428280338
BraTS-GLI-02151-100,sustraccion,prediction_component,34,23,8192.0,3.102008050401801e-05,1.0882739024048354e-07,1.4142135623730951,1,6.928203230275509,0.20412414523193154,0.8016200827808712,1.0,0,,62,66,93,97,105,109,-6.96326178539866,0.0,0.9999604153295655,True,3,large,0.5309848428280338
BraTS-GLI-02151-100,sustraccion,prediction_component,35,47,15616.0,2.40848062757993e-05,6.560526413647894e-08,1.4142135623730951,1,10.63014581273465,0.13303802104754786,0.6317015099045129,2.25,0,,63,67,94,103,152,156,-7.183061311634994,0.0,0.9994854887986852,True,3,large,0.5309848428280338
BraTS-GLI-02151-100,sustraccion,prediction_component,36,47,17152.0,2.0923084351483595e-05,4.9511237948025935e-08,1.4142135623730951,1,10.770329614269007,0.13130643285972257,0.6317015099045129,2.0,0,,64,68,41,47,67,75,-7.305296214705172,0.0,0.999168489184461,True,3,large,0.5309848428280338
BraTS-GLI-02151-100,sustraccion,prediction_component,39,85,32000.0,1.484888891308454e-05,2.4936775183065953e-08,1.4142135623730951,1,15.362291495737216,0.09205746178983235,0.5184874224812556,1.6666666666666667,0,,66,72,48,58,68,78,-7.603159710069711,0.0,0.9930605050649565,True,3,large,0.5309848428280338
BraTS-GLI-02151-100,sustraccion,prediction_component,41,31,15360.0,1.6284516565270985e-05,2.9991771182415796e-08,1.4142135623730951,1,11.916375287812984,0.11867816581938534,0.7257003006213092,1.8,0,,67,72,60,69,111,117,-7.522997885956513,0.0,0.9982855158660845,True,3,large,0.5309848428280338
BraTS-GLI-02151-100,sustraccion,prediction_component,43,19,9216.0,2.147533275462963e-05,5.2159350776834036e-08,1.4142135623730951,1,8.602325267042627,0.1643989873053573,0.8543319874271107,2.3333333333333335,0,,67,70,86,93,109,113,-7.282667822870332,0.0,0.9997845003473774,True,3,large,0.5309848428280338
BraTS-GLI-02151-100,sustraccion,prediction_component,44,16,6656.0,2.9464563572443515e-05,9.818664009850627e-08,1.4142135623730951,1,6.4031242374328485,0.2208630521496931,0.9046998952817776,1.3333333333333333,0,,67,70,137,141,94,98,-7.007947601074732,0.0,0.999974670476063,True,3,large,0.5309848428280338
BraTS-GLI-02151-100,sustraccion,prediction_component,46,14,6144.0,2.9070414563466808e-05,9.557731451212109e-08,1.4142135623730951,1,6.928203230275509,0.20412414523193154,0.9458781407605124,1.0,0,,68,72,63,67,62,66,-7.019645176252469,0.0,0.9999690143044426,True,3,large,0.5309848428280338
BraTS-GLI-02151-100,sustraccion,prediction_component,49,25,9472.0,2.7119237506822293e-05,8.317777956467376e-08,1.4142135623730951,1,7.810249675906654,0.1810714920850371,0.7796467353853097,2.0,0,,69,73,121,127,87,90,-7.079992677331037,0.0,0.9999030846074742,True,3,large,0.5309848428280338
BraTS-GLI-02151-100,sustraccion,prediction_component,50,12,5376.0,3.04433440619409e-05,1.0481829363285631e-07,1.4142135623730951,1,5.830951894845301,0.24253562503633297,0.9957510787676723,1.3333333333333333,0,,69,72,144,148,68,71,-6.979562914580636,0.0,0.9999881881216841,True,3,large,0.5309848428280338
BraTS-GLI-02151-100,sustraccion,prediction_component,51,31,13824.0,1.9072652941110498e-05,4.1140975558869407e-08,1.4142135623730951,1,11.489125293076057,0.12309149097933274,0.7257003006213092,2.5,0,,70,74,80,90,106,110,-7.3857254142744875,0.0,0.9990411269531771,True,3,large,0.5309848428280338
BraTS-GLI-02151-100,sustraccion,prediction_component,52,104,34816.0,1.6009030380088285e-05,2.898560909997606e-08,1.4142135623730951,1,18.466185312619388,0.07658395810674837,0.48476741650424154,1.75,0,,70,79,109,123,147,155,-7.5378175689872196,0.0,0.9920976412991996,True,3,large,0.5309848428280338
BraTS-GLI-02151-100,sustraccion,prediction_component,53,14,6144.0,2.9070414563466808e-05,9.557731451212109e-08,1.4142135623730951,1,6.928203230275509,0.20412414523193154,0.9458781407605124,1.0,0,,70,74,136,140,37,41,-7.019645176252469,0.0,0.9999690143044426,True,3,large,0.5309848428280338
BraTS-GLI-02151-100,sustraccion,prediction_component,54,12,6144.0,2.4917498197257264e-05,7.022006780482366e-08,1.4142135623730951,1,6.4031242374328485,0.2208630521496931,0.9957510787676723,1.3333333333333333,0,,70,73,154,158,109,113,-7.153538755513696,0.0,0.9999674469175863,True,3,large,0.5309848428280338
BraTS-GLI-02151-100,sustraccion,prediction_component,56,14,7680.0,2.080109539136373e-05,4.8935585030206e-08,1.4142135623730951,1,7.54983443527075,0.1873171623163388,0.9458781407605124,1.25,0,,72,76,42,47,42,46,-7.310375215276639,0.0,0.9998792186253973,True,3,large,0.5309848428280338
BraTS-GLI-02151-100,sustraccion,prediction_component,58,12,6144.0,2.4917498197257264e-05,7.022006780482366e-08,1.4142135623730951,1,6.4031242374328485,0.2208630521496931,0.9957510787676723,1.3333333333333333,0,,72,75,157,161,127,131,-7.153538755513696,0.0,0.9999674469175863,True,3,large,0.5309848428280338
BraTS-GLI-02151-100,sustraccion,prediction_component,59,124,39168.0,1.599648602627639e-05,2.894020181792238e-08,1.7320508075688772,1,17.4928556845359,0.09901475429766743,0.5599074791157995,1.375,0,,72,80,178,189,82,93,-7.538498444602454,0.0,0.9957284148536063,True,3,large,0.5309848428280338
BraTS-GLI-02151-100,sustraccion,prediction_component,60,12,6144.0,2.4917498197257264e-05,7.022006780482366e-08,1.4142135623730951,1,6.4031242374328485,0.2208630521496931,0.9957510787676723,1.3333333333333333,0,,73,77,86,90,103,106,-7.153538755513696,0.0,0.9999674469175863,True,3,large,0.5309848428280338
BraTS-GLI-02151-100,sustraccion,prediction_component,62,36,14080.0,2.1547580831566683e-05,5.251089380017996e-08,1.4142135623730951,1,9.273618495495704,0.15249857033260467,0.6904152369103725,1.2,0,,74,79,86,92,24,29,-7.279750589422284,0.0,0.9995625439106334,True,3,large,0.5309848428280338
BraTS-GLI-02151-100,sustraccion,prediction_component,63,29,13056.0,1.943939684666642e-05,4.27383690608457e-08,1.4142135623730951,1,9.486832980505138,0.14907119849998599,0.742013605090188,1.75,0,,74,78,104,109,106,113,-7.369182054970024,0.0,0.9994513354266158,True,3,large,0.5309848428280338
BraTS-GLI-02151-100,sustraccion,prediction_component,65,24,11008.0,2.078014675680478e-05,4.883706930629415e-08,1.4142135623730951,1,9.848857801796104,0.14359163172354764,0.7903281549671363,1.2,0,,75,81,35,41,45,50,-7.311250405789675,0.0,0.9995815305699282,True,3,large,0.5309848428280338
BraTS-GLI-02151-100,sustraccion,prediction_component,66,36,13056.0,2.4131665051034174e-05,6.586079227450182e-08,1.4142135623730951,1,10.04987562112089,0.1407195089460584,0.6904152369103725,1.75,0,,75,79,102,109,60,66,-7.181373049233362,0.0,0.9996272752001979,True,3,large,0.5309848428280338
BraTS-GLI-02151-100,sustraccion,prediction_component,67,23,8960.0,2.7118509847594702e-05,8.317331599767149e-08,1.4142135623730951,1,8.12403840463596,0.17407765595569785,0.8016200827808712,1.25,0,,75,80,123,128,30,34,-7.080015983489769,0.0,0.999897981607917,True,3,large,0.5309848428280338
BraTS-GLI-02151-100,sustraccion,prediction_component,69,34,15360.0,1.7860437523200438e-05,3.607751039216718e-08,1.4142135623730951,1,11.532562594670797,0.12262786789699316,0.7036956967830031,2.25,0,,76,80,159,168,134,140,-7.442763439540548,0.0,0.9987224167214939,True,3,large,0.5309848428280338
BraTS-GLI-02151-100,sustraccion,prediction_component,70,14,6144.0,2.9070414563466808e-05,9.557731451212109e-08,1.4142135623730951,1,6.928203230275509,0.20412414523193154,0.9458781407605124,1.0,0,,76,80,164,168,62,66,-7.019645176252469,0.0,0.9999690143044426,True,3,large,0.5309848428280338
BraTS-GLI-02151-100,sustraccion,prediction_component,71,12,5376.0,3.04433440619409e-05,1.0481829363285631e-07,1.4142135623730951,1,5.830951894845301,0.24253562503633297,0.9957510787676723,1.3333333333333333,0,,77,80,80,84,77,80,-6.979562914580636,0.0,0.9999881881216841,True,3,large,0.5309848428280338
BraTS-GLI-02151-100,sustraccion,prediction_component,72,17,6912.0,2.9583075859084555e-05,9.897808063694699e-08,1.4142135623730951,1,6.557438524302,0.21566554640687685,0.8866010210973454,1.6666666666666667,0,,77,80,142,145,57,62,-7.004460972194542,0.0,0.9999710593812473,True,3,large,0.5309848428280338
BraTS-GLI-02151-100,sustraccion,prediction_component,73,12,5376.0,3.04433440619409e-05,1.0481829363285631e-07,1.4142135623730951,1,5.830951894845301,0.24253562503633297,0.9957510787676723,1.3333333333333333,0,,77,80,177,181,109,112,-6.979562914580636,0.0,0.9999881881216841,True,3,large,0.5309848428280338
BraTS-GLI-02151-100,sustraccion,prediction_component,74,60,24832.0,1.533323179466443e-05,2.65900880527276e-08,1.4142135623730951,1,18.76166303929372,0.07537783614444091,0.5823187634322541,1.5,0,,77,89,187,195,94,106,-7.575280224505575,0.0,0.9931729291795812,True,3,large,0.5309848428280338
BraTS-GLI-02151-100,sustraccion,prediction_component,75,38,14592.0,2.1558143832438865e-05,5.256238993577444e-08,1.4142135623730951,1,10.862780491200215,0.13018891098082389,0.6780837477859392,3.3333333333333335,0,,78,81,91,94,29,39,-7.2793248962579815,0.0,0.9993339893750164,True,3,large,0.5309848428280338
BraTS-GLI-02151-100,sustraccion,prediction_component,77,26,9984.0,2.6062525033380066e-05,7.682195452151648e-08,1.4142135623730951,1,9.273618495495704,0.15249857033260467,0.7695203069187393,1.2,0,,78,83,126,132,144,149,-7.11451464761199,0.0,0.9998143515768622,True,3,large,0.5309848428280338
BraTS-GLI-02151-100,sustraccion,prediction_component,80,14,6912.0,2.4362533060422576e-05,6.712700278491907e-08,1.4142135623730951,1,7.0710678118654755,0.2,0.9458781407605124,1.6666666666666667,0,,79,82,79,84,100,104,-7.1731027435946135,0.0,0.9999414397968109,True,3,large,0.5309848428280338
BraTS-GLI-02151-100,sustraccion,prediction_component,81,60,19456.0,2.2109092362628665e-05,5.528333082753284e-08,1.4142135623730951,1,11.74734012447073,0.12038585308576921,0.5823187634322541,1.6,0,,79,86,111,119,26,31,-7.257405798549215,0.0,0.9990183473825589,True,3,large,0.5309848428280338
BraTS-GLI-02151-100,sustraccion,prediction_component,84,1527,399360.0,6.050512904775605e-06,4.140347152239763e-09,2.23606797749979,1,104.9285471165974,0.02131038729636706,0.3130171932554236,1.925,4,,80,157,67,107,24,83,-8.38296324342467,1.6094379124341003,0.38559709926271524,False,3,large,0.5309848428280338
BraTS-GLI-02151-100,sustraccion,prediction_component,86,394,85760.0,1.568805355753063e-05,2.7834953496060676e-08,2.8284271247461903,1,28.513154858766505,0.09919727012868858,0.6219313599198484,1.3571428571428572,1,,81,100,76,90,56,72,-7.555409499933515,0.6931471805599453,0.9949736141953518,True,3,large,0.5309848428280338
BraTS-GLI-02151-100,sustraccion,prediction_component,88,17,7680.0,2.5258472975227388e-05,7.215502078433436e-08,1.4142135623730951,1,7.0710678118654755,0.2,0.8866010210973454,1.6666666666666667,0,,82,86,70,75,89,92,-7.141733443876567,0.0,0.9999371680724158,True,3,large,0.5309848428280338
BraTS-GLI-02151-100,sustraccion,prediction_component,89,127,45056.0,1.3279287428899584e-05,1.9943524728071015e-08,1.4142135623730951,1,26.1725046566048,0.054034322695829924,0.45353411521041165,2.1,0,,82,103,177,187,120,132,-7.700198084004663,0.0,0.9769892468813492,True,3,large,0.5309848428280338
BraTS-GLI-02151-100,sustraccion,prediction_component,90,33,13824.0,2.030314667924666e-05,4.662073088825055e-08,1.4142135623730951,1,11.661903789690601,0.12126781251816648,0.7107331206052484,1.3333333333333333,0,,83,89,108,116,44,50,-7.331420922187259,0.0,0.9991510426938992,True,3,large,0.5309848428280338
BraTS-GLI-02151-100,sustraccion,prediction_component,91,12,5376.0,3.04433440619409e-05,1.0481829363285631e-07,1.4142135623730951,1,5.830951894845301,0.24253562503633297,0.9957510787676723,1.3333333333333333,0,,83,86,161,164,86,90,-6.979562914580636,0.0,0.9999881881216841,True,3,large,0.5309848428280338
BraTS-GLI-02151-100,sustraccion,prediction_component,92,57,24320.0,1.5028979766872374e-05,2.5545321508786375e-08,1.4142135623730951,1,18.547236990991408,0.07624928516630233,0.5923607155209719,1.2,0,,83,95,178,188,44,54,-7.592688626995688,0.0,0.9930520234356373,True,3,large,0.5309848428280338
BraTS-GLI-02151-100,sustraccion,prediction_component,95,14,7680.0,2.080109539136373e-05,4.8935585030206e-08,1.4142135623730951,1,7.54983443527075,0.1873171623163388,0.9458781407605124,1.25,0,,85,89,68,72,69,74,-7.310375215276639,0.0,0.9998792186253973,True,3,large,0.5309848428280338
BraTS-GLI-02151-100,sustraccion,prediction_component,97,12,5376.0,3.04433440619409e-05,1.0481829363285631e-07,1.4142135623730951,1,5.830951894845301,0.24253562503633297,0.9957510787676723,1.3333333333333333,0,,85,89,170,173,37,40,-6.979562914580636,0.0,0.9999881881216841,True,3,large,0.5309848428280338
BraTS-GLI-02151-100,sustraccion,prediction_component,99,60,26112.0,1.4219719999090568e-05,2.2868330650868686e-08,1.4142135623730951,1,18.24828759089466,0.07749842582921286,0.5823187634322541,3.5,0,,86,97,70,84,153,157,-7.640765536992593,0.0,0.9916330310752369,True,3,large,0.5309848428280338
BraTS-GLI-02151-100,sustraccion,prediction_component,101,29,10752.0,2.6011423159067295e-05,7.652099387606958e-08,1.4142135623730951,1,9.0,0.15713484026367724,0.742013605090188,1.75,0,,86,90,120,127,44,48,-7.116219397869917,0.0,0.9998119350297242,True,3,large,0.5309848428280338
BraTS-GLI-02151-100,sustraccion,prediction_component,103,68,29440.0,1.3461771178740943e-05,2.0495418084216284e-08,1.4142135623730951,1,18.027756377319946,0.07844645405527362,0.5585236446694171,2.5,0,,86,101,165,173,83,89,-7.68834321812249,0.0,0.9894527828633887,True,3,large,0.5309848428280338
BraTS-GLI-02151-100,sustraccion,prediction_component,104,14,7424.0,2.1886236652063628e-05,5.4174455525669853e-08,1.4142135623730951,1,7.3484692283495345,0.19245008972987526,0.9458781407605124,2.0,0,,87,93,22,25,93,96,-7.26620544481452,0.0,0.9999060302631707,True,3,large,0.5309848428280338
BraTS-GLI-02151-100,sustraccion,prediction_component,105,19,8448.0,2.446936747720066e-05,6.771702339772293e-08,1.4142135623730951,1,7.810249675906654,0.1810714920850371,0.8543319874271107,2.0,0,,87,90,45,49,81,87,-7.169302140202132,0.0,0.9998934476197895,True,3,large,0.5309848428280338
BraTS-GLI-02151-100,sustraccion,prediction_component,107,239,75008.0,1.1634199922261596e-05,1.5308245497307455e-08,1.7320508075688772,1,31.0322412983658,0.055814557218594754,0.44990849850783715,3.5714285714285716,0,,88,113,178,195,85,92,-7.8150745816401805,0.0,0.9659167285095714,True,3,large,0.5309848428280338
BraTS-GLI-02151-100,sustraccion,prediction_component,108,12,5376.0,3.04433440619409e-05,1.0481829363285631e-07,1.4142135623730951,1,5.830951894845301,0.24253562503633297,0.9957510787676723,1.3333333333333333,0,,89,92,58,61,39,43,-6.979562914580636,0.0,0.9999881881216841,True,3,large,0.5309848428280338
BraTS-GLI-02151-100,sustraccion,prediction_component,109,66,22272.0,1.9856610121254955e-05,4.459257903813641e-08,1.4142135623730951,1,13.19090595827292,0.10721125348377948,0.5641092516587063,2.0,0,,89,99,156,163,82,87,-7.350737409246245,0.0,0.9981628000389163,True,3,large,0.5309848428280338
BraTS-GLI-02151-100,sustraccion,prediction_component,110,48,21504.0,1.522167203097045e-05,2.6204573408214077e-08,1.4142135623730951,1,15.066519173319364,0.09386465089278642,0.6272838722974592,2.2,0,,90,99,116,127,127,132,-7.581622905908598,0.0,0.9955724788352635,True,3,large,0.5309848428280338
BraTS-GLI-02151-100,sustraccion,prediction_component,111,38,16896.0,1.730245567447415e-05,3.3858511698861466e-08,1.4142135623730951,1,12.083045973594572,0.11704114719613057,0.6780837477859392,2.25,0,,90,97,148,152,123,132,-7.470332135866113,0.0,0.9983136167004069,True,3,large,0.5309848428280338
BraTS-GLI-02151-100,sustraccion,prediction_component,112,66,26624.0,1.5192665592041187e-05,2.610479762384603e-08,1.4142135623730951,1,16.881943016134134,0.0837707816583391,0.5641092516587063,3.25,0,,91,104,104,114,48,52,-7.583279669286731,0.0,0.9935526264327428,True,3,large,0.5309848428280338
BraTS-GLI-02151-100,sustraccion,prediction_component,116,69,24832.0,1.7633216563864096e-05,3.5165391449732256e-08,1.4142135623730951,1,14.45683229480096,0.0978231976089037,0.5558123221420062,1.125,0,,92,100,28,36,118,127,-7.453884543798352,0.0,0.996763635750403,True,3,large,0.5309848428280338
BraTS-GLI-02151-100,sustraccion,prediction_component,118,24,10752.0,2.1526695028193625e-05,5.2409146816428155e-08,1.4142135623730951,1,8.774964387392123,0.16116459280507606,0.7903281549671363,1.5,0,,92,97,126,132,148,152,-7.280592910244617,0.0,0.9997236359294644,True,3,large,0.5309848428280338
BraTS-GLI-02151-100,sustraccion,prediction_component,120,16,6656.0,2.9464563572443515e-05,9.818664009850627e-08,1.4142135623730951,1,6.4031242374328485,0.2208630521496931,0.9046998952817776,1.3333333333333333,0,,95,98,104,108,42,46,-7.007947601074732,0.0,0.999974670476063,True,3,large,0.5309848428280338
BraTS-GLI-02151-100,sustraccion,prediction_component,121,12,5376.0,3.04433440619409e-05,1.0481829363285631e-07,1.4142135623730951,1,5.830951894845301,0.24253562503633297,0.9957510787676723,1.3333333333333333,0,,95,99,117,120,151,154,-6.979562914580636,0.0,0.9999881881216841,True,3,large,0.5309848428280338
BraTS-GLI-02151-100,sustraccion,prediction_component,123,29,11520.0,2.3454127368161858e-05,6.221440213212887e-08,1.4142135623730951,1,9.486832980505138,0.14907119849998599,0.742013605090188,1.75,0,,96,100,27,32,114,121,-7.206109068002246,0.0,0.9996991496934936,True,3,large,0.5309848428280338
BraTS-GLI-02151-100,sustraccion,prediction_component,125,17,7680.0,2.5258472975227388e-05,7.215502078433436e-08,1.4142135623730951,1,7.0710678118654755,0.2,0.8866010210973454,1.6666666666666667,0,,97,101,124,127,137,142,-7.141733443876567,0.0,0.9999371680724158,True,3,large,0.5309848428280338
BraTS-GLI-02151-100,sustraccion,prediction_component,126,24,9984.0,2.4057715415427756e-05,6.545776006567085e-08,1.4142135623730951,1,8.774964387392123,0.16116459280507606,0.7903281549671363,1.5,0,,98,103,69,75,112,116,-7.184038860130413,0.0,0.9998063828603955,True,3,large,0.5309848428280338
BraTS-GLI-02151-100,sustraccion,prediction_component,127,14,7680.0,2.080109539136373e-05,4.8935585030206e-08,1.4142135623730951,1,7.54983443527075,0.1873171623163388,0.9458781407605124,1.25,0,,98,103,88,92,51,55,-7.310375215276639,0.0,0.9998792186253973,True,3,large,0.5309848428280338
BraTS-GLI-02151-100,sustraccion,prediction_component,128,12,5376.0,3.04433440619409e-05,1.0481829363285631e-07,1.4142135623730951,1,5.830951894845301,0.24253562503633297,0.9957510787676723,1.3333333333333333,0,,98,101,100,104,40,43,-6.979562914580636,0.0,0.9999881881216841,True,3,large,0.5309848428280338
BraTS-GLI-02151-100,sustraccion,prediction_component,130,12,5376.0,3.04433440619409e-05,1.0481829363285631e-07,1.4142135623730951,1,5.830951894845301,0.24253562503633297,0.9957510787676723,1.3333333333333333,0,,99,102,95,99,49,52,-6.979562914580636,0.0,0.9999881881216841,True,3,large,0.5309848428280338
BraTS-GLI-02151-100,sustraccion,prediction_component,134,22,9216.0,2.4866174768518517e-05,6.993109633237583e-08,1.4142135623730951,1,7.810249675906654,0.1810714920850371,0.8135863258112027,2.0,0,,101,107,113,116,126,130,-7.155329663131577,0.0,0.9998849914573955,True,3,large,0.5309848428280338
BraTS-GLI-02151-100,sustraccion,prediction_component,135,12,5376.0,3.04433440619409e-05,1.0481829363285631e-07,1.4142135623730951,1,5.830951894845301,0.24253562503633297,0.9957510787676723,1.3333333333333333,0,,101,105,114,117,26,29,-6.979562914580636,0.0,0.9999881881216841,True,3,large,0.5309848428280338
BraTS-GLI-02151-100,sustraccion,prediction_component,136,108,31232.0,1.9566991732421878e-05,4.3301256274778766e-08,2.0,1,15.066519173319364,0.1327446623199944,0.6769941983755062,2.2,1,,102,113,45,54,89,94,-7.363499503524473,0.6931471805599453,0.9988244192300914,True,3,large,0.5309848428280338
BraTS-GLI-02151-100,sustraccion,prediction_component,138,16,6656.0,2.9464563572443515e-05,9.818664009850627e-08,1.4142135623730951,1,6.4031242374328485,0.2208630521496931,0.9046998952817776,1.3333333333333333,0,,102,106,78,82,107,110,-7.007947601074732,0.0,0.999974670476063,True,3,large,0.5309848428280338
BraTS-GLI-02151-100,sustraccion,prediction_component,139,73,29184.0,1.464217641632908e-05,2.4247314401639713e-08,1.4142135623730951,1,19.544820285692065,0.07235746052924216,0.5454692181434626,2.5,0,,102,113,83,98,103,109,-7.615336356242634,0.0,0.9906666910105789,True,3,large,0.5309848428280338
BraTS-GLI-02151-100,sustraccion,prediction_component,140,12,5376.0,3.04433440619409e-05,1.0481829363285631e-07,1.4142135623730951,1,5.830951894845301,0.24253562503633297,0.9957510787676723,1.3333333333333333,0,,102,105,96,100,73,76,-6.979562914580636,0.0,0.9999881881216841,True,3,large,0.5309848428280338
BraTS-GLI-02151-100,sustraccion,prediction_component,145,14,7680.0,2.080109539136373e-05,4.8935585030206e-08,1.4142135623730951,1,7.54983443527075,0.1873171623163388,0.9458781407605124,1.25,0,,104,108,180,184,80,85,-7.310375215276639,0.0,0.9998792186253973,True,3,large,0.5309848428280338
BraTS-GLI-02151-100,sustraccion,prediction_component,146,12,5376.0,3.04433440619409e-05,1.0481829363285631e-07,1.4142135623730951,1,5.830951894845301,0.24253562503633297,0.9957510787676723,1.3333333333333333,0,,105,108,147,151,84,87,-6.979562914580636,0.0,0.9999881881216841,True,3,large,0.5309848428280338
BraTS-GLI-02151-100,sustraccion,prediction_component,147,12,5376.0,3.04433440619409e-05,1.0481829363285631e-07,1.4142135623730951,1,5.830951894845301,0.24253562503633297,0.9957510787676723,1.3333333333333333,0,,106,109,140,144,32,35,-6.979562914580636,0.0,0.9999881881216841,True,3,large,0.5309848428280338
BraTS-GLI-02151-100,sustraccion,prediction_component,148,185,64000.0,1.1426198576780277e-05,1.476576350588983e-08,1.4142135623730951,1,36.68787265568828,0.03854716722458499,0.40008655598827175,2.5454545454545454,0,,106,134,157,168,118,139,-7.830744091684213,0.0,0.944452886142849,True,3,large,0.5309848428280338
BraTS-GLI-02151-100,sustraccion,prediction_component,149,56,21504.0,1.7758617369465525e-05,3.566733602784694e-08,1.4142135623730951,1,15.0,0.09428090415820635,0.5958658900897977,2.0,0,,107,117,38,43,47,57,-7.447729326647372,0.0,0.9970340416065826,True,3,large,0.5309848428280338
BraTS-GLI-02151-100,sustraccion,prediction_component,150,22,8192.0,2.9671381351669397e-05,9.956986177012105e-08,1.4142135623730951,1,7.54983443527075,0.1873171623163388,0.8135863258112027,1.25,0,,107,111,182,187,85,89,-7.001872095789433,0.0,0.9999413232232639,True,3,large,0.5309848428280338
BraTS-GLI-02151-100,sustraccion,prediction_component,151,617,176896.0,8.292932777461141e-06,7.77801297828397e-09,1.7320508075688772,1,58.08614292583042,0.02981865760617837,0.32796571258389096,1.72,0,,109,134,38,68,34,77,-8.10913133653024,0.0,0.8070273399922718,True,3,large,0.5309848428280338
BraTS-GLI-02151-100,sustraccion,prediction_component,152,12,5376.0,3.04433440619409e-05,1.0481829363285631e-07,1.4142135623730951,1,5.830951894845301,0.24253562503633297,0.9957510787676723,1.3333333333333333,0,,109,112,85,89,89,92,-6.979562914580636,0.0,0.9999881881216841,True,3,large,0.5309848428280338
BraTS-GLI-02151-100,sustraccion,prediction_component,153,14,7680.0,2.080109539136373e-05,4.8935585030206e-08,1.4142135623730951,1,7.54983443527075,0.1873171623163388,0.9458781407605124,1.25,0,,109,113,153,158,84,88,-7.310375215276639,0.0,0.9998792186253973,True,3,large,0.5309848428280338
BraTS-GLI-02151-100,sustraccion,prediction_component,155,64,24064.0,1.714463507744005e-05,3.324366250968179e-08,1.4142135623730951,1,15.84297951775486,0.08926436853549036,0.5699252209515996,3.6666666666666665,0,,110,121,125,136,145,148,-7.478291135305449,0.0,0.996078273381667,True,3,large,0.5309848428280338
BraTS-GLI-02151-100,sustraccion,prediction_component,160,12,5376.0,3.04433440619409e-05,1.0481829363285631e-07,1.4142135623730951,1,5.830951894845301,0.24253562503633297,0.9957510787676723,1.3333333333333333,0,,112,116,165,168,86,89,-6.979562914580636,0.0,0.9999881881216841,True,3,large,0.5309848428280338
BraTS-GLI-02151-100,sustraccion,prediction_component,161,17,7168.0,2.8012503667152895e-05,8.874752009735003e-08,1.4142135623730951,1,6.928203230275509,0.20412414523193154,0.8866010210973454,1.0,0,,114,118,176,180,53,57,-7.051843773744237,0.0,0.9999579755349162,True,3,large,0.5309848428280338
BraTS-GLI-02151-100,sustraccion,prediction_component,163,36,15360.0,1.8911051495153403e-05,4.044675905557843e-08,1.4142135623730951,1,12.328828005937952,0.1147078669352809,0.6904152369103725,2.5,0,,115,125,75,79,31,37,-7.393116272090484,0.0,0.9987290493396859,True,3,large,0.5309848428280338
BraTS-GLI-02151-100,sustraccion,prediction_component,165,191,57600.0,1.3816550925925925e-05,2.1589951050484597e-08,2.0,1,23.53720459187964,0.08497185773241747,0.5598199997042669,2.7142857142857144,1,,116,135,164,176,87,94,-7.66574834231276,0.6931471805599453,0.9883629502968321,True,3,large,0.5309848428280338
BraTS-GLI-02151-100,sustraccion,prediction_component,168,67,23296.0,1.8843117933435067e-05,4.0156689814339894e-08,1.4142135623730951,1,14.966629547095765,0.09449111825230681,0.5612886582720128,3.0,0,,117,129,180,188,87,91,-7.396242094035755,0.0,0.9972747524062641,True,3,large,0.5309848428280338
BraTS-GLI-02151-100,sustraccion,prediction_component,170,17,7168.0,2.8012503667152895e-05,8.874752009735003e-08,1.4142135623730951,1,6.928203230275509,0.20412414523193154,0.8866010210973454,1.0,0,,119,123,143,147,85,89,-7.051843773744237,0.0,0.9999579755349162,True,3,large,0.5309848428280338
BraTS-GLI-02151-100,sustraccion,prediction_component,172,19,9216.0,2.147533275462963e-05,5.2159350776834036e-08,1.4142135623730951,1,8.366600265340756,0.16903085094570333,0.8543319874271107,2.0,0,,120,125,166,172,50,53,-7.282667822870332,0.0,0.9998009869266429,True,3,large,0.5309848428280338
BraTS-GLI-02151-100,sustraccion,prediction_component,173,208,64768.0,1.2618932150143757e-05,1.800933115425638e-08,1.4142135623730951,1,34.249087579087416,0.0412920069507667,0.38476015345936965,1.2941176470588236,0,,121,143,132,149,41,61,-7.744502416076058,0.0,0.9589225327779394,True,3,large,0.5309848428280338
BraTS-GLI-02151-100,sustraccion,prediction_component,174,59,21760.0,1.8380768915585815e-05,3.821023631792347e-08,1.4142135623730951,1,14.317821063276353,0.09877295966495897,0.5855902858043154,2.4,0,,123,129,153,165,48,53,-7.4178202763327175,0.0,0.9974593401133437,True,3,large,0.5309848428280338
BraTS-GLI-02151-100,sustraccion,prediction_component,176,26,9984.0,2.6062525033380066e-05,7.682195452151648e-08,1.4142135623730951,1,8.12403840463596,0.17407765595569785,0.7695203069187393,1.25,0,,124,129,104,109,145,149,-7.11451464761199,0.0,0.9998718701188456,True,3,large,0.5309848428280338
BraTS-GLI-02151-100,sustraccion,prediction_component,177,520,143360.0,9.579908370074215e-06,1.0379467748409794e-08,2.23606797749979,1,43.42810150121693,0.05148896452305499,0.4482429049859435,3.0,1,,124,150,132,165,85,96,-7.9838249162231305,0.6931471805599453,0.9124330185901228,True,3,large,0.5309848428280338
BraTS-GLI-02151-100,sustraccion,prediction_component,178,71,22784.0,2.064492886467794e-05,4.8203564600989754e-08,1.4142135623730951,1,14.491376746189438,0.09759000729485333,0.5505436418021882,3.25,0,,125,138,150,155,88,92,-7.316920844970715,0.0,0.9980035716101338,True,3,large,0.5309848428280338
BraTS-GLI-02151-100,sustraccion,prediction_component,179,16,6656.0,2.9464563572443515e-05,9.818664009850627e-08,1.4142135623730951,1,6.4031242374328485,0.2208630521496931,0.9046998952817776,1.3333333333333333,0,,126,130,62,66,89,92,-7.007947601074732,0.0,0.999974670476063,True,3,large,0.5309848428280338
BraTS-GLI-02151-100,sustraccion,prediction_component,181,12,5376.0,3.04433440619409e-05,1.0481829363285631e-07,1.4142135623730951,1,5.830951894845301,0.24253562503633297,0.9957510787676723,1.3333333333333333,0,,127,130,168,171,59,63,-6.979562914580636,0.0,0.9999881881216841,True,3,large,0.5309848428280338
BraTS-GLI-02151-100,sustraccion,prediction_component,187,12,6144.0,2.4917498197257264e-05,7.022006780482366e-08,1.4142135623730951,1,6.4031242374328485,0.2208630521496931,0.9957510787676723,1.3333333333333333,0,,131,135,120,123,138,142,-7.153538755513696,0.0,0.9999674469175863,True,3,large,0.5309848428280338
BraTS-GLI-02151-100,sustraccion,prediction_component,192,51,15616.0,2.6134577022675837e-05,7.724730286056212e-08,1.4142135623730951,1,10.63014581273465,0.13303802104754786,0.6147348138286294,2.25,0,,134,143,124,128,89,93,-7.112116675310556,0.0,0.9995821810581407,True,3,large,0.5309848428280338
BraTS-GLI-02151-100,sustraccion,prediction_component,193,63,20992.0,2.071380211126659e-05,4.85257235009379e-08,1.4142135623730951,1,15.588457268119896,0.09072184232530289,0.5729248826285681,1.0,0,,136,145,97,106,44,53,-7.314027980718114,0.0,0.9979282069608665,True,3,large,0.5309848428280338
BraTS-GLI-02151-100,sustraccion,prediction_component,194,42,14080.0,2.5138844303494464e-05,7.14731610058005e-08,1.4142135623730951,1,9.433981132056603,0.1499063377991723,0.6558352730581178,2.6666666666666665,0,,136,144,106,110,88,91,-7.145857010161058,0.0,0.9996887410312569,True,3,large,0.5309848428280338
BraTS-GLI-02151-100,sustraccion,prediction_component,195,12,6144.0,2.4917498197257264e-05,7.022006780482366e-08,1.4142135623730951,1,6.4031242374328485,0.2208630521496931,0.9957510787676723,1.3333333333333333,0,,137,141,46,50,72,75,-7.153538755513696,0.0,0.9999674469175863,True,3,large,0.5309848428280338
BraTS-GLI-02151-100,sustraccion,prediction_component,196,12,6144.0,2.4917498197257264e-05,7.022006780482366e-08,1.4142135623730951,1,6.4031242374328485,0.2208630521496931,0.9957510787676723,1.3333333333333333,0,,137,141,158,161,70,74,-7.153538755513696,0.0,0.9999674469175863,True,3,large,0.5309848428280338
BraTS-GLI-02151-100,sustraccion,prediction_component,198,21,8448.0,2.704509036953757e-05,8.272356597893577e-08,1.4142135623730951,1,8.660254037844387,0.1632993161855452,0.8263006657894747,1.0,0,,138,143,106,111,47,52,-7.082370752639951,0.0,0.9998853825660726,True,3,large,0.5309848428280338
BraTS-GLI-02151-100,sustraccion,prediction_component,200,43,14848.0,2.3766570468110476e-05,6.388301547637982e-08,1.4142135623730951,1,9.486832980505138,0.14907119849998599,0.650711350669285,1.75,0,,148,152,66,73,110,115,-7.1946145920037665,0.0,0.9996159708631374,True,3,large,0.5309848428280338
BraTS-GLI-02151-100,sustraccion,prediction_component,203,12,6144.0,2.4917498197257264e-05,7.022006780482366e-08,1.4142135623730951,1,6.4031242374328485,0.2208630521496931,0.9957510787676723,1.3333333333333333,0,,156,159,84,88,75,79,-7.153538755513696,0.0,0.9999674469175863,True,3,large,0.5309848428280338
BraTS-GLI-02151-100,gmm_2d,prediction_component,1,25,9984.0,2.5060120224403912e-05,7.102621534903521e-08,1.7320508075688772,1,8.660254037844387,0.19999999999999996,0.9548683406603533,1.0,0,,26,31,90,95,87,92,-7.14858132620955,0.0,0.9999479890581185,True,3,large,0.5309848428280338
BraTS-GLI-02151-100,gmm_2d,prediction_component,2,186,53248.0,1.5137633763517617e-05,2.591602326086367e-08,1.7320508075688772,1,22.47220505424423,0.07707524933080619,0.4891242358153096,2.0,0,,27,37,48,66,69,78,-7.586431638926579,0.0,0.9907659084241481,True,3,large,0.5309848428280338
BraTS-GLI-02151-100,gmm_2d,prediction_component,3,84,30720.0,1.56008215435228e-05,2.7526266579490874e-08,1.7320508075688772,1,15.7797338380595,0.10976425998969035,0.6375247776221004,1.4285714285714286,0,,27,34,67,77,61,71,-7.560252688493239,0.0,0.996980539343063,True,3,large,0.5309848428280338
BraTS-GLI-02151-100,gmm_2d,prediction_component,4,25,9984.0,2.5060120224403912e-05,7.102621534903521e-08,1.7320508075688772,1,8.660254037844387,0.19999999999999996,0.9548683406603533,1.0,0,,27,32,73,78,91,96,-7.14858132620955,0.0,0.9999479890581185,True,3,large,0.5309848428280338
BraTS-GLI-02151-100,gmm_2d,prediction_component,5,25,9984.0,2.5060120224403912e-05,7.102621534903521e-08,1.7320508075688772,1,8.660254037844387,0.19999999999999996,0.9548683406603533,1.0,0,,29,34,66,71,99,104,-7.14858132620955,0.0,0.9999479890581185,True,3,large,0.5309848428280338
BraTS-GLI-02151-100,gmm_2d,prediction_component,6,71,24832.0,1.814432429035291e-05,3.7233509409388844e-08,1.7320508075688772,1,13.114877048604,0.13206763594884358,0.6742755017744779,1.6666666666666667,0,,31,41,75,81,83,89,-7.429066027834711,0.0,0.9988671628155632,True,3,large,0.5309848428280338
BraTS-GLI-02151-100,gmm_2d,prediction_component,7,59,20736.0,1.975898062414266e-05,4.415515810549949e-08,1.7320508075688772,1,11.661903789690601,0.14852213144650114,0.71719869927557,1.3333333333333333,0,,34,42,56,62,129,135,-7.355018555825788,0.0,0.9994317405110141,True,3,large,0.5309848428280338
BraTS-GLI-02151-100,gmm_2d,prediction_component,8,349,84992.0,1.4085048716497556e-05,2.2437221759226758e-08,2.23606797749979,1,23.68543856465402,0.09440686400617014,0.5119639678305573,1.0769230769230769,1,,35,49,79,93,68,81,-7.649030919667877,0.6931471805599453,0.9891795076851723,True,3,large,0.5309848428280338
BraTS-GLI-02151-100,gmm_2d,prediction_component,9,25,9984.0,2.5060120224403912e-05,7.102621534903521e-08,1.7320508075688772,1,8.660254037844387,0.19999999999999996,0.9548683406603533,1.0,0,,35,40,93,98,87,92,-7.14858132620955,0.0,0.9999479890581185,True,3,large,0.5309848428280338
BraTS-GLI-02151-100,gmm_2d,prediction_component,10,47,14592.0,2.6664020003279646e-05,8.040880842667987e-08,1.7320508075688772,1,9.848857801796104,0.17586311452816475,0.7736731845058752,1.2,0,,36,42,58,64,46,51,-7.094696373620167,0.0,0.9998859902162935,True,3,large,0.5309848428280338
BraTS-GLI-02151-100,gmm_2d,prediction_component,11,44,13824.0,2.7070862238995545e-05,8.288129935688987e-08,1.7320508075688772,1,10.392304845413264,0.16666666666666666,0.7908715233027805,1.0,0,,37,43,41,47,73,79,-7.081543448970658,0.0,0.999879473577284,True,3,large,0.5309848428280338
BraTS-GLI-02151-100,gmm_2d,prediction_component,12,85,25856.0,2.0444519929573668e-05,4.727224280033281e-08,1.7320508075688772,1,13.74772708486752,0.1259881576697424,0.6350148115649618,2.0,0,,38,48,36,44,101,106,-7.32539379239347,0.0,0.9990291305481331,True,3,large,0.5309848428280338
BraTS-GLI-02151-100,gmm_2d,prediction_component,13,161,41472.0,1.9063094740466486e-05,4.1099750547710864e-08,2.23606797749979,1,17.378147196982766,0.1286712531637447,0.6625814097625847,1.2222222222222223,1,,38,47,49,59,45,56,-7.386160814038321,0.6931471805599453,0.9985662670399945,True,3,large,0.5309848428280338
BraTS-GLI-02151-100,gmm_2d,prediction_component,14,174,48128.0,1.6479822375120546e-05,3.071548846872332e-08,2.23606797749979,1,19.4164878389476,0.11516335992621968,0.6456514378224489,1.5555555555555556,1,,40,49,78,92,101,111,-7.512642573699968,0.6931471805599453,0.9969650204569644,True,3,large,0.5309848428280338
BraTS-GLI-02151-100,gmm_2d,prediction_component,15,25,9984.0,2.5060120224403912e-05,7.102621534903521e-08,1.7320508075688772,1,8.660254037844387,0.19999999999999996,0.9548683406603533,1.0,0,,41,46,41,46,85,90,-7.14858132620955,0.0,0.9999479890581185,True,3,large,0.5309848428280338
BraTS-GLI-02151-100,gmm_2d,prediction_component,16,127,38400.0,1.6877452112275587e-05,3.2215593916416025e-08,1.7320508075688772,1,16.431676725154983,0.10540925533894598,0.5554635816050737,1.5714285714285714,0,,42,49,128,139,121,131,-7.491933857729258,0.0,0.9967280372106393,True,3,large,0.5309848428280338
BraTS-GLI-02151-100,gmm_2d,prediction_component,17,92,29440.0,1.821298453594363e-05,3.751583448633361e-08,1.7320508075688772,1,14.071247279470288,0.12309149097933272,0.6184826978494664,1.4285714285714286,0,,43,53,45,52,87,94,-7.4257853888438525,0.0,0.9984448255416211,True,3,large,0.5309848428280338
BraTS-GLI-02151-100,gmm_2d,prediction_component,18,25,9984.0,2.5060120224403912e-05,7.102621534903521e-08,1.7320508075688772,1,8.660254037844387,0.19999999999999996,0.9548683406603533,1.0,0,,43,48,57,62,92,97,-7.14858132620955,0.0,0.9999479890581185,True,3,large,0.5309848428280338
BraTS-GLI-02151-100,gmm_2d,prediction_component,19,90,24576.0,2.3360154559928685e-05,6.171685646908329e-08,2.23606797749979,1,12.206555615733702,0.18318582636182795,0.804328953132991,1.3333333333333333,1,,43,51,60,67,82,88,-7.2095962027141836,0.6931471805599453,0.9998119647309255,True,3,large,0.5309848428280338
BraTS-GLI-02151-100,gmm_2d,prediction_component,20,25,9984.0,2.5060120224403912e-05,7.102621534903521e-08,1.7320508075688772,1,8.660254037844387,0.19999999999999996,0.9548683406603533,1.0,0,,44,49,94,99,77,82,-7.14858132620955,0.0,0.9999479890581185,True,3,large,0.5309848428280338
BraTS-GLI-02151-100,gmm_2d,prediction_component,21,68,18944.0,2.6079627568688343e-05,7.692281054141028e-08,1.7320508075688772,1,11.661903789690601,0.14852213144650114,0.6840489693598067,1.3333333333333333,0,,44,50,113,121,44,50,-7.113944856254584,0.0,0.9997406235378613,True,3,large,0.5309848428280338
BraTS-GLI-02151-100,gmm_2d,prediction_component,22,12419,2183936.0,3.847926484764077e-06,1.674580022467745e-09,4.242640687119285,1,86.53900854527974,0.04902576027202127,0.29532728982505196,1.2954545454545454,31,,44,88,80,137,102,150,-8.776094094176198,3.4657359027997265,0.09155446945246465,False,3,large,0.5309848428280338
BraTS-GLI-02151-100,gmm_2d,prediction_component,23,25,9984.0,2.5060120224403912e-05,7.102621534903521e-08,1.7320508075688772,1,8.660254037844387,0.19999999999999996,0.9548683406603533,1.0,0,,45,50,124,129,109,114,-7.14858132620955,0.0,0.9999479890581185,True,3,large,0.5309848428280338
BraTS-GLI-02151-100,gmm_2d,prediction_component,24,1068,251904.0,8.44731437312981e-06,8.070300156440102e-09,2.8284271247461903,1,43.37049688440288,0.06521546507260247,0.44605058405346903,1.8125,6,,45,74,136,152,105,133,-8.093110312383077,1.9459101490553132,0.8361145457461424,True,3,large,0.5309848428280338
BraTS-GLI-02151-100,gmm_2d,prediction_component,25,136,38912.0,1.771795435356036e-05,3.5504183575904424e-08,2.23606797749979,1,16.0312195418814,0.13948208816291766,0.7009196506246524,1.7142857142857142,1,,46,58,72,80,91,98,-7.44972046956801,0.6931471805599453,0.998665511755863,True,3,large,0.5309848428280338
BraTS-GLI-02151-100,gmm_2d,prediction_component,26,59,18176.0,2.4077120183702874e-05,6.556339810384356e-08,1.7320508075688772,1,11.180339887498949,0.15491933384829665,0.71719869927557,1.6,0,,46,52,128,133,130,138,-7.183338545347065,0.0,0.999729551633257,True,3,large,0.5309848428280338
BraTS-GLI-02151-100,gmm_2d,prediction_component,27,25,9984.0,2.5060120224403912e-05,7.102621534903521e-08,1.7320508075688772,1,8.660254037844387,0.19999999999999996,0.9548683406603533,1.0,0,,47,52,35,40,106,111,-7.14858132620955,0.0,0.9999479890581185,True,3,large,0.5309848428280338
BraTS-GLI-02151-100,gmm_2d,prediction_component,28,25,9984.0,2.5060120224403912e-05,7.102621534903521e-08,1.7320508075688772,1,8.660254037844387,0.19999999999999996,0.9548683406603533,1.0,0,,47,52,104,109,85,90,-7.14858132620955,0.0,0.9999479890581185,True,3,large,0.5309848428280338
BraTS-GLI-02151-100,gmm_2d,prediction_component,29,69,25344.0,1.710158451035887e-05,3.30769209394233e-08,1.7320508075688772,1,12.884098726725126,0.13443321448446624,0.6807282909996718,1.5,0,,48,54,104,111,42,51,-7.480474924792267,0.0,0.9987119033788424,True,3,large,0.5309848428280338
BraTS-GLI-02151-100,gmm_2d,prediction_component,30,169,59392.0,1.1676018631135671e-05,1.5418493146809796e-08,1.7320508075688772,1,19.209372712298546,0.09016696346674323,0.5050037413064603,1.3,0,,48,61,100,110,50,60,-7.8119580679194796,0.0,0.9840006106187803,True,3,large,0.5309848428280338
BraTS-GLI-02151-100,gmm_2d,prediction_component,31,25,9984.0,2.5060120224403912e-05,7.102621534903521e-08,1.7320508075688772,1,8.660254037844387,0.19999999999999996,0.9548683406603533,1.0,0,,49,54,110,115,61,66,-7.14858132620955,0.0,0.9999479890581185,True,3,large,0.5309848428280338
BraTS-GLI-02151-100,gmm_2d,prediction_component,32,38,12544.0,2.7047649416909622e-05,8.273922157753891e-08,1.7320508075688772,1,9.273618495495704,0.18677184190940707,0.8304795924748166,1.2,0,,49,54,118,124,110,115,-7.082288569326049,0.0,0.9999244487787192,True,3,large,0.5309848428280338
BraTS-GLI-02151-100,gmm_2d,prediction_component,33,38,12544.0,2.7047649416909622e-05,8.273922157753891e-08,1.7320508075688772,1,9.273618495495704,0.18677184190940707,0.8304795924748166,1.2,0,,50,56,34,39,98,103,-7.082288569326049,0.0,0.9999244487787192,True,3,large,0.5309848428280338
BraTS-GLI-02151-100,gmm_2d,prediction_component,34,25,9984.0,2.5060120224403912e-05,7.102621534903521e-08,1.7320508075688772,1,8.660254037844387,0.19999999999999996,0.9548683406603533,1.0,0,,50,55,90,95,65,70,-7.14858132620955,0.0,0.9999479890581185,True,3,large,0.5309848428280338
BraTS-GLI-02151-100,gmm_2d,prediction_component,35,25,9984.0,2.5060120224403912e-05,7.102621534903521e-08,1.7320508075688772,1,8.660254037844387,0.19999999999999996,0.9548683406603533,1.0,0,,50,55,104,109,130,135,-7.14858132620955,0.0,0.9999479890581185,True,3,large,0.5309848428280338
BraTS-GLI-02151-100,gmm_2d,prediction_component,36,25,9984.0,2.5060120224403912e-05,7.102621534903521e-08,1.7320508075688772,1,8.660254037844387,0.19999999999999996,0.9548683406603533,1.0,0,,51,56,54,59,137,142,-7.14858132620955,0.0,0.9999479890581185,True,3,large,0.5309848428280338
BraTS-GLI-02151-100,gmm_2d,prediction_component,37,25,9984.0,2.5060120224403912e-05,7.102621534903521e-08,1.7320508075688772,1,8.660254037844387,0.19999999999999996,0.9548683406603533,1.0,0,,51,56,65,70,83,88,-7.14858132620955,0.0,0.9999479890581185,True,3,large,0.5309848428280338
BraTS-GLI-02151-100,gmm_2d,prediction_component,38,25,9984.0,2.5060120224403912e-05,7.102621534903521e-08,1.7320508075688772,1,8.660254037844387,0.19999999999999996,0.9548683406603533,1.0,0,,51,56,66,71,94,99,-7.14858132620955,0.0,0.9999479890581185,True,3,large,0.5309848428280338
BraTS-GLI-02151-100,gmm_2d,prediction_component,39,89,23296.0,2.5030410389189865e-05,7.085790599674455e-08,1.7320508075688772,1,12.12435565298214,0.14285714285714285,0.6253552903860047,1.0,0,,51,58,72,79,82,89,-7.1496116861475825,0.0,0.9996080243564952,True,3,large,0.5309848428280338
BraTS-GLI-02151-100,gmm_2d,prediction_component,40,25,9984.0,2.5060120224403912e-05,7.102621534903521e-08,1.7320508075688772,1,8.660254037844387,0.19999999999999996,0.9548683406603533,1.0,0,,52,57,42,47,46,51,-7.14858132620955,0.0,0.9999479890581185,True,3,large,0.5309848428280338
BraTS-GLI-02151-100,gmm_2d,prediction_component,41,25,9984.0,2.5060120224403912e-05,7.102621534903521e-08,1.7320508075688772,1,8.660254037844387,0.19999999999999996,0.9548683406603533,1.0,0,,52,57,77,82,141,146,-7.14858132620955,0.0,0.9999479890581185,True,3,large,0.5309848428280338
BraTS-GLI-02151-100,gmm_2d,prediction_component,42,25,9984.0,2.5060120224403912e-05,7.102621534903521e-08,1.7320508075688772,1,8.660254037844387,0.19999999999999996,0.9548683406603533,1.0,0,,52,57,122,127,108,113,-7.14858132620955,0.0,0.9999479890581185,True,3,large,0.5309848428280338
BraTS-GLI-02151-100,gmm_2d,prediction_component,43,25,9984.0,2.5060120224403912e-05,7.102621534903521e-08,1.7320508075688772,1,8.660254037844387,0.19999999999999996,0.9548683406603533,1.0,0,,54,59,46,51,92,97,-7.14858132620955,0.0,0.9999479890581185,True,3,large,0.5309848428280338
BraTS-GLI-02151-100,gmm_2d,prediction_component,44,173,43776.0,1.8888261623381524e-05,4.0349332317323105e-08,2.23606797749979,1,18.384776310850235,0.12162606385262999,0.6468930782611862,2.142857142857143,1,,54,61,107,122,63,71,-7.394163647392999,0.6931471805599453,0.9982497029008924,True,3,large,0.5309848428280338
BraTS-GLI-02151-100,gmm_2d,prediction_component,45,63,21760.0,1.9626922740371293e-05,4.3566914089582954e-08,1.7320508075688772,1,12.68857754044952,0.136504726557987,0.7016868116919668,2.0,0,,55,60,81,87,133,143,-7.3608432007098425,0.0,0.9992507371939447,True,3,large,0.5309848428280338
BraTS-GLI-02151-100,gmm_2d,prediction_component,46,25,9984.0,2.5060120224403912e-05,7.102621534903521e-08,1.7320508075688772,1,8.660254037844387,0.19999999999999996,0.9548683406603533,1.0,0,,55,60,114,119,115,120,-7.14858132620955,0.0,0.9999479890581185,True,3,large,0.5309848428280338
BraTS-GLI-02151-100,gmm_2d,prediction_component,47,50,19968.0,1.772018094802615e-05,3.551310767451761e-08,1.7320508075688772,1,12.884098726725126,0.13443321448446624,0.757879504227687,1.5,0,,56,62,40,49,85,92,-7.449611321873531,0.0,0.9990972992353339,True,3,large,0.5309848428280338
BraTS-GLI-02151-100,gmm_2d,prediction_component,48,85,25344.0,2.1067169324355132e-05,5.019549543947349e-08,1.7320508075688772,1,12.727922061357855,0.13608276348795434,0.6350148115649618,1.1428571428571428,0,,56,63,93,101,56,63,-7.299335254838192,0.0,0.9992583528244775,True,3,large,0.5309848428280338
BraTS-GLI-02151-100,gmm_2d,prediction_component,49,25,9984.0,2.5060120224403912e-05,7.102621534903521e-08,1.7320508075688772,1,8.660254037844387,0.19999999999999996,0.9548683406603533,1.0,0,,56,61,95,100,34,39,-7.14858132620955,0.0,0.9999479890581185,True,3,large,0.5309848428280338
BraTS-GLI-02151-100,gmm_2d,prediction_component,50,95,33024.0,1.5829933552290428e-05,2.8340698976935748e-08,1.7320508075688772,1,15.7797338380595,0.10976425998969035,0.6119025955310512,1.375,0,,56,64,90,101,40,48,-7.5475894427941785,0.0,0.9968772545520415,True,3,large,0.5309848428280338
BraTS-GLI-02151-100,gmm_2d,prediction_component,51,72,20736.0,2.4112654320987653e-05,6.575706395257378e-08,1.7320508075688772,1,11.916375287812984,0.14535047493345277,0.6711392913128504,1.8,0,,56,62,97,102,121,130,-7.18205758624754,0.0,0.9996333971224087,True,3,large,0.5309848428280338
BraTS-GLI-02151-100,gmm_2d,prediction_component,52,77,21760.0,2.3988461127120468e-05,6.508143956592021e-08,1.7320508075688772,1,12.206555615733702,0.14189513095212064,0.6562861745204266,1.3333333333333333,0,,56,63,126,134,67,73,-7.186542849272042,0.0,0.9995856264318895,True,3,large,0.5309848428280338
BraTS-GLI-02151-100,gmm_2d,prediction_component,53,25,9984.0,2.5060120224403912e-05,7.102621534903521e-08,1.7320508075688772,1,8.660254037844387,0.19999999999999996,0.9548683406603533,1.0,0,,57,62,88,93,122,127,-7.14858132620955,0.0,0.9999479890581185,True,3,large,0.5309848428280338
BraTS-GLI-02151-100,gmm_2d,prediction_component,54,117,39168.0,1.5093458589309172e-05,2.5764985866645388e-08,1.7320508075688772,1,18.027756377319946,0.09607689228305227,0.5708581554278115,1.3333333333333333,0,,58,67,42,54,129,139,-7.588970091434601,0.0,0.9947763334342329,True,3,large,0.5309848428280338
BraTS-GLI-02151-100,gmm_2d,prediction_component,55,25,9984.0,2.5060120224403912e-05,7.102621534903521e-08,1.7320508075688772,1,8.660254037844387,0.19999999999999996,0.9548683406603533,1.0,0,,58,63,109,114,86,91,-7.14858132620955,0.0,0.9999479890581185,True,3,large,0.5309848428280338
BraTS-GLI-02151-100,gmm_2d,prediction_component,56,117,36864.0,1.6530354817708332e-05,3.090414442451875e-08,1.7320508075688772,1,16.186414056238647,0.10700645625096324,0.5708581554278115,1.1111111111111112,0,,60,69,49,58,50,60,-7.509983275267553,0.0,0.9967580117785056,True,3,large,0.5309848428280338
BraTS-GLI-02151-100,gmm_2d,prediction_component,57,25,9984.0,2.5060120224403912e-05,7.102621534903521e-08,1.7320508075688772,1,8.660254037844387,0.19999999999999996,0.9548683406603533,1.0,0,,60,65,50,55,124,129,-7.14858132620955,0.0,0.9999479890581185,True,3,large,0.5309848428280338
BraTS-GLI-02151-100,gmm_2d,prediction_component,58,167,43520.0,1.8394294740566243e-05,3.826649241132461e-08,1.7320508075688772,1,18.920887928424502,0.091541729654603,0.507011729590729,1.5555555555555556,0,,60,69,62,71,122,136,-7.417181344313783,0.0,0.9963312841420287,True,3,large,0.5309848428280338
BraTS-GLI-02151-100,gmm_2d,prediction_component,59,119,36096.0,1.735235181995854e-05,3.405407297450838e-08,1.7320508075688772,1,15.362291495737216,0.11274690420042432,0.5676419848966001,1.6666666666666667,0,,60,66,80,90,51,61,-7.467830937655206,0.0,0.9974580220173631,True,3,large,0.5309848428280338
BraTS-GLI-02151-100,gmm_2d,prediction_component,60,38,13824.0,2.3379381024587062e-05,6.181848980958109e-08,1.7320508075688772,1,9.848857801796104,0.17586311452816475,0.8304795924748166,1.2,0,,60,66,93,98,25,31,-7.2088816087094125,0.0,0.9998546895173824,True,3,large,0.5309848428280338
BraTS-GLI-02151-100,gmm_2d,prediction_component,61,1165,240128.0,9.900604676754626e-06,1.1086023965702445e-08,2.8284271247461903,1,39.230090491866065,0.07209840939145001,0.4333105084511339,1.8235294117647058,7,,60,77,82,113,62,79,-7.9552241868872455,2.0794415416798357,0.8964691353925602,True,3,large,0.5309848428280338
BraTS-GLI-02151-100,gmm_2d,prediction_component,62,125,30976.0,2.292830813298272e-05,5.945609646364731e-08,2.23606797749979,1,13.45362404707371,0.1662056238286334,0.7209047176727084,1.5,1,,61,67,39,47,104,113,-7.225803607407365,0.6931471805599453,0.9996528080566416,True,3,large,0.5309848428280338
BraTS-GLI-02151-100,gmm_2d,prediction_component,63,46,15616.0,2.357236358908017e-05,6.284324984734695e-08,1.7320508075688772,1,10.488088481701515,0.1651445647689541,0.7792393700163133,1.4,0,,62,68,40,47,64,69,-7.20174136414328,0.0,0.99980015675719,True,3,large,0.5309848428280338
BraTS-GLI-02151-100,gmm_2d,prediction_component,64,38,13824.0,2.3379381024587062e-05,6.181848980958109e-08,1.7320508075688772,1,9.848857801796104,0.17586311452816475,0.8304795924748166,1.2,0,,63,69,46,52,121,126,-7.2088816087094125,0.0,0.9998546895173824,True,3,large,0.5309848428280338
BraTS-GLI-02151-100,gmm_2d,prediction_component,65,518,127232.0,1.1413930628714716e-05,1.4734073460690579e-08,2.449489742783178,1,28.442925306655784,0.08611947316860497,0.49165663947517463,1.2857142857142858,3,,63,80,119,137,103,117,-7.831677169183658,1.3862943611198906,0.9656782859523967,True,3,large,0.5309848428280338
BraTS-GLI-02151-100,gmm_2d,prediction_component,66,25,9984.0,2.5060120224403912e-05,7.102621534903521e-08,1.7320508075688772,1,8.660254037844387,0.19999999999999996,0.9548683406603533,1.0,0,,64,69,40,45,73,78,-7.14858132620955,0.0,0.9999479890581185,True,3,large,0.5309848428280338
BraTS-GLI-02151-100,gmm_2d,prediction_component,67,422,105728.0,1.2275167458641624e-05,1.7041476675421034e-08,2.23606797749979,1,25.45584412271571,0.08784104611578832,0.48055568751187644,1.1428571428571428,1,,64,78,47,61,103,119,-7.768492775519983,0.6931471805599453,0.9794403537612045,True,3,large,0.5309848428280338
BraTS-GLI-02151-100,gmm_2d,prediction_component,68,25,9984.0,2.5060120224403912e-05,7.102621534903521e-08,1.7320508075688772,1,8.660254037844387,0.19999999999999996,0.9548683406603533,1.0,0,,64,69,53,58,135,140,-7.14858132620955,0.0,0.9999479890581185,True,3,large,0.5309848428280338
BraTS-GLI-02151-100,gmm_2d,prediction_component,69,422,107264.0,1.2012446557723545e-05,1.6319817977247747e-08,2.23606797749979,1,30.215889859476256,0.07400304898842879,0.48055568751187644,2.6666666666666665,3,,64,73,55,79,52,68,-7.787284689449666,1.3862943611198906,0.9629457236095724,True,3,large,0.5309848428280338
BraTS-GLI-02151-100,gmm_2d,prediction_component,70,170,56064.0,1.2806274339138374e-05,1.854803794804195e-08,1.7320508075688772,1,21.118712081942874,0.08201498277207123,0.5040115899468042,1.5555555555555556,0,,64,73,67,81,111,124,-7.731702024237935,0.0,0.9862341051842505,True,3,large,0.5309848428280338
BraTS-GLI-02151-100,gmm_2d,prediction_component,71,25,9984.0,2.5060120224403912e-05,7.102621534903521e-08,1.7320508075688772,1,8.660254037844387,0.19999999999999996,0.9548683406603533,1.0,0,,64,69,125,130,105,110,-7.14858132620955,0.0,0.9999479890581185,True,3,large,0.5309848428280338
BraTS-GLI-02151-100,gmm_2d,prediction_component,72,1731,407552.0,6.6530766167543885e-06,5.0060758211652735e-09,2.8284271247461903,1,57.4978260458602,0.04919189679432819,0.37973052288952924,1.4642857142857142,10,,64,92,127,156,38,79,-8.30050257692829,2.3978952727983707,0.5465233771968998,True,3,large,0.5309848428280338
BraTS-GLI-02151-100,gmm_2d,prediction_component,73,118,32768.0,1.989331249714198e-05,4.475757861851645e-08,1.7320508075688772,1,15.524174696260024,0.11157120049584025,0.5692409848501322,2.1666666666666665,0,,64,77,135,141,36,42,-7.349133416805482,0.0,0.9983322733931688,True,3,large,0.5309848428280338
BraTS-GLI-02151-100,gmm_2d,prediction_component,74,59,19456.0,2.1740607489918187e-05,5.3455909614067176e-08,1.7320508075688772,1,11.661903789690601,0.14852213144650114,0.71719869927557,1.3333333333333333,0,,64,70,151,159,85,91,-7.272004276032213,0.0,0.9995814822309349,True,3,large,0.5309848428280338
BraTS-GLI-02151-100,gmm_2d,prediction_component,75,65,18432.0,2.597494663782506e-05,7.630652944325616e-08,1.7320508075688772,1,11.575836902790225,0.14962640041614492,0.6944149224264771,1.1666666666666667,0,,65,72,23,29,102,109,-7.117438298482222,0.0,0.9997504510585312,True,3,large,0.5309848428280338
BraTS-GLI-02151-100,gmm_2d,prediction_component,76,25,9984.0,2.5060120224403912e-05,7.102621534903521e-08,1.7320508075688772,1,8.660254037844387,0.19999999999999996,0.9548683406603533,1.0,0,,65,70,32,37,122,127,-7.14858132620955,0.0,0.9999479890581185,True,3,large,0.5309848428280338
BraTS-GLI-02151-100,gmm_2d,prediction_component,77,1210,278784.0,8.220223063973064e-06,7.642220758950983e-09,2.449489742783178,1,52.744667976962376,0.04644051876206818,0.3705470597353083,2.4705882352941178,4,,65,92,46,88,90,107,-8.116780421108553,1.6094379124341003,0.7554344698778759,True,3,large,0.5309848428280338
BraTS-GLI-02151-100,gmm_2d,prediction_component,78,38,13824.0,2.3379381024587062e-05,6.181848980958109e-08,1.7320508075688772,1,9.848857801796104,0.17586311452816475,0.8304795924748166,1.2,0,,65,70,105,111,144,150,-7.2088816087094125,0.0,0.9998546895173824,True,3,large,0.5309848428280338
BraTS-GLI-02151-100,gmm_2d,prediction_component,79,221,70400.0,1.1831322292557841e-05,1.5831386198114748e-08,2.23606797749979,1,24.0,0.09316949906249124,0.596188755505565,2.0,1,,65,81,120,136,141,149,-7.800481056594694,0.6931471805599453,0.9852294149829943,True,3,large,0.5309848428280338
BraTS-GLI-02151-100,gmm_2d,prediction_component,80,25,9984.0,2.5060120224403912e-05,7.102621534903521e-08,1.7320508075688772,1,8.660254037844387,0.19999999999999996,0.9548683406603533,1.0,0,,66,71,25,30,63,68,-7.14858132620955,0.0,0.9999479890581185,True,3,large,0.5309848428280338
BraTS-GLI-02151-100,gmm_2d,prediction_component,81,25,9984.0,2.5060120224403912e-05,7.102621534903521e-08,1.7320508075688772,1,8.660254037844387,0.19999999999999996,0.9548683406603533,1.0,0,,66,71,25,30,110,115,-7.14858132620955,0.0,0.9999479890581185,True,3,large,0.5309848428280338
BraTS-GLI-02151-100,gmm_2d,prediction_component,82,254,61952.0,1.647216635655822e-05,3.068695615558936e-08,2.449489742783178,1,21.118712081942874,0.11598670095405886,0.6234867895696916,1.5,2,,66,76,47,58,68,83,-7.513046187175545,1.0986122886681098,0.9961764256819754,True,3,large,0.5309848428280338
BraTS-GLI-02151-100,gmm_2d,prediction_component,83,25,9984.0,2.5060120224403912e-05,7.102621534903521e-08,1.7320508075688772,1,8.660254037844387,0.19999999999999996,0.9548683406603533,1.0,0,,66,71,60,65,116,121,-7.14858132620955,0.0,0.9999479890581185,True,3,large,0.5309848428280338
BraTS-GLI-02151-100,gmm_2d,prediction_component,84,38,12544.0,2.7047649416909622e-05,8.273922157753891e-08,1.7320508075688772,1,9.273618495495704,0.18677184190940707,0.8304795924748166,1.2,0,,66,71,113,118,79,85,-7.082288569326049,0.0,0.9999244487787192,True,3,large,0.5309848428280338
BraTS-GLI-02151-100,gmm_2d,prediction_component,85,208,54528.0,1.6335558296210957e-05,3.018007655914847e-08,2.23606797749979,1,18.57417562100671,0.12038585308576921,0.608359218903761,2.0,2,,66,73,134,144,86,100,-7.520279662864818,1.0986122886681098,0.9961819920513569,True,3,large,0.5309848428280338
BraTS-GLI-02151-100,gmm_2d,prediction_component,86,63,23808.0,1.7149686231523227e-05,3.326325389754192e-08,1.7320508075688772,1,13.601470508735444,0.12734290799340264,0.7016868116919668,1.6666666666666667,0,,67,77,22,29,93,99,-7.478035269228769,0.0,0.9986498880761144,True,3,large,0.5309848428280338
BraTS-GLI-02151-100,gmm_2d,prediction_component,87,175,53760.0,1.4039419745734746e-05,2.229208501740434e-08,1.7320508075688772,1,23.853720883753127,0.07261134713572441,0.49916502447122724,1.3333333333333333,0,,67,80,73,85,64,80,-7.651849309303296,0.0,0.9877418166337558,True,3,large,0.5309848428280338
BraTS-GLI-02151-100,gmm_2d,prediction_component,88,38,13824.0,2.3379381024587062e-05,6.181848980958109e-08,1.7320508075688772,1,9.848857801796104,0.17586311452816475,0.8304795924748166,1.2,0,,67,73,79,84,84,90,-7.2088816087094125,0.0,0.9998546895173824,True,3,large,0.5309848428280338
BraTS-GLI-02151-100,gmm_2d,prediction_component,89,60,18432.0,2.3976873819530824e-05,6.501858130076264e-08,1.7320508075688772,1,11.0,0.15745916432444337,0.7131919190287451,1.1666666666666667,0,,67,74,105,111,23,29,-7.186962511000646,0.0,0.9997342995258149,True,3,large,0.5309848428280338
BraTS-GLI-02151-100,gmm_2d,prediction_component,90,25,9984.0,2.5060120224403912e-05,7.102621534903521e-08,1.7320508075688772,1,8.660254037844387,0.19999999999999996,0.9548683406603533,1.0,0,,67,72,171,176,85,90,-7.14858132620955,0.0,0.9999479890581185,True,3,large,0.5309848428280338
BraTS-GLI-02151-100,gmm_2d,prediction_component,91,148,50176.0,1.3167934584548106e-05,1.9610456083734552e-08,1.7320508075688772,1,20.71231517720798,0.08362420100070907,0.5278407622093977,1.75,0,,68,76,105,118,84,98,-7.7075123057536405,0.0,0.9886071919960936,True,3,large,0.5309848428280338
BraTS-GLI-02151-100,gmm_2d,prediction_component,92,85,24832.0,2.172207837577461e-05,5.336482949471025e-08,1.7320508075688772,1,12.806248474865697,0.13525044520011484,0.6350148115649618,1.3333333333333333,0,,68,74,151,159,107,115,-7.272744873844276,0.0,0.9993178702630804,True,3,large,0.5309848428280338
BraTS-GLI-02151-100,gmm_2d,prediction_component,93,25,9984.0,2.5060120224403912e-05,7.102621534903521e-08,1.7320508075688772,1,8.660254037844387,0.19999999999999996,0.9548683406603533,1.0,0,,68,73,175,180,93,98,-7.14858132620955,0.0,0.9999479890581185,True,3,large,0.5309848428280338
BraTS-GLI-02151-100,gmm_2d,prediction_component,94,25,9984.0,2.5060120224403912e-05,7.102621534903521e-08,1.7320508075688772,1,8.660254037844387,0.19999999999999996,0.9548683406603533,1.0,0,,69,74,27,32,90,95,-7.14858132620955,0.0,0.9999479890581185,True,3,large,0.5309848428280338
BraTS-GLI-02151-100,gmm_2d,prediction_component,95,84,25600.0,2.05078125e-05,4.7565388649360234e-08,1.7320508075688772,1,13.92838827718412,0.12435400084345173,0.6375247776221004,1.2857142857142858,0,,69,77,28,35,50,59,-7.322708950350364,0.0,0.9990190782965362,True,3,large,0.5309848428280338
BraTS-GLI-02151-100,gmm_2d,prediction_component,96,995,247808.0,8.065849175578458e-06,7.3578777376778034e-09,2.449489742783178,1,50.60632371551998,0.048402839071117254,0.39551607085043694,1.3333333333333333,4,,69,100,50,82,72,96,-8.133247432907858,1.6094379124341003,0.764804194758956,True,3,large,0.5309848428280338
BraTS-GLI-02151-100,gmm_2d,prediction_component,97,25,9984.0,2.5060120224403912e-05,7.102621534903521e-08,1.7320508075688772,1,8.660254037844387,0.19999999999999996,0.9548683406603533,1.0,0,,69,74,62,67,109,114,-7.14858132620955,0.0,0.9999479890581185,True,3,large,0.5309848428280338
BraTS-GLI-02151-100,gmm_2d,prediction_component,98,124,35328.0,1.8674247377095507e-05,3.9440152783648615e-08,1.7320508075688772,1,16.911534525287763,0.10241831129983782,0.5599074791157995,2.1666666666666665,0,,69,82,122,128,29,38,-7.404061411353367,0.0,0.9975410249206019,True,3,large,0.5309848428280338
BraTS-GLI-02151-100,gmm_2d,prediction_component,99,195,59648.0,1.3385690583263644e-05,2.0264408760295367e-08,2.23606797749979,1,23.108440016582687,0.09676412496452294,0.6215885436393686,1.0769230769230769,1,,70,83,108,121,142,156,-7.693266062827148,0.6931471805599453,0.9913108477412526,True,3,large,0.5309848428280338
BraTS-GLI-02151-100,gmm_2d,prediction_component,100,479,111360.0,1.2889666476489482e-05,1.8790387377574024e-08,2.23606797749979,1,25.495097567963924,0.08770580193070293,0.46068354572720643,1.2307692307692308,4,,70,83,138,154,124,139,-7.726064266508913,1.6094379124341003,0.9723523844010669,True,3,large,0.5309848428280338
BraTS-GLI-02151-100,gmm_2d,prediction_component,101,25,9984.0,2.5060120224403912e-05,7.102621534903521e-08,1.7320508075688772,1,8.660254037844387,0.19999999999999996,0.9548683406603533,1.0,0,,71,76,156,161,112,117,-7.14858132620955,0.0,0.9999479890581185,True,3,large,0.5309848428280338
BraTS-GLI-02151-100,gmm_2d,prediction_component,102,329,82688.0,1.3836688580912756e-05,2.165293172165631e-08,2.23606797749979,1,24.61706725018234,0.09083405243909495,0.5221347193918796,1.5454545454545454,1,,71,82,171,188,79,93,-7.664483293567487,0.6931471805599453,0.9882140489774013,True,3,large,0.5309848428280338
BraTS-GLI-02151-100,gmm_2d,prediction_component,103,366,111616.0,9.815024850574217e-06,1.0895199338620555e-08,1.7320508075688772,1,35.35533905932738,0.04898979485566356,0.3903280859952435,2.4545454545454546,0,,72,99,55,75,27,38,-7.962764819491064,0.0,0.9238300485592119,True,3,large,0.5309848428280338
BraTS-GLI-02151-100,gmm_2d,prediction_component,104,25,9984.0,2.5060120224403912e-05,7.102621534903521e-08,1.7320508075688772,1,8.660254037844387,0.19999999999999996,0.9548683406603533,1.0,0,,72,77,64,69,150,155,-7.14858132620955,0.0,0.9999479890581185,True,3,large,0.5309848428280338
BraTS-GLI-02151-100,gmm_2d,prediction_component,105,161,49152.0,1.477454397511955e-05,2.468769500825784e-08,1.7320508075688772,1,18.027756377319946,0.09607689228305227,0.5132333531034245,1.3333333333333333,0,,72,84,92,102,98,107,-7.607519456521077,0.0,0.993307687559555,True,3,large,0.5309848428280338
BraTS-GLI-02151-100,gmm_2d,prediction_component,106,315,60416.0,2.121204800826743e-05,5.08882570365054e-08,2.449489742783178,1,20.09975124224178,0.12186666955535812,0.5803210317441588,1.75,1,,72,80,98,110,56,70,-7.293382423805246,0.6931471805599453,0.9985180484980103,True,3,large,0.5309848428280338
BraTS-GLI-02151-100,gmm_2d,prediction_component,107,38,13824.0,2.3379381024587062e-05,6.181848980958109e-08,1.7320508075688772,1,9.848857801796104,0.17586311452816475,0.8304795924748166,1.2,0,,72,78,160,166,66,71,-7.2088816087094125,0.0,0.9998546895173824,True,3,large,0.5309848428280338
BraTS-GLI-02151-100,gmm_2d,prediction_component,108,25,9984.0,2.5060120224403912e-05,7.102621534903521e-08,1.7320508075688772,1,8.660254037844387,0.19999999999999996,0.9548683406603533,1.0,0,,73,78,39,44,134,139,-7.14858132620955,0.0,0.9999479890581185,True,3,large,0.5309848428280338
BraTS-GLI-02151-100,gmm_2d,prediction_component,109,38,12544.0,2.7047649416909622e-05,8.273922157753891e-08,1.7320508075688772,1,9.273618495495704,0.18677184190940707,0.8304795924748166,1.2,0,,73,78,40,46,89,94,-7.082288569326049,0.0,0.9999244487787192,True,3,large,0.5309848428280338
BraTS-GLI-02151-100,gmm_2d,prediction_component,110,25,9984.0,2.5060120224403912e-05,7.102621534903521e-08,1.7320508075688772,1,8.660254037844387,0.19999999999999996,0.9548683406603533,1.0,0,,73,78,116,121,30,35,-7.14858132620955,0.0,0.9999479890581185,True,3,large,0.5309848428280338
BraTS-GLI-02151-100,gmm_2d,prediction_component,111,69,19968.0,2.445384970827609e-05,6.763116225535133e-08,2.23606797749979,1,11.575836902790225,0.19316685232156397,0.8788164447779884,1.1666666666666667,1,,73,79,114,121,74,81,-7.169853149071058,0.6931471805599453,0.9998917022843312,True,3,large,0.5309848428280338
BraTS-GLI-02151-100,gmm_2d,prediction_component,112,392,105216.0,1.1485856504563238e-05,1.4920354639631938e-08,2.23606797749979,1,32.449961479175904,0.06890818588289359,0.4925146836585176,1.6923076923076923,4,,73,93,114,136,38,51,-7.826220854061421,1.6094379124341003,0.9510990065020097,True,3,large,0.5309848428280338
BraTS-GLI-02151-100,gmm_2d,prediction_component,113,25,9984.0,2.5060120224403912e-05,7.102621534903521e-08,1.7320508075688772,1,8.660254037844387,0.19999999999999996,0.9548683406603533,1.0,0,,73,78,125,130,99,104,-7.14858132620955,0.0,0.9999479890581185,True,3,large,0.5309848428280338
BraTS-GLI-02151-100,gmm_2d,prediction_component,114,81,26624.0,1.8645544135686913e-05,3.931900303261106e-08,2.23606797749979,1,13.856406460551018,0.16137430609197573,0.8330790228848893,1.0,1,,74,82,87,95,23,31,-7.4053975026131695,0.6931471805599453,0.9994857563432623,True,3,large,0.5309848428280338
BraTS-GLI-02151-100,gmm_2d,prediction_component,115,50,17152.0,2.2258600373918718e-05,5.6033542268023926e-08,1.7320508075688772,1,11.575836902790225,0.14962640041614492,0.757879504227687,1.1666666666666667,0,,74,80,158,165,51,58,-7.25155192190457,0.0,0.9996647916661594,True,3,large,0.5309848428280338
BraTS-GLI-02151-100,gmm_2d,prediction_component,116,25,9984.0,2.5060120224403912e-05,7.102621534903521e-08,1.7320508075688772,1,8.660254037844387,0.19999999999999996,0.9548683406603533,1.0,0,,75,80,32,37,94,99,-7.14858132620955,0.0,0.9999479890581185,True,3,large,0.5309848428280338
BraTS-GLI-02151-100,gmm_2d,prediction_component,117,25,9984.0,2.5060120224403912e-05,7.102621534903521e-08,1.7320508075688772,1,8.660254037844387,0.19999999999999996,0.9548683406603533,1.0,0,,75,80,45,50,140,145,-7.14858132620955,0.0,0.9999479890581185,True,3,large,0.5309848428280338
BraTS-GLI-02151-100,gmm_2d,prediction_component,118,25,9984.0,2.5060120224403912e-05,7.102621534903521e-08,1.7320508075688772,1,8.660254037844387,0.19999999999999996,0.9548683406603533,1.0,0,,75,80,88,93,96,101,-7.14858132620955,0.0,0.9999479890581185,True,3,large,0.5309848428280338
BraTS-GLI-02151-100,gmm_2d,prediction_component,119,25,9984.0,2.5060120224403912e-05,7.102621534903521e-08,1.7320508075688772,1,8.660254037844387,0.19999999999999996,0.9548683406603533,1.0,0,,75,80,118,123,116,121,-7.14858132620955,0.0,0.9999479890581185,True,3,large,0.5309848428280338
BraTS-GLI-02151-100,gmm_2d,prediction_component,120,150,44544.0,1.5955390531950923e-05,2.87916961764827e-08,2.23606797749979,1,17.72004514666935,0.1261886162812672,0.6783973127203244,1.625,1,,75,83,121,130,62,75,-7.540732749210564,0.6931471805599453,0.9974856544580377,True,3,large,0.5309848428280338
BraTS-GLI-02151-100,gmm_2d,prediction_component,121,70,24832.0,1.78887704271085e-05,3.6192064293990344e-08,1.7320508075688772,1,13.490737563232042,0.12838814775327387,0.6774711680063634,2.2,0,,75,80,128,139,45,51,-7.441386645244348,0.0,0.9987498897200374,True,3,large,0.5309848428280338
BraTS-GLI-02151-100,gmm_2d,prediction_component,122,213,49920.0,1.9097113903545572e-05,4.124657106138084e-08,2.23606797749979,1,20.445048300260872,0.10936965981495178,0.6035612335276073,1.7777777777777777,2,,75,84,163,179,58,67,-7.384612149684206,1.0986122886681098,0.997156615931759,True,3,large,0.5309848428280338
BraTS-GLI-02151-100,gmm_2d,prediction_component,123,25,9984.0,2.5060120224403912e-05,7.102621534903521e-08,1.7320508075688772,1,8.660254037844387,0.19999999999999996,0.9548683406603533,1.0,0,,75,80,164,169,46,51,-7.14858132620955,0.0,0.9999479890581185,True,3,large,0.5309848428280338
BraTS-GLI-02151-100,gmm_2d,prediction_component,124,25,9984.0,2.5060120224403912e-05,7.102621534903521e-08,1.7320508075688772,1,8.660254037844387,0.19999999999999996,0.9548683406603533,1.0,0,,76,81,37,42,43,48,-7.14858132620955,0.0,0.9999479890581185,True,3,large,0.5309848428280338
BraTS-GLI-02151-100,gmm_2d,prediction_component,125,25,9984.0,2.5060120224403912e-05,7.102621534903521e-08,1.7320508075688772,1,8.660254037844387,0.19999999999999996,0.9548683406603533,1.0,0,,76,81,124,129,79,84,-7.14858132620955,0.0,0.9999479890581185,True,3,large,0.5309848428280338
BraTS-GLI-02151-100,gmm_2d,prediction_component,126,367,100096.0,1.1588867039808766e-05,1.5189180177701255e-08,2.23606797749979,1,30.380915061926625,0.07360107399470765,0.5034532906873778,1.7692307692307692,2,,76,99,120,135,126,139,-7.818465666157549,1.0986122886681098,0.9655005284894178,True,3,large,0.5309848428280338
BraTS-GLI-02151-100,gmm_2d,prediction_component,127,25,9984.0,2.5060120224403912e-05,7.102621534903521e-08,1.7320508075688772,1,8.660254037844387,0.19999999999999996,0.9548683406603533,1.0,0,,76,81,137,142,86,91,-7.14858132620955,0.0,0.9999479890581185,True,3,large,0.5309848428280338
BraTS-GLI-02151-100,gmm_2d,prediction_component,128,25,9984.0,2.5060120224403912e-05,7.102621534903521e-08,1.7320508075688772,1,8.660254037844387,0.19999999999999996,0.9548683406603533,1.0,0,,76,81,149,154,37,42,-7.14858132620955,0.0,0.9999479890581185,True,3,large,0.5309848428280338
BraTS-GLI-02151-100,gmm_2d,prediction_component,129,76,24320.0,2.0038639689163165e-05,4.541390490450912e-08,1.7320508075688772,1,13.490737563232042,0.12838814775327387,0.6591520893663227,2.2,0,,76,82,176,187,108,113,-7.342811153779088,0.0,0.9990790166996656,True,3,large,0.5309848428280338
BraTS-GLI-02151-100,gmm_2d,prediction_component,130,50,15360.0,2.6265349298824172e-05,7.802229756091518e-08,1.7320508075688772,1,10.392304845413264,0.16666666666666666,0.757879504227687,1.0,0,,77,83,33,39,46,52,-7.1077812649530205,0.0,0.9998527533849333,True,3,large,0.5309848428280338
BraTS-GLI-02151-100,gmm_2d,prediction_component,131,59,19456.0,2.1740607489918187e-05,5.3455909614067176e-08,1.7320508075688772,1,11.661903789690601,0.14852213144650114,0.71719869927557,1.3333333333333333,0,,77,83,89,95,35,43,-7.272004276032213,0.0,0.9995814822309349,True,3,large,0.5309848428280338
BraTS-GLI-02151-100,gmm_2d,prediction_component,132,46,16896.0,2.0945077921731866e-05,4.961538140913494e-08,1.7320508075688772,1,11.0,0.15745916432444337,0.7792393700163133,1.1666666666666667,0,,77,83,92,99,55,61,-7.3043836657365855,0.0,0.9996670984957017,True,3,large,0.5309848428280338
BraTS-GLI-02151-100,gmm_2d,prediction_component,133,25,9984.0,2.5060120224403912e-05,7.102621534903521e-08,1.7320508075688772,1,8.660254037844387,0.19999999999999996,0.9548683406603533,1.0,0,,78,83,37,42,88,93,-7.14858132620955,0.0,0.9999479890581185,True,3,large,0.5309848428280338
BraTS-GLI-02151-100,gmm_2d,prediction_component,134,220,61184.0,1.4536701794759781e-05,2.389924252028837e-08,2.23606797749979,1,23.280893453645632,0.09604734379941232,0.5970907065865069,1.3636363636363635,1,,78,89,80,94,70,85,-7.621615863674128,0.6931471805599453,0.9926949930271641,True,3,large,0.5309848428280338
BraTS-GLI-02151-100,gmm_2d,prediction_component,135,25,9984.0,2.5060120224403912e-05,7.102621534903521e-08,1.7320508075688772,1,8.660254037844387,0.19999999999999996,0.9548683406603533,1.0,0,,78,83,126,131,84,89,-7.14858132620955,0.0,0.9999479890581185,True,3,large,0.5309848428280338
BraTS-GLI-02151-100,gmm_2d,prediction_component,136,38,13824.0,2.3379381024587062e-05,6.181848980958109e-08,1.7320508075688772,1,9.848857801796104,0.17586311452816475,0.8304795924748166,1.2,0,,78,83,133,139,140,146,-7.2088816087094125,0.0,0.9998546895173824,True,3,large,0.5309848428280338
BraTS-GLI-02151-100,gmm_2d,prediction_component,137,47,14592.0,2.6664020003279646e-05,8.040880842667987e-08,1.7320508075688772,1,9.848857801796104,0.17586311452816475,0.7736731845058752,1.2,0,,78,84,161,167,36,41,-7.094696373620167,0.0,0.9998859902162935,True,3,large,0.5309848428280338
BraTS-GLI-02151-100,gmm_2d,prediction_component,138,25,9984.0,2.5060120224403912e-05,7.102621534903521e-08,1.7320508075688772,1,8.660254037844387,0.19999999999999996,0.9548683406603533,1.0,0,,78,83,168,173,46,51,-7.14858132620955,0.0,0.9999479890581185,True,3,large,0.5309848428280338
BraTS-GLI-02151-100,gmm_2d,prediction_component,139,856,231936.0,7.663400450749906e-06,6.641947123336317e-09,2.449489742783178,1,49.416596402423345,0.04956815970966097,0.4158600869804671,2.176470588235294,4,,79,116,28,56,78,95,-8.177704586150261,1.6094379124341003,0.7501105392429869,True,3,large,0.5309848428280338
BraTS-GLI-02151-100,gmm_2d,prediction_component,140,38,12544.0,2.7047649416909622e-05,8.273922157753891e-08,1.7320508075688772,1,9.273618495495704,0.18677184190940707,0.8304795924748166,1.2,0,,79,84,73,79,78,83,-7.082288569326049,0.0,0.9999244487787192,True,3,large,0.5309848428280338
BraTS-GLI-02151-100,gmm_2d,prediction_component,141,818,189952.0,9.880695095658051e-06,1.104148200603382e-08,2.8284271247461903,1,50.547007824400445,0.055956371039253286,0.48751737153527086,1.32,4,,79,108,75,108,55,80,-7.956972630968563,1.6094379124341003,0.904439936945062,True,3,large,0.5309848428280338
BraTS-GLI-02151-100,gmm_2d,prediction_component,142,25,9984.0,2.5060120224403912e-05,7.102621534903521e-08,1.7320508075688772,1,8.660254037844387,0.19999999999999996,0.9548683406603533,1.0,0,,79,84,81,86,123,128,-7.14858132620955,0.0,0.9999479890581185,True,3,large,0.5309848428280338
BraTS-GLI-02151-100,gmm_2d,prediction_component,143,90,25088.0,2.2648708797457692e-05,5.8014862775109516e-08,1.7320508075688772,1,12.727922061357855,0.13608276348795434,0.623030528071304,1.1428571428571428,0,,79,87,114,121,26,33,-7.236460730672962,0.0,0.999389151430399,True,3,large,0.5309848428280338
BraTS-GLI-02151-100,gmm_2d,prediction_component,144,25,9984.0,2.5060120224403912e-05,7.102621534903521e-08,1.7320508075688772,1,8.660254037844387,0.19999999999999996,0.9548683406603533,1.0,0,,79,84,142,147,48,53,-7.14858132620955,0.0,0.9999479890581185,True,3,large,0.5309848428280338
BraTS-GLI-02151-100,gmm_2d,prediction_component,145,78,23296.0,2.1936764161312466e-05,5.442488323244462e-08,1.7320508075688772,1,12.884098726725126,0.13443321448446624,0.6534694609959394,1.5,0,,80,86,86,95,116,123,-7.264202494056447,0.0,0.9993673583676209,True,3,large,0.5309848428280338
BraTS-GLI-02151-100,gmm_2d,prediction_component,146,25,9984.0,2.5060120224403912e-05,7.102621534903521e-08,1.7320508075688772,1,8.660254037844387,0.19999999999999996,0.9548683406603533,1.0,0,,80,85,137,142,35,40,-7.14858132620955,0.0,0.9999479890581185,True,3,large,0.5309848428280338
BraTS-GLI-02151-100,gmm_2d,prediction_component,147,50,17920.0,2.084313283576998e-05,4.91335751404014e-08,1.7320508075688772,1,11.661903789690601,0.14852213144650114,0.757879504227687,1.3333333333333333,0,,81,87,32,40,78,84,-7.308621633844861,0.0,0.99957841744857,True,3,large,0.5309848428280338
BraTS-GLI-02151-100,gmm_2d,prediction_component,148,25,9984.0,2.5060120224403912e-05,7.102621534903521e-08,1.7320508075688772,1,8.660254037844387,0.19999999999999996,0.9548683406603533,1.0,0,,81,86,41,46,88,93,-7.14858132620955,0.0,0.9999479890581185,True,3,large,0.5309848428280338
BraTS-GLI-02151-100,gmm_2d,prediction_component,149,57,17664.0,2.4279585689427806e-05,6.667068490846741e-08,1.7320508075688772,1,11.575836902790225,0.14962640041614492,0.7254907483481623,1.1666666666666667,0,,81,88,90,96,31,38,-7.1760650833409105,0.0,0.9997190433087331,True,3,large,0.5309848428280338
BraTS-GLI-02151-100,gmm_2d,prediction_component,150,50,19968.0,1.772018094802615e-05,3.551310767451761e-08,1.7320508075688772,1,12.36931687685298,0.14002800840280097,0.757879504227687,1.5,0,,81,87,139,148,135,141,-7.449611321873531,0.0,0.999179987764749,True,3,large,0.5309848428280338
BraTS-GLI-02151-100,gmm_2d,prediction_component,151,51,15104.0,2.7474652658327337e-05,8.537226323330647e-08,2.23606797749979,1,9.9498743710662,0.22473328748774737,0.9719810843490212,1.4,1,,82,87,71,76,72,79,-7.068683205204687,0.6931471805599453,0.9999676340917235,True,3,large,0.5309848428280338
BraTS-GLI-02151-100,gmm_2d,prediction_component,152,25,9984.0,2.5060120224403912e-05,7.102621534903521e-08,1.7320508075688772,1,8.660254037844387,0.19999999999999996,0.9548683406603533,1.0,0,,82,87,122,127,125,130,-7.14858132620955,0.0,0.9999479890581185,True,3,large,0.5309848428280338
BraTS-GLI-02151-100,gmm_2d,prediction_component,153,353,101632.0,1.0895044220180342e-05,1.3424878628121825e-08,2.23606797749979,1,34.713109915419565,0.06441566264008308,0.5100228535797864,2.4,1,,82,106,112,135,25,35,-7.872089631987827,0.6931471805599453,0.9597536298215588,True,3,large,0.5309848428280338
BraTS-GLI-02151-100,gmm_2d,prediction_component,154,389,116480.0,9.78526425325564e-06,1.0829227818036493e-08,2.23606797749979,1,34.219877264537345,0.06534412617011534,0.4937775473499126,3.0,2,,82,109,145,164,81,90,-7.96540250979405,1.0986122886681098,0.9319975125142269,True,3,large,0.5309848428280338
BraTS-GLI-02151-100,gmm_2d,prediction_component,155,25,9984.0,2.5060120224403912e-05,7.102621534903521e-08,1.7320508075688772,1,8.660254037844387,0.19999999999999996,0.9548683406603533,1.0,0,,82,87,148,153,124,129,-7.14858132620955,0.0,0.9999479890581185,True,3,large,0.5309848428280338
BraTS-GLI-02151-100,gmm_2d,prediction_component,156,25,9984.0,2.5060120224403912e-05,7.102621534903521e-08,1.7320508075688772,1,8.660254037844387,0.19999999999999996,0.9548683406603533,1.0,0,,82,87,156,161,84,89,-7.14858132620955,0.0,0.9999479890581185,True,3,large,0.5309848428280338
BraTS-GLI-02151-100,gmm_2d,prediction_component,157,25,9984.0,2.5060120224403912e-05,7.102621534903521e-08,1.7320508075688772,1,8.660254037844387,0.19999999999999996,0.9548683406603533,1.0,0,,83,88,90,95,111,116,-7.14858132620955,0.0,0.9999479890581185,True,3,large,0.5309848428280338
BraTS-GLI-02151-100,gmm_2d,prediction_component,158,50,19200.0,1.879395407518313e-05,3.9947416351188576e-08,1.7320508075688772,1,11.916375287812984,0.14535047493345277,0.757879504227687,1.8,0,,83,88,94,103,141,147,-7.39851130397719,0.0,0.9993800248342409,True,3,large,0.5309848428280338
BraTS-GLI-02151-100,gmm_2d,prediction_component,159,25,9984.0,2.5060120224403912e-05,7.102621534903521e-08,1.7320508075688772,1,8.660254037844387,0.19999999999999996,0.9548683406603533,1.0,0,,83,88,139,144,130,135,-7.14858132620955,0.0,0.9999479890581185,True,3,large,0.5309848428280338
BraTS-GLI-02151-100,gmm_2d,prediction_component,160,266,66304.0,1.55801646352708e-05,2.7453420272317462e-08,2.23606797749979,1,25.475478405713993,0.08777334587751072,0.5604720929477012,2.625,2,,83,104,162,174,83,91,-7.561403541455749,1.0986122886681098,0.991002931757163,True,3,large,0.5309848428280338
BraTS-GLI-02151-100,gmm_2d,prediction_component,161,25,9984.0,2.5060120224403912e-05,7.102621534903521e-08,1.7320508075688772,1,8.660254037844387,0.19999999999999996,0.9548683406603533,1.0,0,,84,89,22,27,88,93,-7.14858132620955,0.0,0.9999479890581185,True,3,large,0.5309848428280338
BraTS-GLI-02151-100,gmm_2d,prediction_component,162,25,9984.0,2.5060120224403912e-05,7.102621534903521e-08,1.7320508075688772,1,8.660254037844387,0.19999999999999996,0.9548683406603533,1.0,0,,84,89,70,75,105,110,-7.14858132620955,0.0,0.9999479890581185,True,3,large,0.5309848428280338
BraTS-GLI-02151-100,gmm_2d,prediction_component,163,25,9984.0,2.5060120224403912e-05,7.102621534903521e-08,1.7320508075688772,1,8.660254037844387,0.19999999999999996,0.9548683406603533,1.0,0,,84,89,129,134,108,113,-7.14858132620955,0.0,0.9999479890581185,True,3,large,0.5309848428280338
BraTS-GLI-02151-100,gmm_2d,prediction_component,164,113,29952.0,2.1799157183942534e-05,5.374422185433071e-08,2.23606797749979,1,16.30950643030009,0.13710212427677046,0.7455699417598612,1.375,1,,84,95,169,178,36,44,-7.269668220745773,0.6931471805599453,0.9993772978072277,True,3,large,0.5309848428280338
BraTS-GLI-02151-100,gmm_2d,prediction_component,165,25,9984.0,2.5060120224403912e-05,7.102621534903521e-08,1.7320508075688772,1,8.660254037844387,0.19999999999999996,0.9548683406603533,1.0,0,,85,90,19,24,75,80,-7.14858132620955,0.0,0.9999479890581185,True,3,large,0.5309848428280338
BraTS-GLI-02151-100,gmm_2d,prediction_component,166,38,12544.0,2.7047649416909622e-05,8.273922157753891e-08,1.7320508075688772,1,9.273618495495704,0.18677184190940707,0.8304795924748166,1.2,0,,85,91,63,68,79,84,-7.082288569326049,0.0,0.9999244487787192,True,3,large,0.5309848428280338
BraTS-GLI-02151-100,gmm_2d,prediction_component,167,118,36352.0,1.7025094953339795e-05,3.278169905192178e-08,1.7320508075688772,1,16.186414056238647,0.10700645625096324,0.5692409848501322,1.1111111111111112,0,,85,95,78,87,108,117,-7.4843685410110465,0.0,0.9970342851793916,True,3,large,0.5309848428280338
BraTS-GLI-02151-100,gmm_2d,prediction_component,168,50,17152.0,2.2258600373918718e-05,5.6033542268023926e-08,1.7320508075688772,1,11.575836902790225,0.14962640041614492,0.757879504227687,1.1666666666666667,0,,85,91,85,92,101,108,-7.25155192190457,0.0,0.9996647916661594,True,3,large,0.5309848428280338
BraTS-GLI-02151-100,gmm_2d,prediction_component,169,50,19968.0,1.772018094802615e-05,3.551310767451761e-08,1.7320508075688772,1,12.806248474865697,0.13525044520011484,0.757879504227687,1.3333333333333333,0,,85,93,122,130,147,153,-7.449611321873531,0.0,0.999109878100758,True,3,large,0.5309848428280338
BraTS-GLI-02151-100,gmm_2d,prediction_component,170,38,13824.0,2.3379381024587062e-05,6.181848980958109e-08,1.7320508075688772,1,9.848857801796104,0.17586311452816475,0.8304795924748166,1.2,0,,86,91,33,39,128,134,-7.2088816087094125,0.0,0.9998546895173824,True,3,large,0.5309848428280338
BraTS-GLI-02151-100,gmm_2d,prediction_component,171,56,16384.0,2.6702880859375e-05,8.064335911960217e-08,1.7320508075688772,1,11.0,0.15745916432444337,0.7297836929246639,1.1666666666666667,0,,86,92,59,66,66,72,-7.0934313904133885,0.0,0.9998213183039035,True,3,large,0.5309848428280338
BraTS-GLI-02151-100,gmm_2d,prediction_component,172,38,12544.0,2.7047649416909622e-05,8.273922157753891e-08,1.7320508075688772,1,9.273618495495704,0.18677184190940707,0.8304795924748166,1.2,0,,86,91,64,70,62,67,-7.082288569326049,0.0,0.9999244487787192,True,3,large,0.5309848428280338
BraTS-GLI-02151-100,gmm_2d,prediction_component,173,38,12544.0,2.7047649416909622e-05,8.273922157753891e-08,1.7320508075688772,1,9.273618495495704,0.18677184190940707,0.8304795924748166,1.2,0,,86,91,93,99,153,158,-7.082288569326049,0.0,0.9999244487787192,True,3,large,0.5309848428280338
BraTS-GLI-02151-100,gmm_2d,prediction_component,174,224,53760.0,1.7970457274540474e-05,3.652335209251526e-08,2.23606797749979,1,18.601075237738275,0.12021175920858625,0.5935152274061434,1.3333333333333333,2,,86,97,131,143,141,150,-7.4374293700075595,1.0986122886681098,0.9970412465764791,True,3,large,0.5309848428280338
BraTS-GLI-02151-100,gmm_2d,prediction_component,175,25,9984.0,2.5060120224403912e-05,7.102621534903521e-08,1.7320508075688772,1,8.660254037844387,0.19999999999999996,0.9548683406603533,1.0,0,,86,91,146,151,132,137,-7.14858132620955,0.0,0.9999479890581185,True,3,large,0.5309848428280338
BraTS-GLI-02151-100,gmm_2d,prediction_component,176,384,87552.0,1.4822863772913243e-05,2.4849440117374432e-08,2.8284271247461903,1,27.892651361962706,0.10140402531267877,0.6272838722974592,2.3333333333333335,1,,86,102,174,195,84,93,-7.6046833919074714,0.6931471805599453,0.994297355906907,True,3,large,0.5309848428280338
BraTS-GLI-02151-100,gmm_2d,prediction_component,177,38,13824.0,2.3379381024587062e-05,6.181848980958109e-08,1.7320508075688772,1,9.848857801796104,0.17586311452816475,0.8304795924748166,1.2,0,,87,93,26,31,56,62,-7.2088816087094125,0.0,0.9998546895173824,True,3,large,0.5309848428280338
BraTS-GLI-02151-100,gmm_2d,prediction_component,178,110,30464.0,2.068770406732193e-05,4.8403522019039846e-08,2.23606797749979,1,14.798648586948742,0.15109947130387485,0.7522871499249434,1.5714285714285714,1,,87,94,56,63,35,46,-7.31512303633527,0.6931471805599453,0.9994331847356731,True,3,large,0.5309848428280338
BraTS-GLI-02151-100,gmm_2d,prediction_component,179,25,9984.0,2.5060120224403912e-05,7.102621534903521e-08,1.7320508075688772,1,8.660254037844387,0.19999999999999996,0.9548683406603533,1.0,0,,87,92,66,71,111,116,-7.14858132620955,0.0,0.9999479890581185,True,3,large,0.5309848428280338
BraTS-GLI-02151-100,gmm_2d,prediction_component,180,59,18944.0,2.2627912155185472e-05,5.790837013292587e-08,1.7320508075688772,1,11.575836902790225,0.14962640041614492,0.71719869927557,1.1666666666666667,0,,87,93,84,91,37,44,-7.237258658382768,0.0,0.9996386965276575,True,3,large,0.5309848428280338
BraTS-GLI-02151-100,gmm_2d,prediction_component,181,167,42496.0,1.9063137970773366e-05,4.1099936955727785e-08,2.23606797749979,1,16.881943016134134,0.13245323570650439,0.6545493283455707,1.375,1,,87,95,86,97,122,132,-7.386158844299127,0.6931471805599453,0.998622127389784,True,3,large,0.5309848428280338
BraTS-GLI-02151-100,gmm_2d,prediction_component,182,532,151296.0,9.040042307962016e-06,9.242581726701557e-09,2.23606797749979,1,32.77193921634788,0.0682311767618669,0.4448469949719997,1.4375,2,,87,103,95,112,23,46,-8.034206700527797,1.0986122886681098,0.9055270934486832,True,3,large,0.5309848428280338
BraTS-GLI-02151-100,gmm_2d,prediction_component,183,25,9984.0,2.5060120224403912e-05,7.102621534903521e-08,1.7320508075688772,1,8.660254037844387,0.19999999999999996,0.9548683406603533,1.0,0,,87,92,133,138,48,53,-7.14858132620955,0.0,0.9999479890581185,True,3,large,0.5309848428280338
BraTS-GLI-02151-100,gmm_2d,prediction_component,184,346,82688.0,1.455165425226691e-05,2.394843334771304e-08,2.449489742783178,1,26.38181191654584,0.09284766908852592,0.5624446568095207,2.0,1,,87,107,130,144,28,38,-7.620722891881883,0.6931471805599453,0.9914346201042687,True,3,large,0.5309848428280338
BraTS-GLI-02151-100,gmm_2d,prediction_component,185,38,12544.0,2.7047649416909622e-05,8.273922157753891e-08,1.7320508075688772,1,9.273618495495704,0.18677184190940707,0.8304795924748166,1.2,0,,87,92,149,155,53,58,-7.082288569326049,0.0,0.9999244487787192,True,3,large,0.5309848428280338
BraTS-GLI-02151-100,gmm_2d,prediction_component,186,25,9984.0,2.5060120224403912e-05,7.102621534903521e-08,1.7320508075688772,1,8.660254037844387,0.19999999999999996,0.9548683406603533,1.0,0,,88,93,20,25,71,76,-7.14858132620955,0.0,0.9999479890581185,True,3,large,0.5309848428280338
BraTS-GLI-02151-100,gmm_2d,prediction_component,187,25,9984.0,2.5060120224403912e-05,7.102621534903521e-08,1.7320508075688772,1,8.660254037844387,0.19999999999999996,0.9548683406603533,1.0,0,,88,93,21,26,92,97,-7.14858132620955,0.0,0.9999479890581185,True,3,large,0.5309848428280338
BraTS-GLI-02151-100,gmm_2d,prediction_component,188,63,23808.0,1.7149686231523227e-05,3.326325389754192e-08,1.7320508075688772,1,14.071247279470288,0.12309149097933272,0.7016868116919668,1.5,0,,88,97,79,85,31,40,-7.478035269228769,0.0,0.9985476950661105,True,3,large,0.5309848428280338
BraTS-GLI-02151-100,gmm_2d,prediction_component,189,25,9984.0,2.5060120224403912e-05,7.102621534903521e-08,1.7320508075688772,1,8.660254037844387,0.19999999999999996,0.9548683406603533,1.0,0,,88,93,87,92,108,113,-7.14858132620955,0.0,0.9999479890581185,True,3,large,0.5309848428280338
BraTS-GLI-02151-100,gmm_2d,prediction_component,190,50,17152.0,2.2258600373918718e-05,5.6033542268023926e-08,1.7320508075688772,1,11.575836902790225,0.14962640041614492,0.757879504227687,1.1666666666666667,0,,88,94,89,96,83,90,-7.25155192190457,0.0,0.9996647916661594,True,3,large,0.5309848428280338
BraTS-GLI-02151-100,gmm_2d,prediction_component,191,25,9984.0,2.5060120224403912e-05,7.102621534903521e-08,1.7320508075688772,1,8.660254037844387,0.19999999999999996,0.9548683406603533,1.0,0,,88,93,127,132,46,51,-7.14858132620955,0.0,0.9999479890581185,True,3,large,0.5309848428280338
BraTS-GLI-02151-100,gmm_2d,prediction_component,192,25,9984.0,2.5060120224403912e-05,7.102621534903521e-08,1.7320508075688772,1,8.660254037844387,0.19999999999999996,0.9548683406603533,1.0,0,,88,93,151,156,35,40,-7.14858132620955,0.0,0.9999479890581185,True,3,large,0.5309848428280338
BraTS-GLI-02151-100,gmm_2d,prediction_component,193,25,9984.0,2.5060120224403912e-05,7.102621534903521e-08,1.7320508075688772,1,8.660254037844387,0.19999999999999996,0.9548683406603533,1.0,0,,88,93,176,181,79,84,-7.14858132620955,0.0,0.9999479890581185,True,3,large,0.5309848428280338
BraTS-GLI-02151-100,gmm_2d,prediction_component,194,707,161792.0,1.0863852197424801e-05,1.3348119014991704e-08,2.23606797749979,1,39.774363602702685,0.05621882476449851,0.4046144611750887,1.5,3,,89,112,24,42,107,134,-7.874579929727484,1.3862943611198906,0.9162020573590204,True,3,large,0.5309848428280338
BraTS-GLI-02151-100,gmm_2d,prediction_component,195,44,13824.0,2.7070862238995545e-05,8.288129935688987e-08,1.7320508075688772,1,10.392304845413264,0.16666666666666666,0.7908715233027805,1.0,0,,89,95,42,48,38,44,-7.081543448970658,0.0,0.999879473577284,True,3,large,0.5309848428280338
BraTS-GLI-02151-100,gmm_2d,prediction_component,196,71,22272.0,2.1360898766804574e-05,5.160495659578642e-08,1.7320508075688772,1,12.727922061357855,0.13608276348795434,0.6742755017744779,1.1428571428571428,0,,89,96,113,121,33,40,-7.287308582891833,0.0,0.9993726954874937,True,3,large,0.5309848428280338
BraTS-GLI-02151-100,gmm_2d,prediction_component,197,144,36864.0,2.0345052083333332e-05,4.681337853654911e-08,1.7320508075688772,1,15.7797338380595,0.10976425998969035,0.5326836085236053,1.4285714285714286,0,,89,99,147,154,121,131,-7.329630014569378,0.0,0.9982045906373428,True,3,large,0.5309848428280338
BraTS-GLI-02151-100,gmm_2d,prediction_component,198,25,9984.0,2.5060120224403912e-05,7.102621534903521e-08,1.7320508075688772,1,8.660254037844387,0.19999999999999996,0.9548683406603533,1.0,0,,90,95,41,46,102,107,-7.14858132620955,0.0,0.9999479890581185,True,3,large,0.5309848428280338
BraTS-GLI-02151-100,gmm_2d,prediction_component,199,25,9984.0,2.5060120224403912e-05,7.102621534903521e-08,1.7320508075688772,1,8.660254037844387,0.19999999999999996,0.9548683406603533,1.0,0,,90,95,100,105,121,126,-7.14858132620955,0.0,0.9999479890581185,True,3,large,0.5309848428280338
BraTS-GLI-02151-100,gmm_2d,prediction_component,200,82,27648.0,1.78368545620951e-05,3.5982299643319184e-08,1.7320508075688772,1,15.362291495737216,0.11274690420042432,0.6426663285123421,1.6666666666666667,0,,91,97,29,39,47,57,-7.443911084167543,0.0,0.9981595658327401,True,3,large,0.5309848428280338
BraTS-GLI-02151-100,gmm_2d,prediction_component,201,275,69120.0,1.5133072043981548e-05,2.590040604902808e-08,2.23606797749979,1,22.22611077089287,0.10060545457319171,0.5542899112691789,1.5,2,,91,101,86,99,92,107,-7.586693427290564,1.0986122886681098,0.9919158245143426,True,3,large,0.5309848428280338
BraTS-GLI-02151-100,gmm_2d,prediction_component,202,65,20480.0,2.2177798238752185e-05,5.5627459964133747e-08,1.7320508075688772,1,11.575836902790225,0.14962640041614492,0.6944149224264771,1.1666666666666667,0,,91,98,118,125,83,89,-7.254710770164247,0.0,0.9995861486787,True,3,large,0.5309848428280338
BraTS-GLI-02151-100,gmm_2d,prediction_component,203,25,9984.0,2.5060120224403912e-05,7.102621534903521e-08,1.7320508075688772,1,8.660254037844387,0.19999999999999996,0.9548683406603533,1.0,0,,91,96,191,196,101,106,-7.14858132620955,0.0,0.9999479890581185,True,3,large,0.5309848428280338
BraTS-GLI-02151-100,gmm_2d,prediction_component,204,360,104448.0,1.0664789999317926e-05,1.2863435991113636e-08,2.23606797749979,1,32.93933818400121,0.06788442333021306,0.5066954895460812,2.7,1,,92,119,40,56,133,143,-7.890643010209193,0.6931471805599453,0.9590046576383161,True,3,large,0.5309848428280338
BraTS-GLI-02151-100,gmm_2d,prediction_component,205,109,28928.0,2.2153833365124643e-05,5.550730513443064e-08,2.23606797749979,1,13.45362404707371,0.1662056238286334,0.7545807224999054,1.5,1,,92,98,87,95,70,79,-7.25564985704314,0.6931471805599453,0.9996513038217263,True,3,large,0.5309848428280338
BraTS-GLI-02151-100,gmm_2d,prediction_component,206,229,65792.0,1.3569875069856844e-05,2.082591407477427e-08,2.23606797749979,1,20.024984394500787,0.11166390612088833,0.5891637862450719,2.3333333333333335,2,,92,105,95,109,82,88,-7.681395927788235,1.0986122886681098,0.9915083657359509,True,3,large,0.5309848428280338
BraTS-GLI-02151-100,gmm_2d,prediction_component,207,51,15104.0,2.7474652658327337e-05,8.537226323330647e-08,2.23606797749979,1,9.9498743710662,0.22473328748774737,0.9719810843490212,1.4,1,,92,97,109,116,25,30,-7.068683205204687,0.6931471805599453,0.9999676340917235,True,3,large,0.5309848428280338
BraTS-GLI-02151-100,gmm_2d,prediction_component,208,360,72704.0,1.8363905224858126e-05,3.814015546115576e-08,2.449489742783178,1,22.22611077089287,0.11020775375559674,0.5550570988210235,1.5,1,,93,106,22,32,61,76,-7.418617541080666,0.6931471805599453,0.996894902724191,True,3,large,0.5309848428280338
BraTS-GLI-02151-100,gmm_2d,prediction_component,209,63,19200.0,2.3680382134730743e-05,6.342051819914697e-08,1.7320508075688772,1,11.575836902790225,0.14962640041614492,0.7016868116919668,1.1666666666666667,0,,93,99,78,85,150,157,-7.197770213742064,0.0,0.999672045778234,True,3,large,0.5309848428280338
BraTS-GLI-02151-100,gmm_2d,prediction_component,210,117,28672.0,2.4098992125418297e-05,6.568256934540573e-08,2.23606797749979,1,13.601470508735444,0.1643989873053573,0.7369747096728664,1.6666666666666667,2,,93,99,135,145,83,90,-7.182549866992349,1.0986122886681098,0.9996541800555201,True,3,large,0.5309848428280338
BraTS-GLI-02151-100,gmm_2d,prediction_component,211,38,13824.0,2.3379381024587062e-05,6.181848980958109e-08,1.7320508075688772,1,9.848857801796104,0.17586311452816475,0.8304795924748166,1.2,0,,94,100,87,92,151,157,-7.2088816087094125,0.0,0.9998546895173824,True,3,large,0.5309848428280338
BraTS-GLI-02151-100,gmm_2d,prediction_component,212,25,9984.0,2.5060120224403912e-05,7.102621534903521e-08,1.7320508075688772,1,8.660254037844387,0.19999999999999996,0.9548683406603533,1.0,0,,94,99,127,132,50,55,-7.14858132620955,0.0,0.9999479890581185,True,3,large,0.5309848428280338
BraTS-GLI-02151-100,gmm_2d,prediction_component,213,25,9984.0,2.5060120224403912e-05,7.102621534903521e-08,1.7320508075688772,1,8.660254037844387,0.19999999999999996,0.9548683406603533,1.0,0,,94,99,148,153,134,139,-7.14858132620955,0.0,0.9999479890581185,True,3,large,0.5309848428280338
BraTS-GLI-02151-100,gmm_2d,prediction_component,214,191,61440.0,1.2541704290188541e-05,1.7789571483248418e-08,1.7320508075688772,1,25.80697580112788,0.06711560552140243,0.484818341290492,2.7142857142857144,0,,95,111,90,97,30,49,-7.74983451311349,0.0,0.9799358475656866,True,3,large,0.5309848428280338
BraTS-GLI-02151-100,gmm_2d,prediction_component,215,115,36608.0,1.6418513567870316e-05,3.048737592277295e-08,1.7320508075688772,1,16.431676725154983,0.10540925533894598,0.5741484768241579,1.5714285714285714,0,,95,106,102,112,47,54,-7.51587995416209,0.0,0.9966299822120083,True,3,large,0.5309848428280338
BraTS-GLI-02151-100,gmm_2d,prediction_component,216,25,9984.0,2.5060120224403912e-05,7.102621534903521e-08,1.7320508075688772,1,8.660254037844387,0.19999999999999996,0.9548683406603533,1.0,0,,96,101,67,72,113,118,-7.14858132620955,0.0,0.9999479890581185,True,3,large,0.5309848428280338
BraTS-GLI-02151-100,gmm_2d,prediction_component,217,38,12544.0,2.7047649416909622e-05,8.273922157753891e-08,1.7320508075688772,1,9.273618495495704,0.18677184190940707,0.8304795924748166,1.2,0,,96,102,87,92,50,55,-7.082288569326049,0.0,0.9999244487787192,True,3,large,0.5309848428280338
BraTS-GLI-02151-100,gmm_2d,prediction_component,218,25,9984.0,2.5060120224403912e-05,7.102621534903521e-08,1.7320508075688772,1,8.660254037844387,0.19999999999999996,0.9548683406603533,1.0,0,,96,101,125,130,125,130,-7.14858132620955,0.0,0.9999479890581185,True,3,large,0.5309848428280338
BraTS-GLI-02151-100,gmm_2d,prediction_component,219,25,9984.0,2.5060120224403912e-05,7.102621534903521e-08,1.7320508075688772,1,8.660254037844387,0.19999999999999996,0.9548683406603533,1.0,0,,97,102,33,38,87,92,-7.14858132620955,0.0,0.9999479890581185,True,3,large,0.5309848428280338
BraTS-GLI-02151-100,gmm_2d,prediction_component,220,101,31232.0,1.829876078680194e-05,3.787003731644532e-08,1.7320508075688772,1,14.594519519326424,0.11867816581938533,0.5995375274776799,1.4285714285714286,0,,97,105,73,83,27,34,-7.421704266933087,0.0,0.9982464268374179,True,3,large,0.5309848428280338
BraTS-GLI-02151-100,gmm_2d,prediction_component,221,25,9984.0,2.5060120224403912e-05,7.102621534903521e-08,1.7320508075688772,1,8.660254037844387,0.19999999999999996,0.9548683406603533,1.0,0,,97,102,134,139,145,150,-7.14858132620955,0.0,0.9999479890581185,True,3,large,0.5309848428280338
BraTS-GLI-02151-100,gmm_2d,prediction_component,222,25,9984.0,2.5060120224403912e-05,7.102621534903521e-08,1.7320508075688772,1,8.660254037844387,0.19999999999999996,0.9548683406603533,1.0,0,,97,102,136,141,137,142,-7.14858132620955,0.0,0.9999479890581185,True,3,large,0.5309848428280338
BraTS-GLI-02151-100,gmm_2d,prediction_component,223,89,26368.0,2.0786157879963898e-05,4.8865327826504504e-08,2.23606797749979,1,13.74772708486752,0.16265001215808886,0.8073302083758999,2.0,1,,98,106,24,29,100,110,-7.310999183299819,0.6931471805599453,0.9996148073327443,True,3,large,0.5309848428280338
BraTS-GLI-02151-100,gmm_2d,prediction_component,224,25,9984.0,2.5060120224403912e-05,7.102621534903521e-08,1.7320508075688772,1,8.660254037844387,0.19999999999999996,0.9548683406603533,1.0,0,,98,103,96,101,48,53,-7.14858132620955,0.0,0.9999479890581185,True,3,large,0.5309848428280338
BraTS-GLI-02151-100,gmm_2d,prediction_component,225,64,18944.0,2.4545531829353735e-05,6.813923701938073e-08,2.23606797749979,1,11.180339887498949,0.2,0.9011308970908855,1.6,1,,98,103,124,130,138,146,-7.166602733699282,0.6931471805599453,0.9999112832622442,True,3,large,0.5309848428280338
BraTS-GLI-02151-100,gmm_2d,prediction_component,226,56,16384.0,2.6702880859375e-05,8.064335911960217e-08,1.7320508075688772,1,11.0,0.15745916432444337,0.7297836929246639,1.1666666666666667,0,,98,104,125,132,147,153,-7.0934313904133885,0.0,0.9998213183039035,True,3,large,0.5309848428280338
BraTS-GLI-02151-100,gmm_2d,prediction_component,227,25,9984.0,2.5060120224403912e-05,7.102621534903521e-08,1.7320508075688772,1,8.660254037844387,0.19999999999999996,0.9548683406603533,1.0,0,,99,104,73,78,110,115,-7.14858132620955,0.0,0.9999479890581185,True,3,large,0.5309848428280338
BraTS-GLI-02151-100,gmm_2d,prediction_component,228,440,92416.0,1.566144846187491e-05,2.7740623928231477e-08,2.449489742783178,1,29.58039891549808,0.0828078671210825,0.5191437176185225,2.090909090909091,3,,99,114,77,100,101,112,-7.556883775218727,1.3862943611198906,0.9876217190762341,True,3,large,0.5309848428280338
BraTS-GLI-02151-100,gmm_2d,prediction_component,229,25,9984.0,2.5060120224403912e-05,7.102621534903521e-08,1.7320508075688772,1,8.660254037844387,0.19999999999999996,0.9548683406603533,1.0,0,,99,104,85,90,26,31,-7.14858132620955,0.0,0.9999479890581185,True,3,large,0.5309848428280338
BraTS-GLI-02151-100,gmm_2d,prediction_component,230,25,9984.0,2.5060120224403912e-05,7.102621534903521e-08,1.7320508075688772,1,8.660254037844387,0.19999999999999996,0.9548683406603533,1.0,0,,99,104,164,169,77,82,-7.14858132620955,0.0,0.9999479890581185,True,3,large,0.5309848428280338
BraTS-GLI-02151-100,gmm_2d,prediction_component,231,154,46336.0,1.5439844090186845e-05,2.6961136463410964e-08,1.7320508075688772,1,20.445048300260872,0.08471737420873575,0.5208946819129552,1.7777777777777777,0,,100,109,45,61,69,78,-7.569261805408755,0.0,0.9931041995732866,True,3,large,0.5309848428280338
BraTS-GLI-02151-100,gmm_2d,prediction_component,232,25,9984.0,2.5060120224403912e-05,7.102621534903521e-08,1.7320508075688772,1,8.660254037844387,0.19999999999999996,0.9548683406603533,1.0,0,,100,105,89,94,99,104,-7.14858132620955,0.0,0.9999479890581185,True,3,large,0.5309848428280338
BraTS-GLI-02151-100,gmm_2d,prediction_component,233,127,36352.0,1.832361914469622e-05,3.7972997989690204e-08,1.7320508075688772,1,16.55294535724685,0.10463701596227336,0.5554635816050737,1.7142857142857142,0,,100,109,95,107,91,98,-7.420525113711383,0.0,0.9974498354336161,True,3,large,0.5309848428280338
BraTS-GLI-02151-100,gmm_2d,prediction_component,234,25,9984.0,2.5060120224403912e-05,7.102621534903521e-08,1.7320508075688772,1,8.660254037844387,0.19999999999999996,0.9548683406603533,1.0,0,,101,106,34,39,50,55,-7.14858132620955,0.0,0.9999479890581185,True,3,large,0.5309848428280338
BraTS-GLI-02151-100,gmm_2d,prediction_component,235,126,41728.0,1.4781863601550912e-05,2.4712162696426395e-08,1.7320508075688772,1,19.672315572906,0.08804509063256238,0.55692919151602,2.4285714285714284,0,,101,118,63,70,30,37,-7.607089245450875,0.0,0.9933122785335593,True,3,large,0.5309848428280338
BraTS-GLI-02151-100,gmm_2d,prediction_component,236,38,13824.0,2.3379381024587062e-05,6.181848980958109e-08,1.7320508075688772,1,9.848857801796104,0.17586311452816475,0.8304795924748166,1.2,0,,101,107,74,80,150,155,-7.2088816087094125,0.0,0.9998546895173824,True,3,large,0.5309848428280338
BraTS-GLI-02151-100,gmm_2d,prediction_component,237,25,9984.0,2.5060120224403912e-05,7.102621534903521e-08,1.7320508075688772,1,8.660254037844387,0.19999999999999996,0.9548683406603533,1.0,0,,101,106,174,179,80,85,-7.14858132620955,0.0,0.9999479890581185,True,3,large,0.5309848428280338
BraTS-GLI-02151-100,gmm_2d,prediction_component,238,59,19456.0,2.1740607489918187e-05,5.3455909614067176e-08,1.7320508075688772,1,11.74734012447073,0.14744195615489714,0.71719869927557,1.6,0,,101,108,186,194,87,92,-7.272004276032213,0.0,0.9995736434878922,True,3,large,0.5309848428280338
BraTS-GLI-02151-100,gmm_2d,prediction_component,239,38,12544.0,2.7047649416909622e-05,8.273922157753891e-08,1.7320508075688772,1,9.273618495495704,0.18677184190940707,0.8304795924748166,1.2,0,,102,108,37,42,88,93,-7.082288569326049,0.0,0.9999244487787192,True,3,large,0.5309848428280338
BraTS-GLI-02151-100,gmm_2d,prediction_component,240,25,9984.0,2.5060120224403912e-05,7.102621534903521e-08,1.7320508075688772,1,8.660254037844387,0.19999999999999996,0.9548683406603533,1.0,0,,102,107,66,71,149,154,-7.14858132620955,0.0,0.9999479890581185,True,3,large,0.5309848428280338
BraTS-GLI-02151-100,gmm_2d,prediction_component,241,38,12544.0,2.7047649416909622e-05,8.273922157753891e-08,1.7320508075688772,1,9.273618495495704,0.18677184190940707,0.8304795924748166,1.2,0,,102,107,110,116,76,81,-7.082288569326049,0.0,0.9999244487787192,True,3,large,0.5309848428280338
BraTS-GLI-02151-100,gmm_2d,prediction_component,242,321,86528.0,1.261159553293119e-05,1.7988396077019418e-08,2.23606797749979,1,27.586228448267445,0.0810574008582977,0.5264367441313987,1.5833333333333333,3,,102,114,106,125,86,102,-7.745007558497347,1.3862943611198906,0.9753662792531165,True,3,large,0.5309848428280338
BraTS-GLI-02151-100,gmm_2d,prediction_component,243,96,33536.0,1.5631632693124488e-05,2.7635101029882004e-08,1.7320508075688772,1,16.881943016134134,0.1025978352085154,0.6097705134516743,1.375,0,,103,111,104,114,141,152,-7.558538943362284,0.0,0.9962999268776429,True,3,large,0.5309848428280338
BraTS-GLI-02151-100,gmm_2d,prediction_component,244,25,9984.0,2.5060120224403912e-05,7.102621534903521e-08,1.7320508075688772,1,8.660254037844387,0.19999999999999996,0.9548683406603533,1.0,0,,103,108,121,126,123,128,-7.14858132620955,0.0,0.9999479890581185,True,3,large,0.5309848428280338
BraTS-GLI-02151-100,gmm_2d,prediction_component,245,87,26624.0,2.0026695553145202e-05,4.5359782648046505e-08,1.7320508075688772,1,13.45362404707371,0.12874232262686236,0.6301110265841786,1.5,0,,103,112,157,165,135,141,-7.343329035133231,0.0,0.9989954167059535,True,3,large,0.5309848428280338
BraTS-GLI-02151-100,gmm_2d,prediction_component,246,25,9984.0,2.5060120224403912e-05,7.102621534903521e-08,1.7320508075688772,1,8.660254037844387,0.19999999999999996,0.9548683406603533,1.0,0,,104,109,40,45,131,136,-7.14858132620955,0.0,0.9999479890581185,True,3,large,0.5309848428280338
BraTS-GLI-02151-100,gmm_2d,prediction_component,247,25,9984.0,2.5060120224403912e-05,7.102621534903521e-08,1.7320508075688772,1,8.660254037844387,0.19999999999999996,0.9548683406603533,1.0,0,,104,109,47,52,97,102,-7.14858132620955,0.0,0.9999479890581185,True,3,large,0.5309848428280338
BraTS-GLI-02151-100,gmm_2d,prediction_component,248,258,69376.0,1.4119061231688829e-05,2.2545715209632952e-08,2.23606797749979,1,26.28687885618983,0.0850640347883392,0.5662062208629538,2.3333333333333335,3,,104,117,78,99,85,94,-7.646935983170884,1.3862943611198906,0.9857112308943533,True,3,large,0.5309848428280338
BraTS-GLI-02151-100,gmm_2d,prediction_component,249,25,9984.0,2.5060120224403912e-05,7.102621534903521e-08,1.7320508075688772,1,8.660254037844387,0.19999999999999996,0.9548683406603533,1.0,0,,104,109,124,129,148,153,-7.14858132620955,0.0,0.9999479890581185,True,3,large,0.5309848428280338
BraTS-GLI-02151-100,gmm_2d,prediction_component,250,25,9984.0,2.5060120224403912e-05,7.102621534903521e-08,1.7320508075688772,1,8.660254037844387,0.19999999999999996,0.9548683406603533,1.0,0,,104,109,167,172,40,45,-7.14858132620955,0.0,0.9999479890581185,True,3,large,0.5309848428280338
BraTS-GLI-02151-100,gmm_2d,prediction_component,251,25,9984.0,2.5060120224403912e-05,7.102621534903521e-08,1.7320508075688772,1,8.660254037844387,0.19999999999999996,0.9548683406603533,1.0,0,,105,110,58,63,32,37,-7.14858132620955,0.0,0.9999479890581185,True,3,large,0.5309848428280338
BraTS-GLI-02151-100,gmm_2d,prediction_component,252,25,9984.0,2.5060120224403912e-05,7.102621534903521e-08,1.7320508075688772,1,8.660254037844387,0.19999999999999996,0.9548683406603533,1.0,0,,105,110,80,85,148,153,-7.14858132620955,0.0,0.9999479890581185,True,3,large,0.5309848428280338
BraTS-GLI-02151-100,gmm_2d,prediction_component,253,51,15104.0,2.7474652658327337e-05,8.537226323330647e-08,2.23606797749979,1,9.9498743710662,0.22473328748774737,0.9719810843490212,1.4,1,,105,110,138,145,31,36,-7.068683205204687,0.6931471805599453,0.9999676340917235,True,3,large,0.5309848428280338
BraTS-GLI-02151-100,gmm_2d,prediction_component,254,25,9984.0,2.5060120224403912e-05,7.102621534903521e-08,1.7320508075688772,1,8.660254037844387,0.19999999999999996,0.9548683406603533,1.0,0,,105,110,149,154,34,39,-7.14858132620955,0.0,0.9999479890581185,True,3,large,0.5309848428280338
BraTS-GLI-02151-100,gmm_2d,prediction_component,255,25,9984.0,2.5060120224403912e-05,7.102621534903521e-08,1.7320508075688772,1,8.660254037844387,0.19999999999999996,0.9548683406603533,1.0,0,,107,112,37,42,126,131,-7.14858132620955,0.0,0.9999479890581185,True,3,large,0.5309848428280338
BraTS-GLI-02151-100,gmm_2d,prediction_component,256,63,23808.0,1.7149686231523227e-05,3.326325389754192e-08,1.7320508075688772,1,13.45362404707371,0.12874232262686236,0.7016868116919668,1.5,0,,107,116,39,45,45,53,-7.478035269228769,0.0,0.9986819299049148,True,3,large,0.5309848428280338
BraTS-GLI-02151-100,gmm_2d,prediction_component,257,25,9984.0,2.5060120224403912e-05,7.102621534903521e-08,1.7320508075688772,1,8.660254037844387,0.19999999999999996,0.9548683406603533,1.0,0,,107,112,53,58,35,40,-7.14858132620955,0.0,0.9999479890581185,True,3,large,0.5309848428280338
BraTS-GLI-02151-100,gmm_2d,prediction_component,258,44,13824.0,2.7070862238995545e-05,8.288129935688987e-08,1.7320508075688772,1,10.392304845413264,0.16666666666666666,0.7908715233027805,1.0,0,,107,113,62,68,145,151,-7.081543448970658,0.0,0.999879473577284,True,3,large,0.5309848428280338
BraTS-GLI-02151-100,gmm_2d,prediction_component,259,25,9984.0,2.5060120224403912e-05,7.102621534903521e-08,1.7320508075688772,1,8.660254037844387,0.19999999999999996,0.9548683406603533,1.0,0,,107,112,99,104,151,156,-7.14858132620955,0.0,0.9999479890581185,True,3,large,0.5309848428280338
BraTS-GLI-02151-100,gmm_2d,prediction_component,260,63,23808.0,1.7149686231523227e-05,3.326325389754192e-08,1.7320508075688772,1,14.352700094407323,0.12067769800636945,0.7016868116919668,1.8333333333333333,0,,107,114,100,111,119,125,-7.478035269228769,0.0,0.9984862728653171,True,3,large,0.5309848428280338
BraTS-GLI-02151-100,gmm_2d,prediction_component,261,25,9984.0,2.5060120224403912e-05,7.102621534903521e-08,1.7320508075688772,1,8.660254037844387,0.19999999999999996,0.9548683406603533,1.0,0,,107,112,118,123,149,154,-7.14858132620955,0.0,0.9999479890581185,True,3,large,0.5309848428280338
BraTS-GLI-02151-100,gmm_2d,prediction_component,262,44,13824.0,2.7070862238995545e-05,8.288129935688987e-08,1.7320508075688772,1,10.392304845413264,0.16666666666666666,0.7908715233027805,1.0,0,,108,114,27,33,100,106,-7.081543448970658,0.0,0.999879473577284,True,3,large,0.5309848428280338
BraTS-GLI-02151-100,gmm_2d,prediction_component,263,65,19456.0,2.3951516726181054e-05,6.488113131842397e-08,1.7320508075688772,1,12.206555615733702,0.14189513095212064,0.6944149224264771,1.3333333333333333,0,,108,116,34,41,52,58,-7.18788158603079,0.0,0.999630527114077,True,3,large,0.5309848428280338
BraTS-GLI-02151-100,gmm_2d,prediction_component,264,25,9984.0,2.5060120224403912e-05,7.102621534903521e-08,1.7320508075688772,1,8.660254037844387,0.19999999999999996,0.9548683406603533,1.0,0,,108,113,111,116,71,76,-7.14858132620955,0.0,0.9999479890581185,True,3,large,0.5309848428280338
BraTS-GLI-02151-100,gmm_2d,prediction_component,265,100,28160.0,2.1161722950230652e-05,5.064708121159333e-08,1.7320508075688772,1,14.071247279470288,0.12309149097933272,0.6015293611380839,1.4285714285714286,0,,108,118,113,120,27,34,-7.2954455779488026,0.0,0.998985011465078,True,3,large,0.5309848428280338
BraTS-GLI-02151-100,gmm_2d,prediction_component,266,142,42752.0,1.6063999786537388e-05,2.9185003709697875e-08,1.7320508075688772,1,17.0,0.10188534162169866,0.5351728204165959,1.5,0,,108,117,125,137,29,37,-7.534840247150765,0.0,0.995664950655473,True,3,large,0.5309848428280338
BraTS-GLI-02151-100,gmm_2d,prediction_component,267,87,24064.0,2.3305988308395068e-05,6.143097693744664e-08,1.7320508075688772,1,13.92838827718412,0.12435400084345173,0.6301110265841786,1.2857142857142858,0,,108,115,150,159,81,89,-7.211612578035987,0.0,0.9993331598462574,True,3,large,0.5309848428280338
BraTS-GLI-02151-100,gmm_2d,prediction_component,268,60,17152.0,2.6710320448702462e-05,8.068830086595445e-08,2.23606797749979,1,10.488088481701515,0.21320071635561044,0.9207268083493462,1.4,1,,109,116,28,33,74,80,-7.093189429809319,0.6931471805599453,0.999949271271814,True,3,large,0.5309848428280338
BraTS-GLI-02151-100,gmm_2d,prediction_component,269,176,48384.0,1.6537125169449378e-05,3.092946448303762e-08,2.0,1,18.973665961010276,0.10540925533894598,0.5752924080617492,1.75,1,,109,123,36,46,79,87,-7.509627599365561,0.6931471805599453,0.9955798804886985,True,3,large,0.5309848428280338
BraTS-GLI-02151-100,gmm_2d,prediction_component,270,25,9984.0,2.5060120224403912e-05,7.102621534903521e-08,1.7320508075688772,1,8.660254037844387,0.19999999999999996,0.9548683406603533,1.0,0,,110,115,184,189,85,90,-7.14858132620955,0.0,0.9999479890581185,True,3,large,0.5309848428280338
BraTS-GLI-02151-100,gmm_2d,prediction_component,271,25,9984.0,2.5060120224403912e-05,7.102621534903521e-08,1.7320508075688772,1,8.660254037844387,0.19999999999999996,0.9548683406603533,1.0,0,,111,116,34,39,63,68,-7.14858132620955,0.0,0.9999479890581185,True,3,large,0.5309848428280338
BraTS-GLI-02151-100,gmm_2d,prediction_component,272,25,9984.0,2.5060120224403912e-05,7.102621534903521e-08,1.7320508075688772,1,8.660254037844387,0.19999999999999996,0.9548683406603533,1.0,0,,111,116,45,50,70,75,-7.14858132620955,0.0,0.9999479890581185,True,3,large,0.5309848428280338
BraTS-GLI-02151-100,gmm_2d,prediction_component,273,44,13824.0,2.7070862238995545e-05,8.288129935688987e-08,1.7320508075688772,1,10.392304845413264,0.16666666666666666,0.7908715233027805,1.0,0,,111,117,62,68,132,138,-7.081543448970658,0.0,0.999879473577284,True,3,large,0.5309848428280338
BraTS-GLI-02151-100,gmm_2d,prediction_component,274,716,172288.0,1.0012222170436582e-05,1.1337396345782483e-08,2.23606797749979,1,38.600518131237564,0.057928444636349226,0.4029119959010725,3.111111111111111,6,,111,139,159,184,84,93,-7.945486670530347,1.9459101490553132,0.8713713314568259,True,3,large,0.5309848428280338
BraTS-GLI-02151-100,gmm_2d,prediction_component,275,25,9984.0,2.5060120224403912e-05,7.102621534903521e-08,1.7320508075688772,1,8.660254037844387,0.19999999999999996,0.9548683406603533,1.0,0,,112,117,37,42,88,93,-7.14858132620955,0.0,0.9999479890581185,True,3,large,0.5309848428280338
BraTS-GLI-02151-100,gmm_2d,prediction_component,276,84,28160.0,1.7775847278193747e-05,3.573658050290025e-08,1.7320508075688772,1,13.92838827718412,0.12435400084345173,0.6375247776221004,1.2857142857142858,0,,112,121,39,46,125,133,-7.446887005825039,0.0,0.9984505263067015,True,3,large,0.5309848428280338
BraTS-GLI-02151-100,gmm_2d,prediction_component,277,78,21248.0,2.5183582805428296e-05,7.17277826924301e-08,2.23606797749979,1,11.180339887498949,0.2,0.8436254465641368,1.6,1,,112,120,59,65,89,94,-7.144312594221389,0.6931471805599453,0.9999021183690024,True,3,large,0.5309848428280338
BraTS-GLI-02151-100,gmm_2d,prediction_component,278,38,12544.0,2.7047649416909622e-05,8.273922157753891e-08,1.7320508075688772,1,9.273618495495704,0.18677184190940707,0.8304795924748166,1.2,0,,112,117,105,111,83,88,-7.082288569326049,0.0,0.9999244487787192,True,3,large,0.5309848428280338
BraTS-GLI-02151-100,gmm_2d,prediction_component,279,206,61440.0,1.3526654888894448e-05,2.069346387059373e-08,2.23606797749979,1,20.518284528683193,0.10897928500669322,0.6103216815891902,1.5555555555555556,2,,112,126,124,133,32,44,-7.684166806870639,1.0986122886681098,0.9915925879617268,True,3,large,0.5309848428280338
BraTS-GLI-02151-100,gmm_2d,prediction_component,280,90,24832.0,2.2999847691996646e-05,5.98276981186371e-08,1.7320508075688772,1,12.884098726725126,0.13443321448446624,0.623030528071304,1.5,0,,113,122,30,37,98,104,-7.223097706394213,0.0,0.9994017835725678,True,3,large,0.5309848428280338
BraTS-GLI-02151-100,gmm_2d,prediction_component,281,25,9984.0,2.5060120224403912e-05,7.102621534903521e-08,1.7320508075688772,1,8.660254037844387,0.19999999999999996,0.9548683406603533,1.0,0,,113,118,31,36,66,71,-7.14858132620955,0.0,0.9999479890581185,True,3,large,0.5309848428280338
BraTS-GLI-02151-100,gmm_2d,prediction_component,282,25,9984.0,2.5060120224403912e-05,7.102621534903521e-08,1.7320508075688772,1,8.660254037844387,0.19999999999999996,0.9548683406603533,1.0,0,,113,118,88,93,36,41,-7.14858132620955,0.0,0.9999479890581185,True,3,large,0.5309848428280338
BraTS-GLI-02151-100,gmm_2d,prediction_component,283,2027,509440.0,5.5746061054498604e-06,3.514639176701917e-09,2.449489742783178,1,69.86415389883427,0.035060751559807396,0.3119995100781443,3.4375,13,,113,153,103,158,81,97,-8.45411925431723,2.6390573296152584,0.2810855681520457,False,3,large,0.5309848428280338
BraTS-GLI-02151-100,gmm_2d,prediction_component,284,75,23808.0,2.0416293132765744e-05,4.714179974141429e-08,1.7320508075688772,1,12.884098726725126,0.13443321448446624,0.6620687295173385,1.5,0,,114,120,61,68,139,148,-7.326593841352532,0.0,0.9992250796651423,True,3,large,0.5309848428280338
BraTS-GLI-02151-100,gmm_2d,prediction_component,285,242,64768.0,1.4681642213148025e-05,2.43782005759493e-08,2.23606797749979,1,22.93468988235943,0.09749719699587898,0.5784192659010343,2.0,2,,114,132,73,82,30,41,-7.612998354040719,1.0986122886681098,0.9912946689120359,True,3,large,0.5309848428280338
BraTS-GLI-02151-100,gmm_2d,prediction_component,286,25,9984.0,2.5060120224403912e-05,7.102621534903521e-08,1.7320508075688772,1,8.660254037844387,0.19999999999999996,0.9548683406603533,1.0,0,,114,119,126,131,145,150,-7.14858132620955,0.0,0.9999479890581185,True,3,large,0.5309848428280338
BraTS-GLI-02151-100,gmm_2d,prediction_component,287,73,22528.0,2.1589317035965747e-05,5.271451089386344e-08,1.7320508075688772,1,12.206555615733702,0.14189513095212064,0.6680606274231857,1.3333333333333333,0,,115,122,42,48,90,98,-7.278069818683722,0.0,0.9994404931220857,True,3,large,0.5309848428280338
BraTS-GLI-02151-100,gmm_2d,prediction_component,288,25,9984.0,2.5060120224403912e-05,7.102621534903521e-08,1.7320508075688772,1,8.660254037844387,0.19999999999999996,0.9548683406603533,1.0,0,,115,120,57,62,36,41,-7.14858132620955,0.0,0.9999479890581185,True,3,large,0.5309848428280338
BraTS-GLI-02151-100,gmm_2d,prediction_component,289,59,19456.0,2.1740607489918187e-05,5.3455909614067176e-08,1.7320508075688772,1,11.74734012447073,0.14744195615489714,0.71719869927557,1.6,0,,115,120,97,105,148,155,-7.272004276032213,0.0,0.9995736434878922,True,3,large,0.5309848428280338
BraTS-GLI-02151-100,gmm_2d,prediction_component,290,25,9984.0,2.5060120224403912e-05,7.102621534903521e-08,1.7320508075688772,1,8.660254037844387,0.19999999999999996,0.9548683406603533,1.0,0,,115,120,128,133,48,53,-7.14858132620955,0.0,0.9999479890581185,True,3,large,0.5309848428280338
BraTS-GLI-02151-100,gmm_2d,prediction_component,291,48,18432.0,1.918149905562466e-05,4.1611892032488095e-08,1.7320508075688772,1,11.180339887498949,0.15491933384829665,0.7682627055029695,1.6,0,,115,120,144,152,137,143,-7.380782537016758,0.0,0.9995230425867063,True,3,large,0.5309848428280338
BraTS-GLI-02151-100,gmm_2d,prediction_component,292,25,9984.0,2.5060120224403912e-05,7.102621534903521e-08,1.7320508075688772,1,8.660254037844387,0.19999999999999996,0.9548683406603533,1.0,0,,116,121,30,35,73,78,-7.14858132620955,0.0,0.9999479890581185,True,3,large,0.5309848428280338
BraTS-GLI-02151-100,gmm_2d,prediction_component,293,801,197888.0,9.09920243732804e-06,9.363948746838949e-09,2.23606797749979,1,44.63182720884279,0.05010030100351265,0.3881238820421107,1.4545454545454546,4,,116,138,36,58,99,131,-8.028540972060627,1.6094379124341003,0.8279467037539656,True,3,large,0.5309848428280338
BraTS-GLI-02151-100,gmm_2d,prediction_component,294,38,12544.0,2.7047649416909622e-05,8.273922157753891e-08,1.7320508075688772,1,9.273618495495704,0.18677184190940707,0.8304795924748166,1.2,0,,116,121,53,59,138,143,-7.082288569326049,0.0,0.9999244487787192,True,3,large,0.5309848428280338
BraTS-GLI-02151-100,gmm_2d,prediction_component,295,25,9984.0,2.5060120224403912e-05,7.102621534903521e-08,1.7320508075688772,1,8.660254037844387,0.19999999999999996,0.9548683406603533,1.0,0,,117,122,60,65,84,89,-7.14858132620955,0.0,0.9999479890581185,True,3,large,0.5309848428280338
BraTS-GLI-02151-100,gmm_2d,prediction_component,296,38,13824.0,2.3379381024587062e-05,6.181848980958109e-08,1.7320508075688772,1,9.848857801796104,0.17586311452816475,0.8304795924748166,1.2,0,,117,123,130,136,82,87,-7.2088816087094125,0.0,0.9998546895173824,True,3,large,0.5309848428280338
BraTS-GLI-02151-100,gmm_2d,prediction_component,297,82,23040.0,2.3447154236636203e-05,6.217741378365555e-08,2.23606797749979,1,12.449899597988733,0.1796053020267749,0.8296786624988554,1.8,1,,118,125,34,39,64,73,-7.206367346024669,0.6931471805599453,0.9998175078649889,True,3,large,0.5309848428280338
BraTS-GLI-02151-100,gmm_2d,prediction_component,298,25,9984.0,2.5060120224403912e-05,7.102621534903521e-08,1.7320508075688772,1,8.660254037844387,0.19999999999999996,0.9548683406603533,1.0,0,,118,123,39,44,104,109,-7.14858132620955,0.0,0.9999479890581185,True,3,large,0.5309848428280338
BraTS-GLI-02151-100,gmm_2d,prediction_component,299,74,22272.0,2.2263471954134346e-05,5.605807227108241e-08,1.7320508075688772,1,12.206555615733702,0.14189513095212064,0.6650376873001744,1.3333333333333333,0,,118,126,114,121,145,151,-7.2513618408680305,0.0,0.9994880946171539,True,3,large,0.5309848428280338
BraTS-GLI-02151-100,gmm_2d,prediction_component,300,25,9984.0,2.5060120224403912e-05,7.102621534903521e-08,1.7320508075688772,1,8.660254037844387,0.19999999999999996,0.9548683406603533,1.0,0,,118,123,137,142,139,144,-7.14858132620955,0.0,0.9999479890581185,True,3,large,0.5309848428280338
BraTS-GLI-02151-100,gmm_2d,prediction_component,301,38,12544.0,2.7047649416909622e-05,8.273922157753891e-08,1.7320508075688772,1,9.273618495495704,0.18677184190940707,0.8304795924748166,1.2,0,,119,124,61,66,44,50,-7.082288569326049,0.0,0.9999244487787192,True,3,large,0.5309848428280338
BraTS-GLI-02151-100,gmm_2d,prediction_component,302,25,9984.0,2.5060120224403912e-05,7.102621534903521e-08,1.7320508075688772,1,8.660254037844387,0.19999999999999996,0.9548683406603533,1.0,0,,119,124,117,122,31,36,-7.14858132620955,0.0,0.9999479890581185,True,3,large,0.5309848428280338
BraTS-GLI-02151-100,gmm_2d,prediction_component,303,322,80896.0,1.3994754997859123e-05,2.2150471393567252e-08,2.23606797749979,1,25.729360660537214,0.08690724993137477,0.5258912134358498,1.3846153846153846,2,,119,132,122,140,134,147,-7.654617026937677,1.0986122886681098,0.9857239557382054,True,3,large,0.5309848428280338
BraTS-GLI-02151-100,gmm_2d,prediction_component,304,261,66560.0,1.5199193269129077e-05,2.612723480527479e-08,1.7320508075688772,1,25.079872407968907,0.06906138832741962,0.4368945843747927,1.4166666666666667,0,,119,131,144,161,40,54,-7.582906551710019,0.0,0.9877137632279049,True,3,large,0.5309848428280338
BraTS-GLI-02151-100,gmm_2d,prediction_component,305,25,9984.0,2.5060120224403912e-05,7.102621534903521e-08,1.7320508075688772,1,8.660254037844387,0.19999999999999996,0.9548683406603533,1.0,0,,121,126,49,54,49,54,-7.14858132620955,0.0,0.9999479890581185,True,3,large,0.5309848428280338
BraTS-GLI-02151-100,gmm_2d,prediction_component,306,218,59648.0,1.4964515626417819e-05,2.5326647256391244e-08,2.23606797749979,1,22.22611077089287,0.10060545457319171,0.5989111163456369,2.5714285714285716,1,,121,132,44,62,88,95,-7.596422298342975,0.6931471805599453,0.9938722657900917,True,3,large,0.5309848428280338
BraTS-GLI-02151-100,gmm_2d,prediction_component,307,68,21504.0,2.1564035377208137e-05,5.259112302065186e-08,1.7320508075688772,1,11.661903789690601,0.14852213144650114,0.6840489693598067,1.3333333333333333,0,,121,129,71,77,88,94,-7.2790875552473,0.0,0.9995233345211275,True,3,large,0.5309848428280338
BraTS-GLI-02151-100,gmm_2d,prediction_component,308,75,22016.0,2.295903544654422e-05,5.961556311803485e-08,1.7320508075688772,1,12.727922061357855,0.13608276348795434,0.6620687295173385,1.1428571428571428,0,,122,129,53,60,132,140,-7.22464034942143,0.0,0.9994825849542051,True,3,large,0.5309848428280338
BraTS-GLI-02151-100,gmm_2d,prediction_component,309,38,12544.0,2.7047649416909622e-05,8.273922157753891e-08,1.7320508075688772,1,9.273618495495704,0.18677184190940707,0.8304795924748166,1.2,0,,122,128,103,108,43,48,-7.082288569326049,0.0,0.9999244487787192,True,3,large,0.5309848428280338
BraTS-GLI-02151-100,gmm_2d,prediction_component,310,249,63488.0,1.5565457066220898e-05,2.7401613054069635e-08,2.23606797749979,1,21.213203435596427,0.10540925533894598,0.5729474043163822,1.6666666666666667,1,,122,134,102,117,86,95,-7.562223870761303,0.6931471805599453,0.9945998693950109,True,3,large,0.5309848428280338
BraTS-GLI-02151-100,gmm_2d,prediction_component,311,98,26880.0,2.223730634973871e-05,5.5926382891664e-08,2.23606797749979,1,13.45362404707371,0.1662056238286334,0.7818183269493157,1.5,1,,124,132,61,70,88,94,-7.252383268298952,0.6931471805599453,0.9996836957748328,True,3,large,0.5309848428280338
BraTS-GLI-02151-100,gmm_2d,prediction_component,312,25,9984.0,2.5060120224403912e-05,7.102621534903521e-08,1.7320508075688772,1,8.660254037844387,0.19999999999999996,0.9548683406603533,1.0,0,,124,129,84,89,78,83,-7.14858132620955,0.0,0.9999479890581185,True,3,large,0.5309848428280338
BraTS-GLI-02151-100,gmm_2d,prediction_component,313,63,21248.0,2.03405861120767e-05,4.67928286499433e-08,1.7320508075688772,1,12.449899597988733,0.13912166872805048,0.7016868116919668,1.8,0,,124,133,90,95,37,44,-7.329820700695186,0.0,0.9993610229308156,True,3,large,0.5309848428280338
BraTS-GLI-02151-100,gmm_2d,prediction_component,314,38,12544.0,2.7047649416909622e-05,8.273922157753891e-08,1.7320508075688772,1,9.273618495495704,0.18677184190940707,0.8304795924748166,1.2,0,,125,130,123,128,45,51,-7.082288569326049,0.0,0.9999244487787192,True,3,large,0.5309848428280338
BraTS-GLI-02151-100,gmm_2d,prediction_component,315,25,9984.0,2.5060120224403912e-05,7.102621534903521e-08,1.7320508075688772,1,8.660254037844387,0.19999999999999996,0.9548683406603533,1.0,0,,126,131,37,42,71,76,-7.14858132620955,0.0,0.9999479890581185,True,3,large,0.5309848428280338
BraTS-GLI-02151-100,gmm_2d,prediction_component,316,25,9984.0,2.5060120224403912e-05,7.102621534903521e-08,1.7320508075688772,1,8.660254037844387,0.19999999999999996,0.9548683406603533,1.0,0,,126,131,166,171,60,65,-7.14858132620955,0.0,0.9999479890581185,True,3,large,0.5309848428280338
BraTS-GLI-02151-100,gmm_2d,prediction_component,317,25,9984.0,2.5060120224403912e-05,7.102621534903521e-08,1.7320508075688772,1,8.660254037844387,0.19999999999999996,0.9548683406603533,1.0,0,,127,132,61,66,41,46,-7.14858132620955,0.0,0.9999479890581185,True,3,large,0.5309848428280338
BraTS-GLI-02151-100,gmm_2d,prediction_component,318,25,9984.0,2.5060120224403912e-05,7.102621534903521e-08,1.7320508075688772,1,8.660254037844387,0.19999999999999996,0.9548683406603533,1.0,0,,127,132,129,134,128,133,-7.14858132620955,0.0,0.9999479890581185,True,3,large,0.5309848428280338
BraTS-GLI-02151-100,gmm_2d,prediction_component,319,398,95232.0,1.3542807778067944e-05,2.0742915683997192e-08,2.449489742783178,1,29.154759474226502,0.08401680504168058,0.5367978951814126,3.4285714285714284,2,,128,143,66,90,88,95,-7.683130197972444,1.0986122886681098,0.9839243419341993,True,3,large,0.5309848428280338
BraTS-GLI-02151-100,gmm_2d,prediction_component,320,110,38400.0,1.4618265609057595e-05,2.4168186892469086e-08,1.7320508075688772,1,17.97220075561143,0.09637388493048532,0.5827191206450295,1.2222222222222223,0,,129,140,42,53,61,70,-7.616755929324722,0.0,0.9944545942073717,True,3,large,0.5309848428280338
BraTS-GLI-02151-100,gmm_2d,prediction_component,321,44,13824.0,2.7070862238995545e-05,8.288129935688987e-08,1.7320508075688772,1,10.392304845413264,0.16666666666666666,0.7908715233027805,1.0,0,,129,135,79,85,42,48,-7.081543448970658,0.0,0.999879473577284,True,3,large,0.5309848428280338
BraTS-GLI-02151-100,gmm_2d,prediction_component,322,25,9984.0,2.5060120224403912e-05,7.102621534903521e-08,1.7320508075688772,1,8.660254037844387,0.19999999999999996,0.9548683406603533,1.0,0,,129,134,126,131,40,45,-7.14858132620955,0.0,0.9999479890581185,True,3,large,0.5309848428280338
BraTS-GLI-02151-100,gmm_2d,prediction_component,323,160,48896.0,1.4798237182845666e-05,2.4766939376049677e-08,1.7320508075688772,1,18.05547008526779,0.0959294219086619,0.5143003693829619,2.1666666666666665,0,,130,141,52,65,89,95,-7.606127658905461,0.0,0.9933470907487452,True,3,large,0.5309848428280338
BraTS-GLI-02151-100,gmm_2d,prediction_component,324,25,9984.0,2.5060120224403912e-05,7.102621534903521e-08,1.7320508075688772,1,8.660254037844387,0.19999999999999996,0.9548683406603533,1.0,0,,130,135,81,86,79,84,-7.14858132620955,0.0,0.9999479890581185,True,3,large,0.5309848428280338
BraTS-GLI-02151-100,gmm_2d,prediction_component,325,25,9984.0,2.5060120224403912e-05,7.102621534903521e-08,1.7320508075688772,1,8.660254037844387,0.19999999999999996,0.9548683406603533,1.0,0,,130,135,156,161,114,119,-7.14858132620955,0.0,0.9999479890581185,True,3,large,0.5309848428280338
BraTS-GLI-02151-100,gmm_2d,prediction_component,326,25,9984.0,2.5060120224403912e-05,7.102621534903521e-08,1.7320508075688772,1,8.660254037844387,0.19999999999999996,0.9548683406603533,1.0,0,,131,136,58,63,121,126,-7.14858132620955,0.0,0.9999479890581185,True,3,large,0.5309848428280338
BraTS-GLI-02151-100,gmm_2d,prediction_component,327,185,50944.0,1.6089115367676043e-05,2.9276334803931607e-08,2.23606797749979,1,19.849433241279208,0.11265147726483324,0.6325923890677086,1.4444444444444444,1,,131,143,101,110,38,51,-7.53348329489722,0.6931471805599453,0.9964368128195895,True,3,large,0.5309848428280338
BraTS-GLI-02151-100,gmm_2d,prediction_component,328,25,9984.0,2.5060120224403912e-05,7.102621534903521e-08,1.7320508075688772,1,8.660254037844387,0.19999999999999996,0.9548683406603533,1.0,0,,132,137,46,51,85,90,-7.14858132620955,0.0,0.9999479890581185,True,3,large,0.5309848428280338
BraTS-GLI-02151-100,gmm_2d,prediction_component,329,25,9984.0,2.5060120224403912e-05,7.102621534903521e-08,1.7320508075688772,1,8.660254037844387,0.19999999999999996,0.9548683406603533,1.0,0,,132,137,62,67,45,50,-7.14858132620955,0.0,0.9999479890581185,True,3,large,0.5309848428280338
BraTS-GLI-02151-100,gmm_2d,prediction_component,330,44,13824.0,2.7070862238995545e-05,8.288129935688987e-08,1.7320508075688772,1,10.392304845413264,0.16666666666666666,0.7908715233027805,1.0,0,,132,138,74,80,97,103,-7.081543448970658,0.0,0.999879473577284,True,3,large,0.5309848428280338
BraTS-GLI-02151-100,gmm_2d,prediction_component,331,1401,317696.0,7.823849992218652e-06,6.9229852067938995e-09,2.8284271247461903,1,51.980765673468106,0.05441295617909432,0.40746954233178223,1.0689655172413792,6,,132,162,81,110,81,112,-8.159706596398768,1.9459101490553132,0.7459946161134031,True,3,large,0.5309848428280338
BraTS-GLI-02151-100,gmm_2d,prediction_component,332,95,28672.0,1.9567557708672976e-05,4.330376129317604e-08,1.7320508075688772,1,14.52583904633395,0.11923929502757463,0.6119025955310512,1.2857142857142858,0,,132,141,117,124,132,141,-7.363474379906977,0.0,0.998651543462039,True,3,large,0.5309848428280338
BraTS-GLI-02151-100,gmm_2d,prediction_component,333,25,9984.0,2.5060120224403912e-05,7.102621534903521e-08,1.7320508075688772,1,8.660254037844387,0.19999999999999996,0.9548683406603533,1.0,0,,133,138,77,82,137,142,-7.14858132620955,0.0,0.9999479890581185,True,3,large,0.5309848428280338
BraTS-GLI-02151-100,gmm_2d,prediction_component,334,25,9984.0,2.5060120224403912e-05,7.102621534903521e-08,1.7320508075688772,1,8.660254037844387,0.19999999999999996,0.9548683406603533,1.0,0,,133,138,114,119,42,47,-7.14858132620955,0.0,0.9999479890581185,True,3,large,0.5309848428280338
BraTS-GLI-02151-100,gmm_2d,prediction_component,335,25,9984.0,2.5060120224403912e-05,7.102621534903521e-08,1.7320508075688772,1,8.660254037844387,0.19999999999999996,0.9548683406603533,1.0,0,,133,138,130,135,79,84,-7.14858132620955,0.0,0.9999479890581185,True,3,large,0.5309848428280338
BraTS-GLI-02151-100,gmm_2d,prediction_component,336,59,19456.0,2.1740607489918187e-05,5.3455909614067176e-08,1.7320508075688772,1,11.661903789690601,0.14852213144650114,0.71719869927557,1.3333333333333333,0,,133,139,139,147,52,58,-7.272004276032213,0.0,0.9995814822309349,True,3,large,0.5309848428280338
BraTS-GLI-02151-100,gmm_2d,prediction_component,337,72,20736.0,2.4112654320987653e-05,6.575706395257378e-08,2.23606797749979,1,11.916375287812984,0.1876466562602004,0.8664370994133727,1.8,1,,135,141,45,50,68,77,-7.18205758624754,0.6931471805599453,0.9998705134192668,True,3,large,0.5309848428280338
BraTS-GLI-02151-100,gmm_2d,prediction_component,338,38,12544.0,2.7047649416909622e-05,8.273922157753891e-08,1.7320508075688772,1,9.273618495495704,0.18677184190940707,0.8304795924748166,1.2,0,,135,140,73,79,82,87,-7.082288569326049,0.0,0.9999244487787192,True,3,large,0.5309848428280338
BraTS-GLI-02151-100,gmm_2d,prediction_component,339,50,19968.0,1.772018094802615e-05,3.551310767451761e-08,1.7320508075688772,1,12.884098726725126,0.13443321448446624,0.757879504227687,1.5,0,,135,142,137,143,119,128,-7.449611321873531,0.0,0.9990972992353339,True,3,large,0.5309848428280338
BraTS-GLI-02151-100,gmm_2d,prediction_component,340,69,19200.0,2.593565662375272e-05,7.607585969920352e-08,2.23606797749979,1,11.090536506409418,0.20161945963637795,0.8788164447779884,1.4,1,,135,142,157,162,68,75,-7.118753131174717,0.6931471805599453,0.9999224223964651,True,3,large,0.5309848428280338
BraTS-GLI-02151-100,gmm_2d,prediction_component,341,71,19200.0,2.6687414786760044e-05,8.054997033053665e-08,2.23606797749979,1,11.0,0.20327890704543544,0.870485929709401,1.1666666666666667,1,,136,142,84,91,134,140,-7.093934615211077,0.6931471805599453,0.9999293720947126,True,3,large,0.5309848428280338
BraTS-GLI-02151-100,gmm_2d,prediction_component,342,38,13824.0,2.3379381024587062e-05,6.181848980958109e-08,1.7320508075688772,1,9.848857801796104,0.17586311452816475,0.8304795924748166,1.2,0,,138,144,101,106,124,130,-7.2088816087094125,0.0,0.9998546895173824,True,3,large,0.5309848428280338
BraTS-GLI-02151-100,gmm_2d,prediction_component,343,25,9984.0,2.5060120224403912e-05,7.102621534903521e-08,1.7320508075688772,1,8.660254037844387,0.19999999999999996,0.9548683406603533,1.0,0,,139,144,111,116,129,134,-7.14858132620955,0.0,0.9999479890581185,True,3,large,0.5309848428280338
BraTS-GLI-02151-100,gmm_2d,prediction_component,344,25,9984.0,2.5060120224403912e-05,7.102621534903521e-08,1.7320508075688772,1,8.660254037844387,0.19999999999999996,0.9548683406603533,1.0,0,,140,145,52,57,108,113,-7.14858132620955,0.0,0.9999479890581185,True,3,large,0.5309848428280338
BraTS-GLI-02151-100,gmm_2d,prediction_component,345,140,34816.0,2.1550617819349613e-05,5.252569696371401e-08,2.23606797749979,1,15.652475842498529,0.14285714285714285,0.6941796211340024,1.25,1,,140,149,52,62,94,102,-7.279628176228304,0.6931471805599453,0.9993124719139429,True,3,large,0.5309848428280338
BraTS-GLI-02151-100,gmm_2d,prediction_component,346,25,9984.0,2.5060120224403912e-05,7.102621534903521e-08,1.7320508075688772,1,8.660254037844387,0.19999999999999996,0.9548683406603533,1.0,0,,140,145,119,124,126,131,-7.14858132620955,0.0,0.9999479890581185,True,3,large,0.5309848428280338
BraTS-GLI-02151-100,gmm_2d,prediction_component,347,79,24064.0,2.1162908923715062e-05,5.065275823313576e-08,1.7320508075688772,1,13.45362404707371,0.12874232262686236,0.6507004893872986,1.5,0,,141,147,139,148,68,76,-7.2953969006923405,0.0,0.9992106313249324,True,3,large,0.5309848428280338
BraTS-GLI-02151-100,gmm_2d,prediction_component,348,25,9984.0,2.5060120224403912e-05,7.102621534903521e-08,1.7320508075688772,1,8.660254037844387,0.19999999999999996,0.9548683406603533,1.0,0,,142,147,53,58,103,108,-7.14858132620955,0.0,0.9999479890581185,True,3,large,0.5309848428280338
BraTS-GLI-02151-100,gmm_2d,prediction_component,349,25,9984.0,2.5060120224403912e-05,7.102621534903521e-08,1.7320508075688772,1,8.660254037844387,0.19999999999999996,0.9548683406603533,1.0,0,,142,147,64,69,97,102,-7.14858132620955,0.0,0.9999479890581185,True,3,large,0.5309848428280338
BraTS-GLI-02151-100,gmm_2d,prediction_component,350,367,89344.0,1.3742570571260621e-05,2.1359364404702072e-08,2.23606797749979,1,28.178005607210743,0.07935508313361897,0.5034532906873778,1.5384615384615385,2,,144,157,56,76,77,92,-7.670411674847489,1.0986122886681098,0.9815913191041319,True,3,large,0.5309848428280338
BraTS-GLI-02151-100,gmm_2d,prediction_component,351,74,22784.0,2.151724980262208e-05,5.23631659898869e-08,2.23606797749979,1,12.24744871391589,0.18257418583505539,0.8585599625046239,2.0,1,,145,150,73,83,90,95,-7.280974102946914,0.6931471805599453,0.9997914817159391,True,3,large,0.5309848428280338
BraTS-GLI-02151-100,gmm_2d,prediction_component,352,25,9984.0,2.5060120224403912e-05,7.102621534903521e-08,1.7320508075688772,1,8.660254037844387,0.19999999999999996,0.9548683406603533,1.0,0,,145,150,97,102,115,120,-7.14858132620955,0.0,0.9999479890581185,True,3,large,0.5309848428280338
BraTS-GLI-02151-100,gmm_2d,prediction_component,353,25,9984.0,2.5060120224403912e-05,7.102621534903521e-08,1.7320508075688772,1,8.660254037844387,0.19999999999999996,0.9548683406603533,1.0,0,,145,150,123,128,112,117,-7.14858132620955,0.0,0.9999479890581185,True,3,large,0.5309848428280338
BraTS-GLI-02151-100,gmm_2d,prediction_component,354,38,12544.0,2.7047649416909622e-05,8.273922157753891e-08,1.7320508075688772,1,9.273618495495704,0.18677184190940707,0.8304795924748166,1.2,0,,146,151,62,68,94,99,-7.082288569326049,0.0,0.9999244487787192,True,3,large,0.5309848428280338
BraTS-GLI-02151-100,gmm_2d,prediction_component,355,25,9984.0,2.5060120224403912e-05,7.102621534903521e-08,1.7320508075688772,1,8.660254037844387,0.19999999999999996,0.9548683406603533,1.0,0,,146,151,105,110,57,62,-7.14858132620955,0.0,0.9999479890581185,True,3,large,0.5309848428280338
BraTS-GLI-02151-100,gmm_2d,prediction_component,356,25,9984.0,2.5060120224403912e-05,7.102621534903521e-08,1.7320508075688772,1,8.660254037844387,0.19999999999999996,0.9548683406603533,1.0,0,,147,152,94,99,118,123,-7.14858132620955,0.0,0.9999479890581185,True,3,large,0.5309848428280338
BraTS-GLI-02151-100,gmm_2d,prediction_component,357,64,21504.0,2.0295562707960602e-05,4.6585908281269474e-08,1.7320508075688772,1,12.36931687685298,0.14002800840280097,0.6980129914371896,1.6,0,,148,153,66,74,108,116,-7.331745432691998,0.0,0.9993590730813353,True,3,large,0.5309848428280338
BraTS-GLI-02151-100,gmm_2d,prediction_component,358,86,27392.0,1.8969803696774396e-05,4.069846663546478e-08,1.7320508075688772,1,14.142135623730951,0.1224744871391589,0.6325439118228858,1.6666666666666667,0,,149,155,65,75,98,106,-7.390421953042621,0.0,0.9986795965560776,True,3,large,0.5309848428280338
BraTS-GLI-02151-100,gmm_2d,prediction_component,359,25,9984.0,2.5060120224403912e-05,7.102621534903521e-08,1.7320508075688772,1,8.660254037844387,0.19999999999999996,0.9548683406603533,1.0,0,,150,155,71,76,68,73,-7.14858132620955,0.0,0.9999479890581185,True,3,large,0.5309848428280338
BraTS-GLI-02151-100,gmm_2d,prediction_component,360,252,58880.0,1.7637979714646135e-05,3.5184392031251914e-08,2.23606797749979,1,21.6794833886788,0.10314212462587934,0.5706647211316094,2.142857142857143,3,,154,161,83,97,71,86,-7.453649948963818,1.3862943611198906,0.9948881822698115,True,3,large,0.5309848428280338
BraTS-GLI-02151-100,gmm_2d,prediction_component,361,149,36608.0,2.1272682796631974e-05,5.117960172865651e-08,2.23606797749979,1,15.620499351813308,0.14314958357846708,0.6799115974605356,2.0,1,,155,161,99,111,94,102,-7.290903098044765,0.6931471805599453,0.999254271463151,True,3,large,0.5309848428280338
BraTS-GLI-02151-100,variational_spline,prediction_component,1,25592,1261056.0,1.8071852274434735e-05,3.693666743311609e-08,10.488088481701515,1,82.75868534480233,0.12673097014536155,0.573708304842516,1.1627906976744187,1,,43,93,84,134,105,148,-7.43254229083128,0.6931471805599453,0.9976774965994873,True,3,large,0.5309848428280338
