case_id,method,source,component_label,volume_vox,surface_area_proxy,compactness_v_over_s15,isoperimetric_quotient,inscribed_radius_vox,inscribed_radius_grid_step,bbox_diag_vox,radius_over_bbox_diag,radius_over_equiv_sphere,elongation_max_over_min,eroded_subcomponents,overlap_gt_vox,z0,z1,y0,y1,x0,x1,log10_isoperimetric,log1p_eroded_subcomponents,shape_score_prob_true_et,accepted_shape,fold,vol_bin,shape_threshold
BraTS-GLI-02755-101,otsu_T1c,prediction_component,1,12591,2227712.0,3.7867938012145286e-06,1.621793996831545e-09,4.0,2,188.78029558192773,0.021188652065988856,0.27716355287472993,1.64,19,,24,146,16,91,27,150,-8.790004311481917,2.995732273553991,0.06423579330480574,False,3,small,0.5309848428280338
BraTS-GLI-02755-101,gmm_T1c,prediction_component,1,21959,4216064.0,2.5365987051381132e-06,7.277059171795724e-10,4.0,2,210.79373804740976,0.018975895759770423,0.23026009253573446,1.1944444444444444,21,,22,151,15,123,24,151,-9.138044093694752,3.091042453358316,0.014948273097289876,False,3,small,0.5309848428280338
BraTS-GLI-02755-101,sustraccion,prediction_component,1,81530,15768576.0,1.3020531989749667e-06,1.9173872328726294e-10,5.656854249492381,4,261.1015128259505,0.021665344594396212,0.2102965000527894,1.2481751824817517,172,,13,155,15,186,22,159,-9.717290168751228,5.153291594497779,0.0007245985374859157,False,3,small,0.5309848428280338
BraTS-GLI-02755-101,sustraccion,prediction_component,4,635,186624.0,7.876304266371996e-06,7.016125408632175e-09,1.4142135623730951,1,42.91852746774987,0.03295112031594684,0.2652283595519843,1.8823529411764706,0,,16,39,75,92,110,142,-8.1539026568441,0.0,0.7544894874632377,True,3,small,0.5309848428280338
BraTS-GLI-02755-101,sustraccion,prediction_component,5,12,5376.0,3.04433440619409e-05,1.0481829363285631e-07,1.4142135623730951,1,5.830951894845301,0.24253562503633297,0.9957510787676723,1.3333333333333333,0,,16,20,84,87,96,99,-6.979562914580636,0.0,0.9999881881216841,True,3,small,0.5309848428280338
BraTS-GLI-02755-101,sustraccion,prediction_component,6,163,56576.0,1.211265216494173e-05,1.6593227411823308e-08,1.4142135623730951,1,22.9128784747792,0.061721339984836775,0.41733230061614357,1.6,0,,19,32,76,86,86,102,-7.780069134721544,0.0,0.9698974953506673,True,3,small,0.5309848428280338
BraTS-GLI-02755-101,sustraccion,prediction_component,8,180,60160.0,1.2198621711853764e-05,1.6829604145526407e-08,1.4142135623730951,1,28.231188426986208,0.050094014498562434,0.40375727989167354,2.1,0,,21,42,67,77,129,145,-7.773926099082725,0.0,0.9627731598420598,True,3,small,0.5309848428280338
BraTS-GLI-02755-101,sustraccion,prediction_component,9,12,6144.0,2.4917498197257264e-05,7.022006780482366e-08,1.4142135623730951,1,6.4031242374328485,0.2208630521496931,0.9957510787676723,1.3333333333333333,0,,21,24,88,92,98,102,-7.153538755513696,0.0,0.9999674469175863,True,3,small,0.5309848428280338
BraTS-GLI-02755-101,sustraccion,prediction_component,11,14,6144.0,2.9070414563466808e-05,9.557731451212109e-08,1.4142135623730951,1,6.928203230275509,0.20412414523193154,0.9458781407605124,1.0,0,,22,26,60,64,129,133,-7.019645176252469,0.0,0.9999690143044426,True,3,small,0.5309848428280338
BraTS-GLI-02755-101,sustraccion,prediction_component,12,12,6144.0,2.4917498197257264e-05,7.022006780482366e-08,1.4142135623730951,1,6.4031242374328485,0.2208630521496931,0.9957510787676723,1.3333333333333333,0,,24,28,52,55,123,127,-7.153538755513696,0.0,0.9999674469175863,True,3,small,0.5309848428280338
BraTS-GLI-02755-101,sustraccion,prediction_component,13,12,5376.0,3.04433440619409e-05,1.0481829363285631e-07,1.4142135623730951,1,5.830951894845301,0.24253562503633297,0.9957510787676723,1.3333333333333333,0,,25,28,43,46,73,77,-6.979562914580636,0.0,0.9999881881216841,True,3,small,0.5309848428280338
BraTS-GLI-02755-101,sustraccion,prediction_component,14,12,5376.0,3.04433440619409e-05,1.0481829363285631e-07,1.4142135623730951,1,5.830951894845301,0.24253562503633297,0.9957510787676723,1.3333333333333333,0,,25,28,44,47,78,82,-6.979562914580636,0.0,0.9999881881216841,True,3,small,0.5309848428280338
BraTS-GLI-02755-101,sustraccion,prediction_component,15,67,21504.0,2.1246917209896253e-05,5.105569879751432e-08,1.4142135623730951,1,12.206555615733702,0.11585688927269847,0.5612886582720128,1.3333333333333333,0,,25,33,88,95,106,112,-7.29195577525812,0.0,0.9987129191875032,True,3,small,0.5309848428280338
BraTS-GLI-02755-101,sustraccion,prediction_component,16,24,9472.0,2.6034468006549403e-05,7.665664164680334e-08,1.4142135623730951,1,8.660254037844387,0.1632993161855452,0.7903281549671363,1.0,0,,26,31,64,69,84,89,-7.1154502112519005,0.0,0.9998550468710321,True,3,small,0.5309848428280338
BraTS-GLI-02755-101,sustraccion,prediction_component,18,347,90112.0,1.2827898992260469e-05,1.861073120607526e-08,2.0,1,29.631064780058107,0.0674967307062827,0.4587925676860025,1.6923076923076923,1,,28,43,80,102,71,84,-7.730236563326773,0.6931471805599453,0.9730570205810543,True,3,small,0.5309848428280338
BraTS-GLI-02755-101,sustraccion,prediction_component,19,143,44800.0,1.508061373892843e-05,2.5721151437979347e-08,1.7320508075688772,1,25.0,0.06928203230275509,0.5339224120745927,1.3333333333333333,0,,29,44,52,64,128,144,-7.589709593602887,0.0,0.9907162077479242,True,3,small,0.5309848428280338
BraTS-GLI-02755-101,sustraccion,prediction_component,22,664,150528.0,1.1369520322450437e-05,1.4619639310753707e-08,2.23606797749979,1,37.21558813185679,0.06008417681261097,0.41316657384202365,1.6875,2,,31,47,79,99,84,111,-7.835063341966508,1.0986122886681098,0.9401861141699617,True,3,small,0.5309848428280338
BraTS-GLI-02755-101,sustraccion,prediction_component,23,14,6912.0,2.4362533060422576e-05,6.712700278491907e-08,1.4142135623730951,1,7.0710678118654755,0.2,0.9458781407605124,1.6666666666666667,0,,32,37,58,61,42,46,-7.1731027435946135,0.0,0.9999414397968109,True,3,small,0.5309848428280338
BraTS-GLI-02755-101,sustraccion,prediction_component,24,19,9984.0,1.9045691370546972e-05,4.102474198560274e-08,1.4142135623730951,1,9.0,0.15713484026367724,0.8543319874271107,1.75,0,,32,39,93,97,116,120,-7.386954141647967,0.0,0.9996414446505717,True,3,small,0.5309848428280338
BraTS-GLI-02755-101,sustraccion,prediction_component,25,146,43264.0,1.6224183545744195e-05,2.976994794520596e-08,2.0,1,21.470910553583888,0.09314928656652446,0.6122684958870233,1.2727272727272727,1,,36,50,88,99,57,69,-7.526221924746274,0.6931471805599453,0.994838410182647,True,3,small,0.5309848428280338
BraTS-GLI-02755-101,sustraccion,prediction_component,26,31,11520.0,2.5071653393552328e-05,7.109160576572633e-08,1.4142135623730951,1,9.9498743710662,0.1421338109037403,0.7257003006213092,1.4,0,,37,42,90,95,108,115,-7.148181676131613,0.0,0.999711838143575,True,3,small,0.5309848428280338
BraTS-GLI-02755-101,sustraccion,prediction_component,29,39,12800.0,2.6930824674097024e-05,8.202602736471305e-08,1.4142135623730951,1,9.273618495495704,0.15249857033260467,0.6722379073420917,1.2,0,,40,46,92,97,116,121,-7.086048321429185,0.0,0.9997731680153302,True,3,small,0.5309848428280338
BraTS-GLI-02755-101,sustraccion,prediction_component,31,12,5376.0,3.04433440619409e-05,1.0481829363285631e-07,1.4142135623730951,1,5.830951894845301,0.24253562503633297,0.9957510787676723,1.3333333333333333,0,,47,50,94,97,117,121,-6.979562914580636,0.0,0.9999881881216841,True,3,small,0.5309848428280338
BraTS-GLI-02755-101,sustraccion,prediction_component,33,103,31744.0,1.8211459359207463e-05,3.7509551509249816e-08,1.4142135623730951,1,15.652475842498529,0.09035079029052513,0.48633119319478924,1.25,0,,48,56,112,122,133,142,-7.425858128550488,0.0,0.9958763235245004,True,3,small,0.5309848428280338
BraTS-GLI-02755-101,sustraccion,prediction_component,34,19,9216.0,2.147533275462963e-05,5.2159350776834036e-08,1.4142135623730951,1,8.774964387392123,0.16116459280507606,0.8543319874271107,1.5,0,,48,52,128,134,48,53,-7.282667822870332,0.0,0.9997721848117204,True,3,small,0.5309848428280338
BraTS-GLI-02755-101,sustraccion,prediction_component,35,16,6656.0,2.9464563572443515e-05,9.818664009850627e-08,1.4142135623730951,1,6.4031242374328485,0.2208630521496931,0.9046998952817776,1.3333333333333333,0,,49,52,120,124,54,58,-7.007947601074732,0.0,0.999974670476063,True,3,small,0.5309848428280338
BraTS-GLI-02755-101,sustraccion,prediction_component,36,12,5376.0,3.04433440619409e-05,1.0481829363285631e-07,1.4142135623730951,1,5.830951894845301,0.24253562503633297,0.9957510787676723,1.3333333333333333,0,,50,53,36,39,128,132,-6.979562914580636,0.0,0.9999881881216841,True,3,small,0.5309848428280338
BraTS-GLI-02755-101,sustraccion,prediction_component,41,14,6912.0,2.4362533060422576e-05,6.712700278491907e-08,1.4142135623730951,1,7.0710678118654755,0.2,0.9458781407605124,1.6666666666666667,0,,51,54,90,95,36,40,-7.1731027435946135,0.0,0.9999414397968109,True,3,small,0.5309848428280338
BraTS-GLI-02755-101,sustraccion,prediction_component,44,17,8448.0,2.1893644584863748e-05,5.421113507463137e-08,1.4142135623730951,1,7.54983443527075,0.1873171623163388,0.8866010210973454,1.25,0,,53,58,137,141,44,48,-7.265911499351242,0.0,0.9998765146152433,True,3,small,0.5309848428280338
BraTS-GLI-02755-101,sustraccion,prediction_component,45,12,6144.0,2.4917498197257264e-05,7.022006780482366e-08,1.4142135623730951,1,6.4031242374328485,0.2208630521496931,0.9957510787676723,1.3333333333333333,0,,54,58,70,73,31,35,-7.153538755513696,0.0,0.9999674469175863,True,3,small,0.5309848428280338
BraTS-GLI-02755-101,sustraccion,prediction_component,46,12,5376.0,3.04433440619409e-05,1.0481829363285631e-07,1.4142135623730951,1,5.830951894845301,0.24253562503633297,0.9957510787676723,1.3333333333333333,0,,54,57,123,127,55,58,-6.979562914580636,0.0,0.9999881881216841,True,3,small,0.5309848428280338
BraTS-GLI-02755-101,sustraccion,prediction_component,50,41,16896.0,1.8668439017195794e-05,3.941562199846684e-08,1.4142135623730951,1,11.090536506409418,0.12751534261266767,0.6611244956113513,1.4,0,,55,60,73,80,61,68,-7.404331615660262,0.0,0.9988346405240088,True,3,small,0.5309848428280338
BraTS-GLI-02755-101,sustraccion,prediction_component,55,24,11520.0,1.9410312304685675e-05,4.261057744126781e-08,1.4142135623730951,1,9.486832980505138,0.14907119849998599,0.7903281549671363,1.75,0,,57,62,141,148,124,128,-7.3704825803769465,0.0,0.9995262324127593,True,3,small,0.5309848428280338
BraTS-GLI-02755-101,sustraccion,prediction_component,56,12,5376.0,3.04433440619409e-05,1.0481829363285631e-07,1.4142135623730951,1,5.830951894845301,0.24253562503633297,0.9957510787676723,1.3333333333333333,0,,58,62,36,39,133,136,-6.979562914580636,0.0,0.9999881881216841,True,3,small,0.5309848428280338
BraTS-GLI-02755-101,sustraccion,prediction_component,58,12,5376.0,3.04433440619409e-05,1.0481829363285631e-07,1.4142135623730951,1,5.830951894845301,0.24253562503633297,0.9957510787676723,1.3333333333333333,0,,58,61,88,92,28,31,-6.979562914580636,0.0,0.9999881881216841,True,3,small,0.5309848428280338
BraTS-GLI-02755-101,sustraccion,prediction_component,59,58,24064.0,1.5537325538930045e-05,2.7302656416642956e-08,1.4142135623730951,1,15.937377450509228,0.08873565094161139,0.5889365886474403,2.1666666666666665,0,,58,64,115,128,31,38,-7.563795096147349,0.0,0.9948963861901994,True,3,small,0.5309848428280338
BraTS-GLI-02755-101,sustraccion,prediction_component,61,12,6144.0,2.4917498197257264e-05,7.022006780482366e-08,1.4142135623730951,1,6.4031242374328485,0.2208630521496931,0.9957510787676723,1.3333333333333333,0,,60,63,25,29,63,67,-7.153538755513696,0.0,0.9999674469175863,True,3,small,0.5309848428280338
BraTS-GLI-02755-101,sustraccion,prediction_component,62,12,6144.0,2.4917498197257264e-05,7.022006780482366e-08,1.4142135623730951,1,6.4031242374328485,0.2208630521496931,0.9957510787676723,1.3333333333333333,0,,60,63,42,46,45,49,-7.153538755513696,0.0,0.9999674469175863,True,3,small,0.5309848428280338
BraTS-GLI-02755-101,sustraccion,prediction_component,63,14,6912.0,2.4362533060422576e-05,6.712700278491907e-08,1.4142135623730951,1,7.0710678118654755,0.2,0.9458781407605124,1.6666666666666667,0,,60,65,81,84,92,96,-7.1731027435946135,0.0,0.9999414397968109,True,3,small,0.5309848428280338
BraTS-GLI-02755-101,sustraccion,prediction_component,64,21,9984.0,2.1050500988499285e-05,5.011609755027925e-08,1.4142135623730951,1,8.774964387392123,0.16116459280507606,0.8263006657894747,1.5,0,,60,65,148,152,116,122,-7.300022754085787,0.0,0.9997348090641802,True,3,small,0.5309848428280338
BraTS-GLI-02755-101,sustraccion,prediction_component,65,20,7680.0,2.9715850559091044e-05,9.986854087797143e-08,1.4142135623730951,1,6.928203230275509,0.20412414523193154,0.8398489863421099,1.0,0,,61,65,79,83,85,89,-7.000571295305153,0.0,0.999959714665867,True,3,small,0.5309848428280338
BraTS-GLI-02755-101,sustraccion,prediction_component,66,12,5376.0,3.04433440619409e-05,1.0481829363285631e-07,1.4142135623730951,1,5.830951894845301,0.24253562503633297,0.9957510787676723,1.3333333333333333,0,,62,65,146,149,46,50,-6.979562914580636,0.0,0.9999881881216841,True,3,small,0.5309848428280338
BraTS-GLI-02755-101,sustraccion,prediction_component,68,47,18176.0,1.9180078790407374e-05,4.160573008083609e-08,1.4142135623730951,1,11.357816691600547,0.12451456127293807,0.6317015099045129,2.0,0,,64,71,38,46,92,96,-7.380846852759919,0.0,0.9987659391741961,True,3,small,0.5309848428280338
BraTS-GLI-02755-101,sustraccion,prediction_component,72,44,14592.0,2.4962061279666053e-05,7.047145908286656e-08,1.4142135623730951,1,10.04987562112089,0.1407195089460584,0.6457438947298227,1.75,0,,68,75,72,78,151,155,-7.151986736519227,0.0,0.9996152057462383,True,3,small,0.5309848428280338
BraTS-GLI-02755-101,sustraccion,prediction_component,73,20,7680.0,2.9715850559091044e-05,9.986854087797143e-08,1.4142135623730951,1,6.928203230275509,0.20412414523193154,0.8398489863421099,1.0,0,,68,72,101,105,87,91,-7.000571295305153,0.0,0.999959714665867,True,3,small,0.5309848428280338
BraTS-GLI-02755-101,sustraccion,prediction_component,74,12,6144.0,2.4917498197257264e-05,7.022006780482366e-08,1.4142135623730951,1,6.4031242374328485,0.2208630521496931,0.9957510787676723,1.3333333333333333,0,,68,72,150,153,121,125,-7.153538755513696,0.0,0.9999674469175863,True,3,small,0.5309848428280338
BraTS-GLI-02755-101,sustraccion,prediction_component,75,47,15616.0,2.40848062757993e-05,6.560526413647894e-08,1.4142135623730951,1,10.04987562112089,0.1407195089460584,0.6317015099045129,1.75,0,,69,75,118,125,87,91,-7.183061311634994,0.0,0.9995490919264046,True,3,small,0.5309848428280338
BraTS-GLI-02755-101,sustraccion,prediction_component,78,34,11520.0,2.7497942431638037e-05,8.55170616703222e-08,1.4142135623730951,1,8.774964387392123,0.16116459280507606,0.7036956967830031,1.5,0,,71,76,71,77,24,28,-7.0679472297156485,0.0,0.9998343503277797,True,3,small,0.5309848428280338
BraTS-GLI-02755-101,sustraccion,prediction_component,79,27,11008.0,2.3377665101405374e-05,6.180941584077854e-08,1.4142135623730951,1,9.0,0.15713484026367724,0.7599002946021327,2.0,0,,72,75,51,57,67,73,-7.208945360894912,0.0,0.9997497665207135,True,3,small,0.5309848428280338
BraTS-GLI-02755-101,sustraccion,prediction_component,80,36,14080.0,2.1547580831566683e-05,5.251089380017996e-08,1.4142135623730951,1,11.575836902790225,0.12216944435630524,0.6904152369103725,1.1666666666666667,0,,72,78,68,75,65,72,-7.279750589422284,0.0,0.9992634869484476,True,3,small,0.5309848428280338
BraTS-GLI-02755-101,sustraccion,prediction_component,83,29,12288.0,2.129002610079339e-05,5.126308769432005e-08,1.4142135623730951,1,9.797958971132712,0.14433756729740646,0.742013605090188,2.0,0,,73,77,58,66,63,67,-7.290195238802977,0.0,0.999555129650387,True,3,small,0.5309848428280338
BraTS-GLI-02755-101,sustraccion,prediction_component,84,53,19712.0,1.9150487496070958e-05,4.147744930710368e-08,1.4142135623730951,1,11.74734012447073,0.12038585308576921,0.6069029442833568,1.6,0,,73,80,96,104,152,157,-7.382187958789995,0.0,0.998561157450174,True,3,small,0.5309848428280338
BraTS-GLI-02755-101,sustraccion,prediction_component,86,36,16896.0,1.639180011265972e-05,3.0388248726955995e-08,1.4142135623730951,1,12.68857754044952,0.11145564251507058,0.6904152369103725,2.0,0,,74,79,105,111,29,39,-7.517294327565159,0.0,0.9978775869619761,True,3,small,0.5309848428280338
BraTS-GLI-02755-101,sustraccion,prediction_component,88,335,107008.0,9.570187275420628e-06,1.0358413560597502e-08,2.0,1,30.14962686336267,0.06633581268066595,0.4642065489150167,4.4,1,,74,94,160,182,84,89,-7.9847067537255425,0.6931471805599453,0.9337471891859421,True,3,small,0.5309848428280338
BraTS-GLI-02755-101,sustraccion,prediction_component,89,17,7168.0,2.8012503667152895e-05,8.874752009735003e-08,1.4142135623730951,1,6.928203230275509,0.20412414523193154,0.8866010210973454,1.0,0,,75,79,48,52,73,77,-7.051843773744237,0.0,0.9999579755349162,True,3,small,0.5309848428280338
BraTS-GLI-02755-101,sustraccion,prediction_component,90,34,13824.0,2.091839354831474e-05,4.9489040318473496e-08,1.4142135623730951,1,10.246950765959598,0.13801311186847084,0.7036956967830031,2.0,0,,75,80,54,62,112,116,-7.305490967858523,0.0,0.9994083126845451,True,3,small,0.5309848428280338
BraTS-GLI-02755-101,sustraccion,prediction_component,91,12,6144.0,2.4917498197257264e-05,7.022006780482366e-08,1.4142135623730951,1,6.4031242374328485,0.2208630521496931,0.9957510787676723,1.3333333333333333,0,,75,79,123,127,30,33,-7.153538755513696,0.0,0.9999674469175863,True,3,small,0.5309848428280338
BraTS-GLI-02755-101,sustraccion,prediction_component,99,33,16128.0,1.6111766815094476e-05,2.9358827614758364e-08,1.4142135623730951,1,11.445523142259598,0.1235604126430431,0.7107331206052484,1.8,0,,78,87,35,40,135,140,-7.532261291079098,0.0,0.9982902772257236,True,3,small,0.5309848428280338
BraTS-GLI-02755-101,sustraccion,prediction_component,102,22,9472.0,2.386492900600362e-05,6.441287249488336e-08,1.4142135623730951,1,8.12403840463596,0.17407765595569785,0.8135863258112027,1.25,0,,78,83,155,160,51,55,-7.1910273330307,0.0,0.9998520666242117,True,3,small,0.5309848428280338
BraTS-GLI-02755-101,sustraccion,prediction_component,104,12,5376.0,3.04433440619409e-05,1.0481829363285631e-07,1.4142135623730951,1,5.830951894845301,0.24253562503633297,0.9957510787676723,1.3333333333333333,0,,79,83,178,181,80,83,-6.979562914580636,0.0,0.9999881881216841,True,3,small,0.5309848428280338
BraTS-GLI-02755-101,sustraccion,prediction_component,105,83,32512.0,1.415834735665628e-05,2.2671356148880995e-08,1.4142135623730951,1,19.87460691435179,0.07115680669648201,0.5226189705555763,2.142857142857143,0,,80,95,53,60,103,114,-7.644522500589851,0.0,0.9886244660512629,True,3,small,0.5309848428280338
BraTS-GLI-02755-101,sustraccion,prediction_component,106,17,7680.0,2.5258472975227388e-05,7.215502078433436e-08,1.4142135623730951,1,7.0710678118654755,0.2,0.8866010210973454,1.6666666666666667,0,,80,84,83,86,147,152,-7.141733443876567,0.0,0.9999371680724158,True,3,small,0.5309848428280338
BraTS-GLI-02755-101,sustraccion,prediction_component,108,12,5376.0,3.04433440619409e-05,1.0481829363285631e-07,1.4142135623730951,1,5.830951894845301,0.24253562503633297,0.9957510787676723,1.3333333333333333,0,,81,85,40,43,91,94,-6.979562914580636,0.0,0.9999881881216841,True,3,small,0.5309848428280338
BraTS-GLI-02755-101,sustraccion,prediction_component,110,19,8448.0,2.446936747720066e-05,6.771702339772293e-08,1.4142135623730951,1,7.810249675906654,0.1810714920850371,0.8543319874271107,2.0,0,,81,84,106,112,150,154,-7.169302140202132,0.0,0.9998934476197895,True,3,small,0.5309848428280338
BraTS-GLI-02755-101,sustraccion,prediction_component,111,12,6144.0,2.4917498197257264e-05,7.022006780482366e-08,1.4142135623730951,1,6.4031242374328485,0.2208630521496931,0.9957510787676723,1.3333333333333333,0,,81,84,108,112,141,145,-7.153538755513696,0.0,0.9999674469175863,True,3,small,0.5309848428280338
BraTS-GLI-02755-101,sustraccion,prediction_component,112,91,38400.0,1.2093292458402193e-05,1.654022774020963e-08,1.4142135623730951,1,25.80697580112788,0.0547996624351191,0.5068320500705872,2.7142857142857144,0,,82,98,98,117,45,52,-7.781458514998984,0.0,0.9741537608087976,True,3,small,0.5309848428280338
BraTS-GLI-02755-101,sustraccion,prediction_component,113,12,6144.0,2.4917498197257264e-05,7.022006780482366e-08,1.4142135623730951,1,6.4031242374328485,0.2208630521496931,0.9957510787676723,1.3333333333333333,0,,82,86,153,157,87,90,-7.153538755513696,0.0,0.9999674469175863,True,3,small,0.5309848428280338
BraTS-GLI-02755-101,sustraccion,prediction_component,114,12,5376.0,3.04433440619409e-05,1.0481829363285631e-07,1.4142135623730951,1,5.830951894845301,0.24253562503633297,0.9957510787676723,1.3333333333333333,0,,83,87,70,73,24,27,-6.979562914580636,0.0,0.9999881881216841,True,3,small,0.5309848428280338
BraTS-GLI-02755-101,sustraccion,prediction_component,115,14,6144.0,2.9070414563466808e-05,9.557731451212109e-08,1.4142135623730951,1,6.928203230275509,0.20412414523193154,0.9458781407605124,1.0,0,,83,87,161,165,106,110,-7.019645176252469,0.0,0.9999690143044426,True,3,small,0.5309848428280338
BraTS-GLI-02755-101,sustraccion,prediction_component,116,16,6656.0,2.9464563572443515e-05,9.818664009850627e-08,1.4142135623730951,1,6.4031242374328485,0.2208630521496931,0.9046998952817776,1.3333333333333333,0,,84,88,43,47,90,93,-7.007947601074732,0.0,0.999974670476063,True,3,small,0.5309848428280338
BraTS-GLI-02755-101,sustraccion,prediction_component,117,14,7680.0,2.080109539136373e-05,4.8935585030206e-08,1.4142135623730951,1,7.54983443527075,0.1873171623163388,0.9458781407605124,1.25,0,,84,88,76,81,39,43,-7.310375215276639,0.0,0.9998792186253973,True,3,small,0.5309848428280338
BraTS-GLI-02755-101,sustraccion,prediction_component,118,12,6144.0,2.4917498197257264e-05,7.022006780482366e-08,1.4142135623730951,1,6.4031242374328485,0.2208630521496931,0.9957510787676723,1.3333333333333333,0,,84,88,157,160,119,123,-7.153538755513696,0.0,0.9999674469175863,True,3,small,0.5309848428280338
BraTS-GLI-02755-101,sustraccion,prediction_component,119,16,6656.0,2.9464563572443515e-05,9.818664009850627e-08,1.4142135623730951,1,6.4031242374328485,0.2208630521496931,0.9046998952817776,1.3333333333333333,0,,84,87,165,169,63,67,-7.007947601074732,0.0,0.999974670476063,True,3,small,0.5309848428280338
BraTS-GLI-02755-101,sustraccion,prediction_component,122,27,10752.0,2.4217531906717828e-05,6.633032643954189e-08,1.4142135623730951,1,8.602325267042627,0.1643989873053573,0.7599002946021327,2.3333333333333335,0,,85,89,80,87,156,159,-7.178287865349854,0.0,0.9998027262548603,True,3,small,0.5309848428280338
BraTS-GLI-02755-101,sustraccion,prediction_component,123,123,46592.0,1.2230327356267632e-05,1.6917202055055365e-08,1.4142135623730951,1,27.676705006196094,0.0510976130307596,0.45839812278150716,2.1,0,,85,95,80,95,34,55,-7.771671463550556,0.0,0.9692264328163911,True,3,small,0.5309848428280338
BraTS-GLI-02755-101,sustraccion,prediction_component,124,140,44288.0,1.5021003005576959e-05,2.5518211903345857e-08,1.7320508075688772,1,23.853720883753127,0.07261134713572441,0.5377092223857131,2.625,0,,85,93,106,127,23,31,-7.593149760504038,0.0,0.9912210532194625,True,3,small,0.5309848428280338
BraTS-GLI-02755-101,sustraccion,prediction_component,126,79,27136.0,1.767292137893939e-05,3.532393397260056e-08,1.4142135623730951,1,18.193405398660254,0.07773220743364717,0.5312947247927275,1.4444444444444444,0,,86,95,95,104,30,43,-7.451930935687556,0.0,0.9951068860696598,True,3,small,0.5309848428280338
BraTS-GLI-02755-101,sustraccion,prediction_component,129,156,56064.0,1.1751639981797567e-05,1.561885991361761e-08,1.4142135623730951,1,29.966648127543394,0.04719291781830087,0.42348334499879026,1.9166666666666667,0,,87,102,31,54,98,110,-7.80635067028556,0.0,0.9587237708579924,True,3,small,0.5309848428280338
BraTS-GLI-02755-101,sustraccion,prediction_component,130,17,7680.0,2.5258472975227388e-05,7.215502078433436e-08,1.4142135623730951,1,7.0710678118654755,0.2,0.8866010210973454,1.6666666666666667,0,,87,90,58,62,142,147,-7.141733443876567,0.0,0.9999371680724158,True,3,small,0.5309848428280338
BraTS-GLI-02755-101,sustraccion,prediction_component,131,30,12544.0,2.135340743440233e-05,5.156876691120846e-08,1.4142135623730951,1,9.695359714832659,0.14586499149789456,0.73367566779705,2.3333333333333335,0,,87,90,61,68,32,38,-7.287613253120344,0.0,0.9995593778436467,True,3,small,0.5309848428280338
BraTS-GLI-02755-101,sustraccion,prediction_component,132,47,19456.0,1.7318789017392454e-05,3.392246605500557e-08,1.4142135623730951,1,13.490737563232042,0.10482848367219183,0.6317015099045129,2.2,0,,87,98,87,93,50,55,-7.469512583445066,0.0,0.9976027560847442,True,3,small,0.5309848428280338
BraTS-GLI-02755-101,sustraccion,prediction_component,133,12,5376.0,3.04433440619409e-05,1.0481829363285631e-07,1.4142135623730951,1,5.830951894845301,0.24253562503633297,0.9957510787676723,1.3333333333333333,0,,87,91,125,128,146,149,-6.979562914580636,0.0,0.9999881881216841,True,3,small,0.5309848428280338
BraTS-GLI-02755-101,sustraccion,prediction_component,136,36,13824.0,2.21488872864509e-05,5.548252270998412e-08,1.4142135623730951,1,10.246950765959598,0.13801311186847084,0.6904152369103725,2.0,0,,89,94,46,54,90,94,-7.255843800408458,0.0,0.9994862545357276,True,3,small,0.5309848428280338
BraTS-GLI-02755-101,sustraccion,prediction_component,140,17,7168.0,2.8012503667152895e-05,8.874752009735003e-08,1.4142135623730951,1,6.928203230275509,0.20412414523193154,0.8866010210973454,1.0,0,,89,93,159,163,37,41,-7.051843773744237,0.0,0.9999579755349162,True,3,small,0.5309848428280338
BraTS-GLI-02755-101,sustraccion,prediction_component,141,36,14592.0,2.0423504683363135e-05,4.7175108972828026e-08,1.4142135623730951,1,10.770329614269007,0.13130643285972257,0.6904152369103725,2.0,0,,89,95,178,182,58,66,-7.326287087957027,0.0,0.9992527293307378,True,3,small,0.5309848428280338
BraTS-GLI-02755-101,sustraccion,prediction_component,142,30,11264.0,2.509471640107008e-05,7.122245795380311e-08,1.4142135623730951,1,8.774964387392123,0.16116459280507606,0.73367566779705,1.5,0,,89,93,181,186,66,72,-7.147383042493365,0.0,0.9997979406126128,True,3,small,0.5309848428280338
BraTS-GLI-02755-101,sustraccion,prediction_component,144,45,16128.0,2.1970591111492468e-05,5.4592861267112664e-08,1.4142135623730951,1,11.445523142259598,0.1235604126430431,0.6409247308398612,1.8,0,,90,95,75,84,129,134,-7.262864143284185,0.0,0.9992107749653701,True,3,small,0.5309848428280338
BraTS-GLI-02755-101,sustraccion,prediction_component,145,26,13824.0,1.5996418595770094e-05,2.8939957833294188e-08,1.4142135623730951,1,11.916375287812984,0.11867816581938534,0.7695203069187393,1.8,0,,90,99,78,83,39,45,-7.538502106001397,0.0,0.9984177249131728,True,3,small,0.5309848428280338
BraTS-GLI-02755-101,sustraccion,prediction_component,146,12,6144.0,2.4917498197257264e-05,7.022006780482366e-08,1.4142135623730951,1,6.4031242374328485,0.2208630521496931,0.9957510787676723,1.3333333333333333,0,,90,94,90,94,22,25,-7.153538755513696,0.0,0.9999674469175863,True,3,small,0.5309848428280338
BraTS-GLI-02755-101,sustraccion,prediction_component,147,27,9984.0,2.7064929842356223e-05,8.284497758311468e-08,1.4142135623730951,1,8.660254037844387,0.1632993161855452,0.7599002946021327,1.0,0,,90,95,103,108,142,147,-7.08173381523565,0.0,0.999859159357494,True,3,small,0.5309848428280338
BraTS-GLI-02755-101,sustraccion,prediction_component,148,14,7680.0,2.080109539136373e-05,4.8935585030206e-08,1.4142135623730951,1,7.54983443527075,0.1873171623163388,0.9458781407605124,1.25,0,,90,94,157,161,76,81,-7.310375215276639,0.0,0.9998792186253973,True,3,small,0.5309848428280338
BraTS-GLI-02755-101,sustraccion,prediction_component,151,96,33280.0,1.581234409808346e-05,2.8277752348369805e-08,1.4142135623730951,1,16.30950643030009,0.08671099695241201,0.49787553938383616,3.25,0,,91,104,56,65,90,94,-7.548555113315501,0.0,0.9933618922339889,True,3,small,0.5309848428280338
BraTS-GLI-02755-101,sustraccion,prediction_component,156,25,9984.0,2.5060120224403912e-05,7.102621534903521e-08,1.4142135623730951,1,8.12403840463596,0.17407765595569785,0.7796467353853097,1.25,0,,92,96,37,42,43,48,-7.14858132620955,0.0,0.9998592723664956,True,3,small,0.5309848428280338
BraTS-GLI-02755-101,sustraccion,prediction_component,158,61,19968.0,2.1618620756591904e-05,5.2857709462752005e-08,1.4142135623730951,1,12.884098726725126,0.10976425998969035,0.5791191452117007,1.5,0,,92,98,90,97,141,150,-7.276891660524035,0.0,0.9987216068308167,True,3,small,0.5309848428280338
BraTS-GLI-02755-101,sustraccion,prediction_component,160,12,6144.0,2.4917498197257264e-05,7.022006780482366e-08,1.4142135623730951,1,6.4031242374328485,0.2208630521496931,0.9957510787676723,1.3333333333333333,0,,92,95,142,146,97,101,-7.153538755513696,0.0,0.9999674469175863,True,3,small,0.5309848428280338
BraTS-GLI-02755-101,sustraccion,prediction_component,161,77,23808.0,2.0960727616306164e-05,4.968955211855028e-08,1.4142135623730951,1,14.594519519326424,0.09690031662230185,0.5358554176060653,1.4285714285714286,0,,92,102,152,159,83,91,-7.303734917790969,0.0,0.9979848604977659,True,3,small,0.5309848428280338
BraTS-GLI-02755-101,sustraccion,prediction_component,164,24,8448.0,3.090867470804294e-05,1.0804710658473243e-07,1.4142135623730951,1,7.0710678118654755,0.2,0.7903281549671363,1.6666666666666667,0,,93,97,77,82,23,26,-6.966386858684578,0.0,0.9999554649394004,True,3,small,0.5309848428280338
BraTS-GLI-02755-101,sustraccion,prediction_component,165,12,6144.0,2.4917498197257264e-05,7.022006780482366e-08,1.4142135623730951,1,6.4031242374328485,0.2208630521496931,0.9957510787676723,1.3333333333333333,0,,93,96,139,143,93,97,-7.153538755513696,0.0,0.9999674469175863,True,3,small,0.5309848428280338
BraTS-GLI-02755-101,sustraccion,prediction_component,166,12,5376.0,3.04433440619409e-05,1.0481829363285631e-07,1.4142135623730951,1,5.830951894845301,0.24253562503633297,0.9957510787676723,1.3333333333333333,0,,93,96,183,186,74,78,-6.979562914580636,0.0,0.9999881881216841,True,3,small,0.5309848428280338
BraTS-GLI-02755-101,sustraccion,prediction_component,169,45,18944.0,1.7258577067514345e-05,3.368700072369287e-08,1.4142135623730951,1,11.575836902790225,0.12216944435630524,0.6409247308398612,1.1666666666666667,0,,94,101,83,89,126,133,-7.472537654116369,0.0,0.9982508274337376,True,3,small,0.5309848428280338
BraTS-GLI-02755-101,sustraccion,prediction_component,170,12,5376.0,3.04433440619409e-05,1.0481829363285631e-07,1.4142135623730951,1,5.830951894845301,0.24253562503633297,0.9957510787676723,1.3333333333333333,0,,94,97,91,94,40,44,-6.979562914580636,0.0,0.9999881881216841,True,3,small,0.5309848428280338
BraTS-GLI-02755-101,sustraccion,prediction_component,174,17,7680.0,2.5258472975227388e-05,7.215502078433436e-08,1.4142135623730951,1,7.0710678118654755,0.2,0.8866010210973454,1.6666666666666667,0,,95,98,87,91,133,138,-7.141733443876567,0.0,0.9999371680724158,True,3,small,0.5309848428280338
BraTS-GLI-02755-101,sustraccion,prediction_component,180,21,9984.0,2.1050500988499285e-05,5.011609755027925e-08,1.4142135623730951,1,9.273618495495704,0.15249857033260467,0.8263006657894747,1.2,0,,96,101,92,97,133,139,-7.300022754085787,0.0,0.9996922321981113,True,3,small,0.5309848428280338
BraTS-GLI-02755-101,sustraccion,prediction_component,181,24,9216.0,2.712673611111111e-05,8.322378406497619e-08,1.4142135623730951,1,7.681145747868608,0.1841149235796647,0.7903281549671363,1.6666666666666667,0,,96,101,116,121,24,27,-7.079752541352778,0.0,0.9999111338864807,True,3,small,0.5309848428280338
BraTS-GLI-02755-101,sustraccion,prediction_component,185,17,6912.0,2.9583075859084555e-05,9.897808063694699e-08,1.4142135623730951,1,6.557438524302,0.21566554640687685,0.8866010210973454,1.6666666666666667,0,,98,101,100,105,78,81,-7.004460972194542,0.0,0.9999710593812473,True,3,small,0.5309848428280338
BraTS-GLI-02755-101,sustraccion,prediction_component,192,31,13056.0,2.0780044905057206e-05,4.883659056774402e-08,1.4142135623730951,1,11.180339887498949,0.12649110640673517,0.7257003006213092,1.6,0,,99,104,60,66,136,144,-7.311254663099391,0.0,0.9993124822619233,True,3,small,0.5309848428280338
BraTS-GLI-02755-101,sustraccion,prediction_component,193,37,14336.0,2.155558112173833e-05,5.2549894036882425e-08,1.4142135623730951,1,10.488088481701515,0.13483997249264842,0.6841383873286643,1.4,0,,99,106,108,114,149,154,-7.2794281553587386,0.0,0.9993964610654383,True,3,small,0.5309848428280338
BraTS-GLI-02755-101,sustraccion,prediction_component,194,59,26880.0,1.3387766067699836e-05,2.027069334088738e-08,1.4142135623730951,1,17.74823934929885,0.07968190728895957,0.5855902858043154,2.6,0,,99,104,137,148,69,82,-7.693131396399654,0.0,0.9903377906671675,True,3,small,0.5309848428280338
BraTS-GLI-02755-101,sustraccion,prediction_component,199,21,11520.0,1.6984023266599966e-05,3.262372335347067e-08,1.4142135623730951,1,9.486832980505138,0.14907119849998599,0.8263006657894747,1.75,0,,100,107,97,102,21,25,-7.48646647433232,0.0,0.99935116355164,True,3,small,0.5309848428280338
BraTS-GLI-02755-101,sustraccion,prediction_component,202,21,8960.0,2.476037855649951e-05,6.933730123813445e-08,1.4142135623730951,1,7.681145747868608,0.1841149235796647,0.8263006657894747,1.6666666666666667,0,,102,107,118,123,25,28,-7.159033066057116,0.0,0.9998936797430156,True,3,small,0.5309848428280338
BraTS-GLI-02755-101,sustraccion,prediction_component,204,27,11776.0,2.112842230055952e-05,5.04878074428041e-08,1.4142135623730951,1,9.38083151964686,0.15075567228888181,0.7599002946021327,1.5,0,,102,108,165,171,83,87,-7.296813489200875,0.0,0.9996140164345191,True,3,small,0.5309848428280338
BraTS-GLI-02755-101,sustraccion,prediction_component,205,14,6144.0,2.9070414563466808e-05,9.557731451212109e-08,1.4142135623730951,1,6.928203230275509,0.20412414523193154,0.9458781407605124,1.0,0,,102,106,184,188,75,79,-7.019645176252469,0.0,0.9999690143044426,True,3,small,0.5309848428280338
BraTS-GLI-02755-101,sustraccion,prediction_component,207,36,17664.0,1.5334475172270193e-05,2.6594400628308326e-08,1.4142135623730951,1,11.575836902790225,0.12216944435630524,0.6904152369103725,1.1666666666666667,0,,103,109,50,57,144,151,-7.575209793151319,0.0,0.9978144943264134,True,3,small,0.5309848428280338
BraTS-GLI-02755-101,sustraccion,prediction_component,208,17,7680.0,2.5258472975227388e-05,7.215502078433436e-08,1.4142135623730951,1,7.0710678118654755,0.2,0.8866010210973454,1.6666666666666667,0,,103,108,156,160,35,38,-7.141733443876567,0.0,0.9999371680724158,True,3,small,0.5309848428280338
BraTS-GLI-02755-101,sustraccion,prediction_component,209,21,8448.0,2.704509036953757e-05,8.272356597893577e-08,1.4142135623730951,1,7.54983443527075,0.1873171623163388,0.8263006657894747,1.25,0,,103,107,168,173,126,130,-7.082370752639951,0.0,0.9999241424459344,True,3,small,0.5309848428280338
BraTS-GLI-02755-101,sustraccion,prediction_component,210,21,9984.0,2.1050500988499285e-05,5.011609755027925e-08,1.4142135623730951,1,9.486832980505138,0.14907119849998599,0.8263006657894747,1.75,0,,104,109,53,57,43,50,-7.300022754085787,0.0,0.999673564861192,True,3,small,0.5309848428280338
BraTS-GLI-02755-101,sustraccion,prediction_component,213,29,13056.0,1.943939684666642e-05,4.27383690608457e-08,1.4142135623730951,1,10.44030650891055,0.13545709229571928,0.742013605090188,2.6666666666666665,0,,105,113,100,103,64,70,-7.369182054970024,0.0,0.9993067984885405,True,3,small,0.5309848428280338
BraTS-GLI-02755-101,sustraccion,prediction_component,214,41,14592.0,2.3260102556052457e-05,6.118931958589809e-08,1.4142135623730951,1,10.44030650891055,0.13545709229571928,0.6611244956113513,2.6666666666666665,0,,105,111,108,116,23,26,-7.213324376052131,0.0,0.9994968626845069,True,3,small,0.5309848428280338
BraTS-GLI-02755-101,sustraccion,prediction_component,215,12,6144.0,2.4917498197257264e-05,7.022006780482366e-08,1.4142135623730951,1,6.4031242374328485,0.2208630521496931,0.9957510787676723,1.3333333333333333,0,,107,110,75,79,34,38,-7.153538755513696,0.0,0.9999674469175863,True,3,small,0.5309848428280338
BraTS-GLI-02755-101,sustraccion,prediction_component,216,12,6144.0,2.4917498197257264e-05,7.022006780482366e-08,1.4142135623730951,1,6.4031242374328485,0.2208630521496931,0.9957510787676723,1.3333333333333333,0,,107,111,80,84,145,148,-7.153538755513696,0.0,0.9999674469175863,True,3,small,0.5309848428280338
BraTS-GLI-02755-101,sustraccion,prediction_component,218,13,6912.0,2.2622352127535248e-05,5.7879915666588376e-08,1.4142135623730951,1,6.557438524302,0.21566554640687685,0.9695348330084831,1.6666666666666667,0,,107,112,99,102,152,155,-7.237472110337416,0.0,0.9999473399516785,True,3,small,0.5309848428280338
BraTS-GLI-02755-101,sustraccion,prediction_component,219,56,23296.0,1.574947170555767e-05,2.8053325742430365e-08,1.4142135623730951,1,13.19090595827292,0.10721125348377948,0.5958658900897977,2.0,0,,107,117,108,115,148,153,-7.552015645425008,0.0,0.9965135873461954,True,3,small,0.5309848428280338
BraTS-GLI-02755-101,sustraccion,prediction_component,226,50,19968.0,1.772018094802615e-05,3.551310767451761e-08,1.4142135623730951,1,12.0,0.11785113019775793,0.6188060239571066,2.0,0,,109,117,24,28,104,112,-7.449611321873531,0.0,0.9981444840160503,True,3,small,0.5309848428280338
BraTS-GLI-02755-101,sustraccion,prediction_component,228,12,5376.0,3.04433440619409e-05,1.0481829363285631e-07,1.4142135623730951,1,5.830951894845301,0.24253562503633297,0.9957510787676723,1.3333333333333333,0,,109,113,145,148,137,140,-6.979562914580636,0.0,0.9999881881216841,True,3,small,0.5309848428280338
BraTS-GLI-02755-101,sustraccion,prediction_component,231,12,6144.0,2.4917498197257264e-05,7.022006780482366e-08,1.4142135623730951,1,6.4031242374328485,0.2208630521496931,0.9957510787676723,1.3333333333333333,0,,111,115,89,93,43,46,-7.153538755513696,0.0,0.9999674469175863,True,3,small,0.5309848428280338
BraTS-GLI-02755-101,sustraccion,prediction_component,233,130,36096.0,1.89563507276858e-05,4.064076218269837e-08,1.4142135623730951,1,16.76305461424021,0.08436490812191956,0.45001820546908056,1.1111111111111112,0,,111,120,134,144,63,73,-7.391038155826593,0.0,0.9954964898587221,True,3,small,0.5309848428280338
BraTS-GLI-02755-101,sustraccion,prediction_component,234,12,5376.0,3.04433440619409e-05,1.0481829363285631e-07,1.4142135623730951,1,5.830951894845301,0.24253562503633297,0.9957510787676723,1.3333333333333333,0,,112,116,65,68,88,91,-6.979562914580636,0.0,0.9999881881216841,True,3,small,0.5309848428280338
BraTS-GLI-02755-101,sustraccion,prediction_component,236,21,9984.0,2.1050500988499285e-05,5.011609755027925e-08,1.4142135623730951,1,9.273618495495704,0.15249857033260467,0.8263006657894747,1.2,0,,112,118,71,76,76,81,-7.300022754085787,0.0,0.9996922321981113,True,3,small,0.5309848428280338
BraTS-GLI-02755-101,sustraccion,prediction_component,237,20,7168.0,3.29558866672387e-05,1.2283393785100348e-07,1.4142135623730951,1,6.4031242374328485,0.2208630521496931,0.8398489863421099,1.3333333333333333,0,,112,116,115,119,26,29,-6.910681625172823,0.0,0.9999783074047945,True,3,small,0.5309848428280338
BraTS-GLI-02755-101,sustraccion,prediction_component,238,47,17920.0,1.9592544865623782e-05,4.3414426994058674e-08,1.4142135623730951,1,11.0,0.128564869306645,0.6317015099045129,1.1666666666666667,0,,112,118,167,174,89,95,-7.362365926645463,0.0,0.9989245556554357,True,3,small,0.5309848428280338
BraTS-GLI-02755-101,sustraccion,prediction_component,240,392,137984.0,7.64791356984993e-06,6.615128974575455e-09,1.7320508075688772,1,52.94336596779619,0.032715162247569034,0.38150023351441054,1.8571428571428572,0,,113,142,54,75,25,64,-8.179461683993429,0.0,0.8004899579099457,True,3,small,0.5309848428280338
BraTS-GLI-02755-101,sustraccion,prediction_component,242,12,6144.0,2.4917498197257264e-05,7.022006780482366e-08,1.4142135623730951,1,6.4031242374328485,0.2208630521496931,0.9957510787676723,1.3333333333333333,0,,113,117,159,163,129,132,-7.153538755513696,0.0,0.9999674469175863,True,3,small,0.5309848428280338
BraTS-GLI-02755-101,sustraccion,prediction_component,244,259,80640.0,1.131029637766027e-05,1.44677283028511e-08,1.7320508075688772,1,35.81898937714463,0.04835565820497614,0.4380162698736201,6.6,0,,114,127,106,139,81,86,-7.839599655680425,0.0,0.95640960547611,True,3,small,0.5309848428280338
BraTS-GLI-02755-101,sustraccion,prediction_component,245,310,97536.0,1.0176871300683438e-05,1.171334508533445e-08,1.7320508075688772,1,33.98529093593286,0.05096471914376255,0.4125433578773879,1.9230769230769231,0,,114,139,143,156,119,138,-7.93131906183244,0.0,0.9379143306083642,True,3,small,0.5309848428280338
BraTS-GLI-02755-101,sustraccion,prediction_component,246,12,5376.0,3.04433440619409e-05,1.0481829363285631e-07,1.4142135623730951,1,5.830951894845301,0.24253562503633297,0.9957510787676723,1.3333333333333333,0,,115,118,79,82,144,148,-6.979562914580636,0.0,0.9999881881216841,True,3,small,0.5309848428280338
BraTS-GLI-02755-101,sustraccion,prediction_component,247,421,134912.0,8.495838047526468e-06,8.163282453540902e-09,1.7320508075688772,1,40.47221268969612,0.04279604925109129,0.37253132622146007,1.1363636363636365,0,,115,140,88,111,132,154,-8.088135176440431,0.0,0.8665870828815743,True,3,small,0.5309848428280338
BraTS-GLI-02755-101,sustraccion,prediction_component,250,34,15360.0,1.7860437523200438e-05,3.607751039216718e-08,1.4142135623730951,1,11.445523142259598,0.1235604126430431,0.7036956967830031,1.8,0,,116,121,30,35,116,125,-7.442763439540548,0.0,0.9987427039617505,True,3,small,0.5309848428280338
BraTS-GLI-02755-101,sustraccion,prediction_component,251,12,5376.0,3.04433440619409e-05,1.0481829363285631e-07,1.4142135623730951,1,5.830951894845301,0.24253562503633297,0.9957510787676723,1.3333333333333333,0,,116,119,93,97,25,28,-6.979562914580636,0.0,0.9999881881216841,True,3,small,0.5309848428280338
BraTS-GLI-02755-101,sustraccion,prediction_component,252,14,6912.0,2.4362533060422576e-05,6.712700278491907e-08,1.4142135623730951,1,7.0710678118654755,0.2,0.9458781407605124,1.6666666666666667,0,,116,120,101,106,25,28,-7.1731027435946135,0.0,0.9999414397968109,True,3,small,0.5309848428280338
BraTS-GLI-02755-101,sustraccion,prediction_component,255,34,12800.0,2.3478154844084584e-05,6.234193795766489e-08,1.4142135623730951,1,10.246950765959598,0.13801311186847084,0.7036956967830031,2.0,0,,117,122,72,80,149,153,-7.205219701397674,0.0,0.9995910718204987,True,3,small,0.5309848428280338
BraTS-GLI-02755-101,sustraccion,prediction_component,256,33,13568.0,2.0880466033621104e-05,4.930974407455473e-08,1.4142135623730951,1,10.63014581273465,0.13303802104754786,0.7107331206052484,2.25,0,,117,121,94,103,84,88,-7.30706725152072,0.0,0.9993659276962008,True,3,small,0.5309848428280338
BraTS-GLI-02755-101,sustraccion,prediction_component,258,33,15360.0,1.7335130537223953e-05,3.398651281753465e-08,1.4142135623730951,1,11.661903789690601,0.12126781251816648,0.7107331206052484,1.3333333333333333,0,,117,123,131,139,91,97,-7.468693393869284,0.0,0.9985926469408207,True,3,small,0.5309848428280338
BraTS-GLI-02755-101,sustraccion,prediction_component,259,14,7680.0,2.080109539136373e-05,4.8935585030206e-08,1.4142135623730951,1,7.54983443527075,0.1873171623163388,0.9458781407605124,1.25,0,,117,121,142,146,89,94,-7.310375215276639,0.0,0.9998792186253973,True,3,small,0.5309848428280338
BraTS-GLI-02755-101,sustraccion,prediction_component,263,117,45056.0,1.2233674245521665e-05,1.6926462273083522e-08,1.4142135623730951,1,23.53720459187964,0.060084176812610975,0.4661037321015165,1.5454545454545454,0,,118,135,112,123,28,40,-7.771433802424253,0.0,0.9741524002853417,True,3,small,0.5309848428280338
BraTS-GLI-02755-101,sustraccion,prediction_component,264,100,30464.0,1.880700369756539e-05,4.0002910759537066e-08,1.4142135623730951,1,15.165750888103101,0.09325048082403138,0.4911466666968849,1.4285714285714286,0,,118,128,114,123,143,150,-7.39790840665172,0.0,0.9965117329348289,True,3,small,0.5309848428280338
BraTS-GLI-02755-101,sustraccion,prediction_component,265,54,19456.0,1.9898183126365798e-05,4.477949797030161e-08,1.4142135623730951,1,13.92838827718412,0.10153461651336192,0.6031332635211851,1.2857142857142858,0,,118,126,131,140,68,75,-7.348920779670564,0.0,0.998219873649559,True,3,small,0.5309848428280338
BraTS-GLI-02755-101,sustraccion,prediction_component,266,32,12032.0,2.424617544845322e-05,6.648732501936358e-08,1.4142135623730951,1,9.273618495495704,0.15249857033260467,0.7180607827429069,1.2,0,,118,124,159,164,125,130,-7.177261139641468,0.0,0.999725054564255,True,3,small,0.5309848428280338
BraTS-GLI-02755-101,sustraccion,prediction_component,270,914,268288.0,6.57724960884743e-06,4.892614758800784e-09,1.7320508075688772,1,51.62363799656123,0.033551506146937055,0.28770104004918523,1.2692307692307692,0,,119,145,73,106,27,57,-8.310458978949589,0.0,0.6516845226530514,True,3,small,0.5309848428280338
BraTS-GLI-02755-101,sustraccion,prediction_component,273,24,10240.0,2.3161213331311374e-05,6.067013858336764e-08,1.4142135623730951,1,8.774964387392123,0.16116459280507606,0.7903281549671363,1.5,0,,119,123,174,179,108,114,-7.217025013034803,0.0,0.9997813544822832,True,3,small,0.5309848428280338
BraTS-GLI-02755-101,sustraccion,prediction_component,276,12,6144.0,2.4917498197257264e-05,7.022006780482366e-08,1.4142135623730951,1,6.4031242374328485,0.2208630521496931,0.9957510787676723,1.3333333333333333,0,,121,124,76,80,82,86,-7.153538755513696,0.0,0.9999674469175863,True,3,small,0.5309848428280338
BraTS-GLI-02755-101,sustraccion,prediction_component,279,12,5376.0,3.04433440619409e-05,1.0481829363285631e-07,1.4142135623730951,1,5.830951894845301,0.24253562503633297,0.9957510787676723,1.3333333333333333,0,,122,125,76,80,28,31,-6.979562914580636,0.0,0.9999881881216841,True,3,small,0.5309848428280338
BraTS-GLI-02755-101,sustraccion,prediction_component,280,19,8448.0,2.446936747720066e-05,6.771702339772293e-08,1.4142135623730951,1,7.681145747868608,0.1841149235796647,0.8543319874271107,1.6666666666666667,0,,123,128,59,64,76,79,-7.169302140202132,0.0,0.9998988771252342,True,3,small,0.5309848428280338
BraTS-GLI-02755-101,sustraccion,prediction_component,283,29,12288.0,2.129002610079339e-05,5.126308769432005e-08,1.4142135623730951,1,9.9498743710662,0.1421338109037403,0.742013605090188,1.4,0,,124,129,55,62,94,99,-7.290195238802977,0.0,0.9995379650875694,True,3,small,0.5309848428280338
BraTS-GLI-02755-101,sustraccion,prediction_component,288,605,189184.0,7.3523939513006246e-06,6.113781474637381e-09,1.7320508075688772,1,45.09988913511872,0.038404768632128425,0.330119900528858,1.12,0,,125,150,104,132,116,141,-8.213690088353667,0.0,0.7684729465365793,True,3,small,0.5309848428280338
BraTS-GLI-02755-101,sustraccion,prediction_component,290,49,19712.0,1.7705167685046733e-05,3.545295684811533e-08,1.4142135623730951,1,12.36931687685298,0.11433239009500591,0.6229872725752906,1.5,0,,126,132,82,91,142,148,-7.450347537934546,0.0,0.9980494081543224,True,3,small,0.5309848428280338
BraTS-GLI-02755-101,sustraccion,prediction_component,297,24,10752.0,2.1526695028193625e-05,5.2409146816428155e-08,1.4142135623730951,1,8.12403840463596,0.17407765595569785,0.7903281549671363,1.25,0,,129,134,47,51,51,56,-7.280592910244617,0.0,0.9997786280211853,True,3,small,0.5309848428280338
BraTS-GLI-02755-101,sustraccion,prediction_component,301,12,6144.0,2.4917498197257264e-05,7.022006780482366e-08,1.4142135623730951,1,6.4031242374328485,0.2208630521496931,0.9957510787676723,1.3333333333333333,0,,131,135,78,81,114,118,-7.153538755513696,0.0,0.9999674469175863,True,3,small,0.5309848428280338
BraTS-GLI-02755-101,sustraccion,prediction_component,302,27,11776.0,2.112842230055952e-05,5.04878074428041e-08,1.4142135623730951,1,9.38083151964686,0.15075567228888181,0.7599002946021327,1.5,0,,131,137,134,138,128,134,-7.296813489200875,0.0,0.9996140164345191,True,3,small,0.5309848428280338
BraTS-GLI-02755-101,sustraccion,prediction_component,303,51,22272.0,1.53437441846061e-05,2.6626560624011203e-08,1.4142135623730951,1,15.84297951775486,0.08926436853549036,0.6147348138286294,3.6666666666666665,0,,131,134,156,167,110,121,-7.57468492813411,0.0,0.9951436702021392,True,3,small,0.5309848428280338
BraTS-GLI-02755-101,sustraccion,prediction_component,304,25,11520.0,2.021907531738091e-05,4.6235435591653447e-08,1.4142135623730951,1,9.273618495495704,0.15249857033260467,0.7796467353853097,1.2,0,,134,139,77,83,134,139,-7.335025046456083,0.0,0.9995946700592937,True,3,small,0.5309848428280338
BraTS-GLI-02755-101,sustraccion,prediction_component,305,184,51712.0,1.5646990571624298e-05,2.768942996968975e-08,1.7320508075688772,1,24.186773244895647,0.07161148740394328,0.49089004259518654,2.5,0,,135,155,71,79,105,116,-7.557685984794926,0.0,0.9909255645509729,True,3,small,0.5309848428280338
BraTS-GLI-02755-101,sustraccion,prediction_component,306,12,6144.0,2.4917498197257264e-05,7.022006780482366e-08,1.4142135623730951,1,6.4031242374328485,0.2208630521496931,0.9957510787676723,1.3333333333333333,0,,135,139,109,112,41,45,-7.153538755513696,0.0,0.9999674469175863,True,3,small,0.5309848428280338
BraTS-GLI-02755-101,sustraccion,prediction_component,307,12,6144.0,2.4917498197257264e-05,7.022006780482366e-08,1.4142135623730951,1,6.4031242374328485,0.2208630521496931,0.9957510787676723,1.3333333333333333,0,,135,139,148,151,117,121,-7.153538755513696,0.0,0.9999674469175863,True,3,small,0.5309848428280338
BraTS-GLI-02755-101,sustraccion,prediction_component,309,14,6144.0,2.9070414563466808e-05,9.557731451212109e-08,1.4142135623730951,1,6.928203230275509,0.20412414523193154,0.9458781407605124,1.0,0,,137,141,63,67,74,78,-7.019645176252469,0.0,0.9999690143044426,True,3,small,0.5309848428280338
BraTS-GLI-02755-101,sustraccion,prediction_component,310,19,9216.0,2.147533275462963e-05,5.2159350776834036e-08,1.4142135623730951,1,8.246211251235321,0.17149858514250885,0.8543319874271107,1.5,0,,138,142,99,105,131,135,-7.282667822870332,0.0,0.9998092493259646,True,3,small,0.5309848428280338
BraTS-GLI-02755-101,sustraccion,prediction_component,312,42,14592.0,2.3827422130590324e-05,6.421056499079371e-08,1.4142135623730951,1,10.246950765959598,0.13801311186847084,0.6558352730581178,2.0,0,,139,143,81,89,127,132,-7.192393508695801,0.0,0.9995467566771041,True,3,small,0.5309848428280338
BraTS-GLI-02755-101,sustraccion,prediction_component,313,93,37632.0,1.2739342048046875e-05,1.8354661111730123e-08,1.4142135623730951,1,21.213203435596427,0.06666666666666667,0.5031724852354296,1.6666666666666667,0,,139,148,86,98,118,133,-7.736253629610785,0.0,0.9818096249797724,True,3,small,0.5309848428280338
BraTS-GLI-02755-101,sustraccion,prediction_component,315,12,6144.0,2.4917498197257264e-05,7.022006780482366e-08,1.4142135623730951,1,6.4031242374328485,0.2208630521496931,0.9957510787676723,1.3333333333333333,0,,139,143,138,141,118,122,-7.153538755513696,0.0,0.9999674469175863,True,3,small,0.5309848428280338
BraTS-GLI-02755-101,sustraccion,prediction_component,317,101,32256.0,1.7434343890254824e-05,3.4376652949741746e-08,1.4142135623730951,1,15.684387141358123,0.09016696346674323,0.4895203413233883,2.2,0,,140,145,149,160,91,101,-7.463736410261531,0.0,0.9952935344513353,True,3,small,0.5309848428280338
BraTS-GLI-02755-101,sustraccion,prediction_component,321,12,5376.0,3.04433440619409e-05,1.0481829363285631e-07,1.4142135623730951,1,5.830951894845301,0.24253562503633297,0.9957510787676723,1.3333333333333333,0,,144,147,76,80,120,123,-6.979562914580636,0.0,0.9999881881216841,True,3,small,0.5309848428280338
BraTS-GLI-02755-101,sustraccion,prediction_component,324,21,9216.0,2.3735894097222223e-05,6.371820967474739e-08,1.4142135623730951,1,7.54983443527075,0.1873171623163388,0.8263006657894747,1.25,0,,149,153,107,111,75,80,-7.1957364353081505,0.0,0.9998847955448195,True,3,small,0.5309848428280338
BraTS-GLI-02755-101,sustraccion,prediction_component,325,17,7680.0,2.5258472975227388e-05,7.215502078433436e-08,1.4142135623730951,1,7.0710678118654755,0.2,0.8866010210973454,1.6666666666666667,0,,153,156,81,86,108,112,-7.141733443876567,0.0,0.9999371680724158,True,3,small,0.5309848428280338
BraTS-GLI-02755-101,gmm_2d,prediction_component,1,273,62976.0,1.727428332482725e-05,3.374834268172225e-08,2.23606797749979,1,22.315913604421397,0.1002006020070253,0.5556401965347587,1.4545454545454546,2,,15,26,79,90,64,80,-7.471747549702753,1.0986122886681098,0.9946788219247077,True,3,small,0.5309848428280338
BraTS-GLI-02755-101,gmm_2d,prediction_component,2,9524,2103552.0,3.1216880961295466e-06,1.1021263609137427e-09,2.8284271247461903,2,136.92698784388708,0.02065646202610497,0.21509718875741593,1.393939393939394,44,,18,95,42,108,34,126,-8.957768609929314,3.8066624897703196,0.02081791178191776,False,3,small,0.5309848428280338
BraTS-GLI-02755-101,gmm_2d,prediction_component,3,526,138240.0,1.0233758319393714e-05,1.1844662386811395e-08,2.449489742783178,1,33.166247903554,0.07385489458759963,0.48915133923610454,2.6,3,,21,47,77,87,83,101,-7.926477313635555,1.3862943611198906,0.9409747528890114,True,3,small,0.5309848428280338
BraTS-GLI-02755-101,gmm_2d,prediction_component,4,44,13824.0,2.7070862238995545e-05,8.288129935688987e-08,1.7320508075688772,1,10.392304845413264,0.16666666666666666,0.7908715233027805,1.0,0,,23,29,68,74,131,137,-7.081543448970658,0.0,0.999879473577284,True,3,small,0.5309848428280338
BraTS-GLI-02755-101,gmm_2d,prediction_component,5,25,9984.0,2.5060120224403912e-05,7.102621534903521e-08,1.7320508075688772,1,8.660254037844387,0.19999999999999996,0.9548683406603533,1.0,0,,25,30,88,93,67,72,-7.14858132620955,0.0,0.9999479890581185,True,3,small,0.5309848428280338
BraTS-GLI-02755-101,gmm_2d,prediction_component,6,347,83968.0,1.4261288358352195e-05,2.3002227580248617e-08,2.23606797749979,1,24.372115213907882,0.09174698042719671,0.5129456844587875,1.2307692307692308,2,,27,40,81,97,70,83,-7.638230104027417,1.0986122886681098,0.9871025753197419,True,3,small,0.5309848428280338
BraTS-GLI-02755-101,gmm_2d,prediction_component,7,146,43008.0,1.63692576776889e-05,3.030472475962952e-08,2.23606797749979,1,20.83266665599966,0.10733469768527296,0.6845369886424673,1.1818181818181819,1,,29,40,52,64,128,141,-7.518489656082842,0.6931471805599453,0.9968602147403643,True,3,small,0.5309848428280338
BraTS-GLI-02755-101,gmm_2d,prediction_component,8,25,9984.0,2.5060120224403912e-05,7.102621534903521e-08,1.7320508075688772,1,8.660254037844387,0.19999999999999996,0.9548683406603533,1.0,0,,33,38,41,46,97,102,-7.14858132620955,0.0,0.9999479890581185,True,3,small,0.5309848428280338
BraTS-GLI-02755-101,gmm_2d,prediction_component,9,97,32000.0,1.6945202641990595e-05,3.247475677473599e-08,1.7320508075688772,1,15.652475842498529,0.11065666703449761,0.6076678398117905,1.25,0,,33,43,67,76,138,146,-7.488454092965807,0.0,0.9974924714127371,True,3,small,0.5309848428280338
BraTS-GLI-02755-101,gmm_2d,prediction_component,10,298,72704.0,1.5201232658354781e-05,2.6134246647935775e-08,2.23606797749979,1,24.06241883103193,0.0929278138329161,0.5396461925271167,1.5454545454545454,2,,33,44,82,99,98,111,-7.58279001446273,1.0986122886681098,0.9904933034251783,True,3,small,0.5309848428280338
BraTS-GLI-02755-101,gmm_2d,prediction_component,11,25,9984.0,2.5060120224403912e-05,7.102621534903521e-08,1.7320508075688772,1,8.660254037844387,0.19999999999999996,0.9548683406603533,1.0,0,,35,40,93,98,116,121,-7.14858132620955,0.0,0.9999479890581185,True,3,small,0.5309848428280338
BraTS-GLI-02755-101,gmm_2d,prediction_component,12,71,23296.0,1.996808019811776e-05,4.5094647661859525e-08,1.7320508075688772,1,12.727922061357855,0.13608276348795434,0.6742755017744779,1.1428571428571428,0,,37,45,88,95,59,66,-7.345875001999258,0.0,0.9992216553215697,True,3,small,0.5309848428280338
BraTS-GLI-02755-101,gmm_2d,prediction_component,13,25,9984.0,2.5060120224403912e-05,7.102621534903521e-08,1.7320508075688772,1,8.660254037844387,0.19999999999999996,0.9548683406603533,1.0,0,,37,42,90,95,110,115,-7.14858132620955,0.0,0.9999479890581185,True,3,small,0.5309848428280338
BraTS-GLI-02755-101,gmm_2d,prediction_component,14,91,27648.0,1.9794558111593342e-05,4.431431043223173e-08,1.7320508075688772,1,13.379088160259652,0.1294595556006309,0.6207399539808366,1.2857142857142858,0,,39,46,32,39,67,76,-7.35345600429279,0.0,0.9989392968078998,True,3,small,0.5309848428280338
BraTS-GLI-02755-101,gmm_2d,prediction_component,15,38,12544.0,2.7047649416909622e-05,8.273922157753891e-08,1.7320508075688772,1,9.273618495495704,0.18677184190940707,0.8304795924748166,1.2,0,,42,47,32,37,99,105,-7.082288569326049,0.0,0.9999244487787192,True,3,small,0.5309848428280338
BraTS-GLI-02755-101,gmm_2d,prediction_component,16,25,9984.0,2.5060120224403912e-05,7.102621534903521e-08,1.7320508075688772,1,8.660254037844387,0.19999999999999996,0.9548683406603533,1.0,0,,43,48,39,44,54,59,-7.14858132620955,0.0,0.9999479890581185,True,3,small,0.5309848428280338
BraTS-GLI-02755-101,gmm_2d,prediction_component,17,4984,1027072.0,4.788248697063948e-06,2.5930194344673055e-09,2.8284271247461903,1,96.46242791885346,0.029321541928485687,0.2669204522690831,2.3666666666666667,16,,43,101,69,140,50,80,-8.586194228217042,2.833213344056216,0.1480728091337886,False,3,small,0.5309848428280338
BraTS-GLI-02755-101,gmm_2d,prediction_component,18,134,39424.0,1.7118423609254666e-05,3.314209148088082e-08,1.7320508075688772,1,18.466185312619388,0.09379580992210836,0.5456178429960139,1.75,0,,43,51,115,124,38,52,-7.479620088253902,0.0,0.9960653212277928,True,3,small,0.5309848428280338
BraTS-GLI-02755-101,gmm_2d,prediction_component,19,132,36352.0,1.9045021473227566e-05,4.102185609599864e-08,1.7320508075688772,1,16.30950643030009,0.1061988488107183,0.5483596872448435,1.375,0,,44,55,19,28,82,90,-7.3869846932115975,0.0,0.9977559521484284,True,3,small,0.5309848428280338
BraTS-GLI-02755-101,gmm_2d,prediction_component,20,25,9984.0,2.5060120224403912e-05,7.102621534903521e-08,1.7320508075688772,1,8.660254037844387,0.19999999999999996,0.9548683406603533,1.0,0,,44,49,46,51,56,61,-7.14858132620955,0.0,0.9999479890581185,True,3,small,0.5309848428280338
BraTS-GLI-02755-101,gmm_2d,prediction_component,21,63,19200.0,2.3680382134730743e-05,6.342051819914697e-08,1.7320508075688772,1,11.575836902790225,0.14962640041614492,0.7016868116919668,1.1666666666666667,0,,44,51,47,54,123,129,-7.197770213742064,0.0,0.999672045778234,True,3,small,0.5309848428280338
BraTS-GLI-02755-101,gmm_2d,prediction_component,22,38,12544.0,2.7047649416909622e-05,8.273922157753891e-08,1.7320508075688772,1,9.273618495495704,0.18677184190940707,0.8304795924748166,1.2,0,,44,50,94,99,65,70,-7.082288569326049,0.0,0.9999244487787192,True,3,small,0.5309848428280338
BraTS-GLI-02755-101,gmm_2d,prediction_component,23,68,19200.0,2.5559777542249055e-05,7.388674128315838e-08,2.23606797749979,1,12.12435565298214,0.18442777839082938,0.8831034221069598,1.0,1,,44,51,122,129,123,130,-7.131433487236755,0.6931471805599453,0.9998922299321822,True,3,small,0.5309848428280338
BraTS-GLI-02755-101,gmm_2d,prediction_component,24,116,38400.0,1.541562555136983e-05,2.6876621721079672e-08,1.7320508075688772,1,16.431676725154983,0.10540925533894598,0.5724938610883553,1.5714285714285714,0,,45,55,29,40,91,98,-7.570625321187334,0.0,0.9958581616528508,True,3,small,0.5309848428280338
BraTS-GLI-02755-101,gmm_2d,prediction_component,25,25,9984.0,2.5060120224403912e-05,7.102621534903521e-08,1.7320508075688772,1,8.660254037844387,0.19999999999999996,0.9548683406603533,1.0,0,,45,50,47,52,116,121,-7.14858132620955,0.0,0.9999479890581185,True,3,small,0.5309848428280338
BraTS-GLI-02755-101,gmm_2d,prediction_component,26,189,52736.0,1.5606338613697916e-05,2.7545738784411176e-08,2.449489742783178,1,20.808652046684813,0.11771496477944254,0.6880466640885212,1.875,1,,45,53,108,123,115,127,-7.5599455752350995,0.6931471805599453,0.9969727111486696,True,3,small,0.5309848428280338
BraTS-GLI-02755-101,gmm_2d,prediction_component,27,2491,539136.0,6.29254354071989e-06,4.478213883698692e-09,2.8284271247461903,1,81.74961773610933,0.03459865872249646,0.33634369227348987,1.2439024390243902,8,,45,94,113,154,23,74,-8.348895167949518,2.1972245773362196,0.42746877046148934,False,3,small,0.5309848428280338
BraTS-GLI-02755-101,gmm_2d,prediction_component,28,98,26112.0,2.322554266518126e-05,6.100762432526191e-08,1.7320508075688772,1,13.45362404707371,0.12874232262686236,0.605593872006889,1.5,0,,46,55,32,38,57,65,-7.21461588637489,0.0,0.999324709954491,True,3,small,0.5309848428280338
BraTS-GLI-02755-101,gmm_2d,prediction_component,29,2724,592896.0,5.966770346135996e-06,4.026530738498535e-09,2.449489742783178,1,82.62566187329455,0.029645629302666777,0.2827284163327111,1.0888888888888888,11,,47,96,105,154,100,145,-8.395068981158829,2.4849066497880004,0.3015631184174866,False,3,small,0.5309848428280338
BraTS-GLI-02755-101,gmm_2d,prediction_component,30,59,19456.0,2.1740607489918187e-05,5.3455909614067176e-08,1.7320508075688772,1,11.74734012447073,0.14744195615489714,0.71719869927557,1.6,0,,47,54,132,140,60,65,-7.272004276032213,0.0,0.9995736434878922,True,3,small,0.5309848428280338
BraTS-GLI-02755-101,gmm_2d,prediction_component,31,44,13824.0,2.7070862238995545e-05,8.288129935688987e-08,1.7320508075688772,1,10.392304845413264,0.16666666666666666,0.7908715233027805,1.0,0,,48,54,51,57,129,135,-7.081543448970658,0.0,0.999879473577284,True,3,small,0.5309848428280338
BraTS-GLI-02755-101,gmm_2d,prediction_component,32,1086,211968.0,1.1128185900799453e-05,1.4005580616383892e-08,3.0,1,40.24922359499622,0.07453559924999299,0.4704796565972343,2.5,4,,49,61,57,81,115,145,-7.853698882323112,1.6094379124341003,0.9475533557487974,True,3,small,0.5309848428280338
BraTS-GLI-02755-101,gmm_2d,prediction_component,33,25,9984.0,2.5060120224403912e-05,7.102621534903521e-08,1.7320508075688772,1,8.660254037844387,0.19999999999999996,0.9548683406603533,1.0,0,,49,54,95,100,113,118,-7.14858132620955,0.0,0.9999479890581185,True,3,small,0.5309848428280338
BraTS-GLI-02755-101,gmm_2d,prediction_component,34,38,13824.0,2.3379381024587062e-05,6.181848980958109e-08,1.7320508075688772,1,9.848857801796104,0.17586311452816475,0.8304795924748166,1.2,0,,49,55,100,106,49,54,-7.2088816087094125,0.0,0.9998546895173824,True,3,small,0.5309848428280338
BraTS-GLI-02755-101,gmm_2d,prediction_component,35,38,12544.0,2.7047649416909622e-05,8.273922157753891e-08,1.7320508075688772,1,9.273618495495704,0.18677184190940707,0.8304795924748166,1.2,0,,50,55,99,105,32,37,-7.082288569326049,0.0,0.9999244487787192,True,3,small,0.5309848428280338
BraTS-GLI-02755-101,gmm_2d,prediction_component,36,129,34048.0,2.0532994975588044e-05,4.768227577847614e-08,2.23606797749979,1,16.30950643030009,0.13710212427677046,0.7133751362466612,1.375,1,,50,59,106,117,29,37,-7.321643024776887,0.6931471805599453,0.999165783249047,True,3,small,0.5309848428280338
BraTS-GLI-02755-101,gmm_2d,prediction_component,37,56,16896.0,2.549835573080401e-05,7.35320586479429e-08,1.7320508075688772,1,10.392304845413264,0.16666666666666666,0.7297836929246639,1.0,0,,50,56,113,119,136,142,-7.133523275087333,0.0,0.9998231766888757,True,3,small,0.5309848428280338
BraTS-GLI-02755-101,gmm_2d,prediction_component,38,123,34304.0,1.9359224934866796e-05,4.23865730486467e-08,2.23606797749979,1,17.0,0.1315334104411641,0.724791071567541,1.5,1,,50,58,132,141,113,125,-7.372771694689755,0.6931471805599453,0.9989308641524274,True,3,small,0.5309848428280338
BraTS-GLI-02755-101,gmm_2d,prediction_component,39,59,18176.0,2.4077120183702874e-05,6.556339810384356e-08,1.7320508075688772,1,11.180339887498949,0.15491933384829665,0.71719869927557,1.6,0,,51,56,57,65,34,40,-7.183338545347065,0.0,0.999729551633257,True,3,small,0.5309848428280338
BraTS-GLI-02755-101,gmm_2d,prediction_component,40,25,9984.0,2.5060120224403912e-05,7.102621534903521e-08,1.7320508075688772,1,8.660254037844387,0.19999999999999996,0.9548683406603533,1.0,0,,51,56,130,135,131,136,-7.14858132620955,0.0,0.9999479890581185,True,3,small,0.5309848428280338
BraTS-GLI-02755-101,gmm_2d,prediction_component,41,325,82176.0,1.3796402763613537e-05,2.152702931700302e-08,2.23606797749979,1,27.477263328068172,0.08137884587711594,0.5242680820827853,1.4615384615384615,4,,51,70,138,153,56,69,-7.6670158977309955,1.6094379124341003,0.9795412062141235,True,3,small,0.5309848428280338
BraTS-GLI-02755-101,gmm_2d,prediction_component,42,50,17152.0,2.2258600373918718e-05,5.6033542268023926e-08,1.7320508075688772,1,11.575836902790225,0.14962640041614492,0.757879504227687,1.1666666666666667,0,,52,58,48,55,41,48,-7.25155192190457,0.0,0.9996647916661594,True,3,small,0.5309848428280338
BraTS-GLI-02755-101,gmm_2d,prediction_component,43,25,9984.0,2.5060120224403912e-05,7.102621534903521e-08,1.7320508075688772,1,8.660254037844387,0.19999999999999996,0.9548683406603533,1.0,0,,52,57,65,70,58,63,-7.14858132620955,0.0,0.9999479890581185,True,3,small,0.5309848428280338
BraTS-GLI-02755-101,gmm_2d,prediction_component,44,50,19968.0,1.772018094802615e-05,3.551310767451761e-08,1.7320508075688772,1,12.206555615733702,0.14189513095212064,0.757879504227687,1.3333333333333333,0,,53,61,33,39,51,58,-7.449611321873531,0.0,0.9992058630255074,True,3,small,0.5309848428280338
BraTS-GLI-02755-101,gmm_2d,prediction_component,45,92,22272.0,2.767891107811297e-05,8.664637028897762e-08,2.23606797749979,1,11.916375287812984,0.1876466562602004,0.7984577295628058,1.8,1,,53,58,80,89,131,137,-7.062249625638873,0.6931471805599453,0.9998969386293548,True,3,small,0.5309848428280338
BraTS-GLI-02755-101,gmm_2d,prediction_component,46,46,15616.0,2.357236358908017e-05,6.284324984734695e-08,1.7320508075688772,1,10.488088481701515,0.1651445647689541,0.7792393700163133,1.4,0,,53,59,89,96,51,56,-7.20174136414328,0.0,0.99980015675719,True,3,small,0.5309848428280338
BraTS-GLI-02755-101,gmm_2d,prediction_component,47,179,49408.0,1.6298855876580754e-05,3.0044612872494696e-08,2.23606797749979,1,21.563858652847824,0.10369516947304254,0.6395829261439693,1.4,1,,54,64,48,62,136,149,-7.522233387537662,0.6931471805599453,0.9961005520387197,True,3,small,0.5309848428280338
BraTS-GLI-02755-101,gmm_2d,prediction_component,48,73,22272.0,2.196261422502442e-05,5.4553226284258247e-08,1.7320508075688772,1,11.661903789690601,0.14852213144650114,0.6680606274231857,1.3333333333333333,0,,55,61,91,99,125,131,-7.263179560089071,0.0,0.9995273479849855,True,3,small,0.5309848428280338
BraTS-GLI-02755-101,gmm_2d,prediction_component,49,123,33536.0,2.002802938806575e-05,4.5365825030499656e-08,2.23606797749979,1,15.165750888103101,0.14744195615489714,0.724791071567541,1.4285714285714286,1,,56,66,35,42,92,101,-7.343271186562625,0.6931471805599453,0.9992701865186108,True,3,small,0.5309848428280338
BraTS-GLI-02755-101,gmm_2d,prediction_component,50,43,16128.0,2.0994120395426138e-05,4.9848000238464846e-08,1.7320508075688772,1,9.9498743710662,0.17407765595569782,0.7969553894885005,1.4,0,,56,61,109,116,101,106,-7.3023522596757,0.0,0.9997650810798512,True,3,small,0.5309848428280338
BraTS-GLI-02755-101,gmm_2d,prediction_component,51,25,9984.0,2.5060120224403912e-05,7.102621534903521e-08,1.7320508075688772,1,8.660254037844387,0.19999999999999996,0.9548683406603533,1.0,0,,59,64,37,42,48,53,-7.14858132620955,0.0,0.9999479890581185,True,3,small,0.5309848428280338
BraTS-GLI-02755-101,gmm_2d,prediction_component,52,160,56320.0,1.197087823975927e-05,1.6207065987709865e-08,1.7320508075688772,1,23.065125189341593,0.07509392614826382,0.5143003693829619,2.25,0,,59,71,70,88,24,32,-7.790295599628896,0.0,0.981458983724909,True,3,small,0.5309848428280338
BraTS-GLI-02755-101,gmm_2d,prediction_component,53,25,9984.0,2.5060120224403912e-05,7.102621534903521e-08,1.7320508075688772,1,8.660254037844387,0.19999999999999996,0.9548683406603533,1.0,0,,59,64,119,124,32,37,-7.14858132620955,0.0,0.9999479890581185,True,3,small,0.5309848428280338
BraTS-GLI-02755-101,gmm_2d,prediction_component,54,94,28160.0,1.9892019573216815e-05,4.4751760958563865e-08,2.23606797749979,1,14.071247279470288,0.15891043154093207,0.7927542653693875,1.4285714285714286,1,,60,70,139,146,107,114,-7.349189870749405,0.6931471805599453,0.9995050627709886,True,3,small,0.5309848428280338
BraTS-GLI-02755-101,gmm_2d,prediction_component,55,174,50176.0,1.548122038994169e-05,2.7105833107703946e-08,2.23606797749979,1,22.293496809607955,0.10030135678562992,0.6456514378224489,2.125,1,,61,73,77,94,148,156,-7.5669372399783565,0.6931471805599453,0.9952220014899584,True,3,small,0.5309848428280338
BraTS-GLI-02755-101,gmm_2d,prediction_component,56,25,9984.0,2.5060120224403912e-05,7.102621534903521e-08,1.7320508075688772,1,8.660254037844387,0.19999999999999996,0.9548683406603533,1.0,0,,61,66,79,84,85,90,-7.14858132620955,0.0,0.9999479890581185,True,3,small,0.5309848428280338
BraTS-GLI-02755-101,gmm_2d,prediction_component,57,44,13824.0,2.7070862238995545e-05,8.288129935688987e-08,1.7320508075688772,1,10.392304845413264,0.16666666666666666,0.7908715233027805,1.0,0,,61,67,133,139,135,141,-7.081543448970658,0.0,0.999879473577284,True,3,small,0.5309848428280338
BraTS-GLI-02755-101,gmm_2d,prediction_component,58,25,9984.0,2.5060120224403912e-05,7.102621534903521e-08,1.7320508075688772,1,8.660254037844387,0.19999999999999996,0.9548683406603533,1.0,0,,61,66,138,143,66,71,-7.14858132620955,0.0,0.9999479890581185,True,3,small,0.5309848428280338
BraTS-GLI-02755-101,gmm_2d,prediction_component,59,152,39680.0,1.9230301473220107e-05,4.182390302306442e-08,2.23606797749979,1,18.138357147217054,0.12327841818038449,0.6754087395520012,1.5,1,,62,70,111,123,95,106,-7.378575441095457,0.6931471805599453,0.9985308137739368,True,3,small,0.5309848428280338
BraTS-GLI-02755-101,gmm_2d,prediction_component,60,140,43776.0,1.5285298423545742e-05,2.6424100819256667e-08,2.23606797749979,1,16.30950643030009,0.13710212427677046,0.6941796211340024,1.375,1,,62,70,114,123,74,85,-7.577999782294113,0.6931471805599453,0.9977237552389135,True,3,small,0.5309848428280338
BraTS-GLI-02755-101,gmm_2d,prediction_component,61,25,9984.0,2.5060120224403912e-05,7.102621534903521e-08,1.7320508075688772,1,8.660254037844387,0.19999999999999996,0.9548683406603533,1.0,0,,62,67,131,136,36,41,-7.14858132620955,0.0,0.9999479890581185,True,3,small,0.5309848428280338
BraTS-GLI-02755-101,gmm_2d,prediction_component,62,197,48128.0,1.8658189700567514e-05,3.937235407526369e-08,2.23606797749979,1,20.92844953645635,0.10684346079267207,0.6194778701935986,2.4285714285714284,1,,63,80,139,149,131,138,-7.404808617941981,0.6931471805599453,0.9974443069172311,True,3,small,0.5309848428280338
BraTS-GLI-02755-101,gmm_2d,prediction_component,63,25,9984.0,2.5060120224403912e-05,7.102621534903521e-08,1.7320508075688772,1,8.660254037844387,0.19999999999999996,0.9548683406603533,1.0,0,,66,71,106,111,147,152,-7.14858132620955,0.0,0.9999479890581185,True,3,small,0.5309848428280338
BraTS-GLI-02755-101,gmm_2d,prediction_component,64,59,20736.0,1.975898062414266e-05,4.415515810549949e-08,1.7320508075688772,1,12.206555615733702,0.14189513095212064,0.71719869927557,1.3333333333333333,0,,66,72,125,133,139,146,-7.355018555825788,0.0,0.9993632327579323,True,3,small,0.5309848428280338
BraTS-GLI-02755-101,gmm_2d,prediction_component,65,96,29952.0,1.85196379615795e-05,3.8789783742619764e-08,1.7320508075688772,1,15.165750888103101,0.11420804814403214,0.6097705134516743,2.6,0,,67,80,50,55,143,149,-7.411282641633476,0.0,0.9982353781741624,True,3,small,0.5309848428280338
BraTS-GLI-02755-101,gmm_2d,prediction_component,66,25,9984.0,2.5060120224403912e-05,7.102621534903521e-08,1.7320508075688772,1,8.660254037844387,0.19999999999999996,0.9548683406603533,1.0,0,,67,72,100,105,87,92,-7.14858132620955,0.0,0.9999479890581185,True,3,small,0.5309848428280338
BraTS-GLI-02755-101,gmm_2d,prediction_component,67,59,17408.0,2.568790548372811e-05,7.462936780844428e-08,1.7320508075688772,1,11.0,0.15745916432444337,0.71719869927557,1.1666666666666667,0,,69,75,118,125,86,92,-7.127090237308548,0.0,0.9997895712489289,True,3,small,0.5309848428280338
BraTS-GLI-02755-101,gmm_2d,prediction_component,68,25,9984.0,2.5060120224403912e-05,7.102621534903521e-08,1.7320508075688772,1,8.660254037844387,0.19999999999999996,0.9548683406603533,1.0,0,,69,74,120,125,144,149,-7.14858132620955,0.0,0.9999479890581185,True,3,small,0.5309848428280338
BraTS-GLI-02755-101,gmm_2d,prediction_component,69,81,25344.0,2.0075773120856065e-05,4.558237309043399e-08,1.7320508075688772,1,14.071247279470288,0.12309149097933272,0.6453002363415847,1.5,0,,70,79,110,119,147,153,-7.341203068509478,0.0,0.9989527806210151,True,3,small,0.5309848428280338
BraTS-GLI-02755-101,gmm_2d,prediction_component,70,25,9984.0,2.5060120224403912e-05,7.102621534903521e-08,1.7320508075688772,1,8.660254037844387,0.19999999999999996,0.9548683406603533,1.0,0,,71,76,73,78,71,76,-7.14858132620955,0.0,0.9999479890581185,True,3,small,0.5309848428280338
BraTS-GLI-02755-101,gmm_2d,prediction_component,71,2037,377600.0,8.778959602354946e-06,8.716426544132174e-09,2.8284271247461903,1,60.73713855624086,0.04656833021738664,0.35967549800290294,1.15625,4,,71,103,70,106,89,126,-8.059661525416345,1.6094379124341003,0.7869164399632302,True,3,small,0.5309848428280338
BraTS-GLI-02755-101,gmm_2d,prediction_component,72,134,35840.0,1.9749349562922228e-05,4.4112123761052374e-08,2.23606797749979,1,16.583123951777,0.13483997249264842,0.7043896064390585,2.6,2,,71,80,93,106,23,28,-7.3554420327792265,1.0986122886681098,0.9987968916092121,True,3,small,0.5309848428280338
BraTS-GLI-02755-101,gmm_2d,prediction_component,73,325,87808.0,1.2490569290790179e-05,1.7644804033030107e-08,2.449489742783178,1,30.854497241083024,0.07938841860374447,0.5743069094734229,1.8333333333333333,2,,71,83,83,101,97,119,-7.75338316064469,1.0986122886681098,0.9800320129876088,True,3,small,0.5309848428280338
BraTS-GLI-02755-101,gmm_2d,prediction_component,74,5672,1120256.0,4.7836599972042375e-06,2.5880519036188963e-09,3.0,1,122.05326705991938,0.024579432179617246,0.2711681742731923,2.1,22,,72,151,15,99,81,121,-8.58702701810023,3.1354942159291497,0.12440047950160513,False,3,small,0.5309848428280338
BraTS-GLI-02755-101,gmm_2d,prediction_component,75,44,13824.0,2.7070862238995545e-05,8.288129935688987e-08,1.7320508075688772,1,10.392304845413264,0.16666666666666666,0.7908715233027805,1.0,0,,72,78,68,74,65,71,-7.081543448970658,0.0,0.999879473577284,True,3,small,0.5309848428280338
BraTS-GLI-02755-101,gmm_2d,prediction_component,76,48,18432.0,1.918149905562466e-05,4.1611892032488095e-08,1.7320508075688772,1,11.180339887498949,0.15491933384829665,0.7682627055029695,1.6,0,,72,78,82,90,22,27,-7.380782537016758,0.0,0.9995230425867063,True,3,small,0.5309848428280338
BraTS-GLI-02755-101,gmm_2d,prediction_component,77,38,12544.0,2.7047649416909622e-05,8.273922157753891e-08,1.7320508075688772,1,9.273618495495704,0.18677184190940707,0.8304795924748166,1.2,0,,72,77,92,97,29,35,-7.082288569326049,0.0,0.9999244487787192,True,3,small,0.5309848428280338
BraTS-GLI-02755-101,gmm_2d,prediction_component,78,208,47360.0,2.0181144609838473e-05,4.6062124225101374e-08,2.449489742783178,1,17.349351572897472,0.1411862416005035,0.6664241345196262,2.0,2,,72,78,100,111,111,123,-7.3366560377576455,1.0986122886681098,0.9988659259777717,True,3,small,0.5309848428280338
BraTS-GLI-02755-101,gmm_2d,prediction_component,79,135,41472.0,1.5984582546353886e-05,2.8897147244783397e-08,1.7320508075688772,1,18.05547008526779,0.0959294219086619,0.5442672982574315,2.1666666666666665,0,,73,84,89,102,152,158,-7.539145029112008,0.0,0.9952601193081325,True,3,small,0.5309848428280338
BraTS-GLI-02755-101,gmm_2d,prediction_component,80,25,9984.0,2.5060120224403912e-05,7.102621534903521e-08,1.7320508075688772,1,8.660254037844387,0.19999999999999996,0.9548683406603533,1.0,0,,73,78,104,109,34,39,-7.14858132620955,0.0,0.9999479890581185,True,3,small,0.5309848428280338
BraTS-GLI-02755-101,gmm_2d,prediction_component,81,106,38656.0,1.3946990219782004e-05,2.199952815421418e-08,1.7320508075688772,1,16.492422502470642,0.10502100630210073,0.5899586077282516,1.5,0,,73,81,130,142,82,90,-7.657586633824096,0.0,0.9945682580055173,True,3,small,0.5309848428280338
BraTS-GLI-02755-101,gmm_2d,prediction_component,82,25,9984.0,2.5060120224403912e-05,7.102621534903521e-08,1.7320508075688772,1,8.660254037844387,0.19999999999999996,0.9548683406603533,1.0,0,,74,79,48,53,72,77,-7.14858132620955,0.0,0.9999479890581185,True,3,small,0.5309848428280338
BraTS-GLI-02755-101,gmm_2d,prediction_component,83,148,41472.0,1.7523838643410185e-05,3.4730486323716627e-08,1.7320508075688772,1,19.519221295943137,0.08873565094161137,0.5278407622093977,1.75,0,,74,85,101,115,44,52,-7.459289135312106,0.0,0.9957903903441371,True,3,small,0.5309848428280338
BraTS-GLI-02755-101,gmm_2d,prediction_component,84,331,89088.0,1.2447988541923088e-05,1.7524705693286784e-08,2.23606797749979,1,26.343879744638983,0.08487997968313049,0.5210809633099515,2.0,1,,74,91,114,132,38,47,-7.756349266762433,0.6931471805599453,0.9817418449608635,True,3,small,0.5309848428280338
BraTS-GLI-02755-101,gmm_2d,prediction_component,85,25,9984.0,2.5060120224403912e-05,7.102621534903521e-08,1.7320508075688772,1,8.660254037844387,0.19999999999999996,0.9548683406603533,1.0,0,,74,79,126,131,49,54,-7.14858132620955,0.0,0.9999479890581185,True,3,small,0.5309848428280338
BraTS-GLI-02755-101,gmm_2d,prediction_component,86,96,26112.0,2.275155199854491e-05,5.8542926466223835e-08,2.23606797749979,1,13.856406460551018,0.16137430609197573,0.7872103478688935,1.0,1,,74,82,124,132,124,132,-7.2325255716807435,0.6931471805599453,0.9996859297125463,True,3,small,0.5309848428280338
BraTS-GLI-02755-101,gmm_2d,prediction_component,87,103,29952.0,1.9870028229611338e-05,4.465286628965419e-08,2.23606797749979,1,15.0,0.14907119849998599,0.768957133841457,2.0,1,,74,84,168,178,84,89,-7.350150658302268,0.6931471805599453,0.9993662690367483,True,3,small,0.5309848428280338
BraTS-GLI-02755-101,gmm_2d,prediction_component,88,25,9984.0,2.5060120224403912e-05,7.102621534903521e-08,1.7320508075688772,1,8.660254037844387,0.19999999999999996,0.9548683406603533,1.0,0,,75,80,83,88,73,78,-7.14858132620955,0.0,0.9999479890581185,True,3,small,0.5309848428280338
BraTS-GLI-02755-101,gmm_2d,prediction_component,89,112,32256.0,1.933313381889644e-05,4.2272398255226e-08,1.7320508075688772,1,16.0312195418814,0.10804236090984295,0.5792297009289245,1.7142857142857142,0,,75,83,119,126,102,114,-7.373943112486453,0.0,0.9981186322341203,True,3,small,0.5309848428280338
BraTS-GLI-02755-101,gmm_2d,prediction_component,90,69,23808.0,1.8782989682144485e-05,3.9900819301133063e-08,1.7320508075688772,1,14.071247279470288,0.12309149097933272,0.6807282909996718,1.5,0,,78,84,20,29,84,93,-7.399018186661422,0.0,0.998840543739921,True,3,small,0.5309848428280338
BraTS-GLI-02755-101,gmm_2d,prediction_component,91,46,15616.0,2.357236358908017e-05,6.284324984734695e-08,1.7320508075688772,1,10.488088481701515,0.1651445647689541,0.7792393700163133,1.4,0,,79,86,76,82,23,28,-7.20174136414328,0.0,0.99980015675719,True,3,small,0.5309848428280338
BraTS-GLI-02755-101,gmm_2d,prediction_component,92,65,18688.0,2.544304690091398e-05,7.321340584508254e-08,1.7320508075688772,1,11.090536506409418,0.15617376188860604,0.6944149224264771,1.4,0,,80,87,115,122,146,151,-7.1354093895497845,0.0,0.9997617344496772,True,3,small,0.5309848428280338
BraTS-GLI-02755-101,gmm_2d,prediction_component,93,617,122368.0,1.4413961945805728e-05,2.349736243751565e-08,2.449489742783178,1,31.336879231984796,0.07816635870629526,0.46381355872949503,2.1,3,,81,102,19,29,69,90,-7.628980884244001,1.3862943611198906,0.9793699621759847,True,3,small,0.5309848428280338
BraTS-GLI-02755-101,gmm_2d,prediction_component,94,101,28160.0,2.1373340179732958e-05,5.166508754394635e-08,1.7320508075688772,1,13.601470508735444,0.12734290799340264,0.5995375274776799,1.6666666666666667,0,,81,91,96,103,21,27,-7.286802830383517,0.0,0.9990802943016394,True,3,small,0.5309848428280338
BraTS-GLI-02755-101,gmm_2d,prediction_component,95,25,9984.0,2.5060120224403912e-05,7.102621534903521e-08,1.7320508075688772,1,8.660254037844387,0.19999999999999996,0.9548683406603533,1.0,0,,82,87,69,74,23,28,-7.14858132620955,0.0,0.9999479890581185,True,3,small,0.5309848428280338
BraTS-GLI-02755-101,gmm_2d,prediction_component,96,72,27648.0,1.566162839598594e-05,2.774126135499206e-08,1.7320508075688772,1,14.317821063276353,0.12097167578182677,0.6711392913128504,2.4,0,,82,88,86,91,81,93,-7.5568737960724395,0.0,0.9977848687199112,True,3,small,0.5309848428280338
BraTS-GLI-02755-101,gmm_2d,prediction_component,97,25,9984.0,2.5060120224403912e-05,7.102621534903521e-08,1.7320508075688772,1,8.660254037844387,0.19999999999999996,0.9548683406603533,1.0,0,,82,87,124,129,130,135,-7.14858132620955,0.0,0.9999479890581185,True,3,small,0.5309848428280338
BraTS-GLI-02755-101,gmm_2d,prediction_component,98,901,216064.0,8.97121310309365e-06,9.102374915893622e-09,2.23606797749979,1,52.507142371300304,0.04258597738356438,0.37319825832579645,1.6521739130434783,5,,83,106,29,67,127,155,-8.040845280392967,1.791759469228055,0.7809423814474248,True,3,small,0.5309848428280338
BraTS-GLI-02755-101,gmm_2d,prediction_component,99,109,36096.0,1.5894170994751938e-05,2.857117724808517e-08,1.7320508075688772,1,18.24828759089466,0.0949157995752499,0.5844957143222587,1.625,0,,83,93,138,151,83,91,-7.54407186455902,0.0,0.9956692334348018,True,3,small,0.5309848428280338
BraTS-GLI-02755-101,gmm_2d,prediction_component,100,25,9984.0,2.5060120224403912e-05,7.102621534903521e-08,1.7320508075688772,1,8.660254037844387,0.19999999999999996,0.9548683406603533,1.0,0,,84,89,90,95,35,40,-7.14858132620955,0.0,0.9999479890581185,True,3,small,0.5309848428280338
BraTS-GLI-02755-101,gmm_2d,prediction_component,101,336,94208.0,1.1620039421276777e-05,1.5271003485786424e-08,2.23606797749979,1,34.36568055487916,0.06506689061283025,0.5184833081855288,2.4166666666666665,2,,84,96,91,120,123,137,-7.8161324237149925,1.0986122886681098,0.9623412651578428,True,3,small,0.5309848428280338
BraTS-GLI-02755-101,gmm_2d,prediction_component,102,25,9984.0,2.5060120224403912e-05,7.102621534903521e-08,1.7320508075688772,1,8.660254037844387,0.19999999999999996,0.9548683406603533,1.0,0,,85,90,54,59,105,110,-7.14858132620955,0.0,0.9999479890581185,True,3,small,0.5309848428280338
BraTS-GLI-02755-101,gmm_2d,prediction_component,103,25,9984.0,2.5060120224403912e-05,7.102621534903521e-08,1.7320508075688772,1,8.660254037844387,0.19999999999999996,0.9548683406603533,1.0,0,,85,90,90,95,88,93,-7.14858132620955,0.0,0.9999479890581185,True,3,small,0.5309848428280338
BraTS-GLI-02755-101,gmm_2d,prediction_component,104,25,9984.0,2.5060120224403912e-05,7.102621534903521e-08,1.7320508075688772,1,8.660254037844387,0.19999999999999996,0.9548683406603533,1.0,0,,86,91,58,63,142,147,-7.14858132620955,0.0,0.9999479890581185,True,3,small,0.5309848428280338
BraTS-GLI-02755-101,gmm_2d,prediction_component,105,102,29184.0,2.0458931431035155e-05,4.733891143453924e-08,2.23606797749979,1,15.165750888103101,0.14744195615489714,0.7714618978944139,1.4285714285714286,1,,86,95,80,87,44,54,-7.3247817329597105,0.6931471805599453,0.9994110781674839,True,3,small,0.5309848428280338
BraTS-GLI-02755-101,gmm_2d,prediction_component,106,25,9984.0,2.5060120224403912e-05,7.102621534903521e-08,1.7320508075688772,1,8.660254037844387,0.19999999999999996,0.9548683406603533,1.0,0,,87,92,99,104,36,41,-7.14858132620955,0.0,0.9999479890581185,True,3,small,0.5309848428280338
BraTS-GLI-02755-101,gmm_2d,prediction_component,107,25,9984.0,2.5060120224403912e-05,7.102621534903521e-08,1.7320508075688772,1,8.660254037844387,0.19999999999999996,0.9548683406603533,1.0,0,,87,92,139,144,122,127,-7.14858132620955,0.0,0.9999479890581185,True,3,small,0.5309848428280338
BraTS-GLI-02755-101,gmm_2d,prediction_component,108,47,14592.0,2.6664020003279646e-05,8.040880842667987e-08,1.7320508075688772,1,9.848857801796104,0.17586311452816475,0.7736731845058752,1.2,0,,88,94,26,32,89,94,-7.094696373620167,0.0,0.9998859902162935,True,3,small,0.5309848428280338
BraTS-GLI-02755-101,gmm_2d,prediction_component,109,38,12544.0,2.7047649416909622e-05,8.273922157753891e-08,1.7320508075688772,1,9.273618495495704,0.18677184190940707,0.8304795924748166,1.2,0,,88,93,107,113,22,27,-7.082288569326049,0.0,0.9999244487787192,True,3,small,0.5309848428280338
BraTS-GLI-02755-101,gmm_2d,prediction_component,110,25,9984.0,2.5060120224403912e-05,7.102621534903521e-08,1.7320508075688772,1,8.660254037844387,0.19999999999999996,0.9548683406603533,1.0,0,,88,93,123,128,131,136,-7.14858132620955,0.0,0.9999479890581185,True,3,small,0.5309848428280338
BraTS-GLI-02755-101,gmm_2d,prediction_component,111,263,75264.0,1.2737224540094578e-05,1.8348559868731367e-08,2.23606797749979,1,23.08679276123039,0.09685485552825747,0.5625951135689928,1.7777777777777777,2,,88,104,171,185,80,89,-7.7363980167310835,1.0986122886681098,0.9855070406462277,True,3,small,0.5309848428280338
BraTS-GLI-02755-101,gmm_2d,prediction_component,112,25,9984.0,2.5060120224403912e-05,7.102621534903521e-08,1.7320508075688772,1,8.660254037844387,0.19999999999999996,0.9548683406603533,1.0,0,,90,95,43,48,102,107,-7.14858132620955,0.0,0.9999479890581185,True,3,small,0.5309848428280338
BraTS-GLI-02755-101,gmm_2d,prediction_component,113,51,15104.0,2.7474652658327337e-05,8.537226323330647e-08,2.23606797749979,1,9.9498743710662,0.22473328748774737,0.9719810843490212,1.4,1,,90,95,66,73,152,157,-7.068683205204687,0.6931471805599453,0.9999676340917235,True,3,small,0.5309848428280338
BraTS-GLI-02755-101,gmm_2d,prediction_component,114,25,9984.0,2.5060120224403912e-05,7.102621534903521e-08,1.7320508075688772,1,8.660254037844387,0.19999999999999996,0.9548683406603533,1.0,0,,91,96,31,36,53,58,-7.14858132620955,0.0,0.9999479890581185,True,3,small,0.5309848428280338
BraTS-GLI-02755-101,gmm_2d,prediction_component,115,56,16384.0,2.6702880859375e-05,8.064335911960217e-08,1.7320508075688772,1,11.0,0.15745916432444337,0.7297836929246639,1.1666666666666667,0,,91,97,90,96,144,151,-7.0934313904133885,0.0,0.9998213183039035,True,3,small,0.5309848428280338
BraTS-GLI-02755-101,gmm_2d,prediction_component,116,379,98048.0,1.2344715941846014e-05,1.7235130477498145e-08,2.23606797749979,1,32.51153641401772,0.06877767783794074,0.4980827126733328,1.6,2,,91,106,101,117,68,92,-7.763585424443852,1.0986122886681098,0.968757956512667,True,3,small,0.5309848428280338
BraTS-GLI-02755-101,gmm_2d,prediction_component,117,64,21504.0,2.0295562707960602e-05,4.6585908281269474e-08,1.7320508075688772,1,12.206555615733702,0.14189513095212064,0.6980129914371896,1.3333333333333333,0,,91,97,124,132,143,150,-7.331745432691998,0.0,0.9993793008645802,True,3,small,0.5309848428280338
BraTS-GLI-02755-101,gmm_2d,prediction_component,118,25,9984.0,2.5060120224403912e-05,7.102621534903521e-08,1.7320508075688772,1,8.660254037844387,0.19999999999999996,0.9548683406603533,1.0,0,,92,97,58,63,89,94,-7.14858132620955,0.0,0.9999479890581185,True,3,small,0.5309848428280338
BraTS-GLI-02755-101,gmm_2d,prediction_component,119,964,177408.0,1.2900817572475473e-05,1.882291328494596e-08,2.8284271247461903,1,45.51922670696417,0.062136976600120006,0.46154656021118184,3.6,4,,92,118,76,112,83,93,-7.725313158503886,1.6094379124341003,0.9579613889342813,True,3,small,0.5309848428280338
BraTS-GLI-02755-101,gmm_2d,prediction_component,120,502,119808.0,1.2105284188428266e-05,1.6573046641498398e-08,2.23606797749979,1,30.347981810987037,0.07368094496123148,0.45353760208148847,2.5,5,,92,102,82,107,146,160,-7.780597647406461,1.791759469228055,0.9533389004348215,True,3,small,0.5309848428280338
BraTS-GLI-02755-101,gmm_2d,prediction_component,121,25,9984.0,2.5060120224403912e-05,7.102621534903521e-08,1.7320508075688772,1,8.660254037844387,0.19999999999999996,0.9548683406603533,1.0,0,,92,97,86,91,51,56,-7.14858132620955,0.0,0.9999479890581185,True,3,small,0.5309848428280338
BraTS-GLI-02755-101,gmm_2d,prediction_component,122,81,23296.0,2.2780485859824482e-05,5.869192289415995e-08,1.7320508075688772,1,12.884098726725126,0.13443321448446624,0.6453002363415847,1.5,0,,92,98,110,119,148,155,-7.231421661680109,0.0,0.9994247733554465,True,3,small,0.5309848428280338
BraTS-GLI-02755-101,gmm_2d,prediction_component,123,100,28672.0,2.0597429167024187e-05,4.7982006973048243e-08,1.7320508075688772,1,15.0996688705415,0.11470786693528087,0.6015293611380839,1.25,0,,92,102,151,159,83,91,-7.318921590484672,0.0,0.9987220765646623,True,3,small,0.5309848428280338
BraTS-GLI-02755-101,gmm_2d,prediction_component,124,56,16384.0,2.6702880859375e-05,8.064335911960217e-08,1.7320508075688772,1,11.0,0.15745916432444337,0.7297836929246639,1.1666666666666667,0,,93,100,45,51,34,40,-7.0934313904133885,0.0,0.9998213183039035,True,3,small,0.5309848428280338
BraTS-GLI-02755-101,gmm_2d,prediction_component,125,25,9984.0,2.5060120224403912e-05,7.102621534903521e-08,1.7320508075688772,1,8.660254037844387,0.19999999999999996,0.9548683406603533,1.0,0,,94,99,83,88,127,132,-7.14858132620955,0.0,0.9999479890581185,True,3,small,0.5309848428280338
BraTS-GLI-02755-101,gmm_2d,prediction_component,126,1006,248064.0,8.142398755971933e-06,7.498201512556914e-09,2.449489742783178,1,61.54673021371647,0.03979886070758765,0.39406920830812137,1.2666666666666666,5,,95,125,30,68,25,63,-8.125042892186606,1.791759469228055,0.7267907386682071,True,3,small,0.5309848428280338
BraTS-GLI-02755-101,gmm_2d,prediction_component,127,25,9984.0,2.5060120224403912e-05,7.102621534903521e-08,1.7320508075688772,1,8.660254037844387,0.19999999999999996,0.9548683406603533,1.0,0,,96,101,161,166,83,88,-7.14858132620955,0.0,0.9999479890581185,True,3,small,0.5309848428280338
BraTS-GLI-02755-101,gmm_2d,prediction_component,128,25,9984.0,2.5060120224403912e-05,7.102621534903521e-08,1.7320508075688772,1,8.660254037844387,0.19999999999999996,0.9548683406603533,1.0,0,,97,102,100,105,77,82,-7.14858132620955,0.0,0.9999479890581185,True,3,small,0.5309848428280338
BraTS-GLI-02755-101,gmm_2d,prediction_component,129,25,9984.0,2.5060120224403912e-05,7.102621534903521e-08,1.7320508075688772,1,8.660254037844387,0.19999999999999996,0.9548683406603533,1.0,0,,97,102,117,122,23,28,-7.14858132620955,0.0,0.9999479890581185,True,3,small,0.5309848428280338
BraTS-GLI-02755-101,gmm_2d,prediction_component,130,25,9984.0,2.5060120224403912e-05,7.102621534903521e-08,1.7320508075688772,1,8.660254037844387,0.19999999999999996,0.9548683406603533,1.0,0,,98,103,138,143,76,81,-7.14858132620955,0.0,0.9999479890581185,True,3,small,0.5309848428280338
BraTS-GLI-02755-101,gmm_2d,prediction_component,131,25,9984.0,2.5060120224403912e-05,7.102621534903521e-08,1.7320508075688772,1,8.660254037844387,0.19999999999999996,0.9548683406603533,1.0,0,,99,104,43,48,82,87,-7.14858132620955,0.0,0.9999479890581185,True,3,small,0.5309848428280338
BraTS-GLI-02755-101,gmm_2d,prediction_component,132,25,9984.0,2.5060120224403912e-05,7.102621534903521e-08,1.7320508075688772,1,8.660254037844387,0.19999999999999996,0.9548683406603533,1.0,0,,99,104,178,183,50,55,-7.14858132620955,0.0,0.9999479890581185,True,3,small,0.5309848428280338
BraTS-GLI-02755-101,gmm_2d,prediction_component,133,90,27136.0,2.013370790005753e-05,4.584583643295378e-08,1.7320508075688772,1,14.594519519326424,0.11867816581938533,0.623030528071304,1.4285714285714286,0,,100,108,101,111,98,105,-7.338700099389788,0.0,0.998799781600663,True,3,small,0.5309848428280338
BraTS-GLI-02755-101,gmm_2d,prediction_component,134,25,9984.0,2.5060120224403912e-05,7.102621534903521e-08,1.7320508075688772,1,8.660254037844387,0.19999999999999996,0.9548683406603533,1.0,0,,101,106,23,28,71,76,-7.14858132620955,0.0,0.9999479890581185,True,3,small,0.5309848428280338
BraTS-GLI-02755-101,gmm_2d,prediction_component,135,25,9984.0,2.5060120224403912e-05,7.102621534903521e-08,1.7320508075688772,1,8.660254037844387,0.19999999999999996,0.9548683406603533,1.0,0,,101,106,108,113,149,154,-7.14858132620955,0.0,0.9999479890581185,True,3,small,0.5309848428280338
BraTS-GLI-02755-101,gmm_2d,prediction_component,136,38,13824.0,2.3379381024587062e-05,6.181848980958109e-08,1.7320508075688772,1,9.848857801796104,0.17586311452816475,0.8304795924748166,1.2,0,,102,108,65,70,88,94,-7.2088816087094125,0.0,0.9998546895173824,True,3,small,0.5309848428280338
BraTS-GLI-02755-101,gmm_2d,prediction_component,137,25,9984.0,2.5060120224403912e-05,7.102621534903521e-08,1.7320508075688772,1,8.660254037844387,0.19999999999999996,0.9548683406603533,1.0,0,,103,108,24,29,117,122,-7.14858132620955,0.0,0.9999479890581185,True,3,small,0.5309848428280338
BraTS-GLI-02755-101,gmm_2d,prediction_component,138,2742,620288.0,5.612771747406541e-06,3.5629287370943593e-09,2.8284271247461903,1,77.20103626247513,0.03663716527236559,0.3257507166106367,1.4210526315789473,18,,103,141,129,183,32,72,-8.448192863979658,2.9444389791664403,0.2731517790991555,False,3,small,0.5309848428280338
BraTS-GLI-02755-101,gmm_2d,prediction_component,139,67,22528.0,1.9814852622050752e-05,4.4405224132586416e-08,1.7320508075688772,1,12.36931687685298,0.14002800840280097,0.6874354055889139,1.5,0,,104,113,58,64,88,94,-7.352565933522981,0.0,0.9992846381551078,True,3,small,0.5309848428280338
BraTS-GLI-02755-101,gmm_2d,prediction_component,140,82,26368.0,1.915129152985438e-05,4.1480932244087404e-08,1.7320508075688772,1,13.45362404707371,0.12874232262686236,0.6426663285123421,1.5,0,,104,113,67,75,151,157,-7.382151491822211,0.0,0.9988857682455324,True,3,small,0.5309848428280338
BraTS-GLI-02755-101,gmm_2d,prediction_component,141,139,32768.0,2.343364777205708e-05,6.210580124162284e-08,2.23606797749979,1,15.7797338380595,0.14170505031628394,0.6958403442599822,1.4285714285714286,1,,104,114,143,153,80,87,-7.206867830909543,0.6931471805599453,0.999466406475367,True,3,small,0.5309848428280338
BraTS-GLI-02755-101,gmm_2d,prediction_component,142,46,15616.0,2.357236358908017e-05,6.284324984734695e-08,1.7320508075688772,1,10.488088481701515,0.1651445647689541,0.7792393700163133,1.4,0,,106,112,108,115,22,27,-7.20174136414328,0.0,0.99980015675719,True,3,small,0.5309848428280338
BraTS-GLI-02755-101,gmm_2d,prediction_component,143,50,15360.0,2.6265349298824172e-05,7.802229756091518e-08,1.7320508075688772,1,10.392304845413264,0.16666666666666666,0.757879504227687,1.0,0,,107,113,59,65,148,154,-7.1077812649530205,0.0,0.9998527533849333,True,3,small,0.5309848428280338
BraTS-GLI-02755-101,gmm_2d,prediction_component,144,25,9984.0,2.5060120224403912e-05,7.102621534903521e-08,1.7320508075688772,1,8.660254037844387,0.19999999999999996,0.9548683406603533,1.0,0,,108,113,146,151,32,37,-7.14858132620955,0.0,0.9999479890581185,True,3,small,0.5309848428280338
BraTS-GLI-02755-101,gmm_2d,prediction_component,145,38,13824.0,2.3379381024587062e-05,6.181848980958109e-08,1.7320508075688772,1,9.848857801796104,0.17586311452816475,0.8304795924748166,1.2,0,,108,113,178,184,84,90,-7.2088816087094125,0.0,0.9998546895173824,True,3,small,0.5309848428280338
BraTS-GLI-02755-101,gmm_2d,prediction_component,146,80,20224.0,2.7815662107546084e-05,8.750465918372311e-08,2.449489742783178,1,11.575836902790225,0.21160368475757946,0.9163790796447674,1.1666666666666667,1,,109,116,158,165,80,86,-7.057968822361564,0.6931471805599453,0.9999535786765865,True,3,small,0.5309848428280338
BraTS-GLI-02755-101,gmm_2d,prediction_component,147,58,17920.0,2.4178034089493176e-05,6.611413870892412e-08,1.7320508075688772,1,11.090536506409418,0.15617376188860604,0.7212970665208103,1.4,0,,110,117,108,115,148,153,-7.1797056553910235,0.0,0.9997421752807331,True,3,small,0.5309848428280338
BraTS-GLI-02755-101,gmm_2d,prediction_component,148,63,17664.0,2.6835331551472837e-05,8.144535192419425e-08,2.23606797749979,1,12.12435565298214,0.18442777839082938,0.9058737786454558,1.0,1,,111,118,53,60,144,151,-7.08913369577873,0.6931471805599453,0.9999141476498549,True,3,small,0.5309848428280338
BraTS-GLI-02755-101,gmm_2d,prediction_component,149,144,37120.0,2.0134949317986523e-05,4.5851490195113876e-08,2.23606797749979,1,15.7797338380595,0.14170505031628394,0.6876915815365316,1.375,2,,111,119,134,145,64,72,-7.338646544988553,1.0986122886681098,0.9989407483766454,True,3,small,0.5309848428280338
BraTS-GLI-02755-101,gmm_2d,prediction_component,150,38,12544.0,2.7047649416909622e-05,8.273922157753891e-08,1.7320508075688772,1,9.273618495495704,0.18677184190940707,0.8304795924748166,1.2,0,,111,117,149,154,84,89,-7.082288569326049,0.0,0.9999244487787192,True,3,small,0.5309848428280338
BraTS-GLI-02755-101,gmm_2d,prediction_component,151,223,52224.0,1.86852823138216e-05,3.948677829642531e-08,2.449489742783178,1,20.808652046684813,0.11771496477944254,0.6511337510558497,1.875,1,,112,127,40,48,128,140,-7.403548298655503,0.6931471805599453,0.9980880462511756,True,3,small,0.5309848428280338
BraTS-GLI-02755-101,gmm_2d,prediction_component,152,25,9984.0,2.5060120224403912e-05,7.102621534903521e-08,1.7320508075688772,1,8.660254037844387,0.19999999999999996,0.9548683406603533,1.0,0,,113,118,113,118,82,87,-7.14858132620955,0.0,0.9999479890581185,True,3,small,0.5309848428280338
BraTS-GLI-02755-101,gmm_2d,prediction_component,153,905,237312.0,7.828328290206961e-06,6.930912777931534e-09,2.23606797749979,1,46.88283267892417,0.04769481385251275,0.3726476145775628,2.533333333333333,5,,113,136,129,167,71,86,-8.159209566497212,1.791759469228055,0.7152304737302072,True,3,small,0.5309848428280338
BraTS-GLI-02755-101,gmm_2d,prediction_component,154,38,12544.0,2.7047649416909622e-05,8.273922157753891e-08,1.7320508075688772,1,9.273618495495704,0.18677184190940707,0.8304795924748166,1.2,0,,114,119,25,30,96,102,-7.082288569326049,0.0,0.9999244487787192,True,3,small,0.5309848428280338
BraTS-GLI-02755-101,gmm_2d,prediction_component,155,77,23552.0,2.130340560567409e-05,5.1327539493893255e-08,1.7320508075688772,1,12.884098726725126,0.13443321448446624,0.6562861745204266,1.5,0,,114,120,177,184,74,83,-7.2896495541658295,0.0,0.9993112964591044,True,3,small,0.5309848428280338
BraTS-GLI-02755-101,gmm_2d,prediction_component,156,25,9984.0,2.5060120224403912e-05,7.102621534903521e-08,1.7320508075688772,1,8.660254037844387,0.19999999999999996,0.9548683406603533,1.0,0,,115,120,46,51,138,143,-7.14858132620955,0.0,0.9999479890581185,True,3,small,0.5309848428280338
BraTS-GLI-02755-101,gmm_2d,prediction_component,157,191,53248.0,1.5544559402321854e-05,2.732808546015631e-08,1.7320508075688772,1,25.39685019840059,0.06819943394704735,0.484818341290492,1.7,0,,116,133,145,155,121,137,-7.563390792866957,0.0,0.9899933808557284,True,3,small,0.5309848428280338
BraTS-GLI-02755-101,gmm_2d,prediction_component,158,25,9984.0,2.5060120224403912e-05,7.102621534903521e-08,1.7320508075688772,1,8.660254037844387,0.19999999999999996,0.9548683406603533,1.0,0,,117,122,66,71,28,33,-7.14858132620955,0.0,0.9999479890581185,True,3,small,0.5309848428280338
BraTS-GLI-02755-101,gmm_2d,prediction_component,159,71,26880.0,1.611070153909641e-05,2.935494545573493e-08,1.7320508075688772,1,14.866068747318506,0.1165103456070926,0.6742755017744779,1.8333333333333333,0,,117,123,67,78,146,154,-7.532318722245791,0.0,0.9978366037278845,True,3,small,0.5309848428280338
BraTS-GLI-02755-101,gmm_2d,prediction_component,160,64,20224.0,2.2252529686036867e-05,5.600298187758279e-08,1.7320508075688772,1,11.74734012447073,0.14744195615489714,0.6980129914371896,1.6,0,,117,125,161,168,81,86,-7.251788848377678,0.0,0.9995796954899151,True,3,small,0.5309848428280338
BraTS-GLI-02755-101,gmm_2d,prediction_component,161,38,13824.0,2.3379381024587062e-05,6.181848980958109e-08,1.7320508075688772,1,9.848857801796104,0.17586311452816475,0.8304795924748166,1.2,0,,119,125,49,55,138,143,-7.2088816087094125,0.0,0.9998546895173824,True,3,small,0.5309848428280338
BraTS-GLI-02755-101,gmm_2d,prediction_component,162,25,9984.0,2.5060120224403912e-05,7.102621534903521e-08,1.7320508075688772,1,8.660254037844387,0.19999999999999996,0.9548683406603533,1.0,0,,119,124,79,84,85,90,-7.14858132620955,0.0,0.9999479890581185,True,3,small,0.5309848428280338
BraTS-GLI-02755-101,gmm_2d,prediction_component,163,100,29184.0,2.005777591277956e-05,4.550068380866901e-08,1.7320508075688772,1,14.594519519326424,0.11867816581938533,0.6015293611380839,1.4285714285714286,0,,119,129,113,120,142,150,-7.3419820764835455,0.0,0.9987004923542231,True,3,small,0.5309848428280338
BraTS-GLI-02755-101,gmm_2d,prediction_component,164,25,9984.0,2.5060120224403912e-05,7.102621534903521e-08,1.7320508075688772,1,8.660254037844387,0.19999999999999996,0.9548683406603533,1.0,0,,120,125,160,165,124,129,-7.14858132620955,0.0,0.9999479890581185,True,3,small,0.5309848428280338
BraTS-GLI-02755-101,gmm_2d,prediction_component,165,25,9984.0,2.5060120224403912e-05,7.102621534903521e-08,1.7320508075688772,1,8.660254037844387,0.19999999999999996,0.9548683406603533,1.0,0,,121,126,38,43,124,129,-7.14858132620955,0.0,0.9999479890581185,True,3,small,0.5309848428280338
BraTS-GLI-02755-101,gmm_2d,prediction_component,166,305,91136.0,1.1085745253040093e-05,1.389895543111198e-08,2.23606797749979,1,37.429934544425805,0.05974009852584134,0.5354857590359478,1.75,1,,121,140,54,70,31,59,-7.857017837699181,0.6931471805599453,0.9618295605113005,True,3,small,0.5309848428280338
BraTS-GLI-02755-101,gmm_2d,prediction_component,167,612,124928.0,1.3859952477132165e-05,2.1725803929533095e-08,2.23606797749979,1,31.400636936215164,0.07121091148698563,0.4245518436902549,1.3333333333333333,3,,121,140,86,101,28,48,-7.663024144191137,1.3862943611198906,0.9704565568207848,True,3,small,0.5309848428280338
BraTS-GLI-02755-101,gmm_2d,prediction_component,168,38,13824.0,2.3379381024587062e-05,6.181848980958109e-08,1.7320508075688772,1,9.848857801796104,0.17586311452816475,0.8304795924748166,1.2,0,,122,128,120,126,80,85,-7.2088816087094125,0.0,0.9998546895173824,True,3,small,0.5309848428280338
BraTS-GLI-02755-101,gmm_2d,prediction_component,169,118,38912.0,1.5372930983236196e-05,2.6727954807033588e-08,1.7320508075688772,1,18.681541692269406,0.09271455408231194,0.5692409848501322,2.1666666666666665,0,,123,136,111,117,29,41,-7.573034271696194,0.0,0.9947548838664387,True,3,small,0.5309848428280338
BraTS-GLI-02755-101,gmm_2d,prediction_component,170,225,58880.0,1.5748196173791193e-05,2.8048781912668943e-08,2.23606797749979,1,21.118712081942874,0.10588088747190669,0.5926346397220773,1.5555555555555556,1,,124,138,93,102,135,148,-7.552085994304181,0.6931471805599453,0.9951464694319456,True,3,small,0.5309848428280338
BraTS-GLI-02755-101,gmm_2d,prediction_component,171,25,9984.0,2.5060120224403912e-05,7.102621534903521e-08,1.7320508075688772,1,8.660254037844387,0.19999999999999996,0.9548683406603533,1.0,0,,125,130,125,130,137,142,-7.14858132620955,0.0,0.9999479890581185,True,3,small,0.5309848428280338
BraTS-GLI-02755-101,gmm_2d,prediction_component,172,44,13824.0,2.7070862238995545e-05,8.288129935688987e-08,1.7320508075688772,1,10.392304845413264,0.16666666666666666,0.7908715233027805,1.0,0,,127,133,106,112,81,87,-7.081543448970658,0.0,0.999879473577284,True,3,small,0.5309848428280338
BraTS-GLI-02755-101,gmm_2d,prediction_component,173,25,9984.0,2.5060120224403912e-05,7.102621534903521e-08,1.7320508075688772,1,8.660254037844387,0.19999999999999996,0.9548683406603533,1.0,0,,129,134,46,51,51,56,-7.14858132620955,0.0,0.9999479890581185,True,3,small,0.5309848428280338
BraTS-GLI-02755-101,gmm_2d,prediction_component,174,226,57856.0,1.6239992803655745e-05,2.98279934038189e-08,2.23606797749979,1,23.345235059857504,0.09578262852211514,0.5917592549327365,2.0,1,,129,144,121,129,123,139,-7.5253759616215286,0.6931471805599453,0.9947556293656065,True,3,small,0.5309848428280338
BraTS-GLI-02755-101,gmm_2d,prediction_component,175,96,29184.0,1.925546487626838e-05,4.193343019806936e-08,1.7320508075688772,1,15.362291495737216,0.11274690420042432,0.6097705134516743,1.6666666666666667,0,,130,140,33,43,97,103,-7.377439610404409,0.0,0.9984024632810323,True,3,small,0.5309848428280338
BraTS-GLI-02755-101,gmm_2d,prediction_component,176,25,9984.0,2.5060120224403912e-05,7.102621534903521e-08,1.7320508075688772,1,8.660254037844387,0.19999999999999996,0.9548683406603533,1.0,0,,130,135,35,40,72,77,-7.14858132620955,0.0,0.9999479890581185,True,3,small,0.5309848428280338
BraTS-GLI-02755-101,gmm_2d,prediction_component,177,25,9984.0,2.5060120224403912e-05,7.102621534903521e-08,1.7320508075688772,1,8.660254037844387,0.19999999999999996,0.9548683406603533,1.0,0,,130,135,124,129,38,43,-7.14858132620955,0.0,0.9999479890581185,True,3,small,0.5309848428280338
BraTS-GLI-02755-101,gmm_2d,prediction_component,178,67,22272.0,2.015746785036488e-05,4.595410635954875e-08,1.7320508075688772,1,12.884098726725126,0.13443321448446624,0.6874354055889139,1.5,0,,130,139,155,161,83,90,-7.33767567492833,0.0,0.9992545230225908,True,3,small,0.5309848428280338
BraTS-GLI-02755-101,gmm_2d,prediction_component,179,50,19968.0,1.772018094802615e-05,3.551310767451761e-08,1.7320508075688772,1,12.36931687685298,0.14002800840280097,0.757879504227687,1.6,0,,130,135,159,167,110,118,-7.449611321873531,0.0,0.999179987764749,True,3,small,0.5309848428280338
BraTS-GLI-02755-101,gmm_2d,prediction_component,180,165,44032.0,1.7857938619129105e-05,3.6067415686411087e-08,2.449489742783178,1,17.029386365926403,0.1438389904456152,0.7199082992382096,2.4,1,,131,142,135,147,81,86,-7.442884974768962,0.6931471805599453,0.998862229591542,True,3,small,0.5309848428280338
BraTS-GLI-02755-101,gmm_2d,prediction_component,181,25,9984.0,2.5060120224403912e-05,7.102621534903521e-08,1.7320508075688772,1,8.660254037844387,0.19999999999999996,0.9548683406603533,1.0,0,,132,137,102,107,138,143,-7.14858132620955,0.0,0.9999479890581185,True,3,small,0.5309848428280338
BraTS-GLI-02755-101,gmm_2d,prediction_component,182,1852,347648.0,9.035067042016855e-06,9.232411055677297e-09,3.0,1,48.55924216871593,0.06178020632152155,0.3937952412748254,1.7894736842105263,10,,132,151,101,135,58,87,-8.034684867615745,2.3978952727983707,0.8064313696100199,True,3,small,0.5309848428280338
BraTS-GLI-02755-101,gmm_2d,prediction_component,183,25,9984.0,2.5060120224403912e-05,7.102621534903521e-08,1.7320508075688772,1,8.660254037844387,0.19999999999999996,0.9548683406603533,1.0,0,,133,138,42,47,63,68,-7.14858132620955,0.0,0.9999479890581185,True,3,small,0.5309848428280338
BraTS-GLI-02755-101,gmm_2d,prediction_component,184,215,55296.0,1.6534759606204666e-05,3.092061646736372e-08,2.23606797749979,1,20.83266665599966,0.10733469768527296,0.6016838925245199,1.1818181818181819,2,,133,145,115,128,42,53,-7.5097518560957095,1.0986122886681098,0.9953106218411546,True,3,small,0.5309848428280338
BraTS-GLI-02755-101,gmm_2d,prediction_component,185,38,13824.0,2.3379381024587062e-05,6.181848980958109e-08,1.7320508075688772,1,9.848857801796104,0.17586311452816475,0.8304795924748166,1.2,0,,134,140,108,113,40,46,-7.2088816087094125,0.0,0.9998546895173824,True,3,small,0.5309848428280338
BraTS-GLI-02755-101,gmm_2d,prediction_component,186,25,9984.0,2.5060120224403912e-05,7.102621534903521e-08,1.7320508075688772,1,8.660254037844387,0.19999999999999996,0.9548683406603533,1.0,0,,134,139,111,116,134,139,-7.14858132620955,0.0,0.9999479890581185,True,3,small,0.5309848428280338
BraTS-GLI-02755-101,gmm_2d,prediction_component,187,38,12544.0,2.7047649416909622e-05,8.273922157753891e-08,1.7320508075688772,1,9.273618495495704,0.18677184190940707,0.8304795924748166,1.2,0,,134,139,128,134,45,50,-7.082288569326049,0.0,0.9999244487787192,True,3,small,0.5309848428280338
BraTS-GLI-02755-101,gmm_2d,prediction_component,188,103,27648.0,2.2404829510924333e-05,5.677219168887168e-08,2.23606797749979,1,13.92838827718412,0.1605403247669839,0.768957133841457,1.2857142857142858,1,,134,141,133,141,53,62,-7.2458643395246325,0.6931471805599453,0.9996456204469751,True,3,small,0.5309848428280338
BraTS-GLI-02755-101,gmm_2d,prediction_component,189,190,62976.0,1.202239498797501e-05,1.634686056179706e-08,1.7320508075688772,1,25.199206336708304,0.06873433966234707,0.4856674119240312,1.5454545454545454,0,,135,146,74,91,42,57,-7.786565641878607,0.0,0.977765801760328,True,3,small,0.5309848428280338
BraTS-GLI-02755-101,gmm_2d,prediction_component,190,44,13824.0,2.7070862238995545e-05,8.288129935688987e-08,1.7320508075688772,1,10.392304845413264,0.16666666666666666,0.7908715233027805,1.0,0,,135,141,90,96,131,137,-7.081543448970658,0.0,0.999879473577284,True,3,small,0.5309848428280338
BraTS-GLI-02755-101,gmm_2d,prediction_component,191,157,39424.0,2.0056660497410318e-05,4.5495623352207134e-08,1.7320508075688772,1,16.822603841260722,0.10295973345818703,0.5175555216689944,1.2222222222222223,0,,135,144,140,151,55,64,-7.342030380165049,0.0,0.99778566940627,True,3,small,0.5309848428280338
BraTS-GLI-02755-101,gmm_2d,prediction_component,192,133,43008.0,1.4911721035154958e-05,2.5148258410259267e-08,1.7320508075688772,1,19.026297590440446,0.09103456935516067,0.5469818932799718,1.8571428571428572,0,,137,144,44,57,90,102,-7.599492085717545,0.0,0.9936247398257734,True,3,small,0.5309848428280338
BraTS-GLI-02755-101,gmm_2d,prediction_component,193,117,27904.0,2.510071928999308e-05,7.125653617432675e-08,2.449489742783178,1,13.74772708486752,0.17817416127494956,0.8073153455972992,2.0,1,,137,147,88,96,84,89,-7.147175292803675,0.6931471805599453,0.9998386914594085,True,3,small,0.5309848428280338
BraTS-GLI-02755-101,gmm_2d,prediction_component,194,38,12544.0,2.7047649416909622e-05,8.273922157753891e-08,1.7320508075688772,1,9.273618495495704,0.18677184190940707,0.8304795924748166,1.2,0,,137,142,98,104,41,46,-7.082288569326049,0.0,0.9999244487787192,True,3,small,0.5309848428280338
BraTS-GLI-02755-101,gmm_2d,prediction_component,195,25,9984.0,2.5060120224403912e-05,7.102621534903521e-08,1.7320508075688772,1,8.660254037844387,0.19999999999999996,0.9548683406603533,1.0,0,,138,143,56,61,85,90,-7.14858132620955,0.0,0.9999479890581185,True,3,small,0.5309848428280338
BraTS-GLI-02755-101,gmm_2d,prediction_component,196,62,18176.0,2.530138053202675e-05,7.240037411984334e-08,1.7320508075688772,1,11.575836902790225,0.14962640041614492,0.7054392189315698,1.1666666666666667,0,,138,145,93,99,127,134,-7.140259189634846,0.0,0.9997377850892378,True,3,small,0.5309848428280338
BraTS-GLI-02755-101,gmm_2d,prediction_component,197,126,35072.0,1.9183583925979393e-05,4.162093826132022e-08,1.7320508075688772,1,16.55294535724685,0.10463701596227336,0.55692919151602,1.7142857142857142,0,,139,148,105,112,123,135,-7.380688133708222,0.0,0.9978074425129734,True,3,small,0.5309848428280338
BraTS-GLI-02755-101,gmm_2d,prediction_component,198,25,9984.0,2.5060120224403912e-05,7.102621534903521e-08,1.7320508075688772,1,8.660254037844387,0.19999999999999996,0.9548683406603533,1.0,0,,139,144,124,129,82,87,-7.14858132620955,0.0,0.9999479890581185,True,3,small,0.5309848428280338
BraTS-GLI-02755-101,gmm_2d,prediction_component,199,38,13824.0,2.3379381024587062e-05,6.181848980958109e-08,1.7320508075688772,1,9.848857801796104,0.17586311452816475,0.8304795924748166,1.2,0,,139,144,155,161,94,100,-7.2088816087094125,0.0,0.9998546895173824,True,3,small,0.5309848428280338
BraTS-GLI-02755-101,gmm_2d,prediction_component,200,447,101376.0,1.3848565717627564e-05,2.1690120562858475e-08,2.449489742783178,1,25.079872407968907,0.09766755200895177,0.5164195250328716,2.5714285714285716,5,,140,156,94,112,83,90,-7.6637380339867915,1.791759469228055,0.9830006436018518,True,3,small,0.5309848428280338
BraTS-GLI-02755-101,gmm_2d,prediction_component,201,38,13824.0,2.3379381024587062e-05,6.181848980958109e-08,1.7320508075688772,1,9.848857801796104,0.17586311452816475,0.8304795924748166,1.2,0,,142,148,59,65,90,95,-7.2088816087094125,0.0,0.9998546895173824,True,3,small,0.5309848428280338
BraTS-GLI-02755-101,gmm_2d,prediction_component,202,46,16896.0,2.0945077921731866e-05,4.961538140913494e-08,1.7320508075688772,1,11.0,0.15745916432444337,0.7792393700163133,1.1666666666666667,0,,142,148,90,96,122,129,-7.3043836657365855,0.0,0.9996670984957017,True,3,small,0.5309848428280338
BraTS-GLI-02755-101,gmm_2d,prediction_component,203,111,29696.0,2.169082382481306e-05,5.3211373288566505e-08,2.23606797749979,1,14.798648586948742,0.15109947130387485,0.7500212110487685,1.5714285714285714,1,,142,149,111,122,119,126,-7.273995532581568,0.6931471805599453,0.9995094061236715,True,3,small,0.5309848428280338
BraTS-GLI-02755-101,gmm_2d,prediction_component,204,139,41216.0,1.661177492770329e-05,3.120933032917549e-08,1.7320508075688772,1,18.35755975068582,0.09435081955836584,0.5389956129876293,1.7142857142857142,0,,144,156,70,77,104,116,-7.5057155500614865,0.0,0.9956209912666305,True,3,small,0.5309848428280338
BraTS-GLI-02755-101,gmm_2d,prediction_component,205,25,9984.0,2.5060120224403912e-05,7.102621534903521e-08,1.7320508075688772,1,8.660254037844387,0.19999999999999996,0.9548683406603533,1.0,0,,145,150,106,111,117,122,-7.14858132620955,0.0,0.9999479890581185,True,3,small,0.5309848428280338
BraTS-GLI-02755-101,variational_spline,prediction_component,1,21959,4216064.0,2.5365987051381132e-06,7.277059171795724e-10,4.0,2,210.79373804740976,0.018975895759770423,0.23026009253573446,1.1944444444444444,21,,22,151,15,123,24,151,-9.138044093694752,3.091042453358316,0.014948273097289876,False,3,small,0.5309848428280338
