case_id,method,source,component_label,volume_vox,surface_area_proxy,compactness_v_over_s15,isoperimetric_quotient,inscribed_radius_vox,inscribed_radius_grid_step,bbox_diag_vox,radius_over_bbox_diag,radius_over_equiv_sphere,elongation_max_over_min,eroded_subcomponents,overlap_gt_vox,z0,z1,y0,y1,x0,x1,log10_isoperimetric,log1p_eroded_subcomponents,shape_score_prob_true_et,accepted_shape,fold,vol_bin,shape_threshold
BraTS-GLI-02701-100,otsu_T1c,prediction_component,1,24591,3892224.0,3.2024285613918914e-06,1.159875231321886e-09,5.656854249492381,4,245.52392958732148,0.023039930401083368,0.31357815148575124,1.425,31,,34,154,23,194,30,159,-8.935588725654762,3.4657359027997265,0.036542417005425605,False,3,absent,0.5309848428280338
BraTS-GLI-02701-100,gmm_T1c,prediction_component,1,27803,4476416.0,2.9355940626682202e-06,9.746403221943752e-10,5.656854249492381,4,245.52392958732148,0.023039930401083368,0.30100518202800053,1.425,40,,34,154,23,194,30,159,-9.011155625230254,3.713572066704308,0.024198726247675002,False,3,absent,0.5309848428280338
BraTS-GLI-02701-100,sustraccion,prediction_component,1,14,6912.0,2.4362533060422576e-05,6.712700278491907e-08,1.4142135623730951,1,7.0710678118654755,0.2,0.9458781407605124,1.6666666666666667,0,,7,11,69,74,99,102,-7.1731027435946135,0.0,0.9999414397968109,True,3,absent,0.5309848428280338
BraTS-GLI-02701-100,sustraccion,prediction_component,2,2109,380160.0,8.997605576361772e-06,9.156010373479772e-09,3.3166247903554,1,53.1883445878888,0.06235623266813626,0.4169017189247841,2.0,6,,8,27,53,91,73,105,-8.038293723954848,1.9459101490553132,0.8443605476152743,True,3,absent,0.5309848428280338
BraTS-GLI-02701-100,sustraccion,prediction_component,3,116,28672.0,2.389301783374806e-05,6.456458858293371e-08,2.23606797749979,1,14.352700094407323,0.15579423821243896,0.7390863966003943,2.0,2,,10,19,74,84,102,107,-7.190005612030835,1.0986122886681098,0.9995906397755552,True,3,absent,0.5309848428280338
BraTS-GLI-02701-100,sustraccion,prediction_component,5,160,49920.0,1.4345249880597614e-05,2.3273870245571857e-08,1.4142135623730951,1,20.663978319771825,0.0684385910829155,0.41992449317105496,1.6666666666666667,0,,13,22,71,82,127,142,-7.633131391249832,0.0,0.9842928565924831,True,3,absent,0.5309848428280338
BraTS-GLI-02701-100,sustraccion,prediction_component,7,24,12288.0,1.7619331945484184e-05,3.511003390241183e-08,1.4142135623730951,1,10.677078252031311,0.13245323570650439,0.7903281549671363,1.75,0,,15,19,73,80,43,50,-7.4545687511776775,0.0,0.9991408918323565,True,3,absent,0.5309848428280338
BraTS-GLI-02701-100,sustraccion,prediction_component,8,1385,265472.0,1.0125621537437136e-05,1.1595667539422927e-08,2.449489742783178,1,44.12482294582042,0.05551273816533688,0.35423263565217844,1.631578947368421,6,,17,42,65,96,90,109,-7.9357042448403154,1.9459101490553132,0.8525693794241309,True,3,absent,0.5309848428280338
BraTS-GLI-02701-100,sustraccion,prediction_component,12,12,6144.0,2.4917498197257264e-05,7.022006780482366e-08,1.4142135623730951,1,6.4031242374328485,0.2208630521496931,0.9957510787676723,1.3333333333333333,0,,20,24,62,65,76,80,-7.153538755513696,0.0,0.9999674469175863,True,3,absent,0.5309848428280338
BraTS-GLI-02701-100,sustraccion,prediction_component,14,102644,16014080.0,1.6016977938472794e-06,2.901439560316481e-10,6.928203230275509,4,259.9634589706792,0.026650681052281768,0.2385277797868815,1.3181818181818181,160,,23,155,20,194,18,159,-9.53738647176305,5.081404364984463,0.001725151330542773,False,3,absent,0.5309848428280338
BraTS-GLI-02701-100,sustraccion,prediction_component,15,27,9984.0,2.7064929842356223e-05,8.284497758311468e-08,1.4142135623730951,1,8.12403840463596,0.17407765595569785,0.7599002946021327,1.25,0,,24,28,54,59,91,96,-7.08173381523565,0.0,0.9998829721982482,True,3,absent,0.5309848428280338
BraTS-GLI-02701-100,sustraccion,prediction_component,16,57,15360.0,2.9942498200659555e-05,1.0139777791016536e-07,1.7320508075688772,1,9.848857801796104,0.17586311452816475,0.7254907483481623,1.2,0,,24,29,58,64,96,102,-6.993971562280076,0.0,0.9999085092382354,True,3,absent,0.5309848428280338
BraTS-GLI-02701-100,sustraccion,prediction_component,17,35,15872.0,1.7503325215027517e-05,3.464922280993951e-08,1.4142135623730951,1,11.445523142259598,0.1235604126430431,0.6969289728874266,1.8,0,,24,29,82,87,80,89,-7.460306502268338,0.0,0.998630074840217,True,3,absent,0.5309848428280338
BraTS-GLI-02701-100,sustraccion,prediction_component,18,199,49408.0,1.8119957091841175e-05,3.713356993738218e-08,2.0,1,22.58317958127243,0.08856148855400953,0.5522153907122441,3.4,1,,25,30,126,140,119,136,-7.430233296678035,0.6931471805599453,0.9952641211020175,True,3,absent,0.5309848428280338
BraTS-GLI-02701-100,sustraccion,prediction_component,19,68,23296.0,1.912435849960574e-05,4.1364342548787626e-08,1.4142135623730951,1,13.19090595827292,0.10721125348377948,0.5585236446694171,2.0,0,,27,32,125,135,40,47,-7.383373874024936,0.0,0.9978918576362291,True,3,absent,0.5309848428280338
BraTS-GLI-02701-100,sustraccion,prediction_component,20,21,8448.0,2.704509036953757e-05,8.272356597893577e-08,1.4142135623730951,1,8.12403840463596,0.17407765595569785,0.8263006657894747,1.25,0,,28,32,60,65,91,96,-7.082370752639951,0.0,0.9999047621012179,True,3,absent,0.5309848428280338
BraTS-GLI-02701-100,sustraccion,prediction_component,22,56,17408.0,2.4381740798114816e-05,6.723289211355393e-08,1.4142135623730951,1,11.575836902790225,0.12216944435630524,0.5958658900897977,1.1666666666666667,0,,29,36,41,48,83,89,-7.172418206580436,0.0,0.9993327951586041,True,3,absent,0.5309848428280338
BraTS-GLI-02701-100,sustraccion,prediction_component,23,42,15104.0,2.2626184542151925e-05,5.7899528005979474e-08,1.4142135623730951,1,10.488088481701515,0.13483997249264842,0.6558352730581178,1.4,0,,29,35,113,118,141,148,-7.237324976604759,0.0,0.999435195521752,True,3,absent,0.5309848428280338
BraTS-GLI-02701-100,sustraccion,prediction_component,25,69,18944.0,2.6463151503521995e-05,7.920188170148235e-08,1.7320508075688772,1,10.488088481701515,0.1651445647689541,0.6807282909996718,1.4,0,,30,37,45,51,89,94,-7.101264500192546,0.0,0.9998120170825913,True,3,absent,0.5309848428280338
BraTS-GLI-02701-100,sustraccion,prediction_component,26,125,36352.0,1.803505821328368e-05,3.6786415375343135e-08,1.7320508075688772,1,18.466185312619388,0.09379580992210836,0.5584103931497517,2.6666666666666665,0,,30,37,109,125,34,40,-7.434312529607184,0.0,0.9967991968823311,True,3,absent,0.5309848428280338
BraTS-GLI-02701-100,sustraccion,prediction_component,28,12,5376.0,3.04433440619409e-05,1.0481829363285631e-07,1.4142135623730951,1,5.830951894845301,0.24253562503633297,0.9957510787676723,1.3333333333333333,0,,31,35,93,96,111,114,-6.979562914580636,0.0,0.9999881881216841,True,3,absent,0.5309848428280338
BraTS-GLI-02701-100,sustraccion,prediction_component,30,17,7168.0,2.8012503667152895e-05,8.874752009735003e-08,1.4142135623730951,1,6.928203230275509,0.20412414523193154,0.8866010210973454,1.0,0,,31,35,110,114,146,150,-7.051843773744237,0.0,0.9999579755349162,True,3,absent,0.5309848428280338
BraTS-GLI-02701-100,sustraccion,prediction_component,31,17,7680.0,2.5258472975227388e-05,7.215502078433436e-08,1.4142135623730951,1,7.0710678118654755,0.2,0.8866010210973454,1.6666666666666667,0,,32,35,107,111,125,130,-7.141733443876567,0.0,0.9999371680724158,True,3,absent,0.5309848428280338
BraTS-GLI-02701-100,sustraccion,prediction_component,32,49,15872.0,2.450465530103852e-05,6.791247670748144e-08,1.4142135623730951,1,9.486832980505138,0.14907119849998599,0.6229872725752906,1.75,0,,33,37,64,69,111,118,-7.168050430911862,0.0,0.9996201350745222,True,3,absent,0.5309848428280338
BraTS-GLI-02701-100,sustraccion,prediction_component,33,91,24832.0,2.3255401555241055e-05,6.116458865684368e-08,2.0,1,12.727922061357855,0.15713484026367722,0.7167687590551839,1.1428571428571428,1,,33,41,75,82,82,89,-7.213499940630675,0.6931471805599453,0.999607179119676,True,3,absent,0.5309848428280338
BraTS-GLI-02701-100,sustraccion,prediction_component,34,36,15616.0,1.844793672188883e-05,3.849000557758112e-08,1.4142135623730951,1,12.0,0.11785113019775793,0.6904152369103725,2.0,0,,33,37,84,92,59,67,-7.414652025971854,0.0,0.9986964432900909,True,3,absent,0.5309848428280338
BraTS-GLI-02701-100,sustraccion,prediction_component,35,33,12800.0,2.27876208780821e-05,5.8728694148699874e-08,1.4142135623730951,1,9.486832980505138,0.14907119849998599,0.7107331206052484,1.75,0,,33,38,89,96,97,101,-7.231149655726409,0.0,0.9996360446455396,True,3,absent,0.5309848428280338
BraTS-GLI-02701-100,sustraccion,prediction_component,36,26,11520.0,2.102783833007615e-05,5.000824713593235e-08,1.4142135623730951,1,9.9498743710662,0.1421338109037403,0.7695203069187393,1.4,0,,34,39,125,132,144,149,-7.300958367858523,0.0,0.9995590177584864,True,3,absent,0.5309848428280338
BraTS-GLI-02701-100,sustraccion,prediction_component,39,24,8704.0,2.9555133009393756e-05,9.879118841175273e-08,1.4142135623730951,1,7.54983443527075,0.1873171623163388,0.7903281549671363,1.25,0,,36,40,68,73,83,87,-7.005281790177681,0.0,0.9999360817186348,True,3,absent,0.5309848428280338
BraTS-GLI-02701-100,sustraccion,prediction_component,41,12,5376.0,3.04433440619409e-05,1.0481829363285631e-07,1.4142135623730951,1,5.830951894845301,0.24253562503633297,0.9957510787676723,1.3333333333333333,0,,37,40,105,108,37,41,-6.979562914580636,0.0,0.9999881881216841,True,3,absent,0.5309848428280338
BraTS-GLI-02701-100,sustraccion,prediction_component,45,42,14592.0,2.3827422130590324e-05,6.421056499079371e-08,1.4142135623730951,1,10.04987562112089,0.1407195089460584,0.6558352730581178,1.75,0,,40,44,62,68,83,90,-7.192393508695801,0.0,0.9995673468478717,True,3,absent,0.5309848428280338
BraTS-GLI-02701-100,sustraccion,prediction_component,46,16,6656.0,2.9464563572443515e-05,9.818664009850627e-08,1.4142135623730951,1,6.4031242374328485,0.2208630521496931,0.9046998952817776,1.3333333333333333,0,,41,44,53,57,83,87,-7.007947601074732,0.0,0.999974670476063,True,3,absent,0.5309848428280338
BraTS-GLI-02701-100,sustraccion,prediction_component,47,17,6912.0,2.9583075859084555e-05,9.897808063694699e-08,1.4142135623730951,1,6.557438524302,0.21566554640687685,0.8866010210973454,1.6666666666666667,0,,41,44,100,105,89,92,-7.004460972194542,0.0,0.9999710593812473,True,3,absent,0.5309848428280338
BraTS-GLI-02701-100,sustraccion,prediction_component,48,27,11008.0,2.3377665101405374e-05,6.180941584077854e-08,1.4142135623730951,1,8.774964387392123,0.16116459280507606,0.7599002946021327,1.5,0,,43,47,128,133,122,128,-7.208945360894912,0.0,0.9997665065505893,True,3,absent,0.5309848428280338
BraTS-GLI-02701-100,sustraccion,prediction_component,49,96,30208.0,1.828471831101013e-05,3.7811936656966186e-08,1.4142135623730951,1,15.84297951775486,0.08926436853549036,0.49787553938383616,1.5714285714285714,0,,45,54,92,103,85,92,-7.4223710783133665,0.0,0.9959993636278245,True,3,absent,0.5309848428280338
BraTS-GLI-02701-100,sustraccion,prediction_component,50,46,15104.0,2.4781059260452108e-05,6.945317531783025e-08,1.4142135623730951,1,10.677078252031311,0.13245323570650439,0.6362462813425951,1.75,0,,45,49,135,142,58,65,-7.158307894037412,0.0,0.9995323108174315,True,3,absent,0.5309848428280338
BraTS-GLI-02701-100,sustraccion,prediction_component,51,48,15360.0,2.5214735326871204e-05,7.190534943213943e-08,1.4142135623730951,1,10.246950765959598,0.13801311186847084,0.6272838722974592,2.0,0,,46,50,147,152,44,52,-7.143238798873884,0.0,0.9995864059712809,True,3,absent,0.5309848428280338
BraTS-GLI-02701-100,sustraccion,prediction_component,54,17,7680.0,2.5258472975227388e-05,7.215502078433436e-08,1.4142135623730951,1,7.0710678118654755,0.2,0.8866010210973454,1.6666666666666667,0,,48,53,131,135,62,65,-7.141733443876567,0.0,0.9999371680724158,True,3,absent,0.5309848428280338
BraTS-GLI-02701-100,sustraccion,prediction_component,56,21,8448.0,2.704509036953757e-05,8.272356597893577e-08,1.4142135623730951,1,7.54983443527075,0.1873171623163388,0.8263006657894747,1.25,0,,48,52,156,160,77,82,-7.082370752639951,0.0,0.9999241424459344,True,3,absent,0.5309848428280338
BraTS-GLI-02701-100,sustraccion,prediction_component,57,323,69888.0,1.7482301419058278e-05,3.456603625026003e-08,2.23606797749979,1,24.758836806279895,0.09031393497987869,0.5253479370021857,2.25,1,,48,66,184,199,84,92,-7.46135041893419,0.6931471805599453,0.9943975266674736,True,3,absent,0.5309848428280338
BraTS-GLI-02701-100,sustraccion,prediction_component,59,12,6144.0,2.4917498197257264e-05,7.022006780482366e-08,1.4142135623730951,1,6.4031242374328485,0.2208630521496931,0.9957510787676723,1.3333333333333333,0,,49,53,106,110,117,120,-7.153538755513696,0.0,0.9999674469175863,True,3,absent,0.5309848428280338
BraTS-GLI-02701-100,sustraccion,prediction_component,60,29,10496.0,2.6968839884060452e-05,8.225776460426057e-08,1.4142135623730951,1,8.12403840463596,0.17407765595569785,0.742013605090188,1.25,0,,49,54,166,170,65,70,-7.0848230968354216,0.0,0.9998747978011429,True,3,absent,0.5309848428280338
BraTS-GLI-02701-100,sustraccion,prediction_component,62,117,29696.0,2.2863300788316466e-05,5.911942934398076e-08,2.0,1,15.588457268119896,0.12830005981991682,0.6591702194106804,2.6,1,,50,57,173,186,85,90,-7.22826976666256,0.6931471805599453,0.9991845656131414,True,3,absent,0.5309848428280338
BraTS-GLI-02701-100,sustraccion,prediction_component,64,35,12800.0,2.4168688810087073e-05,6.60630397907781e-08,1.4142135623730951,1,9.273618495495704,0.15249857033260467,0.6969289728874266,1.2,0,,51,57,122,127,87,92,-7.180041446781633,0.0,0.9997031806834484,True,3,absent,0.5309848428280338
BraTS-GLI-02701-100,sustraccion,prediction_component,66,40,13312.0,2.6043240883471167e-05,7.670831257695802e-08,1.4142135623730951,1,9.273618495495704,0.15249857033260467,0.6665885822069456,1.2,0,,53,58,117,122,118,124,-7.115157570722601,0.0,0.9997429647409319,True,3,absent,0.5309848428280338
BraTS-GLI-02701-100,sustraccion,prediction_component,67,24,9984.0,2.4057715415427756e-05,6.545776006567085e-08,1.4142135623730951,1,8.774964387392123,0.16116459280507606,0.7903281549671363,1.5,0,,53,59,129,134,104,108,-7.184038860130413,0.0,0.9998063828603955,True,3,absent,0.5309848428280338
BraTS-GLI-02701-100,sustraccion,prediction_component,68,12,5376.0,3.04433440619409e-05,1.0481829363285631e-07,1.4142135623730951,1,5.830951894845301,0.24253562503633297,0.9957510787676723,1.3333333333333333,0,,53,56,132,136,77,80,-6.979562914580636,0.0,0.9999881881216841,True,3,absent,0.5309848428280338
BraTS-GLI-02701-100,sustraccion,prediction_component,72,37,14080.0,2.214612474355465e-05,5.5468683342937005e-08,1.7320508075688772,1,9.486832980505138,0.18257418583505536,0.837894981202894,1.75,0,,55,59,102,109,102,107,-7.255952142822869,0.0,0.9998495295901075,True,3,absent,0.5309848428280338
BraTS-GLI-02701-100,sustraccion,prediction_component,73,101,30464.0,1.8995073734541046e-05,4.080696926580376e-08,1.7320508075688772,1,16.55294535724685,0.10463701596227336,0.5995375274776799,1.7142857142857142,0,,55,62,133,142,102,114,-7.389265659086434,0.0,0.9980198546961708,True,3,absent,0.5309848428280338
BraTS-GLI-02701-100,sustraccion,prediction_component,75,29,10752.0,2.6011423159067295e-05,7.652099387606958e-08,1.4142135623730951,1,9.0,0.15713484026367724,0.742013605090188,1.75,0,,56,60,157,161,57,64,-7.116219397869917,0.0,0.9998119350297242,True,3,absent,0.5309848428280338
BraTS-GLI-02701-100,sustraccion,prediction_component,78,248,58112.0,1.7703247745387468e-05,3.544526826266993e-08,2.23606797749979,1,18.24828759089466,0.12253577034896797,0.5737164621580607,1.625,1,,57,65,140,150,55,68,-7.450441732401063,0.6931471805599453,0.997334589496138,True,3,absent,0.5309848428280338
BraTS-GLI-02701-100,sustraccion,prediction_component,80,124,35840.0,1.8275517505987733e-05,3.777389256794059e-08,1.7320508075688772,1,18.708286933869708,0.09258200997725513,0.5599074791157995,3.4,0,,58,64,80,97,153,158,-7.422808259184372,0.0,0.9968818508405793,True,3,absent,0.5309848428280338
BraTS-GLI-02701-100,sustraccion,prediction_component,83,16,6656.0,2.9464563572443515e-05,9.818664009850627e-08,1.4142135623730951,1,6.4031242374328485,0.2208630521496931,0.9046998952817776,1.3333333333333333,0,,59,62,165,169,92,96,-7.007947601074732,0.0,0.999974670476063,True,3,absent,0.5309848428280338
BraTS-GLI-02701-100,sustraccion,prediction_component,85,594,137216.0,1.1686361393608615e-05,1.544582103100038e-08,2.23606797749979,1,39.0,0.057335076346148456,0.42879764378853985,1.368421052631579,3,,60,79,107,129,56,82,-7.8111890015900505,1.3862943611198906,0.9382305358430993,True,3,absent,0.5309848428280338
BraTS-GLI-02701-100,sustraccion,prediction_component,87,45,14080.0,2.6934476039458354e-05,8.204827156278118e-08,1.4142135623730951,1,9.273618495495704,0.15249857033260467,0.6409247308398612,1.2,0,,61,66,105,111,94,99,-7.085930563406172,0.0,0.9997498573698398,True,3,absent,0.5309848428280338
BraTS-GLI-02701-100,sustraccion,prediction_component,88,21,8448.0,2.704509036953757e-05,8.272356597893577e-08,1.4142135623730951,1,7.54983443527075,0.1873171623163388,0.8263006657894747,1.25,0,,61,65,130,135,105,109,-7.082370752639951,0.0,0.9999241424459344,True,3,absent,0.5309848428280338
BraTS-GLI-02701-100,sustraccion,prediction_component,89,20,7680.0,2.9715850559091044e-05,9.986854087797143e-08,1.4142135623730951,1,6.928203230275509,0.20412414523193154,0.8398489863421099,1.0,0,,61,65,130,134,92,96,-7.000571295305153,0.0,0.999959714665867,True,3,absent,0.5309848428280338
BraTS-GLI-02701-100,sustraccion,prediction_component,90,12,5376.0,3.04433440619409e-05,1.0481829363285631e-07,1.4142135623730951,1,5.830951894845301,0.24253562503633297,0.9957510787676723,1.3333333333333333,0,,62,65,146,149,129,133,-6.979562914580636,0.0,0.9999881881216841,True,3,absent,0.5309848428280338
BraTS-GLI-02701-100,sustraccion,prediction_component,91,25,9216.0,2.8257016782407408e-05,9.030358513994814e-08,1.4142135623730951,1,7.54983443527075,0.1873171623163388,0.7796467353853097,1.25,0,,63,67,148,152,118,123,-7.044295007431914,0.0,0.999923680480082,True,3,absent,0.5309848428280338
BraTS-GLI-02701-100,sustraccion,prediction_component,93,12,5376.0,3.04433440619409e-05,1.0481829363285631e-07,1.4142135623730951,1,5.830951894845301,0.24253562503633297,0.9957510787676723,1.3333333333333333,0,,64,67,57,61,108,111,-6.979562914580636,0.0,0.9999881881216841,True,3,absent,0.5309848428280338
BraTS-GLI-02701-100,sustraccion,prediction_component,94,56,21504.0,1.7758617369465525e-05,3.566733602784694e-08,1.4142135623730951,1,12.884098726725126,0.10976425998969035,0.5958658900897977,1.5,0,,64,71,119,125,92,101,-7.447729326647372,0.0,0.9977254332827887,True,3,absent,0.5309848428280338
BraTS-GLI-02701-100,sustraccion,prediction_component,95,435,133888.0,8.879260053612083e-06,8.91673633394268e-09,1.7320508075688772,1,48.342527861087284,0.03582871819500093,0.36849116375513136,1.391304347826087,0,,65,93,72,104,18,41,-8.049794075166675,0.0,0.8676137920174739,True,3,absent,0.5309848428280338
BraTS-GLI-02701-100,sustraccion,prediction_component,96,116,39424.0,1.481893387069807e-05,2.483626548043731e-08,1.4142135623730951,1,19.235384061671343,0.07352146220938079,0.46743928018075476,1.875,0,,65,73,96,111,87,96,-7.60491370652968,0.0,0.988774852534435,True,3,absent,0.5309848428280338
BraTS-GLI-02701-100,sustraccion,prediction_component,97,14,6144.0,2.9070414563466808e-05,9.557731451212109e-08,1.4142135623730951,1,6.928203230275509,0.20412414523193154,0.9458781407605124,1.0,0,,65,69,104,108,109,113,-7.019645176252469,0.0,0.9999690143044426,True,3,absent,0.5309848428280338
BraTS-GLI-02701-100,sustraccion,prediction_component,99,28,11264.0,2.3421735307665408e-05,6.204267448420182e-08,1.4142135623730951,1,8.12403840463596,0.17407765595569785,0.7507439778384809,1.25,0,,65,69,123,128,122,127,-7.207309489248251,0.0,0.9998086748652342,True,3,absent,0.5309848428280338
BraTS-GLI-02701-100,sustraccion,prediction_component,100,51,17920.0,2.125999549248538e-05,5.1118571576073614e-08,1.4142135623730951,1,11.045361017187261,0.12803687993289598,0.6147348138286294,2.25,0,,65,69,144,149,48,57,-7.291421290321026,0.0,0.9991186173808257,True,3,absent,0.5309848428280338
BraTS-GLI-02701-100,sustraccion,prediction_component,101,12,5376.0,3.04433440619409e-05,1.0481829363285631e-07,1.4142135623730951,1,5.830951894845301,0.24253562503633297,0.9957510787676723,1.3333333333333333,0,,66,69,113,117,129,132,-6.979562914580636,0.0,0.9999881881216841,True,3,absent,0.5309848428280338
BraTS-GLI-02701-100,sustraccion,prediction_component,102,21,8960.0,2.476037855649951e-05,6.933730123813445e-08,1.4142135623730951,1,7.54983443527075,0.1873171623163388,0.8263006657894747,1.25,0,,66,70,115,119,147,152,-7.159033066057116,0.0,0.999899372415006,True,3,absent,0.5309848428280338
BraTS-GLI-02701-100,sustraccion,prediction_component,104,12,5376.0,3.04433440619409e-05,1.0481829363285631e-07,1.4142135623730951,1,5.830951894845301,0.24253562503633297,0.9957510787676723,1.3333333333333333,0,,66,69,120,123,51,55,-6.979562914580636,0.0,0.9999881881216841,True,3,absent,0.5309848428280338
BraTS-GLI-02701-100,sustraccion,prediction_component,106,19,9216.0,2.147533275462963e-05,5.2159350776834036e-08,1.4142135623730951,1,8.366600265340756,0.16903085094570333,0.8543319874271107,2.0,0,,66,69,143,148,117,123,-7.282667822870332,0.0,0.9998009869266429,True,3,absent,0.5309848428280338
BraTS-GLI-02701-100,sustraccion,prediction_component,108,21,8448.0,2.704509036953757e-05,8.272356597893577e-08,1.4142135623730951,1,7.54983443527075,0.1873171623163388,0.8263006657894747,1.25,0,,67,71,99,104,107,111,-7.082370752639951,0.0,0.9999241424459344,True,3,absent,0.5309848428280338
BraTS-GLI-02701-100,sustraccion,prediction_component,110,88,28672.0,1.8125737666981284e-05,3.715726619992856e-08,1.4142135623730951,1,17.60681686165901,0.08032193289024989,0.5125272688980814,2.5,0,,68,75,110,125,18,24,-7.429956246184335,0.0,0.9954207470401977,True,3,absent,0.5309848428280338
BraTS-GLI-02701-100,sustraccion,prediction_component,111,16,6656.0,2.9464563572443515e-05,9.818664009850627e-08,1.4142135623730951,1,6.4031242374328485,0.2208630521496931,0.9046998952817776,1.3333333333333333,0,,68,72,128,132,140,143,-7.007947601074732,0.0,0.999974670476063,True,3,absent,0.5309848428280338
BraTS-GLI-02701-100,sustraccion,prediction_component,112,68,20992.0,2.235775465977981e-05,5.653387388972962e-08,1.7320508075688772,1,13.038404810405298,0.1328422328310143,0.6840489693598067,1.8,0,,68,77,128,133,127,135,-7.247691254212805,0.0,0.9994441581174578,True,3,absent,0.5309848428280338
BraTS-GLI-02701-100,sustraccion,prediction_component,113,20,7936.0,2.8289645606535866e-05,9.051225550351545e-08,1.4142135623730951,1,7.0710678118654755,0.2,0.8398489863421099,1.6666666666666667,0,,68,71,172,176,78,83,-7.043292612648983,0.0,0.9999493805149742,True,3,absent,0.5309848428280338
BraTS-GLI-02701-100,sustraccion,prediction_component,114,180,48640.0,1.6779621327585593e-05,3.1843198556658915e-08,2.0,1,21.587033144922902,0.0926482109224159,0.5709990211296744,3.75,1,,69,84,41,56,87,91,-7.496983315126003,0.6931471805599453,0.9946801496209632,True,3,absent,0.5309848428280338
BraTS-GLI-02701-100,sustraccion,prediction_component,116,42,16128.0,2.050588503739297e-05,4.755644803712925e-08,1.4142135623730951,1,11.489125293076057,0.12309149097933274,0.6558352730581178,2.5,0,,70,80,84,88,157,161,-7.322790590039072,0.0,0.9990532294545511,True,3,absent,0.5309848428280338
BraTS-GLI-02701-100,sustraccion,prediction_component,119,54,21504.0,1.7124381034841758e-05,3.3165163219770945e-08,1.4142135623730951,1,14.035668847618199,0.10075854437197569,0.6031332635211851,2.5,0,,70,79,188,198,85,89,-7.479317861013835,0.0,0.997085910151534,True,3,absent,0.5309848428280338
BraTS-GLI-02701-100,sustraccion,prediction_component,121,25,9984.0,2.5060120224403912e-05,7.102621534903521e-08,1.4142135623730951,1,8.12403840463596,0.17407765595569785,0.7796467353853097,1.25,0,,71,75,109,114,81,86,-7.14858132620955,0.0,0.9998592723664956,True,3,absent,0.5309848428280338
BraTS-GLI-02701-100,sustraccion,prediction_component,122,176,48384.0,1.6537125169449378e-05,3.092946448303762e-08,2.0,1,18.2208671582886,0.10976425998969035,0.5752924080617492,2.3333333333333335,1,,71,81,109,115,110,124,-7.509627599365561,0.6931471805599453,0.9958973279025749,True,3,absent,0.5309848428280338
BraTS-GLI-02701-100,sustraccion,prediction_component,124,20,7680.0,2.9715850559091044e-05,9.986854087797143e-08,1.4142135623730951,1,6.928203230275509,0.20412414523193154,0.8398489863421099,1.0,0,,71,75,124,128,89,93,-7.000571295305153,0.0,0.999959714665867,True,3,absent,0.5309848428280338
BraTS-GLI-02701-100,sustraccion,prediction_component,125,12,5376.0,3.04433440619409e-05,1.0481829363285631e-07,1.4142135623730951,1,5.830951894845301,0.24253562503633297,0.9957510787676723,1.3333333333333333,0,,71,74,125,128,73,77,-6.979562914580636,0.0,0.9999881881216841,True,3,absent,0.5309848428280338
BraTS-GLI-02701-100,sustraccion,prediction_component,126,1122,259840.0,8.47098369049721e-06,8.115589369902702e-09,2.23606797749979,1,46.184412955021955,0.04841607448117723,0.3468834551018519,2.235294117647059,2,,71,88,139,159,71,109,-8.090679935381537,1.0986122886681098,0.8028199820565399,True,3,absent,0.5309848428280338
BraTS-GLI-02701-100,sustraccion,prediction_component,128,19,9216.0,2.147533275462963e-05,5.2159350776834036e-08,1.4142135623730951,1,8.602325267042627,0.1643989873053573,0.8543319874271107,2.3333333333333335,0,,72,76,98,101,72,79,-7.282667822870332,0.0,0.9997845003473774,True,3,absent,0.5309848428280338
BraTS-GLI-02701-100,sustraccion,prediction_component,130,73,25344.0,1.8092980713857938e-05,3.702308584040889e-08,1.4142135623730951,1,14.352700094407323,0.09853292781642932,0.5454692181434626,1.8333333333333333,0,,73,80,129,140,110,116,-7.4315273860258655,0.0,0.9969580546316867,True,3,absent,0.5309848428280338
BraTS-GLI-02701-100,sustraccion,prediction_component,131,17,8448.0,2.1893644584863748e-05,5.421113507463137e-08,1.4142135623730951,1,7.681145747868608,0.1841149235796647,0.8866010210973454,1.6666666666666667,0,,73,76,140,145,66,71,-7.265911499351242,0.0,0.9998695290077457,True,3,absent,0.5309848428280338
BraTS-GLI-02701-100,sustraccion,prediction_component,132,16,6656.0,2.9464563572443515e-05,9.818664009850627e-08,1.4142135623730951,1,6.4031242374328485,0.2208630521496931,0.9046998952817776,1.3333333333333333,0,,73,76,144,148,127,131,-7.007947601074732,0.0,0.999974670476063,True,3,absent,0.5309848428280338
BraTS-GLI-02701-100,sustraccion,prediction_component,133,12,5376.0,3.04433440619409e-05,1.0481829363285631e-07,1.4142135623730951,1,5.830951894845301,0.24253562503633297,0.9957510787676723,1.3333333333333333,0,,74,77,55,58,104,108,-6.979562914580636,0.0,0.9999881881216841,True,3,absent,0.5309848428280338
BraTS-GLI-02701-100,sustraccion,prediction_component,134,47,14336.0,2.7381413857343284e-05,8.479380272277085e-08,1.4142135623730951,1,9.848857801796104,0.14359163172354764,0.6317015099045129,1.2,0,,74,79,62,68,74,80,-7.0716358876212935,0.0,0.9997153301905256,True,3,absent,0.5309848428280338
BraTS-GLI-02701-100,sustraccion,prediction_component,135,17,6912.0,2.9583075859084555e-05,9.897808063694699e-08,1.4142135623730951,1,6.557438524302,0.21566554640687685,0.8866010210973454,1.6666666666666667,0,,74,79,66,69,27,30,-7.004460972194542,0.0,0.9999710593812473,True,3,absent,0.5309848428280338
BraTS-GLI-02701-100,sustraccion,prediction_component,136,17,6912.0,2.9583075859084555e-05,9.897808063694699e-08,1.4142135623730951,1,6.557438524302,0.21566554640687685,0.8866010210973454,1.6666666666666667,0,,74,79,71,74,23,26,-7.004460972194542,0.0,0.9999710593812473,True,3,absent,0.5309848428280338
BraTS-GLI-02701-100,sustraccion,prediction_component,137,27,10496.0,2.5108919892056284e-05,7.13031039197455e-08,1.4142135623730951,1,8.774964387392123,0.16116459280507606,0.7599002946021327,1.5,0,,74,80,98,103,156,160,-7.146891564315359,0.0,0.9998142395349806,True,3,absent,0.5309848428280338
BraTS-GLI-02701-100,sustraccion,prediction_component,140,119,31744.0,2.1040423919861052e-05,5.006812696036259e-08,1.7320508075688772,1,14.7648230602334,0.11730928305086626,0.5676419848966001,2.4,0,,74,81,157,162,49,61,-7.300438655175771,0.0,0.9987303237668003,True,3,absent,0.5309848428280338
BraTS-GLI-02701-100,sustraccion,prediction_component,141,16,6656.0,2.9464563572443515e-05,9.818664009850627e-08,1.4142135623730951,1,6.4031242374328485,0.2208630521496931,0.9046998952817776,1.3333333333333333,0,,75,78,73,77,60,64,-7.007947601074732,0.0,0.999974670476063,True,3,absent,0.5309848428280338
BraTS-GLI-02701-100,sustraccion,prediction_component,143,45,15360.0,2.3638814368941754e-05,6.31980610243413e-08,1.4142135623730951,1,10.63014581273465,0.13303802104754786,0.6409247308398612,2.25,0,,75,79,121,125,120,129,-7.199296246074371,0.0,0.9994693520538669,True,3,absent,0.5309848428280338
BraTS-GLI-02701-100,sustraccion,prediction_component,146,72,21760.0,2.243076884613862e-05,5.690372452516957e-08,1.7320508075688772,1,11.916375287812984,0.14535047493345277,0.6711392913128504,1.8,0,,76,81,149,158,140,146,-7.244859306754469,0.0,0.9995379447618292,True,3,absent,0.5309848428280338
BraTS-GLI-02701-100,sustraccion,prediction_component,148,12,5376.0,3.04433440619409e-05,1.0481829363285631e-07,1.4142135623730951,1,5.830951894845301,0.24253562503633297,0.9957510787676723,1.3333333333333333,0,,77,80,88,92,152,155,-6.979562914580636,0.0,0.9999881881216841,True,3,absent,0.5309848428280338
BraTS-GLI-02701-100,sustraccion,prediction_component,149,39,11520.0,3.154175749511422e-05,1.1251855605584781e-07,1.4142135623730951,1,8.12403840463596,0.17407765595569785,0.6722379073420917,1.25,0,,77,81,99,104,40,45,-6.94877584974716,0.0,0.9999056078233111,True,3,absent,0.5309848428280338
BraTS-GLI-02701-100,sustraccion,prediction_component,150,12,5376.0,3.04433440619409e-05,1.0481829363285631e-07,1.4142135623730951,1,5.830951894845301,0.24253562503633297,0.9957510787676723,1.3333333333333333,0,,77,80,112,116,96,99,-6.979562914580636,0.0,0.9999881881216841,True,3,absent,0.5309848428280338
BraTS-GLI-02701-100,sustraccion,prediction_component,153,14,7680.0,2.080109539136373e-05,4.8935585030206e-08,1.4142135623730951,1,7.810249675906654,0.1810714920850371,0.9458781407605124,2.0,0,,77,83,152,156,132,135,-7.310375215276639,0.0,0.99986553428335,True,3,absent,0.5309848428280338
BraTS-GLI-02701-100,sustraccion,prediction_component,154,101,34048.0,1.607622087235963e-05,2.9229427030601233e-08,1.4142135623730951,1,17.4928556845359,0.08084520834544433,0.4895203413233883,1.3333333333333333,0,,78,87,127,136,125,137,-7.534179697810099,0.0,0.9928553661293605,True,3,absent,0.5309848428280338
BraTS-GLI-02701-100,sustraccion,prediction_component,158,14,6912.0,2.4362533060422576e-05,6.712700278491907e-08,1.4142135623730951,1,7.0710678118654755,0.2,0.9458781407605124,1.6666666666666667,0,,79,84,54,58,100,103,-7.1731027435946135,0.0,0.9999414397968109,True,3,absent,0.5309848428280338
BraTS-GLI-02701-100,sustraccion,prediction_component,159,12,5376.0,3.04433440619409e-05,1.0481829363285631e-07,1.4142135623730951,1,5.830951894845301,0.24253562503633297,0.9957510787676723,1.3333333333333333,0,,79,82,100,103,72,76,-6.979562914580636,0.0,0.9999881881216841,True,3,absent,0.5309848428280338
BraTS-GLI-02701-100,sustraccion,prediction_component,160,19,9984.0,1.9045691370546972e-05,4.102474198560274e-08,1.4142135623730951,1,8.774964387392123,0.16116459280507606,0.8543319874271107,1.5,0,,79,84,111,115,26,32,-7.386954141647967,0.0,0.9996654287331369,True,3,absent,0.5309848428280338
BraTS-GLI-02701-100,sustraccion,prediction_component,161,12,5376.0,3.04433440619409e-05,1.0481829363285631e-07,1.4142135623730951,1,5.830951894845301,0.24253562503633297,0.9957510787676723,1.3333333333333333,0,,79,82,113,116,104,108,-6.979562914580636,0.0,0.9999881881216841,True,3,absent,0.5309848428280338
BraTS-GLI-02701-100,sustraccion,prediction_component,162,14,6144.0,2.9070414563466808e-05,9.557731451212109e-08,1.4142135623730951,1,6.928203230275509,0.20412414523193154,0.9458781407605124,1.0,0,,79,83,131,135,144,148,-7.019645176252469,0.0,0.9999690143044426,True,3,absent,0.5309848428280338
BraTS-GLI-02701-100,sustraccion,prediction_component,165,383,102656.0,1.1644538123387044e-05,1.5335463533275238e-08,1.7320508075688772,1,45.18849411078001,0.03832946509177178,0.3844653801830556,2.5384615384615383,0,,79,92,161,194,114,142,-7.814303092397429,0.0,0.9448625030693704,True,3,absent,0.5309848428280338
BraTS-GLI-02701-100,sustraccion,prediction_component,167,23,9728.0,2.3971350007758136e-05,6.498862668392194e-08,1.4142135623730951,1,8.366600265340756,0.16903085094570333,0.8016200827808712,2.0,0,,80,83,66,71,26,32,-7.1871626402893725,0.0,0.9998348601947341,True,3,absent,0.5309848428280338
BraTS-GLI-02701-100,sustraccion,prediction_component,169,27,9984.0,2.7064929842356223e-05,8.284497758311468e-08,1.4142135623730951,1,8.12403840463596,0.17407765595569785,0.7599002946021327,1.25,0,,80,84,144,149,40,45,-7.08173381523565,0.0,0.9998829721982482,True,3,absent,0.5309848428280338
BraTS-GLI-02701-100,sustraccion,prediction_component,172,14,7680.0,2.080109539136373e-05,4.8935585030206e-08,1.4142135623730951,1,7.681145747868608,0.1841149235796647,0.9458781407605124,1.6666666666666667,0,,81,84,101,106,94,99,-7.310375215276639,0.0,0.9998723859650914,True,3,absent,0.5309848428280338
BraTS-GLI-02701-100,sustraccion,prediction_component,174,23,8960.0,2.7118509847594702e-05,8.317331599767149e-08,1.4142135623730951,1,8.12403840463596,0.17407765595569785,0.8016200827808712,1.25,0,,81,86,167,172,37,41,-7.080015983489769,0.0,0.999897981607917,True,3,absent,0.5309848428280338
BraTS-GLI-02701-100,sustraccion,prediction_component,177,14,7680.0,2.080109539136373e-05,4.8935585030206e-08,1.4142135623730951,1,7.54983443527075,0.1873171623163388,0.9458781407605124,1.25,0,,83,87,58,63,29,33,-7.310375215276639,0.0,0.9998792186253973,True,3,absent,0.5309848428280338
BraTS-GLI-02701-100,sustraccion,prediction_component,178,50,17408.0,2.176941142688823e-05,5.359764996297349e-08,1.7320508075688772,1,11.0,0.15745916432444337,0.757879504227687,1.1666666666666667,0,,83,90,63,69,76,82,-7.270854251920799,0.0,0.9996853980937785,True,3,absent,0.5309848428280338
BraTS-GLI-02701-100,sustraccion,prediction_component,179,82,25856.0,1.9722948637941656e-05,4.399426444144468e-08,1.7320508075688772,1,13.92838827718412,0.12435400084345173,0.6426663285123421,1.2857142857142858,0,,83,91,64,71,145,154,-7.356603939054622,0.0,0.9989064473654646,True,3,absent,0.5309848428280338
BraTS-GLI-02701-100,sustraccion,prediction_component,181,237,54272.0,1.8744963825637125e-05,3.973942571917563e-08,2.23606797749979,1,20.46948949045872,0.10923906912979292,0.5824586374531712,1.4444444444444444,2,,83,92,98,111,147,160,-7.400778413240174,1.0986122886681098,0.9967693752428395,True,3,absent,0.5309848428280338
BraTS-GLI-02701-100,sustraccion,prediction_component,182,48,14848.0,2.653012517370472e-05,7.960328158873937e-08,1.7320508075688772,1,9.273618495495704,0.18677184190940707,0.7682627055029695,1.2,0,,83,88,104,109,119,125,-7.0990690284117655,0.0,0.9999022983801918,True,3,absent,0.5309848428280338
BraTS-GLI-02701-100,sustraccion,prediction_component,183,179,56576.0,1.3301624156592452e-05,2.0010674075133826e-08,1.7320508075688772,1,28.178005607210743,0.06146818308268226,0.4954188042948402,1.5384615384615385,0,,83,96,95,115,35,50,-7.698738281569673,0.0,0.9822439862809139,True,3,absent,0.5309848428280338
BraTS-GLI-02701-100,sustraccion,prediction_component,185,12,5376.0,3.04433440619409e-05,1.0481829363285631e-07,1.4142135623730951,1,5.830951894845301,0.24253562503633297,0.9957510787676723,1.3333333333333333,0,,83,87,148,151,111,114,-6.979562914580636,0.0,0.9999881881216841,True,3,absent,0.5309848428280338
BraTS-GLI-02701-100,sustraccion,prediction_component,186,38,12544.0,2.7047649416909622e-05,8.273922157753891e-08,1.4142135623730951,1,8.774964387392123,0.16116459280507606,0.6780837477859392,1.5,0,,84,89,144,148,51,57,-7.082288569326049,0.0,0.9998107437114395,True,3,absent,0.5309848428280338
BraTS-GLI-02701-100,sustraccion,prediction_component,190,121,34048.0,1.9259630946094213e-05,4.195157740957089e-08,1.7320508075688772,1,14.491376746189438,0.11952286093343936,0.564497089423651,2.2,0,,86,91,109,120,114,122,-7.377251704742485,0.0,0.9983621739438071,True,3,absent,0.5309848428280338
BraTS-GLI-02701-100,sustraccion,prediction_component,191,46,17152.0,2.0477912344005222e-05,4.742679017565545e-08,1.4142135623730951,1,12.083045973594572,0.11704114719613057,0.6362462813425951,2.25,0,,87,94,90,94,142,151,-7.3239762672134585,0.0,0.9988781685890564,True,3,absent,0.5309848428280338
BraTS-GLI-02701-100,sustraccion,prediction_component,192,19,9728.0,1.9802419571626287e-05,4.434951650830968e-08,1.4142135623730951,1,8.602325267042627,0.1643989873053573,0.8543319874271107,2.3333333333333335,0,,87,94,164,168,136,139,-7.3531111104189,0.0,0.9997206222998208,True,3,absent,0.5309848428280338
BraTS-GLI-02701-100,sustraccion,prediction_component,195,12,6144.0,2.4917498197257264e-05,7.022006780482366e-08,1.4142135623730951,1,6.4031242374328485,0.2208630521496931,0.9957510787676723,1.3333333333333333,0,,88,92,69,73,69,72,-7.153538755513696,0.0,0.9999674469175863,True,3,absent,0.5309848428280338
BraTS-GLI-02701-100,sustraccion,prediction_component,199,12,5376.0,3.04433440619409e-05,1.0481829363285631e-07,1.4142135623730951,1,5.830951894845301,0.24253562503633297,0.9957510787676723,1.3333333333333333,0,,90,93,169,172,64,68,-6.979562914580636,0.0,0.9999881881216841,True,3,absent,0.5309848428280338
BraTS-GLI-02701-100,sustraccion,prediction_component,200,12,5376.0,3.04433440619409e-05,1.0481829363285631e-07,1.4142135623730951,1,5.830951894845301,0.24253562503633297,0.9957510787676723,1.3333333333333333,0,,91,95,105,108,113,116,-6.979562914580636,0.0,0.9999881881216841,True,3,absent,0.5309848428280338
BraTS-GLI-02701-100,sustraccion,prediction_component,202,770,208640.0,8.07968378487055e-06,7.383139966092824e-09,2.23606797749979,1,63.3798075099633,0.03528044759599941,0.3932640947567504,1.9230769230769231,2,,92,142,37,63,106,135,-8.131758898349094,1.0986122886681098,0.7635789713679999,True,3,absent,0.5309848428280338
BraTS-GLI-02701-100,sustraccion,prediction_component,203,49,15872.0,2.450465530103852e-05,6.791247670748144e-08,1.4142135623730951,1,10.488088481701515,0.13483997249264842,0.6229872725752906,1.4,0,,92,98,182,187,119,126,-7.168050430911862,0.0,0.999514929295799,True,3,absent,0.5309848428280338
BraTS-GLI-02701-100,sustraccion,prediction_component,204,26,9472.0,2.8204007007095187e-05,8.996508637715113e-08,1.4142135623730951,1,8.12403840463596,0.17407765595569785,0.7695203069187393,1.25,0,,94,98,68,73,42,47,-7.045925998733477,0.0,0.9999004917610405,True,3,absent,0.5309848428280338
BraTS-GLI-02701-100,sustraccion,prediction_component,205,66,26368.0,1.5414454158175475e-05,2.6872537307442698e-08,1.4142135623730951,1,14.352700094407323,0.09853292781642932,0.5641092516587063,1.8333333333333333,0,,94,101,86,92,20,31,-7.570691325505907,0.0,0.9952162074699029,True,3,absent,0.5309848428280338
BraTS-GLI-02701-100,sustraccion,prediction_component,207,17,7680.0,2.5258472975227388e-05,7.215502078433436e-08,1.4142135623730951,1,7.0710678118654755,0.2,0.8866010210973454,1.6666666666666667,0,,94,99,166,170,134,137,-7.141733443876567,0.0,0.9999371680724158,True,3,absent,0.5309848428280338
BraTS-GLI-02701-100,sustraccion,prediction_component,208,123,42752.0,1.3914591364395062e-05,2.1897437072208842e-08,1.4142135623730951,1,23.323807579381203,0.06063390625908324,0.45839812278150716,1.3333333333333333,0,,95,107,43,55,35,51,-7.659606713038081,0.0,0.9824816383711666,True,3,absent,0.5309848428280338
BraTS-GLI-02701-100,sustraccion,prediction_component,209,19,9216.0,2.147533275462963e-05,5.2159350776834036e-08,1.4142135623730951,1,9.0,0.15713484026367724,0.8543319874271107,1.75,0,,95,99,116,120,29,36,-7.282667822870332,0.0,0.99975585177848,True,3,absent,0.5309848428280338
BraTS-GLI-02701-100,sustraccion,prediction_component,210,42,15616.0,2.152259284220363e-05,5.238917425837431e-08,1.4142135623730951,1,11.445523142259598,0.1235604126430431,0.6558352730581178,1.8,0,,95,100,162,167,51,60,-7.280758446710628,0.0,0.9991955164714954,True,3,absent,0.5309848428280338
BraTS-GLI-02701-100,sustraccion,prediction_component,211,27,13056.0,1.8098748788275632e-05,3.704669565440728e-08,1.4142135623730951,1,9.9498743710662,0.1421338109037403,0.7599002946021327,1.4,0,,96,103,174,179,126,131,-7.431250522449962,0.0,0.9992655005318426,True,3,absent,0.5309848428280338
BraTS-GLI-02701-100,sustraccion,prediction_component,213,17,7680.0,2.5258472975227388e-05,7.215502078433436e-08,1.4142135623730951,1,7.0710678118654755,0.2,0.8866010210973454,1.6666666666666667,0,,97,100,86,91,31,35,-7.141733443876567,0.0,0.9999371680724158,True,3,absent,0.5309848428280338
BraTS-GLI-02701-100,sustraccion,prediction_component,215,33,11776.0,2.5823627256239415e-05,7.542005803184315e-08,1.4142135623730951,1,9.0,0.15713484026367724,0.7107331206052484,1.75,0,,97,101,103,110,18,22,-7.122513137763075,0.0,0.999787670399056,True,3,absent,0.5309848428280338
BraTS-GLI-02701-100,sustraccion,prediction_component,220,14,7680.0,2.080109539136373e-05,4.8935585030206e-08,1.4142135623730951,1,7.810249675906654,0.1810714920850371,0.9458781407605124,2.0,0,,99,103,147,150,52,58,-7.310375215276639,0.0,0.99986553428335,True,3,absent,0.5309848428280338
BraTS-GLI-02701-100,sustraccion,prediction_component,222,42,12800.0,2.9002426572104487e-05,9.513077729872047e-08,1.7320508075688772,1,9.1104335791443,0.19011727515734336,0.8032308871556322,2.3333333333333335,0,,101,106,82,89,89,92,-7.021678954686383,0.0,0.9999378574849555,True,3,absent,0.5309848428280338
BraTS-GLI-02701-100,sustraccion,prediction_component,226,38,15104.0,2.0471309823851742e-05,4.7396212267933314e-08,1.4142135623730951,1,10.488088481701515,0.13483997249264842,0.6780837477859392,1.4,0,,101,108,180,185,114,120,-7.324256364166939,0.0,0.9992744442201726,True,3,absent,0.5309848428280338
BraTS-GLI-02701-100,sustraccion,prediction_component,228,16,6656.0,2.9464563572443515e-05,9.818664009850627e-08,1.4142135623730951,1,6.4031242374328485,0.2208630521496931,0.9046998952817776,1.3333333333333333,0,,103,106,92,96,24,28,-7.007947601074732,0.0,0.999974670476063,True,3,absent,0.5309848428280338
BraTS-GLI-02701-100,sustraccion,prediction_component,229,14,6144.0,2.9070414563466808e-05,9.557731451212109e-08,1.4142135623730951,1,6.928203230275509,0.20412414523193154,0.9458781407605124,1.0,0,,103,107,126,130,135,139,-7.019645176252469,0.0,0.9999690143044426,True,3,absent,0.5309848428280338
BraTS-GLI-02701-100,sustraccion,prediction_component,230,12,5376.0,3.04433440619409e-05,1.0481829363285631e-07,1.4142135623730951,1,5.830951894845301,0.24253562503633297,0.9957510787676723,1.3333333333333333,0,,103,106,143,146,48,52,-6.979562914580636,0.0,0.9999881881216841,True,3,absent,0.5309848428280338
BraTS-GLI-02701-100,sustraccion,prediction_component,231,12,5376.0,3.04433440619409e-05,1.0481829363285631e-07,1.4142135623730951,1,5.830951894845301,0.24253562503633297,0.9957510787676723,1.3333333333333333,0,,103,106,154,158,85,88,-6.979562914580636,0.0,0.9999881881216841,True,3,absent,0.5309848428280338
BraTS-GLI-02701-100,sustraccion,prediction_component,234,19,9216.0,2.147533275462963e-05,5.2159350776834036e-08,1.4142135623730951,1,8.602325267042627,0.1643989873053573,0.8543319874271107,2.3333333333333335,0,,105,108,39,43,54,61,-7.282667822870332,0.0,0.9997845003473774,True,3,absent,0.5309848428280338
BraTS-GLI-02701-100,sustraccion,prediction_component,235,149,40448.0,1.8316424072603062e-05,3.7943182393317125e-08,2.0,1,17.69180601295413,0.1130466837888443,0.6081314202448924,2.4,1,,105,117,58,70,86,91,-7.420866246512848,0.6931471805599453,0.9974742304081039,True,3,absent,0.5309848428280338
BraTS-GLI-02701-100,sustraccion,prediction_component,236,12,5376.0,3.04433440619409e-05,1.0481829363285631e-07,1.4142135623730951,1,5.830951894845301,0.24253562503633297,0.9957510787676723,1.3333333333333333,0,,105,109,121,124,149,152,-6.979562914580636,0.0,0.9999881881216841,True,3,absent,0.5309848428280338
BraTS-GLI-02701-100,sustraccion,prediction_component,237,128,39424.0,1.6351927029735802e-05,3.0240589598059223e-08,1.7320508075688772,1,20.445048300260872,0.08471737420873575,0.5540132784474323,2.142857142857143,0,,106,121,52,59,133,145,-7.51940974568778,0.0,0.9948193676114888,True,3,absent,0.5309848428280338
BraTS-GLI-02701-100,sustraccion,prediction_component,241,41,16896.0,1.8668439017195794e-05,3.941562199846684e-08,1.4142135623730951,1,12.68857754044952,0.11145564251507058,0.6611244956113513,2.0,0,,109,119,43,48,52,58,-7.404331615660262,0.0,0.9984647881222405,True,3,absent,0.5309848428280338
BraTS-GLI-02701-100,sustraccion,prediction_component,242,19,9216.0,2.147533275462963e-05,5.2159350776834036e-08,1.4142135623730951,1,8.12403840463596,0.17407765595569785,0.8543319874271107,1.25,0,,109,113,53,58,96,101,-7.282667822870332,0.0,0.9998175182048438,True,3,absent,0.5309848428280338
BraTS-GLI-02701-100,sustraccion,prediction_component,243,12,5376.0,3.04433440619409e-05,1.0481829363285631e-07,1.4142135623730951,1,5.830951894845301,0.24253562503633297,0.9957510787676723,1.3333333333333333,0,,109,112,55,58,124,128,-6.979562914580636,0.0,0.9999881881216841,True,3,absent,0.5309848428280338
BraTS-GLI-02701-100,sustraccion,prediction_component,244,14,6912.0,2.4362533060422576e-05,6.712700278491907e-08,1.4142135623730951,1,7.0710678118654755,0.2,0.9458781407605124,1.6666666666666667,0,,109,114,104,107,153,157,-7.1731027435946135,0.0,0.9999414397968109,True,3,absent,0.5309848428280338
BraTS-GLI-02701-100,sustraccion,prediction_component,245,22,9216.0,2.4866174768518517e-05,6.993109633237583e-08,1.4142135623730951,1,7.810249675906654,0.1810714920850371,0.8135863258112027,2.0,0,,111,114,38,42,65,71,-7.155329663131577,0.0,0.9998849914573955,True,3,absent,0.5309848428280338
BraTS-GLI-02701-100,sustraccion,prediction_component,246,27,11776.0,2.112842230055952e-05,5.04878074428041e-08,1.4142135623730951,1,9.273618495495704,0.15249857033260467,0.7599002946021327,1.2,0,,111,116,104,109,76,82,-7.296813489200875,0.0,0.9996254025580814,True,3,absent,0.5309848428280338
BraTS-GLI-02701-100,sustraccion,prediction_component,248,175,41472.0,2.0720755152680962e-05,4.8558306412701877e-08,2.0,1,18.0,0.1111111111111111,0.5763861224970184,2.0,1,,111,123,147,159,87,93,-7.313736468729432,0.6931471805599453,0.9980552654122158,True,3,absent,0.5309848428280338
BraTS-GLI-02701-100,sustraccion,prediction_component,250,14,7680.0,2.080109539136373e-05,4.8935585030206e-08,1.4142135623730951,1,7.54983443527075,0.1873171623163388,0.9458781407605124,1.25,0,,112,117,87,91,81,85,-7.310375215276639,0.0,0.9998792186253973,True,3,absent,0.5309848428280338
BraTS-GLI-02701-100,sustraccion,prediction_component,256,14,6144.0,2.9070414563466808e-05,9.557731451212109e-08,1.4142135623730951,1,6.928203230275509,0.20412414523193154,0.9458781407605124,1.0,0,,117,121,104,108,53,57,-7.019645176252469,0.0,0.9999690143044426,True,3,absent,0.5309848428280338
BraTS-GLI-02701-100,sustraccion,prediction_component,258,12,6144.0,2.4917498197257264e-05,7.022006780482366e-08,1.4142135623730951,1,6.4031242374328485,0.2208630521496931,0.9957510787676723,1.3333333333333333,0,,118,122,78,81,145,149,-7.153538755513696,0.0,0.9999674469175863,True,3,absent,0.5309848428280338
BraTS-GLI-02701-100,sustraccion,prediction_component,260,58,19200.0,2.180098672721243e-05,5.3753243442159344e-08,1.4142135623730951,1,13.19090595827292,0.10721125348377948,0.5889365886474403,2.0,0,,119,126,43,48,98,108,-7.269595325523353,0.0,0.9987391452547846,True,3,absent,0.5309848428280338
BraTS-GLI-02701-100,sustraccion,prediction_component,262,131,42240.0,1.508986767358539e-05,2.575272772361935e-08,1.4142135623730951,1,21.95449840010015,0.06441566264008308,0.44887019485589424,2.4285714285714284,0,,120,127,48,60,47,64,-7.589176763804318,0.0,0.9868946516150845,True,3,absent,0.5309848428280338
BraTS-GLI-02701-100,sustraccion,prediction_component,263,16,6656.0,2.9464563572443515e-05,9.818664009850627e-08,1.4142135623730951,1,6.4031242374328485,0.2208630521496931,0.9046998952817776,1.3333333333333333,0,,120,123,79,83,100,104,-7.007947601074732,0.0,0.999974670476063,True,3,absent,0.5309848428280338
BraTS-GLI-02701-100,sustraccion,prediction_component,265,384,101632.0,1.185183280608853e-05,1.5886323644265917e-08,1.7320508075688772,1,42.871902220452036,0.04040060547494444,0.38413135275148474,1.2272727272727273,0,,120,145,113,135,114,141,-7.798976594028411,0.0,0.9494179993228857,True,3,absent,0.5309848428280338
BraTS-GLI-02701-100,sustraccion,prediction_component,266,12,5376.0,3.04433440619409e-05,1.0481829363285631e-07,1.4142135623730951,1,5.830951894845301,0.24253562503633297,0.9957510787676723,1.3333333333333333,0,,121,125,91,94,83,86,-6.979562914580636,0.0,0.9999881881216841,True,3,absent,0.5309848428280338
BraTS-GLI-02701-100,sustraccion,prediction_component,267,14,7680.0,2.080109539136373e-05,4.8935585030206e-08,1.4142135623730951,1,8.246211251235321,0.17149858514250885,0.9458781407605124,1.5,0,,121,125,122,128,97,101,-7.310375215276639,0.0,0.9998414913027567,True,3,absent,0.5309848428280338
BraTS-GLI-02701-100,sustraccion,prediction_component,269,22,8704.0,2.709220525861094e-05,8.301204026265334e-08,1.4142135623730951,1,7.54983443527075,0.1873171623163388,0.8135863258112027,1.25,0,,124,129,65,69,45,49,-7.08085891195648,0.0,0.9999214930845557,True,3,absent,0.5309848428280338
BraTS-GLI-02701-100,sustraccion,prediction_component,270,500,135168.0,1.006141754819106e-05,1.1449083390207547e-08,2.0,1,57.77542730261716,0.034616792871550124,0.4061965190253037,1.9565217391304348,2,,126,149,63,91,102,147,-7.941229281403527,1.0986122886681098,0.8703344859898245,True,3,absent,0.5309848428280338
BraTS-GLI-02701-100,sustraccion,prediction_component,271,43,12544.0,3.060655065597668e-05,1.0594516668758272e-07,1.7320508075688772,1,8.660254037844387,0.19999999999999996,0.7969553894885005,1.0,0,,126,131,140,145,116,121,-6.974918851400496,0.0,0.9999549880994181,True,3,absent,0.5309848428280338
BraTS-GLI-02701-100,sustraccion,prediction_component,272,14,6912.0,2.4362533060422576e-05,6.712700278491907e-08,1.4142135623730951,1,7.0710678118654755,0.2,0.9458781407605124,1.6666666666666667,0,,127,130,50,54,65,70,-7.1731027435946135,0.0,0.9999414397968109,True,3,absent,0.5309848428280338
BraTS-GLI-02701-100,sustraccion,prediction_component,273,59,20224.0,2.0514050804315237e-05,4.7594331034146895e-08,1.4142135623730951,1,11.74734012447073,0.12038585308576921,0.5855902858043154,1.6,0,,128,135,157,162,104,112,-7.3224447730611635,0.0,0.9987654471493717,True,3,absent,0.5309848428280338
BraTS-GLI-02701-100,sustraccion,prediction_component,274,61,22784.0,1.773719240486415e-05,3.558132590364667e-08,1.4142135623730951,1,13.30413469565007,0.10629880069054679,0.5791191452117007,1.1428571428571428,0,,130,138,157,164,96,104,-7.448777872387332,0.0,0.9974464231047402,True,3,absent,0.5309848428280338
BraTS-GLI-02701-100,sustraccion,prediction_component,275,32,14080.0,1.915340518361483e-05,4.1490088928537255e-08,1.4142135623730951,1,10.723805294763608,0.13187609467915742,0.7180607827429069,3.0,0,,131,134,112,121,46,51,-7.382055634317047,0.0,0.9991667297918676,True,3,absent,0.5309848428280338
BraTS-GLI-02701-100,sustraccion,prediction_component,276,12,6144.0,2.4917498197257264e-05,7.022006780482366e-08,1.4142135623730951,1,6.4031242374328485,0.2208630521496931,0.9957510787676723,1.3333333333333333,0,,134,138,98,101,137,141,-7.153538755513696,0.0,0.9999674469175863,True,3,absent,0.5309848428280338
BraTS-GLI-02701-100,sustraccion,prediction_component,277,19,9984.0,1.9045691370546972e-05,4.102474198560274e-08,1.4142135623730951,1,9.38083151964686,0.15075567228888181,0.8543319874271107,1.5,0,,134,138,151,157,104,110,-7.386954141647967,0.0,0.9995999151241762,True,3,absent,0.5309848428280338
BraTS-GLI-02701-100,sustraccion,prediction_component,279,12,5376.0,3.04433440619409e-05,1.0481829363285631e-07,1.4142135623730951,1,5.830951894845301,0.24253562503633297,0.9957510787676723,1.3333333333333333,0,,140,143,60,63,68,72,-6.979562914580636,0.0,0.9999881881216841,True,3,absent,0.5309848428280338
BraTS-GLI-02701-100,sustraccion,prediction_component,280,112,37888.0,1.5186773003820486e-05,2.608455167148169e-08,1.4142135623730951,1,23.53720459187964,0.060084176812610975,0.4729390703802562,2.7142857142857144,0,,141,153,91,98,111,130,-7.583616623318637,0.0,0.9871710392684119,True,3,absent,0.5309848428280338
BraTS-GLI-02701-100,sustraccion,prediction_component,281,104,28416.0,2.1711454717029993e-05,5.3312643779052516e-08,1.7320508075688772,1,15.066519173319364,0.1149602497859021,0.5937164071813201,2.2,0,,144,149,114,123,102,113,-7.27316978023654,0.0,0.9988981994021126,True,3,absent,0.5309848428280338
BraTS-GLI-02701-100,sustraccion,prediction_component,283,12,5376.0,3.04433440619409e-05,1.0481829363285631e-07,1.4142135623730951,1,5.830951894845301,0.24253562503633297,0.9957510787676723,1.3333333333333333,0,,148,151,77,81,105,108,-6.979562914580636,0.0,0.9999881881216841,True,3,absent,0.5309848428280338
BraTS-GLI-02701-100,sustraccion,prediction_component,284,19,9216.0,2.147533275462963e-05,5.2159350776834036e-08,1.4142135623730951,1,8.246211251235321,0.17149858514250885,0.8543319874271107,1.5,0,,148,152,82,88,105,109,-7.282667822870332,0.0,0.9998092493259646,True,3,absent,0.5309848428280338
BraTS-GLI-02701-100,sustraccion,prediction_component,285,12,6144.0,2.4917498197257264e-05,7.022006780482366e-08,1.4142135623730951,1,6.4031242374328485,0.2208630521496931,0.9957510787676723,1.3333333333333333,0,,151,154,102,106,105,109,-7.153538755513696,0.0,0.9999674469175863,True,3,absent,0.5309848428280338
BraTS-GLI-02701-100,gmm_2d,prediction_component,1,10639,1675520.0,4.905422114150284e-06,2.7214799723425003e-09,4.242640687119285,1,77.75602870517501,0.0545634950468724,0.31095593670637844,1.2439024390243902,18,,7,48,49,100,68,110,-8.56519485735394,2.9444389791664403,0.2407943236272504,False,3,absent,0.5309848428280338
BraTS-GLI-02701-100,gmm_2d,prediction_component,2,116,28672.0,2.389301783374806e-05,6.456458858293371e-08,2.23606797749979,1,13.92838827718412,0.1605403247669839,0.7390863966003943,1.2857142857142858,1,,12,19,70,78,128,137,-7.190005612030835,0.6931471805599453,0.9996832063515705,True,3,absent,0.5309848428280338
BraTS-GLI-02701-100,gmm_2d,prediction_component,3,98,28416.0,2.0458870791047494e-05,4.7338630811207516e-08,1.7320508075688772,1,13.45362404707371,0.12874232262686236,0.605593872006889,1.5,0,,13,19,53,62,61,69,-7.32478430744911,0.0,0.9989867596525562,True,3,absent,0.5309848428280338
BraTS-GLI-02701-100,gmm_2d,prediction_component,4,170,42240.0,1.95822710267902e-05,4.3368908059705096e-08,2.449489742783178,1,17.146428199482248,0.14285714285714282,0.7127800260959974,2.0,1,,15,22,68,82,107,114,-7.362821512359298,0.6931471805599453,0.9991188757590488,True,3,absent,0.5309848428280338
BraTS-GLI-02701-100,gmm_2d,prediction_component,5,56,15360.0,2.941719121468307e-05,9.7871170060412e-08,1.7320508075688772,1,9.848857801796104,0.17586311452816475,0.7297836929246639,1.2,0,,16,21,74,80,118,124,-7.0093452196126576,0.0,0.9999044709085894,True,3,absent,0.5309848428280338
BraTS-GLI-02701-100,gmm_2d,prediction_component,6,25,9984.0,2.5060120224403912e-05,7.102621534903521e-08,1.7320508075688772,1,8.660254037844387,0.19999999999999996,0.9548683406603533,1.0,0,,17,22,61,66,43,48,-7.14858132620955,0.0,0.9999479890581185,True,3,absent,0.5309848428280338
BraTS-GLI-02701-100,gmm_2d,prediction_component,7,25,9984.0,2.5060120224403912e-05,7.102621534903521e-08,1.7320508075688772,1,8.660254037844387,0.19999999999999996,0.9548683406603533,1.0,0,,19,24,78,83,87,92,-7.14858132620955,0.0,0.9999479890581185,True,3,absent,0.5309848428280338
BraTS-GLI-02701-100,gmm_2d,prediction_component,8,25,9984.0,2.5060120224403912e-05,7.102621534903521e-08,1.7320508075688772,1,8.660254037844387,0.19999999999999996,0.9548683406603533,1.0,0,,20,25,93,98,88,93,-7.14858132620955,0.0,0.9999479890581185,True,3,absent,0.5309848428280338
BraTS-GLI-02701-100,gmm_2d,prediction_component,9,132,38400.0,1.7541918730869116e-05,3.4802189125155484e-08,1.7320508075688772,1,16.186414056238647,0.10700645625096324,0.5483596872448435,1.1111111111111112,0,,21,31,73,82,137,146,-7.458393437229471,0.0,0.9971222917467851,True,3,absent,0.5309848428280338
BraTS-GLI-02701-100,gmm_2d,prediction_component,10,105,23808.0,2.8582810385872043e-05,9.239792749317202e-08,2.23606797749979,1,12.206555615733702,0.18318582636182795,0.7640435355499037,1.3333333333333333,1,,22,30,64,70,57,64,-7.034337769996057,0.6931471805599453,0.9998881560706534,True,3,absent,0.5309848428280338
BraTS-GLI-02701-100,gmm_2d,prediction_component,11,75,22016.0,2.295903544654422e-05,5.961556311803485e-08,1.7320508075688772,1,12.206555615733702,0.14189513095212064,0.6620687295173385,1.3333333333333333,0,,22,29,127,133,114,122,-7.22464034942143,0.0,0.9995317508129178,True,3,absent,0.5309848428280338
BraTS-GLI-02701-100,gmm_2d,prediction_component,12,263,71168.0,1.385251428369928e-05,2.1702491097919016e-08,2.23606797749979,1,24.71841418861655,0.0904616275314925,0.5625951135689928,2.111111111111111,2,,23,32,125,144,57,70,-7.663490413248841,1.0986122886681098,0.9876096510314984,True,3,absent,0.5309848428280338
BraTS-GLI-02701-100,gmm_2d,prediction_component,13,25,9984.0,2.5060120224403912e-05,7.102621534903521e-08,1.7320508075688772,1,8.660254037844387,0.19999999999999996,0.9548683406603533,1.0,0,,24,29,64,69,124,129,-7.14858132620955,0.0,0.9999479890581185,True,3,absent,0.5309848428280338
BraTS-GLI-02701-100,gmm_2d,prediction_component,14,25,9984.0,2.5060120224403912e-05,7.102621534903521e-08,1.7320508075688772,1,8.660254037844387,0.19999999999999996,0.9548683406603533,1.0,0,,25,30,82,87,46,51,-7.14858132620955,0.0,0.9999479890581185,True,3,absent,0.5309848428280338
BraTS-GLI-02701-100,gmm_2d,prediction_component,15,423,99072.0,1.356481802180312e-05,2.081039469475382e-08,2.449489742783178,1,27.16615541441225,0.09016696346674323,0.526007220597133,1.7272727272727273,3,,26,42,72,91,56,67,-7.681719682780777,1.3862943611198906,0.9831631068295935,True,3,absent,0.5309848428280338
BraTS-GLI-02701-100,gmm_2d,prediction_component,16,1049,142848.0,1.942961709054377e-05,4.2695377429837064e-08,3.605551275463989,1,32.68026927673638,0.11032807731577106,0.5720175890614959,1.8571428571428572,1,,26,40,57,83,108,122,-7.369619142899748,0.6931471805599453,0.9975458530972778,True,3,absent,0.5309848428280338
BraTS-GLI-02701-100,gmm_2d,prediction_component,17,25,9984.0,2.5060120224403912e-05,7.102621534903521e-08,1.7320508075688772,1,8.660254037844387,0.19999999999999996,0.9548683406603533,1.0,0,,26,31,134,139,132,137,-7.14858132620955,0.0,0.9999479890581185,True,3,absent,0.5309848428280338
BraTS-GLI-02701-100,gmm_2d,prediction_component,18,156,41472.0,1.84710731646756e-05,3.858661044439225e-08,2.23606797749979,1,17.916472867168917,0.12480514407482947,0.6695859606715264,1.1,2,,27,37,106,116,124,135,-7.413563369393097,1.0986122886681098,0.9980259614483689,True,3,absent,0.5309848428280338
BraTS-GLI-02701-100,gmm_2d,prediction_component,19,116,27392.0,2.5587177079370113e-05,7.404523621509113e-08,2.23606797749979,1,12.884098726725126,0.17355253362515582,0.7390863966003943,1.5,1,,28,37,67,74,126,132,-7.130502877075919,0.6931471805599453,0.9997965560779898,True,3,absent,0.5309848428280338
BraTS-GLI-02701-100,gmm_2d,prediction_component,20,25,9984.0,2.5060120224403912e-05,7.102621534903521e-08,1.7320508075688772,1,8.660254037844387,0.19999999999999996,0.9548683406603533,1.0,0,,28,33,74,79,60,65,-7.14858132620955,0.0,0.9999479890581185,True,3,absent,0.5309848428280338
BraTS-GLI-02701-100,gmm_2d,prediction_component,21,171,43520.0,1.8834876650519927e-05,4.0121571393723075e-08,2.23606797749979,1,17.578395831246947,0.12720546282869608,0.6494053096004948,2.0,1,,28,35,94,108,85,93,-7.3966220658246415,0.6931471805599453,0.998407617853958,True,3,absent,0.5309848428280338
BraTS-GLI-02701-100,gmm_2d,prediction_component,22,76,21248.0,2.4537849912981416e-05,6.809659316756678e-08,2.0,1,11.74734012447073,0.17025130615174972,0.7611232724651014,1.6,1,,28,33,112,120,40,47,-7.166874615040767,0.6931471805599453,0.9997702458243697,True,3,absent,0.5309848428280338
BraTS-GLI-02701-100,gmm_2d,prediction_component,23,148,32768.0,2.4950934318449265e-05,7.040864708847919e-08,2.449489742783178,1,13.92838827718412,0.17586311452816475,0.746479564689882,1.2857142857142858,1,,29,38,44,52,88,95,-7.152374000627818,0.6931471805599453,0.9997929223788838,True,3,absent,0.5309848428280338
BraTS-GLI-02701-100,gmm_2d,prediction_component,24,25,9984.0,2.5060120224403912e-05,7.102621534903521e-08,1.7320508075688772,1,8.660254037844387,0.19999999999999996,0.9548683406603533,1.0,0,,29,34,73,78,130,135,-7.14858132620955,0.0,0.9999479890581185,True,3,absent,0.5309848428280338
BraTS-GLI-02701-100,gmm_2d,prediction_component,25,172,38400.0,2.285765167961733e-05,5.909021826667814e-08,2.449489742783178,1,15.84297951775486,0.15461042160902194,0.7100065349103398,1.5714285714285714,1,,29,38,72,83,119,126,-7.228484405826073,0.6931471805599453,0.9995571862257623,True,3,absent,0.5309848428280338
BraTS-GLI-02701-100,gmm_2d,prediction_component,26,38,13824.0,2.3379381024587062e-05,6.181848980958109e-08,1.7320508075688772,1,9.848857801796104,0.17586311452816475,0.8304795924748166,1.2,0,,29,35,111,116,135,141,-7.2088816087094125,0.0,0.9998546895173824,True,3,absent,0.5309848428280338
BraTS-GLI-02701-100,gmm_2d,prediction_component,27,64599,12081408.0,1.5383298543918504e-06,2.676401782371513e-10,4.47213595499958,2,207.16418609402544,0.021587399054437986,0.17966739426311398,1.2735849056603774,188,,29,145,31,166,38,144,-9.572448689570571,5.241747015059643,0.0010787514741160233,False,3,absent,0.5309848428280338
BraTS-GLI-02701-100,gmm_2d,prediction_component,28,25,9984.0,2.5060120224403912e-05,7.102621534903521e-08,1.7320508075688772,1,8.660254037844387,0.19999999999999996,0.9548683406603533,1.0,0,,30,35,80,85,137,142,-7.14858132620955,0.0,0.9999479890581185,True,3,absent,0.5309848428280338
BraTS-GLI-02701-100,gmm_2d,prediction_component,29,47,14592.0,2.6664020003279646e-05,8.040880842667987e-08,1.7320508075688772,1,9.848857801796104,0.17586311452816475,0.7736731845058752,1.2,0,,30,36,92,97,109,115,-7.094696373620167,0.0,0.9998859902162935,True,3,absent,0.5309848428280338
BraTS-GLI-02701-100,gmm_2d,prediction_component,30,51,16384.0,2.4318695068359375e-05,6.688564319836902e-08,1.7320508075688772,1,10.488088481701515,0.1651445647689541,0.7528933105024771,1.4,0,,30,35,96,103,78,84,-7.1746670922299165,0.0,0.999803546768943,True,3,absent,0.5309848428280338
BraTS-GLI-02701-100,gmm_2d,prediction_component,31,64,18944.0,2.4545531829353735e-05,6.813923701938073e-08,2.23606797749979,1,11.180339887498949,0.2,0.9011308970908855,1.6,1,,30,36,112,120,144,149,-7.166602733699282,0.6931471805599453,0.9999112832622442,True,3,absent,0.5309848428280338
BraTS-GLI-02701-100,gmm_2d,prediction_component,32,25,9984.0,2.5060120224403912e-05,7.102621534903521e-08,1.7320508075688772,1,8.660254037844387,0.19999999999999996,0.9548683406603533,1.0,0,,30,35,128,133,133,138,-7.14858132620955,0.0,0.9999479890581185,True,3,absent,0.5309848428280338
BraTS-GLI-02701-100,gmm_2d,prediction_component,33,918,163072.0,1.3940347015175821e-05,2.197857559625815e-08,3.0,1,34.08812109811862,0.08800719732732865,0.49758799908705403,2.25,3,,31,43,104,121,47,74,-7.658000457077694,1.3862943611198906,0.9825072614233433,True,3,absent,0.5309848428280338
BraTS-GLI-02701-100,gmm_2d,prediction_component,34,59,20736.0,1.975898062414266e-05,4.415515810549949e-08,1.7320508075688772,1,11.661903789690601,0.14852213144650114,0.71719869927557,1.3333333333333333,0,,31,39,108,114,115,121,-7.355018555825788,0.0,0.9994317405110141,True,3,absent,0.5309848428280338
BraTS-GLI-02701-100,gmm_2d,prediction_component,35,86,27648.0,1.8706945028538764e-05,3.957838907822556e-08,1.7320508075688772,1,14.071247279470288,0.12309149097933272,0.6325439118228858,1.4285714285714286,0,,32,39,121,131,30,37,-7.402541886447842,0.0,0.9986338942629877,True,3,absent,0.5309848428280338
BraTS-GLI-02701-100,gmm_2d,prediction_component,36,112,30464.0,2.106384414127324e-05,5.017965125676329e-08,2.23606797749979,1,15.297058540778355,0.14617633655117154,0.7477823284421424,1.5714285714285714,1,,32,40,123,134,143,150,-7.299472361311357,0.6931471805599453,0.9994094419992673,True,3,absent,0.5309848428280338
BraTS-GLI-02701-100,gmm_2d,prediction_component,37,148,36864.0,2.0910192418981483e-05,4.945024322263559e-08,2.23606797749979,1,15.7797338380595,0.14170505031628394,0.6814394938288089,1.375,2,,32,40,143,151,40,51,-7.305831567969962,1.0986122886681098,0.9990427356253445,True,3,absent,0.5309848428280338
BraTS-GLI-02701-100,gmm_2d,prediction_component,38,50,17152.0,2.2258600373918718e-05,5.6033542268023926e-08,1.7320508075688772,1,11.575836902790225,0.14962640041614492,0.757879504227687,1.1666666666666667,0,,34,40,44,51,129,136,-7.25155192190457,0.0,0.9996647916661594,True,3,absent,0.5309848428280338
BraTS-GLI-02701-100,gmm_2d,prediction_component,39,49,19200.0,1.8418074993679468e-05,3.836549866368151e-08,1.7320508075688772,1,11.445523142259598,0.15132998169159548,0.7630004670288211,1.8,0,,34,43,100,105,103,108,-7.4160591525922,0.0,0.9994126868030082,True,3,absent,0.5309848428280338
BraTS-GLI-02701-100,gmm_2d,prediction_component,40,38,12544.0,2.7047649416909622e-05,8.273922157753891e-08,1.7320508075688772,1,9.273618495495704,0.18677184190940707,0.8304795924748166,1.2,0,,35,40,46,51,118,124,-7.082288569326049,0.0,0.9999244487787192,True,3,absent,0.5309848428280338
BraTS-GLI-02701-100,gmm_2d,prediction_component,41,56,16384.0,2.6702880859375e-05,8.064335911960217e-08,1.7320508075688772,1,11.0,0.15745916432444337,0.7297836929246639,1.1666666666666667,0,,35,41,92,99,63,69,-7.0934313904133885,0.0,0.9998213183039035,True,3,absent,0.5309848428280338
BraTS-GLI-02701-100,gmm_2d,prediction_component,42,25,9984.0,2.5060120224403912e-05,7.102621534903521e-08,1.7320508075688772,1,8.660254037844387,0.19999999999999996,0.9548683406603533,1.0,0,,35,40,96,101,72,77,-7.14858132620955,0.0,0.9999479890581185,True,3,absent,0.5309848428280338
BraTS-GLI-02701-100,gmm_2d,prediction_component,43,156,46592.0,1.5511634695754068e-05,2.721244161622231e-08,1.7320508075688772,1,17.05872210923198,0.1015346165133619,0.5186590549070232,1.5714285714285714,0,,35,46,130,137,110,121,-7.565232489720429,0.0,0.9948663312820988,True,3,absent,0.5309848428280338
BraTS-GLI-02701-100,gmm_2d,prediction_component,44,83,23808.0,2.2594031066927423e-05,5.773508594108499e-08,1.7320508075688772,1,13.379088160259652,0.1294595556006309,0.6400749038798939,1.2857142857142858,0,,36,43,150,157,46,55,-7.238560183383785,0.0,0.9993461491537505,True,3,absent,0.5309848428280338
BraTS-GLI-02701-100,gmm_2d,prediction_component,45,64,17664.0,2.726128919514701e-05,8.405143902280163e-08,2.23606797749979,1,10.677078252031311,0.20942695414584778,0.9011308970908855,1.6,1,,37,42,43,48,110,118,-7.075454846718119,0.6931471805599453,0.9999460813367027,True,3,absent,0.5309848428280338
BraTS-GLI-02701-100,gmm_2d,prediction_component,46,25,9984.0,2.5060120224403912e-05,7.102621534903521e-08,1.7320508075688772,1,8.660254037844387,0.19999999999999996,0.9548683406603533,1.0,0,,37,42,132,137,103,108,-7.14858132620955,0.0,0.9999479890581185,True,3,absent,0.5309848428280338
BraTS-GLI-02701-100,gmm_2d,prediction_component,47,25,9984.0,2.5060120224403912e-05,7.102621534903521e-08,1.7320508075688772,1,8.660254037844387,0.19999999999999996,0.9548683406603533,1.0,0,,39,44,40,45,64,69,-7.14858132620955,0.0,0.9999479890581185,True,3,absent,0.5309848428280338
BraTS-GLI-02701-100,gmm_2d,prediction_component,48,217,47872.0,2.0717501362433593e-05,4.8543057341191087e-08,2.449489742783178,1,18.138357147217054,0.1350447409819031,0.6570805071630609,1.5,1,,39,51,41,49,84,95,-7.313872874386566,0.6931471805599453,0.998998025822353,True,3,absent,0.5309848428280338
BraTS-GLI-02701-100,gmm_2d,prediction_component,49,86,24832.0,2.197763223901902e-05,5.462785867721482e-08,1.7320508075688772,1,13.038404810405298,0.1328422328310143,0.6325439118228858,1.8,0,,39,48,52,60,103,108,-7.262585822785726,0.0,0.9993098512728062,True,3,absent,0.5309848428280338
BraTS-GLI-02701-100,gmm_2d,prediction_component,50,46,16896.0,2.0945077921731866e-05,4.961538140913494e-08,1.7320508075688772,1,11.0,0.15745916432444337,0.7792393700163133,1.1666666666666667,0,,39,46,97,103,153,159,-7.3043836657365855,0.0,0.9996670984957017,True,3,absent,0.5309848428280338
BraTS-GLI-02701-100,gmm_2d,prediction_component,51,77,20992.0,2.531686924710361e-05,7.248904374831464e-08,2.23606797749979,1,11.661903789690601,0.1917412472118426,0.8472618080879288,1.3333333333333333,1,,39,45,100,106,142,150,-7.139727629280314,0.6931471805599453,0.9998903414422836,True,3,absent,0.5309848428280338
BraTS-GLI-02701-100,gmm_2d,prediction_component,52,25,9984.0,2.5060120224403912e-05,7.102621534903521e-08,1.7320508075688772,1,8.660254037844387,0.19999999999999996,0.9548683406603533,1.0,0,,39,44,102,107,59,64,-7.14858132620955,0.0,0.9999479890581185,True,3,absent,0.5309848428280338
BraTS-GLI-02701-100,gmm_2d,prediction_component,53,25,9984.0,2.5060120224403912e-05,7.102621534903521e-08,1.7320508075688772,1,8.660254037844387,0.19999999999999996,0.9548683406603533,1.0,0,,39,44,102,107,112,117,-7.14858132620955,0.0,0.9999479890581185,True,3,absent,0.5309848428280338
BraTS-GLI-02701-100,gmm_2d,prediction_component,54,57,17920.0,2.376117143277778e-05,6.385399425246565e-08,1.7320508075688772,1,11.0,0.15745916432444337,0.7254907483481623,1.1666666666666667,0,,39,45,127,133,133,140,-7.194811931171915,0.0,0.999736854811195,True,3,absent,0.5309848428280338
BraTS-GLI-02701-100,gmm_2d,prediction_component,55,25,9984.0,2.5060120224403912e-05,7.102621534903521e-08,1.7320508075688772,1,8.660254037844387,0.19999999999999996,0.9548683406603533,1.0,0,,39,44,147,152,112,117,-7.14858132620955,0.0,0.9999479890581185,True,3,absent,0.5309848428280338
BraTS-GLI-02701-100,gmm_2d,prediction_component,56,63,22528.0,1.8631876346107425e-05,3.926137994703396e-08,1.7320508075688772,1,12.806248474865697,0.13525044520011484,0.7016868116919668,1.3333333333333333,0,,39,45,148,156,60,68,-7.4060344400174705,0.0,0.9990957769647016,True,3,absent,0.5309848428280338
BraTS-GLI-02701-100,gmm_2d,prediction_component,57,4903,962304.0,5.193898480674848e-06,3.0509794811440196e-09,3.0,1,65.76473218982953,0.045617155276182327,0.2846624350559375,1.3548387096774193,17,,39,70,140,182,101,141,-8.51556071312321,2.8903717578961645,0.23535270372000336,False,3,absent,0.5309848428280338
BraTS-GLI-02701-100,gmm_2d,prediction_component,58,38,12544.0,2.7047649416909622e-05,8.273922157753891e-08,1.7320508075688772,1,9.273618495495704,0.18677184190940707,0.8304795924748166,1.2,0,,40,45,81,87,96,101,-7.082288569326049,0.0,0.9999244487787192,True,3,absent,0.5309848428280338
BraTS-GLI-02701-100,gmm_2d,prediction_component,59,100,27136.0,2.237078655561948e-05,5.659979806537504e-08,2.23606797749979,1,13.30413469565007,0.1680731613632036,0.776571065980862,1.1428571428571428,1,,40,47,90,98,48,56,-7.247185118268439,0.6931471805599453,0.9996945071292366,True,3,absent,0.5309848428280338
BraTS-GLI-02701-100,gmm_2d,prediction_component,60,25,9984.0,2.5060120224403912e-05,7.102621534903521e-08,1.7320508075688772,1,8.660254037844387,0.19999999999999996,0.9548683406603533,1.0,0,,40,45,107,112,23,28,-7.14858132620955,0.0,0.9999479890581185,True,3,absent,0.5309848428280338
BraTS-GLI-02701-100,gmm_2d,prediction_component,61,51,15104.0,2.7474652658327337e-05,8.537226323330647e-08,2.23606797749979,1,9.9498743710662,0.22473328748774737,0.9719810843490212,1.4,1,,41,46,65,70,55,62,-7.068683205204687,0.6931471805599453,0.9999676340917235,True,3,absent,0.5309848428280338
BraTS-GLI-02701-100,gmm_2d,prediction_component,62,43,16128.0,2.0994120395426138e-05,4.9848000238464846e-08,1.7320508075688772,1,9.9498743710662,0.17407765595569782,0.7969553894885005,1.4,0,,42,47,74,81,37,42,-7.3023522596757,0.0,0.9997650810798512,True,3,absent,0.5309848428280338
BraTS-GLI-02701-100,gmm_2d,prediction_component,63,684,135936.0,1.3647539882567827e-05,2.106498323019258e-08,2.449489742783178,1,32.54228019054596,0.07527099294949814,0.44814627858636796,1.7692307692307692,2,,42,55,71,90,42,65,-7.676438882278302,1.0986122886681098,0.9761156660915766,True,3,absent,0.5309848428280338
BraTS-GLI-02701-100,gmm_2d,prediction_component,64,25,9984.0,2.5060120224403912e-05,7.102621534903521e-08,1.7320508075688772,1,8.660254037844387,0.19999999999999996,0.9548683406603533,1.0,0,,42,47,115,120,51,56,-7.14858132620955,0.0,0.9999479890581185,True,3,absent,0.5309848428280338
BraTS-GLI-02701-100,gmm_2d,prediction_component,65,72,23808.0,1.9599641407455116e-05,4.344588264168741e-08,1.7320508075688772,1,13.114877048604,0.13206763594884358,0.6711392913128504,1.6666666666666667,0,,43,49,62,68,37,47,-7.3620513752733965,0.0,0.9991061548835978,True,3,absent,0.5309848428280338
BraTS-GLI-02701-100,gmm_2d,prediction_component,66,466,114688.0,1.1998002489791589e-05,1.628059485349885e-08,2.23606797749979,1,33.555923471125034,0.06663705677550291,0.464928211558764,1.1666666666666667,3,,43,64,130,148,22,41,-7.7883297310885595,1.3862943611198906,0.9559810404039218,True,3,absent,0.5309848428280338
BraTS-GLI-02701-100,gmm_2d,prediction_component,67,51,16384.0,2.4318695068359375e-05,6.688564319836902e-08,1.7320508075688772,1,10.488088481701515,0.1651445647689541,0.7528933105024771,1.4,0,,43,48,146,152,119,126,-7.1746670922299165,0.0,0.999803546768943,True,3,absent,0.5309848428280338
BraTS-GLI-02701-100,gmm_2d,prediction_component,68,56,18432.0,2.2378415564895438e-05,5.6638408599775465e-08,1.7320508075688772,1,11.0,0.15745916432444337,0.7297836929246639,1.1666666666666667,0,,44,51,69,75,86,92,-7.246888957755532,0.0,0.9996854484602814,True,3,absent,0.5309848428280338
BraTS-GLI-02701-100,gmm_2d,prediction_component,69,109,35840.0,1.606476942058599e-05,2.9187800312155453e-08,1.7320508075688772,1,16.431676725154983,0.10540925533894598,0.5844957143222587,1.5714285714285714,0,,44,55,91,98,57,67,-7.534798633627594,0.0,0.9965024848881422,True,3,absent,0.5309848428280338
BraTS-GLI-02701-100,gmm_2d,prediction_component,70,25,9984.0,2.5060120224403912e-05,7.102621534903521e-08,1.7320508075688772,1,8.660254037844387,0.19999999999999996,0.9548683406603533,1.0,0,,44,49,96,101,66,71,-7.14858132620955,0.0,0.9999479890581185,True,3,absent,0.5309848428280338
BraTS-GLI-02701-100,gmm_2d,prediction_component,71,8176,1544704.0,4.2586600736821486e-06,2.0511542706446033e-09,3.605551275463989,1,79.84985911070852,0.045154134467100836,0.28850560283518356,1.588235294117647,17,,44,78,121,169,28,82,-8.688001674409762,2.8903717578961645,0.14065265943732003,False,3,absent,0.5309848428280338
BraTS-GLI-02701-100,gmm_2d,prediction_component,72,74,20224.0,2.5729487449480127e-05,7.487117401407309e-08,2.23606797749979,1,11.661903789690601,0.1917412472118426,0.8585599625046239,1.3333333333333333,1,,44,50,139,147,104,110,-7.1256853568834995,0.6931471805599453,0.9998995000135937,True,3,absent,0.5309848428280338
BraTS-GLI-02701-100,gmm_2d,prediction_component,73,82,23552.0,2.2686743632016563e-05,5.820987950024258e-08,1.7320508075688772,1,13.30413469565007,0.13018891098082386,0.6426663285123421,1.1428571428571428,0,,44,52,151,158,86,94,-7.23500329974336,0.0,0.9993678535438907,True,3,absent,0.5309848428280338
BraTS-GLI-02701-100,gmm_2d,prediction_component,74,135,45056.0,1.411577797560192e-05,2.2535230836945516e-08,1.7320508075688772,1,21.656407827707714,0.07997867519620917,0.5442672982574315,2.8333333333333335,0,,45,51,42,54,51,68,-7.6471379889265645,0.0,0.9907585318119472,True,3,absent,0.5309848428280338
BraTS-GLI-02701-100,gmm_2d,prediction_component,75,74,19456.0,2.7267880580575354e-05,8.409208878099163e-08,2.23606797749979,1,11.090536506409418,0.20161945963637795,0.8585599625046239,1.4,1,,45,50,46,53,126,133,-7.075244859854549,0.6931471805599453,0.999929579690083,True,3,absent,0.5309848428280338
BraTS-GLI-02701-100,gmm_2d,prediction_component,76,51,16384.0,2.4318695068359375e-05,6.688564319836902e-08,1.7320508075688772,1,10.488088481701515,0.1651445647689541,0.7528933105024771,1.4,0,,45,50,51,58,40,46,-7.1746670922299165,0.0,0.999803546768943,True,3,absent,0.5309848428280338
BraTS-GLI-02701-100,gmm_2d,prediction_component,77,86,24064.0,2.3038103385310067e-05,6.002688669961097e-08,2.23606797749979,1,12.206555615733702,0.18318582636182795,0.8166106787449766,1.3333333333333333,1,,45,53,57,63,134,141,-7.221654180786088,0.6931471805599453,0.9998108520511376,True,3,absent,0.5309848428280338
BraTS-GLI-02701-100,gmm_2d,prediction_component,78,190,48896.0,1.757290665462923e-05,3.492525435450755e-08,2.23606797749979,1,18.193405398660254,0.12290541152149843,0.6269939327258102,1.4444444444444444,1,,45,54,150,163,75,84,-7.456860422311652,0.6931471805599453,0.9977047972810891,True,3,absent,0.5309848428280338
BraTS-GLI-02701-100,gmm_2d,prediction_component,79,47,14592.0,2.6664020003279646e-05,8.040880842667987e-08,1.7320508075688772,1,9.848857801796104,0.17586311452816475,0.7736731845058752,1.2,0,,46,51,55,61,51,57,-7.094696373620167,0.0,0.9998859902162935,True,3,absent,0.5309848428280338
BraTS-GLI-02701-100,gmm_2d,prediction_component,80,38,12544.0,2.7047649416909622e-05,8.273922157753891e-08,1.7320508075688772,1,9.273618495495704,0.18677184190940707,0.8304795924748166,1.2,0,,46,52,91,96,42,47,-7.082288569326049,0.0,0.9999244487787192,True,3,absent,0.5309848428280338
BraTS-GLI-02701-100,gmm_2d,prediction_component,81,295,92160.0,1.054407088385317e-05,1.2573871194886377e-08,2.23606797749979,1,26.13426869074396,0.08556076330124147,0.5414693354048449,1.3076923076923077,1,,46,59,135,150,84,101,-7.900530992819664,0.6931471805599453,0.9714995897054537,True,3,absent,0.5309848428280338
BraTS-GLI-02701-100,gmm_2d,prediction_component,82,25,9984.0,2.5060120224403912e-05,7.102621534903521e-08,1.7320508075688772,1,8.660254037844387,0.19999999999999996,0.9548683406603533,1.0,0,,46,51,159,164,96,101,-7.14858132620955,0.0,0.9999479890581185,True,3,absent,0.5309848428280338
BraTS-GLI-02701-100,gmm_2d,prediction_component,83,90,29184.0,1.8051998321501605e-05,3.6855553885021894e-08,1.7320508075688772,1,14.730919862656235,0.11757927025044307,0.623030528071304,1.6666666666666667,0,,46,56,170,179,86,92,-7.433497057604896,0.0,0.998266231350576,True,3,absent,0.5309848428280338
BraTS-GLI-02701-100,gmm_2d,prediction_component,84,25,9984.0,2.5060120224403912e-05,7.102621534903521e-08,1.7320508075688772,1,8.660254037844387,0.19999999999999996,0.9548683406603533,1.0,0,,47,52,38,43,98,103,-7.14858132620955,0.0,0.9999479890581185,True,3,absent,0.5309848428280338
BraTS-GLI-02701-100,gmm_2d,prediction_component,85,101,25856.0,2.4292900151611063e-05,6.674382682438684e-08,2.23606797749979,1,12.884098726725126,0.17355253362515582,0.7739996197824753,1.5,1,,47,56,62,68,87,94,-7.17558889625677,0.6931471805599453,0.9997847075692485,True,3,absent,0.5309848428280338
BraTS-GLI-02701-100,gmm_2d,prediction_component,86,25,9984.0,2.5060120224403912e-05,7.102621534903521e-08,1.7320508075688772,1,8.660254037844387,0.19999999999999996,0.9548683406603533,1.0,0,,47,52,97,102,108,113,-7.14858132620955,0.0,0.9999479890581185,True,3,absent,0.5309848428280338
BraTS-GLI-02701-100,gmm_2d,prediction_component,87,191,48384.0,1.7946539246391085e-05,3.64261942731694e-08,2.449489742783178,1,19.595917942265423,0.125,0.6856366735402417,2.0,2,,47,55,123,131,128,144,-7.438586200498405,1.0986122886681098,0.997948608950386,True,3,absent,0.5309848428280338
BraTS-GLI-02701-100,gmm_2d,prediction_component,88,25,9984.0,2.5060120224403912e-05,7.102621534903521e-08,1.7320508075688772,1,8.660254037844387,0.19999999999999996,0.9548683406603533,1.0,0,,47,52,128,133,23,28,-7.14858132620955,0.0,0.9999479890581185,True,3,absent,0.5309848428280338
BraTS-GLI-02701-100,gmm_2d,prediction_component,89,51,16384.0,2.4318695068359375e-05,6.688564319836902e-08,1.7320508075688772,1,10.488088481701515,0.1651445647689541,0.7528933105024771,1.4,0,,48,54,31,36,61,68,-7.1746670922299165,0.0,0.999803546768943,True,3,absent,0.5309848428280338
BraTS-GLI-02701-100,gmm_2d,prediction_component,90,85,28416.0,1.7744938951418744e-05,3.561241228768995e-08,1.7320508075688772,1,14.071247279470288,0.12309149097933272,0.6350148115649618,1.4285714285714286,0,,48,55,32,39,107,117,-7.448398607405514,0.0,0.9983951861255446,True,3,absent,0.5309848428280338
BraTS-GLI-02701-100,gmm_2d,prediction_component,91,25,9984.0,2.5060120224403912e-05,7.102621534903521e-08,1.7320508075688772,1,8.660254037844387,0.19999999999999996,0.9548683406603533,1.0,0,,48,53,54,59,128,133,-7.14858132620955,0.0,0.9999479890581185,True,3,absent,0.5309848428280338
BraTS-GLI-02701-100,gmm_2d,prediction_component,92,25,9984.0,2.5060120224403912e-05,7.102621534903521e-08,1.7320508075688772,1,8.660254037844387,0.19999999999999996,0.9548683406603533,1.0,0,,48,53,61,66,126,131,-7.14858132620955,0.0,0.9999479890581185,True,3,absent,0.5309848428280338
BraTS-GLI-02701-100,gmm_2d,prediction_component,93,25,9984.0,2.5060120224403912e-05,7.102621534903521e-08,1.7320508075688772,1,8.660254037844387,0.19999999999999996,0.9548683406603533,1.0,0,,48,53,176,181,99,104,-7.14858132620955,0.0,0.9999479890581185,True,3,absent,0.5309848428280338
BraTS-GLI-02701-100,gmm_2d,prediction_component,94,25,9984.0,2.5060120224403912e-05,7.102621534903521e-08,1.7320508075688772,1,8.660254037844387,0.19999999999999996,0.9548683406603533,1.0,0,,49,54,37,42,80,85,-7.14858132620955,0.0,0.9999479890581185,True,3,absent,0.5309848428280338
BraTS-GLI-02701-100,gmm_2d,prediction_component,95,25,9984.0,2.5060120224403912e-05,7.102621534903521e-08,1.7320508075688772,1,8.660254037844387,0.19999999999999996,0.9548683406603533,1.0,0,,49,54,59,64,55,60,-7.14858132620955,0.0,0.9999479890581185,True,3,absent,0.5309848428280338
BraTS-GLI-02701-100,gmm_2d,prediction_component,96,110,25600.0,2.685546875e-05,8.156763076208317e-08,2.449489742783178,1,12.727922061357855,0.19245008972987523,0.8240892834703246,1.1428571428571428,1,,49,56,165,172,64,72,-7.0884821521576775,0.6931471805599453,0.9999035495639217,True,3,absent,0.5309848428280338
BraTS-GLI-02701-100,gmm_2d,prediction_component,97,571,134400.0,1.1588766306245504e-05,1.5188916121933378e-08,2.23606797749979,1,32.38826948140329,0.06903943968922749,0.4344793791376424,1.6428571428571428,3,,50,73,19,33,70,88,-7.818473216200302,1.3862943611198906,0.9484718755865463,True,3,absent,0.5309848428280338
BraTS-GLI-02701-100,gmm_2d,prediction_component,98,72,22016.0,2.2040674028682453e-05,5.494170296958092e-08,1.7320508075688772,1,12.36931687685298,0.14002800840280097,0.6711392913128504,1.5,0,,50,56,45,54,134,140,-7.260097883342294,0.0,0.9994644694649865,True,3,absent,0.5309848428280338
BraTS-GLI-02701-100,gmm_2d,prediction_component,99,99,28160.0,2.0950105720728346e-05,4.963920429548262e-08,1.7320508075688772,1,13.92838827718412,0.12435400084345173,0.6035479311696947,1.2857142857142858,0,,50,59,120,128,86,93,-7.304175188753703,0.0,0.9989807991635403,True,3,absent,0.5309848428280338
BraTS-GLI-02701-100,gmm_2d,prediction_component,100,38,12544.0,2.7047649416909622e-05,8.273922157753891e-08,1.7320508075688772,1,9.273618495495704,0.18677184190940707,0.8304795924748166,1.2,0,,51,56,128,134,91,96,-7.082288569326049,0.0,0.9999244487787192,True,3,absent,0.5309848428280338
BraTS-GLI-02701-100,gmm_2d,prediction_component,101,38,12544.0,2.7047649416909622e-05,8.273922157753891e-08,1.7320508075688772,1,9.273618495495704,0.18677184190940707,0.8304795924748166,1.2,0,,52,57,75,80,64,70,-7.082288569326049,0.0,0.9999244487787192,True,3,absent,0.5309848428280338
BraTS-GLI-02701-100,gmm_2d,prediction_component,102,174,36096.0,2.537234635859484e-05,7.280708377771454e-08,2.449489742783178,1,15.84297951775486,0.15461042160902194,0.7072757135619988,1.5714285714285714,1,,52,59,115,124,116,127,-7.137826363875068,0.6931471805599453,0.9996802120551169,True,3,absent,0.5309848428280338
BraTS-GLI-02701-100,gmm_2d,prediction_component,103,25,9984.0,2.5060120224403912e-05,7.102621534903521e-08,1.7320508075688772,1,8.660254037844387,0.19999999999999996,0.9548683406603533,1.0,0,,52,57,136,141,119,124,-7.14858132620955,0.0,0.9999479890581185,True,3,absent,0.5309848428280338
BraTS-GLI-02701-100,gmm_2d,prediction_component,104,25,9984.0,2.5060120224403912e-05,7.102621534903521e-08,1.7320508075688772,1,8.660254037844387,0.19999999999999996,0.9548683406603533,1.0,0,,52,57,172,177,78,83,-7.14858132620955,0.0,0.9999479890581185,True,3,absent,0.5309848428280338
BraTS-GLI-02701-100,gmm_2d,prediction_component,105,50,19968.0,1.772018094802615e-05,3.551310767451761e-08,1.7320508075688772,1,12.884098726725126,0.13443321448446624,0.757879504227687,1.5,0,,53,62,93,100,67,73,-7.449611321873531,0.0,0.9990972992353339,True,3,absent,0.5309848428280338
BraTS-GLI-02701-100,gmm_2d,prediction_component,106,25,9984.0,2.5060120224403912e-05,7.102621534903521e-08,1.7320508075688772,1,8.660254037844387,0.19999999999999996,0.9548683406603533,1.0,0,,53,58,114,119,84,89,-7.14858132620955,0.0,0.9999479890581185,True,3,absent,0.5309848428280338
BraTS-GLI-02701-100,gmm_2d,prediction_component,107,25,9984.0,2.5060120224403912e-05,7.102621534903521e-08,1.7320508075688772,1,8.660254037844387,0.19999999999999996,0.9548683406603533,1.0,0,,53,58,116,121,91,96,-7.14858132620955,0.0,0.9999479890581185,True,3,absent,0.5309848428280338
BraTS-GLI-02701-100,gmm_2d,prediction_component,108,71,20736.0,2.377775634430727e-05,6.394316346159808e-08,1.7320508075688772,1,11.575836902790225,0.14962640041614492,0.6742755017744779,1.1666666666666667,0,,53,60,130,137,95,101,-7.194205881671926,0.0,0.9996472558257676,True,3,absent,0.5309848428280338
BraTS-GLI-02701-100,gmm_2d,prediction_component,109,76,26368.0,1.774997751547479e-05,3.563263900086984e-08,1.7320508075688772,1,13.92838827718412,0.12435400084345173,0.6591520893663227,1.2857142857142858,0,,54,63,34,42,81,88,-7.4481520120280615,0.0,0.998545308046989,True,3,absent,0.5309848428280338
BraTS-GLI-02701-100,gmm_2d,prediction_component,110,25,9984.0,2.5060120224403912e-05,7.102621534903521e-08,1.7320508075688772,1,8.660254037844387,0.19999999999999996,0.9548683406603533,1.0,0,,54,59,131,136,59,64,-7.14858132620955,0.0,0.9999479890581185,True,3,absent,0.5309848428280338
BraTS-GLI-02701-100,gmm_2d,prediction_component,111,100,29952.0,1.9291289543311977e-05,4.2089609095724576e-08,1.7320508075688772,1,13.45362404707371,0.12874232262686236,0.6015293611380839,1.5,0,,54,62,138,144,130,139,-7.375825107712612,0.0,0.9987615850446222,True,3,absent,0.5309848428280338
BraTS-GLI-02701-100,gmm_2d,prediction_component,112,126,40960.0,1.5199546248673088e-05,2.6128448354751104e-08,1.7320508075688772,1,18.2208671582886,0.09505863757867168,0.55692919151602,2.3333333333333335,0,,55,61,66,80,52,62,-7.5828863802067765,0.0,0.9945708395189053,True,3,absent,0.5309848428280338
BraTS-GLI-02701-100,gmm_2d,prediction_component,113,158,44032.0,1.7100329101953933e-05,3.3072064837302716e-08,2.23606797749979,1,18.49324200890693,0.12091270835166862,0.6667486979908527,1.1,1,,55,66,144,155,138,148,-7.480538689287929,0.6931471805599453,0.9977122116279772,True,3,absent,0.5309848428280338
BraTS-GLI-02701-100,gmm_2d,prediction_component,114,313,75520.0,1.50817370852497e-05,2.5724983488516113e-08,2.449489742783178,1,23.043437243605826,0.10629880069054676,0.5815544489121973,1.6666666666666667,2,,55,64,160,175,89,104,-7.589644895315719,1.0986122886681098,0.9931882452407438,True,3,absent,0.5309848428280338
BraTS-GLI-02701-100,gmm_2d,prediction_component,115,25,9984.0,2.5060120224403912e-05,7.102621534903521e-08,1.7320508075688772,1,8.660254037844387,0.19999999999999996,0.9548683406603533,1.0,0,,55,60,169,174,56,61,-7.14858132620955,0.0,0.9999479890581185,True,3,absent,0.5309848428280338
BraTS-GLI-02701-100,gmm_2d,prediction_component,116,811,189184.0,9.8558537099253e-06,1.0986032279980802e-08,2.8284271247461903,1,35.4400902933387,0.07980868844676223,0.48891599460852936,1.625,3,,57,75,102,128,128,144,-7.959159129236292,1.3862943611198906,0.9399170028853481,True,3,absent,0.5309848428280338
BraTS-GLI-02701-100,gmm_2d,prediction_component,117,38,12544.0,2.7047649416909622e-05,8.273922157753891e-08,1.7320508075688772,1,9.273618495495704,0.18677184190940707,0.8304795924748166,1.2,0,,57,63,123,128,27,32,-7.082288569326049,0.0,0.9999244487787192,True,3,absent,0.5309848428280338
BraTS-GLI-02701-100,gmm_2d,prediction_component,118,71,19712.0,2.565442664567996e-05,7.443496687686354e-08,1.7320508075688772,1,11.661903789690601,0.14852213144650114,0.6742755017744779,1.3333333333333333,0,,57,65,126,132,69,75,-7.128223000553422,0.0,0.9997180963926704,True,3,absent,0.5309848428280338
BraTS-GLI-02701-100,gmm_2d,prediction_component,119,295,82944.0,1.2349362890089163e-05,1.7248108634960737e-08,2.23606797749979,1,25.41653005427767,0.08797691788472337,0.5414693354048449,1.0714285714285714,1,,57,71,129,144,132,147,-7.763258521137638,0.6931471805599453,0.9833157243603673,True,3,absent,0.5309848428280338
BraTS-GLI-02701-100,gmm_2d,prediction_component,120,136,32768.0,2.2927885589926352e-05,5.945390506521691e-08,2.23606797749979,1,15.165750888103101,0.14744195615489714,0.7009196506246524,1.4285714285714286,1,,57,64,158,168,76,85,-7.225819614677298,0.6931471805599453,0.9994897099941176,True,3,absent,0.5309848428280338
BraTS-GLI-02701-100,gmm_2d,prediction_component,121,38,12544.0,2.7047649416909622e-05,8.273922157753891e-08,1.7320508075688772,1,9.273618495495704,0.18677184190940707,0.8304795924748166,1.2,0,,57,62,179,184,78,84,-7.082288569326049,0.0,0.9999244487787192,True,3,absent,0.5309848428280338
BraTS-GLI-02701-100,gmm_2d,prediction_component,122,25,9984.0,2.5060120224403912e-05,7.102621534903521e-08,1.7320508075688772,1,8.660254037844387,0.19999999999999996,0.9548683406603533,1.0,0,,58,63,115,120,78,83,-7.14858132620955,0.0,0.9999479890581185,True,3,absent,0.5309848428280338
BraTS-GLI-02701-100,gmm_2d,prediction_component,123,173,48384.0,1.6255242354061037e-05,2.988403740033681e-08,2.23606797749979,1,18.49324200890693,0.12091270835166862,0.6468930782611862,2.5,2,,58,64,118,127,44,59,-7.524560728736269,1.0986122886681098,0.9965926824583191,True,3,absent,0.5309848428280338
BraTS-GLI-02701-100,gmm_2d,prediction_component,124,25,9984.0,2.5060120224403912e-05,7.102621534903521e-08,1.7320508075688772,1,8.660254037844387,0.19999999999999996,0.9548683406603533,1.0,0,,58,63,177,182,123,128,-7.14858132620955,0.0,0.9999479890581185,True,3,absent,0.5309848428280338
BraTS-GLI-02701-100,gmm_2d,prediction_component,125,25,9984.0,2.5060120224403912e-05,7.102621534903521e-08,1.7320508075688772,1,8.660254037844387,0.19999999999999996,0.9548683406603533,1.0,0,,58,63,179,184,128,133,-7.14858132620955,0.0,0.9999479890581185,True,3,absent,0.5309848428280338
BraTS-GLI-02701-100,gmm_2d,prediction_component,126,25,9984.0,2.5060120224403912e-05,7.102621534903521e-08,1.7320508075688772,1,8.660254037844387,0.19999999999999996,0.9548683406603533,1.0,0,,59,64,74,79,65,70,-7.14858132620955,0.0,0.9999479890581185,True,3,absent,0.5309848428280338
BraTS-GLI-02701-100,gmm_2d,prediction_component,127,25,9984.0,2.5060120224403912e-05,7.102621534903521e-08,1.7320508075688772,1,8.660254037844387,0.19999999999999996,0.9548683406603533,1.0,0,,59,64,76,81,152,157,-7.14858132620955,0.0,0.9999479890581185,True,3,absent,0.5309848428280338
BraTS-GLI-02701-100,gmm_2d,prediction_component,128,25,9984.0,2.5060120224403912e-05,7.102621534903521e-08,1.7320508075688772,1,8.660254037844387,0.19999999999999996,0.9548683406603533,1.0,0,,59,64,123,128,19,24,-7.14858132620955,0.0,0.9999479890581185,True,3,absent,0.5309848428280338
BraTS-GLI-02701-100,gmm_2d,prediction_component,129,105,27136.0,2.3489325883400453e-05,6.240127736707597e-08,2.23606797749979,1,13.856406460551018,0.16137430609197573,0.7640435355499037,1.0,1,,59,67,128,136,91,99,-7.204806520128562,0.6931471805599453,0.9996950467402429,True,3,absent,0.5309848428280338
BraTS-GLI-02701-100,gmm_2d,prediction_component,130,209,53248.0,1.7009491702017108e-05,3.272163868822367e-08,2.23606797749979,1,19.87460691435179,0.1125087900926024,0.607387397410652,2.142857142857143,1,,60,71,139,146,80,95,-7.485164955140304,0.6931471805599453,0.9967636962692751,True,3,absent,0.5309848428280338
BraTS-GLI-02701-100,gmm_2d,prediction_component,131,75,25344.0,1.858867881560747e-05,3.9079537971908425e-08,1.7320508075688772,1,13.92838827718412,0.12435400084345173,0.6620687295173385,1.2857142857142858,0,,61,70,180,188,87,94,-7.408050579483377,0.0,0.998756377092997,True,3,absent,0.5309848428280338
BraTS-GLI-02701-100,gmm_2d,prediction_component,132,25,9984.0,2.5060120224403912e-05,7.102621534903521e-08,1.7320508075688772,1,8.660254037844387,0.19999999999999996,0.9548683406603533,1.0,0,,62,67,87,92,82,87,-7.14858132620955,0.0,0.9999479890581185,True,3,absent,0.5309848428280338
BraTS-GLI-02701-100,gmm_2d,prediction_component,133,63,19712.0,2.2763787023631513e-05,5.8605908259129414e-08,1.7320508075688772,1,12.12435565298214,0.14285714285714285,0.7016868116919668,1.0,0,,62,69,122,129,140,147,-7.23205859908441,0.0,0.9995819847857762,True,3,absent,0.5309848428280338
BraTS-GLI-02701-100,gmm_2d,prediction_component,134,38,12544.0,2.7047649416909622e-05,8.273922157753891e-08,1.7320508075688772,1,9.273618495495704,0.18677184190940707,0.8304795924748166,1.2,0,,62,68,134,139,64,69,-7.082288569326049,0.0,0.9999244487787192,True,3,absent,0.5309848428280338
BraTS-GLI-02701-100,gmm_2d,prediction_component,135,86,21760.0,2.6792307232887796e-05,8.11844032770359e-08,2.23606797749979,1,12.206555615733702,0.18318582636182795,0.8166106787449766,1.3333333333333333,1,,62,69,175,181,51,59,-7.09052739712987,0.6931471805599453,0.9998833427367101,True,3,absent,0.5309848428280338
BraTS-GLI-02701-100,gmm_2d,prediction_component,136,25,9984.0,2.5060120224403912e-05,7.102621534903521e-08,1.7320508075688772,1,8.660254037844387,0.19999999999999996,0.9548683406603533,1.0,0,,63,68,61,66,145,150,-7.14858132620955,0.0,0.9999479890581185,True,3,absent,0.5309848428280338
BraTS-GLI-02701-100,gmm_2d,prediction_component,137,25,9984.0,2.5060120224403912e-05,7.102621534903521e-08,1.7320508075688772,1,8.660254037844387,0.19999999999999996,0.9548683406603533,1.0,0,,63,68,85,90,111,116,-7.14858132620955,0.0,0.9999479890581185,True,3,absent,0.5309848428280338
BraTS-GLI-02701-100,gmm_2d,prediction_component,138,25,9984.0,2.5060120224403912e-05,7.102621534903521e-08,1.7320508075688772,1,8.660254037844387,0.19999999999999996,0.9548683406603533,1.0,0,,63,68,87,92,94,99,-7.14858132620955,0.0,0.9999479890581185,True,3,absent,0.5309848428280338
BraTS-GLI-02701-100,gmm_2d,prediction_component,139,222,56064.0,1.672348766640423e-05,3.16305018073114e-08,2.449489742783178,1,20.149441679609886,0.12156613477096614,0.6521099650379372,1.6666666666666667,2,,64,74,117,132,28,37,-7.499893918093205,1.0986122886681098,0.9969723845452843,True,3,absent,0.5309848428280338
BraTS-GLI-02701-100,gmm_2d,prediction_component,140,128,36864.0,1.808449074074074e-05,3.698834847332275e-08,2.23606797749979,1,15.84297951775486,0.14113935923440918,0.7152280670015594,1.5714285714285714,1,,64,73,153,164,89,96,-7.43193505946414,0.6931471805599453,0.9988384336990203,True,3,absent,0.5309848428280338
BraTS-GLI-02701-100,gmm_2d,prediction_component,141,25,9984.0,2.5060120224403912e-05,7.102621534903521e-08,1.7320508075688772,1,8.660254037844387,0.19999999999999996,0.9548683406603533,1.0,0,,66,71,84,89,156,161,-7.14858132620955,0.0,0.9999479890581185,True,3,absent,0.5309848428280338
BraTS-GLI-02701-100,gmm_2d,prediction_component,142,25,9984.0,2.5060120224403912e-05,7.102621534903521e-08,1.7320508075688772,1,8.660254037844387,0.19999999999999996,0.9548683406603533,1.0,0,,66,71,115,120,148,153,-7.14858132620955,0.0,0.9999479890581185,True,3,absent,0.5309848428280338
BraTS-GLI-02701-100,gmm_2d,prediction_component,143,106,27904.0,2.2740822604609114e-05,5.8487723022480475e-08,2.23606797749979,1,14.071247279470288,0.15891043154093207,0.7616332875610777,1.4285714285714286,1,,66,73,140,147,106,116,-7.232935285766458,0.6931471805599453,0.999644435512749,True,3,absent,0.5309848428280338
BraTS-GLI-02701-100,gmm_2d,prediction_component,144,51,16384.0,2.4318695068359375e-05,6.688564319836902e-08,1.7320508075688772,1,10.488088481701515,0.1651445647689541,0.7528933105024771,1.4,0,,66,72,162,169,36,41,-7.1746670922299165,0.0,0.999803546768943,True,3,absent,0.5309848428280338
BraTS-GLI-02701-100,gmm_2d,prediction_component,145,669,130560.0,1.418113220038497e-05,2.2744384298740978e-08,2.8284271247461903,1,34.0147027033899,0.08315307499260635,0.5213137229368944,1.7333333333333334,1,,66,82,153,168,37,63,-7.64312581523229,0.6931471805599453,0.9875454182600573,True,3,absent,0.5309848428280338
BraTS-GLI-02701-100,gmm_2d,prediction_component,146,78,24832.0,1.993320133306376e-05,4.493724880910964e-08,1.7320508075688772,1,13.30413469565007,0.13018891098082386,0.6534694609959394,1.1428571428571428,0,,67,75,116,124,18,25,-7.347393519891901,0.0,0.9990755335965184,True,3,absent,0.5309848428280338
BraTS-GLI-02701-100,gmm_2d,prediction_component,147,83,22016.0,2.540799922750894e-05,7.301184254580305e-08,2.23606797749979,1,11.575836902790225,0.19316685232156397,0.8263331476840473,1.1666666666666667,1,,67,74,156,163,137,143,-7.136606691452683,0.6931471805599453,0.9998870382721533,True,3,absent,0.5309848428280338
BraTS-GLI-02701-100,gmm_2d,prediction_component,148,311,69888.0,1.6832804152715555e-05,3.204537177737159e-08,2.449489742783178,1,19.261360284258224,0.1271711710197892,0.5827984194383037,1.4444444444444444,1,,67,76,169,180,74,87,-7.494234685542721,0.6931471805599453,0.9971891918432069,True,3,absent,0.5309848428280338
BraTS-GLI-02701-100,gmm_2d,prediction_component,149,224,56064.0,1.6874149717452918e-05,3.2202987961278647e-08,2.449489742783178,1,17.97220075561143,0.13629325512727639,0.6501633565463061,1.2222222222222223,1,,67,76,172,183,98,109,-7.492103830326157,0.6931471805599453,0.9980685097880866,True,3,absent,0.5309848428280338
BraTS-GLI-02701-100,gmm_2d,prediction_component,150,101,25600.0,2.4658203125e-05,6.876623152099259e-08,2.23606797749979,1,13.30413469565007,0.1680731613632036,0.7739996197824753,1.1428571428571428,2,,68,76,46,54,137,144,-7.162624774908842,1.0986122886681098,0.9997314074762431,True,3,absent,0.5309848428280338
BraTS-GLI-02701-100,gmm_2d,prediction_component,151,63,22528.0,1.8631876346107425e-05,3.926137994703396e-08,1.7320508075688772,1,13.379088160259652,0.1294595556006309,0.7016868116919668,1.2857142857142858,0,,68,75,91,100,114,121,-7.4060344400174705,0.0,0.9990012482618985,True,3,absent,0.5309848428280338
BraTS-GLI-02701-100,gmm_2d,prediction_component,152,38,12544.0,2.7047649416909622e-05,8.273922157753891e-08,1.7320508075688772,1,9.273618495495704,0.18677184190940707,0.8304795924748166,1.2,0,,68,74,194,199,84,89,-7.082288569326049,0.0,0.9999244487787192,True,3,absent,0.5309848428280338
BraTS-GLI-02701-100,gmm_2d,prediction_component,153,25,9984.0,2.5060120224403912e-05,7.102621534903521e-08,1.7320508075688772,1,8.660254037844387,0.19999999999999996,0.9548683406603533,1.0,0,,69,74,52,57,96,101,-7.14858132620955,0.0,0.9999479890581185,True,3,absent,0.5309848428280338
BraTS-GLI-02701-100,gmm_2d,prediction_component,154,25,9984.0,2.5060120224403912e-05,7.102621534903521e-08,1.7320508075688772,1,8.660254037844387,0.19999999999999996,0.9548683406603533,1.0,0,,69,74,69,74,152,157,-7.14858132620955,0.0,0.9999479890581185,True,3,absent,0.5309848428280338
BraTS-GLI-02701-100,gmm_2d,prediction_component,155,583,131840.0,1.2178611124586245e-05,1.6774434954801457e-08,3.1622776601683795,1,31.0,0.10200895677962514,0.6102016132774624,1.5,4,,69,87,98,119,35,49,-7.775352100079672,1.6094379124341003,0.9835943663214051,True,3,absent,0.5309848428280338
BraTS-GLI-02701-100,gmm_2d,prediction_component,156,25,9984.0,2.5060120224403912e-05,7.102621534903521e-08,1.7320508075688772,1,8.660254037844387,0.19999999999999996,0.9548683406603533,1.0,0,,69,74,116,121,56,61,-7.14858132620955,0.0,0.9999479890581185,True,3,absent,0.5309848428280338
BraTS-GLI-02701-100,gmm_2d,prediction_component,157,25,9984.0,2.5060120224403912e-05,7.102621534903521e-08,1.7320508075688772,1,8.660254037844387,0.19999999999999996,0.9548683406603533,1.0,0,,69,74,128,133,147,152,-7.14858132620955,0.0,0.9999479890581185,True,3,absent,0.5309848428280338
BraTS-GLI-02701-100,gmm_2d,prediction_component,158,25,9984.0,2.5060120224403912e-05,7.102621534903521e-08,1.7320508075688772,1,8.660254037844387,0.19999999999999996,0.9548683406603533,1.0,0,,69,74,138,143,135,140,-7.14858132620955,0.0,0.9999479890581185,True,3,absent,0.5309848428280338
BraTS-GLI-02701-100,gmm_2d,prediction_component,159,25,9984.0,2.5060120224403912e-05,7.102621534903521e-08,1.7320508075688772,1,8.660254037844387,0.19999999999999996,0.9548683406603533,1.0,0,,70,75,59,64,138,143,-7.14858132620955,0.0,0.9999479890581185,True,3,absent,0.5309848428280338
BraTS-GLI-02701-100,gmm_2d,prediction_component,160,1628,352512.0,7.778458557580036e-06,6.842888410616263e-09,2.8284271247461903,1,47.37087712930804,0.05970814340265322,0.38757557178304747,1.0769230769230769,5,,70,98,88,114,120,148,-8.164760542138534,1.791759469228055,0.7602009742985797,True,3,absent,0.5309848428280338
BraTS-GLI-02701-100,gmm_2d,prediction_component,161,25,9984.0,2.5060120224403912e-05,7.102621534903521e-08,1.7320508075688772,1,8.660254037844387,0.19999999999999996,0.9548683406603533,1.0,0,,70,75,111,116,138,143,-7.14858132620955,0.0,0.9999479890581185,True,3,absent,0.5309848428280338
BraTS-GLI-02701-100,gmm_2d,prediction_component,162,281,67072.0,1.6176867746924533e-05,2.9596560498325102e-08,2.449489742783178,1,20.42057785666214,0.11995202878081342,0.6028413795208416,1.4,1,,70,84,136,146,62,73,-7.528758756623204,0.6931471805599453,0.9966083468949037,True,3,absent,0.5309848428280338
BraTS-GLI-02701-100,gmm_2d,prediction_component,163,38,13824.0,2.3379381024587062e-05,6.181848980958109e-08,1.7320508075688772,1,9.848857801796104,0.17586311452816475,0.8304795924748166,1.2,0,,70,76,142,147,142,148,-7.2088816087094125,0.0,0.9998546895173824,True,3,absent,0.5309848428280338
BraTS-GLI-02701-100,gmm_2d,prediction_component,164,69,19200.0,2.593565662375272e-05,7.607585969920352e-08,2.23606797749979,1,11.180339887498949,0.2,0.8788164447779884,1.6,1,,70,76,152,157,56,64,-7.118753131174717,0.6931471805599453,0.9999202330438192,True,3,absent,0.5309848428280338
BraTS-GLI-02701-100,gmm_2d,prediction_component,165,44,13824.0,2.7070862238995545e-05,8.288129935688987e-08,1.7320508075688772,1,10.392304845413264,0.16666666666666666,0.7908715233027805,1.0,0,,70,76,166,172,90,96,-7.081543448970658,0.0,0.999879473577284,True,3,absent,0.5309848428280338
BraTS-GLI-02701-100,gmm_2d,prediction_component,166,94,29184.0,1.8854309358012788e-05,4.0204404213339935e-08,2.23606797749979,1,15.264337522473747,0.14648968382726194,0.7927542653693875,2.4,1,,71,76,27,35,91,103,-7.395726369284148,0.6931471805599453,0.9992727933764547,True,3,absent,0.5309848428280338
BraTS-GLI-02701-100,gmm_2d,prediction_component,167,25,9984.0,2.5060120224403912e-05,7.102621534903521e-08,1.7320508075688772,1,8.660254037844387,0.19999999999999996,0.9548683406603533,1.0,0,,71,76,97,102,119,124,-7.14858132620955,0.0,0.9999479890581185,True,3,absent,0.5309848428280338
BraTS-GLI-02701-100,gmm_2d,prediction_component,168,25,9984.0,2.5060120224403912e-05,7.102621534903521e-08,1.7320508075688772,1,8.660254037844387,0.19999999999999996,0.9548683406603533,1.0,0,,71,76,108,113,57,62,-7.14858132620955,0.0,0.9999479890581185,True,3,absent,0.5309848428280338
BraTS-GLI-02701-100,gmm_2d,prediction_component,169,25,9984.0,2.5060120224403912e-05,7.102621534903521e-08,1.7320508075688772,1,8.660254037844387,0.19999999999999996,0.9548683406603533,1.0,0,,71,76,160,165,129,134,-7.14858132620955,0.0,0.9999479890581185,True,3,absent,0.5309848428280338
BraTS-GLI-02701-100,gmm_2d,prediction_component,170,72,23808.0,1.9599641407455116e-05,4.344588264168741e-08,1.7320508075688772,1,12.68857754044952,0.136504726557987,0.6711392913128504,2.0,0,,71,81,177,182,92,98,-7.3620513752733965,0.0,0.9991717290549199,True,3,absent,0.5309848428280338
BraTS-GLI-02701-100,gmm_2d,prediction_component,171,1070,248064.0,8.660404243429392e-06,8.482594405462266e-09,2.449489742783178,1,43.57751713900185,0.05620994273193427,0.38605030721475503,1.2857142857142858,5,,72,99,59,80,58,85,-8.071471298256004,1.791759469228055,0.8073305599040836,True,3,absent,0.5309848428280338
BraTS-GLI-02701-100,gmm_2d,prediction_component,172,25,9984.0,2.5060120224403912e-05,7.102621534903521e-08,1.7320508075688772,1,8.660254037844387,0.19999999999999996,0.9548683406603533,1.0,0,,72,77,92,97,147,152,-7.14858132620955,0.0,0.9999479890581185,True,3,absent,0.5309848428280338
BraTS-GLI-02701-100,gmm_2d,prediction_component,173,25,9984.0,2.5060120224403912e-05,7.102621534903521e-08,1.7320508075688772,1,8.660254037844387,0.19999999999999996,0.9548683406603533,1.0,0,,72,77,143,148,127,132,-7.14858132620955,0.0,0.9999479890581185,True,3,absent,0.5309848428280338
BraTS-GLI-02701-100,gmm_2d,prediction_component,174,25,9984.0,2.5060120224403912e-05,7.102621534903521e-08,1.7320508075688772,1,8.660254037844387,0.19999999999999996,0.9548683406603533,1.0,0,,73,78,54,59,64,69,-7.14858132620955,0.0,0.9999479890581185,True,3,absent,0.5309848428280338
BraTS-GLI-02701-100,gmm_2d,prediction_component,175,65,18176.0,2.6525640880350624e-05,7.957637373994227e-08,2.23606797749979,1,11.0,0.20327890704543544,0.896485809971887,1.1666666666666667,1,,73,79,54,60,103,110,-7.099215855345642,0.6931471805599453,0.9999336267226709,True,3,absent,0.5309848428280338
BraTS-GLI-02701-100,gmm_2d,prediction_component,176,50,15360.0,2.6265349298824172e-05,7.802229756091518e-08,1.7320508075688772,1,10.392304845413264,0.16666666666666666,0.757879504227687,1.0,0,,73,79,74,80,87,93,-7.1077812649530205,0.0,0.9998527533849333,True,3,absent,0.5309848428280338
BraTS-GLI-02701-100,gmm_2d,prediction_component,177,86,27648.0,1.8706945028538764e-05,3.957838907822556e-08,1.7320508075688772,1,15.0996688705415,0.11470786693528087,0.6325439118228858,1.25,0,,73,81,81,89,141,151,-7.402541886447842,0.0,0.9984225065570863,True,3,absent,0.5309848428280338
BraTS-GLI-02701-100,gmm_2d,prediction_component,178,112,27648.0,2.4362533060422576e-05,6.712700278491907e-08,2.23606797749979,1,12.884098726725126,0.17355253362515582,0.7477823284421424,1.5,1,,73,79,83,92,80,87,-7.1731027435946135,0.6931471805599453,0.9997683791815696,True,3,absent,0.5309848428280338
BraTS-GLI-02701-100,gmm_2d,prediction_component,179,25,9984.0,2.5060120224403912e-05,7.102621534903521e-08,1.7320508075688772,1,8.660254037844387,0.19999999999999996,0.9548683406603533,1.0,0,,73,78,86,91,111,116,-7.14858132620955,0.0,0.9999479890581185,True,3,absent,0.5309848428280338
BraTS-GLI-02701-100,gmm_2d,prediction_component,180,38,13824.0,2.3379381024587062e-05,6.181848980958109e-08,1.7320508075688772,1,9.848857801796104,0.17586311452816475,0.8304795924748166,1.2,0,,73,78,93,99,106,112,-7.2088816087094125,0.0,0.9998546895173824,True,3,absent,0.5309848428280338
BraTS-GLI-02701-100,gmm_2d,prediction_component,181,25,9984.0,2.5060120224403912e-05,7.102621534903521e-08,1.7320508075688772,1,8.660254037844387,0.19999999999999996,0.9548683406603533,1.0,0,,73,78,145,150,46,51,-7.14858132620955,0.0,0.9999479890581185,True,3,absent,0.5309848428280338
BraTS-GLI-02701-100,gmm_2d,prediction_component,182,25,9984.0,2.5060120224403912e-05,7.102621534903521e-08,1.7320508075688772,1,8.660254037844387,0.19999999999999996,0.9548683406603533,1.0,0,,73,78,178,183,130,135,-7.14858132620955,0.0,0.9999479890581185,True,3,absent,0.5309848428280338
BraTS-GLI-02701-100,gmm_2d,prediction_component,183,67,19456.0,2.468848647160201e-05,6.893524224577637e-08,2.23606797749979,1,11.575836902790225,0.19316685232156397,0.8874752924797349,1.1666666666666667,1,,74,81,53,59,43,50,-7.161558693914849,0.6931471805599453,0.9998977788663214,True,3,absent,0.5309848428280338
BraTS-GLI-02701-100,gmm_2d,prediction_component,184,25,9984.0,2.5060120224403912e-05,7.102621534903521e-08,1.7320508075688772,1,8.660254037844387,0.19999999999999996,0.9548683406603533,1.0,0,,74,79,117,122,35,40,-7.14858132620955,0.0,0.9999479890581185,True,3,absent,0.5309848428280338
BraTS-GLI-02701-100,gmm_2d,prediction_component,185,56,17152.0,2.4929632418788963e-05,7.02884754210092e-08,1.7320508075688772,1,11.0,0.15745916432444337,0.7297836929246639,1.1666666666666667,0,,74,80,116,123,149,155,-7.153115876564206,0.0,0.9997773564703152,True,3,absent,0.5309848428280338
BraTS-GLI-02701-100,gmm_2d,prediction_component,186,25,9984.0,2.5060120224403912e-05,7.102621534903521e-08,1.7320508075688772,1,8.660254037844387,0.19999999999999996,0.9548683406603533,1.0,0,,74,79,128,133,126,131,-7.14858132620955,0.0,0.9999479890581185,True,3,absent,0.5309848428280338
BraTS-GLI-02701-100,gmm_2d,prediction_component,187,141,39936.0,1.7667384758204757e-05,3.5301804683854225e-08,2.23606797749979,1,18.601075237738275,0.12021175920858625,0.6925346395630728,1.3333333333333333,1,,74,85,128,140,141,150,-7.452203092226752,0.6931471805599453,0.9980756004137274,True,3,absent,0.5309848428280338
BraTS-GLI-02701-100,gmm_2d,prediction_component,188,25,9984.0,2.5060120224403912e-05,7.102621534903521e-08,1.7320508075688772,1,8.660254037844387,0.19999999999999996,0.9548683406603533,1.0,0,,74,79,163,168,91,96,-7.14858132620955,0.0,0.9999479890581185,True,3,absent,0.5309848428280338
BraTS-GLI-02701-100,gmm_2d,prediction_component,189,25,9984.0,2.5060120224403912e-05,7.102621534903521e-08,1.7320508075688772,1,8.660254037844387,0.19999999999999996,0.9548683406603533,1.0,0,,75,80,64,69,131,136,-7.14858132620955,0.0,0.9999479890581185,True,3,absent,0.5309848428280338
BraTS-GLI-02701-100,gmm_2d,prediction_component,190,57,17664.0,2.4279585689427806e-05,6.667068490846741e-08,1.7320508075688772,1,11.575836902790225,0.14962640041614492,0.7254907483481623,1.1666666666666667,0,,75,81,180,187,98,105,-7.1760650833409105,0.0,0.9997190433087331,True,3,absent,0.5309848428280338
BraTS-GLI-02701-100,gmm_2d,prediction_component,191,88,33792.0,1.4166475907853014e-05,2.2697395654084415e-08,1.7320508075688772,1,17.69180601295413,0.09790129997472563,0.627715144031263,2.3333333333333335,0,,76,90,77,83,130,139,-7.64402397179134,0.0,0.9948118860654425,True,3,absent,0.5309848428280338
BraTS-GLI-02701-100,gmm_2d,prediction_component,192,25,9984.0,2.5060120224403912e-05,7.102621534903521e-08,1.7320508075688772,1,8.660254037844387,0.19999999999999996,0.9548683406603533,1.0,0,,76,81,87,92,17,22,-7.14858132620955,0.0,0.9999479890581185,True,3,absent,0.5309848428280338
BraTS-GLI-02701-100,gmm_2d,prediction_component,193,25,9984.0,2.5060120224403912e-05,7.102621534903521e-08,1.7320508075688772,1,8.660254037844387,0.19999999999999996,0.9548683406603533,1.0,0,,76,81,132,137,132,137,-7.14858132620955,0.0,0.9999479890581185,True,3,absent,0.5309848428280338
BraTS-GLI-02701-100,gmm_2d,prediction_component,194,68,21248.0,2.19549183431939e-05,5.451500117846758e-08,1.7320508075688772,1,12.206555615733702,0.14189513095212064,0.6840489693598067,1.3333333333333333,0,,76,83,135,141,50,58,-7.263483974189877,0.0,0.9994957038492668,True,3,absent,0.5309848428280338
BraTS-GLI-02701-100,gmm_2d,prediction_component,195,38,12544.0,2.7047649416909622e-05,8.273922157753891e-08,1.7320508075688772,1,9.273618495495704,0.18677184190940707,0.8304795924748166,1.2,0,,76,82,142,147,130,135,-7.082288569326049,0.0,0.9999244487787192,True,3,absent,0.5309848428280338
BraTS-GLI-02701-100,gmm_2d,prediction_component,196,471,106240.0,1.3601562895352936e-05,2.092329130870662e-08,3.0,1,27.49545416973504,0.10910894511799618,0.62155155232769,2.0,1,,76,86,148,164,119,139,-7.679369998352613,0.6931471805599453,0.9933086390931368,True,3,absent,0.5309848428280338
BraTS-GLI-02701-100,gmm_2d,prediction_component,197,118,29440.0,2.3360132339579874e-05,6.17167390580942e-08,2.23606797749979,1,14.071247279470288,0.15891043154093207,0.7348869514344235,1.4285714285714286,1,,76,83,156,163,36,46,-7.209597028922712,0.6931471805599453,0.9996451755483682,True,3,absent,0.5309848428280338
BraTS-GLI-02701-100,gmm_2d,prediction_component,198,25,9984.0,2.5060120224403912e-05,7.102621534903521e-08,1.7320508075688772,1,8.660254037844387,0.19999999999999996,0.9548683406603533,1.0,0,,76,81,164,169,75,80,-7.14858132620955,0.0,0.9999479890581185,True,3,absent,0.5309848428280338
BraTS-GLI-02701-100,gmm_2d,prediction_component,199,25,9984.0,2.5060120224403912e-05,7.102621534903521e-08,1.7320508075688772,1,8.660254037844387,0.19999999999999996,0.9548683406603533,1.0,0,,76,81,184,189,86,91,-7.14858132620955,0.0,0.9999479890581185,True,3,absent,0.5309848428280338
BraTS-GLI-02701-100,gmm_2d,prediction_component,200,64,18944.0,2.4545531829353735e-05,6.813923701938073e-08,1.7320508075688772,1,11.180339887498949,0.15491933384829665,0.6980129914371896,1.6,0,,77,85,53,59,99,104,-7.166602733699282,0.0,0.9997299503703065,True,3,absent,0.5309848428280338
BraTS-GLI-02701-100,gmm_2d,prediction_component,201,47,14592.0,2.6664020003279646e-05,8.040880842667987e-08,1.7320508075688772,1,9.848857801796104,0.17586311452816475,0.7736731845058752,1.2,0,,77,82,87,93,70,76,-7.094696373620167,0.0,0.9998859902162935,True,3,absent,0.5309848428280338
BraTS-GLI-02701-100,gmm_2d,prediction_component,202,130,36864.0,1.8367060908564815e-05,3.815326472162808e-08,1.7320508075688772,1,15.165750888103101,0.11420804814403214,0.5511574891811026,1.4285714285714286,0,,77,86,98,108,70,77,-7.418468294146203,0.0,0.997822945045191,True,3,absent,0.5309848428280338
BraTS-GLI-02701-100,gmm_2d,prediction_component,203,38,12544.0,2.7047649416909622e-05,8.273922157753891e-08,1.7320508075688772,1,9.273618495495704,0.18677184190940707,0.8304795924748166,1.2,0,,77,82,112,118,136,141,-7.082288569326049,0.0,0.9999244487787192,True,3,absent,0.5309848428280338
BraTS-GLI-02701-100,gmm_2d,prediction_component,204,178,41728.0,2.0882315246635414e-05,4.931847838709838e-08,2.449489742783178,1,15.84297951775486,0.15461042160902194,0.7019375801677775,1.5714285714285714,1,,77,86,113,124,89,96,-7.306990331068213,0.6931471805599453,0.9993935025644415,True,3,absent,0.5309848428280338
BraTS-GLI-02701-100,gmm_2d,prediction_component,205,71,19456.0,2.616242596244392e-05,7.741201963933141e-08,1.7320508075688772,1,11.0,0.15745916432444337,0.6742755017744779,1.1666666666666667,0,,77,83,133,139,124,131,-7.111191601878351,0.0,0.9997729335299114,True,3,absent,0.5309848428280338
BraTS-GLI-02701-100,gmm_2d,prediction_component,206,25,9984.0,2.5060120224403912e-05,7.102621534903521e-08,1.7320508075688772,1,8.660254037844387,0.19999999999999996,0.9548683406603533,1.0,0,,77,82,177,182,80,85,-7.14858132620955,0.0,0.9999479890581185,True,3,absent,0.5309848428280338
BraTS-GLI-02701-100,gmm_2d,prediction_component,207,61,20224.0,2.1209442357003888e-05,5.0875755753536514e-08,1.7320508075688772,1,11.661903789690601,0.14852213144650114,0.7092732030227112,1.3333333333333333,0,,78,84,64,72,25,31,-7.293489126323918,0.0,0.9995356000652756,True,3,absent,0.5309848428280338
BraTS-GLI-02701-100,gmm_2d,prediction_component,208,147,40192.0,1.8243489378598424e-05,3.764160992013622e-08,2.23606797749979,1,17.72004514666935,0.1261886162812672,0.6829812173957389,1.625,1,,78,86,108,117,24,37,-7.4243318102054765,0.6931471805599453,0.9983848182269491,True,3,absent,0.5309848428280338
BraTS-GLI-02701-100,gmm_2d,prediction_component,209,189,40448.0,2.323358489746294e-05,6.1049881459019e-08,2.449489742783178,1,16.0312195418814,0.15279497210950863,0.6880466640885212,1.7142857142857142,1,,78,85,143,151,37,49,-7.214315174990907,0.6931471805599453,0.9995354724879787,True,3,absent,0.5309848428280338
BraTS-GLI-02701-100,gmm_2d,prediction_component,210,25,9984.0,2.5060120224403912e-05,7.102621534903521e-08,1.7320508075688772,1,8.660254037844387,0.19999999999999996,0.9548683406603533,1.0,0,,78,83,173,178,63,68,-7.14858132620955,0.0,0.9999479890581185,True,3,absent,0.5309848428280338
BraTS-GLI-02701-100,gmm_2d,prediction_component,211,25,9984.0,2.5060120224403912e-05,7.102621534903521e-08,1.7320508075688772,1,8.660254037844387,0.19999999999999996,0.9548683406603533,1.0,0,,79,84,115,120,140,145,-7.14858132620955,0.0,0.9999479890581185,True,3,absent,0.5309848428280338
BraTS-GLI-02701-100,gmm_2d,prediction_component,212,25,9984.0,2.5060120224403912e-05,7.102621534903521e-08,1.7320508075688772,1,8.660254037844387,0.19999999999999996,0.9548683406603533,1.0,0,,79,84,133,138,43,48,-7.14858132620955,0.0,0.9999479890581185,True,3,absent,0.5309848428280338
BraTS-GLI-02701-100,gmm_2d,prediction_component,213,25,9984.0,2.5060120224403912e-05,7.102621534903521e-08,1.7320508075688772,1,8.660254037844387,0.19999999999999996,0.9548683406603533,1.0,0,,80,85,53,58,33,38,-7.14858132620955,0.0,0.9999479890581185,True,3,absent,0.5309848428280338
BraTS-GLI-02701-100,gmm_2d,prediction_component,214,38,13824.0,2.3379381024587062e-05,6.181848980958109e-08,1.7320508075688772,1,9.848857801796104,0.17586311452816475,0.8304795924748166,1.2,0,,80,86,65,70,33,39,-7.2088816087094125,0.0,0.9998546895173824,True,3,absent,0.5309848428280338
BraTS-GLI-02701-100,gmm_2d,prediction_component,215,73,19968.0,2.5871464184118182e-05,7.569974031900172e-08,2.23606797749979,1,11.575836902790225,0.19316685232156397,0.8624625614222922,1.1666666666666667,1,,80,87,75,82,98,104,-7.120905610304657,0.6931471805599453,0.9999048176996496,True,3,absent,0.5309848428280338
BraTS-GLI-02701-100,gmm_2d,prediction_component,216,102,31488.0,1.825503023693115e-05,3.768924925981975e-08,2.23606797749979,1,16.3707055437449,0.13658959117703826,0.7714618978944139,2.3333333333333335,1,,80,86,149,155,55,69,-7.4237825132684865,0.6931471805599453,0.9989782090974587,True,3,absent,0.5309848428280338
BraTS-GLI-02701-100,gmm_2d,prediction_component,217,56,16896.0,2.549835573080401e-05,7.35320586479429e-08,1.7320508075688772,1,10.392304845413264,0.16666666666666666,0.7297836929246639,1.0,0,,81,87,58,64,28,34,-7.133523275087333,0.0,0.9998231766888757,True,3,absent,0.5309848428280338
BraTS-GLI-02701-100,gmm_2d,prediction_component,218,25,9984.0,2.5060120224403912e-05,7.102621534903521e-08,1.7320508075688772,1,8.660254037844387,0.19999999999999996,0.9548683406603533,1.0,0,,81,86,73,78,27,32,-7.14858132620955,0.0,0.9999479890581185,True,3,absent,0.5309848428280338
BraTS-GLI-02701-100,gmm_2d,prediction_component,219,50,15360.0,2.6265349298824172e-05,7.802229756091518e-08,1.7320508075688772,1,10.392304845413264,0.16666666666666666,0.757879504227687,1.0,0,,81,87,92,98,135,141,-7.1077812649530205,0.0,0.9998527533849333,True,3,absent,0.5309848428280338
BraTS-GLI-02701-100,gmm_2d,prediction_component,220,94,27904.0,2.0166389856917517e-05,4.599479535658931e-08,2.23606797749979,1,14.52583904633395,0.15393726795176982,0.7927542653693875,1.2857142857142858,1,,81,90,143,150,50,59,-7.337291309096601,0.6931471805599453,0.999484044644726,True,3,absent,0.5309848428280338
BraTS-GLI-02701-100,gmm_2d,prediction_component,221,68,18432.0,2.7173790328801602e-05,8.351275553742402e-08,2.23606797749979,1,11.0,0.20327890704543544,0.8831034221069598,1.1666666666666667,1,,81,88,147,153,110,116,-7.07824718635546,0.6931471805599453,0.9999359282506733,True,3,absent,0.5309848428280338
BraTS-GLI-02701-100,gmm_2d,prediction_component,222,38,12544.0,2.7047649416909622e-05,8.273922157753891e-08,1.7320508075688772,1,9.273618495495704,0.18677184190940707,0.8304795924748166,1.2,0,,82,87,72,78,151,156,-7.082288569326049,0.0,0.9999244487787192,True,3,absent,0.5309848428280338
BraTS-GLI-02701-100,gmm_2d,prediction_component,223,25,9984.0,2.5060120224403912e-05,7.102621534903521e-08,1.7320508075688772,1,8.660254037844387,0.19999999999999996,0.9548683406603533,1.0,0,,82,87,75,80,108,113,-7.14858132620955,0.0,0.9999479890581185,True,3,absent,0.5309848428280338
BraTS-GLI-02701-100,gmm_2d,prediction_component,224,38,12544.0,2.7047649416909622e-05,8.273922157753891e-08,1.7320508075688772,1,9.273618495495704,0.18677184190940707,0.8304795924748166,1.2,0,,82,88,81,86,90,95,-7.082288569326049,0.0,0.9999244487787192,True,3,absent,0.5309848428280338
BraTS-GLI-02701-100,gmm_2d,prediction_component,225,25,9984.0,2.5060120224403912e-05,7.102621534903521e-08,1.7320508075688772,1,8.660254037844387,0.19999999999999996,0.9548683406603533,1.0,0,,82,87,91,96,94,99,-7.14858132620955,0.0,0.9999479890581185,True,3,absent,0.5309848428280338
BraTS-GLI-02701-100,gmm_2d,prediction_component,226,25,9984.0,2.5060120224403912e-05,7.102621534903521e-08,1.7320508075688772,1,8.660254037844387,0.19999999999999996,0.9548683406603533,1.0,0,,82,87,107,112,78,83,-7.14858132620955,0.0,0.9999479890581185,True,3,absent,0.5309848428280338
BraTS-GLI-02701-100,gmm_2d,prediction_component,227,158,36352.0,2.279631358159057e-05,5.877350869952423e-08,2.449489742783178,1,15.297058540778355,0.1601281538050871,0.7303866041535787,1.5714285714285714,1,,82,89,172,180,97,108,-7.230818381714451,0.6931471805599453,0.9996189160049544,True,3,absent,0.5309848428280338
BraTS-GLI-02701-100,gmm_2d,prediction_component,228,61,20224.0,2.1209442357003888e-05,5.0875755753536514e-08,1.7320508075688772,1,11.661903789690601,0.14852213144650114,0.7092732030227112,1.3333333333333333,0,,83,91,39,45,96,102,-7.293489126323918,0.0,0.9995356000652756,True,3,absent,0.5309848428280338
BraTS-GLI-02701-100,gmm_2d,prediction_component,229,25,9984.0,2.5060120224403912e-05,7.102621534903521e-08,1.7320508075688772,1,8.660254037844387,0.19999999999999996,0.9548683406603533,1.0,0,,83,88,80,85,68,73,-7.14858132620955,0.0,0.9999479890581185,True,3,absent,0.5309848428280338
BraTS-GLI-02701-100,gmm_2d,prediction_component,230,91,28416.0,1.8997522877401243e-05,4.081749289333709e-08,1.7320508075688772,1,15.033296378372908,0.11521430589638527,0.6207399539808366,1.125,0,,84,93,63,71,94,103,-7.389153674191912,0.0,0.9984552502108657,True,3,absent,0.5309848428280338
BraTS-GLI-02701-100,gmm_2d,prediction_component,231,25,9984.0,2.5060120224403912e-05,7.102621534903521e-08,1.7320508075688772,1,8.660254037844387,0.19999999999999996,0.9548683406603533,1.0,0,,84,89,85,90,156,161,-7.14858132620955,0.0,0.9999479890581185,True,3,absent,0.5309848428280338
BraTS-GLI-02701-100,gmm_2d,prediction_component,232,139,44800.0,1.4658778389587774e-05,2.4302331015365003e-08,1.7320508075688772,1,16.30950643030009,0.1061988488107183,0.5389956129876293,1.375,0,,84,92,98,107,150,161,-7.614352068024821,0.0,0.994673456779546,True,3,absent,0.5309848428280338
BraTS-GLI-02701-100,gmm_2d,prediction_component,233,38,13824.0,2.3379381024587062e-05,6.181848980958109e-08,1.7320508075688772,1,9.848857801796104,0.17586311452816475,0.8304795924748166,1.2,0,,84,90,123,129,150,155,-7.2088816087094125,0.0,0.9998546895173824,True,3,absent,0.5309848428280338
BraTS-GLI-02701-100,gmm_2d,prediction_component,234,25,9984.0,2.5060120224403912e-05,7.102621534903521e-08,1.7320508075688772,1,8.660254037844387,0.19999999999999996,0.9548683406603533,1.0,0,,85,90,73,78,134,139,-7.14858132620955,0.0,0.9999479890581185,True,3,absent,0.5309848428280338
BraTS-GLI-02701-100,gmm_2d,prediction_component,235,137,32768.0,2.3096472983969926e-05,6.033144161813669e-08,2.449489742783178,1,15.165750888103101,0.16151457061744964,0.7659462705692788,1.4285714285714286,1,,85,94,89,96,140,150,-7.219456297104919,0.6931471805599453,0.9996808171959358,True,3,absent,0.5309848428280338
BraTS-GLI-02701-100,gmm_2d,prediction_component,236,125,31744.0,2.2101285630106146e-05,5.5244296571969873e-08,2.23606797749979,1,14.142135623730951,0.15811388300841897,0.7209047176727084,1.6666666666666667,1,,85,93,111,117,124,134,-7.25771255194472,0.6931471805599453,0.9995512491997137,True,3,absent,0.5309848428280338
BraTS-GLI-02701-100,gmm_2d,prediction_component,237,97,31488.0,1.7360175813552173e-05,3.4084789147024603e-08,1.7320508075688772,1,16.0312195418814,0.10804236090984295,0.6076678398117905,1.7142857142857142,0,,85,92,135,143,103,115,-7.467439388259832,0.0,0.9975725440273987,True,3,absent,0.5309848428280338
BraTS-GLI-02701-100,gmm_2d,prediction_component,238,25,9984.0,2.5060120224403912e-05,7.102621534903521e-08,1.7320508075688772,1,8.660254037844387,0.19999999999999996,0.9548683406603533,1.0,0,,85,90,155,160,40,45,-7.14858132620955,0.0,0.9999479890581185,True,3,absent,0.5309848428280338
BraTS-GLI-02701-100,gmm_2d,prediction_component,239,292,60928.0,1.9415897378589484e-05,4.26351022875146e-08,2.449489742783178,1,22.135943621178654,0.11065666703449761,0.595174356611347,1.3636363636363635,1,,85,96,166,178,46,61,-7.3702326907468265,0.6931471805599453,0.9977251960828396,True,3,absent,0.5309848428280338
BraTS-GLI-02701-100,gmm_2d,prediction_component,240,69,20480.0,2.3542585822675396e-05,6.268457677851852e-08,1.7320508075688772,1,11.74734012447073,0.14744195615489714,0.6807282909996718,1.6,0,,86,94,35,40,121,128,-7.202839301975447,0.0,0.9996295049159729,True,3,absent,0.5309848428280338
BraTS-GLI-02701-100,gmm_2d,prediction_component,241,25,9984.0,2.5060120224403912e-05,7.102621534903521e-08,1.7320508075688772,1,8.660254037844387,0.19999999999999996,0.9548683406603533,1.0,0,,86,91,50,55,81,86,-7.14858132620955,0.0,0.9999479890581185,True,3,absent,0.5309848428280338
BraTS-GLI-02701-100,gmm_2d,prediction_component,242,25,9984.0,2.5060120224403912e-05,7.102621534903521e-08,1.7320508075688772,1,8.660254037844387,0.19999999999999996,0.9548683406603533,1.0,0,,86,91,113,118,60,65,-7.14858132620955,0.0,0.9999479890581185,True,3,absent,0.5309848428280338
BraTS-GLI-02701-100,gmm_2d,prediction_component,243,38,13824.0,2.3379381024587062e-05,6.181848980958109e-08,1.7320508075688772,1,9.848857801796104,0.17586311452816475,0.8304795924748166,1.2,0,,86,92,135,140,68,74,-7.2088816087094125,0.0,0.9998546895173824,True,3,absent,0.5309848428280338
BraTS-GLI-02701-100,gmm_2d,prediction_component,244,25,9984.0,2.5060120224403912e-05,7.102621534903521e-08,1.7320508075688772,1,8.660254037844387,0.19999999999999996,0.9548683406603533,1.0,0,,86,91,148,153,135,140,-7.14858132620955,0.0,0.9999479890581185,True,3,absent,0.5309848428280338
BraTS-GLI-02701-100,gmm_2d,prediction_component,245,25,9984.0,2.5060120224403912e-05,7.102621534903521e-08,1.7320508075688772,1,8.660254037844387,0.19999999999999996,0.9548683406603533,1.0,0,,86,91,162,167,105,110,-7.14858132620955,0.0,0.9999479890581185,True,3,absent,0.5309848428280338
BraTS-GLI-02701-100,gmm_2d,prediction_component,246,63,22528.0,1.8631876346107425e-05,3.926137994703396e-08,1.7320508075688772,1,12.884098726725126,0.13443321448446624,0.7016868116919668,1.5,0,,86,92,162,171,134,141,-7.4060344400174705,0.0,0.9990829990102607,True,3,absent,0.5309848428280338
BraTS-GLI-02701-100,gmm_2d,prediction_component,247,25,9984.0,2.5060120224403912e-05,7.102621534903521e-08,1.7320508075688772,1,8.660254037844387,0.19999999999999996,0.9548683406603533,1.0,0,,86,91,169,174,44,49,-7.14858132620955,0.0,0.9999479890581185,True,3,absent,0.5309848428280338
BraTS-GLI-02701-100,gmm_2d,prediction_component,248,98,30464.0,1.8430863623614084e-05,3.84187954934594e-08,1.7320508075688772,1,15.165750888103101,0.11420804814403214,0.605593872006889,1.4285714285714286,0,,86,93,177,187,60,69,-7.41545625526673,0.0,0.9981844671725728,True,3,absent,0.5309848428280338
BraTS-GLI-02701-100,gmm_2d,prediction_component,249,38,12544.0,2.7047649416909622e-05,8.273922157753891e-08,1.7320508075688772,1,9.273618495495704,0.18677184190940707,0.8304795924748166,1.2,0,,87,93,25,30,82,87,-7.082288569326049,0.0,0.9999244487787192,True,3,absent,0.5309848428280338
BraTS-GLI-02701-100,gmm_2d,prediction_component,250,204,48128.0,1.9321171060486156e-05,4.222010067757927e-08,2.449489742783178,1,16.673332000533065,0.14691063206231753,0.6707516852230933,1.8333333333333333,2,,87,98,34,45,85,91,-7.3744807354133695,1.0986122886681098,0.9988343829272593,True,3,absent,0.5309848428280338
BraTS-GLI-02701-100,gmm_2d,prediction_component,251,25,9984.0,2.5060120224403912e-05,7.102621534903521e-08,1.7320508075688772,1,8.660254037844387,0.19999999999999996,0.9548683406603533,1.0,0,,87,92,54,59,142,147,-7.14858132620955,0.0,0.9999479890581185,True,3,absent,0.5309848428280338
BraTS-GLI-02701-100,gmm_2d,prediction_component,252,106,31744.0,1.8741890214330012e-05,3.9726394642089826e-08,2.23606797749979,1,14.52583904633395,0.15393726795176982,0.7616332875610777,1.2857142857142858,1,,87,96,59,68,145,152,-7.400920847431292,0.6931471805599453,0.9992808679040591,True,3,absent,0.5309848428280338
BraTS-GLI-02701-100,gmm_2d,prediction_component,253,50,19968.0,1.772018094802615e-05,3.551310767451761e-08,1.7320508075688772,1,12.12435565298214,0.14285714285714285,0.757879504227687,1.0,0,,87,94,100,107,142,149,-7.449611321873531,0.0,0.999218874822354,True,3,absent,0.5309848428280338
BraTS-GLI-02701-100,gmm_2d,prediction_component,254,152,37632.0,2.082129022906586e-05,4.9030649823726764e-08,2.0,1,16.881943016134134,0.11846977555181847,0.6041039416942902,1.375,1,,88,99,93,101,33,43,-7.309532350829111,0.6931471805599453,0.9984526214525097,True,3,absent,0.5309848428280338
BraTS-GLI-02701-100,gmm_2d,prediction_component,255,106,31488.0,1.8970913775634335e-05,4.0703229977252465e-08,2.23606797749979,1,15.165750888103101,0.14744195615489714,0.7616332875610777,1.4285714285714286,1,,88,97,107,114,43,53,-7.390371126262781,0.6931471805599453,0.9992266485805785,True,3,absent,0.5309848428280338
BraTS-GLI-02701-100,gmm_2d,prediction_component,256,38,12544.0,2.7047649416909622e-05,8.273922157753891e-08,1.7320508075688772,1,9.273618495495704,0.18677184190940707,0.8304795924748166,1.2,0,,88,93,134,139,62,68,-7.082288569326049,0.0,0.9999244487787192,True,3,absent,0.5309848428280338
BraTS-GLI-02701-100,gmm_2d,prediction_component,257,25,9984.0,2.5060120224403912e-05,7.102621534903521e-08,1.7320508075688772,1,8.660254037844387,0.19999999999999996,0.9548683406603533,1.0,0,,89,94,50,55,99,104,-7.14858132620955,0.0,0.9999479890581185,True,3,absent,0.5309848428280338
BraTS-GLI-02701-100,gmm_2d,prediction_component,258,80,27648.0,1.740180932887327e-05,3.424847080863218e-08,1.7320508075688772,1,14.594519519326424,0.11867816581938533,0.6479778613543024,1.4285714285714286,0,,89,99,67,74,139,147,-7.46535881495109,0.0,0.9982308028567703,True,3,absent,0.5309848428280338
BraTS-GLI-02701-100,gmm_2d,prediction_component,259,25,9984.0,2.5060120224403912e-05,7.102621534903521e-08,1.7320508075688772,1,8.660254037844387,0.19999999999999996,0.9548683406603533,1.0,0,,89,94,76,81,155,160,-7.14858132620955,0.0,0.9999479890581185,True,3,absent,0.5309848428280338
BraTS-GLI-02701-100,gmm_2d,prediction_component,260,103,31232.0,1.8661112485550496e-05,3.938469031371124e-08,1.7320508075688772,1,15.033296378372908,0.11521430589638527,0.5956316346630701,1.125,0,,89,97,167,176,61,70,-7.404672565088028,0.0,0.9982305875916928,True,3,absent,0.5309848428280338
BraTS-GLI-02701-100,gmm_2d,prediction_component,261,25,9984.0,2.5060120224403912e-05,7.102621534903521e-08,1.7320508075688772,1,8.660254037844387,0.19999999999999996,0.9548683406603533,1.0,0,,90,95,84,89,132,137,-7.14858132620955,0.0,0.9999479890581185,True,3,absent,0.5309848428280338
BraTS-GLI-02701-100,gmm_2d,prediction_component,262,107,28416.0,2.2337746680021242e-05,5.6432734710278506e-08,2.23606797749979,1,15.0996688705415,0.1480872194397731,0.7592531680175411,1.25,1,,91,99,67,75,39,49,-7.248468903463681,0.6931471805599453,0.9995431530933655,True,3,absent,0.5309848428280338
BraTS-GLI-02701-100,gmm_2d,prediction_component,263,25,9984.0,2.5060120224403912e-05,7.102621534903521e-08,1.7320508075688772,1,8.660254037844387,0.19999999999999996,0.9548683406603533,1.0,0,,91,96,120,125,149,154,-7.14858132620955,0.0,0.9999479890581185,True,3,absent,0.5309848428280338
BraTS-GLI-02701-100,gmm_2d,prediction_component,264,25,9984.0,2.5060120224403912e-05,7.102621534903521e-08,1.7320508075688772,1,8.660254037844387,0.19999999999999996,0.9548683406603533,1.0,0,,91,96,158,163,137,142,-7.14858132620955,0.0,0.9999479890581185,True,3,absent,0.5309848428280338
BraTS-GLI-02701-100,gmm_2d,prediction_component,265,38,13824.0,2.3379381024587062e-05,6.181848980958109e-08,1.7320508075688772,1,9.848857801796104,0.17586311452816475,0.8304795924748166,1.2,0,,92,98,29,34,65,71,-7.2088816087094125,0.0,0.9998546895173824,True,3,absent,0.5309848428280338
BraTS-GLI-02701-100,gmm_2d,prediction_component,266,25,9984.0,2.5060120224403912e-05,7.102621534903521e-08,1.7320508075688772,1,8.660254037844387,0.19999999999999996,0.9548683406603533,1.0,0,,92,97,137,142,40,45,-7.14858132620955,0.0,0.9999479890581185,True,3,absent,0.5309848428280338
BraTS-GLI-02701-100,gmm_2d,prediction_component,267,25,9984.0,2.5060120224403912e-05,7.102621534903521e-08,1.7320508075688772,1,8.660254037844387,0.19999999999999996,0.9548683406603533,1.0,0,,92,97,180,185,94,99,-7.14858132620955,0.0,0.9999479890581185,True,3,absent,0.5309848428280338
BraTS-GLI-02701-100,gmm_2d,prediction_component,268,25,9984.0,2.5060120224403912e-05,7.102621534903521e-08,1.7320508075688772,1,8.660254037844387,0.19999999999999996,0.9548683406603533,1.0,0,,93,98,56,61,32,37,-7.14858132620955,0.0,0.9999479890581185,True,3,absent,0.5309848428280338
BraTS-GLI-02701-100,gmm_2d,prediction_component,269,51,15104.0,2.7474652658327337e-05,8.537226323330647e-08,2.23606797749979,1,9.9498743710662,0.22473328748774737,0.9719810843490212,1.4,1,,93,98,128,133,104,111,-7.068683205204687,0.6931471805599453,0.9999676340917235,True,3,absent,0.5309848428280338
BraTS-GLI-02701-100,gmm_2d,prediction_component,270,301,56832.0,2.2216573917359643e-05,5.582214819510375e-08,2.449489742783178,1,19.6468827043885,0.1246757452385074,0.589182261532026,1.0909090909090908,1,,93,104,160,171,49,61,-7.253193454638357,0.6931471805599453,0.9988153794351469,True,3,absent,0.5309848428280338
BraTS-GLI-02701-100,gmm_2d,prediction_component,271,25,9984.0,2.5060120224403912e-05,7.102621534903521e-08,1.7320508075688772,1,8.660254037844387,0.19999999999999996,0.9548683406603533,1.0,0,,94,99,43,48,44,49,-7.14858132620955,0.0,0.9999479890581185,True,3,absent,0.5309848428280338
BraTS-GLI-02701-100,gmm_2d,prediction_component,272,38,12544.0,2.7047649416909622e-05,8.273922157753891e-08,1.7320508075688772,1,9.273618495495704,0.18677184190940707,0.8304795924748166,1.2,0,,94,99,116,121,28,34,-7.082288569326049,0.0,0.9999244487787192,True,3,absent,0.5309848428280338
BraTS-GLI-02701-100,gmm_2d,prediction_component,273,25,9984.0,2.5060120224403912e-05,7.102621534903521e-08,1.7320508075688772,1,8.660254037844387,0.19999999999999996,0.9548683406603533,1.0,0,,94,99,145,150,90,95,-7.14858132620955,0.0,0.9999479890581185,True,3,absent,0.5309848428280338
BraTS-GLI-02701-100,gmm_2d,prediction_component,274,189,60416.0,1.2727228804960457e-05,1.831977253314194e-08,1.7320508075688772,1,20.322401432901575,0.08522864845907041,0.48652246194977594,1.3,0,,95,108,33,43,57,69,-7.737079923037959,0.0,0.9859670648627785,True,3,absent,0.5309848428280338
BraTS-GLI-02701-100,gmm_2d,prediction_component,275,38,12544.0,2.7047649416909622e-05,8.273922157753891e-08,1.7320508075688772,1,9.273618495495704,0.18677184190940707,0.8304795924748166,1.2,0,,95,101,81,86,154,159,-7.082288569326049,0.0,0.9999244487787192,True,3,absent,0.5309848428280338
BraTS-GLI-02701-100,gmm_2d,prediction_component,276,25,9984.0,2.5060120224403912e-05,7.102621534903521e-08,1.7320508075688772,1,8.660254037844387,0.19999999999999996,0.9548683406603533,1.0,0,,95,100,88,93,27,32,-7.14858132620955,0.0,0.9999479890581185,True,3,absent,0.5309848428280338
BraTS-GLI-02701-100,gmm_2d,prediction_component,277,38,13824.0,2.3379381024587062e-05,6.181848980958109e-08,1.7320508075688772,1,9.848857801796104,0.17586311452816475,0.8304795924748166,1.2,0,,95,101,89,94,148,154,-7.2088816087094125,0.0,0.9998546895173824,True,3,absent,0.5309848428280338
BraTS-GLI-02701-100,gmm_2d,prediction_component,278,25,9984.0,2.5060120224403912e-05,7.102621534903521e-08,1.7320508075688772,1,8.660254037844387,0.19999999999999996,0.9548683406603533,1.0,0,,95,100,138,143,34,39,-7.14858132620955,0.0,0.9999479890581185,True,3,absent,0.5309848428280338
BraTS-GLI-02701-100,gmm_2d,prediction_component,279,25,9984.0,2.5060120224403912e-05,7.102621534903521e-08,1.7320508075688772,1,8.660254037844387,0.19999999999999996,0.9548683406603533,1.0,0,,96,101,38,43,55,60,-7.14858132620955,0.0,0.9999479890581185,True,3,absent,0.5309848428280338
BraTS-GLI-02701-100,gmm_2d,prediction_component,280,38,12544.0,2.7047649416909622e-05,8.273922157753891e-08,1.7320508075688772,1,9.273618495495704,0.18677184190940707,0.8304795924748166,1.2,0,,96,101,58,63,101,107,-7.082288569326049,0.0,0.9999244487787192,True,3,absent,0.5309848428280338
BraTS-GLI-02701-100,gmm_2d,prediction_component,281,47,14592.0,2.6664020003279646e-05,8.040880842667987e-08,1.7320508075688772,1,9.848857801796104,0.17586311452816475,0.7736731845058752,1.2,0,,96,101,85,91,33,39,-7.094696373620167,0.0,0.9998859902162935,True,3,absent,0.5309848428280338
BraTS-GLI-02701-100,gmm_2d,prediction_component,282,799,175616.0,1.085677050903407e-05,1.3330722531941366e-08,2.449489742783178,1,33.015148038438355,0.07419290502442469,0.425522865464337,1.6,4,,96,113,141,156,38,62,-7.8751463109664,1.6094379124341003,0.9351140016225423,True,3,absent,0.5309848428280338
BraTS-GLI-02701-100,gmm_2d,prediction_component,283,38,13824.0,2.3379381024587062e-05,6.181848980958109e-08,1.7320508075688772,1,9.848857801796104,0.17586311452816475,0.8304795924748166,1.2,0,,96,102,152,158,102,107,-7.2088816087094125,0.0,0.9998546895173824,True,3,absent,0.5309848428280338
BraTS-GLI-02701-100,gmm_2d,prediction_component,284,25,9984.0,2.5060120224403912e-05,7.102621534903521e-08,1.7320508075688772,1,8.660254037844387,0.19999999999999996,0.9548683406603533,1.0,0,,97,102,45,50,134,139,-7.14858132620955,0.0,0.9999479890581185,True,3,absent,0.5309848428280338
BraTS-GLI-02701-100,gmm_2d,prediction_component,285,72,23296.0,2.024932076428843e-05,4.637386500279305e-08,1.7320508075688772,1,12.806248474865697,0.13525044520011484,0.6711392913128504,1.3333333333333333,0,,97,103,49,57,34,42,-7.333726706574872,0.0,0.9992375385419351,True,3,absent,0.5309848428280338
BraTS-GLI-02701-100,gmm_2d,prediction_component,286,25,9984.0,2.5060120224403912e-05,7.102621534903521e-08,1.7320508075688772,1,8.660254037844387,0.19999999999999996,0.9548683406603533,1.0,0,,97,102,58,63,69,74,-7.14858132620955,0.0,0.9999479890581185,True,3,absent,0.5309848428280338
BraTS-GLI-02701-100,gmm_2d,prediction_component,287,25,9984.0,2.5060120224403912e-05,7.102621534903521e-08,1.7320508075688772,1,8.660254037844387,0.19999999999999996,0.9548683406603533,1.0,0,,97,102,61,66,147,152,-7.14858132620955,0.0,0.9999479890581185,True,3,absent,0.5309848428280338
BraTS-GLI-02701-100,gmm_2d,prediction_component,288,25,9984.0,2.5060120224403912e-05,7.102621534903521e-08,1.7320508075688772,1,8.660254037844387,0.19999999999999996,0.9548683406603533,1.0,0,,97,102,162,167,83,88,-7.14858132620955,0.0,0.9999479890581185,True,3,absent,0.5309848428280338
BraTS-GLI-02701-100,gmm_2d,prediction_component,289,25,9984.0,2.5060120224403912e-05,7.102621534903521e-08,1.7320508075688772,1,8.660254037844387,0.19999999999999996,0.9548683406603533,1.0,0,,97,102,177,182,123,128,-7.14858132620955,0.0,0.9999479890581185,True,3,absent,0.5309848428280338
BraTS-GLI-02701-100,gmm_2d,prediction_component,290,50,19968.0,1.772018094802615e-05,3.551310767451761e-08,1.7320508075688772,1,12.12435565298214,0.14285714285714285,0.757879504227687,1.0,0,,98,105,121,128,70,77,-7.449611321873531,0.0,0.999218874822354,True,3,absent,0.5309848428280338
BraTS-GLI-02701-100,gmm_2d,prediction_component,291,166,44288.0,1.7810617849469822e-05,3.587652281676523e-08,2.23606797749979,1,19.72308292331602,0.11337314689562955,0.6558610539549251,1.875,1,,98,108,125,133,133,148,-7.445189655780403,0.6931471805599453,0.997634584654068,True,3,absent,0.5309848428280338
BraTS-GLI-02701-100,gmm_2d,prediction_component,292,187,46592.0,1.859407492375648e-05,3.9102230065650806e-08,2.449489742783178,1,18.193405398660254,0.13463613265956004,0.6904909001185983,1.4444444444444444,2,,98,107,131,144,89,98,-7.407798473356354,1.0986122886681098,0.9984708610378608,True,3,absent,0.5309848428280338
BraTS-GLI-02701-100,gmm_2d,prediction_component,293,25,9984.0,2.5060120224403912e-05,7.102621534903521e-08,1.7320508075688772,1,8.660254037844387,0.19999999999999996,0.9548683406603533,1.0,0,,99,104,30,35,74,79,-7.14858132620955,0.0,0.9999479890581185,True,3,absent,0.5309848428280338
BraTS-GLI-02701-100,gmm_2d,prediction_component,294,75,25344.0,1.858867881560747e-05,3.9079537971908425e-08,1.7320508075688772,1,14.142135623730951,0.1224744871391589,0.6620687295173385,1.6666666666666667,0,,99,109,30,38,80,86,-7.408050579483377,0.0,0.9987156019678196,True,3,absent,0.5309848428280338
BraTS-GLI-02701-100,gmm_2d,prediction_component,295,211,53248.0,1.7172261957538802e-05,3.335088656483153e-08,2.23606797749979,1,19.849433241279208,0.11265147726483324,0.6054622263429159,1.4444444444444444,2,,99,111,30,39,93,106,-7.476892616767027,1.0986122886681098,0.9962495290135296,True,3,absent,0.5309848428280338
BraTS-GLI-02701-100,gmm_2d,prediction_component,296,144,36096.0,2.099780388297504e-05,4.9865493764522686e-08,2.23606797749979,1,15.652475842498529,0.14285714285714285,0.6876915815365316,1.25,1,,99,108,35,43,114,124,-7.302199876249768,0.6931471805599453,0.999237505643534,True,3,absent,0.5309848428280338
BraTS-GLI-02701-100,gmm_2d,prediction_component,297,50,15360.0,2.6265349298824172e-05,7.802229756091518e-08,1.7320508075688772,1,10.392304845413264,0.16666666666666666,0.757879504227687,1.0,0,,99,105,50,56,138,144,-7.1077812649530205,0.0,0.9998527533849333,True,3,absent,0.5309848428280338
BraTS-GLI-02701-100,gmm_2d,prediction_component,298,63,19200.0,2.3680382134730743e-05,6.342051819914697e-08,1.7320508075688772,1,11.575836902790225,0.14962640041614492,0.7016868116919668,1.1666666666666667,0,,99,106,153,160,82,88,-7.197770213742064,0.0,0.999672045778234,True,3,absent,0.5309848428280338
BraTS-GLI-02701-100,gmm_2d,prediction_component,299,47,17664.0,2.0020009252686086e-05,4.5329499219084184e-08,1.7320508075688772,1,11.090536506409418,0.15617376188860604,0.7736731845058752,1.4,0,,100,105,85,92,134,141,-7.343619078814458,0.0,0.9995997973584719,True,3,absent,0.5309848428280338
BraTS-GLI-02701-100,gmm_2d,prediction_component,300,25,9984.0,2.5060120224403912e-05,7.102621534903521e-08,1.7320508075688772,1,8.660254037844387,0.19999999999999996,0.9548683406603533,1.0,0,,101,106,166,171,129,134,-7.14858132620955,0.0,0.9999479890581185,True,3,absent,0.5309848428280338
BraTS-GLI-02701-100,gmm_2d,prediction_component,301,88,30976.0,1.6141528925619835e-05,2.9467392704927025e-08,1.7320508075688772,1,15.7797338380595,0.10976425998969035,0.627715144031263,1.4285714285714286,0,,102,109,58,68,139,149,-7.53065828912314,0.0,0.9972073173190572,True,3,absent,0.5309848428280338
BraTS-GLI-02701-100,gmm_2d,prediction_component,302,25,9984.0,2.5060120224403912e-05,7.102621534903521e-08,1.7320508075688772,1,8.660254037844387,0.19999999999999996,0.9548683406603533,1.0,0,,102,107,91,96,20,25,-7.14858132620955,0.0,0.9999479890581185,True,3,absent,0.5309848428280338
BraTS-GLI-02701-100,gmm_2d,prediction_component,303,149,39424.0,1.903466505805183e-05,4.097725400796587e-08,1.7320508075688772,1,17.46424919657298,0.09917694073609294,0.526657258771587,2.1666666666666665,0,,102,115,116,126,148,154,-7.387457148158969,0.0,0.9972862036160661,True,3,absent,0.5309848428280338
BraTS-GLI-02701-100,gmm_2d,prediction_component,304,25,9984.0,2.5060120224403912e-05,7.102621534903521e-08,1.7320508075688772,1,8.660254037844387,0.19999999999999996,0.9548683406603533,1.0,0,,103,108,41,46,126,131,-7.14858132620955,0.0,0.9999479890581185,True,3,absent,0.5309848428280338
BraTS-GLI-02701-100,gmm_2d,prediction_component,305,38,12544.0,2.7047649416909622e-05,8.273922157753891e-08,1.7320508075688772,1,9.273618495495704,0.18677184190940707,0.8304795924748166,1.2,0,,103,108,93,98,25,31,-7.082288569326049,0.0,0.9999244487787192,True,3,absent,0.5309848428280338
BraTS-GLI-02701-100,gmm_2d,prediction_component,306,25,9984.0,2.5060120224403912e-05,7.102621534903521e-08,1.7320508075688772,1,8.660254037844387,0.19999999999999996,0.9548683406603533,1.0,0,,104,109,157,162,90,95,-7.14858132620955,0.0,0.9999479890581185,True,3,absent,0.5309848428280338
BraTS-GLI-02701-100,gmm_2d,prediction_component,307,287,81664.0,1.2298040648597469e-05,1.7105045029799216e-08,2.23606797749979,1,26.870057685088806,0.08321783316232577,0.5464543737616049,1.4166666666666667,1,,105,117,44,61,86,103,-7.7668757781776865,0.6931471805599453,0.9819604379759711,True,3,absent,0.5309848428280338
BraTS-GLI-02701-100,gmm_2d,prediction_component,308,25,9984.0,2.5060120224403912e-05,7.102621534903521e-08,1.7320508075688772,1,8.660254037844387,0.19999999999999996,0.9548683406603533,1.0,0,,105,110,128,133,34,39,-7.14858132620955,0.0,0.9999479890581185,True,3,absent,0.5309848428280338
BraTS-GLI-02701-100,gmm_2d,prediction_component,309,38,13824.0,2.3379381024587062e-05,6.181848980958109e-08,1.7320508075688772,1,9.848857801796104,0.17586311452816475,0.8304795924748166,1.2,0,,105,110,139,145,138,144,-7.2088816087094125,0.0,0.9998546895173824,True,3,absent,0.5309848428280338
BraTS-GLI-02701-100,gmm_2d,prediction_component,310,25,9984.0,2.5060120224403912e-05,7.102621534903521e-08,1.7320508075688772,1,8.660254037844387,0.19999999999999996,0.9548683406603533,1.0,0,,106,111,45,50,132,137,-7.14858132620955,0.0,0.9999479890581185,True,3,absent,0.5309848428280338
BraTS-GLI-02701-100,gmm_2d,prediction_component,311,25,9984.0,2.5060120224403912e-05,7.102621534903521e-08,1.7320508075688772,1,8.660254037844387,0.19999999999999996,0.9548683406603533,1.0,0,,106,111,47,52,50,55,-7.14858132620955,0.0,0.9999479890581185,True,3,absent,0.5309848428280338
BraTS-GLI-02701-100,gmm_2d,prediction_component,312,71,24064.0,1.9019829539035057e-05,4.091340398225242e-08,1.7320508075688772,1,13.92838827718412,0.12435400084345173,0.6742755017744779,1.2857142857142858,0,,106,113,50,59,72,80,-7.388134385835073,0.0,0.9988876967263245,True,3,absent,0.5309848428280338
BraTS-GLI-02701-100,gmm_2d,prediction_component,313,38,12544.0,2.7047649416909622e-05,8.273922157753891e-08,1.7320508075688772,1,9.273618495495704,0.18677184190940707,0.8304795924748166,1.2,0,,106,111,115,121,24,29,-7.082288569326049,0.0,0.9999244487787192,True,3,absent,0.5309848428280338
BraTS-GLI-02701-100,gmm_2d,prediction_component,314,174,54784.0,1.3569649818182706e-05,2.082522268549438e-08,2.23606797749979,1,21.656407827707714,0.10325202569555013,0.6456514378224489,1.5,1,,106,118,153,168,84,94,-7.6814103459565,0.6931471805599453,0.9930888419924582,True,3,absent,0.5309848428280338
BraTS-GLI-02701-100,gmm_2d,prediction_component,315,25,9984.0,2.5060120224403912e-05,7.102621534903521e-08,1.7320508075688772,1,8.660254037844387,0.19999999999999996,0.9548683406603533,1.0,0,,107,112,49,54,136,141,-7.14858132620955,0.0,0.9999479890581185,True,3,absent,0.5309848428280338
BraTS-GLI-02701-100,gmm_2d,prediction_component,316,38,13824.0,2.3379381024587062e-05,6.181848980958109e-08,1.7320508075688772,1,9.848857801796104,0.17586311452816475,0.8304795924748166,1.2,0,,107,112,59,65,32,38,-7.2088816087094125,0.0,0.9998546895173824,True,3,absent,0.5309848428280338
BraTS-GLI-02701-100,gmm_2d,prediction_component,317,64,17664.0,2.726128919514701e-05,8.405143902280163e-08,2.23606797749979,1,10.677078252031311,0.20942695414584778,0.9011308970908855,1.6,1,,107,112,77,85,23,28,-7.075454846718119,0.6931471805599453,0.9999460813367027,True,3,absent,0.5309848428280338
BraTS-GLI-02701-100,gmm_2d,prediction_component,318,99,29184.0,1.9857198153651768e-05,4.45952202008765e-08,1.7320508075688772,1,14.866068747318506,0.1165103456070926,0.6035479311696947,1.8333333333333333,0,,108,119,51,59,123,129,-7.350711687288445,0.0,0.9986159669661149,True,3,absent,0.5309848428280338
BraTS-GLI-02701-100,gmm_2d,prediction_component,319,25,9984.0,2.5060120224403912e-05,7.102621534903521e-08,1.7320508075688772,1,8.660254037844387,0.19999999999999996,0.9548683406603533,1.0,0,,108,113,76,81,122,127,-7.14858132620955,0.0,0.9999479890581185,True,3,absent,0.5309848428280338
BraTS-GLI-02701-100,gmm_2d,prediction_component,320,51,16384.0,2.4318695068359375e-05,6.688564319836902e-08,1.7320508075688772,1,10.488088481701515,0.1651445647689541,0.7528933105024771,1.4,0,,108,113,162,168,60,67,-7.1746670922299165,0.0,0.999803546768943,True,3,absent,0.5309848428280338
BraTS-GLI-02701-100,gmm_2d,prediction_component,321,98,26624.0,2.2558806485152067e-05,5.755520578039882e-08,2.23606797749979,1,13.379088160259652,0.1671315676162189,0.7818183269493157,1.2857142857142858,1,,108,115,171,178,66,75,-7.239915388985479,0.6931471805599453,0.9997026676673273,True,3,absent,0.5309848428280338
BraTS-GLI-02701-100,gmm_2d,prediction_component,322,25,9984.0,2.5060120224403912e-05,7.102621534903521e-08,1.7320508075688772,1,8.660254037844387,0.19999999999999996,0.9548683406603533,1.0,0,,109,114,40,45,120,125,-7.14858132620955,0.0,0.9999479890581185,True,3,absent,0.5309848428280338
BraTS-GLI-02701-100,gmm_2d,prediction_component,323,51,15104.0,2.7474652658327337e-05,8.537226323330647e-08,2.23606797749979,1,9.9498743710662,0.22473328748774737,0.9719810843490212,1.4,1,,109,114,131,136,35,42,-7.068683205204687,0.6931471805599453,0.9999676340917235,True,3,absent,0.5309848428280338
BraTS-GLI-02701-100,gmm_2d,prediction_component,324,71,19968.0,2.5162656946197136e-05,7.160863031489731e-08,1.7320508075688772,1,11.661903789690601,0.14852213144650114,0.6742755017744779,1.3333333333333333,0,,110,118,86,92,80,86,-7.145034633107418,0.0,0.9997000791838554,True,3,absent,0.5309848428280338
BraTS-GLI-02701-100,gmm_2d,prediction_component,325,25,9984.0,2.5060120224403912e-05,7.102621534903521e-08,1.7320508075688772,1,8.660254037844387,0.19999999999999996,0.9548683406603533,1.0,0,,110,115,100,105,127,132,-7.14858132620955,0.0,0.9999479890581185,True,3,absent,0.5309848428280338
BraTS-GLI-02701-100,gmm_2d,prediction_component,326,38,12544.0,2.7047649416909622e-05,8.273922157753891e-08,1.7320508075688772,1,9.273618495495704,0.18677184190940707,0.8304795924748166,1.2,0,,110,116,154,159,131,136,-7.082288569326049,0.0,0.9999244487787192,True,3,absent,0.5309848428280338
BraTS-GLI-02701-100,gmm_2d,prediction_component,327,25,9984.0,2.5060120224403912e-05,7.102621534903521e-08,1.7320508075688772,1,8.660254037844387,0.19999999999999996,0.9548683406603533,1.0,0,,111,116,37,42,105,110,-7.14858132620955,0.0,0.9999479890581185,True,3,absent,0.5309848428280338
BraTS-GLI-02701-100,gmm_2d,prediction_component,328,143,35072.0,2.177184524932582e-05,5.360963507846669e-08,2.23606797749979,1,14.866068747318506,0.1504142093990467,0.6892908700439305,1.8333333333333333,2,,111,122,54,62,85,91,-7.270757149013225,1.0986122886681098,0.9992932219455585,True,3,absent,0.5309848428280338
BraTS-GLI-02701-100,gmm_2d,prediction_component,329,25,9984.0,2.5060120224403912e-05,7.102621534903521e-08,1.7320508075688772,1,8.660254037844387,0.19999999999999996,0.9548683406603533,1.0,0,,111,116,125,130,91,96,-7.14858132620955,0.0,0.9999479890581185,True,3,absent,0.5309848428280338
BraTS-GLI-02701-100,gmm_2d,prediction_component,330,208,48640.0,1.9389784645210015e-05,4.252049822084233e-08,2.449489742783178,1,17.832554500127006,0.13736056394868904,0.6664241345196262,1.8571428571428572,2,,111,124,152,162,66,73,-7.371401655407092,1.0986122886681098,0.9986236932852506,True,3,absent,0.5309848428280338
BraTS-GLI-02701-100,gmm_2d,prediction_component,331,69,19200.0,2.593565662375272e-05,7.607585969920352e-08,2.23606797749979,1,11.180339887498949,0.2,0.8788164447779884,1.6,1,,113,119,38,43,96,104,-7.118753131174717,0.6931471805599453,0.9999202330438192,True,3,absent,0.5309848428280338
BraTS-GLI-02701-100,gmm_2d,prediction_component,332,25,9984.0,2.5060120224403912e-05,7.102621534903521e-08,1.7320508075688772,1,8.660254037844387,0.19999999999999996,0.9548683406603533,1.0,0,,113,118,83,88,42,47,-7.14858132620955,0.0,0.9999479890581185,True,3,absent,0.5309848428280338
BraTS-GLI-02701-100,gmm_2d,prediction_component,333,25,9984.0,2.5060120224403912e-05,7.102621534903521e-08,1.7320508075688772,1,8.660254037844387,0.19999999999999996,0.9548683406603533,1.0,0,,113,118,131,136,100,105,-7.14858132620955,0.0,0.9999479890581185,True,3,absent,0.5309848428280338
BraTS-GLI-02701-100,gmm_2d,prediction_component,334,160,43264.0,1.7779927173418296e-05,3.575298683605144e-08,1.7320508075688772,1,19.748417658131498,0.08770580193070292,0.5143003693829619,1.3,0,,114,127,101,111,49,60,-7.446687671003299,0.0,0.9957323767283134,True,3,absent,0.5309848428280338
BraTS-GLI-02701-100,gmm_2d,prediction_component,335,25,9984.0,2.5060120224403912e-05,7.102621534903521e-08,1.7320508075688772,1,8.660254037844387,0.19999999999999996,0.9548683406603533,1.0,0,,114,119,145,150,135,140,-7.14858132620955,0.0,0.9999479890581185,True,3,absent,0.5309848428280338
BraTS-GLI-02701-100,gmm_2d,prediction_component,336,25,9984.0,2.5060120224403912e-05,7.102621534903521e-08,1.7320508075688772,1,8.660254037844387,0.19999999999999996,0.9548683406603533,1.0,0,,114,119,162,167,71,76,-7.14858132620955,0.0,0.9999479890581185,True,3,absent,0.5309848428280338
BraTS-GLI-02701-100,gmm_2d,prediction_component,337,25,9984.0,2.5060120224403912e-05,7.102621534903521e-08,1.7320508075688772,1,8.660254037844387,0.19999999999999996,0.9548683406603533,1.0,0,,115,120,54,59,135,140,-7.14858132620955,0.0,0.9999479890581185,True,3,absent,0.5309848428280338
BraTS-GLI-02701-100,gmm_2d,prediction_component,338,25,9984.0,2.5060120224403912e-05,7.102621534903521e-08,1.7320508075688772,1,8.660254037844387,0.19999999999999996,0.9548683406603533,1.0,0,,115,120,90,95,23,28,-7.14858132620955,0.0,0.9999479890581185,True,3,absent,0.5309848428280338
BraTS-GLI-02701-100,gmm_2d,prediction_component,339,25,9984.0,2.5060120224403912e-05,7.102621534903521e-08,1.7320508075688772,1,8.660254037844387,0.19999999999999996,0.9548683406603533,1.0,0,,115,120,121,126,117,122,-7.14858132620955,0.0,0.9999479890581185,True,3,absent,0.5309848428280338
BraTS-GLI-02701-100,gmm_2d,prediction_component,340,62,17664.0,2.6409373907798665e-05,7.888030556729723e-08,1.7320508075688772,1,11.0,0.15745916432444337,0.7054392189315698,1.1666666666666667,0,,115,121,140,146,89,96,-7.103031415689386,0.0,0.9998001874166048,True,3,absent,0.5309848428280338
BraTS-GLI-02701-100,gmm_2d,prediction_component,341,25,9984.0,2.5060120224403912e-05,7.102621534903521e-08,1.7320508075688772,1,8.660254037844387,0.19999999999999996,0.9548683406603533,1.0,0,,116,121,109,114,97,102,-7.14858132620955,0.0,0.9999479890581185,True,3,absent,0.5309848428280338
BraTS-GLI-02701-100,gmm_2d,prediction_component,342,69,23808.0,1.8782989682144485e-05,3.9900819301133063e-08,1.7320508075688772,1,13.92838827718412,0.12435400084345173,0.6807282909996718,1.2857142857142858,0,,116,125,135,142,88,96,-7.399018186661422,0.0,0.99886540247464,True,3,absent,0.5309848428280338
BraTS-GLI-02701-100,gmm_2d,prediction_component,343,25,9984.0,2.5060120224403912e-05,7.102621534903521e-08,1.7320508075688772,1,8.660254037844387,0.19999999999999996,0.9548683406603533,1.0,0,,117,122,58,63,118,123,-7.14858132620955,0.0,0.9999479890581185,True,3,absent,0.5309848428280338
BraTS-GLI-02701-100,gmm_2d,prediction_component,344,56,16128.0,2.7341180049857295e-05,8.4544796510452e-08,1.7320508075688772,1,10.392304845413264,0.16666666666666666,0.7297836929246639,1.0,0,,117,123,77,83,144,150,-7.0729131168224715,0.0,0.9998585757531625,True,3,absent,0.5309848428280338
BraTS-GLI-02701-100,gmm_2d,prediction_component,345,69,19200.0,2.593565662375272e-05,7.607585969920352e-08,2.23606797749979,1,11.090536506409418,0.20161945963637795,0.8788164447779884,1.4,1,,117,124,147,152,85,92,-7.118753131174717,0.6931471805599453,0.9999224223964651,True,3,absent,0.5309848428280338
BraTS-GLI-02701-100,gmm_2d,prediction_component,346,38,13824.0,2.3379381024587062e-05,6.181848980958109e-08,1.7320508075688772,1,9.848857801796104,0.17586311452816475,0.8304795924748166,1.2,0,,117,123,148,154,56,61,-7.2088816087094125,0.0,0.9998546895173824,True,3,absent,0.5309848428280338
BraTS-GLI-02701-100,gmm_2d,prediction_component,347,25,9984.0,2.5060120224403912e-05,7.102621534903521e-08,1.7320508075688772,1,8.660254037844387,0.19999999999999996,0.9548683406603533,1.0,0,,118,123,46,51,57,62,-7.14858132620955,0.0,0.9999479890581185,True,3,absent,0.5309848428280338
BraTS-GLI-02701-100,gmm_2d,prediction_component,348,25,9984.0,2.5060120224403912e-05,7.102621534903521e-08,1.7320508075688772,1,8.660254037844387,0.19999999999999996,0.9548683406603533,1.0,0,,119,124,42,47,105,110,-7.14858132620955,0.0,0.9999479890581185,True,3,absent,0.5309848428280338
BraTS-GLI-02701-100,gmm_2d,prediction_component,349,57,17664.0,2.4279585689427806e-05,6.667068490846741e-08,1.7320508075688772,1,11.575836902790225,0.14962640041614492,0.7254907483481623,1.1666666666666667,0,,119,126,78,84,97,104,-7.1760650833409105,0.0,0.9997190433087331,True,3,absent,0.5309848428280338
BraTS-GLI-02701-100,gmm_2d,prediction_component,350,25,9984.0,2.5060120224403912e-05,7.102621534903521e-08,1.7320508075688772,1,8.660254037844387,0.19999999999999996,0.9548683406603533,1.0,0,,119,124,85,90,34,39,-7.14858132620955,0.0,0.9999479890581185,True,3,absent,0.5309848428280338
BraTS-GLI-02701-100,gmm_2d,prediction_component,351,38,13824.0,2.3379381024587062e-05,6.181848980958109e-08,1.7320508075688772,1,9.848857801796104,0.17586311452816475,0.8304795924748166,1.2,0,,119,125,172,178,95,100,-7.2088816087094125,0.0,0.9998546895173824,True,3,absent,0.5309848428280338
BraTS-GLI-02701-100,gmm_2d,prediction_component,352,112,32000.0,1.956559480312316e-05,4.329507375728433e-08,2.23606797749979,1,15.362291495737216,0.1455556274348955,0.7477823284421424,1.6666666666666667,1,,121,131,136,146,116,122,-7.363561516157934,0.6931471805599453,0.9992441697834331,True,3,absent,0.5309848428280338
BraTS-GLI-02701-100,gmm_2d,prediction_component,353,84,28672.0,1.7301840500300316e-05,3.3856104120182834e-08,1.7320508075688772,1,13.92838827718412,0.12435400084345173,0.6375247776221004,1.2857142857142858,0,,121,130,137,144,82,90,-7.470363018360909,0.0,0.9983107021987893,True,3,absent,0.5309848428280338
BraTS-GLI-02701-100,gmm_2d,prediction_component,354,38,12544.0,2.7047649416909622e-05,8.273922157753891e-08,1.7320508075688772,1,9.273618495495704,0.18677184190940707,0.8304795924748166,1.2,0,,122,127,69,75,45,50,-7.082288569326049,0.0,0.9999244487787192,True,3,absent,0.5309848428280338
BraTS-GLI-02701-100,gmm_2d,prediction_component,355,25,9984.0,2.5060120224403912e-05,7.102621534903521e-08,1.7320508075688772,1,8.660254037844387,0.19999999999999996,0.9548683406603533,1.0,0,,122,127,122,127,137,142,-7.14858132620955,0.0,0.9999479890581185,True,3,absent,0.5309848428280338
BraTS-GLI-02701-100,gmm_2d,prediction_component,356,25,9984.0,2.5060120224403912e-05,7.102621534903521e-08,1.7320508075688772,1,8.660254037844387,0.19999999999999996,0.9548683406603533,1.0,0,,123,128,48,53,89,94,-7.14858132620955,0.0,0.9999479890581185,True,3,absent,0.5309848428280338
BraTS-GLI-02701-100,gmm_2d,prediction_component,357,86,21248.0,2.7766514375215813e-05,8.71957069022375e-08,2.23606797749979,1,11.661903789690601,0.1917412472118426,0.8166106787449766,1.3333333333333333,1,,123,129,121,127,76,84,-7.059504897115214,0.6931471805599453,0.9999101740268294,True,3,absent,0.5309848428280338
BraTS-GLI-02701-100,gmm_2d,prediction_component,358,218,56832.0,1.6090409016559476e-05,2.928104293356708e-08,2.23606797749979,1,22.135943621178654,0.10101525445522108,0.5989111163456369,1.3636363636363635,1,,123,134,157,172,94,106,-7.533413458616834,0.6931471805599453,0.9951701142495794,True,3,absent,0.5309848428280338
BraTS-GLI-02701-100,gmm_2d,prediction_component,359,25,9984.0,2.5060120224403912e-05,7.102621534903521e-08,1.7320508075688772,1,8.660254037844387,0.19999999999999996,0.9548683406603533,1.0,0,,124,129,133,138,42,47,-7.14858132620955,0.0,0.9999479890581185,True,3,absent,0.5309848428280338
BraTS-GLI-02701-100,gmm_2d,prediction_component,360,171,48128.0,1.6195687506583984e-05,2.9665464338549964e-08,1.7320508075688772,1,19.1049731745428,0.09065968278232492,0.5030271898042775,1.2,0,,124,135,148,160,113,123,-7.52774884948086,0.0,0.9943419241628504,True,3,absent,0.5309848428280338
BraTS-GLI-02701-100,gmm_2d,prediction_component,361,25,9984.0,2.5060120224403912e-05,7.102621534903521e-08,1.7320508075688772,1,8.660254037844387,0.19999999999999996,0.9548683406603533,1.0,0,,125,130,132,137,82,87,-7.14858132620955,0.0,0.9999479890581185,True,3,absent,0.5309848428280338
BraTS-GLI-02701-100,gmm_2d,prediction_component,362,62,17664.0,2.6409373907798665e-05,7.888030556729723e-08,1.7320508075688772,1,11.0,0.15745916432444337,0.7054392189315698,1.1666666666666667,0,,127,133,131,138,89,95,-7.103031415689386,0.0,0.9998001874166048,True,3,absent,0.5309848428280338
BraTS-GLI-02701-100,gmm_2d,prediction_component,363,25,9984.0,2.5060120224403912e-05,7.102621534903521e-08,1.7320508075688772,1,8.660254037844387,0.19999999999999996,0.9548683406603533,1.0,0,,128,133,67,72,89,94,-7.14858132620955,0.0,0.9999479890581185,True,3,absent,0.5309848428280338
BraTS-GLI-02701-100,gmm_2d,prediction_component,364,25,9984.0,2.5060120224403912e-05,7.102621534903521e-08,1.7320508075688772,1,8.660254037844387,0.19999999999999996,0.9548683406603533,1.0,0,,128,133,111,116,136,141,-7.14858132620955,0.0,0.9999479890581185,True,3,absent,0.5309848428280338
BraTS-GLI-02701-100,gmm_2d,prediction_component,365,119,33024.0,1.9829074660237485e-05,4.4468990383644e-08,1.7320508075688772,1,14.45683229480096,0.11980845957463075,0.5676419848966001,1.125,0,,128,137,115,123,44,52,-7.351942730586813,0.0,0.998529703231969,True,3,absent,0.5309848428280338
BraTS-GLI-02701-100,gmm_2d,prediction_component,366,25,9984.0,2.5060120224403912e-05,7.102621534903521e-08,1.7320508075688772,1,8.660254037844387,0.19999999999999996,0.9548683406603533,1.0,0,,128,133,120,125,126,131,-7.14858132620955,0.0,0.9999479890581185,True,3,absent,0.5309848428280338
BraTS-GLI-02701-100,gmm_2d,prediction_component,367,25,9984.0,2.5060120224403912e-05,7.102621534903521e-08,1.7320508075688772,1,8.660254037844387,0.19999999999999996,0.9548683406603533,1.0,0,,129,134,154,159,108,113,-7.14858132620955,0.0,0.9999479890581185,True,3,absent,0.5309848428280338
BraTS-GLI-02701-100,gmm_2d,prediction_component,368,25,9984.0,2.5060120224403912e-05,7.102621534903521e-08,1.7320508075688772,1,8.660254037844387,0.19999999999999996,0.9548683406603533,1.0,0,,130,135,143,148,59,64,-7.14858132620955,0.0,0.9999479890581185,True,3,absent,0.5309848428280338
BraTS-GLI-02701-100,gmm_2d,prediction_component,369,63,23808.0,1.7149686231523227e-05,3.326325389754192e-08,1.7320508075688772,1,12.884098726725126,0.13443321448446624,0.7016868116919668,1.5,0,,131,140,137,144,88,94,-7.478035269228769,0.0,0.9988045947648342,True,3,absent,0.5309848428280338
BraTS-GLI-02701-100,gmm_2d,prediction_component,370,25,9984.0,2.5060120224403912e-05,7.102621534903521e-08,1.7320508075688772,1,8.660254037844387,0.19999999999999996,0.9548683406603533,1.0,0,,131,136,161,166,92,97,-7.14858132620955,0.0,0.9999479890581185,True,3,absent,0.5309848428280338
BraTS-GLI-02701-100,gmm_2d,prediction_component,371,47,14592.0,2.6664020003279646e-05,8.040880842667987e-08,1.7320508075688772,1,9.848857801796104,0.17586311452816475,0.7736731845058752,1.2,0,,132,138,138,143,72,78,-7.094696373620167,0.0,0.9998859902162935,True,3,absent,0.5309848428280338
BraTS-GLI-02701-100,gmm_2d,prediction_component,372,59,17408.0,2.568790548372811e-05,7.462936780844428e-08,1.7320508075688772,1,11.0,0.15745916432444337,0.71719869927557,1.1666666666666667,0,,132,139,147,153,88,94,-7.127090237308548,0.0,0.9997895712489289,True,3,absent,0.5309848428280338
BraTS-GLI-02701-100,gmm_2d,prediction_component,373,25,9984.0,2.5060120224403912e-05,7.102621534903521e-08,1.7320508075688772,1,8.660254037844387,0.19999999999999996,0.9548683406603533,1.0,0,,132,137,149,154,71,76,-7.14858132620955,0.0,0.9999479890581185,True,3,absent,0.5309848428280338
BraTS-GLI-02701-100,gmm_2d,prediction_component,374,85,28416.0,1.7744938951418744e-05,3.561241228768995e-08,1.7320508075688772,1,15.165750888103101,0.11420804814403214,0.6350148115649618,1.4285714285714286,0,,133,143,67,74,47,56,-7.448398607405514,0.0,0.9981309731154056,True,3,absent,0.5309848428280338
BraTS-GLI-02701-100,gmm_2d,prediction_component,375,116,31232.0,2.1016398527416092e-05,4.995384983139772e-08,2.23606797749979,1,14.352700094407323,0.15579423821243896,0.7390863966003943,1.8333333333333333,1,,136,142,150,157,91,102,-7.301431036044535,0.6931471805599453,0.9994818028629963,True,3,absent,0.5309848428280338
BraTS-GLI-02701-100,gmm_2d,prediction_component,376,38,12544.0,2.7047649416909622e-05,8.273922157753891e-08,1.7320508075688772,1,9.273618495495704,0.18677184190940707,0.8304795924748166,1.2,0,,137,143,113,118,115,120,-7.082288569326049,0.0,0.9999244487787192,True,3,absent,0.5309848428280338
BraTS-GLI-02701-100,gmm_2d,prediction_component,377,25,9984.0,2.5060120224403912e-05,7.102621534903521e-08,1.7320508075688772,1,8.660254037844387,0.19999999999999996,0.9548683406603533,1.0,0,,138,143,84,89,86,91,-7.14858132620955,0.0,0.9999479890581185,True,3,absent,0.5309848428280338
BraTS-GLI-02701-100,gmm_2d,prediction_component,378,25,9984.0,2.5060120224403912e-05,7.102621534903521e-08,1.7320508075688772,1,8.660254037844387,0.19999999999999996,0.9548683406603533,1.0,0,,139,144,133,138,93,98,-7.14858132620955,0.0,0.9999479890581185,True,3,absent,0.5309848428280338
BraTS-GLI-02701-100,gmm_2d,prediction_component,379,46,16896.0,2.0945077921731866e-05,4.961538140913494e-08,1.7320508075688772,1,11.0,0.15745916432444337,0.7792393700163133,1.1666666666666667,0,,140,146,130,137,76,82,-7.3043836657365855,0.0,0.9996670984957017,True,3,absent,0.5309848428280338
BraTS-GLI-02701-100,gmm_2d,prediction_component,380,51,16384.0,2.4318695068359375e-05,6.688564319836902e-08,1.7320508075688772,1,10.488088481701515,0.1651445647689541,0.7528933105024771,1.4,0,,144,149,68,74,63,70,-7.1746670922299165,0.0,0.999803546768943,True,3,absent,0.5309848428280338
BraTS-GLI-02701-100,gmm_2d,prediction_component,381,25,9984.0,2.5060120224403912e-05,7.102621534903521e-08,1.7320508075688772,1,8.660254037844387,0.19999999999999996,0.9548683406603533,1.0,0,,146,151,81,86,113,118,-7.14858132620955,0.0,0.9999479890581185,True,3,absent,0.5309848428280338
BraTS-GLI-02701-100,gmm_2d,prediction_component,382,25,9984.0,2.5060120224403912e-05,7.102621534903521e-08,1.7320508075688772,1,8.660254037844387,0.19999999999999996,0.9548683406603533,1.0,0,,146,151,106,111,72,77,-7.14858132620955,0.0,0.9999479890581185,True,3,absent,0.5309848428280338
BraTS-GLI-02701-100,gmm_2d,prediction_component,383,38,13824.0,2.3379381024587062e-05,6.181848980958109e-08,1.7320508075688772,1,9.848857801796104,0.17586311452816475,0.8304795924748166,1.2,0,,147,153,91,96,112,118,-7.2088816087094125,0.0,0.9998546895173824,True,3,absent,0.5309848428280338
BraTS-GLI-02701-100,gmm_2d,prediction_component,384,38,13824.0,2.3379381024587062e-05,6.181848980958109e-08,1.7320508075688772,1,9.848857801796104,0.17586311452816475,0.8304795924748166,1.2,0,,148,153,78,84,78,84,-7.2088816087094125,0.0,0.9998546895173824,True,3,absent,0.5309848428280338
BraTS-GLI-02701-100,gmm_2d,prediction_component,385,73,20480.0,2.4907373406598608e-05,7.016301399973223e-08,2.23606797749979,1,11.575836902790225,0.19316685232156397,0.8624625614222922,1.1666666666666667,1,,149,155,102,109,100,107,-7.153891763209047,0.6931471805599453,0.999892512366184,True,3,absent,0.5309848428280338
BraTS-GLI-02701-100,gmm_2d,prediction_component,386,25,9984.0,2.5060120224403912e-05,7.102621534903521e-08,1.7320508075688772,1,8.660254037844387,0.19999999999999996,0.9548683406603533,1.0,0,,150,155,90,95,78,83,-7.14858132620955,0.0,0.9999479890581185,True,3,absent,0.5309848428280338
BraTS-GLI-02701-100,gmm_2d,prediction_component,387,25,9984.0,2.5060120224403912e-05,7.102621534903521e-08,1.7320508075688772,1,8.660254037844387,0.19999999999999996,0.9548683406603533,1.0,0,,151,156,93,98,101,106,-7.14858132620955,0.0,0.9999479890581185,True,3,absent,0.5309848428280338
BraTS-GLI-02701-100,variational_spline,prediction_component,1,27798,4474368.0,2.9370815157802636e-06,9.756282646931672e-10,5.656854249492381,4,245.52392958732148,0.023039930401083368,0.301023228118646,1.425,40,,34,154,23,194,30,159,-9.010715626334463,3.713572066704308,0.024238394253354535,False,3,absent,0.5309848428280338
