case_id,method,source,component_label,volume_vox,surface_area_proxy,compactness_v_over_s15,isoperimetric_quotient,inscribed_radius_vox,inscribed_radius_grid_step,bbox_diag_vox,radius_over_bbox_diag,radius_over_equiv_sphere,elongation_max_over_min,eroded_subcomponents,overlap_gt_vox,z0,z1,y0,y1,x0,x1,log10_isoperimetric,log1p_eroded_subcomponents,shape_score_prob_true_et,accepted_shape,fold,vol_bin,shape_threshold
BraTS-GLI-02285-100,otsu_T1c,prediction_component,1,14772,2256128.0,4.35906852101798e-06,2.1490165748685116e-09,4.898979485566356,2,191.05234884711572,0.025642079331286455,0.32185139139286945,1.305263157894737,10,,32,156,30,125,34,144,-8.667760234882603,2.3978952727983707,0.14018941228735268,False,0,medium,0.5530794707693413
BraTS-GLI-02285-100,gmm_T1c,prediction_component,1,21811,3567104.0,3.237441432555532e-06,1.185376230615466e-09,5.656854249492381,2,202.47715920567435,0.027938233979992788,0.3263718297954912,1.422680412371134,24,,18,156,30,127,32,144,-8.926143785563374,3.2188758248682006,0.04543155054741317,False,0,medium,0.5530794707693413
BraTS-GLI-02285-100,sustraccion,prediction_component,1,21,11520.0,1.6984023266599966e-05,3.262372335347067e-08,1.4142135623730951,1,10.488088481701515,0.13483997249264842,0.8263006657894747,1.4,0,,15,20,92,99,105,111,-7.48646647433232,0.0,0.9990888952465918,True,0,medium,0.5530794707693413
BraTS-GLI-02285-100,sustraccion,prediction_component,2,19,9216.0,2.147533275462963e-05,5.2159350776834036e-08,1.4142135623730951,1,8.774964387392123,0.16116459280507606,0.8543319874271107,1.5,0,,15,19,98,104,72,77,-7.282667822870332,0.0,0.9997518194144487,True,0,medium,0.5530794707693413
BraTS-GLI-02285-100,sustraccion,prediction_component,3,14,6912.0,2.4362533060422576e-05,6.712700278491907e-08,1.4142135623730951,1,7.0710678118654755,0.2,0.9458781407605124,1.6666666666666667,0,,16,19,82,87,97,101,-7.1731027435946135,0.0,0.9999365514425618,True,0,medium,0.5530794707693413
BraTS-GLI-02285-100,sustraccion,prediction_component,4,70052,12830976.0,1.5241615449172435e-06,2.6273284798912844e-10,6.928203230275509,4,242.20239470327292,0.028605015399469486,0.2709213985086127,1.232,115,,17,156,30,184,27,152,-9.580485626457921,4.7535901911063645,0.0019236364091289964,False,0,medium,0.5530794707693413
BraTS-GLI-02285-100,sustraccion,prediction_component,5,66,27392.0,1.4558221441710582e-05,2.3970054173077957e-08,1.4142135623730951,1,15.066519173319364,0.09386465089278642,0.5641092516587063,2.2,0,,17,26,98,103,96,107,-7.620330984446019,0.0,0.9930928233429801,True,0,medium,0.5530794707693413
BraTS-GLI-02285-100,sustraccion,prediction_component,6,101,33024.0,1.6829718829277194e-05,3.203362551398577e-08,1.4142135623730951,1,16.431676725154983,0.08606629658238706,0.4895203413233883,1.5714285714285714,0,,18,25,99,109,62,73,-7.494393905806589,0.0,0.9937533529681799,True,0,medium,0.5530794707693413
BraTS-GLI-02285-100,sustraccion,prediction_component,7,17,7168.0,2.8012503667152895e-05,8.874752009735003e-08,1.4142135623730951,1,6.928203230275509,0.20412414523193154,0.8866010210973454,1.0,0,,20,24,101,105,108,112,-7.051843773744237,0.0,0.9999546688380104,True,0,medium,0.5530794707693413
BraTS-GLI-02285-100,sustraccion,prediction_component,8,28,11520.0,2.264536435546662e-05,5.7997730406170074e-08,1.4142135623730951,1,9.486832980505138,0.14907119849998599,0.7507439778384809,1.75,0,,20,27,102,107,95,99,-7.23658900111572,0.0,0.9996433738985508,True,0,medium,0.5530794707693413
BraTS-GLI-02285-100,sustraccion,prediction_component,10,52,19712.0,1.87891575433149e-05,3.992702845368756e-08,1.4142135623730951,1,13.416407864998739,0.10540925533894598,0.6107686723568493,2.5,0,,22,26,74,82,53,63,-7.398733010721975,0.0,0.9978538009222282,True,0,medium,0.5530794707693413
BraTS-GLI-02285-100,sustraccion,prediction_component,11,423,114688.0,1.0890890672064038e-05,1.3414644571375857e-08,1.4142135623730951,1,30.479501308256342,0.04639884189935911,0.30369041040744166,2.0,0,,22,33,98,116,47,69,-7.872420829718475,0.0,0.915996845774608,True,0,medium,0.5530794707693413
BraTS-GLI-02285-100,sustraccion,prediction_component,12,123,48384.0,1.1557195430922008e-05,1.5106271570373068e-08,1.4142135623730951,1,21.540659228538015,0.06565321642986129,0.45839812278150716,2.0,0,,24,32,96,112,122,134,-7.8208427121150645,0.0,0.9677427879209842,True,0,medium,0.5530794707693413
BraTS-GLI-02285-100,sustraccion,prediction_component,13,35,14336.0,2.0390414574617338e-05,4.702236683358727e-08,1.4142135623730951,1,11.180339887498949,0.12649110640673517,0.6969289728874266,1.6,0,,24,29,110,116,91,99,-7.327695514792177,0.0,0.9991255507089957,True,0,medium,0.5530794707693413
BraTS-GLI-02285-100,sustraccion,prediction_component,14,12,5376.0,3.04433440619409e-05,1.0481829363285631e-07,1.4142135623730951,1,5.830951894845301,0.24253562503633297,0.9957510787676723,1.3333333333333333,0,,27,30,101,104,90,94,-6.979562914580636,0.0,0.9999873098721701,True,0,medium,0.5530794707693413
BraTS-GLI-02285-100,sustraccion,prediction_component,16,756,187648.0,9.300491187218839e-06,9.782821843771698e-09,2.23606797749979,1,43.139309220245984,0.05183365283119477,0.39567681827076223,1.7222222222222223,3,,28,46,93,117,80,111,-8.009535855395098,1.3862943611198906,0.8483813282435084,True,0,medium,0.5530794707693413
BraTS-GLI-02285-100,sustraccion,prediction_component,17,12,5376.0,3.04433440619409e-05,1.0481829363285631e-07,1.4142135623730951,1,5.830951894845301,0.24253562503633297,0.9957510787676723,1.3333333333333333,0,,29,33,89,92,82,85,-6.979562914580636,0.0,0.9999873098721701,True,0,medium,0.5530794707693413
BraTS-GLI-02285-100,sustraccion,prediction_component,20,14,7680.0,2.080109539136373e-05,4.8935585030206e-08,1.4142135623730951,1,7.54983443527075,0.1873171623163388,0.9458781407605124,1.25,0,,31,36,95,99,41,45,-7.310375215276639,0.0,0.9998683165549729,True,0,medium,0.5530794707693413
BraTS-GLI-02285-100,sustraccion,prediction_component,24,258,58624.0,1.8176344043972304e-05,3.7365039218754147e-08,2.449489742783178,1,21.37755832643195,0.11458229725677065,0.6202478387327839,1.0833333333333333,1,,35,47,105,117,69,82,-7.4275345575673315,0.6931471805599453,0.9974057516117296,True,0,medium,0.5530794707693413
BraTS-GLI-02285-100,sustraccion,prediction_component,26,23,9984.0,2.30553106064516e-05,6.01165886714234e-08,1.4142135623730951,1,8.246211251235321,0.17149858514250885,0.8016200827808712,1.5,0,,40,44,104,110,56,60,-7.22100567151844,0.0,0.9998048734703174,True,0,medium,0.5530794707693413
BraTS-GLI-02285-100,sustraccion,prediction_component,27,14,7680.0,2.080109539136373e-05,4.8935585030206e-08,1.4142135623730951,1,8.12403840463596,0.17407765595569785,0.9458781407605124,1.25,0,,43,48,101,106,115,119,-7.310375215276639,0.0,0.9998348244721845,True,0,medium,0.5530794707693413
BraTS-GLI-02285-100,sustraccion,prediction_component,28,14,6144.0,2.9070414563466808e-05,9.557731451212109e-08,1.4142135623730951,1,6.928203230275509,0.20412414523193154,0.9458781407605124,1.0,0,,43,47,108,112,123,127,-7.019645176252469,0.0,0.999966684186979,True,0,medium,0.5530794707693413
BraTS-GLI-02285-100,sustraccion,prediction_component,29,12,5376.0,3.04433440619409e-05,1.0481829363285631e-07,1.4142135623730951,1,5.830951894845301,0.24253562503633297,0.9957510787676723,1.3333333333333333,0,,45,48,76,80,53,56,-6.979562914580636,0.0,0.9999873098721701,True,0,medium,0.5530794707693413
BraTS-GLI-02285-100,sustraccion,prediction_component,31,16,6656.0,2.9464563572443515e-05,9.818664009850627e-08,1.4142135623730951,1,6.4031242374328485,0.2208630521496931,0.9046998952817776,1.3333333333333333,0,,45,49,123,126,87,91,-7.007947601074732,0.0,0.9999727215274006,True,0,medium,0.5530794707693413
BraTS-GLI-02285-100,sustraccion,prediction_component,32,14,7680.0,2.080109539136373e-05,4.8935585030206e-08,1.4142135623730951,1,8.12403840463596,0.17407765595569785,0.9458781407605124,1.25,0,,48,52,48,53,53,58,-7.310375215276639,0.0,0.9998348244721845,True,0,medium,0.5530794707693413
BraTS-GLI-02285-100,sustraccion,prediction_component,34,189,67328.0,1.081852949551832e-05,1.3236977797169524e-08,1.4142135623730951,1,33.54101966249684,0.04216370213557839,0.3972439267265318,1.6,0,,48,72,140,155,122,140,-7.878211159596913,0.0,0.9302876836575277,True,0,medium,0.5530794707693413
BraTS-GLI-02285-100,sustraccion,prediction_component,35,12,6144.0,2.4917498197257264e-05,7.022006780482366e-08,1.4142135623730951,1,6.4031242374328485,0.2208630521496931,0.9957510787676723,1.3333333333333333,0,,49,53,120,124,100,103,-7.153538755513696,0.0,0.9999647617941148,True,0,medium,0.5530794707693413
BraTS-GLI-02285-100,sustraccion,prediction_component,38,14,6912.0,2.4362533060422576e-05,6.712700278491907e-08,1.4142135623730951,1,7.0710678118654755,0.2,0.9458781407605124,1.6666666666666667,0,,51,55,108,111,121,126,-7.1731027435946135,0.0,0.9999365514425618,True,0,medium,0.5530794707693413
BraTS-GLI-02285-100,sustraccion,prediction_component,40,19,8192.0,2.5625283894623568e-05,7.42659506177969e-08,1.4142135623730951,1,7.54983443527075,0.1873171623163388,0.8543319874271107,1.25,0,,52,56,100,104,97,102,-7.1292102555281875,0.0,0.9999106114072925,True,0,medium,0.5530794707693413
BraTS-GLI-02285-100,sustraccion,prediction_component,44,29,12032.0,2.1973096500160728e-05,5.460531283328591e-08,1.4142135623730951,1,9.38083151964686,0.15075567228888181,0.742013605090188,1.5,0,,53,59,144,148,56,62,-7.262765100483368,0.0,0.9996072022117348,True,0,medium,0.5530794707693413
BraTS-GLI-02285-100,sustraccion,prediction_component,46,12,5376.0,3.04433440619409e-05,1.0481829363285631e-07,1.4142135623730951,1,5.830951894845301,0.24253562503633297,0.9957510787676723,1.3333333333333333,0,,54,57,116,120,102,105,-6.979562914580636,0.0,0.9999873098721701,True,0,medium,0.5530794707693413
BraTS-GLI-02285-100,sustraccion,prediction_component,48,12,6144.0,2.4917498197257264e-05,7.022006780482366e-08,1.4142135623730951,1,6.4031242374328485,0.2208630521496931,0.9957510787676723,1.3333333333333333,0,,56,60,97,101,80,83,-7.153538755513696,0.0,0.9999647617941148,True,0,medium,0.5530794707693413
BraTS-GLI-02285-100,sustraccion,prediction_component,49,69,21248.0,2.2277784789417338e-05,5.6130173142449e-08,1.4142135623730951,1,12.84523257866513,0.11009637651263607,0.5558123221420062,2.5,0,,57,67,48,55,91,95,-7.250803618127839,0.0,0.9986430647165784,True,0,medium,0.5530794707693413
BraTS-GLI-02285-100,sustraccion,prediction_component,52,12,6144.0,2.4917498197257264e-05,7.022006780482366e-08,1.4142135623730951,1,6.4031242374328485,0.2208630521496931,0.9957510787676723,1.3333333333333333,0,,57,61,123,127,35,38,-7.153538755513696,0.0,0.9999647617941148,True,0,medium,0.5530794707693413
BraTS-GLI-02285-100,sustraccion,prediction_component,53,29,13824.0,1.7842159202974337e-05,3.6003704937574576e-08,1.4142135623730951,1,10.770329614269007,0.13130643285972257,0.742013605090188,2.0,0,,58,64,104,112,99,103,-7.443652806145121,0.0,0.9989232354898059,True,0,medium,0.5530794707693413
BraTS-GLI-02285-100,sustraccion,prediction_component,55,28,11008.0,2.4243504549605575e-05,6.647267766690037e-08,1.4142135623730951,1,8.774964387392123,0.16116459280507606,0.7507439778384809,1.5,0,,59,65,95,99,82,87,-7.177356826528449,0.0,0.9997676187382817,True,0,medium,0.5530794707693413
BraTS-GLI-02285-100,sustraccion,prediction_component,56,19,7680.0,2.8230058031136492e-05,9.013135814236922e-08,1.4142135623730951,1,7.54983443527075,0.1873171623163388,0.8543319874271107,1.25,0,,60,64,75,80,30,34,-7.0451240847274565,0.0,0.9999347189956922,True,0,medium,0.5530794707693413
BraTS-GLI-02285-100,sustraccion,prediction_component,57,12,5376.0,3.04433440619409e-05,1.0481829363285631e-07,1.4142135623730951,1,5.830951894845301,0.24253562503633297,0.9957510787676723,1.3333333333333333,0,,60,64,84,87,70,73,-6.979562914580636,0.0,0.9999873098721701,True,0,medium,0.5530794707693413
BraTS-GLI-02285-100,sustraccion,prediction_component,58,64,21504.0,2.0295562707960602e-05,4.6585908281269474e-08,1.4142135623730951,1,13.674794331177344,0.10341753799900383,0.5699252209515996,1.8,0,,60,69,95,104,147,152,-7.331745432691998,0.0,0.9980323432872358,True,0,medium,0.5530794707693413
BraTS-GLI-02285-100,sustraccion,prediction_component,59,68,29440.0,1.3461771178740943e-05,2.0495418084216284e-08,1.4142135623730951,1,18.384776310850235,0.07692307692307693,0.5585236446694171,2.142857142857143,0,,60,75,127,134,30,38,-7.68834321812249,0.0,0.9879472646716747,True,0,medium,0.5530794707693413
BraTS-GLI-02285-100,sustraccion,prediction_component,60,48,17408.0,2.08986349698127e-05,4.9395594205876365e-08,1.4142135623730951,1,11.180339887498949,0.12649110640673517,0.6272838722974592,1.6,0,,61,69,85,91,148,153,-7.306311785841662,0.0,0.9989937757684321,True,0,medium,0.5530794707693413
BraTS-GLI-02285-100,sustraccion,prediction_component,64,16,6656.0,2.9464563572443515e-05,9.818664009850627e-08,1.4142135623730951,1,6.4031242374328485,0.2208630521496931,0.9046998952817776,1.3333333333333333,0,,63,66,94,98,77,81,-7.007947601074732,0.0,0.9999727215274006,True,0,medium,0.5530794707693413
BraTS-GLI-02285-100,sustraccion,prediction_component,65,12,5376.0,3.04433440619409e-05,1.0481829363285631e-07,1.4142135623730951,1,5.830951894845301,0.24253562503633297,0.9957510787676723,1.3333333333333333,0,,63,66,99,103,25,28,-6.979562914580636,0.0,0.9999873098721701,True,0,medium,0.5530794707693413
BraTS-GLI-02285-100,sustraccion,prediction_component,67,27,9984.0,2.7064929842356223e-05,8.284497758311468e-08,1.4142135623730951,1,8.18535277187245,0.17277368511627203,0.7599002946021327,2.3333333333333335,0,,63,66,105,112,150,153,-7.08173381523565,0.0,0.9998705454264866,True,0,medium,0.5530794707693413
BraTS-GLI-02285-100,sustraccion,prediction_component,69,20,7936.0,2.8289645606535866e-05,9.051225550351545e-08,1.4142135623730951,1,7.0710678118654755,0.2,0.8398489863421099,1.6666666666666667,0,,64,69,106,110,26,29,-7.043292612648983,0.0,0.9999453694507522,True,0,medium,0.5530794707693413
BraTS-GLI-02285-100,sustraccion,prediction_component,72,27,9216.0,3.0517578125e-05,1.053301017072355e-07,1.4142135623730951,1,7.54983443527075,0.1873171623163388,0.7599002946021327,1.25,0,,66,70,45,50,90,94,-6.977447496458015,0.0,0.9999316526349219,True,0,medium,0.5530794707693413
BraTS-GLI-02285-100,sustraccion,prediction_component,73,17,8448.0,2.1893644584863748e-05,5.421113507463137e-08,1.4142135623730951,1,7.54983443527075,0.1873171623163388,0.8866010210973454,1.25,0,,66,71,62,66,82,86,-7.265911499351242,0.0,0.9998654673288377,True,0,medium,0.5530794707693413
BraTS-GLI-02285-100,sustraccion,prediction_component,74,17,8448.0,2.1893644584863748e-05,5.421113507463137e-08,1.4142135623730951,1,7.681145747868608,0.1841149235796647,0.8866010210973454,1.6666666666666667,0,,66,69,87,92,94,99,-7.265911499351242,0.0,0.9998578877526196,True,0,medium,0.5530794707693413
BraTS-GLI-02285-100,sustraccion,prediction_component,77,14,6144.0,2.9070414563466808e-05,9.557731451212109e-08,1.4142135623730951,1,6.928203230275509,0.20412414523193154,0.9458781407605124,1.0,0,,67,71,94,98,82,86,-7.019645176252469,0.0,0.999966684186979,True,0,medium,0.5530794707693413
BraTS-GLI-02285-100,sustraccion,prediction_component,78,75,22528.0,2.218080517393741e-05,5.5642545276408676e-08,1.4142135623730951,1,12.884098726725126,0.10976425998969035,0.5405768539900705,1.5,0,,67,76,146,153,42,48,-7.254593012141234,0.0,0.9985476187781188,True,0,medium,0.5530794707693413
BraTS-GLI-02285-100,sustraccion,prediction_component,79,14,6144.0,2.9070414563466808e-05,9.557731451212109e-08,1.4142135623730951,1,6.928203230275509,0.20412414523193154,0.9458781407605124,1.0,0,,68,72,69,73,73,77,-7.019645176252469,0.0,0.999966684186979,True,0,medium,0.5530794707693413
BraTS-GLI-02285-100,sustraccion,prediction_component,80,33,14336.0,1.9225248027496348e-05,4.180192447491962e-08,1.4142135623730951,1,11.532562594670797,0.12262786789699316,0.7107331206052484,2.25,0,,69,75,77,86,149,153,-7.3788037237369535,0.0,0.9989176692576837,True,0,medium,0.5530794707693413
BraTS-GLI-02285-100,sustraccion,prediction_component,82,12,6144.0,2.4917498197257264e-05,7.022006780482366e-08,1.4142135623730951,1,6.4031242374328485,0.2208630521496931,0.9957510787676723,1.3333333333333333,0,,70,74,127,131,83,86,-7.153538755513696,0.0,0.9999647617941148,True,0,medium,0.5530794707693413
BraTS-GLI-02285-100,sustraccion,prediction_component,83,91,22528.0,2.6912710277710724e-05,8.191571865492272e-08,1.7320508075688772,1,11.916375287812984,0.14535047493345277,0.6207399539808366,1.8,0,,70,76,127,136,86,91,-7.086632754282446,0.0,0.9996725482732196,True,0,medium,0.5530794707693413
BraTS-GLI-02285-100,sustraccion,prediction_component,84,17,7168.0,2.8012503667152895e-05,8.874752009735003e-08,1.4142135623730951,1,6.928203230275509,0.20412414523193154,0.8866010210973454,1.0,0,,70,74,137,141,143,147,-7.051843773744237,0.0,0.9999546688380104,True,0,medium,0.5530794707693413
BraTS-GLI-02285-100,sustraccion,prediction_component,87,30,12288.0,2.202416493185523e-05,5.4859427972518485e-08,1.4142135623730951,1,9.486832980505138,0.14907119849998599,0.73367566779705,1.75,0,,71,75,62,69,142,147,-7.260748725161564,0.0,0.9995880243212226,True,0,medium,0.5530794707693413
BraTS-GLI-02285-100,sustraccion,prediction_component,88,14,6912.0,2.4362533060422576e-05,6.712700278491907e-08,1.4142135623730951,1,7.0710678118654755,0.2,0.9458781407605124,1.6666666666666667,0,,71,75,95,100,149,152,-7.1731027435946135,0.0,0.9999365514425618,True,0,medium,0.5530794707693413
BraTS-GLI-02285-100,sustraccion,prediction_component,90,28,12800.0,1.9334951048069658e-05,4.2280345466097984e-08,1.4142135623730951,1,10.344080432788601,0.13671718540493263,0.7507439778384809,2.3333333333333335,0,,72,75,87,94,40,47,-7.373861472797746,0.0,0.9992642287834275,True,0,medium,0.5530794707693413
BraTS-GLI-02285-100,sustraccion,prediction_component,91,12,6144.0,2.4917498197257264e-05,7.022006780482366e-08,1.4142135623730951,1,6.4031242374328485,0.2208630521496931,0.9957510787676723,1.3333333333333333,0,,72,75,97,101,131,135,-7.153538755513696,0.0,0.9999647617941148,True,0,medium,0.5530794707693413
BraTS-GLI-02285-100,sustraccion,prediction_component,92,12,5376.0,3.04433440619409e-05,1.0481829363285631e-07,1.4142135623730951,1,5.830951894845301,0.24253562503633297,0.9957510787676723,1.3333333333333333,0,,72,75,111,114,85,89,-6.979562914580636,0.0,0.9999873098721701,True,0,medium,0.5530794707693413
BraTS-GLI-02285-100,sustraccion,prediction_component,94,148,49664.0,1.3372086354731952e-05,2.022323919121338e-08,1.4142135623730951,1,23.727621035409346,0.05960199550821498,0.4309801776182581,2.111111111111111,0,,73,82,31,42,107,126,-7.694149281474891,0.0,0.9755038983377392,True,0,medium,0.5530794707693413
BraTS-GLI-02285-100,sustraccion,prediction_component,98,45,17408.0,1.9592470284199405e-05,4.341409647000852e-08,1.4142135623730951,1,12.083045973594572,0.11704114719613057,0.6409247308398612,2.25,0,,73,82,101,105,31,38,-7.362369233042149,0.0,0.9986035212366315,True,0,medium,0.5530794707693413
BraTS-GLI-02285-100,sustraccion,prediction_component,99,12,6144.0,2.4917498197257264e-05,7.022006780482366e-08,1.4142135623730951,1,6.4031242374328485,0.2208630521496931,0.9957510787676723,1.3333333333333333,0,,73,76,150,154,132,136,-7.153538755513696,0.0,0.9999647617941148,True,0,medium,0.5530794707693413
BraTS-GLI-02285-100,sustraccion,prediction_component,102,12,5376.0,3.04433440619409e-05,1.0481829363285631e-07,1.4142135623730951,1,5.830951894845301,0.24253562503633297,0.9957510787676723,1.3333333333333333,0,,74,77,156,160,81,84,-6.979562914580636,0.0,0.9999873098721701,True,0,medium,0.5530794707693413
BraTS-GLI-02285-100,sustraccion,prediction_component,103,28,13824.0,1.7226912333906255e-05,3.356350139245953e-08,1.4142135623730951,1,12.12435565298214,0.11664236870396087,0.7507439778384809,1.0,0,,75,82,41,48,51,58,-7.474132739258595,0.0,0.9984918871653143,True,0,medium,0.5530794707693413
BraTS-GLI-02285-100,sustraccion,prediction_component,104,39,14848.0,2.1555726703635086e-05,5.2550603861316227e-08,1.4142135623730951,1,10.677078252031311,0.13245323570650439,0.6722379073420917,1.75,0,,75,82,71,78,147,151,-7.279422289109941,0.0,0.9992870615920106,True,0,medium,0.5530794707693413
BraTS-GLI-02285-100,sustraccion,prediction_component,105,137,46080.0,1.3850066592405924e-05,2.1694822265493586e-08,1.4142135623730951,1,24.20743687382041,0.058420623783698604,0.44221928549796313,2.111111111111111,0,,75,94,97,109,52,61,-7.6636439034712325,0.0,0.9784125443987971,True,0,medium,0.5530794707693413
BraTS-GLI-02285-100,sustraccion,prediction_component,106,21,9984.0,2.1050500988499285e-05,5.011609755027925e-08,1.4142135623730951,1,9.273618495495704,0.15249857033260467,0.8263006657894747,1.2,0,,76,82,105,110,145,150,-7.300022754085787,0.0,0.999664368818673,True,0,medium,0.5530794707693413
BraTS-GLI-02285-100,sustraccion,prediction_component,107,45,18432.0,1.7982655364648118e-05,3.657295198167899e-08,1.4142135623730951,1,14.071247279470288,0.10050378152592122,0.6409247308398612,1.4285714285714286,0,,76,86,131,138,33,40,-7.4368399842172455,0.0,0.997554200887833,True,0,medium,0.5530794707693413
BraTS-GLI-02285-100,sustraccion,prediction_component,109,20,7680.0,2.9715850559091044e-05,9.986854087797143e-08,1.4142135623730951,1,6.928203230275509,0.20412414523193154,0.8398489863421099,1.0,0,,76,80,166,170,85,89,-7.000571295305153,0.0,0.9999566064095123,True,0,medium,0.5530794707693413
BraTS-GLI-02285-100,sustraccion,prediction_component,112,12,5376.0,3.04433440619409e-05,1.0481829363285631e-07,1.4142135623730951,1,5.830951894845301,0.24253562503633297,0.9957510787676723,1.3333333333333333,0,,77,81,133,136,141,144,-6.979562914580636,0.0,0.9999873098721701,True,0,medium,0.5530794707693413
BraTS-GLI-02285-100,sustraccion,prediction_component,113,77,26112.0,1.8248640665499563e-05,3.7662870119166785e-08,1.4142135623730951,1,15.556349186104045,0.09090909090909091,0.5358554176060653,1.7142857142857142,0,,78,85,31,38,66,78,-7.424086587414917,0.0,0.9961728844850855,True,0,medium,0.5530794707693413
BraTS-GLI-02285-100,sustraccion,prediction_component,114,12,6144.0,2.4917498197257264e-05,7.022006780482366e-08,1.4142135623730951,1,6.4031242374328485,0.2208630521496931,0.9957510787676723,1.3333333333333333,0,,78,82,128,132,142,145,-7.153538755513696,0.0,0.9999647617941148,True,0,medium,0.5530794707693413
BraTS-GLI-02285-100,sustraccion,prediction_component,115,12,6144.0,2.4917498197257264e-05,7.022006780482366e-08,1.4142135623730951,1,6.4031242374328485,0.2208630521496931,0.9957510787676723,1.3333333333333333,0,,79,83,60,63,98,102,-7.153538755513696,0.0,0.9999647617941148,True,0,medium,0.5530794707693413
BraTS-GLI-02285-100,sustraccion,prediction_component,118,12,5376.0,3.04433440619409e-05,1.0481829363285631e-07,1.4142135623730951,1,5.830951894845301,0.24253562503633297,0.9957510787676723,1.3333333333333333,0,,80,84,49,52,134,137,-6.979562914580636,0.0,0.9999873098721701,True,0,medium,0.5530794707693413
BraTS-GLI-02285-100,sustraccion,prediction_component,121,56,18688.0,2.1920163483864352e-05,5.434254218465772e-08,1.4142135623730951,1,11.789826122551595,0.11995202878081344,0.5958658900897977,3.0,0,,80,87,169,178,86,89,-7.2648600488230946,0.0,0.9989354222312481,True,0,medium,0.5530794707693413
BraTS-GLI-02285-100,sustraccion,prediction_component,122,16,6656.0,2.9464563572443515e-05,9.818664009850627e-08,1.4142135623730951,1,6.4031242374328485,0.2208630521496931,0.9046998952817776,1.3333333333333333,0,,81,85,30,33,104,108,-7.007947601074732,0.0,0.9999727215274006,True,0,medium,0.5530794707693413
BraTS-GLI-02285-100,sustraccion,prediction_component,125,14,6144.0,2.9070414563466808e-05,9.557731451212109e-08,1.4142135623730951,1,6.928203230275509,0.20412414523193154,0.9458781407605124,1.0,0,,84,88,59,63,96,100,-7.019645176252469,0.0,0.999966684186979,True,0,medium,0.5530794707693413
BraTS-GLI-02285-100,sustraccion,prediction_component,126,398,137728.0,7.786633082805071e-06,6.857278602789404e-09,1.7320508075688772,1,52.23983154643591,0.033155750244509494,0.3795734318094424,3.6923076923076925,0,,84,132,95,111,135,148,-8.16384820532592,0.0,0.7880594216185793,True,0,medium,0.5530794707693413
BraTS-GLI-02285-100,sustraccion,prediction_component,128,27,10240.0,2.6056364997725294e-05,7.678564414457468e-08,1.4142135623730951,1,8.246211251235321,0.17149858514250885,0.7599002946021327,1.5,0,,84,88,159,163,117,123,-7.11471996814004,0.0,0.9998503288263261,True,0,medium,0.5530794707693413
BraTS-GLI-02285-100,sustraccion,prediction_component,129,127,44032.0,1.374520124017816e-05,2.1367542611795205e-08,1.4142135623730951,1,21.0,0.06734350297014739,0.45353411521041165,2.0,0,,85,93,71,87,140,151,-7.670245421284861,0.0,0.9816156725889391,True,0,medium,0.5530794707693413
BraTS-GLI-02285-100,sustraccion,prediction_component,130,21,9984.0,2.1050500988499285e-05,5.011609755027925e-08,1.4142135623730951,1,9.0,0.15713484026367724,0.8263006657894747,1.75,0,,85,92,99,103,29,33,-7.300022754085787,0.0,0.9996899690236437,True,0,medium,0.5530794707693413
BraTS-GLI-02285-100,sustraccion,prediction_component,132,73,25344.0,1.8092980713857938e-05,3.702308584040889e-08,1.4142135623730951,1,13.92838827718412,0.10153461651336192,0.5454692181434626,1.2857142857142858,0,,85,93,130,139,128,135,-7.4315273860258655,0.0,0.9968156494698054,True,0,medium,0.5530794707693413
BraTS-GLI-02285-100,sustraccion,prediction_component,134,12,6144.0,2.4917498197257264e-05,7.022006780482366e-08,1.4142135623730951,1,6.4031242374328485,0.2208630521496931,0.9957510787676723,1.3333333333333333,0,,86,90,97,100,57,61,-7.153538755513696,0.0,0.9999647617941148,True,0,medium,0.5530794707693413
BraTS-GLI-02285-100,sustraccion,prediction_component,135,101,42752.0,1.1425802665072368e-05,1.4764740271901805e-08,1.4142135623730951,1,23.706539182259394,0.05965499862718937,0.4895203413233883,1.7777777777777777,0,,86,95,86,102,114,129,-7.830774188351592,0.0,0.966428288948958,True,0,medium,0.5530794707693413
BraTS-GLI-02285-100,sustraccion,prediction_component,136,121,46080.0,1.223254056701545e-05,1.6923325312434948e-08,1.4142135623730951,1,23.108440016582687,0.06119900613621046,0.46090994345806385,2.4285714285714284,0,,86,93,100,114,122,139,-7.771514297151145,0.0,0.971176462214134,True,0,medium,0.5530794707693413
BraTS-GLI-02285-100,sustraccion,prediction_component,137,52,20224.0,1.8080180369904955e-05,3.697071850512301e-08,1.4142135623730951,1,12.884098726725126,0.10976425998969035,0.6107686723568493,1.5,0,,87,94,87,96,49,55,-7.432142109075854,0.0,0.997743262458433,True,0,medium,0.5530794707693413
BraTS-GLI-02285-100,sustraccion,prediction_component,138,52,19712.0,1.87891575433149e-05,3.992702845368756e-08,1.4142135623730951,1,12.449899597988733,0.11359236684941297,0.6107686723568493,1.8,0,,87,96,94,99,142,149,-7.398733010721975,0.0,0.9981338156683658,True,0,medium,0.5530794707693413
BraTS-GLI-02285-100,sustraccion,prediction_component,139,55,22272.0,1.6547175101045797e-05,3.0967068776483617e-08,1.4142135623730951,1,12.206555615733702,0.11585688927269847,0.5994555302303142,1.3333333333333333,0,,87,94,115,123,139,145,-7.509099901341496,0.0,0.9971917905898244,True,0,medium,0.5530794707693413
BraTS-GLI-02285-100,sustraccion,prediction_component,143,12,6144.0,2.4917498197257264e-05,7.022006780482366e-08,1.4142135623730951,1,6.4031242374328485,0.2208630521496931,0.9957510787676723,1.3333333333333333,0,,89,93,107,111,32,35,-7.153538755513696,0.0,0.9999647617941148,True,0,medium,0.5530794707693413
BraTS-GLI-02285-100,sustraccion,prediction_component,146,54,25344.0,1.3383848747237377e-05,2.025883248463733e-08,1.4142135623730951,1,16.34013463836819,0.0865484644815831,0.6031332635211851,1.8571428571428572,0,,90,97,33,40,104,117,-7.69338558662084,0.0,0.9909280434631301,True,0,medium,0.5530794707693413
BraTS-GLI-02285-100,sustraccion,prediction_component,148,14,6144.0,2.9070414563466808e-05,9.557731451212109e-08,1.4142135623730951,1,6.928203230275509,0.20412414523193154,0.9458781407605124,1.0,0,,90,94,89,93,122,126,-7.019645176252469,0.0,0.999966684186979,True,0,medium,0.5530794707693413
BraTS-GLI-02285-100,sustraccion,prediction_component,149,21,9984.0,2.1050500988499285e-05,5.011609755027925e-08,1.4142135623730951,1,9.273618495495704,0.15249857033260467,0.8263006657894747,1.2,0,,90,95,130,135,45,51,-7.300022754085787,0.0,0.999664368818673,True,0,medium,0.5530794707693413
BraTS-GLI-02285-100,sustraccion,prediction_component,152,55,20224.0,1.9123267698937934e-05,4.135962406730662e-08,1.4142135623730951,1,13.45362404707371,0.10511766624552735,0.5994555302303142,1.5,0,,91,99,131,140,138,144,-7.383423417356965,0.0,0.99788869955643,True,0,medium,0.5530794707693413
BraTS-GLI-02285-100,sustraccion,prediction_component,155,61,23808.0,1.6605251747982806e-05,3.118482432672046e-08,1.4142135623730951,1,15.297058540778355,0.09245003270420485,0.5791191452117007,3.25,0,,92,96,101,108,31,44,-7.506056698114399,0.0,0.9955867201322007,True,0,medium,0.5530794707693413
BraTS-GLI-02285-100,sustraccion,prediction_component,156,32,13824.0,1.968789981017858e-05,4.3838042635049187e-08,1.4142135623730951,1,10.44030650891055,0.13545709229571928,0.7180607827429069,2.6666666666666665,0,,92,98,127,135,38,41,-7.358148845303221,0.0,0.9992138482958194,True,0,medium,0.5530794707693413
BraTS-GLI-02285-100,sustraccion,prediction_component,160,184,52736.0,1.5193472512806438e-05,2.6107570680692723e-08,2.23606797749979,1,20.97617696340303,0.10660035817780522,0.6337363199300691,1.4,1,,93,107,178,188,80,92,-7.583233537562515,0.6931471805599453,0.9949126954216765,True,0,medium,0.5530794707693413
BraTS-GLI-02285-100,sustraccion,prediction_component,164,14,6144.0,2.9070414563466808e-05,9.557731451212109e-08,1.4142135623730951,1,6.928203230275509,0.20412414523193154,0.9458781407605124,1.0,0,,94,98,136,140,124,128,-7.019645176252469,0.0,0.999966684186979,True,0,medium,0.5530794707693413
BraTS-GLI-02285-100,sustraccion,prediction_component,171,20,7936.0,2.8289645606535866e-05,9.051225550351545e-08,1.4142135623730951,1,7.0710678118654755,0.2,0.8398489863421099,1.6666666666666667,0,,97,102,72,76,90,93,-7.043292612648983,0.0,0.9999453694507522,True,0,medium,0.5530794707693413
BraTS-GLI-02285-100,sustraccion,prediction_component,173,17,6912.0,2.9583075859084555e-05,9.897808063694699e-08,1.4142135623730951,1,6.557438524302,0.21566554640687685,0.8866010210973454,1.6666666666666667,0,,97,102,113,116,33,36,-7.004460972194542,0.0,0.9999688342840773,True,0,medium,0.5530794707693413
BraTS-GLI-02285-100,sustraccion,prediction_component,174,14,6144.0,2.9070414563466808e-05,9.557731451212109e-08,1.4142135623730951,1,6.928203230275509,0.20412414523193154,0.9458781407605124,1.0,0,,97,101,130,134,35,39,-7.019645176252469,0.0,0.999966684186979,True,0,medium,0.5530794707693413
BraTS-GLI-02285-100,sustraccion,prediction_component,175,29,12288.0,2.129002610079339e-05,5.126308769432005e-08,1.4142135623730951,1,8.774964387392123,0.16116459280507606,0.742013605090188,1.5,0,,97,103,130,135,117,121,-7.290195238802977,0.0,0.9996358112353156,True,0,medium,0.5530794707693413
BraTS-GLI-02285-100,sustraccion,prediction_component,177,254,75776.0,1.2176884930968454e-05,1.676968008248279e-08,1.7320508075688772,1,23.895606290697042,0.07248407035577889,0.44087173688495895,1.3636363636363635,0,,98,113,56,71,136,147,-7.7754752224110675,0.0,0.9742258681363982,True,0,medium,0.5530794707693413
BraTS-GLI-02285-100,sustraccion,prediction_component,178,12,5376.0,3.04433440619409e-05,1.0481829363285631e-07,1.4142135623730951,1,5.830951894845301,0.24253562503633297,0.9957510787676723,1.3333333333333333,0,,98,101,105,108,121,125,-6.979562914580636,0.0,0.9999873098721701,True,0,medium,0.5530794707693413
BraTS-GLI-02285-100,sustraccion,prediction_component,181,24,11520.0,1.9410312304685675e-05,4.261057744126781e-08,1.4142135623730951,1,9.38083151964686,0.15075567228888181,0.7903281549671363,1.5,0,,99,105,132,136,55,61,-7.3704825803769465,0.0,0.9994958288916805,True,0,medium,0.5530794707693413
BraTS-GLI-02285-100,sustraccion,prediction_component,182,12,6144.0,2.4917498197257264e-05,7.022006780482366e-08,1.4142135623730951,1,6.4031242374328485,0.2208630521496931,0.9957510787676723,1.3333333333333333,0,,99,103,139,142,120,124,-7.153538755513696,0.0,0.9999647617941148,True,0,medium,0.5530794707693413
BraTS-GLI-02285-100,sustraccion,prediction_component,183,21,11520.0,1.6984023266599966e-05,3.262372335347067e-08,1.4142135623730951,1,9.486832980505138,0.14907119849998599,0.8263006657894747,1.75,0,,100,104,125,130,54,61,-7.48646647433232,0.0,0.9992857473409105,True,0,medium,0.5530794707693413
BraTS-GLI-02285-100,sustraccion,prediction_component,186,12,5376.0,3.04433440619409e-05,1.0481829363285631e-07,1.4142135623730951,1,5.830951894845301,0.24253562503633297,0.9957510787676723,1.3333333333333333,0,,101,105,145,148,137,140,-6.979562914580636,0.0,0.9999873098721701,True,0,medium,0.5530794707693413
BraTS-GLI-02285-100,sustraccion,prediction_component,188,196,64000.0,1.2105594167832077e-05,1.6573895422710412e-08,1.4142135623730951,1,28.337254630609507,0.04990651285059497,0.39245738926710183,1.1333333333333333,0,,102,119,70,85,131,148,-7.780575405777288,0.0,0.9557853739278419,True,0,medium,0.5530794707693413
BraTS-GLI-02285-100,sustraccion,prediction_component,189,13,6912.0,2.2622352127535248e-05,5.7879915666588376e-08,1.4142135623730951,1,6.557438524302,0.21566554640687685,0.9695348330084831,1.6666666666666667,0,,103,106,88,91,138,143,-7.237472110337416,0.0,0.9999427284812719,True,0,medium,0.5530794707693413
BraTS-GLI-02285-100,sustraccion,prediction_component,191,14,7680.0,2.080109539136373e-05,4.8935585030206e-08,1.4142135623730951,1,8.246211251235321,0.17149858514250885,0.9458781407605124,1.5,0,,103,109,121,125,45,49,-7.310375215276639,0.0,0.9998273698850985,True,0,medium,0.5530794707693413
BraTS-GLI-02285-100,sustraccion,prediction_component,194,39,15616.0,1.998526478204623e-05,4.5172298212577845e-08,1.4142135623730951,1,11.180339887498949,0.12649110640673517,0.6722379073420917,1.6,0,,104,109,86,94,86,92,-7.345127813453431,0.0,0.9989909439789483,True,0,medium,0.5530794707693413
BraTS-GLI-02285-100,sustraccion,prediction_component,197,51,13056.0,3.418652548896508e-05,1.32178951162021e-07,1.7320508075688772,1,8.12403840463596,0.21320071635561041,0.7528933105024771,1.25,0,,106,111,43,47,103,108,-6.878837698572064,0.0,0.999968964774973,True,0,medium,0.5530794707693413
BraTS-GLI-02285-100,sustraccion,prediction_component,199,14,6912.0,2.4362533060422576e-05,6.712700278491907e-08,1.4142135623730951,1,7.0710678118654755,0.2,0.9458781407605124,1.6666666666666667,0,,106,110,113,118,106,109,-7.1731027435946135,0.0,0.9999365514425618,True,0,medium,0.5530794707693413
BraTS-GLI-02285-100,sustraccion,prediction_component,200,45,20736.0,1.5070408950617283e-05,2.5686353106474132e-08,1.4142135623730951,1,15.811388300841896,0.0894427190999916,0.6409247308398612,2.4,0,,107,112,178,187,64,76,-7.59029755155939,0.0,0.9947692549905645,True,0,medium,0.5530794707693413
BraTS-GLI-02285-100,sustraccion,prediction_component,201,313,89856.0,1.1620470563316183e-05,1.5272136716663112e-08,2.23606797749979,1,35.32704346531139,0.06329621044272916,0.5308841501444937,3.5,2,,108,128,95,123,84,92,-7.816100196778703,1.0986122886681098,0.960113309950944,True,0,medium,0.5530794707693413
BraTS-GLI-02285-100,sustraccion,prediction_component,202,16,6656.0,2.9464563572443515e-05,9.818664009850627e-08,1.4142135623730951,1,6.4031242374328485,0.2208630521496931,0.9046998952817776,1.3333333333333333,0,,108,112,118,122,142,145,-7.007947601074732,0.0,0.9999727215274006,True,0,medium,0.5530794707693413
BraTS-GLI-02285-100,sustraccion,prediction_component,203,14,7680.0,2.080109539136373e-05,4.8935585030206e-08,1.4142135623730951,1,7.54983443527075,0.1873171623163388,0.9458781407605124,1.25,0,,108,113,177,181,114,118,-7.310375215276639,0.0,0.9998683165549729,True,0,medium,0.5530794707693413
BraTS-GLI-02285-100,sustraccion,prediction_component,204,23,9728.0,2.3971350007758136e-05,6.498862668392194e-08,1.4142135623730951,1,8.246211251235321,0.17149858514250885,0.8016200827808712,1.5,0,,108,114,183,187,80,84,-7.1871626402893725,0.0,0.9998280565993584,True,0,medium,0.5530794707693413
BraTS-GLI-02285-100,sustraccion,prediction_component,206,160,57600.0,1.1574074074074073e-05,1.5150427534672998e-08,1.4142135623730951,1,29.34280150224242,0.04819626927118799,0.41992449317105496,2.0,0,,109,128,160,170,45,65,-7.819575111496365,0.0,0.9519080643667233,True,0,medium,0.5530794707693413
BraTS-GLI-02285-100,sustraccion,prediction_component,207,12,6144.0,2.4917498197257264e-05,7.022006780482366e-08,1.4142135623730951,1,6.4031242374328485,0.2208630521496931,0.9957510787676723,1.3333333333333333,0,,111,114,159,163,130,134,-7.153538755513696,0.0,0.9999647617941148,True,0,medium,0.5530794707693413
BraTS-GLI-02285-100,sustraccion,prediction_component,209,142,54272.0,1.123115976050832e-05,1.4265979102377779e-08,1.4142135623730951,1,30.01666203960727,0.04711428474315455,0.4369667780755985,2.4,0,,111,135,170,185,94,104,-7.845698416494269,0.0,0.9489776852688283,True,0,medium,0.5530794707693413
BraTS-GLI-02285-100,sustraccion,prediction_component,214,12,5376.0,3.04433440619409e-05,1.0481829363285631e-07,1.4142135623730951,1,5.830951894845301,0.24253562503633297,0.9957510787676723,1.3333333333333333,0,,114,117,158,161,81,85,-6.979562914580636,0.0,0.9999873098721701,True,0,medium,0.5530794707693413
BraTS-GLI-02285-100,sustraccion,prediction_component,215,27,11776.0,2.112842230055952e-05,5.04878074428041e-08,1.4142135623730951,1,10.04987562112089,0.1407195089460584,0.7599002946021327,1.75,0,,115,121,110,117,142,146,-7.296813489200875,0.0,0.9994994772006602,True,0,medium,0.5530794707693413
BraTS-GLI-02285-100,sustraccion,prediction_component,217,184,67328.0,1.05323250115099e-05,1.2545872744351263e-08,1.4142135623730951,1,33.18132004607411,0.042620774592734126,0.40081004139043563,1.375,0,,116,132,155,174,107,129,-7.901499121924329,0.0,0.9257507459474709,True,0,medium,0.5530794707693413
BraTS-GLI-02285-100,sustraccion,prediction_component,219,31,14080.0,1.855486127162687e-05,3.8937476035472945e-08,1.4142135623730951,1,10.246950765959598,0.13801311186847084,0.7257003006213092,2.0,0,,119,127,146,150,45,50,-7.4096322032883135,0.0,0.9991097016183497,True,0,medium,0.5530794707693413
BraTS-GLI-02285-100,sustraccion,prediction_component,222,16,6656.0,2.9464563572443515e-05,9.818664009850627e-08,1.4142135623730951,1,6.4031242374328485,0.2208630521496931,0.9046998952817776,1.3333333333333333,0,,120,124,77,80,98,102,-7.007947601074732,0.0,0.9999727215274006,True,0,medium,0.5530794707693413
BraTS-GLI-02285-100,sustraccion,prediction_component,223,12,6144.0,2.4917498197257264e-05,7.022006780482366e-08,1.4142135623730951,1,6.4031242374328485,0.2208630521496931,0.9957510787676723,1.3333333333333333,0,,120,124,178,181,71,75,-7.153538755513696,0.0,0.9999647617941148,True,0,medium,0.5530794707693413
BraTS-GLI-02285-100,sustraccion,prediction_component,225,40,16896.0,1.821311123628858e-05,3.7516356453032095e-08,1.4142135623730951,1,13.674794331177344,0.10341753799900383,0.6665885822069456,1.8,0,,121,130,140,145,126,135,-7.425779346443809,0.0,0.9979408204944705,True,0,medium,0.5530794707693413
BraTS-GLI-02285-100,sustraccion,prediction_component,226,19,9984.0,1.9045691370546972e-05,4.102474198560274e-08,1.4142135623730951,1,8.774964387392123,0.16116459280507606,0.8543319874271107,1.5,0,,121,127,154,158,49,54,-7.386954141647967,0.0,0.9996335496423974,True,0,medium,0.5530794707693413
BraTS-GLI-02285-100,sustraccion,prediction_component,233,19,8448.0,2.446936747720066e-05,6.771702339772293e-08,1.4142135623730951,1,8.12403840463596,0.17407765595569785,0.8543319874271107,1.25,0,,126,130,78,83,44,49,-7.169302140202132,0.0,0.999869749706771,True,0,medium,0.5530794707693413
BraTS-GLI-02285-100,sustraccion,prediction_component,234,29,12800.0,2.0025485014072147e-05,4.535429915432194e-08,1.4142135623730951,1,11.090536506409418,0.12751534261266767,0.742013605090188,1.4,0,,127,134,104,109,135,142,-7.343381539684271,0.0,0.9992099591557123,True,0,medium,0.5530794707693413
BraTS-GLI-02285-100,sustraccion,prediction_component,236,12,6144.0,2.4917498197257264e-05,7.022006780482366e-08,1.4142135623730951,1,6.4031242374328485,0.2208630521496931,0.9957510787676723,1.3333333333333333,0,,127,131,122,125,81,85,-7.153538755513696,0.0,0.9999647617941148,True,0,medium,0.5530794707693413
BraTS-GLI-02285-100,sustraccion,prediction_component,239,12,6144.0,2.4917498197257264e-05,7.022006780482366e-08,1.4142135623730951,1,6.4031242374328485,0.2208630521496931,0.9957510787676723,1.3333333333333333,0,,130,134,78,81,49,53,-7.153538755513696,0.0,0.9999647617941148,True,0,medium,0.5530794707693413
BraTS-GLI-02285-100,sustraccion,prediction_component,242,17,6912.0,2.9583075859084555e-05,9.897808063694699e-08,1.4142135623730951,1,6.557438524302,0.21566554640687685,0.8866010210973454,1.6666666666666667,0,,131,134,127,132,49,52,-7.004460972194542,0.0,0.9999688342840773,True,0,medium,0.5530794707693413
BraTS-GLI-02285-100,sustraccion,prediction_component,243,30,12288.0,2.202416493185523e-05,5.4859427972518485e-08,1.4142135623730951,1,9.38083151964686,0.15075567228888181,0.73367566779705,1.5,0,,131,137,144,150,114,118,-7.260748725161564,0.0,0.9995997296249389,True,0,medium,0.5530794707693413
BraTS-GLI-02285-100,sustraccion,prediction_component,244,276,85760.0,1.0989600969234655e-05,1.3658915570588769e-08,1.7320508075688772,1,32.202484376209235,0.05378624789733593,0.4288319515447246,1.5,0,,132,146,95,115,115,136,-7.864583779454228,0.0,0.9498361810204782,True,0,medium,0.5530794707693413
BraTS-GLI-02285-100,sustraccion,prediction_component,245,14,7680.0,2.080109539136373e-05,4.8935585030206e-08,1.4142135623730951,1,7.54983443527075,0.1873171623163388,0.9458781407605124,1.25,0,,132,137,119,123,46,50,-7.310375215276639,0.0,0.9998683165549729,True,0,medium,0.5530794707693413
BraTS-GLI-02285-100,sustraccion,prediction_component,246,24,11520.0,1.9410312304685675e-05,4.261057744126781e-08,1.4142135623730951,1,10.04987562112089,0.1407195089460584,0.7903281549671363,1.75,0,,132,138,134,138,117,124,-7.3704825803769465,0.0,0.9994013806644726,True,0,medium,0.5530794707693413
BraTS-GLI-02285-100,sustraccion,prediction_component,248,12,6144.0,2.4917498197257264e-05,7.022006780482366e-08,1.4142135623730951,1,6.4031242374328485,0.2208630521496931,0.9957510787676723,1.3333333333333333,0,,133,137,155,158,107,111,-7.153538755513696,0.0,0.9999647617941148,True,0,medium,0.5530794707693413
BraTS-GLI-02285-100,sustraccion,prediction_component,250,19,9216.0,2.147533275462963e-05,5.2159350776834036e-08,1.4142135623730951,1,8.774964387392123,0.16116459280507606,0.8543319874271107,1.5,0,,135,141,123,127,52,57,-7.282667822870332,0.0,0.9997518194144487,True,0,medium,0.5530794707693413
BraTS-GLI-02285-100,sustraccion,prediction_component,251,120,44032.0,1.2987591723002986e-05,1.907698019777115e-08,1.4142135623730951,1,23.194827009486403,0.060971076084969246,0.4621867088265907,1.25,0,,137,152,129,141,103,116,-7.719490371101525,0.0,0.9761520873886997,True,0,medium,0.5530794707693413
BraTS-GLI-02285-100,sustraccion,prediction_component,253,28,12032.0,2.1215403517396566e-05,5.0904358217950245e-08,1.4142135623730951,1,9.38083151964686,0.15075567228888181,0.7507439778384809,1.5,0,,138,142,86,92,119,125,-7.2932450335968415,0.0,0.9995718120970138,True,0,medium,0.5530794707693413
BraTS-GLI-02285-100,sustraccion,prediction_component,254,77,29952.0,1.4854292948350223e-05,2.4954929232855096e-08,1.4142135623730951,1,19.026297590440446,0.07432941462471665,0.5358554176060653,3.2,0,,138,147,99,104,51,67,-7.602843657367649,0.0,0.9901442057984227,True,0,medium,0.5530794707693413
BraTS-GLI-02285-100,sustraccion,prediction_component,255,66,21760.0,2.05615381089604e-05,4.781493519128832e-08,1.4142135623730951,1,12.206555615733702,0.11585688927269847,0.5641092516587063,1.3333333333333333,0,,138,145,151,157,97,105,-7.320436428533268,0.0,0.9984465953462683,True,0,medium,0.5530794707693413
BraTS-GLI-02285-100,sustraccion,prediction_component,256,17,7168.0,2.8012503667152895e-05,8.874752009735003e-08,1.4142135623730951,1,6.928203230275509,0.20412414523193154,0.8866010210973454,1.0,0,,138,142,158,162,92,96,-7.051843773744237,0.0,0.9999546688380104,True,0,medium,0.5530794707693413
BraTS-GLI-02285-100,sustraccion,prediction_component,258,74,27136.0,1.6554382051158414e-05,3.099404942059937e-08,1.4142135623730951,1,18.57417562100671,0.07613869876268811,0.5430009978686747,2.0,0,,141,151,127,134,63,77,-7.508721678806486,0.0,0.9934075094417832,True,0,medium,0.5530794707693413
BraTS-GLI-02285-100,sustraccion,prediction_component,259,36,15104.0,1.939387246470165e-05,4.253842873908696e-08,1.4142135623730951,1,11.661903789690601,0.12126781251816648,0.6904152369103725,1.3333333333333333,0,,142,150,137,143,97,103,-7.371218555865986,0.0,0.9988516953079437,True,0,medium,0.5530794707693413
BraTS-GLI-02285-100,sustraccion,prediction_component,261,152,43008.0,1.7041966897319952e-05,3.284670486237945e-08,1.7320508075688772,1,22.090722034374522,0.0784062560233975,0.5231693600335686,2.25,0,,146,154,111,121,98,116,-7.483508191762171,0.0,0.9938522807471413,True,0,medium,0.5530794707693413
BraTS-GLI-02285-100,sustraccion,prediction_component,262,70,26112.0,1.658967333227233e-05,3.112633894146016e-08,1.4142135623730951,1,17.97220075561143,0.07868894753646338,0.5531528923543089,1.2222222222222223,0,,147,156,101,112,68,79,-7.5068719577313665,0.0,0.993927609157121,True,0,medium,0.5530794707693413
BraTS-GLI-02285-100,sustraccion,prediction_component,263,12,5376.0,3.04433440619409e-05,1.0481829363285631e-07,1.4142135623730951,1,5.830951894845301,0.24253562503633297,0.9957510787676723,1.3333333333333333,0,,148,152,131,134,87,90,-6.979562914580636,0.0,0.9999873098721701,True,0,medium,0.5530794707693413
BraTS-GLI-02285-100,sustraccion,prediction_component,264,27,11776.0,2.112842230055952e-05,5.04878074428041e-08,1.4142135623730951,1,9.797958971132712,0.14433756729740646,0.7599002946021327,2.0,0,,151,155,102,110,96,100,-7.296813489200875,0.0,0.9995295229148754,True,0,medium,0.5530794707693413
BraTS-GLI-02285-100,gmm_2d,prediction_component,1,832,182016.0,1.0714180959943676e-05,1.2982858624569947e-08,2.449489742783178,1,33.76388603226827,0.07254762501100115,0.4198208976196248,1.375,7,,13,29,94,114,60,82,-7.886629672081979,2.0794415416798357,0.9123746629025034,True,0,medium,0.5530794707693413
BraTS-GLI-02285-100,gmm_2d,prediction_component,2,38,13824.0,2.3379381024587062e-05,6.181848980958109e-08,1.7320508075688772,1,9.848857801796104,0.17586311452816475,0.8304795924748166,1.2,0,,15,21,101,106,82,88,-7.2088816087094125,0.0,0.9998420452008846,True,0,medium,0.5530794707693413
BraTS-GLI-02285-100,gmm_2d,prediction_component,3,83,29952.0,1.601177032094894e-05,2.8995531706044654e-08,1.7320508075688772,1,14.142135623730951,0.1224744871391589,0.6400749038798939,1.6666666666666667,0,,16,24,92,98,87,97,-7.5376689229604645,0.0,0.9975456862687501,True,0,medium,0.5530794707693413
BraTS-GLI-02285-100,gmm_2d,prediction_component,4,85,25344.0,2.1067169324355132e-05,5.019549543947349e-08,1.7320508075688772,1,13.45362404707371,0.12874232262686236,0.6350148115649618,1.5,0,,16,24,95,101,101,110,-7.299335254838192,0.0,0.9990794594032317,True,0,medium,0.5530794707693413
BraTS-GLI-02285-100,gmm_2d,prediction_component,5,46,15616.0,2.357236358908017e-05,6.284324984734695e-08,1.7320508075688772,1,10.488088481701515,0.1651445647689541,0.7792393700163133,1.4,0,,17,23,96,101,115,122,-7.20174136414328,0.0,0.9997827120276648,True,0,medium,0.5530794707693413
BraTS-GLI-02285-100,gmm_2d,prediction_component,6,25,9984.0,2.5060120224403912e-05,7.102621534903521e-08,1.7320508075688772,1,8.660254037844387,0.19999999999999996,0.9548683406603533,1.0,0,,18,23,77,82,90,95,-7.14858132620955,0.0,0.999943732308326,True,0,medium,0.5530794707693413
BraTS-GLI-02285-100,gmm_2d,prediction_component,7,109,40704.0,1.327305406767113e-05,1.9924805950065802e-08,1.7320508075688772,1,19.4164878389476,0.08920515501750788,0.5844957143222587,1.625,0,,19,27,80,92,116,129,-7.700605899554235,0.0,0.9905566295965933,True,0,medium,0.5530794707693413
BraTS-GLI-02285-100,gmm_2d,prediction_component,8,100,34048.0,1.5917050368672903e-05,2.865349184452626e-08,1.7320508075688772,1,17.0,0.10188534162169866,0.6015293611380839,1.5,0,,19,27,90,102,119,128,-7.542822445375385,0.0,0.9959851460806144,True,0,medium,0.5530794707693413
BraTS-GLI-02285-100,gmm_2d,prediction_component,9,164,55296.0,1.2612560815895653e-05,1.7991149821659592e-08,1.7320508075688772,1,19.1049731745428,0.09065968278232492,0.5100846029725161,1.2,0,,19,30,100,112,104,114,-7.744941079831524,0.0,0.9863006409458259,True,0,medium,0.5530794707693413
BraTS-GLI-02285-100,gmm_2d,prediction_component,10,51,16384.0,2.4318695068359375e-05,6.688564319836902e-08,1.7320508075688772,1,10.488088481701515,0.1651445647689541,0.7528933105024771,1.4,0,,20,25,70,76,63,70,-7.1746670922299165,0.0,0.9997865484491313,True,0,medium,0.5530794707693413
BraTS-GLI-02285-100,gmm_2d,prediction_component,11,25,9984.0,2.5060120224403912e-05,7.102621534903521e-08,1.7320508075688772,1,8.660254037844387,0.19999999999999996,0.9548683406603533,1.0,0,,20,25,87,92,93,98,-7.14858132620955,0.0,0.999943732308326,True,0,medium,0.5530794707693413
BraTS-GLI-02285-100,gmm_2d,prediction_component,12,25,9984.0,2.5060120224403912e-05,7.102621534903521e-08,1.7320508075688772,1,8.660254037844387,0.19999999999999996,0.9548683406603533,1.0,0,,21,26,95,100,48,53,-7.14858132620955,0.0,0.999943732308326,True,0,medium,0.5530794707693413
BraTS-GLI-02285-100,gmm_2d,prediction_component,13,25,9984.0,2.5060120224403912e-05,7.102621534903521e-08,1.7320508075688772,1,8.660254037844387,0.19999999999999996,0.9548683406603533,1.0,0,,22,27,65,70,71,76,-7.14858132620955,0.0,0.999943732308326,True,0,medium,0.5530794707693413
BraTS-GLI-02285-100,gmm_2d,prediction_component,14,455,118784.0,1.1114104549876061e-05,1.3970158361569526e-08,2.23606797749979,1,24.919871588754223,0.08973031700969426,0.4686450919120993,1.2307692307692308,2,,22,35,62,76,84,100,-7.854798670824545,1.0986122886681098,0.9641490750541925,True,0,medium,0.5530794707693413
BraTS-GLI-02285-100,gmm_2d,prediction_component,15,103,34560.0,1.6031590979430458e-05,2.90673621447023e-08,1.7320508075688772,1,16.792855623746664,0.10314212462587934,0.5956316346630701,1.8571428571428572,0,,22,35,81,88,85,93,-7.536594378548801,0.0,0.9960882839247567,True,0,medium,0.5530794707693413
BraTS-GLI-02285-100,gmm_2d,prediction_component,16,51,16384.0,2.4318695068359375e-05,6.688564319836902e-08,1.7320508075688772,1,10.488088481701515,0.1651445647689541,0.7528933105024771,1.4,0,,22,29,88,94,83,88,-7.1746670922299165,0.0,0.9997865484491313,True,0,medium,0.5530794707693413
BraTS-GLI-02285-100,gmm_2d,prediction_component,17,82347,17623552.0,1.1130319100023716e-06,1.4010950684345436e-10,5.656854249492381,4,225.21989254948153,0.02511702756562479,0.209598706564963,1.4339622641509433,273,,22,150,37,189,28,134,-9.853532395552378,5.6131281063880705,0.0003856637276825247,False,0,medium,0.5530794707693413
BraTS-GLI-02285-100,gmm_2d,prediction_component,18,49,19200.0,1.8418074993679468e-05,3.836549866368151e-08,1.7320508075688772,1,11.445523142259598,0.15132998169159548,0.7630004670288211,1.8,0,,22,31,108,113,79,84,-7.4160591525922,0.0,0.9993546433701875,True,0,medium,0.5530794707693413
BraTS-GLI-02285-100,gmm_2d,prediction_component,19,25,9984.0,2.5060120224403912e-05,7.102621534903521e-08,1.7320508075688772,1,8.660254037844387,0.19999999999999996,0.9548683406603533,1.0,0,,23,28,91,96,109,114,-7.14858132620955,0.0,0.999943732308326,True,0,medium,0.5530794707693413
BraTS-GLI-02285-100,gmm_2d,prediction_component,20,81,24320.0,2.135697124766074e-05,5.1585981661787444e-08,1.7320508075688772,1,12.884098726725126,0.13443321448446624,0.6453002363415847,1.5,0,,24,30,92,101,126,133,-7.287468300583371,0.0,0.9992266160778946,True,0,medium,0.5530794707693413
BraTS-GLI-02285-100,gmm_2d,prediction_component,21,72,21248.0,2.3246384128087656e-05,6.111716395094635e-08,1.7320508075688772,1,12.206555615733702,0.14189513095212064,0.6711392913128504,1.3333333333333333,0,,26,32,80,88,44,51,-7.213836806739812,0.0,0.9995235717593183,True,0,medium,0.5530794707693413
BraTS-GLI-02285-100,gmm_2d,prediction_component,22,38,12544.0,2.7047649416909622e-05,8.273922157753891e-08,1.7320508075688772,1,9.273618495495704,0.18677184190940707,0.8304795924748166,1.2,0,,26,31,86,91,114,120,-7.082288569326049,0.0,0.9999183504971614,True,0,medium,0.5530794707693413
BraTS-GLI-02285-100,gmm_2d,prediction_component,23,25,9984.0,2.5060120224403912e-05,7.102621534903521e-08,1.7320508075688772,1,8.660254037844387,0.19999999999999996,0.9548683406603533,1.0,0,,26,31,99,104,54,59,-7.14858132620955,0.0,0.999943732308326,True,0,medium,0.5530794707693413
BraTS-GLI-02285-100,gmm_2d,prediction_component,24,25,9984.0,2.5060120224403912e-05,7.102621534903521e-08,1.7320508075688772,1,8.660254037844387,0.19999999999999996,0.9548683406603533,1.0,0,,26,31,107,112,55,60,-7.14858132620955,0.0,0.999943732308326,True,0,medium,0.5530794707693413
BraTS-GLI-02285-100,gmm_2d,prediction_component,25,25,9984.0,2.5060120224403912e-05,7.102621534903521e-08,1.7320508075688772,1,8.660254037844387,0.19999999999999996,0.9548683406603533,1.0,0,,28,33,72,77,127,132,-7.14858132620955,0.0,0.999943732308326,True,0,medium,0.5530794707693413
BraTS-GLI-02285-100,gmm_2d,prediction_component,26,50,18688.0,1.95715745391646e-05,4.332154192016719e-08,1.7320508075688772,1,11.74734012447073,0.14744195615489714,0.757879504227687,1.6,0,,29,34,58,65,78,86,-7.3632960941634575,0.0,0.9994244023643076,True,0,medium,0.5530794707693413
BraTS-GLI-02285-100,gmm_2d,prediction_component,27,25,9984.0,2.5060120224403912e-05,7.102621534903521e-08,1.7320508075688772,1,8.660254037844387,0.19999999999999996,0.9548683406603533,1.0,0,,30,35,89,94,81,86,-7.14858132620955,0.0,0.999943732308326,True,0,medium,0.5530794707693413
BraTS-GLI-02285-100,gmm_2d,prediction_component,28,25,9984.0,2.5060120224403912e-05,7.102621534903521e-08,1.7320508075688772,1,8.660254037844387,0.19999999999999996,0.9548683406603533,1.0,0,,31,36,91,96,132,137,-7.14858132620955,0.0,0.999943732308326,True,0,medium,0.5530794707693413
BraTS-GLI-02285-100,gmm_2d,prediction_component,29,25,9984.0,2.5060120224403912e-05,7.102621534903521e-08,1.7320508075688772,1,8.660254037844387,0.19999999999999996,0.9548683406603533,1.0,0,,32,37,62,67,84,89,-7.14858132620955,0.0,0.999943732308326,True,0,medium,0.5530794707693413
BraTS-GLI-02285-100,gmm_2d,prediction_component,30,38,13824.0,2.3379381024587062e-05,6.181848980958109e-08,1.7320508075688772,1,9.848857801796104,0.17586311452816475,0.8304795924748166,1.2,0,,32,38,98,104,44,49,-7.2088816087094125,0.0,0.9998420452008846,True,0,medium,0.5530794707693413
BraTS-GLI-02285-100,gmm_2d,prediction_component,31,25,9984.0,2.5060120224403912e-05,7.102621534903521e-08,1.7320508075688772,1,8.660254037844387,0.19999999999999996,0.9548683406603533,1.0,0,,33,38,105,110,49,54,-7.14858132620955,0.0,0.999943732308326,True,0,medium,0.5530794707693413
BraTS-GLI-02285-100,gmm_2d,prediction_component,32,44,13824.0,2.7070862238995545e-05,8.288129935688987e-08,1.7320508075688772,1,10.392304845413264,0.16666666666666666,0.7908715233027805,1.0,0,,34,40,45,51,74,80,-7.081543448970658,0.0,0.9998697917142197,True,0,medium,0.5530794707693413
BraTS-GLI-02285-100,gmm_2d,prediction_component,33,89,28416.0,1.8579994902073743e-05,3.904303359595738e-08,2.23606797749979,1,14.45683229480096,0.1546720562224365,0.8073302083758999,1.125,1,,34,42,43,51,108,117,-7.4084564455442745,0.6931471805599453,0.9993259827446028,True,0,medium,0.5530794707693413
BraTS-GLI-02285-100,gmm_2d,prediction_component,34,92,22784.0,2.675117543028691e-05,8.093532449569079e-08,2.23606797749979,1,12.206555615733702,0.18318582636182795,0.7984577295628058,1.3333333333333333,1,,34,40,86,93,96,104,-7.091861887717755,0.6931471805599453,0.9998696362248294,True,0,medium,0.5530794707693413
BraTS-GLI-02285-100,gmm_2d,prediction_component,35,444,119808.0,1.0706665696538148e-05,1.296465184171056e-08,2.449489742783178,1,29.546573405388315,0.08290266722896782,0.5175800222500837,1.1875,2,,34,50,97,116,114,130,-7.88723914146726,1.0986122886681098,0.9611572132259169,True,0,medium,0.5530794707693413
BraTS-GLI-02285-100,gmm_2d,prediction_component,36,120,38656.0,1.578904553182868e-05,2.8194482504510875e-08,1.7320508075688772,1,18.05547008526779,0.0959294219086619,0.5660608012607246,2.1666666666666665,0,,35,41,43,54,62,75,-7.549835872258386,0.0,0.9948994750667153,True,0,medium,0.5530794707693413
BraTS-GLI-02285-100,gmm_2d,prediction_component,37,25,9984.0,2.5060120224403912e-05,7.102621534903521e-08,1.7320508075688772,1,8.660254037844387,0.19999999999999996,0.9548683406603533,1.0,0,,35,40,51,56,113,118,-7.14858132620955,0.0,0.999943732308326,True,0,medium,0.5530794707693413
BraTS-GLI-02285-100,gmm_2d,prediction_component,38,121,28928.0,2.4592787497064972e-05,6.840185628088535e-08,2.23606797749979,1,13.92838827718412,0.1605403247669839,0.7287626087734531,1.2857142857142858,1,,35,42,62,70,50,59,-7.164932112291487,0.6931471805599453,0.9996853282207409,True,0,medium,0.5530794707693413
BraTS-GLI-02285-100,gmm_2d,prediction_component,39,25,9984.0,2.5060120224403912e-05,7.102621534903521e-08,1.7320508075688772,1,8.660254037844387,0.19999999999999996,0.9548683406603533,1.0,0,,37,42,61,66,99,104,-7.14858132620955,0.0,0.999943732308326,True,0,medium,0.5530794707693413
BraTS-GLI-02285-100,gmm_2d,prediction_component,40,25,9984.0,2.5060120224403912e-05,7.102621534903521e-08,1.7320508075688772,1,8.660254037844387,0.19999999999999996,0.9548683406603533,1.0,0,,37,42,68,73,88,93,-7.14858132620955,0.0,0.999943732308326,True,0,medium,0.5530794707693413
BraTS-GLI-02285-100,gmm_2d,prediction_component,41,25,9984.0,2.5060120224403912e-05,7.102621534903521e-08,1.7320508075688772,1,8.660254037844387,0.19999999999999996,0.9548683406603533,1.0,0,,37,42,98,103,105,110,-7.14858132620955,0.0,0.999943732308326,True,0,medium,0.5530794707693413
BraTS-GLI-02285-100,gmm_2d,prediction_component,42,89,24064.0,2.384175815456507e-05,6.428785418437243e-08,2.23606797749979,1,13.379088160259652,0.1671315676162189,0.8073302083758999,1.2857142857142858,1,,38,45,36,43,102,111,-7.191871069983398,0.6931471805599453,0.9997575495609812,True,0,medium,0.5530794707693413
BraTS-GLI-02285-100,gmm_2d,prediction_component,43,50,19968.0,1.772018094802615e-05,3.551310767451761e-08,1.7320508075688772,1,12.449899597988733,0.13912166872805048,0.757879504227687,1.8,0,,38,47,44,49,91,98,-7.449611321873531,0.0,0.9990838795929534,True,0,medium,0.5530794707693413
BraTS-GLI-02285-100,gmm_2d,prediction_component,44,25,9984.0,2.5060120224403912e-05,7.102621534903521e-08,1.7320508075688772,1,8.660254037844387,0.19999999999999996,0.9548683406603533,1.0,0,,39,44,62,67,89,94,-7.14858132620955,0.0,0.999943732308326,True,0,medium,0.5530794707693413
BraTS-GLI-02285-100,gmm_2d,prediction_component,45,94,27392.0,2.073443659879992e-05,4.862245148606906e-08,1.7320508075688772,1,13.601470508735444,0.12734290799340264,0.6140648134821065,1.6666666666666667,0,,39,46,94,100,52,62,-7.313163148330359,0.0,0.9989392053238533,True,0,medium,0.5530794707693413
BraTS-GLI-02285-100,gmm_2d,prediction_component,46,71,18432.0,2.8372634019778144e-05,9.10440745380957e-08,2.23606797749979,1,11.0,0.20327890704543544,0.870485929709401,1.1666666666666667,1,,40,46,106,113,91,97,-7.040748314329782,0.6931471805599453,0.9999392117409998,True,0,medium,0.5530794707693413
BraTS-GLI-02285-100,gmm_2d,prediction_component,47,84,26112.0,1.9907607998726795e-05,4.482192807570262e-08,1.7320508075688772,1,14.52583904633395,0.11923929502757463,0.6375247776221004,1.2857142857142858,0,,41,48,56,65,124,133,-7.348509465636117,0.0,0.9987090435976846,True,0,medium,0.5530794707693413
BraTS-GLI-02285-100,gmm_2d,prediction_component,48,183,53504.0,1.4786715349260297e-05,2.4728387559338808e-08,2.23606797749979,1,21.0,0.10647942749999,0.6348885703215806,2.0,1,,42,58,32,43,82,90,-7.6068042013464305,0.6931471805599453,0.9944554284731382,True,0,medium,0.5530794707693413
BraTS-GLI-02285-100,gmm_2d,prediction_component,49,186,55552.0,1.4205724748230971e-05,2.2823338129734842e-08,1.7320508075688772,1,18.601075237738275,0.09311562828663011,0.4891242358153096,1.3333333333333333,0,,42,53,34,46,93,102,-7.6416208355838835,0.0,0.9904207180529762,True,0,medium,0.5530794707693413
BraTS-GLI-02285-100,gmm_2d,prediction_component,50,38,12544.0,2.7047649416909622e-05,8.273922157753891e-08,1.7320508075688772,1,9.273618495495704,0.18677184190940707,0.8304795924748166,1.2,0,,42,47,70,75,51,57,-7.082288569326049,0.0,0.9999183504971614,True,0,medium,0.5530794707693413
BraTS-GLI-02285-100,gmm_2d,prediction_component,51,50,15360.0,2.6265349298824172e-05,7.802229756091518e-08,1.7320508075688772,1,10.392304845413264,0.16666666666666666,0.757879504227687,1.0,0,,42,48,87,93,94,100,-7.1077812649530205,0.0,0.9998405699403834,True,0,medium,0.5530794707693413
BraTS-GLI-02285-100,gmm_2d,prediction_component,52,25,9984.0,2.5060120224403912e-05,7.102621534903521e-08,1.7320508075688772,1,8.660254037844387,0.19999999999999996,0.9548683406603533,1.0,0,,42,47,92,97,109,114,-7.14858132620955,0.0,0.999943732308326,True,0,medium,0.5530794707693413
BraTS-GLI-02285-100,gmm_2d,prediction_component,53,47,14592.0,2.6664020003279646e-05,8.040880842667987e-08,1.7320508075688772,1,9.848857801796104,0.17586311452816475,0.7736731845058752,1.2,0,,43,48,81,87,86,92,-7.094696373620167,0.0,0.9998766147113484,True,0,medium,0.5530794707693413
BraTS-GLI-02285-100,gmm_2d,prediction_component,54,38,13824.0,2.3379381024587062e-05,6.181848980958109e-08,1.7320508075688772,1,9.848857801796104,0.17586311452816475,0.8304795924748166,1.2,0,,43,48,104,110,84,90,-7.2088816087094125,0.0,0.9998420452008846,True,0,medium,0.5530794707693413
BraTS-GLI-02285-100,gmm_2d,prediction_component,55,38,12544.0,2.7047649416909622e-05,8.273922157753891e-08,1.7320508075688772,1,9.273618495495704,0.18677184190940707,0.8304795924748166,1.2,0,,44,49,96,102,133,138,-7.082288569326049,0.0,0.9999183504971614,True,0,medium,0.5530794707693413
BraTS-GLI-02285-100,gmm_2d,prediction_component,56,25,9984.0,2.5060120224403912e-05,7.102621534903521e-08,1.7320508075688772,1,8.660254037844387,0.19999999999999996,0.9548683406603533,1.0,0,,45,50,32,37,80,85,-7.14858132620955,0.0,0.999943732308326,True,0,medium,0.5530794707693413
BraTS-GLI-02285-100,gmm_2d,prediction_component,57,25,9984.0,2.5060120224403912e-05,7.102621534903521e-08,1.7320508075688772,1,8.660254037844387,0.19999999999999996,0.9548683406603533,1.0,0,,45,50,44,49,121,126,-7.14858132620955,0.0,0.999943732308326,True,0,medium,0.5530794707693413
BraTS-GLI-02285-100,gmm_2d,prediction_component,58,25,9984.0,2.5060120224403912e-05,7.102621534903521e-08,1.7320508075688772,1,8.660254037844387,0.19999999999999996,0.9548683406603533,1.0,0,,45,50,61,66,110,115,-7.14858132620955,0.0,0.999943732308326,True,0,medium,0.5530794707693413
BraTS-GLI-02285-100,gmm_2d,prediction_component,59,110,33792.0,1.7708094884816266e-05,3.5464680709506895e-08,1.7320508075688772,1,15.7797338380595,0.10976425998969035,0.5827191206450295,1.375,0,,45,56,65,73,39,47,-7.450203945775227,0.0,0.9973624973590095,True,0,medium,0.5530794707693413
BraTS-GLI-02285-100,gmm_2d,prediction_component,60,25,9984.0,2.5060120224403912e-05,7.102621534903521e-08,1.7320508075688772,1,8.660254037844387,0.19999999999999996,0.9548683406603533,1.0,0,,45,50,89,94,45,50,-7.14858132620955,0.0,0.999943732308326,True,0,medium,0.5530794707693413
BraTS-GLI-02285-100,gmm_2d,prediction_component,61,25,9984.0,2.5060120224403912e-05,7.102621534903521e-08,1.7320508075688772,1,8.660254037844387,0.19999999999999996,0.9548683406603533,1.0,0,,46,51,91,96,131,136,-7.14858132620955,0.0,0.999943732308326,True,0,medium,0.5530794707693413
BraTS-GLI-02285-100,gmm_2d,prediction_component,62,60,18432.0,2.3976873819530824e-05,6.501858130076264e-08,2.23606797749979,1,11.090536506409418,0.20161945963637795,0.9207268083493462,1.4,1,,46,51,98,105,37,44,-7.186962511000646,0.6931471805599453,0.9999078599644535,True,0,medium,0.5530794707693413
BraTS-GLI-02285-100,gmm_2d,prediction_component,63,38,12544.0,2.7047649416909622e-05,8.273922157753891e-08,1.7320508075688772,1,9.273618495495704,0.18677184190940707,0.8304795924748166,1.2,0,,47,53,68,73,55,60,-7.082288569326049,0.0,0.9999183504971614,True,0,medium,0.5530794707693413
BraTS-GLI-02285-100,gmm_2d,prediction_component,64,129,34304.0,2.0303577370713958e-05,4.662270884410931e-08,2.23606797749979,1,15.427248620541512,0.14494275891311212,0.7133751362466612,1.8333333333333333,1,,47,56,131,137,123,134,-7.331402496970052,0.6931471805599453,0.9991964645239814,True,0,medium,0.5530794707693413
BraTS-GLI-02285-100,gmm_2d,prediction_component,65,25,9984.0,2.5060120224403912e-05,7.102621534903521e-08,1.7320508075688772,1,8.660254037844387,0.19999999999999996,0.9548683406603533,1.0,0,,47,52,133,138,62,67,-7.14858132620955,0.0,0.999943732308326,True,0,medium,0.5530794707693413
BraTS-GLI-02285-100,gmm_2d,prediction_component,66,25,9984.0,2.5060120224403912e-05,7.102621534903521e-08,1.7320508075688772,1,8.660254037844387,0.19999999999999996,0.9548683406603533,1.0,0,,48,53,62,67,69,74,-7.14858132620955,0.0,0.999943732308326,True,0,medium,0.5530794707693413
BraTS-GLI-02285-100,gmm_2d,prediction_component,67,38,13824.0,2.3379381024587062e-05,6.181848980958109e-08,1.7320508075688772,1,9.848857801796104,0.17586311452816475,0.8304795924748166,1.2,0,,48,54,70,75,127,133,-7.2088816087094125,0.0,0.9998420452008846,True,0,medium,0.5530794707693413
BraTS-GLI-02285-100,gmm_2d,prediction_component,68,138,43264.0,1.533518718707328e-05,2.6596870363506394e-08,1.7320508075688772,1,17.549928774784245,0.09869275424396534,0.5402944026186968,1.5,0,,48,58,70,82,136,144,-7.575169463512675,0.0,0.9942015703366305,True,0,medium,0.5530794707693413
BraTS-GLI-02285-100,gmm_2d,prediction_component,69,98,26368.0,2.2888128901533282e-05,5.9247899058925554e-08,1.7320508075688772,1,13.45362404707371,0.12874232262686236,0.605593872006889,1.5,0,,48,54,104,113,44,52,-7.227327045204654,0.0,0.999227941543764,True,0,medium,0.5530794707693413
BraTS-GLI-02285-100,gmm_2d,prediction_component,70,71,26112.0,1.6826668665590506e-05,3.202201522528585e-08,1.7320508075688772,1,13.490737563232042,0.12838814775327387,0.6742755017744779,2.2,0,,48,53,125,136,47,53,-7.494551340321729,0.0,0.998304542059173,True,0,medium,0.5530794707693413
BraTS-GLI-02285-100,gmm_2d,prediction_component,71,192,45568.0,1.9738369618921912e-05,4.406308781617948e-08,2.23606797749979,1,18.411952639521967,0.12144654188931507,0.6248092671636669,1.8571428571428572,2,,48,55,123,134,113,126,-7.355925071993711,1.0986122886681098,0.9979622770228671,True,0,medium,0.5530794707693413
BraTS-GLI-02285-100,gmm_2d,prediction_component,72,25,9984.0,2.5060120224403912e-05,7.102621534903521e-08,1.7320508075688772,1,8.660254037844387,0.19999999999999996,0.9548683406603533,1.0,0,,49,54,31,36,71,76,-7.14858132620955,0.0,0.999943732308326,True,0,medium,0.5530794707693413
BraTS-GLI-02285-100,gmm_2d,prediction_component,73,51,17664.0,2.1723839827382773e-05,5.337348459431324e-08,1.7320508075688772,1,11.0,0.15745916432444337,0.7528933105024771,1.1666666666666667,0,,49,56,49,55,49,55,-7.272674442490021,0.0,0.9996488586172821,True,0,medium,0.5530794707693413
BraTS-GLI-02285-100,gmm_2d,prediction_component,74,25,9984.0,2.5060120224403912e-05,7.102621534903521e-08,1.7320508075688772,1,8.660254037844387,0.19999999999999996,0.9548683406603533,1.0,0,,49,54,103,108,128,133,-7.14858132620955,0.0,0.999943732308326,True,0,medium,0.5530794707693413
BraTS-GLI-02285-100,gmm_2d,prediction_component,75,25,9984.0,2.5060120224403912e-05,7.102621534903521e-08,1.7320508075688772,1,8.660254037844387,0.19999999999999996,0.9548683406603533,1.0,0,,49,54,108,113,78,83,-7.14858132620955,0.0,0.999943732308326,True,0,medium,0.5530794707693413
BraTS-GLI-02285-100,gmm_2d,prediction_component,76,94,29952.0,1.8133812170713258e-05,3.719037859698223e-08,1.7320508075688772,1,15.165750888103101,0.11420804814403214,0.6140648134821065,1.4285714285714286,0,,50,57,47,57,126,135,-7.429569400513215,0.0,0.9979496582973783,True,0,medium,0.5530794707693413
BraTS-GLI-02285-100,gmm_2d,prediction_component,77,55,17664.0,2.3427670402079463e-05,6.207412183690794e-08,1.7320508075688772,1,10.488088481701515,0.1651445647689541,0.7341800862769029,1.4,0,,50,56,101,108,141,146,-7.207089415697406,0.0,0.9997443545555974,True,0,medium,0.5530794707693413
BraTS-GLI-02285-100,gmm_2d,prediction_component,78,57,17920.0,2.376117143277778e-05,6.385399425246565e-08,1.7320508075688772,1,11.0,0.15745916432444337,0.7254907483481623,1.1666666666666667,0,,50,56,105,111,117,124,-7.194811931171915,0.0,0.9997137308090358,True,0,medium,0.5530794707693413
BraTS-GLI-02285-100,gmm_2d,prediction_component,79,394,92160.0,1.4082589587247964e-05,2.242938774845598e-08,2.23606797749979,1,26.90724809414742,0.0831028119143167,0.4916799114081691,1.5,4,,50,68,121,137,134,146,-7.649182581124841,1.6094379124341003,0.9785715757826584,True,0,medium,0.5530794707693413
BraTS-GLI-02285-100,gmm_2d,prediction_component,80,127,41984.0,1.4763114936533092e-05,2.4649514813133898e-08,1.7320508075688772,1,18.466185312619388,0.09379580992210836,0.5554635816050737,1.75,0,,50,58,115,129,32,41,-7.608191624705308,0.0,0.9932073471709554,True,0,medium,0.5530794707693413
BraTS-GLI-02285-100,gmm_2d,prediction_component,81,1751,466688.0,5.492198119823417e-06,3.41149519345782e-09,2.449489742783178,1,64.47480127925948,0.03799142756832567,0.3275994115072137,2.55,7,,51,102,29,49,97,131,-8.467055236272165,2.0794415416798357,0.3295761759848981,False,0,medium,0.5530794707693413
BraTS-GLI-02285-100,gmm_2d,prediction_component,82,38,12544.0,2.7047649416909622e-05,8.273922157753891e-08,1.7320508075688772,1,9.273618495495704,0.18677184190940707,0.8304795924748166,1.2,0,,51,56,102,107,30,36,-7.082288569326049,0.0,0.9999183504971614,True,0,medium,0.5530794707693413
BraTS-GLI-02285-100,gmm_2d,prediction_component,83,141,42496.0,1.6095224274724817e-05,2.929857099992198e-08,1.7320508075688772,1,19.131126469708992,0.09053574604251852,0.5364350251399074,2.0,0,,51,58,112,123,46,60,-7.533153561283533,0.0,0.9942314992998484,True,0,medium,0.5530794707693413
BraTS-GLI-02285-100,gmm_2d,prediction_component,84,25,9984.0,2.5060120224403912e-05,7.102621534903521e-08,1.7320508075688772,1,8.660254037844387,0.19999999999999996,0.9548683406603533,1.0,0,,51,56,138,143,68,73,-7.14858132620955,0.0,0.999943732308326,True,0,medium,0.5530794707693413
BraTS-GLI-02285-100,gmm_2d,prediction_component,85,25,9984.0,2.5060120224403912e-05,7.102621534903521e-08,1.7320508075688772,1,8.660254037844387,0.19999999999999996,0.9548683406603533,1.0,0,,52,57,45,50,54,59,-7.14858132620955,0.0,0.999943732308326,True,0,medium,0.5530794707693413
BraTS-GLI-02285-100,gmm_2d,prediction_component,86,25,9984.0,2.5060120224403912e-05,7.102621534903521e-08,1.7320508075688772,1,8.660254037844387,0.19999999999999996,0.9548683406603533,1.0,0,,52,57,83,88,99,104,-7.14858132620955,0.0,0.999943732308326,True,0,medium,0.5530794707693413
BraTS-GLI-02285-100,gmm_2d,prediction_component,87,176,51968.0,1.4856231661367687e-05,2.496144365983146e-08,2.23606797749979,1,20.904544960366874,0.10696563746013953,0.6431964656828097,2.5714285714285716,1,,52,59,113,131,110,118,-7.602730300585467,0.6931471805599453,0.9947236083117686,True,0,medium,0.5530794707693413
BraTS-GLI-02285-100,gmm_2d,prediction_component,88,25,9984.0,2.5060120224403912e-05,7.102621534903521e-08,1.7320508075688772,1,8.660254037844387,0.19999999999999996,0.9548683406603533,1.0,0,,52,57,116,121,87,92,-7.14858132620955,0.0,0.999943732308326,True,0,medium,0.5530794707693413
BraTS-GLI-02285-100,gmm_2d,prediction_component,89,141,40960.0,1.700901604018179e-05,3.2719808625649196e-08,2.23606797749979,1,16.24807680927192,0.13762047064079508,0.6925346395630728,1.25,1,,52,62,114,122,120,130,-7.485189245131142,0.6931471805599453,0.9982727887657545,True,0,medium,0.5530794707693413
BraTS-GLI-02285-100,gmm_2d,prediction_component,90,50,18688.0,1.95715745391646e-05,4.332154192016719e-08,1.7320508075688772,1,11.74734012447073,0.14744195615489714,0.757879504227687,1.6,0,,53,58,31,38,64,72,-7.3632960941634575,0.0,0.9994244023643076,True,0,medium,0.5530794707693413
BraTS-GLI-02285-100,gmm_2d,prediction_component,91,25,9984.0,2.5060120224403912e-05,7.102621534903521e-08,1.7320508075688772,1,8.660254037844387,0.19999999999999996,0.9548683406603533,1.0,0,,53,58,57,62,135,140,-7.14858132620955,0.0,0.999943732308326,True,0,medium,0.5530794707693413
BraTS-GLI-02285-100,gmm_2d,prediction_component,92,310,77056.0,1.4492790104624628e-05,2.375507349537814e-08,2.449489742783178,1,25.80697580112788,0.0949157995752499,0.5834244117771393,2.3333333333333335,2,,53,62,140,152,47,68,-7.624243621587112,1.0986122886681098,0.9901046709858936,True,0,medium,0.5530794707693413
BraTS-GLI-02285-100,gmm_2d,prediction_component,93,25,9984.0,2.5060120224403912e-05,7.102621534903521e-08,1.7320508075688772,1,8.660254037844387,0.19999999999999996,0.9548683406603533,1.0,0,,54,59,54,59,44,49,-7.14858132620955,0.0,0.999943732308326,True,0,medium,0.5530794707693413
BraTS-GLI-02285-100,gmm_2d,prediction_component,94,132,40448.0,1.622663072203761e-05,2.977892932846077e-08,2.23606797749979,1,18.05547008526779,0.12384435115451749,0.7079293121435957,2.0,1,,54,68,59,68,39,46,-7.526090920925696,0.6931471805599453,0.9975750698798717,True,0,medium,0.5530794707693413
BraTS-GLI-02285-100,gmm_2d,prediction_component,95,25,9984.0,2.5060120224403912e-05,7.102621534903521e-08,1.7320508075688772,1,8.660254037844387,0.19999999999999996,0.9548683406603533,1.0,0,,54,59,108,113,145,150,-7.14858132620955,0.0,0.999943732308326,True,0,medium,0.5530794707693413
BraTS-GLI-02285-100,gmm_2d,prediction_component,96,25,9984.0,2.5060120224403912e-05,7.102621534903521e-08,1.7320508075688772,1,8.660254037844387,0.19999999999999996,0.9548683406603533,1.0,0,,54,59,128,133,124,129,-7.14858132620955,0.0,0.999943732308326,True,0,medium,0.5530794707693413
BraTS-GLI-02285-100,gmm_2d,prediction_component,97,75,21504.0,2.378386254839133e-05,6.397600929739764e-08,1.7320508075688772,1,12.12435565298214,0.14285714285714285,0.6620687295173385,1.0,0,,55,62,42,49,122,129,-7.193982853876372,0.0,0.9995521887693443,True,0,medium,0.5530794707693413
BraTS-GLI-02285-100,gmm_2d,prediction_component,98,88,27392.0,1.9410961922280777e-05,4.261342964102748e-08,1.7320508075688772,1,12.806248474865697,0.13525044520011484,0.627715144031263,1.3333333333333333,0,,55,63,108,116,27,33,-7.370453511229419,0.0,0.9989008217149907,True,0,medium,0.5530794707693413
BraTS-GLI-02285-100,gmm_2d,prediction_component,99,68,20224.0,2.364331279141417e-05,6.322211626023995e-08,1.7320508075688772,1,11.74734012447073,0.14744195615489714,0.6840489693598067,1.6,0,,55,62,138,146,134,139,-7.19913097093298,0.0,0.9996062896162137,True,0,medium,0.5530794707693413
BraTS-GLI-02285-100,gmm_2d,prediction_component,100,50,15360.0,2.6265349298824172e-05,7.802229756091518e-08,1.7320508075688772,1,10.392304845413264,0.16666666666666666,0.757879504227687,1.0,0,,56,62,37,43,117,123,-7.1077812649530205,0.0,0.9998405699403834,True,0,medium,0.5530794707693413
BraTS-GLI-02285-100,gmm_2d,prediction_component,101,63,19712.0,2.2763787023631513e-05,5.8605908259129414e-08,1.7320508075688772,1,12.206555615733702,0.14189513095212064,0.7016868116919668,1.3333333333333333,0,,56,64,51,57,75,82,-7.23205859908441,0.0,0.9995369850288347,True,0,medium,0.5530794707693413
BraTS-GLI-02285-100,gmm_2d,prediction_component,102,25,9984.0,2.5060120224403912e-05,7.102621534903521e-08,1.7320508075688772,1,8.660254037844387,0.19999999999999996,0.9548683406603533,1.0,0,,56,61,52,57,133,138,-7.14858132620955,0.0,0.999943732308326,True,0,medium,0.5530794707693413
BraTS-GLI-02285-100,gmm_2d,prediction_component,103,25,9984.0,2.5060120224403912e-05,7.102621534903521e-08,1.7320508075688772,1,8.660254037844387,0.19999999999999996,0.9548683406603533,1.0,0,,56,61,66,71,132,137,-7.14858132620955,0.0,0.999943732308326,True,0,medium,0.5530794707693413
BraTS-GLI-02285-100,gmm_2d,prediction_component,104,106,31744.0,1.8741890214330012e-05,3.9726394642089826e-08,1.7320508075688772,1,14.866068747318506,0.1165103456070926,0.5899586077282516,1.8333333333333333,0,,56,62,127,138,35,43,-7.400920847431292,0.0,0.9980883973045063,True,0,medium,0.5530794707693413
BraTS-GLI-02285-100,gmm_2d,prediction_component,105,25,9984.0,2.5060120224403912e-05,7.102621534903521e-08,1.7320508075688772,1,8.660254037844387,0.19999999999999996,0.9548683406603533,1.0,0,,56,61,152,157,119,124,-7.14858132620955,0.0,0.999943732308326,True,0,medium,0.5530794707693413
BraTS-GLI-02285-100,gmm_2d,prediction_component,106,25,9984.0,2.5060120224403912e-05,7.102621534903521e-08,1.7320508075688772,1,8.660254037844387,0.19999999999999996,0.9548683406603533,1.0,0,,57,62,40,45,57,62,-7.14858132620955,0.0,0.999943732308326,True,0,medium,0.5530794707693413
BraTS-GLI-02285-100,gmm_2d,prediction_component,107,25,9984.0,2.5060120224403912e-05,7.102621534903521e-08,1.7320508075688772,1,8.660254037844387,0.19999999999999996,0.9548683406603533,1.0,0,,57,62,111,116,121,126,-7.14858132620955,0.0,0.999943732308326,True,0,medium,0.5530794707693413
BraTS-GLI-02285-100,gmm_2d,prediction_component,108,50,17152.0,2.2258600373918718e-05,5.6033542268023926e-08,1.7320508075688772,1,11.575836902790225,0.14962640041614492,0.757879504227687,1.1666666666666667,0,,57,63,130,137,104,111,-7.25155192190457,0.0,0.9996347717724022,True,0,medium,0.5530794707693413
BraTS-GLI-02285-100,gmm_2d,prediction_component,109,163,60416.0,1.097639309634156e-05,1.3626103312702563e-08,1.7320508075688772,1,24.124676163629637,0.0717958158617738,0.5111255948456747,1.9,0,,57,76,146,157,43,53,-7.865628322576532,0.0,0.9708538448443594,True,0,medium,0.5530794707693413
BraTS-GLI-02285-100,gmm_2d,prediction_component,110,25,9984.0,2.5060120224403912e-05,7.102621534903521e-08,1.7320508075688772,1,8.660254037844387,0.19999999999999996,0.9548683406603533,1.0,0,,57,62,150,155,125,130,-7.14858132620955,0.0,0.999943732308326,True,0,medium,0.5530794707693413
BraTS-GLI-02285-100,gmm_2d,prediction_component,111,51,17664.0,2.1723839827382773e-05,5.337348459431324e-08,1.7320508075688772,1,11.090536506409418,0.15617376188860604,0.7528933105024771,1.4,0,,58,63,84,91,115,122,-7.272674442490021,0.0,0.9996410491857861,True,0,medium,0.5530794707693413
BraTS-GLI-02285-100,gmm_2d,prediction_component,112,222,65792.0,1.3155075395232397e-05,1.957217347611935e-08,2.0,1,25.357444666211933,0.0788723006725099,0.5324455568423747,2.3333333333333335,1,,58,79,146,157,129,138,-7.708360943566734,0.6931471805599453,0.9822406145453079,True,0,medium,0.5530794707693413
BraTS-GLI-02285-100,gmm_2d,prediction_component,113,38,13824.0,2.3379381024587062e-05,6.181848980958109e-08,1.7320508075688772,1,9.848857801796104,0.17586311452816475,0.8304795924748166,1.2,0,,59,64,30,36,84,90,-7.2088816087094125,0.0,0.9998420452008846,True,0,medium,0.5530794707693413
BraTS-GLI-02285-100,gmm_2d,prediction_component,114,76,25600.0,1.85546875e-05,3.89367467175035e-08,1.7320508075688772,1,13.601470508735444,0.12734290799340264,0.6591520893663227,1.6666666666666667,0,,59,65,59,69,136,143,-7.409640337912545,0.0,0.9986812421446839,True,0,medium,0.5530794707693413
BraTS-GLI-02285-100,gmm_2d,prediction_component,115,46,15616.0,2.357236358908017e-05,6.284324984734695e-08,1.7320508075688772,1,10.488088481701515,0.1651445647689541,0.7792393700163133,1.4,0,,59,64,76,83,79,85,-7.20174136414328,0.0,0.9997827120276648,True,0,medium,0.5530794707693413
BraTS-GLI-02285-100,gmm_2d,prediction_component,116,25,9984.0,2.5060120224403912e-05,7.102621534903521e-08,1.7320508075688772,1,8.660254037844387,0.19999999999999996,0.9548683406603533,1.0,0,,59,64,79,84,90,95,-7.14858132620955,0.0,0.999943732308326,True,0,medium,0.5530794707693413
BraTS-GLI-02285-100,gmm_2d,prediction_component,117,77,23552.0,2.130340560567409e-05,5.1327539493893255e-08,1.7320508075688772,1,12.206555615733702,0.14189513095212064,0.6562861745204266,1.3333333333333333,0,,59,65,85,92,26,34,-7.2896495541658295,0.0,0.999337161484361,True,0,medium,0.5530794707693413
BraTS-GLI-02285-100,gmm_2d,prediction_component,118,297,91904.0,1.0659941674795851e-05,1.2851742945865486e-08,2.23606797749979,1,23.68543856465402,0.09440686400617014,0.5402511775545049,1.0769230769230769,1,,59,72,144,158,55,69,-7.89103796957466,0.6931471805599453,0.9739338476767387,True,0,medium,0.5530794707693413
BraTS-GLI-02285-100,gmm_2d,prediction_component,119,109,32000.0,1.9041516370896647e-05,4.100675791695593e-08,2.23606797749979,1,14.696938456699069,0.15214515486254615,0.7545807224999054,2.0,1,,60,72,32,38,94,100,-7.387144565617049,0.6931471805599453,0.9992320616569101,True,0,medium,0.5530794707693413
BraTS-GLI-02285-100,gmm_2d,prediction_component,120,107,37120.0,1.496138595155943e-05,2.5316054747485473e-08,1.7320508075688772,1,17.05872210923198,0.1015346165133619,0.5881149750574316,1.5714285714285714,0,,60,71,77,88,26,33,-7.596603973808633,0.0,0.9948532692768747,True,0,medium,0.5530794707693413
BraTS-GLI-02285-100,gmm_2d,prediction_component,121,25,9984.0,2.5060120224403912e-05,7.102621534903521e-08,1.7320508075688772,1,8.660254037844387,0.19999999999999996,0.9548683406603533,1.0,0,,60,65,98,103,59,64,-7.14858132620955,0.0,0.999943732308326,True,0,medium,0.5530794707693413
BraTS-GLI-02285-100,gmm_2d,prediction_component,122,56,16640.0,2.6089036722489758e-05,7.697832583722892e-08,2.23606797749979,1,10.488088481701515,0.21320071635561044,0.9421466963436571,1.4,1,,60,65,100,106,113,120,-7.113631538390294,0.6931471805599453,0.9999463122169706,True,0,medium,0.5530794707693413
BraTS-GLI-02285-100,gmm_2d,prediction_component,123,25,9984.0,2.5060120224403912e-05,7.102621534903521e-08,1.7320508075688772,1,8.660254037844387,0.19999999999999996,0.9548683406603533,1.0,0,,60,65,101,106,33,38,-7.14858132620955,0.0,0.999943732308326,True,0,medium,0.5530794707693413
BraTS-GLI-02285-100,gmm_2d,prediction_component,124,50,19200.0,1.879395407518313e-05,3.9947416351188576e-08,1.7320508075688772,1,11.916375287812984,0.14535047493345277,0.757879504227687,1.8,0,,60,66,108,117,148,153,-7.39851130397719,0.0,0.9993195581316862,True,0,medium,0.5530794707693413
BraTS-GLI-02285-100,gmm_2d,prediction_component,125,25,9984.0,2.5060120224403912e-05,7.102621534903521e-08,1.7320508075688772,1,8.660254037844387,0.19999999999999996,0.9548683406603533,1.0,0,,60,65,113,118,92,97,-7.14858132620955,0.0,0.999943732308326,True,0,medium,0.5530794707693413
BraTS-GLI-02285-100,gmm_2d,prediction_component,126,25,9984.0,2.5060120224403912e-05,7.102621534903521e-08,1.7320508075688772,1,8.660254037844387,0.19999999999999996,0.9548683406603533,1.0,0,,60,65,114,119,142,147,-7.14858132620955,0.0,0.999943732308326,True,0,medium,0.5530794707693413
BraTS-GLI-02285-100,gmm_2d,prediction_component,127,50,17920.0,2.084313283576998e-05,4.91335751404014e-08,1.7320508075688772,1,11.661903789690601,0.14852213144650114,0.757879504227687,1.3333333333333333,0,,61,69,29,35,73,79,-7.308621633844861,0.0,0.9995393408515105,True,0,medium,0.5530794707693413
BraTS-GLI-02285-100,gmm_2d,prediction_component,128,320,84736.0,1.2973227670159381e-05,1.903480590937721e-08,2.23606797749979,1,24.413111231467404,0.09159291318091398,0.5269845455090844,1.3333333333333333,1,,61,77,74,88,141,153,-7.720451547161471,0.6931471805599453,0.9847559021285399,True,0,medium,0.5530794707693413
BraTS-GLI-02285-100,gmm_2d,prediction_component,129,168,39424.0,2.1461904226528238e-05,5.2094140674781705e-08,2.23606797749979,1,18.49324200890693,0.12091270835166862,0.6532480340020785,1.1,1,,62,73,40,51,49,59,-7.283211121531791,0.6931471805599453,0.9987756991211172,True,0,medium,0.5530794707693413
BraTS-GLI-02285-100,gmm_2d,prediction_component,130,95,25600.0,2.3193359375e-05,6.083866674609923e-08,1.7320508075688772,1,13.114877048604,0.13206763594884358,0.6119025955310512,1.6666666666666667,0,,62,68,48,54,96,106,-7.215820311896432,0.0,0.999315120425609,True,0,medium,0.5530794707693413
BraTS-GLI-02285-100,gmm_2d,prediction_component,131,25,9984.0,2.5060120224403912e-05,7.102621534903521e-08,1.7320508075688772,1,8.660254037844387,0.19999999999999996,0.9548683406603533,1.0,0,,62,67,59,64,126,131,-7.14858132620955,0.0,0.999943732308326,True,0,medium,0.5530794707693413
BraTS-GLI-02285-100,gmm_2d,prediction_component,132,25,9984.0,2.5060120224403912e-05,7.102621534903521e-08,1.7320508075688772,1,8.660254037844387,0.19999999999999996,0.9548683406603533,1.0,0,,62,67,127,132,101,106,-7.14858132620955,0.0,0.999943732308326,True,0,medium,0.5530794707693413
BraTS-GLI-02285-100,gmm_2d,prediction_component,133,64,18944.0,2.4545531829353735e-05,6.813923701938073e-08,1.7320508075688772,1,11.180339887498949,0.15491933384829665,0.6980129914371896,1.6,0,,63,68,56,64,106,112,-7.166602733699282,0.0,0.9997064859207153,True,0,medium,0.5530794707693413
BraTS-GLI-02285-100,gmm_2d,prediction_component,134,25,9984.0,2.5060120224403912e-05,7.102621534903521e-08,1.7320508075688772,1,8.660254037844387,0.19999999999999996,0.9548683406603533,1.0,0,,63,68,67,72,34,39,-7.14858132620955,0.0,0.999943732308326,True,0,medium,0.5530794707693413
BraTS-GLI-02285-100,gmm_2d,prediction_component,135,25,9984.0,2.5060120224403912e-05,7.102621534903521e-08,1.7320508075688772,1,8.660254037844387,0.19999999999999996,0.9548683406603533,1.0,0,,63,68,75,80,89,94,-7.14858132620955,0.0,0.999943732308326,True,0,medium,0.5530794707693413
BraTS-GLI-02285-100,gmm_2d,prediction_component,136,25,9984.0,2.5060120224403912e-05,7.102621534903521e-08,1.7320508075688772,1,8.660254037844387,0.19999999999999996,0.9548683406603533,1.0,0,,63,68,76,81,137,142,-7.14858132620955,0.0,0.999943732308326,True,0,medium,0.5530794707693413
BraTS-GLI-02285-100,gmm_2d,prediction_component,137,46,15616.0,2.357236358908017e-05,6.284324984734695e-08,1.7320508075688772,1,10.488088481701515,0.1651445647689541,0.7792393700163133,1.4,0,,64,69,100,106,146,153,-7.20174136414328,0.0,0.9997827120276648,True,0,medium,0.5530794707693413
BraTS-GLI-02285-100,gmm_2d,prediction_component,138,50,15360.0,2.6265349298824172e-05,7.802229756091518e-08,1.7320508075688772,1,10.392304845413264,0.16666666666666666,0.757879504227687,1.0,0,,65,71,34,40,63,69,-7.1077812649530205,0.0,0.9998405699403834,True,0,medium,0.5530794707693413
BraTS-GLI-02285-100,gmm_2d,prediction_component,139,25,9984.0,2.5060120224403912e-05,7.102621534903521e-08,1.7320508075688772,1,8.660254037844387,0.19999999999999996,0.9548683406603533,1.0,0,,65,70,37,42,86,91,-7.14858132620955,0.0,0.999943732308326,True,0,medium,0.5530794707693413
BraTS-GLI-02285-100,gmm_2d,prediction_component,140,121,35072.0,1.8422330595583387e-05,3.8383229849079694e-08,1.7320508075688772,1,18.027756377319946,0.09607689228305227,0.564497089423651,1.3333333333333333,0,,65,74,66,76,124,136,-7.415858483310448,0.0,0.9968951621639137,True,0,medium,0.5530794707693413
BraTS-GLI-02285-100,gmm_2d,prediction_component,141,124,33536.0,2.0190858895285797e-05,4.6106479322424666e-08,1.7320508075688772,1,15.84297951775486,0.10932607756185055,0.5599074791157995,1.5714285714285714,0,,65,74,101,112,54,61,-7.33623803911695,0.0,0.9981330636879325,True,0,medium,0.5530794707693413
BraTS-GLI-02285-100,gmm_2d,prediction_component,142,25,9984.0,2.5060120224403912e-05,7.102621534903521e-08,1.7320508075688772,1,8.660254037844387,0.19999999999999996,0.9548683406603533,1.0,0,,65,70,113,118,25,30,-7.14858132620955,0.0,0.999943732308326,True,0,medium,0.5530794707693413
BraTS-GLI-02285-100,gmm_2d,prediction_component,143,38,13824.0,2.3379381024587062e-05,6.181848980958109e-08,1.7320508075688772,1,9.848857801796104,0.17586311452816475,0.8304795924748166,1.2,0,,66,72,30,35,81,87,-7.2088816087094125,0.0,0.9998420452008846,True,0,medium,0.5530794707693413
BraTS-GLI-02285-100,gmm_2d,prediction_component,144,38,13824.0,2.3379381024587062e-05,6.181848980958109e-08,1.7320508075688772,1,9.848857801796104,0.17586311452816475,0.8304795924748166,1.2,0,,66,71,55,61,79,85,-7.2088816087094125,0.0,0.9998420452008846,True,0,medium,0.5530794707693413
BraTS-GLI-02285-100,gmm_2d,prediction_component,145,1363,366336.0,6.14718745981507e-06,4.273712350845449e-09,2.449489742783178,1,55.036351623268054,0.04450676090505229,0.3561283462776796,1.2142857142857142,5,,66,99,39,73,121,149,-8.36919471208411,1.791759469228055,0.49233805321739144,False,0,medium,0.5530794707693413
BraTS-GLI-02285-100,gmm_2d,prediction_component,146,25,9984.0,2.5060120224403912e-05,7.102621534903521e-08,1.7320508075688772,1,8.660254037844387,0.19999999999999996,0.9548683406603533,1.0,0,,66,71,64,69,107,112,-7.14858132620955,0.0,0.999943732308326,True,0,medium,0.5530794707693413
BraTS-GLI-02285-100,gmm_2d,prediction_component,147,63,22528.0,1.8631876346107425e-05,3.926137994703396e-08,1.7320508075688772,1,12.884098726725126,0.13443321448446624,0.7016868116919668,1.5,0,,66,73,89,98,55,61,-7.4060344400174705,0.0,0.9989924493856379,True,0,medium,0.5530794707693413
BraTS-GLI-02285-100,gmm_2d,prediction_component,148,101,36352.0,1.4572327036333214e-05,2.401652628760802e-08,1.7320508075688772,1,16.76305461424021,0.10332548854774358,0.5995375274776799,1.1111111111111112,0,,66,76,109,118,36,46,-7.619489808058012,0.0,0.9947564331269995,True,0,medium,0.5530794707693413
BraTS-GLI-02285-100,gmm_2d,prediction_component,149,25,9984.0,2.5060120224403912e-05,7.102621534903521e-08,1.7320508075688772,1,8.660254037844387,0.19999999999999996,0.9548683406603533,1.0,0,,66,71,113,118,149,154,-7.14858132620955,0.0,0.999943732308326,True,0,medium,0.5530794707693413
BraTS-GLI-02285-100,gmm_2d,prediction_component,150,121,38144.0,1.624224360037029e-05,2.983626205304877e-08,1.7320508075688772,1,16.30950643030009,0.1061988488107183,0.564497089423651,1.375,0,,66,77,144,152,51,60,-7.52525558707805,0.0,0.9960733275350016,True,0,medium,0.5530794707693413
BraTS-GLI-02285-100,gmm_2d,prediction_component,151,25,9984.0,2.5060120224403912e-05,7.102621534903521e-08,1.7320508075688772,1,8.660254037844387,0.19999999999999996,0.9548683406603533,1.0,0,,67,72,61,66,50,55,-7.14858132620955,0.0,0.999943732308326,True,0,medium,0.5530794707693413
BraTS-GLI-02285-100,gmm_2d,prediction_component,152,75,25344.0,1.858867881560747e-05,3.9079537971908425e-08,1.7320508075688772,1,13.45362404707371,0.12874232262686236,0.6620687295173385,1.5,0,,67,76,103,109,116,124,-7.408050579483377,0.0,0.9987317842010636,True,0,medium,0.5530794707693413
BraTS-GLI-02285-100,gmm_2d,prediction_component,153,4233,1072640.0,3.810371200675308e-06,1.642052149231377e-09,2.8284271247461903,1,79.61783719745218,0.035525043436330644,0.2818545870205277,1.2926829268292683,24,,67,120,108,151,111,152,-8.784613054424993,3.2188758248682006,0.07398475340259827,False,0,medium,0.5530794707693413
BraTS-GLI-02285-100,gmm_2d,prediction_component,154,25,9984.0,2.5060120224403912e-05,7.102621534903521e-08,1.7320508075688772,1,8.660254037844387,0.19999999999999996,0.9548683406603533,1.0,0,,68,73,42,47,123,128,-7.14858132620955,0.0,0.999943732308326,True,0,medium,0.5530794707693413
BraTS-GLI-02285-100,gmm_2d,prediction_component,155,78,20224.0,2.7120270554857433e-05,8.318411663652678e-08,2.0,1,11.575836902790225,0.17277368511627203,0.7545615384264105,1.1666666666666667,1,,68,75,68,75,31,37,-7.079959590964491,0.6931471805599453,0.9998287761605053,True,0,medium,0.5530794707693413
BraTS-GLI-02285-100,gmm_2d,prediction_component,156,44,13824.0,2.7070862238995545e-05,8.288129935688987e-08,1.7320508075688772,1,10.392304845413264,0.16666666666666666,0.7908715233027805,1.0,0,,68,74,70,76,41,47,-7.081543448970658,0.0,0.9998697917142197,True,0,medium,0.5530794707693413
BraTS-GLI-02285-100,gmm_2d,prediction_component,157,76,27648.0,1.6531718862429606e-05,3.090924490479054e-08,1.7320508075688772,1,14.594519519326424,0.11867816581938533,0.6591520893663227,1.4285714285714286,0,,68,76,112,119,142,152,-7.509911604373394,0.0,0.9977768423351888,True,0,medium,0.5530794707693413
BraTS-GLI-02285-100,gmm_2d,prediction_component,158,25,9984.0,2.5060120224403912e-05,7.102621534903521e-08,1.7320508075688772,1,8.660254037844387,0.19999999999999996,0.9548683406603533,1.0,0,,68,73,117,122,27,32,-7.14858132620955,0.0,0.999943732308326,True,0,medium,0.5530794707693413
BraTS-GLI-02285-100,gmm_2d,prediction_component,159,51,16384.0,2.4318695068359375e-05,6.688564319836902e-08,1.7320508075688772,1,10.488088481701515,0.1651445647689541,0.7528933105024771,1.4,0,,68,74,128,133,29,36,-7.1746670922299165,0.0,0.9997865484491313,True,0,medium,0.5530794707693413
BraTS-GLI-02285-100,gmm_2d,prediction_component,160,506,103168.0,1.5269787723766043e-05,2.637050051217351e-08,2.8284271247461903,1,24.289915602982237,0.1164445019479164,0.5721690441749618,1.1538461538461537,2,,68,83,137,151,34,47,-7.578881627217858,1.0986122886681098,0.9939895590834621,True,0,medium,0.5530794707693413
BraTS-GLI-02285-100,gmm_2d,prediction_component,161,38,13824.0,2.3379381024587062e-05,6.181848980958109e-08,1.7320508075688772,1,9.848857801796104,0.17586311452816475,0.8304795924748166,1.2,0,,69,74,30,36,68,74,-7.2088816087094125,0.0,0.9998420452008846,True,0,medium,0.5530794707693413
BraTS-GLI-02285-100,gmm_2d,prediction_component,162,59,17664.0,2.513150097677615e-05,7.143141094686828e-08,1.7320508075688772,1,11.0,0.15745916432444337,0.71719869927557,1.1666666666666667,0,,69,76,51,57,98,104,-7.146110771401605,0.0,0.9997550209692114,True,0,medium,0.5530794707693413
BraTS-GLI-02285-100,gmm_2d,prediction_component,163,46,16896.0,2.0945077921731866e-05,4.961538140913494e-08,1.7320508075688772,1,11.0,0.15745916432444337,0.7792393700163133,1.1666666666666667,0,,69,75,95,102,59,65,-7.3043836657365855,0.0,0.9996363036072939,True,0,medium,0.5530794707693413
BraTS-GLI-02285-100,gmm_2d,prediction_component,164,63,20480.0,2.149540444679058e-05,5.225689670950221e-08,1.7320508075688772,1,12.36931687685298,0.14002800840280097,0.7016868116919668,1.5,0,,69,75,96,102,39,48,-7.281856384542795,0.0,0.9994242035006129,True,0,medium,0.5530794707693413
BraTS-GLI-02285-100,gmm_2d,prediction_component,165,25,9984.0,2.5060120224403912e-05,7.102621534903521e-08,1.7320508075688772,1,8.660254037844387,0.19999999999999996,0.9548683406603533,1.0,0,,69,74,120,125,61,66,-7.14858132620955,0.0,0.999943732308326,True,0,medium,0.5530794707693413
BraTS-GLI-02285-100,gmm_2d,prediction_component,166,25,9984.0,2.5060120224403912e-05,7.102621534903521e-08,1.7320508075688772,1,8.660254037844387,0.19999999999999996,0.9548683406603533,1.0,0,,69,74,126,131,107,112,-7.14858132620955,0.0,0.999943732308326,True,0,medium,0.5530794707693413
BraTS-GLI-02285-100,gmm_2d,prediction_component,167,38,12544.0,2.7047649416909622e-05,8.273922157753891e-08,1.7320508075688772,1,9.273618495495704,0.18677184190940707,0.8304795924748166,1.2,0,,70,76,29,34,77,82,-7.082288569326049,0.0,0.9999183504971614,True,0,medium,0.5530794707693413
BraTS-GLI-02285-100,gmm_2d,prediction_component,168,38,12544.0,2.7047649416909622e-05,8.273922157753891e-08,1.7320508075688772,1,9.273618495495704,0.18677184190940707,0.8304795924748166,1.2,0,,70,76,100,105,148,153,-7.082288569326049,0.0,0.9999183504971614,True,0,medium,0.5530794707693413
BraTS-GLI-02285-100,gmm_2d,prediction_component,169,25,9984.0,2.5060120224403912e-05,7.102621534903521e-08,1.7320508075688772,1,8.660254037844387,0.19999999999999996,0.9548683406603533,1.0,0,,70,75,134,139,39,44,-7.14858132620955,0.0,0.999943732308326,True,0,medium,0.5530794707693413
BraTS-GLI-02285-100,gmm_2d,prediction_component,170,25,9984.0,2.5060120224403912e-05,7.102621534903521e-08,1.7320508075688772,1,8.660254037844387,0.19999999999999996,0.9548683406603533,1.0,0,,71,76,92,97,27,32,-7.14858132620955,0.0,0.999943732308326,True,0,medium,0.5530794707693413
BraTS-GLI-02285-100,gmm_2d,prediction_component,171,50,19968.0,1.772018094802615e-05,3.551310767451761e-08,1.7320508075688772,1,12.12435565298214,0.14285714285714285,0.757879504227687,1.0,0,,71,78,107,114,25,32,-7.449611321873531,0.0,0.9991405792558605,True,0,medium,0.5530794707693413
BraTS-GLI-02285-100,gmm_2d,prediction_component,172,25,9984.0,2.5060120224403912e-05,7.102621534903521e-08,1.7320508075688772,1,8.660254037844387,0.19999999999999996,0.9548683406603533,1.0,0,,71,76,108,113,118,123,-7.14858132620955,0.0,0.999943732308326,True,0,medium,0.5530794707693413
BraTS-GLI-02285-100,gmm_2d,prediction_component,173,103,28416.0,2.1502690729366243e-05,5.2292329683059186e-08,2.23606797749979,1,16.186414056238647,0.1381447409988844,0.768957133841457,1.1111111111111112,1,,71,80,117,127,37,46,-7.281562009423755,0.6931471805599453,0.9993714951849919,True,0,medium,0.5530794707693413
BraTS-GLI-02285-100,gmm_2d,prediction_component,174,82,27904.0,1.7591957109225918e-05,3.5001019010605084e-08,1.7320508075688772,1,14.352700094407323,0.12067769800636945,0.6426663285123421,1.8333333333333333,0,,71,82,118,124,134,141,-7.455919311528565,0.0,0.9981495537663106,True,0,medium,0.5530794707693413
BraTS-GLI-02285-100,gmm_2d,prediction_component,175,67,23808.0,1.8238555198604065e-05,3.7621251384748226e-08,1.7320508075688772,1,12.206555615733702,0.14189513095212064,0.6874354055889139,1.3333333333333333,0,,71,77,137,144,59,67,-7.42456676273428,0.0,0.9990058039841359,True,0,medium,0.5530794707693413
BraTS-GLI-02285-100,gmm_2d,prediction_component,176,85,28416.0,1.7744938951418744e-05,3.561241228768995e-08,1.7320508075688772,1,14.071247279470288,0.12309149097933272,0.6350148115649618,1.5,0,,72,81,88,97,147,153,-7.448398607405514,0.0,0.9982312149867056,True,0,medium,0.5530794707693413
BraTS-GLI-02285-100,gmm_2d,prediction_component,177,1452,395520.0,5.837325926225814e-06,3.85372090571919e-09,2.23606797749979,1,55.95533933415113,0.03996165520767478,0.3183163892273754,2.0476190476190474,8,,72,101,92,135,44,65,-8.414119741028538,2.1972245773362196,0.3650149518477428,False,0,medium,0.5530794707693413
BraTS-GLI-02285-100,gmm_2d,prediction_component,178,38,12544.0,2.7047649416909622e-05,8.273922157753891e-08,1.7320508075688772,1,9.273618495495704,0.18677184190940707,0.8304795924748166,1.2,0,,72,78,136,141,120,125,-7.082288569326049,0.0,0.9999183504971614,True,0,medium,0.5530794707693413
BraTS-GLI-02285-100,gmm_2d,prediction_component,179,50,17920.0,2.084313283576998e-05,4.91335751404014e-08,1.7320508075688772,1,11.661903789690601,0.14852213144650114,0.757879504227687,1.3333333333333333,0,,73,79,107,115,51,57,-7.308621633844861,0.0,0.9995393408515105,True,0,medium,0.5530794707693413
BraTS-GLI-02285-100,gmm_2d,prediction_component,180,220,64512.0,1.3426472345912065e-05,2.0388074732471087e-08,2.23606797749979,1,19.209372712298546,0.1164050492949297,0.5970907065865069,1.3,1,,74,84,33,43,65,78,-7.690623783174347,0.6931471805599453,0.9927992003679463,True,0,medium,0.5530794707693413
BraTS-GLI-02285-100,gmm_2d,prediction_component,181,151,40704.0,1.8387441873562756e-05,3.823798505744048e-08,2.23606797749979,1,16.431676725154983,0.13608276348795434,0.6768964288068925,1.5714285714285714,2,,74,84,60,71,36,43,-7.417505000849143,1.0986122886681098,0.9983062331876255,True,0,medium,0.5530794707693413
BraTS-GLI-02285-100,gmm_2d,prediction_component,182,50,19968.0,1.772018094802615e-05,3.551310767451761e-08,1.7320508075688772,1,12.36931687685298,0.14002800840280097,0.757879504227687,1.6,0,,74,79,71,79,129,137,-7.449611321873531,0.0,0.9990979709939792,True,0,medium,0.5530794707693413
BraTS-GLI-02285-100,gmm_2d,prediction_component,183,25,9984.0,2.5060120224403912e-05,7.102621534903521e-08,1.7320508075688772,1,8.660254037844387,0.19999999999999996,0.9548683406603533,1.0,0,,74,79,73,78,27,32,-7.14858132620955,0.0,0.999943732308326,True,0,medium,0.5530794707693413
BraTS-GLI-02285-100,gmm_2d,prediction_component,184,111,35584.0,1.6536394726997523e-05,3.0926732243341406e-08,1.7320508075688772,1,17.578395831246947,0.0985329278164293,0.5809639319388397,2.0,0,,74,88,85,93,25,32,-7.509665965663098,0.0,0.9959909818003427,True,0,medium,0.5530794707693413
BraTS-GLI-02285-100,gmm_2d,prediction_component,185,25,9984.0,2.5060120224403912e-05,7.102621534903521e-08,1.7320508075688772,1,8.660254037844387,0.19999999999999996,0.9548683406603533,1.0,0,,74,79,115,120,124,129,-7.14858132620955,0.0,0.999943732308326,True,0,medium,0.5530794707693413
BraTS-GLI-02285-100,gmm_2d,prediction_component,186,25,9984.0,2.5060120224403912e-05,7.102621534903521e-08,1.7320508075688772,1,8.660254037844387,0.19999999999999996,0.9548683406603533,1.0,0,,74,79,136,141,52,57,-7.14858132620955,0.0,0.999943732308326,True,0,medium,0.5530794707693413
BraTS-GLI-02285-100,gmm_2d,prediction_component,187,50,19968.0,1.772018094802615e-05,3.551310767451761e-08,1.7320508075688772,1,12.206555615733702,0.14189513095212064,0.757879504227687,1.3333333333333333,0,,75,81,51,58,50,58,-7.449611321873531,0.0,0.9991263213774584,True,0,medium,0.5530794707693413
BraTS-GLI-02285-100,gmm_2d,prediction_component,188,25,9984.0,2.5060120224403912e-05,7.102621534903521e-08,1.7320508075688772,1,8.660254037844387,0.19999999999999996,0.9548683406603533,1.0,0,,75,80,66,71,114,119,-7.14858132620955,0.0,0.999943732308326,True,0,medium,0.5530794707693413
BraTS-GLI-02285-100,gmm_2d,prediction_component,189,25,9984.0,2.5060120224403912e-05,7.102621534903521e-08,1.7320508075688772,1,8.660254037844387,0.19999999999999996,0.9548683406603533,1.0,0,,75,80,72,77,146,151,-7.14858132620955,0.0,0.999943732308326,True,0,medium,0.5530794707693413
BraTS-GLI-02285-100,gmm_2d,prediction_component,190,25,9984.0,2.5060120224403912e-05,7.102621534903521e-08,1.7320508075688772,1,8.660254037844387,0.19999999999999996,0.9548683406603533,1.0,0,,75,80,96,101,25,30,-7.14858132620955,0.0,0.999943732308326,True,0,medium,0.5530794707693413
BraTS-GLI-02285-100,gmm_2d,prediction_component,191,130,41728.0,1.5251129112711257e-05,2.630609407719867e-08,1.7320508075688772,1,18.708286933869708,0.09258200997725513,0.5511574891811026,1.4444444444444444,0,,75,85,100,113,119,128,-7.579943631072328,0.0,0.9936711138232601,True,0,medium,0.5530794707693413
BraTS-GLI-02285-100,gmm_2d,prediction_component,192,38,13824.0,2.3379381024587062e-05,6.181848980958109e-08,1.7320508075688772,1,9.848857801796104,0.17586311452816475,0.8304795924748166,1.2,0,,75,81,115,121,60,65,-7.2088816087094125,0.0,0.9998420452008846,True,0,medium,0.5530794707693413
BraTS-GLI-02285-100,gmm_2d,prediction_component,193,25,9984.0,2.5060120224403912e-05,7.102621534903521e-08,1.7320508075688772,1,8.660254037844387,0.19999999999999996,0.9548683406603533,1.0,0,,76,81,111,116,35,40,-7.14858132620955,0.0,0.999943732308326,True,0,medium,0.5530794707693413
BraTS-GLI-02285-100,gmm_2d,prediction_component,194,50,17920.0,2.084313283576998e-05,4.91335751404014e-08,1.7320508075688772,1,11.661903789690601,0.14852213144650114,0.757879504227687,1.3333333333333333,0,,77,83,53,59,75,83,-7.308621633844861,0.0,0.9995393408515105,True,0,medium,0.5530794707693413
BraTS-GLI-02285-100,gmm_2d,prediction_component,195,50,15360.0,2.6265349298824172e-05,7.802229756091518e-08,1.7320508075688772,1,10.392304845413264,0.16666666666666666,0.757879504227687,1.0,0,,77,83,104,110,131,137,-7.1077812649530205,0.0,0.9998405699403834,True,0,medium,0.5530794707693413
BraTS-GLI-02285-100,gmm_2d,prediction_component,196,25,9984.0,2.5060120224403912e-05,7.102621534903521e-08,1.7320508075688772,1,8.660254037844387,0.19999999999999996,0.9548683406603533,1.0,0,,78,83,33,38,103,108,-7.14858132620955,0.0,0.999943732308326,True,0,medium,0.5530794707693413
BraTS-GLI-02285-100,gmm_2d,prediction_component,197,80,27648.0,1.740180932887327e-05,3.424847080863218e-08,1.7320508075688772,1,13.92838827718412,0.12435400084345173,0.6479778613543024,1.2857142857142858,0,,78,85,100,109,27,35,-7.46535881495109,0.0,0.9982298787390681,True,0,medium,0.5530794707693413
BraTS-GLI-02285-100,gmm_2d,prediction_component,198,25,9984.0,2.5060120224403912e-05,7.102621534903521e-08,1.7320508075688772,1,8.660254037844387,0.19999999999999996,0.9548683406603533,1.0,0,,78,83,121,126,143,148,-7.14858132620955,0.0,0.999943732308326,True,0,medium,0.5530794707693413
BraTS-GLI-02285-100,gmm_2d,prediction_component,199,38,13824.0,2.3379381024587062e-05,6.181848980958109e-08,1.7320508075688772,1,9.848857801796104,0.17586311452816475,0.8304795924748166,1.2,0,,79,85,29,34,95,101,-7.2088816087094125,0.0,0.9998420452008846,True,0,medium,0.5530794707693413
BraTS-GLI-02285-100,gmm_2d,prediction_component,200,132,37888.0,1.7898696754502713e-05,3.623224077837189e-08,2.23606797749979,1,15.652475842498529,0.14285714285714285,0.7079293121435957,1.25,1,,79,89,67,76,83,91,-7.4409048062473,0.6931471805599453,0.9987248609031275,True,0,medium,0.5530794707693413
BraTS-GLI-02285-100,gmm_2d,prediction_component,201,59,19456.0,2.1740607489918187e-05,5.3455909614067176e-08,1.7320508075688772,1,11.180339887498949,0.15491933384829665,0.71719869927557,1.6,0,,79,84,147,155,126,132,-7.272004276032213,0.0,0.9995904417577316,True,0,medium,0.5530794707693413
BraTS-GLI-02285-100,gmm_2d,prediction_component,202,25,9984.0,2.5060120224403912e-05,7.102621534903521e-08,1.7320508075688772,1,8.660254037844387,0.19999999999999996,0.9548683406603533,1.0,0,,80,85,32,37,82,87,-7.14858132620955,0.0,0.999943732308326,True,0,medium,0.5530794707693413
BraTS-GLI-02285-100,gmm_2d,prediction_component,203,61,20736.0,2.042877657750343e-05,4.7199466621822346e-08,1.7320508075688772,1,11.74734012447073,0.14744195615489714,0.7092732030227112,1.6,0,,80,87,64,69,42,50,-7.3260629090885425,0.0,0.9994159050572439,True,0,medium,0.5530794707693413
BraTS-GLI-02285-100,gmm_2d,prediction_component,204,2194,576512.0,5.012150418175546e-06,2.8411918843037077e-09,3.0,1,59.00847396772772,0.050840155629863056,0.3721676184941125,1.1612903225806452,9,,80,111,82,118,116,151,-8.546499434534669,2.302585092994046,0.32458333878833867,False,0,medium,0.5530794707693413
BraTS-GLI-02285-100,gmm_2d,prediction_component,205,136,40448.0,1.6718346804523597e-05,3.1611058130119973e-08,1.7320508075688772,1,16.30950643030009,0.1061988488107183,0.54293002677976,1.375,0,,80,88,104,115,141,150,-7.500160966596961,0.0,0.9961719784810823,True,0,medium,0.5530794707693413
BraTS-GLI-02285-100,gmm_2d,prediction_component,206,38,13824.0,2.3379381024587062e-05,6.181848980958109e-08,1.7320508075688772,1,9.848857801796104,0.17586311452816475,0.8304795924748166,1.2,0,,80,86,116,122,127,132,-7.2088816087094125,0.0,0.9998420452008846,True,0,medium,0.5530794707693413
BraTS-GLI-02285-100,gmm_2d,prediction_component,207,63,22528.0,1.8631876346107425e-05,3.926137994703396e-08,1.7320508075688772,1,13.038404810405298,0.1328422328310143,0.7016868116919668,1.8,0,,81,86,41,49,49,58,-7.4060344400174705,0.0,0.9989646601278377,True,0,medium,0.5530794707693413
BraTS-GLI-02285-100,gmm_2d,prediction_component,208,98,32256.0,1.6916492091534386e-05,3.236480491415741e-08,1.7320508075688772,1,15.84297951775486,0.10932607756185055,0.605593872006889,1.5714285714285714,0,,81,90,57,68,51,58,-7.489927006441826,0.0,0.9971332198684133,True,0,medium,0.5530794707693413
BraTS-GLI-02285-100,gmm_2d,prediction_component,209,250,75264.0,1.2107627889823744e-05,1.6579464670527412e-08,2.0,1,21.213203435596427,0.09428090415820634,0.5117755447140034,1.6666666666666667,1,,81,93,87,96,37,52,-7.780429496366525,0.6931471805599453,0.9809579442153629,True,0,medium,0.5530794707693413
BraTS-GLI-02285-100,gmm_2d,prediction_component,210,46,16896.0,2.0945077921731866e-05,4.961538140913494e-08,1.7320508075688772,1,11.0,0.15745916432444337,0.7792393700163133,1.1666666666666667,0,,81,87,99,105,70,77,-7.3043836657365855,0.0,0.9996363036072939,True,0,medium,0.5530794707693413
BraTS-GLI-02285-100,gmm_2d,prediction_component,211,71,26880.0,1.611070153909641e-05,2.935494545573493e-08,1.7320508075688772,1,13.92838827718412,0.12435400084345173,0.6742755017744779,1.2857142857142858,0,,81,88,106,114,120,129,-7.532318722245791,0.0,0.9979086904842243,True,0,medium,0.5530794707693413
BraTS-GLI-02285-100,gmm_2d,prediction_component,212,25,9984.0,2.5060120224403912e-05,7.102621534903521e-08,1.7320508075688772,1,8.660254037844387,0.19999999999999996,0.9548683406603533,1.0,0,,81,86,133,138,125,130,-7.14858132620955,0.0,0.999943732308326,True,0,medium,0.5530794707693413
BraTS-GLI-02285-100,gmm_2d,prediction_component,213,38,12544.0,2.7047649416909622e-05,8.273922157753891e-08,1.7320508075688772,1,9.273618495495704,0.18677184190940707,0.8304795924748166,1.2,0,,82,88,57,62,71,76,-7.082288569326049,0.0,0.9999183504971614,True,0,medium,0.5530794707693413
BraTS-GLI-02285-100,gmm_2d,prediction_component,214,25,9984.0,2.5060120224403912e-05,7.102621534903521e-08,1.7320508075688772,1,8.660254037844387,0.19999999999999996,0.9548683406603533,1.0,0,,82,87,78,83,148,153,-7.14858132620955,0.0,0.999943732308326,True,0,medium,0.5530794707693413
BraTS-GLI-02285-100,gmm_2d,prediction_component,215,25,9984.0,2.5060120224403912e-05,7.102621534903521e-08,1.7320508075688772,1,8.660254037844387,0.19999999999999996,0.9548683406603533,1.0,0,,82,87,83,88,71,76,-7.14858132620955,0.0,0.999943732308326,True,0,medium,0.5530794707693413
BraTS-GLI-02285-100,gmm_2d,prediction_component,216,25,9984.0,2.5060120224403912e-05,7.102621534903521e-08,1.7320508075688772,1,8.660254037844387,0.19999999999999996,0.9548683406603533,1.0,0,,82,87,147,152,98,103,-7.14858132620955,0.0,0.999943732308326,True,0,medium,0.5530794707693413
BraTS-GLI-02285-100,gmm_2d,prediction_component,217,182,43008.0,2.0405512995475206e-05,4.709202959926666e-08,2.23606797749979,1,16.55294535724685,0.1350858067395748,0.6360492467084707,1.7142857142857142,1,,83,92,93,105,115,122,-7.327052591681567,0.6931471805599453,0.998805064876609,True,0,medium,0.5530794707693413
BraTS-GLI-02285-100,gmm_2d,prediction_component,218,80,23808.0,2.1777379341616795e-05,5.3636892150231376e-08,1.7320508075688772,1,13.114877048604,0.13206763594884358,0.6479778613543024,1.6666666666666667,0,,84,94,37,43,60,66,-7.270536394152046,0.0,0.9992504087908288,True,0,medium,0.5530794707693413
BraTS-GLI-02285-100,gmm_2d,prediction_component,219,25,9984.0,2.5060120224403912e-05,7.102621534903521e-08,1.7320508075688772,1,8.660254037844387,0.19999999999999996,0.9548683406603533,1.0,0,,84,89,55,60,116,121,-7.14858132620955,0.0,0.999943732308326,True,0,medium,0.5530794707693413
BraTS-GLI-02285-100,gmm_2d,prediction_component,220,25,9984.0,2.5060120224403912e-05,7.102621534903521e-08,1.7320508075688772,1,8.660254037844387,0.19999999999999996,0.9548683406603533,1.0,0,,84,89,97,102,64,69,-7.14858132620955,0.0,0.999943732308326,True,0,medium,0.5530794707693413
BraTS-GLI-02285-100,gmm_2d,prediction_component,221,25,9984.0,2.5060120224403912e-05,7.102621534903521e-08,1.7320508075688772,1,8.660254037844387,0.19999999999999996,0.9548683406603533,1.0,0,,84,89,151,156,75,80,-7.14858132620955,0.0,0.999943732308326,True,0,medium,0.5530794707693413
BraTS-GLI-02285-100,gmm_2d,prediction_component,222,51,16384.0,2.4318695068359375e-05,6.688564319836902e-08,1.7320508075688772,1,10.488088481701515,0.1651445647689541,0.7528933105024771,1.4,0,,84,89,158,165,96,102,-7.1746670922299165,0.0,0.9997865484491313,True,0,medium,0.5530794707693413
BraTS-GLI-02285-100,gmm_2d,prediction_component,223,25,9984.0,2.5060120224403912e-05,7.102621534903521e-08,1.7320508075688772,1,8.660254037844387,0.19999999999999996,0.9548683406603533,1.0,0,,85,90,48,53,62,67,-7.14858132620955,0.0,0.999943732308326,True,0,medium,0.5530794707693413
BraTS-GLI-02285-100,gmm_2d,prediction_component,224,124,34304.0,1.951661700750799e-05,4.307858729565679e-08,1.7320508075688772,1,15.652475842498529,0.11065666703449761,0.5599074791157995,1.25,0,,85,95,99,107,129,138,-7.365738547244081,0.0,0.9979627031115647,True,0,medium,0.5530794707693413
BraTS-GLI-02285-100,gmm_2d,prediction_component,225,50,17152.0,2.2258600373918718e-05,5.6033542268023926e-08,1.7320508075688772,1,11.575836902790225,0.14962640041614492,0.757879504227687,1.1666666666666667,0,,85,92,119,126,40,46,-7.25155192190457,0.0,0.9996347717724022,True,0,medium,0.5530794707693413
BraTS-GLI-02285-100,gmm_2d,prediction_component,226,25,9984.0,2.5060120224403912e-05,7.102621534903521e-08,1.7320508075688772,1,8.660254037844387,0.19999999999999996,0.9548683406603533,1.0,0,,86,91,37,42,104,109,-7.14858132620955,0.0,0.999943732308326,True,0,medium,0.5530794707693413
BraTS-GLI-02285-100,gmm_2d,prediction_component,227,25,9984.0,2.5060120224403912e-05,7.102621534903521e-08,1.7320508075688772,1,8.660254037844387,0.19999999999999996,0.9548683406603533,1.0,0,,86,91,41,46,77,82,-7.14858132620955,0.0,0.999943732308326,True,0,medium,0.5530794707693413
BraTS-GLI-02285-100,gmm_2d,prediction_component,228,25,9984.0,2.5060120224403912e-05,7.102621534903521e-08,1.7320508075688772,1,8.660254037844387,0.19999999999999996,0.9548683406603533,1.0,0,,86,91,73,78,74,79,-7.14858132620955,0.0,0.999943732308326,True,0,medium,0.5530794707693413
BraTS-GLI-02285-100,gmm_2d,prediction_component,229,25,9984.0,2.5060120224403912e-05,7.102621534903521e-08,1.7320508075688772,1,8.660254037844387,0.19999999999999996,0.9548683406603533,1.0,0,,86,91,76,81,46,51,-7.14858132620955,0.0,0.999943732308326,True,0,medium,0.5530794707693413
BraTS-GLI-02285-100,gmm_2d,prediction_component,230,25,9984.0,2.5060120224403912e-05,7.102621534903521e-08,1.7320508075688772,1,8.660254037844387,0.19999999999999996,0.9548683406603533,1.0,0,,86,91,113,118,54,59,-7.14858132620955,0.0,0.999943732308326,True,0,medium,0.5530794707693413
BraTS-GLI-02285-100,gmm_2d,prediction_component,231,46,15616.0,2.357236358908017e-05,6.284324984734695e-08,1.7320508075688772,1,10.488088481701515,0.1651445647689541,0.7792393700163133,1.4,0,,86,93,155,160,110,116,-7.20174136414328,0.0,0.9997827120276648,True,0,medium,0.5530794707693413
BraTS-GLI-02285-100,gmm_2d,prediction_component,232,6584,1512960.0,3.5379252508597697e-06,1.4156297446695773e-09,2.8284271247461903,1,101.20770721639731,0.027946756255416275,0.24326404421810863,1.1454545454545455,20,,86,143,131,186,82,145,-8.849050320709466,3.044522437723423,0.04964201289101216,False,0,medium,0.5530794707693413
BraTS-GLI-02285-100,gmm_2d,prediction_component,233,51,16384.0,2.4318695068359375e-05,6.688564319836902e-08,1.7320508075688772,1,10.488088481701515,0.1651445647689541,0.7528933105024771,1.4,0,,87,93,48,55,75,80,-7.1746670922299165,0.0,0.9997865484491313,True,0,medium,0.5530794707693413
BraTS-GLI-02285-100,gmm_2d,prediction_component,234,81,22784.0,2.3552665324491735e-05,6.273826370702117e-08,1.7320508075688772,1,12.884098726725126,0.13443321448446624,0.6453002363415847,1.5,0,,87,94,47,56,117,123,-7.202467504651566,0.0,0.9994370160325694,True,0,medium,0.5530794707693413
BraTS-GLI-02285-100,gmm_2d,prediction_component,235,180,52224.0,1.508229065689636e-05,2.5726871982227272e-08,2.0,1,19.261360284258224,0.103834826330233,0.5709990211296744,1.4444444444444444,1,,87,100,69,80,143,152,-7.589613014545212,0.6931471805599453,0.9933479186082094,True,0,medium,0.5530794707693413
BraTS-GLI-02285-100,gmm_2d,prediction_component,236,25,9984.0,2.5060120224403912e-05,7.102621534903521e-08,1.7320508075688772,1,8.660254037844387,0.19999999999999996,0.9548683406603533,1.0,0,,87,92,125,130,80,85,-7.14858132620955,0.0,0.999943732308326,True,0,medium,0.5530794707693413
BraTS-GLI-02285-100,gmm_2d,prediction_component,237,25,9984.0,2.5060120224403912e-05,7.102621534903521e-08,1.7320508075688772,1,8.660254037844387,0.19999999999999996,0.9548683406603533,1.0,0,,87,92,143,148,89,94,-7.14858132620955,0.0,0.999943732308326,True,0,medium,0.5530794707693413
BraTS-GLI-02285-100,gmm_2d,prediction_component,238,38,12544.0,2.7047649416909622e-05,8.273922157753891e-08,1.7320508075688772,1,9.273618495495704,0.18677184190940707,0.8304795924748166,1.2,0,,88,94,34,39,84,89,-7.082288569326049,0.0,0.9999183504971614,True,0,medium,0.5530794707693413
BraTS-GLI-02285-100,gmm_2d,prediction_component,239,50,17152.0,2.2258600373918718e-05,5.6033542268023926e-08,1.7320508075688772,1,11.575836902790225,0.14962640041614492,0.757879504227687,1.1666666666666667,0,,88,95,113,119,62,69,-7.25155192190457,0.0,0.9996347717724022,True,0,medium,0.5530794707693413
BraTS-GLI-02285-100,gmm_2d,prediction_component,240,46,16896.0,2.0945077921731866e-05,4.961538140913494e-08,1.7320508075688772,1,11.0,0.15745916432444337,0.7792393700163133,1.1666666666666667,0,,88,94,113,120,124,130,-7.3043836657365855,0.0,0.9996363036072939,True,0,medium,0.5530794707693413
BraTS-GLI-02285-100,gmm_2d,prediction_component,241,90,29440.0,1.7817050089510074e-05,3.590244084821624e-08,1.7320508075688772,1,15.7797338380595,0.10976425998969035,0.623030528071304,1.375,0,,88,99,122,130,105,113,-7.444876024656313,0.0,0.9977233831851015,True,0,medium,0.5530794707693413
BraTS-GLI-02285-100,gmm_2d,prediction_component,242,156,47360.0,1.5135858457378856e-05,2.5909944876619527e-08,1.7320508075688772,1,19.72308292331602,0.08781846196678006,0.5186590549070232,2.0,0,,88,100,145,159,38,45,-7.586533510974246,0.0,0.9922111631218928,True,0,medium,0.5530794707693413
BraTS-GLI-02285-100,gmm_2d,prediction_component,243,120,32768.0,2.0230487285229133e-05,4.628764235181247e-08,1.7320508075688772,1,16.55294535724685,0.10463701596227336,0.5660608012607246,1.7142857142857142,0,,89,98,64,71,135,147,-7.3345349393224835,0.0,0.9980288394557024,True,0,medium,0.5530794707693413
BraTS-GLI-02285-100,gmm_2d,prediction_component,244,25,9984.0,2.5060120224403912e-05,7.102621534903521e-08,1.7320508075688772,1,8.660254037844387,0.19999999999999996,0.9548683406603533,1.0,0,,89,94,84,89,147,152,-7.14858132620955,0.0,0.999943732308326,True,0,medium,0.5530794707693413
BraTS-GLI-02285-100,gmm_2d,prediction_component,245,50,19968.0,1.772018094802615e-05,3.551310767451761e-08,1.7320508075688772,1,12.12435565298214,0.14285714285714285,0.757879504227687,1.0,0,,89,96,107,114,126,133,-7.449611321873531,0.0,0.9991405792558605,True,0,medium,0.5530794707693413
BraTS-GLI-02285-100,gmm_2d,prediction_component,246,25,9984.0,2.5060120224403912e-05,7.102621534903521e-08,1.7320508075688772,1,8.660254037844387,0.19999999999999996,0.9548683406603533,1.0,0,,89,94,123,128,121,126,-7.14858132620955,0.0,0.999943732308326,True,0,medium,0.5530794707693413
BraTS-GLI-02285-100,gmm_2d,prediction_component,247,38,12544.0,2.7047649416909622e-05,8.273922157753891e-08,1.7320508075688772,1,9.273618495495704,0.18677184190940707,0.8304795924748166,1.2,0,,89,95,133,138,45,50,-7.082288569326049,0.0,0.9999183504971614,True,0,medium,0.5530794707693413
BraTS-GLI-02285-100,gmm_2d,prediction_component,248,452,90624.0,1.6568133824968808e-05,3.104556450442395e-08,2.449489742783178,1,25.337718918639855,0.09667364890456635,0.514508258380403,1.8181818181818181,2,,89,100,166,177,47,67,-7.508000438928727,1.0986122886681098,0.9922496436689173,True,0,medium,0.5530794707693413
BraTS-GLI-02285-100,gmm_2d,prediction_component,249,38,12544.0,2.7047649416909622e-05,8.273922157753891e-08,1.7320508075688772,1,9.273618495495704,0.18677184190940707,0.8304795924748166,1.2,0,,90,95,70,75,132,138,-7.082288569326049,0.0,0.9999183504971614,True,0,medium,0.5530794707693413
BraTS-GLI-02285-100,gmm_2d,prediction_component,250,38,12544.0,2.7047649416909622e-05,8.273922157753891e-08,1.7320508075688772,1,9.273618495495704,0.18677184190940707,0.8304795924748166,1.2,0,,90,95,81,86,131,137,-7.082288569326049,0.0,0.9999183504971614,True,0,medium,0.5530794707693413
BraTS-GLI-02285-100,gmm_2d,prediction_component,251,25,9984.0,2.5060120224403912e-05,7.102621534903521e-08,1.7320508075688772,1,8.660254037844387,0.19999999999999996,0.9548683406603533,1.0,0,,90,95,104,109,31,36,-7.14858132620955,0.0,0.999943732308326,True,0,medium,0.5530794707693413
BraTS-GLI-02285-100,gmm_2d,prediction_component,252,166,54528.0,1.3037032101783746e-05,1.9222498836536043e-08,1.7320508075688772,1,20.09975124224178,0.0861727484432139,0.5080277878786937,1.75,0,,91,105,33,41,71,83,-7.716190156710231,0.0,0.9866231690934214,True,0,medium,0.5530794707693413
BraTS-GLI-02285-100,gmm_2d,prediction_component,253,110,38400.0,1.4618265609057595e-05,2.4168186892469086e-08,1.7320508075688772,1,16.186414056238647,0.10700645625096324,0.5827191206450295,1.1111111111111112,0,,91,101,41,50,96,105,-7.616755929324722,0.0,0.9948597339320306,True,0,medium,0.5530794707693413
BraTS-GLI-02285-100,gmm_2d,prediction_component,254,60,18432.0,2.3976873819530824e-05,6.501858130076264e-08,1.7320508075688772,1,11.0,0.15745916432444337,0.7131919190287451,1.1666666666666667,0,,91,97,59,66,35,41,-7.186962511000646,0.0,0.9997109744729352,True,0,medium,0.5530794707693413
BraTS-GLI-02285-100,gmm_2d,prediction_component,255,38,13824.0,2.3379381024587062e-05,6.181848980958109e-08,1.7320508075688772,1,9.848857801796104,0.17586311452816475,0.8304795924748166,1.2,0,,92,98,41,47,57,62,-7.2088816087094125,0.0,0.9998420452008846,True,0,medium,0.5530794707693413
BraTS-GLI-02285-100,gmm_2d,prediction_component,256,25,9984.0,2.5060120224403912e-05,7.102621534903521e-08,1.7320508075688772,1,8.660254037844387,0.19999999999999996,0.9548683406603533,1.0,0,,92,97,42,47,118,123,-7.14858132620955,0.0,0.999943732308326,True,0,medium,0.5530794707693413
BraTS-GLI-02285-100,gmm_2d,prediction_component,257,25,9984.0,2.5060120224403912e-05,7.102621534903521e-08,1.7320508075688772,1,8.660254037844387,0.19999999999999996,0.9548683406603533,1.0,0,,92,97,57,62,122,127,-7.14858132620955,0.0,0.999943732308326,True,0,medium,0.5530794707693413
BraTS-GLI-02285-100,gmm_2d,prediction_component,258,77,23296.0,2.1655523595141794e-05,5.3038318981782406e-08,1.7320508075688772,1,12.727922061357855,0.13608276348795434,0.6562861745204266,1.1428571428571428,0,,92,100,94,101,104,111,-7.275410249092444,0.0,0.9993057913817066,True,0,medium,0.5530794707693413
BraTS-GLI-02285-100,gmm_2d,prediction_component,259,38,12544.0,2.7047649416909622e-05,8.273922157753891e-08,1.7320508075688772,1,9.273618495495704,0.18677184190940707,0.8304795924748166,1.2,0,,92,97,99,104,37,43,-7.082288569326049,0.0,0.9999183504971614,True,0,medium,0.5530794707693413
BraTS-GLI-02285-100,gmm_2d,prediction_component,260,51,16384.0,2.4318695068359375e-05,6.688564319836902e-08,1.7320508075688772,1,10.488088481701515,0.1651445647689541,0.7528933105024771,1.4,0,,92,99,145,150,87,93,-7.1746670922299165,0.0,0.9997865484491313,True,0,medium,0.5530794707693413
BraTS-GLI-02285-100,gmm_2d,prediction_component,261,25,9984.0,2.5060120224403912e-05,7.102621534903521e-08,1.7320508075688772,1,8.660254037844387,0.19999999999999996,0.9548683406603533,1.0,0,,93,98,44,49,106,111,-7.14858132620955,0.0,0.999943732308326,True,0,medium,0.5530794707693413
BraTS-GLI-02285-100,gmm_2d,prediction_component,262,44,13824.0,2.7070862238995545e-05,8.288129935688987e-08,1.7320508075688772,1,10.392304845413264,0.16666666666666666,0.7908715233027805,1.0,0,,93,99,95,101,117,123,-7.081543448970658,0.0,0.9998697917142197,True,0,medium,0.5530794707693413
BraTS-GLI-02285-100,gmm_2d,prediction_component,263,103,27648.0,2.2404829510924333e-05,5.677219168887168e-08,2.23606797749979,1,13.45362404707371,0.1662056238286334,0.768957133841457,1.5,1,,93,101,105,111,118,127,-7.2458643395246325,0.6931471805599453,0.9996596987226961,True,0,medium,0.5530794707693413
BraTS-GLI-02285-100,gmm_2d,prediction_component,264,38,12544.0,2.7047649416909622e-05,8.273922157753891e-08,1.7320508075688772,1,9.273618495495704,0.18677184190940707,0.8304795924748166,1.2,0,,93,98,129,134,100,106,-7.082288569326049,0.0,0.9999183504971614,True,0,medium,0.5530794707693413
BraTS-GLI-02285-100,gmm_2d,prediction_component,265,25,9984.0,2.5060120224403912e-05,7.102621534903521e-08,1.7320508075688772,1,8.660254037844387,0.19999999999999996,0.9548683406603533,1.0,0,,93,98,156,161,54,59,-7.14858132620955,0.0,0.999943732308326,True,0,medium,0.5530794707693413
BraTS-GLI-02285-100,gmm_2d,prediction_component,266,25,9984.0,2.5060120224403912e-05,7.102621534903521e-08,1.7320508075688772,1,8.660254037844387,0.19999999999999996,0.9548683406603533,1.0,0,,93,98,158,163,108,113,-7.14858132620955,0.0,0.999943732308326,True,0,medium,0.5530794707693413
BraTS-GLI-02285-100,gmm_2d,prediction_component,267,63,23808.0,1.7149686231523227e-05,3.326325389754192e-08,1.7320508075688772,1,13.892443989449804,0.1246757452385074,0.7016868116919668,1.8333333333333333,0,,93,99,173,179,59,70,-7.478035269228769,0.0,0.9984424000598343,True,0,medium,0.5530794707693413
BraTS-GLI-02285-100,gmm_2d,prediction_component,268,25,9984.0,2.5060120224403912e-05,7.102621534903521e-08,1.7320508075688772,1,8.660254037844387,0.19999999999999996,0.9548683406603533,1.0,0,,94,99,60,65,129,134,-7.14858132620955,0.0,0.999943732308326,True,0,medium,0.5530794707693413
BraTS-GLI-02285-100,gmm_2d,prediction_component,269,89,28928.0,1.8088909811890763e-05,3.7006427402560813e-08,1.7320508075688772,1,14.730919862656235,0.11757927025044307,0.6253552903860047,1.6666666666666667,0,,94,104,89,95,45,54,-7.431722839634562,0.0,0.9981171653539536,True,0,medium,0.5530794707693413
BraTS-GLI-02285-100,gmm_2d,prediction_component,270,38,12544.0,2.7047649416909622e-05,8.273922157753891e-08,1.7320508075688772,1,9.273618495495704,0.18677184190940707,0.8304795924748166,1.2,0,,94,100,98,103,123,128,-7.082288569326049,0.0,0.9999183504971614,True,0,medium,0.5530794707693413
BraTS-GLI-02285-100,gmm_2d,prediction_component,271,88,27392.0,1.9410961922280777e-05,4.261342964102748e-08,1.7320508075688772,1,14.071247279470288,0.12309149097933272,0.627715144031263,1.4285714285714286,0,,94,104,122,129,41,48,-7.370453511229419,0.0,0.9986468267455221,True,0,medium,0.5530794707693413
BraTS-GLI-02285-100,gmm_2d,prediction_component,272,25,9984.0,2.5060120224403912e-05,7.102621534903521e-08,1.7320508075688772,1,8.660254037844387,0.19999999999999996,0.9548683406603533,1.0,0,,94,99,160,165,95,100,-7.14858132620955,0.0,0.999943732308326,True,0,medium,0.5530794707693413
BraTS-GLI-02285-100,gmm_2d,prediction_component,273,50,15360.0,2.6265349298824172e-05,7.802229756091518e-08,1.7320508075688772,1,10.392304845413264,0.16666666666666666,0.757879504227687,1.0,0,,95,101,59,65,141,147,-7.1077812649530205,0.0,0.9998405699403834,True,0,medium,0.5530794707693413
BraTS-GLI-02285-100,gmm_2d,prediction_component,274,178,51968.0,1.5025052475701411e-05,2.5531972524473782e-08,2.23606797749979,1,19.339079605813716,0.11562432251572008,0.6407784110308046,2.142857142857143,1,,95,110,97,107,70,77,-7.592915631595979,0.6931471805599453,0.9955768969511927,True,0,medium,0.5530794707693413
BraTS-GLI-02285-100,gmm_2d,prediction_component,275,133,38144.0,1.7853044618588833e-05,3.604764971357009e-08,2.23606797749979,1,18.2208671582886,0.122720173418454,0.7061505877834446,2.3333333333333335,1,,95,105,112,126,32,38,-7.443123045776778,0.6931471805599453,0.9981757974919683,True,0,medium,0.5530794707693413
BraTS-GLI-02285-100,gmm_2d,prediction_component,276,59,18944.0,2.2627912155185472e-05,5.790837013292587e-08,1.7320508075688772,1,11.575836902790225,0.14962640041614492,0.71719869927557,1.1666666666666667,0,,96,102,61,68,77,84,-7.237258658382768,0.0,0.9996062081914523,True,0,medium,0.5530794707693413
BraTS-GLI-02285-100,gmm_2d,prediction_component,277,38,13824.0,2.3379381024587062e-05,6.181848980958109e-08,1.7320508075688772,1,9.848857801796104,0.17586311452816475,0.8304795924748166,1.2,0,,96,101,84,90,39,45,-7.2088816087094125,0.0,0.9998420452008846,True,0,medium,0.5530794707693413
BraTS-GLI-02285-100,gmm_2d,prediction_component,278,546,150784.0,9.325234302731054e-06,9.834943709610006e-09,2.23606797749979,1,36.78314831549904,0.06079055436800646,0.44101191624754643,2.1538461538461537,4,,96,116,102,130,101,114,-8.007228121425959,1.6094379124341003,0.8744259660170347,True,0,medium,0.5530794707693413
BraTS-GLI-02285-100,gmm_2d,prediction_component,279,112,33024.0,1.8662658503752925e-05,3.939121639520022e-08,1.7320508075688772,1,14.52583904633395,0.11923929502757463,0.5792297009289245,1.2857142857142858,0,,96,103,112,121,121,130,-7.404600608031512,0.0,0.9980864942481872,True,0,medium,0.5530794707693413
BraTS-GLI-02285-100,gmm_2d,prediction_component,280,25,9984.0,2.5060120224403912e-05,7.102621534903521e-08,1.7320508075688772,1,8.660254037844387,0.19999999999999996,0.9548683406603533,1.0,0,,96,101,119,124,118,123,-7.14858132620955,0.0,0.999943732308326,True,0,medium,0.5530794707693413
BraTS-GLI-02285-100,gmm_2d,prediction_component,281,86,31488.0,1.5391496082118424e-05,2.6792549742947602e-08,1.7320508075688772,1,13.92838827718412,0.12435400084345173,0.6325439118228858,1.2857142857142858,0,,96,104,156,163,130,139,-7.571985954305186,0.0,0.9972338020382422,True,0,medium,0.5530794707693413
BraTS-GLI-02285-100,gmm_2d,prediction_component,282,38,13824.0,2.3379381024587062e-05,6.181848980958109e-08,1.7320508075688772,1,9.848857801796104,0.17586311452816475,0.8304795924748166,1.2,0,,97,103,68,73,81,87,-7.2088816087094125,0.0,0.9998420452008846,True,0,medium,0.5530794707693413
BraTS-GLI-02285-100,gmm_2d,prediction_component,283,25,9984.0,2.5060120224403912e-05,7.102621534903521e-08,1.7320508075688772,1,8.660254037844387,0.19999999999999996,0.9548683406603533,1.0,0,,97,102,181,186,104,109,-7.14858132620955,0.0,0.999943732308326,True,0,medium,0.5530794707693413
BraTS-GLI-02285-100,gmm_2d,prediction_component,284,25,9984.0,2.5060120224403912e-05,7.102621534903521e-08,1.7320508075688772,1,8.660254037844387,0.19999999999999996,0.9548683406603533,1.0,0,,98,103,36,41,83,88,-7.14858132620955,0.0,0.999943732308326,True,0,medium,0.5530794707693413
BraTS-GLI-02285-100,gmm_2d,prediction_component,285,25,9984.0,2.5060120224403912e-05,7.102621534903521e-08,1.7320508075688772,1,8.660254037844387,0.19999999999999996,0.9548683406603533,1.0,0,,98,103,97,102,30,35,-7.14858132620955,0.0,0.999943732308326,True,0,medium,0.5530794707693413
BraTS-GLI-02285-100,gmm_2d,prediction_component,286,38,12544.0,2.7047649416909622e-05,8.273922157753891e-08,1.7320508075688772,1,9.273618495495704,0.18677184190940707,0.8304795924748166,1.2,0,,98,103,147,152,123,129,-7.082288569326049,0.0,0.9999183504971614,True,0,medium,0.5530794707693413
BraTS-GLI-02285-100,gmm_2d,prediction_component,287,25,9984.0,2.5060120224403912e-05,7.102621534903521e-08,1.7320508075688772,1,8.660254037844387,0.19999999999999996,0.9548683406603533,1.0,0,,99,104,81,86,103,108,-7.14858132620955,0.0,0.999943732308326,True,0,medium,0.5530794707693413
BraTS-GLI-02285-100,gmm_2d,prediction_component,288,25,9984.0,2.5060120224403912e-05,7.102621534903521e-08,1.7320508075688772,1,8.660254037844387,0.19999999999999996,0.9548683406603533,1.0,0,,99,104,82,87,144,149,-7.14858132620955,0.0,0.999943732308326,True,0,medium,0.5530794707693413
BraTS-GLI-02285-100,gmm_2d,prediction_component,289,168,42240.0,1.9351891367651492e-05,4.235446578121511e-08,2.23606797749979,1,19.748417658131498,0.11322770341445959,0.6532480340020785,1.3,1,,99,112,92,103,132,142,-7.373100791664121,0.6931471805599453,0.9980473130121716,True,0,medium,0.5530794707693413
BraTS-GLI-02285-100,gmm_2d,prediction_component,290,51,16384.0,2.4318695068359375e-05,6.688564319836902e-08,1.7320508075688772,1,10.488088481701515,0.1651445647689541,0.7528933105024771,1.4,0,,99,104,175,181,55,62,-7.1746670922299165,0.0,0.9997865484491313,True,0,medium,0.5530794707693413
BraTS-GLI-02285-100,gmm_2d,prediction_component,291,63,21248.0,2.03405861120767e-05,4.67928286499433e-08,1.7320508075688772,1,12.36931687685298,0.14002800840280097,0.7016868116919668,1.6,0,,100,108,174,179,118,126,-7.329820700695186,0.0,0.9993112123789376,True,0,medium,0.5530794707693413
BraTS-GLI-02285-100,gmm_2d,prediction_component,292,63,23808.0,1.7149686231523227e-05,3.326325389754192e-08,1.7320508075688772,1,13.74772708486752,0.1259881576697424,0.7016868116919668,2.0,0,,100,108,183,188,96,106,-7.478035269228769,0.0,0.998476951181779,True,0,medium,0.5530794707693413
BraTS-GLI-02285-100,gmm_2d,prediction_component,293,38,12544.0,2.7047649416909622e-05,8.273922157753891e-08,1.7320508075688772,1,9.273618495495704,0.18677184190940707,0.8304795924748166,1.2,0,,101,106,35,41,94,99,-7.082288569326049,0.0,0.9999183504971614,True,0,medium,0.5530794707693413
BraTS-GLI-02285-100,gmm_2d,prediction_component,294,97,33280.0,1.5977056015771828e-05,2.8869940521463923e-08,1.7320508075688772,1,14.594519519326424,0.11867816581938533,0.6076678398117905,1.4285714285714286,0,,101,108,38,46,64,74,-7.539554110862148,0.0,0.9970788315042824,True,0,medium,0.5530794707693413
BraTS-GLI-02285-100,gmm_2d,prediction_component,295,2805,432128.0,9.874480447264869e-06,1.102759687990405e-08,3.7416573867739413,1,51.778373863998475,0.07226293735299241,0.42767703683535224,1.894736842105263,3,,101,137,35,67,110,129,-7.957519118158676,1.3862943611198906,0.9143076737259254,True,0,medium,0.5530794707693413
BraTS-GLI-02285-100,gmm_2d,prediction_component,296,38,12544.0,2.7047649416909622e-05,8.273922157753891e-08,1.7320508075688772,1,9.273618495495704,0.18677184190940707,0.8304795924748166,1.2,0,,101,106,51,56,47,53,-7.082288569326049,0.0,0.9999183504971614,True,0,medium,0.5530794707693413
BraTS-GLI-02285-100,gmm_2d,prediction_component,297,38,12544.0,2.7047649416909622e-05,8.273922157753891e-08,1.7320508075688772,1,9.273618495495704,0.18677184190940707,0.8304795924748166,1.2,0,,101,106,69,75,99,104,-7.082288569326049,0.0,0.9999183504971614,True,0,medium,0.5530794707693413
BraTS-GLI-02285-100,gmm_2d,prediction_component,298,51,16384.0,2.4318695068359375e-05,6.688564319836902e-08,1.7320508075688772,1,10.488088481701515,0.1651445647689541,0.7528933105024771,1.4,0,,101,106,70,76,110,117,-7.1746670922299165,0.0,0.9997865484491313,True,0,medium,0.5530794707693413
BraTS-GLI-02285-100,gmm_2d,prediction_component,299,25,9984.0,2.5060120224403912e-05,7.102621534903521e-08,1.7320508075688772,1,8.660254037844387,0.19999999999999996,0.9548683406603533,1.0,0,,101,106,76,81,144,149,-7.14858132620955,0.0,0.999943732308326,True,0,medium,0.5530794707693413
BraTS-GLI-02285-100,gmm_2d,prediction_component,300,50,15360.0,2.6265349298824172e-05,7.802229756091518e-08,1.7320508075688772,1,10.392304845413264,0.16666666666666666,0.757879504227687,1.0,0,,101,107,93,99,32,38,-7.1077812649530205,0.0,0.9998405699403834,True,0,medium,0.5530794707693413
BraTS-GLI-02285-100,gmm_2d,prediction_component,301,90,24064.0,2.410964307765007e-05,6.574064119346252e-08,2.23606797749979,1,12.68857754044952,0.17622684421256035,0.804328953132991,2.0,1,,101,111,108,113,37,43,-7.182166064394574,0.6931471805599453,0.9997979810911941,True,0,medium,0.5530794707693413
BraTS-GLI-02285-100,gmm_2d,prediction_component,302,38,13824.0,2.3379381024587062e-05,6.181848980958109e-08,1.7320508075688772,1,9.848857801796104,0.17586311452816475,0.8304795924748166,1.2,0,,101,106,142,148,92,98,-7.2088816087094125,0.0,0.9998420452008846,True,0,medium,0.5530794707693413
BraTS-GLI-02285-100,gmm_2d,prediction_component,303,25,9984.0,2.5060120224403912e-05,7.102621534903521e-08,1.7320508075688772,1,8.660254037844387,0.19999999999999996,0.9548683406603533,1.0,0,,101,106,145,150,72,77,-7.14858132620955,0.0,0.999943732308326,True,0,medium,0.5530794707693413
BraTS-GLI-02285-100,gmm_2d,prediction_component,304,88,31744.0,1.5559305083594727e-05,2.7379957289813422e-08,1.7320508075688772,1,16.55294535724685,0.10463701596227336,0.627715144031263,1.7142857142857142,0,,102,114,70,79,41,48,-7.562567233660496,0.0,0.996203640423113,True,0,medium,0.5530794707693413
BraTS-GLI-02285-100,gmm_2d,prediction_component,305,60,17152.0,2.6710320448702462e-05,8.068830086595445e-08,2.23606797749979,1,10.488088481701515,0.21320071635561044,0.9207268083493462,1.4,1,,102,107,89,95,43,50,-7.093189429809319,0.6931471805599453,0.9999467728816867,True,0,medium,0.5530794707693413
BraTS-GLI-02285-100,gmm_2d,prediction_component,306,38,12544.0,2.7047649416909622e-05,8.273922157753891e-08,1.7320508075688772,1,9.273618495495704,0.18677184190940707,0.8304795924748166,1.2,0,,102,108,96,101,143,148,-7.082288569326049,0.0,0.9999183504971614,True,0,medium,0.5530794707693413
BraTS-GLI-02285-100,gmm_2d,prediction_component,307,56,16896.0,2.549835573080401e-05,7.35320586479429e-08,1.7320508075688772,1,10.392304845413264,0.16666666666666666,0.7297836929246639,1.0,0,,102,108,139,145,131,137,-7.133523275087333,0.0,0.9998081484339618,True,0,medium,0.5530794707693413
BraTS-GLI-02285-100,gmm_2d,prediction_component,308,44,13824.0,2.7070862238995545e-05,8.288129935688987e-08,1.7320508075688772,1,10.392304845413264,0.16666666666666666,0.7908715233027805,1.0,0,,103,109,109,115,69,75,-7.081543448970658,0.0,0.9998697917142197,True,0,medium,0.5530794707693413
BraTS-GLI-02285-100,gmm_2d,prediction_component,309,38,12544.0,2.7047649416909622e-05,8.273922157753891e-08,1.7320508075688772,1,9.273618495495704,0.18677184190940707,0.8304795924748166,1.2,0,,103,108,114,119,133,139,-7.082288569326049,0.0,0.9999183504971614,True,0,medium,0.5530794707693413
BraTS-GLI-02285-100,gmm_2d,prediction_component,310,25,9984.0,2.5060120224403912e-05,7.102621534903521e-08,1.7320508075688772,1,8.660254037844387,0.19999999999999996,0.9548683406603533,1.0,0,,104,109,37,42,104,109,-7.14858132620955,0.0,0.999943732308326,True,0,medium,0.5530794707693413
BraTS-GLI-02285-100,gmm_2d,prediction_component,311,25,9984.0,2.5060120224403912e-05,7.102621534903521e-08,1.7320508075688772,1,8.660254037844387,0.19999999999999996,0.9548683406603533,1.0,0,,104,109,60,65,133,138,-7.14858132620955,0.0,0.999943732308326,True,0,medium,0.5530794707693413
BraTS-GLI-02285-100,gmm_2d,prediction_component,312,768,233728.0,6.796653124878442e-06,5.224474153582858e-09,2.23606797749979,1,42.24926034855522,0.05292561240249631,0.3936051739344468,1.6842105263157894,1,,104,136,114,134,39,58,-8.281957415014,0.6931471805599453,0.7281382645880748,True,0,medium,0.5530794707693413
BraTS-GLI-02285-100,gmm_2d,prediction_component,313,25,9984.0,2.5060120224403912e-05,7.102621534903521e-08,1.7320508075688772,1,8.660254037844387,0.19999999999999996,0.9548683406603533,1.0,0,,104,109,150,155,86,91,-7.14858132620955,0.0,0.999943732308326,True,0,medium,0.5530794707693413
BraTS-GLI-02285-100,gmm_2d,prediction_component,314,25,9984.0,2.5060120224403912e-05,7.102621534903521e-08,1.7320508075688772,1,8.660254037844387,0.19999999999999996,0.9548683406603533,1.0,0,,105,110,68,73,66,71,-7.14858132620955,0.0,0.999943732308326,True,0,medium,0.5530794707693413
BraTS-GLI-02285-100,gmm_2d,prediction_component,315,2899,751104.0,4.4534656111962665e-06,2.2430997125600355e-09,2.449489742783178,1,71.9027120489902,0.03406672256137213,0.2769209140902947,1.25,10,,105,150,64,100,103,146,-8.649151420285925,2.3978952727983707,0.14904040436971658,False,0,medium,0.5530794707693413
BraTS-GLI-02285-100,gmm_2d,prediction_component,316,25,9984.0,2.5060120224403912e-05,7.102621534903521e-08,1.7320508075688772,1,8.660254037844387,0.19999999999999996,0.9548683406603533,1.0,0,,105,110,75,80,32,37,-7.14858132620955,0.0,0.999943732308326,True,0,medium,0.5530794707693413
BraTS-GLI-02285-100,gmm_2d,prediction_component,317,38,13824.0,2.3379381024587062e-05,6.181848980958109e-08,1.7320508075688772,1,9.848857801796104,0.17586311452816475,0.8304795924748166,1.2,0,,105,111,78,83,141,147,-7.2088816087094125,0.0,0.9998420452008846,True,0,medium,0.5530794707693413
BraTS-GLI-02285-100,gmm_2d,prediction_component,318,25,9984.0,2.5060120224403912e-05,7.102621534903521e-08,1.7320508075688772,1,8.660254037844387,0.19999999999999996,0.9548683406603533,1.0,0,,105,110,184,189,77,82,-7.14858132620955,0.0,0.999943732308326,True,0,medium,0.5530794707693413
BraTS-GLI-02285-100,gmm_2d,prediction_component,319,72,20736.0,2.4112654320987653e-05,6.575706395257378e-08,2.23606797749979,1,11.916375287812984,0.1876466562602004,0.8664370994133727,1.8,1,,106,111,48,54,54,63,-7.18205758624754,0.6931471805599453,0.9998635504678683,True,0,medium,0.5530794707693413
BraTS-GLI-02285-100,gmm_2d,prediction_component,320,25,9984.0,2.5060120224403912e-05,7.102621534903521e-08,1.7320508075688772,1,8.660254037844387,0.19999999999999996,0.9548683406603533,1.0,0,,106,111,54,59,45,50,-7.14858132620955,0.0,0.999943732308326,True,0,medium,0.5530794707693413
BraTS-GLI-02285-100,gmm_2d,prediction_component,321,25,9984.0,2.5060120224403912e-05,7.102621534903521e-08,1.7320508075688772,1,8.660254037844387,0.19999999999999996,0.9548683406603533,1.0,0,,106,111,63,68,128,133,-7.14858132620955,0.0,0.999943732308326,True,0,medium,0.5530794707693413
BraTS-GLI-02285-100,gmm_2d,prediction_component,322,25,9984.0,2.5060120224403912e-05,7.102621534903521e-08,1.7320508075688772,1,8.660254037844387,0.19999999999999996,0.9548683406603533,1.0,0,,106,111,67,72,99,104,-7.14858132620955,0.0,0.999943732308326,True,0,medium,0.5530794707693413
BraTS-GLI-02285-100,gmm_2d,prediction_component,323,38,12544.0,2.7047649416909622e-05,8.273922157753891e-08,1.7320508075688772,1,9.273618495495704,0.18677184190940707,0.8304795924748166,1.2,0,,106,111,79,84,132,138,-7.082288569326049,0.0,0.9999183504971614,True,0,medium,0.5530794707693413
BraTS-GLI-02285-100,gmm_2d,prediction_component,324,179,60160.0,1.2130851591232355e-05,1.664312797613616e-08,1.7320508075688772,1,20.322401432901575,0.08522864845907041,0.4954188042948402,2.6666666666666665,0,,106,117,118,134,68,74,-7.77876504732955,0.0,0.9822033442606904,True,0,medium,0.5530794707693413
BraTS-GLI-02285-100,gmm_2d,prediction_component,325,169,56064.0,1.2730943313614031e-05,1.8330467537509558e-08,1.7320508075688772,1,21.77154105707724,0.07955572841757301,0.5050037413064603,2.125,0,,107,124,38,49,76,84,-7.736826457767135,0.0,0.9837100024959546,True,0,medium,0.5530794707693413
BraTS-GLI-02285-100,gmm_2d,prediction_component,326,1183,333568.0,6.1405627406812306e-06,4.2645059004449406e-09,2.23606797749979,1,55.52476924760696,0.0402715402116896,0.34081572431297785,1.48,1,,107,144,56,81,45,78,-8.370131280356022,0.6931471805599453,0.5675593489656716,True,0,medium,0.5530794707693413
BraTS-GLI-02285-100,gmm_2d,prediction_component,327,25,9984.0,2.5060120224403912e-05,7.102621534903521e-08,1.7320508075688772,1,8.660254037844387,0.19999999999999996,0.9548683406603533,1.0,0,,107,112,75,80,52,57,-7.14858132620955,0.0,0.999943732308326,True,0,medium,0.5530794707693413
BraTS-GLI-02285-100,gmm_2d,prediction_component,328,122,34560.0,1.8988874752335103e-05,4.0780339161254504e-08,2.23606797749979,1,15.165750888103101,0.14744195615489714,0.7267659888814358,1.4285714285714286,1,,107,117,97,106,30,37,-7.389549166609649,0.6931471805599453,0.9990830105791548,True,0,medium,0.5530794707693413
BraTS-GLI-02285-100,gmm_2d,prediction_component,329,25,9984.0,2.5060120224403912e-05,7.102621534903521e-08,1.7320508075688772,1,8.660254037844387,0.19999999999999996,0.9548683406603533,1.0,0,,107,112,183,188,82,87,-7.14858132620955,0.0,0.999943732308326,True,0,medium,0.5530794707693413
BraTS-GLI-02285-100,gmm_2d,prediction_component,330,71,26880.0,1.611070153909641e-05,2.935494545573493e-08,1.7320508075688772,1,14.142135623730951,0.1224744871391589,0.6742755017744779,1.6666666666666667,0,,108,116,76,86,121,127,-7.532318722245791,0.0,0.9978404569992616,True,0,medium,0.5530794707693413
BraTS-GLI-02285-100,gmm_2d,prediction_component,331,63,21760.0,1.9626922740371293e-05,4.3566914089582954e-08,1.7320508075688772,1,12.884098726725126,0.13443321448446624,0.7016868116919668,1.5,0,,109,118,46,53,61,67,-7.3608432007098425,0.0,0.9991489182171999,True,0,medium,0.5530794707693413
BraTS-GLI-02285-100,gmm_2d,prediction_component,332,147,40192.0,1.8243489378598424e-05,3.764160992013622e-08,1.7320508075688772,1,16.30950643030009,0.1061988488107183,0.5290349761492328,1.375,0,,109,120,179,188,90,98,-7.4243318102054765,0.0,0.9969847248680833,True,0,medium,0.5530794707693413
BraTS-GLI-02285-100,gmm_2d,prediction_component,333,219,62464.0,1.4028118548936296e-05,2.225621090743596e-08,2.23606797749979,1,23.727621035409346,0.09423902944854216,0.5979981406674731,1.1538461538461537,2,,110,123,39,52,93,108,-7.652548771810079,1.0986122886681098,0.9893815170988831,True,0,medium,0.5530794707693413
BraTS-GLI-02285-100,gmm_2d,prediction_component,334,68,19968.0,2.4099446089315566e-05,6.568504395478776e-08,1.7320508075688772,1,11.575836902790225,0.14962640041614492,0.6840489693598067,1.1666666666666667,0,,110,117,81,88,140,146,-7.1825335051330965,0.0,0.9996435419449229,True,0,medium,0.5530794707693413
BraTS-GLI-02285-100,gmm_2d,prediction_component,335,25,9984.0,2.5060120224403912e-05,7.102621534903521e-08,1.7320508075688772,1,8.660254037844387,0.19999999999999996,0.9548683406603533,1.0,0,,110,115,104,109,47,52,-7.14858132620955,0.0,0.999943732308326,True,0,medium,0.5530794707693413
BraTS-GLI-02285-100,gmm_2d,prediction_component,336,25,9984.0,2.5060120224403912e-05,7.102621534903521e-08,1.7320508075688772,1,8.660254037844387,0.19999999999999996,0.9548683406603533,1.0,0,,110,115,105,110,70,75,-7.14858132620955,0.0,0.999943732308326,True,0,medium,0.5530794707693413
BraTS-GLI-02285-100,gmm_2d,prediction_component,337,25,9984.0,2.5060120224403912e-05,7.102621534903521e-08,1.7320508075688772,1,8.660254037844387,0.19999999999999996,0.9548683406603533,1.0,0,,110,115,112,117,69,74,-7.14858132620955,0.0,0.999943732308326,True,0,medium,0.5530794707693413
BraTS-GLI-02285-100,gmm_2d,prediction_component,338,51,17664.0,2.1723839827382773e-05,5.337348459431324e-08,1.7320508075688772,1,11.0,0.15745916432444337,0.7528933105024771,1.1666666666666667,0,,111,117,92,99,54,60,-7.272674442490021,0.0,0.9996488586172821,True,0,medium,0.5530794707693413
BraTS-GLI-02285-100,gmm_2d,prediction_component,339,25,9984.0,2.5060120224403912e-05,7.102621534903521e-08,1.7320508075688772,1,8.660254037844387,0.19999999999999996,0.9548683406603533,1.0,0,,111,116,100,105,44,49,-7.14858132620955,0.0,0.999943732308326,True,0,medium,0.5530794707693413
BraTS-GLI-02285-100,gmm_2d,prediction_component,340,257,71424.0,1.3463775779406883e-05,2.0501522509436528e-08,1.7320508075688772,1,25.88435821108957,0.06691496051182057,0.4391495641094644,1.6363636363636365,0,,112,127,75,93,95,106,-7.688213885632331,0.0,0.9793195834186568,True,0,medium,0.5530794707693413
BraTS-GLI-02285-100,gmm_2d,prediction_component,341,25,9984.0,2.5060120224403912e-05,7.102621534903521e-08,1.7320508075688772,1,8.660254037844387,0.19999999999999996,0.9548683406603533,1.0,0,,112,117,94,99,121,126,-7.14858132620955,0.0,0.999943732308326,True,0,medium,0.5530794707693413
BraTS-GLI-02285-100,gmm_2d,prediction_component,342,25,9984.0,2.5060120224403912e-05,7.102621534903521e-08,1.7320508075688772,1,8.660254037844387,0.19999999999999996,0.9548683406603533,1.0,0,,112,117,104,109,136,141,-7.14858132620955,0.0,0.999943732308326,True,0,medium,0.5530794707693413
BraTS-GLI-02285-100,gmm_2d,prediction_component,343,46,15616.0,2.357236358908017e-05,6.284324984734695e-08,1.7320508075688772,1,10.488088481701515,0.1651445647689541,0.7792393700163133,1.4,0,,112,117,118,124,119,126,-7.20174136414328,0.0,0.9997827120276648,True,0,medium,0.5530794707693413
BraTS-GLI-02285-100,gmm_2d,prediction_component,344,61,20224.0,2.1209442357003888e-05,5.0875755753536514e-08,1.7320508075688772,1,11.445523142259598,0.15132998169159548,0.7092732030227112,1.8,0,,112,117,130,135,47,56,-7.293489126323918,0.0,0.999516116181953,True,0,medium,0.5530794707693413
BraTS-GLI-02285-100,gmm_2d,prediction_component,345,74,21504.0,2.3466744381079446e-05,6.228135589556435e-08,1.7320508075688772,1,11.575836902790225,0.14962640041614492,0.6650376873001744,1.1666666666666667,0,,112,119,180,186,72,79,-7.20564194119782,0.0,0.9995873036959375,True,0,medium,0.5530794707693413
BraTS-GLI-02285-100,gmm_2d,prediction_component,346,97,34560.0,1.5097711893250043e-05,2.5779508947073612e-08,1.7320508075688772,1,16.911534525287763,0.10241831129983782,0.6076678398117905,2.1666666666666665,0,,113,119,58,67,108,121,-7.588725359426657,0.0,0.9953706444813072,True,0,medium,0.5530794707693413
BraTS-GLI-02285-100,gmm_2d,prediction_component,347,81,25600.0,1.9775390625e-05,4.422853102727501e-08,1.7320508075688772,1,14.142135623730951,0.1224744871391589,0.6453002363415847,1.6666666666666667,0,,113,119,129,137,83,93,-7.354297484716828,0.0,0.998782133363948,True,0,medium,0.5530794707693413
BraTS-GLI-02285-100,gmm_2d,prediction_component,348,25,9984.0,2.5060120224403912e-05,7.102621534903521e-08,1.7320508075688772,1,8.660254037844387,0.19999999999999996,0.9548683406603533,1.0,0,,113,118,141,146,122,127,-7.14858132620955,0.0,0.999943732308326,True,0,medium,0.5530794707693413
BraTS-GLI-02285-100,gmm_2d,prediction_component,349,47,17664.0,2.0020009252686086e-05,4.5329499219084184e-08,1.7320508075688772,1,11.090536506409418,0.15617376188860604,0.7736731845058752,1.4,0,,114,121,45,50,67,74,-7.343619078814458,0.0,0.9995618639852177,True,0,medium,0.5530794707693413
BraTS-GLI-02285-100,gmm_2d,prediction_component,350,25,9984.0,2.5060120224403912e-05,7.102621534903521e-08,1.7320508075688772,1,8.660254037844387,0.19999999999999996,0.9548683406603533,1.0,0,,114,119,60,65,81,86,-7.14858132620955,0.0,0.999943732308326,True,0,medium,0.5530794707693413
BraTS-GLI-02285-100,gmm_2d,prediction_component,351,38,13824.0,2.3379381024587062e-05,6.181848980958109e-08,1.7320508075688772,1,9.848857801796104,0.17586311452816475,0.8304795924748166,1.2,0,,114,120,92,98,142,147,-7.2088816087094125,0.0,0.9998420452008846,True,0,medium,0.5530794707693413
BraTS-GLI-02285-100,gmm_2d,prediction_component,352,51,17664.0,2.1723839827382773e-05,5.337348459431324e-08,1.7320508075688772,1,11.0,0.15745916432444337,0.7528933105024771,1.1666666666666667,0,,114,121,94,100,43,49,-7.272674442490021,0.0,0.9996488586172821,True,0,medium,0.5530794707693413
BraTS-GLI-02285-100,gmm_2d,prediction_component,353,25,9984.0,2.5060120224403912e-05,7.102621534903521e-08,1.7320508075688772,1,8.660254037844387,0.19999999999999996,0.9548683406603533,1.0,0,,114,119,106,111,39,44,-7.14858132620955,0.0,0.999943732308326,True,0,medium,0.5530794707693413
BraTS-GLI-02285-100,gmm_2d,prediction_component,354,25,9984.0,2.5060120224403912e-05,7.102621534903521e-08,1.7320508075688772,1,8.660254037844387,0.19999999999999996,0.9548683406603533,1.0,0,,114,119,108,113,31,36,-7.14858132620955,0.0,0.999943732308326,True,0,medium,0.5530794707693413
BraTS-GLI-02285-100,gmm_2d,prediction_component,355,25,9984.0,2.5060120224403912e-05,7.102621534903521e-08,1.7320508075688772,1,8.660254037844387,0.19999999999999996,0.9548683406603533,1.0,0,,114,119,136,141,85,90,-7.14858132620955,0.0,0.999943732308326,True,0,medium,0.5530794707693413
BraTS-GLI-02285-100,gmm_2d,prediction_component,356,25,9984.0,2.5060120224403912e-05,7.102621534903521e-08,1.7320508075688772,1,8.660254037844387,0.19999999999999996,0.9548683406603533,1.0,0,,115,120,48,53,108,113,-7.14858132620955,0.0,0.999943732308326,True,0,medium,0.5530794707693413
BraTS-GLI-02285-100,gmm_2d,prediction_component,357,25,9984.0,2.5060120224403912e-05,7.102621534903521e-08,1.7320508075688772,1,8.660254037844387,0.19999999999999996,0.9548683406603533,1.0,0,,115,120,58,63,49,54,-7.14858132620955,0.0,0.999943732308326,True,0,medium,0.5530794707693413
BraTS-GLI-02285-100,gmm_2d,prediction_component,358,81,25088.0,2.038383791771192e-05,4.699203884783871e-08,1.7320508075688772,1,13.30413469565007,0.13018891098082386,0.6453002363415847,1.1428571428571428,0,,115,122,98,106,129,137,-7.327975711794313,0.0,0.9990325580771506,True,0,medium,0.5530794707693413
BraTS-GLI-02285-100,gmm_2d,prediction_component,359,59,19456.0,2.1740607489918187e-05,5.3455909614067176e-08,1.7320508075688772,1,11.661903789690601,0.14852213144650114,0.71719869927557,1.3333333333333333,0,,115,121,121,127,129,137,-7.272004276032213,0.0,0.9995430643234167,True,0,medium,0.5530794707693413
BraTS-GLI-02285-100,gmm_2d,prediction_component,360,38,12544.0,2.7047649416909622e-05,8.273922157753891e-08,1.7320508075688772,1,9.273618495495704,0.18677184190940707,0.8304795924748166,1.2,0,,115,120,150,155,78,84,-7.082288569326049,0.0,0.9999183504971614,True,0,medium,0.5530794707693413
BraTS-GLI-02285-100,gmm_2d,prediction_component,361,102,28416.0,2.1293926741702493e-05,5.1281873694273525e-08,2.23606797749979,1,13.92838827718412,0.1605403247669839,0.7714618978944139,1.2857142857142858,1,,116,124,103,112,140,147,-7.290036115310265,0.6931471805599453,0.9995612621626218,True,0,medium,0.5530794707693413
BraTS-GLI-02285-100,gmm_2d,prediction_component,362,25,9984.0,2.5060120224403912e-05,7.102621534903521e-08,1.7320508075688772,1,8.660254037844387,0.19999999999999996,0.9548683406603533,1.0,0,,116,121,114,119,130,135,-7.14858132620955,0.0,0.999943732308326,True,0,medium,0.5530794707693413
BraTS-GLI-02285-100,gmm_2d,prediction_component,363,25,9984.0,2.5060120224403912e-05,7.102621534903521e-08,1.7320508075688772,1,8.660254037844387,0.19999999999999996,0.9548683406603533,1.0,0,,118,123,52,57,111,116,-7.14858132620955,0.0,0.999943732308326,True,0,medium,0.5530794707693413
BraTS-GLI-02285-100,gmm_2d,prediction_component,364,25,9984.0,2.5060120224403912e-05,7.102621534903521e-08,1.7320508075688772,1,8.660254037844387,0.19999999999999996,0.9548683406603533,1.0,0,,118,123,73,78,39,44,-7.14858132620955,0.0,0.999943732308326,True,0,medium,0.5530794707693413
BraTS-GLI-02285-100,gmm_2d,prediction_component,365,25,9984.0,2.5060120224403912e-05,7.102621534903521e-08,1.7320508075688772,1,8.660254037844387,0.19999999999999996,0.9548683406603533,1.0,0,,118,123,92,97,59,64,-7.14858132620955,0.0,0.999943732308326,True,0,medium,0.5530794707693413
BraTS-GLI-02285-100,gmm_2d,prediction_component,366,25,9984.0,2.5060120224403912e-05,7.102621534903521e-08,1.7320508075688772,1,8.660254037844387,0.19999999999999996,0.9548683406603533,1.0,0,,118,123,95,100,119,124,-7.14858132620955,0.0,0.999943732308326,True,0,medium,0.5530794707693413
BraTS-GLI-02285-100,gmm_2d,prediction_component,367,121,35584.0,1.802616001771802e-05,3.675012472808713e-08,1.7320508075688772,1,16.431676725154983,0.10540925533894598,0.564497089423651,1.5714285714285714,0,,118,129,122,129,55,65,-7.434741182603513,0.0,0.9971592907912374,True,0,medium,0.5530794707693413
BraTS-GLI-02285-100,gmm_2d,prediction_component,368,89,23808.0,2.4227334517548685e-05,6.63840348003098e-08,1.7320508075688772,1,12.206555615733702,0.14189513095212064,0.6253552903860047,1.3333333333333333,0,,119,127,48,55,83,89,-7.177936354846107,0.0,0.999518443190269,True,0,medium,0.5530794707693413
BraTS-GLI-02285-100,gmm_2d,prediction_component,369,48,18432.0,1.918149905562466e-05,4.1611892032488095e-08,1.7320508075688772,1,11.180339887498949,0.15491933384829665,0.7682627055029695,1.6,0,,119,127,49,55,66,71,-7.380782537016758,0.0,0.9994768016451338,True,0,medium,0.5530794707693413
BraTS-GLI-02285-100,gmm_2d,prediction_component,370,44,13824.0,2.7070862238995545e-05,8.288129935688987e-08,1.7320508075688772,1,10.392304845413264,0.16666666666666666,0.7908715233027805,1.0,0,,119,125,150,156,66,72,-7.081543448970658,0.0,0.9998697917142197,True,0,medium,0.5530794707693413
BraTS-GLI-02285-100,gmm_2d,prediction_component,371,25,9984.0,2.5060120224403912e-05,7.102621534903521e-08,1.7320508075688772,1,8.660254037844387,0.19999999999999996,0.9548683406603533,1.0,0,,120,125,74,79,117,122,-7.14858132620955,0.0,0.999943732308326,True,0,medium,0.5530794707693413
BraTS-GLI-02285-100,gmm_2d,prediction_component,372,25,9984.0,2.5060120224403912e-05,7.102621534903521e-08,1.7320508075688772,1,8.660254037844387,0.19999999999999996,0.9548683406603533,1.0,0,,120,125,81,86,123,128,-7.14858132620955,0.0,0.999943732308326,True,0,medium,0.5530794707693413
BraTS-GLI-02285-100,gmm_2d,prediction_component,373,38,13824.0,2.3379381024587062e-05,6.181848980958109e-08,1.7320508075688772,1,9.848857801796104,0.17586311452816475,0.8304795924748166,1.2,0,,120,126,87,92,36,42,-7.2088816087094125,0.0,0.9998420452008846,True,0,medium,0.5530794707693413
BraTS-GLI-02285-100,gmm_2d,prediction_component,374,200,66048.0,1.1782582484796858e-05,1.5701218269770497e-08,1.7320508075688772,1,21.93171219946131,0.07897471897389845,0.4774341703301767,1.7777777777777777,0,,120,129,115,127,87,103,-7.804066649035856,0.0,0.9770726199536389,True,0,medium,0.5530794707693413
BraTS-GLI-02285-100,gmm_2d,prediction_component,375,25,9984.0,2.5060120224403912e-05,7.102621534903521e-08,1.7320508075688772,1,8.660254037844387,0.19999999999999996,0.9548683406603533,1.0,0,,121,126,77,82,80,85,-7.14858132620955,0.0,0.999943732308326,True,0,medium,0.5530794707693413
BraTS-GLI-02285-100,gmm_2d,prediction_component,376,25,9984.0,2.5060120224403912e-05,7.102621534903521e-08,1.7320508075688772,1,8.660254037844387,0.19999999999999996,0.9548683406603533,1.0,0,,121,126,79,84,46,51,-7.14858132620955,0.0,0.999943732308326,True,0,medium,0.5530794707693413
BraTS-GLI-02285-100,gmm_2d,prediction_component,377,25,9984.0,2.5060120224403912e-05,7.102621534903521e-08,1.7320508075688772,1,8.660254037844387,0.19999999999999996,0.9548683406603533,1.0,0,,121,126,111,116,132,137,-7.14858132620955,0.0,0.999943732308326,True,0,medium,0.5530794707693413
BraTS-GLI-02285-100,gmm_2d,prediction_component,378,25,9984.0,2.5060120224403912e-05,7.102621534903521e-08,1.7320508075688772,1,8.660254037844387,0.19999999999999996,0.9548683406603533,1.0,0,,122,127,47,52,74,79,-7.14858132620955,0.0,0.999943732308326,True,0,medium,0.5530794707693413
BraTS-GLI-02285-100,gmm_2d,prediction_component,379,38,13824.0,2.3379381024587062e-05,6.181848980958109e-08,1.7320508075688772,1,9.848857801796104,0.17586311452816475,0.8304795924748166,1.2,0,,122,128,81,86,39,45,-7.2088816087094125,0.0,0.9998420452008846,True,0,medium,0.5530794707693413
BraTS-GLI-02285-100,gmm_2d,prediction_component,380,74,29184.0,1.4842754175456877e-05,2.4916174453627147e-08,1.7320508075688772,1,14.866068747318506,0.1165103456070926,0.6650376873001744,1.8333333333333333,0,,122,133,95,101,122,130,-7.603518637021593,0.0,0.99678982369601,True,0,medium,0.5530794707693413
BraTS-GLI-02285-100,gmm_2d,prediction_component,381,178,55296.0,1.3689242836764793e-05,2.1193916974623083e-08,1.7320508075688772,1,24.596747752497688,0.07041787902195303,0.4963448229063114,3.3333333333333335,0,,123,143,99,105,112,125,-7.673788771309132,0.0,0.9845196658555873,True,0,medium,0.5530794707693413
BraTS-GLI-02285-100,gmm_2d,prediction_component,382,87,26880.0,1.9741282167625182e-05,4.4076092472616075e-08,1.7320508075688772,1,13.30413469565007,0.13018891098082386,0.6301110265841786,1.1428571428571428,0,,124,132,55,63,62,69,-7.355796914446705,0.0,0.9988738415312117,True,0,medium,0.5530794707693413
BraTS-GLI-02285-100,gmm_2d,prediction_component,383,59,20736.0,1.975898062414266e-05,4.415515810549949e-08,1.7320508075688772,1,12.206555615733702,0.14189513095212064,0.71719869927557,1.3333333333333333,0,,124,132,65,72,80,86,-7.355018555825788,0.0,0.9993021141185947,True,0,medium,0.5530794707693413
BraTS-GLI-02285-100,gmm_2d,prediction_component,384,181,62464.0,1.159401578702041e-05,1.5202679792717195e-08,1.7320508075688772,1,21.79449471770337,0.07947194142390263,0.4935872947696026,1.6666666666666667,0,,124,139,95,104,38,51,-7.818079851751947,0.0,0.9772345966024084,True,0,medium,0.5530794707693413
BraTS-GLI-02285-100,gmm_2d,prediction_component,385,25,9984.0,2.5060120224403912e-05,7.102621534903521e-08,1.7320508075688772,1,8.660254037844387,0.19999999999999996,0.9548683406603533,1.0,0,,124,129,131,136,53,58,-7.14858132620955,0.0,0.999943732308326,True,0,medium,0.5530794707693413
BraTS-GLI-02285-100,gmm_2d,prediction_component,386,65,19456.0,2.3951516726181054e-05,6.488113131842397e-08,1.7320508075688772,1,12.206555615733702,0.14189513095212064,0.6944149224264771,1.3333333333333333,0,,124,132,154,160,65,72,-7.18788158603079,0.0,0.9995983014398636,True,0,medium,0.5530794707693413
BraTS-GLI-02285-100,gmm_2d,prediction_component,387,81,28416.0,1.6909883000763745e-05,3.2339520694745155e-08,1.7320508075688772,1,14.594519519326424,0.11867816581938533,0.6453002363415847,1.4285714285714286,0,,125,133,73,83,45,52,-7.4902664210768,0.0,0.9978415267876619,True,0,medium,0.5530794707693413
BraTS-GLI-02285-100,gmm_2d,prediction_component,388,25,9984.0,2.5060120224403912e-05,7.102621534903521e-08,1.7320508075688772,1,8.660254037844387,0.19999999999999996,0.9548683406603533,1.0,0,,126,131,51,56,71,76,-7.14858132620955,0.0,0.999943732308326,True,0,medium,0.5530794707693413
BraTS-GLI-02285-100,gmm_2d,prediction_component,389,25,9984.0,2.5060120224403912e-05,7.102621534903521e-08,1.7320508075688772,1,8.660254037844387,0.19999999999999996,0.9548683406603533,1.0,0,,126,131,72,77,59,64,-7.14858132620955,0.0,0.999943732308326,True,0,medium,0.5530794707693413
BraTS-GLI-02285-100,gmm_2d,prediction_component,390,397,106240.0,1.1464586983981136e-05,1.4865146748680098e-08,2.23606797749979,1,29.68164415931166,0.07533504429532403,0.4904382901851136,1.3333333333333333,2,,126,142,124,139,116,136,-7.827830799084175,1.0986122886681098,0.9614035311937085,True,0,medium,0.5530794707693413
BraTS-GLI-02285-100,gmm_2d,prediction_component,391,25,9984.0,2.5060120224403912e-05,7.102621534903521e-08,1.7320508075688772,1,8.660254037844387,0.19999999999999996,0.9548683406603533,1.0,0,,127,132,134,139,57,62,-7.14858132620955,0.0,0.999943732308326,True,0,medium,0.5530794707693413
BraTS-GLI-02285-100,gmm_2d,prediction_component,392,273,75776.0,1.3087754276198379e-05,1.937236479117366e-08,1.7320508075688772,1,25.709920264364882,0.06736896846660308,0.43039704553250724,2.0,0,,128,146,121,137,103,112,-7.7128173615694315,0.0,0.9769275269544906,True,0,medium,0.5530794707693413
BraTS-GLI-02285-100,gmm_2d,prediction_component,393,25,9984.0,2.5060120224403912e-05,7.102621534903521e-08,1.7320508075688772,1,8.660254037844387,0.19999999999999996,0.9548683406603533,1.0,0,,129,134,102,107,132,137,-7.14858132620955,0.0,0.999943732308326,True,0,medium,0.5530794707693413
BraTS-GLI-02285-100,gmm_2d,prediction_component,394,38,12544.0,2.7047649416909622e-05,8.273922157753891e-08,1.7320508075688772,1,9.273618495495704,0.18677184190940707,0.8304795924748166,1.2,0,,129,134,167,172,82,88,-7.082288569326049,0.0,0.9999183504971614,True,0,medium,0.5530794707693413
BraTS-GLI-02285-100,gmm_2d,prediction_component,395,38,12544.0,2.7047649416909622e-05,8.273922157753891e-08,1.7320508075688772,1,9.273618495495704,0.18677184190940707,0.8304795924748166,1.2,0,,130,135,115,120,115,121,-7.082288569326049,0.0,0.9999183504971614,True,0,medium,0.5530794707693413
BraTS-GLI-02285-100,gmm_2d,prediction_component,396,25,9984.0,2.5060120224403912e-05,7.102621534903521e-08,1.7320508075688772,1,8.660254037844387,0.19999999999999996,0.9548683406603533,1.0,0,,131,136,60,65,93,98,-7.14858132620955,0.0,0.999943732308326,True,0,medium,0.5530794707693413
BraTS-GLI-02285-100,gmm_2d,prediction_component,397,101,35584.0,1.5046629436277024e-05,2.5605356352108245e-08,1.7320508075688772,1,17.378147196982766,0.09966832412776432,0.5995375274776799,1.2222222222222223,0,,131,142,68,78,113,122,-7.591669175671128,0.0,0.9949679583248453,True,0,medium,0.5530794707693413
BraTS-GLI-02285-100,gmm_2d,prediction_component,398,25,9984.0,2.5060120224403912e-05,7.102621534903521e-08,1.7320508075688772,1,8.660254037844387,0.19999999999999996,0.9548683406603533,1.0,0,,132,137,64,69,89,94,-7.14858132620955,0.0,0.999943732308326,True,0,medium,0.5530794707693413
BraTS-GLI-02285-100,gmm_2d,prediction_component,399,25,9984.0,2.5060120224403912e-05,7.102621534903521e-08,1.7320508075688772,1,8.660254037844387,0.19999999999999996,0.9548683406603533,1.0,0,,132,137,101,106,55,60,-7.14858132620955,0.0,0.999943732308326,True,0,medium,0.5530794707693413
BraTS-GLI-02285-100,gmm_2d,prediction_component,400,25,9984.0,2.5060120224403912e-05,7.102621534903521e-08,1.7320508075688772,1,8.660254037844387,0.19999999999999996,0.9548683406603533,1.0,0,,133,138,103,108,43,48,-7.14858132620955,0.0,0.999943732308326,True,0,medium,0.5530794707693413
BraTS-GLI-02285-100,gmm_2d,prediction_component,401,61,22272.0,1.835232147570534e-05,3.8092053856957204e-08,1.7320508075688772,1,12.206555615733702,0.14189513095212064,0.7092732030227112,1.3333333333333333,0,,133,141,126,133,64,70,-7.419165610308449,0.0,0.9990906665793094,True,0,medium,0.5530794707693413
BraTS-GLI-02285-100,gmm_2d,prediction_component,402,215,68352.0,1.2031274065942882e-05,1.637101525770718e-08,2.23606797749979,1,21.400934559032695,0.10448459488214323,0.6016838925245199,1.7777777777777777,1,,134,143,59,70,99,115,-7.785924386736642,0.6931471805599453,0.9876366339241284,True,0,medium,0.5530794707693413
BraTS-GLI-02285-100,gmm_2d,prediction_component,403,25,9984.0,2.5060120224403912e-05,7.102621534903521e-08,1.7320508075688772,1,8.660254037844387,0.19999999999999996,0.9548683406603533,1.0,0,,134,139,73,78,118,123,-7.14858132620955,0.0,0.999943732308326,True,0,medium,0.5530794707693413
BraTS-GLI-02285-100,gmm_2d,prediction_component,404,57,17664.0,2.4279585689427806e-05,6.667068490846741e-08,1.7320508075688772,1,11.575836902790225,0.14962640041614492,0.7254907483481623,1.1666666666666667,0,,134,141,120,126,126,133,-7.1760650833409105,0.0,0.9996948134685217,True,0,medium,0.5530794707693413
BraTS-GLI-02285-100,gmm_2d,prediction_component,405,363,103936.0,1.0833221592838613e-05,1.327295514919749e-08,2.23606797749979,1,30.23243291566195,0.07396255484094341,0.5052957711182544,1.3333333333333333,1,,134,149,129,146,61,81,-7.877032373133485,0.6931471805599453,0.9612999646609488,True,0,medium,0.5530794707693413
BraTS-GLI-02285-100,gmm_2d,prediction_component,406,50,19968.0,1.772018094802615e-05,3.551310767451761e-08,1.7320508075688772,1,12.449899597988733,0.13912166872805048,0.757879504227687,1.8,0,,135,142,85,94,51,56,-7.449611321873531,0.0,0.9990838795929534,True,0,medium,0.5530794707693413
BraTS-GLI-02285-100,gmm_2d,prediction_component,407,25,9984.0,2.5060120224403912e-05,7.102621534903521e-08,1.7320508075688772,1,8.660254037844387,0.19999999999999996,0.9548683406603533,1.0,0,,136,141,82,87,56,61,-7.14858132620955,0.0,0.999943732308326,True,0,medium,0.5530794707693413
BraTS-GLI-02285-100,gmm_2d,prediction_component,408,25,9984.0,2.5060120224403912e-05,7.102621534903521e-08,1.7320508075688772,1,8.660254037844387,0.19999999999999996,0.9548683406603533,1.0,0,,136,141,101,106,51,56,-7.14858132620955,0.0,0.999943732308326,True,0,medium,0.5530794707693413
BraTS-GLI-02285-100,gmm_2d,prediction_component,409,48,18432.0,1.918149905562466e-05,4.1611892032488095e-08,1.7320508075688772,1,11.180339887498949,0.15491933384829665,0.7682627055029695,1.6,0,,137,145,92,98,77,82,-7.380782537016758,0.0,0.9994768016451338,True,0,medium,0.5530794707693413
BraTS-GLI-02285-100,gmm_2d,prediction_component,410,38,13824.0,2.3379381024587062e-05,6.181848980958109e-08,1.7320508075688772,1,9.848857801796104,0.17586311452816475,0.8304795924748166,1.2,0,,137,143,105,110,47,53,-7.2088816087094125,0.0,0.9998420452008846,True,0,medium,0.5530794707693413
BraTS-GLI-02285-100,gmm_2d,prediction_component,411,25,9984.0,2.5060120224403912e-05,7.102621534903521e-08,1.7320508075688772,1,8.660254037844387,0.19999999999999996,0.9548683406603533,1.0,0,,137,142,133,138,114,119,-7.14858132620955,0.0,0.999943732308326,True,0,medium,0.5530794707693413
BraTS-GLI-02285-100,gmm_2d,prediction_component,412,128,37888.0,1.735631200436627e-05,3.406961850969037e-08,1.7320508075688772,1,15.652475842498529,0.11065666703449761,0.5540132784474323,1.25,0,,138,147,116,124,81,91,-7.467632729363263,0.0,0.9969651496335932,True,0,medium,0.5530794707693413
BraTS-GLI-02285-100,gmm_2d,prediction_component,413,127,32512.0,2.166397728066684e-05,5.3079736293410014e-08,2.23606797749979,1,13.92838827718412,0.1605403247669839,0.7171004003270584,1.2857142857142858,1,,138,145,116,124,115,124,-7.275071243430085,0.6931471805599453,0.9995072676064823,True,0,medium,0.5530794707693413
BraTS-GLI-02285-100,gmm_2d,prediction_component,414,38,13824.0,2.3379381024587062e-05,6.181848980958109e-08,1.7320508075688772,1,9.848857801796104,0.17586311452816475,0.8304795924748166,1.2,0,,138,144,156,162,89,94,-7.2088816087094125,0.0,0.9998420452008846,True,0,medium,0.5530794707693413
BraTS-GLI-02285-100,gmm_2d,prediction_component,415,25,9984.0,2.5060120224403912e-05,7.102621534903521e-08,1.7320508075688772,1,8.660254037844387,0.19999999999999996,0.9548683406603533,1.0,0,,139,144,142,147,67,72,-7.14858132620955,0.0,0.999943732308326,True,0,medium,0.5530794707693413
BraTS-GLI-02285-100,gmm_2d,prediction_component,416,60,17152.0,2.6710320448702462e-05,8.068830086595445e-08,2.23606797749979,1,10.488088481701515,0.21320071635561044,0.9207268083493462,1.4,1,,141,146,87,93,59,66,-7.093189429809319,0.6931471805599453,0.9999467728816867,True,0,medium,0.5530794707693413
BraTS-GLI-02285-100,gmm_2d,prediction_component,417,38,13824.0,2.3379381024587062e-05,6.181848980958109e-08,1.7320508075688772,1,9.848857801796104,0.17586311452816475,0.8304795924748166,1.2,0,,141,146,94,100,57,63,-7.2088816087094125,0.0,0.9998420452008846,True,0,medium,0.5530794707693413
BraTS-GLI-02285-100,gmm_2d,prediction_component,418,46,16896.0,2.0945077921731866e-05,4.961538140913494e-08,1.7320508075688772,1,11.0,0.15745916432444337,0.7792393700163133,1.1666666666666667,0,,141,147,100,106,56,63,-7.3043836657365855,0.0,0.9996363036072939,True,0,medium,0.5530794707693413
BraTS-GLI-02285-100,gmm_2d,prediction_component,419,64,20736.0,2.143347050754458e-05,5.195619867857682e-08,1.7320508075688772,1,11.575836902790225,0.14962640041614492,0.6980129914371896,1.1666666666666667,0,,141,148,98,105,87,93,-7.284362631142303,0.0,0.9995010445716676,True,0,medium,0.5530794707693413
BraTS-GLI-02285-100,gmm_2d,prediction_component,420,25,9984.0,2.5060120224403912e-05,7.102621534903521e-08,1.7320508075688772,1,8.660254037844387,0.19999999999999996,0.9548683406603533,1.0,0,,141,146,115,120,101,106,-7.14858132620955,0.0,0.999943732308326,True,0,medium,0.5530794707693413
BraTS-GLI-02285-100,gmm_2d,prediction_component,421,416,126976.0,9.194134822124156e-06,9.560356987558819e-09,2.23606797749979,1,31.064449134018133,0.07198157507486946,0.48285503203119123,1.4666666666666666,1,,142,157,94,110,65,87,-8.019525890691234,0.6931471805599453,0.929226252363543,True,0,medium,0.5530794707693413
BraTS-GLI-02285-100,gmm_2d,prediction_component,422,25,9984.0,2.5060120224403912e-05,7.102621534903521e-08,1.7320508075688772,1,8.660254037844387,0.19999999999999996,0.9548683406603533,1.0,0,,142,147,112,117,116,121,-7.14858132620955,0.0,0.999943732308326,True,0,medium,0.5530794707693413
BraTS-GLI-02285-100,gmm_2d,prediction_component,423,205,49920.0,1.8379851409515693e-05,3.820642176055302e-08,2.23606797749979,1,19.949937343260004,0.11208395991555509,0.6113124652791219,1.5555555555555556,2,,142,151,114,128,62,73,-7.417863634450173,1.0986122886681098,0.9968567901250086,True,0,medium,0.5530794707693413
BraTS-GLI-02285-100,gmm_2d,prediction_component,424,25,9984.0,2.5060120224403912e-05,7.102621534903521e-08,1.7320508075688772,1,8.660254037844387,0.19999999999999996,0.9548683406603533,1.0,0,,143,148,74,79,80,85,-7.14858132620955,0.0,0.999943732308326,True,0,medium,0.5530794707693413
BraTS-GLI-02285-100,gmm_2d,prediction_component,425,25,9984.0,2.5060120224403912e-05,7.102621534903521e-08,1.7320508075688772,1,8.660254037844387,0.19999999999999996,0.9548683406603533,1.0,0,,143,148,94,99,64,69,-7.14858132620955,0.0,0.999943732308326,True,0,medium,0.5530794707693413
BraTS-GLI-02285-100,gmm_2d,prediction_component,426,25,9984.0,2.5060120224403912e-05,7.102621534903521e-08,1.7320508075688772,1,8.660254037844387,0.19999999999999996,0.9548683406603533,1.0,0,,143,148,140,145,96,101,-7.14858132620955,0.0,0.999943732308326,True,0,medium,0.5530794707693413
BraTS-GLI-02285-100,gmm_2d,prediction_component,427,47,14592.0,2.6664020003279646e-05,8.040880842667987e-08,1.7320508075688772,1,9.848857801796104,0.17586311452816475,0.7736731845058752,1.2,0,,145,150,75,81,97,103,-7.094696373620167,0.0,0.9998766147113484,True,0,medium,0.5530794707693413
BraTS-GLI-02285-100,gmm_2d,prediction_component,428,38,13824.0,2.3379381024587062e-05,6.181848980958109e-08,1.7320508075688772,1,9.848857801796104,0.17586311452816475,0.8304795924748166,1.2,0,,145,151,84,89,93,99,-7.2088816087094125,0.0,0.9998420452008846,True,0,medium,0.5530794707693413
BraTS-GLI-02285-100,gmm_2d,prediction_component,429,25,9984.0,2.5060120224403912e-05,7.102621534903521e-08,1.7320508075688772,1,8.660254037844387,0.19999999999999996,0.9548683406603533,1.0,0,,145,150,89,94,78,83,-7.14858132620955,0.0,0.999943732308326,True,0,medium,0.5530794707693413
BraTS-GLI-02285-100,gmm_2d,prediction_component,430,25,9984.0,2.5060120224403912e-05,7.102621534903521e-08,1.7320508075688772,1,8.660254037844387,0.19999999999999996,0.9548683406603533,1.0,0,,146,151,91,96,100,105,-7.14858132620955,0.0,0.999943732308326,True,0,medium,0.5530794707693413
BraTS-GLI-02285-100,gmm_2d,prediction_component,431,106,28928.0,2.1544094832139563e-05,5.2493904594770014e-08,2.23606797749979,1,13.45362404707371,0.1662056238286334,0.7616332875610777,1.5,1,,147,153,110,119,106,114,-7.279891122394846,0.6931471805599453,0.9996045005396982,True,0,medium,0.5530794707693413
BraTS-GLI-02285-100,gmm_2d,prediction_component,432,25,9984.0,2.5060120224403912e-05,7.102621534903521e-08,1.7320508075688772,1,8.660254037844387,0.19999999999999996,0.9548683406603533,1.0,0,,147,152,113,118,88,93,-7.14858132620955,0.0,0.999943732308326,True,0,medium,0.5530794707693413
BraTS-GLI-02285-100,gmm_2d,prediction_component,433,112,36608.0,1.59902045182737e-05,2.891747777506721e-08,2.23606797749979,1,16.492422502470642,0.1355815361366601,0.7477823284421424,1.5,1,,148,156,108,120,97,105,-7.5388395895289495,0.6931471805599453,0.9981651035738153,True,0,medium,0.5530794707693413
BraTS-GLI-02285-100,gmm_2d,prediction_component,434,84,26624.0,1.9336119844416057e-05,4.228545730804811e-08,1.7320508075688772,1,14.594519519326424,0.11867816581938533,0.6375247776221004,1.4285714285714286,0,,148,155,124,134,100,108,-7.373808968246705,0.0,0.9985675052964281,True,0,medium,0.5530794707693413
BraTS-GLI-02285-100,gmm_2d,prediction_component,435,25,9984.0,2.5060120224403912e-05,7.102621534903521e-08,1.7320508075688772,1,8.660254037844387,0.19999999999999996,0.9548683406603533,1.0,0,,149,154,111,116,72,77,-7.14858132620955,0.0,0.999943732308326,True,0,medium,0.5530794707693413
BraTS-GLI-02285-100,gmm_2d,prediction_component,436,76,25088.0,1.9125576317853162e-05,4.1369610788769456e-08,1.7320508075688772,1,13.45362404707371,0.12874232262686236,0.6591520893663227,1.5,0,,149,157,111,117,79,88,-7.383318564990029,0.0,0.99883293181533,True,0,medium,0.5530794707693413
BraTS-GLI-02285-100,gmm_2d,prediction_component,437,38,12544.0,2.7047649416909622e-05,8.273922157753891e-08,1.7320508075688772,1,9.273618495495704,0.18677184190940707,0.8304795924748166,1.2,0,,149,154,120,125,72,78,-7.082288569326049,0.0,0.9999183504971614,True,0,medium,0.5530794707693413
BraTS-GLI-02285-100,gmm_2d,prediction_component,438,25,9984.0,2.5060120224403912e-05,7.102621534903521e-08,1.7320508075688772,1,8.660254037844387,0.19999999999999996,0.9548683406603533,1.0,0,,150,155,102,107,102,107,-7.14858132620955,0.0,0.999943732308326,True,0,medium,0.5530794707693413
BraTS-GLI-02285-100,variational_spline,prediction_component,1,21816,3564032.0,3.242371197387699e-06,1.1889890065206806e-09,5.656854249492381,2,202.47715920567435,0.027938233979992788,0.3263468942155922,1.422680412371134,24,,18,156,30,127,32,144,-8.92482216088129,3.2188758248682006,0.04564284140157251,False,0,medium,0.5530794707693413
