case_id,method,source,component_label,volume_vox,surface_area_proxy,compactness_v_over_s15,isoperimetric_quotient,inscribed_radius_vox,inscribed_radius_grid_step,bbox_diag_vox,radius_over_bbox_diag,radius_over_equiv_sphere,elongation_max_over_min,eroded_subcomponents,overlap_gt_vox,z0,z1,y0,y1,x0,x1,log10_isoperimetric,log1p_eroded_subcomponents,shape_score_prob_true_et,accepted_shape,fold,vol_bin,shape_threshold
BraTS-GLI-02227-100,otsu_T1c,prediction_component,1,7462,1472000.0,4.178241416847285e-06,1.97441950573162e-09,2.8284271247461903,2,159.24195427085164,0.017761821234216782,0.2333222280867518,1.3246753246753247,20,,57,152,31,108,41,143,-8.704560567133399,3.044522437723423,0.07143444940876345,False,1,absent,0.5255652568220824
BraTS-GLI-02227-100,gmm_T1c,prediction_component,1,7234,1428480.0,4.237085796091443e-06,2.0304247075463492e-09,2.8284271247461903,2,158.60327865463563,0.01783334587240906,0.2357481871456261,1.3116883116883118,20,,57,152,31,108,41,142,-8.692413110435663,3.044522437723423,0.07503038874447811,False,1,absent,0.5255652568220824
BraTS-GLI-02227-100,sustraccion,prediction_component,2,37,18432.0,1.4785738855377342e-05,2.4725121611317797e-08,1.4142135623730951,1,13.45362404707371,0.10511766624552735,0.6841383873286643,1.5,0,,31,39,88,94,84,93,-7.606861563633943,0.0,0.9955467250441321,True,1,absent,0.5255652568220824
BraTS-GLI-02227-100,sustraccion,prediction_component,3,54971,10704896.0,1.5694950808590093e-06,2.785943414495758e-10,4.0,4,230.85493280413135,0.01732689854798899,0.16958143864083078,1.3504273504273505,106,,32,153,25,183,37,154,-9.555027708810051,4.672828834461906,0.0016969464970185695,False,1,absent,0.5255652568220824
BraTS-GLI-02227-100,sustraccion,prediction_component,5,120,47616.0,1.1549199456696799e-05,1.5085375917252574e-08,1.4142135623730951,1,28.930952282978865,0.04888237167378443,0.4621867088265907,2.75,0,,38,60,39,56,65,73,-7.821443863032627,0.0,0.9477001586196953,True,1,absent,0.5255652568220824
BraTS-GLI-02227-100,sustraccion,prediction_component,6,12,6144.0,2.4917498197257264e-05,7.022006780482366e-08,1.4142135623730951,1,6.4031242374328485,0.2208630521496931,0.9957510787676723,1.3333333333333333,0,,40,43,74,78,115,119,-7.153538755513696,0.0,0.9999618273771178,True,1,absent,0.5255652568220824
BraTS-GLI-02227-100,sustraccion,prediction_component,8,56,19456.0,2.0635152871786754e-05,4.8157923743095273e-08,1.4142135623730951,1,11.916375287812984,0.11867816581938534,0.5958658900897977,1.8,0,,40,45,122,131,125,131,-7.317332245304101,0.0,0.9984061913811059,True,1,absent,0.5255652568220824
BraTS-GLI-02227-100,sustraccion,prediction_component,14,36,11520.0,2.911546845702851e-05,9.587379924285257e-08,1.4142135623730951,1,8.602325267042627,0.1643989873053573,0.6904152369103725,2.3333333333333335,0,,41,44,128,132,116,123,-7.018300062265584,0.0,0.9998282345623868,True,1,absent,0.5255652568220824
BraTS-GLI-02227-100,sustraccion,prediction_component,16,44,15616.0,2.25474782156419e-05,5.749741573934958e-08,1.4142135623730951,1,10.488088481701515,0.13483997249264842,0.6457438947298227,1.4,0,,42,47,126,133,133,139,-7.240351674534054,0.0,0.9992348393645595,True,1,absent,0.5255652568220824
BraTS-GLI-02227-100,sustraccion,prediction_component,17,34,13824.0,2.091839354831474e-05,4.9489040318473496e-08,1.4142135623730951,1,9.797958971132712,0.14433756729740646,0.7036956967830031,2.0,0,,42,46,134,138,63,71,-7.305490967858523,0.0,0.9993208957786806,True,1,absent,0.5255652568220824
BraTS-GLI-02227-100,sustraccion,prediction_component,19,106,38656.0,1.3946990219782004e-05,2.199952815421418e-08,1.4142135623730951,1,19.261360284258224,0.07342230982143523,0.48169918609899903,1.4444444444444444,0,,43,52,127,140,46,57,-7.657586633824096,0.0,0.9821699244010599,True,1,absent,0.5255652568220824
BraTS-GLI-02227-100,sustraccion,prediction_component,22,78,26880.0,1.769908056407775e-05,3.542858324790543e-08,1.4142135623730951,1,13.92838827718412,0.10153461651336192,0.5335555806438685,1.2857142857142858,0,,45,54,108,115,46,54,-7.4506462143029815,0.0,0.9956960709121674,True,1,absent,0.5255652568220824
BraTS-GLI-02227-100,sustraccion,prediction_component,24,218,59648.0,1.4964515626417819e-05,2.5326647256391244e-08,2.0,1,23.62202362203543,0.08466675133346034,0.5356823874516518,1.7,1,,46,63,105,118,85,95,-7.596422298342975,0.6931471805599453,0.9877232593458588,True,1,absent,0.5255652568220824
BraTS-GLI-02227-100,sustraccion,prediction_component,26,35,13568.0,2.2145948823537533e-05,5.5467802104067534e-08,1.4142135623730951,1,9.486832980505138,0.14907119849998599,0.6969289728874266,1.75,0,,47,51,73,80,132,137,-7.2559590425759435,0.0,0.9994694220125082,True,1,absent,0.5255652568220824
BraTS-GLI-02227-100,sustraccion,prediction_component,27,12,5376.0,3.04433440619409e-05,1.0481829363285631e-07,1.4142135623730951,1,5.830951894845301,0.24253562503633297,0.9957510787676723,1.3333333333333333,0,,47,50,75,79,53,56,-6.979562914580636,0.0,0.9999864375771123,True,1,absent,0.5255652568220824
BraTS-GLI-02227-100,sustraccion,prediction_component,28,12,5376.0,3.04433440619409e-05,1.0481829363285631e-07,1.4142135623730951,1,5.830951894845301,0.24253562503633297,0.9957510787676723,1.3333333333333333,0,,48,51,81,85,52,55,-6.979562914580636,0.0,0.9999864375771123,True,1,absent,0.5255652568220824
BraTS-GLI-02227-100,sustraccion,prediction_component,29,12,5376.0,3.04433440619409e-05,1.0481829363285631e-07,1.4142135623730951,1,5.830951894845301,0.24253562503633297,0.9957510787676723,1.3333333333333333,0,,48,51,110,113,56,60,-6.979562914580636,0.0,0.9999864375771123,True,1,absent,0.5255652568220824
BraTS-GLI-02227-100,sustraccion,prediction_component,30,12,6144.0,2.4917498197257264e-05,7.022006780482366e-08,1.4142135623730951,1,6.4031242374328485,0.2208630521496931,0.9957510787676723,1.3333333333333333,0,,49,52,103,107,135,139,-7.153538755513696,0.0,0.9999618273771178,True,1,absent,0.5255652568220824
BraTS-GLI-02227-100,sustraccion,prediction_component,31,54,18688.0,2.1137300502297766e-05,5.053024649568301e-08,1.4142135623730951,1,12.206555615733702,0.11585688927269847,0.6031332635211851,1.3333333333333333,0,,50,58,59,66,93,99,-7.296448583189559,0.0,0.9984777500066351,True,1,absent,0.5255652568220824
BraTS-GLI-02227-100,sustraccion,prediction_component,32,19,8448.0,2.446936747720066e-05,6.771702339772293e-08,1.4142135623730951,1,7.810249675906654,0.1810714920850371,0.8543319874271107,2.0,0,,50,54,129,132,58,64,-7.169302140202132,0.0,0.9998687664821185,True,1,absent,0.5255652568220824
BraTS-GLI-02227-100,sustraccion,prediction_component,35,44,14592.0,2.4962061279666053e-05,7.047145908286656e-08,1.7320508075688772,1,9.273618495495704,0.18677184190940707,0.7908715233027805,1.2,0,,51,56,108,113,99,105,-7.151986736519227,0.0,0.9998650506565191,True,1,absent,0.5255652568220824
BraTS-GLI-02227-100,sustraccion,prediction_component,36,14,6912.0,2.4362533060422576e-05,6.712700278491907e-08,1.4142135623730951,1,7.0710678118654755,0.2,0.9458781407605124,1.6666666666666667,0,,53,58,137,140,43,47,-7.1731027435946135,0.0,0.9999295160342189,True,1,absent,0.5255652568220824
BraTS-GLI-02227-100,sustraccion,prediction_component,38,26,9984.0,2.6062525033380066e-05,7.682195452151648e-08,1.4142135623730951,1,9.273618495495704,0.15249857033260467,0.7695203069187393,1.2,0,,54,59,46,52,124,129,-7.11451464761199,0.0,0.9997621755906113,True,1,absent,0.5255652568220824
BraTS-GLI-02227-100,sustraccion,prediction_component,39,17,7680.0,2.5258472975227388e-05,7.215502078433436e-08,1.4142135623730951,1,7.0710678118654755,0.2,0.8866010210973454,1.6666666666666667,0,,55,59,70,75,81,84,-7.141733443876567,0.0,0.9999244221884876,True,1,absent,0.5255652568220824
BraTS-GLI-02227-100,sustraccion,prediction_component,40,16,6656.0,2.9464563572443515e-05,9.818664009850627e-08,1.4142135623730951,1,6.4031242374328485,0.2208630521496931,0.9046998952817776,1.3333333333333333,0,,55,58,103,107,52,56,-7.007947601074732,0.0,0.9999701751106141,True,1,absent,0.5255652568220824
BraTS-GLI-02227-100,sustraccion,prediction_component,43,14,7680.0,2.080109539136373e-05,4.8935585030206e-08,1.4142135623730951,1,7.54983443527075,0.1873171623163388,0.9458781407605124,1.25,0,,56,60,168,173,104,108,-7.310375215276639,0.0,0.9998530982054296,True,1,absent,0.5255652568220824
BraTS-GLI-02227-100,sustraccion,prediction_component,45,12,5376.0,3.04433440619409e-05,1.0481829363285631e-07,1.4142135623730951,1,5.830951894845301,0.24253562503633297,0.9957510787676723,1.3333333333333333,0,,57,60,111,114,97,101,-6.979562914580636,0.0,0.9999864375771123,True,1,absent,0.5255652568220824
BraTS-GLI-02227-100,sustraccion,prediction_component,47,79,29952.0,1.5240118739216462e-05,2.6268125036641703e-08,1.4142135623730951,1,18.841443681416774,0.07505866250408015,0.5312947247927275,2.142857142857143,0,,58,67,87,102,141,148,-7.580570925131729,0.0,0.9887147399365555,True,1,absent,0.5255652568220824
BraTS-GLI-02227-100,sustraccion,prediction_component,50,14,7680.0,2.080109539136373e-05,4.8935585030206e-08,1.4142135623730951,1,7.54983443527075,0.1873171623163388,0.9458781407605124,1.25,0,,58,62,180,185,99,103,-7.310375215276639,0.0,0.9998530982054296,True,1,absent,0.5255652568220824
BraTS-GLI-02227-100,sustraccion,prediction_component,53,14,6912.0,2.4362533060422576e-05,6.712700278491907e-08,1.4142135623730951,1,7.0710678118654755,0.2,0.9458781407605124,1.6666666666666667,0,,59,62,146,151,74,78,-7.1731027435946135,0.0,0.9999295160342189,True,1,absent,0.5255652568220824
BraTS-GLI-02227-100,sustraccion,prediction_component,54,13,6912.0,2.2622352127535248e-05,5.7879915666588376e-08,1.4142135623730951,1,6.557438524302,0.21566554640687685,0.9695348330084831,1.6666666666666667,0,,59,62,156,159,111,116,-7.237472110337416,0.0,0.9999381359930162,True,1,absent,0.5255652568220824
BraTS-GLI-02227-100,sustraccion,prediction_component,55,33,14080.0,1.9751949095602793e-05,4.41237371515401e-08,1.4142135623730951,1,9.9498743710662,0.1421338109037403,0.7107331206052484,1.4,0,,60,65,102,107,146,153,-7.355327711201085,0.0,0.9991704776954315,True,1,absent,0.5255652568220824
BraTS-GLI-02227-100,sustraccion,prediction_component,58,49,16128.0,2.3923532543625132e-05,6.472960982831483e-08,1.7320508075688772,1,10.344080432788601,0.16744367165578425,0.7630004670288211,2.3333333333333335,0,,60,67,166,173,91,94,-7.188897010777845,0.0,0.9997590953630776,True,1,absent,0.5255652568220824
BraTS-GLI-02227-100,sustraccion,prediction_component,59,530,173312.0,7.345695448684428e-06,6.1026464549455515e-09,2.0,1,62.313722405261586,0.03209565923526221,0.3983831019899629,2.4285714285714284,1,,61,90,92,143,28,49,-8.214481789327982,0.6931471805599453,0.6768638295427226,True,1,absent,0.5255652568220824
BraTS-GLI-02227-100,sustraccion,prediction_component,64,25,10752.0,2.2423640654368357e-05,5.6867563819909026e-08,1.4142135623730951,1,8.12403840463596,0.17407765595569785,0.7796467353853097,1.25,0,,64,69,131,136,88,92,-7.245135376323754,0.0,0.9997518807617946,True,1,absent,0.5255652568220824
BraTS-GLI-02227-100,sustraccion,prediction_component,67,983,229888.0,8.918238138156923e-06,8.995193356785426e-09,2.23606797749979,1,45.552167895721496,0.049088069367381595,0.3625183817375131,4.111111111111111,4,,65,102,166,191,89,98,-8.04598949681177,1.6094379124341003,0.7800119276185046,True,1,absent,0.5255652568220824
BraTS-GLI-02227-100,sustraccion,prediction_component,69,19,7680.0,2.8230058031136492e-05,9.013135814236922e-08,1.4142135623730951,1,7.54983443527075,0.1873171623163388,0.8543319874271107,1.25,0,,66,71,134,138,140,144,-7.0451240847274565,0.0,0.9999255780780073,True,1,absent,0.5255652568220824
BraTS-GLI-02227-100,sustraccion,prediction_component,71,17,7168.0,2.8012503667152895e-05,8.874752009735003e-08,1.4142135623730951,1,6.928203230275509,0.20412414523193154,0.8866010210973454,1.0,0,,67,71,127,131,93,97,-7.051843773744237,0.0,0.9999495028033363,True,1,absent,0.5255652568220824
BraTS-GLI-02227-100,sustraccion,prediction_component,73,12,5376.0,3.04433440619409e-05,1.0481829363285631e-07,1.4142135623730951,1,5.830951894845301,0.24253562503633297,0.9957510787676723,1.3333333333333333,0,,68,71,86,89,100,104,-6.979562914580636,0.0,0.9999864375771123,True,1,absent,0.5255652568220824
BraTS-GLI-02227-100,sustraccion,prediction_component,74,49,16896.0,2.231106126445351e-05,5.6297982402331286e-08,1.4142135623730951,1,11.180339887498949,0.12649110640673517,0.6229872725752906,1.6,0,,68,73,126,134,143,149,-7.249507169042706,0.0,0.9990089314609992,True,1,absent,0.5255652568220824
BraTS-GLI-02227-100,sustraccion,prediction_component,75,42,18944.0,1.610800526301339e-05,2.93451206304169e-08,1.4142135623730951,1,11.180339887498949,0.12649110640673517,0.6558352730581178,1.6,0,,68,73,135,143,89,95,-7.532464100871255,0.0,0.9975009077585381,True,1,absent,0.5255652568220824
BraTS-GLI-02227-100,sustraccion,prediction_component,77,64,22528.0,1.8927620415093256e-05,4.051766496927466e-08,1.4142135623730951,1,12.206555615733702,0.11585688927269847,0.5699252209515996,1.3333333333333333,0,,69,76,83,89,91,99,-7.392355590956859,0.0,0.9976111876117905,True,1,absent,0.5255652568220824
BraTS-GLI-02227-100,sustraccion,prediction_component,78,49,18944.0,1.8792672806848953e-05,3.994196974695634e-08,1.4142135623730951,1,12.884098726725126,0.10976425998969035,0.6229872725752906,1.5,0,,69,75,109,116,37,46,-7.398570521610029,0.0,0.9976787021724459,True,1,absent,0.5255652568220824
BraTS-GLI-02227-100,sustraccion,prediction_component,79,22,9984.0,2.2052905797475442e-05,5.500270116629287e-08,1.4142135623730951,1,7.810249675906654,0.1810714920850371,0.8135863258112027,2.0,0,,69,72,116,120,98,104,-7.259615981909213,0.0,0.9997932683580874,True,1,absent,0.5255652568220824
BraTS-GLI-02227-100,sustraccion,prediction_component,81,87,32000.0,1.5198274534568882e-05,2.612407631288944e-08,1.4142135623730951,1,20.92844953645635,0.0675737378399486,0.5144834988108414,2.4285714285714284,0,,69,79,156,173,133,140,-7.58295905626106,0.0,0.9862525481457418,True,1,absent,0.5255652568220824
BraTS-GLI-02227-100,sustraccion,prediction_component,83,19,7680.0,2.8230058031136492e-05,9.013135814236922e-08,1.4142135623730951,1,6.928203230275509,0.20412414523193154,0.8543319874271107,1.0,0,,70,74,58,62,122,126,-7.0451240847274565,0.0,0.9999455360764945,True,1,absent,0.5255652568220824
BraTS-GLI-02227-100,sustraccion,prediction_component,84,24,9216.0,2.712673611111111e-05,8.322378406497619e-08,1.4142135623730951,1,7.54983443527075,0.1873171623163388,0.7903281549671363,1.25,0,,71,75,90,95,149,153,-7.079752541352778,0.0,0.9998970760147556,True,1,absent,0.5255652568220824
BraTS-GLI-02227-100,sustraccion,prediction_component,85,12,6144.0,2.4917498197257264e-05,7.022006780482366e-08,1.4142135623730951,1,6.4031242374328485,0.2208630521496931,0.9957510787676723,1.3333333333333333,0,,71,75,120,124,54,57,-7.153538755513696,0.0,0.9999618273771178,True,1,absent,0.5255652568220824
BraTS-GLI-02227-100,sustraccion,prediction_component,87,12,6144.0,2.4917498197257264e-05,7.022006780482366e-08,1.4142135623730951,1,6.4031242374328485,0.2208630521496931,0.9957510787676723,1.3333333333333333,0,,72,75,53,57,120,124,-7.153538755513696,0.0,0.9999618273771178,True,1,absent,0.5255652568220824
BraTS-GLI-02227-100,sustraccion,prediction_component,89,37,15616.0,1.896037940860796e-05,4.0658038299157834e-08,1.4142135623730951,1,11.357816691600547,0.12451456127293807,0.6841383873286643,2.0,0,,73,80,117,125,147,151,-7.390853579372439,0.0,0.9985789800540312,True,1,absent,0.5255652568220824
BraTS-GLI-02227-100,sustraccion,prediction_component,90,25,10240.0,2.412626388678268e-05,6.583131356702218e-08,1.4142135623730951,1,8.12403840463596,0.17407765595569785,0.7796467353853097,1.25,0,,73,78,124,128,65,70,-7.18156747911394,0.0,0.9998030482625756,True,1,absent,0.5255652568220824
BraTS-GLI-02227-100,sustraccion,prediction_component,92,36,15616.0,1.844793672188883e-05,3.849000557758112e-08,1.4142135623730951,1,11.916375287812984,0.11867816581938534,0.6904152369103725,1.8,0,,74,80,134,143,125,130,-7.414652025971854,0.0,0.998306918674069,True,1,absent,0.5255652568220824
BraTS-GLI-02227-100,sustraccion,prediction_component,93,41,16128.0,2.0017649679359804e-05,4.53188147111192e-08,1.4142135623730951,1,12.36931687685298,0.11433239009500591,0.6611244956113513,2.75,0,,75,86,33,37,114,118,-7.343721457395402,0.0,0.9984465529944113,True,1,absent,0.5255652568220824
BraTS-GLI-02227-100,sustraccion,prediction_component,96,17,7168.0,2.8012503667152895e-05,8.874752009735003e-08,1.4142135623730951,1,6.928203230275509,0.20412414523193154,0.8866010210973454,1.0,0,,75,79,167,171,90,94,-7.051843773744237,0.0,0.9999495028033363,True,1,absent,0.5255652568220824
BraTS-GLI-02227-100,sustraccion,prediction_component,98,60,28416.0,1.2525839259824996e-05,1.7744592973797066e-08,1.4142135623730951,1,19.87460691435179,0.07115680669648201,0.5823187634322541,2.142857142857143,0,,76,91,105,116,121,128,-7.750933958066812,0.0,0.9809138625499543,True,1,absent,0.5255652568220824
BraTS-GLI-02227-100,sustraccion,prediction_component,100,31,12288.0,2.275830376291707e-05,5.857767809065585e-08,1.4142135623730951,1,9.848857801796104,0.14359163172354764,0.7257003006213092,1.2,0,,76,82,144,149,124,130,-7.232267846932344,0.0,0.9995069999737315,True,1,absent,0.5255652568220824
BraTS-GLI-02227-100,sustraccion,prediction_component,101,35,15104.0,1.8855153785126602e-05,4.0208005559707966e-08,1.4142135623730951,1,11.74734012447073,0.12038585308576921,0.6969289728874266,1.6,0,,76,84,172,179,51,56,-7.395687468700009,0.0,0.9984993359644057,True,1,absent,0.5255652568220824
BraTS-GLI-02227-100,sustraccion,prediction_component,104,21,8448.0,2.704509036953757e-05,8.272356597893577e-08,1.4142135623730951,1,7.54983443527075,0.1873171623163388,0.8263006657894747,1.25,0,,77,81,77,81,68,73,-7.082370752639951,0.0,0.9999070567015357,True,1,absent,0.5255652568220824
BraTS-GLI-02227-100,sustraccion,prediction_component,107,22,9216.0,2.4866174768518517e-05,6.993109633237583e-08,1.4142135623730951,1,7.810249675906654,0.1810714920850371,0.8135863258112027,2.0,0,,77,83,151,155,90,93,-7.155329663131577,0.0,0.9998584693123881,True,1,absent,0.5255652568220824
BraTS-GLI-02227-100,sustraccion,prediction_component,108,49,19456.0,1.805575876281341e-05,3.687091036580732e-08,1.4142135623730951,1,12.68857754044952,0.11145564251507058,0.6229872725752906,2.0,0,,78,83,102,112,43,49,-7.433316139259475,0.0,0.9974483573684528,True,1,absent,0.5255652568220824
BraTS-GLI-02227-100,sustraccion,prediction_component,109,17,8448.0,2.1893644584863748e-05,5.421113507463137e-08,1.4142135623730951,1,7.681145747868608,0.1841149235796647,0.8866010210973454,1.6666666666666667,0,,78,83,120,125,126,129,-7.265911499351242,0.0,0.9998405963436189,True,1,absent,0.5255652568220824
BraTS-GLI-02227-100,sustraccion,prediction_component,112,17,7680.0,2.5258472975227388e-05,7.215502078433436e-08,1.4142135623730951,1,7.0710678118654755,0.2,0.8866010210973454,1.6666666666666667,0,,79,82,64,69,68,72,-7.141733443876567,0.0,0.9999244221884876,True,1,absent,0.5255652568220824
BraTS-GLI-02227-100,sustraccion,prediction_component,113,22,8960.0,2.5939444202047104e-05,7.609808117745368e-08,1.4142135623730951,1,8.12403840463596,0.17407765595569785,0.8135863258112027,1.25,0,,79,84,130,134,130,135,-7.118626293880542,0.0,0.9998589566450617,True,1,absent,0.5255652568220824
BraTS-GLI-02227-100,sustraccion,prediction_component,114,49,15872.0,2.450465530103852e-05,6.791247670748144e-08,1.4142135623730951,1,9.848857801796104,0.14359163172354764,0.6229872725752906,1.2,0,,80,85,31,37,75,81,-7.168050430911862,0.0,0.9994632436752757,True,1,absent,0.5255652568220824
BraTS-GLI-02227-100,sustraccion,prediction_component,115,36,17664.0,1.5334475172270193e-05,2.6594400628308326e-08,1.4142135623730951,1,13.45362404707371,0.10511766624552735,0.6904152369103725,1.5,0,,80,86,107,116,29,37,-7.575209793151319,0.0,0.9961048991949586,True,1,absent,0.5255652568220824
BraTS-GLI-02227-100,sustraccion,prediction_component,117,26,12288.0,1.9087609607607868e-05,4.1205525899358324e-08,1.4142135623730951,1,10.44030650891055,0.13545709229571928,0.7695203069187393,2.6666666666666665,0,,80,88,120,126,57,60,-7.385044538659253,0.0,0.99912818619094,True,1,absent,0.5255652568220824
BraTS-GLI-02227-100,sustraccion,prediction_component,121,31,15360.0,1.6284516565270985e-05,2.9991771182415796e-08,1.4142135623730951,1,12.083045973594572,0.11704114719613057,0.7257003006213092,2.25,0,,81,90,106,113,55,59,-7.522997885956513,0.0,0.9976820946799577,True,1,absent,0.5255652568220824
BraTS-GLI-02227-100,sustraccion,prediction_component,122,24,12288.0,1.7619331945484184e-05,3.511003390241183e-08,1.4142135623730951,1,10.04987562112089,0.1407195089460584,0.7903281549671363,1.75,0,,81,87,113,120,128,132,-7.4545687511776775,0.0,0.999045805947943,True,1,absent,0.5255652568220824
BraTS-GLI-02227-100,sustraccion,prediction_component,123,17,7168.0,2.8012503667152895e-05,8.874752009735003e-08,1.4142135623730951,1,6.928203230275509,0.20412414523193154,0.8866010210973454,1.0,0,,82,86,97,101,39,43,-7.051843773744237,0.0,0.9999495028033363,True,1,absent,0.5255652568220824
BraTS-GLI-02227-100,sustraccion,prediction_component,124,12,5376.0,3.04433440619409e-05,1.0481829363285631e-07,1.4142135623730951,1,5.830951894845301,0.24253562503633297,0.9957510787676723,1.3333333333333333,0,,83,86,44,48,47,50,-6.979562914580636,0.0,0.9999864375771123,True,1,absent,0.5255652568220824
BraTS-GLI-02227-100,sustraccion,prediction_component,125,12,5376.0,3.04433440619409e-05,1.0481829363285631e-07,1.4142135623730951,1,5.830951894845301,0.24253562503633297,0.9957510787676723,1.3333333333333333,0,,83,86,87,91,46,49,-6.979562914580636,0.0,0.9999864375771123,True,1,absent,0.5255652568220824
BraTS-GLI-02227-100,sustraccion,prediction_component,128,19,9984.0,1.9045691370546972e-05,4.102474198560274e-08,1.4142135623730951,1,8.774964387392123,0.16116459280507606,0.8543319874271107,1.5,0,,83,87,127,132,95,101,-7.386954141647967,0.0,0.9995811781737599,True,1,absent,0.5255652568220824
BraTS-GLI-02227-100,sustraccion,prediction_component,129,12,5376.0,3.04433440619409e-05,1.0481829363285631e-07,1.4142135623730951,1,5.830951894845301,0.24253562503633297,0.9957510787676723,1.3333333333333333,0,,83,86,134,137,125,129,-6.979562914580636,0.0,0.9999864375771123,True,1,absent,0.5255652568220824
BraTS-GLI-02227-100,sustraccion,prediction_component,130,52,18432.0,2.0779957310260047e-05,4.883617884368394e-08,1.4142135623730951,1,10.677078252031311,0.13245323570650439,0.6107686723568493,1.75,0,,83,90,135,142,88,92,-7.3112583244983345,0.0,0.9988469783615492,True,1,absent,0.5255652568220824
BraTS-GLI-02227-100,sustraccion,prediction_component,132,145,43776.0,1.5831201938672376e-05,2.834524080228936e-08,1.7320508075688772,1,20.83266665599966,0.08314109932105399,0.5314562225879151,2.125,0,,84,93,32,49,81,89,-7.547519849180639,0.0,0.9913684853616317,True,1,absent,0.5255652568220824
BraTS-GLI-02227-100,sustraccion,prediction_component,133,14,6912.0,2.4362533060422576e-05,6.712700278491907e-08,1.4142135623730951,1,7.0710678118654755,0.2,0.9458781407605124,1.6666666666666667,0,,84,88,75,80,76,79,-7.1731027435946135,0.0,0.9999295160342189,True,1,absent,0.5255652568220824
BraTS-GLI-02227-100,sustraccion,prediction_component,134,176,51968.0,1.4856231661367687e-05,2.496144365983146e-08,2.23606797749979,1,21.283796653792763,0.10505963827188339,0.6431964656828097,2.125,1,,84,92,84,94,137,154,-7.602730300585467,0.6931471805599453,0.9937997617592218,True,1,absent,0.5255652568220824
BraTS-GLI-02227-100,sustraccion,prediction_component,136,21,9984.0,2.1050500988499285e-05,5.011609755027925e-08,1.4142135623730951,1,9.273618495495704,0.15249857033260467,0.8263006657894747,1.2,0,,84,89,145,150,54,60,-7.300022754085787,0.0,0.999608702425939,True,1,absent,0.5255652568220824
BraTS-GLI-02227-100,sustraccion,prediction_component,138,16,6656.0,2.9464563572443515e-05,9.818664009850627e-08,1.4142135623730951,1,6.4031242374328485,0.2208630521496931,0.9046998952817776,1.3333333333333333,0,,85,88,25,29,78,82,-7.007947601074732,0.0,0.9999701751106141,True,1,absent,0.5255652568220824
BraTS-GLI-02227-100,sustraccion,prediction_component,141,16,6656.0,2.9464563572443515e-05,9.818664009850627e-08,1.4142135623730951,1,6.4031242374328485,0.2208630521496931,0.9046998952817776,1.3333333333333333,0,,85,89,169,173,52,55,-7.007947601074732,0.0,0.9999701751106141,True,1,absent,0.5255652568220824
BraTS-GLI-02227-100,sustraccion,prediction_component,145,43,14848.0,2.3766570468110476e-05,6.388301547637982e-08,1.4142135623730951,1,11.0,0.128564869306645,0.650711350669285,1.1666666666666667,0,,87,93,177,183,54,61,-7.1946145920037665,0.0,0.9992829802351206,True,1,absent,0.5255652568220824
BraTS-GLI-02227-100,sustraccion,prediction_component,146,12,6144.0,2.4917498197257264e-05,7.022006780482366e-08,1.4142135623730951,1,6.4031242374328485,0.2208630521496931,0.9957510787676723,1.3333333333333333,0,,88,92,55,58,47,51,-7.153538755513696,0.0,0.9999618273771178,True,1,absent,0.5255652568220824
BraTS-GLI-02227-100,sustraccion,prediction_component,147,55,22784.0,1.599255052897587e-05,2.8925963681411227e-08,1.4142135623730951,1,14.45683229480096,0.0978231976089037,0.5994555302303142,1.125,0,,88,96,78,87,29,37,-7.538712163420378,0.0,0.9948276784701283,True,1,absent,0.5255652568220824
BraTS-GLI-02227-100,sustraccion,prediction_component,148,17,7680.0,2.5258472975227388e-05,7.215502078433436e-08,1.4142135623730951,1,7.0710678118654755,0.2,0.8866010210973454,1.6666666666666667,0,,88,93,98,102,28,31,-7.141733443876567,0.0,0.9999244221884876,True,1,absent,0.5255652568220824
BraTS-GLI-02227-100,sustraccion,prediction_component,150,22,10752.0,1.9732803775844155e-05,4.403824142213755e-08,1.4142135623730951,1,8.774964387392123,0.16116459280507606,0.8135863258112027,1.5,0,,88,94,109,114,138,142,-7.3561700320234165,0.0,0.9995750822637007,True,1,absent,0.5255652568220824
BraTS-GLI-02227-100,sustraccion,prediction_component,153,53,23040.0,1.5154867982216083e-05,2.5975067715390902e-08,1.4142135623730951,1,14.142135623730951,0.1,0.6069029442833568,1.6666666666666667,0,,88,96,132,138,45,55,-7.585443311590524,0.0,0.9942509700333904,True,1,absent,0.5255652568220824
BraTS-GLI-02227-100,sustraccion,prediction_component,158,29,11776.0,2.2693490619119486e-05,5.824450762606069e-08,1.4142135623730951,1,8.774964387392123,0.16116459280507606,0.742013605090188,1.5,0,,89,93,106,111,133,139,-7.234745021720937,0.0,0.9996587467442022,True,1,absent,0.5255652568220824
BraTS-GLI-02227-100,sustraccion,prediction_component,159,12,5376.0,3.04433440619409e-05,1.0481829363285631e-07,1.4142135623730951,1,5.830951894845301,0.24253562503633297,0.9957510787676723,1.3333333333333333,0,,89,92,106,109,144,148,-6.979562914580636,0.0,0.9999864375771123,True,1,absent,0.5255652568220824
BraTS-GLI-02227-100,sustraccion,prediction_component,160,50,20224.0,1.73847888172163e-05,3.418150749364184e-08,1.4142135623730951,1,15.588457268119896,0.09072184232530289,0.6188060239571066,1.0,0,,89,98,103,112,120,129,-7.4662087876734144,0.0,0.9957254279559702,True,1,absent,0.5255652568220824
BraTS-GLI-02227-100,sustraccion,prediction_component,165,29,14592.0,1.645226766159808e-05,3.0612860066472505e-08,1.4142135623730951,1,11.045361017187261,0.12803687993289598,0.742013605090188,2.25,0,,90,99,101,106,138,142,-7.51409609369369,0.0,0.9982597224168783,True,1,absent,0.5255652568220824
BraTS-GLI-02227-100,sustraccion,prediction_component,167,19,9984.0,1.9045691370546972e-05,4.102474198560274e-08,1.4142135623730951,1,9.0,0.15713484026367724,0.8543319874271107,1.75,0,,90,94,118,122,41,48,-7.386954141647967,0.0,0.9995486352253561,True,1,absent,0.5255652568220824
BraTS-GLI-02227-100,sustraccion,prediction_component,168,12,5376.0,3.04433440619409e-05,1.0481829363285631e-07,1.4142135623730951,1,5.830951894845301,0.24253562503633297,0.9957510787676723,1.3333333333333333,0,,90,93,123,127,34,37,-6.979562914580636,0.0,0.9999864375771123,True,1,absent,0.5255652568220824
BraTS-GLI-02227-100,sustraccion,prediction_component,170,37,15616.0,1.896037940860796e-05,4.0658038299157834e-08,1.4142135623730951,1,11.916375287812984,0.11867816581938534,0.6841383873286643,1.8,0,,91,96,108,117,147,153,-7.390853579372439,0.0,0.9984164995272324,True,1,absent,0.5255652568220824
BraTS-GLI-02227-100,sustraccion,prediction_component,171,42,17664.0,1.7890221034315223e-05,3.619793418853078e-08,1.4142135623730951,1,12.083045973594572,0.11704114719613057,0.6558352730581178,2.25,0,,91,95,110,119,37,44,-7.441316213890093,0.0,0.9978604003393432,True,1,absent,0.5255652568220824
BraTS-GLI-02227-100,sustraccion,prediction_component,174,61,23296.0,1.7155674536411032e-05,3.328648759170389e-08,1.4142135623730951,1,14.594519519326424,0.09690031662230185,0.5791191452117007,1.4285714285714286,0,,91,99,154,164,41,48,-7.477732029415875,0.0,0.9955066458256259,True,1,absent,0.5255652568220824
BraTS-GLI-02227-100,sustraccion,prediction_component,175,12,5376.0,3.04433440619409e-05,1.0481829363285631e-07,1.4142135623730951,1,5.830951894845301,0.24253562503633297,0.9957510787676723,1.3333333333333333,0,,92,95,46,49,87,91,-6.979562914580636,0.0,0.9999864375771123,True,1,absent,0.5255652568220824
BraTS-GLI-02227-100,sustraccion,prediction_component,180,36,16640.0,1.6771523607314844e-05,3.181247139191603e-08,1.4142135623730951,1,13.152946437965905,0.10752066611409408,0.6904152369103725,2.75,0,,94,105,39,45,63,67,-7.49740259086812,0.0,0.9971893403388671,True,1,absent,0.5255652568220824
BraTS-GLI-02227-100,sustraccion,prediction_component,183,122,44288.0,1.3089731190574206e-05,1.9378217651499987e-08,1.4142135623730951,1,20.248456731316587,0.06984302957695783,0.4596471701619891,1.875,0,,94,109,74,82,39,50,-7.7126861705110175,0.0,0.9752480439040427,True,1,absent,0.5255652568220824
BraTS-GLI-02227-100,sustraccion,prediction_component,186,19,9216.0,2.147533275462963e-05,5.2159350776834036e-08,1.4142135623730951,1,8.246211251235321,0.17149858514250885,0.8543319874271107,1.5,0,,94,98,185,189,68,74,-7.282667822870332,0.0,0.9997633274069585,True,1,absent,0.5255652568220824
BraTS-GLI-02227-100,sustraccion,prediction_component,187,65,28160.0,1.3755119917649925e-05,2.139839181189818e-08,1.4142135623730951,1,19.4164878389476,0.07283570407292297,0.5669874099064106,1.625,0,,95,103,70,83,136,148,-7.669618864663091,0.0,0.9854953408676355,True,1,absent,0.5255652568220824
BraTS-GLI-02227-100,sustraccion,prediction_component,188,29,13568.0,1.8349500453788243e-05,3.8080344138384323e-08,1.4142135623730951,1,9.9498743710662,0.1421338109037403,0.742013605090188,1.4,0,,95,100,78,83,146,153,-7.419299135478583,0.0,0.9990502306973046,True,1,absent,0.5255652568220824
BraTS-GLI-02227-100,sustraccion,prediction_component,189,206,64768.0,1.2497596264084683e-05,1.7664662926729468e-08,1.7320508075688772,1,24.124676163629637,0.0717958158617738,0.4727531417248479,1.9,0,,95,105,95,106,30,49,-7.752894645263274,0.0,0.9735213881323055,True,1,absent,0.5255652568220824
BraTS-GLI-02227-100,sustraccion,prediction_component,190,40,15616.0,2.0497707468765364e-05,4.7518525404421136e-08,1.4142135623730951,1,11.045361017187261,0.12803687993289598,0.6665885822069456,2.25,0,,95,104,108,113,31,35,-7.323137044850504,0.0,0.9989007886147294,True,1,absent,0.5255652568220824
BraTS-GLI-02227-100,sustraccion,prediction_component,191,26,13056.0,1.7428424759080237e-05,3.435331448886051e-08,1.4142135623730951,1,10.677078252031311,0.13245323570650439,0.7695203069187393,1.6,0,,95,100,130,135,55,63,-7.464031354826301,0.0,0.9987721045920206,True,1,absent,0.5255652568220824
BraTS-GLI-02227-100,sustraccion,prediction_component,193,22,9216.0,2.4866174768518517e-05,6.993109633237583e-08,1.4142135623730951,1,7.810249675906654,0.1810714920850371,0.8135863258112027,2.0,0,,95,101,178,182,91,94,-7.155329663131577,0.0,0.9998584693123881,True,1,absent,0.5255652568220824
BraTS-GLI-02227-100,sustraccion,prediction_component,194,36,14592.0,2.0423504683363135e-05,4.7175108972828026e-08,1.4142135623730951,1,11.045361017187261,0.12803687993289598,0.6904152369103725,2.25,0,,96,105,47,52,81,85,-7.326287087957027,0.0,0.9989672379035631,True,1,absent,0.5255652568220824
BraTS-GLI-02227-100,sustraccion,prediction_component,195,102,44288.0,1.0943873618348927e-05,1.354548350216379e-08,1.4142135623730951,1,19.519221295943137,0.07245235560022184,0.48791534507652085,1.75,0,,96,110,56,67,106,114,-7.868205488336678,0.0,0.9624841494915989,True,1,absent,0.5255652568220824
BraTS-GLI-02227-100,sustraccion,prediction_component,197,53,23552.0,1.4663383079230218e-05,2.4317601355767607e-08,1.4142135623730951,1,13.038404810405298,0.10846522890932808,0.6069029442833568,1.8,0,,96,105,67,72,136,144,-7.614079265309216,0.0,0.9945472097250984,True,1,absent,0.5255652568220824
BraTS-GLI-02227-100,sustraccion,prediction_component,198,12,6144.0,2.4917498197257264e-05,7.022006780482366e-08,1.4142135623730951,1,6.4031242374328485,0.2208630521496931,0.9957510787676723,1.3333333333333333,0,,96,100,100,103,132,136,-7.153538755513696,0.0,0.9999618273771178,True,1,absent,0.5255652568220824
BraTS-GLI-02227-100,sustraccion,prediction_component,199,105,41472.0,1.2432453091608578e-05,1.7480990308572673e-08,1.4142135623730951,1,23.430749027719962,0.06035716402834569,0.4832235607731051,2.857142857142857,0,,96,116,123,133,142,149,-7.757433967962144,0.0,0.9679550657326433,True,1,absent,0.5255652568220824
BraTS-GLI-02227-100,sustraccion,prediction_component,200,14,6144.0,2.9070414563466808e-05,9.557731451212109e-08,1.4142135623730951,1,6.928203230275509,0.20412414523193154,0.9458781407605124,1.0,0,,97,101,33,37,119,123,-7.019645176252469,0.0,0.9999626196017813,True,1,absent,0.5255652568220824
BraTS-GLI-02227-100,sustraccion,prediction_component,202,457,144128.0,8.352061043231448e-06,7.889322201777718e-09,1.7320508075688772,1,50.73460357586329,0.03413943709994594,0.36248059643461644,2.1666666666666665,0,,97,136,84,102,124,151,-8.102960306888466,0.0,0.7843206880991411,True,1,absent,0.5255652568220824
BraTS-GLI-02227-100,sustraccion,prediction_component,203,25,9216.0,2.8257016782407408e-05,9.030358513994814e-08,1.4142135623730951,1,7.54983443527075,0.1873171623163388,0.7796467353853097,1.25,0,,97,101,95,100,148,152,-7.044295007431914,0.0,0.9999064715983327,True,1,absent,0.5255652568220824
BraTS-GLI-02227-100,sustraccion,prediction_component,204,20,7680.0,2.9715850559091044e-05,9.986854087797143e-08,1.4142135623730951,1,6.928203230275509,0.20412414523193154,0.8398489863421099,1.0,0,,97,101,99,103,120,124,-7.000571295305153,0.0,0.9999515494342841,True,1,absent,0.5255652568220824
BraTS-GLI-02227-100,sustraccion,prediction_component,205,24,8448.0,3.090867470804294e-05,1.0804710658473243e-07,1.4142135623730951,1,7.0710678118654755,0.2,0.7903281549671363,1.6666666666666667,0,,97,100,100,104,143,148,-6.966386858684578,0.0,0.99994613612008,True,1,absent,0.5255652568220824
BraTS-GLI-02227-100,sustraccion,prediction_component,206,93,32256.0,1.605340576033365e-05,2.9146522043164037e-08,1.7320508075688772,1,19.026297590440446,0.09103456935516067,0.6162579207174524,3.2,0,,97,113,114,123,147,152,-7.535413260718946,0.0,0.9944984709194108,True,1,absent,0.5255652568220824
BraTS-GLI-02227-100,sustraccion,prediction_component,208,12,5376.0,3.04433440619409e-05,1.0481829363285631e-07,1.4142135623730951,1,5.830951894845301,0.24253562503633297,0.9957510787676723,1.3333333333333333,0,,98,101,46,49,101,105,-6.979562914580636,0.0,0.9999864375771123,True,1,absent,0.5255652568220824
BraTS-GLI-02227-100,sustraccion,prediction_component,209,71,27648.0,1.5444105779375026e-05,2.697602208536169e-08,1.4142135623730951,1,18.24828759089466,0.07749842582921286,0.5505436418021882,1.625,0,,98,108,74,87,65,73,-7.5690220914968265,0.0,0.990242158331926,True,1,absent,0.5255652568220824
BraTS-GLI-02227-100,sustraccion,prediction_component,210,12,5376.0,3.04433440619409e-05,1.0481829363285631e-07,1.4142135623730951,1,5.830951894845301,0.24253562503633297,0.9957510787676723,1.3333333333333333,0,,98,101,115,119,58,61,-6.979562914580636,0.0,0.9999864375771123,True,1,absent,0.5255652568220824
BraTS-GLI-02227-100,sustraccion,prediction_component,211,34,14592.0,1.9288865534287406e-05,4.2079032386257095e-08,1.4142135623730951,1,11.357816691600547,0.12451456127293807,0.7036956967830031,2.0,0,,98,105,134,138,121,129,-7.375934255407092,0.0,0.9987329648153388,True,1,absent,0.5255652568220824
BraTS-GLI-02227-100,sustraccion,prediction_component,214,58,21504.0,1.8392853704089293e-05,3.826049693803479e-08,1.4142135623730951,1,13.96424004376894,0.10127393670836667,0.5889365886474403,2.2,0,,99,110,58,65,141,146,-7.417249393533898,0.0,0.9967702983340201,True,1,absent,0.5255652568220824
BraTS-GLI-02227-100,sustraccion,prediction_component,215,80,25856.0,1.924190111018698e-05,4.18743742452775e-08,1.4142135623730951,1,17.11724276862369,0.08261923847720276,0.529071708312648,1.7142857142857142,0,,99,109,86,93,73,85,-7.378051669838168,0.0,0.9952384818920854,True,1,absent,0.5255652568220824
BraTS-GLI-02227-100,sustraccion,prediction_component,218,12,6144.0,2.4917498197257264e-05,7.022006780482366e-08,1.4142135623730951,1,6.4031242374328485,0.2208630521496931,0.9957510787676723,1.3333333333333333,0,,99,103,130,133,63,67,-7.153538755513696,0.0,0.9999618273771178,True,1,absent,0.5255652568220824
BraTS-GLI-02227-100,sustraccion,prediction_component,219,19,9984.0,1.9045691370546972e-05,4.102474198560274e-08,1.4142135623730951,1,9.38083151964686,0.15075567228888181,0.8543319874271107,1.5,0,,100,104,68,74,125,131,-7.386954141647967,0.0,0.999491874671176,True,1,absent,0.5255652568220824
BraTS-GLI-02227-100,sustraccion,prediction_component,222,474,148992.0,8.242024795486241e-06,7.682812015605228e-09,1.7320508075688772,1,58.01723881744115,0.029854071701326604,0.35809427946283173,2.142857142857143,0,,100,145,121,142,42,72,-8.114479793075622,0.0,0.7605967390498425,True,1,absent,0.5255652568220824
BraTS-GLI-02227-100,sustraccion,prediction_component,224,25,11520.0,2.021907531738091e-05,4.6235435591653447e-08,1.4142135623730951,1,8.774964387392123,0.16116459280507606,0.7796467353853097,1.5,0,,100,106,173,178,56,60,-7.335025046456083,0.0,0.9995628542799568,True,1,absent,0.5255652568220824
BraTS-GLI-02227-100,sustraccion,prediction_component,225,50,16384.0,2.384185791015625e-05,6.42883921552951e-08,1.7320508075688772,1,11.180339887498949,0.15491933384829665,0.757879504227687,1.6,0,,101,106,82,90,36,42,-7.1918674357537515,0.0,0.9996877913343977,True,1,absent,0.5255652568220824
BraTS-GLI-02227-100,sustraccion,prediction_component,226,60,21760.0,1.8692307371782184e-05,3.951647536470109e-08,1.4142135623730951,1,14.45683229480096,0.0978231976089037,0.5823187634322541,3.0,0,,101,105,142,149,121,133,-7.403221798849718,0.0,0.9966601456124901,True,1,absent,0.5255652568220824
BraTS-GLI-02227-100,sustraccion,prediction_component,228,94,30208.0,1.7903786679530753e-05,3.6252850727099956e-08,1.4142135623730951,1,15.165750888103101,0.09325048082403138,0.5013818206761619,1.4285714285714286,0,,101,108,161,171,46,55,-7.440657837193107,0.0,0.9946567518982496,True,1,absent,0.5255652568220824
BraTS-GLI-02227-100,sustraccion,prediction_component,229,23,10496.0,2.1389079908047943e-05,5.174120984025427e-08,1.4142135623730951,1,9.38083151964686,0.15075567228888181,0.8016200827808712,1.5,0,,102,108,120,124,133,139,-7.2861634205981485,0.0,0.9995851252630903,True,1,absent,0.5255652568220824
BraTS-GLI-02227-100,sustraccion,prediction_component,230,318,105984.0,9.216513431519791e-06,9.60695362203165e-09,1.4142135623730951,1,39.25557285278104,0.036025803716501,0.33399156152726556,1.9375,0,,102,133,116,132,31,49,-8.017414305867959,0.0,0.8247134384907302,True,1,absent,0.5255652568220824
BraTS-GLI-02227-100,sustraccion,prediction_component,234,14,7680.0,2.080109539136373e-05,4.8935585030206e-08,1.4142135623730951,1,7.54983443527075,0.1873171623163388,0.9458781407605124,1.25,0,,103,107,82,86,110,115,-7.310375215276639,0.0,0.9998530982054296,True,1,absent,0.5255652568220824
BraTS-GLI-02227-100,sustraccion,prediction_component,235,12,5376.0,3.04433440619409e-05,1.0481829363285631e-07,1.4142135623730951,1,5.830951894845301,0.24253562503633297,0.9957510787676723,1.3333333333333333,0,,103,106,107,111,107,110,-6.979562914580636,0.0,0.9999864375771123,True,1,absent,0.5255652568220824
BraTS-GLI-02227-100,sustraccion,prediction_component,237,14,6912.0,2.4362533060422576e-05,6.712700278491907e-08,1.4142135623730951,1,7.0710678118654755,0.2,0.9458781407605124,1.6666666666666667,0,,103,107,138,143,89,92,-7.1731027435946135,0.0,0.9999295160342189,True,1,absent,0.5255652568220824
BraTS-GLI-02227-100,sustraccion,prediction_component,238,31,13056.0,2.0780044905057206e-05,4.883659056774402e-08,1.4142135623730951,1,9.848857801796104,0.14359163172354764,0.7257003006213092,1.2,0,,103,108,147,153,134,140,-7.311254663099391,0.0,0.9993432005956112,True,1,absent,0.5255652568220824
BraTS-GLI-02227-100,sustraccion,prediction_component,240,20,7168.0,3.29558866672387e-05,1.2283393785100348e-07,1.4142135623730951,1,6.4031242374328485,0.2208630521496931,0.8398489863421099,1.3333333333333333,0,,104,108,95,99,39,42,-6.910681625172823,0.0,0.999974390946791,True,1,absent,0.5255652568220824
BraTS-GLI-02227-100,sustraccion,prediction_component,241,12,6144.0,2.4917498197257264e-05,7.022006780482366e-08,1.4142135623730951,1,6.4031242374328485,0.2208630521496931,0.9957510787676723,1.3333333333333333,0,,104,108,113,117,30,33,-7.153538755513696,0.0,0.9999618273771178,True,1,absent,0.5255652568220824
BraTS-GLI-02227-100,sustraccion,prediction_component,242,14,6144.0,2.9070414563466808e-05,9.557731451212109e-08,1.4142135623730951,1,6.928203230275509,0.20412414523193154,0.9458781407605124,1.0,0,,104,108,129,133,68,72,-7.019645176252469,0.0,0.9999626196017813,True,1,absent,0.5255652568220824
BraTS-GLI-02227-100,sustraccion,prediction_component,243,12,6144.0,2.4917498197257264e-05,7.022006780482366e-08,1.4142135623730951,1,6.4031242374328485,0.2208630521496931,0.9957510787676723,1.3333333333333333,0,,104,107,133,137,52,56,-7.153538755513696,0.0,0.9999618273771178,True,1,absent,0.5255652568220824
BraTS-GLI-02227-100,sustraccion,prediction_component,244,19,7680.0,2.8230058031136492e-05,9.013135814236922e-08,1.4142135623730951,1,7.54983443527075,0.1873171623163388,0.8543319874271107,1.25,0,,104,108,168,173,95,99,-7.0451240847274565,0.0,0.9999255780780073,True,1,absent,0.5255652568220824
BraTS-GLI-02227-100,sustraccion,prediction_component,245,246,73472.0,1.2352427513273339e-05,1.7256670293214147e-08,1.7320508075688772,1,37.92097045171708,0.04567527642189993,0.44559994451956114,1.8,0,,106,133,37,52,59,81,-7.763042998469347,0.0,0.9524957411325085,True,1,absent,0.5255652568220824
BraTS-GLI-02227-100,sustraccion,prediction_component,246,611,177920.0,8.14149302963496e-06,7.496533468268132e-09,1.7320508075688772,1,52.92447448959697,0.03272683997853083,0.32903575511652383,1.3461538461538463,0,,106,136,53,79,34,69,-8.125139515759361,0.0,0.7465878202802397,True,1,absent,0.5255652568220824
BraTS-GLI-02227-100,sustraccion,prediction_component,249,31,13824.0,1.9072652941110498e-05,4.1140975558869407e-08,1.4142135623730951,1,9.848857801796104,0.14359163172354764,0.7257003006213092,1.2,0,,106,111,133,139,134,140,-7.3857254142744875,0.0,0.9991392563177164,True,1,absent,0.5255652568220824
BraTS-GLI-02227-100,sustraccion,prediction_component,250,58,20992.0,1.9069849562753368e-05,4.1128882302130286e-08,1.4142135623730951,1,13.92838827718412,0.10153461651336192,0.5889365886474403,2.4,0,,106,111,126,138,87,92,-7.385853092499403,0.0,0.9971314205211328,True,1,absent,0.5255652568220824
BraTS-GLI-02227-100,sustraccion,prediction_component,253,82,32256.0,1.4154615831692036e-05,2.26594073555596e-08,1.4142135623730951,1,19.519221295943137,0.07245235560022184,0.5247348599077022,1.75,0,,107,118,63,77,136,144,-7.644751453059383,0.0,0.9847967192538006,True,1,absent,0.5255652568220824
BraTS-GLI-02227-100,sustraccion,prediction_component,254,19,9984.0,1.9045691370546972e-05,4.102474198560274e-08,1.4142135623730951,1,9.38083151964686,0.15075567228888181,0.8543319874271107,1.5,0,,107,113,78,84,39,43,-7.386954141647967,0.0,0.999491874671176,True,1,absent,0.5255652568220824
BraTS-GLI-02227-100,sustraccion,prediction_component,256,42,14848.0,2.321385952699163e-05,6.094626246637858e-08,1.4142135623730951,1,10.44030650891055,0.13545709229571928,0.6558352730581178,2.6666666666666665,0,,108,116,102,108,30,33,-7.215052922367138,0.0,0.9993311918508797,True,1,absent,0.5255652568220824
BraTS-GLI-02227-100,sustraccion,prediction_component,257,43,15616.0,2.2035035528922765e-05,5.4913595920484175e-08,1.4142135623730951,1,10.246950765959598,0.13801311186847084,0.650711350669285,2.0,0,,109,113,94,99,30,38,-7.2603201163472555,0.0,0.9992362033178194,True,1,absent,0.5255652568220824
BraTS-GLI-02227-100,sustraccion,prediction_component,258,73,25088.0,1.8370619357937904e-05,3.816804984303193e-08,1.4142135623730951,1,16.09347693943108,0.08787495503274936,0.5454692181434626,5.0,0,,109,112,110,125,87,92,-7.4183000293107,0.0,0.9952489679330966,True,1,absent,0.5255652568220824
BraTS-GLI-02227-100,sustraccion,prediction_component,259,415,134144.0,8.446780687039925e-06,8.069280454629565e-09,1.7320508075688772,1,37.64306044943742,0.046012486415534334,0.3743180745459409,1.2,0,,109,133,155,176,62,82,-8.093165190001121,0.0,0.8297549667186411,True,1,absent,0.5255652568220824
BraTS-GLI-02227-100,sustraccion,prediction_component,260,21,8448.0,2.704509036953757e-05,8.272356597893577e-08,1.4142135623730951,1,8.660254037844387,0.1632993161855452,0.8263006657894747,1.0,0,,110,115,52,57,53,58,-7.082370752639951,0.0,0.9998547975104087,True,1,absent,0.5255652568220824
BraTS-GLI-02227-100,sustraccion,prediction_component,261,24,9472.0,2.6034468006549403e-05,7.665664164680334e-08,1.4142135623730951,1,7.54983443527075,0.1873171623163388,0.7903281549671363,1.25,0,,110,114,154,158,131,136,-7.1154502112519005,0.0,0.9998828213576805,True,1,absent,0.5255652568220824
BraTS-GLI-02227-100,sustraccion,prediction_component,262,25,13056.0,1.6758100729884843e-05,3.1761570348428735e-08,1.4142135623730951,1,9.9498743710662,0.1421338109037403,0.7796467353853097,1.4,0,,111,116,43,50,79,84,-7.498098033423862,0.0,0.9988747955638289,True,1,absent,0.5255652568220824
BraTS-GLI-02227-100,sustraccion,prediction_component,263,17,7680.0,2.5258472975227388e-05,7.215502078433436e-08,1.4142135623730951,1,7.0710678118654755,0.2,0.8866010210973454,1.6666666666666667,0,,111,115,50,55,119,122,-7.141733443876567,0.0,0.9999244221884876,True,1,absent,0.5255652568220824
BraTS-GLI-02227-100,sustraccion,prediction_component,264,32,11008.0,2.770686234240637e-05,8.682145654452293e-08,1.4142135623730951,1,8.366600265340756,0.16903085094570333,0.7180607827429069,2.0,0,,111,116,64,70,91,94,-7.061372932573075,0.0,0.9998308309226149,True,1,absent,0.5255652568220824
BraTS-GLI-02227-100,sustraccion,prediction_component,268,12,5376.0,3.04433440619409e-05,1.0481829363285631e-07,1.4142135623730951,1,5.830951894845301,0.24253562503633297,0.9957510787676723,1.3333333333333333,0,,112,115,156,160,112,115,-6.979562914580636,0.0,0.9999864375771123,True,1,absent,0.5255652568220824
BraTS-GLI-02227-100,sustraccion,prediction_component,269,12,6144.0,2.4917498197257264e-05,7.022006780482366e-08,1.4142135623730951,1,6.4031242374328485,0.2208630521496931,0.9957510787676723,1.3333333333333333,0,,112,116,158,161,49,53,-7.153538755513696,0.0,0.9999618273771178,True,1,absent,0.5255652568220824
BraTS-GLI-02227-100,sustraccion,prediction_component,270,28,11264.0,2.3421735307665408e-05,6.204267448420182e-08,1.4142135623730951,1,8.774964387392123,0.16116459280507606,0.7507439778384809,1.5,0,,113,117,65,71,132,137,-7.207309489248251,0.0,0.9996993641612153,True,1,absent,0.5255652568220824
BraTS-GLI-02227-100,sustraccion,prediction_component,271,12,6144.0,2.4917498197257264e-05,7.022006780482366e-08,1.4142135623730951,1,6.4031242374328485,0.2208630521496931,0.9957510787676723,1.3333333333333333,0,,113,117,108,111,127,131,-7.153538755513696,0.0,0.9999618273771178,True,1,absent,0.5255652568220824
BraTS-GLI-02227-100,sustraccion,prediction_component,272,49,21248.0,1.5820455864948543e-05,2.830677288700274e-08,1.4142135623730951,1,14.071247279470288,0.10050378152592122,0.6229872725752906,1.4285714285714286,0,,113,120,150,157,126,136,-7.548109639545322,0.0,0.99526417400145,True,1,absent,0.5255652568220824
BraTS-GLI-02227-100,sustraccion,prediction_component,274,12,5376.0,3.04433440619409e-05,1.0481829363285631e-07,1.4142135623730951,1,5.830951894845301,0.24253562503633297,0.9957510787676723,1.3333333333333333,0,,115,118,37,40,107,111,-6.979562914580636,0.0,0.9999864375771123,True,1,absent,0.5255652568220824
BraTS-GLI-02227-100,sustraccion,prediction_component,276,333,111104.0,8.991863205056038e-06,9.144327168849603e-09,1.7320508075688772,1,46.411205543489174,0.03731966854310379,0.40281789220086933,2.4615384615384617,0,,115,147,112,125,116,147,-8.03884824399902,0.0,0.8465952849029204,True,1,absent,0.5255652568220824
BraTS-GLI-02227-100,sustraccion,prediction_component,277,17,7168.0,2.8012503667152895e-05,8.874752009735003e-08,1.4142135623730951,1,6.928203230275509,0.20412414523193154,0.8866010210973454,1.0,0,,116,120,47,51,127,131,-7.051843773744237,0.0,0.9999495028033363,True,1,absent,0.5255652568220824
BraTS-GLI-02227-100,sustraccion,prediction_component,278,19,7680.0,2.8230058031136492e-05,9.013135814236922e-08,1.4142135623730951,1,7.54983443527075,0.1873171623163388,0.8543319874271107,1.25,0,,116,120,59,64,98,102,-7.0451240847274565,0.0,0.9999255780780073,True,1,absent,0.5255652568220824
BraTS-GLI-02227-100,sustraccion,prediction_component,279,479,146176.0,8.57080083160245e-06,8.307974973460212e-09,1.7320508075688772,1,44.28317965096906,0.03911306327189119,0.3568439400946507,1.6842105263157894,0,,116,135,46,70,110,142,-8.080504820382545,0.0,0.8096210167518892,True,1,absent,0.5255652568220824
BraTS-GLI-02227-100,sustraccion,prediction_component,282,14,6912.0,2.4362533060422576e-05,6.712700278491907e-08,1.4142135623730951,1,7.0710678118654755,0.2,0.9458781407605124,1.6666666666666667,0,,116,121,107,110,31,35,-7.1731027435946135,0.0,0.9999295160342189,True,1,absent,0.5255652568220824
BraTS-GLI-02227-100,sustraccion,prediction_component,283,71,27648.0,1.5444105779375026e-05,2.697602208536169e-08,1.4142135623730951,1,16.0312195418814,0.08821621827824618,0.5505436418021882,1.8333333333333333,0,,116,127,125,135,137,143,-7.5690220914968265,0.0,0.9919897295847017,True,1,absent,0.5255652568220824
BraTS-GLI-02227-100,sustraccion,prediction_component,284,223,69632.0,1.2136446870490188e-05,1.665848459380443e-08,1.7320508075688772,1,35.014282800023196,0.04946697944553443,0.4604210908310246,1.4375,0,,116,139,135,151,45,66,-7.7783645084804025,0.0,0.9551686056806779,True,1,absent,0.5255652568220824
BraTS-GLI-02227-100,sustraccion,prediction_component,285,12,5376.0,3.04433440619409e-05,1.0481829363285631e-07,1.4142135623730951,1,5.830951894845301,0.24253562503633297,0.9957510787676723,1.3333333333333333,0,,117,121,68,71,91,94,-6.979562914580636,0.0,0.9999864375771123,True,1,absent,0.5255652568220824
BraTS-GLI-02227-100,sustraccion,prediction_component,287,19,9216.0,2.147533275462963e-05,5.2159350776834036e-08,1.4142135623730951,1,8.246211251235321,0.17149858514250885,0.8543319874271107,1.5,0,,117,123,84,88,143,147,-7.282667822870332,0.0,0.9997633274069585,True,1,absent,0.5255652568220824
BraTS-GLI-02227-100,sustraccion,prediction_component,288,20,7680.0,2.9715850559091044e-05,9.986854087797143e-08,1.4142135623730951,1,6.928203230275509,0.20412414523193154,0.8398489863421099,1.0,0,,117,121,112,116,96,100,-7.000571295305153,0.0,0.9999515494342841,True,1,absent,0.5255652568220824
BraTS-GLI-02227-100,sustraccion,prediction_component,289,16,6656.0,2.9464563572443515e-05,9.818664009850627e-08,1.4142135623730951,1,6.4031242374328485,0.2208630521496931,0.9046998952817776,1.3333333333333333,0,,117,120,117,121,98,102,-7.007947601074732,0.0,0.9999701751106141,True,1,absent,0.5255652568220824
BraTS-GLI-02227-100,sustraccion,prediction_component,290,12,6144.0,2.4917498197257264e-05,7.022006780482366e-08,1.4142135623730951,1,6.4031242374328485,0.2208630521496931,0.9957510787676723,1.3333333333333333,0,,117,120,123,127,83,87,-7.153538755513696,0.0,0.9999618273771178,True,1,absent,0.5255652568220824
BraTS-GLI-02227-100,sustraccion,prediction_component,292,24,12288.0,1.7619331945484184e-05,3.511003390241183e-08,1.4142135623730951,1,10.04987562112089,0.1407195089460584,0.7903281549671363,1.75,0,,118,122,95,101,136,143,-7.4545687511776775,0.0,0.999045805947943,True,1,absent,0.5255652568220824
BraTS-GLI-02227-100,sustraccion,prediction_component,294,24,12288.0,1.7619331945484184e-05,3.511003390241183e-08,1.4142135623730951,1,10.677078252031311,0.13245323570650439,0.7903281549671363,1.75,0,,118,125,142,146,131,138,-7.4545687511776775,0.0,0.9988875995733085,True,1,absent,0.5255652568220824
BraTS-GLI-02227-100,sustraccion,prediction_component,297,41,17152.0,1.825205230661335e-05,3.7676953821019284e-08,1.4142135623730951,1,12.806248474865697,0.11043152607484655,0.6611244956113513,1.3333333333333333,0,,119,127,83,91,100,106,-7.423924217137136,0.0,0.9977661757840314,True,1,absent,0.5255652568220824
BraTS-GLI-02227-100,sustraccion,prediction_component,299,24,11520.0,1.9410312304685675e-05,4.261057744126781e-08,1.4142135623730951,1,9.486832980505138,0.14907119849998599,0.7903281549671363,1.75,0,,119,123,107,114,81,86,-7.3704825803769465,0.0,0.9993978529543299,True,1,absent,0.5255652568220824
BraTS-GLI-02227-100,sustraccion,prediction_component,300,12,6144.0,2.4917498197257264e-05,7.022006780482366e-08,1.4142135623730951,1,6.4031242374328485,0.2208630521496931,0.9957510787676723,1.3333333333333333,0,,120,123,84,88,57,61,-7.153538755513696,0.0,0.9999618273771178,True,1,absent,0.5255652568220824
BraTS-GLI-02227-100,sustraccion,prediction_component,302,19,9984.0,1.9045691370546972e-05,4.102474198560274e-08,1.4142135623730951,1,9.38083151964686,0.15075567228888181,0.8543319874271107,1.5,0,,121,127,88,92,33,39,-7.386954141647967,0.0,0.999491874671176,True,1,absent,0.5255652568220824
BraTS-GLI-02227-100,sustraccion,prediction_component,303,293,97280.0,9.65677866599475e-06,1.0546708151584149e-08,1.4142135623730951,1,47.97916214358062,0.029475578546806908,0.34323270328183725,1.5,0,,121,148,90,112,34,67,-7.9768830716163395,0.0,0.832418468154009,True,1,absent,0.5255652568220824
BraTS-GLI-02227-100,sustraccion,prediction_component,304,55,20992.0,1.8083478033645437e-05,3.698420599403809e-08,1.4142135623730951,1,14.177446878757825,0.0997509336107633,0.5994555302303142,2.75,0,,121,129,158,162,107,118,-7.43198370063679,0.0,0.9966078899399058,True,1,absent,0.5255652568220824
BraTS-GLI-02227-100,sustraccion,prediction_component,306,16,6656.0,2.9464563572443515e-05,9.818664009850627e-08,1.4142135623730951,1,6.4031242374328485,0.2208630521496931,0.9046998952817776,1.3333333333333333,0,,122,126,71,75,91,94,-7.007947601074732,0.0,0.9999701751106141,True,1,absent,0.5255652568220824
BraTS-GLI-02227-100,sustraccion,prediction_component,311,29,13056.0,1.943939684666642e-05,4.27383690608457e-08,1.4142135623730951,1,10.04987562112089,0.1407195089460584,0.742013605090188,1.75,0,,122,129,94,98,33,39,-7.369182054970024,0.0,0.9991871813996239,True,1,absent,0.5255652568220824
BraTS-GLI-02227-100,sustraccion,prediction_component,313,22,10752.0,1.9732803775844155e-05,4.403824142213755e-08,1.4142135623730951,1,9.0,0.15713484026367724,0.8135863258112027,2.0,0,,123,129,62,65,44,50,-7.3561700320234165,0.0,0.9995420658729125,True,1,absent,0.5255652568220824
BraTS-GLI-02227-100,sustraccion,prediction_component,315,83,36608.0,1.1849883705506402e-05,1.5881098883325735e-08,1.4142135623730951,1,21.118712081942874,0.06696495301824251,0.5226189705555763,1.5,0,,123,133,87,102,78,89,-7.799119450117165,0.0,0.9707292205869732,True,1,absent,0.5255652568220824
BraTS-GLI-02227-100,sustraccion,prediction_component,316,17,8448.0,2.1893644584863748e-05,5.421113507463137e-08,1.4142135623730951,1,7.681145747868608,0.1841149235796647,0.8866010210973454,1.6666666666666667,0,,124,129,55,58,104,109,-7.265911499351242,0.0,0.9998405963436189,True,1,absent,0.5255652568220824
BraTS-GLI-02227-100,sustraccion,prediction_component,317,12,6144.0,2.4917498197257264e-05,7.022006780482366e-08,1.4142135623730951,1,6.4031242374328485,0.2208630521496931,0.9957510787676723,1.3333333333333333,0,,124,128,72,76,141,144,-7.153538755513696,0.0,0.9999618273771178,True,1,absent,0.5255652568220824
BraTS-GLI-02227-100,sustraccion,prediction_component,318,14,7680.0,2.080109539136373e-05,4.8935585030206e-08,1.4142135623730951,1,7.54983443527075,0.1873171623163388,0.9458781407605124,1.25,0,,124,128,78,83,142,146,-7.310375215276639,0.0,0.9998530982054296,True,1,absent,0.5255652568220824
BraTS-GLI-02227-100,sustraccion,prediction_component,319,19,8448.0,2.446936747720066e-05,6.771702339772293e-08,1.4142135623730951,1,8.12403840463596,0.17407765595569785,0.8543319874271107,1.25,0,,124,129,89,93,44,49,-7.169302140202132,0.0,0.9998505610117548,True,1,absent,0.5255652568220824
BraTS-GLI-02227-100,sustraccion,prediction_component,325,17,7168.0,2.8012503667152895e-05,8.874752009735003e-08,1.4142135623730951,1,6.928203230275509,0.20412414523193154,0.8866010210973454,1.0,0,,126,130,142,146,125,129,-7.051843773744237,0.0,0.9999495028033363,True,1,absent,0.5255652568220824
BraTS-GLI-02227-100,sustraccion,prediction_component,328,14,7680.0,2.080109539136373e-05,4.8935585030206e-08,1.4142135623730951,1,7.54983443527075,0.1873171623163388,0.9458781407605124,1.25,0,,127,131,68,72,125,130,-7.310375215276639,0.0,0.9998530982054296,True,1,absent,0.5255652568220824
BraTS-GLI-02227-100,sustraccion,prediction_component,330,93,33280.0,1.5318208345018353e-05,2.6538007819124398e-08,1.4142135623730951,1,18.76166303929372,0.07537783614444091,0.5031724852354296,1.5,0,,128,140,73,81,130,142,-7.576131682286768,0.0,0.9879644563170052,True,1,absent,0.5255652568220824
BraTS-GLI-02227-100,sustraccion,prediction_component,331,17,6912.0,2.9583075859084555e-05,9.897808063694699e-08,1.4142135623730951,1,6.557438524302,0.21566554640687685,0.8866010210973454,1.6666666666666667,0,,128,133,98,101,101,104,-7.004460972194542,0.0,0.999965693418326,True,1,absent,0.5255652568220824
BraTS-GLI-02227-100,sustraccion,prediction_component,332,14,7680.0,2.080109539136373e-05,4.8935585030206e-08,1.4142135623730951,1,7.54983443527075,0.1873171623163388,0.9458781407605124,1.25,0,,128,132,108,113,50,54,-7.310375215276639,0.0,0.9998530982054296,True,1,absent,0.5255652568220824
BraTS-GLI-02227-100,sustraccion,prediction_component,333,12,5376.0,3.04433440619409e-05,1.0481829363285631e-07,1.4142135623730951,1,5.830951894845301,0.24253562503633297,0.9957510787676723,1.3333333333333333,0,,128,131,126,130,133,136,-6.979562914580636,0.0,0.9999864375771123,True,1,absent,0.5255652568220824
BraTS-GLI-02227-100,sustraccion,prediction_component,335,35,18432.0,1.3986509728059648e-05,2.212437835928729e-08,1.4142135623730951,1,14.730919862656235,0.09600307214746388,0.6969289728874266,1.6666666666666667,0,,129,135,62,72,61,70,-7.655128923067382,0.0,0.9939677203162475,True,1,absent,0.5255652568220824
BraTS-GLI-02227-100,sustraccion,prediction_component,336,79,30464.0,1.485753292107666e-05,2.496581660502708e-08,1.4142135623730951,1,16.881943016134134,0.0837707816583391,0.5312947247927275,1.375,0,,129,139,72,80,42,53,-7.602654224070837,0.0,0.989589842593126,True,1,absent,0.5255652568220824
BraTS-GLI-02227-100,sustraccion,prediction_component,339,21,10752.0,1.883585814966942e-05,4.012575303132781e-08,1.4142135623730951,1,9.486832980505138,0.14907119849998599,0.8263006657894747,1.75,0,,131,136,80,87,122,126,-7.396576804199991,0.0,0.9994078197975982,True,1,absent,0.5255652568220824
BraTS-GLI-02227-100,sustraccion,prediction_component,340,12,5376.0,3.04433440619409e-05,1.0481829363285631e-07,1.4142135623730951,1,5.830951894845301,0.24253562503633297,0.9957510787676723,1.3333333333333333,0,,131,134,81,84,131,135,-6.979562914580636,0.0,0.9999864375771123,True,1,absent,0.5255652568220824
BraTS-GLI-02227-100,sustraccion,prediction_component,341,12,5376.0,3.04433440619409e-05,1.0481829363285631e-07,1.4142135623730951,1,5.830951894845301,0.24253562503633297,0.9957510787676723,1.3333333333333333,0,,131,135,90,93,43,46,-6.979562914580636,0.0,0.9999864375771123,True,1,absent,0.5255652568220824
BraTS-GLI-02227-100,sustraccion,prediction_component,342,12,6144.0,2.4917498197257264e-05,7.022006780482366e-08,1.4142135623730951,1,6.4031242374328485,0.2208630521496931,0.9957510787676723,1.3333333333333333,0,,132,136,88,91,98,102,-7.153538755513696,0.0,0.9999618273771178,True,1,absent,0.5255652568220824
BraTS-GLI-02227-100,sustraccion,prediction_component,350,24,10496.0,2.231903990405003e-05,5.633825494893471e-08,1.4142135623730951,1,8.774964387392123,0.16116459280507606,0.7903281549671363,1.5,0,,136,142,60,65,71,75,-7.249196609210122,0.0,0.9996903683951912,True,1,absent,0.5255652568220824
BraTS-GLI-02227-100,sustraccion,prediction_component,351,12,6144.0,2.4917498197257264e-05,7.022006780482366e-08,1.4142135623730951,1,6.4031242374328485,0.2208630521496931,0.9957510787676723,1.3333333333333333,0,,137,141,114,117,52,56,-7.153538755513696,0.0,0.9999618273771178,True,1,absent,0.5255652568220824
BraTS-GLI-02227-100,sustraccion,prediction_component,352,12,5376.0,3.04433440619409e-05,1.0481829363285631e-07,1.4142135623730951,1,5.830951894845301,0.24253562503633297,0.9957510787676723,1.3333333333333333,0,,137,140,130,134,63,66,-6.979562914580636,0.0,0.9999864375771123,True,1,absent,0.5255652568220824
BraTS-GLI-02227-100,sustraccion,prediction_component,353,63,22528.0,1.8631876346107425e-05,3.926137994703396e-08,1.4142135623730951,1,14.035668847618199,0.10075854437197569,0.5729248826285681,2.5,0,,138,148,91,95,111,120,-7.4060344400174705,0.0,0.9967103180234257,True,1,absent,0.5255652568220824
BraTS-GLI-02227-100,sustraccion,prediction_component,354,23,9984.0,2.30553106064516e-05,6.01165886714234e-08,1.4142135623730951,1,8.660254037844387,0.1632993161855452,0.8016200827808712,1.0,0,,138,143,103,108,54,59,-7.22100567151844,0.0,0.9997406124908871,True,1,absent,0.5255652568220824
BraTS-GLI-02227-100,sustraccion,prediction_component,355,14,6912.0,2.4362533060422576e-05,6.712700278491907e-08,1.4142135623730951,1,7.0710678118654755,0.2,0.9458781407605124,1.6666666666666667,0,,139,144,74,77,114,118,-7.1731027435946135,0.0,0.9999295160342189,True,1,absent,0.5255652568220824
BraTS-GLI-02227-100,sustraccion,prediction_component,356,12,5376.0,3.04433440619409e-05,1.0481829363285631e-07,1.4142135623730951,1,5.830951894845301,0.24253562503633297,0.9957510787676723,1.3333333333333333,0,,140,143,83,87,59,62,-6.979562914580636,0.0,0.9999864375771123,True,1,absent,0.5255652568220824
BraTS-GLI-02227-100,sustraccion,prediction_component,357,40,15104.0,2.1548747183001832e-05,5.2516578690230814e-08,1.4142135623730951,1,10.677078252031311,0.13245323570650439,0.6665885822069456,1.75,0,,141,145,112,119,58,65,-7.2797035747446355,0.0,0.9991350227368764,True,1,absent,0.5255652568220824
BraTS-GLI-02227-100,sustraccion,prediction_component,364,14,7680.0,2.080109539136373e-05,4.8935585030206e-08,1.4142135623730951,1,7.54983443527075,0.1873171623163388,0.9458781407605124,1.25,0,,148,152,99,103,71,76,-7.310375215276639,0.0,0.9998530982054296,True,1,absent,0.5255652568220824
BraTS-GLI-02227-100,gmm_2d,prediction_component,1,170,43008.0,1.9060094556213103e-05,4.1086814859884266e-08,2.23606797749979,1,17.11724276862369,0.13063248606829103,0.6506761647198314,1.7142857142857142,1,,18,28,72,79,85,97,-7.386297524895168,0.6931471805599453,0.9982765821178845,True,1,absent,0.5255652568220824
BraTS-GLI-02227-100,gmm_2d,prediction_component,2,25,9984.0,2.5060120224403912e-05,7.102621534903521e-08,1.7320508075688772,1,8.660254037844387,0.19999999999999996,0.9548683406603533,1.0,0,,27,32,72,77,92,97,-7.14858132620955,0.0,0.9999372968689848,True,1,absent,0.5255652568220824
BraTS-GLI-02227-100,gmm_2d,prediction_component,3,657,134656.0,1.3296177536156687e-05,1.9994289875599888e-08,2.8284271247461903,1,36.742346141747674,0.0769800358919501,0.5244684969888846,1.7857142857142858,3,,32,46,54,79,62,85,-7.699094015815783,1.3862943611198906,0.9738477548481586,True,1,absent,0.5255652568220824
BraTS-GLI-02227-100,gmm_2d,prediction_component,4,72438,11245568.0,1.920854002980097e-06,4.172929883517136e-10,5.656854249492381,4,232.0474089491197,0.024378010834556405,0.21875049373196326,1.347457627118644,114,,33,154,24,183,37,155,-9.379558912546242,4.74493212836325,0.004156125807498506,False,1,absent,0.5255652568220824
BraTS-GLI-02227-100,gmm_2d,prediction_component,5,224,64512.0,1.3670590024928647e-05,2.1136199127613e-08,2.23606797749979,1,26.832815729997478,0.08333333333333333,0.5935152274061434,2.5,1,,38,58,39,55,66,74,-7.674973108150434,0.6931471805599453,0.9860300002974013,True,1,absent,0.5255652568220824
BraTS-GLI-02227-100,gmm_2d,prediction_component,6,44,13824.0,2.7070862238995545e-05,8.288129935688987e-08,1.7320508075688772,1,10.392304845413264,0.16666666666666666,0.7908715233027805,1.0,0,,40,46,125,131,125,131,-7.081543448970658,0.0,0.9998482248433442,True,1,absent,0.5255652568220824
BraTS-GLI-02227-100,gmm_2d,prediction_component,7,38,12544.0,2.7047649416909622e-05,8.273922157753891e-08,1.7320508075688772,1,9.273618495495704,0.18677184190940707,0.8304795924748166,1.2,0,,40,45,128,133,117,123,-7.082288569326049,0.0,0.9999073465642991,True,1,absent,0.5255652568220824
BraTS-GLI-02227-100,gmm_2d,prediction_component,8,56,16384.0,2.6702880859375e-05,8.064335911960217e-08,1.7320508075688772,1,11.0,0.15745916432444337,0.7297836929246639,1.1666666666666667,0,,41,47,126,133,133,139,-7.0934313904133885,0.0,0.9997727688530158,True,1,absent,0.5255652568220824
BraTS-GLI-02227-100,gmm_2d,prediction_component,9,142,37120.0,1.98552972441256e-05,4.458668249875947e-08,1.7320508075688772,1,16.30950643030009,0.1061988488107183,0.5351728204165959,1.375,0,,42,51,126,137,47,55,-7.350794840412939,0.0,0.9972637621064192,True,1,absent,0.5255652568220824
BraTS-GLI-02227-100,gmm_2d,prediction_component,10,56,18432.0,2.2378415564895438e-05,5.6638408599775465e-08,1.7320508075688772,1,11.0,0.15745916432444337,0.7297836929246639,1.1666666666666667,0,,46,52,73,80,132,138,-7.246888957755532,0.0,0.999603191551943,True,1,absent,0.5255652568220824
BraTS-GLI-02227-100,gmm_2d,prediction_component,11,92,26880.0,2.0875838614040423e-05,4.92878909615831e-08,1.7320508075688772,1,14.071247279470288,0.12309149097933272,0.6184826978494664,1.4285714285714286,0,,46,53,102,109,98,108,-7.307259764992831,0.0,0.9986799225625012,True,1,absent,0.5255652568220824
BraTS-GLI-02227-100,gmm_2d,prediction_component,12,89,25856.0,2.1406614985083015e-05,5.1826080999506735e-08,1.7320508075688772,1,13.30413469565007,0.13018891098082386,0.6253552903860047,1.1428571428571428,0,,46,54,108,116,48,55,-7.28545163053223,0.0,0.9989533911846848,True,1,absent,0.5255652568220824
BraTS-GLI-02227-100,gmm_2d,prediction_component,13,46,15616.0,2.357236358908017e-05,6.284324984734695e-08,1.7320508075688772,1,10.488088481701515,0.1651445647689541,0.7792393700163133,1.4,0,,47,53,91,98,106,111,-7.20174136414328,0.0,0.9997495063859743,True,1,absent,0.5255652568220824
BraTS-GLI-02227-100,gmm_2d,prediction_component,14,25,9984.0,2.5060120224403912e-05,7.102621534903521e-08,1.7320508075688772,1,8.660254037844387,0.19999999999999996,0.9548683406603533,1.0,0,,51,56,60,65,93,98,-7.14858132620955,0.0,0.9999372968689848,True,1,absent,0.5255652568220824
BraTS-GLI-02227-100,gmm_2d,prediction_component,15,258,58368.0,1.8296056278846142e-05,3.785884396300305e-08,2.23606797749979,1,20.445048300260872,0.10936965981495178,0.5662062208629538,2.142857142857143,2,,52,59,120,135,120,132,-7.421832651549028,1.0986122886681098,0.9957100271548083,True,1,absent,0.5255652568220824
BraTS-GLI-02227-100,gmm_2d,prediction_component,16,46,16896.0,2.0945077921731866e-05,4.961538140913494e-08,1.7320508075688772,1,11.0,0.15745916432444337,0.7792393700163133,1.1666666666666667,0,,53,59,47,54,56,62,-7.3043836657365855,0.0,0.9995805115715526,True,1,absent,0.5255652568220824
BraTS-GLI-02227-100,gmm_2d,prediction_component,17,85,25856.0,2.0444519929573668e-05,4.727224280033281e-08,2.23606797749979,1,13.601470508735444,0.1643989873053573,0.8198005965953793,1.6666666666666667,1,,53,60,123,133,53,59,-7.32539379239347,0.6931471805599453,0.9995627968078684,True,1,absent,0.5255652568220824
BraTS-GLI-02227-100,gmm_2d,prediction_component,18,25,9984.0,2.5060120224403912e-05,7.102621534903521e-08,1.7320508075688772,1,8.660254037844387,0.19999999999999996,0.9548683406603533,1.0,0,,54,59,71,76,80,85,-7.14858132620955,0.0,0.9999372968689848,True,1,absent,0.5255652568220824
BraTS-GLI-02227-100,gmm_2d,prediction_component,19,25,9984.0,2.5060120224403912e-05,7.102621534903521e-08,1.7320508075688772,1,8.660254037844387,0.19999999999999996,0.9548683406603533,1.0,0,,54,59,128,133,47,52,-7.14858132620955,0.0,0.9999372968689848,True,1,absent,0.5255652568220824
BraTS-GLI-02227-100,gmm_2d,prediction_component,20,75,21504.0,2.378386254839133e-05,6.397600929739764e-08,1.7320508075688772,1,12.206555615733702,0.14189513095212064,0.6620687295173385,1.3333333333333333,0,,57,63,39,47,117,124,-7.193982853876372,0.0,0.999460775918292,True,1,absent,0.5255652568220824
BraTS-GLI-02227-100,gmm_2d,prediction_component,21,94,31744.0,1.662016679383982e-05,3.124087068863525e-08,1.7320508075688772,1,16.792855623746664,0.10314212462587934,0.6140648134821065,1.8571428571428572,0,,57,64,87,100,140,148,-7.505276870761436,0.0,0.9960293832318811,True,1,absent,0.5255652568220824
BraTS-GLI-02227-100,gmm_2d,prediction_component,22,25,9984.0,2.5060120224403912e-05,7.102621534903521e-08,1.7320508075688772,1,8.660254037844387,0.19999999999999996,0.9548683406603533,1.0,0,,57,62,179,184,99,104,-7.14858132620955,0.0,0.9999372968689848,True,1,absent,0.5255652568220824
BraTS-GLI-02227-100,gmm_2d,prediction_component,23,25,9984.0,2.5060120224403912e-05,7.102621534903521e-08,1.7320508075688772,1,8.660254037844387,0.19999999999999996,0.9548683406603533,1.0,0,,60,65,36,41,114,119,-7.14858132620955,0.0,0.9999372968689848,True,1,absent,0.5255652568220824
BraTS-GLI-02227-100,gmm_2d,prediction_component,24,253,61952.0,1.640731530791035e-05,3.044580222833281e-08,2.449489742783178,1,23.790754506740637,0.10295973345818703,0.6243071678706487,1.8888888888888888,2,,60,74,92,109,28,37,-7.5164725780637855,1.0986122886681098,0.9943154901063552,True,1,absent,0.5255652568220824
BraTS-GLI-02227-100,gmm_2d,prediction_component,25,212,55552.0,1.6191471218413795e-05,2.9650020490889197e-08,2.23606797749979,1,24.919871588754223,0.08973031700969426,0.6045087409442265,1.2307692307692308,1,,60,74,128,144,37,50,-7.527975002162213,0.6931471805599453,0.9929235414912275,True,1,absent,0.5255652568220824
BraTS-GLI-02227-100,gmm_2d,prediction_component,26,25,9984.0,2.5060120224403912e-05,7.102621534903521e-08,1.7320508075688772,1,8.660254037844387,0.19999999999999996,0.9548683406603533,1.0,0,,64,69,82,87,62,67,-7.14858132620955,0.0,0.9999372968689848,True,1,absent,0.5255652568220824
BraTS-GLI-02227-100,gmm_2d,prediction_component,27,25,9984.0,2.5060120224403912e-05,7.102621534903521e-08,1.7320508075688772,1,8.660254037844387,0.19999999999999996,0.9548683406603533,1.0,0,,64,69,137,142,121,126,-7.14858132620955,0.0,0.9999372968689848,True,1,absent,0.5255652568220824
BraTS-GLI-02227-100,gmm_2d,prediction_component,28,765,150016.0,1.3166036755050318e-05,1.9604803774360034e-08,2.8284271247461903,1,37.21558813185679,0.07600114002565064,0.4985255081889244,3.3,2,,67,100,177,191,88,98,-7.707637500221164,1.0986122886681098,0.9728497546395789,True,1,absent,0.5255652568220824
BraTS-GLI-02227-100,gmm_2d,prediction_component,29,64,18944.0,2.4545531829353735e-05,6.813923701938073e-08,1.7320508075688772,1,11.180339887498949,0.15491933384829665,0.6980129914371896,1.6,0,,68,74,83,88,90,98,-7.166602733699282,0.0,0.9996571014313461,True,1,absent,0.5255652568220824
BraTS-GLI-02227-100,gmm_2d,prediction_component,30,50,18688.0,1.95715745391646e-05,4.332154192016719e-08,1.7320508075688772,1,11.74734012447073,0.14744195615489714,0.757879504227687,1.6,0,,68,73,127,135,142,149,-7.3632960941634575,0.0,0.9993313988585203,True,1,absent,0.5255652568220824
BraTS-GLI-02227-100,gmm_2d,prediction_component,31,190,52992.0,1.5575361481781922e-05,2.743649584710593e-08,2.23606797749979,1,22.561028345356956,0.09911197057469107,0.6269939327258102,2.25,1,,68,79,155,173,133,141,-7.561671356939223,0.6931471805599453,0.9937283735327707,True,1,absent,0.5255652568220824
BraTS-GLI-02227-100,gmm_2d,prediction_component,32,25,9984.0,2.5060120224403912e-05,7.102621534903521e-08,1.7320508075688772,1,8.660254037844387,0.19999999999999996,0.9548683406603533,1.0,0,,71,76,90,95,149,154,-7.14858132620955,0.0,0.9999372968689848,True,1,absent,0.5255652568220824
BraTS-GLI-02227-100,gmm_2d,prediction_component,33,389,96000.0,1.307804272287053e-05,1.934362556697026e-08,2.449489742783178,1,26.645825188948457,0.09192771195538432,0.5409062021462446,1.2142857142857142,2,,72,89,111,125,29,44,-7.713462123005868,1.0986122886681098,0.9817459599663989,True,1,absent,0.5255652568220824
BraTS-GLI-02227-100,gmm_2d,prediction_component,34,25,9984.0,2.5060120224403912e-05,7.102621534903521e-08,1.7320508075688772,1,8.660254037844387,0.19999999999999996,0.9548683406603533,1.0,0,,73,78,123,128,64,69,-7.14858132620955,0.0,0.9999372968689848,True,1,absent,0.5255652568220824
BraTS-GLI-02227-100,gmm_2d,prediction_component,35,25,9984.0,2.5060120224403912e-05,7.102621534903521e-08,1.7320508075688772,1,8.660254037844387,0.19999999999999996,0.9548683406603533,1.0,0,,74,79,120,125,146,151,-7.14858132620955,0.0,0.9999372968689848,True,1,absent,0.5255652568220824
BraTS-GLI-02227-100,gmm_2d,prediction_component,36,46,16896.0,2.0945077921731866e-05,4.961538140913494e-08,1.7320508075688772,1,11.0,0.15745916432444337,0.7792393700163133,1.1666666666666667,0,,75,81,133,140,124,130,-7.3043836657365855,0.0,0.9995805115715526,True,1,absent,0.5255652568220824
BraTS-GLI-02227-100,gmm_2d,prediction_component,37,25,9984.0,2.5060120224403912e-05,7.102621534903521e-08,1.7320508075688772,1,8.660254037844387,0.19999999999999996,0.9548683406603533,1.0,0,,75,80,146,151,90,95,-7.14858132620955,0.0,0.9999372968689848,True,1,absent,0.5255652568220824
BraTS-GLI-02227-100,gmm_2d,prediction_component,38,25,9984.0,2.5060120224403912e-05,7.102621534903521e-08,1.7320508075688772,1,8.660254037844387,0.19999999999999996,0.9548683406603533,1.0,0,,76,81,111,116,124,129,-7.14858132620955,0.0,0.9999372968689848,True,1,absent,0.5255652568220824
BraTS-GLI-02227-100,gmm_2d,prediction_component,39,25,9984.0,2.5060120224403912e-05,7.102621534903521e-08,1.7320508075688772,1,8.660254037844387,0.19999999999999996,0.9548683406603533,1.0,0,,78,83,102,107,44,49,-7.14858132620955,0.0,0.9999372968689848,True,1,absent,0.5255652568220824
BraTS-GLI-02227-100,gmm_2d,prediction_component,40,25,9984.0,2.5060120224403912e-05,7.102621534903521e-08,1.7320508075688772,1,8.660254037844387,0.19999999999999996,0.9548683406603533,1.0,0,,78,83,120,125,125,130,-7.14858132620955,0.0,0.9999372968689848,True,1,absent,0.5255652568220824
BraTS-GLI-02227-100,gmm_2d,prediction_component,41,75,25344.0,1.858867881560747e-05,3.9079537971908425e-08,1.7320508075688772,1,13.30413469565007,0.13018891098082386,0.6620687295173385,1.1428571428571428,0,,79,86,30,38,74,82,-7.408050579483377,0.0,0.9985423315037959,True,1,absent,0.5255652568220824
BraTS-GLI-02227-100,gmm_2d,prediction_component,42,82,27136.0,1.834404497560797e-05,3.8057704219158175e-08,1.7320508075688772,1,13.892443989449804,0.1246757452385074,0.6426663285123421,1.8333333333333333,0,,79,90,151,157,88,94,-7.419557413501005,0.0,0.9982123587528148,True,1,absent,0.5255652568220824
BraTS-GLI-02227-100,gmm_2d,prediction_component,43,240,77824.0,1.1054546181314333e-05,1.382083270688321e-08,1.7320508075688772,1,31.400636936215164,0.055159734851469154,0.449282755699618,1.3125,0,,80,97,100,121,127,143,-7.859465789877177,0.0,0.9445636286860108,True,1,absent,0.5255652568220824
BraTS-GLI-02227-100,gmm_2d,prediction_component,44,25,9984.0,2.5060120224403912e-05,7.102621534903521e-08,1.7320508075688772,1,8.660254037844387,0.19999999999999996,0.9548683406603533,1.0,0,,82,87,60,65,37,42,-7.14858132620955,0.0,0.9999372968689848,True,1,absent,0.5255652568220824
BraTS-GLI-02227-100,gmm_2d,prediction_component,45,25,9984.0,2.5060120224403912e-05,7.102621534903521e-08,1.7320508075688772,1,8.660254037844387,0.19999999999999996,0.9548683406603533,1.0,0,,82,87,97,102,39,44,-7.14858132620955,0.0,0.9999372968689848,True,1,absent,0.5255652568220824
BraTS-GLI-02227-100,gmm_2d,prediction_component,46,25,9984.0,2.5060120224403912e-05,7.102621534903521e-08,1.7320508075688772,1,8.660254037844387,0.19999999999999996,0.9548683406603533,1.0,0,,82,87,133,138,125,130,-7.14858132620955,0.0,0.9999372968689848,True,1,absent,0.5255652568220824
BraTS-GLI-02227-100,gmm_2d,prediction_component,47,175,43264.0,1.9446795345926265e-05,4.277090710367483e-08,2.23606797749979,1,17.46424919657298,0.128036879932896,0.644419275595427,2.1666666666666665,2,,82,88,166,179,89,99,-7.368851538942559,1.0986122886681098,0.9980324175811432,True,1,absent,0.5255652568220824
BraTS-GLI-02227-100,gmm_2d,prediction_component,48,224,59904.0,1.5277921852378117e-05,2.639860282483845e-08,2.23606797749979,1,23.748684174075834,0.09415544714433868,0.5935152274061434,2.5,1,,83,93,27,47,82,90,-7.57841905803623,0.6931471805599453,0.9919075164221336,True,1,absent,0.5255652568220824
BraTS-GLI-02227-100,gmm_2d,prediction_component,49,250,60416.0,1.6834958736720183e-05,3.205357586073658e-08,2.449489742783178,1,21.0,0.11664236870396086,0.6267944736921126,2.0,1,,83,91,84,95,139,155,-7.494123514040372,0.6931471805599453,0.9964453787651123,True,1,absent,0.5255652568220824
BraTS-GLI-02227-100,gmm_2d,prediction_component,50,25,9984.0,2.5060120224403912e-05,7.102621534903521e-08,1.7320508075688772,1,8.660254037844387,0.19999999999999996,0.9548683406603533,1.0,0,,83,88,104,109,122,127,-7.14858132620955,0.0,0.9999372968689848,True,1,absent,0.5255652568220824
BraTS-GLI-02227-100,gmm_2d,prediction_component,51,25,9984.0,2.5060120224403912e-05,7.102621534903521e-08,1.7320508075688772,1,8.660254037844387,0.19999999999999996,0.9548683406603533,1.0,0,,83,88,106,111,54,59,-7.14858132620955,0.0,0.9999372968689848,True,1,absent,0.5255652568220824
BraTS-GLI-02227-100,gmm_2d,prediction_component,52,25,9984.0,2.5060120224403912e-05,7.102621534903521e-08,1.7320508075688772,1,8.660254037844387,0.19999999999999996,0.9548683406603533,1.0,0,,84,89,25,30,77,82,-7.14858132620955,0.0,0.9999372968689848,True,1,absent,0.5255652568220824
BraTS-GLI-02227-100,gmm_2d,prediction_component,53,51,16384.0,2.4318695068359375e-05,6.688564319836902e-08,1.7320508075688772,1,10.488088481701515,0.1651445647689541,0.7528933105024771,1.4,0,,84,90,135,142,88,93,-7.1746670922299165,0.0,0.9997536552590456,True,1,absent,0.5255652568220824
BraTS-GLI-02227-100,gmm_2d,prediction_component,54,25,9984.0,2.5060120224403912e-05,7.102621534903521e-08,1.7320508075688772,1,8.660254037844387,0.19999999999999996,0.9548683406603533,1.0,0,,84,89,144,149,90,95,-7.14858132620955,0.0,0.9999372968689848,True,1,absent,0.5255652568220824
BraTS-GLI-02227-100,gmm_2d,prediction_component,55,205,49152.0,1.8812307545959676e-05,4.002547674557446e-08,2.23606797749979,1,18.601075237738275,0.12021175920858625,0.6113124652791219,1.3333333333333333,1,,85,96,131,140,43,55,-7.3976634864732675,0.6931471805599453,0.9975391566649313,True,1,absent,0.5255652568220824
BraTS-GLI-02227-100,gmm_2d,prediction_component,56,51,17664.0,2.1723839827382773e-05,5.337348459431324e-08,1.7320508075688772,1,11.0,0.15745916432444337,0.7528933105024771,1.1666666666666667,0,,87,93,177,183,54,61,-7.272674442490021,0.0,0.9995943458245816,True,1,absent,0.5255652568220824
BraTS-GLI-02227-100,gmm_2d,prediction_component,57,62,17664.0,2.6409373907798665e-05,7.888030556729723e-08,1.7320508075688772,1,11.0,0.15745916432444337,0.7054392189315698,1.1666666666666667,0,,88,94,67,73,75,82,-7.103031415689386,0.0,0.999746261987634,True,1,absent,0.5255652568220824
BraTS-GLI-02227-100,gmm_2d,prediction_component,58,50,19968.0,1.772018094802615e-05,3.551310767451761e-08,1.7320508075688772,1,12.206555615733702,0.14189513095212064,0.757879504227687,1.3333333333333333,0,,88,94,69,77,103,110,-7.449611321873531,0.0,0.9989861070057334,True,1,absent,0.5255652568220824
BraTS-GLI-02227-100,gmm_2d,prediction_component,59,25,9984.0,2.5060120224403912e-05,7.102621534903521e-08,1.7320508075688772,1,8.660254037844387,0.19999999999999996,0.9548683406603533,1.0,0,,88,93,117,122,57,62,-7.14858132620955,0.0,0.9999372968689848,True,1,absent,0.5255652568220824
BraTS-GLI-02227-100,gmm_2d,prediction_component,60,25,9984.0,2.5060120224403912e-05,7.102621534903521e-08,1.7320508075688772,1,8.660254037844387,0.19999999999999996,0.9548683406603533,1.0,0,,89,94,98,103,27,32,-7.14858132620955,0.0,0.9999372968689848,True,1,absent,0.5255652568220824
BraTS-GLI-02227-100,gmm_2d,prediction_component,61,25,9984.0,2.5060120224403912e-05,7.102621534903521e-08,1.7320508075688772,1,8.660254037844387,0.19999999999999996,0.9548683406603533,1.0,0,,90,95,106,111,124,129,-7.14858132620955,0.0,0.9999372968689848,True,1,absent,0.5255652568220824
BraTS-GLI-02227-100,gmm_2d,prediction_component,62,74,27904.0,1.5875668610764854e-05,2.8504696624341678e-08,1.7320508075688772,1,14.491376746189438,0.11952286093343936,0.6650376873001744,2.2,0,,90,95,114,122,37,48,-7.545083576834046,0.0,0.9971069439288609,True,1,absent,0.5255652568220824
BraTS-GLI-02227-100,gmm_2d,prediction_component,63,25,9984.0,2.5060120224403912e-05,7.102621534903521e-08,1.7320508075688772,1,8.660254037844387,0.19999999999999996,0.9548683406603533,1.0,0,,90,95,128,133,147,152,-7.14858132620955,0.0,0.9999372968689848,True,1,absent,0.5255652568220824
BraTS-GLI-02227-100,gmm_2d,prediction_component,64,38,13824.0,2.3379381024587062e-05,6.181848980958109e-08,1.7320508075688772,1,9.848857801796104,0.17586311452816475,0.8304795924748166,1.2,0,,91,97,78,83,32,38,-7.2088816087094125,0.0,0.9998202678928552,True,1,absent,0.5255652568220824
BraTS-GLI-02227-100,gmm_2d,prediction_component,65,25,9984.0,2.5060120224403912e-05,7.102621534903521e-08,1.7320508075688772,1,8.660254037844387,0.19999999999999996,0.9548683406603533,1.0,0,,91,96,109,114,39,44,-7.14858132620955,0.0,0.9999372968689848,True,1,absent,0.5255652568220824
BraTS-GLI-02227-100,gmm_2d,prediction_component,66,25,9984.0,2.5060120224403912e-05,7.102621534903521e-08,1.7320508075688772,1,8.660254037844387,0.19999999999999996,0.9548683406603533,1.0,0,,91,96,153,158,40,45,-7.14858132620955,0.0,0.9999372968689848,True,1,absent,0.5255652568220824
BraTS-GLI-02227-100,gmm_2d,prediction_component,67,25,9984.0,2.5060120224403912e-05,7.102621534903521e-08,1.7320508075688772,1,8.660254037844387,0.19999999999999996,0.9548683406603533,1.0,0,,93,98,37,42,104,109,-7.14858132620955,0.0,0.9999372968689848,True,1,absent,0.5255652568220824
BraTS-GLI-02227-100,gmm_2d,prediction_component,68,25,9984.0,2.5060120224403912e-05,7.102621534903521e-08,1.7320508075688772,1,8.660254037844387,0.19999999999999996,0.9548683406603533,1.0,0,,93,98,130,135,33,38,-7.14858132620955,0.0,0.9999372968689848,True,1,absent,0.5255652568220824
BraTS-GLI-02227-100,gmm_2d,prediction_component,69,72,23296.0,2.024932076428843e-05,4.637386500279305e-08,1.7320508075688772,1,13.30413469565007,0.13018891098082386,0.6711392913128504,1.1428571428571428,0,,93,101,147,155,86,93,-7.333726706574872,0.0,0.9989177910580007,True,1,absent,0.5255652568220824
BraTS-GLI-02227-100,gmm_2d,prediction_component,70,25,9984.0,2.5060120224403912e-05,7.102621534903521e-08,1.7320508075688772,1,8.660254037844387,0.19999999999999996,0.9548683406603533,1.0,0,,93,98,184,189,67,72,-7.14858132620955,0.0,0.9999372968689848,True,1,absent,0.5255652568220824
BraTS-GLI-02227-100,gmm_2d,prediction_component,71,65,18688.0,2.544304690091398e-05,7.321340584508254e-08,1.7320508075688772,1,11.090536506409418,0.15617376188860604,0.6944149224264771,1.4,0,,94,101,75,80,40,47,-7.1354093895497845,0.0,0.9996975332567061,True,1,absent,0.5255652568220824
BraTS-GLI-02227-100,gmm_2d,prediction_component,72,114,37632.0,1.5615967671799395e-05,2.75797405258463e-08,2.23606797749979,1,18.57417562100671,0.12038585308576921,0.7433835070894423,2.0,1,,94,104,129,136,54,68,-7.55940982404571,0.6931471805599453,0.9970696672895194,True,1,absent,0.5255652568220824
BraTS-GLI-02227-100,gmm_2d,prediction_component,73,38,13824.0,2.3379381024587062e-05,6.181848980958109e-08,1.7320508075688772,1,9.848857801796104,0.17586311452816475,0.8304795924748166,1.2,0,,94,99,158,164,43,49,-7.2088816087094125,0.0,0.9998202678928552,True,1,absent,0.5255652568220824
BraTS-GLI-02227-100,gmm_2d,prediction_component,74,189,50176.0,1.6815808354591835e-05,3.198069310477912e-08,2.23606797749979,1,20.12461179749811,0.1111111111111111,0.628097797562438,2.2857142857142856,1,,95,102,94,104,29,45,-7.495112128197068,0.6931471805599453,0.9960639623035298,True,1,absent,0.5255652568220824
BraTS-GLI-02227-100,gmm_2d,prediction_component,75,182,45568.0,1.871032953460306e-05,3.9592711610870473e-08,2.449489742783178,1,20.049937655763422,0.12216944435630521,0.6967570402127957,2.4285714285714284,2,,97,114,116,124,146,153,-7.40238475343066,1.0986122886681098,0.9978930039056564,True,1,absent,0.5255652568220824
BraTS-GLI-02227-100,gmm_2d,prediction_component,76,150,37632.0,2.0547325883946573e-05,4.7748858251118945e-08,1.7320508075688772,1,18.138357147217054,0.09549105211188455,0.5254842988555363,1.5,0,,98,109,86,94,74,86,-7.321037008607293,0.0,0.9969134437125313,True,1,absent,0.5255652568220824
BraTS-GLI-02227-100,gmm_2d,prediction_component,77,38,12544.0,2.7047649416909622e-05,8.273922157753891e-08,1.7320508075688772,1,9.273618495495704,0.18677184190940707,0.8304795924748166,1.2,0,,98,104,108,113,30,35,-7.082288569326049,0.0,0.9999073465642991,True,1,absent,0.5255652568220824
BraTS-GLI-02227-100,gmm_2d,prediction_component,78,46,16896.0,2.0945077921731866e-05,4.961538140913494e-08,1.7320508075688772,1,11.0,0.15745916432444337,0.7792393700163133,1.1666666666666667,0,,99,106,173,179,55,61,-7.3043836657365855,0.0,0.9995805115715526,True,1,absent,0.5255652568220824
BraTS-GLI-02227-100,gmm_2d,prediction_component,79,88,31232.0,1.5943474744936346e-05,2.874870786967479e-08,1.7320508075688772,1,16.73320053068151,0.10350983390135313,0.627715144031263,2.0,0,,100,110,78,90,35,41,-7.541381670198035,0.0,0.9956913121788813,True,1,absent,0.5255652568220824
BraTS-GLI-02227-100,gmm_2d,prediction_component,80,25,9984.0,2.5060120224403912e-05,7.102621534903521e-08,1.7320508075688772,1,8.660254037844387,0.19999999999999996,0.9548683406603533,1.0,0,,100,105,144,149,123,128,-7.14858132620955,0.0,0.9999372968689848,True,1,absent,0.5255652568220824
BraTS-GLI-02227-100,gmm_2d,prediction_component,81,129,42240.0,1.4859488014446682e-05,2.4972387509396282e-08,1.7320508075688772,1,18.49324200890693,0.0936585811581694,0.5525780044563531,1.1,0,,101,112,160,171,45,55,-7.602539934517348,0.0,0.9918745790147891,True,1,absent,0.5255652568220824
BraTS-GLI-02227-100,gmm_2d,prediction_component,82,25,9984.0,2.5060120224403912e-05,7.102621534903521e-08,1.7320508075688772,1,8.660254037844387,0.19999999999999996,0.9548683406603533,1.0,0,,102,107,82,87,147,152,-7.14858132620955,0.0,0.9999372968689848,True,1,absent,0.5255652568220824
BraTS-GLI-02227-100,gmm_2d,prediction_component,83,25,9984.0,2.5060120224403912e-05,7.102621534903521e-08,1.7320508075688772,1,8.660254037844387,0.19999999999999996,0.9548683406603533,1.0,0,,103,108,92,97,128,133,-7.14858132620955,0.0,0.9999372968689848,True,1,absent,0.5255652568220824
BraTS-GLI-02227-100,gmm_2d,prediction_component,84,113,33024.0,1.882928938325072e-05,4.0097771217339895e-08,1.7320508075688772,1,15.588457268119896,0.1111111111111111,0.5775159935737552,2.6,0,,103,116,123,130,144,149,-7.396879766405035,0.0,0.9974099781501488,True,1,absent,0.5255652568220824
BraTS-GLI-02227-100,gmm_2d,prediction_component,85,25,9984.0,2.5060120224403912e-05,7.102621534903521e-08,1.7320508075688772,1,8.660254037844387,0.19999999999999996,0.9548683406603533,1.0,0,,103,108,147,152,135,140,-7.14858132620955,0.0,0.9999372968689848,True,1,absent,0.5255652568220824
BraTS-GLI-02227-100,gmm_2d,prediction_component,86,25,9984.0,2.5060120224403912e-05,7.102621534903521e-08,1.7320508075688772,1,8.660254037844387,0.19999999999999996,0.9548683406603533,1.0,0,,104,109,83,88,69,74,-7.14858132620955,0.0,0.9999372968689848,True,1,absent,0.5255652568220824
BraTS-GLI-02227-100,gmm_2d,prediction_component,87,25,9984.0,2.5060120224403912e-05,7.102621534903521e-08,1.7320508075688772,1,8.660254037844387,0.19999999999999996,0.9548683406603533,1.0,0,,104,109,128,133,68,73,-7.14858132620955,0.0,0.9999372968689848,True,1,absent,0.5255652568220824
BraTS-GLI-02227-100,gmm_2d,prediction_component,88,98,27392.0,2.161675304981268e-05,5.284857673972468e-08,1.7320508075688772,1,14.594519519326424,0.11867816581938533,0.605593872006889,1.4285714285714286,0,,105,113,62,72,44,51,-7.276966704144767,0.0,0.9986641880547892,True,1,absent,0.5255652568220824
BraTS-GLI-02227-100,gmm_2d,prediction_component,89,61,22272.0,1.835232147570534e-05,3.8092053856957204e-08,1.7320508075688772,1,12.36931687685298,0.14002800840280097,0.7092732030227112,1.5,0,,105,111,129,138,87,93,-7.419165610308449,0.0,0.998907508003279,True,1,absent,0.5255652568220824
BraTS-GLI-02227-100,gmm_2d,prediction_component,90,360,93184.0,1.2655825477680268e-05,1.8114791016716036e-08,2.23606797749979,1,36.68787265568828,0.06094842288853993,0.5066954895460812,1.6875,1,,106,133,37,53,60,79,-7.741966671886721,0.6931471805599453,0.9653870428285959,True,1,absent,0.5255652568220824
BraTS-GLI-02227-100,gmm_2d,prediction_component,91,25,9984.0,2.5060120224403912e-05,7.102621534903521e-08,1.7320508075688772,1,8.660254037844387,0.19999999999999996,0.9548683406603533,1.0,0,,107,112,57,62,50,55,-7.14858132620955,0.0,0.9999372968689848,True,1,absent,0.5255652568220824
BraTS-GLI-02227-100,gmm_2d,prediction_component,92,483,118272.0,1.1874743008236878e-05,1.5947801167221947e-08,2.23606797749979,1,34.942810419312295,0.06399221901922214,0.4594082906340258,1.625,2,,107,133,116,132,31,48,-7.79729918763948,1.0986122886681098,0.9482722609357664,True,1,absent,0.5255652568220824
BraTS-GLI-02227-100,gmm_2d,prediction_component,93,51,16384.0,2.4318695068359375e-05,6.688564319836902e-08,1.7320508075688772,1,10.488088481701515,0.1651445647689541,0.7528933105024771,1.4,0,,108,113,70,77,135,141,-7.1746670922299165,0.0,0.9997536552590456,True,1,absent,0.5255652568220824
BraTS-GLI-02227-100,gmm_2d,prediction_component,94,546,141312.0,1.0278365995861036e-05,1.1948146245823638e-08,2.23606797749979,1,40.311288741492746,0.05547001962252292,0.44101191624754643,1.4,4,,108,136,83,103,131,152,-7.92269947025225,1.6094379124341003,0.8885166867182689,True,1,absent,0.5255652568220824
BraTS-GLI-02227-100,gmm_2d,prediction_component,95,94,28928.0,1.9105140700199234e-05,4.1281251423939826e-08,2.23606797749979,1,15.937377450509228,0.14030338331657843,0.7927542653693875,2.1666666666666665,1,,108,115,93,99,31,44,-7.38424714572499,0.6931471805599453,0.9990791733799909,True,1,absent,0.5255652568220824
BraTS-GLI-02227-100,gmm_2d,prediction_component,96,47,14592.0,2.6664020003279646e-05,8.040880842667987e-08,1.7320508075688772,1,9.848857801796104,0.17586311452816475,0.7736731845058752,1.2,0,,108,114,102,108,29,34,-7.094696373620167,0.0,0.9998584461552412,True,1,absent,0.5255652568220824
BraTS-GLI-02227-100,gmm_2d,prediction_component,97,25,9984.0,2.5060120224403912e-05,7.102621534903521e-08,1.7320508075688772,1,8.660254037844387,0.19999999999999996,0.9548683406603533,1.0,0,,108,113,119,124,86,91,-7.14858132620955,0.0,0.9999372968689848,True,1,absent,0.5255652568220824
BraTS-GLI-02227-100,gmm_2d,prediction_component,98,330,82944.0,1.3814541538065843e-05,2.1583671707523402e-08,2.449489742783178,1,29.29163703175362,0.08362420100070907,0.5713915957656857,1.5384615384615385,2,,108,128,156,173,61,74,-7.665874673338189,1.0986122886681098,0.9836675051794076,True,1,absent,0.5255652568220824
BraTS-GLI-02227-100,gmm_2d,prediction_component,99,766,179456.0,1.0076084356053528e-05,1.148248701298792e-08,2.449489742783178,1,57.01754116059373,0.042960283676281755,0.4315477981443144,2.0476190476190474,6,,109,140,53,74,35,78,-7.939964037108895,1.9459101490553132,0.8381527148744381,True,1,absent,0.5255652568220824
BraTS-GLI-02227-100,gmm_2d,prediction_component,100,727,172800.0,1.0120892305672693e-05,1.1584838417929956e-08,2.23606797749979,1,52.10566188045211,0.04291410754228745,0.4008695497840142,1.5217391304347827,2,,111,146,120,143,42,73,-7.936110019249127,1.0986122886681098,0.8618987670646768,True,1,absent,0.5255652568220824
BraTS-GLI-02227-100,gmm_2d,prediction_component,101,88,29184.0,1.7650842803246015e-05,3.523572954143328e-08,1.7320508075688772,1,15.165750888103101,0.11420804814403214,0.627715144031263,1.4285714285714286,0,,112,121,150,157,127,137,-7.453016732183208,0.0,0.9974335526828575,True,1,absent,0.5255652568220824
BraTS-GLI-02227-100,gmm_2d,prediction_component,102,25,9984.0,2.5060120224403912e-05,7.102621534903521e-08,1.7320508075688772,1,8.660254037844387,0.19999999999999996,0.9548683406603533,1.0,0,,113,118,107,112,127,132,-7.14858132620955,0.0,0.9999372968689848,True,1,absent,0.5255652568220824
BraTS-GLI-02227-100,gmm_2d,prediction_component,103,612,150272.0,1.0505925633367194e-05,1.2483058853547633e-08,2.23606797749979,1,45.09988913511872,0.04958034310906081,0.4245518436902549,2.4615384615384617,1,,114,146,113,126,119,148,-7.903678981925848,0.6931471805599453,0.9067673387390534,True,1,absent,0.5255652568220824
BraTS-GLI-02227-100,gmm_2d,prediction_component,104,25,9984.0,2.5060120224403912e-05,7.102621534903521e-08,1.7320508075688772,1,8.660254037844387,0.19999999999999996,0.9548683406603533,1.0,0,,115,120,47,52,127,132,-7.14858132620955,0.0,0.9999372968689848,True,1,absent,0.5255652568220824
BraTS-GLI-02227-100,gmm_2d,prediction_component,105,271,63232.0,1.704370124763132e-05,3.2853390779789326e-08,2.23606797749979,1,23.194827009486403,0.09640373590996239,0.5570037362269025,1.25,2,,115,130,164,177,70,82,-7.483419800504313,1.0986122886681098,0.9929940619739869,True,1,absent,0.5255652568220824
BraTS-GLI-02227-100,gmm_2d,prediction_component,106,25,9984.0,2.5060120224403912e-05,7.102621534903521e-08,1.7320508075688772,1,8.660254037844387,0.19999999999999996,0.9548683406603533,1.0,0,,116,121,63,68,127,132,-7.14858132620955,0.0,0.9999372968689848,True,1,absent,0.5255652568220824
BraTS-GLI-02227-100,gmm_2d,prediction_component,107,87,24576.0,2.2581482741264395e-05,5.7670973656110055e-08,1.7320508075688772,1,13.038404810405298,0.1328422328310143,0.6301110265841786,1.8,0,,116,124,127,136,139,144,-7.239042716355596,0.0,0.9991704824256713,True,1,absent,0.5255652568220824
BraTS-GLI-02227-100,gmm_2d,prediction_component,108,367,86016.0,1.4547795925432697e-05,2.3935735322936646e-08,2.23606797749979,1,34.42382895611701,0.06495698024616309,0.5034532906873778,1.4375,2,,116,139,136,152,46,66,-7.6209532261394815,1.0986122886681098,0.9759658892718094,True,1,absent,0.5255652568220824
BraTS-GLI-02227-100,gmm_2d,prediction_component,109,38,13824.0,2.3379381024587062e-05,6.181848980958109e-08,1.7320508075688772,1,9.848857801796104,0.17586311452816475,0.8304795924748166,1.2,0,,117,122,94,100,135,141,-7.2088816087094125,0.0,0.9998202678928552,True,1,absent,0.5255652568220824
BraTS-GLI-02227-100,gmm_2d,prediction_component,110,25,9984.0,2.5060120224403912e-05,7.102621534903521e-08,1.7320508075688772,1,8.660254037844387,0.19999999999999996,0.9548683406603533,1.0,0,,118,123,86,91,102,107,-7.14858132620955,0.0,0.9999372968689848,True,1,absent,0.5255652568220824
BraTS-GLI-02227-100,gmm_2d,prediction_component,111,25,9984.0,2.5060120224403912e-05,7.102621534903521e-08,1.7320508075688772,1,8.660254037844387,0.19999999999999996,0.9548683406603533,1.0,0,,119,124,56,61,84,89,-7.14858132620955,0.0,0.9999372968689848,True,1,absent,0.5255652568220824
BraTS-GLI-02227-100,gmm_2d,prediction_component,112,38,13824.0,2.3379381024587062e-05,6.181848980958109e-08,1.7320508075688772,1,9.848857801796104,0.17586311452816475,0.8304795924748166,1.2,0,,119,125,142,147,131,137,-7.2088816087094125,0.0,0.9998202678928552,True,1,absent,0.5255652568220824
BraTS-GLI-02227-100,gmm_2d,prediction_component,113,581,138752.0,1.1241318545875512e-05,1.429179844187344e-08,2.23606797749979,1,49.48737212663449,0.045184617436906105,0.4319722293859271,1.375,6,,120,148,89,113,33,66,-7.844913117308627,1.9459101490553132,0.8841770785324806,True,1,absent,0.5255652568220824
BraTS-GLI-02227-100,gmm_2d,prediction_component,114,116,33792.0,1.867399096944261e-05,3.943906972124999e-08,1.7320508075688772,1,16.15549442140351,0.1072112534837795,0.5724938610883553,2.0,0,,121,130,157,163,106,118,-7.40407333763784,0.0,0.9970976698406787,True,1,absent,0.5255652568220824
BraTS-GLI-02227-100,gmm_2d,prediction_component,115,604,133632.0,1.2364348460584608e-05,1.728999412727525e-08,2.23606797749979,1,41.060930335295616,0.054457314026752225,0.42641802962623515,2.2142857142857144,4,,122,136,46,69,110,141,-7.76220515423865,1.6094379124341003,0.9305291526334635,True,1,absent,0.5255652568220824
BraTS-GLI-02227-100,gmm_2d,prediction_component,116,25,9984.0,2.5060120224403912e-05,7.102621534903521e-08,1.7320508075688772,1,8.660254037844387,0.19999999999999996,0.9548683406603533,1.0,0,,122,127,83,88,100,105,-7.14858132620955,0.0,0.9999372968689848,True,1,absent,0.5255652568220824
BraTS-GLI-02227-100,gmm_2d,prediction_component,117,50,18688.0,1.95715745391646e-05,4.332154192016719e-08,1.7320508075688772,1,11.74734012447073,0.14744195615489714,0.757879504227687,1.6,0,,122,130,94,99,33,40,-7.3632960941634575,0.0,0.9993313988585203,True,1,absent,0.5255652568220824
BraTS-GLI-02227-100,gmm_2d,prediction_component,118,25,9984.0,2.5060120224403912e-05,7.102621534903521e-08,1.7320508075688772,1,8.660254037844387,0.19999999999999996,0.9548683406603533,1.0,0,,122,127,98,103,77,82,-7.14858132620955,0.0,0.9999372968689848,True,1,absent,0.5255652568220824
BraTS-GLI-02227-100,gmm_2d,prediction_component,119,138,39680.0,1.745908949542352e-05,3.4474307876178964e-08,1.7320508075688772,1,18.49324200890693,0.0936585811581694,0.5402944026186968,2.8,0,,124,135,155,169,90,95,-7.462504444182529,0.0,0.9949101132449063,True,1,absent,0.5255652568220824
BraTS-GLI-02227-100,gmm_2d,prediction_component,120,38,13824.0,2.3379381024587062e-05,6.181848980958109e-08,1.7320508075688772,1,9.848857801796104,0.17586311452816475,0.8304795924748166,1.2,0,,125,131,142,147,124,130,-7.2088816087094125,0.0,0.9998202678928552,True,1,absent,0.5255652568220824
BraTS-GLI-02227-100,gmm_2d,prediction_component,121,25,9984.0,2.5060120224403912e-05,7.102621534903521e-08,1.7320508075688772,1,8.660254037844387,0.19999999999999996,0.9548683406603533,1.0,0,,126,131,154,159,67,72,-7.14858132620955,0.0,0.9999372968689848,True,1,absent,0.5255652568220824
BraTS-GLI-02227-100,gmm_2d,prediction_component,122,114,29952.0,2.1992070079375654e-05,5.469965598080365e-08,2.23606797749979,1,15.652475842498529,0.14285714285714285,0.7433835070894423,1.25,1,,130,139,73,81,42,52,-7.2620154050396675,0.6931471805599453,0.9993434656226686,True,1,absent,0.5255652568220824
BraTS-GLI-02227-100,gmm_2d,prediction_component,123,38,13824.0,2.3379381024587062e-05,6.181848980958109e-08,1.7320508075688772,1,9.848857801796104,0.17586311452816475,0.8304795924748166,1.2,0,,130,136,75,81,135,140,-7.2088816087094125,0.0,0.9998202678928552,True,1,absent,0.5255652568220824
BraTS-GLI-02227-100,gmm_2d,prediction_component,124,25,9984.0,2.5060120224403912e-05,7.102621534903521e-08,1.7320508075688772,1,8.660254037844387,0.19999999999999996,0.9548683406603533,1.0,0,,131,136,89,94,42,47,-7.14858132620955,0.0,0.9999372968689848,True,1,absent,0.5255652568220824
BraTS-GLI-02227-100,gmm_2d,prediction_component,125,38,12544.0,2.7047649416909622e-05,8.273922157753891e-08,1.7320508075688772,1,9.273618495495704,0.18677184190940707,0.8304795924748166,1.2,0,,136,141,74,80,129,134,-7.082288569326049,0.0,0.9999073465642991,True,1,absent,0.5255652568220824
BraTS-GLI-02227-100,gmm_2d,prediction_component,126,25,9984.0,2.5060120224403912e-05,7.102621534903521e-08,1.7320508075688772,1,8.660254037844387,0.19999999999999996,0.9548683406603533,1.0,0,,136,141,130,135,62,67,-7.14858132620955,0.0,0.9999372968689848,True,1,absent,0.5255652568220824
BraTS-GLI-02227-100,gmm_2d,prediction_component,127,25,9984.0,2.5060120224403912e-05,7.102621534903521e-08,1.7320508075688772,1,8.660254037844387,0.19999999999999996,0.9548683406603533,1.0,0,,137,142,59,64,70,75,-7.14858132620955,0.0,0.9999372968689848,True,1,absent,0.5255652568220824
BraTS-GLI-02227-100,gmm_2d,prediction_component,128,25,9984.0,2.5060120224403912e-05,7.102621534903521e-08,1.7320508075688772,1,8.660254037844387,0.19999999999999996,0.9548683406603533,1.0,0,,139,144,103,108,53,58,-7.14858132620955,0.0,0.9999372968689848,True,1,absent,0.5255652568220824
BraTS-GLI-02227-100,gmm_2d,prediction_component,129,72,23296.0,2.024932076428843e-05,4.637386500279305e-08,1.7320508075688772,1,12.806248474865697,0.13525044520011484,0.6711392913128504,1.3333333333333333,0,,140,146,111,119,57,65,-7.333726706574872,0.0,0.9990148184419064,True,1,absent,0.5255652568220824
BraTS-GLI-02227-100,gmm_2d,prediction_component,130,25,9984.0,2.5060120224403912e-05,7.102621534903521e-08,1.7320508075688772,1,8.660254037844387,0.19999999999999996,0.9548683406603533,1.0,0,,143,148,91,96,115,120,-7.14858132620955,0.0,0.9999372968689848,True,1,absent,0.5255652568220824
BraTS-GLI-02227-100,gmm_2d,prediction_component,131,25,9984.0,2.5060120224403912e-05,7.102621534903521e-08,1.7320508075688772,1,8.660254037844387,0.19999999999999996,0.9548683406603533,1.0,0,,143,148,111,116,115,120,-7.14858132620955,0.0,0.9999372968689848,True,1,absent,0.5255652568220824
BraTS-GLI-02227-100,gmm_2d,prediction_component,132,25,9984.0,2.5060120224403912e-05,7.102621534903521e-08,1.7320508075688772,1,8.660254037844387,0.19999999999999996,0.9548683406603533,1.0,0,,147,152,78,83,81,86,-7.14858132620955,0.0,0.9999372968689848,True,1,absent,0.5255652568220824
BraTS-GLI-02227-100,gmm_2d,prediction_component,133,25,9984.0,2.5060120224403912e-05,7.102621534903521e-08,1.7320508075688772,1,8.660254037844387,0.19999999999999996,0.9548683406603533,1.0,0,,148,153,99,104,72,77,-7.14858132620955,0.0,0.9999372968689848,True,1,absent,0.5255652568220824
BraTS-GLI-02227-100,variational_spline,prediction_component,1,7234,1428480.0,4.237085796091443e-06,2.0304247075463492e-09,2.8284271247461903,2,158.60327865463563,0.01783334587240906,0.2357481871456261,1.3116883116883118,20,,57,152,31,108,41,142,-8.692413110435663,3.044522437723423,0.07503038874447811,False,1,absent,0.5255652568220824
