case_id,method,source,component_label,volume_vox,surface_area_proxy,compactness_v_over_s15,isoperimetric_quotient,inscribed_radius_vox,inscribed_radius_grid_step,bbox_diag_vox,radius_over_bbox_diag,radius_over_equiv_sphere,elongation_max_over_min,eroded_subcomponents,overlap_gt_vox,z0,z1,y0,y1,x0,x1,log10_isoperimetric,log1p_eroded_subcomponents,shape_score_prob_true_et,accepted_shape,fold,vol_bin,shape_threshold
BraTS-GLI-02300-101,otsu_T1c,prediction_component,1,15208,2084352.0,5.053770416412789e-06,2.8885732900367236e-09,5.656854249492381,2,181.7690842800282,0.03112110220447386,0.36805593421181415,1.6666666666666667,9,,29,149,34,106,36,152,-8.539316608889497,2.302585092994046,0.25667828838922135,False,1,large,0.5255652568220824
BraTS-GLI-02300-101,gmm_T1c,prediction_component,1,22582,3302656.0,3.762421021524333e-06,1.600984613029736e-09,5.656854249492381,2,203.98284241572867,0.027732010116632205,0.32261438232683465,1.2959183673469388,5,,24,151,33,131,28,154,-8.79561284203972,1.791759469228055,0.11541366843536852,False,1,large,0.5255652568220824
BraTS-GLI-02300-101,sustraccion,prediction_component,1,14,7680.0,2.080109539136373e-05,4.8935585030206e-08,1.4142135623730951,1,7.810249675906654,0.1810714920850371,0.9458781407605124,2.0,0,,16,20,96,99,66,72,-7.310375215276639,0.0,0.9998350280829414,True,1,large,0.5255652568220824
BraTS-GLI-02300-101,sustraccion,prediction_component,2,74101,12704000.0,1.6364899450007305e-06,3.0288589964660467e-10,6.928203230275509,4,241.29028161117472,0.028713146605050203,0.2658941600486084,1.1603053435114503,102,,18,152,33,185,24,155,-9.518720944059716,4.634728988229636,0.0032589465367500237,False,1,large,0.5255652568220824
BraTS-GLI-02300-101,sustraccion,prediction_component,3,12,6144.0,2.4917498197257264e-05,7.022006780482366e-08,1.4142135623730951,1,6.4031242374328485,0.2208630521496931,0.9957510787676723,1.3333333333333333,0,,19,22,101,105,109,113,-7.153538755513696,0.0,0.9999618273771178,True,1,large,0.5255652568220824
BraTS-GLI-02300-101,sustraccion,prediction_component,5,24,10752.0,2.1526695028193625e-05,5.2409146816428155e-08,1.4142135623730951,1,9.273618495495704,0.15249857033260467,0.7903281549671363,1.2,0,,21,26,99,104,62,68,-7.280592910244617,0.0,0.9995923656359523,True,1,large,0.5255652568220824
BraTS-GLI-02300-101,sustraccion,prediction_component,8,16,6656.0,2.9464563572443515e-05,9.818664009850627e-08,1.4142135623730951,1,6.4031242374328485,0.2208630521496931,0.9046998952817776,1.3333333333333333,0,,23,27,87,91,85,88,-7.007947601074732,0.0,0.9999701751106141,True,1,large,0.5255652568220824
BraTS-GLI-02300-101,sustraccion,prediction_component,10,12,6144.0,2.4917498197257264e-05,7.022006780482366e-08,1.4142135623730951,1,6.4031242374328485,0.2208630521496931,0.9957510787676723,1.3333333333333333,0,,24,28,89,93,97,100,-7.153538755513696,0.0,0.9999618273771178,True,1,large,0.5255652568220824
BraTS-GLI-02300-101,sustraccion,prediction_component,11,14,6912.0,2.4362533060422576e-05,6.712700278491907e-08,1.4142135623730951,1,7.0710678118654755,0.2,0.9458781407605124,1.6666666666666667,0,,25,29,67,72,123,126,-7.1731027435946135,0.0,0.9999295160342189,True,1,large,0.5255652568220824
BraTS-GLI-02300-101,sustraccion,prediction_component,12,125,44032.0,1.352874137812811e-05,2.0699848304873212e-08,1.4142135623730951,1,21.0,0.06734350297014739,0.4559401767612796,3.0,0,,26,44,94,103,85,91,-7.684032837180662,0.0,0.9763390528659606,True,1,large,0.5255652568220824
BraTS-GLI-02300-101,sustraccion,prediction_component,13,12,5376.0,3.04433440619409e-05,1.0481829363285631e-07,1.4142135623730951,1,5.830951894845301,0.24253562503633297,0.9957510787676723,1.3333333333333333,0,,26,30,109,112,97,100,-6.979562914580636,0.0,0.9999864375771123,True,1,large,0.5255652568220824
BraTS-GLI-02300-101,sustraccion,prediction_component,14,12,5376.0,3.04433440619409e-05,1.0481829363285631e-07,1.4142135623730951,1,5.830951894845301,0.24253562503633297,0.9957510787676723,1.3333333333333333,0,,26,30,113,116,83,86,-6.979562914580636,0.0,0.9999864375771123,True,1,large,0.5255652568220824
BraTS-GLI-02300-101,sustraccion,prediction_component,15,39,17664.0,1.6612348103292708e-05,3.1211484070722966e-08,1.4142135623730951,1,11.74734012447073,0.12038585308576921,0.6722379073420917,1.6,0,,27,34,106,114,79,84,-7.505685580632895,0.0,0.9975860394911187,True,1,large,0.5255652568220824
BraTS-GLI-02300-101,sustraccion,prediction_component,17,12,6144.0,2.4917498197257264e-05,7.022006780482366e-08,1.4142135623730951,1,6.4031242374328485,0.2208630521496931,0.9957510787676723,1.3333333333333333,0,,29,33,87,91,83,86,-7.153538755513696,0.0,0.9999618273771178,True,1,large,0.5255652568220824
BraTS-GLI-02300-101,sustraccion,prediction_component,20,12,5376.0,3.04433440619409e-05,1.0481829363285631e-07,1.4142135623730951,1,5.830951894845301,0.24253562503633297,0.9957510787676723,1.3333333333333333,0,,33,36,78,82,136,139,-6.979562914580636,0.0,0.9999864375771123,True,1,large,0.5255652568220824
BraTS-GLI-02300-101,sustraccion,prediction_component,21,64,22272.0,1.925489466303511e-05,4.1930946680488233e-08,1.4142135623730951,1,12.727922061357855,0.11111111111111112,0.5699252209515996,1.1428571428571428,0,,33,40,101,109,73,80,-7.377465332362209,0.0,0.9975286413700162,True,1,large,0.5255652568220824
BraTS-GLI-02300-101,sustraccion,prediction_component,22,125,36096.0,1.82272603150825e-05,3.757466917779065e-08,1.7320508075688772,1,15.84297951775486,0.10932607756185055,0.5584103931497517,1.5714285714285714,0,,33,42,99,110,99,106,-7.425104834424155,0.0,0.9968541892212073,True,1,large,0.5255652568220824
BraTS-GLI-02300-101,sustraccion,prediction_component,23,31,12800.0,2.140655294607712e-05,5.182578060321449e-08,1.4142135623730951,1,10.246950765959598,0.13801311186847084,0.7257003006213092,2.0,0,,34,39,98,102,91,99,-7.285454147813638,0.0,0.9993366852224929,True,1,large,0.5255652568220824
BraTS-GLI-02300-101,sustraccion,prediction_component,28,17,7168.0,2.8012503667152895e-05,8.874752009735003e-08,1.4142135623730951,1,6.928203230275509,0.20412414523193154,0.8866010210973454,1.0,0,,39,43,95,99,92,96,-7.051843773744237,0.0,0.9999495028033363,True,1,large,0.5255652568220824
BraTS-GLI-02300-101,sustraccion,prediction_component,31,19,8192.0,2.5625283894623568e-05,7.42659506177969e-08,1.4142135623730951,1,7.54983443527075,0.1873171623163388,0.8543319874271107,1.25,0,,50,54,82,86,55,60,-7.1292102555281875,0.0,0.9998989830811925,True,1,large,0.5255652568220824
BraTS-GLI-02300-101,sustraccion,prediction_component,32,17,6912.0,2.9583075859084555e-05,9.897808063694699e-08,1.4142135623730951,1,6.557438524302,0.21566554640687685,0.8866010210973454,1.6666666666666667,0,,50,53,125,130,55,58,-7.004460972194542,0.0,0.999965693418326,True,1,large,0.5255652568220824
BraTS-GLI-02300-101,sustraccion,prediction_component,35,54,21504.0,1.7124381034841758e-05,3.3165163219770945e-08,1.4142135623730951,1,13.74772708486752,0.10286889997472795,0.6031332635211851,2.0,0,,51,59,99,109,146,151,-7.479317861013835,0.0,0.9962424439845443,True,1,large,0.5255652568220824
BraTS-GLI-02300-101,sustraccion,prediction_component,36,122,38912.0,1.5894047287752677e-05,2.857073250128468e-08,1.4142135623730951,1,22.737634001804146,0.06219704135711229,0.4596471701619891,2.5714285714285716,0,,51,58,104,122,134,146,-7.544078624958948,0.0,0.9843952708258242,True,1,large,0.5255652568220824
BraTS-GLI-02300-101,sustraccion,prediction_component,40,17,8448.0,2.1893644584863748e-05,5.421113507463137e-08,1.4142135623730951,1,7.681145747868608,0.1841149235796647,0.8866010210973454,1.6666666666666667,0,,54,57,86,91,63,68,-7.265911499351242,0.0,0.9998405963436189,True,1,large,0.5255652568220824
BraTS-GLI-02300-101,sustraccion,prediction_component,41,47,20736.0,1.574020490397805e-05,2.8020322968988326e-08,1.4142135623730951,1,14.696938456699069,0.09622504486493763,0.6317015099045129,2.0,0,,54,60,114,126,37,43,-7.552526863238642,0.0,0.9949299848347821,True,1,large,0.5255652568220824
BraTS-GLI-02300-101,sustraccion,prediction_component,42,20,7936.0,2.8289645606535866e-05,9.051225550351545e-08,1.4142135623730951,1,7.0710678118654755,0.2,0.8398489863421099,1.6666666666666667,0,,55,60,49,52,95,99,-7.043292612648983,0.0,0.9999389071750434,True,1,large,0.5255652568220824
BraTS-GLI-02300-101,sustraccion,prediction_component,44,24,10752.0,2.1526695028193625e-05,5.2409146816428155e-08,1.4142135623730951,1,8.246211251235321,0.17149858514250885,0.7903281549671363,1.5,0,,55,59,107,113,52,56,-7.280592910244617,0.0,0.9997135629525042,True,1,large,0.5255652568220824
BraTS-GLI-02300-101,sustraccion,prediction_component,48,12,6144.0,2.4917498197257264e-05,7.022006780482366e-08,1.4142135623730951,1,6.4031242374328485,0.2208630521496931,0.9957510787676723,1.3333333333333333,0,,58,62,48,51,76,80,-7.153538755513696,0.0,0.9999618273771178,True,1,large,0.5255652568220824
BraTS-GLI-02300-101,sustraccion,prediction_component,51,44,17664.0,1.874213632166357e-05,3.9727437975621084e-08,1.4142135623730951,1,11.575836902790225,0.12216944435630524,0.6457438947298227,1.1666666666666667,0,,59,66,80,87,75,81,-7.400909441713519,0.0,0.9982663916151461,True,1,large,0.5255652568220824
BraTS-GLI-02300-101,sustraccion,prediction_component,52,14,7680.0,2.080109539136373e-05,4.8935585030206e-08,1.4142135623730951,1,7.54983443527075,0.1873171623163388,0.9458781407605124,1.25,0,,59,63,147,152,119,123,-7.310375215276639,0.0,0.9998530982054296,True,1,large,0.5255652568220824
BraTS-GLI-02300-101,sustraccion,prediction_component,54,21,9984.0,2.1050500988499285e-05,5.011609755027925e-08,1.4142135623730951,1,9.1104335791443,0.1552301051412666,0.8263006657894747,2.3333333333333335,0,,61,68,76,79,29,34,-7.300022754085787,0.0,0.9996280562766693,True,1,large,0.5255652568220824
BraTS-GLI-02300-101,sustraccion,prediction_component,55,55,19456.0,2.0266667999076276e-05,4.645335437591301e-08,1.4142135623730951,1,12.806248474865697,0.11043152607484655,0.5994555302303142,1.3333333333333333,0,,61,69,89,97,90,96,-7.332982920328014,0.0,0.9980560490475879,True,1,large,0.5255652568220824
BraTS-GLI-02300-101,sustraccion,prediction_component,57,24,11520.0,1.9410312304685675e-05,4.261057744126781e-08,1.4142135623730951,1,9.486832980505138,0.14907119849998599,0.7903281549671363,1.75,0,,62,66,116,123,29,34,-7.3704825803769465,0.0,0.9993978529543299,True,1,large,0.5255652568220824
BraTS-GLI-02300-101,sustraccion,prediction_component,61,24,10240.0,2.3161213331311374e-05,6.067013858336764e-08,1.4142135623730951,1,8.774964387392123,0.16116459280507606,0.7903281549671363,1.5,0,,67,72,66,72,108,112,-7.217025013034803,0.0,0.9997245220067391,True,1,large,0.5255652568220824
BraTS-GLI-02300-101,sustraccion,prediction_component,66,12,5376.0,3.04433440619409e-05,1.0481829363285631e-07,1.4142135623730951,1,5.830951894845301,0.24253562503633297,0.9957510787676723,1.3333333333333333,0,,72,75,54,57,65,69,-6.979562914580636,0.0,0.9999864375771123,True,1,large,0.5255652568220824
BraTS-GLI-02300-101,sustraccion,prediction_component,69,135,32768.0,2.2759298195882775e-05,5.858279735151266e-08,2.23606797749979,1,16.1245154965971,0.1386750490563073,0.7026460606787791,3.0,1,,73,77,105,117,59,69,-7.232229894427721,0.6931471805599453,0.9992775404232292,True,1,large,0.5255652568220824
BraTS-GLI-02300-101,sustraccion,prediction_component,70,19,9984.0,1.9045691370546972e-05,4.102474198560274e-08,1.4142135623730951,1,9.0,0.15713484026367724,0.8543319874271107,1.75,0,,74,81,72,76,28,32,-7.386954141647967,0.0,0.9995486352253561,True,1,large,0.5255652568220824
BraTS-GLI-02300-101,sustraccion,prediction_component,72,23,10496.0,2.1389079908047943e-05,5.174120984025427e-08,1.4142135623730951,1,8.774964387392123,0.16116459280507606,0.8016200827808712,1.5,0,,75,80,35,39,63,69,-7.2861634205981485,0.0,0.9996580454938827,True,1,large,0.5255652568220824
BraTS-GLI-02300-101,sustraccion,prediction_component,73,17,7680.0,2.5258472975227388e-05,7.215502078433436e-08,1.4142135623730951,1,7.0710678118654755,0.2,0.8866010210973454,1.6666666666666667,0,,75,80,69,72,98,102,-7.141733443876567,0.0,0.9999244221884876,True,1,large,0.5255652568220824
BraTS-GLI-02300-101,sustraccion,prediction_component,75,84,27648.0,1.827189979531693e-05,3.775893906651697e-08,1.4142135623730951,1,16.911534525287763,0.08362420100070908,0.5205368011851539,3.0,0,,75,81,98,113,150,155,-7.422980216811213,0.0,0.9943551856794539,True,1,large,0.5255652568220824
BraTS-GLI-02300-101,sustraccion,prediction_component,77,12,5376.0,3.04433440619409e-05,1.0481829363285631e-07,1.4142135623730951,1,5.830951894845301,0.24253562503633297,0.9957510787676723,1.3333333333333333,0,,76,79,78,82,26,29,-6.979562914580636,0.0,0.9999864375771123,True,1,large,0.5255652568220824
BraTS-GLI-02300-101,sustraccion,prediction_component,78,60,23040.0,1.7156454319489906e-05,3.328951362599048e-08,1.4142135623730951,1,14.352700094407323,0.09853292781642932,0.5823187634322541,1.8333333333333333,0,,76,87,115,122,146,152,-7.477692550024815,0.0,0.9956837616955794,True,1,large,0.5255652568220824
BraTS-GLI-02300-101,sustraccion,prediction_component,79,12,5376.0,3.04433440619409e-05,1.0481829363285631e-07,1.4142135623730951,1,5.830951894845301,0.24253562503633297,0.9957510787676723,1.3333333333333333,0,,76,79,138,141,100,104,-6.979562914580636,0.0,0.9999864375771123,True,1,large,0.5255652568220824
BraTS-GLI-02300-101,sustraccion,prediction_component,81,21,8960.0,2.476037855649951e-05,6.933730123813445e-08,1.4142135623730951,1,7.681145747868608,0.1841149235796647,0.8263006657894747,1.6666666666666667,0,,78,83,71,74,71,76,-7.159033066057116,0.0,0.9998696754234456,True,1,large,0.5255652568220824
BraTS-GLI-02300-101,sustraccion,prediction_component,82,19,9216.0,2.147533275462963e-05,5.2159350776834036e-08,1.4142135623730951,1,8.12403840463596,0.17407765595569785,0.8543319874271107,1.25,0,,78,83,86,90,136,141,-7.282667822870332,0.0,0.9997743971692276,True,1,large,0.5255652568220824
BraTS-GLI-02300-101,sustraccion,prediction_component,84,27,11776.0,2.112842230055952e-05,5.04878074428041e-08,1.4142135623730951,1,9.1104335791443,0.1552301051412666,0.7599002946021327,2.3333333333333335,0,,79,86,95,100,152,155,-7.296813489200875,0.0,0.9995483707962958,True,1,large,0.5255652568220824
BraTS-GLI-02300-101,sustraccion,prediction_component,85,12,6144.0,2.4917498197257264e-05,7.022006780482366e-08,1.4142135623730951,1,6.4031242374328485,0.2208630521496931,0.9957510787676723,1.3333333333333333,0,,79,82,143,147,75,79,-7.153538755513696,0.0,0.9999618273771178,True,1,large,0.5255652568220824
BraTS-GLI-02300-101,sustraccion,prediction_component,89,14,6144.0,2.9070414563466808e-05,9.557731451212109e-08,1.4142135623730951,1,6.928203230275509,0.20412414523193154,0.9458781407605124,1.0,0,,81,85,90,94,78,82,-7.019645176252469,0.0,0.9999626196017813,True,1,large,0.5255652568220824
BraTS-GLI-02300-101,sustraccion,prediction_component,90,34,11776.0,2.6606161415519398e-05,8.006022689146986e-08,1.4142135623730951,1,8.774964387392123,0.16116459280507606,0.7036956967830031,1.5,0,,83,89,65,70,145,149,-7.09658318343434,0.0,0.9997673677928964,True,1,large,0.5255652568220824
BraTS-GLI-02300-101,sustraccion,prediction_component,91,12,5376.0,3.04433440619409e-05,1.0481829363285631e-07,1.4142135623730951,1,5.830951894845301,0.24253562503633297,0.9957510787676723,1.3333333333333333,0,,83,87,132,135,34,37,-6.979562914580636,0.0,0.9999864375771123,True,1,large,0.5255652568220824
BraTS-GLI-02300-101,sustraccion,prediction_component,93,31,14592.0,1.758690681067381e-05,3.4980925712104735e-08,1.4142135623730951,1,11.532562594670797,0.12262786789699316,0.7257003006213092,2.25,0,,84,88,121,130,29,35,-7.4561687018230565,0.0,0.9983599896841246,True,1,large,0.5255652568220824
BraTS-GLI-02300-101,sustraccion,prediction_component,94,62,23296.0,1.7436915102581704e-05,3.4386793416422936e-08,1.4142135623730951,1,17.291616465790582,0.08178608201095308,0.5759887103099525,1.8571428571428572,0,,85,94,73,86,144,151,-7.4636083204409,0.0,0.9942995128520787,True,1,large,0.5255652568220824
BraTS-GLI-02300-101,sustraccion,prediction_component,98,31,13056.0,2.0780044905057206e-05,4.883659056774402e-08,1.4142135623730951,1,10.677078252031311,0.13245323570650439,0.7257003006213092,1.75,0,,86,93,166,173,87,91,-7.311254663099391,0.0,0.9991923317499125,True,1,large,0.5255652568220824
BraTS-GLI-02300-101,sustraccion,prediction_component,99,79,36864.0,1.1161521629050926e-05,1.4089616871460405e-08,1.4142135623730951,1,24.06241883103193,0.05877270993842334,0.5312947247927275,1.5454545454545454,0,,87,98,83,96,122,139,-7.8511008161789935,0.0,0.9603522746983617,True,1,large,0.5255652568220824
BraTS-GLI-02300-101,sustraccion,prediction_component,100,16,6656.0,2.9464563572443515e-05,9.818664009850627e-08,1.4142135623730951,1,6.4031242374328485,0.2208630521496931,0.9046998952817776,1.3333333333333333,0,,87,90,114,118,143,147,-7.007947601074732,0.0,0.9999701751106141,True,1,large,0.5255652568220824
BraTS-GLI-02300-101,sustraccion,prediction_component,101,14,6144.0,2.9070414563466808e-05,9.557731451212109e-08,1.4142135623730951,1,6.928203230275509,0.20412414523193154,0.9458781407605124,1.0,0,,87,91,133,137,48,52,-7.019645176252469,0.0,0.9999626196017813,True,1,large,0.5255652568220824
BraTS-GLI-02300-101,sustraccion,prediction_component,103,22,9984.0,2.2052905797475442e-05,5.500270116629287e-08,1.4142135623730951,1,8.12403840463596,0.17407765595569785,0.8135863258112027,1.25,0,,87,92,157,161,67,72,-7.259615981909213,0.0,0.9997645918184742,True,1,large,0.5255652568220824
BraTS-GLI-02300-101,sustraccion,prediction_component,105,98,35328.0,1.4758679378672256e-05,2.4634705211639004e-08,1.4142135623730951,1,20.42057785666214,0.06925433610644437,0.49446532592440784,1.4,0,,88,98,99,113,141,152,-7.608452630292847,0.0,0.9844737623416823,True,1,large,0.5255652568220824
BraTS-GLI-02300-101,sustraccion,prediction_component,107,14,6144.0,2.9070414563466808e-05,9.557731451212109e-08,1.4142135623730951,1,6.928203230275509,0.20412414523193154,0.9458781407605124,1.0,0,,89,93,99,103,145,149,-7.019645176252469,0.0,0.9999626196017813,True,1,large,0.5255652568220824
BraTS-GLI-02300-101,sustraccion,prediction_component,109,12,5376.0,3.04433440619409e-05,1.0481829363285631e-07,1.4142135623730951,1,5.830951894845301,0.24253562503633297,0.9957510787676723,1.3333333333333333,0,,89,93,113,116,148,151,-6.979562914580636,0.0,0.9999864375771123,True,1,large,0.5255652568220824
BraTS-GLI-02300-101,sustraccion,prediction_component,111,12,6144.0,2.4917498197257264e-05,7.022006780482366e-08,1.4142135623730951,1,6.4031242374328485,0.2208630521496931,0.9957510787676723,1.3333333333333333,0,,89,93,174,177,77,81,-7.153538755513696,0.0,0.9999618273771178,True,1,large,0.5255652568220824
BraTS-GLI-02300-101,sustraccion,prediction_component,113,270,78592.0,1.225451853357724e-05,1.698419155762832e-08,1.4142135623730951,1,30.512292604784715,0.046348977465932154,0.352714472208432,2.7777777777777777,0,,90,115,61,76,139,148,-7.769955120587713,0.0,0.936890263139414,True,1,large,0.5255652568220824
BraTS-GLI-02300-101,sustraccion,prediction_component,114,12,6144.0,2.4917498197257264e-05,7.022006780482366e-08,1.4142135623730951,1,6.4031242374328485,0.2208630521496931,0.9957510787676723,1.3333333333333333,0,,90,93,78,82,29,33,-7.153538755513696,0.0,0.9999618273771178,True,1,large,0.5255652568220824
BraTS-GLI-02300-101,sustraccion,prediction_component,115,31,13312.0,2.0183511684690156e-05,4.607293024153542e-08,1.4142135623730951,1,10.488088481701515,0.13483997249264842,0.7257003006213092,1.4,0,,90,95,89,95,27,34,-7.3365541657099795,0.0,0.9991529927568401,True,1,large,0.5255652568220824
BraTS-GLI-02300-101,sustraccion,prediction_component,116,30,11776.0,2.347602477839947e-05,6.233062647259764e-08,1.4142135623730951,1,9.1104335791443,0.1552301051412666,0.73367566779705,2.3333333333333335,0,,90,93,97,104,33,38,-7.205298508079525,0.0,0.9996486769796259,True,1,large,0.5255652568220824
BraTS-GLI-02300-101,sustraccion,prediction_component,118,20,7680.0,2.9715850559091044e-05,9.986854087797143e-08,1.4142135623730951,1,6.928203230275509,0.20412414523193154,0.8398489863421099,1.0,0,,90,94,114,118,28,32,-7.000571295305153,0.0,0.9999515494342841,True,1,large,0.5255652568220824
BraTS-GLI-02300-101,sustraccion,prediction_component,120,14,7680.0,2.080109539136373e-05,4.8935585030206e-08,1.4142135623730951,1,7.54983443527075,0.1873171623163388,0.9458781407605124,1.25,0,,91,96,43,47,50,54,-7.310375215276639,0.0,0.9998530982054296,True,1,large,0.5255652568220824
BraTS-GLI-02300-101,sustraccion,prediction_component,121,12,6144.0,2.4917498197257264e-05,7.022006780482366e-08,1.4142135623730951,1,6.4031242374328485,0.2208630521496931,0.9957510787676723,1.3333333333333333,0,,91,95,161,165,67,70,-7.153538755513696,0.0,0.9999618273771178,True,1,large,0.5255652568220824
BraTS-GLI-02300-101,sustraccion,prediction_component,122,12,6144.0,2.4917498197257264e-05,7.022006780482366e-08,1.4142135623730951,1,6.4031242374328485,0.2208630521496931,0.9957510787676723,1.3333333333333333,0,,92,96,61,65,143,146,-7.153538755513696,0.0,0.9999618273771178,True,1,large,0.5255652568220824
BraTS-GLI-02300-101,sustraccion,prediction_component,123,14,6144.0,2.9070414563466808e-05,9.557731451212109e-08,1.4142135623730951,1,6.928203230275509,0.20412414523193154,0.9458781407605124,1.0,0,,92,96,73,77,33,37,-7.019645176252469,0.0,0.9999626196017813,True,1,large,0.5255652568220824
BraTS-GLI-02300-101,sustraccion,prediction_component,125,14,6912.0,2.4362533060422576e-05,6.712700278491907e-08,1.4142135623730951,1,7.0710678118654755,0.2,0.9458781407605124,1.6666666666666667,0,,92,96,110,115,122,125,-7.1731027435946135,0.0,0.9999295160342189,True,1,large,0.5255652568220824
BraTS-GLI-02300-101,sustraccion,prediction_component,126,17,6912.0,2.9583075859084555e-05,9.897808063694699e-08,1.4142135623730951,1,6.557438524302,0.21566554640687685,0.8866010210973454,1.6666666666666667,0,,92,95,121,124,34,39,-7.004460972194542,0.0,0.999965693418326,True,1,large,0.5255652568220824
BraTS-GLI-02300-101,sustraccion,prediction_component,127,41,15872.0,2.0503895251889375e-05,4.754721921919046e-08,1.4142135623730951,1,11.74734012447073,0.12038585308576921,0.6611244956113513,1.6,0,,93,100,83,88,40,48,-7.322874877529419,0.0,0.9987127226937742,True,1,large,0.5255652568220824
BraTS-GLI-02300-101,sustraccion,prediction_component,128,19,7680.0,2.8230058031136492e-05,9.013135814236922e-08,1.4142135623730951,1,7.54983443527075,0.1873171623163388,0.8543319874271107,1.25,0,,93,97,95,99,144,149,-7.0451240847274565,0.0,0.9999255780780073,True,1,large,0.5255652568220824
BraTS-GLI-02300-101,sustraccion,prediction_component,130,16,7680.0,2.3772680447272836e-05,6.391586616190171e-08,1.4142135623730951,1,6.928203230275509,0.20412414523193154,0.9046998952817776,1.0,0,,93,97,177,181,94,98,-7.194391321321265,0.0,0.9999198591708208,True,1,large,0.5255652568220824
BraTS-GLI-02300-101,sustraccion,prediction_component,132,50,15872.0,2.5004750307182165e-05,7.071269961212145e-08,1.4142135623730951,1,11.090536506409418,0.12751534261266767,0.6188060239571066,1.4,0,,94,101,114,119,143,150,-7.150502582296852,0.0,0.9993123733324272,True,1,large,0.5255652568220824
BraTS-GLI-02300-101,sustraccion,prediction_component,134,132,39680.0,1.669999864779641e-05,3.154171079786506e-08,1.4142135623730951,1,21.307275752662516,0.0663723311599972,0.447733809754012,2.5714285714285716,0,,96,105,39,46,54,72,-7.501114754573302,0.0,0.9871466374962307,True,1,large,0.5255652568220824
BraTS-GLI-02300-101,sustraccion,prediction_component,136,14,7680.0,2.080109539136373e-05,4.8935585030206e-08,1.4142135623730951,1,7.54983443527075,0.1873171623163388,0.9458781407605124,1.25,0,,97,101,47,51,43,48,-7.310375215276639,0.0,0.9998530982054296,True,1,large,0.5255652568220824
BraTS-GLI-02300-101,sustraccion,prediction_component,138,750,210944.0,7.741239391715236e-06,6.777559972701321e-09,2.0,1,59.50630218724736,0.033609885448883006,0.3548453438643917,1.0909090909090908,1,,97,133,69,102,118,152,-8.168926630782074,0.6931471805599453,0.6895660941333643,True,1,large,0.5255652568220824
BraTS-GLI-02300-101,sustraccion,prediction_component,140,17,7680.0,2.5258472975227388e-05,7.215502078433436e-08,1.4142135623730951,1,7.0710678118654755,0.2,0.8866010210973454,1.6666666666666667,0,,97,101,95,98,136,141,-7.141733443876567,0.0,0.9999244221884876,True,1,large,0.5255652568220824
BraTS-GLI-02300-101,sustraccion,prediction_component,141,14,7680.0,2.080109539136373e-05,4.8935585030206e-08,1.4142135623730951,1,8.246211251235321,0.17149858514250885,0.9458781407605124,1.5,0,,97,101,112,118,28,32,-7.310375215276639,0.0,0.999802925077304,True,1,large,0.5255652568220824
BraTS-GLI-02300-101,sustraccion,prediction_component,143,12,5376.0,3.04433440619409e-05,1.0481829363285631e-07,1.4142135623730951,1,5.830951894845301,0.24253562503633297,0.9957510787676723,1.3333333333333333,0,,98,101,60,64,88,91,-6.979562914580636,0.0,0.9999864375771123,True,1,large,0.5255652568220824
BraTS-GLI-02300-101,sustraccion,prediction_component,144,22,10752.0,1.9732803775844155e-05,4.403824142213755e-08,1.4142135623730951,1,9.0,0.15713484026367724,0.8135863258112027,2.0,0,,98,104,127,133,88,91,-7.3561700320234165,0.0,0.9995420658729125,True,1,large,0.5255652568220824
BraTS-GLI-02300-101,sustraccion,prediction_component,145,17,7680.0,2.5258472975227388e-05,7.215502078433436e-08,1.4142135623730951,1,7.0710678118654755,0.2,0.8866010210973454,1.6666666666666667,0,,99,103,45,48,49,54,-7.141733443876567,0.0,0.9999244221884876,True,1,large,0.5255652568220824
BraTS-GLI-02300-101,sustraccion,prediction_component,148,48,20992.0,1.5781944465726927e-05,2.8169127474467355e-08,1.4142135623730951,1,14.177446878757825,0.0997509336107633,0.6272838722974592,2.75,0,,100,108,50,61,87,91,-7.550226604874103,0.0,0.9952246148172074,True,1,large,0.5255652568220824
BraTS-GLI-02300-101,sustraccion,prediction_component,149,34,14592.0,1.9288865534287406e-05,4.2079032386257095e-08,1.4142135623730951,1,11.045361017187261,0.12803687993289598,0.7036956967830031,2.25,0,,100,109,65,69,43,48,-7.375934255407092,0.0,0.9988131247643037,True,1,large,0.5255652568220824
BraTS-GLI-02300-101,sustraccion,prediction_component,150,21,9984.0,2.1050500988499285e-05,5.011609755027925e-08,1.4142135623730951,1,9.273618495495704,0.15249857033260467,0.8263006657894747,1.2,0,,100,105,83,88,33,39,-7.300022754085787,0.0,0.999608702425939,True,1,large,0.5255652568220824
BraTS-GLI-02300-101,sustraccion,prediction_component,152,12,6144.0,2.4917498197257264e-05,7.022006780482366e-08,1.4142135623730951,1,6.4031242374328485,0.2208630521496931,0.9957510787676723,1.3333333333333333,0,,101,105,53,57,119,122,-7.153538755513696,0.0,0.9999618273771178,True,1,large,0.5255652568220824
BraTS-GLI-02300-101,sustraccion,prediction_component,155,40,13056.0,2.6812961167815752e-05,8.130962009197755e-08,1.4142135623730951,1,9.38083151964686,0.15075567228888181,0.6665885822069456,1.5,0,,101,107,117,123,30,34,-7.089858068112012,0.0,0.9996909946390419,True,1,large,0.5255652568220824
BraTS-GLI-02300-101,sustraccion,prediction_component,156,27,11520.0,2.1836601342771384e-05,5.392901207410457e-08,1.4142135623730951,1,9.0,0.15713484026367724,0.7599002946021327,1.75,0,,101,108,147,151,137,141,-7.268177535482184,0.0,0.9996071319864145,True,1,large,0.5255652568220824
BraTS-GLI-02300-101,sustraccion,prediction_component,158,108,38656.0,1.4210140978645813e-05,2.2837530828653813e-08,1.4142135623730951,1,23.727621035409346,0.05960199550821498,0.4787071884952713,2.4285714285714284,0,,102,119,83,98,28,35,-7.641350853379737,0.0,0.9781583810214546,True,1,large,0.5255652568220824
BraTS-GLI-02300-101,sustraccion,prediction_component,161,12,5376.0,3.04433440619409e-05,1.0481829363285631e-07,1.4142135623730951,1,5.830951894845301,0.24253562503633297,0.9957510787676723,1.3333333333333333,0,,105,108,58,61,129,133,-6.979562914580636,0.0,0.9999864375771123,True,1,large,0.5255652568220824
BraTS-GLI-02300-101,sustraccion,prediction_component,166,12,5376.0,3.04433440619409e-05,1.0481829363285631e-07,1.4142135623730951,1,5.830951894845301,0.24253562503633297,0.9957510787676723,1.3333333333333333,0,,106,110,132,135,142,145,-6.979562914580636,0.0,0.9999864375771123,True,1,large,0.5255652568220824
BraTS-GLI-02300-101,sustraccion,prediction_component,167,12,6144.0,2.4917498197257264e-05,7.022006780482366e-08,1.4142135623730951,1,6.4031242374328485,0.2208630521496931,0.9957510787676723,1.3333333333333333,0,,106,110,139,143,58,61,-7.153538755513696,0.0,0.9999618273771178,True,1,large,0.5255652568220824
BraTS-GLI-02300-101,sustraccion,prediction_component,168,14,6912.0,2.4362533060422576e-05,6.712700278491907e-08,1.4142135623730951,1,7.0710678118654755,0.2,0.9458781407605124,1.6666666666666667,0,,107,110,47,51,119,124,-7.1731027435946135,0.0,0.9999295160342189,True,1,large,0.5255652568220824
BraTS-GLI-02300-101,sustraccion,prediction_component,169,14,6912.0,2.4362533060422576e-05,6.712700278491907e-08,1.4142135623730951,1,7.0710678118654755,0.2,0.9458781407605124,1.6666666666666667,0,,107,110,50,54,124,129,-7.1731027435946135,0.0,0.9999295160342189,True,1,large,0.5255652568220824
BraTS-GLI-02300-101,sustraccion,prediction_component,170,25,12032.0,1.8942324569104075e-05,4.0580642712013907e-08,1.4142135623730951,1,9.273618495495704,0.15249857033260467,0.7796467353853097,1.2,0,,108,114,63,68,87,92,-7.3916810789372045,0.0,0.9993692241156984,True,1,large,0.5255652568220824
BraTS-GLI-02300-101,sustraccion,prediction_component,172,19,9216.0,2.147533275462963e-05,5.2159350776834036e-08,1.4142135623730951,1,8.246211251235321,0.17149858514250885,0.8543319874271107,1.5,0,,109,113,148,154,89,93,-7.282667822870332,0.0,0.9997633274069585,True,1,large,0.5255652568220824
BraTS-GLI-02300-101,sustraccion,prediction_component,174,31,11264.0,2.5931206947772415e-05,7.60497578817831e-08,1.4142135623730951,1,8.12403840463596,0.17407765595569785,0.7257003006213092,1.25,0,,110,114,55,60,85,90,-7.118902164264145,0.0,0.9998146032141485,True,1,large,0.5255652568220824
BraTS-GLI-02300-101,sustraccion,prediction_component,177,63,26880.0,1.4295411224832028e-05,2.3112433746044817e-08,1.4142135623730951,1,13.92838827718412,0.10153461651336192,0.5729248826285681,1.2857142857142858,0,,112,119,51,60,122,130,-7.636154320776779,0.0,0.9925483853859267,True,1,large,0.5255652568220824
BraTS-GLI-02300-101,sustraccion,prediction_component,179,25,9216.0,2.8257016782407408e-05,9.030358513994814e-08,1.4142135623730951,1,7.54983443527075,0.1873171623163388,0.7796467353853097,1.25,0,,112,116,99,104,144,148,-7.044295007431914,0.0,0.9999064715983327,True,1,large,0.5255652568220824
BraTS-GLI-02300-101,sustraccion,prediction_component,180,12,5376.0,3.04433440619409e-05,1.0481829363285631e-07,1.4142135623730951,1,5.830951894845301,0.24253562503633297,0.9957510787676723,1.3333333333333333,0,,112,115,116,120,32,35,-6.979562914580636,0.0,0.9999864375771123,True,1,large,0.5255652568220824
BraTS-GLI-02300-101,sustraccion,prediction_component,181,40,14592.0,2.2692782981514594e-05,5.824087527509633e-08,1.4142135623730951,1,10.488088481701515,0.13483997249264842,0.6665885822069456,1.4,0,,112,118,135,140,102,109,-7.234772106835677,0.0,0.9992970768813373,True,1,large,0.5255652568220824
BraTS-GLI-02300-101,sustraccion,prediction_component,183,25,9728.0,2.6055815225824062e-05,7.678240392712895e-08,1.4142135623730951,1,8.12403840463596,0.17407765595569785,0.7796467353853097,1.25,0,,113,118,155,160,133,137,-7.114738294980483,0.0,0.9998455071278952,True,1,large,0.5255652568220824
BraTS-GLI-02300-101,sustraccion,prediction_component,184,12,5376.0,3.04433440619409e-05,1.0481829363285631e-07,1.4142135623730951,1,5.830951894845301,0.24253562503633297,0.9957510787676723,1.3333333333333333,0,,114,118,63,66,39,42,-6.979562914580636,0.0,0.9999864375771123,True,1,large,0.5255652568220824
BraTS-GLI-02300-101,sustraccion,prediction_component,185,12,5376.0,3.04433440619409e-05,1.0481829363285631e-07,1.4142135623730951,1,5.830951894845301,0.24253562503633297,0.9957510787676723,1.3333333333333333,0,,114,117,121,124,50,54,-6.979562914580636,0.0,0.9999864375771123,True,1,large,0.5255652568220824
BraTS-GLI-02300-101,sustraccion,prediction_component,186,14,6912.0,2.4362533060422576e-05,6.712700278491907e-08,1.4142135623730951,1,7.0710678118654755,0.2,0.9458781407605124,1.6666666666666667,0,,115,118,43,47,69,74,-7.1731027435946135,0.0,0.9999295160342189,True,1,large,0.5255652568220824
BraTS-GLI-02300-101,sustraccion,prediction_component,188,64,23808.0,1.7421903473293437e-05,3.432761097614808e-08,1.4142135623730951,1,17.4928556845359,0.08084520834544433,0.5699252209515996,1.3333333333333333,0,,115,124,158,170,43,52,-7.4643564201681585,0.0,0.9940741671680063,True,1,large,0.5255652568220824
BraTS-GLI-02300-101,sustraccion,prediction_component,189,40,16128.0,1.952941432132664e-05,4.3135100260434693e-08,1.4142135623730951,1,13.19090595827292,0.10721125348377948,0.6665885822069456,2.0,0,,116,121,71,81,34,41,-7.365169188178948,0.0,0.9981159237966553,True,1,large,0.5255652568220824
BraTS-GLI-02300-101,sustraccion,prediction_component,193,43,19968.0,1.523935561530249e-05,2.626549443607322e-08,1.4142135623730951,1,12.68857754044952,0.11145564251507058,0.650711350669285,2.0,0,,117,127,87,92,128,134,-7.580614419386396,0.0,0.9960067273500123,True,1,large,0.5255652568220824
BraTS-GLI-02300-101,sustraccion,prediction_component,194,12,5376.0,3.04433440619409e-05,1.0481829363285631e-07,1.4142135623730951,1,5.830951894845301,0.24253562503633297,0.9957510787676723,1.3333333333333333,0,,117,120,136,140,138,141,-6.979562914580636,0.0,0.9999864375771123,True,1,large,0.5255652568220824
BraTS-GLI-02300-101,sustraccion,prediction_component,196,17,8448.0,2.1893644584863748e-05,5.421113507463137e-08,1.4142135623730951,1,7.681145747868608,0.1841149235796647,0.8866010210973454,1.6666666666666667,0,,118,123,94,97,141,146,-7.265911499351242,0.0,0.9998405963436189,True,1,large,0.5255652568220824
BraTS-GLI-02300-101,sustraccion,prediction_component,197,105,37120.0,1.4681733877698505e-05,2.4378504986551433e-08,1.4142135623730951,1,21.77154105707724,0.0649569802461631,0.4832235607731051,2.125,0,,118,129,97,114,34,42,-7.612992931039176,0.0,0.9823357392106633,True,1,large,0.5255652568220824
BraTS-GLI-02300-101,sustraccion,prediction_component,198,40,19200.0,1.5035163260146503e-05,2.5566346464760685e-08,1.4142135623730951,1,12.727922061357855,0.11111111111111112,0.6665885822069456,1.1428571428571428,0,,118,126,145,152,131,138,-7.592331329993303,0.0,0.9960077019327528,True,1,large,0.5255652568220824
BraTS-GLI-02300-101,sustraccion,prediction_component,199,39,16896.0,1.7757783455381363e-05,3.5663986353163634e-08,1.4142135623730951,1,12.449899597988733,0.11359236684941297,0.6722379073420917,1.8,0,,118,123,160,169,126,133,-7.447770115046735,0.0,0.9977806627189717,True,1,large,0.5255652568220824
BraTS-GLI-02300-101,sustraccion,prediction_component,201,14,7680.0,2.080109539136373e-05,4.8935585030206e-08,1.4142135623730951,1,7.54983443527075,0.1873171623163388,0.9458781407605124,1.25,0,,119,124,110,114,119,123,-7.310375215276639,0.0,0.9998530982054296,True,1,large,0.5255652568220824
BraTS-GLI-02300-101,sustraccion,prediction_component,202,24,10752.0,2.1526695028193625e-05,5.2409146816428155e-08,1.4142135623730951,1,9.486832980505138,0.14907119849998599,0.7903281549671363,1.75,0,,119,124,115,122,36,40,-7.280592910244617,0.0,0.9995655782399692,True,1,large,0.5255652568220824
BraTS-GLI-02300-101,sustraccion,prediction_component,204,16,6656.0,2.9464563572443515e-05,9.818664009850627e-08,1.4142135623730951,1,6.4031242374328485,0.2208630521496931,0.9046998952817776,1.3333333333333333,0,,120,124,65,69,120,123,-7.007947601074732,0.0,0.9999701751106141,True,1,large,0.5255652568220824
BraTS-GLI-02300-101,sustraccion,prediction_component,205,16,6656.0,2.9464563572443515e-05,9.818664009850627e-08,1.4142135623730951,1,6.4031242374328485,0.2208630521496931,0.9046998952817776,1.3333333333333333,0,,120,124,96,100,87,90,-7.007947601074732,0.0,0.9999701751106141,True,1,large,0.5255652568220824
BraTS-GLI-02300-101,sustraccion,prediction_component,207,19,9984.0,1.9045691370546972e-05,4.102474198560274e-08,1.4142135623730951,1,8.774964387392123,0.16116459280507606,0.8543319874271107,1.5,0,,120,126,128,132,137,142,-7.386954141647967,0.0,0.9995811781737599,True,1,large,0.5255652568220824
BraTS-GLI-02300-101,sustraccion,prediction_component,208,38,13824.0,2.3379381024587062e-05,6.181848980958109e-08,1.4142135623730951,1,9.486832980505138,0.14907119849998599,0.6780837477859392,1.75,0,,122,126,175,180,112,119,-7.2088816087094125,0.0,0.9995259215835318,True,1,large,0.5255652568220824
BraTS-GLI-02300-101,sustraccion,prediction_component,210,24,9984.0,2.4057715415427756e-05,6.545776006567085e-08,1.4142135623730951,1,8.366600265340756,0.16903085094570333,0.7903281549671363,2.0,0,,124,130,87,92,89,92,-7.184038860130413,0.0,0.9997888504027889,True,1,large,0.5255652568220824
BraTS-GLI-02300-101,sustraccion,prediction_component,211,29,11776.0,2.2693490619119486e-05,5.824450762606069e-08,1.4142135623730951,1,9.273618495495704,0.15249857033260467,0.742013605090188,1.2,0,,124,130,109,114,38,43,-7.234745021720937,0.0,0.9995991615638653,True,1,large,0.5255652568220824
BraTS-GLI-02300-101,sustraccion,prediction_component,212,142,49408.0,1.292981862834898e-05,1.8907636277300428e-08,1.7320508075688772,1,26.229754097208,0.06603381797442179,0.5351728204165959,1.6666666666666667,0,,128,140,84,96,40,60,-7.7233627607313355,0.0,0.9780839351014415,True,1,large,0.5255652568220824
BraTS-GLI-02300-101,sustraccion,prediction_component,213,19,7680.0,2.8230058031136492e-05,9.013135814236922e-08,1.4142135623730951,1,7.54983443527075,0.1873171623163388,0.8543319874271107,1.25,0,,129,133,85,89,128,133,-7.0451240847274565,0.0,0.9999255780780073,True,1,large,0.5255652568220824
BraTS-GLI-02300-101,sustraccion,prediction_component,215,85,30464.0,1.5985953142930583e-05,2.8902103023765527e-08,1.4142135623730951,1,18.681541692269406,0.07570111641044645,0.5184874224812556,2.1666666666666665,0,,130,142,109,115,42,55,-7.539070555223135,0.0,0.990008185308527,True,1,large,0.5255652568220824
BraTS-GLI-02300-101,sustraccion,prediction_component,216,12,5376.0,3.04433440619409e-05,1.0481829363285631e-07,1.4142135623730951,1,5.830951894845301,0.24253562503633297,0.9957510787676723,1.3333333333333333,0,,131,134,149,153,127,130,-6.979562914580636,0.0,0.9999864375771123,True,1,large,0.5255652568220824
BraTS-GLI-02300-101,sustraccion,prediction_component,220,12,5376.0,3.04433440619409e-05,1.0481829363285631e-07,1.4142135623730951,1,5.830951894845301,0.24253562503633297,0.9957510787676723,1.3333333333333333,0,,135,139,127,130,87,90,-6.979562914580636,0.0,0.9999864375771123,True,1,large,0.5255652568220824
BraTS-GLI-02300-101,sustraccion,prediction_component,223,180,59136.0,1.2516836729399014e-05,1.7719095467612825e-08,1.4142135623730951,1,30.757112998459398,0.045980048987170286,0.40375727989167354,1.75,0,,138,150,117,138,100,119,-7.751558451943948,0.0,0.9486286898829394,True,1,large,0.5255652568220824
BraTS-GLI-02300-101,sustraccion,prediction_component,225,14,7680.0,2.080109539136373e-05,4.8935585030206e-08,1.4142135623730951,1,7.54983443527075,0.1873171623163388,0.9458781407605124,1.25,0,,139,143,113,117,121,126,-7.310375215276639,0.0,0.9998530982054296,True,1,large,0.5255652568220824
BraTS-GLI-02300-101,sustraccion,prediction_component,226,110,29184.0,2.2063553504057518e-05,5.5055827408489495e-08,1.4142135623730951,1,14.071247279470288,0.10050378152592122,0.4757881696478778,1.5,0,,140,146,124,133,112,121,-7.259196706167096,0.0,0.9973784985944025,True,1,large,0.5255652568220824
BraTS-GLI-02300-101,sustraccion,prediction_component,227,12,5376.0,3.04433440619409e-05,1.0481829363285631e-07,1.4142135623730951,1,5.830951894845301,0.24253562503633297,0.9957510787676723,1.3333333333333333,0,,142,145,109,113,58,61,-6.979562914580636,0.0,0.9999864375771123,True,1,large,0.5255652568220824
BraTS-GLI-02300-101,sustraccion,prediction_component,228,70,26624.0,1.6113433203680047e-05,2.9364900908366745e-08,1.4142135623730951,1,15.620499351813308,0.09053574604251854,0.5531528923543089,2.0,0,,142,148,104,116,110,118,-7.532171460341955,0.0,0.9933342299952687,True,1,large,0.5255652568220824
BraTS-GLI-02300-101,sustraccion,prediction_component,230,22,9472.0,2.386492900600362e-05,6.441287249488336e-08,1.4142135623730951,1,7.810249675906654,0.1810714920850371,0.8135863258112027,2.0,0,,144,147,96,100,100,106,-7.1910273330307,0.0,0.9998388686067902,True,1,large,0.5255652568220824
BraTS-GLI-02300-101,sustraccion,prediction_component,231,24,8448.0,3.090867470804294e-05,1.0804710658473243e-07,1.4142135623730951,1,7.0710678118654755,0.2,0.7903281549671363,1.6666666666666667,0,,146,149,140,145,101,105,-6.966386858684578,0.0,0.99994613612008,True,1,large,0.5255652568220824
BraTS-GLI-02300-101,sustraccion,prediction_component,236,16,6656.0,2.9464563572443515e-05,9.818664009850627e-08,1.4142135623730951,1,6.4031242374328485,0.2208630521496931,0.9046998952817776,1.3333333333333333,0,,148,151,146,150,92,96,-7.007947601074732,0.0,0.9999701751106141,True,1,large,0.5255652568220824
BraTS-GLI-02300-101,gmm_2d,prediction_component,1,125477,24592640.0,1.0288602725436042e-06,1.1971957588858124e-10,5.656854249492381,4,242.21890925359233,0.0233543048596999,0.18214467675965207,1.2301587301587302,393,,12,149,32,187,31,157,-9.921834830334813,5.976350909297934,0.00034471950431754335,False,1,large,0.5255652568220824
BraTS-GLI-02300-101,gmm_2d,prediction_component,2,566,128512.0,1.2285728324759444e-05,1.7070812352259828e-08,2.23606797749979,1,30.14962686336267,0.0741656932483308,0.4357550158737917,1.6923076923076923,3,,19,35,65,87,42,55,-7.7677458115326425,1.3862943611198906,0.954371555070966,True,1,large,0.5255652568220824
BraTS-GLI-02300-101,gmm_2d,prediction_component,3,50,19968.0,1.772018094802615e-05,3.551310767451761e-08,1.7320508075688772,1,12.884098726725126,0.13443321448446624,0.757879504227687,1.5,0,,21,30,66,72,58,65,-7.449611321873531,0.0,0.9988355248259867,True,1,large,0.5255652568220824
BraTS-GLI-02300-101,gmm_2d,prediction_component,4,25,9984.0,2.5060120224403912e-05,7.102621534903521e-08,1.7320508075688772,1,8.660254037844387,0.19999999999999996,0.9548683406603533,1.0,0,,21,26,89,94,115,120,-7.14858132620955,0.0,0.9999372968689848,True,1,large,0.5255652568220824
BraTS-GLI-02300-101,gmm_2d,prediction_component,5,50,17152.0,2.2258600373918718e-05,5.6033542268023926e-08,1.7320508075688772,1,11.575836902790225,0.14962640041614492,0.757879504227687,1.1666666666666667,0,,23,29,58,65,64,71,-7.25155192190457,0.0,0.9995721488107336,True,1,large,0.5255652568220824
BraTS-GLI-02300-101,gmm_2d,prediction_component,6,25,9984.0,2.5060120224403912e-05,7.102621534903521e-08,1.7320508075688772,1,8.660254037844387,0.19999999999999996,0.9548683406603533,1.0,0,,24,29,90,95,104,109,-7.14858132620955,0.0,0.9999372968689848,True,1,large,0.5255652568220824
BraTS-GLI-02300-101,gmm_2d,prediction_component,7,25,9984.0,2.5060120224403912e-05,7.102621534903521e-08,1.7320508075688772,1,8.660254037844387,0.19999999999999996,0.9548683406603533,1.0,0,,25,30,93,98,118,123,-7.14858132620955,0.0,0.9999372968689848,True,1,large,0.5255652568220824
BraTS-GLI-02300-101,gmm_2d,prediction_component,8,128,44032.0,1.3853431171203185e-05,2.1705364136130733e-08,1.7320508075688772,1,19.339079605813716,0.08956221510397981,0.5540132784474323,2.142857142857143,0,,26,36,52,59,61,76,-7.663432923901038,0.0,0.9891391147366182,True,1,large,0.5255652568220824
BraTS-GLI-02300-101,gmm_2d,prediction_component,9,76,24320.0,2.0038639689163165e-05,4.541390490450912e-08,2.23606797749979,1,12.884098726725126,0.17355253362515582,0.8509616882445303,1.5,1,,31,40,79,86,39,45,-7.342811153779088,0.6931471805599453,0.9996432221416792,True,1,large,0.5255652568220824
BraTS-GLI-02300-101,gmm_2d,prediction_component,10,62,17920.0,2.5845484716354776e-05,7.554778513588118e-08,2.23606797749979,1,11.0,0.20327890704543544,0.9107181155611794,1.1666666666666667,1,,31,37,93,99,51,58,-7.12177826352039,0.6931471805599453,0.9999235475725639,True,1,large,0.5255652568220824
BraTS-GLI-02300-101,gmm_2d,prediction_component,11,25,9984.0,2.5060120224403912e-05,7.102621534903521e-08,1.7320508075688772,1,8.660254037844387,0.19999999999999996,0.9548683406603533,1.0,0,,32,37,56,61,56,61,-7.14858132620955,0.0,0.9999372968689848,True,1,large,0.5255652568220824
BraTS-GLI-02300-101,gmm_2d,prediction_component,12,25,9984.0,2.5060120224403912e-05,7.102621534903521e-08,1.7320508075688772,1,8.660254037844387,0.19999999999999996,0.9548683406603533,1.0,0,,32,37,85,90,93,98,-7.14858132620955,0.0,0.9999372968689848,True,1,large,0.5255652568220824
BraTS-GLI-02300-101,gmm_2d,prediction_component,13,59,20736.0,1.975898062414266e-05,4.415515810549949e-08,1.7320508075688772,1,12.206555615733702,0.14189513095212064,0.71719869927557,1.3333333333333333,0,,33,39,59,66,49,57,-7.355018555825788,0.0,0.9991842326749193,True,1,large,0.5255652568220824
BraTS-GLI-02300-101,gmm_2d,prediction_component,14,46,15616.0,2.357236358908017e-05,6.284324984734695e-08,1.7320508075688772,1,10.488088481701515,0.1651445647689541,0.7792393700163133,1.4,0,,35,42,66,72,44,49,-7.20174136414328,0.0,0.9997495063859743,True,1,large,0.5255652568220824
BraTS-GLI-02300-101,gmm_2d,prediction_component,15,59,18176.0,2.4077120183702874e-05,6.556339810384356e-08,1.7320508075688772,1,11.180339887498949,0.15491933384829665,0.71719869927557,1.6,0,,37,43,71,79,112,117,-7.183338545347065,0.0,0.999656643335087,True,1,large,0.5255652568220824
BraTS-GLI-02300-101,gmm_2d,prediction_component,16,6596,1430272.0,3.856139103804405e-06,1.6817357537394624e-09,2.449489742783178,1,96.1977130705299,0.02546307666365488,0.21054500662638242,1.558139534883721,31,,39,106,32,75,31,85,-8.774242242609658,3.4657359027997265,0.05319454684301944,False,1,large,0.5255652568220824
BraTS-GLI-02300-101,gmm_2d,prediction_component,17,106,27904.0,2.2740822604609114e-05,5.8487723022480475e-08,2.23606797749979,1,13.30413469565007,0.1680731613632036,0.7616332875610777,1.1428571428571428,1,,41,49,72,79,122,130,-7.232935285766458,0.6931471805599453,0.999650474645932,True,1,large,0.5255652568220824
BraTS-GLI-02300-101,gmm_2d,prediction_component,18,25,9984.0,2.5060120224403912e-05,7.102621534903521e-08,1.7320508075688772,1,8.660254037844387,0.19999999999999996,0.9548683406603533,1.0,0,,43,48,52,57,100,105,-7.14858132620955,0.0,0.9999372968689848,True,1,large,0.5255652568220824
BraTS-GLI-02300-101,gmm_2d,prediction_component,19,44,13824.0,2.7070862238995545e-05,8.288129935688987e-08,1.7320508075688772,1,10.392304845413264,0.16666666666666666,0.7908715233027805,1.0,0,,44,50,56,62,67,73,-7.081543448970658,0.0,0.9998482248433442,True,1,large,0.5255652568220824
BraTS-GLI-02300-101,gmm_2d,prediction_component,20,25,9984.0,2.5060120224403912e-05,7.102621534903521e-08,1.7320508075688772,1,8.660254037844387,0.19999999999999996,0.9548683406603533,1.0,0,,46,51,105,110,94,99,-7.14858132620955,0.0,0.9999372968689848,True,1,large,0.5255652568220824
BraTS-GLI-02300-101,gmm_2d,prediction_component,21,63,21248.0,2.03405861120767e-05,4.67928286499433e-08,1.7320508075688772,1,12.449899597988733,0.13912166872805048,0.7016868116919668,1.8,0,,47,52,52,59,72,81,-7.329820700695186,0.0,0.9991776462896975,True,1,large,0.5255652568220824
BraTS-GLI-02300-101,gmm_2d,prediction_component,22,114,38400.0,1.5149838903932417e-05,2.5957831145002332e-08,1.7320508075688772,1,16.0312195418814,0.10804236090984295,0.5758223885605346,1.7142857142857142,0,,47,54,73,85,54,62,-7.585731596968226,0.0,0.9945406922030516,True,1,large,0.5255652568220824
BraTS-GLI-02300-101,gmm_2d,prediction_component,23,25,9984.0,2.5060120224403912e-05,7.102621534903521e-08,1.7320508075688772,1,8.660254037844387,0.19999999999999996,0.9548683406603533,1.0,0,,47,52,86,91,126,131,-7.14858132620955,0.0,0.9999372968689848,True,1,large,0.5255652568220824
BraTS-GLI-02300-101,gmm_2d,prediction_component,24,587,133632.0,1.2016345275435702e-05,1.6330413102608176e-08,2.449489742783178,1,28.478061731796284,0.08601321838024802,0.4715840717073427,1.2666666666666666,1,,47,62,114,129,110,129,-7.787002828985685,0.6931471805599453,0.971291352554614,True,1,large,0.5255652568220824
BraTS-GLI-02300-101,gmm_2d,prediction_component,25,365,72448.0,1.871773365650051e-05,3.962405336415591e-08,2.8284271247461903,1,23.430749027719962,0.12071432805669138,0.6379846678002353,2.125,1,,47,55,123,137,123,140,-7.402041100134049,0.6931471805599453,0.9977191134036941,True,1,large,0.5255652568220824
BraTS-GLI-02300-101,gmm_2d,prediction_component,26,25,9984.0,2.5060120224403912e-05,7.102621534903521e-08,1.7320508075688772,1,8.660254037844387,0.19999999999999996,0.9548683406603533,1.0,0,,48,53,112,117,102,107,-7.14858132620955,0.0,0.9999372968689848,True,1,large,0.5255652568220824
BraTS-GLI-02300-101,gmm_2d,prediction_component,27,258,67584.0,1.4684320934257667e-05,2.4387097177144808e-08,2.0,1,21.61018278497431,0.09254896267654951,0.5064302396531297,1.3636363636363635,1,,49,64,77,88,27,38,-7.612839891157161,0.6931471805599453,0.9876756463846571,True,1,large,0.5255652568220824
BraTS-GLI-02300-101,gmm_2d,prediction_component,28,25,9984.0,2.5060120224403912e-05,7.102621534903521e-08,1.7320508075688772,1,8.660254037844387,0.19999999999999996,0.9548683406603533,1.0,0,,49,54,81,86,42,47,-7.14858132620955,0.0,0.9999372968689848,True,1,large,0.5255652568220824
BraTS-GLI-02300-101,gmm_2d,prediction_component,29,25,9984.0,2.5060120224403912e-05,7.102621534903521e-08,1.7320508075688772,1,8.660254037844387,0.19999999999999996,0.9548683406603533,1.0,0,,50,55,53,58,86,91,-7.14858132620955,0.0,0.9999372968689848,True,1,large,0.5255652568220824
BraTS-GLI-02300-101,gmm_2d,prediction_component,30,64,19456.0,2.3583031853470576e-05,6.290014529710403e-08,1.7320508075688772,1,11.661903789690601,0.14852213144650114,0.6980129914371896,1.3333333333333333,0,,50,56,89,95,80,88,-7.201348351348727,0.0,0.999561900065022,True,1,large,0.5255652568220824
BraTS-GLI-02300-101,gmm_2d,prediction_component,31,81,24832.0,2.0699862922796982e-05,4.846043547609605e-08,1.7320508075688772,1,12.449899597988733,0.13912166872805048,0.6453002363415847,1.8,0,,51,58,47,56,94,99,-7.314612687515563,0.0,0.999073312536881,True,1,large,0.5255652568220824
BraTS-GLI-02300-101,gmm_2d,prediction_component,32,77,24064.0,2.062713907754506e-05,4.8120526127906083e-08,1.7320508075688772,1,12.884098726725126,0.13443321448446624,0.6562861745204266,1.5,0,,51,58,82,88,129,138,-7.31766963292826,0.0,0.9990119790798668,True,1,large,0.5255652568220824
BraTS-GLI-02300-101,gmm_2d,prediction_component,33,687,172288.0,9.606699205432867e-06,1.0437602633974074e-08,2.23606797749979,1,39.0,0.057335076346148456,0.40850335363212803,2.0,6,,51,77,89,115,23,36,-7.981399241026957,1.9459101490553132,0.8441685723536808,True,1,large,0.5255652568220824
BraTS-GLI-02300-101,gmm_2d,prediction_component,34,25,9984.0,2.5060120224403912e-05,7.102621534903521e-08,1.7320508075688772,1,8.660254037844387,0.19999999999999996,0.9548683406603533,1.0,0,,51,56,99,104,116,121,-7.14858132620955,0.0,0.9999372968689848,True,1,large,0.5255652568220824
BraTS-GLI-02300-101,gmm_2d,prediction_component,35,18813,3687424.0,2.6568891696091276e-06,7.983608840800339e-10,3.4641016151377544,2,153.37861650177967,0.022585297052132164,0.20995882853607878,1.9074074074074074,42,,52,152,34,137,68,122,-9.097800749581847,3.7612001156935624,0.01471791639982895,False,1,large,0.5255652568220824
BraTS-GLI-02300-101,gmm_2d,prediction_component,36,25,9984.0,2.5060120224403912e-05,7.102621534903521e-08,1.7320508075688772,1,8.660254037844387,0.19999999999999996,0.9548683406603533,1.0,0,,52,57,64,69,103,108,-7.14858132620955,0.0,0.9999372968689848,True,1,large,0.5255652568220824
BraTS-GLI-02300-101,gmm_2d,prediction_component,37,333,101632.0,1.0277761261529896e-05,1.194674033331301e-08,2.23606797749979,1,28.583211855912904,0.07823011594259385,0.5200356626827806,1.3846153846153846,1,,52,65,88,106,104,122,-7.922750575750833,0.6931471805599453,0.9540758759751541,True,1,large,0.5255652568220824
BraTS-GLI-02300-101,gmm_2d,prediction_component,38,25,9984.0,2.5060120224403912e-05,7.102621534903521e-08,1.7320508075688772,1,8.660254037844387,0.19999999999999996,0.9548683406603533,1.0,0,,53,58,49,54,120,125,-7.14858132620955,0.0,0.9999372968689848,True,1,large,0.5255652568220824
BraTS-GLI-02300-101,gmm_2d,prediction_component,39,59,17408.0,2.568790548372811e-05,7.462936780844428e-08,1.7320508075688772,1,11.0,0.15745916432444337,0.71719869927557,1.1666666666666667,0,,53,59,67,73,43,50,-7.127090237308548,0.0,0.9997329971236036,True,1,large,0.5255652568220824
BraTS-GLI-02300-101,gmm_2d,prediction_component,40,25,9984.0,2.5060120224403912e-05,7.102621534903521e-08,1.7320508075688772,1,8.660254037844387,0.19999999999999996,0.9548683406603533,1.0,0,,54,59,44,49,56,61,-7.14858132620955,0.0,0.9999372968689848,True,1,large,0.5255652568220824
BraTS-GLI-02300-101,gmm_2d,prediction_component,41,25,9984.0,2.5060120224403912e-05,7.102621534903521e-08,1.7320508075688772,1,8.660254037844387,0.19999999999999996,0.9548683406603533,1.0,0,,54,59,62,67,61,66,-7.14858132620955,0.0,0.9999372968689848,True,1,large,0.5255652568220824
BraTS-GLI-02300-101,gmm_2d,prediction_component,42,50,15360.0,2.6265349298824172e-05,7.802229756091518e-08,1.7320508075688772,1,10.392304845413264,0.16666666666666666,0.757879504227687,1.0,0,,54,60,64,70,123,129,-7.1077812649530205,0.0,0.9998150660465362,True,1,large,0.5255652568220824
BraTS-GLI-02300-101,gmm_2d,prediction_component,43,214,56320.0,1.6011049645678024e-05,2.8992921639576597e-08,2.23606797749979,1,20.904544960366874,0.10696563746013953,0.6026196388106164,1.7777777777777777,1,,54,63,63,79,107,117,-7.537708018242364,0.6931471805599453,0.9946369424979918,True,1,large,0.5255652568220824
BraTS-GLI-02300-101,gmm_2d,prediction_component,44,25,9984.0,2.5060120224403912e-05,7.102621534903521e-08,1.7320508075688772,1,8.660254037844387,0.19999999999999996,0.9548683406603533,1.0,0,,54,59,73,78,62,67,-7.14858132620955,0.0,0.9999372968689848,True,1,large,0.5255652568220824
BraTS-GLI-02300-101,gmm_2d,prediction_component,45,25,9984.0,2.5060120224403912e-05,7.102621534903521e-08,1.7320508075688772,1,8.660254037844387,0.19999999999999996,0.9548683406603533,1.0,0,,54,59,126,131,35,40,-7.14858132620955,0.0,0.9999372968689848,True,1,large,0.5255652568220824
BraTS-GLI-02300-101,gmm_2d,prediction_component,46,50,15360.0,2.6265349298824172e-05,7.802229756091518e-08,1.7320508075688772,1,10.392304845413264,0.16666666666666666,0.757879504227687,1.0,0,,54,60,137,143,108,114,-7.1077812649530205,0.0,0.9998150660465362,True,1,large,0.5255652568220824
BraTS-GLI-02300-101,gmm_2d,prediction_component,47,25,9984.0,2.5060120224403912e-05,7.102621534903521e-08,1.7320508075688772,1,8.660254037844387,0.19999999999999996,0.9548683406603533,1.0,0,,56,61,82,87,99,104,-7.14858132620955,0.0,0.9999372968689848,True,1,large,0.5255652568220824
BraTS-GLI-02300-101,gmm_2d,prediction_component,48,25,9984.0,2.5060120224403912e-05,7.102621534903521e-08,1.7320508075688772,1,8.660254037844387,0.19999999999999996,0.9548683406603533,1.0,0,,57,62,38,43,78,83,-7.14858132620955,0.0,0.9999372968689848,True,1,large,0.5255652568220824
BraTS-GLI-02300-101,gmm_2d,prediction_component,49,77,23808.0,2.0960727616306164e-05,4.968955211855028e-08,1.7320508075688772,1,12.727922061357855,0.13608276348795434,0.6562861745204266,1.1428571428571428,0,,57,65,95,102,124,131,-7.303734917790969,0.0,0.9990890403795888,True,1,large,0.5255652568220824
BraTS-GLI-02300-101,gmm_2d,prediction_component,50,81,26624.0,1.8645544135686913e-05,3.931900303261106e-08,1.7320508075688772,1,13.92838827718412,0.12435400084345173,0.6453002363415847,1.2857142857142858,0,,58,65,53,62,104,112,-7.4053975026131695,0.0,0.9983055716297754,True,1,large,0.5255652568220824
BraTS-GLI-02300-101,gmm_2d,prediction_component,51,38,13824.0,2.3379381024587062e-05,6.181848980958109e-08,1.7320508075688772,1,9.848857801796104,0.17586311452816475,0.8304795924748166,1.2,0,,59,64,63,69,49,55,-7.2088816087094125,0.0,0.9998202678928552,True,1,large,0.5255652568220824
BraTS-GLI-02300-101,gmm_2d,prediction_component,52,25,9984.0,2.5060120224403912e-05,7.102621534903521e-08,1.7320508075688772,1,8.660254037844387,0.19999999999999996,0.9548683406603533,1.0,0,,59,64,79,84,114,119,-7.14858132620955,0.0,0.9999372968689848,True,1,large,0.5255652568220824
BraTS-GLI-02300-101,gmm_2d,prediction_component,53,47,14592.0,2.6664020003279646e-05,8.040880842667987e-08,1.7320508075688772,1,9.848857801796104,0.17586311452816475,0.7736731845058752,1.2,0,,59,64,107,113,60,66,-7.094696373620167,0.0,0.9998584461552412,True,1,large,0.5255652568220824
BraTS-GLI-02300-101,gmm_2d,prediction_component,54,25,9984.0,2.5060120224403912e-05,7.102621534903521e-08,1.7320508075688772,1,8.660254037844387,0.19999999999999996,0.9548683406603533,1.0,0,,59,64,119,124,134,139,-7.14858132620955,0.0,0.9999372968689848,True,1,large,0.5255652568220824
BraTS-GLI-02300-101,gmm_2d,prediction_component,55,25,9984.0,2.5060120224403912e-05,7.102621534903521e-08,1.7320508075688772,1,8.660254037844387,0.19999999999999996,0.9548683406603533,1.0,0,,60,65,40,45,68,73,-7.14858132620955,0.0,0.9999372968689848,True,1,large,0.5255652568220824
BraTS-GLI-02300-101,gmm_2d,prediction_component,56,46,16896.0,2.0945077921731866e-05,4.961538140913494e-08,1.7320508075688772,1,11.0,0.15745916432444337,0.7792393700163133,1.1666666666666667,0,,60,66,59,65,72,79,-7.3043836657365855,0.0,0.9995805115715526,True,1,large,0.5255652568220824
BraTS-GLI-02300-101,gmm_2d,prediction_component,57,25,9984.0,2.5060120224403912e-05,7.102621534903521e-08,1.7320508075688772,1,8.660254037844387,0.19999999999999996,0.9548683406603533,1.0,0,,61,66,39,44,103,108,-7.14858132620955,0.0,0.9999372968689848,True,1,large,0.5255652568220824
BraTS-GLI-02300-101,gmm_2d,prediction_component,58,138,30464.0,2.595366510264024e-05,7.618154325046239e-08,2.449489742783178,1,13.92838827718412,0.17586311452816475,0.7640916718576304,1.2857142857142858,1,,61,68,49,57,92,101,-7.118150233849247,0.6931471805599453,0.9998021980598185,True,1,large,0.5255652568220824
BraTS-GLI-02300-101,gmm_2d,prediction_component,59,77,25344.0,1.9084376917357e-05,4.119156989074579e-08,1.7320508075688772,1,13.038404810405298,0.1328422328310143,0.6562861745204266,1.8,0,,61,70,57,65,66,71,-7.385191655921814,0.0,0.9986997410528664,True,1,large,0.5255652568220824
BraTS-GLI-02300-101,gmm_2d,prediction_component,60,38,12544.0,2.7047649416909622e-05,8.273922157753891e-08,1.7320508075688772,1,9.273618495495704,0.18677184190940707,0.8304795924748166,1.2,0,,61,66,84,90,114,119,-7.082288569326049,0.0,0.9999073465642991,True,1,large,0.5255652568220824
BraTS-GLI-02300-101,gmm_2d,prediction_component,61,25,9984.0,2.5060120224403912e-05,7.102621534903521e-08,1.7320508075688772,1,8.660254037844387,0.19999999999999996,0.9548683406603533,1.0,0,,61,66,132,137,67,72,-7.14858132620955,0.0,0.9999372968689848,True,1,large,0.5255652568220824
BraTS-GLI-02300-101,gmm_2d,prediction_component,62,93,24576.0,2.4138826378592975e-05,6.589988785198783e-08,2.23606797749979,1,12.884098726725126,0.17355253362515582,0.7955855546357014,1.5,1,,62,69,56,62,96,105,-7.181115324484963,0.6931471805599453,0.9997645910105637,True,1,large,0.5255652568220824
BraTS-GLI-02300-101,gmm_2d,prediction_component,63,202,54272.0,1.5976720222694934e-05,2.8868727003244537e-08,2.23606797749979,1,19.697715603592208,0.11351915229662496,0.6143239053328439,1.2,1,,63,75,47,59,53,63,-7.539572366367135,0.6931471805599453,0.9953863118807571,True,1,large,0.5255652568220824
BraTS-GLI-02300-101,gmm_2d,prediction_component,64,25,9984.0,2.5060120224403912e-05,7.102621534903521e-08,1.7320508075688772,1,8.660254037844387,0.19999999999999996,0.9548683406603533,1.0,0,,63,68,62,67,111,116,-7.14858132620955,0.0,0.9999372968689848,True,1,large,0.5255652568220824
BraTS-GLI-02300-101,gmm_2d,prediction_component,65,335,92416.0,1.192405735165476e-05,1.6080534712529843e-08,2.23606797749979,1,30.773365106858236,0.07266244590850592,0.5189986994872793,3.857142857142857,2,,63,90,81,94,23,30,-7.793699514117411,1.0986122886681098,0.9632985727509807,True,1,large,0.5255652568220824
BraTS-GLI-02300-101,gmm_2d,prediction_component,66,25,9984.0,2.5060120224403912e-05,7.102621534903521e-08,1.7320508075688772,1,8.660254037844387,0.19999999999999996,0.9548683406603533,1.0,0,,64,69,48,53,61,66,-7.14858132620955,0.0,0.9999372968689848,True,1,large,0.5255652568220824
BraTS-GLI-02300-101,gmm_2d,prediction_component,67,25,9984.0,2.5060120224403912e-05,7.102621534903521e-08,1.7320508075688772,1,8.660254037844387,0.19999999999999996,0.9548683406603533,1.0,0,,64,69,76,81,27,32,-7.14858132620955,0.0,0.9999372968689848,True,1,large,0.5255652568220824
BraTS-GLI-02300-101,gmm_2d,prediction_component,68,5272,1204736.0,3.986920440595916e-06,1.7977426100321838e-09,2.8284271247461903,1,100.42410069301094,0.028164824033550303,0.2619686946434427,2.1470588235294117,25,,64,137,85,145,26,60,-8.745272487822229,3.258096538021482,0.07596849452318263,False,1,large,0.5255652568220824
BraTS-GLI-02300-101,gmm_2d,prediction_component,69,25,9984.0,2.5060120224403912e-05,7.102621534903521e-08,1.7320508075688772,1,8.660254037844387,0.19999999999999996,0.9548683406603533,1.0,0,,65,70,49,54,106,111,-7.14858132620955,0.0,0.9999372968689848,True,1,large,0.5255652568220824
BraTS-GLI-02300-101,gmm_2d,prediction_component,70,25,9984.0,2.5060120224403912e-05,7.102621534903521e-08,1.7320508075688772,1,8.660254037844387,0.19999999999999996,0.9548683406603533,1.0,0,,65,70,64,69,107,112,-7.14858132620955,0.0,0.9999372968689848,True,1,large,0.5255652568220824
BraTS-GLI-02300-101,gmm_2d,prediction_component,71,2271,480256.0,6.823511615689436e-06,5.2658470894376736e-09,3.0,1,57.532599454570104,0.052144349958824866,0.3679129543321777,1.5185185185185186,11,,65,92,66,107,94,124,-8.278531756163794,2.4849066497880004,0.553963230509598,True,1,large,0.5255652568220824
BraTS-GLI-02300-101,gmm_2d,prediction_component,72,223,66304.0,1.3061566592727023e-05,1.929491685117976e-08,2.23606797749979,1,25.199206336708304,0.08873565094161139,0.594401072343737,1.5454545454545454,1,,65,80,65,76,40,57,-7.714557088621562,0.6931471805599453,0.9854575895955222,True,1,large,0.5255652568220824
BraTS-GLI-02300-101,gmm_2d,prediction_component,73,194,46592.0,1.9290109813950573e-05,4.208446140155091e-08,2.449489742783178,1,18.920887928424502,0.1294595556006309,0.6820840881668744,1.5555555555555556,1,,65,74,105,119,117,126,-7.3758782265689,0.6931471805599453,0.9984611314698542,True,1,large,0.5255652568220824
BraTS-GLI-02300-101,gmm_2d,prediction_component,74,205,50944.0,1.7828479191208587e-05,3.594851629321332e-08,2.23606797749979,1,19.339079605813716,0.11562432251572008,0.6113124652791219,2.142857142857143,3,,65,75,106,121,110,117,-7.444319029591739,1.3862943611198906,0.9960509125039072,True,1,large,0.5255652568220824
BraTS-GLI-02300-101,gmm_2d,prediction_component,75,63,19200.0,2.3680382134730743e-05,6.342051819914697e-08,1.7320508075688772,1,11.575836902790225,0.14962640041614492,0.7016868116919668,1.1666666666666667,0,,65,71,122,129,55,62,-7.197770213742064,0.0,0.999581130657827,True,1,large,0.5255652568220824
BraTS-GLI-02300-101,gmm_2d,prediction_component,76,51,17664.0,2.1723839827382773e-05,5.337348459431324e-08,1.7320508075688772,1,11.090536506409418,0.15617376188860604,0.7528933105024771,1.4,0,,65,72,137,144,36,41,-7.272674442490021,0.0,0.999584546459659,True,1,large,0.5255652568220824
BraTS-GLI-02300-101,gmm_2d,prediction_component,77,25,9984.0,2.5060120224403912e-05,7.102621534903521e-08,1.7320508075688772,1,8.660254037844387,0.19999999999999996,0.9548683406603533,1.0,0,,66,71,60,65,100,105,-7.14858132620955,0.0,0.9999372968689848,True,1,large,0.5255652568220824
BraTS-GLI-02300-101,gmm_2d,prediction_component,78,47,14592.0,2.6664020003279646e-05,8.040880842667987e-08,1.7320508075688772,1,9.848857801796104,0.17586311452816475,0.7736731845058752,1.2,0,,66,72,72,78,100,105,-7.094696373620167,0.0,0.9998584461552412,True,1,large,0.5255652568220824
BraTS-GLI-02300-101,gmm_2d,prediction_component,79,25,9984.0,2.5060120224403912e-05,7.102621534903521e-08,1.7320508075688772,1,8.660254037844387,0.19999999999999996,0.9548683406603533,1.0,0,,66,71,112,117,69,74,-7.14858132620955,0.0,0.9999372968689848,True,1,large,0.5255652568220824
BraTS-GLI-02300-101,gmm_2d,prediction_component,80,25,9984.0,2.5060120224403912e-05,7.102621534903521e-08,1.7320508075688772,1,8.660254037844387,0.19999999999999996,0.9548683406603533,1.0,0,,66,71,117,122,67,72,-7.14858132620955,0.0,0.9999372968689848,True,1,large,0.5255652568220824
BraTS-GLI-02300-101,gmm_2d,prediction_component,81,25,9984.0,2.5060120224403912e-05,7.102621534903521e-08,1.7320508075688772,1,8.660254037844387,0.19999999999999996,0.9548683406603533,1.0,0,,67,72,36,41,79,84,-7.14858132620955,0.0,0.9999372968689848,True,1,large,0.5255652568220824
BraTS-GLI-02300-101,gmm_2d,prediction_component,82,25,9984.0,2.5060120224403912e-05,7.102621534903521e-08,1.7320508075688772,1,8.660254037844387,0.19999999999999996,0.9548683406603533,1.0,0,,67,72,45,50,103,108,-7.14858132620955,0.0,0.9999372968689848,True,1,large,0.5255652568220824
BraTS-GLI-02300-101,gmm_2d,prediction_component,83,75,28672.0,1.544807187526814e-05,2.6989878922339632e-08,1.7320508075688772,1,15.0996688705415,0.11470786693528087,0.6620687295173385,1.25,0,,67,75,150,160,109,117,-7.568799063701272,0.0,0.9965216357073392,True,1,large,0.5255652568220824
BraTS-GLI-02300-101,gmm_2d,prediction_component,84,84,21760.0,2.6169230320495057e-05,7.745229171481414e-08,2.23606797749979,1,12.727922061357855,0.17568209223157663,0.8230409488416606,1.1428571428571428,1,,68,76,57,64,76,83,-7.110965727493243,0.6931471805599453,0.9998389366866768,True,1,large,0.5255652568220824
BraTS-GLI-02300-101,gmm_2d,prediction_component,85,38,12544.0,2.7047649416909622e-05,8.273922157753891e-08,1.7320508075688772,1,9.273618495495704,0.18677184190940707,0.8304795924748166,1.2,0,,68,73,61,67,72,77,-7.082288569326049,0.0,0.9999073465642991,True,1,large,0.5255652568220824
BraTS-GLI-02300-101,gmm_2d,prediction_component,86,50,19968.0,1.772018094802615e-05,3.551310767451761e-08,1.7320508075688772,1,12.36931687685298,0.14002800840280097,0.757879504227687,1.5,0,,68,74,67,76,105,111,-7.449611321873531,0.0,0.9989503591228521,True,1,large,0.5255652568220824
BraTS-GLI-02300-101,gmm_2d,prediction_component,87,169,52992.0,1.3853874160111289e-05,2.1706752296099515e-08,2.23606797749979,1,20.615528128088304,0.10846522890932808,0.6519570266174533,1.5,1,,68,78,93,108,54,64,-7.6634051496175335,0.6931471805599453,0.992944638221903,True,1,large,0.5255652568220824
BraTS-GLI-02300-101,gmm_2d,prediction_component,88,38,13824.0,2.3379381024587062e-05,6.181848980958109e-08,1.7320508075688772,1,9.848857801796104,0.17586311452816475,0.8304795924748166,1.2,0,,68,74,152,158,50,55,-7.2088816087094125,0.0,0.9998202678928552,True,1,large,0.5255652568220824
BraTS-GLI-02300-101,gmm_2d,prediction_component,89,82,23552.0,2.2686743632016563e-05,5.820987950024258e-08,1.7320508075688772,1,13.92838827718412,0.12435400084345173,0.6426663285123421,1.2857142857142858,0,,69,76,55,63,127,136,-7.23500329974336,0.0,0.9990795714358859,True,1,large,0.5255652568220824
BraTS-GLI-02300-101,gmm_2d,prediction_component,90,50,17152.0,2.2258600373918718e-05,5.6033542268023926e-08,1.7320508075688772,1,11.575836902790225,0.14962640041614492,0.757879504227687,1.1666666666666667,0,,69,75,95,102,29,36,-7.25155192190457,0.0,0.9995721488107336,True,1,large,0.5255652568220824
BraTS-GLI-02300-101,gmm_2d,prediction_component,91,325,81664.0,1.3926352650850792e-05,2.193447026517916e-08,2.449489742783178,1,22.9128784747792,0.10690449676496976,0.5743069094734229,1.6,2,,69,79,106,122,62,75,-7.658872849687922,1.0986122886681098,0.9896984288837184,True,1,large,0.5255652568220824
BraTS-GLI-02300-101,gmm_2d,prediction_component,92,76,25088.0,1.9125576317853162e-05,4.1369610788769456e-08,1.7320508075688772,1,14.071247279470288,0.12309149097933272,0.6591520893663227,1.5,0,,70,76,64,73,80,89,-7.383318564990029,0.0,0.9984661480655393,True,1,large,0.5255652568220824
BraTS-GLI-02300-101,gmm_2d,prediction_component,93,78,24064.0,2.0895024000630062e-05,4.937852605197852e-08,1.7320508075688772,1,12.727922061357855,0.13608276348795434,0.6534694609959394,1.1428571428571428,0,,70,77,74,81,59,67,-7.3064618778922625,0.0,0.999071914660249,True,1,large,0.5255652568220824
BraTS-GLI-02300-101,gmm_2d,prediction_component,94,25,9984.0,2.5060120224403912e-05,7.102621534903521e-08,1.7320508075688772,1,8.660254037844387,0.19999999999999996,0.9548683406603533,1.0,0,,70,75,75,80,142,147,-7.14858132620955,0.0,0.9999372968689848,True,1,large,0.5255652568220824
BraTS-GLI-02300-101,gmm_2d,prediction_component,95,50,19968.0,1.772018094802615e-05,3.551310767451761e-08,1.7320508075688772,1,12.727922061357855,0.13608276348795434,0.757879504227687,1.1428571428571428,0,,70,77,88,95,129,137,-7.449611321873531,0.0,0.9988706286915658,True,1,large,0.5255652568220824
BraTS-GLI-02300-101,gmm_2d,prediction_component,96,47,14592.0,2.6664020003279646e-05,8.040880842667987e-08,1.7320508075688772,1,9.848857801796104,0.17586311452816475,0.7736731845058752,1.2,0,,70,75,102,108,106,112,-7.094696373620167,0.0,0.9998584461552412,True,1,large,0.5255652568220824
BraTS-GLI-02300-101,gmm_2d,prediction_component,97,25,9984.0,2.5060120224403912e-05,7.102621534903521e-08,1.7320508075688772,1,8.660254037844387,0.19999999999999996,0.9548683406603533,1.0,0,,70,75,116,121,54,59,-7.14858132620955,0.0,0.9999372968689848,True,1,large,0.5255652568220824
BraTS-GLI-02300-101,gmm_2d,prediction_component,98,25,9984.0,2.5060120224403912e-05,7.102621534903521e-08,1.7320508075688772,1,8.660254037844387,0.19999999999999996,0.9548683406603533,1.0,0,,70,75,148,153,106,111,-7.14858132620955,0.0,0.9999372968689848,True,1,large,0.5255652568220824
BraTS-GLI-02300-101,gmm_2d,prediction_component,99,1965,457472.0,6.3506148996637475e-06,4.561250557262326e-09,2.8284271247461903,1,56.471231613982,0.05008615969420234,0.36401589265412554,1.3571428571428572,11,,71,109,78,109,59,87,-8.34091607056817,2.4849066497880004,0.4849240662043168,False,1,large,0.5255652568220824
BraTS-GLI-02300-101,gmm_2d,prediction_component,100,25,9984.0,2.5060120224403912e-05,7.102621534903521e-08,1.7320508075688772,1,8.660254037844387,0.19999999999999996,0.9548683406603533,1.0,0,,71,76,91,96,151,156,-7.14858132620955,0.0,0.9999372968689848,True,1,large,0.5255652568220824
BraTS-GLI-02300-101,gmm_2d,prediction_component,101,97,32000.0,1.6945202641990595e-05,3.247475677473599e-08,1.7320508075688772,1,15.427248620541512,0.11227217828476796,0.6076678398117905,1.8333333333333333,0,,71,80,96,102,139,150,-7.488454092965807,0.0,0.9967819917289463,True,1,large,0.5255652568220824
BraTS-GLI-02300-101,gmm_2d,prediction_component,102,127,38400.0,1.6877452112275587e-05,3.2215593916416025e-08,1.7320508075688772,1,16.30950643030009,0.1061988488107183,0.5554635816050737,1.375,0,,71,79,92,103,98,107,-7.491933857729258,0.0,0.9957154589275559,True,1,large,0.5255652568220824
BraTS-GLI-02300-101,gmm_2d,prediction_component,103,25,9984.0,2.5060120224403912e-05,7.102621534903521e-08,1.7320508075688772,1,8.660254037844387,0.19999999999999996,0.9548683406603533,1.0,0,,71,76,106,111,37,42,-7.14858132620955,0.0,0.9999372968689848,True,1,large,0.5255652568220824
BraTS-GLI-02300-101,gmm_2d,prediction_component,104,25,9984.0,2.5060120224403912e-05,7.102621534903521e-08,1.7320508075688772,1,8.660254037844387,0.19999999999999996,0.9548683406603533,1.0,0,,71,76,137,142,132,137,-7.14858132620955,0.0,0.9999372968689848,True,1,large,0.5255652568220824
BraTS-GLI-02300-101,gmm_2d,prediction_component,105,25,9984.0,2.5060120224403912e-05,7.102621534903521e-08,1.7320508075688772,1,8.660254037844387,0.19999999999999996,0.9548683406603533,1.0,0,,72,77,48,53,67,72,-7.14858132620955,0.0,0.9999372968689848,True,1,large,0.5255652568220824
BraTS-GLI-02300-101,gmm_2d,prediction_component,106,50,18688.0,1.95715745391646e-05,4.332154192016719e-08,1.7320508075688772,1,11.74734012447073,0.14744195615489714,0.757879504227687,1.6,0,,72,79,63,68,40,48,-7.3632960941634575,0.0,0.9993313988585203,True,1,large,0.5255652568220824
BraTS-GLI-02300-101,gmm_2d,prediction_component,107,63,22528.0,1.8631876346107425e-05,3.926137994703396e-08,1.7320508075688772,1,13.379088160259652,0.1294595556006309,0.7016868116919668,1.2857142857142858,0,,72,79,87,94,42,51,-7.4060344400174705,0.0,0.9987025589345085,True,1,large,0.5255652568220824
BraTS-GLI-02300-101,gmm_2d,prediction_component,108,25,9984.0,2.5060120224403912e-05,7.102621534903521e-08,1.7320508075688772,1,8.660254037844387,0.19999999999999996,0.9548683406603533,1.0,0,,72,77,92,97,38,43,-7.14858132620955,0.0,0.9999372968689848,True,1,large,0.5255652568220824
BraTS-GLI-02300-101,gmm_2d,prediction_component,109,25,9984.0,2.5060120224403912e-05,7.102621534903521e-08,1.7320508075688772,1,8.660254037844387,0.19999999999999996,0.9548683406603533,1.0,0,,72,77,97,102,74,79,-7.14858132620955,0.0,0.9999372968689848,True,1,large,0.5255652568220824
BraTS-GLI-02300-101,gmm_2d,prediction_component,110,50,15360.0,2.6265349298824172e-05,7.802229756091518e-08,1.7320508075688772,1,10.392304845413264,0.16666666666666666,0.757879504227687,1.0,0,,72,78,101,107,44,50,-7.1077812649530205,0.0,0.9998150660465362,True,1,large,0.5255652568220824
BraTS-GLI-02300-101,gmm_2d,prediction_component,111,262,73728.0,1.3087376959827241e-05,1.9371247807333123e-08,2.23606797749979,1,29.748949561287034,0.07516460280028289,0.5633099747109789,1.4285714285714286,2,,73,90,51,71,36,50,-7.7128424031123295,1.0986122886681098,0.9769155195583701,True,1,large,0.5255652568220824
BraTS-GLI-02300-101,gmm_2d,prediction_component,112,50,15360.0,2.6265349298824172e-05,7.802229756091518e-08,1.7320508075688772,1,10.392304845413264,0.16666666666666666,0.757879504227687,1.0,0,,73,79,99,105,131,137,-7.1077812649530205,0.0,0.9998150660465362,True,1,large,0.5255652568220824
BraTS-GLI-02300-101,gmm_2d,prediction_component,113,178,52736.0,1.4698033191736662e-05,2.4432663913252252e-08,2.23606797749979,1,20.92844953645635,0.10684346079267207,0.6407784110308046,1.2727272727272727,1,,73,84,111,122,35,49,-7.6120291789638,0.6931471805599453,0.9937493450723396,True,1,large,0.5255652568220824
BraTS-GLI-02300-101,gmm_2d,prediction_component,114,25,9984.0,2.5060120224403912e-05,7.102621534903521e-08,1.7320508075688772,1,8.660254037844387,0.19999999999999996,0.9548683406603533,1.0,0,,73,78,126,131,64,69,-7.14858132620955,0.0,0.9999372968689848,True,1,large,0.5255652568220824
BraTS-GLI-02300-101,gmm_2d,prediction_component,115,827,217344.0,8.16176387526999e-06,7.533909966651733e-09,2.23606797749979,1,42.30839160261236,0.052851642258169,0.3840130960456301,1.6111111111111112,3,,74,92,66,95,26,51,-8.122979574100892,1.3862943611198906,0.7673211512544482,True,1,large,0.5255652568220824
BraTS-GLI-02300-101,gmm_2d,prediction_component,116,25,9984.0,2.5060120224403912e-05,7.102621534903521e-08,1.7320508075688772,1,8.660254037844387,0.19999999999999996,0.9548683406603533,1.0,0,,74,79,91,96,23,28,-7.14858132620955,0.0,0.9999372968689848,True,1,large,0.5255652568220824
BraTS-GLI-02300-101,gmm_2d,prediction_component,117,38,12544.0,2.7047649416909622e-05,8.273922157753891e-08,1.7320508075688772,1,9.273618495495704,0.18677184190940707,0.8304795924748166,1.2,0,,74,79,110,115,138,144,-7.082288569326049,0.0,0.9999073465642991,True,1,large,0.5255652568220824
BraTS-GLI-02300-101,gmm_2d,prediction_component,118,38,12544.0,2.7047649416909622e-05,8.273922157753891e-08,1.7320508075688772,1,9.273618495495704,0.18677184190940707,0.8304795924748166,1.2,0,,74,80,112,117,25,30,-7.082288569326049,0.0,0.9999073465642991,True,1,large,0.5255652568220824
BraTS-GLI-02300-101,gmm_2d,prediction_component,119,71,19968.0,2.5162656946197136e-05,7.160863031489731e-08,1.7320508075688772,1,11.575836902790225,0.14962640041614492,0.6742755017744779,1.1666666666666667,0,,75,82,91,97,64,71,-7.145034633107418,0.0,0.9996234892022975,True,1,large,0.5255652568220824
BraTS-GLI-02300-101,gmm_2d,prediction_component,120,111,29440.0,2.1974361777062423e-05,5.461160169023115e-08,2.23606797749979,1,14.45683229480096,0.1546720562224365,0.7500212110487685,1.125,1,,75,83,133,142,41,49,-7.262715085961648,0.6931471805599453,0.9994822016497482,True,1,large,0.5255652568220824
BraTS-GLI-02300-101,gmm_2d,prediction_component,121,38,12544.0,2.7047649416909622e-05,8.273922157753891e-08,1.7320508075688772,1,9.273618495495704,0.18677184190940707,0.8304795924748166,1.2,0,,76,81,46,51,80,86,-7.082288569326049,0.0,0.9999073465642991,True,1,large,0.5255652568220824
BraTS-GLI-02300-101,gmm_2d,prediction_component,122,38,12544.0,2.7047649416909622e-05,8.273922157753891e-08,1.7320508075688772,1,9.273618495495704,0.18677184190940707,0.8304795924748166,1.2,0,,76,81,52,57,60,66,-7.082288569326049,0.0,0.9999073465642991,True,1,large,0.5255652568220824
BraTS-GLI-02300-101,gmm_2d,prediction_component,123,178,47104.0,1.7411385043979604e-05,3.428617307565597e-08,2.23606797749979,1,18.384776310850235,0.12162606385262999,0.6407784110308046,2.142857142857143,1,,76,83,58,66,121,136,-7.464880986884949,0.6931471805599453,0.9972078586776297,True,1,large,0.5255652568220824
BraTS-GLI-02300-101,gmm_2d,prediction_component,124,149,44800.0,1.5713366762939413e-05,2.7924851243316516e-08,1.7320508075688772,1,20.12461179749811,0.08606629658238703,0.526657258771587,2.2857142857142856,0,,76,83,94,104,33,49,-7.5540091317084626,0.0,0.9915033412293263,True,1,large,0.5255652568220824
BraTS-GLI-02300-101,gmm_2d,prediction_component,125,38,12544.0,2.7047649416909622e-05,8.273922157753891e-08,1.7320508075688772,1,9.273618495495704,0.18677184190940707,0.8304795924748166,1.2,0,,76,81,104,109,140,146,-7.082288569326049,0.0,0.9999073465642991,True,1,large,0.5255652568220824
BraTS-GLI-02300-101,gmm_2d,prediction_component,126,124,35584.0,1.8473089604934167e-05,3.85950357092458e-08,1.7320508075688772,1,16.0312195418814,0.10804236090984295,0.5599074791157995,1.7142857142857142,0,,78,90,97,104,24,32,-7.413468552911943,0.0,0.9969257384139358,True,1,large,0.5255652568220824
BraTS-GLI-02300-101,gmm_2d,prediction_component,127,38,12544.0,2.7047649416909622e-05,8.273922157753891e-08,1.7320508075688772,1,9.273618495495704,0.18677184190940707,0.8304795924748166,1.2,0,,78,83,108,113,31,37,-7.082288569326049,0.0,0.9999073465642991,True,1,large,0.5255652568220824
BraTS-GLI-02300-101,gmm_2d,prediction_component,128,343,84992.0,1.3842898881829976e-05,2.1672372991611472e-08,2.23606797749979,1,24.289915602982237,0.09205746178983235,0.5149319411947916,1.1538461538461537,1,,78,91,118,132,60,75,-7.664093533500695,0.6931471805599453,0.9854391560320959,True,1,large,0.5255652568220824
BraTS-GLI-02300-101,gmm_2d,prediction_component,129,165,39680.0,2.0874998309745512e-05,4.928392312166416e-08,2.23606797749979,1,15.652475842498529,0.14285714285714285,0.6571833580465778,1.25,1,,79,87,79,89,130,139,-7.307294728557189,0.6931471805599453,0.9989892892766337,True,1,large,0.5255652568220824
BraTS-GLI-02300-101,gmm_2d,prediction_component,130,212,52992.0,1.7378824390198778e-05,3.415805732277919e-08,2.23606797749979,1,21.563858652847824,0.10369516947304254,0.6045087409442265,1.4,2,,79,93,97,110,118,128,-7.466506836987378,1.0986122886681098,0.9950241147330019,True,1,large,0.5255652568220824
BraTS-GLI-02300-101,gmm_2d,prediction_component,131,538,154624.0,8.848444266795658e-06,8.854952033458817e-09,2.23606797749979,1,36.565010597564445,0.061153215627639715,0.4431871026891306,1.263157894736842,3,,80,104,45,64,126,146,-8.052813787004744,1.3862943611198906,0.8564243770983947,True,1,large,0.5255652568220824
BraTS-GLI-02300-101,gmm_2d,prediction_component,132,25,9984.0,2.5060120224403912e-05,7.102621534903521e-08,1.7320508075688772,1,8.660254037844387,0.19999999999999996,0.9548683406603533,1.0,0,,80,85,54,59,58,63,-7.14858132620955,0.0,0.9999372968689848,True,1,large,0.5255652568220824
BraTS-GLI-02300-101,gmm_2d,prediction_component,133,90,26624.0,2.0717271261874347e-05,4.8541979052606254e-08,1.7320508075688772,1,13.74772708486752,0.1259881576697424,0.623030528071304,2.0,0,,81,91,52,60,70,75,-7.313882521491819,0.0,0.9987364803119394,True,1,large,0.5255652568220824
BraTS-GLI-02300-101,gmm_2d,prediction_component,134,328,60928.0,2.1809638151292295e-05,5.379591438942544e-08,3.0,1,20.322401432901575,0.14762034939153687,0.7012284210829836,1.3,1,,81,93,92,102,84,97,-7.269250706220305,0.6931471805599453,0.9992969514574599,True,1,large,0.5255652568220824
BraTS-GLI-02300-101,gmm_2d,prediction_component,135,25,9984.0,2.5060120224403912e-05,7.102621534903521e-08,1.7320508075688772,1,8.660254037844387,0.19999999999999996,0.9548683406603533,1.0,0,,81,86,106,111,88,93,-7.14858132620955,0.0,0.9999372968689848,True,1,large,0.5255652568220824
BraTS-GLI-02300-101,gmm_2d,prediction_component,136,135,45056.0,1.411577797560192e-05,2.2535230836945516e-08,1.7320508075688772,1,19.235384061671343,0.09004503377814964,0.5442672982574315,1.875,0,,83,98,50,58,35,44,-7.6471379889265645,0.0,0.9895395276443685,True,1,large,0.5255652568220824
BraTS-GLI-02300-101,gmm_2d,prediction_component,137,51,16384.0,2.4318695068359375e-05,6.688564319836902e-08,1.7320508075688772,1,10.488088481701515,0.1651445647689541,0.7528933105024771,1.4,0,,83,90,59,65,32,37,-7.1746670922299165,0.0,0.9997536552590456,True,1,large,0.5255652568220824
BraTS-GLI-02300-101,gmm_2d,prediction_component,138,25,9984.0,2.5060120224403912e-05,7.102621534903521e-08,1.7320508075688772,1,8.660254037844387,0.19999999999999996,0.9548683406603533,1.0,0,,83,88,84,89,144,149,-7.14858132620955,0.0,0.9999372968689848,True,1,large,0.5255652568220824
BraTS-GLI-02300-101,gmm_2d,prediction_component,139,25,9984.0,2.5060120224403912e-05,7.102621534903521e-08,1.7320508075688772,1,8.660254037844387,0.19999999999999996,0.9548683406603533,1.0,0,,83,88,91,96,107,112,-7.14858132620955,0.0,0.9999372968689848,True,1,large,0.5255652568220824
BraTS-GLI-02300-101,gmm_2d,prediction_component,140,25,9984.0,2.5060120224403912e-05,7.102621534903521e-08,1.7320508075688772,1,8.660254037844387,0.19999999999999996,0.9548683406603533,1.0,0,,84,89,56,61,61,66,-7.14858132620955,0.0,0.9999372968689848,True,1,large,0.5255652568220824
BraTS-GLI-02300-101,gmm_2d,prediction_component,141,25,9984.0,2.5060120224403912e-05,7.102621534903521e-08,1.7320508075688772,1,8.660254037844387,0.19999999999999996,0.9548683406603533,1.0,0,,84,89,109,114,126,131,-7.14858132620955,0.0,0.9999372968689848,True,1,large,0.5255652568220824
BraTS-GLI-02300-101,gmm_2d,prediction_component,142,98,34816.0,1.508543247354473e-05,2.573759151221987e-08,1.7320508075688772,1,17.291616465790582,0.10016708449412666,0.605593872006889,1.8571428571428572,0,,85,94,61,74,126,133,-7.589432096199791,0.0,0.9941619832862649,True,1,large,0.5255652568220824
BraTS-GLI-02300-101,gmm_2d,prediction_component,143,25,9984.0,2.5060120224403912e-05,7.102621534903521e-08,1.7320508075688772,1,8.660254037844387,0.19999999999999996,0.9548683406603533,1.0,0,,85,90,105,110,96,101,-7.14858132620955,0.0,0.9999372968689848,True,1,large,0.5255652568220824
BraTS-GLI-02300-101,gmm_2d,prediction_component,144,120,35584.0,1.787718348864597e-05,3.614519473290449e-08,1.7320508075688772,1,16.73320053068151,0.10350983390135313,0.5660608012607246,2.0,0,,85,95,107,119,25,31,-7.441949431141163,0.0,0.9963631279639933,True,1,large,0.5255652568220824
BraTS-GLI-02300-101,gmm_2d,prediction_component,145,245,72192.0,1.2630846983822336e-05,1.804335613917507e-08,2.23606797749979,1,25.41653005427767,0.08797691788472337,0.5760486685391215,1.0714285714285714,2,,86,101,81,95,130,145,-7.743682678703146,1.0986122886681098,0.9803663741935075,True,1,large,0.5255652568220824
BraTS-GLI-02300-101,gmm_2d,prediction_component,146,97,32000.0,1.6945202641990595e-05,3.247475677473599e-08,1.7320508075688772,1,15.033296378372908,0.11521430589638527,0.6076678398117905,1.125,0,,86,95,101,109,34,43,-7.488454092965807,0.0,0.9969526377486171,True,1,large,0.5255652568220824
BraTS-GLI-02300-101,gmm_2d,prediction_component,147,3040,720640.0,4.969309390326102e-06,2.7928296543416134e-09,3.0,1,63.51377803280167,0.04723384583500372,0.3338306924481871,1.6296296296296295,11,,86,113,104,148,72,109,-8.553955552818715,2.4849066497880004,0.2726801898076464,False,1,large,0.5255652568220824
BraTS-GLI-02300-101,gmm_2d,prediction_component,148,38,12544.0,2.7047649416909622e-05,8.273922157753891e-08,1.7320508075688772,1,9.273618495495704,0.18677184190940707,0.8304795924748166,1.2,0,,86,92,145,150,106,111,-7.082288569326049,0.0,0.9999073465642991,True,1,large,0.5255652568220824
BraTS-GLI-02300-101,gmm_2d,prediction_component,149,63,22528.0,1.8631876346107425e-05,3.926137994703396e-08,1.7320508075688772,1,13.379088160259652,0.1294595556006309,0.7016868116919668,1.2857142857142858,0,,87,96,76,83,82,89,-7.4060344400174705,0.0,0.9987025589345085,True,1,large,0.5255652568220824
BraTS-GLI-02300-101,gmm_2d,prediction_component,150,38,12544.0,2.7047649416909622e-05,8.273922157753891e-08,1.7320508075688772,1,9.273618495495704,0.18677184190940707,0.8304795924748166,1.2,0,,87,93,76,81,91,96,-7.082288569326049,0.0,0.9999073465642991,True,1,large,0.5255652568220824
BraTS-GLI-02300-101,gmm_2d,prediction_component,151,25,9984.0,2.5060120224403912e-05,7.102621534903521e-08,1.7320508075688772,1,8.660254037844387,0.19999999999999996,0.9548683406603533,1.0,0,,87,92,101,106,130,135,-7.14858132620955,0.0,0.9999372968689848,True,1,large,0.5255652568220824
BraTS-GLI-02300-101,gmm_2d,prediction_component,152,25,9984.0,2.5060120224403912e-05,7.102621534903521e-08,1.7320508075688772,1,8.660254037844387,0.19999999999999996,0.9548683406603533,1.0,0,,87,92,141,146,77,82,-7.14858132620955,0.0,0.9999372968689848,True,1,large,0.5255652568220824
BraTS-GLI-02300-101,gmm_2d,prediction_component,153,25,9984.0,2.5060120224403912e-05,7.102621534903521e-08,1.7320508075688772,1,8.660254037844387,0.19999999999999996,0.9548683406603533,1.0,0,,88,93,63,68,134,139,-7.14858132620955,0.0,0.9999372968689848,True,1,large,0.5255652568220824
BraTS-GLI-02300-101,gmm_2d,prediction_component,154,38,12544.0,2.7047649416909622e-05,8.273922157753891e-08,1.7320508075688772,1,9.273618495495704,0.18677184190940707,0.8304795924748166,1.2,0,,88,93,91,96,100,106,-7.082288569326049,0.0,0.9999073465642991,True,1,large,0.5255652568220824
BraTS-GLI-02300-101,gmm_2d,prediction_component,155,25,9984.0,2.5060120224403912e-05,7.102621534903521e-08,1.7320508075688772,1,8.660254037844387,0.19999999999999996,0.9548683406603533,1.0,0,,88,93,92,97,50,55,-7.14858132620955,0.0,0.9999372968689848,True,1,large,0.5255652568220824
BraTS-GLI-02300-101,gmm_2d,prediction_component,156,38,12544.0,2.7047649416909622e-05,8.273922157753891e-08,1.7320508075688772,1,9.273618495495704,0.18677184190940707,0.8304795924748166,1.2,0,,89,95,71,76,136,141,-7.082288569326049,0.0,0.9999073465642991,True,1,large,0.5255652568220824
BraTS-GLI-02300-101,gmm_2d,prediction_component,157,25,9984.0,2.5060120224403912e-05,7.102621534903521e-08,1.7320508075688772,1,8.660254037844387,0.19999999999999996,0.9548683406603533,1.0,0,,89,94,87,92,33,38,-7.14858132620955,0.0,0.9999372968689848,True,1,large,0.5255652568220824
BraTS-GLI-02300-101,gmm_2d,prediction_component,158,63,22528.0,1.8631876346107425e-05,3.926137994703396e-08,1.7320508075688772,1,13.114877048604,0.13206763594884358,0.7016868116919668,1.6666666666666667,0,,89,95,109,119,37,43,-7.4060344400174705,0.0,0.9987638476305423,True,1,large,0.5255652568220824
BraTS-GLI-02300-101,gmm_2d,prediction_component,159,46,16896.0,2.0945077921731866e-05,4.961538140913494e-08,1.7320508075688772,1,11.0,0.15745916432444337,0.7792393700163133,1.1666666666666667,0,,90,96,54,61,56,62,-7.3043836657365855,0.0,0.9995805115715526,True,1,large,0.5255652568220824
BraTS-GLI-02300-101,gmm_2d,prediction_component,160,50,15360.0,2.6265349298824172e-05,7.802229756091518e-08,1.7320508075688772,1,10.392304845413264,0.16666666666666666,0.757879504227687,1.0,0,,90,96,73,79,31,37,-7.1077812649530205,0.0,0.9998150660465362,True,1,large,0.5255652568220824
BraTS-GLI-02300-101,gmm_2d,prediction_component,161,38,12544.0,2.7047649416909622e-05,8.273922157753891e-08,1.7320508075688772,1,9.273618495495704,0.18677184190940707,0.8304795924748166,1.2,0,,90,96,90,95,108,113,-7.082288569326049,0.0,0.9999073465642991,True,1,large,0.5255652568220824
BraTS-GLI-02300-101,gmm_2d,prediction_component,162,188,40704.0,2.289297398827681e-05,5.927298556511453e-08,2.8284271247461903,1,15.652475842498529,0.18070158058105026,0.7958940295790706,1.25,1,,90,99,91,99,25,35,-7.227143196908123,0.6931471805599453,0.9997565744908098,True,1,large,0.5255652568220824
BraTS-GLI-02300-101,gmm_2d,prediction_component,163,25,9984.0,2.5060120224403912e-05,7.102621534903521e-08,1.7320508075688772,1,8.660254037844387,0.19999999999999996,0.9548683406603533,1.0,0,,90,95,134,139,69,74,-7.14858132620955,0.0,0.9999372968689848,True,1,large,0.5255652568220824
BraTS-GLI-02300-101,gmm_2d,prediction_component,164,144,37888.0,1.952585100491205e-05,4.311936092632687e-08,1.7320508075688772,1,17.291616465790582,0.10016708449412666,0.5326836085236053,1.8571428571428572,0,,91,98,51,64,47,56,-7.3653276844685,0.0,0.9967500077323297,True,1,large,0.5255652568220824
BraTS-GLI-02300-101,gmm_2d,prediction_component,165,25,9984.0,2.5060120224403912e-05,7.102621534903521e-08,1.7320508075688772,1,8.660254037844387,0.19999999999999996,0.9548683406603533,1.0,0,,91,96,58,63,33,38,-7.14858132620955,0.0,0.9999372968689848,True,1,large,0.5255652568220824
BraTS-GLI-02300-101,gmm_2d,prediction_component,166,25,9984.0,2.5060120224403912e-05,7.102621534903521e-08,1.7320508075688772,1,8.660254037844387,0.19999999999999996,0.9548683406603533,1.0,0,,91,96,80,85,90,95,-7.14858132620955,0.0,0.9999372968689848,True,1,large,0.5255652568220824
BraTS-GLI-02300-101,gmm_2d,prediction_component,167,25,9984.0,2.5060120224403912e-05,7.102621534903521e-08,1.7320508075688772,1,8.660254037844387,0.19999999999999996,0.9548683406603533,1.0,0,,91,96,104,109,137,142,-7.14858132620955,0.0,0.9999372968689848,True,1,large,0.5255652568220824
BraTS-GLI-02300-101,gmm_2d,prediction_component,168,38,12544.0,2.7047649416909622e-05,8.273922157753891e-08,1.7320508075688772,1,9.273618495495704,0.18677184190940707,0.8304795924748166,1.2,0,,91,97,110,115,120,125,-7.082288569326049,0.0,0.9999073465642991,True,1,large,0.5255652568220824
BraTS-GLI-02300-101,gmm_2d,prediction_component,169,25,9984.0,2.5060120224403912e-05,7.102621534903521e-08,1.7320508075688772,1,8.660254037844387,0.19999999999999996,0.9548683406603533,1.0,0,,91,96,112,117,63,68,-7.14858132620955,0.0,0.9999372968689848,True,1,large,0.5255652568220824
BraTS-GLI-02300-101,gmm_2d,prediction_component,170,25,9984.0,2.5060120224403912e-05,7.102621534903521e-08,1.7320508075688772,1,8.660254037844387,0.19999999999999996,0.9548683406603533,1.0,0,,91,96,125,130,66,71,-7.14858132620955,0.0,0.9999372968689848,True,1,large,0.5255652568220824
BraTS-GLI-02300-101,gmm_2d,prediction_component,171,63,19712.0,2.2763787023631513e-05,5.8605908259129414e-08,1.7320508075688772,1,12.206555615733702,0.14189513095212064,0.7016868116919668,1.3333333333333333,0,,91,97,148,155,106,114,-7.23205859908441,0.0,0.9994523371396987,True,1,large,0.5255652568220824
BraTS-GLI-02300-101,gmm_2d,prediction_component,172,287,77312.0,1.3350930475306318e-05,2.0159299734497018e-08,2.23606797749979,1,23.727621035409346,0.09423902944854216,0.5464543737616049,1.1538461538461537,2,,92,105,93,106,96,111,-7.695524557877595,1.0986122886681098,0.9838613775150633,True,1,large,0.5255652568220824
BraTS-GLI-02300-101,gmm_2d,prediction_component,173,73,22528.0,2.1589317035965747e-05,5.271451089386344e-08,1.7320508075688772,1,11.916375287812984,0.14535047493345277,0.6680606274231857,1.8,0,,92,97,100,106,25,34,-7.278069818683722,0.0,0.9993262930445328,True,1,large,0.5255652568220824
BraTS-GLI-02300-101,gmm_2d,prediction_component,174,118,36096.0,1.720653373743788e-05,3.348414039241965e-08,1.7320508075688772,1,16.792855623746664,0.10314212462587934,0.5692409848501322,1.8571428571428572,0,,92,99,104,112,122,135,-7.475160845828016,0.0,0.9959108796975219,True,1,large,0.5255652568220824
BraTS-GLI-02300-101,gmm_2d,prediction_component,175,38,13824.0,2.3379381024587062e-05,6.181848980958109e-08,1.7320508075688772,1,9.848857801796104,0.17586311452816475,0.8304795924748166,1.2,0,,93,99,84,89,39,45,-7.2088816087094125,0.0,0.9998202678928552,True,1,large,0.5255652568220824
BraTS-GLI-02300-101,gmm_2d,prediction_component,176,25,9984.0,2.5060120224403912e-05,7.102621534903521e-08,1.7320508075688772,1,8.660254037844387,0.19999999999999996,0.9548683406603533,1.0,0,,93,98,102,107,92,97,-7.14858132620955,0.0,0.9999372968689848,True,1,large,0.5255652568220824
BraTS-GLI-02300-101,gmm_2d,prediction_component,177,50,17152.0,2.2258600373918718e-05,5.6033542268023926e-08,1.7320508075688772,1,11.575836902790225,0.14962640041614492,0.757879504227687,1.1666666666666667,0,,93,99,117,124,38,45,-7.25155192190457,0.0,0.9995721488107336,True,1,large,0.5255652568220824
BraTS-GLI-02300-101,gmm_2d,prediction_component,178,241,75008.0,1.1731557243786798e-05,1.556552243008901e-08,2.23606797749979,1,24.351591323771842,0.09182430617242483,0.5792181885544189,1.8,1,,94,104,62,80,36,49,-7.807836298386719,0.6931471805599453,0.9799126647410636,True,1,large,0.5255652568220824
BraTS-GLI-02300-101,gmm_2d,prediction_component,179,25,9984.0,2.5060120224403912e-05,7.102621534903521e-08,1.7320508075688772,1,8.660254037844387,0.19999999999999996,0.9548683406603533,1.0,0,,94,99,92,97,52,57,-7.14858132620955,0.0,0.9999372968689848,True,1,large,0.5255652568220824
BraTS-GLI-02300-101,gmm_2d,prediction_component,180,25,9984.0,2.5060120224403912e-05,7.102621534903521e-08,1.7320508075688772,1,8.660254037844387,0.19999999999999996,0.9548683406603533,1.0,0,,94,99,93,98,95,100,-7.14858132620955,0.0,0.9999372968689848,True,1,large,0.5255652568220824
BraTS-GLI-02300-101,gmm_2d,prediction_component,181,25,9984.0,2.5060120224403912e-05,7.102621534903521e-08,1.7320508075688772,1,8.660254037844387,0.19999999999999996,0.9548683406603533,1.0,0,,94,99,149,154,59,64,-7.14858132620955,0.0,0.9999372968689848,True,1,large,0.5255652568220824
BraTS-GLI-02300-101,gmm_2d,prediction_component,182,132,40448.0,1.622663072203761e-05,2.977892932846077e-08,1.7320508075688772,1,18.0,0.09622504486493762,0.5483596872448435,2.0,0,,96,108,96,102,137,149,-7.526090920925696,0.0,0.9940417992019985,True,1,large,0.5255652568220824
BraTS-GLI-02300-101,gmm_2d,prediction_component,183,25,9984.0,2.5060120224403912e-05,7.102621534903521e-08,1.7320508075688772,1,8.660254037844387,0.19999999999999996,0.9548683406603533,1.0,0,,96,101,150,155,53,58,-7.14858132620955,0.0,0.9999372968689848,True,1,large,0.5255652568220824
BraTS-GLI-02300-101,gmm_2d,prediction_component,184,25,9984.0,2.5060120224403912e-05,7.102621534903521e-08,1.7320508075688772,1,8.660254037844387,0.19999999999999996,0.9548683406603533,1.0,0,,97,102,48,53,64,69,-7.14858132620955,0.0,0.9999372968689848,True,1,large,0.5255652568220824
BraTS-GLI-02300-101,gmm_2d,prediction_component,185,160,44800.0,1.6873413973626215e-05,3.220017980401346e-08,2.23606797749979,1,19.209372712298546,0.1164050492949297,0.6639589218561781,1.3333333333333333,1,,97,109,91,103,84,93,-7.4921417032211615,0.6931471805599453,0.9968398154002508,True,1,large,0.5255652568220824
BraTS-GLI-02300-101,gmm_2d,prediction_component,186,25,9984.0,2.5060120224403912e-05,7.102621534903521e-08,1.7320508075688772,1,8.660254037844387,0.19999999999999996,0.9548683406603533,1.0,0,,97,102,112,117,45,50,-7.14858132620955,0.0,0.9999372968689848,True,1,large,0.5255652568220824
BraTS-GLI-02300-101,gmm_2d,prediction_component,187,1207,271872.0,8.514527392511275e-06,8.199237520177905e-09,3.0,1,44.87761134463375,0.06684847767323797,0.4542012946444435,1.7222222222222223,4,,98,125,43,74,42,60,-8.08622653251578,1.6094379124341003,0.8498857834006014,True,1,large,0.5255652568220824
BraTS-GLI-02300-101,gmm_2d,prediction_component,188,25,9984.0,2.5060120224403912e-05,7.102621534903521e-08,1.7320508075688772,1,8.660254037844387,0.19999999999999996,0.9548683406603533,1.0,0,,98,103,93,98,31,36,-7.14858132620955,0.0,0.9999372968689848,True,1,large,0.5255652568220824
BraTS-GLI-02300-101,gmm_2d,prediction_component,189,25,9984.0,2.5060120224403912e-05,7.102621534903521e-08,1.7320508075688772,1,8.660254037844387,0.19999999999999996,0.9548683406603533,1.0,0,,99,104,48,53,42,47,-7.14858132620955,0.0,0.9999372968689848,True,1,large,0.5255652568220824
BraTS-GLI-02300-101,gmm_2d,prediction_component,190,25,9984.0,2.5060120224403912e-05,7.102621534903521e-08,1.7320508075688772,1,8.660254037844387,0.19999999999999996,0.9548683406603533,1.0,0,,99,104,80,85,27,32,-7.14858132620955,0.0,0.9999372968689848,True,1,large,0.5255652568220824
BraTS-GLI-02300-101,gmm_2d,prediction_component,191,25,9984.0,2.5060120224403912e-05,7.102621534903521e-08,1.7320508075688772,1,8.660254037844387,0.19999999999999996,0.9548683406603533,1.0,0,,99,104,82,87,33,38,-7.14858132620955,0.0,0.9999372968689848,True,1,large,0.5255652568220824
BraTS-GLI-02300-101,gmm_2d,prediction_component,192,25,9984.0,2.5060120224403912e-05,7.102621534903521e-08,1.7320508075688772,1,8.660254037844387,0.19999999999999996,0.9548683406603533,1.0,0,,100,105,40,45,72,77,-7.14858132620955,0.0,0.9999372968689848,True,1,large,0.5255652568220824
BraTS-GLI-02300-101,gmm_2d,prediction_component,193,194,47872.0,1.852163716272865e-05,3.879815893506058e-08,2.23606797749979,1,17.916472867168917,0.12480514407482947,0.6226547353405661,1.1,1,,100,110,139,149,115,126,-7.411188882223173,0.6931471805599453,0.9977082265244994,True,1,large,0.5255652568220824
BraTS-GLI-02300-101,gmm_2d,prediction_component,194,47,17664.0,2.0020009252686086e-05,4.5329499219084184e-08,1.7320508075688772,1,11.090536506409418,0.15617376188860604,0.7736731845058752,1.4,0,,101,106,45,52,101,108,-7.343619078814458,0.0,0.9994959543285818,True,1,large,0.5255652568220824
BraTS-GLI-02300-101,gmm_2d,prediction_component,195,60,21504.0,1.9027090038713064e-05,4.0944645950334494e-08,1.7320508075688772,1,12.36931687685298,0.14002800840280097,0.7131919190287451,1.6,0,,101,106,142,150,96,104,-7.387802879892486,0.0,0.999036833200227,True,1,large,0.5255652568220824
BraTS-GLI-02300-101,gmm_2d,prediction_component,196,38,12544.0,2.7047649416909622e-05,8.273922157753891e-08,1.7320508075688772,1,9.273618495495704,0.18677184190940707,0.8304795924748166,1.2,0,,102,107,70,75,79,85,-7.082288569326049,0.0,0.9999073465642991,True,1,large,0.5255652568220824
BraTS-GLI-02300-101,gmm_2d,prediction_component,197,274,80896.0,1.1908580339793167e-05,1.6038817853704093e-08,2.23606797749979,1,31.559467676119,0.07085252515814197,0.5549634112163276,3.25,1,,102,110,71,87,41,67,-7.794827644688563,0.6931471805599453,0.9698175100901251,True,1,large,0.5255652568220824
BraTS-GLI-02300-101,gmm_2d,prediction_component,198,25,9984.0,2.5060120224403912e-05,7.102621534903521e-08,1.7320508075688772,1,8.660254037844387,0.19999999999999996,0.9548683406603533,1.0,0,,103,108,93,98,38,43,-7.14858132620955,0.0,0.9999372968689848,True,1,large,0.5255652568220824
BraTS-GLI-02300-101,gmm_2d,prediction_component,199,164,57856.0,1.1784773538936026e-05,1.5707058316804627e-08,1.7320508075688772,1,21.79449471770337,0.07947194142390263,0.5100846029725161,1.6666666666666667,0,,104,117,45,60,60,69,-7.803905143820934,0.0,0.9753388400822374,True,1,large,0.5255652568220824
BraTS-GLI-02300-101,gmm_2d,prediction_component,200,570,169216.0,8.188657723396353e-06,7.58364177793709e-09,2.23606797749979,1,37.8549864614954,0.059069311245804564,0.4347333122048838,1.3888888888888888,2,,104,129,47,69,92,110,-8.120122189586066,1.0986122886681098,0.8274373476106471,True,1,large,0.5255652568220824
BraTS-GLI-02300-101,gmm_2d,prediction_component,201,25,9984.0,2.5060120224403912e-05,7.102621534903521e-08,1.7320508075688772,1,8.660254037844387,0.19999999999999996,0.9548683406603533,1.0,0,,104,109,67,72,30,35,-7.14858132620955,0.0,0.9999372968689848,True,1,large,0.5255652568220824
BraTS-GLI-02300-101,gmm_2d,prediction_component,202,25,9984.0,2.5060120224403912e-05,7.102621534903521e-08,1.7320508075688772,1,8.660254037844387,0.19999999999999996,0.9548683406603533,1.0,0,,104,109,74,79,27,32,-7.14858132620955,0.0,0.9999372968689848,True,1,large,0.5255652568220824
BraTS-GLI-02300-101,gmm_2d,prediction_component,203,86,26112.0,2.0381598665363146e-05,4.698171485939578e-08,1.7320508075688772,1,13.45362404707371,0.12874232262686236,0.6325439118228858,1.5,0,,104,113,74,82,73,79,-7.328071135272745,0.0,0.9987726735706304,True,1,large,0.5255652568220824
BraTS-GLI-02300-101,gmm_2d,prediction_component,204,116,29952.0,2.2377895870241895e-05,5.663577799920698e-08,2.23606797749979,1,14.491376746189438,0.1543033499620919,0.7390863966003943,2.2,1,,104,112,137,142,129,140,-7.246909129258776,0.6931471805599453,0.999490766127003,True,1,large,0.5255652568220824
BraTS-GLI-02300-101,gmm_2d,prediction_component,205,166,39936.0,2.0799899786255244e-05,4.892995975395036e-08,2.23606797749979,1,17.378147196982766,0.1286712531637447,0.6558610539549251,1.2222222222222223,2,,105,116,71,81,32,41,-7.310425141457402,1.0986122886681098,0.9984815660227809,True,1,large,0.5255652568220824
BraTS-GLI-02300-101,gmm_2d,prediction_component,206,25,9984.0,2.5060120224403912e-05,7.102621534903521e-08,1.7320508075688772,1,8.660254037844387,0.19999999999999996,0.9548683406603533,1.0,0,,105,110,108,113,75,80,-7.14858132620955,0.0,0.9999372968689848,True,1,large,0.5255652568220824
BraTS-GLI-02300-101,gmm_2d,prediction_component,207,103,31232.0,1.8661112485550496e-05,3.938469031371124e-08,1.7320508075688772,1,15.165750888103101,0.11420804814403214,0.5956316346630701,1.4285714285714286,0,,105,112,115,124,123,133,-7.404672565088028,0.0,0.9976214297504171,True,1,large,0.5255652568220824
BraTS-GLI-02300-101,gmm_2d,prediction_component,208,72,19968.0,2.551706056515766e-05,7.36399800738797e-08,2.0,1,11.090536506409418,0.18033392693348646,0.7749649010064177,1.4,1,,105,112,127,134,32,37,-7.132886337683032,0.6931471805599453,0.9998143131556915,True,1,large,0.5255652568220824
BraTS-GLI-02300-101,gmm_2d,prediction_component,209,25,9984.0,2.5060120224403912e-05,7.102621534903521e-08,1.7320508075688772,1,8.660254037844387,0.19999999999999996,0.9548683406603533,1.0,0,,106,111,88,93,37,42,-7.14858132620955,0.0,0.9999372968689848,True,1,large,0.5255652568220824
BraTS-GLI-02300-101,gmm_2d,prediction_component,210,128,35328.0,1.927664245377601e-05,4.2025719511400815e-08,1.7320508075688772,1,16.186414056238647,0.10700645625096324,0.5540132784474323,1.1111111111111112,0,,107,117,64,73,74,83,-7.376484842382101,0.0,0.9972088034408255,True,1,large,0.5255652568220824
BraTS-GLI-02300-101,gmm_2d,prediction_component,211,62,21504.0,1.966132637333683e-05,4.371978306474606e-08,1.7320508075688772,1,11.916375287812984,0.14535047493345277,0.7054392189315698,1.8,0,,107,112,114,120,75,84,-7.359322001663265,0.0,0.999194032330139,True,1,large,0.5255652568220824
BraTS-GLI-02300-101,gmm_2d,prediction_component,212,110,35072.0,1.6747573268712168e-05,3.172167756122289e-08,1.7320508075688772,1,14.730919862656235,0.11757927025044307,0.5827191206450295,1.6666666666666667,0,,107,116,114,124,117,123,-7.498643853626898,0.0,0.9967309602896173,True,1,large,0.5255652568220824
BraTS-GLI-02300-101,gmm_2d,prediction_component,213,25,9984.0,2.5060120224403912e-05,7.102621534903521e-08,1.7320508075688772,1,8.660254037844387,0.19999999999999996,0.9548683406603533,1.0,0,,107,112,119,124,103,108,-7.14858132620955,0.0,0.9999372968689848,True,1,large,0.5255652568220824
BraTS-GLI-02300-101,gmm_2d,prediction_component,214,3384,636672.0,6.661265265185006e-06,5.018406423831377e-09,4.123105625617661,1,66.53570470055908,0.061968316773280005,0.4427010435029047,1.1714285714285715,4,,108,149,133,172,90,125,-8.299434169549963,1.6094379124341003,0.6969057532896326,True,1,large,0.5255652568220824
BraTS-GLI-02300-101,gmm_2d,prediction_component,215,44,13824.0,2.7070862238995545e-05,8.288129935688987e-08,1.7320508075688772,1,10.392304845413264,0.16666666666666666,0.7908715233027805,1.0,0,,108,114,156,162,48,54,-7.081543448970658,0.0,0.9998482248433442,True,1,large,0.5255652568220824
BraTS-GLI-02300-101,gmm_2d,prediction_component,216,59,17408.0,2.568790548372811e-05,7.462936780844428e-08,1.7320508075688772,1,11.0,0.15745916432444337,0.71719869927557,1.1666666666666667,0,,110,116,87,93,76,83,-7.127090237308548,0.0,0.9997329971236036,True,1,large,0.5255652568220824
BraTS-GLI-02300-101,gmm_2d,prediction_component,217,89,30208.0,1.695145760083231e-05,3.249873592229049e-08,1.7320508075688772,1,14.594519519326424,0.11867816581938533,0.6253552903860047,1.4285714285714286,0,,110,117,148,156,118,128,-7.488133531102678,0.0,0.9972972472084166,True,1,large,0.5255652568220824
BraTS-GLI-02300-101,gmm_2d,prediction_component,218,25,9984.0,2.5060120224403912e-05,7.102621534903521e-08,1.7320508075688772,1,8.660254037844387,0.19999999999999996,0.9548683406603533,1.0,0,,111,116,41,46,71,76,-7.14858132620955,0.0,0.9999372968689848,True,1,large,0.5255652568220824
BraTS-GLI-02300-101,gmm_2d,prediction_component,219,143,34560.0,2.225745155396656e-05,5.6027758365257554e-08,2.23606797749979,1,15.297058540778355,0.14617633655117154,0.6892908700439305,1.5714285714285714,2,,111,118,70,78,42,53,-7.251596753029022,1.0986122886681098,0.999200862686711,True,1,large,0.5255652568220824
BraTS-GLI-02300-101,gmm_2d,prediction_component,220,1056,267520.0,7.631844879396537e-06,6.587360671114895e-09,2.23606797749979,1,44.56455991031439,0.05017592414240931,0.35396465607179783,1.5263157894736843,6,,111,140,67,86,49,77,-8.181288557419759,1.9459101490553132,0.6595088392630252,True,1,large,0.5255652568220824
BraTS-GLI-02300-101,gmm_2d,prediction_component,221,38,12544.0,2.7047649416909622e-05,8.273922157753891e-08,1.7320508075688772,1,9.273618495495704,0.18677184190940707,0.8304795924748166,1.2,0,,111,116,103,109,88,93,-7.082288569326049,0.0,0.9999073465642991,True,1,large,0.5255652568220824
BraTS-GLI-02300-101,gmm_2d,prediction_component,222,25,9984.0,2.5060120224403912e-05,7.102621534903521e-08,1.7320508075688772,1,8.660254037844387,0.19999999999999996,0.9548683406603533,1.0,0,,111,116,178,183,98,103,-7.14858132620955,0.0,0.9999372968689848,True,1,large,0.5255652568220824
BraTS-GLI-02300-101,gmm_2d,prediction_component,223,145,44032.0,1.5693339998628607e-05,2.7853715879037397e-08,2.23606797749979,1,20.663978319771825,0.10821091383745125,0.6861070331070992,1.6666666666666667,1,,112,127,151,160,45,56,-7.555116858726825,0.6931471805599453,0.9956859330098597,True,1,large,0.5255652568220824
BraTS-GLI-02300-101,gmm_2d,prediction_component,224,65,18944.0,2.4929055764187387e-05,7.028522373214932e-08,1.7320508075688772,1,11.0,0.15745916432444337,0.6944149224264771,1.1666666666666667,0,,113,119,76,82,35,42,-7.153135968381345,0.0,0.9996850239664502,True,1,large,0.5255652568220824
BraTS-GLI-02300-101,gmm_2d,prediction_component,225,170,47360.0,1.6494204729194906e-05,3.076912421656412e-08,2.23606797749979,1,17.378147196982766,0.1286712531637447,0.6506761647198314,1.2222222222222223,1,,113,123,127,136,41,52,-7.511884864926621,0.6931471805599453,0.9971820095185204,True,1,large,0.5255652568220824
BraTS-GLI-02300-101,gmm_2d,prediction_component,226,43,16128.0,2.0994120395426138e-05,4.9848000238464846e-08,1.7320508075688772,1,9.9498743710662,0.17407765595569782,0.7969553894885005,1.4,0,,113,118,129,134,54,61,-7.3023522596757,0.0,0.9997105076825485,True,1,large,0.5255652568220824
BraTS-GLI-02300-101,gmm_2d,prediction_component,227,189,57600.0,1.3671875e-05,2.1140172733048992e-08,1.7320508075688772,1,21.563858652847824,0.08032193289024989,0.48652246194977594,1.4,0,,113,127,136,146,121,134,-7.674891468461727,0.0,0.9835221706895895,True,1,large,0.5255652568220824
BraTS-GLI-02300-101,gmm_2d,prediction_component,228,38,13824.0,2.3379381024587062e-05,6.181848980958109e-08,1.7320508075688772,1,9.848857801796104,0.17586311452816475,0.8304795924748166,1.2,0,,114,119,67,73,61,67,-7.2088816087094125,0.0,0.9998202678928552,True,1,large,0.5255652568220824
BraTS-GLI-02300-101,gmm_2d,prediction_component,229,92,24064.0,2.4645412923820074e-05,6.869491198289714e-08,2.23606797749979,1,13.30413469565007,0.1680731613632036,0.7984577295628058,1.1428571428571428,1,,114,122,136,144,50,57,-7.163075428582113,0.6931471805599453,0.9997580695010183,True,1,large,0.5255652568220824
BraTS-GLI-02300-101,gmm_2d,prediction_component,230,38,13824.0,2.3379381024587062e-05,6.181848980958109e-08,1.7320508075688772,1,9.848857801796104,0.17586311452816475,0.8304795924748166,1.2,0,,115,120,126,132,89,95,-7.2088816087094125,0.0,0.9998202678928552,True,1,large,0.5255652568220824
BraTS-GLI-02300-101,gmm_2d,prediction_component,231,167,44032.0,1.8074398481179155e-05,3.6947076439974977e-08,2.23606797749979,1,18.384776310850235,0.12162606385262999,0.6545493283455707,2.142857142857143,1,,115,123,176,183,100,115,-7.432419920901608,0.6931471805599453,0.9976212674996585,True,1,large,0.5255652568220824
BraTS-GLI-02300-101,gmm_2d,prediction_component,232,81,26880.0,1.8379814431926892e-05,3.820626802917613e-08,1.7320508075688772,1,12.727922061357855,0.13608276348795434,0.6453002363415847,1.1428571428571428,0,,116,124,47,54,78,85,-7.417865381926642,0.0,0.9985737761071362,True,1,large,0.5255652568220824
BraTS-GLI-02300-101,gmm_2d,prediction_component,233,72,21248.0,2.3246384128087656e-05,6.111716395094635e-08,1.7320508075688772,1,12.206555615733702,0.14189513095212064,0.6711392913128504,1.3333333333333333,0,,116,123,48,54,107,115,-7.213836806739812,0.0,0.9994365190242587,True,1,large,0.5255652568220824
BraTS-GLI-02300-101,gmm_2d,prediction_component,234,110,36864.0,1.5541359230324075e-05,2.7316834504834306e-08,1.7320508075688772,1,16.0312195418814,0.10804236090984295,0.5827191206450295,1.7142857142857142,0,,116,128,109,117,124,131,-7.563569628443426,0.0,0.9950670659676935,True,1,large,0.5255652568220824
BraTS-GLI-02300-101,gmm_2d,prediction_component,235,194,47360.0,1.8822798338022423e-05,4.007013006970958e-08,2.449489742783178,1,18.24828759089466,0.13423121104280486,0.6820840881668744,1.625,1,,116,126,176,184,62,75,-7.3971792478227165,0.6931471805599453,0.998478303627416,True,1,large,0.5255652568220824
BraTS-GLI-02300-101,gmm_2d,prediction_component,236,63,22528.0,1.8631876346107425e-05,3.926137994703396e-08,1.7320508075688772,1,12.884098726725126,0.13443321448446624,0.7016868116919668,1.5,0,,117,123,85,94,32,39,-7.4060344400174705,0.0,0.9988169330151094,True,1,large,0.5255652568220824
BraTS-GLI-02300-101,gmm_2d,prediction_component,237,38,12544.0,2.7047649416909622e-05,8.273922157753891e-08,1.7320508075688772,1,9.273618495495704,0.18677184190940707,0.8304795924748166,1.2,0,,117,122,108,113,117,123,-7.082288569326049,0.0,0.9999073465642991,True,1,large,0.5255652568220824
BraTS-GLI-02300-101,gmm_2d,prediction_component,238,38,12544.0,2.7047649416909622e-05,8.273922157753891e-08,1.7320508075688772,1,9.273618495495704,0.18677184190940707,0.8304795924748166,1.2,0,,118,123,52,58,55,60,-7.082288569326049,0.0,0.9999073465642991,True,1,large,0.5255652568220824
BraTS-GLI-02300-101,gmm_2d,prediction_component,239,59,17408.0,2.568790548372811e-05,7.462936780844428e-08,1.7320508075688772,1,11.0,0.15745916432444337,0.71719869927557,1.1666666666666667,0,,118,124,156,163,77,83,-7.127090237308548,0.0,0.9997329971236036,True,1,large,0.5255652568220824
BraTS-GLI-02300-101,gmm_2d,prediction_component,240,44,13824.0,2.7070862238995545e-05,8.288129935688987e-08,1.7320508075688772,1,10.392304845413264,0.16666666666666666,0.7908715233027805,1.0,0,,119,125,70,76,102,108,-7.081543448970658,0.0,0.9998482248433442,True,1,large,0.5255652568220824
BraTS-GLI-02300-101,gmm_2d,prediction_component,241,67,21248.0,2.1632051896970457e-05,5.292340836724502e-08,1.7320508075688772,1,12.206555615733702,0.14189513095212064,0.6874354055889139,1.3333333333333333,0,,119,127,74,81,36,42,-7.276352194200697,0.0,0.9993277172334634,True,1,large,0.5255652568220824
BraTS-GLI-02300-101,gmm_2d,prediction_component,242,25,9984.0,2.5060120224403912e-05,7.102621534903521e-08,1.7320508075688772,1,8.660254037844387,0.19999999999999996,0.9548683406603533,1.0,0,,119,124,135,140,77,82,-7.14858132620955,0.0,0.9999372968689848,True,1,large,0.5255652568220824
BraTS-GLI-02300-101,gmm_2d,prediction_component,243,25,9984.0,2.5060120224403912e-05,7.102621534903521e-08,1.7320508075688772,1,8.660254037844387,0.19999999999999996,0.9548683406603533,1.0,0,,119,124,167,172,49,54,-7.14858132620955,0.0,0.9999372968689848,True,1,large,0.5255652568220824
BraTS-GLI-02300-101,gmm_2d,prediction_component,244,25,9984.0,2.5060120224403912e-05,7.102621534903521e-08,1.7320508075688772,1,8.660254037844387,0.19999999999999996,0.9548683406603533,1.0,0,,119,124,180,185,94,99,-7.14858132620955,0.0,0.9999372968689848,True,1,large,0.5255652568220824
BraTS-GLI-02300-101,gmm_2d,prediction_component,245,903,201984.0,9.947462200309503e-06,1.1191208023304276e-08,2.8284271247461903,1,37.21558813185679,0.07600114002565064,0.4717138341386552,1.6875,4,,120,136,50,70,57,84,-7.951123031475377,1.6094379124341003,0.9204876546331592,True,1,large,0.5255652568220824
BraTS-GLI-02300-101,gmm_2d,prediction_component,246,38,12544.0,2.7047649416909622e-05,8.273922157753891e-08,1.7320508075688772,1,9.273618495495704,0.18677184190940707,0.8304795924748166,1.2,0,,120,125,80,86,34,39,-7.082288569326049,0.0,0.9999073465642991,True,1,large,0.5255652568220824
BraTS-GLI-02300-101,gmm_2d,prediction_component,247,25,9984.0,2.5060120224403912e-05,7.102621534903521e-08,1.7320508075688772,1,8.660254037844387,0.19999999999999996,0.9548683406603533,1.0,0,,120,125,114,119,91,96,-7.14858132620955,0.0,0.9999372968689848,True,1,large,0.5255652568220824
BraTS-GLI-02300-101,gmm_2d,prediction_component,248,25,9984.0,2.5060120224403912e-05,7.102621534903521e-08,1.7320508075688772,1,8.660254037844387,0.19999999999999996,0.9548683406603533,1.0,0,,121,126,82,87,138,143,-7.14858132620955,0.0,0.9999372968689848,True,1,large,0.5255652568220824
BraTS-GLI-02300-101,gmm_2d,prediction_component,249,330,91904.0,1.1844379638662058e-05,1.586634931588332e-08,2.23606797749979,1,25.768197453450252,0.08677626681257791,0.5216067769495657,1.5,2,,121,135,85,97,51,69,-7.79952298845331,1.0986122886681098,0.9711584098751026,True,1,large,0.5255652568220824
BraTS-GLI-02300-101,gmm_2d,prediction_component,250,195,62464.0,1.2490790488778894e-05,1.764542898928822e-08,1.7320508075688772,1,22.11334438749598,0.07832604499879572,0.4814804155417192,2.0,0,,121,137,89,97,37,50,-7.75336777876528,0.0,0.9770503551007155,True,1,large,0.5255652568220824
BraTS-GLI-02300-101,gmm_2d,prediction_component,251,25,9984.0,2.5060120224403912e-05,7.102621534903521e-08,1.7320508075688772,1,8.660254037844387,0.19999999999999996,0.9548683406603533,1.0,0,,122,127,91,96,106,111,-7.14858132620955,0.0,0.9999372968689848,True,1,large,0.5255652568220824
BraTS-GLI-02300-101,gmm_2d,prediction_component,252,38,12544.0,2.7047649416909622e-05,8.273922157753891e-08,1.7320508075688772,1,9.273618495495704,0.18677184190940707,0.8304795924748166,1.2,0,,123,128,66,72,52,57,-7.082288569326049,0.0,0.9999073465642991,True,1,large,0.5255652568220824
BraTS-GLI-02300-101,gmm_2d,prediction_component,253,44,13824.0,2.7070862238995545e-05,8.288129935688987e-08,1.7320508075688772,1,10.392304845413264,0.16666666666666666,0.7908715233027805,1.0,0,,123,129,120,126,47,53,-7.081543448970658,0.0,0.9998482248433442,True,1,large,0.5255652568220824
BraTS-GLI-02300-101,gmm_2d,prediction_component,254,25,9984.0,2.5060120224403912e-05,7.102621534903521e-08,1.7320508075688772,1,8.660254037844387,0.19999999999999996,0.9548683406603533,1.0,0,,124,129,148,153,120,125,-7.14858132620955,0.0,0.9999372968689848,True,1,large,0.5255652568220824
BraTS-GLI-02300-101,gmm_2d,prediction_component,255,92,27648.0,2.001208072820426e-05,4.5293602644416056e-08,1.7320508075688772,1,14.071247279470288,0.12309149097933272,0.6184826978494664,1.4285714285714286,0,,124,131,157,167,47,54,-7.343963134243866,0.0,0.9984918557932985,True,1,large,0.5255652568220824
BraTS-GLI-02300-101,gmm_2d,prediction_component,256,97,34048.0,1.5439538857612715e-05,2.6960070476514753e-08,1.7320508075688772,1,15.033296378372908,0.11521430589638527,0.6076678398117905,1.125,0,,124,133,171,180,69,77,-7.569278976842895,0.0,0.9959165210813768,True,1,large,0.5255652568220824
BraTS-GLI-02300-101,gmm_2d,prediction_component,257,25,9984.0,2.5060120224403912e-05,7.102621534903521e-08,1.7320508075688772,1,8.660254037844387,0.19999999999999996,0.9548683406603533,1.0,0,,124,129,177,182,91,96,-7.14858132620955,0.0,0.9999372968689848,True,1,large,0.5255652568220824
BraTS-GLI-02300-101,gmm_2d,prediction_component,258,25,9984.0,2.5060120224403912e-05,7.102621534903521e-08,1.7320508075688772,1,8.660254037844387,0.19999999999999996,0.9548683406603533,1.0,0,,125,130,109,114,110,115,-7.14858132620955,0.0,0.9999372968689848,True,1,large,0.5255652568220824
BraTS-GLI-02300-101,gmm_2d,prediction_component,259,25,9984.0,2.5060120224403912e-05,7.102621534903521e-08,1.7320508075688772,1,8.660254037844387,0.19999999999999996,0.9548683406603533,1.0,0,,125,130,120,125,113,118,-7.14858132620955,0.0,0.9999372968689848,True,1,large,0.5255652568220824
BraTS-GLI-02300-101,gmm_2d,prediction_component,260,106,24832.0,2.7088709503907163e-05,8.299061926679092e-08,2.23606797749979,1,12.727922061357855,0.17568209223157663,0.7616332875610777,1.1428571428571428,1,,125,133,121,128,54,61,-7.080970994743321,0.6931471805599453,0.9998252831127425,True,1,large,0.5255652568220824
BraTS-GLI-02300-101,gmm_2d,prediction_component,261,2439,556032.0,5.882502507479285e-06,3.91360162247276e-09,3.0,1,64.52906321960671,0.046490679553030774,0.3592638539241129,1.5714285714285714,8,,125,153,112,156,46,84,-8.407423384597095,2.1972245773362196,0.42742942449942956,False,1,large,0.5255652568220824
BraTS-GLI-02300-101,gmm_2d,prediction_component,262,25,9984.0,2.5060120224403912e-05,7.102621534903521e-08,1.7320508075688772,1,8.660254037844387,0.19999999999999996,0.9548683406603533,1.0,0,,125,130,135,140,88,93,-7.14858132620955,0.0,0.9999372968689848,True,1,large,0.5255652568220824
BraTS-GLI-02300-101,gmm_2d,prediction_component,263,126,35328.0,1.897544491543576e-05,4.0722675962097125e-08,2.23606797749979,1,15.427248620541512,0.14494275891311212,0.7189924945861023,1.8333333333333333,1,,126,137,65,71,80,89,-7.390163691442711,0.6931471805599453,0.9989152515022337,True,1,large,0.5255652568220824
BraTS-GLI-02300-101,gmm_2d,prediction_component,264,46,16896.0,2.0945077921731866e-05,4.961538140913494e-08,1.7320508075688772,1,11.0,0.15745916432444337,0.7792393700163133,1.1666666666666667,0,,126,133,65,71,96,102,-7.3043836657365855,0.0,0.9995805115715526,True,1,large,0.5255652568220824
BraTS-GLI-02300-101,gmm_2d,prediction_component,265,100,30208.0,1.9046581573968888e-05,4.102857710174283e-08,1.7320508075688772,1,14.352700094407323,0.12067769800636945,0.6015293611380839,1.8333333333333333,0,,126,133,78,89,43,49,-7.386913544392503,0.0,0.9980575952908085,True,1,large,0.5255652568220824
BraTS-GLI-02300-101,gmm_2d,prediction_component,266,25,9984.0,2.5060120224403912e-05,7.102621534903521e-08,1.7320508075688772,1,8.660254037844387,0.19999999999999996,0.9548683406603533,1.0,0,,126,131,88,93,69,74,-7.14858132620955,0.0,0.9999372968689848,True,1,large,0.5255652568220824
BraTS-GLI-02300-101,gmm_2d,prediction_component,267,73,22272.0,2.196261422502442e-05,5.4553226284258247e-08,1.7320508075688772,1,12.206555615733702,0.14189513095212064,0.6680606274231857,1.3333333333333333,0,,126,134,118,124,77,84,-7.263179560089071,0.0,0.9993194714259188,True,1,large,0.5255652568220824
BraTS-GLI-02300-101,gmm_2d,prediction_component,268,25,9984.0,2.5060120224403912e-05,7.102621534903521e-08,1.7320508075688772,1,8.660254037844387,0.19999999999999996,0.9548683406603533,1.0,0,,126,131,121,126,41,46,-7.14858132620955,0.0,0.9999372968689848,True,1,large,0.5255652568220824
BraTS-GLI-02300-101,gmm_2d,prediction_component,269,435,116736.0,1.0906415652573887e-05,1.3452917021399053e-08,2.449489742783178,1,28.653097563788805,0.0854877814634182,0.5211252013971518,1.4285714285714286,1,,127,141,103,118,118,138,-7.871183536558158,0.6931471805599453,0.966409729438235,True,1,large,0.5255652568220824
BraTS-GLI-02300-101,gmm_2d,prediction_component,270,218,60672.0,1.4587270171643791e-05,2.4065806846338294e-08,2.23606797749979,1,20.223748416156685,0.11056644552171162,0.5989111163456369,1.0909090909090908,1,,128,140,161,173,61,72,-7.61859957329523,0.6931471805599453,0.9932018612433914,True,1,large,0.5255652568220824
BraTS-GLI-02300-101,gmm_2d,prediction_component,271,38,12544.0,2.7047649416909622e-05,8.273922157753891e-08,1.7320508075688772,1,9.273618495495704,0.18677184190940707,0.8304795924748166,1.2,0,,128,133,168,173,100,106,-7.082288569326049,0.0,0.9999073465642991,True,1,large,0.5255652568220824
BraTS-GLI-02300-101,gmm_2d,prediction_component,272,60,18432.0,2.3976873819530824e-05,6.501858130076264e-08,2.23606797749979,1,11.090536506409418,0.20161945963637795,0.9207268083493462,1.4,1,,129,136,151,158,47,52,-7.186962511000646,0.6931471805599453,0.9999031346018871,True,1,large,0.5255652568220824
BraTS-GLI-02300-101,gmm_2d,prediction_component,273,47,14592.0,2.6664020003279646e-05,8.040880842667987e-08,1.7320508075688772,1,9.848857801796104,0.17586311452816475,0.7736731845058752,1.2,0,,129,135,172,177,79,85,-7.094696373620167,0.0,0.9998584461552412,True,1,large,0.5255652568220824
BraTS-GLI-02300-101,gmm_2d,prediction_component,274,38,12544.0,2.7047649416909622e-05,8.273922157753891e-08,1.7320508075688772,1,9.273618495495704,0.18677184190940707,0.8304795924748166,1.2,0,,130,135,171,176,107,113,-7.082288569326049,0.0,0.9999073465642991,True,1,large,0.5255652568220824
BraTS-GLI-02300-101,gmm_2d,prediction_component,275,63,20480.0,2.149540444679058e-05,5.225689670950221e-08,1.7320508075688772,1,12.206555615733702,0.14189513095212064,0.7016868116919668,1.3333333333333333,0,,131,137,145,153,107,114,-7.281856384542795,0.0,0.9993437686536482,True,1,large,0.5255652568220824
BraTS-GLI-02300-101,gmm_2d,prediction_component,276,67,19968.0,2.3745042470355043e-05,6.376733614036381e-08,1.7320508075688772,1,11.74734012447073,0.14744195615489714,0.6874354055889139,1.6,0,,132,139,63,71,93,98,-7.195401725143916,0.0,0.9995479991327193,True,1,large,0.5255652568220824
BraTS-GLI-02300-101,gmm_2d,prediction_component,277,46,15616.0,2.357236358908017e-05,6.284324984734695e-08,1.7320508075688772,1,10.488088481701515,0.1651445647689541,0.7792393700163133,1.4,0,,132,137,82,88,120,127,-7.20174136414328,0.0,0.9997495063859743,True,1,large,0.5255652568220824
BraTS-GLI-02300-101,gmm_2d,prediction_component,278,38,13824.0,2.3379381024587062e-05,6.181848980958109e-08,1.7320508075688772,1,9.848857801796104,0.17586311452816475,0.8304795924748166,1.2,0,,132,138,158,164,117,122,-7.2088816087094125,0.0,0.9998202678928552,True,1,large,0.5255652568220824
BraTS-GLI-02300-101,gmm_2d,prediction_component,279,25,9984.0,2.5060120224403912e-05,7.102621534903521e-08,1.7320508075688772,1,8.660254037844387,0.19999999999999996,0.9548683406603533,1.0,0,,133,138,82,87,95,100,-7.14858132620955,0.0,0.9999372968689848,True,1,large,0.5255652568220824
BraTS-GLI-02300-101,gmm_2d,prediction_component,280,1471,303104.0,8.815057939692223e-06,8.788256333545079e-09,2.8284271247461903,1,49.9799959983992,0.05659118349742928,0.4009008456620948,1.85,2,,133,153,85,122,56,83,-8.05609728417977,1.0986122886681098,0.8387974320070458,True,1,large,0.5255652568220824
BraTS-GLI-02300-101,gmm_2d,prediction_component,281,25,9984.0,2.5060120224403912e-05,7.102621534903521e-08,1.7320508075688772,1,8.660254037844387,0.19999999999999996,0.9548683406603533,1.0,0,,135,140,89,94,120,125,-7.14858132620955,0.0,0.9999372968689848,True,1,large,0.5255652568220824
BraTS-GLI-02300-101,gmm_2d,prediction_component,282,75,28672.0,1.544807187526814e-05,2.6989878922339632e-08,1.7320508075688772,1,14.594519519326424,0.11867816581938533,0.6620687295173385,1.4285714285714286,0,,136,143,69,77,77,87,-7.568799063701272,0.0,0.9967681613385219,True,1,large,0.5255652568220824
BraTS-GLI-02300-101,gmm_2d,prediction_component,283,38,13824.0,2.3379381024587062e-05,6.181848980958109e-08,1.7320508075688772,1,9.848857801796104,0.17586311452816475,0.8304795924748166,1.2,0,,136,141,170,176,100,106,-7.2088816087094125,0.0,0.9998202678928552,True,1,large,0.5255652568220824
BraTS-GLI-02300-101,gmm_2d,prediction_component,284,25,9984.0,2.5060120224403912e-05,7.102621534903521e-08,1.7320508075688772,1,8.660254037844387,0.19999999999999996,0.9548683406603533,1.0,0,,137,142,99,104,51,56,-7.14858132620955,0.0,0.9999372968689848,True,1,large,0.5255652568220824
BraTS-GLI-02300-101,gmm_2d,prediction_component,285,25,9984.0,2.5060120224403912e-05,7.102621534903521e-08,1.7320508075688772,1,8.660254037844387,0.19999999999999996,0.9548683406603533,1.0,0,,137,142,136,141,87,92,-7.14858132620955,0.0,0.9999372968689848,True,1,large,0.5255652568220824
BraTS-GLI-02300-101,gmm_2d,prediction_component,286,25,9984.0,2.5060120224403912e-05,7.102621534903521e-08,1.7320508075688772,1,8.660254037844387,0.19999999999999996,0.9548683406603533,1.0,0,,137,142,140,145,98,103,-7.14858132620955,0.0,0.9999372968689848,True,1,large,0.5255652568220824
BraTS-GLI-02300-101,gmm_2d,prediction_component,287,38,12544.0,2.7047649416909622e-05,8.273922157753891e-08,1.7320508075688772,1,9.273618495495704,0.18677184190940707,0.8304795924748166,1.2,0,,139,144,95,100,56,62,-7.082288569326049,0.0,0.9999073465642991,True,1,large,0.5255652568220824
BraTS-GLI-02300-101,gmm_2d,prediction_component,288,25,9984.0,2.5060120224403912e-05,7.102621534903521e-08,1.7320508075688772,1,8.660254037844387,0.19999999999999996,0.9548683406603533,1.0,0,,141,146,80,85,97,102,-7.14858132620955,0.0,0.9999372968689848,True,1,large,0.5255652568220824
BraTS-GLI-02300-101,gmm_2d,prediction_component,289,181,43008.0,2.0293394792203364e-05,4.6575956457600986e-08,2.23606797749979,1,16.881943016134134,0.13245323570650439,0.6372184575140808,1.375,1,,141,149,90,101,72,82,-7.331838217913347,0.6931471805599453,0.9985743842902637,True,1,large,0.5255652568220824
BraTS-GLI-02300-101,gmm_2d,prediction_component,290,25,9984.0,2.5060120224403912e-05,7.102621534903521e-08,1.7320508075688772,1,8.660254037844387,0.19999999999999996,0.9548683406603533,1.0,0,,141,146,148,153,93,98,-7.14858132620955,0.0,0.9999372968689848,True,1,large,0.5255652568220824
BraTS-GLI-02300-101,gmm_2d,prediction_component,291,56,16640.0,2.6089036722489758e-05,7.697832583722892e-08,2.23606797749979,1,10.488088481701515,0.21320071635561044,0.9421466963436571,1.4,1,,142,147,81,88,76,82,-7.113631538390294,0.6931471805599453,0.9999440015558311,True,1,large,0.5255652568220824
BraTS-GLI-02300-101,gmm_2d,prediction_component,292,25,9984.0,2.5060120224403912e-05,7.102621534903521e-08,1.7320508075688772,1,8.660254037844387,0.19999999999999996,0.9548683406603533,1.0,0,,142,147,123,128,84,89,-7.14858132620955,0.0,0.9999372968689848,True,1,large,0.5255652568220824
BraTS-GLI-02300-101,gmm_2d,prediction_component,293,104,28416.0,2.1711454717029993e-05,5.3312643779052516e-08,2.23606797749979,1,13.92838827718412,0.1605403247669839,0.7664845857944516,1.2857142857142858,1,,142,150,133,142,102,109,-7.27316978023654,0.6931471805599453,0.9995416752940276,True,1,large,0.5255652568220824
BraTS-GLI-02300-101,gmm_2d,prediction_component,294,25,9984.0,2.5060120224403912e-05,7.102621534903521e-08,1.7320508075688772,1,8.660254037844387,0.19999999999999996,0.9548683406603533,1.0,0,,146,151,100,105,80,85,-7.14858132620955,0.0,0.9999372968689848,True,1,large,0.5255652568220824
BraTS-GLI-02300-101,variational_spline,prediction_component,1,22584,3301120.0,3.765380745287039e-06,1.6035044458421641e-09,5.656854249492381,2,203.98284241572867,0.027732010116632205,0.3226048586550261,1.2959183673469388,4,,24,151,33,131,28,154,-8.794929831618271,1.6094379124341003,0.1217080012541276,False,1,large,0.5255652568220824
