case_id,method,source,component_label,volume_vox,surface_area_proxy,compactness_v_over_s15,isoperimetric_quotient,inscribed_radius_vox,inscribed_radius_grid_step,bbox_diag_vox,radius_over_bbox_diag,radius_over_equiv_sphere,elongation_max_over_min,eroded_subcomponents,overlap_gt_vox,z0,z1,y0,y1,x0,x1,log10_isoperimetric,log1p_eroded_subcomponents,shape_score_prob_true_et,accepted_shape,fold,vol_bin,shape_threshold
BraTS-GLI-02243-101,otsu_T1c,prediction_component,1,9214,1899776.0,3.5188002371291602e-06,1.4003661314501369e-09,3.4641016151377544,2,184.11137933327205,0.018815249919273906,0.266361073673262,1.2577319587628866,35,,51,148,29,127,23,145,-8.853758401407566,3.58351893845611,0.036886823436098726,False,0,small,0.5530794707693413
BraTS-GLI-02243-101,gmm_T1c,prediction_component,1,10263,2070272.0,3.4453489644146836e-06,1.3425139465213417e-09,3.4641016151377544,2,185.8440206194431,0.01863983357436757,0.25695794467157745,1.268041237113402,36,,51,148,28,128,23,146,-8.872081193996527,3.6109179126442243,0.03311089170624265,False,0,small,0.5530794707693413
BraTS-GLI-02243-101,sustraccion,prediction_component,1,71700,14014976.0,1.3665660212725418e-06,2.1120957838884586e-10,4.0,4,252.46980017419907,0.015843479090331125,0.15520884814069374,1.2481203007518797,150,,20,153,26,192,22,158,-9.675286390365995,5.017279836814924,0.000679706933470697,False,0,small,0.5530794707693413
BraTS-GLI-02243-101,sustraccion,prediction_component,2,31,11520.0,2.5071653393552328e-05,7.109160576572633e-08,1.4142135623730951,1,8.774964387392123,0.16116459280507606,0.7257003006213092,1.5,0,,22,27,86,90,79,85,-7.148181676131613,0.0,0.9997744383593267,True,0,small,0.5530794707693413
BraTS-GLI-02243-101,sustraccion,prediction_component,5,82,30976.0,1.5040970135236664e-05,2.558609872778013e-08,1.4142135623730951,1,17.0,0.0831890330807703,0.5247348599077022,1.5,0,,27,35,80,92,111,120,-7.591995928656044,0.0,0.9915642646196068,True,0,small,0.5530794707693413
BraTS-GLI-02243-101,sustraccion,prediction_component,6,17,7680.0,2.5258472975227388e-05,7.215502078433436e-08,1.4142135623730951,1,7.0710678118654755,0.2,0.8866010210973454,1.6666666666666667,0,,28,32,63,66,80,85,-7.141733443876567,0.0,0.9999319269700248,True,0,small,0.5530794707693413
BraTS-GLI-02243-101,sustraccion,prediction_component,8,12,5376.0,3.04433440619409e-05,1.0481829363285631e-07,1.4142135623730951,1,5.830951894845301,0.24253562503633297,0.9957510787676723,1.3333333333333333,0,,28,31,84,88,108,111,-6.979562914580636,0.0,0.9999873098721701,True,0,small,0.5530794707693413
BraTS-GLI-02243-101,sustraccion,prediction_component,10,50,17408.0,2.176941142688823e-05,5.359764996297349e-08,1.4142135623730951,1,11.874342087037917,0.11909826683508275,0.6188060239571066,2.5,0,,29,34,58,68,97,101,-7.270854251920799,0.0,0.998972601066529,True,0,small,0.5530794707693413
BraTS-GLI-02243-101,sustraccion,prediction_component,11,12,5376.0,3.04433440619409e-05,1.0481829363285631e-07,1.4142135623730951,1,5.830951894845301,0.24253562503633297,0.9957510787676723,1.3333333333333333,0,,29,32,78,82,89,92,-6.979562914580636,0.0,0.9999873098721701,True,0,small,0.5530794707693413
BraTS-GLI-02243-101,sustraccion,prediction_component,13,45,17920.0,1.8758819552192982e-05,3.979819586372513e-08,1.4142135623730951,1,13.038404810405298,0.10846522890932808,0.6409247308398612,1.8,0,,30,39,84,92,125,130,-7.400136614966211,0.0,0.9981383360041531,True,0,small,0.5530794707693413
BraTS-GLI-02243-101,sustraccion,prediction_component,15,26,13056.0,1.7428424759080237e-05,3.435331448886051e-08,1.4142135623730951,1,11.224972160321824,0.12598815766974242,0.7695203069187393,3.0,0,,32,38,48,57,97,100,-7.464031354826301,0.0,0.9988334772568184,True,0,small,0.5530794707693413
BraTS-GLI-02243-101,sustraccion,prediction_component,17,12,6144.0,2.4917498197257264e-05,7.022006780482366e-08,1.4142135623730951,1,6.4031242374328485,0.2208630521496931,0.9957510787676723,1.3333333333333333,0,,35,39,54,58,91,94,-7.153538755513696,0.0,0.9999647617941148,True,0,small,0.5530794707693413
BraTS-GLI-02243-101,sustraccion,prediction_component,20,12,6144.0,2.4917498197257264e-05,7.022006780482366e-08,1.4142135623730951,1,6.4031242374328485,0.2208630521496931,0.9957510787676723,1.3333333333333333,0,,35,39,118,122,50,53,-7.153538755513696,0.0,0.9999647617941148,True,0,small,0.5530794707693413
BraTS-GLI-02243-101,sustraccion,prediction_component,21,35,14080.0,2.094903691957872e-05,4.963413958736146e-08,1.4142135623730951,1,10.44030650891055,0.13545709229571928,0.6969289728874266,2.6666666666666665,0,,36,44,63,69,86,89,-7.3042195022563075,0.0,0.9993128565451646,True,0,small,0.5530794707693413
BraTS-GLI-02243-101,sustraccion,prediction_component,28,12,5376.0,3.04433440619409e-05,1.0481829363285631e-07,1.4142135623730951,1,5.830951894845301,0.24253562503633297,0.9957510787676723,1.3333333333333333,0,,37,40,96,100,87,90,-6.979562914580636,0.0,0.9999873098721701,True,0,small,0.5530794707693413
BraTS-GLI-02243-101,sustraccion,prediction_component,30,12,5376.0,3.04433440619409e-05,1.0481829363285631e-07,1.4142135623730951,1,5.830951894845301,0.24253562503633297,0.9957510787676723,1.3333333333333333,0,,38,41,115,118,53,57,-6.979562914580636,0.0,0.9999873098721701,True,0,small,0.5530794707693413
BraTS-GLI-02243-101,sustraccion,prediction_component,32,12,6144.0,2.4917498197257264e-05,7.022006780482366e-08,1.4142135623730951,1,6.4031242374328485,0.2208630521496931,0.9957510787676723,1.3333333333333333,0,,38,42,131,134,137,141,-7.153538755513696,0.0,0.9999647617941148,True,0,small,0.5530794707693413
BraTS-GLI-02243-101,sustraccion,prediction_component,34,97,32768.0,1.6352977222226884e-05,3.024447408945858e-08,1.4142135623730951,1,18.57417562100671,0.07613869876268811,0.49615871354606417,2.0,0,,39,53,131,138,31,41,-7.519353962885243,0.0,0.9920547776392793,True,0,small,0.5530794707693413
BraTS-GLI-02243-101,sustraccion,prediction_component,35,12,5376.0,3.04433440619409e-05,1.0481829363285631e-07,1.4142135623730951,1,5.830951894845301,0.24253562503633297,0.9957510787676723,1.3333333333333333,0,,40,43,66,70,40,43,-6.979562914580636,0.0,0.9999873098721701,True,0,small,0.5530794707693413
BraTS-GLI-02243-101,sustraccion,prediction_component,36,16,7680.0,2.3772680447272836e-05,6.391586616190171e-08,1.4142135623730951,1,6.928203230275509,0.20412414523193154,0.9046998952817776,1.0,0,,40,44,75,79,100,104,-7.194391321321265,0.0,0.9999270678740181,True,0,small,0.5530794707693413
BraTS-GLI-02243-101,sustraccion,prediction_component,37,53,23296.0,1.490575000704565e-05,2.5128122452323625e-08,1.4142135623730951,1,17.204650534085253,0.08219949365267865,0.6069029442833568,2.3333333333333335,0,,40,46,110,124,37,45,-7.599839960235831,0.0,0.9931770217658854,True,0,small,0.5530794707693413
BraTS-GLI-02243-101,sustraccion,prediction_component,40,14,7680.0,2.080109539136373e-05,4.8935585030206e-08,1.4142135623730951,1,8.246211251235321,0.17149858514250885,0.9458781407605124,1.5,0,,42,46,138,144,70,74,-7.310375215276639,0.0,0.9998273698850985,True,0,small,0.5530794707693413
BraTS-GLI-02243-101,sustraccion,prediction_component,41,29,10752.0,2.6011423159067295e-05,7.652099387606958e-08,1.4142135623730951,1,8.246211251235321,0.17149858514250885,0.742013605090188,1.5,0,,43,47,84,88,124,130,-7.116219397869917,0.0,0.9998407224312796,True,0,small,0.5530794707693413
BraTS-GLI-02243-101,sustraccion,prediction_component,43,12,5376.0,3.04433440619409e-05,1.0481829363285631e-07,1.4142135623730951,1,5.830951894845301,0.24253562503633297,0.9957510787676723,1.3333333333333333,0,,43,46,110,114,133,136,-6.979562914580636,0.0,0.9999873098721701,True,0,small,0.5530794707693413
BraTS-GLI-02243-101,sustraccion,prediction_component,45,12,5376.0,3.04433440619409e-05,1.0481829363285631e-07,1.4142135623730951,1,5.830951894845301,0.24253562503633297,0.9957510787676723,1.3333333333333333,0,,44,47,69,73,85,88,-6.979562914580636,0.0,0.9999873098721701,True,0,small,0.5530794707693413
BraTS-GLI-02243-101,sustraccion,prediction_component,47,14,7680.0,2.080109539136373e-05,4.8935585030206e-08,1.4142135623730951,1,7.54983443527075,0.1873171623163388,0.9458781407605124,1.25,0,,44,48,144,149,131,135,-7.310375215276639,0.0,0.9998683165549729,True,0,small,0.5530794707693413
BraTS-GLI-02243-101,sustraccion,prediction_component,51,19,8448.0,2.446936747720066e-05,6.771702339772293e-08,1.4142135623730951,1,7.810249675906654,0.1810714920850371,0.8543319874271107,2.0,0,,48,51,114,120,143,147,-7.169302140202132,0.0,0.9998844448146892,True,0,small,0.5530794707693413
BraTS-GLI-02243-101,sustraccion,prediction_component,52,66,24832.0,1.6866554974130874e-05,3.2174006543800396e-08,1.4142135623730951,1,16.34013463836819,0.0865484644815831,0.5641092516587063,2.2,0,,48,53,139,150,36,47,-7.4924948541891245,0.0,0.9951353067344086,True,0,small,0.5530794707693413
BraTS-GLI-02243-101,sustraccion,prediction_component,56,65,23040.0,1.8586158846114066e-05,3.906894307494716e-08,1.4142135623730951,1,13.038404810405298,0.10846522890932808,0.5669874099064106,1.8,0,,50,59,120,128,145,150,-7.408168337506391,0.0,0.9975771442711671,True,0,small,0.5530794707693413
BraTS-GLI-02243-101,sustraccion,prediction_component,57,17,7680.0,2.5258472975227388e-05,7.215502078433436e-08,1.4142135623730951,1,7.0710678118654755,0.2,0.8866010210973454,1.6666666666666667,0,,50,55,171,175,90,93,-7.141733443876567,0.0,0.9999319269700248,True,0,small,0.5530794707693413
BraTS-GLI-02243-101,sustraccion,prediction_component,58,19,8448.0,2.446936747720066e-05,6.771702339772293e-08,1.4142135623730951,1,8.12403840463596,0.17407765595569785,0.8543319874271107,1.25,0,,51,56,41,46,74,78,-7.169302140202132,0.0,0.999869749706771,True,0,small,0.5530794707693413
BraTS-GLI-02243-101,sustraccion,prediction_component,60,17,8448.0,2.1893644584863748e-05,5.421113507463137e-08,1.4142135623730951,1,7.54983443527075,0.1873171623163388,0.8866010210973454,1.25,0,,52,57,134,138,41,45,-7.265911499351242,0.0,0.9998654673288377,True,0,small,0.5530794707693413
BraTS-GLI-02243-101,sustraccion,prediction_component,62,27,11008.0,2.3377665101405374e-05,6.180941584077854e-08,1.4142135623730951,1,8.602325267042627,0.1643989873053573,0.7599002946021327,2.3333333333333335,0,,52,55,176,183,99,103,-7.208945360894912,0.0,0.9997596486859192,True,0,small,0.5530794707693413
BraTS-GLI-02243-101,sustraccion,prediction_component,63,14,6144.0,2.9070414563466808e-05,9.557731451212109e-08,1.4142135623730951,1,6.928203230275509,0.20412414523193154,0.9458781407605124,1.0,0,,53,57,117,121,149,153,-7.019645176252469,0.0,0.999966684186979,True,0,small,0.5530794707693413
BraTS-GLI-02243-101,sustraccion,prediction_component,64,49,22784.0,1.4247908653087595e-05,2.295908720630359e-08,1.4142135623730951,1,13.45362404707371,0.10511766624552735,0.6229872725752906,1.5,0,,53,61,123,132,26,32,-7.6390453823518385,0.0,0.9949197218072223,True,0,small,0.5530794707693413
BraTS-GLI-02243-101,sustraccion,prediction_component,66,12,6144.0,2.4917498197257264e-05,7.022006780482366e-08,1.4142135623730951,1,6.4031242374328485,0.2208630521496931,0.9957510787676723,1.3333333333333333,0,,53,57,161,164,72,76,-7.153538755513696,0.0,0.9999647617941148,True,0,small,0.5530794707693413
BraTS-GLI-02243-101,sustraccion,prediction_component,67,753,187392.0,9.282573712938542e-06,9.745164775403439e-09,2.23606797749979,1,41.88078318274385,0.053391264622317705,0.3962015892017333,3.875,2,,53,84,168,195,88,96,-8.011210813247901,1.0986122886681098,0.8648118149955296,True,0,small,0.5530794707693413
BraTS-GLI-02243-101,sustraccion,prediction_component,68,45,18688.0,1.761441708524814e-05,3.509044895533542e-08,1.4142135623730951,1,11.74734012447073,0.12038585308576921,0.6409247308398612,1.6,0,,55,60,75,83,122,129,-7.454811075284808,0.0,0.998137758986717,True,0,small,0.5530794707693413
BraTS-GLI-02243-101,sustraccion,prediction_component,70,17,7680.0,2.5258472975227388e-05,7.215502078433436e-08,1.4142135623730951,1,7.0710678118654755,0.2,0.8866010210973454,1.6666666666666667,0,,55,59,159,164,123,126,-7.141733443876567,0.0,0.9999319269700248,True,0,small,0.5530794707693413
BraTS-GLI-02243-101,sustraccion,prediction_component,72,12,5376.0,3.04433440619409e-05,1.0481829363285631e-07,1.4142135623730951,1,5.830951894845301,0.24253562503633297,0.9957510787676723,1.3333333333333333,0,,56,59,67,71,45,48,-6.979562914580636,0.0,0.9999873098721701,True,0,small,0.5530794707693413
BraTS-GLI-02243-101,sustraccion,prediction_component,75,64,23040.0,1.8300217940789233e-05,3.78760688366825e-08,1.4142135623730951,1,15.811388300841896,0.0894427190999916,0.5699252209515996,5.0,0,,57,60,169,184,65,69,-7.421635102824328,0.0,0.9965077261035477,True,0,small,0.5530794707693413
BraTS-GLI-02243-101,sustraccion,prediction_component,77,17,7680.0,2.5258472975227388e-05,7.215502078433436e-08,1.4142135623730951,1,7.0710678118654755,0.2,0.8866010210973454,1.6666666666666667,0,,57,60,184,189,68,72,-7.141733443876567,0.0,0.9999319269700248,True,0,small,0.5530794707693413
BraTS-GLI-02243-101,sustraccion,prediction_component,81,12,6144.0,2.4917498197257264e-05,7.022006780482366e-08,1.4142135623730951,1,6.4031242374328485,0.2208630521496931,0.9957510787676723,1.3333333333333333,0,,58,61,169,173,58,62,-7.153538755513696,0.0,0.9999647617941148,True,0,small,0.5530794707693413
BraTS-GLI-02243-101,sustraccion,prediction_component,84,19,9216.0,2.147533275462963e-05,5.2159350776834036e-08,1.4142135623730951,1,8.366600265340756,0.16903085094570333,0.8543319874271107,2.0,0,,59,65,123,128,88,91,-7.282667822870332,0.0,0.9997830799422762,True,0,small,0.5530794707693413
BraTS-GLI-02243-101,sustraccion,prediction_component,87,12,6144.0,2.4917498197257264e-05,7.022006780482366e-08,1.4142135623730951,1,6.4031242374328485,0.2208630521496931,0.9957510787676723,1.3333333333333333,0,,60,64,65,69,107,110,-7.153538755513696,0.0,0.9999647617941148,True,0,small,0.5530794707693413
BraTS-GLI-02243-101,sustraccion,prediction_component,89,82,30464.0,1.542174303200362e-05,2.689795719471272e-08,1.4142135623730951,1,19.6468827043885,0.07198157507486946,0.5247348599077022,1.0909090909090908,0,,61,72,177,189,116,127,-7.570280701884286,0.0,0.9905862292808781,True,0,small,0.5530794707693413
BraTS-GLI-02243-101,sustraccion,prediction_component,90,12,5376.0,3.04433440619409e-05,1.0481829363285631e-07,1.4142135623730951,1,5.830951894845301,0.24253562503633297,0.9957510787676723,1.3333333333333333,0,,62,65,76,79,87,91,-6.979562914580636,0.0,0.9999873098721701,True,0,small,0.5530794707693413
BraTS-GLI-02243-101,sustraccion,prediction_component,91,22,9472.0,2.386492900600362e-05,6.441287249488336e-08,1.4142135623730951,1,7.54983443527075,0.1873171623163388,0.8135863258112027,1.25,0,,62,66,164,169,89,93,-7.1910273330307,0.0,0.9998718770483839,True,0,small,0.5530794707693413
BraTS-GLI-02243-101,sustraccion,prediction_component,92,44,16896.0,2.0034422359917438e-05,4.539479130816883e-08,1.4142135623730951,1,10.677078252031311,0.13245323570650439,0.6457438947298227,1.75,0,,62,66,177,184,46,53,-7.342993976127358,0.0,0.9990169969158438,True,0,small,0.5530794707693413
BraTS-GLI-02243-101,sustraccion,prediction_component,93,12,6144.0,2.4917498197257264e-05,7.022006780482366e-08,1.4142135623730951,1,6.4031242374328485,0.2208630521496931,0.9957510787676723,1.3333333333333333,0,,64,68,112,115,140,144,-7.153538755513696,0.0,0.9999647617941148,True,0,small,0.5530794707693413
BraTS-GLI-02243-101,sustraccion,prediction_component,94,12,5376.0,3.04433440619409e-05,1.0481829363285631e-07,1.4142135623730951,1,5.830951894845301,0.24253562503633297,0.9957510787676723,1.3333333333333333,0,,64,67,122,126,34,37,-6.979562914580636,0.0,0.9999873098721701,True,0,small,0.5530794707693413
BraTS-GLI-02243-101,sustraccion,prediction_component,97,43,17664.0,1.83161786779894e-05,3.7942165711220756e-08,1.4142135623730951,1,13.490737563232042,0.10482848367219183,0.650711350669285,2.2,0,,66,71,189,195,66,77,-7.42087788352672,0.0,0.9979247767838346,True,0,small,0.5530794707693413
BraTS-GLI-02243-101,sustraccion,prediction_component,98,12,6144.0,2.4917498197257264e-05,7.022006780482366e-08,1.4142135623730951,1,6.4031242374328485,0.2208630521496931,0.9957510787676723,1.3333333333333333,0,,67,71,65,68,44,48,-7.153538755513696,0.0,0.9999647617941148,True,0,small,0.5530794707693413
BraTS-GLI-02243-101,sustraccion,prediction_component,100,16,6656.0,2.9464563572443515e-05,9.818664009850627e-08,1.4142135623730951,1,6.4031242374328485,0.2208630521496931,0.9046998952817776,1.3333333333333333,0,,68,71,113,117,103,107,-7.007947601074732,0.0,0.9999727215274006,True,0,small,0.5530794707693413
BraTS-GLI-02243-101,sustraccion,prediction_component,101,29,13824.0,1.7842159202974337e-05,3.6003704937574576e-08,1.4142135623730951,1,10.677078252031311,0.13245323570650439,0.742013605090188,1.75,0,,69,76,129,136,110,114,-7.443652806145121,0.0,0.9989441458737316,True,0,small,0.5530794707693413
BraTS-GLI-02243-101,sustraccion,prediction_component,106,14,7680.0,2.080109539136373e-05,4.8935585030206e-08,1.4142135623730951,1,7.54983443527075,0.1873171623163388,0.9458781407605124,1.25,0,,70,75,168,172,137,141,-7.310375215276639,0.0,0.9998683165549729,True,0,small,0.5530794707693413
BraTS-GLI-02243-101,sustraccion,prediction_component,107,17,6912.0,2.9583075859084555e-05,9.897808063694699e-08,1.4142135623730951,1,6.557438524302,0.21566554640687685,0.8866010210973454,1.6666666666666667,0,,71,76,79,82,110,113,-7.004460972194542,0.0,0.9999688342840773,True,0,small,0.5530794707693413
BraTS-GLI-02243-101,sustraccion,prediction_component,109,83,31488.0,1.4854583428091036e-05,2.4955905243262037e-08,1.4142135623730951,1,17.0,0.0831890330807703,0.5226189705555763,1.5,0,,71,79,107,116,40,52,-7.602826672040173,0.0,0.991160309159522,True,0,small,0.5530794707693413
BraTS-GLI-02243-101,sustraccion,prediction_component,110,40,15872.0,2.0003800245745732e-05,4.5256127751757724e-08,1.4142135623730951,1,11.661903789690601,0.12126781251816648,0.6665885822069456,1.3333333333333333,0,,71,79,169,175,39,45,-7.3443226083129645,0.0,0.9988801550996613,True,0,small,0.5530794707693413
BraTS-GLI-02243-101,sustraccion,prediction_component,112,57,19712.0,2.059580730709518e-05,4.797445097856172e-08,1.4142135623730951,1,13.038404810405298,0.10846522890932808,0.5923607155209719,1.8,0,,72,80,37,46,93,98,-7.31898998664659,0.0,0.9983966273732113,True,0,small,0.5530794707693413
BraTS-GLI-02243-101,sustraccion,prediction_component,114,43,15616.0,2.2035035528922765e-05,5.4913595920484175e-08,1.4142135623730951,1,11.661903789690601,0.12126781251816648,0.650711350669285,1.3333333333333333,0,,72,78,98,104,37,45,-7.2603201163472555,0.0,0.9991395511528975,True,0,small,0.5530794707693413
BraTS-GLI-02243-101,sustraccion,prediction_component,115,19,8448.0,2.446936747720066e-05,6.771702339772293e-08,1.4142135623730951,1,8.12403840463596,0.17407765595569785,0.8543319874271107,1.25,0,,72,77,143,147,124,129,-7.169302140202132,0.0,0.999869749706771,True,0,small,0.5530794707693413
BraTS-GLI-02243-101,sustraccion,prediction_component,118,14,6144.0,2.9070414563466808e-05,9.557731451212109e-08,1.4142135623730951,1,6.928203230275509,0.20412414523193154,0.9458781407605124,1.0,0,,74,78,104,108,138,142,-7.019645176252469,0.0,0.999966684186979,True,0,small,0.5530794707693413
BraTS-GLI-02243-101,sustraccion,prediction_component,121,39,14080.0,2.3343212567530574e-05,6.162736841826676e-08,1.4142135623730951,1,10.677078252031311,0.13245323570650439,0.6722379073420917,1.6,0,,74,79,151,159,137,142,-7.210226376903861,0.0,0.9994494589179067,True,0,small,0.5530794707693413
BraTS-GLI-02243-101,sustraccion,prediction_component,123,12,5376.0,3.04433440619409e-05,1.0481829363285631e-07,1.4142135623730951,1,5.830951894845301,0.24253562503633297,0.9957510787676723,1.3333333333333333,0,,75,78,166,169,49,53,-6.979562914580636,0.0,0.9999873098721701,True,0,small,0.5530794707693413
BraTS-GLI-02243-101,sustraccion,prediction_component,125,21,9984.0,2.1050500988499285e-05,5.011609755027925e-08,1.4142135623730951,1,9.273618495495704,0.15249857033260467,0.8263006657894747,1.2,0,,76,82,123,128,127,132,-7.300022754085787,0.0,0.999664368818673,True,0,small,0.5530794707693413
BraTS-GLI-02243-101,sustraccion,prediction_component,126,14,7680.0,2.080109539136373e-05,4.8935585030206e-08,1.4142135623730951,1,8.12403840463596,0.17407765595569785,0.9458781407605124,1.25,0,,76,80,144,149,79,84,-7.310375215276639,0.0,0.9998348244721845,True,0,small,0.5530794707693413
BraTS-GLI-02243-101,sustraccion,prediction_component,128,39,15360.0,2.0486972453082852e-05,4.7468765836060794e-08,1.4142135623730951,1,11.180339887498949,0.12649110640673517,0.6722379073420917,1.6,0,,77,83,116,124,44,49,-7.32359205957206,0.0,0.9990689179226526,True,0,small,0.5530794707693413
BraTS-GLI-02243-101,sustraccion,prediction_component,131,30,11008.0,2.5975183446005973e-05,7.63079207910846e-08,1.4142135623730951,1,8.602325267042627,0.1643989873053573,0.73367566779705,2.3333333333333335,0,,78,81,99,103,142,149,-7.1174303797735625,0.0,0.9998144964916034,True,0,small,0.5530794707693413
BraTS-GLI-02243-101,sustraccion,prediction_component,132,12,6144.0,2.4917498197257264e-05,7.022006780482366e-08,1.4142135623730951,1,6.4031242374328485,0.2208630521496931,0.9957510787676723,1.3333333333333333,0,,79,83,49,53,87,90,-7.153538755513696,0.0,0.9999647617941148,True,0,small,0.5530794707693413
BraTS-GLI-02243-101,sustraccion,prediction_component,134,26,13056.0,1.7428424759080237e-05,3.435331448886051e-08,1.4142135623730951,1,11.180339887498949,0.12649110640673517,0.7695203069187393,1.6,0,,79,84,100,108,125,131,-7.464031354826301,0.0,0.9988434660588023,True,0,small,0.5530794707693413
BraTS-GLI-02243-101,sustraccion,prediction_component,136,348,117504.0,8.639731931851741e-06,8.442146974981867e-09,1.7320508075688772,1,42.95346318982906,0.04032389192727559,0.3969450730821373,2.2857142857142856,0,,79,111,113,127,25,50,-8.073547091192749,0.0,0.8615836233922021,True,0,small,0.5530794707693413
BraTS-GLI-02243-101,sustraccion,prediction_component,138,19,8192.0,2.5625283894623568e-05,7.42659506177969e-08,1.4142135623730951,1,7.54983443527075,0.1873171623163388,0.8543319874271107,1.25,0,,80,85,45,49,96,100,-7.1292102555281875,0.0,0.9999106114072925,True,0,small,0.5530794707693413
BraTS-GLI-02243-101,sustraccion,prediction_component,139,31,11520.0,2.5071653393552328e-05,7.109160576572633e-08,1.4142135623730951,1,9.9498743710662,0.1421338109037403,0.7257003006213092,1.4,0,,80,85,64,71,30,35,-7.148181676131613,0.0,0.9996875994332582,True,0,small,0.5530794707693413
BraTS-GLI-02243-101,sustraccion,prediction_component,140,19,8448.0,2.446936747720066e-05,6.771702339772293e-08,1.4142135623730951,1,8.12403840463596,0.17407765595569785,0.8543319874271107,1.25,0,,80,84,68,73,137,142,-7.169302140202132,0.0,0.999869749706771,True,0,small,0.5530794707693413
BraTS-GLI-02243-101,sustraccion,prediction_component,141,44,15616.0,2.25474782156419e-05,5.749741573934958e-08,1.4142135623730951,1,10.488088481701515,0.13483997249264842,0.6457438947298227,1.4,0,,80,87,133,139,27,32,-7.240351674534054,0.0,0.9993568258569212,True,0,small,0.5530794707693413
BraTS-GLI-02243-101,sustraccion,prediction_component,143,19,9216.0,2.147533275462963e-05,5.2159350776834036e-08,1.4142135623730951,1,8.12403840463596,0.17407765595569785,0.8543319874271107,1.25,0,,81,86,79,83,29,34,-7.282667822870332,0.0,0.9998010302511836,True,0,small,0.5530794707693413
BraTS-GLI-02243-101,sustraccion,prediction_component,144,36,15872.0,1.800342022117116e-05,3.665746347892375e-08,1.4142135623730951,1,11.357816691600547,0.12451456127293807,0.6904152369103725,2.0,0,,81,89,115,122,49,53,-7.435837589434315,0.0,0.9986173253043926,True,0,small,0.5530794707693413
BraTS-GLI-02243-101,sustraccion,prediction_component,145,12,6144.0,2.4917498197257264e-05,7.022006780482366e-08,1.4142135623730951,1,6.4031242374328485,0.2208630521496931,0.9957510787676723,1.3333333333333333,0,,82,86,37,41,78,81,-7.153538755513696,0.0,0.9999647617941148,True,0,small,0.5530794707693413
BraTS-GLI-02243-101,sustraccion,prediction_component,146,31,11776.0,2.425855893767945e-05,6.655525782240705e-08,1.4142135623730951,1,9.0,0.15713484026367724,0.7257003006213092,1.75,0,,83,87,60,67,108,112,-7.176817629850304,0.0,0.999731036549194,True,0,small,0.5530794707693413
BraTS-GLI-02243-101,sustraccion,prediction_component,147,657,200960.0,7.292911383687986e-06,6.015257820506966e-09,2.23606797749979,1,43.22036556994862,0.051736442947963895,0.4146287528725092,1.3636363636363635,1,,83,105,49,79,132,154,-8.220745753590323,0.6931471805599453,0.7790591450552643,True,0,small,0.5530794707693413
BraTS-GLI-02243-101,sustraccion,prediction_component,148,13,6912.0,2.2622352127535248e-05,5.7879915666588376e-08,1.4142135623730951,1,6.557438524302,0.21566554640687685,0.9695348330084831,1.6666666666666667,0,,83,88,112,115,34,37,-7.237472110337416,0.0,0.9999427284812719,True,0,small,0.5530794707693413
BraTS-GLI-02243-101,sustraccion,prediction_component,149,134,48896.0,1.2393523640633245e-05,1.7371686071732343e-08,1.7320508075688772,1,24.372115213907882,0.07106690545187014,0.5456178429960139,1.2307692307692308,0,,83,99,170,183,43,56,-7.760158027487695,0.0,0.9819571007354537,True,0,small,0.5530794707693413
BraTS-GLI-02243-101,sustraccion,prediction_component,152,51,17664.0,2.1723839827382773e-05,5.337348459431324e-08,1.4142135623730951,1,12.36931687685298,0.11433239009500591,0.6147348138286294,1.6,0,,84,89,43,51,133,141,-7.272674442490021,0.0,0.9988632250184935,True,0,small,0.5530794707693413
BraTS-GLI-02243-101,sustraccion,prediction_component,153,276,85248.0,1.1088754891678448e-05,1.390650323427948e-08,1.7320508075688772,1,41.15823125451335,0.04208273180784325,0.4288319515447246,1.6111111111111112,0,,84,113,106,124,130,153,-7.856782058862652,0.0,0.9410225062827439,True,0,small,0.5530794707693413
BraTS-GLI-02243-101,sustraccion,prediction_component,154,19,8448.0,2.446936747720066e-05,6.771702339772293e-08,1.4142135623730951,1,7.810249675906654,0.1810714920850371,0.8543319874271107,2.0,0,,84,90,161,165,87,90,-7.169302140202132,0.0,0.9998844448146892,True,0,small,0.5530794707693413
BraTS-GLI-02243-101,sustraccion,prediction_component,155,20,8192.0,2.6973983046972178e-05,8.228914195877773e-08,1.4142135623730951,1,6.928203230275509,0.20412414523193154,0.8398489863421099,1.0,0,,84,88,186,190,89,93,-7.084657466105883,0.0,0.9999405811325679,True,0,small,0.5530794707693413
BraTS-GLI-02243-101,sustraccion,prediction_component,156,12,6144.0,2.4917498197257264e-05,7.022006780482366e-08,1.4142135623730951,1,6.4031242374328485,0.2208630521496931,0.9957510787676723,1.3333333333333333,0,,85,89,35,39,116,119,-7.153538755513696,0.0,0.9999647617941148,True,0,small,0.5530794707693413
BraTS-GLI-02243-101,sustraccion,prediction_component,158,73,24832.0,1.8655432016841724e-05,3.936071645360705e-08,1.7320508075688772,1,14.866068747318506,0.1165103456070926,0.6680606274231857,1.8333333333333333,0,,85,91,51,59,75,86,-7.40493700503195,0.0,0.9984838816850103,True,0,small,0.5530794707693413
BraTS-GLI-02243-101,sustraccion,prediction_component,159,102,40192.0,1.2658747732088703e-05,1.8123157462589534e-08,1.4142135623730951,1,19.4164878389476,0.07283570407292297,0.48791534507652085,1.625,0,,85,97,104,117,43,51,-7.7417661361779935,0.0,0.980414622779071,True,0,small,0.5530794707693413
BraTS-GLI-02243-101,sustraccion,prediction_component,162,19,8448.0,2.446936747720066e-05,6.771702339772293e-08,1.4142135623730951,1,8.12403840463596,0.17407765595569785,0.8543319874271107,1.25,0,,85,90,143,147,36,41,-7.169302140202132,0.0,0.999869749706771,True,0,small,0.5530794707693413
BraTS-GLI-02243-101,sustraccion,prediction_component,163,17,8448.0,2.1893644584863748e-05,5.421113507463137e-08,1.4142135623730951,1,7.681145747868608,0.1841149235796647,0.8866010210973454,1.6666666666666667,0,,86,91,55,58,100,105,-7.265911499351242,0.0,0.9998578877526196,True,0,small,0.5530794707693413
BraTS-GLI-02243-101,sustraccion,prediction_component,164,22,9472.0,2.386492900600362e-05,6.441287249488336e-08,1.4142135623730951,1,8.12403840463596,0.17407765595569785,0.8135863258112027,1.25,0,,86,91,58,62,72,77,-7.1910273330307,0.0,0.9998392903882414,True,0,small,0.5530794707693413
BraTS-GLI-02243-101,sustraccion,prediction_component,166,455,154368.0,7.501972718617049e-06,6.3650722019410985e-09,1.4142135623730951,1,35.9722114972099,0.039314056698537575,0.2963971809402377,1.2777777777777777,0,,86,107,92,110,22,45,-8.196196665580358,0.0,0.7377897133495184,True,0,small,0.5530794707693413
BraTS-GLI-02243-101,sustraccion,prediction_component,168,16,6656.0,2.9464563572443515e-05,9.818664009850627e-08,1.4142135623730951,1,6.4031242374328485,0.2208630521496931,0.9046998952817776,1.3333333333333333,0,,86,90,155,159,36,39,-7.007947601074732,0.0,0.9999727215274006,True,0,small,0.5530794707693413
BraTS-GLI-02243-101,sustraccion,prediction_component,169,17,7168.0,2.8012503667152895e-05,8.874752009735003e-08,1.4142135623730951,1,6.928203230275509,0.20412414523193154,0.8866010210973454,1.0,0,,87,91,37,41,112,116,-7.051843773744237,0.0,0.9999546688380104,True,0,small,0.5530794707693413
BraTS-GLI-02243-101,sustraccion,prediction_component,172,20,7168.0,3.29558866672387e-05,1.2283393785100348e-07,1.4142135623730951,1,6.4031242374328485,0.2208630521496931,0.8398489863421099,1.3333333333333333,0,,87,90,163,167,43,47,-6.910681625172823,0.0,0.9999767157741132,True,0,small,0.5530794707693413
BraTS-GLI-02243-101,sustraccion,prediction_component,176,65,26112.0,1.540469666568145e-05,2.683852694442228e-08,1.4142135623730951,1,17.4928556845359,0.08084520834544433,0.5669874099064106,1.375,0,,89,97,28,39,65,76,-7.571241324474169,0.0,0.9928820836657287,True,0,small,0.5530794707693413
BraTS-GLI-02243-101,sustraccion,prediction_component,178,25,9472.0,2.7119237506822293e-05,8.317777956467376e-08,1.4142135623730951,1,7.810249675906654,0.1810714920850371,0.7796467353853097,2.0,0,,89,92,82,86,146,152,-7.079992677331037,0.0,0.999895174074361,True,0,small,0.5530794707693413
BraTS-GLI-02243-101,sustraccion,prediction_component,179,26,11264.0,2.1748754214260736e-05,5.3495979529745444e-08,1.4142135623730951,1,8.246211251235321,0.17149858514250885,0.7695203069187393,1.5,0,,89,93,166,172,132,136,-7.271678855991054,0.0,0.9997389798830316,True,0,small,0.5530794707693413
BraTS-GLI-02243-101,sustraccion,prediction_component,182,19,9216.0,2.147533275462963e-05,5.2159350776834036e-08,1.4142135623730951,1,8.660254037844387,0.1632993161855452,0.8543319874271107,1.0,0,,90,95,76,81,63,68,-7.282667822870332,0.0,0.9997607229322758,True,0,small,0.5530794707693413
BraTS-GLI-02243-101,sustraccion,prediction_component,183,14,6144.0,2.9070414563466808e-05,9.557731451212109e-08,1.4142135623730951,1,6.928203230275509,0.20412414523193154,0.9458781407605124,1.0,0,,90,94,106,110,126,130,-7.019645176252469,0.0,0.999966684186979,True,0,small,0.5530794707693413
BraTS-GLI-02243-101,sustraccion,prediction_component,185,75,27648.0,1.6314196245818688e-05,3.010119504664937e-08,1.4142135623730951,1,17.320508075688775,0.0816496580927726,0.5405768539900705,1.0,0,,90,100,134,144,29,39,-7.521416262151576,0.0,0.9936594199009323,True,0,small,0.5530794707693413
BraTS-GLI-02243-101,sustraccion,prediction_component,188,16,6656.0,2.9464563572443515e-05,9.818664009850627e-08,1.4142135623730951,1,6.4031242374328485,0.2208630521496931,0.9046998952817776,1.3333333333333333,0,,90,93,174,178,128,132,-7.007947601074732,0.0,0.9999727215274006,True,0,small,0.5530794707693413
BraTS-GLI-02243-101,sustraccion,prediction_component,189,12,5376.0,3.04433440619409e-05,1.0481829363285631e-07,1.4142135623730951,1,5.830951894845301,0.24253562503633297,0.9957510787676723,1.3333333333333333,0,,91,95,56,59,80,83,-6.979562914580636,0.0,0.9999873098721701,True,0,small,0.5530794707693413
BraTS-GLI-02243-101,sustraccion,prediction_component,191,34,13056.0,2.279101699264339e-05,5.874620051645378e-08,1.4142135623730951,1,9.9498743710662,0.1421338109037403,0.7036956967830031,1.4,0,,92,97,38,45,125,130,-7.231020216683427,0.0,0.9995435677014347,True,0,small,0.5530794707693413
BraTS-GLI-02243-101,sustraccion,prediction_component,192,14,7680.0,2.080109539136373e-05,4.8935585030206e-08,1.4142135623730951,1,8.12403840463596,0.17407765595569785,0.9458781407605124,1.25,0,,92,97,143,148,48,52,-7.310375215276639,0.0,0.9998348244721845,True,0,small,0.5530794707693413
BraTS-GLI-02243-101,sustraccion,prediction_component,193,46,19200.0,1.729043774916848e-05,3.381149319964601e-08,1.4142135623730951,1,12.884098726725126,0.10976425998969035,0.6362462813425951,1.5,0,,92,99,165,171,45,54,-7.47093564928608,0.0,0.9975935725661951,True,0,small,0.5530794707693413
BraTS-GLI-02243-101,sustraccion,prediction_component,195,38,15872.0,1.9003610233458445e-05,4.084365529596134e-08,1.4142135623730951,1,11.74734012447073,0.12038585308576921,0.6780837477859392,1.6,0,,93,101,63,68,101,108,-7.388875397735269,0.0,0.9987053122538359,True,0,small,0.5530794707693413
BraTS-GLI-02243-101,sustraccion,prediction_component,196,27,10496.0,2.5108919892056284e-05,7.13031039197455e-08,1.4142135623730951,1,8.774964387392123,0.16116459280507606,0.7599002946021327,1.5,0,,93,97,100,106,130,135,-7.146891564315359,0.0,0.9997985481897971,True,0,small,0.5530794707693413
BraTS-GLI-02243-101,sustraccion,prediction_component,197,14,6912.0,2.4362533060422576e-05,6.712700278491907e-08,1.4142135623730951,1,7.0710678118654755,0.2,0.9458781407605124,1.6666666666666667,0,,93,96,130,134,142,147,-7.1731027435946135,0.0,0.9999365514425618,True,0,small,0.5530794707693413
BraTS-GLI-02243-101,sustraccion,prediction_component,198,16,6656.0,2.9464563572443515e-05,9.818664009850627e-08,1.4142135623730951,1,6.4031242374328485,0.2208630521496931,0.9046998952817776,1.3333333333333333,0,,93,97,140,144,146,149,-7.007947601074732,0.0,0.9999727215274006,True,0,small,0.5530794707693413
BraTS-GLI-02243-101,sustraccion,prediction_component,201,24,9216.0,2.712673611111111e-05,8.322378406497619e-08,1.4142135623730951,1,8.246211251235321,0.17149858514250885,0.7903281549671363,1.5,0,,94,98,46,52,126,130,-7.079752541352778,0.0,0.9998807220911841,True,0,small,0.5530794707693413
BraTS-GLI-02243-101,sustraccion,prediction_component,202,12,6144.0,2.4917498197257264e-05,7.022006780482366e-08,1.4142135623730951,1,6.4031242374328485,0.2208630521496931,0.9957510787676723,1.3333333333333333,0,,94,98,54,58,89,92,-7.153538755513696,0.0,0.9999647617941148,True,0,small,0.5530794707693413
BraTS-GLI-02243-101,sustraccion,prediction_component,203,134,46080.0,1.354678046264521e-05,2.0755087037093228e-08,1.7320508075688772,1,24.1039415863879,0.07185757571479552,0.5456178429960139,1.6,0,,94,110,61,76,41,51,-7.68287544105443,0.0,0.9866027058784083,True,0,small,0.5530794707693413
BraTS-GLI-02243-101,sustraccion,prediction_component,204,14,6144.0,2.9070414563466808e-05,9.557731451212109e-08,1.4142135623730951,1,6.928203230275509,0.20412414523193154,0.9458781407605124,1.0,0,,94,98,90,94,28,32,-7.019645176252469,0.0,0.999966684186979,True,0,small,0.5530794707693413
BraTS-GLI-02243-101,sustraccion,prediction_component,206,20,7936.0,2.8289645606535866e-05,9.051225550351545e-08,1.4142135623730951,1,7.0710678118654755,0.2,0.8398489863421099,1.6666666666666667,0,,94,98,96,101,125,128,-7.043292612648983,0.0,0.9999453694507522,True,0,small,0.5530794707693413
BraTS-GLI-02243-101,sustraccion,prediction_component,209,77,25088.0,1.9377228637824915e-05,4.246544708563263e-08,1.4142135623730951,1,14.866068747318506,0.09513029883089882,0.5358554176060653,1.8333333333333333,0,,95,106,89,95,39,47,-7.371964299206648,0.0,0.9970673292822003,True,0,small,0.5530794707693413
BraTS-GLI-02243-101,sustraccion,prediction_component,210,12,5376.0,3.04433440619409e-05,1.0481829363285631e-07,1.4142135623730951,1,5.830951894845301,0.24253562503633297,0.9957510787676723,1.3333333333333333,0,,95,98,95,99,48,51,-6.979562914580636,0.0,0.9999873098721701,True,0,small,0.5530794707693413
BraTS-GLI-02243-101,sustraccion,prediction_component,214,19,9984.0,1.9045691370546972e-05,4.102474198560274e-08,1.4142135623730951,1,9.486832980505138,0.14907119849998599,0.8543319874271107,1.75,0,,96,103,90,94,49,54,-7.386954141647967,0.0,0.9995493007343913,True,0,small,0.5530794707693413
BraTS-GLI-02243-101,sustraccion,prediction_component,216,28,12288.0,2.055588726973155e-05,4.7788657256060547e-08,1.4142135623730951,1,9.848857801796104,0.14359163172354764,0.7507439778384809,1.2,0,,96,102,136,142,39,44,-7.3206751719164505,0.0,0.999463736001654,True,0,small,0.5530794707693413
BraTS-GLI-02243-101,sustraccion,prediction_component,217,19,8448.0,2.446936747720066e-05,6.771702339772293e-08,1.4142135623730951,1,7.54983443527075,0.1873171623163388,0.8543319874271107,1.25,0,,96,100,152,156,135,140,-7.169302140202132,0.0,0.9998961608534125,True,0,small,0.5530794707693413
BraTS-GLI-02243-101,sustraccion,prediction_component,218,44,15872.0,2.2004180270320306e-05,5.4759914579626844e-08,1.4142135623730951,1,10.488088481701515,0.13483997249264842,0.6457438947298227,1.4,0,,96,102,182,189,89,94,-7.261537237996515,0.0,0.9993038573135732,True,0,small,0.5530794707693413
BraTS-GLI-02243-101,sustraccion,prediction_component,219,14,6912.0,2.4362533060422576e-05,6.712700278491907e-08,1.4142135623730951,1,7.0710678118654755,0.2,0.9458781407605124,1.6666666666666667,0,,97,100,53,58,128,132,-7.1731027435946135,0.0,0.9999365514425618,True,0,small,0.5530794707693413
BraTS-GLI-02243-101,sustraccion,prediction_component,222,14,7680.0,2.080109539136373e-05,4.8935585030206e-08,1.4142135623730951,1,7.810249675906654,0.1810714920850371,0.9458781407605124,2.0,0,,97,100,92,96,121,127,-7.310375215276639,0.0,0.9998534593399278,True,0,small,0.5530794707693413
BraTS-GLI-02243-101,sustraccion,prediction_component,226,12,6144.0,2.4917498197257264e-05,7.022006780482366e-08,1.4142135623730951,1,6.4031242374328485,0.2208630521496931,0.9957510787676723,1.3333333333333333,0,,98,102,74,77,143,147,-7.153538755513696,0.0,0.9999647617941148,True,0,small,0.5530794707693413
BraTS-GLI-02243-101,sustraccion,prediction_component,227,14,6144.0,2.9070414563466808e-05,9.557731451212109e-08,1.4142135623730951,1,6.928203230275509,0.20412414523193154,0.9458781407605124,1.0,0,,98,102,129,133,139,143,-7.019645176252469,0.0,0.999966684186979,True,0,small,0.5530794707693413
BraTS-GLI-02243-101,sustraccion,prediction_component,229,26,11520.0,2.102783833007615e-05,5.000824713593235e-08,1.4142135623730951,1,9.899494936611665,0.14285714285714288,0.7695203069187393,2.6666666666666665,0,,99,102,100,108,102,107,-7.300958367858523,0.0,0.9995246122206459,True,0,small,0.5530794707693413
BraTS-GLI-02243-101,sustraccion,prediction_component,231,37,13056.0,2.480198908022957e-05,6.957054369119829e-08,1.4142135623730951,1,9.486832980505138,0.14907119849998599,0.6841383873286643,1.75,0,,100,107,45,50,47,51,-7.157574602633947,0.0,0.9996722767182203,True,0,small,0.5530794707693413
BraTS-GLI-02243-101,sustraccion,prediction_component,234,19,9216.0,2.147533275462963e-05,5.2159350776834036e-08,1.4142135623730951,1,8.12403840463596,0.17407765595569785,0.8543319874271107,1.25,0,,100,105,55,59,102,107,-7.282667822870332,0.0,0.9998010302511836,True,0,small,0.5530794707693413
BraTS-GLI-02243-101,sustraccion,prediction_component,235,757,241408.0,6.3821703562091715e-06,4.606691805851222e-09,1.7320508075688772,1,60.778285596090974,0.02849785561704419,0.30635492791397895,1.4444444444444444,0,,100,138,45,72,37,76,-8.336610841685967,0.0,0.5880716970445349,True,0,small,0.5530794707693413
BraTS-GLI-02243-101,sustraccion,prediction_component,237,17,8448.0,2.1893644584863748e-05,5.421113507463137e-08,1.4142135623730951,1,7.54983443527075,0.1873171623163388,0.8866010210973454,1.25,0,,101,105,63,68,31,35,-7.265911499351242,0.0,0.9998654673288377,True,0,small,0.5530794707693413
BraTS-GLI-02243-101,sustraccion,prediction_component,238,12,5376.0,3.04433440619409e-05,1.0481829363285631e-07,1.4142135623730951,1,5.830951894845301,0.24253562503633297,0.9957510787676723,1.3333333333333333,0,,102,106,38,41,55,58,-6.979562914580636,0.0,0.9999873098721701,True,0,small,0.5530794707693413
BraTS-GLI-02243-101,sustraccion,prediction_component,241,1565,410880.0,5.942125756824016e-06,3.993337818049645e-09,2.0,1,87.37848705488096,0.022888929156484862,0.27768649031757053,1.1702127659574468,1,,102,151,96,143,24,79,-8.398663948931866,0.6931471805599453,0.41772282307637437,False,0,small,0.5530794707693413
BraTS-GLI-02243-101,sustraccion,prediction_component,242,61,26880.0,1.3841588646265932e-05,2.1668270589325462e-08,1.4142135623730951,1,18.05547008526779,0.07832604499879574,0.5791191452117007,2.0,0,,102,109,158,172,126,135,-7.664175749662408,0.0,0.989908099908045,True,0,small,0.5530794707693413
BraTS-GLI-02243-101,sustraccion,prediction_component,243,17,8448.0,2.1893644584863748e-05,5.421113507463137e-08,1.4142135623730951,1,7.681145747868608,0.1841149235796647,0.8866010210973454,1.6666666666666667,0,,103,108,52,55,73,78,-7.265911499351242,0.0,0.9998578877526196,True,0,small,0.5530794707693413
BraTS-GLI-02243-101,sustraccion,prediction_component,246,40,15616.0,2.0497707468765364e-05,4.7518525404421136e-08,1.4142135623730951,1,11.532562594670797,0.12262786789699316,0.6665885822069456,2.25,0,,103,107,117,126,68,74,-7.323137044850504,0.0,0.9989891162555151,True,0,small,0.5530794707693413
BraTS-GLI-02243-101,sustraccion,prediction_component,249,29,11776.0,2.2693490619119486e-05,5.824450762606069e-08,1.4142135623730951,1,9.848857801796104,0.14359163172354764,0.742013605090188,1.2,0,,104,109,48,54,40,46,-7.234745021720937,0.0,0.9996001113193662,True,0,small,0.5530794707693413
BraTS-GLI-02243-101,sustraccion,prediction_component,250,19,9984.0,1.9045691370546972e-05,4.102474198560274e-08,1.4142135623730951,1,9.0,0.15713484026367724,0.8543319874271107,1.75,0,,104,108,94,98,31,38,-7.386954141647967,0.0,0.9996073885443667,True,0,small,0.5530794707693413
BraTS-GLI-02243-101,sustraccion,prediction_component,251,21,8448.0,2.704509036953757e-05,8.272356597893577e-08,1.4142135623730951,1,7.54983443527075,0.1873171623163388,0.8263006657894747,1.25,0,,104,109,119,123,32,36,-7.082370752639951,0.0,0.9999180069876032,True,0,small,0.5530794707693413
BraTS-GLI-02243-101,sustraccion,prediction_component,252,17,7680.0,2.5258472975227388e-05,7.215502078433436e-08,1.4142135623730951,1,7.0710678118654755,0.2,0.8866010210973454,1.6666666666666667,0,,105,109,40,45,64,67,-7.141733443876567,0.0,0.9999319269700248,True,0,small,0.5530794707693413
BraTS-GLI-02243-101,sustraccion,prediction_component,254,354,97536.0,1.1621330453038508e-05,1.5274397010549136e-08,1.7320508075688772,1,36.932370625238775,0.04689790496105418,0.394689654668298,1.75,0,,105,133,80,96,28,46,-7.81603592544941,0.0,0.9476725375078421,True,0,small,0.5530794707693413
BraTS-GLI-02243-101,sustraccion,prediction_component,255,24,11008.0,2.078014675680478e-05,4.883706930629415e-08,1.4142135623730951,1,9.486832980505138,0.14907119849998599,0.7903281549671363,1.75,0,,105,109,104,111,86,91,-7.311250405789675,0.0,0.9995841067848693,True,0,small,0.5530794707693413
BraTS-GLI-02243-101,sustraccion,prediction_component,257,897,265728.0,6.548419073663296e-06,4.849816459122072e-09,2.23606797749979,1,76.34788798650555,0.02928788256585452,0.3737521712104117,2.5217391304347827,1,,106,150,67,90,25,83,-8.31427469692326,0.6931471805599453,0.5979461714935146,True,0,small,0.5530794707693413
BraTS-GLI-02243-101,sustraccion,prediction_component,258,12,5376.0,3.04433440619409e-05,1.0481829363285631e-07,1.4142135623730951,1,5.830951894845301,0.24253562503633297,0.9957510787676723,1.3333333333333333,0,,106,109,117,121,86,89,-6.979562914580636,0.0,0.9999873098721701,True,0,small,0.5530794707693413
BraTS-GLI-02243-101,sustraccion,prediction_component,261,24,9472.0,2.6034468006549403e-05,7.665664164680334e-08,1.4142135623730951,1,8.660254037844387,0.1632993161855452,0.7903281549671363,1.0,0,,106,111,168,173,111,116,-7.1154502112519005,0.0,0.9998431614394291,True,0,small,0.5530794707693413
BraTS-GLI-02243-101,sustraccion,prediction_component,262,213,68864.0,1.1786673013202153e-05,1.5712122064086888e-08,1.4142135623730951,1,27.03701166919155,0.05230657809659415,0.3817256410656046,2.111111111111111,0,,107,126,39,48,55,72,-7.803765155603876,0.0,0.9522983770082261,True,0,small,0.5530794707693413
BraTS-GLI-02243-101,sustraccion,prediction_component,266,23,10496.0,2.1389079908047943e-05,5.174120984025427e-08,1.4142135623730951,1,8.774964387392123,0.16116459280507606,0.8016200827808712,1.5,0,,107,112,150,156,48,52,-7.2861634205981485,0.0,0.9997029173064057,True,0,small,0.5530794707693413
BraTS-GLI-02243-101,sustraccion,prediction_component,267,21,8960.0,2.476037855649951e-05,6.933730123813445e-08,1.4142135623730951,1,7.681145747868608,0.1841149235796647,0.8263006657894747,1.6666666666666667,0,,108,111,49,54,79,84,-7.159033066057116,0.0,0.9998846485072238,True,0,small,0.5530794707693413
BraTS-GLI-02243-101,sustraccion,prediction_component,268,33,15360.0,1.7335130537223953e-05,3.398651281753465e-08,1.4142135623730951,1,12.24744871391589,0.11547005383792516,0.7107331206052484,2.0,0,,108,118,49,54,71,76,-7.468693393869284,0.0,0.9982890846176887,True,0,small,0.5530794707693413
BraTS-GLI-02243-101,sustraccion,prediction_component,270,12,6144.0,2.4917498197257264e-05,7.022006780482366e-08,1.4142135623730951,1,6.4031242374328485,0.2208630521496931,0.9957510787676723,1.3333333333333333,0,,109,112,36,40,67,71,-7.153538755513696,0.0,0.9999647617941148,True,0,small,0.5530794707693413
BraTS-GLI-02243-101,sustraccion,prediction_component,271,12,5376.0,3.04433440619409e-05,1.0481829363285631e-07,1.4142135623730951,1,5.830951894845301,0.24253562503633297,0.9957510787676723,1.3333333333333333,0,,109,112,50,54,57,60,-6.979562914580636,0.0,0.9999873098721701,True,0,small,0.5530794707693413
BraTS-GLI-02243-101,sustraccion,prediction_component,272,14,6912.0,2.4362533060422576e-05,6.712700278491907e-08,1.4142135623730951,1,7.0710678118654755,0.2,0.9458781407605124,1.6666666666666667,0,,109,114,61,65,114,117,-7.1731027435946135,0.0,0.9999365514425618,True,0,small,0.5530794707693413
BraTS-GLI-02243-101,sustraccion,prediction_component,274,12,6144.0,2.4917498197257264e-05,7.022006780482366e-08,1.4142135623730951,1,6.4031242374328485,0.2208630521496931,0.9957510787676723,1.3333333333333333,0,,109,113,137,141,80,83,-7.153538755513696,0.0,0.9999647617941148,True,0,small,0.5530794707693413
BraTS-GLI-02243-101,sustraccion,prediction_component,275,19,8448.0,2.446936747720066e-05,6.771702339772293e-08,1.4142135623730951,1,8.12403840463596,0.17407765595569785,0.8543319874271107,1.25,0,,110,114,127,132,39,44,-7.169302140202132,0.0,0.999869749706771,True,0,small,0.5530794707693413
BraTS-GLI-02243-101,sustraccion,prediction_component,278,29,13824.0,1.7842159202974337e-05,3.6003704937574576e-08,1.4142135623730951,1,10.770329614269007,0.13130643285972257,0.742013605090188,2.0,0,,111,117,51,59,118,122,-7.443652806145121,0.0,0.9989232354898059,True,0,small,0.5530794707693413
BraTS-GLI-02243-101,sustraccion,prediction_component,279,14,7680.0,2.080109539136373e-05,4.8935585030206e-08,1.4142135623730951,1,7.54983443527075,0.1873171623163388,0.9458781407605124,1.25,0,,111,115,56,61,41,45,-7.310375215276639,0.0,0.9998683165549729,True,0,small,0.5530794707693413
BraTS-GLI-02243-101,sustraccion,prediction_component,280,40,14336.0,2.3303330942419817e-05,6.141696892550174e-08,1.4142135623730951,1,9.9498743710662,0.1421338109037403,0.6665885822069456,1.4,0,,111,118,64,69,33,38,-7.211711620836804,0.0,0.9995224402022647,True,0,small,0.5530794707693413
BraTS-GLI-02243-101,sustraccion,prediction_component,281,21,8448.0,2.704509036953757e-05,8.272356597893577e-08,1.4142135623730951,1,7.54983443527075,0.1873171623163388,0.8263006657894747,1.25,0,,111,115,106,110,33,38,-7.082370752639951,0.0,0.9999180069876032,True,0,small,0.5530794707693413
BraTS-GLI-02243-101,sustraccion,prediction_component,282,12,5376.0,3.04433440619409e-05,1.0481829363285631e-07,1.4142135623730951,1,5.830951894845301,0.24253562503633297,0.9957510787676723,1.3333333333333333,0,,111,115,133,136,141,144,-6.979562914580636,0.0,0.9999873098721701,True,0,small,0.5530794707693413
BraTS-GLI-02243-101,sustraccion,prediction_component,284,18,9216.0,2.0345052083333332e-05,4.681337853654911e-08,1.4142135623730951,1,7.810249675906654,0.1810714920850371,0.8698686901515341,2.0,0,,112,118,106,109,49,53,-7.329630014569378,0.0,0.999799703596544,True,0,small,0.5530794707693413
BraTS-GLI-02243-101,sustraccion,prediction_component,289,19,7680.0,2.8230058031136492e-05,9.013135814236922e-08,1.4142135623730951,1,6.928203230275509,0.20412414523193154,0.8543319874271107,1.0,0,,113,117,134,138,80,84,-7.0451240847274565,0.0,0.9999510398825899,True,0,small,0.5530794707693413
BraTS-GLI-02243-101,sustraccion,prediction_component,291,12,6144.0,2.4917498197257264e-05,7.022006780482366e-08,1.4142135623730951,1,6.4031242374328485,0.2208630521496931,0.9957510787676723,1.3333333333333333,0,,114,118,46,50,106,109,-7.153538755513696,0.0,0.9999647617941148,True,0,small,0.5530794707693413
BraTS-GLI-02243-101,sustraccion,prediction_component,295,12,6144.0,2.4917498197257264e-05,7.022006780482366e-08,1.4142135623730951,1,6.4031242374328485,0.2208630521496931,0.9957510787676723,1.3333333333333333,0,,114,118,156,159,48,52,-7.153538755513696,0.0,0.9999647617941148,True,0,small,0.5530794707693413
BraTS-GLI-02243-101,sustraccion,prediction_component,296,24,9216.0,2.712673611111111e-05,8.322378406497619e-08,1.4142135623730951,1,7.681145747868608,0.1841149235796647,0.7903281549671363,1.6666666666666667,0,,115,118,49,54,130,135,-7.079752541352778,0.0,0.9999038888114969,True,0,small,0.5530794707693413
BraTS-GLI-02243-101,sustraccion,prediction_component,297,279,99072.0,8.947007631402057e-06,9.053322454349669e-09,1.7320508075688772,1,42.5440947723653,0.04071189707611168,0.42728937723732524,2.4,0,,115,132,147,162,41,77,-8.043192010983667,0.0,0.8854066539226336,True,0,small,0.5530794707693413
BraTS-GLI-02243-101,sustraccion,prediction_component,299,12,6144.0,2.4917498197257264e-05,7.022006780482366e-08,1.4142135623730951,1,6.4031242374328485,0.2208630521496931,0.9957510787676723,1.3333333333333333,0,,116,120,57,61,57,60,-7.153538755513696,0.0,0.9999647617941148,True,0,small,0.5530794707693413
BraTS-GLI-02243-101,sustraccion,prediction_component,301,66,23040.0,1.8872099751438895e-05,4.028031148744847e-08,1.4142135623730951,1,13.96424004376894,0.10127393670836667,0.5641092516587063,2.2,0,,116,127,104,111,135,140,-7.3949071797083645,0.0,0.9973689532393704,True,0,small,0.5530794707693413
BraTS-GLI-02243-101,sustraccion,prediction_component,302,14,6912.0,2.4362533060422576e-05,6.712700278491907e-08,1.4142135623730951,1,7.0710678118654755,0.2,0.9458781407605124,1.6666666666666667,0,,116,121,128,132,143,146,-7.1731027435946135,0.0,0.9999365514425618,True,0,small,0.5530794707693413
BraTS-GLI-02243-101,sustraccion,prediction_component,304,260,61696.0,1.696632711847365e-05,3.255577555669919e-08,2.23606797749979,1,23.558437978779494,0.0949157995752499,0.5647506714578179,3.8,1,,116,135,152,165,88,93,-7.487371954257097,0.6931471805599453,0.9945996330772475,True,0,small,0.5530794707693413
BraTS-GLI-02243-101,sustraccion,prediction_component,306,14,7680.0,2.080109539136373e-05,4.8935585030206e-08,1.4142135623730951,1,7.54983443527075,0.1873171623163388,0.9458781407605124,1.25,0,,117,121,93,97,98,103,-7.310375215276639,0.0,0.9998683165549729,True,0,small,0.5530794707693413
BraTS-GLI-02243-101,sustraccion,prediction_component,307,73,28416.0,1.5239771099453745e-05,2.6266926654823492e-08,1.4142135623730951,1,17.69180601295413,0.07993607669774316,0.5454692181434626,2.3333333333333335,0,,117,126,95,109,78,84,-7.580590738593188,0.0,0.9919928358158089,True,0,small,0.5530794707693413
BraTS-GLI-02243-101,sustraccion,prediction_component,308,38,14848.0,2.1003015762516237e-05,4.989025113460923e-08,1.4142135623730951,1,10.392304845413264,0.13608276348795434,0.6780837477859392,1.0,0,,117,123,119,125,31,37,-7.301984309929319,0.0,0.9992844188281399,True,0,small,0.5530794707693413
BraTS-GLI-02243-101,sustraccion,prediction_component,310,19,9984.0,1.9045691370546972e-05,4.102474198560274e-08,1.4142135623730951,1,9.38083151964686,0.15075567228888181,0.8543319874271107,1.5,0,,118,124,47,51,75,81,-7.386954141647967,0.0,0.9995621057942375,True,0,small,0.5530794707693413
BraTS-GLI-02243-101,sustraccion,prediction_component,313,17,7168.0,2.8012503667152895e-05,8.874752009735003e-08,1.4142135623730951,1,6.928203230275509,0.20412414523193154,0.8866010210973454,1.0,0,,118,122,92,96,127,131,-7.051843773744237,0.0,0.9999546688380104,True,0,small,0.5530794707693413
BraTS-GLI-02243-101,sustraccion,prediction_component,314,27,9984.0,2.7064929842356223e-05,8.284497758311468e-08,1.4142135623730951,1,8.660254037844387,0.1632993161855452,0.7599002946021327,1.0,0,,118,123,113,118,70,75,-7.08173381523565,0.0,0.9998477544291948,True,0,small,0.5530794707693413
BraTS-GLI-02243-101,sustraccion,prediction_component,316,21,9984.0,2.1050500988499285e-05,5.011609755027925e-08,1.4142135623730951,1,9.1104335791443,0.1552301051412666,0.8263006657894747,2.3333333333333335,0,,118,123,122,129,82,85,-7.300022754085787,0.0,0.9996796967295476,True,0,small,0.5530794707693413
BraTS-GLI-02243-101,sustraccion,prediction_component,317,28,12032.0,2.1215403517396566e-05,5.0904358217950245e-08,1.4142135623730951,1,10.246950765959598,0.13801311186847084,0.7507439778384809,2.0,0,,118,126,146,151,126,130,-7.2932450335968415,0.0,0.9994674951158706,True,0,small,0.5530794707693413
BraTS-GLI-02243-101,sustraccion,prediction_component,319,21,8192.0,2.8322682199320788e-05,9.072377900955245e-08,1.4142135623730951,1,7.0710678118654755,0.2,0.8263006657894747,1.6666666666666667,0,,119,122,66,70,56,61,-7.042278867966007,0.0,0.9999431916762265,True,0,small,0.5530794707693413
BraTS-GLI-02243-101,sustraccion,prediction_component,320,63,23552.0,1.7430059131915165e-05,3.435975784301945e-08,1.4142135623730951,1,14.798648586948742,0.09556369651349932,0.5729248826285681,1.5714285714285714,0,,119,130,91,98,139,146,-7.46394990560363,0.0,0.9963515819370234,True,0,small,0.5530794707693413
BraTS-GLI-02243-101,sustraccion,prediction_component,322,21,8448.0,2.704509036953757e-05,8.272356597893577e-08,1.4142135623730951,1,7.54983443527075,0.1873171623163388,0.8263006657894747,1.25,0,,119,124,118,122,97,101,-7.082370752639951,0.0,0.9999180069876032,True,0,small,0.5530794707693413
BraTS-GLI-02243-101,sustraccion,prediction_component,323,41,19968.0,1.4530548377381444e-05,2.387901360034564e-08,1.4142135623730951,1,13.96424004376894,0.10127393670836667,0.6611244956113513,2.2,0,,119,130,124,129,136,143,-7.621983617106098,0.0,0.9954857001823868,True,0,small,0.5530794707693413
BraTS-GLI-02243-101,sustraccion,prediction_component,324,32,13568.0,2.0247724638662888e-05,4.636655457515523e-08,1.4142135623730951,1,9.899494936611665,0.14285714285714288,0.7180607827429069,2.6666666666666665,0,,120,128,67,70,45,50,-7.333795174636683,0.0,0.9993675565695634,True,0,small,0.5530794707693413
BraTS-GLI-02243-101,sustraccion,prediction_component,325,33,14592.0,1.872154595974954e-05,3.964019573411244e-08,1.4142135623730951,1,11.180339887498949,0.12649110640673517,0.7107331206052484,1.6,0,,120,126,91,96,40,48,-7.401864209735827,0.0,0.9988957543590447,True,0,small,0.5530794707693413
BraTS-GLI-02243-101,sustraccion,prediction_component,326,59,21760.0,1.8380768915585815e-05,3.821023631792347e-08,1.4142135623730951,1,14.798648586948742,0.09556369651349932,0.5855902858043154,1.5714285714285714,0,,120,131,98,105,49,56,-7.4178202763327175,0.0,0.9970480320188421,True,0,small,0.5530794707693413
BraTS-GLI-02243-101,sustraccion,prediction_component,328,31,13824.0,1.9072652941110498e-05,4.1140975558869407e-08,1.4142135623730951,1,10.246950765959598,0.13801311186847084,0.7257003006213092,2.0,0,,121,129,68,72,123,128,-7.3857254142744875,0.0,0.9991857490280585,True,0,small,0.5530794707693413
BraTS-GLI-02243-101,sustraccion,prediction_component,331,14,6144.0,2.9070414563466808e-05,9.557731451212109e-08,1.4142135623730951,1,6.928203230275509,0.20412414523193154,0.9458781407605124,1.0,0,,122,126,73,77,78,82,-7.019645176252469,0.0,0.999966684186979,True,0,small,0.5530794707693413
BraTS-GLI-02243-101,sustraccion,prediction_component,334,28,10496.0,2.6038879888058366e-05,7.668262479160557e-08,1.4142135623730951,1,8.774964387392123,0.16116459280507606,0.7507439778384809,1.5,0,,123,128,60,66,112,116,-7.115303029948896,0.0,0.9998157176769956,True,0,small,0.5530794707693413
BraTS-GLI-02243-101,sustraccion,prediction_component,335,12,6144.0,2.4917498197257264e-05,7.022006780482366e-08,1.4142135623730951,1,6.4031242374328485,0.2208630521496931,0.9957510787676723,1.3333333333333333,0,,123,127,64,68,136,139,-7.153538755513696,0.0,0.9999647617941148,True,0,small,0.5530794707693413
BraTS-GLI-02243-101,sustraccion,prediction_component,336,17,7680.0,2.5258472975227388e-05,7.215502078433436e-08,1.4142135623730951,1,7.0710678118654755,0.2,0.8866010210973454,1.6666666666666667,0,,123,128,81,84,48,52,-7.141733443876567,0.0,0.9999319269700248,True,0,small,0.5530794707693413
BraTS-GLI-02243-101,sustraccion,prediction_component,337,12,5376.0,3.04433440619409e-05,1.0481829363285631e-07,1.4142135623730951,1,5.830951894845301,0.24253562503633297,0.9957510787676723,1.3333333333333333,0,,123,127,101,104,128,131,-6.979562914580636,0.0,0.9999873098721701,True,0,small,0.5530794707693413
BraTS-GLI-02243-101,sustraccion,prediction_component,339,45,19200.0,1.6914558667664817e-05,3.2357407244462745e-08,1.4142135623730951,1,12.727922061357855,0.11111111111111112,0.6409247308398612,1.1428571428571428,0,,123,130,136,143,43,51,-7.490026285098541,0.0,0.9975118018399999,True,0,small,0.5530794707693413
BraTS-GLI-02243-101,sustraccion,prediction_component,340,19,9984.0,1.9045691370546972e-05,4.102474198560274e-08,1.4142135623730951,1,8.774964387392123,0.16116459280507606,0.8543319874271107,1.5,0,,124,129,66,70,67,73,-7.386954141647967,0.0,0.9996335496423974,True,0,small,0.5530794707693413
BraTS-GLI-02243-101,sustraccion,prediction_component,341,12,5376.0,3.04433440619409e-05,1.0481829363285631e-07,1.4142135623730951,1,5.830951894845301,0.24253562503633297,0.9957510787676723,1.3333333333333333,0,,124,128,83,86,101,104,-6.979562914580636,0.0,0.9999873098721701,True,0,small,0.5530794707693413
BraTS-GLI-02243-101,sustraccion,prediction_component,342,53,19200.0,1.992159131969412e-05,4.488491701219548e-08,1.4142135623730951,1,13.114877048604,0.10783277320343843,0.6069029442833568,1.6666666666666667,0,,124,130,148,158,102,108,-7.347899573447649,0.0,0.9982756458239128,True,0,small,0.5530794707693413
BraTS-GLI-02243-101,sustraccion,prediction_component,345,19,7680.0,2.8230058031136492e-05,9.013135814236922e-08,1.4142135623730951,1,7.54983443527075,0.1873171623163388,0.8543319874271107,1.25,0,,125,130,63,67,125,129,-7.0451240847274565,0.0,0.9999347189956922,True,0,small,0.5530794707693413
BraTS-GLI-02243-101,sustraccion,prediction_component,348,21,8704.0,2.5860741383219535e-05,7.563700362774818e-08,1.4142135623730951,1,7.54983443527075,0.1873171623163388,0.8263006657894747,1.25,0,,127,131,63,67,43,48,-7.121265684133054,0.0,0.999905177059411,True,0,small,0.5530794707693413
BraTS-GLI-02243-101,sustraccion,prediction_component,349,34,14592.0,1.9288865534287406e-05,4.2079032386257095e-08,1.4142135623730951,1,10.04987562112089,0.1407195089460584,0.7036956967830031,1.75,0,,127,134,80,84,42,48,-7.375934255407092,0.0,0.9991964848877396,True,0,small,0.5530794707693413
BraTS-GLI-02243-101,sustraccion,prediction_component,351,21,11264.0,1.7566301480749058e-05,3.4899004397363526e-08,1.4142135623730951,1,9.9498743710662,0.1421338109037403,0.8263006657894747,1.4,0,,127,132,91,98,33,38,-7.457186962464851,0.0,0.9992790709862446,True,0,small,0.5530794707693413
BraTS-GLI-02243-101,sustraccion,prediction_component,352,17,8448.0,2.1893644584863748e-05,5.421113507463137e-08,1.4142135623730951,1,7.681145747868608,0.1841149235796647,0.8866010210973454,1.6666666666666667,0,,128,133,65,68,133,138,-7.265911499351242,0.0,0.9998578877526196,True,0,small,0.5530794707693413
BraTS-GLI-02243-101,sustraccion,prediction_component,355,17,7168.0,2.8012503667152895e-05,8.874752009735003e-08,1.4142135623730951,1,6.928203230275509,0.20412414523193154,0.8866010210973454,1.0,0,,129,133,99,103,107,111,-7.051843773744237,0.0,0.9999546688380104,True,0,small,0.5530794707693413
BraTS-GLI-02243-101,sustraccion,prediction_component,358,85,27136.0,1.9015168572276557e-05,4.0893354102233463e-08,1.4142135623730951,1,14.730919862656235,0.09600307214746388,0.5184874224812556,1.6666666666666667,0,,130,140,104,113,131,137,-7.388347266839853,0.0,0.9967557928210131,True,0,small,0.5530794707693413
BraTS-GLI-02243-101,sustraccion,prediction_component,359,12,6144.0,2.4917498197257264e-05,7.022006780482366e-08,1.4142135623730951,1,6.4031242374328485,0.2208630521496931,0.9957510787676723,1.3333333333333333,0,,131,135,92,96,89,92,-7.153538755513696,0.0,0.9999647617941148,True,0,small,0.5530794707693413
BraTS-GLI-02243-101,sustraccion,prediction_component,360,12,5376.0,3.04433440619409e-05,1.0481829363285631e-07,1.4142135623730951,1,5.830951894845301,0.24253562503633297,0.9957510787676723,1.3333333333333333,0,,131,134,95,99,38,41,-6.979562914580636,0.0,0.9999873098721701,True,0,small,0.5530794707693413
BraTS-GLI-02243-101,sustraccion,prediction_component,361,59,20224.0,2.0514050804315237e-05,4.7594331034146895e-08,1.4142135623730951,1,13.379088160259652,0.105703284516338,0.5855902858043154,1.2857142857142858,0,,131,138,121,128,124,133,-7.3224447730611635,0.0,0.9982605024039789,True,0,small,0.5530794707693413
BraTS-GLI-02243-101,sustraccion,prediction_component,362,87,32000.0,1.5198274534568882e-05,2.612407631288944e-08,1.4142135623730951,1,19.209372712298546,0.07362101738323104,0.5144834988108414,1.3333333333333333,0,,132,144,81,90,44,56,-7.58295905626106,0.0,0.9900909673874337,True,0,small,0.5530794707693413
BraTS-GLI-02243-101,sustraccion,prediction_component,364,17,8448.0,2.1893644584863748e-05,5.421113507463137e-08,1.4142135623730951,1,7.681145747868608,0.1841149235796647,0.8866010210973454,1.6666666666666667,0,,132,137,139,142,64,69,-7.265911499351242,0.0,0.9998578877526196,True,0,small,0.5530794707693413
BraTS-GLI-02243-101,sustraccion,prediction_component,365,12,6144.0,2.4917498197257264e-05,7.022006780482366e-08,1.4142135623730951,1,6.4031242374328485,0.2208630521496931,0.9957510787676723,1.3333333333333333,0,,133,137,85,89,126,129,-7.153538755513696,0.0,0.9999647617941148,True,0,small,0.5530794707693413
BraTS-GLI-02243-101,sustraccion,prediction_component,368,24,9984.0,2.4057715415427756e-05,6.545776006567085e-08,1.4142135623730951,1,8.602325267042627,0.1643989873053573,0.7903281549671363,2.3333333333333335,0,,134,141,129,133,114,117,-7.184038860130413,0.0,0.9998011131354868,True,0,small,0.5530794707693413
BraTS-GLI-02243-101,sustraccion,prediction_component,369,16,7680.0,2.3772680447272836e-05,6.391586616190171e-08,1.4142135623730951,1,6.928203230275509,0.20412414523193154,0.9046998952817776,1.0,0,,135,139,64,68,55,59,-7.194391321321265,0.0,0.9999270678740181,True,0,small,0.5530794707693413
BraTS-GLI-02243-101,sustraccion,prediction_component,371,50,17152.0,2.2258600373918718e-05,5.6033542268023926e-08,1.4142135623730951,1,10.488088481701515,0.13483997249264842,0.6188060239571066,1.4,0,,136,142,74,79,123,130,-7.25155192190457,0.0,0.9992697002912769,True,0,small,0.5530794707693413
BraTS-GLI-02243-101,sustraccion,prediction_component,372,12,5376.0,3.04433440619409e-05,1.0481829363285631e-07,1.4142135623730951,1,5.830951894845301,0.24253562503633297,0.9957510787676723,1.3333333333333333,0,,136,139,140,143,69,73,-6.979562914580636,0.0,0.9999873098721701,True,0,small,0.5530794707693413
BraTS-GLI-02243-101,sustraccion,prediction_component,376,12,5376.0,3.04433440619409e-05,1.0481829363285631e-07,1.4142135623730951,1,5.830951894845301,0.24253562503633297,0.9957510787676723,1.3333333333333333,0,,138,141,143,146,73,77,-6.979562914580636,0.0,0.9999873098721701,True,0,small,0.5530794707693413
BraTS-GLI-02243-101,sustraccion,prediction_component,380,14,7680.0,2.080109539136373e-05,4.8935585030206e-08,1.4142135623730951,1,7.810249675906654,0.1810714920850371,0.9458781407605124,2.0,0,,141,147,91,95,72,75,-7.310375215276639,0.0,0.9998534593399278,True,0,small,0.5530794707693413
BraTS-GLI-02243-101,sustraccion,prediction_component,382,12,5376.0,3.04433440619409e-05,1.0481829363285631e-07,1.4142135623730951,1,5.830951894845301,0.24253562503633297,0.9957510787676723,1.3333333333333333,0,,142,145,100,104,123,126,-6.979562914580636,0.0,0.9999873098721701,True,0,small,0.5530794707693413
BraTS-GLI-02243-101,sustraccion,prediction_component,384,28,12288.0,2.055588726973155e-05,4.7788657256060547e-08,1.4142135623730951,1,11.661903789690601,0.12126781251816648,0.7507439778384809,1.3333333333333333,0,,144,150,89,95,58,66,-7.3206751719164505,0.0,0.9992143364127287,True,0,small,0.5530794707693413
BraTS-GLI-02243-101,gmm_2d,prediction_component,1,638,120320.0,1.52867070811801e-05,2.642897141131038e-08,2.8284271247461903,1,28.178005607210743,0.10037712264569912,0.5296239756325145,1.5384615384615385,2,,22,42,83,96,92,107,-7.577919738838955,1.0986122886681098,0.9910055834568615,True,0,small,0.5530794707693413
BraTS-GLI-02243-101,gmm_2d,prediction_component,2,38,13824.0,2.3379381024587062e-05,6.181848980958109e-08,1.7320508075688772,1,9.848857801796104,0.17586311452816475,0.8304795924748166,1.2,0,,22,28,85,90,78,84,-7.2088816087094125,0.0,0.9998420452008846,True,0,small,0.5530794707693413
BraTS-GLI-02243-101,gmm_2d,prediction_component,3,103513,15840000.0,1.6419583234047793e-06,3.049134855732887e-10,5.656854249492381,4,248.33847869389874,0.022778806889869864,0.19421058381363662,1.265625,174,,25,153,25,187,21,159,-9.51582336743341,5.1647859739235145,0.0014829162275537585,False,0,small,0.5530794707693413
BraTS-GLI-02243-101,gmm_2d,prediction_component,4,164,48896.0,1.5168193112416807e-05,2.6020765681962193e-08,2.23606797749979,1,20.615528128088304,0.10846522890932808,0.6585163908231257,1.5,1,,26,36,79,94,108,118,-7.584679928121914,0.6931471805599453,0.9954172121590917,True,0,small,0.5530794707693413
BraTS-GLI-02243-101,gmm_2d,prediction_component,5,89,23040.0,2.5448740573910025e-05,7.324617706429737e-08,1.7320508075688772,1,12.206555615733702,0.14189513095212064,0.6253552903860047,1.3333333333333333,0,,26,34,89,96,77,83,-7.1352150375022765,0.0,0.9995894892997245,True,0,small,0.5530794707693413
BraTS-GLI-02243-101,gmm_2d,prediction_component,6,25,9984.0,2.5060120224403912e-05,7.102621534903521e-08,1.7320508075688772,1,8.660254037844387,0.19999999999999996,0.9548683406603533,1.0,0,,27,32,62,67,79,84,-7.14858132620955,0.0,0.999943732308326,True,0,small,0.5530794707693413
BraTS-GLI-02243-101,gmm_2d,prediction_component,7,64,18944.0,2.4545531829353735e-05,6.813923701938073e-08,1.7320508075688772,1,11.180339887498949,0.15491933384829665,0.6980129914371896,1.6,0,,29,35,60,68,96,101,-7.166602733699282,0.0,0.9997064859207153,True,0,small,0.5530794707693413
BraTS-GLI-02243-101,gmm_2d,prediction_component,8,38,13824.0,2.3379381024587062e-05,6.181848980958109e-08,1.7320508075688772,1,9.848857801796104,0.17586311452816475,0.8304795924748166,1.2,0,,29,35,83,89,125,130,-7.2088816087094125,0.0,0.9998420452008846,True,0,small,0.5530794707693413
BraTS-GLI-02243-101,gmm_2d,prediction_component,9,25,9984.0,2.5060120224403912e-05,7.102621534903521e-08,1.7320508075688772,1,8.660254037844387,0.19999999999999996,0.9548683406603533,1.0,0,,34,39,54,59,90,95,-7.14858132620955,0.0,0.999943732308326,True,0,small,0.5530794707693413
BraTS-GLI-02243-101,gmm_2d,prediction_component,10,38,13824.0,2.3379381024587062e-05,6.181848980958109e-08,1.7320508075688772,1,9.848857801796104,0.17586311452816475,0.8304795924748166,1.2,0,,35,41,62,68,85,90,-7.2088816087094125,0.0,0.9998420452008846,True,0,small,0.5530794707693413
BraTS-GLI-02243-101,gmm_2d,prediction_component,11,46,15616.0,2.357236358908017e-05,6.284324984734695e-08,1.7320508075688772,1,10.488088481701515,0.1651445647689541,0.7792393700163133,1.4,0,,35,41,120,127,62,67,-7.20174136414328,0.0,0.9997827120276648,True,0,small,0.5530794707693413
BraTS-GLI-02243-101,gmm_2d,prediction_component,12,25,9984.0,2.5060120224403912e-05,7.102621534903521e-08,1.7320508075688772,1,8.660254037844387,0.19999999999999996,0.9548683406603533,1.0,0,,35,40,131,136,113,118,-7.14858132620955,0.0,0.999943732308326,True,0,small,0.5530794707693413
BraTS-GLI-02243-101,gmm_2d,prediction_component,13,25,9984.0,2.5060120224403912e-05,7.102621534903521e-08,1.7320508075688772,1,8.660254037844387,0.19999999999999996,0.9548683406603533,1.0,0,,37,42,130,135,136,141,-7.14858132620955,0.0,0.999943732308326,True,0,small,0.5530794707693413
BraTS-GLI-02243-101,gmm_2d,prediction_component,14,25,9984.0,2.5060120224403912e-05,7.102621534903521e-08,1.7320508075688772,1,8.660254037844387,0.19999999999999996,0.9548683406603533,1.0,0,,38,43,105,110,81,86,-7.14858132620955,0.0,0.999943732308326,True,0,small,0.5530794707693413
BraTS-GLI-02243-101,gmm_2d,prediction_component,15,200,59392.0,1.3817773527971207e-05,2.159377213236203e-08,2.23606797749979,1,26.038433132583073,0.08587567332159078,0.6163648635330432,1.7272727272727273,1,,38,57,128,139,28,42,-7.665671485818864,0.6931471805599453,0.9896256816230184,True,0,small,0.5530794707693413
BraTS-GLI-02243-101,gmm_2d,prediction_component,16,25,9984.0,2.5060120224403912e-05,7.102621534903521e-08,1.7320508075688772,1,8.660254037844387,0.19999999999999996,0.9548683406603533,1.0,0,,39,44,65,70,39,44,-7.14858132620955,0.0,0.999943732308326,True,0,small,0.5530794707693413
BraTS-GLI-02243-101,gmm_2d,prediction_component,17,25,9984.0,2.5060120224403912e-05,7.102621534903521e-08,1.7320508075688772,1,8.660254037844387,0.19999999999999996,0.9548683406603533,1.0,0,,40,45,68,73,137,142,-7.14858132620955,0.0,0.999943732308326,True,0,small,0.5530794707693413
BraTS-GLI-02243-101,gmm_2d,prediction_component,18,77,23552.0,2.130340560567409e-05,5.1327539493893255e-08,1.7320508075688772,1,12.884098726725126,0.13443321448446624,0.6562861745204266,1.5,0,,40,46,111,120,38,45,-7.2896495541658295,0.0,0.9992469148035056,True,0,small,0.5530794707693413
BraTS-GLI-02243-101,gmm_2d,prediction_component,19,25,9984.0,2.5060120224403912e-05,7.102621534903521e-08,1.7320508075688772,1,8.660254037844387,0.19999999999999996,0.9548683406603533,1.0,0,,44,49,145,150,130,135,-7.14858132620955,0.0,0.999943732308326,True,0,small,0.5530794707693413
BraTS-GLI-02243-101,gmm_2d,prediction_component,20,142,40448.0,1.745592092825258e-05,3.4461795855089705e-08,2.23606797749979,1,17.4928556845359,0.12782749814122843,0.6909051402721096,1.375,1,,45,56,127,138,125,133,-7.462662094571282,0.6931471805599453,0.9981130907693162,True,0,small,0.5530794707693413
BraTS-GLI-02243-101,gmm_2d,prediction_component,21,165,45824.0,1.682071489613377e-05,3.199935857578552e-08,2.23606797749979,1,19.4164878389476,0.11516335992621968,0.6571833580465778,1.625,1,,47,60,116,128,143,151,-7.494858726985995,0.6931471805599453,0.9970619050439568,True,0,small,0.5530794707693413
BraTS-GLI-02243-101,gmm_2d,prediction_component,22,104,30464.0,1.9559283845468008e-05,4.3267148277515284e-08,1.7320508075688772,1,15.362291495737216,0.11274690420042432,0.5937164071813201,1.6666666666666667,0,,48,54,140,150,37,47,-7.363841728054159,0.0,0.9982457733635117,True,0,small,0.5530794707693413
BraTS-GLI-02243-101,gmm_2d,prediction_component,23,47,14592.0,2.6664020003279646e-05,8.040880842667987e-08,1.7320508075688772,1,9.848857801796104,0.17586311452816475,0.7736731845058752,1.2,0,,49,55,129,135,51,56,-7.094696373620167,0.0,0.9998766147113484,True,0,small,0.5530794707693413
BraTS-GLI-02243-101,gmm_2d,prediction_component,24,51,15104.0,2.7474652658327337e-05,8.537226323330647e-08,2.23606797749979,1,9.9498743710662,0.22473328748774737,0.9719810843490212,1.4,1,,51,56,175,182,98,103,-7.068683205204687,0.6931471805599453,0.9999661025846942,True,0,small,0.5530794707693413
BraTS-GLI-02243-101,gmm_2d,prediction_component,25,60,18432.0,2.3976873819530824e-05,6.501858130076264e-08,1.7320508075688772,1,11.090536506409418,0.15617376188860604,0.7131919190287451,1.4,0,,52,57,136,143,95,102,-7.186962511000646,0.0,0.999704546098106,True,0,small,0.5530794707693413
BraTS-GLI-02243-101,gmm_2d,prediction_component,26,25,9984.0,2.5060120224403912e-05,7.102621534903521e-08,1.7320508075688772,1,8.660254037844387,0.19999999999999996,0.9548683406603533,1.0,0,,53,58,43,48,98,103,-7.14858132620955,0.0,0.999943732308326,True,0,small,0.5530794707693413
BraTS-GLI-02243-101,gmm_2d,prediction_component,27,352,64512.0,2.1482355753459303e-05,5.2193471315125986e-08,2.8284271247461903,1,22.494443758403985,0.1257389226923863,0.6457438947298227,1.7777777777777777,2,,53,69,182,195,87,96,-7.282383817862498,1.0986122886681098,0.9986529900739073,True,0,small,0.5530794707693413
BraTS-GLI-02243-101,gmm_2d,prediction_component,28,38,12544.0,2.7047649416909622e-05,8.273922157753891e-08,1.7320508075688772,1,9.273618495495704,0.18677184190940707,0.8304795924748166,1.2,0,,56,61,123,129,26,31,-7.082288569326049,0.0,0.9999183504971614,True,0,small,0.5530794707693413
BraTS-GLI-02243-101,gmm_2d,prediction_component,29,75,24320.0,1.977497337746365e-05,4.422666466202627e-08,2.23606797749979,1,13.076696830622021,0.17099639201419234,0.8547270544884518,2.2,1,,56,61,173,184,64,69,-7.354315811557271,0.6931471805599453,0.9996415713440838,True,0,small,0.5530794707693413
BraTS-GLI-02243-101,gmm_2d,prediction_component,30,25,9984.0,2.5060120224403912e-05,7.102621534903521e-08,1.7320508075688772,1,8.660254037844387,0.19999999999999996,0.9548683406603533,1.0,0,,56,61,184,189,67,72,-7.14858132620955,0.0,0.999943732308326,True,0,small,0.5530794707693413
BraTS-GLI-02243-101,gmm_2d,prediction_component,31,25,9984.0,2.5060120224403912e-05,7.102621534903521e-08,1.7320508075688772,1,8.660254037844387,0.19999999999999996,0.9548683406603533,1.0,0,,57,62,130,135,35,40,-7.14858132620955,0.0,0.999943732308326,True,0,small,0.5530794707693413
BraTS-GLI-02243-101,gmm_2d,prediction_component,32,25,9984.0,2.5060120224403912e-05,7.102621534903521e-08,1.7320508075688772,1,8.660254037844387,0.19999999999999996,0.9548683406603533,1.0,0,,58,63,116,121,23,28,-7.14858132620955,0.0,0.999943732308326,True,0,small,0.5530794707693413
BraTS-GLI-02243-101,gmm_2d,prediction_component,33,25,9984.0,2.5060120224403912e-05,7.102621534903521e-08,1.7320508075688772,1,8.660254037844387,0.19999999999999996,0.9548683406603533,1.0,0,,58,63,124,129,87,92,-7.14858132620955,0.0,0.999943732308326,True,0,small,0.5530794707693413
BraTS-GLI-02243-101,gmm_2d,prediction_component,34,88,26112.0,2.08555893319995e-05,4.9192320155646424e-08,1.7320508075688772,1,13.92838827718412,0.12435400084345173,0.627715144031263,1.2857142857142858,0,,60,68,136,143,121,130,-7.308102693459543,0.0,0.9989507501284199,True,0,small,0.5530794707693413
BraTS-GLI-02243-101,gmm_2d,prediction_component,35,25,9984.0,2.5060120224403912e-05,7.102621534903521e-08,1.7320508075688772,1,8.660254037844387,0.19999999999999996,0.9548683406603533,1.0,0,,61,66,163,168,88,93,-7.14858132620955,0.0,0.999943732308326,True,0,small,0.5530794707693413
BraTS-GLI-02243-101,gmm_2d,prediction_component,36,25,9984.0,2.5060120224403912e-05,7.102621534903521e-08,1.7320508075688772,1,8.660254037844387,0.19999999999999996,0.9548683406603533,1.0,0,,61,66,177,182,122,127,-7.14858132620955,0.0,0.999943732308326,True,0,small,0.5530794707693413
BraTS-GLI-02243-101,gmm_2d,prediction_component,37,25,9984.0,2.5060120224403912e-05,7.102621534903521e-08,1.7320508075688772,1,8.660254037844387,0.19999999999999996,0.9548683406603533,1.0,0,,62,67,180,185,48,53,-7.14858132620955,0.0,0.999943732308326,True,0,small,0.5530794707693413
BraTS-GLI-02243-101,gmm_2d,prediction_component,38,25,9984.0,2.5060120224403912e-05,7.102621534903521e-08,1.7320508075688772,1,8.660254037844387,0.19999999999999996,0.9548683406603533,1.0,0,,63,68,59,64,87,92,-7.14858132620955,0.0,0.999943732308326,True,0,small,0.5530794707693413
BraTS-GLI-02243-101,gmm_2d,prediction_component,39,69,19200.0,2.593565662375272e-05,7.607585969920352e-08,2.23606797749979,1,11.090536506409418,0.20161945963637795,0.8788164447779884,1.4,1,,64,69,115,122,29,36,-7.118753131174717,0.6931471805599453,0.9999184675938927,True,0,small,0.5530794707693413
BraTS-GLI-02243-101,gmm_2d,prediction_component,40,674,137728.0,1.3186408788468888e-05,1.966552040706522e-08,2.449489742783178,1,34.539832078341085,0.07091782430289176,0.4503517583932233,3.375,2,,65,85,169,196,88,96,-7.706294556402655,1.0986122886681098,0.9697354481040872,True,0,small,0.5530794707693413
BraTS-GLI-02243-101,gmm_2d,prediction_component,41,80,26368.0,1.8684186858394513e-05,3.948214847741811e-08,1.7320508075688772,1,14.071247279470288,0.12309149097933272,0.6479778613543024,1.4285714285714286,0,,65,72,189,196,67,77,-7.403599222605757,0.0,0.9985636059273996,True,0,small,0.5530794707693413
BraTS-GLI-02243-101,gmm_2d,prediction_component,42,89,26880.0,2.0195104746191276e-05,4.612587243699193e-08,1.7320508075688772,1,14.071247279470288,0.12309149097933272,0.6253552903860047,1.5,0,,66,72,181,190,115,124,-7.336055406394117,0.0,0.9988009915802832,True,0,small,0.5530794707693413
BraTS-GLI-02243-101,gmm_2d,prediction_component,43,25,9984.0,2.5060120224403912e-05,7.102621534903521e-08,1.7320508075688772,1,8.660254037844387,0.19999999999999996,0.9548683406603533,1.0,0,,67,72,54,59,135,140,-7.14858132620955,0.0,0.999943732308326,True,0,small,0.5530794707693413
BraTS-GLI-02243-101,gmm_2d,prediction_component,44,38,12544.0,2.7047649416909622e-05,8.273922157753891e-08,1.7320508075688772,1,9.273618495495704,0.18677184190940707,0.8304795924748166,1.2,0,,68,73,128,134,109,114,-7.082288569326049,0.0,0.9999183504971614,True,0,small,0.5530794707693413
BraTS-GLI-02243-101,gmm_2d,prediction_component,45,25,9984.0,2.5060120224403912e-05,7.102621534903521e-08,1.7320508075688772,1,8.660254037844387,0.19999999999999996,0.9548683406603533,1.0,0,,69,74,168,173,136,141,-7.14858132620955,0.0,0.999943732308326,True,0,small,0.5530794707693413
BraTS-GLI-02243-101,gmm_2d,prediction_component,46,158,50176.0,1.4057659894314869e-05,2.23500468258925e-08,1.7320508075688772,1,19.849433241279208,0.08725945907447251,0.5164613206848101,1.4444444444444444,0,,70,79,108,120,37,50,-7.65072156263471,0.0,0.9899569706469278,True,0,small,0.5530794707693413
BraTS-GLI-02243-101,gmm_2d,prediction_component,47,25,9984.0,2.5060120224403912e-05,7.102621534903521e-08,1.7320508075688772,1,8.660254037844387,0.19999999999999996,0.9548683406603533,1.0,0,,71,76,164,169,89,94,-7.14858132620955,0.0,0.999943732308326,True,0,small,0.5530794707693413
BraTS-GLI-02243-101,gmm_2d,prediction_component,48,25,9984.0,2.5060120224403912e-05,7.102621534903521e-08,1.7320508075688772,1,8.660254037844387,0.19999999999999996,0.9548683406603533,1.0,0,,72,77,90,95,30,35,-7.14858132620955,0.0,0.999943732308326,True,0,small,0.5530794707693413
BraTS-GLI-02243-101,gmm_2d,prediction_component,49,38,13824.0,2.3379381024587062e-05,6.181848980958109e-08,1.7320508075688772,1,9.848857801796104,0.17586311452816475,0.8304795924748166,1.2,0,,73,78,98,104,37,43,-7.2088816087094125,0.0,0.9998420452008846,True,0,small,0.5530794707693413
BraTS-GLI-02243-101,gmm_2d,prediction_component,50,46,16896.0,2.0945077921731866e-05,4.961538140913494e-08,1.7320508075688772,1,11.0,0.15745916432444337,0.7792393700163133,1.1666666666666667,0,,73,79,151,158,137,143,-7.3043836657365855,0.0,0.9996363036072939,True,0,small,0.5530794707693413
BraTS-GLI-02243-101,gmm_2d,prediction_component,51,25,9984.0,2.5060120224403912e-05,7.102621534903521e-08,1.7320508075688772,1,8.660254037844387,0.19999999999999996,0.9548683406603533,1.0,0,,74,79,91,96,38,43,-7.14858132620955,0.0,0.999943732308326,True,0,small,0.5530794707693413
BraTS-GLI-02243-101,gmm_2d,prediction_component,52,25,9984.0,2.5060120224403912e-05,7.102621534903521e-08,1.7320508075688772,1,8.660254037844387,0.19999999999999996,0.9548683406603533,1.0,0,,74,79,170,175,39,44,-7.14858132620955,0.0,0.999943732308326,True,0,small,0.5530794707693413
BraTS-GLI-02243-101,gmm_2d,prediction_component,53,25,9984.0,2.5060120224403912e-05,7.102621534903521e-08,1.7320508075688772,1,8.660254037844387,0.19999999999999996,0.9548683406603533,1.0,0,,75,80,145,150,78,83,-7.14858132620955,0.0,0.999943732308326,True,0,small,0.5530794707693413
BraTS-GLI-02243-101,gmm_2d,prediction_component,54,72,22016.0,2.2040674028682453e-05,5.494170296958092e-08,1.7320508075688772,1,12.449899597988733,0.13912166872805048,0.6711392913128504,1.8,0,,76,83,116,125,44,49,-7.260097883342294,0.0,0.9994061645113472,True,0,small,0.5530794707693413
BraTS-GLI-02243-101,gmm_2d,prediction_component,55,56,18688.0,2.1920163483864352e-05,5.434254218465772e-08,1.7320508075688772,1,10.677078252031311,0.16222142113076252,0.7297836929246639,1.6,0,,77,82,99,104,142,150,-7.2648600488230946,0.0,0.9996618086799337,True,0,small,0.5530794707693413
BraTS-GLI-02243-101,gmm_2d,prediction_component,56,325,83200.0,1.354248525940501e-05,2.0741927720809452e-08,2.449489742783178,1,25.729360660537214,0.09520212239630652,0.5743069094734229,2.5714285714285716,2,,78,95,175,193,88,95,-7.683150883453002,1.0986122886681098,0.9874026958967063,True,0,small,0.5530794707693413
BraTS-GLI-02243-101,gmm_2d,prediction_component,57,25,9984.0,2.5060120224403912e-05,7.102621534903521e-08,1.7320508075688772,1,8.660254037844387,0.19999999999999996,0.9548683406603533,1.0,0,,79,84,114,119,124,129,-7.14858132620955,0.0,0.999943732308326,True,0,small,0.5530794707693413
BraTS-GLI-02243-101,gmm_2d,prediction_component,58,443,123392.0,1.022052537708607e-05,1.181405029072977e-08,2.23606797749979,1,33.51119216023208,0.06672600505550931,0.4728390069120679,2.076923076923077,1,,79,106,114,127,24,39,-7.927601184744537,0.6931471805599453,0.9425032935590656,True,0,small,0.5530794707693413
BraTS-GLI-02243-101,gmm_2d,prediction_component,59,25,9984.0,2.5060120224403912e-05,7.102621534903521e-08,1.7320508075688772,1,8.660254037844387,0.19999999999999996,0.9548683406603533,1.0,0,,81,86,134,139,27,32,-7.14858132620955,0.0,0.999943732308326,True,0,small,0.5530794707693413
BraTS-GLI-02243-101,gmm_2d,prediction_component,60,25,9984.0,2.5060120224403912e-05,7.102621534903521e-08,1.7320508075688772,1,8.660254037844387,0.19999999999999996,0.9548683406603533,1.0,0,,82,87,78,83,29,34,-7.14858132620955,0.0,0.999943732308326,True,0,small,0.5530794707693413
BraTS-GLI-02243-101,gmm_2d,prediction_component,61,94,27904.0,2.0166389856917517e-05,4.599479535658931e-08,1.7320508075688772,1,14.142135623730951,0.1224744871391589,0.6140648134821065,1.6666666666666667,0,,83,93,72,80,141,147,-7.337291309096601,0.0,0.9987384396580159,True,0,small,0.5530794707693413
BraTS-GLI-02243-101,gmm_2d,prediction_component,62,336,79872.0,1.4884951996341967e-05,2.5058048775139623e-08,2.23606797749979,1,29.966648127543394,0.07461855486748756,0.5184833081855288,1.9166666666666667,3,,83,106,113,125,138,153,-7.601052749749768,1.3862943611198906,0.9824951141757969,True,0,small,0.5530794707693413
BraTS-GLI-02243-101,gmm_2d,prediction_component,63,25,9984.0,2.5060120224403912e-05,7.102621534903521e-08,1.7320508075688772,1,8.660254037844387,0.19999999999999996,0.9548683406603533,1.0,0,,83,88,138,143,123,128,-7.14858132620955,0.0,0.999943732308326,True,0,small,0.5530794707693413
BraTS-GLI-02243-101,gmm_2d,prediction_component,64,232,58368.0,1.645226766159808e-05,3.0612860066472505e-08,2.23606797749979,1,24.289915602982237,0.09205746178983235,0.5866132617294258,1.1538461538461537,1,,83,96,170,184,42,57,-7.51409609369369,0.6931471805599453,0.9941546343980368,True,0,small,0.5530794707693413
BraTS-GLI-02243-101,gmm_2d,prediction_component,65,86,25088.0,2.164209951757068e-05,5.297258334379136e-08,1.7320508075688772,1,13.45362404707371,0.12874232262686236,0.6325439118228858,1.5,0,,84,90,43,52,133,141,-7.275948847064477,0.0,0.9991498327181401,True,0,small,0.5530794707693413
BraTS-GLI-02243-101,gmm_2d,prediction_component,66,71,20480.0,2.4224979614637002e-05,6.637113033827177e-08,1.7320508075688772,1,11.74734012447073,0.14744195615489714,0.6742755017744779,1.6,0,,84,89,51,58,75,83,-7.178020786011808,0.0,0.9996247256997206,True,0,small,0.5530794707693413
BraTS-GLI-02243-101,gmm_2d,prediction_component,67,125,32512.0,2.1322812284120907e-05,5.14210973764357e-08,2.23606797749979,1,15.84297951775486,0.14113935923440918,0.7209047176727084,1.5714285714285714,1,,84,93,99,106,125,136,-7.288858659325886,0.6931471805599453,0.9992856608050743,True,0,small,0.5530794707693413
BraTS-GLI-02243-101,gmm_2d,prediction_component,68,799,222464.0,7.6147766002400095e-06,6.557928945288789e-09,2.23606797749979,1,44.66542286825459,0.05006261743217589,0.3884474535817557,1.2608695652173914,4,,84,107,92,117,21,50,-8.183233293192144,1.6094379124341003,0.7176317105157215,True,0,small,0.5530794707693413
BraTS-GLI-02243-101,gmm_2d,prediction_component,69,25,9984.0,2.5060120224403912e-05,7.102621534903521e-08,1.7320508075688772,1,8.660254037844387,0.19999999999999996,0.9548683406603533,1.0,0,,84,89,116,121,49,54,-7.14858132620955,0.0,0.999943732308326,True,0,small,0.5530794707693413
BraTS-GLI-02243-101,gmm_2d,prediction_component,70,25,9984.0,2.5060120224403912e-05,7.102621534903521e-08,1.7320508075688772,1,8.660254037844387,0.19999999999999996,0.9548683406603533,1.0,0,,84,89,119,124,125,130,-7.14858132620955,0.0,0.999943732308326,True,0,small,0.5530794707693413
BraTS-GLI-02243-101,gmm_2d,prediction_component,71,890,194304.0,1.0391240460987657e-05,1.2212010333873068e-08,2.449489742783178,1,38.3275357934736,0.06390939808867849,0.41049558710575945,1.5555555555555556,3,,85,104,50,78,136,154,-7.913212836870743,1.3862943611198906,0.9117861050426396,True,0,small,0.5530794707693413
BraTS-GLI-02243-101,gmm_2d,prediction_component,72,50,19968.0,1.772018094802615e-05,3.551310767451761e-08,1.7320508075688772,1,12.206555615733702,0.14189513095212064,0.757879504227687,1.3333333333333333,0,,85,92,91,99,21,27,-7.449611321873531,0.0,0.9991263213774584,True,0,small,0.5530794707693413
BraTS-GLI-02243-101,gmm_2d,prediction_component,73,38,12544.0,2.7047649416909622e-05,8.273922157753891e-08,1.7320508075688772,1,9.273618495495704,0.18677184190940707,0.8304795924748166,1.2,0,,85,90,114,120,128,133,-7.082288569326049,0.0,0.9999183504971614,True,0,small,0.5530794707693413
BraTS-GLI-02243-101,gmm_2d,prediction_component,74,25,9984.0,2.5060120224403912e-05,7.102621534903521e-08,1.7320508075688772,1,8.660254037844387,0.19999999999999996,0.9548683406603533,1.0,0,,85,90,129,134,51,56,-7.14858132620955,0.0,0.999943732308326,True,0,small,0.5530794707693413
BraTS-GLI-02243-101,gmm_2d,prediction_component,75,25,9984.0,2.5060120224403912e-05,7.102621534903521e-08,1.7320508075688772,1,8.660254037844387,0.19999999999999996,0.9548683406603533,1.0,0,,85,90,154,159,35,40,-7.14858132620955,0.0,0.999943732308326,True,0,small,0.5530794707693413
BraTS-GLI-02243-101,gmm_2d,prediction_component,76,67,22528.0,1.9814852622050752e-05,4.4405224132586416e-08,1.7320508075688772,1,12.884098726725126,0.13443321448446624,0.6874354055889139,1.5,0,,86,95,67,73,78,85,-7.352565933522981,0.0,0.9991367865693321,True,0,small,0.5530794707693413
BraTS-GLI-02243-101,gmm_2d,prediction_component,77,25,9984.0,2.5060120224403912e-05,7.102621534903521e-08,1.7320508075688772,1,8.660254037844387,0.19999999999999996,0.9548683406603533,1.0,0,,87,92,36,41,112,117,-7.14858132620955,0.0,0.999943732308326,True,0,small,0.5530794707693413
BraTS-GLI-02243-101,gmm_2d,prediction_component,78,75,24320.0,1.977497337746365e-05,4.422666466202627e-08,1.7320508075688772,1,14.45683229480096,0.11980845957463075,0.6620687295173385,1.125,0,,88,96,28,37,68,76,-7.354315811557271,0.0,0.9987910606085522,True,0,small,0.5530794707693413
BraTS-GLI-02243-101,gmm_2d,prediction_component,79,38,12544.0,2.7047649416909622e-05,8.273922157753891e-08,1.7320508075688772,1,9.273618495495704,0.18677184190940707,0.8304795924748166,1.2,0,,88,93,81,86,145,151,-7.082288569326049,0.0,0.9999183504971614,True,0,small,0.5530794707693413
BraTS-GLI-02243-101,gmm_2d,prediction_component,80,46,16896.0,2.0945077921731866e-05,4.961538140913494e-08,1.7320508075688772,1,11.0,0.15745916432444337,0.7792393700163133,1.1666666666666667,0,,88,94,166,173,131,137,-7.3043836657365855,0.0,0.9996363036072939,True,0,small,0.5530794707693413
BraTS-GLI-02243-101,gmm_2d,prediction_component,81,63,22528.0,1.8631876346107425e-05,3.926137994703396e-08,1.7320508075688772,1,13.601470508735444,0.12734290799340264,0.7016868116919668,1.6666666666666667,0,,89,99,59,66,92,98,-7.4060344400174705,0.0,0.9988625736892695,True,0,small,0.5530794707693413
BraTS-GLI-02243-101,gmm_2d,prediction_component,82,76,21504.0,2.4100980715703213e-05,6.56934097247589e-08,2.23606797749979,1,13.30413469565007,0.1680731613632036,0.8509616882445303,1.1428571428571428,1,,89,97,134,142,32,39,-7.18247819609819,0.6931471805599453,0.999799359748947,True,0,small,0.5530794707693413
BraTS-GLI-02243-101,gmm_2d,prediction_component,83,25,9984.0,2.5060120224403912e-05,7.102621534903521e-08,1.7320508075688772,1,8.660254037844387,0.19999999999999996,0.9548683406603533,1.0,0,,89,94,174,179,128,133,-7.14858132620955,0.0,0.999943732308326,True,0,small,0.5530794707693413
BraTS-GLI-02243-101,gmm_2d,prediction_component,84,115,35328.0,1.731885845456438e-05,3.392273806996312e-08,1.7320508075688772,1,16.15549442140351,0.1072112534837795,0.5741484768241579,2.0,0,,91,100,169,181,87,93,-7.469509100970614,0.0,0.9969582876212633,True,0,small,0.5530794707693413
BraTS-GLI-02243-101,gmm_2d,prediction_component,85,25,9984.0,2.5060120224403912e-05,7.102621534903521e-08,1.7320508075688772,1,8.660254037844387,0.19999999999999996,0.9548683406603533,1.0,0,,92,97,102,107,129,134,-7.14858132620955,0.0,0.999943732308326,True,0,small,0.5530794707693413
BraTS-GLI-02243-101,gmm_2d,prediction_component,86,38,13824.0,2.3379381024587062e-05,6.181848980958109e-08,1.7320508075688772,1,9.848857801796104,0.17586311452816475,0.8304795924748166,1.2,0,,92,98,164,169,48,54,-7.2088816087094125,0.0,0.9998420452008846,True,0,small,0.5530794707693413
BraTS-GLI-02243-101,gmm_2d,prediction_component,87,50,17920.0,2.084313283576998e-05,4.91335751404014e-08,1.7320508075688772,1,11.661903789690601,0.14852213144650114,0.757879504227687,1.3333333333333333,0,,93,99,45,53,125,131,-7.308621633844861,0.0,0.9995393408515105,True,0,small,0.5530794707693413
BraTS-GLI-02243-101,gmm_2d,prediction_component,88,47,14592.0,2.6664020003279646e-05,8.040880842667987e-08,1.7320508075688772,1,9.848857801796104,0.17586311452816475,0.7736731845058752,1.2,0,,93,99,96,102,124,129,-7.094696373620167,0.0,0.9998766147113484,True,0,small,0.5530794707693413
BraTS-GLI-02243-101,gmm_2d,prediction_component,89,25,9984.0,2.5060120224403912e-05,7.102621534903521e-08,1.7320508075688772,1,8.660254037844387,0.19999999999999996,0.9548683406603533,1.0,0,,94,99,57,62,131,136,-7.14858132620955,0.0,0.999943732308326,True,0,small,0.5530794707693413
BraTS-GLI-02243-101,gmm_2d,prediction_component,90,38,13824.0,2.3379381024587062e-05,6.181848980958109e-08,1.7320508075688772,1,9.848857801796104,0.17586311452816475,0.8304795924748166,1.2,0,,94,100,63,68,101,107,-7.2088816087094125,0.0,0.9998420452008846,True,0,small,0.5530794707693413
BraTS-GLI-02243-101,gmm_2d,prediction_component,91,25,9984.0,2.5060120224403912e-05,7.102621534903521e-08,1.7320508075688772,1,8.660254037844387,0.19999999999999996,0.9548683406603533,1.0,0,,94,99,67,72,75,80,-7.14858132620955,0.0,0.999943732308326,True,0,small,0.5530794707693413
BraTS-GLI-02243-101,gmm_2d,prediction_component,92,1877,444416.0,6.335483196655473e-06,4.539540136147117e-09,2.449489742783178,1,84.68766143896052,0.02892380898424822,0.32009857252531154,1.8666666666666667,7,,94,150,66,96,28,84,-8.342988139752855,2.0794415416798357,0.39524872413670603,False,0,small,0.5530794707693413
BraTS-GLI-02243-101,gmm_2d,prediction_component,93,25,9984.0,2.5060120224403912e-05,7.102621534903521e-08,1.7320508075688772,1,8.660254037844387,0.19999999999999996,0.9548683406603533,1.0,0,,94,99,95,100,47,52,-7.14858132620955,0.0,0.999943732308326,True,0,small,0.5530794707693413
BraTS-GLI-02243-101,gmm_2d,prediction_component,94,25,9984.0,2.5060120224403912e-05,7.102621534903521e-08,1.7320508075688772,1,8.660254037844387,0.19999999999999996,0.9548683406603533,1.0,0,,95,100,68,73,135,140,-7.14858132620955,0.0,0.999943732308326,True,0,small,0.5530794707693413
BraTS-GLI-02243-101,gmm_2d,prediction_component,95,25,9984.0,2.5060120224403912e-05,7.102621534903521e-08,1.7320508075688772,1,8.660254037844387,0.19999999999999996,0.9548683406603533,1.0,0,,95,100,171,176,46,51,-7.14858132620955,0.0,0.999943732308326,True,0,small,0.5530794707693413
BraTS-GLI-02243-101,gmm_2d,prediction_component,96,25,9984.0,2.5060120224403912e-05,7.102621534903521e-08,1.7320508075688772,1,8.660254037844387,0.19999999999999996,0.9548683406603533,1.0,0,,96,101,86,91,144,149,-7.14858132620955,0.0,0.999943732308326,True,0,small,0.5530794707693413
BraTS-GLI-02243-101,gmm_2d,prediction_component,97,25,9984.0,2.5060120224403912e-05,7.102621534903521e-08,1.7320508075688772,1,8.660254037844387,0.19999999999999996,0.9548683406603533,1.0,0,,96,101,137,142,40,45,-7.14858132620955,0.0,0.999943732308326,True,0,small,0.5530794707693413
BraTS-GLI-02243-101,gmm_2d,prediction_component,98,60,18432.0,2.3976873819530824e-05,6.501858130076264e-08,1.7320508075688772,1,11.090536506409418,0.15617376188860604,0.7131919190287451,1.4,0,,96,103,183,190,88,93,-7.186962511000646,0.0,0.999704546098106,True,0,small,0.5530794707693413
BraTS-GLI-02243-101,gmm_2d,prediction_component,99,25,9984.0,2.5060120224403912e-05,7.102621534903521e-08,1.7320508075688772,1,8.660254037844387,0.19999999999999996,0.9548683406603533,1.0,0,,99,104,65,70,136,141,-7.14858132620955,0.0,0.999943732308326,True,0,small,0.5530794707693413
BraTS-GLI-02243-101,gmm_2d,prediction_component,100,25,9984.0,2.5060120224403912e-05,7.102621534903521e-08,1.7320508075688772,1,8.660254037844387,0.19999999999999996,0.9548683406603533,1.0,0,,100,105,64,69,30,35,-7.14858132620955,0.0,0.999943732308326,True,0,small,0.5530794707693413
BraTS-GLI-02243-101,gmm_2d,prediction_component,101,56,16384.0,2.6702880859375e-05,8.064335911960217e-08,1.7320508075688772,1,11.0,0.15745916432444337,0.7297836929246639,1.1666666666666667,0,,100,106,118,125,103,109,-7.0934313904133885,0.0,0.9998066551705299,True,0,small,0.5530794707693413
BraTS-GLI-02243-101,gmm_2d,prediction_component,102,47,14592.0,2.6664020003279646e-05,8.040880842667987e-08,1.7320508075688772,1,9.848857801796104,0.17586311452816475,0.7736731845058752,1.2,0,,101,107,45,51,47,52,-7.094696373620167,0.0,0.9998766147113484,True,0,small,0.5530794707693413
BraTS-GLI-02243-101,gmm_2d,prediction_component,103,2670,537600.0,6.773644053781851e-06,5.189160649161592e-09,2.449489742783178,1,90.29950165975447,0.027126281959038646,0.28462174339096136,1.1875,9,,101,152,95,143,23,80,-8.284902883946735,2.302585092994046,0.3922251518615277,False,0,small,0.5530794707693413
BraTS-GLI-02243-101,gmm_2d,prediction_component,104,131,43264.0,1.4557315373236232e-05,2.3967070589589017e-08,1.7320508075688772,1,20.663978319771825,0.08381981343406689,0.5497514690702996,1.6666666666666667,0,,101,110,158,173,125,136,-7.620385045003619,0.0,0.9914281654686745,True,0,small,0.5530794707693413
BraTS-GLI-02243-101,gmm_2d,prediction_component,105,47,14592.0,2.6664020003279646e-05,8.040880842667987e-08,1.7320508075688772,1,9.848857801796104,0.17586311452816475,0.7736731845058752,1.2,0,,102,108,50,56,87,92,-7.094696373620167,0.0,0.9998766147113484,True,0,small,0.5530794707693413
BraTS-GLI-02243-101,gmm_2d,prediction_component,106,69,20992.0,2.2686545169482457e-05,5.820886107028606e-08,1.7320508075688772,1,12.206555615733702,0.14189513095212064,0.6807282909996718,1.3333333333333333,0,,102,108,116,124,68,75,-7.235010898150767,0.0,0.9994997575833381,True,0,small,0.5530794707693413
BraTS-GLI-02243-101,gmm_2d,prediction_component,107,25,9984.0,2.5060120224403912e-05,7.102621534903521e-08,1.7320508075688772,1,8.660254037844387,0.19999999999999996,0.9548683406603533,1.0,0,,104,109,48,53,41,46,-7.14858132620955,0.0,0.999943732308326,True,0,small,0.5530794707693413
BraTS-GLI-02243-101,gmm_2d,prediction_component,108,125,37888.0,1.6949523441763936e-05,3.2491320142450685e-08,1.7320508075688772,1,18.411952639521967,0.09407208683835973,0.5584103931497517,1.8571428571428572,0,,104,117,47,54,95,106,-7.488232642642887,0.0,0.9957116842419107,True,0,small,0.5530794707693413
BraTS-GLI-02243-101,gmm_2d,prediction_component,109,38,12544.0,2.7047649416909622e-05,8.273922157753891e-08,1.7320508075688772,1,9.273618495495704,0.18677184190940707,0.8304795924748166,1.2,0,,104,109,112,117,131,137,-7.082288569326049,0.0,0.9999183504971614,True,0,small,0.5530794707693413
BraTS-GLI-02243-101,gmm_2d,prediction_component,110,25,9984.0,2.5060120224403912e-05,7.102621534903521e-08,1.7320508075688772,1,8.660254037844387,0.19999999999999996,0.9548683406603533,1.0,0,,104,109,113,118,44,49,-7.14858132620955,0.0,0.999943732308326,True,0,small,0.5530794707693413
BraTS-GLI-02243-101,gmm_2d,prediction_component,111,25,9984.0,2.5060120224403912e-05,7.102621534903521e-08,1.7320508075688772,1,8.660254037844387,0.19999999999999996,0.9548683406603533,1.0,0,,104,109,119,124,32,37,-7.14858132620955,0.0,0.999943732308326,True,0,small,0.5530794707693413
BraTS-GLI-02243-101,gmm_2d,prediction_component,112,25,9984.0,2.5060120224403912e-05,7.102621534903521e-08,1.7320508075688772,1,8.660254037844387,0.19999999999999996,0.9548683406603533,1.0,0,,105,110,39,44,63,68,-7.14858132620955,0.0,0.999943732308326,True,0,small,0.5530794707693413
BraTS-GLI-02243-101,gmm_2d,prediction_component,113,25,9984.0,2.5060120224403912e-05,7.102621534903521e-08,1.7320508075688772,1,8.660254037844387,0.19999999999999996,0.9548683406603533,1.0,0,,105,110,136,141,41,46,-7.14858132620955,0.0,0.999943732308326,True,0,small,0.5530794707693413
BraTS-GLI-02243-101,gmm_2d,prediction_component,114,316,82688.0,1.3289950126347815e-05,1.9975565173988717e-08,2.23606797749979,1,28.809720581775867,0.0776150525706333,0.5291987922945535,2.1,1,,106,127,38,48,56,73,-7.6995009242306285,0.6931471805599453,0.9822636344538943,True,0,small,0.5530794707693413
BraTS-GLI-02243-101,gmm_2d,prediction_component,115,51,17664.0,2.1723839827382773e-05,5.337348459431324e-08,1.7320508075688772,1,11.090536506409418,0.15617376188860604,0.7528933105024771,1.4,0,,106,113,61,68,49,54,-7.272674442490021,0.0,0.9996410491857861,True,0,small,0.5530794707693413
BraTS-GLI-02243-101,gmm_2d,prediction_component,116,235,73728.0,1.1738677807478633e-05,1.558442340423011e-08,1.7320508075688772,1,24.020824298928627,0.07210621858826592,0.4524468230149629,1.4166666666666667,0,,106,118,74,91,24,36,-7.8073092612083475,0.0,0.9718988972300903,True,0,small,0.5530794707693413
BraTS-GLI-02243-101,gmm_2d,prediction_component,117,25,9984.0,2.5060120224403912e-05,7.102621534903521e-08,1.7320508075688772,1,8.660254037844387,0.19999999999999996,0.9548683406603533,1.0,0,,109,114,48,53,71,76,-7.14858132620955,0.0,0.999943732308326,True,0,small,0.5530794707693413
BraTS-GLI-02243-101,gmm_2d,prediction_component,118,25,9984.0,2.5060120224403912e-05,7.102621534903521e-08,1.7320508075688772,1,8.660254037844387,0.19999999999999996,0.9548683406603533,1.0,0,,110,115,132,137,140,145,-7.14858132620955,0.0,0.999943732308326,True,0,small,0.5530794707693413
BraTS-GLI-02243-101,gmm_2d,prediction_component,119,214,55040.0,1.6572809393927295e-05,3.1063089249320095e-08,2.23606797749979,1,21.61018278497431,0.10347288589592779,0.6026196388106164,1.3636363636363635,1,,111,126,36,47,71,82,-7.507755355522562,0.6931471805599453,0.9955306022115538,True,0,small,0.5530794707693413
BraTS-GLI-02243-101,gmm_2d,prediction_component,120,25,9984.0,2.5060120224403912e-05,7.102621534903521e-08,1.7320508075688772,1,8.660254037844387,0.19999999999999996,0.9548683406603533,1.0,0,,111,116,54,59,117,122,-7.14858132620955,0.0,0.999943732308326,True,0,small,0.5530794707693413
BraTS-GLI-02243-101,gmm_2d,prediction_component,121,25,9984.0,2.5060120224403912e-05,7.102621534903521e-08,1.7320508075688772,1,8.660254037844387,0.19999999999999996,0.9548683406603533,1.0,0,,112,117,37,42,111,116,-7.14858132620955,0.0,0.999943732308326,True,0,small,0.5530794707693413
BraTS-GLI-02243-101,gmm_2d,prediction_component,122,72,20736.0,2.4112654320987653e-05,6.575706395257378e-08,2.23606797749979,1,11.916375287812984,0.1876466562602004,0.8664370994133727,1.8,1,,113,122,58,64,48,53,-7.18205758624754,0.6931471805599453,0.9998635504678683,True,0,small,0.5530794707693413
BraTS-GLI-02243-101,gmm_2d,prediction_component,123,47,17664.0,2.0020009252686086e-05,4.5329499219084184e-08,1.7320508075688772,1,11.090536506409418,0.15617376188860604,0.7736731845058752,1.4,0,,113,120,173,180,87,92,-7.343619078814458,0.0,0.9995618639852177,True,0,small,0.5530794707693413
BraTS-GLI-02243-101,gmm_2d,prediction_component,124,38,12544.0,2.7047649416909622e-05,8.273922157753891e-08,1.7320508075688772,1,9.273618495495704,0.18677184190940707,0.8304795924748166,1.2,0,,114,119,49,54,130,136,-7.082288569326049,0.0,0.9999183504971614,True,0,small,0.5530794707693413
BraTS-GLI-02243-101,gmm_2d,prediction_component,125,25,9984.0,2.5060120224403912e-05,7.102621534903521e-08,1.7320508075688772,1,8.660254037844387,0.19999999999999996,0.9548683406603533,1.0,0,,114,119,63,68,34,39,-7.14858132620955,0.0,0.999943732308326,True,0,small,0.5530794707693413
BraTS-GLI-02243-101,gmm_2d,prediction_component,126,494,132352.0,1.025961789319249e-05,1.19045983168974e-08,2.23606797749979,1,44.21538193886829,0.05057217374241736,0.45597274997573184,2.466666666666667,2,,114,133,147,162,41,78,-7.9242852539086615,1.0986122886681098,0.9106578836069948,True,0,small,0.5530794707693413
BraTS-GLI-02243-101,gmm_2d,prediction_component,127,25,9984.0,2.5060120224403912e-05,7.102621534903521e-08,1.7320508075688772,1,8.660254037844387,0.19999999999999996,0.9548683406603533,1.0,0,,114,119,155,160,48,53,-7.14858132620955,0.0,0.999943732308326,True,0,small,0.5530794707693413
BraTS-GLI-02243-101,gmm_2d,prediction_component,128,25,9984.0,2.5060120224403912e-05,7.102621534903521e-08,1.7320508075688772,1,8.660254037844387,0.19999999999999996,0.9548683406603533,1.0,0,,116,121,56,61,56,61,-7.14858132620955,0.0,0.999943732308326,True,0,small,0.5530794707693413
BraTS-GLI-02243-101,gmm_2d,prediction_component,129,90,26112.0,2.1329579998635852e-05,5.1453743964454543e-08,2.23606797749979,1,13.601470508735444,0.1643989873053573,0.804328953132991,1.6666666666666667,1,,116,126,104,111,134,140,-7.288583018881231,0.6931471805599453,0.9996318611698819,True,0,small,0.5530794707693413
BraTS-GLI-02243-101,gmm_2d,prediction_component,130,112,34048.0,1.782709641291365e-05,3.594294016977373e-08,1.7320508075688772,1,17.0,0.10188534162169866,0.5792297009289245,1.5,0,,116,125,98,110,77,85,-7.444386400035022,0.0,0.9970148270311753,True,0,small,0.5530794707693413
BraTS-GLI-02243-101,gmm_2d,prediction_component,131,25,9984.0,2.5060120224403912e-05,7.102621534903521e-08,1.7320508075688772,1,8.660254037844387,0.19999999999999996,0.9548683406603533,1.0,0,,116,121,118,123,30,35,-7.14858132620955,0.0,0.999943732308326,True,0,small,0.5530794707693413
BraTS-GLI-02243-101,gmm_2d,prediction_component,132,25,9984.0,2.5060120224403912e-05,7.102621534903521e-08,1.7320508075688772,1,8.660254037844387,0.19999999999999996,0.9548683406603533,1.0,0,,117,122,114,119,69,74,-7.14858132620955,0.0,0.999943732308326,True,0,small,0.5530794707693413
BraTS-GLI-02243-101,gmm_2d,prediction_component,133,270,61440.0,1.7729110776706316e-05,3.5548909326191975e-08,2.449489742783178,1,23.259406699226016,0.10531178952491026,0.6109193864298449,3.1666666666666665,1,,117,136,151,163,87,93,-7.449173719290971,0.6931471805599453,0.9966073660580952,True,0,small,0.5530794707693413
BraTS-GLI-02243-101,gmm_2d,prediction_component,134,85,23552.0,2.3516746447822047e-05,6.254705225896083e-08,1.7320508075688772,1,12.884098726725126,0.13443321448446624,0.6350148115649618,1.5,0,,118,124,92,99,138,147,-7.203793153082208,0.0,0.999415510456559,True,0,small,0.5530794707693413
BraTS-GLI-02243-101,gmm_2d,prediction_component,135,25,9984.0,2.5060120224403912e-05,7.102621534903521e-08,1.7320508075688772,1,8.660254037844387,0.19999999999999996,0.9548683406603533,1.0,0,,118,123,118,123,97,102,-7.14858132620955,0.0,0.999943732308326,True,0,small,0.5530794707693413
BraTS-GLI-02243-101,gmm_2d,prediction_component,136,50,19968.0,1.772018094802615e-05,3.551310767451761e-08,1.7320508075688772,1,12.727922061357855,0.13608276348795434,0.757879504227687,1.1428571428571428,0,,120,127,90,97,41,49,-7.449611321873531,0.0,0.9990350072633788,True,0,small,0.5530794707693413
BraTS-GLI-02243-101,gmm_2d,prediction_component,137,38,12544.0,2.7047649416909622e-05,8.273922157753891e-08,1.7320508075688772,1,9.273618495495704,0.18677184190940707,0.8304795924748166,1.2,0,,120,125,95,101,93,98,-7.082288569326049,0.0,0.9999183504971614,True,0,small,0.5530794707693413
BraTS-GLI-02243-101,gmm_2d,prediction_component,138,25,9984.0,2.5060120224403912e-05,7.102621534903521e-08,1.7320508075688772,1,8.660254037844387,0.19999999999999996,0.9548683406603533,1.0,0,,121,126,115,120,93,98,-7.14858132620955,0.0,0.999943732308326,True,0,small,0.5530794707693413
BraTS-GLI-02243-101,gmm_2d,prediction_component,139,76,24832.0,1.9422093606574946e-05,4.26623190534874e-08,1.7320508075688772,1,13.92838827718412,0.12435400084345173,0.6591520893663227,1.2857142857142858,0,,121,130,123,130,136,144,-7.369955540711279,0.0,0.9988032189552253,True,0,small,0.5530794707693413
BraTS-GLI-02243-101,gmm_2d,prediction_component,140,25,9984.0,2.5060120224403912e-05,7.102621534903521e-08,1.7320508075688772,1,8.660254037844387,0.19999999999999996,0.9548683406603533,1.0,0,,123,128,42,47,108,113,-7.14858132620955,0.0,0.999943732308326,True,0,small,0.5530794707693413
BraTS-GLI-02243-101,gmm_2d,prediction_component,141,51,15104.0,2.7474652658327337e-05,8.537226323330647e-08,2.23606797749979,1,9.9498743710662,0.22473328748774737,0.9719810843490212,1.4,1,,123,128,59,66,112,117,-7.068683205204687,0.6931471805599453,0.9999661025846942,True,0,small,0.5530794707693413
BraTS-GLI-02243-101,gmm_2d,prediction_component,142,94,24576.0,2.439838365148107e-05,6.732470910627408e-08,1.7320508075688772,1,12.884098726725126,0.13443321448446624,0.6140648134821065,1.5,0,,125,131,149,158,101,108,-7.1718255143934355,0.0,0.9994457691413791,True,0,small,0.5530794707693413
BraTS-GLI-02243-101,gmm_2d,prediction_component,143,25,9984.0,2.5060120224403912e-05,7.102621534903521e-08,1.7320508075688772,1,8.660254037844387,0.19999999999999996,0.9548683406603533,1.0,0,,126,131,44,49,105,110,-7.14858132620955,0.0,0.999943732308326,True,0,small,0.5530794707693413
BraTS-GLI-02243-101,gmm_2d,prediction_component,144,25,9984.0,2.5060120224403912e-05,7.102621534903521e-08,1.7320508075688772,1,8.660254037844387,0.19999999999999996,0.9548683406603533,1.0,0,,126,131,55,60,126,131,-7.14858132620955,0.0,0.999943732308326,True,0,small,0.5530794707693413
BraTS-GLI-02243-101,gmm_2d,prediction_component,145,25,9984.0,2.5060120224403912e-05,7.102621534903521e-08,1.7320508075688772,1,8.660254037844387,0.19999999999999996,0.9548683406603533,1.0,0,,126,131,80,85,44,49,-7.14858132620955,0.0,0.999943732308326,True,0,small,0.5530794707693413
BraTS-GLI-02243-101,gmm_2d,prediction_component,146,63,21248.0,2.03405861120767e-05,4.67928286499433e-08,1.7320508075688772,1,12.449899597988733,0.13912166872805048,0.7016868116919668,1.8,0,,126,131,134,143,44,51,-7.329820700695186,0.0,0.9993004498796386,True,0,small,0.5530794707693413
BraTS-GLI-02243-101,gmm_2d,prediction_component,147,25,9984.0,2.5060120224403912e-05,7.102621534903521e-08,1.7320508075688772,1,8.660254037844387,0.19999999999999996,0.9548683406603533,1.0,0,,127,132,63,68,42,47,-7.14858132620955,0.0,0.999943732308326,True,0,small,0.5530794707693413
BraTS-GLI-02243-101,gmm_2d,prediction_component,148,38,13824.0,2.3379381024587062e-05,6.181848980958109e-08,1.7320508075688772,1,9.848857801796104,0.17586311452816475,0.8304795924748166,1.2,0,,128,134,64,69,132,138,-7.2088816087094125,0.0,0.9998420452008846,True,0,small,0.5530794707693413
BraTS-GLI-02243-101,gmm_2d,prediction_component,149,121,32512.0,2.0640482291029036e-05,4.8182802348057285e-08,2.23606797749979,1,15.652475842498529,0.14285714285714285,0.7287626087734531,1.25,1,,131,141,104,113,130,138,-7.317107944709098,0.6931471805599453,0.9992480723308659,True,0,small,0.5530794707693413
BraTS-GLI-02243-101,gmm_2d,prediction_component,150,51,17664.0,2.1723839827382773e-05,5.337348459431324e-08,1.7320508075688772,1,11.090536506409418,0.15617376188860604,0.7528933105024771,1.4,0,,131,138,138,143,63,70,-7.272674442490021,0.0,0.9996410491857861,True,0,small,0.5530794707693413
BraTS-GLI-02243-101,gmm_2d,prediction_component,151,185,52992.0,1.516548354805082e-05,2.6011470093274247e-08,2.23606797749979,1,20.92844953645635,0.10684346079267207,0.6325923890677086,1.3,2,,132,145,80,90,44,57,-7.584835102038853,1.0986122886681098,0.994017175233974,True,0,small,0.5530794707693413
BraTS-GLI-02243-101,gmm_2d,prediction_component,152,51,17664.0,2.1723839827382773e-05,5.337348459431324e-08,1.7320508075688772,1,11.090536506409418,0.15617376188860604,0.7528933105024771,1.4,0,,132,139,121,126,124,131,-7.272674442490021,0.0,0.9996410491857861,True,0,small,0.5530794707693413
BraTS-GLI-02243-101,gmm_2d,prediction_component,153,25,9984.0,2.5060120224403912e-05,7.102621534903521e-08,1.7320508075688772,1,8.660254037844387,0.19999999999999996,0.9548683406603533,1.0,0,,133,138,84,89,125,130,-7.14858132620955,0.0,0.999943732308326,True,0,small,0.5530794707693413
BraTS-GLI-02243-101,gmm_2d,prediction_component,154,113,34048.0,1.7986266916600378e-05,3.658764373627558e-08,1.7320508075688772,1,16.0312195418814,0.10804236090984295,0.5775159935737552,1.7142857142857142,0,,136,143,73,85,122,130,-7.436665558408546,0.0,0.9973747330514937,True,0,small,0.5530794707693413
BraTS-GLI-02243-101,gmm_2d,prediction_component,155,25,9984.0,2.5060120224403912e-05,7.102621534903521e-08,1.7320508075688772,1,8.660254037844387,0.19999999999999996,0.9548683406603533,1.0,0,,136,141,128,133,113,118,-7.14858132620955,0.0,0.999943732308326,True,0,small,0.5530794707693413
BraTS-GLI-02243-101,gmm_2d,prediction_component,156,25,9984.0,2.5060120224403912e-05,7.102621534903521e-08,1.7320508075688772,1,8.660254037844387,0.19999999999999996,0.9548683406603533,1.0,0,,137,142,67,72,108,113,-7.14858132620955,0.0,0.999943732308326,True,0,small,0.5530794707693413
BraTS-GLI-02243-101,gmm_2d,prediction_component,157,25,9984.0,2.5060120224403912e-05,7.102621534903521e-08,1.7320508075688772,1,8.660254037844387,0.19999999999999996,0.9548683406603533,1.0,0,,137,142,142,147,72,77,-7.14858132620955,0.0,0.999943732308326,True,0,small,0.5530794707693413
BraTS-GLI-02243-101,gmm_2d,prediction_component,158,106,32768.0,1.7870263768619068e-05,3.6117218712844785e-08,2.23606797749979,1,16.0312195418814,0.13948208816291766,0.7616332875610777,1.7142857142857142,1,,144,151,73,81,102,114,-7.442285700888192,0.6931471805599453,0.9988541502694662,True,0,small,0.5530794707693413
BraTS-GLI-02243-101,gmm_2d,prediction_component,159,25,9984.0,2.5060120224403912e-05,7.102621534903521e-08,1.7320508075688772,1,8.660254037844387,0.19999999999999996,0.9548683406603533,1.0,0,,145,150,90,95,61,66,-7.14858132620955,0.0,0.999943732308326,True,0,small,0.5530794707693413
BraTS-GLI-02243-101,variational_spline,prediction_component,1,10263,2070272.0,3.4453489644146836e-06,1.3425139465213417e-09,3.4641016151377544,2,185.8440206194431,0.01863983357436757,0.25695794467157745,1.268041237113402,36,,51,148,28,128,23,146,-8.872081193996527,3.6109179126442243,0.03311089170624265,False,0,small,0.5530794707693413
