case_id,method,source,component_label,volume_vox,surface_area_proxy,compactness_v_over_s15,isoperimetric_quotient,inscribed_radius_vox,inscribed_radius_grid_step,bbox_diag_vox,radius_over_bbox_diag,radius_over_equiv_sphere,elongation_max_over_min,eroded_subcomponents,overlap_gt_vox,z0,z1,y0,y1,x0,x1,log10_isoperimetric,log1p_eroded_subcomponents,shape_score_prob_true_et,accepted_shape,fold,vol_bin,shape_threshold
BraTS-GLI-03010-100,otsu_T1c,prediction_component,1,17138,2813184.0,3.6321429313268263e-06,1.4920323322126599e-09,4.47213595499958,2,190.06577808748213,0.023529411764705882,0.2796132976514204,1.6,15,,47,132,17,119,24,160,-8.826221765637209,2.772588722239781,0.064878946134431,False,3,absent,0.5309848428280338
BraTS-GLI-03010-100,gmm_T1c,prediction_component,1,21903,3705856.0,3.070229169760953e-06,1.0660902230937925e-09,4.47213595499958,2,196.3873723028036,0.022772013814127173,0.25765782310549473,1.446808510638298,22,,38,132,17,123,24,160,-8.972206039461712,3.1354942159291497,0.030926631987691605,False,3,absent,0.5309848428280338
BraTS-GLI-03010-100,sustraccion,prediction_component,2,26,11520.0,2.102783833007615e-05,5.000824713593235e-08,1.4142135623730951,1,9.38083151964686,0.15075567228888181,0.7695203069187393,1.5,0,,23,27,72,78,60,66,-7.300958367858523,0.0,0.9996197282248763,True,3,absent,0.5309848428280338
BraTS-GLI-03010-100,sustraccion,prediction_component,3,12,6144.0,2.4917498197257264e-05,7.022006780482366e-08,1.4142135623730951,1,6.4031242374328485,0.2208630521496931,0.9957510787676723,1.3333333333333333,0,,24,28,55,59,55,58,-7.153538755513696,0.0,0.9999674469175863,True,3,absent,0.5309848428280338
BraTS-GLI-03010-100,sustraccion,prediction_component,4,559,152320.0,9.403215977981191e-06,1.0000119645640721e-08,1.7320508075688772,1,39.67366884975475,0.043657439752501845,0.338937452694589,1.8235294117647058,0,,24,41,76,94,114,145,-7.9999948038869295,0.0,0.8914254865517589,True,3,absent,0.5309848428280338
BraTS-GLI-03010-100,sustraccion,prediction_component,5,569,133632.0,1.1647871314689804e-05,1.534424419060776e-08,1.7320508075688772,1,31.89043743820395,0.05431254465935684,0.33694013199618683,1.25,0,,25,44,65,81,42,62,-7.814054498690772,0.0,0.9510913589678814,True,3,absent,0.5309848428280338
BraTS-GLI-03010-100,sustraccion,prediction_component,6,53,19200.0,1.992159131969412e-05,4.488491701219548e-08,1.4142135623730951,1,12.68857754044952,0.11145564251507058,0.6069029442833568,2.0,0,,25,30,79,85,62,72,-7.347899573447649,0.0,0.9985217134857763,True,3,absent,0.5309848428280338
BraTS-GLI-03010-100,sustraccion,prediction_component,7,12,5376.0,3.04433440619409e-05,1.0481829363285631e-07,1.4142135623730951,1,5.830951894845301,0.24253562503633297,0.9957510787676723,1.3333333333333333,0,,26,29,49,53,63,66,-6.979562914580636,0.0,0.9999881881216841,True,3,absent,0.5309848428280338
BraTS-GLI-03010-100,sustraccion,prediction_component,9,26,11520.0,2.102783833007615e-05,5.000824713593235e-08,1.4142135623730951,1,9.9498743710662,0.1421338109037403,0.7695203069187393,1.4,0,,26,31,55,60,109,116,-7.300958367858523,0.0,0.9995590177584864,True,3,absent,0.5309848428280338
BraTS-GLI-03010-100,sustraccion,prediction_component,10,33,12800.0,2.27876208780821e-05,5.8728694148699874e-08,1.4142135623730951,1,9.695359714832659,0.14586499149789456,0.7107331206052484,2.3333333333333335,0,,27,30,85,91,101,108,-7.231149655726409,0.0,0.9996154345905452,True,3,absent,0.5309848428280338
BraTS-GLI-03010-100,sustraccion,prediction_component,11,75076,13658624.0,1.4872730245951765e-06,2.501691629609225e-10,5.656854249492381,4,257.7498787584584,0.02194706851751232,0.21615775295897502,1.432,171,,29,154,14,193,23,160,-9.601766224543791,5.147494476813453,0.0011377280383207122,False,3,absent,0.5309848428280338
BraTS-GLI-03010-100,sustraccion,prediction_component,14,12,6144.0,2.4917498197257264e-05,7.022006780482366e-08,1.4142135623730951,1,6.4031242374328485,0.2208630521496931,0.9957510787676723,1.3333333333333333,0,,30,34,52,55,108,112,-7.153538755513696,0.0,0.9999674469175863,True,3,absent,0.5309848428280338
BraTS-GLI-03010-100,sustraccion,prediction_component,15,1233,303104.0,7.388828307029579e-06,6.1745245760057765e-09,2.23606797749979,1,57.245087125446844,0.0390613079616714,0.3361451475965199,2.0952380952380953,4,,30,51,69,99,73,117,-8.209396476443366,1.6094379124341003,0.6345093088561168,True,3,absent,0.5309848428280338
BraTS-GLI-03010-100,sustraccion,prediction_component,16,25,9216.0,2.8257016782407408e-05,9.030358513994814e-08,1.4142135623730951,1,7.54983443527075,0.1873171623163388,0.7796467353853097,1.25,0,,31,35,64,69,139,143,-7.044295007431914,0.0,0.999923680480082,True,3,absent,0.5309848428280338
BraTS-GLI-03010-100,sustraccion,prediction_component,17,12,6144.0,2.4917498197257264e-05,7.022006780482366e-08,1.4142135623730951,1,6.4031242374328485,0.2208630521496931,0.9957510787676723,1.3333333333333333,0,,32,35,82,86,85,89,-7.153538755513696,0.0,0.9999674469175863,True,3,absent,0.5309848428280338
BraTS-GLI-03010-100,sustraccion,prediction_component,19,142,43264.0,1.577968536640874e-05,2.8161063537583648e-08,2.0,1,20.322401432901575,0.09841356626102458,0.6179643438609859,1.3,1,,37,49,83,93,61,74,-7.550350947549036,0.6931471805599453,0.9949371098758588,True,3,absent,0.5309848428280338
BraTS-GLI-03010-100,sustraccion,prediction_component,20,13,6912.0,2.2622352127535248e-05,5.7879915666588376e-08,1.4142135623730951,1,6.557438524302,0.21566554640687685,0.9695348330084831,1.6666666666666667,0,,38,41,76,79,77,82,-7.237472110337416,0.0,0.9999473399516785,True,3,absent,0.5309848428280338
BraTS-GLI-03010-100,sustraccion,prediction_component,21,14,7680.0,2.080109539136373e-05,4.8935585030206e-08,1.4142135623730951,1,7.810249675906654,0.1810714920850371,0.9458781407605124,2.0,0,,41,45,95,98,116,122,-7.310375215276639,0.0,0.99986553428335,True,3,absent,0.5309848428280338
BraTS-GLI-03010-100,sustraccion,prediction_component,22,14,7680.0,2.080109539136373e-05,4.8935585030206e-08,1.4142135623730951,1,7.681145747868608,0.1841149235796647,0.9458781407605124,1.6666666666666667,0,,44,49,42,47,55,58,-7.310375215276639,0.0,0.9998723859650914,True,3,absent,0.5309848428280338
BraTS-GLI-03010-100,sustraccion,prediction_component,23,74,29952.0,1.4275554262050864e-05,2.3048269940818773e-08,1.4142135623730951,1,18.2208671582886,0.0776150525706333,0.5430009978686747,2.3333333333333335,0,,45,51,95,109,91,101,-7.63736166825066,0.0,0.9906798347521368,True,3,absent,0.5309848428280338
BraTS-GLI-03010-100,sustraccion,prediction_component,26,16,6656.0,2.9464563572443515e-05,9.818664009850627e-08,1.4142135623730951,1,6.4031242374328485,0.2208630521496931,0.9046998952817776,1.3333333333333333,0,,48,51,90,94,122,126,-7.007947601074732,0.0,0.999974670476063,True,3,absent,0.5309848428280338
BraTS-GLI-03010-100,sustraccion,prediction_component,27,24,10752.0,2.1526695028193625e-05,5.2409146816428155e-08,1.4142135623730951,1,9.0,0.15713484026367724,0.7903281549671363,1.75,0,,48,52,136,140,112,119,-7.280592910244617,0.0,0.9997038232528926,True,3,absent,0.5309848428280338
BraTS-GLI-03010-100,sustraccion,prediction_component,29,169,51456.0,1.447880338057067e-05,2.370924445506713e-08,1.4142135623730951,1,22.360679774997898,0.06324555320336758,0.4123338281324348,1.6,0,,51,67,141,153,129,139,-7.625082285508247,0.0,0.9829499456010125,True,3,absent,0.5309848428280338
BraTS-GLI-03010-100,sustraccion,prediction_component,30,19,8448.0,2.446936747720066e-05,6.771702339772293e-08,1.4142135623730951,1,7.810249675906654,0.1810714920850371,0.8543319874271107,2.0,0,,53,57,109,115,30,33,-7.169302140202132,0.0,0.9998934476197895,True,3,absent,0.5309848428280338
BraTS-GLI-03010-100,sustraccion,prediction_component,31,27,10240.0,2.6056364997725294e-05,7.678564414457468e-08,1.4142135623730951,1,8.246211251235321,0.17149858514250885,0.7599002946021327,1.5,0,,53,59,113,117,55,59,-7.11471996814004,0.0,0.9998618542101294,True,3,absent,0.5309848428280338
BraTS-GLI-03010-100,sustraccion,prediction_component,32,29,13056.0,1.943939684666642e-05,4.27383690608457e-08,1.4142135623730951,1,10.04987562112089,0.1407195089460584,0.742013605090188,1.75,0,,57,61,98,104,131,138,-7.369182054970024,0.0,0.9993667036697839,True,3,absent,0.5309848428280338
BraTS-GLI-03010-100,sustraccion,prediction_component,33,26,9728.0,2.7098047834857024e-05,8.304784808758266e-08,1.4142135623730951,1,7.54983443527075,0.1873171623163388,0.7695203069187393,1.25,0,,60,64,68,73,126,130,-7.080671616382922,0.0,0.9999099117545396,True,3,absent,0.5309848428280338
BraTS-GLI-03010-100,sustraccion,prediction_component,34,12,6144.0,2.4917498197257264e-05,7.022006780482366e-08,1.4142135623730951,1,6.4031242374328485,0.2208630521496931,0.9957510787676723,1.3333333333333333,0,,60,64,109,112,119,123,-7.153538755513696,0.0,0.9999674469175863,True,3,absent,0.5309848428280338
BraTS-GLI-03010-100,sustraccion,prediction_component,35,49,20992.0,1.611073497542957e-05,2.935506730303651e-08,1.4142135623730951,1,13.601470508735444,0.10397504898200727,0.6229872725752906,1.6666666666666667,0,,62,72,125,132,31,37,-7.532316919568251,0.0,0.9968509711062589,True,3,absent,0.5309848428280338
BraTS-GLI-03010-100,sustraccion,prediction_component,38,17,7680.0,2.5258472975227388e-05,7.215502078433436e-08,1.4142135623730951,1,7.0710678118654755,0.2,0.8866010210973454,1.6666666666666667,0,,63,68,82,86,95,98,-7.141733443876567,0.0,0.9999371680724158,True,3,absent,0.5309848428280338
BraTS-GLI-03010-100,sustraccion,prediction_component,40,14,7680.0,2.080109539136373e-05,4.8935585030206e-08,1.4142135623730951,1,7.54983443527075,0.1873171623163388,0.9458781407605124,1.25,0,,65,69,133,138,34,38,-7.310375215276639,0.0,0.9998792186253973,True,3,absent,0.5309848428280338
BraTS-GLI-03010-100,sustraccion,prediction_component,41,12,6144.0,2.4917498197257264e-05,7.022006780482366e-08,1.4142135623730951,1,6.4031242374328485,0.2208630521496931,0.9957510787676723,1.3333333333333333,0,,66,70,50,53,65,69,-7.153538755513696,0.0,0.9999674469175863,True,3,absent,0.5309848428280338
BraTS-GLI-03010-100,sustraccion,prediction_component,44,40,14080.0,2.394175647951854e-05,6.482826395083946e-08,1.4142135623730951,1,9.9498743710662,0.1421338109037403,0.6665885822069456,1.4,0,,68,73,177,182,71,78,-7.188235608300935,0.0,0.9995979473462829,True,3,absent,0.5309848428280338
BraTS-GLI-03010-100,sustraccion,prediction_component,47,55,20224.0,1.9123267698937934e-05,4.135962406730662e-08,1.4142135623730951,1,13.92838827718412,0.10153461651336192,0.5994555302303142,1.2857142857142858,0,,69,77,182,189,72,81,-7.383423417356965,0.0,0.9979555136985007,True,3,absent,0.5309848428280338
BraTS-GLI-03010-100,sustraccion,prediction_component,48,14,7680.0,2.080109539136373e-05,4.8935585030206e-08,1.4142135623730951,1,8.12403840463596,0.17407765595569785,0.9458781407605124,1.25,0,,70,74,140,145,142,147,-7.310375215276639,0.0,0.9998483627314445,True,3,absent,0.5309848428280338
BraTS-GLI-03010-100,sustraccion,prediction_component,50,36,11776.0,2.817122973407936e-05,8.975610212054061e-08,1.4142135623730951,1,8.246211251235321,0.17149858514250885,0.6904152369103725,1.5,0,,72,76,123,129,87,91,-7.046936015984275,0.0,0.9998661750823461,True,3,absent,0.5309848428280338
BraTS-GLI-03010-100,sustraccion,prediction_component,51,27,10496.0,2.5108919892056284e-05,7.13031039197455e-08,1.4142135623730951,1,8.660254037844387,0.1632993161855452,0.7599002946021327,1.0,0,,73,78,107,112,33,38,-7.146891564315359,0.0,0.9998209300687276,True,3,absent,0.5309848428280338
BraTS-GLI-03010-100,sustraccion,prediction_component,54,36,12800.0,2.485922277608956e-05,6.989199964803952e-08,1.4142135623730951,1,9.433981132056603,0.1499063377991723,0.6904152369103725,2.6666666666666665,0,,74,77,91,95,26,34,-7.155572533947609,0.0,0.9997105656668833,True,3,absent,0.5309848428280338
BraTS-GLI-03010-100,sustraccion,prediction_component,56,12,6144.0,2.4917498197257264e-05,7.022006780482366e-08,1.4142135623730951,1,6.4031242374328485,0.2208630521496931,0.9957510787676723,1.3333333333333333,0,,74,78,115,119,77,80,-7.153538755513696,0.0,0.9999674469175863,True,3,absent,0.5309848428280338
BraTS-GLI-03010-100,sustraccion,prediction_component,57,19,9216.0,2.147533275462963e-05,5.2159350776834036e-08,1.4142135623730951,1,8.602325267042627,0.1643989873053573,0.8543319874271107,2.3333333333333335,0,,74,81,124,127,31,35,-7.282667822870332,0.0,0.9997845003473774,True,3,absent,0.5309848428280338
BraTS-GLI-03010-100,sustraccion,prediction_component,59,22,9216.0,2.4866174768518517e-05,6.993109633237583e-08,1.4142135623730951,1,7.810249675906654,0.1810714920850371,0.8135863258112027,2.0,0,,75,79,95,101,24,27,-7.155329663131577,0.0,0.9998849914573955,True,3,absent,0.5309848428280338
BraTS-GLI-03010-100,sustraccion,prediction_component,60,31,13824.0,1.9072652941110498e-05,4.1140975558869407e-08,1.4142135623730951,1,11.180339887498949,0.12649110640673517,0.7257003006213092,1.6,0,,76,84,36,42,40,45,-7.3857254142744875,0.0,0.9990954968365217,True,3,absent,0.5309848428280338
BraTS-GLI-03010-100,sustraccion,prediction_component,61,12,6144.0,2.4917498197257264e-05,7.022006780482366e-08,1.4142135623730951,1,6.4031242374328485,0.2208630521496931,0.9957510787676723,1.3333333333333333,0,,76,80,64,68,25,28,-7.153538755513696,0.0,0.9999674469175863,True,3,absent,0.5309848428280338
BraTS-GLI-03010-100,sustraccion,prediction_component,62,17,6912.0,2.9583075859084555e-05,9.897808063694699e-08,1.4142135623730951,1,6.557438524302,0.21566554640687685,0.8866010210973454,1.6666666666666667,0,,76,79,171,176,85,88,-7.004460972194542,0.0,0.9999710593812473,True,3,absent,0.5309848428280338
BraTS-GLI-03010-100,sustraccion,prediction_component,63,25,9472.0,2.7119237506822293e-05,8.317777956467376e-08,1.4142135623730951,1,7.810249675906654,0.1810714920850371,0.7796467353853097,2.0,0,,77,83,38,42,141,144,-7.079992677331037,0.0,0.9999030846074742,True,3,absent,0.5309848428280338
BraTS-GLI-03010-100,sustraccion,prediction_component,65,12,6144.0,2.4917498197257264e-05,7.022006780482366e-08,1.4142135623730951,1,6.4031242374328485,0.2208630521496931,0.9957510787676723,1.3333333333333333,0,,77,81,67,71,155,158,-7.153538755513696,0.0,0.9999674469175863,True,3,absent,0.5309848428280338
BraTS-GLI-03010-100,sustraccion,prediction_component,68,26,10496.0,2.4178959896054198e-05,6.611920198868032e-08,1.4142135623730951,1,9.273618495495704,0.15249857033260467,0.7695203069187393,1.2,0,,77,83,115,120,28,33,-7.179672396691698,0.0,0.9997639626928781,True,3,absent,0.5309848428280338
BraTS-GLI-03010-100,sustraccion,prediction_component,69,19,9984.0,1.9045691370546972e-05,4.102474198560274e-08,1.4142135623730951,1,9.0,0.15713484026367724,0.8543319874271107,1.75,0,,77,84,189,193,71,75,-7.386954141647967,0.0,0.9996414446505717,True,3,absent,0.5309848428280338
BraTS-GLI-03010-100,sustraccion,prediction_component,70,14,7680.0,2.080109539136373e-05,4.8935585030206e-08,1.4142135623730951,1,7.810249675906654,0.1810714920850371,0.9458781407605124,2.0,0,,78,81,46,50,78,84,-7.310375215276639,0.0,0.99986553428335,True,3,absent,0.5309848428280338
BraTS-GLI-03010-100,sustraccion,prediction_component,71,12,6144.0,2.4917498197257264e-05,7.022006780482366e-08,1.4142135623730951,1,6.4031242374328485,0.2208630521496931,0.9957510787676723,1.3333333333333333,0,,78,82,59,62,29,33,-7.153538755513696,0.0,0.9999674469175863,True,3,absent,0.5309848428280338
BraTS-GLI-03010-100,sustraccion,prediction_component,73,17,7680.0,2.5258472975227388e-05,7.215502078433436e-08,1.4142135623730951,1,7.0710678118654755,0.2,0.8866010210973454,1.6666666666666667,0,,78,81,174,178,111,116,-7.141733443876567,0.0,0.9999371680724158,True,3,absent,0.5309848428280338
BraTS-GLI-03010-100,sustraccion,prediction_component,74,40,13312.0,2.6043240883471167e-05,7.670831257695802e-08,1.4142135623730951,1,9.38083151964686,0.15075567228888181,0.6665885822069456,1.5,0,,78,82,177,183,106,112,-7.115157570722601,0.0,0.9997351510466944,True,3,absent,0.5309848428280338
BraTS-GLI-03010-100,sustraccion,prediction_component,75,73,26112.0,1.7300659332226857e-05,3.385148167735534e-08,1.4142135623730951,1,15.937377450509228,0.08873565094161139,0.5454692181434626,2.1666666666666665,0,,79,85,49,56,74,87,-7.470422317518969,0.0,0.9958498662820096,True,3,absent,0.5309848428280338
BraTS-GLI-03010-100,sustraccion,prediction_component,76,19,8448.0,2.446936747720066e-05,6.771702339772293e-08,1.4142135623730951,1,7.810249675906654,0.1810714920850371,0.8543319874271107,2.0,0,,79,83,102,108,24,27,-7.169302140202132,0.0,0.9998934476197895,True,3,absent,0.5309848428280338
BraTS-GLI-03010-100,sustraccion,prediction_component,77,34,13568.0,2.1513207428579317e-05,5.2343493250858835e-08,1.4142135623730951,1,9.486832980505138,0.14907119849998599,0.7036956967830031,1.75,0,,80,87,39,44,92,96,-7.281137297191984,0.0,0.9995526681844425,True,3,absent,0.5309848428280338
BraTS-GLI-03010-100,sustraccion,prediction_component,81,49,20992.0,1.611073497542957e-05,2.935506730303651e-08,1.4142135623730951,1,13.038404810405298,0.10846522890932808,0.6229872725752906,1.8,0,,82,90,87,96,156,161,-7.532316919568251,0.0,0.9970841604581457,True,3,absent,0.5309848428280338
BraTS-GLI-03010-100,sustraccion,prediction_component,83,12,6144.0,2.4917498197257264e-05,7.022006780482366e-08,1.4142135623730951,1,6.4031242374328485,0.2208630521496931,0.9957510787676723,1.3333333333333333,0,,83,87,66,69,153,157,-7.153538755513696,0.0,0.9999674469175863,True,3,absent,0.5309848428280338
BraTS-GLI-03010-100,sustraccion,prediction_component,85,12,5376.0,3.04433440619409e-05,1.0481829363285631e-07,1.4142135623730951,1,5.830951894845301,0.24253562503633297,0.9957510787676723,1.3333333333333333,0,,83,86,161,165,86,89,-6.979562914580636,0.0,0.9999881881216841,True,3,absent,0.5309848428280338
BraTS-GLI-03010-100,sustraccion,prediction_component,87,40,16896.0,1.821311123628858e-05,3.7516356453032095e-08,1.4142135623730951,1,13.92838827718412,0.10153461651336192,0.6665885822069456,1.2857142857142858,0,,84,92,59,68,132,139,-7.425779346443809,0.0,0.99806388101312,True,3,absent,0.5309848428280338
BraTS-GLI-03010-100,sustraccion,prediction_component,89,24,11520.0,1.9410312304685675e-05,4.261057744126781e-08,1.4142135623730951,1,9.0,0.15713484026367724,0.7903281549671363,1.75,0,,84,91,190,194,68,72,-7.3704825803769465,0.0,0.9995875178813726,True,3,absent,0.5309848428280338
BraTS-GLI-03010-100,sustraccion,prediction_component,90,25,9472.0,2.7119237506822293e-05,8.317777956467376e-08,1.4142135623730951,1,7.810249675906654,0.1810714920850371,0.7796467353853097,2.0,0,,85,89,32,38,52,55,-7.079992677331037,0.0,0.9999030846074742,True,3,absent,0.5309848428280338
BraTS-GLI-03010-100,sustraccion,prediction_component,92,12,5376.0,3.04433440619409e-05,1.0481829363285631e-07,1.4142135623730951,1,5.830951894845301,0.24253562503633297,0.9957510787676723,1.3333333333333333,0,,85,88,45,49,92,95,-6.979562914580636,0.0,0.9999881881216841,True,3,absent,0.5309848428280338
BraTS-GLI-03010-100,sustraccion,prediction_component,93,23,10752.0,2.062974940201889e-05,4.8132706017170996e-08,1.4142135623730951,1,8.774964387392123,0.16116459280507606,0.8016200827808712,1.5,0,,86,92,132,136,144,149,-7.317559721632644,0.0,0.9996943267344239,True,3,absent,0.5309848428280338
BraTS-GLI-03010-100,sustraccion,prediction_component,94,29,10752.0,2.6011423159067295e-05,7.652099387606958e-08,1.4142135623730951,1,8.246211251235321,0.17149858514250885,0.742013605090188,1.5,0,,87,91,53,57,107,113,-7.116219397869917,0.0,0.9998530684373016,True,3,absent,0.5309848428280338
BraTS-GLI-03010-100,sustraccion,prediction_component,97,67,30720.0,1.2443512421619374e-05,1.751210468754741e-08,1.4142135623730951,1,21.354156504062622,0.06622661785325219,0.5612886582720128,1.75,0,,88,102,119,127,39,53,-7.756661655215349,0.0,0.9835058225436056,True,3,absent,0.5309848428280338
BraTS-GLI-03010-100,sustraccion,prediction_component,98,62,23296.0,1.7436915102581704e-05,3.4386793416422936e-08,1.4142135623730951,1,13.601470508735444,0.10397504898200727,0.5759887103099525,1.6666666666666667,0,,89,95,47,57,29,36,-7.4636083204409,0.0,0.9971661266753709,True,3,absent,0.5309848428280338
BraTS-GLI-03010-100,sustraccion,prediction_component,99,33,13056.0,2.2120692963447995e-05,5.534136017510222e-08,1.4142135623730951,1,9.9498743710662,0.1421338109037403,0.7107331206052484,1.4,0,,89,94,143,148,119,126,-7.2569501710121616,0.0,0.9995490846922185,True,3,absent,0.5309848428280338
BraTS-GLI-03010-100,sustraccion,prediction_component,100,85,33280.0,1.4000513003511397e-05,2.216870233474087e-08,1.4142135623730951,1,21.18962010041709,0.06674086442659999,0.5184874224812556,2.2857142857142856,0,,89,101,189,196,93,109,-7.6542597279660525,0.0,0.9871324367989891,True,3,absent,0.5309848428280338
BraTS-GLI-03010-100,sustraccion,prediction_component,101,20,7680.0,2.9715850559091044e-05,9.986854087797143e-08,1.4142135623730951,1,6.928203230275509,0.20412414523193154,0.8398489863421099,1.0,0,,90,94,44,48,75,79,-7.000571295305153,0.0,0.999959714665867,True,3,absent,0.5309848428280338
BraTS-GLI-03010-100,sustraccion,prediction_component,102,12,5376.0,3.04433440619409e-05,1.0481829363285631e-07,1.4142135623730951,1,5.830951894845301,0.24253562503633297,0.9957510787676723,1.3333333333333333,0,,90,93,58,61,139,143,-6.979562914580636,0.0,0.9999881881216841,True,3,absent,0.5309848428280338
BraTS-GLI-03010-100,sustraccion,prediction_component,105,21,8448.0,2.704509036953757e-05,8.272356597893577e-08,1.4142135623730951,1,8.660254037844387,0.1632993161855452,0.8263006657894747,1.0,0,,91,96,113,118,49,54,-7.082370752639951,0.0,0.9998853825660726,True,3,absent,0.5309848428280338
BraTS-GLI-03010-100,sustraccion,prediction_component,106,25,9472.0,2.7119237506822293e-05,8.317777956467376e-08,1.4142135623730951,1,7.810249675906654,0.1810714920850371,0.7796467353853097,2.0,0,,91,97,119,122,29,33,-7.079992677331037,0.0,0.9999030846074742,True,3,absent,0.5309848428280338
BraTS-GLI-03010-100,sustraccion,prediction_component,108,14,6144.0,2.9070414563466808e-05,9.557731451212109e-08,1.4142135623730951,1,6.928203230275509,0.20412414523193154,0.9458781407605124,1.0,0,,92,96,58,62,66,70,-7.019645176252469,0.0,0.9999690143044426,True,3,absent,0.5309848428280338
BraTS-GLI-03010-100,sustraccion,prediction_component,109,12,6144.0,2.4917498197257264e-05,7.022006780482366e-08,1.4142135623730951,1,6.4031242374328485,0.2208630521496931,0.9957510787676723,1.3333333333333333,0,,93,96,36,40,135,139,-7.153538755513696,0.0,0.9999674469175863,True,3,absent,0.5309848428280338
BraTS-GLI-03010-100,sustraccion,prediction_component,110,36,16128.0,1.7576472889193975e-05,3.49394312109521e-08,1.4142135623730951,1,11.916375287812984,0.11867816581938534,0.6904152369103725,1.8,0,,93,102,57,63,143,148,-7.456684169300298,0.0,0.9984997597105071,True,3,absent,0.5309848428280338
BraTS-GLI-03010-100,sustraccion,prediction_component,113,16,6656.0,2.9464563572443515e-05,9.818664009850627e-08,1.4142135623730951,1,6.4031242374328485,0.2208630521496931,0.9046998952817776,1.3333333333333333,0,,93,97,104,108,140,143,-7.007947601074732,0.0,0.999974670476063,True,3,absent,0.5309848428280338
BraTS-GLI-03010-100,sustraccion,prediction_component,114,17,7168.0,2.8012503667152895e-05,8.874752009735003e-08,1.4142135623730951,1,6.928203230275509,0.20412414523193154,0.8866010210973454,1.0,0,,93,97,184,188,56,60,-7.051843773744237,0.0,0.9999579755349162,True,3,absent,0.5309848428280338
BraTS-GLI-03010-100,sustraccion,prediction_component,115,43,15360.0,2.2588200396988786e-05,5.7705291276052865e-08,1.4142135623730951,1,11.180339887498949,0.12649110640673517,0.650711350669285,1.6,0,,94,100,66,74,151,156,-7.238784362465886,0.0,0.9993339750435898,True,3,absent,0.5309848428280338
BraTS-GLI-03010-100,sustraccion,prediction_component,116,78,32000.0,1.3626039237889344e-05,2.0998663005366543e-08,1.4142135623730951,1,20.223748416156685,0.06992836012750657,0.5335555806438685,3.0,0,,94,112,163,169,88,95,-7.677808356117336,0.0,0.9873249487869413,True,3,absent,0.5309848428280338
BraTS-GLI-03010-100,sustraccion,prediction_component,117,23,10496.0,2.1389079908047943e-05,5.174120984025427e-08,1.4142135623730951,1,9.486832980505138,0.14907119849998599,0.8016200827808712,1.75,0,,95,99,74,79,138,145,-7.2861634205981485,0.0,0.999664843976531,True,3,absent,0.5309848428280338
BraTS-GLI-03010-100,sustraccion,prediction_component,118,67,24320.0,1.7665642883867527e-05,3.52948440298375e-08,1.4142135623730951,1,15.0,0.09428090415820635,0.5612886582720128,2.0,0,,95,100,80,90,49,59,-7.452288732939018,0.0,0.9966393485704275,True,3,absent,0.5309848428280338
BraTS-GLI-03010-100,sustraccion,prediction_component,121,21,11520.0,1.6984023266599966e-05,3.262372335347067e-08,1.4142135623730951,1,9.9498743710662,0.1421338109037403,0.8263006657894747,1.4,0,,96,103,150,155,36,41,-7.48646647433232,0.0,0.9992690627956193,True,3,absent,0.5309848428280338
BraTS-GLI-03010-100,sustraccion,prediction_component,122,472,138752.0,9.132362054480622e-06,9.432321933144918e-09,1.7320508075688772,1,70.09992867328754,0.02470831055537004,0.358599349637785,8.375,0,,96,115,90,157,85,93,-8.025381384821113,0.0,0.8516810519097447,True,3,absent,0.5309848428280338
BraTS-GLI-03010-100,sustraccion,prediction_component,125,20,7936.0,2.8289645606535866e-05,9.051225550351545e-08,1.4142135623730951,1,7.0710678118654755,0.2,0.8398489863421099,1.6666666666666667,0,,98,103,59,63,27,30,-7.043292612648983,0.0,0.9999493805149742,True,3,absent,0.5309848428280338
BraTS-GLI-03010-100,sustraccion,prediction_component,128,33,11520.0,2.6689179418942802e-05,8.056062297489695e-08,1.4142135623730951,1,8.660254037844387,0.1632993161855452,0.7107331206052484,1.0,0,,99,104,40,45,138,143,-7.093877184044383,0.0,0.9998281406331088,True,3,absent,0.5309848428280338
BraTS-GLI-03010-100,sustraccion,prediction_component,130,115,33024.0,1.916255114224631e-05,4.152972232354296e-08,2.0,1,15.7797338380595,0.12674485010489558,0.6629695552984823,1.4285714285714286,1,,99,109,107,117,25,32,-7.381640972664651,0.6931471805599453,0.998544298112795,True,3,absent,0.5309848428280338
BraTS-GLI-03010-100,sustraccion,prediction_component,131,60,26880.0,1.3614677356982883e-05,2.0963658726571262e-08,1.4142135623730951,1,18.708286933869708,0.07559289460184544,0.5823187634322541,3.4,0,,99,104,131,137,38,55,-7.6785329189166545,0.0,0.9900786301570618,True,3,absent,0.5309848428280338
BraTS-GLI-03010-100,sustraccion,prediction_component,134,38,14592.0,2.1558143832438865e-05,5.256238993577444e-08,1.4142135623730951,1,11.090536506409418,0.12751534261266767,0.6780837477859392,1.4,0,,100,105,102,109,125,132,-7.2793248962579815,0.0,0.9993026946243135,True,3,absent,0.5309848428280338
BraTS-GLI-03010-100,sustraccion,prediction_component,142,17,7680.0,2.5258472975227388e-05,7.215502078433436e-08,1.4142135623730951,1,7.0710678118654755,0.2,0.8866010210973454,1.6666666666666667,0,,103,108,125,129,29,32,-7.141733443876567,0.0,0.9999371680724158,True,3,absent,0.5309848428280338
BraTS-GLI-03010-100,sustraccion,prediction_component,145,197,62976.0,1.2465325329637246e-05,1.7573554336365154e-08,1.7320508075688772,1,28.231188426986208,0.06135238734453024,0.4798454949207694,2.1,0,,105,126,60,76,30,40,-7.7551403914610795,0.0,0.977119787365701,True,3,absent,0.5309848428280338
BraTS-GLI-03010-100,sustraccion,prediction_component,146,123,40704.0,1.497785000296834e-05,2.5371802812772116e-08,1.7320508075688772,1,20.92844953645635,0.0827605888602368,0.5614207499321827,1.2727272727272727,0,,105,119,114,125,138,149,-7.5956486725566865,0.0,0.9930787916696522,True,3,absent,0.5309848428280338
BraTS-GLI-03010-100,sustraccion,prediction_component,148,182,57344.0,1.325376947350127e-05,1.9866949987190624e-08,1.7320508075688772,1,25.729360660537214,0.06731806632978003,0.4926816279739359,2.5714285714285716,0,,105,123,132,139,128,145,-7.701868801506467,0.0,0.983593313317163,True,3,absent,0.5309848428280338
BraTS-GLI-03010-100,sustraccion,prediction_component,149,16,6656.0,2.9464563572443515e-05,9.818664009850627e-08,1.4142135623730951,1,6.4031242374328485,0.2208630521496931,0.9046998952817776,1.3333333333333333,0,,106,109,75,79,25,29,-7.007947601074732,0.0,0.999974670476063,True,3,absent,0.5309848428280338
BraTS-GLI-03010-100,sustraccion,prediction_component,150,14,7680.0,2.080109539136373e-05,4.8935585030206e-08,1.4142135623730951,1,8.12403840463596,0.17407765595569785,0.9458781407605124,1.25,0,,106,111,109,113,73,78,-7.310375215276639,0.0,0.9998483627314445,True,3,absent,0.5309848428280338
BraTS-GLI-03010-100,sustraccion,prediction_component,151,109,44032.0,1.1797062481727712e-05,1.5739833453452716e-08,1.4142135623730951,1,24.779023386727733,0.057073014553534966,0.47723875231103313,1.6363636363636365,0,,106,124,154,167,43,54,-7.802999867315527,0.0,0.9705791029324973,True,3,absent,0.5309848428280338
BraTS-GLI-03010-100,sustraccion,prediction_component,152,117,36608.0,1.670405293426806e-05,3.155702752414661e-08,1.7320508075688772,1,17.72004514666935,0.09774528186766118,0.5708581554278115,1.7142857142857142,0,,107,119,42,49,131,142,-7.50090391137699,0.0,0.9963253760017107,True,3,absent,0.5309848428280338
BraTS-GLI-03010-100,sustraccion,prediction_component,154,12,5376.0,3.04433440619409e-05,1.0481829363285631e-07,1.4142135623730951,1,5.830951894845301,0.24253562503633297,0.9957510787676723,1.3333333333333333,0,,107,110,79,83,23,26,-6.979562914580636,0.0,0.9999881881216841,True,3,absent,0.5309848428280338
BraTS-GLI-03010-100,sustraccion,prediction_component,156,148,37376.0,2.0482005751209074e-05,4.7445752710967104e-08,2.0,1,17.69180601295413,0.1130466837888443,0.609498012301706,2.3333333333333335,1,,108,117,52,66,90,96,-7.323802659037524,0.6931471805599453,0.9982401531569194,True,3,absent,0.5309848428280338
BraTS-GLI-03010-100,sustraccion,prediction_component,157,17,6912.0,2.9583075859084555e-05,9.897808063694699e-08,1.4142135623730951,1,6.557438524302,0.21566554640687685,0.8866010210973454,1.6666666666666667,0,,108,113,70,73,152,155,-7.004460972194542,0.0,0.9999710593812473,True,3,absent,0.5309848428280338
BraTS-GLI-03010-100,sustraccion,prediction_component,159,12,6144.0,2.4917498197257264e-05,7.022006780482366e-08,1.4142135623730951,1,6.4031242374328485,0.2208630521496931,0.9957510787676723,1.3333333333333333,0,,110,114,56,60,125,128,-7.153538755513696,0.0,0.9999674469175863,True,3,absent,0.5309848428280338
BraTS-GLI-03010-100,sustraccion,prediction_component,160,49,19456.0,1.805575876281341e-05,3.687091036580732e-08,1.4142135623730951,1,14.798648586948742,0.09556369651349932,0.6229872725752906,2.6,0,,110,115,139,144,42,55,-7.433316139259475,0.0,0.9974722235312409,True,3,absent,0.5309848428280338
BraTS-GLI-03010-100,sustraccion,prediction_component,163,30,12288.0,2.202416493185523e-05,5.4859427972518485e-08,1.4142135623730951,1,10.392304845413264,0.13608276348795434,0.73367566779705,1.0,0,,111,117,52,58,32,38,-7.260748725161564,0.0,0.9995278723231844,True,3,absent,0.5309848428280338
BraTS-GLI-03010-100,sustraccion,prediction_component,164,199,62208.0,1.2825777986836224e-05,1.8604577400447777e-08,1.7320508075688772,1,30.495901363953813,0.05679618342470648,0.4782325567175527,1.5384615384615385,0,,111,124,51,70,134,154,-7.730380190449651,0.0,0.9772958338716533,True,3,absent,0.5309848428280338
BraTS-GLI-03010-100,sustraccion,prediction_component,165,24,12288.0,1.7619331945484184e-05,3.511003390241183e-08,1.4142135623730951,1,10.04987562112089,0.1407195089460584,0.7903281549671363,1.75,0,,111,115,106,112,33,40,-7.4545687511776775,0.0,0.9992545852528634,True,3,absent,0.5309848428280338
BraTS-GLI-03010-100,sustraccion,prediction_component,166,59,23296.0,1.6593193404069685e-05,3.113954939713013e-08,1.4142135623730951,1,15.7797338380595,0.08962214298964417,0.5855902858043154,3.25,0,,111,124,124,128,29,37,-7.50668767615312,0.0,0.9958806540951152,True,3,absent,0.5309848428280338
BraTS-GLI-03010-100,sustraccion,prediction_component,167,17,6912.0,2.9583075859084555e-05,9.897808063694699e-08,1.4142135623730951,1,6.557438524302,0.21566554640687685,0.8866010210973454,1.6666666666666667,0,,112,115,142,145,35,40,-7.004460972194542,0.0,0.9999710593812473,True,3,absent,0.5309848428280338
BraTS-GLI-03010-100,sustraccion,prediction_component,168,12,6144.0,2.4917498197257264e-05,7.022006780482366e-08,1.4142135623730951,1,6.4031242374328485,0.2208630521496931,0.9957510787676723,1.3333333333333333,0,,113,117,47,51,128,131,-7.153538755513696,0.0,0.9999674469175863,True,3,absent,0.5309848428280338
BraTS-GLI-03010-100,sustraccion,prediction_component,169,96,33280.0,1.581234409808346e-05,2.8277752348369805e-08,1.4142135623730951,1,20.322401432901575,0.06958890006392211,0.49787553938383616,1.3,0,,113,126,66,78,27,37,-7.548555113315501,0.0,0.9911108954918606,True,3,absent,0.5309848428280338
BraTS-GLI-03010-100,sustraccion,prediction_component,170,14,7680.0,2.080109539136373e-05,4.8935585030206e-08,1.4142135623730951,1,7.54983443527075,0.1873171623163388,0.9458781407605124,1.25,0,,113,117,101,106,39,43,-7.310375215276639,0.0,0.9998792186253973,True,3,absent,0.5309848428280338
BraTS-GLI-03010-100,sustraccion,prediction_component,171,36,14848.0,1.9897593880278538e-05,4.4776845893665894e-08,1.4142135623730951,1,11.357816691600547,0.12451456127293807,0.6904152369103725,2.0,0,,114,122,58,62,42,49,-7.348946501628365,0.0,0.9990871994221286,True,3,absent,0.5309848428280338
BraTS-GLI-03010-100,sustraccion,prediction_component,172,70,26368.0,1.6348663501095202e-05,3.022851992802324e-08,1.4142135623730951,1,18.027756377319946,0.07844645405527362,0.5531528923543089,1.3333333333333333,0,,114,126,64,74,130,139,-7.51958311656113,0.0,0.9942140487693063,True,3,absent,0.5309848428280338
BraTS-GLI-03010-100,sustraccion,prediction_component,173,12,6144.0,2.4917498197257264e-05,7.022006780482366e-08,1.4142135623730951,1,6.4031242374328485,0.2208630521496931,0.9957510787676723,1.3333333333333333,0,,114,117,97,101,42,46,-7.153538755513696,0.0,0.9999674469175863,True,3,absent,0.5309848428280338
BraTS-GLI-03010-100,sustraccion,prediction_component,175,14,7680.0,2.080109539136373e-05,4.8935585030206e-08,1.4142135623730951,1,7.54983443527075,0.1873171623163388,0.9458781407605124,1.25,0,,114,118,175,180,76,80,-7.310375215276639,0.0,0.9998792186253973,True,3,absent,0.5309848428280338
BraTS-GLI-03010-100,sustraccion,prediction_component,176,79,28928.0,1.6056448035273825e-05,2.9157570182979678e-08,1.4142135623730951,1,16.881943016134134,0.0837707816583391,0.5312947247927275,1.375,0,,115,126,77,87,73,81,-7.5352486703435035,0.0,0.9940101178780625,True,3,absent,0.5309848428280338
BraTS-GLI-03010-100,sustraccion,prediction_component,179,32,12544.0,2.2776967930029154e-05,5.867379701897496e-08,1.4142135623730951,1,10.04987562112089,0.1407195089460584,0.7180607827429069,1.75,0,,117,121,86,92,93,100,-7.231555805919856,0.0,0.999588825176417,True,3,absent,0.5309848428280338
BraTS-GLI-03010-100,sustraccion,prediction_component,180,31,12800.0,2.140655294607712e-05,5.182578060321449e-08,1.4142135623730951,1,9.486832980505138,0.14907119849998599,0.7257003006213092,1.75,0,,117,124,146,150,40,45,-7.285454147813638,0.0,0.9995758134627015,True,3,absent,0.5309848428280338
BraTS-GLI-03010-100,sustraccion,prediction_component,181,25,9472.0,2.7119237506822293e-05,8.317777956467376e-08,1.4142135623730951,1,7.810249675906654,0.1810714920850371,0.7796467353853097,2.0,0,,118,121,42,46,123,129,-7.079992677331037,0.0,0.9999030846074742,True,3,absent,0.5309848428280338
BraTS-GLI-03010-100,sustraccion,prediction_component,183,45,17664.0,1.9168093965337742e-05,4.155375098173176e-08,1.4142135623730951,1,12.12435565298214,0.11664236870396087,0.6409247308398612,1.0,0,,118,125,66,73,40,47,-7.3813897671352064,0.0,0.9986249123962466,True,3,absent,0.5309848428280338
BraTS-GLI-03010-100,sustraccion,prediction_component,184,88,31232.0,1.5943474744936346e-05,2.874870786967479e-08,1.4142135623730951,1,18.027756377319946,0.07844645405527362,0.5125272688980814,1.3333333333333333,0,,118,130,88,98,27,36,-7.541381670198035,0.0,0.9928867583892591,True,3,absent,0.5309848428280338
BraTS-GLI-03010-100,sustraccion,prediction_component,187,12,5376.0,3.04433440619409e-05,1.0481829363285631e-07,1.4142135623730951,1,5.830951894845301,0.24253562503633297,0.9957510787676723,1.3333333333333333,0,,119,123,85,88,79,82,-6.979562914580636,0.0,0.9999881881216841,True,3,absent,0.5309848428280338
BraTS-GLI-03010-100,sustraccion,prediction_component,188,32,12288.0,2.3492442593978914e-05,6.241783804873214e-08,1.4142135623730951,1,8.774964387392123,0.16116459280507606,0.7180607827429069,1.5,0,,120,124,107,112,132,138,-7.204691277961078,0.0,0.9997378909026968,True,3,absent,0.5309848428280338
BraTS-GLI-03010-100,sustraccion,prediction_component,189,151,50688.0,1.3231808716106859e-05,1.9801167673277426e-08,1.4142135623730951,1,25.709920264364882,0.055006532413609206,0.4281068910127584,2.0,0,,121,130,57,75,134,150,-7.703309198672382,0.0,0.9752519482538617,True,3,absent,0.5309848428280338
BraTS-GLI-03010-100,sustraccion,prediction_component,190,12,6144.0,2.4917498197257264e-05,7.022006780482366e-08,1.4142135623730951,1,6.4031242374328485,0.2208630521496931,0.9957510787676723,1.3333333333333333,0,,121,125,73,77,89,92,-7.153538755513696,0.0,0.9999674469175863,True,3,absent,0.5309848428280338
BraTS-GLI-03010-100,sustraccion,prediction_component,192,86,34048.0,1.3688663317058695e-05,2.119212256821162e-08,1.4142135623730951,1,20.223748416156685,0.06992836012750657,0.5164699412900353,3.0,0,,121,127,91,109,77,84,-7.67382554288825,0.0,0.9868282339768544,True,3,absent,0.5309848428280338
BraTS-GLI-03010-100,sustraccion,prediction_component,193,12,6144.0,2.4917498197257264e-05,7.022006780482366e-08,1.4142135623730951,1,6.4031242374328485,0.2208630521496931,0.9957510787676723,1.3333333333333333,0,,121,125,98,101,36,40,-7.153538755513696,0.0,0.9999674469175863,True,3,absent,0.5309848428280338
BraTS-GLI-03010-100,sustraccion,prediction_component,197,19,9984.0,1.9045691370546972e-05,4.102474198560274e-08,1.4142135623730951,1,8.774964387392123,0.16116459280507606,0.8543319874271107,1.5,0,,124,128,55,60,41,47,-7.386954141647967,0.0,0.9996654287331369,True,3,absent,0.5309848428280338
BraTS-GLI-03010-100,sustraccion,prediction_component,199,106,32512.0,1.8081744816934526e-05,3.6977116807784416e-08,1.4142135623730951,1,17.549928774784245,0.08058229640253803,0.48169918609899903,1.5,0,,125,133,49,61,49,59,-7.432066954812457,0.0,0.9949412649812427,True,3,absent,0.5309848428280338
BraTS-GLI-03010-100,sustraccion,prediction_component,201,28,11264.0,2.3421735307665408e-05,6.204267448420182e-08,1.4142135623730951,1,9.0,0.15713484026367724,0.7507439778384809,1.75,0,,126,130,50,57,119,123,-7.207309489248251,0.0,0.9997440207571132,True,3,absent,0.5309848428280338
BraTS-GLI-03010-100,sustraccion,prediction_component,202,12,6144.0,2.4917498197257264e-05,7.022006780482366e-08,1.4142135623730951,1,6.4031242374328485,0.2208630521496931,0.9957510787676723,1.3333333333333333,0,,126,129,58,62,117,121,-7.153538755513696,0.0,0.9999674469175863,True,3,absent,0.5309848428280338
BraTS-GLI-03010-100,sustraccion,prediction_component,203,42,17408.0,1.8286305598586114e-05,3.781850181387409e-08,1.4142135623730951,1,13.45362404707371,0.10511766624552735,0.6558352730581178,1.5,0,,126,135,150,156,117,125,-7.422295679797036,0.0,0.9981409021211322,True,3,absent,0.5309848428280338
BraTS-GLI-03010-100,sustraccion,prediction_component,204,16,6656.0,2.9464563572443515e-05,9.818664009850627e-08,1.4142135623730951,1,6.4031242374328485,0.2208630521496931,0.9046998952817776,1.3333333333333333,0,,126,130,158,162,108,111,-7.007947601074732,0.0,0.999974670476063,True,3,absent,0.5309848428280338
BraTS-GLI-03010-100,sustraccion,prediction_component,205,16,6656.0,2.9464563572443515e-05,9.818664009850627e-08,1.4142135623730951,1,6.4031242374328485,0.2208630521496931,0.9046998952817776,1.3333333333333333,0,,127,131,110,114,139,142,-7.007947601074732,0.0,0.999974670476063,True,3,absent,0.5309848428280338
BraTS-GLI-03010-100,sustraccion,prediction_component,209,119,43008.0,1.3342066189349173e-05,2.013253928134329e-08,1.4142135623730951,1,19.849433241279208,0.07124704998790965,0.4634777398591019,1.4444444444444444,0,,129,138,156,169,58,70,-7.696101444866654,0.0,0.9835468709732114,True,3,absent,0.5309848428280338
BraTS-GLI-03010-100,sustraccion,prediction_component,210,12,5376.0,3.04433440619409e-05,1.0481829363285631e-07,1.4142135623730951,1,5.830951894845301,0.24253562503633297,0.9957510787676723,1.3333333333333333,0,,130,133,42,45,107,111,-6.979562914580636,0.0,0.9999881881216841,True,3,absent,0.5309848428280338
BraTS-GLI-03010-100,sustraccion,prediction_component,211,29,13056.0,1.943939684666642e-05,4.27383690608457e-08,1.4142135623730951,1,9.38083151964686,0.15075567228888181,0.742013605090188,1.5,0,,130,136,64,68,40,46,-7.369182054970024,0.0,0.9994669832670858,True,3,absent,0.5309848428280338
BraTS-GLI-03010-100,sustraccion,prediction_component,212,104,29696.0,2.032293403405908e-05,4.6711647876725533e-08,1.7320508075688772,1,15.362291495737216,0.11274690420042432,0.5937164071813201,1.6666666666666667,0,,130,136,72,82,136,146,-7.330574811557322,0.0,0.9985862011690477,True,3,absent,0.5309848428280338
BraTS-GLI-03010-100,sustraccion,prediction_component,214,12,5376.0,3.04433440619409e-05,1.0481829363285631e-07,1.4142135623730951,1,5.830951894845301,0.24253562503633297,0.9957510787676723,1.3333333333333333,0,,130,133,117,120,38,42,-6.979562914580636,0.0,0.9999881881216841,True,3,absent,0.5309848428280338
BraTS-GLI-03010-100,sustraccion,prediction_component,215,176,54784.0,1.3725622804598599e-05,2.130671482051374e-08,2.0,1,27.367864366808018,0.07307840952418695,0.5752924080617492,2.375,1,,131,149,70,78,112,131,-7.6714835068934,0.6931471805599453,0.9861410800947368,True,3,absent,0.5309848428280338
BraTS-GLI-03010-100,sustraccion,prediction_component,216,19,9216.0,2.147533275462963e-05,5.2159350776834036e-08,1.4142135623730951,1,8.366600265340756,0.16903085094570333,0.8543319874271107,2.0,0,,131,134,138,144,46,51,-7.282667822870332,0.0,0.9998009869266429,True,3,absent,0.5309848428280338
BraTS-GLI-03010-100,sustraccion,prediction_component,219,39,13568.0,2.4676914403370394e-05,6.887063428594835e-08,1.4142135623730951,1,9.9498743710662,0.1421338109037403,0.6722379073420917,1.4,0,,132,137,106,113,38,43,-7.161965917223497,0.0,0.9996414529418091,True,3,absent,0.5309848428280338
BraTS-GLI-03010-100,sustraccion,prediction_component,221,80,26112.0,1.895962666545409e-05,4.0654810045988775e-08,1.4142135623730951,1,16.186414056238647,0.0873704056661038,0.529071708312648,1.1111111111111112,0,,133,143,109,118,40,49,-7.390888063775993,0.0,0.9966608949063784,True,3,absent,0.5309848428280338
BraTS-GLI-03010-100,sustraccion,prediction_component,222,58,22272.0,1.7449748288375567e-05,3.4437427888955665e-08,1.4142135623730951,1,15.297058540778355,0.09245003270420485,0.5889365886474403,1.5714285714285714,0,,134,141,47,55,65,76,-7.462969293204108,0.0,0.9966923114973281,True,3,absent,0.5309848428280338
BraTS-GLI-03010-100,sustraccion,prediction_component,226,314,94208.0,1.0859203506788416e-05,1.3336698020165446e-08,1.7320508075688772,1,34.828149534535996,0.04973134750818029,0.4107840897746561,1.7142857142857142,0,,135,149,104,125,115,139,-7.874951682348251,0.0,0.9476586120275631,True,3,absent,0.5309848428280338
BraTS-GLI-03010-100,sustraccion,prediction_component,227,14,6912.0,2.4362533060422576e-05,6.712700278491907e-08,1.4142135623730951,1,7.0710678118654755,0.2,0.9458781407605124,1.6666666666666667,0,,135,139,107,110,109,114,-7.1731027435946135,0.0,0.9999414397968109,True,3,absent,0.5309848428280338
BraTS-GLI-03010-100,sustraccion,prediction_component,228,19,9984.0,1.9045691370546972e-05,4.102474198560274e-08,1.4142135623730951,1,8.774964387392123,0.16116459280507606,0.8543319874271107,1.5,0,,136,141,62,66,47,53,-7.386954141647967,0.0,0.9996654287331369,True,3,absent,0.5309848428280338
BraTS-GLI-03010-100,sustraccion,prediction_component,229,42,14848.0,2.321385952699163e-05,6.094626246637858e-08,1.4142135623730951,1,10.44030650891055,0.13545709229571928,0.6558352730581178,2.6666666666666665,0,,136,139,73,81,131,137,-7.215052922367138,0.0,0.9994851766108619,True,3,absent,0.5309848428280338
BraTS-GLI-03010-100,sustraccion,prediction_component,230,66,19712.0,2.3847776881899683e-05,6.432031654743455e-08,1.7320508075688772,1,12.206555615733702,0.14189513095212064,0.6908899128735476,1.3333333333333333,0,,137,143,144,152,108,115,-7.191651826907836,0.0,0.9996211919971083,True,3,absent,0.5309848428280338
BraTS-GLI-03010-100,sustraccion,prediction_component,232,23,9728.0,2.3971350007758136e-05,6.498862668392194e-08,1.4142135623730951,1,8.246211251235321,0.17149858514250885,0.8016200827808712,1.5,0,,138,144,93,97,128,132,-7.1871626402893725,0.0,0.9998417165047258,True,3,absent,0.5309848428280338
BraTS-GLI-03010-100,sustraccion,prediction_component,233,354,86016.0,1.4032478903550883e-05,2.2270048836424123e-08,2.23606797749979,1,27.459060435491963,0.08143279274805704,0.5095421531502249,1.75,1,,139,151,104,117,56,77,-7.652278830592084,0.6931471805599453,0.9862501526933264,True,3,absent,0.5309848428280338
BraTS-GLI-03010-100,sustraccion,prediction_component,234,49,17408.0,2.1334023198350467e-05,5.147518302443974e-08,1.4142135623730951,1,11.445523142259598,0.1235604126430431,0.6229872725752906,1.8,0,,139,144,134,139,53,62,-7.2884021005358095,0.0,0.9990827683350869,True,3,absent,0.5309848428280338
BraTS-GLI-03010-100,sustraccion,prediction_component,235,252,68864.0,1.3944796240971561e-05,2.199260727716665e-08,2.0,1,28.0178514522438,0.07138306102482497,0.5104180435244956,1.9,1,,139,149,137,155,89,108,-7.657723280918264,0.6931471805599453,0.9834200592941218,True,3,absent,0.5309848428280338
BraTS-GLI-03010-100,sustraccion,prediction_component,237,12,5376.0,3.04433440619409e-05,1.0481829363285631e-07,1.4142135623730951,1,5.830951894845301,0.24253562503633297,0.9957510787676723,1.3333333333333333,0,,140,143,99,103,130,133,-6.979562914580636,0.0,0.9999881881216841,True,3,absent,0.5309848428280338
BraTS-GLI-03010-100,sustraccion,prediction_component,238,17,7680.0,2.5258472975227388e-05,7.215502078433436e-08,1.4142135623730951,1,7.0710678118654755,0.2,0.8866010210973454,1.6666666666666667,0,,140,143,145,150,77,81,-7.141733443876567,0.0,0.9999371680724158,True,3,absent,0.5309848428280338
BraTS-GLI-03010-100,sustraccion,prediction_component,239,12,5376.0,3.04433440619409e-05,1.0481829363285631e-07,1.4142135623730951,1,5.830951894845301,0.24253562503633297,0.9957510787676723,1.3333333333333333,0,,141,144,58,61,74,78,-6.979562914580636,0.0,0.9999881881216841,True,3,absent,0.5309848428280338
BraTS-GLI-03010-100,sustraccion,prediction_component,241,54,20992.0,1.775468752394279e-05,3.565155195987275e-08,1.4142135623730951,1,14.798648586948742,0.09556369651349932,0.6031332635211851,1.5714285714285714,0,,144,151,78,85,58,69,-7.44792155997934,0.0,0.9971617688761019,True,3,absent,0.5309848428280338
BraTS-GLI-03010-100,sustraccion,prediction_component,242,12,6144.0,2.4917498197257264e-05,7.022006780482366e-08,1.4142135623730951,1,6.4031242374328485,0.2208630521496931,0.9957510787676723,1.3333333333333333,0,,144,148,138,141,104,108,-7.153538755513696,0.0,0.9999674469175863,True,3,absent,0.5309848428280338
BraTS-GLI-03010-100,gmm_2d,prediction_component,1,224,52480.0,1.86319057560482e-05,3.926150389330206e-08,2.23606797749979,1,18.466185312619388,0.1210898699241207,0.5935152274061434,1.75,2,,22,31,52,66,53,61,-7.4060330689730645,1.0986122886681098,0.9974031328896353,True,3,absent,0.5309848428280338
BraTS-GLI-03010-100,gmm_2d,prediction_component,2,25,9984.0,2.5060120224403912e-05,7.102621534903521e-08,1.7320508075688772,1,8.660254037844387,0.19999999999999996,0.9548683406603533,1.0,0,,22,27,63,68,116,121,-7.14858132620955,0.0,0.9999479890581185,True,3,absent,0.5309848428280338
BraTS-GLI-03010-100,gmm_2d,prediction_component,3,214,58368.0,1.5175798618887885e-05,2.604686644627257e-08,2.23606797749979,1,23.57965224510319,0.09483040522636021,0.6026196388106164,3.0,1,,22,28,68,82,56,74,-7.584244516777107,0.6931471805599453,0.9936065071191668,True,3,absent,0.5309848428280338
BraTS-GLI-03010-100,gmm_2d,prediction_component,4,119,34816.0,1.831802514644717e-05,3.7949816056283374e-08,1.7320508075688772,1,15.7797338380595,0.10976425998969035,0.5676419848966001,1.4285714285714286,0,,22,29,69,79,120,130,-7.420790324799719,0.0,0.9977496315085835,True,3,absent,0.5309848428280338
BraTS-GLI-03010-100,gmm_2d,prediction_component,5,51,16384.0,2.4318695068359375e-05,6.688564319836902e-08,1.7320508075688772,1,10.488088481701515,0.1651445647689541,0.7528933105024771,1.4,0,,23,28,55,61,62,69,-7.1746670922299165,0.0,0.999803546768943,True,3,absent,0.5309848428280338
BraTS-GLI-03010-100,gmm_2d,prediction_component,6,38,13824.0,2.3379381024587062e-05,6.181848980958109e-08,1.7320508075688772,1,9.848857801796104,0.17586311452816475,0.8304795924748166,1.2,0,,23,28,83,89,112,118,-7.2088816087094125,0.0,0.9998546895173824,True,3,absent,0.5309848428280338
BraTS-GLI-03010-100,gmm_2d,prediction_component,7,25,9984.0,2.5060120224403912e-05,7.102621534903521e-08,1.7320508075688772,1,8.660254037844387,0.19999999999999996,0.9548683406603533,1.0,0,,24,29,70,75,98,103,-7.14858132620955,0.0,0.9999479890581185,True,3,absent,0.5309848428280338
BraTS-GLI-03010-100,gmm_2d,prediction_component,8,153,42240.0,1.762404392411118e-05,3.5128815528361134e-08,1.7320508075688772,1,17.97220075561143,0.09637388493048532,0.5220270652200657,1.2222222222222223,0,,25,34,51,62,108,119,-7.454336493480649,0.0,0.996306390521137,True,3,absent,0.5309848428280338
BraTS-GLI-03010-100,gmm_2d,prediction_component,9,25,9984.0,2.5060120224403912e-05,7.102621534903521e-08,1.7320508075688772,1,8.660254037844387,0.19999999999999996,0.9548683406603533,1.0,0,,25,30,82,87,69,74,-7.14858132620955,0.0,0.9999479890581185,True,3,absent,0.5309848428280338
BraTS-GLI-03010-100,gmm_2d,prediction_component,10,90,26624.0,2.0717271261874347e-05,4.8541979052606254e-08,1.7320508075688772,1,13.45362404707371,0.12874232262686236,0.623030528071304,1.5,0,,25,33,82,91,118,124,-7.313882521491819,0.0,0.9990784217349169,True,3,absent,0.5309848428280338
BraTS-GLI-03010-100,gmm_2d,prediction_component,11,114,29184.0,2.28658645405687e-05,5.913268867774624e-08,2.23606797749979,1,14.52583904633395,0.15393726795176982,0.7433835070894423,1.2857142857142858,1,,26,35,43,52,61,68,-7.2281723738106,0.6931471805599453,0.9995970342431495,True,3,absent,0.5309848428280338
BraTS-GLI-03010-100,gmm_2d,prediction_component,12,25,9984.0,2.5060120224403912e-05,7.102621534903521e-08,1.7320508075688772,1,8.660254037844387,0.19999999999999996,0.9548683406603533,1.0,0,,26,31,69,74,104,109,-7.14858132620955,0.0,0.9999479890581185,True,3,absent,0.5309848428280338
BraTS-GLI-03010-100,gmm_2d,prediction_component,13,76,23296.0,2.1374283028971122e-05,5.166964588274164e-08,1.7320508075688772,1,12.884098726725126,0.13443321448446624,0.6591520893663227,1.5,0,,26,33,74,80,130,139,-7.286764514875825,0.0,0.9993246747058704,True,3,absent,0.5309848428280338
BraTS-GLI-03010-100,gmm_2d,prediction_component,14,25,9984.0,2.5060120224403912e-05,7.102621534903521e-08,1.7320508075688772,1,8.660254037844387,0.19999999999999996,0.9548683406603533,1.0,0,,26,31,80,85,125,130,-7.14858132620955,0.0,0.9999479890581185,True,3,absent,0.5309848428280338
BraTS-GLI-03010-100,gmm_2d,prediction_component,15,134,33280.0,2.2071396970241495e-05,5.5094978425274336e-08,1.7320508075688772,1,15.362291495737216,0.11274690420042432,0.5456178429960139,1.6666666666666667,0,,26,32,81,91,98,108,-7.258887982665023,0.0,0.9987374417699049,True,3,absent,0.5309848428280338
BraTS-GLI-03010-100,gmm_2d,prediction_component,16,80,23808.0,2.1777379341616795e-05,5.3636892150231376e-08,1.7320508075688772,1,13.19090595827292,0.13130643285972254,0.6479778613543024,2.0,0,,27,37,59,66,118,123,-7.270536394152046,0.0,0.9993048248765369,True,3,absent,0.5309848428280338
BraTS-GLI-03010-100,gmm_2d,prediction_component,17,25,9984.0,2.5060120224403912e-05,7.102621534903521e-08,1.7320508075688772,1,8.660254037844387,0.19999999999999996,0.9548683406603533,1.0,0,,27,32,68,73,86,91,-7.14858132620955,0.0,0.9999479890581185,True,3,absent,0.5309848428280338
BraTS-GLI-03010-100,gmm_2d,prediction_component,18,7144,1251328.0,5.103694874043081e-06,2.9459256213065797e-09,3.3166247903554,1,100.42907945411031,0.03302454636030878,0.27759527121596483,2.2580645161290325,13,,27,58,38,108,60,125,-8.530778222416641,2.6390573296152584,0.20348712549190193,False,3,absent,0.5309848428280338
BraTS-GLI-03010-100,gmm_2d,prediction_component,19,50,15360.0,2.6265349298824172e-05,7.802229756091518e-08,1.7320508075688772,1,10.392304845413264,0.16666666666666666,0.757879504227687,1.0,0,,28,34,56,62,46,52,-7.1077812649530205,0.0,0.9998527533849333,True,3,absent,0.5309848428280338
BraTS-GLI-03010-100,gmm_2d,prediction_component,20,25,9984.0,2.5060120224403912e-05,7.102621534903521e-08,1.7320508075688772,1,8.660254037844387,0.19999999999999996,0.9548683406603533,1.0,0,,29,34,64,69,136,141,-7.14858132620955,0.0,0.9999479890581185,True,3,absent,0.5309848428280338
BraTS-GLI-03010-100,gmm_2d,prediction_component,21,111,28928.0,2.256032572044803e-05,5.756295821574949e-08,2.23606797749979,1,13.856406460551018,0.16137430609197573,0.7500212110487685,1.0,1,,29,37,64,72,43,51,-7.239856895351072,0.6931471805599453,0.9996373948890208,True,3,absent,0.5309848428280338
BraTS-GLI-03010-100,gmm_2d,prediction_component,22,319,82432.0,1.3478666492649818e-05,2.0546896276248813e-08,1.7320508075688772,1,27.94637722496424,0.06197765075688065,0.4086265705302938,1.75,0,,30,42,81,95,122,143,-7.687253771447258,0.0,0.9779425594425678,True,3,absent,0.5309848428280338
BraTS-GLI-03010-100,gmm_2d,prediction_component,23,143,36608.0,2.041606469743874e-05,4.7140744820021486e-08,2.23606797749979,1,16.822603841260722,0.13292044433783765,0.6892908700439305,1.2222222222222223,2,,32,43,62,71,140,149,-7.32660355993919,1.0986122886681098,0.9988276468062834,True,3,absent,0.5309848428280338
BraTS-GLI-03010-100,gmm_2d,prediction_component,24,72,20736.0,2.4112654320987653e-05,6.575706395257378e-08,1.7320508075688772,1,11.916375287812984,0.14535047493345277,0.6711392913128504,1.8,0,,36,41,83,92,119,125,-7.18205758624754,0.0,0.9996333971224087,True,3,absent,0.5309848428280338
BraTS-GLI-03010-100,gmm_2d,prediction_component,25,157,37888.0,2.12886014428555e-05,5.125622721224108e-08,2.23606797749979,1,16.0312195418814,0.13948208816291766,0.6681613053872358,1.7142857142857142,1,,36,48,94,101,89,97,-7.290253363840533,0.6931471805599453,0.9991779504225159,True,3,absent,0.5309848428280338
BraTS-GLI-03010-100,gmm_2d,prediction_component,26,65,17920.0,2.7096072686500976e-05,8.303574198727835e-08,1.7320508075688772,1,11.0,0.15745916432444337,0.6944149224264771,1.1666666666666667,0,,38,45,38,44,114,120,-7.080734929231187,0.0,0.9998094718129589,True,3,absent,0.5309848428280338
BraTS-GLI-03010-100,gmm_2d,prediction_component,27,25,9984.0,2.5060120224403912e-05,7.102621534903521e-08,1.7320508075688772,1,8.660254037844387,0.19999999999999996,0.9548683406603533,1.0,0,,38,43,51,56,107,112,-7.14858132620955,0.0,0.9999479890581185,True,3,absent,0.5309848428280338
BraTS-GLI-03010-100,gmm_2d,prediction_component,28,25,9984.0,2.5060120224403912e-05,7.102621534903521e-08,1.7320508075688772,1,8.660254037844387,0.19999999999999996,0.9548683406603533,1.0,0,,39,44,75,80,43,48,-7.14858132620955,0.0,0.9999479890581185,True,3,absent,0.5309848428280338
BraTS-GLI-03010-100,gmm_2d,prediction_component,29,785,196608.0,9.004671599742894e-06,9.170396864790908e-09,2.23606797749979,1,46.861498055439924,0.04771652785948902,0.39074310178794835,2.0,3,,40,58,39,75,125,149,-8.037611869078159,1.3862943611198906,0.8321855736116757,True,3,absent,0.5309848428280338
BraTS-GLI-03010-100,gmm_2d,prediction_component,30,38,12544.0,2.7047649416909622e-05,8.273922157753891e-08,1.7320508075688772,1,9.273618495495704,0.18677184190940707,0.8304795924748166,1.2,0,,40,45,63,69,56,61,-7.082288569326049,0.0,0.9999244487787192,True,3,absent,0.5309848428280338
BraTS-GLI-03010-100,gmm_2d,prediction_component,31,139313,25235968.0,1.0989089044286578e-06,1.365764306273286e-10,5.656854249492381,4,255.7537878507374,0.022118359602923358,0.17590329610614677,1.6486486486486487,411,,40,151,13,196,22,162,-9.86462424158914,6.021023349349527,0.0002620615020421714,False,3,absent,0.5309848428280338
BraTS-GLI-03010-100,gmm_2d,prediction_component,32,25,9984.0,2.5060120224403912e-05,7.102621534903521e-08,1.7320508075688772,1,8.660254037844387,0.19999999999999996,0.9548683406603533,1.0,0,,41,46,38,43,109,114,-7.14858132620955,0.0,0.9999479890581185,True,3,absent,0.5309848428280338
BraTS-GLI-03010-100,gmm_2d,prediction_component,33,249,60928.0,1.6556707011194455e-05,3.100275587502572e-08,2.449489742783178,1,24.24871130596428,0.10101525445522107,0.6276324352162306,1.0,3,,41,55,39,53,47,61,-7.508599699452191,1.3862943611198906,0.9945721163857704,True,3,absent,0.5309848428280338
BraTS-GLI-03010-100,gmm_2d,prediction_component,34,25,9984.0,2.5060120224403912e-05,7.102621534903521e-08,1.7320508075688772,1,8.660254037844387,0.19999999999999996,0.9548683406603533,1.0,0,,41,46,63,68,42,47,-7.14858132620955,0.0,0.9999479890581185,True,3,absent,0.5309848428280338
BraTS-GLI-03010-100,gmm_2d,prediction_component,35,141,39680.0,1.7838634919237073e-05,3.598948303330781e-08,1.7320508075688772,1,18.76166303929372,0.09231861823449954,0.5364350251399074,1.5,0,,41,49,75,87,48,60,-7.443824391674243,0.0,0.996358551188891,True,3,absent,0.5309848428280338
BraTS-GLI-03010-100,gmm_2d,prediction_component,36,145,46336.0,1.4537515539461639e-05,2.390191828905446e-08,1.7320508075688772,1,20.904544960366874,0.08285522649991611,0.5314562225879151,2.5714285714285716,0,,43,50,33,41,63,81,-7.621567242611731,0.0,0.9916595147727483,True,3,absent,0.5309848428280338
BraTS-GLI-03010-100,gmm_2d,prediction_component,37,38,12544.0,2.7047649416909622e-05,8.273922157753891e-08,1.7320508075688772,1,9.273618495495704,0.18677184190940707,0.8304795924748166,1.2,0,,43,49,35,40,84,89,-7.082288569326049,0.0,0.9999244487787192,True,3,absent,0.5309848428280338
BraTS-GLI-03010-100,gmm_2d,prediction_component,38,44,13824.0,2.7070862238995545e-05,8.288129935688987e-08,1.7320508075688772,1,10.392304845413264,0.16666666666666666,0.7908715233027805,1.0,0,,43,49,70,76,42,48,-7.081543448970658,0.0,0.999879473577284,True,3,absent,0.5309848428280338
BraTS-GLI-03010-100,gmm_2d,prediction_component,39,80,26368.0,1.8684186858394513e-05,3.948214847741811e-08,1.7320508075688772,1,13.92838827718412,0.12435400084345173,0.6479778613543024,1.2857142857142858,0,,44,52,133,140,60,69,-7.403599222605757,0.0,0.9987213427927425,True,3,absent,0.5309848428280338
BraTS-GLI-03010-100,gmm_2d,prediction_component,40,25,9984.0,2.5060120224403912e-05,7.102621534903521e-08,1.7320508075688772,1,8.660254037844387,0.19999999999999996,0.9548683406603533,1.0,0,,45,50,83,88,139,144,-7.14858132620955,0.0,0.9999479890581185,True,3,absent,0.5309848428280338
BraTS-GLI-03010-100,gmm_2d,prediction_component,41,773,198912.0,8.713407351261447e-06,8.586741897505658e-09,2.23606797749979,1,42.579337712087536,0.0525153301495577,0.3927546847373886,1.8333333333333333,5,,45,65,131,149,108,141,-8.06617159104022,1.791759469228055,0.8037404067787769,True,3,absent,0.5309848428280338
BraTS-GLI-03010-100,gmm_2d,prediction_component,42,191,47104.0,1.8683003052809576e-05,3.9477145561576994e-08,2.23606797749979,1,19.390719429665317,0.11531640100361064,0.6258977872513265,2.3333333333333335,1,,46,52,83,95,121,135,-7.403654257007282,0.6931471805599453,0.9978430423697401,True,3,absent,0.5309848428280338
BraTS-GLI-03010-100,gmm_2d,prediction_component,43,38,12544.0,2.7047649416909622e-05,8.273922157753891e-08,1.7320508075688772,1,9.273618495495704,0.18677184190940707,0.8304795924748166,1.2,0,,47,53,125,130,66,71,-7.082288569326049,0.0,0.9999244487787192,True,3,absent,0.5309848428280338
BraTS-GLI-03010-100,gmm_2d,prediction_component,44,25,9984.0,2.5060120224403912e-05,7.102621534903521e-08,1.7320508075688772,1,8.660254037844387,0.19999999999999996,0.9548683406603533,1.0,0,,48,53,38,43,66,71,-7.14858132620955,0.0,0.9999479890581185,True,3,absent,0.5309848428280338
BraTS-GLI-03010-100,gmm_2d,prediction_component,45,56,17152.0,2.4929632418788963e-05,7.02884754210092e-08,1.7320508075688772,1,11.0,0.15745916432444337,0.7297836929246639,1.1666666666666667,0,,48,54,53,60,43,49,-7.153115876564206,0.0,0.9997773564703152,True,3,absent,0.5309848428280338
BraTS-GLI-03010-100,gmm_2d,prediction_component,46,25,9984.0,2.5060120224403912e-05,7.102621534903521e-08,1.7320508075688772,1,8.660254037844387,0.19999999999999996,0.9548683406603533,1.0,0,,48,53,94,99,117,122,-7.14858132620955,0.0,0.9999479890581185,True,3,absent,0.5309848428280338
BraTS-GLI-03010-100,gmm_2d,prediction_component,47,69,23808.0,1.8782989682144485e-05,3.9900819301133063e-08,1.7320508075688772,1,13.92838827718412,0.12435400084345173,0.6807282909996718,1.2857142857142858,0,,48,55,104,112,85,94,-7.399018186661422,0.0,0.99886540247464,True,3,absent,0.5309848428280338
BraTS-GLI-03010-100,gmm_2d,prediction_component,48,25,9984.0,2.5060120224403912e-05,7.102621534903521e-08,1.7320508075688772,1,8.660254037844387,0.19999999999999996,0.9548683406603533,1.0,0,,48,53,140,145,47,52,-7.14858132620955,0.0,0.9999479890581185,True,3,absent,0.5309848428280338
BraTS-GLI-03010-100,gmm_2d,prediction_component,49,25,9984.0,2.5060120224403912e-05,7.102621534903521e-08,1.7320508075688772,1,8.660254037844387,0.19999999999999996,0.9548683406603533,1.0,0,,49,54,61,66,42,47,-7.14858132620955,0.0,0.9999479890581185,True,3,absent,0.5309848428280338
BraTS-GLI-03010-100,gmm_2d,prediction_component,50,25,9984.0,2.5060120224403912e-05,7.102621534903521e-08,1.7320508075688772,1,8.660254037844387,0.19999999999999996,0.9548683406603533,1.0,0,,49,54,90,95,61,66,-7.14858132620955,0.0,0.9999479890581185,True,3,absent,0.5309848428280338
BraTS-GLI-03010-100,gmm_2d,prediction_component,51,38,12544.0,2.7047649416909622e-05,8.273922157753891e-08,1.7320508075688772,1,9.273618495495704,0.18677184190940707,0.8304795924748166,1.2,0,,49,55,95,100,111,116,-7.082288569326049,0.0,0.9999244487787192,True,3,absent,0.5309848428280338
BraTS-GLI-03010-100,gmm_2d,prediction_component,52,25,9984.0,2.5060120224403912e-05,7.102621534903521e-08,1.7320508075688772,1,8.660254037844387,0.19999999999999996,0.9548683406603533,1.0,0,,50,55,116,121,32,37,-7.14858132620955,0.0,0.9999479890581185,True,3,absent,0.5309848428280338
BraTS-GLI-03010-100,gmm_2d,prediction_component,53,25,9984.0,2.5060120224403912e-05,7.102621534903521e-08,1.7320508075688772,1,8.660254037844387,0.19999999999999996,0.9548683406603533,1.0,0,,51,56,45,50,72,77,-7.14858132620955,0.0,0.9999479890581185,True,3,absent,0.5309848428280338
BraTS-GLI-03010-100,gmm_2d,prediction_component,54,25,9984.0,2.5060120224403912e-05,7.102621534903521e-08,1.7320508075688772,1,8.660254037844387,0.19999999999999996,0.9548683406603533,1.0,0,,51,56,110,115,131,136,-7.14858132620955,0.0,0.9999479890581185,True,3,absent,0.5309848428280338
BraTS-GLI-03010-100,gmm_2d,prediction_component,55,38,12544.0,2.7047649416909622e-05,8.273922157753891e-08,1.7320508075688772,1,9.273618495495704,0.18677184190940707,0.8304795924748166,1.2,0,,51,56,125,131,125,130,-7.082288569326049,0.0,0.9999244487787192,True,3,absent,0.5309848428280338
BraTS-GLI-03010-100,gmm_2d,prediction_component,56,25,9984.0,2.5060120224403912e-05,7.102621534903521e-08,1.7320508075688772,1,8.660254037844387,0.19999999999999996,0.9548683406603533,1.0,0,,52,57,51,56,68,73,-7.14858132620955,0.0,0.9999479890581185,True,3,absent,0.5309848428280338
BraTS-GLI-03010-100,gmm_2d,prediction_component,57,377,80128.0,1.6621296467992736e-05,3.124511772225044e-08,2.449489742783178,1,22.847319317591726,0.10721125348377947,0.5465854225836964,2.125,4,,52,60,62,79,45,58,-7.505217834701887,1.6094379124341003,0.9931668056186056,True,3,absent,0.5309848428280338
BraTS-GLI-03010-100,gmm_2d,prediction_component,58,25,9984.0,2.5060120224403912e-05,7.102621534903521e-08,1.7320508075688772,1,8.660254037844387,0.19999999999999996,0.9548683406603533,1.0,0,,53,58,23,28,75,80,-7.14858132620955,0.0,0.9999479890581185,True,3,absent,0.5309848428280338
BraTS-GLI-03010-100,gmm_2d,prediction_component,59,25,9984.0,2.5060120224403912e-05,7.102621534903521e-08,1.7320508075688772,1,8.660254037844387,0.19999999999999996,0.9548683406603533,1.0,0,,53,58,27,32,102,107,-7.14858132620955,0.0,0.9999479890581185,True,3,absent,0.5309848428280338
BraTS-GLI-03010-100,gmm_2d,prediction_component,60,25,9984.0,2.5060120224403912e-05,7.102621534903521e-08,1.7320508075688772,1,8.660254037844387,0.19999999999999996,0.9548683406603533,1.0,0,,53,58,72,77,35,40,-7.14858132620955,0.0,0.9999479890581185,True,3,absent,0.5309848428280338
BraTS-GLI-03010-100,gmm_2d,prediction_component,61,25,9984.0,2.5060120224403912e-05,7.102621534903521e-08,1.7320508075688772,1,8.660254037844387,0.19999999999999996,0.9548683406603533,1.0,0,,53,58,129,134,59,64,-7.14858132620955,0.0,0.9999479890581185,True,3,absent,0.5309848428280338
BraTS-GLI-03010-100,gmm_2d,prediction_component,62,77,22016.0,2.35712763917854e-05,6.283745310699176e-08,1.7320508075688772,1,12.206555615733702,0.14189513095212064,0.6562861745204266,1.3333333333333333,0,,53,61,138,145,120,126,-7.201781425859867,0.0,0.9995616942793095,True,3,absent,0.5309848428280338
BraTS-GLI-03010-100,gmm_2d,prediction_component,63,208,65280.0,1.247076560065402e-05,1.7588897018296583e-08,1.7320508075688772,1,22.825424421026653,0.0758825236114042,0.47123302466520367,1.5,0,,54,64,43,58,121,135,-7.75476139385047,0.0,0.9816287145201056,True,3,absent,0.5309848428280338
BraTS-GLI-03010-100,gmm_2d,prediction_component,64,85,25088.0,2.139044719759893e-05,5.174782512965016e-08,1.7320508075688772,1,13.45362404707371,0.12874232262686236,0.6350148115649618,1.5,0,,54,60,59,68,35,43,-7.286107898123027,0.0,0.9991987194581343,True,3,absent,0.5309848428280338
BraTS-GLI-03010-100,gmm_2d,prediction_component,65,25,9984.0,2.5060120224403912e-05,7.102621534903521e-08,1.7320508075688772,1,8.660254037844387,0.19999999999999996,0.9548683406603533,1.0,0,,54,59,145,150,123,128,-7.14858132620955,0.0,0.9999479890581185,True,3,absent,0.5309848428280338
BraTS-GLI-03010-100,gmm_2d,prediction_component,66,72,23296.0,2.024932076428843e-05,4.637386500279305e-08,1.7320508075688772,1,12.884098726725126,0.13443321448446624,0.6711392913128504,1.5,0,,55,61,23,30,59,68,-7.333726706574872,0.0,0.9992267623292953,True,3,absent,0.5309848428280338
BraTS-GLI-03010-100,gmm_2d,prediction_component,67,99,31488.0,1.7718117582903767e-05,3.550483775427656e-08,1.7320508075688772,1,13.92838827718412,0.12435400084345173,0.6035479311696947,1.2857142857142858,0,,55,62,36,45,130,138,-7.449712467597221,0.0,0.9982584466742948,True,3,absent,0.5309848428280338
BraTS-GLI-03010-100,gmm_2d,prediction_component,68,25,9984.0,2.5060120224403912e-05,7.102621534903521e-08,1.7320508075688772,1,8.660254037844387,0.19999999999999996,0.9548683406603533,1.0,0,,55,60,79,84,41,46,-7.14858132620955,0.0,0.9999479890581185,True,3,absent,0.5309848428280338
BraTS-GLI-03010-100,gmm_2d,prediction_component,69,56,15360.0,2.941719121468307e-05,9.7871170060412e-08,1.7320508075688772,1,9.848857801796104,0.17586311452816475,0.7297836929246639,1.2,0,,55,60,81,87,139,145,-7.0093452196126576,0.0,0.9999044709085894,True,3,absent,0.5309848428280338
BraTS-GLI-03010-100,gmm_2d,prediction_component,70,100,27392.0,2.2057911275319062e-05,5.502767257364086e-08,1.7320508075688772,1,14.071247279470288,0.12309149097933272,0.6015293611380839,1.5,0,,55,64,85,91,44,53,-7.2594188555297565,0.0,0.9991111250856602,True,3,absent,0.5309848428280338
BraTS-GLI-03010-100,gmm_2d,prediction_component,71,208,50944.0,1.808938376473847e-05,3.7008366660549215e-08,2.23606797749979,1,20.09975124224178,0.11124853987249621,0.608359218903761,1.75,2,,55,63,91,105,130,142,-7.431700081777724,1.0986122886681098,0.9967753042285266,True,3,absent,0.5309848428280338
BraTS-GLI-03010-100,gmm_2d,prediction_component,72,198,45312.0,2.052793872822874e-05,4.765879516138447e-08,2.23606797749979,1,17.72004514666935,0.1261886162812672,0.6184332175028506,1.625,1,,55,64,121,134,67,75,-7.3218569410364855,0.6931471805599453,0.9986439827658801,True,3,absent,0.5309848428280338
BraTS-GLI-03010-100,gmm_2d,prediction_component,73,56,15360.0,2.941719121468307e-05,9.7871170060412e-08,1.7320508075688772,1,9.848857801796104,0.17586311452816475,0.7297836929246639,1.2,0,,56,61,47,53,56,62,-7.0093452196126576,0.0,0.9999044709085894,True,3,absent,0.5309848428280338
BraTS-GLI-03010-100,gmm_2d,prediction_component,74,197,60416.0,1.3265947484535504e-05,1.9903475609269216e-08,2.23606797749979,1,18.601075237738275,0.12021175920858625,0.6194778701935986,1.3333333333333333,2,,56,65,55,67,132,143,-7.701071079061261,1.0986122886681098,0.9928229904653544,True,3,absent,0.5309848428280338
BraTS-GLI-03010-100,gmm_2d,prediction_component,75,356,90880.0,1.2994139366926302e-05,1.9096220217382858e-08,2.23606797749979,1,27.748873851023216,0.08058229640253803,0.5085861618744052,1.1333333333333333,2,,57,74,13,28,87,103,-7.719052585693659,1.0986122886681098,0.9788399496100548,True,3,absent,0.5309848428280338
BraTS-GLI-03010-100,gmm_2d,prediction_component,76,38,13824.0,2.3379381024587062e-05,6.181848980958109e-08,1.7320508075688772,1,9.848857801796104,0.17586311452816475,0.8304795924748166,1.2,0,,57,62,47,53,47,53,-7.2088816087094125,0.0,0.9998546895173824,True,3,absent,0.5309848428280338
BraTS-GLI-03010-100,gmm_2d,prediction_component,77,441,101120.0,1.3714595344216203e-05,2.1272492028387067e-08,2.449489742783178,1,27.294688127912362,0.08974236053931155,0.5187510217669911,1.2857142857142858,1,,58,73,48,66,31,45,-7.672181630417831,0.6931471805599453,0.9875219919296662,True,3,absent,0.5309848428280338
BraTS-GLI-03010-100,gmm_2d,prediction_component,78,25,9984.0,2.5060120224403912e-05,7.102621534903521e-08,1.7320508075688772,1,8.660254037844387,0.19999999999999996,0.9548683406603533,1.0,0,,58,63,112,117,146,151,-7.14858132620955,0.0,0.9999479890581185,True,3,absent,0.5309848428280338
BraTS-GLI-03010-100,gmm_2d,prediction_component,79,50,19968.0,1.772018094802615e-05,3.551310767451761e-08,1.7320508075688772,1,12.206555615733702,0.14189513095212064,0.757879504227687,1.3333333333333333,0,,59,67,73,80,26,32,-7.449611321873531,0.0,0.9992058630255074,True,3,absent,0.5309848428280338
BraTS-GLI-03010-100,gmm_2d,prediction_component,80,6338,1424128.0,3.7293118140652528e-06,1.5729313463606023e-09,2.8284271247461903,1,100.90094152187085,0.028031721826234028,0.2463714909138991,1.5416666666666667,29,,60,109,16,90,111,159,-8.803290232588049,3.4011973816621555,0.05306653350328892,False,3,absent,0.5309848428280338
BraTS-GLI-03010-100,gmm_2d,prediction_component,81,92,27136.0,2.058112363116992e-05,4.790606908253343e-08,1.7320508075688772,1,13.30413469565007,0.13018891098082386,0.6184826978494664,1.1428571428571428,0,,60,67,68,76,149,157,-7.3196094635773274,0.0,0.9990686820343472,True,3,absent,0.5309848428280338
BraTS-GLI-03010-100,gmm_2d,prediction_component,82,25,9984.0,2.5060120224403912e-05,7.102621534903521e-08,1.7320508075688772,1,8.660254037844387,0.19999999999999996,0.9548683406603533,1.0,0,,60,65,109,114,150,155,-7.14858132620955,0.0,0.9999479890581185,True,3,absent,0.5309848428280338
BraTS-GLI-03010-100,gmm_2d,prediction_component,83,61,22272.0,1.835232147570534e-05,3.8092053856957204e-08,1.7320508075688772,1,12.36931687685298,0.14002800840280097,0.7092732030227112,1.5,0,,61,67,43,49,81,90,-7.419165610308449,0.0,0.999146273346188,True,3,absent,0.5309848428280338
BraTS-GLI-03010-100,gmm_2d,prediction_component,84,119,32768.0,2.006189989118556e-05,4.5519396065556697e-08,1.7320508075688772,1,14.45683229480096,0.11980845957463075,0.5676419848966001,1.125,0,,61,70,116,124,150,158,-7.341803508632671,0.0,0.9985835654501525,True,3,absent,0.5309848428280338
BraTS-GLI-03010-100,gmm_2d,prediction_component,85,228,51200.0,1.96802180310709e-05,4.3803840057191435e-08,2.449489742783178,1,19.1049731745428,0.12821215295120647,0.6463387777260533,1.2,1,,61,72,133,143,105,117,-7.358487815465164,0.6931471805599453,0.9986267192806253,True,3,absent,0.5309848428280338
BraTS-GLI-03010-100,gmm_2d,prediction_component,86,25,9984.0,2.5060120224403912e-05,7.102621534903521e-08,1.7320508075688772,1,8.660254037844387,0.19999999999999996,0.9548683406603533,1.0,0,,62,67,64,69,47,52,-7.14858132620955,0.0,0.9999479890581185,True,3,absent,0.5309848428280338
BraTS-GLI-03010-100,gmm_2d,prediction_component,87,38,12544.0,2.7047649416909622e-05,8.273922157753891e-08,1.7320508075688772,1,9.273618495495704,0.18677184190940707,0.8304795924748166,1.2,0,,62,68,145,150,43,48,-7.082288569326049,0.0,0.9999244487787192,True,3,absent,0.5309848428280338
BraTS-GLI-03010-100,gmm_2d,prediction_component,88,25,9984.0,2.5060120224403912e-05,7.102621534903521e-08,1.7320508075688772,1,8.660254037844387,0.19999999999999996,0.9548683406603533,1.0,0,,63,68,79,84,154,159,-7.14858132620955,0.0,0.9999479890581185,True,3,absent,0.5309848428280338
BraTS-GLI-03010-100,gmm_2d,prediction_component,89,76,23552.0,2.1026738000405594e-05,5.000301368135056e-08,1.7320508075688772,1,13.45362404707371,0.12874232262686236,0.6591520893663227,1.5,0,,63,69,116,125,73,81,-7.30100381994921,0.0,0.9992152381151624,True,3,absent,0.5309848428280338
BraTS-GLI-03010-100,gmm_2d,prediction_component,90,50,19968.0,1.772018094802615e-05,3.551310767451761e-08,1.7320508075688772,1,12.68857754044952,0.136504726557987,0.757879504227687,2.0,0,,63,73,131,136,61,67,-7.449611321873531,0.0,0.9991288442624019,True,3,absent,0.5309848428280338
BraTS-GLI-03010-100,gmm_2d,prediction_component,91,25,9984.0,2.5060120224403912e-05,7.102621534903521e-08,1.7320508075688772,1,8.660254037844387,0.19999999999999996,0.9548683406603533,1.0,0,,64,69,26,31,107,112,-7.14858132620955,0.0,0.9999479890581185,True,3,absent,0.5309848428280338
BraTS-GLI-03010-100,gmm_2d,prediction_component,92,25,9984.0,2.5060120224403912e-05,7.102621534903521e-08,1.7320508075688772,1,8.660254037844387,0.19999999999999996,0.9548683406603533,1.0,0,,64,69,36,41,75,80,-7.14858132620955,0.0,0.9999479890581185,True,3,absent,0.5309848428280338
BraTS-GLI-03010-100,gmm_2d,prediction_component,93,106,28928.0,2.1544094832139563e-05,5.2493904594770014e-08,1.7320508075688772,1,13.92838827718412,0.12435400084345173,0.5899586077282516,1.2857142857142858,0,,64,72,39,46,47,56,-7.279891122394846,0.0,0.9990274167337814,True,3,absent,0.5309848428280338
BraTS-GLI-03010-100,gmm_2d,prediction_component,94,25,9984.0,2.5060120224403912e-05,7.102621534903521e-08,1.7320508075688772,1,8.660254037844387,0.19999999999999996,0.9548683406603533,1.0,0,,64,69,58,63,39,44,-7.14858132620955,0.0,0.9999479890581185,True,3,absent,0.5309848428280338
BraTS-GLI-03010-100,gmm_2d,prediction_component,95,86,30208.0,1.6380060153613243e-05,3.034473562444899e-08,1.7320508075688772,1,15.556349186104045,0.11134044285378082,0.6325439118228858,1.7142857142857142,0,,64,71,60,72,27,34,-7.5179166419053685,0.0,0.997445061647448,True,3,absent,0.5309848428280338
BraTS-GLI-03010-100,gmm_2d,prediction_component,96,50,15360.0,2.6265349298824172e-05,7.802229756091518e-08,1.7320508075688772,1,10.392304845413264,0.16666666666666666,0.757879504227687,1.0,0,,64,70,73,79,139,145,-7.1077812649530205,0.0,0.9998527533849333,True,3,absent,0.5309848428280338
BraTS-GLI-03010-100,gmm_2d,prediction_component,97,25,9984.0,2.5060120224403912e-05,7.102621534903521e-08,1.7320508075688772,1,8.660254037844387,0.19999999999999996,0.9548683406603533,1.0,0,,66,71,73,78,35,40,-7.14858132620955,0.0,0.9999479890581185,True,3,absent,0.5309848428280338
BraTS-GLI-03010-100,gmm_2d,prediction_component,98,25,9984.0,2.5060120224403912e-05,7.102621534903521e-08,1.7320508075688772,1,8.660254037844387,0.19999999999999996,0.9548683406603533,1.0,0,,66,71,74,79,90,95,-7.14858132620955,0.0,0.9999479890581185,True,3,absent,0.5309848428280338
BraTS-GLI-03010-100,gmm_2d,prediction_component,99,51,15104.0,2.7474652658327337e-05,8.537226323330647e-08,2.23606797749979,1,9.9498743710662,0.22473328748774737,0.9719810843490212,1.4,1,,66,71,83,90,22,27,-7.068683205204687,0.6931471805599453,0.9999676340917235,True,3,absent,0.5309848428280338
BraTS-GLI-03010-100,gmm_2d,prediction_component,100,57,17920.0,2.376117143277778e-05,6.385399425246565e-08,1.7320508075688772,1,11.0,0.15745916432444337,0.7254907483481623,1.1666666666666667,0,,66,72,126,133,149,155,-7.194811931171915,0.0,0.999736854811195,True,3,absent,0.5309848428280338
BraTS-GLI-03010-100,gmm_2d,prediction_component,101,25,9984.0,2.5060120224403912e-05,7.102621534903521e-08,1.7320508075688772,1,8.660254037844387,0.19999999999999996,0.9548683406603533,1.0,0,,66,71,131,136,114,119,-7.14858132620955,0.0,0.9999479890581185,True,3,absent,0.5309848428280338
BraTS-GLI-03010-100,gmm_2d,prediction_component,102,38,12544.0,2.7047649416909622e-05,8.273922157753891e-08,1.7320508075688772,1,9.273618495495704,0.18677184190940707,0.8304795924748166,1.2,0,,67,72,94,100,157,162,-7.082288569326049,0.0,0.9999244487787192,True,3,absent,0.5309848428280338
BraTS-GLI-03010-100,gmm_2d,prediction_component,103,841,184320.0,1.0627651463698342e-05,1.277400200027353e-08,2.449489742783178,1,35.25620512760839,0.06947684057082576,0.4183179459809298,1.105263157894737,5,,67,88,175,194,62,83,-7.893673020172109,1.791759469228055,0.9181479936018675,True,3,absent,0.5309848428280338
BraTS-GLI-03010-100,gmm_2d,prediction_component,104,25,9984.0,2.5060120224403912e-05,7.102621534903521e-08,1.7320508075688772,1,8.660254037844387,0.19999999999999996,0.9548683406603533,1.0,0,,68,73,55,60,72,77,-7.14858132620955,0.0,0.9999479890581185,True,3,absent,0.5309848428280338
BraTS-GLI-03010-100,gmm_2d,prediction_component,105,38,12544.0,2.7047649416909622e-05,8.273922157753891e-08,1.7320508075688772,1,9.273618495495704,0.18677184190940707,0.8304795924748166,1.2,0,,68,73,70,76,24,29,-7.082288569326049,0.0,0.9999244487787192,True,3,absent,0.5309848428280338
BraTS-GLI-03010-100,gmm_2d,prediction_component,106,365,73472.0,1.8327788790019385e-05,3.799028190583408e-08,2.8284271247461903,1,20.83266665599966,0.13576884666042613,0.6379846678002353,1.1818181818181819,1,,68,80,103,116,85,96,-7.420327483763155,0.6931471805599453,0.9984452377734536,True,3,absent,0.5309848428280338
BraTS-GLI-03010-100,gmm_2d,prediction_component,107,25,9984.0,2.5060120224403912e-05,7.102621534903521e-08,1.7320508075688772,1,8.660254037844387,0.19999999999999996,0.9548683406603533,1.0,0,,68,73,126,131,63,68,-7.14858132620955,0.0,0.9999479890581185,True,3,absent,0.5309848428280338
BraTS-GLI-03010-100,gmm_2d,prediction_component,108,38,12544.0,2.7047649416909622e-05,8.273922157753891e-08,1.7320508075688772,1,9.273618495495704,0.18677184190940707,0.8304795924748166,1.2,0,,68,73,148,154,66,71,-7.082288569326049,0.0,0.9999244487787192,True,3,absent,0.5309848428280338
BraTS-GLI-03010-100,gmm_2d,prediction_component,109,25,9984.0,2.5060120224403912e-05,7.102621534903521e-08,1.7320508075688772,1,8.660254037844387,0.19999999999999996,0.9548683406603533,1.0,0,,69,74,132,137,100,105,-7.14858132620955,0.0,0.9999479890581185,True,3,absent,0.5309848428280338
BraTS-GLI-03010-100,gmm_2d,prediction_component,110,678,141824.0,1.2694193054106464e-05,1.822479160847598e-08,2.449489742783178,1,32.264531609803356,0.07591896180011233,0.44946436346661617,1.4375,2,,70,86,34,57,74,90,-7.73933742892529,1.0986122886681098,0.9705100965633932,True,3,absent,0.5309848428280338
BraTS-GLI-03010-100,gmm_2d,prediction_component,111,50,15360.0,2.6265349298824172e-05,7.802229756091518e-08,1.7320508075688772,1,10.392304845413264,0.16666666666666666,0.757879504227687,1.0,0,,70,76,51,57,115,121,-7.1077812649530205,0.0,0.9998527533849333,True,3,absent,0.5309848428280338
BraTS-GLI-03010-100,gmm_2d,prediction_component,112,412,99072.0,1.3212068616980817e-05,1.9742130325806837e-08,2.23606797749979,1,26.019223662515376,0.08593907360584258,0.48441263969684056,2.2222222222222223,1,,70,79,100,114,139,159,-7.7046059854645925,0.6931471805599453,0.9833502291857862,True,3,absent,0.5309848428280338
BraTS-GLI-03010-100,gmm_2d,prediction_component,113,283,67072.0,1.6292005595657092e-05,3.001936315080051e-08,2.449489742783178,1,24.124676163629637,0.1015346165133619,0.6014178998915739,1.9,2,,70,81,129,148,72,82,-7.522598525384783,1.0986122886681098,0.9945673547970556,True,3,absent,0.5309848428280338
BraTS-GLI-03010-100,gmm_2d,prediction_component,114,25,9984.0,2.5060120224403912e-05,7.102621534903521e-08,1.7320508075688772,1,8.660254037844387,0.19999999999999996,0.9548683406603533,1.0,0,,70,75,164,169,68,73,-7.14858132620955,0.0,0.9999479890581185,True,3,absent,0.5309848428280338
BraTS-GLI-03010-100,gmm_2d,prediction_component,115,25,9984.0,2.5060120224403912e-05,7.102621534903521e-08,1.7320508075688772,1,8.660254037844387,0.19999999999999996,0.9548683406603533,1.0,0,,71,76,58,63,118,123,-7.14858132620955,0.0,0.9999479890581185,True,3,absent,0.5309848428280338
BraTS-GLI-03010-100,gmm_2d,prediction_component,116,25,9984.0,2.5060120224403912e-05,7.102621534903521e-08,1.7320508075688772,1,8.660254037844387,0.19999999999999996,0.9548683406603533,1.0,0,,71,76,60,65,34,39,-7.14858132620955,0.0,0.9999479890581185,True,3,absent,0.5309848428280338
BraTS-GLI-03010-100,gmm_2d,prediction_component,117,56,16640.0,2.6089036722489758e-05,7.697832583722892e-08,1.7320508075688772,1,10.488088481701515,0.1651445647689541,0.7297836929246639,1.4,0,,71,76,77,83,151,158,-7.113631538390294,0.0,0.9998313216907035,True,3,absent,0.5309848428280338
BraTS-GLI-03010-100,gmm_2d,prediction_component,118,288,70400.0,1.541819375681746e-05,2.6885577625692138e-08,2.23606797749979,1,22.181073012818835,0.10080972981818898,0.5458211699803825,1.4,2,,71,81,100,114,109,123,-7.570480628446454,1.0986122886681098,0.992204824368039,True,3,absent,0.5309848428280338
BraTS-GLI-03010-100,gmm_2d,prediction_component,119,71,26880.0,1.611070153909641e-05,2.935494545573493e-08,1.7320508075688772,1,15.0996688705415,0.11470786693528087,0.6742755017744779,1.25,0,,71,79,112,120,147,157,-7.532318722245791,0.0,0.9977686886299144,True,3,absent,0.5309848428280338
BraTS-GLI-03010-100,gmm_2d,prediction_component,120,25,9984.0,2.5060120224403912e-05,7.102621534903521e-08,1.7320508075688772,1,8.660254037844387,0.19999999999999996,0.9548683406603533,1.0,0,,72,77,168,173,98,103,-7.14858132620955,0.0,0.9999479890581185,True,3,absent,0.5309848428280338
BraTS-GLI-03010-100,gmm_2d,prediction_component,121,25,9984.0,2.5060120224403912e-05,7.102621534903521e-08,1.7320508075688772,1,8.660254037844387,0.19999999999999996,0.9548683406603533,1.0,0,,73,78,28,33,73,78,-7.14858132620955,0.0,0.9999479890581185,True,3,absent,0.5309848428280338
BraTS-GLI-03010-100,gmm_2d,prediction_component,122,38,12544.0,2.7047649416909622e-05,8.273922157753891e-08,1.7320508075688772,1,9.273618495495704,0.18677184190940707,0.8304795924748166,1.2,0,,73,78,120,126,87,92,-7.082288569326049,0.0,0.9999244487787192,True,3,absent,0.5309848428280338
BraTS-GLI-03010-100,gmm_2d,prediction_component,123,135,39936.0,1.691558115147264e-05,3.236131936840417e-08,1.7320508075688772,1,18.57417562100671,0.09325048082403137,0.5442672982574315,2.0,0,,73,83,140,154,106,113,-7.4899737805475,0.0,0.9958570951456983,True,3,absent,0.5309848428280338
BraTS-GLI-03010-100,gmm_2d,prediction_component,124,107,32512.0,1.8252327315207494e-05,3.767808920721999e-08,2.23606797749979,1,15.362291495737216,0.1455556274348955,0.7592531680175411,1.6666666666666667,1,,74,84,13,19,100,110,-7.423911129971579,0.6931471805599453,0.9990893839031626,True,3,absent,0.5309848428280338
BraTS-GLI-03010-100,gmm_2d,prediction_component,125,503,97792.0,1.644799603869791e-05,3.0596965647436295e-08,2.449489742783178,1,27.018512172212592,0.0906596827823249,0.4964960906628097,1.5833333333333333,1,,74,86,89,108,116,131,-7.514321641097399,0.6931471805599453,0.9926015122457498,True,3,absent,0.5309848428280338
BraTS-GLI-03010-100,gmm_2d,prediction_component,126,25,9984.0,2.5060120224403912e-05,7.102621534903521e-08,1.7320508075688772,1,8.660254037844387,0.19999999999999996,0.9548683406603533,1.0,0,,74,79,126,131,74,79,-7.14858132620955,0.0,0.9999479890581185,True,3,absent,0.5309848428280338
BraTS-GLI-03010-100,gmm_2d,prediction_component,127,57,17664.0,2.4279585689427806e-05,6.667068490846741e-08,1.7320508075688772,1,11.575836902790225,0.14962640041614492,0.7254907483481623,1.1666666666666667,0,,75,82,139,145,61,68,-7.1760650833409105,0.0,0.9997190433087331,True,3,absent,0.5309848428280338
BraTS-GLI-03010-100,gmm_2d,prediction_component,128,875,193024.0,1.0317894579140353e-05,1.2040223423824981e-08,2.449489742783178,1,39.20459156782532,0.06247966487663759,0.4128279984531127,2.142857142857143,5,,75,89,158,188,104,125,-7.919365454038823,1.791759469228055,0.8989171730395429,True,3,absent,0.5309848428280338
BraTS-GLI-03010-100,gmm_2d,prediction_component,129,25,9984.0,2.5060120224403912e-05,7.102621534903521e-08,1.7320508075688772,1,8.660254037844387,0.19999999999999996,0.9548683406603533,1.0,0,,76,81,80,85,121,126,-7.14858132620955,0.0,0.9999479890581185,True,3,absent,0.5309848428280338
BraTS-GLI-03010-100,gmm_2d,prediction_component,130,145,36608.0,2.0701604063836485e-05,4.8468588187243955e-08,2.0,1,16.186414056238647,0.12356041264304309,0.613672786347269,1.1111111111111112,1,,76,86,161,170,43,52,-7.314539630399363,0.6931471805599453,0.9985983592460319,True,3,absent,0.5309848428280338
BraTS-GLI-03010-100,gmm_2d,prediction_component,131,118,35328.0,1.7770654762074757e-05,3.571570547343414e-08,2.23606797749979,1,16.881943016134134,0.13245323570650439,0.7348869514344235,1.375,1,,76,86,170,181,58,66,-7.447140767065586,0.6931471805599453,0.9986592569451097,True,3,absent,0.5309848428280338
BraTS-GLI-03010-100,gmm_2d,prediction_component,132,177,46080.0,1.7893881655882107e-05,3.621274904127277e-08,2.23606797749979,1,18.24828759089466,0.12253577034896797,0.6419828845627256,1.625,1,,77,90,61,71,151,159,-7.441138505060432,0.6931471805599453,0.9979199517085185,True,3,absent,0.5309848428280338
BraTS-GLI-03010-100,gmm_2d,prediction_component,133,215,59904.0,1.4664076777952211e-05,2.4319902255623354e-08,1.7320508075688772,1,19.672315572906,0.08804509063256238,0.4660623390857438,1.8571428571428572,0,,77,90,156,163,50,63,-7.614038174873345,0.0,0.9908966089232046,True,3,absent,0.5309848428280338
BraTS-GLI-03010-100,gmm_2d,prediction_component,134,25,9984.0,2.5060120224403912e-05,7.102621534903521e-08,1.7320508075688772,1,8.660254037844387,0.19999999999999996,0.9548683406603533,1.0,0,,78,83,53,58,149,154,-7.14858132620955,0.0,0.9999479890581185,True,3,absent,0.5309848428280338
BraTS-GLI-03010-100,gmm_2d,prediction_component,135,175,44288.0,1.8776253756971197e-05,3.9872206098977905e-08,2.23606797749979,1,17.832554500127006,0.1253924656438798,0.644419275595427,1.8571428571428572,1,,78,88,171,184,47,54,-7.3993297344879245,0.6931471805599453,0.9983147276511501,True,3,absent,0.5309848428280338
BraTS-GLI-03010-100,gmm_2d,prediction_component,136,25,9984.0,2.5060120224403912e-05,7.102621534903521e-08,1.7320508075688772,1,8.660254037844387,0.19999999999999996,0.9548683406603533,1.0,0,,80,85,80,85,44,49,-7.14858132620955,0.0,0.9999479890581185,True,3,absent,0.5309848428280338
BraTS-GLI-03010-100,gmm_2d,prediction_component,137,121,34560.0,1.8833228237971702e-05,4.0114548888734696e-08,1.7320508075688772,1,16.15549442140351,0.1072112534837795,0.564497089423651,2.0,0,,81,93,85,91,22,31,-7.396698087326246,0.0,0.9978269973205126,True,3,absent,0.5309848428280338
BraTS-GLI-03010-100,gmm_2d,prediction_component,138,162,35328.0,2.439700060556026e-05,6.731707659040545e-08,2.449489742783178,1,15.427248620541512,0.15877683720748895,0.7243250250584976,1.8333333333333333,1,,81,92,91,100,22,28,-7.171874752592576,0.6931471805599453,0.9996800863478418,True,3,absent,0.5309848428280338
BraTS-GLI-03010-100,gmm_2d,prediction_component,139,38,13824.0,2.3379381024587062e-05,6.181848980958109e-08,1.7320508075688772,1,9.848857801796104,0.17586311452816475,0.8304795924748166,1.2,0,,81,86,153,159,103,109,-7.2088816087094125,0.0,0.9998546895173824,True,3,absent,0.5309848428280338
BraTS-GLI-03010-100,gmm_2d,prediction_component,140,175,46848.0,1.725843718209025e-05,3.3686454641444386e-08,2.23606797749979,1,18.708286933869708,0.11952286093343936,0.644419275595427,1.4444444444444444,1,,81,91,161,174,37,46,-7.472544694292827,0.6931471805599453,0.9975601540577997,True,3,absent,0.5309848428280338
BraTS-GLI-03010-100,gmm_2d,prediction_component,141,25,9984.0,2.5060120224403912e-05,7.102621534903521e-08,1.7320508075688772,1,8.660254037844387,0.19999999999999996,0.9548683406603533,1.0,0,,81,86,172,177,103,108,-7.14858132620955,0.0,0.9999479890581185,True,3,absent,0.5309848428280338
BraTS-GLI-03010-100,gmm_2d,prediction_component,142,936,220416.0,9.045054199915915e-06,9.252832931360511e-09,2.8284271247461903,1,35.91656999213594,0.07874992309581579,0.4661037321015165,1.2105263157894737,4,,82,102,86,109,83,102,-8.033725279358881,1.6094379124341003,0.9079757552955182,True,3,absent,0.5309848428280338
BraTS-GLI-03010-100,gmm_2d,prediction_component,143,70,21504.0,2.2198271711831908e-05,5.573021254351084e-08,1.7320508075688772,1,12.806248474865697,0.13525044520011484,0.6774711680063634,1.3333333333333333,0,,83,91,21,29,101,107,-7.253909300631259,0.0,0.9994429471557068,True,3,absent,0.5309848428280338
BraTS-GLI-03010-100,gmm_2d,prediction_component,144,25,9984.0,2.5060120224403912e-05,7.102621534903521e-08,1.7320508075688772,1,8.660254037844387,0.19999999999999996,0.9548683406603533,1.0,0,,83,88,25,30,83,88,-7.14858132620955,0.0,0.9999479890581185,True,3,absent,0.5309848428280338
BraTS-GLI-03010-100,gmm_2d,prediction_component,145,38,13824.0,2.3379381024587062e-05,6.181848980958109e-08,1.7320508075688772,1,9.848857801796104,0.17586311452816475,0.8304795924748166,1.2,0,,83,89,41,47,142,147,-7.2088816087094125,0.0,0.9998546895173824,True,3,absent,0.5309848428280338
BraTS-GLI-03010-100,gmm_2d,prediction_component,146,25,9984.0,2.5060120224403912e-05,7.102621534903521e-08,1.7320508075688772,1,8.660254037844387,0.19999999999999996,0.9548683406603533,1.0,0,,83,88,75,80,121,126,-7.14858132620955,0.0,0.9999479890581185,True,3,absent,0.5309848428280338
BraTS-GLI-03010-100,gmm_2d,prediction_component,147,46,16896.0,2.0945077921731866e-05,4.961538140913494e-08,1.7320508075688772,1,11.0,0.15745916432444337,0.7792393700163133,1.1666666666666667,0,,83,89,93,99,30,37,-7.3043836657365855,0.0,0.9996670984957017,True,3,absent,0.5309848428280338
BraTS-GLI-03010-100,gmm_2d,prediction_component,148,25,9984.0,2.5060120224403912e-05,7.102621534903521e-08,1.7320508075688772,1,8.660254037844387,0.19999999999999996,0.9548683406603533,1.0,0,,83,88,132,137,109,114,-7.14858132620955,0.0,0.9999479890581185,True,3,absent,0.5309848428280338
BraTS-GLI-03010-100,gmm_2d,prediction_component,149,25,9984.0,2.5060120224403912e-05,7.102621534903521e-08,1.7320508075688772,1,8.660254037844387,0.19999999999999996,0.9548683406603533,1.0,0,,83,88,175,180,123,128,-7.14858132620955,0.0,0.9999479890581185,True,3,absent,0.5309848428280338
BraTS-GLI-03010-100,gmm_2d,prediction_component,150,25,9984.0,2.5060120224403912e-05,7.102621534903521e-08,1.7320508075688772,1,8.660254037844387,0.19999999999999996,0.9548683406603533,1.0,0,,83,88,190,195,86,91,-7.14858132620955,0.0,0.9999479890581185,True,3,absent,0.5309848428280338
BraTS-GLI-03010-100,gmm_2d,prediction_component,151,38,13824.0,2.3379381024587062e-05,6.181848980958109e-08,1.7320508075688772,1,9.848857801796104,0.17586311452816475,0.8304795924748166,1.2,0,,85,91,16,21,107,113,-7.2088816087094125,0.0,0.9998546895173824,True,3,absent,0.5309848428280338
BraTS-GLI-03010-100,gmm_2d,prediction_component,152,87,23040.0,2.4876858763260363e-05,6.999120239864498e-08,1.7320508075688772,1,12.806248474865697,0.13525044520011484,0.6301110265841786,1.3333333333333333,0,,85,93,150,156,114,122,-7.154956545554865,0.0,0.9995511669740955,True,3,absent,0.5309848428280338
BraTS-GLI-03010-100,gmm_2d,prediction_component,153,69,24064.0,1.8484059692865056e-05,3.8640887990379644e-08,1.7320508075688772,1,13.19090595827292,0.13130643285972254,0.6807282909996718,2.0,0,,85,95,173,178,115,122,-7.412952901798713,0.0,0.9989400396583816,True,3,absent,0.5309848428280338
BraTS-GLI-03010-100,gmm_2d,prediction_component,154,151,41472.0,1.7879051588884717e-05,3.6152749208686216e-08,2.23606797749979,1,17.291616465790582,0.12931515002796792,0.6768964288068925,1.8571428571428572,1,,86,99,182,189,53,62,-7.441858671515681,0.6931471805599453,0.9983357579377014,True,3,absent,0.5309848428280338
BraTS-GLI-03010-100,gmm_2d,prediction_component,155,102,33536.0,1.6608609736444766e-05,3.119743827201523e-08,1.7320508075688772,1,15.165750888103101,0.11420804814403214,0.5975718165557262,1.4285714285714286,0,,87,97,172,179,52,61,-7.505881065917586,0.0,0.9974036676163074,True,3,absent,0.5309848428280338
BraTS-GLI-03010-100,gmm_2d,prediction_component,156,74,21504.0,2.3466744381079446e-05,6.228135589556435e-08,1.7320508075688772,1,11.575836902790225,0.14962640041614492,0.6650376873001744,1.1666666666666667,0,,88,95,48,55,143,149,-7.20564194119782,0.0,0.9996212537220162,True,3,absent,0.5309848428280338
BraTS-GLI-03010-100,gmm_2d,prediction_component,157,173,45056.0,1.8089108072438015e-05,3.700723861283634e-08,2.23606797749979,1,20.223748416156685,0.11056644552171162,0.6468930782611862,1.0909090909090908,1,,88,99,162,174,124,136,-7.431713319658987,0.6931471805599453,0.9975707152121168,True,3,absent,0.5309848428280338
BraTS-GLI-03010-100,gmm_2d,prediction_component,158,25,9984.0,2.5060120224403912e-05,7.102621534903521e-08,1.7320508075688772,1,8.660254037844387,0.19999999999999996,0.9548683406603533,1.0,0,,88,93,179,184,121,126,-7.14858132620955,0.0,0.9999479890581185,True,3,absent,0.5309848428280338
BraTS-GLI-03010-100,gmm_2d,prediction_component,159,217,55808.0,1.64594396346464e-05,3.063955577391402e-08,2.23606797749979,1,20.71231517720798,0.10795837927188262,0.5998296931169057,1.75,2,,88,102,188,196,97,110,-7.513717535590883,1.0986122886681098,0.9952650402029646,True,3,absent,0.5309848428280338
BraTS-GLI-03010-100,gmm_2d,prediction_component,160,69,23040.0,1.9729922467413393e-05,4.402538177037241e-08,1.7320508075688772,1,13.601470508735444,0.12734290799340264,0.6807282909996718,1.6666666666666667,0,,89,96,190,196,69,79,-7.356296869317592,0.0,0.9990790567524811,True,3,absent,0.5309848428280338
BraTS-GLI-03010-100,gmm_2d,prediction_component,161,507,122880.0,1.1770262682389969e-05,1.5668401223231004e-08,2.449489742783178,1,30.479501308256342,0.08036515158204559,0.4951869320734314,1.9166666666666667,1,,90,102,114,130,78,101,-7.804975315934217,0.6931471805599453,0.9745833585095414,True,3,absent,0.5309848428280338
BraTS-GLI-03010-100,gmm_2d,prediction_component,162,25,9984.0,2.5060120224403912e-05,7.102621534903521e-08,1.7320508075688772,1,8.660254037844387,0.19999999999999996,0.9548683406603533,1.0,0,,91,96,48,53,97,102,-7.14858132620955,0.0,0.9999479890581185,True,3,absent,0.5309848428280338
BraTS-GLI-03010-100,gmm_2d,prediction_component,163,38,12544.0,2.7047649416909622e-05,8.273922157753891e-08,1.7320508075688772,1,9.273618495495704,0.18677184190940707,0.8304795924748166,1.2,0,,92,97,18,23,107,113,-7.082288569326049,0.0,0.9999244487787192,True,3,absent,0.5309848428280338
BraTS-GLI-03010-100,gmm_2d,prediction_component,164,72,24576.0,1.8688123647942946e-05,3.949878814021331e-08,1.7320508075688772,1,12.884098726725126,0.13443321448446624,0.6711392913128504,1.5,0,,92,98,179,188,113,120,-7.403416228730296,0.0,0.9990005044595824,True,3,absent,0.5309848428280338
BraTS-GLI-03010-100,gmm_2d,prediction_component,165,25,9984.0,2.5060120224403912e-05,7.102621534903521e-08,1.7320508075688772,1,8.660254037844387,0.19999999999999996,0.9548683406603533,1.0,0,,94,99,29,34,74,79,-7.14858132620955,0.0,0.9999479890581185,True,3,absent,0.5309848428280338
BraTS-GLI-03010-100,gmm_2d,prediction_component,166,113,27392.0,2.4925439741110542e-05,7.026483510928202e-08,2.23606797749979,1,13.379088160259652,0.1671315676162189,0.7455699417598612,1.2857142857142858,1,,95,102,110,119,120,127,-7.153261968562917,0.6931471805599453,0.9997579241466317,True,3,absent,0.5309848428280338
BraTS-GLI-03010-100,gmm_2d,prediction_component,167,86,25088.0,2.164209951757068e-05,5.297258334379136e-08,1.7320508075688772,1,14.142135623730951,0.1224744871391589,0.6325439118228858,1.6666666666666667,0,,95,105,139,147,33,39,-7.275948847064477,0.0,0.999133749110896,True,3,absent,0.5309848428280338
BraTS-GLI-03010-100,gmm_2d,prediction_component,168,50,18688.0,1.95715745391646e-05,4.332154192016719e-08,1.7320508075688772,1,11.74734012447073,0.14744195615489714,0.757879504227687,1.6,0,,95,100,163,171,39,46,-7.3632960941634575,0.0,0.9994746744831597,True,3,absent,0.5309848428280338
BraTS-GLI-03010-100,gmm_2d,prediction_component,169,50,19968.0,1.772018094802615e-05,3.551310767451761e-08,1.7320508075688772,1,12.36931687685298,0.14002800840280097,0.757879504227687,1.5,0,,96,102,91,100,119,125,-7.449611321873531,0.0,0.999179987764749,True,3,absent,0.5309848428280338
BraTS-GLI-03010-100,gmm_2d,prediction_component,170,25,9984.0,2.5060120224403912e-05,7.102621534903521e-08,1.7320508075688772,1,8.660254037844387,0.19999999999999996,0.9548683406603533,1.0,0,,96,101,143,148,135,140,-7.14858132620955,0.0,0.9999479890581185,True,3,absent,0.5309848428280338
BraTS-GLI-03010-100,gmm_2d,prediction_component,171,63,22528.0,1.8631876346107425e-05,3.926137994703396e-08,1.7320508075688772,1,13.601470508735444,0.12734290799340264,0.7016868116919668,1.6666666666666667,0,,96,102,185,192,104,114,-7.4060344400174705,0.0,0.9989642854182901,True,3,absent,0.5309848428280338
BraTS-GLI-03010-100,gmm_2d,prediction_component,172,66,19968.0,2.339063885139452e-05,6.187803881207947e-08,1.7320508075688772,1,11.575836902790225,0.14962640041614492,0.6908899128735476,1.1666666666666667,0,,97,104,49,55,105,112,-7.208463459461831,0.0,0.9996471109503668,True,3,absent,0.5309848428280338
BraTS-GLI-03010-100,gmm_2d,prediction_component,173,25,9984.0,2.5060120224403912e-05,7.102621534903521e-08,1.7320508075688772,1,8.660254037844387,0.19999999999999996,0.9548683406603533,1.0,0,,98,103,182,187,101,106,-7.14858132620955,0.0,0.9999479890581185,True,3,absent,0.5309848428280338
BraTS-GLI-03010-100,gmm_2d,prediction_component,174,75,25344.0,1.858867881560747e-05,3.9079537971908425e-08,1.7320508075688772,1,12.884098726725126,0.13443321448446624,0.6620687295173385,1.5,0,,99,105,112,119,78,87,-7.408050579483377,0.0,0.9989539713151423,True,3,absent,0.5309848428280338
BraTS-GLI-03010-100,gmm_2d,prediction_component,175,164,48640.0,1.5288099431800206e-05,2.6433786061107973e-08,2.23606797749979,1,17.832554500127006,0.1253924656438798,0.6585163908231257,1.8571428571428572,1,,99,106,106,119,92,102,-7.577840629237219,0.6931471805599453,0.996891050365271,True,3,absent,0.5309848428280338
BraTS-GLI-03010-100,gmm_2d,prediction_component,176,25,9984.0,2.5060120224403912e-05,7.102621534903521e-08,1.7320508075688772,1,8.660254037844387,0.19999999999999996,0.9548683406603533,1.0,0,,99,104,144,149,131,136,-7.14858132620955,0.0,0.9999479890581185,True,3,absent,0.5309848428280338
BraTS-GLI-03010-100,gmm_2d,prediction_component,177,38,12544.0,2.7047649416909622e-05,8.273922157753891e-08,1.7320508075688772,1,9.273618495495704,0.18677184190940707,0.8304795924748166,1.2,0,,100,106,23,28,110,115,-7.082288569326049,0.0,0.9999244487787192,True,3,absent,0.5309848428280338
BraTS-GLI-03010-100,gmm_2d,prediction_component,178,25,9984.0,2.5060120224403912e-05,7.102621534903521e-08,1.7320508075688772,1,8.660254037844387,0.19999999999999996,0.9548683406603533,1.0,0,,100,105,172,177,53,58,-7.14858132620955,0.0,0.9999479890581185,True,3,absent,0.5309848428280338
BraTS-GLI-03010-100,gmm_2d,prediction_component,179,152,35584.0,2.2644432418951563e-05,5.799295688257121e-08,2.23606797749979,1,16.881943016134134,0.13245323570650439,0.6754087395520012,1.375,1,,101,109,37,48,73,83,-7.236624747346868,0.6931471805599453,0.9992558473017419,True,3,absent,0.5309848428280338
BraTS-GLI-03010-100,gmm_2d,prediction_component,180,4100,851968.0,5.213734747179287e-06,3.0743282661882984e-09,2.8284271247461903,1,82.915619758885,0.03411211461689767,0.2848699095549854,1.6285714285714286,22,,102,137,44,101,109,158,-8.512249761890715,3.1354942159291497,0.1871067303557805,False,3,absent,0.5309848428280338
BraTS-GLI-03010-100,gmm_2d,prediction_component,181,210,53504.0,1.6968361876200342e-05,3.256358479998929e-08,2.23606797749979,1,20.322401432901575,0.11002971203391539,0.6064217560407097,1.3,1,,102,114,104,117,70,80,-7.487267791339451,0.6931471805599453,0.9965868241592319,True,3,absent,0.5309848428280338
BraTS-GLI-03010-100,gmm_2d,prediction_component,182,67,23808.0,1.8238555198604065e-05,3.7621251384748226e-08,1.7320508075688772,1,13.379088160259652,0.1294595556006309,0.6874354055889139,1.2857142857142858,0,,103,110,120,129,97,104,-7.42456676273428,0.0,0.9988818507633017,True,3,absent,0.5309848428280338
BraTS-GLI-03010-100,gmm_2d,prediction_component,183,81,23040.0,2.3161213331311374e-05,6.067013858336764e-08,1.7320508075688772,1,12.727922061357855,0.13608276348795434,0.6453002363415847,1.1428571428571428,0,,104,112,48,55,115,122,-7.217025013034803,0.0,0.9994697280137916,True,3,absent,0.5309848428280338
BraTS-GLI-03010-100,gmm_2d,prediction_component,184,44,13824.0,2.7070862238995545e-05,8.288129935688987e-08,1.7320508075688772,1,10.392304845413264,0.16666666666666666,0.7908715233027805,1.0,0,,105,111,129,135,101,107,-7.081543448970658,0.0,0.999879473577284,True,3,absent,0.5309848428280338
BraTS-GLI-03010-100,gmm_2d,prediction_component,185,274,76800.0,1.2873858541500444e-05,1.874432643738646e-08,2.23606797749979,1,24.269322199023193,0.09213557589959345,0.5549634112163276,1.6363636363636365,1,,106,118,27,38,49,67,-7.727130160992339,0.6931471805599453,0.9869194932561344,True,3,absent,0.5309848428280338
BraTS-GLI-03010-100,gmm_2d,prediction_component,186,25,9984.0,2.5060120224403912e-05,7.102621534903521e-08,1.7320508075688772,1,8.660254037844387,0.19999999999999996,0.9548683406603533,1.0,0,,106,111,34,39,56,61,-7.14858132620955,0.0,0.9999479890581185,True,3,absent,0.5309848428280338
BraTS-GLI-03010-100,gmm_2d,prediction_component,187,56,16128.0,2.7341180049857295e-05,8.4544796510452e-08,1.7320508075688772,1,10.392304845413264,0.16666666666666666,0.7297836929246639,1.0,0,,106,112,112,118,100,106,-7.0729131168224715,0.0,0.9998585757531625,True,3,absent,0.5309848428280338
BraTS-GLI-03010-100,gmm_2d,prediction_component,188,1614,331776.0,8.445708349408436e-06,8.067231758409612e-09,2.8284271247461903,1,46.62617290749907,0.06066179032873795,0.38869297047108664,1.4090909090909092,6,,106,128,122,153,32,59,-8.093275466305748,1.9459101490553132,0.7974941671630851,True,3,absent,0.5309848428280338
BraTS-GLI-03010-100,gmm_2d,prediction_component,189,25,9984.0,2.5060120224403912e-05,7.102621534903521e-08,1.7320508075688772,1,8.660254037844387,0.19999999999999996,0.9548683406603533,1.0,0,,107,112,23,28,68,73,-7.14858132620955,0.0,0.9999479890581185,True,3,absent,0.5309848428280338
BraTS-GLI-03010-100,gmm_2d,prediction_component,190,59,20736.0,1.975898062414266e-05,4.415515810549949e-08,1.7320508075688772,1,12.206555615733702,0.14189513095212064,0.71719869927557,1.3333333333333333,0,,107,113,36,44,49,56,-7.355018555825788,0.0,0.9993632327579323,True,3,absent,0.5309848428280338
BraTS-GLI-03010-100,gmm_2d,prediction_component,191,46,15616.0,2.357236358908017e-05,6.284324984734695e-08,1.7320508075688772,1,10.488088481701515,0.1651445647689541,0.7792393700163133,1.4,0,,107,114,135,140,140,146,-7.20174136414328,0.0,0.99980015675719,True,3,absent,0.5309848428280338
BraTS-GLI-03010-100,gmm_2d,prediction_component,192,89,21760.0,2.7726922601476904e-05,8.69472226010548e-08,2.23606797749979,1,12.12435565298214,0.18442777839082938,0.8073302083758999,1.0,1,,108,115,173,180,60,67,-7.06074428632718,0.6931471805599453,0.9998946542936128,True,3,absent,0.5309848428280338
BraTS-GLI-03010-100,gmm_2d,prediction_component,193,63,22528.0,1.8631876346107425e-05,3.926137994703396e-08,1.7320508075688772,1,12.727922061357855,0.13608276348795434,0.7016868116919668,1.1428571428571428,0,,109,117,32,39,122,129,-7.4060344400174705,0.0,0.9991086079869267,True,3,absent,0.5309848428280338
BraTS-GLI-03010-100,gmm_2d,prediction_component,194,38,12544.0,2.7047649416909622e-05,8.273922157753891e-08,1.7320508075688772,1,9.273618495495704,0.18677184190940707,0.8304795924748166,1.2,0,,109,114,45,51,57,62,-7.082288569326049,0.0,0.9999244487787192,True,3,absent,0.5309848428280338
BraTS-GLI-03010-100,gmm_2d,prediction_component,195,25,9984.0,2.5060120224403912e-05,7.102621534903521e-08,1.7320508075688772,1,8.660254037844387,0.19999999999999996,0.9548683406603533,1.0,0,,109,114,60,65,54,59,-7.14858132620955,0.0,0.9999479890581185,True,3,absent,0.5309848428280338
BraTS-GLI-03010-100,gmm_2d,prediction_component,196,50,19200.0,1.879395407518313e-05,3.9947416351188576e-08,1.7320508075688772,1,11.916375287812984,0.14535047493345277,0.757879504227687,1.8,0,,109,114,67,76,137,143,-7.39851130397719,0.0,0.9993800248342409,True,3,absent,0.5309848428280338
BraTS-GLI-03010-100,gmm_2d,prediction_component,197,25,9984.0,2.5060120224403912e-05,7.102621534903521e-08,1.7320508075688772,1,8.660254037844387,0.19999999999999996,0.9548683406603533,1.0,0,,109,114,169,174,54,59,-7.14858132620955,0.0,0.9999479890581185,True,3,absent,0.5309848428280338
BraTS-GLI-03010-100,gmm_2d,prediction_component,198,25,9984.0,2.5060120224403912e-05,7.102621534903521e-08,1.7320508075688772,1,8.660254037844387,0.19999999999999996,0.9548683406603533,1.0,0,,110,115,103,108,47,52,-7.14858132620955,0.0,0.9999479890581185,True,3,absent,0.5309848428280338
BraTS-GLI-03010-100,gmm_2d,prediction_component,199,25,9984.0,2.5060120224403912e-05,7.102621534903521e-08,1.7320508075688772,1,8.660254037844387,0.19999999999999996,0.9548683406603533,1.0,0,,111,116,181,186,86,91,-7.14858132620955,0.0,0.9999479890581185,True,3,absent,0.5309848428280338
BraTS-GLI-03010-100,gmm_2d,prediction_component,200,59,18944.0,2.2627912155185472e-05,5.790837013292587e-08,1.7320508075688772,1,11.575836902790225,0.14962640041614492,0.71719869927557,1.1666666666666667,0,,112,119,28,34,113,120,-7.237258658382768,0.0,0.9996386965276575,True,3,absent,0.5309848428280338
BraTS-GLI-03010-100,gmm_2d,prediction_component,201,99,28160.0,2.0950105720728346e-05,4.963920429548262e-08,1.7320508075688772,1,13.92838827718412,0.12435400084345173,0.6035479311696947,1.2857142857142858,0,,112,119,52,60,62,71,-7.304175188753703,0.0,0.9989807991635403,True,3,absent,0.5309848428280338
BraTS-GLI-03010-100,gmm_2d,prediction_component,202,67,19712.0,2.4209106834655737e-05,6.628418296176164e-08,2.0,1,11.575836902790225,0.17277368511627203,0.793782032934478,1.1666666666666667,1,,112,119,65,71,61,68,-7.17859009258992,0.6931471805599453,0.9997926589339053,True,3,absent,0.5309848428280338
BraTS-GLI-03010-100,gmm_2d,prediction_component,203,25,9984.0,2.5060120224403912e-05,7.102621534903521e-08,1.7320508075688772,1,8.660254037844387,0.19999999999999996,0.9548683406603533,1.0,0,,112,117,164,169,44,49,-7.14858132620955,0.0,0.9999479890581185,True,3,absent,0.5309848428280338
BraTS-GLI-03010-100,gmm_2d,prediction_component,204,67,18688.0,2.6225909882480565e-05,7.77881606718522e-08,1.7320508075688772,1,11.575836902790225,0.14962640041614492,0.6874354055889139,1.1666666666666667,0,,112,119,173,179,106,113,-7.109086497433842,0.0,0.9997526568799047,True,3,absent,0.5309848428280338
BraTS-GLI-03010-100,gmm_2d,prediction_component,205,110,36352.0,1.587085122768964e-05,2.8487400066665722e-08,1.7320508075688772,1,16.30950643030009,0.1061988488107183,0.5827191206450295,1.375,0,,113,121,37,46,109,120,-7.545347185306847,0.0,0.9963931566740216,True,3,absent,0.5309848428280338
BraTS-GLI-03010-100,gmm_2d,prediction_component,206,117,37632.0,1.6026914189478325e-05,2.905040535998077e-08,1.7320508075688772,1,17.69180601295413,0.09790129997472563,0.5708581554278115,2.3333333333333335,0,,113,127,148,154,121,130,-7.536847803226332,0.0,0.9958181356954856,True,3,absent,0.5309848428280338
BraTS-GLI-03010-100,gmm_2d,prediction_component,207,63,21760.0,1.9626922740371293e-05,4.3566914089582954e-08,1.7320508075688772,1,12.68857754044952,0.136504726557987,0.7016868116919668,2.0,0,,113,123,162,168,50,55,-7.3608432007098425,0.0,0.9992507371939447,True,3,absent,0.5309848428280338
BraTS-GLI-03010-100,gmm_2d,prediction_component,208,50,19968.0,1.772018094802615e-05,3.551310767451761e-08,1.7320508075688772,1,12.449899597988733,0.13912166872805048,0.757879504227687,1.8,0,,114,119,51,60,98,105,-7.449611321873531,0.0,0.9991671253546099,True,3,absent,0.5309848428280338
BraTS-GLI-03010-100,gmm_2d,prediction_component,209,307,85504.0,1.2278879214388136e-05,1.7051784210941002e-08,1.7320508075688772,1,25.514701644346147,0.06788442333021306,0.4138827937618298,1.7272727272727273,0,,114,127,75,86,113,132,-7.768230171954448,0.0,0.9736944579531833,True,3,absent,0.5309848428280338
BraTS-GLI-03010-100,gmm_2d,prediction_component,210,76,24320.0,2.0038639689163165e-05,4.541390490450912e-08,2.23606797749979,1,13.490737563232042,0.16574838603294897,0.8509616882445303,2.2,1,,114,120,82,87,133,144,-7.342811153779088,0.6931471805599453,0.9996418881438522,True,3,absent,0.5309848428280338
BraTS-GLI-03010-100,gmm_2d,prediction_component,211,284,68608.0,1.580360626548229e-05,2.824650865731086e-08,2.23606797749979,1,25.317977802344327,0.08831937506844406,0.5483717732390916,1.6363636363636365,2,,114,132,93,104,119,133,-7.549035224466419,1.0986122886681098,0.9911532361756401,True,3,absent,0.5309848428280338
BraTS-GLI-03010-100,gmm_2d,prediction_component,212,104,32512.0,1.7740579820388594e-05,3.559491771030583e-08,1.7320508075688772,1,15.556349186104045,0.11134044285378082,0.5937164071813201,1.7142857142857142,0,,115,127,167,174,101,108,-7.448612006744438,0.0,0.9977638866955565,True,3,absent,0.5309848428280338
BraTS-GLI-03010-100,gmm_2d,prediction_component,213,50,19968.0,1.772018094802615e-05,3.551310767451761e-08,1.7320508075688772,1,12.449899597988733,0.13912166872805048,0.757879504227687,1.8,0,,117,126,53,58,68,75,-7.449611321873531,0.0,0.9991671253546099,True,3,absent,0.5309848428280338
BraTS-GLI-03010-100,gmm_2d,prediction_component,214,25,9984.0,2.5060120224403912e-05,7.102621534903521e-08,1.7320508075688772,1,8.660254037844387,0.19999999999999996,0.9548683406603533,1.0,0,,117,122,150,155,59,64,-7.14858132620955,0.0,0.9999479890581185,True,3,absent,0.5309848428280338
BraTS-GLI-03010-100,gmm_2d,prediction_component,215,202,46080.0,2.0421266070554718e-05,4.7164767847045674e-08,2.449489742783178,1,18.05547008526779,0.13566468949384036,0.6729581211309336,2.0,1,,117,131,160,167,59,68,-7.326382298890798,0.6931471805599453,0.9990123125519544,True,3,absent,0.5309848428280338
BraTS-GLI-03010-100,gmm_2d,prediction_component,216,222,57088.0,1.6275552184839454e-05,2.9958760236763185e-08,2.23606797749979,1,21.79449471770337,0.10259783520851541,0.595292229708639,1.6666666666666667,1,,118,127,43,58,97,110,-7.5234761627173325,0.6931471805599453,0.9954158808848868,True,3,absent,0.5309848428280338
BraTS-GLI-03010-100,gmm_2d,prediction_component,217,38,12544.0,2.7047649416909622e-05,8.273922157753891e-08,1.7320508075688772,1,9.273618495495704,0.18677184190940707,0.8304795924748166,1.2,0,,118,123,104,110,141,146,-7.082288569326049,0.0,0.9999244487787192,True,3,absent,0.5309848428280338
BraTS-GLI-03010-100,gmm_2d,prediction_component,218,237,60672.0,1.585863775541091e-05,2.8443571769042493e-08,2.23606797749979,1,21.6794833886788,0.10314212462587934,0.5824586374531712,1.8888888888888888,1,,118,135,149,158,116,126,-7.546015868484232,0.6931471805599453,0.994865124042436,True,3,absent,0.5309848428280338
BraTS-GLI-03010-100,gmm_2d,prediction_component,219,82,24832.0,2.0955416786041388e-05,4.9664375574039e-08,1.7320508075688772,1,14.45683229480096,0.11980845957463075,0.6426663285123421,1.125,0,,120,129,31,39,70,78,-7.303955020505429,0.0,0.9990260567124777,True,3,absent,0.5309848428280338
BraTS-GLI-03010-100,gmm_2d,prediction_component,220,69,19712.0,2.493176674016785e-05,7.030051126775389e-08,1.7320508075688772,1,11.661903789690601,0.14852213144650114,0.6807282909996718,1.3333333333333333,0,,120,126,34,40,80,88,-7.153041516517063,0.0,0.9996972891138309,True,3,absent,0.5309848428280338
BraTS-GLI-03010-100,gmm_2d,prediction_component,221,300,73984.0,1.490783380826379e-05,2.5135148690146733e-08,2.23606797749979,1,26.248809496813376,0.0851874054619982,0.5384443039323213,2.5,1,,120,140,117,125,115,130,-7.599718541304446,0.6931471805599453,0.9902613968017522,True,3,absent,0.5309848428280338
BraTS-GLI-03010-100,gmm_2d,prediction_component,222,618,145920.0,1.1087056063436636e-05,1.3902242530353683e-08,2.449489742783178,1,32.4037034920393,0.07559289460184544,0.4635632545477317,1.9230769230769231,2,,121,137,141,166,100,113,-7.85691513931397,1.0986122886681098,0.9568516246996529,True,3,absent,0.5309848428280338
BraTS-GLI-03010-100,gmm_2d,prediction_component,223,38,12544.0,2.7047649416909622e-05,8.273922157753891e-08,1.7320508075688772,1,9.273618495495704,0.18677184190940707,0.8304795924748166,1.2,0,,121,127,166,171,108,113,-7.082288569326049,0.0,0.9999244487787192,True,3,absent,0.5309848428280338
BraTS-GLI-03010-100,gmm_2d,prediction_component,224,260,62464.0,1.6654387318371857e-05,3.136965153651239e-08,2.23606797749979,1,22.045407685048602,0.10143010324169743,0.5647506714578179,1.2727272727272727,2,,122,136,71,82,50,63,-7.50349030554868,1.0986122886681098,0.9943105684102193,True,3,absent,0.5309848428280338
BraTS-GLI-03010-100,gmm_2d,prediction_component,225,459,112640.0,1.2141538542694837e-05,1.667246518240577e-08,2.23606797749979,1,35.12833614050059,0.06365425246889946,0.4672797670831016,1.8666666666666667,3,,123,151,78,93,54,69,-7.778000180858167,1.3862943611198906,0.9557360566131313,True,3,absent,0.5309848428280338
BraTS-GLI-03010-100,gmm_2d,prediction_component,226,146,41472.0,1.7287030013093833e-05,3.379816684059275e-08,1.7320508075688772,1,16.30950643030009,0.1061988488107183,0.5302400713750502,1.375,0,,123,132,123,134,130,138,-7.471106854533146,0.0,0.9967642866686585,True,3,absent,0.5309848428280338
BraTS-GLI-03010-100,gmm_2d,prediction_component,227,341,69376.0,1.8661239844984073e-05,3.9385227905344166e-08,2.449489742783178,1,23.366642891095847,0.10482848367219182,0.5651803256126944,1.4545454545454546,1,,123,136,131,142,47,63,-7.404666637112349,0.6931471805599453,0.9968661319438611,True,3,absent,0.5309848428280338
BraTS-GLI-03010-100,gmm_2d,prediction_component,228,217,59392.0,1.499228427784876e-05,2.542072839851989e-08,2.23606797749979,1,21.6794833886788,0.10314212462587934,0.5998296931169057,2.142857142857143,1,,123,137,148,163,58,65,-7.594812009449767,0.6931471805599453,0.9941833599990387,True,3,absent,0.5309848428280338
BraTS-GLI-03010-100,gmm_2d,prediction_component,229,157,40704.0,1.9118068702975846e-05,4.133713844484235e-08,2.23606797749979,1,17.60681686165901,0.1270001270001905,0.6681613053872358,2.5,2,,123,130,157,172,93,99,-7.383659590617015,1.0986122886681098,0.9982893712286743,True,3,absent,0.5309848428280338
BraTS-GLI-03010-100,gmm_2d,prediction_component,230,153,39936.0,1.9170991971668992e-05,4.156631687763913e-08,2.23606797749979,1,17.97220075561143,0.12441815044835988,0.6739340432889492,2.142857142857143,1,,124,131,94,101,40,55,-7.381258455902315,0.6931471805599453,0.9985382318312959,True,3,absent,0.5309848428280338
BraTS-GLI-03010-100,gmm_2d,prediction_component,231,237,54016.0,1.8878379626487856e-05,4.0307123279785366e-08,2.23606797749979,1,19.209372712298546,0.1164050492949297,0.5824586374531712,1.3333333333333333,1,,124,136,101,110,50,62,-7.394618196346998,0.6931471805599453,0.9976537281957414,True,3,absent,0.5309848428280338
BraTS-GLI-03010-100,gmm_2d,prediction_component,232,25,9984.0,2.5060120224403912e-05,7.102621534903521e-08,1.7320508075688772,1,8.660254037844387,0.19999999999999996,0.9548683406603533,1.0,0,,124,129,105,110,118,123,-7.14858132620955,0.0,0.9999479890581185,True,3,absent,0.5309848428280338
BraTS-GLI-03010-100,gmm_2d,prediction_component,233,25,9984.0,2.5060120224403912e-05,7.102621534903521e-08,1.7320508075688772,1,8.660254037844387,0.19999999999999996,0.9548683406603533,1.0,0,,124,129,164,169,99,104,-7.14858132620955,0.0,0.9999479890581185,True,3,absent,0.5309848428280338
BraTS-GLI-03010-100,gmm_2d,prediction_component,234,25,9984.0,2.5060120224403912e-05,7.102621534903521e-08,1.7320508075688772,1,8.660254037844387,0.19999999999999996,0.9548683406603533,1.0,0,,125,130,85,90,120,125,-7.14858132620955,0.0,0.9999479890581185,True,3,absent,0.5309848428280338
BraTS-GLI-03010-100,gmm_2d,prediction_component,235,382,81408.0,1.6446092741435186e-05,3.058988493663625e-08,2.449489742783178,1,26.38181191654584,0.09284766908852592,0.5441901884228784,2.0,2,,125,145,85,99,107,117,-7.514422156604008,1.0986122886681098,0.9926895250870892,True,3,absent,0.5309848428280338
BraTS-GLI-03010-100,gmm_2d,prediction_component,236,108,29952.0,2.0834592706776936e-05,4.9093320049253144e-08,2.23606797749979,1,14.798648586948742,0.15109947130387485,0.7569025239703049,1.5714285714285714,1,,125,132,105,112,38,49,-7.308977596738713,0.6931471805599453,0.9994538383827366,True,3,absent,0.5309848428280338
BraTS-GLI-03010-100,gmm_2d,prediction_component,237,25,9984.0,2.5060120224403912e-05,7.102621534903521e-08,1.7320508075688772,1,8.660254037844387,0.19999999999999996,0.9548683406603533,1.0,0,,125,130,136,141,44,49,-7.14858132620955,0.0,0.9999479890581185,True,3,absent,0.5309848428280338
BraTS-GLI-03010-100,gmm_2d,prediction_component,238,25,9984.0,2.5060120224403912e-05,7.102621534903521e-08,1.7320508075688772,1,8.660254037844387,0.19999999999999996,0.9548683406603533,1.0,0,,125,130,168,173,61,66,-7.14858132620955,0.0,0.9999479890581185,True,3,absent,0.5309848428280338
BraTS-GLI-03010-100,gmm_2d,prediction_component,239,25,9984.0,2.5060120224403912e-05,7.102621534903521e-08,1.7320508075688772,1,8.660254037844387,0.19999999999999996,0.9548683406603533,1.0,0,,126,131,36,41,68,73,-7.14858132620955,0.0,0.9999479890581185,True,3,absent,0.5309848428280338
BraTS-GLI-03010-100,gmm_2d,prediction_component,240,127,29696.0,2.481742906082215e-05,6.965719014457342e-08,2.23606797749979,1,15.0996688705415,0.1480872194397731,0.7171004003270584,1.25,1,,126,134,38,46,102,112,-7.157034048242969,0.6931471805599453,0.9996277058371804,True,3,absent,0.5309848428280338
BraTS-GLI-03010-100,gmm_2d,prediction_component,241,85,24064.0,2.2770218462225066e-05,5.8639028718860096e-08,1.7320508075688772,1,12.727922061357855,0.13608276348795434,0.6350148115649618,1.1428571428571428,0,,126,133,48,56,54,61,-7.231813231844638,0.0,0.9994216748562439,True,3,absent,0.5309848428280338
BraTS-GLI-03010-100,gmm_2d,prediction_component,242,133,31744.0,2.351576791043294e-05,6.254184717194081e-08,2.23606797749979,1,14.52583904633395,0.15393726795176982,0.7061505877834446,1.2857142857142858,1,,126,135,64,71,126,135,-7.203829296026661,0.6931471805599453,0.9995859588552982,True,3,absent,0.5309848428280338
BraTS-GLI-03010-100,gmm_2d,prediction_component,243,51,15104.0,2.7474652658327337e-05,8.537226323330647e-08,2.23606797749979,1,9.9498743710662,0.22473328748774737,0.9719810843490212,1.4,1,,126,131,158,165,69,74,-7.068683205204687,0.6931471805599453,0.9999676340917235,True,3,absent,0.5309848428280338
BraTS-GLI-03010-100,gmm_2d,prediction_component,244,168,36608.0,2.3985306777410548e-05,6.506432499390122e-08,2.449489742783178,1,14.594519519326424,0.16783627165933782,0.7155973677376802,1.4285714285714286,1,,127,137,69,76,62,70,-7.186657071417588,0.6931471805599453,0.9997028438536223,True,3,absent,0.5309848428280338
BraTS-GLI-03010-100,gmm_2d,prediction_component,245,188,42496.0,2.1460299032966423e-05,5.2086348444305745e-08,2.449489742783178,1,17.378147196982766,0.14095229572048187,0.6892644483358384,1.2222222222222223,2,,127,138,69,79,122,131,-7.283276088066933,1.0986122886681098,0.999129211033115,True,3,absent,0.5309848428280338
BraTS-GLI-03010-100,gmm_2d,prediction_component,246,399,87552.0,1.5401881889042668e-05,2.6828719863051536e-08,2.8284271247461903,1,28.722813232690143,0.0984731927834662,0.619322556771196,2.3,2,,127,150,70,80,109,123,-7.5714000492690365,1.0986122886681098,0.9935266618218551,True,3,absent,0.5309848428280338
BraTS-GLI-03010-100,gmm_2d,prediction_component,247,798,181504.0,1.0319854889881325e-05,1.2044798935091032e-08,2.449489742783178,1,38.50973902793941,0.0636070200581218,0.4257005368275562,1.8,5,,127,150,100,127,102,117,-7.919200445321868,1.791759469228055,0.9042734139711334,True,3,absent,0.5309848428280338
BraTS-GLI-03010-100,gmm_2d,prediction_component,248,97,29184.0,1.9456042635396175e-05,4.281159339557667e-08,2.23606797749979,1,15.297058540778355,0.14617633655117154,0.7844958078723004,1.5714285714285714,1,,127,134,136,144,122,133,-7.368438607951056,0.6931471805599453,0.9993214379487323,True,3,absent,0.5309848428280338
BraTS-GLI-03010-100,gmm_2d,prediction_component,249,25,9984.0,2.5060120224403912e-05,7.102621534903521e-08,1.7320508075688772,1,8.660254037844387,0.19999999999999996,0.9548683406603533,1.0,0,,128,133,104,109,114,119,-7.14858132620955,0.0,0.9999479890581185,True,3,absent,0.5309848428280338
BraTS-GLI-03010-100,gmm_2d,prediction_component,250,118,29440.0,2.3360132339579874e-05,6.17167390580942e-08,2.23606797749979,1,14.352700094407323,0.15579423821243896,0.7348869514344235,1.8333333333333333,1,,128,139,115,121,60,67,-7.209597028922712,0.6931471805599453,0.9996256617018614,True,3,absent,0.5309848428280338
BraTS-GLI-03010-100,gmm_2d,prediction_component,251,25,9984.0,2.5060120224403912e-05,7.102621534903521e-08,1.7320508075688772,1,8.660254037844387,0.19999999999999996,0.9548683406603533,1.0,0,,129,134,68,73,109,114,-7.14858132620955,0.0,0.9999479890581185,True,3,absent,0.5309848428280338
BraTS-GLI-03010-100,gmm_2d,prediction_component,252,214,53760.0,1.7168204717641347e-05,3.3335128994515884e-08,2.23606797749979,1,19.235384061671343,0.1162476387438193,0.6026196388106164,1.875,2,,129,144,88,97,44,52,-7.477097859977504,1.0986122886681098,0.9964393433394108,True,3,absent,0.5309848428280338
BraTS-GLI-03010-100,gmm_2d,prediction_component,253,108,32512.0,1.8422909813480462e-05,3.838564350711975e-08,1.7320508075688772,1,16.0312195418814,0.10804236090984295,0.5862941740078701,1.7142857142857142,0,,129,141,101,108,66,74,-7.4158311743680985,0.0,0.9978532198368875,True,3,absent,0.5309848428280338
BraTS-GLI-03010-100,gmm_2d,prediction_component,254,221,60160.0,1.4977196657331567e-05,2.536958938492763e-08,2.23606797749979,1,22.090722034374522,0.1012220412723645,0.596188755505565,2.25,1,,129,139,105,113,120,138,-7.595686561919115,0.6931471805599453,0.993901215242552,True,3,absent,0.5309848428280338
BraTS-GLI-03010-100,gmm_2d,prediction_component,255,38,12544.0,2.7047649416909622e-05,8.273922157753891e-08,1.7320508075688772,1,9.273618495495704,0.18677184190940707,0.8304795924748166,1.2,0,,129,134,125,130,40,46,-7.082288569326049,0.0,0.9999244487787192,True,3,absent,0.5309848428280338
BraTS-GLI-03010-100,gmm_2d,prediction_component,256,95,26112.0,2.2514556665226733e-05,5.7329634478913865e-08,1.7320508075688772,1,13.30413469565007,0.13018891098082386,0.6119025955310512,1.1428571428571428,0,,129,137,128,136,102,109,-7.241620827182185,0.0,0.9992866386581262,True,3,absent,0.5309848428280338
BraTS-GLI-03010-100,gmm_2d,prediction_component,257,100,28928.0,2.0324617766169397e-05,4.671938821179247e-08,1.7320508075688772,1,13.92838827718412,0.12435400084345173,0.6015293611380839,1.2857142857142858,0,,130,139,133,140,62,70,-7.330502852924386,0.0,0.9988699151088523,True,3,absent,0.5309848428280338
BraTS-GLI-03010-100,gmm_2d,prediction_component,258,80,23040.0,2.287527242598654e-05,5.91813575573164e-08,1.7320508075688772,1,12.206555615733702,0.14189513095212064,0.6479778613543024,1.3333333333333333,0,,131,139,79,86,67,73,-7.2278150768082154,0.0,0.9995048296718005,True,3,absent,0.5309848428280338
BraTS-GLI-03010-100,gmm_2d,prediction_component,259,25,9984.0,2.5060120224403912e-05,7.102621534903521e-08,1.7320508075688772,1,8.660254037844387,0.19999999999999996,0.9548683406603533,1.0,0,,131,136,81,86,105,110,-7.14858132620955,0.0,0.9999479890581185,True,3,absent,0.5309848428280338
BraTS-GLI-03010-100,gmm_2d,prediction_component,260,373,96000.0,1.2540128369230612e-05,1.778510108647845e-08,2.449489742783178,1,29.5296461204668,0.08295018954139964,0.5485323149700677,2.4,2,,131,145,80,104,126,136,-7.749943662039909,1.0986122886681098,0.9798945106018654,True,3,absent,0.5309848428280338
BraTS-GLI-03010-100,gmm_2d,prediction_component,261,38,12544.0,2.7047649416909622e-05,8.273922157753891e-08,1.7320508075688772,1,9.273618495495704,0.18677184190940707,0.8304795924748166,1.2,0,,131,136,113,119,117,122,-7.082288569326049,0.0,0.9999244487787192,True,3,absent,0.5309848428280338
BraTS-GLI-03010-100,gmm_2d,prediction_component,262,158,38144.0,2.1208880073210794e-05,5.087305825369234e-08,2.23606797749979,1,16.24807680927192,0.13762047064079508,0.6667486979908527,1.25,1,,131,141,123,133,63,71,-7.293512153802104,0.6931471805599453,0.9991371846640821,True,3,absent,0.5309848428280338
BraTS-GLI-03010-100,gmm_2d,prediction_component,263,71,22272.0,2.1360898766804574e-05,5.160495659578642e-08,1.7320508075688772,1,12.727922061357855,0.13608276348795434,0.6742755017744779,1.1428571428571428,0,,132,140,75,82,73,80,-7.287308582891833,0.0,0.9993726954874937,True,3,absent,0.5309848428280338
BraTS-GLI-03010-100,gmm_2d,prediction_component,264,25,9984.0,2.5060120224403912e-05,7.102621534903521e-08,1.7320508075688772,1,8.660254037844387,0.19999999999999996,0.9548683406603533,1.0,0,,132,137,135,140,94,99,-7.14858132620955,0.0,0.9999479890581185,True,3,absent,0.5309848428280338
BraTS-GLI-03010-100,gmm_2d,prediction_component,265,107,36352.0,1.543800983057083e-05,2.6954730856467427e-08,1.7320508075688772,1,17.578395831246947,0.0985329278164293,0.5881149750574316,2.0,0,,132,140,136,143,104,118,-7.569365000252878,0.0,0.9955834033965163,True,3,absent,0.5309848428280338
BraTS-GLI-03010-100,gmm_2d,prediction_component,266,59,18176.0,2.4077120183702874e-05,6.556339810384356e-08,1.7320508075688772,1,11.180339887498949,0.15491933384829665,0.71719869927557,1.6,0,,133,141,75,80,95,101,-7.183338545347065,0.0,0.999729551633257,True,3,absent,0.5309848428280338
BraTS-GLI-03010-100,gmm_2d,prediction_component,267,143,36352.0,2.063210659599653e-05,4.814370611266508e-08,2.23606797749979,1,15.588457268119896,0.14344382763731173,0.6892908700439305,1.0,1,,133,142,92,101,64,73,-7.317460480693174,0.6931471805599453,0.9992054988436072,True,3,absent,0.5309848428280338
BraTS-GLI-03010-100,gmm_2d,prediction_component,268,25,9984.0,2.5060120224403912e-05,7.102621534903521e-08,1.7320508075688772,1,8.660254037844387,0.19999999999999996,0.9548683406603533,1.0,0,,133,138,130,135,119,124,-7.14858132620955,0.0,0.9999479890581185,True,3,absent,0.5309848428280338
BraTS-GLI-03010-100,gmm_2d,prediction_component,269,25,9984.0,2.5060120224403912e-05,7.102621534903521e-08,1.7320508075688772,1,8.660254037844387,0.19999999999999996,0.9548683406603533,1.0,0,,134,139,49,54,113,118,-7.14858132620955,0.0,0.9999479890581185,True,3,absent,0.5309848428280338
BraTS-GLI-03010-100,gmm_2d,prediction_component,270,25,9984.0,2.5060120224403912e-05,7.102621534903521e-08,1.7320508075688772,1,8.660254037844387,0.19999999999999996,0.9548683406603533,1.0,0,,134,139,55,60,84,89,-7.14858132620955,0.0,0.9999479890581185,True,3,absent,0.5309848428280338
BraTS-GLI-03010-100,gmm_2d,prediction_component,271,60,18432.0,2.3976873819530824e-05,6.501858130076264e-08,1.7320508075688772,1,11.0,0.15745916432444337,0.7131919190287451,1.1666666666666667,0,,134,140,60,66,124,131,-7.186962511000646,0.0,0.9997342995258149,True,3,absent,0.5309848428280338
BraTS-GLI-03010-100,gmm_2d,prediction_component,272,63,23808.0,1.7149686231523227e-05,3.326325389754192e-08,1.7320508075688772,1,12.884098726725126,0.13443321448446624,0.7016868116919668,1.5,0,,134,141,76,85,40,46,-7.478035269228769,0.0,0.9988045947648342,True,3,absent,0.5309848428280338
BraTS-GLI-03010-100,gmm_2d,prediction_component,273,25,9984.0,2.5060120224403912e-05,7.102621534903521e-08,1.7320508075688772,1,8.660254037844387,0.19999999999999996,0.9548683406603533,1.0,0,,134,139,104,109,40,45,-7.14858132620955,0.0,0.9999479890581185,True,3,absent,0.5309848428280338
BraTS-GLI-03010-100,gmm_2d,prediction_component,274,51,17664.0,2.1723839827382773e-05,5.337348459431324e-08,1.7320508075688772,1,11.0,0.15745916432444337,0.7528933105024771,1.1666666666666667,0,,135,141,49,55,69,76,-7.272674442490021,0.0,0.9996782869017035,True,3,absent,0.5309848428280338
BraTS-GLI-03010-100,gmm_2d,prediction_component,275,63,22528.0,1.8631876346107425e-05,3.926137994703396e-08,1.7320508075688772,1,12.884098726725126,0.13443321448446624,0.7016868116919668,1.5,0,,135,142,54,60,54,63,-7.4060344400174705,0.0,0.9990829990102607,True,3,absent,0.5309848428280338
BraTS-GLI-03010-100,gmm_2d,prediction_component,276,83,21504.0,2.6320807886886403e-05,7.835212943107065e-08,1.7320508075688772,1,12.206555615733702,0.14189513095212064,0.6400749038798939,1.3333333333333333,0,,135,141,122,129,94,102,-7.105949195907625,0.0,0.9996760292844693,True,3,absent,0.5309848428280338
BraTS-GLI-03010-100,gmm_2d,prediction_component,277,122,34304.0,1.9201832862225602e-05,4.17001621558634e-08,2.23606797749979,1,15.84297951775486,0.14113935923440918,0.7267659888814358,1.5714285714285714,1,,135,144,142,153,109,116,-7.379862256219054,0.6931471805599453,0.9990751817492142,True,3,absent,0.5309848428280338
BraTS-GLI-03010-100,gmm_2d,prediction_component,278,131,31488.0,2.3445185892529224e-05,6.216697487002756e-08,2.23606797749979,1,15.165750888103101,0.14744195615489714,0.7097260947541109,1.4285714285714286,1,,136,146,103,110,54,63,-7.206440265480793,0.6931471805599453,0.999537821547474,True,3,absent,0.5309848428280338
BraTS-GLI-03010-100,gmm_2d,prediction_component,279,38,13824.0,2.3379381024587062e-05,6.181848980958109e-08,1.7320508075688772,1,9.848857801796104,0.17586311452816475,0.8304795924748166,1.2,0,,137,143,102,107,43,49,-7.2088816087094125,0.0,0.9998546895173824,True,3,absent,0.5309848428280338
BraTS-GLI-03010-100,gmm_2d,prediction_component,280,160,39936.0,2.004809617952313e-05,4.5456777823382536e-08,2.23606797749979,1,17.0,0.1315334104411641,0.6639589218561781,1.5,1,,137,145,132,141,51,63,-7.342401352225663,0.6931471805599453,0.998843106849111,True,3,absent,0.5309848428280338
BraTS-GLI-03010-100,gmm_2d,prediction_component,281,25,9984.0,2.5060120224403912e-05,7.102621534903521e-08,1.7320508075688772,1,8.660254037844387,0.19999999999999996,0.9548683406603533,1.0,0,,138,143,150,155,70,75,-7.14858132620955,0.0,0.9999479890581185,True,3,absent,0.5309848428280338
BraTS-GLI-03010-100,gmm_2d,prediction_component,282,81,23552.0,2.241007602674807e-05,5.67987833731546e-08,1.7320508075688772,1,12.806248474865697,0.13525044520011484,0.6453002363415847,1.3333333333333333,0,,138,144,148,156,102,110,-7.245660966753494,0.0,0.9994022423181883,True,3,absent,0.5309848428280338
BraTS-GLI-03010-100,gmm_2d,prediction_component,283,38,13824.0,2.3379381024587062e-05,6.181848980958109e-08,1.7320508075688772,1,9.848857801796104,0.17586311452816475,0.8304795924748166,1.2,0,,139,145,99,104,64,70,-7.2088816087094125,0.0,0.9998546895173824,True,3,absent,0.5309848428280338
BraTS-GLI-03010-100,gmm_2d,prediction_component,284,47,14592.0,2.6664020003279646e-05,8.040880842667987e-08,1.7320508075688772,1,9.848857801796104,0.17586311452816475,0.7736731845058752,1.2,0,,140,146,89,95,74,79,-7.094696373620167,0.0,0.9998859902162935,True,3,absent,0.5309848428280338
BraTS-GLI-03010-100,gmm_2d,prediction_component,285,25,9984.0,2.5060120224403912e-05,7.102621534903521e-08,1.7320508075688772,1,8.660254037844387,0.19999999999999996,0.9548683406603533,1.0,0,,141,146,58,63,73,78,-7.14858132620955,0.0,0.9999479890581185,True,3,absent,0.5309848428280338
BraTS-GLI-03010-100,gmm_2d,prediction_component,286,115,35584.0,1.713230084328572e-05,3.319584724601819e-08,1.7320508075688772,1,15.556349186104045,0.11134044285378082,0.5741484768241579,1.7142857142857142,0,,142,149,108,115,57,69,-7.4789162425291895,0.0,0.9973423553299078,True,3,absent,0.5309848428280338
BraTS-GLI-03010-100,gmm_2d,prediction_component,287,75,27904.0,1.6090204673072487e-05,2.9280299216932418e-08,1.7320508075688772,1,14.798648586948742,0.11704114719613055,0.6620687295173385,1.5714285714285714,0,,142,149,108,115,68,79,-7.533424489512599,0.0,0.9977635905261136,True,3,absent,0.5309848428280338
BraTS-GLI-03010-100,gmm_2d,prediction_component,288,25,9984.0,2.5060120224403912e-05,7.102621534903521e-08,1.7320508075688772,1,8.660254037844387,0.19999999999999996,0.9548683406603533,1.0,0,,142,147,113,118,108,113,-7.14858132620955,0.0,0.9999479890581185,True,3,absent,0.5309848428280338
BraTS-GLI-03010-100,gmm_2d,prediction_component,289,25,9984.0,2.5060120224403912e-05,7.102621534903521e-08,1.7320508075688772,1,8.660254037844387,0.19999999999999996,0.9548683406603533,1.0,0,,142,147,135,140,89,94,-7.14858132620955,0.0,0.9999479890581185,True,3,absent,0.5309848428280338
BraTS-GLI-03010-100,gmm_2d,prediction_component,290,25,9984.0,2.5060120224403912e-05,7.102621534903521e-08,1.7320508075688772,1,8.660254037844387,0.19999999999999996,0.9548683406603533,1.0,0,,142,147,138,143,95,100,-7.14858132620955,0.0,0.9999479890581185,True,3,absent,0.5309848428280338
BraTS-GLI-03010-100,gmm_2d,prediction_component,291,38,13824.0,2.3379381024587062e-05,6.181848980958109e-08,1.7320508075688772,1,9.848857801796104,0.17586311452816475,0.8304795924748166,1.2,0,,143,149,64,70,80,85,-7.2088816087094125,0.0,0.9998546895173824,True,3,absent,0.5309848428280338
BraTS-GLI-03010-100,gmm_2d,prediction_component,292,25,9984.0,2.5060120224403912e-05,7.102621534903521e-08,1.7320508075688772,1,8.660254037844387,0.19999999999999996,0.9548683406603533,1.0,0,,143,148,124,129,109,114,-7.14858132620955,0.0,0.9999479890581185,True,3,absent,0.5309848428280338
BraTS-GLI-03010-100,gmm_2d,prediction_component,293,51,16384.0,2.4318695068359375e-05,6.688564319836902e-08,1.7320508075688772,1,10.488088481701515,0.1651445647689541,0.7528933105024771,1.4,0,,143,149,137,142,103,110,-7.1746670922299165,0.0,0.999803546768943,True,3,absent,0.5309848428280338
BraTS-GLI-03010-100,gmm_2d,prediction_component,294,25,9984.0,2.5060120224403912e-05,7.102621534903521e-08,1.7320508075688772,1,8.660254037844387,0.19999999999999996,0.9548683406603533,1.0,0,,144,149,102,107,92,97,-7.14858132620955,0.0,0.9999479890581185,True,3,absent,0.5309848428280338
BraTS-GLI-03010-100,gmm_2d,prediction_component,295,51,17664.0,2.1723839827382773e-05,5.337348459431324e-08,1.7320508075688772,1,11.090536506409418,0.15617376188860604,0.7528933105024771,1.4,0,,144,149,142,149,91,98,-7.272674442490021,0.0,0.9996711030560619,True,3,absent,0.5309848428280338
BraTS-GLI-03010-100,gmm_2d,prediction_component,296,38,12544.0,2.7047649416909622e-05,8.273922157753891e-08,1.7320508075688772,1,9.273618495495704,0.18677184190940707,0.8304795924748166,1.2,0,,145,150,103,108,71,77,-7.082288569326049,0.0,0.9999244487787192,True,3,absent,0.5309848428280338
BraTS-GLI-03010-100,gmm_2d,prediction_component,297,96,26112.0,2.275155199854491e-05,5.8542926466223835e-08,2.23606797749979,1,13.45362404707371,0.1662056238286334,0.7872103478688935,1.5,1,,146,152,81,89,90,99,-7.2325255716807435,0.6931471805599453,0.999710947406818,True,3,absent,0.5309848428280338
BraTS-GLI-03010-100,gmm_2d,prediction_component,298,25,9984.0,2.5060120224403912e-05,7.102621534903521e-08,1.7320508075688772,1,8.660254037844387,0.19999999999999996,0.9548683406603533,1.0,0,,146,151,98,103,63,68,-7.14858132620955,0.0,0.9999479890581185,True,3,absent,0.5309848428280338
BraTS-GLI-03010-100,gmm_2d,prediction_component,299,38,12544.0,2.7047649416909622e-05,8.273922157753891e-08,1.7320508075688772,1,9.273618495495704,0.18677184190940707,0.8304795924748166,1.2,0,,148,153,81,86,101,107,-7.082288569326049,0.0,0.9999244487787192,True,3,absent,0.5309848428280338
BraTS-GLI-03010-100,gmm_2d,prediction_component,300,25,9984.0,2.5060120224403912e-05,7.102621534903521e-08,1.7320508075688772,1,8.660254037844387,0.19999999999999996,0.9548683406603533,1.0,0,,149,154,91,96,92,97,-7.14858132620955,0.0,0.9999479890581185,True,3,absent,0.5309848428280338
BraTS-GLI-03010-100,variational_spline,prediction_component,1,21903,3705856.0,3.070229169760953e-06,1.0660902230937925e-09,4.47213595499958,2,196.3873723028036,0.022772013814127173,0.25765782310549473,1.446808510638298,22,,38,132,17,123,24,160,-8.972206039461712,3.1354942159291497,0.030926631987691605,False,3,absent,0.5309848428280338
